t_ms,profile,controller,ref_rpm,meas_rpm,pwm_cmd,dir,enc_count,integrator
0,P1,CASC,0.00,0.00,0,N,0,0.0000
10,P1,CASC,0.00,0.00,0,N,0,0.0000
20,P1,CASC,0.00,0.00,0,N,0,0.0000
30,P1,CASC,0.00,0.00,0,N,0,0.0000
40,P1,CASC,0.00,0.00,0,N,0,0.0000
50,P1,CASC,0.00,0.00,0,N,0,0.0000
60,P1,CASC,0.00,0.00,0,N,0,0.0000
70,P1,CASC,0.00,0.00,0,N,0,0.0000
80,P1,CASC,0.00,0.00,0,N,0,0.0000
90,P1,CASC,0.00,0.00,0,N,0,0.0000
100,P1,CASC,0.00,0.00,0,N,0,0.0000
110,P1,CASC,0.00,0.00,0,N,0,0.0000
120,P1,CASC,0.00,0.00,0,N,0,0.0000
130,P1,CASC,0.00,0.00,0,N,0,0.0000
140,P1,CASC,0.00,0.00,0,N,0,0.0000
150,P1,CASC,0.00,0.00,0,N,0,0.0000
160,P1,CASC,0.00,0.00,0,N,0,0.0000
170,P1,CASC,0.00,0.00,0,N,0,0.0000
180,P1,CASC,0.00,0.00,0,N,0,0.0000
190,P1,CASC,0.00,0.00,0,N,0,0.0000
200,P1,CASC,0.00,0.00,0,N,0,0.0000
210,P1,CASC,0.00,0.00,0,N,0,0.0000
220,P1,CASC,0.00,0.00,0,N,0,0.0000
230,P1,CASC,0.00,0.00,0,N,0,0.0000
240,P1,CASC,0.00,0.00,0,N,0,0.0000
250,P1,CASC,0.00,0.00,0,N,0,0.0000
260,P1,CASC,0.00,0.00,0,N,0,0.0000
270,P1,CASC,0.00,0.00,0,N,0,0.0000
280,P1,CASC,0.00,0.00,0,N,0,0.0000
290,P1,CASC,0.00,0.00,0,N,0,0.0000
300,P1,CASC,0.00,0.00,0,N,0,0.0000
310,P1,CASC,0.00,0.00,0,N,0,0.0000
320,P1,CASC,0.00,0.00,0,N,0,0.0000
330,P1,CASC,0.00,0.00,0,N,0,0.0000
340,P1,CASC,0.00,0.00,0,N,0,0.0000
350,P1,CASC,0.00,0.00,0,N,0,0.0000
360,P1,CASC,0.00,0.00,0,N,0,0.0000
370,P1,CASC,0.00,0.00,0,N,0,0.0000
380,P1,CASC,0.00,0.00,0,N,0,0.0000
390,P1,CASC,0.00,0.00,0,N,0,0.0000
400,P1,CASC,0.00,0.00,0,N,0,0.0000
410,P1,CASC,0.00,0.00,0,N,0,0.0000
420,P1,CASC,0.00,0.00,0,N,0,0.0000
430,P1,CASC,0.00,0.00,0,N,0,0.0000
440,P1,CASC,0.00,0.00,0,N,0,0.0000
450,P1,CASC,0.00,0.00,0,N,0,0.0000
460,P1,CASC,0.00,0.00,0,N,0,0.0000
470,P1,CASC,0.00,0.00,0,N,0,0.0000
480,P1,CASC,0.00,0.00,0,N,0,0.0000
490,P1,CASC,0.00,0.00,0,N,0,0.0000
500,P1,CASC,0.00,0.00,0,N,0,0.0000
510,P1,CASC,0.00,0.00,0,N,0,0.0000
520,P1,CASC,0.00,0.00,0,N,0,0.0000
530,P1,CASC,0.00,0.00,0,N,0,0.0000
540,P1,CASC,0.00,0.00,0,N,0,0.0000
550,P1,CASC,0.00,0.00,0,N,0,0.0000
560,P1,CASC,0.00,0.00,0,N,0,0.0000
570,P1,CASC,0.00,0.00,0,N,0,0.0000
580,P1,CASC,0.00,0.00,0,N,0,0.0000
590,P1,CASC,0.00,0.00,0,N,0,0.0000
600,P1,CASC,0.00,0.00,0,N,0,0.0000
610,P1,CASC,0.00,0.00,0,N,0,0.0000
620,P1,CASC,0.00,0.00,0,N,0,0.0000
630,P1,CASC,0.00,0.00,0,N,0,0.0000
640,P1,CASC,0.00,0.00,0,N,0,0.0000
650,P1,CASC,0.00,0.00,0,N,0,0.0000
660,P1,CASC,0.00,0.00,0,N,0,0.0000
670,P1,CASC,0.00,0.00,0,N,0,0.0000
680,P1,CASC,0.00,0.00,0,N,0,0.0000
690,P1,CASC,0.00,0.00,0,N,0,0.0000
700,P1,CASC,0.00,0.00,0,N,0,0.0000
710,P1,CASC,0.00,0.00,0,N,0,0.0000
720,P1,CASC,0.00,0.00,0,N,0,0.0000
730,P1,CASC,0.00,0.00,0,N,0,0.0000
740,P1,CASC,0.00,0.00,0,N,0,0.0000
750,P1,CASC,0.00,0.00,0,N,0,0.0000
760,P1,CASC,0.00,0.00,0,N,0,0.0000
770,P1,CASC,0.00,0.00,0,N,0,0.0000
780,P1,CASC,0.00,0.00,0,N,0,0.0000
790,P1,CASC,0.00,0.00,0,N,0,0.0000
800,P1,CASC,0.00,0.00,0,N,0,0.0000
810,P1,CASC,0.00,0.00,0,N,0,0.0000
820,P1,CASC,0.00,0.00,0,N,0,0.0000
830,P1,CASC,0.00,0.00,0,N,0,0.0000
840,P1,CASC,0.00,0.00,0,N,0,0.0000
850,P1,CASC,0.00,0.00,0,N,0,0.0000
860,P1,CASC,0.00,0.00,0,N,0,0.0000
870,P1,CASC,0.00,0.00,0,N,0,0.0000
880,P1,CASC,0.00,0.00,0,N,0,0.0000
890,P1,CASC,0.00,0.00,0,N,0,0.0000
900,P1,CASC,0.00,0.00,0,N,0,0.0000
910,P1,CASC,0.00,0.00,0,N,0,0.0000
920,P1,CASC,0.00,0.00,0,N,0,0.0000
930,P1,CASC,0.00,0.00,0,N,0,0.0000
940,P1,CASC,0.00,0.00,0,N,0,0.0000
950,P1,CASC,0.00,0.00,0,N,0,0.0000
960,P1,CASC,0.00,0.00,0,N,0,0.0000
970,P1,CASC,0.00,0.00,0,N,0,0.0000
980,P1,CASC,0.00,0.00,0,N,0,0.0000
990,P1,CASC,0.00,0.00,0,N,0,0.0000
1000,P1,CASC,0.00,0.00,0,N,0,0.0000
1010,P1,CASC,0.00,0.00,0,N,0,0.0000
1020,P1,CASC,0.00,0.00,0,N,0,0.0000
1030,P1,CASC,0.00,0.00,0,N,0,0.0000
1040,P1,CASC,0.00,0.00,0,N,0,0.0000
1050,P1,CASC,0.00,0.00,0,N,0,0.0000
1060,P1,CASC,0.00,0.00,0,N,0,0.0000
1070,P1,CASC,0.00,0.00,0,N,0,0.0000
1080,P1,CASC,0.00,0.00,0,N,0,0.0000
1090,P1,CASC,0.00,0.00,0,N,0,0.0000
1100,P1,CASC,0.00,0.00,0,N,0,0.0000
1110,P1,CASC,0.00,0.00,0,N,0,0.0000
1120,P1,CASC,0.00,0.00,0,N,0,0.0000
1130,P1,CASC,0.00,0.00,0,N,0,0.0000
1140,P1,CASC,0.00,0.00,0,N,0,0.0000
1150,P1,CASC,0.00,0.00,0,N,0,0.0000
1160,P1,CASC,0.00,0.00,0,N,0,0.0000
1170,P1,CASC,0.00,0.00,0,N,0,0.0000
1180,P1,CASC,0.00,0.00,0,N,0,0.0000
1190,P1,CASC,0.00,0.00,0,N,0,0.0000
1200,P1,CASC,0.00,0.00,0,N,0,0.0000
1210,P1,CASC,0.00,0.00,0,N,0,0.0000
1220,P1,CASC,0.00,0.00,0,N,0,0.0000
1230,P1,CASC,0.00,0.00,0,N,0,0.0000
1240,P1,CASC,0.00,0.00,0,N,0,0.0000
1250,P1,CASC,0.00,0.00,0,N,0,0.0000
1260,P1,CASC,0.00,0.00,0,N,0,0.0000
1270,P1,CASC,0.00,0.00,0,N,0,0.0000
1280,P1,CASC,0.00,0.00,0,N,0,0.0000
1290,P1,CASC,0.00,0.00,0,N,0,0.0000
1300,P1,CASC,0.00,0.00,0,N,0,0.0000
1310,P1,CASC,0.00,0.00,0,N,0,0.0000
1320,P1,CASC,0.00,0.00,0,N,0,0.0000
1330,P1,CASC,0.00,0.00,0,N,0,0.0000
1340,P1,CASC,0.00,0.00,0,N,0,0.0000
1350,P1,CASC,0.00,0.00,0,N,0,0.0000
1360,P1,CASC,0.00,0.00,0,N,0,0.0000
1370,P1,CASC,0.00,0.00,0,N,0,0.0000
1380,P1,CASC,0.00,0.00,0,N,0,0.0000
1390,P1,CASC,0.00,0.00,0,N,0,0.0000
1400,P1,CASC,0.00,0.00,0,N,0,0.0000
1410,P1,CASC,0.00,0.00,0,N,0,0.0000
1420,P1,CASC,0.00,0.00,0,N,0,0.0000
1430,P1,CASC,0.00,0.00,0,N,0,0.0000
1440,P1,CASC,0.00,0.00,0,N,0,0.0000
1450,P1,CASC,0.00,0.00,0,N,0,0.0000
1460,P1,CASC,0.00,0.00,0,N,0,0.0000
1470,P1,CASC,0.00,0.00,0,N,0,0.0000
1480,P1,CASC,0.00,0.00,0,N,0,0.0000
1490,P1,CASC,0.00,0.00,0,N,0,0.0000
1500,P1,CASC,0.00,0.00,0,N,0,0.0000
1510,P1,CASC,0.00,0.00,0,N,0,0.0000
1520,P1,CASC,0.00,0.00,0,N,0,0.0000
1530,P1,CASC,0.00,0.00,0,N,0,0.0000
1540,P1,CASC,0.00,0.00,0,N,0,0.0000
1550,P1,CASC,0.00,0.00,0,N,0,0.0000
1560,P1,CASC,0.00,0.00,0,N,0,0.0000
1570,P1,CASC,0.00,0.00,0,N,0,0.0000
1580,P1,CASC,0.00,0.00,0,N,0,0.0000
1590,P1,CASC,0.00,0.00,0,N,0,0.0000
1600,P1,CASC,0.00,0.00,0,N,0,0.0000
1610,P1,CASC,0.00,0.00,0,N,0,0.0000
1620,P1,CASC,0.00,0.00,0,N,0,0.0000
1630,P1,CASC,0.00,0.00,0,N,0,0.0000
1640,P1,CASC,0.00,0.00,0,N,0,0.0000
1650,P1,CASC,0.00,0.00,0,N,0,0.0000
1660,P1,CASC,0.00,0.00,0,N,0,0.0000
1670,P1,CASC,0.00,0.00,0,N,0,0.0000
1680,P1,CASC,0.00,0.00,0,N,0,0.0000
1690,P1,CASC,0.00,0.00,0,N,0,0.0000
1700,P1,CASC,0.00,0.00,0,N,0,0.0000
1710,P1,CASC,0.00,0.00,0,N,0,0.0000
1720,P1,CASC,0.00,0.00,0,N,0,0.0000
1730,P1,CASC,0.00,0.00,0,N,0,0.0000
1740,P1,CASC,0.00,0.00,0,N,0,0.0000
1750,P1,CASC,0.00,0.00,0,N,0,0.0000
1760,P1,CASC,0.00,0.00,0,N,0,0.0000
1770,P1,CASC,0.00,0.00,0,N,0,0.0000
1780,P1,CASC,0.00,0.00,0,N,0,0.0000
1790,P1,CASC,0.00,0.00,0,N,0,0.0000
1800,P1,CASC,0.00,0.00,0,N,0,0.0000
1810,P1,CASC,0.00,0.00,0,N,0,0.0000
1820,P1,CASC,0.00,0.00,0,N,0,0.0000
1830,P1,CASC,0.00,0.00,0,N,0,0.0000
1840,P1,CASC,0.00,0.00,0,N,0,0.0000
1850,P1,CASC,0.00,0.00,0,N,0,0.0000
1860,P1,CASC,0.00,0.00,0,N,0,0.0000
1870,P1,CASC,0.00,0.00,0,N,0,0.0000
1880,P1,CASC,0.00,0.00,0,N,0,0.0000
1890,P1,CASC,0.00,0.00,0,N,0,0.0000
1900,P1,CASC,0.00,0.00,0,N,0,0.0000
1910,P1,CASC,0.00,0.00,0,N,0,0.0000
1920,P1,CASC,0.00,0.00,0,N,0,0.0000
1930,P1,CASC,0.00,0.00,0,N,0,0.0000
1940,P1,CASC,0.00,0.00,0,N,0,0.0000
1950,P1,CASC,0.00,0.00,0,N,0,0.0000
1960,P1,CASC,0.00,0.00,0,N,0,0.0000
1970,P1,CASC,0.00,0.00,0,N,0,0.0000
1980,P1,CASC,0.00,0.00,0,N,0,0.0000
1990,P1,CASC,0.00,0.00,0,N,0,0.0000
2000,P1,CASC,0.00,0.00,0,N,0,0.0000
2010,P1,CASC,0.00,0.00,0,N,0,0.0000
2020,P1,CASC,0.00,0.00,0,N,0,0.0000
2030,P1,CASC,0.00,0.00,0,N,0,0.0000
2040,P1,CASC,0.00,0.00,0,N,0,0.0000
2050,P1,CASC,0.00,0.00,0,N,0,0.0000
2060,P1,CASC,0.00,0.00,0,N,0,0.0000
2070,P1,CASC,0.00,0.00,0,N,0,0.0000
2080,P1,CASC,0.00,0.00,0,N,0,0.0000
2090,P1,CASC,0.00,0.00,0,N,0,0.0000
2100,P1,CASC,0.00,0.00,0,N,0,0.0000
2110,P1,CASC,0.00,0.00,0,N,0,0.0000
2120,P1,CASC,0.00,0.00,0,N,0,0.0000
2130,P1,CASC,0.00,0.00,0,N,0,0.0000
2140,P1,CASC,0.00,0.00,0,N,0,0.0000
2150,P1,CASC,0.00,0.00,0,N,0,0.0000
2160,P1,CASC,0.00,0.00,0,N,0,0.0000
2170,P1,CASC,0.00,0.00,0,N,0,0.0000
2180,P1,CASC,0.00,0.00,0,N,0,0.0000
2190,P1,CASC,0.00,0.00,0,N,0,0.0000
2200,P1,CASC,0.00,0.00,0,N,0,0.0000
2210,P1,CASC,0.00,0.00,0,N,0,0.0000
2220,P1,CASC,0.00,0.00,0,N,0,0.0000
2230,P1,CASC,0.00,0.00,0,N,0,0.0000
2240,P1,CASC,0.00,0.00,0,N,0,0.0000
2250,P1,CASC,0.00,0.00,0,N,0,0.0000
2260,P1,CASC,0.00,0.00,0,N,0,0.0000
2270,P1,CASC,0.00,0.00,0,N,0,0.0000
2280,P1,CASC,0.00,0.00,0,N,0,0.0000
2290,P1,CASC,0.00,0.00,0,N,0,0.0000
2300,P1,CASC,0.00,0.00,0,N,0,0.0000
2310,P1,CASC,0.00,0.00,0,N,0,0.0000
2320,P1,CASC,0.00,0.00,0,N,0,0.0000
2330,P1,CASC,0.00,0.00,0,N,0,0.0000
2340,P1,CASC,0.00,0.00,0,N,0,0.0000
2350,P1,CASC,0.00,0.00,0,N,0,0.0000
2360,P1,CASC,0.00,0.00,0,N,0,0.0000
2370,P1,CASC,0.00,0.00,0,N,0,0.0000
2380,P1,CASC,0.00,0.00,0,N,0,0.0000
2390,P1,CASC,0.00,0.00,0,N,0,0.0000
2400,P1,CASC,0.00,0.00,0,N,0,0.0000
2410,P1,CASC,0.00,0.00,0,N,0,0.0000
2420,P1,CASC,0.00,0.00,0,N,0,0.0000
2430,P1,CASC,0.00,0.00,0,N,0,0.0000
2440,P1,CASC,0.00,0.00,0,N,0,0.0000
2450,P1,CASC,0.00,0.00,0,N,0,0.0000
2460,P1,CASC,0.00,0.00,0,N,0,0.0000
2470,P1,CASC,0.00,0.00,0,N,0,0.0000
2480,P1,CASC,0.00,0.00,0,N,0,0.0000
2490,P1,CASC,0.00,0.00,0,N,0,0.0000
2500,P1,CASC,0.00,0.00,0,N,0,0.0000
2510,P1,CASC,0.00,0.00,0,N,0,0.0000
2520,P1,CASC,0.00,0.00,0,N,0,0.0000
2530,P1,CASC,0.00,0.00,0,N,0,0.0000
2540,P1,CASC,0.00,0.00,0,N,0,0.0000
2550,P1,CASC,0.00,0.00,0,N,0,0.0000
2560,P1,CASC,0.00,0.00,0,N,0,0.0000
2570,P1,CASC,0.00,0.00,0,N,0,0.0000
2580,P1,CASC,0.00,0.00,0,N,0,0.0000
2590,P1,CASC,0.00,0.00,0,N,0,0.0000
2600,P1,CASC,0.00,0.00,0,N,0,0.0000
2610,P1,CASC,0.00,0.00,0,N,0,0.0000
2620,P1,CASC,0.00,0.00,0,N,0,0.0000
2630,P1,CASC,0.00,0.00,0,N,0,0.0000
2640,P1,CASC,0.00,0.00,0,N,0,0.0000
2650,P1,CASC,0.00,0.00,0,N,0,0.0000
2660,P1,CASC,0.00,0.00,0,N,0,0.0000
2670,P1,CASC,0.00,0.00,0,N,0,0.0000
2680,P1,CASC,0.00,0.00,0,N,0,0.0000
2690,P1,CASC,0.00,0.00,0,N,0,0.0000
2700,P1,CASC,0.00,0.00,0,N,0,0.0000
2710,P1,CASC,0.00,0.00,0,N,0,0.0000
2720,P1,CASC,0.00,0.00,0,N,0,0.0000
2730,P1,CASC,0.00,0.00,0,N,0,0.0000
2740,P1,CASC,0.00,0.00,0,N,0,0.0000
2750,P1,CASC,0.00,0.00,0,N,0,0.0000
2760,P1,CASC,0.00,0.00,0,N,0,0.0000
2770,P1,CASC,0.00,0.00,0,N,0,0.0000
2780,P1,CASC,0.00,0.00,0,N,0,0.0000
2790,P1,CASC,0.00,0.00,0,N,0,0.0000
2800,P1,CASC,0.00,0.00,0,N,0,0.0000
2810,P1,CASC,0.00,0.00,0,N,0,0.0000
2820,P1,CASC,0.00,0.00,0,N,0,0.0000
2830,P1,CASC,0.00,0.00,0,N,0,0.0000
2840,P1,CASC,0.00,0.00,0,N,0,0.0000
2850,P1,CASC,0.00,0.00,0,N,0,0.0000
2860,P1,CASC,0.00,0.00,0,N,0,0.0000
2870,P1,CASC,0.00,0.00,0,N,0,0.0000
2880,P1,CASC,0.00,0.00,0,N,0,0.0000
2890,P1,CASC,0.00,0.00,0,N,0,0.0000
2900,P1,CASC,0.00,0.00,0,N,0,0.0000
2910,P1,CASC,0.00,0.00,0,N,0,0.0000
2920,P1,CASC,0.00,0.00,0,N,0,0.0000
2930,P1,CASC,0.00,0.00,0,N,0,0.0000
2940,P1,CASC,0.00,0.00,0,N,0,0.0000
2950,P1,CASC,0.00,0.00,0,N,0,0.0000
2960,P1,CASC,0.00,0.00,0,N,0,0.0000
2970,P1,CASC,0.00,0.00,0,N,0,0.0000
2980,P1,CASC,0.00,0.00,0,N,0,0.0000
2990,P1,CASC,0.00,0.00,0,N,0,0.0000
3000,P1,CASC,0.00,0.00,0,N,0,0.0000
3010,P1,CASC,80.00,0.00,30,F,0,0.8000
3020,P1,CASC,80.00,0.00,60,F,0,1.6000
3030,P1,CASC,80.00,0.00,90,F,0,2.4000
3040,P1,CASC,80.00,0.00,120,F,0,3.2000
3050,P1,CASC,80.00,0.00,150,F,0,4.0000
3060,P1,CASC,80.00,0.00,180,F,0,4.8000
3070,P1,CASC,80.00,0.00,201,F,0,5.6000
3080,P1,CASC,80.00,10.00,201,F,4,6.3000
3090,P1,CASC,80.00,32.49,195,F,17,6.7751
3100,P1,CASC,80.00,42.51,194,F,34,7.1500
3110,P1,CASC,80.00,54.99,191,F,56,7.4001
3120,P1,CASC,80.00,60.01,190,F,80,7.5999
3130,P1,CASC,80.00,64.99,189,F,106,7.7501
3140,P1,CASC,80.00,70.01,188,F,134,7.8500
3150,P1,CASC,80.00,72.49,187,F,163,7.9251
3160,P1,CASC,80.00,79.99,185,F,195,7.9252
3170,P1,CASC,80.00,77.53,186,F,226,7.9498
3180,P1,CASC,80.00,80.00,182,F,258,7.9498
3190,P1,CASC,80.00,79.99,185,F,290,7.9499
3200,P1,CASC,80.00,84.99,178,F,324,7.9000
3210,P1,CASC,80.00,82.51,180,F,357,7.8749
3220,P1,CASC,80.00,85.01,178,F,391,7.8248
3230,P1,CASC,80.00,87.50,176,F,426,7.7498
3240,P1,CASC,80.00,82.48,180,F,459,7.7251
3250,P1,CASC,80.00,87.53,175,F,494,7.6498
3260,P1,CASC,80.00,84.97,177,F,528,7.6001
3270,P1,CASC,80.00,87.50,175,F,563,7.5251
3280,P1,CASC,80.00,84.99,177,F,597,7.4752
3290,P1,CASC,80.00,87.54,175,F,632,7.3998
3300,P1,CASC,80.00,87.48,175,F,667,7.3250
3310,P1,CASC,80.00,90.01,173,F,703,7.2249
3320,P1,CASC,80.00,87.50,174,F,738,7.1499
3330,P1,CASC,80.00,87.50,174,F,773,7.0749
3340,P1,CASC,80.00,87.51,174,F,808,6.9998
3350,P1,CASC,80.00,84.99,176,F,842,6.9499
3360,P1,CASC,80.00,85.01,176,F,876,6.8998
3370,P1,CASC,80.00,87.49,173,F,911,6.8249
3380,P1,CASC,80.00,85.01,175,F,945,6.7748
3390,P1,CASC,80.00,87.48,173,F,980,6.7000
3400,P1,CASC,80.00,87.50,173,F,1015,6.6250
3410,P1,CASC,80.00,92.50,169,F,1052,6.5000
3420,P1,CASC,80.00,102.52,161,F,1093,6.2748
3430,P1,CASC,80.00,87.50,172,F,1128,6.1998
3440,P1,CASC,80.00,87.49,172,F,1163,6.1249
3450,P1,CASC,80.00,82.50,176,F,1196,6.0999
3460,P1,CASC,80.00,82.51,175,F,1229,6.0748
3470,P1,CASC,80.00,79.98,180,F,1261,6.0750
3480,P1,CASC,80.00,90.01,169,F,1297,5.9749
3490,P1,CASC,80.00,92.51,167,F,1334,5.8498
3500,P1,CASC,80.00,89.97,169,F,1370,5.7500
3510,P1,CASC,80.00,89.99,169,F,1406,5.6501
3520,P1,CASC,80.00,90.03,168,F,1442,5.5499
3530,P1,CASC,80.00,89.99,168,F,1478,5.4500
3540,P1,CASC,80.00,90.00,168,F,1514,5.3500
3550,P1,CASC,80.00,90.01,168,F,1550,5.2499
3560,P1,CASC,80.00,92.47,165,F,1587,5.1251
3570,P1,CASC,80.00,90.04,167,F,1623,5.0248
3580,P1,CASC,80.00,87.48,169,F,1658,4.9500
3590,P1,CASC,80.00,89.99,167,F,1694,4.8500
3600,P1,CASC,80.00,90.00,166,F,1730,4.7500
3610,P1,CASC,80.00,87.50,168,F,1765,4.6750
3620,P1,CASC,80.00,90.00,166,F,1801,4.5750
3630,P1,CASC,80.00,90.00,166,F,1837,4.4750
3640,P1,CASC,80.00,89.99,166,F,1873,4.3751
3650,P1,CASC,80.00,90.04,165,F,1909,4.2748
3660,P1,CASC,80.00,90.00,165,F,1945,4.1748
3670,P1,CASC,80.00,87.47,167,F,1980,4.1001
3680,P1,CASC,80.00,90.01,165,F,2016,4.0000
3690,P1,CASC,80.00,87.53,166,F,2051,3.9248
3700,P1,CASC,80.00,84.99,168,F,2085,3.8749
3710,P1,CASC,80.00,87.48,166,F,2120,3.8000
3720,P1,CASC,80.00,85.03,168,F,2154,3.7498
3730,P1,CASC,80.00,87.50,166,F,2189,3.6748
3740,P1,CASC,80.00,84.97,168,F,2223,3.6251
3750,P1,CASC,80.00,87.50,165,F,2258,3.5501
3760,P1,CASC,80.00,85.03,167,F,2292,3.4998
3770,P1,CASC,80.00,85.00,167,F,2326,3.4498
3780,P1,CASC,80.00,87.48,165,F,2361,3.3750
3790,P1,CASC,80.00,84.99,167,F,2395,3.3250
3800,P1,CASC,80.00,87.50,165,F,2430,3.2500
3810,P1,CASC,80.00,87.51,164,F,2465,3.1750
3820,P1,CASC,80.00,89.98,162,F,2501,3.0751
3830,P1,CASC,80.00,87.54,164,F,2536,2.9998
3840,P1,CASC,80.00,84.99,166,F,2570,2.9499
3850,P1,CASC,80.00,90.00,162,F,2606,2.8499
3860,P1,CASC,80.00,82.48,168,F,2639,2.8250
3870,P1,CASC,80.00,85.02,165,F,2673,2.7749
3880,P1,CASC,80.00,85.00,165,F,2707,2.7249
3890,P1,CASC,80.00,82.48,167,F,2740,2.7001
3900,P1,CASC,80.00,87.50,163,F,2775,2.6251
3910,P1,CASC,80.00,87.53,163,F,2810,2.5498
3920,P1,CASC,80.00,85.00,165,F,2844,2.4998
3930,P1,CASC,80.00,84.98,165,F,2878,2.4500
3940,P1,CASC,80.00,87.52,163,F,2913,2.3748
3950,P1,CASC,80.00,84.99,164,F,2947,2.3249
3960,P1,CASC,80.00,87.51,162,F,2982,2.2498
3970,P1,CASC,80.00,87.51,162,F,3017,2.1748
3980,P1,CASC,80.00,84.99,164,F,3051,2.1248
3990,P1,CASC,80.00,90.00,160,F,3087,2.0248
4000,P1,CASC,80.00,87.48,162,F,3122,1.9500
4010,P1,CASC,80.00,85.03,163,F,3156,1.8998
4020,P1,CASC,80.00,87.50,161,F,3191,1.8248
4030,P1,CASC,80.00,85.00,163,F,3225,1.7748
4040,P1,CASC,80.00,84.99,163,F,3259,1.7248
4050,P1,CASC,80.00,82.48,165,F,3292,1.7000
4060,P1,CASC,80.00,85.01,163,F,3326,1.6499
4070,P1,CASC,80.00,85.00,163,F,3360,1.5999
4080,P1,CASC,80.00,85.02,162,F,3394,1.5498
4090,P1,CASC,80.00,87.49,160,F,3429,1.4748
4100,P1,CASC,80.00,100.01,150,F,3469,1.2747
4110,P1,CASC,80.00,89.99,158,F,3505,1.1748
4120,P1,CASC,80.00,82.48,163,F,3538,1.1500
4130,P1,CASC,80.00,85.03,161,F,3572,1.0997
4140,P1,CASC,80.00,79.99,166,F,3604,1.0998
4150,P1,CASC,80.00,77.48,166,F,3635,1.1250
4160,P1,CASC,80.00,80.00,165,F,3667,1.1250
4170,P1,CASC,80.00,87.52,159,F,3702,1.0498
4180,P1,CASC,80.00,89.96,157,F,3738,0.9502
4190,P1,CASC,80.00,82.52,163,F,3771,0.9250
4200,P1,CASC,80.00,90.00,157,F,3807,0.8250
4210,P1,CASC,80.00,85.02,161,F,3841,0.7748
4220,P1,CASC,80.00,87.50,158,F,3876,0.6998
4230,P1,CASC,80.00,84.99,160,F,3910,0.6499
4240,P1,CASC,80.00,87.49,158,F,3945,0.5750
4250,P1,CASC,80.00,84.99,160,F,3979,0.5251
4260,P1,CASC,80.00,87.48,158,F,4014,0.4503
4270,P1,CASC,80.00,82.53,162,F,4047,0.4249
4280,P1,CASC,80.00,84.99,160,F,4081,0.3750
4290,P1,CASC,80.00,85.00,159,F,4115,0.3250
4300,P1,CASC,80.00,82.52,161,F,4148,0.2998
4310,P1,CASC,80.00,82.49,161,F,4181,0.2749
4320,P1,CASC,80.00,85.00,159,F,4215,0.2249
4330,P1,CASC,80.00,84.98,159,F,4249,0.1751
4340,P1,CASC,80.00,85.03,159,F,4283,0.1248
4350,P1,CASC,80.00,85.01,159,F,4317,0.0748
4360,P1,CASC,80.00,84.97,159,F,4351,0.0251
4370,P1,CASC,80.00,80.02,163,F,4383,0.0249
4380,P1,CASC,80.00,85.01,159,F,4417,-0.0252
4390,P1,CASC,80.00,80.00,162,F,4449,-0.0252
4400,P1,CASC,80.00,82.48,160,F,4482,-0.0500
4410,P1,CASC,80.00,80.02,162,F,4514,-0.0501
4420,P1,CASC,80.00,80.01,162,F,4546,-0.0502
4430,P1,CASC,80.00,79.98,162,F,4578,-0.0501
4440,P1,CASC,80.00,82.49,160,F,4611,-0.0750
4450,P1,CASC,80.00,80.00,162,F,4643,-0.0750
4460,P1,CASC,80.00,80.00,162,F,4675,-0.0750
4470,P1,CASC,80.00,82.51,160,F,4708,-0.1001
4480,P1,CASC,80.00,77.52,163,F,4739,-0.0752
4490,P1,CASC,80.00,82.48,160,F,4772,-0.1001
4500,P1,CASC,80.00,80.00,162,F,4804,-0.1001
4510,P1,CASC,80.00,82.50,160,F,4837,-0.1251
4520,P1,CASC,80.00,79.99,162,F,4869,-0.1250
4530,P1,CASC,80.00,84.99,158,F,4903,-0.1749
4540,P1,CASC,80.00,82.53,160,F,4936,-0.2002
4550,P1,CASC,80.00,79.99,162,F,4968,-0.2001
4560,P1,CASC,80.00,84.98,158,F,5002,-0.2500
4570,P1,CASC,80.00,77.49,163,F,5033,-0.2249
4580,P1,CASC,80.00,80.02,162,F,5065,-0.2250
4590,P1,CASC,80.00,80.00,162,F,5097,-0.2250
4600,P1,CASC,80.00,77.51,163,F,5128,-0.2001
4610,P1,CASC,80.00,80.01,162,F,5160,-0.2002
4620,P1,CASC,80.00,82.48,160,F,5193,-0.2250
4630,P1,CASC,80.00,82.51,160,F,5226,-0.2500
4640,P1,CASC,80.00,80.02,162,F,5258,-0.2502
4650,P1,CASC,80.00,82.49,160,F,5291,-0.2751
4660,P1,CASC,80.00,79.99,162,F,5323,-0.2750
4670,P1,CASC,80.00,82.50,160,F,5356,-0.3000
4680,P1,CASC,80.00,79.99,162,F,5388,-0.3000
4690,P1,CASC,80.00,85.03,158,F,5422,-0.3502
4700,P1,CASC,80.00,79.98,162,F,5454,-0.3501
4710,P1,CASC,80.00,85.01,158,F,5488,-0.4001
4720,P1,CASC,80.00,82.49,160,F,5521,-0.4251
4730,P1,CASC,80.00,82.52,159,F,5554,-0.4502
4740,P1,CASC,80.00,82.48,159,F,5587,-0.4750
4750,P1,CASC,80.00,82.52,159,F,5620,-0.5002
4760,P1,CASC,80.00,77.50,162,F,5651,-0.4752
4770,P1,CASC,80.00,79.98,161,F,5683,-0.4751
4780,P1,CASC,80.00,82.49,159,F,5716,-0.5000
4790,P1,CASC,80.00,80.01,161,F,5748,-0.5001
4800,P1,CASC,80.00,80.00,161,F,5780,-0.5001
4810,P1,CASC,80.00,82.52,159,F,5813,-0.5252
4820,P1,CASC,80.00,87.47,155,F,5848,-0.5999
4830,P1,CASC,80.00,97.52,147,F,5887,-0.7751
4840,P1,CASC,80.00,80.02,161,F,5919,-0.7752
4850,P1,CASC,80.00,77.50,161,F,5950,-0.7502
4860,P1,CASC,80.00,82.48,159,F,5983,-0.7750
4870,P1,CASC,80.00,77.49,161,F,6014,-0.7499
4880,P1,CASC,80.00,70.01,164,F,6042,-0.6500
4890,P1,CASC,80.00,79.99,161,F,6074,-0.6500
4900,P1,CASC,80.00,85.01,157,F,6108,-0.7000
4910,P1,CASC,80.00,85.01,157,F,6142,-0.7501
4920,P1,CASC,80.00,79.99,160,F,6174,-0.7501
4930,P1,CASC,80.00,87.51,155,F,6209,-0.8251
4940,P1,CASC,80.00,80.01,160,F,6241,-0.8252
4950,P1,CASC,80.00,84.99,156,F,6275,-0.8751
4960,P1,CASC,80.00,82.49,158,F,6308,-0.9001
4970,P1,CASC,80.00,82.52,158,F,6341,-0.9252
4980,P1,CASC,80.00,82.48,158,F,6374,-0.9500
4990,P1,CASC,80.00,84.97,156,F,6408,-0.9996
5000,P1,CASC,80.00,80.03,160,F,6440,-1.0000
5010,P1,CASC,80.00,79.99,160,F,6472,-0.9999
5020,P1,CASC,80.00,82.50,158,F,6505,-1.0249
5030,P1,CASC,80.00,80.02,160,F,6537,-1.0250
5040,P1,CASC,80.00,82.52,158,F,6570,-1.0502
5050,P1,CASC,80.00,80.00,160,F,6602,-1.0502
5060,P1,CASC,80.00,85.00,156,F,6636,-1.1002
5070,P1,CASC,80.00,79.98,159,F,6668,-1.1000
5080,P1,CASC,80.00,82.52,158,F,6701,-1.1251
5090,P1,CASC,80.00,82.50,158,F,6734,-1.1501
5100,P1,CASC,80.00,79.99,159,F,6766,-1.1500
5110,P1,CASC,80.00,80.01,160,F,6798,-1.1501
5120,P1,CASC,80.00,80.01,160,F,6830,-1.1502
5130,P1,CASC,80.00,79.98,159,F,6862,-1.1500
5140,P1,CASC,80.00,77.50,160,F,6893,-1.1250
5150,P1,CASC,80.00,80.02,160,F,6925,-1.1252
5160,P1,CASC,80.00,74.99,161,F,6955,-1.0751
5170,P1,CASC,80.00,79.99,159,F,6987,-1.0750
5180,P1,CASC,80.00,79.99,159,F,7019,-1.0750
5190,P1,CASC,80.00,77.50,160,F,7050,-1.0500
5200,P1,CASC,80.00,77.51,160,F,7081,-1.0250
5210,P1,CASC,80.00,79.99,160,F,7113,-1.0250
5220,P1,CASC,80.00,79.99,160,F,7145,-1.0249
5230,P1,CASC,80.00,77.53,160,F,7176,-1.0002
5240,P1,CASC,80.00,77.48,160,F,7207,-0.9750
5250,P1,CASC,80.00,80.02,160,F,7239,-0.9752
5260,P1,CASC,80.00,79.99,160,F,7271,-0.9751
5270,P1,CASC,80.00,82.50,158,F,7304,-1.0001
5280,P1,CASC,80.00,82.51,158,F,7337,-1.0252
5290,P1,CASC,80.00,77.48,160,F,7368,-1.0000
5300,P1,CASC,80.00,82.51,158,F,7401,-1.0251
5310,P1,CASC,80.00,77.49,160,F,7432,-1.0001
5320,P1,CASC,80.00,77.51,160,F,7463,-0.9751
5330,P1,CASC,80.00,77.48,161,F,7494,-0.9499
5340,P1,CASC,80.00,80.01,160,F,7526,-0.9500
5350,P1,CASC,80.00,77.52,161,F,7557,-0.9251
5360,P1,CASC,80.00,80.00,160,F,7589,-0.9251
5370,P1,CASC,80.00,80.01,160,F,7621,-0.9252
5380,P1,CASC,80.00,77.48,161,F,7652,-0.9001
5390,P1,CASC,80.00,82.50,158,F,7685,-0.9251
5400,P1,CASC,80.00,80.00,160,F,7717,-0.9251
5410,P1,CASC,80.00,77.51,161,F,7748,-0.9001
5420,P1,CASC,80.00,80.01,160,F,7780,-0.9002
5430,P1,CASC,80.00,82.50,158,F,7813,-0.9252
5440,P1,CASC,80.00,79.98,160,F,7845,-0.9250
5450,P1,CASC,80.00,82.51,158,F,7878,-0.9501
5460,P1,CASC,80.00,82.50,158,F,7911,-0.9751
5470,P1,CASC,80.00,80.02,160,F,7943,-0.9752
5480,P1,CASC,80.00,80.00,160,F,7975,-0.9752
5490,P1,CASC,80.00,79.98,160,F,8007,-0.9751
5500,P1,CASC,80.00,80.02,160,F,8039,-0.9752
5510,P1,CASC,80.00,77.49,161,F,8070,-0.9501
5520,P1,CASC,80.00,80.01,160,F,8102,-0.9502
5530,P1,CASC,80.00,77.47,161,F,8133,-0.9249
5540,P1,CASC,80.00,80.02,160,F,8165,-0.9252
5550,P1,CASC,80.00,80.00,160,F,8197,-0.9252
5560,P1,CASC,80.00,82.48,158,F,8230,-0.9499
5570,P1,CASC,80.00,92.52,150,F,8267,-1.0751
5580,P1,CASC,80.00,87.48,154,F,8302,-1.1499
5590,P1,CASC,80.00,80.02,160,F,8334,-1.1502
5600,P1,CASC,80.00,77.48,160,F,8365,-1.1249
5610,P1,CASC,80.00,77.53,160,F,8396,-1.1002
5620,P1,CASC,80.00,74.98,161,F,8426,-1.0500
5630,P1,CASC,80.00,70.01,163,F,8454,-0.9501
5640,P1,CASC,80.00,85.01,156,F,8488,-1.0002
5650,P1,CASC,80.00,82.49,158,F,8521,-1.0251
5660,P1,CASC,80.00,82.50,158,F,8554,-1.0501
5670,P1,CASC,80.00,82.48,158,F,8587,-1.0750
5680,P1,CASC,80.00,85.01,156,F,8621,-1.1251
5690,P1,CASC,80.00,79.98,159,F,8653,-1.1249
5700,P1,CASC,80.00,82.53,158,F,8686,-1.1502
5710,P1,CASC,80.00,82.50,158,F,8719,-1.1752
5720,P1,CASC,80.00,82.48,158,F,8752,-1.2000
5730,P1,CASC,80.00,82.52,158,F,8785,-1.2252
5740,P1,CASC,80.00,79.99,159,F,8817,-1.2251
5750,P1,CASC,80.00,82.48,158,F,8850,-1.2499
5760,P1,CASC,80.00,80.03,159,F,8882,-1.2502
5770,P1,CASC,80.00,79.98,159,F,8914,-1.2500
5780,P1,CASC,80.00,80.01,159,F,8946,-1.2501
5790,P1,CASC,80.00,80.02,159,F,8978,-1.2502
5800,P1,CASC,80.00,82.48,157,F,9011,-1.2750
5810,P1,CASC,80.00,82.48,157,F,9044,-1.2998
5820,P1,CASC,80.00,80.02,159,F,9076,-1.3000
5830,P1,CASC,80.00,82.52,157,F,9109,-1.3251
5840,P1,CASC,80.00,79.99,159,F,9141,-1.3251
5850,P1,CASC,80.00,79.99,159,F,9173,-1.3250
5860,P1,CASC,80.00,80.02,159,F,9205,-1.3251
5870,P1,CASC,80.00,77.48,160,F,9236,-1.3000
5880,P1,CASC,80.00,80.02,159,F,9268,-1.3001
5890,P1,CASC,80.00,77.50,160,F,9299,-1.2751
5900,P1,CASC,80.00,77.48,160,F,9330,-1.2500
5910,P1,CASC,80.00,77.52,160,F,9361,-1.2252
5920,P1,CASC,80.00,79.98,159,F,9393,-1.2251
5930,P1,CASC,80.00,77.50,160,F,9424,-1.2001
5940,P1,CASC,80.00,77.51,160,F,9455,-1.1751
5950,P1,CASC,80.00,77.50,160,F,9486,-1.1501
5960,P1,CASC,80.00,80.00,160,F,9518,-1.1501
5970,P1,CASC,80.00,77.50,160,F,9549,-1.1251
5980,P1,CASC,80.00,77.50,160,F,9580,-1.1001
5990,P1,CASC,80.00,77.50,160,F,9611,-1.0751
6000,P1,CASC,80.00,80.01,160,F,9643,-1.0752
6010,P1,CASC,150.00,79.99,190,F,9675,-0.3751
6020,P1,CASC,150.00,84.97,220,F,9709,0.2751
6030,P1,CASC,150.00,87.53,231,F,9744,0.8998
6040,P1,CASC,150.00,95.01,230,F,9782,1.4498
6050,P1,CASC,150.00,102.49,230,F,9823,1.9249
6060,P1,CASC,150.00,107.47,229,F,9866,2.3502
6070,P1,CASC,150.00,112.52,229,F,9911,2.7250
6080,P1,CASC,150.00,120.02,228,F,9959,3.0247
6090,P1,CASC,150.00,132.42,225,F,10012,3.2005
6100,P1,CASC,150.00,132.55,225,F,10065,3.3750
6110,P1,CASC,150.00,137.51,224,F,10120,3.4998
6120,P1,CASC,150.00,145.00,222,F,10178,3.5498
6130,P1,CASC,150.00,147.51,221,F,10237,3.5747
6140,P1,CASC,150.00,157.48,213,F,10300,3.4998
6150,P1,CASC,150.00,152.48,217,F,10361,3.4750
6160,P1,CASC,150.00,154.98,215,F,10423,3.4252
6170,P1,CASC,150.00,152.52,217,F,10484,3.4000
6180,P1,CASC,150.00,155.00,215,F,10546,3.3500
6190,P1,CASC,150.00,157.48,213,F,10609,3.2752
6200,P1,CASC,150.00,167.52,205,F,10676,3.1000
6210,P1,CASC,150.00,164.98,206,F,10742,2.9502
6220,P1,CASC,150.00,147.54,220,F,10801,2.9747
6230,P1,CASC,150.00,142.44,221,F,10858,3.0503
6240,P1,CASC,150.00,162.57,208,F,10923,2.9246
6250,P1,CASC,150.00,159.97,210,F,10987,2.8250
6260,P1,CASC,150.00,160.02,209,F,11051,2.7248
6270,P1,CASC,150.00,159.98,209,F,11115,2.6250
6280,P1,CASC,150.00,159.98,209,F,11179,2.5251
6290,P1,CASC,150.00,157.48,211,F,11242,2.4503
6300,P1,CASC,150.00,157.56,210,F,11305,2.3746
6310,P1,CASC,150.00,154.95,212,F,11367,2.3251
6320,P1,CASC,150.00,157.52,210,F,11430,2.2499
6330,P1,CASC,150.00,160.03,208,F,11494,2.1496
6340,P1,CASC,150.00,159.98,208,F,11558,2.0498
6350,P1,CASC,150.00,157.47,210,F,11621,1.9751
6360,P1,CASC,150.00,152.52,213,F,11682,1.9500
6370,P1,CASC,150.00,155.00,211,F,11744,1.9000
6380,P1,CASC,150.00,152.52,213,F,11805,1.8748
6390,P1,CASC,150.00,152.52,213,F,11866,1.8496
6400,P1,CASC,150.00,154.97,211,F,11928,1.8000
6410,P1,CASC,150.00,152.48,213,F,11989,1.7751
6420,P1,CASC,150.00,155.03,211,F,12051,1.7248
6430,P1,CASC,150.00,157.50,209,F,12114,1.6498
6440,P1,CASC,150.00,155.02,211,F,12176,1.5996
6450,P1,CASC,150.00,152.45,212,F,12237,1.5751
6460,P1,CASC,150.00,150.01,214,F,12297,1.5750
6470,P1,CASC,150.00,152.48,212,F,12358,1.5501
6480,P1,CASC,150.00,157.55,208,F,12421,1.4746
6490,P1,CASC,150.00,152.50,212,F,12482,1.4496
6500,P1,CASC,150.00,157.50,208,F,12545,1.3746
6510,P1,CASC,150.00,157.45,208,F,12608,1.3001
6520,P1,CASC,150.00,160.03,206,F,12672,1.1998
6530,P1,CASC,150.00,160.00,205,F,12736,1.0998
6540,P1,CASC,150.00,157.52,207,F,12799,1.0246
6550,P1,CASC,150.00,154.95,209,F,12861,0.9751
6560,P1,CASC,150.00,152.55,211,F,12922,0.9496
6570,P1,CASC,150.00,154.95,209,F,12984,0.9001
6580,P1,CASC,150.00,160.00,205,F,13048,0.8001
6590,P1,CASC,150.00,170.05,196,F,13116,0.5996
6600,P1,CASC,150.00,149.97,212,F,13176,0.5999
6610,P1,CASC,150.00,142.50,215,F,13233,0.6749
6620,P1,CASC,150.00,147.49,213,F,13292,0.7000
6630,P1,CASC,150.00,160.03,204,F,13356,0.5997
6640,P1,CASC,150.00,155.02,208,F,13418,0.5496
6650,P1,CASC,150.00,154.95,208,F,13480,0.5000
6660,P1,CASC,150.00,155.03,208,F,13542,0.4497
6670,P1,CASC,150.00,155.02,208,F,13604,0.3996
6680,P1,CASC,150.00,152.48,210,F,13665,0.3747
6690,P1,CASC,150.00,152.48,209,F,13726,0.3499
6700,P1,CASC,150.00,155.03,207,F,13788,0.2996
6710,P1,CASC,150.00,154.94,207,F,13850,0.2502
6720,P1,CASC,150.00,157.47,205,F,13913,0.1755
6730,P1,CASC,150.00,152.59,209,F,13974,0.1496
6740,P1,CASC,150.00,152.45,209,F,14035,0.1250
6750,P1,CASC,150.00,150.00,211,F,14095,0.1250
6760,P1,CASC,150.00,150.00,211,F,14155,0.1250
6770,P1,CASC,150.00,150.03,211,F,14215,0.1247
6780,P1,CASC,150.00,147.51,212,F,14274,0.1496
6790,P1,CASC,150.00,152.50,209,F,14335,0.1246
6800,P1,CASC,150.00,147.49,212,F,14394,0.1497
6810,P1,CASC,150.00,152.48,209,F,14455,0.1249
6820,P1,CASC,150.00,157.53,205,F,14518,0.0496
6830,P1,CASC,150.00,149.99,211,F,14578,0.0497
6840,P1,CASC,150.00,147.50,211,F,14637,0.0747
6850,P1,CASC,150.00,147.51,212,F,14696,0.0996
6860,P1,CASC,150.00,147.50,212,F,14755,0.1246
6870,P1,CASC,150.00,152.47,209,F,14816,0.0999
6880,P1,CASC,150.00,150.01,211,F,14876,0.0997
6890,P1,CASC,150.00,152.47,209,F,14937,0.0750
6900,P1,CASC,150.00,155.03,207,F,14999,0.0247
6910,P1,CASC,150.00,155.00,207,F,15061,-0.0253
6920,P1,CASC,150.00,157.50,204,F,15124,-0.1003
6930,P1,CASC,150.00,154.98,206,F,15186,-0.1501
6940,P1,CASC,150.00,152.52,208,F,15247,-0.1753
6950,P1,CASC,150.00,149.97,210,F,15307,-0.1750
6960,P1,CASC,150.00,150.00,210,F,15367,-0.1750
6970,P1,CASC,150.00,152.50,208,F,15428,-0.2000
6980,P1,CASC,150.00,170.00,194,F,15496,-0.4000
6990,P1,CASC,150.00,152.52,208,F,15557,-0.4251
7000,P1,CASC,150.00,137.50,213,F,15612,-0.3001
7010,P1,CASC,150.00,142.53,212,F,15669,-0.2254
7020,P1,CASC,150.00,157.48,204,F,15732,-0.3003
7030,P1,CASC,150.00,152.47,208,F,15793,-0.3250
7040,P1,CASC,150.00,150.03,210,F,15853,-0.3253
7050,P1,CASC,150.00,155.00,206,F,15915,-0.3753
7060,P1,CASC,150.00,149.97,209,F,15975,-0.3750
7070,P1,CASC,150.00,152.52,208,F,16036,-0.4001
7080,P1,CASC,150.00,149.99,209,F,16096,-0.4000
7090,P1,CASC,150.00,150.03,209,F,16156,-0.4003
7100,P1,CASC,150.00,152.50,208,F,16217,-0.4253
7110,P1,CASC,150.00,152.50,207,F,16278,-0.4503
7120,P1,CASC,150.00,154.95,205,F,16340,-0.4998
7130,P1,CASC,150.00,152.56,207,F,16401,-0.5254
7140,P1,CASC,150.00,147.50,210,F,16460,-0.5004
7150,P1,CASC,150.00,147.47,210,F,16519,-0.4751
7160,P1,CASC,150.00,147.50,210,F,16578,-0.4501
7170,P1,CASC,150.00,150.01,209,F,16638,-0.4503
7180,P1,CASC,150.00,145.01,211,F,16696,-0.4004
7190,P1,CASC,150.00,147.49,210,F,16755,-0.3753
7200,P1,CASC,150.00,147.50,210,F,16814,-0.3503
7210,P1,CASC,150.00,150.00,210,F,16874,-0.3503
7220,P1,CASC,150.00,155.02,206,F,16936,-0.4004
7230,P1,CASC,150.00,147.46,210,F,16995,-0.3750
7240,P1,CASC,150.00,145.03,211,F,17053,-0.3253
7250,P1,CASC,150.00,144.97,211,F,17111,-0.2750
7260,P1,CASC,150.00,147.50,211,F,17170,-0.2500
7270,P1,CASC,150.00,150.01,210,F,17230,-0.2501
7280,P1,CASC,150.00,150.00,210,F,17290,-0.2501
7290,P1,CASC,150.00,149.97,210,F,17350,-0.2498
7300,P1,CASC,150.00,155.02,206,F,17412,-0.3000
7310,P1,CASC,150.00,152.53,208,F,17473,-0.3253
7320,P1,CASC,150.00,157.52,204,F,17536,-0.4004
7330,P1,CASC,150.00,152.45,208,F,17597,-0.4250
7340,P1,CASC,150.00,150.05,209,F,17657,-0.4254
7350,P1,CASC,150.00,149.99,209,F,17717,-0.4253
7360,P1,CASC,150.00,149.99,209,F,17777,-0.4251
7370,P1,CASC,150.00,155.02,205,F,17839,-0.4753
7380,P1,CASC,150.00,167.52,195,F,17906,-0.6504
7390,P1,CASC,150.00,147.47,209,F,17965,-0.6252
7400,P1,CASC,150.00,139.99,212,F,18021,-0.5250
7410,P1,CASC,150.00,142.53,211,F,18078,-0.4503
7420,P1,CASC,150.00,152.50,207,F,18139,-0.4753
7430,P1,CASC,150.00,152.47,207,F,18200,-0.5000
7440,P1,CASC,150.00,150.03,209,F,18260,-0.5003
7450,P1,CASC,150.00,152.45,207,F,18321,-0.5248
7460,P1,CASC,150.00,152.53,207,F,18382,-0.5501
7470,P1,CASC,150.00,150.00,209,F,18442,-0.5501
7480,P1,CASC,150.00,149.99,209,F,18502,-0.5500
7490,P1,CASC,150.00,147.49,210,F,18561,-0.5248
7500,P1,CASC,150.00,152.52,207,F,18622,-0.5500
7510,P1,CASC,150.00,152.53,207,F,18683,-0.5753
7520,P1,CASC,150.00,152.47,207,F,18744,-0.6000
7530,P1,CASC,150.00,152.53,207,F,18805,-0.6253
7540,P1,CASC,150.00,147.47,210,F,18864,-0.6000
7550,P1,CASC,150.00,147.51,210,F,18923,-0.5752
7560,P1,CASC,150.00,144.99,210,F,18981,-0.5250
7570,P1,CASC,150.00,147.49,210,F,19040,-0.4999
7580,P1,CASC,150.00,145.06,211,F,19098,-0.4504
7590,P1,CASC,150.00,147.50,210,F,19157,-0.4254
7600,P1,CASC,150.00,147.47,210,F,19216,-0.4001
7610,P1,CASC,150.00,150.00,210,F,19276,-0.4001
7620,P1,CASC,150.00,149.97,209,F,19336,-0.3998
7630,P1,CASC,150.00,150.05,209,F,19396,-0.4003
7640,P1,CASC,150.00,142.49,212,F,19453,-0.3252
7650,P1,CASC,150.00,144.97,211,F,19511,-0.2749
7660,P1,CASC,150.00,147.56,210,F,19570,-0.2505
7670,P1,CASC,150.00,150.00,210,F,19630,-0.2505
7680,P1,CASC,150.00,149.97,210,F,19690,-0.2502
7690,P1,CASC,150.00,147.50,211,F,19749,-0.2252
7700,P1,CASC,150.00,154.98,206,F,19811,-0.2750
7710,P1,CASC,150.00,152.53,208,F,19872,-0.3003
7720,P1,CASC,150.00,154.97,206,F,19934,-0.3500
7730,P1,CASC,150.00,155.05,206,F,19996,-0.4005
7740,P1,CASC,150.00,149.97,209,F,20056,-0.4002
7750,P1,CASC,150.00,149.99,209,F,20116,-0.4000
7760,P1,CASC,150.00,147.53,210,F,20175,-0.3753
7770,P1,CASC,150.00,155.00,206,F,20237,-0.4253
7780,P1,CASC,150.00,167.47,196,F,20304,-0.6000
7790,P1,CASC,150.00,150.05,209,F,20364,-0.6004
7800,P1,CASC,150.00,142.44,211,F,20421,-0.5249
7810,P1,CASC,150.00,140.01,212,F,20477,-0.4250
7820,P1,CASC,150.00,152.53,207,F,20538,-0.4503
7830,P1,CASC,150.00,155.00,205,F,20600,-0.5003
7840,P1,CASC,150.00,149.99,209,F,20660,-0.5001
7850,P1,CASC,150.00,152.52,207,F,20721,-0.5253
7860,P1,CASC,150.00,152.50,207,F,20782,-0.5503
7870,P1,CASC,150.00,149.99,209,F,20842,-0.5501
7880,P1,CASC,150.00,150.03,209,F,20902,-0.5504
7890,P1,CASC,150.00,150.00,209,F,20962,-0.5504
7900,P1,CASC,150.00,152.47,207,F,21023,-0.5751
7910,P1,CASC,150.00,154.97,205,F,21085,-0.6248
7920,P1,CASC,150.00,152.53,207,F,21146,-0.6501
7930,P1,CASC,150.00,152.52,207,F,21207,-0.6753
7940,P1,CASC,150.00,147.49,209,F,21266,-0.6501
7950,P1,CASC,150.00,147.51,209,F,21325,-0.6253
7960,P1,CASC,150.00,147.47,210,F,21384,-0.6000
7970,P1,CASC,150.00,147.50,210,F,21443,-0.5750
7980,P1,CASC,150.00,145.01,210,F,21501,-0.5251
7990,P1,CASC,150.00,147.53,210,F,21560,-0.5004
8000,P1,CASC,150.00,149.96,209,F,21620,-0.5000
8010,P1,CASC,150.00,150.05,209,F,21680,-0.5004
8020,P1,CASC,150.00,149.94,209,F,21740,-0.4998
8030,P1,CASC,150.00,150.01,209,F,21800,-0.5000
8040,P1,CASC,150.00,145.01,211,F,21858,-0.4501
8050,P1,CASC,150.00,145.03,211,F,21916,-0.4004
8060,P1,CASC,150.00,147.46,210,F,21975,-0.3750
8070,P1,CASC,150.00,149.99,209,F,22035,-0.3748
8080,P1,CASC,150.00,150.03,210,F,22095,-0.3751
8090,P1,CASC,150.00,150.03,210,F,22155,-0.3754
8100,P1,CASC,150.00,154.95,206,F,22217,-0.4250
8110,P1,CASC,150.00,155.00,205,F,22279,-0.4750
8120,P1,CASC,150.00,157.48,203,F,22342,-0.5498
8130,P1,CASC,150.00,152.55,207,F,22403,-0.5753
8140,P1,CASC,150.00,147.50,210,F,22462,-0.5503
8150,P1,CASC,150.00,150.01,209,F,22522,-0.5504
8160,P1,CASC,150.00,149.97,209,F,22582,-0.5501
8170,P1,CASC,150.00,157.50,203,F,22645,-0.6251
8180,P1,CASC,150.00,165.02,197,F,22711,-0.7753
8190,P1,CASC,150.00,147.51,209,F,22770,-0.7504
8200,P1,CASC,150.00,142.46,211,F,22827,-0.6750
8210,P1,CASC,150.00,140.04,212,F,22883,-0.5754
8220,P1,CASC,150.00,152.45,207,F,22944,-0.6000
8230,P1,CASC,150.00,152.50,207,F,23005,-0.6250
8240,P1,CASC,150.00,150.05,209,F,23065,-0.6254
8250,P1,CASC,150.00,152.50,207,F,23126,-0.6504
8260,P1,CASC,150.00,149.97,209,F,23186,-0.6501
8270,P1,CASC,150.00,149.99,209,F,23246,-0.6500
8280,P1,CASC,150.00,150.01,209,F,23306,-0.6501
8290,P1,CASC,150.00,149.99,209,F,23366,-0.6500
8300,P1,CASC,150.00,150.05,209,F,23426,-0.6504
8310,P1,CASC,150.00,154.95,205,F,23488,-0.6999
8320,P1,CASC,150.00,152.50,207,F,23549,-0.7249
8330,P1,CASC,150.00,150.03,209,F,23609,-0.7252
8340,P1,CASC,150.00,147.47,209,F,23668,-0.7000
8350,P1,CASC,150.00,147.47,209,F,23727,-0.6747
8360,P1,CASC,150.00,145.04,210,F,23785,-0.6251
8370,P1,CASC,150.00,147.47,210,F,23844,-0.5998
8380,P1,CASC,150.00,145.03,210,F,23902,-0.5501
8390,P1,CASC,150.00,145.00,211,F,23960,-0.5001
8400,P1,CASC,150.00,147.47,210,F,24019,-0.4748
8410,P1,CASC,150.00,150.06,209,F,24079,-0.4754
8420,P1,CASC,150.00,149.99,209,F,24139,-0.4752
8430,P1,CASC,150.00,147.51,210,F,24198,-0.4504
8440,P1,CASC,150.00,144.97,211,F,24256,-0.4001
8450,P1,CASC,150.00,145.01,211,F,24314,-0.3502
8460,P1,CASC,150.00,144.99,211,F,24372,-0.3001
8470,P1,CASC,150.00,149.99,210,F,24432,-0.3000
8480,P1,CASC,150.00,149.99,210,F,24492,-0.2998
8490,P1,CASC,150.00,147.54,210,F,24551,-0.2752
8500,P1,CASC,150.00,152.52,208,F,24612,-0.3004
8510,P1,CASC,150.00,154.95,206,F,24674,-0.3499
8520,P1,CASC,150.00,155.02,206,F,24736,-0.4001
8530,P1,CASC,150.00,152.53,207,F,24797,-0.4254
8540,P1,CASC,150.00,150.00,209,F,24857,-0.4254
8550,P1,CASC,150.00,149.96,209,F,24917,-0.4249
8560,P1,CASC,150.00,147.54,210,F,24976,-0.4004
8570,P1,CASC,150.00,152.50,208,F,25037,-0.4254
8580,P1,CASC,150.00,167.45,196,F,25104,-0.5999
8590,P1,CASC,150.00,150.00,209,F,25164,-0.5999
8600,P1,CASC,150.00,135.01,214,F,25218,-0.4500
8610,P1,CASC,150.00,142.50,212,F,25275,-0.3750
8620,P1,CASC,150.00,155.03,206,F,25337,-0.4253
8630,P1,CASC,150.00,150.00,209,F,25397,-0.4253
8640,P1,CASC,150.00,152.50,207,F,25458,-0.4503
8650,P1,CASC,150.00,152.48,207,F,25519,-0.4752
8660,P1,CASC,150.00,150.00,209,F,25579,-0.4752
8670,P1,CASC,150.00,149.99,209,F,25639,-0.4750
8680,P1,CASC,150.00,149.97,209,F,25699,-0.4747
8690,P1,CASC,150.00,147.54,210,F,25758,-0.4502
8700,P1,CASC,150.00,152.50,207,F,25819,-0.4752
8710,P1,CASC,150.00,152.50,207,F,25880,-0.5002
8720,P1,CASC,150.00,152.50,207,F,25941,-0.5252
8730,P1,CASC,150.00,152.38,207,F,26002,-0.5489
8740,P1,CASC,150.00,147.60,210,F,26061,-0.5250
8750,P1,CASC,150.00,144.99,211,F,26119,-0.4748
8760,P1,CASC,150.00,147.54,210,F,26178,-0.4503
8770,P1,CASC,150.00,147.44,210,F,26237,-0.4247
8780,P1,CASC,150.00,145.06,211,F,26295,-0.3753
8790,P1,CASC,150.00,147.50,210,F,26354,-0.3503
8800,P1,CASC,150.00,144.94,211,F,26412,-0.2997
8810,P1,CASC,150.00,150.05,210,F,26472,-0.3001
8820,P1,CASC,150.00,152.52,208,F,26533,-0.3253
8830,P1,CASC,150.00,147.49,210,F,26592,-0.3001
8840,P1,CASC,150.00,144.97,211,F,26650,-0.2499
8850,P1,CASC,150.00,145.00,211,F,26708,-0.1999
8860,P1,CASC,150.00,147.53,211,F,26767,-0.1751
8870,P1,CASC,150.00,149.99,210,F,26827,-0.1750
8880,P1,CASC,150.00,150.01,210,F,26887,-0.1751
8890,P1,CASC,150.00,149.97,210,F,26947,-0.1748
8900,P1,CASC,150.00,155.00,206,F,27009,-0.2248
8910,P1,CASC,150.00,155.00,206,F,27071,-0.2748
8920,P1,CASC,150.00,155.02,206,F,27133,-0.3250
8930,P1,CASC,150.00,154.98,206,F,27195,-0.3748
8940,P1,CASC,150.00,150.03,210,F,27255,-0.3751
8950,P1,CASC,150.00,149.97,209,F,27315,-0.3748
8960,P1,CASC,150.00,150.03,210,F,27375,-0.3751
8970,P1,CASC,150.00,154.97,206,F,27437,-0.4248
8980,P1,CASC,150.00,165.02,197,F,27503,-0.5750
8990,P1,CASC,150.00,152.50,207,F,27564,-0.6000
9000,P1,CASC,150.00,139.97,212,F,27620,-0.4997
9010,P1,CASC,200.00,142.51,242,F,27677,0.0751
9020,P1,CASC,200.00,155.02,248,F,27739,0.5250
9030,P1,CASC,200.00,160.00,248,F,27803,0.9250
9040,P1,CASC,200.00,165.02,247,F,27869,1.2748
9050,P1,CASC,200.00,169.98,247,F,27937,1.5750
9060,P1,CASC,200.00,175.00,246,F,28007,1.8250
9070,P1,CASC,200.00,175.02,247,F,28077,2.0748
9080,P1,CASC,200.00,180.02,246,F,28149,2.2746
9090,P1,CASC,200.00,187.44,244,F,28224,2.4002
9100,P1,CASC,200.00,190.04,243,F,28300,2.4998
9110,P1,CASC,200.00,190.00,244,F,28376,2.5998
9120,P1,CASC,200.00,195.02,242,F,28454,2.6496
9130,P1,CASC,200.00,192.44,243,F,28531,2.7252
9140,P1,CASC,200.00,192.54,244,F,28608,2.7998
9150,P1,CASC,200.00,192.48,244,F,28685,2.8750
9160,P1,CASC,200.00,197.50,242,F,28764,2.9000
9170,P1,CASC,200.00,197.52,243,F,28843,2.9248
9180,P1,CASC,200.00,204.96,237,F,28925,2.8752
9190,P1,CASC,200.00,202.52,239,F,29006,2.8500
9200,P1,CASC,200.00,194.98,243,F,29084,2.9002
9210,P1,CASC,200.00,197.52,243,F,29163,2.9250
9220,P1,CASC,200.00,204.98,237,F,29245,2.8752
9230,P1,CASC,200.00,205.00,237,F,29327,2.8252
9240,P1,CASC,200.00,209.87,233,F,29411,2.7265
9250,P1,CASC,200.00,210.17,232,F,29495,2.6248
9260,P1,CASC,200.00,212.52,230,F,29580,2.4996
9270,P1,CASC,200.00,207.48,234,F,29663,2.4248
9280,P1,CASC,200.00,205.02,235,F,29745,2.3746
9290,P1,CASC,200.00,209.94,231,F,29829,2.2752
9300,P1,CASC,200.00,222.57,221,F,29918,2.0495
9310,P1,CASC,200.00,197.48,240,F,29997,2.0747
9320,P1,CASC,200.00,189.96,243,F,30073,2.1751
9330,P1,CASC,200.00,210.04,231,F,30157,2.0747
9340,P1,CASC,200.00,207.48,233,F,30240,1.9999
9350,P1,CASC,200.00,205.02,234,F,30322,1.9497
9360,P1,CASC,200.00,207.48,232,F,30405,1.8749
9370,P1,CASC,200.00,202.46,236,F,30486,1.8503
9380,P1,CASC,200.00,205.02,234,F,30568,1.8001
9390,P1,CASC,200.00,205.06,234,F,30650,1.7495
9400,P1,CASC,200.00,209.98,230,F,30734,1.6497
9410,P1,CASC,200.00,207.33,232,F,30817,1.5764
9420,P1,CASC,200.00,197.66,239,F,30896,1.5998
9430,P1,CASC,200.00,199.96,238,F,30976,1.6002
9440,P1,CASC,200.00,202.48,235,F,31057,1.5754
9450,P1,CASC,200.00,197.54,239,F,31136,1.6000
9460,P1,CASC,200.00,200.02,237,F,31216,1.5998
9470,P1,CASC,200.00,202.44,235,F,31297,1.5754
9480,P1,CASC,200.00,202.54,235,F,31378,1.5500
9490,P1,CASC,200.00,197.54,239,F,31457,1.5746
9500,P1,CASC,200.00,197.40,239,F,31536,1.6006
9510,P1,CASC,200.00,200.06,237,F,31616,1.6000
9520,P1,CASC,200.00,205.02,233,F,31698,1.5498
9530,P1,CASC,200.00,202.46,235,F,31779,1.5252
9540,P1,CASC,200.00,207.48,231,F,31862,1.4504
9550,P1,CASC,200.00,212.56,227,F,31947,1.3248
9560,P1,CASC,200.00,207.48,231,F,32030,1.2500
9570,P1,CASC,200.00,202.44,235,F,32111,1.2256
9580,P1,CASC,200.00,202.54,234,F,32192,1.2002
9590,P1,CASC,200.00,217.48,223,F,32279,1.0254
9600,P1,CASC,200.00,205.02,232,F,32361,0.9752
9610,P1,CASC,200.00,192.52,239,F,32438,1.0500
9620,P1,CASC,200.00,192.52,239,F,32515,1.1248
9630,P1,CASC,200.00,207.46,230,F,32598,1.0502
9640,P1,CASC,200.00,202.56,234,F,32679,1.0246
9650,P1,CASC,200.00,204.94,232,F,32761,0.9752
9660,P1,CASC,200.00,202.50,234,F,32842,0.9502
9670,P1,CASC,200.00,202.48,234,F,32923,0.9254
9680,P1,CASC,200.00,200.02,236,F,33003,0.9252
9690,P1,CASC,200.00,207.56,230,F,33086,0.8496
9700,P1,CASC,200.00,204.98,232,F,33168,0.7998
9710,P1,CASC,200.00,202.48,233,F,33249,0.7750
9720,P1,CASC,200.00,200.02,235,F,33329,0.7748
9730,P1,CASC,200.00,197.38,237,F,33408,0.8010
9740,P1,CASC,200.00,195.12,237,F,33486,0.8498
9750,P1,CASC,200.00,197.44,237,F,33565,0.8754
9760,P1,CASC,200.00,197.54,237,F,33644,0.9000
9770,P1,CASC,200.00,205.00,232,F,33726,0.8500
9780,P1,CASC,200.00,200.04,236,F,33806,0.8496
9790,P1,CASC,200.00,192.42,238,F,33883,0.9254
9800,P1,CASC,200.00,192.56,238,F,33960,0.9998
9810,P1,CASC,200.00,202.48,234,F,34041,0.9750
9820,P1,CASC,200.00,200.02,236,F,34121,0.9748
9830,P1,CASC,200.00,207.52,230,F,34204,0.8996
9840,P1,CASC,200.00,207.44,230,F,34287,0.8252
9850,P1,CASC,200.00,207.50,230,F,34370,0.7502
9860,P1,CASC,200.00,205.06,231,F,34452,0.6996
9870,P1,CASC,200.00,199.96,235,F,34532,0.7000
9880,P1,CASC,200.00,205.00,231,F,34614,0.6500
9890,P1,CASC,200.00,217.50,221,F,34701,0.4750
9900,P1,CASC,200.00,199.96,235,F,34781,0.4754
9910,P1,CASC,200.00,195.08,236,F,34859,0.5246
9920,P1,CASC,200.00,192.46,237,F,34936,0.6000
9930,P1,CASC,200.00,204.98,231,F,35018,0.5502
9940,P1,CASC,200.00,202.54,233,F,35099,0.5248
9950,P1,CASC,200.00,204.98,231,F,35181,0.4750
9960,P1,CASC,200.00,202.54,233,F,35262,0.4496
9970,P1,CASC,200.00,199.92,235,F,35342,0.4504
9980,P1,CASC,200.00,202.56,233,F,35423,0.4248
9990,P1,CASC,200.00,204.96,231,F,35505,0.3752
10000,P1,CASC,200.00,205.06,230,F,35587,0.3246
10010,P1,CASC,200.00,202.48,232,F,35668,0.2998
10020,P1,CASC,200.00,197.52,235,F,35747,0.3246
10030,P1,CASC,200.00,197.46,235,F,35826,0.3500
10040,P1,CASC,200.00,197.54,235,F,35905,0.3746
10050,P1,CASC,200.00,195.00,236,F,35983,0.4246
10060,P1,CASC,200.00,200.00,235,F,36063,0.4246
10070,P1,CASC,200.00,202.48,233,F,36144,0.3998
10080,P1,CASC,200.00,197.46,235,F,36223,0.4252
10090,P1,CASC,200.00,192.52,237,F,36300,0.5000
10100,P1,CASC,200.00,194.96,237,F,36378,0.5504
10110,P1,CASC,200.00,197.56,236,F,36457,0.5748
10120,P1,CASC,200.00,202.48,233,F,36538,0.5500
10130,P1,CASC,200.00,204.98,231,F,36620,0.5002
10140,P1,CASC,200.00,207.56,229,F,36703,0.4246
10150,P1,CASC,200.00,204.98,231,F,36785,0.3748
10160,P1,CASC,200.00,202.50,232,F,36866,0.3498
10170,P1,CASC,200.00,199.94,235,F,36946,0.3504
10180,P1,CASC,200.00,205.00,230,F,37028,0.3004
10190,P1,CASC,200.00,215.06,222,F,37114,0.1497
10200,P1,CASC,200.00,197.46,235,F,37193,0.1751
10210,P1,CASC,200.00,187.54,238,F,37268,0.2998
10220,P1,CASC,200.00,202.50,232,F,37349,0.2748
10230,P1,CASC,200.00,202.52,232,F,37430,0.2496
10240,P1,CASC,200.00,202.46,232,F,37511,0.2250
10250,P1,CASC,200.00,202.52,232,F,37592,0.1998
10260,P1,CASC,200.00,200.02,234,F,37672,0.1996
10270,P1,CASC,200.00,199.94,234,F,37752,0.2002
10280,P1,CASC,200.00,205.00,230,F,37834,0.1502
10290,P1,CASC,200.00,205.00,230,F,37916,0.1002
10300,P1,CASC,200.00,202.56,232,F,37997,0.0746
10310,P1,CASC,200.00,199.98,234,F,38077,0.0748
10320,P1,CASC,200.00,195.00,235,F,38155,0.1248
10330,P1,CASC,200.00,197.52,235,F,38234,0.1496
10340,P1,CASC,200.00,197.46,235,F,38313,0.1750
10350,P1,CASC,200.00,195.02,236,F,38391,0.2248
10360,P1,CASC,200.00,197.52,235,F,38470,0.2496
10370,P1,CASC,200.00,204.92,230,F,38552,0.2004
10380,P1,CASC,200.00,195.04,236,F,38630,0.2500
10390,P1,CASC,200.00,192.52,237,F,38707,0.3248
10400,P1,CASC,200.00,194.98,236,F,38785,0.3750
10410,P1,CASC,200.00,197.46,235,F,38864,0.4004
10420,P1,CASC,200.00,202.42,233,F,38945,0.3762
10430,P1,CASC,200.00,205.16,230,F,39027,0.3246
10440,P1,CASC,200.00,207.40,228,F,39110,0.2506
10450,P1,CASC,200.00,205.00,230,F,39192,0.2006
10460,P1,CASC,200.00,200.08,234,F,39272,0.1998
10470,P1,CASC,200.00,199.94,234,F,39352,0.2004
10480,P1,CASC,200.00,205.06,230,F,39434,0.1498
10490,P1,CASC,200.00,217.37,220,F,39521,-0.0239
10500,P1,CASC,200.00,195.08,235,F,39599,0.0253
10510,P1,CASC,200.00,185.04,238,F,39673,0.1749
10520,P1,CASC,200.00,202.46,232,F,39754,0.1503
10530,P1,CASC,200.00,202.48,232,F,39835,0.1255
10540,P1,CASC,200.00,202.52,232,F,39916,0.1003
10550,P1,CASC,200.00,200.04,234,F,39996,0.0999
10560,P1,CASC,200.00,197.44,235,F,40075,0.1255
10570,P1,CASC,200.00,200.02,234,F,40155,0.1253
10580,P1,CASC,200.00,202.54,232,F,40236,0.0999
10590,P1,CASC,200.00,204.98,230,F,40318,0.0501
10600,P1,CASC,200.00,202.40,232,F,40399,0.0261
10610,P1,CASC,200.00,197.60,234,F,40478,0.0502
10620,P1,CASC,200.00,195.02,235,F,40556,0.1000
10630,P1,CASC,200.00,197.46,235,F,40635,0.1254
10640,P1,CASC,200.00,195.02,235,F,40713,0.1752
10650,P1,CASC,200.00,192.54,236,F,40790,0.2498
10660,P1,CASC,200.00,197.50,235,F,40869,0.2748
10670,P1,CASC,200.00,202.44,232,F,40950,0.2504
10680,P1,CASC,200.00,195.02,236,F,41028,0.3002
10690,P1,CASC,200.00,190.00,238,F,41104,0.4002
10700,P1,CASC,200.00,195.00,236,F,41182,0.4502
10710,P1,CASC,200.00,195.02,236,F,41260,0.5000
10720,P1,CASC,200.00,200.00,235,F,41340,0.5000
10730,P1,CASC,200.00,205.02,231,F,41422,0.4498
10740,P1,CASC,200.00,204.94,231,F,41504,0.4004
10750,P1,CASC,200.00,205.00,230,F,41586,0.3504
10760,P1,CASC,200.00,200.02,234,F,41666,0.3502
10770,P1,CASC,200.00,199.98,234,F,41746,0.3504
10780,P1,CASC,200.00,202.50,232,F,41827,0.3254
10790,P1,CASC,200.00,214.98,222,F,41913,0.1756
10800,P1,CASC,200.00,197.54,235,F,41992,0.2002
10810,P1,CASC,200.00,185.02,239,F,42066,0.3500
10820,P1,CASC,200.00,202.50,232,F,42147,0.3250
10830,P1,CASC,200.00,202.48,232,F,42228,0.3002
10840,P1,CASC,200.00,200.00,234,F,42308,0.3002
10850,P1,CASC,200.00,202.50,232,F,42389,0.2752
10860,P1,CASC,200.00,199.96,234,F,42469,0.2756
10870,P1,CASC,200.00,200.04,234,F,42549,0.2752
10880,P1,CASC,200.00,202.52,232,F,42630,0.2500
10890,P1,CASC,200.00,202.48,232,F,42711,0.2252
10900,P1,CASC,200.00,202.50,232,F,42792,0.2002
10910,P1,CASC,200.00,200.00,234,F,42872,0.2002
10920,P1,CASC,200.00,194.98,236,F,42950,0.2504
10930,P1,CASC,200.00,197.54,235,F,43029,0.2750
10940,P1,CASC,200.00,194.94,236,F,43107,0.3256
10950,P1,CASC,200.00,194.90,236,F,43185,0.3766
10960,P1,CASC,200.00,197.68,235,F,43264,0.3998
10970,P1,CASC,200.00,199.92,235,F,43344,0.4006
10980,P1,CASC,200.00,197.58,235,F,43423,0.4248
10990,P1,CASC,200.00,189.98,238,F,43499,0.5250
11000,P1,CASC,200.00,194.94,237,F,43577,0.5756
11010,P1,CASC,200.00,195.08,237,F,43655,0.6248
11020,P1,CASC,200.00,199.94,235,F,43735,0.6254
11030,P1,CASC,200.00,205.06,231,F,43817,0.5748
11040,P1,CASC,200.00,207.31,229,F,43900,0.5017
11050,P1,CASC,200.00,202.66,233,F,43981,0.4750
11060,P1,CASC,200.00,202.46,233,F,44062,0.4505
11070,P1,CASC,200.00,197.48,236,F,44141,0.4757
11080,P1,CASC,200.00,205.06,231,F,44223,0.4250
11090,P1,CASC,200.00,215.00,223,F,44309,0.2750
11100,P1,CASC,200.00,197.48,235,F,44388,0.3002
11110,P1,CASC,200.00,182.46,240,F,44461,0.4756
11120,P1,CASC,200.00,205.02,231,F,44543,0.4254
11130,P1,CASC,200.00,202.52,233,F,44624,0.4002
11140,P1,CASC,200.00,199.98,235,F,44704,0.4004
11150,P1,CASC,200.00,202.52,232,F,44785,0.3752
11160,P1,CASC,200.00,200.04,234,F,44865,0.3748
11170,P1,CASC,200.00,200.00,234,F,44945,0.3748
11180,P1,CASC,200.00,202.50,232,F,45026,0.3498
11190,P1,CASC,200.00,204.94,230,F,45108,0.3004
11200,P1,CASC,200.00,202.54,232,F,45189,0.2750
11210,P1,CASC,200.00,200.00,234,F,45269,0.2750
11220,P1,CASC,200.00,195.02,236,F,45347,0.3248
11230,P1,CASC,200.00,197.44,235,F,45426,0.3504
11240,P1,CASC,200.00,195.00,236,F,45504,0.4004
11250,P1,CASC,200.00,192.48,237,F,45581,0.4756
11260,P1,CASC,200.00,200.06,235,F,45661,0.4750
11270,P1,CASC,200.00,199.96,235,F,45741,0.4754
11280,P1,CASC,200.00,197.56,236,F,45820,0.4998
11290,P1,CASC,200.00,190.00,238,F,45896,0.5998
11300,P1,CASC,200.00,194.92,237,F,45974,0.6506
11310,P1,CASC,200.00,197.52,236,F,46053,0.6754
11320,P1,CASC,200.00,200.06,235,F,46133,0.6748
11330,P1,CASC,200.00,202.50,233,F,46214,0.6498
11340,P1,CASC,200.00,207.48,229,F,46297,0.5750
11350,P1,CASC,200.00,205.00,231,F,46379,0.5250
11360,P1,CASC,200.00,200.00,235,F,46459,0.5250
11370,P1,CASC,200.00,199.96,235,F,46539,0.5254
11380,P1,CASC,200.00,205.00,231,F,46621,0.4754
11390,P1,CASC,200.00,215.02,223,F,46707,0.3252
11400,P1,CASC,200.00,199.92,234,F,46787,0.3260
11410,P1,CASC,200.00,182.55,240,F,46860,0.5004
11420,P1,CASC,200.00,202.54,233,F,46941,0.4750
11430,P1,CASC,200.00,202.34,233,F,47022,0.4516
11440,P1,CASC,200.00,200.14,234,F,47102,0.4502
11450,P1,CASC,200.00,202.52,233,F,47183,0.4250
11460,P1,CASC,200.00,200.02,235,F,47263,0.4248
11470,P1,CASC,200.00,200.00,235,F,47343,0.4248
11480,P1,CASC,200.00,204.98,231,F,47425,0.3750
11490,P1,CASC,200.00,202.46,232,F,47506,0.3504
11500,P1,CASC,200.00,205.04,230,F,47588,0.3000
11510,P1,CASC,200.00,199.98,234,F,47668,0.3002
11520,P1,CASC,200.00,194.98,236,F,47746,0.3504
11530,P1,CASC,200.00,197.48,235,F,47825,0.3756
11540,P1,CASC,200.00,195.02,236,F,47903,0.4254
11550,P1,CASC,200.00,194.98,236,F,47981,0.4756
11560,P1,CASC,200.00,197.52,236,F,48060,0.5004
11570,P1,CASC,200.00,202.54,233,F,48141,0.4750
11580,P1,CASC,200.00,197.48,236,F,48220,0.5002
11590,P1,CASC,200.00,189.98,238,F,48296,0.6004
11600,P1,CASC,200.00,195.00,237,F,48374,0.6504
11610,P1,CASC,200.00,197.54,236,F,48453,0.6750
11620,P1,CASC,200.00,200.00,235,F,48533,0.6750
11630,P1,CASC,200.00,202.48,233,F,48614,0.6502
11640,P1,CASC,200.00,207.54,229,F,48697,0.5748
11650,P1,CASC,200.00,205.00,231,F,48779,0.5248
11660,P1,CASC,200.00,202.50,233,F,48860,0.4998
11670,P1,CASC,200.00,197.48,236,F,48939,0.5250
11680,P1,CASC,200.00,202.48,233,F,49020,0.5002
11690,P1,CASC,200.00,217.50,221,F,49107,0.3252
11700,P1,CASC,200.00,199.98,234,F,49187,0.3254
11710,P1,CASC,200.00,182.54,240,F,49260,0.5000
11720,P1,CASC,200.00,202.46,233,F,49341,0.4754
11730,P1,CASC,200.00,202.54,233,F,49422,0.4500
11740,P1,CASC,200.00,200.00,235,F,49502,0.4500
11750,P1,CASC,200.00,204.90,231,F,49584,0.4011
11760,P1,CASC,200.00,200.06,234,F,49664,0.4005
11770,P1,CASC,200.00,199.98,235,F,49744,0.4007
11780,P1,CASC,200.00,202.56,232,F,49825,0.3751
11790,P1,CASC,200.00,202.50,232,F,49906,0.3501
11800,P1,CASC,200.00,202.46,232,F,49987,0.3255
11810,P1,CASC,200.00,200.06,234,F,50067,0.3249
11820,P1,CASC,200.00,197.46,235,F,50146,0.3503
11830,P1,CASC,200.00,197.54,235,F,50225,0.3749
11840,P1,CASC,200.00,194.96,236,F,50303,0.4252
11850,P1,CASC,200.00,194.96,236,F,50381,0.4756
11860,P1,CASC,200.00,197.58,236,F,50460,0.4998
11870,P1,CASC,200.00,202.50,233,F,50541,0.4748
11880,P1,CASC,200.00,197.42,236,F,50620,0.5006
11890,P1,CASC,200.00,190.08,238,F,50696,0.5999
11900,P1,CASC,200.00,194.84,237,F,50774,0.6514
11910,P1,CASC,200.00,197.66,236,F,50853,0.6749
11920,P1,CASC,200.00,199.96,235,F,50933,0.6753
11930,P1,CASC,200.00,202.50,233,F,51014,0.6503
11940,P1,CASC,200.00,207.54,229,F,51097,0.5748
11950,P1,CASC,200.00,205.00,231,F,51179,0.5248
11960,P1,CASC,200.00,202.46,233,F,51260,0.5002
11970,P1,CASC,200.00,200.04,235,F,51340,0.4998
11980,P1,CASC,200.00,204.84,231,F,51422,0.4515
11990,P1,CASC,200.00,215.15,223,F,51508,0.3000
12000,P1,CASC,200.00,202.46,232,F,51589,0.2754
12010,P1,CASC,150.00,187.50,202,F,51664,-0.0996
12020,P1,CASC,150.00,195.06,174,F,51742,-0.5502
12030,P1,CASC,150.00,197.46,171,F,51821,-1.0248
12040,P1,CASC,150.00,192.52,174,F,51898,-1.4500
12050,P1,CASC,150.00,189.96,175,F,51974,-1.8496
12060,P1,CASC,150.00,190.02,174,F,52050,-2.2498
12070,P1,CASC,150.00,180.02,181,F,52122,-2.5500
12080,P1,CASC,150.00,180.00,180,F,52194,-2.8500
12090,P1,CASC,150.00,182.46,178,F,52267,-3.1746
12100,P1,CASC,150.00,180.02,179,F,52339,-3.4748
12110,P1,CASC,150.00,172.53,184,F,52408,-3.7002
12120,P1,CASC,150.00,169.97,185,F,52476,-3.8998
12130,P1,CASC,150.00,165.02,189,F,52542,-4.0500
12140,P1,CASC,150.00,162.47,191,F,52607,-4.1747
12150,P1,CASC,150.00,157.50,194,F,52670,-4.2497
12160,P1,CASC,150.00,160.05,192,F,52734,-4.3501
12170,P1,CASC,150.00,154.94,196,F,52796,-4.3995
12180,P1,CASC,150.00,155.06,196,F,52858,-4.4501
12190,P1,CASC,150.00,159.97,192,F,52922,-4.5498
12200,P1,CASC,150.00,150.01,199,F,52982,-4.5500
12210,P1,CASC,150.00,149.99,198,F,53042,-4.5498
12220,P1,CASC,150.00,144.99,199,F,53100,-4.4997
12230,P1,CASC,150.00,142.53,200,F,53157,-4.4250
12240,P1,CASC,150.00,147.49,199,F,53216,-4.3998
12250,P1,CASC,150.00,142.53,200,F,53273,-4.3251
12260,P1,CASC,150.00,147.50,199,F,53332,-4.3001
12270,P1,CASC,150.00,142.46,201,F,53389,-4.2247
12280,P1,CASC,150.00,147.53,199,F,53448,-4.2000
12290,P1,CASC,150.00,147.50,199,F,53507,-4.1750
12300,P1,CASC,150.00,144.96,200,F,53565,-4.1245
12310,P1,CASC,150.00,142.50,201,F,53622,-4.0495
12320,P1,CASC,150.00,137.53,203,F,53677,-3.9248
12330,P1,CASC,150.00,142.50,202,F,53734,-3.8498
12340,P1,CASC,150.00,139.97,203,F,53790,-3.7495
12350,P1,CASC,150.00,142.53,202,F,53847,-3.6748
12360,P1,CASC,150.00,154.98,197,F,53909,-3.7246
12370,P1,CASC,150.00,140.01,203,F,53965,-3.6248
12380,P1,CASC,150.00,130.01,207,F,54017,-3.4249
12390,P1,CASC,150.00,127.49,208,F,54068,-3.1998
12400,P1,CASC,150.00,145.03,203,F,54126,-3.1501
12410,P1,CASC,150.00,139.96,205,F,54182,-3.0497
12420,P1,CASC,150.00,142.51,204,F,54239,-2.9748
12430,P1,CASC,150.00,142.53,204,F,54296,-2.9001
12440,P1,CASC,150.00,142.46,205,F,54353,-2.8247
12450,P1,CASC,150.00,142.50,205,F,54410,-2.7497
12460,P1,CASC,150.00,140.04,206,F,54466,-2.6501
12470,P1,CASC,150.00,142.46,205,F,54523,-2.5747
12480,P1,CASC,150.00,140.00,206,F,54579,-2.4747
12490,P1,CASC,150.00,145.01,205,F,54637,-2.4248
12500,P1,CASC,150.00,145.01,205,F,54695,-2.3749
12510,P1,CASC,150.00,145.00,205,F,54753,-2.3249
12520,P1,CASC,150.00,142.49,206,F,54810,-2.2498
12530,P1,CASC,150.00,139.99,207,F,54866,-2.1497
12540,P1,CASC,150.00,140.01,208,F,54922,-2.0498
12550,P1,CASC,150.00,137.47,209,F,54977,-1.9245
12560,P1,CASC,150.00,142.54,207,F,55034,-1.8500
12570,P1,CASC,150.00,137.49,209,F,55089,-1.7248
12580,P1,CASC,150.00,142.51,208,F,55146,-1.6500
12590,P1,CASC,150.00,139.99,209,F,55202,-1.5498
12600,P1,CASC,150.00,142.50,208,F,55259,-1.4748
12610,P1,CASC,150.00,147.50,207,F,55318,-1.4498
12620,P1,CASC,150.00,142.51,209,F,55375,-1.3750
12630,P1,CASC,150.00,142.51,209,F,55432,-1.3001
12640,P1,CASC,150.00,139.96,210,F,55488,-1.1997
12650,P1,CASC,150.00,140.01,210,F,55544,-1.0998
12660,P1,CASC,150.00,145.03,209,F,55602,-1.0501
12670,P1,CASC,150.00,142.49,210,F,55659,-0.9750
12680,P1,CASC,150.00,147.46,209,F,55718,-0.9495
12690,P1,CASC,150.00,147.54,209,F,55777,-0.9250
12700,P1,CASC,150.00,150.01,208,F,55837,-0.9251
12710,P1,CASC,150.00,152.50,206,F,55898,-0.9501
12720,P1,CASC,150.00,149.96,208,F,55958,-0.9497
12730,P1,CASC,150.00,149.99,208,F,56018,-0.9495
12740,P1,CASC,150.00,147.51,209,F,56077,-0.9247
12750,P1,CASC,150.00,147.51,209,F,56136,-0.8998
12760,P1,CASC,150.00,147.50,209,F,56195,-0.8748
12770,P1,CASC,150.00,155.00,204,F,56257,-0.9248
12780,P1,CASC,150.00,162.52,198,F,56322,-1.0500
12790,P1,CASC,150.00,144.97,209,F,56380,-0.9997
12800,P1,CASC,150.00,137.53,212,F,56435,-0.8750
12810,P1,CASC,150.00,142.47,210,F,56492,-0.7997
12820,P1,CASC,150.00,150.01,209,F,56552,-0.7998
12830,P1,CASC,150.00,152.52,207,F,56613,-0.8250
12840,P1,CASC,150.00,149.97,208,F,56673,-0.8247
12850,P1,CASC,150.00,149.99,208,F,56733,-0.8245
12860,P1,CASC,150.00,150.06,208,F,56793,-0.8251
12870,P1,CASC,150.00,147.50,209,F,56852,-0.8001
12880,P1,CASC,150.00,150.00,209,F,56912,-0.8001
12890,P1,CASC,150.00,147.49,209,F,56971,-0.7750
12900,P1,CASC,150.00,152.45,207,F,57032,-0.7995
12910,P1,CASC,150.00,152.56,206,F,57093,-0.8251
12920,P1,CASC,150.00,149.99,208,F,57153,-0.8250
12930,P1,CASC,150.00,149.99,208,F,57213,-0.8248
12940,P1,CASC,150.00,147.51,209,F,57272,-0.8000
12950,P1,CASC,150.00,147.47,209,F,57331,-0.7747
12960,P1,CASC,150.00,145.03,210,F,57389,-0.7250
12970,P1,CASC,150.00,147.47,209,F,57448,-0.6997
12980,P1,CASC,150.00,145.01,210,F,57506,-0.6498
12990,P1,CASC,150.00,144.99,210,F,57564,-0.5997
13000,P1,CASC,150.00,147.53,210,F,57623,-0.5750
13010,P1,CASC,150.00,150.00,209,F,57683,-0.5750
13020,P1,CASC,150.00,149.99,209,F,57743,-0.5748
13030,P1,CASC,150.00,147.50,210,F,57802,-0.5498
13040,P1,CASC,150.00,145.01,211,F,57860,-0.5000
13050,P1,CASC,150.00,142.50,211,F,57917,-0.4250
13060,P1,CASC,150.00,147.51,210,F,57976,-0.4001
13070,P1,CASC,150.00,147.47,210,F,58035,-0.3748
13080,P1,CASC,150.00,149.97,209,F,58095,-0.3745
13090,P1,CASC,150.00,150.06,210,F,58155,-0.3751
13100,P1,CASC,150.00,152.50,208,F,58216,-0.4001
13110,P1,CASC,150.00,154.97,206,F,58278,-0.4498
13120,P1,CASC,150.00,155.02,205,F,58340,-0.5000
13130,P1,CASC,150.00,152.48,207,F,58401,-0.5248
13140,P1,CASC,150.00,147.47,210,F,58460,-0.4995
13150,P1,CASC,150.00,150.01,209,F,58520,-0.4997
13160,P1,CASC,150.00,150.01,209,F,58580,-0.4998
13170,P1,CASC,150.00,152.50,207,F,58641,-0.5248
13180,P1,CASC,150.00,165.00,197,F,58707,-0.6748
13190,P1,CASC,150.00,150.00,209,F,58767,-0.6748
13200,P1,CASC,150.00,142.50,211,F,58824,-0.5998
13210,P1,CASC,150.00,137.49,213,F,58879,-0.4747
13220,P1,CASC,150.00,152.55,207,F,58940,-0.5001
13230,P1,CASC,150.00,154.97,205,F,59002,-0.5498
13240,P1,CASC,150.00,149.99,209,F,59062,-0.5497
13250,P1,CASC,150.00,152.47,207,F,59123,-0.5744
13260,P1,CASC,150.00,150.03,209,F,59183,-0.5747
13270,P1,CASC,150.00,149.99,209,F,59243,-0.5745
13280,P1,CASC,150.00,150.03,209,F,59303,-0.5748
13290,P1,CASC,150.00,147.53,210,F,59362,-0.5501
13300,P1,CASC,150.00,152.45,207,F,59423,-0.5747
13310,P1,CASC,150.00,152.48,207,F,59484,-0.5995
13320,P1,CASC,150.00,152.50,207,F,59545,-0.6245
13330,P1,CASC,150.00,152.55,207,F,59606,-0.6500
13340,P1,CASC,150.00,147.46,209,F,59665,-0.6245
13350,P1,CASC,150.00,147.50,210,F,59724,-0.5995
13360,P1,CASC,150.00,145.03,210,F,59782,-0.5498
13370,P1,CASC,150.00,147.49,210,F,59841,-0.5247
13380,P1,CASC,150.00,147.51,210,F,59900,-0.4998
13390,P1,CASC,150.00,145.03,211,F,59958,-0.4501
13400,P1,CASC,150.00,147.44,210,F,60017,-0.4245
13410,P1,CASC,150.00,150.05,209,F,60077,-0.4250
13420,P1,CASC,150.00,150.01,209,F,60137,-0.4251
13430,P1,CASC,150.00,149.97,209,F,60197,-0.4248
13440,P1,CASC,150.00,142.50,212,F,60254,-0.3498
13450,P1,CASC,150.00,144.99,211,F,60312,-0.2997
13460,P1,CASC,150.00,147.47,210,F,60371,-0.2744
13470,P1,CASC,150.00,147.57,210,F,60430,-0.2501
13480,P1,CASC,150.00,149.97,210,F,60490,-0.2498
13490,P1,CASC,150.00,149.99,210,F,60550,-0.2497
13500,P1,CASC,150.00,152.53,208,F,60611,-0.2750
13510,P1,CASC,150.00,155.00,206,F,60673,-0.3250
13520,P1,CASC,150.00,155.02,206,F,60735,-0.3751
13530,P1,CASC,150.00,154.86,206,F,60797,-0.4237
13540,P1,CASC,150.00,147.60,210,F,60856,-0.3998
13550,P1,CASC,150.00,150.03,209,F,60916,-0.4001
13560,P1,CASC,150.00,150.00,210,F,60976,-0.4001
13570,P1,CASC,150.00,152.47,208,F,61037,-0.4248
13580,P1,CASC,150.00,167.52,195,F,61104,-0.5999
13590,P1,CASC,150.00,150.01,209,F,61164,-0.6001
13600,P1,CASC,150.00,139.99,212,F,61220,-0.4999
13610,P1,CASC,150.00,140.00,212,F,61276,-0.3999
13620,P1,CASC,150.00,155.00,206,F,61338,-0.4499
13630,P1,CASC,150.00,152.52,207,F,61399,-0.4751
13640,P1,CASC,150.00,149.99,209,F,61459,-0.4749
13650,P1,CASC,150.00,152.48,207,F,61520,-0.4998
13660,P1,CASC,150.00,152.50,207,F,61581,-0.5248
13670,P1,CASC,150.00,150.01,209,F,61641,-0.5249
13680,P1,CASC,150.00,149.99,209,F,61701,-0.5248
13690,P1,CASC,150.00,147.49,210,F,61760,-0.4996
13700,P1,CASC,150.00,152.52,207,F,61821,-0.5248
13710,P1,CASC,150.00,152.52,207,F,61882,-0.5500
13720,P1,CASC,150.00,152.48,207,F,61943,-0.5748
13730,P1,CASC,150.00,152.52,207,F,62004,-0.6000
13740,P1,CASC,150.00,147.47,210,F,62063,-0.5747
13750,P1,CASC,150.00,147.54,210,F,62122,-0.5501
13760,P1,CASC,150.00,144.99,211,F,62180,-0.5000
13770,P1,CASC,150.00,149.97,209,F,62240,-0.4997
13780,P1,CASC,150.00,145.04,211,F,62298,-0.4501
13790,P1,CASC,150.00,147.49,210,F,62357,-0.4249
13800,P1,CASC,150.00,147.51,210,F,62416,-0.4001
13810,P1,CASC,150.00,149.96,209,F,62476,-0.3996
13820,P1,CASC,150.00,152.50,208,F,62537,-0.4246
13830,P1,CASC,150.00,147.53,210,F,62596,-0.3999
13840,P1,CASC,150.00,144.99,211,F,62654,-0.3498
13850,P1,CASC,150.00,144.97,211,F,62712,-0.2995
13860,P1,CASC,150.00,145.01,211,F,62770,-0.2496
13870,P1,CASC,150.00,150.05,210,F,62830,-0.2501
13880,P1,CASC,150.00,149.96,210,F,62890,-0.2496
13890,P1,CASC,150.00,150.01,210,F,62950,-0.2498
13900,P1,CASC,150.00,152.48,208,F,63011,-0.2746
13910,P1,CASC,150.00,155.00,206,F,63073,-0.3246
13920,P1,CASC,150.00,157.44,204,F,63136,-0.3990
13930,P1,CASC,150.00,152.56,207,F,63197,-0.4246
13940,P1,CASC,150.00,150.00,209,F,63257,-0.4246
13950,P1,CASC,150.00,150.05,209,F,63317,-0.4251
13960,P1,CASC,150.00,147.49,210,F,63376,-0.3999
13970,P1,CASC,150.00,152.48,208,F,63437,-0.4248
13980,P1,CASC,150.00,167.50,196,F,63504,-0.5998
13990,P1,CASC,150.00,152.50,207,F,63565,-0.6248
14000,P1,CASC,150.00,137.53,213,F,63620,-0.5000
14010,P1,CASC,150.00,139.99,212,F,63676,-0.3999
14020,P1,CASC,150.00,154.97,206,F,63738,-0.4496
14030,P1,CASC,150.00,152.53,207,F,63799,-0.4749
14040,P1,CASC,150.00,152.52,207,F,63860,-0.5001
14050,P1,CASC,150.00,152.50,207,F,63921,-0.5251
14060,P1,CASC,150.00,147.44,210,F,63980,-0.4995
14070,P1,CASC,150.00,152.56,207,F,64041,-0.5251
14080,P1,CASC,150.00,149.94,209,F,64101,-0.5245
14090,P1,CASC,150.00,147.56,210,F,64160,-0.5001
14100,P1,CASC,150.00,152.48,207,F,64221,-0.5249
14110,P1,CASC,150.00,152.45,207,F,64282,-0.5495
14120,P1,CASC,150.00,155.00,205,F,64344,-0.5995
14130,P1,CASC,150.00,150.01,209,F,64404,-0.5996
14140,P1,CASC,150.00,147.50,210,F,64463,-0.5746
14150,P1,CASC,150.00,147.53,210,F,64522,-0.5499
14160,P1,CASC,150.00,147.50,210,F,64581,-0.5249
14170,P1,CASC,150.00,147.50,210,F,64640,-0.4999
14180,P1,CASC,150.00,144.99,211,F,64698,-0.4498
14190,P1,CASC,150.00,147.47,210,F,64757,-0.4245
14200,P1,CASC,150.00,147.51,210,F,64816,-0.3996
14210,P1,CASC,150.00,149.99,209,F,64876,-0.3995
14220,P1,CASC,150.00,152.53,208,F,64937,-0.4248
14230,P1,CASC,150.00,150.03,209,F,64997,-0.4251
14240,P1,CASC,150.00,142.44,212,F,65054,-0.3495
14250,P1,CASC,150.00,145.06,211,F,65112,-0.3001
14260,P1,CASC,150.00,147.47,210,F,65171,-0.2748
14270,P1,CASC,150.00,150.03,210,F,65231,-0.2751
14280,P1,CASC,150.00,149.97,210,F,65291,-0.2748
14290,P1,CASC,150.00,149.97,210,F,65351,-0.2745
14300,P1,CASC,150.00,152.55,208,F,65412,-0.2999
14310,P1,CASC,150.00,155.00,206,F,65474,-0.3499
14320,P1,CASC,150.00,157.52,204,F,65537,-0.4251
14330,P1,CASC,150.00,152.45,207,F,65598,-0.4496
14340,P1,CASC,150.00,150.03,209,F,65658,-0.4499
14350,P1,CASC,150.00,149.99,209,F,65718,-0.4498
14360,P1,CASC,150.00,149.99,209,F,65778,-0.4496
14370,P1,CASC,150.00,152.48,207,F,65839,-0.4745
14380,P1,CASC,150.00,170.07,193,F,65907,-0.6752
14390,P1,CASC,150.00,144.94,210,F,65965,-0.6246
14400,P1,CASC,150.00,142.54,211,F,66022,-0.5500
14410,P1,CASC,150.00,140.00,212,F,66078,-0.4500
14420,P1,CASC,150.00,155.02,205,F,66140,-0.5002
14430,P1,CASC,150.00,152.50,207,F,66201,-0.5252
14440,P1,CASC,150.00,149.96,209,F,66261,-0.5247
14450,P1,CASC,150.00,152.50,207,F,66322,-0.5497
14460,P1,CASC,150.00,150.03,209,F,66382,-0.5500
14470,P1,CASC,150.00,150.01,209,F,66442,-0.5502
14480,P1,CASC,150.00,150.00,209,F,66502,-0.5502
14490,P1,CASC,150.00,149.99,209,F,66562,-0.5500
14500,P1,CASC,150.00,152.47,207,F,66623,-0.5747
14510,P1,CASC,150.00,152.50,207,F,66684,-0.5997
14520,P1,CASC,150.00,152.53,207,F,66745,-0.6250
14530,P1,CASC,150.00,152.47,207,F,66806,-0.6497
14540,P1,CASC,150.00,147.50,209,F,66865,-0.6247
14550,P1,CASC,150.00,147.53,210,F,66924,-0.6000
14560,P1,CASC,150.00,145.01,210,F,66982,-0.5502
14570,P1,CASC,150.00,147.46,210,F,67041,-0.5247
14580,P1,CASC,150.00,147.53,210,F,67100,-0.5000
14590,P1,CASC,150.00,147.46,210,F,67159,-0.4746
14600,P1,CASC,150.00,147.50,210,F,67218,-0.4496
14610,P1,CASC,150.00,147.56,210,F,67277,-0.4252
14620,P1,CASC,150.00,152.44,208,F,67338,-0.4495
14630,P1,CASC,150.00,147.54,210,F,67397,-0.4250
14640,P1,CASC,150.00,144.97,211,F,67455,-0.3747
14650,P1,CASC,150.00,144.99,211,F,67513,-0.3246
14660,P1,CASC,150.00,145.03,211,F,67571,-0.2748
14670,P1,CASC,150.00,150.00,210,F,67631,-0.2748
14680,P1,CASC,150.00,149.99,210,F,67691,-0.2747
14690,P1,CASC,150.00,150.00,210,F,67751,-0.2747
14700,P1,CASC,150.00,155.00,206,F,67813,-0.3247
14710,P1,CASC,150.00,152.50,208,F,67874,-0.3497
14720,P1,CASC,150.00,157.48,204,F,67937,-0.4245
14730,P1,CASC,150.00,152.52,207,F,67998,-0.4497
14740,P1,CASC,150.00,149.94,209,F,68058,-0.4491
14750,P1,CASC,150.00,150.03,209,F,68118,-0.4494
14760,P1,CASC,150.00,147.54,210,F,68177,-0.4248
14770,P1,CASC,150.00,152.53,207,F,68238,-0.4501
14780,P1,CASC,150.00,167.48,195,F,68305,-0.6250
14790,P1,CASC,150.00,149.96,209,F,68365,-0.6245
14800,P1,CASC,150.00,137.56,213,F,68420,-0.5001
14810,P1,CASC,150.00,142.50,211,F,68477,-0.4251
14820,P1,CASC,150.00,154.95,206,F,68539,-0.4746
14830,P1,CASC,150.00,152.52,207,F,68600,-0.4998
14840,P1,CASC,150.00,150.03,209,F,68660,-0.5001
14850,P1,CASC,150.00,152.47,207,F,68721,-0.5248
14860,P1,CASC,150.00,150.03,209,F,68781,-0.5251
14870,P1,CASC,150.00,152.47,207,F,68842,-0.5497
14880,P1,CASC,150.00,147.47,210,F,68901,-0.5245
14890,P1,CASC,150.00,150.03,209,F,68961,-0.5248
14900,P1,CASC,150.00,152.53,207,F,69022,-0.5501
14910,P1,CASC,150.00,152.48,207,F,69083,-0.5749
14920,P1,CASC,150.00,152.48,207,F,69144,-0.5998
14930,P1,CASC,150.00,152.53,207,F,69205,-0.6251
14940,P1,CASC,150.00,147.50,210,F,69264,-0.6001
14950,P1,CASC,150.00,147.50,210,F,69323,-0.5751
14960,P1,CASC,150.00,144.96,210,F,69381,-0.5246
14970,P1,CASC,150.00,147.50,210,F,69440,-0.4996
14980,P1,CASC,150.00,147.53,210,F,69499,-0.4749
14990,P1,CASC,150.00,144.99,211,F,69557,-0.4248
15000,P1,CASC,150.00,147.53,210,F,69616,-0.4001
15010,P1,CASC,80.00,149.94,180,F,69676,-1.0995
15020,P1,CASC,80.00,150.05,150,F,69736,-1.7999
15030,P1,CASC,80.00,147.43,120,F,69795,-2.4742
15040,P1,CASC,80.00,137.53,111,F,69850,-3.0495
15050,P1,CASC,80.00,135.01,111,F,69904,-3.5996
15060,P1,CASC,80.00,132.50,112,F,69957,-4.1246
15070,P1,CASC,80.00,135.04,108,F,70011,-4.6750
15080,P1,CASC,80.00,127.49,113,F,70062,-5.1499
15090,P1,CASC,80.00,130.01,110,F,70114,-5.6500
15100,P1,CASC,80.00,122.49,115,F,70163,-6.0749
15110,P1,CASC,80.00,125.00,112,F,70213,-6.5249
15120,P1,CASC,80.00,119.99,115,F,70261,-6.9248
15130,P1,CASC,80.00,120.02,114,F,70309,-7.3250
15140,P1,CASC,80.00,115.00,117,F,70355,-7.6750
15150,P1,CASC,80.00,114.90,116,F,70401,-8.0240
15160,P1,CASC,80.00,107.58,121,F,70444,-8.2997
15170,P1,CASC,80.00,105.00,122,F,70486,-8.5497
15180,P1,CASC,80.00,102.49,124,F,70527,-8.7746
15190,P1,CASC,80.00,100.03,125,F,70567,-8.9749
15200,P1,CASC,80.00,99.97,125,F,70607,-9.1746
15210,P1,CASC,80.00,102.50,122,F,70648,-9.3996
15220,P1,CASC,80.00,112.53,113,F,70693,-9.7249
15230,P1,CASC,80.00,95.00,127,F,70731,-9.8749
15240,P1,CASC,80.00,89.97,130,F,70767,-9.9747
15250,P1,CASC,80.00,87.51,132,F,70802,-10.0498
15260,P1,CASC,80.00,82.52,136,F,70835,-10.0749
15270,P1,CASC,80.00,80.00,138,F,70867,-10.0749
15280,P1,CASC,80.00,89.97,130,F,70903,-10.1747
15290,P1,CASC,80.00,90.02,130,F,70939,-10.2748
15300,P1,CASC,80.00,84.99,133,F,70973,-10.3248
15310,P1,CASC,80.00,87.45,131,F,71008,-10.3992
15320,P1,CASC,80.00,80.06,137,F,71040,-10.3998
15330,P1,CASC,80.00,84.99,133,F,71074,-10.4497
15340,P1,CASC,80.00,80.00,137,F,71106,-10.4497
15350,P1,CASC,80.00,80.01,137,F,71138,-10.4498
15360,P1,CASC,80.00,79.98,133,F,71170,-10.4495
15370,P1,CASC,80.00,80.01,137,F,71202,-10.4496
15380,P1,CASC,80.00,77.50,134,F,71233,-10.4246
15390,P1,CASC,80.00,75.01,135,F,71263,-10.3748
15400,P1,CASC,80.00,75.01,135,F,71293,-10.3249
15410,P1,CASC,80.00,74.99,135,F,71323,-10.2748
15420,P1,CASC,80.00,72.49,136,F,71352,-10.1997
15430,P1,CASC,80.00,70.01,137,F,71380,-10.0998
15440,P1,CASC,80.00,75.00,135,F,71410,-10.0498
15450,P1,CASC,80.00,72.48,136,F,71439,-9.9746
15460,P1,CASC,80.00,70.01,137,F,71467,-9.8747
15470,P1,CASC,80.00,70.00,138,F,71495,-9.7747
15480,P1,CASC,80.00,70.01,138,F,71523,-9.6748
15490,P1,CASC,80.00,70.00,138,F,71551,-9.5748
15500,P1,CASC,80.00,64.98,140,F,71577,-9.4246
15510,P1,CASC,80.00,67.49,140,F,71604,-9.2996
15520,P1,CASC,80.00,67.51,140,F,71631,-9.1747
15530,P1,CASC,80.00,65.01,141,F,71657,-9.0248
15540,P1,CASC,80.00,62.48,142,F,71682,-8.8497
15550,P1,CASC,80.00,65.01,142,F,71708,-8.6998
15560,P1,CASC,80.00,62.48,143,F,71733,-8.5246
15570,P1,CASC,80.00,62.53,144,F,71758,-8.3498
15580,P1,CASC,80.00,65.00,144,F,71784,-8.1998
15590,P1,CASC,80.00,64.99,144,F,71810,-8.0497
15600,P1,CASC,80.00,62.50,145,F,71835,-7.8747
15610,P1,CASC,80.00,62.49,146,F,71860,-7.6996
15620,P1,CASC,80.00,62.51,146,F,71885,-7.5247
15630,P1,CASC,80.00,64.99,146,F,71911,-7.3747
15640,P1,CASC,80.00,62.51,147,F,71936,-7.1997
15650,P1,CASC,80.00,62.51,148,F,71961,-7.0248
15660,P1,CASC,80.00,62.51,148,F,71986,-6.8498
15670,P1,CASC,80.00,64.97,148,F,72012,-6.6996
15680,P1,CASC,80.00,62.53,149,F,72037,-6.5248
15690,P1,CASC,80.00,65.00,149,F,72063,-6.3748
15700,P1,CASC,80.00,67.49,148,F,72090,-6.2497
15710,P1,CASC,80.00,65.01,150,F,72116,-6.0998
15720,P1,CASC,80.00,65.01,150,F,72142,-5.9498
15730,P1,CASC,80.00,62.50,151,F,72167,-5.7748
15740,P1,CASC,80.00,64.99,151,F,72193,-5.6247
15750,P1,CASC,80.00,65.01,151,F,72219,-5.4748
15760,P1,CASC,80.00,62.50,153,F,72244,-5.2998
15770,P1,CASC,80.00,64.99,152,F,72270,-5.1497
15780,P1,CASC,80.00,62.50,153,F,72295,-4.9747
15790,P1,CASC,80.00,65.00,153,F,72321,-4.8247
15800,P1,CASC,80.00,62.49,154,F,72346,-4.6496
15810,P1,CASC,80.00,65.02,154,F,72372,-4.4998
15820,P1,CASC,80.00,65.01,155,F,72398,-4.3498
15830,P1,CASC,80.00,67.49,154,F,72425,-4.2248
15840,P1,CASC,80.00,64.99,155,F,72451,-4.0746
15850,P1,CASC,80.00,65.02,156,F,72477,-3.9248
15860,P1,CASC,80.00,67.48,155,F,72504,-3.7996
15870,P1,CASC,80.00,65.02,156,F,72530,-3.6498
15880,P1,CASC,80.00,64.99,157,F,72556,-3.4998
15890,P1,CASC,80.00,67.51,157,F,72583,-3.3748
15900,P1,CASC,80.00,67.50,157,F,72610,-3.2498
15910,P1,CASC,80.00,67.48,157,F,72637,-3.1246
15920,P1,CASC,80.00,67.51,158,F,72664,-2.9997
15930,P1,CASC,80.00,70.01,157,F,72692,-2.8998
15940,P1,CASC,80.00,67.51,158,F,72719,-2.7748
15950,P1,CASC,80.00,69.94,158,F,72747,-2.6743
15960,P1,CASC,80.00,65.05,160,F,72773,-2.5247
15970,P1,CASC,80.00,69.99,159,F,72801,-2.4246
15980,P1,CASC,80.00,70.01,159,F,72829,-2.3247
15990,P1,CASC,80.00,64.99,161,F,72855,-2.1746
16000,P1,CASC,80.00,70.01,160,F,72883,-2.0747
16010,P1,CASC,80.00,69.99,160,F,72911,-1.9746
16020,P1,CASC,80.00,67.49,161,F,72938,-1.8495
16030,P1,CASC,80.00,70.02,160,F,72966,-1.7497
16040,P1,CASC,80.00,72.48,160,F,72995,-1.6745
16050,P1,CASC,80.00,72.53,160,F,73024,-1.5998
16060,P1,CASC,80.00,74.99,160,F,73054,-1.5497
16070,P1,CASC,80.00,84.99,155,F,73088,-1.5996
16080,P1,CASC,80.00,75.01,160,F,73118,-1.5498
16090,P1,CASC,80.00,70.00,161,F,73146,-1.4498
16100,P1,CASC,80.00,75.00,160,F,73176,-1.3998
16110,P1,CASC,80.00,70.00,162,F,73204,-1.2998
16120,P1,CASC,80.00,67.49,163,F,73231,-1.1747
16130,P1,CASC,80.00,70.01,162,F,73259,-1.0748
16140,P1,CASC,80.00,74.99,161,F,73289,-1.0247
16150,P1,CASC,80.00,77.50,160,F,73320,-0.9997
16160,P1,CASC,80.00,77.48,160,F,73351,-0.9745
16170,P1,CASC,80.00,75.03,161,F,73381,-0.9248
16180,P1,CASC,80.00,79.98,160,F,73413,-0.9246
16190,P1,CASC,80.00,75.01,161,F,73443,-0.8748
16200,P1,CASC,80.00,79.97,160,F,73475,-0.8745
16210,P1,CASC,80.00,77.53,161,F,73506,-0.8498
16220,P1,CASC,80.00,77.50,161,F,73537,-0.8248
16230,P1,CASC,80.00,77.48,161,F,73568,-0.7995
16240,P1,CASC,80.00,80.02,161,F,73600,-0.7998
16250,P1,CASC,80.00,77.48,161,F,73631,-0.7746
16260,P1,CASC,80.00,77.50,161,F,73662,-0.7496
16270,P1,CASC,80.00,77.49,161,F,73693,-0.7245
16280,P1,CASC,80.00,77.52,161,F,73724,-0.6997
16290,P1,CASC,80.00,77.50,161,F,73755,-0.6747
16300,P1,CASC,80.00,77.51,161,F,73786,-0.6498
16310,P1,CASC,80.00,80.00,161,F,73818,-0.6498
16320,P1,CASC,80.00,77.48,161,F,73849,-0.6246
16330,P1,CASC,80.00,80.00,161,F,73881,-0.6246
16340,P1,CASC,80.00,79.98,161,F,73913,-0.6245
16350,P1,CASC,80.00,77.51,162,F,73944,-0.5995
16360,P1,CASC,80.00,77.51,162,F,73975,-0.5746
16370,P1,CASC,80.00,80.01,161,F,74007,-0.5747
16380,P1,CASC,80.00,77.49,162,F,74038,-0.5496
16390,P1,CASC,80.00,77.52,162,F,74069,-0.5248
16400,P1,CASC,80.00,75.00,163,F,74099,-0.4748
16410,P1,CASC,80.00,77.48,162,F,74130,-0.4495
16420,P1,CASC,80.00,75.01,163,F,74160,-0.3997
16430,P1,CASC,80.00,80.00,162,F,74192,-0.3997
16440,P1,CASC,80.00,75.01,163,F,74222,-0.3498
16450,P1,CASC,80.00,77.50,162,F,74253,-0.3248
16460,P1,CASC,80.00,77.48,162,F,74284,-0.2995
16470,P1,CASC,80.00,77.52,162,F,74315,-0.2747
16480,P1,CASC,80.00,77.50,163,F,74346,-0.2497
16490,P1,CASC,80.00,77.48,163,F,74377,-0.2245
16500,P1,CASC,80.00,77.52,163,F,74408,-0.1997
16510,P1,CASC,80.00,80.01,162,F,74440,-0.1998
16520,P1,CASC,80.00,79.94,162,F,74472,-0.1992
16530,P1,CASC,80.00,80.03,162,F,74504,-0.1995
16540,P1,CASC,80.00,80.01,162,F,74536,-0.1996
16550,P1,CASC,80.00,77.51,163,F,74567,-0.1747
16560,P1,CASC,80.00,82.48,160,F,74600,-0.1995
16570,P1,CASC,80.00,77.52,163,F,74631,-0.1748
16580,P1,CASC,80.00,77.50,163,F,74662,-0.1498
16590,P1,CASC,80.00,74.99,164,F,74692,-0.0996
16600,P1,CASC,80.00,80.02,162,F,74724,-0.0998
16610,P1,CASC,80.00,77.50,163,F,74755,-0.0748
16620,P1,CASC,80.00,77.49,163,F,74786,-0.0497
16630,P1,CASC,80.00,80.01,162,F,74818,-0.0498
16640,P1,CASC,80.00,79.99,162,F,74850,-0.0497
16650,P1,CASC,80.00,79.99,162,F,74882,-0.0496
16660,P1,CASC,80.00,79.99,162,F,74914,-0.0495
16670,P1,CASC,80.00,77.50,163,F,74945,-0.0245
16680,P1,CASC,80.00,80.02,162,F,74977,-0.0247
16690,P1,CASC,80.00,82.49,160,F,75010,-0.0496
16700,P1,CASC,80.00,77.51,163,F,75041,-0.0247
16710,P1,CASC,80.00,82.50,160,F,75074,-0.0497
16720,P1,CASC,80.00,82.48,160,F,75107,-0.0745
16730,P1,CASC,80.00,80.02,162,F,75139,-0.0748
16740,P1,CASC,80.00,79.98,162,F,75171,-0.0745
16750,P1,CASC,80.00,80.00,162,F,75203,-0.0745
16760,P1,CASC,80.00,80.02,162,F,75235,-0.0748
16770,P1,CASC,80.00,77.50,163,F,75266,-0.0498
16780,P1,CASC,80.00,77.48,163,F,75297,-0.0246
16790,P1,CASC,80.00,79.99,162,F,75329,-0.0245
16800,P1,CASC,80.00,80.02,162,F,75361,-0.0247
16810,P1,CASC,80.00,79.98,162,F,75393,-0.0245
16820,P1,CASC,80.00,80.01,162,F,75425,-0.0246
16830,P1,CASC,80.00,87.48,156,F,75460,-0.0994
16840,P1,CASC,80.00,92.49,152,F,75497,-0.2243
16850,P1,CASC,80.00,80.03,162,F,75529,-0.2247
16860,P1,CASC,80.00,79.99,162,F,75561,-0.2246
16870,P1,CASC,80.00,77.51,163,F,75592,-0.1997
16880,P1,CASC,80.00,75.00,164,F,75622,-0.1497
16890,P1,CASC,80.00,72.49,164,F,75651,-0.0745
16900,P1,CASC,80.00,82.50,160,F,75684,-0.0995
16910,P1,CASC,80.00,82.50,160,F,75717,-0.1245
16920,P1,CASC,80.00,82.50,160,F,75750,-0.1495
16930,P1,CASC,80.00,82.51,160,F,75783,-0.1746
16940,P1,CASC,80.00,85.00,158,F,75817,-0.2246
16950,P1,CASC,80.00,80.01,162,F,75849,-0.2247
16960,P1,CASC,80.00,82.51,160,F,75882,-0.2498
16970,P1,CASC,80.00,82.48,160,F,75915,-0.2745
16980,P1,CASC,80.00,82.50,160,F,75948,-0.2995
16990,P1,CASC,80.00,82.52,160,F,75981,-0.3248
17000,P1,CASC,80.00,82.48,160,F,76014,-0.3495
17010,P1,CASC,80.00,82.52,160,F,76047,-0.3748
17020,P1,CASC,80.00,80.00,162,F,76079,-0.3748
17030,P1,CASC,80.00,82.50,160,F,76112,-0.3998
17040,P1,CASC,80.00,79.99,161,F,76144,-0.3997
17050,P1,CASC,80.00,80.00,162,F,76176,-0.3997
17060,P1,CASC,80.00,82.48,160,F,76209,-0.4245
17070,P1,CASC,80.00,82.50,159,F,76242,-0.4495
17080,P1,CASC,80.00,80.00,161,F,76274,-0.4495
17090,P1,CASC,80.00,82.52,159,F,76307,-0.4748
17100,P1,CASC,80.00,82.50,159,F,76340,-0.4998
17110,P1,CASC,80.00,77.48,162,F,76371,-0.4746
17120,P1,CASC,80.00,82.48,159,F,76404,-0.4994
17130,P1,CASC,80.00,80.02,161,F,76436,-0.4997
17140,P1,CASC,80.00,77.51,162,F,76467,-0.4748
17150,P1,CASC,80.00,77.48,162,F,76498,-0.4496
17160,P1,CASC,80.00,79.98,161,F,76530,-0.4494
17170,P1,CASC,80.00,77.48,162,F,76561,-0.4243
17180,P1,CASC,80.00,77.54,162,F,76592,-0.3997
17190,P1,CASC,80.00,80.00,162,F,76624,-0.3997
17200,P1,CASC,80.00,77.48,162,F,76655,-0.3745
17210,P1,CASC,80.00,77.50,162,F,76686,-0.3495
17220,P1,CASC,80.00,80.01,162,F,76718,-0.3496
17230,P1,CASC,80.00,77.49,162,F,76749,-0.3245
17240,P1,CASC,80.00,77.52,162,F,76780,-0.2998
17250,P1,CASC,80.00,80.00,162,F,76812,-0.2998
17260,P1,CASC,80.00,77.50,162,F,76843,-0.2748
17270,P1,CASC,80.00,82.48,160,F,76876,-0.2996
17280,P1,CASC,80.00,79.99,162,F,76908,-0.2995
17290,P1,CASC,80.00,82.51,160,F,76941,-0.3246
17300,P1,CASC,80.00,77.49,162,F,76972,-0.2995
17310,P1,CASC,80.00,80.00,162,F,77004,-0.2995
17320,P1,CASC,80.00,77.52,162,F,77035,-0.2747
17330,P1,CASC,80.00,77.50,163,F,77066,-0.2497
17340,P1,CASC,80.00,77.50,163,F,77097,-0.2247
17350,P1,CASC,80.00,77.50,163,F,77128,-0.1997
17360,P1,CASC,80.00,77.48,163,F,77159,-0.1745
17370,P1,CASC,80.00,80.01,162,F,77191,-0.1746
17380,P1,CASC,80.00,80.00,162,F,77223,-0.1746
17390,P1,CASC,80.00,77.51,163,F,77254,-0.1497
17400,P1,CASC,80.00,82.49,160,F,77287,-0.1746
17410,P1,CASC,80.00,77.51,163,F,77318,-0.1497
17420,P1,CASC,80.00,79.98,162,F,77350,-0.1495
17430,P1,CASC,80.00,77.52,163,F,77381,-0.1247
17440,P1,CASC,80.00,82.50,160,F,77414,-0.1497
17450,P1,CASC,80.00,79.98,162,F,77446,-0.1496
17460,P1,CASC,80.00,82.52,160,F,77479,-0.1747
17470,P1,CASC,80.00,79.98,162,F,77511,-0.1745
17480,P1,CASC,80.00,80.01,162,F,77543,-0.1746
17490,P1,CASC,80.00,80.01,162,F,77575,-0.1747
17500,P1,CASC,80.00,79.98,162,F,77607,-0.1745
17510,P1,CASC,80.00,80.02,162,F,77639,-0.1747
17520,P1,CASC,80.00,77.50,163,F,77670,-0.1497
17530,P1,CASC,80.00,77.51,163,F,77701,-0.1247
17540,P1,CASC,80.00,80.00,162,F,77733,-0.1247
17550,P1,CASC,80.00,77.50,163,F,77764,-0.0997
17560,P1,CASC,80.00,82.50,160,F,77797,-0.1247
17570,P1,CASC,80.00,79.97,162,F,77829,-0.1244
17580,P1,CASC,80.00,85.03,158,F,77863,-0.1748
17590,P1,CASC,80.00,92.48,152,F,77900,-0.2996
17600,P1,CASC,80.00,79.99,162,F,77932,-0.2995
17610,P1,CASC,80.00,80.02,162,F,77964,-0.2997
17620,P1,CASC,80.00,77.50,162,F,77995,-0.2747
17630,P1,CASC,80.00,77.51,163,F,78026,-0.2497
17640,P1,CASC,80.00,72.48,164,F,78055,-0.1745
17650,P1,CASC,80.00,82.51,160,F,78088,-0.1996
17660,P1,CASC,80.00,80.02,162,F,78120,-0.1998
17670,P1,CASC,80.00,84.98,158,F,78154,-0.2496
17680,P1,CASC,80.00,79.99,162,F,78186,-0.2495
17690,P1,CASC,80.00,85.00,158,F,78220,-0.2995
17700,P1,CASC,80.00,82.52,160,F,78253,-0.3247
17710,P1,CASC,80.00,79.98,162,F,78285,-0.3245
17720,P1,CASC,80.00,84.99,158,F,78319,-0.3744
17730,P1,CASC,80.00,82.52,160,F,78352,-0.3997
17740,P1,CASC,80.00,82.51,160,F,78385,-0.4248
17750,P1,CASC,80.00,79.99,161,F,78417,-0.4247
17760,P1,CASC,80.00,82.48,159,F,78450,-0.4495
17770,P1,CASC,80.00,80.02,161,F,78482,-0.4498
17780,P1,CASC,80.00,82.47,159,F,78515,-0.4744
17790,P1,CASC,80.00,77.52,162,F,78546,-0.4496
17800,P1,CASC,80.00,80.01,161,F,78578,-0.4497
17810,P1,CASC,80.00,82.48,159,F,78611,-0.4745
17820,P1,CASC,80.00,82.51,159,F,78644,-0.4996
17830,P1,CASC,80.00,79.99,161,F,78676,-0.4995
17840,P1,CASC,80.00,82.50,159,F,78709,-0.5245
17850,P1,CASC,80.00,82.51,159,F,78742,-0.5496
17860,P1,CASC,80.00,77.49,162,F,78773,-0.5245
17870,P1,CASC,80.00,82.51,159,F,78806,-0.5496
17880,P1,CASC,80.00,77.49,162,F,78837,-0.5245
17890,P1,CASC,80.00,80.00,161,F,78869,-0.5245
17900,P1,CASC,80.00,75.00,163,F,78899,-0.4745
17910,P1,CASC,80.00,80.02,161,F,78931,-0.4747
17920,P1,CASC,80.00,77.48,162,F,78962,-0.4495
17930,P1,CASC,80.00,77.51,162,F,78993,-0.4246
17940,P1,CASC,80.00,80.01,161,F,79025,-0.4247
17950,P1,CASC,80.00,77.49,162,F,79056,-0.3996
17960,P1,CASC,80.00,75.00,163,F,79086,-0.3496
17970,P1,CASC,80.00,80.01,162,F,79118,-0.3497
17980,P1,CASC,80.00,77.48,162,F,79149,-0.3245
17990,P1,CASC,80.00,77.52,162,F,79180,-0.2997
18000,P1,CASC,80.00,80.00,162,F,79212,-0.2997
18010,P1,CASC,0.00,80.01,132,F,79244,-1.0997
18020,P1,CASC,0.00,79.99,102,F,79276,-1.8997
18030,P1,CASC,0.00,77.51,72,F,79307,-2.6747
18040,P1,CASC,0.00,77.50,42,F,79338,-3.4497
18050,P1,CASC,0.00,69.99,12,F,79366,-4.1497
18060,P1,CASC,0.00,67.49,-17,R,79393,-4.8246
18070,P1,CASC,0.00,62.51,-47,R,79418,-5.4497
18080,P1,CASC,0.00,55.00,-57,R,79440,-5.9997
18090,P1,CASC,0.00,52.49,-56,R,79461,-6.5247
18100,P1,CASC,0.00,45.00,-51,R,79479,-6.9746
18110,P1,CASC,0.00,40.00,-49,R,79495,-7.3746
18120,P1,CASC,0.00,35.00,-46,R,79509,-7.7246
18130,P1,CASC,0.00,30.01,-42,R,79521,-8.0247
18140,P1,CASC,0.00,25.00,-39,R,79531,-8.2747
18150,P1,CASC,0.00,19.99,-36,R,79539,-8.4746
18160,P1,CASC,0.00,15.00,-32,R,79545,-8.6246
18170,P1,CASC,0.00,12.50,-31,R,79550,-8.7497
18180,P1,CASC,0.00,10.00,-29,R,79554,-8.8496
18190,P1,CASC,0.00,5.00,-25,R,79556,-8.8996
18200,P1,CASC,0.00,0.00,-21,R,79556,-8.8996
18210,P1,CASC,0.00,0.00,-21,R,79556,-8.8996
18220,P1,CASC,0.00,0.00,-21,R,79556,-8.8996
18230,P1,CASC,0.00,0.00,-21,R,79556,-8.8996
18240,P1,CASC,0.00,0.00,-21,R,79556,-8.8996
18250,P1,CASC,0.00,0.00,-21,R,79556,-8.8996
18260,P1,CASC,0.00,0.00,-21,R,79556,-8.8996
18270,P1,CASC,0.00,0.00,-21,R,79556,-8.8996
18280,P1,CASC,0.00,0.00,-21,R,79556,-8.8996
18290,P1,CASC,0.00,0.00,-21,R,79556,-8.8996
18300,P1,CASC,0.00,0.00,-21,R,79556,-8.8996
18310,P1,CASC,0.00,0.00,-21,R,79556,-8.8996
18320,P1,CASC,0.00,0.00,-21,R,79556,-8.8996
18330,P1,CASC,0.00,0.00,-21,R,79556,-8.8996
18340,P1,CASC,0.00,0.00,-21,R,79556,-8.8996
18350,P1,CASC,0.00,0.00,-21,R,79556,-8.8996
18360,P1,CASC,0.00,0.00,-21,R,79556,-8.8996
18370,P1,CASC,0.00,0.00,-21,R,79556,-8.8996
18380,P1,CASC,0.00,0.00,-21,R,79556,-8.8996
18390,P1,CASC,0.00,0.00,-21,R,79556,-8.8996
18400,P1,CASC,0.00,0.00,-21,R,79556,-8.8996
18410,P1,CASC,0.00,0.00,-21,R,79556,-8.8996
18420,P1,CASC,0.00,0.00,-21,R,79556,-8.8996
18430,P1,CASC,0.00,0.00,-21,R,79556,-8.8996
18440,P1,CASC,0.00,0.00,-21,R,79556,-8.8996
18450,P1,CASC,0.00,0.00,-21,R,79556,-8.8996
18460,P1,CASC,0.00,0.00,-21,R,79556,-8.8996
18470,P1,CASC,0.00,0.00,-21,R,79556,-8.8996
18480,P1,CASC,0.00,0.00,-21,R,79556,-8.8996
18490,P1,CASC,0.00,0.00,-21,R,79556,-8.8996
18500,P1,CASC,0.00,0.00,-21,R,79556,-8.8996
18510,P1,CASC,0.00,0.00,-21,R,79556,-8.8996
18520,P1,CASC,0.00,0.00,-21,R,79556,-8.8996
18530,P1,CASC,0.00,0.00,-21,R,79556,-8.8996
18540,P1,CASC,0.00,0.00,-21,R,79556,-8.8996
18550,P1,CASC,0.00,0.00,-21,R,79556,-8.8996
18560,P1,CASC,0.00,0.00,-21,R,79556,-8.8996
18570,P1,CASC,0.00,0.00,-21,R,79556,-8.8996
18580,P1,CASC,0.00,0.00,-21,R,79556,-8.8996
18590,P1,CASC,0.00,0.00,-21,R,79556,-8.8996
18600,P1,CASC,0.00,0.00,-21,R,79556,-8.8996
18610,P1,CASC,0.00,0.00,-21,R,79556,-8.8996
18620,P1,CASC,0.00,0.00,-21,R,79556,-8.8996
18630,P1,CASC,0.00,0.00,-21,R,79556,-8.8996
18640,P1,CASC,0.00,0.00,-21,R,79556,-8.8996
18650,P1,CASC,0.00,0.00,-21,R,79556,-8.8996
18660,P1,CASC,0.00,0.00,-21,R,79556,-8.8996
18670,P1,CASC,0.00,0.00,-21,R,79556,-8.8996
18680,P1,CASC,0.00,0.00,-21,R,79556,-8.8996
18690,P1,CASC,0.00,0.00,-21,R,79556,-8.8996
18700,P1,CASC,0.00,0.00,-21,R,79556,-8.8996
18710,P1,CASC,0.00,0.00,-21,R,79556,-8.8996
18720,P1,CASC,0.00,0.00,-21,R,79556,-8.8996
18730,P1,CASC,0.00,0.00,-21,R,79556,-8.8996
18740,P1,CASC,0.00,0.00,-21,R,79556,-8.8996
18750,P1,CASC,0.00,0.00,-21,R,79556,-8.8996
18760,P1,CASC,0.00,0.00,-21,R,79556,-8.8996
18770,P1,CASC,0.00,0.00,-21,R,79556,-8.8996
18780,P1,CASC,0.00,0.00,-21,R,79556,-8.8996
18790,P1,CASC,0.00,0.00,-21,R,79556,-8.8996
18800,P1,CASC,0.00,0.00,-21,R,79556,-8.8996
18810,P1,CASC,0.00,0.00,-21,R,79556,-8.8996
18820,P1,CASC,0.00,0.00,-21,R,79556,-8.8996
18830,P1,CASC,0.00,0.00,-21,R,79556,-8.8996
18840,P1,CASC,0.00,0.00,-21,R,79556,-8.8996
18850,P1,CASC,0.00,0.00,-21,R,79556,-8.8996
18860,P1,CASC,0.00,0.00,-21,R,79556,-8.8996
18870,P1,CASC,0.00,0.00,-21,R,79556,-8.8996
18880,P1,CASC,0.00,0.00,-21,R,79556,-8.8996
18890,P1,CASC,0.00,0.00,-21,R,79556,-8.8996
18900,P1,CASC,0.00,0.00,-21,R,79556,-8.8996
18910,P1,CASC,0.00,0.00,-21,R,79556,-8.8996
18920,P1,CASC,0.00,0.00,-21,R,79556,-8.8996
18930,P1,CASC,0.00,0.00,-21,R,79556,-8.8996
18940,P1,CASC,0.00,0.00,-21,R,79556,-8.8996
18950,P1,CASC,0.00,0.00,-21,R,79556,-8.8996
18960,P1,CASC,0.00,0.00,-21,R,79556,-8.8996
18970,P1,CASC,0.00,0.00,-21,R,79556,-8.8996
18980,P1,CASC,0.00,0.00,-21,R,79556,-8.8996
18990,P1,CASC,0.00,0.00,-21,R,79556,-8.8996
19000,P1,CASC,0.00,0.00,-21,R,79556,-8.8996
19010,P1,CASC,0.00,0.00,-21,R,79556,-8.8996
19020,P1,CASC,0.00,0.00,-21,R,79556,-8.8996
19030,P1,CASC,0.00,0.00,-21,R,79556,-8.8996
19040,P1,CASC,0.00,0.00,-21,R,79556,-8.8996
19050,P1,CASC,0.00,0.00,-21,R,79556,-8.8996
19060,P1,CASC,0.00,0.00,-21,R,79556,-8.8996
19070,P1,CASC,0.00,0.00,-21,R,79556,-8.8996
19080,P1,CASC,0.00,0.00,-21,R,79556,-8.8996
19090,P1,CASC,0.00,0.00,-21,R,79556,-8.8996
19100,P1,CASC,0.00,0.00,-21,R,79556,-8.8996
19110,P1,CASC,0.00,0.00,-21,R,79556,-8.8996
19120,P1,CASC,0.00,0.00,-21,R,79556,-8.8996
19130,P1,CASC,0.00,0.00,-21,R,79556,-8.8996
19140,P1,CASC,0.00,0.00,-21,R,79556,-8.8996
19150,P1,CASC,0.00,0.00,-21,R,79556,-8.8996
19160,P1,CASC,0.00,0.00,-21,R,79556,-8.8996
19170,P1,CASC,0.00,0.00,-21,R,79556,-8.8996
19180,P1,CASC,0.00,0.00,-21,R,79556,-8.8996
19190,P1,CASC,0.00,0.00,-21,R,79556,-8.8996
19200,P1,CASC,0.00,0.00,-21,R,79556,-8.8996
19210,P1,CASC,0.00,0.00,-21,R,79556,-8.8996
19220,P1,CASC,0.00,0.00,-21,R,79556,-8.8996
19230,P1,CASC,0.00,0.00,-21,R,79556,-8.8996
19240,P1,CASC,0.00,0.00,-21,R,79556,-8.8996
19250,P1,CASC,0.00,0.00,-21,R,79556,-8.8996
19260,P1,CASC,0.00,0.00,-21,R,79556,-8.8996
19270,P1,CASC,0.00,0.00,-21,R,79556,-8.8996
19280,P1,CASC,0.00,0.00,-21,R,79556,-8.8996
19290,P1,CASC,0.00,0.00,-21,R,79556,-8.8996
19300,P1,CASC,0.00,0.00,-21,R,79556,-8.8996
19310,P1,CASC,0.00,0.00,-21,R,79556,-8.8996
19320,P1,CASC,0.00,0.00,-21,R,79556,-8.8996
19330,P1,CASC,0.00,0.00,-21,R,79556,-8.8996
19340,P1,CASC,0.00,0.00,-21,R,79556,-8.8996
19350,P1,CASC,0.00,0.00,-21,R,79556,-8.8996
19360,P1,CASC,0.00,0.00,-21,R,79556,-8.8996
19370,P1,CASC,0.00,0.00,-21,R,79556,-8.8996
19380,P1,CASC,0.00,0.00,-21,R,79556,-8.8996
19390,P1,CASC,0.00,0.00,-21,R,79556,-8.8996
19400,P1,CASC,0.00,0.00,-21,R,79556,-8.8996
19410,P1,CASC,0.00,0.00,-21,R,79556,-8.8996
19420,P1,CASC,0.00,0.00,-21,R,79556,-8.8996
19430,P1,CASC,0.00,0.00,-21,R,79556,-8.8996
19440,P1,CASC,0.00,0.00,-21,R,79556,-8.8996
19450,P1,CASC,0.00,0.00,-21,R,79556,-8.8996
19460,P1,CASC,0.00,0.00,-21,R,79556,-8.8996
19470,P1,CASC,0.00,0.00,-21,R,79556,-8.8996
19480,P1,CASC,0.00,0.00,-21,R,79556,-8.8996
19490,P1,CASC,0.00,0.00,-21,R,79556,-8.8996
19500,P1,CASC,0.00,0.00,-21,R,79556,-8.8996
19510,P1,CASC,0.00,0.00,-21,R,79556,-8.8996
19520,P1,CASC,0.00,0.00,-21,R,79556,-8.8996
19530,P1,CASC,0.00,0.00,-21,R,79556,-8.8996
19540,P1,CASC,0.00,0.00,-21,R,79556,-8.8996
19550,P1,CASC,0.00,0.00,-21,R,79556,-8.8996
19560,P1,CASC,0.00,0.00,-21,R,79556,-8.8996
19570,P1,CASC,0.00,0.00,-21,R,79556,-8.8996
19580,P1,CASC,0.00,0.00,-21,R,79556,-8.8996
19590,P1,CASC,0.00,0.00,-21,R,79556,-8.8996
19600,P1,CASC,0.00,0.00,-21,R,79556,-8.8996
19610,P1,CASC,0.00,0.00,-21,R,79556,-8.8996
19620,P1,CASC,0.00,0.00,-21,R,79556,-8.8996
19630,P1,CASC,0.00,0.00,-21,R,79556,-8.8996
19640,P1,CASC,0.00,0.00,-21,R,79556,-8.8996
19650,P1,CASC,0.00,0.00,-21,R,79556,-8.8996
19660,P1,CASC,0.00,0.00,-21,R,79556,-8.8996
19670,P1,CASC,0.00,0.00,-21,R,79556,-8.8996
19680,P1,CASC,0.00,0.00,-21,R,79556,-8.8996
19690,P1,CASC,0.00,0.00,-21,R,79556,-8.8996
19700,P1,CASC,0.00,0.00,-21,R,79556,-8.8996
19710,P1,CASC,0.00,0.00,-21,R,79556,-8.8996
19720,P1,CASC,0.00,0.00,-21,R,79556,-8.8996
19730,P1,CASC,0.00,0.00,-21,R,79556,-8.8996
19740,P1,CASC,0.00,0.00,-21,R,79556,-8.8996
19750,P1,CASC,0.00,0.00,-21,R,79556,-8.8996
19760,P1,CASC,0.00,0.00,-21,R,79556,-8.8996
19770,P1,CASC,0.00,0.00,-21,R,79556,-8.8996
19780,P1,CASC,0.00,0.00,-21,R,79556,-8.8996
19790,P1,CASC,0.00,0.00,-21,R,79556,-8.8996
19800,P1,CASC,0.00,0.00,-21,R,79556,-8.8996
19810,P1,CASC,0.00,0.00,-21,R,79556,-8.8996
19820,P1,CASC,0.00,0.00,-21,R,79556,-8.8996
19830,P1,CASC,0.00,0.00,-21,R,79556,-8.8996
19840,P1,CASC,0.00,0.00,-21,R,79556,-8.8996
19850,P1,CASC,0.00,0.00,-21,R,79556,-8.8996
19860,P1,CASC,0.00,0.00,-21,R,79556,-8.8996
19870,P1,CASC,0.00,0.00,-21,R,79556,-8.8996
19880,P1,CASC,0.00,0.00,-21,R,79556,-8.8996
19890,P1,CASC,0.00,0.00,-21,R,79556,-8.8996
19900,P1,CASC,0.00,0.00,-21,R,79556,-8.8996
19910,P1,CASC,0.00,0.00,-21,R,79556,-8.8996
19920,P1,CASC,0.00,0.00,-21,R,79556,-8.8996
19930,P1,CASC,0.00,0.00,-21,R,79556,-8.8996
19940,P1,CASC,0.00,0.00,-21,R,79556,-8.8996
19950,P1,CASC,0.00,0.00,-21,R,79556,-8.8996
19960,P1,CASC,0.00,0.00,-21,R,79556,-8.8996
19970,P1,CASC,0.00,0.00,-21,R,79556,-8.8996
19980,P1,CASC,0.00,0.00,-21,R,79556,-8.8996
19990,P1,CASC,0.00,0.00,-21,R,79556,-8.8996
20000,P1,CASC,0.00,0.00,-21,R,79556,-8.8996
20010,P1,CASC,0.00,0.00,-21,R,79556,-8.8996
20020,P1,CASC,0.00,0.00,-21,R,79556,-8.8996
20030,P1,CASC,0.00,0.00,-21,R,79556,-8.8996
20040,P1,CASC,0.00,0.00,-21,R,79556,-8.8996
20050,P1,CASC,0.00,0.00,-21,R,79556,-8.8996
20060,P1,CASC,0.00,0.00,-21,R,79556,-8.8996
20070,P1,CASC,0.00,0.00,-21,R,79556,-8.8996
20080,P1,CASC,0.00,0.00,-21,R,79556,-8.8996
20090,P1,CASC,0.00,0.00,-21,R,79556,-8.8996
20100,P1,CASC,0.00,0.00,-21,R,79556,-8.8996
20110,P1,CASC,0.00,0.00,-21,R,79556,-8.8996
20120,P1,CASC,0.00,0.00,-21,R,79556,-8.8996
20130,P1,CASC,0.00,0.00,-21,R,79556,-8.8996
20140,P1,CASC,0.00,0.00,-21,R,79556,-8.8996
20150,P1,CASC,0.00,0.00,-21,R,79556,-8.8996
20160,P1,CASC,0.00,0.00,-21,R,79556,-8.8996
20170,P1,CASC,0.00,0.00,-21,R,79556,-8.8996
20180,P1,CASC,0.00,0.00,-21,R,79556,-8.8996
20190,P1,CASC,0.00,0.00,-21,R,79556,-8.8996
20200,P1,CASC,0.00,0.00,-21,R,79556,-8.8996
20210,P1,CASC,0.00,0.00,-21,R,79556,-8.8996
20220,P1,CASC,0.00,0.00,-21,R,79556,-8.8996
20230,P1,CASC,0.00,0.00,-21,R,79556,-8.8996
20240,P1,CASC,0.00,0.00,-21,R,79556,-8.8996
20250,P1,CASC,0.00,0.00,-21,R,79556,-8.8996
20260,P1,CASC,0.00,0.00,-21,R,79556,-8.8996
20270,P1,CASC,0.00,0.00,-21,R,79556,-8.8996
20280,P1,CASC,0.00,0.00,-21,R,79556,-8.8996
20290,P1,CASC,0.00,0.00,-21,R,79556,-8.8996
20300,P1,CASC,0.00,0.00,-21,R,79556,-8.8996
20310,P1,CASC,0.00,0.00,-21,R,79556,-8.8996
20320,P1,CASC,0.00,0.00,-21,R,79556,-8.8996
20330,P1,CASC,0.00,0.00,-21,R,79556,-8.8996
20340,P1,CASC,0.00,0.00,-21,R,79556,-8.8996
20350,P1,CASC,0.00,0.00,-21,R,79556,-8.8996
20360,P1,CASC,0.00,0.00,-21,R,79556,-8.8996
20370,P1,CASC,0.00,0.00,-21,R,79556,-8.8996
20380,P1,CASC,0.00,0.00,-21,R,79556,-8.8996
20390,P1,CASC,0.00,0.00,-21,R,79556,-8.8996
20400,P1,CASC,0.00,0.00,-21,R,79556,-8.8996
20410,P1,CASC,0.00,0.00,-21,R,79556,-8.8996
20420,P1,CASC,0.00,0.00,-21,R,79556,-8.8996
20430,P1,CASC,0.00,0.00,-21,R,79556,-8.8996
20440,P1,CASC,0.00,0.00,-21,R,79556,-8.8996
20450,P1,CASC,0.00,0.00,-21,R,79556,-8.8996
20460,P1,CASC,0.00,0.00,-21,R,79556,-8.8996
20470,P1,CASC,0.00,0.00,-21,R,79556,-8.8996
20480,P1,CASC,0.00,0.00,-21,R,79556,-8.8996
20490,P1,CASC,0.00,0.00,-21,R,79556,-8.8996
20500,P1,CASC,0.00,0.00,-21,R,79556,-8.8996
20510,P1,CASC,0.00,0.00,-21,R,79556,-8.8996
20520,P1,CASC,0.00,0.00,-21,R,79556,-8.8996
20530,P1,CASC,0.00,0.00,-21,R,79556,-8.8996
20540,P1,CASC,0.00,0.00,-21,R,79556,-8.8996
20550,P1,CASC,0.00,0.00,-21,R,79556,-8.8996
20560,P1,CASC,0.00,0.00,-21,R,79556,-8.8996
20570,P1,CASC,0.00,0.00,-21,R,79556,-8.8996
20580,P1,CASC,0.00,0.00,-21,R,79556,-8.8996
20590,P1,CASC,0.00,0.00,-21,R,79556,-8.8996
20600,P1,CASC,0.00,0.00,-21,R,79556,-8.8996
20610,P1,CASC,0.00,0.00,-21,R,79556,-8.8996
20620,P1,CASC,0.00,0.00,-21,R,79556,-8.8996
20630,P1,CASC,0.00,0.00,-21,R,79556,-8.8996
20640,P1,CASC,0.00,0.00,-21,R,79556,-8.8996
20650,P1,CASC,0.00,0.00,-21,R,79556,-8.8996
20660,P1,CASC,0.00,0.00,-21,R,79556,-8.8996
20670,P1,CASC,0.00,0.00,-21,R,79556,-8.8996
20680,P1,CASC,0.00,0.00,-21,R,79556,-8.8996
20690,P1,CASC,0.00,0.00,-21,R,79556,-8.8996
20700,P1,CASC,0.00,0.00,-21,R,79556,-8.8996
20710,P1,CASC,0.00,0.00,-21,R,79556,-8.8996
20720,P1,CASC,0.00,0.00,-21,R,79556,-8.8996
20730,P1,CASC,0.00,0.00,-21,R,79556,-8.8996
20740,P1,CASC,0.00,0.00,-21,R,79556,-8.8996
20750,P1,CASC,0.00,0.00,-21,R,79556,-8.8996
20760,P1,CASC,0.00,0.00,-21,R,79556,-8.8996
20770,P1,CASC,0.00,0.00,-21,R,79556,-8.8996
20780,P1,CASC,0.00,0.00,-21,R,79556,-8.8996
20790,P1,CASC,0.00,0.00,-21,R,79556,-8.8996
20800,P1,CASC,0.00,0.00,-21,R,79556,-8.8996
20810,P1,CASC,0.00,0.00,-21,R,79556,-8.8996
20820,P1,CASC,0.00,0.00,-21,R,79556,-8.8996
20830,P1,CASC,0.00,0.00,-21,R,79556,-8.8996
20840,P1,CASC,0.00,0.00,-21,R,79556,-8.8996
20850,P1,CASC,0.00,0.00,-21,R,79556,-8.8996
20860,P1,CASC,0.00,0.00,-21,R,79556,-8.8996
20870,P1,CASC,0.00,0.00,-21,R,79556,-8.8996
20880,P1,CASC,0.00,0.00,-21,R,79556,-8.8996
20890,P1,CASC,0.00,0.00,-21,R,79556,-8.8996
20900,P1,CASC,0.00,0.00,-21,R,79556,-8.8996
20910,P1,CASC,0.00,0.00,-21,R,79556,-8.8996
20920,P1,CASC,0.00,0.00,-21,R,79556,-8.8996
20930,P1,CASC,0.00,0.00,-21,R,79556,-8.8996
20940,P1,CASC,0.00,0.00,-21,R,79556,-8.8996
20950,P1,CASC,0.00,0.00,-21,R,79556,-8.8996
20960,P1,CASC,0.00,0.00,-21,R,79556,-8.8996
20970,P1,CASC,0.00,0.00,-21,R,79556,-8.8996
20980,P1,CASC,0.00,0.00,-21,R,79556,-8.8996
20990,P1,CASC,0.00,0.00,-21,R,79556,-8.8996
21000,P1,CASC,0.00,0.00,-21,R,79556,-8.8996
21010,P1,CASC,-80.00,0.00,-51,R,79556,-9.6996
21020,P1,CASC,-80.00,0.00,-81,R,79556,-10.4996
21030,P1,CASC,-80.00,-2.50,-111,R,79555,-11.2746
21040,P1,CASC,-80.00,0.00,-141,R,79555,-12.0746
21050,P1,CASC,-80.00,-2.50,-171,R,79554,-12.8496
21060,P1,CASC,-80.00,-5.00,-201,R,79552,-13.5996
21070,P1,CASC,-80.00,-17.50,-215,R,79545,-14.2247
21080,P1,CASC,-80.00,-32.51,-212,R,79532,-14.6995
21090,P1,CASC,-80.00,-39.99,-212,R,79516,-15.0996
21100,P1,CASC,-80.00,-37.50,-213,R,79501,-15.5247
21110,P1,CASC,-80.00,-67.50,-206,R,79474,-15.6497
21120,P1,CASC,-80.00,-75.02,-205,R,79444,-15.6994
21130,P1,CASC,-80.00,-82.49,-196,R,79411,-15.6745
21140,P1,CASC,-80.00,-92.48,-189,R,79374,-15.5497
21150,P1,CASC,-80.00,-94.99,-187,R,79336,-15.3998
21160,P1,CASC,-80.00,-95.01,-187,R,79298,-15.2497
21170,P1,CASC,-80.00,-97.51,-185,R,79259,-15.0746
21180,P1,CASC,-80.00,-97.47,-184,R,79220,-14.8999
21190,P1,CASC,-80.00,-95.02,-185,R,79182,-14.7497
21200,P1,CASC,-80.00,-95.01,-185,R,79144,-14.5996
21210,P1,CASC,-80.00,-92.48,-186,R,79107,-14.4748
21220,P1,CASC,-80.00,-97.53,-183,R,79068,-14.2995
21230,P1,CASC,-80.00,-97.48,-182,R,79029,-14.1247
21240,P1,CASC,-80.00,-97.53,-182,R,78990,-13.9494
21250,P1,CASC,-80.00,-97.50,-182,R,78951,-13.7744
21260,P1,CASC,-80.00,-99.99,-180,R,78911,-13.5745
21270,P1,CASC,-80.00,-97.48,-181,R,78872,-13.3997
21280,P1,CASC,-80.00,-100.02,-179,R,78832,-13.1995
21290,P1,CASC,-80.00,-99.99,-178,R,78792,-12.9996
21300,P1,CASC,-80.00,-97.52,-179,R,78753,-12.8244
21310,P1,CASC,-80.00,-99.96,-177,R,78713,-12.6248
21320,P1,CASC,-80.00,-97.53,-179,R,78674,-12.4495
21330,P1,CASC,-80.00,-99.99,-176,R,78634,-12.2496
21340,P1,CASC,-80.00,-97.44,-178,R,78595,-12.0752
21350,P1,CASC,-80.00,-95.07,-179,R,78557,-11.9245
21360,P1,CASC,-80.00,-95.01,-179,R,78519,-11.7744
21370,P1,CASC,-80.00,-94.97,-178,R,78481,-11.6247
21380,P1,CASC,-80.00,-95.03,-178,R,78443,-11.4744
21390,P1,CASC,-80.00,-97.50,-176,R,78404,-11.2994
21400,P1,CASC,-80.00,-94.97,-177,R,78366,-11.1497
21410,P1,CASC,-80.00,-95.01,-177,R,78328,-10.9996
21420,P1,CASC,-80.00,-97.50,-175,R,78289,-10.8246
21430,P1,CASC,-80.00,-95.02,-176,R,78251,-10.6744
21440,P1,CASC,-80.00,-95.00,-176,R,78213,-10.5244
21450,P1,CASC,-80.00,-94.99,-175,R,78175,-10.3745
21460,P1,CASC,-80.00,-92.48,-177,R,78138,-10.2497
21470,P1,CASC,-80.00,-97.49,-173,R,78099,-10.0748
21480,P1,CASC,-80.00,-95.02,-174,R,78061,-9.9246
21490,P1,CASC,-80.00,-94.99,-174,R,78023,-9.7747
21500,P1,CASC,-80.00,-95.01,-174,R,77985,-9.6246
21510,P1,CASC,-80.00,-95.01,-173,R,77947,-9.4745
21520,P1,CASC,-80.00,-92.48,-175,R,77910,-9.3497
21530,P1,CASC,-80.00,-94.99,-173,R,77872,-9.1998
21540,P1,CASC,-80.00,-90.04,-176,R,77836,-9.0994
21550,P1,CASC,-80.00,-94.97,-172,R,77798,-8.9497
21560,P1,CASC,-80.00,-92.49,-174,R,77761,-8.8248
21570,P1,CASC,-80.00,-92.50,-173,R,77724,-8.6998
21580,P1,CASC,-80.00,-95.02,-171,R,77686,-8.5496
21590,P1,CASC,-80.00,-92.46,-173,R,77649,-8.4250
21600,P1,CASC,-80.00,-92.55,-172,R,77612,-8.2995
21610,P1,CASC,-80.00,-92.48,-172,R,77575,-8.1747
21620,P1,CASC,-80.00,-92.50,-172,R,77538,-8.0497
21630,P1,CASC,-80.00,-94.99,-170,R,77500,-7.8998
21640,P1,CASC,-80.00,-92.52,-171,R,77463,-7.7746
21650,P1,CASC,-80.00,-92.52,-171,R,77426,-7.6495
21660,P1,CASC,-80.00,-92.46,-171,R,77389,-7.5248
21670,P1,CASC,-80.00,-87.51,-174,R,77354,-7.4497
21680,P1,CASC,-80.00,-90.03,-172,R,77318,-7.3495
21690,P1,CASC,-80.00,-89.96,-172,R,77282,-7.2498
21700,P1,CASC,-80.00,-90.02,-171,R,77246,-7.1496
21710,P1,CASC,-80.00,-92.52,-169,R,77209,-7.0245
21720,P1,CASC,-80.00,-89.97,-171,R,77173,-6.9247
21730,P1,CASC,-80.00,-90.01,-171,R,77137,-6.8246
21740,P1,CASC,-80.00,-90.02,-170,R,77101,-6.7245
21750,P1,CASC,-80.00,-89.97,-170,R,77065,-6.6247
21760,P1,CASC,-80.00,-90.01,-170,R,77029,-6.5246
21770,P1,CASC,-80.00,-87.49,-171,R,76994,-6.4497
21780,P1,CASC,-80.00,-87.50,-171,R,76959,-6.3747
21790,P1,CASC,-80.00,-90.02,-169,R,76923,-6.2745
21800,P1,CASC,-80.00,-90.00,-169,R,76887,-6.1745
21810,P1,CASC,-80.00,-89.98,-169,R,76851,-6.0747
21820,P1,CASC,-80.00,-87.53,-170,R,76816,-5.9995
21830,P1,CASC,-80.00,-87.48,-170,R,76781,-5.9246
21840,P1,CASC,-80.00,-87.48,-170,R,76746,-5.8498
21850,P1,CASC,-80.00,-85.03,-171,R,76712,-5.7995
21860,P1,CASC,-80.00,-87.50,-170,R,76677,-5.7245
21870,P1,CASC,-80.00,-84.99,-171,R,76643,-5.6746
21880,P1,CASC,-80.00,-90.01,-168,R,76607,-5.5745
21890,P1,CASC,-80.00,-87.49,-169,R,76572,-5.4996
21900,P1,CASC,-80.00,-90.00,-167,R,76536,-5.3996
21910,P1,CASC,-80.00,-90.01,-167,R,76500,-5.2995
21920,P1,CASC,-80.00,-87.47,-169,R,76465,-5.2247
21930,P1,CASC,-80.00,-90.03,-167,R,76429,-5.1245
21940,P1,CASC,-80.00,-89.98,-166,R,76393,-5.0246
21950,P1,CASC,-80.00,-87.52,-168,R,76358,-4.9495
21960,P1,CASC,-80.00,-92.50,-164,R,76321,-4.8245
21970,P1,CASC,-80.00,-87.50,-167,R,76286,-4.7495
21980,P1,CASC,-80.00,-89.98,-166,R,76250,-4.6496
21990,P1,CASC,-80.00,-89.99,-165,R,76214,-4.5497
22000,P1,CASC,-80.00,-87.51,-167,R,76179,-4.4746
22010,P1,CASC,-80.00,-87.48,-167,R,76144,-4.3998
22020,P1,CASC,-80.00,-85.03,-168,R,76110,-4.3495
22030,P1,CASC,-80.00,-89.96,-165,R,76074,-4.2498
22040,P1,CASC,-80.00,-85.03,-168,R,76040,-4.1995
22050,P1,CASC,-80.00,-89.99,-164,R,76004,-4.0996
22060,P1,CASC,-80.00,-87.49,-166,R,75969,-4.0247
22070,P1,CASC,-80.00,-85.00,-167,R,75935,-3.9747
22080,P1,CASC,-80.00,-89.99,-164,R,75899,-3.8748
22090,P1,CASC,-80.00,-87.52,-165,R,75864,-3.7996
22100,P1,CASC,-80.00,-87.50,-165,R,75829,-3.7246
22110,P1,CASC,-80.00,-87.49,-165,R,75794,-3.6497
22120,P1,CASC,-80.00,-87.52,-165,R,75759,-3.5745
22130,P1,CASC,-80.00,-87.49,-165,R,75724,-3.4996
22140,P1,CASC,-80.00,-89.98,-163,R,75688,-3.3998
22150,P1,CASC,-80.00,-90.02,-163,R,75652,-3.2996
22160,P1,CASC,-80.00,-84.98,-166,R,75618,-3.2498
22170,P1,CASC,-80.00,-90.01,-162,R,75582,-3.1497
22180,P1,CASC,-80.00,-87.48,-164,R,75547,-3.0748
22190,P1,CASC,-80.00,-87.51,-163,R,75512,-2.9998
22200,P1,CASC,-80.00,-87.50,-163,R,75477,-2.9248
22210,P1,CASC,-80.00,-85.00,-165,R,75443,-2.8748
22220,P1,CASC,-80.00,-89.98,-161,R,75407,-2.7749
22230,P1,CASC,-80.00,-85.04,-164,R,75373,-2.7245
22240,P1,CASC,-80.00,-87.47,-163,R,75338,-2.6499
22250,P1,CASC,-80.00,-87.54,-162,R,75303,-2.5745
22260,P1,CASC,-80.00,-84.98,-164,R,75269,-2.5247
22270,P1,CASC,-80.00,-87.50,-162,R,75234,-2.4497
22280,P1,CASC,-80.00,-87.51,-162,R,75199,-2.3746
22290,P1,CASC,-80.00,-87.49,-162,R,75164,-2.2997
22300,P1,CASC,-80.00,-85.01,-163,R,75130,-2.2496
22310,P1,CASC,-80.00,-87.47,-162,R,75095,-2.1749
22320,P1,CASC,-80.00,-87.51,-161,R,75060,-2.0998
22330,P1,CASC,-80.00,-87.52,-161,R,75025,-2.0246
22340,P1,CASC,-80.00,-84.99,-163,R,74991,-1.9747
22350,P1,CASC,-80.00,-85.02,-163,R,74957,-1.9245
22360,P1,CASC,-80.00,-82.50,-164,R,74924,-1.8995
22370,P1,CASC,-80.00,-85.00,-162,R,74890,-1.8495
22380,P1,CASC,-80.00,-85.00,-162,R,74856,-1.7995
22390,P1,CASC,-80.00,-84.99,-162,R,74822,-1.7496
22400,P1,CASC,-80.00,-85.01,-162,R,74788,-1.6995
22410,P1,CASC,-80.00,-87.50,-160,R,74753,-1.6245
22420,P1,CASC,-80.00,-82.47,-164,R,74720,-1.5998
22430,P1,CASC,-80.00,-87.51,-160,R,74685,-1.5248
22440,P1,CASC,-80.00,-82.50,-163,R,74652,-1.4998
22450,P1,CASC,-80.00,-85.01,-162,R,74618,-1.4497
22460,P1,CASC,-80.00,-82.52,-163,R,74585,-1.4245
22470,P1,CASC,-80.00,-82.48,-163,R,74552,-1.3998
22480,P1,CASC,-80.00,-85.02,-161,R,74518,-1.3496
22490,P1,CASC,-80.00,-85.01,-161,R,74484,-1.2995
22500,P1,CASC,-80.00,-85.00,-161,R,74450,-1.2495
22510,P1,CASC,-80.00,-82.50,-163,R,74417,-1.2245
22520,P1,CASC,-80.00,-84.95,-161,R,74383,-1.1750
22530,P1,CASC,-80.00,-80.04,-164,R,74351,-1.1746
22540,P1,CASC,-80.00,-82.51,-162,R,74318,-1.1495
22550,P1,CASC,-80.00,-82.48,-162,R,74285,-1.1248
22560,P1,CASC,-80.00,-80.02,-164,R,74253,-1.1245
22570,P1,CASC,-80.00,-84.97,-161,R,74219,-1.0749
22580,P1,CASC,-80.00,-82.51,-162,R,74186,-1.0498
22590,P1,CASC,-80.00,-82.52,-162,R,74153,-1.0246
22600,P1,CASC,-80.00,-84.98,-160,R,74119,-0.9748
22610,P1,CASC,-80.00,-85.01,-160,R,74085,-0.9247
22620,P1,CASC,-80.00,-82.52,-162,R,74052,-0.8995
22630,P1,CASC,-80.00,-84.97,-160,R,74018,-0.8498
22640,P1,CASC,-80.00,-84.99,-160,R,73984,-0.7999
22650,P1,CASC,-80.00,-85.03,-160,R,73950,-0.7495
22660,P1,CASC,-80.00,-84.99,-160,R,73916,-0.6996
22670,P1,CASC,-80.00,-84.99,-160,R,73882,-0.6497
22680,P1,CASC,-80.00,-82.49,-161,R,73849,-0.6248
22690,P1,CASC,-80.00,-85.03,-160,R,73815,-0.5745
22700,P1,CASC,-80.00,-82.49,-161,R,73782,-0.5496
22710,P1,CASC,-80.00,-82.49,-161,R,73749,-0.5247
22720,P1,CASC,-80.00,-79.99,-163,R,73717,-0.5248
22730,P1,CASC,-80.00,-85.03,-159,R,73683,-0.4745
22740,P1,CASC,-80.00,-79.98,-163,R,73651,-0.4748
22750,P1,CASC,-80.00,-85.03,-159,R,73617,-0.4245
22760,P1,CASC,-80.00,-82.50,-161,R,73584,-0.3995
22770,P1,CASC,-80.00,-82.50,-161,R,73551,-0.3745
22780,P1,CASC,-80.00,-82.48,-161,R,73518,-0.3497
22790,P1,CASC,-80.00,-85.02,-159,R,73484,-0.2995
22800,P1,CASC,-80.00,-82.50,-160,R,73451,-0.2745
22810,P1,CASC,-80.00,-82.48,-160,R,73418,-0.2497
22820,P1,CASC,-80.00,-82.52,-160,R,73385,-0.2245
22830,P1,CASC,-80.00,-82.48,-160,R,73352,-0.1998
22840,P1,CASC,-80.00,-82.52,-160,R,73319,-0.1745
22850,P1,CASC,-80.00,-84.98,-159,R,73285,-0.1247
22860,P1,CASC,-80.00,-85.02,-158,R,73251,-0.0745
22870,P1,CASC,-80.00,-82.48,-160,R,73218,-0.0497
22880,P1,CASC,-80.00,-85.00,-158,R,73184,0.0003
22890,P1,CASC,-80.00,-80.02,-161,R,73152,0.0005
22900,P1,CASC,-80.00,-82.50,-160,R,73119,0.0255
22910,P1,CASC,-80.00,-82.48,-160,R,73086,0.0503
22920,P1,CASC,-80.00,-82.49,-160,R,73053,0.0752
22930,P1,CASC,-80.00,-82.51,-160,R,73020,0.1003
22940,P1,CASC,-80.00,-82.52,-160,R,72987,0.1255
22950,P1,CASC,-80.00,-82.50,-160,R,72954,0.1505
22960,P1,CASC,-80.00,-79.99,-161,R,72922,0.1504
22970,P1,CASC,-80.00,-85.00,-158,R,72888,0.2004
22980,P1,CASC,-80.00,-79.98,-161,R,72856,0.2002
22990,P1,CASC,-80.00,-82.52,-159,R,72823,0.2253
23000,P1,CASC,-80.00,-82.52,-159,R,72790,0.2505
23010,P1,CASC,-80.00,-82.49,-159,R,72757,0.2754
23020,P1,CASC,-80.00,-82.51,-159,R,72724,0.3005
23030,P1,CASC,-80.00,-82.47,-159,R,72691,0.3252
23040,P1,CASC,-80.00,-82.52,-159,R,72658,0.3503
23050,P1,CASC,-80.00,-82.49,-159,R,72625,0.3752
23060,P1,CASC,-80.00,-82.51,-159,R,72592,0.4003
23070,P1,CASC,-80.00,-80.00,-161,R,72560,0.4003
23080,P1,CASC,-80.00,-79.99,-160,R,72528,0.4002
23090,P1,CASC,-80.00,-77.52,-161,R,72497,0.3754
23100,P1,CASC,-80.00,-82.50,-159,R,72464,0.4004
23110,P1,CASC,-80.00,-80.00,-161,R,72432,0.4004
23120,P1,CASC,-80.00,-82.48,-159,R,72399,0.4252
23130,P1,CASC,-80.00,-82.50,-159,R,72366,0.4502
23140,P1,CASC,-80.00,-80.00,-160,R,72334,0.4502
23150,P1,CASC,-80.00,-82.52,-159,R,72301,0.4754
23160,P1,CASC,-80.00,-79.99,-160,R,72269,0.4753
23170,P1,CASC,-80.00,-80.01,-160,R,72237,0.4754
23180,P1,CASC,-80.00,-80.01,-160,R,72205,0.4755
23190,P1,CASC,-80.00,-80.00,-160,R,72173,0.4755
23200,P1,CASC,-80.00,-80.00,-160,R,72141,0.4755
23210,P1,CASC,-80.00,-82.49,-159,R,72108,0.5004
23220,P1,CASC,-80.00,-79.98,-160,R,72076,0.5002
23230,P1,CASC,-80.00,-80.02,-160,R,72044,0.5003
23240,P1,CASC,-80.00,-79.99,-160,R,72012,0.5002
23250,P1,CASC,-80.00,-80.00,-160,R,71980,0.5002
23260,P1,CASC,-80.00,-80.02,-160,R,71948,0.5005
23270,P1,CASC,-80.00,-77.48,-161,R,71917,0.4753
23280,P1,CASC,-80.00,-77.51,-161,R,71886,0.4504
23290,P1,CASC,-80.00,-79.99,-160,R,71854,0.4503
23300,P1,CASC,-80.00,-80.00,-160,R,71822,0.4503
23310,P1,CASC,-80.00,-80.01,-160,R,71790,0.4504
23320,P1,CASC,-80.00,-82.51,-159,R,71757,0.4755
23330,P1,CASC,-80.00,-79.98,-160,R,71725,0.4752
23340,P1,CASC,-80.00,-82.50,-159,R,71692,0.5002
23350,P1,CASC,-80.00,-80.02,-160,R,71660,0.5005
23360,P1,CASC,-80.00,-79.99,-160,R,71628,0.5004
23370,P1,CASC,-80.00,-82.48,-159,R,71595,0.5252
23380,P1,CASC,-80.00,-82.52,-159,R,71562,0.5505
23390,P1,CASC,-80.00,-82.48,-159,R,71529,0.5753
23400,P1,CASC,-80.00,-80.00,-160,R,71497,0.5753
23410,P1,CASC,-80.00,-82.50,-158,R,71464,0.6003
23420,P1,CASC,-80.00,-82.50,-158,R,71431,0.6253
23430,P1,CASC,-80.00,-80.01,-160,R,71399,0.6254
23440,P1,CASC,-80.00,-80.01,-160,R,71367,0.6255
23450,P1,CASC,-80.00,-79.98,-160,R,71335,0.6252
23460,P1,CASC,-80.00,-80.01,-160,R,71303,0.6253
23470,P1,CASC,-80.00,-80.02,-160,R,71271,0.6255
23480,P1,CASC,-80.00,-79.99,-160,R,71239,0.6254
23490,P1,CASC,-80.00,-82.48,-158,R,71206,0.6502
23500,P1,CASC,-80.00,-77.53,-160,R,71175,0.6255
23510,P1,CASC,-80.00,-79.99,-160,R,71143,0.6254
23520,P1,CASC,-80.00,-82.48,-158,R,71110,0.6502
23530,P1,CASC,-80.00,-82.52,-158,R,71077,0.6755
23540,P1,CASC,-80.00,-79.97,-160,R,71045,0.6751
23550,P1,CASC,-80.00,-80.00,-160,R,71013,0.6751
23560,P1,CASC,-80.00,-82.51,-158,R,70980,0.7002
23570,P1,CASC,-80.00,-80.02,-160,R,70948,0.7005
23580,P1,CASC,-80.00,-82.50,-158,R,70915,0.7255
23590,P1,CASC,-80.00,-82.48,-158,R,70882,0.7503
23600,P1,CASC,-80.00,-82.51,-158,R,70849,0.7754
23610,P1,CASC,-80.00,-80.00,-160,R,70817,0.7754
23620,P1,CASC,-80.00,-84.99,-156,R,70783,0.8253
23630,P1,CASC,-80.00,-80.02,-160,R,70751,0.8255
23640,P1,CASC,-80.00,-80.00,-160,R,70719,0.8255
23650,P1,CASC,-80.00,-82.48,-158,R,70686,0.8503
23660,P1,CASC,-80.00,-79.99,-159,R,70654,0.8502
23670,P1,CASC,-80.00,-80.02,-160,R,70622,0.8505
23680,P1,CASC,-80.00,-82.43,-158,R,70589,0.8747
23690,P1,CASC,-80.00,-80.05,-159,R,70557,0.8752
23700,P1,CASC,-80.00,-80.02,-159,R,70525,0.8754
23710,P1,CASC,-80.00,-82.51,-158,R,70492,0.9004
23720,P1,CASC,-80.00,-79.98,-159,R,70460,0.9002
23730,P1,CASC,-80.00,-80.02,-159,R,70428,0.9004
23740,P1,CASC,-80.00,-82.50,-158,R,70395,0.9254
23750,P1,CASC,-80.00,-79.99,-159,R,70363,0.9254
23760,P1,CASC,-80.00,-79.99,-159,R,70331,0.9253
23770,P1,CASC,-80.00,-82.51,-158,R,70298,0.9504
23780,P1,CASC,-80.00,-79.98,-159,R,70266,0.9502
23790,P1,CASC,-80.00,-82.52,-158,R,70233,0.9754
23800,P1,CASC,-80.00,-79.98,-159,R,70201,0.9752
23810,P1,CASC,-80.00,-79.99,-159,R,70169,0.9751
23820,P1,CASC,-80.00,-77.52,-160,R,70138,0.9504
23830,P1,CASC,-80.00,-77.48,-160,R,70107,0.9252
23840,P1,CASC,-80.00,-80.00,-159,R,70075,0.9252
23850,P1,CASC,-80.00,-80.02,-159,R,70043,0.9254
23860,P1,CASC,-80.00,-82.48,-158,R,70010,0.9502
23870,P1,CASC,-80.00,-80.02,-159,R,69978,0.9504
23880,P1,CASC,-80.00,-79.99,-159,R,69946,0.9504
23890,P1,CASC,-80.00,-77.48,-160,R,69915,0.9252
23900,P1,CASC,-80.00,-82.52,-158,R,69882,0.9504
23910,P1,CASC,-80.00,-79.98,-159,R,69850,0.9501
23920,P1,CASC,-80.00,-80.02,-159,R,69818,0.9504
23930,P1,CASC,-80.00,-77.48,-160,R,69787,0.9252
23940,P1,CASC,-80.00,-77.51,-160,R,69756,0.9003
23950,P1,CASC,-80.00,-82.50,-158,R,69723,0.9253
23960,P1,CASC,-80.00,-79.99,-159,R,69691,0.9252
23970,P1,CASC,-80.00,-80.01,-159,R,69659,0.9253
23980,P1,CASC,-80.00,-77.50,-160,R,69628,0.9003
23990,P1,CASC,-80.00,-80.02,-159,R,69596,0.9005
24000,P1,CASC,-80.00,-77.47,-160,R,69565,0.8751
24010,P1,CASC,-150.00,-80.03,-190,R,69533,0.1755
24020,P1,CASC,-150.00,-77.48,-220,R,69502,-0.5497
24030,P1,CASC,-150.00,-87.50,-225,R,69467,-1.1747
24040,P1,CASC,-150.00,-92.50,-225,R,69430,-1.7497
24050,P1,CASC,-150.00,-104.99,-223,R,69388,-2.1998
24060,P1,CASC,-150.00,-112.52,-223,R,69343,-2.5746
24070,P1,CASC,-150.00,-120.00,-221,R,69295,-2.8746
24080,P1,CASC,-150.00,-124.99,-221,R,69245,-3.1247
24090,P1,CASC,-150.00,-132.49,-220,R,69192,-3.2998
24100,P1,CASC,-150.00,-137.50,-219,R,69137,-3.4248
24110,P1,CASC,-150.00,-142.51,-218,R,69080,-3.4997
24120,P1,CASC,-150.00,-145.03,-217,R,69022,-3.5494
24130,P1,CASC,-150.00,-147.41,-217,R,68963,-3.5753
24140,P1,CASC,-150.00,-147.57,-217,R,68904,-3.5995
24150,P1,CASC,-150.00,-150.00,-215,R,68844,-3.5995
24160,P1,CASC,-150.00,-154.95,-211,R,68782,-3.5500
24170,P1,CASC,-150.00,-152.52,-213,R,68721,-3.5249
24180,P1,CASC,-150.00,-157.55,-209,R,68658,-3.4494
24190,P1,CASC,-150.00,-152.45,-213,R,68597,-3.4248
24200,P1,CASC,-150.00,-155.00,-211,R,68535,-3.3748
24210,P1,CASC,-150.00,-160.03,-207,R,68471,-3.2745
24220,P1,CASC,-150.00,-154.98,-211,R,68409,-3.2247
24230,P1,CASC,-150.00,-157.45,-209,R,68346,-3.1501
24240,P1,CASC,-150.00,-155.05,-210,R,68284,-3.0997
24250,P1,CASC,-150.00,-155.00,-210,R,68222,-3.0497
24260,P1,CASC,-150.00,-157.48,-208,R,68159,-2.9748
24270,P1,CASC,-150.00,-157.52,-208,R,68096,-2.8997
24280,P1,CASC,-150.00,-157.53,-208,R,68033,-2.8244
24290,P1,CASC,-150.00,-157.44,-208,R,67970,-2.7500
24300,P1,CASC,-150.00,-160.03,-206,R,67906,-2.6497
24310,P1,CASC,-150.00,-160.02,-206,R,67842,-2.5495
24320,P1,CASC,-150.00,-157.52,-207,R,67779,-2.4744
24330,P1,CASC,-150.00,-152.45,-211,R,67718,-2.4498
24340,P1,CASC,-150.00,-152.48,-210,R,67657,-2.4250
24350,P1,CASC,-150.00,-157.55,-207,R,67594,-2.3495
24360,P1,CASC,-150.00,-155.00,-209,R,67532,-2.2995
24370,P1,CASC,-150.00,-154.97,-208,R,67470,-2.2498
24380,P1,CASC,-150.00,-152.50,-210,R,67409,-2.2248
24390,P1,CASC,-150.00,-152.55,-210,R,67348,-2.1993
24400,P1,CASC,-150.00,-155.00,-208,R,67286,-2.1493
24410,P1,CASC,-150.00,-154.97,-208,R,67224,-2.0997
24420,P1,CASC,-150.00,-152.45,-210,R,67163,-2.0751
24430,P1,CASC,-150.00,-150.03,-211,R,67103,-2.0748
24440,P1,CASC,-150.00,-150.00,-211,R,67043,-2.0748
24450,P1,CASC,-150.00,-155.02,-208,R,66981,-2.0247
24460,P1,CASC,-150.00,-157.48,-206,R,66918,-1.9498
24470,P1,CASC,-150.00,-155.00,-208,R,66856,-1.8998
24480,P1,CASC,-150.00,-159.98,-204,R,66792,-1.8000
24490,P1,CASC,-150.00,-157.56,-206,R,66729,-1.7243
24500,P1,CASC,-150.00,-157.48,-205,R,66666,-1.6495
24510,P1,CASC,-150.00,-157.52,-205,R,66603,-1.5743
24520,P1,CASC,-150.00,-154.95,-207,R,66541,-1.5248
24530,P1,CASC,-150.00,-152.53,-208,R,66480,-1.4995
24540,P1,CASC,-150.00,-152.47,-208,R,66419,-1.4748
24550,P1,CASC,-150.00,-154.98,-207,R,66357,-1.4250
24560,P1,CASC,-150.00,-155.03,-206,R,66295,-1.3747
24570,P1,CASC,-150.00,-152.53,-208,R,66234,-1.3494
24580,P1,CASC,-150.00,-152.47,-208,R,66173,-1.3247
24590,P1,CASC,-150.00,-152.48,-208,R,66112,-1.2998
24600,P1,CASC,-150.00,-152.55,-208,R,66051,-1.2744
24610,P1,CASC,-150.00,-157.47,-204,R,65988,-1.1997
24620,P1,CASC,-150.00,-150.01,-209,R,65928,-1.1995
24630,P1,CASC,-150.00,-152.48,-208,R,65867,-1.1747
24640,P1,CASC,-150.00,-152.52,-207,R,65806,-1.1495
24650,P1,CASC,-150.00,-152.48,-207,R,65745,-1.1247
24660,P1,CASC,-150.00,-154.98,-206,R,65683,-1.0748
24670,P1,CASC,-150.00,-155.02,-206,R,65621,-1.0247
24680,P1,CASC,-150.00,-155.02,-205,R,65559,-0.9745
24690,P1,CASC,-150.00,-155.02,-205,R,65497,-0.9244
24700,P1,CASC,-150.00,-154.98,-205,R,65435,-0.8745
24710,P1,CASC,-150.00,-154.95,-205,R,65373,-0.8250
24720,P1,CASC,-150.00,-147.56,-209,R,65314,-0.8494
24730,P1,CASC,-150.00,-149.96,-209,R,65254,-0.8498
24740,P1,CASC,-150.00,-155.00,-205,R,65192,-0.7998
24750,P1,CASC,-150.00,-152.53,-207,R,65131,-0.7745
24760,P1,CASC,-150.00,-150.01,-208,R,65071,-0.7744
24770,P1,CASC,-150.00,-149.97,-209,R,65011,-0.7747
24780,P1,CASC,-150.00,-147.53,-209,R,64952,-0.7994
24790,P1,CASC,-150.00,-152.47,-207,R,64891,-0.7747
24800,P1,CASC,-150.00,-152.48,-207,R,64830,-0.7498
24810,P1,CASC,-150.00,-147.51,-209,R,64771,-0.7747
24820,P1,CASC,-150.00,-147.51,-209,R,64712,-0.7996
24830,P1,CASC,-150.00,-147.51,-209,R,64653,-0.8244
24840,P1,CASC,-150.00,-152.48,-207,R,64592,-0.7996
24850,P1,CASC,-150.00,-152.47,-207,R,64531,-0.7749
24860,P1,CASC,-150.00,-155.00,-205,R,64469,-0.7249
24870,P1,CASC,-150.00,-155.00,-205,R,64407,-0.6749
24880,P1,CASC,-150.00,-155.05,-205,R,64345,-0.6244
24890,P1,CASC,-150.00,-157.48,-203,R,64282,-0.5496
24900,P1,CASC,-150.00,-152.48,-206,R,64221,-0.5247
24910,P1,CASC,-150.00,-152.50,-206,R,64160,-0.4997
24920,P1,CASC,-150.00,-149.99,-208,R,64100,-0.4999
24930,P1,CASC,-150.00,-152.55,-206,R,64039,-0.4744
24940,P1,CASC,-150.00,-152.48,-206,R,63978,-0.4496
24950,P1,CASC,-150.00,-149.97,-208,R,63918,-0.4499
24960,P1,CASC,-150.00,-155.02,-204,R,63856,-0.3997
24970,P1,CASC,-150.00,-147.51,-208,R,63797,-0.4245
24980,P1,CASC,-150.00,-149.99,-208,R,63737,-0.4247
24990,P1,CASC,-150.00,-155.00,-204,R,63675,-0.3747
25000,P1,CASC,-150.00,-149.97,-208,R,63615,-0.3750
25010,P1,CASC,-150.00,-150.03,-207,R,63555,-0.3747
25020,P1,CASC,-150.00,-150.01,-207,R,63495,-0.3745
25030,P1,CASC,-150.00,-150.01,-207,R,63435,-0.3744
25040,P1,CASC,-150.00,-152.42,-206,R,63374,-0.3502
25050,P1,CASC,-150.00,-150.03,-207,R,63314,-0.3499
25060,P1,CASC,-150.00,-152.52,-206,R,63253,-0.3247
25070,P1,CASC,-150.00,-152.47,-206,R,63192,-0.3000
25080,P1,CASC,-150.00,-155.05,-204,R,63130,-0.2495
25090,P1,CASC,-150.00,-154.95,-204,R,63068,-0.2000
25100,P1,CASC,-150.00,-152.50,-205,R,63007,-0.1750
25110,P1,CASC,-150.00,-149.93,-207,R,62947,-0.1758
25120,P1,CASC,-150.00,-147.63,-208,R,62888,-0.1994
25130,P1,CASC,-150.00,-149.99,-207,R,62828,-0.1996
25140,P1,CASC,-150.00,-152.52,-205,R,62767,-0.1744
25150,P1,CASC,-150.00,-149.96,-207,R,62707,-0.1749
25160,P1,CASC,-150.00,-150.01,-207,R,62647,-0.1747
25170,P1,CASC,-150.00,-147.51,-208,R,62588,-0.1996
25180,P1,CASC,-150.00,-147.50,-208,R,62529,-0.2246
25190,P1,CASC,-150.00,-149.97,-207,R,62469,-0.2249
25200,P1,CASC,-150.00,-150.00,-207,R,62409,-0.2249
25210,P1,CASC,-150.00,-145.01,-208,R,62351,-0.2747
25220,P1,CASC,-150.00,-147.53,-208,R,62292,-0.2994
25230,P1,CASC,-150.00,-147.46,-208,R,62233,-0.3249
25240,P1,CASC,-150.00,-149.99,-207,R,62173,-0.3250
25250,P1,CASC,-150.00,-152.52,-206,R,62112,-0.2999
25260,P1,CASC,-150.00,-150.01,-207,R,62052,-0.2997
25270,P1,CASC,-150.00,-155.00,-204,R,61990,-0.2497
25280,P1,CASC,-150.00,-154.98,-204,R,61928,-0.1999
25290,P1,CASC,-150.00,-155.02,-204,R,61866,-0.1497
25300,P1,CASC,-150.00,-152.52,-205,R,61805,-0.1246
25310,P1,CASC,-150.00,-150.01,-207,R,61745,-0.1244
25320,P1,CASC,-150.00,-149.96,-207,R,61685,-0.1249
25330,P1,CASC,-150.00,-150.00,-207,R,61625,-0.1249
25340,P1,CASC,-150.00,-150.03,-207,R,61565,-0.1246
25350,P1,CASC,-150.00,-152.50,-205,R,61504,-0.0996
25360,P1,CASC,-150.00,-149.99,-207,R,61444,-0.0997
25370,P1,CASC,-150.00,-152.45,-205,R,61383,-0.0752
25380,P1,CASC,-150.00,-147.56,-207,R,61324,-0.0996
25390,P1,CASC,-150.00,-152.50,-205,R,61263,-0.0746
25400,P1,CASC,-150.00,-149.99,-207,R,61203,-0.0747
25410,P1,CASC,-150.00,-149.99,-207,R,61143,-0.0749
25420,P1,CASC,-150.00,-150.01,-207,R,61083,-0.0747
25430,P1,CASC,-150.00,-150.00,-207,R,61023,-0.0747
25440,P1,CASC,-150.00,-150.03,-207,R,60963,-0.0744
25450,P1,CASC,-150.00,-152.50,-205,R,60902,-0.0494
25460,P1,CASC,-150.00,-149.94,-207,R,60842,-0.0500
25470,P1,CASC,-150.00,-152.56,-205,R,60781,-0.0244
25480,P1,CASC,-150.00,-155.00,-203,R,60719,0.0256
25490,P1,CASC,-150.00,-152.48,-205,R,60658,0.0504
25500,P1,CASC,-150.00,-152.48,-205,R,60597,0.0753
25510,P1,CASC,-150.00,-150.03,-206,R,60537,0.0756
25520,P1,CASC,-150.00,-147.47,-207,R,60478,0.0503
25530,P1,CASC,-150.00,-150.01,-206,R,60418,0.0504
25540,P1,CASC,-150.00,-149.97,-206,R,60358,0.0501
25550,P1,CASC,-150.00,-150.00,-206,R,60298,0.0501
25560,P1,CASC,-150.00,-149.99,-206,R,60238,0.0500
25570,P1,CASC,-150.00,-145.01,-208,R,60180,0.0001
25580,P1,CASC,-150.00,-147.54,-207,R,60121,-0.0245
25590,P1,CASC,-150.00,-150.00,-207,R,60061,-0.0245
25600,P1,CASC,-150.00,-147.47,-207,R,60002,-0.0497
25610,P1,CASC,-150.00,-147.50,-207,R,59943,-0.0747
25620,P1,CASC,-150.00,-144.97,-208,R,59885,-0.1250
25630,P1,CASC,-150.00,-145.03,-208,R,59827,-0.1747
25640,P1,CASC,-150.00,-152.50,-205,R,59766,-0.1497
25650,P1,CASC,-150.00,-149.99,-207,R,59706,-0.1499
25660,P1,CASC,-150.00,-152.53,-205,R,59645,-0.1246
25670,P1,CASC,-150.00,-152.48,-205,R,59584,-0.0997
25680,P1,CASC,-150.00,-154.97,-203,R,59522,-0.0501
25690,P1,CASC,-150.00,-152.52,-205,R,59461,-0.0249
25700,P1,CASC,-150.00,-152.55,-205,R,59400,0.0006
25710,P1,CASC,-150.00,-149.97,-207,R,59340,0.0003
25720,P1,CASC,-150.00,-147.50,-207,R,59281,-0.0247
25730,P1,CASC,-150.00,-152.53,-205,R,59220,0.0006
25740,P1,CASC,-150.00,-149.96,-207,R,59160,0.0001
25750,P1,CASC,-150.00,-150.05,-206,R,59100,0.0006
25760,P1,CASC,-150.00,-150.00,-206,R,59040,0.0006
25770,P1,CASC,-150.00,-149.99,-207,R,58980,0.0004
25780,P1,CASC,-150.00,-149.99,-207,R,58920,0.0003
25790,P1,CASC,-150.00,-150.03,-206,R,58860,0.0006
25800,P1,CASC,-150.00,-149.96,-207,R,58800,0.0001
25810,P1,CASC,-150.00,-150.01,-206,R,58740,0.0003
25820,P1,CASC,-150.00,-150.00,-206,R,58680,0.0003
25830,P1,CASC,-150.00,-150.01,-206,R,58620,0.0004
25840,P1,CASC,-150.00,-149.97,-207,R,58560,0.0001
25850,P1,CASC,-150.00,-150.03,-206,R,58500,0.0004
25860,P1,CASC,-150.00,-150.00,-206,R,58440,0.0004
25870,P1,CASC,-150.00,-152.52,-205,R,58379,0.0256
25880,P1,CASC,-150.00,-154.98,-203,R,58317,0.0754
25890,P1,CASC,-150.00,-152.50,-205,R,58256,0.1004
25900,P1,CASC,-150.00,-152.52,-205,R,58195,0.1256
25910,P1,CASC,-150.00,-147.46,-207,R,58136,0.1001
25920,P1,CASC,-150.00,-147.50,-207,R,58077,0.0751
25930,P1,CASC,-150.00,-150.05,-206,R,58017,0.0756
25940,P1,CASC,-150.00,-149.99,-206,R,57957,0.0754
25950,P1,CASC,-150.00,-150.00,-206,R,57897,0.0754
25960,P1,CASC,-150.00,-147.47,-207,R,57838,0.0501
25970,P1,CASC,-150.00,-147.54,-207,R,57779,0.0256
25980,P1,CASC,-150.00,-147.46,-207,R,57720,0.0001
25990,P1,CASC,-150.00,-147.50,-207,R,57661,-0.0249
26000,P1,CASC,-150.00,-150.03,-207,R,57601,-0.0246
26010,P1,CASC,-150.00,-144.99,-208,R,57543,-0.0747
26020,P1,CASC,-150.00,-144.97,-208,R,57485,-0.1250
26030,P1,CASC,-150.00,-147.51,-208,R,57426,-0.1499
26040,P1,CASC,-150.00,-147.49,-208,R,57367,-0.1750
26050,P1,CASC,-150.00,-152.53,-205,R,57306,-0.1497
26060,P1,CASC,-150.00,-152.48,-205,R,57245,-0.1249
26070,P1,CASC,-150.00,-152.48,-205,R,57184,-0.1000
26080,P1,CASC,-150.00,-152.56,-205,R,57123,-0.0744
26090,P1,CASC,-150.00,-155.00,-203,R,57061,-0.0244
26100,P1,CASC,-150.00,-149.96,-207,R,57001,-0.0248
26110,P1,CASC,-150.00,-150.03,-207,R,56941,-0.0245
26120,P1,CASC,-150.00,-149.96,-207,R,56881,-0.0250
26130,P1,CASC,-150.00,-150.03,-207,R,56821,-0.0247
26140,P1,CASC,-150.00,-150.03,-207,R,56761,-0.0244
26150,P1,CASC,-150.00,-152.48,-205,R,56700,0.0004
26160,P1,CASC,-150.00,-147.46,-207,R,56641,-0.0250
26170,P1,CASC,-150.00,-150.05,-207,R,56581,-0.0245
26180,P1,CASC,-150.00,-150.00,-207,R,56521,-0.0245
26190,P1,CASC,-150.00,-149.99,-207,R,56461,-0.0247
26200,P1,CASC,-150.00,-152.50,-205,R,56400,0.0003
26210,P1,CASC,-150.00,-147.50,-207,R,56341,-0.0247
26220,P1,CASC,-150.00,-150.01,-207,R,56281,-0.0245
26230,P1,CASC,-150.00,-150.01,-207,R,56221,-0.0244
26240,P1,CASC,-150.00,-149.94,-207,R,56161,-0.0250
26250,P1,CASC,-150.00,-150.01,-207,R,56101,-0.0248
26260,P1,CASC,-150.00,-152.53,-205,R,56040,0.0005
26270,P1,CASC,-150.00,-152.52,-205,R,55979,0.0256
26280,P1,CASC,-150.00,-152.47,-205,R,55918,0.0503
26290,P1,CASC,-150.00,-152.50,-205,R,55857,0.0753
26300,P1,CASC,-150.00,-152.52,-205,R,55796,0.1005
26310,P1,CASC,-150.00,-147.51,-207,R,55737,0.0756
26320,P1,CASC,-150.00,-150.00,-206,R,55677,0.0756
26330,P1,CASC,-150.00,-150.00,-206,R,55617,0.0756
26340,P1,CASC,-150.00,-150.00,-206,R,55557,0.0756
26350,P1,CASC,-150.00,-147.44,-207,R,55498,0.0500
26360,P1,CASC,-150.00,-150.03,-206,R,55438,0.0503
26370,P1,CASC,-150.00,-144.99,-208,R,55380,0.0002
26380,P1,CASC,-150.00,-147.53,-207,R,55321,-0.0245
26390,P1,CASC,-150.00,-150.00,-207,R,55261,-0.0245
26400,P1,CASC,-150.00,-147.50,-207,R,55202,-0.0495
26410,P1,CASC,-150.00,-145.01,-208,R,55144,-0.0994
26420,P1,CASC,-150.00,-144.97,-208,R,55086,-0.1497
26430,P1,CASC,-150.00,-147.51,-208,R,55027,-0.1745
26440,P1,CASC,-150.00,-149.97,-207,R,54967,-0.1748
26450,P1,CASC,-150.00,-150.05,-207,R,54907,-0.1744
26460,P1,CASC,-150.00,-152.47,-205,R,54846,-0.1497
26470,P1,CASC,-150.00,-152.48,-205,R,54785,-0.1248
26480,P1,CASC,-150.00,-155.00,-203,R,54723,-0.0748
26490,P1,CASC,-150.00,-152.53,-205,R,54662,-0.0495
26500,P1,CASC,-150.00,-152.50,-205,R,54601,-0.0245
26510,P1,CASC,-150.00,-150.01,-207,R,54541,-0.0244
26520,P1,CASC,-150.00,-147.49,-207,R,54482,-0.0495
26530,P1,CASC,-150.00,-150.00,-207,R,54422,-0.0495
26540,P1,CASC,-150.00,-149.99,-207,R,54362,-0.0497
26550,P1,CASC,-150.00,-150.00,-207,R,54302,-0.0497
26560,P1,CASC,-150.00,-150.01,-207,R,54242,-0.0495
26570,P1,CASC,-150.00,-149.97,-207,R,54182,-0.0498
26580,P1,CASC,-150.00,-150.01,-207,R,54122,-0.0497
26590,P1,CASC,-150.00,-150.03,-207,R,54062,-0.0494
26600,P1,CASC,-150.00,-149.97,-207,R,54002,-0.0497
26610,P1,CASC,-150.00,-150.01,-207,R,53942,-0.0495
26620,P1,CASC,-150.00,-147.47,-207,R,53883,-0.0748
26630,P1,CASC,-150.00,-150.05,-207,R,53823,-0.0744
26640,P1,CASC,-150.00,-149.97,-207,R,53763,-0.0747
26650,P1,CASC,-150.00,-150.03,-207,R,53703,-0.0744
26660,P1,CASC,-150.00,-149.97,-207,R,53643,-0.0747
26670,P1,CASC,-150.00,-152.50,-205,R,53582,-0.0497
26680,P1,CASC,-150.00,-152.50,-205,R,53521,-0.0247
26690,P1,CASC,-150.00,-154.97,-203,R,53459,0.0250
26700,P1,CASC,-150.00,-150.05,-206,R,53399,0.0255
26710,P1,CASC,-150.00,-147.51,-207,R,53340,0.0006
26720,P1,CASC,-150.00,-149.90,-207,R,53280,-0.0004
26730,P1,CASC,-150.00,-147.59,-207,R,53221,-0.0245
26740,P1,CASC,-150.00,-150.00,-207,R,53161,-0.0245
26750,P1,CASC,-150.00,-150.00,-207,R,53101,-0.0245
26760,P1,CASC,-150.00,-147.47,-207,R,53042,-0.0498
26770,P1,CASC,-150.00,-147.41,-207,R,52983,-0.0757
26780,P1,CASC,-150.00,-145.09,-208,R,52925,-0.1249
26790,P1,CASC,-150.00,-149.94,-207,R,52865,-0.1255
26800,P1,CASC,-150.00,-147.54,-207,R,52806,-0.1500
26810,P1,CASC,-150.00,-145.06,-208,R,52748,-0.1994
26820,P1,CASC,-150.00,-142.47,-209,R,52691,-0.2747
26830,P1,CASC,-150.00,-147.53,-208,R,52632,-0.2994
26840,P1,CASC,-150.00,-147.50,-208,R,52573,-0.3244
26850,P1,CASC,-150.00,-152.48,-206,R,52512,-0.2996
26860,P1,CASC,-150.00,-149.97,-207,R,52452,-0.2999
26870,P1,CASC,-150.00,-155.02,-204,R,52390,-0.2497
26880,P1,CASC,-150.00,-152.48,-205,R,52329,-0.2249
26890,P1,CASC,-150.00,-152.50,-205,R,52268,-0.1999
26900,P1,CASC,-150.00,-152.52,-205,R,52207,-0.1747
26910,P1,CASC,-150.00,-147.51,-208,R,52148,-0.1996
26920,P1,CASC,-150.00,-150.01,-207,R,52088,-0.1994
26930,P1,CASC,-150.00,-149.96,-207,R,52028,-0.1999
26940,P1,CASC,-150.00,-147.50,-208,R,51969,-0.2249
26950,P1,CASC,-150.00,-152.48,-205,R,51908,-0.2000
26960,P1,CASC,-150.00,-150.06,-207,R,51848,-0.1994
26970,P1,CASC,-150.00,-147.46,-208,R,51789,-0.2249
26980,P1,CASC,-150.00,-150.05,-207,R,51729,-0.2244
26990,P1,CASC,-150.00,-149.96,-207,R,51669,-0.2249
27000,P1,CASC,-150.00,-150.03,-207,R,51609,-0.2246
27010,P1,CASC,-200.00,-150.00,-237,R,51549,-0.7246
27020,P1,CASC,-200.00,-152.44,-243,R,51488,-1.2002
27030,P1,CASC,-200.00,-155.05,-244,R,51426,-1.6497
27040,P1,CASC,-200.00,-165.03,-242,R,51360,-1.9994
27050,P1,CASC,-200.00,-169.95,-242,R,51292,-2.2999
27060,P1,CASC,-200.00,-172.55,-242,R,51223,-2.5744
27070,P1,CASC,-200.00,-179.96,-241,R,51151,-2.7747
27080,P1,CASC,-200.00,-187.50,-239,R,51076,-2.8997
27090,P1,CASC,-200.00,-187.50,-240,R,51001,-3.0247
27100,P1,CASC,-200.00,-187.52,-240,R,50926,-3.1495
27110,P1,CASC,-200.00,-187.48,-240,R,50851,-3.2747
27120,P1,CASC,-200.00,-197.38,-238,R,50772,-3.3009
27130,P1,CASC,-200.00,-192.58,-239,R,50695,-3.3751
27140,P1,CASC,-200.00,-195.02,-239,R,50617,-3.4250
27150,P1,CASC,-200.00,-192.56,-240,R,50540,-3.4994
27160,P1,CASC,-200.00,-199.94,-238,R,50460,-3.5000
27170,P1,CASC,-200.00,-200.00,-237,R,50380,-3.5000
27180,P1,CASC,-200.00,-195.04,-239,R,50302,-3.5496
27190,P1,CASC,-200.00,-197.52,-239,R,50223,-3.5744
27200,P1,CASC,-200.00,-204.98,-233,R,50141,-3.5246
27210,P1,CASC,-200.00,-207.48,-232,R,50058,-3.4498
27220,P1,CASC,-200.00,-209.96,-230,R,49974,-3.3502
27230,P1,CASC,-200.00,-210.08,-229,R,49890,-3.2494
27240,P1,CASC,-200.00,-209.94,-229,R,49806,-3.1500
27250,P1,CASC,-200.00,-205.02,-232,R,49724,-3.0998
27260,P1,CASC,-200.00,-202.50,-234,R,49643,-3.0748
27270,P1,CASC,-200.00,-210.04,-229,R,49559,-2.9744
27280,P1,CASC,-200.00,-204.96,-232,R,49477,-2.9248
27290,P1,CASC,-200.00,-202.48,-234,R,49396,-2.9000
27300,P1,CASC,-200.00,-205.02,-232,R,49314,-2.8498
27310,P1,CASC,-200.00,-204.96,-232,R,49232,-2.8002
27320,P1,CASC,-200.00,-205.06,-231,R,49150,-2.7496
27330,P1,CASC,-200.00,-202.50,-233,R,49069,-2.7246
27340,P1,CASC,-200.00,-204.94,-231,R,48987,-2.6752
27350,P1,CASC,-200.00,-205.08,-231,R,48905,-2.6244
27360,P1,CASC,-200.00,-207.46,-229,R,48822,-2.5498
27370,P1,CASC,-200.00,-207.46,-229,R,48739,-2.4752
27380,P1,CASC,-200.00,-210.04,-227,R,48655,-2.3748
27390,P1,CASC,-200.00,-207.54,-229,R,48572,-2.2994
27400,P1,CASC,-200.00,-199.98,-235,R,48492,-2.2996
27410,P1,CASC,-200.00,-204.98,-230,R,48410,-2.2498
27420,P1,CASC,-200.00,-202.54,-232,R,48329,-2.2244
27430,P1,CASC,-200.00,-202.48,-232,R,48248,-2.1996
27440,P1,CASC,-200.00,-200.00,-234,R,48168,-2.1996
27450,P1,CASC,-200.00,-202.48,-232,R,48087,-2.1748
27460,P1,CASC,-200.00,-202.54,-232,R,48006,-2.1494
27470,P1,CASC,-200.00,-197.44,-235,R,47927,-2.1750
27480,P1,CASC,-200.00,-195.04,-236,R,47849,-2.2246
27490,P1,CASC,-200.00,-205.00,-230,R,47767,-2.1746
27500,P1,CASC,-200.00,-205.02,-230,R,47685,-2.1244
27510,P1,CASC,-200.00,-209.94,-227,R,47601,-2.0250
27520,P1,CASC,-200.00,-210.00,-226,R,47517,-1.9250
27530,P1,CASC,-200.00,-207.50,-228,R,47434,-1.8500
27540,P1,CASC,-200.00,-207.50,-228,R,47351,-1.7750
27550,P1,CASC,-200.00,-205.06,-229,R,47269,-1.7244
27560,P1,CASC,-200.00,-202.46,-231,R,47188,-1.6998
27570,P1,CASC,-200.00,-204.96,-229,R,47106,-1.6502
27580,P1,CASC,-200.00,-204.96,-229,R,47024,-1.6006
27590,P1,CASC,-200.00,-197.60,-233,R,46945,-1.6246
27600,P1,CASC,-200.00,-202.48,-231,R,46864,-1.5998
27610,P1,CASC,-200.00,-205.00,-229,R,46782,-1.5498
27620,P1,CASC,-200.00,-202.54,-230,R,46701,-1.5244
27630,P1,CASC,-200.00,-202.42,-230,R,46620,-1.5002
27640,P1,CASC,-200.00,-200.02,-232,R,46540,-1.5000
27650,P1,CASC,-200.00,-204.98,-229,R,46458,-1.4502
27660,P1,CASC,-200.00,-207.52,-227,R,46375,-1.3750
27670,P1,CASC,-200.00,-207.52,-227,R,46292,-1.2998
27680,P1,CASC,-200.00,-210.04,-225,R,46208,-1.1994
27690,P1,CASC,-200.00,-199.98,-232,R,46128,-1.1996
27700,P1,CASC,-200.00,-197.50,-232,R,46049,-1.2246
27710,P1,CASC,-200.00,-207.52,-226,R,45966,-1.1494
27720,P1,CASC,-200.00,-199.98,-232,R,45886,-1.1496
27730,P1,CASC,-200.00,-197.48,-232,R,45807,-1.1748
27740,P1,CASC,-200.00,-200.04,-231,R,45727,-1.1744
27750,P1,CASC,-200.00,-199.96,-232,R,45647,-1.1748
27760,P1,CASC,-200.00,-197.46,-232,R,45568,-1.2002
27770,P1,CASC,-200.00,-197.58,-232,R,45489,-1.2244
27780,P1,CASC,-200.00,-197.46,-232,R,45410,-1.2498
27790,P1,CASC,-200.00,-202.48,-230,R,45329,-1.2250
27800,P1,CASC,-200.00,-205.06,-228,R,45247,-1.1744
27810,P1,CASC,-200.00,-204.98,-228,R,45165,-1.1246
27820,P1,CASC,-200.00,-210.02,-224,R,45081,-1.0244
27830,P1,CASC,-200.00,-205.00,-227,R,44999,-0.9744
27840,P1,CASC,-200.00,-202.44,-229,R,44918,-0.9500
27850,P1,CASC,-200.00,-199.98,-231,R,44838,-0.9502
27860,P1,CASC,-200.00,-202.40,-229,R,44757,-0.9262
27870,P1,CASC,-200.00,-202.68,-229,R,44676,-0.8994
27880,P1,CASC,-200.00,-199.92,-231,R,44596,-0.9002
27890,P1,CASC,-200.00,-197.52,-232,R,44517,-0.9250
27900,P1,CASC,-200.00,-202.54,-229,R,44436,-0.8996
27910,P1,CASC,-200.00,-199.94,-231,R,44356,-0.9002
27920,P1,CASC,-200.00,-200.04,-231,R,44276,-0.8998
27930,P1,CASC,-200.00,-197.54,-232,R,44197,-0.9244
27940,P1,CASC,-200.00,-202.46,-229,R,44116,-0.8998
27950,P1,CASC,-200.00,-202.50,-229,R,44035,-0.8748
27960,P1,CASC,-200.00,-204.96,-227,R,43953,-0.8252
27970,P1,CASC,-200.00,-207.54,-225,R,43870,-0.7498
27980,P1,CASC,-200.00,-202.48,-229,R,43789,-0.7250
27990,P1,CASC,-200.00,-197.50,-231,R,43710,-0.7500
28000,P1,CASC,-200.00,-199.90,-231,R,43630,-0.7510
28010,P1,CASC,-200.00,-202.54,-229,R,43549,-0.7256
28020,P1,CASC,-200.00,-197.60,-231,R,43470,-0.7496
28030,P1,CASC,-200.00,-197.48,-231,R,43391,-0.7748
28040,P1,CASC,-200.00,-197.54,-231,R,43312,-0.7994
28050,P1,CASC,-200.00,-197.48,-231,R,43233,-0.8246
28060,P1,CASC,-200.00,-195.02,-232,R,43155,-0.8744
28070,P1,CASC,-200.00,-194.94,-232,R,43077,-0.9250
28080,P1,CASC,-200.00,-195.00,-232,R,42999,-0.9750
28090,P1,CASC,-200.00,-199.98,-231,R,42919,-0.9752
28100,P1,CASC,-200.00,-202.54,-229,R,42838,-0.9498
28110,P1,CASC,-200.00,-205.02,-227,R,42756,-0.8996
28120,P1,CASC,-200.00,-207.50,-225,R,42673,-0.8246
28130,P1,CASC,-200.00,-202.44,-229,R,42592,-0.8002
28140,P1,CASC,-200.00,-197.52,-231,R,42513,-0.8250
28150,P1,CASC,-200.00,-202.52,-229,R,42432,-0.7998
28160,P1,CASC,-200.00,-200.04,-230,R,42352,-0.7994
28170,P1,CASC,-200.00,-202.44,-229,R,42271,-0.7750
28180,P1,CASC,-200.00,-197.52,-231,R,42192,-0.7998
28190,P1,CASC,-200.00,-200.00,-230,R,42112,-0.7998
28200,P1,CASC,-200.00,-199.96,-231,R,42032,-0.8002
28210,P1,CASC,-200.00,-199.96,-231,R,41952,-0.8006
28220,P1,CASC,-200.00,-197.58,-231,R,41873,-0.8248
28230,P1,CASC,-200.00,-197.46,-231,R,41794,-0.8502
28240,P1,CASC,-200.00,-202.58,-229,R,41713,-0.8244
28250,P1,CASC,-200.00,-202.44,-229,R,41632,-0.8000
28260,P1,CASC,-200.00,-202.54,-229,R,41551,-0.7746
28270,P1,CASC,-200.00,-207.48,-225,R,41468,-0.6998
28280,P1,CASC,-200.00,-205.00,-227,R,41386,-0.6498
28290,P1,CASC,-200.00,-195.02,-232,R,41308,-0.6996
28300,P1,CASC,-200.00,-197.50,-231,R,41229,-0.7246
28310,P1,CASC,-200.00,-202.48,-228,R,41148,-0.6998
28320,P1,CASC,-200.00,-197.50,-231,R,41069,-0.7248
28330,P1,CASC,-200.00,-197.46,-231,R,40990,-0.7502
28340,P1,CASC,-200.00,-197.56,-231,R,40911,-0.7746
28350,P1,CASC,-200.00,-197.46,-231,R,40832,-0.8000
28360,P1,CASC,-200.00,-192.54,-233,R,40755,-0.8746
28370,P1,CASC,-200.00,-195.02,-232,R,40677,-0.9244
28380,P1,CASC,-200.00,-194.96,-232,R,40599,-0.9748
28390,P1,CASC,-200.00,-199.98,-231,R,40519,-0.9750
28400,P1,CASC,-200.00,-202.54,-229,R,40438,-0.9496
28410,P1,CASC,-200.00,-205.02,-227,R,40356,-0.8994
28420,P1,CASC,-200.00,-204.98,-227,R,40274,-0.8496
28430,P1,CASC,-200.00,-205.02,-227,R,40192,-0.7994
28440,P1,CASC,-200.00,-197.50,-231,R,40113,-0.8244
28450,P1,CASC,-200.00,-199.96,-231,R,40033,-0.8248
28460,P1,CASC,-200.00,-202.52,-229,R,39952,-0.7996
28470,P1,CASC,-200.00,-202.48,-229,R,39871,-0.7748
28480,P1,CASC,-200.00,-197.48,-231,R,39792,-0.8000
28490,P1,CASC,-200.00,-200.06,-230,R,39712,-0.7994
28500,P1,CASC,-200.00,-200.00,-230,R,39632,-0.7994
28510,P1,CASC,-200.00,-199.96,-231,R,39552,-0.7998
28520,P1,CASC,-200.00,-197.48,-231,R,39473,-0.8250
28530,P1,CASC,-200.00,-197.56,-231,R,39394,-0.8494
28540,P1,CASC,-200.00,-202.44,-229,R,39313,-0.8250
28550,P1,CASC,-200.00,-202.52,-229,R,39232,-0.7998
28560,P1,CASC,-200.00,-202.46,-229,R,39151,-0.7752
28570,P1,CASC,-200.00,-207.50,-225,R,39068,-0.7002
28580,P1,CASC,-200.00,-202.52,-228,R,38987,-0.6750
28590,P1,CASC,-200.00,-197.52,-231,R,38908,-0.6998
28600,P1,CASC,-200.00,-197.50,-231,R,38829,-0.7248
28610,P1,CASC,-200.00,-204.98,-227,R,38747,-0.6750
28620,P1,CASC,-200.00,-194.98,-232,R,38669,-0.7252
28630,P1,CASC,-200.00,-197.58,-231,R,38590,-0.7494
28640,P1,CASC,-200.00,-197.44,-231,R,38511,-0.7750
28650,P1,CASC,-200.00,-197.54,-231,R,38432,-0.7996
28660,P1,CASC,-200.00,-192.44,-233,R,38355,-0.8752
28670,P1,CASC,-200.00,-195.02,-232,R,38277,-0.9250
28680,P1,CASC,-200.00,-195.02,-232,R,38199,-0.9748
28690,P1,CASC,-200.00,-200.02,-231,R,38119,-0.9746
28700,P1,CASC,-200.00,-202.50,-229,R,38038,-0.9496
28710,P1,CASC,-200.00,-204.96,-227,R,37956,-0.9000
28720,P1,CASC,-200.00,-205.04,-227,R,37874,-0.8496
28730,P1,CASC,-200.00,-204.96,-227,R,37792,-0.8000
28740,P1,CASC,-200.00,-199.98,-231,R,37712,-0.8002
28750,P1,CASC,-200.00,-197.52,-231,R,37633,-0.8250
28760,P1,CASC,-200.00,-202.54,-229,R,37552,-0.7996
28770,P1,CASC,-200.00,-202.48,-229,R,37471,-0.7748
28780,P1,CASC,-200.00,-197.54,-231,R,37392,-0.7994
28790,P1,CASC,-200.00,-199.96,-231,R,37312,-0.7998
28800,P1,CASC,-200.00,-200.00,-230,R,37232,-0.7998
28810,P1,CASC,-200.00,-197.48,-231,R,37153,-0.8250
28820,P1,CASC,-200.00,-199.98,-231,R,37073,-0.8252
28830,P1,CASC,-200.00,-197.56,-231,R,36994,-0.8496
28840,P1,CASC,-200.00,-202.44,-229,R,36913,-0.8252
28850,P1,CASC,-200.00,-202.58,-229,R,36832,-0.7994
28860,P1,CASC,-200.00,-202.48,-229,R,36751,-0.7746
28870,P1,CASC,-200.00,-207.35,-225,R,36668,-0.7011
28880,P1,CASC,-200.00,-202.64,-228,R,36587,-0.6746
28890,P1,CASC,-200.00,-197.50,-231,R,36508,-0.6996
28900,P1,CASC,-200.00,-197.46,-231,R,36429,-0.7250
28910,P1,CASC,-200.00,-202.48,-228,R,36348,-0.7002
28920,P1,CASC,-200.00,-197.50,-231,R,36269,-0.7252
28930,P1,CASC,-200.00,-197.58,-231,R,36190,-0.7494
28940,P1,CASC,-200.00,-197.48,-231,R,36111,-0.7746
28950,P1,CASC,-200.00,-197.42,-231,R,36032,-0.8004
28960,P1,CASC,-200.00,-192.52,-233,R,35955,-0.8752
28970,P1,CASC,-200.00,-195.02,-232,R,35877,-0.9250
28980,P1,CASC,-200.00,-195.06,-232,R,35799,-0.9745
28990,P1,CASC,-200.00,-200.00,-231,R,35719,-0.9745
29000,P1,CASC,-200.00,-202.50,-229,R,35638,-0.9495
29010,P1,CASC,-200.00,-204.98,-227,R,35556,-0.8997
29020,P1,CASC,-200.00,-205.02,-227,R,35474,-0.8495
29030,P1,CASC,-200.00,-204.94,-227,R,35392,-0.8001
29040,P1,CASC,-200.00,-197.54,-231,R,35313,-0.8247
29050,P1,CASC,-200.00,-199.98,-231,R,35233,-0.8249
29060,P1,CASC,-200.00,-202.46,-229,R,35152,-0.8003
29070,P1,CASC,-200.00,-202.52,-229,R,35071,-0.7751
29080,P1,CASC,-200.00,-197.56,-231,R,34992,-0.7995
29090,P1,CASC,-200.00,-197.46,-231,R,34913,-0.8249
29100,P1,CASC,-200.00,-200.02,-230,R,34833,-0.8247
29110,P1,CASC,-200.00,-199.98,-231,R,34753,-0.8249
29120,P1,CASC,-200.00,-199.98,-231,R,34673,-0.8251
29130,P1,CASC,-200.00,-194.98,-232,R,34595,-0.8753
29140,P1,CASC,-200.00,-202.56,-229,R,34514,-0.8497
29150,P1,CASC,-200.00,-202.48,-229,R,34433,-0.8249
29160,P1,CASC,-200.00,-202.46,-229,R,34352,-0.8003
29170,P1,CASC,-200.00,-207.50,-225,R,34269,-0.7253
29180,P1,CASC,-200.00,-202.54,-228,R,34188,-0.6999
29190,P1,CASC,-200.00,-197.52,-231,R,34109,-0.7247
29200,P1,CASC,-200.00,-197.48,-231,R,34030,-0.7499
29210,P1,CASC,-200.00,-202.52,-229,R,33949,-0.7247
29220,P1,CASC,-200.00,-197.48,-231,R,33870,-0.7499
29230,P1,CASC,-200.00,-197.48,-231,R,33791,-0.7751
29240,P1,CASC,-200.00,-197.48,-231,R,33712,-0.8003
29250,P1,CASC,-200.00,-197.56,-231,R,33633,-0.8247
29260,P1,CASC,-200.00,-192.52,-233,R,33556,-0.8995
29270,P1,CASC,-200.00,-195.00,-232,R,33478,-0.9495
29280,P1,CASC,-200.00,-195.00,-232,R,33400,-0.9995
29290,P1,CASC,-200.00,-199.96,-231,R,33320,-0.9999
29300,P1,CASC,-200.00,-202.48,-229,R,33239,-0.9751
29310,P1,CASC,-200.00,-205.04,-227,R,33157,-0.9247
29320,P1,CASC,-200.00,-205.02,-227,R,33075,-0.8745
29330,P1,CASC,-200.00,-205.00,-227,R,32993,-0.8245
29340,P1,CASC,-200.00,-197.50,-231,R,32914,-0.8495
29350,P1,CASC,-200.00,-199.94,-231,R,32834,-0.8501
29360,P1,CASC,-200.00,-202.52,-229,R,32753,-0.8249
29370,P1,CASC,-200.00,-200.02,-230,R,32673,-0.8247
29380,P1,CASC,-200.00,-199.98,-231,R,32593,-0.8249
29390,P1,CASC,-200.00,-199.90,-231,R,32513,-0.8259
29400,P1,CASC,-200.00,-200.02,-230,R,32433,-0.8257
29410,P1,CASC,-200.00,-197.58,-231,R,32354,-0.8499
29420,P1,CASC,-200.00,-200.04,-230,R,32274,-0.8495
29430,P1,CASC,-200.00,-197.46,-231,R,32195,-0.8749
29440,P1,CASC,-200.00,-199.98,-231,R,32115,-0.8751
29450,P1,CASC,-200.00,-202.54,-229,R,32034,-0.8497
29460,P1,CASC,-200.00,-204.90,-227,R,31952,-0.8007
29470,P1,CASC,-200.00,-205.10,-227,R,31870,-0.7497
29480,P1,CASC,-200.00,-202.50,-229,R,31789,-0.7247
29490,P1,CASC,-200.00,-197.48,-231,R,31710,-0.7499
29500,P1,CASC,-200.00,-197.52,-231,R,31631,-0.7747
29510,P1,CASC,-200.00,-202.48,-229,R,31550,-0.7499
29520,P1,CASC,-200.00,-199.96,-231,R,31470,-0.7503
29530,P1,CASC,-200.00,-195.08,-232,R,31392,-0.7995
29540,P1,CASC,-200.00,-197.50,-231,R,31313,-0.8245
29550,P1,CASC,-200.00,-197.46,-231,R,31234,-0.8499
29560,P1,CASC,-200.00,-195.00,-232,R,31156,-0.8999
29570,P1,CASC,-200.00,-192.54,-233,R,31079,-0.9745
29580,P1,CASC,-200.00,-194.98,-232,R,31001,-1.0247
29590,P1,CASC,-200.00,-199.98,-231,R,30921,-1.0249
29600,P1,CASC,-200.00,-202.48,-229,R,30840,-1.0001
29610,P1,CASC,-200.00,-205.00,-227,R,30758,-0.9501
29620,P1,CASC,-200.00,-205.04,-227,R,30676,-0.8997
29630,P1,CASC,-200.00,-205.02,-227,R,30594,-0.8495
29640,P1,CASC,-200.00,-197.50,-231,R,30515,-0.8745
29650,P1,CASC,-200.00,-199.94,-231,R,30435,-0.8751
29660,P1,CASC,-200.00,-202.54,-229,R,30354,-0.8497
29670,P1,CASC,-200.00,-199.98,-231,R,30274,-0.8499
29680,P1,CASC,-200.00,-197.54,-231,R,30195,-0.8745
29690,P1,CASC,-200.00,-197.42,-232,R,30116,-0.9003
29700,P1,CASC,-200.00,-200.04,-231,R,30036,-0.8999
29710,P1,CASC,-200.00,-199.98,-231,R,29956,-0.9001
29720,P1,CASC,-200.00,-199.98,-231,R,29876,-0.9003
29730,P1,CASC,-200.00,-197.58,-232,R,29797,-0.9245
29740,P1,CASC,-200.00,-200.00,-231,R,29717,-0.9245
29750,P1,CASC,-200.00,-202.46,-229,R,29636,-0.8999
29760,P1,CASC,-200.00,-202.52,-229,R,29555,-0.8747
29770,P1,CASC,-200.00,-207.52,-225,R,29472,-0.7995
29780,P1,CASC,-200.00,-204.90,-227,R,29390,-0.7505
29790,P1,CASC,-200.00,-195.10,-232,R,29312,-0.7995
29800,P1,CASC,-200.00,-197.50,-231,R,29233,-0.8245
29810,P1,CASC,-200.00,-202.48,-229,R,29152,-0.7997
29820,P1,CASC,-200.00,-197.48,-231,R,29073,-0.8249
29830,P1,CASC,-200.00,-197.46,-231,R,28994,-0.8503
29840,P1,CASC,-200.00,-195.08,-232,R,28916,-0.8995
29850,P1,CASC,-200.00,-197.44,-232,R,28837,-0.9251
29860,P1,CASC,-200.00,-195.02,-232,R,28759,-0.9749
29870,P1,CASC,-200.00,-194.98,-232,R,28681,-1.0251
29880,P1,CASC,-200.00,-192.54,-233,R,28604,-1.0997
29890,P1,CASC,-200.00,-202.50,-229,R,28523,-1.0747
29900,P1,CASC,-200.00,-202.46,-229,R,28442,-1.0501
29910,P1,CASC,-200.00,-202.48,-229,R,28361,-1.0254
29920,P1,CASC,-200.00,-205.02,-227,R,28279,-0.9751
29930,P1,CASC,-200.00,-204.98,-227,R,28197,-0.9254
29940,P1,CASC,-200.00,-200.04,-231,R,28117,-0.9250
29950,P1,CASC,-200.00,-197.48,-232,R,28038,-0.9501
29960,P1,CASC,-200.00,-202.48,-229,R,27957,-0.9254
29970,P1,CASC,-200.00,-202.56,-229,R,27876,-0.8997
29980,P1,CASC,-200.00,-197.46,-232,R,27797,-0.9251
29990,P1,CASC,-200.00,-197.52,-232,R,27718,-0.9499
30000,P1,CASC,-200.00,-199.96,-231,R,27638,-0.9503
30010,P1,CASC,-150.00,-200.02,-201,R,27558,-0.4501
30020,P1,CASC,-150.00,-197.56,-175,R,27479,0.0255
30030,P1,CASC,-150.00,-192.48,-178,R,27402,0.4503
30040,P1,CASC,-150.00,-192.50,-177,R,27325,0.8753
30050,P1,CASC,-150.00,-189.98,-177,R,27249,1.2751
30060,P1,CASC,-150.00,-189.98,-177,R,27173,1.6749
30070,P1,CASC,-150.00,-187.54,-177,R,27098,2.0503
30080,P1,CASC,-150.00,-184.96,-178,R,27024,2.3999
30090,P1,CASC,-150.00,-177.54,-182,R,26953,2.6752
30100,P1,CASC,-150.00,-174.95,-184,R,26883,2.9247
30110,P1,CASC,-150.00,-170.02,-186,R,26815,3.1249
30120,P1,CASC,-150.00,-170.02,-186,R,26747,3.3251
30130,P1,CASC,-150.00,-167.47,-187,R,26680,3.4997
30140,P1,CASC,-150.00,-162.55,-190,R,26615,3.6252
30150,P1,CASC,-150.00,-159.97,-191,R,26551,3.7249
30160,P1,CASC,-150.00,-160.02,-191,R,26487,3.8250
30170,P1,CASC,-150.00,-157.52,-193,R,26424,3.9002
30180,P1,CASC,-150.00,-155.02,-194,R,26362,3.9504
30190,P1,CASC,-150.00,-149.99,-196,R,26302,3.9502
30200,P1,CASC,-150.00,-145.00,-197,R,26244,3.9002
30210,P1,CASC,-150.00,-152.47,-196,R,26183,3.9249
30220,P1,CASC,-150.00,-149.99,-196,R,26123,3.9248
30230,P1,CASC,-150.00,-150.01,-198,R,26063,3.9249
30240,P1,CASC,-150.00,-150.05,-197,R,26003,3.9254
30250,P1,CASC,-150.00,-147.46,-197,R,25944,3.8999
30260,P1,CASC,-150.00,-150.00,-198,R,25884,3.8999
30270,P1,CASC,-150.00,-145.03,-197,R,25826,3.8502
30280,P1,CASC,-150.00,-142.47,-198,R,25769,3.7749
30290,P1,CASC,-150.00,-140.03,-199,R,25713,3.6752
30300,P1,CASC,-150.00,-142.47,-199,R,25656,3.5999
30310,P1,CASC,-150.00,-140.01,-200,R,25600,3.5001
30320,P1,CASC,-150.00,-140.01,-200,R,25544,3.4002
30330,P1,CASC,-150.00,-140.01,-200,R,25488,3.3003
30340,P1,CASC,-150.00,-137.47,-201,R,25433,3.1751
30350,P1,CASC,-150.00,-140.03,-201,R,25377,3.0753
30360,P1,CASC,-150.00,-135.00,-202,R,25323,2.9253
30370,P1,CASC,-150.00,-140.00,-201,R,25267,2.8253
30380,P1,CASC,-150.00,-137.49,-202,R,25212,2.7002
30390,P1,CASC,-150.00,-137.47,-203,R,25157,2.5749
30400,P1,CASC,-150.00,-137.51,-203,R,25102,2.4501
30410,P1,CASC,-150.00,-135.00,-204,R,25048,2.3001
30420,P1,CASC,-150.00,-137.49,-204,R,24993,2.1749
30430,P1,CASC,-150.00,-140.04,-203,R,24937,2.0753
30440,P1,CASC,-150.00,-139.99,-204,R,24881,1.9752
30450,P1,CASC,-150.00,-142.50,-203,R,24824,1.9002
30460,P1,CASC,-150.00,-142.50,-203,R,24767,1.8252
30470,P1,CASC,-150.00,-142.50,-204,R,24710,1.7502
30480,P1,CASC,-150.00,-145.01,-203,R,24652,1.7004
30490,P1,CASC,-150.00,-142.47,-204,R,24595,1.6251
30500,P1,CASC,-150.00,-139.99,-205,R,24539,1.5249
30510,P1,CASC,-150.00,-140.04,-205,R,24483,1.4253
30520,P1,CASC,-150.00,-142.50,-205,R,24426,1.3503
30530,P1,CASC,-150.00,-144.99,-204,R,24368,1.3002
30540,P1,CASC,-150.00,-139.97,-206,R,24312,1.1999
30550,P1,CASC,-150.00,-142.53,-205,R,24255,1.1252
30560,P1,CASC,-150.00,-142.47,-206,R,24198,1.0499
30570,P1,CASC,-150.00,-140.04,-206,R,24142,0.9503
30580,P1,CASC,-150.00,-144.97,-205,R,24084,0.9001
30590,P1,CASC,-150.00,-142.51,-206,R,24027,0.8252
30600,P1,CASC,-150.00,-142.50,-206,R,23970,0.7502
30610,P1,CASC,-150.00,-137.49,-208,R,23915,0.6251
30620,P1,CASC,-150.00,-139.99,-208,R,23859,0.5249
30630,P1,CASC,-150.00,-145.03,-206,R,23801,0.4752
30640,P1,CASC,-150.00,-145.01,-207,R,23743,0.4254
30650,P1,CASC,-150.00,-149.97,-205,R,23683,0.4251
30660,P1,CASC,-150.00,-147.49,-206,R,23624,0.3999
30670,P1,CASC,-150.00,-150.01,-206,R,23564,0.4001
30680,P1,CASC,-150.00,-152.52,-204,R,23503,0.4252
30690,P1,CASC,-150.00,-149.99,-205,R,23443,0.4251
30700,P1,CASC,-150.00,-147.47,-206,R,23384,0.3998
30710,P1,CASC,-150.00,-147.53,-206,R,23325,0.3751
30720,P1,CASC,-150.00,-147.50,-206,R,23266,0.3501
30730,P1,CASC,-150.00,-149.93,-206,R,23206,0.3493
30740,P1,CASC,-150.00,-147.47,-206,R,23147,0.3240
30750,P1,CASC,-150.00,-150.09,-206,R,23087,0.3249
30760,P1,CASC,-150.00,-145.03,-207,R,23029,0.2752
30770,P1,CASC,-150.00,-149.99,-206,R,22969,0.2751
30780,P1,CASC,-150.00,-147.46,-206,R,22910,0.2496
30790,P1,CASC,-150.00,-147.51,-207,R,22851,0.2248
30800,P1,CASC,-150.00,-150.05,-206,R,22791,0.2252
30810,P1,CASC,-150.00,-147.51,-207,R,22732,0.2004
30820,P1,CASC,-150.00,-147.49,-207,R,22673,0.1752
30830,P1,CASC,-150.00,-147.50,-207,R,22614,0.1502
30840,P1,CASC,-150.00,-149.88,-206,R,22554,0.1490
30850,P1,CASC,-150.00,-150.09,-206,R,22494,0.1499
30860,P1,CASC,-150.00,-149.99,-206,R,22434,0.1498
30870,P1,CASC,-150.00,-152.53,-204,R,22373,0.1751
30880,P1,CASC,-150.00,-150.01,-206,R,22313,0.1752
30890,P1,CASC,-150.00,-152.50,-204,R,22252,0.2002
30900,P1,CASC,-150.00,-152.50,-204,R,22191,0.2252
30910,P1,CASC,-150.00,-144.96,-207,R,22133,0.1748
30920,P1,CASC,-150.00,-147.54,-207,R,22074,0.1502
30930,P1,CASC,-150.00,-150.01,-206,R,22014,0.1504
30940,P1,CASC,-150.00,-149.97,-206,R,21954,0.1501
30950,P1,CASC,-150.00,-147.51,-207,R,21895,0.1252
30960,P1,CASC,-150.00,-147.47,-207,R,21836,0.0999
30970,P1,CASC,-150.00,-147.54,-207,R,21777,0.0754
30980,P1,CASC,-150.00,-147.49,-207,R,21718,0.0502
30990,P1,CASC,-150.00,-147.50,-207,R,21659,0.0252
31000,P1,CASC,-150.00,-147.47,-207,R,21600,-0.0001
31010,P1,CASC,-150.00,-145.00,-208,R,21542,-0.0501
31020,P1,CASC,-150.00,-142.49,-209,R,21485,-0.1252
31030,P1,CASC,-150.00,-147.54,-207,R,21426,-0.1498
31040,P1,CASC,-150.00,-150.01,-207,R,21366,-0.1496
31050,P1,CASC,-150.00,-150.00,-207,R,21306,-0.1496
31060,P1,CASC,-150.00,-149.99,-207,R,21246,-0.1498
31070,P1,CASC,-150.00,-154.97,-203,R,21184,-0.1001
31080,P1,CASC,-150.00,-152.55,-205,R,21123,-0.0746
31090,P1,CASC,-150.00,-155.00,-203,R,21061,-0.0246
31100,P1,CASC,-150.00,-149.99,-207,R,21001,-0.0248
31110,P1,CASC,-150.00,-150.00,-207,R,20941,-0.0248
31120,P1,CASC,-150.00,-147.51,-207,R,20882,-0.0496
31130,P1,CASC,-150.00,-149.99,-207,R,20822,-0.0498
31140,P1,CASC,-150.00,-147.47,-207,R,20763,-0.0751
31150,P1,CASC,-150.00,-152.53,-205,R,20702,-0.0498
31160,P1,CASC,-150.00,-147.46,-207,R,20643,-0.0752
31170,P1,CASC,-150.00,-150.01,-207,R,20583,-0.0751
31180,P1,CASC,-150.00,-147.50,-207,R,20524,-0.1001
31190,P1,CASC,-150.00,-150.00,-207,R,20464,-0.1001
31200,P1,CASC,-150.00,-150.05,-207,R,20404,-0.0996
31210,P1,CASC,-150.00,-147.46,-207,R,20345,-0.1251
31220,P1,CASC,-150.00,-149.99,-207,R,20285,-0.1252
31230,P1,CASC,-150.00,-147.56,-207,R,20226,-0.1496
31240,P1,CASC,-150.00,-147.49,-208,R,20167,-0.1748
31250,P1,CASC,-150.00,-150.01,-207,R,20107,-0.1746
31260,P1,CASC,-150.00,-150.00,-207,R,20047,-0.1746
31270,P1,CASC,-150.00,-152.50,-205,R,19986,-0.1496
31280,P1,CASC,-150.00,-152.47,-205,R,19925,-0.1249
31290,P1,CASC,-150.00,-152.50,-205,R,19864,-0.0999
31300,P1,CASC,-150.00,-152.52,-205,R,19803,-0.0748
31310,P1,CASC,-150.00,-147.47,-207,R,19744,-0.1001
31320,P1,CASC,-150.00,-147.50,-207,R,19685,-0.1251
31330,P1,CASC,-150.00,-147.53,-208,R,19626,-0.1498
31340,P1,CASC,-150.00,-149.97,-207,R,19566,-0.1501
31350,P1,CASC,-150.00,-147.54,-208,R,19507,-0.1746
31360,P1,CASC,-150.00,-149.96,-207,R,19447,-0.1751
31370,P1,CASC,-150.00,-145.04,-208,R,19389,-0.2246
31380,P1,CASC,-150.00,-147.47,-208,R,19330,-0.2499
31390,P1,CASC,-150.00,-150.03,-207,R,19270,-0.2496
31400,P1,CASC,-150.00,-147.46,-208,R,19211,-0.2751
31410,P1,CASC,-150.00,-145.03,-209,R,19153,-0.3248
31420,P1,CASC,-150.00,-144.97,-209,R,19095,-0.3751
31430,P1,CASC,-150.00,-142.51,-210,R,19038,-0.4499
31440,P1,CASC,-150.00,-149.99,-208,R,18978,-0.4501
31450,P1,CASC,-150.00,-152.45,-206,R,18917,-0.4255
31460,P1,CASC,-150.00,-150.09,-207,R,18857,-0.4246
31470,P1,CASC,-150.00,-152.50,-206,R,18796,-0.3996
31480,P1,CASC,-150.00,-152.45,-206,R,18735,-0.3751
31490,P1,CASC,-150.00,-155.00,-204,R,18673,-0.3251
31500,P1,CASC,-150.00,-152.48,-206,R,18612,-0.3002
31510,P1,CASC,-150.00,-147.56,-208,R,18553,-0.3247
31520,P1,CASC,-150.00,-149.96,-207,R,18493,-0.3251
31530,P1,CASC,-150.00,-147.50,-208,R,18434,-0.3501
31540,P1,CASC,-150.00,-150.03,-207,R,18374,-0.3498
31550,P1,CASC,-150.00,-150.01,-207,R,18314,-0.3497
31560,P1,CASC,-150.00,-152.48,-206,R,18253,-0.3248
31570,P1,CASC,-150.00,-147.50,-208,R,18194,-0.3498
31580,P1,CASC,-150.00,-149.97,-207,R,18134,-0.3501
31590,P1,CASC,-150.00,-150.03,-207,R,18074,-0.3498
31600,P1,CASC,-150.00,-149.96,-207,R,18014,-0.3503
31610,P1,CASC,-150.00,-147.51,-208,R,17955,-0.3751
31620,P1,CASC,-150.00,-149.99,-208,R,17895,-0.3753
31630,P1,CASC,-150.00,-145.03,-209,R,17837,-0.4250
31640,P1,CASC,-150.00,-152.52,-206,R,17776,-0.3998
31650,P1,CASC,-150.00,-150.00,-207,R,17716,-0.3998
31660,P1,CASC,-150.00,-149.97,-208,R,17656,-0.4001
31670,P1,CASC,-150.00,-152.52,-206,R,17595,-0.3750
31680,P1,CASC,-150.00,-152.53,-206,R,17534,-0.3497
31690,P1,CASC,-150.00,-154.85,-204,R,17472,-0.3012
31700,P1,CASC,-150.00,-150.14,-207,R,17412,-0.2999
31710,P1,CASC,-150.00,-149.99,-207,R,17352,-0.3000
31720,P1,CASC,-150.00,-147.53,-208,R,17293,-0.3247
31730,P1,CASC,-150.00,-147.47,-208,R,17234,-0.3500
31740,P1,CASC,-150.00,-152.48,-206,R,17173,-0.3252
31750,P1,CASC,-150.00,-147.51,-208,R,17114,-0.3500
31760,P1,CASC,-150.00,-150.01,-207,R,17054,-0.3499
31770,P1,CASC,-150.00,-147.47,-208,R,16995,-0.3752
31780,P1,CASC,-150.00,-145.04,-209,R,16937,-0.4247
31790,P1,CASC,-150.00,-149.97,-208,R,16877,-0.4250
31800,P1,CASC,-150.00,-147.51,-208,R,16818,-0.4499
31810,P1,CASC,-150.00,-147.51,-208,R,16759,-0.4747
31820,P1,CASC,-150.00,-145.00,-209,R,16701,-0.5247
31830,P1,CASC,-150.00,-142.47,-210,R,16644,-0.6000
31840,P1,CASC,-150.00,-150.03,-208,R,16584,-0.5997
31850,P1,CASC,-150.00,-149.97,-208,R,16524,-0.6000
31860,P1,CASC,-150.00,-152.48,-206,R,16463,-0.5752
31870,P1,CASC,-150.00,-152.48,-206,R,16402,-0.5503
31880,P1,CASC,-150.00,-152.52,-206,R,16341,-0.5252
31890,P1,CASC,-150.00,-155.02,-204,R,16279,-0.4750
31900,P1,CASC,-150.00,-152.48,-206,R,16218,-0.4502
31910,P1,CASC,-150.00,-147.51,-208,R,16159,-0.4750
31920,P1,CASC,-150.00,-149.99,-208,R,16099,-0.4752
31930,P1,CASC,-150.00,-147.49,-208,R,16040,-0.5003
31940,P1,CASC,-150.00,-150.05,-208,R,15980,-0.4999
31950,P1,CASC,-150.00,-149.99,-208,R,15920,-0.5000
31960,P1,CASC,-150.00,-152.47,-206,R,15859,-0.4753
31970,P1,CASC,-150.00,-147.53,-208,R,15800,-0.5000
31980,P1,CASC,-150.00,-150.03,-208,R,15740,-0.4997
31990,P1,CASC,-150.00,-149.97,-208,R,15680,-0.5000
32000,P1,CASC,-150.00,-149.99,-208,R,15620,-0.5002
32010,P1,CASC,-150.00,-149.99,-208,R,15560,-0.5003
32020,P1,CASC,-150.00,-147.53,-209,R,15501,-0.5250
32030,P1,CASC,-150.00,-147.51,-209,R,15442,-0.5499
32040,P1,CASC,-150.00,-152.45,-206,R,15381,-0.5253
32050,P1,CASC,-150.00,-147.56,-209,R,15322,-0.5497
32060,P1,CASC,-150.00,-152.50,-206,R,15261,-0.5247
32070,P1,CASC,-150.00,-152.50,-206,R,15200,-0.4997
32080,P1,CASC,-150.00,-152.50,-206,R,15139,-0.4747
32090,P1,CASC,-150.00,-155.00,-204,R,15077,-0.4247
32100,P1,CASC,-150.00,-149.94,-208,R,15017,-0.4253
32110,P1,CASC,-150.00,-150.05,-207,R,14957,-0.4249
32120,P1,CASC,-150.00,-147.50,-208,R,14898,-0.4499
32130,P1,CASC,-150.00,-147.49,-208,R,14839,-0.4750
32140,P1,CASC,-150.00,-152.48,-206,R,14778,-0.4502
32150,P1,CASC,-150.00,-150.01,-208,R,14718,-0.4500
32160,P1,CASC,-150.00,-150.03,-208,R,14658,-0.4497
32170,P1,CASC,-150.00,-144.99,-209,R,14600,-0.4999
32180,P1,CASC,-150.00,-147.51,-209,R,14541,-0.5247
32190,P1,CASC,-150.00,-150.00,-208,R,14481,-0.5247
32200,P1,CASC,-150.00,-149.97,-208,R,14421,-0.5250
32210,P1,CASC,-150.00,-144.99,-209,R,14363,-0.5752
32220,P1,CASC,-150.00,-145.04,-209,R,14305,-0.6248
32230,P1,CASC,-150.00,-144.96,-210,R,14247,-0.6752
32240,P1,CASC,-150.00,-152.50,-206,R,14186,-0.6502
32250,P1,CASC,-150.00,-147.50,-209,R,14127,-0.6752
32260,P1,CASC,-150.00,-155.03,-205,R,14065,-0.6249
32270,P1,CASC,-150.00,-152.50,-206,R,14004,-0.5999
32280,P1,CASC,-150.00,-152.52,-206,R,13943,-0.5747
32290,P1,CASC,-150.00,-155.00,-204,R,13881,-0.5247
32300,P1,CASC,-150.00,-149.97,-208,R,13821,-0.5250
32310,P1,CASC,-150.00,-152.48,-206,R,13760,-0.5002
32320,P1,CASC,-150.00,-147.54,-208,R,13701,-0.5247
32330,P1,CASC,-150.00,-149.96,-208,R,13641,-0.5252
32340,P1,CASC,-150.00,-150.01,-208,R,13581,-0.5250
32350,P1,CASC,-150.00,-152.53,-206,R,13520,-0.4997
32360,P1,CASC,-150.00,-149.97,-208,R,13460,-0.5000
32370,P1,CASC,-150.00,-149.99,-208,R,13400,-0.5002
32380,P1,CASC,-150.00,-147.50,-209,R,13341,-0.5252
32390,P1,CASC,-150.00,-152.52,-206,R,13280,-0.5000
32400,P1,CASC,-150.00,-149.99,-208,R,13220,-0.5002
32410,P1,CASC,-150.00,-150.05,-208,R,13160,-0.4997
32420,P1,CASC,-150.00,-149.97,-208,R,13100,-0.5000
32430,P1,CASC,-150.00,-147.50,-209,R,13041,-0.5250
32440,P1,CASC,-150.00,-150.00,-208,R,12981,-0.5250
32450,P1,CASC,-150.00,-150.03,-208,R,12921,-0.5247
32460,P1,CASC,-150.00,-152.50,-206,R,12860,-0.4997
32470,P1,CASC,-150.00,-152.45,-206,R,12799,-0.4752
32480,P1,CASC,-150.00,-152.48,-206,R,12738,-0.4503
32490,P1,CASC,-150.00,-155.05,-204,R,12676,-0.3999
32500,P1,CASC,-150.00,-152.47,-206,R,12615,-0.3752
32510,P1,CASC,-150.00,-150.05,-207,R,12555,-0.3747
32520,P1,CASC,-150.00,-145.00,-209,R,12497,-0.4247
32530,P1,CASC,-150.00,-149.88,-208,R,12437,-0.4259
32540,P1,CASC,-150.00,-152.61,-206,R,12376,-0.3999
32550,P1,CASC,-150.00,-147.47,-208,R,12317,-0.4252
32560,P1,CASC,-150.00,-150.00,-207,R,12257,-0.4252
32570,P1,CASC,-150.00,-145.00,-209,R,12199,-0.4752
32580,P1,CASC,-150.00,-147.54,-208,R,12140,-0.4997
32590,P1,CASC,-150.00,-149.97,-208,R,12080,-0.5000
32600,P1,CASC,-150.00,-147.53,-209,R,12021,-0.5247
32610,P1,CASC,-150.00,-147.50,-209,R,11962,-0.5497
32620,P1,CASC,-150.00,-144.97,-209,R,11904,-0.6000
32630,P1,CASC,-150.00,-142.53,-210,R,11847,-0.6747
32640,P1,CASC,-150.00,-152.44,-206,R,11786,-0.6503
32650,P1,CASC,-150.00,-147.56,-209,R,11727,-0.6747
32660,P1,CASC,-150.00,-152.47,-206,R,11666,-0.6500
32670,P1,CASC,-150.00,-152.48,-206,R,11605,-0.6252
32680,P1,CASC,-150.00,-152.53,-206,R,11544,-0.5999
32690,P1,CASC,-150.00,-155.00,-204,R,11482,-0.5499
32700,P1,CASC,-150.00,-152.52,-206,R,11421,-0.5247
32710,P1,CASC,-150.00,-149.94,-208,R,11361,-0.5253
32720,P1,CASC,-150.00,-147.51,-209,R,11302,-0.5502
32730,P1,CASC,-150.00,-150.05,-208,R,11242,-0.5497
32740,P1,CASC,-150.00,-149.97,-208,R,11182,-0.5500
32750,P1,CASC,-150.00,-150.03,-208,R,11122,-0.5497
32760,P1,CASC,-150.00,-152.50,-206,R,11061,-0.5247
32770,P1,CASC,-150.00,-147.46,-209,R,11002,-0.5502
32780,P1,CASC,-150.00,-150.01,-208,R,10942,-0.5500
32790,P1,CASC,-150.00,-152.50,-206,R,10881,-0.5250
32800,P1,CASC,-150.00,-150.03,-208,R,10821,-0.5247
32810,P1,CASC,-150.00,-149.99,-208,R,10761,-0.5249
32820,P1,CASC,-150.00,-150.01,-208,R,10701,-0.5247
32830,P1,CASC,-150.00,-147.49,-209,R,10642,-0.5499
32840,P1,CASC,-150.00,-149.99,-208,R,10582,-0.5500
32850,P1,CASC,-150.00,-150.01,-208,R,10522,-0.5499
32860,P1,CASC,-150.00,-154.98,-204,R,10460,-0.5000
32870,P1,CASC,-150.00,-152.47,-206,R,10399,-0.4753
32880,P1,CASC,-150.00,-152.55,-206,R,10338,-0.4499
32890,P1,CASC,-150.00,-155.00,-204,R,10276,-0.3999
32900,P1,CASC,-150.00,-152.48,-206,R,10215,-0.3750
32910,P1,CASC,-150.00,-150.01,-207,R,10155,-0.3749
32920,P1,CASC,-150.00,-147.46,-208,R,10096,-0.4003
32930,P1,CASC,-150.00,-147.56,-208,R,10037,-0.4247
32940,P1,CASC,-150.00,-152.45,-206,R,9976,-0.4002
32950,P1,CASC,-150.00,-147.49,-208,R,9917,-0.4253
32960,P1,CASC,-150.00,-150.06,-207,R,9857,-0.4247
32970,P1,CASC,-150.00,-147.47,-208,R,9798,-0.4500
32980,P1,CASC,-150.00,-147.50,-208,R,9739,-0.4750
32990,P1,CASC,-150.00,-150.01,-208,R,9679,-0.4749
33000,P1,CASC,-150.00,-147.50,-208,R,9620,-0.4999
33010,P1,CASC,-80.00,-145.01,-178,R,9562,0.1503
33020,P1,CASC,-80.00,-144.96,-148,R,9504,0.7998
33030,P1,CASC,-80.00,-142.43,-118,R,9447,1.4241
33040,P1,CASC,-80.00,-142.57,-116,R,9390,2.0498
33050,P1,CASC,-80.00,-140.01,-116,R,9334,2.6500
33060,P1,CASC,-80.00,-137.50,-117,R,9279,3.2250
33070,P1,CASC,-80.00,-134.99,-117,R,9225,3.7748
33080,P1,CASC,-80.00,-132.51,-117,R,9172,4.3000
33090,P1,CASC,-80.00,-132.51,-116,R,9119,4.8251
33100,P1,CASC,-80.00,-125.00,-120,R,9069,5.2751
33110,P1,CASC,-80.00,-125.00,-119,R,9019,5.7251
33120,P1,CASC,-80.00,-117.50,-123,R,8972,6.1001
33130,P1,CASC,-80.00,-117.48,-122,R,8925,6.4749
33140,P1,CASC,-80.00,-112.49,-125,R,8880,6.7997
33150,P1,CASC,-80.00,-110.00,-126,R,8836,7.0997
33160,P1,CASC,-80.00,-107.50,-127,R,8793,7.3747
33170,P1,CASC,-80.00,-107.54,-126,R,8750,7.6502
33180,P1,CASC,-80.00,-104.99,-127,R,8708,7.9001
33190,P1,CASC,-80.00,-102.48,-128,R,8667,8.1249
33200,P1,CASC,-80.00,-100.01,-129,R,8627,8.3250
33210,P1,CASC,-80.00,-100.00,-129,R,8587,8.5250
33220,P1,CASC,-80.00,-94.98,-132,R,8549,8.6748
33230,P1,CASC,-80.00,-95.03,-131,R,8511,8.8251
33240,P1,CASC,-80.00,-92.49,-133,R,8474,8.9500
33250,P1,CASC,-80.00,-92.48,-133,R,8437,9.0748
33260,P1,CASC,-80.00,-90.01,-134,R,8401,9.1749
33270,P1,CASC,-80.00,-90.02,-134,R,8365,9.2751
33280,P1,CASC,-80.00,-87.49,-135,R,8330,9.3500
33290,P1,CASC,-80.00,-85.02,-137,R,8296,9.4001
33300,P1,CASC,-80.00,-82.50,-138,R,8263,9.4251
33310,P1,CASC,-80.00,-82.49,-138,R,8230,9.4501
33320,P1,CASC,-80.00,-82.48,-138,R,8197,9.4749
33330,P1,CASC,-80.00,-80.02,-140,R,8165,9.4751
33340,P1,CASC,-80.00,-79.98,-136,R,8133,9.4749
33350,P1,CASC,-80.00,-80.02,-140,R,8101,9.4751
33360,P1,CASC,-80.00,-77.48,-137,R,8070,9.4499
33370,P1,CASC,-80.00,-77.51,-137,R,8039,9.4250
33380,P1,CASC,-80.00,-74.99,-138,R,8009,9.3749
33390,P1,CASC,-80.00,-75.02,-138,R,7979,9.3251
33400,P1,CASC,-80.00,-74.98,-138,R,7949,9.2749
33410,P1,CASC,-80.00,-75.01,-138,R,7919,9.2250
33420,P1,CASC,-80.00,-72.49,-139,R,7890,9.1499
33430,P1,CASC,-80.00,-72.49,-139,R,7861,9.0748
33440,P1,CASC,-80.00,-70.01,-140,R,7833,8.9750
33450,P1,CASC,-80.00,-72.49,-140,R,7804,8.8999
33460,P1,CASC,-80.00,-67.51,-141,R,7777,8.7750
33470,P1,CASC,-80.00,-67.49,-141,R,7750,8.6499
33480,P1,CASC,-80.00,-67.52,-142,R,7723,8.5251
33490,P1,CASC,-80.00,-67.50,-142,R,7696,8.4001
33500,P1,CASC,-80.00,-67.49,-142,R,7669,8.2750
33510,P1,CASC,-80.00,-64.99,-143,R,7643,8.1249
33520,P1,CASC,-80.00,-70.01,-143,R,7615,8.0250
33530,P1,CASC,-80.00,-64.99,-144,R,7589,7.8750
33540,P1,CASC,-80.00,-67.51,-144,R,7562,7.7500
33550,P1,CASC,-80.00,-67.50,-144,R,7535,7.6250
33560,P1,CASC,-80.00,-67.47,-145,R,7508,7.4997
33570,P1,CASC,-80.00,-65.02,-146,R,7482,7.3499
33580,P1,CASC,-80.00,-65.01,-146,R,7456,7.2000
33590,P1,CASC,-80.00,-64.99,-146,R,7430,7.0500
33600,P1,CASC,-80.00,-64.99,-147,R,7404,6.8999
33610,P1,CASC,-80.00,-64.99,-147,R,7378,6.7498
33620,P1,CASC,-80.00,-65.01,-148,R,7352,6.5999
33630,P1,CASC,-80.00,-65.02,-148,R,7326,6.4501
33640,P1,CASC,-80.00,-67.49,-148,R,7299,6.3250
33650,P1,CASC,-80.00,-64.99,-149,R,7273,6.1748
33660,P1,CASC,-80.00,-62.53,-150,R,7248,6.0001
33670,P1,CASC,-80.00,-67.48,-149,R,7221,5.8749
33680,P1,CASC,-80.00,-65.01,-150,R,7195,5.7249
33690,P1,CASC,-80.00,-62.49,-151,R,7170,5.5498
33700,P1,CASC,-80.00,-65.01,-151,R,7144,5.4000
33710,P1,CASC,-80.00,-62.50,-152,R,7119,5.2250
33720,P1,CASC,-80.00,-62.51,-152,R,7094,5.0500
33730,P1,CASC,-80.00,-64.98,-152,R,7068,4.8998
33740,P1,CASC,-80.00,-62.53,-153,R,7043,4.7251
33750,P1,CASC,-80.00,-65.00,-153,R,7017,4.5751
33760,P1,CASC,-80.00,-67.48,-153,R,6990,4.4499
33770,P1,CASC,-80.00,-65.01,-154,R,6964,4.2999
33780,P1,CASC,-80.00,-64.99,-154,R,6938,4.1499
33790,P1,CASC,-80.00,-67.52,-154,R,6911,4.0251
33800,P1,CASC,-80.00,-67.50,-154,R,6884,3.9001
33810,P1,CASC,-80.00,-64.97,-155,R,6858,3.7498
33820,P1,CASC,-80.00,-67.52,-155,R,6831,3.6250
33830,P1,CASC,-80.00,-67.51,-155,R,6804,3.5001
33840,P1,CASC,-80.00,-69.99,-155,R,6776,3.4000
33850,P1,CASC,-80.00,-67.51,-156,R,6749,3.2751
33860,P1,CASC,-80.00,-67.47,-156,R,6722,3.1498
33870,P1,CASC,-80.00,-67.53,-156,R,6695,3.0251
33880,P1,CASC,-80.00,-69.99,-156,R,6667,2.9250
33890,P1,CASC,-80.00,-67.51,-157,R,6640,2.8001
33900,P1,CASC,-80.00,-69.99,-157,R,6612,2.7000
33910,P1,CASC,-80.00,-67.48,-158,R,6585,2.5748
33920,P1,CASC,-80.00,-67.53,-158,R,6558,2.4501
33930,P1,CASC,-80.00,-70.00,-158,R,6530,2.3501
33940,P1,CASC,-80.00,-67.49,-159,R,6503,2.2250
33950,P1,CASC,-80.00,-70.01,-158,R,6475,2.1251
33960,P1,CASC,-80.00,-67.49,-159,R,6448,2.0000
33970,P1,CASC,-80.00,-72.48,-158,R,6419,1.9248
33980,P1,CASC,-80.00,-70.03,-159,R,6391,1.8251
33990,P1,CASC,-80.00,-72.49,-159,R,6362,1.7500
34000,P1,CASC,-80.00,-69.99,-160,R,6334,1.6499
34010,P1,CASC,-80.00,-72.50,-159,R,6305,1.5749
34020,P1,CASC,-80.00,-72.52,-159,R,6276,1.5001
34030,P1,CASC,-80.00,-74.93,-159,R,6246,1.4493
34040,P1,CASC,-80.00,-72.54,-160,R,6217,1.3748
34050,P1,CASC,-80.00,-72.51,-160,R,6188,1.2998
34060,P1,CASC,-80.00,-75.01,-159,R,6158,1.2499
34070,P1,CASC,-80.00,-72.51,-160,R,6129,1.1751
34080,P1,CASC,-80.00,-77.48,-159,R,6098,1.1498
34090,P1,CASC,-80.00,-75.01,-160,R,6068,1.0999
34100,P1,CASC,-80.00,-75.01,-160,R,6038,1.0500
34110,P1,CASC,-80.00,-74.97,-160,R,6008,0.9997
34120,P1,CASC,-80.00,-77.53,-159,R,5977,0.9751
34130,P1,CASC,-80.00,-75.00,-160,R,5947,0.9251
34140,P1,CASC,-80.00,-74.99,-160,R,5917,0.8750
34150,P1,CASC,-80.00,-77.49,-160,R,5886,0.8499
34160,P1,CASC,-80.00,-72.51,-161,R,5857,0.7750
34170,P1,CASC,-80.00,-77.51,-160,R,5826,0.7501
34180,P1,CASC,-80.00,-74.98,-161,R,5796,0.6998
34190,P1,CASC,-80.00,-77.52,-160,R,5765,0.6751
34200,P1,CASC,-80.00,-74.98,-161,R,5735,0.6248
34210,P1,CASC,-80.00,-77.52,-161,R,5704,0.6000
34220,P1,CASC,-80.00,-74.99,-161,R,5674,0.5499
34230,P1,CASC,-80.00,-77.51,-161,R,5643,0.5250
34240,P1,CASC,-80.00,-77.49,-161,R,5612,0.4999
34250,P1,CASC,-80.00,-77.50,-161,R,5581,0.4749
34260,P1,CASC,-80.00,-77.52,-161,R,5550,0.4501
34270,P1,CASC,-80.00,-77.48,-161,R,5519,0.4249
34280,P1,CASC,-80.00,-77.51,-161,R,5488,0.4000
34290,P1,CASC,-80.00,-80.00,-161,R,5456,0.4000
34300,P1,CASC,-80.00,-77.50,-161,R,5425,0.3750
34310,P1,CASC,-80.00,-77.49,-161,R,5394,0.3499
34320,P1,CASC,-80.00,-77.49,-161,R,5363,0.3248
34330,P1,CASC,-80.00,-75.02,-162,R,5333,0.2751
34340,P1,CASC,-80.00,-74.98,-162,R,5303,0.2248
34350,P1,CASC,-80.00,-80.01,-161,R,5271,0.2249
34360,P1,CASC,-80.00,-75.01,-162,R,5241,0.1751
34370,P1,CASC,-80.00,-80.00,-161,R,5209,0.1751
34380,P1,CASC,-80.00,-79.98,-161,R,5177,0.1749
34390,P1,CASC,-80.00,-77.50,-162,R,5146,0.1499
34400,P1,CASC,-80.00,-77.51,-162,R,5115,0.1250
34410,P1,CASC,-80.00,-80.00,-161,R,5083,0.1250
34420,P1,CASC,-80.00,-77.51,-162,R,5052,0.1001
34430,P1,CASC,-80.00,-79.97,-161,R,5020,0.0997
34440,P1,CASC,-80.00,-77.52,-162,R,4989,0.0749
34450,P1,CASC,-80.00,-77.52,-162,R,4958,0.0501
34460,P1,CASC,-80.00,-80.00,-161,R,4926,0.0501
34470,P1,CASC,-80.00,-79.97,-161,R,4894,0.0497
34480,P1,CASC,-80.00,-77.51,-162,R,4863,0.0248
34490,P1,CASC,-80.00,-80.02,-161,R,4831,0.0250
34500,P1,CASC,-80.00,-79.98,-161,R,4799,0.0248
34510,P1,CASC,-80.00,-77.51,-162,R,4768,-0.0001
34520,P1,CASC,-80.00,-77.49,-162,R,4737,-0.0252
34530,P1,CASC,-80.00,-75.01,-163,R,4707,-0.0750
34540,P1,CASC,-80.00,-77.51,-162,R,4676,-0.1000
34550,P1,CASC,-80.00,-77.48,-162,R,4645,-0.1252
34560,P1,CASC,-80.00,-80.02,-162,R,4613,-0.1250
34570,P1,CASC,-80.00,-79.99,-162,R,4581,-0.1250
34580,P1,CASC,-80.00,-77.50,-163,R,4550,-0.1500
34590,P1,CASC,-80.00,-82.50,-160,R,4517,-0.1250
34600,P1,CASC,-80.00,-77.51,-163,R,4486,-0.1500
34610,P1,CASC,-80.00,-82.48,-160,R,4453,-0.1252
34620,P1,CASC,-80.00,-80.00,-162,R,4421,-0.1252
34630,P1,CASC,-80.00,-82.50,-160,R,4388,-0.1002
34640,P1,CASC,-80.00,-80.02,-162,R,4356,-0.1000
34650,P1,CASC,-80.00,-79.98,-162,R,4324,-0.1002
34660,P1,CASC,-80.00,-82.52,-160,R,4291,-0.0750
34670,P1,CASC,-80.00,-79.97,-162,R,4259,-0.0753
34680,P1,CASC,-80.00,-80.03,-162,R,4227,-0.0750
34690,P1,CASC,-80.00,-82.48,-160,R,4194,-0.0502
34700,P1,CASC,-80.00,-77.50,-162,R,4163,-0.0752
34710,P1,CASC,-80.00,-80.01,-162,R,4131,-0.0751
34720,P1,CASC,-80.00,-77.51,-162,R,4100,-0.1000
34730,P1,CASC,-80.00,-82.46,-160,R,4067,-0.0755
34740,P1,CASC,-80.00,-77.53,-162,R,4036,-0.1001
34750,P1,CASC,-80.00,-82.52,-160,R,4003,-0.0750
34760,P1,CASC,-80.00,-77.50,-162,R,3972,-0.1000
34770,P1,CASC,-80.00,-79.97,-162,R,3940,-0.1003
34780,P1,CASC,-80.00,-82.51,-160,R,3907,-0.0752
34790,P1,CASC,-80.00,-82.50,-160,R,3874,-0.0502
34800,P1,CASC,-80.00,-80.00,-162,R,3842,-0.0502
34810,P1,CASC,-80.00,-80.01,-162,R,3810,-0.0501
34820,P1,CASC,-80.00,-80.00,-162,R,3778,-0.0501
34830,P1,CASC,-80.00,-80.00,-162,R,3746,-0.0501
34840,P1,CASC,-80.00,-85.02,-158,R,3712,0.0000
34850,P1,CASC,-80.00,-82.48,-160,R,3679,0.0248
34860,P1,CASC,-80.00,-79.99,-161,R,3647,0.0247
34870,P1,CASC,-80.00,-82.51,-160,R,3614,0.0498
34880,P1,CASC,-80.00,-82.52,-160,R,3581,0.0750
34890,P1,CASC,-80.00,-79.98,-161,R,3549,0.0748
34900,P1,CASC,-80.00,-82.50,-160,R,3516,0.0998
34910,P1,CASC,-80.00,-80.00,-161,R,3484,0.0998
34920,P1,CASC,-80.00,-80.00,-161,R,3452,0.0998
34930,P1,CASC,-80.00,-82.52,-160,R,3419,0.1250
34940,P1,CASC,-80.00,-79.99,-161,R,3387,0.1249
34950,P1,CASC,-80.00,-79.98,-161,R,3355,0.1247
34960,P1,CASC,-80.00,-80.03,-161,R,3323,0.1250
34970,P1,CASC,-80.00,-82.47,-160,R,3290,0.1497
34980,P1,CASC,-80.00,-80.02,-161,R,3258,0.1499
34990,P1,CASC,-80.00,-82.48,-159,R,3225,0.1748
35000,P1,CASC,-80.00,-80.01,-161,R,3193,0.1749
35010,P1,CASC,-80.00,-82.51,-159,R,3160,0.1999
35020,P1,CASC,-80.00,-80.00,-161,R,3128,0.1999
35030,P1,CASC,-80.00,-82.49,-159,R,3095,0.2249
35040,P1,CASC,-80.00,-82.51,-159,R,3062,0.2499
35050,P1,CASC,-80.00,-80.00,-161,R,3030,0.2499
35060,P1,CASC,-80.00,-79.98,-161,R,2998,0.2498
35070,P1,CASC,-80.00,-80.02,-161,R,2966,0.2499
35080,P1,CASC,-80.00,-80.01,-161,R,2934,0.2500
35090,P1,CASC,-80.00,-77.48,-162,R,2903,0.2249
35100,P1,CASC,-80.00,-82.49,-159,R,2870,0.2498
35110,P1,CASC,-80.00,-77.51,-162,R,2839,0.2249
35120,P1,CASC,-80.00,-80.00,-161,R,2807,0.2249
35130,P1,CASC,-80.00,-82.51,-159,R,2774,0.2499
35140,P1,CASC,-80.00,-79.98,-161,R,2742,0.2498
35150,P1,CASC,-80.00,-80.01,-161,R,2710,0.2499
35160,P1,CASC,-80.00,-80.01,-161,R,2678,0.2499
35170,P1,CASC,-80.00,-79.98,-161,R,2646,0.2497
35180,P1,CASC,-80.00,-82.51,-159,R,2613,0.2748
35190,P1,CASC,-80.00,-77.52,-161,R,2582,0.2499
35200,P1,CASC,-80.00,-79.98,-161,R,2550,0.2498
35210,P1,CASC,-80.00,-80.01,-161,R,2518,0.2499
35220,P1,CASC,-80.00,-82.50,-159,R,2485,0.2749
35230,P1,CASC,-80.00,-80.02,-161,R,2453,0.2750
35240,P1,CASC,-80.00,-79.98,-161,R,2421,0.2748
35250,P1,CASC,-80.00,-80.00,-161,R,2389,0.2748
35260,P1,CASC,-80.00,-77.51,-161,R,2358,0.2499
35270,P1,CASC,-80.00,-77.51,-162,R,2327,0.2249
35280,P1,CASC,-80.00,-77.49,-162,R,2296,0.1999
35290,P1,CASC,-80.00,-77.49,-162,R,2265,0.1748
35300,P1,CASC,-80.00,-80.01,-161,R,2233,0.1749
35310,P1,CASC,-80.00,-79.99,-161,R,2201,0.1748
35320,P1,CASC,-80.00,-80.02,-161,R,2169,0.1750
35330,P1,CASC,-80.00,-79.99,-161,R,2137,0.1749
35340,P1,CASC,-80.00,-79.98,-161,R,2105,0.1748
35350,P1,CASC,-80.00,-82.52,-159,R,2072,0.2000
35360,P1,CASC,-80.00,-80.00,-161,R,2040,0.2000
35370,P1,CASC,-80.00,-79.99,-161,R,2008,0.1999
35380,P1,CASC,-80.00,-82.49,-159,R,1975,0.2248
35390,P1,CASC,-80.00,-80.01,-161,R,1943,0.2249
35400,P1,CASC,-80.00,-82.50,-159,R,1910,0.2499
35410,P1,CASC,-80.00,-82.52,-159,R,1877,0.2750
35420,P1,CASC,-80.00,-80.00,-161,R,1845,0.2750
35430,P1,CASC,-80.00,-79.99,-161,R,1813,0.2750
35440,P1,CASC,-80.00,-79.99,-161,R,1781,0.2749
35450,P1,CASC,-80.00,-77.51,-161,R,1750,0.2500
35460,P1,CASC,-80.00,-79.98,-161,R,1718,0.2498
35470,P1,CASC,-80.00,-80.00,-161,R,1686,0.2498
35480,P1,CASC,-80.00,-79.95,-161,R,1654,0.2493
35490,P1,CASC,-80.00,-80.05,-161,R,1622,0.2498
35500,P1,CASC,-80.00,-80.01,-161,R,1590,0.2499
35510,P1,CASC,-80.00,-79.99,-161,R,1558,0.2498
35520,P1,CASC,-80.00,-80.01,-161,R,1526,0.2499
35530,P1,CASC,-80.00,-82.51,-159,R,1493,0.2750
35540,P1,CASC,-80.00,-80.01,-161,R,1461,0.2750
35550,P1,CASC,-80.00,-80.00,-161,R,1429,0.2750
35560,P1,CASC,-80.00,-80.00,-161,R,1397,0.2750
35570,P1,CASC,-80.00,-79.98,-161,R,1365,0.2748
35580,P1,CASC,-80.00,-80.02,-161,R,1333,0.2750
35590,P1,CASC,-80.00,-84.97,-158,R,1299,0.3247
35600,P1,CASC,-80.00,-80.02,-161,R,1267,0.3249
35610,P1,CASC,-80.00,-82.49,-159,R,1234,0.3498
35620,P1,CASC,-80.00,-82.50,-159,R,1201,0.3748
35630,P1,CASC,-80.00,-80.02,-161,R,1169,0.3750
35640,P1,CASC,-80.00,-79.98,-161,R,1137,0.3749
35650,P1,CASC,-80.00,-79.98,-161,R,1105,0.3747
35660,P1,CASC,-80.00,-82.51,-159,R,1072,0.3998
35670,P1,CASC,-80.00,-77.52,-161,R,1041,0.3750
35680,P1,CASC,-80.00,-82.48,-159,R,1008,0.3998
35690,P1,CASC,-80.00,-80.02,-161,R,976,0.3999
35700,P1,CASC,-80.00,-79.99,-160,R,944,0.3998
35710,P1,CASC,-80.00,-79.99,-160,R,912,0.3998
35720,P1,CASC,-80.00,-82.50,-159,R,879,0.4248
35730,P1,CASC,-80.00,-79.96,-160,R,847,0.4244
35740,P1,CASC,-80.00,-80.06,-160,R,815,0.4250
35750,P1,CASC,-80.00,-79.98,-160,R,783,0.4248
35760,P1,CASC,-80.00,-80.01,-161,R,751,0.4249
35770,P1,CASC,-80.00,-82.48,-159,R,718,0.4498
35780,P1,CASC,-80.00,-80.02,-160,R,686,0.4499
35790,P1,CASC,-80.00,-79.98,-160,R,654,0.4498
35800,P1,CASC,-80.00,-80.00,-160,R,622,0.4498
35810,P1,CASC,-80.00,-82.52,-159,R,589,0.4749
35820,P1,CASC,-80.00,-77.51,-161,R,558,0.4500
35830,P1,CASC,-80.00,-77.50,-161,R,527,0.4250
35840,P1,CASC,-80.00,-77.48,-161,R,496,0.3998
35850,P1,CASC,-80.00,-80.01,-161,R,464,0.3999
35860,P1,CASC,-80.00,-77.49,-161,R,433,0.3748
35870,P1,CASC,-80.00,-82.49,-159,R,400,0.3998
35880,P1,CASC,-80.00,-80.00,-161,R,368,0.3998
35890,P1,CASC,-80.00,-80.02,-161,R,336,0.3999
35900,P1,CASC,-80.00,-79.99,-160,R,304,0.3998
35910,P1,CASC,-80.00,-80.02,-161,R,272,0.4000
35920,P1,CASC,-80.00,-79.99,-160,R,240,0.3999
35930,P1,CASC,-80.00,-77.51,-161,R,209,0.3750
35940,P1,CASC,-80.00,-79.99,-161,R,177,0.3749
35950,P1,CASC,-80.00,-77.48,-161,R,146,0.3498
35960,P1,CASC,-80.00,-82.52,-159,R,113,0.3750
35970,P1,CASC,-80.00,-79.98,-161,R,81,0.3749
35980,P1,CASC,-80.00,-77.52,-161,R,50,0.3500
35990,P1,CASC,-80.00,-79.98,-161,R,18,0.3498
36000,P1,CASC,-80.00,-80.00,-161,R,-14,0.3498
36010,P1,CASC,0.00,-77.50,-131,R,-45,1.1248
36020,P1,CASC,0.00,-77.50,-101,R,-76,1.8998
36030,P1,CASC,0.00,-75.01,-71,R,-106,2.6498
36040,P1,CASC,0.00,-69.99,-41,R,-134,3.3497
36050,P1,CASC,0.00,-70.01,-11,R,-162,4.0498
36060,P1,CASC,0.00,-67.51,18,F,-189,4.7250
36070,P1,CASC,0.00,-62.50,48,F,-214,5.3500
36080,P1,CASC,0.00,-57.50,58,F,-237,5.9250
36090,P1,CASC,0.00,-49.99,54,F,-257,6.4249
36100,P1,CASC,0.00,-45.00,51,F,-275,6.8749
36110,P1,CASC,0.00,-40.00,48,F,-291,7.2749
36120,P1,CASC,0.00,-34.99,45,F,-305,7.6248
36130,P1,CASC,0.00,-30.01,42,F,-317,7.9249
36140,P1,CASC,0.00,-22.49,37,F,-326,8.1499
36150,P1,CASC,0.00,-20.00,35,F,-334,8.3499
36160,P1,CASC,0.00,-15.00,32,F,-340,8.4999
36170,P1,CASC,0.00,-10.00,28,F,-344,8.5999
36180,P1,CASC,0.00,-7.50,27,F,-347,8.6749
36190,P1,CASC,0.00,-2.50,23,F,-348,8.6999
36200,P1,CASC,0.00,-2.50,23,F,-349,8.7249
36210,P1,CASC,0.00,0.00,21,F,-349,8.7249
36220,P1,CASC,0.00,0.00,21,F,-349,8.7249
36230,P1,CASC,0.00,0.00,21,F,-349,8.7249
36240,P1,CASC,0.00,0.00,21,F,-349,8.7249
36250,P1,CASC,0.00,0.00,21,F,-349,8.7249
36260,P1,CASC,0.00,0.00,21,F,-349,8.7249
36270,P1,CASC,0.00,0.00,21,F,-349,8.7249
36280,P1,CASC,0.00,0.00,21,F,-349,8.7249
36290,P1,CASC,0.00,0.00,21,F,-349,8.7249
36300,P1,CASC,0.00,0.00,21,F,-349,8.7249
36310,P1,CASC,0.00,0.00,21,F,-349,8.7249
36320,P1,CASC,0.00,0.00,21,F,-349,8.7249
36330,P1,CASC,0.00,0.00,21,F,-349,8.7249
36340,P1,CASC,0.00,0.00,21,F,-349,8.7249
36350,P1,CASC,0.00,0.00,21,F,-349,8.7249
36360,P1,CASC,0.00,0.00,21,F,-349,8.7249
36370,P1,CASC,0.00,0.00,21,F,-349,8.7249
36380,P1,CASC,0.00,0.00,21,F,-349,8.7249
36390,P1,CASC,0.00,0.00,21,F,-349,8.7249
36400,P1,CASC,0.00,0.00,21,F,-349,8.7249
36410,P1,CASC,0.00,0.00,21,F,-349,8.7249
36420,P1,CASC,0.00,0.00,21,F,-349,8.7249
36430,P1,CASC,0.00,0.00,21,F,-349,8.7249
36440,P1,CASC,0.00,0.00,21,F,-349,8.7249
36450,P1,CASC,0.00,0.00,21,F,-349,8.7249
36460,P1,CASC,0.00,0.00,21,F,-349,8.7249
36470,P1,CASC,0.00,0.00,21,F,-349,8.7249
36480,P1,CASC,0.00,0.00,21,F,-349,8.7249
36490,P1,CASC,0.00,0.00,21,F,-349,8.7249
36500,P1,CASC,0.00,0.00,21,F,-349,8.7249
36510,P1,CASC,0.00,0.00,21,F,-349,8.7249
36520,P1,CASC,0.00,0.00,21,F,-349,8.7249
36530,P1,CASC,0.00,0.00,21,F,-349,8.7249
36540,P1,CASC,0.00,0.00,21,F,-349,8.7249
36550,P1,CASC,0.00,0.00,21,F,-349,8.7249
36560,P1,CASC,0.00,0.00,21,F,-349,8.7249
36570,P1,CASC,0.00,0.00,21,F,-349,8.7249
36580,P1,CASC,0.00,0.00,21,F,-349,8.7249
36590,P1,CASC,0.00,0.00,21,F,-349,8.7249
36600,P1,CASC,0.00,0.00,21,F,-349,8.7249
36610,P1,CASC,0.00,0.00,21,F,-349,8.7249
36620,P1,CASC,0.00,0.00,21,F,-349,8.7249
36630,P1,CASC,0.00,0.00,21,F,-349,8.7249
36640,P1,CASC,0.00,0.00,21,F,-349,8.7249
36650,P1,CASC,0.00,0.00,21,F,-349,8.7249
36660,P1,CASC,0.00,0.00,21,F,-349,8.7249
36670,P1,CASC,0.00,0.00,21,F,-349,8.7249
36680,P1,CASC,0.00,0.00,21,F,-349,8.7249
36690,P1,CASC,0.00,0.00,21,F,-349,8.7249
36700,P1,CASC,0.00,0.00,21,F,-349,8.7249
36710,P1,CASC,0.00,0.00,21,F,-349,8.7249
36720,P1,CASC,0.00,0.00,21,F,-349,8.7249
36730,P1,CASC,0.00,0.00,21,F,-349,8.7249
36740,P1,CASC,0.00,0.00,21,F,-349,8.7249
36750,P1,CASC,0.00,0.00,21,F,-349,8.7249
36760,P1,CASC,0.00,0.00,21,F,-349,8.7249
36770,P1,CASC,0.00,0.00,21,F,-349,8.7249
36780,P1,CASC,0.00,0.00,21,F,-349,8.7249
36790,P1,CASC,0.00,0.00,21,F,-349,8.7249
36800,P1,CASC,0.00,0.00,21,F,-349,8.7249
36810,P1,CASC,0.00,0.00,21,F,-349,8.7249
36820,P1,CASC,0.00,0.00,21,F,-349,8.7249
36830,P1,CASC,0.00,0.00,21,F,-349,8.7249
36840,P1,CASC,0.00,0.00,21,F,-349,8.7249
36850,P1,CASC,0.00,0.00,21,F,-349,8.7249
36860,P1,CASC,0.00,0.00,21,F,-349,8.7249
36870,P1,CASC,0.00,0.00,21,F,-349,8.7249
36880,P1,CASC,0.00,0.00,21,F,-349,8.7249
36890,P1,CASC,0.00,0.00,21,F,-349,8.7249
36900,P1,CASC,0.00,0.00,21,F,-349,8.7249
36910,P1,CASC,0.00,0.00,21,F,-349,8.7249
36920,P1,CASC,0.00,0.00,21,F,-349,8.7249
36930,P1,CASC,0.00,0.00,21,F,-349,8.7249
36940,P1,CASC,0.00,0.00,21,F,-349,8.7249
36950,P1,CASC,0.00,0.00,21,F,-349,8.7249
36960,P1,CASC,0.00,0.00,21,F,-349,8.7249
36970,P1,CASC,0.00,0.00,21,F,-349,8.7249
36980,P1,CASC,0.00,0.00,21,F,-349,8.7249
36990,P1,CASC,0.00,0.00,21,F,-349,8.7249
37000,P1,CASC,0.00,0.00,21,F,-349,8.7249
37010,P1,CASC,0.00,0.00,21,F,-349,8.7249
37020,P1,CASC,0.00,0.00,21,F,-349,8.7249
37030,P1,CASC,0.00,0.00,21,F,-349,8.7249
37040,P1,CASC,0.00,0.00,21,F,-349,8.7249
37050,P1,CASC,0.00,0.00,21,F,-349,8.7249
37060,P1,CASC,0.00,0.00,21,F,-349,8.7249
37070,P1,CASC,0.00,0.00,21,F,-349,8.7249
37080,P1,CASC,0.00,0.00,21,F,-349,8.7249
37090,P1,CASC,0.00,0.00,21,F,-349,8.7249
37100,P1,CASC,0.00,0.00,21,F,-349,8.7249
37110,P1,CASC,0.00,0.00,21,F,-349,8.7249
37120,P1,CASC,0.00,0.00,21,F,-349,8.7249
37130,P1,CASC,0.00,0.00,21,F,-349,8.7249
37140,P1,CASC,0.00,0.00,21,F,-349,8.7249
37150,P1,CASC,0.00,0.00,21,F,-349,8.7249
37160,P1,CASC,0.00,0.00,21,F,-349,8.7249
37170,P1,CASC,0.00,0.00,21,F,-349,8.7249
37180,P1,CASC,0.00,0.00,21,F,-349,8.7249
37190,P1,CASC,0.00,0.00,21,F,-349,8.7249
37200,P1,CASC,0.00,0.00,21,F,-349,8.7249
37210,P1,CASC,0.00,0.00,21,F,-349,8.7249
37220,P1,CASC,0.00,0.00,21,F,-349,8.7249
37230,P1,CASC,0.00,0.00,21,F,-349,8.7249
37240,P1,CASC,0.00,0.00,21,F,-349,8.7249
37250,P1,CASC,0.00,0.00,21,F,-349,8.7249
37260,P1,CASC,0.00,0.00,21,F,-349,8.7249
37270,P1,CASC,0.00,0.00,21,F,-349,8.7249
37280,P1,CASC,0.00,0.00,21,F,-349,8.7249
37290,P1,CASC,0.00,0.00,21,F,-349,8.7249
37300,P1,CASC,0.00,0.00,21,F,-349,8.7249
37310,P1,CASC,0.00,0.00,21,F,-349,8.7249
37320,P1,CASC,0.00,0.00,21,F,-349,8.7249
37330,P1,CASC,0.00,0.00,21,F,-349,8.7249
37340,P1,CASC,0.00,0.00,21,F,-349,8.7249
37350,P1,CASC,0.00,0.00,21,F,-349,8.7249
37360,P1,CASC,0.00,0.00,21,F,-349,8.7249
37370,P1,CASC,0.00,0.00,21,F,-349,8.7249
37380,P1,CASC,0.00,0.00,21,F,-349,8.7249
37390,P1,CASC,0.00,0.00,21,F,-349,8.7249
37400,P1,CASC,0.00,0.00,21,F,-349,8.7249
37410,P1,CASC,0.00,0.00,21,F,-349,8.7249
37420,P1,CASC,0.00,0.00,21,F,-349,8.7249
37430,P1,CASC,0.00,0.00,21,F,-349,8.7249
37440,P1,CASC,0.00,0.00,21,F,-349,8.7249
37450,P1,CASC,0.00,0.00,21,F,-349,8.7249
37460,P1,CASC,0.00,0.00,21,F,-349,8.7249
37470,P1,CASC,0.00,0.00,21,F,-349,8.7249
37480,P1,CASC,0.00,0.00,21,F,-349,8.7249
37490,P1,CASC,0.00,0.00,21,F,-349,8.7249
37500,P1,CASC,0.00,0.00,21,F,-349,8.7249
37510,P1,CASC,0.00,0.00,21,F,-349,8.7249
37520,P1,CASC,0.00,0.00,21,F,-349,8.7249
37530,P1,CASC,0.00,0.00,21,F,-349,8.7249
37540,P1,CASC,0.00,0.00,21,F,-349,8.7249
37550,P1,CASC,0.00,0.00,21,F,-349,8.7249
37560,P1,CASC,0.00,0.00,21,F,-349,8.7249
37570,P1,CASC,0.00,0.00,21,F,-349,8.7249
37580,P1,CASC,0.00,0.00,21,F,-349,8.7249
37590,P1,CASC,0.00,0.00,21,F,-349,8.7249
37600,P1,CASC,0.00,0.00,21,F,-349,8.7249
37610,P1,CASC,0.00,0.00,21,F,-349,8.7249
37620,P1,CASC,0.00,0.00,21,F,-349,8.7249
37630,P1,CASC,0.00,0.00,21,F,-349,8.7249
37640,P1,CASC,0.00,0.00,21,F,-349,8.7249
37650,P1,CASC,0.00,0.00,21,F,-349,8.7249
37660,P1,CASC,0.00,0.00,21,F,-349,8.7249
37670,P1,CASC,0.00,0.00,21,F,-349,8.7249
37680,P1,CASC,0.00,0.00,21,F,-349,8.7249
37690,P1,CASC,0.00,0.00,21,F,-349,8.7249
37700,P1,CASC,0.00,0.00,21,F,-349,8.7249
37710,P1,CASC,0.00,0.00,21,F,-349,8.7249
37720,P1,CASC,0.00,0.00,21,F,-349,8.7249
37730,P1,CASC,0.00,0.00,21,F,-349,8.7249
37740,P1,CASC,0.00,0.00,21,F,-349,8.7249
37750,P1,CASC,0.00,0.00,21,F,-349,8.7249
37760,P1,CASC,0.00,0.00,21,F,-349,8.7249
37770,P1,CASC,0.00,0.00,21,F,-349,8.7249
37780,P1,CASC,0.00,0.00,21,F,-349,8.7249
37790,P1,CASC,0.00,0.00,21,F,-349,8.7249
37800,P1,CASC,0.00,0.00,21,F,-349,8.7249
37810,P1,CASC,0.00,0.00,21,F,-349,8.7249
37820,P1,CASC,0.00,0.00,21,F,-349,8.7249
37830,P1,CASC,0.00,0.00,21,F,-349,8.7249
37840,P1,CASC,0.00,0.00,21,F,-349,8.7249
37850,P1,CASC,0.00,0.00,21,F,-349,8.7249
37860,P1,CASC,0.00,0.00,21,F,-349,8.7249
37870,P1,CASC,0.00,0.00,21,F,-349,8.7249
37880,P1,CASC,0.00,0.00,21,F,-349,8.7249
37890,P1,CASC,0.00,0.00,21,F,-349,8.7249
37900,P1,CASC,0.00,0.00,21,F,-349,8.7249
37910,P1,CASC,0.00,0.00,21,F,-349,8.7249
37920,P1,CASC,0.00,0.00,21,F,-349,8.7249
37930,P1,CASC,0.00,0.00,21,F,-349,8.7249
37940,P1,CASC,0.00,0.00,21,F,-349,8.7249
37950,P1,CASC,0.00,0.00,21,F,-349,8.7249
37960,P1,CASC,0.00,0.00,21,F,-349,8.7249
37970,P1,CASC,0.00,0.00,21,F,-349,8.7249
37980,P1,CASC,0.00,0.00,21,F,-349,8.7249
37990,P1,CASC,0.00,0.00,21,F,-349,8.7249
38000,P1,CASC,0.00,0.00,21,F,-349,8.7249
38010,P1,CASC,0.00,0.00,21,F,-349,8.7249
38020,P1,CASC,0.00,0.00,21,F,-349,8.7249
38030,P1,CASC,0.00,0.00,21,F,-349,8.7249
38040,P1,CASC,0.00,0.00,21,F,-349,8.7249
38050,P1,CASC,0.00,0.00,21,F,-349,8.7249
38060,P1,CASC,0.00,0.00,21,F,-349,8.7249
38070,P1,CASC,0.00,0.00,21,F,-349,8.7249
38080,P1,CASC,0.00,0.00,21,F,-349,8.7249
38090,P1,CASC,0.00,0.00,21,F,-349,8.7249
38100,P1,CASC,0.00,0.00,21,F,-349,8.7249
38110,P1,CASC,0.00,0.00,21,F,-349,8.7249
38120,P1,CASC,0.00,0.00,21,F,-349,8.7249
38130,P1,CASC,0.00,0.00,21,F,-349,8.7249
38140,P1,CASC,0.00,0.00,21,F,-349,8.7249
38150,P1,CASC,0.00,0.00,21,F,-349,8.7249
38160,P1,CASC,0.00,0.00,21,F,-349,8.7249
38170,P1,CASC,0.00,0.00,21,F,-349,8.7249
38180,P1,CASC,0.00,0.00,21,F,-349,8.7249
38190,P1,CASC,0.00,0.00,21,F,-349,8.7249
38200,P1,CASC,0.00,0.00,21,F,-349,8.7249
38210,P1,CASC,0.00,0.00,21,F,-349,8.7249
38220,P1,CASC,0.00,0.00,21,F,-349,8.7249
38230,P1,CASC,0.00,0.00,21,F,-349,8.7249
38240,P1,CASC,0.00,0.00,21,F,-349,8.7249
38250,P1,CASC,0.00,0.00,21,F,-349,8.7249
38260,P1,CASC,0.00,0.00,21,F,-349,8.7249
38270,P1,CASC,0.00,0.00,21,F,-349,8.7249
38280,P1,CASC,0.00,0.00,21,F,-349,8.7249
38290,P1,CASC,0.00,0.00,21,F,-349,8.7249
38300,P1,CASC,0.00,0.00,21,F,-349,8.7249
38310,P1,CASC,0.00,0.00,21,F,-349,8.7249
38320,P1,CASC,0.00,0.00,21,F,-349,8.7249
38330,P1,CASC,0.00,0.00,21,F,-349,8.7249
38340,P1,CASC,0.00,0.00,21,F,-349,8.7249
38350,P1,CASC,0.00,0.00,21,F,-349,8.7249
38360,P1,CASC,0.00,0.00,21,F,-349,8.7249
38370,P1,CASC,0.00,0.00,21,F,-349,8.7249
38380,P1,CASC,0.00,0.00,21,F,-349,8.7249
38390,P1,CASC,0.00,0.00,21,F,-349,8.7249
38400,P1,CASC,0.00,0.00,21,F,-349,8.7249
38410,P1,CASC,0.00,0.00,21,F,-349,8.7249
38420,P1,CASC,0.00,0.00,21,F,-349,8.7249
38430,P1,CASC,0.00,0.00,21,F,-349,8.7249
38440,P1,CASC,0.00,0.00,21,F,-349,8.7249
38450,P1,CASC,0.00,0.00,21,F,-349,8.7249
38460,P1,CASC,0.00,0.00,21,F,-349,8.7249
38470,P1,CASC,0.00,0.00,21,F,-349,8.7249
38480,P1,CASC,0.00,0.00,21,F,-349,8.7249
38490,P1,CASC,0.00,0.00,21,F,-349,8.7249
38500,P1,CASC,0.00,0.00,21,F,-349,8.7249
38510,P1,CASC,0.00,0.00,21,F,-349,8.7249
38520,P1,CASC,0.00,0.00,21,F,-349,8.7249
38530,P1,CASC,0.00,0.00,21,F,-349,8.7249
38540,P1,CASC,0.00,0.00,21,F,-349,8.7249
38550,P1,CASC,0.00,0.00,21,F,-349,8.7249
38560,P1,CASC,0.00,0.00,21,F,-349,8.7249
38570,P1,CASC,0.00,0.00,21,F,-349,8.7249
38580,P1,CASC,0.00,0.00,21,F,-349,8.7249
38590,P1,CASC,0.00,0.00,21,F,-349,8.7249
38600,P1,CASC,0.00,0.00,21,F,-349,8.7249
38610,P1,CASC,0.00,0.00,21,F,-349,8.7249
38620,P1,CASC,0.00,0.00,21,F,-349,8.7249
38630,P1,CASC,0.00,0.00,21,F,-349,8.7249
38640,P1,CASC,0.00,0.00,21,F,-349,8.7249
38650,P1,CASC,0.00,0.00,21,F,-349,8.7249
38660,P1,CASC,0.00,0.00,21,F,-349,8.7249
38670,P1,CASC,0.00,0.00,21,F,-349,8.7249
38680,P1,CASC,0.00,0.00,21,F,-349,8.7249
38690,P1,CASC,0.00,0.00,21,F,-349,8.7249
38700,P1,CASC,0.00,0.00,21,F,-349,8.7249
38710,P1,CASC,0.00,0.00,21,F,-349,8.7249
38720,P1,CASC,0.00,0.00,21,F,-349,8.7249
38730,P1,CASC,0.00,0.00,21,F,-349,8.7249
38740,P1,CASC,0.00,0.00,21,F,-349,8.7249
38750,P1,CASC,0.00,0.00,21,F,-349,8.7249
38760,P1,CASC,0.00,0.00,21,F,-349,8.7249
38770,P1,CASC,0.00,0.00,21,F,-349,8.7249
38780,P1,CASC,0.00,0.00,21,F,-349,8.7249
38790,P1,CASC,0.00,0.00,21,F,-349,8.7249
38800,P1,CASC,0.00,0.00,21,F,-349,8.7249
38810,P1,CASC,0.00,0.00,21,F,-349,8.7249
38820,P1,CASC,0.00,0.00,21,F,-349,8.7249
38830,P1,CASC,0.00,0.00,21,F,-349,8.7249
38840,P1,CASC,0.00,0.00,21,F,-349,8.7249
38850,P1,CASC,0.00,0.00,21,F,-349,8.7249
38860,P1,CASC,0.00,0.00,21,F,-349,8.7249
38870,P1,CASC,0.00,0.00,21,F,-349,8.7249
38880,P1,CASC,0.00,0.00,21,F,-349,8.7249
38890,P1,CASC,0.00,0.00,21,F,-349,8.7249
38900,P1,CASC,0.00,0.00,21,F,-349,8.7249
38910,P1,CASC,0.00,0.00,21,F,-349,8.7249
38920,P1,CASC,0.00,0.00,21,F,-349,8.7249
38930,P1,CASC,0.00,0.00,21,F,-349,8.7249
38940,P1,CASC,0.00,0.00,21,F,-349,8.7249
38950,P1,CASC,0.00,0.00,21,F,-349,8.7249
38960,P1,CASC,0.00,0.00,21,F,-349,8.7249
38970,P1,CASC,0.00,0.00,21,F,-349,8.7249
38980,P1,CASC,0.00,0.00,21,F,-349,8.7249
38990,P1,CASC,0.00,0.00,21,F,-349,8.7249
39000,P1,CASC,0.00,0.00,21,F,-349,8.7249
