t_ms,profile,controller,ref_rpm,meas_rpm,pwm_cmd,dir,enc_count,integrator
0,P1,BASE,0.00,0.00,0,N,0,0.0000
10,P1,BASE,0.00,0.00,0,N,0,0.0000
20,P1,BASE,0.00,0.00,0,N,0,0.0000
30,P1,BASE,0.00,0.00,0,N,0,0.0000
40,P1,BASE,0.00,0.00,0,N,0,0.0000
50,P1,BASE,0.00,0.00,0,N,0,0.0000
60,P1,BASE,0.00,0.00,0,N,0,0.0000
70,P1,BASE,0.00,0.00,0,N,0,0.0000
80,P1,BASE,0.00,0.00,0,N,0,0.0000
90,P1,BASE,0.00,0.00,0,N,0,0.0000
100,P1,BASE,0.00,0.00,0,N,0,0.0000
110,P1,BASE,0.00,0.00,0,N,0,0.0000
120,P1,BASE,0.00,0.00,0,N,0,0.0000
130,P1,BASE,0.00,0.00,0,N,0,0.0000
140,P1,BASE,0.00,0.00,0,N,0,0.0000
150,P1,BASE,0.00,0.00,0,N,0,0.0000
160,P1,BASE,0.00,0.00,0,N,0,0.0000
170,P1,BASE,0.00,0.00,0,N,0,0.0000
180,P1,BASE,0.00,0.00,0,N,0,0.0000
190,P1,BASE,0.00,0.00,0,N,0,0.0000
200,P1,BASE,0.00,0.00,0,N,0,0.0000
210,P1,BASE,0.00,0.00,0,N,0,0.0000
220,P1,BASE,0.00,0.00,0,N,0,0.0000
230,P1,BASE,0.00,0.00,0,N,0,0.0000
240,P1,BASE,0.00,0.00,0,N,0,0.0000
250,P1,BASE,0.00,0.00,0,N,0,0.0000
260,P1,BASE,0.00,0.00,0,N,0,0.0000
270,P1,BASE,0.00,0.00,0,N,0,0.0000
280,P1,BASE,0.00,0.00,0,N,0,0.0000
290,P1,BASE,0.00,0.00,0,N,0,0.0000
300,P1,BASE,0.00,0.00,0,N,0,0.0000
310,P1,BASE,0.00,0.00,0,N,0,0.0000
320,P1,BASE,0.00,0.00,0,N,0,0.0000
330,P1,BASE,0.00,0.00,0,N,0,0.0000
340,P1,BASE,0.00,0.00,0,N,0,0.0000
350,P1,BASE,0.00,0.00,0,N,0,0.0000
360,P1,BASE,0.00,0.00,0,N,0,0.0000
370,P1,BASE,0.00,0.00,0,N,0,0.0000
380,P1,BASE,0.00,0.00,0,N,0,0.0000
390,P1,BASE,0.00,0.00,0,N,0,0.0000
400,P1,BASE,0.00,0.00,0,N,0,0.0000
410,P1,BASE,0.00,0.00,0,N,0,0.0000
420,P1,BASE,0.00,0.00,0,N,0,0.0000
430,P1,BASE,0.00,0.00,0,N,0,0.0000
440,P1,BASE,0.00,0.00,0,N,0,0.0000
450,P1,BASE,0.00,0.00,0,N,0,0.0000
460,P1,BASE,0.00,0.00,0,N,0,0.0000
470,P1,BASE,0.00,0.00,0,N,0,0.0000
480,P1,BASE,0.00,0.00,0,N,0,0.0000
490,P1,BASE,0.00,0.00,0,N,0,0.0000
500,P1,BASE,0.00,0.00,0,N,0,0.0000
510,P1,BASE,0.00,0.00,0,N,0,0.0000
520,P1,BASE,0.00,0.00,0,N,0,0.0000
530,P1,BASE,0.00,0.00,0,N,0,0.0000
540,P1,BASE,0.00,0.00,0,N,0,0.0000
550,P1,BASE,0.00,0.00,0,N,0,0.0000
560,P1,BASE,0.00,0.00,0,N,0,0.0000
570,P1,BASE,0.00,0.00,0,N,0,0.0000
580,P1,BASE,0.00,0.00,0,N,0,0.0000
590,P1,BASE,0.00,0.00,0,N,0,0.0000
600,P1,BASE,0.00,0.00,0,N,0,0.0000
610,P1,BASE,0.00,0.00,0,N,0,0.0000
620,P1,BASE,0.00,0.00,0,N,0,0.0000
630,P1,BASE,0.00,0.00,0,N,0,0.0000
640,P1,BASE,0.00,0.00,0,N,0,0.0000
650,P1,BASE,0.00,0.00,0,N,0,0.0000
660,P1,BASE,0.00,0.00,0,N,0,0.0000
670,P1,BASE,0.00,0.00,0,N,0,0.0000
680,P1,BASE,0.00,0.00,0,N,0,0.0000
690,P1,BASE,0.00,0.00,0,N,0,0.0000
700,P1,BASE,0.00,0.00,0,N,0,0.0000
710,P1,BASE,0.00,0.00,0,N,0,0.0000
720,P1,BASE,0.00,0.00,0,N,0,0.0000
730,P1,BASE,0.00,0.00,0,N,0,0.0000
740,P1,BASE,0.00,0.00,0,N,0,0.0000
750,P1,BASE,0.00,0.00,0,N,0,0.0000
760,P1,BASE,0.00,0.00,0,N,0,0.0000
770,P1,BASE,0.00,0.00,0,N,0,0.0000
780,P1,BASE,0.00,0.00,0,N,0,0.0000
790,P1,BASE,0.00,0.00,0,N,0,0.0000
800,P1,BASE,0.00,0.00,0,N,0,0.0000
810,P1,BASE,0.00,0.00,0,N,0,0.0000
820,P1,BASE,0.00,0.00,0,N,0,0.0000
830,P1,BASE,0.00,0.00,0,N,0,0.0000
840,P1,BASE,0.00,0.00,0,N,0,0.0000
850,P1,BASE,0.00,0.00,0,N,0,0.0000
860,P1,BASE,0.00,0.00,0,N,0,0.0000
870,P1,BASE,0.00,0.00,0,N,0,0.0000
880,P1,BASE,0.00,0.00,0,N,0,0.0000
890,P1,BASE,0.00,0.00,0,N,0,0.0000
900,P1,BASE,0.00,0.00,0,N,0,0.0000
910,P1,BASE,0.00,0.00,0,N,0,0.0000
920,P1,BASE,0.00,0.00,0,N,0,0.0000
930,P1,BASE,0.00,0.00,0,N,0,0.0000
940,P1,BASE,0.00,0.00,0,N,0,0.0000
950,P1,BASE,0.00,0.00,0,N,0,0.0000
960,P1,BASE,0.00,0.00,0,N,0,0.0000
970,P1,BASE,0.00,0.00,0,N,0,0.0000
980,P1,BASE,0.00,0.00,0,N,0,0.0000
990,P1,BASE,0.00,0.00,0,N,0,0.0000
1000,P1,BASE,0.00,0.00,0,N,0,0.0000
1010,P1,BASE,0.00,0.00,0,N,0,0.0000
1020,P1,BASE,0.00,0.00,0,N,0,0.0000
1030,P1,BASE,0.00,0.00,0,N,0,0.0000
1040,P1,BASE,0.00,0.00,0,N,0,0.0000
1050,P1,BASE,0.00,0.00,0,N,0,0.0000
1060,P1,BASE,0.00,0.00,0,N,0,0.0000
1070,P1,BASE,0.00,0.00,0,N,0,0.0000
1080,P1,BASE,0.00,0.00,0,N,0,0.0000
1090,P1,BASE,0.00,0.00,0,N,0,0.0000
1100,P1,BASE,0.00,0.00,0,N,0,0.0000
1110,P1,BASE,0.00,0.00,0,N,0,0.0000
1120,P1,BASE,0.00,0.00,0,N,0,0.0000
1130,P1,BASE,0.00,0.00,0,N,0,0.0000
1140,P1,BASE,0.00,0.00,0,N,0,0.0000
1150,P1,BASE,0.00,0.00,0,N,0,0.0000
1160,P1,BASE,0.00,0.00,0,N,0,0.0000
1170,P1,BASE,0.00,0.00,0,N,0,0.0000
1180,P1,BASE,0.00,0.00,0,N,0,0.0000
1190,P1,BASE,0.00,0.00,0,N,0,0.0000
1200,P1,BASE,0.00,0.00,0,N,0,0.0000
1210,P1,BASE,0.00,0.00,0,N,0,0.0000
1220,P1,BASE,0.00,0.00,0,N,0,0.0000
1230,P1,BASE,0.00,0.00,0,N,0,0.0000
1240,P1,BASE,0.00,0.00,0,N,0,0.0000
1250,P1,BASE,0.00,0.00,0,N,0,0.0000
1260,P1,BASE,0.00,0.00,0,N,0,0.0000
1270,P1,BASE,0.00,0.00,0,N,0,0.0000
1280,P1,BASE,0.00,0.00,0,N,0,0.0000
1290,P1,BASE,0.00,0.00,0,N,0,0.0000
1300,P1,BASE,0.00,0.00,0,N,0,0.0000
1310,P1,BASE,0.00,0.00,0,N,0,0.0000
1320,P1,BASE,0.00,0.00,0,N,0,0.0000
1330,P1,BASE,0.00,0.00,0,N,0,0.0000
1340,P1,BASE,0.00,0.00,0,N,0,0.0000
1350,P1,BASE,0.00,0.00,0,N,0,0.0000
1360,P1,BASE,0.00,0.00,0,N,0,0.0000
1370,P1,BASE,0.00,0.00,0,N,0,0.0000
1380,P1,BASE,0.00,0.00,0,N,0,0.0000
1390,P1,BASE,0.00,0.00,0,N,0,0.0000
1400,P1,BASE,0.00,0.00,0,N,0,0.0000
1410,P1,BASE,0.00,0.00,0,N,0,0.0000
1420,P1,BASE,0.00,0.00,0,N,0,0.0000
1430,P1,BASE,0.00,0.00,0,N,0,0.0000
1440,P1,BASE,0.00,0.00,0,N,0,0.0000
1450,P1,BASE,0.00,0.00,0,N,0,0.0000
1460,P1,BASE,0.00,0.00,0,N,0,0.0000
1470,P1,BASE,0.00,0.00,0,N,0,0.0000
1480,P1,BASE,0.00,0.00,0,N,0,0.0000
1490,P1,BASE,0.00,0.00,0,N,0,0.0000
1500,P1,BASE,0.00,0.00,0,N,0,0.0000
1510,P1,BASE,0.00,0.00,0,N,0,0.0000
1520,P1,BASE,0.00,0.00,0,N,0,0.0000
1530,P1,BASE,0.00,0.00,0,N,0,0.0000
1540,P1,BASE,0.00,0.00,0,N,0,0.0000
1550,P1,BASE,0.00,0.00,0,N,0,0.0000
1560,P1,BASE,0.00,0.00,0,N,0,0.0000
1570,P1,BASE,0.00,0.00,0,N,0,0.0000
1580,P1,BASE,0.00,0.00,0,N,0,0.0000
1590,P1,BASE,0.00,0.00,0,N,0,0.0000
1600,P1,BASE,0.00,0.00,0,N,0,0.0000
1610,P1,BASE,0.00,0.00,0,N,0,0.0000
1620,P1,BASE,0.00,0.00,0,N,0,0.0000
1630,P1,BASE,0.00,0.00,0,N,0,0.0000
1640,P1,BASE,0.00,0.00,0,N,0,0.0000
1650,P1,BASE,0.00,0.00,0,N,0,0.0000
1660,P1,BASE,0.00,0.00,0,N,0,0.0000
1670,P1,BASE,0.00,0.00,0,N,0,0.0000
1680,P1,BASE,0.00,0.00,0,N,0,0.0000
1690,P1,BASE,0.00,0.00,0,N,0,0.0000
1700,P1,BASE,0.00,0.00,0,N,0,0.0000
1710,P1,BASE,0.00,0.00,0,N,0,0.0000
1720,P1,BASE,0.00,0.00,0,N,0,0.0000
1730,P1,BASE,0.00,0.00,0,N,0,0.0000
1740,P1,BASE,0.00,0.00,0,N,0,0.0000
1750,P1,BASE,0.00,0.00,0,N,0,0.0000
1760,P1,BASE,0.00,0.00,0,N,0,0.0000
1770,P1,BASE,0.00,0.00,0,N,0,0.0000
1780,P1,BASE,0.00,0.00,0,N,0,0.0000
1790,P1,BASE,0.00,0.00,0,N,0,0.0000
1800,P1,BASE,0.00,0.00,0,N,0,0.0000
1810,P1,BASE,0.00,0.00,0,N,0,0.0000
1820,P1,BASE,0.00,0.00,0,N,0,0.0000
1830,P1,BASE,0.00,0.00,0,N,0,0.0000
1840,P1,BASE,0.00,0.00,0,N,0,0.0000
1850,P1,BASE,0.00,0.00,0,N,0,0.0000
1860,P1,BASE,0.00,0.00,0,N,0,0.0000
1870,P1,BASE,0.00,0.00,0,N,0,0.0000
1880,P1,BASE,0.00,0.00,0,N,0,0.0000
1890,P1,BASE,0.00,0.00,0,N,0,0.0000
1900,P1,BASE,0.00,0.00,0,N,0,0.0000
1910,P1,BASE,0.00,0.00,0,N,0,0.0000
1920,P1,BASE,0.00,0.00,0,N,0,0.0000
1930,P1,BASE,0.00,0.00,0,N,0,0.0000
1940,P1,BASE,0.00,0.00,0,N,0,0.0000
1950,P1,BASE,0.00,0.00,0,N,0,0.0000
1960,P1,BASE,0.00,0.00,0,N,0,0.0000
1970,P1,BASE,0.00,0.00,0,N,0,0.0000
1980,P1,BASE,0.00,0.00,0,N,0,0.0000
1990,P1,BASE,0.00,0.00,0,N,0,0.0000
2000,P1,BASE,0.00,0.00,0,N,0,0.0000
2010,P1,BASE,0.00,0.00,0,N,0,0.0000
2020,P1,BASE,0.00,0.00,0,N,0,0.0000
2030,P1,BASE,0.00,0.00,0,N,0,0.0000
2040,P1,BASE,0.00,0.00,0,N,0,0.0000
2050,P1,BASE,0.00,0.00,0,N,0,0.0000
2060,P1,BASE,0.00,0.00,0,N,0,0.0000
2070,P1,BASE,0.00,0.00,0,N,0,0.0000
2080,P1,BASE,0.00,0.00,0,N,0,0.0000
2090,P1,BASE,0.00,0.00,0,N,0,0.0000
2100,P1,BASE,0.00,0.00,0,N,0,0.0000
2110,P1,BASE,0.00,0.00,0,N,0,0.0000
2120,P1,BASE,0.00,0.00,0,N,0,0.0000
2130,P1,BASE,0.00,0.00,0,N,0,0.0000
2140,P1,BASE,0.00,0.00,0,N,0,0.0000
2150,P1,BASE,0.00,0.00,0,N,0,0.0000
2160,P1,BASE,0.00,0.00,0,N,0,0.0000
2170,P1,BASE,0.00,0.00,0,N,0,0.0000
2180,P1,BASE,0.00,0.00,0,N,0,0.0000
2190,P1,BASE,0.00,0.00,0,N,0,0.0000
2200,P1,BASE,0.00,0.00,0,N,0,0.0000
2210,P1,BASE,0.00,0.00,0,N,0,0.0000
2220,P1,BASE,0.00,0.00,0,N,0,0.0000
2230,P1,BASE,0.00,0.00,0,N,0,0.0000
2240,P1,BASE,0.00,0.00,0,N,0,0.0000
2250,P1,BASE,0.00,0.00,0,N,0,0.0000
2260,P1,BASE,0.00,0.00,0,N,0,0.0000
2270,P1,BASE,0.00,0.00,0,N,0,0.0000
2280,P1,BASE,0.00,0.00,0,N,0,0.0000
2290,P1,BASE,0.00,0.00,0,N,0,0.0000
2300,P1,BASE,0.00,0.00,0,N,0,0.0000
2310,P1,BASE,0.00,0.00,0,N,0,0.0000
2320,P1,BASE,0.00,0.00,0,N,0,0.0000
2330,P1,BASE,0.00,0.00,0,N,0,0.0000
2340,P1,BASE,0.00,0.00,0,N,0,0.0000
2350,P1,BASE,0.00,0.00,0,N,0,0.0000
2360,P1,BASE,0.00,0.00,0,N,0,0.0000
2370,P1,BASE,0.00,0.00,0,N,0,0.0000
2380,P1,BASE,0.00,0.00,0,N,0,0.0000
2390,P1,BASE,0.00,0.00,0,N,0,0.0000
2400,P1,BASE,0.00,0.00,0,N,0,0.0000
2410,P1,BASE,0.00,0.00,0,N,0,0.0000
2420,P1,BASE,0.00,0.00,0,N,0,0.0000
2430,P1,BASE,0.00,0.00,0,N,0,0.0000
2440,P1,BASE,0.00,0.00,0,N,0,0.0000
2450,P1,BASE,0.00,0.00,0,N,0,0.0000
2460,P1,BASE,0.00,0.00,0,N,0,0.0000
2470,P1,BASE,0.00,0.00,0,N,0,0.0000
2480,P1,BASE,0.00,0.00,0,N,0,0.0000
2490,P1,BASE,0.00,0.00,0,N,0,0.0000
2500,P1,BASE,0.00,0.00,0,N,0,0.0000
2510,P1,BASE,0.00,0.00,0,N,0,0.0000
2520,P1,BASE,0.00,0.00,0,N,0,0.0000
2530,P1,BASE,0.00,0.00,0,N,0,0.0000
2540,P1,BASE,0.00,0.00,0,N,0,0.0000
2550,P1,BASE,0.00,0.00,0,N,0,0.0000
2560,P1,BASE,0.00,0.00,0,N,0,0.0000
2570,P1,BASE,0.00,0.00,0,N,0,0.0000
2580,P1,BASE,0.00,0.00,0,N,0,0.0000
2590,P1,BASE,0.00,0.00,0,N,0,0.0000
2600,P1,BASE,0.00,0.00,0,N,0,0.0000
2610,P1,BASE,0.00,0.00,0,N,0,0.0000
2620,P1,BASE,0.00,0.00,0,N,0,0.0000
2630,P1,BASE,0.00,0.00,0,N,0,0.0000
2640,P1,BASE,0.00,0.00,0,N,0,0.0000
2650,P1,BASE,0.00,0.00,0,N,0,0.0000
2660,P1,BASE,0.00,0.00,0,N,0,0.0000
2670,P1,BASE,0.00,0.00,0,N,0,0.0000
2680,P1,BASE,0.00,0.00,0,N,0,0.0000
2690,P1,BASE,0.00,0.00,0,N,0,0.0000
2700,P1,BASE,0.00,0.00,0,N,0,0.0000
2710,P1,BASE,0.00,0.00,0,N,0,0.0000
2720,P1,BASE,0.00,0.00,0,N,0,0.0000
2730,P1,BASE,0.00,0.00,0,N,0,0.0000
2740,P1,BASE,0.00,0.00,0,N,0,0.0000
2750,P1,BASE,0.00,0.00,0,N,0,0.0000
2760,P1,BASE,0.00,0.00,0,N,0,0.0000
2770,P1,BASE,0.00,0.00,0,N,0,0.0000
2780,P1,BASE,0.00,0.00,0,N,0,0.0000
2790,P1,BASE,0.00,0.00,0,N,0,0.0000
2800,P1,BASE,0.00,0.00,0,N,0,0.0000
2810,P1,BASE,0.00,0.00,0,N,0,0.0000
2820,P1,BASE,0.00,0.00,0,N,0,0.0000
2830,P1,BASE,0.00,0.00,0,N,0,0.0000
2840,P1,BASE,0.00,0.00,0,N,0,0.0000
2850,P1,BASE,0.00,0.00,0,N,0,0.0000
2860,P1,BASE,0.00,0.00,0,N,0,0.0000
2870,P1,BASE,0.00,0.00,0,N,0,0.0000
2880,P1,BASE,0.00,0.00,0,N,0,0.0000
2890,P1,BASE,0.00,0.00,0,N,0,0.0000
2900,P1,BASE,0.00,0.00,0,N,0,0.0000
2910,P1,BASE,0.00,0.00,0,N,0,0.0000
2920,P1,BASE,0.00,0.00,0,N,0,0.0000
2930,P1,BASE,0.00,0.00,0,N,0,0.0000
2940,P1,BASE,0.00,0.00,0,N,0,0.0000
2950,P1,BASE,0.00,0.00,0,N,0,0.0000
2960,P1,BASE,0.00,0.00,0,N,0,0.0000
2970,P1,BASE,0.00,0.00,0,N,0,0.0000
2980,P1,BASE,0.00,0.00,0,N,0,0.0000
2990,P1,BASE,0.00,0.00,0,N,0,0.0000
3000,P1,BASE,0.00,0.00,0,N,0,0.0000
3010,P1,BASE,80.00,0.00,30,F,0,0.8000
3020,P1,BASE,80.00,0.00,60,F,0,1.6000
3030,P1,BASE,80.00,2.50,90,F,1,2.3750
3040,P1,BASE,80.00,0.00,102,F,1,3.1750
3050,P1,BASE,80.00,0.00,107,F,1,3.9750
3060,P1,BASE,80.00,0.00,112,F,1,4.7750
3070,P1,BASE,80.00,0.00,118,F,1,5.5750
3080,P1,BASE,80.00,0.00,123,F,1,6.3750
3090,P1,BASE,80.00,0.00,128,F,1,7.1750
3100,P1,BASE,80.00,0.00,133,F,1,7.9750
3110,P1,BASE,80.00,0.00,139,F,1,8.7750
3120,P1,BASE,80.00,0.00,144,F,1,9.5750
3130,P1,BASE,80.00,0.00,149,F,1,10.3750
3140,P1,BASE,80.00,0.00,154,F,1,11.1750
3150,P1,BASE,80.00,0.00,160,F,1,11.9750
3160,P1,BASE,80.00,0.00,165,F,1,12.7750
3170,P1,BASE,80.00,0.00,170,F,1,13.5750
3180,P1,BASE,80.00,0.00,175,F,1,14.3750
3190,P1,BASE,80.00,20.00,159,F,9,14.9750
3200,P1,BASE,80.00,25.01,157,F,19,15.5249
3210,P1,BASE,80.00,27.50,158,F,30,16.0499
3220,P1,BASE,80.00,30.00,159,F,42,16.5499
3230,P1,BASE,80.00,32.49,160,F,55,17.0250
3240,P1,BASE,80.00,35.00,160,F,69,17.4750
3250,P1,BASE,80.00,35.00,163,F,83,17.9250
3260,P1,BASE,80.00,37.50,163,F,98,18.3500
3270,P1,BASE,80.00,39.99,163,F,114,18.7501
3280,P1,BASE,80.00,40.01,166,F,130,19.1500
3290,P1,BASE,80.00,42.51,166,F,147,19.5249
3300,P1,BASE,80.00,47.50,163,F,166,19.8499
3310,P1,BASE,80.00,45.00,168,F,184,20.1999
3320,P1,BASE,80.00,47.50,167,F,203,20.5250
3330,P1,BASE,80.00,49.99,167,F,223,20.8250
3340,P1,BASE,80.00,52.49,166,F,244,21.1001
3350,P1,BASE,80.00,52.51,168,F,265,21.3750
3360,P1,BASE,80.00,52.49,170,F,286,21.6501
3370,P1,BASE,80.00,55.00,169,F,308,21.9001
3380,P1,BASE,80.00,55.01,170,F,330,22.1500
3390,P1,BASE,80.00,60.00,167,F,354,22.3500
3400,P1,BASE,80.00,60.00,168,F,378,22.5500
3410,P1,BASE,80.00,60.00,169,F,402,22.7500
3420,P1,BASE,80.00,62.51,168,F,427,22.9249
3430,P1,BASE,80.00,62.49,169,F,452,23.1000
3440,P1,BASE,80.00,65.00,167,F,478,23.2500
3450,P1,BASE,80.00,62.49,171,F,503,23.4251
3460,P1,BASE,80.00,65.01,170,F,529,23.5750
3470,P1,BASE,80.00,65.00,171,F,555,23.7250
3480,P1,BASE,80.00,65.01,172,F,581,23.8749
3490,P1,BASE,80.00,64.99,173,F,607,24.0250
3500,P1,BASE,80.00,67.50,171,F,634,24.1500
3510,P1,BASE,80.00,67.49,172,F,661,24.2751
3520,P1,BASE,80.00,67.52,172,F,688,24.3999
3530,P1,BASE,80.00,67.50,173,F,715,24.5249
3540,P1,BASE,80.00,69.99,171,F,743,24.6250
3550,P1,BASE,80.00,72.51,169,F,772,24.6999
3560,P1,BASE,80.00,69.97,173,F,800,24.8001
3570,P1,BASE,80.00,70.02,173,F,828,24.8999
3580,P1,BASE,80.00,74.99,168,F,858,24.9501
3590,P1,BASE,80.00,70.02,174,F,886,25.0499
3600,P1,BASE,80.00,72.47,172,F,915,25.1252
3610,P1,BASE,80.00,75.02,170,F,945,25.1749
3620,P1,BASE,80.00,75.00,170,F,975,25.2249
3630,P1,BASE,80.00,74.99,171,F,1005,25.2751
3640,P1,BASE,80.00,75.00,171,F,1035,25.3251
3650,P1,BASE,80.00,77.51,169,F,1066,25.3500
3660,P1,BASE,80.00,75.01,171,F,1096,25.3999
3670,P1,BASE,80.00,77.48,169,F,1127,25.4251
3680,P1,BASE,80.00,77.52,169,F,1158,25.4499
3690,P1,BASE,80.00,75.00,172,F,1188,25.4999
3700,P1,BASE,80.00,75.00,172,F,1218,25.5499
3710,P1,BASE,80.00,77.47,170,F,1249,25.5752
3720,P1,BASE,80.00,77.50,170,F,1280,25.6002
3730,P1,BASE,80.00,75.02,173,F,1310,25.6499
3740,P1,BASE,80.00,79.98,168,F,1342,25.6501
3750,P1,BASE,80.00,80.01,168,F,1374,25.6500
3760,P1,BASE,80.00,79.98,168,F,1406,25.6502
3770,P1,BASE,80.00,95.01,152,F,1444,25.5001
3780,P1,BASE,80.00,82.52,164,F,1477,25.4749
3790,P1,BASE,80.00,77.51,170,F,1508,25.4998
3800,P1,BASE,80.00,77.50,170,F,1539,25.5248
3810,P1,BASE,80.00,74.97,173,F,1569,25.5751
3820,P1,BASE,80.00,72.51,176,F,1598,25.6500
3830,P1,BASE,80.00,85.01,163,F,1632,25.5999
3840,P1,BASE,80.00,82.49,165,F,1665,25.5750
3850,P1,BASE,80.00,85.02,162,F,1699,25.5248
3860,P1,BASE,80.00,82.47,164,F,1732,25.5002
3870,P1,BASE,80.00,85.03,162,F,1766,25.4498
3880,P1,BASE,80.00,84.97,161,F,1800,25.4002
3890,P1,BASE,80.00,82.52,164,F,1833,25.3750
3900,P1,BASE,80.00,85.00,161,F,1867,25.3250
3910,P1,BASE,80.00,84.98,160,F,1901,25.2752
3920,P1,BASE,80.00,85.03,160,F,1935,25.2249
3930,P1,BASE,80.00,82.51,162,F,1968,25.1998
3940,P1,BASE,80.00,84.98,160,F,2002,25.1500
3950,P1,BASE,80.00,80.02,165,F,2034,25.1498
3960,P1,BASE,80.00,84.97,159,F,2068,25.1001
3970,P1,BASE,80.00,82.51,162,F,2101,25.0750
3980,P1,BASE,80.00,82.50,161,F,2134,25.0500
3990,P1,BASE,80.00,82.49,161,F,2167,25.0251
4000,P1,BASE,80.00,82.49,161,F,2200,25.0002
4010,P1,BASE,80.00,85.00,158,F,2234,24.9502
4020,P1,BASE,80.00,85.03,158,F,2268,24.8999
4030,P1,BASE,80.00,82.51,160,F,2301,24.8748
4040,P1,BASE,80.00,80.00,163,F,2333,24.8748
4050,P1,BASE,80.00,84.97,157,F,2367,24.8251
4060,P1,BASE,80.00,80.01,163,F,2399,24.8250
4070,P1,BASE,80.00,80.01,163,F,2431,24.8249
4080,P1,BASE,80.00,79.98,163,F,2463,24.8251
4090,P1,BASE,80.00,80.02,163,F,2495,24.8249
4100,P1,BASE,80.00,79.98,163,F,2527,24.8252
4110,P1,BASE,80.00,80.01,163,F,2559,24.8251
4120,P1,BASE,80.00,80.02,163,F,2591,24.8249
4130,P1,BASE,80.00,79.98,163,F,2623,24.8251
4140,P1,BASE,80.00,82.50,160,F,2656,24.8001
4150,P1,BASE,80.00,77.52,165,F,2687,24.8249
4160,P1,BASE,80.00,82.47,160,F,2720,24.8002
4170,P1,BASE,80.00,80.00,162,F,2752,24.8002
4180,P1,BASE,80.00,82.52,160,F,2785,24.7750
4190,P1,BASE,80.00,79.98,162,F,2817,24.7752
4200,P1,BASE,80.00,85.01,157,F,2851,24.7251
4210,P1,BASE,80.00,82.50,159,F,2884,24.7001
4220,P1,BASE,80.00,80.00,162,F,2916,24.7001
4230,P1,BASE,80.00,82.50,159,F,2949,24.6751
4240,P1,BASE,80.00,77.52,164,F,2980,24.6999
4250,P1,BASE,80.00,80.00,162,F,3012,24.6999
4260,P1,BASE,80.00,77.49,164,F,3043,24.7250
4270,P1,BASE,80.00,79.99,162,F,3075,24.7251
4280,P1,BASE,80.00,77.51,165,F,3106,24.7500
4290,P1,BASE,80.00,82.52,159,F,3139,24.7249
4300,P1,BASE,80.00,82.48,159,F,3172,24.7000
4310,P1,BASE,80.00,77.50,164,F,3203,24.7250
4320,P1,BASE,80.00,82.52,159,F,3236,24.6999
4330,P1,BASE,80.00,79.98,162,F,3268,24.7001
4340,P1,BASE,80.00,80.02,162,F,3300,24.6999
4350,P1,BASE,80.00,82.48,159,F,3333,24.6751
4360,P1,BASE,80.00,82.52,159,F,3366,24.6499
4370,P1,BASE,80.00,79.99,161,F,3398,24.6500
4380,P1,BASE,80.00,82.48,159,F,3431,24.6252
4390,P1,BASE,80.00,82.52,159,F,3464,24.6000
4400,P1,BASE,80.00,82.51,158,F,3497,24.5749
4410,P1,BASE,80.00,79.98,161,F,3529,24.5751
4420,P1,BASE,80.00,80.02,161,F,3561,24.5749
4430,P1,BASE,80.00,80.00,161,F,3593,24.5749
4440,P1,BASE,80.00,77.49,164,F,3624,24.6000
4450,P1,BASE,80.00,80.01,161,F,3656,24.5999
4460,P1,BASE,80.00,79.98,161,F,3688,24.6001
4470,P1,BASE,80.00,80.02,161,F,3720,24.5998
4480,P1,BASE,80.00,79.98,161,F,3752,24.6000
4490,P1,BASE,80.00,82.52,158,F,3785,24.5748
4500,P1,BASE,80.00,94.99,145,F,3823,24.4249
4510,P1,BASE,80.00,87.48,152,F,3858,24.3501
4520,P1,BASE,80.00,77.50,162,F,3889,24.3751
4530,P1,BASE,80.00,77.51,162,F,3920,24.4000
4540,P1,BASE,80.00,77.50,162,F,3951,24.4250
4550,P1,BASE,80.00,77.48,163,F,3982,24.4502
4560,P1,BASE,80.00,70.02,171,F,4010,24.5500
4570,P1,BASE,80.00,82.48,158,F,4043,24.5251
4580,P1,BASE,80.00,85.02,155,F,4077,24.4750
4590,P1,BASE,80.00,82.51,158,F,4110,24.4499
4600,P1,BASE,80.00,82.50,157,F,4143,24.4249
4610,P1,BASE,80.00,82.48,157,F,4176,24.4001
4620,P1,BASE,80.00,82.52,157,F,4209,24.3750
4630,P1,BASE,80.00,80.01,160,F,4241,24.3749
4640,P1,BASE,80.00,84.99,154,F,4275,24.3250
4650,P1,BASE,80.00,79.99,159,F,4307,24.3251
4660,P1,BASE,80.00,82.49,157,F,4340,24.3001
4670,P1,BASE,80.00,80.02,159,F,4372,24.3000
4680,P1,BASE,80.00,80.00,159,F,4404,24.3000
4690,P1,BASE,80.00,79.98,159,F,4436,24.3001
4700,P1,BASE,80.00,82.50,156,F,4469,24.2751
4710,P1,BASE,80.00,77.49,162,F,4500,24.3002
4720,P1,BASE,80.00,80.02,159,F,4532,24.3001
4730,P1,BASE,80.00,82.50,156,F,4565,24.2751
4740,P1,BASE,80.00,79.99,159,F,4597,24.2751
4750,P1,BASE,80.00,80.02,159,F,4629,24.2750
4760,P1,BASE,80.00,82.49,156,F,4662,24.2501
4770,P1,BASE,80.00,80.00,159,F,4694,24.2501
4780,P1,BASE,80.00,77.50,161,F,4725,24.2751
4790,P1,BASE,80.00,79.99,159,F,4757,24.2751
4800,P1,BASE,80.00,77.50,162,F,4788,24.3001
4810,P1,BASE,80.00,80.01,159,F,4820,24.3001
4820,P1,BASE,80.00,75.01,164,F,4850,24.3499
4830,P1,BASE,80.00,80.00,159,F,4882,24.3499
4840,P1,BASE,80.00,75.00,165,F,4912,24.3999
4850,P1,BASE,80.00,80.00,160,F,4944,24.3999
4860,P1,BASE,80.00,77.49,162,F,4975,24.4250
4870,P1,BASE,80.00,77.51,163,F,5006,24.4499
4880,P1,BASE,80.00,77.45,163,F,5037,24.4754
4890,P1,BASE,80.00,77.53,163,F,5068,24.5001
4900,P1,BASE,80.00,77.51,163,F,5099,24.5250
4910,P1,BASE,80.00,77.49,163,F,5130,24.5501
4920,P1,BASE,80.00,80.02,161,F,5162,24.5499
4930,P1,BASE,80.00,79.98,161,F,5194,24.5501
4940,P1,BASE,80.00,82.52,158,F,5227,24.5249
4950,P1,BASE,80.00,79.98,161,F,5259,24.5251
4960,P1,BASE,80.00,82.51,158,F,5292,24.5001
4970,P1,BASE,80.00,77.52,163,F,5323,24.5249
4980,P1,BASE,80.00,79.99,161,F,5355,24.5250
4990,P1,BASE,80.00,77.48,163,F,5386,24.5501
5000,P1,BASE,80.00,77.51,163,F,5417,24.5751
5010,P1,BASE,80.00,80.01,161,F,5449,24.5750
5020,P1,BASE,80.00,77.48,164,F,5480,24.6002
5030,P1,BASE,80.00,77.52,164,F,5511,24.6250
5040,P1,BASE,80.00,80.00,161,F,5543,24.6250
5050,P1,BASE,80.00,82.49,159,F,5576,24.6001
5060,P1,BASE,80.00,77.50,164,F,5607,24.6251
5070,P1,BASE,80.00,82.50,159,F,5640,24.6001
5080,P1,BASE,80.00,77.48,164,F,5671,24.6252
5090,P1,BASE,80.00,80.02,161,F,5703,24.6250
5100,P1,BASE,80.00,82.48,159,F,5736,24.6001
5110,P1,BASE,80.00,82.52,158,F,5769,24.5749
5120,P1,BASE,80.00,79.94,161,F,5801,24.5755
5130,P1,BASE,80.00,82.57,158,F,5834,24.5499
5140,P1,BASE,80.00,80.00,161,F,5866,24.5499
5150,P1,BASE,80.00,82.48,158,F,5899,24.5250
5160,P1,BASE,80.00,80.01,161,F,5931,24.5250
5170,P1,BASE,80.00,80.01,161,F,5963,24.5249
5180,P1,BASE,80.00,79.98,161,F,5995,24.5251
5190,P1,BASE,80.00,77.52,163,F,6026,24.5500
5200,P1,BASE,80.00,80.00,161,F,6058,24.5500
5210,P1,BASE,80.00,77.51,163,F,6089,24.5749
5220,P1,BASE,80.00,79.98,161,F,6121,24.5751
5230,P1,BASE,80.00,82.52,158,F,6154,24.5499
5240,P1,BASE,80.00,79.98,161,F,6186,24.5500
5250,P1,BASE,80.00,95.01,144,F,6224,24.4000
5260,P1,BASE,80.00,87.50,152,F,6259,24.3249
5270,P1,BASE,80.00,77.48,162,F,6290,24.3501
5280,P1,BASE,80.00,77.49,162,F,6321,24.3752
5290,P1,BASE,80.00,77.50,162,F,6352,24.4002
5300,P1,BASE,80.00,75.01,165,F,6382,24.4501
5310,P1,BASE,80.00,72.52,168,F,6411,24.5249
5320,P1,BASE,80.00,85.00,155,F,6445,24.4749
5330,P1,BASE,80.00,82.50,158,F,6478,24.4499
5340,P1,BASE,80.00,82.48,157,F,6511,24.4251
5350,P1,BASE,80.00,82.51,157,F,6544,24.4000
5360,P1,BASE,80.00,82.50,157,F,6577,24.3750
5370,P1,BASE,80.00,82.51,157,F,6610,24.3499
5380,P1,BASE,80.00,80.00,159,F,6642,24.3499
5390,P1,BASE,80.00,82.48,157,F,6675,24.3251
5400,P1,BASE,80.00,82.51,157,F,6708,24.3001
5410,P1,BASE,80.00,82.51,156,F,6741,24.2750
5420,P1,BASE,80.00,80.00,159,F,6773,24.2750
5430,P1,BASE,80.00,80.01,159,F,6805,24.2749
5440,P1,BASE,80.00,79.98,159,F,6837,24.2751
5450,P1,BASE,80.00,80.01,159,F,6869,24.2750
5460,P1,BASE,80.00,80.01,159,F,6901,24.2749
5470,P1,BASE,80.00,79.98,159,F,6933,24.2751
5480,P1,BASE,80.00,79.99,159,F,6965,24.2751
5490,P1,BASE,80.00,80.01,159,F,6997,24.2751
5500,P1,BASE,80.00,82.48,156,F,7030,24.2502
5510,P1,BASE,80.00,80.02,159,F,7062,24.2500
5520,P1,BASE,80.00,80.01,159,F,7094,24.2499
5530,P1,BASE,80.00,77.48,161,F,7125,24.2751
5540,P1,BASE,80.00,82.52,156,F,7158,24.2499
5550,P1,BASE,80.00,77.48,161,F,7189,24.2751
5560,P1,BASE,80.00,77.50,162,F,7220,24.3001
5570,P1,BASE,80.00,75.01,165,F,7250,24.3500
5580,P1,BASE,80.00,80.02,159,F,7282,24.3499
5590,P1,BASE,80.00,74.98,165,F,7312,24.4001
5600,P1,BASE,80.00,80.00,160,F,7344,24.4001
5610,P1,BASE,80.00,77.52,162,F,7375,24.4250
5620,P1,BASE,80.00,77.51,163,F,7406,24.4499
5630,P1,BASE,80.00,77.48,163,F,7437,24.4750
5640,P1,BASE,80.00,77.48,163,F,7468,24.5002
5650,P1,BASE,80.00,77.52,163,F,7499,24.5250
5660,P1,BASE,80.00,77.50,163,F,7530,24.5500
5670,P1,BASE,80.00,79.99,161,F,7562,24.5500
5680,P1,BASE,80.00,77.51,163,F,7593,24.5750
5690,P1,BASE,80.00,82.50,158,F,7626,24.5500
5700,P1,BASE,80.00,80.00,161,F,7658,24.5500
5710,P1,BASE,80.00,82.50,158,F,7691,24.5250
5720,P1,BASE,80.00,77.50,163,F,7722,24.5500
5730,P1,BASE,80.00,79.98,161,F,7754,24.5501
5740,P1,BASE,80.00,77.52,163,F,7785,24.5750
5750,P1,BASE,80.00,77.50,164,F,7816,24.6000
5760,P1,BASE,80.00,77.49,164,F,7847,24.6250
5770,P1,BASE,80.00,77.49,164,F,7878,24.6501
5780,P1,BASE,80.00,77.50,164,F,7909,24.6751
5790,P1,BASE,80.00,79.99,162,F,7941,24.6752
5800,P1,BASE,80.00,80.03,162,F,7973,24.6749
5810,P1,BASE,80.00,77.49,164,F,8004,24.7000
5820,P1,BASE,80.00,82.49,159,F,8037,24.6750
5830,P1,BASE,80.00,77.49,164,F,8068,24.7001
5840,P1,BASE,80.00,80.02,162,F,8100,24.6999
5850,P1,BASE,80.00,79.98,162,F,8132,24.7000
5860,P1,BASE,80.00,82.52,159,F,8165,24.6749
5870,P1,BASE,80.00,79.98,162,F,8197,24.6751
5880,P1,BASE,80.00,82.50,159,F,8230,24.6501
5890,P1,BASE,80.00,80.01,161,F,8262,24.6500
5900,P1,BASE,80.00,82.50,159,F,8295,24.6250
5910,P1,BASE,80.00,77.49,164,F,8326,24.6501
5920,P1,BASE,80.00,82.52,159,F,8359,24.6249
5930,P1,BASE,80.00,77.49,164,F,8390,24.6500
5940,P1,BASE,80.00,77.52,164,F,8421,24.6749
5950,P1,BASE,80.00,79.99,162,F,8453,24.6749
5960,P1,BASE,80.00,79.98,162,F,8485,24.6751
5970,P1,BASE,80.00,77.52,164,F,8516,24.7000
5980,P1,BASE,80.00,82.50,159,F,8549,24.6750
5990,P1,BASE,80.00,80.01,162,F,8581,24.6749
6000,P1,BASE,80.00,92.46,148,F,8618,24.5502
6010,P1,BASE,150.00,90.01,178,F,8654,25.1502
6020,P1,BASE,150.00,77.52,208,F,8685,25.8749
6030,P1,BASE,150.00,79.97,238,F,8717,26.5752
6040,P1,BASE,150.00,82.52,247,F,8750,27.2501
6050,P1,BASE,150.00,97.49,235,F,8789,27.7752
6060,P1,BASE,150.00,112.50,223,F,8834,28.1502
6070,P1,BASE,150.00,120.01,217,F,8882,28.4501
6080,P1,BASE,150.00,122.50,216,F,8931,28.7250
6090,P1,BASE,150.00,127.50,213,F,8982,28.9501
6100,P1,BASE,150.00,130.00,211,F,9034,29.1501
6110,P1,BASE,150.00,135.00,207,F,9088,29.3001
6120,P1,BASE,150.00,135.01,208,F,9142,29.4499
6130,P1,BASE,150.00,135.00,209,F,9196,29.5999
6140,P1,BASE,150.00,135.00,210,F,9250,29.7499
6150,P1,BASE,150.00,137.51,208,F,9305,29.8748
6160,P1,BASE,150.00,139.97,207,F,9361,29.9751
6170,P1,BASE,150.00,139.99,207,F,9417,30.0752
6180,P1,BASE,150.00,145.01,202,F,9475,30.1251
6190,P1,BASE,150.00,140.00,208,F,9531,30.2251
6200,P1,BASE,150.00,140.01,209,F,9587,30.3249
6210,P1,BASE,150.00,139.97,210,F,9643,30.4252
6220,P1,BASE,150.00,137.51,213,F,9698,30.5501
6230,P1,BASE,150.00,142.49,208,F,9755,30.6252
6240,P1,BASE,150.00,140.01,211,F,9811,30.7251
6250,P1,BASE,150.00,142.49,209,F,9868,30.8002
6260,P1,BASE,150.00,142.50,210,F,9925,30.8752
6270,P1,BASE,150.00,142.54,210,F,9982,30.9498
6280,P1,BASE,150.00,147.49,205,F,10041,30.9749
6290,P1,BASE,150.00,145.01,208,F,10099,31.0248
6300,P1,BASE,150.00,144.99,209,F,10157,31.0749
6310,P1,BASE,150.00,139.99,214,F,10213,31.1751
6320,P1,BASE,150.00,140.03,215,F,10269,31.2748
6330,P1,BASE,150.00,145.00,210,F,10327,31.3248
6340,P1,BASE,150.00,147.44,208,F,10386,31.3504
6350,P1,BASE,150.00,147.53,208,F,10445,31.3751
6360,P1,BASE,150.00,147.49,208,F,10504,31.4002
6370,P1,BASE,150.00,152.55,203,F,10565,31.3748
6380,P1,BASE,150.00,152.45,203,F,10626,31.3502
6390,P1,BASE,150.00,150.05,205,F,10686,31.3498
6400,P1,BASE,150.00,149.97,205,F,10746,31.3501
6410,P1,BASE,150.00,147.50,208,F,10805,31.3751
6420,P1,BASE,150.00,147.53,208,F,10864,31.3998
6430,P1,BASE,150.00,144.99,211,F,10922,31.4499
6440,P1,BASE,150.00,150.01,206,F,10982,31.4498
6450,P1,BASE,150.00,167.43,187,F,11049,31.2754
6460,P1,BASE,150.00,147.53,208,F,11108,31.3001
6470,P1,BASE,150.00,135.01,221,F,11162,31.4500
6480,P1,BASE,150.00,139.93,217,F,11218,31.5507
6490,P1,BASE,150.00,152.55,204,F,11279,31.5252
6500,P1,BASE,150.00,152.52,204,F,11340,31.5001
6510,P1,BASE,150.00,152.50,204,F,11401,31.4751
6520,P1,BASE,150.00,150.01,206,F,11461,31.4749
6530,P1,BASE,150.00,150.00,206,F,11521,31.4749
6540,P1,BASE,150.00,149.97,206,F,11581,31.4752
6550,P1,BASE,150.00,145.04,212,F,11639,31.5248
6560,P1,BASE,150.00,149.97,207,F,11699,31.5251
6570,P1,BASE,150.00,147.51,209,F,11758,31.5500
6580,P1,BASE,150.00,152.50,204,F,11819,31.5250
6590,P1,BASE,150.00,152.48,204,F,11880,31.5001
6600,P1,BASE,150.00,147.49,209,F,11939,31.5253
6610,P1,BASE,150.00,147.50,209,F,11998,31.5503
6620,P1,BASE,150.00,145.00,212,F,12056,31.6003
6630,P1,BASE,150.00,145.04,212,F,12114,31.6498
6640,P1,BASE,150.00,147.50,210,F,12173,31.6748
6650,P1,BASE,150.00,144.97,213,F,12231,31.7251
6660,P1,BASE,150.00,147.49,211,F,12290,31.7503
6670,P1,BASE,150.00,145.04,213,F,12348,31.7998
6680,P1,BASE,150.00,149.96,208,F,12408,31.8003
6690,P1,BASE,150.00,152.55,206,F,12469,31.7748
6700,P1,BASE,150.00,147.46,211,F,12528,31.8003
6710,P1,BASE,150.00,145.04,214,F,12586,31.8498
6720,P1,BASE,150.00,144.96,214,F,12644,31.9003
6730,P1,BASE,150.00,145.03,214,F,12702,31.9500
6740,P1,BASE,150.00,149.97,209,F,12762,31.9503
6750,P1,BASE,150.00,149.93,209,F,12822,31.9510
6760,P1,BASE,150.00,150.11,209,F,12882,31.9500
6770,P1,BASE,150.00,152.50,207,F,12943,31.9250
6780,P1,BASE,150.00,152.47,206,F,13004,31.9003
6790,P1,BASE,150.00,157.52,201,F,13067,31.8251
6800,P1,BASE,150.00,150.00,209,F,13127,31.8251
6810,P1,BASE,150.00,152.50,206,F,13188,31.8001
6820,P1,BASE,150.00,147.50,211,F,13247,31.8251
6830,P1,BASE,150.00,147.49,211,F,13306,31.8503
6840,P1,BASE,150.00,152.53,206,F,13367,31.8250
6850,P1,BASE,150.00,165.00,192,F,13433,31.6750
6860,P1,BASE,150.00,152.52,205,F,13494,31.6498
6870,P1,BASE,150.00,142.47,216,F,13551,31.7251
6880,P1,BASE,150.00,134.97,224,F,13605,31.8754
6890,P1,BASE,150.00,152.56,206,F,13666,31.8498
6900,P1,BASE,150.00,154.91,203,F,13728,31.8007
6910,P1,BASE,150.00,152.56,206,F,13789,31.7751
6920,P1,BASE,150.00,152.52,205,F,13850,31.7499
6930,P1,BASE,150.00,149.99,208,F,13910,31.7501
6940,P1,BASE,150.00,152.52,205,F,13971,31.7249
6950,P1,BASE,150.00,147.46,211,F,14030,31.7504
6960,P1,BASE,150.00,150.03,208,F,14090,31.7501
6970,P1,BASE,150.00,147.53,211,F,14149,31.7748
6980,P1,BASE,150.00,152.47,206,F,14210,31.7501
6990,P1,BASE,150.00,155.02,203,F,14272,31.6999
7000,P1,BASE,150.00,149.99,208,F,14332,31.7001
7010,P1,BASE,150.00,150.03,208,F,14392,31.6998
7020,P1,BASE,150.00,144.99,213,F,14450,31.7499
7030,P1,BASE,150.00,144.96,213,F,14508,31.8003
7040,P1,BASE,150.00,150.01,208,F,14568,31.8002
7050,P1,BASE,150.00,145.00,214,F,14626,31.8502
7060,P1,BASE,150.00,147.54,211,F,14685,31.8748
7070,P1,BASE,150.00,147.46,212,F,14744,31.9002
7080,P1,BASE,150.00,150.00,209,F,14804,31.9002
7090,P1,BASE,150.00,155.02,204,F,14866,31.8500
7100,P1,BASE,150.00,147.53,211,F,14925,31.8747
7110,P1,BASE,150.00,147.49,212,F,14984,31.8999
7120,P1,BASE,150.00,144.96,214,F,15042,31.9503
7130,P1,BASE,150.00,145.01,215,F,15100,32.0002
7140,P1,BASE,150.00,150.05,210,F,15160,31.9997
7150,P1,BASE,150.00,149.94,210,F,15220,32.0003
7160,P1,BASE,150.00,152.55,207,F,15281,31.9749
7170,P1,BASE,150.00,152.50,207,F,15342,31.9499
7180,P1,BASE,150.00,154.97,204,F,15404,31.9002
7190,P1,BASE,150.00,157.50,201,F,15467,31.8252
7200,P1,BASE,150.00,152.53,206,F,15528,31.7999
7210,P1,BASE,150.00,152.52,206,F,15589,31.7747
7220,P1,BASE,150.00,147.46,211,F,15648,31.8002
7230,P1,BASE,150.00,147.51,211,F,15707,31.8250
7240,P1,BASE,150.00,152.52,206,F,15768,31.7999
7250,P1,BASE,150.00,164.98,192,F,15834,31.6500
7260,P1,BASE,150.00,155.03,202,F,15896,31.5997
7270,P1,BASE,150.00,139.97,218,F,15952,31.7000
7280,P1,BASE,150.00,135.00,224,F,16006,31.8500
7290,P1,BASE,150.00,155.02,203,F,16068,31.7998
7300,P1,BASE,150.00,152.47,206,F,16129,31.7752
7310,P1,BASE,150.00,155.00,203,F,16191,31.7252
7320,P1,BASE,150.00,149.99,208,F,16251,31.7253
7330,P1,BASE,150.00,152.55,205,F,16312,31.6998
7340,P1,BASE,150.00,150.00,208,F,16372,31.6998
7350,P1,BASE,150.00,147.50,210,F,16431,31.7248
7360,P1,BASE,150.00,150.01,208,F,16491,31.7247
7370,P1,BASE,150.00,149.97,208,F,16551,31.7250
7380,P1,BASE,150.00,150.03,208,F,16611,31.7247
7390,P1,BASE,150.00,154.97,202,F,16673,31.6750
7400,P1,BASE,150.00,150.01,208,F,16733,31.6749
7410,P1,BASE,150.00,147.50,210,F,16792,31.6999
7420,P1,BASE,150.00,145.01,213,F,16850,31.7497
7430,P1,BASE,150.00,147.47,211,F,16909,31.7750
7440,P1,BASE,150.00,147.51,211,F,16968,31.7999
7450,P1,BASE,150.00,144.97,214,F,17026,31.8501
7460,P1,BASE,150.00,147.53,211,F,17085,31.8748
7470,P1,BASE,150.00,147.49,212,F,17144,31.9000
7480,P1,BASE,150.00,147.53,212,F,17203,31.9247
7490,P1,BASE,150.00,155.00,204,F,17265,31.8747
7500,P1,BASE,150.00,147.46,212,F,17324,31.9001
7510,P1,BASE,150.00,147.51,212,F,17383,31.9250
7520,P1,BASE,150.00,144.99,215,F,17441,31.9751
7530,P1,BASE,150.00,145.04,215,F,17499,32.0247
7540,P1,BASE,150.00,150.00,210,F,17559,32.0247
7550,P1,BASE,150.00,150.00,210,F,17619,32.0247
7560,P1,BASE,150.00,152.47,207,F,17680,32.0000
7570,P1,BASE,150.00,152.53,207,F,17741,31.9747
7580,P1,BASE,150.00,154.94,204,F,17803,31.9253
7590,P1,BASE,150.00,155.06,204,F,17865,31.8747
7600,P1,BASE,150.00,152.47,206,F,17926,31.8500
7610,P1,BASE,150.00,150.00,209,F,17986,31.8500
7620,P1,BASE,150.00,150.00,209,F,18046,31.8500
7630,P1,BASE,150.00,147.47,211,F,18105,31.8753
7640,P1,BASE,150.00,150.06,209,F,18165,31.8747
7650,P1,BASE,150.00,162.50,195,F,18230,31.7497
7660,P1,BASE,150.00,154.95,203,F,18292,31.7002
7670,P1,BASE,150.00,145.01,213,F,18350,31.7500
7680,P1,BASE,150.00,135.00,224,F,18404,31.9000
7690,P1,BASE,150.00,149.99,209,F,18464,31.9002
7700,P1,BASE,150.00,152.53,206,F,18525,31.8749
7710,P1,BASE,150.00,154.97,203,F,18587,31.8252
7720,P1,BASE,150.00,150.05,208,F,18647,31.8247
7730,P1,BASE,150.00,152.48,206,F,18708,31.7999
7740,P1,BASE,150.00,152.48,206,F,18769,31.7750
7750,P1,BASE,150.00,147.47,211,F,18828,31.8003
7760,P1,BASE,150.00,150.01,208,F,18888,31.8002
7770,P1,BASE,150.00,150.03,208,F,18948,31.7999
7780,P1,BASE,150.00,149.96,208,F,19008,31.8003
7790,P1,BASE,150.00,155.03,203,F,19070,31.7500
7800,P1,BASE,150.00,149.99,208,F,19130,31.7502
7810,P1,BASE,150.00,150.05,208,F,19190,31.7497
7820,P1,BASE,150.00,144.99,213,F,19248,31.7999
7830,P1,BASE,150.00,147.51,211,F,19307,31.8247
7840,P1,BASE,150.00,147.47,211,F,19366,31.8500
7850,P1,BASE,150.00,145.03,214,F,19424,31.8997
7860,P1,BASE,150.00,149.97,209,F,19484,31.9000
7870,P1,BASE,150.00,147.50,212,F,19543,31.9250
7880,P1,BASE,150.00,147.53,212,F,19602,31.9497
7890,P1,BASE,150.00,155.00,204,F,19664,31.8997
7900,P1,BASE,150.00,147.50,212,F,19723,31.9247
7910,P1,BASE,150.00,149.94,209,F,19783,31.9253
7920,P1,BASE,150.00,145.04,215,F,19841,31.9749
7930,P1,BASE,150.00,144.99,215,F,19899,32.0250
7940,P1,BASE,150.00,149.99,210,F,19959,32.0252
7950,P1,BASE,150.00,150.05,210,F,20019,32.0247
7960,P1,BASE,150.00,152.47,207,F,20080,32.0000
7970,P1,BASE,150.00,155.03,204,F,20142,31.9497
7980,P1,BASE,150.00,152.45,207,F,20203,31.9252
7990,P1,BASE,150.00,157.50,201,F,20266,31.8502
8000,P1,BASE,150.00,152.53,206,F,20327,31.8249
8010,P1,BASE,150.00,152.47,206,F,20388,31.8002
8020,P1,BASE,150.00,147.54,211,F,20447,31.8247
8030,P1,BASE,150.00,149.94,209,F,20507,31.8253
8040,P1,BASE,150.00,150.06,208,F,20567,31.8247
8050,P1,BASE,150.00,164.95,192,F,20633,31.6752
8060,P1,BASE,150.00,154.98,202,F,20695,31.6254
8070,P1,BASE,150.00,145.06,213,F,20753,31.6748
8080,P1,BASE,150.00,137.47,221,F,20808,31.8001
8090,P1,BASE,150.00,147.49,211,F,20867,31.8252
8100,P1,BASE,150.00,155.05,203,F,20929,31.7748
8110,P1,BASE,150.00,152.48,205,F,20990,31.7499
8120,P1,BASE,150.00,152.52,205,F,21051,31.7248
8130,P1,BASE,150.00,152.47,205,F,21112,31.7001
8140,P1,BASE,150.00,149.99,208,F,21172,31.7002
8150,P1,BASE,150.00,147.50,210,F,21231,31.7252
8160,P1,BASE,150.00,150.01,208,F,21291,31.7251
8170,P1,BASE,150.00,150.01,208,F,21351,31.7249
8180,P1,BASE,150.00,152.47,205,F,21412,31.7002
8190,P1,BASE,150.00,155.02,202,F,21474,31.6501
8200,P1,BASE,150.00,147.50,210,F,21533,31.6751
8210,P1,BASE,150.00,150.00,208,F,21593,31.6751
8220,P1,BASE,150.00,144.99,213,F,21651,31.7252
8230,P1,BASE,150.00,147.49,211,F,21710,31.7504
8240,P1,BASE,150.00,147.50,211,F,21769,31.7754
8250,P1,BASE,150.00,145.01,214,F,21827,31.8252
8260,P1,BASE,150.00,150.01,209,F,21887,31.8251
8270,P1,BASE,150.00,147.53,211,F,21946,31.8498
8280,P1,BASE,150.00,149.93,209,F,22006,31.8505
8290,P1,BASE,150.00,152.58,206,F,22067,31.8248
8300,P1,BASE,150.00,147.46,211,F,22126,31.8502
8310,P1,BASE,150.00,147.54,211,F,22185,31.8748
8320,P1,BASE,150.00,144.96,214,F,22243,31.9252
8330,P1,BASE,150.00,145.01,215,F,22301,31.9750
8340,P1,BASE,150.00,150.03,209,F,22361,31.9747
8350,P1,BASE,150.00,149.99,210,F,22421,31.9749
8360,P1,BASE,150.00,152.48,207,F,22482,31.9500
8370,P1,BASE,150.00,152.47,207,F,22543,31.9254
8380,P1,BASE,150.00,155.03,204,F,22605,31.8750
8390,P1,BASE,150.00,154.98,203,F,22667,31.8252
8400,P1,BASE,150.00,152.48,206,F,22728,31.8004
8410,P1,BASE,150.00,152.55,206,F,22789,31.7749
8420,P1,BASE,150.00,147.49,211,F,22848,31.8000
8430,P1,BASE,150.00,147.51,211,F,22907,31.8249
8440,P1,BASE,150.00,150.00,209,F,22967,31.8249
8450,P1,BASE,150.00,167.48,190,F,23034,31.6501
8460,P1,BASE,150.00,152.52,205,F,23095,31.6249
8470,P1,BASE,150.00,142.47,215,F,23152,31.7002
8480,P1,BASE,150.00,140.03,219,F,23208,31.7999
8490,P1,BASE,150.00,150.00,208,F,23268,31.7999
8500,P1,BASE,150.00,152.50,206,F,23329,31.7749
8510,P1,BASE,150.00,152.50,205,F,23390,31.7499
8520,P1,BASE,150.00,152.52,205,F,23451,31.7248
8530,P1,BASE,150.00,152.50,205,F,23512,31.6998
8540,P1,BASE,150.00,150.00,208,F,23572,31.6998
8550,P1,BASE,150.00,147.46,210,F,23631,31.7252
8560,P1,BASE,150.00,150.00,208,F,23691,31.7252
8570,P1,BASE,150.00,150.00,208,F,23751,31.7252
8580,P1,BASE,150.00,152.47,205,F,23812,31.7005
8590,P1,BASE,150.00,152.56,205,F,23873,31.6749
8600,P1,BASE,150.00,150.01,208,F,23933,31.6748
8610,P1,BASE,150.00,147.50,210,F,23992,31.6998
8620,P1,BASE,150.00,147.47,210,F,24051,31.7250
8630,P1,BASE,150.00,145.00,213,F,24109,31.7750
8640,P1,BASE,150.00,149.93,208,F,24169,31.7758
8650,P1,BASE,150.00,145.10,214,F,24227,31.8248
8660,P1,BASE,150.00,147.46,211,F,24286,31.8502
8670,P1,BASE,150.00,147.50,211,F,24345,31.8752
8680,P1,BASE,150.00,150.03,209,F,24405,31.8749
8690,P1,BASE,150.00,152.50,206,F,24466,31.8499
8700,P1,BASE,150.00,147.47,211,F,24525,31.8752
8710,P1,BASE,150.00,147.50,212,F,24584,31.9002
8720,P1,BASE,150.00,145.04,214,F,24642,31.9498
8730,P1,BASE,150.00,144.94,215,F,24700,32.0004
8740,P1,BASE,150.00,152.42,207,F,24761,31.9761
8750,P1,BASE,150.00,147.60,212,F,24820,32.0001
8760,P1,BASE,150.00,152.50,207,F,24881,31.9751
8770,P1,BASE,150.00,152.50,207,F,24942,31.9501
8780,P1,BASE,150.00,154.98,204,F,25004,31.9002
8790,P1,BASE,150.00,157.53,201,F,25067,31.8249
8800,P1,BASE,150.00,152.48,206,F,25128,31.8001
8810,P1,BASE,150.00,149.99,208,F,25188,31.8002
8820,P1,BASE,150.00,147.51,211,F,25247,31.8251
8830,P1,BASE,150.00,149.99,209,F,25307,31.8252
8840,P1,BASE,150.00,150.05,208,F,25367,31.8248
8850,P1,BASE,150.00,167.47,190,F,25434,31.6501
8860,P1,BASE,150.00,152.52,205,F,25495,31.6250
8870,P1,BASE,150.00,142.47,215,F,25552,31.7003
8880,P1,BASE,150.00,137.53,221,F,25607,31.8250
8890,P1,BASE,150.00,150.01,209,F,25667,31.8248
8900,P1,BASE,150.00,154.95,203,F,25729,31.7753
8910,P1,BASE,150.00,152.52,205,F,25790,31.7501
8920,P1,BASE,150.00,152.52,205,F,25851,31.7250
8930,P1,BASE,150.00,152.50,205,F,25912,31.7000
8940,P1,BASE,150.00,150.00,208,F,25972,31.7000
8950,P1,BASE,150.00,147.49,210,F,26031,31.7251
8960,P1,BASE,150.00,150.03,208,F,26091,31.7248
8970,P1,BASE,150.00,149.97,208,F,26151,31.7251
8980,P1,BASE,150.00,152.48,205,F,26212,31.7003
8990,P1,BASE,150.00,152.50,205,F,26273,31.6753
9000,P1,BASE,150.00,150.00,208,F,26333,31.6753
9010,P1,BASE,200.00,147.54,238,F,26392,31.6753
9020,P1,BASE,200.00,149.97,255,F,26452,31.6753
9030,P1,BASE,200.00,152.47,255,F,26513,31.6753
9040,P1,BASE,200.00,160.06,251,F,26577,32.0747
9050,P1,BASE,200.00,159.95,254,F,26641,32.4751
9060,P1,BASE,200.00,170.02,245,F,26709,32.7750
9070,P1,BASE,200.00,172.48,245,F,26778,33.0501
9080,P1,BASE,200.00,177.54,241,F,26849,33.2748
9090,P1,BASE,200.00,179.84,240,F,26921,33.4764
9100,P1,BASE,200.00,177.61,244,F,26992,33.7003
9110,P1,BASE,200.00,180.02,242,F,27064,33.9002
9120,P1,BASE,200.00,184.93,238,F,27138,34.0509
9130,P1,BASE,200.00,187.59,237,F,27213,34.1750
9140,P1,BASE,200.00,190.02,235,F,27289,34.2748
9150,P1,BASE,200.00,197.48,227,F,27368,34.3000
9160,P1,BASE,200.00,197.54,227,F,27447,34.3246
9170,P1,BASE,200.00,197.48,228,F,27526,34.3498
9180,P1,BASE,200.00,195.02,230,F,27604,34.3996
9190,P1,BASE,200.00,192.48,234,F,27681,34.4748
9200,P1,BASE,200.00,192.48,234,F,27758,34.5500
9210,P1,BASE,200.00,210.02,216,F,27842,34.4497
9220,P1,BASE,200.00,197.48,228,F,27921,34.4749
9230,P1,BASE,200.00,180.02,248,F,27993,34.6748
9240,P1,BASE,200.00,189.98,238,F,28069,34.7750
9250,P1,BASE,200.00,197.50,231,F,28148,34.8000
9260,P1,BASE,200.00,197.50,231,F,28227,34.8250
9270,P1,BASE,200.00,197.48,231,F,28306,34.8502
9280,P1,BASE,200.00,197.56,231,F,28385,34.8746
9290,P1,BASE,200.00,194.96,234,F,28463,34.9249
9300,P1,BASE,200.00,194.98,234,F,28541,34.9751
9310,P1,BASE,200.00,200.04,229,F,28621,34.9747
9320,P1,BASE,200.00,202.50,226,F,28702,34.9497
9330,P1,BASE,200.00,197.50,232,F,28781,34.9747
9340,P1,BASE,200.00,192.44,237,F,28858,35.0503
9350,P1,BASE,200.00,192.58,238,F,28935,35.1245
9360,P1,BASE,200.00,192.50,238,F,29012,35.1995
9370,P1,BASE,200.00,195.00,236,F,29090,35.2495
9380,P1,BASE,200.00,194.94,236,F,29168,35.3001
9390,P1,BASE,200.00,197.56,234,F,29247,35.3245
9400,P1,BASE,200.00,197.44,234,F,29326,35.3501
9410,P1,BASE,200.00,192.54,240,F,29403,35.4247
9420,P1,BASE,200.00,189.96,243,F,29479,35.5251
9430,P1,BASE,200.00,197.54,235,F,29558,35.5497
9440,P1,BASE,200.00,199.96,233,F,29638,35.5501
9450,P1,BASE,200.00,200.04,233,F,29718,35.5497
9460,P1,BASE,200.00,202.52,230,F,29799,35.5245
9470,P1,BASE,200.00,209.94,222,F,29883,35.4252
9480,P1,BASE,200.00,202.50,229,F,29964,35.4002
9490,P1,BASE,200.00,197.50,235,F,30043,35.4252
9500,P1,BASE,200.00,200.04,232,F,30123,35.4248
9510,P1,BASE,200.00,205.02,227,F,30205,35.3746
9520,P1,BASE,200.00,212.46,218,F,30290,35.2500
9530,P1,BASE,200.00,190.00,242,F,30366,35.3500
9540,P1,BASE,200.00,187.41,245,F,30441,35.4759
9550,P1,BASE,200.00,200.06,232,F,30521,35.4753
9560,P1,BASE,200.00,202.56,230,F,30602,35.4497
9570,P1,BASE,200.00,202.46,230,F,30683,35.4251
9580,P1,BASE,200.00,202.48,229,F,30764,35.4003
9590,P1,BASE,200.00,195.04,237,F,30842,35.4499
9600,P1,BASE,200.00,200.02,232,F,30922,35.4497
9610,P1,BASE,200.00,199.98,232,F,31002,35.4499
9620,P1,BASE,200.00,205.04,227,F,31084,35.3995
9630,P1,BASE,200.00,202.44,229,F,31165,35.3751
9640,P1,BASE,200.00,194.98,237,F,31243,35.4253
9650,P1,BASE,200.00,195.00,238,F,31321,35.4753
9660,P1,BASE,200.00,195.04,238,F,31399,35.5249
9670,P1,BASE,200.00,194.98,238,F,31477,35.5751
9680,P1,BASE,200.00,195.02,239,F,31555,35.6249
9690,P1,BASE,200.00,200.04,233,F,31635,35.6245
9700,P1,BASE,200.00,200.00,233,F,31715,35.6245
9710,P1,BASE,200.00,194.94,239,F,31793,35.6751
9720,P1,BASE,200.00,192.56,242,F,31870,35.7495
9730,P1,BASE,200.00,197.48,237,F,31949,35.7747
9740,P1,BASE,200.00,200.02,234,F,32029,35.7745
9750,P1,BASE,200.00,202.50,232,F,32110,35.7495
9760,P1,BASE,200.00,204.94,229,F,32192,35.7001
9770,P1,BASE,200.00,210.04,223,F,32276,35.5997
9780,P1,BASE,200.00,205.02,228,F,32358,35.5495
9790,P1,BASE,200.00,197.44,236,F,32437,35.5751
9800,P1,BASE,200.00,200.00,233,F,32517,35.5751
9810,P1,BASE,200.00,204.98,228,F,32599,35.5253
9820,P1,BASE,200.00,215.02,217,F,32685,35.3751
9830,P1,BASE,200.00,192.54,240,F,32762,35.4497
9840,P1,BASE,200.00,185.02,249,F,32836,35.5995
9850,P1,BASE,200.00,202.48,231,F,32917,35.5747
9860,P1,BASE,200.00,202.48,230,F,32998,35.5499
9870,P1,BASE,200.00,202.46,230,F,33079,35.5253
9880,P1,BASE,200.00,202.54,230,F,33160,35.4999
9890,P1,BASE,200.00,197.50,235,F,33239,35.5249
9900,P1,BASE,200.00,197.50,236,F,33318,35.5499
9910,P1,BASE,200.00,202.50,230,F,33399,35.5249
9920,P1,BASE,200.00,204.96,227,F,33481,35.4753
9930,P1,BASE,200.00,202.58,230,F,33562,35.4495
9940,P1,BASE,200.00,192.50,240,F,33639,35.5245
9950,P1,BASE,200.00,197.50,236,F,33718,35.5495
9960,P1,BASE,200.00,195.00,238,F,33796,35.5995
9970,P1,BASE,200.00,197.46,236,F,33875,35.6249
9980,P1,BASE,200.00,195.04,239,F,33953,35.6745
9990,P1,BASE,200.00,199.96,234,F,34033,35.6749
10000,P1,BASE,200.00,200.00,234,F,34113,35.6749
10010,P1,BASE,200.00,195.04,239,F,34191,35.7245
10020,P1,BASE,200.00,194.98,240,F,34269,35.7747
10030,P1,BASE,200.00,194.98,240,F,34347,35.8249
10040,P1,BASE,200.00,199.98,235,F,34427,35.8251
10050,P1,BASE,200.00,205.00,229,F,34509,35.7751
10060,P1,BASE,200.00,205.04,229,F,34591,35.7247
10070,P1,BASE,200.00,209.94,223,F,34675,35.6254
10080,P1,BASE,200.00,205.08,228,F,34757,35.5745
10090,P1,BASE,200.00,199.94,233,F,34837,35.5751
10100,P1,BASE,200.00,197.52,236,F,34916,35.5999
10110,P1,BASE,200.00,207.48,225,F,34999,35.5251
10120,P1,BASE,200.00,214.98,217,F,35085,35.3754
10130,P1,BASE,200.00,192.52,240,F,35162,35.4502
10140,P1,BASE,200.00,187.56,246,F,35237,35.5746
10150,P1,BASE,200.00,199.98,233,F,35317,35.5748
10160,P1,BASE,200.00,202.52,230,F,35398,35.5496
10170,P1,BASE,200.00,202.44,230,F,35479,35.5252
10180,P1,BASE,200.00,200.04,233,F,35559,35.5248
10190,P1,BASE,200.00,197.52,236,F,35638,35.5496
10200,P1,BASE,200.00,199.96,233,F,35718,35.5500
10210,P1,BASE,200.00,202.54,230,F,35799,35.5246
10220,P1,BASE,200.00,204.94,227,F,35881,35.4752
10230,P1,BASE,200.00,202.52,230,F,35962,35.4500
10240,P1,BASE,200.00,194.98,238,F,36040,35.5002
10250,P1,BASE,200.00,195.06,238,F,36118,35.5496
10260,P1,BASE,200.00,197.50,236,F,36197,35.5746
10270,P1,BASE,200.00,195.00,239,F,36275,35.6246
10280,P1,BASE,200.00,195.00,239,F,36353,35.6746
10290,P1,BASE,200.00,200.00,234,F,36433,35.6746
10300,P1,BASE,200.00,199.96,234,F,36513,35.6750
10310,P1,BASE,200.00,197.54,236,F,36592,35.6996
10320,P1,BASE,200.00,192.48,242,F,36669,35.7748
10330,P1,BASE,200.00,195.00,240,F,36747,35.8248
10340,P1,BASE,200.00,199.98,235,F,36827,35.8250
10350,P1,BASE,200.00,202.46,232,F,36908,35.8004
10360,P1,BASE,200.00,205.00,229,F,36990,35.7504
10370,P1,BASE,200.00,210.04,223,F,37074,35.6500
10380,P1,BASE,200.00,205.04,228,F,37156,35.5996
10390,P1,BASE,200.00,199.94,233,F,37236,35.6002
10400,P1,BASE,200.00,197.50,236,F,37315,35.6252
10410,P1,BASE,200.00,205.00,228,F,37397,35.5752
10420,P1,BASE,200.00,217.52,214,F,37484,35.4000
10430,P1,BASE,200.00,192.54,240,F,37561,35.4746
10440,P1,BASE,200.00,182.45,252,F,37634,35.6501
10450,P1,BASE,200.00,202.56,231,F,37715,35.6245
10460,P1,BASE,200.00,202.44,231,F,37796,35.6001
10470,P1,BASE,200.00,202.54,231,F,37877,35.5747
10480,P1,BASE,200.00,202.44,231,F,37958,35.5504
10490,P1,BASE,200.00,197.54,236,F,38037,35.5750
10500,P1,BASE,200.00,197.50,236,F,38116,35.6000
10510,P1,BASE,200.00,202.48,231,F,38197,35.5752
10520,P1,BASE,200.00,204.98,228,F,38279,35.5254
10530,P1,BASE,200.00,202.58,230,F,38360,35.4996
10540,P1,BASE,200.00,194.98,238,F,38438,35.5497
10550,P1,BASE,200.00,194.96,238,F,38516,35.6001
10560,P1,BASE,200.00,197.56,236,F,38595,35.6245
10570,P1,BASE,200.00,194.96,239,F,38673,35.6749
10580,P1,BASE,200.00,194.98,239,F,38751,35.7251
10590,P1,BASE,200.00,202.56,231,F,38832,35.6995
10600,P1,BASE,200.00,199.94,234,F,38912,35.7001
10610,P1,BASE,200.00,195.00,239,F,38990,35.7501
10620,P1,BASE,200.00,192.50,242,F,39067,35.8251
10630,P1,BASE,200.00,197.56,237,F,39146,35.8495
10640,P1,BASE,200.00,199.98,235,F,39226,35.8497
10650,P1,BASE,200.00,202.46,232,F,39307,35.8251
10660,P1,BASE,200.00,205.00,229,F,39389,35.7751
10670,P1,BASE,200.00,210.06,224,F,39473,35.6745
10680,P1,BASE,200.00,202.50,231,F,39554,35.6495
10690,P1,BASE,200.00,199.92,234,F,39634,35.6503
10700,P1,BASE,200.00,200.08,234,F,39714,35.6495
10710,P1,BASE,200.00,207.44,226,F,39797,35.5751
10720,P1,BASE,200.00,215.06,217,F,39883,35.4245
10730,P1,BASE,200.00,192.42,240,F,39960,35.5002
10740,P1,BASE,200.00,185.06,249,F,40034,35.6497
10750,P1,BASE,200.00,202.52,231,F,40115,35.6245
10760,P1,BASE,200.00,202.44,231,F,40196,35.6001
10770,P1,BASE,200.00,202.52,231,F,40277,35.5749
10780,P1,BASE,200.00,202.52,230,F,40358,35.5497
10790,P1,BASE,200.00,197.50,236,F,40437,35.5747
10800,P1,BASE,200.00,200.02,233,F,40517,35.5745
10810,P1,BASE,200.00,202.34,231,F,40598,35.5511
10820,P1,BASE,200.00,205.14,227,F,40680,35.4997
10830,P1,BASE,200.00,200.02,233,F,40760,35.4995
10840,P1,BASE,200.00,197.48,235,F,40839,35.5247
10850,P1,BASE,200.00,195.00,238,F,40917,35.5747
10860,P1,BASE,200.00,197.40,236,F,40996,35.6007
10870,P1,BASE,200.00,195.06,239,F,41074,35.6501
10880,P1,BASE,200.00,194.98,239,F,41152,35.7003
10890,P1,BASE,200.00,200.00,234,F,41232,35.7003
10900,P1,BASE,200.00,200.08,234,F,41312,35.6995
10910,P1,BASE,200.00,197.42,237,F,41391,35.7253
10920,P1,BASE,200.00,192.52,242,F,41468,35.8001
10930,P1,BASE,200.00,197.52,237,F,41547,35.8249
10940,P1,BASE,200.00,200.02,235,F,41627,35.8247
10950,P1,BASE,200.00,202.46,232,F,41708,35.8001
10960,P1,BASE,200.00,205.04,229,F,41790,35.7497
10970,P1,BASE,200.00,210.00,223,F,41874,35.6497
10980,P1,BASE,200.00,204.94,228,F,41956,35.6003
10990,P1,BASE,200.00,197.56,236,F,42035,35.6247
11000,P1,BASE,200.00,200.00,233,F,42115,35.6247
11010,P1,BASE,200.00,207.52,225,F,42198,35.5495
11020,P1,BASE,200.00,214.98,217,F,42284,35.3997
11030,P1,BASE,200.00,189.98,243,F,42360,35.4999
11040,P1,BASE,200.00,184.98,249,F,42434,35.6501
11050,P1,BASE,200.00,202.50,231,F,42515,35.6251
11060,P1,BASE,200.00,205.02,228,F,42597,35.5749
11070,P1,BASE,200.00,202.48,230,F,42678,35.5501
11080,P1,BASE,200.00,200.04,233,F,42758,35.5497
11090,P1,BASE,200.00,197.46,236,F,42837,35.5751
11100,P1,BASE,200.00,200.06,233,F,42917,35.5745
11110,P1,BASE,200.00,199.98,233,F,42997,35.5746
11120,P1,BASE,200.00,205.00,228,F,43079,35.5247
11130,P1,BASE,200.00,202.46,230,F,43160,35.5001
11140,P1,BASE,200.00,197.54,235,F,43239,35.5247
11150,P1,BASE,200.00,194.98,238,F,43317,35.5749
11160,P1,BASE,200.00,197.48,236,F,43396,35.6001
11170,P1,BASE,200.00,195.04,239,F,43474,35.6497
11180,P1,BASE,200.00,194.98,239,F,43552,35.6999
11190,P1,BASE,200.00,200.02,234,F,43632,35.6997
11200,P1,BASE,200.00,202.48,231,F,43713,35.6749
11210,P1,BASE,200.00,194.98,239,F,43791,35.7251
11220,P1,BASE,200.00,192.52,242,F,43868,35.7999
11230,P1,BASE,200.00,197.50,237,F,43947,35.8249
11240,P1,BASE,200.00,199.98,235,F,44027,35.8251
11250,P1,BASE,200.00,202.54,232,F,44108,35.7997
11260,P1,BASE,200.00,204.96,229,F,44190,35.7501
11270,P1,BASE,200.00,209.98,223,F,44274,35.6503
11280,P1,BASE,200.00,207.52,225,F,44357,35.5751
11290,P1,BASE,200.00,197.56,236,F,44436,35.5995
11300,P1,BASE,200.00,199.92,233,F,44516,35.6003
11310,P1,BASE,200.00,205.04,228,F,44598,35.5499
11320,P1,BASE,200.00,215.04,217,F,44684,35.3994
11330,P1,BASE,200.00,190.00,243,F,44760,35.4994
11340,P1,BASE,200.00,187.48,246,F,44835,35.6246
11350,P1,BASE,200.00,202.50,231,F,44916,35.5996
11360,P1,BASE,200.00,204.98,228,F,44998,35.5498
11370,P1,BASE,200.00,200.04,233,F,45078,35.5494
11380,P1,BASE,200.00,202.50,230,F,45159,35.5244
11390,P1,BASE,200.00,197.48,236,F,45238,35.5496
11400,P1,BASE,200.00,199.98,233,F,45318,35.5498
11410,P1,BASE,200.00,202.50,230,F,45399,35.5248
11420,P1,BASE,200.00,204.98,227,F,45481,35.4750
11430,P1,BASE,200.00,200.00,232,F,45561,35.4750
11440,P1,BASE,200.00,195.00,238,F,45639,35.5250
11450,P1,BASE,200.00,197.54,235,F,45718,35.5496
11460,P1,BASE,200.00,194.94,238,F,45796,35.6002
11470,P1,BASE,200.00,195.04,239,F,45874,35.6498
11480,P1,BASE,200.00,194.98,239,F,45952,35.7000
11490,P1,BASE,200.00,202.48,231,F,46033,35.6752
11500,P1,BASE,200.00,199.98,234,F,46113,35.6754
11510,P1,BASE,200.00,195.10,239,F,46191,35.7244
11520,P1,BASE,200.00,192.44,242,F,46268,35.8000
11530,P1,BASE,200.00,197.50,237,F,46347,35.8250
11540,P1,BASE,200.00,200.06,235,F,46427,35.8244
11550,P1,BASE,200.00,202.44,232,F,46508,35.8000
11560,P1,BASE,200.00,205.00,229,F,46590,35.7500
11570,P1,BASE,200.00,210.06,223,F,46674,35.6494
11580,P1,BASE,200.00,205.00,228,F,46756,35.5994
11590,P1,BASE,200.00,197.50,236,F,46835,35.6244
11600,P1,BASE,200.00,199.94,234,F,46915,35.6250
11610,P1,BASE,200.00,205.04,228,F,46997,35.5746
11620,P1,BASE,200.00,217.52,214,F,47084,35.3994
11630,P1,BASE,200.00,189.96,243,F,47160,35.4997
11640,P1,BASE,200.00,187.52,246,F,47235,35.6246
11650,P1,BASE,200.00,204.94,228,F,47317,35.5752
11660,P1,BASE,200.00,200.08,233,F,47397,35.5744
11670,P1,BASE,200.00,202.44,230,F,47478,35.5500
11680,P1,BASE,200.00,202.52,230,F,47559,35.5248
11690,P1,BASE,200.00,197.48,236,F,47638,35.5500
11700,P1,BASE,200.00,200.06,233,F,47718,35.5494
11710,P1,BASE,200.00,199.98,233,F,47798,35.5496
11720,P1,BASE,200.00,204.98,228,F,47880,35.4998
11730,P1,BASE,200.00,202.48,230,F,47961,35.4750
11740,P1,BASE,200.00,195.04,238,F,48039,35.5246
11750,P1,BASE,200.00,197.36,236,F,48118,35.5510
11760,P1,BASE,200.00,195.08,238,F,48196,35.6002
11770,P1,BASE,200.00,195.00,239,F,48274,35.6502
11780,P1,BASE,200.00,195.02,239,F,48352,35.7000
11790,P1,BASE,200.00,202.56,231,F,48433,35.6744
11800,P1,BASE,200.00,197.46,237,F,48512,35.6998
11810,P1,BASE,200.00,197.54,237,F,48591,35.7244
11820,P1,BASE,200.00,192.50,242,F,48668,35.7994
11830,P1,BASE,200.00,197.46,237,F,48747,35.8248
11840,P1,BASE,200.00,200.00,235,F,48827,35.8248
11850,P1,BASE,200.00,202.50,232,F,48908,35.7998
11860,P1,BASE,200.00,205.04,229,F,48990,35.7494
11870,P1,BASE,200.00,209.83,224,F,49074,35.6511
11880,P1,BASE,200.00,202.64,231,F,49155,35.6246
11890,P1,BASE,200.00,199.94,234,F,49235,35.6252
11900,P1,BASE,200.00,200.08,233,F,49315,35.6244
11910,P1,BASE,200.00,207.50,225,F,49398,35.5494
11920,P1,BASE,200.00,214.91,217,F,49484,35.4003
11930,P1,BASE,200.00,190.02,243,F,49560,35.5001
11940,P1,BASE,200.00,185.04,249,F,49634,35.6497
11950,P1,BASE,200.00,202.52,231,F,49715,35.6245
11960,P1,BASE,200.00,202.48,231,F,49796,35.5997
11970,P1,BASE,200.00,202.44,231,F,49877,35.5753
11980,P1,BASE,200.00,202.52,230,F,49958,35.5501
11990,P1,BASE,200.00,197.50,236,F,50037,35.5751
12000,P1,BASE,200.00,199.98,233,F,50117,35.5753
12010,P1,BASE,150.00,202.54,203,F,50198,35.0499
12020,P1,BASE,150.00,205.04,173,F,50280,34.4995
12030,P1,BASE,150.00,197.48,175,F,50359,34.0247
12040,P1,BASE,150.00,187.52,182,F,50434,33.6495
12050,P1,BASE,150.00,187.44,180,F,50509,33.2751
12060,P1,BASE,150.00,185.06,180,F,50583,32.9245
12070,P1,BASE,150.00,177.48,186,F,50654,32.6497
12080,P1,BASE,150.00,177.46,184,F,50725,32.3751
12090,P1,BASE,150.00,172.55,188,F,50794,32.1496
12100,P1,BASE,150.00,177.43,181,F,50865,31.8753
12110,P1,BASE,150.00,170.02,187,F,50933,31.6751
12120,P1,BASE,150.00,165.00,191,F,50999,31.5251
12130,P1,BASE,150.00,162.53,193,F,51064,31.3998
12140,P1,BASE,150.00,162.52,192,F,51129,31.2746
12150,P1,BASE,150.00,162.47,191,F,51194,31.1499
12160,P1,BASE,150.00,159.98,193,F,51258,31.0501
12170,P1,BASE,150.00,160.05,193,F,51322,30.9496
12180,P1,BASE,150.00,159.97,192,F,51386,30.8499
12190,P1,BASE,150.00,165.02,186,F,51452,30.6998
12200,P1,BASE,150.00,157.47,193,F,51515,30.6251
12210,P1,BASE,150.00,155.05,195,F,51577,30.5746
12220,P1,BASE,150.00,152.48,198,F,51638,30.5498
12230,P1,BASE,150.00,149.99,200,F,51698,30.5499
12240,P1,BASE,150.00,150.00,200,F,51758,30.5499
12250,P1,BASE,150.00,157.53,192,F,51821,30.4746
12260,P1,BASE,150.00,157.47,192,F,51884,30.3999
12270,P1,BASE,150.00,142.49,207,F,51941,30.4751
12280,P1,BASE,150.00,132.53,219,F,51994,30.6498
12290,P1,BASE,150.00,145.00,206,F,52052,30.6998
12300,P1,BASE,150.00,152.47,198,F,52113,30.6751
12310,P1,BASE,150.00,147.51,204,F,52172,30.7000
12320,P1,BASE,150.00,147.53,204,F,52231,30.7247
12330,P1,BASE,150.00,150.00,201,F,52291,30.7247
12340,P1,BASE,150.00,144.94,207,F,52349,30.7752
12350,P1,BASE,150.00,145.03,207,F,52407,30.8249
12360,P1,BASE,150.00,147.51,205,F,52466,30.8498
12370,P1,BASE,150.00,142.51,210,F,52523,30.9247
12380,P1,BASE,150.00,150.00,203,F,52583,30.9247
12390,P1,BASE,150.00,147.46,205,F,52642,30.9501
12400,P1,BASE,150.00,147.53,205,F,52701,30.9748
12410,P1,BASE,150.00,147.47,206,F,52760,31.0001
12420,P1,BASE,150.00,142.50,211,F,52817,31.0751
12430,P1,BASE,150.00,142.50,212,F,52874,31.1501
12440,P1,BASE,150.00,145.01,209,F,52932,31.2000
12450,P1,BASE,150.00,145.00,210,F,52990,31.2500
12460,P1,BASE,150.00,142.47,213,F,53047,31.3252
12470,P1,BASE,150.00,145.01,211,F,53105,31.3751
12480,P1,BASE,150.00,147.50,208,F,53164,31.4001
12490,P1,BASE,150.00,147.53,208,F,53223,31.4248
12500,P1,BASE,150.00,150.00,206,F,53283,31.4248
12510,P1,BASE,150.00,145.01,211,F,53341,31.4746
12520,P1,BASE,150.00,144.97,212,F,53399,31.5249
12530,P1,BASE,150.00,142.49,215,F,53456,31.6001
12540,P1,BASE,150.00,145.00,212,F,53514,31.6501
12550,P1,BASE,150.00,150.01,207,F,53574,31.6499
12560,P1,BASE,150.00,147.53,210,F,53633,31.6746
12570,P1,BASE,150.00,149.96,208,F,53693,31.6751
12580,P1,BASE,150.00,152.50,205,F,53754,31.6501
12590,P1,BASE,150.00,152.50,205,F,53815,31.6251
12600,P1,BASE,150.00,155.02,202,F,53877,31.5749
12610,P1,BASE,150.00,152.52,204,F,53938,31.5498
12620,P1,BASE,150.00,150.01,207,F,53998,31.5496
12630,P1,BASE,150.00,147.46,209,F,54057,31.5751
12640,P1,BASE,150.00,145.03,212,F,54115,31.6248
12650,P1,BASE,150.00,152.47,205,F,54176,31.6001
12660,P1,BASE,150.00,167.52,188,F,54243,31.4249
12670,P1,BASE,150.00,147.53,209,F,54302,31.4496
12680,P1,BASE,150.00,142.49,214,F,54359,31.5248
12690,P1,BASE,150.00,135.00,223,F,54413,31.6748
12700,P1,BASE,150.00,155.00,202,F,54475,31.6248
12710,P1,BASE,150.00,152.48,205,F,54536,31.5999
12720,P1,BASE,150.00,152.53,204,F,54597,31.5746
12730,P1,BASE,150.00,152.47,204,F,54658,31.5499
12740,P1,BASE,150.00,150.00,207,F,54718,31.5499
12750,P1,BASE,150.00,150.01,207,F,54778,31.5498
12760,P1,BASE,150.00,147.51,209,F,54837,31.5746
12770,P1,BASE,150.00,149.99,207,F,54897,31.5748
12780,P1,BASE,150.00,149.97,207,F,54957,31.5751
12790,P1,BASE,150.00,150.05,207,F,55017,31.5746
12800,P1,BASE,150.00,154.94,202,F,55079,31.5252
12810,P1,BASE,150.00,147.53,209,F,55138,31.5499
12820,P1,BASE,150.00,149.99,207,F,55198,31.5501
12830,P1,BASE,150.00,145.01,212,F,55256,31.5999
12840,P1,BASE,150.00,145.03,212,F,55314,31.6497
12850,P1,BASE,150.00,147.44,210,F,55373,31.6752
12860,P1,BASE,150.00,145.06,213,F,55431,31.7247
12870,P1,BASE,150.00,147.49,211,F,55490,31.7498
12880,P1,BASE,150.00,147.50,211,F,55549,31.7748
12890,P1,BASE,150.00,150.01,208,F,55609,31.7747
12900,P1,BASE,150.00,152.47,206,F,55670,31.7500
12910,P1,BASE,150.00,147.50,211,F,55729,31.7750
12920,P1,BASE,150.00,147.50,211,F,55788,31.8000
12930,P1,BASE,150.00,144.99,214,F,55846,31.8501
12940,P1,BASE,150.00,145.00,214,F,55904,31.9001
12950,P1,BASE,150.00,150.05,209,F,55964,31.8997
12960,P1,BASE,150.00,149.91,209,F,56024,31.9006
12970,P1,BASE,150.00,150.09,209,F,56084,31.8997
12980,P1,BASE,150.00,154.95,204,F,56146,31.8501
12990,P1,BASE,150.00,152.50,206,F,56207,31.8251
13000,P1,BASE,150.00,157.50,200,F,56270,31.7501
13010,P1,BASE,150.00,152.48,205,F,56331,31.7253
13020,P1,BASE,150.00,150.05,208,F,56391,31.7248
13030,P1,BASE,150.00,147.50,211,F,56450,31.7498
13040,P1,BASE,150.00,150.00,208,F,56510,31.7498
13050,P1,BASE,150.00,150.01,208,F,56570,31.7497
13060,P1,BASE,150.00,164.95,192,F,56636,31.6002
13070,P1,BASE,150.00,154.92,202,F,56698,31.5509
13080,P1,BASE,150.00,140.08,217,F,56754,31.6501
13090,P1,BASE,150.00,137.53,221,F,56809,31.7748
13100,P1,BASE,150.00,152.50,205,F,56870,31.7498
13110,P1,BASE,150.00,152.45,205,F,56931,31.7253
13120,P1,BASE,150.00,152.52,205,F,56992,31.7001
13130,P1,BASE,150.00,152.50,205,F,57053,31.6751
13140,P1,BASE,150.00,152.48,205,F,57114,31.6503
13150,P1,BASE,150.00,150.01,207,F,57174,31.6501
13160,P1,BASE,150.00,147.47,210,F,57233,31.6754
13170,P1,BASE,150.00,147.54,210,F,57292,31.7000
13180,P1,BASE,150.00,149.99,208,F,57352,31.7001
13190,P1,BASE,150.00,152.50,205,F,57413,31.6751
13200,P1,BASE,150.00,152.50,205,F,57474,31.6501
13210,P1,BASE,150.00,150.03,207,F,57534,31.6498
13220,P1,BASE,150.00,149.96,207,F,57594,31.6503
13230,P1,BASE,150.00,145.01,213,F,57652,31.7001
13240,P1,BASE,150.00,144.97,213,F,57710,31.7504
13250,P1,BASE,150.00,147.54,211,F,57769,31.7750
13260,P1,BASE,150.00,147.47,211,F,57828,31.8003
13270,P1,BASE,150.00,147.53,211,F,57887,31.8250
13280,P1,BASE,150.00,147.50,211,F,57946,31.8500
13290,P1,BASE,150.00,147.47,211,F,58005,31.8753
13300,P1,BASE,150.00,152.55,206,F,58066,31.8498
13310,P1,BASE,150.00,149.96,209,F,58126,31.8503
13320,P1,BASE,150.00,145.00,214,F,58184,31.9003
13330,P1,BASE,150.00,145.03,214,F,58242,31.9500
13340,P1,BASE,150.00,147.47,212,F,58301,31.9753
13350,P1,BASE,150.00,150.03,209,F,58361,31.9750
13360,P1,BASE,150.00,147.47,212,F,58420,32.0003
13370,P1,BASE,150.00,152.50,207,F,58481,31.9753
13380,P1,BASE,150.00,152.52,207,F,58542,31.9501
13390,P1,BASE,150.00,154.98,204,F,58604,31.9003
13400,P1,BASE,150.00,157.48,201,F,58667,31.8254
13410,P1,BASE,150.00,152.56,206,F,58728,31.7998
13420,P1,BASE,150.00,149.97,208,F,58788,31.8001
13430,P1,BASE,150.00,147.53,211,F,58847,31.8248
13440,P1,BASE,150.00,149.99,209,F,58907,31.8250
13450,P1,BASE,150.00,152.38,206,F,58968,31.8012
13460,P1,BASE,150.00,162.65,195,F,59033,31.6747
13470,P1,BASE,150.00,155.00,202,F,59095,31.6247
13480,P1,BASE,150.00,142.49,215,F,59152,31.6999
13490,P1,BASE,150.00,137.49,221,F,59207,31.8250
13500,P1,BASE,150.00,150.01,209,F,59267,31.8249
13510,P1,BASE,150.00,152.47,206,F,59328,31.8002
13520,P1,BASE,150.00,155.00,203,F,59390,31.7502
13530,P1,BASE,150.00,149.99,208,F,59450,31.7503
13540,P1,BASE,150.00,152.53,205,F,59511,31.7250
13550,P1,BASE,150.00,152.50,205,F,59572,31.7000
13560,P1,BASE,150.00,147.51,210,F,59631,31.7249
13570,P1,BASE,150.00,149.96,208,F,59691,31.7253
13580,P1,BASE,150.00,150.03,208,F,59751,31.7250
13590,P1,BASE,150.00,152.52,205,F,59812,31.6999
13600,P1,BASE,150.00,155.00,202,F,59874,31.6499
13610,P1,BASE,150.00,147.50,210,F,59933,31.6749
13620,P1,BASE,150.00,149.97,208,F,59993,31.6752
13630,P1,BASE,150.00,147.54,210,F,60052,31.6997
13640,P1,BASE,150.00,147.41,210,F,60111,31.7256
13650,P1,BASE,150.00,147.59,210,F,60170,31.7497
13660,P1,BASE,150.00,144.96,213,F,60228,31.8002
13670,P1,BASE,150.00,149.97,208,F,60288,31.8005
13680,P1,BASE,150.00,145.04,214,F,60346,31.8500
13690,P1,BASE,150.00,149.99,209,F,60406,31.8502
13700,P1,BASE,150.00,155.00,203,F,60468,31.8002
13710,P1,BASE,150.00,147.50,211,F,60527,31.8252
13720,P1,BASE,150.00,147.53,211,F,60586,31.8499
13730,P1,BASE,150.00,144.99,214,F,60644,31.9000
13740,P1,BASE,150.00,147.40,212,F,60703,31.9261
13750,P1,BASE,150.00,150.12,209,F,60763,31.9249
13760,P1,BASE,150.00,149.97,209,F,60823,31.9252
13770,P1,BASE,150.00,150.01,209,F,60883,31.9250
13780,P1,BASE,150.00,155.00,204,F,60945,31.8750
13790,P1,BASE,150.00,152.52,206,F,61006,31.8499
13800,P1,BASE,150.00,157.47,201,F,61069,31.7752
13810,P1,BASE,150.00,152.50,205,F,61130,31.7502
13820,P1,BASE,150.00,150.05,208,F,61190,31.7497
13830,P1,BASE,150.00,147.47,211,F,61249,31.7750
13840,P1,BASE,150.00,150.00,208,F,61309,31.7750
13850,P1,BASE,150.00,150.01,208,F,61369,31.7749
13860,P1,BASE,150.00,162.47,195,F,61434,31.6502
13870,P1,BASE,150.00,155.05,202,F,61496,31.5997
13880,P1,BASE,150.00,139.97,218,F,61552,31.7000
13890,P1,BASE,150.00,135.00,224,F,61606,31.8500
13900,P1,BASE,150.00,155.02,203,F,61668,31.7998
13910,P1,BASE,150.00,152.50,206,F,61729,31.7748
13920,P1,BASE,150.00,154.95,203,F,61791,31.7253
13930,P1,BASE,150.00,150.00,208,F,61851,31.7253
13940,P1,BASE,150.00,152.52,205,F,61912,31.7002
13950,P1,BASE,150.00,150.01,208,F,61972,31.7000
13960,P1,BASE,150.00,147.47,210,F,62031,31.7253
13970,P1,BASE,150.00,150.03,208,F,62091,31.7250
13980,P1,BASE,150.00,150.00,208,F,62151,31.7250
13990,P1,BASE,150.00,150.03,208,F,62211,31.7247
14000,P1,BASE,150.00,154.95,202,F,62273,31.6752
14010,P1,BASE,150.00,150.03,208,F,62333,31.6749
14020,P1,BASE,150.00,147.50,210,F,62392,31.6999
14030,P1,BASE,150.00,147.47,210,F,62451,31.7252
14040,P1,BASE,150.00,145.00,213,F,62509,31.7752
14050,P1,BASE,150.00,150.03,208,F,62569,31.7749
14060,P1,BASE,150.00,144.97,214,F,62627,31.8252
14070,P1,BASE,150.00,147.50,211,F,62686,31.8502
14080,P1,BASE,150.00,147.44,211,F,62745,31.8757
14090,P1,BASE,150.00,147.60,211,F,62804,31.8997
14100,P1,BASE,150.00,154.95,204,F,62866,31.8502
14110,P1,BASE,150.00,147.50,211,F,62925,31.8752
14120,P1,BASE,150.00,147.54,212,F,62984,31.8997
14130,P1,BASE,150.00,144.97,214,F,63042,31.9500
14140,P1,BASE,150.00,145.03,215,F,63100,31.9997
14150,P1,BASE,150.00,149.99,210,F,63160,31.9999
14160,P1,BASE,150.00,150.00,210,F,63220,31.9999
14170,P1,BASE,150.00,152.50,207,F,63281,31.9749
14180,P1,BASE,150.00,152.50,207,F,63342,31.9499
14190,P1,BASE,150.00,154.97,204,F,63404,31.9002
14200,P1,BASE,150.00,157.52,201,F,63467,31.8250
14210,P1,BASE,150.00,150.01,209,F,63527,31.8249
14220,P1,BASE,150.00,152.47,206,F,63588,31.8002
14230,P1,BASE,150.00,147.53,211,F,63647,31.8249
14240,P1,BASE,150.00,150.00,209,F,63707,31.8249
14250,P1,BASE,150.00,150.01,208,F,63767,31.8247
14260,P1,BASE,150.00,167.47,190,F,63834,31.6501
14270,P1,BASE,150.00,152.50,205,F,63895,31.6251
14280,P1,BASE,150.00,142.50,215,F,63952,31.7001
14290,P1,BASE,150.00,134.97,224,F,64006,31.8503
14300,P1,BASE,150.00,155.03,203,F,64068,31.8000
14310,P1,BASE,150.00,152.52,206,F,64129,31.7749
14320,P1,BASE,150.00,154.97,203,F,64191,31.7252
14330,P1,BASE,150.00,152.55,205,F,64252,31.6997
14340,P1,BASE,150.00,150.00,208,F,64312,31.6997
14350,P1,BASE,150.00,152.45,205,F,64373,31.6752
14360,P1,BASE,150.00,147.50,210,F,64432,31.7002
14370,P1,BASE,150.00,147.51,210,F,64491,31.7250
14380,P1,BASE,150.00,150.03,208,F,64551,31.7248
14390,P1,BASE,150.00,152.48,205,F,64612,31.6999
14400,P1,BASE,150.00,154.89,202,F,64674,31.6510
14410,P1,BASE,150.00,147.60,210,F,64733,31.6750
14420,P1,BASE,150.00,149.97,208,F,64793,31.6753
14430,P1,BASE,150.00,147.47,210,F,64852,31.7006
14440,P1,BASE,150.00,145.06,213,F,64910,31.7500
14450,P1,BASE,150.00,147.49,211,F,64969,31.7751
14460,P1,BASE,150.00,144.97,214,F,65027,31.8254
14470,P1,BASE,150.00,147.53,211,F,65086,31.8501
14480,P1,BASE,150.00,147.50,211,F,65145,31.8751
14490,P1,BASE,150.00,150.03,209,F,65205,31.8748
14500,P1,BASE,150.00,152.44,206,F,65266,31.8504
14510,P1,BASE,150.00,150.06,209,F,65326,31.8498
14520,P1,BASE,150.00,147.44,211,F,65385,31.8754
14530,P1,BASE,150.00,145.01,214,F,65443,31.9253
14540,P1,BASE,150.00,145.01,215,F,65501,31.9751
14550,P1,BASE,150.00,150.00,210,F,65561,31.9751
14560,P1,BASE,150.00,149.99,210,F,65621,31.9753
14570,P1,BASE,150.00,152.55,207,F,65682,31.9498
14580,P1,BASE,150.00,152.45,207,F,65743,31.9253
14590,P1,BASE,150.00,155.00,204,F,65805,31.8753
14600,P1,BASE,150.00,154.98,203,F,65867,31.8254
14610,P1,BASE,150.00,152.53,206,F,65928,31.8001
14620,P1,BASE,150.00,152.50,206,F,65989,31.7751
14630,P1,BASE,150.00,147.51,211,F,66048,31.8000
14640,P1,BASE,150.00,149.97,208,F,66108,31.8003
14650,P1,BASE,150.00,150.00,208,F,66168,31.8003
14660,P1,BASE,150.00,165.02,192,F,66234,31.6501
14670,P1,BASE,150.00,155.02,202,F,66296,31.6000
14680,P1,BASE,150.00,139.99,218,F,66352,31.7001
14690,P1,BASE,150.00,137.49,221,F,66407,31.8252
14700,P1,BASE,150.00,152.53,206,F,66468,31.7999
14710,P1,BASE,150.00,154.97,203,F,66530,31.7502
14720,P1,BASE,150.00,152.52,205,F,66591,31.7251
14730,P1,BASE,150.00,152.52,205,F,66652,31.6999
14740,P1,BASE,150.00,149.99,208,F,66712,31.7001
14750,P1,BASE,150.00,149.99,208,F,66772,31.7002
14760,P1,BASE,150.00,147.51,210,F,66831,31.7251
14770,P1,BASE,150.00,150.01,208,F,66891,31.7249
14780,P1,BASE,150.00,149.97,208,F,66951,31.7252
14790,P1,BASE,150.00,152.53,205,F,67012,31.6999
14800,P1,BASE,150.00,152.47,205,F,67073,31.6752
14810,P1,BASE,150.00,150.03,208,F,67133,31.6749
14820,P1,BASE,150.00,149.99,208,F,67193,31.6751
14830,P1,BASE,150.00,145.03,213,F,67251,31.7248
14840,P1,BASE,150.00,147.49,211,F,67310,31.7499
14850,P1,BASE,150.00,147.47,211,F,67369,31.7752
14860,P1,BASE,150.00,145.03,214,F,67427,31.8249
14870,P1,BASE,150.00,150.00,209,F,67487,31.8249
14880,P1,BASE,150.00,147.51,211,F,67546,31.8498
14890,P1,BASE,150.00,147.50,211,F,67605,31.8748
14900,P1,BASE,150.00,154.98,203,F,67667,31.8250
14910,P1,BASE,150.00,147.49,211,F,67726,31.8501
14920,P1,BASE,150.00,147.49,211,F,67785,31.8752
14930,P1,BASE,150.00,145.04,214,F,67843,31.9248
14940,P1,BASE,150.00,144.99,215,F,67901,31.9750
14950,P1,BASE,150.00,149.99,210,F,67961,31.9751
14960,P1,BASE,150.00,150.03,209,F,68021,31.9748
14970,P1,BASE,150.00,152.48,207,F,68082,31.9500
14980,P1,BASE,150.00,152.52,207,F,68143,31.9248
14990,P1,BASE,150.00,154.97,204,F,68205,31.8751
15000,P1,BASE,150.00,155.00,203,F,68267,31.8251
15010,P1,BASE,80.00,152.48,173,F,68328,31.1003
15020,P1,BASE,80.00,152.53,143,F,68389,30.3750
15030,P1,BASE,80.00,144.96,129,F,68447,29.7254
15040,P1,BASE,80.00,142.54,127,F,68504,29.1000
15050,P1,BASE,80.00,142.49,123,F,68561,28.4751
15060,P1,BASE,80.00,150.01,111,F,68621,27.7750
15070,P1,BASE,80.00,144.96,112,F,68679,27.1254
15080,P1,BASE,80.00,130.03,123,F,68731,26.6251
15090,P1,BASE,80.00,120.02,131,F,68779,26.2249
15100,P1,BASE,80.00,117.49,131,F,68826,25.8500
15110,P1,BASE,80.00,127.50,118,F,68877,25.3750
15120,P1,BASE,80.00,122.50,120,F,68926,24.9500
15130,P1,BASE,80.00,122.49,117,F,68975,24.5251
15140,P1,BASE,80.00,119.98,117,F,69023,24.1254
15150,P1,BASE,80.00,115.03,120,F,69069,23.7750
15160,P1,BASE,80.00,112.50,120,F,69114,23.4500
15170,P1,BASE,80.00,110.01,121,F,69158,23.1499
15180,P1,BASE,80.00,107.48,122,F,69201,22.8751
15190,P1,BASE,80.00,105.01,123,F,69243,22.6250
15200,P1,BASE,80.00,102.51,124,F,69284,22.3999
15210,P1,BASE,80.00,102.47,122,F,69325,22.1752
15220,P1,BASE,80.00,100.00,123,F,69365,21.9752
15230,P1,BASE,80.00,97.52,125,F,69404,21.8000
15240,P1,BASE,80.00,97.51,124,F,69443,21.6249
15250,P1,BASE,80.00,94.99,125,F,69481,21.4750
15260,P1,BASE,80.00,90.01,130,F,69517,21.3750
15270,P1,BASE,80.00,92.48,126,F,69554,21.2501
15280,P1,BASE,80.00,85.01,134,F,69588,21.2001
15290,P1,BASE,80.00,87.49,131,F,69623,21.1251
15300,P1,BASE,80.00,82.51,136,F,69656,21.1001
15310,P1,BASE,80.00,82.50,135,F,69689,21.0751
15320,P1,BASE,80.00,79.99,138,F,69721,21.0751
15330,P1,BASE,80.00,82.44,135,F,69754,21.0507
15340,P1,BASE,80.00,80.06,138,F,69786,21.0501
15350,P1,BASE,80.00,75.00,143,F,69816,21.1001
15360,P1,BASE,80.00,77.49,141,F,69847,21.1252
15370,P1,BASE,80.00,77.51,141,F,69878,21.1501
15380,P1,BASE,80.00,77.48,141,F,69909,21.1752
15390,P1,BASE,80.00,72.51,147,F,69938,21.2502
15400,P1,BASE,80.00,77.50,142,F,69969,21.2752
15410,P1,BASE,80.00,75.01,145,F,69999,21.3250
15420,P1,BASE,80.00,77.47,142,F,70030,21.3503
15430,P1,BASE,80.00,75.03,145,F,70060,21.4000
15440,P1,BASE,80.00,74.99,145,F,70090,21.4501
15450,P1,BASE,80.00,72.51,148,F,70119,21.5250
15460,P1,BASE,80.00,74.99,146,F,70149,21.5751
15470,P1,BASE,80.00,70.00,152,F,70177,21.6751
15480,P1,BASE,80.00,72.49,150,F,70206,21.7502
15490,P1,BASE,80.00,69.99,153,F,70234,21.8503
15500,P1,BASE,80.00,70.02,154,F,70262,21.9501
15510,P1,BASE,80.00,70.00,154,F,70290,22.0501
15520,P1,BASE,80.00,72.49,152,F,70319,22.1252
15530,P1,BASE,80.00,72.50,153,F,70348,22.2002
15540,P1,BASE,80.00,72.51,153,F,70377,22.2751
15550,P1,BASE,80.00,69.99,157,F,70405,22.3752
15560,P1,BASE,80.00,75.01,152,F,70435,22.4251
15570,P1,BASE,80.00,69.99,158,F,70463,22.5252
15580,P1,BASE,80.00,72.51,156,F,70492,22.6002
15590,P1,BASE,80.00,69.99,159,F,70520,22.7002
15600,P1,BASE,80.00,75.01,154,F,70550,22.7501
15610,P1,BASE,80.00,72.51,157,F,70579,22.8250
15620,P1,BASE,80.00,72.50,158,F,70608,22.9000
15630,P1,BASE,80.00,74.99,155,F,70638,22.9501
15640,P1,BASE,80.00,72.49,158,F,70667,23.0252
15650,P1,BASE,80.00,72.50,159,F,70696,23.1002
15660,P1,BASE,80.00,72.52,159,F,70725,23.1750
15670,P1,BASE,80.00,72.49,160,F,70754,23.2501
15680,P1,BASE,80.00,72.51,160,F,70783,23.3250
15690,P1,BASE,80.00,72.49,161,F,70812,23.4002
15700,P1,BASE,80.00,69.99,164,F,70840,23.5003
15710,P1,BASE,80.00,75.02,159,F,70870,23.5501
15720,P1,BASE,80.00,72.50,162,F,70899,23.6251
15730,P1,BASE,80.00,72.49,163,F,70928,23.7002
15740,P1,BASE,80.00,75.01,161,F,70958,23.7500
15750,P1,BASE,80.00,77.48,158,F,70989,23.7752
15760,P1,BASE,80.00,85.01,150,F,71023,23.7251
15770,P1,BASE,80.00,79.99,155,F,71055,23.7252
15780,P1,BASE,80.00,75.01,161,F,71085,23.7750
15790,P1,BASE,80.00,74.97,161,F,71115,23.8253
15800,P1,BASE,80.00,75.01,161,F,71145,23.8752
15810,P1,BASE,80.00,70.02,167,F,71173,23.9750
15820,P1,BASE,80.00,67.47,171,F,71200,24.1003
15830,P1,BASE,80.00,80.02,158,F,71232,24.1000
15840,P1,BASE,80.00,74.99,163,F,71262,24.1501
15850,P1,BASE,80.00,82.48,155,F,71295,24.1254
15860,P1,BASE,80.00,75.02,163,F,71325,24.1751
15870,P1,BASE,80.00,82.49,156,F,71358,24.1502
15880,P1,BASE,80.00,77.52,161,F,71389,24.1751
15890,P1,BASE,80.00,77.48,161,F,71420,24.2002
15900,P1,BASE,80.00,80.02,158,F,71452,24.2000
15910,P1,BASE,80.00,79.98,158,F,71484,24.2002
15920,P1,BASE,80.00,77.52,161,F,71515,24.2251
15930,P1,BASE,80.00,79.98,159,F,71547,24.2252
15940,P1,BASE,80.00,77.50,161,F,71578,24.2502
15950,P1,BASE,80.00,80.01,159,F,71610,24.2502
15960,P1,BASE,80.00,77.50,161,F,71641,24.2752
15970,P1,BASE,80.00,77.49,162,F,71672,24.3002
15980,P1,BASE,80.00,77.52,162,F,71703,24.3250
15990,P1,BASE,80.00,77.50,162,F,71734,24.3500
16000,P1,BASE,80.00,79.98,159,F,71766,24.3502
16010,P1,BASE,80.00,80.02,159,F,71798,24.3500
16020,P1,BASE,80.00,80.00,159,F,71830,24.3500
16030,P1,BASE,80.00,79.99,159,F,71862,24.3501
16040,P1,BASE,80.00,79.98,159,F,71894,24.3502
16050,P1,BASE,80.00,74.99,165,F,71924,24.4003
16060,P1,BASE,80.00,80.03,160,F,71956,24.4000
16070,P1,BASE,80.00,77.47,162,F,71987,24.4253
16080,P1,BASE,80.00,77.50,163,F,72018,24.4503
16090,P1,BASE,80.00,77.50,163,F,72049,24.4753
16100,P1,BASE,80.00,77.51,163,F,72080,24.5002
16110,P1,BASE,80.00,75.01,166,F,72110,24.5501
16120,P1,BASE,80.00,79.96,161,F,72142,24.5506
16130,P1,BASE,80.00,75.04,166,F,72172,24.6002
16140,P1,BASE,80.00,77.48,164,F,72203,24.6253
16150,P1,BASE,80.00,77.51,164,F,72234,24.6503
16160,P1,BASE,80.00,80.02,161,F,72266,24.6500
16170,P1,BASE,80.00,77.48,164,F,72297,24.6752
16180,P1,BASE,80.00,77.49,164,F,72328,24.7002
16190,P1,BASE,80.00,77.52,164,F,72359,24.7250
16200,P1,BASE,80.00,79.99,162,F,72391,24.7251
16210,P1,BASE,80.00,79.98,162,F,72423,24.7253
16220,P1,BASE,80.00,82.52,159,F,72456,24.7002
16230,P1,BASE,80.00,80.00,162,F,72488,24.7002
16240,P1,BASE,80.00,77.52,164,F,72519,24.7250
16250,P1,BASE,80.00,82.47,159,F,72552,24.7003
16260,P1,BASE,80.00,77.53,164,F,72583,24.7250
16270,P1,BASE,80.00,77.50,165,F,72614,24.7500
16280,P1,BASE,80.00,77.50,165,F,72645,24.7750
16290,P1,BASE,80.00,77.48,165,F,72676,24.8002
16300,P1,BASE,80.00,77.52,165,F,72707,24.8250
16310,P1,BASE,80.00,80.00,163,F,72739,24.8250
16320,P1,BASE,80.00,82.48,160,F,72772,24.8003
16330,P1,BASE,80.00,77.50,165,F,72803,24.8253
16340,P1,BASE,80.00,82.46,160,F,72836,24.8007
16350,P1,BASE,80.00,77.55,165,F,72867,24.8251
16360,P1,BASE,80.00,79.99,163,F,72899,24.8252
16370,P1,BASE,80.00,80.00,163,F,72931,24.8252
16380,P1,BASE,80.00,82.50,160,F,72964,24.8002
16390,P1,BASE,80.00,79.98,162,F,72996,24.8004
16400,P1,BASE,80.00,82.51,160,F,73029,24.7753
16410,P1,BASE,80.00,82.52,159,F,73062,24.7501
16420,P1,BASE,80.00,82.48,159,F,73095,24.7252
16430,P1,BASE,80.00,77.51,165,F,73126,24.7501
16440,P1,BASE,80.00,82.50,159,F,73159,24.7251
16450,P1,BASE,80.00,79.98,162,F,73191,24.7253
16460,P1,BASE,80.00,77.52,165,F,73222,24.7501
16470,P1,BASE,80.00,79.99,162,F,73254,24.7502
16480,P1,BASE,80.00,77.50,165,F,73285,24.7752
16490,P1,BASE,80.00,79.98,162,F,73317,24.7754
16500,P1,BASE,80.00,82.51,159,F,73350,24.7503
16510,P1,BASE,80.00,79.99,162,F,73382,24.7504
16520,P1,BASE,80.00,87.53,154,F,73417,24.6751
16530,P1,BASE,80.00,90.01,151,F,73453,24.5750
16540,P1,BASE,80.00,82.48,158,F,73486,24.5502
16550,P1,BASE,80.00,77.51,163,F,73517,24.5751
16560,P1,BASE,80.00,79.99,161,F,73549,24.5752
16570,P1,BASE,80.00,74.99,166,F,73579,24.6254
16580,P1,BASE,80.00,75.00,167,F,73609,24.6754
16590,P1,BASE,80.00,82.51,159,F,73642,24.6503
16600,P1,BASE,80.00,82.51,159,F,73675,24.6252
16610,P1,BASE,80.00,82.49,159,F,73708,24.6003
16620,P1,BASE,80.00,82.51,158,F,73741,24.5752
16630,P1,BASE,80.00,82.51,158,F,73774,24.5501
16640,P1,BASE,80.00,82.49,158,F,73807,24.5252
16650,P1,BASE,80.00,80.00,161,F,73839,24.5252
16660,P1,BASE,80.00,84.99,155,F,73873,24.4753
16670,P1,BASE,80.00,82.52,158,F,73906,24.4501
16680,P1,BASE,80.00,82.48,157,F,73939,24.4253
16690,P1,BASE,80.00,80.02,160,F,73971,24.4250
16700,P1,BASE,80.00,80.00,160,F,74003,24.4250
16710,P1,BASE,80.00,79.99,160,F,74035,24.4251
16720,P1,BASE,80.00,82.50,157,F,74068,24.4001
16730,P1,BASE,80.00,77.50,162,F,74099,24.4251
16740,P1,BASE,80.00,82.50,157,F,74132,24.4001
16750,P1,BASE,80.00,79.99,160,F,74164,24.4002
16760,P1,BASE,80.00,80.00,160,F,74196,24.4002
16770,P1,BASE,80.00,82.52,157,F,74229,24.3750
16780,P1,BASE,80.00,82.49,157,F,74262,24.3501
16790,P1,BASE,80.00,80.00,159,F,74294,24.3501
16800,P1,BASE,80.00,77.49,162,F,74325,24.3752
16810,P1,BASE,80.00,82.50,157,F,74358,24.3502
16820,P1,BASE,80.00,77.48,162,F,74389,24.3754
16830,P1,BASE,80.00,80.01,160,F,74421,24.3753
16840,P1,BASE,80.00,74.99,165,F,74451,24.4253
16850,P1,BASE,80.00,77.52,163,F,74482,24.4501
16860,P1,BASE,80.00,77.49,163,F,74513,24.4752
16870,P1,BASE,80.00,80.02,160,F,74545,24.4750
16880,P1,BASE,80.00,77.49,163,F,74576,24.5001
16890,P1,BASE,80.00,77.49,163,F,74607,24.5252
16900,P1,BASE,80.00,77.50,163,F,74638,24.5502
16910,P1,BASE,80.00,80.00,161,F,74670,24.5502
16920,P1,BASE,80.00,77.50,163,F,74701,24.5752
16930,P1,BASE,80.00,77.50,164,F,74732,24.6002
16940,P1,BASE,80.00,77.51,164,F,74763,24.6251
16950,P1,BASE,80.00,80.00,161,F,74795,24.6251
16960,P1,BASE,80.00,80.01,161,F,74827,24.6250
16970,P1,BASE,80.00,82.49,159,F,74860,24.6001
16980,P1,BASE,80.00,79.98,161,F,74892,24.6004
16990,P1,BASE,80.00,77.52,164,F,74923,24.6251
17000,P1,BASE,80.00,79.98,161,F,74955,24.6253
17010,P1,BASE,80.00,77.52,164,F,74986,24.6500
17020,P1,BASE,80.00,77.48,164,F,75017,24.6753
17030,P1,BASE,80.00,77.50,164,F,75048,24.7003
17040,P1,BASE,80.00,77.52,164,F,75079,24.7250
17050,P1,BASE,80.00,77.50,165,F,75110,24.7500
17060,P1,BASE,80.00,79.99,162,F,75142,24.7501
17070,P1,BASE,80.00,79.99,162,F,75174,24.7502
17080,P1,BASE,80.00,77.49,165,F,75205,24.7753
17090,P1,BASE,80.00,82.52,159,F,75238,24.7501
17100,P1,BASE,80.00,77.51,165,F,75269,24.7750
17110,P1,BASE,80.00,79.99,162,F,75301,24.7751
17120,P1,BASE,80.00,80.01,162,F,75333,24.7750
17130,P1,BASE,80.00,80.00,162,F,75365,24.7750
17140,P1,BASE,80.00,79.99,162,F,75397,24.7751
17150,P1,BASE,80.00,82.50,160,F,75430,24.7501
17160,P1,BASE,80.00,79.98,162,F,75462,24.7503
17170,P1,BASE,80.00,82.52,159,F,75495,24.7251
17180,P1,BASE,80.00,77.50,165,F,75526,24.7501
17190,P1,BASE,80.00,80.00,162,F,75558,24.7501
17200,P1,BASE,80.00,79.98,162,F,75590,24.7504
17210,P1,BASE,80.00,77.52,165,F,75621,24.7751
17220,P1,BASE,80.00,79.98,162,F,75653,24.7753
17230,P1,BASE,80.00,77.52,165,F,75684,24.8000
17240,P1,BASE,80.00,79.98,162,F,75716,24.8002
17250,P1,BASE,80.00,80.01,162,F,75748,24.8001
17260,P1,BASE,80.00,80.01,162,F,75780,24.8000
17270,P1,BASE,80.00,85.00,157,F,75814,24.7500
17280,P1,BASE,80.00,92.47,149,F,75851,24.6253
17290,P1,BASE,80.00,80.02,161,F,75883,24.6251
17300,P1,BASE,80.00,80.00,161,F,75915,24.6251
17310,P1,BASE,80.00,77.50,164,F,75946,24.6501
17320,P1,BASE,80.00,77.48,164,F,75977,24.6753
17330,P1,BASE,80.00,72.52,170,F,76006,24.7501
17340,P1,BASE,80.00,79.97,162,F,76038,24.7504
17350,P1,BASE,80.00,82.52,159,F,76071,24.7252
17360,P1,BASE,80.00,84.97,156,F,76105,24.6754
17370,P1,BASE,80.00,82.53,159,F,76138,24.6501
17380,P1,BASE,80.00,82.49,159,F,76171,24.6252
17390,P1,BASE,80.00,79.98,161,F,76203,24.6253
17400,P1,BASE,80.00,82.50,159,F,76236,24.6003
17410,P1,BASE,80.00,82.50,158,F,76269,24.5753
17420,P1,BASE,80.00,82.51,158,F,76302,24.5503
17430,P1,BASE,80.00,82.50,158,F,76335,24.5253
17440,P1,BASE,80.00,80.01,161,F,76367,24.5252
17450,P1,BASE,80.00,82.48,158,F,76400,24.5004
17460,P1,BASE,80.00,77.52,163,F,76431,24.5253
17470,P1,BASE,80.00,82.48,158,F,76464,24.5004
17480,P1,BASE,80.00,80.01,160,F,76496,24.5004
17490,P1,BASE,80.00,80.01,160,F,76528,24.5003
17500,P1,BASE,80.00,80.00,160,F,76560,24.5003
17510,P1,BASE,80.00,82.48,158,F,76593,24.4754
17520,P1,BASE,80.00,80.01,160,F,76625,24.4754
17530,P1,BASE,80.00,82.51,158,F,76658,24.4503
17540,P1,BASE,80.00,80.02,160,F,76690,24.4501
17550,P1,BASE,80.00,77.48,163,F,76721,24.4754
17560,P1,BASE,80.00,82.52,158,F,76754,24.4502
17570,P1,BASE,80.00,77.49,163,F,76785,24.4753
17580,P1,BASE,80.00,77.51,163,F,76816,24.5002
17590,P1,BASE,80.00,77.50,163,F,76847,24.5252
17600,P1,BASE,80.00,77.50,163,F,76878,24.5502
17610,P1,BASE,80.00,77.51,163,F,76909,24.5751
17620,P1,BASE,80.00,80.00,161,F,76941,24.5751
17630,P1,BASE,80.00,77.48,164,F,76972,24.6003
17640,P1,BASE,80.00,77.52,164,F,77003,24.6251
17650,P1,BASE,80.00,77.50,164,F,77034,24.6501
17660,P1,BASE,80.00,80.00,161,F,77066,24.6501
17670,P1,BASE,80.00,77.50,164,F,77097,24.6751
17680,P1,BASE,80.00,77.49,164,F,77128,24.7002
17690,P1,BASE,80.00,80.01,162,F,77160,24.7001
17700,P1,BASE,80.00,79.99,162,F,77192,24.7002
17710,P1,BASE,80.00,79.98,162,F,77224,24.7003
17720,P1,BASE,80.00,82.52,159,F,77257,24.6752
17730,P1,BASE,80.00,79.98,162,F,77289,24.6754
17740,P1,BASE,80.00,77.52,164,F,77320,24.7002
17750,P1,BASE,80.00,82.50,159,F,77353,24.6752
17760,P1,BASE,80.00,77.50,164,F,77384,24.7002
17770,P1,BASE,80.00,77.48,164,F,77415,24.7253
17780,P1,BASE,80.00,77.52,165,F,77446,24.7501
17790,P1,BASE,80.00,77.48,165,F,77477,24.7753
17800,P1,BASE,80.00,77.51,165,F,77508,24.8002
17810,P1,BASE,80.00,79.99,162,F,77540,24.8003
17820,P1,BASE,80.00,80.02,162,F,77572,24.8001
17830,P1,BASE,80.00,77.48,165,F,77603,24.8253
17840,P1,BASE,80.00,82.52,160,F,77636,24.8001
17850,P1,BASE,80.00,77.48,165,F,77667,24.8253
17860,P1,BASE,80.00,80.02,163,F,77699,24.8251
17870,P1,BASE,80.00,79.98,163,F,77731,24.8252
17880,P1,BASE,80.00,82.51,160,F,77764,24.8002
17890,P1,BASE,80.00,79.99,162,F,77796,24.8002
17900,P1,BASE,80.00,82.52,160,F,77829,24.7751
17910,P1,BASE,80.00,82.48,160,F,77862,24.7503
17920,P1,BASE,80.00,80.01,162,F,77894,24.7502
17930,P1,BASE,80.00,80.01,162,F,77926,24.7502
17940,P1,BASE,80.00,80.00,162,F,77958,24.7502
17950,P1,BASE,80.00,79.98,162,F,77990,24.7503
17960,P1,BASE,80.00,77.51,165,F,78021,24.7753
17970,P1,BASE,80.00,77.49,165,F,78052,24.8003
17980,P1,BASE,80.00,80.02,162,F,78084,24.8001
17990,P1,BASE,80.00,77.47,165,F,78115,24.8254
18000,P1,BASE,80.00,82.51,160,F,78148,24.8003
18010,P1,BASE,0.00,82.49,130,F,78181,23.9754
18020,P1,BASE,0.00,85.03,100,F,78215,23.1251
18030,P1,BASE,0.00,87.51,70,F,78250,22.2501
18040,P1,BASE,0.00,77.48,62,F,78281,21.4753
18050,P1,BASE,0.00,72.50,62,F,78310,20.7503
18060,P1,BASE,0.00,67.52,63,F,78337,20.0751
18070,P1,BASE,0.00,65.00,61,F,78363,19.4251
18080,P1,BASE,0.00,59.99,62,F,78387,18.8251
18090,P1,BASE,0.00,49.99,69,F,78407,18.3252
18100,P1,BASE,0.00,60.02,55,F,78431,17.7251
18110,P1,BASE,0.00,52.48,59,F,78452,17.2003
18120,P1,BASE,0.00,52.52,56,F,78473,16.6751
18130,P1,BASE,0.00,49.99,55,F,78493,16.1752
18140,P1,BASE,0.00,45.00,57,F,78511,15.7252
18150,P1,BASE,0.00,45.00,54,F,78529,15.2752
18160,P1,BASE,0.00,42.51,54,F,78546,14.8501
18170,P1,BASE,0.00,37.49,56,F,78561,14.4752
18180,P1,BASE,0.00,35.01,57,F,78575,14.1251
18190,P1,BASE,0.00,32.49,57,F,78588,13.8002
18200,P1,BASE,0.00,30.01,58,F,78600,13.5001
18210,P1,BASE,0.00,27.49,58,F,78611,13.2252
18220,P1,BASE,0.00,25.00,59,F,78621,12.9752
18230,P1,BASE,0.00,22.50,60,F,78630,12.7502
18240,P1,BASE,0.00,20.00,62,F,78638,12.5501
18250,P1,BASE,0.00,17.50,63,F,78645,12.3752
18260,P1,BASE,0.00,17.50,62,F,78652,12.2002
18270,P1,BASE,0.00,15.00,63,F,78658,12.0502
18280,P1,BASE,0.00,12.50,65,F,78663,11.9252
18290,P1,BASE,0.00,10.00,67,F,78667,11.8252
18300,P1,BASE,0.00,10.00,66,F,78671,11.7251
18310,P1,BASE,0.00,7.50,68,F,78674,11.6502
18320,P1,BASE,0.00,5.00,71,F,78676,11.6002
18330,P1,BASE,0.00,2.50,73,F,78677,11.5752
18340,P1,BASE,0.00,0.00,76,F,78677,11.5752
18350,P1,BASE,0.00,0.00,76,F,78677,11.5752
18360,P1,BASE,0.00,0.00,76,F,78677,11.5752
18370,P1,BASE,0.00,0.00,76,F,78677,11.5752
18380,P1,BASE,0.00,0.00,76,F,78677,11.5752
18390,P1,BASE,0.00,0.00,76,F,78677,11.5752
18400,P1,BASE,0.00,0.00,76,F,78677,11.5752
18410,P1,BASE,0.00,0.00,76,F,78677,11.5752
18420,P1,BASE,0.00,0.00,76,F,78677,11.5752
18430,P1,BASE,0.00,0.00,76,F,78677,11.5752
18440,P1,BASE,0.00,0.00,76,F,78677,11.5752
18450,P1,BASE,0.00,0.00,76,F,78677,11.5752
18460,P1,BASE,0.00,0.00,76,F,78677,11.5752
18470,P1,BASE,0.00,0.00,76,F,78677,11.5752
18480,P1,BASE,0.00,0.00,76,F,78677,11.5752
18490,P1,BASE,0.00,0.00,76,F,78677,11.5752
18500,P1,BASE,0.00,0.00,76,F,78677,11.5752
18510,P1,BASE,0.00,0.00,76,F,78677,11.5752
18520,P1,BASE,0.00,0.00,76,F,78677,11.5752
18530,P1,BASE,0.00,0.00,76,F,78677,11.5752
18540,P1,BASE,0.00,0.00,76,F,78677,11.5752
18550,P1,BASE,0.00,0.00,76,F,78677,11.5752
18560,P1,BASE,0.00,0.00,76,F,78677,11.5752
18570,P1,BASE,0.00,0.00,76,F,78677,11.5752
18580,P1,BASE,0.00,0.00,76,F,78677,11.5752
18590,P1,BASE,0.00,0.00,76,F,78677,11.5752
18600,P1,BASE,0.00,0.00,76,F,78677,11.5752
18610,P1,BASE,0.00,0.00,76,F,78677,11.5752
18620,P1,BASE,0.00,0.00,76,F,78677,11.5752
18630,P1,BASE,0.00,0.00,76,F,78677,11.5752
18640,P1,BASE,0.00,0.00,76,F,78677,11.5752
18650,P1,BASE,0.00,0.00,76,F,78677,11.5752
18660,P1,BASE,0.00,0.00,76,F,78677,11.5752
18670,P1,BASE,0.00,0.00,76,F,78677,11.5752
18680,P1,BASE,0.00,0.00,76,F,78677,11.5752
18690,P1,BASE,0.00,0.00,76,F,78677,11.5752
18700,P1,BASE,0.00,0.00,76,F,78677,11.5752
18710,P1,BASE,0.00,0.00,76,F,78677,11.5752
18720,P1,BASE,0.00,0.00,76,F,78677,11.5752
18730,P1,BASE,0.00,0.00,76,F,78677,11.5752
18740,P1,BASE,0.00,0.00,76,F,78677,11.5752
18750,P1,BASE,0.00,0.00,76,F,78677,11.5752
18760,P1,BASE,0.00,0.00,76,F,78677,11.5752
18770,P1,BASE,0.00,0.00,76,F,78677,11.5752
18780,P1,BASE,0.00,0.00,76,F,78677,11.5752
18790,P1,BASE,0.00,0.00,76,F,78677,11.5752
18800,P1,BASE,0.00,0.00,76,F,78677,11.5752
18810,P1,BASE,0.00,0.00,76,F,78677,11.5752
18820,P1,BASE,0.00,0.00,76,F,78677,11.5752
18830,P1,BASE,0.00,0.00,76,F,78677,11.5752
18840,P1,BASE,0.00,0.00,76,F,78677,11.5752
18850,P1,BASE,0.00,0.00,76,F,78677,11.5752
18860,P1,BASE,0.00,0.00,76,F,78677,11.5752
18870,P1,BASE,0.00,0.00,76,F,78677,11.5752
18880,P1,BASE,0.00,0.00,76,F,78677,11.5752
18890,P1,BASE,0.00,0.00,76,F,78677,11.5752
18900,P1,BASE,0.00,0.00,76,F,78677,11.5752
18910,P1,BASE,0.00,0.00,76,F,78677,11.5752
18920,P1,BASE,0.00,0.00,76,F,78677,11.5752
18930,P1,BASE,0.00,0.00,76,F,78677,11.5752
18940,P1,BASE,0.00,0.00,76,F,78677,11.5752
18950,P1,BASE,0.00,0.00,76,F,78677,11.5752
18960,P1,BASE,0.00,0.00,76,F,78677,11.5752
18970,P1,BASE,0.00,0.00,76,F,78677,11.5752
18980,P1,BASE,0.00,0.00,76,F,78677,11.5752
18990,P1,BASE,0.00,0.00,76,F,78677,11.5752
19000,P1,BASE,0.00,0.00,76,F,78677,11.5752
19010,P1,BASE,0.00,0.00,76,F,78677,11.5752
19020,P1,BASE,0.00,0.00,76,F,78677,11.5752
19030,P1,BASE,0.00,0.00,76,F,78677,11.5752
19040,P1,BASE,0.00,0.00,76,F,78677,11.5752
19050,P1,BASE,0.00,0.00,76,F,78677,11.5752
19060,P1,BASE,0.00,0.00,76,F,78677,11.5752
19070,P1,BASE,0.00,0.00,76,F,78677,11.5752
19080,P1,BASE,0.00,0.00,76,F,78677,11.5752
19090,P1,BASE,0.00,0.00,76,F,78677,11.5752
19100,P1,BASE,0.00,0.00,76,F,78677,11.5752
19110,P1,BASE,0.00,0.00,76,F,78677,11.5752
19120,P1,BASE,0.00,0.00,76,F,78677,11.5752
19130,P1,BASE,0.00,0.00,76,F,78677,11.5752
19140,P1,BASE,0.00,0.00,76,F,78677,11.5752
19150,P1,BASE,0.00,0.00,76,F,78677,11.5752
19160,P1,BASE,0.00,0.00,76,F,78677,11.5752
19170,P1,BASE,0.00,0.00,76,F,78677,11.5752
19180,P1,BASE,0.00,0.00,76,F,78677,11.5752
19190,P1,BASE,0.00,0.00,76,F,78677,11.5752
19200,P1,BASE,0.00,0.00,76,F,78677,11.5752
19210,P1,BASE,0.00,0.00,76,F,78677,11.5752
19220,P1,BASE,0.00,0.00,76,F,78677,11.5752
19230,P1,BASE,0.00,0.00,76,F,78677,11.5752
19240,P1,BASE,0.00,0.00,76,F,78677,11.5752
19250,P1,BASE,0.00,0.00,76,F,78677,11.5752
19260,P1,BASE,0.00,0.00,76,F,78677,11.5752
19270,P1,BASE,0.00,0.00,76,F,78677,11.5752
19280,P1,BASE,0.00,0.00,76,F,78677,11.5752
19290,P1,BASE,0.00,0.00,76,F,78677,11.5752
19300,P1,BASE,0.00,0.00,76,F,78677,11.5752
19310,P1,BASE,0.00,0.00,76,F,78677,11.5752
19320,P1,BASE,0.00,0.00,76,F,78677,11.5752
19330,P1,BASE,0.00,0.00,76,F,78677,11.5752
19340,P1,BASE,0.00,0.00,76,F,78677,11.5752
19350,P1,BASE,0.00,0.00,76,F,78677,11.5752
19360,P1,BASE,0.00,0.00,76,F,78677,11.5752
19370,P1,BASE,0.00,0.00,76,F,78677,11.5752
19380,P1,BASE,0.00,0.00,76,F,78677,11.5752
19390,P1,BASE,0.00,0.00,76,F,78677,11.5752
19400,P1,BASE,0.00,0.00,76,F,78677,11.5752
19410,P1,BASE,0.00,0.00,76,F,78677,11.5752
19420,P1,BASE,0.00,0.00,76,F,78677,11.5752
19430,P1,BASE,0.00,0.00,76,F,78677,11.5752
19440,P1,BASE,0.00,0.00,76,F,78677,11.5752
19450,P1,BASE,0.00,0.00,76,F,78677,11.5752
19460,P1,BASE,0.00,0.00,76,F,78677,11.5752
19470,P1,BASE,0.00,0.00,76,F,78677,11.5752
19480,P1,BASE,0.00,0.00,76,F,78677,11.5752
19490,P1,BASE,0.00,0.00,76,F,78677,11.5752
19500,P1,BASE,0.00,0.00,76,F,78677,11.5752
19510,P1,BASE,0.00,0.00,76,F,78677,11.5752
19520,P1,BASE,0.00,0.00,76,F,78677,11.5752
19530,P1,BASE,0.00,0.00,76,F,78677,11.5752
19540,P1,BASE,0.00,0.00,76,F,78677,11.5752
19550,P1,BASE,0.00,0.00,76,F,78677,11.5752
19560,P1,BASE,0.00,0.00,76,F,78677,11.5752
19570,P1,BASE,0.00,0.00,76,F,78677,11.5752
19580,P1,BASE,0.00,0.00,76,F,78677,11.5752
19590,P1,BASE,0.00,0.00,76,F,78677,11.5752
19600,P1,BASE,0.00,0.00,76,F,78677,11.5752
19610,P1,BASE,0.00,0.00,76,F,78677,11.5752
19620,P1,BASE,0.00,0.00,76,F,78677,11.5752
19630,P1,BASE,0.00,0.00,76,F,78677,11.5752
19640,P1,BASE,0.00,0.00,76,F,78677,11.5752
19650,P1,BASE,0.00,0.00,76,F,78677,11.5752
19660,P1,BASE,0.00,0.00,76,F,78677,11.5752
19670,P1,BASE,0.00,0.00,76,F,78677,11.5752
19680,P1,BASE,0.00,0.00,76,F,78677,11.5752
19690,P1,BASE,0.00,0.00,76,F,78677,11.5752
19700,P1,BASE,0.00,0.00,76,F,78677,11.5752
19710,P1,BASE,0.00,0.00,76,F,78677,11.5752
19720,P1,BASE,0.00,0.00,76,F,78677,11.5752
19730,P1,BASE,0.00,0.00,76,F,78677,11.5752
19740,P1,BASE,0.00,0.00,76,F,78677,11.5752
19750,P1,BASE,0.00,0.00,76,F,78677,11.5752
19760,P1,BASE,0.00,0.00,76,F,78677,11.5752
19770,P1,BASE,0.00,0.00,76,F,78677,11.5752
19780,P1,BASE,0.00,0.00,76,F,78677,11.5752
19790,P1,BASE,0.00,0.00,76,F,78677,11.5752
19800,P1,BASE,0.00,0.00,76,F,78677,11.5752
19810,P1,BASE,0.00,0.00,76,F,78677,11.5752
19820,P1,BASE,0.00,0.00,76,F,78677,11.5752
19830,P1,BASE,0.00,0.00,76,F,78677,11.5752
19840,P1,BASE,0.00,0.00,76,F,78677,11.5752
19850,P1,BASE,0.00,0.00,76,F,78677,11.5752
19860,P1,BASE,0.00,0.00,76,F,78677,11.5752
19870,P1,BASE,0.00,0.00,76,F,78677,11.5752
19880,P1,BASE,0.00,0.00,76,F,78677,11.5752
19890,P1,BASE,0.00,0.00,76,F,78677,11.5752
19900,P1,BASE,0.00,0.00,76,F,78677,11.5752
19910,P1,BASE,0.00,0.00,76,F,78677,11.5752
19920,P1,BASE,0.00,0.00,76,F,78677,11.5752
19930,P1,BASE,0.00,0.00,76,F,78677,11.5752
19940,P1,BASE,0.00,0.00,76,F,78677,11.5752
19950,P1,BASE,0.00,0.00,76,F,78677,11.5752
19960,P1,BASE,0.00,0.00,76,F,78677,11.5752
19970,P1,BASE,0.00,0.00,76,F,78677,11.5752
19980,P1,BASE,0.00,0.00,76,F,78677,11.5752
19990,P1,BASE,0.00,0.00,76,F,78677,11.5752
20000,P1,BASE,0.00,0.00,76,F,78677,11.5752
20010,P1,BASE,0.00,0.00,76,F,78677,11.5752
20020,P1,BASE,0.00,0.00,76,F,78677,11.5752
20030,P1,BASE,0.00,0.00,76,F,78677,11.5752
20040,P1,BASE,0.00,0.00,76,F,78677,11.5752
20050,P1,BASE,0.00,0.00,76,F,78677,11.5752
20060,P1,BASE,0.00,0.00,76,F,78677,11.5752
20070,P1,BASE,0.00,0.00,76,F,78677,11.5752
20080,P1,BASE,0.00,0.00,76,F,78677,11.5752
20090,P1,BASE,0.00,0.00,76,F,78677,11.5752
20100,P1,BASE,0.00,0.00,76,F,78677,11.5752
20110,P1,BASE,0.00,0.00,76,F,78677,11.5752
20120,P1,BASE,0.00,0.00,76,F,78677,11.5752
20130,P1,BASE,0.00,0.00,76,F,78677,11.5752
20140,P1,BASE,0.00,0.00,76,F,78677,11.5752
20150,P1,BASE,0.00,0.00,76,F,78677,11.5752
20160,P1,BASE,0.00,0.00,76,F,78677,11.5752
20170,P1,BASE,0.00,0.00,76,F,78677,11.5752
20180,P1,BASE,0.00,0.00,76,F,78677,11.5752
20190,P1,BASE,0.00,0.00,76,F,78677,11.5752
20200,P1,BASE,0.00,0.00,76,F,78677,11.5752
20210,P1,BASE,0.00,0.00,76,F,78677,11.5752
20220,P1,BASE,0.00,0.00,76,F,78677,11.5752
20230,P1,BASE,0.00,0.00,76,F,78677,11.5752
20240,P1,BASE,0.00,0.00,76,F,78677,11.5752
20250,P1,BASE,0.00,0.00,76,F,78677,11.5752
20260,P1,BASE,0.00,0.00,76,F,78677,11.5752
20270,P1,BASE,0.00,0.00,76,F,78677,11.5752
20280,P1,BASE,0.00,0.00,76,F,78677,11.5752
20290,P1,BASE,0.00,0.00,76,F,78677,11.5752
20300,P1,BASE,0.00,0.00,76,F,78677,11.5752
20310,P1,BASE,0.00,0.00,76,F,78677,11.5752
20320,P1,BASE,0.00,0.00,76,F,78677,11.5752
20330,P1,BASE,0.00,0.00,76,F,78677,11.5752
20340,P1,BASE,0.00,0.00,76,F,78677,11.5752
20350,P1,BASE,0.00,0.00,76,F,78677,11.5752
20360,P1,BASE,0.00,0.00,76,F,78677,11.5752
20370,P1,BASE,0.00,0.00,76,F,78677,11.5752
20380,P1,BASE,0.00,0.00,76,F,78677,11.5752
20390,P1,BASE,0.00,0.00,76,F,78677,11.5752
20400,P1,BASE,0.00,0.00,76,F,78677,11.5752
20410,P1,BASE,0.00,0.00,76,F,78677,11.5752
20420,P1,BASE,0.00,0.00,76,F,78677,11.5752
20430,P1,BASE,0.00,0.00,76,F,78677,11.5752
20440,P1,BASE,0.00,0.00,76,F,78677,11.5752
20450,P1,BASE,0.00,0.00,76,F,78677,11.5752
20460,P1,BASE,0.00,0.00,76,F,78677,11.5752
20470,P1,BASE,0.00,0.00,76,F,78677,11.5752
20480,P1,BASE,0.00,0.00,76,F,78677,11.5752
20490,P1,BASE,0.00,0.00,76,F,78677,11.5752
20500,P1,BASE,0.00,0.00,76,F,78677,11.5752
20510,P1,BASE,0.00,0.00,76,F,78677,11.5752
20520,P1,BASE,0.00,0.00,76,F,78677,11.5752
20530,P1,BASE,0.00,0.00,76,F,78677,11.5752
20540,P1,BASE,0.00,0.00,76,F,78677,11.5752
20550,P1,BASE,0.00,0.00,76,F,78677,11.5752
20560,P1,BASE,0.00,0.00,76,F,78677,11.5752
20570,P1,BASE,0.00,0.00,76,F,78677,11.5752
20580,P1,BASE,0.00,0.00,76,F,78677,11.5752
20590,P1,BASE,0.00,0.00,76,F,78677,11.5752
20600,P1,BASE,0.00,0.00,76,F,78677,11.5752
20610,P1,BASE,0.00,0.00,76,F,78677,11.5752
20620,P1,BASE,0.00,0.00,76,F,78677,11.5752
20630,P1,BASE,0.00,0.00,76,F,78677,11.5752
20640,P1,BASE,0.00,0.00,76,F,78677,11.5752
20650,P1,BASE,0.00,0.00,76,F,78677,11.5752
20660,P1,BASE,0.00,0.00,76,F,78677,11.5752
20670,P1,BASE,0.00,0.00,76,F,78677,11.5752
20680,P1,BASE,0.00,0.00,76,F,78677,11.5752
20690,P1,BASE,0.00,0.00,76,F,78677,11.5752
20700,P1,BASE,0.00,0.00,76,F,78677,11.5752
20710,P1,BASE,0.00,0.00,76,F,78677,11.5752
20720,P1,BASE,0.00,0.00,76,F,78677,11.5752
20730,P1,BASE,0.00,0.00,76,F,78677,11.5752
20740,P1,BASE,0.00,0.00,76,F,78677,11.5752
20750,P1,BASE,0.00,0.00,76,F,78677,11.5752
20760,P1,BASE,0.00,0.00,76,F,78677,11.5752
20770,P1,BASE,0.00,0.00,76,F,78677,11.5752
20780,P1,BASE,0.00,0.00,76,F,78677,11.5752
20790,P1,BASE,0.00,0.00,76,F,78677,11.5752
20800,P1,BASE,0.00,0.00,76,F,78677,11.5752
20810,P1,BASE,0.00,0.00,76,F,78677,11.5752
20820,P1,BASE,0.00,0.00,76,F,78677,11.5752
20830,P1,BASE,0.00,0.00,76,F,78677,11.5752
20840,P1,BASE,0.00,0.00,76,F,78677,11.5752
20850,P1,BASE,0.00,0.00,76,F,78677,11.5752
20860,P1,BASE,0.00,0.00,76,F,78677,11.5752
20870,P1,BASE,0.00,0.00,76,F,78677,11.5752
20880,P1,BASE,0.00,0.00,76,F,78677,11.5752
20890,P1,BASE,0.00,0.00,76,F,78677,11.5752
20900,P1,BASE,0.00,0.00,76,F,78677,11.5752
20910,P1,BASE,0.00,0.00,76,F,78677,11.5752
20920,P1,BASE,0.00,0.00,76,F,78677,11.5752
20930,P1,BASE,0.00,0.00,76,F,78677,11.5752
20940,P1,BASE,0.00,0.00,76,F,78677,11.5752
20950,P1,BASE,0.00,0.00,76,F,78677,11.5752
20960,P1,BASE,0.00,0.00,76,F,78677,11.5752
20970,P1,BASE,0.00,0.00,76,F,78677,11.5752
20980,P1,BASE,0.00,0.00,76,F,78677,11.5752
20990,P1,BASE,0.00,0.00,76,F,78677,11.5752
21000,P1,BASE,0.00,0.00,76,F,78677,11.5752
21010,P1,BASE,-80.00,0.00,46,F,78677,10.7752
21020,P1,BASE,-80.00,0.00,16,F,78677,9.9752
21030,P1,BASE,-80.00,0.00,-13,R,78677,9.1752
21040,P1,BASE,-80.00,0.00,-26,R,78677,8.3752
21050,P1,BASE,-80.00,0.00,-31,R,78677,7.5752
21060,P1,BASE,-80.00,0.00,-36,R,78677,6.7752
21070,P1,BASE,-80.00,0.00,-42,R,78677,5.9752
21080,P1,BASE,-80.00,0.00,-47,R,78677,5.1752
21090,P1,BASE,-80.00,0.00,-52,R,78677,4.3752
21100,P1,BASE,-80.00,0.00,-57,R,78677,3.5752
21110,P1,BASE,-80.00,0.00,-63,R,78677,2.7752
21120,P1,BASE,-80.00,0.00,-68,R,78677,1.9752
21130,P1,BASE,-80.00,-2.50,-70,R,78676,1.2002
21140,P1,BASE,-80.00,-2.50,-76,R,78675,0.4252
21150,P1,BASE,-80.00,-2.50,-81,R,78674,-0.3498
21160,P1,BASE,-80.00,-2.50,-86,R,78673,-1.1248
21170,P1,BASE,-80.00,0.00,-94,R,78673,-1.9248
21180,P1,BASE,-80.00,0.00,-99,R,78673,-2.7248
21190,P1,BASE,-80.00,0.00,-104,R,78673,-3.5248
21200,P1,BASE,-80.00,0.00,-109,R,78673,-4.3248
21210,P1,BASE,-80.00,0.00,-115,R,78673,-5.1248
21220,P1,BASE,-80.00,0.00,-120,R,78673,-5.9248
21230,P1,BASE,-80.00,0.00,-125,R,78673,-6.7248
21240,P1,BASE,-80.00,0.00,-130,R,78673,-7.5248
21250,P1,BASE,-80.00,0.00,-136,R,78673,-8.3248
21260,P1,BASE,-80.00,0.00,-141,R,78673,-9.1248
21270,P1,BASE,-80.00,0.00,-146,R,78673,-9.9248
21280,P1,BASE,-80.00,0.00,-151,R,78673,-10.7248
21290,P1,BASE,-80.00,0.00,-157,R,78673,-11.5248
21300,P1,BASE,-80.00,0.00,-162,R,78673,-12.3248
21310,P1,BASE,-80.00,0.00,-167,R,78673,-13.1248
21320,P1,BASE,-80.00,-12.50,-159,R,78668,-13.7998
21330,P1,BASE,-80.00,-20.00,-155,R,78660,-14.3998
21340,P1,BASE,-80.00,-19.99,-159,R,78652,-14.9999
21350,P1,BASE,-80.00,-25.01,-158,R,78642,-15.5498
21360,P1,BASE,-80.00,-25.00,-161,R,78632,-16.0998
21370,P1,BASE,-80.00,-29.99,-159,R,78620,-16.5999
21380,P1,BASE,-80.00,-32.50,-160,R,78607,-17.0749
21390,P1,BASE,-80.00,-35.00,-160,R,78593,-17.5249
21400,P1,BASE,-80.00,-35.00,-163,R,78579,-17.9749
21410,P1,BASE,-80.00,-37.51,-164,R,78564,-18.3998
21420,P1,BASE,-80.00,-42.49,-161,R,78547,-18.7749
21430,P1,BASE,-80.00,-42.50,-163,R,78530,-19.1499
21440,P1,BASE,-80.00,-45.00,-163,R,78512,-19.5000
21450,P1,BASE,-80.00,-45.00,-165,R,78494,-19.8499
21460,P1,BASE,-80.00,-50.00,-162,R,78474,-20.1499
21470,P1,BASE,-80.00,-47.50,-167,R,78455,-20.4749
21480,P1,BASE,-80.00,-50.01,-166,R,78435,-20.7749
21490,P1,BASE,-80.00,-52.51,-166,R,78414,-21.0498
21500,P1,BASE,-80.00,-52.50,-168,R,78393,-21.3248
21510,P1,BASE,-80.00,-54.99,-167,R,78371,-21.5749
21520,P1,BASE,-80.00,-57.49,-166,R,78348,-21.7999
21530,P1,BASE,-80.00,-55.01,-170,R,78326,-22.0499
21540,P1,BASE,-80.00,-57.49,-169,R,78303,-22.2749
21550,P1,BASE,-80.00,-57.52,-170,R,78280,-22.4998
21560,P1,BASE,-80.00,-57.49,-172,R,78257,-22.7249
21570,P1,BASE,-80.00,-60.01,-170,R,78233,-22.9248
21580,P1,BASE,-80.00,-62.50,-169,R,78208,-23.0998
21590,P1,BASE,-80.00,-62.49,-170,R,78183,-23.2749
21600,P1,BASE,-80.00,-62.51,-171,R,78158,-23.4497
21610,P1,BASE,-80.00,-62.49,-172,R,78133,-23.6249
21620,P1,BASE,-80.00,-65.01,-171,R,78107,-23.7747
21630,P1,BASE,-80.00,-64.99,-172,R,78081,-23.9249
21640,P1,BASE,-80.00,-67.50,-170,R,78054,-24.0499
21650,P1,BASE,-80.00,-67.51,-171,R,78027,-24.1747
21660,P1,BASE,-80.00,-64.98,-175,R,78001,-24.3249
21670,P1,BASE,-80.00,-70.01,-170,R,77973,-24.4249
21680,P1,BASE,-80.00,-70.00,-171,R,77945,-24.5249
21690,P1,BASE,-80.00,-69.99,-171,R,77917,-24.6249
21700,P1,BASE,-80.00,-70.01,-172,R,77889,-24.7248
21710,P1,BASE,-80.00,-72.50,-170,R,77860,-24.7998
21720,P1,BASE,-80.00,-72.49,-171,R,77831,-24.8749
21730,P1,BASE,-80.00,-72.52,-171,R,77802,-24.9497
21740,P1,BASE,-80.00,-72.49,-171,R,77773,-25.0248
21750,P1,BASE,-80.00,-72.49,-172,R,77744,-25.0999
21760,P1,BASE,-80.00,-72.51,-172,R,77715,-25.1748
21770,P1,BASE,-80.00,-72.50,-173,R,77686,-25.2498
21780,P1,BASE,-80.00,-70.01,-176,R,77658,-25.3497
21790,P1,BASE,-80.00,-74.97,-171,R,77628,-25.4000
21800,P1,BASE,-80.00,-72.50,-174,R,77599,-25.4750
21810,P1,BASE,-80.00,-77.52,-169,R,77568,-25.4998
21820,P1,BASE,-80.00,-77.51,-170,R,77537,-25.5247
21830,P1,BASE,-80.00,-77.50,-170,R,77506,-25.5497
21840,P1,BASE,-80.00,-75.00,-173,R,77476,-25.5997
21850,P1,BASE,-80.00,-77.49,-170,R,77445,-25.6248
21860,P1,BASE,-80.00,-75.00,-173,R,77415,-25.6748
21870,P1,BASE,-80.00,-77.48,-171,R,77384,-25.6999
21880,P1,BASE,-80.00,-75.00,-174,R,77354,-25.7499
21890,P1,BASE,-80.00,-77.51,-171,R,77323,-25.7749
21900,P1,BASE,-80.00,-77.48,-172,R,77292,-25.8000
21910,P1,BASE,-80.00,-77.51,-172,R,77261,-25.8249
21920,P1,BASE,-80.00,-80.02,-169,R,77229,-25.8247
21930,P1,BASE,-80.00,-77.48,-172,R,77198,-25.8499
21940,P1,BASE,-80.00,-77.50,-172,R,77167,-25.8749
21950,P1,BASE,-80.00,-80.02,-169,R,77135,-25.8747
21960,P1,BASE,-80.00,-74.98,-175,R,77105,-25.9249
21970,P1,BASE,-80.00,-77.52,-172,R,77074,-25.9498
21980,P1,BASE,-80.00,-77.48,-173,R,77043,-25.9749
21990,P1,BASE,-80.00,-77.51,-173,R,77012,-25.9998
22000,P1,BASE,-80.00,-80.01,-170,R,76980,-25.9998
22010,P1,BASE,-80.00,-77.50,-173,R,76949,-26.0248
22020,P1,BASE,-80.00,-82.50,-168,R,76916,-25.9998
22030,P1,BASE,-80.00,-77.49,-173,R,76885,-26.0248
22040,P1,BASE,-80.00,-82.52,-168,R,76852,-25.9997
22050,P1,BASE,-80.00,-80.00,-170,R,76820,-25.9997
22060,P1,BASE,-80.00,-82.48,-168,R,76787,-25.9749
22070,P1,BASE,-80.00,-80.02,-170,R,76755,-25.9748
22080,P1,BASE,-80.00,-82.48,-167,R,76722,-25.9499
22090,P1,BASE,-80.00,-82.48,-167,R,76689,-25.9251
22100,P1,BASE,-80.00,-82.52,-167,R,76656,-25.8999
22110,P1,BASE,-80.00,-80.02,-170,R,76624,-25.8998
22120,P1,BASE,-80.00,-82.48,-167,R,76591,-25.8750
22130,P1,BASE,-80.00,-82.51,-167,R,76558,-25.8499
22140,P1,BASE,-80.00,-80.01,-169,R,76526,-25.8499
22150,P1,BASE,-80.00,-80.01,-169,R,76494,-25.8498
22160,P1,BASE,-80.00,-79.99,-169,R,76462,-25.8499
22170,P1,BASE,-80.00,-82.50,-167,R,76429,-25.8249
22180,P1,BASE,-80.00,-80.02,-169,R,76397,-25.8247
22190,P1,BASE,-80.00,-82.47,-166,R,76364,-25.8000
22200,P1,BASE,-80.00,-80.02,-169,R,76332,-25.7998
22210,P1,BASE,-80.00,-82.48,-166,R,76299,-25.7749
22220,P1,BASE,-80.00,-82.51,-166,R,76266,-25.7499
22230,P1,BASE,-80.00,-85.02,-163,R,76232,-25.6997
22240,P1,BASE,-80.00,-79.98,-168,R,76200,-25.6999
22250,P1,BASE,-80.00,-82.52,-166,R,76167,-25.6747
22260,P1,BASE,-80.00,-82.50,-165,R,76134,-25.6497
22270,P1,BASE,-80.00,-82.48,-165,R,76101,-25.6249
22280,P1,BASE,-80.00,-85.01,-162,R,76067,-25.5749
22290,P1,BASE,-80.00,-82.51,-165,R,76034,-25.5498
22300,P1,BASE,-80.00,-85.01,-162,R,76000,-25.4997
22310,P1,BASE,-80.00,-82.47,-164,R,75967,-25.4750
22320,P1,BASE,-80.00,-85.03,-161,R,75933,-25.4247
22330,P1,BASE,-80.00,-82.48,-164,R,75900,-25.3999
22340,P1,BASE,-80.00,-82.52,-164,R,75867,-25.3747
22350,P1,BASE,-80.00,-84.98,-161,R,75833,-25.3248
22360,P1,BASE,-80.00,-80.01,-166,R,75801,-25.3248
22370,P1,BASE,-80.00,-85.01,-160,R,75767,-25.2747
22380,P1,BASE,-80.00,-82.50,-163,R,75734,-25.2497
22390,P1,BASE,-80.00,-82.50,-163,R,75701,-25.2247
22400,P1,BASE,-80.00,-82.50,-162,R,75668,-25.1997
22410,P1,BASE,-80.00,-84.99,-160,R,75634,-25.1498
22420,P1,BASE,-80.00,-82.51,-162,R,75601,-25.1247
22430,P1,BASE,-80.00,-82.50,-162,R,75568,-25.0997
22440,P1,BASE,-80.00,-82.48,-162,R,75535,-25.0749
22450,P1,BASE,-80.00,-82.49,-161,R,75502,-25.0499
22460,P1,BASE,-80.00,-85.01,-159,R,75468,-24.9998
22470,P1,BASE,-80.00,-85.01,-158,R,75434,-24.9498
22480,P1,BASE,-80.00,-82.51,-161,R,75401,-24.9247
22490,P1,BASE,-80.00,-82.49,-160,R,75368,-24.8998
22500,P1,BASE,-80.00,-79.99,-163,R,75336,-24.8998
22510,P1,BASE,-80.00,-82.49,-160,R,75303,-24.8749
22520,P1,BASE,-80.00,-77.49,-166,R,75272,-24.9000
22530,P1,BASE,-80.00,-82.53,-160,R,75239,-24.8747
22540,P1,BASE,-80.00,-80.00,-163,R,75207,-24.8747
22550,P1,BASE,-80.00,-82.50,-160,R,75174,-24.8497
22560,P1,BASE,-80.00,-82.48,-160,R,75141,-24.8249
22570,P1,BASE,-80.00,-82.51,-160,R,75108,-24.7998
22580,P1,BASE,-80.00,-79.98,-162,R,75076,-24.8000
22590,P1,BASE,-80.00,-82.51,-160,R,75043,-24.7749
22600,P1,BASE,-80.00,-80.00,-162,R,75011,-24.7749
22610,P1,BASE,-80.00,-82.50,-160,R,74978,-24.7499
22620,P1,BASE,-80.00,-79.98,-162,R,74946,-24.7501
22630,P1,BASE,-80.00,-80.02,-162,R,74914,-24.7498
22640,P1,BASE,-80.00,-80.00,-162,R,74882,-24.7498
22650,P1,BASE,-80.00,-82.52,-159,R,74849,-24.7247
22660,P1,BASE,-80.00,-79.97,-162,R,74817,-24.7250
22670,P1,BASE,-80.00,-82.49,-159,R,74784,-24.7001
22680,P1,BASE,-80.00,-80.01,-162,R,74752,-24.7000
22690,P1,BASE,-80.00,-77.52,-164,R,74721,-24.7248
22700,P1,BASE,-80.00,-80.02,-162,R,74689,-24.7247
22710,P1,BASE,-80.00,-77.49,-165,R,74658,-24.7498
22720,P1,BASE,-80.00,-80.01,-162,R,74626,-24.7497
22730,P1,BASE,-80.00,-77.48,-165,R,74595,-24.7748
22740,P1,BASE,-80.00,-82.52,-159,R,74562,-24.7497
22750,P1,BASE,-80.00,-80.00,-162,R,74530,-24.7497
22760,P1,BASE,-80.00,-82.47,-159,R,74497,-24.7250
22770,P1,BASE,-80.00,-80.01,-162,R,74465,-24.7249
22780,P1,BASE,-80.00,-82.52,-159,R,74432,-24.6997
22790,P1,BASE,-80.00,-79.99,-162,R,74400,-24.6998
22800,P1,BASE,-80.00,-82.51,-159,R,74367,-24.6747
22810,P1,BASE,-80.00,-82.50,-159,R,74334,-24.6497
22820,P1,BASE,-80.00,-79.98,-161,R,74302,-24.6498
22830,P1,BASE,-80.00,-82.51,-159,R,74269,-24.6248
22840,P1,BASE,-80.00,-82.50,-159,R,74236,-24.5998
22850,P1,BASE,-80.00,-80.00,-161,R,74204,-24.5998
22860,P1,BASE,-80.00,-82.50,-158,R,74171,-24.5748
22870,P1,BASE,-80.00,-79.99,-161,R,74139,-24.5748
22880,P1,BASE,-80.00,-77.50,-164,R,74108,-24.5998
22890,P1,BASE,-80.00,-80.00,-161,R,74076,-24.5998
22900,P1,BASE,-80.00,-80.02,-161,R,74044,-24.5997
22910,P1,BASE,-80.00,-79.99,-161,R,74012,-24.5998
22920,P1,BASE,-80.00,-79.98,-161,R,73980,-24.6000
22930,P1,BASE,-80.00,-82.52,-158,R,73947,-24.5748
22940,P1,BASE,-80.00,-77.51,-164,R,73916,-24.5997
22950,P1,BASE,-80.00,-80.00,-161,R,73884,-24.5997
22960,P1,BASE,-80.00,-82.51,-158,R,73851,-24.5747
22970,P1,BASE,-80.00,-82.44,-158,R,73818,-24.5502
22980,P1,BASE,-80.00,-77.55,-163,R,73787,-24.5747
22990,P1,BASE,-80.00,-79.99,-161,R,73755,-24.5748
23000,P1,BASE,-80.00,-82.48,-158,R,73722,-24.5499
23010,P1,BASE,-80.00,-80.02,-161,R,73690,-24.5497
23020,P1,BASE,-80.00,-82.48,-158,R,73657,-24.5249
23030,P1,BASE,-80.00,-82.49,-158,R,73624,-24.5000
23040,P1,BASE,-80.00,-82.48,-158,R,73591,-24.4751
23050,P1,BASE,-80.00,-80.04,-160,R,73559,-24.4747
23060,P1,BASE,-80.00,-82.48,-158,R,73526,-24.4500
23070,P1,BASE,-80.00,-80.02,-160,R,73494,-24.4498
23080,P1,BASE,-80.00,-80.00,-160,R,73462,-24.4498
23090,P1,BASE,-80.00,-80.00,-160,R,73430,-24.4498
23100,P1,BASE,-80.00,-79.98,-160,R,73398,-24.4500
23110,P1,BASE,-80.00,-80.00,-160,R,73366,-24.4500
23120,P1,BASE,-80.00,-80.02,-160,R,73334,-24.4498
23130,P1,BASE,-80.00,-79.99,-160,R,73302,-24.4499
23140,P1,BASE,-80.00,-80.02,-160,R,73270,-24.4497
23150,P1,BASE,-80.00,-82.48,-157,R,73237,-24.4250
23160,P1,BASE,-80.00,-77.52,-163,R,73206,-24.4497
23170,P1,BASE,-80.00,-79.97,-160,R,73174,-24.4501
23180,P1,BASE,-80.00,-82.52,-157,R,73141,-24.4249
23190,P1,BASE,-80.00,-80.00,-160,R,73109,-24.4249
23200,P1,BASE,-80.00,-80.00,-160,R,73077,-24.4249
23210,P1,BASE,-80.00,-80.01,-160,R,73045,-24.4248
23220,P1,BASE,-80.00,-79.99,-160,R,73013,-24.4249
23230,P1,BASE,-80.00,-80.01,-160,R,72981,-24.4248
23240,P1,BASE,-80.00,-80.01,-160,R,72949,-24.4247
23250,P1,BASE,-80.00,-80.00,-160,R,72917,-24.4247
23260,P1,BASE,-80.00,-77.48,-163,R,72886,-24.4499
23270,P1,BASE,-80.00,-77.50,-163,R,72855,-24.4749
23280,P1,BASE,-80.00,-80.00,-160,R,72823,-24.4749
23290,P1,BASE,-80.00,-77.50,-163,R,72792,-24.4999
23300,P1,BASE,-80.00,-82.51,-158,R,72759,-24.4748
23310,P1,BASE,-80.00,-80.00,-160,R,72727,-24.4748
23320,P1,BASE,-80.00,-80.00,-160,R,72695,-24.4748
23330,P1,BASE,-80.00,-77.44,-163,R,72664,-24.5004
23340,P1,BASE,-80.00,-80.07,-160,R,72632,-24.4997
23350,P1,BASE,-80.00,-79.98,-160,R,72600,-24.4999
23360,P1,BASE,-80.00,-79.95,-160,R,72568,-24.5004
23370,P1,BASE,-80.00,-77.55,-163,R,72537,-24.5249
23380,P1,BASE,-80.00,-77.51,-163,R,72506,-24.5498
23390,P1,BASE,-80.00,-79.98,-161,R,72474,-24.5500
23400,P1,BASE,-80.00,-80.00,-161,R,72442,-24.5500
23410,P1,BASE,-80.00,-80.02,-161,R,72410,-24.5497
23420,P1,BASE,-80.00,-80.00,-161,R,72378,-24.5497
23430,P1,BASE,-80.00,-79.99,-161,R,72346,-24.5498
23440,P1,BASE,-80.00,-77.49,-163,R,72315,-24.5749
23450,P1,BASE,-80.00,-77.50,-164,R,72284,-24.5999
23460,P1,BASE,-80.00,-77.52,-164,R,72253,-24.6247
23470,P1,BASE,-80.00,-77.48,-164,R,72222,-24.6499
23480,P1,BASE,-80.00,-77.48,-164,R,72191,-24.6750
23490,P1,BASE,-80.00,-82.52,-159,R,72158,-24.6498
23500,P1,BASE,-80.00,-77.50,-164,R,72127,-24.6748
23510,P1,BASE,-80.00,-79.98,-162,R,72095,-24.6750
23520,P1,BASE,-80.00,-82.51,-159,R,72062,-24.6499
23530,P1,BASE,-80.00,-80.02,-161,R,72030,-24.6498
23540,P1,BASE,-80.00,-80.00,-161,R,71998,-24.6498
23550,P1,BASE,-80.00,-80.01,-161,R,71966,-24.6497
23560,P1,BASE,-80.00,-84.97,-156,R,71932,-24.6000
23570,P1,BASE,-80.00,-80.02,-161,R,71900,-24.5997
23580,P1,BASE,-80.00,-82.48,-158,R,71867,-24.5749
23590,P1,BASE,-80.00,-80.02,-161,R,71835,-24.5747
23600,P1,BASE,-80.00,-79.98,-161,R,71803,-24.5750
23610,P1,BASE,-80.00,-80.00,-161,R,71771,-24.5750
23620,P1,BASE,-80.00,-82.52,-158,R,71738,-24.5497
23630,P1,BASE,-80.00,-77.48,-163,R,71707,-24.5750
23640,P1,BASE,-80.00,-80.01,-161,R,71675,-24.5749
23650,P1,BASE,-80.00,-79.98,-161,R,71643,-24.5750
23660,P1,BASE,-80.00,-80.02,-161,R,71611,-24.5748
23670,P1,BASE,-80.00,-77.51,-164,R,71580,-24.5997
23680,P1,BASE,-80.00,-82.48,-158,R,71547,-24.5750
23690,P1,BASE,-80.00,-77.50,-164,R,71516,-24.6000
23700,P1,BASE,-80.00,-80.01,-161,R,71484,-24.5999
23710,P1,BASE,-80.00,-84.98,-156,R,71450,-24.5501
23720,P1,BASE,-80.00,-77.53,-163,R,71419,-24.5747
23730,P1,BASE,-80.00,-82.50,-158,R,71386,-24.5497
23740,P1,BASE,-80.00,-77.49,-163,R,71355,-24.5748
23750,P1,BASE,-80.00,-82.48,-158,R,71322,-24.5500
23760,P1,BASE,-80.00,-80.00,-161,R,71290,-24.5500
23770,P1,BASE,-80.00,-82.52,-158,R,71257,-24.5247
23780,P1,BASE,-80.00,-82.50,-158,R,71224,-24.4997
23790,P1,BASE,-80.00,-82.48,-158,R,71191,-24.4749
23800,P1,BASE,-80.00,-80.01,-160,R,71159,-24.4748
23810,P1,BASE,-80.00,-82.51,-158,R,71126,-24.4497
23820,P1,BASE,-80.00,-79.98,-160,R,71094,-24.4500
23830,P1,BASE,-80.00,-80.00,-160,R,71062,-24.4500
23840,P1,BASE,-80.00,-80.01,-160,R,71030,-24.4499
23850,P1,BASE,-80.00,-80.01,-160,R,70998,-24.4498
23860,P1,BASE,-80.00,-80.01,-160,R,70966,-24.4497
23870,P1,BASE,-80.00,-79.98,-160,R,70934,-24.4499
23880,P1,BASE,-80.00,-79.98,-160,R,70902,-24.4501
23890,P1,BASE,-80.00,-80.01,-160,R,70870,-24.4500
23900,P1,BASE,-80.00,-82.52,-157,R,70837,-24.4247
23910,P1,BASE,-80.00,-77.49,-163,R,70806,-24.4498
23920,P1,BASE,-80.00,-80.01,-160,R,70774,-24.4497
23930,P1,BASE,-80.00,-82.49,-157,R,70741,-24.4248
23940,P1,BASE,-80.00,-79.99,-160,R,70709,-24.4249
23950,P1,BASE,-80.00,-80.02,-160,R,70677,-24.4247
23960,P1,BASE,-80.00,-80.00,-160,R,70645,-24.4247
23970,P1,BASE,-80.00,-79.98,-160,R,70613,-24.4250
23980,P1,BASE,-80.00,-80.00,-160,R,70581,-24.4250
23990,P1,BASE,-80.00,-80.02,-160,R,70549,-24.4247
24000,P1,BASE,-80.00,-80.00,-160,R,70517,-24.4247
24010,P1,BASE,-150.00,-77.48,-190,R,70486,-25.1500
24020,P1,BASE,-150.00,-80.01,-220,R,70454,-25.8499
24030,P1,BASE,-150.00,-87.50,-237,R,70419,-26.4749
24040,P1,BASE,-150.00,-94.98,-233,R,70381,-27.0251
24050,P1,BASE,-150.00,-107.52,-223,R,70338,-27.4499
24060,P1,BASE,-150.00,-112.51,-220,R,70293,-27.8248
24070,P1,BASE,-150.00,-119.93,-215,R,70245,-28.1255
24080,P1,BASE,-150.00,-122.57,-214,R,70196,-28.3997
24090,P1,BASE,-150.00,-125.00,-213,R,70146,-28.6497
24100,P1,BASE,-150.00,-127.46,-212,R,70095,-28.8751
24110,P1,BASE,-150.00,-135.04,-205,R,70041,-29.0247
24120,P1,BASE,-150.00,-135.00,-206,R,69987,-29.1747
24130,P1,BASE,-150.00,-135.01,-207,R,69933,-29.3246
24140,P1,BASE,-150.00,-132.50,-211,R,69880,-29.4996
24150,P1,BASE,-150.00,-134.97,-210,R,69826,-29.6498
24160,P1,BASE,-150.00,-137.47,-208,R,69771,-29.7751
24170,P1,BASE,-150.00,-140.03,-206,R,69715,-29.8748
24180,P1,BASE,-150.00,-142.53,-204,R,69658,-29.9496
24190,P1,BASE,-150.00,-144.90,-202,R,69600,-30.0006
24200,P1,BASE,-150.00,-145.06,-202,R,69542,-30.0500
24210,P1,BASE,-150.00,-142.50,-205,R,69485,-30.1250
24220,P1,BASE,-150.00,-147.51,-200,R,69426,-30.1498
24230,P1,BASE,-150.00,-142.51,-206,R,69369,-30.2247
24240,P1,BASE,-150.00,-142.50,-206,R,69312,-30.2997
24250,P1,BASE,-150.00,-142.51,-207,R,69255,-30.3746
24260,P1,BASE,-150.00,-142.46,-207,R,69198,-30.4500
24270,P1,BASE,-150.00,-145.04,-205,R,69140,-30.4996
24280,P1,BASE,-150.00,-144.96,-205,R,69082,-30.5500
24290,P1,BASE,-150.00,-145.04,-206,R,69024,-30.5996
24300,P1,BASE,-150.00,-142.44,-209,R,68967,-30.6751
24310,P1,BASE,-150.00,-142.56,-209,R,68910,-30.7495
24320,P1,BASE,-150.00,-147.49,-204,R,68851,-30.7747
24330,P1,BASE,-150.00,-142.47,-210,R,68794,-30.8500
24340,P1,BASE,-150.00,-150.00,-202,R,68734,-30.8500
24350,P1,BASE,-150.00,-142.54,-210,R,68677,-30.9246
24360,P1,BASE,-150.00,-144.99,-208,R,68619,-30.9747
24370,P1,BASE,-150.00,-145.00,-208,R,68561,-31.0247
24380,P1,BASE,-150.00,-147.49,-206,R,68502,-31.0498
24390,P1,BASE,-150.00,-147.49,-206,R,68443,-31.0750
24400,P1,BASE,-150.00,-147.50,-206,R,68384,-31.1000
24410,P1,BASE,-150.00,-150.03,-204,R,68324,-31.0997
24420,P1,BASE,-150.00,-147.50,-206,R,68265,-31.1247
24430,P1,BASE,-150.00,-150.01,-204,R,68205,-31.1245
24440,P1,BASE,-150.00,-149.97,-204,R,68145,-31.1248
24450,P1,BASE,-150.00,-144.99,-209,R,68087,-31.1750
24460,P1,BASE,-150.00,-145.01,-210,R,68029,-31.2248
24470,P1,BASE,-150.00,-145.00,-210,R,67971,-31.2748
24480,P1,BASE,-150.00,-150.00,-205,R,67911,-31.2748
24490,P1,BASE,-150.00,-147.49,-208,R,67852,-31.3000
24500,P1,BASE,-150.00,-147.44,-208,R,67793,-31.3256
24510,P1,BASE,-150.00,-145.10,-211,R,67735,-31.3746
24520,P1,BASE,-150.00,-144.97,-211,R,67677,-31.4249
24530,P1,BASE,-150.00,-147.50,-209,R,67618,-31.4499
24540,P1,BASE,-150.00,-150.00,-206,R,67558,-31.4499
24550,P1,BASE,-150.00,-145.03,-211,R,67500,-31.4996
24560,P1,BASE,-150.00,-144.94,-212,R,67442,-31.5501
24570,P1,BASE,-150.00,-145.03,-212,R,67384,-31.5998
24580,P1,BASE,-150.00,-149.99,-207,R,67324,-31.6000
24590,P1,BASE,-150.00,-152.48,-204,R,67263,-31.5752
24600,P1,BASE,-150.00,-152.55,-204,R,67202,-31.5497
24610,P1,BASE,-150.00,-152.50,-204,R,67141,-31.5247
24620,P1,BASE,-150.00,-152.47,-204,R,67080,-31.5000
24630,P1,BASE,-150.00,-152.53,-204,R,67019,-31.4747
24640,P1,BASE,-150.00,-152.50,-204,R,66958,-31.4497
24650,P1,BASE,-150.00,-147.51,-209,R,66899,-31.4746
24660,P1,BASE,-150.00,-147.50,-209,R,66840,-31.4995
24670,P1,BASE,-150.00,-149.91,-206,R,66780,-31.5005
24680,P1,BASE,-150.00,-147.54,-209,R,66721,-31.5250
24690,P1,BASE,-150.00,-150.05,-206,R,66661,-31.5246
24700,P1,BASE,-150.00,-150.00,-207,R,66601,-31.5246
24710,P1,BASE,-150.00,-147.46,-209,R,66542,-31.5500
24720,P1,BASE,-150.00,-150.03,-207,R,66482,-31.5497
24730,P1,BASE,-150.00,-150.00,-207,R,66422,-31.5497
24740,P1,BASE,-150.00,-150.01,-207,R,66362,-31.5495
24750,P1,BASE,-150.00,-149.97,-207,R,66302,-31.5498
24760,P1,BASE,-150.00,-147.51,-209,R,66243,-31.5747
24770,P1,BASE,-150.00,-147.50,-210,R,66184,-31.5997
24780,P1,BASE,-150.00,-149.99,-207,R,66124,-31.5999
24790,P1,BASE,-150.00,-152.52,-204,R,66063,-31.5747
24800,P1,BASE,-150.00,-150.00,-207,R,66003,-31.5747
24810,P1,BASE,-150.00,-152.52,-204,R,65942,-31.5495
24820,P1,BASE,-150.00,-149.99,-207,R,65882,-31.5497
24830,P1,BASE,-150.00,-154.95,-201,R,65820,-31.5002
24840,P1,BASE,-150.00,-150.06,-206,R,65760,-31.4996
24850,P1,BASE,-150.00,-147.47,-209,R,65701,-31.5249
24860,P1,BASE,-150.00,-147.51,-209,R,65642,-31.5497
24870,P1,BASE,-150.00,-147.49,-209,R,65583,-31.5749
24880,P1,BASE,-150.00,-152.48,-204,R,65522,-31.5500
24890,P1,BASE,-150.00,-145.00,-212,R,65464,-31.6000
24900,P1,BASE,-150.00,-152.50,-204,R,65403,-31.5750
24910,P1,BASE,-150.00,-145.03,-212,R,65345,-31.6247
24920,P1,BASE,-150.00,-147.51,-210,R,65286,-31.6496
24930,P1,BASE,-150.00,-149.94,-207,R,65226,-31.6502
24940,P1,BASE,-150.00,-147.51,-210,R,65167,-31.6750
24950,P1,BASE,-150.00,-147.54,-210,R,65108,-31.6996
24960,P1,BASE,-150.00,-147.43,-210,R,65049,-31.7253
24970,P1,BASE,-150.00,-145.07,-213,R,64991,-31.7746
24980,P1,BASE,-150.00,-149.96,-208,R,64931,-31.7750
24990,P1,BASE,-150.00,-152.55,-205,R,64870,-31.7496
25000,P1,BASE,-150.00,-154.97,-203,R,64808,-31.6999
25010,P1,BASE,-150.00,-152.47,-205,R,64747,-31.6752
25020,P1,BASE,-150.00,-152.52,-205,R,64686,-31.6500
25030,P1,BASE,-150.00,-155.02,-202,R,64624,-31.5999
25040,P1,BASE,-150.00,-152.52,-204,R,64563,-31.5747
25050,P1,BASE,-150.00,-147.49,-210,R,64504,-31.5999
25060,P1,BASE,-150.00,-150.03,-207,R,64444,-31.5996
25070,P1,BASE,-150.00,-147.50,-210,R,64385,-31.6246
25080,P1,BASE,-150.00,-152.48,-205,R,64324,-31.5997
25090,P1,BASE,-150.00,-150.00,-207,R,64264,-31.5997
25100,P1,BASE,-150.00,-152.47,-204,R,64203,-31.5750
25110,P1,BASE,-150.00,-145.04,-212,R,64145,-31.6246
25120,P1,BASE,-150.00,-147.49,-210,R,64086,-31.6498
25130,P1,BASE,-150.00,-152.50,-205,R,64025,-31.6248
25140,P1,BASE,-150.00,-150.01,-207,R,63965,-31.6246
25150,P1,BASE,-150.00,-149.96,-207,R,63905,-31.6251
25160,P1,BASE,-150.00,-150.05,-207,R,63845,-31.6246
25170,P1,BASE,-150.00,-147.49,-210,R,63786,-31.6498
25180,P1,BASE,-150.00,-150.01,-207,R,63726,-31.6496
25190,P1,BASE,-150.00,-150.00,-207,R,63666,-31.6496
25200,P1,BASE,-150.00,-152.45,-205,R,63605,-31.6251
25210,P1,BASE,-150.00,-152.55,-204,R,63544,-31.5996
25220,P1,BASE,-150.00,-152.45,-204,R,63483,-31.5751
25230,P1,BASE,-150.00,-152.52,-204,R,63422,-31.5499
25240,P1,BASE,-150.00,-150.03,-207,R,63362,-31.5496
25250,P1,BASE,-150.00,-149.94,-207,R,63302,-31.5502
25260,P1,BASE,-150.00,-145.06,-212,R,63244,-31.5996
25270,P1,BASE,-150.00,-147.47,-210,R,63185,-31.6249
25280,P1,BASE,-150.00,-154.94,-202,R,63123,-31.5756
25290,P1,BASE,-150.00,-147.57,-210,R,63064,-31.5998
25300,P1,BASE,-150.00,-150.00,-207,R,63004,-31.5998
25310,P1,BASE,-150.00,-145.00,-212,R,62946,-31.6498
25320,P1,BASE,-150.00,-147.51,-210,R,62887,-31.6747
25330,P1,BASE,-150.00,-149.96,-208,R,62827,-31.6751
25340,P1,BASE,-150.00,-150.00,-208,R,62767,-31.6751
25350,P1,BASE,-150.00,-145.01,-213,R,62709,-31.7250
25360,P1,BASE,-150.00,-147.49,-211,R,62650,-31.7501
25370,P1,BASE,-150.00,-147.53,-211,R,62591,-31.7748
25380,P1,BASE,-150.00,-152.42,-206,R,62530,-31.7506
25390,P1,BASE,-150.00,-150.06,-208,R,62470,-31.7500
25400,P1,BASE,-150.00,-154.98,-203,R,62408,-31.7001
25410,P1,BASE,-150.00,-155.02,-202,R,62346,-31.6500
25420,P1,BASE,-150.00,-152.53,-205,R,62285,-31.6247
25430,P1,BASE,-150.00,-154.97,-202,R,62223,-31.5750
25440,P1,BASE,-150.00,-149.99,-207,R,62163,-31.5751
25450,P1,BASE,-150.00,-150.01,-207,R,62103,-31.5750
25460,P1,BASE,-150.00,-150.00,-207,R,62043,-31.5750
25470,P1,BASE,-150.00,-147.53,-210,R,61984,-31.5997
25480,P1,BASE,-150.00,-150.00,-207,R,61924,-31.5997
25490,P1,BASE,-150.00,-152.47,-204,R,61863,-31.5750
25500,P1,BASE,-150.00,-149.99,-207,R,61803,-31.5751
25510,P1,BASE,-150.00,-147.51,-210,R,61744,-31.6000
25520,P1,BASE,-150.00,-147.53,-210,R,61685,-31.6247
25530,P1,BASE,-150.00,-152.47,-205,R,61624,-31.6000
25540,P1,BASE,-150.00,-152.41,-204,R,61563,-31.5759
25550,P1,BASE,-150.00,-147.60,-209,R,61504,-31.5999
25560,P1,BASE,-150.00,-150.01,-207,R,61444,-31.5997
25570,P1,BASE,-150.00,-147.43,-210,R,61385,-31.6255
25580,P1,BASE,-150.00,-150.03,-207,R,61325,-31.6252
25590,P1,BASE,-150.00,-150.00,-207,R,61265,-31.6252
25600,P1,BASE,-150.00,-149.99,-207,R,61205,-31.6253
25610,P1,BASE,-150.00,-152.55,-204,R,61144,-31.5999
25620,P1,BASE,-150.00,-152.45,-204,R,61083,-31.5753
25630,P1,BASE,-150.00,-152.56,-204,R,61022,-31.5497
25640,P1,BASE,-150.00,-152.45,-204,R,60961,-31.5252
25650,P1,BASE,-150.00,-147.53,-209,R,60902,-31.5499
25660,P1,BASE,-150.00,-147.49,-209,R,60843,-31.5750
25670,P1,BASE,-150.00,-147.50,-210,R,60784,-31.6000
25680,P1,BASE,-150.00,-152.48,-204,R,60723,-31.5752
25690,P1,BASE,-150.00,-147.50,-210,R,60664,-31.6002
25700,P1,BASE,-150.00,-150.03,-207,R,60604,-31.5999
25710,P1,BASE,-150.00,-145.01,-212,R,60546,-31.6497
25720,P1,BASE,-150.00,-147.44,-210,R,60487,-31.6753
25730,P1,BASE,-150.00,-150.01,-208,R,60427,-31.6752
25740,P1,BASE,-150.00,-149.97,-208,R,60367,-31.6755
25750,P1,BASE,-150.00,-145.03,-213,R,60309,-31.7252
25760,P1,BASE,-150.00,-147.53,-211,R,60250,-31.7499
25770,P1,BASE,-150.00,-147.50,-211,R,60191,-31.7749
25780,P1,BASE,-150.00,-150.01,-208,R,60131,-31.7747
25790,P1,BASE,-150.00,-152.47,-206,R,60070,-31.7500
25800,P1,BASE,-150.00,-154.94,-203,R,60008,-31.7007
25810,P1,BASE,-150.00,-152.56,-205,R,59947,-31.6751
25820,P1,BASE,-150.00,-154.98,-202,R,59885,-31.6252
25830,P1,BASE,-150.00,-152.50,-204,R,59824,-31.6002
25840,P1,BASE,-150.00,-152.55,-204,R,59763,-31.5748
25850,P1,BASE,-150.00,-149.96,-207,R,59703,-31.5752
25860,P1,BASE,-150.00,-150.01,-207,R,59643,-31.5751
25870,P1,BASE,-150.00,-147.50,-210,R,59584,-31.6000
25880,P1,BASE,-150.00,-150.00,-207,R,59524,-31.6000
25890,P1,BASE,-150.00,-149.99,-207,R,59464,-31.6002
25900,P1,BASE,-150.00,-152.53,-204,R,59403,-31.5749
25910,P1,BASE,-150.00,-144.97,-212,R,59345,-31.6252
25920,P1,BASE,-150.00,-150.01,-207,R,59285,-31.6250
25930,P1,BASE,-150.00,-152.50,-204,R,59224,-31.6000
25940,P1,BASE,-150.00,-147.53,-210,R,59165,-31.6247
25950,P1,BASE,-150.00,-149.94,-207,R,59105,-31.6253
25960,P1,BASE,-150.00,-150.03,-207,R,59045,-31.6250
25970,P1,BASE,-150.00,-147.49,-210,R,58986,-31.6502
25980,P1,BASE,-150.00,-150.05,-207,R,58926,-31.6497
25990,P1,BASE,-150.00,-150.00,-207,R,58866,-31.6497
26000,P1,BASE,-150.00,-152.48,-205,R,58805,-31.6249
26010,P1,BASE,-150.00,-152.47,-205,R,58744,-31.6002
26020,P1,BASE,-150.00,-150.00,-207,R,58684,-31.6002
26030,P1,BASE,-150.00,-155.05,-202,R,58622,-31.5497
26040,P1,BASE,-150.00,-149.94,-207,R,58562,-31.5503
26050,P1,BASE,-150.00,-150.05,-207,R,58502,-31.5499
26060,P1,BASE,-150.00,-147.49,-209,R,58443,-31.5750
26070,P1,BASE,-150.00,-147.51,-210,R,58384,-31.5999
26080,P1,BASE,-150.00,-152.50,-204,R,58323,-31.5749
26090,P1,BASE,-150.00,-147.49,-210,R,58264,-31.6000
26100,P1,BASE,-150.00,-150.01,-207,R,58204,-31.5999
26110,P1,BASE,-150.00,-145.01,-212,R,58146,-31.6497
26120,P1,BASE,-150.00,-147.47,-210,R,58087,-31.6750
26130,P1,BASE,-150.00,-150.03,-207,R,58027,-31.6747
26140,P1,BASE,-150.00,-149.97,-208,R,57967,-31.6750
26150,P1,BASE,-150.00,-147.53,-210,R,57908,-31.6997
26160,P1,BASE,-150.00,-144.96,-213,R,57850,-31.7502
26170,P1,BASE,-150.00,-145.00,-213,R,57792,-31.8002
26180,P1,BASE,-150.00,-152.53,-206,R,57731,-31.7749
26190,P1,BASE,-150.00,-152.45,-206,R,57670,-31.7503
26200,P1,BASE,-150.00,-152.52,-205,R,57609,-31.7252
26210,P1,BASE,-150.00,-155.03,-202,R,57547,-31.6749
26220,P1,BASE,-150.00,-152.50,-205,R,57486,-31.6499
26230,P1,BASE,-150.00,-154.95,-202,R,57424,-31.6003
26240,P1,BASE,-150.00,-152.56,-204,R,57363,-31.5747
26250,P1,BASE,-150.00,-147.49,-210,R,57304,-31.5999
26260,P1,BASE,-150.00,-150.00,-207,R,57244,-31.5999
26270,P1,BASE,-150.00,-147.46,-210,R,57185,-31.6253
26280,P1,BASE,-150.00,-152.47,-205,R,57124,-31.6006
26290,P1,BASE,-150.00,-150.05,-207,R,57064,-31.6002
26300,P1,BASE,-150.00,-150.05,-207,R,57004,-31.5997
26310,P1,BASE,-150.00,-147.47,-210,R,56945,-31.6250
26320,P1,BASE,-150.00,-147.50,-210,R,56886,-31.6500
26330,P1,BASE,-150.00,-152.53,-205,R,56825,-31.6247
26340,P1,BASE,-150.00,-152.50,-204,R,56764,-31.5997
26350,P1,BASE,-150.00,-147.49,-210,R,56705,-31.6248
26360,P1,BASE,-150.00,-149.99,-207,R,56645,-31.6250
26370,P1,BASE,-150.00,-147.50,-210,R,56586,-31.6500
26380,P1,BASE,-150.00,-149.99,-207,R,56526,-31.6501
26390,P1,BASE,-150.00,-150.00,-207,R,56466,-31.6501
26400,P1,BASE,-150.00,-149.99,-207,R,56406,-31.6503
26410,P1,BASE,-150.00,-152.55,-205,R,56345,-31.6248
26420,P1,BASE,-150.00,-152.52,-204,R,56284,-31.5997
26430,P1,BASE,-150.00,-152.50,-204,R,56223,-31.5747
26440,P1,BASE,-150.00,-152.47,-204,R,56162,-31.5500
26450,P1,BASE,-150.00,-147.50,-209,R,56103,-31.5750
26460,P1,BASE,-150.00,-147.51,-210,R,56044,-31.5998
26470,P1,BASE,-150.00,-147.50,-210,R,55985,-31.6248
26480,P1,BASE,-150.00,-152.42,-205,R,55924,-31.6006
26490,P1,BASE,-150.00,-147.56,-210,R,55865,-31.6250
26500,P1,BASE,-150.00,-147.51,-210,R,55806,-31.6499
26510,P1,BASE,-150.00,-147.47,-210,R,55747,-31.6752
26520,P1,BASE,-150.00,-147.54,-210,R,55688,-31.6997
26530,P1,BASE,-150.00,-150.00,-208,R,55628,-31.6997
26540,P1,BASE,-150.00,-149.93,-208,R,55568,-31.7005
26550,P1,BASE,-150.00,-145.01,-213,R,55510,-31.7503
26560,P1,BASE,-150.00,-147.56,-211,R,55451,-31.7747
26570,P1,BASE,-150.00,-145.00,-214,R,55393,-31.8247
26580,P1,BASE,-150.00,-152.48,-206,R,55332,-31.7999
26590,P1,BASE,-150.00,-152.52,-206,R,55271,-31.7747
26600,P1,BASE,-150.00,-152.47,-206,R,55210,-31.7500
26610,P1,BASE,-150.00,-155.00,-203,R,55148,-31.7000
26620,P1,BASE,-150.00,-152.53,-205,R,55087,-31.6747
26630,P1,BASE,-150.00,-155.00,-202,R,55025,-31.6247
26640,P1,BASE,-150.00,-152.45,-205,R,54964,-31.6002
26650,P1,BASE,-150.00,-149.96,-207,R,54904,-31.6006
26660,P1,BASE,-150.00,-147.59,-210,R,54845,-31.6248
26670,P1,BASE,-150.00,-149.97,-207,R,54785,-31.6251
26680,P1,BASE,-150.00,-149.97,-207,R,54725,-31.6254
26690,P1,BASE,-150.00,-150.00,-207,R,54665,-31.6254
26700,P1,BASE,-150.00,-150.00,-207,R,54605,-31.6254
26710,P1,BASE,-150.00,-147.54,-210,R,54546,-31.6499
26720,P1,BASE,-150.00,-149.96,-207,R,54486,-31.6504
26730,P1,BASE,-150.00,-150.06,-207,R,54426,-31.6498
26740,P1,BASE,-150.00,-149.97,-207,R,54366,-31.6501
26750,P1,BASE,-150.00,-149.97,-207,R,54306,-31.6504
26760,P1,BASE,-150.00,-150.01,-207,R,54246,-31.6502
26770,P1,BASE,-150.00,-145.03,-213,R,54188,-31.6999
26780,P1,BASE,-150.00,-152.48,-205,R,54127,-31.6751
26790,P1,BASE,-150.00,-150.01,-208,R,54067,-31.6749
26800,P1,BASE,-150.00,-150.00,-208,R,54007,-31.6749
26810,P1,BASE,-150.00,-152.48,-205,R,53946,-31.6501
26820,P1,BASE,-150.00,-152.47,-205,R,53885,-31.6254
26830,P1,BASE,-150.00,-155.03,-202,R,53823,-31.5751
26840,P1,BASE,-150.00,-150.00,-207,R,53763,-31.5751
26850,P1,BASE,-150.00,-150.03,-207,R,53703,-31.5748
26860,P1,BASE,-150.00,-147.49,-210,R,53644,-31.5999
26870,P1,BASE,-150.00,-147.47,-210,R,53585,-31.6252
26880,P1,BASE,-150.00,-152.52,-204,R,53524,-31.6001
26890,P1,BASE,-150.00,-147.50,-210,R,53465,-31.6251
26900,P1,BASE,-150.00,-150.03,-207,R,53405,-31.6248
26910,P1,BASE,-150.00,-144.97,-213,R,53347,-31.6751
26920,P1,BASE,-150.00,-147.53,-210,R,53288,-31.6998
26930,P1,BASE,-150.00,-152.42,-205,R,53227,-31.6755
26940,P1,BASE,-150.00,-147.54,-210,R,53168,-31.7001
26950,P1,BASE,-150.00,-147.53,-210,R,53109,-31.7248
26960,P1,BASE,-150.00,-144.96,-213,R,53051,-31.7752
26970,P1,BASE,-150.00,-147.54,-211,R,52992,-31.7998
26980,P1,BASE,-150.00,-150.00,-208,R,52932,-31.7998
26990,P1,BASE,-150.00,-152.45,-206,R,52871,-31.7752
27000,P1,BASE,-150.00,-152.50,-205,R,52810,-31.7502
27010,P1,BASE,-200.00,-155.05,-235,R,52748,-31.7502
27020,P1,BASE,-200.00,-154.94,-255,R,52686,-31.7502
27030,P1,BASE,-200.00,-165.03,-246,R,52620,-32.0999
27040,P1,BASE,-200.00,-167.50,-246,R,52553,-32.4249
27050,P1,BASE,-200.00,-169.98,-245,R,52485,-32.7251
27060,P1,BASE,-200.00,-174.98,-242,R,52415,-32.9753
27070,P1,BASE,-200.00,-180.04,-238,R,52343,-33.1749
27080,P1,BASE,-200.00,-182.54,-236,R,52270,-33.3495
27090,P1,BASE,-200.00,-182.48,-238,R,52197,-33.5247
27100,P1,BASE,-200.00,-185.02,-236,R,52123,-33.6745
27110,P1,BASE,-200.00,-189.96,-232,R,52047,-33.7749
27120,P1,BASE,-200.00,-189.98,-232,R,51971,-33.8751
27130,P1,BASE,-200.00,-192.50,-230,R,51894,-33.9501
27140,P1,BASE,-200.00,-190.06,-233,R,51818,-34.0495
27150,P1,BASE,-200.00,-192.50,-231,R,51741,-34.1245
27160,P1,BASE,-200.00,-194.94,-229,R,51663,-34.1751
27170,P1,BASE,-200.00,-195.02,-229,R,51585,-34.2249
27180,P1,BASE,-200.00,-200.00,-224,R,51505,-34.2249
27190,P1,BASE,-200.00,-199.98,-224,R,51425,-34.2251
27200,P1,BASE,-200.00,-197.54,-227,R,51346,-34.2497
27210,P1,BASE,-200.00,-192.52,-233,R,51269,-34.3245
27220,P1,BASE,-200.00,-192.50,-233,R,51192,-34.3995
27230,P1,BASE,-200.00,-202.48,-223,R,51111,-34.3747
27240,P1,BASE,-200.00,-189.96,-236,R,51035,-34.4751
27250,P1,BASE,-200.00,-192.48,-234,R,50958,-34.5503
27260,P1,BASE,-200.00,-192.58,-234,R,50881,-34.6245
27270,P1,BASE,-200.00,-197.44,-230,R,50802,-34.6501
27280,P1,BASE,-200.00,-192.52,-235,R,50725,-34.7249
27290,P1,BASE,-200.00,-192.48,-236,R,50648,-34.8001
27300,P1,BASE,-200.00,-192.56,-236,R,50571,-34.8745
27310,P1,BASE,-200.00,-197.46,-231,R,50492,-34.8999
27320,P1,BASE,-200.00,-202.52,-226,R,50411,-34.8747
27330,P1,BASE,-200.00,-205.00,-223,R,50329,-34.8247
27340,P1,BASE,-200.00,-202.46,-226,R,50248,-34.8001
27350,P1,BASE,-200.00,-202.52,-225,R,50167,-34.7749
27360,P1,BASE,-200.00,-199.98,-228,R,50087,-34.7751
27370,P1,BASE,-200.00,-197.52,-231,R,50008,-34.7999
27380,P1,BASE,-200.00,-197.54,-231,R,49929,-34.8245
27390,P1,BASE,-200.00,-199.96,-228,R,49849,-34.8249
27400,P1,BASE,-200.00,-197.54,-231,R,49770,-34.8495
27410,P1,BASE,-200.00,-194.92,-234,R,49692,-34.9003
27420,P1,BASE,-200.00,-200.00,-229,R,49612,-34.9003
27430,P1,BASE,-200.00,-200.02,-229,R,49532,-34.9001
27440,P1,BASE,-200.00,-195.04,-234,R,49454,-34.9497
27450,P1,BASE,-200.00,-197.46,-232,R,49375,-34.9751
27460,P1,BASE,-200.00,-200.02,-229,R,49295,-34.9749
27470,P1,BASE,-200.00,-199.98,-229,R,49215,-34.9751
27480,P1,BASE,-200.00,-202.48,-227,R,49134,-34.9503
27490,P1,BASE,-200.00,-205.02,-224,R,49052,-34.9001
27500,P1,BASE,-200.00,-202.54,-226,R,48971,-34.8747
27510,P1,BASE,-200.00,-197.48,-231,R,48892,-34.8999
27520,P1,BASE,-200.00,-197.52,-231,R,48813,-34.9247
27530,P1,BASE,-200.00,-199.98,-229,R,48733,-34.9249
27540,P1,BASE,-200.00,-197.50,-232,R,48654,-34.9499
27550,P1,BASE,-200.00,-197.52,-232,R,48575,-34.9747
27560,P1,BASE,-200.00,-192.46,-237,R,48498,-35.0501
27570,P1,BASE,-200.00,-200.00,-230,R,48418,-35.0501
27580,P1,BASE,-200.00,-197.50,-232,R,48339,-35.0751
27590,P1,BASE,-200.00,-192.50,-238,R,48262,-35.1501
27600,P1,BASE,-200.00,-192.54,-238,R,48185,-35.2247
27610,P1,BASE,-200.00,-202.48,-228,R,48104,-35.1999
27620,P1,BASE,-200.00,-202.48,-228,R,48023,-35.1751
27630,P1,BASE,-200.00,-205.02,-225,R,47941,-35.1249
27640,P1,BASE,-200.00,-205.04,-225,R,47859,-35.0745
27650,P1,BASE,-200.00,-204.90,-225,R,47777,-35.0255
27660,P1,BASE,-200.00,-200.10,-229,R,47697,-35.0245
27670,P1,BASE,-200.00,-199.92,-230,R,47617,-35.0253
27680,P1,BASE,-200.00,-200.04,-229,R,47537,-35.0249
27690,P1,BASE,-200.00,-197.54,-232,R,47458,-35.0495
27700,P1,BASE,-200.00,-199.98,-230,R,47378,-35.0497
27710,P1,BASE,-200.00,-199.84,-230,R,47298,-35.0513
27720,P1,BASE,-200.00,-197.64,-232,R,47219,-35.0750
27730,P1,BASE,-200.00,-200.00,-230,R,47139,-35.0750
27740,P1,BASE,-200.00,-197.50,-233,R,47060,-35.1000
27750,P1,BASE,-200.00,-197.52,-233,R,46981,-35.1248
27760,P1,BASE,-200.00,-202.40,-228,R,46900,-35.1008
27770,P1,BASE,-200.00,-200.10,-230,R,46820,-35.0998
27780,P1,BASE,-200.00,-202.52,-227,R,46739,-35.0746
27790,P1,BASE,-200.00,-204.98,-224,R,46657,-35.0248
27800,P1,BASE,-200.00,-204.96,-224,R,46575,-34.9752
27810,P1,BASE,-200.00,-197.52,-232,R,46496,-35.0000
27820,P1,BASE,-200.00,-197.46,-232,R,46417,-35.0254
27830,P1,BASE,-200.00,-200.04,-229,R,46337,-35.0250
27840,P1,BASE,-200.00,-197.50,-232,R,46258,-35.0500
27850,P1,BASE,-200.00,-197.52,-232,R,46179,-35.0748
27860,P1,BASE,-200.00,-194.94,-235,R,46101,-35.1254
27870,P1,BASE,-200.00,-197.50,-233,R,46022,-35.1504
27880,P1,BASE,-200.00,-197.50,-233,R,45943,-35.1754
27890,P1,BASE,-200.00,-192.56,-239,R,45866,-35.2498
27900,P1,BASE,-200.00,-194.96,-236,R,45788,-35.3002
27910,P1,BASE,-200.00,-202.50,-229,R,45707,-35.2752
27920,P1,BASE,-200.00,-202.54,-228,R,45626,-35.2498
27930,P1,BASE,-200.00,-204.96,-226,R,45544,-35.2002
27940,P1,BASE,-200.00,-207.46,-223,R,45461,-35.1256
27950,P1,BASE,-200.00,-202.54,-227,R,45380,-35.1002
27960,P1,BASE,-200.00,-202.50,-227,R,45299,-35.0752
27970,P1,BASE,-200.00,-200.02,-230,R,45219,-35.0750
27980,P1,BASE,-200.00,-200.02,-230,R,45139,-35.0748
27990,P1,BASE,-200.00,-197.48,-233,R,45060,-35.1000
28000,P1,BASE,-200.00,-199.98,-230,R,44980,-35.1002
28010,P1,BASE,-200.00,-197.54,-233,R,44901,-35.1248
28020,P1,BASE,-200.00,-199.98,-230,R,44821,-35.1250
28030,P1,BASE,-200.00,-199.96,-230,R,44741,-35.1254
28040,P1,BASE,-200.00,-197.58,-233,R,44662,-35.1496
28050,P1,BASE,-200.00,-199.96,-230,R,44582,-35.1500
28060,P1,BASE,-200.00,-199.98,-230,R,44502,-35.1502
28070,P1,BASE,-200.00,-200.00,-230,R,44422,-35.1502
28080,P1,BASE,-200.00,-205.04,-225,R,44340,-35.0998
28090,P1,BASE,-200.00,-204.98,-225,R,44258,-35.0500
28100,P1,BASE,-200.00,-202.52,-227,R,44177,-35.0248
28110,P1,BASE,-200.00,-199.96,-230,R,44097,-35.0252
28120,P1,BASE,-200.00,-197.52,-232,R,44018,-35.0500
28130,P1,BASE,-200.00,-199.94,-230,R,43938,-35.0506
28140,P1,BASE,-200.00,-197.56,-232,R,43859,-35.0750
28150,P1,BASE,-200.00,-199.98,-230,R,43779,-35.0752
28160,P1,BASE,-200.00,-192.54,-238,R,43702,-35.1498
28170,P1,BASE,-200.00,-197.46,-233,R,43623,-35.1752
28180,P1,BASE,-200.00,-200.06,-230,R,43543,-35.1746
28190,P1,BASE,-200.00,-192.44,-239,R,43466,-35.2502
28200,P1,BASE,-200.00,-192.54,-239,R,43389,-35.3248
28210,P1,BASE,-200.00,-204.86,-226,R,43307,-35.2762
28220,P1,BASE,-200.00,-202.66,-228,R,43226,-35.2496
28230,P1,BASE,-200.00,-204.96,-226,R,43144,-35.2000
28240,P1,BASE,-200.00,-207.44,-223,R,43061,-35.1256
28250,P1,BASE,-200.00,-202.54,-227,R,42980,-35.1002
28260,P1,BASE,-200.00,-202.56,-227,R,42899,-35.0746
28270,P1,BASE,-200.00,-199.96,-230,R,42819,-35.0750
28280,P1,BASE,-200.00,-200.00,-230,R,42739,-35.0750
28290,P1,BASE,-200.00,-197.50,-233,R,42660,-35.1000
28300,P1,BASE,-200.00,-202.50,-227,R,42579,-35.0750
28310,P1,BASE,-200.00,-195.02,-235,R,42501,-35.1248
28320,P1,BASE,-200.00,-202.42,-228,R,42420,-35.1006
28330,P1,BASE,-200.00,-200.10,-230,R,42340,-35.0996
28340,P1,BASE,-200.00,-197.48,-233,R,42261,-35.1248
28350,P1,BASE,-200.00,-195.00,-236,R,42183,-35.1748
28360,P1,BASE,-200.00,-202.48,-228,R,42102,-35.1500
28370,P1,BASE,-200.00,-200.04,-230,R,42022,-35.1496
28380,P1,BASE,-200.00,-204.96,-225,R,41940,-35.1001
28390,P1,BASE,-200.00,-204.98,-225,R,41858,-35.0503
28400,P1,BASE,-200.00,-202.50,-227,R,41777,-35.0253
28410,P1,BASE,-200.00,-200.02,-230,R,41697,-35.0251
28420,P1,BASE,-200.00,-197.52,-232,R,41618,-35.0499
28430,P1,BASE,-200.00,-200.02,-230,R,41538,-35.0497
28440,P1,BASE,-200.00,-197.50,-232,R,41459,-35.0747
28450,P1,BASE,-200.00,-200.00,-230,R,41379,-35.0747
28460,P1,BASE,-200.00,-192.50,-238,R,41302,-35.1497
28470,P1,BASE,-200.00,-200.00,-230,R,41222,-35.1497
28480,P1,BASE,-200.00,-197.48,-233,R,41143,-35.1749
28490,P1,BASE,-200.00,-192.48,-239,R,41066,-35.2501
28500,P1,BASE,-200.00,-194.96,-236,R,40988,-35.3004
28510,P1,BASE,-200.00,-200.06,-231,R,40908,-35.2998
28520,P1,BASE,-200.00,-202.46,-229,R,40827,-35.2752
28530,P1,BASE,-200.00,-207.48,-223,R,40744,-35.2005
28540,P1,BASE,-200.00,-207.52,-223,R,40661,-35.1253
28550,P1,BASE,-200.00,-202.52,-227,R,40580,-35.1000
28560,P1,BASE,-200.00,-202.40,-227,R,40499,-35.0761
28570,P1,BASE,-200.00,-197.62,-232,R,40420,-35.0999
28580,P1,BASE,-200.00,-200.00,-230,R,40340,-35.0999
28590,P1,BASE,-200.00,-200.02,-230,R,40260,-35.0997
28600,P1,BASE,-200.00,-199.94,-230,R,40180,-35.1003
28610,P1,BASE,-200.00,-197.54,-233,R,40101,-35.1249
28620,P1,BASE,-200.00,-199.98,-230,R,40021,-35.1251
28630,P1,BASE,-200.00,-200.02,-230,R,39941,-35.1249
28640,P1,BASE,-200.00,-197.50,-233,R,39862,-35.1499
28650,P1,BASE,-200.00,-197.44,-233,R,39783,-35.1755
28660,P1,BASE,-200.00,-200.08,-230,R,39703,-35.1747
28670,P1,BASE,-200.00,-202.46,-228,R,39622,-35.1501
28680,P1,BASE,-200.00,-202.54,-228,R,39541,-35.1247
28690,P1,BASE,-200.00,-204.96,-225,R,39459,-35.0751
28700,P1,BASE,-200.00,-205.00,-224,R,39377,-35.0251
28710,P1,BASE,-200.00,-197.46,-232,R,39298,-35.0505
28720,P1,BASE,-200.00,-200.04,-230,R,39218,-35.0501
28730,P1,BASE,-200.00,-197.50,-232,R,39139,-35.0751
28740,P1,BASE,-200.00,-197.54,-233,R,39060,-35.0997
28750,P1,BASE,-200.00,-197.46,-233,R,38981,-35.1251
28760,P1,BASE,-200.00,-195.00,-236,R,38903,-35.1751
28770,P1,BASE,-200.00,-199.96,-231,R,38823,-35.1755
28780,P1,BASE,-200.00,-197.52,-233,R,38744,-35.2003
28790,P1,BASE,-200.00,-192.52,-239,R,38667,-35.2751
28800,P1,BASE,-200.00,-195.02,-237,R,38589,-35.3249
28810,P1,BASE,-200.00,-200.02,-231,R,38509,-35.3247
28820,P1,BASE,-200.00,-204.98,-226,R,38427,-35.2749
28830,P1,BASE,-200.00,-205.00,-226,R,38345,-35.2249
28840,P1,BASE,-200.00,-207.46,-223,R,38262,-35.1503
28850,P1,BASE,-200.00,-205.02,-225,R,38180,-35.1001
28860,P1,BASE,-200.00,-199.96,-230,R,38100,-35.1005
28870,P1,BASE,-200.00,-200.06,-230,R,38020,-35.0999
28880,P1,BASE,-200.00,-197.46,-233,R,37941,-35.1253
28890,P1,BASE,-200.00,-202.56,-227,R,37860,-35.0997
28900,P1,BASE,-200.00,-197.44,-233,R,37781,-35.1253
28910,P1,BASE,-200.00,-200.06,-230,R,37701,-35.1247
28920,P1,BASE,-200.00,-200.00,-230,R,37621,-35.1247
28930,P1,BASE,-200.00,-200.00,-230,R,37541,-35.1247
28940,P1,BASE,-200.00,-197.46,-233,R,37462,-35.1501
28950,P1,BASE,-200.00,-195.00,-236,R,37384,-35.2001
28960,P1,BASE,-200.00,-202.54,-228,R,37303,-35.1747
28970,P1,BASE,-200.00,-199.98,-231,R,37223,-35.1749
28980,P1,BASE,-200.00,-204.94,-225,R,37141,-35.1255
28990,P1,BASE,-200.00,-205.02,-225,R,37059,-35.0753
29000,P1,BASE,-200.00,-202.52,-227,R,36978,-35.0501
29010,P1,BASE,-200.00,-200.04,-230,R,36898,-35.0497
29020,P1,BASE,-200.00,-197.48,-232,R,36819,-35.0749
29030,P1,BASE,-200.00,-199.98,-230,R,36739,-35.0751
29040,P1,BASE,-200.00,-197.54,-233,R,36660,-35.0997
29050,P1,BASE,-200.00,-197.48,-233,R,36581,-35.1249
29060,P1,BASE,-200.00,-194.98,-236,R,36503,-35.1751
29070,P1,BASE,-200.00,-199.90,-231,R,36423,-35.1761
29080,P1,BASE,-200.00,-197.64,-233,R,36344,-35.1997
29090,P1,BASE,-200.00,-192.46,-239,R,36267,-35.2751
29100,P1,BASE,-200.00,-192.54,-239,R,36190,-35.3497
29110,P1,BASE,-200.00,-202.46,-229,R,36109,-35.3251
29120,P1,BASE,-200.00,-202.50,-229,R,36028,-35.3001
29130,P1,BASE,-200.00,-207.48,-223,R,35945,-35.2253
29140,P1,BASE,-200.00,-207.42,-223,R,35862,-35.1511
29150,P1,BASE,-200.00,-202.64,-227,R,35781,-35.1247
29160,P1,BASE,-200.00,-202.42,-228,R,35700,-35.1005
29170,P1,BASE,-200.00,-200.04,-230,R,35620,-35.1001
29180,P1,BASE,-200.00,-197.46,-233,R,35541,-35.1255
29190,P1,BASE,-200.00,-202.52,-227,R,35460,-35.1003
29200,P1,BASE,-200.00,-197.50,-233,R,35381,-35.1253
29210,P1,BASE,-200.00,-197.56,-233,R,35302,-35.1497
29220,P1,BASE,-200.00,-199.94,-230,R,35222,-35.1503
29230,P1,BASE,-200.00,-200.04,-230,R,35142,-35.1499
29240,P1,BASE,-200.00,-197.50,-233,R,35063,-35.1749
29250,P1,BASE,-200.00,-197.48,-233,R,34984,-35.2001
29260,P1,BASE,-200.00,-200.02,-231,R,34904,-35.1999
29270,P1,BASE,-200.00,-199.96,-231,R,34824,-35.2003
29280,P1,BASE,-200.00,-205.02,-225,R,34742,-35.1501
29290,P1,BASE,-200.00,-205.02,-225,R,34660,-35.0999
29300,P1,BASE,-200.00,-202.46,-227,R,34579,-35.0753
29310,P1,BASE,-200.00,-199.98,-230,R,34499,-35.0755
29320,P1,BASE,-200.00,-197.56,-233,R,34420,-35.0999
29330,P1,BASE,-200.00,-197.46,-233,R,34341,-35.1253
29340,P1,BASE,-200.00,-200.00,-230,R,34261,-35.1253
29350,P1,BASE,-200.00,-197.48,-233,R,34182,-35.1505
29360,P1,BASE,-200.00,-195.04,-236,R,34104,-35.2001
29370,P1,BASE,-200.00,-197.52,-233,R,34025,-35.2249
29380,P1,BASE,-200.00,-199.98,-231,R,33945,-35.2251
29390,P1,BASE,-200.00,-192.46,-239,R,33868,-35.3005
29400,P1,BASE,-200.00,-192.54,-239,R,33791,-35.3751
29410,P1,BASE,-200.00,-202.54,-229,R,33710,-35.3497
29420,P1,BASE,-200.00,-202.46,-229,R,33629,-35.3251
29430,P1,BASE,-200.00,-207.54,-223,R,33546,-35.2497
29440,P1,BASE,-200.00,-205.00,-226,R,33464,-35.1997
29450,P1,BASE,-200.00,-204.98,-225,R,33382,-35.1499
29460,P1,BASE,-200.00,-202.46,-228,R,33301,-35.1253
29470,P1,BASE,-200.00,-200.06,-230,R,33221,-35.1247
29480,P1,BASE,-200.00,-200.00,-230,R,33141,-35.1247
29490,P1,BASE,-200.00,-199.94,-230,R,33061,-35.1253
29500,P1,BASE,-200.00,-197.50,-233,R,32982,-35.1503
29510,P1,BASE,-200.00,-200.04,-230,R,32902,-35.1499
29520,P1,BASE,-200.00,-199.98,-230,R,32822,-35.1501
29530,P1,BASE,-200.00,-200.02,-230,R,32742,-35.1499
29540,P1,BASE,-200.00,-197.46,-233,R,32663,-35.1753
29550,P1,BASE,-200.00,-197.48,-233,R,32584,-35.2005
29560,P1,BASE,-200.00,-200.06,-231,R,32504,-35.1999
29570,P1,BASE,-200.00,-202.50,-228,R,32423,-35.1749
29580,P1,BASE,-200.00,-202.52,-228,R,32342,-35.1497
29590,P1,BASE,-200.00,-205.00,-225,R,32260,-35.0997
29600,P1,BASE,-200.00,-204.94,-225,R,32178,-35.0503
29610,P1,BASE,-200.00,-200.06,-230,R,32098,-35.0497
29620,P1,BASE,-200.00,-197.50,-232,R,32019,-35.0747
29630,P1,BASE,-200.00,-200.00,-230,R,31939,-35.0747
29640,P1,BASE,-200.00,-197.44,-233,R,31860,-35.1003
29650,P1,BASE,-200.00,-197.50,-233,R,31781,-35.1253
29660,P1,BASE,-200.00,-195.02,-236,R,31703,-35.1751
29670,P1,BASE,-200.00,-200.00,-231,R,31623,-35.1751
29680,P1,BASE,-200.00,-197.50,-233,R,31544,-35.2001
29690,P1,BASE,-200.00,-195.04,-236,R,31466,-35.2497
29700,P1,BASE,-200.00,-192.48,-239,R,31389,-35.3249
29710,P1,BASE,-200.00,-202.46,-229,R,31308,-35.3003
29720,P1,BASE,-200.00,-202.48,-229,R,31227,-35.2755
29730,P1,BASE,-200.00,-207.52,-223,R,31144,-35.2003
29740,P1,BASE,-200.00,-207.52,-223,R,31061,-35.1251
29750,P1,BASE,-200.00,-204.88,-225,R,30979,-35.0764
29760,P1,BASE,-200.00,-200.16,-230,R,30899,-35.0748
29770,P1,BASE,-200.00,-199.92,-230,R,30819,-35.0756
29780,P1,BASE,-200.00,-200.02,-230,R,30739,-35.0754
29790,P1,BASE,-200.00,-202.42,-227,R,30658,-35.0512
29800,P1,BASE,-200.00,-200.06,-230,R,30578,-35.0506
29810,P1,BASE,-200.00,-197.58,-232,R,30499,-35.0748
29820,P1,BASE,-200.00,-197.44,-233,R,30420,-35.1004
29830,P1,BASE,-200.00,-200.02,-230,R,30340,-35.1002
29840,P1,BASE,-200.00,-197.52,-233,R,30261,-35.1250
29850,P1,BASE,-200.00,-199.94,-230,R,30181,-35.1256
29860,P1,BASE,-200.00,-200.04,-230,R,30101,-35.1252
29870,P1,BASE,-200.00,-200.00,-230,R,30021,-35.1252
29880,P1,BASE,-200.00,-205.02,-225,R,29939,-35.0750
29890,P1,BASE,-200.00,-204.98,-224,R,29857,-35.0252
29900,P1,BASE,-200.00,-204.98,-224,R,29775,-34.9754
29910,P1,BASE,-200.00,-199.90,-229,R,29695,-34.9764
29920,P1,BASE,-200.00,-197.60,-232,R,29616,-35.0004
29930,P1,BASE,-200.00,-197.50,-232,R,29537,-35.0254
29940,P1,BASE,-200.00,-199.98,-230,R,29457,-35.0256
29950,P1,BASE,-200.00,-197.38,-232,R,29378,-35.0518
29960,P1,BASE,-200.00,-192.67,-238,R,29301,-35.1250
29970,P1,BASE,-200.00,-200.00,-230,R,29221,-35.1250
29980,P1,BASE,-200.00,-197.44,-233,R,29142,-35.1506
29990,P1,BASE,-200.00,-192.58,-238,R,29065,-35.2249
30000,P1,BASE,-200.00,-194.96,-236,R,28987,-35.2753
30010,P1,BASE,-150.00,-202.40,-206,R,28906,-34.7513
30020,P1,BASE,-150.00,-202.58,-176,R,28825,-34.2255
30030,P1,BASE,-150.00,-200.04,-170,R,28745,-33.7251
30040,P1,BASE,-150.00,-200.02,-167,R,28665,-33.2249
30050,P1,BASE,-150.00,-194.94,-169,R,28587,-32.7755
30060,P1,BASE,-150.00,-192.56,-169,R,28510,-32.3499
30070,P1,BASE,-150.00,-185.00,-174,R,28436,-31.9999
30080,P1,BASE,-150.00,-182.50,-174,R,28363,-31.6749
30090,P1,BASE,-150.00,-179.96,-175,R,28291,-31.3752
30100,P1,BASE,-150.00,-177.54,-176,R,28220,-31.0999
30110,P1,BASE,-150.00,-172.45,-179,R,28151,-30.8754
30120,P1,BASE,-150.00,-172.48,-178,R,28082,-30.6506
30130,P1,BASE,-150.00,-167.57,-182,R,28015,-30.4749
30140,P1,BASE,-150.00,-167.47,-181,R,27948,-30.3002
30150,P1,BASE,-150.00,-162.53,-185,R,27883,-30.1749
30160,P1,BASE,-150.00,-162.47,-184,R,27818,-30.0502
30170,P1,BASE,-150.00,-160.03,-186,R,27754,-29.9499
30180,P1,BASE,-150.00,-157.41,-188,R,27691,-29.8759
30190,P1,BASE,-150.00,-157.55,-188,R,27628,-29.8004
30200,P1,BASE,-150.00,-157.50,-187,R,27565,-29.7254
30210,P1,BASE,-150.00,-155.02,-189,R,27503,-29.6752
30220,P1,BASE,-150.00,-155.02,-189,R,27441,-29.6251
30230,P1,BASE,-150.00,-154.97,-189,R,27379,-29.5754
30240,P1,BASE,-150.00,-149.96,-194,R,27319,-29.5758
30250,P1,BASE,-150.00,-142.59,-202,R,27262,-29.6500
30260,P1,BASE,-150.00,-144.94,-200,R,27204,-29.7006
30270,P1,BASE,-150.00,-147.53,-197,R,27145,-29.7253
30280,P1,BASE,-150.00,-142.50,-203,R,27088,-29.8003
30290,P1,BASE,-150.00,-145.03,-201,R,27030,-29.8500
30300,P1,BASE,-150.00,-139.96,-206,R,26974,-29.9504
30310,P1,BASE,-150.00,-142.49,-204,R,26917,-30.0255
30320,P1,BASE,-150.00,-140.04,-207,R,26861,-30.1251
30330,P1,BASE,-150.00,-142.51,-205,R,26804,-30.2000
30340,P1,BASE,-150.00,-142.50,-206,R,26747,-30.2750
30350,P1,BASE,-150.00,-140.00,-209,R,26691,-30.3750
30360,P1,BASE,-150.00,-137.46,-213,R,26636,-30.5004
30370,P1,BASE,-150.00,-142.49,-208,R,26579,-30.5755
30380,P1,BASE,-150.00,-145.04,-206,R,26521,-30.6251
30390,P1,BASE,-150.00,-147.49,-203,R,26462,-30.6502
30400,P1,BASE,-150.00,-147.51,-203,R,26403,-30.6751
30410,P1,BASE,-150.00,-147.46,-204,R,26344,-30.7005
30420,P1,BASE,-150.00,-150.00,-201,R,26284,-30.7005
30430,P1,BASE,-150.00,-147.51,-204,R,26225,-30.7254
30440,P1,BASE,-150.00,-147.51,-204,R,26166,-30.7502
30450,P1,BASE,-150.00,-147.50,-204,R,26107,-30.7752
30460,P1,BASE,-150.00,-144.93,-207,R,26049,-30.8260
30470,P1,BASE,-150.00,-142.56,-210,R,25992,-30.9004
30480,P1,BASE,-150.00,-147.51,-205,R,25933,-30.9252
30490,P1,BASE,-150.00,-147.50,-205,R,25874,-30.9502
30500,P1,BASE,-150.00,-147.50,-205,R,25815,-30.9752
30510,P1,BASE,-150.00,-145.01,-208,R,25757,-31.0251
30520,P1,BASE,-150.00,-145.01,-209,R,25699,-31.0750
30530,P1,BASE,-150.00,-147.46,-206,R,25640,-31.1004
30540,P1,BASE,-150.00,-149.91,-204,R,25580,-31.1013
30550,P1,BASE,-150.00,-145.13,-209,R,25522,-31.1500
30560,P1,BASE,-150.00,-147.46,-207,R,25463,-31.1754
30570,P1,BASE,-150.00,-144.99,-210,R,25405,-31.2256
30580,P1,BASE,-150.00,-147.53,-207,R,25346,-31.2503
30590,P1,BASE,-150.00,-150.03,-205,R,25286,-31.2500
30600,P1,BASE,-150.00,-149.96,-205,R,25226,-31.2504
30610,P1,BASE,-150.00,-150.00,-205,R,25166,-31.2504
30620,P1,BASE,-150.00,-150.03,-205,R,25106,-31.2501
30630,P1,BASE,-150.00,-152.50,-202,R,25045,-31.2251
30640,P1,BASE,-150.00,-149.99,-205,R,24985,-31.2253
30650,P1,BASE,-150.00,-147.50,-207,R,24926,-31.2503
30660,P1,BASE,-150.00,-145.03,-210,R,24868,-31.3000
30670,P1,BASE,-150.00,-147.49,-208,R,24809,-31.3251
30680,P1,BASE,-150.00,-149.99,-205,R,24749,-31.3253
30690,P1,BASE,-150.00,-147.51,-208,R,24690,-31.3501
30700,P1,BASE,-150.00,-147.49,-208,R,24631,-31.3753
30710,P1,BASE,-150.00,-147.53,-208,R,24572,-31.4000
30720,P1,BASE,-150.00,-147.46,-208,R,24513,-31.4254
30730,P1,BASE,-150.00,-147.51,-209,R,24454,-31.4503
30740,P1,BASE,-150.00,-147.51,-209,R,24395,-31.4751
30750,P1,BASE,-150.00,-147.49,-209,R,24336,-31.5003
30760,P1,BASE,-150.00,-145.03,-212,R,24278,-31.5500
30770,P1,BASE,-150.00,-144.96,-212,R,24220,-31.6004
30780,P1,BASE,-150.00,-147.53,-210,R,24161,-31.6251
30790,P1,BASE,-150.00,-149.97,-207,R,24101,-31.6254
30800,P1,BASE,-150.00,-154.98,-202,R,24039,-31.5756
30810,P1,BASE,-150.00,-152.56,-204,R,23978,-31.5500
30820,P1,BASE,-150.00,-152.45,-204,R,23917,-31.5254
30830,P1,BASE,-150.00,-155.03,-201,R,23855,-31.4751
30840,P1,BASE,-150.00,-152.48,-204,R,23794,-31.4503
30850,P1,BASE,-150.00,-150.03,-206,R,23734,-31.4500
30860,P1,BASE,-150.00,-147.46,-209,R,23675,-31.4754
30870,P1,BASE,-150.00,-150.03,-206,R,23615,-31.4751
30880,P1,BASE,-150.00,-147.50,-209,R,23556,-31.5001
30890,P1,BASE,-150.00,-149.97,-206,R,23496,-31.5004
30900,P1,BASE,-150.00,-152.55,-204,R,23435,-31.4750
30910,P1,BASE,-150.00,-147.38,-209,R,23376,-31.5011
30920,P1,BASE,-150.00,-147.56,-209,R,23317,-31.5256
30930,P1,BASE,-150.00,-150.01,-207,R,23257,-31.5254
30940,P1,BASE,-150.00,-150.00,-207,R,23197,-31.5254
30950,P1,BASE,-150.00,-150.01,-207,R,23137,-31.5253
30960,P1,BASE,-150.00,-147.51,-209,R,23078,-31.5501
30970,P1,BASE,-150.00,-150.01,-207,R,23018,-31.5500
30980,P1,BASE,-150.00,-149.96,-207,R,22958,-31.5504
30990,P1,BASE,-150.00,-147.49,-209,R,22899,-31.5756
31000,P1,BASE,-150.00,-152.55,-204,R,22838,-31.5501
31010,P1,BASE,-150.00,-149.99,-207,R,22778,-31.5502
31020,P1,BASE,-150.00,-155.03,-201,R,22716,-31.4999
31030,P1,BASE,-150.00,-152.47,-204,R,22655,-31.4752
31040,P1,BASE,-150.00,-150.03,-206,R,22595,-31.4749
31050,P1,BASE,-150.00,-152.47,-204,R,22534,-31.4503
31060,P1,BASE,-150.00,-144.99,-211,R,22476,-31.5004
31070,P1,BASE,-150.00,-147.50,-209,R,22417,-31.5254
31080,P1,BASE,-150.00,-150.05,-207,R,22357,-31.5249
31090,P1,BASE,-150.00,-149.97,-207,R,22297,-31.5252
31100,P1,BASE,-150.00,-150.03,-207,R,22237,-31.5249
31110,P1,BASE,-150.00,-147.50,-209,R,22178,-31.5499
31120,P1,BASE,-150.00,-147.46,-209,R,22119,-31.5754
31130,P1,BASE,-150.00,-147.51,-210,R,22060,-31.6002
31140,P1,BASE,-150.00,-150.03,-207,R,22000,-31.5999
31150,P1,BASE,-150.00,-147.47,-210,R,21941,-31.6252
31160,P1,BASE,-150.00,-145.03,-213,R,21883,-31.6749
31170,P1,BASE,-150.00,-147.50,-210,R,21824,-31.6999
31180,P1,BASE,-150.00,-147.47,-210,R,21765,-31.7252
31190,P1,BASE,-150.00,-150.03,-208,R,21705,-31.7249
31200,P1,BASE,-150.00,-155.00,-202,R,21643,-31.6749
31210,P1,BASE,-150.00,-150.00,-208,R,21583,-31.6749
31220,P1,BASE,-150.00,-157.37,-200,R,21520,-31.6012
31230,P1,BASE,-150.00,-152.56,-204,R,21459,-31.5756
31240,P1,BASE,-150.00,-152.55,-204,R,21398,-31.5501
31250,P1,BASE,-150.00,-152.52,-204,R,21337,-31.5250
31260,P1,BASE,-150.00,-147.46,-209,R,21278,-31.5504
31270,P1,BASE,-150.00,-150.05,-207,R,21218,-31.5500
31280,P1,BASE,-150.00,-147.46,-209,R,21159,-31.5754
31290,P1,BASE,-150.00,-150.01,-207,R,21099,-31.5753
31300,P1,BASE,-150.00,-152.41,-204,R,21038,-31.5512
31310,P1,BASE,-150.00,-147.57,-209,R,20979,-31.5754
31320,P1,BASE,-150.00,-150.00,-207,R,20919,-31.5754
31330,P1,BASE,-150.00,-147.51,-210,R,20860,-31.6003
31340,P1,BASE,-150.00,-149.99,-207,R,20800,-31.6004
31350,P1,BASE,-150.00,-152.55,-204,R,20739,-31.5750
31360,P1,BASE,-150.00,-147.50,-210,R,20680,-31.6000
31370,P1,BASE,-150.00,-147.47,-210,R,20621,-31.6253
31380,P1,BASE,-150.00,-150.01,-207,R,20561,-31.6251
31390,P1,BASE,-150.00,-149.97,-207,R,20501,-31.6254
31400,P1,BASE,-150.00,-150.00,-207,R,20441,-31.6254
31410,P1,BASE,-150.00,-152.50,-204,R,20380,-31.6004
31420,P1,BASE,-150.00,-152.55,-204,R,20319,-31.5750
31430,P1,BASE,-150.00,-152.48,-204,R,20258,-31.5501
31440,P1,BASE,-150.00,-152.52,-204,R,20197,-31.5250
31450,P1,BASE,-150.00,-152.47,-204,R,20136,-31.5003
31460,P1,BASE,-150.00,-145.03,-212,R,20078,-31.5500
31470,P1,BASE,-150.00,-147.50,-209,R,20019,-31.5750
31480,P1,BASE,-150.00,-149.96,-207,R,19959,-31.5754
31490,P1,BASE,-150.00,-150.03,-207,R,19899,-31.5751
31500,P1,BASE,-150.00,-149.97,-207,R,19839,-31.5754
31510,P1,BASE,-150.00,-147.51,-210,R,19780,-31.6003
31520,P1,BASE,-150.00,-147.53,-210,R,19721,-31.6250
31530,P1,BASE,-150.00,-149.97,-207,R,19661,-31.6253
31540,P1,BASE,-150.00,-150.00,-207,R,19601,-31.6253
31550,P1,BASE,-150.00,-147.51,-210,R,19542,-31.6501
31560,P1,BASE,-150.00,-144.97,-213,R,19484,-31.7004
31570,P1,BASE,-150.00,-147.54,-210,R,19425,-31.7250
31580,P1,BASE,-150.00,-147.50,-211,R,19366,-31.7500
31590,P1,BASE,-150.00,-149.99,-208,R,19306,-31.7501
31600,P1,BASE,-150.00,-154.97,-203,R,19244,-31.7005
31610,P1,BASE,-150.00,-152.53,-205,R,19183,-31.6751
31620,P1,BASE,-150.00,-155.02,-202,R,19121,-31.6250
31630,P1,BASE,-150.00,-154.97,-202,R,19059,-31.5753
31640,P1,BASE,-150.00,-152.53,-204,R,18998,-31.5500
31650,P1,BASE,-150.00,-152.44,-204,R,18937,-31.5256
31660,P1,BASE,-150.00,-147.53,-209,R,18878,-31.5503
31670,P1,BASE,-150.00,-149.99,-207,R,18818,-31.5505
31680,P1,BASE,-150.00,-147.53,-209,R,18759,-31.5752
31690,P1,BASE,-150.00,-150.00,-207,R,18699,-31.5752
31700,P1,BASE,-150.00,-152.50,-204,R,18638,-31.5502
31710,P1,BASE,-150.00,-147.47,-209,R,18579,-31.5755
31720,P1,BASE,-150.00,-152.53,-204,R,18518,-31.5502
31730,P1,BASE,-150.00,-147.49,-209,R,18459,-31.5753
31740,P1,BASE,-150.00,-149.93,-207,R,18399,-31.5761
31750,P1,BASE,-150.00,-150.11,-207,R,18339,-31.5750
31760,P1,BASE,-150.00,-149.90,-207,R,18279,-31.5760
31770,P1,BASE,-150.00,-147.60,-209,R,18220,-31.6000
31780,P1,BASE,-150.00,-147.47,-210,R,18161,-31.6253
31790,P1,BASE,-150.00,-150.01,-207,R,18101,-31.6252
31800,P1,BASE,-150.00,-152.48,-205,R,18040,-31.6003
31810,P1,BASE,-150.00,-152.52,-204,R,17979,-31.5752
31820,P1,BASE,-150.00,-152.47,-204,R,17918,-31.5505
31830,P1,BASE,-150.00,-152.55,-204,R,17857,-31.5250
31840,P1,BASE,-150.00,-152.45,-204,R,17796,-31.5005
31850,P1,BASE,-150.00,-152.53,-204,R,17735,-31.4752
31860,P1,BASE,-150.00,-144.99,-212,R,17677,-31.5253
31870,P1,BASE,-150.00,-147.50,-209,R,17618,-31.5503
31880,P1,BASE,-150.00,-150.03,-207,R,17558,-31.5500
31890,P1,BASE,-150.00,-149.96,-207,R,17498,-31.5505
31900,P1,BASE,-150.00,-150.03,-207,R,17438,-31.5502
31910,P1,BASE,-150.00,-150.01,-207,R,17378,-31.5500
31920,P1,BASE,-150.00,-147.40,-210,R,17319,-31.5760
31930,P1,BASE,-150.00,-147.60,-209,R,17260,-31.6000
31940,P1,BASE,-150.00,-147.47,-210,R,17201,-31.6253
31950,P1,BASE,-150.00,-150.03,-207,R,17141,-31.6250
31960,P1,BASE,-150.00,-144.97,-213,R,17083,-31.6753
31970,P1,BASE,-150.00,-147.51,-210,R,17024,-31.7001
31980,P1,BASE,-150.00,-147.51,-210,R,16965,-31.7250
31990,P1,BASE,-150.00,-152.41,-205,R,16904,-31.7009
32000,P1,BASE,-150.00,-152.59,-205,R,16843,-31.6750
32010,P1,BASE,-150.00,-152.48,-205,R,16782,-31.6502
32020,P1,BASE,-150.00,-155.02,-202,R,16720,-31.6000
32030,P1,BASE,-150.00,-154.97,-202,R,16658,-31.5503
32040,P1,BASE,-150.00,-152.48,-204,R,16597,-31.5255
32050,P1,BASE,-150.00,-152.55,-204,R,16536,-31.5000
32060,P1,BASE,-150.00,-147.46,-209,R,16477,-31.5254
32070,P1,BASE,-150.00,-150.03,-207,R,16417,-31.5251
32080,P1,BASE,-150.00,-147.46,-209,R,16358,-31.5506
32090,P1,BASE,-150.00,-150.01,-207,R,16298,-31.5504
32100,P1,BASE,-150.00,-152.52,-204,R,16237,-31.5253
32110,P1,BASE,-150.00,-147.49,-209,R,16178,-31.5504
32120,P1,BASE,-150.00,-150.01,-207,R,16118,-31.5503
32130,P1,BASE,-150.00,-149.97,-207,R,16058,-31.5506
32140,P1,BASE,-150.00,-150.00,-207,R,15998,-31.5506
32150,P1,BASE,-150.00,-152.55,-204,R,15937,-31.5251
32160,P1,BASE,-150.00,-147.47,-209,R,15878,-31.5504
32170,P1,BASE,-150.00,-147.53,-209,R,15819,-31.5751
32180,P1,BASE,-150.00,-150.00,-207,R,15759,-31.5751
32190,P1,BASE,-150.00,-149.97,-207,R,15699,-31.5754
32200,P1,BASE,-150.00,-152.55,-204,R,15638,-31.5500
32210,P1,BASE,-150.00,-149.99,-207,R,15578,-31.5501
32220,P1,BASE,-150.00,-152.52,-204,R,15517,-31.5250
32230,P1,BASE,-150.00,-152.47,-204,R,15456,-31.5003
32240,P1,BASE,-150.00,-152.53,-204,R,15395,-31.4750
32250,P1,BASE,-150.00,-152.50,-204,R,15334,-31.4500
32260,P1,BASE,-150.00,-144.99,-211,R,15276,-31.5001
32270,P1,BASE,-150.00,-147.47,-209,R,15217,-31.5254
32280,P1,BASE,-150.00,-150.05,-207,R,15157,-31.5250
32290,P1,BASE,-150.00,-152.50,-204,R,15096,-31.5000
32300,P1,BASE,-150.00,-147.49,-209,R,15037,-31.5251
32310,P1,BASE,-150.00,-147.51,-209,R,14978,-31.5500
32320,P1,BASE,-150.00,-150.00,-207,R,14918,-31.5500
32330,P1,BASE,-150.00,-147.50,-209,R,14859,-31.5750
32340,P1,BASE,-150.00,-149.97,-207,R,14799,-31.5753
32350,P1,BASE,-150.00,-147.51,-210,R,14740,-31.6001
32360,P1,BASE,-150.00,-144.99,-212,R,14682,-31.6502
32370,P1,BASE,-150.00,-147.50,-210,R,14623,-31.6752
32380,P1,BASE,-150.00,-147.50,-210,R,14564,-31.7002
32390,P1,BASE,-150.00,-149.99,-208,R,14504,-31.7004
32400,P1,BASE,-150.00,-154.98,-202,R,14442,-31.6506
32410,P1,BASE,-150.00,-152.55,-205,R,14381,-31.6251
32420,P1,BASE,-150.00,-154.97,-202,R,14319,-31.5754
32430,P1,BASE,-150.00,-155.02,-201,R,14257,-31.5253
32440,P1,BASE,-150.00,-152.52,-204,R,14196,-31.5001
32450,P1,BASE,-150.00,-150.00,-206,R,14136,-31.5001
32460,P1,BASE,-150.00,-147.47,-209,R,14077,-31.5254
32470,P1,BASE,-150.00,-150.03,-207,R,14017,-31.5251
32480,P1,BASE,-150.00,-150.01,-207,R,13957,-31.5249
32490,P1,BASE,-150.00,-149.99,-207,R,13897,-31.5251
32500,P1,BASE,-150.00,-152.48,-204,R,13836,-31.5002
32510,P1,BASE,-150.00,-147.53,-209,R,13777,-31.5250
32520,P1,BASE,-150.00,-152.45,-204,R,13716,-31.5004
32530,P1,BASE,-150.00,-147.53,-209,R,13657,-31.5251
32540,P1,BASE,-150.00,-147.47,-209,R,13598,-31.5504
32550,P1,BASE,-150.00,-152.53,-204,R,13537,-31.5251
32560,P1,BASE,-150.00,-147.50,-209,R,13478,-31.5501
32570,P1,BASE,-150.00,-149.99,-207,R,13418,-31.5503
32580,P1,BASE,-150.00,-149.99,-207,R,13358,-31.5504
32590,P1,BASE,-150.00,-147.51,-209,R,13299,-31.5753
32600,P1,BASE,-150.00,-152.50,-204,R,13238,-31.5503
32610,P1,BASE,-150.00,-150.03,-207,R,13178,-31.5500
32620,P1,BASE,-150.00,-154.98,-201,R,13116,-31.5001
32630,P1,BASE,-150.00,-152.50,-204,R,13055,-31.4751
32640,P1,BASE,-150.00,-152.38,-204,R,12994,-31.4513
32650,P1,BASE,-150.00,-150.11,-206,R,12934,-31.4503
32660,P1,BASE,-150.00,-147.53,-209,R,12875,-31.4750
32670,P1,BASE,-150.00,-147.50,-209,R,12816,-31.5000
32680,P1,BASE,-150.00,-147.49,-209,R,12757,-31.5251
32690,P1,BASE,-150.00,-152.41,-204,R,12696,-31.5010
32700,P1,BASE,-150.00,-147.54,-209,R,12637,-31.5256
32710,P1,BASE,-150.00,-147.50,-209,R,12578,-31.5506
32720,P1,BASE,-150.00,-147.53,-209,R,12519,-31.5753
32730,P1,BASE,-150.00,-150.00,-207,R,12459,-31.5753
32740,P1,BASE,-150.00,-147.51,-210,R,12400,-31.6002
32750,P1,BASE,-150.00,-149.97,-207,R,12340,-31.6005
32760,P1,BASE,-150.00,-145.00,-212,R,12282,-31.6505
32770,P1,BASE,-150.00,-147.54,-210,R,12223,-31.6750
32780,P1,BASE,-150.00,-147.46,-210,R,12164,-31.7005
32790,P1,BASE,-150.00,-150.03,-208,R,12104,-31.7002
32800,P1,BASE,-150.00,-154.98,-202,R,12042,-31.6503
32810,P1,BASE,-150.00,-150.03,-207,R,11982,-31.6500
32820,P1,BASE,-150.00,-154.95,-202,R,11920,-31.6005
32830,P1,BASE,-150.00,-155.05,-202,R,11858,-31.5500
32840,P1,BASE,-150.00,-152.50,-204,R,11797,-31.5250
32850,P1,BASE,-150.00,-152.50,-204,R,11736,-31.5000
32860,P1,BASE,-150.00,-147.44,-209,R,11677,-31.5256
32870,P1,BASE,-150.00,-150.06,-206,R,11617,-31.5250
32880,P1,BASE,-150.00,-150.00,-207,R,11557,-31.5250
32890,P1,BASE,-150.00,-147.49,-209,R,11498,-31.5502
32900,P1,BASE,-150.00,-152.47,-204,R,11437,-31.5255
32910,P1,BASE,-150.00,-147.54,-209,R,11378,-31.5500
32920,P1,BASE,-150.00,-149.97,-207,R,11318,-31.5503
32930,P1,BASE,-150.00,-149.99,-207,R,11258,-31.5505
32940,P1,BASE,-150.00,-150.05,-207,R,11198,-31.5500
32950,P1,BASE,-150.00,-150.00,-207,R,11138,-31.5500
32960,P1,BASE,-150.00,-149.96,-207,R,11078,-31.5505
32970,P1,BASE,-150.00,-147.54,-209,R,11019,-31.5750
32980,P1,BASE,-150.00,-149.97,-207,R,10959,-31.5753
32990,P1,BASE,-150.00,-147.49,-210,R,10900,-31.6005
33000,P1,BASE,-150.00,-152.50,-204,R,10839,-31.5755
33010,P1,BASE,-80.00,-152.52,-174,R,10778,-30.8503
33020,P1,BASE,-80.00,-152.47,-144,R,10717,-30.1256
33030,P1,BASE,-80.00,-150.01,-122,R,10657,-29.4255
33040,P1,BASE,-80.00,-145.04,-122,R,10599,-28.7750
33050,P1,BASE,-80.00,-144.97,-118,R,10541,-28.1253
33060,P1,BASE,-80.00,-134.97,-125,R,10487,-27.5756
33070,P1,BASE,-80.00,-132.51,-124,R,10434,-27.0505
33080,P1,BASE,-80.00,-130.00,-123,R,10382,-26.5505
33090,P1,BASE,-80.00,-132.50,-117,R,10329,-26.0255
33100,P1,BASE,-80.00,-125.00,-122,R,10279,-25.5755
33110,P1,BASE,-80.00,-122.51,-121,R,10230,-25.1503
33120,P1,BASE,-80.00,-120.00,-121,R,10182,-24.7503
33130,P1,BASE,-80.00,-115.01,-124,R,10136,-24.4002
33140,P1,BASE,-80.00,-112.48,-125,R,10091,-24.0755
33150,P1,BASE,-80.00,-112.50,-122,R,10046,-23.7505
33160,P1,BASE,-80.00,-109.98,-123,R,10002,-23.4507
33170,P1,BASE,-80.00,-105.04,-126,R,9960,-23.2003
33180,P1,BASE,-80.00,-102.47,-128,R,9919,-22.9756
33190,P1,BASE,-80.00,-100.01,-129,R,9879,-22.7755
33200,P1,BASE,-80.00,-97.51,-130,R,9840,-22.6004
33210,P1,BASE,-80.00,-94.99,-132,R,9802,-22.4505
33220,P1,BASE,-80.00,-97.49,-128,R,9763,-22.2756
33230,P1,BASE,-80.00,-95.00,-130,R,9725,-22.1256
33240,P1,BASE,-80.00,-92.53,-131,R,9688,-22.0003
33250,P1,BASE,-80.00,-92.50,-130,R,9651,-21.8753
33260,P1,BASE,-80.00,-92.51,-130,R,9614,-21.7502
33270,P1,BASE,-80.00,-87.49,-134,R,9579,-21.6753
33280,P1,BASE,-80.00,-89.98,-131,R,9543,-21.5755
33290,P1,BASE,-80.00,-85.00,-136,R,9509,-21.5255
33300,P1,BASE,-80.00,-87.52,-133,R,9474,-21.4503
33310,P1,BASE,-80.00,-84.99,-135,R,9440,-21.4004
33320,P1,BASE,-80.00,-82.50,-137,R,9407,-21.3754
33330,P1,BASE,-80.00,-82.51,-137,R,9374,-21.3503
33340,P1,BASE,-80.00,-80.00,-140,R,9342,-21.3503
33350,P1,BASE,-80.00,-77.49,-142,R,9311,-21.3754
33360,P1,BASE,-80.00,-77.51,-143,R,9280,-21.4003
33370,P1,BASE,-80.00,-77.49,-143,R,9249,-21.4254
33380,P1,BASE,-80.00,-77.49,-143,R,9218,-21.4504
33390,P1,BASE,-80.00,-75.00,-146,R,9188,-21.5004
33400,P1,BASE,-80.00,-77.50,-143,R,9157,-21.5254
33410,P1,BASE,-80.00,-75.02,-146,R,9127,-21.5752
33420,P1,BASE,-80.00,-72.50,-149,R,9098,-21.6502
33430,P1,BASE,-80.00,-77.48,-144,R,9067,-21.6754
33440,P1,BASE,-80.00,-75.01,-147,R,9037,-21.7253
33450,P1,BASE,-80.00,-74.98,-148,R,9007,-21.7755
33460,P1,BASE,-80.00,-72.53,-151,R,8978,-21.8502
33470,P1,BASE,-80.00,-74.98,-148,R,8948,-21.9004
33480,P1,BASE,-80.00,-75.01,-149,R,8918,-21.9503
33490,P1,BASE,-80.00,-72.48,-152,R,8889,-22.0255
33500,P1,BASE,-80.00,-75.01,-150,R,8859,-22.0754
33510,P1,BASE,-80.00,-75.00,-150,R,8829,-22.1254
33520,P1,BASE,-80.00,-75.01,-150,R,8799,-22.1752
33530,P1,BASE,-80.00,-72.49,-153,R,8770,-22.2503
33540,P1,BASE,-80.00,-75.00,-151,R,8740,-22.3003
33550,P1,BASE,-80.00,-72.51,-154,R,8711,-22.3752
33560,P1,BASE,-80.00,-74.99,-152,R,8681,-22.4254
33570,P1,BASE,-80.00,-72.49,-155,R,8652,-22.5004
33580,P1,BASE,-80.00,-75.01,-153,R,8622,-22.5504
33590,P1,BASE,-80.00,-70.01,-158,R,8594,-22.6502
33600,P1,BASE,-80.00,-75.00,-154,R,8564,-22.7002
33610,P1,BASE,-80.00,-72.48,-157,R,8535,-22.7754
33620,P1,BASE,-80.00,-75.00,-154,R,8505,-22.8254
33630,P1,BASE,-80.00,-70.02,-160,R,8477,-22.9252
33640,P1,BASE,-80.00,-77.42,-153,R,8446,-22.9510
33650,P1,BASE,-80.00,-72.57,-158,R,8417,-23.0253
33660,P1,BASE,-80.00,-72.49,-159,R,8388,-23.1004
33670,P1,BASE,-80.00,-75.01,-157,R,8358,-23.1503
33680,P1,BASE,-80.00,-74.97,-157,R,8328,-23.2006
33690,P1,BASE,-80.00,-72.51,-160,R,8299,-23.2754
33700,P1,BASE,-80.00,-77.52,-155,R,8268,-23.3003
33710,P1,BASE,-80.00,-74.99,-158,R,8238,-23.3504
33720,P1,BASE,-80.00,-75.01,-158,R,8208,-23.4004
33730,P1,BASE,-80.00,-74.99,-159,R,8178,-23.4504
33740,P1,BASE,-80.00,-75.01,-159,R,8148,-23.5003
33750,P1,BASE,-80.00,-74.99,-159,R,8118,-23.5504
33760,P1,BASE,-80.00,-72.49,-162,R,8089,-23.6255
33770,P1,BASE,-80.00,-75.00,-160,R,8059,-23.6755
33780,P1,BASE,-80.00,-75.01,-160,R,8029,-23.7254
33790,P1,BASE,-80.00,-75.01,-161,R,7999,-23.7753
33800,P1,BASE,-80.00,-74.99,-161,R,7969,-23.8254
33810,P1,BASE,-80.00,-77.50,-159,R,7938,-23.8504
33820,P1,BASE,-80.00,-77.50,-159,R,7907,-23.8754
33830,P1,BASE,-80.00,-77.51,-159,R,7876,-23.9003
33840,P1,BASE,-80.00,-77.48,-159,R,7845,-23.9254
33850,P1,BASE,-80.00,-75.01,-162,R,7815,-23.9754
33860,P1,BASE,-80.00,-77.51,-160,R,7784,-24.0003
33870,P1,BASE,-80.00,-77.47,-160,R,7753,-24.0256
33880,P1,BASE,-80.00,-77.52,-160,R,7722,-24.0504
33890,P1,BASE,-80.00,-75.00,-163,R,7692,-24.1004
33900,P1,BASE,-80.00,-79.98,-158,R,7660,-24.1006
33910,P1,BASE,-80.00,-77.51,-160,R,7629,-24.1255
33920,P1,BASE,-80.00,-77.51,-161,R,7598,-24.1504
33930,P1,BASE,-80.00,-77.52,-161,R,7567,-24.1753
33940,P1,BASE,-80.00,-79.98,-158,R,7535,-24.1755
33950,P1,BASE,-80.00,-75.02,-164,R,7505,-24.2253
33960,P1,BASE,-80.00,-74.99,-164,R,7475,-24.2754
33970,P1,BASE,-80.00,-77.48,-162,R,7444,-24.3005
33980,P1,BASE,-80.00,-75.00,-165,R,7414,-24.3505
33990,P1,BASE,-80.00,-77.49,-162,R,7383,-24.3756
34000,P1,BASE,-80.00,-80.01,-160,R,7351,-24.3755
34010,P1,BASE,-80.00,-77.50,-162,R,7320,-24.4005
34020,P1,BASE,-80.00,-80.02,-160,R,7288,-24.4004
34030,P1,BASE,-80.00,-79.99,-160,R,7256,-24.4004
34040,P1,BASE,-80.00,-80.00,-160,R,7224,-24.4004
34050,P1,BASE,-80.00,-80.00,-160,R,7192,-24.4004
34060,P1,BASE,-80.00,-80.02,-160,R,7160,-24.4003
34070,P1,BASE,-80.00,-82.48,-157,R,7127,-24.3755
34080,P1,BASE,-80.00,-79.99,-160,R,7095,-24.3755
34090,P1,BASE,-80.00,-82.51,-157,R,7062,-24.3504
34100,P1,BASE,-80.00,-79.99,-159,R,7030,-24.3505
34110,P1,BASE,-80.00,-80.01,-159,R,6998,-24.3504
34120,P1,BASE,-80.00,-80.00,-159,R,6966,-24.3504
34130,P1,BASE,-80.00,-79.99,-159,R,6934,-24.3505
34140,P1,BASE,-80.00,-77.50,-162,R,6903,-24.3755
34150,P1,BASE,-80.00,-80.00,-160,R,6871,-24.3755
34160,P1,BASE,-80.00,-77.51,-162,R,6840,-24.4005
34170,P1,BASE,-80.00,-79.99,-160,R,6808,-24.4005
34180,P1,BASE,-80.00,-80.02,-160,R,6776,-24.4003
34190,P1,BASE,-80.00,-77.47,-162,R,6745,-24.4256
34200,P1,BASE,-80.00,-80.01,-160,R,6713,-24.4255
34210,P1,BASE,-80.00,-80.00,-160,R,6681,-24.4255
34220,P1,BASE,-80.00,-84.95,-155,R,6647,-24.3760
34230,P1,BASE,-80.00,-77.57,-162,R,6616,-24.4003
34240,P1,BASE,-80.00,-82.50,-157,R,6583,-24.3753
34250,P1,BASE,-80.00,-79.99,-160,R,6551,-24.3754
34260,P1,BASE,-80.00,-79.98,-160,R,6519,-24.3756
34270,P1,BASE,-80.00,-80.00,-160,R,6487,-24.3756
34280,P1,BASE,-80.00,-82.50,-157,R,6454,-24.3506
34290,P1,BASE,-80.00,-82.52,-157,R,6421,-24.3253
34300,P1,BASE,-80.00,-79.99,-159,R,6389,-24.3254
34310,P1,BASE,-80.00,-82.48,-157,R,6356,-24.3006
34320,P1,BASE,-80.00,-80.00,-159,R,6324,-24.3006
34330,P1,BASE,-80.00,-80.02,-159,R,6292,-24.3003
34340,P1,BASE,-80.00,-79.98,-159,R,6260,-24.3006
34350,P1,BASE,-80.00,-82.50,-156,R,6227,-24.2756
34360,P1,BASE,-80.00,-77.52,-162,R,6196,-24.3004
34370,P1,BASE,-80.00,-82.50,-156,R,6163,-24.2754
34380,P1,BASE,-80.00,-79.98,-159,R,6131,-24.2756
34390,P1,BASE,-80.00,-80.02,-159,R,6099,-24.2754
34400,P1,BASE,-80.00,-79.98,-159,R,6067,-24.2756
34410,P1,BASE,-80.00,-80.02,-159,R,6035,-24.2754
34420,P1,BASE,-80.00,-79.98,-159,R,6003,-24.2757
34430,P1,BASE,-80.00,-80.02,-159,R,5971,-24.2754
34440,P1,BASE,-80.00,-79.98,-159,R,5939,-24.2756
34450,P1,BASE,-80.00,-80.02,-159,R,5907,-24.2754
34460,P1,BASE,-80.00,-82.49,-156,R,5874,-24.2505
34470,P1,BASE,-80.00,-80.01,-159,R,5842,-24.2504
34480,P1,BASE,-80.00,-80.00,-159,R,5810,-24.2504
34490,P1,BASE,-80.00,-79.99,-159,R,5778,-24.2505
34500,P1,BASE,-80.00,-80.02,-159,R,5746,-24.2503
34510,P1,BASE,-80.00,-79.98,-159,R,5714,-24.2506
34520,P1,BASE,-80.00,-77.49,-161,R,5683,-24.2757
34530,P1,BASE,-80.00,-77.52,-162,R,5652,-24.3005
34540,P1,BASE,-80.00,-80.02,-159,R,5620,-24.3003
34550,P1,BASE,-80.00,-77.47,-162,R,5589,-24.3257
34560,P1,BASE,-80.00,-82.53,-157,R,5556,-24.3003
34570,P1,BASE,-80.00,-79.98,-159,R,5524,-24.3006
34580,P1,BASE,-80.00,-79.99,-159,R,5492,-24.3006
34590,P1,BASE,-80.00,-80.02,-159,R,5460,-24.3005
34600,P1,BASE,-80.00,-80.01,-159,R,5428,-24.3004
34610,P1,BASE,-80.00,-77.48,-162,R,5397,-24.3256
34620,P1,BASE,-80.00,-80.03,-159,R,5365,-24.3253
34630,P1,BASE,-80.00,-79.98,-159,R,5333,-24.3256
34640,P1,BASE,-80.00,-77.51,-162,R,5302,-24.3505
34650,P1,BASE,-80.00,-82.44,-157,R,5269,-24.3261
34660,P1,BASE,-80.00,-77.55,-162,R,5238,-24.3506
34670,P1,BASE,-80.00,-82.49,-157,R,5205,-24.3257
34680,P1,BASE,-80.00,-77.52,-162,R,5174,-24.3504
34690,P1,BASE,-80.00,-79.98,-159,R,5142,-24.3507
34700,P1,BASE,-80.00,-77.52,-162,R,5111,-24.3755
34710,P1,BASE,-80.00,-77.51,-162,R,5080,-24.4004
34720,P1,BASE,-80.00,-77.50,-162,R,5049,-24.4254
34730,P1,BASE,-80.00,-77.49,-163,R,5018,-24.4505
34740,P1,BASE,-80.00,-80.00,-160,R,4986,-24.4505
34750,P1,BASE,-80.00,-80.00,-160,R,4954,-24.4505
34760,P1,BASE,-80.00,-77.52,-163,R,4923,-24.4754
34770,P1,BASE,-80.00,-82.48,-158,R,4890,-24.4505
34780,P1,BASE,-80.00,-80.02,-160,R,4858,-24.4504
34790,P1,BASE,-80.00,-79.99,-160,R,4826,-24.4505
34800,P1,BASE,-80.00,-82.51,-157,R,4793,-24.4254
34810,P1,BASE,-80.00,-79.98,-160,R,4761,-24.4255
34820,P1,BASE,-80.00,-82.49,-157,R,4728,-24.4006
34830,P1,BASE,-80.00,-80.02,-160,R,4696,-24.4005
34840,P1,BASE,-80.00,-82.51,-157,R,4663,-24.3754
34850,P1,BASE,-80.00,-80.00,-160,R,4631,-24.3754
34860,P1,BASE,-80.00,-79.98,-160,R,4599,-24.3756
34870,P1,BASE,-80.00,-79.99,-160,R,4567,-24.3757
34880,P1,BASE,-80.00,-80.01,-160,R,4535,-24.3756
34890,P1,BASE,-80.00,-80.00,-160,R,4503,-24.3756
34900,P1,BASE,-80.00,-80.00,-160,R,4471,-24.3756
34910,P1,BASE,-80.00,-77.52,-162,R,4440,-24.4005
34920,P1,BASE,-80.00,-80.00,-160,R,4408,-24.4005
34930,P1,BASE,-80.00,-80.01,-160,R,4376,-24.4004
34940,P1,BASE,-80.00,-79.98,-160,R,4344,-24.4006
34950,P1,BASE,-80.00,-80.01,-160,R,4312,-24.4005
34960,P1,BASE,-80.00,-80.01,-160,R,4280,-24.4005
34970,P1,BASE,-80.00,-82.50,-157,R,4247,-24.3755
34980,P1,BASE,-80.00,-79.98,-160,R,4215,-24.3756
34990,P1,BASE,-80.00,-82.45,-157,R,4182,-24.3511
35000,P1,BASE,-80.00,-77.55,-162,R,4151,-24.3756
35010,P1,BASE,-80.00,-82.50,-157,R,4118,-24.3506
35020,P1,BASE,-80.00,-80.01,-159,R,4086,-24.3505
35030,P1,BASE,-80.00,-82.48,-157,R,4053,-24.3257
35040,P1,BASE,-80.00,-82.51,-157,R,4020,-24.3007
35050,P1,BASE,-80.00,-80.01,-159,R,3988,-24.3006
35060,P1,BASE,-80.00,-82.52,-156,R,3955,-24.2754
35070,P1,BASE,-80.00,-79.97,-159,R,3923,-24.2757
35080,P1,BASE,-80.00,-80.03,-159,R,3891,-24.2754
35090,P1,BASE,-80.00,-79.98,-159,R,3859,-24.2756
35100,P1,BASE,-80.00,-82.51,-156,R,3826,-24.2505
35110,P1,BASE,-80.00,-77.50,-161,R,3795,-24.2755
35120,P1,BASE,-80.00,-79.99,-159,R,3763,-24.2756
35130,P1,BASE,-80.00,-80.01,-159,R,3731,-24.2755
35140,P1,BASE,-80.00,-79.98,-159,R,3699,-24.2757
35150,P1,BASE,-80.00,-80.00,-159,R,3667,-24.2757
35160,P1,BASE,-80.00,-80.02,-159,R,3635,-24.2755
35170,P1,BASE,-80.00,-80.00,-159,R,3603,-24.2755
35180,P1,BASE,-80.00,-79.98,-159,R,3571,-24.2757
35190,P1,BASE,-80.00,-82.52,-156,R,3538,-24.2505
35200,P1,BASE,-80.00,-77.51,-161,R,3507,-24.2754
35210,P1,BASE,-80.00,-82.47,-156,R,3474,-24.2507
35220,P1,BASE,-80.00,-80.01,-159,R,3442,-24.2507
35230,P1,BASE,-80.00,-79.99,-159,R,3410,-24.2507
35240,P1,BASE,-80.00,-80.01,-159,R,3378,-24.2507
35250,P1,BASE,-80.00,-80.02,-159,R,3346,-24.2504
35260,P1,BASE,-80.00,-77.48,-161,R,3315,-24.2756
35270,P1,BASE,-80.00,-77.52,-162,R,3284,-24.3004
35280,P1,BASE,-80.00,-79.98,-159,R,3252,-24.3006
35290,P1,BASE,-80.00,-79.98,-159,R,3220,-24.3007
35300,P1,BASE,-80.00,-75.01,-165,R,3190,-24.3507
35310,P1,BASE,-80.00,-82.50,-157,R,3157,-24.3257
35320,P1,BASE,-80.00,-80.01,-159,R,3125,-24.3256
35330,P1,BASE,-80.00,-80.00,-159,R,3093,-24.3256
35340,P1,BASE,-80.00,-77.51,-162,R,3062,-24.3505
35350,P1,BASE,-80.00,-79.98,-159,R,3030,-24.3507
35360,P1,BASE,-80.00,-80.01,-159,R,2998,-24.3506
35370,P1,BASE,-80.00,-80.02,-159,R,2966,-24.3504
35380,P1,BASE,-80.00,-79.98,-159,R,2934,-24.3506
35390,P1,BASE,-80.00,-77.52,-162,R,2903,-24.3754
35400,P1,BASE,-80.00,-79.98,-160,R,2871,-24.3757
35410,P1,BASE,-80.00,-80.02,-160,R,2839,-24.3755
35420,P1,BASE,-80.00,-80.01,-160,R,2807,-24.3754
35430,P1,BASE,-80.00,-77.50,-162,R,2776,-24.4004
35440,P1,BASE,-80.00,-79.99,-160,R,2744,-24.4005
35450,P1,BASE,-80.00,-77.51,-162,R,2713,-24.4254
35460,P1,BASE,-80.00,-77.49,-163,R,2682,-24.4505
35470,P1,BASE,-80.00,-77.49,-163,R,2651,-24.4756
35480,P1,BASE,-80.00,-77.50,-163,R,2620,-24.5006
35490,P1,BASE,-80.00,-77.48,-163,R,2589,-24.5257
35500,P1,BASE,-80.00,-80.03,-161,R,2557,-24.5254
35510,P1,BASE,-80.00,-79.99,-161,R,2525,-24.5255
35520,P1,BASE,-80.00,-79.98,-161,R,2493,-24.5257
35530,P1,BASE,-80.00,-82.52,-158,R,2460,-24.5004
35540,P1,BASE,-80.00,-79.98,-160,R,2428,-24.5007
35550,P1,BASE,-80.00,-80.02,-160,R,2396,-24.5004
35560,P1,BASE,-80.00,-80.00,-160,R,2364,-24.5004
35570,P1,BASE,-80.00,-82.50,-158,R,2331,-24.4754
35580,P1,BASE,-80.00,-79.98,-160,R,2299,-24.4756
35590,P1,BASE,-80.00,-82.52,-158,R,2266,-24.4504
35600,P1,BASE,-80.00,-79.98,-160,R,2234,-24.4507
35610,P1,BASE,-80.00,-82.51,-157,R,2201,-24.4256
35620,P1,BASE,-80.00,-79.98,-160,R,2169,-24.4257
35630,P1,BASE,-80.00,-80.02,-160,R,2137,-24.4256
35640,P1,BASE,-80.00,-77.49,-163,R,2106,-24.4506
35650,P1,BASE,-80.00,-80.02,-160,R,2074,-24.4505
35660,P1,BASE,-80.00,-77.48,-163,R,2043,-24.4756
35670,P1,BASE,-80.00,-80.01,-160,R,2011,-24.4756
35680,P1,BASE,-80.00,-80.02,-160,R,1979,-24.4754
35690,P1,BASE,-80.00,-79.98,-160,R,1947,-24.4756
35700,P1,BASE,-80.00,-80.01,-160,R,1915,-24.4756
35710,P1,BASE,-80.00,-79.99,-160,R,1883,-24.4756
35720,P1,BASE,-80.00,-82.50,-158,R,1850,-24.4506
35730,P1,BASE,-80.00,-77.52,-163,R,1819,-24.4754
35740,P1,BASE,-80.00,-82.49,-158,R,1786,-24.4505
35750,P1,BASE,-80.00,-79.95,-160,R,1754,-24.4510
35760,P1,BASE,-80.00,-80.04,-160,R,1722,-24.4506
35770,P1,BASE,-80.00,-79.99,-160,R,1690,-24.4507
35780,P1,BASE,-80.00,-82.52,-157,R,1657,-24.4254
35790,P1,BASE,-80.00,-82.49,-157,R,1624,-24.4005
35800,P1,BASE,-80.00,-79.99,-160,R,1592,-24.4006
35810,P1,BASE,-80.00,-82.49,-157,R,1559,-24.3757
35820,P1,BASE,-80.00,-80.01,-160,R,1527,-24.3756
35830,P1,BASE,-80.00,-79.99,-160,R,1495,-24.3757
35840,P1,BASE,-80.00,-80.02,-160,R,1463,-24.3755
35850,P1,BASE,-80.00,-80.01,-160,R,1431,-24.3754
35860,P1,BASE,-80.00,-79.98,-160,R,1399,-24.3756
35870,P1,BASE,-80.00,-80.02,-160,R,1367,-24.3754
35880,P1,BASE,-80.00,-79.99,-160,R,1335,-24.3755
35890,P1,BASE,-80.00,-79.98,-160,R,1303,-24.3757
35900,P1,BASE,-80.00,-80.02,-160,R,1271,-24.3755
35910,P1,BASE,-80.00,-82.49,-157,R,1238,-24.3506
35920,P1,BASE,-80.00,-77.52,-162,R,1207,-24.3754
35930,P1,BASE,-80.00,-79.98,-160,R,1175,-24.3757
35940,P1,BASE,-80.00,-82.51,-157,R,1142,-24.3506
35950,P1,BASE,-80.00,-80.01,-159,R,1110,-24.3505
35960,P1,BASE,-80.00,-80.00,-159,R,1078,-24.3505
35970,P1,BASE,-80.00,-79.98,-159,R,1046,-24.3507
35980,P1,BASE,-80.00,-80.02,-159,R,1014,-24.3504
35990,P1,BASE,-80.00,-80.00,-159,R,982,-24.3504
36000,P1,BASE,-80.00,-79.98,-159,R,950,-24.3506
36010,P1,BASE,0.00,-79.99,-129,R,918,-23.5507
36020,P1,BASE,0.00,-77.51,-99,R,887,-22.7756
36030,P1,BASE,0.00,-75.01,-69,R,857,-22.0254
36040,P1,BASE,0.00,-72.49,-66,R,828,-21.3006
36050,P1,BASE,0.00,-70.01,-64,R,800,-20.6004
36060,P1,BASE,0.00,-67.49,-62,R,773,-19.9255
36070,P1,BASE,0.00,-64.99,-60,R,747,-19.2756
36080,P1,BASE,0.00,-62.52,-58,R,722,-18.6504
36090,P1,BASE,0.00,-57.49,-60,R,699,-18.0756
36100,P1,BASE,0.00,-52.51,-61,R,678,-17.5505
36110,P1,BASE,0.00,-52.50,-58,R,657,-17.0255
36120,P1,BASE,0.00,-49.99,-57,R,637,-16.5257
36130,P1,BASE,0.00,-45.01,-59,R,619,-16.0755
36140,P1,BASE,0.00,-42.50,-59,R,602,-15.6505
36150,P1,BASE,0.00,-42.50,-56,R,585,-15.2255
36160,P1,BASE,0.00,-37.50,-59,R,570,-14.8505
36170,P1,BASE,0.00,-32.50,-62,R,557,-14.5255
36180,P1,BASE,0.00,-35.00,-57,R,543,-14.1755
36190,P1,BASE,0.00,-30.00,-60,R,531,-13.8756
36200,P1,BASE,0.00,-27.51,-61,R,520,-13.6005
36210,P1,BASE,0.00,-22.49,-64,R,511,-13.3756
36220,P1,BASE,0.00,-22.50,-63,R,502,-13.1506
36230,P1,BASE,0.00,-20.00,-64,R,494,-12.9505
36240,P1,BASE,0.00,-20.00,-63,R,486,-12.7505
36250,P1,BASE,0.00,-17.50,-64,R,479,-12.5756
36260,P1,BASE,0.00,-15.00,-66,R,473,-12.4256
36270,P1,BASE,0.00,-15.00,-65,R,467,-12.2755
36280,P1,BASE,0.00,-10.00,-69,R,463,-12.1755
36290,P1,BASE,0.00,-10.00,-69,R,459,-12.0756
36300,P1,BASE,0.00,-7.50,-71,R,456,-12.0005
36310,P1,BASE,0.00,-5.00,-73,R,454,-11.9506
36320,P1,BASE,0.00,-7.50,-70,R,451,-11.8755
36330,P1,BASE,0.00,-5.00,-72,R,449,-11.8255
36340,P1,BASE,0.00,-5.00,-72,R,447,-11.7755
36350,P1,BASE,0.00,0.00,-77,R,447,-11.7755
36360,P1,BASE,0.00,0.00,-77,R,447,-11.7755
36370,P1,BASE,0.00,0.00,-77,R,447,-11.7755
36380,P1,BASE,0.00,0.00,-77,R,447,-11.7755
36390,P1,BASE,0.00,0.00,-77,R,447,-11.7755
36400,P1,BASE,0.00,0.00,-77,R,447,-11.7755
36410,P1,BASE,0.00,0.00,-77,R,447,-11.7755
36420,P1,BASE,0.00,0.00,-77,R,447,-11.7755
36430,P1,BASE,0.00,0.00,-77,R,447,-11.7755
36440,P1,BASE,0.00,0.00,-77,R,447,-11.7755
36450,P1,BASE,0.00,0.00,-77,R,447,-11.7755
36460,P1,BASE,0.00,0.00,-77,R,447,-11.7755
36470,P1,BASE,0.00,0.00,-77,R,447,-11.7755
36480,P1,BASE,0.00,0.00,-77,R,447,-11.7755
36490,P1,BASE,0.00,0.00,-77,R,447,-11.7755
36500,P1,BASE,0.00,0.00,-77,R,447,-11.7755
36510,P1,BASE,0.00,0.00,-77,R,447,-11.7755
36520,P1,BASE,0.00,0.00,-77,R,447,-11.7755
36530,P1,BASE,0.00,0.00,-77,R,447,-11.7755
36540,P1,BASE,0.00,0.00,-77,R,447,-11.7755
36550,P1,BASE,0.00,0.00,-77,R,447,-11.7755
36560,P1,BASE,0.00,0.00,-77,R,447,-11.7755
36570,P1,BASE,0.00,0.00,-77,R,447,-11.7755
36580,P1,BASE,0.00,0.00,-77,R,447,-11.7755
36590,P1,BASE,0.00,0.00,-77,R,447,-11.7755
36600,P1,BASE,0.00,0.00,-77,R,447,-11.7755
36610,P1,BASE,0.00,0.00,-77,R,447,-11.7755
36620,P1,BASE,0.00,0.00,-77,R,447,-11.7755
36630,P1,BASE,0.00,0.00,-77,R,447,-11.7755
36640,P1,BASE,0.00,0.00,-77,R,447,-11.7755
36650,P1,BASE,0.00,0.00,-77,R,447,-11.7755
36660,P1,BASE,0.00,0.00,-77,R,447,-11.7755
36670,P1,BASE,0.00,0.00,-77,R,447,-11.7755
36680,P1,BASE,0.00,0.00,-77,R,447,-11.7755
36690,P1,BASE,0.00,0.00,-77,R,447,-11.7755
36700,P1,BASE,0.00,0.00,-77,R,447,-11.7755
36710,P1,BASE,0.00,0.00,-77,R,447,-11.7755
36720,P1,BASE,0.00,0.00,-77,R,447,-11.7755
36730,P1,BASE,0.00,0.00,-77,R,447,-11.7755
36740,P1,BASE,0.00,0.00,-77,R,447,-11.7755
36750,P1,BASE,0.00,0.00,-77,R,447,-11.7755
36760,P1,BASE,0.00,0.00,-77,R,447,-11.7755
36770,P1,BASE,0.00,0.00,-77,R,447,-11.7755
36780,P1,BASE,0.00,0.00,-77,R,447,-11.7755
36790,P1,BASE,0.00,0.00,-77,R,447,-11.7755
36800,P1,BASE,0.00,0.00,-77,R,447,-11.7755
36810,P1,BASE,0.00,0.00,-77,R,447,-11.7755
36820,P1,BASE,0.00,0.00,-77,R,447,-11.7755
36830,P1,BASE,0.00,0.00,-77,R,447,-11.7755
36840,P1,BASE,0.00,0.00,-77,R,447,-11.7755
36850,P1,BASE,0.00,0.00,-77,R,447,-11.7755
36860,P1,BASE,0.00,0.00,-77,R,447,-11.7755
36870,P1,BASE,0.00,0.00,-77,R,447,-11.7755
36880,P1,BASE,0.00,0.00,-77,R,447,-11.7755
36890,P1,BASE,0.00,0.00,-77,R,447,-11.7755
36900,P1,BASE,0.00,0.00,-77,R,447,-11.7755
36910,P1,BASE,0.00,0.00,-77,R,447,-11.7755
36920,P1,BASE,0.00,0.00,-77,R,447,-11.7755
36930,P1,BASE,0.00,0.00,-77,R,447,-11.7755
36940,P1,BASE,0.00,0.00,-77,R,447,-11.7755
36950,P1,BASE,0.00,0.00,-77,R,447,-11.7755
36960,P1,BASE,0.00,0.00,-77,R,447,-11.7755
36970,P1,BASE,0.00,0.00,-77,R,447,-11.7755
36980,P1,BASE,0.00,0.00,-77,R,447,-11.7755
36990,P1,BASE,0.00,0.00,-77,R,447,-11.7755
37000,P1,BASE,0.00,0.00,-77,R,447,-11.7755
37010,P1,BASE,0.00,0.00,-77,R,447,-11.7755
37020,P1,BASE,0.00,0.00,-77,R,447,-11.7755
37030,P1,BASE,0.00,0.00,-77,R,447,-11.7755
37040,P1,BASE,0.00,0.00,-77,R,447,-11.7755
37050,P1,BASE,0.00,0.00,-77,R,447,-11.7755
37060,P1,BASE,0.00,0.00,-77,R,447,-11.7755
37070,P1,BASE,0.00,0.00,-77,R,447,-11.7755
37080,P1,BASE,0.00,0.00,-77,R,447,-11.7755
37090,P1,BASE,0.00,0.00,-77,R,447,-11.7755
37100,P1,BASE,0.00,0.00,-77,R,447,-11.7755
37110,P1,BASE,0.00,0.00,-77,R,447,-11.7755
37120,P1,BASE,0.00,0.00,-77,R,447,-11.7755
37130,P1,BASE,0.00,0.00,-77,R,447,-11.7755
37140,P1,BASE,0.00,0.00,-77,R,447,-11.7755
37150,P1,BASE,0.00,0.00,-77,R,447,-11.7755
37160,P1,BASE,0.00,0.00,-77,R,447,-11.7755
37170,P1,BASE,0.00,0.00,-77,R,447,-11.7755
37180,P1,BASE,0.00,0.00,-77,R,447,-11.7755
37190,P1,BASE,0.00,0.00,-77,R,447,-11.7755
37200,P1,BASE,0.00,0.00,-77,R,447,-11.7755
37210,P1,BASE,0.00,0.00,-77,R,447,-11.7755
37220,P1,BASE,0.00,0.00,-77,R,447,-11.7755
37230,P1,BASE,0.00,0.00,-77,R,447,-11.7755
37240,P1,BASE,0.00,0.00,-77,R,447,-11.7755
37250,P1,BASE,0.00,0.00,-77,R,447,-11.7755
37260,P1,BASE,0.00,0.00,-77,R,447,-11.7755
37270,P1,BASE,0.00,0.00,-77,R,447,-11.7755
37280,P1,BASE,0.00,0.00,-77,R,447,-11.7755
37290,P1,BASE,0.00,0.00,-77,R,447,-11.7755
37300,P1,BASE,0.00,0.00,-77,R,447,-11.7755
37310,P1,BASE,0.00,0.00,-77,R,447,-11.7755
37320,P1,BASE,0.00,0.00,-77,R,447,-11.7755
37330,P1,BASE,0.00,0.00,-77,R,447,-11.7755
37340,P1,BASE,0.00,0.00,-77,R,447,-11.7755
37350,P1,BASE,0.00,0.00,-77,R,447,-11.7755
37360,P1,BASE,0.00,0.00,-77,R,447,-11.7755
37370,P1,BASE,0.00,0.00,-77,R,447,-11.7755
37380,P1,BASE,0.00,0.00,-77,R,447,-11.7755
37390,P1,BASE,0.00,0.00,-77,R,447,-11.7755
37400,P1,BASE,0.00,0.00,-77,R,447,-11.7755
37410,P1,BASE,0.00,0.00,-77,R,447,-11.7755
37420,P1,BASE,0.00,0.00,-77,R,447,-11.7755
37430,P1,BASE,0.00,0.00,-77,R,447,-11.7755
37440,P1,BASE,0.00,0.00,-77,R,447,-11.7755
37450,P1,BASE,0.00,0.00,-77,R,447,-11.7755
37460,P1,BASE,0.00,0.00,-77,R,447,-11.7755
37470,P1,BASE,0.00,0.00,-77,R,447,-11.7755
37480,P1,BASE,0.00,0.00,-77,R,447,-11.7755
37490,P1,BASE,0.00,0.00,-77,R,447,-11.7755
37500,P1,BASE,0.00,0.00,-77,R,447,-11.7755
37510,P1,BASE,0.00,0.00,-77,R,447,-11.7755
37520,P1,BASE,0.00,0.00,-77,R,447,-11.7755
37530,P1,BASE,0.00,0.00,-77,R,447,-11.7755
37540,P1,BASE,0.00,0.00,-77,R,447,-11.7755
37550,P1,BASE,0.00,0.00,-77,R,447,-11.7755
37560,P1,BASE,0.00,0.00,-77,R,447,-11.7755
37570,P1,BASE,0.00,0.00,-77,R,447,-11.7755
37580,P1,BASE,0.00,0.00,-77,R,447,-11.7755
37590,P1,BASE,0.00,0.00,-77,R,447,-11.7755
37600,P1,BASE,0.00,0.00,-77,R,447,-11.7755
37610,P1,BASE,0.00,0.00,-77,R,447,-11.7755
37620,P1,BASE,0.00,0.00,-77,R,447,-11.7755
37630,P1,BASE,0.00,0.00,-77,R,447,-11.7755
37640,P1,BASE,0.00,0.00,-77,R,447,-11.7755
37650,P1,BASE,0.00,0.00,-77,R,447,-11.7755
37660,P1,BASE,0.00,0.00,-77,R,447,-11.7755
37670,P1,BASE,0.00,0.00,-77,R,447,-11.7755
37680,P1,BASE,0.00,0.00,-77,R,447,-11.7755
37690,P1,BASE,0.00,0.00,-77,R,447,-11.7755
37700,P1,BASE,0.00,0.00,-77,R,447,-11.7755
37710,P1,BASE,0.00,0.00,-77,R,447,-11.7755
37720,P1,BASE,0.00,0.00,-77,R,447,-11.7755
37730,P1,BASE,0.00,0.00,-77,R,447,-11.7755
37740,P1,BASE,0.00,0.00,-77,R,447,-11.7755
37750,P1,BASE,0.00,0.00,-77,R,447,-11.7755
37760,P1,BASE,0.00,0.00,-77,R,447,-11.7755
37770,P1,BASE,0.00,0.00,-77,R,447,-11.7755
37780,P1,BASE,0.00,0.00,-77,R,447,-11.7755
37790,P1,BASE,0.00,0.00,-77,R,447,-11.7755
37800,P1,BASE,0.00,0.00,-77,R,447,-11.7755
37810,P1,BASE,0.00,0.00,-77,R,447,-11.7755
37820,P1,BASE,0.00,0.00,-77,R,447,-11.7755
37830,P1,BASE,0.00,0.00,-77,R,447,-11.7755
37840,P1,BASE,0.00,0.00,-77,R,447,-11.7755
37850,P1,BASE,0.00,0.00,-77,R,447,-11.7755
37860,P1,BASE,0.00,0.00,-77,R,447,-11.7755
37870,P1,BASE,0.00,0.00,-77,R,447,-11.7755
37880,P1,BASE,0.00,0.00,-77,R,447,-11.7755
37890,P1,BASE,0.00,0.00,-77,R,447,-11.7755
37900,P1,BASE,0.00,0.00,-77,R,447,-11.7755
37910,P1,BASE,0.00,0.00,-77,R,447,-11.7755
37920,P1,BASE,0.00,0.00,-77,R,447,-11.7755
37930,P1,BASE,0.00,0.00,-77,R,447,-11.7755
37940,P1,BASE,0.00,0.00,-77,R,447,-11.7755
37950,P1,BASE,0.00,0.00,-77,R,447,-11.7755
37960,P1,BASE,0.00,0.00,-77,R,447,-11.7755
37970,P1,BASE,0.00,0.00,-77,R,447,-11.7755
37980,P1,BASE,0.00,0.00,-77,R,447,-11.7755
37990,P1,BASE,0.00,0.00,-77,R,447,-11.7755
38000,P1,BASE,0.00,0.00,-77,R,447,-11.7755
38010,P1,BASE,0.00,0.00,-77,R,447,-11.7755
38020,P1,BASE,0.00,0.00,-77,R,447,-11.7755
38030,P1,BASE,0.00,0.00,-77,R,447,-11.7755
38040,P1,BASE,0.00,0.00,-77,R,447,-11.7755
38050,P1,BASE,0.00,0.00,-77,R,447,-11.7755
38060,P1,BASE,0.00,0.00,-77,R,447,-11.7755
38070,P1,BASE,0.00,0.00,-77,R,447,-11.7755
38080,P1,BASE,0.00,0.00,-77,R,447,-11.7755
38090,P1,BASE,0.00,0.00,-77,R,447,-11.7755
38100,P1,BASE,0.00,0.00,-77,R,447,-11.7755
38110,P1,BASE,0.00,0.00,-77,R,447,-11.7755
38120,P1,BASE,0.00,0.00,-77,R,447,-11.7755
38130,P1,BASE,0.00,0.00,-77,R,447,-11.7755
38140,P1,BASE,0.00,0.00,-77,R,447,-11.7755
38150,P1,BASE,0.00,0.00,-77,R,447,-11.7755
38160,P1,BASE,0.00,0.00,-77,R,447,-11.7755
38170,P1,BASE,0.00,0.00,-77,R,447,-11.7755
38180,P1,BASE,0.00,0.00,-77,R,447,-11.7755
38190,P1,BASE,0.00,0.00,-77,R,447,-11.7755
38200,P1,BASE,0.00,0.00,-77,R,447,-11.7755
38210,P1,BASE,0.00,0.00,-77,R,447,-11.7755
38220,P1,BASE,0.00,0.00,-77,R,447,-11.7755
38230,P1,BASE,0.00,0.00,-77,R,447,-11.7755
38240,P1,BASE,0.00,0.00,-77,R,447,-11.7755
38250,P1,BASE,0.00,0.00,-77,R,447,-11.7755
38260,P1,BASE,0.00,0.00,-77,R,447,-11.7755
38270,P1,BASE,0.00,0.00,-77,R,447,-11.7755
38280,P1,BASE,0.00,0.00,-77,R,447,-11.7755
38290,P1,BASE,0.00,0.00,-77,R,447,-11.7755
38300,P1,BASE,0.00,0.00,-77,R,447,-11.7755
38310,P1,BASE,0.00,0.00,-77,R,447,-11.7755
38320,P1,BASE,0.00,0.00,-77,R,447,-11.7755
38330,P1,BASE,0.00,0.00,-77,R,447,-11.7755
38340,P1,BASE,0.00,0.00,-77,R,447,-11.7755
38350,P1,BASE,0.00,0.00,-77,R,447,-11.7755
38360,P1,BASE,0.00,0.00,-77,R,447,-11.7755
38370,P1,BASE,0.00,0.00,-77,R,447,-11.7755
38380,P1,BASE,0.00,0.00,-77,R,447,-11.7755
38390,P1,BASE,0.00,0.00,-77,R,447,-11.7755
38400,P1,BASE,0.00,0.00,-77,R,447,-11.7755
38410,P1,BASE,0.00,0.00,-77,R,447,-11.7755
38420,P1,BASE,0.00,0.00,-77,R,447,-11.7755
38430,P1,BASE,0.00,0.00,-77,R,447,-11.7755
38440,P1,BASE,0.00,0.00,-77,R,447,-11.7755
38450,P1,BASE,0.00,0.00,-77,R,447,-11.7755
38460,P1,BASE,0.00,0.00,-77,R,447,-11.7755
38470,P1,BASE,0.00,0.00,-77,R,447,-11.7755
38480,P1,BASE,0.00,0.00,-77,R,447,-11.7755
38490,P1,BASE,0.00,0.00,-77,R,447,-11.7755
38500,P1,BASE,0.00,0.00,-77,R,447,-11.7755
38510,P1,BASE,0.00,0.00,-77,R,447,-11.7755
38520,P1,BASE,0.00,0.00,-77,R,447,-11.7755
38530,P1,BASE,0.00,0.00,-77,R,447,-11.7755
38540,P1,BASE,0.00,0.00,-77,R,447,-11.7755
38550,P1,BASE,0.00,0.00,-77,R,447,-11.7755
38560,P1,BASE,0.00,0.00,-77,R,447,-11.7755
38570,P1,BASE,0.00,0.00,-77,R,447,-11.7755
38580,P1,BASE,0.00,0.00,-77,R,447,-11.7755
38590,P1,BASE,0.00,0.00,-77,R,447,-11.7755
38600,P1,BASE,0.00,0.00,-77,R,447,-11.7755
38610,P1,BASE,0.00,0.00,-77,R,447,-11.7755
38620,P1,BASE,0.00,0.00,-77,R,447,-11.7755
38630,P1,BASE,0.00,0.00,-77,R,447,-11.7755
38640,P1,BASE,0.00,0.00,-77,R,447,-11.7755
38650,P1,BASE,0.00,0.00,-77,R,447,-11.7755
38660,P1,BASE,0.00,0.00,-77,R,447,-11.7755
38670,P1,BASE,0.00,0.00,-77,R,447,-11.7755
38680,P1,BASE,0.00,0.00,-77,R,447,-11.7755
38690,P1,BASE,0.00,0.00,-77,R,447,-11.7755
38700,P1,BASE,0.00,0.00,-77,R,447,-11.7755
38710,P1,BASE,0.00,0.00,-77,R,447,-11.7755
38720,P1,BASE,0.00,0.00,-77,R,447,-11.7755
38730,P1,BASE,0.00,0.00,-77,R,447,-11.7755
38740,P1,BASE,0.00,0.00,-77,R,447,-11.7755
38750,P1,BASE,0.00,0.00,-77,R,447,-11.7755
38760,P1,BASE,0.00,0.00,-77,R,447,-11.7755
38770,P1,BASE,0.00,0.00,-77,R,447,-11.7755
38780,P1,BASE,0.00,0.00,-77,R,447,-11.7755
38790,P1,BASE,0.00,0.00,-77,R,447,-11.7755
38800,P1,BASE,0.00,0.00,-77,R,447,-11.7755
38810,P1,BASE,0.00,0.00,-77,R,447,-11.7755
38820,P1,BASE,0.00,0.00,-77,R,447,-11.7755
38830,P1,BASE,0.00,0.00,-77,R,447,-11.7755
38840,P1,BASE,0.00,0.00,-77,R,447,-11.7755
38850,P1,BASE,0.00,0.00,-77,R,447,-11.7755
38860,P1,BASE,0.00,0.00,-77,R,447,-11.7755
38870,P1,BASE,0.00,0.00,-77,R,447,-11.7755
38880,P1,BASE,0.00,0.00,-77,R,447,-11.7755
38890,P1,BASE,0.00,0.00,-77,R,447,-11.7755
38900,P1,BASE,0.00,0.00,-77,R,447,-11.7755
38910,P1,BASE,0.00,0.00,-77,R,447,-11.7755
38920,P1,BASE,0.00,0.00,-77,R,447,-11.7755
38930,P1,BASE,0.00,0.00,-77,R,447,-11.7755
38940,P1,BASE,0.00,0.00,-77,R,447,-11.7755
38950,P1,BASE,0.00,0.00,-77,R,447,-11.7755
38960,P1,BASE,0.00,0.00,-77,R,447,-11.7755
38970,P1,BASE,0.00,0.00,-77,R,447,-11.7755
38980,P1,BASE,0.00,0.00,-77,R,447,-11.7755
38990,P1,BASE,0.00,0.00,-77,R,447,-11.7755
