t_ms,profile,controller,ref_rpm,meas_rpm,pwm_cmd,dir,enc_count,integrator
0,P1,BASE,0.00,0.00,0,N,0,0.0000
10,P1,BASE,0.00,0.00,0,N,0,0.0000
20,P1,BASE,0.00,0.00,0,N,0,0.0000
30,P1,BASE,0.00,0.00,0,N,0,0.0000
40,P1,BASE,0.00,0.00,0,N,0,0.0000
50,P1,BASE,0.00,0.00,0,N,0,0.0000
60,P1,BASE,0.00,0.00,0,N,0,0.0000
70,P1,BASE,0.00,0.00,0,N,0,0.0000
80,P1,BASE,0.00,0.00,0,N,0,0.0000
90,P1,BASE,0.00,0.00,0,N,0,0.0000
100,P1,BASE,0.00,0.00,0,N,0,0.0000
110,P1,BASE,0.00,0.00,0,N,0,0.0000
120,P1,BASE,0.00,0.00,0,N,0,0.0000
130,P1,BASE,0.00,0.00,0,N,0,0.0000
140,P1,BASE,0.00,0.00,0,N,0,0.0000
150,P1,BASE,0.00,0.00,0,N,0,0.0000
160,P1,BASE,0.00,0.00,0,N,0,0.0000
170,P1,BASE,0.00,0.00,0,N,0,0.0000
180,P1,BASE,0.00,0.00,0,N,0,0.0000
190,P1,BASE,0.00,0.00,0,N,0,0.0000
200,P1,BASE,0.00,0.00,0,N,0,0.0000
210,P1,BASE,0.00,0.00,0,N,0,0.0000
220,P1,BASE,0.00,0.00,0,N,0,0.0000
230,P1,BASE,0.00,0.00,0,N,0,0.0000
240,P1,BASE,0.00,0.00,0,N,0,0.0000
250,P1,BASE,0.00,0.00,0,N,0,0.0000
260,P1,BASE,0.00,0.00,0,N,0,0.0000
270,P1,BASE,0.00,0.00,0,N,0,0.0000
280,P1,BASE,0.00,0.00,0,N,0,0.0000
290,P1,BASE,0.00,0.00,0,N,0,0.0000
300,P1,BASE,0.00,0.00,0,N,0,0.0000
310,P1,BASE,0.00,0.00,0,N,0,0.0000
320,P1,BASE,0.00,0.00,0,N,0,0.0000
330,P1,BASE,0.00,0.00,0,N,0,0.0000
340,P1,BASE,0.00,0.00,0,N,0,0.0000
350,P1,BASE,0.00,0.00,0,N,0,0.0000
360,P1,BASE,0.00,0.00,0,N,0,0.0000
370,P1,BASE,0.00,0.00,0,N,0,0.0000
380,P1,BASE,0.00,0.00,0,N,0,0.0000
390,P1,BASE,0.00,0.00,0,N,0,0.0000
400,P1,BASE,0.00,0.00,0,N,0,0.0000
410,P1,BASE,0.00,0.00,0,N,0,0.0000
420,P1,BASE,0.00,0.00,0,N,0,0.0000
430,P1,BASE,0.00,0.00,0,N,0,0.0000
440,P1,BASE,0.00,0.00,0,N,0,0.0000
450,P1,BASE,0.00,0.00,0,N,0,0.0000
460,P1,BASE,0.00,0.00,0,N,0,0.0000
470,P1,BASE,0.00,0.00,0,N,0,0.0000
480,P1,BASE,0.00,0.00,0,N,0,0.0000
490,P1,BASE,0.00,0.00,0,N,0,0.0000
500,P1,BASE,0.00,0.00,0,N,0,0.0000
510,P1,BASE,0.00,0.00,0,N,0,0.0000
520,P1,BASE,0.00,0.00,0,N,0,0.0000
530,P1,BASE,0.00,0.00,0,N,0,0.0000
540,P1,BASE,0.00,0.00,0,N,0,0.0000
550,P1,BASE,0.00,0.00,0,N,0,0.0000
560,P1,BASE,0.00,0.00,0,N,0,0.0000
570,P1,BASE,0.00,0.00,0,N,0,0.0000
580,P1,BASE,0.00,0.00,0,N,0,0.0000
590,P1,BASE,0.00,0.00,0,N,0,0.0000
600,P1,BASE,0.00,0.00,0,N,0,0.0000
610,P1,BASE,0.00,0.00,0,N,0,0.0000
620,P1,BASE,0.00,0.00,0,N,0,0.0000
630,P1,BASE,0.00,0.00,0,N,0,0.0000
640,P1,BASE,0.00,0.00,0,N,0,0.0000
650,P1,BASE,0.00,0.00,0,N,0,0.0000
660,P1,BASE,0.00,0.00,0,N,0,0.0000
670,P1,BASE,0.00,0.00,0,N,0,0.0000
680,P1,BASE,0.00,0.00,0,N,0,0.0000
690,P1,BASE,0.00,0.00,0,N,0,0.0000
700,P1,BASE,0.00,0.00,0,N,0,0.0000
710,P1,BASE,0.00,0.00,0,N,0,0.0000
720,P1,BASE,0.00,0.00,0,N,0,0.0000
730,P1,BASE,0.00,0.00,0,N,0,0.0000
740,P1,BASE,0.00,0.00,0,N,0,0.0000
750,P1,BASE,0.00,0.00,0,N,0,0.0000
760,P1,BASE,0.00,0.00,0,N,0,0.0000
770,P1,BASE,0.00,0.00,0,N,0,0.0000
780,P1,BASE,0.00,0.00,0,N,0,0.0000
790,P1,BASE,0.00,0.00,0,N,0,0.0000
800,P1,BASE,0.00,0.00,0,N,0,0.0000
810,P1,BASE,0.00,0.00,0,N,0,0.0000
820,P1,BASE,0.00,0.00,0,N,0,0.0000
830,P1,BASE,0.00,0.00,0,N,0,0.0000
840,P1,BASE,0.00,0.00,0,N,0,0.0000
850,P1,BASE,0.00,0.00,0,N,0,0.0000
860,P1,BASE,0.00,0.00,0,N,0,0.0000
870,P1,BASE,0.00,0.00,0,N,0,0.0000
880,P1,BASE,0.00,0.00,0,N,0,0.0000
890,P1,BASE,0.00,0.00,0,N,0,0.0000
900,P1,BASE,0.00,0.00,0,N,0,0.0000
910,P1,BASE,0.00,0.00,0,N,0,0.0000
920,P1,BASE,0.00,0.00,0,N,0,0.0000
930,P1,BASE,0.00,0.00,0,N,0,0.0000
940,P1,BASE,0.00,0.00,0,N,0,0.0000
950,P1,BASE,0.00,0.00,0,N,0,0.0000
960,P1,BASE,0.00,0.00,0,N,0,0.0000
970,P1,BASE,0.00,0.00,0,N,0,0.0000
980,P1,BASE,0.00,0.00,0,N,0,0.0000
990,P1,BASE,0.00,0.00,0,N,0,0.0000
1000,P1,BASE,0.00,0.00,0,N,0,0.0000
1010,P1,BASE,0.00,0.00,0,N,0,0.0000
1020,P1,BASE,0.00,0.00,0,N,0,0.0000
1030,P1,BASE,0.00,0.00,0,N,0,0.0000
1040,P1,BASE,0.00,0.00,0,N,0,0.0000
1050,P1,BASE,0.00,0.00,0,N,0,0.0000
1060,P1,BASE,0.00,0.00,0,N,0,0.0000
1070,P1,BASE,0.00,0.00,0,N,0,0.0000
1080,P1,BASE,0.00,0.00,0,N,0,0.0000
1090,P1,BASE,0.00,0.00,0,N,0,0.0000
1100,P1,BASE,0.00,0.00,0,N,0,0.0000
1110,P1,BASE,0.00,0.00,0,N,0,0.0000
1120,P1,BASE,0.00,0.00,0,N,0,0.0000
1130,P1,BASE,0.00,0.00,0,N,0,0.0000
1140,P1,BASE,0.00,0.00,0,N,0,0.0000
1150,P1,BASE,0.00,0.00,0,N,0,0.0000
1160,P1,BASE,0.00,0.00,0,N,0,0.0000
1170,P1,BASE,0.00,0.00,0,N,0,0.0000
1180,P1,BASE,0.00,0.00,0,N,0,0.0000
1190,P1,BASE,0.00,0.00,0,N,0,0.0000
1200,P1,BASE,0.00,0.00,0,N,0,0.0000
1210,P1,BASE,0.00,0.00,0,N,0,0.0000
1220,P1,BASE,0.00,0.00,0,N,0,0.0000
1230,P1,BASE,0.00,0.00,0,N,0,0.0000
1240,P1,BASE,0.00,0.00,0,N,0,0.0000
1250,P1,BASE,0.00,0.00,0,N,0,0.0000
1260,P1,BASE,0.00,0.00,0,N,0,0.0000
1270,P1,BASE,0.00,0.00,0,N,0,0.0000
1280,P1,BASE,0.00,0.00,0,N,0,0.0000
1290,P1,BASE,0.00,0.00,0,N,0,0.0000
1300,P1,BASE,0.00,0.00,0,N,0,0.0000
1310,P1,BASE,0.00,0.00,0,N,0,0.0000
1320,P1,BASE,0.00,0.00,0,N,0,0.0000
1330,P1,BASE,0.00,0.00,0,N,0,0.0000
1340,P1,BASE,0.00,0.00,0,N,0,0.0000
1350,P1,BASE,0.00,0.00,0,N,0,0.0000
1360,P1,BASE,0.00,0.00,0,N,0,0.0000
1370,P1,BASE,0.00,0.00,0,N,0,0.0000
1380,P1,BASE,0.00,0.00,0,N,0,0.0000
1390,P1,BASE,0.00,0.00,0,N,0,0.0000
1400,P1,BASE,0.00,0.00,0,N,0,0.0000
1410,P1,BASE,0.00,0.00,0,N,0,0.0000
1420,P1,BASE,0.00,0.00,0,N,0,0.0000
1430,P1,BASE,0.00,0.00,0,N,0,0.0000
1440,P1,BASE,0.00,0.00,0,N,0,0.0000
1450,P1,BASE,0.00,0.00,0,N,0,0.0000
1460,P1,BASE,0.00,0.00,0,N,0,0.0000
1470,P1,BASE,0.00,0.00,0,N,0,0.0000
1480,P1,BASE,0.00,0.00,0,N,0,0.0000
1490,P1,BASE,0.00,0.00,0,N,0,0.0000
1500,P1,BASE,0.00,0.00,0,N,0,0.0000
1510,P1,BASE,0.00,0.00,0,N,0,0.0000
1520,P1,BASE,0.00,0.00,0,N,0,0.0000
1530,P1,BASE,0.00,0.00,0,N,0,0.0000
1540,P1,BASE,0.00,0.00,0,N,0,0.0000
1550,P1,BASE,0.00,0.00,0,N,0,0.0000
1560,P1,BASE,0.00,0.00,0,N,0,0.0000
1570,P1,BASE,0.00,0.00,0,N,0,0.0000
1580,P1,BASE,0.00,0.00,0,N,0,0.0000
1590,P1,BASE,0.00,0.00,0,N,0,0.0000
1600,P1,BASE,0.00,0.00,0,N,0,0.0000
1610,P1,BASE,0.00,0.00,0,N,0,0.0000
1620,P1,BASE,0.00,0.00,0,N,0,0.0000
1630,P1,BASE,0.00,0.00,0,N,0,0.0000
1640,P1,BASE,0.00,0.00,0,N,0,0.0000
1650,P1,BASE,0.00,0.00,0,N,0,0.0000
1660,P1,BASE,0.00,0.00,0,N,0,0.0000
1670,P1,BASE,0.00,0.00,0,N,0,0.0000
1680,P1,BASE,0.00,0.00,0,N,0,0.0000
1690,P1,BASE,0.00,0.00,0,N,0,0.0000
1700,P1,BASE,0.00,0.00,0,N,0,0.0000
1710,P1,BASE,0.00,0.00,0,N,0,0.0000
1720,P1,BASE,0.00,0.00,0,N,0,0.0000
1730,P1,BASE,0.00,0.00,0,N,0,0.0000
1740,P1,BASE,0.00,0.00,0,N,0,0.0000
1750,P1,BASE,0.00,0.00,0,N,0,0.0000
1760,P1,BASE,0.00,0.00,0,N,0,0.0000
1770,P1,BASE,0.00,0.00,0,N,0,0.0000
1780,P1,BASE,0.00,0.00,0,N,0,0.0000
1790,P1,BASE,0.00,0.00,0,N,0,0.0000
1800,P1,BASE,0.00,0.00,0,N,0,0.0000
1810,P1,BASE,0.00,0.00,0,N,0,0.0000
1820,P1,BASE,0.00,0.00,0,N,0,0.0000
1830,P1,BASE,0.00,0.00,0,N,0,0.0000
1840,P1,BASE,0.00,0.00,0,N,0,0.0000
1850,P1,BASE,0.00,0.00,0,N,0,0.0000
1860,P1,BASE,0.00,0.00,0,N,0,0.0000
1870,P1,BASE,0.00,0.00,0,N,0,0.0000
1880,P1,BASE,0.00,0.00,0,N,0,0.0000
1890,P1,BASE,0.00,0.00,0,N,0,0.0000
1900,P1,BASE,0.00,0.00,0,N,0,0.0000
1910,P1,BASE,0.00,0.00,0,N,0,0.0000
1920,P1,BASE,0.00,0.00,0,N,0,0.0000
1930,P1,BASE,0.00,0.00,0,N,0,0.0000
1940,P1,BASE,0.00,0.00,0,N,0,0.0000
1950,P1,BASE,0.00,0.00,0,N,0,0.0000
1960,P1,BASE,0.00,0.00,0,N,0,0.0000
1970,P1,BASE,0.00,0.00,0,N,0,0.0000
1980,P1,BASE,0.00,0.00,0,N,0,0.0000
1990,P1,BASE,0.00,0.00,0,N,0,0.0000
2000,P1,BASE,0.00,0.00,0,N,0,0.0000
2010,P1,BASE,0.00,0.00,0,N,0,0.0000
2020,P1,BASE,0.00,0.00,0,N,0,0.0000
2030,P1,BASE,0.00,0.00,0,N,0,0.0000
2040,P1,BASE,0.00,0.00,0,N,0,0.0000
2050,P1,BASE,0.00,0.00,0,N,0,0.0000
2060,P1,BASE,0.00,0.00,0,N,0,0.0000
2070,P1,BASE,0.00,0.00,0,N,0,0.0000
2080,P1,BASE,0.00,0.00,0,N,0,0.0000
2090,P1,BASE,0.00,0.00,0,N,0,0.0000
2100,P1,BASE,0.00,0.00,0,N,0,0.0000
2110,P1,BASE,0.00,0.00,0,N,0,0.0000
2120,P1,BASE,0.00,0.00,0,N,0,0.0000
2130,P1,BASE,0.00,0.00,0,N,0,0.0000
2140,P1,BASE,0.00,0.00,0,N,0,0.0000
2150,P1,BASE,0.00,0.00,0,N,0,0.0000
2160,P1,BASE,0.00,0.00,0,N,0,0.0000
2170,P1,BASE,0.00,0.00,0,N,0,0.0000
2180,P1,BASE,0.00,0.00,0,N,0,0.0000
2190,P1,BASE,0.00,0.00,0,N,0,0.0000
2200,P1,BASE,0.00,0.00,0,N,0,0.0000
2210,P1,BASE,0.00,0.00,0,N,0,0.0000
2220,P1,BASE,0.00,0.00,0,N,0,0.0000
2230,P1,BASE,0.00,0.00,0,N,0,0.0000
2240,P1,BASE,0.00,0.00,0,N,0,0.0000
2250,P1,BASE,0.00,0.00,0,N,0,0.0000
2260,P1,BASE,0.00,0.00,0,N,0,0.0000
2270,P1,BASE,0.00,0.00,0,N,0,0.0000
2280,P1,BASE,0.00,0.00,0,N,0,0.0000
2290,P1,BASE,0.00,0.00,0,N,0,0.0000
2300,P1,BASE,0.00,0.00,0,N,0,0.0000
2310,P1,BASE,0.00,0.00,0,N,0,0.0000
2320,P1,BASE,0.00,0.00,0,N,0,0.0000
2330,P1,BASE,0.00,0.00,0,N,0,0.0000
2340,P1,BASE,0.00,0.00,0,N,0,0.0000
2350,P1,BASE,0.00,0.00,0,N,0,0.0000
2360,P1,BASE,0.00,0.00,0,N,0,0.0000
2370,P1,BASE,0.00,0.00,0,N,0,0.0000
2380,P1,BASE,0.00,0.00,0,N,0,0.0000
2390,P1,BASE,0.00,0.00,0,N,0,0.0000
2400,P1,BASE,0.00,0.00,0,N,0,0.0000
2410,P1,BASE,0.00,0.00,0,N,0,0.0000
2420,P1,BASE,0.00,0.00,0,N,0,0.0000
2430,P1,BASE,0.00,0.00,0,N,0,0.0000
2440,P1,BASE,0.00,0.00,0,N,0,0.0000
2450,P1,BASE,0.00,0.00,0,N,0,0.0000
2460,P1,BASE,0.00,0.00,0,N,0,0.0000
2470,P1,BASE,0.00,0.00,0,N,0,0.0000
2480,P1,BASE,0.00,0.00,0,N,0,0.0000
2490,P1,BASE,0.00,0.00,0,N,0,0.0000
2500,P1,BASE,0.00,0.00,0,N,0,0.0000
2510,P1,BASE,0.00,0.00,0,N,0,0.0000
2520,P1,BASE,0.00,0.00,0,N,0,0.0000
2530,P1,BASE,0.00,0.00,0,N,0,0.0000
2540,P1,BASE,0.00,0.00,0,N,0,0.0000
2550,P1,BASE,0.00,0.00,0,N,0,0.0000
2560,P1,BASE,0.00,0.00,0,N,0,0.0000
2570,P1,BASE,0.00,0.00,0,N,0,0.0000
2580,P1,BASE,0.00,0.00,0,N,0,0.0000
2590,P1,BASE,0.00,0.00,0,N,0,0.0000
2600,P1,BASE,0.00,0.00,0,N,0,0.0000
2610,P1,BASE,0.00,0.00,0,N,0,0.0000
2620,P1,BASE,0.00,0.00,0,N,0,0.0000
2630,P1,BASE,0.00,0.00,0,N,0,0.0000
2640,P1,BASE,0.00,0.00,0,N,0,0.0000
2650,P1,BASE,0.00,0.00,0,N,0,0.0000
2660,P1,BASE,0.00,0.00,0,N,0,0.0000
2670,P1,BASE,0.00,0.00,0,N,0,0.0000
2680,P1,BASE,0.00,0.00,0,N,0,0.0000
2690,P1,BASE,0.00,0.00,0,N,0,0.0000
2700,P1,BASE,0.00,0.00,0,N,0,0.0000
2710,P1,BASE,0.00,0.00,0,N,0,0.0000
2720,P1,BASE,0.00,0.00,0,N,0,0.0000
2730,P1,BASE,0.00,0.00,0,N,0,0.0000
2740,P1,BASE,0.00,0.00,0,N,0,0.0000
2750,P1,BASE,0.00,0.00,0,N,0,0.0000
2760,P1,BASE,0.00,0.00,0,N,0,0.0000
2770,P1,BASE,0.00,0.00,0,N,0,0.0000
2780,P1,BASE,0.00,0.00,0,N,0,0.0000
2790,P1,BASE,0.00,0.00,0,N,0,0.0000
2800,P1,BASE,0.00,0.00,0,N,0,0.0000
2810,P1,BASE,0.00,0.00,0,N,0,0.0000
2820,P1,BASE,0.00,0.00,0,N,0,0.0000
2830,P1,BASE,0.00,0.00,0,N,0,0.0000
2840,P1,BASE,0.00,0.00,0,N,0,0.0000
2850,P1,BASE,0.00,0.00,0,N,0,0.0000
2860,P1,BASE,0.00,0.00,0,N,0,0.0000
2870,P1,BASE,0.00,0.00,0,N,0,0.0000
2880,P1,BASE,0.00,0.00,0,N,0,0.0000
2890,P1,BASE,0.00,0.00,0,N,0,0.0000
2900,P1,BASE,0.00,0.00,0,N,0,0.0000
2910,P1,BASE,0.00,0.00,0,N,0,0.0000
2920,P1,BASE,0.00,0.00,0,N,0,0.0000
2930,P1,BASE,0.00,0.00,0,N,0,0.0000
2940,P1,BASE,0.00,0.00,0,N,0,0.0000
2950,P1,BASE,0.00,0.00,0,N,0,0.0000
2960,P1,BASE,0.00,0.00,0,N,0,0.0000
2970,P1,BASE,0.00,0.00,0,N,0,0.0000
2980,P1,BASE,0.00,0.00,0,N,0,0.0000
2990,P1,BASE,0.00,0.00,0,N,0,0.0000
3000,P1,BASE,0.00,0.00,0,N,0,0.0000
3010,P1,BASE,80.00,0.00,30,F,0,0.8000
3020,P1,BASE,80.00,0.00,60,F,0,1.6000
3030,P1,BASE,80.00,0.00,90,F,0,2.4000
3040,P1,BASE,80.00,0.00,102,F,0,3.2000
3050,P1,BASE,80.00,0.00,107,F,0,4.0000
3060,P1,BASE,80.00,0.00,112,F,0,4.8000
3070,P1,BASE,80.00,0.00,118,F,0,5.6000
3080,P1,BASE,80.00,0.00,123,F,0,6.4000
3090,P1,BASE,80.00,0.00,128,F,0,7.2000
3100,P1,BASE,80.00,0.00,133,F,0,8.0000
3110,P1,BASE,80.00,0.00,139,F,0,8.8000
3120,P1,BASE,80.00,0.00,144,F,0,9.6000
3130,P1,BASE,80.00,0.00,149,F,0,10.4000
3140,P1,BASE,80.00,0.00,154,F,0,11.2000
3150,P1,BASE,80.00,0.00,160,F,0,12.0000
3160,P1,BASE,80.00,0.00,165,F,0,12.8000
3170,P1,BASE,80.00,0.00,170,F,0,13.6000
3180,P1,BASE,80.00,7.50,167,F,3,14.3250
3190,P1,BASE,80.00,22.51,156,F,12,14.8999
3200,P1,BASE,80.00,22.50,160,F,21,15.4749
3210,P1,BASE,80.00,27.49,158,F,32,16.0000
3220,P1,BASE,80.00,27.51,161,F,43,16.5249
3230,P1,BASE,80.00,32.50,159,F,56,16.9999
3240,P1,BASE,80.00,35.00,160,F,70,17.4500
3250,P1,BASE,80.00,37.50,160,F,85,17.8749
3260,P1,BASE,80.00,34.99,166,F,99,18.3250
3270,P1,BASE,80.00,40.00,163,F,115,18.7250
3280,P1,BASE,80.00,40.01,166,F,131,19.1249
3290,P1,BASE,80.00,42.50,166,F,148,19.4999
3300,P1,BASE,80.00,44.99,165,F,166,19.8500
3310,P1,BASE,80.00,47.50,165,F,185,20.1750
3320,P1,BASE,80.00,47.51,167,F,204,20.4999
3330,P1,BASE,80.00,47.49,169,F,223,20.8250
3340,P1,BASE,80.00,52.50,166,F,244,21.1000
3350,P1,BASE,80.00,52.51,168,F,265,21.3749
3360,P1,BASE,80.00,52.49,170,F,286,21.6500
3370,P1,BASE,80.00,55.01,169,F,308,21.9000
3380,P1,BASE,80.00,55.01,170,F,330,22.1499
3390,P1,BASE,80.00,57.49,169,F,353,22.3750
3400,P1,BASE,80.00,60.01,168,F,377,22.5749
3410,P1,BASE,80.00,57.48,172,F,400,22.8000
3420,P1,BASE,80.00,60.01,171,F,424,23.0000
3430,P1,BASE,80.00,62.51,170,F,449,23.1749
3440,P1,BASE,80.00,62.50,171,F,474,23.3499
3450,P1,BASE,80.00,67.51,166,F,501,23.4749
3460,P1,BASE,80.00,62.48,173,F,526,23.6500
3470,P1,BASE,80.00,70.02,166,F,554,23.7498
3480,P1,BASE,80.00,67.47,169,F,581,23.8751
3490,P1,BASE,80.00,67.53,170,F,608,23.9998
3500,P1,BASE,80.00,67.49,171,F,635,24.1250
3510,P1,BASE,80.00,69.99,169,F,663,24.2250
3520,P1,BASE,80.00,70.00,169,F,691,24.3250
3530,P1,BASE,80.00,67.51,173,F,718,24.4500
3540,P1,BASE,80.00,69.99,171,F,746,24.5500
3550,P1,BASE,80.00,70.01,172,F,774,24.6499
3560,P1,BASE,80.00,70.01,172,F,802,24.7498
3570,P1,BASE,80.00,72.50,170,F,831,24.8248
3580,P1,BASE,80.00,72.50,171,F,860,24.8998
3590,P1,BASE,80.00,74.98,168,F,890,24.9501
3600,P1,BASE,80.00,72.52,171,F,919,25.0248
3610,P1,BASE,80.00,72.49,172,F,948,25.1000
3620,P1,BASE,80.00,74.99,170,F,978,25.1501
3630,P1,BASE,80.00,75.02,170,F,1008,25.1998
3640,P1,BASE,80.00,74.98,170,F,1038,25.2501
3650,P1,BASE,80.00,74.99,171,F,1068,25.3001
3660,P1,BASE,80.00,77.50,168,F,1099,25.3251
3670,P1,BASE,80.00,77.51,169,F,1130,25.3501
3680,P1,BASE,80.00,77.49,169,F,1161,25.3751
3690,P1,BASE,80.00,80.03,166,F,1193,25.3748
3700,P1,BASE,80.00,77.50,169,F,1224,25.3998
3710,P1,BASE,80.00,77.48,169,F,1255,25.4250
3720,P1,BASE,80.00,77.50,169,F,1286,25.4500
3730,P1,BASE,80.00,77.49,169,F,1317,25.4750
3740,P1,BASE,80.00,77.52,170,F,1348,25.4999
3750,P1,BASE,80.00,77.48,170,F,1379,25.5250
3760,P1,BASE,80.00,77.51,170,F,1410,25.5500
3770,P1,BASE,80.00,80.01,167,F,1442,25.5499
3780,P1,BASE,80.00,80.00,167,F,1474,25.5499
3790,P1,BASE,80.00,82.48,165,F,1507,25.5251
3800,P1,BASE,80.00,87.52,159,F,1542,25.4499
3810,P1,BASE,80.00,92.47,153,F,1579,25.3252
3820,P1,BASE,80.00,77.52,169,F,1610,25.3499
3830,P1,BASE,80.00,80.01,166,F,1642,25.3498
3840,P1,BASE,80.00,77.50,169,F,1673,25.3748
3850,P1,BASE,80.00,72.48,174,F,1702,25.4501
3860,P1,BASE,80.00,77.52,169,F,1733,25.4748
3870,P1,BASE,80.00,85.00,161,F,1767,25.4248
3880,P1,BASE,80.00,84.97,161,F,1801,25.3752
3890,P1,BASE,80.00,82.50,163,F,1834,25.3502
3900,P1,BASE,80.00,85.03,161,F,1868,25.2998
3910,P1,BASE,80.00,84.99,160,F,1902,25.2499
3920,P1,BASE,80.00,82.49,163,F,1935,25.2250
3930,P1,BASE,80.00,85.02,160,F,1969,25.1748
3940,P1,BASE,80.00,84.98,159,F,2003,25.1250
3950,P1,BASE,80.00,82.50,162,F,2036,25.1000
3960,P1,BASE,80.00,84.99,159,F,2070,25.0501
3970,P1,BASE,80.00,82.52,161,F,2103,25.0248
3980,P1,BASE,80.00,82.49,161,F,2136,24.9999
3990,P1,BASE,80.00,82.48,161,F,2169,24.9751
4000,P1,BASE,80.00,82.52,161,F,2202,24.9499
4010,P1,BASE,80.00,82.51,161,F,2235,24.9248
4020,P1,BASE,80.00,82.50,160,F,2268,24.8998
4030,P1,BASE,80.00,84.99,158,F,2302,24.8499
4040,P1,BASE,80.00,79.99,163,F,2334,24.8500
4050,P1,BASE,80.00,85.02,157,F,2368,24.7998
4060,P1,BASE,80.00,84.98,157,F,2402,24.7500
4070,P1,BASE,80.00,80.01,162,F,2434,24.7499
4080,P1,BASE,80.00,82.48,159,F,2467,24.7252
4090,P1,BASE,80.00,80.02,162,F,2499,24.7250
4100,P1,BASE,80.00,80.02,162,F,2531,24.7248
4110,P1,BASE,80.00,79.98,162,F,2563,24.7250
4120,P1,BASE,80.00,80.01,162,F,2595,24.7249
4130,P1,BASE,80.00,79.99,162,F,2627,24.7250
4140,P1,BASE,80.00,80.00,162,F,2659,24.7250
4150,P1,BASE,80.00,79.99,162,F,2691,24.7251
4160,P1,BASE,80.00,80.01,162,F,2723,24.7250
4170,P1,BASE,80.00,77.49,165,F,2754,24.7501
4180,P1,BASE,80.00,82.52,159,F,2787,24.7248
4190,P1,BASE,80.00,77.50,165,F,2818,24.7498
4200,P1,BASE,80.00,79.98,162,F,2850,24.7501
4210,P1,BASE,80.00,80.01,162,F,2882,24.7500
4220,P1,BASE,80.00,82.51,159,F,2915,24.7249
4230,P1,BASE,80.00,82.50,159,F,2948,24.6999
4240,P1,BASE,80.00,82.48,159,F,2981,24.6751
4250,P1,BASE,80.00,82.50,159,F,3014,24.6501
4260,P1,BASE,80.00,80.01,161,F,3046,24.6500
4270,P1,BASE,80.00,82.50,159,F,3079,24.6250
4280,P1,BASE,80.00,77.52,164,F,3110,24.6498
4290,P1,BASE,80.00,79.98,161,F,3142,24.6500
4300,P1,BASE,80.00,77.50,164,F,3173,24.6750
4310,P1,BASE,80.00,79.99,162,F,3205,24.6751
4320,P1,BASE,80.00,80.02,162,F,3237,24.6748
4330,P1,BASE,80.00,82.49,159,F,3270,24.6499
4340,P1,BASE,80.00,79.98,161,F,3302,24.6501
4350,P1,BASE,80.00,80.01,161,F,3334,24.6500
4360,P1,BASE,80.00,82.50,159,F,3367,24.6250
4370,P1,BASE,80.00,79.99,161,F,3399,24.6251
4380,P1,BASE,80.00,80.02,161,F,3431,24.6248
4390,P1,BASE,80.00,82.49,159,F,3464,24.5999
4400,P1,BASE,80.00,82.51,158,F,3497,24.5748
4410,P1,BASE,80.00,79.99,161,F,3529,24.5749
4420,P1,BASE,80.00,84.97,156,F,3563,24.5252
4430,P1,BASE,80.00,80.02,161,F,3595,24.5250
4440,P1,BASE,80.00,82.50,158,F,3628,24.5000
4450,P1,BASE,80.00,79.99,160,F,3660,24.5001
4460,P1,BASE,80.00,82.52,158,F,3693,24.4749
4470,P1,BASE,80.00,77.48,163,F,3724,24.5000
4480,P1,BASE,80.00,77.50,163,F,3755,24.5250
4490,P1,BASE,80.00,79.98,161,F,3787,24.5252
4500,P1,BASE,80.00,80.00,161,F,3819,24.5252
4510,P1,BASE,80.00,80.01,161,F,3851,24.5251
4520,P1,BASE,80.00,82.50,158,F,3884,24.5001
4530,P1,BASE,80.00,85.02,155,F,3918,24.4499
4540,P1,BASE,80.00,97.49,141,F,3957,24.2750
4550,P1,BASE,80.00,80.02,159,F,3989,24.2749
4560,P1,BASE,80.00,77.48,162,F,4020,24.3000
4570,P1,BASE,80.00,79.99,159,F,4052,24.3001
4580,P1,BASE,80.00,77.51,162,F,4083,24.3250
4590,P1,BASE,80.00,72.51,167,F,4112,24.3999
4600,P1,BASE,80.00,72.48,168,F,4141,24.4751
4610,P1,BASE,80.00,85.00,155,F,4175,24.4251
4620,P1,BASE,80.00,85.02,154,F,4209,24.3749
4630,P1,BASE,80.00,79.99,160,F,4241,24.3750
4640,P1,BASE,80.00,85.01,154,F,4275,24.3249
4650,P1,BASE,80.00,79.98,159,F,4307,24.3251
4660,P1,BASE,80.00,82.51,157,F,4340,24.3000
4670,P1,BASE,80.00,79.99,159,F,4372,24.3001
4680,P1,BASE,80.00,85.03,154,F,4406,24.2498
4690,P1,BASE,80.00,79.98,159,F,4438,24.2500
4700,P1,BASE,80.00,82.52,156,F,4471,24.2248
4710,P1,BASE,80.00,79.98,159,F,4503,24.2250
4720,P1,BASE,80.00,80.00,159,F,4535,24.2250
4730,P1,BASE,80.00,80.02,159,F,4567,24.2248
4740,P1,BASE,80.00,79.97,159,F,4599,24.2251
4750,P1,BASE,80.00,77.52,161,F,4630,24.2500
4760,P1,BASE,80.00,79.99,159,F,4662,24.2501
4770,P1,BASE,80.00,82.51,156,F,4695,24.2250
4780,P1,BASE,80.00,80.01,159,F,4727,24.2249
4790,P1,BASE,80.00,82.51,156,F,4760,24.1998
4800,P1,BASE,80.00,80.00,158,F,4792,24.1998
4810,P1,BASE,80.00,80.00,158,F,4824,24.1998
4820,P1,BASE,80.00,77.48,161,F,4855,24.2250
4830,P1,BASE,80.00,79.99,159,F,4887,24.2251
4840,P1,BASE,80.00,77.52,161,F,4918,24.2500
4850,P1,BASE,80.00,77.51,161,F,4949,24.2749
4860,P1,BASE,80.00,74.99,164,F,4979,24.3250
4870,P1,BASE,80.00,77.51,162,F,5010,24.3499
4880,P1,BASE,80.00,77.48,162,F,5041,24.3750
4890,P1,BASE,80.00,77.50,162,F,5072,24.4000
4900,P1,BASE,80.00,77.51,162,F,5103,24.4250
4910,P1,BASE,80.00,77.52,163,F,5134,24.4498
4920,P1,BASE,80.00,77.48,163,F,5165,24.4750
4930,P1,BASE,80.00,77.50,163,F,5196,24.5000
4940,P1,BASE,80.00,77.52,163,F,5227,24.5248
4950,P1,BASE,80.00,77.48,163,F,5258,24.5500
4960,P1,BASE,80.00,80.01,161,F,5290,24.5499
4970,P1,BASE,80.00,77.51,163,F,5321,24.5748
4980,P1,BASE,80.00,82.49,158,F,5354,24.5499
4990,P1,BASE,80.00,80.01,161,F,5386,24.5498
5000,P1,BASE,80.00,79.98,161,F,5418,24.5500
5010,P1,BASE,80.00,80.01,161,F,5450,24.5499
5020,P1,BASE,80.00,80.01,161,F,5482,24.5498
5030,P1,BASE,80.00,77.47,163,F,5513,24.5751
5040,P1,BASE,80.00,75.02,166,F,5543,24.6249
5050,P1,BASE,80.00,77.50,164,F,5574,24.6499
5060,P1,BASE,80.00,79.99,161,F,5606,24.6500
5070,P1,BASE,80.00,77.52,164,F,5637,24.6748
5080,P1,BASE,80.00,79.98,162,F,5669,24.6751
5090,P1,BASE,80.00,80.02,162,F,5701,24.6748
5100,P1,BASE,80.00,80.00,162,F,5733,24.6748
5110,P1,BASE,80.00,79.98,162,F,5765,24.6751
5120,P1,BASE,80.00,79.98,162,F,5797,24.6752
5130,P1,BASE,80.00,80.03,162,F,5829,24.6749
5140,P1,BASE,80.00,79.97,162,F,5861,24.6752
5150,P1,BASE,80.00,82.52,159,F,5894,24.6500
5160,P1,BASE,80.00,77.52,164,F,5925,24.6748
5170,P1,BASE,80.00,82.50,159,F,5958,24.6498
5180,P1,BASE,80.00,82.47,159,F,5991,24.6252
5190,P1,BASE,80.00,80.02,161,F,6023,24.6249
5200,P1,BASE,80.00,79.99,161,F,6055,24.6250
5210,P1,BASE,80.00,82.50,159,F,6088,24.6000
5220,P1,BASE,80.00,77.50,164,F,6119,24.6250
5230,P1,BASE,80.00,77.51,164,F,6150,24.6499
5240,P1,BASE,80.00,79.99,161,F,6182,24.6500
5250,P1,BASE,80.00,80.02,161,F,6214,24.6498
5260,P1,BASE,80.00,79.99,161,F,6246,24.6499
5270,P1,BASE,80.00,79.99,161,F,6278,24.6500
5280,P1,BASE,80.00,85.02,156,F,6312,24.5998
5290,P1,BASE,80.00,94.97,145,F,6350,24.4501
5300,P1,BASE,80.00,82.49,157,F,6383,24.4252
5310,P1,BASE,80.00,77.51,163,F,6414,24.4501
5320,P1,BASE,80.00,77.49,163,F,6445,24.4752
5330,P1,BASE,80.00,77.52,163,F,6476,24.5000
5340,P1,BASE,80.00,72.51,169,F,6505,24.5749
5350,P1,BASE,80.00,74.99,166,F,6535,24.6250
5360,P1,BASE,80.00,84.99,156,F,6569,24.5750
5370,P1,BASE,80.00,82.51,158,F,6602,24.5500
5380,P1,BASE,80.00,82.48,158,F,6635,24.5251
5390,P1,BASE,80.00,82.52,158,F,6668,24.4999
5400,P1,BASE,80.00,82.50,158,F,6701,24.4749
5410,P1,BASE,80.00,82.48,158,F,6734,24.4500
5420,P1,BASE,80.00,82.52,157,F,6767,24.4249
5430,P1,BASE,80.00,82.48,157,F,6800,24.4001
5440,P1,BASE,80.00,82.52,157,F,6833,24.3749
5450,P1,BASE,80.00,79.99,160,F,6865,24.3750
5460,P1,BASE,80.00,82.51,157,F,6898,24.3499
5470,P1,BASE,80.00,79.99,159,F,6930,24.3500
5480,P1,BASE,80.00,80.00,159,F,6962,24.3500
5490,P1,BASE,80.00,79.99,159,F,6994,24.3500
5500,P1,BASE,80.00,80.01,159,F,7026,24.3500
5510,P1,BASE,80.00,80.01,159,F,7058,24.3499
5520,P1,BASE,80.00,82.49,157,F,7091,24.3250
5530,P1,BASE,80.00,80.01,159,F,7123,24.3249
5540,P1,BASE,80.00,79.97,159,F,7155,24.3252
5550,P1,BASE,80.00,82.53,157,F,7188,24.2999
5560,P1,BASE,80.00,79.98,159,F,7220,24.3001
5570,P1,BASE,80.00,77.52,162,F,7251,24.3250
5580,P1,BASE,80.00,82.50,157,F,7284,24.3000
5590,P1,BASE,80.00,77.48,162,F,7315,24.3252
5600,P1,BASE,80.00,77.53,162,F,7346,24.3499
5610,P1,BASE,80.00,77.50,162,F,7377,24.3749
5620,P1,BASE,80.00,77.48,162,F,7408,24.4001
5630,P1,BASE,80.00,77.50,162,F,7439,24.4251
5640,P1,BASE,80.00,77.52,163,F,7470,24.4500
5650,P1,BASE,80.00,80.00,160,F,7502,24.4500
5660,P1,BASE,80.00,77.51,163,F,7533,24.4749
5670,P1,BASE,80.00,77.48,163,F,7564,24.5000
5680,P1,BASE,80.00,77.52,163,F,7595,24.5249
5690,P1,BASE,80.00,77.47,163,F,7626,24.5502
5700,P1,BASE,80.00,77.52,163,F,7657,24.5750
5710,P1,BASE,80.00,82.48,158,F,7690,24.5501
5720,P1,BASE,80.00,77.51,163,F,7721,24.5750
5730,P1,BASE,80.00,82.51,158,F,7754,24.5500
5740,P1,BASE,80.00,79.98,161,F,7786,24.5501
5750,P1,BASE,80.00,82.50,158,F,7819,24.5251
5760,P1,BASE,80.00,77.49,163,F,7850,24.5502
5770,P1,BASE,80.00,80.01,161,F,7882,24.5501
5780,P1,BASE,80.00,77.52,163,F,7913,24.5750
5790,P1,BASE,80.00,77.50,164,F,7944,24.6000
5800,P1,BASE,80.00,79.97,161,F,7976,24.6003
5810,P1,BASE,80.00,77.54,164,F,8007,24.6249
5820,P1,BASE,80.00,77.47,164,F,8038,24.6502
5830,P1,BASE,80.00,82.51,159,F,8071,24.6251
5840,P1,BASE,80.00,80.02,161,F,8103,24.6249
5850,P1,BASE,80.00,77.48,164,F,8134,24.6500
5860,P1,BASE,80.00,82.49,159,F,8167,24.6251
5870,P1,BASE,80.00,80.01,161,F,8199,24.6250
5880,P1,BASE,80.00,80.00,161,F,8231,24.6250
5890,P1,BASE,80.00,80.00,161,F,8263,24.6250
5900,P1,BASE,80.00,82.50,159,F,8296,24.6000
5910,P1,BASE,80.00,79.98,161,F,8328,24.6002
5920,P1,BASE,80.00,82.51,158,F,8361,24.5751
5930,P1,BASE,80.00,80.01,161,F,8393,24.5750
5940,P1,BASE,80.00,80.02,161,F,8425,24.5749
5950,P1,BASE,80.00,82.49,158,F,8458,24.5500
5960,P1,BASE,80.00,80.01,161,F,8490,24.5499
5970,P1,BASE,80.00,77.50,163,F,8521,24.5749
5980,P1,BASE,80.00,80.00,161,F,8553,24.5749
5990,P1,BASE,80.00,79.98,161,F,8585,24.5750
6000,P1,BASE,80.00,77.51,164,F,8616,24.6000
6010,P1,BASE,150.00,80.01,194,F,8648,25.2999
6020,P1,BASE,150.00,82.48,224,F,8681,25.9751
6030,P1,BASE,150.00,89.98,235,F,8717,26.5752
6040,P1,BASE,150.00,112.55,215,F,8762,26.9498
6050,P1,BASE,150.00,110.00,220,F,8806,27.3498
6060,P1,BASE,150.00,107.50,225,F,8849,27.7748
6070,P1,BASE,150.00,107.50,228,F,8892,28.1998
6080,P1,BASE,150.00,119.98,217,F,8940,28.5000
6090,P1,BASE,150.00,132.50,206,F,8993,28.6750
6100,P1,BASE,150.00,132.50,207,F,9046,28.8500
6110,P1,BASE,150.00,135.00,205,F,9100,29.0000
6120,P1,BASE,150.00,135.03,206,F,9154,29.1498
6130,P1,BASE,150.00,139.99,202,F,9210,29.2499
6140,P1,BASE,150.00,137.50,205,F,9265,29.3749
6150,P1,BASE,150.00,137.50,206,F,9320,29.4999
6160,P1,BASE,150.00,134.97,210,F,9374,29.6502
6170,P1,BASE,150.00,137.51,208,F,9429,29.7750
6180,P1,BASE,150.00,142.53,203,F,9486,29.8497
6190,P1,BASE,150.00,140.00,206,F,9542,29.9497
6200,P1,BASE,150.00,144.97,202,F,9600,30.0000
6210,P1,BASE,150.00,142.50,205,F,9657,30.0750
6220,P1,BASE,150.00,140.03,208,F,9713,30.1748
6230,P1,BASE,150.00,139.94,209,F,9769,30.2753
6240,P1,BASE,150.00,140.06,209,F,9825,30.3748
6250,P1,BASE,150.00,139.99,210,F,9881,30.4749
6260,P1,BASE,150.00,142.49,208,F,9938,30.5500
6270,P1,BASE,150.00,142.51,208,F,9995,30.6249
6280,P1,BASE,150.00,140.01,211,F,10051,30.7247
6290,P1,BASE,150.00,144.96,207,F,10109,30.7752
6300,P1,BASE,150.00,147.54,204,F,10168,30.7997
6310,P1,BASE,150.00,144.96,207,F,10226,30.8502
6320,P1,BASE,150.00,145.00,208,F,10284,30.9002
6330,P1,BASE,150.00,140.04,213,F,10340,30.9998
6340,P1,BASE,150.00,142.44,211,F,10397,31.0753
6350,P1,BASE,150.00,145.04,209,F,10455,31.1249
6360,P1,BASE,150.00,144.97,209,F,10513,31.1752
6370,P1,BASE,150.00,150.03,204,F,10573,31.1749
6380,P1,BASE,150.00,147.46,207,F,10632,31.2003
6390,P1,BASE,150.00,150.03,204,F,10692,31.2000
6400,P1,BASE,150.00,152.48,202,F,10753,31.1752
6410,P1,BASE,150.00,152.50,202,F,10814,31.1502
6420,P1,BASE,150.00,149.97,204,F,10874,31.1505
6430,P1,BASE,150.00,145.06,209,F,10932,31.1999
6440,P1,BASE,150.00,147.46,207,F,10991,31.2253
6450,P1,BASE,150.00,145.04,210,F,11049,31.2749
6460,P1,BASE,150.00,152.52,202,F,11110,31.2497
6470,P1,BASE,150.00,167.48,186,F,11177,31.0749
6480,P1,BASE,150.00,142.49,212,F,11234,31.1501
6490,P1,BASE,150.00,142.53,212,F,11291,31.2248
6500,P1,BASE,150.00,135.00,221,F,11345,31.3748
6510,P1,BASE,150.00,152.48,203,F,11406,31.3499
6520,P1,BASE,150.00,152.48,203,F,11467,31.3251
6530,P1,BASE,150.00,150.01,205,F,11527,31.3249
6540,P1,BASE,150.00,152.45,203,F,11588,31.3004
6550,P1,BASE,150.00,150.03,205,F,11648,31.3001
6560,P1,BASE,150.00,150.01,205,F,11708,31.2999
6570,P1,BASE,150.00,147.49,208,F,11767,31.3251
6580,P1,BASE,150.00,147.49,208,F,11826,31.3502
6590,P1,BASE,150.00,150.00,205,F,11886,31.3502
6600,P1,BASE,150.00,149.99,205,F,11946,31.3504
6610,P1,BASE,150.00,152.53,203,F,12007,31.3251
6620,P1,BASE,150.00,147.53,208,F,12066,31.3498
6630,P1,BASE,150.00,147.46,208,F,12125,31.3752
6640,P1,BASE,150.00,145.00,211,F,12183,31.4252
6650,P1,BASE,150.00,145.04,211,F,12241,31.4748
6660,P1,BASE,150.00,147.46,209,F,12300,31.5002
6670,P1,BASE,150.00,145.03,212,F,12358,31.5499
6680,P1,BASE,150.00,147.49,209,F,12417,31.5751
6690,P1,BASE,150.00,145.03,212,F,12475,31.6248
6700,P1,BASE,150.00,149.97,207,F,12535,31.6251
6710,P1,BASE,150.00,154.98,202,F,12597,31.5752
6720,P1,BASE,150.00,147.53,210,F,12656,31.6000
6730,P1,BASE,150.00,144.99,212,F,12714,31.6501
6740,P1,BASE,150.00,144.93,213,F,12772,31.7008
6750,P1,BASE,150.00,145.07,213,F,12830,31.7501
6760,P1,BASE,150.00,149.97,208,F,12890,31.7504
6770,P1,BASE,150.00,147.56,211,F,12949,31.7748
6780,P1,BASE,150.00,152.44,206,F,13010,31.7504
6790,P1,BASE,150.00,152.52,205,F,13071,31.7253
6800,P1,BASE,150.00,152.55,205,F,13132,31.6998
6810,P1,BASE,150.00,154.95,202,F,13194,31.6503
6820,P1,BASE,150.00,152.53,205,F,13255,31.6250
6830,P1,BASE,150.00,149.96,207,F,13315,31.6254
6840,P1,BASE,150.00,147.54,210,F,13374,31.6500
6850,P1,BASE,150.00,147.50,210,F,13433,31.6750
6860,P1,BASE,150.00,152.50,205,F,13494,31.6500
6870,P1,BASE,150.00,165.00,191,F,13560,31.5000
6880,P1,BASE,150.00,149.99,206,F,13620,31.5001
6890,P1,BASE,150.00,142.51,214,F,13677,31.5750
6900,P1,BASE,150.00,135.00,223,F,13731,31.7250
6910,P1,BASE,150.00,154.92,203,F,13793,31.6758
6920,P1,BASE,150.00,150.09,207,F,13853,31.6749
6930,P1,BASE,150.00,154.95,202,F,13915,31.6253
6940,P1,BASE,150.00,150.03,207,F,13975,31.6250
6950,P1,BASE,150.00,152.50,204,F,14036,31.6000
6960,P1,BASE,150.00,150.00,207,F,14096,31.6000
6970,P1,BASE,150.00,147.47,210,F,14155,31.6253
6980,P1,BASE,150.00,147.51,210,F,14214,31.6502
6990,P1,BASE,150.00,149.99,207,F,14274,31.6503
7000,P1,BASE,150.00,152.52,205,F,14335,31.6252
7010,P1,BASE,150.00,152.53,204,F,14396,31.5999
7020,P1,BASE,150.00,149.99,207,F,14456,31.6000
7030,P1,BASE,150.00,147.46,210,F,14515,31.6255
7040,P1,BASE,150.00,145.03,213,F,14573,31.6752
7050,P1,BASE,150.00,147.50,210,F,14632,31.7002
7060,P1,BASE,150.00,147.50,210,F,14691,31.7252
7070,P1,BASE,150.00,145.01,213,F,14749,31.7750
7080,P1,BASE,150.00,147.50,211,F,14808,31.8000
7090,P1,BASE,150.00,147.49,211,F,14867,31.8252
7100,P1,BASE,150.00,149.99,209,F,14927,31.8253
7110,P1,BASE,150.00,152.52,206,F,14988,31.8002
7120,P1,BASE,150.00,147.51,211,F,15047,31.8250
7130,P1,BASE,150.00,147.51,211,F,15106,31.8499
7140,P1,BASE,150.00,144.97,214,F,15164,31.9002
7150,P1,BASE,150.00,147.50,212,F,15223,31.9252
7160,P1,BASE,150.00,149.99,209,F,15283,31.9253
7170,P1,BASE,150.00,150.03,209,F,15343,31.9250
7180,P1,BASE,150.00,152.50,206,F,15404,31.9000
7190,P1,BASE,150.00,152.52,206,F,15465,31.8749
7200,P1,BASE,150.00,154.97,203,F,15527,31.8252
7210,P1,BASE,150.00,155.02,203,F,15589,31.7750
7220,P1,BASE,150.00,152.48,205,F,15650,31.7502
7230,P1,BASE,150.00,150.03,208,F,15710,31.7499
7240,P1,BASE,150.00,147.47,211,F,15769,31.7752
7250,P1,BASE,150.00,149.97,208,F,15829,31.7755
7260,P1,BASE,150.00,152.55,205,F,15890,31.7500
7270,P1,BASE,150.00,167.47,189,F,15957,31.5753
7280,P1,BASE,150.00,150.05,207,F,16017,31.5749
7290,P1,BASE,150.00,140.00,218,F,16073,31.6749
7300,P1,BASE,150.00,137.47,221,F,16128,31.8002
7310,P1,BASE,150.00,155.03,203,F,16190,31.7499
7320,P1,BASE,150.00,152.47,205,F,16251,31.7252
7330,P1,BASE,150.00,155.03,202,F,16313,31.6748
7340,P1,BASE,150.00,149.96,208,F,16373,31.6753
7350,P1,BASE,150.00,152.50,205,F,16434,31.6503
7360,P1,BASE,150.00,150.01,207,F,16494,31.6501
7370,P1,BASE,150.00,147.53,210,F,16553,31.6749
7380,P1,BASE,150.00,149.96,208,F,16613,31.6753
7390,P1,BASE,150.00,150.03,208,F,16673,31.6750
7400,P1,BASE,150.00,152.47,205,F,16734,31.6503
7410,P1,BASE,150.00,155.03,202,F,16796,31.6000
7420,P1,BASE,150.00,149.97,207,F,16856,31.6003
7430,P1,BASE,150.00,147.49,210,F,16915,31.6254
7440,P1,BASE,150.00,147.53,210,F,16974,31.6501
7450,P1,BASE,150.00,145.01,213,F,17032,31.7000
7460,P1,BASE,150.00,149.93,208,F,17092,31.7008
7470,P1,BASE,150.00,145.06,213,F,17150,31.7502
7480,P1,BASE,150.00,147.47,211,F,17209,31.7755
7490,P1,BASE,150.00,147.53,211,F,17268,31.8002
7500,P1,BASE,150.00,150.00,208,F,17328,31.8002
7510,P1,BASE,150.00,152.52,206,F,17389,31.7750
7520,P1,BASE,150.00,147.46,211,F,17448,31.8005
7530,P1,BASE,150.00,147.51,211,F,17507,31.8253
7540,P1,BASE,150.00,145.03,214,F,17565,31.8750
7550,P1,BASE,150.00,147.47,212,F,17624,31.9003
7560,P1,BASE,150.00,150.05,209,F,17684,31.8999
7570,P1,BASE,150.00,150.00,209,F,17744,31.8999
7580,P1,BASE,150.00,152.48,206,F,17805,31.8750
7590,P1,BASE,150.00,152.48,206,F,17866,31.8502
7600,P1,BASE,150.00,155.03,203,F,17928,31.7999
7610,P1,BASE,150.00,154.98,203,F,17990,31.7500
7620,P1,BASE,150.00,152.50,205,F,18051,31.7250
7630,P1,BASE,150.00,150.00,208,F,18111,31.7250
7640,P1,BASE,150.00,150.01,208,F,18171,31.7249
7650,P1,BASE,150.00,147.46,211,F,18230,31.7503
7660,P1,BASE,150.00,152.50,205,F,18291,31.7253
7670,P1,BASE,150.00,165.02,192,F,18357,31.5751
7680,P1,BASE,150.00,152.53,204,F,18418,31.5498
7690,P1,BASE,150.00,140.00,218,F,18474,31.6498
7700,P1,BASE,150.00,137.47,221,F,18529,31.7751
7710,P1,BASE,150.00,152.52,205,F,18590,31.7500
7720,P1,BASE,150.00,152.48,205,F,18651,31.7251
7730,P1,BASE,150.00,154.98,202,F,18713,31.6753
7740,P1,BASE,150.00,150.05,207,F,18773,31.6748
7750,P1,BASE,150.00,152.47,205,F,18834,31.6501
7760,P1,BASE,150.00,150.03,207,F,18894,31.6498
7770,P1,BASE,150.00,147.46,210,F,18953,31.6753
7780,P1,BASE,150.00,149.99,208,F,19013,31.6754
7790,P1,BASE,150.00,150.05,207,F,19073,31.6750
7800,P1,BASE,150.00,152.52,205,F,19134,31.6498
7810,P1,BASE,150.00,152.48,205,F,19195,31.6250
7820,P1,BASE,150.00,149.99,207,F,19255,31.6251
7830,P1,BASE,150.00,150.00,207,F,19315,31.6251
7840,P1,BASE,150.00,144.99,213,F,19373,31.6753
7850,P1,BASE,150.00,147.53,210,F,19432,31.7000
7860,P1,BASE,150.00,147.49,210,F,19491,31.7251
7870,P1,BASE,150.00,144.99,213,F,19549,31.7753
7880,P1,BASE,150.00,147.51,211,F,19608,31.8001
7890,P1,BASE,150.00,147.49,211,F,19667,31.8253
7900,P1,BASE,150.00,150.01,209,F,19727,31.8251
7910,P1,BASE,150.00,152.50,206,F,19788,31.8001
7920,P1,BASE,150.00,147.50,211,F,19847,31.8251
7930,P1,BASE,150.00,149.97,209,F,19907,31.8254
7940,P1,BASE,150.00,145.01,214,F,19965,31.8753
7950,P1,BASE,150.00,145.00,214,F,20023,31.9253
7960,P1,BASE,150.00,150.05,209,F,20083,31.9248
7970,P1,BASE,150.00,149.99,209,F,20143,31.9250
7980,P1,BASE,150.00,152.48,206,F,20204,31.9001
7990,P1,BASE,150.00,152.53,206,F,20265,31.8748
8000,P1,BASE,150.00,154.98,203,F,20327,31.8250
8010,P1,BASE,150.00,157.48,200,F,20390,31.7501
8020,P1,BASE,150.00,150.00,208,F,20450,31.7501
8030,P1,BASE,150.00,152.52,205,F,20511,31.7250
8040,P1,BASE,150.00,147.46,211,F,20570,31.7504
8050,P1,BASE,150.00,147.56,211,F,20629,31.7748
8060,P1,BASE,150.00,152.48,205,F,20690,31.7500
8070,P1,BASE,150.00,164.97,192,F,20756,31.6003
8080,P1,BASE,150.00,152.55,204,F,20817,31.5749
8090,P1,BASE,150.00,142.46,215,F,20874,31.6503
8100,P1,BASE,150.00,137.54,221,F,20929,31.7749
8110,P1,BASE,150.00,152.48,205,F,20990,31.7500
8120,P1,BASE,150.00,152.47,205,F,21051,31.7253
8130,P1,BASE,150.00,152.52,205,F,21112,31.7002
8140,P1,BASE,150.00,149.97,208,F,21172,31.7005
8150,P1,BASE,150.00,152.53,205,F,21233,31.6752
8160,P1,BASE,150.00,152.50,205,F,21294,31.6502
8170,P1,BASE,150.00,147.47,210,F,21353,31.6755
8180,P1,BASE,150.00,150.01,208,F,21413,31.6753
8190,P1,BASE,150.00,150.00,208,F,21473,31.6753
8200,P1,BASE,150.00,150.05,207,F,21533,31.6749
8210,P1,BASE,150.00,154.98,202,F,21595,31.6250
8220,P1,BASE,150.00,150.01,207,F,21655,31.6249
8230,P1,BASE,150.00,149.96,207,F,21715,31.6253
8240,P1,BASE,150.00,145.01,213,F,21773,31.6752
8250,P1,BASE,150.00,145.01,213,F,21831,31.7250
8260,P1,BASE,150.00,147.50,211,F,21890,31.7500
8270,P1,BASE,150.00,147.46,211,F,21949,31.7755
8280,P1,BASE,150.00,147.50,211,F,22008,31.8005
8290,P1,BASE,150.00,147.56,211,F,22067,31.8249
8300,P1,BASE,150.00,149.99,209,F,22127,31.8250
8310,P1,BASE,150.00,152.45,206,F,22188,31.8005
8320,P1,BASE,150.00,150.05,208,F,22248,31.8000
8330,P1,BASE,150.00,147.46,211,F,22307,31.8255
8340,P1,BASE,150.00,145.04,214,F,22365,31.8750
8350,P1,BASE,150.00,145.01,214,F,22423,31.9249
8360,P1,BASE,150.00,152.50,206,F,22484,31.8999
8370,P1,BASE,150.00,149.96,209,F,22544,31.9004
8380,P1,BASE,150.00,152.50,206,F,22605,31.8754
8390,P1,BASE,150.00,152.50,206,F,22666,31.8504
8400,P1,BASE,150.00,152.53,206,F,22727,31.8250
8410,P1,BASE,150.00,157.48,200,F,22790,31.7502
8420,P1,BASE,150.00,152.52,205,F,22851,31.7251
8430,P1,BASE,150.00,149.96,208,F,22911,31.7255
8440,P1,BASE,150.00,150.01,208,F,22971,31.7254
8450,P1,BASE,150.00,147.50,211,F,23030,31.7504
8460,P1,BASE,150.00,152.52,205,F,23091,31.7252
8470,P1,BASE,150.00,165.02,192,F,23157,31.5750
8480,P1,BASE,150.00,152.50,204,F,23218,31.5500
8490,P1,BASE,150.00,142.50,215,F,23275,31.6250
8500,P1,BASE,150.00,137.50,221,F,23330,31.7500
8510,P1,BASE,150.00,152.47,205,F,23391,31.7253
8520,P1,BASE,150.00,152.50,205,F,23452,31.7003
8530,P1,BASE,150.00,152.53,205,F,23513,31.6750
8540,P1,BASE,150.00,152.42,205,F,23574,31.6508
8550,P1,BASE,150.00,150.08,207,F,23634,31.6500
8560,P1,BASE,150.00,152.48,205,F,23695,31.6252
8570,P1,BASE,150.00,147.50,210,F,23754,31.6502
8580,P1,BASE,150.00,149.97,207,F,23814,31.6505
8590,P1,BASE,150.00,150.00,207,F,23874,31.6505
8600,P1,BASE,150.00,150.00,207,F,23934,31.6505
8610,P1,BASE,150.00,155.03,202,F,23996,31.6002
8620,P1,BASE,150.00,150.03,207,F,24056,31.5999
8630,P1,BASE,150.00,147.46,210,F,24115,31.6253
8640,P1,BASE,150.00,147.51,210,F,24174,31.6502
8650,P1,BASE,150.00,145.03,213,F,24232,31.6999
8660,P1,BASE,150.00,147.44,210,F,24291,31.7255
8670,P1,BASE,150.00,147.54,211,F,24350,31.7500
8680,P1,BASE,150.00,147.49,211,F,24409,31.7752
8690,P1,BASE,150.00,147.51,211,F,24468,31.8000
8700,P1,BASE,150.00,147.51,211,F,24527,31.8249
8710,P1,BASE,150.00,155.00,203,F,24589,31.7749
8720,P1,BASE,150.00,147.49,211,F,24648,31.8000
8730,P1,BASE,150.00,147.49,211,F,24707,31.8252
8740,P1,BASE,150.00,145.03,214,F,24765,31.8749
8750,P1,BASE,150.00,147.47,212,F,24824,31.9002
8760,P1,BASE,150.00,149.99,209,F,24884,31.9003
8770,P1,BASE,150.00,150.05,209,F,24944,31.8999
8780,P1,BASE,150.00,152.48,206,F,25005,31.8750
8790,P1,BASE,150.00,152.50,206,F,25066,31.8500
8800,P1,BASE,150.00,154.97,203,F,25128,31.8004
8810,P1,BASE,150.00,155.00,203,F,25190,31.7504
8820,P1,BASE,150.00,152.52,205,F,25251,31.7252
8830,P1,BASE,150.00,149.99,208,F,25311,31.7254
8840,P1,BASE,150.00,149.99,208,F,25371,31.7255
8850,P1,BASE,150.00,147.54,211,F,25430,31.7501
8860,P1,BASE,150.00,152.48,205,F,25491,31.7252
8870,P1,BASE,150.00,165.00,192,F,25557,31.5752
8880,P1,BASE,150.00,149.99,207,F,25617,31.5754
8890,P1,BASE,150.00,142.54,215,F,25674,31.6499
8900,P1,BASE,150.00,139.96,218,F,25730,31.7504
8910,P1,BASE,150.00,149.99,208,F,25790,31.7505
8920,P1,BASE,150.00,152.52,205,F,25851,31.7254
8930,P1,BASE,150.00,155.00,202,F,25913,31.6754
8940,P1,BASE,150.00,150.05,207,F,25973,31.6749
8950,P1,BASE,150.00,152.48,205,F,26034,31.6501
8960,P1,BASE,150.00,149.97,207,F,26094,31.6504
8970,P1,BASE,150.00,147.54,210,F,26153,31.6749
8980,P1,BASE,150.00,149.99,208,F,26213,31.6751
8990,P1,BASE,150.00,149.97,208,F,26273,31.6754
9000,P1,BASE,150.00,150.05,207,F,26333,31.6749
9010,P1,BASE,200.00,154.97,237,F,26395,31.6749
9020,P1,BASE,200.00,152.53,255,F,26456,31.6749
9030,P1,BASE,200.00,157.48,254,F,26519,32.1001
9040,P1,BASE,200.00,160.00,254,F,26583,32.5001
9050,P1,BASE,200.00,162.47,254,F,26648,32.8754
9060,P1,BASE,200.00,170.05,248,F,26716,33.1749
9070,P1,BASE,200.00,169.95,250,F,26784,33.4754
9080,P1,BASE,200.00,172.52,249,F,26853,33.7502
9090,P1,BASE,200.00,180.02,243,F,26925,33.9501
9100,P1,BASE,200.00,187.46,236,F,27000,34.0754
9110,P1,BASE,200.00,185.06,239,F,27074,34.2249
9120,P1,BASE,200.00,179.98,246,F,27146,34.4250
9130,P1,BASE,200.00,184.94,242,F,27220,34.5756
9140,P1,BASE,200.00,190.06,237,F,27296,34.6750
9150,P1,BASE,200.00,192.46,235,F,27373,34.7504
9160,P1,BASE,200.00,195.02,233,F,27451,34.8002
9170,P1,BASE,200.00,197.46,231,F,27530,34.8256
9180,P1,BASE,200.00,202.54,225,F,27611,34.8002
9190,P1,BASE,200.00,200.00,228,F,27691,34.8002
9200,P1,BASE,200.00,192.46,236,F,27768,34.8756
9210,P1,BASE,200.00,195.04,234,F,27846,34.9252
9220,P1,BASE,200.00,204.96,224,F,27928,34.8756
9230,P1,BASE,200.00,207.56,220,F,28011,34.8000
9240,P1,BASE,200.00,184.98,244,F,28085,34.9502
9250,P1,BASE,200.00,184.98,245,F,28159,35.1004
9260,P1,BASE,200.00,197.50,233,F,28238,35.1254
9270,P1,BASE,200.00,202.54,227,F,28319,35.1000
9280,P1,BASE,200.00,197.52,233,F,28398,35.1248
9290,P1,BASE,200.00,199.94,230,F,28478,35.1254
9300,P1,BASE,200.00,195.00,236,F,28556,35.1754
9310,P1,BASE,200.00,197.54,233,F,28635,35.2000
9320,P1,BASE,200.00,200.00,231,F,28715,35.2000
9330,P1,BASE,200.00,202.46,228,F,28796,35.1754
9340,P1,BASE,200.00,200.06,230,F,28876,35.1748
9350,P1,BASE,200.00,194.96,236,F,28954,35.2252
9360,P1,BASE,200.00,192.50,239,F,29031,35.3002
9370,P1,BASE,200.00,197.52,234,F,29110,35.3250
9380,P1,BASE,200.00,192.48,240,F,29187,35.4002
9390,P1,BASE,200.00,192.52,240,F,29264,35.4750
9400,P1,BASE,200.00,199.86,233,F,29344,35.4764
9410,P1,BASE,200.00,200.12,232,F,29424,35.4752
9420,P1,BASE,200.00,194.98,238,F,29502,35.5254
9430,P1,BASE,200.00,192.54,241,F,29579,35.6000
9440,P1,BASE,200.00,195.00,239,F,29657,35.6500
9450,P1,BASE,200.00,199.98,234,F,29737,35.6502
9460,P1,BASE,200.00,200.00,234,F,29817,35.6502
9470,P1,BASE,200.00,207.54,225,F,29900,35.5748
9480,P1,BASE,200.00,207.33,225,F,29983,35.5014
9490,P1,BASE,200.00,202.62,230,F,30064,35.4752
9500,P1,BASE,200.00,199.98,233,F,30144,35.4754
9510,P1,BASE,200.00,200.06,232,F,30224,35.4748
9520,P1,BASE,200.00,202.50,230,F,30305,35.4498
9530,P1,BASE,200.00,214.94,216,F,30391,35.3004
9540,P1,BASE,200.00,195.04,237,F,30469,35.3500
9550,P1,BASE,200.00,182.45,251,F,30542,35.5256
9560,P1,BASE,200.00,202.56,230,F,30623,35.5000
9570,P1,BASE,200.00,199.94,233,F,30703,35.5006
9580,P1,BASE,200.00,200.04,233,F,30783,35.5002
9590,P1,BASE,200.00,202.50,230,F,30864,35.4752
9600,P1,BASE,200.00,197.48,235,F,30943,35.5004
9610,P1,BASE,200.00,199.98,233,F,31023,35.5006
9620,P1,BASE,200.00,202.58,230,F,31104,35.4748
9630,P1,BASE,200.00,202.46,230,F,31185,35.4502
9640,P1,BASE,200.00,200.02,232,F,31265,35.4500
9650,P1,BASE,200.00,199.98,232,F,31345,35.4502
9660,P1,BASE,200.00,192.48,240,F,31422,35.5254
9670,P1,BASE,200.00,197.52,236,F,31501,35.5502
9680,P1,BASE,200.00,194.96,238,F,31579,35.6006
9690,P1,BASE,200.00,195.04,239,F,31657,35.6502
9700,P1,BASE,200.00,197.46,236,F,31736,35.6756
9710,P1,BASE,200.00,205.00,228,F,31818,35.6256
9720,P1,BASE,200.00,195.08,239,F,31896,35.6748
9730,P1,BASE,200.00,192.42,242,F,31973,35.7506
9740,P1,BASE,200.00,197.52,237,F,32052,35.7754
9750,P1,BASE,200.00,197.50,237,F,32131,35.8004
9760,P1,BASE,200.00,202.56,232,F,32212,35.7748
9770,P1,BASE,200.00,204.92,229,F,32294,35.7256
9780,P1,BASE,200.00,209.90,223,F,32378,35.6266
9790,P1,BASE,200.00,202.68,231,F,32459,35.5998
9800,P1,BASE,200.00,202.46,231,F,32540,35.5752
9810,P1,BASE,200.00,199.94,233,F,32620,35.5758
9820,P1,BASE,200.00,200.10,233,F,32700,35.5748
9830,P1,BASE,200.00,217.50,214,F,32787,35.3998
9840,P1,BASE,200.00,197.48,235,F,32866,35.4250
9850,P1,BASE,200.00,185.00,248,F,32940,35.5750
9860,P1,BASE,200.00,199.98,233,F,33020,35.5752
9870,P1,BASE,200.00,202.52,230,F,33101,35.5500
9880,P1,BASE,200.00,202.48,230,F,33182,35.5252
9890,P1,BASE,200.00,200.02,233,F,33262,35.5250
9900,P1,BASE,200.00,199.98,233,F,33342,35.5252
9910,P1,BASE,200.00,200.00,233,F,33422,35.5252
9920,P1,BASE,200.00,202.50,230,F,33503,35.5002
9930,P1,BASE,200.00,202.48,230,F,33584,35.4754
9940,P1,BASE,200.00,200.00,232,F,33664,35.4754
9950,P1,BASE,200.00,200.06,232,F,33744,35.4748
9960,P1,BASE,200.00,195.00,238,F,33822,35.5248
9970,P1,BASE,200.00,194.96,238,F,33900,35.5752
9980,P1,BASE,200.00,195.02,239,F,33978,35.6250
9990,P1,BASE,200.00,195.00,239,F,34056,35.6750
10000,P1,BASE,200.00,200.00,234,F,34136,35.6750
10010,P1,BASE,200.00,202.48,231,F,34217,35.6502
10020,P1,BASE,200.00,197.52,236,F,34296,35.6750
10030,P1,BASE,200.00,192.52,242,F,34373,35.7498
10040,P1,BASE,200.00,195.00,240,F,34451,35.7998
10050,P1,BASE,200.00,200.00,235,F,34531,35.7998
10060,P1,BASE,200.00,200.00,235,F,34611,35.7998
10070,P1,BASE,200.00,207.42,227,F,34694,35.7256
10080,P1,BASE,200.00,207.52,226,F,34777,35.6504
10090,P1,BASE,200.00,205.04,228,F,34859,35.6000
10100,P1,BASE,200.00,202.48,231,F,34940,35.5752
10110,P1,BASE,200.00,197.54,236,F,35019,35.5998
10120,P1,BASE,200.00,207.33,225,F,35102,35.5265
10130,P1,BASE,200.00,217.54,214,F,35189,35.3510
10140,P1,BASE,200.00,190.06,242,F,35265,35.4505
10150,P1,BASE,200.00,180.00,254,F,35337,35.6505
10160,P1,BASE,200.00,207.48,226,F,35420,35.5757
10170,P1,BASE,200.00,200.02,233,F,35500,35.5755
10180,P1,BASE,200.00,202.56,230,F,35581,35.5499
10190,P1,BASE,200.00,202.50,230,F,35662,35.5249
10200,P1,BASE,200.00,197.42,236,F,35741,35.5507
10210,P1,BASE,200.00,197.52,236,F,35820,35.5755
10220,P1,BASE,200.00,202.56,230,F,35901,35.5499
10230,P1,BASE,200.00,204.86,228,F,35983,35.5013
10240,P1,BASE,200.00,200.10,233,F,36063,35.5003
10250,P1,BASE,200.00,199.98,233,F,36143,35.5005
10260,P1,BASE,200.00,192.56,241,F,36220,35.5749
10270,P1,BASE,200.00,197.50,236,F,36299,35.5999
10280,P1,BASE,200.00,194.92,239,F,36377,35.6507
10290,P1,BASE,200.00,195.04,239,F,36455,35.7003
10300,P1,BASE,200.00,200.00,234,F,36535,35.7003
10310,P1,BASE,200.00,204.98,229,F,36617,35.6505
10320,P1,BASE,200.00,197.38,236,F,36696,35.6767
10330,P1,BASE,200.00,190.13,245,F,36772,35.7754
10340,P1,BASE,200.00,197.46,237,F,36851,35.8008
10350,P1,BASE,200.00,197.54,237,F,36930,35.8254
10360,P1,BASE,200.00,202.48,232,F,37011,35.8006
10370,P1,BASE,200.00,207.56,226,F,37094,35.7249
10380,P1,BASE,200.00,207.44,226,F,37177,35.6506
10390,P1,BASE,200.00,202.52,231,F,37258,35.6254
10400,P1,BASE,200.00,202.46,231,F,37339,35.6008
10410,P1,BASE,200.00,200.02,233,F,37419,35.6006
10420,P1,BASE,200.00,205.02,228,F,37501,35.5504
10430,P1,BASE,200.00,215.02,217,F,37587,35.4002
10440,P1,BASE,200.00,195.02,237,F,37665,35.4500
10450,P1,BASE,200.00,187.50,246,F,37740,35.5750
10460,P1,BASE,200.00,197.48,236,F,37819,35.6002
10470,P1,BASE,200.00,200.02,233,F,37899,35.6000
10480,P1,BASE,200.00,202.50,231,F,37980,35.5750
10490,P1,BASE,200.00,202.48,230,F,38061,35.5502
10500,P1,BASE,200.00,199.88,233,F,38141,35.5514
10510,P1,BASE,200.00,197.56,236,F,38220,35.5758
10520,P1,BASE,200.00,202.58,230,F,38301,35.5499
10530,P1,BASE,200.00,204.98,228,F,38383,35.5002
10540,P1,BASE,200.00,199.94,233,F,38463,35.5008
10550,P1,BASE,200.00,200.04,233,F,38543,35.5004
10560,P1,BASE,200.00,195.00,238,F,38621,35.5504
10570,P1,BASE,200.00,197.52,236,F,38700,35.5752
10580,P1,BASE,200.00,195.00,239,F,38778,35.6252
10590,P1,BASE,200.00,194.98,239,F,38856,35.6754
10600,P1,BASE,200.00,197.54,236,F,38935,35.7000
10610,P1,BASE,200.00,204.92,229,F,39017,35.6508
10620,P1,BASE,200.00,197.46,236,F,39096,35.6762
10630,P1,BASE,200.00,190.10,245,F,39172,35.7752
10640,P1,BASE,200.00,197.48,237,F,39251,35.8004
10650,P1,BASE,200.00,197.50,237,F,39330,35.8254
10660,P1,BASE,200.00,202.50,232,F,39411,35.8004
10670,P1,BASE,200.00,204.96,229,F,39493,35.7508
10680,P1,BASE,200.00,209.96,224,F,39577,35.6512
10690,P1,BASE,200.00,202.62,231,F,39658,35.6250
10700,P1,BASE,200.00,202.46,231,F,39739,35.6004
10710,P1,BASE,200.00,200.00,233,F,39819,35.6004
10720,P1,BASE,200.00,204.98,228,F,39901,35.5506
10730,P1,BASE,200.00,217.57,214,F,39988,35.3750
10740,P1,BASE,200.00,192.48,240,F,40065,35.4502
10750,P1,BASE,200.00,179.96,254,F,40137,35.6505
10760,P1,BASE,200.00,205.06,228,F,40219,35.5999
10770,P1,BASE,200.00,202.50,231,F,40300,35.5749
10780,P1,BASE,200.00,199.96,233,F,40380,35.5753
10790,P1,BASE,200.00,202.50,230,F,40461,35.5503
10800,P1,BASE,200.00,200.04,233,F,40541,35.5499
10810,P1,BASE,200.00,199.98,233,F,40621,35.5501
10820,P1,BASE,200.00,199.98,233,F,40701,35.5503
10830,P1,BASE,200.00,204.98,228,F,40783,35.5005
10840,P1,BASE,200.00,200.00,233,F,40863,35.5005
10850,P1,BASE,200.00,200.00,233,F,40943,35.5005
10860,P1,BASE,200.00,194.98,238,F,41021,35.5507
10870,P1,BASE,200.00,197.40,236,F,41100,35.5767
10880,P1,BASE,200.00,192.63,241,F,41177,35.6504
10890,P1,BASE,200.00,195.00,239,F,41255,35.7004
10900,P1,BASE,200.00,199.98,234,F,41335,35.7006
10910,P1,BASE,200.00,202.48,231,F,41416,35.6758
10920,P1,BASE,200.00,197.56,236,F,41495,35.7002
10930,P1,BASE,200.00,192.46,242,F,41572,35.7756
10940,P1,BASE,200.00,195.00,240,F,41650,35.8256
10950,P1,BASE,200.00,200.02,235,F,41730,35.8254
10960,P1,BASE,200.00,200.04,235,F,41810,35.8250
10970,P1,BASE,200.00,207.50,227,F,41893,35.7500
10980,P1,BASE,200.00,207.44,226,F,41976,35.6756
10990,P1,BASE,200.00,205.06,228,F,42058,35.6250
11000,P1,BASE,200.00,202.42,231,F,42139,35.6008
11010,P1,BASE,200.00,197.56,236,F,42218,35.6252
11020,P1,BASE,200.00,204.96,228,F,42300,35.5756
11030,P1,BASE,200.00,217.50,214,F,42387,35.4006
11040,P1,BASE,200.00,192.48,240,F,42464,35.4758
11050,P1,BASE,200.00,182.55,251,F,42537,35.6502
11060,P1,BASE,200.00,202.50,231,F,42618,35.6252
11070,P1,BASE,200.00,202.52,231,F,42699,35.6000
11080,P1,BASE,200.00,199.94,233,F,42779,35.6006
11090,P1,BASE,200.00,202.54,231,F,42860,35.5752
11100,P1,BASE,200.00,200.02,233,F,42940,35.5750
11110,P1,BASE,200.00,197.42,236,F,43019,35.6008
11120,P1,BASE,200.00,202.54,231,F,43100,35.5754
11130,P1,BASE,200.00,202.54,230,F,43181,35.5500
11140,P1,BASE,200.00,202.44,230,F,43262,35.5256
11150,P1,BASE,200.00,200.02,233,F,43342,35.5254
11160,P1,BASE,200.00,192.54,241,F,43419,35.6000
11170,P1,BASE,200.00,197.46,236,F,43498,35.6254
11180,P1,BASE,200.00,195.04,239,F,43576,35.6750
11190,P1,BASE,200.00,194.98,239,F,43654,35.7252
11200,P1,BASE,200.00,199.94,234,F,43734,35.7258
11210,P1,BASE,200.00,202.58,231,F,43815,35.7000
11220,P1,BASE,200.00,197.48,237,F,43894,35.7252
11230,P1,BASE,200.00,192.50,242,F,43971,35.8002
11240,P1,BASE,200.00,195.02,240,F,44049,35.8500
11250,P1,BASE,200.00,199.98,235,F,44129,35.8502
11260,P1,BASE,200.00,202.50,232,F,44210,35.8252
11270,P1,BASE,200.00,204.96,229,F,44292,35.7756
11280,P1,BASE,200.00,207.52,226,F,44375,35.7004
11290,P1,BASE,200.00,204.96,229,F,44457,35.6508
11300,P1,BASE,200.00,202.56,231,F,44538,35.6252
11310,P1,BASE,200.00,197.48,236,F,44617,35.6504
11320,P1,BASE,200.00,205.00,228,F,44699,35.6004
11330,P1,BASE,200.00,217.54,214,F,44786,35.4250
11340,P1,BASE,200.00,194.94,238,F,44864,35.4756
11350,P1,BASE,200.00,182.50,251,F,44937,35.6506
11360,P1,BASE,200.00,202.44,231,F,45018,35.6262
11370,P1,BASE,200.00,200.12,233,F,45098,35.6250
11380,P1,BASE,200.00,200.00,233,F,45178,35.6250
11390,P1,BASE,200.00,204.94,228,F,45260,35.5756
11400,P1,BASE,200.00,197.52,236,F,45339,35.6004
11410,P1,BASE,200.00,200.04,233,F,45419,35.6000
11420,P1,BASE,200.00,202.48,231,F,45500,35.5752
11430,P1,BASE,200.00,202.48,230,F,45581,35.5504
11440,P1,BASE,200.00,199.98,233,F,45661,35.5506
11450,P1,BASE,200.00,200.02,233,F,45741,35.5504
11460,P1,BASE,200.00,195.04,238,F,45819,35.6000
11470,P1,BASE,200.00,197.44,236,F,45898,35.6256
11480,P1,BASE,200.00,195.02,239,F,45976,35.6754
11490,P1,BASE,200.00,194.88,239,F,46054,35.7266
11500,P1,BASE,200.00,197.66,237,F,46133,35.7500
11510,P1,BASE,200.00,202.44,232,F,46214,35.7256
11520,P1,BASE,200.00,197.50,237,F,46293,35.7506
11530,P1,BASE,200.00,192.56,242,F,46370,35.8250
11540,P1,BASE,200.00,197.48,238,F,46449,35.8502
11550,P1,BASE,200.00,199.96,235,F,46529,35.8506
11560,P1,BASE,200.00,199.98,235,F,46609,35.8508
11570,P1,BASE,200.00,207.56,227,F,46692,35.7752
11580,P1,BASE,200.00,207.46,226,F,46775,35.7006
11590,P1,BASE,200.00,205.06,228,F,46857,35.6500
11600,P1,BASE,200.00,202.44,231,F,46938,35.6256
11610,P1,BASE,200.00,197.50,236,F,47017,35.6506
11620,P1,BASE,200.00,205.00,228,F,47099,35.6006
11630,P1,BASE,200.00,217.52,214,F,47186,35.4254
11640,P1,BASE,200.00,194.98,238,F,47264,35.4756
11650,P1,BASE,200.00,187.56,246,F,47339,35.6000
11660,P1,BASE,200.00,194.92,239,F,47417,35.6508
11670,P1,BASE,200.00,202.52,231,F,47498,35.6256
11680,P1,BASE,200.00,202.48,231,F,47579,35.6008
11690,P1,BASE,200.00,202.58,231,F,47660,35.5750
11700,P1,BASE,200.00,199.98,233,F,47740,35.5752
11710,P1,BASE,200.00,199.98,233,F,47820,35.5754
11720,P1,BASE,200.00,202.50,230,F,47901,35.5504
11730,P1,BASE,200.00,204.94,228,F,47983,35.5010
11740,P1,BASE,200.00,200.08,233,F,48063,35.5002
11750,P1,BASE,200.00,200.02,233,F,48143,35.5000
11760,P1,BASE,200.00,192.50,241,F,48220,35.5750
11770,P1,BASE,200.00,197.50,236,F,48299,35.6000
11780,P1,BASE,200.00,197.44,236,F,48378,35.6256
11790,P1,BASE,200.00,192.56,242,F,48455,35.7000
11800,P1,BASE,200.00,200.00,234,F,48535,35.7000
11810,P1,BASE,200.00,202.48,231,F,48616,35.6752
11820,P1,BASE,200.00,197.46,237,F,48695,35.7006
11830,P1,BASE,200.00,192.50,242,F,48772,35.7756
11840,P1,BASE,200.00,195.02,240,F,48850,35.8254
11850,P1,BASE,200.00,199.98,235,F,48930,35.8256
11860,P1,BASE,200.00,200.00,235,F,49010,35.8256
11870,P1,BASE,200.00,207.54,227,F,49093,35.7502
11880,P1,BASE,200.00,207.48,226,F,49176,35.6754
11890,P1,BASE,200.00,205.00,228,F,49258,35.6254
11900,P1,BASE,200.00,202.48,231,F,49339,35.6006
11910,P1,BASE,200.00,197.50,236,F,49418,35.6256
11920,P1,BASE,200.00,205.04,228,F,49500,35.5752
11930,P1,BASE,200.00,217.52,214,F,49587,35.4000
11940,P1,BASE,200.00,195.00,237,F,49665,35.4500
11950,P1,BASE,200.00,184.89,249,F,49739,35.6011
11960,P1,BASE,200.00,197.56,236,F,49818,35.6255
11970,P1,BASE,200.00,202.50,231,F,49899,35.6005
11980,P1,BASE,200.00,199.98,233,F,49979,35.6007
11990,P1,BASE,200.00,204.90,228,F,50061,35.5517
12000,P1,BASE,200.00,197.64,236,F,50140,35.5753
12010,P1,BASE,150.00,197.54,206,F,50219,35.0999
12020,P1,BASE,150.00,202.48,176,F,50300,34.5751
12030,P1,BASE,150.00,197.50,175,F,50379,34.1001
12040,P1,BASE,150.00,195.00,175,F,50457,33.6501
12050,P1,BASE,150.00,189.94,177,F,50533,33.2507
12060,P1,BASE,150.00,182.57,183,F,50606,32.9250
12070,P1,BASE,150.00,177.46,186,F,50677,32.6503
12080,P1,BASE,150.00,175.04,187,F,50747,32.4000
12090,P1,BASE,150.00,174.95,185,F,50817,32.1505
12100,P1,BASE,150.00,170.02,189,F,50885,31.9503
12110,P1,BASE,150.00,172.50,185,F,50954,31.7253
12120,P1,BASE,150.00,170.00,186,F,51022,31.5253
12130,P1,BASE,150.00,165.00,190,F,51088,31.3753
12140,P1,BASE,150.00,157.53,197,F,51151,31.3000
12150,P1,BASE,150.00,157.48,197,F,51214,31.2252
12160,P1,BASE,150.00,159.95,194,F,51278,31.1257
12170,P1,BASE,150.00,157.52,196,F,51341,31.0505
12180,P1,BASE,150.00,157.55,195,F,51404,30.9750
12190,P1,BASE,150.00,157.50,195,F,51467,30.9000
12200,P1,BASE,150.00,157.50,194,F,51530,30.8250
12210,P1,BASE,150.00,157.44,194,F,51593,30.7507
12220,P1,BASE,150.00,152.50,199,F,51654,30.7257
12230,P1,BASE,150.00,152.52,199,F,51715,30.7005
12240,P1,BASE,150.00,147.53,204,F,51774,30.7252
12250,P1,BASE,150.00,147.46,204,F,51833,30.7507
12260,P1,BASE,150.00,147.56,204,F,51892,30.7751
12270,P1,BASE,150.00,162.47,188,F,51957,30.6504
12280,P1,BASE,150.00,149.99,201,F,52017,30.6505
12290,P1,BASE,150.00,140.00,212,F,52073,30.7505
12300,P1,BASE,150.00,135.03,218,F,52127,30.9003
12310,P1,BASE,150.00,142.51,211,F,52184,30.9751
12320,P1,BASE,150.00,149.99,203,F,52244,30.9753
12330,P1,BASE,150.00,149.97,203,F,52304,30.9756
12340,P1,BASE,150.00,150.01,203,F,52364,30.9754
12350,P1,BASE,150.00,147.53,206,F,52423,31.0001
12360,P1,BASE,150.00,149.97,203,F,52483,31.0004
12370,P1,BASE,150.00,145.00,209,F,52541,31.0504
12380,P1,BASE,150.00,145.01,209,F,52599,31.1003
12390,P1,BASE,150.00,147.49,206,F,52658,31.1254
12400,P1,BASE,150.00,147.50,207,F,52717,31.1504
12410,P1,BASE,150.00,150.00,204,F,52777,31.1504
12420,P1,BASE,150.00,149.97,204,F,52837,31.1507
12430,P1,BASE,150.00,147.54,207,F,52896,31.1753
12440,P1,BASE,150.00,142.50,212,F,52953,31.2503
12450,P1,BASE,150.00,144.96,210,F,53011,31.3007
12460,P1,BASE,150.00,145.01,210,F,53069,31.3506
12470,P1,BASE,150.00,145.01,211,F,53127,31.4004
12480,P1,BASE,150.00,144.99,211,F,53185,31.4506
12490,P1,BASE,150.00,145.00,211,F,53243,31.5006
12500,P1,BASE,150.00,147.50,209,F,53302,31.5256
12510,P1,BASE,150.00,150.03,207,F,53362,31.5253
12520,P1,BASE,150.00,149.97,207,F,53422,31.5256
12530,P1,BASE,150.00,145.01,212,F,53480,31.5754
12540,P1,BASE,150.00,144.99,212,F,53538,31.6256
12550,P1,BASE,150.00,145.03,213,F,53596,31.6753
12560,P1,BASE,150.00,144.99,213,F,53654,31.7254
12570,P1,BASE,150.00,150.00,208,F,53714,31.7254
12580,P1,BASE,150.00,152.48,205,F,53775,31.7006
12590,P1,BASE,150.00,147.51,210,F,53834,31.7254
12600,P1,BASE,150.00,154.98,202,F,53896,31.6756
12610,P1,BASE,150.00,152.53,205,F,53957,31.6503
12620,P1,BASE,150.00,155.02,202,F,54019,31.6001
12630,P1,BASE,150.00,149.94,207,F,54079,31.6007
12640,P1,BASE,150.00,150.05,207,F,54139,31.6003
12650,P1,BASE,150.00,147.50,210,F,54198,31.6253
12660,P1,BASE,150.00,147.51,210,F,54257,31.6501
12670,P1,BASE,150.00,155.00,202,F,54319,31.6001
12680,P1,BASE,150.00,164.98,191,F,54385,31.4503
12690,P1,BASE,150.00,144.97,212,F,54443,31.5006
12700,P1,BASE,150.00,142.51,214,F,54500,31.5754
12710,P1,BASE,150.00,137.43,220,F,54555,31.7011
12720,P1,BASE,150.00,152.56,205,F,54616,31.6755
12730,P1,BASE,150.00,155.05,202,F,54678,31.6250
12740,P1,BASE,150.00,150.00,207,F,54738,31.6250
12750,P1,BASE,150.00,152.45,205,F,54799,31.6005
12760,P1,BASE,150.00,150.00,207,F,54859,31.6005
12770,P1,BASE,150.00,150.05,207,F,54919,31.6001
12780,P1,BASE,150.00,149.99,207,F,54979,31.6002
12790,P1,BASE,150.00,147.47,210,F,55038,31.6255
12800,P1,BASE,150.00,150.00,207,F,55098,31.6255
12810,P1,BASE,150.00,152.55,204,F,55159,31.6000
12820,P1,BASE,150.00,152.48,204,F,55220,31.5752
12830,P1,BASE,150.00,150.00,207,F,55280,31.5752
12840,P1,BASE,150.00,145.00,212,F,55338,31.6252
12850,P1,BASE,150.00,147.51,210,F,55397,31.6501
12860,P1,BASE,150.00,144.97,213,F,55455,31.7003
12870,P1,BASE,150.00,147.50,210,F,55514,31.7253
12880,P1,BASE,150.00,147.51,211,F,55573,31.7502
12890,P1,BASE,150.00,145.01,213,F,55631,31.8000
12900,P1,BASE,150.00,147.49,211,F,55690,31.8252
12910,P1,BASE,150.00,152.50,206,F,55751,31.8002
12920,P1,BASE,150.00,152.47,206,F,55812,31.7755
12930,P1,BASE,150.00,147.53,211,F,55871,31.8002
12940,P1,BASE,150.00,144.99,214,F,55929,31.8503
12950,P1,BASE,150.00,144.99,214,F,55987,31.9005
12960,P1,BASE,150.00,149.99,209,F,56047,31.9006
12970,P1,BASE,150.00,150.01,209,F,56107,31.9005
12980,P1,BASE,150.00,152.44,206,F,56168,31.8761
12990,P1,BASE,150.00,150.09,209,F,56228,31.8752
13000,P1,BASE,150.00,152.48,206,F,56289,31.8504
13010,P1,BASE,150.00,155.00,203,F,56351,31.8004
13020,P1,BASE,150.00,155.00,203,F,56413,31.7504
13030,P1,BASE,150.00,152.48,205,F,56474,31.7255
13040,P1,BASE,150.00,150.05,208,F,56534,31.7251
13050,P1,BASE,150.00,147.49,211,F,56593,31.7502
13060,P1,BASE,150.00,149.97,208,F,56653,31.7505
13070,P1,BASE,150.00,152.55,205,F,56714,31.7250
13080,P1,BASE,150.00,167.45,189,F,56781,31.5506
13090,P1,BASE,150.00,145.04,212,F,56839,31.6001
13100,P1,BASE,150.00,144.94,213,F,56897,31.6507
13110,P1,BASE,150.00,135.04,224,F,56951,31.8003
13120,P1,BASE,150.00,154.97,203,F,57013,31.7506
13130,P1,BASE,150.00,155.00,203,F,57075,31.7006
13140,P1,BASE,150.00,152.48,205,F,57136,31.6758
13150,P1,BASE,150.00,152.53,205,F,57197,31.6504
13160,P1,BASE,150.00,150.03,207,F,57257,31.6502
13170,P1,BASE,150.00,149.99,207,F,57317,31.6503
13180,P1,BASE,150.00,150.01,207,F,57377,31.6502
13190,P1,BASE,150.00,147.50,210,F,57436,31.6751
13200,P1,BASE,150.00,152.47,205,F,57497,31.6505
13210,P1,BASE,150.00,152.47,205,F,57558,31.6258
13220,P1,BASE,150.00,150.03,207,F,57618,31.6255
13230,P1,BASE,150.00,150.00,207,F,57678,31.6255
13240,P1,BASE,150.00,147.51,210,F,57737,31.6503
13250,P1,BASE,150.00,147.47,210,F,57796,31.6756
13260,P1,BASE,150.00,145.00,213,F,57854,31.7256
13270,P1,BASE,150.00,147.50,211,F,57913,31.7506
13280,P1,BASE,150.00,147.53,211,F,57972,31.7753
13290,P1,BASE,150.00,145.00,214,F,58030,31.8253
13300,P1,BASE,150.00,150.00,209,F,58090,31.8253
13310,P1,BASE,150.00,149.99,209,F,58150,31.8255
13320,P1,BASE,150.00,152.53,206,F,58211,31.8002
13330,P1,BASE,150.00,149.97,208,F,58271,31.8005
13340,P1,BASE,150.00,145.01,214,F,58329,31.8503
13350,P1,BASE,150.00,145.00,214,F,58387,31.9003
13360,P1,BASE,150.00,147.47,212,F,58446,31.9256
13370,P1,BASE,150.00,152.50,206,F,58507,31.9006
13380,P1,BASE,150.00,150.03,209,F,58567,31.9003
13390,P1,BASE,150.00,152.41,206,F,58628,31.8762
13400,P1,BASE,150.00,152.61,206,F,58689,31.8502
13410,P1,BASE,150.00,155.00,203,F,58751,31.8002
13420,P1,BASE,150.00,154.94,203,F,58813,31.7508
13430,P1,BASE,150.00,152.50,205,F,58874,31.7258
13440,P1,BASE,150.00,147.54,211,F,58933,31.7503
13450,P1,BASE,150.00,149.96,208,F,58993,31.7508
13460,P1,BASE,150.00,150.00,208,F,59053,31.7508
13470,P1,BASE,150.00,155.00,203,F,59115,31.7008
13480,P1,BASE,150.00,162.57,194,F,59180,31.5751
13490,P1,BASE,150.00,150.00,207,F,59240,31.5751
13500,P1,BASE,150.00,139.97,218,F,59296,31.6754
13510,P1,BASE,150.00,137.49,221,F,59351,31.8006
13520,P1,BASE,150.00,155.00,203,F,59413,31.7506
13530,P1,BASE,150.00,155.02,203,F,59475,31.7004
13540,P1,BASE,150.00,152.53,205,F,59536,31.6751
13550,P1,BASE,150.00,150.00,208,F,59596,31.6751
13560,P1,BASE,150.00,152.45,205,F,59657,31.6505
13570,P1,BASE,150.00,150.01,207,F,59717,31.6504
13580,P1,BASE,150.00,149.97,207,F,59777,31.6507
13590,P1,BASE,150.00,147.50,210,F,59836,31.6757
13600,P1,BASE,150.00,150.01,208,F,59896,31.6755
13610,P1,BASE,150.00,152.55,205,F,59957,31.6501
13620,P1,BASE,150.00,152.44,205,F,60018,31.6257
13630,P1,BASE,150.00,150.00,207,F,60078,31.6257
13640,P1,BASE,150.00,147.54,210,F,60137,31.6503
13650,P1,BASE,150.00,147.50,210,F,60196,31.6753
13660,P1,BASE,150.00,145.01,213,F,60254,31.7251
13670,P1,BASE,150.00,147.50,211,F,60313,31.7501
13680,P1,BASE,150.00,147.46,211,F,60372,31.7756
13690,P1,BASE,150.00,147.54,211,F,60431,31.8001
13700,P1,BASE,150.00,147.46,211,F,60490,31.8256
13710,P1,BASE,150.00,150.01,209,F,60550,31.8254
13720,P1,BASE,150.00,152.52,206,F,60611,31.8002
13730,P1,BASE,150.00,150.01,208,F,60671,31.8001
13740,P1,BASE,150.00,144.96,214,F,60729,31.8505
13750,P1,BASE,150.00,145.01,214,F,60787,31.9004
13760,P1,BASE,150.00,147.50,212,F,60846,31.9254
13770,P1,BASE,150.00,152.50,206,F,60907,31.9004
13780,P1,BASE,150.00,152.52,206,F,60968,31.8752
13790,P1,BASE,150.00,150.00,209,F,61028,31.8752
13800,P1,BASE,150.00,154.91,204,F,61090,31.8262
13810,P1,BASE,150.00,152.61,206,F,61151,31.8001
13820,P1,BASE,150.00,157.44,200,F,61214,31.7257
13830,P1,BASE,150.00,150.01,208,F,61274,31.7256
13840,P1,BASE,150.00,150.01,208,F,61334,31.7254
13850,P1,BASE,150.00,150.00,208,F,61394,31.7254
13860,P1,BASE,150.00,147.50,211,F,61453,31.7504
13870,P1,BASE,150.00,155.03,203,F,61515,31.7001
13880,P1,BASE,150.00,164.98,191,F,61581,31.5503
13890,P1,BASE,150.00,147.50,209,F,61640,31.5753
13900,P1,BASE,150.00,144.99,212,F,61698,31.6254
13910,P1,BASE,150.00,137.51,221,F,61753,31.7503
13920,P1,BASE,150.00,152.52,205,F,61814,31.7251
13930,P1,BASE,150.00,154.97,202,F,61876,31.6754
13940,P1,BASE,150.00,149.99,208,F,61936,31.6756
13950,P1,BASE,150.00,152.53,205,F,61997,31.6503
13960,P1,BASE,150.00,149.99,207,F,62057,31.6504
13970,P1,BASE,150.00,152.44,205,F,62118,31.6260
13980,P1,BASE,150.00,147.56,210,F,62177,31.6505
13990,P1,BASE,150.00,149.97,207,F,62237,31.6508
14000,P1,BASE,150.00,150.00,207,F,62297,31.6508
14010,P1,BASE,150.00,152.50,205,F,62358,31.6258
14020,P1,BASE,150.00,152.55,204,F,62419,31.6003
14030,P1,BASE,150.00,149.96,207,F,62479,31.6007
14040,P1,BASE,150.00,147.51,210,F,62538,31.6256
14050,P1,BASE,150.00,145.04,213,F,62596,31.6752
14060,P1,BASE,150.00,147.37,210,F,62655,31.7015
14070,P1,BASE,150.00,147.50,210,F,62714,31.7265
14080,P1,BASE,150.00,145.12,213,F,62772,31.7753
14090,P1,BASE,150.00,147.51,211,F,62831,31.8002
14100,P1,BASE,150.00,147.47,211,F,62890,31.8255
14110,P1,BASE,150.00,150.03,208,F,62950,31.8252
14120,P1,BASE,150.00,152.47,206,F,63011,31.8005
14130,P1,BASE,150.00,150.00,208,F,63071,31.8005
14140,P1,BASE,150.00,144.99,214,F,63129,31.8506
14150,P1,BASE,150.00,145.00,214,F,63187,31.9006
14160,P1,BASE,150.00,147.49,212,F,63246,31.9258
14170,P1,BASE,150.00,150.01,209,F,63306,31.9256
14180,P1,BASE,150.00,152.55,206,F,63367,31.9002
14190,P1,BASE,150.00,149.96,209,F,63427,31.9006
14200,P1,BASE,150.00,155.00,204,F,63489,31.8506
14210,P1,BASE,150.00,155.00,203,F,63551,31.8006
14220,P1,BASE,150.00,155.02,203,F,63613,31.7505
14230,P1,BASE,150.00,152.52,205,F,63674,31.7253
14240,P1,BASE,150.00,150.00,208,F,63734,31.7253
14250,P1,BASE,150.00,147.51,211,F,63793,31.7502
14260,P1,BASE,150.00,150.00,208,F,63853,31.7502
14270,P1,BASE,150.00,152.48,205,F,63914,31.7253
14280,P1,BASE,150.00,165.02,192,F,63980,31.5752
14290,P1,BASE,150.00,149.97,207,F,64040,31.5755
14300,P1,BASE,150.00,137.47,220,F,64095,31.7007
14310,P1,BASE,150.00,142.47,216,F,64152,31.7760
14320,P1,BASE,150.00,152.58,205,F,64213,31.7503
14330,P1,BASE,150.00,155.00,203,F,64275,31.7003
14340,P1,BASE,150.00,152.41,205,F,64336,31.6762
14350,P1,BASE,150.00,150.11,207,F,64396,31.6751
14360,P1,BASE,150.00,152.45,205,F,64457,31.6506
14370,P1,BASE,150.00,149.99,207,F,64517,31.6507
14380,P1,BASE,150.00,150.01,207,F,64577,31.6506
14390,P1,BASE,150.00,147.54,210,F,64636,31.6751
14400,P1,BASE,150.00,149.94,208,F,64696,31.6757
14410,P1,BASE,150.00,152.53,205,F,64757,31.6504
14420,P1,BASE,150.00,152.52,205,F,64818,31.6253
14430,P1,BASE,150.00,150.01,207,F,64878,31.6251
14440,P1,BASE,150.00,147.50,210,F,64937,31.6501
14450,P1,BASE,150.00,147.47,210,F,64996,31.6754
14460,P1,BASE,150.00,145.03,213,F,65054,31.7251
14470,P1,BASE,150.00,147.44,211,F,65113,31.7507
14480,P1,BASE,150.00,145.06,213,F,65171,31.8001
14490,P1,BASE,150.00,147.44,211,F,65230,31.8257
14500,P1,BASE,150.00,150.00,209,F,65290,31.8257
14510,P1,BASE,150.00,150.05,208,F,65350,31.8253
14520,P1,BASE,150.00,152.48,206,F,65411,31.8004
14530,P1,BASE,150.00,147.50,211,F,65470,31.8254
14540,P1,BASE,150.00,145.03,214,F,65528,31.8751
14550,P1,BASE,150.00,144.94,214,F,65586,31.9257
14560,P1,BASE,150.00,147.53,212,F,65645,31.9504
14570,P1,BASE,150.00,152.48,207,F,65706,31.9256
14580,P1,BASE,150.00,152.50,206,F,65767,31.9006
14590,P1,BASE,150.00,150.05,209,F,65827,31.9001
14600,P1,BASE,150.00,154.95,204,F,65889,31.8506
14610,P1,BASE,150.00,152.52,206,F,65950,31.8254
14620,P1,BASE,150.00,157.48,200,F,66013,31.7506
14630,P1,BASE,150.00,150.03,208,F,66073,31.7503
14640,P1,BASE,150.00,150.00,208,F,66133,31.7503
14650,P1,BASE,150.00,150.00,208,F,66193,31.7503
14660,P1,BASE,150.00,150.01,208,F,66253,31.7501
14670,P1,BASE,150.00,152.39,205,F,66314,31.7262
14680,P1,BASE,150.00,165.07,192,F,66380,31.5755
14690,P1,BASE,150.00,147.50,210,F,66439,31.6005
14700,P1,BASE,150.00,144.93,213,F,66497,31.6513
14710,P1,BASE,150.00,135.05,224,F,66551,31.8007
14720,P1,BASE,150.00,155.05,203,F,66613,31.7503
14730,P1,BASE,150.00,155.00,203,F,66675,31.7003
14740,P1,BASE,150.00,152.52,205,F,66736,31.6751
14750,P1,BASE,150.00,152.50,205,F,66797,31.6501
14760,P1,BASE,150.00,150.00,207,F,66857,31.6501
14770,P1,BASE,150.00,150.00,207,F,66917,31.6501
14780,P1,BASE,150.00,149.99,207,F,66977,31.6503
14790,P1,BASE,150.00,149.99,207,F,67037,31.6504
14800,P1,BASE,150.00,150.01,207,F,67097,31.6503
14810,P1,BASE,150.00,152.47,205,F,67158,31.6256
14820,P1,BASE,150.00,152.52,204,F,67219,31.6004
14830,P1,BASE,150.00,150.03,207,F,67279,31.6001
14840,P1,BASE,150.00,144.97,212,F,67337,31.6504
14850,P1,BASE,150.00,147.49,210,F,67396,31.6756
14860,P1,BASE,150.00,145.04,213,F,67454,31.7251
14870,P1,BASE,150.00,147.47,211,F,67513,31.7504
14880,P1,BASE,150.00,147.50,211,F,67572,31.7754
14890,P1,BASE,150.00,145.03,214,F,67630,31.8251
14900,P1,BASE,150.00,149.99,209,F,67690,31.8253
14910,P1,BASE,150.00,150.01,209,F,67750,31.8251
14920,P1,BASE,150.00,152.47,206,F,67811,31.8004
14930,P1,BASE,150.00,150.00,208,F,67871,31.8004
14940,P1,BASE,150.00,145.00,214,F,67929,31.8504
14950,P1,BASE,150.00,144.99,214,F,67987,31.9006
14960,P1,BASE,150.00,147.54,212,F,68046,31.9251
14970,P1,BASE,150.00,152.47,206,F,68107,31.9004
14980,P1,BASE,150.00,152.39,206,F,68168,31.8765
14990,P1,BASE,150.00,150.12,209,F,68228,31.8753
15000,P1,BASE,150.00,152.47,206,F,68289,31.8506
15010,P1,BASE,80.00,155.05,176,F,68351,31.1001
15020,P1,BASE,80.00,154.95,146,F,68413,30.3506
15030,P1,BASE,80.00,150.01,123,F,68473,29.6505
15040,P1,BASE,80.00,145.01,124,F,68531,29.0003
15050,P1,BASE,80.00,142.47,122,F,68588,28.3756
15060,P1,BASE,80.00,137.51,124,F,68643,27.8005
15070,P1,BASE,80.00,137.53,120,F,68698,27.2252
15080,P1,BASE,80.00,149.97,102,F,68758,26.5255
15090,P1,BASE,80.00,132.49,117,F,68811,26.0006
15100,P1,BASE,80.00,125.03,121,F,68861,25.5504
15110,P1,BASE,80.00,114.99,129,F,68907,25.2005
15120,P1,BASE,80.00,115.00,127,F,68953,24.8505
15130,P1,BASE,80.00,122.52,117,F,69002,24.4252
15140,P1,BASE,80.00,117.49,119,F,69049,24.0504
15150,P1,BASE,80.00,117.51,117,F,69096,23.6752
15160,P1,BASE,80.00,114.99,117,F,69142,23.3253
15170,P1,BASE,80.00,109.97,120,F,69186,23.0257
15180,P1,BASE,80.00,107.52,121,F,69229,22.7505
15190,P1,BASE,80.00,107.51,119,F,69272,22.4754
15200,P1,BASE,80.00,102.49,123,F,69313,22.2505
15210,P1,BASE,80.00,100.00,124,F,69353,22.0505
15220,P1,BASE,80.00,99.99,123,F,69393,21.8506
15230,P1,BASE,80.00,95.01,127,F,69431,21.7005
15240,P1,BASE,80.00,95.01,126,F,69469,21.5504
15250,P1,BASE,80.00,97.47,122,F,69508,21.3757
15260,P1,BASE,80.00,90.04,129,F,69544,21.2753
15270,P1,BASE,80.00,92.44,126,F,69581,21.1509
15280,P1,BASE,80.00,87.55,130,F,69616,21.0753
15290,P1,BASE,80.00,84.99,133,F,69650,21.0254
15300,P1,BASE,80.00,84.99,132,F,69684,20.9755
15310,P1,BASE,80.00,82.51,135,F,69717,20.9504
15320,P1,BASE,80.00,79.99,137,F,69749,20.9505
15330,P1,BASE,80.00,77.49,140,F,69780,20.9756
15340,P1,BASE,80.00,80.00,137,F,69812,20.9756
15350,P1,BASE,80.00,75.00,143,F,69842,21.0256
15360,P1,BASE,80.00,77.52,140,F,69873,21.0503
15370,P1,BASE,80.00,75.00,143,F,69903,21.1003
15380,P1,BASE,80.00,74.99,144,F,69933,21.1505
15390,P1,BASE,80.00,72.49,147,F,69962,21.2256
15400,P1,BASE,80.00,75.03,144,F,69992,21.2753
15410,P1,BASE,80.00,72.47,147,F,70021,21.3506
15420,P1,BASE,80.00,72.50,148,F,70050,21.4256
15430,P1,BASE,80.00,72.51,148,F,70079,21.5006
15440,P1,BASE,80.00,75.02,146,F,70109,21.5503
15450,P1,BASE,80.00,72.49,149,F,70138,21.6255
15460,P1,BASE,80.00,75.01,147,F,70168,21.6753
15470,P1,BASE,80.00,72.50,150,F,70197,21.7503
15480,P1,BASE,80.00,72.49,150,F,70226,21.8254
15490,P1,BASE,80.00,72.50,151,F,70255,21.9004
15500,P1,BASE,80.00,72.49,151,F,70284,21.9755
15510,P1,BASE,80.00,67.51,157,F,70311,22.1004
15520,P1,BASE,80.00,70.00,155,F,70339,22.2004
15530,P1,BASE,80.00,69.99,156,F,70367,22.3005
15540,P1,BASE,80.00,72.50,154,F,70396,22.3755
15550,P1,BASE,80.00,70.01,157,F,70424,22.4755
15560,P1,BASE,80.00,72.50,155,F,70453,22.5505
15570,P1,BASE,80.00,70.01,158,F,70481,22.6504
15580,P1,BASE,80.00,72.49,156,F,70510,22.7255
15590,P1,BASE,80.00,70.01,160,F,70538,22.8253
15600,P1,BASE,80.00,74.98,155,F,70568,22.8756
15610,P1,BASE,80.00,70.01,161,F,70596,22.9755
15620,P1,BASE,80.00,72.50,159,F,70625,23.0505
15630,P1,BASE,80.00,72.49,159,F,70654,23.1256
15640,P1,BASE,80.00,75.00,157,F,70684,23.1756
15650,P1,BASE,80.00,72.51,160,F,70713,23.2505
15660,P1,BASE,80.00,75.00,158,F,70743,23.3005
15670,P1,BASE,80.00,75.01,158,F,70773,23.3503
15680,P1,BASE,80.00,72.49,161,F,70802,23.4254
15690,P1,BASE,80.00,72.49,161,F,70831,23.5005
15700,P1,BASE,80.00,75.00,159,F,70861,23.5505
15710,P1,BASE,80.00,75.01,160,F,70891,23.6003
15720,P1,BASE,80.00,72.49,163,F,70920,23.6755
15730,P1,BASE,80.00,72.49,163,F,70949,23.7506
15740,P1,BASE,80.00,72.51,164,F,70978,23.8255
15750,P1,BASE,80.00,74.99,161,F,71008,23.8756
15760,P1,BASE,80.00,72.51,164,F,71037,23.9505
15770,P1,BASE,80.00,77.50,160,F,71068,23.9755
15780,P1,BASE,80.00,75.01,162,F,71098,24.0254
15790,P1,BASE,80.00,85.01,152,F,71132,23.9753
15800,P1,BASE,80.00,84.99,152,F,71166,23.9254
15810,P1,BASE,80.00,77.51,159,F,71197,23.9503
15820,P1,BASE,80.00,75.00,162,F,71227,24.0003
15830,P1,BASE,80.00,74.97,163,F,71257,24.0506
15840,P1,BASE,80.00,72.51,166,F,71286,24.1255
15850,P1,BASE,80.00,67.51,171,F,71313,24.2504
15860,P1,BASE,80.00,79.97,159,F,71345,24.2507
15870,P1,BASE,80.00,77.51,161,F,71376,24.2756
15880,P1,BASE,80.00,80.00,159,F,71408,24.2756
15890,P1,BASE,80.00,80.02,159,F,71440,24.2754
15900,P1,BASE,80.00,79.98,159,F,71472,24.2755
15910,P1,BASE,80.00,80.02,159,F,71504,24.2754
15920,P1,BASE,80.00,79.97,159,F,71536,24.2757
15930,P1,BASE,80.00,80.03,159,F,71568,24.2754
15940,P1,BASE,80.00,79.98,159,F,71600,24.2755
15950,P1,BASE,80.00,80.02,159,F,71632,24.2754
15960,P1,BASE,80.00,80.00,159,F,71664,24.2754
15970,P1,BASE,80.00,79.98,159,F,71696,24.2756
15980,P1,BASE,80.00,79.96,159,F,71728,24.2760
15990,P1,BASE,80.00,77.55,162,F,71759,24.3005
16000,P1,BASE,80.00,79.98,159,F,71791,24.3007
16010,P1,BASE,80.00,77.52,162,F,71822,24.3255
16020,P1,BASE,80.00,77.51,162,F,71853,24.3505
16030,P1,BASE,80.00,79.98,159,F,71885,24.3506
16040,P1,BASE,80.00,80.01,159,F,71917,24.3506
16050,P1,BASE,80.00,80.00,159,F,71949,24.3506
16060,P1,BASE,80.00,80.02,159,F,71981,24.3504
16070,P1,BASE,80.00,82.48,157,F,72014,24.3256
16080,P1,BASE,80.00,74.99,165,F,72044,24.3756
16090,P1,BASE,80.00,82.52,157,F,72077,24.3505
16100,P1,BASE,80.00,77.48,162,F,72108,24.3756
16110,P1,BASE,80.00,77.49,162,F,72139,24.4007
16120,P1,BASE,80.00,75.01,165,F,72169,24.4505
16130,P1,BASE,80.00,77.52,163,F,72200,24.4754
16140,P1,BASE,80.00,77.48,163,F,72231,24.5005
16150,P1,BASE,80.00,77.51,163,F,72262,24.5255
16160,P1,BASE,80.00,77.48,163,F,72293,24.5506
16170,P1,BASE,80.00,77.50,163,F,72324,24.5756
16180,P1,BASE,80.00,77.52,164,F,72355,24.6005
16190,P1,BASE,80.00,80.00,161,F,72387,24.6005
16200,P1,BASE,80.00,77.50,164,F,72418,24.6255
16210,P1,BASE,80.00,77.48,164,F,72449,24.6506
16220,P1,BASE,80.00,77.52,164,F,72480,24.6755
16230,P1,BASE,80.00,79.99,162,F,72512,24.6755
16240,P1,BASE,80.00,80.01,162,F,72544,24.6755
16250,P1,BASE,80.00,82.50,159,F,72577,24.6505
16260,P1,BASE,80.00,79.98,161,F,72609,24.6506
16270,P1,BASE,80.00,80.02,161,F,72641,24.6504
16280,P1,BASE,80.00,80.00,161,F,72673,24.6504
16290,P1,BASE,80.00,77.47,164,F,72704,24.6757
16300,P1,BASE,80.00,77.53,164,F,72735,24.7004
16310,P1,BASE,80.00,79.99,162,F,72767,24.7005
16320,P1,BASE,80.00,77.50,164,F,72798,24.7255
16330,P1,BASE,80.00,77.49,165,F,72829,24.7505
16340,P1,BASE,80.00,80.00,162,F,72861,24.7505
16350,P1,BASE,80.00,82.50,159,F,72894,24.7255
16360,P1,BASE,80.00,77.52,165,F,72925,24.7504
16370,P1,BASE,80.00,82.48,159,F,72958,24.7256
16380,P1,BASE,80.00,79.99,162,F,72990,24.7257
16390,P1,BASE,80.00,80.02,162,F,73022,24.7256
16400,P1,BASE,80.00,80.02,162,F,73054,24.7254
16410,P1,BASE,80.00,82.48,159,F,73087,24.7006
16420,P1,BASE,80.00,80.02,162,F,73119,24.7004
16430,P1,BASE,80.00,82.50,159,F,73152,24.6754
16440,P1,BASE,80.00,82.50,159,F,73185,24.6504
16450,P1,BASE,80.00,79.97,161,F,73217,24.6507
16460,P1,BASE,80.00,80.02,161,F,73249,24.6505
16470,P1,BASE,80.00,82.50,159,F,73282,24.6255
16480,P1,BASE,80.00,77.48,164,F,73313,24.6506
16490,P1,BASE,80.00,80.02,161,F,73345,24.6505
16500,P1,BASE,80.00,80.00,161,F,73377,24.6505
16510,P1,BASE,80.00,80.00,161,F,73409,24.6505
16520,P1,BASE,80.00,77.49,164,F,73440,24.6756
16530,P1,BASE,80.00,82.51,159,F,73473,24.6505
16540,P1,BASE,80.00,82.50,159,F,73506,24.6255
16550,P1,BASE,80.00,92.50,148,F,73543,24.5005
16560,P1,BASE,80.00,84.98,155,F,73577,24.4506
16570,P1,BASE,80.00,80.01,160,F,73609,24.4506
16580,P1,BASE,80.00,80.00,160,F,73641,24.4506
16590,P1,BASE,80.00,77.52,163,F,73672,24.4754
16600,P1,BASE,80.00,74.99,166,F,73702,24.5255
16610,P1,BASE,80.00,75.00,166,F,73732,24.5755
16620,P1,BASE,80.00,82.51,158,F,73765,24.5504
16630,P1,BASE,80.00,82.48,158,F,73798,24.5256
16640,P1,BASE,80.00,82.50,158,F,73831,24.5006
16650,P1,BASE,80.00,85.01,155,F,73865,24.4505
16660,P1,BASE,80.00,82.51,157,F,73898,24.4254
16670,P1,BASE,80.00,82.49,157,F,73931,24.4005
16680,P1,BASE,80.00,80.00,160,F,73963,24.4005
16690,P1,BASE,80.00,85.01,154,F,73997,24.3504
16700,P1,BASE,80.00,82.47,157,F,74030,24.3257
16710,P1,BASE,80.00,82.51,157,F,74063,24.3006
16720,P1,BASE,80.00,80.02,159,F,74095,24.3005
16730,P1,BASE,80.00,80.01,159,F,74127,24.3004
16740,P1,BASE,80.00,79.99,159,F,74159,24.3005
16750,P1,BASE,80.00,82.48,156,F,74192,24.2757
16760,P1,BASE,80.00,80.00,159,F,74224,24.2757
16770,P1,BASE,80.00,80.02,159,F,74256,24.2755
16780,P1,BASE,80.00,80.00,159,F,74288,24.2755
16790,P1,BASE,80.00,79.98,159,F,74320,24.2757
16800,P1,BASE,80.00,82.53,156,F,74353,24.2504
16810,P1,BASE,80.00,82.48,156,F,74386,24.2256
16820,P1,BASE,80.00,80.00,159,F,74418,24.2256
16830,P1,BASE,80.00,77.48,161,F,74449,24.2507
16840,P1,BASE,80.00,82.51,156,F,74482,24.2256
16850,P1,BASE,80.00,77.52,161,F,74513,24.2504
16860,P1,BASE,80.00,77.49,161,F,74544,24.2755
16870,P1,BASE,80.00,77.49,162,F,74575,24.3006
16880,P1,BASE,80.00,77.50,162,F,74606,24.3256
16890,P1,BASE,80.00,77.49,162,F,74637,24.3506
16900,P1,BASE,80.00,77.50,162,F,74668,24.3756
16910,P1,BASE,80.00,80.01,160,F,74700,24.3756
16920,P1,BASE,80.00,77.51,162,F,74731,24.4005
16930,P1,BASE,80.00,74.99,165,F,74761,24.4506
16940,P1,BASE,80.00,80.02,160,F,74793,24.4504
16950,P1,BASE,80.00,77.48,163,F,74824,24.4755
16960,P1,BASE,80.00,77.52,163,F,74855,24.5004
16970,P1,BASE,80.00,80.00,160,F,74887,24.5004
16980,P1,BASE,80.00,79.98,160,F,74919,24.5006
16990,P1,BASE,80.00,80.02,160,F,74951,24.5004
17000,P1,BASE,80.00,82.48,158,F,74984,24.4756
17010,P1,BASE,80.00,80.02,160,F,75016,24.4755
17020,P1,BASE,80.00,77.50,163,F,75047,24.5005
17030,P1,BASE,80.00,82.44,158,F,75080,24.4761
17040,P1,BASE,80.00,75.05,166,F,75110,24.5255
17050,P1,BASE,80.00,77.48,163,F,75141,24.5507
17060,P1,BASE,80.00,80.02,161,F,75173,24.5505
17070,P1,BASE,80.00,74.98,166,F,75203,24.6007
17080,P1,BASE,80.00,80.02,161,F,75235,24.6006
17090,P1,BASE,80.00,79.99,161,F,75267,24.6007
17100,P1,BASE,80.00,80.01,161,F,75299,24.6006
17110,P1,BASE,80.00,77.50,164,F,75330,24.6256
17120,P1,BASE,80.00,82.52,159,F,75363,24.6004
17130,P1,BASE,80.00,77.50,164,F,75394,24.6254
17140,P1,BASE,80.00,79.99,161,F,75426,24.6255
17150,P1,BASE,80.00,80.01,161,F,75458,24.6254
17160,P1,BASE,80.00,82.48,159,F,75491,24.6007
17170,P1,BASE,80.00,79.98,161,F,75523,24.6009
17180,P1,BASE,80.00,80.04,161,F,75555,24.6005
17190,P1,BASE,80.00,82.48,158,F,75588,24.5758
17200,P1,BASE,80.00,80.02,161,F,75620,24.5756
17210,P1,BASE,80.00,80.01,161,F,75652,24.5755
17220,P1,BASE,80.00,80.00,161,F,75684,24.5755
17230,P1,BASE,80.00,77.49,164,F,75715,24.6006
17240,P1,BASE,80.00,77.51,164,F,75746,24.6255
17250,P1,BASE,80.00,80.00,161,F,75778,24.6255
17260,P1,BASE,80.00,79.98,161,F,75810,24.6258
17270,P1,BASE,80.00,77.51,164,F,75841,24.6507
17280,P1,BASE,80.00,82.52,159,F,75874,24.6254
17290,P1,BASE,80.00,79.98,161,F,75906,24.6257
17300,P1,BASE,80.00,95.01,145,F,75944,24.4756
17310,P1,BASE,80.00,82.52,158,F,75977,24.4504
17320,P1,BASE,80.00,79.98,160,F,76009,24.4506
17330,P1,BASE,80.00,80.01,160,F,76041,24.4505
17340,P1,BASE,80.00,77.51,163,F,76072,24.4754
17350,P1,BASE,80.00,77.46,163,F,76103,24.5008
17360,P1,BASE,80.00,72.51,169,F,76132,24.5757
17370,P1,BASE,80.00,82.52,158,F,76165,24.5505
17380,P1,BASE,80.00,80.00,161,F,76197,24.5505
17390,P1,BASE,80.00,82.49,158,F,76230,24.5256
17400,P1,BASE,80.00,82.50,158,F,76263,24.5006
17410,P1,BASE,80.00,82.50,158,F,76296,24.4756
17420,P1,BASE,80.00,82.51,158,F,76329,24.4505
17430,P1,BASE,80.00,80.01,160,F,76361,24.4504
17440,P1,BASE,80.00,84.97,155,F,76395,24.4007
17450,P1,BASE,80.00,82.52,157,F,76428,24.3756
17460,P1,BASE,80.00,82.49,157,F,76461,24.3507
17470,P1,BASE,80.00,80.02,159,F,76493,24.3504
17480,P1,BASE,80.00,79.98,159,F,76525,24.3506
17490,P1,BASE,80.00,79.99,159,F,76557,24.3507
17500,P1,BASE,80.00,82.50,157,F,76590,24.3257
17510,P1,BASE,80.00,77.50,162,F,76621,24.3507
17520,P1,BASE,80.00,80.01,159,F,76653,24.3506
17530,P1,BASE,80.00,82.50,157,F,76686,24.3256
17540,P1,BASE,80.00,79.99,159,F,76718,24.3257
17550,P1,BASE,80.00,82.52,157,F,76751,24.3005
17560,P1,BASE,80.00,79.99,159,F,76783,24.3006
17570,P1,BASE,80.00,82.49,156,F,76816,24.2757
17580,P1,BASE,80.00,77.52,162,F,76847,24.3005
17590,P1,BASE,80.00,80.00,159,F,76879,24.3005
17600,P1,BASE,80.00,77.51,162,F,76910,24.3254
17610,P1,BASE,80.00,79.98,159,F,76942,24.3257
17620,P1,BASE,80.00,77.52,162,F,76973,24.3504
17630,P1,BASE,80.00,77.48,162,F,77004,24.3756
17640,P1,BASE,80.00,77.51,162,F,77035,24.4005
17650,P1,BASE,80.00,77.49,162,F,77066,24.4256
17660,P1,BASE,80.00,80.01,160,F,77098,24.4255
17670,P1,BASE,80.00,77.50,163,F,77129,24.4505
17680,P1,BASE,80.00,77.45,163,F,77160,24.4760
17690,P1,BASE,80.00,77.55,163,F,77191,24.5005
17700,P1,BASE,80.00,77.48,163,F,77222,24.5257
17710,P1,BASE,80.00,77.52,163,F,77253,24.5506
17720,P1,BASE,80.00,80.01,161,F,77285,24.5505
17730,P1,BASE,80.00,80.00,161,F,77317,24.5505
17740,P1,BASE,80.00,80.00,161,F,77349,24.5505
17750,P1,BASE,80.00,82.49,158,F,77382,24.5256
17760,P1,BASE,80.00,82.51,158,F,77415,24.5005
17770,P1,BASE,80.00,77.49,163,F,77446,24.5256
17780,P1,BASE,80.00,79.99,161,F,77478,24.5257
17790,P1,BASE,80.00,77.49,163,F,77509,24.5507
17800,P1,BASE,80.00,80.01,161,F,77541,24.5507
17810,P1,BASE,80.00,77.50,163,F,77572,24.5757
17820,P1,BASE,80.00,77.52,164,F,77603,24.6004
17830,P1,BASE,80.00,77.48,164,F,77634,24.6256
17840,P1,BASE,80.00,82.52,159,F,77667,24.6004
17850,P1,BASE,80.00,79.98,161,F,77699,24.6006
17860,P1,BASE,80.00,77.49,164,F,77730,24.6257
17870,P1,BASE,80.00,82.52,159,F,77763,24.6005
17880,P1,BASE,80.00,77.51,164,F,77794,24.6254
17890,P1,BASE,80.00,82.49,159,F,77827,24.6005
17900,P1,BASE,80.00,79.99,161,F,77859,24.6006
17910,P1,BASE,80.00,82.52,158,F,77892,24.5754
17920,P1,BASE,80.00,79.98,161,F,77924,24.5756
17930,P1,BASE,80.00,82.51,158,F,77957,24.5505
17940,P1,BASE,80.00,82.51,158,F,77990,24.5254
17950,P1,BASE,80.00,79.97,161,F,78022,24.5257
17960,P1,BASE,80.00,80.03,161,F,78054,24.5254
17970,P1,BASE,80.00,79.97,161,F,78086,24.5257
17980,P1,BASE,80.00,77.53,163,F,78117,24.5504
17990,P1,BASE,80.00,79.99,161,F,78149,24.5505
18000,P1,BASE,80.00,80.00,161,F,78181,24.5505
18010,P1,BASE,0.00,77.48,131,F,78212,23.7757
18020,P1,BASE,0.00,80.02,101,F,78244,22.9754
18030,P1,BASE,0.00,77.49,71,F,78275,22.2005
18040,P1,BASE,0.00,77.49,61,F,78306,21.4256
18050,P1,BASE,0.00,87.51,45,F,78341,20.5505
18060,P1,BASE,0.00,70.01,59,F,78369,19.8504
18070,P1,BASE,0.00,64.98,59,F,78395,19.2006
18080,P1,BASE,0.00,62.51,58,F,78420,18.5755
18090,P1,BASE,0.00,60.00,56,F,78444,17.9755
18100,P1,BASE,0.00,55.01,58,F,78466,17.4254
18110,P1,BASE,0.00,52.49,57,F,78487,16.9005
18120,P1,BASE,0.00,45.01,62,F,78505,16.4504
18130,P1,BASE,0.00,40.00,64,F,78521,16.0505
18140,P1,BASE,0.00,45.00,56,F,78539,15.6005
18150,P1,BASE,0.00,45.00,53,F,78557,15.1505
18160,P1,BASE,0.00,37.50,58,F,78572,14.7754
18170,P1,BASE,0.00,37.50,56,F,78587,14.4004
18180,P1,BASE,0.00,34.99,56,F,78601,14.0506
18190,P1,BASE,0.00,35.01,54,F,78615,13.7005
18200,P1,BASE,0.00,30.00,57,F,78627,13.4005
18210,P1,BASE,0.00,25.00,60,F,78637,13.1505
18220,P1,BASE,0.00,25.01,59,F,78647,12.9005
18230,P1,BASE,0.00,25.00,57,F,78657,12.6505
18240,P1,BASE,0.00,19.99,61,F,78665,12.4505
18250,P1,BASE,0.00,20.01,60,F,78673,12.2505
18260,P1,BASE,0.00,17.50,61,F,78680,12.0755
18270,P1,BASE,0.00,15.00,63,F,78686,11.9255
18280,P1,BASE,0.00,12.50,64,F,78691,11.8005
18290,P1,BASE,0.00,10.00,66,F,78695,11.7005
18300,P1,BASE,0.00,10.00,66,F,78699,11.6005
18310,P1,BASE,0.00,5.00,70,F,78701,11.5505
18320,P1,BASE,0.00,5.00,70,F,78703,11.5005
18330,P1,BASE,0.00,5.00,70,F,78705,11.4505
18340,P1,BASE,0.00,5.00,69,F,78707,11.4005
18350,P1,BASE,0.00,2.50,72,F,78708,11.3755
18360,P1,BASE,0.00,2.50,72,F,78709,11.3505
18370,P1,BASE,0.00,2.50,71,F,78710,11.3255
18380,P1,BASE,0.00,0.00,74,F,78710,11.3255
18390,P1,BASE,0.00,5.00,68,F,78712,11.2755
18400,P1,BASE,0.00,2.50,71,F,78713,11.2505
18410,P1,BASE,0.00,0.00,73,F,78713,11.2505
18420,P1,BASE,0.00,0.00,73,F,78713,11.2505
18430,P1,BASE,0.00,0.00,73,F,78713,11.2505
18440,P1,BASE,0.00,0.00,73,F,78713,11.2505
18450,P1,BASE,0.00,0.00,73,F,78713,11.2505
18460,P1,BASE,0.00,0.00,73,F,78713,11.2505
18470,P1,BASE,0.00,0.00,73,F,78713,11.2505
18480,P1,BASE,0.00,0.00,73,F,78713,11.2505
18490,P1,BASE,0.00,0.00,73,F,78713,11.2505
18500,P1,BASE,0.00,0.00,73,F,78713,11.2505
18510,P1,BASE,0.00,0.00,73,F,78713,11.2505
18520,P1,BASE,0.00,0.00,73,F,78713,11.2505
18530,P1,BASE,0.00,0.00,73,F,78713,11.2505
18540,P1,BASE,0.00,0.00,73,F,78713,11.2505
18550,P1,BASE,0.00,0.00,73,F,78713,11.2505
18560,P1,BASE,0.00,0.00,73,F,78713,11.2505
18570,P1,BASE,0.00,0.00,73,F,78713,11.2505
18580,P1,BASE,0.00,0.00,73,F,78713,11.2505
18590,P1,BASE,0.00,0.00,73,F,78713,11.2505
18600,P1,BASE,0.00,0.00,73,F,78713,11.2505
18610,P1,BASE,0.00,0.00,73,F,78713,11.2505
18620,P1,BASE,0.00,0.00,73,F,78713,11.2505
18630,P1,BASE,0.00,0.00,73,F,78713,11.2505
18640,P1,BASE,0.00,0.00,73,F,78713,11.2505
18650,P1,BASE,0.00,0.00,73,F,78713,11.2505
18660,P1,BASE,0.00,0.00,73,F,78713,11.2505
18670,P1,BASE,0.00,0.00,73,F,78713,11.2505
18680,P1,BASE,0.00,0.00,73,F,78713,11.2505
18690,P1,BASE,0.00,0.00,73,F,78713,11.2505
18700,P1,BASE,0.00,0.00,73,F,78713,11.2505
18710,P1,BASE,0.00,0.00,73,F,78713,11.2505
18720,P1,BASE,0.00,0.00,73,F,78713,11.2505
18730,P1,BASE,0.00,0.00,73,F,78713,11.2505
18740,P1,BASE,0.00,0.00,73,F,78713,11.2505
18750,P1,BASE,0.00,0.00,73,F,78713,11.2505
18760,P1,BASE,0.00,0.00,73,F,78713,11.2505
18770,P1,BASE,0.00,0.00,73,F,78713,11.2505
18780,P1,BASE,0.00,0.00,73,F,78713,11.2505
18790,P1,BASE,0.00,0.00,73,F,78713,11.2505
18800,P1,BASE,0.00,0.00,73,F,78713,11.2505
18810,P1,BASE,0.00,0.00,73,F,78713,11.2505
18820,P1,BASE,0.00,0.00,73,F,78713,11.2505
18830,P1,BASE,0.00,0.00,73,F,78713,11.2505
18840,P1,BASE,0.00,0.00,73,F,78713,11.2505
18850,P1,BASE,0.00,0.00,73,F,78713,11.2505
18860,P1,BASE,0.00,0.00,73,F,78713,11.2505
18870,P1,BASE,0.00,0.00,73,F,78713,11.2505
18880,P1,BASE,0.00,0.00,73,F,78713,11.2505
18890,P1,BASE,0.00,0.00,73,F,78713,11.2505
18900,P1,BASE,0.00,0.00,73,F,78713,11.2505
18910,P1,BASE,0.00,0.00,73,F,78713,11.2505
18920,P1,BASE,0.00,0.00,73,F,78713,11.2505
18930,P1,BASE,0.00,0.00,73,F,78713,11.2505
18940,P1,BASE,0.00,0.00,73,F,78713,11.2505
18950,P1,BASE,0.00,0.00,73,F,78713,11.2505
18960,P1,BASE,0.00,0.00,73,F,78713,11.2505
18970,P1,BASE,0.00,0.00,73,F,78713,11.2505
18980,P1,BASE,0.00,0.00,73,F,78713,11.2505
18990,P1,BASE,0.00,0.00,73,F,78713,11.2505
19000,P1,BASE,0.00,0.00,73,F,78713,11.2505
19010,P1,BASE,0.00,0.00,73,F,78713,11.2505
19020,P1,BASE,0.00,0.00,73,F,78713,11.2505
19030,P1,BASE,0.00,0.00,73,F,78713,11.2505
19040,P1,BASE,0.00,0.00,73,F,78713,11.2505
19050,P1,BASE,0.00,0.00,73,F,78713,11.2505
19060,P1,BASE,0.00,0.00,73,F,78713,11.2505
19070,P1,BASE,0.00,0.00,73,F,78713,11.2505
19080,P1,BASE,0.00,0.00,73,F,78713,11.2505
19090,P1,BASE,0.00,0.00,73,F,78713,11.2505
19100,P1,BASE,0.00,0.00,73,F,78713,11.2505
19110,P1,BASE,0.00,0.00,73,F,78713,11.2505
19120,P1,BASE,0.00,0.00,73,F,78713,11.2505
19130,P1,BASE,0.00,0.00,73,F,78713,11.2505
19140,P1,BASE,0.00,0.00,73,F,78713,11.2505
19150,P1,BASE,0.00,0.00,73,F,78713,11.2505
19160,P1,BASE,0.00,0.00,73,F,78713,11.2505
19170,P1,BASE,0.00,0.00,73,F,78713,11.2505
19180,P1,BASE,0.00,0.00,73,F,78713,11.2505
19190,P1,BASE,0.00,0.00,73,F,78713,11.2505
19200,P1,BASE,0.00,0.00,73,F,78713,11.2505
19210,P1,BASE,0.00,0.00,73,F,78713,11.2505
19220,P1,BASE,0.00,0.00,73,F,78713,11.2505
19230,P1,BASE,0.00,0.00,73,F,78713,11.2505
19240,P1,BASE,0.00,0.00,73,F,78713,11.2505
19250,P1,BASE,0.00,0.00,73,F,78713,11.2505
19260,P1,BASE,0.00,0.00,73,F,78713,11.2505
19270,P1,BASE,0.00,0.00,73,F,78713,11.2505
19280,P1,BASE,0.00,0.00,73,F,78713,11.2505
19290,P1,BASE,0.00,0.00,73,F,78713,11.2505
19300,P1,BASE,0.00,0.00,73,F,78713,11.2505
19310,P1,BASE,0.00,0.00,73,F,78713,11.2505
19320,P1,BASE,0.00,0.00,73,F,78713,11.2505
19330,P1,BASE,0.00,0.00,73,F,78713,11.2505
19340,P1,BASE,0.00,0.00,73,F,78713,11.2505
19350,P1,BASE,0.00,0.00,73,F,78713,11.2505
19360,P1,BASE,0.00,0.00,73,F,78713,11.2505
19370,P1,BASE,0.00,0.00,73,F,78713,11.2505
19380,P1,BASE,0.00,0.00,73,F,78713,11.2505
19390,P1,BASE,0.00,0.00,73,F,78713,11.2505
19400,P1,BASE,0.00,0.00,73,F,78713,11.2505
19410,P1,BASE,0.00,0.00,73,F,78713,11.2505
19420,P1,BASE,0.00,0.00,73,F,78713,11.2505
19430,P1,BASE,0.00,0.00,73,F,78713,11.2505
19440,P1,BASE,0.00,0.00,73,F,78713,11.2505
19450,P1,BASE,0.00,0.00,73,F,78713,11.2505
19460,P1,BASE,0.00,0.00,73,F,78713,11.2505
19470,P1,BASE,0.00,0.00,73,F,78713,11.2505
19480,P1,BASE,0.00,0.00,73,F,78713,11.2505
19490,P1,BASE,0.00,0.00,73,F,78713,11.2505
19500,P1,BASE,0.00,0.00,73,F,78713,11.2505
19510,P1,BASE,0.00,0.00,73,F,78713,11.2505
19520,P1,BASE,0.00,0.00,73,F,78713,11.2505
19530,P1,BASE,0.00,0.00,73,F,78713,11.2505
19540,P1,BASE,0.00,0.00,73,F,78713,11.2505
19550,P1,BASE,0.00,0.00,73,F,78713,11.2505
19560,P1,BASE,0.00,0.00,73,F,78713,11.2505
19570,P1,BASE,0.00,0.00,73,F,78713,11.2505
19580,P1,BASE,0.00,0.00,73,F,78713,11.2505
19590,P1,BASE,0.00,0.00,73,F,78713,11.2505
19600,P1,BASE,0.00,0.00,73,F,78713,11.2505
19610,P1,BASE,0.00,0.00,73,F,78713,11.2505
19620,P1,BASE,0.00,0.00,73,F,78713,11.2505
19630,P1,BASE,0.00,0.00,73,F,78713,11.2505
19640,P1,BASE,0.00,0.00,73,F,78713,11.2505
19650,P1,BASE,0.00,0.00,73,F,78713,11.2505
19660,P1,BASE,0.00,0.00,73,F,78713,11.2505
19670,P1,BASE,0.00,0.00,73,F,78713,11.2505
19680,P1,BASE,0.00,0.00,73,F,78713,11.2505
19690,P1,BASE,0.00,0.00,73,F,78713,11.2505
19700,P1,BASE,0.00,0.00,73,F,78713,11.2505
19710,P1,BASE,0.00,0.00,73,F,78713,11.2505
19720,P1,BASE,0.00,0.00,73,F,78713,11.2505
19730,P1,BASE,0.00,0.00,73,F,78713,11.2505
19740,P1,BASE,0.00,0.00,73,F,78713,11.2505
19750,P1,BASE,0.00,0.00,73,F,78713,11.2505
19760,P1,BASE,0.00,0.00,73,F,78713,11.2505
19770,P1,BASE,0.00,0.00,73,F,78713,11.2505
19780,P1,BASE,0.00,0.00,73,F,78713,11.2505
19790,P1,BASE,0.00,0.00,73,F,78713,11.2505
19800,P1,BASE,0.00,0.00,73,F,78713,11.2505
19810,P1,BASE,0.00,0.00,73,F,78713,11.2505
19820,P1,BASE,0.00,0.00,73,F,78713,11.2505
19830,P1,BASE,0.00,0.00,73,F,78713,11.2505
19840,P1,BASE,0.00,0.00,73,F,78713,11.2505
19850,P1,BASE,0.00,0.00,73,F,78713,11.2505
19860,P1,BASE,0.00,0.00,73,F,78713,11.2505
19870,P1,BASE,0.00,0.00,73,F,78713,11.2505
19880,P1,BASE,0.00,0.00,73,F,78713,11.2505
19890,P1,BASE,0.00,0.00,73,F,78713,11.2505
19900,P1,BASE,0.00,0.00,73,F,78713,11.2505
19910,P1,BASE,0.00,0.00,73,F,78713,11.2505
19920,P1,BASE,0.00,0.00,73,F,78713,11.2505
19930,P1,BASE,0.00,0.00,73,F,78713,11.2505
19940,P1,BASE,0.00,0.00,73,F,78713,11.2505
19950,P1,BASE,0.00,0.00,73,F,78713,11.2505
19960,P1,BASE,0.00,0.00,73,F,78713,11.2505
19970,P1,BASE,0.00,0.00,73,F,78713,11.2505
19980,P1,BASE,0.00,0.00,73,F,78713,11.2505
19990,P1,BASE,0.00,0.00,73,F,78713,11.2505
20000,P1,BASE,0.00,0.00,73,F,78713,11.2505
20010,P1,BASE,0.00,0.00,73,F,78713,11.2505
20020,P1,BASE,0.00,0.00,73,F,78713,11.2505
20030,P1,BASE,0.00,0.00,73,F,78713,11.2505
20040,P1,BASE,0.00,0.00,73,F,78713,11.2505
20050,P1,BASE,0.00,0.00,73,F,78713,11.2505
20060,P1,BASE,0.00,0.00,73,F,78713,11.2505
20070,P1,BASE,0.00,0.00,73,F,78713,11.2505
20080,P1,BASE,0.00,0.00,73,F,78713,11.2505
20090,P1,BASE,0.00,0.00,73,F,78713,11.2505
20100,P1,BASE,0.00,0.00,73,F,78713,11.2505
20110,P1,BASE,0.00,0.00,73,F,78713,11.2505
20120,P1,BASE,0.00,0.00,73,F,78713,11.2505
20130,P1,BASE,0.00,0.00,73,F,78713,11.2505
20140,P1,BASE,0.00,0.00,73,F,78713,11.2505
20150,P1,BASE,0.00,0.00,73,F,78713,11.2505
20160,P1,BASE,0.00,0.00,73,F,78713,11.2505
20170,P1,BASE,0.00,0.00,73,F,78713,11.2505
20180,P1,BASE,0.00,0.00,73,F,78713,11.2505
20190,P1,BASE,0.00,0.00,73,F,78713,11.2505
20200,P1,BASE,0.00,0.00,73,F,78713,11.2505
20210,P1,BASE,0.00,0.00,73,F,78713,11.2505
20220,P1,BASE,0.00,0.00,73,F,78713,11.2505
20230,P1,BASE,0.00,0.00,73,F,78713,11.2505
20240,P1,BASE,0.00,0.00,73,F,78713,11.2505
20250,P1,BASE,0.00,0.00,73,F,78713,11.2505
20260,P1,BASE,0.00,0.00,73,F,78713,11.2505
20270,P1,BASE,0.00,0.00,73,F,78713,11.2505
20280,P1,BASE,0.00,0.00,73,F,78713,11.2505
20290,P1,BASE,0.00,0.00,73,F,78713,11.2505
20300,P1,BASE,0.00,0.00,73,F,78713,11.2505
20310,P1,BASE,0.00,0.00,73,F,78713,11.2505
20320,P1,BASE,0.00,0.00,73,F,78713,11.2505
20330,P1,BASE,0.00,0.00,73,F,78713,11.2505
20340,P1,BASE,0.00,0.00,73,F,78713,11.2505
20350,P1,BASE,0.00,0.00,73,F,78713,11.2505
20360,P1,BASE,0.00,0.00,73,F,78713,11.2505
20370,P1,BASE,0.00,0.00,73,F,78713,11.2505
20380,P1,BASE,0.00,0.00,73,F,78713,11.2505
20390,P1,BASE,0.00,0.00,73,F,78713,11.2505
20400,P1,BASE,0.00,0.00,73,F,78713,11.2505
20410,P1,BASE,0.00,0.00,73,F,78713,11.2505
20420,P1,BASE,0.00,0.00,73,F,78713,11.2505
20430,P1,BASE,0.00,0.00,73,F,78713,11.2505
20440,P1,BASE,0.00,0.00,73,F,78713,11.2505
20450,P1,BASE,0.00,0.00,73,F,78713,11.2505
20460,P1,BASE,0.00,0.00,73,F,78713,11.2505
20470,P1,BASE,0.00,0.00,73,F,78713,11.2505
20480,P1,BASE,0.00,0.00,73,F,78713,11.2505
20490,P1,BASE,0.00,0.00,73,F,78713,11.2505
20500,P1,BASE,0.00,0.00,73,F,78713,11.2505
20510,P1,BASE,0.00,0.00,73,F,78713,11.2505
20520,P1,BASE,0.00,0.00,73,F,78713,11.2505
20530,P1,BASE,0.00,0.00,73,F,78713,11.2505
20540,P1,BASE,0.00,0.00,73,F,78713,11.2505
20550,P1,BASE,0.00,0.00,73,F,78713,11.2505
20560,P1,BASE,0.00,0.00,73,F,78713,11.2505
20570,P1,BASE,0.00,0.00,73,F,78713,11.2505
20580,P1,BASE,0.00,0.00,73,F,78713,11.2505
20590,P1,BASE,0.00,0.00,73,F,78713,11.2505
20600,P1,BASE,0.00,0.00,73,F,78713,11.2505
20610,P1,BASE,0.00,0.00,73,F,78713,11.2505
20620,P1,BASE,0.00,0.00,73,F,78713,11.2505
20630,P1,BASE,0.00,0.00,73,F,78713,11.2505
20640,P1,BASE,0.00,0.00,73,F,78713,11.2505
20650,P1,BASE,0.00,0.00,73,F,78713,11.2505
20660,P1,BASE,0.00,0.00,73,F,78713,11.2505
20670,P1,BASE,0.00,0.00,73,F,78713,11.2505
20680,P1,BASE,0.00,0.00,73,F,78713,11.2505
20690,P1,BASE,0.00,0.00,73,F,78713,11.2505
20700,P1,BASE,0.00,0.00,73,F,78713,11.2505
20710,P1,BASE,0.00,0.00,73,F,78713,11.2505
20720,P1,BASE,0.00,0.00,73,F,78713,11.2505
20730,P1,BASE,0.00,0.00,73,F,78713,11.2505
20740,P1,BASE,0.00,0.00,73,F,78713,11.2505
20750,P1,BASE,0.00,0.00,73,F,78713,11.2505
20760,P1,BASE,0.00,0.00,73,F,78713,11.2505
20770,P1,BASE,0.00,0.00,73,F,78713,11.2505
20780,P1,BASE,0.00,0.00,73,F,78713,11.2505
20790,P1,BASE,0.00,0.00,73,F,78713,11.2505
20800,P1,BASE,0.00,0.00,73,F,78713,11.2505
20810,P1,BASE,0.00,0.00,73,F,78713,11.2505
20820,P1,BASE,0.00,0.00,73,F,78713,11.2505
20830,P1,BASE,0.00,0.00,73,F,78713,11.2505
20840,P1,BASE,0.00,0.00,73,F,78713,11.2505
20850,P1,BASE,0.00,0.00,73,F,78713,11.2505
20860,P1,BASE,0.00,0.00,73,F,78713,11.2505
20870,P1,BASE,0.00,0.00,73,F,78713,11.2505
20880,P1,BASE,0.00,0.00,73,F,78713,11.2505
20890,P1,BASE,0.00,0.00,73,F,78713,11.2505
20900,P1,BASE,0.00,0.00,73,F,78713,11.2505
20910,P1,BASE,0.00,0.00,73,F,78713,11.2505
20920,P1,BASE,0.00,0.00,73,F,78713,11.2505
20930,P1,BASE,0.00,0.00,73,F,78713,11.2505
20940,P1,BASE,0.00,0.00,73,F,78713,11.2505
20950,P1,BASE,0.00,0.00,73,F,78713,11.2505
20960,P1,BASE,0.00,0.00,73,F,78713,11.2505
20970,P1,BASE,0.00,0.00,73,F,78713,11.2505
20980,P1,BASE,0.00,0.00,73,F,78713,11.2505
20990,P1,BASE,0.00,0.00,73,F,78713,11.2505
21000,P1,BASE,0.00,0.00,73,F,78713,11.2505
21010,P1,BASE,-80.00,0.00,43,F,78713,10.4505
21020,P1,BASE,-80.00,0.00,13,F,78713,9.6505
21030,P1,BASE,-80.00,0.00,-16,R,78713,8.8505
21040,P1,BASE,-80.00,0.00,-28,R,78713,8.0505
21050,P1,BASE,-80.00,0.00,-33,R,78713,7.2505
21060,P1,BASE,-80.00,0.00,-39,R,78713,6.4505
21070,P1,BASE,-80.00,-2.50,-41,R,78712,5.6755
21080,P1,BASE,-80.00,0.00,-49,R,78712,4.8755
21090,P1,BASE,-80.00,0.00,-54,R,78712,4.0755
21100,P1,BASE,-80.00,0.00,-59,R,78712,3.2755
21110,P1,BASE,-80.00,0.00,-65,R,78712,2.4755
21120,P1,BASE,-80.00,0.00,-70,R,78712,1.6755
21130,P1,BASE,-80.00,0.00,-75,R,78712,0.8755
21140,P1,BASE,-80.00,0.00,-80,R,78712,0.0755
21150,P1,BASE,-80.00,0.00,-86,R,78712,-0.7245
21160,P1,BASE,-80.00,0.00,-91,R,78712,-1.5245
21170,P1,BASE,-80.00,0.00,-96,R,78712,-2.3245
21180,P1,BASE,-80.00,0.00,-101,R,78712,-3.1245
21190,P1,BASE,-80.00,0.00,-107,R,78712,-3.9245
21200,P1,BASE,-80.00,0.00,-112,R,78712,-4.7245
21210,P1,BASE,-80.00,0.00,-117,R,78712,-5.5245
21220,P1,BASE,-80.00,0.00,-122,R,78712,-6.3245
21230,P1,BASE,-80.00,0.00,-128,R,78712,-7.1245
21240,P1,BASE,-80.00,0.00,-133,R,78712,-7.9245
21250,P1,BASE,-80.00,0.00,-138,R,78712,-8.7245
21260,P1,BASE,-80.00,0.00,-143,R,78712,-9.5245
21270,P1,BASE,-80.00,0.00,-149,R,78712,-10.3245
21280,P1,BASE,-80.00,0.00,-154,R,78712,-11.1245
21290,P1,BASE,-80.00,0.00,-159,R,78712,-11.9245
21300,P1,BASE,-80.00,0.00,-164,R,78712,-12.7245
21310,P1,BASE,-80.00,0.00,-170,R,78712,-13.5245
21320,P1,BASE,-80.00,-10.00,-164,R,78708,-14.2245
21330,P1,BASE,-80.00,-22.50,-155,R,78699,-14.7995
21340,P1,BASE,-80.00,-22.49,-159,R,78690,-15.3746
21350,P1,BASE,-80.00,-27.51,-157,R,78679,-15.8995
21360,P1,BASE,-80.00,-30.01,-158,R,78667,-16.3995
21370,P1,BASE,-80.00,-32.49,-159,R,78654,-16.8745
21380,P1,BASE,-80.00,-32.50,-162,R,78641,-17.3495
21390,P1,BASE,-80.00,-34.99,-162,R,78627,-17.7996
21400,P1,BASE,-80.00,-37.50,-162,R,78612,-18.2246
21410,P1,BASE,-80.00,-42.51,-160,R,78595,-18.5995
21420,P1,BASE,-80.00,-42.50,-162,R,78578,-18.9745
21430,P1,BASE,-80.00,-42.51,-165,R,78561,-19.3494
21440,P1,BASE,-80.00,-45.00,-165,R,78543,-19.6994
21450,P1,BASE,-80.00,-47.50,-164,R,78524,-20.0244
21460,P1,BASE,-80.00,-47.50,-166,R,78505,-20.3494
21470,P1,BASE,-80.00,-50.00,-166,R,78485,-20.6494
21480,P1,BASE,-80.00,-49.99,-168,R,78465,-20.9495
21490,P1,BASE,-80.00,-49.99,-170,R,78445,-21.2496
21500,P1,BASE,-80.00,-52.51,-169,R,78424,-21.5245
21510,P1,BASE,-80.00,-54.99,-168,R,78402,-21.7746
21520,P1,BASE,-80.00,-55.01,-170,R,78380,-22.0245
21530,P1,BASE,-80.00,-57.50,-169,R,78357,-22.2495
21540,P1,BASE,-80.00,-57.49,-170,R,78334,-22.4746
21550,P1,BASE,-80.00,-60.01,-169,R,78310,-22.6745
21560,P1,BASE,-80.00,-59.99,-170,R,78286,-22.8746
21570,P1,BASE,-80.00,-62.48,-169,R,78261,-23.0498
21580,P1,BASE,-80.00,-60.03,-173,R,78237,-23.2495
21590,P1,BASE,-80.00,-62.49,-171,R,78212,-23.4247
21600,P1,BASE,-80.00,-65.03,-170,R,78186,-23.5744
21610,P1,BASE,-80.00,-64.99,-171,R,78160,-23.7245
21620,P1,BASE,-80.00,-64.99,-172,R,78134,-23.8745
21630,P1,BASE,-80.00,-67.50,-170,R,78107,-23.9995
21640,P1,BASE,-80.00,-65.01,-173,R,78081,-24.1495
21650,P1,BASE,-80.00,-70.00,-169,R,78053,-24.2495
21660,P1,BASE,-80.00,-69.98,-170,R,78025,-24.3497
21670,P1,BASE,-80.00,-70.01,-170,R,77997,-24.4495
21680,P1,BASE,-80.00,-69.99,-171,R,77969,-24.5497
21690,P1,BASE,-80.00,-70.01,-172,R,77941,-24.6495
21700,P1,BASE,-80.00,-69.99,-172,R,77913,-24.7497
21710,P1,BASE,-80.00,-72.51,-170,R,77884,-24.8246
21720,P1,BASE,-80.00,-72.51,-171,R,77855,-24.8994
21730,P1,BASE,-80.00,-69.99,-174,R,77827,-24.9996
21740,P1,BASE,-80.00,-70.02,-175,R,77799,-25.0994
21750,P1,BASE,-80.00,-72.49,-172,R,77770,-25.1744
21760,P1,BASE,-80.00,-74.98,-170,R,77740,-25.2247
21770,P1,BASE,-80.00,-72.53,-173,R,77711,-25.2994
21780,P1,BASE,-80.00,-77.48,-168,R,77680,-25.3246
21790,P1,BASE,-80.00,-74.99,-171,R,77650,-25.3747
21800,P1,BASE,-80.00,-75.02,-172,R,77620,-25.4245
21810,P1,BASE,-80.00,-74.99,-172,R,77590,-25.4745
21820,P1,BASE,-80.00,-77.49,-170,R,77559,-25.4996
21830,P1,BASE,-80.00,-77.52,-170,R,77528,-25.5244
21840,P1,BASE,-80.00,-74.99,-173,R,77498,-25.5745
21850,P1,BASE,-80.00,-75.00,-173,R,77468,-25.6245
21860,P1,BASE,-80.00,-75.01,-173,R,77438,-25.6744
21870,P1,BASE,-80.00,-77.50,-171,R,77407,-25.6994
21880,P1,BASE,-80.00,-77.50,-171,R,77376,-25.7244
21890,P1,BASE,-80.00,-77.48,-171,R,77345,-25.7496
21900,P1,BASE,-80.00,-79.98,-169,R,77313,-25.7499
21910,P1,BASE,-80.00,-77.55,-171,R,77282,-25.7744
21920,P1,BASE,-80.00,-77.47,-172,R,77251,-25.7997
21930,P1,BASE,-80.00,-75.01,-174,R,77221,-25.8496
21940,P1,BASE,-80.00,-77.50,-172,R,77190,-25.8746
21950,P1,BASE,-80.00,-77.52,-172,R,77159,-25.8994
21960,P1,BASE,-80.00,-77.50,-172,R,77128,-25.9244
21970,P1,BASE,-80.00,-77.50,-172,R,77097,-25.9494
21980,P1,BASE,-80.00,-79.99,-170,R,77065,-25.9495
21990,P1,BASE,-80.00,-79.98,-170,R,77033,-25.9496
22000,P1,BASE,-80.00,-80.01,-170,R,77001,-25.9496
22010,P1,BASE,-80.00,-80.00,-170,R,76969,-25.9496
22020,P1,BASE,-80.00,-80.02,-170,R,76937,-25.9494
22030,P1,BASE,-80.00,-79.98,-170,R,76905,-25.9496
22040,P1,BASE,-80.00,-82.52,-167,R,76872,-25.9244
22050,P1,BASE,-80.00,-82.48,-167,R,76839,-25.8996
22060,P1,BASE,-80.00,-80.00,-170,R,76807,-25.8996
22070,P1,BASE,-80.00,-82.52,-167,R,76774,-25.8744
22080,P1,BASE,-80.00,-82.50,-167,R,76741,-25.8494
22090,P1,BASE,-80.00,-79.98,-169,R,76709,-25.8496
22100,P1,BASE,-80.00,-82.51,-167,R,76676,-25.8245
22110,P1,BASE,-80.00,-80.01,-169,R,76644,-25.8244
22120,P1,BASE,-80.00,-80.00,-169,R,76612,-25.8244
22130,P1,BASE,-80.00,-79.97,-169,R,76580,-25.8247
22140,P1,BASE,-80.00,-82.51,-166,R,76547,-25.7996
22150,P1,BASE,-80.00,-80.01,-169,R,76515,-25.7995
22160,P1,BASE,-80.00,-82.49,-166,R,76482,-25.7746
22170,P1,BASE,-80.00,-82.52,-166,R,76449,-25.7494
22180,P1,BASE,-80.00,-80.00,-169,R,76417,-25.7494
22190,P1,BASE,-80.00,-82.49,-166,R,76384,-25.7245
22200,P1,BASE,-80.00,-85.01,-163,R,76350,-25.6744
22210,P1,BASE,-80.00,-79.99,-168,R,76318,-25.6745
22220,P1,BASE,-80.00,-82.51,-165,R,76285,-25.6494
22230,P1,BASE,-80.00,-84.97,-163,R,76251,-25.5996
22240,P1,BASE,-80.00,-82.50,-165,R,76218,-25.5746
22250,P1,BASE,-80.00,-85.00,-162,R,76184,-25.5246
22260,P1,BASE,-80.00,-85.02,-162,R,76150,-25.4745
22270,P1,BASE,-80.00,-82.49,-164,R,76117,-25.4495
22280,P1,BASE,-80.00,-85.01,-161,R,76083,-25.3995
22290,P1,BASE,-80.00,-84.95,-161,R,76049,-25.3500
22300,P1,BASE,-80.00,-82.56,-163,R,76016,-25.3244
22310,P1,BASE,-80.00,-82.50,-163,R,75983,-25.2994
22320,P1,BASE,-80.00,-82.49,-163,R,75950,-25.2745
22330,P1,BASE,-80.00,-82.48,-163,R,75917,-25.2497
22340,P1,BASE,-80.00,-85.02,-160,R,75883,-25.1996
22350,P1,BASE,-80.00,-82.52,-162,R,75850,-25.1744
22360,P1,BASE,-80.00,-82.50,-162,R,75817,-25.1494
22370,P1,BASE,-80.00,-85.00,-159,R,75783,-25.0994
22380,P1,BASE,-80.00,-82.47,-162,R,75750,-25.0747
22390,P1,BASE,-80.00,-82.53,-161,R,75717,-25.0494
22400,P1,BASE,-80.00,-82.48,-161,R,75684,-25.0246
22410,P1,BASE,-80.00,-85.00,-158,R,75650,-24.9746
22420,P1,BASE,-80.00,-82.49,-161,R,75617,-24.9497
22430,P1,BASE,-80.00,-82.53,-161,R,75584,-24.9244
22440,P1,BASE,-80.00,-84.99,-158,R,75550,-24.8745
22450,P1,BASE,-80.00,-82.51,-160,R,75517,-24.8494
22460,P1,BASE,-80.00,-82.50,-160,R,75484,-24.8244
22470,P1,BASE,-80.00,-82.48,-160,R,75451,-24.7996
22480,P1,BASE,-80.00,-79.99,-162,R,75419,-24.7996
22490,P1,BASE,-80.00,-79.99,-162,R,75387,-24.7997
22500,P1,BASE,-80.00,-80.03,-162,R,75355,-24.7994
22510,P1,BASE,-80.00,-80.00,-162,R,75323,-24.7994
22520,P1,BASE,-80.00,-84.97,-157,R,75289,-24.7497
22530,P1,BASE,-80.00,-82.49,-159,R,75256,-24.7248
22540,P1,BASE,-80.00,-82.52,-159,R,75223,-24.6996
22550,P1,BASE,-80.00,-77.51,-164,R,75192,-24.7245
22560,P1,BASE,-80.00,-85.01,-156,R,75158,-24.6744
22570,P1,BASE,-80.00,-79.99,-162,R,75126,-24.6745
22580,P1,BASE,-80.00,-79.99,-162,R,75094,-24.6746
22590,P1,BASE,-80.00,-80.01,-162,R,75062,-24.6745
22600,P1,BASE,-80.00,-79.99,-162,R,75030,-24.6746
22610,P1,BASE,-80.00,-82.51,-159,R,74997,-24.6495
22620,P1,BASE,-80.00,-79.98,-161,R,74965,-24.6497
22630,P1,BASE,-80.00,-82.52,-159,R,74932,-24.6244
22640,P1,BASE,-80.00,-79.98,-161,R,74900,-24.6246
22650,P1,BASE,-80.00,-80.00,-161,R,74868,-24.6246
22660,P1,BASE,-80.00,-80.00,-161,R,74836,-24.6246
22670,P1,BASE,-80.00,-77.48,-164,R,74805,-24.6497
22680,P1,BASE,-80.00,-80.01,-161,R,74773,-24.6496
22690,P1,BASE,-80.00,-80.01,-161,R,74741,-24.6496
22700,P1,BASE,-80.00,-77.52,-164,R,74710,-24.6744
22710,P1,BASE,-80.00,-79.98,-162,R,74678,-24.6746
22720,P1,BASE,-80.00,-82.50,-159,R,74645,-24.6496
22730,P1,BASE,-80.00,-80.00,-161,R,74613,-24.6496
22740,P1,BASE,-80.00,-82.49,-159,R,74580,-24.6246
22750,P1,BASE,-80.00,-80.02,-161,R,74548,-24.6244
22760,P1,BASE,-80.00,-82.49,-159,R,74515,-24.5995
22770,P1,BASE,-80.00,-79.99,-161,R,74483,-24.5996
22780,P1,BASE,-80.00,-82.52,-158,R,74450,-24.5744
22790,P1,BASE,-80.00,-79.98,-161,R,74418,-24.5746
22800,P1,BASE,-80.00,-85.01,-155,R,74384,-24.5245
22810,P1,BASE,-80.00,-79.99,-161,R,74352,-24.5246
22820,P1,BASE,-80.00,-79.99,-161,R,74320,-24.5246
22830,P1,BASE,-80.00,-82.51,-158,R,74287,-24.4996
22840,P1,BASE,-80.00,-79.99,-160,R,74255,-24.4996
22850,P1,BASE,-80.00,-77.51,-163,R,74224,-24.5246
22860,P1,BASE,-80.00,-80.00,-161,R,74192,-24.5246
22870,P1,BASE,-80.00,-80.01,-161,R,74160,-24.5245
22880,P1,BASE,-80.00,-77.49,-163,R,74129,-24.5496
22890,P1,BASE,-80.00,-82.50,-158,R,74096,-24.5246
22900,P1,BASE,-80.00,-80.01,-161,R,74064,-24.5245
22910,P1,BASE,-80.00,-80.01,-161,R,74032,-24.5244
22920,P1,BASE,-80.00,-79.99,-161,R,74000,-24.5245
22930,P1,BASE,-80.00,-82.48,-158,R,73967,-24.4997
22940,P1,BASE,-80.00,-80.02,-160,R,73935,-24.4996
22950,P1,BASE,-80.00,-82.52,-158,R,73902,-24.4744
22960,P1,BASE,-80.00,-80.00,-160,R,73870,-24.4744
22970,P1,BASE,-80.00,-79.98,-160,R,73838,-24.4746
22980,P1,BASE,-80.00,-80.00,-160,R,73806,-24.4746
22990,P1,BASE,-80.00,-84.99,-155,R,73772,-24.4246
23000,P1,BASE,-80.00,-80.02,-160,R,73740,-24.4245
23010,P1,BASE,-80.00,-82.49,-157,R,73707,-24.3996
23020,P1,BASE,-80.00,-82.49,-157,R,73674,-24.3747
23030,P1,BASE,-80.00,-80.00,-160,R,73642,-24.3747
23040,P1,BASE,-80.00,-80.02,-160,R,73610,-24.3745
23050,P1,BASE,-80.00,-79.99,-160,R,73578,-24.3746
23060,P1,BASE,-80.00,-82.52,-157,R,73545,-24.3494
23070,P1,BASE,-80.00,-77.50,-162,R,73514,-24.3744
23080,P1,BASE,-80.00,-82.49,-157,R,73481,-24.3495
23090,P1,BASE,-80.00,-79.98,-159,R,73449,-24.3496
23100,P1,BASE,-80.00,-80.02,-159,R,73417,-24.3495
23110,P1,BASE,-80.00,-80.01,-159,R,73385,-24.3494
23120,P1,BASE,-80.00,-82.48,-157,R,73352,-24.3247
23130,P1,BASE,-80.00,-77.51,-162,R,73321,-24.3496
23140,P1,BASE,-80.00,-80.02,-159,R,73289,-24.3494
23150,P1,BASE,-80.00,-82.47,-157,R,73256,-24.3247
23160,P1,BASE,-80.00,-80.02,-159,R,73224,-24.3246
23170,P1,BASE,-80.00,-79.99,-159,R,73192,-24.3247
23180,P1,BASE,-80.00,-82.50,-157,R,73159,-24.2997
23190,P1,BASE,-80.00,-80.02,-159,R,73127,-24.2995
23200,P1,BASE,-80.00,-79.99,-159,R,73095,-24.2996
23210,P1,BASE,-80.00,-77.49,-162,R,73064,-24.3247
23220,P1,BASE,-80.00,-80.00,-159,R,73032,-24.3247
23230,P1,BASE,-80.00,-77.50,-162,R,73001,-24.3497
23240,P1,BASE,-80.00,-77.50,-162,R,72970,-24.3747
23250,P1,BASE,-80.00,-80.02,-160,R,72938,-24.3744
23260,P1,BASE,-80.00,-79.97,-160,R,72906,-24.3747
23270,P1,BASE,-80.00,-82.51,-157,R,72873,-24.3497
23280,P1,BASE,-80.00,-77.52,-162,R,72842,-24.3745
23290,P1,BASE,-80.00,-79.98,-160,R,72810,-24.3747
23300,P1,BASE,-80.00,-80.02,-160,R,72778,-24.3744
23310,P1,BASE,-80.00,-79.98,-160,R,72746,-24.3746
23320,P1,BASE,-80.00,-77.50,-162,R,72715,-24.3996
23330,P1,BASE,-80.00,-80.01,-160,R,72683,-24.3995
23340,P1,BASE,-80.00,-77.50,-162,R,72652,-24.4245
23350,P1,BASE,-80.00,-79.98,-160,R,72620,-24.4247
23360,P1,BASE,-80.00,-80.00,-160,R,72588,-24.4247
23370,P1,BASE,-80.00,-80.01,-160,R,72556,-24.4246
23380,P1,BASE,-80.00,-80.00,-160,R,72524,-24.4246
23390,P1,BASE,-80.00,-77.52,-163,R,72493,-24.4494
23400,P1,BASE,-80.00,-79.99,-160,R,72461,-24.4495
23410,P1,BASE,-80.00,-77.51,-163,R,72430,-24.4744
23420,P1,BASE,-80.00,-77.48,-163,R,72399,-24.4996
23430,P1,BASE,-80.00,-77.50,-163,R,72368,-24.5246
23440,P1,BASE,-80.00,-77.49,-163,R,72337,-24.5497
23450,P1,BASE,-80.00,-80.02,-161,R,72305,-24.5494
23460,P1,BASE,-80.00,-79.98,-161,R,72273,-24.5497
23470,P1,BASE,-80.00,-80.02,-161,R,72241,-24.5495
23480,P1,BASE,-80.00,-79.98,-161,R,72209,-24.5497
23490,P1,BASE,-80.00,-82.51,-158,R,72176,-24.5246
23500,P1,BASE,-80.00,-79.99,-161,R,72144,-24.5247
23510,P1,BASE,-80.00,-80.00,-161,R,72112,-24.5247
23520,P1,BASE,-80.00,-80.02,-161,R,72080,-24.5244
23530,P1,BASE,-80.00,-82.48,-158,R,72047,-24.4996
23540,P1,BASE,-80.00,-80.01,-160,R,72015,-24.4995
23550,P1,BASE,-80.00,-82.49,-158,R,71982,-24.4746
23560,P1,BASE,-80.00,-80.01,-160,R,71950,-24.4745
23570,P1,BASE,-80.00,-79.99,-160,R,71918,-24.4746
23580,P1,BASE,-80.00,-82.52,-158,R,71885,-24.4494
23590,P1,BASE,-80.00,-79.98,-160,R,71853,-24.4496
23600,P1,BASE,-80.00,-77.52,-163,R,71822,-24.4744
23610,P1,BASE,-80.00,-80.00,-160,R,71790,-24.4744
23620,P1,BASE,-80.00,-77.49,-163,R,71759,-24.4995
23630,P1,BASE,-80.00,-79.98,-160,R,71727,-24.4997
23640,P1,BASE,-80.00,-79.99,-160,R,71695,-24.4998
23650,P1,BASE,-80.00,-80.03,-160,R,71663,-24.4994
23660,P1,BASE,-80.00,-79.98,-160,R,71631,-24.4997
23670,P1,BASE,-80.00,-80.01,-160,R,71599,-24.4996
23680,P1,BASE,-80.00,-82.50,-158,R,71566,-24.4746
23690,P1,BASE,-80.00,-80.02,-160,R,71534,-24.4744
23700,P1,BASE,-80.00,-79.97,-160,R,71502,-24.4748
23710,P1,BASE,-80.00,-80.01,-160,R,71470,-24.4747
23720,P1,BASE,-80.00,-79.99,-160,R,71438,-24.4748
23730,P1,BASE,-80.00,-80.00,-160,R,71406,-24.4748
23740,P1,BASE,-80.00,-82.52,-158,R,71373,-24.4495
23750,P1,BASE,-80.00,-82.50,-157,R,71340,-24.4245
23760,P1,BASE,-80.00,-82.50,-157,R,71307,-24.3995
23770,P1,BASE,-80.00,-79.98,-160,R,71275,-24.3997
23780,P1,BASE,-80.00,-80.01,-160,R,71243,-24.3996
23790,P1,BASE,-80.00,-82.49,-157,R,71210,-24.3747
23800,P1,BASE,-80.00,-80.00,-160,R,71178,-24.3747
23810,P1,BASE,-80.00,-80.00,-160,R,71146,-24.3747
23820,P1,BASE,-80.00,-77.52,-162,R,71115,-24.3995
23830,P1,BASE,-80.00,-82.50,-157,R,71082,-24.3745
23840,P1,BASE,-80.00,-80.01,-160,R,71050,-24.3744
23850,P1,BASE,-80.00,-79.99,-160,R,71018,-24.3745
23860,P1,BASE,-80.00,-80.00,-160,R,70986,-24.3745
23870,P1,BASE,-80.00,-82.48,-157,R,70953,-24.3497
23880,P1,BASE,-80.00,-77.50,-162,R,70922,-24.3747
23890,P1,BASE,-80.00,-80.01,-160,R,70890,-24.3746
23900,P1,BASE,-80.00,-82.50,-157,R,70857,-24.3496
23910,P1,BASE,-80.00,-79.99,-159,R,70825,-24.3497
23920,P1,BASE,-80.00,-80.01,-159,R,70793,-24.3496
23930,P1,BASE,-80.00,-80.00,-159,R,70761,-24.3496
23940,P1,BASE,-80.00,-82.49,-157,R,70728,-24.3247
23950,P1,BASE,-80.00,-80.01,-159,R,70696,-24.3246
23960,P1,BASE,-80.00,-77.51,-162,R,70665,-24.3495
23970,P1,BASE,-80.00,-80.01,-159,R,70633,-24.3494
23980,P1,BASE,-80.00,-77.48,-162,R,70602,-24.3747
23990,P1,BASE,-80.00,-77.50,-162,R,70571,-24.3997
24000,P1,BASE,-80.00,-80.02,-160,R,70539,-24.3995
24010,P1,BASE,-150.00,-79.97,-190,R,70507,-25.0998
24020,P1,BASE,-150.00,-82.52,-220,R,70474,-25.7746
24030,P1,BASE,-150.00,-87.52,-236,R,70439,-26.3994
24040,P1,BASE,-150.00,-94.98,-232,R,70401,-26.9496
24050,P1,BASE,-150.00,-107.50,-223,R,70358,-27.3746
24060,P1,BASE,-150.00,-112.48,-220,R,70313,-27.7498
24070,P1,BASE,-150.00,-120.02,-214,R,70265,-28.0496
24080,P1,BASE,-150.00,-122.49,-214,R,70216,-28.3247
24090,P1,BASE,-150.00,-127.50,-210,R,70165,-28.5497
24100,P1,BASE,-150.00,-132.53,-206,R,70112,-28.7244
24110,P1,BASE,-150.00,-135.00,-204,R,70058,-28.8744
24120,P1,BASE,-150.00,-129.97,-211,R,70006,-29.0747
24130,P1,BASE,-150.00,-132.53,-209,R,69953,-29.2494
24140,P1,BASE,-150.00,-137.47,-205,R,69898,-29.3747
24150,P1,BASE,-150.00,-140.03,-203,R,69842,-29.4744
24160,P1,BASE,-150.00,-139.96,-204,R,69786,-29.5749
24170,P1,BASE,-150.00,-142.54,-202,R,69729,-29.6494
24180,P1,BASE,-150.00,-142.50,-202,R,69672,-29.7244
24190,P1,BASE,-150.00,-144.96,-200,R,69614,-29.7749
24200,P1,BASE,-150.00,-145.04,-200,R,69556,-29.8244
24210,P1,BASE,-150.00,-142.50,-204,R,69499,-29.8994
24220,P1,BASE,-150.00,-142.47,-204,R,69442,-29.9747
24230,P1,BASE,-150.00,-140.01,-207,R,69386,-30.0746
24240,P1,BASE,-150.00,-142.51,-205,R,69329,-30.1494
24250,P1,BASE,-150.00,-144.96,-203,R,69271,-30.1999
24260,P1,BASE,-150.00,-140.00,-209,R,69215,-30.2999
24270,P1,BASE,-150.00,-147.53,-201,R,69156,-30.3246
24280,P1,BASE,-150.00,-142.50,-207,R,69099,-30.3996
24290,P1,BASE,-150.00,-142.49,-207,R,69042,-30.4747
24300,P1,BASE,-150.00,-145.00,-205,R,68984,-30.5247
24310,P1,BASE,-150.00,-147.50,-203,R,68925,-30.5497
24320,P1,BASE,-150.00,-144.99,-206,R,68867,-30.5998
24330,P1,BASE,-150.00,-144.93,-206,R,68809,-30.6506
24340,P1,BASE,-150.00,-142.63,-209,R,68752,-30.7243
24350,P1,BASE,-150.00,-147.46,-204,R,68693,-30.7497
24360,P1,BASE,-150.00,-144.99,-207,R,68635,-30.7999
24370,P1,BASE,-150.00,-147.51,-204,R,68576,-30.8247
24380,P1,BASE,-150.00,-147.54,-205,R,68517,-30.8493
24390,P1,BASE,-150.00,-149.96,-202,R,68457,-30.8497
24400,P1,BASE,-150.00,-147.51,-205,R,68398,-30.8746
24410,P1,BASE,-150.00,-149.99,-202,R,68338,-30.8747
24420,P1,BASE,-150.00,-149.99,-202,R,68278,-30.8749
24430,P1,BASE,-150.00,-145.03,-208,R,68220,-30.9246
24440,P1,BASE,-150.00,-145.00,-208,R,68162,-30.9746
24450,P1,BASE,-150.00,-145.00,-208,R,68104,-31.0246
24460,P1,BASE,-150.00,-150.00,-203,R,68044,-31.0246
24470,P1,BASE,-150.00,-144.99,-209,R,67986,-31.0747
24480,P1,BASE,-150.00,-147.54,-206,R,67927,-31.0993
24490,P1,BASE,-150.00,-144.96,-209,R,67869,-31.1497
24500,P1,BASE,-150.00,-145.04,-209,R,67811,-31.1993
24510,P1,BASE,-150.00,-149.96,-204,R,67751,-31.1997
24520,P1,BASE,-150.00,-147.50,-207,R,67692,-31.2247
24530,P1,BASE,-150.00,-145.01,-210,R,67634,-31.2746
24540,P1,BASE,-150.00,-142.51,-213,R,67577,-31.3495
24550,P1,BASE,-150.00,-147.46,-208,R,67518,-31.3749
24560,P1,BASE,-150.00,-150.03,-206,R,67458,-31.3746
24570,P1,BASE,-150.00,-150.00,-206,R,67398,-31.3746
24580,P1,BASE,-150.00,-152.52,-203,R,67337,-31.3495
24590,P1,BASE,-150.00,-152.45,-203,R,67276,-31.3249
24600,P1,BASE,-150.00,-152.50,-203,R,67215,-31.2999
24610,P1,BASE,-150.00,-152.55,-202,R,67154,-31.2745
24620,P1,BASE,-150.00,-149.97,-205,R,67094,-31.2748
24630,P1,BASE,-150.00,-150.00,-205,R,67034,-31.2748
24640,P1,BASE,-150.00,-145.04,-210,R,66976,-31.3243
24650,P1,BASE,-150.00,-147.49,-208,R,66917,-31.3495
24660,P1,BASE,-150.00,-152.47,-203,R,66856,-31.3248
24670,P1,BASE,-150.00,-147.54,-208,R,66797,-31.3493
24680,P1,BASE,-150.00,-149.96,-205,R,66737,-31.3498
24690,P1,BASE,-150.00,-147.51,-208,R,66678,-31.3746
24700,P1,BASE,-150.00,-147.47,-208,R,66619,-31.3999
24710,P1,BASE,-150.00,-150.05,-206,R,66559,-31.3995
24720,P1,BASE,-150.00,-152.45,-203,R,66498,-31.3749
24730,P1,BASE,-150.00,-147.56,-208,R,66439,-31.3993
24740,P1,BASE,-150.00,-147.44,-208,R,66380,-31.4249
24750,P1,BASE,-150.00,-147.51,-209,R,66321,-31.4498
24760,P1,BASE,-150.00,-150.05,-206,R,66261,-31.4493
24770,P1,BASE,-150.00,-147.47,-209,R,66202,-31.4746
24780,P1,BASE,-150.00,-152.50,-204,R,66141,-31.4496
24790,P1,BASE,-150.00,-149.99,-206,R,66081,-31.4498
24800,P1,BASE,-150.00,-152.55,-203,R,66020,-31.4243
24810,P1,BASE,-150.00,-154.98,-200,R,65958,-31.3745
24820,P1,BASE,-150.00,-149.99,-206,R,65898,-31.3746
24830,P1,BASE,-150.00,-147.51,-208,R,65839,-31.3995
24840,P1,BASE,-150.00,-147.50,-208,R,65780,-31.4245
24850,P1,BASE,-150.00,-147.47,-209,R,65721,-31.4498
24860,P1,BASE,-150.00,-150.01,-206,R,65661,-31.4496
24870,P1,BASE,-150.00,-149.99,-206,R,65601,-31.4498
24880,P1,BASE,-150.00,-147.54,-209,R,65542,-31.4743
24890,P1,BASE,-150.00,-147.50,-209,R,65483,-31.4993
24900,P1,BASE,-150.00,-147.49,-209,R,65424,-31.5245
24910,P1,BASE,-150.00,-149.99,-207,R,65364,-31.5246
24920,P1,BASE,-150.00,-149.91,-207,R,65304,-31.5255
24930,P1,BASE,-150.00,-145.09,-212,R,65246,-31.5747
24940,P1,BASE,-150.00,-147.50,-210,R,65187,-31.5997
24950,P1,BASE,-150.00,-145.00,-212,R,65129,-31.6497
24960,P1,BASE,-150.00,-150.01,-207,R,65069,-31.6495
24970,P1,BASE,-150.00,-152.45,-205,R,65008,-31.6250
24980,P1,BASE,-150.00,-155.06,-202,R,64946,-31.5743
24990,P1,BASE,-150.00,-152.48,-204,R,64885,-31.5495
25000,P1,BASE,-150.00,-152.47,-204,R,64824,-31.5248
25010,P1,BASE,-150.00,-155.00,-201,R,64762,-31.4748
25020,P1,BASE,-150.00,-152.48,-204,R,64701,-31.4500
25030,P1,BASE,-150.00,-150.03,-206,R,64641,-31.4497
25040,P1,BASE,-150.00,-147.47,-209,R,64582,-31.4750
25050,P1,BASE,-150.00,-147.54,-209,R,64523,-31.4995
25060,P1,BASE,-150.00,-152.50,-204,R,64462,-31.4745
25070,P1,BASE,-150.00,-147.47,-209,R,64403,-31.4998
25080,P1,BASE,-150.00,-155.02,-201,R,64341,-31.4497
25090,P1,BASE,-150.00,-145.03,-211,R,64283,-31.4994
25100,P1,BASE,-150.00,-149.97,-206,R,64223,-31.4997
25110,P1,BASE,-150.00,-150.01,-206,R,64163,-31.4995
25120,P1,BASE,-150.00,-149.99,-206,R,64103,-31.4997
25130,P1,BASE,-150.00,-149.99,-206,R,64043,-31.4998
25140,P1,BASE,-150.00,-147.51,-209,R,63984,-31.5247
25150,P1,BASE,-150.00,-147.53,-209,R,63925,-31.5494
25160,P1,BASE,-150.00,-152.45,-204,R,63864,-31.5248
25170,P1,BASE,-150.00,-147.51,-209,R,63805,-31.5497
25180,P1,BASE,-150.00,-152.53,-204,R,63744,-31.5244
25190,P1,BASE,-150.00,-149.97,-207,R,63684,-31.5247
25200,P1,BASE,-150.00,-155.03,-201,R,63622,-31.4744
25210,P1,BASE,-150.00,-152.45,-204,R,63561,-31.4498
25220,P1,BASE,-150.00,-152.50,-203,R,63500,-31.4248
25230,P1,BASE,-150.00,-147.51,-209,R,63441,-31.4497
25240,P1,BASE,-150.00,-147.50,-209,R,63382,-31.4747
25250,P1,BASE,-150.00,-147.51,-209,R,63323,-31.4995
25260,P1,BASE,-150.00,-152.52,-204,R,63262,-31.4744
25270,P1,BASE,-150.00,-147.47,-209,R,63203,-31.4997
25280,P1,BASE,-150.00,-150.00,-206,R,63143,-31.4997
25290,P1,BASE,-150.00,-147.49,-209,R,63084,-31.5248
25300,P1,BASE,-150.00,-145.04,-212,R,63026,-31.5744
25310,P1,BASE,-150.00,-152.47,-204,R,62965,-31.5497
25320,P1,BASE,-150.00,-147.53,-209,R,62906,-31.5744
25330,P1,BASE,-150.00,-147.47,-210,R,62847,-31.5997
25340,P1,BASE,-150.00,-145.03,-212,R,62789,-31.6494
25350,P1,BASE,-150.00,-147.49,-210,R,62730,-31.6745
25360,P1,BASE,-150.00,-150.01,-208,R,62670,-31.6744
25370,P1,BASE,-150.00,-152.48,-205,R,62609,-31.6495
25380,P1,BASE,-150.00,-152.50,-205,R,62548,-31.6245
25390,P1,BASE,-150.00,-154.97,-202,R,62486,-31.5749
25400,P1,BASE,-150.00,-152.50,-204,R,62425,-31.5499
25410,P1,BASE,-150.00,-155.00,-201,R,62363,-31.4999
25420,P1,BASE,-150.00,-152.53,-204,R,62302,-31.4746
25430,P1,BASE,-150.00,-150.01,-206,R,62242,-31.4744
25440,P1,BASE,-150.00,-147.46,-209,R,62183,-31.4998
25450,P1,BASE,-150.00,-150.00,-206,R,62123,-31.4998
25460,P1,BASE,-150.00,-150.00,-206,R,62063,-31.4998
25470,P1,BASE,-150.00,-147.49,-209,R,62004,-31.5250
25480,P1,BASE,-150.00,-155.03,-201,R,61942,-31.4747
25490,P1,BASE,-150.00,-147.49,-209,R,61883,-31.4998
25500,P1,BASE,-150.00,-147.51,-209,R,61824,-31.5247
25510,P1,BASE,-150.00,-150.00,-207,R,61764,-31.5247
25520,P1,BASE,-150.00,-150.01,-207,R,61704,-31.5245
25530,P1,BASE,-150.00,-150.01,-207,R,61644,-31.5244
25540,P1,BASE,-150.00,-149.94,-207,R,61584,-31.5250
25550,P1,BASE,-150.00,-147.53,-209,R,61525,-31.5497
25560,P1,BASE,-150.00,-150.03,-207,R,61465,-31.5494
25570,P1,BASE,-150.00,-150.00,-207,R,61405,-31.5494
25580,P1,BASE,-150.00,-152.44,-204,R,61344,-31.5250
25590,P1,BASE,-150.00,-150.06,-206,R,61284,-31.5244
25600,P1,BASE,-150.00,-152.48,-204,R,61223,-31.4995
25610,P1,BASE,-150.00,-155.02,-201,R,61161,-31.4494
25620,P1,BASE,-150.00,-152.48,-203,R,61100,-31.4245
25630,P1,BASE,-150.00,-147.47,-209,R,61041,-31.4498
25640,P1,BASE,-150.00,-147.51,-209,R,60982,-31.4747
25650,P1,BASE,-150.00,-145.01,-212,R,60924,-31.5245
25660,P1,BASE,-150.00,-154.98,-201,R,60862,-31.4747
25670,P1,BASE,-150.00,-147.51,-209,R,60803,-31.4996
25680,P1,BASE,-150.00,-147.49,-209,R,60744,-31.5247
25690,P1,BASE,-150.00,-150.03,-207,R,60684,-31.5244
25700,P1,BASE,-150.00,-144.99,-212,R,60626,-31.5746
25710,P1,BASE,-150.00,-152.47,-204,R,60565,-31.5499
25720,P1,BASE,-150.00,-147.50,-209,R,60506,-31.5749
25730,P1,BASE,-150.00,-147.51,-210,R,60447,-31.5997
25740,P1,BASE,-150.00,-145.00,-212,R,60389,-31.6497
25750,P1,BASE,-150.00,-147.53,-210,R,60330,-31.6744
25760,P1,BASE,-150.00,-150.00,-208,R,60270,-31.6744
25770,P1,BASE,-150.00,-152.45,-205,R,60209,-31.6499
25780,P1,BASE,-150.00,-152.50,-205,R,60148,-31.6249
25790,P1,BASE,-150.00,-155.03,-202,R,60086,-31.5746
25800,P1,BASE,-150.00,-155.02,-201,R,60024,-31.5244
25810,P1,BASE,-150.00,-152.50,-204,R,59963,-31.4994
25820,P1,BASE,-150.00,-152.50,-204,R,59902,-31.4744
25830,P1,BASE,-150.00,-150.00,-206,R,59842,-31.4744
25840,P1,BASE,-150.00,-149.99,-206,R,59782,-31.4746
25850,P1,BASE,-150.00,-147.49,-209,R,59723,-31.4997
25860,P1,BASE,-150.00,-152.53,-204,R,59662,-31.4744
25870,P1,BASE,-150.00,-147.46,-209,R,59603,-31.4998
25880,P1,BASE,-150.00,-152.50,-204,R,59542,-31.4748
25890,P1,BASE,-150.00,-147.51,-209,R,59483,-31.4997
25900,P1,BASE,-150.00,-147.49,-209,R,59424,-31.5248
25910,P1,BASE,-150.00,-152.55,-204,R,59363,-31.4994
25920,P1,BASE,-150.00,-149.96,-206,R,59303,-31.4998
25930,P1,BASE,-150.00,-150.01,-206,R,59243,-31.4997
25940,P1,BASE,-150.00,-147.49,-209,R,59184,-31.5248
25950,P1,BASE,-150.00,-147.54,-209,R,59125,-31.5494
25960,P1,BASE,-150.00,-149.99,-207,R,59065,-31.5495
25970,P1,BASE,-150.00,-150.01,-207,R,59005,-31.5494
25980,P1,BASE,-150.00,-152.48,-204,R,58944,-31.5245
25990,P1,BASE,-150.00,-152.45,-204,R,58883,-31.5000
26000,P1,BASE,-150.00,-152.52,-204,R,58822,-31.4748
26010,P1,BASE,-150.00,-152.55,-203,R,58761,-31.4494
26020,P1,BASE,-150.00,-150.00,-206,R,58701,-31.4494
26030,P1,BASE,-150.00,-150.00,-206,R,58641,-31.4494
26040,P1,BASE,-150.00,-147.46,-209,R,58582,-31.4748
26050,P1,BASE,-150.00,-145.03,-212,R,58524,-31.5245
26060,P1,BASE,-150.00,-152.50,-204,R,58463,-31.4995
26070,P1,BASE,-150.00,-150.01,-206,R,58403,-31.4994
26080,P1,BASE,-150.00,-150.00,-206,R,58343,-31.4994
26090,P1,BASE,-150.00,-147.46,-209,R,58284,-31.5248
26100,P1,BASE,-150.00,-145.03,-212,R,58226,-31.5745
26110,P1,BASE,-150.00,-149.97,-207,R,58166,-31.5748
26120,P1,BASE,-150.00,-150.00,-207,R,58106,-31.5748
26130,P1,BASE,-150.00,-147.53,-210,R,58047,-31.5995
26140,P1,BASE,-150.00,-144.96,-213,R,57989,-31.6500
26150,P1,BASE,-150.00,-145.03,-213,R,57931,-31.6997
26160,P1,BASE,-150.00,-152.48,-205,R,57870,-31.6748
26170,P1,BASE,-150.00,-152.53,-205,R,57809,-31.6495
26180,P1,BASE,-150.00,-152.47,-205,R,57748,-31.6248
26190,P1,BASE,-150.00,-152.50,-204,R,57687,-31.5998
26200,P1,BASE,-150.00,-155.00,-202,R,57625,-31.5498
26210,P1,BASE,-150.00,-152.55,-204,R,57564,-31.5244
26220,P1,BASE,-150.00,-154.98,-201,R,57502,-31.4745
26230,P1,BASE,-150.00,-147.47,-209,R,57443,-31.4998
26240,P1,BASE,-150.00,-149.93,-206,R,57383,-31.5006
26250,P1,BASE,-150.00,-147.59,-209,R,57324,-31.5247
26260,P1,BASE,-150.00,-152.47,-204,R,57263,-31.5000
26270,P1,BASE,-150.00,-147.54,-209,R,57204,-31.5246
26280,P1,BASE,-150.00,-152.50,-204,R,57143,-31.4996
26290,P1,BASE,-150.00,-147.51,-209,R,57084,-31.5244
26300,P1,BASE,-150.00,-147.46,-209,R,57025,-31.5499
26310,P1,BASE,-150.00,-152.52,-204,R,56964,-31.5247
26320,P1,BASE,-150.00,-150.03,-207,R,56904,-31.5244
26330,P1,BASE,-150.00,-149.99,-207,R,56844,-31.5246
26340,P1,BASE,-150.00,-147.51,-209,R,56785,-31.5494
26350,P1,BASE,-150.00,-150.00,-207,R,56725,-31.5494
26360,P1,BASE,-150.00,-149.99,-207,R,56665,-31.5496
26370,P1,BASE,-150.00,-149.96,-207,R,56605,-31.5500
26380,P1,BASE,-150.00,-150.03,-207,R,56545,-31.5497
26390,P1,BASE,-150.00,-152.47,-204,R,56484,-31.5250
26400,P1,BASE,-150.00,-152.53,-204,R,56423,-31.4997
26410,P1,BASE,-150.00,-155.00,-201,R,56361,-31.4497
26420,P1,BASE,-150.00,-150.03,-206,R,56301,-31.4494
26430,P1,BASE,-150.00,-149.99,-206,R,56241,-31.4496
26440,P1,BASE,-150.00,-147.46,-209,R,56182,-31.4750
26450,P1,BASE,-150.00,-147.44,-209,R,56123,-31.5006
26460,P1,BASE,-150.00,-152.58,-204,R,56062,-31.4748
26470,P1,BASE,-150.00,-147.53,-209,R,56003,-31.4995
26480,P1,BASE,-150.00,-147.49,-209,R,55944,-31.5247
26490,P1,BASE,-150.00,-147.50,-209,R,55885,-31.5497
26500,P1,BASE,-150.00,-147.51,-209,R,55826,-31.5745
26510,P1,BASE,-150.00,-149.99,-207,R,55766,-31.5747
26520,P1,BASE,-150.00,-149.97,-207,R,55706,-31.5750
26530,P1,BASE,-150.00,-147.51,-210,R,55647,-31.5998
26540,P1,BASE,-150.00,-145.00,-212,R,55589,-31.6498
26550,P1,BASE,-150.00,-147.54,-210,R,55530,-31.6744
26560,P1,BASE,-150.00,-149.99,-208,R,55470,-31.6746
26570,P1,BASE,-150.00,-152.48,-205,R,55409,-31.6497
26580,P1,BASE,-150.00,-152.50,-205,R,55348,-31.6247
26590,P1,BASE,-150.00,-152.50,-204,R,55287,-31.5997
26600,P1,BASE,-150.00,-155.00,-202,R,55225,-31.5497
26610,P1,BASE,-150.00,-152.48,-204,R,55164,-31.5249
26620,P1,BASE,-150.00,-152.55,-204,R,55103,-31.4994
26630,P1,BASE,-150.00,-149.97,-206,R,55043,-31.4997
26640,P1,BASE,-150.00,-147.50,-209,R,54984,-31.5247
26650,P1,BASE,-150.00,-150.00,-207,R,54924,-31.5247
26660,P1,BASE,-150.00,-152.48,-204,R,54863,-31.4999
26670,P1,BASE,-150.00,-147.53,-209,R,54804,-31.5246
26680,P1,BASE,-150.00,-152.47,-204,R,54743,-31.4999
26690,P1,BASE,-150.00,-147.53,-209,R,54684,-31.5246
26700,P1,BASE,-150.00,-150.00,-207,R,54624,-31.5246
26710,P1,BASE,-150.00,-150.01,-207,R,54564,-31.5244
26720,P1,BASE,-150.00,-149.99,-207,R,54504,-31.5246
26730,P1,BASE,-150.00,-149.99,-207,R,54444,-31.5247
26740,P1,BASE,-150.00,-147.50,-209,R,54385,-31.5497
26750,P1,BASE,-150.00,-150.03,-207,R,54325,-31.5494
26760,P1,BASE,-150.00,-150.00,-207,R,54265,-31.5494
26770,P1,BASE,-150.00,-149.97,-207,R,54205,-31.5497
26780,P1,BASE,-150.00,-149.99,-207,R,54145,-31.5499
26790,P1,BASE,-150.00,-152.52,-204,R,54084,-31.5247
26800,P1,BASE,-150.00,-152.52,-204,R,54023,-31.4996
26810,P1,BASE,-150.00,-154.97,-201,R,53961,-31.4499
26820,P1,BASE,-150.00,-150.03,-206,R,53901,-31.4496
26830,P1,BASE,-150.00,-149.97,-206,R,53841,-31.4499
26840,P1,BASE,-150.00,-147.50,-209,R,53782,-31.4749
26850,P1,BASE,-150.00,-147.50,-209,R,53723,-31.4999
26860,P1,BASE,-150.00,-152.55,-204,R,53662,-31.4744
26870,P1,BASE,-150.00,-147.50,-209,R,53603,-31.4994
26880,P1,BASE,-150.00,-147.49,-209,R,53544,-31.5246
26890,P1,BASE,-150.00,-147.47,-209,R,53485,-31.5499
26900,P1,BASE,-150.00,-147.53,-209,R,53426,-31.5746
26910,P1,BASE,-150.00,-149.97,-207,R,53366,-31.5749
26920,P1,BASE,-150.00,-150.01,-207,R,53306,-31.5747
26930,P1,BASE,-150.00,-147.49,-210,R,53247,-31.5999
26940,P1,BASE,-150.00,-145.01,-212,R,53189,-31.6497
26950,P1,BASE,-150.00,-145.01,-213,R,53131,-31.6996
26960,P1,BASE,-150.00,-152.44,-205,R,53070,-31.6752
26970,P1,BASE,-150.00,-150.01,-208,R,53010,-31.6750
26980,P1,BASE,-150.00,-155.06,-202,R,52948,-31.6244
26990,P1,BASE,-150.00,-152.47,-205,R,52887,-31.5997
27000,P1,BASE,-150.00,-152.52,-204,R,52826,-31.5746
27010,P1,BASE,-200.00,-154.98,-234,R,52764,-31.5746
27020,P1,BASE,-200.00,-155.03,-255,R,52702,-31.5746
27030,P1,BASE,-200.00,-159.98,-250,R,52638,-31.9747
27040,P1,BASE,-200.00,-165.00,-247,R,52572,-32.3247
27050,P1,BASE,-200.00,-170.00,-244,R,52504,-32.6247
27060,P1,BASE,-200.00,-177.52,-238,R,52433,-32.8495
27070,P1,BASE,-200.00,-182.48,-234,R,52360,-33.0247
27080,P1,BASE,-200.00,-182.52,-235,R,52287,-33.1995
27090,P1,BASE,-200.00,-182.45,-237,R,52214,-33.3751
27100,P1,BASE,-200.00,-189.98,-230,R,52138,-33.4753
27110,P1,BASE,-200.00,-190.04,-230,R,52062,-33.5749
27120,P1,BASE,-200.00,-187.52,-234,R,51987,-33.6997
27130,P1,BASE,-200.00,-190.02,-232,R,51911,-33.7995
27140,P1,BASE,-200.00,-194.96,-227,R,51833,-33.8499
27150,P1,BASE,-200.00,-195.02,-227,R,51755,-33.8997
27160,P1,BASE,-200.00,-194.98,-228,R,51677,-33.9499
27170,P1,BASE,-200.00,-200.02,-222,R,51597,-33.9497
27180,P1,BASE,-200.00,-197.44,-225,R,51518,-33.9753
27190,P1,BASE,-200.00,-197.58,-225,R,51439,-33.9995
27200,P1,BASE,-200.00,-192.50,-231,R,51362,-34.0745
27210,P1,BASE,-200.00,-194.96,-229,R,51284,-34.1249
27220,P1,BASE,-200.00,-195.00,-229,R,51206,-34.1749
27230,P1,BASE,-200.00,-192.54,-232,R,51129,-34.2495
27240,P1,BASE,-200.00,-192.44,-233,R,51052,-34.3251
27250,P1,BASE,-200.00,-194.98,-230,R,50974,-34.3753
27260,P1,BASE,-200.00,-195.06,-231,R,50896,-34.4247
27270,P1,BASE,-200.00,-192.50,-234,R,50819,-34.4997
27280,P1,BASE,-200.00,-192.40,-234,R,50742,-34.5757
27290,P1,BASE,-200.00,-195.10,-232,R,50664,-34.6247
27300,P1,BASE,-200.00,-199.98,-227,R,50584,-34.6249
27310,P1,BASE,-200.00,-200.02,-227,R,50504,-34.6247
27320,P1,BASE,-200.00,-205.02,-221,R,50422,-34.5745
27330,P1,BASE,-200.00,-202.48,-224,R,50341,-34.5497
27340,P1,BASE,-200.00,-202.44,-224,R,50260,-34.5253
27350,P1,BASE,-200.00,-195.06,-232,R,50182,-34.5747
27360,P1,BASE,-200.00,-197.46,-229,R,50103,-34.6001
27370,P1,BASE,-200.00,-200.02,-227,R,50023,-34.5999
27380,P1,BASE,-200.00,-200.02,-227,R,49943,-34.5997
27390,P1,BASE,-200.00,-194.96,-232,R,49865,-34.6501
27400,P1,BASE,-200.00,-195.00,-232,R,49787,-34.7001
27410,P1,BASE,-200.00,-197.54,-230,R,49708,-34.7247
27420,P1,BASE,-200.00,-197.52,-230,R,49629,-34.7495
27430,P1,BASE,-200.00,-197.46,-230,R,49550,-34.7749
27440,P1,BASE,-200.00,-195.00,-233,R,49472,-34.8249
27450,P1,BASE,-200.00,-197.50,-231,R,49393,-34.8499
27460,P1,BASE,-200.00,-202.54,-226,R,49312,-34.8245
27470,P1,BASE,-200.00,-202.50,-226,R,49231,-34.7995
27480,P1,BASE,-200.00,-204.84,-223,R,49149,-34.7511
27490,P1,BASE,-200.00,-200.14,-228,R,49069,-34.7497
27500,P1,BASE,-200.00,-195.02,-233,R,48991,-34.7995
27510,P1,BASE,-200.00,-197.46,-231,R,48912,-34.8249
27520,P1,BASE,-200.00,-202.48,-226,R,48831,-34.8001
27530,P1,BASE,-200.00,-195.02,-233,R,48753,-34.8499
27540,P1,BASE,-200.00,-192.50,-237,R,48676,-34.9249
27550,P1,BASE,-200.00,-197.46,-232,R,48597,-34.9503
27560,P1,BASE,-200.00,-197.44,-232,R,48518,-34.9759
27570,P1,BASE,-200.00,-195.12,-235,R,48440,-35.0247
27580,P1,BASE,-200.00,-192.46,-238,R,48363,-35.1001
27590,P1,BASE,-200.00,-197.54,-233,R,48284,-35.1247
27600,P1,BASE,-200.00,-200.00,-230,R,48204,-35.1247
27610,P1,BASE,-200.00,-204.92,-225,R,48122,-35.0756
27620,P1,BASE,-200.00,-202.54,-227,R,48041,-35.0502
27630,P1,BASE,-200.00,-207.52,-222,R,47958,-34.9749
27640,P1,BASE,-200.00,-202.52,-226,R,47877,-34.9497
27650,P1,BASE,-200.00,-200.00,-229,R,47797,-34.9497
27660,P1,BASE,-200.00,-197.50,-232,R,47718,-34.9747
27670,P1,BASE,-200.00,-200.00,-229,R,47638,-34.9747
27680,P1,BASE,-200.00,-202.50,-226,R,47557,-34.9497
27690,P1,BASE,-200.00,-194.96,-234,R,47479,-35.0001
27700,P1,BASE,-200.00,-197.52,-232,R,47400,-35.0249
27710,P1,BASE,-200.00,-200.00,-230,R,47320,-35.0249
27720,P1,BASE,-200.00,-199.98,-230,R,47240,-35.0251
27730,P1,BASE,-200.00,-197.52,-232,R,47161,-35.0499
27740,P1,BASE,-200.00,-200.04,-230,R,47081,-35.0495
27750,P1,BASE,-200.00,-197.50,-232,R,47002,-35.0745
27760,P1,BASE,-200.00,-202.50,-227,R,46921,-35.0495
27770,P1,BASE,-200.00,-204.96,-224,R,46839,-34.9999
27780,P1,BASE,-200.00,-202.50,-227,R,46758,-34.9749
27790,P1,BASE,-200.00,-202.54,-226,R,46677,-34.9495
27800,P1,BASE,-200.00,-197.48,-232,R,46598,-34.9747
27810,P1,BASE,-200.00,-197.40,-232,R,46519,-35.0007
27820,P1,BASE,-200.00,-202.60,-227,R,46438,-34.9747
27830,P1,BASE,-200.00,-194.96,-235,R,46360,-35.0251
27840,P1,BASE,-200.00,-195.02,-235,R,46282,-35.0749
27850,P1,BASE,-200.00,-197.50,-233,R,46203,-35.0999
27860,P1,BASE,-200.00,-200.04,-230,R,46123,-35.0995
27870,P1,BASE,-200.00,-194.96,-235,R,46045,-35.1499
27880,P1,BASE,-200.00,-195.02,-236,R,45967,-35.1997
27890,P1,BASE,-200.00,-194.98,-236,R,45889,-35.2499
27900,P1,BASE,-200.00,-200.00,-231,R,45809,-35.2499
27910,P1,BASE,-200.00,-205.02,-226,R,45727,-35.1997
27920,P1,BASE,-200.00,-207.48,-223,R,45644,-35.1249
27930,P1,BASE,-200.00,-204.98,-225,R,45562,-35.0751
27940,P1,BASE,-200.00,-205.00,-224,R,45480,-35.0251
27950,P1,BASE,-200.00,-200.02,-230,R,45400,-35.0249
27960,P1,BASE,-200.00,-197.54,-232,R,45321,-35.0495
27970,P1,BASE,-200.00,-199.92,-230,R,45241,-35.0503
27980,P1,BASE,-200.00,-202.52,-227,R,45160,-35.0251
27990,P1,BASE,-200.00,-197.52,-232,R,45081,-35.0499
28000,P1,BASE,-200.00,-197.54,-232,R,45002,-35.0745
28010,P1,BASE,-200.00,-199.98,-230,R,44922,-35.0747
28020,P1,BASE,-200.00,-200.00,-230,R,44842,-35.0747
28030,P1,BASE,-200.00,-199.98,-230,R,44762,-35.0749
28040,P1,BASE,-200.00,-197.50,-233,R,44683,-35.0999
28050,P1,BASE,-200.00,-200.00,-230,R,44603,-35.0999
28060,P1,BASE,-200.00,-202.48,-227,R,44522,-35.0751
28070,P1,BASE,-200.00,-202.56,-227,R,44441,-35.0495
28080,P1,BASE,-200.00,-204.98,-224,R,44359,-34.9997
28090,P1,BASE,-200.00,-204.86,-224,R,44277,-34.9511
28100,P1,BASE,-200.00,-195.10,-234,R,44199,-35.0002
28110,P1,BASE,-200.00,-195.02,-235,R,44121,-35.0500
28120,P1,BASE,-200.00,-205.00,-224,R,44039,-35.0000
28130,P1,BASE,-200.00,-195.04,-235,R,43961,-35.0496
28140,P1,BASE,-200.00,-197.50,-232,R,43882,-35.0746
28150,P1,BASE,-200.00,-194.98,-235,R,43804,-35.1248
28160,P1,BASE,-200.00,-200.00,-230,R,43724,-35.1248
28170,P1,BASE,-200.00,-195.00,-236,R,43646,-35.1748
28180,P1,BASE,-200.00,-194.96,-236,R,43568,-35.2252
28190,P1,BASE,-200.00,-195.06,-236,R,43490,-35.2746
28200,P1,BASE,-200.00,-202.44,-229,R,43409,-35.2502
28210,P1,BASE,-200.00,-202.56,-228,R,43328,-35.2246
28220,P1,BASE,-200.00,-207.44,-223,R,43245,-35.1502
28230,P1,BASE,-200.00,-205.06,-225,R,43163,-35.0996
28240,P1,BASE,-200.00,-204.94,-225,R,43081,-35.0502
28250,P1,BASE,-200.00,-200.04,-230,R,43001,-35.0498
28260,P1,BASE,-200.00,-197.48,-232,R,42922,-35.0750
28270,P1,BASE,-200.00,-202.54,-227,R,42841,-35.0496
28280,P1,BASE,-200.00,-199.94,-230,R,42761,-35.0502
28290,P1,BASE,-200.00,-199.98,-230,R,42681,-35.0504
28300,P1,BASE,-200.00,-195.02,-235,R,42603,-35.1002
28310,P1,BASE,-200.00,-202.48,-227,R,42522,-35.0754
28320,P1,BASE,-200.00,-200.02,-230,R,42442,-35.0752
28330,P1,BASE,-200.00,-197.54,-233,R,42363,-35.0998
28340,P1,BASE,-200.00,-200.02,-230,R,42283,-35.0996
28350,P1,BASE,-200.00,-199.86,-230,R,42203,-35.1010
28360,P1,BASE,-200.00,-200.14,-230,R,42123,-35.0996
28370,P1,BASE,-200.00,-204.94,-225,R,42041,-35.0502
28380,P1,BASE,-200.00,-205.02,-224,R,41959,-35.0000
28390,P1,BASE,-200.00,-204.96,-224,R,41877,-34.9504
28400,P1,BASE,-200.00,-197.58,-232,R,41798,-34.9746
28410,P1,BASE,-200.00,-194.96,-235,R,41720,-35.0250
28420,P1,BASE,-200.00,-202.48,-227,R,41639,-35.0002
28430,P1,BASE,-200.00,-200.02,-229,R,41559,-35.0000
28440,P1,BASE,-200.00,-194.98,-235,R,41481,-35.0502
28450,P1,BASE,-200.00,-195.02,-235,R,41403,-35.1000
28460,P1,BASE,-200.00,-200.02,-230,R,41323,-35.0998
28470,P1,BASE,-200.00,-197.48,-233,R,41244,-35.1250
28480,P1,BASE,-200.00,-192.52,-238,R,41167,-35.1998
28490,P1,BASE,-200.00,-194.96,-236,R,41089,-35.2502
28500,P1,BASE,-200.00,-202.52,-228,R,41008,-35.2250
28510,P1,BASE,-200.00,-205.00,-225,R,40926,-35.1750
28520,P1,BASE,-200.00,-205.04,-225,R,40844,-35.1246
28530,P1,BASE,-200.00,-204.98,-225,R,40762,-35.0748
28540,P1,BASE,-200.00,-204.96,-224,R,40680,-35.0252
28550,P1,BASE,-200.00,-200.00,-230,R,40600,-35.0252
28560,P1,BASE,-200.00,-197.52,-232,R,40521,-35.0500
28570,P1,BASE,-200.00,-199.96,-230,R,40441,-35.0504
28580,P1,BASE,-200.00,-202.56,-227,R,40360,-35.0248
28590,P1,BASE,-200.00,-197.48,-232,R,40281,-35.0500
28600,P1,BASE,-200.00,-197.54,-232,R,40202,-35.0746
28610,P1,BASE,-200.00,-199.96,-230,R,40122,-35.0750
28620,P1,BASE,-200.00,-200.04,-230,R,40042,-35.0746
28630,P1,BASE,-200.00,-199.96,-230,R,39962,-35.0750
28640,P1,BASE,-200.00,-197.54,-233,R,39883,-35.0996
28650,P1,BASE,-200.00,-197.46,-233,R,39804,-35.1250
28660,P1,BASE,-200.00,-204.94,-225,R,39722,-35.0756
28670,P1,BASE,-200.00,-202.60,-227,R,39641,-35.0496
28680,P1,BASE,-200.00,-204.92,-224,R,39559,-35.0004
28690,P1,BASE,-200.00,-205.08,-224,R,39477,-34.9496
28700,P1,BASE,-200.00,-197.46,-232,R,39398,-34.9750
28710,P1,BASE,-200.00,-195.02,-235,R,39320,-35.0248
28720,P1,BASE,-200.00,-202.50,-227,R,39239,-34.9998
28730,P1,BASE,-200.00,-197.50,-232,R,39160,-35.0248
28740,P1,BASE,-200.00,-194.98,-235,R,39082,-35.0750
28750,P1,BASE,-200.00,-197.48,-233,R,39003,-35.1002
28760,P1,BASE,-200.00,-197.56,-233,R,38924,-35.1246
28770,P1,BASE,-200.00,-197.44,-233,R,38845,-35.1502
28780,P1,BASE,-200.00,-192.52,-238,R,38768,-35.2250
28790,P1,BASE,-200.00,-197.48,-234,R,38689,-35.2502
28800,P1,BASE,-200.00,-200.06,-231,R,38609,-35.2496
28810,P1,BASE,-200.00,-204.94,-226,R,38527,-35.2002
28820,P1,BASE,-200.00,-207.54,-223,R,38444,-35.1248
28830,P1,BASE,-200.00,-205.00,-225,R,38362,-35.0748
28840,P1,BASE,-200.00,-205.00,-224,R,38280,-35.0248
28850,P1,BASE,-200.00,-199.96,-230,R,38200,-35.0252
28860,P1,BASE,-200.00,-197.52,-232,R,38121,-35.0500
28870,P1,BASE,-200.00,-202.52,-227,R,38040,-35.0248
28880,P1,BASE,-200.00,-202.50,-227,R,37959,-34.9998
28890,P1,BASE,-200.00,-194.98,-235,R,37881,-35.0500
28900,P1,BASE,-200.00,-200.02,-230,R,37801,-35.0498
28910,P1,BASE,-200.00,-197.46,-232,R,37722,-35.0752
28920,P1,BASE,-200.00,-202.52,-227,R,37641,-35.0500
28930,P1,BASE,-200.00,-197.52,-232,R,37562,-35.0748
28940,P1,BASE,-200.00,-197.48,-233,R,37483,-35.1000
28950,P1,BASE,-200.00,-199.98,-230,R,37403,-35.1002
28960,P1,BASE,-200.00,-202.54,-227,R,37322,-35.0748
28970,P1,BASE,-200.00,-205.02,-224,R,37240,-35.0246
28980,P1,BASE,-200.00,-204.82,-224,R,37158,-34.9764
28990,P1,BASE,-200.00,-202.66,-226,R,37077,-34.9498
29000,P1,BASE,-200.00,-197.48,-232,R,36998,-34.9750
29010,P1,BASE,-200.00,-194.98,-235,R,36920,-35.0252
29020,P1,BASE,-200.00,-200.06,-229,R,36840,-35.0246
29030,P1,BASE,-200.00,-199.96,-230,R,36760,-35.0250
29040,P1,BASE,-200.00,-195.00,-235,R,36682,-35.0750
29050,P1,BASE,-200.00,-197.54,-233,R,36603,-35.0996
29060,P1,BASE,-200.00,-199.94,-230,R,36523,-35.1002
29070,P1,BASE,-200.00,-195.02,-235,R,36445,-35.1500
29080,P1,BASE,-200.00,-192.50,-238,R,36368,-35.2250
29090,P1,BASE,-200.00,-197.54,-234,R,36289,-35.2496
29100,P1,BASE,-200.00,-199.94,-231,R,36209,-35.2502
29110,P1,BASE,-200.00,-205.02,-226,R,36127,-35.2000
29120,P1,BASE,-200.00,-205.02,-225,R,36045,-35.1498
29130,P1,BASE,-200.00,-207.50,-222,R,35962,-35.0748
29140,P1,BASE,-200.00,-204.96,-224,R,35880,-35.0252
29150,P1,BASE,-200.00,-200.06,-229,R,35800,-35.0246
29160,P1,BASE,-200.00,-197.48,-232,R,35721,-35.0498
29170,P1,BASE,-200.00,-200.00,-230,R,35641,-35.0498
29180,P1,BASE,-200.00,-202.46,-227,R,35560,-35.0252
29190,P1,BASE,-200.00,-197.44,-232,R,35481,-35.0508
29200,P1,BASE,-200.00,-197.62,-232,R,35402,-35.0746
29210,P1,BASE,-200.00,-200.00,-230,R,35322,-35.0746
29220,P1,BASE,-200.00,-199.96,-230,R,35242,-35.0750
29230,P1,BASE,-200.00,-197.50,-233,R,35163,-35.1000
29240,P1,BASE,-200.00,-200.02,-230,R,35083,-35.0998
29250,P1,BASE,-200.00,-197.50,-233,R,35004,-35.1248
29260,P1,BASE,-200.00,-202.46,-228,R,34923,-35.1002
29270,P1,BASE,-200.00,-205.04,-225,R,34841,-35.0498
29280,P1,BASE,-200.00,-207.35,-222,R,34758,-34.9763
29290,P1,BASE,-200.00,-202.60,-226,R,34677,-34.9502
29300,P1,BASE,-200.00,-197.52,-232,R,34598,-34.9751
29310,P1,BASE,-200.00,-194.98,-235,R,34520,-35.0252
29320,P1,BASE,-200.00,-202.52,-227,R,34439,-35.0000
29330,P1,BASE,-200.00,-197.54,-232,R,34360,-35.0246
29340,P1,BASE,-200.00,-194.92,-235,R,34282,-35.0754
29350,P1,BASE,-200.00,-197.58,-232,R,34203,-35.0996
29360,P1,BASE,-200.00,-199.98,-230,R,34123,-35.0998
29370,P1,BASE,-200.00,-195.02,-235,R,34045,-35.1496
29380,P1,BASE,-200.00,-194.96,-236,R,33967,-35.2000
29390,P1,BASE,-200.00,-194.98,-236,R,33889,-35.2502
29400,P1,BASE,-200.00,-200.02,-231,R,33809,-35.2500
29410,P1,BASE,-200.00,-205.00,-226,R,33727,-35.2000
29420,P1,BASE,-200.00,-205.04,-225,R,33645,-35.1496
29430,P1,BASE,-200.00,-205.00,-225,R,33563,-35.0996
29440,P1,BASE,-200.00,-204.94,-225,R,33481,-35.0502
29450,P1,BASE,-200.00,-202.42,-227,R,33400,-35.0260
29460,P1,BASE,-200.00,-197.58,-232,R,33321,-35.0502
29470,P1,BASE,-200.00,-200.04,-230,R,33241,-35.0498
29480,P1,BASE,-200.00,-199.98,-230,R,33161,-35.0500
29490,P1,BASE,-200.00,-200.00,-230,R,33081,-35.0500
29500,P1,BASE,-200.00,-197.52,-232,R,33002,-35.0748
29510,P1,BASE,-200.00,-199.98,-230,R,32922,-35.0750
29520,P1,BASE,-200.00,-199.98,-230,R,32842,-35.0752
29530,P1,BASE,-200.00,-200.02,-230,R,32762,-35.0750
29540,P1,BASE,-200.00,-197.46,-233,R,32683,-35.1004
29550,P1,BASE,-200.00,-199.96,-230,R,32603,-35.1008
29560,P1,BASE,-200.00,-200.12,-230,R,32523,-35.0996
29570,P1,BASE,-200.00,-207.46,-222,R,32440,-35.0251
29580,P1,BASE,-200.00,-204.96,-224,R,32358,-34.9755
29590,P1,BASE,-200.00,-202.58,-226,R,32277,-34.9497
29600,P1,BASE,-200.00,-194.94,-235,R,32199,-35.0002
29610,P1,BASE,-200.00,-197.50,-232,R,32120,-35.0252
29620,P1,BASE,-200.00,-202.56,-227,R,32039,-34.9996
29630,P1,BASE,-200.00,-197.44,-232,R,31960,-35.0252
29640,P1,BASE,-200.00,-195.04,-235,R,31882,-35.0748
29650,P1,BASE,-200.00,-195.02,-235,R,31804,-35.1246
29660,P1,BASE,-200.00,-202.48,-228,R,31723,-35.0998
29670,P1,BASE,-200.00,-195.00,-235,R,31645,-35.1498
29680,P1,BASE,-200.00,-192.50,-238,R,31568,-35.2248
29690,P1,BASE,-200.00,-197.46,-234,R,31489,-35.2502
29700,P1,BASE,-200.00,-199.98,-231,R,31409,-35.2504
29710,P1,BASE,-200.00,-205.06,-226,R,31327,-35.1998
29720,P1,BASE,-200.00,-204.98,-225,R,31245,-35.1500
29730,P1,BASE,-200.00,-205.02,-225,R,31163,-35.0998
29740,P1,BASE,-200.00,-204.96,-225,R,31081,-35.0502
29750,P1,BASE,-200.00,-202.50,-227,R,31000,-35.0252
29760,P1,BASE,-200.00,-197.54,-232,R,30921,-35.0498
29770,P1,BASE,-200.00,-200.00,-230,R,30841,-35.0498
29780,P1,BASE,-200.00,-202.52,-227,R,30760,-35.0246
29790,P1,BASE,-200.00,-197.46,-232,R,30681,-35.0500
29800,P1,BASE,-200.00,-199.96,-230,R,30601,-35.0504
29810,P1,BASE,-200.00,-197.54,-232,R,30522,-35.0750
29820,P1,BASE,-200.00,-200.04,-230,R,30442,-35.0746
29830,P1,BASE,-200.00,-197.46,-233,R,30363,-35.1000
29840,P1,BASE,-200.00,-200.00,-230,R,30283,-35.1000
29850,P1,BASE,-200.00,-197.54,-233,R,30204,-35.1246
29860,P1,BASE,-200.00,-202.42,-228,R,30123,-35.1004
29870,P1,BASE,-200.00,-205.04,-225,R,30041,-35.0500
29880,P1,BASE,-200.00,-207.52,-222,R,29958,-34.9748
29890,P1,BASE,-200.00,-202.46,-227,R,29877,-34.9502
29900,P1,BASE,-200.00,-197.56,-232,R,29798,-34.9746
29910,P1,BASE,-200.00,-194.94,-235,R,29720,-35.0252
29920,P1,BASE,-200.00,-202.52,-227,R,29639,-35.0000
29930,P1,BASE,-200.00,-197.48,-232,R,29560,-35.0252
29940,P1,BASE,-200.00,-195.06,-235,R,29482,-35.0746
29950,P1,BASE,-200.00,-197.42,-233,R,29403,-35.1004
29960,P1,BASE,-200.00,-200.02,-230,R,29323,-35.1002
29970,P1,BASE,-200.00,-195.00,-235,R,29245,-35.1502
29980,P1,BASE,-200.00,-192.56,-238,R,29168,-35.2246
29990,P1,BASE,-200.00,-197.48,-234,R,29089,-35.2498
30000,P1,BASE,-200.00,-200.00,-231,R,29009,-35.2498
30010,P1,BASE,-150.00,-204.98,-201,R,28927,-34.7000
30020,P1,BASE,-150.00,-205.00,-171,R,28845,-34.1500
30030,P1,BASE,-150.00,-202.52,-167,R,28764,-33.6248
30040,P1,BASE,-150.00,-197.52,-169,R,28685,-33.1496
30050,P1,BASE,-150.00,-192.48,-171,R,28608,-32.7248
30060,P1,BASE,-150.00,-187.46,-174,R,28533,-32.3502
30070,P1,BASE,-150.00,-185.04,-174,R,28459,-31.9998
30080,P1,BASE,-150.00,-184.98,-172,R,28385,-31.6500
30090,P1,BASE,-150.00,-177.54,-178,R,28314,-31.3747
30100,P1,BASE,-150.00,-177.46,-176,R,28243,-31.1000
30110,P1,BASE,-150.00,-169.98,-182,R,28175,-30.9002
30120,P1,BASE,-150.00,-170.00,-181,R,28107,-30.7002
30130,P1,BASE,-150.00,-167.53,-182,R,28040,-30.5249
30140,P1,BASE,-150.00,-165.00,-184,R,27974,-30.3749
30150,P1,BASE,-150.00,-162.52,-185,R,27909,-30.2497
30160,P1,BASE,-150.00,-162.34,-185,R,27844,-30.1263
30170,P1,BASE,-150.00,-160.16,-186,R,27780,-30.0247
30180,P1,BASE,-150.00,-157.50,-189,R,27717,-29.9497
30190,P1,BASE,-150.00,-159.98,-185,R,27653,-29.8499
30200,P1,BASE,-150.00,-157.50,-187,R,27590,-29.7749
30210,P1,BASE,-150.00,-155.02,-190,R,27528,-29.7247
30220,P1,BASE,-150.00,-152.48,-192,R,27467,-29.6999
30230,P1,BASE,-150.00,-147.47,-197,R,27408,-29.7252
30240,P1,BASE,-150.00,-147.49,-197,R,27349,-29.7503
30250,P1,BASE,-150.00,-147.54,-198,R,27290,-29.7749
30260,P1,BASE,-150.00,-144.97,-201,R,27232,-29.8252
30270,P1,BASE,-150.00,-145.01,-201,R,27174,-29.8750
30280,P1,BASE,-150.00,-140.03,-207,R,27118,-29.9747
30290,P1,BASE,-150.00,-142.47,-205,R,27061,-30.0500
30300,P1,BASE,-150.00,-140.03,-208,R,27005,-30.1497
30310,P1,BASE,-150.00,-142.50,-206,R,26948,-30.2247
30320,P1,BASE,-150.00,-142.46,-206,R,26891,-30.3002
30330,P1,BASE,-150.00,-142.53,-207,R,26834,-30.3749
30340,P1,BASE,-150.00,-140.00,-210,R,26778,-30.4749
30350,P1,BASE,-150.00,-139.99,-210,R,26722,-30.5750
30360,P1,BASE,-150.00,-144.99,-206,R,26664,-30.6252
30370,P1,BASE,-150.00,-145.01,-206,R,26606,-30.6750
30380,P1,BASE,-150.00,-147.47,-204,R,26547,-30.7003
30390,P1,BASE,-150.00,-150.05,-201,R,26487,-30.6999
30400,P1,BASE,-150.00,-147.51,-204,R,26428,-30.7247
30410,P1,BASE,-150.00,-150.00,-201,R,26368,-30.7247
30420,P1,BASE,-150.00,-147.46,-204,R,26309,-30.7502
30430,P1,BASE,-150.00,-147.50,-204,R,26250,-30.7752
30440,P1,BASE,-150.00,-145.01,-207,R,26192,-30.8250
30450,P1,BASE,-150.00,-142.49,-210,R,26135,-30.9002
30460,P1,BASE,-150.00,-147.50,-205,R,26076,-30.9252
30470,P1,BASE,-150.00,-145.03,-208,R,26018,-30.9749
30480,P1,BASE,-150.00,-150.00,-203,R,25958,-30.9749
30490,P1,BASE,-150.00,-144.97,-208,R,25900,-31.0252
30500,P1,BASE,-150.00,-147.54,-206,R,25841,-31.0497
30510,P1,BASE,-150.00,-144.97,-209,R,25783,-31.1000
30520,P1,BASE,-150.00,-147.50,-206,R,25724,-31.1250
30530,P1,BASE,-150.00,-147.49,-207,R,25665,-31.1502
30540,P1,BASE,-150.00,-145.03,-209,R,25607,-31.1999
30550,P1,BASE,-150.00,-147.49,-207,R,25548,-31.2250
30560,P1,BASE,-150.00,-147.53,-207,R,25489,-31.2497
30570,P1,BASE,-150.00,-147.44,-208,R,25430,-31.2753
30580,P1,BASE,-150.00,-150.06,-205,R,25370,-31.2747
30590,P1,BASE,-150.00,-149.88,-205,R,25310,-31.2759
30600,P1,BASE,-150.00,-150.11,-205,R,25250,-31.2749
30610,P1,BASE,-150.00,-150.01,-205,R,25190,-31.2747
30620,P1,BASE,-150.00,-152.45,-202,R,25129,-31.2502
30630,P1,BASE,-150.00,-150.01,-205,R,25069,-31.2500
30640,P1,BASE,-150.00,-144.99,-210,R,25011,-31.3002
30650,P1,BASE,-150.00,-147.51,-208,R,24952,-31.3250
30660,P1,BASE,-150.00,-145.00,-211,R,24894,-31.3750
30670,P1,BASE,-150.00,-150.01,-206,R,24834,-31.3749
30680,P1,BASE,-150.00,-150.01,-206,R,24774,-31.3747
30690,P1,BASE,-150.00,-144.99,-211,R,24716,-31.4249
30700,P1,BASE,-150.00,-147.49,-209,R,24657,-31.4500
30710,P1,BASE,-150.00,-147.53,-209,R,24598,-31.4747
30720,P1,BASE,-150.00,-149.99,-206,R,24538,-31.4749
30730,P1,BASE,-150.00,-147.51,-209,R,24479,-31.4997
30740,P1,BASE,-150.00,-144.99,-212,R,24421,-31.5499
30750,P1,BASE,-150.00,-145.00,-212,R,24363,-31.5999
30760,P1,BASE,-150.00,-147.46,-210,R,24304,-31.6253
30770,P1,BASE,-150.00,-150.01,-207,R,24244,-31.6251
30780,P1,BASE,-150.00,-152.48,-205,R,24183,-31.6003
30790,P1,BASE,-150.00,-152.56,-204,R,24122,-31.5747
30800,P1,BASE,-150.00,-155.00,-201,R,24060,-31.5247
30810,P1,BASE,-150.00,-152.44,-204,R,23999,-31.5003
30820,P1,BASE,-150.00,-152.52,-204,R,23938,-31.4751
30830,P1,BASE,-150.00,-150.01,-206,R,23878,-31.4750
30840,P1,BASE,-150.00,-150.01,-206,R,23818,-31.4748
30850,P1,BASE,-150.00,-147.49,-209,R,23759,-31.5000
30860,P1,BASE,-150.00,-147.49,-209,R,23700,-31.5251
30870,P1,BASE,-150.00,-150.00,-207,R,23640,-31.5251
30880,P1,BASE,-150.00,-150.03,-207,R,23580,-31.5248
30890,P1,BASE,-150.00,-150.01,-207,R,23520,-31.5247
30900,P1,BASE,-150.00,-149.96,-207,R,23460,-31.5251
30910,P1,BASE,-150.00,-149.91,-207,R,23400,-31.5260
30920,P1,BASE,-150.00,-150.09,-206,R,23340,-31.5251
30930,P1,BASE,-150.00,-150.00,-207,R,23280,-31.5251
30940,P1,BASE,-150.00,-147.51,-209,R,23221,-31.5500
30950,P1,BASE,-150.00,-147.51,-209,R,23162,-31.5748
30960,P1,BASE,-150.00,-150.00,-207,R,23102,-31.5748
30970,P1,BASE,-150.00,-150.00,-207,R,23042,-31.5748
30980,P1,BASE,-150.00,-150.00,-207,R,22982,-31.5748
30990,P1,BASE,-150.00,-149.96,-207,R,22922,-31.5753
31000,P1,BASE,-150.00,-152.55,-204,R,22861,-31.5498
31010,P1,BASE,-150.00,-152.50,-204,R,22800,-31.5248
31020,P1,BASE,-150.00,-152.47,-204,R,22739,-31.5001
31030,P1,BASE,-150.00,-152.53,-204,R,22678,-31.4748
31040,P1,BASE,-150.00,-147.49,-209,R,22619,-31.5000
31050,P1,BASE,-150.00,-147.51,-209,R,22560,-31.5248
31060,P1,BASE,-150.00,-144.99,-212,R,22502,-31.5750
31070,P1,BASE,-150.00,-152.50,-204,R,22441,-31.5500
31080,P1,BASE,-150.00,-150.00,-207,R,22381,-31.5500
31090,P1,BASE,-150.00,-147.49,-209,R,22322,-31.5751
31100,P1,BASE,-150.00,-147.53,-210,R,22263,-31.5998
31110,P1,BASE,-150.00,-147.47,-210,R,22204,-31.6251
31120,P1,BASE,-150.00,-150.05,-207,R,22144,-31.6247
31130,P1,BASE,-150.00,-147.47,-210,R,22085,-31.6500
31140,P1,BASE,-150.00,-147.51,-210,R,22026,-31.6748
31150,P1,BASE,-150.00,-145.00,-213,R,21968,-31.7248
31160,P1,BASE,-150.00,-147.50,-211,R,21909,-31.7498
31170,P1,BASE,-150.00,-150.01,-208,R,21849,-31.7497
31180,P1,BASE,-150.00,-152.45,-205,R,21788,-31.7251
31190,P1,BASE,-150.00,-152.55,-205,R,21727,-31.6997
31200,P1,BASE,-150.00,-154.95,-202,R,21665,-31.6501
31210,P1,BASE,-150.00,-155.05,-202,R,21603,-31.5997
31220,P1,BASE,-150.00,-152.45,-204,R,21542,-31.5751
31230,P1,BASE,-150.00,-150.03,-207,R,21482,-31.5748
31240,P1,BASE,-150.00,-149.99,-207,R,21422,-31.5750
31250,P1,BASE,-150.00,-149.90,-207,R,21362,-31.5760
31260,P1,BASE,-150.00,-147.59,-209,R,21303,-31.6002
31270,P1,BASE,-150.00,-150.01,-207,R,21243,-31.6000
31280,P1,BASE,-150.00,-150.00,-207,R,21183,-31.6000
31290,P1,BASE,-150.00,-149.99,-207,R,21123,-31.6002
31300,P1,BASE,-150.00,-150.05,-207,R,21063,-31.5997
31310,P1,BASE,-150.00,-147.47,-210,R,21004,-31.6250
31320,P1,BASE,-150.00,-150.01,-207,R,20944,-31.6248
31330,P1,BASE,-150.00,-149.97,-207,R,20884,-31.6251
31340,P1,BASE,-150.00,-150.00,-207,R,20824,-31.6251
31350,P1,BASE,-150.00,-150.03,-207,R,20764,-31.6248
31360,P1,BASE,-150.00,-147.49,-210,R,20705,-31.6500
31370,P1,BASE,-150.00,-149.93,-207,R,20645,-31.6507
31380,P1,BASE,-150.00,-150.11,-207,R,20585,-31.6497
31390,P1,BASE,-150.00,-150.00,-207,R,20525,-31.6497
31400,P1,BASE,-150.00,-152.44,-205,R,20464,-31.6253
31410,P1,BASE,-150.00,-152.52,-204,R,20403,-31.6001
31420,P1,BASE,-150.00,-155.00,-202,R,20341,-31.5501
31430,P1,BASE,-150.00,-150.03,-207,R,20281,-31.5499
31440,P1,BASE,-150.00,-150.01,-207,R,20221,-31.5497
31450,P1,BASE,-150.00,-147.46,-209,R,20162,-31.5751
31460,P1,BASE,-150.00,-145.04,-212,R,20104,-31.6247
31470,P1,BASE,-150.00,-152.48,-205,R,20043,-31.5999
31480,P1,BASE,-150.00,-149.97,-207,R,19983,-31.6002
31490,P1,BASE,-150.00,-147.51,-210,R,19924,-31.6250
31500,P1,BASE,-150.00,-147.51,-210,R,19865,-31.6499
31510,P1,BASE,-150.00,-147.49,-210,R,19806,-31.6750
31520,P1,BASE,-150.00,-152.48,-205,R,19745,-31.6502
31530,P1,BASE,-150.00,-147.53,-210,R,19686,-31.6749
31540,P1,BASE,-150.00,-147.49,-210,R,19627,-31.7000
31550,P1,BASE,-150.00,-145.00,-213,R,19569,-31.7500
31560,P1,BASE,-150.00,-147.47,-211,R,19510,-31.7753
31570,P1,BASE,-150.00,-150.01,-208,R,19450,-31.7752
31580,P1,BASE,-150.00,-155.02,-203,R,19388,-31.7250
31590,P1,BASE,-150.00,-152.52,-205,R,19327,-31.6999
31600,P1,BASE,-150.00,-152.48,-205,R,19266,-31.6750
31610,P1,BASE,-150.00,-155.02,-202,R,19204,-31.6249
31620,P1,BASE,-150.00,-152.50,-204,R,19143,-31.5999
31630,P1,BASE,-150.00,-152.50,-204,R,19082,-31.5749
31640,P1,BASE,-150.00,-150.01,-207,R,19022,-31.5747
31650,P1,BASE,-150.00,-147.47,-210,R,18963,-31.6000
31660,P1,BASE,-150.00,-149.94,-207,R,18903,-31.6006
31670,P1,BASE,-150.00,-150.03,-207,R,18843,-31.6003
31680,P1,BASE,-150.00,-150.05,-207,R,18783,-31.5998
31690,P1,BASE,-150.00,-149.99,-207,R,18723,-31.6000
31700,P1,BASE,-150.00,-150.00,-207,R,18663,-31.6000
31710,P1,BASE,-150.00,-147.53,-210,R,18604,-31.6247
31720,P1,BASE,-150.00,-149.99,-207,R,18544,-31.6249
31730,P1,BASE,-150.00,-149.96,-207,R,18484,-31.6253
31740,P1,BASE,-150.00,-150.01,-207,R,18424,-31.6252
31750,P1,BASE,-150.00,-150.05,-207,R,18364,-31.6247
31760,P1,BASE,-150.00,-147.49,-210,R,18305,-31.6498
31770,P1,BASE,-150.00,-147.50,-210,R,18246,-31.6748
31780,P1,BASE,-150.00,-152.48,-205,R,18185,-31.6500
31790,P1,BASE,-150.00,-150.01,-207,R,18125,-31.6499
31800,P1,BASE,-150.00,-154.98,-202,R,18063,-31.6000
31810,P1,BASE,-150.00,-152.52,-204,R,18002,-31.5749
31820,P1,BASE,-150.00,-152.52,-204,R,17941,-31.5497
31830,P1,BASE,-150.00,-150.00,-207,R,17881,-31.5497
31840,P1,BASE,-150.00,-147.47,-209,R,17822,-31.5750
31850,P1,BASE,-150.00,-147.50,-210,R,17763,-31.6000
31860,P1,BASE,-150.00,-147.50,-210,R,17704,-31.6250
31870,P1,BASE,-150.00,-152.53,-204,R,17643,-31.5997
31880,P1,BASE,-150.00,-149.99,-207,R,17583,-31.5998
31890,P1,BASE,-150.00,-147.49,-210,R,17524,-31.6250
31900,P1,BASE,-150.00,-147.50,-210,R,17465,-31.6500
31910,P1,BASE,-150.00,-147.53,-210,R,17406,-31.6747
31920,P1,BASE,-150.00,-149.96,-208,R,17346,-31.6751
31930,P1,BASE,-150.00,-150.05,-207,R,17286,-31.6747
31940,P1,BASE,-150.00,-147.41,-210,R,17227,-31.7006
31950,P1,BASE,-150.00,-145.09,-213,R,17169,-31.7497
31960,P1,BASE,-150.00,-144.96,-213,R,17111,-31.8001
31970,P1,BASE,-150.00,-149.99,-208,R,17051,-31.8003
31980,P1,BASE,-150.00,-155.05,-203,R,16989,-31.7498
31990,P1,BASE,-150.00,-152.47,-205,R,16928,-31.7251
32000,P1,BASE,-150.00,-152.55,-205,R,16867,-31.6997
32010,P1,BASE,-150.00,-154.97,-202,R,16805,-31.6500
32020,P1,BASE,-150.00,-154.89,-202,R,16743,-31.6011
32030,P1,BASE,-150.00,-150.12,-207,R,16683,-31.5999
32040,P1,BASE,-150.00,-150.01,-207,R,16623,-31.5997
32050,P1,BASE,-150.00,-149.94,-207,R,16563,-31.6003
32060,P1,BASE,-150.00,-147.51,-210,R,16504,-31.6252
32070,P1,BASE,-150.00,-150.03,-207,R,16444,-31.6249
32080,P1,BASE,-150.00,-149.99,-207,R,16384,-31.6250
32090,P1,BASE,-150.00,-150.00,-207,R,16324,-31.6250
32100,P1,BASE,-150.00,-150.03,-207,R,16264,-31.6247
32110,P1,BASE,-150.00,-147.47,-210,R,16205,-31.6500
32120,P1,BASE,-150.00,-152.52,-205,R,16144,-31.6249
32130,P1,BASE,-150.00,-150.00,-207,R,16084,-31.6249
32140,P1,BASE,-150.00,-150.01,-207,R,16024,-31.6247
32150,P1,BASE,-150.00,-147.44,-210,R,15965,-31.6503
32160,P1,BASE,-150.00,-147.54,-210,R,15906,-31.6749
32170,P1,BASE,-150.00,-152.47,-205,R,15845,-31.6502
32180,P1,BASE,-150.00,-150.01,-207,R,15785,-31.6500
32190,P1,BASE,-150.00,-149.97,-207,R,15725,-31.6503
32200,P1,BASE,-150.00,-155.05,-202,R,15663,-31.5998
32210,P1,BASE,-150.00,-149.97,-207,R,15603,-31.6001
32220,P1,BASE,-150.00,-155.05,-202,R,15541,-31.5497
32230,P1,BASE,-150.00,-150.00,-207,R,15481,-31.5497
32240,P1,BASE,-150.00,-149.99,-207,R,15421,-31.5498
32250,P1,BASE,-150.00,-147.51,-209,R,15362,-31.5747
32260,P1,BASE,-150.00,-144.99,-212,R,15304,-31.6248
32270,P1,BASE,-150.00,-152.48,-205,R,15243,-31.6000
32280,P1,BASE,-150.00,-150.00,-207,R,15183,-31.6000
32290,P1,BASE,-150.00,-147.49,-210,R,15124,-31.6251
32300,P1,BASE,-150.00,-147.53,-210,R,15065,-31.6498
32310,P1,BASE,-150.00,-147.50,-210,R,15006,-31.6748
32320,P1,BASE,-150.00,-152.45,-205,R,14945,-31.6503
32330,P1,BASE,-150.00,-147.50,-210,R,14886,-31.6753
32340,P1,BASE,-150.00,-147.54,-210,R,14827,-31.6999
32350,P1,BASE,-150.00,-144.99,-213,R,14769,-31.7500
32360,P1,BASE,-150.00,-145.01,-213,R,14711,-31.7999
32370,P1,BASE,-150.00,-152.50,-206,R,14650,-31.7749
32380,P1,BASE,-150.00,-152.50,-205,R,14589,-31.7499
32390,P1,BASE,-150.00,-152.48,-205,R,14528,-31.7250
32400,P1,BASE,-150.00,-154.98,-202,R,14466,-31.6752
32410,P1,BASE,-150.00,-152.55,-205,R,14405,-31.6497
32420,P1,BASE,-150.00,-155.00,-202,R,14343,-31.5997
32430,P1,BASE,-150.00,-149.96,-207,R,14283,-31.6002
32440,P1,BASE,-150.00,-150.05,-207,R,14223,-31.5997
32450,P1,BASE,-150.00,-149.97,-207,R,14163,-31.6000
32460,P1,BASE,-150.00,-147.47,-210,R,14104,-31.6253
32470,P1,BASE,-150.00,-150.05,-207,R,14044,-31.6248
32480,P1,BASE,-150.00,-149.97,-207,R,13984,-31.6251
32490,P1,BASE,-150.00,-150.01,-207,R,13924,-31.6250
32500,P1,BASE,-150.00,-152.48,-205,R,13863,-31.6001
32510,P1,BASE,-150.00,-147.50,-210,R,13804,-31.6251
32520,P1,BASE,-150.00,-150.03,-207,R,13744,-31.6248
32530,P1,BASE,-150.00,-149.97,-207,R,13684,-31.6251
32540,P1,BASE,-150.00,-149.99,-207,R,13624,-31.6253
32550,P1,BASE,-150.00,-147.54,-210,R,13565,-31.6499
32560,P1,BASE,-150.00,-147.47,-210,R,13506,-31.6752
32570,P1,BASE,-150.00,-152.42,-205,R,13445,-31.6509
32580,P1,BASE,-150.00,-150.12,-207,R,13385,-31.6497
32590,P1,BASE,-150.00,-149.96,-207,R,13325,-31.6502
32600,P1,BASE,-150.00,-152.48,-205,R,13264,-31.6253
32610,P1,BASE,-150.00,-152.50,-204,R,13203,-31.6003
32620,P1,BASE,-150.00,-155.05,-202,R,13141,-31.5499
32630,P1,BASE,-150.00,-150.00,-207,R,13081,-31.5499
32640,P1,BASE,-150.00,-149.99,-207,R,13021,-31.5500
32650,P1,BASE,-150.00,-147.50,-209,R,12962,-31.5750
32660,P1,BASE,-150.00,-145.00,-212,R,12904,-31.6250
32670,P1,BASE,-150.00,-152.52,-204,R,12843,-31.5998
32680,P1,BASE,-150.00,-147.51,-210,R,12784,-31.6247
32690,P1,BASE,-150.00,-149.99,-207,R,12724,-31.6249
32700,P1,BASE,-150.00,-147.49,-210,R,12665,-31.6500
32710,P1,BASE,-150.00,-147.49,-210,R,12606,-31.6751
32720,P1,BASE,-150.00,-149.99,-208,R,12546,-31.6753
32730,P1,BASE,-150.00,-150.06,-207,R,12486,-31.6747
32740,P1,BASE,-150.00,-147.38,-210,R,12427,-31.7009
32750,P1,BASE,-150.00,-145.10,-213,R,12369,-31.7499
32760,P1,BASE,-150.00,-144.96,-213,R,12311,-31.8003
32770,P1,BASE,-150.00,-152.52,-206,R,12250,-31.7751
32780,P1,BASE,-150.00,-152.50,-205,R,12189,-31.7501
32790,P1,BASE,-150.00,-152.52,-205,R,12128,-31.7250
32800,P1,BASE,-150.00,-155.03,-202,R,12066,-31.6747
32810,P1,BASE,-150.00,-152.45,-205,R,12005,-31.6501
32820,P1,BASE,-150.00,-152.52,-205,R,11944,-31.6250
32830,P1,BASE,-150.00,-152.48,-205,R,11883,-31.6001
32840,P1,BASE,-150.00,-150.03,-207,R,11823,-31.5998
32850,P1,BASE,-150.00,-149.99,-207,R,11763,-31.6000
32860,P1,BASE,-150.00,-147.53,-210,R,11704,-31.6247
32870,P1,BASE,-150.00,-150.00,-207,R,11644,-31.6247
32880,P1,BASE,-150.00,-149.96,-207,R,11584,-31.6251
32890,P1,BASE,-150.00,-150.00,-207,R,11524,-31.6251
32900,P1,BASE,-150.00,-150.00,-207,R,11464,-31.6251
32910,P1,BASE,-150.00,-150.01,-207,R,11404,-31.6250
32920,P1,BASE,-150.00,-150.01,-207,R,11344,-31.6248
32930,P1,BASE,-150.00,-149.99,-207,R,11284,-31.6250
32940,P1,BASE,-150.00,-150.00,-207,R,11224,-31.6250
32950,P1,BASE,-150.00,-147.53,-210,R,11165,-31.6497
32960,P1,BASE,-150.00,-147.46,-210,R,11106,-31.6751
32970,P1,BASE,-150.00,-150.05,-207,R,11046,-31.6747
32980,P1,BASE,-150.00,-152.50,-205,R,10985,-31.6497
32990,P1,BASE,-150.00,-149.97,-207,R,10925,-31.6500
33000,P1,BASE,-150.00,-152.52,-205,R,10864,-31.6248
33010,P1,BASE,-80.00,-152.52,-175,R,10803,-30.8997
33020,P1,BASE,-80.00,-152.45,-145,R,10742,-30.1751
33030,P1,BASE,-80.00,-150.05,-122,R,10682,-29.4747
33040,P1,BASE,-80.00,-142.47,-125,R,10625,-28.8500
33050,P1,BASE,-80.00,-137.51,-127,R,10570,-28.2748
33060,P1,BASE,-80.00,-137.42,-123,R,10515,-27.7007
33070,P1,BASE,-80.00,-135.07,-122,R,10461,-27.1500
33080,P1,BASE,-80.00,-130.00,-124,R,10409,-26.6500
33090,P1,BASE,-80.00,-130.03,-120,R,10357,-26.1497
33100,P1,BASE,-80.00,-122.49,-125,R,10308,-25.7249
33110,P1,BASE,-80.00,-119.96,-125,R,10260,-25.3252
33120,P1,BASE,-80.00,-117.52,-125,R,10213,-24.9500
33130,P1,BASE,-80.00,-117.52,-123,R,10166,-24.5747
33140,P1,BASE,-80.00,-112.48,-126,R,10121,-24.2500
33150,P1,BASE,-80.00,-110.02,-126,R,10077,-23.9497
33160,P1,BASE,-80.00,-107.50,-127,R,10034,-23.6747
33170,P1,BASE,-80.00,-102.49,-131,R,9993,-23.4498
33180,P1,BASE,-80.00,-102.51,-129,R,9952,-23.2247
33190,P1,BASE,-80.00,-97.47,-133,R,9913,-23.0500
33200,P1,BASE,-80.00,-100.02,-129,R,9873,-22.8498
33210,P1,BASE,-80.00,-100.01,-128,R,9833,-22.6497
33220,P1,BASE,-80.00,-95.00,-132,R,9795,-22.4997
33230,P1,BASE,-80.00,-97.46,-128,R,9756,-22.3251
33240,P1,BASE,-80.00,-92.54,-133,R,9719,-22.1998
33250,P1,BASE,-80.00,-92.46,-132,R,9682,-22.0751
33260,P1,BASE,-80.00,-92.51,-131,R,9645,-21.9500
33270,P1,BASE,-80.00,-87.50,-136,R,9610,-21.8750
33280,P1,BASE,-80.00,-90.01,-132,R,9574,-21.7749
33290,P1,BASE,-80.00,-87.49,-134,R,9539,-21.7000
33300,P1,BASE,-80.00,-82.49,-139,R,9506,-21.6751
33310,P1,BASE,-80.00,-85.03,-136,R,9472,-21.6249
33320,P1,BASE,-80.00,-80.00,-142,R,9440,-21.6249
33330,P1,BASE,-80.00,-80.01,-142,R,9408,-21.6248
33340,P1,BASE,-80.00,-79.99,-142,R,9376,-21.6249
33350,P1,BASE,-80.00,-77.50,-144,R,9345,-21.6499
33360,P1,BASE,-80.00,-77.51,-144,R,9314,-21.6748
33370,P1,BASE,-80.00,-79.98,-142,R,9282,-21.6749
33380,P1,BASE,-80.00,-75.01,-147,R,9252,-21.7249
33390,P1,BASE,-80.00,-77.48,-145,R,9221,-21.7500
33400,P1,BASE,-80.00,-75.00,-148,R,9191,-21.8000
33410,P1,BASE,-80.00,-77.50,-145,R,9160,-21.8250
33420,P1,BASE,-80.00,-75.01,-148,R,9130,-21.8749
33430,P1,BASE,-80.00,-75.01,-149,R,9100,-21.9248
33440,P1,BASE,-80.00,-74.98,-149,R,9070,-21.9750
33450,P1,BASE,-80.00,-75.00,-149,R,9040,-22.0250
33460,P1,BASE,-80.00,-72.51,-152,R,9011,-22.0999
33470,P1,BASE,-80.00,-74.99,-150,R,8981,-22.1500
33480,P1,BASE,-80.00,-75.00,-150,R,8951,-22.1999
33490,P1,BASE,-80.00,-75.01,-151,R,8921,-22.2499
33500,P1,BASE,-80.00,-74.98,-151,R,8891,-22.3001
33510,P1,BASE,-80.00,-75.01,-151,R,8861,-22.3499
33520,P1,BASE,-80.00,-72.51,-154,R,8832,-22.4249
33530,P1,BASE,-80.00,-72.49,-155,R,8803,-22.5000
33540,P1,BASE,-80.00,-72.52,-155,R,8774,-22.5748
33550,P1,BASE,-80.00,-74.99,-153,R,8744,-22.6249
33560,P1,BASE,-80.00,-70.00,-159,R,8716,-22.7249
33570,P1,BASE,-80.00,-75.01,-154,R,8686,-22.7748
33580,P1,BASE,-80.00,-72.50,-157,R,8657,-22.8498
33590,P1,BASE,-80.00,-72.49,-158,R,8628,-22.9249
33600,P1,BASE,-80.00,-72.49,-158,R,8599,-23.0000
33610,P1,BASE,-80.00,-75.00,-156,R,8569,-23.0500
33620,P1,BASE,-80.00,-72.51,-159,R,8540,-23.1250
33630,P1,BASE,-80.00,-72.50,-160,R,8511,-23.2000
33640,P1,BASE,-80.00,-72.49,-160,R,8482,-23.2750
33650,P1,BASE,-80.00,-75.00,-158,R,8452,-23.3250
33660,P1,BASE,-80.00,-75.00,-158,R,8422,-23.3750
33670,P1,BASE,-80.00,-75.02,-158,R,8392,-23.4248
33680,P1,BASE,-80.00,-74.97,-159,R,8362,-23.4751
33690,P1,BASE,-80.00,-72.51,-162,R,8333,-23.5500
33700,P1,BASE,-80.00,-75.01,-160,R,8303,-23.5998
33710,P1,BASE,-80.00,-74.99,-160,R,8273,-23.6499
33720,P1,BASE,-80.00,-74.94,-160,R,8243,-23.7005
33730,P1,BASE,-80.00,-72.57,-163,R,8214,-23.7748
33740,P1,BASE,-80.00,-72.49,-164,R,8185,-23.8500
33750,P1,BASE,-80.00,-75.01,-162,R,8155,-23.8999
33760,P1,BASE,-80.00,-72.48,-165,R,8126,-23.9751
33770,P1,BASE,-80.00,-77.52,-160,R,8095,-24.0000
33780,P1,BASE,-80.00,-75.01,-163,R,8065,-24.0499
33790,P1,BASE,-80.00,-77.48,-160,R,8034,-24.0750
33800,P1,BASE,-80.00,-75.00,-163,R,8004,-24.1250
33810,P1,BASE,-80.00,-77.52,-161,R,7973,-24.1499
33820,P1,BASE,-80.00,-74.98,-164,R,7943,-24.2001
33830,P1,BASE,-80.00,-77.52,-161,R,7912,-24.2250
33840,P1,BASE,-80.00,-74.99,-164,R,7882,-24.2750
33850,P1,BASE,-80.00,-77.52,-162,R,7851,-24.2998
33860,P1,BASE,-80.00,-74.98,-165,R,7821,-24.3500
33870,P1,BASE,-80.00,-77.52,-162,R,7790,-24.3749
33880,P1,BASE,-80.00,-77.51,-162,R,7759,-24.3998
33890,P1,BASE,-80.00,-77.50,-162,R,7728,-24.4248
33900,P1,BASE,-80.00,-77.48,-163,R,7697,-24.4500
33910,P1,BASE,-80.00,-77.51,-163,R,7666,-24.4749
33920,P1,BASE,-80.00,-75.00,-166,R,7636,-24.5249
33930,P1,BASE,-80.00,-77.52,-163,R,7605,-24.5498
33940,P1,BASE,-80.00,-74.98,-166,R,7575,-24.6000
33950,P1,BASE,-80.00,-75.01,-166,R,7545,-24.6499
33960,P1,BASE,-80.00,-75.01,-167,R,7515,-24.6998
33970,P1,BASE,-80.00,-79.99,-162,R,7483,-24.6999
33980,P1,BASE,-80.00,-77.50,-164,R,7452,-24.7249
33990,P1,BASE,-80.00,-77.49,-165,R,7421,-24.7499
34000,P1,BASE,-80.00,-79.98,-162,R,7389,-24.7501
34010,P1,BASE,-80.00,-80.00,-162,R,7357,-24.7501
34020,P1,BASE,-80.00,-80.00,-162,R,7325,-24.7501
34030,P1,BASE,-80.00,-77.51,-165,R,7294,-24.7750
34040,P1,BASE,-80.00,-82.50,-160,R,7261,-24.7500
34050,P1,BASE,-80.00,-77.52,-165,R,7230,-24.7748
34060,P1,BASE,-80.00,-82.47,-160,R,7197,-24.7501
34070,P1,BASE,-80.00,-80.03,-162,R,7165,-24.7498
34080,P1,BASE,-80.00,-79.98,-162,R,7133,-24.7500
34090,P1,BASE,-80.00,-79.99,-162,R,7101,-24.7500
34100,P1,BASE,-80.00,-80.02,-162,R,7069,-24.7498
34110,P1,BASE,-80.00,-77.49,-165,R,7038,-24.7749
34120,P1,BASE,-80.00,-77.50,-165,R,7007,-24.7999
34130,P1,BASE,-80.00,-77.51,-165,R,6976,-24.8248
34140,P1,BASE,-80.00,-79.99,-163,R,6944,-24.8249
34150,P1,BASE,-80.00,-79.97,-163,R,6912,-24.8252
34160,P1,BASE,-80.00,-80.02,-163,R,6880,-24.8250
34170,P1,BASE,-80.00,-80.02,-163,R,6848,-24.8248
34180,P1,BASE,-80.00,-77.48,-165,R,6817,-24.8500
34190,P1,BASE,-80.00,-82.52,-160,R,6784,-24.8249
34200,P1,BASE,-80.00,-82.48,-160,R,6751,-24.8000
34210,P1,BASE,-80.00,-77.51,-165,R,6720,-24.8250
34220,P1,BASE,-80.00,-82.51,-160,R,6687,-24.7999
34230,P1,BASE,-80.00,-80.00,-162,R,6655,-24.7999
34240,P1,BASE,-80.00,-79.98,-162,R,6623,-24.8000
34250,P1,BASE,-80.00,-82.52,-160,R,6590,-24.7748
34260,P1,BASE,-80.00,-82.49,-160,R,6557,-24.7499
34270,P1,BASE,-80.00,-79.98,-162,R,6525,-24.7500
34280,P1,BASE,-80.00,-80.00,-162,R,6493,-24.7500
34290,P1,BASE,-80.00,-84.99,-157,R,6459,-24.7001
34300,P1,BASE,-80.00,-79.96,-162,R,6427,-24.7005
34310,P1,BASE,-80.00,-80.07,-162,R,6395,-24.6998
34320,P1,BASE,-80.00,-79.99,-162,R,6363,-24.6999
34330,P1,BASE,-80.00,-80.01,-162,R,6331,-24.6998
34340,P1,BASE,-80.00,-82.43,-159,R,6298,-24.6755
34350,P1,BASE,-80.00,-77.56,-164,R,6267,-24.6998
34360,P1,BASE,-80.00,-82.48,-159,R,6234,-24.6751
34370,P1,BASE,-80.00,-80.02,-162,R,6202,-24.6749
34380,P1,BASE,-80.00,-80.01,-162,R,6170,-24.6749
34390,P1,BASE,-80.00,-82.50,-159,R,6137,-24.6499
34400,P1,BASE,-80.00,-80.00,-161,R,6105,-24.6499
34410,P1,BASE,-80.00,-79.99,-161,R,6073,-24.6499
34420,P1,BASE,-80.00,-82.49,-159,R,6040,-24.6250
34430,P1,BASE,-80.00,-79.99,-161,R,6008,-24.6251
34440,P1,BASE,-80.00,-82.50,-159,R,5975,-24.6001
34450,P1,BASE,-80.00,-80.01,-161,R,5943,-24.6000
34460,P1,BASE,-80.00,-80.01,-161,R,5911,-24.5999
34470,P1,BASE,-80.00,-82.48,-158,R,5878,-24.5751
34480,P1,BASE,-80.00,-77.51,-164,R,5847,-24.6000
34490,P1,BASE,-80.00,-79.99,-161,R,5815,-24.6001
34500,P1,BASE,-80.00,-77.52,-164,R,5784,-24.6249
34510,P1,BASE,-80.00,-80.00,-161,R,5752,-24.6249
34520,P1,BASE,-80.00,-77.47,-164,R,5721,-24.6502
34530,P1,BASE,-80.00,-82.52,-159,R,5688,-24.6249
34540,P1,BASE,-80.00,-80.00,-161,R,5656,-24.6249
34550,P1,BASE,-80.00,-80.00,-161,R,5624,-24.6249
34560,P1,BASE,-80.00,-79.98,-161,R,5592,-24.6252
34570,P1,BASE,-80.00,-80.01,-161,R,5560,-24.6251
34580,P1,BASE,-80.00,-80.02,-161,R,5528,-24.6249
34590,P1,BASE,-80.00,-79.98,-161,R,5496,-24.6250
34600,P1,BASE,-80.00,-80.01,-161,R,5464,-24.6249
34610,P1,BASE,-80.00,-77.50,-164,R,5433,-24.6499
34620,P1,BASE,-80.00,-79.98,-161,R,5401,-24.6501
34630,P1,BASE,-80.00,-82.48,-159,R,5368,-24.6253
34640,P1,BASE,-80.00,-77.52,-164,R,5337,-24.6501
34650,P1,BASE,-80.00,-80.01,-161,R,5305,-24.6500
34660,P1,BASE,-80.00,-80.00,-161,R,5273,-24.6500
34670,P1,BASE,-80.00,-80.00,-161,R,5241,-24.6500
34680,P1,BASE,-80.00,-77.50,-164,R,5210,-24.6750
34690,P1,BASE,-80.00,-77.52,-164,R,5179,-24.6999
34700,P1,BASE,-80.00,-77.48,-164,R,5148,-24.7250
34710,P1,BASE,-80.00,-77.49,-165,R,5117,-24.7501
34720,P1,BASE,-80.00,-80.00,-162,R,5085,-24.7501
34730,P1,BASE,-80.00,-80.02,-162,R,5053,-24.7499
34740,P1,BASE,-80.00,-80.01,-162,R,5021,-24.7499
34750,P1,BASE,-80.00,-82.49,-159,R,4988,-24.7249
34760,P1,BASE,-80.00,-80.00,-162,R,4956,-24.7249
34770,P1,BASE,-80.00,-80.00,-162,R,4924,-24.7249
34780,P1,BASE,-80.00,-79.98,-162,R,4892,-24.7251
34790,P1,BASE,-80.00,-82.51,-159,R,4859,-24.7000
34800,P1,BASE,-80.00,-80.02,-162,R,4827,-24.6999
34810,P1,BASE,-80.00,-82.49,-159,R,4794,-24.6749
34820,P1,BASE,-80.00,-79.99,-162,R,4762,-24.6750
34830,P1,BASE,-80.00,-82.51,-159,R,4729,-24.6499
34840,P1,BASE,-80.00,-80.01,-161,R,4697,-24.6499
34850,P1,BASE,-80.00,-79.99,-161,R,4665,-24.6499
34860,P1,BASE,-80.00,-80.01,-161,R,4633,-24.6499
34870,P1,BASE,-80.00,-77.48,-164,R,4602,-24.6751
34880,P1,BASE,-80.00,-80.02,-162,R,4570,-24.6749
34890,P1,BASE,-80.00,-79.99,-162,R,4538,-24.6750
34900,P1,BASE,-80.00,-77.50,-164,R,4507,-24.7000
34910,P1,BASE,-80.00,-82.52,-159,R,4474,-24.6749
34920,P1,BASE,-80.00,-79.98,-162,R,4442,-24.6751
34930,P1,BASE,-80.00,-80.01,-162,R,4410,-24.6750
34940,P1,BASE,-80.00,-82.51,-159,R,4377,-24.6499
34950,P1,BASE,-80.00,-80.01,-161,R,4345,-24.6498
34960,P1,BASE,-80.00,-79.98,-161,R,4313,-24.6501
34970,P1,BASE,-80.00,-80.00,-161,R,4281,-24.6501
34980,P1,BASE,-80.00,-80.02,-161,R,4249,-24.6499
34990,P1,BASE,-80.00,-79.98,-161,R,4217,-24.6501
35000,P1,BASE,-80.00,-82.50,-159,R,4184,-24.6251
35010,P1,BASE,-80.00,-82.52,-158,R,4151,-24.5998
35020,P1,BASE,-80.00,-82.48,-158,R,4118,-24.5751
35030,P1,BASE,-80.00,-80.02,-161,R,4086,-24.5749
35040,P1,BASE,-80.00,-82.50,-158,R,4053,-24.5499
35050,P1,BASE,-80.00,-80.00,-161,R,4021,-24.5499
35060,P1,BASE,-80.00,-79.98,-161,R,3989,-24.5501
35070,P1,BASE,-80.00,-80.01,-161,R,3957,-24.5500
35080,P1,BASE,-80.00,-79.99,-161,R,3925,-24.5501
35090,P1,BASE,-80.00,-80.01,-161,R,3893,-24.5500
35100,P1,BASE,-80.00,-80.01,-161,R,3861,-24.5499
35110,P1,BASE,-80.00,-80.00,-161,R,3829,-24.5499
35120,P1,BASE,-80.00,-80.00,-161,R,3797,-24.5499
35130,P1,BASE,-80.00,-82.49,-158,R,3764,-24.5250
35140,P1,BASE,-80.00,-80.02,-161,R,3732,-24.5249
35150,P1,BASE,-80.00,-79.97,-161,R,3700,-24.5252
35160,P1,BASE,-80.00,-80.03,-161,R,3668,-24.5249
35170,P1,BASE,-80.00,-82.47,-158,R,3635,-24.5002
35180,P1,BASE,-80.00,-80.03,-160,R,3603,-24.4999
35190,P1,BASE,-80.00,-82.50,-158,R,3570,-24.4749
35200,P1,BASE,-80.00,-80.00,-160,R,3538,-24.4749
35210,P1,BASE,-80.00,-79.99,-160,R,3506,-24.4749
35220,P1,BASE,-80.00,-79.99,-160,R,3474,-24.4750
35230,P1,BASE,-80.00,-80.02,-160,R,3442,-24.4749
35240,P1,BASE,-80.00,-77.48,-163,R,3411,-24.5001
35250,P1,BASE,-80.00,-77.52,-163,R,3380,-24.5249
35260,P1,BASE,-80.00,-79.98,-161,R,3348,-24.5250
35270,P1,BASE,-80.00,-77.51,-163,R,3317,-24.5499
35280,P1,BASE,-80.00,-82.50,-158,R,3284,-24.5249
35290,P1,BASE,-80.00,-79.99,-161,R,3252,-24.5250
35300,P1,BASE,-80.00,-80.01,-161,R,3220,-24.5249
35310,P1,BASE,-80.00,-79.99,-161,R,3188,-24.5250
35320,P1,BASE,-80.00,-80.01,-161,R,3156,-24.5249
35330,P1,BASE,-80.00,-79.99,-161,R,3124,-24.5250
35340,P1,BASE,-80.00,-80.01,-161,R,3092,-24.5249
35350,P1,BASE,-80.00,-77.51,-163,R,3061,-24.5499
35360,P1,BASE,-80.00,-79.97,-161,R,3029,-24.5502
35370,P1,BASE,-80.00,-80.03,-161,R,2997,-24.5499
35380,P1,BASE,-80.00,-79.98,-161,R,2965,-24.5501
35390,P1,BASE,-80.00,-80.00,-161,R,2933,-24.5501
35400,P1,BASE,-80.00,-80.02,-161,R,2901,-24.5499
35410,P1,BASE,-80.00,-79.98,-161,R,2869,-24.5502
35420,P1,BASE,-80.00,-80.02,-161,R,2837,-24.5499
35430,P1,BASE,-80.00,-77.51,-163,R,2806,-24.5749
35440,P1,BASE,-80.00,-77.48,-164,R,2775,-24.6000
35450,P1,BASE,-80.00,-77.49,-164,R,2744,-24.6251
35460,P1,BASE,-80.00,-77.52,-164,R,2713,-24.6499
35470,P1,BASE,-80.00,-79.97,-161,R,2681,-24.6502
35480,P1,BASE,-80.00,-80.02,-161,R,2649,-24.6500
35490,P1,BASE,-80.00,-79.98,-161,R,2617,-24.6501
35500,P1,BASE,-80.00,-82.51,-159,R,2584,-24.6250
35510,P1,BASE,-80.00,-80.02,-161,R,2552,-24.6249
35520,P1,BASE,-80.00,-82.50,-159,R,2519,-24.5999
35530,P1,BASE,-80.00,-79.98,-161,R,2487,-24.6000
35540,P1,BASE,-80.00,-82.49,-158,R,2454,-24.5751
35550,P1,BASE,-80.00,-80.00,-161,R,2422,-24.5751
35560,P1,BASE,-80.00,-82.52,-158,R,2389,-24.5499
35570,P1,BASE,-80.00,-80.01,-161,R,2357,-24.5499
35580,P1,BASE,-80.00,-79.98,-161,R,2325,-24.5500
35590,P1,BASE,-80.00,-79.99,-161,R,2293,-24.5501
35600,P1,BASE,-80.00,-82.49,-158,R,2260,-24.5252
35610,P1,BASE,-80.00,-77.50,-163,R,2229,-24.5502
35620,P1,BASE,-80.00,-80.02,-161,R,2197,-24.5500
35630,P1,BASE,-80.00,-79.99,-161,R,2165,-24.5501
35640,P1,BASE,-80.00,-77.52,-163,R,2134,-24.5750
35650,P1,BASE,-80.00,-79.99,-161,R,2102,-24.5750
35660,P1,BASE,-80.00,-79.99,-161,R,2070,-24.5751
35670,P1,BASE,-80.00,-80.00,-161,R,2038,-24.5751
35680,P1,BASE,-80.00,-80.02,-161,R,2006,-24.5749
35690,P1,BASE,-80.00,-82.48,-158,R,1973,-24.5500
35700,P1,BASE,-80.00,-80.01,-161,R,1941,-24.5500
35710,P1,BASE,-80.00,-79.98,-161,R,1909,-24.5502
35720,P1,BASE,-80.00,-80.02,-161,R,1877,-24.5500
35730,P1,BASE,-80.00,-82.48,-158,R,1844,-24.5252
35740,P1,BASE,-80.00,-80.02,-161,R,1812,-24.5250
35750,P1,BASE,-80.00,-82.48,-158,R,1779,-24.5002
35760,P1,BASE,-80.00,-82.52,-158,R,1746,-24.4750
35770,P1,BASE,-80.00,-80.01,-160,R,1714,-24.4749
35780,P1,BASE,-80.00,-82.47,-158,R,1681,-24.4502
35790,P1,BASE,-80.00,-80.02,-160,R,1649,-24.4501
35800,P1,BASE,-80.00,-80.01,-160,R,1617,-24.4500
35810,P1,BASE,-80.00,-79.99,-160,R,1585,-24.4501
35820,P1,BASE,-80.00,-80.02,-160,R,1553,-24.4499
35830,P1,BASE,-80.00,-79.99,-160,R,1521,-24.4500
35840,P1,BASE,-80.00,-79.99,-160,R,1489,-24.4501
35850,P1,BASE,-80.00,-80.00,-160,R,1457,-24.4501
35860,P1,BASE,-80.00,-80.00,-160,R,1425,-24.4501
35870,P1,BASE,-80.00,-80.00,-160,R,1393,-24.4501
35880,P1,BASE,-80.00,-80.01,-160,R,1361,-24.4500
35890,P1,BASE,-80.00,-79.98,-160,R,1329,-24.4501
35900,P1,BASE,-80.00,-80.02,-160,R,1297,-24.4499
35910,P1,BASE,-80.00,-82.49,-157,R,1264,-24.4250
35920,P1,BASE,-80.00,-79.98,-160,R,1232,-24.4252
35930,P1,BASE,-80.00,-80.03,-160,R,1200,-24.4249
35940,P1,BASE,-80.00,-79.99,-160,R,1168,-24.4250
35950,P1,BASE,-80.00,-80.00,-160,R,1136,-24.4250
35960,P1,BASE,-80.00,-79.99,-160,R,1104,-24.4251
35970,P1,BASE,-80.00,-80.01,-160,R,1072,-24.4250
35980,P1,BASE,-80.00,-79.99,-160,R,1040,-24.4251
35990,P1,BASE,-80.00,-77.52,-163,R,1009,-24.4499
36000,P1,BASE,-80.00,-77.50,-163,R,978,-24.4749
36010,P1,BASE,0.00,-79.98,-133,R,946,-23.6751
36020,P1,BASE,0.00,-77.48,-103,R,915,-22.9003
36030,P1,BASE,0.00,-77.51,-73,R,884,-22.1252
36040,P1,BASE,0.00,-75.00,-64,R,854,-21.3752
36050,P1,BASE,0.00,-72.51,-61,R,825,-20.6501
36060,P1,BASE,0.00,-67.49,-62,R,798,-19.9752
36070,P1,BASE,0.00,-62.51,-63,R,773,-19.3501
36080,P1,BASE,0.00,-62.50,-59,R,748,-18.7251
36090,P1,BASE,0.00,-57.50,-60,R,725,-18.1501
36100,P1,BASE,0.00,-55.00,-59,R,703,-17.6001
36110,P1,BASE,0.00,-52.49,-58,R,682,-17.0751
36120,P1,BASE,0.00,-50.00,-57,R,662,-16.5751
36130,P1,BASE,0.00,-45.00,-60,R,644,-16.1251
36140,P1,BASE,0.00,-42.51,-59,R,627,-15.7001
36150,P1,BASE,0.00,-40.00,-59,R,611,-15.3001
36160,P1,BASE,0.00,-37.49,-59,R,596,-14.9251
36170,P1,BASE,0.00,-37.51,-57,R,581,-14.5501
36180,P1,BASE,0.00,-30.00,-63,R,569,-14.2500
36190,P1,BASE,0.00,-29.99,-61,R,557,-13.9501
36200,P1,BASE,0.00,-27.51,-61,R,546,-13.6750
36210,P1,BASE,0.00,-25.00,-62,R,536,-13.4251
36220,P1,BASE,0.00,-25.00,-61,R,526,-13.1751
36230,P1,BASE,0.00,-17.50,-67,R,519,-13.0001
36240,P1,BASE,0.00,-20.01,-63,R,511,-12.8000
36250,P1,BASE,0.00,-15.00,-67,R,505,-12.6500
36260,P1,BASE,0.00,-15.00,-66,R,499,-12.5001
36270,P1,BASE,0.00,-12.50,-68,R,494,-12.3750
36280,P1,BASE,0.00,-12.50,-67,R,489,-12.2501
36290,P1,BASE,0.00,-7.50,-72,R,486,-12.1751
36300,P1,BASE,0.00,-7.50,-71,R,483,-12.1001
36310,P1,BASE,0.00,-5.00,-74,R,481,-12.0501
36320,P1,BASE,0.00,-5.00,-73,R,479,-12.0001
36330,P1,BASE,0.00,-2.50,-76,R,478,-11.9751
36340,P1,BASE,0.00,-5.00,-73,R,476,-11.9251
36350,P1,BASE,0.00,-5.00,-72,R,474,-11.8751
36360,P1,BASE,0.00,-2.50,-75,R,473,-11.8501
36370,P1,BASE,0.00,-2.50,-75,R,472,-11.8251
36380,P1,BASE,0.00,0.00,-77,R,472,-11.8251
36390,P1,BASE,0.00,0.00,-77,R,472,-11.8251
36400,P1,BASE,0.00,0.00,-77,R,472,-11.8251
36410,P1,BASE,0.00,0.00,-77,R,472,-11.8251
36420,P1,BASE,0.00,0.00,-77,R,472,-11.8251
36430,P1,BASE,0.00,0.00,-77,R,472,-11.8251
36440,P1,BASE,0.00,0.00,-77,R,472,-11.8251
36450,P1,BASE,0.00,0.00,-77,R,472,-11.8251
36460,P1,BASE,0.00,0.00,-77,R,472,-11.8251
36470,P1,BASE,0.00,0.00,-77,R,472,-11.8251
36480,P1,BASE,0.00,0.00,-77,R,472,-11.8251
36490,P1,BASE,0.00,0.00,-77,R,472,-11.8251
36500,P1,BASE,0.00,0.00,-77,R,472,-11.8251
36510,P1,BASE,0.00,0.00,-77,R,472,-11.8251
36520,P1,BASE,0.00,0.00,-77,R,472,-11.8251
36530,P1,BASE,0.00,0.00,-77,R,472,-11.8251
36540,P1,BASE,0.00,0.00,-77,R,472,-11.8251
36550,P1,BASE,0.00,0.00,-77,R,472,-11.8251
36560,P1,BASE,0.00,0.00,-77,R,472,-11.8251
36570,P1,BASE,0.00,0.00,-77,R,472,-11.8251
36580,P1,BASE,0.00,0.00,-77,R,472,-11.8251
36590,P1,BASE,0.00,0.00,-77,R,472,-11.8251
36600,P1,BASE,0.00,0.00,-77,R,472,-11.8251
36610,P1,BASE,0.00,0.00,-77,R,472,-11.8251
36620,P1,BASE,0.00,0.00,-77,R,472,-11.8251
36630,P1,BASE,0.00,0.00,-77,R,472,-11.8251
36640,P1,BASE,0.00,0.00,-77,R,472,-11.8251
36650,P1,BASE,0.00,0.00,-77,R,472,-11.8251
36660,P1,BASE,0.00,0.00,-77,R,472,-11.8251
36670,P1,BASE,0.00,0.00,-77,R,472,-11.8251
36680,P1,BASE,0.00,0.00,-77,R,472,-11.8251
36690,P1,BASE,0.00,0.00,-77,R,472,-11.8251
36700,P1,BASE,0.00,0.00,-77,R,472,-11.8251
36710,P1,BASE,0.00,0.00,-77,R,472,-11.8251
36720,P1,BASE,0.00,0.00,-77,R,472,-11.8251
36730,P1,BASE,0.00,0.00,-77,R,472,-11.8251
36740,P1,BASE,0.00,0.00,-77,R,472,-11.8251
36750,P1,BASE,0.00,0.00,-77,R,472,-11.8251
36760,P1,BASE,0.00,0.00,-77,R,472,-11.8251
36770,P1,BASE,0.00,0.00,-77,R,472,-11.8251
36780,P1,BASE,0.00,0.00,-77,R,472,-11.8251
36790,P1,BASE,0.00,0.00,-77,R,472,-11.8251
36800,P1,BASE,0.00,0.00,-77,R,472,-11.8251
36810,P1,BASE,0.00,0.00,-77,R,472,-11.8251
36820,P1,BASE,0.00,0.00,-77,R,472,-11.8251
36830,P1,BASE,0.00,0.00,-77,R,472,-11.8251
36840,P1,BASE,0.00,0.00,-77,R,472,-11.8251
36850,P1,BASE,0.00,0.00,-77,R,472,-11.8251
36860,P1,BASE,0.00,0.00,-77,R,472,-11.8251
36870,P1,BASE,0.00,0.00,-77,R,472,-11.8251
36880,P1,BASE,0.00,0.00,-77,R,472,-11.8251
36890,P1,BASE,0.00,0.00,-77,R,472,-11.8251
36900,P1,BASE,0.00,0.00,-77,R,472,-11.8251
36910,P1,BASE,0.00,0.00,-77,R,472,-11.8251
36920,P1,BASE,0.00,0.00,-77,R,472,-11.8251
36930,P1,BASE,0.00,0.00,-77,R,472,-11.8251
36940,P1,BASE,0.00,0.00,-77,R,472,-11.8251
36950,P1,BASE,0.00,0.00,-77,R,472,-11.8251
36960,P1,BASE,0.00,0.00,-77,R,472,-11.8251
36970,P1,BASE,0.00,0.00,-77,R,472,-11.8251
36980,P1,BASE,0.00,0.00,-77,R,472,-11.8251
36990,P1,BASE,0.00,0.00,-77,R,472,-11.8251
37000,P1,BASE,0.00,0.00,-77,R,472,-11.8251
37010,P1,BASE,0.00,0.00,-77,R,472,-11.8251
37020,P1,BASE,0.00,0.00,-77,R,472,-11.8251
37030,P1,BASE,0.00,0.00,-77,R,472,-11.8251
37040,P1,BASE,0.00,0.00,-77,R,472,-11.8251
37050,P1,BASE,0.00,0.00,-77,R,472,-11.8251
37060,P1,BASE,0.00,0.00,-77,R,472,-11.8251
37070,P1,BASE,0.00,0.00,-77,R,472,-11.8251
37080,P1,BASE,0.00,0.00,-77,R,472,-11.8251
37090,P1,BASE,0.00,0.00,-77,R,472,-11.8251
37100,P1,BASE,0.00,0.00,-77,R,472,-11.8251
37110,P1,BASE,0.00,0.00,-77,R,472,-11.8251
37120,P1,BASE,0.00,0.00,-77,R,472,-11.8251
37130,P1,BASE,0.00,0.00,-77,R,472,-11.8251
37140,P1,BASE,0.00,0.00,-77,R,472,-11.8251
37150,P1,BASE,0.00,0.00,-77,R,472,-11.8251
37160,P1,BASE,0.00,0.00,-77,R,472,-11.8251
37170,P1,BASE,0.00,0.00,-77,R,472,-11.8251
37180,P1,BASE,0.00,0.00,-77,R,472,-11.8251
37190,P1,BASE,0.00,0.00,-77,R,472,-11.8251
37200,P1,BASE,0.00,0.00,-77,R,472,-11.8251
37210,P1,BASE,0.00,0.00,-77,R,472,-11.8251
37220,P1,BASE,0.00,0.00,-77,R,472,-11.8251
37230,P1,BASE,0.00,0.00,-77,R,472,-11.8251
37240,P1,BASE,0.00,0.00,-77,R,472,-11.8251
37250,P1,BASE,0.00,0.00,-77,R,472,-11.8251
37260,P1,BASE,0.00,0.00,-77,R,472,-11.8251
37270,P1,BASE,0.00,0.00,-77,R,472,-11.8251
37280,P1,BASE,0.00,0.00,-77,R,472,-11.8251
37290,P1,BASE,0.00,0.00,-77,R,472,-11.8251
37300,P1,BASE,0.00,0.00,-77,R,472,-11.8251
37310,P1,BASE,0.00,0.00,-77,R,472,-11.8251
37320,P1,BASE,0.00,0.00,-77,R,472,-11.8251
37330,P1,BASE,0.00,0.00,-77,R,472,-11.8251
37340,P1,BASE,0.00,0.00,-77,R,472,-11.8251
37350,P1,BASE,0.00,0.00,-77,R,472,-11.8251
37360,P1,BASE,0.00,0.00,-77,R,472,-11.8251
37370,P1,BASE,0.00,0.00,-77,R,472,-11.8251
37380,P1,BASE,0.00,0.00,-77,R,472,-11.8251
37390,P1,BASE,0.00,0.00,-77,R,472,-11.8251
37400,P1,BASE,0.00,0.00,-77,R,472,-11.8251
37410,P1,BASE,0.00,0.00,-77,R,472,-11.8251
37420,P1,BASE,0.00,0.00,-77,R,472,-11.8251
37430,P1,BASE,0.00,0.00,-77,R,472,-11.8251
37440,P1,BASE,0.00,0.00,-77,R,472,-11.8251
37450,P1,BASE,0.00,0.00,-77,R,472,-11.8251
37460,P1,BASE,0.00,0.00,-77,R,472,-11.8251
37470,P1,BASE,0.00,0.00,-77,R,472,-11.8251
37480,P1,BASE,0.00,0.00,-77,R,472,-11.8251
37490,P1,BASE,0.00,0.00,-77,R,472,-11.8251
37500,P1,BASE,0.00,0.00,-77,R,472,-11.8251
37510,P1,BASE,0.00,0.00,-77,R,472,-11.8251
37520,P1,BASE,0.00,0.00,-77,R,472,-11.8251
37530,P1,BASE,0.00,0.00,-77,R,472,-11.8251
37540,P1,BASE,0.00,0.00,-77,R,472,-11.8251
37550,P1,BASE,0.00,0.00,-77,R,472,-11.8251
37560,P1,BASE,0.00,0.00,-77,R,472,-11.8251
37570,P1,BASE,0.00,0.00,-77,R,472,-11.8251
37580,P1,BASE,0.00,0.00,-77,R,472,-11.8251
37590,P1,BASE,0.00,0.00,-77,R,472,-11.8251
37600,P1,BASE,0.00,0.00,-77,R,472,-11.8251
37610,P1,BASE,0.00,0.00,-77,R,472,-11.8251
37620,P1,BASE,0.00,0.00,-77,R,472,-11.8251
37630,P1,BASE,0.00,0.00,-77,R,472,-11.8251
37640,P1,BASE,0.00,0.00,-77,R,472,-11.8251
37650,P1,BASE,0.00,0.00,-77,R,472,-11.8251
37660,P1,BASE,0.00,0.00,-77,R,472,-11.8251
37670,P1,BASE,0.00,0.00,-77,R,472,-11.8251
37680,P1,BASE,0.00,0.00,-77,R,472,-11.8251
37690,P1,BASE,0.00,0.00,-77,R,472,-11.8251
37700,P1,BASE,0.00,0.00,-77,R,472,-11.8251
37710,P1,BASE,0.00,0.00,-77,R,472,-11.8251
37720,P1,BASE,0.00,0.00,-77,R,472,-11.8251
37730,P1,BASE,0.00,0.00,-77,R,472,-11.8251
37740,P1,BASE,0.00,0.00,-77,R,472,-11.8251
37750,P1,BASE,0.00,0.00,-77,R,472,-11.8251
37760,P1,BASE,0.00,0.00,-77,R,472,-11.8251
37770,P1,BASE,0.00,0.00,-77,R,472,-11.8251
37780,P1,BASE,0.00,0.00,-77,R,472,-11.8251
37790,P1,BASE,0.00,0.00,-77,R,472,-11.8251
37800,P1,BASE,0.00,0.00,-77,R,472,-11.8251
37810,P1,BASE,0.00,0.00,-77,R,472,-11.8251
37820,P1,BASE,0.00,0.00,-77,R,472,-11.8251
37830,P1,BASE,0.00,0.00,-77,R,472,-11.8251
37840,P1,BASE,0.00,0.00,-77,R,472,-11.8251
37850,P1,BASE,0.00,0.00,-77,R,472,-11.8251
37860,P1,BASE,0.00,0.00,-77,R,472,-11.8251
37870,P1,BASE,0.00,0.00,-77,R,472,-11.8251
37880,P1,BASE,0.00,0.00,-77,R,472,-11.8251
37890,P1,BASE,0.00,0.00,-77,R,472,-11.8251
37900,P1,BASE,0.00,0.00,-77,R,472,-11.8251
37910,P1,BASE,0.00,0.00,-77,R,472,-11.8251
37920,P1,BASE,0.00,0.00,-77,R,472,-11.8251
37930,P1,BASE,0.00,0.00,-77,R,472,-11.8251
37940,P1,BASE,0.00,0.00,-77,R,472,-11.8251
37950,P1,BASE,0.00,0.00,-77,R,472,-11.8251
37960,P1,BASE,0.00,0.00,-77,R,472,-11.8251
37970,P1,BASE,0.00,0.00,-77,R,472,-11.8251
37980,P1,BASE,0.00,0.00,-77,R,472,-11.8251
37990,P1,BASE,0.00,0.00,-77,R,472,-11.8251
38000,P1,BASE,0.00,0.00,-77,R,472,-11.8251
38010,P1,BASE,0.00,0.00,-77,R,472,-11.8251
38020,P1,BASE,0.00,0.00,-77,R,472,-11.8251
38030,P1,BASE,0.00,0.00,-77,R,472,-11.8251
38040,P1,BASE,0.00,0.00,-77,R,472,-11.8251
38050,P1,BASE,0.00,0.00,-77,R,472,-11.8251
38060,P1,BASE,0.00,0.00,-77,R,472,-11.8251
38070,P1,BASE,0.00,0.00,-77,R,472,-11.8251
38080,P1,BASE,0.00,0.00,-77,R,472,-11.8251
38090,P1,BASE,0.00,0.00,-77,R,472,-11.8251
38100,P1,BASE,0.00,0.00,-77,R,472,-11.8251
38110,P1,BASE,0.00,0.00,-77,R,472,-11.8251
38120,P1,BASE,0.00,0.00,-77,R,472,-11.8251
38130,P1,BASE,0.00,0.00,-77,R,472,-11.8251
38140,P1,BASE,0.00,0.00,-77,R,472,-11.8251
38150,P1,BASE,0.00,0.00,-77,R,472,-11.8251
38160,P1,BASE,0.00,0.00,-77,R,472,-11.8251
38170,P1,BASE,0.00,0.00,-77,R,472,-11.8251
38180,P1,BASE,0.00,0.00,-77,R,472,-11.8251
38190,P1,BASE,0.00,0.00,-77,R,472,-11.8251
38200,P1,BASE,0.00,0.00,-77,R,472,-11.8251
38210,P1,BASE,0.00,0.00,-77,R,472,-11.8251
38220,P1,BASE,0.00,0.00,-77,R,472,-11.8251
38230,P1,BASE,0.00,0.00,-77,R,472,-11.8251
38240,P1,BASE,0.00,0.00,-77,R,472,-11.8251
38250,P1,BASE,0.00,0.00,-77,R,472,-11.8251
38260,P1,BASE,0.00,0.00,-77,R,472,-11.8251
38270,P1,BASE,0.00,0.00,-77,R,472,-11.8251
38280,P1,BASE,0.00,0.00,-77,R,472,-11.8251
38290,P1,BASE,0.00,0.00,-77,R,472,-11.8251
38300,P1,BASE,0.00,0.00,-77,R,472,-11.8251
38310,P1,BASE,0.00,0.00,-77,R,472,-11.8251
38320,P1,BASE,0.00,0.00,-77,R,472,-11.8251
38330,P1,BASE,0.00,0.00,-77,R,472,-11.8251
38340,P1,BASE,0.00,0.00,-77,R,472,-11.8251
38350,P1,BASE,0.00,0.00,-77,R,472,-11.8251
38360,P1,BASE,0.00,0.00,-77,R,472,-11.8251
38370,P1,BASE,0.00,0.00,-77,R,472,-11.8251
38380,P1,BASE,0.00,0.00,-77,R,472,-11.8251
38390,P1,BASE,0.00,0.00,-77,R,472,-11.8251
38400,P1,BASE,0.00,0.00,-77,R,472,-11.8251
38410,P1,BASE,0.00,0.00,-77,R,472,-11.8251
38420,P1,BASE,0.00,0.00,-77,R,472,-11.8251
38430,P1,BASE,0.00,0.00,-77,R,472,-11.8251
38440,P1,BASE,0.00,0.00,-77,R,472,-11.8251
38450,P1,BASE,0.00,0.00,-77,R,472,-11.8251
38460,P1,BASE,0.00,0.00,-77,R,472,-11.8251
38470,P1,BASE,0.00,0.00,-77,R,472,-11.8251
38480,P1,BASE,0.00,0.00,-77,R,472,-11.8251
38490,P1,BASE,0.00,0.00,-77,R,472,-11.8251
38500,P1,BASE,0.00,0.00,-77,R,472,-11.8251
38510,P1,BASE,0.00,0.00,-77,R,472,-11.8251
38520,P1,BASE,0.00,0.00,-77,R,472,-11.8251
38530,P1,BASE,0.00,0.00,-77,R,472,-11.8251
38540,P1,BASE,0.00,0.00,-77,R,472,-11.8251
38550,P1,BASE,0.00,0.00,-77,R,472,-11.8251
38560,P1,BASE,0.00,0.00,-77,R,472,-11.8251
38570,P1,BASE,0.00,0.00,-77,R,472,-11.8251
38580,P1,BASE,0.00,0.00,-77,R,472,-11.8251
38590,P1,BASE,0.00,0.00,-77,R,472,-11.8251
38600,P1,BASE,0.00,0.00,-77,R,472,-11.8251
38610,P1,BASE,0.00,0.00,-77,R,472,-11.8251
38620,P1,BASE,0.00,0.00,-77,R,472,-11.8251
38630,P1,BASE,0.00,0.00,-77,R,472,-11.8251
38640,P1,BASE,0.00,0.00,-77,R,472,-11.8251
38650,P1,BASE,0.00,0.00,-77,R,472,-11.8251
38660,P1,BASE,0.00,0.00,-77,R,472,-11.8251
38670,P1,BASE,0.00,0.00,-77,R,472,-11.8251
38680,P1,BASE,0.00,0.00,-77,R,472,-11.8251
38690,P1,BASE,0.00,0.00,-77,R,472,-11.8251
38700,P1,BASE,0.00,0.00,-77,R,472,-11.8251
38710,P1,BASE,0.00,0.00,-77,R,472,-11.8251
38720,P1,BASE,0.00,0.00,-77,R,472,-11.8251
38730,P1,BASE,0.00,0.00,-77,R,472,-11.8251
38740,P1,BASE,0.00,0.00,-77,R,472,-11.8251
38750,P1,BASE,0.00,0.00,-77,R,472,-11.8251
38760,P1,BASE,0.00,0.00,-77,R,472,-11.8251
38770,P1,BASE,0.00,0.00,-77,R,472,-11.8251
38780,P1,BASE,0.00,0.00,-77,R,472,-11.8251
38790,P1,BASE,0.00,0.00,-77,R,472,-11.8251
38800,P1,BASE,0.00,0.00,-77,R,472,-11.8251
38810,P1,BASE,0.00,0.00,-77,R,472,-11.8251
38820,P1,BASE,0.00,0.00,-77,R,472,-11.8251
38830,P1,BASE,0.00,0.00,-77,R,472,-11.8251
38840,P1,BASE,0.00,0.00,-77,R,472,-11.8251
38850,P1,BASE,0.00,0.00,-77,R,472,-11.8251
38860,P1,BASE,0.00,0.00,-77,R,472,-11.8251
38870,P1,BASE,0.00,0.00,-77,R,472,-11.8251
38880,P1,BASE,0.00,0.00,-77,R,472,-11.8251
38890,P1,BASE,0.00,0.00,-77,R,472,-11.8251
38900,P1,BASE,0.00,0.00,-77,R,472,-11.8251
38910,P1,BASE,0.00,0.00,-77,R,472,-11.8251
38920,P1,BASE,0.00,0.00,-77,R,472,-11.8251
38930,P1,BASE,0.00,0.00,-77,R,472,-11.8251
38940,P1,BASE,0.00,0.00,-77,R,472,-11.8251
38950,P1,BASE,0.00,0.00,-77,R,472,-11.8251
38960,P1,BASE,0.00,0.00,-77,R,472,-11.8251
38970,P1,BASE,0.00,0.00,-77,R,472,-11.8251
38980,P1,BASE,0.00,0.00,-77,R,472,-11.8251
38990,P1,BASE,0.00,0.00,-77,R,472,-11.8251
39000,P1,BASE,0.00,0.00,-77,R,472,-11.8251
