t_ms,profile,controller,ref_rpm,meas_rpm,pwm_cmd,dir,enc_count,integrator
0,P1,BASE,0.00,0.00,0,N,0,0.0000
10,P1,BASE,0.00,0.00,0,N,0,0.0000
20,P1,BASE,0.00,0.00,0,N,0,0.0000
30,P1,BASE,0.00,0.00,0,N,0,0.0000
40,P1,BASE,0.00,0.00,0,N,0,0.0000
50,P1,BASE,0.00,0.00,0,N,0,0.0000
60,P1,BASE,0.00,0.00,0,N,0,0.0000
70,P1,BASE,0.00,0.00,0,N,0,0.0000
80,P1,BASE,0.00,0.00,0,N,0,0.0000
90,P1,BASE,0.00,0.00,0,N,0,0.0000
100,P1,BASE,0.00,0.00,0,N,0,0.0000
110,P1,BASE,0.00,0.00,0,N,0,0.0000
120,P1,BASE,0.00,0.00,0,N,0,0.0000
130,P1,BASE,0.00,0.00,0,N,0,0.0000
140,P1,BASE,0.00,0.00,0,N,0,0.0000
150,P1,BASE,0.00,0.00,0,N,0,0.0000
160,P1,BASE,0.00,0.00,0,N,0,0.0000
170,P1,BASE,0.00,0.00,0,N,0,0.0000
180,P1,BASE,0.00,0.00,0,N,0,0.0000
190,P1,BASE,0.00,0.00,0,N,0,0.0000
200,P1,BASE,0.00,0.00,0,N,0,0.0000
210,P1,BASE,0.00,0.00,0,N,0,0.0000
220,P1,BASE,0.00,0.00,0,N,0,0.0000
230,P1,BASE,0.00,0.00,0,N,0,0.0000
240,P1,BASE,0.00,0.00,0,N,0,0.0000
250,P1,BASE,0.00,0.00,0,N,0,0.0000
260,P1,BASE,0.00,0.00,0,N,0,0.0000
270,P1,BASE,0.00,0.00,0,N,0,0.0000
280,P1,BASE,0.00,0.00,0,N,0,0.0000
290,P1,BASE,0.00,0.00,0,N,0,0.0000
300,P1,BASE,0.00,0.00,0,N,0,0.0000
310,P1,BASE,0.00,0.00,0,N,0,0.0000
320,P1,BASE,0.00,0.00,0,N,0,0.0000
330,P1,BASE,0.00,0.00,0,N,0,0.0000
340,P1,BASE,0.00,0.00,0,N,0,0.0000
350,P1,BASE,0.00,0.00,0,N,0,0.0000
360,P1,BASE,0.00,0.00,0,N,0,0.0000
370,P1,BASE,0.00,0.00,0,N,0,0.0000
380,P1,BASE,0.00,0.00,0,N,0,0.0000
390,P1,BASE,0.00,0.00,0,N,0,0.0000
400,P1,BASE,0.00,0.00,0,N,0,0.0000
410,P1,BASE,0.00,0.00,0,N,0,0.0000
420,P1,BASE,0.00,0.00,0,N,0,0.0000
430,P1,BASE,0.00,0.00,0,N,0,0.0000
440,P1,BASE,0.00,0.00,0,N,0,0.0000
450,P1,BASE,0.00,0.00,0,N,0,0.0000
460,P1,BASE,0.00,0.00,0,N,0,0.0000
470,P1,BASE,0.00,0.00,0,N,0,0.0000
480,P1,BASE,0.00,0.00,0,N,0,0.0000
490,P1,BASE,0.00,0.00,0,N,0,0.0000
500,P1,BASE,0.00,0.00,0,N,0,0.0000
510,P1,BASE,0.00,0.00,0,N,0,0.0000
520,P1,BASE,0.00,0.00,0,N,0,0.0000
530,P1,BASE,0.00,0.00,0,N,0,0.0000
540,P1,BASE,0.00,0.00,0,N,0,0.0000
550,P1,BASE,0.00,0.00,0,N,0,0.0000
560,P1,BASE,0.00,0.00,0,N,0,0.0000
570,P1,BASE,0.00,0.00,0,N,0,0.0000
580,P1,BASE,0.00,0.00,0,N,0,0.0000
590,P1,BASE,0.00,0.00,0,N,0,0.0000
600,P1,BASE,0.00,0.00,0,N,0,0.0000
610,P1,BASE,0.00,0.00,0,N,0,0.0000
620,P1,BASE,0.00,0.00,0,N,0,0.0000
630,P1,BASE,0.00,0.00,0,N,0,0.0000
640,P1,BASE,0.00,0.00,0,N,0,0.0000
650,P1,BASE,0.00,0.00,0,N,0,0.0000
660,P1,BASE,0.00,0.00,0,N,0,0.0000
670,P1,BASE,0.00,0.00,0,N,0,0.0000
680,P1,BASE,0.00,0.00,0,N,0,0.0000
690,P1,BASE,0.00,0.00,0,N,0,0.0000
700,P1,BASE,0.00,0.00,0,N,0,0.0000
710,P1,BASE,0.00,0.00,0,N,0,0.0000
720,P1,BASE,0.00,0.00,0,N,0,0.0000
730,P1,BASE,0.00,0.00,0,N,0,0.0000
740,P1,BASE,0.00,0.00,0,N,0,0.0000
750,P1,BASE,0.00,0.00,0,N,0,0.0000
760,P1,BASE,0.00,0.00,0,N,0,0.0000
770,P1,BASE,0.00,0.00,0,N,0,0.0000
780,P1,BASE,0.00,0.00,0,N,0,0.0000
790,P1,BASE,0.00,0.00,0,N,0,0.0000
800,P1,BASE,0.00,0.00,0,N,0,0.0000
810,P1,BASE,0.00,0.00,0,N,0,0.0000
820,P1,BASE,0.00,0.00,0,N,0,0.0000
830,P1,BASE,0.00,0.00,0,N,0,0.0000
840,P1,BASE,0.00,0.00,0,N,0,0.0000
850,P1,BASE,0.00,0.00,0,N,0,0.0000
860,P1,BASE,0.00,0.00,0,N,0,0.0000
870,P1,BASE,0.00,0.00,0,N,0,0.0000
880,P1,BASE,0.00,0.00,0,N,0,0.0000
890,P1,BASE,0.00,0.00,0,N,0,0.0000
900,P1,BASE,0.00,0.00,0,N,0,0.0000
910,P1,BASE,0.00,0.00,0,N,0,0.0000
920,P1,BASE,0.00,0.00,0,N,0,0.0000
930,P1,BASE,0.00,0.00,0,N,0,0.0000
940,P1,BASE,0.00,0.00,0,N,0,0.0000
950,P1,BASE,0.00,0.00,0,N,0,0.0000
960,P1,BASE,0.00,0.00,0,N,0,0.0000
970,P1,BASE,0.00,0.00,0,N,0,0.0000
980,P1,BASE,0.00,0.00,0,N,0,0.0000
990,P1,BASE,0.00,0.00,0,N,0,0.0000
1000,P1,BASE,0.00,0.00,0,N,0,0.0000
1010,P1,BASE,0.00,0.00,0,N,0,0.0000
1020,P1,BASE,0.00,0.00,0,N,0,0.0000
1030,P1,BASE,0.00,0.00,0,N,0,0.0000
1040,P1,BASE,0.00,0.00,0,N,0,0.0000
1050,P1,BASE,0.00,0.00,0,N,0,0.0000
1060,P1,BASE,0.00,0.00,0,N,0,0.0000
1070,P1,BASE,0.00,0.00,0,N,0,0.0000
1080,P1,BASE,0.00,0.00,0,N,0,0.0000
1090,P1,BASE,0.00,0.00,0,N,0,0.0000
1100,P1,BASE,0.00,0.00,0,N,0,0.0000
1110,P1,BASE,0.00,0.00,0,N,0,0.0000
1120,P1,BASE,0.00,0.00,0,N,0,0.0000
1130,P1,BASE,0.00,0.00,0,N,0,0.0000
1140,P1,BASE,0.00,0.00,0,N,0,0.0000
1150,P1,BASE,0.00,0.00,0,N,0,0.0000
1160,P1,BASE,0.00,0.00,0,N,0,0.0000
1170,P1,BASE,0.00,0.00,0,N,0,0.0000
1180,P1,BASE,0.00,0.00,0,N,0,0.0000
1190,P1,BASE,0.00,0.00,0,N,0,0.0000
1200,P1,BASE,0.00,0.00,0,N,0,0.0000
1210,P1,BASE,0.00,0.00,0,N,0,0.0000
1220,P1,BASE,0.00,0.00,0,N,0,0.0000
1230,P1,BASE,0.00,0.00,0,N,0,0.0000
1240,P1,BASE,0.00,0.00,0,N,0,0.0000
1250,P1,BASE,0.00,0.00,0,N,0,0.0000
1260,P1,BASE,0.00,0.00,0,N,0,0.0000
1270,P1,BASE,0.00,0.00,0,N,0,0.0000
1280,P1,BASE,0.00,0.00,0,N,0,0.0000
1290,P1,BASE,0.00,0.00,0,N,0,0.0000
1300,P1,BASE,0.00,0.00,0,N,0,0.0000
1310,P1,BASE,0.00,0.00,0,N,0,0.0000
1320,P1,BASE,0.00,0.00,0,N,0,0.0000
1330,P1,BASE,0.00,0.00,0,N,0,0.0000
1340,P1,BASE,0.00,0.00,0,N,0,0.0000
1350,P1,BASE,0.00,0.00,0,N,0,0.0000
1360,P1,BASE,0.00,0.00,0,N,0,0.0000
1370,P1,BASE,0.00,0.00,0,N,0,0.0000
1380,P1,BASE,0.00,0.00,0,N,0,0.0000
1390,P1,BASE,0.00,0.00,0,N,0,0.0000
1400,P1,BASE,0.00,0.00,0,N,0,0.0000
1410,P1,BASE,0.00,0.00,0,N,0,0.0000
1420,P1,BASE,0.00,0.00,0,N,0,0.0000
1430,P1,BASE,0.00,0.00,0,N,0,0.0000
1440,P1,BASE,0.00,0.00,0,N,0,0.0000
1450,P1,BASE,0.00,0.00,0,N,0,0.0000
1460,P1,BASE,0.00,0.00,0,N,0,0.0000
1470,P1,BASE,0.00,0.00,0,N,0,0.0000
1480,P1,BASE,0.00,0.00,0,N,0,0.0000
1490,P1,BASE,0.00,0.00,0,N,0,0.0000
1500,P1,BASE,0.00,0.00,0,N,0,0.0000
1510,P1,BASE,0.00,0.00,0,N,0,0.0000
1520,P1,BASE,0.00,0.00,0,N,0,0.0000
1530,P1,BASE,0.00,0.00,0,N,0,0.0000
1540,P1,BASE,0.00,0.00,0,N,0,0.0000
1550,P1,BASE,0.00,0.00,0,N,0,0.0000
1560,P1,BASE,0.00,0.00,0,N,0,0.0000
1570,P1,BASE,0.00,0.00,0,N,0,0.0000
1580,P1,BASE,0.00,0.00,0,N,0,0.0000
1590,P1,BASE,0.00,0.00,0,N,0,0.0000
1600,P1,BASE,0.00,0.00,0,N,0,0.0000
1610,P1,BASE,0.00,0.00,0,N,0,0.0000
1620,P1,BASE,0.00,0.00,0,N,0,0.0000
1630,P1,BASE,0.00,0.00,0,N,0,0.0000
1640,P1,BASE,0.00,0.00,0,N,0,0.0000
1650,P1,BASE,0.00,0.00,0,N,0,0.0000
1660,P1,BASE,0.00,0.00,0,N,0,0.0000
1670,P1,BASE,0.00,0.00,0,N,0,0.0000
1680,P1,BASE,0.00,0.00,0,N,0,0.0000
1690,P1,BASE,0.00,0.00,0,N,0,0.0000
1700,P1,BASE,0.00,0.00,0,N,0,0.0000
1710,P1,BASE,0.00,0.00,0,N,0,0.0000
1720,P1,BASE,0.00,0.00,0,N,0,0.0000
1730,P1,BASE,0.00,0.00,0,N,0,0.0000
1740,P1,BASE,0.00,0.00,0,N,0,0.0000
1750,P1,BASE,0.00,0.00,0,N,0,0.0000
1760,P1,BASE,0.00,0.00,0,N,0,0.0000
1770,P1,BASE,0.00,0.00,0,N,0,0.0000
1780,P1,BASE,0.00,0.00,0,N,0,0.0000
1790,P1,BASE,0.00,0.00,0,N,0,0.0000
1800,P1,BASE,0.00,0.00,0,N,0,0.0000
1810,P1,BASE,0.00,0.00,0,N,0,0.0000
1820,P1,BASE,0.00,0.00,0,N,0,0.0000
1830,P1,BASE,0.00,0.00,0,N,0,0.0000
1840,P1,BASE,0.00,0.00,0,N,0,0.0000
1850,P1,BASE,0.00,0.00,0,N,0,0.0000
1860,P1,BASE,0.00,0.00,0,N,0,0.0000
1870,P1,BASE,0.00,0.00,0,N,0,0.0000
1880,P1,BASE,0.00,0.00,0,N,0,0.0000
1890,P1,BASE,0.00,0.00,0,N,0,0.0000
1900,P1,BASE,0.00,0.00,0,N,0,0.0000
1910,P1,BASE,0.00,0.00,0,N,0,0.0000
1920,P1,BASE,0.00,0.00,0,N,0,0.0000
1930,P1,BASE,0.00,0.00,0,N,0,0.0000
1940,P1,BASE,0.00,0.00,0,N,0,0.0000
1950,P1,BASE,0.00,0.00,0,N,0,0.0000
1960,P1,BASE,0.00,0.00,0,N,0,0.0000
1970,P1,BASE,0.00,0.00,0,N,0,0.0000
1980,P1,BASE,0.00,0.00,0,N,0,0.0000
1990,P1,BASE,0.00,0.00,0,N,0,0.0000
2000,P1,BASE,0.00,0.00,0,N,0,0.0000
2010,P1,BASE,0.00,0.00,0,N,0,0.0000
2020,P1,BASE,0.00,0.00,0,N,0,0.0000
2030,P1,BASE,0.00,0.00,0,N,0,0.0000
2040,P1,BASE,0.00,0.00,0,N,0,0.0000
2050,P1,BASE,0.00,0.00,0,N,0,0.0000
2060,P1,BASE,0.00,0.00,0,N,0,0.0000
2070,P1,BASE,0.00,0.00,0,N,0,0.0000
2080,P1,BASE,0.00,0.00,0,N,0,0.0000
2090,P1,BASE,0.00,0.00,0,N,0,0.0000
2100,P1,BASE,0.00,0.00,0,N,0,0.0000
2110,P1,BASE,0.00,0.00,0,N,0,0.0000
2120,P1,BASE,0.00,0.00,0,N,0,0.0000
2130,P1,BASE,0.00,0.00,0,N,0,0.0000
2140,P1,BASE,0.00,0.00,0,N,0,0.0000
2150,P1,BASE,0.00,0.00,0,N,0,0.0000
2160,P1,BASE,0.00,0.00,0,N,0,0.0000
2170,P1,BASE,0.00,0.00,0,N,0,0.0000
2180,P1,BASE,0.00,0.00,0,N,0,0.0000
2190,P1,BASE,0.00,0.00,0,N,0,0.0000
2200,P1,BASE,0.00,0.00,0,N,0,0.0000
2210,P1,BASE,0.00,0.00,0,N,0,0.0000
2220,P1,BASE,0.00,0.00,0,N,0,0.0000
2230,P1,BASE,0.00,0.00,0,N,0,0.0000
2240,P1,BASE,0.00,0.00,0,N,0,0.0000
2250,P1,BASE,0.00,0.00,0,N,0,0.0000
2260,P1,BASE,0.00,0.00,0,N,0,0.0000
2270,P1,BASE,0.00,0.00,0,N,0,0.0000
2280,P1,BASE,0.00,0.00,0,N,0,0.0000
2290,P1,BASE,0.00,0.00,0,N,0,0.0000
2300,P1,BASE,0.00,0.00,0,N,0,0.0000
2310,P1,BASE,0.00,0.00,0,N,0,0.0000
2320,P1,BASE,0.00,0.00,0,N,0,0.0000
2330,P1,BASE,0.00,0.00,0,N,0,0.0000
2340,P1,BASE,0.00,0.00,0,N,0,0.0000
2350,P1,BASE,0.00,0.00,0,N,0,0.0000
2360,P1,BASE,0.00,0.00,0,N,0,0.0000
2370,P1,BASE,0.00,0.00,0,N,0,0.0000
2380,P1,BASE,0.00,0.00,0,N,0,0.0000
2390,P1,BASE,0.00,0.00,0,N,0,0.0000
2400,P1,BASE,0.00,0.00,0,N,0,0.0000
2410,P1,BASE,0.00,0.00,0,N,0,0.0000
2420,P1,BASE,0.00,0.00,0,N,0,0.0000
2430,P1,BASE,0.00,0.00,0,N,0,0.0000
2440,P1,BASE,0.00,0.00,0,N,0,0.0000
2450,P1,BASE,0.00,0.00,0,N,0,0.0000
2460,P1,BASE,0.00,0.00,0,N,0,0.0000
2470,P1,BASE,0.00,0.00,0,N,0,0.0000
2480,P1,BASE,0.00,0.00,0,N,0,0.0000
2490,P1,BASE,0.00,0.00,0,N,0,0.0000
2500,P1,BASE,0.00,0.00,0,N,0,0.0000
2510,P1,BASE,0.00,0.00,0,N,0,0.0000
2520,P1,BASE,0.00,0.00,0,N,0,0.0000
2530,P1,BASE,0.00,0.00,0,N,0,0.0000
2540,P1,BASE,0.00,0.00,0,N,0,0.0000
2550,P1,BASE,0.00,0.00,0,N,0,0.0000
2560,P1,BASE,0.00,0.00,0,N,0,0.0000
2570,P1,BASE,0.00,0.00,0,N,0,0.0000
2580,P1,BASE,0.00,0.00,0,N,0,0.0000
2590,P1,BASE,0.00,0.00,0,N,0,0.0000
2600,P1,BASE,0.00,0.00,0,N,0,0.0000
2610,P1,BASE,0.00,0.00,0,N,0,0.0000
2620,P1,BASE,0.00,0.00,0,N,0,0.0000
2630,P1,BASE,0.00,0.00,0,N,0,0.0000
2640,P1,BASE,0.00,0.00,0,N,0,0.0000
2650,P1,BASE,0.00,0.00,0,N,0,0.0000
2660,P1,BASE,0.00,0.00,0,N,0,0.0000
2670,P1,BASE,0.00,0.00,0,N,0,0.0000
2680,P1,BASE,0.00,0.00,0,N,0,0.0000
2690,P1,BASE,0.00,0.00,0,N,0,0.0000
2700,P1,BASE,0.00,0.00,0,N,0,0.0000
2710,P1,BASE,0.00,0.00,0,N,0,0.0000
2720,P1,BASE,0.00,0.00,0,N,0,0.0000
2730,P1,BASE,0.00,0.00,0,N,0,0.0000
2740,P1,BASE,0.00,0.00,0,N,0,0.0000
2750,P1,BASE,0.00,0.00,0,N,0,0.0000
2760,P1,BASE,0.00,0.00,0,N,0,0.0000
2770,P1,BASE,0.00,0.00,0,N,0,0.0000
2780,P1,BASE,0.00,0.00,0,N,0,0.0000
2790,P1,BASE,0.00,0.00,0,N,0,0.0000
2800,P1,BASE,0.00,0.00,0,N,0,0.0000
2810,P1,BASE,0.00,0.00,0,N,0,0.0000
2820,P1,BASE,0.00,0.00,0,N,0,0.0000
2830,P1,BASE,0.00,0.00,0,N,0,0.0000
2840,P1,BASE,0.00,0.00,0,N,0,0.0000
2850,P1,BASE,0.00,0.00,0,N,0,0.0000
2860,P1,BASE,0.00,0.00,0,N,0,0.0000
2870,P1,BASE,0.00,0.00,0,N,0,0.0000
2880,P1,BASE,0.00,0.00,0,N,0,0.0000
2890,P1,BASE,0.00,0.00,0,N,0,0.0000
2900,P1,BASE,0.00,0.00,0,N,0,0.0000
2910,P1,BASE,0.00,0.00,0,N,0,0.0000
2920,P1,BASE,0.00,0.00,0,N,0,0.0000
2930,P1,BASE,0.00,0.00,0,N,0,0.0000
2940,P1,BASE,0.00,0.00,0,N,0,0.0000
2950,P1,BASE,0.00,0.00,0,N,0,0.0000
2960,P1,BASE,0.00,0.00,0,N,0,0.0000
2970,P1,BASE,0.00,0.00,0,N,0,0.0000
2980,P1,BASE,0.00,0.00,0,N,0,0.0000
2990,P1,BASE,0.00,0.00,0,N,0,0.0000
3000,P1,BASE,0.00,0.00,0,N,0,0.0000
3010,P1,BASE,80.00,0.00,30,F,0,0.8000
3020,P1,BASE,80.00,0.00,60,F,0,1.6000
3030,P1,BASE,80.00,0.00,90,F,0,2.4000
3040,P1,BASE,80.00,0.00,102,F,0,3.2000
3050,P1,BASE,80.00,0.00,107,F,0,4.0000
3060,P1,BASE,80.00,0.00,112,F,0,4.8000
3070,P1,BASE,80.00,0.00,118,F,0,5.6000
3080,P1,BASE,80.00,0.00,123,F,0,6.4000
3090,P1,BASE,80.00,0.00,128,F,0,7.2000
3100,P1,BASE,80.00,0.00,133,F,0,8.0000
3110,P1,BASE,80.00,2.50,136,F,1,8.7750
3120,P1,BASE,80.00,0.00,144,F,1,9.5750
3130,P1,BASE,80.00,2.50,146,F,2,10.3500
3140,P1,BASE,80.00,2.50,151,F,3,11.1250
3150,P1,BASE,80.00,5.00,154,F,5,11.8750
3160,P1,BASE,80.00,5.00,159,F,7,12.6250
3170,P1,BASE,80.00,7.50,161,F,10,13.3500
3180,P1,BASE,80.00,20.00,152,F,18,13.9500
3190,P1,BASE,80.00,22.50,153,F,27,14.5250
3200,P1,BASE,80.00,25.01,154,F,37,15.0750
3210,P1,BASE,80.00,24.99,158,F,47,15.6250
3220,P1,BASE,80.00,30.01,156,F,59,16.1250
3230,P1,BASE,80.00,29.99,160,F,71,16.6250
3240,P1,BASE,80.00,32.50,160,F,84,17.1000
3250,P1,BASE,80.00,35.00,161,F,98,17.5501
3260,P1,BASE,80.00,35.01,164,F,112,17.9999
3270,P1,BASE,80.00,40.00,161,F,128,18.3999
3280,P1,BASE,80.00,40.00,164,F,144,18.8000
3290,P1,BASE,80.00,42.50,164,F,161,19.1750
3300,P1,BASE,80.00,42.50,166,F,178,19.5500
3310,P1,BASE,80.00,45.00,166,F,196,19.9000
3320,P1,BASE,80.00,47.50,165,F,215,20.2250
3330,P1,BASE,80.00,47.50,168,F,234,20.5500
3340,P1,BASE,80.00,52.49,164,F,255,20.8250
3350,P1,BASE,80.00,50.01,169,F,275,21.1250
3360,P1,BASE,80.00,52.50,168,F,296,21.4000
3370,P1,BASE,80.00,57.49,164,F,319,21.6251
3380,P1,BASE,80.00,55.00,169,F,341,21.8751
3390,P1,BASE,80.00,57.51,168,F,364,22.1000
3400,P1,BASE,80.00,57.51,169,F,387,22.3249
3410,P1,BASE,80.00,57.48,171,F,410,22.5501
3420,P1,BASE,80.00,60.01,169,F,434,22.7500
3430,P1,BASE,80.00,59.99,171,F,458,22.9501
3440,P1,BASE,80.00,60.02,172,F,482,23.1499
3450,P1,BASE,80.00,62.48,171,F,507,23.3251
3460,P1,BASE,80.00,65.01,169,F,533,23.4750
3470,P1,BASE,80.00,64.99,170,F,559,23.6251
3480,P1,BASE,80.00,64.99,171,F,585,23.7751
3490,P1,BASE,80.00,65.00,172,F,611,23.9251
3500,P1,BASE,80.00,67.53,170,F,638,24.0499
3510,P1,BASE,80.00,64.99,174,F,664,24.2000
3520,P1,BASE,80.00,67.49,172,F,691,24.3251
3530,P1,BASE,80.00,67.51,173,F,718,24.4500
3540,P1,BASE,80.00,70.01,171,F,746,24.5499
3550,P1,BASE,80.00,67.48,174,F,773,24.6751
3560,P1,BASE,80.00,70.02,172,F,801,24.7749
3570,P1,BASE,80.00,69.99,173,F,829,24.8749
3580,P1,BASE,80.00,69.99,174,F,857,24.9750
3590,P1,BASE,80.00,69.99,174,F,885,25.0751
3600,P1,BASE,80.00,70.01,175,F,913,25.1751
3610,P1,BASE,80.00,72.50,173,F,942,25.2501
3620,P1,BASE,80.00,72.52,173,F,971,25.3248
3630,P1,BASE,80.00,72.50,174,F,1000,25.3998
3640,P1,BASE,80.00,72.48,174,F,1029,25.4751
3650,P1,BASE,80.00,75.01,172,F,1059,25.5250
3660,P1,BASE,80.00,69.99,178,F,1087,25.6251
3670,P1,BASE,80.00,75.01,173,F,1117,25.6750
3680,P1,BASE,80.00,75.01,174,F,1147,25.7248
3690,P1,BASE,80.00,77.49,171,F,1178,25.7499
3700,P1,BASE,80.00,75.00,174,F,1208,25.7999
3710,P1,BASE,80.00,79.98,169,F,1240,25.8002
3720,P1,BASE,80.00,77.51,172,F,1271,25.8251
3730,P1,BASE,80.00,75.00,175,F,1301,25.8751
3740,P1,BASE,80.00,80.02,169,F,1333,25.8749
3750,P1,BASE,80.00,75.01,175,F,1363,25.9248
3760,P1,BASE,80.00,74.98,175,F,1393,25.9751
3770,P1,BASE,80.00,77.50,173,F,1424,26.0001
3780,P1,BASE,80.00,75.00,176,F,1454,26.0501
3790,P1,BASE,80.00,77.52,173,F,1485,26.0748
3800,P1,BASE,80.00,77.48,173,F,1516,26.1001
3810,P1,BASE,80.00,80.00,171,F,1548,26.1001
3820,P1,BASE,80.00,77.50,174,F,1579,26.1251
3830,P1,BASE,80.00,80.02,171,F,1611,26.1248
3840,P1,BASE,80.00,79.98,171,F,1643,26.1250
3850,P1,BASE,80.00,77.49,174,F,1674,26.1501
3860,P1,BASE,80.00,80.01,171,F,1706,26.1500
3870,P1,BASE,80.00,79.99,171,F,1738,26.1501
3880,P1,BASE,80.00,80.02,171,F,1770,26.1499
3890,P1,BASE,80.00,79.98,171,F,1802,26.1501
3900,P1,BASE,80.00,82.52,169,F,1835,26.1249
3910,P1,BASE,80.00,82.49,168,F,1868,26.1000
3920,P1,BASE,80.00,79.99,171,F,1900,26.1001
3930,P1,BASE,80.00,82.52,168,F,1933,26.0749
3940,P1,BASE,80.00,79.98,171,F,1965,26.0750
3950,P1,BASE,80.00,77.50,173,F,1996,26.1000
3960,P1,BASE,80.00,80.02,171,F,2028,26.0999
3970,P1,BASE,80.00,80.00,171,F,2060,26.0999
3980,P1,BASE,80.00,79.98,171,F,2092,26.1000
3990,P1,BASE,80.00,80.00,171,F,2124,26.1000
4000,P1,BASE,80.00,82.49,168,F,2157,26.0751
4010,P1,BASE,80.00,85.03,165,F,2191,26.0248
4020,P1,BASE,80.00,99.99,149,F,2231,25.8249
4030,P1,BASE,80.00,82.49,166,F,2264,25.8000
4040,P1,BASE,80.00,77.48,172,F,2295,25.8251
4050,P1,BASE,80.00,80.00,169,F,2327,25.8251
4060,P1,BASE,80.00,80.01,169,F,2359,25.8250
4070,P1,BASE,80.00,74.99,175,F,2389,25.8751
4080,P1,BASE,80.00,75.00,175,F,2419,25.9251
4090,P1,BASE,80.00,85.03,164,F,2453,25.8749
4100,P1,BASE,80.00,87.49,161,F,2488,25.8000
4110,P1,BASE,80.00,82.50,166,F,2521,25.7750
4120,P1,BASE,80.00,84.98,163,F,2555,25.7251
4130,P1,BASE,80.00,82.51,166,F,2588,25.7000
4140,P1,BASE,80.00,85.01,163,F,2622,25.6500
4150,P1,BASE,80.00,84.96,163,F,2656,25.6004
4160,P1,BASE,80.00,82.55,165,F,2689,25.5749
4170,P1,BASE,80.00,84.99,162,F,2723,25.5250
4180,P1,BASE,80.00,85.01,162,F,2757,25.4749
4190,P1,BASE,80.00,82.50,164,F,2790,25.4499
4200,P1,BASE,80.00,82.51,164,F,2823,25.4248
4210,P1,BASE,80.00,82.48,164,F,2856,25.4001
4220,P1,BASE,80.00,82.51,164,F,2889,25.3750
4230,P1,BASE,80.00,82.50,163,F,2922,25.3500
4240,P1,BASE,80.00,85.00,161,F,2956,25.3000
4250,P1,BASE,80.00,82.52,163,F,2989,25.2748
4260,P1,BASE,80.00,82.48,163,F,3022,25.2500
4270,P1,BASE,80.00,85.00,160,F,3056,25.2000
4280,P1,BASE,80.00,82.51,162,F,3089,25.1749
4290,P1,BASE,80.00,80.01,165,F,3121,25.1748
4300,P1,BASE,80.00,84.98,159,F,3155,25.1250
4310,P1,BASE,80.00,79.99,165,F,3187,25.1251
4320,P1,BASE,80.00,80.02,164,F,3219,25.1249
4330,P1,BASE,80.00,77.50,167,F,3250,25.1499
4340,P1,BASE,80.00,80.00,165,F,3282,25.1499
4350,P1,BASE,80.00,79.98,165,F,3314,25.1501
4360,P1,BASE,80.00,80.00,165,F,3346,25.1501
4370,P1,BASE,80.00,80.01,165,F,3378,25.1500
4380,P1,BASE,80.00,77.50,167,F,3409,25.1750
4390,P1,BASE,80.00,82.50,162,F,3442,25.1500
4400,P1,BASE,80.00,77.49,167,F,3473,25.1751
4410,P1,BASE,80.00,80.02,165,F,3505,25.1749
4420,P1,BASE,80.00,80.00,165,F,3537,25.1749
4430,P1,BASE,80.00,82.49,162,F,3570,25.1500
4440,P1,BASE,80.00,80.01,165,F,3602,25.1499
4450,P1,BASE,80.00,82.50,162,F,3635,25.1249
4460,P1,BASE,80.00,82.50,162,F,3668,25.0999
4470,P1,BASE,80.00,79.98,164,F,3700,25.1001
4480,P1,BASE,80.00,82.52,162,F,3733,25.0748
4490,P1,BASE,80.00,79.98,164,F,3765,25.0750
4500,P1,BASE,80.00,77.52,167,F,3796,25.0998
4510,P1,BASE,80.00,77.48,167,F,3827,25.1250
4520,P1,BASE,80.00,80.02,164,F,3859,25.1248
4530,P1,BASE,80.00,77.48,167,F,3890,25.1500
4540,P1,BASE,80.00,82.52,162,F,3923,25.1248
4550,P1,BASE,80.00,80.00,165,F,3955,25.1248
4560,P1,BASE,80.00,80.00,165,F,3987,25.1248
4570,P1,BASE,80.00,79.98,165,F,4019,25.1250
4580,P1,BASE,80.00,82.51,162,F,4052,25.0999
4590,P1,BASE,80.00,79.98,164,F,4084,25.1001
4600,P1,BASE,80.00,80.02,164,F,4116,25.0999
4610,P1,BASE,80.00,82.51,162,F,4149,25.0748
4620,P1,BASE,80.00,79.99,164,F,4181,25.0749
4630,P1,BASE,80.00,84.99,159,F,4215,25.0250
4640,P1,BASE,80.00,82.52,161,F,4248,24.9998
4650,P1,BASE,80.00,80.00,164,F,4280,24.9998
4660,P1,BASE,80.00,79.99,164,F,4312,24.9999
4670,P1,BASE,80.00,82.48,161,F,4345,24.9750
4680,P1,BASE,80.00,79.99,164,F,4377,24.9751
4690,P1,BASE,80.00,80.03,163,F,4409,24.9748
4700,P1,BASE,80.00,77.48,166,F,4440,25.0000
4710,P1,BASE,80.00,82.52,161,F,4473,24.9748
4720,P1,BASE,80.00,77.50,166,F,4504,24.9998
4730,P1,BASE,80.00,82.50,161,F,4537,24.9748
4740,P1,BASE,80.00,79.98,164,F,4569,24.9749
4750,P1,BASE,80.00,92.51,150,F,4606,24.8498
4760,P1,BASE,80.00,89.98,152,F,4642,24.7500
4770,P1,BASE,80.00,80.00,162,F,4674,24.7500
4780,P1,BASE,80.00,80.01,162,F,4706,24.7500
4790,P1,BASE,80.00,77.51,165,F,4737,24.7749
4800,P1,BASE,80.00,77.51,165,F,4768,24.7998
4810,P1,BASE,80.00,67.49,176,F,4795,24.9249
4820,P1,BASE,80.00,82.50,160,F,4828,24.8999
4830,P1,BASE,80.00,85.01,158,F,4862,24.8498
4840,P1,BASE,80.00,82.48,160,F,4895,24.8250
4850,P1,BASE,80.00,80.02,163,F,4927,24.8248
4860,P1,BASE,80.00,84.99,157,F,4961,24.7749
4870,P1,BASE,80.00,79.99,162,F,4993,24.7749
4880,P1,BASE,80.00,82.52,159,F,5026,24.7498
4890,P1,BASE,80.00,84.94,157,F,5060,24.7004
4900,P1,BASE,80.00,80.06,162,F,5092,24.6998
4910,P1,BASE,80.00,82.49,159,F,5125,24.6749
4920,P1,BASE,80.00,79.99,162,F,5157,24.6750
4930,P1,BASE,80.00,82.52,159,F,5190,24.6498
4940,P1,BASE,80.00,79.93,161,F,5222,24.6505
4950,P1,BASE,80.00,80.06,161,F,5254,24.6499
4960,P1,BASE,80.00,80.00,161,F,5286,24.6499
4970,P1,BASE,80.00,79.98,161,F,5318,24.6501
4980,P1,BASE,80.00,80.01,161,F,5350,24.6500
4990,P1,BASE,80.00,82.52,159,F,5383,24.6248
5000,P1,BASE,80.00,77.50,164,F,5414,24.6498
5010,P1,BASE,80.00,82.49,159,F,5447,24.6249
5020,P1,BASE,80.00,82.49,159,F,5480,24.6000
5030,P1,BASE,80.00,77.48,164,F,5511,24.6251
5040,P1,BASE,80.00,80.02,161,F,5543,24.6249
5050,P1,BASE,80.00,79.98,161,F,5575,24.6250
5060,P1,BASE,80.00,77.50,164,F,5606,24.6500
5070,P1,BASE,80.00,75.00,167,F,5636,24.7000
5080,P1,BASE,80.00,79.98,162,F,5668,24.7002
5090,P1,BASE,80.00,75.04,167,F,5698,24.7498
5100,P1,BASE,80.00,79.98,162,F,5730,24.7501
5110,P1,BASE,80.00,77.52,165,F,5761,24.7749
5120,P1,BASE,80.00,77.51,165,F,5792,24.7998
5130,P1,BASE,80.00,77.48,165,F,5823,24.8251
5140,P1,BASE,80.00,77.51,165,F,5854,24.8500
5150,P1,BASE,80.00,77.49,165,F,5885,24.8751
5160,P1,BASE,80.00,77.51,166,F,5916,24.9000
5170,P1,BASE,80.00,79.99,163,F,5948,24.9001
5180,P1,BASE,80.00,80.02,163,F,5980,24.8998
5190,P1,BASE,80.00,77.49,166,F,6011,24.9249
5200,P1,BASE,80.00,82.51,160,F,6044,24.8998
5210,P1,BASE,80.00,79.98,163,F,6076,24.9001
5220,P1,BASE,80.00,80.02,163,F,6108,24.8999
5230,P1,BASE,80.00,80.00,163,F,6140,24.8999
5240,P1,BASE,80.00,77.51,166,F,6171,24.9248
5250,P1,BASE,80.00,77.48,166,F,6202,24.9500
5260,P1,BASE,80.00,77.48,166,F,6233,24.9751
5270,P1,BASE,80.00,77.51,166,F,6264,25.0001
5280,P1,BASE,80.00,77.50,166,F,6295,25.0251
5290,P1,BASE,80.00,80.02,164,F,6327,25.0248
5300,P1,BASE,80.00,80.00,164,F,6359,25.0248
5310,P1,BASE,80.00,79.98,164,F,6391,25.0251
5320,P1,BASE,80.00,80.01,164,F,6423,25.0250
5330,P1,BASE,80.00,80.02,164,F,6455,25.0248
5340,P1,BASE,80.00,77.48,167,F,6486,25.0500
5350,P1,BASE,80.00,80.00,164,F,6518,25.0500
5360,P1,BASE,80.00,82.52,161,F,6551,25.0248
5370,P1,BASE,80.00,79.98,164,F,6583,25.0250
5380,P1,BASE,80.00,82.44,161,F,6616,25.0005
5390,P1,BASE,80.00,80.04,164,F,6648,25.0001
5400,P1,BASE,80.00,82.53,161,F,6681,24.9748
5410,P1,BASE,80.00,77.48,166,F,6712,25.0000
5420,P1,BASE,80.00,82.51,161,F,6745,24.9750
5430,P1,BASE,80.00,77.49,166,F,6776,25.0000
5440,P1,BASE,80.00,80.00,164,F,6808,25.0000
5450,P1,BASE,80.00,77.49,166,F,6839,25.0251
5460,P1,BASE,80.00,80.03,164,F,6871,25.0248
5470,P1,BASE,80.00,77.49,167,F,6902,25.0499
5480,P1,BASE,80.00,80.01,164,F,6934,25.0498
5490,P1,BASE,80.00,82.48,161,F,6967,25.0250
5500,P1,BASE,80.00,90.01,153,F,7003,24.9249
5510,P1,BASE,80.00,89.99,152,F,7039,24.8250
5520,P1,BASE,80.00,80.02,163,F,7071,24.8249
5530,P1,BASE,80.00,77.49,165,F,7102,24.8500
5540,P1,BASE,80.00,80.00,163,F,7134,24.8500
5550,P1,BASE,80.00,77.50,165,F,7165,24.8750
5560,P1,BASE,80.00,67.50,176,F,7192,25.0000
5570,P1,BASE,80.00,80.02,164,F,7224,24.9998
5580,P1,BASE,80.00,84.97,158,F,7258,24.9500
5590,P1,BASE,80.00,82.50,161,F,7291,24.9250
5600,P1,BASE,80.00,80.00,163,F,7323,24.9250
5610,P1,BASE,80.00,85.01,158,F,7357,24.8750
5620,P1,BASE,80.00,82.51,160,F,7390,24.8499
5630,P1,BASE,80.00,79.98,163,F,7422,24.8500
5640,P1,BASE,80.00,85.03,157,F,7456,24.7998
5650,P1,BASE,80.00,80.00,162,F,7488,24.7998
5660,P1,BASE,80.00,82.48,160,F,7521,24.7750
5670,P1,BASE,80.00,82.51,159,F,7554,24.7500
5680,P1,BASE,80.00,80.01,162,F,7586,24.7499
5690,P1,BASE,80.00,79.99,162,F,7618,24.7500
5700,P1,BASE,80.00,82.50,159,F,7651,24.7250
5710,P1,BASE,80.00,77.48,165,F,7682,24.7501
5720,P1,BASE,80.00,82.53,159,F,7715,24.7248
5730,P1,BASE,80.00,79.99,162,F,7747,24.7249
5740,P1,BASE,80.00,82.49,159,F,7780,24.6999
5750,P1,BASE,80.00,77.51,164,F,7811,24.7249
5760,P1,BASE,80.00,82.48,159,F,7844,24.7000
5770,P1,BASE,80.00,82.52,159,F,7877,24.6749
5780,P1,BASE,80.00,77.49,164,F,7908,24.6999
5790,P1,BASE,80.00,80.02,162,F,7940,24.6998
5800,P1,BASE,80.00,80.00,162,F,7972,24.6998
5810,P1,BASE,80.00,77.48,164,F,8003,24.7250
5820,P1,BASE,80.00,77.52,165,F,8034,24.7499
5830,P1,BASE,80.00,77.48,165,F,8065,24.7751
5840,P1,BASE,80.00,77.53,165,F,8096,24.7998
5850,P1,BASE,80.00,77.50,165,F,8127,24.8248
5860,P1,BASE,80.00,77.49,165,F,8158,24.8499
5870,P1,BASE,80.00,79.98,163,F,8190,24.8500
5880,P1,BASE,80.00,75.02,168,F,8220,24.8998
5890,P1,BASE,80.00,79.99,163,F,8252,24.8999
5900,P1,BASE,80.00,77.48,166,F,8283,24.9250
5910,P1,BASE,80.00,80.02,163,F,8315,24.9249
5920,P1,BASE,80.00,77.50,166,F,8346,24.9499
5930,P1,BASE,80.00,80.01,163,F,8378,24.9498
5940,P1,BASE,80.00,77.48,166,F,8409,24.9749
5950,P1,BASE,80.00,82.48,161,F,8442,24.9501
5960,P1,BASE,80.00,82.53,161,F,8475,24.9248
5970,P1,BASE,80.00,77.50,166,F,8506,24.9498
5980,P1,BASE,80.00,80.00,163,F,8538,24.9498
5990,P1,BASE,80.00,77.47,166,F,8569,24.9751
6000,P1,BASE,80.00,80.01,164,F,8601,24.9750
6010,P1,BASE,150.00,77.50,194,F,8632,25.7000
6020,P1,BASE,150.00,80.00,224,F,8664,26.4000
6030,P1,BASE,150.00,85.03,243,F,8698,27.0497
6040,P1,BASE,150.00,97.47,234,F,8737,27.5750
6050,P1,BASE,150.00,104.99,229,F,8779,28.0251
6060,P1,BASE,150.00,112.52,224,F,8824,28.3999
6070,P1,BASE,150.00,120.01,219,F,8872,28.6998
6080,P1,BASE,150.00,125.01,215,F,8922,28.9497
6090,P1,BASE,150.00,129.96,211,F,8974,29.1501
6100,P1,BASE,150.00,135.03,207,F,9028,29.2998
6110,P1,BASE,150.00,137.50,205,F,9083,29.4248
6120,P1,BASE,150.00,137.46,206,F,9138,29.5502
6130,P1,BASE,150.00,135.05,210,F,9192,29.6997
6140,P1,BASE,150.00,134.96,211,F,9246,29.8501
6150,P1,BASE,150.00,137.54,209,F,9301,29.9747
6160,P1,BASE,150.00,142.46,205,F,9358,30.0501
6170,P1,BASE,150.00,155.02,191,F,9420,29.9999
6180,P1,BASE,150.00,147.49,199,F,9479,30.0251
6190,P1,BASE,150.00,135.01,213,F,9533,30.1749
6200,P1,BASE,150.00,130.01,219,F,9585,30.3748
6210,P1,BASE,150.00,137.49,213,F,9640,30.5000
6220,P1,BASE,150.00,150.01,200,F,9700,30.4998
6230,P1,BASE,150.00,147.51,203,F,9759,30.5247
6240,P1,BASE,150.00,144.94,205,F,9817,30.5752
6250,P1,BASE,150.00,147.49,203,F,9876,30.6004
6260,P1,BASE,150.00,145.06,206,F,9934,30.6498
6270,P1,BASE,150.00,144.96,206,F,9992,30.7002
6280,P1,BASE,150.00,144.99,207,F,10050,30.7504
6290,P1,BASE,150.00,142.53,210,F,10107,30.8251
6300,P1,BASE,150.00,147.50,205,F,10166,30.8501
6310,P1,BASE,150.00,147.53,205,F,10225,30.8748
6320,P1,BASE,150.00,149.97,202,F,10285,30.8751
6330,P1,BASE,150.00,147.53,205,F,10344,30.8998
6340,P1,BASE,150.00,142.51,211,F,10401,30.9747
6350,P1,BASE,150.00,142.49,211,F,10458,31.0498
6360,P1,BASE,150.00,144.96,209,F,10516,31.1002
6370,P1,BASE,150.00,145.01,209,F,10574,31.1501
6380,P1,BASE,150.00,142.51,212,F,10631,31.2249
6390,P1,BASE,150.00,145.00,210,F,10689,31.2749
6400,P1,BASE,150.00,147.49,208,F,10748,31.3001
6410,P1,BASE,150.00,147.49,208,F,10807,31.3252
6420,P1,BASE,150.00,150.00,205,F,10867,31.3252
6430,P1,BASE,150.00,147.54,208,F,10926,31.3498
6440,P1,BASE,150.00,144.97,211,F,10984,31.4001
6450,P1,BASE,150.00,142.54,214,F,11041,31.4747
6460,P1,BASE,150.00,145.00,212,F,11099,31.5247
6470,P1,BASE,150.00,149.96,207,F,11159,31.5251
6480,P1,BASE,150.00,147.53,209,F,11218,31.5498
6490,P1,BASE,150.00,149.99,207,F,11278,31.5500
6500,P1,BASE,150.00,152.53,204,F,11339,31.5247
6510,P1,BASE,150.00,152.47,204,F,11400,31.5000
6520,P1,BASE,150.00,155.00,201,F,11462,31.4500
6530,P1,BASE,150.00,152.50,203,F,11523,31.4250
6540,P1,BASE,150.00,149.99,206,F,11583,31.4251
6550,P1,BASE,150.00,145.04,211,F,11641,31.4747
6560,P1,BASE,150.00,147.46,209,F,11700,31.5001
6570,P1,BASE,150.00,150.05,206,F,11760,31.4997
6580,P1,BASE,150.00,164.98,190,F,11826,31.3498
6590,P1,BASE,150.00,154.95,200,F,11888,31.3003
6600,P1,BASE,150.00,140.06,216,F,11944,31.3997
6610,P1,BASE,150.00,132.49,225,F,11997,31.5749
6620,P1,BASE,150.00,155.02,201,F,12059,31.5247
6630,P1,BASE,150.00,152.47,204,F,12120,31.5000
6640,P1,BASE,150.00,152.53,204,F,12181,31.4747
6650,P1,BASE,150.00,152.47,204,F,12242,31.4500
6660,P1,BASE,150.00,150.00,206,F,12302,31.4500
6670,P1,BASE,150.00,149.99,206,F,12362,31.4502
6680,P1,BASE,150.00,147.51,209,F,12421,31.4750
6690,P1,BASE,150.00,149.99,206,F,12481,31.4752
6700,P1,BASE,150.00,149.91,206,F,12541,31.4761
6710,P1,BASE,150.00,150.11,206,F,12601,31.4750
6720,P1,BASE,150.00,152.53,203,F,12662,31.4497
6730,P1,BASE,150.00,150.00,206,F,12722,31.4497
6740,P1,BASE,150.00,147.50,209,F,12781,31.4747
6750,P1,BASE,150.00,144.99,212,F,12839,31.5249
6760,P1,BASE,150.00,144.99,212,F,12897,31.5750
6770,P1,BASE,150.00,149.99,207,F,12957,31.5752
6780,P1,BASE,150.00,145.04,212,F,13015,31.6247
6790,P1,BASE,150.00,147.50,210,F,13074,31.6497
6800,P1,BASE,150.00,144.99,213,F,13132,31.6999
6810,P1,BASE,150.00,150.01,208,F,13192,31.6997
6820,P1,BASE,150.00,155.00,202,F,13254,31.6497
6830,P1,BASE,150.00,147.47,210,F,13313,31.6750
6840,P1,BASE,150.00,147.50,210,F,13372,31.7000
6850,P1,BASE,150.00,142.53,216,F,13429,31.7747
6860,P1,BASE,150.00,144.94,214,F,13487,31.8253
6870,P1,BASE,150.00,152.44,206,F,13548,31.8009
6880,P1,BASE,150.00,150.06,208,F,13608,31.8003
6890,P1,BASE,150.00,150.01,208,F,13668,31.8002
6900,P1,BASE,150.00,152.50,206,F,13729,31.7752
6910,P1,BASE,150.00,155.03,203,F,13791,31.7249
6920,P1,BASE,150.00,155.02,202,F,13853,31.6747
6930,P1,BASE,150.00,152.48,205,F,13914,31.6499
6940,P1,BASE,150.00,150.01,207,F,13974,31.6497
6950,P1,BASE,150.00,147.44,210,F,14033,31.6753
6960,P1,BASE,150.00,150.06,207,F,14093,31.6747
6970,P1,BASE,150.00,149.97,208,F,14153,31.6750
6980,P1,BASE,150.00,160.03,197,F,14217,31.5747
6990,P1,BASE,150.00,159.94,196,F,14281,31.4753
7000,P1,BASE,150.00,140.01,217,F,14337,31.5752
7010,P1,BASE,150.00,135.03,223,F,14391,31.7249
7020,P1,BASE,150.00,150.01,208,F,14451,31.7247
7030,P1,BASE,150.00,155.00,202,F,14513,31.6747
7040,P1,BASE,150.00,154.95,202,F,14575,31.6252
7050,P1,BASE,150.00,150.05,207,F,14635,31.6248
7060,P1,BASE,150.00,152.47,205,F,14696,31.6001
7070,P1,BASE,150.00,149.99,207,F,14756,31.6002
7080,P1,BASE,150.00,147.51,210,F,14815,31.6251
7090,P1,BASE,150.00,150.01,207,F,14875,31.6249
7100,P1,BASE,150.00,150.01,207,F,14935,31.6248
7110,P1,BASE,150.00,150.00,207,F,14995,31.6248
7120,P1,BASE,150.00,154.94,202,F,15057,31.5754
7130,P1,BASE,150.00,150.05,207,F,15117,31.5749
7140,P1,BASE,150.00,150.00,207,F,15177,31.5749
7150,P1,BASE,150.00,145.01,212,F,15235,31.6248
7160,P1,BASE,150.00,147.44,210,F,15294,31.6504
7170,P1,BASE,150.00,147.50,210,F,15353,31.6754
7180,P1,BASE,150.00,145.04,213,F,15411,31.7249
7190,P1,BASE,150.00,149.94,208,F,15471,31.7255
7200,P1,BASE,150.00,145.04,213,F,15529,31.7751
7210,P1,BASE,150.00,150.01,208,F,15589,31.7750
7220,P1,BASE,150.00,152.50,205,F,15650,31.7500
7230,P1,BASE,150.00,150.00,208,F,15710,31.7500
7240,P1,BASE,150.00,147.49,211,F,15769,31.7751
7250,P1,BASE,150.00,145.01,214,F,15827,31.8250
7260,P1,BASE,150.00,145.00,214,F,15885,31.8750
7270,P1,BASE,150.00,150.00,209,F,15945,31.8750
7280,P1,BASE,150.00,150.00,209,F,16005,31.8750
7290,P1,BASE,150.00,152.48,206,F,16066,31.8501
7300,P1,BASE,150.00,152.53,206,F,16127,31.8248
7310,P1,BASE,150.00,152.48,206,F,16188,31.8000
7320,P1,BASE,150.00,157.50,200,F,16251,31.7250
7330,P1,BASE,150.00,152.52,205,F,16312,31.6998
7340,P1,BASE,150.00,152.44,205,F,16373,31.6754
7350,P1,BASE,150.00,147.53,210,F,16432,31.7001
7360,P1,BASE,150.00,147.53,210,F,16491,31.7248
7370,P1,BASE,150.00,149.96,208,F,16551,31.7253
7380,P1,BASE,150.00,165.00,192,F,16617,31.5753
7390,P1,BASE,150.00,157.52,199,F,16680,31.5001
7400,P1,BASE,150.00,142.49,215,F,16737,31.5753
7410,P1,BASE,150.00,137.53,220,F,16792,31.7000
7420,P1,BASE,150.00,147.51,210,F,16851,31.7248
7430,P1,BASE,150.00,152.48,205,F,16912,31.7000
7440,P1,BASE,150.00,154.97,202,F,16974,31.6503
7450,P1,BASE,150.00,149.99,207,F,17034,31.6505
7460,P1,BASE,150.00,152.50,205,F,17095,31.6255
7470,P1,BASE,150.00,150.05,207,F,17155,31.6250
7480,P1,BASE,150.00,150.01,207,F,17215,31.6249
7490,P1,BASE,150.00,149.85,207,F,17275,31.6264
7500,P1,BASE,150.00,147.59,210,F,17334,31.6505
7510,P1,BASE,150.00,152.50,205,F,17395,31.6255
7520,P1,BASE,150.00,154.94,202,F,17457,31.5761
7530,P1,BASE,150.00,147.59,209,F,17516,31.6002
7540,P1,BASE,150.00,150.03,207,F,17576,31.5999
7550,P1,BASE,150.00,147.50,210,F,17635,31.6249
7560,P1,BASE,150.00,145.00,213,F,17693,31.6749
7570,P1,BASE,150.00,147.46,210,F,17752,31.7003
7580,P1,BASE,150.00,147.53,210,F,17811,31.7250
7590,P1,BASE,150.00,147.49,211,F,17870,31.7502
7600,P1,BASE,150.00,145.03,213,F,17928,31.7999
7610,P1,BASE,150.00,149.94,208,F,17988,31.8005
7620,P1,BASE,150.00,152.52,206,F,18049,31.7754
7630,P1,BASE,150.00,150.05,208,F,18109,31.7749
7640,P1,BASE,150.00,147.46,211,F,18168,31.8003
7650,P1,BASE,150.00,145.00,214,F,18226,31.8503
7660,P1,BASE,150.00,145.04,214,F,18284,31.8999
7670,P1,BASE,150.00,149.99,209,F,18344,31.9001
7680,P1,BASE,150.00,149.97,209,F,18404,31.9004
7690,P1,BASE,150.00,152.50,206,F,18465,31.8754
7700,P1,BASE,150.00,152.53,206,F,18526,31.8501
7710,P1,BASE,150.00,154.95,203,F,18588,31.8005
7720,P1,BASE,150.00,155.03,203,F,18650,31.7502
7730,P1,BASE,150.00,152.52,205,F,18711,31.7251
7740,P1,BASE,150.00,152.50,205,F,18772,31.7001
7750,P1,BASE,150.00,147.51,210,F,18831,31.7249
7760,P1,BASE,150.00,147.46,211,F,18890,31.7504
7770,P1,BASE,150.00,152.48,205,F,18951,31.7255
7780,P1,BASE,150.00,162.57,194,F,19016,31.5999
7790,P1,BASE,150.00,157.45,199,F,19079,31.5253
7800,P1,BASE,150.00,139.99,217,F,19135,31.6255
7810,P1,BASE,150.00,135.05,223,F,19189,31.7749
7820,P1,BASE,150.00,149.99,208,F,19249,31.7751
7830,P1,BASE,150.00,154.95,203,F,19311,31.7255
7840,P1,BASE,150.00,155.06,202,F,19373,31.6749
7850,P1,BASE,150.00,149.99,208,F,19433,31.6751
7860,P1,BASE,150.00,150.00,208,F,19493,31.6751
7870,P1,BASE,150.00,152.48,205,F,19554,31.6502
7880,P1,BASE,150.00,149.97,207,F,19614,31.6505
7890,P1,BASE,150.00,149.99,207,F,19674,31.6507
7900,P1,BASE,150.00,147.53,210,F,19733,31.6754
7910,P1,BASE,150.00,152.55,205,F,19794,31.6499
7920,P1,BASE,150.00,154.94,202,F,19856,31.6005
7930,P1,BASE,150.00,150.00,207,F,19916,31.6005
7940,P1,BASE,150.00,150.01,207,F,19976,31.6004
7950,P1,BASE,150.00,145.04,212,F,20034,31.6500
7960,P1,BASE,150.00,147.47,210,F,20093,31.6753
7970,P1,BASE,150.00,147.49,210,F,20152,31.7004
7980,P1,BASE,150.00,145.01,213,F,20210,31.7503
7990,P1,BASE,150.00,150.03,208,F,20270,31.7500
8000,P1,BASE,150.00,144.94,214,F,20328,31.8005
8010,P1,BASE,150.00,150.00,208,F,20388,31.8005
8020,P1,BASE,150.00,155.05,203,F,20450,31.7501
8030,P1,BASE,150.00,147.51,211,F,20509,31.7749
8040,P1,BASE,150.00,150.00,208,F,20569,31.7749
8050,P1,BASE,150.00,142.47,216,F,20626,31.8502
8060,P1,BASE,150.00,147.51,211,F,20685,31.8751
8070,P1,BASE,150.00,150.00,209,F,20745,31.8751
8080,P1,BASE,150.00,150.01,209,F,20805,31.8749
8090,P1,BASE,150.00,152.47,206,F,20866,31.8502
8100,P1,BASE,150.00,152.45,206,F,20927,31.8257
8110,P1,BASE,150.00,152.53,206,F,20988,31.8004
8120,P1,BASE,150.00,157.55,200,F,21051,31.7249
8130,P1,BASE,150.00,152.47,205,F,21112,31.7002
8140,P1,BASE,150.00,152.47,205,F,21173,31.6755
8150,P1,BASE,150.00,147.47,210,F,21232,31.7008
8160,P1,BASE,150.00,147.59,210,F,21291,31.7249
8170,P1,BASE,150.00,149.96,208,F,21351,31.7254
8180,P1,BASE,150.00,164.97,192,F,21417,31.5757
8190,P1,BASE,150.00,157.52,199,F,21480,31.5005
8200,P1,BASE,150.00,140.06,217,F,21536,31.6000
8210,P1,BASE,150.00,134.99,223,F,21590,31.7501
8220,P1,BASE,150.00,152.52,205,F,21651,31.7250
8230,P1,BASE,150.00,152.47,205,F,21712,31.7003
8240,P1,BASE,150.00,155.02,202,F,21774,31.6501
8250,P1,BASE,150.00,149.99,207,F,21834,31.6503
8260,P1,BASE,150.00,152.50,205,F,21895,31.6253
8270,P1,BASE,150.00,152.47,205,F,21956,31.6006
8280,P1,BASE,150.00,147.53,210,F,22015,31.6253
8290,P1,BASE,150.00,150.01,207,F,22075,31.6251
8300,P1,BASE,150.00,149.96,207,F,22135,31.6256
8310,P1,BASE,150.00,150.05,207,F,22195,31.6251
8320,P1,BASE,150.00,155.00,202,F,22257,31.5751
8330,P1,BASE,150.00,149.97,207,F,22317,31.5754
8340,P1,BASE,150.00,150.03,207,F,22377,31.5751
8350,P1,BASE,150.00,144.99,212,F,22435,31.6253
8360,P1,BASE,150.00,147.50,210,F,22494,31.6503
8370,P1,BASE,150.00,147.50,210,F,22553,31.6753
8380,P1,BASE,150.00,147.44,210,F,22612,31.7009
8390,P1,BASE,150.00,147.57,210,F,22671,31.7251
8400,P1,BASE,150.00,144.97,213,F,22729,31.7754
8410,P1,BASE,150.00,150.03,208,F,22789,31.7751
8420,P1,BASE,150.00,152.50,205,F,22850,31.7501
8430,P1,BASE,150.00,150.00,208,F,22910,31.7501
8440,P1,BASE,150.00,147.50,211,F,22969,31.7751
8450,P1,BASE,150.00,144.99,214,F,23027,31.8253
8460,P1,BASE,150.00,145.03,214,F,23085,31.8750
8470,P1,BASE,150.00,149.96,209,F,23145,31.8754
8480,P1,BASE,150.00,150.00,209,F,23205,31.8754
8490,P1,BASE,150.00,152.52,206,F,23266,31.8503
8500,P1,BASE,150.00,152.53,206,F,23327,31.8250
8510,P1,BASE,150.00,155.00,203,F,23389,31.7750
8520,P1,BASE,150.00,154.94,203,F,23451,31.7256
8530,P1,BASE,150.00,152.52,205,F,23512,31.7004
8540,P1,BASE,150.00,152.52,205,F,23573,31.6753
8550,P1,BASE,150.00,147.49,210,F,23632,31.7004
8560,P1,BASE,150.00,150.01,208,F,23692,31.7003
8570,P1,BASE,150.00,149.99,208,F,23752,31.7004
8580,P1,BASE,150.00,165.02,191,F,23818,31.5503
8590,P1,BASE,150.00,155.00,201,F,23880,31.5003
8600,P1,BASE,150.00,142.50,215,F,23937,31.5753
8610,P1,BASE,150.00,137.50,220,F,23992,31.7003
8620,P1,BASE,150.00,147.53,210,F,24051,31.7250
8630,P1,BASE,150.00,152.48,205,F,24112,31.7001
8640,P1,BASE,150.00,154.97,202,F,24174,31.6504
8650,P1,BASE,150.00,149.99,207,F,24234,31.6506
8660,P1,BASE,150.00,152.53,205,F,24295,31.6253
8670,P1,BASE,150.00,152.48,205,F,24356,31.6004
8680,P1,BASE,150.00,147.51,210,F,24415,31.6253
8690,P1,BASE,150.00,150.03,207,F,24475,31.6250
8700,P1,BASE,150.00,149.97,207,F,24535,31.6253
8710,P1,BASE,150.00,152.48,205,F,24596,31.6004
8720,P1,BASE,150.00,152.55,204,F,24657,31.5750
8730,P1,BASE,150.00,149.99,207,F,24717,31.5751
8740,P1,BASE,150.00,150.00,207,F,24777,31.5751
8750,P1,BASE,150.00,147.51,210,F,24836,31.6000
8760,P1,BASE,150.00,145.00,212,F,24894,31.6500
8770,P1,BASE,150.00,147.49,210,F,24953,31.6751
8780,P1,BASE,150.00,144.99,213,F,25011,31.7253
8790,P1,BASE,150.00,150.00,208,F,25071,31.7253
8800,P1,BASE,150.00,145.03,213,F,25129,31.7750
8810,P1,BASE,150.00,149.96,208,F,25189,31.7754
8820,P1,BASE,150.00,152.52,205,F,25250,31.7503
8830,P1,BASE,150.00,149.99,208,F,25310,31.7504
8840,P1,BASE,150.00,147.51,211,F,25369,31.7753
8850,P1,BASE,150.00,144.99,214,F,25427,31.8254
8860,P1,BASE,150.00,145.00,214,F,25485,31.8754
8870,P1,BASE,150.00,150.00,209,F,25545,31.8754
8880,P1,BASE,150.00,150.00,209,F,25605,31.8754
8890,P1,BASE,150.00,150.00,209,F,25665,31.8754
8900,P1,BASE,150.00,155.00,203,F,25727,31.8254
8910,P1,BASE,150.00,152.50,206,F,25788,31.8004
8920,P1,BASE,150.00,157.50,200,F,25851,31.7254
8930,P1,BASE,150.00,152.52,205,F,25912,31.7003
8940,P1,BASE,150.00,152.53,205,F,25973,31.6750
8950,P1,BASE,150.00,147.49,210,F,26032,31.7001
8960,P1,BASE,150.00,147.47,210,F,26091,31.7254
8970,P1,BASE,150.00,150.01,208,F,26151,31.7253
8980,P1,BASE,150.00,162.48,194,F,26216,31.6004
8990,P1,BASE,150.00,160.03,196,F,26280,31.5001
9000,P1,BASE,150.00,142.51,214,F,26337,31.5750
9010,P1,BASE,200.00,134.97,244,F,26391,31.5750
9020,P1,BASE,200.00,150.00,255,F,26451,31.5750
9030,P1,BASE,200.00,160.00,250,F,26515,31.9750
9040,P1,BASE,200.00,167.50,245,F,26582,32.3000
9050,P1,BASE,200.00,170.02,244,F,26650,32.5998
9060,P1,BASE,200.00,174.95,241,F,26720,32.8503
9070,P1,BASE,200.00,177.57,240,F,26791,33.0746
9080,P1,BASE,200.00,179.96,238,F,26863,33.2750
9090,P1,BASE,200.00,182.48,237,F,26936,33.4501
9100,P1,BASE,200.00,190.02,230,F,27012,33.5500
9110,P1,BASE,200.00,189.98,231,F,27088,33.6501
9120,P1,BASE,200.00,190.02,231,F,27164,33.7500
9130,P1,BASE,200.00,185.04,237,F,27238,33.8996
9140,P1,BASE,200.00,187.48,236,F,27313,34.0248
9150,P1,BASE,200.00,187.44,237,F,27388,34.1503
9160,P1,BASE,200.00,187.54,237,F,27463,34.2750
9170,P1,BASE,200.00,190.02,235,F,27539,34.3748
9180,P1,BASE,200.00,192.38,234,F,27616,34.4509
9190,P1,BASE,200.00,195.10,231,F,27694,34.4999
9200,P1,BASE,200.00,189.98,237,F,27770,34.6001
9210,P1,BASE,200.00,187.56,240,F,27845,34.7246
9220,P1,BASE,200.00,192.50,236,F,27922,34.7996
9230,P1,BASE,200.00,192.46,236,F,27999,34.8750
9240,P1,BASE,200.00,200.00,229,F,28079,34.8750
9250,P1,BASE,200.00,200.00,229,F,28159,34.8750
9260,P1,BASE,200.00,205.04,223,F,28241,34.8246
9270,P1,BASE,200.00,202.50,226,F,28322,34.7995
9280,P1,BASE,200.00,197.46,231,F,28401,34.8249
9290,P1,BASE,200.00,197.54,231,F,28480,34.8495
9300,P1,BASE,200.00,197.48,231,F,28559,34.8747
9310,P1,BASE,200.00,214.98,212,F,28645,34.7250
9320,P1,BASE,200.00,197.48,230,F,28724,34.7502
9330,P1,BASE,200.00,179.98,249,F,28796,34.9503
9340,P1,BASE,200.00,195.00,234,F,28874,35.0003
9350,P1,BASE,200.00,202.54,227,F,28955,34.9749
9360,P1,BASE,200.00,197.48,232,F,29034,35.0001
9370,P1,BASE,200.00,200.06,229,F,29114,34.9995
9380,P1,BASE,200.00,197.42,232,F,29193,35.0253
9390,P1,BASE,200.00,197.54,232,F,29272,35.0499
9400,P1,BASE,200.00,197.54,232,F,29351,35.0745
9410,P1,BASE,200.00,202.46,227,F,29432,35.0499
9420,P1,BASE,200.00,200.00,230,F,29512,35.0499
9430,P1,BASE,200.00,199.96,230,F,29592,35.0503
9440,P1,BASE,200.00,195.06,235,F,29670,35.0998
9450,P1,BASE,200.00,194.98,235,F,29748,35.1499
9460,P1,BASE,200.00,192.52,238,F,29825,35.2248
9470,P1,BASE,200.00,194.98,236,F,29903,35.2749
9480,P1,BASE,200.00,197.48,234,F,29982,35.3001
9490,P1,BASE,200.00,200.06,231,F,30062,35.2995
9500,P1,BASE,200.00,197.44,234,F,30141,35.3251
9510,P1,BASE,200.00,190.02,242,F,30217,35.4249
9520,P1,BASE,200.00,192.54,240,F,30294,35.4996
9530,P1,BASE,200.00,199.94,233,F,30374,35.5002
9540,P1,BASE,200.00,200.04,233,F,30454,35.4998
9550,P1,BASE,200.00,202.48,230,F,30535,35.4750
9560,P1,BASE,200.00,207.52,224,F,30618,35.3998
9570,P1,BASE,200.00,204.98,227,F,30700,35.3500
9580,P1,BASE,200.00,205.02,226,F,30782,35.2998
9590,P1,BASE,200.00,197.50,234,F,30861,35.3248
9600,P1,BASE,200.00,199.98,232,F,30941,35.3250
9610,P1,BASE,200.00,212.50,218,F,31026,35.2000
9620,P1,BASE,200.00,205.02,225,F,31108,35.1497
9630,P1,BASE,200.00,184.98,247,F,31182,35.2999
9640,P1,BASE,200.00,192.46,240,F,31259,35.3753
9650,P1,BASE,200.00,205.08,226,F,31341,35.3245
9660,P1,BASE,200.00,200.00,232,F,31421,35.3245
9670,P1,BASE,200.00,202.42,229,F,31502,35.3003
9680,P1,BASE,200.00,200.02,231,F,31582,35.3001
9690,P1,BASE,200.00,200.00,231,F,31662,35.3001
9700,P1,BASE,200.00,197.52,234,F,31741,35.3249
9710,P1,BASE,200.00,205.02,226,F,31823,35.2747
9720,P1,BASE,200.00,202.46,229,F,31904,35.2501
9730,P1,BASE,200.00,200.04,231,F,31984,35.2497
9740,P1,BASE,200.00,195.02,236,F,32062,35.2995
9750,P1,BASE,200.00,194.92,237,F,32140,35.3503
9760,P1,BASE,200.00,195.06,237,F,32218,35.3997
9770,P1,BASE,200.00,194.94,237,F,32296,35.4503
9780,P1,BASE,200.00,197.56,235,F,32375,35.4747
9790,P1,BASE,200.00,202.46,230,F,32456,35.4501
9800,P1,BASE,200.00,197.50,235,F,32535,35.4751
9810,P1,BASE,200.00,192.50,241,F,32612,35.5501
9820,P1,BASE,200.00,192.56,241,F,32689,35.6245
9830,P1,BASE,200.00,199.96,234,F,32769,35.6249
9840,P1,BASE,200.00,202.44,231,F,32850,35.6006
9850,P1,BASE,200.00,200.06,233,F,32930,35.6000
9860,P1,BASE,200.00,207.52,225,F,33013,35.5247
9870,P1,BASE,200.00,207.46,225,F,33096,35.4502
9880,P1,BASE,200.00,205.06,227,F,33178,35.3995
9890,P1,BASE,200.00,199.92,232,F,33258,35.4003
9900,P1,BASE,200.00,197.58,235,F,33337,35.4246
9910,P1,BASE,200.00,212.44,219,F,33422,35.3002
9920,P1,BASE,200.00,207.50,223,F,33505,35.2252
9930,P1,BASE,200.00,185.02,247,F,33579,35.3750
9940,P1,BASE,200.00,192.50,240,F,33656,35.4500
9950,P1,BASE,200.00,205.02,227,F,33738,35.3998
9960,P1,BASE,200.00,202.48,229,F,33819,35.3750
9970,P1,BASE,200.00,202.46,229,F,33900,35.3504
9980,P1,BASE,200.00,200.02,232,F,33980,35.3502
9990,P1,BASE,200.00,197.54,234,F,34059,35.3748
10000,P1,BASE,200.00,200.00,232,F,34139,35.3748
10010,P1,BASE,200.00,202.52,229,F,34220,35.3496
10020,P1,BASE,200.00,204.96,226,F,34302,35.3000
10030,P1,BASE,200.00,200.04,231,F,34382,35.2996
10040,P1,BASE,200.00,195.00,237,F,34460,35.3496
10050,P1,BASE,200.00,194.94,237,F,34538,35.4002
10060,P1,BASE,200.00,195.00,237,F,34616,35.4502
10070,P1,BASE,200.00,197.54,235,F,34695,35.4748
10080,P1,BASE,200.00,194.98,238,F,34773,35.5250
10090,P1,BASE,200.00,202.48,230,F,34854,35.5002
10100,P1,BASE,200.00,197.54,235,F,34933,35.5248
10110,P1,BASE,200.00,192.52,241,F,35010,35.5996
10120,P1,BASE,200.00,192.46,241,F,35087,35.6750
10130,P1,BASE,200.00,199.98,234,F,35167,35.6752
10140,P1,BASE,200.00,202.50,231,F,35248,35.6502
10150,P1,BASE,200.00,202.50,231,F,35329,35.6252
10160,P1,BASE,200.00,207.42,225,F,35412,35.5510
10170,P1,BASE,200.00,207.58,225,F,35495,35.4752
10180,P1,BASE,200.00,202.52,230,F,35576,35.4500
10190,P1,BASE,200.00,200.04,232,F,35656,35.4496
10200,P1,BASE,200.00,199.96,232,F,35736,35.4500
10210,P1,BASE,200.00,210.02,221,F,35820,35.3498
10220,P1,BASE,200.00,207.50,224,F,35903,35.2748
10230,P1,BASE,200.00,187.50,245,F,35978,35.3998
10240,P1,BASE,200.00,192.44,240,F,36055,35.4754
10250,P1,BASE,200.00,202.58,230,F,36136,35.4496
10260,P1,BASE,200.00,202.50,230,F,36217,35.4246
10270,P1,BASE,200.00,202.42,230,F,36298,35.4004
10280,P1,BASE,200.00,202.56,229,F,36379,35.3748
10290,P1,BASE,200.00,199.96,232,F,36459,35.3752
10300,P1,BASE,200.00,197.52,235,F,36538,35.4000
10310,P1,BASE,200.00,205.04,227,F,36620,35.3495
10320,P1,BASE,200.00,204.96,226,F,36702,35.3000
10330,P1,BASE,200.00,197.52,234,F,36781,35.3248
10340,P1,BASE,200.00,197.48,234,F,36860,35.3500
10350,P1,BASE,200.00,194.96,237,F,36938,35.4003
10360,P1,BASE,200.00,195.08,237,F,37016,35.4496
10370,P1,BASE,200.00,197.48,235,F,37095,35.4748
10380,P1,BASE,200.00,194.94,238,F,37173,35.5253
10390,P1,BASE,200.00,202.58,230,F,37254,35.4995
10400,P1,BASE,200.00,197.50,235,F,37333,35.5245
10410,P1,BASE,200.00,194.94,238,F,37411,35.5751
10420,P1,BASE,200.00,190.00,244,F,37487,35.6751
10430,P1,BASE,200.00,200.06,234,F,37567,35.6745
10440,P1,BASE,200.00,202.46,231,F,37648,35.6499
10450,P1,BASE,200.00,202.44,231,F,37729,35.6255
10460,P1,BASE,200.00,205.10,228,F,37811,35.5745
10470,P1,BASE,200.00,209.90,222,F,37895,35.4756
10480,P1,BASE,200.00,202.56,230,F,37976,35.4500
10490,P1,BASE,200.00,200.02,232,F,38056,35.4498
10500,P1,BASE,200.00,200.02,232,F,38136,35.4496
10510,P1,BASE,200.00,209.96,222,F,38220,35.3500
10520,P1,BASE,200.00,210.04,221,F,38304,35.2496
10530,P1,BASE,200.00,187.50,245,F,38379,35.3746
10540,P1,BASE,200.00,189.98,243,F,38455,35.4748
10550,P1,BASE,200.00,202.44,230,F,38536,35.4504
10560,P1,BASE,200.00,204.98,227,F,38618,35.4006
10570,P1,BASE,200.00,200.06,232,F,38698,35.4000
10580,P1,BASE,200.00,202.52,229,F,38779,35.3748
10590,P1,BASE,200.00,197.48,235,F,38858,35.4000
10600,P1,BASE,200.00,199.96,232,F,38938,35.4004
10610,P1,BASE,200.00,202.58,229,F,39019,35.3745
10620,P1,BASE,200.00,204.92,227,F,39101,35.3254
10630,P1,BASE,200.00,200.04,231,F,39181,35.3250
10640,P1,BASE,200.00,194.96,237,F,39259,35.3754
10650,P1,BASE,200.00,197.50,235,F,39338,35.4004
10660,P1,BASE,200.00,192.52,240,F,39415,35.4752
10670,P1,BASE,200.00,197.52,235,F,39494,35.5000
10680,P1,BASE,200.00,197.52,235,F,39573,35.5248
10690,P1,BASE,200.00,202.52,230,F,39654,35.4996
10700,P1,BASE,200.00,197.48,235,F,39733,35.5248
10710,P1,BASE,200.00,194.98,238,F,39811,35.5750
10720,P1,BASE,200.00,190.00,244,F,39887,35.6750
10730,P1,BASE,200.00,199.98,234,F,39967,35.6752
10740,P1,BASE,200.00,202.56,231,F,40048,35.6495
10750,P1,BASE,200.00,199.98,234,F,40128,35.6497
10760,P1,BASE,200.00,207.46,226,F,40211,35.5752
10770,P1,BASE,200.00,210.06,222,F,40295,35.4745
10780,P1,BASE,200.00,202.42,230,F,40376,35.4503
10790,P1,BASE,200.00,200.08,232,F,40456,35.4495
10800,P1,BASE,200.00,200.00,232,F,40536,35.4495
10810,P1,BASE,200.00,212.48,219,F,40621,35.3248
10820,P1,BASE,200.00,205.00,226,F,40703,35.2748
10830,P1,BASE,200.00,185.00,247,F,40777,35.4248
10840,P1,BASE,200.00,192.44,240,F,40854,35.5003
10850,P1,BASE,200.00,205.04,227,F,40936,35.4499
10860,P1,BASE,200.00,202.46,230,F,41017,35.4253
10870,P1,BASE,200.00,202.40,230,F,41098,35.4013
10880,P1,BASE,200.00,200.18,232,F,41178,35.3995
10890,P1,BASE,200.00,200.00,232,F,41258,35.3995
10900,P1,BASE,200.00,197.48,235,F,41337,35.4247
10910,P1,BASE,200.00,202.50,229,F,41418,35.3997
10920,P1,BASE,200.00,204.94,227,F,41500,35.3503
10930,P1,BASE,200.00,200.02,232,F,41580,35.3502
10940,P1,BASE,200.00,197.52,234,F,41659,35.3750
10950,P1,BASE,200.00,195.00,237,F,41737,35.4250
10960,P1,BASE,200.00,195.04,238,F,41815,35.4746
10970,P1,BASE,200.00,197.38,235,F,41894,35.5007
10980,P1,BASE,200.00,197.44,235,F,41973,35.5263
10990,P1,BASE,200.00,200.14,233,F,42053,35.5249
11000,P1,BASE,200.00,197.48,236,F,42132,35.5501
11010,P1,BASE,200.00,195.04,238,F,42210,35.5997
11020,P1,BASE,200.00,189.98,244,F,42286,35.6999
11030,P1,BASE,200.00,202.34,231,F,42367,35.6766
11040,P1,BASE,200.00,200.20,234,F,42447,35.6746
11050,P1,BASE,200.00,199.92,234,F,42527,35.6754
11060,P1,BASE,200.00,207.54,226,F,42610,35.5999
11070,P1,BASE,200.00,210.02,222,F,42694,35.4997
11080,P1,BASE,200.00,202.50,230,F,42775,35.4747
11090,P1,BASE,200.00,199.94,233,F,42855,35.4753
11100,P1,BASE,200.00,200.00,232,F,42935,35.4753
11110,P1,BASE,200.00,215.04,216,F,43021,35.3249
11120,P1,BASE,200.00,205.04,226,F,43103,35.2745
11130,P1,BASE,200.00,184.94,247,F,43177,35.4250
11140,P1,BASE,200.00,192.48,240,F,43254,35.5002
11150,P1,BASE,200.00,205.02,227,F,43336,35.4500
11160,P1,BASE,200.00,202.56,230,F,43417,35.4244
11170,P1,BASE,200.00,199.94,232,F,43497,35.4250
11180,P1,BASE,200.00,202.54,229,F,43578,35.3996
11190,P1,BASE,200.00,200.00,232,F,43658,35.3996
11200,P1,BASE,200.00,197.46,235,F,43737,35.4250
11210,P1,BASE,200.00,204.98,227,F,43819,35.3752
11220,P1,BASE,200.00,205.08,226,F,43901,35.3244
11230,P1,BASE,200.00,200.00,231,F,43981,35.3244
11240,P1,BASE,200.00,194.96,237,F,44059,35.3748
11250,P1,BASE,200.00,197.46,235,F,44138,35.4002
11260,P1,BASE,200.00,192.56,240,F,44215,35.4746
11270,P1,BASE,200.00,197.50,235,F,44294,35.4996
11280,P1,BASE,200.00,197.44,235,F,44373,35.5252
11290,P1,BASE,200.00,202.58,230,F,44454,35.4994
11300,P1,BASE,200.00,197.42,235,F,44533,35.5252
11310,P1,BASE,200.00,192.54,241,F,44610,35.5998
11320,P1,BASE,200.00,192.54,241,F,44687,35.6744
11330,P1,BASE,200.00,202.40,231,F,44768,35.6504
11340,P1,BASE,200.00,200.04,234,F,44848,35.6500
11350,P1,BASE,200.00,202.54,231,F,44929,35.6246
11360,P1,BASE,200.00,207.50,225,F,45012,35.5496
11370,P1,BASE,200.00,207.50,225,F,45095,35.4746
11380,P1,BASE,200.00,204.94,227,F,45177,35.4252
11390,P1,BASE,200.00,200.06,232,F,45257,35.4246
11400,P1,BASE,200.00,199.96,232,F,45337,35.4250
11410,P1,BASE,200.00,212.56,219,F,45422,35.2994
11420,P1,BASE,200.00,207.48,223,F,45505,35.2246
11430,P1,BASE,200.00,185.00,247,F,45579,35.3746
11440,P1,BASE,200.00,192.50,240,F,45656,35.4496
11450,P1,BASE,200.00,204.98,227,F,45738,35.3998
11460,P1,BASE,200.00,202.46,229,F,45819,35.3752
11470,P1,BASE,200.00,200.02,232,F,45899,35.3750
11480,P1,BASE,200.00,202.50,229,F,45980,35.3500
11490,P1,BASE,200.00,200.06,232,F,46060,35.3494
11500,P1,BASE,200.00,199.94,232,F,46140,35.3500
11510,P1,BASE,200.00,204.94,226,F,46222,35.3006
11520,P1,BASE,200.00,202.58,229,F,46303,35.2748
11530,P1,BASE,200.00,200.00,231,F,46383,35.2748
11540,P1,BASE,200.00,197.48,234,F,46462,35.3000
11550,P1,BASE,200.00,195.06,237,F,46540,35.3494
11560,P1,BASE,200.00,194.94,237,F,46618,35.4000
11570,P1,BASE,200.00,195.06,237,F,46696,35.4494
11580,P1,BASE,200.00,197.46,235,F,46775,35.4748
11590,P1,BASE,200.00,202.54,230,F,46856,35.4494
11600,P1,BASE,200.00,197.50,235,F,46935,35.4744
11610,P1,BASE,200.00,192.48,241,F,47012,35.5496
11620,P1,BASE,200.00,192.48,241,F,47089,35.6248
11630,P1,BASE,200.00,200.04,233,F,47169,35.6244
11640,P1,BASE,200.00,202.46,231,F,47250,35.5998
11650,P1,BASE,200.00,202.50,231,F,47331,35.5748
11660,P1,BASE,200.00,207.48,225,F,47414,35.5000
11670,P1,BASE,200.00,207.52,225,F,47497,35.4248
11680,P1,BASE,200.00,205.02,227,F,47579,35.3746
11690,P1,BASE,200.00,200.02,232,F,47659,35.3744
11700,P1,BASE,200.00,199.92,232,F,47739,35.3752
11710,P1,BASE,200.00,210.08,221,F,47823,35.2744
11720,P1,BASE,200.00,207.48,223,F,47906,35.1996
11730,P1,BASE,200.00,192.46,239,F,47983,35.2750
11740,P1,BASE,200.00,185.06,247,F,48057,35.4244
11750,P1,BASE,200.00,204.92,227,F,48139,35.3752
11760,P1,BASE,200.00,200.02,232,F,48219,35.3750
11770,P1,BASE,200.00,202.56,229,F,48300,35.3494
11780,P1,BASE,200.00,202.48,229,F,48381,35.3246
11790,P1,BASE,200.00,200.02,231,F,48461,35.3244
11800,P1,BASE,200.00,197.46,234,F,48540,35.3498
11810,P1,BASE,200.00,204.96,226,F,48622,35.3002
11820,P1,BASE,200.00,202.52,229,F,48703,35.2750
11830,P1,BASE,200.00,200.04,231,F,48783,35.2746
11840,P1,BASE,200.00,194.94,237,F,48861,35.3252
11850,P1,BASE,200.00,197.58,234,F,48940,35.3494
11860,P1,BASE,200.00,192.46,240,F,49017,35.4248
11870,P1,BASE,200.00,197.50,235,F,49096,35.4498
11880,P1,BASE,200.00,197.52,235,F,49175,35.4746
11890,P1,BASE,200.00,202.50,230,F,49256,35.4496
11900,P1,BASE,200.00,197.48,235,F,49335,35.4748
11910,P1,BASE,200.00,195.00,238,F,49413,35.5248
11920,P1,BASE,200.00,192.48,241,F,49490,35.6000
11930,P1,BASE,200.00,200.00,233,F,49570,35.6000
11940,P1,BASE,200.00,202.50,231,F,49651,35.5750
11950,P1,BASE,200.00,200.04,233,F,49731,35.5746
11960,P1,BASE,200.00,207.48,225,F,49814,35.4998
11970,P1,BASE,200.00,207.54,224,F,49897,35.4244
11980,P1,BASE,200.00,204.98,227,F,49979,35.3746
11990,P1,BASE,200.00,200.02,232,F,50059,35.3744
12000,P1,BASE,200.00,199.98,232,F,50139,35.3746
12010,P1,BASE,150.00,212.48,202,F,50224,34.7498
12020,P1,BASE,150.00,205.00,172,F,50306,34.1998
12030,P1,BASE,150.00,187.52,183,F,50381,33.8246
12040,P1,BASE,150.00,182.50,186,F,50454,33.4996
12050,P1,BASE,150.00,192.46,174,F,50531,33.0750
12060,P1,BASE,150.00,189.91,173,F,50607,32.6760
12070,P1,BASE,150.00,185.11,176,F,50681,32.3248
12080,P1,BASE,150.00,182.54,177,F,50754,31.9995
12090,P1,BASE,150.00,177.48,180,F,50825,31.7247
12100,P1,BASE,150.00,175.02,181,F,50895,31.4745
12110,P1,BASE,150.00,177.43,176,F,50966,31.2002
12120,P1,BASE,150.00,174.97,177,F,51036,30.9505
12130,P1,BASE,150.00,170.09,181,F,51104,30.7497
12140,P1,BASE,150.00,167.50,182,F,51171,30.5747
12150,P1,BASE,150.00,162.48,187,F,51236,30.4499
12160,P1,BASE,150.00,157.50,191,F,51299,30.3748
12170,P1,BASE,150.00,160.02,188,F,51363,30.2747
12180,P1,BASE,150.00,152.50,196,F,51424,30.2497
12190,P1,BASE,150.00,155.02,193,F,51486,30.1995
12200,P1,BASE,150.00,149.97,198,F,51546,30.1998
12210,P1,BASE,150.00,152.53,195,F,51607,30.1745
12220,P1,BASE,150.00,152.50,195,F,51668,30.1495
12230,P1,BASE,150.00,147.49,200,F,51727,30.1747
12240,P1,BASE,150.00,145.01,203,F,51785,30.2245
12250,P1,BASE,150.00,142.50,206,F,51842,30.2995
12260,P1,BASE,150.00,139.97,209,F,51898,30.3998
12270,P1,BASE,150.00,147.49,202,F,51957,30.4250
12280,P1,BASE,150.00,142.53,207,F,52014,30.4997
12290,P1,BASE,150.00,147.50,203,F,52073,30.5247
12300,P1,BASE,150.00,147.50,203,F,52132,30.5497
12310,P1,BASE,150.00,147.46,203,F,52191,30.5751
12320,P1,BASE,150.00,152.53,198,F,52252,30.5498
12330,P1,BASE,150.00,147.51,203,F,52311,30.5747
12340,P1,BASE,150.00,145.01,206,F,52369,30.6245
12350,P1,BASE,150.00,144.96,206,F,52427,30.6750
12360,P1,BASE,150.00,142.53,209,F,52484,30.7497
12370,P1,BASE,150.00,147.51,204,F,52543,30.7745
12380,P1,BASE,150.00,152.50,199,F,52604,30.7495
12390,P1,BASE,150.00,157.48,193,F,52667,30.6747
12400,P1,BASE,150.00,142.50,209,F,52724,30.7497
12410,P1,BASE,150.00,134.96,218,F,52778,30.9001
12420,P1,BASE,150.00,137.54,216,F,52833,31.0247
12430,P1,BASE,150.00,152.47,201,F,52894,31.0000
12440,P1,BASE,150.00,150.01,203,F,52954,30.9998
12450,P1,BASE,150.00,147.49,206,F,53013,31.0250
12460,P1,BASE,150.00,150.00,203,F,53073,31.0250
12470,P1,BASE,150.00,150.00,203,F,53133,31.0250
12480,P1,BASE,150.00,145.01,209,F,53191,31.0748
12490,P1,BASE,150.00,147.53,206,F,53250,31.0995
12500,P1,BASE,150.00,144.97,209,F,53308,31.1498
12510,P1,BASE,150.00,150.03,204,F,53368,31.1495
12520,P1,BASE,150.00,149.97,204,F,53428,31.1498
12530,P1,BASE,150.00,152.52,201,F,53489,31.1247
12540,P1,BASE,150.00,147.51,207,F,53548,31.1495
12550,P1,BASE,150.00,144.97,210,F,53606,31.1998
12560,P1,BASE,150.00,144.93,210,F,53664,31.2505
12570,P1,BASE,150.00,142.59,213,F,53721,31.3247
12580,P1,BASE,150.00,147.51,208,F,53780,31.3495
12590,P1,BASE,150.00,145.00,211,F,53838,31.3995
12600,P1,BASE,150.00,144.94,211,F,53896,31.4501
12610,P1,BASE,150.00,147.51,209,F,53955,31.4750
12620,P1,BASE,150.00,150.05,206,F,54015,31.4745
12630,P1,BASE,150.00,152.47,204,F,54076,31.4498
12640,P1,BASE,150.00,147.53,209,F,54135,31.4745
12650,P1,BASE,150.00,142.49,214,F,54192,31.5497
12660,P1,BASE,150.00,144.97,212,F,54250,31.6000
12670,P1,BASE,150.00,145.01,212,F,54308,31.6498
12680,P1,BASE,150.00,152.52,205,F,54369,31.6247
12690,P1,BASE,150.00,150.00,207,F,54429,31.6247
12700,P1,BASE,150.00,149.97,207,F,54489,31.6250
12710,P1,BASE,150.00,152.53,204,F,54550,31.5997
12720,P1,BASE,150.00,152.48,204,F,54611,31.5748
12730,P1,BASE,150.00,155.03,201,F,54673,31.5245
12740,P1,BASE,150.00,152.48,204,F,54734,31.4996
12750,P1,BASE,150.00,147.46,209,F,54793,31.5251
12760,P1,BASE,150.00,150.01,207,F,54853,31.5249
12770,P1,BASE,150.00,147.51,209,F,54912,31.5498
12780,P1,BASE,150.00,150.00,207,F,54972,31.5498
12790,P1,BASE,150.00,165.03,190,F,55038,31.3995
12800,P1,BASE,150.00,152.48,203,F,55099,31.3746
12810,P1,BASE,150.00,142.47,214,F,55156,31.4499
12820,P1,BASE,150.00,135.00,222,F,55210,31.5999
12830,P1,BASE,150.00,152.48,204,F,55271,31.5751
12840,P1,BASE,150.00,154.94,202,F,55333,31.5257
12850,P1,BASE,150.00,150.12,206,F,55393,31.5245
12860,P1,BASE,150.00,152.47,204,F,55454,31.4998
12870,P1,BASE,150.00,150.00,206,F,55514,31.4998
12880,P1,BASE,150.00,152.53,204,F,55575,31.4745
12890,P1,BASE,150.00,147.47,209,F,55634,31.4998
12900,P1,BASE,150.00,147.53,209,F,55693,31.5245
12910,P1,BASE,150.00,152.47,204,F,55754,31.4998
12920,P1,BASE,150.00,150.03,206,F,55814,31.4995
12930,P1,BASE,150.00,155.00,201,F,55876,31.4495
12940,P1,BASE,150.00,147.47,209,F,55935,31.4748
12950,P1,BASE,150.00,149.99,206,F,55995,31.4749
12960,P1,BASE,150.00,145.04,212,F,56053,31.5245
12970,P1,BASE,150.00,145.00,212,F,56111,31.5745
12980,P1,BASE,150.00,149.96,207,F,56171,31.5749
12990,P1,BASE,150.00,145.01,212,F,56229,31.6248
13000,P1,BASE,150.00,147.50,210,F,56288,31.6498
13010,P1,BASE,150.00,147.53,210,F,56347,31.6745
13020,P1,BASE,150.00,149.96,208,F,56407,31.6749
13030,P1,BASE,150.00,152.50,205,F,56468,31.6499
13040,P1,BASE,150.00,147.54,210,F,56527,31.6745
13050,P1,BASE,150.00,147.46,210,F,56586,31.6999
13060,P1,BASE,150.00,145.00,213,F,56644,31.7499
13070,P1,BASE,150.00,145.01,213,F,56702,31.7998
13080,P1,BASE,150.00,152.50,206,F,56763,31.7748
13090,P1,BASE,150.00,150.00,208,F,56823,31.7748
13100,P1,BASE,150.00,150.01,208,F,56883,31.7746
13110,P1,BASE,150.00,155.02,203,F,56945,31.7245
13120,P1,BASE,150.00,152.50,205,F,57006,31.6995
13130,P1,BASE,150.00,157.42,200,F,57069,31.6253
13140,P1,BASE,150.00,150.01,207,F,57129,31.6251
13150,P1,BASE,150.00,150.05,207,F,57189,31.6247
13160,P1,BASE,150.00,149.97,207,F,57249,31.6250
13170,P1,BASE,150.00,147.53,210,F,57308,31.6497
13180,P1,BASE,150.00,152.50,205,F,57369,31.6247
13190,P1,BASE,150.00,162.45,194,F,57434,31.5002
13200,P1,BASE,150.00,155.02,201,F,57496,31.4500
13210,P1,BASE,150.00,140.00,217,F,57552,31.5500
13220,P1,BASE,150.00,137.51,220,F,57607,31.6749
13230,P1,BASE,150.00,152.50,205,F,57668,31.6499
13240,P1,BASE,150.00,152.48,205,F,57729,31.6250
13250,P1,BASE,150.00,152.52,204,F,57790,31.5999
13260,P1,BASE,150.00,152.50,204,F,57851,31.5749
13270,P1,BASE,150.00,152.47,204,F,57912,31.5502
13280,P1,BASE,150.00,150.05,207,F,57972,31.5497
13290,P1,BASE,150.00,147.47,209,F,58031,31.5750
13300,P1,BASE,150.00,150.00,207,F,58091,31.5750
13310,P1,BASE,150.00,150.03,207,F,58151,31.5747
13320,P1,BASE,150.00,152.50,204,F,58212,31.5497
13330,P1,BASE,150.00,152.48,204,F,58273,31.5249
13340,P1,BASE,150.00,150.01,207,F,58333,31.5247
13350,P1,BASE,150.00,147.51,209,F,58392,31.5496
13360,P1,BASE,150.00,147.49,209,F,58451,31.5747
13370,P1,BASE,150.00,145.01,212,F,58509,31.6246
13380,P1,BASE,150.00,147.49,210,F,58568,31.6497
13390,P1,BASE,150.00,147.50,210,F,58627,31.6747
13400,P1,BASE,150.00,147.51,210,F,58686,31.6996
13410,P1,BASE,150.00,147.49,210,F,58745,31.7247
13420,P1,BASE,150.00,150.00,208,F,58805,31.7247
13430,P1,BASE,150.00,152.47,205,F,58866,31.7000
13440,P1,BASE,150.00,147.51,210,F,58925,31.7249
13450,P1,BASE,150.00,147.50,211,F,58984,31.7499
13460,P1,BASE,150.00,145.01,213,F,59042,31.7998
13470,P1,BASE,150.00,144.97,214,F,59100,31.8500
13480,P1,BASE,150.00,150.00,209,F,59160,31.8500
13490,P1,BASE,150.00,150.01,209,F,59220,31.8499
13500,P1,BASE,150.00,152.50,206,F,59281,31.8249
13510,P1,BASE,150.00,152.47,206,F,59342,31.8002
13520,P1,BASE,150.00,155.06,203,F,59404,31.7496
13530,P1,BASE,150.00,157.48,200,F,59467,31.6747
13540,P1,BASE,150.00,152.45,205,F,59528,31.6502
13550,P1,BASE,150.00,150.01,207,F,59588,31.6500
13560,P1,BASE,150.00,147.50,210,F,59647,31.6750
13570,P1,BASE,150.00,150.05,207,F,59707,31.6746
13580,P1,BASE,150.00,149.97,208,F,59767,31.6749
13590,P1,BASE,150.00,165.02,191,F,59833,31.5247
13600,P1,BASE,150.00,155.02,201,F,59895,31.4746
13610,P1,BASE,150.00,139.96,217,F,59951,31.5750
13620,P1,BASE,150.00,137.50,220,F,60006,31.7000
13630,P1,BASE,150.00,152.48,205,F,60067,31.6751
13640,P1,BASE,150.00,152.56,205,F,60128,31.6495
13650,P1,BASE,150.00,154.97,202,F,60190,31.5998
13660,P1,BASE,150.00,152.44,204,F,60251,31.5754
13670,P1,BASE,150.00,150.08,207,F,60311,31.5747
13680,P1,BASE,150.00,150.00,207,F,60371,31.5747
13690,P1,BASE,150.00,150.01,207,F,60431,31.5745
13700,P1,BASE,150.00,147.44,210,F,60490,31.6001
13710,P1,BASE,150.00,152.56,204,F,60551,31.5745
13720,P1,BASE,150.00,152.48,204,F,60612,31.5497
13730,P1,BASE,150.00,152.47,204,F,60673,31.5250
13740,P1,BASE,150.00,150.00,207,F,60733,31.5250
13750,P1,BASE,150.00,147.50,209,F,60792,31.5500
13760,P1,BASE,150.00,147.54,209,F,60851,31.5745
13770,P1,BASE,150.00,145.00,212,F,60909,31.6245
13780,P1,BASE,150.00,147.49,210,F,60968,31.6497
13790,P1,BASE,150.00,147.49,210,F,61027,31.6748
13800,P1,BASE,150.00,147.53,210,F,61086,31.6995
13810,P1,BASE,150.00,147.49,210,F,61145,31.7247
13820,P1,BASE,150.00,149.99,208,F,61205,31.7248
13830,P1,BASE,150.00,152.47,205,F,61266,31.7001
13840,P1,BASE,150.00,150.06,208,F,61326,31.6995
13850,P1,BASE,150.00,145.00,213,F,61384,31.7495
13860,P1,BASE,150.00,144.99,213,F,61442,31.7997
13870,P1,BASE,150.00,145.00,214,F,61500,31.8497
13880,P1,BASE,150.00,152.47,206,F,61561,31.8250
13890,P1,BASE,150.00,150.05,208,F,61621,31.8245
13900,P1,BASE,150.00,152.47,206,F,61682,31.7999
13910,P1,BASE,150.00,152.53,206,F,61743,31.7745
13920,P1,BASE,150.00,154.98,203,F,61805,31.7247
13930,P1,BASE,150.00,154.98,202,F,61867,31.6749
13940,P1,BASE,150.00,152.52,205,F,61928,31.6497
13950,P1,BASE,150.00,150.01,207,F,61988,31.6496
13960,P1,BASE,150.00,149.99,207,F,62048,31.6497
13970,P1,BASE,150.00,147.49,210,F,62107,31.6749
13980,P1,BASE,150.00,150.01,208,F,62167,31.6747
13990,P1,BASE,150.00,165.02,191,F,62233,31.5245
14000,P1,BASE,150.00,154.98,201,F,62295,31.4747
14010,P1,BASE,150.00,140.00,217,F,62351,31.5747
14020,P1,BASE,150.00,137.49,220,F,62406,31.6998
14030,P1,BASE,150.00,155.02,202,F,62468,31.6497
14040,P1,BASE,150.00,152.47,205,F,62529,31.6250
14050,P1,BASE,150.00,152.52,204,F,62590,31.5998
14060,P1,BASE,150.00,152.52,204,F,62651,31.5747
14070,P1,BASE,150.00,149.99,207,F,62711,31.5748
14080,P1,BASE,150.00,152.53,204,F,62772,31.5495
14090,P1,BASE,150.00,147.49,209,F,62831,31.5747
14100,P1,BASE,150.00,147.51,210,F,62890,31.5995
14110,P1,BASE,150.00,150.00,207,F,62950,31.5995
14120,P1,BASE,150.00,152.50,204,F,63011,31.5745
14130,P1,BASE,150.00,154.94,202,F,63073,31.5251
14140,P1,BASE,150.00,150.01,207,F,63133,31.5250
14150,P1,BASE,150.00,147.54,209,F,63192,31.5495
14160,P1,BASE,150.00,147.44,209,F,63251,31.5751
14170,P1,BASE,150.00,147.54,210,F,63310,31.5997
14180,P1,BASE,150.00,147.51,210,F,63369,31.6245
14190,P1,BASE,150.00,144.96,213,F,63427,31.6750
14200,P1,BASE,150.00,147.53,210,F,63486,31.6997
14210,P1,BASE,150.00,147.50,210,F,63545,31.7247
14220,P1,BASE,150.00,149.96,208,F,63605,31.7251
14230,P1,BASE,150.00,155.05,202,F,63667,31.6747
14240,P1,BASE,150.00,147.51,210,F,63726,31.6995
14250,P1,BASE,150.00,144.94,213,F,63784,31.7501
14260,P1,BASE,150.00,147.53,211,F,63843,31.7748
14270,P1,BASE,150.00,145.01,214,F,63901,31.8247
14280,P1,BASE,150.00,149.99,209,F,63961,31.8248
14290,P1,BASE,150.00,149.99,209,F,64021,31.8250
14300,P1,BASE,150.00,152.52,206,F,64082,31.7998
14310,P1,BASE,150.00,152.48,206,F,64143,31.7750
14320,P1,BASE,150.00,155.00,203,F,64205,31.7250
14330,P1,BASE,150.00,157.50,200,F,64268,31.6500
14340,P1,BASE,150.00,152.55,205,F,64329,31.6245
14350,P1,BASE,150.00,149.96,207,F,64389,31.6250
14360,P1,BASE,150.00,147.54,210,F,64448,31.6495
14370,P1,BASE,150.00,150.00,207,F,64508,31.6495
14380,P1,BASE,150.00,149.96,207,F,64568,31.6500
14390,P1,BASE,150.00,165.00,191,F,64634,31.5000
14400,P1,BASE,150.00,155.03,201,F,64696,31.4497
14410,P1,BASE,150.00,140.00,217,F,64752,31.5497
14420,P1,BASE,150.00,137.46,220,F,64807,31.6751
14430,P1,BASE,150.00,152.50,205,F,64868,31.6501
14440,P1,BASE,150.00,152.53,205,F,64929,31.6248
14450,P1,BASE,150.00,154.98,202,F,64991,31.5749
14460,P1,BASE,150.00,150.03,207,F,65051,31.5746
14470,P1,BASE,150.00,152.47,204,F,65112,31.5499
14480,P1,BASE,150.00,150.00,207,F,65172,31.5499
14490,P1,BASE,150.00,147.53,209,F,65231,31.5746
14500,P1,BASE,150.00,149.97,207,F,65291,31.5749
14510,P1,BASE,150.00,150.03,207,F,65351,31.5746
14520,P1,BASE,150.00,152.50,204,F,65412,31.5496
14530,P1,BASE,150.00,154.97,201,F,65474,31.4999
14540,P1,BASE,150.00,147.51,209,F,65533,31.5248
14550,P1,BASE,150.00,150.01,207,F,65593,31.5246
14560,P1,BASE,150.00,145.01,212,F,65651,31.5745
14570,P1,BASE,150.00,147.44,210,F,65710,31.6001
14580,P1,BASE,150.00,147.53,210,F,65769,31.6248
14590,P1,BASE,150.00,145.01,213,F,65827,31.6746
14600,P1,BASE,150.00,147.50,210,F,65886,31.6996
14610,P1,BASE,150.00,147.49,210,F,65945,31.7248
14620,P1,BASE,150.00,150.00,208,F,66005,31.7248
14630,P1,BASE,150.00,152.50,205,F,66066,31.6998
14640,P1,BASE,150.00,147.51,210,F,66125,31.7246
14650,P1,BASE,150.00,147.47,211,F,66184,31.7499
14660,P1,BASE,150.00,145.04,213,F,66242,31.7995
14670,P1,BASE,150.00,144.96,214,F,66300,31.8499
14680,P1,BASE,150.00,152.48,206,F,66361,31.8251
14690,P1,BASE,150.00,150.01,209,F,66421,31.8249
14700,P1,BASE,150.00,150.00,209,F,66481,31.8249
14710,P1,BASE,150.00,155.03,203,F,66543,31.7746
14720,P1,BASE,150.00,152.48,205,F,66604,31.7498
14730,P1,BASE,150.00,157.53,200,F,66667,31.6745
14740,P1,BASE,150.00,152.45,205,F,66728,31.6499
14750,P1,BASE,150.00,149.99,207,F,66788,31.6501
14760,P1,BASE,150.00,150.05,207,F,66848,31.6496
14770,P1,BASE,150.00,147.51,210,F,66907,31.6745
14780,P1,BASE,150.00,152.48,205,F,66968,31.6496
14790,P1,BASE,150.00,165.02,191,F,67034,31.4995
14800,P1,BASE,150.00,152.48,204,F,67095,31.4746
14810,P1,BASE,150.00,140.00,217,F,67151,31.5746
14820,P1,BASE,150.00,137.51,220,F,67206,31.6995
14830,P1,BASE,150.00,154.98,202,F,67268,31.6496
14840,P1,BASE,150.00,152.45,205,F,67329,31.6251
14850,P1,BASE,150.00,152.52,204,F,67390,31.5999
14860,P1,BASE,150.00,152.52,204,F,67451,31.5748
14870,P1,BASE,150.00,150.00,207,F,67511,31.5748
14880,P1,BASE,150.00,152.50,204,F,67572,31.5498
14890,P1,BASE,150.00,147.49,209,F,67631,31.5749
14900,P1,BASE,150.00,150.03,207,F,67691,31.5746
14910,P1,BASE,150.00,149.99,207,F,67751,31.5748
14920,P1,BASE,150.00,150.03,207,F,67811,31.5745
14930,P1,BASE,150.00,154.95,202,F,67873,31.5250
14940,P1,BASE,150.00,150.05,206,F,67933,31.5245
14950,P1,BASE,150.00,147.50,209,F,67992,31.5495
14960,P1,BASE,150.00,147.50,209,F,68051,31.5745
14970,P1,BASE,150.00,145.00,212,F,68109,31.6245
14980,P1,BASE,150.00,147.47,210,F,68168,31.6498
14990,P1,BASE,150.00,147.49,210,F,68227,31.6749
15000,P1,BASE,150.00,147.54,210,F,68286,31.6995
15010,P1,BASE,80.00,147.49,180,F,68345,31.0247
15020,P1,BASE,80.00,147.51,150,F,68404,30.3495
15030,P1,BASE,80.00,149.97,123,F,68464,29.6498
15040,P1,BASE,80.00,142.50,127,F,68521,29.0248
15050,P1,BASE,80.00,137.50,128,F,68576,28.4498
15060,P1,BASE,80.00,132.51,129,F,68629,27.9247
15070,P1,BASE,80.00,132.39,126,F,68682,27.4007
15080,P1,BASE,80.00,130.07,125,F,68734,26.9001
15090,P1,BASE,80.00,130.05,122,F,68786,26.3996
15100,P1,BASE,80.00,125.00,124,F,68836,25.9496
15110,P1,BASE,80.00,122.45,124,F,68885,25.5250
15120,P1,BASE,80.00,122.52,121,F,68934,25.0998
15130,P1,BASE,80.00,122.50,118,F,68983,24.6748
15140,P1,BASE,80.00,119.99,118,F,69031,24.2749
15150,P1,BASE,80.00,115.01,121,F,69077,23.9248
15160,P1,BASE,80.00,112.51,121,F,69122,23.5997
15170,P1,BASE,80.00,109.98,122,F,69166,23.2999
15180,P1,BASE,80.00,105.02,125,F,69208,23.0497
15190,P1,BASE,80.00,104.97,124,F,69250,22.8000
15200,P1,BASE,80.00,100.01,128,F,69290,22.5999
15210,P1,BASE,80.00,100.01,126,F,69330,22.3998
15220,P1,BASE,80.00,100.00,125,F,69370,22.1998
15230,P1,BASE,80.00,105.01,118,F,69412,21.9497
15240,P1,BASE,80.00,104.97,117,F,69454,21.7000
15250,P1,BASE,80.00,92.51,128,F,69491,21.5749
15260,P1,BASE,80.00,87.50,133,F,69526,21.4999
15270,P1,BASE,80.00,87.51,133,F,69561,21.4248
15280,P1,BASE,80.00,80.02,140,F,69593,21.4247
15290,P1,BASE,80.00,82.49,138,F,69626,21.3998
15300,P1,BASE,80.00,87.49,132,F,69661,21.3249
15310,P1,BASE,80.00,87.50,131,F,69696,21.2499
15320,P1,BASE,80.00,85.00,134,F,69730,21.1999
15330,P1,BASE,80.00,82.52,136,F,69763,21.1747
15340,P1,BASE,80.00,82.48,136,F,69796,21.1499
15350,P1,BASE,80.00,80.02,138,F,69828,21.1498
15360,P1,BASE,80.00,82.48,136,F,69861,21.1249
15370,P1,BASE,80.00,80.02,138,F,69893,21.1248
15380,P1,BASE,80.00,77.51,141,F,69924,21.1497
15390,P1,BASE,80.00,79.98,138,F,69956,21.1499
15400,P1,BASE,80.00,75.02,144,F,69986,21.1997
15410,P1,BASE,80.00,74.99,144,F,70016,21.2499
15420,P1,BASE,80.00,77.51,142,F,70047,21.2748
15430,P1,BASE,80.00,72.51,147,F,70076,21.3497
15440,P1,BASE,80.00,74.99,145,F,70106,21.3999
15450,P1,BASE,80.00,72.49,148,F,70135,21.4749
15460,P1,BASE,80.00,75.00,146,F,70165,21.5249
15470,P1,BASE,80.00,72.49,149,F,70194,21.6000
15480,P1,BASE,80.00,75.01,147,F,70224,21.6499
15490,P1,BASE,80.00,72.50,150,F,70253,21.7249
15500,P1,BASE,80.00,72.50,150,F,70282,21.7999
15510,P1,BASE,80.00,70.01,154,F,70310,21.8998
15520,P1,BASE,80.00,72.51,151,F,70339,21.9747
15530,P1,BASE,80.00,72.49,152,F,70368,22.0499
15540,P1,BASE,80.00,70.00,155,F,70396,22.1499
15550,P1,BASE,80.00,69.99,156,F,70424,22.2499
15560,P1,BASE,80.00,70.01,156,F,70452,22.3499
15570,P1,BASE,80.00,70.01,157,F,70480,22.4498
15580,P1,BASE,80.00,69.99,158,F,70508,22.5499
15590,P1,BASE,80.00,70.02,158,F,70536,22.6497
15600,P1,BASE,80.00,72.48,156,F,70565,22.7250
15610,P1,BASE,80.00,70.00,160,F,70593,22.8250
15620,P1,BASE,80.00,69.99,160,F,70621,22.9250
15630,P1,BASE,80.00,72.51,158,F,70650,22.9999
15640,P1,BASE,80.00,69.99,161,F,70678,23.1000
15650,P1,BASE,80.00,72.52,159,F,70707,23.1748
15660,P1,BASE,80.00,69.99,163,F,70735,23.2749
15670,P1,BASE,80.00,75.00,158,F,70765,23.3249
15680,P1,BASE,80.00,72.50,161,F,70794,23.3999
15690,P1,BASE,80.00,74.99,159,F,70824,23.4499
15700,P1,BASE,80.00,77.52,156,F,70855,23.4748
15710,P1,BASE,80.00,75.00,159,F,70885,23.5248
15720,P1,BASE,80.00,72.51,162,F,70914,23.5997
15730,P1,BASE,80.00,74.99,160,F,70944,23.6499
15740,P1,BASE,80.00,72.51,163,F,70973,23.7247
15750,P1,BASE,80.00,72.48,163,F,71002,23.7999
15760,P1,BASE,80.00,75.00,161,F,71032,23.8499
15770,P1,BASE,80.00,72.50,164,F,71061,23.9249
15780,P1,BASE,80.00,72.50,165,F,71090,23.9999
15790,P1,BASE,80.00,77.52,160,F,71121,24.0247
15800,P1,BASE,80.00,74.99,163,F,71151,24.0749
15810,P1,BASE,80.00,74.99,163,F,71181,24.1249
15820,P1,BASE,80.00,75.00,163,F,71211,24.1749
15830,P1,BASE,80.00,79.99,158,F,71243,24.1750
15840,P1,BASE,80.00,72.51,166,F,71272,24.2499
15850,P1,BASE,80.00,77.52,161,F,71303,24.2747
15860,P1,BASE,80.00,77.49,162,F,71334,24.2998
15870,P1,BASE,80.00,77.51,162,F,71365,24.3247
15880,P1,BASE,80.00,77.49,162,F,71396,24.3498
15890,P1,BASE,80.00,80.01,159,F,71428,24.3497
15900,P1,BASE,80.00,77.49,162,F,71459,24.3748
15910,P1,BASE,80.00,77.48,162,F,71490,24.3999
15920,P1,BASE,80.00,77.49,162,F,71521,24.4250
15930,P1,BASE,80.00,77.52,163,F,71552,24.4498
15940,P1,BASE,80.00,77.48,163,F,71583,24.4749
15950,P1,BASE,80.00,77.47,163,F,71614,24.5003
15960,P1,BASE,80.00,75.04,166,F,71644,24.5499
15970,P1,BASE,80.00,77.52,163,F,71675,24.5747
15980,P1,BASE,80.00,77.50,164,F,71706,24.5997
15990,P1,BASE,80.00,79.98,161,F,71738,24.6000
16000,P1,BASE,80.00,80.01,161,F,71770,24.5999
16010,P1,BASE,80.00,82.48,158,F,71803,24.5750
16020,P1,BASE,80.00,92.53,147,F,71840,24.4498
16030,P1,BASE,80.00,79.98,160,F,71872,24.4500
16040,P1,BASE,80.00,77.51,163,F,71903,24.4749
16050,P1,BASE,80.00,80.02,160,F,71935,24.4748
16060,P1,BASE,80.00,80.00,160,F,71967,24.4748
16070,P1,BASE,80.00,69.99,171,F,71995,24.5749
16080,P1,BASE,80.00,77.52,164,F,72026,24.5997
16090,P1,BASE,80.00,77.48,164,F,72057,24.6248
16100,P1,BASE,80.00,85.01,156,F,72091,24.5747
16110,P1,BASE,80.00,79.98,161,F,72123,24.5749
16120,P1,BASE,80.00,85.02,155,F,72157,24.5247
16130,P1,BASE,80.00,80.00,161,F,72189,24.5247
16140,P1,BASE,80.00,79.99,161,F,72221,24.5248
16150,P1,BASE,80.00,85.02,155,F,72255,24.4746
16160,P1,BASE,80.00,79.99,160,F,72287,24.4747
16170,P1,BASE,80.00,82.51,158,F,72320,24.4496
16180,P1,BASE,80.00,82.50,157,F,72353,24.4246
16190,P1,BASE,80.00,80.00,160,F,72385,24.4246
16200,P1,BASE,80.00,80.00,160,F,72417,24.4246
16210,P1,BASE,80.00,79.98,160,F,72449,24.4248
16220,P1,BASE,80.00,80.00,160,F,72481,24.4248
16230,P1,BASE,80.00,80.01,160,F,72513,24.4247
16240,P1,BASE,80.00,82.51,157,F,72546,24.3996
16250,P1,BASE,80.00,82.49,157,F,72579,24.3747
16260,P1,BASE,80.00,79.98,160,F,72611,24.3749
16270,P1,BASE,80.00,80.00,160,F,72643,24.3749
16280,P1,BASE,80.00,82.52,157,F,72676,24.3497
16290,P1,BASE,80.00,79.98,159,F,72708,24.3499
16300,P1,BASE,80.00,80.01,159,F,72740,24.3498
16310,P1,BASE,80.00,80.02,159,F,72772,24.3496
16320,P1,BASE,80.00,77.48,162,F,72803,24.3748
16330,P1,BASE,80.00,77.49,162,F,72834,24.3999
16340,P1,BASE,80.00,77.50,162,F,72865,24.4249
16350,P1,BASE,80.00,77.51,163,F,72896,24.4498
16360,P1,BASE,80.00,77.50,163,F,72927,24.4748
16370,P1,BASE,80.00,80.01,160,F,72959,24.4747
16380,P1,BASE,80.00,77.51,163,F,72990,24.4996
16390,P1,BASE,80.00,77.48,163,F,73021,24.5248
16400,P1,BASE,80.00,79.98,161,F,73053,24.5250
16410,P1,BASE,80.00,77.52,163,F,73084,24.5497
16420,P1,BASE,80.00,79.98,161,F,73116,24.5499
16430,P1,BASE,80.00,77.49,163,F,73147,24.5750
16440,P1,BASE,80.00,80.02,161,F,73179,24.5748
16450,P1,BASE,80.00,79.98,161,F,73211,24.5750
16460,P1,BASE,80.00,82.52,158,F,73244,24.5497
16470,P1,BASE,80.00,82.50,158,F,73277,24.5247
16480,P1,BASE,80.00,77.48,163,F,73308,24.5499
16490,P1,BASE,80.00,80.02,161,F,73340,24.5496
16500,P1,BASE,80.00,77.49,163,F,73371,24.5747
16510,P1,BASE,80.00,77.51,164,F,73402,24.5996
16520,P1,BASE,80.00,77.50,164,F,73433,24.6246
16530,P1,BASE,80.00,79.98,161,F,73465,24.6248
16540,P1,BASE,80.00,77.51,164,F,73496,24.6497
16550,P1,BASE,80.00,80.00,161,F,73528,24.6497
16560,P1,BASE,80.00,79.99,161,F,73560,24.6498
16570,P1,BASE,80.00,77.49,164,F,73591,24.6749
16580,P1,BASE,80.00,80.02,162,F,73623,24.6747
16590,P1,BASE,80.00,82.43,159,F,73656,24.6504
16600,P1,BASE,80.00,77.57,164,F,73687,24.6748
16610,P1,BASE,80.00,80.00,162,F,73719,24.6748
16620,P1,BASE,80.00,82.51,159,F,73752,24.6497
16630,P1,BASE,80.00,80.00,161,F,73784,24.6497
16640,P1,BASE,80.00,82.44,159,F,73817,24.6252
16650,P1,BASE,80.00,80.05,161,F,73849,24.6248
16660,P1,BASE,80.00,82.50,159,F,73882,24.5998
16670,P1,BASE,80.00,77.48,164,F,73913,24.6249
16680,P1,BASE,80.00,82.50,159,F,73946,24.5999
16690,P1,BASE,80.00,77.51,164,F,73977,24.6248
16700,P1,BASE,80.00,79.99,161,F,74009,24.6249
16710,P1,BASE,80.00,77.52,164,F,74040,24.6497
16720,P1,BASE,80.00,79.97,161,F,74072,24.6500
16730,P1,BASE,80.00,77.52,164,F,74103,24.6749
16740,P1,BASE,80.00,82.51,159,F,74136,24.6498
16750,P1,BASE,80.00,80.01,161,F,74168,24.6497
16760,P1,BASE,80.00,84.97,156,F,74202,24.6000
16770,P1,BASE,80.00,92.54,147,F,74239,24.4747
16780,P1,BASE,80.00,80.00,160,F,74271,24.4747
16790,P1,BASE,80.00,79.98,160,F,74303,24.4748
16800,P1,BASE,80.00,77.52,163,F,74334,24.4997
16810,P1,BASE,80.00,82.48,158,F,74367,24.4749
16820,P1,BASE,80.00,70.00,171,F,74395,24.5749
16830,P1,BASE,80.00,77.49,164,F,74426,24.6000
16840,P1,BASE,80.00,82.53,158,F,74459,24.5747
16850,P1,BASE,80.00,82.50,158,F,74492,24.5497
16860,P1,BASE,80.00,82.50,158,F,74525,24.5247
16870,P1,BASE,80.00,82.48,158,F,74558,24.4999
16880,P1,BASE,80.00,79.99,160,F,74590,24.5000
16890,P1,BASE,80.00,82.50,158,F,74623,24.4750
16900,P1,BASE,80.00,82.51,158,F,74656,24.4499
16910,P1,BASE,80.00,82.50,157,F,74689,24.4249
16920,P1,BASE,80.00,82.52,157,F,74722,24.3997
16930,P1,BASE,80.00,79.98,160,F,74754,24.3999
16940,P1,BASE,80.00,82.50,157,F,74787,24.3749
16950,P1,BASE,80.00,77.51,162,F,74818,24.3998
16960,P1,BASE,80.00,82.52,157,F,74851,24.3747
16970,P1,BASE,80.00,80.00,160,F,74883,24.3747
16980,P1,BASE,80.00,79.98,160,F,74915,24.3748
16990,P1,BASE,80.00,79.99,160,F,74947,24.3749
17000,P1,BASE,80.00,82.52,157,F,74980,24.3497
17010,P1,BASE,80.00,77.51,162,F,75011,24.3747
17020,P1,BASE,80.00,82.49,157,F,75044,24.3497
17030,P1,BASE,80.00,82.50,157,F,75077,24.3247
17040,P1,BASE,80.00,77.51,162,F,75108,24.3497
17050,P1,BASE,80.00,80.00,159,F,75140,24.3497
17060,P1,BASE,80.00,80.00,159,F,75172,24.3497
17070,P1,BASE,80.00,77.48,162,F,75203,24.3749
17080,P1,BASE,80.00,77.51,162,F,75234,24.3998
17090,P1,BASE,80.00,77.50,162,F,75265,24.4248
17100,P1,BASE,80.00,75.01,165,F,75295,24.4748
17110,P1,BASE,80.00,79.99,160,F,75327,24.4748
17120,P1,BASE,80.00,77.52,163,F,75358,24.4997
17130,P1,BASE,80.00,77.50,163,F,75389,24.5247
17140,P1,BASE,80.00,77.49,163,F,75420,24.5498
17150,P1,BASE,80.00,80.00,161,F,75452,24.5498
17160,P1,BASE,80.00,77.48,163,F,75483,24.5749
17170,P1,BASE,80.00,77.52,164,F,75514,24.5998
17180,P1,BASE,80.00,77.50,164,F,75545,24.6248
17190,P1,BASE,80.00,80.01,161,F,75577,24.6247
17200,P1,BASE,80.00,79.98,161,F,75609,24.6248
17210,P1,BASE,80.00,82.52,159,F,75642,24.5997
17220,P1,BASE,80.00,79.98,161,F,75674,24.5998
17230,P1,BASE,80.00,77.51,164,F,75705,24.6248
17240,P1,BASE,80.00,82.50,159,F,75738,24.5998
17250,P1,BASE,80.00,77.49,164,F,75769,24.6248
17260,P1,BASE,80.00,77.51,164,F,75800,24.6498
17270,P1,BASE,80.00,77.51,164,F,75831,24.6747
17280,P1,BASE,80.00,77.50,164,F,75862,24.6997
17290,P1,BASE,80.00,77.50,164,F,75893,24.7247
17300,P1,BASE,80.00,79.99,162,F,75925,24.7248
17310,P1,BASE,80.00,79.98,162,F,75957,24.7250
17320,P1,BASE,80.00,80.00,162,F,75989,24.7250
17330,P1,BASE,80.00,77.53,165,F,76020,24.7497
17340,P1,BASE,80.00,79.98,162,F,76052,24.7499
17350,P1,BASE,80.00,80.02,162,F,76084,24.7498
17360,P1,BASE,80.00,79.98,162,F,76116,24.7500
17370,P1,BASE,80.00,82.51,159,F,76149,24.7249
17380,P1,BASE,80.00,79.97,162,F,76181,24.7252
17390,P1,BASE,80.00,80.04,162,F,76213,24.7248
17400,P1,BASE,80.00,82.52,159,F,76246,24.6997
17410,P1,BASE,80.00,82.49,159,F,76279,24.6748
17420,P1,BASE,80.00,77.51,164,F,76310,24.6997
17430,P1,BASE,80.00,82.48,159,F,76343,24.6749
17440,P1,BASE,80.00,77.51,164,F,76374,24.6999
17450,P1,BASE,80.00,80.00,162,F,76406,24.6999
17460,P1,BASE,80.00,77.49,164,F,76437,24.7249
17470,P1,BASE,80.00,80.01,162,F,76469,24.7249
17480,P1,BASE,80.00,80.00,162,F,76501,24.7249
17490,P1,BASE,80.00,80.02,162,F,76533,24.7247
17500,P1,BASE,80.00,79.98,162,F,76565,24.7249
17510,P1,BASE,80.00,82.52,159,F,76598,24.6997
17520,P1,BASE,80.00,92.50,148,F,76635,24.5747
17530,P1,BASE,80.00,84.98,156,F,76669,24.5249
17540,P1,BASE,80.00,80.00,161,F,76701,24.5249
17550,P1,BASE,80.00,75.01,166,F,76731,24.5747
17560,P1,BASE,80.00,72.49,169,F,76760,24.6499
17570,P1,BASE,80.00,79.96,161,F,76792,24.6503
17580,P1,BASE,80.00,80.06,161,F,76824,24.6497
17590,P1,BASE,80.00,82.50,159,F,76857,24.6247
17600,P1,BASE,80.00,84.97,156,F,76891,24.5750
17610,P1,BASE,80.00,80.02,161,F,76923,24.5748
17620,P1,BASE,80.00,85.01,155,F,76957,24.5247
17630,P1,BASE,80.00,79.99,161,F,76989,24.5248
17640,P1,BASE,80.00,79.98,161,F,77021,24.5249
17650,P1,BASE,80.00,82.52,158,F,77054,24.4997
17660,P1,BASE,80.00,82.50,158,F,77087,24.4747
17670,P1,BASE,80.00,79.98,160,F,77119,24.4749
17680,P1,BASE,80.00,82.50,158,F,77152,24.4499
17690,P1,BASE,80.00,80.02,160,F,77184,24.4497
17700,P1,BASE,80.00,79.99,160,F,77216,24.4498
17710,P1,BASE,80.00,82.49,157,F,77249,24.4249
17720,P1,BASE,80.00,77.52,163,F,77280,24.4497
17730,P1,BASE,80.00,79.98,160,F,77312,24.4499
17740,P1,BASE,80.00,80.02,160,F,77344,24.4497
17750,P1,BASE,80.00,82.50,157,F,77377,24.4247
17760,P1,BASE,80.00,79.98,160,F,77409,24.4249
17770,P1,BASE,80.00,79.99,160,F,77441,24.4249
17780,P1,BASE,80.00,82.50,157,F,77474,24.3999
17790,P1,BASE,80.00,80.00,160,F,77506,24.3999
17800,P1,BASE,80.00,79.99,160,F,77538,24.4000
17810,P1,BASE,80.00,77.52,162,F,77569,24.4249
17820,P1,BASE,80.00,77.52,163,F,77600,24.4497
17830,P1,BASE,80.00,77.48,163,F,77631,24.4750
17840,P1,BASE,80.00,80.00,160,F,77663,24.4750
17850,P1,BASE,80.00,75.01,166,F,77693,24.5249
17860,P1,BASE,80.00,80.02,161,F,77725,24.5247
17870,P1,BASE,80.00,77.48,163,F,77756,24.5499
17880,P1,BASE,80.00,80.01,161,F,77788,24.5499
17890,P1,BASE,80.00,74.99,166,F,77818,24.6000
17900,P1,BASE,80.00,80.01,161,F,77850,24.5999
17910,P1,BASE,80.00,77.50,164,F,77881,24.6249
17920,P1,BASE,80.00,80.01,161,F,77913,24.6249
17930,P1,BASE,80.00,77.51,164,F,77944,24.6498
17940,P1,BASE,80.00,82.49,159,F,77977,24.6249
17950,P1,BASE,80.00,80.00,161,F,78009,24.6249
17960,P1,BASE,80.00,82.49,159,F,78042,24.5999
17970,P1,BASE,80.00,82.49,158,F,78075,24.5750
17980,P1,BASE,80.00,77.52,164,F,78106,24.5998
17990,P1,BASE,80.00,82.49,158,F,78139,24.5749
18000,P1,BASE,80.00,77.49,164,F,78170,24.6000
18010,P1,BASE,0.00,80.01,134,F,78202,23.7999
18020,P1,BASE,0.00,77.51,104,F,78233,23.0248
18030,P1,BASE,0.00,77.48,74,F,78264,22.2500
18040,P1,BASE,0.00,72.51,67,F,78293,21.5249
18050,P1,BASE,0.00,72.51,62,F,78322,20.7998
18060,P1,BASE,0.00,69.99,60,F,78350,20.0999
18070,P1,BASE,0.00,64.99,61,F,78376,19.4499
18080,P1,BASE,0.00,62.51,60,F,78401,18.8249
18090,P1,BASE,0.00,59.99,58,F,78425,18.2249
18100,P1,BASE,0.00,57.51,57,F,78448,17.6498
18110,P1,BASE,0.00,45.00,67,F,78466,17.1999
18120,P1,BASE,0.00,50.00,58,F,78486,16.6999
18130,P1,BASE,0.00,47.51,58,F,78505,16.2248
18140,P1,BASE,0.00,42.49,60,F,78522,15.7999
18150,P1,BASE,0.00,42.50,57,F,78539,15.3749
18160,P1,BASE,0.00,37.51,60,F,78554,14.9998
18170,P1,BASE,0.00,34.99,60,F,78568,14.6499
18180,P1,BASE,0.00,32.50,61,F,78581,14.3249
18190,P1,BASE,0.00,27.50,64,F,78592,14.0498
18200,P1,BASE,0.00,27.50,62,F,78603,13.7748
18210,P1,BASE,0.00,27.49,60,F,78614,13.4999
18220,P1,BASE,0.00,22.51,64,F,78623,13.2748
18230,P1,BASE,0.00,17.49,68,F,78630,13.0999
18240,P1,BASE,0.00,20.01,64,F,78638,12.8998
18250,P1,BASE,0.00,15.00,68,F,78644,12.7499
18260,P1,BASE,0.00,12.50,70,F,78649,12.6248
18270,P1,BASE,0.00,10.00,72,F,78653,12.5248
18280,P1,BASE,0.00,12.50,68,F,78658,12.3998
18290,P1,BASE,0.00,7.50,73,F,78661,12.3248
18300,P1,BASE,0.00,5.00,75,F,78663,12.2749
18310,P1,BASE,0.00,5.00,75,F,78665,12.2248
18320,P1,BASE,0.00,0.00,80,F,78665,12.2248
18330,P1,BASE,0.00,0.00,80,F,78665,12.2248
18340,P1,BASE,0.00,0.00,80,F,78665,12.2248
18350,P1,BASE,0.00,0.00,80,F,78665,12.2248
18360,P1,BASE,0.00,0.00,80,F,78665,12.2248
18370,P1,BASE,0.00,0.00,80,F,78665,12.2248
18380,P1,BASE,0.00,0.00,80,F,78665,12.2248
18390,P1,BASE,0.00,0.00,80,F,78665,12.2248
18400,P1,BASE,0.00,0.00,80,F,78665,12.2248
18410,P1,BASE,0.00,0.00,80,F,78665,12.2248
18420,P1,BASE,0.00,0.00,80,F,78665,12.2248
18430,P1,BASE,0.00,0.00,80,F,78665,12.2248
18440,P1,BASE,0.00,0.00,80,F,78665,12.2248
18450,P1,BASE,0.00,0.00,80,F,78665,12.2248
18460,P1,BASE,0.00,0.00,80,F,78665,12.2248
18470,P1,BASE,0.00,0.00,80,F,78665,12.2248
18480,P1,BASE,0.00,0.00,80,F,78665,12.2248
18490,P1,BASE,0.00,0.00,80,F,78665,12.2248
18500,P1,BASE,0.00,0.00,80,F,78665,12.2248
18510,P1,BASE,0.00,0.00,80,F,78665,12.2248
18520,P1,BASE,0.00,0.00,80,F,78665,12.2248
18530,P1,BASE,0.00,0.00,80,F,78665,12.2248
18540,P1,BASE,0.00,0.00,80,F,78665,12.2248
18550,P1,BASE,0.00,0.00,80,F,78665,12.2248
18560,P1,BASE,0.00,0.00,80,F,78665,12.2248
18570,P1,BASE,0.00,0.00,80,F,78665,12.2248
18580,P1,BASE,0.00,0.00,80,F,78665,12.2248
18590,P1,BASE,0.00,0.00,80,F,78665,12.2248
18600,P1,BASE,0.00,0.00,80,F,78665,12.2248
18610,P1,BASE,0.00,0.00,80,F,78665,12.2248
18620,P1,BASE,0.00,0.00,80,F,78665,12.2248
18630,P1,BASE,0.00,0.00,80,F,78665,12.2248
18640,P1,BASE,0.00,0.00,80,F,78665,12.2248
18650,P1,BASE,0.00,0.00,80,F,78665,12.2248
18660,P1,BASE,0.00,0.00,80,F,78665,12.2248
18670,P1,BASE,0.00,0.00,80,F,78665,12.2248
18680,P1,BASE,0.00,0.00,80,F,78665,12.2248
18690,P1,BASE,0.00,0.00,80,F,78665,12.2248
18700,P1,BASE,0.00,0.00,80,F,78665,12.2248
18710,P1,BASE,0.00,0.00,80,F,78665,12.2248
18720,P1,BASE,0.00,0.00,80,F,78665,12.2248
18730,P1,BASE,0.00,0.00,80,F,78665,12.2248
18740,P1,BASE,0.00,0.00,80,F,78665,12.2248
18750,P1,BASE,0.00,0.00,80,F,78665,12.2248
18760,P1,BASE,0.00,0.00,80,F,78665,12.2248
18770,P1,BASE,0.00,0.00,80,F,78665,12.2248
18780,P1,BASE,0.00,0.00,80,F,78665,12.2248
18790,P1,BASE,0.00,0.00,80,F,78665,12.2248
18800,P1,BASE,0.00,0.00,80,F,78665,12.2248
18810,P1,BASE,0.00,0.00,80,F,78665,12.2248
18820,P1,BASE,0.00,0.00,80,F,78665,12.2248
18830,P1,BASE,0.00,0.00,80,F,78665,12.2248
18840,P1,BASE,0.00,0.00,80,F,78665,12.2248
18850,P1,BASE,0.00,0.00,80,F,78665,12.2248
18860,P1,BASE,0.00,0.00,80,F,78665,12.2248
18870,P1,BASE,0.00,0.00,80,F,78665,12.2248
18880,P1,BASE,0.00,0.00,80,F,78665,12.2248
18890,P1,BASE,0.00,0.00,80,F,78665,12.2248
18900,P1,BASE,0.00,0.00,80,F,78665,12.2248
18910,P1,BASE,0.00,0.00,80,F,78665,12.2248
18920,P1,BASE,0.00,0.00,80,F,78665,12.2248
18930,P1,BASE,0.00,0.00,80,F,78665,12.2248
18940,P1,BASE,0.00,0.00,80,F,78665,12.2248
18950,P1,BASE,0.00,0.00,80,F,78665,12.2248
18960,P1,BASE,0.00,0.00,80,F,78665,12.2248
18970,P1,BASE,0.00,0.00,80,F,78665,12.2248
18980,P1,BASE,0.00,0.00,80,F,78665,12.2248
18990,P1,BASE,0.00,0.00,80,F,78665,12.2248
19000,P1,BASE,0.00,0.00,80,F,78665,12.2248
19010,P1,BASE,0.00,0.00,80,F,78665,12.2248
19020,P1,BASE,0.00,0.00,80,F,78665,12.2248
19030,P1,BASE,0.00,0.00,80,F,78665,12.2248
19040,P1,BASE,0.00,0.00,80,F,78665,12.2248
19050,P1,BASE,0.00,0.00,80,F,78665,12.2248
19060,P1,BASE,0.00,0.00,80,F,78665,12.2248
19070,P1,BASE,0.00,0.00,80,F,78665,12.2248
19080,P1,BASE,0.00,0.00,80,F,78665,12.2248
19090,P1,BASE,0.00,0.00,80,F,78665,12.2248
19100,P1,BASE,0.00,0.00,80,F,78665,12.2248
19110,P1,BASE,0.00,0.00,80,F,78665,12.2248
19120,P1,BASE,0.00,0.00,80,F,78665,12.2248
19130,P1,BASE,0.00,0.00,80,F,78665,12.2248
19140,P1,BASE,0.00,0.00,80,F,78665,12.2248
19150,P1,BASE,0.00,0.00,80,F,78665,12.2248
19160,P1,BASE,0.00,0.00,80,F,78665,12.2248
19170,P1,BASE,0.00,0.00,80,F,78665,12.2248
19180,P1,BASE,0.00,0.00,80,F,78665,12.2248
19190,P1,BASE,0.00,0.00,80,F,78665,12.2248
19200,P1,BASE,0.00,0.00,80,F,78665,12.2248
19210,P1,BASE,0.00,0.00,80,F,78665,12.2248
19220,P1,BASE,0.00,0.00,80,F,78665,12.2248
19230,P1,BASE,0.00,0.00,80,F,78665,12.2248
19240,P1,BASE,0.00,0.00,80,F,78665,12.2248
19250,P1,BASE,0.00,0.00,80,F,78665,12.2248
19260,P1,BASE,0.00,0.00,80,F,78665,12.2248
19270,P1,BASE,0.00,0.00,80,F,78665,12.2248
19280,P1,BASE,0.00,0.00,80,F,78665,12.2248
19290,P1,BASE,0.00,0.00,80,F,78665,12.2248
19300,P1,BASE,0.00,0.00,80,F,78665,12.2248
19310,P1,BASE,0.00,0.00,80,F,78665,12.2248
19320,P1,BASE,0.00,0.00,80,F,78665,12.2248
19330,P1,BASE,0.00,0.00,80,F,78665,12.2248
19340,P1,BASE,0.00,0.00,80,F,78665,12.2248
19350,P1,BASE,0.00,0.00,80,F,78665,12.2248
19360,P1,BASE,0.00,0.00,80,F,78665,12.2248
19370,P1,BASE,0.00,0.00,80,F,78665,12.2248
19380,P1,BASE,0.00,0.00,80,F,78665,12.2248
19390,P1,BASE,0.00,0.00,80,F,78665,12.2248
19400,P1,BASE,0.00,0.00,80,F,78665,12.2248
19410,P1,BASE,0.00,0.00,80,F,78665,12.2248
19420,P1,BASE,0.00,0.00,80,F,78665,12.2248
19430,P1,BASE,0.00,0.00,80,F,78665,12.2248
19440,P1,BASE,0.00,0.00,80,F,78665,12.2248
19450,P1,BASE,0.00,0.00,80,F,78665,12.2248
19460,P1,BASE,0.00,0.00,80,F,78665,12.2248
19470,P1,BASE,0.00,0.00,80,F,78665,12.2248
19480,P1,BASE,0.00,0.00,80,F,78665,12.2248
19490,P1,BASE,0.00,0.00,80,F,78665,12.2248
19500,P1,BASE,0.00,0.00,80,F,78665,12.2248
19510,P1,BASE,0.00,0.00,80,F,78665,12.2248
19520,P1,BASE,0.00,0.00,80,F,78665,12.2248
19530,P1,BASE,0.00,0.00,80,F,78665,12.2248
19540,P1,BASE,0.00,0.00,80,F,78665,12.2248
19550,P1,BASE,0.00,0.00,80,F,78665,12.2248
19560,P1,BASE,0.00,0.00,80,F,78665,12.2248
19570,P1,BASE,0.00,0.00,80,F,78665,12.2248
19580,P1,BASE,0.00,0.00,80,F,78665,12.2248
19590,P1,BASE,0.00,0.00,80,F,78665,12.2248
19600,P1,BASE,0.00,0.00,80,F,78665,12.2248
19610,P1,BASE,0.00,0.00,80,F,78665,12.2248
19620,P1,BASE,0.00,0.00,80,F,78665,12.2248
19630,P1,BASE,0.00,0.00,80,F,78665,12.2248
19640,P1,BASE,0.00,0.00,80,F,78665,12.2248
19650,P1,BASE,0.00,0.00,80,F,78665,12.2248
19660,P1,BASE,0.00,0.00,80,F,78665,12.2248
19670,P1,BASE,0.00,0.00,80,F,78665,12.2248
19680,P1,BASE,0.00,0.00,80,F,78665,12.2248
19690,P1,BASE,0.00,0.00,80,F,78665,12.2248
19700,P1,BASE,0.00,0.00,80,F,78665,12.2248
19710,P1,BASE,0.00,0.00,80,F,78665,12.2248
19720,P1,BASE,0.00,0.00,80,F,78665,12.2248
19730,P1,BASE,0.00,0.00,80,F,78665,12.2248
19740,P1,BASE,0.00,0.00,80,F,78665,12.2248
19750,P1,BASE,0.00,0.00,80,F,78665,12.2248
19760,P1,BASE,0.00,0.00,80,F,78665,12.2248
19770,P1,BASE,0.00,0.00,80,F,78665,12.2248
19780,P1,BASE,0.00,0.00,80,F,78665,12.2248
19790,P1,BASE,0.00,0.00,80,F,78665,12.2248
19800,P1,BASE,0.00,0.00,80,F,78665,12.2248
19810,P1,BASE,0.00,0.00,80,F,78665,12.2248
19820,P1,BASE,0.00,0.00,80,F,78665,12.2248
19830,P1,BASE,0.00,0.00,80,F,78665,12.2248
19840,P1,BASE,0.00,0.00,80,F,78665,12.2248
19850,P1,BASE,0.00,0.00,80,F,78665,12.2248
19860,P1,BASE,0.00,0.00,80,F,78665,12.2248
19870,P1,BASE,0.00,0.00,80,F,78665,12.2248
19880,P1,BASE,0.00,0.00,80,F,78665,12.2248
19890,P1,BASE,0.00,0.00,80,F,78665,12.2248
19900,P1,BASE,0.00,0.00,80,F,78665,12.2248
19910,P1,BASE,0.00,0.00,80,F,78665,12.2248
19920,P1,BASE,0.00,0.00,80,F,78665,12.2248
19930,P1,BASE,0.00,0.00,80,F,78665,12.2248
19940,P1,BASE,0.00,0.00,80,F,78665,12.2248
19950,P1,BASE,0.00,0.00,80,F,78665,12.2248
19960,P1,BASE,0.00,0.00,80,F,78665,12.2248
19970,P1,BASE,0.00,0.00,80,F,78665,12.2248
19980,P1,BASE,0.00,0.00,80,F,78665,12.2248
19990,P1,BASE,0.00,0.00,80,F,78665,12.2248
20000,P1,BASE,0.00,0.00,80,F,78665,12.2248
20010,P1,BASE,0.00,0.00,80,F,78665,12.2248
20020,P1,BASE,0.00,0.00,80,F,78665,12.2248
20030,P1,BASE,0.00,0.00,80,F,78665,12.2248
20040,P1,BASE,0.00,0.00,80,F,78665,12.2248
20050,P1,BASE,0.00,0.00,80,F,78665,12.2248
20060,P1,BASE,0.00,0.00,80,F,78665,12.2248
20070,P1,BASE,0.00,0.00,80,F,78665,12.2248
20080,P1,BASE,0.00,0.00,80,F,78665,12.2248
20090,P1,BASE,0.00,0.00,80,F,78665,12.2248
20100,P1,BASE,0.00,0.00,80,F,78665,12.2248
20110,P1,BASE,0.00,0.00,80,F,78665,12.2248
20120,P1,BASE,0.00,0.00,80,F,78665,12.2248
20130,P1,BASE,0.00,0.00,80,F,78665,12.2248
20140,P1,BASE,0.00,0.00,80,F,78665,12.2248
20150,P1,BASE,0.00,0.00,80,F,78665,12.2248
20160,P1,BASE,0.00,0.00,80,F,78665,12.2248
20170,P1,BASE,0.00,0.00,80,F,78665,12.2248
20180,P1,BASE,0.00,0.00,80,F,78665,12.2248
20190,P1,BASE,0.00,0.00,80,F,78665,12.2248
20200,P1,BASE,0.00,0.00,80,F,78665,12.2248
20210,P1,BASE,0.00,0.00,80,F,78665,12.2248
20220,P1,BASE,0.00,0.00,80,F,78665,12.2248
20230,P1,BASE,0.00,0.00,80,F,78665,12.2248
20240,P1,BASE,0.00,0.00,80,F,78665,12.2248
20250,P1,BASE,0.00,0.00,80,F,78665,12.2248
20260,P1,BASE,0.00,0.00,80,F,78665,12.2248
20270,P1,BASE,0.00,0.00,80,F,78665,12.2248
20280,P1,BASE,0.00,0.00,80,F,78665,12.2248
20290,P1,BASE,0.00,0.00,80,F,78665,12.2248
20300,P1,BASE,0.00,0.00,80,F,78665,12.2248
20310,P1,BASE,0.00,0.00,80,F,78665,12.2248
20320,P1,BASE,0.00,0.00,80,F,78665,12.2248
20330,P1,BASE,0.00,0.00,80,F,78665,12.2248
20340,P1,BASE,0.00,0.00,80,F,78665,12.2248
20350,P1,BASE,0.00,0.00,80,F,78665,12.2248
20360,P1,BASE,0.00,0.00,80,F,78665,12.2248
20370,P1,BASE,0.00,0.00,80,F,78665,12.2248
20380,P1,BASE,0.00,0.00,80,F,78665,12.2248
20390,P1,BASE,0.00,0.00,80,F,78665,12.2248
20400,P1,BASE,0.00,0.00,80,F,78665,12.2248
20410,P1,BASE,0.00,0.00,80,F,78665,12.2248
20420,P1,BASE,0.00,0.00,80,F,78665,12.2248
20430,P1,BASE,0.00,0.00,80,F,78665,12.2248
20440,P1,BASE,0.00,0.00,80,F,78665,12.2248
20450,P1,BASE,0.00,0.00,80,F,78665,12.2248
20460,P1,BASE,0.00,0.00,80,F,78665,12.2248
20470,P1,BASE,0.00,0.00,80,F,78665,12.2248
20480,P1,BASE,0.00,0.00,80,F,78665,12.2248
20490,P1,BASE,0.00,0.00,80,F,78665,12.2248
20500,P1,BASE,0.00,0.00,80,F,78665,12.2248
20510,P1,BASE,0.00,0.00,80,F,78665,12.2248
20520,P1,BASE,0.00,0.00,80,F,78665,12.2248
20530,P1,BASE,0.00,0.00,80,F,78665,12.2248
20540,P1,BASE,0.00,0.00,80,F,78665,12.2248
20550,P1,BASE,0.00,0.00,80,F,78665,12.2248
20560,P1,BASE,0.00,0.00,80,F,78665,12.2248
20570,P1,BASE,0.00,0.00,80,F,78665,12.2248
20580,P1,BASE,0.00,0.00,80,F,78665,12.2248
20590,P1,BASE,0.00,0.00,80,F,78665,12.2248
20600,P1,BASE,0.00,0.00,80,F,78665,12.2248
20610,P1,BASE,0.00,0.00,80,F,78665,12.2248
20620,P1,BASE,0.00,0.00,80,F,78665,12.2248
20630,P1,BASE,0.00,0.00,80,F,78665,12.2248
20640,P1,BASE,0.00,0.00,80,F,78665,12.2248
20650,P1,BASE,0.00,0.00,80,F,78665,12.2248
20660,P1,BASE,0.00,0.00,80,F,78665,12.2248
20670,P1,BASE,0.00,0.00,80,F,78665,12.2248
20680,P1,BASE,0.00,0.00,80,F,78665,12.2248
20690,P1,BASE,0.00,0.00,80,F,78665,12.2248
20700,P1,BASE,0.00,0.00,80,F,78665,12.2248
20710,P1,BASE,0.00,0.00,80,F,78665,12.2248
20720,P1,BASE,0.00,0.00,80,F,78665,12.2248
20730,P1,BASE,0.00,0.00,80,F,78665,12.2248
20740,P1,BASE,0.00,0.00,80,F,78665,12.2248
20750,P1,BASE,0.00,0.00,80,F,78665,12.2248
20760,P1,BASE,0.00,0.00,80,F,78665,12.2248
20770,P1,BASE,0.00,0.00,80,F,78665,12.2248
20780,P1,BASE,0.00,0.00,80,F,78665,12.2248
20790,P1,BASE,0.00,0.00,80,F,78665,12.2248
20800,P1,BASE,0.00,0.00,80,F,78665,12.2248
20810,P1,BASE,0.00,0.00,80,F,78665,12.2248
20820,P1,BASE,0.00,0.00,80,F,78665,12.2248
20830,P1,BASE,0.00,0.00,80,F,78665,12.2248
20840,P1,BASE,0.00,0.00,80,F,78665,12.2248
20850,P1,BASE,0.00,0.00,80,F,78665,12.2248
20860,P1,BASE,0.00,0.00,80,F,78665,12.2248
20870,P1,BASE,0.00,0.00,80,F,78665,12.2248
20880,P1,BASE,0.00,0.00,80,F,78665,12.2248
20890,P1,BASE,0.00,0.00,80,F,78665,12.2248
20900,P1,BASE,0.00,0.00,80,F,78665,12.2248
20910,P1,BASE,0.00,0.00,80,F,78665,12.2248
20920,P1,BASE,0.00,0.00,80,F,78665,12.2248
20930,P1,BASE,0.00,0.00,80,F,78665,12.2248
20940,P1,BASE,0.00,0.00,80,F,78665,12.2248
20950,P1,BASE,0.00,0.00,80,F,78665,12.2248
20960,P1,BASE,0.00,0.00,80,F,78665,12.2248
20970,P1,BASE,0.00,0.00,80,F,78665,12.2248
20980,P1,BASE,0.00,0.00,80,F,78665,12.2248
20990,P1,BASE,0.00,0.00,80,F,78665,12.2248
21000,P1,BASE,0.00,0.00,80,F,78665,12.2248
21010,P1,BASE,-80.00,0.00,50,F,78665,11.4248
21020,P1,BASE,-80.00,0.00,20,F,78665,10.6248
21030,P1,BASE,-80.00,0.00,-9,R,78665,9.8248
21040,P1,BASE,-80.00,0.00,-22,R,78665,9.0248
21050,P1,BASE,-80.00,0.00,-27,R,78665,8.2248
21060,P1,BASE,-80.00,0.00,-32,R,78665,7.4248
21070,P1,BASE,-80.00,0.00,-37,R,78665,6.6248
21080,P1,BASE,-80.00,0.00,-43,R,78665,5.8248
21090,P1,BASE,-80.00,0.00,-48,R,78665,5.0248
21100,P1,BASE,-80.00,0.00,-53,R,78665,4.2248
21110,P1,BASE,-80.00,0.00,-58,R,78665,3.4248
21120,P1,BASE,-80.00,0.00,-64,R,78665,2.6248
21130,P1,BASE,-80.00,0.00,-69,R,78665,1.8248
21140,P1,BASE,-80.00,0.00,-74,R,78665,1.0248
21150,P1,BASE,-80.00,0.00,-79,R,78665,0.2248
21160,P1,BASE,-80.00,0.00,-85,R,78665,-0.5752
21170,P1,BASE,-80.00,0.00,-90,R,78665,-1.3752
21180,P1,BASE,-80.00,0.00,-95,R,78665,-2.1752
21190,P1,BASE,-80.00,0.00,-100,R,78665,-2.9752
21200,P1,BASE,-80.00,0.00,-106,R,78665,-3.7752
21210,P1,BASE,-80.00,0.00,-111,R,78665,-4.5752
21220,P1,BASE,-80.00,0.00,-116,R,78665,-5.3752
21230,P1,BASE,-80.00,0.00,-121,R,78665,-6.1752
21240,P1,BASE,-80.00,0.00,-127,R,78665,-6.9752
21250,P1,BASE,-80.00,0.00,-132,R,78665,-7.7752
21260,P1,BASE,-80.00,0.00,-137,R,78665,-8.5752
21270,P1,BASE,-80.00,0.00,-142,R,78665,-9.3752
21280,P1,BASE,-80.00,0.00,-148,R,78665,-10.1752
21290,P1,BASE,-80.00,-2.50,-150,R,78664,-10.9502
21300,P1,BASE,-80.00,-10.00,-147,R,78660,-11.6502
21310,P1,BASE,-80.00,-15.00,-146,R,78654,-12.3002
21320,P1,BASE,-80.00,-15.00,-151,R,78648,-12.9502
21330,P1,BASE,-80.00,-17.50,-152,R,78641,-13.5752
21340,P1,BASE,-80.00,-20.01,-154,R,78633,-14.1752
21350,P1,BASE,-80.00,-25.00,-152,R,78623,-14.7252
21360,P1,BASE,-80.00,-22.50,-159,R,78614,-15.3002
21370,P1,BASE,-80.00,-27.50,-157,R,78603,-15.8252
21380,P1,BASE,-80.00,-30.00,-158,R,78591,-16.3251
21390,P1,BASE,-80.00,-32.49,-158,R,78578,-16.8002
21400,P1,BASE,-80.00,-32.50,-161,R,78565,-17.2752
21410,P1,BASE,-80.00,-35.00,-162,R,78551,-17.7252
21420,P1,BASE,-80.00,-37.50,-162,R,78536,-18.1502
21430,P1,BASE,-80.00,-40.01,-162,R,78520,-18.5502
21440,P1,BASE,-80.00,-42.50,-162,R,78503,-18.9252
21450,P1,BASE,-80.00,-42.49,-164,R,78486,-19.3002
21460,P1,BASE,-80.00,-42.50,-167,R,78469,-19.6752
21470,P1,BASE,-80.00,-47.50,-164,R,78450,-20.0001
21480,P1,BASE,-80.00,-47.49,-166,R,78431,-20.3252
21490,P1,BASE,-80.00,-50.01,-165,R,78411,-20.6251
21500,P1,BASE,-80.00,-50.00,-167,R,78391,-20.9251
21510,P1,BASE,-80.00,-52.49,-167,R,78370,-21.2002
21520,P1,BASE,-80.00,-55.00,-166,R,78348,-21.4502
21530,P1,BASE,-80.00,-55.00,-167,R,78326,-21.7002
21540,P1,BASE,-80.00,-57.52,-166,R,78303,-21.9251
21550,P1,BASE,-80.00,-57.49,-168,R,78280,-22.1502
21560,P1,BASE,-80.00,-57.49,-169,R,78257,-22.3752
21570,P1,BASE,-80.00,-62.51,-165,R,78232,-22.5501
21580,P1,BASE,-80.00,-60.00,-169,R,78208,-22.7501
21590,P1,BASE,-80.00,-62.49,-168,R,78183,-22.9252
21600,P1,BASE,-80.00,-62.51,-169,R,78158,-23.1001
21610,P1,BASE,-80.00,-64.99,-167,R,78132,-23.2502
21620,P1,BASE,-80.00,-65.01,-168,R,78106,-23.4001
21630,P1,BASE,-80.00,-62.50,-172,R,78081,-23.5751
21640,P1,BASE,-80.00,-67.49,-168,R,78054,-23.7002
21650,P1,BASE,-80.00,-67.50,-169,R,78027,-23.8252
21660,P1,BASE,-80.00,-67.49,-170,R,78000,-23.9503
21670,P1,BASE,-80.00,-67.51,-170,R,77973,-24.0753
21680,P1,BASE,-80.00,-65.01,-174,R,77947,-24.2251
21690,P1,BASE,-80.00,-67.51,-172,R,77920,-24.3501
21700,P1,BASE,-80.00,-67.49,-173,R,77893,-24.4751
21710,P1,BASE,-80.00,-65.00,-176,R,77867,-24.6251
21720,P1,BASE,-80.00,-70.00,-172,R,77839,-24.7251
21730,P1,BASE,-80.00,-67.51,-175,R,77812,-24.8501
21740,P1,BASE,-80.00,-67.48,-176,R,77785,-24.9753
21750,P1,BASE,-80.00,-72.51,-172,R,77756,-25.0502
21760,P1,BASE,-80.00,-72.50,-172,R,77727,-25.1252
21770,P1,BASE,-80.00,-72.51,-173,R,77698,-25.2001
21780,P1,BASE,-80.00,-72.51,-173,R,77669,-25.2751
21790,P1,BASE,-80.00,-74.99,-171,R,77639,-25.3251
21800,P1,BASE,-80.00,-75.01,-171,R,77609,-25.3751
21810,P1,BASE,-80.00,-74.97,-172,R,77579,-25.4254
21820,P1,BASE,-80.00,-72.50,-175,R,77550,-25.5004
21830,P1,BASE,-80.00,-77.53,-170,R,77519,-25.5250
21840,P1,BASE,-80.00,-74.98,-173,R,77489,-25.5753
21850,P1,BASE,-80.00,-77.51,-170,R,77458,-25.6002
21860,P1,BASE,-80.00,-74.99,-173,R,77428,-25.6503
21870,P1,BASE,-80.00,-77.49,-171,R,77397,-25.6753
21880,P1,BASE,-80.00,-75.01,-174,R,77367,-25.7253
21890,P1,BASE,-80.00,-77.49,-171,R,77336,-25.7503
21900,P1,BASE,-80.00,-75.01,-174,R,77306,-25.8002
21910,P1,BASE,-80.00,-74.99,-174,R,77276,-25.8503
21920,P1,BASE,-80.00,-75.02,-175,R,77246,-25.9000
21930,P1,BASE,-80.00,-79.98,-170,R,77214,-25.9003
21940,P1,BASE,-80.00,-75.01,-175,R,77184,-25.9501
21950,P1,BASE,-80.00,-79.99,-170,R,77152,-25.9502
21960,P1,BASE,-80.00,-77.51,-173,R,77121,-25.9751
21970,P1,BASE,-80.00,-80.01,-170,R,77089,-25.9751
21980,P1,BASE,-80.00,-77.48,-173,R,77058,-26.0003
21990,P1,BASE,-80.00,-82.51,-168,R,77025,-25.9752
22000,P1,BASE,-80.00,-77.51,-173,R,76994,-26.0001
22010,P1,BASE,-80.00,-82.51,-168,R,76961,-25.9751
22020,P1,BASE,-80.00,-79.99,-170,R,76929,-25.9751
22030,P1,BASE,-80.00,-80.01,-170,R,76897,-25.9751
22040,P1,BASE,-80.00,-84.97,-165,R,76863,-25.9253
22050,P1,BASE,-80.00,-80.02,-170,R,76831,-25.9251
22060,P1,BASE,-80.00,-82.48,-167,R,76798,-25.9003
22070,P1,BASE,-80.00,-82.52,-167,R,76765,-25.8751
22080,P1,BASE,-80.00,-84.99,-164,R,76731,-25.8251
22090,P1,BASE,-80.00,-79.98,-169,R,76699,-25.8254
22100,P1,BASE,-80.00,-82.52,-166,R,76666,-25.8001
22110,P1,BASE,-80.00,-82.48,-166,R,76633,-25.7754
22120,P1,BASE,-80.00,-82.53,-166,R,76600,-25.7501
22130,P1,BASE,-80.00,-84.98,-163,R,76566,-25.7002
22140,P1,BASE,-80.00,-82.51,-166,R,76533,-25.6751
22150,P1,BASE,-80.00,-84.98,-163,R,76499,-25.6253
22160,P1,BASE,-80.00,-82.51,-165,R,76466,-25.6002
22170,P1,BASE,-80.00,-87.52,-159,R,76431,-25.5251
22180,P1,BASE,-80.00,-82.47,-164,R,76398,-25.5004
22190,P1,BASE,-80.00,-85.01,-162,R,76364,-25.4503
22200,P1,BASE,-80.00,-85.01,-161,R,76330,-25.4002
22210,P1,BASE,-80.00,-85.01,-161,R,76296,-25.3501
22220,P1,BASE,-80.00,-85.01,-161,R,76262,-25.3001
22230,P1,BASE,-80.00,-84.99,-160,R,76228,-25.2501
22240,P1,BASE,-80.00,-84.98,-160,R,76194,-25.2003
22250,P1,BASE,-80.00,-85.02,-160,R,76160,-25.1501
22260,P1,BASE,-80.00,-85.01,-159,R,76126,-25.1001
22270,P1,BASE,-80.00,-82.48,-162,R,76093,-25.0752
22280,P1,BASE,-80.00,-82.52,-161,R,76060,-25.0501
22290,P1,BASE,-80.00,-82.50,-161,R,76027,-25.0251
22300,P1,BASE,-80.00,-82.48,-161,R,75994,-25.0003
22310,P1,BASE,-80.00,-85.00,-158,R,75960,-24.9503
22320,P1,BASE,-80.00,-85.03,-158,R,75926,-24.9000
22330,P1,BASE,-80.00,-84.97,-158,R,75892,-24.8504
22340,P1,BASE,-80.00,-80.01,-163,R,75860,-24.8503
22350,P1,BASE,-80.00,-85.03,-157,R,75826,-24.8001
22360,P1,BASE,-80.00,-82.48,-160,R,75793,-24.7752
22370,P1,BASE,-80.00,-82.52,-159,R,75760,-24.7501
22380,P1,BASE,-80.00,-82.50,-159,R,75727,-24.7251
22390,P1,BASE,-80.00,-79.98,-162,R,75695,-24.7253
22400,P1,BASE,-80.00,-82.52,-159,R,75662,-24.7001
22410,P1,BASE,-80.00,-84.97,-156,R,75628,-24.6504
22420,P1,BASE,-80.00,-82.52,-159,R,75595,-24.6251
22430,P1,BASE,-80.00,-82.50,-159,R,75562,-24.6001
22440,P1,BASE,-80.00,-82.51,-158,R,75529,-24.5751
22450,P1,BASE,-80.00,-77.49,-164,R,75498,-24.6001
22460,P1,BASE,-80.00,-79.99,-161,R,75466,-24.6002
22470,P1,BASE,-80.00,-79.99,-161,R,75434,-24.6003
22480,P1,BASE,-80.00,-77.52,-164,R,75403,-24.6251
22490,P1,BASE,-80.00,-80.00,-161,R,75371,-24.6251
22500,P1,BASE,-80.00,-79.97,-161,R,75339,-24.6254
22510,P1,BASE,-80.00,-82.51,-159,R,75306,-24.6003
22520,P1,BASE,-80.00,-80.01,-161,R,75274,-24.6002
22530,P1,BASE,-80.00,-82.49,-158,R,75241,-24.5753
22540,P1,BASE,-80.00,-82.52,-158,R,75208,-24.5501
22550,P1,BASE,-80.00,-79.98,-161,R,75176,-24.5503
22560,P1,BASE,-80.00,-82.51,-158,R,75143,-24.5252
22570,P1,BASE,-80.00,-82.51,-158,R,75110,-24.5001
22580,P1,BASE,-80.00,-80.00,-160,R,75078,-24.5001
22590,P1,BASE,-80.00,-82.49,-158,R,75045,-24.4752
22600,P1,BASE,-80.00,-82.50,-158,R,75012,-24.4502
22610,P1,BASE,-80.00,-80.00,-160,R,74980,-24.4502
22620,P1,BASE,-80.00,-80.00,-160,R,74948,-24.4502
22630,P1,BASE,-80.00,-79.99,-160,R,74916,-24.4503
22640,P1,BASE,-80.00,-80.02,-160,R,74884,-24.4501
22650,P1,BASE,-80.00,-77.49,-163,R,74853,-24.4751
22660,P1,BASE,-80.00,-77.51,-163,R,74822,-24.5001
22670,P1,BASE,-80.00,-79.98,-160,R,74790,-24.5003
22680,P1,BASE,-80.00,-80.00,-160,R,74758,-24.5003
22690,P1,BASE,-80.00,-80.02,-160,R,74726,-24.5001
22700,P1,BASE,-80.00,-79.98,-160,R,74694,-24.5003
22710,P1,BASE,-80.00,-80.02,-160,R,74662,-24.5001
22720,P1,BASE,-80.00,-82.49,-158,R,74629,-24.4751
22730,P1,BASE,-80.00,-80.01,-160,R,74597,-24.4751
22740,P1,BASE,-80.00,-79.98,-160,R,74565,-24.4752
22750,P1,BASE,-80.00,-82.50,-158,R,74532,-24.4502
22760,P1,BASE,-80.00,-80.00,-160,R,74500,-24.4502
22770,P1,BASE,-80.00,-80.01,-160,R,74468,-24.4501
22780,P1,BASE,-80.00,-82.50,-157,R,74435,-24.4251
22790,P1,BASE,-80.00,-82.48,-157,R,74402,-24.4003
22800,P1,BASE,-80.00,-80.00,-160,R,74370,-24.4003
22810,P1,BASE,-80.00,-82.51,-157,R,74337,-24.3752
22820,P1,BASE,-80.00,-79.98,-160,R,74305,-24.3754
22830,P1,BASE,-80.00,-80.03,-160,R,74273,-24.3751
22840,P1,BASE,-80.00,-79.98,-160,R,74241,-24.3753
22850,P1,BASE,-80.00,-82.51,-157,R,74208,-24.3502
22860,P1,BASE,-80.00,-80.00,-159,R,74176,-24.3502
22870,P1,BASE,-80.00,-82.52,-157,R,74143,-24.3251
22880,P1,BASE,-80.00,-79.98,-159,R,74111,-24.3252
22890,P1,BASE,-80.00,-80.00,-159,R,74079,-24.3252
22900,P1,BASE,-80.00,-82.50,-157,R,74046,-24.3002
22910,P1,BASE,-80.00,-80.01,-159,R,74014,-24.3001
22920,P1,BASE,-80.00,-82.48,-156,R,73981,-24.2754
22930,P1,BASE,-80.00,-80.02,-159,R,73949,-24.2752
22940,P1,BASE,-80.00,-82.52,-156,R,73916,-24.2501
22950,P1,BASE,-80.00,-82.50,-156,R,73883,-24.2251
22960,P1,BASE,-80.00,-82.48,-156,R,73850,-24.2002
22970,P1,BASE,-80.00,-79.98,-158,R,73818,-24.2004
22980,P1,BASE,-80.00,-82.50,-156,R,73785,-24.1754
22990,P1,BASE,-80.00,-80.03,-158,R,73753,-24.1751
23000,P1,BASE,-80.00,-79.99,-158,R,73721,-24.1751
23010,P1,BASE,-80.00,-79.99,-158,R,73689,-24.1752
23020,P1,BASE,-80.00,-77.52,-161,R,73658,-24.2001
23030,P1,BASE,-80.00,-79.98,-158,R,73626,-24.2002
23040,P1,BASE,-80.00,-80.01,-158,R,73594,-24.2001
23050,P1,BASE,-80.00,-80.01,-158,R,73562,-24.2001
23060,P1,BASE,-80.00,-82.48,-156,R,73529,-24.1752
23070,P1,BASE,-80.00,-82.51,-156,R,73496,-24.1501
23080,P1,BASE,-80.00,-77.51,-161,R,73465,-24.1751
23090,P1,BASE,-80.00,-79.98,-158,R,73433,-24.1752
23100,P1,BASE,-80.00,-82.49,-156,R,73400,-24.1503
23110,P1,BASE,-80.00,-80.02,-158,R,73368,-24.1501
23120,P1,BASE,-80.00,-77.49,-161,R,73337,-24.1752
23130,P1,BASE,-80.00,-79.99,-158,R,73305,-24.1752
23140,P1,BASE,-80.00,-77.50,-161,R,73274,-24.2002
23150,P1,BASE,-80.00,-82.49,-156,R,73241,-24.1753
23160,P1,BASE,-80.00,-80.02,-158,R,73209,-24.1751
23170,P1,BASE,-80.00,-80.00,-158,R,73177,-24.1751
23180,P1,BASE,-80.00,-79.98,-158,R,73145,-24.1753
23190,P1,BASE,-80.00,-77.52,-161,R,73114,-24.2001
23200,P1,BASE,-80.00,-79.98,-158,R,73082,-24.2003
23210,P1,BASE,-80.00,-75.01,-164,R,73052,-24.2502
23220,P1,BASE,-80.00,-80.01,-159,R,73020,-24.2502
23230,P1,BASE,-80.00,-74.99,-164,R,72990,-24.3003
23240,P1,BASE,-80.00,-79.99,-159,R,72958,-24.3004
23250,P1,BASE,-80.00,-77.52,-162,R,72927,-24.3252
23260,P1,BASE,-80.00,-80.01,-159,R,72895,-24.3251
23270,P1,BASE,-80.00,-79.98,-159,R,72863,-24.3252
23280,P1,BASE,-80.00,-80.00,-159,R,72831,-24.3252
23290,P1,BASE,-80.00,-80.00,-159,R,72799,-24.3252
23300,P1,BASE,-80.00,-80.01,-159,R,72767,-24.3252
23310,P1,BASE,-80.00,-82.51,-157,R,72734,-24.3001
23320,P1,BASE,-80.00,-77.50,-162,R,72703,-24.3251
23330,P1,BASE,-80.00,-82.48,-157,R,72670,-24.3003
23340,P1,BASE,-80.00,-80.00,-159,R,72638,-24.3003
23350,P1,BASE,-80.00,-80.02,-159,R,72606,-24.3002
23360,P1,BASE,-80.00,-80.01,-159,R,72574,-24.3001
23370,P1,BASE,-80.00,-77.49,-162,R,72543,-24.3252
23380,P1,BASE,-80.00,-77.49,-162,R,72512,-24.3502
23390,P1,BASE,-80.00,-80.01,-159,R,72480,-24.3502
23400,P1,BASE,-80.00,-77.49,-162,R,72449,-24.3752
23410,P1,BASE,-80.00,-77.49,-162,R,72418,-24.4003
23420,P1,BASE,-80.00,-77.49,-162,R,72387,-24.4254
23430,P1,BASE,-80.00,-80.02,-160,R,72355,-24.4252
23440,P1,BASE,-80.00,-80.02,-160,R,72323,-24.4251
23450,P1,BASE,-80.00,-79.99,-160,R,72291,-24.4252
23460,P1,BASE,-80.00,-77.49,-163,R,72260,-24.4502
23470,P1,BASE,-80.00,-82.49,-157,R,72227,-24.4253
23480,P1,BASE,-80.00,-77.51,-163,R,72196,-24.4502
23490,P1,BASE,-80.00,-80.01,-160,R,72164,-24.4502
23500,P1,BASE,-80.00,-82.51,-157,R,72131,-24.4251
23510,P1,BASE,-80.00,-79.98,-160,R,72099,-24.4252
23520,P1,BASE,-80.00,-80.02,-160,R,72067,-24.4251
23530,P1,BASE,-80.00,-82.48,-157,R,72034,-24.4003
23540,P1,BASE,-80.00,-80.00,-160,R,72002,-24.4003
23550,P1,BASE,-80.00,-82.52,-157,R,71969,-24.3751
23560,P1,BASE,-80.00,-79.99,-160,R,71937,-24.3752
23570,P1,BASE,-80.00,-79.99,-160,R,71905,-24.3752
23580,P1,BASE,-80.00,-80.00,-160,R,71873,-24.3752
23590,P1,BASE,-80.00,-79.99,-160,R,71841,-24.3753
23600,P1,BASE,-80.00,-80.02,-160,R,71809,-24.3752
23610,P1,BASE,-80.00,-79.99,-160,R,71777,-24.3752
23620,P1,BASE,-80.00,-82.51,-157,R,71744,-24.3502
23630,P1,BASE,-80.00,-80.01,-159,R,71712,-24.3501
23640,P1,BASE,-80.00,-79.98,-159,R,71680,-24.3503
23650,P1,BASE,-80.00,-82.52,-157,R,71647,-24.3251
23660,P1,BASE,-80.00,-80.00,-159,R,71615,-24.3251
23670,P1,BASE,-80.00,-82.48,-157,R,71582,-24.3002
23680,P1,BASE,-80.00,-80.02,-159,R,71550,-24.3001
23690,P1,BASE,-80.00,-82.49,-156,R,71517,-24.2752
23700,P1,BASE,-80.00,-82.48,-156,R,71484,-24.2503
23710,P1,BASE,-80.00,-80.00,-159,R,71452,-24.2503
23720,P1,BASE,-80.00,-82.52,-156,R,71419,-24.2252
23730,P1,BASE,-80.00,-80.00,-159,R,71387,-24.2252
23740,P1,BASE,-80.00,-82.51,-156,R,71354,-24.2001
23750,P1,BASE,-80.00,-79.98,-158,R,71322,-24.2002
23760,P1,BASE,-80.00,-77.51,-161,R,71291,-24.2252
23770,P1,BASE,-80.00,-80.01,-159,R,71259,-24.2251
23780,P1,BASE,-80.00,-79.98,-159,R,71227,-24.2253
23790,P1,BASE,-80.00,-77.49,-161,R,71196,-24.2504
23800,P1,BASE,-80.00,-80.02,-159,R,71164,-24.2502
23810,P1,BASE,-80.00,-82.48,-156,R,71131,-24.2254
23820,P1,BASE,-80.00,-82.52,-156,R,71098,-24.2002
23830,P1,BASE,-80.00,-79.99,-158,R,71066,-24.2003
23840,P1,BASE,-80.00,-80.02,-158,R,71034,-24.2001
23850,P1,BASE,-80.00,-79.98,-158,R,71002,-24.2002
23860,P1,BASE,-80.00,-80.00,-158,R,70970,-24.2002
23870,P1,BASE,-80.00,-77.50,-161,R,70939,-24.2252
23880,P1,BASE,-80.00,-79.99,-159,R,70907,-24.2253
23890,P1,BASE,-80.00,-77.52,-161,R,70876,-24.2501
23900,P1,BASE,-80.00,-82.50,-156,R,70843,-24.2251
23910,P1,BASE,-80.00,-79.98,-159,R,70811,-24.2252
23920,P1,BASE,-80.00,-80.02,-159,R,70779,-24.2251
23930,P1,BASE,-80.00,-79.97,-159,R,70747,-24.2254
23940,P1,BASE,-80.00,-77.52,-161,R,70716,-24.2502
23950,P1,BASE,-80.00,-79.98,-159,R,70684,-24.2503
23960,P1,BASE,-80.00,-75.00,-164,R,70654,-24.3003
23970,P1,BASE,-80.00,-77.52,-162,R,70623,-24.3252
23980,P1,BASE,-80.00,-77.51,-162,R,70592,-24.3501
23990,P1,BASE,-80.00,-79.98,-159,R,70560,-24.3503
24000,P1,BASE,-80.00,-77.49,-162,R,70529,-24.3754
24010,P1,BASE,-150.00,-80.03,-192,R,70497,-25.0751
24020,P1,BASE,-150.00,-82.48,-222,R,70464,-25.7503
24030,P1,BASE,-150.00,-87.52,-236,R,70429,-26.3751
24040,P1,BASE,-150.00,-99.97,-227,R,70389,-26.8754
24050,P1,BASE,-150.00,-107.51,-222,R,70346,-27.3003
24060,P1,BASE,-150.00,-117.49,-214,R,70299,-27.6254
24070,P1,BASE,-150.00,-122.50,-211,R,70250,-27.9004
24080,P1,BASE,-150.00,-127.50,-207,R,70199,-28.1254
24090,P1,BASE,-150.00,-130.04,-206,R,70147,-28.3250
24100,P1,BASE,-150.00,-127.49,-210,R,70096,-28.5501
24110,P1,BASE,-150.00,-132.47,-206,R,70043,-28.7254
24120,P1,BASE,-150.00,-132.51,-207,R,69990,-28.9003
24130,P1,BASE,-150.00,-135.00,-206,R,69936,-29.0503
24140,P1,BASE,-150.00,-137.50,-204,R,69881,-29.1753
24150,P1,BASE,-150.00,-142.49,-199,R,69824,-29.2504
24160,P1,BASE,-150.00,-137.50,-205,R,69769,-29.3754
24170,P1,BASE,-150.00,-140.03,-203,R,69713,-29.4751
24180,P1,BASE,-150.00,-139.94,-204,R,69657,-29.5757
24190,P1,BASE,-150.00,-140.01,-205,R,69601,-29.6755
24200,P1,BASE,-150.00,-142.56,-202,R,69544,-29.7500
24210,P1,BASE,-150.00,-137.47,-208,R,69489,-29.8753
24220,P1,BASE,-150.00,-140.01,-207,R,69433,-29.9751
24230,P1,BASE,-150.00,-142.50,-204,R,69376,-30.0501
24240,P1,BASE,-150.00,-142.46,-205,R,69319,-30.1255
24250,P1,BASE,-150.00,-145.01,-203,R,69261,-30.1754
24260,P1,BASE,-150.00,-145.01,-203,R,69203,-30.2253
24270,P1,BASE,-150.00,-145.01,-203,R,69145,-30.2751
24280,P1,BASE,-150.00,-147.50,-201,R,69086,-30.3001
24290,P1,BASE,-150.00,-147.47,-201,R,69027,-30.3254
24300,P1,BASE,-150.00,-147.50,-201,R,68968,-30.3504
24310,P1,BASE,-150.00,-145.04,-204,R,68910,-30.4000
24320,P1,BASE,-150.00,-139.97,-210,R,68854,-30.5002
24330,P1,BASE,-150.00,-142.49,-208,R,68797,-30.5754
24340,P1,BASE,-150.00,-147.50,-203,R,68738,-30.6004
24350,P1,BASE,-150.00,-152.50,-198,R,68677,-30.5754
24360,P1,BASE,-150.00,-140.01,-211,R,68621,-30.6752
24370,P1,BASE,-150.00,-144.99,-206,R,68563,-30.7254
24380,P1,BASE,-150.00,-142.53,-209,R,68506,-30.8001
24390,P1,BASE,-150.00,-144.99,-207,R,68448,-30.8502
24400,P1,BASE,-150.00,-144.97,-208,R,68390,-30.9005
24410,P1,BASE,-150.00,-147.54,-205,R,68331,-30.9251
24420,P1,BASE,-150.00,-144.99,-208,R,68273,-30.9752
24430,P1,BASE,-150.00,-142.50,-211,R,68216,-31.0502
24440,P1,BASE,-150.00,-144.97,-209,R,68158,-31.1005
24450,P1,BASE,-150.00,-147.56,-206,R,68099,-31.1249
24460,P1,BASE,-150.00,-149.96,-204,R,68039,-31.1254
24470,P1,BASE,-150.00,-149.99,-204,R,67979,-31.1255
24480,P1,BASE,-150.00,-155.06,-198,R,67917,-31.0749
24490,P1,BASE,-150.00,-149.96,-204,R,67857,-31.0754
24500,P1,BASE,-150.00,-152.55,-201,R,67796,-31.0499
24510,P1,BASE,-150.00,-147.47,-206,R,67737,-31.0752
24520,P1,BASE,-150.00,-147.53,-206,R,67678,-31.0999
24530,P1,BASE,-150.00,-147.47,-206,R,67619,-31.1252
24540,P1,BASE,-150.00,-147.51,-207,R,67560,-31.1501
24550,P1,BASE,-150.00,-147.50,-207,R,67501,-31.1751
24560,P1,BASE,-150.00,-150.00,-204,R,67441,-31.1751
24570,P1,BASE,-150.00,-147.49,-207,R,67382,-31.2002
24580,P1,BASE,-150.00,-149.97,-204,R,67322,-31.2005
24590,P1,BASE,-150.00,-147.56,-207,R,67263,-31.2249
24600,P1,BASE,-150.00,-149.99,-205,R,67203,-31.2251
24610,P1,BASE,-150.00,-149.99,-205,R,67143,-31.2252
24620,P1,BASE,-150.00,-147.53,-207,R,67084,-31.2499
24630,P1,BASE,-150.00,-147.49,-207,R,67025,-31.2751
24640,P1,BASE,-150.00,-147.51,-208,R,66966,-31.2999
24650,P1,BASE,-150.00,-149.96,-205,R,66906,-31.3004
24660,P1,BASE,-150.00,-150.05,-205,R,66846,-31.2999
24670,P1,BASE,-150.00,-152.45,-202,R,66785,-31.2754
24680,P1,BASE,-150.00,-150.00,-205,R,66725,-31.2754
24690,P1,BASE,-150.00,-152.52,-202,R,66664,-31.2502
24700,P1,BASE,-150.00,-152.50,-202,R,66603,-31.2252
24710,P1,BASE,-150.00,-152.50,-202,R,66542,-31.2002
24720,P1,BASE,-150.00,-144.99,-210,R,66484,-31.2504
24730,P1,BASE,-150.00,-147.53,-207,R,66425,-31.2751
24740,P1,BASE,-150.00,-147.50,-208,R,66366,-31.3001
24750,P1,BASE,-150.00,-157.52,-197,R,66303,-31.2249
24760,P1,BASE,-150.00,-149.97,-205,R,66243,-31.2252
24770,P1,BASE,-150.00,-142.49,-213,R,66186,-31.3004
24780,P1,BASE,-150.00,-147.50,-208,R,66127,-31.3254
24790,P1,BASE,-150.00,-144.99,-211,R,66069,-31.3755
24800,P1,BASE,-150.00,-150.01,-206,R,66009,-31.3754
24810,P1,BASE,-150.00,-150.05,-206,R,65949,-31.3749
24820,P1,BASE,-150.00,-147.47,-208,R,65890,-31.4002
24830,P1,BASE,-150.00,-144.99,-211,R,65832,-31.4503
24840,P1,BASE,-150.00,-145.04,-211,R,65774,-31.4999
24850,P1,BASE,-150.00,-152.48,-204,R,65713,-31.4751
24860,P1,BASE,-150.00,-152.52,-203,R,65652,-31.4499
24870,P1,BASE,-150.00,-149.99,-206,R,65592,-31.4501
24880,P1,BASE,-150.00,-155.02,-201,R,65530,-31.3999
24890,P1,BASE,-150.00,-152.50,-203,R,65469,-31.3749
24900,P1,BASE,-150.00,-152.44,-203,R,65408,-31.3505
24910,P1,BASE,-150.00,-152.50,-203,R,65347,-31.3255
24920,P1,BASE,-150.00,-147.54,-208,R,65288,-31.3501
24930,P1,BASE,-150.00,-147.49,-208,R,65229,-31.3752
24940,P1,BASE,-150.00,-150.01,-206,R,65169,-31.3751
24950,P1,BASE,-150.00,-149.99,-206,R,65109,-31.3752
24960,P1,BASE,-150.00,-150.03,-206,R,65049,-31.3749
24970,P1,BASE,-150.00,-147.46,-208,R,64990,-31.4004
24980,P1,BASE,-150.00,-152.50,-203,R,64929,-31.3754
24990,P1,BASE,-150.00,-150.01,-206,R,64869,-31.3752
25000,P1,BASE,-150.00,-152.52,-203,R,64808,-31.3501
25010,P1,BASE,-150.00,-150.00,-205,R,64748,-31.3501
25020,P1,BASE,-150.00,-144.99,-211,R,64690,-31.4002
25030,P1,BASE,-150.00,-147.49,-208,R,64631,-31.4254
25040,P1,BASE,-150.00,-150.00,-206,R,64571,-31.4254
25050,P1,BASE,-150.00,-152.52,-203,R,64510,-31.4002
25060,P1,BASE,-150.00,-150.03,-206,R,64450,-31.3999
25070,P1,BASE,-150.00,-149.96,-206,R,64390,-31.4004
25080,P1,BASE,-150.00,-152.53,-203,R,64329,-31.3750
25090,P1,BASE,-150.00,-154.98,-200,R,64267,-31.3252
25100,P1,BASE,-150.00,-152.48,-203,R,64206,-31.3004
25110,P1,BASE,-150.00,-150.03,-205,R,64146,-31.3001
25120,P1,BASE,-150.00,-147.51,-208,R,64087,-31.3249
25130,P1,BASE,-150.00,-149.99,-205,R,64027,-31.3251
25140,P1,BASE,-150.00,-147.51,-208,R,63968,-31.3499
25150,P1,BASE,-150.00,-154.95,-200,R,63906,-31.3004
25160,P1,BASE,-150.00,-147.49,-208,R,63847,-31.3255
25170,P1,BASE,-150.00,-145.03,-211,R,63789,-31.3752
25180,P1,BASE,-150.00,-147.50,-208,R,63730,-31.4002
25190,P1,BASE,-150.00,-147.49,-208,R,63671,-31.4254
25200,P1,BASE,-150.00,-150.01,-206,R,63611,-31.4252
25210,P1,BASE,-150.00,-150.01,-206,R,63551,-31.4251
25220,P1,BASE,-150.00,-145.01,-211,R,63493,-31.4749
25230,P1,BASE,-150.00,-147.50,-209,R,63434,-31.4999
25240,P1,BASE,-150.00,-144.99,-212,R,63376,-31.5501
25250,P1,BASE,-150.00,-150.01,-207,R,63316,-31.5499
25260,P1,BASE,-150.00,-152.45,-204,R,63255,-31.5254
25270,P1,BASE,-150.00,-152.52,-204,R,63194,-31.5002
25280,P1,BASE,-150.00,-155.00,-201,R,63132,-31.4502
25290,P1,BASE,-150.00,-152.53,-203,R,63071,-31.4249
25300,P1,BASE,-150.00,-152.50,-203,R,63010,-31.3999
25310,P1,BASE,-150.00,-152.48,-203,R,62949,-31.3751
25320,P1,BASE,-150.00,-147.50,-208,R,62890,-31.4001
25330,P1,BASE,-150.00,-147.51,-208,R,62831,-31.4249
25340,P1,BASE,-150.00,-149.94,-206,R,62771,-31.4255
25350,P1,BASE,-150.00,-150.03,-206,R,62711,-31.4252
25360,P1,BASE,-150.00,-150.00,-206,R,62651,-31.4252
25370,P1,BASE,-150.00,-150.01,-206,R,62591,-31.4251
25380,P1,BASE,-150.00,-149.99,-206,R,62531,-31.4252
25390,P1,BASE,-150.00,-149.99,-206,R,62471,-31.4254
25400,P1,BASE,-150.00,-150.01,-206,R,62411,-31.4252
25410,P1,BASE,-150.00,-152.52,-203,R,62350,-31.4001
25420,P1,BASE,-150.00,-145.01,-211,R,62292,-31.4499
25430,P1,BASE,-150.00,-149.97,-206,R,62232,-31.4502
25440,P1,BASE,-150.00,-147.50,-209,R,62173,-31.4752
25450,P1,BASE,-150.00,-150.00,-206,R,62113,-31.4752
25460,P1,BASE,-150.00,-152.50,-204,R,62052,-31.4502
25470,P1,BASE,-150.00,-150.01,-206,R,61992,-31.4501
25480,P1,BASE,-150.00,-155.02,-201,R,61930,-31.3999
25490,P1,BASE,-150.00,-152.48,-203,R,61869,-31.3751
25500,P1,BASE,-150.00,-152.52,-203,R,61808,-31.3499
25510,P1,BASE,-150.00,-152.44,-203,R,61747,-31.3255
25520,P1,BASE,-150.00,-147.56,-208,R,61688,-31.3499
25530,P1,BASE,-150.00,-147.49,-208,R,61629,-31.3751
25540,P1,BASE,-150.00,-147.51,-208,R,61570,-31.4000
25550,P1,BASE,-150.00,-154.97,-200,R,61508,-31.3503
25560,P1,BASE,-150.00,-149.99,-205,R,61448,-31.3504
25570,P1,BASE,-150.00,-145.03,-211,R,61390,-31.4001
25580,P1,BASE,-150.00,-147.50,-208,R,61331,-31.4251
25590,P1,BASE,-150.00,-144.99,-211,R,61273,-31.4753
25600,P1,BASE,-150.00,-152.50,-204,R,61212,-31.4503
25610,P1,BASE,-150.00,-150.00,-206,R,61152,-31.4503
25620,P1,BASE,-150.00,-145.00,-211,R,61094,-31.5003
25630,P1,BASE,-150.00,-147.49,-209,R,61035,-31.5254
25640,P1,BASE,-150.00,-145.01,-212,R,60977,-31.5753
25650,P1,BASE,-150.00,-149.99,-207,R,60917,-31.5754
25660,P1,BASE,-150.00,-152.50,-204,R,60856,-31.5504
25670,P1,BASE,-150.00,-152.53,-204,R,60795,-31.5251
25680,P1,BASE,-150.00,-154.98,-201,R,60733,-31.4753
25690,P1,BASE,-150.00,-152.48,-204,R,60672,-31.4504
25700,P1,BASE,-150.00,-152.53,-203,R,60611,-31.4251
25710,P1,BASE,-150.00,-152.47,-203,R,60550,-31.4004
25720,P1,BASE,-150.00,-150.03,-206,R,60490,-31.4001
25730,P1,BASE,-150.00,-147.49,-208,R,60431,-31.4253
25740,P1,BASE,-150.00,-147.53,-209,R,60372,-31.4500
25750,P1,BASE,-150.00,-152.48,-203,R,60311,-31.4251
25760,P1,BASE,-150.00,-149.97,-206,R,60251,-31.4254
25770,P1,BASE,-150.00,-147.53,-209,R,60192,-31.4501
25780,P1,BASE,-150.00,-152.45,-203,R,60131,-31.4256
25790,P1,BASE,-150.00,-150.00,-206,R,60071,-31.4256
25800,P1,BASE,-150.00,-150.05,-206,R,60011,-31.4251
25810,P1,BASE,-150.00,-152.48,-203,R,59950,-31.4003
25820,P1,BASE,-150.00,-144.99,-211,R,59892,-31.4504
25830,P1,BASE,-150.00,-150.00,-206,R,59832,-31.4504
25840,P1,BASE,-150.00,-147.53,-209,R,59773,-31.4751
25850,P1,BASE,-150.00,-152.48,-204,R,59712,-31.4503
25860,P1,BASE,-150.00,-150.03,-206,R,59652,-31.4500
25870,P1,BASE,-150.00,-149.99,-206,R,59592,-31.4501
25880,P1,BASE,-150.00,-155.00,-201,R,59530,-31.4001
25890,P1,BASE,-150.00,-152.52,-203,R,59469,-31.3750
25900,P1,BASE,-150.00,-152.47,-203,R,59408,-31.3503
25910,P1,BASE,-150.00,-152.52,-203,R,59347,-31.3251
25920,P1,BASE,-150.00,-147.51,-208,R,59288,-31.3500
25930,P1,BASE,-150.00,-147.46,-208,R,59229,-31.3754
25940,P1,BASE,-150.00,-147.53,-208,R,59170,-31.4001
25950,P1,BASE,-150.00,-154.95,-200,R,59108,-31.3506
25960,P1,BASE,-150.00,-150.01,-205,R,59048,-31.3505
25970,P1,BASE,-150.00,-147.50,-208,R,58989,-31.3755
25980,P1,BASE,-150.00,-145.03,-211,R,58931,-31.4252
25990,P1,BASE,-150.00,-145.01,-211,R,58873,-31.4750
26000,P1,BASE,-150.00,-152.48,-204,R,58812,-31.4502
26010,P1,BASE,-150.00,-150.00,-206,R,58752,-31.4502
26020,P1,BASE,-150.00,-145.00,-211,R,58694,-31.5002
26030,P1,BASE,-150.00,-147.51,-209,R,58635,-31.5250
26040,P1,BASE,-150.00,-144.96,-212,R,58577,-31.5755
26050,P1,BASE,-150.00,-150.00,-207,R,58517,-31.5755
26060,P1,BASE,-150.00,-152.55,-204,R,58456,-31.5500
26070,P1,BASE,-150.00,-152.48,-204,R,58395,-31.5252
26080,P1,BASE,-150.00,-155.02,-201,R,58333,-31.4750
26090,P1,BASE,-150.00,-152.47,-204,R,58272,-31.4503
26100,P1,BASE,-150.00,-152.48,-203,R,58211,-31.4255
26110,P1,BASE,-150.00,-152.48,-203,R,58150,-31.4006
26120,P1,BASE,-150.00,-150.06,-206,R,58090,-31.4000
26130,P1,BASE,-150.00,-147.47,-208,R,58031,-31.4253
26140,P1,BASE,-150.00,-147.51,-209,R,57972,-31.4502
26150,P1,BASE,-150.00,-150.00,-206,R,57912,-31.4502
26160,P1,BASE,-150.00,-152.50,-203,R,57851,-31.4252
26170,P1,BASE,-150.00,-147.51,-209,R,57792,-31.4500
26180,P1,BASE,-150.00,-152.48,-203,R,57731,-31.4252
26190,P1,BASE,-150.00,-147.51,-209,R,57672,-31.4500
26200,P1,BASE,-150.00,-152.45,-203,R,57611,-31.4255
26210,P1,BASE,-150.00,-150.01,-206,R,57551,-31.4253
26220,P1,BASE,-150.00,-147.53,-209,R,57492,-31.4500
26230,P1,BASE,-150.00,-149.91,-206,R,57432,-31.4509
26240,P1,BASE,-150.00,-147.56,-209,R,57373,-31.4753
26250,P1,BASE,-150.00,-150.00,-206,R,57313,-31.4753
26260,P1,BASE,-150.00,-152.48,-204,R,57252,-31.4505
26270,P1,BASE,-150.00,-152.50,-203,R,57191,-31.4255
26280,P1,BASE,-150.00,-152.55,-203,R,57130,-31.4000
26290,P1,BASE,-150.00,-152.45,-203,R,57069,-31.3755
26300,P1,BASE,-150.00,-152.50,-203,R,57008,-31.3505
26310,P1,BASE,-150.00,-152.50,-203,R,56947,-31.3255
26320,P1,BASE,-150.00,-147.54,-208,R,56888,-31.3501
26330,P1,BASE,-150.00,-147.49,-208,R,56829,-31.3752
26340,P1,BASE,-150.00,-144.99,-211,R,56771,-31.4253
26350,P1,BASE,-150.00,-155.02,-200,R,56709,-31.3752
26360,P1,BASE,-150.00,-152.47,-203,R,56648,-31.3505
26370,P1,BASE,-150.00,-145.03,-211,R,56590,-31.4002
26380,P1,BASE,-150.00,-147.49,-208,R,56531,-31.4254
26390,P1,BASE,-150.00,-145.00,-211,R,56473,-31.4754
26400,P1,BASE,-150.00,-152.48,-204,R,56412,-31.4505
26410,P1,BASE,-150.00,-150.05,-206,R,56352,-31.4501
26420,P1,BASE,-150.00,-144.94,-212,R,56294,-31.5006
26430,P1,BASE,-150.00,-147.53,-209,R,56235,-31.5253
26440,P1,BASE,-150.00,-142.49,-215,R,56178,-31.6005
26450,P1,BASE,-150.00,-152.53,-204,R,56117,-31.5752
26460,P1,BASE,-150.00,-152.52,-204,R,56056,-31.5500
26470,P1,BASE,-150.00,-152.48,-204,R,55995,-31.5252
26480,P1,BASE,-150.00,-155.02,-201,R,55933,-31.4750
26490,P1,BASE,-150.00,-154.89,-201,R,55871,-31.4261
26500,P1,BASE,-150.00,-150.08,-206,R,55811,-31.4254
26510,P1,BASE,-150.00,-152.48,-203,R,55750,-31.4005
26520,P1,BASE,-150.00,-150.01,-206,R,55690,-31.4004
26530,P1,BASE,-150.00,-147.51,-208,R,55631,-31.4252
26540,P1,BASE,-150.00,-147.50,-209,R,55572,-31.4502
26550,P1,BASE,-150.00,-152.47,-203,R,55511,-31.4255
26560,P1,BASE,-150.00,-150.03,-206,R,55451,-31.4252
26570,P1,BASE,-150.00,-147.50,-209,R,55392,-31.4502
26580,P1,BASE,-150.00,-152.50,-203,R,55331,-31.4252
26590,P1,BASE,-150.00,-150.00,-206,R,55271,-31.4252
26600,P1,BASE,-150.00,-150.01,-206,R,55211,-31.4251
26610,P1,BASE,-150.00,-152.47,-203,R,55150,-31.4004
26620,P1,BASE,-150.00,-145.01,-211,R,55092,-31.4502
26630,P1,BASE,-150.00,-149.97,-206,R,55032,-31.4505
26640,P1,BASE,-150.00,-147.53,-209,R,54973,-31.4752
26650,P1,BASE,-150.00,-149.97,-206,R,54913,-31.4755
26660,P1,BASE,-150.00,-152.53,-203,R,54852,-31.4502
26670,P1,BASE,-150.00,-150.01,-206,R,54792,-31.4501
26680,P1,BASE,-150.00,-154.97,-201,R,54730,-31.4004
26690,P1,BASE,-150.00,-152.50,-203,R,54669,-31.3754
26700,P1,BASE,-150.00,-152.48,-203,R,54608,-31.3505
26710,P1,BASE,-150.00,-152.52,-203,R,54547,-31.3254
26720,P1,BASE,-150.00,-147.50,-208,R,54488,-31.3504
26730,P1,BASE,-150.00,-147.49,-208,R,54429,-31.3755
26740,P1,BASE,-150.00,-145.04,-211,R,54371,-31.4251
26750,P1,BASE,-150.00,-157.47,-198,R,54308,-31.3504
26760,P1,BASE,-150.00,-147.49,-208,R,54249,-31.3756
26770,P1,BASE,-150.00,-147.51,-208,R,54190,-31.4004
26780,P1,BASE,-150.00,-147.51,-208,R,54131,-31.4253
26790,P1,BASE,-150.00,-147.37,-209,R,54072,-31.4516
26800,P1,BASE,-150.00,-150.14,-206,R,54012,-31.4502
26810,P1,BASE,-150.00,-150.00,-206,R,53952,-31.4502
26820,P1,BASE,-150.00,-144.97,-212,R,53894,-31.5005
26830,P1,BASE,-150.00,-147.51,-209,R,53835,-31.5254
26840,P1,BASE,-150.00,-145.00,-212,R,53777,-31.5754
26850,P1,BASE,-150.00,-150.00,-207,R,53717,-31.5754
26860,P1,BASE,-150.00,-152.50,-204,R,53656,-31.5504
26870,P1,BASE,-150.00,-152.48,-204,R,53595,-31.5255
26880,P1,BASE,-150.00,-155.05,-201,R,53533,-31.4751
26890,P1,BASE,-150.00,-155.00,-201,R,53471,-31.4251
26900,P1,BASE,-150.00,-152.45,-203,R,53410,-31.4005
26910,P1,BASE,-150.00,-152.47,-203,R,53349,-31.3758
26920,P1,BASE,-150.00,-147.51,-208,R,53290,-31.4007
26930,P1,BASE,-150.00,-147.53,-208,R,53231,-31.4254
26940,P1,BASE,-150.00,-147.49,-209,R,53172,-31.4505
26950,P1,BASE,-150.00,-152.50,-203,R,53111,-31.4255
26960,P1,BASE,-150.00,-150.05,-206,R,53051,-31.4251
26970,P1,BASE,-150.00,-149.99,-206,R,52991,-31.4252
26980,P1,BASE,-150.00,-150.00,-206,R,52931,-31.4252
26990,P1,BASE,-150.00,-149.97,-206,R,52871,-31.4255
27000,P1,BASE,-150.00,-150.00,-206,R,52811,-31.4255
27010,P1,BASE,-200.00,-149.99,-236,R,52751,-31.4255
27020,P1,BASE,-200.00,-150.01,-255,R,52691,-31.4255
27030,P1,BASE,-200.00,-157.50,-252,R,52628,-31.8505
27040,P1,BASE,-200.00,-164.98,-247,R,52562,-32.2007
27050,P1,BASE,-200.00,-170.05,-243,R,52494,-32.5002
27060,P1,BASE,-200.00,-177.46,-237,R,52423,-32.7255
27070,P1,BASE,-200.00,-182.54,-233,R,52350,-32.9002
27080,P1,BASE,-200.00,-187.50,-229,R,52275,-33.0252
27090,P1,BASE,-200.00,-190.02,-227,R,52199,-33.1250
27100,P1,BASE,-200.00,-190.00,-228,R,52123,-33.2250
27110,P1,BASE,-200.00,-184.96,-234,R,52049,-33.3754
27120,P1,BASE,-200.00,-187.50,-232,R,51974,-33.5004
27130,P1,BASE,-200.00,-195.00,-225,R,51896,-33.5504
27140,P1,BASE,-200.00,-190.04,-231,R,51820,-33.6500
27150,P1,BASE,-200.00,-189.96,-231,R,51744,-33.7504
27160,P1,BASE,-200.00,-187.50,-235,R,51669,-33.8754
27170,P1,BASE,-200.00,-194.96,-227,R,51591,-33.9258
27180,P1,BASE,-200.00,-190.04,-233,R,51515,-34.0254
27190,P1,BASE,-200.00,-190.02,-234,R,51439,-34.1252
27200,P1,BASE,-200.00,-189.96,-234,R,51363,-34.2256
27210,P1,BASE,-200.00,-195.06,-230,R,51285,-34.2750
27220,P1,BASE,-200.00,-199.96,-225,R,51205,-34.2754
27230,P1,BASE,-200.00,-202.52,-222,R,51124,-34.2502
27240,P1,BASE,-200.00,-200.00,-224,R,51044,-34.2502
27250,P1,BASE,-200.00,-200.02,-224,R,50964,-34.2500
27260,P1,BASE,-200.00,-197.44,-227,R,50885,-34.2756
27270,P1,BASE,-200.00,-195.00,-230,R,50807,-34.3256
27280,P1,BASE,-200.00,-197.50,-228,R,50728,-34.3506
27290,P1,BASE,-200.00,-197.48,-228,R,50649,-34.3758
27300,P1,BASE,-200.00,-197.56,-228,R,50570,-34.4002
27310,P1,BASE,-200.00,-194.98,-231,R,50492,-34.4504
27320,P1,BASE,-200.00,-202.48,-223,R,50411,-34.4256
27330,P1,BASE,-200.00,-195.02,-231,R,50333,-34.4754
27340,P1,BASE,-200.00,-195.04,-231,R,50255,-34.5250
27350,P1,BASE,-200.00,-194.96,-232,R,50177,-34.5754
27360,P1,BASE,-200.00,-200.04,-227,R,50097,-34.5750
27370,P1,BASE,-200.00,-199.98,-227,R,50017,-34.5752
27380,P1,BASE,-200.00,-202.34,-224,R,49936,-34.5518
27390,P1,BASE,-200.00,-202.68,-224,R,49855,-34.5250
27400,P1,BASE,-200.00,-199.94,-226,R,49775,-34.5256
27410,P1,BASE,-200.00,-200.00,-226,R,49695,-34.5256
27420,P1,BASE,-200.00,-197.48,-229,R,49616,-34.5508
27430,P1,BASE,-200.00,-197.50,-229,R,49537,-34.5758
27440,P1,BASE,-200.00,-202.56,-224,R,49456,-34.5502
27450,P1,BASE,-200.00,-190.00,-237,R,49380,-34.6502
27460,P1,BASE,-200.00,-194.98,-233,R,49302,-34.7003
27470,P1,BASE,-200.00,-194.98,-233,R,49224,-34.7505
27480,P1,BASE,-200.00,-197.56,-230,R,49145,-34.7749
27490,P1,BASE,-200.00,-192.48,-236,R,49068,-34.8501
27500,P1,BASE,-200.00,-192.52,-236,R,48991,-34.9249
27510,P1,BASE,-200.00,-197.50,-232,R,48912,-34.9499
27520,P1,BASE,-200.00,-202.44,-226,R,48831,-34.9256
27530,P1,BASE,-200.00,-204.96,-224,R,48749,-34.8760
27540,P1,BASE,-200.00,-205.08,-223,R,48667,-34.8251
27550,P1,BASE,-200.00,-202.50,-226,R,48586,-34.8001
27560,P1,BASE,-200.00,-202.44,-225,R,48505,-34.7757
27570,P1,BASE,-200.00,-197.52,-231,R,48426,-34.8006
27580,P1,BASE,-200.00,-199.90,-228,R,48346,-34.8016
27590,P1,BASE,-200.00,-197.62,-231,R,48267,-34.8254
27600,P1,BASE,-200.00,-199.98,-228,R,48187,-34.8256
27610,P1,BASE,-200.00,-200.04,-228,R,48107,-34.8252
27620,P1,BASE,-200.00,-199.98,-228,R,48027,-34.8254
27630,P1,BASE,-200.00,-200.02,-228,R,47947,-34.8252
27640,P1,BASE,-200.00,-194.96,-234,R,47869,-34.8756
27650,P1,BASE,-200.00,-197.54,-231,R,47790,-34.9002
27660,P1,BASE,-200.00,-200.02,-229,R,47710,-34.9000
27670,P1,BASE,-200.00,-202.42,-226,R,47629,-34.8758
27680,P1,BASE,-200.00,-200.02,-229,R,47549,-34.8756
27690,P1,BASE,-200.00,-205.04,-223,R,47467,-34.8252
27700,P1,BASE,-200.00,-204.96,-223,R,47385,-34.7756
27710,P1,BASE,-200.00,-200.06,-228,R,47305,-34.7750
27720,P1,BASE,-200.00,-197.50,-231,R,47226,-34.8000
27730,P1,BASE,-200.00,-199.96,-228,R,47146,-34.8004
27740,P1,BASE,-200.00,-200.02,-228,R,47066,-34.8002
27750,P1,BASE,-200.00,-197.50,-231,R,46987,-34.8252
27760,P1,BASE,-200.00,-195.00,-234,R,46909,-34.8752
27770,P1,BASE,-200.00,-194.98,-234,R,46831,-34.9254
27780,P1,BASE,-200.00,-197.50,-232,R,46752,-34.9504
27790,P1,BASE,-200.00,-195.02,-234,R,46674,-35.0002
27800,P1,BASE,-200.00,-192.46,-238,R,46597,-35.0756
27810,P1,BASE,-200.00,-200.04,-230,R,46517,-35.0752
27820,P1,BASE,-200.00,-202.44,-227,R,46436,-35.0508
27830,P1,BASE,-200.00,-202.52,-227,R,46355,-35.0256
27840,P1,BASE,-200.00,-207.50,-221,R,46272,-34.9506
27850,P1,BASE,-200.00,-205.04,-224,R,46190,-34.9002
27860,P1,BASE,-200.00,-202.46,-226,R,46109,-34.8756
27870,P1,BASE,-200.00,-197.52,-231,R,46030,-34.9004
27880,P1,BASE,-200.00,-199.98,-229,R,45950,-34.9006
27890,P1,BASE,-200.00,-199.98,-229,R,45870,-34.9008
27900,P1,BASE,-200.00,-200.00,-229,R,45790,-34.9008
27910,P1,BASE,-200.00,-202.56,-226,R,45709,-34.8752
27920,P1,BASE,-200.00,-197.46,-231,R,45630,-34.9005
27930,P1,BASE,-200.00,-202.52,-226,R,45549,-34.8753
27940,P1,BASE,-200.00,-195.04,-234,R,45471,-34.9250
27950,P1,BASE,-200.00,-194.96,-234,R,45393,-34.9753
27960,P1,BASE,-200.00,-200.00,-229,R,45313,-34.9753
27970,P1,BASE,-200.00,-204.96,-224,R,45231,-34.9258
27980,P1,BASE,-200.00,-200.06,-229,R,45151,-34.9252
27990,P1,BASE,-200.00,-205.00,-223,R,45069,-34.8752
28000,P1,BASE,-200.00,-204.98,-223,R,44987,-34.8254
28010,P1,BASE,-200.00,-202.38,-226,R,44906,-34.8016
28020,P1,BASE,-200.00,-195.10,-233,R,44828,-34.8506
28030,P1,BASE,-200.00,-200.00,-228,R,44748,-34.8506
28040,P1,BASE,-200.00,-197.54,-231,R,44669,-34.8752
28050,P1,BASE,-200.00,-200.00,-229,R,44589,-34.8752
28060,P1,BASE,-200.00,-197.42,-231,R,44510,-34.9010
28070,P1,BASE,-200.00,-194.98,-234,R,44432,-34.9512
28080,P1,BASE,-200.00,-197.62,-232,R,44353,-34.9750
28090,P1,BASE,-200.00,-194.96,-235,R,44275,-35.0254
28100,P1,BASE,-200.00,-192.48,-238,R,44198,-35.1006
28110,P1,BASE,-200.00,-197.54,-233,R,44119,-35.1252
28120,P1,BASE,-200.00,-205.02,-225,R,44037,-35.0750
28130,P1,BASE,-200.00,-202.48,-227,R,43956,-35.0502
28140,P1,BASE,-200.00,-207.48,-222,R,43873,-34.9754
28150,P1,BASE,-200.00,-204.98,-224,R,43791,-34.9256
28160,P1,BASE,-200.00,-202.40,-226,R,43710,-34.9016
28170,P1,BASE,-200.00,-197.62,-231,R,43631,-34.9254
28180,P1,BASE,-200.00,-200.04,-229,R,43551,-34.9250
28190,P1,BASE,-200.00,-199.98,-229,R,43471,-34.9252
28200,P1,BASE,-200.00,-200.00,-229,R,43391,-34.9252
28210,P1,BASE,-200.00,-199.96,-229,R,43311,-34.9256
28220,P1,BASE,-200.00,-202.56,-226,R,43230,-34.9000
28230,P1,BASE,-200.00,-199.92,-229,R,43150,-34.9008
28240,P1,BASE,-200.00,-195.04,-234,R,43072,-34.9504
28250,P1,BASE,-200.00,-195.04,-234,R,42994,-35.0000
28260,P1,BASE,-200.00,-202.48,-227,R,42913,-34.9752
28270,P1,BASE,-200.00,-202.46,-227,R,42832,-34.9506
28280,P1,BASE,-200.00,-202.48,-226,R,42751,-34.9258
28290,P1,BASE,-200.00,-204.96,-224,R,42669,-34.8763
28300,P1,BASE,-200.00,-202.62,-226,R,42588,-34.8500
28310,P1,BASE,-200.00,-202.50,-226,R,42507,-34.8250
28320,P1,BASE,-200.00,-197.50,-231,R,42428,-34.8500
28330,P1,BASE,-200.00,-197.44,-231,R,42349,-34.8756
28340,P1,BASE,-200.00,-197.54,-231,R,42270,-34.9002
28350,P1,BASE,-200.00,-199.94,-229,R,42190,-34.9008
28360,P1,BASE,-200.00,-197.56,-231,R,42111,-34.9252
28370,P1,BASE,-200.00,-195.02,-234,R,42033,-34.9750
28380,P1,BASE,-200.00,-199.98,-229,R,41953,-34.9752
28390,P1,BASE,-200.00,-195.02,-235,R,41875,-35.0251
28400,P1,BASE,-200.00,-189.96,-240,R,41799,-35.1254
28410,P1,BASE,-200.00,-200.00,-230,R,41719,-35.1254
28420,P1,BASE,-200.00,-202.50,-227,R,41638,-35.1004
28430,P1,BASE,-200.00,-202.52,-227,R,41557,-35.0752
28440,P1,BASE,-200.00,-207.46,-222,R,41474,-35.0006
28450,P1,BASE,-200.00,-205.00,-224,R,41392,-34.9506
28460,P1,BASE,-200.00,-202.54,-226,R,41311,-34.9252
28470,P1,BASE,-200.00,-200.00,-229,R,41231,-34.9252
28480,P1,BASE,-200.00,-197.48,-232,R,41152,-34.9504
28490,P1,BASE,-200.00,-200.00,-229,R,41072,-34.9504
28500,P1,BASE,-200.00,-199.96,-229,R,40992,-34.9508
28510,P1,BASE,-200.00,-205.04,-224,R,40910,-34.9004
28520,P1,BASE,-200.00,-199.98,-229,R,40830,-34.9006
28530,P1,BASE,-200.00,-197.52,-231,R,40751,-34.9254
28540,P1,BASE,-200.00,-195.00,-234,R,40673,-34.9754
28550,P1,BASE,-200.00,-197.54,-232,R,40594,-35.0000
28560,P1,BASE,-200.00,-202.46,-227,R,40513,-34.9754
28570,P1,BASE,-200.00,-202.46,-227,R,40432,-34.9508
28580,P1,BASE,-200.00,-202.56,-226,R,40351,-34.9252
28590,P1,BASE,-200.00,-205.00,-223,R,40269,-34.8752
28600,P1,BASE,-200.00,-205.02,-223,R,40187,-34.8250
28610,P1,BASE,-200.00,-199.94,-228,R,40107,-34.8256
28620,P1,BASE,-200.00,-197.56,-231,R,40028,-34.8500
28630,P1,BASE,-200.00,-199.96,-228,R,39948,-34.8504
28640,P1,BASE,-200.00,-197.54,-231,R,39869,-34.8750
28650,P1,BASE,-200.00,-199.92,-229,R,39789,-34.8758
28660,P1,BASE,-200.00,-195.02,-234,R,39711,-34.9256
28670,P1,BASE,-200.00,-195.02,-234,R,39633,-34.9754
28680,P1,BASE,-200.00,-200.02,-229,R,39553,-34.9753
28690,P1,BASE,-200.00,-195.02,-235,R,39475,-35.0251
28700,P1,BASE,-200.00,-192.44,-238,R,39398,-35.1006
28710,P1,BASE,-200.00,-197.48,-233,R,39319,-35.1258
28720,P1,BASE,-200.00,-202.52,-227,R,39238,-35.1006
28730,P1,BASE,-200.00,-205.02,-225,R,39156,-35.0504
28740,P1,BASE,-200.00,-205.02,-224,R,39074,-35.0002
28750,P1,BASE,-200.00,-205.02,-224,R,38992,-34.9500
28760,P1,BASE,-200.00,-202.46,-226,R,38911,-34.9254
28770,P1,BASE,-200.00,-200.00,-229,R,38831,-34.9254
28780,P1,BASE,-200.00,-197.52,-232,R,38752,-34.9502
28790,P1,BASE,-200.00,-200.02,-229,R,38672,-34.9500
28800,P1,BASE,-200.00,-202.48,-226,R,38591,-34.9252
28810,P1,BASE,-200.00,-199.98,-229,R,38511,-34.9254
28820,P1,BASE,-200.00,-199.98,-229,R,38431,-34.9256
28830,P1,BASE,-200.00,-200.06,-229,R,38351,-34.9250
28840,P1,BASE,-200.00,-194.94,-234,R,38273,-34.9756
28850,P1,BASE,-200.00,-197.54,-232,R,38194,-35.0002
28860,P1,BASE,-200.00,-202.44,-227,R,38113,-34.9758
28870,P1,BASE,-200.00,-202.52,-226,R,38032,-34.9506
28880,P1,BASE,-200.00,-200.06,-229,R,37952,-34.9500
28890,P1,BASE,-200.00,-204.92,-224,R,37870,-34.9008
28900,P1,BASE,-200.00,-205.02,-223,R,37788,-34.8506
28910,P1,BASE,-200.00,-202.52,-226,R,37707,-34.8254
28920,P1,BASE,-200.00,-197.36,-231,R,37628,-34.8518
28930,P1,BASE,-200.00,-197.68,-231,R,37549,-34.8750
28940,P1,BASE,-200.00,-199.94,-229,R,37469,-34.8756
28950,P1,BASE,-200.00,-197.50,-231,R,37390,-34.9006
28960,P1,BASE,-200.00,-197.54,-231,R,37311,-34.9252
28970,P1,BASE,-200.00,-194.94,-234,R,37233,-34.9758
28980,P1,BASE,-200.00,-197.58,-232,R,37154,-35.0000
28990,P1,BASE,-200.00,-194.98,-235,R,37076,-35.0502
29000,P1,BASE,-200.00,-192.50,-238,R,36999,-35.1252
29010,P1,BASE,-200.00,-199.94,-230,R,36919,-35.1258
29020,P1,BASE,-200.00,-202.54,-227,R,36838,-35.1004
29030,P1,BASE,-200.00,-202.52,-227,R,36757,-35.0752
29040,P1,BASE,-200.00,-207.52,-222,R,36674,-35.0000
29050,P1,BASE,-200.00,-204.98,-224,R,36592,-34.9502
29060,P1,BASE,-200.00,-202.50,-226,R,36511,-34.9252
29070,P1,BASE,-200.00,-197.48,-232,R,36432,-34.9504
29080,P1,BASE,-200.00,-199.96,-229,R,36352,-34.9508
29090,P1,BASE,-200.00,-200.08,-229,R,36272,-34.9500
29100,P1,BASE,-200.00,-199.98,-229,R,36192,-34.9502
29110,P1,BASE,-200.00,-202.46,-226,R,36111,-34.9256
29120,P1,BASE,-200.00,-200.06,-229,R,36031,-34.9250
29130,P1,BASE,-200.00,-199.94,-229,R,35951,-34.9256
29140,P1,BASE,-200.00,-192.56,-237,R,35874,-35.0000
29150,P1,BASE,-200.00,-197.48,-232,R,35795,-35.0252
29160,P1,BASE,-200.00,-202.52,-227,R,35714,-35.0000
29170,P1,BASE,-200.00,-202.46,-227,R,35633,-34.9754
29180,P1,BASE,-200.00,-202.44,-227,R,35552,-34.9510
29190,P1,BASE,-200.00,-204.96,-224,R,35470,-34.9015
29200,P1,BASE,-200.00,-205.12,-223,R,35388,-34.8502
29210,P1,BASE,-200.00,-199.98,-228,R,35308,-34.8504
29220,P1,BASE,-200.00,-197.50,-231,R,35229,-34.8754
29230,P1,BASE,-200.00,-199.98,-229,R,35149,-34.8756
29240,P1,BASE,-200.00,-202.54,-226,R,35068,-34.8502
29250,P1,BASE,-200.00,-194.94,-234,R,34990,-34.9008
29260,P1,BASE,-200.00,-195.00,-234,R,34912,-34.9508
29270,P1,BASE,-200.00,-197.58,-232,R,34833,-34.9750
29280,P1,BASE,-200.00,-197.48,-232,R,34754,-35.0002
29290,P1,BASE,-200.00,-195.02,-235,R,34676,-35.0500
29300,P1,BASE,-200.00,-194.81,-235,R,34598,-35.1020
29310,P1,BASE,-200.00,-197.66,-233,R,34519,-35.1254
29320,P1,BASE,-200.00,-202.54,-227,R,34438,-35.1000
29330,P1,BASE,-200.00,-202.46,-227,R,34357,-35.0754
29340,P1,BASE,-200.00,-207.50,-222,R,34274,-35.0004
29350,P1,BASE,-200.00,-205.00,-224,R,34192,-34.9504
29360,P1,BASE,-200.00,-202.52,-226,R,34111,-34.9252
29370,P1,BASE,-200.00,-199.90,-229,R,34031,-34.9262
29380,P1,BASE,-200.00,-197.62,-231,R,33952,-34.9500
29390,P1,BASE,-200.00,-200.00,-229,R,33872,-34.9500
29400,P1,BASE,-200.00,-199.94,-229,R,33792,-34.9506
29410,P1,BASE,-200.00,-202.54,-226,R,33711,-34.9252
29420,P1,BASE,-200.00,-197.50,-232,R,33632,-34.9502
29430,P1,BASE,-200.00,-200.02,-229,R,33552,-34.9500
29440,P1,BASE,-200.00,-194.98,-234,R,33474,-35.0002
29450,P1,BASE,-200.00,-197.50,-232,R,33395,-35.0252
29460,P1,BASE,-200.00,-202.48,-227,R,33314,-35.0004
29470,P1,BASE,-200.00,-202.52,-227,R,33233,-34.9752
29480,P1,BASE,-200.00,-200.00,-229,R,33153,-34.9752
29490,P1,BASE,-200.00,-204.96,-224,R,33071,-34.9256
29500,P1,BASE,-200.00,-207.52,-221,R,32988,-34.8504
29510,P1,BASE,-200.00,-200.00,-228,R,32908,-34.8504
29520,P1,BASE,-200.00,-197.54,-231,R,32829,-34.8750
29530,P1,BASE,-200.00,-197.44,-231,R,32750,-34.9006
29540,P1,BASE,-200.00,-202.52,-226,R,32669,-34.8754
29550,P1,BASE,-200.00,-197.48,-231,R,32590,-34.9006
29560,P1,BASE,-200.00,-195.04,-234,R,32512,-34.9502
29570,P1,BASE,-200.00,-194.98,-234,R,32434,-35.0004
29580,P1,BASE,-200.00,-197.52,-232,R,32355,-35.0252
29590,P1,BASE,-200.00,-197.50,-232,R,32276,-35.0502
29600,P1,BASE,-200.00,-190.00,-241,R,32200,-35.1502
29610,P1,BASE,-200.00,-199.96,-230,R,32120,-35.1506
29620,P1,BASE,-200.00,-202.50,-228,R,32039,-35.1256
29630,P1,BASE,-200.00,-202.52,-227,R,31958,-35.1004
29640,P1,BASE,-200.00,-209.94,-219,R,31874,-35.0010
29650,P1,BASE,-200.00,-205.06,-224,R,31792,-34.9504
29660,P1,BASE,-200.00,-200.02,-229,R,31712,-34.9502
29670,P1,BASE,-200.00,-200.00,-229,R,31632,-34.9502
29680,P1,BASE,-200.00,-199.98,-229,R,31552,-34.9504
29690,P1,BASE,-200.00,-200.04,-229,R,31472,-34.9500
29700,P1,BASE,-200.00,-199.94,-229,R,31392,-34.9506
29710,P1,BASE,-200.00,-202.50,-226,R,31311,-34.9256
29720,P1,BASE,-200.00,-200.02,-229,R,31231,-34.9254
29730,P1,BASE,-200.00,-197.46,-232,R,31152,-34.9508
29740,P1,BASE,-200.00,-197.52,-232,R,31073,-34.9756
29750,P1,BASE,-200.00,-197.46,-232,R,30994,-35.0010
29760,P1,BASE,-200.00,-200.02,-229,R,30914,-35.0008
29770,P1,BASE,-200.00,-202.54,-227,R,30833,-34.9754
29780,P1,BASE,-200.00,-202.48,-227,R,30752,-34.9506
29790,P1,BASE,-200.00,-205.00,-224,R,30670,-34.9006
29800,P1,BASE,-200.00,-205.02,-223,R,30588,-34.8504
29810,P1,BASE,-200.00,-202.48,-226,R,30507,-34.8256
29820,P1,BASE,-200.00,-197.38,-231,R,30428,-34.8518
29830,P1,BASE,-200.00,-197.64,-231,R,30349,-34.8754
29840,P1,BASE,-200.00,-202.48,-226,R,30268,-34.8506
29850,P1,BASE,-200.00,-195.06,-234,R,30190,-34.9000
29860,P1,BASE,-200.00,-197.38,-232,R,30111,-34.9262
29870,P1,BASE,-200.00,-195.10,-234,R,30033,-34.9752
29880,P1,BASE,-200.00,-197.52,-232,R,29954,-35.0000
29890,P1,BASE,-200.00,-194.94,-235,R,29876,-35.0506
29900,P1,BASE,-200.00,-192.54,-238,R,29799,-35.1252
29910,P1,BASE,-200.00,-199.98,-230,R,29719,-35.1254
29920,P1,BASE,-200.00,-202.50,-227,R,29638,-35.1004
29930,P1,BASE,-200.00,-205.00,-225,R,29556,-35.0504
29940,P1,BASE,-200.00,-205.02,-224,R,29474,-35.0002
29950,P1,BASE,-200.00,-204.96,-224,R,29392,-34.9506
29960,P1,BASE,-200.00,-202.54,-226,R,29311,-34.9252
29970,P1,BASE,-200.00,-199.96,-229,R,29231,-34.9256
29980,P1,BASE,-200.00,-200.00,-229,R,29151,-34.9256
29990,P1,BASE,-200.00,-197.48,-232,R,29072,-34.9508
30000,P1,BASE,-200.00,-200.06,-229,R,28992,-34.9502
30010,P1,BASE,-150.00,-202.50,-199,R,28911,-34.4252
30020,P1,BASE,-150.00,-199.94,-171,R,28831,-33.9258
30030,P1,BASE,-150.00,-195.04,-174,R,28753,-33.4754
30040,P1,BASE,-150.00,-187.48,-179,R,28678,-33.1006
30050,P1,BASE,-150.00,-187.54,-176,R,28603,-32.7252
30060,P1,BASE,-150.00,-184.96,-177,R,28529,-32.3756
30070,P1,BASE,-150.00,-182.52,-177,R,28456,-32.0504
30080,P1,BASE,-150.00,-182.50,-175,R,28383,-31.7254
30090,P1,BASE,-150.00,-180.04,-175,R,28311,-31.4250
30100,P1,BASE,-150.00,-179.95,-173,R,28239,-31.1256
30110,P1,BASE,-150.00,-175.00,-177,R,28169,-30.8756
30120,P1,BASE,-150.00,-170.00,-181,R,28101,-30.6756
30130,P1,BASE,-150.00,-165.03,-185,R,28035,-30.5252
30140,P1,BASE,-150.00,-162.50,-186,R,27970,-30.4002
30150,P1,BASE,-150.00,-167.52,-180,R,27903,-30.2251
30160,P1,BASE,-150.00,-159.95,-187,R,27839,-30.1256
30170,P1,BASE,-150.00,-157.55,-189,R,27776,-30.0501
30180,P1,BASE,-150.00,-154.97,-191,R,27714,-30.0004
30190,P1,BASE,-150.00,-152.50,-194,R,27653,-29.9754
30200,P1,BASE,-150.00,-152.50,-194,R,27592,-29.9504
30210,P1,BASE,-150.00,-150.00,-196,R,27532,-29.9504
30220,P1,BASE,-150.00,-144.99,-202,R,27474,-30.0005
30230,P1,BASE,-150.00,-142.54,-205,R,27417,-30.0751
30240,P1,BASE,-150.00,-142.46,-205,R,27360,-30.1505
30250,P1,BASE,-150.00,-147.54,-200,R,27301,-30.1751
30260,P1,BASE,-150.00,-147.50,-200,R,27242,-30.2001
30270,P1,BASE,-150.00,-147.50,-201,R,27183,-30.2251
30280,P1,BASE,-150.00,-147.44,-201,R,27124,-30.2507
30290,P1,BASE,-150.00,-147.56,-201,R,27065,-30.2751
30300,P1,BASE,-150.00,-147.50,-201,R,27006,-30.3001
30310,P1,BASE,-150.00,-145.00,-204,R,26948,-30.3501
30320,P1,BASE,-150.00,-144.97,-204,R,26890,-30.4004
30330,P1,BASE,-150.00,-142.53,-207,R,26833,-30.4751
30340,P1,BASE,-150.00,-142.49,-208,R,26776,-30.5502
30350,P1,BASE,-150.00,-144.99,-206,R,26718,-30.6004
30360,P1,BASE,-150.00,-147.53,-203,R,26659,-30.6251
30370,P1,BASE,-150.00,-144.94,-206,R,26601,-30.6757
30380,P1,BASE,-150.00,-145.06,-206,R,26543,-30.7251
30390,P1,BASE,-150.00,-147.49,-204,R,26484,-30.7502
30400,P1,BASE,-150.00,-147.49,-204,R,26425,-30.7754
30410,P1,BASE,-150.00,-145.00,-207,R,26367,-30.8254
30420,P1,BASE,-150.00,-145.00,-207,R,26309,-30.8754
30430,P1,BASE,-150.00,-144.99,-208,R,26251,-30.9255
30440,P1,BASE,-150.00,-145.03,-208,R,26193,-30.9752
30450,P1,BASE,-150.00,-147.47,-206,R,26134,-31.0005
30460,P1,BASE,-150.00,-150.01,-203,R,26074,-31.0004
30470,P1,BASE,-150.00,-147.49,-206,R,26015,-31.0255
30480,P1,BASE,-150.00,-150.03,-203,R,25955,-31.0252
30490,P1,BASE,-150.00,-149.99,-203,R,25895,-31.0254
30500,P1,BASE,-150.00,-152.52,-201,R,25834,-31.0002
30510,P1,BASE,-150.00,-149.97,-203,R,25774,-31.0005
30520,P1,BASE,-150.00,-147.50,-206,R,25715,-31.0255
30530,P1,BASE,-150.00,-145.01,-209,R,25657,-31.0754
30540,P1,BASE,-150.00,-145.03,-209,R,25599,-31.1251
30550,P1,BASE,-150.00,-149.99,-204,R,25539,-31.1252
30560,P1,BASE,-150.00,-150.00,-204,R,25479,-31.1252
30570,P1,BASE,-150.00,-145.01,-209,R,25421,-31.1751
30580,P1,BASE,-150.00,-147.50,-207,R,25362,-31.2001
30590,P1,BASE,-150.00,-147.47,-207,R,25303,-31.2254
30600,P1,BASE,-150.00,-147.46,-207,R,25244,-31.2508
30610,P1,BASE,-150.00,-147.47,-207,R,25185,-31.2761
30620,P1,BASE,-150.00,-147.57,-208,R,25126,-31.3004
30630,P1,BASE,-150.00,-142.49,-213,R,25069,-31.3755
30640,P1,BASE,-150.00,-145.04,-211,R,25011,-31.4251
30650,P1,BASE,-150.00,-147.49,-209,R,24952,-31.4502
30660,P1,BASE,-150.00,-149.99,-206,R,24892,-31.4504
30670,P1,BASE,-150.00,-152.50,-203,R,24831,-31.4254
30680,P1,BASE,-150.00,-152.53,-203,R,24770,-31.4001
30690,P1,BASE,-150.00,-152.48,-203,R,24709,-31.3752
30700,P1,BASE,-150.00,-155.00,-200,R,24647,-31.3252
30710,P1,BASE,-150.00,-149.96,-205,R,24587,-31.3257
30720,P1,BASE,-150.00,-150.01,-205,R,24527,-31.3255
30730,P1,BASE,-150.00,-147.54,-208,R,24468,-31.3501
30740,P1,BASE,-150.00,-147.46,-208,R,24409,-31.3755
30750,P1,BASE,-150.00,-147.50,-208,R,24350,-31.4005
30760,P1,BASE,-150.00,-150.01,-206,R,24290,-31.4004
30770,P1,BASE,-150.00,-152.52,-203,R,24229,-31.3752
30780,P1,BASE,-150.00,-147.50,-208,R,24170,-31.4002
30790,P1,BASE,-150.00,-152.48,-203,R,24109,-31.3754
30800,P1,BASE,-150.00,-147.49,-208,R,24050,-31.4005
30810,P1,BASE,-150.00,-149.97,-206,R,23990,-31.4008
30820,P1,BASE,-150.00,-149.97,-206,R,23930,-31.4011
30830,P1,BASE,-150.00,-145.09,-211,R,23872,-31.4503
30840,P1,BASE,-150.00,-149.99,-206,R,23812,-31.4504
30850,P1,BASE,-150.00,-147.53,-209,R,23753,-31.4751
30860,P1,BASE,-150.00,-149.94,-206,R,23693,-31.4757
30870,P1,BASE,-150.00,-152.56,-203,R,23632,-31.4501
30880,P1,BASE,-150.00,-152.44,-203,R,23571,-31.4257
30890,P1,BASE,-150.00,-152.53,-203,R,23510,-31.4004
30900,P1,BASE,-150.00,-152.52,-203,R,23449,-31.3753
30910,P1,BASE,-150.00,-149.99,-206,R,23389,-31.3754
30920,P1,BASE,-150.00,-152.47,-203,R,23328,-31.3507
30930,P1,BASE,-150.00,-145.04,-211,R,23270,-31.4003
30940,P1,BASE,-150.00,-149.96,-206,R,23210,-31.4007
30950,P1,BASE,-150.00,-147.51,-208,R,23151,-31.4256
30960,P1,BASE,-150.00,-152.52,-203,R,23090,-31.4004
30970,P1,BASE,-150.00,-147.51,-208,R,23031,-31.4253
30980,P1,BASE,-150.00,-147.51,-209,R,22972,-31.4501
30990,P1,BASE,-150.00,-149.97,-206,R,22912,-31.4504
31000,P1,BASE,-150.00,-145.03,-211,R,22854,-31.5002
31010,P1,BASE,-150.00,-149.96,-206,R,22794,-31.5006
31020,P1,BASE,-150.00,-150.05,-206,R,22734,-31.5002
31030,P1,BASE,-150.00,-144.97,-212,R,22676,-31.5504
31040,P1,BASE,-150.00,-145.00,-212,R,22618,-31.6004
31050,P1,BASE,-150.00,-145.00,-212,R,22560,-31.6504
31060,P1,BASE,-150.00,-152.48,-205,R,22499,-31.6256
31070,P1,BASE,-150.00,-152.55,-204,R,22438,-31.6001
31080,P1,BASE,-150.00,-152.48,-204,R,22377,-31.5753
31090,P1,BASE,-150.00,-154.97,-201,R,22315,-31.5256
31100,P1,BASE,-150.00,-155.05,-201,R,22253,-31.4751
31110,P1,BASE,-150.00,-149.97,-206,R,22193,-31.4754
31120,P1,BASE,-150.00,-152.48,-204,R,22132,-31.4506
31130,P1,BASE,-150.00,-147.53,-209,R,22073,-31.4753
31140,P1,BASE,-150.00,-147.49,-209,R,22014,-31.5004
31150,P1,BASE,-150.00,-150.01,-206,R,21954,-31.5003
31160,P1,BASE,-150.00,-150.00,-206,R,21894,-31.5003
31170,P1,BASE,-150.00,-152.50,-204,R,21833,-31.4753
31180,P1,BASE,-150.00,-149.97,-206,R,21773,-31.4756
31190,P1,BASE,-150.00,-150.03,-206,R,21713,-31.4753
31200,P1,BASE,-150.00,-147.49,-209,R,21654,-31.5004
31210,P1,BASE,-150.00,-152.48,-204,R,21593,-31.4756
31220,P1,BASE,-150.00,-150.00,-206,R,21533,-31.4756
31230,P1,BASE,-150.00,-145.04,-212,R,21475,-31.5252
31240,P1,BASE,-150.00,-149.96,-207,R,21415,-31.5256
31250,P1,BASE,-150.00,-150.03,-207,R,21355,-31.5253
31260,P1,BASE,-150.00,-149.96,-207,R,21295,-31.5258
31270,P1,BASE,-150.00,-152.56,-204,R,21234,-31.5001
31280,P1,BASE,-150.00,-152.47,-204,R,21173,-31.4755
31290,P1,BASE,-150.00,-152.53,-203,R,21112,-31.4501
31300,P1,BASE,-150.00,-152.48,-203,R,21051,-31.4253
31310,P1,BASE,-150.00,-152.47,-203,R,20990,-31.4006
31320,P1,BASE,-150.00,-150.05,-206,R,20930,-31.4002
31330,P1,BASE,-150.00,-147.49,-208,R,20871,-31.4253
31340,P1,BASE,-150.00,-147.51,-209,R,20812,-31.4502
31350,P1,BASE,-150.00,-149.97,-206,R,20752,-31.4505
31360,P1,BASE,-150.00,-154.92,-201,R,20690,-31.4012
31370,P1,BASE,-150.00,-145.07,-211,R,20632,-31.4505
31380,P1,BASE,-150.00,-147.49,-209,R,20573,-31.4757
31390,P1,BASE,-150.00,-147.54,-209,R,20514,-31.5002
31400,P1,BASE,-150.00,-147.46,-209,R,20455,-31.5257
31410,P1,BASE,-150.00,-150.05,-207,R,20395,-31.5252
31420,P1,BASE,-150.00,-149.94,-207,R,20335,-31.5258
31430,P1,BASE,-150.00,-147.56,-209,R,20276,-31.5502
31440,P1,BASE,-150.00,-145.00,-212,R,20218,-31.6002
31450,P1,BASE,-150.00,-145.00,-212,R,20160,-31.6502
31460,P1,BASE,-150.00,-149.94,-207,R,20100,-31.6508
31470,P1,BASE,-150.00,-155.03,-202,R,20038,-31.6005
31480,P1,BASE,-150.00,-152.47,-204,R,19977,-31.5758
31490,P1,BASE,-150.00,-155.02,-201,R,19915,-31.5257
31500,P1,BASE,-150.00,-152.50,-204,R,19854,-31.5007
31510,P1,BASE,-150.00,-152.48,-204,R,19793,-31.4758
31520,P1,BASE,-150.00,-152.53,-203,R,19732,-31.4505
31530,P1,BASE,-150.00,-147.51,-209,R,19673,-31.4754
31540,P1,BASE,-150.00,-147.51,-209,R,19614,-31.5002
31550,P1,BASE,-150.00,-149.88,-207,R,19554,-31.5014
31560,P1,BASE,-150.00,-150.05,-206,R,19494,-31.5010
31570,P1,BASE,-150.00,-150.03,-206,R,19434,-31.5007
31580,P1,BASE,-150.00,-150.00,-206,R,19374,-31.5007
31590,P1,BASE,-150.00,-150.03,-206,R,19314,-31.5004
31600,P1,BASE,-150.00,-149.97,-206,R,19254,-31.5007
31610,P1,BASE,-150.00,-150.03,-206,R,19194,-31.5004
31620,P1,BASE,-150.00,-149.97,-206,R,19134,-31.5007
31630,P1,BASE,-150.00,-145.00,-212,R,19076,-31.5507
31640,P1,BASE,-150.00,-150.03,-207,R,19016,-31.5504
31650,P1,BASE,-150.00,-149.96,-207,R,18956,-31.5508
31660,P1,BASE,-150.00,-150.01,-207,R,18896,-31.5507
31670,P1,BASE,-150.00,-152.55,-204,R,18835,-31.5252
31680,P1,BASE,-150.00,-150.00,-207,R,18775,-31.5252
31690,P1,BASE,-150.00,-154.95,-201,R,18713,-31.4757
31700,P1,BASE,-150.00,-152.50,-204,R,18652,-31.4507
31710,P1,BASE,-150.00,-152.50,-203,R,18591,-31.4257
31720,P1,BASE,-150.00,-152.48,-203,R,18530,-31.4008
31730,P1,BASE,-150.00,-145.06,-211,R,18472,-31.4502
31740,P1,BASE,-150.00,-147.47,-209,R,18413,-31.4755
31750,P1,BASE,-150.00,-150.00,-206,R,18353,-31.4755
31760,P1,BASE,-150.00,-152.48,-204,R,18292,-31.4507
31770,P1,BASE,-150.00,-147.53,-209,R,18233,-31.4754
31780,P1,BASE,-150.00,-149.99,-206,R,18173,-31.4755
31790,P1,BASE,-150.00,-147.51,-209,R,18114,-31.5004
31800,P1,BASE,-150.00,-145.00,-212,R,18056,-31.5504
31810,P1,BASE,-150.00,-150.00,-207,R,17996,-31.5504
31820,P1,BASE,-150.00,-149.97,-207,R,17936,-31.5507
31830,P1,BASE,-150.00,-147.51,-209,R,17877,-31.5755
31840,P1,BASE,-150.00,-145.03,-212,R,17819,-31.6252
31850,P1,BASE,-150.00,-144.99,-213,R,17761,-31.6754
31860,P1,BASE,-150.00,-152.52,-205,R,17700,-31.6502
31870,P1,BASE,-150.00,-152.48,-205,R,17639,-31.6254
31880,P1,BASE,-150.00,-152.52,-204,R,17578,-31.6002
31890,P1,BASE,-150.00,-154.97,-202,R,17516,-31.5506
31900,P1,BASE,-150.00,-155.00,-201,R,17454,-31.5006
31910,P1,BASE,-150.00,-152.52,-204,R,17393,-31.4754
31920,P1,BASE,-150.00,-149.96,-206,R,17333,-31.4759
31930,P1,BASE,-150.00,-150.06,-206,R,17273,-31.4753
31940,P1,BASE,-150.00,-147.50,-209,R,17214,-31.5002
31950,P1,BASE,-150.00,-147.44,-209,R,17155,-31.5258
31960,P1,BASE,-150.00,-152.53,-204,R,17094,-31.5005
31970,P1,BASE,-150.00,-149.99,-206,R,17034,-31.5007
31980,P1,BASE,-150.00,-150.01,-206,R,16974,-31.5005
31990,P1,BASE,-150.00,-152.52,-204,R,16913,-31.4754
32000,P1,BASE,-150.00,-147.51,-209,R,16854,-31.5002
32010,P1,BASE,-150.00,-149.99,-206,R,16794,-31.5004
32020,P1,BASE,-150.00,-149.99,-206,R,16734,-31.5005
32030,P1,BASE,-150.00,-145.00,-212,R,16676,-31.5505
32040,P1,BASE,-150.00,-150.03,-207,R,16616,-31.5502
32050,P1,BASE,-150.00,-150.00,-207,R,16556,-31.5502
32060,P1,BASE,-150.00,-152.39,-204,R,16495,-31.5263
32070,P1,BASE,-150.00,-150.11,-206,R,16435,-31.5253
32080,P1,BASE,-150.00,-152.50,-204,R,16374,-31.5003
32090,P1,BASE,-150.00,-152.50,-204,R,16313,-31.4753
32100,P1,BASE,-150.00,-152.48,-204,R,16252,-31.4504
32110,P1,BASE,-150.00,-152.45,-203,R,16191,-31.4259
32120,P1,BASE,-150.00,-152.47,-203,R,16130,-31.4012
32130,P1,BASE,-150.00,-145.04,-211,R,16072,-31.4507
32140,P1,BASE,-150.00,-149.91,-206,R,16012,-31.4516
32150,P1,BASE,-150.00,-147.62,-209,R,15953,-31.4755
32160,P1,BASE,-150.00,-149.97,-206,R,15893,-31.4758
32170,P1,BASE,-150.00,-150.01,-206,R,15833,-31.4756
32180,P1,BASE,-150.00,-150.03,-206,R,15773,-31.4753
32190,P1,BASE,-150.00,-147.44,-209,R,15714,-31.5009
32200,P1,BASE,-150.00,-145.01,-212,R,15656,-31.5507
32210,P1,BASE,-150.00,-150.00,-207,R,15596,-31.5507
32220,P1,BASE,-150.00,-150.05,-207,R,15536,-31.5503
32230,P1,BASE,-150.00,-147.50,-209,R,15477,-31.5753
32240,P1,BASE,-150.00,-144.97,-212,R,15419,-31.6256
32250,P1,BASE,-150.00,-145.03,-213,R,15361,-31.6753
32260,P1,BASE,-150.00,-152.45,-205,R,15300,-31.6508
32270,P1,BASE,-150.00,-152.52,-205,R,15239,-31.6256
32280,P1,BASE,-150.00,-152.47,-205,R,15178,-31.6009
32290,P1,BASE,-150.00,-155.05,-202,R,15116,-31.5504
32300,P1,BASE,-150.00,-155.00,-201,R,15054,-31.5004
32310,P1,BASE,-150.00,-152.52,-204,R,14993,-31.4753
32320,P1,BASE,-150.00,-149.99,-206,R,14933,-31.4754
32330,P1,BASE,-150.00,-150.01,-206,R,14873,-31.4753
32340,P1,BASE,-150.00,-147.47,-209,R,14814,-31.5006
32350,P1,BASE,-150.00,-147.51,-209,R,14755,-31.5254
32360,P1,BASE,-150.00,-152.47,-204,R,14694,-31.5007
32370,P1,BASE,-150.00,-150.03,-206,R,14634,-31.5004
32380,P1,BASE,-150.00,-149.97,-206,R,14574,-31.5007
32390,P1,BASE,-150.00,-152.50,-204,R,14513,-31.4757
32400,P1,BASE,-150.00,-147.53,-209,R,14454,-31.5004
32410,P1,BASE,-150.00,-150.00,-206,R,14394,-31.5004
32420,P1,BASE,-150.00,-149.96,-206,R,14334,-31.5009
32430,P1,BASE,-150.00,-147.51,-209,R,14275,-31.5257
32440,P1,BASE,-150.00,-147.54,-209,R,14216,-31.5503
32450,P1,BASE,-150.00,-149.99,-207,R,14156,-31.5505
32460,P1,BASE,-150.00,-149.97,-207,R,14096,-31.5508
32470,P1,BASE,-150.00,-152.50,-204,R,14035,-31.5258
32480,P1,BASE,-150.00,-152.55,-204,R,13974,-31.5003
32490,P1,BASE,-150.00,-152.44,-204,R,13913,-31.4759
32500,P1,BASE,-150.00,-152.56,-203,R,13852,-31.4503
32510,P1,BASE,-150.00,-152.44,-203,R,13791,-31.4259
32520,P1,BASE,-150.00,-150.06,-206,R,13731,-31.4253
32530,P1,BASE,-150.00,-147.50,-209,R,13672,-31.4503
32540,P1,BASE,-150.00,-147.47,-209,R,13613,-31.4756
32550,P1,BASE,-150.00,-150.01,-206,R,13553,-31.4755
32560,P1,BASE,-150.00,-149.99,-206,R,13493,-31.4756
32570,P1,BASE,-150.00,-150.00,-206,R,13433,-31.4756
32580,P1,BASE,-150.00,-149.97,-206,R,13373,-31.4759
32590,P1,BASE,-150.00,-145.03,-212,R,13315,-31.5256
32600,P1,BASE,-150.00,-147.53,-209,R,13256,-31.5503
32610,P1,BASE,-150.00,-149.99,-207,R,13196,-31.5505
32620,P1,BASE,-150.00,-150.00,-207,R,13136,-31.5505
32630,P1,BASE,-150.00,-144.99,-212,R,13078,-31.6006
32640,P1,BASE,-150.00,-147.50,-210,R,13019,-31.6256
32650,P1,BASE,-150.00,-145.01,-213,R,12961,-31.6755
32660,P1,BASE,-150.00,-152.48,-205,R,12900,-31.6506
32670,P1,BASE,-150.00,-152.47,-205,R,12839,-31.6259
32680,P1,BASE,-150.00,-152.56,-204,R,12778,-31.6003
32690,P1,BASE,-150.00,-154.97,-202,R,12716,-31.5506
32700,P1,BASE,-150.00,-152.53,-204,R,12655,-31.5253
32710,P1,BASE,-150.00,-152.47,-204,R,12594,-31.5006
32720,P1,BASE,-150.00,-152.53,-204,R,12533,-31.4753
32730,P1,BASE,-150.00,-147.44,-209,R,12474,-31.5009
32740,P1,BASE,-150.00,-150.03,-206,R,12414,-31.5006
32750,P1,BASE,-150.00,-147.53,-209,R,12355,-31.5253
32760,P1,BASE,-150.00,-152.48,-204,R,12294,-31.5005
32770,P1,BASE,-150.00,-149.99,-206,R,12234,-31.5006
32780,P1,BASE,-150.00,-150.01,-206,R,12174,-31.5005
32790,P1,BASE,-150.00,-149.99,-206,R,12114,-31.5006
32800,P1,BASE,-150.00,-147.53,-209,R,12055,-31.5253
32810,P1,BASE,-150.00,-149.96,-207,R,11995,-31.5258
32820,P1,BASE,-150.00,-152.55,-204,R,11934,-31.5003
32830,P1,BASE,-150.00,-144.97,-212,R,11876,-31.5506
32840,P1,BASE,-150.00,-150.00,-207,R,11816,-31.5506
32850,P1,BASE,-150.00,-150.01,-207,R,11756,-31.5504
32860,P1,BASE,-150.00,-150.01,-207,R,11696,-31.5503
32870,P1,BASE,-150.00,-152.47,-204,R,11635,-31.5256
32880,P1,BASE,-150.00,-150.00,-207,R,11575,-31.5256
32890,P1,BASE,-150.00,-155.00,-201,R,11513,-31.4756
32900,P1,BASE,-150.00,-152.50,-204,R,11452,-31.4506
32910,P1,BASE,-150.00,-152.50,-203,R,11391,-31.4256
32920,P1,BASE,-150.00,-150.01,-206,R,11331,-31.4255
32930,P1,BASE,-150.00,-147.49,-209,R,11272,-31.4506
32940,P1,BASE,-150.00,-147.53,-209,R,11213,-31.4753
32950,P1,BASE,-150.00,-149.94,-206,R,11153,-31.4759
32960,P1,BASE,-150.00,-155.06,-201,R,11091,-31.4253
32970,P1,BASE,-150.00,-145.00,-211,R,11033,-31.4753
32980,P1,BASE,-150.00,-147.50,-209,R,10974,-31.5003
32990,P1,BASE,-150.00,-150.00,-206,R,10914,-31.5003
33000,P1,BASE,-150.00,-144.99,-212,R,10856,-31.5504
33010,P1,BASE,-80.00,-150.01,-182,R,10796,-30.8503
33020,P1,BASE,-80.00,-149.96,-152,R,10736,-30.1507
33030,P1,BASE,-80.00,-142.53,-130,R,10679,-29.5254
33040,P1,BASE,-80.00,-140.00,-128,R,10623,-28.9254
33050,P1,BASE,-80.00,-135.00,-130,R,10569,-28.3754
33060,P1,BASE,-80.00,-137.47,-124,R,10514,-27.8007
33070,P1,BASE,-80.00,-135.00,-122,R,10460,-27.2507
33080,P1,BASE,-80.00,-132.51,-122,R,10407,-26.7256
33090,P1,BASE,-80.00,-130.03,-121,R,10355,-26.2253
33100,P1,BASE,-80.00,-129.97,-118,R,10303,-25.7256
33110,P1,BASE,-80.00,-125.03,-120,R,10253,-25.2753
33120,P1,BASE,-80.00,-122.48,-119,R,10204,-24.8506
33130,P1,BASE,-80.00,-120.02,-119,R,10156,-24.4503
33140,P1,BASE,-80.00,-114.97,-122,R,10110,-24.1007
33150,P1,BASE,-80.00,-110.01,-125,R,10066,-23.8006
33160,P1,BASE,-80.00,-107.48,-126,R,10023,-23.5258
33170,P1,BASE,-80.00,-107.54,-124,R,9980,-23.2504
33180,P1,BASE,-80.00,-104.98,-125,R,9938,-23.0006
33190,P1,BASE,-80.00,-102.51,-126,R,9897,-22.7755
33200,P1,BASE,-80.00,-99.99,-127,R,9857,-22.5756
33210,P1,BASE,-80.00,-97.51,-129,R,9818,-22.4005
33220,P1,BASE,-80.00,-97.49,-128,R,9779,-22.2256
33230,P1,BASE,-80.00,-95.01,-129,R,9741,-22.0755
33240,P1,BASE,-80.00,-92.51,-131,R,9704,-21.9504
33250,P1,BASE,-80.00,-92.50,-130,R,9667,-21.8254
33260,P1,BASE,-80.00,-89.97,-132,R,9631,-21.7256
33270,P1,BASE,-80.00,-89.99,-131,R,9595,-21.6257
33280,P1,BASE,-80.00,-85.03,-136,R,9561,-21.5755
33290,P1,BASE,-80.00,-85.01,-136,R,9527,-21.5254
33300,P1,BASE,-80.00,-82.48,-138,R,9494,-21.5006
33310,P1,BASE,-80.00,-82.49,-138,R,9461,-21.4756
33320,P1,BASE,-80.00,-82.51,-138,R,9428,-21.4506
33330,P1,BASE,-80.00,-80.01,-140,R,9396,-21.4505
33340,P1,BASE,-80.00,-79.98,-140,R,9364,-21.4507
33350,P1,BASE,-80.00,-77.52,-143,R,9333,-21.4755
33360,P1,BASE,-80.00,-79.99,-141,R,9301,-21.4756
33370,P1,BASE,-80.00,-77.52,-143,R,9270,-21.5004
33380,P1,BASE,-80.00,-77.50,-143,R,9239,-21.5254
33390,P1,BASE,-80.00,-74.99,-146,R,9209,-21.5755
33400,P1,BASE,-80.00,-77.51,-144,R,9178,-21.6004
33410,P1,BASE,-80.00,-74.98,-147,R,9148,-21.6506
33420,P1,BASE,-80.00,-74.99,-147,R,9118,-21.7007
33430,P1,BASE,-80.00,-75.01,-147,R,9088,-21.7506
33440,P1,BASE,-80.00,-74.99,-148,R,9058,-21.8007
33450,P1,BASE,-80.00,-75.00,-148,R,9028,-21.8507
33460,P1,BASE,-80.00,-75.01,-148,R,8998,-21.9006
33470,P1,BASE,-80.00,-72.49,-151,R,8969,-21.9756
33480,P1,BASE,-80.00,-72.51,-152,R,8940,-22.0506
33490,P1,BASE,-80.00,-72.51,-152,R,8911,-22.1254
33500,P1,BASE,-80.00,-70.00,-156,R,8883,-22.2254
33510,P1,BASE,-80.00,-72.50,-154,R,8854,-22.3004
33520,P1,BASE,-80.00,-69.99,-157,R,8826,-22.4006
33530,P1,BASE,-80.00,-72.51,-155,R,8797,-22.4755
33540,P1,BASE,-80.00,-72.49,-155,R,8768,-22.5506
33550,P1,BASE,-80.00,-75.00,-153,R,8738,-22.6006
33560,P1,BASE,-80.00,-72.52,-156,R,8709,-22.6754
33570,P1,BASE,-80.00,-72.50,-157,R,8680,-22.7504
33580,P1,BASE,-80.00,-74.99,-154,R,8650,-22.8006
33590,P1,BASE,-80.00,-74.99,-155,R,8620,-22.8507
33600,P1,BASE,-80.00,-72.52,-158,R,8591,-22.9255
33610,P1,BASE,-80.00,-72.51,-158,R,8562,-23.0004
33620,P1,BASE,-80.00,-72.48,-159,R,8533,-23.0756
33630,P1,BASE,-80.00,-75.01,-156,R,8503,-23.1255
33640,P1,BASE,-80.00,-69.99,-162,R,8475,-23.2256
33650,P1,BASE,-80.00,-77.48,-155,R,8444,-23.2509
33660,P1,BASE,-80.00,-72.52,-160,R,8415,-23.3257
33670,P1,BASE,-80.00,-75.01,-158,R,8385,-23.3756
33680,P1,BASE,-80.00,-75.01,-158,R,8355,-23.4254
33690,P1,BASE,-80.00,-72.50,-161,R,8326,-23.5004
33700,P1,BASE,-80.00,-72.48,-162,R,8297,-23.5756
33710,P1,BASE,-80.00,-75.00,-160,R,8267,-23.6256
33720,P1,BASE,-80.00,-72.51,-163,R,8238,-23.7005
33730,P1,BASE,-80.00,-72.51,-163,R,8209,-23.7754
33740,P1,BASE,-80.00,-72.48,-164,R,8180,-23.8507
33750,P1,BASE,-80.00,-75.00,-162,R,8150,-23.9007
33760,P1,BASE,-80.00,-75.02,-162,R,8120,-23.9504
33770,P1,BASE,-80.00,-74.97,-162,R,8090,-24.0007
33780,P1,BASE,-80.00,-77.53,-160,R,8059,-24.0254
33790,P1,BASE,-80.00,-75.00,-163,R,8029,-24.0754
33800,P1,BASE,-80.00,-77.48,-160,R,7998,-24.1006
33810,P1,BASE,-80.00,-77.52,-160,R,7967,-24.1254
33820,P1,BASE,-80.00,-77.48,-161,R,7936,-24.1506
33830,P1,BASE,-80.00,-77.52,-161,R,7905,-24.1754
33840,P1,BASE,-80.00,-79.98,-158,R,7873,-24.1756
33850,P1,BASE,-80.00,-77.52,-161,R,7842,-24.2004
33860,P1,BASE,-80.00,-77.48,-161,R,7811,-24.2256
33870,P1,BASE,-80.00,-77.52,-161,R,7780,-24.2504
33880,P1,BASE,-80.00,-77.48,-161,R,7749,-24.2756
33890,P1,BASE,-80.00,-75.01,-164,R,7719,-24.3254
33900,P1,BASE,-80.00,-77.48,-162,R,7688,-24.3507
33910,P1,BASE,-80.00,-75.01,-165,R,7658,-24.4005
33920,P1,BASE,-80.00,-77.51,-162,R,7627,-24.4254
33930,P1,BASE,-80.00,-74.98,-165,R,7597,-24.4757
33940,P1,BASE,-80.00,-80.00,-160,R,7565,-24.4757
33950,P1,BASE,-80.00,-75.01,-166,R,7535,-24.5255
33960,P1,BASE,-80.00,-80.01,-161,R,7503,-24.5254
33970,P1,BASE,-80.00,-77.49,-163,R,7472,-24.5505
33980,P1,BASE,-80.00,-79.98,-161,R,7440,-24.5507
33990,P1,BASE,-80.00,-77.49,-163,R,7409,-24.5757
34000,P1,BASE,-80.00,-80.02,-161,R,7377,-24.5755
34010,P1,BASE,-80.00,-79.99,-161,R,7345,-24.5756
34020,P1,BASE,-80.00,-82.51,-158,R,7312,-24.5505
34030,P1,BASE,-80.00,-74.99,-166,R,7282,-24.6006
34040,P1,BASE,-80.00,-82.50,-158,R,7249,-24.5756
34050,P1,BASE,-80.00,-80.02,-161,R,7217,-24.5755
34060,P1,BASE,-80.00,-80.01,-161,R,7185,-24.5754
34070,P1,BASE,-80.00,-82.48,-158,R,7152,-24.5506
34080,P1,BASE,-80.00,-80.00,-161,R,7120,-24.5506
34090,P1,BASE,-80.00,-77.51,-163,R,7089,-24.5755
34100,P1,BASE,-80.00,-79.99,-161,R,7057,-24.5756
34110,P1,BASE,-80.00,-80.00,-161,R,7025,-24.5756
34120,P1,BASE,-80.00,-80.02,-161,R,6993,-24.5754
34130,P1,BASE,-80.00,-82.48,-158,R,6960,-24.5506
34140,P1,BASE,-80.00,-79.99,-161,R,6928,-24.5507
34150,P1,BASE,-80.00,-82.51,-158,R,6895,-24.5256
34160,P1,BASE,-80.00,-79.99,-161,R,6863,-24.5257
34170,P1,BASE,-80.00,-82.51,-158,R,6830,-24.5006
34180,P1,BASE,-80.00,-77.50,-163,R,6799,-24.5256
34190,P1,BASE,-80.00,-82.48,-158,R,6766,-24.5007
34200,P1,BASE,-80.00,-82.53,-158,R,6733,-24.4754
34210,P1,BASE,-80.00,-82.48,-158,R,6700,-24.4506
34220,P1,BASE,-80.00,-79.99,-160,R,6668,-24.4507
34230,P1,BASE,-80.00,-82.51,-157,R,6635,-24.4256
34240,P1,BASE,-80.00,-82.50,-157,R,6602,-24.4006
34250,P1,BASE,-80.00,-79.98,-160,R,6570,-24.4007
34260,P1,BASE,-80.00,-80.02,-160,R,6538,-24.4005
34270,P1,BASE,-80.00,-80.01,-160,R,6506,-24.4004
34280,P1,BASE,-80.00,-79.98,-160,R,6474,-24.4006
34290,P1,BASE,-80.00,-77.49,-162,R,6443,-24.4257
34300,P1,BASE,-80.00,-80.00,-160,R,6411,-24.4257
34310,P1,BASE,-80.00,-80.00,-160,R,6379,-24.4257
34320,P1,BASE,-80.00,-79.99,-160,R,6347,-24.4257
34330,P1,BASE,-80.00,-82.51,-157,R,6314,-24.4007
34340,P1,BASE,-80.00,-80.01,-160,R,6282,-24.4006
34350,P1,BASE,-80.00,-82.50,-157,R,6249,-24.3756
34360,P1,BASE,-80.00,-79.99,-160,R,6217,-24.3757
34370,P1,BASE,-80.00,-79.99,-160,R,6185,-24.3757
34380,P1,BASE,-80.00,-80.00,-160,R,6153,-24.3757
34390,P1,BASE,-80.00,-80.02,-160,R,6121,-24.3756
34400,P1,BASE,-80.00,-77.52,-162,R,6090,-24.4004
34410,P1,BASE,-80.00,-80.00,-160,R,6058,-24.4004
34420,P1,BASE,-80.00,-82.50,-157,R,6025,-24.3754
34430,P1,BASE,-80.00,-79.99,-160,R,5993,-24.3755
34440,P1,BASE,-80.00,-80.00,-160,R,5961,-24.3755
34450,P1,BASE,-80.00,-80.00,-160,R,5929,-24.3755
34460,P1,BASE,-80.00,-77.51,-162,R,5898,-24.4004
34470,P1,BASE,-80.00,-77.48,-162,R,5867,-24.4256
34480,P1,BASE,-80.00,-77.51,-163,R,5836,-24.4505
34490,P1,BASE,-80.00,-77.49,-163,R,5805,-24.4756
34500,P1,BASE,-80.00,-77.48,-163,R,5774,-24.5007
34510,P1,BASE,-80.00,-80.01,-160,R,5742,-24.5006
34520,P1,BASE,-80.00,-79.99,-160,R,5710,-24.5007
34530,P1,BASE,-80.00,-80.02,-160,R,5678,-24.5006
34540,P1,BASE,-80.00,-82.49,-158,R,5645,-24.4757
34550,P1,BASE,-80.00,-80.02,-160,R,5613,-24.4754
34560,P1,BASE,-80.00,-79.98,-160,R,5581,-24.4756
34570,P1,BASE,-80.00,-80.02,-160,R,5549,-24.4754
34580,P1,BASE,-80.00,-82.50,-158,R,5516,-24.4504
34590,P1,BASE,-80.00,-79.99,-160,R,5484,-24.4505
34600,P1,BASE,-80.00,-82.49,-157,R,5451,-24.4256
34610,P1,BASE,-80.00,-80.01,-160,R,5419,-24.4255
34620,P1,BASE,-80.00,-80.01,-160,R,5387,-24.4254
34630,P1,BASE,-80.00,-79.99,-160,R,5355,-24.4255
34640,P1,BASE,-80.00,-79.98,-160,R,5323,-24.4257
34650,P1,BASE,-80.00,-77.49,-163,R,5292,-24.4507
34660,P1,BASE,-80.00,-77.52,-163,R,5261,-24.4755
34670,P1,BASE,-80.00,-80.00,-160,R,5229,-24.4755
34680,P1,BASE,-80.00,-77.50,-163,R,5198,-24.5005
34690,P1,BASE,-80.00,-79.98,-160,R,5166,-24.5007
34700,P1,BASE,-80.00,-77.51,-163,R,5135,-24.5257
34710,P1,BASE,-80.00,-80.00,-161,R,5103,-24.5257
34720,P1,BASE,-80.00,-79.99,-161,R,5071,-24.5257
34730,P1,BASE,-80.00,-82.53,-158,R,5038,-24.5004
34740,P1,BASE,-80.00,-77.49,-163,R,5007,-24.5255
34750,P1,BASE,-80.00,-82.48,-158,R,4974,-24.5007
34760,P1,BASE,-80.00,-79.99,-160,R,4942,-24.5007
34770,P1,BASE,-80.00,-82.50,-158,R,4909,-24.4757
34780,P1,BASE,-80.00,-77.51,-163,R,4878,-24.5007
34790,P1,BASE,-80.00,-82.51,-158,R,4845,-24.4756
34800,P1,BASE,-80.00,-82.52,-158,R,4812,-24.4504
34810,P1,BASE,-80.00,-79.98,-160,R,4780,-24.4507
34820,P1,BASE,-80.00,-82.51,-157,R,4747,-24.4256
34830,P1,BASE,-80.00,-80.01,-160,R,4715,-24.4255
34840,P1,BASE,-80.00,-79.95,-160,R,4683,-24.4260
34850,P1,BASE,-80.00,-77.55,-163,R,4652,-24.4505
34860,P1,BASE,-80.00,-82.51,-157,R,4619,-24.4254
34870,P1,BASE,-80.00,-77.48,-163,R,4588,-24.4507
34880,P1,BASE,-80.00,-82.52,-157,R,4555,-24.4254
34890,P1,BASE,-80.00,-82.47,-157,R,4522,-24.4007
34900,P1,BASE,-80.00,-80.03,-160,R,4490,-24.4004
34910,P1,BASE,-80.00,-79.98,-160,R,4458,-24.4006
34920,P1,BASE,-80.00,-82.50,-157,R,4425,-24.3756
34930,P1,BASE,-80.00,-80.00,-160,R,4393,-24.3756
34940,P1,BASE,-80.00,-80.01,-160,R,4361,-24.3755
34950,P1,BASE,-80.00,-82.51,-157,R,4328,-24.3504
34960,P1,BASE,-80.00,-79.98,-159,R,4296,-24.3506
34970,P1,BASE,-80.00,-82.49,-157,R,4263,-24.3257
34980,P1,BASE,-80.00,-80.01,-159,R,4231,-24.3256
34990,P1,BASE,-80.00,-82.48,-157,R,4198,-24.3007
35000,P1,BASE,-80.00,-80.03,-159,R,4166,-24.3004
35010,P1,BASE,-80.00,-80.00,-159,R,4134,-24.3004
35020,P1,BASE,-80.00,-80.00,-159,R,4102,-24.3004
35030,P1,BASE,-80.00,-77.50,-162,R,4071,-24.3254
35040,P1,BASE,-80.00,-77.48,-162,R,4040,-24.3506
35050,P1,BASE,-80.00,-80.02,-159,R,4008,-24.3504
35060,P1,BASE,-80.00,-77.48,-162,R,3977,-24.3756
35070,P1,BASE,-80.00,-82.49,-157,R,3944,-24.3507
35080,P1,BASE,-80.00,-82.52,-157,R,3911,-24.3255
35090,P1,BASE,-80.00,-80.00,-159,R,3879,-24.3255
35100,P1,BASE,-80.00,-80.01,-159,R,3847,-24.3254
35110,P1,BASE,-80.00,-77.49,-162,R,3816,-24.3505
35120,P1,BASE,-80.00,-82.49,-157,R,3783,-24.3256
35130,P1,BASE,-80.00,-77.48,-162,R,3752,-24.3507
35140,P1,BASE,-80.00,-82.52,-157,R,3719,-24.3255
35150,P1,BASE,-80.00,-77.48,-162,R,3688,-24.3506
35160,P1,BASE,-80.00,-80.01,-159,R,3656,-24.3505
35170,P1,BASE,-80.00,-80.01,-159,R,3624,-24.3505
35180,P1,BASE,-80.00,-79.98,-159,R,3592,-24.3507
35190,P1,BASE,-80.00,-80.01,-159,R,3560,-24.3506
35200,P1,BASE,-80.00,-80.02,-159,R,3528,-24.3505
35210,P1,BASE,-80.00,-77.45,-162,R,3497,-24.3760
35220,P1,BASE,-80.00,-77.54,-162,R,3466,-24.4006
35230,P1,BASE,-80.00,-77.52,-162,R,3435,-24.4255
35240,P1,BASE,-80.00,-74.99,-165,R,3405,-24.4756
35250,P1,BASE,-80.00,-77.49,-163,R,3374,-24.5007
35260,P1,BASE,-80.00,-80.02,-160,R,3342,-24.5005
35270,P1,BASE,-80.00,-79.99,-160,R,3310,-24.5006
35280,P1,BASE,-80.00,-80.01,-160,R,3278,-24.5005
35290,P1,BASE,-80.00,-80.02,-160,R,3246,-24.5004
35300,P1,BASE,-80.00,-80.00,-160,R,3214,-24.5004
35310,P1,BASE,-80.00,-80.00,-160,R,3182,-24.5004
35320,P1,BASE,-80.00,-82.43,-158,R,3149,-24.4760
35330,P1,BASE,-80.00,-80.04,-160,R,3117,-24.4756
35340,P1,BASE,-80.00,-80.02,-160,R,3085,-24.4755
35350,P1,BASE,-80.00,-82.51,-158,R,3052,-24.4504
35360,P1,BASE,-80.00,-79.98,-160,R,3020,-24.4506
35370,P1,BASE,-80.00,-80.01,-160,R,2988,-24.4506
35380,P1,BASE,-80.00,-80.01,-160,R,2956,-24.4505
35390,P1,BASE,-80.00,-80.00,-160,R,2924,-24.4505
35400,P1,BASE,-80.00,-77.51,-163,R,2893,-24.4754
35410,P1,BASE,-80.00,-77.48,-163,R,2862,-24.5005
35420,P1,BASE,-80.00,-77.52,-163,R,2831,-24.5254
35430,P1,BASE,-80.00,-77.50,-163,R,2800,-24.5504
35440,P1,BASE,-80.00,-79.99,-161,R,2768,-24.5505
35450,P1,BASE,-80.00,-80.00,-161,R,2736,-24.5505
35460,P1,BASE,-80.00,-79.98,-161,R,2704,-24.5506
35470,P1,BASE,-80.00,-80.01,-161,R,2672,-24.5506
35480,P1,BASE,-80.00,-82.50,-158,R,2639,-24.5256
35490,P1,BASE,-80.00,-77.50,-163,R,2608,-24.5506
35500,P1,BASE,-80.00,-82.48,-158,R,2575,-24.5257
35510,P1,BASE,-80.00,-80.02,-161,R,2543,-24.5256
35520,P1,BASE,-80.00,-82.49,-158,R,2510,-24.5006
35530,P1,BASE,-80.00,-77.50,-163,R,2479,-24.5256
35540,P1,BASE,-80.00,-85.02,-155,R,2445,-24.4755
35550,P1,BASE,-80.00,-80.00,-160,R,2413,-24.4755
35560,P1,BASE,-80.00,-82.49,-158,R,2380,-24.4506
35570,P1,BASE,-80.00,-82.47,-157,R,2347,-24.4259
35580,P1,BASE,-80.00,-77.55,-163,R,2316,-24.4504
35590,P1,BASE,-80.00,-79.98,-160,R,2284,-24.4506
35600,P1,BASE,-80.00,-80.00,-160,R,2252,-24.4506
35610,P1,BASE,-80.00,-82.49,-157,R,2219,-24.4257
35620,P1,BASE,-80.00,-77.49,-163,R,2188,-24.4507
35630,P1,BASE,-80.00,-82.53,-157,R,2155,-24.4254
35640,P1,BASE,-80.00,-82.50,-157,R,2122,-24.4004
35650,P1,BASE,-80.00,-79.98,-160,R,2090,-24.4006
35660,P1,BASE,-80.00,-80.00,-160,R,2058,-24.4006
35670,P1,BASE,-80.00,-82.48,-157,R,2025,-24.3757
35680,P1,BASE,-80.00,-80.01,-160,R,1993,-24.3757
35690,P1,BASE,-80.00,-82.46,-157,R,1960,-24.3511
35700,P1,BASE,-80.00,-80.06,-159,R,1928,-24.3505
35710,P1,BASE,-80.00,-82.48,-157,R,1895,-24.3257
35720,P1,BASE,-80.00,-79.99,-159,R,1863,-24.3257
35730,P1,BASE,-80.00,-82.53,-157,R,1830,-24.3004
35740,P1,BASE,-80.00,-82.47,-156,R,1797,-24.2757
35750,P1,BASE,-80.00,-80.01,-159,R,1765,-24.2757
35760,P1,BASE,-80.00,-80.00,-159,R,1733,-24.2757
35770,P1,BASE,-80.00,-80.01,-159,R,1701,-24.2756
35780,P1,BASE,-80.00,-77.51,-162,R,1670,-24.3005
35790,P1,BASE,-80.00,-77.51,-162,R,1639,-24.3254
35800,P1,BASE,-80.00,-79.98,-159,R,1607,-24.3256
35810,P1,BASE,-80.00,-79.99,-159,R,1575,-24.3257
35820,P1,BASE,-80.00,-80.02,-159,R,1543,-24.3255
35830,P1,BASE,-80.00,-82.51,-157,R,1510,-24.3004
35840,P1,BASE,-80.00,-79.99,-159,R,1478,-24.3005
35850,P1,BASE,-80.00,-80.00,-159,R,1446,-24.3005
35860,P1,BASE,-80.00,-82.47,-156,R,1413,-24.2758
35870,P1,BASE,-80.00,-79.98,-159,R,1381,-24.2761
35880,P1,BASE,-80.00,-77.55,-162,R,1350,-24.3005
35890,P1,BASE,-80.00,-79.98,-159,R,1318,-24.3007
35900,P1,BASE,-80.00,-77.52,-162,R,1287,-24.3255
35910,P1,BASE,-80.00,-82.48,-157,R,1254,-24.3006
35920,P1,BASE,-80.00,-80.01,-159,R,1222,-24.3006
35930,P1,BASE,-80.00,-79.99,-159,R,1190,-24.3006
35940,P1,BASE,-80.00,-80.00,-159,R,1158,-24.3006
35950,P1,BASE,-80.00,-80.02,-159,R,1126,-24.3005
35960,P1,BASE,-80.00,-77.49,-162,R,1095,-24.3256
35970,P1,BASE,-80.00,-77.49,-162,R,1064,-24.3506
35980,P1,BASE,-80.00,-77.50,-162,R,1033,-24.3756
35990,P1,BASE,-80.00,-75.01,-165,R,1003,-24.4256
36000,P1,BASE,-80.00,-79.98,-160,R,971,-24.4257
36010,P1,BASE,0.00,-77.52,-130,R,940,-23.6506
36020,P1,BASE,0.00,-79.99,-100,R,908,-22.8506
36030,P1,BASE,0.00,-77.48,-70,R,877,-22.0758
36040,P1,BASE,0.00,-75.01,-63,R,847,-21.3256
36050,P1,BASE,0.00,-70.01,-64,R,819,-20.6255
36060,P1,BASE,0.00,-67.48,-62,R,792,-19.9507
36070,P1,BASE,0.00,-65.01,-60,R,766,-19.3006
36080,P1,BASE,0.00,-62.50,-59,R,741,-18.6756
36090,P1,BASE,0.00,-60.01,-57,R,717,-18.0755
36100,P1,BASE,0.00,-52.49,-61,R,696,-17.5506
36110,P1,BASE,0.00,-52.51,-58,R,675,-17.0255
36120,P1,BASE,0.00,-47.49,-60,R,656,-16.5506
36130,P1,BASE,0.00,-44.97,-59,R,638,-16.1009
36140,P1,BASE,0.00,-40.04,-62,R,622,-15.7006
36150,P1,BASE,0.00,-39.99,-59,R,606,-15.3006
36160,P1,BASE,0.00,-35.00,-62,R,592,-14.9507
36170,P1,BASE,0.00,-30.00,-65,R,580,-14.6507
36180,P1,BASE,0.00,-30.01,-63,R,568,-14.3506
36190,P1,BASE,0.00,-27.49,-64,R,557,-14.0757
36200,P1,BASE,0.00,-22.51,-68,R,548,-13.8506
36210,P1,BASE,0.00,-22.49,-66,R,539,-13.6257
36220,P1,BASE,0.00,-20.00,-67,R,531,-13.4257
36230,P1,BASE,0.00,-17.50,-69,R,524,-13.2506
36240,P1,BASE,0.00,-15.00,-70,R,518,-13.1006
36250,P1,BASE,0.00,-12.50,-72,R,513,-12.9757
36260,P1,BASE,0.00,-10.00,-74,R,509,-12.8756
36270,P1,BASE,0.00,-10.00,-73,R,505,-12.7756
36280,P1,BASE,0.00,-7.50,-75,R,502,-12.7006
36290,P1,BASE,0.00,-7.50,-75,R,499,-12.6256
36300,P1,BASE,0.00,-5.00,-77,R,497,-12.5756
36310,P1,BASE,0.00,-2.50,-79,R,496,-12.5506
36320,P1,BASE,0.00,-2.50,-79,R,495,-12.5256
36330,P1,BASE,0.00,0.00,-82,R,495,-12.5256
36340,P1,BASE,0.00,0.00,-82,R,495,-12.5256
36350,P1,BASE,0.00,0.00,-82,R,495,-12.5256
36360,P1,BASE,0.00,0.00,-82,R,495,-12.5256
36370,P1,BASE,0.00,0.00,-82,R,495,-12.5256
36380,P1,BASE,0.00,0.00,-82,R,495,-12.5256
36390,P1,BASE,0.00,0.00,-82,R,495,-12.5256
36400,P1,BASE,0.00,0.00,-82,R,495,-12.5256
36410,P1,BASE,0.00,0.00,-82,R,495,-12.5256
36420,P1,BASE,0.00,0.00,-82,R,495,-12.5256
36430,P1,BASE,0.00,0.00,-82,R,495,-12.5256
36440,P1,BASE,0.00,0.00,-82,R,495,-12.5256
36450,P1,BASE,0.00,0.00,-82,R,495,-12.5256
36460,P1,BASE,0.00,0.00,-82,R,495,-12.5256
36470,P1,BASE,0.00,0.00,-82,R,495,-12.5256
36480,P1,BASE,0.00,0.00,-82,R,495,-12.5256
36490,P1,BASE,0.00,0.00,-82,R,495,-12.5256
36500,P1,BASE,0.00,0.00,-82,R,495,-12.5256
36510,P1,BASE,0.00,0.00,-82,R,495,-12.5256
36520,P1,BASE,0.00,0.00,-82,R,495,-12.5256
36530,P1,BASE,0.00,0.00,-82,R,495,-12.5256
36540,P1,BASE,0.00,0.00,-82,R,495,-12.5256
36550,P1,BASE,0.00,0.00,-82,R,495,-12.5256
36560,P1,BASE,0.00,0.00,-82,R,495,-12.5256
36570,P1,BASE,0.00,0.00,-82,R,495,-12.5256
36580,P1,BASE,0.00,0.00,-82,R,495,-12.5256
36590,P1,BASE,0.00,0.00,-82,R,495,-12.5256
36600,P1,BASE,0.00,0.00,-82,R,495,-12.5256
36610,P1,BASE,0.00,0.00,-82,R,495,-12.5256
36620,P1,BASE,0.00,0.00,-82,R,495,-12.5256
36630,P1,BASE,0.00,0.00,-82,R,495,-12.5256
36640,P1,BASE,0.00,0.00,-82,R,495,-12.5256
36650,P1,BASE,0.00,0.00,-82,R,495,-12.5256
36660,P1,BASE,0.00,0.00,-82,R,495,-12.5256
36670,P1,BASE,0.00,0.00,-82,R,495,-12.5256
36680,P1,BASE,0.00,0.00,-82,R,495,-12.5256
36690,P1,BASE,0.00,0.00,-82,R,495,-12.5256
36700,P1,BASE,0.00,0.00,-82,R,495,-12.5256
36710,P1,BASE,0.00,0.00,-82,R,495,-12.5256
36720,P1,BASE,0.00,0.00,-82,R,495,-12.5256
36730,P1,BASE,0.00,0.00,-82,R,495,-12.5256
36740,P1,BASE,0.00,0.00,-82,R,495,-12.5256
36750,P1,BASE,0.00,0.00,-82,R,495,-12.5256
36760,P1,BASE,0.00,0.00,-82,R,495,-12.5256
36770,P1,BASE,0.00,0.00,-82,R,495,-12.5256
36780,P1,BASE,0.00,0.00,-82,R,495,-12.5256
36790,P1,BASE,0.00,0.00,-82,R,495,-12.5256
36800,P1,BASE,0.00,0.00,-82,R,495,-12.5256
36810,P1,BASE,0.00,0.00,-82,R,495,-12.5256
36820,P1,BASE,0.00,0.00,-82,R,495,-12.5256
36830,P1,BASE,0.00,0.00,-82,R,495,-12.5256
36840,P1,BASE,0.00,0.00,-82,R,495,-12.5256
36850,P1,BASE,0.00,0.00,-82,R,495,-12.5256
36860,P1,BASE,0.00,0.00,-82,R,495,-12.5256
36870,P1,BASE,0.00,0.00,-82,R,495,-12.5256
36880,P1,BASE,0.00,0.00,-82,R,495,-12.5256
36890,P1,BASE,0.00,0.00,-82,R,495,-12.5256
36900,P1,BASE,0.00,0.00,-82,R,495,-12.5256
36910,P1,BASE,0.00,0.00,-82,R,495,-12.5256
36920,P1,BASE,0.00,0.00,-82,R,495,-12.5256
36930,P1,BASE,0.00,0.00,-82,R,495,-12.5256
36940,P1,BASE,0.00,0.00,-82,R,495,-12.5256
36950,P1,BASE,0.00,0.00,-82,R,495,-12.5256
36960,P1,BASE,0.00,0.00,-82,R,495,-12.5256
36970,P1,BASE,0.00,0.00,-82,R,495,-12.5256
36980,P1,BASE,0.00,0.00,-82,R,495,-12.5256
36990,P1,BASE,0.00,0.00,-82,R,495,-12.5256
37000,P1,BASE,0.00,0.00,-82,R,495,-12.5256
37010,P1,BASE,0.00,0.00,-82,R,495,-12.5256
37020,P1,BASE,0.00,0.00,-82,R,495,-12.5256
37030,P1,BASE,0.00,0.00,-82,R,495,-12.5256
37040,P1,BASE,0.00,0.00,-82,R,495,-12.5256
37050,P1,BASE,0.00,0.00,-82,R,495,-12.5256
37060,P1,BASE,0.00,0.00,-82,R,495,-12.5256
37070,P1,BASE,0.00,0.00,-82,R,495,-12.5256
37080,P1,BASE,0.00,0.00,-82,R,495,-12.5256
37090,P1,BASE,0.00,0.00,-82,R,495,-12.5256
37100,P1,BASE,0.00,0.00,-82,R,495,-12.5256
37110,P1,BASE,0.00,0.00,-82,R,495,-12.5256
37120,P1,BASE,0.00,0.00,-82,R,495,-12.5256
37130,P1,BASE,0.00,0.00,-82,R,495,-12.5256
37140,P1,BASE,0.00,0.00,-82,R,495,-12.5256
37150,P1,BASE,0.00,0.00,-82,R,495,-12.5256
37160,P1,BASE,0.00,0.00,-82,R,495,-12.5256
37170,P1,BASE,0.00,0.00,-82,R,495,-12.5256
37180,P1,BASE,0.00,0.00,-82,R,495,-12.5256
37190,P1,BASE,0.00,0.00,-82,R,495,-12.5256
37200,P1,BASE,0.00,0.00,-82,R,495,-12.5256
37210,P1,BASE,0.00,0.00,-82,R,495,-12.5256
37220,P1,BASE,0.00,0.00,-82,R,495,-12.5256
37230,P1,BASE,0.00,0.00,-82,R,495,-12.5256
37240,P1,BASE,0.00,0.00,-82,R,495,-12.5256
37250,P1,BASE,0.00,0.00,-82,R,495,-12.5256
37260,P1,BASE,0.00,0.00,-82,R,495,-12.5256
37270,P1,BASE,0.00,0.00,-82,R,495,-12.5256
37280,P1,BASE,0.00,0.00,-82,R,495,-12.5256
37290,P1,BASE,0.00,0.00,-82,R,495,-12.5256
37300,P1,BASE,0.00,0.00,-82,R,495,-12.5256
37310,P1,BASE,0.00,0.00,-82,R,495,-12.5256
37320,P1,BASE,0.00,0.00,-82,R,495,-12.5256
37330,P1,BASE,0.00,0.00,-82,R,495,-12.5256
37340,P1,BASE,0.00,0.00,-82,R,495,-12.5256
37350,P1,BASE,0.00,0.00,-82,R,495,-12.5256
37360,P1,BASE,0.00,0.00,-82,R,495,-12.5256
37370,P1,BASE,0.00,0.00,-82,R,495,-12.5256
37380,P1,BASE,0.00,0.00,-82,R,495,-12.5256
37390,P1,BASE,0.00,0.00,-82,R,495,-12.5256
37400,P1,BASE,0.00,0.00,-82,R,495,-12.5256
37410,P1,BASE,0.00,0.00,-82,R,495,-12.5256
37420,P1,BASE,0.00,0.00,-82,R,495,-12.5256
37430,P1,BASE,0.00,0.00,-82,R,495,-12.5256
37440,P1,BASE,0.00,0.00,-82,R,495,-12.5256
37450,P1,BASE,0.00,0.00,-82,R,495,-12.5256
37460,P1,BASE,0.00,0.00,-82,R,495,-12.5256
37470,P1,BASE,0.00,0.00,-82,R,495,-12.5256
37480,P1,BASE,0.00,0.00,-82,R,495,-12.5256
37490,P1,BASE,0.00,0.00,-82,R,495,-12.5256
37500,P1,BASE,0.00,0.00,-82,R,495,-12.5256
37510,P1,BASE,0.00,0.00,-82,R,495,-12.5256
37520,P1,BASE,0.00,0.00,-82,R,495,-12.5256
37530,P1,BASE,0.00,0.00,-82,R,495,-12.5256
37540,P1,BASE,0.00,0.00,-82,R,495,-12.5256
37550,P1,BASE,0.00,0.00,-82,R,495,-12.5256
37560,P1,BASE,0.00,0.00,-82,R,495,-12.5256
37570,P1,BASE,0.00,0.00,-82,R,495,-12.5256
37580,P1,BASE,0.00,0.00,-82,R,495,-12.5256
37590,P1,BASE,0.00,0.00,-82,R,495,-12.5256
37600,P1,BASE,0.00,0.00,-82,R,495,-12.5256
37610,P1,BASE,0.00,0.00,-82,R,495,-12.5256
37620,P1,BASE,0.00,0.00,-82,R,495,-12.5256
37630,P1,BASE,0.00,0.00,-82,R,495,-12.5256
37640,P1,BASE,0.00,0.00,-82,R,495,-12.5256
37650,P1,BASE,0.00,0.00,-82,R,495,-12.5256
37660,P1,BASE,0.00,0.00,-82,R,495,-12.5256
37670,P1,BASE,0.00,0.00,-82,R,495,-12.5256
37680,P1,BASE,0.00,0.00,-82,R,495,-12.5256
37690,P1,BASE,0.00,0.00,-82,R,495,-12.5256
37700,P1,BASE,0.00,0.00,-82,R,495,-12.5256
37710,P1,BASE,0.00,0.00,-82,R,495,-12.5256
37720,P1,BASE,0.00,0.00,-82,R,495,-12.5256
37730,P1,BASE,0.00,0.00,-82,R,495,-12.5256
37740,P1,BASE,0.00,0.00,-82,R,495,-12.5256
37750,P1,BASE,0.00,0.00,-82,R,495,-12.5256
37760,P1,BASE,0.00,0.00,-82,R,495,-12.5256
37770,P1,BASE,0.00,0.00,-82,R,495,-12.5256
37780,P1,BASE,0.00,0.00,-82,R,495,-12.5256
37790,P1,BASE,0.00,0.00,-82,R,495,-12.5256
37800,P1,BASE,0.00,0.00,-82,R,495,-12.5256
37810,P1,BASE,0.00,0.00,-82,R,495,-12.5256
37820,P1,BASE,0.00,0.00,-82,R,495,-12.5256
37830,P1,BASE,0.00,0.00,-82,R,495,-12.5256
37840,P1,BASE,0.00,0.00,-82,R,495,-12.5256
37850,P1,BASE,0.00,0.00,-82,R,495,-12.5256
37860,P1,BASE,0.00,0.00,-82,R,495,-12.5256
37870,P1,BASE,0.00,0.00,-82,R,495,-12.5256
37880,P1,BASE,0.00,0.00,-82,R,495,-12.5256
37890,P1,BASE,0.00,0.00,-82,R,495,-12.5256
37900,P1,BASE,0.00,0.00,-82,R,495,-12.5256
37910,P1,BASE,0.00,0.00,-82,R,495,-12.5256
37920,P1,BASE,0.00,0.00,-82,R,495,-12.5256
37930,P1,BASE,0.00,0.00,-82,R,495,-12.5256
37940,P1,BASE,0.00,0.00,-82,R,495,-12.5256
37950,P1,BASE,0.00,0.00,-82,R,495,-12.5256
37960,P1,BASE,0.00,0.00,-82,R,495,-12.5256
37970,P1,BASE,0.00,0.00,-82,R,495,-12.5256
37980,P1,BASE,0.00,0.00,-82,R,495,-12.5256
37990,P1,BASE,0.00,0.00,-82,R,495,-12.5256
38000,P1,BASE,0.00,0.00,-82,R,495,-12.5256
38010,P1,BASE,0.00,0.00,-82,R,495,-12.5256
38020,P1,BASE,0.00,0.00,-82,R,495,-12.5256
38030,P1,BASE,0.00,0.00,-82,R,495,-12.5256
38040,P1,BASE,0.00,0.00,-82,R,495,-12.5256
38050,P1,BASE,0.00,0.00,-82,R,495,-12.5256
38060,P1,BASE,0.00,0.00,-82,R,495,-12.5256
38070,P1,BASE,0.00,0.00,-82,R,495,-12.5256
38080,P1,BASE,0.00,0.00,-82,R,495,-12.5256
38090,P1,BASE,0.00,0.00,-82,R,495,-12.5256
38100,P1,BASE,0.00,0.00,-82,R,495,-12.5256
38110,P1,BASE,0.00,0.00,-82,R,495,-12.5256
38120,P1,BASE,0.00,0.00,-82,R,495,-12.5256
38130,P1,BASE,0.00,0.00,-82,R,495,-12.5256
38140,P1,BASE,0.00,0.00,-82,R,495,-12.5256
38150,P1,BASE,0.00,0.00,-82,R,495,-12.5256
38160,P1,BASE,0.00,0.00,-82,R,495,-12.5256
38170,P1,BASE,0.00,0.00,-82,R,495,-12.5256
38180,P1,BASE,0.00,0.00,-82,R,495,-12.5256
38190,P1,BASE,0.00,0.00,-82,R,495,-12.5256
38200,P1,BASE,0.00,0.00,-82,R,495,-12.5256
38210,P1,BASE,0.00,0.00,-82,R,495,-12.5256
38220,P1,BASE,0.00,0.00,-82,R,495,-12.5256
38230,P1,BASE,0.00,0.00,-82,R,495,-12.5256
38240,P1,BASE,0.00,0.00,-82,R,495,-12.5256
38250,P1,BASE,0.00,0.00,-82,R,495,-12.5256
38260,P1,BASE,0.00,0.00,-82,R,495,-12.5256
38270,P1,BASE,0.00,0.00,-82,R,495,-12.5256
38280,P1,BASE,0.00,0.00,-82,R,495,-12.5256
38290,P1,BASE,0.00,0.00,-82,R,495,-12.5256
38300,P1,BASE,0.00,0.00,-82,R,495,-12.5256
38310,P1,BASE,0.00,0.00,-82,R,495,-12.5256
38320,P1,BASE,0.00,0.00,-82,R,495,-12.5256
38330,P1,BASE,0.00,0.00,-82,R,495,-12.5256
38340,P1,BASE,0.00,0.00,-82,R,495,-12.5256
38350,P1,BASE,0.00,0.00,-82,R,495,-12.5256
38360,P1,BASE,0.00,0.00,-82,R,495,-12.5256
38370,P1,BASE,0.00,0.00,-82,R,495,-12.5256
38380,P1,BASE,0.00,0.00,-82,R,495,-12.5256
38390,P1,BASE,0.00,0.00,-82,R,495,-12.5256
38400,P1,BASE,0.00,0.00,-82,R,495,-12.5256
38410,P1,BASE,0.00,0.00,-82,R,495,-12.5256
38420,P1,BASE,0.00,0.00,-82,R,495,-12.5256
38430,P1,BASE,0.00,0.00,-82,R,495,-12.5256
38440,P1,BASE,0.00,0.00,-82,R,495,-12.5256
38450,P1,BASE,0.00,0.00,-82,R,495,-12.5256
38460,P1,BASE,0.00,0.00,-82,R,495,-12.5256
38470,P1,BASE,0.00,0.00,-82,R,495,-12.5256
38480,P1,BASE,0.00,0.00,-82,R,495,-12.5256
38490,P1,BASE,0.00,0.00,-82,R,495,-12.5256
38500,P1,BASE,0.00,0.00,-82,R,495,-12.5256
38510,P1,BASE,0.00,0.00,-82,R,495,-12.5256
38520,P1,BASE,0.00,0.00,-82,R,495,-12.5256
38530,P1,BASE,0.00,0.00,-82,R,495,-12.5256
38540,P1,BASE,0.00,0.00,-82,R,495,-12.5256
38550,P1,BASE,0.00,0.00,-82,R,495,-12.5256
38560,P1,BASE,0.00,0.00,-82,R,495,-12.5256
38570,P1,BASE,0.00,0.00,-82,R,495,-12.5256
38580,P1,BASE,0.00,0.00,-82,R,495,-12.5256
38590,P1,BASE,0.00,0.00,-82,R,495,-12.5256
38600,P1,BASE,0.00,0.00,-82,R,495,-12.5256
38610,P1,BASE,0.00,0.00,-82,R,495,-12.5256
38620,P1,BASE,0.00,0.00,-82,R,495,-12.5256
38630,P1,BASE,0.00,0.00,-82,R,495,-12.5256
38640,P1,BASE,0.00,0.00,-82,R,495,-12.5256
38650,P1,BASE,0.00,0.00,-82,R,495,-12.5256
38660,P1,BASE,0.00,0.00,-82,R,495,-12.5256
38670,P1,BASE,0.00,0.00,-82,R,495,-12.5256
38680,P1,BASE,0.00,0.00,-82,R,495,-12.5256
38690,P1,BASE,0.00,0.00,-82,R,495,-12.5256
38700,P1,BASE,0.00,0.00,-82,R,495,-12.5256
38710,P1,BASE,0.00,0.00,-82,R,495,-12.5256
38720,P1,BASE,0.00,0.00,-82,R,495,-12.5256
38730,P1,BASE,0.00,0.00,-82,R,495,-12.5256
38740,P1,BASE,0.00,0.00,-82,R,495,-12.5256
38750,P1,BASE,0.00,0.00,-82,R,495,-12.5256
38760,P1,BASE,0.00,0.00,-82,R,495,-12.5256
38770,P1,BASE,0.00,0.00,-82,R,495,-12.5256
38780,P1,BASE,0.00,0.00,-82,R,495,-12.5256
38790,P1,BASE,0.00,0.00,-82,R,495,-12.5256
38800,P1,BASE,0.00,0.00,-82,R,495,-12.5256
38810,P1,BASE,0.00,0.00,-82,R,495,-12.5256
38820,P1,BASE,0.00,0.00,-82,R,495,-12.5256
38830,P1,BASE,0.00,0.00,-82,R,495,-12.5256
38840,P1,BASE,0.00,0.00,-82,R,495,-12.5256
38850,P1,BASE,0.00,0.00,-82,R,495,-12.5256
38860,P1,BASE,0.00,0.00,-82,R,495,-12.5256
38870,P1,BASE,0.00,0.00,-82,R,495,-12.5256
38880,P1,BASE,0.00,0.00,-82,R,495,-12.5256
38890,P1,BASE,0.00,0.00,-82,R,495,-12.5256
38900,P1,BASE,0.00,0.00,-82,R,495,-12.5256
38910,P1,BASE,0.00,0.00,-82,R,495,-12.5256
38920,P1,BASE,0.00,0.00,-82,R,495,-12.5256
38930,P1,BASE,0.00,0.00,-82,R,495,-12.5256
38940,P1,BASE,0.00,0.00,-82,R,495,-12.5256
38950,P1,BASE,0.00,0.00,-82,R,495,-12.5256
38960,P1,BASE,0.00,0.00,-82,R,495,-12.5256
38970,P1,BASE,0.00,0.00,-82,R,495,-12.5256
38980,P1,BASE,0.00,0.00,-82,R,495,-12.5256
38990,P1,BASE,0.00,0.00,-82,R,495,-12.5256
39000,P1,BASE,0.00,0.00,-82,R,495,-12.5256
