t_ms,profile,controller,ref_rpm,meas_rpm,pwm_cmd,dir,enc_count,integrator
0,P1,BASE,0.00,0.00,0,N,0,0.0000
10,P1,BASE,0.00,0.00,0,N,0,0.0000
20,P1,BASE,0.00,0.00,0,N,0,0.0000
30,P1,BASE,0.00,0.00,0,N,0,0.0000
40,P1,BASE,0.00,0.00,0,N,0,0.0000
50,P1,BASE,0.00,0.00,0,N,0,0.0000
60,P1,BASE,0.00,0.00,0,N,0,0.0000
70,P1,BASE,0.00,0.00,0,N,0,0.0000
80,P1,BASE,0.00,0.00,0,N,0,0.0000
90,P1,BASE,0.00,0.00,0,N,0,0.0000
100,P1,BASE,0.00,0.00,0,N,0,0.0000
110,P1,BASE,0.00,0.00,0,N,0,0.0000
120,P1,BASE,0.00,0.00,0,N,0,0.0000
130,P1,BASE,0.00,0.00,0,N,0,0.0000
140,P1,BASE,0.00,0.00,0,N,0,0.0000
150,P1,BASE,0.00,0.00,0,N,0,0.0000
160,P1,BASE,0.00,0.00,0,N,0,0.0000
170,P1,BASE,0.00,0.00,0,N,0,0.0000
180,P1,BASE,0.00,0.00,0,N,0,0.0000
190,P1,BASE,0.00,0.00,0,N,0,0.0000
200,P1,BASE,0.00,0.00,0,N,0,0.0000
210,P1,BASE,0.00,0.00,0,N,0,0.0000
220,P1,BASE,0.00,0.00,0,N,0,0.0000
230,P1,BASE,0.00,0.00,0,N,0,0.0000
240,P1,BASE,0.00,0.00,0,N,0,0.0000
250,P1,BASE,0.00,0.00,0,N,0,0.0000
260,P1,BASE,0.00,0.00,0,N,0,0.0000
270,P1,BASE,0.00,0.00,0,N,0,0.0000
280,P1,BASE,0.00,0.00,0,N,0,0.0000
290,P1,BASE,0.00,0.00,0,N,0,0.0000
300,P1,BASE,0.00,0.00,0,N,0,0.0000
310,P1,BASE,0.00,0.00,0,N,0,0.0000
320,P1,BASE,0.00,0.00,0,N,0,0.0000
330,P1,BASE,0.00,0.00,0,N,0,0.0000
340,P1,BASE,0.00,0.00,0,N,0,0.0000
350,P1,BASE,0.00,0.00,0,N,0,0.0000
360,P1,BASE,0.00,0.00,0,N,0,0.0000
370,P1,BASE,0.00,0.00,0,N,0,0.0000
380,P1,BASE,0.00,0.00,0,N,0,0.0000
390,P1,BASE,0.00,0.00,0,N,0,0.0000
400,P1,BASE,0.00,0.00,0,N,0,0.0000
410,P1,BASE,0.00,0.00,0,N,0,0.0000
420,P1,BASE,0.00,0.00,0,N,0,0.0000
430,P1,BASE,0.00,0.00,0,N,0,0.0000
440,P1,BASE,0.00,0.00,0,N,0,0.0000
450,P1,BASE,0.00,0.00,0,N,0,0.0000
460,P1,BASE,0.00,0.00,0,N,0,0.0000
470,P1,BASE,0.00,0.00,0,N,0,0.0000
480,P1,BASE,0.00,0.00,0,N,0,0.0000
490,P1,BASE,0.00,0.00,0,N,0,0.0000
500,P1,BASE,0.00,0.00,0,N,0,0.0000
510,P1,BASE,0.00,0.00,0,N,0,0.0000
520,P1,BASE,0.00,0.00,0,N,0,0.0000
530,P1,BASE,0.00,0.00,0,N,0,0.0000
540,P1,BASE,0.00,0.00,0,N,0,0.0000
550,P1,BASE,0.00,0.00,0,N,0,0.0000
560,P1,BASE,0.00,0.00,0,N,0,0.0000
570,P1,BASE,0.00,0.00,0,N,0,0.0000
580,P1,BASE,0.00,0.00,0,N,0,0.0000
590,P1,BASE,0.00,0.00,0,N,0,0.0000
600,P1,BASE,0.00,0.00,0,N,0,0.0000
610,P1,BASE,0.00,0.00,0,N,0,0.0000
620,P1,BASE,0.00,0.00,0,N,0,0.0000
630,P1,BASE,0.00,0.00,0,N,0,0.0000
640,P1,BASE,0.00,0.00,0,N,0,0.0000
650,P1,BASE,0.00,0.00,0,N,0,0.0000
660,P1,BASE,0.00,0.00,0,N,0,0.0000
670,P1,BASE,0.00,0.00,0,N,0,0.0000
680,P1,BASE,0.00,0.00,0,N,0,0.0000
690,P1,BASE,0.00,0.00,0,N,0,0.0000
700,P1,BASE,0.00,0.00,0,N,0,0.0000
710,P1,BASE,0.00,0.00,0,N,0,0.0000
720,P1,BASE,0.00,0.00,0,N,0,0.0000
730,P1,BASE,0.00,0.00,0,N,0,0.0000
740,P1,BASE,0.00,0.00,0,N,0,0.0000
750,P1,BASE,0.00,0.00,0,N,0,0.0000
760,P1,BASE,0.00,0.00,0,N,0,0.0000
770,P1,BASE,0.00,0.00,0,N,0,0.0000
780,P1,BASE,0.00,0.00,0,N,0,0.0000
790,P1,BASE,0.00,0.00,0,N,0,0.0000
800,P1,BASE,0.00,0.00,0,N,0,0.0000
810,P1,BASE,0.00,0.00,0,N,0,0.0000
820,P1,BASE,0.00,0.00,0,N,0,0.0000
830,P1,BASE,0.00,0.00,0,N,0,0.0000
840,P1,BASE,0.00,0.00,0,N,0,0.0000
850,P1,BASE,0.00,0.00,0,N,0,0.0000
860,P1,BASE,0.00,0.00,0,N,0,0.0000
870,P1,BASE,0.00,0.00,0,N,0,0.0000
880,P1,BASE,0.00,0.00,0,N,0,0.0000
890,P1,BASE,0.00,0.00,0,N,0,0.0000
900,P1,BASE,0.00,0.00,0,N,0,0.0000
910,P1,BASE,0.00,0.00,0,N,0,0.0000
920,P1,BASE,0.00,0.00,0,N,0,0.0000
930,P1,BASE,0.00,0.00,0,N,0,0.0000
940,P1,BASE,0.00,0.00,0,N,0,0.0000
950,P1,BASE,0.00,0.00,0,N,0,0.0000
960,P1,BASE,0.00,0.00,0,N,0,0.0000
970,P1,BASE,0.00,0.00,0,N,0,0.0000
980,P1,BASE,0.00,0.00,0,N,0,0.0000
990,P1,BASE,0.00,0.00,0,N,0,0.0000
1000,P1,BASE,0.00,0.00,0,N,0,0.0000
1010,P1,BASE,0.00,0.00,0,N,0,0.0000
1020,P1,BASE,0.00,0.00,0,N,0,0.0000
1030,P1,BASE,0.00,0.00,0,N,0,0.0000
1040,P1,BASE,0.00,0.00,0,N,0,0.0000
1050,P1,BASE,0.00,0.00,0,N,0,0.0000
1060,P1,BASE,0.00,0.00,0,N,0,0.0000
1070,P1,BASE,0.00,0.00,0,N,0,0.0000
1080,P1,BASE,0.00,0.00,0,N,0,0.0000
1090,P1,BASE,0.00,0.00,0,N,0,0.0000
1100,P1,BASE,0.00,0.00,0,N,0,0.0000
1110,P1,BASE,0.00,0.00,0,N,0,0.0000
1120,P1,BASE,0.00,0.00,0,N,0,0.0000
1130,P1,BASE,0.00,0.00,0,N,0,0.0000
1140,P1,BASE,0.00,0.00,0,N,0,0.0000
1150,P1,BASE,0.00,0.00,0,N,0,0.0000
1160,P1,BASE,0.00,0.00,0,N,0,0.0000
1170,P1,BASE,0.00,0.00,0,N,0,0.0000
1180,P1,BASE,0.00,0.00,0,N,0,0.0000
1190,P1,BASE,0.00,0.00,0,N,0,0.0000
1200,P1,BASE,0.00,0.00,0,N,0,0.0000
1210,P1,BASE,0.00,0.00,0,N,0,0.0000
1220,P1,BASE,0.00,0.00,0,N,0,0.0000
1230,P1,BASE,0.00,0.00,0,N,0,0.0000
1240,P1,BASE,0.00,0.00,0,N,0,0.0000
1250,P1,BASE,0.00,0.00,0,N,0,0.0000
1260,P1,BASE,0.00,0.00,0,N,0,0.0000
1270,P1,BASE,0.00,0.00,0,N,0,0.0000
1280,P1,BASE,0.00,0.00,0,N,0,0.0000
1290,P1,BASE,0.00,0.00,0,N,0,0.0000
1300,P1,BASE,0.00,0.00,0,N,0,0.0000
1310,P1,BASE,0.00,0.00,0,N,0,0.0000
1320,P1,BASE,0.00,0.00,0,N,0,0.0000
1330,P1,BASE,0.00,0.00,0,N,0,0.0000
1340,P1,BASE,0.00,0.00,0,N,0,0.0000
1350,P1,BASE,0.00,0.00,0,N,0,0.0000
1360,P1,BASE,0.00,0.00,0,N,0,0.0000
1370,P1,BASE,0.00,0.00,0,N,0,0.0000
1380,P1,BASE,0.00,0.00,0,N,0,0.0000
1390,P1,BASE,0.00,0.00,0,N,0,0.0000
1400,P1,BASE,0.00,0.00,0,N,0,0.0000
1410,P1,BASE,0.00,0.00,0,N,0,0.0000
1420,P1,BASE,0.00,0.00,0,N,0,0.0000
1430,P1,BASE,0.00,0.00,0,N,0,0.0000
1440,P1,BASE,0.00,0.00,0,N,0,0.0000
1450,P1,BASE,0.00,0.00,0,N,0,0.0000
1460,P1,BASE,0.00,0.00,0,N,0,0.0000
1470,P1,BASE,0.00,0.00,0,N,0,0.0000
1480,P1,BASE,0.00,0.00,0,N,0,0.0000
1490,P1,BASE,0.00,0.00,0,N,0,0.0000
1500,P1,BASE,0.00,0.00,0,N,0,0.0000
1510,P1,BASE,0.00,0.00,0,N,0,0.0000
1520,P1,BASE,0.00,0.00,0,N,0,0.0000
1530,P1,BASE,0.00,0.00,0,N,0,0.0000
1540,P1,BASE,0.00,0.00,0,N,0,0.0000
1550,P1,BASE,0.00,0.00,0,N,0,0.0000
1560,P1,BASE,0.00,0.00,0,N,0,0.0000
1570,P1,BASE,0.00,0.00,0,N,0,0.0000
1580,P1,BASE,0.00,0.00,0,N,0,0.0000
1590,P1,BASE,0.00,0.00,0,N,0,0.0000
1600,P1,BASE,0.00,0.00,0,N,0,0.0000
1610,P1,BASE,0.00,0.00,0,N,0,0.0000
1620,P1,BASE,0.00,0.00,0,N,0,0.0000
1630,P1,BASE,0.00,0.00,0,N,0,0.0000
1640,P1,BASE,0.00,0.00,0,N,0,0.0000
1650,P1,BASE,0.00,0.00,0,N,0,0.0000
1660,P1,BASE,0.00,0.00,0,N,0,0.0000
1670,P1,BASE,0.00,0.00,0,N,0,0.0000
1680,P1,BASE,0.00,0.00,0,N,0,0.0000
1690,P1,BASE,0.00,0.00,0,N,0,0.0000
1700,P1,BASE,0.00,0.00,0,N,0,0.0000
1710,P1,BASE,0.00,0.00,0,N,0,0.0000
1720,P1,BASE,0.00,0.00,0,N,0,0.0000
1730,P1,BASE,0.00,0.00,0,N,0,0.0000
1740,P1,BASE,0.00,0.00,0,N,0,0.0000
1750,P1,BASE,0.00,0.00,0,N,0,0.0000
1760,P1,BASE,0.00,0.00,0,N,0,0.0000
1770,P1,BASE,0.00,0.00,0,N,0,0.0000
1780,P1,BASE,0.00,0.00,0,N,0,0.0000
1790,P1,BASE,0.00,0.00,0,N,0,0.0000
1800,P1,BASE,0.00,0.00,0,N,0,0.0000
1810,P1,BASE,0.00,0.00,0,N,0,0.0000
1820,P1,BASE,0.00,0.00,0,N,0,0.0000
1830,P1,BASE,0.00,0.00,0,N,0,0.0000
1840,P1,BASE,0.00,0.00,0,N,0,0.0000
1850,P1,BASE,0.00,0.00,0,N,0,0.0000
1860,P1,BASE,0.00,0.00,0,N,0,0.0000
1870,P1,BASE,0.00,0.00,0,N,0,0.0000
1880,P1,BASE,0.00,0.00,0,N,0,0.0000
1890,P1,BASE,0.00,0.00,0,N,0,0.0000
1900,P1,BASE,0.00,0.00,0,N,0,0.0000
1910,P1,BASE,0.00,0.00,0,N,0,0.0000
1920,P1,BASE,0.00,0.00,0,N,0,0.0000
1930,P1,BASE,0.00,0.00,0,N,0,0.0000
1940,P1,BASE,0.00,0.00,0,N,0,0.0000
1950,P1,BASE,0.00,0.00,0,N,0,0.0000
1960,P1,BASE,0.00,0.00,0,N,0,0.0000
1970,P1,BASE,0.00,0.00,0,N,0,0.0000
1980,P1,BASE,0.00,0.00,0,N,0,0.0000
1990,P1,BASE,0.00,0.00,0,N,0,0.0000
2000,P1,BASE,0.00,0.00,0,N,0,0.0000
2010,P1,BASE,0.00,0.00,0,N,0,0.0000
2020,P1,BASE,0.00,0.00,0,N,0,0.0000
2030,P1,BASE,0.00,0.00,0,N,0,0.0000
2040,P1,BASE,0.00,0.00,0,N,0,0.0000
2050,P1,BASE,0.00,0.00,0,N,0,0.0000
2060,P1,BASE,0.00,0.00,0,N,0,0.0000
2070,P1,BASE,0.00,0.00,0,N,0,0.0000
2080,P1,BASE,0.00,0.00,0,N,0,0.0000
2090,P1,BASE,0.00,0.00,0,N,0,0.0000
2100,P1,BASE,0.00,0.00,0,N,0,0.0000
2110,P1,BASE,0.00,0.00,0,N,0,0.0000
2120,P1,BASE,0.00,0.00,0,N,0,0.0000
2130,P1,BASE,0.00,0.00,0,N,0,0.0000
2140,P1,BASE,0.00,0.00,0,N,0,0.0000
2150,P1,BASE,0.00,0.00,0,N,0,0.0000
2160,P1,BASE,0.00,0.00,0,N,0,0.0000
2170,P1,BASE,0.00,0.00,0,N,0,0.0000
2180,P1,BASE,0.00,0.00,0,N,0,0.0000
2190,P1,BASE,0.00,0.00,0,N,0,0.0000
2200,P1,BASE,0.00,0.00,0,N,0,0.0000
2210,P1,BASE,0.00,0.00,0,N,0,0.0000
2220,P1,BASE,0.00,0.00,0,N,0,0.0000
2230,P1,BASE,0.00,0.00,0,N,0,0.0000
2240,P1,BASE,0.00,0.00,0,N,0,0.0000
2250,P1,BASE,0.00,0.00,0,N,0,0.0000
2260,P1,BASE,0.00,0.00,0,N,0,0.0000
2270,P1,BASE,0.00,0.00,0,N,0,0.0000
2280,P1,BASE,0.00,0.00,0,N,0,0.0000
2290,P1,BASE,0.00,0.00,0,N,0,0.0000
2300,P1,BASE,0.00,0.00,0,N,0,0.0000
2310,P1,BASE,0.00,0.00,0,N,0,0.0000
2320,P1,BASE,0.00,0.00,0,N,0,0.0000
2330,P1,BASE,0.00,0.00,0,N,0,0.0000
2340,P1,BASE,0.00,0.00,0,N,0,0.0000
2350,P1,BASE,0.00,0.00,0,N,0,0.0000
2360,P1,BASE,0.00,0.00,0,N,0,0.0000
2370,P1,BASE,0.00,0.00,0,N,0,0.0000
2380,P1,BASE,0.00,0.00,0,N,0,0.0000
2390,P1,BASE,0.00,0.00,0,N,0,0.0000
2400,P1,BASE,0.00,0.00,0,N,0,0.0000
2410,P1,BASE,0.00,0.00,0,N,0,0.0000
2420,P1,BASE,0.00,0.00,0,N,0,0.0000
2430,P1,BASE,0.00,0.00,0,N,0,0.0000
2440,P1,BASE,0.00,0.00,0,N,0,0.0000
2450,P1,BASE,0.00,0.00,0,N,0,0.0000
2460,P1,BASE,0.00,0.00,0,N,0,0.0000
2470,P1,BASE,0.00,0.00,0,N,0,0.0000
2480,P1,BASE,0.00,0.00,0,N,0,0.0000
2490,P1,BASE,0.00,0.00,0,N,0,0.0000
2500,P1,BASE,0.00,0.00,0,N,0,0.0000
2510,P1,BASE,0.00,0.00,0,N,0,0.0000
2520,P1,BASE,0.00,0.00,0,N,0,0.0000
2530,P1,BASE,0.00,0.00,0,N,0,0.0000
2540,P1,BASE,0.00,0.00,0,N,0,0.0000
2550,P1,BASE,0.00,0.00,0,N,0,0.0000
2560,P1,BASE,0.00,0.00,0,N,0,0.0000
2570,P1,BASE,0.00,0.00,0,N,0,0.0000
2580,P1,BASE,0.00,0.00,0,N,0,0.0000
2590,P1,BASE,0.00,0.00,0,N,0,0.0000
2600,P1,BASE,0.00,0.00,0,N,0,0.0000
2610,P1,BASE,0.00,0.00,0,N,0,0.0000
2620,P1,BASE,0.00,0.00,0,N,0,0.0000
2630,P1,BASE,0.00,0.00,0,N,0,0.0000
2640,P1,BASE,0.00,0.00,0,N,0,0.0000
2650,P1,BASE,0.00,0.00,0,N,0,0.0000
2660,P1,BASE,0.00,0.00,0,N,0,0.0000
2670,P1,BASE,0.00,0.00,0,N,0,0.0000
2680,P1,BASE,0.00,0.00,0,N,0,0.0000
2690,P1,BASE,0.00,0.00,0,N,0,0.0000
2700,P1,BASE,0.00,0.00,0,N,0,0.0000
2710,P1,BASE,0.00,0.00,0,N,0,0.0000
2720,P1,BASE,0.00,0.00,0,N,0,0.0000
2730,P1,BASE,0.00,0.00,0,N,0,0.0000
2740,P1,BASE,0.00,0.00,0,N,0,0.0000
2750,P1,BASE,0.00,0.00,0,N,0,0.0000
2760,P1,BASE,0.00,0.00,0,N,0,0.0000
2770,P1,BASE,0.00,0.00,0,N,0,0.0000
2780,P1,BASE,0.00,0.00,0,N,0,0.0000
2790,P1,BASE,0.00,0.00,0,N,0,0.0000
2800,P1,BASE,0.00,0.00,0,N,0,0.0000
2810,P1,BASE,0.00,0.00,0,N,0,0.0000
2820,P1,BASE,0.00,0.00,0,N,0,0.0000
2830,P1,BASE,0.00,0.00,0,N,0,0.0000
2840,P1,BASE,0.00,0.00,0,N,0,0.0000
2850,P1,BASE,0.00,0.00,0,N,0,0.0000
2860,P1,BASE,0.00,0.00,0,N,0,0.0000
2870,P1,BASE,0.00,0.00,0,N,0,0.0000
2880,P1,BASE,0.00,0.00,0,N,0,0.0000
2890,P1,BASE,0.00,0.00,0,N,0,0.0000
2900,P1,BASE,0.00,0.00,0,N,0,0.0000
2910,P1,BASE,0.00,0.00,0,N,0,0.0000
2920,P1,BASE,0.00,0.00,0,N,0,0.0000
2930,P1,BASE,0.00,0.00,0,N,0,0.0000
2940,P1,BASE,0.00,0.00,0,N,0,0.0000
2950,P1,BASE,0.00,0.00,0,N,0,0.0000
2960,P1,BASE,0.00,0.00,0,N,0,0.0000
2970,P1,BASE,0.00,0.00,0,N,0,0.0000
2980,P1,BASE,0.00,0.00,0,N,0,0.0000
2990,P1,BASE,0.00,0.00,0,N,0,0.0000
3000,P1,BASE,0.00,0.00,0,N,0,0.0000
3010,P1,BASE,80.00,0.00,30,F,0,0.8000
3020,P1,BASE,80.00,0.00,60,F,0,1.6000
3030,P1,BASE,80.00,0.00,90,F,0,2.4000
3040,P1,BASE,80.00,0.00,102,F,0,3.2000
3050,P1,BASE,80.00,0.00,107,F,0,4.0000
3060,P1,BASE,80.00,0.00,112,F,0,4.8000
3070,P1,BASE,80.00,0.00,118,F,0,5.6000
3080,P1,BASE,80.00,0.00,123,F,0,6.4000
3090,P1,BASE,80.00,0.00,128,F,0,7.2000
3100,P1,BASE,80.00,0.00,133,F,0,8.0000
3110,P1,BASE,80.00,0.00,139,F,0,8.8000
3120,P1,BASE,80.00,0.00,144,F,0,9.6000
3130,P1,BASE,80.00,0.00,149,F,0,10.4000
3140,P1,BASE,80.00,0.00,154,F,0,11.2000
3150,P1,BASE,80.00,0.00,160,F,0,12.0000
3160,P1,BASE,80.00,10.00,154,F,4,12.7000
3170,P1,BASE,80.00,15.00,153,F,10,13.3500
3180,P1,BASE,80.00,15.00,158,F,16,14.0000
3190,P1,BASE,80.00,20.00,156,F,24,14.6000
3200,P1,BASE,80.00,22.50,158,F,33,15.1750
3210,P1,BASE,80.00,27.51,156,F,44,15.7000
3220,P1,BASE,80.00,27.49,160,F,55,16.2251
3230,P1,BASE,80.00,30.01,160,F,67,16.7249
3240,P1,BASE,80.00,30.00,164,F,79,17.2250
3250,P1,BASE,80.00,35.00,161,F,93,17.6750
3260,P1,BASE,80.00,35.01,164,F,107,18.1249
3270,P1,BASE,80.00,39.99,162,F,123,18.5250
3280,P1,BASE,80.00,40.01,164,F,139,18.9249
3290,P1,BASE,80.00,42.49,164,F,156,19.3001
3300,P1,BASE,80.00,45.00,164,F,174,19.6501
3310,P1,BASE,80.00,45.01,166,F,192,20.0000
3320,P1,BASE,80.00,45.01,169,F,210,20.3499
3330,P1,BASE,80.00,49.99,166,F,230,20.6501
3340,P1,BASE,80.00,52.52,165,F,251,20.9249
3350,P1,BASE,80.00,49.99,169,F,271,21.2251
3360,P1,BASE,80.00,52.51,169,F,292,21.5000
3370,P1,BASE,80.00,55.00,168,F,314,21.7500
3380,P1,BASE,80.00,57.51,167,F,337,21.9749
3390,P1,BASE,80.00,57.49,168,F,360,22.2000
3400,P1,BASE,80.00,57.51,170,F,383,22.4250
3410,P1,BASE,80.00,59.98,168,F,407,22.6251
3420,P1,BASE,80.00,62.52,167,F,432,22.8000
3430,P1,BASE,80.00,59.99,171,F,456,23.0001
3440,P1,BASE,80.00,62.50,170,F,481,23.1751
3450,P1,BASE,80.00,62.50,171,F,506,23.3501
3460,P1,BASE,80.00,65.01,169,F,532,23.4999
3470,P1,BASE,80.00,65.00,170,F,558,23.6499
3480,P1,BASE,80.00,62.49,174,F,583,23.8250
3490,P1,BASE,80.00,67.51,170,F,610,23.9499
3500,P1,BASE,80.00,64.99,173,F,636,24.1000
3510,P1,BASE,80.00,67.50,171,F,663,24.2250
3520,P1,BASE,80.00,67.49,172,F,690,24.3501
3530,P1,BASE,80.00,67.52,173,F,717,24.4749
3540,P1,BASE,80.00,69.99,171,F,745,24.5750
3550,P1,BASE,80.00,70.01,172,F,773,24.6749
3560,P1,BASE,80.00,70.00,172,F,801,24.7749
3570,P1,BASE,80.00,70.01,173,F,829,24.8749
3580,P1,BASE,80.00,72.49,171,F,858,24.9499
3590,P1,BASE,80.00,70.00,174,F,886,25.0499
3600,P1,BASE,80.00,69.98,175,F,914,25.1501
3610,P1,BASE,80.00,72.51,173,F,943,25.2251
3620,P1,BASE,80.00,77.52,168,F,974,25.2499
3630,P1,BASE,80.00,72.49,173,F,1003,25.3251
3640,P1,BASE,80.00,77.52,169,F,1034,25.3499
3650,P1,BASE,80.00,77.50,169,F,1065,25.3749
3660,P1,BASE,80.00,75.00,172,F,1095,25.4249
3670,P1,BASE,80.00,75.00,172,F,1125,25.4749
3680,P1,BASE,80.00,77.49,170,F,1156,25.5000
3690,P1,BASE,80.00,75.00,172,F,1186,25.5500
3700,P1,BASE,80.00,72.50,175,F,1215,25.6250
3710,P1,BASE,80.00,77.52,170,F,1246,25.6498
3720,P1,BASE,80.00,75.00,173,F,1276,25.6998
3730,P1,BASE,80.00,77.50,171,F,1307,25.7248
3740,P1,BASE,80.00,79.99,168,F,1339,25.7249
3750,P1,BASE,80.00,77.50,171,F,1370,25.7499
3760,P1,BASE,80.00,77.50,171,F,1401,25.7749
3770,P1,BASE,80.00,80.01,169,F,1433,25.7748
3780,P1,BASE,80.00,77.48,172,F,1464,25.8000
3790,P1,BASE,80.00,80.01,169,F,1496,25.7999
3800,P1,BASE,80.00,80.01,169,F,1528,25.7998
3810,P1,BASE,80.00,82.48,166,F,1561,25.7750
3820,P1,BASE,80.00,77.51,171,F,1592,25.7999
3830,P1,BASE,80.00,84.97,164,F,1626,25.7502
3840,P1,BASE,80.00,80.02,169,F,1658,25.7500
3850,P1,BASE,80.00,82.50,166,F,1691,25.7250
3860,P1,BASE,80.00,80.00,168,F,1723,25.7250
3870,P1,BASE,80.00,82.52,166,F,1756,25.6998
3880,P1,BASE,80.00,79.98,168,F,1788,25.7001
3890,P1,BASE,80.00,77.50,171,F,1819,25.7251
3900,P1,BASE,80.00,82.50,166,F,1852,25.7001
3910,P1,BASE,80.00,80.02,168,F,1884,25.6998
3920,P1,BASE,80.00,82.48,166,F,1917,25.6751
3930,P1,BASE,80.00,82.52,165,F,1950,25.6498
3940,P1,BASE,80.00,82.47,165,F,1983,25.6252
3950,P1,BASE,80.00,100.03,146,F,2023,25.4249
3960,P1,BASE,80.00,85.01,161,F,2057,25.3748
3970,P1,BASE,80.00,79.98,166,F,2089,25.3750
3980,P1,BASE,80.00,82.52,163,F,2122,25.3499
3990,P1,BASE,80.00,77.48,169,F,2153,25.3750
4000,P1,BASE,80.00,72.51,174,F,2182,25.4499
4010,P1,BASE,80.00,79.99,167,F,2214,25.4500
4020,P1,BASE,80.00,85.01,161,F,2248,25.3999
4030,P1,BASE,80.00,87.47,158,F,2283,25.3251
4040,P1,BASE,80.00,82.52,163,F,2316,25.3000
4050,P1,BASE,80.00,87.50,158,F,2351,25.2250
4060,P1,BASE,80.00,85.00,160,F,2385,25.1750
4070,P1,BASE,80.00,82.51,162,F,2418,25.1499
4080,P1,BASE,80.00,84.99,159,F,2452,25.1000
4090,P1,BASE,80.00,85.00,159,F,2486,25.0500
4100,P1,BASE,80.00,84.99,159,F,2520,25.0001
4110,P1,BASE,80.00,85.01,158,F,2554,24.9500
4120,P1,BASE,80.00,82.52,161,F,2587,24.9248
4130,P1,BASE,80.00,82.49,160,F,2620,24.8999
4140,P1,BASE,80.00,84.96,158,F,2654,24.8503
4150,P1,BASE,80.00,80.05,163,F,2686,24.8498
4160,P1,BASE,80.00,82.48,160,F,2719,24.8250
4170,P1,BASE,80.00,82.51,160,F,2752,24.7999
4180,P1,BASE,80.00,84.97,157,F,2786,24.7502
4190,P1,BASE,80.00,82.51,159,F,2819,24.7251
4200,P1,BASE,80.00,82.50,159,F,2852,24.7001
4210,P1,BASE,80.00,82.51,159,F,2885,24.6750
4220,P1,BASE,80.00,79.99,162,F,2917,24.6751
4230,P1,BASE,80.00,84.99,156,F,2951,24.6252
4240,P1,BASE,80.00,77.53,164,F,2982,24.6499
4250,P1,BASE,80.00,82.48,159,F,3015,24.6251
4260,P1,BASE,80.00,77.52,164,F,3046,24.6500
4270,P1,BASE,80.00,80.01,161,F,3078,24.6499
4280,P1,BASE,80.00,77.50,164,F,3109,24.6749
4290,P1,BASE,80.00,79.98,162,F,3141,24.6751
4300,P1,BASE,80.00,80.02,162,F,3173,24.6749
4310,P1,BASE,80.00,77.48,164,F,3204,24.7000
4320,P1,BASE,80.00,79.99,162,F,3236,24.7001
4330,P1,BASE,80.00,80.01,162,F,3268,24.7000
4340,P1,BASE,80.00,77.51,164,F,3299,24.7249
4350,P1,BASE,80.00,80.00,162,F,3331,24.7249
4360,P1,BASE,80.00,79.99,162,F,3363,24.7250
4370,P1,BASE,80.00,80.00,162,F,3395,24.7250
4380,P1,BASE,80.00,82.52,159,F,3428,24.6999
4390,P1,BASE,80.00,82.49,159,F,3461,24.6749
4400,P1,BASE,80.00,82.50,159,F,3494,24.6499
4410,P1,BASE,80.00,77.48,164,F,3525,24.6752
4420,P1,BASE,80.00,80.02,162,F,3557,24.6749
4430,P1,BASE,80.00,77.48,164,F,3588,24.7001
4440,P1,BASE,80.00,77.52,164,F,3619,24.7249
4450,P1,BASE,80.00,80.00,162,F,3651,24.7249
4460,P1,BASE,80.00,77.50,165,F,3682,24.7499
4470,P1,BASE,80.00,82.48,159,F,3715,24.7251
4480,P1,BASE,80.00,80.02,162,F,3747,24.7249
4490,P1,BASE,80.00,79.98,162,F,3779,24.7252
4500,P1,BASE,80.00,77.51,165,F,3810,24.7501
4510,P1,BASE,80.00,82.52,159,F,3843,24.7249
4520,P1,BASE,80.00,79.99,162,F,3875,24.7250
4530,P1,BASE,80.00,79.98,162,F,3907,24.7252
4540,P1,BASE,80.00,80.00,162,F,3939,24.7252
4550,P1,BASE,80.00,82.51,159,F,3972,24.7001
4560,P1,BASE,80.00,80.02,162,F,4004,24.6999
4570,P1,BASE,80.00,82.48,159,F,4037,24.6751
4580,P1,BASE,80.00,82.49,159,F,4070,24.6502
4590,P1,BASE,80.00,80.02,161,F,4102,24.6499
4600,P1,BASE,80.00,79.99,161,F,4134,24.6500
4610,P1,BASE,80.00,79.98,161,F,4166,24.6502
4620,P1,BASE,80.00,77.53,164,F,4197,24.6749
4630,P1,BASE,80.00,77.48,164,F,4228,24.7000
4640,P1,BASE,80.00,80.00,162,F,4260,24.7000
4650,P1,BASE,80.00,77.51,164,F,4291,24.7250
4660,P1,BASE,80.00,82.49,159,F,4324,24.7000
4670,P1,BASE,80.00,79.99,162,F,4356,24.7001
4680,P1,BASE,80.00,82.52,159,F,4389,24.6750
4690,P1,BASE,80.00,97.50,143,F,4428,24.5000
4700,P1,BASE,80.00,82.49,158,F,4461,24.4750
4710,P1,BASE,80.00,77.50,163,F,4492,24.5000
4720,P1,BASE,80.00,77.49,163,F,4523,24.5251
4730,P1,BASE,80.00,75.01,166,F,4553,24.5750
4740,P1,BASE,80.00,74.98,166,F,4583,24.6252
4750,P1,BASE,80.00,75.03,167,F,4613,24.6749
4760,P1,BASE,80.00,82.49,159,F,4646,24.6500
4770,P1,BASE,80.00,82.48,159,F,4679,24.6251
4780,P1,BASE,80.00,82.50,159,F,4712,24.6001
4790,P1,BASE,80.00,85.00,156,F,4746,24.5501
4800,P1,BASE,80.00,79.99,161,F,4778,24.5502
4810,P1,BASE,80.00,82.52,158,F,4811,24.5250
4820,P1,BASE,80.00,82.51,158,F,4844,24.4999
4830,P1,BASE,80.00,82.49,158,F,4877,24.4750
4840,P1,BASE,80.00,80.01,160,F,4909,24.4749
4850,P1,BASE,80.00,82.48,158,F,4942,24.4501
4860,P1,BASE,80.00,82.52,157,F,4975,24.4249
4870,P1,BASE,80.00,77.48,163,F,5006,24.4501
4880,P1,BASE,80.00,80.02,160,F,5038,24.4499
4890,P1,BASE,80.00,80.00,160,F,5070,24.4499
4900,P1,BASE,80.00,79.99,160,F,5102,24.4500
4910,P1,BASE,80.00,79.99,160,F,5134,24.4500
4920,P1,BASE,80.00,82.52,157,F,5167,24.4249
4930,P1,BASE,80.00,79.98,160,F,5199,24.4250
4940,P1,BASE,80.00,82.51,157,F,5232,24.4000
4950,P1,BASE,80.00,79.98,160,F,5264,24.4001
4960,P1,BASE,80.00,80.02,160,F,5296,24.3999
4970,P1,BASE,80.00,79.98,160,F,5328,24.4001
4980,P1,BASE,80.00,80.00,160,F,5360,24.4001
4990,P1,BASE,80.00,77.51,162,F,5391,24.4250
5000,P1,BASE,80.00,77.51,163,F,5422,24.4500
5010,P1,BASE,80.00,77.48,163,F,5453,24.4751
5020,P1,BASE,80.00,77.50,163,F,5484,24.5001
5030,P1,BASE,80.00,77.52,163,F,5515,24.5249
5040,P1,BASE,80.00,77.49,163,F,5546,24.5500
5050,P1,BASE,80.00,79.99,161,F,5578,24.5500
5060,P1,BASE,80.00,77.52,163,F,5609,24.5749
5070,P1,BASE,80.00,77.48,164,F,5640,24.6000
5080,P1,BASE,80.00,80.00,161,F,5672,24.6000
5090,P1,BASE,80.00,77.49,164,F,5703,24.6251
5100,P1,BASE,80.00,77.52,164,F,5734,24.6499
5110,P1,BASE,80.00,79.98,161,F,5766,24.6500
5120,P1,BASE,80.00,80.01,161,F,5798,24.6500
5130,P1,BASE,80.00,82.48,159,F,5831,24.6251
5140,P1,BASE,80.00,82.52,158,F,5864,24.5999
5150,P1,BASE,80.00,79.98,161,F,5896,24.6000
5160,P1,BASE,80.00,77.48,164,F,5927,24.6252
5170,P1,BASE,80.00,80.02,161,F,5959,24.6250
5180,P1,BASE,80.00,77.51,164,F,5990,24.6499
5190,P1,BASE,80.00,77.48,164,F,6021,24.6751
5200,P1,BASE,80.00,77.51,164,F,6052,24.7000
5210,P1,BASE,80.00,77.51,164,F,6083,24.7250
5220,P1,BASE,80.00,82.51,159,F,6116,24.6999
5230,P1,BASE,80.00,79.98,162,F,6148,24.7000
5240,P1,BASE,80.00,80.02,162,F,6180,24.6999
5250,P1,BASE,80.00,77.49,164,F,6211,24.7250
5260,P1,BASE,80.00,82.49,159,F,6244,24.7000
5270,P1,BASE,80.00,80.00,162,F,6276,24.7000
5280,P1,BASE,80.00,79.98,162,F,6308,24.7002
5290,P1,BASE,80.00,80.02,162,F,6340,24.7000
5300,P1,BASE,80.00,82.51,159,F,6373,24.6750
5310,P1,BASE,80.00,80.00,162,F,6405,24.6750
5320,P1,BASE,80.00,85.00,156,F,6439,24.6250
5330,P1,BASE,80.00,79.99,161,F,6471,24.6250
5340,P1,BASE,80.00,79.99,161,F,6503,24.6251
5350,P1,BASE,80.00,80.00,161,F,6535,24.6251
5360,P1,BASE,80.00,80.00,161,F,6567,24.6251
5370,P1,BASE,80.00,80.01,161,F,6599,24.6250
5380,P1,BASE,80.00,77.49,164,F,6630,24.6501
5390,P1,BASE,80.00,80.02,161,F,6662,24.6499
5400,P1,BASE,80.00,77.50,164,F,6693,24.6749
5410,P1,BASE,80.00,82.49,159,F,6726,24.6500
5420,P1,BASE,80.00,80.01,161,F,6758,24.6499
5430,P1,BASE,80.00,87.49,153,F,6793,24.5750
5440,P1,BASE,80.00,94.99,145,F,6831,24.4251
5450,P1,BASE,80.00,80.00,160,F,6863,24.4251
5460,P1,BASE,80.00,77.50,163,F,6894,24.4501
5470,P1,BASE,80.00,77.52,163,F,6925,24.4749
5480,P1,BASE,80.00,77.47,163,F,6956,24.5002
5490,P1,BASE,80.00,70.03,171,F,6984,24.5999
5500,P1,BASE,80.00,79.99,161,F,7016,24.6000
5510,P1,BASE,80.00,82.48,158,F,7049,24.5752
5520,P1,BASE,80.00,82.51,158,F,7082,24.5501
5530,P1,BASE,80.00,82.51,158,F,7115,24.5250
5540,P1,BASE,80.00,85.00,155,F,7149,24.4750
5550,P1,BASE,80.00,80.00,160,F,7181,24.4750
5560,P1,BASE,80.00,82.49,158,F,7214,24.4501
5570,P1,BASE,80.00,82.52,157,F,7247,24.4249
5580,P1,BASE,80.00,82.48,157,F,7280,24.4001
5590,P1,BASE,80.00,79.98,160,F,7312,24.4003
5600,P1,BASE,80.00,82.50,157,F,7345,24.3753
5610,P1,BASE,80.00,80.01,160,F,7377,24.3752
5620,P1,BASE,80.00,80.01,160,F,7409,24.3751
5630,P1,BASE,80.00,80.00,160,F,7441,24.3751
5640,P1,BASE,80.00,79.98,160,F,7473,24.3753
5650,P1,BASE,80.00,80.03,160,F,7505,24.3749
5660,P1,BASE,80.00,79.99,160,F,7537,24.3750
5670,P1,BASE,80.00,82.50,157,F,7570,24.3500
5680,P1,BASE,80.00,80.01,159,F,7602,24.3499
5690,P1,BASE,80.00,82.48,157,F,7635,24.3251
5700,P1,BASE,80.00,80.00,159,F,7667,24.3251
5710,P1,BASE,80.00,80.00,159,F,7699,24.3251
5720,P1,BASE,80.00,80.00,159,F,7731,24.3251
5730,P1,BASE,80.00,80.01,159,F,7763,24.3250
5740,P1,BASE,80.00,77.50,162,F,7794,24.3500
5750,P1,BASE,80.00,75.00,165,F,7824,24.4000
5760,P1,BASE,80.00,77.48,162,F,7855,24.4252
5770,P1,BASE,80.00,77.50,163,F,7886,24.4502
5780,P1,BASE,80.00,77.50,163,F,7917,24.4752
5790,P1,BASE,80.00,80.02,160,F,7949,24.4749
5800,P1,BASE,80.00,77.48,163,F,7980,24.5002
5810,P1,BASE,80.00,77.52,163,F,8011,24.5249
5820,P1,BASE,80.00,79.98,161,F,8043,24.5252
5830,P1,BASE,80.00,77.52,163,F,8074,24.5500
5840,P1,BASE,80.00,77.49,163,F,8105,24.5751
5850,P1,BASE,80.00,77.50,164,F,8136,24.6001
5860,P1,BASE,80.00,79.98,161,F,8168,24.6003
5870,P1,BASE,80.00,80.03,161,F,8200,24.5999
5880,P1,BASE,80.00,82.49,158,F,8233,24.5750
5890,P1,BASE,80.00,80.00,161,F,8265,24.5750
5900,P1,BASE,80.00,80.00,161,F,8297,24.5750
5910,P1,BASE,80.00,80.01,161,F,8329,24.5749
5920,P1,BASE,80.00,77.48,164,F,8360,24.6002
5930,P1,BASE,80.00,77.52,164,F,8391,24.6249
5940,P1,BASE,80.00,77.48,164,F,8422,24.6502
5950,P1,BASE,80.00,80.01,161,F,8454,24.6501
5960,P1,BASE,80.00,77.49,164,F,8485,24.6752
5970,P1,BASE,80.00,80.01,162,F,8517,24.6751
5980,P1,BASE,80.00,79.99,162,F,8549,24.6752
5990,P1,BASE,80.00,80.02,162,F,8581,24.6749
6000,P1,BASE,80.00,77.50,164,F,8612,24.6999
6010,P1,BASE,150.00,82.50,194,F,8645,25.3749
6020,P1,BASE,150.00,79.98,224,F,8677,26.0751
6030,P1,BASE,150.00,90.01,236,F,8713,26.6750
6040,P1,BASE,150.00,100.01,229,F,8753,27.1749
6050,P1,BASE,150.00,107.49,224,F,8796,27.6000
6060,P1,BASE,150.00,117.49,216,F,8843,27.9251
6070,P1,BASE,150.00,122.49,213,F,8892,28.2002
6080,P1,BASE,150.00,125.00,212,F,8942,28.4502
6090,P1,BASE,150.00,127.54,211,F,8993,28.6749
6100,P1,BASE,150.00,129.96,210,F,9045,28.8752
6110,P1,BASE,150.00,130.00,211,F,9097,29.0752
6120,P1,BASE,150.00,135.03,207,F,9151,29.2250
6130,P1,BASE,150.00,149.99,191,F,9211,29.2251
6140,P1,BASE,150.00,147.40,194,F,9270,29.2512
6150,P1,BASE,150.00,130.10,213,F,9322,29.4501
6160,P1,BASE,150.00,122.50,223,F,9371,29.7251
6170,P1,BASE,150.00,137.46,208,F,9426,29.8505
6180,P1,BASE,150.00,145.03,201,F,9484,29.9002
6190,P1,BASE,150.00,142.47,204,F,9541,29.9755
6200,P1,BASE,150.00,142.53,204,F,9598,30.0502
6210,P1,BASE,150.00,144.99,202,F,9656,30.1004
6220,P1,BASE,150.00,142.51,205,F,9713,30.1752
6230,P1,BASE,150.00,145.01,203,F,9771,30.2251
6240,P1,BASE,150.00,140.01,209,F,9827,30.3250
6250,P1,BASE,150.00,142.44,207,F,9884,30.4005
6260,P1,BASE,150.00,142.53,207,F,9941,30.4752
6270,P1,BASE,150.00,147.53,202,F,10000,30.4999
6280,P1,BASE,150.00,147.44,203,F,10059,30.5255
6290,P1,BASE,150.00,145.04,205,F,10117,30.5751
6300,P1,BASE,150.00,144.97,206,F,10175,30.6254
6310,P1,BASE,150.00,140.03,211,F,10231,30.7251
6320,P1,BASE,150.00,142.49,209,F,10288,30.8002
6330,P1,BASE,150.00,144.88,207,F,10346,30.8514
6340,P1,BASE,150.00,142.59,210,F,10403,30.9256
6350,P1,BASE,150.00,142.53,211,F,10460,31.0003
6360,P1,BASE,150.00,142.50,211,F,10517,31.0753
6370,P1,BASE,150.00,147.49,206,F,10576,31.1004
6380,P1,BASE,150.00,147.51,206,F,10635,31.1253
6390,P1,BASE,150.00,147.51,207,F,10694,31.1501
6400,P1,BASE,150.00,147.47,207,F,10753,31.1754
6410,P1,BASE,150.00,140.01,215,F,10809,31.2753
6420,P1,BASE,150.00,142.53,213,F,10866,31.3500
6430,P1,BASE,150.00,147.50,208,F,10925,31.3750
6440,P1,BASE,150.00,149.87,206,F,10985,31.3763
6450,P1,BASE,150.00,150.11,205,F,11045,31.3753
6460,P1,BASE,150.00,147.51,208,F,11104,31.4001
6470,P1,BASE,150.00,152.47,203,F,11165,31.3754
6480,P1,BASE,150.00,152.53,203,F,11226,31.3501
6490,P1,BASE,150.00,152.48,203,F,11287,31.3253
6500,P1,BASE,150.00,150.01,205,F,11347,31.3251
6510,P1,BASE,150.00,147.50,208,F,11406,31.3501
6520,P1,BASE,150.00,147.51,208,F,11465,31.3750
6530,P1,BASE,150.00,147.47,208,F,11524,31.4003
6540,P1,BASE,150.00,152.48,203,F,11585,31.3754
6550,P1,BASE,150.00,167.55,187,F,11652,31.1999
6560,P1,BASE,150.00,144.99,210,F,11710,31.2501
6570,P1,BASE,150.00,139.97,216,F,11766,31.3504
6580,P1,BASE,150.00,137.49,219,F,11821,31.4755
6590,P1,BASE,150.00,155.03,201,F,11883,31.4252
6600,P1,BASE,150.00,152.48,203,F,11944,31.4003
6610,P1,BASE,150.00,150.03,206,F,12004,31.4000
6620,P1,BASE,150.00,152.50,203,F,12065,31.3750
6630,P1,BASE,150.00,149.99,206,F,12125,31.3752
6640,P1,BASE,150.00,150.03,206,F,12185,31.3749
6650,P1,BASE,150.00,147.46,208,F,12244,31.4003
6660,P1,BASE,150.00,149.94,206,F,12304,31.4009
6670,P1,BASE,150.00,150.11,206,F,12364,31.3999
6680,P1,BASE,150.00,152.50,203,F,12425,31.3749
6690,P1,BASE,150.00,150.00,206,F,12485,31.3749
6700,P1,BASE,150.00,150.00,206,F,12545,31.3749
6710,P1,BASE,150.00,147.46,208,F,12604,31.4003
6720,P1,BASE,150.00,145.00,211,F,12662,31.4503
6730,P1,BASE,150.00,145.01,211,F,12720,31.5002
6740,P1,BASE,150.00,147.53,209,F,12779,31.5249
6750,P1,BASE,150.00,147.46,209,F,12838,31.5503
6760,P1,BASE,150.00,145.01,212,F,12896,31.6002
6770,P1,BASE,150.00,147.53,210,F,12955,31.6249
6780,P1,BASE,150.00,150.00,207,F,13015,31.6249
6790,P1,BASE,150.00,152.45,205,F,13076,31.6003
6800,P1,BASE,150.00,150.01,207,F,13136,31.6002
6810,P1,BASE,150.00,142.49,215,F,13193,31.6753
6820,P1,BASE,150.00,145.00,213,F,13251,31.7253
6830,P1,BASE,150.00,147.50,211,F,13310,31.7503
6840,P1,BASE,150.00,152.50,205,F,13371,31.7253
6850,P1,BASE,150.00,150.00,208,F,13431,31.7253
6860,P1,BASE,150.00,150.01,208,F,13491,31.7252
6870,P1,BASE,150.00,154.98,202,F,13553,31.6753
6880,P1,BASE,150.00,155.00,202,F,13615,31.6253
6890,P1,BASE,150.00,154.98,202,F,13677,31.5755
6900,P1,BASE,150.00,152.47,204,F,13738,31.5508
6910,P1,BASE,150.00,147.59,209,F,13797,31.5749
6920,P1,BASE,150.00,149.90,207,F,13857,31.5760
6930,P1,BASE,150.00,147.60,209,F,13916,31.5999
6940,P1,BASE,150.00,152.45,204,F,13977,31.5754
6950,P1,BASE,150.00,164.98,191,F,14043,31.4256
6960,P1,BASE,150.00,150.03,206,F,14103,31.4253
6970,P1,BASE,150.00,140.00,217,F,14159,31.5253
6980,P1,BASE,150.00,137.51,220,F,14214,31.6501
6990,P1,BASE,150.00,155.02,202,F,14276,31.6000
7000,P1,BASE,150.00,155.00,202,F,14338,31.5500
7010,P1,BASE,150.00,149.97,207,F,14398,31.5503
7020,P1,BASE,150.00,154.92,201,F,14460,31.5010
7030,P1,BASE,150.00,150.06,206,F,14520,31.5004
7040,P1,BASE,150.00,150.05,206,F,14580,31.5000
7050,P1,BASE,150.00,147.47,209,F,14639,31.5253
7060,P1,BASE,150.00,150.01,207,F,14699,31.5251
7070,P1,BASE,150.00,152.47,204,F,14760,31.5004
7080,P1,BASE,150.00,150.00,206,F,14820,31.5004
7090,P1,BASE,150.00,155.02,201,F,14882,31.4503
7100,P1,BASE,150.00,147.50,209,F,14941,31.4753
7110,P1,BASE,150.00,147.49,209,F,15000,31.5004
7120,P1,BASE,150.00,147.53,209,F,15059,31.5251
7130,P1,BASE,150.00,145.01,212,F,15117,31.5750
7140,P1,BASE,150.00,149.96,207,F,15177,31.5754
7150,P1,BASE,150.00,145.04,212,F,15235,31.6250
7160,P1,BASE,150.00,147.46,210,F,15294,31.6504
7170,P1,BASE,150.00,147.54,210,F,15353,31.6750
7180,P1,BASE,150.00,149.99,208,F,15413,31.6752
7190,P1,BASE,150.00,152.48,205,F,15474,31.6503
7200,P1,BASE,150.00,149.97,207,F,15534,31.6506
7210,P1,BASE,150.00,142.56,215,F,15591,31.7250
7220,P1,BASE,150.00,147.46,211,F,15650,31.7505
7230,P1,BASE,150.00,145.00,213,F,15708,31.8005
7240,P1,BASE,150.00,152.52,206,F,15769,31.7753
7250,P1,BASE,150.00,152.48,205,F,15830,31.7505
7260,P1,BASE,150.00,150.01,208,F,15890,31.7503
7270,P1,BASE,150.00,152.53,205,F,15951,31.7250
7280,P1,BASE,150.00,155.00,202,F,16013,31.6750
7290,P1,BASE,150.00,154.97,202,F,16075,31.6253
7300,P1,BASE,150.00,152.48,205,F,16136,31.6005
7310,P1,BASE,150.00,150.03,207,F,16196,31.6002
7320,P1,BASE,150.00,149.99,207,F,16256,31.6003
7330,P1,BASE,150.00,147.50,210,F,16315,31.6253
7340,P1,BASE,150.00,152.48,205,F,16376,31.6005
7350,P1,BASE,150.00,165.03,191,F,16442,31.4502
7360,P1,BASE,150.00,152.50,203,F,16503,31.4252
7370,P1,BASE,150.00,140.01,217,F,16559,31.5250
7380,P1,BASE,150.00,137.49,220,F,16614,31.6502
7390,P1,BASE,150.00,154.91,202,F,16676,31.6011
7400,P1,BASE,150.00,152.56,204,F,16737,31.5755
7410,P1,BASE,150.00,152.53,204,F,16798,31.5502
7420,P1,BASE,150.00,152.48,204,F,16859,31.5253
7430,P1,BASE,150.00,150.03,207,F,16919,31.5250
7440,P1,BASE,150.00,152.36,204,F,16980,31.5014
7450,P1,BASE,150.00,147.63,209,F,17039,31.5251
7460,P1,BASE,150.00,147.50,209,F,17098,31.5501
7470,P1,BASE,150.00,152.47,204,F,17159,31.5254
7480,P1,BASE,150.00,152.50,204,F,17220,31.5004
7490,P1,BASE,150.00,152.53,204,F,17281,31.4751
7500,P1,BASE,150.00,149.97,206,F,17341,31.4754
7510,P1,BASE,150.00,147.47,209,F,17400,31.5007
7520,P1,BASE,150.00,147.51,209,F,17459,31.5255
7530,P1,BASE,150.00,145.01,212,F,17517,31.5754
7540,P1,BASE,150.00,150.03,207,F,17577,31.5751
7550,P1,BASE,150.00,144.94,212,F,17635,31.6257
7560,P1,BASE,150.00,147.56,210,F,17694,31.6501
7570,P1,BASE,150.00,147.49,210,F,17753,31.6752
7580,P1,BASE,150.00,149.99,208,F,17813,31.6754
7590,P1,BASE,150.00,152.52,205,F,17874,31.6502
7600,P1,BASE,150.00,149.97,207,F,17934,31.6505
7610,P1,BASE,150.00,145.00,213,F,17992,31.7005
7620,P1,BASE,150.00,145.03,213,F,18050,31.7502
7630,P1,BASE,150.00,147.50,211,F,18109,31.7752
7640,P1,BASE,150.00,152.45,206,F,18170,31.7507
7650,P1,BASE,150.00,150.01,208,F,18230,31.7505
7660,P1,BASE,150.00,152.48,205,F,18291,31.7257
7670,P1,BASE,150.00,152.52,205,F,18352,31.7005
7680,P1,BASE,150.00,155.02,202,F,18414,31.6504
7690,P1,BASE,150.00,154.98,202,F,18476,31.6005
7700,P1,BASE,150.00,152.53,204,F,18537,31.5752
7710,P1,BASE,150.00,149.96,207,F,18597,31.5757
7720,P1,BASE,150.00,150.01,207,F,18657,31.5755
7730,P1,BASE,150.00,147.51,210,F,18716,31.6004
7740,P1,BASE,150.00,152.48,204,F,18777,31.5755
7750,P1,BASE,150.00,167.48,188,F,18844,31.4007
7760,P1,BASE,150.00,150.05,206,F,18904,31.4002
7770,P1,BASE,150.00,137.47,219,F,18959,31.5255
7780,P1,BASE,150.00,140.00,217,F,19015,31.6255
7790,P1,BASE,150.00,155.00,202,F,19077,31.5755
7800,P1,BASE,150.00,152.50,204,F,19138,31.5505
7810,P1,BASE,150.00,152.53,204,F,19199,31.5252
7820,P1,BASE,150.00,152.52,204,F,19260,31.5001
7830,P1,BASE,150.00,152.45,204,F,19321,31.4755
7840,P1,BASE,150.00,150.05,206,F,19381,31.4751
7850,P1,BASE,150.00,147.46,209,F,19440,31.5005
7860,P1,BASE,150.00,150.05,206,F,19500,31.5001
7870,P1,BASE,150.00,149.99,206,F,19560,31.5002
7880,P1,BASE,150.00,152.47,204,F,19621,31.4755
7890,P1,BASE,150.00,152.53,203,F,19682,31.4502
7900,P1,BASE,150.00,149.99,206,F,19742,31.4504
7910,P1,BASE,150.00,147.49,209,F,19801,31.4755
7920,P1,BASE,150.00,145.00,212,F,19859,31.5255
7930,P1,BASE,150.00,145.01,212,F,19917,31.5754
7940,P1,BASE,150.00,150.03,207,F,19977,31.5751
7950,P1,BASE,150.00,144.97,212,F,20035,31.6254
7960,P1,BASE,150.00,147.51,210,F,20094,31.6502
7970,P1,BASE,150.00,147.47,210,F,20153,31.6755
7980,P1,BASE,150.00,150.05,207,F,20213,31.6751
7990,P1,BASE,150.00,152.50,205,F,20274,31.6501
8000,P1,BASE,150.00,149.99,207,F,20334,31.6502
8010,P1,BASE,150.00,145.01,213,F,20392,31.7001
8020,P1,BASE,150.00,144.97,213,F,20450,31.7503
8030,P1,BASE,150.00,147.47,211,F,20509,31.7756
8040,P1,BASE,150.00,150.05,208,F,20569,31.7752
8050,P1,BASE,150.00,152.50,205,F,20630,31.7502
8060,P1,BASE,150.00,149.99,208,F,20690,31.7503
8070,P1,BASE,150.00,154.89,203,F,20752,31.7014
8080,P1,BASE,150.00,152.59,205,F,20813,31.6755
8090,P1,BASE,150.00,155.02,202,F,20875,31.6254
8100,P1,BASE,150.00,154.98,202,F,20937,31.5755
8110,P1,BASE,150.00,147.54,210,F,20996,31.6001
8120,P1,BASE,150.00,149.97,207,F,21056,31.6004
8130,P1,BASE,150.00,147.51,210,F,21115,31.6252
8140,P1,BASE,150.00,152.45,205,F,21176,31.6007
8150,P1,BASE,150.00,167.53,188,F,21243,31.4253
8160,P1,BASE,150.00,150.00,206,F,21303,31.4253
8170,P1,BASE,150.00,140.01,217,F,21359,31.5252
8180,P1,BASE,150.00,137.47,220,F,21414,31.6505
8190,P1,BASE,150.00,157.53,199,F,21477,31.5752
8200,P1,BASE,150.00,152.52,204,F,21538,31.5500
8210,P1,BASE,150.00,152.44,204,F,21599,31.5256
8220,P1,BASE,150.00,152.56,204,F,21660,31.5000
8230,P1,BASE,150.00,152.48,204,F,21721,31.4752
8240,P1,BASE,150.00,150.00,206,F,21781,31.4752
8250,P1,BASE,150.00,147.50,209,F,21840,31.5002
8260,P1,BASE,150.00,149.88,207,F,21900,31.5014
8270,P1,BASE,150.00,150.09,206,F,21960,31.5005
8280,P1,BASE,150.00,152.50,204,F,22021,31.4755
8290,P1,BASE,150.00,152.50,204,F,22082,31.4505
8300,P1,BASE,150.00,150.05,206,F,22142,31.4500
8310,P1,BASE,150.00,147.44,209,F,22201,31.4756
8320,P1,BASE,150.00,145.04,212,F,22259,31.5252
8330,P1,BASE,150.00,147.49,209,F,22318,31.5503
8340,P1,BASE,150.00,147.51,209,F,22377,31.5752
8350,P1,BASE,150.00,144.96,212,F,22435,31.6256
8360,P1,BASE,150.00,147.50,210,F,22494,31.6506
8370,P1,BASE,150.00,150.00,207,F,22554,31.6506
8380,P1,BASE,150.00,147.56,210,F,22613,31.6750
8390,P1,BASE,150.00,154.95,202,F,22675,31.6255
8400,P1,BASE,150.00,147.54,210,F,22734,31.6500
8410,P1,BASE,150.00,145.00,213,F,22792,31.7000
8420,P1,BASE,150.00,144.96,213,F,22850,31.7505
8430,P1,BASE,150.00,147.54,211,F,22909,31.7750
8440,P1,BASE,150.00,149.99,208,F,22969,31.7752
8450,P1,BASE,150.00,152.45,206,F,23030,31.7506
8460,P1,BASE,150.00,150.01,208,F,23090,31.7505
8470,P1,BASE,150.00,155.02,203,F,23152,31.7003
8480,P1,BASE,150.00,154.98,202,F,23214,31.6505
8490,P1,BASE,150.00,155.00,202,F,23276,31.6005
8500,P1,BASE,150.00,152.50,204,F,23337,31.5755
8510,P1,BASE,150.00,147.54,210,F,23396,31.6000
8520,P1,BASE,150.00,149.97,207,F,23456,31.6003
8530,P1,BASE,150.00,147.50,210,F,23515,31.6253
8540,P1,BASE,150.00,152.47,205,F,23576,31.6006
8550,P1,BASE,150.00,167.55,188,F,23643,31.4251
8560,P1,BASE,150.00,150.00,206,F,23703,31.4251
8570,P1,BASE,150.00,137.51,219,F,23758,31.5500
8580,P1,BASE,150.00,142.46,215,F,23815,31.6254
8590,P1,BASE,150.00,152.55,204,F,23876,31.6000
8600,P1,BASE,150.00,154.95,202,F,23938,31.5504
8610,P1,BASE,150.00,152.55,204,F,23999,31.5250
8620,P1,BASE,150.00,152.50,204,F,24060,31.5000
8630,P1,BASE,150.00,149.99,206,F,24120,31.5001
8640,P1,BASE,150.00,149.97,206,F,24180,31.5004
8650,P1,BASE,150.00,150.00,206,F,24240,31.5004
8660,P1,BASE,150.00,147.51,209,F,24299,31.5253
8670,P1,BASE,150.00,150.01,207,F,24359,31.5251
8680,P1,BASE,150.00,152.50,204,F,24420,31.5001
8690,P1,BASE,150.00,152.52,204,F,24481,31.4750
8700,P1,BASE,150.00,150.00,206,F,24541,31.4750
8710,P1,BASE,150.00,147.44,209,F,24600,31.5006
8720,P1,BASE,150.00,147.50,209,F,24659,31.5256
8730,P1,BASE,150.00,145.03,212,F,24717,31.5753
8740,P1,BASE,150.00,147.50,210,F,24776,31.6003
8750,P1,BASE,150.00,147.51,210,F,24835,31.6251
8760,P1,BASE,150.00,147.50,210,F,24894,31.6501
8770,P1,BASE,150.00,147.47,210,F,24953,31.6754
8780,P1,BASE,150.00,150.05,207,F,25013,31.6750
8790,P1,BASE,150.00,152.47,205,F,25074,31.6503
8800,P1,BASE,150.00,150.03,207,F,25134,31.6500
8810,P1,BASE,150.00,142.50,215,F,25191,31.7250
8820,P1,BASE,150.00,147.46,211,F,25250,31.7504
8830,P1,BASE,150.00,145.01,213,F,25308,31.8003
8840,P1,BASE,150.00,152.52,206,F,25369,31.7751
8850,P1,BASE,150.00,152.52,205,F,25430,31.7500
8860,P1,BASE,150.00,149.97,208,F,25490,31.7503
8870,P1,BASE,150.00,155.03,203,F,25552,31.7000
8880,P1,BASE,150.00,154.98,202,F,25614,31.6501
8890,P1,BASE,150.00,155.02,202,F,25676,31.6000
8900,P1,BASE,150.00,152.50,204,F,25737,31.5750
8910,P1,BASE,150.00,147.50,210,F,25796,31.6000
8920,P1,BASE,150.00,149.99,207,F,25856,31.6001
8930,P1,BASE,150.00,147.50,210,F,25915,31.6251
8940,P1,BASE,150.00,152.47,205,F,25976,31.6004
8950,P1,BASE,150.00,165.02,191,F,26042,31.4503
8960,P1,BASE,150.00,150.01,206,F,26102,31.4501
8970,P1,BASE,150.00,147.46,209,F,26161,31.4755
8980,P1,BASE,150.00,137.56,220,F,26216,31.6000
8990,P1,BASE,150.00,149.99,207,F,26276,31.6001
9000,P1,BASE,150.00,152.50,204,F,26337,31.5751
9010,P1,BASE,200.00,152.45,234,F,26398,31.5751
9020,P1,BASE,200.00,157.56,253,F,26461,31.9995
9030,P1,BASE,200.00,159.87,253,F,26525,32.4008
9040,P1,BASE,200.00,165.13,250,F,26591,32.7495
9050,P1,BASE,200.00,167.50,250,F,26658,33.0745
9060,P1,BASE,200.00,174.95,244,F,26728,33.3250
9070,P1,BASE,200.00,180.02,240,F,26800,33.5248
9080,P1,BASE,200.00,187.54,233,F,26875,33.6495
9090,P1,BASE,200.00,187.46,234,F,26950,33.7748
9100,P1,BASE,200.00,182.50,240,F,27023,33.9498
9110,P1,BASE,200.00,185.00,239,F,27097,34.0998
9120,P1,BASE,200.00,187.50,237,F,27172,34.2248
9130,P1,BASE,200.00,187.48,238,F,27247,34.3500
9140,P1,BASE,200.00,185.04,241,F,27321,34.4996
9150,P1,BASE,200.00,192.48,234,F,27398,34.5748
9160,P1,BASE,200.00,197.52,229,F,27477,34.5996
9170,P1,BASE,200.00,192.44,235,F,27554,34.6752
9180,P1,BASE,200.00,185.06,243,F,27628,34.8247
9190,P1,BASE,200.00,190.02,239,F,27704,34.9245
9200,P1,BASE,200.00,197.32,232,F,27783,34.9512
9210,P1,BASE,200.00,195.12,234,F,27861,35.0001
9220,P1,BASE,200.00,199.98,229,F,27941,35.0003
9230,P1,BASE,200.00,205.08,224,F,28023,34.9495
9240,P1,BASE,200.00,202.48,226,F,28104,34.9247
9250,P1,BASE,200.00,200.02,229,F,28184,34.9245
9260,P1,BASE,200.00,195.00,234,F,28262,34.9745
9270,P1,BASE,200.00,197.48,232,F,28341,34.9997
9280,P1,BASE,200.00,212.50,216,F,28426,34.8747
9290,P1,BASE,200.00,197.48,231,F,28505,34.8998
9300,P1,BASE,200.00,187.54,242,F,28580,35.0245
9310,P1,BASE,200.00,187.50,243,F,28655,35.1495
9320,P1,BASE,200.00,202.46,228,F,28736,35.1249
9330,P1,BASE,200.00,200.02,230,F,28816,35.1247
9340,P1,BASE,200.00,200.02,230,F,28896,35.1245
9350,P1,BASE,200.00,199.94,230,F,28976,35.1251
9360,P1,BASE,200.00,197.50,233,F,29055,35.1501
9370,P1,BASE,200.00,195.02,236,F,29133,35.1999
9380,P1,BASE,200.00,202.52,228,F,29214,35.1747
9390,P1,BASE,200.00,202.44,228,F,29295,35.1503
9400,P1,BASE,200.00,200.04,230,F,29375,35.1499
9410,P1,BASE,200.00,192.52,238,F,29452,35.2247
9420,P1,BASE,200.00,195.00,236,F,29530,35.2747
9430,P1,BASE,200.00,192.44,239,F,29607,35.3503
9440,P1,BASE,200.00,195.04,237,F,29685,35.3999
9450,P1,BASE,200.00,194.98,237,F,29763,35.4501
9460,P1,BASE,200.00,199.98,232,F,29843,35.4503
9470,P1,BASE,200.00,197.54,235,F,29922,35.4749
9480,P1,BASE,200.00,192.54,241,F,29999,35.5495
9490,P1,BASE,200.00,192.48,241,F,30076,35.6247
9500,P1,BASE,200.00,197.46,236,F,30155,35.6501
9510,P1,BASE,200.00,200.04,234,F,30235,35.6497
9520,P1,BASE,200.00,200.02,234,F,30315,35.6495
9530,P1,BASE,200.00,204.94,228,F,30397,35.6001
9540,P1,BASE,200.00,209.94,223,F,30481,35.5007
9550,P1,BASE,200.00,202.58,230,F,30562,35.4749
9560,P1,BASE,200.00,197.54,235,F,30641,35.4995
9570,P1,BASE,200.00,197.50,235,F,30720,35.5245
9580,P1,BASE,200.00,212.50,219,F,30805,35.3995
9590,P1,BASE,200.00,204.98,227,F,30887,35.3497
9600,P1,BASE,200.00,192.48,240,F,30964,35.4249
9610,P1,BASE,200.00,187.48,246,F,31039,35.5501
9620,P1,BASE,200.00,197.54,236,F,31118,35.5747
9630,P1,BASE,200.00,205.02,228,F,31200,35.5245
9640,P1,BASE,200.00,202.48,230,F,31281,35.4997
9650,P1,BASE,200.00,200.00,233,F,31361,35.4997
9660,P1,BASE,200.00,199.96,233,F,31441,35.5001
9670,P1,BASE,200.00,197.52,235,F,31520,35.5249
9680,P1,BASE,200.00,202.54,230,F,31601,35.4995
9690,P1,BASE,200.00,204.94,227,F,31683,35.4501
9700,P1,BASE,200.00,200.04,232,F,31763,35.4497
9710,P1,BASE,200.00,195.02,238,F,31841,35.4995
9720,P1,BASE,200.00,195.00,238,F,31919,35.5495
9730,P1,BASE,200.00,197.48,236,F,31998,35.5747
9740,P1,BASE,200.00,192.52,241,F,32075,35.6495
9750,P1,BASE,200.00,194.94,239,F,32153,35.7001
9760,P1,BASE,200.00,202.56,231,F,32234,35.6745
9770,P1,BASE,200.00,197.50,237,F,32313,35.6995
9780,P1,BASE,200.00,194.96,239,F,32391,35.7499
9790,P1,BASE,200.00,195.04,240,F,32469,35.7995
9800,P1,BASE,200.00,197.46,237,F,32548,35.8249
9810,P1,BASE,200.00,200.02,235,F,32628,35.8247
9820,P1,BASE,200.00,202.52,232,F,32709,35.7995
9830,P1,BASE,200.00,205.00,229,F,32791,35.7495
9840,P1,BASE,200.00,209.94,224,F,32875,35.6501
9850,P1,BASE,200.00,205.00,228,F,32957,35.6001
9860,P1,BASE,200.00,199.94,233,F,33037,35.6007
9870,P1,BASE,200.00,197.62,236,F,33116,35.6245
9880,P1,BASE,200.00,209.94,223,F,33200,35.5252
9890,P1,BASE,200.00,212.52,219,F,33285,35.4000
9900,P1,BASE,200.00,190.02,243,F,33361,35.4998
9910,P1,BASE,200.00,187.46,246,F,33436,35.6252
9920,P1,BASE,200.00,202.56,231,F,33517,35.5995
9930,P1,BASE,200.00,202.44,231,F,33598,35.5752
9940,P1,BASE,200.00,202.50,230,F,33679,35.5502
9950,P1,BASE,200.00,202.50,230,F,33760,35.5252
9960,P1,BASE,200.00,199.98,233,F,33840,35.5253
9970,P1,BASE,200.00,197.50,236,F,33919,35.5504
9980,P1,BASE,200.00,202.56,230,F,34000,35.5247
9990,P1,BASE,200.00,207.50,225,F,34083,35.4497
10000,P1,BASE,200.00,200.02,232,F,34163,35.4495
10010,P1,BASE,200.00,194.98,238,F,34241,35.4997
10020,P1,BASE,200.00,195.02,238,F,34319,35.5495
10030,P1,BASE,200.00,197.44,236,F,34398,35.5751
10040,P1,BASE,200.00,192.54,241,F,34475,35.6497
10050,P1,BASE,200.00,197.50,236,F,34554,35.6748
10060,P1,BASE,200.00,200.02,234,F,34634,35.6746
10070,P1,BASE,200.00,197.44,237,F,34713,35.7001
10080,P1,BASE,200.00,195.04,239,F,34791,35.7498
10090,P1,BASE,200.00,195.00,240,F,34869,35.7998
10100,P1,BASE,200.00,197.52,237,F,34948,35.8246
10110,P1,BASE,200.00,200.00,235,F,35028,35.8246
10120,P1,BASE,200.00,202.46,232,F,35109,35.8000
10130,P1,BASE,200.00,205.04,229,F,35191,35.7496
10140,P1,BASE,200.00,209.98,223,F,35275,35.6498
10150,P1,BASE,200.00,204.96,228,F,35357,35.6002
10160,P1,BASE,200.00,200.02,233,F,35437,35.6000
10170,P1,BASE,200.00,197.48,236,F,35516,35.6252
10180,P1,BASE,200.00,210.02,223,F,35600,35.5250
10190,P1,BASE,200.00,209.98,222,F,35684,35.4252
10200,P1,BASE,200.00,192.52,240,F,35761,35.5000
10210,P1,BASE,200.00,185.04,249,F,35835,35.6496
10220,P1,BASE,200.00,202.42,231,F,35916,35.6254
10230,P1,BASE,200.00,202.52,231,F,35997,35.6002
10240,P1,BASE,200.00,202.54,231,F,36078,35.5748
10250,P1,BASE,200.00,200.02,233,F,36158,35.5746
10260,P1,BASE,200.00,200.00,233,F,36238,35.5746
10270,P1,BASE,200.00,199.98,233,F,36318,35.5748
10280,P1,BASE,200.00,202.34,231,F,36399,35.5514
10290,P1,BASE,200.00,205.16,227,F,36481,35.4998
10300,P1,BASE,200.00,202.48,230,F,36562,35.4750
10310,P1,BASE,200.00,195.02,238,F,36640,35.5248
10320,P1,BASE,200.00,195.00,238,F,36718,35.5748
10330,P1,BASE,200.00,197.50,236,F,36797,35.5998
10340,P1,BASE,200.00,192.52,241,F,36874,35.6746
10350,P1,BASE,200.00,197.44,237,F,36953,35.7002
10360,P1,BASE,200.00,202.52,231,F,37034,35.6750
10370,P1,BASE,200.00,197.52,236,F,37113,35.6998
10380,P1,BASE,200.00,195.02,239,F,37191,35.7496
10390,P1,BASE,200.00,194.98,240,F,37269,35.7998
10400,P1,BASE,200.00,197.44,237,F,37348,35.8254
10410,P1,BASE,200.00,202.52,232,F,37429,35.8002
10420,P1,BASE,200.00,200.06,235,F,37509,35.7996
10430,P1,BASE,200.00,207.46,227,F,37592,35.7250
10440,P1,BASE,200.00,210.00,223,F,37676,35.6250
10450,P1,BASE,200.00,204.98,228,F,37758,35.5752
10460,P1,BASE,200.00,197.50,236,F,37837,35.6002
10470,P1,BASE,200.00,200.00,233,F,37917,35.6002
10480,P1,BASE,200.00,209.98,222,F,38001,35.5004
10490,P1,BASE,200.00,210.00,222,F,38085,35.4004
10500,P1,BASE,200.00,190.02,243,F,38161,35.5002
10510,P1,BASE,200.00,187.54,246,F,38236,35.6249
10520,P1,BASE,200.00,202.52,231,F,38317,35.5997
10530,P1,BASE,200.00,202.48,231,F,38398,35.5749
10540,P1,BASE,200.00,202.46,230,F,38479,35.5503
10550,P1,BASE,200.00,202.56,230,F,38560,35.5247
10560,P1,BASE,200.00,200.00,233,F,38640,35.5247
10570,P1,BASE,200.00,197.44,236,F,38719,35.5503
10580,P1,BASE,200.00,202.52,230,F,38800,35.5250
10590,P1,BASE,200.00,205.00,227,F,38882,35.4750
10600,P1,BASE,200.00,202.52,230,F,38963,35.4498
10610,P1,BASE,200.00,194.98,238,F,39041,35.5000
10620,P1,BASE,200.00,192.52,241,F,39118,35.5748
10630,P1,BASE,200.00,197.52,236,F,39197,35.5996
10640,P1,BASE,200.00,194.94,239,F,39275,35.6502
10650,P1,BASE,200.00,197.52,236,F,39354,35.6750
10660,P1,BASE,200.00,199.98,234,F,39434,35.6752
10670,P1,BASE,200.00,199.98,234,F,39514,35.6754
10680,P1,BASE,200.00,195.04,239,F,39592,35.7250
10690,P1,BASE,200.00,192.50,242,F,39669,35.8000
10700,P1,BASE,200.00,197.52,237,F,39748,35.8248
10710,P1,BASE,200.00,202.48,232,F,39829,35.8000
10720,P1,BASE,200.00,199.98,235,F,39909,35.8002
10730,P1,BASE,200.00,207.56,226,F,39992,35.7246
10740,P1,BASE,200.00,209.94,223,F,40076,35.6253
10750,P1,BASE,200.00,205.00,228,F,40158,35.5753
10760,P1,BASE,200.00,197.52,236,F,40237,35.6001
10770,P1,BASE,200.00,200.04,233,F,40317,35.5997
10780,P1,BASE,200.00,209.94,223,F,40401,35.5003
10790,P1,BASE,200.00,210.06,222,F,40485,35.3997
10800,P1,BASE,200.00,184.94,248,F,40559,35.5502
10810,P1,BASE,200.00,190.00,244,F,40635,35.6502
10820,P1,BASE,200.00,202.54,231,F,40716,35.6248
10830,P1,BASE,200.00,202.52,231,F,40797,35.5996
10840,P1,BASE,200.00,202.50,231,F,40878,35.5746
10850,P1,BASE,200.00,202.48,230,F,40959,35.5498
10860,P1,BASE,200.00,199.90,233,F,41039,35.5508
10870,P1,BASE,200.00,197.56,236,F,41118,35.5752
10880,P1,BASE,200.00,202.54,230,F,41199,35.5498
10890,P1,BASE,200.00,204.98,228,F,41281,35.5000
10900,P1,BASE,200.00,202.48,230,F,41362,35.4752
10910,P1,BASE,200.00,195.00,238,F,41440,35.5252
10920,P1,BASE,200.00,195.06,238,F,41518,35.5746
10930,P1,BASE,200.00,197.46,236,F,41597,35.6000
10940,P1,BASE,200.00,192.52,241,F,41674,35.6748
10950,P1,BASE,200.00,197.50,237,F,41753,35.6998
10960,P1,BASE,200.00,200.02,234,F,41833,35.6996
10970,P1,BASE,200.00,200.00,234,F,41913,35.6996
10980,P1,BASE,200.00,194.96,239,F,41991,35.7500
10990,P1,BASE,200.00,192.48,242,F,42068,35.8252
11000,P1,BASE,200.00,197.48,238,F,42147,35.8504
11010,P1,BASE,200.00,202.54,232,F,42228,35.8250
11020,P1,BASE,200.00,202.48,232,F,42309,35.8002
11030,P1,BASE,200.00,205.00,229,F,42391,35.7502
11040,P1,BASE,200.00,210.06,223,F,42475,35.6496
11050,P1,BASE,200.00,205.00,228,F,42557,35.5996
11060,P1,BASE,200.00,199.98,233,F,42637,35.5998
11070,P1,BASE,200.00,199.90,233,F,42717,35.6008
11080,P1,BASE,200.00,210.13,222,F,42801,35.4995
11090,P1,BASE,200.00,207.42,225,F,42884,35.4253
11100,P1,BASE,200.00,192.54,240,F,42961,35.5000
11110,P1,BASE,200.00,187.52,246,F,43036,35.6248
11120,P1,BASE,200.00,199.98,233,F,43116,35.6250
11130,P1,BASE,200.00,204.92,228,F,43198,35.5758
11140,P1,BASE,200.00,202.60,230,F,43279,35.5498
11150,P1,BASE,200.00,199.96,233,F,43359,35.5502
11160,P1,BASE,200.00,200.04,233,F,43439,35.5498
11170,P1,BASE,200.00,200.02,233,F,43519,35.5496
11180,P1,BASE,200.00,202.46,230,F,43600,35.5250
11190,P1,BASE,200.00,205.02,227,F,43682,35.4748
11200,P1,BASE,200.00,202.50,230,F,43763,35.4498
11210,P1,BASE,200.00,194.98,238,F,43841,35.5000
11220,P1,BASE,200.00,195.02,238,F,43919,35.5498
11230,P1,BASE,200.00,197.44,236,F,43998,35.5754
11240,P1,BASE,200.00,195.06,239,F,44076,35.6248
11250,P1,BASE,200.00,197.52,236,F,44155,35.6496
11260,P1,BASE,200.00,199.98,234,F,44235,35.6498
11270,P1,BASE,200.00,199.92,234,F,44315,35.6506
11280,P1,BASE,200.00,195.10,239,F,44393,35.6996
11290,P1,BASE,200.00,192.48,242,F,44470,35.7748
11300,P1,BASE,200.00,199.96,235,F,44550,35.7752
11310,P1,BASE,200.00,200.00,234,F,44630,35.7752
11320,P1,BASE,200.00,202.56,232,F,44711,35.7496
11330,P1,BASE,200.00,207.48,226,F,44794,35.6748
11340,P1,BASE,200.00,210.02,223,F,44878,35.5746
11350,P1,BASE,200.00,204.94,228,F,44960,35.5252
11360,P1,BASE,200.00,197.52,236,F,45039,35.5500
11370,P1,BASE,200.00,200.02,233,F,45119,35.5498
11380,P1,BASE,200.00,207.52,225,F,45202,35.4746
11390,P1,BASE,200.00,214.94,216,F,45288,35.3252
11400,P1,BASE,200.00,190.04,242,F,45364,35.4249
11410,P1,BASE,200.00,187.50,246,F,45439,35.5499
11420,P1,BASE,200.00,202.52,230,F,45520,35.5247
11430,P1,BASE,200.00,204.98,227,F,45602,35.4749
11440,P1,BASE,200.00,202.46,230,F,45683,35.4503
11450,P1,BASE,200.00,202.50,230,F,45764,35.4253
11460,P1,BASE,200.00,197.52,235,F,45843,35.4501
11470,P1,BASE,200.00,200.02,232,F,45923,35.4499
11480,P1,BASE,200.00,202.52,230,F,46004,35.4247
11490,P1,BASE,200.00,204.94,227,F,46086,35.3753
11500,P1,BASE,200.00,200.04,232,F,46166,35.3749
11510,P1,BASE,200.00,197.46,235,F,46245,35.4003
11520,P1,BASE,200.00,195.00,237,F,46323,35.4503
11530,P1,BASE,200.00,195.00,238,F,46401,35.5003
11540,P1,BASE,200.00,195.06,238,F,46479,35.5497
11550,P1,BASE,200.00,197.50,236,F,46558,35.5747
11560,P1,BASE,200.00,199.98,233,F,46638,35.5749
11570,P1,BASE,200.00,199.94,233,F,46718,35.5755
11580,P1,BASE,200.00,192.56,241,F,46795,35.6499
11590,P1,BASE,200.00,192.46,242,F,46872,35.7253
11600,P1,BASE,200.00,200.00,234,F,46952,35.7253
11610,P1,BASE,200.00,202.48,231,F,47033,35.7005
11620,P1,BASE,200.00,200.08,234,F,47113,35.6997
11630,P1,BASE,200.00,207.44,226,F,47196,35.6253
11640,P1,BASE,200.00,207.54,225,F,47279,35.5499
11650,P1,BASE,200.00,205.00,228,F,47361,35.4999
11660,P1,BASE,200.00,197.46,235,F,47440,35.5253
11670,P1,BASE,200.00,200.02,233,F,47520,35.5251
11680,P1,BASE,200.00,207.46,225,F,47603,35.4505
11690,P1,BASE,200.00,212.52,219,F,47688,35.3253
11700,P1,BASE,200.00,192.50,240,F,47765,35.4003
11710,P1,BASE,200.00,185.06,248,F,47839,35.5498
11720,P1,BASE,200.00,202.50,230,F,47920,35.5247
11730,P1,BASE,200.00,202.48,230,F,48001,35.5000
11740,P1,BASE,200.00,202.48,230,F,48082,35.4752
11750,P1,BASE,200.00,202.54,230,F,48163,35.4497
11760,P1,BASE,200.00,197.44,235,F,48242,35.4753
11770,P1,BASE,200.00,200.02,232,F,48322,35.4751
11780,P1,BASE,200.00,202.50,230,F,48403,35.4501
11790,P1,BASE,200.00,205.00,227,F,48485,35.4001
11800,P1,BASE,200.00,200.00,232,F,48565,35.4001
11810,P1,BASE,200.00,194.98,237,F,48643,35.4503
11820,P1,BASE,200.00,195.04,238,F,48721,35.4999
11830,P1,BASE,200.00,197.50,235,F,48800,35.5249
11840,P1,BASE,200.00,194.98,238,F,48878,35.5751
11850,P1,BASE,200.00,195.04,239,F,48956,35.6247
11860,P1,BASE,200.00,202.44,231,F,49037,35.6004
11870,P1,BASE,200.00,197.56,236,F,49116,35.6248
11880,P1,BASE,200.00,194.94,239,F,49194,35.6754
11890,P1,BASE,200.00,194.98,239,F,49272,35.7255
11900,P1,BASE,200.00,197.52,237,F,49351,35.7503
11910,P1,BASE,200.00,202.56,232,F,49432,35.7247
11920,P1,BASE,200.00,199.92,234,F,49512,35.7255
11930,P1,BASE,200.00,207.56,226,F,49595,35.6499
11940,P1,BASE,200.00,209.98,223,F,49679,35.5501
11950,P1,BASE,200.00,205.04,228,F,49761,35.4997
11960,P1,BASE,200.00,197.50,235,F,49840,35.5247
11970,P1,BASE,200.00,200.00,233,F,49920,35.5247
11980,P1,BASE,200.00,212.50,219,F,50005,35.3997
11990,P1,BASE,200.00,207.48,224,F,50088,35.3249
12000,P1,BASE,200.00,189.96,242,F,50164,35.4253
12010,P1,BASE,150.00,187.50,212,F,50239,35.0503
12020,P1,BASE,150.00,202.50,182,F,50320,34.5253
12030,P1,BASE,150.00,197.54,175,F,50399,34.0499
12040,P1,BASE,150.00,192.46,177,F,50476,33.6253
12050,P1,BASE,150.00,192.48,174,F,50553,33.2005
12060,P1,BASE,150.00,182.54,182,F,50626,32.8751
12070,P1,BASE,150.00,182.52,180,F,50699,32.5499
12080,P1,BASE,150.00,185.02,175,F,50773,32.1998
12090,P1,BASE,150.00,179.95,179,F,50845,31.9003
12100,P1,BASE,150.00,175.00,182,F,50915,31.6503
12110,P1,BASE,150.00,175.02,180,F,50985,31.4001
12120,P1,BASE,150.00,167.48,187,F,51052,31.2253
12130,P1,BASE,150.00,162.53,191,F,51117,31.1000
12140,P1,BASE,150.00,164.97,188,F,51183,30.9503
12150,P1,BASE,150.00,159.98,192,F,51247,30.8505
12160,P1,BASE,150.00,157.52,194,F,51310,30.7753
12170,P1,BASE,150.00,155.03,196,F,51372,30.7250
12180,P1,BASE,150.00,157.47,193,F,51435,30.6503
12190,P1,BASE,150.00,155.00,195,F,51497,30.6003
12200,P1,BASE,150.00,152.53,198,F,51558,30.5750
12210,P1,BASE,150.00,142.49,208,F,51615,30.6501
12220,P1,BASE,150.00,147.49,204,F,51674,30.6753
12230,P1,BASE,150.00,147.50,204,F,51733,30.7003
12240,P1,BASE,150.00,147.49,204,F,51792,30.7254
12250,P1,BASE,150.00,150.05,201,F,51852,30.7250
12260,P1,BASE,150.00,147.47,204,F,51911,30.7503
12270,P1,BASE,150.00,150.01,201,F,51971,30.7501
12280,P1,BASE,150.00,152.53,199,F,52032,30.7248
12290,P1,BASE,150.00,149.97,201,F,52092,30.7251
12300,P1,BASE,150.00,145.00,207,F,52150,30.7751
12310,P1,BASE,150.00,145.01,207,F,52208,30.8250
12320,P1,BASE,150.00,144.97,207,F,52266,30.8753
12330,P1,BASE,150.00,144.99,208,F,52324,30.9254
12340,P1,BASE,150.00,150.01,203,F,52384,30.9253
12350,P1,BASE,150.00,160.03,192,F,52448,30.8249
12360,P1,BASE,150.00,147.47,205,F,52507,30.8502
12370,P1,BASE,150.00,137.50,216,F,52562,30.9752
12380,P1,BASE,150.00,135.00,219,F,52616,31.1252
12390,P1,BASE,150.00,150.03,204,F,52676,31.1249
12400,P1,BASE,150.00,152.48,201,F,52737,31.1001
12410,P1,BASE,150.00,150.00,204,F,52797,31.1001
12420,P1,BASE,150.00,150.01,204,F,52857,31.0999
12430,P1,BASE,150.00,147.47,206,F,52916,31.1252
12440,P1,BASE,150.00,147.54,207,F,52975,31.1498
12450,P1,BASE,150.00,147.47,207,F,53034,31.1751
12460,P1,BASE,150.00,144.99,210,F,53092,31.2252
12470,P1,BASE,150.00,150.03,205,F,53152,31.2249
12480,P1,BASE,150.00,149.99,205,F,53212,31.2251
12490,P1,BASE,150.00,152.50,202,F,53273,31.2001
12500,P1,BASE,150.00,147.51,207,F,53332,31.2249
12510,P1,BASE,150.00,147.50,207,F,53391,31.2499
12520,P1,BASE,150.00,144.97,210,F,53449,31.3002
12530,P1,BASE,150.00,145.00,210,F,53507,31.3502
12540,P1,BASE,150.00,145.04,211,F,53565,31.3998
12550,P1,BASE,150.00,144.97,211,F,53623,31.4501
12560,P1,BASE,150.00,147.50,209,F,53682,31.4751
12570,P1,BASE,150.00,144.97,212,F,53740,31.5254
12580,P1,BASE,150.00,150.06,206,F,53800,31.5248
12590,P1,BASE,150.00,152.48,204,F,53861,31.4999
12600,P1,BASE,150.00,147.46,209,F,53920,31.5254
12610,P1,BASE,150.00,145.04,212,F,53978,31.5749
12620,P1,BASE,150.00,142.51,215,F,54035,31.6498
12630,P1,BASE,150.00,147.49,210,F,54094,31.6749
12640,P1,BASE,150.00,150.01,208,F,54154,31.6748
12650,P1,BASE,150.00,150.00,208,F,54214,31.6748
12660,P1,BASE,150.00,150.00,208,F,54274,31.6748
12670,P1,BASE,150.00,152.45,205,F,54335,31.6502
12680,P1,BASE,150.00,155.00,202,F,54397,31.6002
12690,P1,BASE,150.00,155.05,202,F,54459,31.5498
12700,P1,BASE,150.00,152.50,204,F,54520,31.5248
12710,P1,BASE,150.00,150.00,207,F,54580,31.5248
12720,P1,BASE,150.00,147.47,209,F,54639,31.5501
12730,P1,BASE,150.00,150.01,207,F,54699,31.5499
12740,P1,BASE,150.00,150.00,207,F,54759,31.5499
12750,P1,BASE,150.00,162.52,193,F,54824,31.4248
12760,P1,BASE,150.00,155.00,200,F,54886,31.3748
12770,P1,BASE,150.00,142.50,214,F,54943,31.4498
12780,P1,BASE,150.00,137.50,220,F,54998,31.5748
12790,P1,BASE,150.00,147.46,210,F,55057,31.6002
12800,P1,BASE,150.00,152.53,204,F,55118,31.5749
12810,P1,BASE,150.00,154.97,201,F,55180,31.5252
12820,P1,BASE,150.00,150.01,207,F,55240,31.5251
12830,P1,BASE,150.00,152.50,204,F,55301,31.5001
12840,P1,BASE,150.00,150.01,206,F,55361,31.4999
12850,P1,BASE,150.00,147.50,209,F,55420,31.5249
12860,P1,BASE,150.00,150.01,207,F,55480,31.5247
12870,P1,BASE,150.00,149.94,207,F,55540,31.5253
12880,P1,BASE,150.00,150.01,207,F,55600,31.5252
12890,P1,BASE,150.00,155.00,201,F,55662,31.4752
12900,P1,BASE,150.00,147.50,209,F,55721,31.5002
12910,P1,BASE,150.00,150.01,206,F,55781,31.5000
12920,P1,BASE,150.00,147.53,209,F,55840,31.5248
12930,P1,BASE,150.00,144.96,212,F,55898,31.5752
12940,P1,BASE,150.00,147.53,210,F,55957,31.5999
12950,P1,BASE,150.00,144.99,212,F,56015,31.6500
12960,P1,BASE,150.00,145.03,213,F,56073,31.6997
12970,P1,BASE,150.00,147.46,210,F,56132,31.7252
12980,P1,BASE,150.00,150.01,208,F,56192,31.7250
12990,P1,BASE,150.00,152.53,205,F,56253,31.6997
13000,P1,BASE,150.00,147.44,210,F,56312,31.7253
13010,P1,BASE,150.00,147.51,211,F,56371,31.7502
13020,P1,BASE,150.00,145.00,213,F,56429,31.8002
13030,P1,BASE,150.00,145.01,214,F,56487,31.8500
13040,P1,BASE,150.00,150.03,209,F,56547,31.8497
13050,P1,BASE,150.00,150.00,209,F,56607,31.8497
13060,P1,BASE,150.00,152.45,206,F,56668,31.8252
13070,P1,BASE,150.00,152.52,206,F,56729,31.8000
13080,P1,BASE,150.00,152.53,206,F,56790,31.7747
13090,P1,BASE,150.00,157.45,200,F,56853,31.7002
13100,P1,BASE,150.00,152.53,205,F,56914,31.6749
13110,P1,BASE,150.00,150.01,208,F,56974,31.6747
13120,P1,BASE,150.00,147.46,210,F,57033,31.7002
13130,P1,BASE,150.00,150.05,208,F,57093,31.6997
13140,P1,BASE,150.00,149.99,208,F,57153,31.6999
13150,P1,BASE,150.00,162.50,194,F,57218,31.5749
13160,P1,BASE,150.00,155.00,201,F,57280,31.5249
13170,P1,BASE,150.00,145.00,212,F,57338,31.5749
13180,P1,BASE,150.00,139.99,218,F,57394,31.6750
13190,P1,BASE,150.00,142.47,216,F,57451,31.7503
13200,P1,BASE,150.00,152.56,205,F,57512,31.7247
13210,P1,BASE,150.00,155.00,202,F,57574,31.6747
13220,P1,BASE,150.00,152.48,205,F,57635,31.6499
13230,P1,BASE,150.00,152.50,205,F,57696,31.6249
13240,P1,BASE,150.00,150.01,207,F,57756,31.6247
13250,P1,BASE,150.00,147.50,210,F,57815,31.6497
13260,P1,BASE,150.00,149.99,207,F,57875,31.6499
13270,P1,BASE,150.00,150.00,207,F,57935,31.6499
13280,P1,BASE,150.00,152.47,205,F,57996,31.6252
13290,P1,BASE,150.00,154.98,202,F,58058,31.5753
13300,P1,BASE,150.00,147.56,210,F,58117,31.5997
13310,P1,BASE,150.00,149.99,207,F,58177,31.5999
13320,P1,BASE,150.00,147.49,210,F,58236,31.6250
13330,P1,BASE,150.00,145.00,213,F,58294,31.6750
13340,P1,BASE,150.00,149.91,208,F,58354,31.6759
13350,P1,BASE,150.00,145.10,213,F,58412,31.7249
13360,P1,BASE,150.00,147.47,211,F,58471,31.7502
13370,P1,BASE,150.00,147.53,211,F,58530,31.7749
13380,P1,BASE,150.00,149.99,208,F,58590,31.7751
13390,P1,BASE,150.00,152.48,205,F,58651,31.7502
13400,P1,BASE,150.00,147.50,211,F,58710,31.7752
13410,P1,BASE,150.00,149.99,208,F,58770,31.7754
13420,P1,BASE,150.00,145.01,214,F,58828,31.8252
13430,P1,BASE,150.00,145.01,214,F,58886,31.8751
13440,P1,BASE,150.00,150.01,209,F,58946,31.8749
13450,P1,BASE,150.00,149.99,209,F,59006,31.8751
13460,P1,BASE,150.00,152.52,206,F,59067,31.8499
13470,P1,BASE,150.00,152.48,206,F,59128,31.8251
13480,P1,BASE,150.00,154.97,203,F,59190,31.7754
13490,P1,BASE,150.00,157.53,200,F,59253,31.7001
13500,P1,BASE,150.00,152.53,205,F,59314,31.6748
13510,P1,BASE,150.00,149.97,208,F,59374,31.6751
13520,P1,BASE,150.00,147.49,210,F,59433,31.7002
13530,P1,BASE,150.00,150.03,208,F,59493,31.6999
13540,P1,BASE,150.00,152.38,205,F,59554,31.6761
13550,P1,BASE,150.00,162.63,194,F,59619,31.5498
13560,P1,BASE,150.00,155.00,201,F,59681,31.4998
13570,P1,BASE,150.00,142.50,215,F,59738,31.5748
13580,P1,BASE,150.00,140.00,218,F,59794,31.6748
13590,P1,BASE,150.00,145.01,213,F,59852,31.7247
13600,P1,BASE,150.00,152.48,205,F,59913,31.6998
13610,P1,BASE,150.00,154.97,202,F,59975,31.6501
13620,P1,BASE,150.00,150.05,207,F,60035,31.6497
13630,P1,BASE,150.00,152.48,205,F,60096,31.6248
13640,P1,BASE,150.00,152.48,205,F,60157,31.6000
13650,P1,BASE,150.00,147.49,210,F,60216,31.6252
13660,P1,BASE,150.00,150.01,207,F,60276,31.6250
13670,P1,BASE,150.00,149.97,207,F,60336,31.6253
13680,P1,BASE,150.00,150.05,207,F,60396,31.6248
13690,P1,BASE,150.00,155.02,202,F,60458,31.5747
13700,P1,BASE,150.00,147.49,210,F,60517,31.5998
13710,P1,BASE,150.00,152.47,204,F,60578,31.5751
13720,P1,BASE,150.00,145.03,212,F,60636,31.6249
13730,P1,BASE,150.00,144.99,213,F,60694,31.6750
13740,P1,BASE,150.00,147.51,210,F,60753,31.6999
13750,P1,BASE,150.00,147.49,210,F,60812,31.7250
13760,P1,BASE,150.00,147.53,211,F,60871,31.7497
13770,P1,BASE,150.00,144.99,213,F,60929,31.7999
13780,P1,BASE,150.00,150.00,208,F,60989,31.7999
13790,P1,BASE,150.00,152.52,206,F,61050,31.7747
13800,P1,BASE,150.00,149.96,208,F,61110,31.7751
13810,P1,BASE,150.00,147.53,211,F,61169,31.7999
13820,P1,BASE,150.00,144.97,214,F,61227,31.8501
13830,P1,BASE,150.00,145.03,214,F,61285,31.8999
13840,P1,BASE,150.00,150.00,209,F,61345,31.8999
13850,P1,BASE,150.00,149.97,209,F,61405,31.9002
13860,P1,BASE,150.00,152.55,206,F,61466,31.8747
13870,P1,BASE,150.00,152.47,206,F,61527,31.8500
13880,P1,BASE,150.00,152.48,206,F,61588,31.8252
13890,P1,BASE,150.00,157.55,200,F,61651,31.7497
13900,P1,BASE,150.00,152.47,205,F,61712,31.7250
13910,P1,BASE,150.00,152.52,205,F,61773,31.6998
13920,P1,BASE,150.00,147.51,210,F,61832,31.7247
13930,P1,BASE,150.00,149.97,208,F,61892,31.7250
13940,P1,BASE,150.00,150.03,208,F,61952,31.7247
13950,P1,BASE,150.00,162.45,194,F,62017,31.6002
13960,P1,BASE,150.00,157.45,199,F,62080,31.5256
13970,P1,BASE,150.00,142.56,215,F,62137,31.6001
13980,P1,BASE,150.00,139.96,218,F,62193,31.7005
13990,P1,BASE,150.00,145.06,213,F,62251,31.7499
14000,P1,BASE,150.00,152.52,205,F,62312,31.7248
14010,P1,BASE,150.00,152.50,205,F,62373,31.6998
14020,P1,BASE,150.00,152.50,205,F,62434,31.6748
14030,P1,BASE,150.00,152.48,205,F,62495,31.6499
14040,P1,BASE,150.00,150.01,207,F,62555,31.6498
14050,P1,BASE,150.00,149.96,207,F,62615,31.6502
14060,P1,BASE,150.00,150.00,207,F,62675,31.6502
14070,P1,BASE,150.00,147.50,210,F,62734,31.6752
14080,P1,BASE,150.00,152.55,205,F,62795,31.6498
14090,P1,BASE,150.00,154.98,202,F,62857,31.5999
14100,P1,BASE,150.00,147.50,210,F,62916,31.6249
14110,P1,BASE,150.00,152.45,205,F,62977,31.6004
14120,P1,BASE,150.00,145.04,212,F,63035,31.6499
14130,P1,BASE,150.00,144.97,213,F,63093,31.7002
14140,P1,BASE,150.00,149.99,208,F,63153,31.7004
14150,P1,BASE,150.00,145.06,213,F,63211,31.7498
14160,P1,BASE,150.00,147.50,211,F,63270,31.7748
14170,P1,BASE,150.00,147.47,211,F,63329,31.8001
14180,P1,BASE,150.00,149.97,208,F,63389,31.8004
14190,P1,BASE,150.00,152.55,206,F,63450,31.7749
14200,P1,BASE,150.00,147.50,211,F,63509,31.7999
14210,P1,BASE,150.00,150.00,208,F,63569,31.7999
14220,P1,BASE,150.00,142.47,217,F,63626,31.8752
14230,P1,BASE,150.00,147.53,212,F,63685,31.8999
14240,P1,BASE,150.00,150.01,209,F,63745,31.8998
14250,P1,BASE,150.00,149.99,209,F,63805,31.8999
14260,P1,BASE,150.00,152.48,206,F,63866,31.8751
14270,P1,BASE,150.00,152.53,206,F,63927,31.8498
14280,P1,BASE,150.00,154.97,203,F,63989,31.8001
14290,P1,BASE,150.00,154.97,203,F,64051,31.7504
14300,P1,BASE,150.00,152.50,205,F,64112,31.7254
14310,P1,BASE,150.00,152.50,205,F,64173,31.7004
14320,P1,BASE,150.00,150.00,208,F,64233,31.7004
14330,P1,BASE,150.00,147.53,210,F,64292,31.7251
14340,P1,BASE,150.00,150.01,208,F,64352,31.7249
14350,P1,BASE,150.00,162.47,194,F,64417,31.6003
14360,P1,BASE,150.00,155.00,202,F,64479,31.5503
14370,P1,BASE,150.00,145.00,212,F,64537,31.6003
14380,P1,BASE,150.00,137.51,221,F,64592,31.7251
14390,P1,BASE,150.00,150.03,208,F,64652,31.7248
14400,P1,BASE,150.00,150.00,208,F,64712,31.7248
14410,P1,BASE,150.00,154.97,202,F,64774,31.6751
14420,P1,BASE,150.00,152.48,205,F,64835,31.6503
14430,P1,BASE,150.00,152.55,205,F,64896,31.6248
14440,P1,BASE,150.00,149.96,207,F,64956,31.6253
14450,P1,BASE,150.00,150.00,207,F,65016,31.6253
14460,P1,BASE,150.00,147.54,210,F,65075,31.6498
14470,P1,BASE,150.00,152.44,205,F,65136,31.6255
14480,P1,BASE,150.00,150.06,207,F,65196,31.6249
14490,P1,BASE,150.00,155.00,202,F,65258,31.5749
14500,P1,BASE,150.00,149.99,207,F,65318,31.5750
14510,P1,BASE,150.00,149.97,207,F,65378,31.5753
14520,P1,BASE,150.00,147.54,210,F,65437,31.5999
14530,P1,BASE,150.00,145.00,212,F,65495,31.6499
14540,P1,BASE,150.00,147.49,210,F,65554,31.6750
14550,P1,BASE,150.00,147.44,210,F,65613,31.7006
14560,P1,BASE,150.00,147.57,210,F,65672,31.7249
14570,P1,BASE,150.00,144.97,213,F,65730,31.7751
14580,P1,BASE,150.00,150.03,208,F,65790,31.7748
14590,P1,BASE,150.00,154.95,203,F,65852,31.7253
14600,P1,BASE,150.00,147.50,211,F,65911,31.7503
14610,P1,BASE,150.00,147.50,211,F,65970,31.7753
14620,P1,BASE,150.00,145.04,214,F,66028,31.8249
14630,P1,BASE,150.00,147.35,211,F,66087,31.8513
14640,P1,BASE,150.00,150.15,209,F,66147,31.8498
14650,P1,BASE,150.00,149.97,209,F,66207,31.8501
14660,P1,BASE,150.00,152.48,206,F,66268,31.8253
14670,P1,BASE,150.00,152.50,206,F,66329,31.8003
14680,P1,BASE,150.00,154.97,203,F,66391,31.7506
14690,P1,BASE,150.00,155.05,203,F,66453,31.7001
14700,P1,BASE,150.00,152.52,205,F,66514,31.6750
14710,P1,BASE,150.00,152.48,205,F,66575,31.6501
14720,P1,BASE,150.00,147.50,210,F,66634,31.6751
14730,P1,BASE,150.00,150.03,208,F,66694,31.6748
14740,P1,BASE,150.00,152.48,205,F,66755,31.6500
14750,P1,BASE,150.00,162.47,194,F,66820,31.5253
14760,P1,BASE,150.00,155.02,201,F,66882,31.4752
14770,P1,BASE,150.00,142.49,214,F,66939,31.5503
14780,P1,BASE,150.00,137.50,220,F,66994,31.6753
14790,P1,BASE,150.00,147.53,210,F,67053,31.7000
14800,P1,BASE,150.00,152.50,205,F,67114,31.6750
14810,P1,BASE,150.00,154.98,202,F,67176,31.6252
14820,P1,BASE,150.00,150.00,207,F,67236,31.6252
14830,P1,BASE,150.00,152.53,204,F,67297,31.5999
14840,P1,BASE,150.00,152.48,204,F,67358,31.5750
14850,P1,BASE,150.00,147.49,210,F,67417,31.6002
14860,P1,BASE,150.00,150.01,207,F,67477,31.6000
14870,P1,BASE,150.00,149.96,207,F,67537,31.6005
14880,P1,BASE,150.00,150.01,207,F,67597,31.6003
14890,P1,BASE,150.00,155.05,202,F,67659,31.5499
14900,P1,BASE,150.00,147.46,209,F,67718,31.5753
14910,P1,BASE,150.00,152.55,204,F,67779,31.5498
14920,P1,BASE,150.00,144.96,212,F,67837,31.6003
14930,P1,BASE,150.00,144.99,212,F,67895,31.6504
14940,P1,BASE,150.00,150.05,207,F,67955,31.6500
14950,P1,BASE,150.00,145.00,213,F,68013,31.7000
14960,P1,BASE,150.00,147.50,210,F,68072,31.7250
14970,P1,BASE,150.00,147.49,211,F,68131,31.7501
14980,P1,BASE,150.00,150.00,208,F,68191,31.7501
14990,P1,BASE,150.00,152.48,205,F,68252,31.7253
15000,P1,BASE,150.00,147.49,211,F,68311,31.7504
15010,P1,BASE,80.00,150.01,181,F,68371,31.0503
15020,P1,BASE,80.00,142.51,151,F,68428,30.4251
15030,P1,BASE,80.00,142.51,132,F,68485,29.8000
15040,P1,BASE,80.00,142.47,128,F,68542,29.1753
15050,P1,BASE,80.00,142.43,123,F,68599,28.5510
15060,P1,BASE,80.00,137.58,125,F,68654,27.9751
15070,P1,BASE,80.00,135.01,124,F,68708,27.4250
15080,P1,BASE,80.00,137.49,117,F,68763,26.8501
15090,P1,BASE,80.00,132.51,119,F,68816,26.3250
15100,P1,BASE,80.00,132.50,116,F,68869,25.8000
15110,P1,BASE,80.00,124.96,120,F,68919,25.3504
15120,P1,BASE,80.00,125.03,117,F,68969,24.9001
15130,P1,BASE,80.00,115.01,125,F,69015,24.5500
15140,P1,BASE,80.00,117.48,120,F,69062,24.1753
15150,P1,BASE,80.00,112.53,123,F,69107,23.8499
15160,P1,BASE,80.00,112.49,121,F,69152,23.5250
15170,P1,BASE,80.00,117.50,113,F,69199,23.1500
15180,P1,BASE,80.00,117.50,111,F,69246,22.7750
15190,P1,BASE,80.00,104.98,122,F,69288,22.5252
15200,P1,BASE,80.00,100.03,126,F,69328,22.3249
15210,P1,BASE,80.00,95.00,130,F,69366,22.1749
15220,P1,BASE,80.00,89.97,134,F,69402,22.0752
15230,P1,BASE,80.00,100.00,123,F,69442,21.8752
15240,P1,BASE,80.00,95.01,127,F,69480,21.7251
15250,P1,BASE,80.00,95.01,126,F,69518,21.5750
15260,P1,BASE,80.00,95.00,125,F,69556,21.4250
15270,P1,BASE,80.00,89.98,129,F,69592,21.3252
15280,P1,BASE,80.00,90.01,129,F,69628,21.2251
15290,P1,BASE,80.00,90.02,128,F,69664,21.1249
15300,P1,BASE,80.00,84.99,133,F,69698,21.0750
15310,P1,BASE,80.00,87.48,130,F,69733,21.0002
15320,P1,BASE,80.00,82.50,135,F,69766,20.9752
15330,P1,BASE,80.00,82.52,135,F,69799,20.9499
15340,P1,BASE,80.00,79.98,137,F,69831,20.9502
15350,P1,BASE,80.00,80.00,137,F,69863,20.9502
15360,P1,BASE,80.00,77.50,140,F,69894,20.9752
15370,P1,BASE,80.00,80.02,137,F,69926,20.9750
15380,P1,BASE,80.00,77.48,140,F,69957,21.0002
15390,P1,BASE,80.00,75.00,143,F,69987,21.0502
15400,P1,BASE,80.00,77.50,140,F,70018,21.0752
15410,P1,BASE,80.00,77.52,141,F,70049,21.1000
15420,P1,BASE,80.00,75.01,143,F,70079,21.1500
15430,P1,BASE,80.00,72.48,147,F,70108,21.2252
15440,P1,BASE,80.00,72.51,147,F,70137,21.3000
15450,P1,BASE,80.00,72.49,148,F,70166,21.3752
15460,P1,BASE,80.00,72.49,148,F,70195,21.4502
15470,P1,BASE,80.00,70.02,151,F,70223,21.5500
15480,P1,BASE,80.00,70.00,152,F,70251,21.6500
15490,P1,BASE,80.00,70.00,153,F,70279,21.7500
15500,P1,BASE,80.00,70.00,153,F,70307,21.8500
15510,P1,BASE,80.00,70.01,154,F,70335,21.9500
15520,P1,BASE,80.00,69.97,155,F,70363,22.0502
15530,P1,BASE,80.00,70.00,155,F,70391,22.1502
15540,P1,BASE,80.00,70.02,156,F,70419,22.2500
15550,P1,BASE,80.00,72.51,154,F,70448,22.3250
15560,P1,BASE,80.00,67.49,160,F,70475,22.4500
15570,P1,BASE,80.00,72.49,155,F,70504,22.5251
15580,P1,BASE,80.00,69.99,158,F,70532,22.6252
15590,P1,BASE,80.00,72.51,156,F,70561,22.7001
15600,P1,BASE,80.00,69.99,159,F,70589,22.8002
15610,P1,BASE,80.00,72.51,157,F,70618,22.8750
15620,P1,BASE,80.00,74.99,155,F,70648,22.9252
15630,P1,BASE,80.00,74.98,156,F,70678,22.9754
15640,P1,BASE,80.00,70.04,161,F,70706,23.0750
15650,P1,BASE,80.00,72.48,159,F,70735,23.1502
15660,P1,BASE,80.00,72.51,160,F,70764,23.2251
15670,P1,BASE,80.00,69.99,163,F,70792,23.3252
15680,P1,BASE,80.00,72.51,161,F,70821,23.4001
15690,P1,BASE,80.00,72.50,161,F,70850,23.4751
15700,P1,BASE,80.00,70.01,165,F,70878,23.5751
15710,P1,BASE,80.00,75.01,160,F,70908,23.6250
15720,P1,BASE,80.00,74.99,160,F,70938,23.6751
15730,P1,BASE,80.00,72.49,163,F,70967,23.7501
15740,P1,BASE,80.00,75.01,161,F,70997,23.8001
15750,P1,BASE,80.00,75.01,161,F,71027,23.8500
15760,P1,BASE,80.00,74.99,162,F,71057,23.9001
15770,P1,BASE,80.00,72.51,165,F,71086,23.9750
15780,P1,BASE,80.00,74.97,162,F,71116,24.0253
15790,P1,BASE,80.00,77.51,160,F,71147,24.0502
15800,P1,BASE,80.00,75.00,163,F,71177,24.1002
15810,P1,BASE,80.00,77.52,160,F,71208,24.1251
15820,P1,BASE,80.00,80.00,158,F,71240,24.1251
15830,P1,BASE,80.00,75.01,163,F,71270,24.1750
15840,P1,BASE,80.00,77.49,161,F,71301,24.2001
15850,P1,BASE,80.00,77.49,161,F,71332,24.2251
15860,P1,BASE,80.00,77.51,161,F,71363,24.2501
15870,P1,BASE,80.00,72.49,167,F,71392,24.3252
15880,P1,BASE,80.00,77.52,162,F,71423,24.3500
15890,P1,BASE,80.00,77.48,162,F,71454,24.3753
15900,P1,BASE,80.00,75.01,165,F,71484,24.4252
15910,P1,BASE,80.00,77.51,163,F,71515,24.4501
15920,P1,BASE,80.00,77.52,163,F,71546,24.4750
15930,P1,BASE,80.00,79.97,160,F,71578,24.4753
15940,P1,BASE,80.00,85.00,155,F,71612,24.4253
15950,P1,BASE,80.00,87.52,152,F,71647,24.3501
15960,P1,BASE,80.00,77.49,162,F,71678,24.3752
15970,P1,BASE,80.00,80.00,160,F,71710,24.3752
15980,P1,BASE,80.00,75.02,165,F,71740,24.4250
15990,P1,BASE,80.00,77.48,163,F,71771,24.4501
16000,P1,BASE,80.00,70.01,171,F,71799,24.5501
16010,P1,BASE,80.00,82.51,158,F,71832,24.5250
16020,P1,BASE,80.00,79.99,161,F,71864,24.5251
16030,P1,BASE,80.00,82.49,158,F,71897,24.5001
16040,P1,BASE,80.00,79.99,160,F,71929,24.5002
16050,P1,BASE,80.00,82.51,158,F,71962,24.4751
16060,P1,BASE,80.00,82.52,158,F,71995,24.4500
16070,P1,BASE,80.00,80.00,160,F,72027,24.4500
16080,P1,BASE,80.00,82.48,157,F,72060,24.4252
16090,P1,BASE,80.00,82.50,157,F,72093,24.4002
16100,P1,BASE,80.00,82.52,157,F,72126,24.3751
16110,P1,BASE,80.00,80.00,160,F,72158,24.3751
16120,P1,BASE,80.00,79.98,160,F,72190,24.3752
16130,P1,BASE,80.00,80.02,160,F,72222,24.3750
16140,P1,BASE,80.00,82.49,157,F,72255,24.3501
16150,P1,BASE,80.00,77.49,162,F,72286,24.3751
16160,P1,BASE,80.00,80.00,160,F,72318,24.3751
16170,P1,BASE,80.00,82.51,157,F,72351,24.3500
16180,P1,BASE,80.00,82.48,157,F,72384,24.3252
16190,P1,BASE,80.00,80.02,159,F,72416,24.3251
16200,P1,BASE,80.00,82.48,157,F,72449,24.3003
16210,P1,BASE,80.00,80.03,159,F,72481,24.3000
16220,P1,BASE,80.00,79.97,159,F,72513,24.3003
16230,P1,BASE,80.00,80.00,159,F,72545,24.3003
16240,P1,BASE,80.00,77.51,162,F,72576,24.3252
16250,P1,BASE,80.00,79.99,159,F,72608,24.3253
16260,P1,BASE,80.00,77.52,162,F,72639,24.3501
16270,P1,BASE,80.00,77.48,162,F,72670,24.3752
16280,P1,BASE,80.00,77.51,162,F,72701,24.4002
16290,P1,BASE,80.00,80.02,160,F,72733,24.4000
16300,P1,BASE,80.00,77.48,162,F,72764,24.4252
16310,P1,BASE,80.00,80.02,160,F,72796,24.4251
16320,P1,BASE,80.00,77.50,163,F,72827,24.4501
16330,P1,BASE,80.00,79.98,160,F,72859,24.4502
16340,P1,BASE,80.00,77.49,163,F,72890,24.4753
16350,P1,BASE,80.00,77.52,163,F,72921,24.5001
16360,P1,BASE,80.00,79.99,160,F,72953,24.5001
16370,P1,BASE,80.00,79.99,160,F,72985,24.5002
16380,P1,BASE,80.00,80.01,160,F,73017,24.5001
16390,P1,BASE,80.00,82.50,158,F,73050,24.4751
16400,P1,BASE,80.00,82.52,158,F,73083,24.4500
16410,P1,BASE,80.00,77.48,163,F,73114,24.4751
16420,P1,BASE,80.00,82.48,158,F,73147,24.4503
16430,P1,BASE,80.00,77.52,163,F,73178,24.4751
16440,P1,BASE,80.00,77.50,163,F,73209,24.5001
16450,P1,BASE,80.00,77.48,163,F,73240,24.5252
16460,P1,BASE,80.00,77.49,163,F,73271,24.5503
16470,P1,BASE,80.00,80.02,161,F,73303,24.5501
16480,P1,BASE,80.00,82.46,158,F,73336,24.5255
16490,P1,BASE,80.00,80.04,161,F,73368,24.5251
16500,P1,BASE,80.00,77.48,163,F,73399,24.5503
16510,P1,BASE,80.00,82.53,158,F,73432,24.5250
16520,P1,BASE,80.00,79.96,161,F,73464,24.5254
16530,P1,BASE,80.00,80.02,161,F,73496,24.5252
16540,P1,BASE,80.00,80.02,161,F,73528,24.5250
16550,P1,BASE,80.00,82.50,158,F,73561,24.5000
16560,P1,BASE,80.00,80.00,160,F,73593,24.5000
16570,P1,BASE,80.00,82.49,158,F,73626,24.4751
16580,P1,BASE,80.00,82.48,158,F,73659,24.4503
16590,P1,BASE,80.00,80.01,160,F,73691,24.4502
16600,P1,BASE,80.00,80.00,160,F,73723,24.4502
16610,P1,BASE,80.00,82.50,157,F,73756,24.4252
16620,P1,BASE,80.00,77.50,163,F,73787,24.4502
16630,P1,BASE,80.00,77.51,163,F,73818,24.4751
16640,P1,BASE,80.00,80.00,160,F,73850,24.4751
16650,P1,BASE,80.00,80.00,160,F,73882,24.4751
16660,P1,BASE,80.00,79.96,160,F,73914,24.4755
16670,P1,BASE,80.00,80.03,160,F,73946,24.4752
16680,P1,BASE,80.00,82.51,158,F,73979,24.4501
16690,P1,BASE,80.00,89.98,149,F,74015,24.3503
16700,P1,BASE,80.00,87.52,151,F,74050,24.2752
16710,P1,BASE,80.00,77.50,162,F,74081,24.3002
16720,P1,BASE,80.00,80.00,159,F,74113,24.3002
16730,P1,BASE,80.00,77.49,162,F,74144,24.3252
16740,P1,BASE,80.00,75.01,165,F,74174,24.3752
16750,P1,BASE,80.00,77.52,162,F,74205,24.4000
16760,P1,BASE,80.00,82.48,157,F,74238,24.3752
16770,P1,BASE,80.00,79.99,160,F,74270,24.3753
16780,P1,BASE,80.00,82.53,157,F,74303,24.3500
16790,P1,BASE,80.00,82.48,157,F,74336,24.3252
16800,P1,BASE,80.00,82.50,157,F,74369,24.3002
16810,P1,BASE,80.00,82.49,156,F,74402,24.2753
16820,P1,BASE,80.00,82.52,156,F,74435,24.2501
16830,P1,BASE,80.00,82.48,156,F,74468,24.2253
16840,P1,BASE,80.00,82.52,156,F,74501,24.2001
16850,P1,BASE,80.00,82.48,156,F,74534,24.1752
16860,P1,BASE,80.00,80.02,158,F,74566,24.1750
16870,P1,BASE,80.00,82.50,156,F,74599,24.1500
16880,P1,BASE,80.00,77.49,161,F,74630,24.1751
16890,P1,BASE,80.00,82.48,156,F,74663,24.1502
16900,P1,BASE,80.00,80.01,158,F,74695,24.1502
16910,P1,BASE,80.00,80.01,158,F,74727,24.1501
16920,P1,BASE,80.00,79.98,158,F,74759,24.1503
16930,P1,BASE,80.00,82.49,155,F,74792,24.1254
16940,P1,BASE,80.00,80.02,158,F,74824,24.1253
16950,P1,BASE,80.00,82.52,155,F,74857,24.1001
16960,P1,BASE,80.00,79.99,158,F,74889,24.1002
16970,P1,BASE,80.00,77.49,160,F,74920,24.1252
16980,P1,BASE,80.00,82.52,155,F,74953,24.1001
16990,P1,BASE,80.00,77.49,160,F,74984,24.1252
17000,P1,BASE,80.00,77.52,161,F,75015,24.1500
17010,P1,BASE,80.00,77.50,161,F,75046,24.1750
17020,P1,BASE,80.00,77.50,161,F,75077,24.2000
17030,P1,BASE,80.00,77.48,161,F,75108,24.2252
17040,P1,BASE,80.00,80.01,159,F,75140,24.2251
17050,P1,BASE,80.00,77.48,161,F,75171,24.2502
17060,P1,BASE,80.00,77.51,161,F,75202,24.2752
17070,P1,BASE,80.00,77.48,162,F,75233,24.3003
17080,P1,BASE,80.00,77.52,162,F,75264,24.3252
17090,P1,BASE,80.00,77.49,162,F,75295,24.3502
17100,P1,BASE,80.00,77.52,162,F,75326,24.3751
17110,P1,BASE,80.00,80.00,160,F,75358,24.3751
17120,P1,BASE,80.00,79.98,160,F,75390,24.3753
17130,P1,BASE,80.00,80.02,160,F,75422,24.3752
17140,P1,BASE,80.00,82.51,157,F,75455,24.3501
17150,P1,BASE,80.00,79.99,159,F,75487,24.3502
17160,P1,BASE,80.00,77.50,162,F,75518,24.3752
17170,P1,BASE,80.00,82.50,157,F,75551,24.3502
17180,P1,BASE,80.00,75.01,165,F,75581,24.4000
17190,P1,BASE,80.00,77.50,162,F,75612,24.4250
17200,P1,BASE,80.00,77.49,163,F,75643,24.4501
17210,P1,BASE,80.00,77.51,163,F,75674,24.4750
17220,P1,BASE,80.00,79.98,160,F,75706,24.4752
17230,P1,BASE,80.00,79.99,160,F,75738,24.4752
17240,P1,BASE,80.00,80.01,160,F,75770,24.4752
17250,P1,BASE,80.00,77.49,163,F,75801,24.5002
17260,P1,BASE,80.00,82.50,158,F,75834,24.4752
17270,P1,BASE,80.00,77.52,163,F,75865,24.5001
17280,P1,BASE,80.00,79.99,160,F,75897,24.5002
17290,P1,BASE,80.00,80.02,160,F,75929,24.5000
17300,P1,BASE,80.00,82.50,158,F,75962,24.4750
17310,P1,BASE,80.00,79.97,160,F,75994,24.4753
17320,P1,BASE,80.00,82.51,158,F,76027,24.4502
17330,P1,BASE,80.00,79.99,160,F,76059,24.4503
17340,P1,BASE,80.00,80.02,160,F,76091,24.4502
17350,P1,BASE,80.00,80.00,160,F,76123,24.4502
17360,P1,BASE,80.00,79.98,160,F,76155,24.4503
17370,P1,BASE,80.00,77.51,163,F,76186,24.4753
17380,P1,BASE,80.00,80.00,160,F,76218,24.4753
17390,P1,BASE,80.00,77.52,163,F,76249,24.5000
17400,P1,BASE,80.00,80.00,160,F,76281,24.5000
17410,P1,BASE,80.00,77.49,163,F,76312,24.5251
17420,P1,BASE,80.00,82.48,158,F,76345,24.5003
17430,P1,BASE,80.00,79.99,160,F,76377,24.5003
17440,P1,BASE,80.00,87.52,152,F,76412,24.4252
17450,P1,BASE,80.00,89.98,149,F,76448,24.3253
17460,P1,BASE,80.00,80.00,159,F,76480,24.3253
17470,P1,BASE,80.00,77.52,162,F,76511,24.3502
17480,P1,BASE,80.00,80.02,159,F,76543,24.3500
17490,P1,BASE,80.00,77.48,162,F,76574,24.3752
17500,P1,BASE,80.00,72.48,168,F,76603,24.4504
17510,P1,BASE,80.00,82.54,157,F,76636,24.4250
17520,P1,BASE,80.00,82.48,157,F,76669,24.4002
17530,P1,BASE,80.00,80.01,160,F,76701,24.4001
17540,P1,BASE,80.00,82.48,157,F,76734,24.3752
17550,P1,BASE,80.00,82.52,157,F,76767,24.3501
17560,P1,BASE,80.00,82.48,157,F,76800,24.3253
17570,P1,BASE,80.00,82.52,157,F,76833,24.3002
17580,P1,BASE,80.00,82.52,156,F,76866,24.2750
17590,P1,BASE,80.00,80.00,159,F,76898,24.2750
17600,P1,BASE,80.00,82.50,156,F,76931,24.2500
17610,P1,BASE,80.00,82.48,156,F,76964,24.2252
17620,P1,BASE,80.00,80.00,159,F,76996,24.2252
17630,P1,BASE,80.00,80.01,159,F,77028,24.2252
17640,P1,BASE,80.00,79.99,159,F,77060,24.2252
17650,P1,BASE,80.00,79.99,159,F,77092,24.2253
17660,P1,BASE,80.00,80.03,159,F,77124,24.2250
17670,P1,BASE,80.00,82.47,156,F,77157,24.2003
17680,P1,BASE,80.00,80.02,158,F,77189,24.2001
17690,P1,BASE,80.00,82.51,156,F,77222,24.1750
17700,P1,BASE,80.00,79.98,158,F,77254,24.1752
17710,P1,BASE,80.00,82.48,156,F,77287,24.1504
17720,P1,BASE,80.00,77.54,161,F,77318,24.1750
17730,P1,BASE,80.00,79.98,158,F,77350,24.1753
17740,P1,BASE,80.00,80.00,158,F,77382,24.1753
17750,P1,BASE,80.00,77.49,161,F,77413,24.2003
17760,P1,BASE,80.00,77.53,161,F,77444,24.2250
17770,P1,BASE,80.00,77.48,161,F,77475,24.2502
17780,P1,BASE,80.00,77.52,161,F,77506,24.2750
17790,P1,BASE,80.00,77.50,162,F,77537,24.3000
17800,P1,BASE,80.00,77.48,162,F,77568,24.3253
17810,P1,BASE,80.00,80.02,159,F,77600,24.3250
17820,P1,BASE,80.00,74.98,165,F,77630,24.3752
17830,P1,BASE,80.00,80.00,160,F,77662,24.3752
17840,P1,BASE,80.00,77.52,162,F,77693,24.4001
17850,P1,BASE,80.00,77.51,162,F,77724,24.4250
17860,P1,BASE,80.00,79.98,160,F,77756,24.4252
17870,P1,BASE,80.00,77.51,163,F,77787,24.4501
17880,P1,BASE,80.00,82.48,157,F,77820,24.4253
17890,P1,BASE,80.00,79.99,160,F,77852,24.4253
17900,P1,BASE,80.00,82.52,157,F,77885,24.4002
17910,P1,BASE,80.00,77.50,162,F,77916,24.4252
17920,P1,BASE,80.00,79.98,160,F,77948,24.4253
17930,P1,BASE,80.00,77.52,163,F,77979,24.4502
17940,P1,BASE,80.00,77.52,163,F,78010,24.4750
17950,P1,BASE,80.00,77.48,163,F,78041,24.5003
17960,P1,BASE,80.00,77.51,163,F,78072,24.5252
17970,P1,BASE,80.00,77.52,163,F,78103,24.5500
17980,P1,BASE,80.00,82.49,158,F,78136,24.5251
17990,P1,BASE,80.00,80.00,161,F,78168,24.5251
18000,P1,BASE,80.00,77.49,163,F,78199,24.5502
18010,P1,BASE,0.00,82.51,133,F,78232,23.7251
18020,P1,BASE,0.00,77.48,103,F,78263,22.9503
18030,P1,BASE,0.00,77.51,73,F,78294,22.1752
18040,P1,BASE,0.00,75.01,64,F,78324,21.4251
18050,P1,BASE,0.00,72.50,62,F,78353,20.7001
18060,P1,BASE,0.00,70.01,60,F,78381,20.0000
18070,P1,BASE,0.00,64.97,60,F,78407,19.3503
18080,P1,BASE,0.00,62.51,59,F,78432,18.7252
18090,P1,BASE,0.00,60.01,57,F,78456,18.1251
18100,P1,BASE,0.00,55.00,59,F,78478,17.5751
18110,P1,BASE,0.00,49.99,61,F,78498,17.0752
18120,P1,BASE,0.00,47.50,60,F,78517,16.6002
18130,P1,BASE,0.00,47.51,57,F,78536,16.1251
18140,P1,BASE,0.00,40.00,62,F,78552,15.7252
18150,P1,BASE,0.00,40.00,59,F,78568,15.3252
18160,P1,BASE,0.00,35.01,62,F,78582,14.9751
18170,P1,BASE,0.00,32.50,63,F,78595,14.6501
18180,P1,BASE,0.00,30.00,63,F,78607,14.3501
18190,P1,BASE,0.00,27.49,64,F,78618,14.0752
18200,P1,BASE,0.00,25.01,65,F,78628,13.8251
18210,P1,BASE,0.00,22.50,66,F,78637,13.6001
18220,P1,BASE,0.00,22.49,64,F,78646,13.3752
18230,P1,BASE,0.00,20.00,66,F,78654,13.1752
18240,P1,BASE,0.00,17.50,67,F,78661,13.0001
18250,P1,BASE,0.00,15.00,69,F,78667,12.8502
18260,P1,BASE,0.00,12.50,70,F,78672,12.7252
18270,P1,BASE,0.00,12.50,70,F,78677,12.6001
18280,P1,BASE,0.00,10.00,71,F,78681,12.5001
18290,P1,BASE,0.00,10.00,71,F,78685,12.4001
18300,P1,BASE,0.00,5.00,76,F,78687,12.3501
18310,P1,BASE,0.00,7.50,72,F,78690,12.2751
18320,P1,BASE,0.00,5.00,75,F,78692,12.2251
18330,P1,BASE,0.00,5.00,74,F,78694,12.1751
18340,P1,BASE,0.00,2.50,77,F,78695,12.1501
18350,P1,BASE,0.00,7.50,71,F,78698,12.0751
18360,P1,BASE,0.00,2.50,76,F,78699,12.0501
18370,P1,BASE,0.00,2.50,76,F,78700,12.0251
18380,P1,BASE,0.00,2.50,76,F,78701,12.0001
18390,P1,BASE,0.00,0.00,78,F,78701,12.0001
18400,P1,BASE,0.00,0.00,78,F,78701,12.0001
18410,P1,BASE,0.00,0.00,78,F,78701,12.0001
18420,P1,BASE,0.00,0.00,78,F,78701,12.0001
18430,P1,BASE,0.00,0.00,78,F,78701,12.0001
18440,P1,BASE,0.00,0.00,78,F,78701,12.0001
18450,P1,BASE,0.00,0.00,78,F,78701,12.0001
18460,P1,BASE,0.00,0.00,78,F,78701,12.0001
18470,P1,BASE,0.00,0.00,78,F,78701,12.0001
18480,P1,BASE,0.00,0.00,78,F,78701,12.0001
18490,P1,BASE,0.00,0.00,78,F,78701,12.0001
18500,P1,BASE,0.00,0.00,78,F,78701,12.0001
18510,P1,BASE,0.00,0.00,78,F,78701,12.0001
18520,P1,BASE,0.00,0.00,78,F,78701,12.0001
18530,P1,BASE,0.00,0.00,78,F,78701,12.0001
18540,P1,BASE,0.00,0.00,78,F,78701,12.0001
18550,P1,BASE,0.00,0.00,78,F,78701,12.0001
18560,P1,BASE,0.00,0.00,78,F,78701,12.0001
18570,P1,BASE,0.00,0.00,78,F,78701,12.0001
18580,P1,BASE,0.00,0.00,78,F,78701,12.0001
18590,P1,BASE,0.00,0.00,78,F,78701,12.0001
18600,P1,BASE,0.00,0.00,78,F,78701,12.0001
18610,P1,BASE,0.00,0.00,78,F,78701,12.0001
18620,P1,BASE,0.00,0.00,78,F,78701,12.0001
18630,P1,BASE,0.00,0.00,78,F,78701,12.0001
18640,P1,BASE,0.00,0.00,78,F,78701,12.0001
18650,P1,BASE,0.00,0.00,78,F,78701,12.0001
18660,P1,BASE,0.00,0.00,78,F,78701,12.0001
18670,P1,BASE,0.00,0.00,78,F,78701,12.0001
18680,P1,BASE,0.00,0.00,78,F,78701,12.0001
18690,P1,BASE,0.00,0.00,78,F,78701,12.0001
18700,P1,BASE,0.00,0.00,78,F,78701,12.0001
18710,P1,BASE,0.00,0.00,78,F,78701,12.0001
18720,P1,BASE,0.00,0.00,78,F,78701,12.0001
18730,P1,BASE,0.00,0.00,78,F,78701,12.0001
18740,P1,BASE,0.00,0.00,78,F,78701,12.0001
18750,P1,BASE,0.00,0.00,78,F,78701,12.0001
18760,P1,BASE,0.00,0.00,78,F,78701,12.0001
18770,P1,BASE,0.00,0.00,78,F,78701,12.0001
18780,P1,BASE,0.00,0.00,78,F,78701,12.0001
18790,P1,BASE,0.00,0.00,78,F,78701,12.0001
18800,P1,BASE,0.00,0.00,78,F,78701,12.0001
18810,P1,BASE,0.00,0.00,78,F,78701,12.0001
18820,P1,BASE,0.00,0.00,78,F,78701,12.0001
18830,P1,BASE,0.00,0.00,78,F,78701,12.0001
18840,P1,BASE,0.00,0.00,78,F,78701,12.0001
18850,P1,BASE,0.00,0.00,78,F,78701,12.0001
18860,P1,BASE,0.00,0.00,78,F,78701,12.0001
18870,P1,BASE,0.00,0.00,78,F,78701,12.0001
18880,P1,BASE,0.00,0.00,78,F,78701,12.0001
18890,P1,BASE,0.00,0.00,78,F,78701,12.0001
18900,P1,BASE,0.00,0.00,78,F,78701,12.0001
18910,P1,BASE,0.00,0.00,78,F,78701,12.0001
18920,P1,BASE,0.00,0.00,78,F,78701,12.0001
18930,P1,BASE,0.00,0.00,78,F,78701,12.0001
18940,P1,BASE,0.00,0.00,78,F,78701,12.0001
18950,P1,BASE,0.00,0.00,78,F,78701,12.0001
18960,P1,BASE,0.00,0.00,78,F,78701,12.0001
18970,P1,BASE,0.00,0.00,78,F,78701,12.0001
18980,P1,BASE,0.00,0.00,78,F,78701,12.0001
18990,P1,BASE,0.00,0.00,78,F,78701,12.0001
19000,P1,BASE,0.00,0.00,78,F,78701,12.0001
19010,P1,BASE,0.00,0.00,78,F,78701,12.0001
19020,P1,BASE,0.00,0.00,78,F,78701,12.0001
19030,P1,BASE,0.00,0.00,78,F,78701,12.0001
19040,P1,BASE,0.00,0.00,78,F,78701,12.0001
19050,P1,BASE,0.00,0.00,78,F,78701,12.0001
19060,P1,BASE,0.00,0.00,78,F,78701,12.0001
19070,P1,BASE,0.00,0.00,78,F,78701,12.0001
19080,P1,BASE,0.00,0.00,78,F,78701,12.0001
19090,P1,BASE,0.00,0.00,78,F,78701,12.0001
19100,P1,BASE,0.00,0.00,78,F,78701,12.0001
19110,P1,BASE,0.00,0.00,78,F,78701,12.0001
19120,P1,BASE,0.00,0.00,78,F,78701,12.0001
19130,P1,BASE,0.00,0.00,78,F,78701,12.0001
19140,P1,BASE,0.00,0.00,78,F,78701,12.0001
19150,P1,BASE,0.00,0.00,78,F,78701,12.0001
19160,P1,BASE,0.00,0.00,78,F,78701,12.0001
19170,P1,BASE,0.00,0.00,78,F,78701,12.0001
19180,P1,BASE,0.00,0.00,78,F,78701,12.0001
19190,P1,BASE,0.00,0.00,78,F,78701,12.0001
19200,P1,BASE,0.00,0.00,78,F,78701,12.0001
19210,P1,BASE,0.00,0.00,78,F,78701,12.0001
19220,P1,BASE,0.00,0.00,78,F,78701,12.0001
19230,P1,BASE,0.00,0.00,78,F,78701,12.0001
19240,P1,BASE,0.00,0.00,78,F,78701,12.0001
19250,P1,BASE,0.00,0.00,78,F,78701,12.0001
19260,P1,BASE,0.00,0.00,78,F,78701,12.0001
19270,P1,BASE,0.00,0.00,78,F,78701,12.0001
19280,P1,BASE,0.00,0.00,78,F,78701,12.0001
19290,P1,BASE,0.00,0.00,78,F,78701,12.0001
19300,P1,BASE,0.00,0.00,78,F,78701,12.0001
19310,P1,BASE,0.00,0.00,78,F,78701,12.0001
19320,P1,BASE,0.00,0.00,78,F,78701,12.0001
19330,P1,BASE,0.00,0.00,78,F,78701,12.0001
19340,P1,BASE,0.00,0.00,78,F,78701,12.0001
19350,P1,BASE,0.00,0.00,78,F,78701,12.0001
19360,P1,BASE,0.00,0.00,78,F,78701,12.0001
19370,P1,BASE,0.00,0.00,78,F,78701,12.0001
19380,P1,BASE,0.00,0.00,78,F,78701,12.0001
19390,P1,BASE,0.00,0.00,78,F,78701,12.0001
19400,P1,BASE,0.00,0.00,78,F,78701,12.0001
19410,P1,BASE,0.00,0.00,78,F,78701,12.0001
19420,P1,BASE,0.00,0.00,78,F,78701,12.0001
19430,P1,BASE,0.00,0.00,78,F,78701,12.0001
19440,P1,BASE,0.00,0.00,78,F,78701,12.0001
19450,P1,BASE,0.00,0.00,78,F,78701,12.0001
19460,P1,BASE,0.00,0.00,78,F,78701,12.0001
19470,P1,BASE,0.00,0.00,78,F,78701,12.0001
19480,P1,BASE,0.00,0.00,78,F,78701,12.0001
19490,P1,BASE,0.00,0.00,78,F,78701,12.0001
19500,P1,BASE,0.00,0.00,78,F,78701,12.0001
19510,P1,BASE,0.00,0.00,78,F,78701,12.0001
19520,P1,BASE,0.00,0.00,78,F,78701,12.0001
19530,P1,BASE,0.00,0.00,78,F,78701,12.0001
19540,P1,BASE,0.00,0.00,78,F,78701,12.0001
19550,P1,BASE,0.00,0.00,78,F,78701,12.0001
19560,P1,BASE,0.00,0.00,78,F,78701,12.0001
19570,P1,BASE,0.00,0.00,78,F,78701,12.0001
19580,P1,BASE,0.00,0.00,78,F,78701,12.0001
19590,P1,BASE,0.00,0.00,78,F,78701,12.0001
19600,P1,BASE,0.00,0.00,78,F,78701,12.0001
19610,P1,BASE,0.00,0.00,78,F,78701,12.0001
19620,P1,BASE,0.00,0.00,78,F,78701,12.0001
19630,P1,BASE,0.00,0.00,78,F,78701,12.0001
19640,P1,BASE,0.00,0.00,78,F,78701,12.0001
19650,P1,BASE,0.00,0.00,78,F,78701,12.0001
19660,P1,BASE,0.00,0.00,78,F,78701,12.0001
19670,P1,BASE,0.00,0.00,78,F,78701,12.0001
19680,P1,BASE,0.00,0.00,78,F,78701,12.0001
19690,P1,BASE,0.00,0.00,78,F,78701,12.0001
19700,P1,BASE,0.00,0.00,78,F,78701,12.0001
19710,P1,BASE,0.00,0.00,78,F,78701,12.0001
19720,P1,BASE,0.00,0.00,78,F,78701,12.0001
19730,P1,BASE,0.00,0.00,78,F,78701,12.0001
19740,P1,BASE,0.00,0.00,78,F,78701,12.0001
19750,P1,BASE,0.00,0.00,78,F,78701,12.0001
19760,P1,BASE,0.00,0.00,78,F,78701,12.0001
19770,P1,BASE,0.00,0.00,78,F,78701,12.0001
19780,P1,BASE,0.00,0.00,78,F,78701,12.0001
19790,P1,BASE,0.00,0.00,78,F,78701,12.0001
19800,P1,BASE,0.00,0.00,78,F,78701,12.0001
19810,P1,BASE,0.00,0.00,78,F,78701,12.0001
19820,P1,BASE,0.00,0.00,78,F,78701,12.0001
19830,P1,BASE,0.00,0.00,78,F,78701,12.0001
19840,P1,BASE,0.00,0.00,78,F,78701,12.0001
19850,P1,BASE,0.00,0.00,78,F,78701,12.0001
19860,P1,BASE,0.00,0.00,78,F,78701,12.0001
19870,P1,BASE,0.00,0.00,78,F,78701,12.0001
19880,P1,BASE,0.00,0.00,78,F,78701,12.0001
19890,P1,BASE,0.00,0.00,78,F,78701,12.0001
19900,P1,BASE,0.00,0.00,78,F,78701,12.0001
19910,P1,BASE,0.00,0.00,78,F,78701,12.0001
19920,P1,BASE,0.00,0.00,78,F,78701,12.0001
19930,P1,BASE,0.00,0.00,78,F,78701,12.0001
19940,P1,BASE,0.00,0.00,78,F,78701,12.0001
19950,P1,BASE,0.00,0.00,78,F,78701,12.0001
19960,P1,BASE,0.00,0.00,78,F,78701,12.0001
19970,P1,BASE,0.00,0.00,78,F,78701,12.0001
19980,P1,BASE,0.00,0.00,78,F,78701,12.0001
19990,P1,BASE,0.00,0.00,78,F,78701,12.0001
20000,P1,BASE,0.00,0.00,78,F,78701,12.0001
20010,P1,BASE,0.00,0.00,78,F,78701,12.0001
20020,P1,BASE,0.00,0.00,78,F,78701,12.0001
20030,P1,BASE,0.00,0.00,78,F,78701,12.0001
20040,P1,BASE,0.00,0.00,78,F,78701,12.0001
20050,P1,BASE,0.00,0.00,78,F,78701,12.0001
20060,P1,BASE,0.00,0.00,78,F,78701,12.0001
20070,P1,BASE,0.00,0.00,78,F,78701,12.0001
20080,P1,BASE,0.00,0.00,78,F,78701,12.0001
20090,P1,BASE,0.00,0.00,78,F,78701,12.0001
20100,P1,BASE,0.00,0.00,78,F,78701,12.0001
20110,P1,BASE,0.00,0.00,78,F,78701,12.0001
20120,P1,BASE,0.00,0.00,78,F,78701,12.0001
20130,P1,BASE,0.00,0.00,78,F,78701,12.0001
20140,P1,BASE,0.00,0.00,78,F,78701,12.0001
20150,P1,BASE,0.00,0.00,78,F,78701,12.0001
20160,P1,BASE,0.00,0.00,78,F,78701,12.0001
20170,P1,BASE,0.00,0.00,78,F,78701,12.0001
20180,P1,BASE,0.00,0.00,78,F,78701,12.0001
20190,P1,BASE,0.00,0.00,78,F,78701,12.0001
20200,P1,BASE,0.00,0.00,78,F,78701,12.0001
20210,P1,BASE,0.00,0.00,78,F,78701,12.0001
20220,P1,BASE,0.00,0.00,78,F,78701,12.0001
20230,P1,BASE,0.00,0.00,78,F,78701,12.0001
20240,P1,BASE,0.00,0.00,78,F,78701,12.0001
20250,P1,BASE,0.00,0.00,78,F,78701,12.0001
20260,P1,BASE,0.00,0.00,78,F,78701,12.0001
20270,P1,BASE,0.00,0.00,78,F,78701,12.0001
20280,P1,BASE,0.00,0.00,78,F,78701,12.0001
20290,P1,BASE,0.00,0.00,78,F,78701,12.0001
20300,P1,BASE,0.00,0.00,78,F,78701,12.0001
20310,P1,BASE,0.00,0.00,78,F,78701,12.0001
20320,P1,BASE,0.00,0.00,78,F,78701,12.0001
20330,P1,BASE,0.00,0.00,78,F,78701,12.0001
20340,P1,BASE,0.00,0.00,78,F,78701,12.0001
20350,P1,BASE,0.00,0.00,78,F,78701,12.0001
20360,P1,BASE,0.00,0.00,78,F,78701,12.0001
20370,P1,BASE,0.00,0.00,78,F,78701,12.0001
20380,P1,BASE,0.00,0.00,78,F,78701,12.0001
20390,P1,BASE,0.00,0.00,78,F,78701,12.0001
20400,P1,BASE,0.00,0.00,78,F,78701,12.0001
20410,P1,BASE,0.00,0.00,78,F,78701,12.0001
20420,P1,BASE,0.00,0.00,78,F,78701,12.0001
20430,P1,BASE,0.00,0.00,78,F,78701,12.0001
20440,P1,BASE,0.00,0.00,78,F,78701,12.0001
20450,P1,BASE,0.00,2.50,76,F,78702,11.9751
20460,P1,BASE,0.00,0.00,78,F,78702,11.9751
20470,P1,BASE,0.00,0.00,78,F,78702,11.9751
20480,P1,BASE,0.00,0.00,78,F,78702,11.9751
20490,P1,BASE,0.00,0.00,78,F,78702,11.9751
20500,P1,BASE,0.00,0.00,78,F,78702,11.9751
20510,P1,BASE,0.00,0.00,78,F,78702,11.9751
20520,P1,BASE,0.00,0.00,78,F,78702,11.9751
20530,P1,BASE,0.00,0.00,78,F,78702,11.9751
20540,P1,BASE,0.00,0.00,78,F,78702,11.9751
20550,P1,BASE,0.00,0.00,78,F,78702,11.9751
20560,P1,BASE,0.00,0.00,78,F,78702,11.9751
20570,P1,BASE,0.00,0.00,78,F,78702,11.9751
20580,P1,BASE,0.00,0.00,78,F,78702,11.9751
20590,P1,BASE,0.00,0.00,78,F,78702,11.9751
20600,P1,BASE,0.00,0.00,78,F,78702,11.9751
20610,P1,BASE,0.00,0.00,78,F,78702,11.9751
20620,P1,BASE,0.00,0.00,78,F,78702,11.9751
20630,P1,BASE,0.00,0.00,78,F,78702,11.9751
20640,P1,BASE,0.00,0.00,78,F,78702,11.9751
20650,P1,BASE,0.00,0.00,78,F,78702,11.9751
20660,P1,BASE,0.00,0.00,78,F,78702,11.9751
20670,P1,BASE,0.00,0.00,78,F,78702,11.9751
20680,P1,BASE,0.00,0.00,78,F,78702,11.9751
20690,P1,BASE,0.00,0.00,78,F,78702,11.9751
20700,P1,BASE,0.00,0.00,78,F,78702,11.9751
20710,P1,BASE,0.00,0.00,78,F,78702,11.9751
20720,P1,BASE,0.00,0.00,78,F,78702,11.9751
20730,P1,BASE,0.00,0.00,78,F,78702,11.9751
20740,P1,BASE,0.00,0.00,78,F,78702,11.9751
20750,P1,BASE,0.00,0.00,78,F,78702,11.9751
20760,P1,BASE,0.00,0.00,78,F,78702,11.9751
20770,P1,BASE,0.00,0.00,78,F,78702,11.9751
20780,P1,BASE,0.00,0.00,78,F,78702,11.9751
20790,P1,BASE,0.00,0.00,78,F,78702,11.9751
20800,P1,BASE,0.00,0.00,78,F,78702,11.9751
20810,P1,BASE,0.00,0.00,78,F,78702,11.9751
20820,P1,BASE,0.00,0.00,78,F,78702,11.9751
20830,P1,BASE,0.00,0.00,78,F,78702,11.9751
20840,P1,BASE,0.00,0.00,78,F,78702,11.9751
20850,P1,BASE,0.00,0.00,78,F,78702,11.9751
20860,P1,BASE,0.00,0.00,78,F,78702,11.9751
20870,P1,BASE,0.00,0.00,78,F,78702,11.9751
20880,P1,BASE,0.00,0.00,78,F,78702,11.9751
20890,P1,BASE,0.00,0.00,78,F,78702,11.9751
20900,P1,BASE,0.00,0.00,78,F,78702,11.9751
20910,P1,BASE,0.00,0.00,78,F,78702,11.9751
20920,P1,BASE,0.00,0.00,78,F,78702,11.9751
20930,P1,BASE,0.00,0.00,78,F,78702,11.9751
20940,P1,BASE,0.00,0.00,78,F,78702,11.9751
20950,P1,BASE,0.00,0.00,78,F,78702,11.9751
20960,P1,BASE,0.00,0.00,78,F,78702,11.9751
20970,P1,BASE,0.00,0.00,78,F,78702,11.9751
20980,P1,BASE,0.00,0.00,78,F,78702,11.9751
20990,P1,BASE,0.00,0.00,78,F,78702,11.9751
21000,P1,BASE,0.00,0.00,78,F,78702,11.9751
21010,P1,BASE,-80.00,0.00,48,F,78702,11.1751
21020,P1,BASE,-80.00,0.00,18,F,78702,10.3751
21030,P1,BASE,-80.00,0.00,-11,R,78702,9.5751
21040,P1,BASE,-80.00,0.00,-23,R,78702,8.7751
21050,P1,BASE,-80.00,0.00,-29,R,78702,7.9751
21060,P1,BASE,-80.00,0.00,-34,R,78702,7.1751
21070,P1,BASE,-80.00,0.00,-39,R,78702,6.3751
21080,P1,BASE,-80.00,0.00,-44,R,78702,5.5751
21090,P1,BASE,-80.00,0.00,-50,R,78702,4.7751
21100,P1,BASE,-80.00,0.00,-55,R,78702,3.9751
21110,P1,BASE,-80.00,0.00,-60,R,78702,3.1751
21120,P1,BASE,-80.00,0.00,-65,R,78702,2.3751
21130,P1,BASE,-80.00,0.00,-71,R,78702,1.5751
21140,P1,BASE,-80.00,0.00,-76,R,78702,0.7751
21150,P1,BASE,-80.00,0.00,-81,R,78702,-0.0249
21160,P1,BASE,-80.00,0.00,-86,R,78702,-0.8249
21170,P1,BASE,-80.00,0.00,-92,R,78702,-1.6249
21180,P1,BASE,-80.00,0.00,-97,R,78702,-2.4249
21190,P1,BASE,-80.00,0.00,-102,R,78702,-3.2249
21200,P1,BASE,-80.00,0.00,-107,R,78702,-4.0249
21210,P1,BASE,-80.00,0.00,-113,R,78702,-4.8249
21220,P1,BASE,-80.00,0.00,-118,R,78702,-5.6249
21230,P1,BASE,-80.00,0.00,-123,R,78702,-6.4249
21240,P1,BASE,-80.00,0.00,-128,R,78702,-7.2249
21250,P1,BASE,-80.00,0.00,-134,R,78702,-8.0249
21260,P1,BASE,-80.00,0.00,-139,R,78702,-8.8249
21270,P1,BASE,-80.00,0.00,-144,R,78702,-9.6249
21280,P1,BASE,-80.00,-2.50,-147,R,78701,-10.3999
21290,P1,BASE,-80.00,-2.50,-152,R,78700,-11.1749
21300,P1,BASE,-80.00,-12.50,-146,R,78695,-11.8498
21310,P1,BASE,-80.00,-15.00,-148,R,78689,-12.4999
21320,P1,BASE,-80.00,-17.50,-149,R,78682,-13.1248
21330,P1,BASE,-80.00,-17.50,-153,R,78675,-13.7499
21340,P1,BASE,-80.00,-20.00,-155,R,78667,-14.3499
21350,P1,BASE,-80.00,-25.00,-153,R,78657,-14.8999
21360,P1,BASE,-80.00,-25.00,-157,R,78647,-15.4499
21370,P1,BASE,-80.00,-27.51,-158,R,78636,-15.9748
21380,P1,BASE,-80.00,-27.49,-161,R,78625,-16.4999
21390,P1,BASE,-80.00,-30.00,-162,R,78613,-16.9999
21400,P1,BASE,-80.00,-32.51,-163,R,78600,-17.4748
21410,P1,BASE,-80.00,-37.50,-160,R,78585,-17.8998
21420,P1,BASE,-80.00,-37.49,-163,R,78570,-18.3249
21430,P1,BASE,-80.00,-37.50,-166,R,78555,-18.7499
21440,P1,BASE,-80.00,-45.01,-161,R,78537,-19.0998
21450,P1,BASE,-80.00,-42.50,-166,R,78520,-19.4748
21460,P1,BASE,-80.00,-44.99,-165,R,78502,-19.8249
21470,P1,BASE,-80.00,-47.52,-165,R,78483,-20.1497
21480,P1,BASE,-80.00,-49.98,-164,R,78463,-20.4499
21490,P1,BASE,-80.00,-50.01,-166,R,78443,-20.7499
21500,P1,BASE,-80.00,-52.51,-166,R,78422,-21.0248
21510,P1,BASE,-80.00,-52.46,-167,R,78401,-21.3002
21520,P1,BASE,-80.00,-52.54,-169,R,78380,-21.5748
21530,P1,BASE,-80.00,-55.01,-168,R,78358,-21.8248
21540,P1,BASE,-80.00,-57.48,-167,R,78335,-22.0500
21550,P1,BASE,-80.00,-55.02,-171,R,78313,-22.2997
21560,P1,BASE,-80.00,-57.48,-170,R,78290,-22.5249
21570,P1,BASE,-80.00,-60.01,-169,R,78266,-22.7248
21580,P1,BASE,-80.00,-60.01,-170,R,78242,-22.9247
21590,P1,BASE,-80.00,-64.98,-166,R,78216,-23.0749
21600,P1,BASE,-80.00,-62.51,-170,R,78191,-23.2499
21610,P1,BASE,-80.00,-65.01,-168,R,78165,-23.3997
21620,P1,BASE,-80.00,-64.98,-169,R,78139,-23.5499
21630,P1,BASE,-80.00,-67.51,-168,R,78112,-23.6749
21640,P1,BASE,-80.00,-65.00,-171,R,78086,-23.8249
21650,P1,BASE,-80.00,-67.49,-170,R,78059,-23.9499
21660,P1,BASE,-80.00,-70.01,-168,R,78031,-24.0499
21670,P1,BASE,-80.00,-67.51,-171,R,78004,-24.1748
21680,P1,BASE,-80.00,-69.98,-169,R,77976,-24.2750
21690,P1,BASE,-80.00,-67.51,-172,R,77949,-24.3999
21700,P1,BASE,-80.00,-70.01,-171,R,77921,-24.4998
21710,P1,BASE,-80.00,-70.01,-171,R,77893,-24.5997
21720,P1,BASE,-80.00,-72.50,-169,R,77864,-24.6747
21730,P1,BASE,-80.00,-70.00,-172,R,77836,-24.7747
21740,P1,BASE,-80.00,-72.50,-170,R,77807,-24.8497
21750,P1,BASE,-80.00,-72.50,-171,R,77778,-24.9247
21760,P1,BASE,-80.00,-72.50,-171,R,77749,-24.9997
21770,P1,BASE,-80.00,-72.49,-172,R,77720,-25.0749
21780,P1,BASE,-80.00,-72.49,-172,R,77691,-25.1499
21790,P1,BASE,-80.00,-72.52,-173,R,77662,-25.2247
21800,P1,BASE,-80.00,-72.48,-173,R,77633,-25.2999
21810,P1,BASE,-80.00,-72.51,-174,R,77604,-25.3749
21820,P1,BASE,-80.00,-74.99,-172,R,77574,-25.4249
21830,P1,BASE,-80.00,-75.00,-172,R,77544,-25.4749
21840,P1,BASE,-80.00,-75.01,-172,R,77514,-25.5249
21850,P1,BASE,-80.00,-74.99,-173,R,77484,-25.5750
21860,P1,BASE,-80.00,-80.02,-167,R,77452,-25.5749
21870,P1,BASE,-80.00,-75.01,-173,R,77422,-25.6247
21880,P1,BASE,-80.00,-79.98,-168,R,77390,-25.6250
21890,P1,BASE,-80.00,-77.49,-171,R,77359,-25.6500
21900,P1,BASE,-80.00,-77.51,-171,R,77328,-25.6750
21910,P1,BASE,-80.00,-80.00,-168,R,77296,-25.6750
21920,P1,BASE,-80.00,-80.02,-168,R,77264,-25.6748
21930,P1,BASE,-80.00,-77.51,-171,R,77233,-25.6997
21940,P1,BASE,-80.00,-79.98,-168,R,77201,-25.6999
21950,P1,BASE,-80.00,-80.01,-168,R,77169,-25.6998
21960,P1,BASE,-80.00,-80.01,-168,R,77137,-25.6997
21970,P1,BASE,-80.00,-77.50,-171,R,77106,-25.7247
21980,P1,BASE,-80.00,-77.48,-171,R,77075,-25.7499
21990,P1,BASE,-80.00,-80.01,-169,R,77043,-25.7498
22000,P1,BASE,-80.00,-79.98,-169,R,77011,-25.7500
22010,P1,BASE,-80.00,-77.52,-171,R,76980,-25.7749
22020,P1,BASE,-80.00,-82.52,-166,R,76947,-25.7497
22030,P1,BASE,-80.00,-79.98,-169,R,76915,-25.7499
22040,P1,BASE,-80.00,-80.02,-169,R,76883,-25.7497
22050,P1,BASE,-80.00,-82.50,-166,R,76850,-25.7247
22060,P1,BASE,-80.00,-79.99,-168,R,76818,-25.7248
22070,P1,BASE,-80.00,-82.48,-166,R,76785,-25.7000
22080,P1,BASE,-80.00,-80.02,-168,R,76753,-25.6998
22090,P1,BASE,-80.00,-82.48,-166,R,76720,-25.6750
22100,P1,BASE,-80.00,-82.50,-165,R,76687,-25.6500
22110,P1,BASE,-80.00,-82.52,-165,R,76654,-25.6248
22120,P1,BASE,-80.00,-84.98,-162,R,76620,-25.5750
22130,P1,BASE,-80.00,-82.52,-165,R,76587,-25.5497
22140,P1,BASE,-80.00,-84.99,-162,R,76553,-25.4998
22150,P1,BASE,-80.00,-82.51,-164,R,76520,-25.4747
22160,P1,BASE,-80.00,-82.47,-164,R,76487,-25.4501
22170,P1,BASE,-80.00,-82.53,-164,R,76454,-25.4247
22180,P1,BASE,-80.00,-85.00,-161,R,76420,-25.3747
22190,P1,BASE,-80.00,-82.50,-163,R,76387,-25.3497
22200,P1,BASE,-80.00,-82.50,-163,R,76354,-25.3247
22210,P1,BASE,-80.00,-84.99,-160,R,76320,-25.2748
22220,P1,BASE,-80.00,-82.48,-163,R,76287,-25.2500
22230,P1,BASE,-80.00,-82.51,-163,R,76254,-25.2249
22240,P1,BASE,-80.00,-84.98,-160,R,76220,-25.1751
22250,P1,BASE,-80.00,-82.52,-162,R,76187,-25.1498
22260,P1,BASE,-80.00,-82.49,-162,R,76154,-25.1249
22270,P1,BASE,-80.00,-84.99,-159,R,76120,-25.0750
22280,P1,BASE,-80.00,-82.52,-161,R,76087,-25.0498
22290,P1,BASE,-80.00,-85.00,-159,R,76053,-24.9998
22300,P1,BASE,-80.00,-82.51,-161,R,76020,-24.9747
22310,P1,BASE,-80.00,-82.48,-161,R,75987,-24.9499
22320,P1,BASE,-80.00,-85.01,-158,R,75953,-24.8998
22330,P1,BASE,-80.00,-82.50,-160,R,75920,-24.8748
22340,P1,BASE,-80.00,-80.00,-163,R,75888,-24.8748
22350,P1,BASE,-80.00,-79.98,-163,R,75856,-24.8751
22360,P1,BASE,-80.00,-82.52,-160,R,75823,-24.8498
22370,P1,BASE,-80.00,-82.48,-160,R,75790,-24.8251
22380,P1,BASE,-80.00,-82.52,-160,R,75757,-24.7998
22390,P1,BASE,-80.00,-82.48,-160,R,75724,-24.7751
22400,P1,BASE,-80.00,-82.52,-159,R,75691,-24.7499
22410,P1,BASE,-80.00,-82.50,-159,R,75658,-24.7249
22420,P1,BASE,-80.00,-82.51,-159,R,75625,-24.6998
22430,P1,BASE,-80.00,-82.48,-159,R,75592,-24.6751
22440,P1,BASE,-80.00,-80.03,-162,R,75560,-24.6747
22450,P1,BASE,-80.00,-79.99,-162,R,75528,-24.6748
22460,P1,BASE,-80.00,-80.00,-162,R,75496,-24.6748
22470,P1,BASE,-80.00,-82.49,-159,R,75463,-24.6499
22480,P1,BASE,-80.00,-79.99,-161,R,75431,-24.6500
22490,P1,BASE,-80.00,-82.51,-159,R,75398,-24.6249
22500,P1,BASE,-80.00,-82.48,-159,R,75365,-24.6001
22510,P1,BASE,-80.00,-80.01,-161,R,75333,-24.6000
22520,P1,BASE,-80.00,-80.02,-161,R,75301,-24.5998
22530,P1,BASE,-80.00,-79.98,-161,R,75269,-24.6000
22540,P1,BASE,-80.00,-77.51,-164,R,75238,-24.6249
22550,P1,BASE,-80.00,-79.99,-161,R,75206,-24.6250
22560,P1,BASE,-80.00,-80.02,-161,R,75174,-24.6247
22570,P1,BASE,-80.00,-79.98,-161,R,75142,-24.6249
22580,P1,BASE,-80.00,-82.50,-159,R,75109,-24.5999
22590,P1,BASE,-80.00,-82.49,-158,R,75076,-24.5750
22600,P1,BASE,-80.00,-82.50,-158,R,75043,-24.5500
22610,P1,BASE,-80.00,-80.00,-161,R,75011,-24.5500
22620,P1,BASE,-80.00,-82.51,-158,R,74978,-24.5249
22630,P1,BASE,-80.00,-82.50,-158,R,74945,-24.4999
22640,P1,BASE,-80.00,-82.50,-158,R,74912,-24.4749
22650,P1,BASE,-80.00,-80.00,-160,R,74880,-24.4749
22660,P1,BASE,-80.00,-82.52,-158,R,74847,-24.4497
22670,P1,BASE,-80.00,-82.48,-157,R,74814,-24.4249
22680,P1,BASE,-80.00,-79.99,-160,R,74782,-24.4250
22690,P1,BASE,-80.00,-82.51,-157,R,74749,-24.3999
22700,P1,BASE,-80.00,-79.99,-160,R,74717,-24.4000
22710,P1,BASE,-80.00,-80.02,-160,R,74685,-24.3997
22720,P1,BASE,-80.00,-77.48,-162,R,74654,-24.4250
22730,P1,BASE,-80.00,-82.51,-157,R,74621,-24.3999
22740,P1,BASE,-80.00,-77.52,-162,R,74590,-24.4247
22750,P1,BASE,-80.00,-82.48,-157,R,74557,-24.4000
22760,P1,BASE,-80.00,-80.02,-160,R,74525,-24.3997
22770,P1,BASE,-80.00,-82.49,-157,R,74492,-24.3748
22780,P1,BASE,-80.00,-80.00,-160,R,74460,-24.3748
22790,P1,BASE,-80.00,-82.49,-157,R,74427,-24.3499
22800,P1,BASE,-80.00,-80.00,-159,R,74395,-24.3499
22810,P1,BASE,-80.00,-80.00,-159,R,74363,-24.3499
22820,P1,BASE,-80.00,-82.51,-157,R,74330,-24.3248
22830,P1,BASE,-80.00,-79.98,-159,R,74298,-24.3250
22840,P1,BASE,-80.00,-80.02,-159,R,74266,-24.3248
22850,P1,BASE,-80.00,-82.48,-157,R,74233,-24.3000
22860,P1,BASE,-80.00,-82.52,-156,R,74200,-24.2748
22870,P1,BASE,-80.00,-79.99,-159,R,74168,-24.2749
22880,P1,BASE,-80.00,-82.51,-156,R,74135,-24.2498
22890,P1,BASE,-80.00,-80.00,-159,R,74103,-24.2498
22900,P1,BASE,-80.00,-82.47,-156,R,74070,-24.2252
22910,P1,BASE,-80.00,-80.02,-159,R,74038,-24.2250
22920,P1,BASE,-80.00,-80.02,-159,R,74006,-24.2248
22930,P1,BASE,-80.00,-80.00,-159,R,73974,-24.2248
22940,P1,BASE,-80.00,-79.98,-159,R,73942,-24.2250
22950,P1,BASE,-80.00,-80.00,-159,R,73910,-24.2250
22960,P1,BASE,-80.00,-80.02,-159,R,73878,-24.2248
22970,P1,BASE,-80.00,-79.97,-159,R,73846,-24.2251
22980,P1,BASE,-80.00,-80.03,-159,R,73814,-24.2248
22990,P1,BASE,-80.00,-79.98,-159,R,73782,-24.2250
23000,P1,BASE,-80.00,-80.01,-159,R,73750,-24.2249
23010,P1,BASE,-80.00,-82.50,-156,R,73717,-24.1999
23020,P1,BASE,-80.00,-80.01,-158,R,73685,-24.1998
23030,P1,BASE,-80.00,-80.01,-158,R,73653,-24.1998
23040,P1,BASE,-80.00,-82.50,-156,R,73620,-24.1748
23050,P1,BASE,-80.00,-79.99,-158,R,73588,-24.1748
23060,P1,BASE,-80.00,-79.98,-158,R,73556,-24.1751
23070,P1,BASE,-80.00,-80.01,-158,R,73524,-24.1750
23080,P1,BASE,-80.00,-77.52,-161,R,73493,-24.1999
23090,P1,BASE,-80.00,-77.51,-161,R,73462,-24.2248
23100,P1,BASE,-80.00,-77.49,-161,R,73431,-24.2499
23110,P1,BASE,-80.00,-80.00,-159,R,73399,-24.2499
23120,P1,BASE,-80.00,-80.00,-159,R,73367,-24.2499
23130,P1,BASE,-80.00,-79.98,-159,R,73335,-24.2501
23140,P1,BASE,-80.00,-80.01,-159,R,73303,-24.2500
23150,P1,BASE,-80.00,-80.00,-159,R,73271,-24.2500
23160,P1,BASE,-80.00,-80.02,-159,R,73239,-24.2498
23170,P1,BASE,-80.00,-80.00,-159,R,73207,-24.2498
23180,P1,BASE,-80.00,-79.98,-159,R,73175,-24.2500
23190,P1,BASE,-80.00,-77.51,-161,R,73144,-24.2749
23200,P1,BASE,-80.00,-80.00,-159,R,73112,-24.2749
23210,P1,BASE,-80.00,-77.49,-162,R,73081,-24.3000
23220,P1,BASE,-80.00,-79.99,-159,R,73049,-24.3001
23230,P1,BASE,-80.00,-80.02,-159,R,73017,-24.2999
23240,P1,BASE,-80.00,-80.00,-159,R,72985,-24.2999
23250,P1,BASE,-80.00,-80.00,-159,R,72953,-24.2999
23260,P1,BASE,-80.00,-77.49,-162,R,72922,-24.3249
23270,P1,BASE,-80.00,-80.00,-159,R,72890,-24.3249
23280,P1,BASE,-80.00,-77.48,-162,R,72859,-24.3501
23290,P1,BASE,-80.00,-77.53,-162,R,72828,-24.3748
23300,P1,BASE,-80.00,-77.48,-162,R,72797,-24.4000
23310,P1,BASE,-80.00,-80.01,-160,R,72765,-24.3999
23320,P1,BASE,-80.00,-80.00,-160,R,72733,-24.3999
23330,P1,BASE,-80.00,-82.49,-157,R,72700,-24.3750
23340,P1,BASE,-80.00,-77.51,-162,R,72669,-24.3999
23350,P1,BASE,-80.00,-82.51,-157,R,72636,-24.3749
23360,P1,BASE,-80.00,-79.98,-160,R,72604,-24.3751
23370,P1,BASE,-80.00,-80.03,-160,R,72572,-24.3748
23380,P1,BASE,-80.00,-82.50,-157,R,72539,-24.3498
23390,P1,BASE,-80.00,-80.00,-159,R,72507,-24.3498
23400,P1,BASE,-80.00,-82.48,-157,R,72474,-24.3250
23410,P1,BASE,-80.00,-82.49,-157,R,72441,-24.3001
23420,P1,BASE,-80.00,-80.02,-159,R,72409,-24.2999
23430,P1,BASE,-80.00,-80.01,-159,R,72377,-24.2998
23440,P1,BASE,-80.00,-80.00,-159,R,72345,-24.2998
23450,P1,BASE,-80.00,-79.98,-159,R,72313,-24.3000
23460,P1,BASE,-80.00,-79.99,-159,R,72281,-24.3001
23470,P1,BASE,-80.00,-77.52,-162,R,72250,-24.3249
23480,P1,BASE,-80.00,-82.50,-157,R,72217,-24.2999
23490,P1,BASE,-80.00,-77.51,-162,R,72186,-24.3249
23500,P1,BASE,-80.00,-79.99,-159,R,72154,-24.3250
23510,P1,BASE,-80.00,-80.02,-159,R,72122,-24.3248
23520,P1,BASE,-80.00,-79.99,-159,R,72090,-24.3249
23530,P1,BASE,-80.00,-82.51,-157,R,72057,-24.2998
23540,P1,BASE,-80.00,-82.49,-156,R,72024,-24.2749
23550,P1,BASE,-80.00,-77.48,-162,R,71993,-24.3001
23560,P1,BASE,-80.00,-82.52,-156,R,71960,-24.2749
23570,P1,BASE,-80.00,-79.99,-159,R,71928,-24.2750
23580,P1,BASE,-80.00,-80.00,-159,R,71896,-24.2750
23590,P1,BASE,-80.00,-80.00,-159,R,71864,-24.2750
23600,P1,BASE,-80.00,-82.51,-156,R,71831,-24.2499
23610,P1,BASE,-80.00,-82.50,-156,R,71798,-24.2249
23620,P1,BASE,-80.00,-80.01,-159,R,71766,-24.2249
23630,P1,BASE,-80.00,-82.50,-156,R,71733,-24.1999
23640,P1,BASE,-80.00,-80.01,-158,R,71701,-24.1998
23650,P1,BASE,-80.00,-79.99,-158,R,71669,-24.1999
23660,P1,BASE,-80.00,-79.98,-158,R,71637,-24.2000
23670,P1,BASE,-80.00,-80.02,-158,R,71605,-24.1998
23680,P1,BASE,-80.00,-79.99,-158,R,71573,-24.1999
23690,P1,BASE,-80.00,-79.98,-158,R,71541,-24.2001
23700,P1,BASE,-80.00,-80.00,-158,R,71509,-24.2001
23710,P1,BASE,-80.00,-80.02,-158,R,71477,-24.1999
23720,P1,BASE,-80.00,-80.02,-158,R,71445,-24.1998
23730,P1,BASE,-80.00,-79.98,-158,R,71413,-24.1999
23740,P1,BASE,-80.00,-80.01,-158,R,71381,-24.1999
23750,P1,BASE,-80.00,-80.01,-158,R,71349,-24.1998
23760,P1,BASE,-80.00,-82.49,-156,R,71316,-24.1749
23770,P1,BASE,-80.00,-77.48,-161,R,71285,-24.2000
23780,P1,BASE,-80.00,-82.50,-156,R,71252,-24.1750
23790,P1,BASE,-80.00,-80.02,-158,R,71220,-24.1749
23800,P1,BASE,-80.00,-79.98,-158,R,71188,-24.1750
23810,P1,BASE,-80.00,-80.01,-158,R,71156,-24.1749
23820,P1,BASE,-80.00,-80.02,-158,R,71124,-24.1748
23830,P1,BASE,-80.00,-77.48,-161,R,71093,-24.2000
23840,P1,BASE,-80.00,-77.49,-161,R,71062,-24.2251
23850,P1,BASE,-80.00,-80.01,-159,R,71030,-24.2250
23860,P1,BASE,-80.00,-77.51,-161,R,70999,-24.2499
23870,P1,BASE,-80.00,-80.00,-159,R,70967,-24.2499
23880,P1,BASE,-80.00,-82.49,-156,R,70934,-24.2250
23890,P1,BASE,-80.00,-80.01,-159,R,70902,-24.2249
23900,P1,BASE,-80.00,-80.02,-159,R,70870,-24.2248
23910,P1,BASE,-80.00,-79.99,-159,R,70838,-24.2248
23920,P1,BASE,-80.00,-80.01,-159,R,70806,-24.2248
23930,P1,BASE,-80.00,-77.50,-161,R,70775,-24.2498
23940,P1,BASE,-80.00,-77.48,-161,R,70744,-24.2750
23950,P1,BASE,-80.00,-80.02,-159,R,70712,-24.2748
23960,P1,BASE,-80.00,-77.51,-162,R,70681,-24.2998
23970,P1,BASE,-80.00,-82.50,-156,R,70648,-24.2748
23980,P1,BASE,-80.00,-80.00,-159,R,70616,-24.2748
23990,P1,BASE,-80.00,-79.97,-159,R,70584,-24.2751
24000,P1,BASE,-80.00,-80.02,-159,R,70552,-24.2749
24010,P1,BASE,-150.00,-79.99,-189,R,70520,-24.9750
24020,P1,BASE,-150.00,-80.01,-219,R,70488,-25.6749
24030,P1,BASE,-150.00,-85.00,-239,R,70454,-26.3249
24040,P1,BASE,-150.00,-95.01,-232,R,70416,-26.8748
24050,P1,BASE,-150.00,-105.00,-225,R,70374,-27.3248
24060,P1,BASE,-150.00,-112.49,-220,R,70329,-27.6999
24070,P1,BASE,-150.00,-122.50,-211,R,70280,-27.9749
24080,P1,BASE,-150.00,-127.51,-208,R,70229,-28.1998
24090,P1,BASE,-150.00,-127.51,-209,R,70178,-28.4247
24100,P1,BASE,-150.00,-135.00,-202,R,70124,-28.5747
24110,P1,BASE,-150.00,-134.97,-203,R,70070,-28.7250
24120,P1,BASE,-150.00,-137.50,-202,R,70015,-28.8500
24130,P1,BASE,-150.00,-137.53,-202,R,69960,-28.9747
24140,P1,BASE,-150.00,-135.00,-206,R,69906,-29.1247
24150,P1,BASE,-150.00,-134.96,-207,R,69852,-29.2751
24160,P1,BASE,-150.00,-137.53,-205,R,69797,-29.3998
24170,P1,BASE,-150.00,-142.46,-201,R,69740,-29.4752
24180,P1,BASE,-150.00,-137.56,-207,R,69685,-29.5997
24190,P1,BASE,-150.00,-142.46,-202,R,69628,-29.6751
24200,P1,BASE,-150.00,-137.51,-208,R,69573,-29.8000
24210,P1,BASE,-150.00,-140.01,-206,R,69517,-29.8998
24220,P1,BASE,-150.00,-142.51,-204,R,69460,-29.9747
24230,P1,BASE,-150.00,-142.47,-205,R,69403,-30.0500
24240,P1,BASE,-150.00,-142.49,-205,R,69346,-30.1251
24250,P1,BASE,-150.00,-142.53,-205,R,69289,-30.1998
24260,P1,BASE,-150.00,-142.51,-206,R,69232,-30.2747
24270,P1,BASE,-150.00,-142.47,-206,R,69175,-30.3500
24280,P1,BASE,-150.00,-142.49,-207,R,69118,-30.4251
24290,P1,BASE,-150.00,-145.01,-205,R,69060,-30.4750
24300,P1,BASE,-150.00,-147.53,-202,R,69001,-30.4997
24310,P1,BASE,-150.00,-145.00,-205,R,68943,-30.5497
24320,P1,BASE,-150.00,-147.49,-203,R,68884,-30.5748
24330,P1,BASE,-150.00,-149.99,-200,R,68824,-30.5750
24340,P1,BASE,-150.00,-147.51,-203,R,68765,-30.5998
24350,P1,BASE,-150.00,-142.49,-209,R,68708,-30.6750
24360,P1,BASE,-150.00,-144.97,-206,R,68650,-30.7253
24370,P1,BASE,-150.00,-142.54,-209,R,68593,-30.7998
24380,P1,BASE,-150.00,-147.51,-204,R,68534,-30.8247
24390,P1,BASE,-150.00,-147.49,-205,R,68475,-30.8498
24400,P1,BASE,-150.00,-145.01,-208,R,68417,-30.8997
24410,P1,BASE,-150.00,-144.97,-208,R,68359,-30.9500
24420,P1,BASE,-150.00,-142.51,-211,R,68302,-31.0248
24430,P1,BASE,-150.00,-147.47,-206,R,68243,-31.0501
24440,P1,BASE,-150.00,-145.00,-209,R,68185,-31.1001
24450,P1,BASE,-150.00,-147.50,-206,R,68126,-31.1251
24460,P1,BASE,-150.00,-145.03,-209,R,68068,-31.1748
24470,P1,BASE,-150.00,-142.51,-212,R,68011,-31.2497
24480,P1,BASE,-150.00,-147.44,-208,R,67952,-31.2753
24490,P1,BASE,-150.00,-150.06,-205,R,67892,-31.2747
24500,P1,BASE,-150.00,-149.96,-205,R,67832,-31.2751
24510,P1,BASE,-150.00,-152.53,-202,R,67771,-31.2498
24520,P1,BASE,-150.00,-152.47,-202,R,67710,-31.2251
24530,P1,BASE,-150.00,-152.55,-202,R,67649,-31.1997
24540,P1,BASE,-150.00,-150.00,-204,R,67589,-31.1997
24550,P1,BASE,-150.00,-149.97,-204,R,67529,-31.2000
24560,P1,BASE,-150.00,-147.50,-207,R,67470,-31.2250
24570,P1,BASE,-150.00,-147.49,-207,R,67411,-31.2501
24580,P1,BASE,-150.00,-147.53,-207,R,67352,-31.2748
24590,P1,BASE,-150.00,-147.49,-208,R,67293,-31.3000
24600,P1,BASE,-150.00,-152.48,-202,R,67232,-31.2751
24610,P1,BASE,-150.00,-147.53,-208,R,67173,-31.2998
24620,P1,BASE,-150.00,-144.96,-211,R,67115,-31.3503
24630,P1,BASE,-150.00,-149.93,-205,R,67055,-31.3510
24640,P1,BASE,-150.00,-147.60,-208,R,66996,-31.3750
24650,P1,BASE,-150.00,-150.03,-206,R,66936,-31.3747
24660,P1,BASE,-150.00,-147.46,-208,R,66877,-31.4001
24670,P1,BASE,-150.00,-150.03,-206,R,66817,-31.3998
24680,P1,BASE,-150.00,-147.51,-208,R,66758,-31.4247
24690,P1,BASE,-150.00,-149.99,-206,R,66698,-31.4248
24700,P1,BASE,-150.00,-150.00,-206,R,66638,-31.4248
24710,P1,BASE,-150.00,-152.50,-203,R,66577,-31.3998
24720,P1,BASE,-150.00,-150.00,-206,R,66517,-31.3998
24730,P1,BASE,-150.00,-152.48,-203,R,66456,-31.3750
24740,P1,BASE,-150.00,-152.52,-203,R,66395,-31.3498
24750,P1,BASE,-150.00,-149.96,-205,R,66335,-31.3503
24760,P1,BASE,-150.00,-147.54,-208,R,66276,-31.3748
24770,P1,BASE,-150.00,-147.49,-208,R,66217,-31.4000
24780,P1,BASE,-150.00,-147.53,-208,R,66158,-31.4247
24790,P1,BASE,-150.00,-149.94,-206,R,66098,-31.4253
24800,P1,BASE,-150.00,-147.51,-209,R,66039,-31.4502
24810,P1,BASE,-150.00,-147.51,-209,R,65980,-31.4750
24820,P1,BASE,-150.00,-147.47,-209,R,65921,-31.5003
24830,P1,BASE,-150.00,-147.50,-209,R,65862,-31.5253
24840,P1,BASE,-150.00,-150.03,-207,R,65802,-31.5250
24850,P1,BASE,-150.00,-150.01,-207,R,65742,-31.5248
24860,P1,BASE,-150.00,-145.00,-212,R,65684,-31.5748
24870,P1,BASE,-150.00,-145.01,-212,R,65626,-31.6247
24880,P1,BASE,-150.00,-149.99,-207,R,65566,-31.6249
24890,P1,BASE,-150.00,-152.48,-205,R,65505,-31.6000
24900,P1,BASE,-150.00,-152.52,-204,R,65444,-31.5749
24910,P1,BASE,-150.00,-152.50,-204,R,65383,-31.5499
24920,P1,BASE,-150.00,-152.50,-204,R,65322,-31.5249
24930,P1,BASE,-150.00,-155.02,-201,R,65260,-31.4747
24940,P1,BASE,-150.00,-152.50,-204,R,65199,-31.4497
24950,P1,BASE,-150.00,-150.00,-206,R,65139,-31.4497
24960,P1,BASE,-150.00,-149.97,-206,R,65079,-31.4500
24970,P1,BASE,-150.00,-149.99,-206,R,65019,-31.4501
24980,P1,BASE,-150.00,-147.53,-209,R,64960,-31.4749
24990,P1,BASE,-150.00,-150.00,-206,R,64900,-31.4749
25000,P1,BASE,-150.00,-152.47,-204,R,64839,-31.4502
25010,P1,BASE,-150.00,-147.50,-209,R,64780,-31.4752
25020,P1,BASE,-150.00,-150.00,-206,R,64720,-31.4752
25030,P1,BASE,-150.00,-147.54,-209,R,64661,-31.4997
25040,P1,BASE,-150.00,-150.00,-206,R,64601,-31.4997
25050,P1,BASE,-150.00,-149.99,-206,R,64541,-31.4999
25060,P1,BASE,-150.00,-149.99,-206,R,64481,-31.5000
25070,P1,BASE,-150.00,-147.53,-209,R,64422,-31.5247
25080,P1,BASE,-150.00,-149.99,-207,R,64362,-31.5249
25090,P1,BASE,-150.00,-150.00,-207,R,64302,-31.5249
25100,P1,BASE,-150.00,-149.96,-207,R,64242,-31.5253
25110,P1,BASE,-150.00,-152.53,-204,R,64181,-31.5000
25120,P1,BASE,-150.00,-152.53,-204,R,64120,-31.4747
25130,P1,BASE,-150.00,-152.45,-204,R,64059,-31.4502
25140,P1,BASE,-150.00,-152.50,-203,R,63998,-31.4252
25150,P1,BASE,-150.00,-150.05,-206,R,63938,-31.4247
25160,P1,BASE,-150.00,-147.46,-209,R,63879,-31.4502
25170,P1,BASE,-150.00,-150.05,-206,R,63819,-31.4497
25180,P1,BASE,-150.00,-147.49,-209,R,63760,-31.4749
25190,P1,BASE,-150.00,-152.48,-204,R,63699,-31.4500
25200,P1,BASE,-150.00,-147.49,-209,R,63640,-31.4752
25210,P1,BASE,-150.00,-147.54,-209,R,63581,-31.4997
25220,P1,BASE,-150.00,-147.49,-209,R,63522,-31.5249
25230,P1,BASE,-150.00,-147.51,-209,R,63463,-31.5497
25240,P1,BASE,-150.00,-149.97,-207,R,63403,-31.5500
25250,P1,BASE,-150.00,-150.00,-207,R,63343,-31.5500
25260,P1,BASE,-150.00,-147.51,-209,R,63284,-31.5749
25270,P1,BASE,-150.00,-144.97,-212,R,63226,-31.6252
25280,P1,BASE,-150.00,-147.50,-210,R,63167,-31.6502
25290,P1,BASE,-150.00,-152.55,-205,R,63106,-31.6247
25300,P1,BASE,-150.00,-152.48,-205,R,63045,-31.5999
25310,P1,BASE,-150.00,-152.50,-204,R,62984,-31.5749
25320,P1,BASE,-150.00,-155.02,-201,R,62922,-31.5247
25330,P1,BASE,-150.00,-152.45,-204,R,62861,-31.5002
25340,P1,BASE,-150.00,-155.02,-201,R,62799,-31.4500
25350,P1,BASE,-150.00,-149.99,-206,R,62739,-31.4502
25360,P1,BASE,-150.00,-150.00,-206,R,62679,-31.4502
25370,P1,BASE,-150.00,-147.50,-209,R,62620,-31.4752
25380,P1,BASE,-150.00,-147.54,-209,R,62561,-31.4997
25390,P1,BASE,-150.00,-152.50,-204,R,62500,-31.4747
25400,P1,BASE,-150.00,-149.99,-206,R,62440,-31.4749
25410,P1,BASE,-150.00,-149.99,-206,R,62380,-31.4750
25420,P1,BASE,-150.00,-147.51,-209,R,62321,-31.4999
25430,P1,BASE,-150.00,-150.01,-206,R,62261,-31.4997
25440,P1,BASE,-150.00,-147.50,-209,R,62202,-31.5247
25450,P1,BASE,-150.00,-152.47,-204,R,62141,-31.5000
25460,P1,BASE,-150.00,-150.01,-206,R,62081,-31.4999
25470,P1,BASE,-150.00,-147.51,-209,R,62022,-31.5247
25480,P1,BASE,-150.00,-149.99,-207,R,61962,-31.5249
25490,P1,BASE,-150.00,-149.97,-207,R,61902,-31.5252
25500,P1,BASE,-150.00,-150.00,-207,R,61842,-31.5252
25510,P1,BASE,-150.00,-150.03,-207,R,61782,-31.5249
25520,P1,BASE,-150.00,-152.48,-204,R,61721,-31.5000
25530,P1,BASE,-150.00,-155.03,-201,R,61659,-31.4497
25540,P1,BASE,-150.00,-152.45,-203,R,61598,-31.4252
25550,P1,BASE,-150.00,-150.01,-206,R,61538,-31.4250
25560,P1,BASE,-150.00,-147.50,-209,R,61479,-31.4500
25570,P1,BASE,-150.00,-147.53,-209,R,61420,-31.4747
25580,P1,BASE,-150.00,-149.99,-206,R,61360,-31.4749
25590,P1,BASE,-150.00,-152.47,-204,R,61299,-31.4502
25600,P1,BASE,-150.00,-147.50,-209,R,61240,-31.4752
25610,P1,BASE,-150.00,-147.51,-209,R,61181,-31.5000
25620,P1,BASE,-150.00,-147.50,-209,R,61122,-31.5250
25630,P1,BASE,-150.00,-147.53,-209,R,61063,-31.5497
25640,P1,BASE,-150.00,-150.00,-207,R,61003,-31.5497
25650,P1,BASE,-150.00,-147.47,-209,R,60944,-31.5750
25660,P1,BASE,-150.00,-147.47,-210,R,60885,-31.6003
25670,P1,BASE,-150.00,-147.46,-210,R,60826,-31.6258
25680,P1,BASE,-150.00,-147.59,-210,R,60767,-31.6499
25690,P1,BASE,-150.00,-152.48,-205,R,60706,-31.6250
25700,P1,BASE,-150.00,-152.52,-204,R,60645,-31.5999
25710,P1,BASE,-150.00,-152.48,-204,R,60584,-31.5750
25720,P1,BASE,-150.00,-154.98,-201,R,60522,-31.5252
25730,P1,BASE,-150.00,-152.53,-204,R,60461,-31.4999
25740,P1,BASE,-150.00,-152.50,-204,R,60400,-31.4749
25750,P1,BASE,-150.00,-152.50,-204,R,60339,-31.4499
25760,P1,BASE,-150.00,-147.49,-209,R,60280,-31.4750
25770,P1,BASE,-150.00,-150.01,-206,R,60220,-31.4749
25780,P1,BASE,-150.00,-150.01,-206,R,60160,-31.4747
25790,P1,BASE,-150.00,-149.97,-206,R,60100,-31.4750
25800,P1,BASE,-150.00,-150.03,-206,R,60040,-31.4747
25810,P1,BASE,-150.00,-149.99,-206,R,59980,-31.4749
25820,P1,BASE,-150.00,-147.50,-209,R,59921,-31.4999
25830,P1,BASE,-150.00,-150.00,-206,R,59861,-31.4999
25840,P1,BASE,-150.00,-147.51,-209,R,59802,-31.5247
25850,P1,BASE,-150.00,-152.47,-204,R,59741,-31.5000
25860,P1,BASE,-150.00,-147.47,-209,R,59682,-31.5253
25870,P1,BASE,-150.00,-150.05,-206,R,59622,-31.5249
25880,P1,BASE,-150.00,-149.99,-207,R,59562,-31.5250
25890,P1,BASE,-150.00,-149.99,-207,R,59502,-31.5252
25900,P1,BASE,-150.00,-150.05,-206,R,59442,-31.5247
25910,P1,BASE,-150.00,-149.97,-207,R,59382,-31.5250
25920,P1,BASE,-150.00,-152.48,-204,R,59321,-31.5002
25930,P1,BASE,-150.00,-155.03,-201,R,59259,-31.4499
25940,P1,BASE,-150.00,-152.47,-203,R,59198,-31.4252
25950,P1,BASE,-150.00,-149.99,-206,R,59138,-31.4253
25960,P1,BASE,-150.00,-147.53,-209,R,59079,-31.4500
25970,P1,BASE,-150.00,-147.53,-209,R,59020,-31.4748
25980,P1,BASE,-150.00,-149.97,-206,R,58960,-31.4750
25990,P1,BASE,-150.00,-152.48,-204,R,58899,-31.4502
26000,P1,BASE,-150.00,-147.54,-209,R,58840,-31.4748
26010,P1,BASE,-150.00,-147.49,-209,R,58781,-31.4999
26020,P1,BASE,-150.00,-147.51,-209,R,58722,-31.5248
26030,P1,BASE,-150.00,-147.47,-209,R,58663,-31.5501
26040,P1,BASE,-150.00,-149.99,-207,R,58603,-31.5502
26050,P1,BASE,-150.00,-147.53,-209,R,58544,-31.5749
26060,P1,BASE,-150.00,-147.50,-210,R,58485,-31.5999
26070,P1,BASE,-150.00,-144.97,-212,R,58427,-31.6502
26080,P1,BASE,-150.00,-150.01,-207,R,58367,-31.6500
26090,P1,BASE,-150.00,-152.50,-205,R,58306,-31.6250
26100,P1,BASE,-150.00,-152.48,-205,R,58245,-31.6002
26110,P1,BASE,-150.00,-152.50,-204,R,58184,-31.5752
26120,P1,BASE,-150.00,-152.52,-204,R,58123,-31.5501
26130,P1,BASE,-150.00,-154.98,-201,R,58061,-31.5002
26140,P1,BASE,-150.00,-152.50,-204,R,58000,-31.4752
26150,P1,BASE,-150.00,-152.50,-204,R,57939,-31.4502
26160,P1,BASE,-150.00,-150.01,-206,R,57879,-31.4501
26170,P1,BASE,-150.00,-147.51,-209,R,57820,-31.4749
26180,P1,BASE,-150.00,-150.00,-206,R,57760,-31.4749
26190,P1,BASE,-150.00,-150.00,-206,R,57700,-31.4749
26200,P1,BASE,-150.00,-152.50,-204,R,57639,-31.4499
26210,P1,BASE,-150.00,-150.01,-206,R,57579,-31.4498
26220,P1,BASE,-150.00,-147.47,-209,R,57520,-31.4751
26230,P1,BASE,-150.00,-147.51,-209,R,57461,-31.4999
26240,P1,BASE,-150.00,-150.01,-206,R,57401,-31.4998
26250,P1,BASE,-150.00,-152.48,-204,R,57340,-31.4749
26260,P1,BASE,-150.00,-150.01,-206,R,57280,-31.4748
26270,P1,BASE,-150.00,-147.50,-209,R,57221,-31.4998
26280,P1,BASE,-150.00,-149.96,-206,R,57161,-31.5002
26290,P1,BASE,-150.00,-150.00,-206,R,57101,-31.5002
26300,P1,BASE,-150.00,-150.05,-206,R,57041,-31.4998
26310,P1,BASE,-150.00,-152.50,-204,R,56980,-31.4748
26320,P1,BASE,-150.00,-152.45,-204,R,56919,-31.4502
26330,P1,BASE,-150.00,-152.48,-203,R,56858,-31.4254
26340,P1,BASE,-150.00,-152.50,-203,R,56797,-31.4004
26350,P1,BASE,-150.00,-150.05,-206,R,56737,-31.3999
26360,P1,BASE,-150.00,-147.51,-208,R,56678,-31.4248
26370,P1,BASE,-150.00,-147.49,-209,R,56619,-31.4499
26380,P1,BASE,-150.00,-149.99,-206,R,56559,-31.4501
26390,P1,BASE,-150.00,-150.00,-206,R,56499,-31.4501
26400,P1,BASE,-150.00,-150.00,-206,R,56439,-31.4501
26410,P1,BASE,-150.00,-147.51,-209,R,56380,-31.4749
26420,P1,BASE,-150.00,-147.47,-209,R,56321,-31.5002
26430,P1,BASE,-150.00,-147.54,-209,R,56262,-31.5248
26440,P1,BASE,-150.00,-149.99,-207,R,56202,-31.5249
26450,P1,BASE,-150.00,-147.50,-209,R,56143,-31.5499
26460,P1,BASE,-150.00,-147.51,-209,R,56084,-31.5748
26470,P1,BASE,-150.00,-147.38,-210,R,56025,-31.6010
26480,P1,BASE,-150.00,-147.56,-210,R,55966,-31.6254
26490,P1,BASE,-150.00,-152.52,-204,R,55905,-31.6002
26500,P1,BASE,-150.00,-152.50,-204,R,55844,-31.5752
26510,P1,BASE,-150.00,-152.50,-204,R,55783,-31.5502
26520,P1,BASE,-150.00,-155.00,-201,R,55721,-31.5002
26530,P1,BASE,-150.00,-152.50,-204,R,55660,-31.4752
26540,P1,BASE,-150.00,-154.92,-201,R,55598,-31.4260
26550,P1,BASE,-150.00,-150.06,-206,R,55538,-31.4254
26560,P1,BASE,-150.00,-147.51,-209,R,55479,-31.4502
26570,P1,BASE,-150.00,-150.05,-206,R,55419,-31.4498
26580,P1,BASE,-150.00,-149.97,-206,R,55359,-31.4501
26590,P1,BASE,-150.00,-149.99,-206,R,55299,-31.4502
26600,P1,BASE,-150.00,-152.53,-203,R,55238,-31.4249
26610,P1,BASE,-150.00,-147.47,-209,R,55179,-31.4502
26620,P1,BASE,-150.00,-150.03,-206,R,55119,-31.4499
26630,P1,BASE,-150.00,-147.50,-209,R,55060,-31.4749
26640,P1,BASE,-150.00,-147.51,-209,R,55001,-31.4998
26650,P1,BASE,-150.00,-152.47,-204,R,54940,-31.4751
26660,P1,BASE,-150.00,-150.03,-206,R,54880,-31.4748
26670,P1,BASE,-150.00,-147.46,-209,R,54821,-31.5002
26680,P1,BASE,-150.00,-150.05,-206,R,54761,-31.4998
26690,P1,BASE,-150.00,-150.00,-206,R,54701,-31.4998
26700,P1,BASE,-150.00,-149.99,-206,R,54641,-31.4999
26710,P1,BASE,-150.00,-152.45,-204,R,54580,-31.4754
26720,P1,BASE,-150.00,-152.55,-203,R,54519,-31.4499
26730,P1,BASE,-150.00,-152.50,-203,R,54458,-31.4249
26740,P1,BASE,-150.00,-149.97,-206,R,54398,-31.4252
26750,P1,BASE,-150.00,-152.53,-203,R,54337,-31.3999
26760,P1,BASE,-150.00,-147.51,-208,R,54278,-31.4248
26770,P1,BASE,-150.00,-144.99,-211,R,54220,-31.4749
26780,P1,BASE,-150.00,-149.96,-206,R,54160,-31.4754
26790,P1,BASE,-150.00,-152.52,-203,R,54099,-31.4502
26800,P1,BASE,-150.00,-147.53,-209,R,54040,-31.4749
26810,P1,BASE,-150.00,-147.49,-209,R,53981,-31.5001
26820,P1,BASE,-150.00,-145.01,-212,R,53923,-31.5499
26830,P1,BASE,-150.00,-147.49,-209,R,53864,-31.5751
26840,P1,BASE,-150.00,-150.01,-207,R,53804,-31.5749
26850,P1,BASE,-150.00,-150.00,-207,R,53744,-31.5749
26860,P1,BASE,-150.00,-147.49,-210,R,53685,-31.6001
26870,P1,BASE,-150.00,-145.00,-212,R,53627,-31.6501
26880,P1,BASE,-150.00,-150.00,-207,R,53567,-31.6501
26890,P1,BASE,-150.00,-150.03,-207,R,53507,-31.6498
26900,P1,BASE,-150.00,-152.48,-205,R,53446,-31.6249
26910,P1,BASE,-150.00,-152.52,-204,R,53385,-31.5998
26920,P1,BASE,-150.00,-154.95,-202,R,53323,-31.5502
26930,P1,BASE,-150.00,-155.03,-201,R,53261,-31.4999
26940,P1,BASE,-150.00,-152.50,-204,R,53200,-31.4749
26950,P1,BASE,-150.00,-150.00,-206,R,53140,-31.4749
26960,P1,BASE,-150.00,-149.99,-206,R,53080,-31.4751
26970,P1,BASE,-150.00,-147.51,-209,R,53021,-31.4999
26980,P1,BASE,-150.00,-150.01,-206,R,52961,-31.4998
26990,P1,BASE,-150.00,-152.50,-204,R,52900,-31.4748
27000,P1,BASE,-150.00,-149.99,-206,R,52840,-31.4749
27010,P1,BASE,-200.00,-149.96,-236,R,52780,-31.4749
27020,P1,BASE,-200.00,-150.05,-255,R,52720,-31.4749
27030,P1,BASE,-200.00,-157.48,-252,R,52657,-31.9001
27040,P1,BASE,-200.00,-162.48,-250,R,52592,-32.2753
27050,P1,BASE,-200.00,-172.53,-241,R,52523,-32.5499
27060,P1,BASE,-200.00,-175.02,-240,R,52453,-32.7997
27070,P1,BASE,-200.00,-177.46,-239,R,52382,-33.0251
27080,P1,BASE,-200.00,-185.02,-233,R,52308,-33.1749
27090,P1,BASE,-200.00,-187.48,-231,R,52233,-33.3001
27100,P1,BASE,-200.00,-190.02,-229,R,52157,-33.3999
27110,P1,BASE,-200.00,-192.44,-227,R,52080,-33.4755
27120,P1,BASE,-200.00,-195.02,-225,R,52002,-33.5253
27130,P1,BASE,-200.00,-195.04,-225,R,51924,-33.5749
27140,P1,BASE,-200.00,-187.52,-234,R,51849,-33.6997
27150,P1,BASE,-200.00,-192.42,-229,R,51772,-33.7755
27160,P1,BASE,-200.00,-197.54,-224,R,51693,-33.8001
27170,P1,BASE,-200.00,-190.02,-232,R,51617,-33.8999
27180,P1,BASE,-200.00,-187.48,-236,R,51542,-34.0251
27190,P1,BASE,-200.00,-192.50,-231,R,51465,-34.1001
27200,P1,BASE,-200.00,-194.96,-229,R,51387,-34.1505
27210,P1,BASE,-200.00,-192.56,-232,R,51310,-34.2249
27220,P1,BASE,-200.00,-190.02,-235,R,51234,-34.3247
27230,P1,BASE,-200.00,-192.42,-233,R,51157,-34.4005
27240,P1,BASE,-200.00,-197.52,-228,R,51078,-34.4253
27250,P1,BASE,-200.00,-200.04,-226,R,50998,-34.4249
27260,P1,BASE,-200.00,-204.98,-220,R,50916,-34.3751
27270,P1,BASE,-200.00,-202.38,-223,R,50835,-34.3513
27280,P1,BASE,-200.00,-200.16,-225,R,50755,-34.3497
27290,P1,BASE,-200.00,-197.46,-228,R,50676,-34.3751
27300,P1,BASE,-200.00,-195.04,-231,R,50598,-34.4247
27310,P1,BASE,-200.00,-199.94,-226,R,50518,-34.4253
27320,P1,BASE,-200.00,-200.00,-226,R,50438,-34.4253
27330,P1,BASE,-200.00,-192.50,-234,R,50361,-34.5003
27340,P1,BASE,-200.00,-195.02,-231,R,50283,-34.5501
27350,P1,BASE,-200.00,-195.02,-232,R,50205,-34.5999
27360,P1,BASE,-200.00,-202.44,-224,R,50124,-34.5755
27370,P1,BASE,-200.00,-194.94,-232,R,50046,-34.6261
27380,P1,BASE,-200.00,-195.14,-232,R,49968,-34.6747
27390,P1,BASE,-200.00,-199.96,-227,R,49888,-34.6751
27400,P1,BASE,-200.00,-200.02,-227,R,49808,-34.6749
27410,P1,BASE,-200.00,-199.98,-227,R,49728,-34.6751
27420,P1,BASE,-200.00,-204.98,-222,R,49646,-34.6254
27430,P1,BASE,-200.00,-202.50,-224,R,49565,-34.6003
27440,P1,BASE,-200.00,-195.06,-232,R,49487,-34.6498
27450,P1,BASE,-200.00,-197.44,-230,R,49408,-34.6754
27460,P1,BASE,-200.00,-200.00,-227,R,49328,-34.6754
27470,P1,BASE,-200.00,-195.00,-233,R,49250,-34.7254
27480,P1,BASE,-200.00,-197.48,-230,R,49171,-34.7506
27490,P1,BASE,-200.00,-190.08,-238,R,49095,-34.8498
27500,P1,BASE,-200.00,-199.94,-228,R,49015,-34.8504
27510,P1,BASE,-200.00,-195.06,-234,R,48937,-34.8998
27520,P1,BASE,-200.00,-194.98,-234,R,48859,-34.9500
27530,P1,BASE,-200.00,-192.46,-237,R,48782,-35.0254
27540,P1,BASE,-200.00,-202.44,-227,R,48701,-35.0010
27550,P1,BASE,-200.00,-200.08,-229,R,48621,-35.0002
27560,P1,BASE,-200.00,-205.02,-224,R,48539,-34.9500
27570,P1,BASE,-200.00,-204.98,-224,R,48457,-34.9002
27580,P1,BASE,-200.00,-205.00,-223,R,48375,-34.8502
27590,P1,BASE,-200.00,-200.00,-228,R,48295,-34.8502
27600,P1,BASE,-200.00,-199.98,-228,R,48215,-34.8504
27610,P1,BASE,-200.00,-200.04,-228,R,48135,-34.8500
27620,P1,BASE,-200.00,-197.46,-231,R,48056,-34.8754
27630,P1,BASE,-200.00,-200.02,-229,R,47976,-34.8752
27640,P1,BASE,-200.00,-197.54,-231,R,47897,-34.8998
27650,P1,BASE,-200.00,-197.46,-231,R,47818,-34.9252
27660,P1,BASE,-200.00,-200.00,-229,R,47738,-34.9252
27670,P1,BASE,-200.00,-197.38,-232,R,47659,-34.9514
27680,P1,BASE,-200.00,-195.10,-234,R,47581,-35.0004
27690,P1,BASE,-200.00,-202.54,-227,R,47500,-34.9750
27700,P1,BASE,-200.00,-200.02,-229,R,47420,-34.9748
27710,P1,BASE,-200.00,-204.96,-224,R,47338,-34.9252
27720,P1,BASE,-200.00,-202.48,-226,R,47257,-34.9004
27730,P1,BASE,-200.00,-205.00,-223,R,47175,-34.8504
27740,P1,BASE,-200.00,-200.06,-228,R,47095,-34.8498
27750,P1,BASE,-200.00,-197.48,-231,R,47016,-34.8750
27760,P1,BASE,-200.00,-200.00,-229,R,46936,-34.8750
27770,P1,BASE,-200.00,-197.50,-231,R,46857,-34.9000
27780,P1,BASE,-200.00,-197.46,-231,R,46778,-34.9254
27790,P1,BASE,-200.00,-192.56,-237,R,46701,-34.9998
27800,P1,BASE,-200.00,-199.94,-229,R,46621,-35.0004
27810,P1,BASE,-200.00,-197.54,-232,R,46542,-35.0250
27820,P1,BASE,-200.00,-194.90,-235,R,46464,-35.0760
27830,P1,BASE,-200.00,-192.62,-238,R,46387,-35.1498
27840,P1,BASE,-200.00,-202.46,-228,R,46306,-35.1252
27850,P1,BASE,-200.00,-200.02,-230,R,46226,-35.1250
27860,P1,BASE,-200.00,-207.48,-222,R,46143,-35.0503
27870,P1,BASE,-200.00,-205.00,-224,R,46061,-35.0003
27880,P1,BASE,-200.00,-205.02,-224,R,45979,-34.9501
27890,P1,BASE,-200.00,-202.46,-226,R,45898,-34.9255
27900,P1,BASE,-200.00,-200.00,-229,R,45818,-34.9255
27910,P1,BASE,-200.00,-200.02,-229,R,45738,-34.9253
27920,P1,BASE,-200.00,-197.48,-232,R,45659,-34.9505
27930,P1,BASE,-200.00,-200.06,-229,R,45579,-34.9499
27940,P1,BASE,-200.00,-199.98,-229,R,45499,-34.9501
27950,P1,BASE,-200.00,-194.96,-235,R,45421,-35.0004
27960,P1,BASE,-200.00,-202.54,-227,R,45340,-34.9750
27970,P1,BASE,-200.00,-197.52,-232,R,45261,-34.9998
27980,P1,BASE,-200.00,-197.46,-232,R,45182,-35.0252
27990,P1,BASE,-200.00,-199.98,-230,R,45102,-35.0254
28000,P1,BASE,-200.00,-202.48,-227,R,45021,-35.0006
28010,P1,BASE,-200.00,-202.50,-227,R,44940,-34.9756
28020,P1,BASE,-200.00,-205.04,-224,R,44858,-34.9252
28030,P1,BASE,-200.00,-205.02,-223,R,44776,-34.8750
28040,P1,BASE,-200.00,-200.00,-229,R,44696,-34.8750
28050,P1,BASE,-200.00,-197.48,-231,R,44617,-34.9002
28060,P1,BASE,-200.00,-200.02,-229,R,44537,-34.9000
28070,P1,BASE,-200.00,-197.48,-231,R,44458,-34.9252
28080,P1,BASE,-200.00,-197.52,-232,R,44379,-34.9500
28090,P1,BASE,-200.00,-195.00,-234,R,44301,-35.0000
28100,P1,BASE,-200.00,-197.48,-232,R,44222,-35.0252
28110,P1,BASE,-200.00,-197.52,-232,R,44143,-35.0500
28120,P1,BASE,-200.00,-194.98,-235,R,44065,-35.1002
28130,P1,BASE,-200.00,-194.90,-236,R,43987,-35.1512
28140,P1,BASE,-200.00,-200.12,-230,R,43907,-35.1500
28150,P1,BASE,-200.00,-202.46,-228,R,43826,-35.1254
28160,P1,BASE,-200.00,-205.02,-225,R,43744,-35.0752
28170,P1,BASE,-200.00,-207.52,-222,R,43661,-35.0000
28180,P1,BASE,-200.00,-205.02,-224,R,43579,-34.9498
28190,P1,BASE,-200.00,-200.00,-229,R,43499,-34.9498
28200,P1,BASE,-200.00,-202.50,-226,R,43418,-34.9248
28210,P1,BASE,-200.00,-199.98,-229,R,43338,-34.9250
28220,P1,BASE,-200.00,-197.46,-232,R,43259,-34.9504
28230,P1,BASE,-200.00,-200.04,-229,R,43179,-34.9500
28240,P1,BASE,-200.00,-200.00,-229,R,43099,-34.9500
28250,P1,BASE,-200.00,-194.96,-234,R,43021,-35.0004
28260,P1,BASE,-200.00,-200.02,-229,R,42941,-35.0002
28270,P1,BASE,-200.00,-199.98,-229,R,42861,-35.0004
28280,P1,BASE,-200.00,-195.06,-235,R,42783,-35.0498
28290,P1,BASE,-200.00,-202.44,-227,R,42702,-35.0254
28300,P1,BASE,-200.00,-200.06,-229,R,42622,-35.0248
28310,P1,BASE,-200.00,-202.48,-227,R,42541,-35.0000
28320,P1,BASE,-200.00,-204.98,-224,R,42459,-34.9502
28330,P1,BASE,-200.00,-204.98,-224,R,42377,-34.9004
28340,P1,BASE,-200.00,-200.00,-229,R,42297,-34.9004
28350,P1,BASE,-200.00,-197.54,-231,R,42218,-34.9250
28360,P1,BASE,-200.00,-199.96,-229,R,42138,-34.9254
28370,P1,BASE,-200.00,-197.52,-232,R,42059,-34.9502
28380,P1,BASE,-200.00,-197.54,-232,R,41980,-34.9748
28390,P1,BASE,-200.00,-194.96,-235,R,41902,-35.0252
28400,P1,BASE,-200.00,-197.46,-232,R,41823,-35.0506
28410,P1,BASE,-200.00,-197.58,-232,R,41744,-35.0748
28420,P1,BASE,-200.00,-194.98,-235,R,41666,-35.1250
28430,P1,BASE,-200.00,-194.96,-236,R,41588,-35.1754
28440,P1,BASE,-200.00,-202.54,-228,R,41507,-35.1500
28450,P1,BASE,-200.00,-200.02,-230,R,41427,-35.1498
28460,P1,BASE,-200.00,-204.96,-225,R,41345,-35.1002
28470,P1,BASE,-200.00,-207.52,-222,R,41262,-35.0250
28480,P1,BASE,-200.00,-204.96,-224,R,41180,-34.9754
28490,P1,BASE,-200.00,-202.52,-226,R,41099,-34.9502
28500,P1,BASE,-200.00,-200.04,-229,R,41019,-34.9498
28510,P1,BASE,-200.00,-200.00,-229,R,40939,-34.9498
28520,P1,BASE,-200.00,-197.34,-232,R,40860,-34.9764
28530,P1,BASE,-200.00,-205.16,-224,R,40778,-34.9247
28540,P1,BASE,-200.00,-192.46,-237,R,40701,-35.0001
28550,P1,BASE,-200.00,-197.54,-232,R,40622,-35.0247
28560,P1,BASE,-200.00,-202.42,-227,R,40541,-35.0005
28570,P1,BASE,-200.00,-197.52,-232,R,40462,-35.0253
28580,P1,BASE,-200.00,-195.02,-235,R,40384,-35.0751
28590,P1,BASE,-200.00,-202.46,-227,R,40303,-35.0505
28600,P1,BASE,-200.00,-202.52,-227,R,40222,-35.0253
28610,P1,BASE,-200.00,-200.06,-229,R,40142,-35.0247
28620,P1,BASE,-200.00,-204.96,-224,R,40060,-34.9751
28630,P1,BASE,-200.00,-205.00,-224,R,39978,-34.9251
28640,P1,BASE,-200.00,-200.00,-229,R,39898,-34.9251
28650,P1,BASE,-200.00,-197.54,-232,R,39819,-34.9497
28660,P1,BASE,-200.00,-199.96,-229,R,39739,-34.9501
28670,P1,BASE,-200.00,-197.48,-232,R,39660,-34.9753
28680,P1,BASE,-200.00,-200.00,-229,R,39580,-34.9753
28690,P1,BASE,-200.00,-192.50,-237,R,39503,-35.0503
28700,P1,BASE,-200.00,-199.88,-230,R,39423,-35.0515
28710,P1,BASE,-200.00,-197.62,-232,R,39344,-35.0754
28720,P1,BASE,-200.00,-192.50,-238,R,39267,-35.1504
28730,P1,BASE,-200.00,-195.00,-236,R,39189,-35.2004
28740,P1,BASE,-200.00,-200.06,-231,R,39109,-35.1998
28750,P1,BASE,-200.00,-204.94,-225,R,39027,-35.1504
28760,P1,BASE,-200.00,-205.00,-225,R,38945,-35.1004
28770,P1,BASE,-200.00,-205.00,-225,R,38863,-35.0504
28780,P1,BASE,-200.00,-205.02,-224,R,38781,-35.0002
28790,P1,BASE,-200.00,-202.40,-227,R,38700,-34.9762
28800,P1,BASE,-200.00,-200.12,-229,R,38620,-34.9750
28810,P1,BASE,-200.00,-200.02,-229,R,38540,-34.9748
28820,P1,BASE,-200.00,-199.96,-229,R,38460,-34.9752
28830,P1,BASE,-200.00,-197.46,-232,R,38381,-35.0006
28840,P1,BASE,-200.00,-200.08,-229,R,38301,-34.9998
28850,P1,BASE,-200.00,-197.42,-232,R,38222,-35.0256
28860,P1,BASE,-200.00,-200.04,-229,R,38142,-35.0252
28870,P1,BASE,-200.00,-197.46,-232,R,38063,-35.0506
28880,P1,BASE,-200.00,-197.50,-232,R,37984,-35.0756
28890,P1,BASE,-200.00,-202.56,-227,R,37903,-35.0500
28900,P1,BASE,-200.00,-200.00,-230,R,37823,-35.0500
28910,P1,BASE,-200.00,-202.48,-227,R,37742,-35.0252
28920,P1,BASE,-200.00,-204.98,-224,R,37660,-34.9754
28930,P1,BASE,-200.00,-202.50,-226,R,37579,-34.9504
28940,P1,BASE,-200.00,-202.44,-226,R,37498,-34.9260
28950,P1,BASE,-200.00,-195.10,-234,R,37420,-34.9750
28960,P1,BASE,-200.00,-202.52,-226,R,37339,-34.9498
28970,P1,BASE,-200.00,-197.48,-232,R,37260,-34.9750
28980,P1,BASE,-200.00,-194.94,-235,R,37182,-35.0256
28990,P1,BASE,-200.00,-195.08,-235,R,37104,-35.0748
29000,P1,BASE,-200.00,-197.46,-233,R,37025,-35.1002
29010,P1,BASE,-200.00,-200.00,-230,R,36945,-35.1002
29020,P1,BASE,-200.00,-194.96,-235,R,36867,-35.1506
29030,P1,BASE,-200.00,-192.54,-238,R,36790,-35.2252
29040,P1,BASE,-200.00,-202.46,-228,R,36709,-35.2006
29050,P1,BASE,-200.00,-202.58,-228,R,36628,-35.1748
29060,P1,BASE,-200.00,-204.96,-225,R,36546,-35.1252
29070,P1,BASE,-200.00,-207.54,-222,R,36463,-35.0498
29080,P1,BASE,-200.00,-204.88,-224,R,36381,-35.0010
29090,P1,BASE,-200.00,-200.06,-229,R,36301,-35.0004
29100,P1,BASE,-200.00,-200.06,-229,R,36221,-34.9998
29110,P1,BASE,-200.00,-202.50,-227,R,36140,-34.9748
29120,P1,BASE,-200.00,-199.94,-229,R,36060,-34.9754
29130,P1,BASE,-200.00,-197.54,-232,R,35981,-35.0000
29140,P1,BASE,-200.00,-199.98,-229,R,35901,-35.0002
29150,P1,BASE,-200.00,-197.48,-232,R,35822,-35.0254
29160,P1,BASE,-200.00,-200.02,-230,R,35742,-35.0252
29170,P1,BASE,-200.00,-197.52,-232,R,35663,-35.0500
29180,P1,BASE,-200.00,-197.48,-232,R,35584,-35.0752
29190,P1,BASE,-200.00,-202.50,-227,R,35503,-35.0502
29200,P1,BASE,-200.00,-200.02,-230,R,35423,-35.0500
29210,P1,BASE,-200.00,-202.50,-227,R,35342,-35.0250
29220,P1,BASE,-200.00,-207.52,-221,R,35259,-34.9498
29230,P1,BASE,-200.00,-202.42,-226,R,35178,-34.9256
29240,P1,BASE,-200.00,-200.06,-229,R,35098,-34.9250
29250,P1,BASE,-200.00,-197.52,-232,R,35019,-34.9498
29260,P1,BASE,-200.00,-202.44,-226,R,34938,-34.9254
29270,P1,BASE,-200.00,-195.02,-234,R,34860,-34.9752
29280,P1,BASE,-200.00,-197.48,-232,R,34781,-35.0004
29290,P1,BASE,-200.00,-195.04,-235,R,34703,-35.0500
29300,P1,BASE,-200.00,-200.02,-230,R,34623,-35.0498
29310,P1,BASE,-200.00,-197.48,-232,R,34544,-35.0750
29320,P1,BASE,-200.00,-192.52,-238,R,34467,-35.1498
29330,P1,BASE,-200.00,-194.98,-236,R,34389,-35.2000
29340,P1,BASE,-200.00,-202.48,-228,R,34308,-35.1752
29350,P1,BASE,-200.00,-202.48,-228,R,34227,-35.1504
29360,P1,BASE,-200.00,-204.92,-225,R,34145,-35.1013
29370,P1,BASE,-200.00,-205.12,-224,R,34063,-35.0500
29380,P1,BASE,-200.00,-205.02,-224,R,33981,-34.9998
29390,P1,BASE,-200.00,-202.50,-227,R,33900,-34.9748
29400,P1,BASE,-200.00,-199.96,-229,R,33820,-34.9752
29410,P1,BASE,-200.00,-200.04,-229,R,33740,-34.9748
29420,P1,BASE,-200.00,-197.44,-232,R,33661,-35.0004
29430,P1,BASE,-200.00,-202.52,-227,R,33580,-34.9752
29440,P1,BASE,-200.00,-199.98,-229,R,33500,-34.9754
29450,P1,BASE,-200.00,-194.98,-235,R,33422,-35.0256
29460,P1,BASE,-200.00,-202.52,-227,R,33341,-35.0004
29470,P1,BASE,-200.00,-197.52,-232,R,33262,-35.0252
29480,P1,BASE,-200.00,-197.50,-232,R,33183,-35.0502
29490,P1,BASE,-200.00,-200.04,-230,R,33103,-35.0498
29500,P1,BASE,-200.00,-202.44,-227,R,33022,-35.0254
29510,P1,BASE,-200.00,-202.48,-227,R,32941,-35.0006
29520,P1,BASE,-200.00,-205.06,-224,R,32859,-34.9500
29530,P1,BASE,-200.00,-202.52,-226,R,32778,-34.9248
29540,P1,BASE,-200.00,-202.42,-226,R,32697,-34.9006
29550,P1,BASE,-200.00,-197.58,-231,R,32618,-34.9248
29560,P1,BASE,-200.00,-199.98,-229,R,32538,-34.9250
29570,P1,BASE,-200.00,-194.94,-234,R,32460,-34.9756
29580,P1,BASE,-200.00,-200.02,-229,R,32380,-34.9754
29590,P1,BASE,-200.00,-192.52,-237,R,32303,-35.0502
29600,P1,BASE,-200.00,-197.50,-232,R,32224,-35.0752
29610,P1,BASE,-200.00,-197.52,-233,R,32145,-35.1000
29620,P1,BASE,-200.00,-194.96,-235,R,32067,-35.1504
29630,P1,BASE,-200.00,-194.86,-236,R,31989,-35.2018
29640,P1,BASE,-200.00,-200.14,-231,R,31909,-35.2004
29650,P1,BASE,-200.00,-202.50,-228,R,31828,-35.1754
29660,P1,BASE,-200.00,-205.00,-225,R,31746,-35.1254
29670,P1,BASE,-200.00,-207.52,-222,R,31663,-35.0502
29680,P1,BASE,-200.00,-204.98,-224,R,31581,-35.0004
29690,P1,BASE,-200.00,-200.00,-229,R,31501,-35.0004
29700,P1,BASE,-200.00,-202.42,-227,R,31420,-34.9762
29710,P1,BASE,-200.00,-197.60,-232,R,31341,-35.0002
29720,P1,BASE,-200.00,-199.98,-229,R,31261,-35.0004
29730,P1,BASE,-200.00,-205.06,-224,R,31179,-34.9498
29740,P1,BASE,-200.00,-192.48,-237,R,31102,-35.0250
29750,P1,BASE,-200.00,-197.50,-232,R,31023,-35.0500
29760,P1,BASE,-200.00,-199.94,-230,R,30943,-35.0506
29770,P1,BASE,-200.00,-197.56,-232,R,30864,-35.0750
29780,P1,BASE,-200.00,-197.46,-233,R,30785,-35.1004
29790,P1,BASE,-200.00,-202.48,-227,R,30704,-35.0756
29800,P1,BASE,-200.00,-200.08,-230,R,30624,-35.0748
29810,P1,BASE,-200.00,-202.44,-227,R,30543,-35.0504
29820,P1,BASE,-200.00,-205.00,-224,R,30461,-35.0004
29830,P1,BASE,-200.00,-205.02,-224,R,30379,-34.9502
29840,P1,BASE,-200.00,-200.04,-229,R,30299,-34.9498
29850,P1,BASE,-200.00,-197.48,-232,R,30220,-34.9750
29860,P1,BASE,-200.00,-200.00,-229,R,30140,-34.9750
29870,P1,BASE,-200.00,-197.38,-232,R,30061,-35.0011
29880,P1,BASE,-200.00,-197.62,-232,R,29982,-35.0250
29890,P1,BASE,-200.00,-194.98,-235,R,29904,-35.0752
29900,P1,BASE,-200.00,-197.48,-233,R,29825,-35.1003
29910,P1,BASE,-200.00,-197.56,-233,R,29746,-35.1248
29920,P1,BASE,-200.00,-194.84,-236,R,29668,-35.1763
29930,P1,BASE,-200.00,-192.60,-239,R,29591,-35.2504
29940,P1,BASE,-200.00,-202.52,-228,R,29510,-35.2251
29950,P1,BASE,-200.00,-202.46,-228,R,29429,-35.2006
29960,P1,BASE,-200.00,-207.52,-223,R,29346,-35.1253
29970,P1,BASE,-200.00,-205.02,-225,R,29264,-35.0751
29980,P1,BASE,-200.00,-205.04,-224,R,29182,-35.0247
29990,P1,BASE,-200.00,-202.46,-227,R,29101,-35.0001
30000,P1,BASE,-200.00,-200.04,-229,R,29021,-34.9997
30010,P1,BASE,-150.00,-200.00,-199,R,28941,-34.4997
30020,P1,BASE,-150.00,-197.50,-175,R,28862,-34.0247
30030,P1,BASE,-150.00,-200.00,-169,R,28782,-33.5247
30040,P1,BASE,-150.00,-187.44,-179,R,28707,-33.1503
30050,P1,BASE,-150.00,-185.00,-179,R,28633,-32.8003
30060,P1,BASE,-150.00,-185.00,-177,R,28559,-32.4503
30070,P1,BASE,-150.00,-182.55,-177,R,28486,-32.1248
30080,P1,BASE,-150.00,-177.46,-181,R,28415,-31.8501
30090,P1,BASE,-150.00,-175.02,-182,R,28345,-31.5999
30100,P1,BASE,-150.00,-172.45,-183,R,28276,-31.3755
30110,P1,BASE,-150.00,-175.07,-178,R,28206,-31.1248
30120,P1,BASE,-150.00,-169.97,-182,R,28138,-30.9251
30130,P1,BASE,-150.00,-169.98,-181,R,28070,-30.7253
30140,P1,BASE,-150.00,-167.50,-182,R,28003,-30.5503
30150,P1,BASE,-150.00,-165.00,-184,R,27937,-30.4003
30160,P1,BASE,-150.00,-159.90,-188,R,27873,-30.3012
30170,P1,BASE,-150.00,-157.59,-190,R,27810,-30.2253
30180,P1,BASE,-150.00,-157.55,-190,R,27747,-30.1498
30190,P1,BASE,-150.00,-154.94,-192,R,27685,-30.1004
30200,P1,BASE,-150.00,-152.52,-194,R,27624,-30.0753
30210,P1,BASE,-150.00,-147.54,-200,R,27565,-30.0998
30220,P1,BASE,-150.00,-145.00,-203,R,27507,-30.1498
30230,P1,BASE,-150.00,-147.46,-200,R,27448,-30.1753
30240,P1,BASE,-150.00,-147.49,-200,R,27389,-30.2004
30250,P1,BASE,-150.00,-145.00,-203,R,27331,-30.2504
30260,P1,BASE,-150.00,-140.06,-209,R,27275,-30.3499
30270,P1,BASE,-150.00,-142.47,-207,R,27218,-30.4251
30280,P1,BASE,-150.00,-142.53,-207,R,27161,-30.4999
30290,P1,BASE,-150.00,-144.99,-205,R,27103,-30.5500
30300,P1,BASE,-150.00,-147.47,-203,R,27044,-30.5753
30310,P1,BASE,-150.00,-147.53,-203,R,26985,-30.6000
30320,P1,BASE,-150.00,-150.00,-200,R,26925,-30.6000
30330,P1,BASE,-150.00,-147.47,-203,R,26866,-30.6253
30340,P1,BASE,-150.00,-150.05,-201,R,26806,-30.6248
30350,P1,BASE,-150.00,-147.47,-203,R,26747,-30.6501
30360,P1,BASE,-150.00,-142.51,-209,R,26690,-30.7250
30370,P1,BASE,-150.00,-145.01,-207,R,26632,-30.7749
30380,P1,BASE,-150.00,-144.96,-207,R,26574,-30.8253
30390,P1,BASE,-150.00,-147.50,-205,R,26515,-30.8503
30400,P1,BASE,-150.00,-147.53,-205,R,26456,-30.8750
30410,P1,BASE,-150.00,-147.50,-205,R,26397,-30.9000
30420,P1,BASE,-150.00,-144.96,-208,R,26339,-30.9504
30430,P1,BASE,-150.00,-145.01,-208,R,26281,-31.0003
30440,P1,BASE,-150.00,-149.96,-203,R,26221,-31.0007
30450,P1,BASE,-150.00,-145.04,-208,R,26163,-31.0503
30460,P1,BASE,-150.00,-147.51,-206,R,26104,-31.0751
30470,P1,BASE,-150.00,-147.50,-206,R,26045,-31.1001
30480,P1,BASE,-150.00,-145.00,-209,R,25987,-31.1501
30490,P1,BASE,-150.00,-147.51,-207,R,25928,-31.1750
30500,P1,BASE,-150.00,-147.51,-207,R,25869,-31.1999
30510,P1,BASE,-150.00,-152.50,-202,R,25808,-31.1749
30520,P1,BASE,-150.00,-147.49,-207,R,25749,-31.2000
30530,P1,BASE,-150.00,-150.00,-204,R,25689,-31.2000
30540,P1,BASE,-150.00,-152.48,-202,R,25628,-31.1752
30550,P1,BASE,-150.00,-152.52,-202,R,25567,-31.1500
30560,P1,BASE,-150.00,-147.46,-207,R,25508,-31.1754
30570,P1,BASE,-150.00,-145.01,-210,R,25450,-31.2253
30580,P1,BASE,-150.00,-145.00,-210,R,25392,-31.2753
30590,P1,BASE,-150.00,-152.52,-202,R,25331,-31.2501
30600,P1,BASE,-150.00,-147.47,-207,R,25272,-31.2754
30610,P1,BASE,-150.00,-147.53,-208,R,25213,-31.3001
30620,P1,BASE,-150.00,-145.01,-210,R,25155,-31.3500
30630,P1,BASE,-150.00,-145.00,-211,R,25097,-31.4000
30640,P1,BASE,-150.00,-150.01,-206,R,25037,-31.3998
30650,P1,BASE,-150.00,-147.50,-208,R,24978,-31.4248
30660,P1,BASE,-150.00,-147.46,-209,R,24919,-31.4503
30670,P1,BASE,-150.00,-147.53,-209,R,24860,-31.4750
30680,P1,BASE,-150.00,-145.01,-212,R,24802,-31.5248
30690,P1,BASE,-150.00,-149.88,-207,R,24742,-31.5260
30700,P1,BASE,-150.00,-150.09,-206,R,24682,-31.5251
30710,P1,BASE,-150.00,-152.50,-204,R,24621,-31.5001
30720,P1,BASE,-150.00,-152.52,-204,R,24560,-31.4750
30730,P1,BASE,-150.00,-152.50,-204,R,24499,-31.4500
30740,P1,BASE,-150.00,-154.97,-201,R,24437,-31.4003
30750,P1,BASE,-150.00,-152.53,-203,R,24376,-31.3750
30760,P1,BASE,-150.00,-149.96,-206,R,24316,-31.3755
30770,P1,BASE,-150.00,-147.56,-208,R,24257,-31.3999
30780,P1,BASE,-150.00,-147.49,-208,R,24198,-31.4250
30790,P1,BASE,-150.00,-152.47,-203,R,24137,-31.4003
30800,P1,BASE,-150.00,-147.49,-208,R,24078,-31.4255
30810,P1,BASE,-150.00,-152.53,-203,R,24017,-31.4002
30820,P1,BASE,-150.00,-147.46,-208,R,23958,-31.4256
30830,P1,BASE,-150.00,-147.53,-209,R,23899,-31.4503
30840,P1,BASE,-150.00,-147.51,-209,R,23840,-31.4752
30850,P1,BASE,-150.00,-150.00,-206,R,23780,-31.4752
30860,P1,BASE,-150.00,-150.01,-206,R,23720,-31.4750
30870,P1,BASE,-150.00,-149.97,-206,R,23660,-31.4753
30880,P1,BASE,-150.00,-147.49,-209,R,23601,-31.5005
30890,P1,BASE,-150.00,-150.06,-206,R,23541,-31.4999
30900,P1,BASE,-150.00,-147.44,-209,R,23482,-31.5254
30910,P1,BASE,-150.00,-152.52,-204,R,23421,-31.5003
30920,P1,BASE,-150.00,-150.03,-206,R,23361,-31.5000
30930,P1,BASE,-150.00,-152.45,-204,R,23300,-31.4755
30940,P1,BASE,-150.00,-152.55,-203,R,23239,-31.4500
30950,P1,BASE,-150.00,-150.00,-206,R,23179,-31.4500
30960,P1,BASE,-150.00,-152.48,-203,R,23118,-31.4251
30970,P1,BASE,-150.00,-145.00,-211,R,23060,-31.4751
30980,P1,BASE,-150.00,-147.49,-209,R,23001,-31.5003
30990,P1,BASE,-150.00,-152.50,-204,R,22940,-31.4753
31000,P1,BASE,-150.00,-147.53,-209,R,22881,-31.5000
31010,P1,BASE,-150.00,-147.51,-209,R,22822,-31.5249
31020,P1,BASE,-150.00,-147.49,-209,R,22763,-31.5500
31030,P1,BASE,-150.00,-147.47,-209,R,22704,-31.5753
31040,P1,BASE,-150.00,-149.97,-207,R,22644,-31.5756
31050,P1,BASE,-150.00,-147.53,-210,R,22585,-31.6003
31060,P1,BASE,-150.00,-147.49,-210,R,22526,-31.6254
31070,P1,BASE,-150.00,-147.53,-210,R,22467,-31.6502
31080,P1,BASE,-150.00,-144.99,-213,R,22409,-31.7003
31090,P1,BASE,-150.00,-150.05,-208,R,22349,-31.6998
31100,P1,BASE,-150.00,-149.99,-208,R,22289,-31.7000
31110,P1,BASE,-150.00,-155.02,-202,R,22227,-31.6498
31120,P1,BASE,-150.00,-152.50,-205,R,22166,-31.6248
31130,P1,BASE,-150.00,-155.00,-202,R,22104,-31.5748
31140,P1,BASE,-150.00,-152.47,-204,R,22043,-31.5501
31150,P1,BASE,-150.00,-152.52,-204,R,21982,-31.5250
31160,P1,BASE,-150.00,-152.45,-204,R,21921,-31.5005
31170,P1,BASE,-150.00,-147.54,-209,R,21862,-31.5250
31180,P1,BASE,-150.00,-149.96,-207,R,21802,-31.5255
31190,P1,BASE,-150.00,-150.01,-207,R,21742,-31.5253
31200,P1,BASE,-150.00,-150.05,-206,R,21682,-31.5249
31210,P1,BASE,-150.00,-149.99,-207,R,21622,-31.5250
31220,P1,BASE,-150.00,-147.47,-209,R,21563,-31.5503
31230,P1,BASE,-150.00,-150.01,-207,R,21503,-31.5502
31240,P1,BASE,-150.00,-150.01,-207,R,21443,-31.5500
31250,P1,BASE,-150.00,-147.47,-209,R,21384,-31.5753
31260,P1,BASE,-150.00,-152.55,-204,R,21323,-31.5498
31270,P1,BASE,-150.00,-147.47,-209,R,21264,-31.5751
31280,P1,BASE,-150.00,-147.47,-210,R,21205,-31.6004
31290,P1,BASE,-150.00,-150.06,-207,R,21145,-31.5998
31300,P1,BASE,-150.00,-150.00,-207,R,21085,-31.5998
31310,P1,BASE,-150.00,-152.41,-204,R,21024,-31.5757
31320,P1,BASE,-150.00,-150.06,-207,R,20964,-31.5751
31330,P1,BASE,-150.00,-152.50,-204,R,20903,-31.5501
31340,P1,BASE,-150.00,-152.50,-204,R,20842,-31.5251
31350,P1,BASE,-150.00,-152.52,-204,R,20781,-31.5000
31360,P1,BASE,-150.00,-150.00,-206,R,20721,-31.5000
31370,P1,BASE,-150.00,-144.96,-212,R,20663,-31.5504
31380,P1,BASE,-150.00,-150.06,-207,R,20603,-31.5498
31390,P1,BASE,-150.00,-149.99,-207,R,20543,-31.5500
31400,P1,BASE,-150.00,-150.00,-207,R,20483,-31.5500
31410,P1,BASE,-150.00,-147.51,-209,R,20424,-31.5748
31420,P1,BASE,-150.00,-147.47,-210,R,20365,-31.6001
31430,P1,BASE,-150.00,-147.53,-210,R,20306,-31.6248
31440,P1,BASE,-150.00,-149.99,-207,R,20246,-31.6250
31450,P1,BASE,-150.00,-147.47,-210,R,20187,-31.6503
31460,P1,BASE,-150.00,-150.01,-207,R,20127,-31.6501
31470,P1,BASE,-150.00,-144.99,-213,R,20069,-31.7003
31480,P1,BASE,-150.00,-147.54,-210,R,20010,-31.7248
31490,P1,BASE,-150.00,-150.00,-208,R,19950,-31.7248
31500,P1,BASE,-150.00,-149.94,-208,R,19890,-31.7254
31510,P1,BASE,-150.00,-152.56,-205,R,19829,-31.6998
31520,P1,BASE,-150.00,-152.45,-205,R,19768,-31.6753
31530,P1,BASE,-150.00,-155.05,-202,R,19706,-31.6248
31540,P1,BASE,-150.00,-154.95,-202,R,19644,-31.5753
31550,P1,BASE,-150.00,-152.55,-204,R,19583,-31.5498
31560,P1,BASE,-150.00,-149.99,-207,R,19523,-31.5500
31570,P1,BASE,-150.00,-149.96,-207,R,19463,-31.5504
31580,P1,BASE,-150.00,-150.06,-207,R,19403,-31.5498
31590,P1,BASE,-150.00,-147.50,-209,R,19344,-31.5748
31600,P1,BASE,-150.00,-149.99,-207,R,19284,-31.5750
31610,P1,BASE,-150.00,-152.47,-204,R,19223,-31.5503
31620,P1,BASE,-150.00,-150.03,-207,R,19163,-31.5500
31630,P1,BASE,-150.00,-149.90,-207,R,19103,-31.5510
31640,P1,BASE,-150.00,-147.59,-209,R,19044,-31.5751
31650,P1,BASE,-150.00,-147.53,-210,R,18985,-31.5998
31660,P1,BASE,-150.00,-152.45,-204,R,18924,-31.5753
31670,P1,BASE,-150.00,-150.05,-207,R,18864,-31.5748
31680,P1,BASE,-150.00,-147.46,-210,R,18805,-31.6003
31690,P1,BASE,-150.00,-150.01,-207,R,18745,-31.6001
31700,P1,BASE,-150.00,-150.00,-207,R,18685,-31.6001
31710,P1,BASE,-150.00,-152.48,-204,R,18624,-31.5753
31720,P1,BASE,-150.00,-150.00,-207,R,18564,-31.5753
31730,P1,BASE,-150.00,-152.53,-204,R,18503,-31.5500
31740,P1,BASE,-150.00,-155.00,-201,R,18441,-31.5000
31750,P1,BASE,-150.00,-150.00,-206,R,18381,-31.5000
31760,P1,BASE,-150.00,-152.48,-204,R,18320,-31.4751
31770,P1,BASE,-150.00,-145.01,-212,R,18262,-31.5250
31780,P1,BASE,-150.00,-147.47,-209,R,18203,-31.5503
31790,P1,BASE,-150.00,-150.00,-207,R,18143,-31.5503
31800,P1,BASE,-150.00,-150.00,-207,R,18083,-31.5503
31810,P1,BASE,-150.00,-149.99,-207,R,18023,-31.5504
31820,P1,BASE,-150.00,-147.51,-209,R,17964,-31.5753
31830,P1,BASE,-150.00,-147.49,-210,R,17905,-31.6004
31840,P1,BASE,-150.00,-150.03,-207,R,17845,-31.6001
31850,P1,BASE,-150.00,-147.53,-210,R,17786,-31.6248
31860,P1,BASE,-150.00,-149.99,-207,R,17726,-31.6250
31870,P1,BASE,-150.00,-145.01,-213,R,17668,-31.6749
31880,P1,BASE,-150.00,-147.37,-210,R,17609,-31.7012
31890,P1,BASE,-150.00,-147.60,-210,R,17550,-31.7251
31900,P1,BASE,-150.00,-149.99,-208,R,17490,-31.7253
31910,P1,BASE,-150.00,-155.02,-202,R,17428,-31.6751
31920,P1,BASE,-150.00,-155.00,-202,R,17366,-31.6251
31930,P1,BASE,-150.00,-152.52,-204,R,17305,-31.6000
31940,P1,BASE,-150.00,-154.97,-202,R,17243,-31.5503
31950,P1,BASE,-150.00,-152.52,-204,R,17182,-31.5251
31960,P1,BASE,-150.00,-150.01,-207,R,17122,-31.5250
31970,P1,BASE,-150.00,-147.47,-209,R,17063,-31.5503
31980,P1,BASE,-150.00,-150.00,-207,R,17003,-31.5503
31990,P1,BASE,-150.00,-150.00,-207,R,16943,-31.5503
32000,P1,BASE,-150.00,-150.05,-207,R,16883,-31.5498
32010,P1,BASE,-150.00,-149.94,-207,R,16823,-31.5504
32020,P1,BASE,-150.00,-147.53,-209,R,16764,-31.5751
32030,P1,BASE,-150.00,-152.48,-204,R,16703,-31.5503
32040,P1,BASE,-150.00,-150.05,-207,R,16643,-31.5498
32050,P1,BASE,-150.00,-147.50,-209,R,16584,-31.5748
32060,P1,BASE,-150.00,-152.50,-204,R,16523,-31.5498
32070,P1,BASE,-150.00,-147.46,-209,R,16464,-31.5753
32080,P1,BASE,-150.00,-147.54,-210,R,16405,-31.5998
32090,P1,BASE,-150.00,-149.96,-207,R,16345,-31.6003
32100,P1,BASE,-150.00,-147.54,-210,R,16286,-31.6249
32110,P1,BASE,-150.00,-152.45,-205,R,16225,-31.6003
32120,P1,BASE,-150.00,-152.55,-204,R,16164,-31.5749
32130,P1,BASE,-150.00,-152.45,-204,R,16103,-31.5503
32140,P1,BASE,-150.00,-155.00,-201,R,16041,-31.5003
32150,P1,BASE,-150.00,-150.01,-206,R,15981,-31.5002
32160,P1,BASE,-150.00,-152.53,-204,R,15920,-31.4749
32170,P1,BASE,-150.00,-144.97,-212,R,15862,-31.5251
32180,P1,BASE,-150.00,-147.51,-209,R,15803,-31.5500
32190,P1,BASE,-150.00,-149.99,-207,R,15743,-31.5501
32200,P1,BASE,-150.00,-150.00,-207,R,15683,-31.5501
32210,P1,BASE,-150.00,-150.01,-207,R,15623,-31.5500
32220,P1,BASE,-150.00,-150.01,-207,R,15563,-31.5498
32230,P1,BASE,-150.00,-144.99,-212,R,15505,-31.6000
32240,P1,BASE,-150.00,-149.97,-207,R,15445,-31.6003
32250,P1,BASE,-150.00,-147.53,-210,R,15386,-31.6250
32260,P1,BASE,-150.00,-149.97,-207,R,15326,-31.6253
32270,P1,BASE,-150.00,-145.00,-213,R,15268,-31.6753
32280,P1,BASE,-150.00,-145.01,-213,R,15210,-31.7251
32290,P1,BASE,-150.00,-150.03,-208,R,15150,-31.7248
32300,P1,BASE,-150.00,-149.97,-208,R,15090,-31.7251
32310,P1,BASE,-150.00,-154.98,-202,R,15028,-31.6753
32320,P1,BASE,-150.00,-155.02,-202,R,14966,-31.6251
32330,P1,BASE,-150.00,-152.53,-204,R,14905,-31.5998
32340,P1,BASE,-150.00,-154.97,-202,R,14843,-31.5502
32350,P1,BASE,-150.00,-152.48,-204,R,14782,-31.5253
32360,P1,BASE,-150.00,-150.00,-207,R,14722,-31.5253
32370,P1,BASE,-150.00,-150.03,-207,R,14662,-31.5250
32380,P1,BASE,-150.00,-147.49,-209,R,14603,-31.5502
32390,P1,BASE,-150.00,-152.50,-204,R,14542,-31.5252
32400,P1,BASE,-150.00,-147.53,-209,R,14483,-31.5499
32410,P1,BASE,-150.00,-152.45,-204,R,14422,-31.5253
32420,P1,BASE,-150.00,-147.50,-209,R,14363,-31.5503
32430,P1,BASE,-150.00,-152.52,-204,R,14302,-31.5252
32440,P1,BASE,-150.00,-147.50,-209,R,14243,-31.5502
32450,P1,BASE,-150.00,-150.00,-207,R,14183,-31.5502
32460,P1,BASE,-150.00,-150.03,-207,R,14123,-31.5499
32470,P1,BASE,-150.00,-149.99,-207,R,14063,-31.5500
32480,P1,BASE,-150.00,-147.47,-209,R,14004,-31.5753
32490,P1,BASE,-150.00,-150.01,-207,R,13944,-31.5752
32500,P1,BASE,-150.00,-150.00,-207,R,13884,-31.5752
32510,P1,BASE,-150.00,-150.01,-207,R,13824,-31.5750
32520,P1,BASE,-150.00,-152.48,-204,R,13763,-31.5502
32530,P1,BASE,-150.00,-152.48,-204,R,13702,-31.5253
32540,P1,BASE,-150.00,-155.02,-201,R,13640,-31.4752
32550,P1,BASE,-150.00,-150.00,-206,R,13580,-31.4752
32560,P1,BASE,-150.00,-152.48,-204,R,13519,-31.4503
32570,P1,BASE,-150.00,-144.99,-211,R,13461,-31.5005
32580,P1,BASE,-150.00,-147.51,-209,R,13402,-31.5253
32590,P1,BASE,-150.00,-149.99,-207,R,13342,-31.5255
32600,P1,BASE,-150.00,-150.05,-207,R,13282,-31.5250
32610,P1,BASE,-150.00,-150.01,-207,R,13222,-31.5249
32620,P1,BASE,-150.00,-147.47,-209,R,13163,-31.5502
32630,P1,BASE,-150.00,-147.50,-209,R,13104,-31.5752
32640,P1,BASE,-150.00,-150.01,-207,R,13044,-31.5750
32650,P1,BASE,-150.00,-147.49,-210,R,12985,-31.6002
32660,P1,BASE,-150.00,-147.50,-210,R,12926,-31.6252
32670,P1,BASE,-150.00,-147.49,-210,R,12867,-31.6503
32680,P1,BASE,-150.00,-145.01,-213,R,12809,-31.7002
32690,P1,BASE,-150.00,-150.03,-208,R,12749,-31.6999
32700,P1,BASE,-150.00,-149.97,-208,R,12689,-31.7002
32710,P1,BASE,-150.00,-155.02,-202,R,12627,-31.6500
32720,P1,BASE,-150.00,-152.48,-205,R,12566,-31.6252
32730,P1,BASE,-150.00,-155.00,-202,R,12504,-31.5752
32740,P1,BASE,-150.00,-152.52,-204,R,12443,-31.5500
32750,P1,BASE,-150.00,-152.47,-204,R,12382,-31.5253
32760,P1,BASE,-150.00,-152.48,-204,R,12321,-31.5005
32770,P1,BASE,-150.00,-147.56,-209,R,12262,-31.5249
32780,P1,BASE,-150.00,-147.50,-209,R,12203,-31.5499
32790,P1,BASE,-150.00,-149.97,-207,R,12143,-31.5502
32800,P1,BASE,-150.00,-150.00,-207,R,12083,-31.5502
32810,P1,BASE,-150.00,-152.52,-204,R,12022,-31.5250
32820,P1,BASE,-150.00,-147.47,-209,R,11963,-31.5503
32830,P1,BASE,-150.00,-150.00,-207,R,11903,-31.5503
32840,P1,BASE,-150.00,-150.05,-207,R,11843,-31.5499
32850,P1,BASE,-150.00,-147.47,-209,R,11784,-31.5752
32860,P1,BASE,-150.00,-152.48,-204,R,11723,-31.5503
32870,P1,BASE,-150.00,-147.54,-209,R,11664,-31.5749
32880,P1,BASE,-150.00,-147.47,-210,R,11605,-31.6002
32890,P1,BASE,-150.00,-150.01,-207,R,11545,-31.6000
32900,P1,BASE,-150.00,-147.46,-210,R,11486,-31.6255
32910,P1,BASE,-150.00,-152.50,-204,R,11425,-31.6005
32920,P1,BASE,-150.00,-152.56,-204,R,11364,-31.5748
32930,P1,BASE,-150.00,-152.50,-204,R,11303,-31.5498
32940,P1,BASE,-150.00,-154.97,-201,R,11241,-31.5002
32950,P1,BASE,-150.00,-149.99,-206,R,11181,-31.5003
32960,P1,BASE,-150.00,-150.05,-206,R,11121,-31.4999
32970,P1,BASE,-150.00,-144.97,-212,R,11063,-31.5501
32980,P1,BASE,-150.00,-147.50,-209,R,11004,-31.5751
32990,P1,BASE,-150.00,-152.52,-204,R,10943,-31.5500
33000,P1,BASE,-150.00,-147.49,-209,R,10884,-31.5751
33010,P1,BASE,-80.00,-150.03,-179,R,10824,-30.8748
33020,P1,BASE,-80.00,-147.46,-149,R,10765,-30.2003
33030,P1,BASE,-80.00,-142.50,-130,R,10708,-29.5753
33040,P1,BASE,-80.00,-142.50,-126,R,10651,-28.9503
33050,P1,BASE,-80.00,-140.03,-125,R,10595,-28.3500
33060,P1,BASE,-80.00,-135.00,-126,R,10541,-27.8000
33070,P1,BASE,-80.00,-127.51,-131,R,10490,-27.3249
33080,P1,BASE,-80.00,-127.47,-128,R,10439,-26.8501
33090,P1,BASE,-80.00,-122.50,-130,R,10390,-26.4251
33100,P1,BASE,-80.00,-122.51,-127,R,10341,-26.0000
33110,P1,BASE,-80.00,-122.49,-124,R,10292,-25.5751
33120,P1,BASE,-80.00,-122.48,-121,R,10243,-25.1504
33130,P1,BASE,-80.00,-115.05,-127,R,10197,-24.7999
33140,P1,BASE,-80.00,-117.48,-122,R,10150,-24.4251
33150,P1,BASE,-80.00,-112.51,-125,R,10105,-24.1000
33160,P1,BASE,-80.00,-112.48,-123,R,10060,-23.7753
33170,P1,BASE,-80.00,-107.53,-126,R,10017,-23.4999
33180,P1,BASE,-80.00,-105.00,-127,R,9975,-23.2499
33190,P1,BASE,-80.00,-104.98,-125,R,9933,-23.0001
33200,P1,BASE,-80.00,-97.51,-132,R,9894,-22.8251
33210,P1,BASE,-80.00,-97.47,-130,R,9855,-22.6503
33220,P1,BASE,-80.00,-97.53,-129,R,9816,-22.4750
33230,P1,BASE,-80.00,-92.51,-134,R,9779,-22.3500
33240,P1,BASE,-80.00,-92.48,-133,R,9742,-22.2251
33250,P1,BASE,-80.00,-89.99,-135,R,9706,-22.1252
33260,P1,BASE,-80.00,-87.51,-137,R,9671,-22.0501
33270,P1,BASE,-80.00,-89.98,-134,R,9635,-21.9503
33280,P1,BASE,-80.00,-87.53,-136,R,9600,-21.8751
33290,P1,BASE,-80.00,-82.51,-140,R,9567,-21.8500
33300,P1,BASE,-80.00,-87.50,-135,R,9532,-21.7750
33310,P1,BASE,-80.00,-82.49,-140,R,9499,-21.7501
33320,P1,BASE,-80.00,-82.48,-140,R,9466,-21.7252
33330,P1,BASE,-80.00,-80.02,-142,R,9434,-21.7251
33340,P1,BASE,-80.00,-79.98,-142,R,9402,-21.7252
33350,P1,BASE,-80.00,-80.02,-142,R,9370,-21.7251
33360,P1,BASE,-80.00,-79.99,-142,R,9338,-21.7251
33370,P1,BASE,-80.00,-77.51,-145,R,9307,-21.7501
33380,P1,BASE,-80.00,-75.01,-148,R,9277,-21.8000
33390,P1,BASE,-80.00,-77.47,-145,R,9246,-21.8253
33400,P1,BASE,-80.00,-75.01,-148,R,9216,-21.8752
33410,P1,BASE,-80.00,-72.51,-151,R,9187,-21.9501
33420,P1,BASE,-80.00,-77.48,-146,R,9156,-21.9752
33430,P1,BASE,-80.00,-72.50,-152,R,9127,-22.0502
33440,P1,BASE,-80.00,-75.00,-150,R,9097,-22.1002
33450,P1,BASE,-80.00,-72.51,-153,R,9068,-22.1751
33460,P1,BASE,-80.00,-72.50,-153,R,9039,-22.2501
33470,P1,BASE,-80.00,-72.51,-154,R,9010,-22.3250
33480,P1,BASE,-80.00,-75.00,-152,R,8980,-22.3750
33490,P1,BASE,-80.00,-72.48,-155,R,8951,-22.4502
33500,P1,BASE,-80.00,-72.50,-155,R,8922,-22.5252
33510,P1,BASE,-80.00,-72.51,-156,R,8893,-22.6001
33520,P1,BASE,-80.00,-75.00,-153,R,8863,-22.6501
33530,P1,BASE,-80.00,-72.49,-156,R,8834,-22.7252
33540,P1,BASE,-80.00,-72.51,-157,R,8805,-22.8001
33550,P1,BASE,-80.00,-74.99,-155,R,8775,-22.8502
33560,P1,BASE,-80.00,-72.52,-158,R,8746,-22.9250
33570,P1,BASE,-80.00,-72.49,-158,R,8717,-23.0002
33580,P1,BASE,-80.00,-70.01,-161,R,8689,-23.1000
33590,P1,BASE,-80.00,-72.50,-159,R,8660,-23.1750
33600,P1,BASE,-80.00,-72.49,-160,R,8631,-23.2501
33610,P1,BASE,-80.00,-72.50,-160,R,8602,-23.3251
33620,P1,BASE,-80.00,-69.99,-164,R,8574,-23.4252
33630,P1,BASE,-80.00,-77.51,-156,R,8543,-23.4501
33640,P1,BASE,-80.00,-74.99,-159,R,8513,-23.5003
33650,P1,BASE,-80.00,-72.51,-162,R,8484,-23.5752
33660,P1,BASE,-80.00,-75.01,-160,R,8454,-23.6250
33670,P1,BASE,-80.00,-74.99,-160,R,8424,-23.6751
33680,P1,BASE,-80.00,-75.00,-160,R,8394,-23.7251
33690,P1,BASE,-80.00,-74.99,-161,R,8364,-23.7753
33700,P1,BASE,-80.00,-75.01,-161,R,8334,-23.8251
33710,P1,BASE,-80.00,-72.49,-164,R,8305,-23.9003
33720,P1,BASE,-80.00,-74.99,-162,R,8275,-23.9503
33730,P1,BASE,-80.00,-77.48,-160,R,8244,-23.9755
33740,P1,BASE,-80.00,-75.02,-162,R,8214,-24.0253
33750,P1,BASE,-80.00,-72.49,-165,R,8185,-24.1003
33760,P1,BASE,-80.00,-77.53,-160,R,8154,-24.1250
33770,P1,BASE,-80.00,-74.97,-163,R,8124,-24.1753
33780,P1,BASE,-80.00,-75.00,-164,R,8094,-24.2253
33790,P1,BASE,-80.00,-72.53,-167,R,8065,-24.3000
33800,P1,BASE,-80.00,-74.98,-165,R,8035,-24.3503
33810,P1,BASE,-80.00,-72.49,-168,R,8006,-24.4253
33820,P1,BASE,-80.00,-77.53,-163,R,7975,-24.4500
33830,P1,BASE,-80.00,-74.99,-166,R,7945,-24.5002
33840,P1,BASE,-80.00,-77.48,-163,R,7914,-24.5253
33850,P1,BASE,-80.00,-77.52,-163,R,7883,-24.5501
33860,P1,BASE,-80.00,-77.48,-163,R,7852,-24.5752
33870,P1,BASE,-80.00,-77.52,-164,R,7821,-24.6001
33880,P1,BASE,-80.00,-77.50,-164,R,7790,-24.6251
33890,P1,BASE,-80.00,-77.48,-164,R,7759,-24.6502
33900,P1,BASE,-80.00,-80.01,-161,R,7727,-24.6502
33910,P1,BASE,-80.00,-77.51,-164,R,7696,-24.6751
33920,P1,BASE,-80.00,-79.99,-162,R,7664,-24.6752
33930,P1,BASE,-80.00,-77.51,-164,R,7633,-24.7001
33940,P1,BASE,-80.00,-79.99,-162,R,7601,-24.7002
33950,P1,BASE,-80.00,-77.50,-164,R,7570,-24.7252
33960,P1,BASE,-80.00,-80.01,-162,R,7538,-24.7251
33970,P1,BASE,-80.00,-77.50,-165,R,7507,-24.7501
33980,P1,BASE,-80.00,-77.48,-165,R,7476,-24.7752
33990,P1,BASE,-80.00,-77.47,-165,R,7445,-24.8006
34000,P1,BASE,-80.00,-77.52,-165,R,7414,-24.8253
34010,P1,BASE,-80.00,-77.52,-165,R,7383,-24.8501
34020,P1,BASE,-80.00,-79.99,-163,R,7351,-24.8502
34030,P1,BASE,-80.00,-77.52,-165,R,7320,-24.8750
34040,P1,BASE,-80.00,-79.98,-163,R,7288,-24.8753
34050,P1,BASE,-80.00,-80.02,-163,R,7256,-24.8750
34060,P1,BASE,-80.00,-80.00,-163,R,7224,-24.8750
34070,P1,BASE,-80.00,-79.99,-163,R,7192,-24.8751
34080,P1,BASE,-80.00,-80.00,-163,R,7160,-24.8751
34090,P1,BASE,-80.00,-82.50,-160,R,7127,-24.8501
34100,P1,BASE,-80.00,-77.48,-165,R,7096,-24.8752
34110,P1,BASE,-80.00,-82.51,-160,R,7063,-24.8502
34120,P1,BASE,-80.00,-79.99,-163,R,7031,-24.8502
34130,P1,BASE,-80.00,-82.51,-160,R,6998,-24.8252
34140,P1,BASE,-80.00,-80.00,-163,R,6966,-24.8252
34150,P1,BASE,-80.00,-82.51,-160,R,6933,-24.8001
34160,P1,BASE,-80.00,-80.00,-162,R,6901,-24.8001
34170,P1,BASE,-80.00,-80.01,-162,R,6869,-24.8000
34180,P1,BASE,-80.00,-82.48,-160,R,6836,-24.7752
34190,P1,BASE,-80.00,-80.02,-162,R,6804,-24.7750
34200,P1,BASE,-80.00,-79.98,-162,R,6772,-24.7752
34210,P1,BASE,-80.00,-79.99,-162,R,6740,-24.7753
34220,P1,BASE,-80.00,-80.02,-162,R,6708,-24.7751
34230,P1,BASE,-80.00,-79.98,-162,R,6676,-24.7752
34240,P1,BASE,-80.00,-82.51,-159,R,6643,-24.7502
34250,P1,BASE,-80.00,-80.01,-162,R,6611,-24.7501
34260,P1,BASE,-80.00,-79.99,-162,R,6579,-24.7502
34270,P1,BASE,-80.00,-80.01,-162,R,6547,-24.7501
34280,P1,BASE,-80.00,-82.48,-159,R,6514,-24.7253
34290,P1,BASE,-80.00,-79.99,-162,R,6482,-24.7253
34300,P1,BASE,-80.00,-82.52,-159,R,6449,-24.7001
34310,P1,BASE,-80.00,-82.48,-159,R,6416,-24.6752
34320,P1,BASE,-80.00,-80.02,-162,R,6384,-24.6750
34330,P1,BASE,-80.00,-79.99,-162,R,6352,-24.6751
34340,P1,BASE,-80.00,-80.01,-162,R,6320,-24.6750
34350,P1,BASE,-80.00,-79.98,-162,R,6288,-24.6752
34360,P1,BASE,-80.00,-77.51,-164,R,6257,-24.7002
34370,P1,BASE,-80.00,-79.99,-162,R,6225,-24.7003
34380,P1,BASE,-80.00,-80.00,-162,R,6193,-24.7003
34390,P1,BASE,-80.00,-80.01,-162,R,6161,-24.7002
34400,P1,BASE,-80.00,-82.51,-159,R,6128,-24.6751
34410,P1,BASE,-80.00,-79.98,-162,R,6096,-24.6753
34420,P1,BASE,-80.00,-80.02,-162,R,6064,-24.6750
34430,P1,BASE,-80.00,-82.50,-159,R,6031,-24.6500
34440,P1,BASE,-80.00,-80.00,-161,R,5999,-24.6500
34450,P1,BASE,-80.00,-77.50,-164,R,5968,-24.6750
34460,P1,BASE,-80.00,-79.99,-162,R,5936,-24.6751
34470,P1,BASE,-80.00,-79.95,-162,R,5904,-24.6756
34480,P1,BASE,-80.00,-77.54,-164,R,5873,-24.7002
34490,P1,BASE,-80.00,-82.48,-159,R,5840,-24.6753
34500,P1,BASE,-80.00,-80.03,-162,R,5808,-24.6750
34510,P1,BASE,-80.00,-80.00,-162,R,5776,-24.6750
34520,P1,BASE,-80.00,-79.99,-162,R,5744,-24.6751
34530,P1,BASE,-80.00,-77.51,-164,R,5713,-24.7000
34540,P1,BASE,-80.00,-77.47,-164,R,5682,-24.7253
34550,P1,BASE,-80.00,-77.50,-165,R,5651,-24.7503
34560,P1,BASE,-80.00,-80.03,-162,R,5619,-24.7500
34570,P1,BASE,-80.00,-77.49,-165,R,5588,-24.7751
34580,P1,BASE,-80.00,-80.01,-162,R,5556,-24.7750
34590,P1,BASE,-80.00,-79.98,-162,R,5524,-24.7753
34600,P1,BASE,-80.00,-80.02,-162,R,5492,-24.7750
34610,P1,BASE,-80.00,-82.48,-160,R,5459,-24.7502
34620,P1,BASE,-80.00,-79.99,-162,R,5427,-24.7503
34630,P1,BASE,-80.00,-80.01,-162,R,5395,-24.7502
34640,P1,BASE,-80.00,-82.49,-159,R,5362,-24.7253
34650,P1,BASE,-80.00,-82.50,-159,R,5329,-24.7003
34660,P1,BASE,-80.00,-80.00,-162,R,5297,-24.7003
34670,P1,BASE,-80.00,-82.50,-159,R,5264,-24.6753
34680,P1,BASE,-80.00,-80.02,-162,R,5232,-24.6750
34690,P1,BASE,-80.00,-82.49,-159,R,5199,-24.6501
34700,P1,BASE,-80.00,-80.00,-161,R,5167,-24.6501
34710,P1,BASE,-80.00,-80.01,-161,R,5135,-24.6500
34720,P1,BASE,-80.00,-77.49,-164,R,5104,-24.6751
34730,P1,BASE,-80.00,-80.00,-162,R,5072,-24.6751
34740,P1,BASE,-80.00,-79.98,-162,R,5040,-24.6753
34750,P1,BASE,-80.00,-80.02,-162,R,5008,-24.6751
34760,P1,BASE,-80.00,-77.48,-164,R,4977,-24.7003
34770,P1,BASE,-80.00,-82.52,-159,R,4944,-24.6751
34780,P1,BASE,-80.00,-80.00,-162,R,4912,-24.6751
34790,P1,BASE,-80.00,-80.00,-162,R,4880,-24.6751
34800,P1,BASE,-80.00,-82.49,-159,R,4847,-24.6502
34810,P1,BASE,-80.00,-80.01,-161,R,4815,-24.6501
34820,P1,BASE,-80.00,-79.98,-161,R,4783,-24.6503
34830,P1,BASE,-80.00,-80.02,-161,R,4751,-24.6500
34840,P1,BASE,-80.00,-82.48,-159,R,4718,-24.6252
34850,P1,BASE,-80.00,-80.01,-161,R,4686,-24.6251
34860,P1,BASE,-80.00,-82.51,-159,R,4653,-24.6000
34870,P1,BASE,-80.00,-82.50,-158,R,4620,-24.5750
34880,P1,BASE,-80.00,-80.00,-161,R,4588,-24.5750
34890,P1,BASE,-80.00,-82.50,-158,R,4555,-24.5500
34900,P1,BASE,-80.00,-79.99,-161,R,4523,-24.5501
34910,P1,BASE,-80.00,-80.01,-161,R,4491,-24.5500
34920,P1,BASE,-80.00,-82.50,-158,R,4458,-24.5250
34930,P1,BASE,-80.00,-79.98,-161,R,4426,-24.5252
34940,P1,BASE,-80.00,-77.50,-163,R,4395,-24.5502
34950,P1,BASE,-80.00,-82.49,-158,R,4362,-24.5253
34960,P1,BASE,-80.00,-77.51,-163,R,4331,-24.5502
34970,P1,BASE,-80.00,-82.52,-158,R,4298,-24.5250
34980,P1,BASE,-80.00,-77.50,-163,R,4267,-24.5500
34990,P1,BASE,-80.00,-82.48,-158,R,4234,-24.5253
35000,P1,BASE,-80.00,-80.02,-161,R,4202,-24.5250
35010,P1,BASE,-80.00,-79.99,-161,R,4170,-24.5251
35020,P1,BASE,-80.00,-79.99,-161,R,4138,-24.5252
35030,P1,BASE,-80.00,-80.02,-161,R,4106,-24.5250
35040,P1,BASE,-80.00,-79.98,-161,R,4074,-24.5253
35050,P1,BASE,-80.00,-82.51,-158,R,4041,-24.5002
35060,P1,BASE,-80.00,-80.00,-160,R,4009,-24.5002
35070,P1,BASE,-80.00,-80.00,-160,R,3977,-24.5002
35080,P1,BASE,-80.00,-82.50,-158,R,3944,-24.4752
35090,P1,BASE,-80.00,-77.50,-163,R,3913,-24.5002
35100,P1,BASE,-80.00,-77.49,-163,R,3882,-24.5253
35110,P1,BASE,-80.00,-80.02,-161,R,3850,-24.5250
35120,P1,BASE,-80.00,-77.49,-163,R,3819,-24.5501
35130,P1,BASE,-80.00,-77.48,-163,R,3788,-24.5753
35140,P1,BASE,-80.00,-82.50,-158,R,3755,-24.5503
35150,P1,BASE,-80.00,-82.53,-158,R,3722,-24.5250
35160,P1,BASE,-80.00,-80.00,-161,R,3690,-24.5250
35170,P1,BASE,-80.00,-77.48,-163,R,3659,-24.5502
35180,P1,BASE,-80.00,-82.51,-158,R,3626,-24.5252
35190,P1,BASE,-80.00,-77.52,-163,R,3595,-24.5500
35200,P1,BASE,-80.00,-79.98,-161,R,3563,-24.5502
35210,P1,BASE,-80.00,-80.02,-161,R,3531,-24.5500
35220,P1,BASE,-80.00,-77.48,-163,R,3500,-24.5752
35230,P1,BASE,-80.00,-80.00,-161,R,3468,-24.5752
35240,P1,BASE,-80.00,-80.01,-161,R,3436,-24.5752
35250,P1,BASE,-80.00,-80.01,-161,R,3404,-24.5751
35260,P1,BASE,-80.00,-77.50,-164,R,3373,-24.6001
35270,P1,BASE,-80.00,-80.00,-161,R,3341,-24.6001
35280,P1,BASE,-80.00,-79.98,-161,R,3309,-24.6002
35290,P1,BASE,-80.00,-77.52,-164,R,3278,-24.6251
35300,P1,BASE,-80.00,-77.49,-164,R,3247,-24.6502
35310,P1,BASE,-80.00,-77.51,-164,R,3216,-24.6751
35320,P1,BASE,-80.00,-77.50,-164,R,3185,-24.7001
35330,P1,BASE,-80.00,-79.98,-162,R,3153,-24.7002
35340,P1,BASE,-80.00,-80.02,-162,R,3121,-24.7000
35350,P1,BASE,-80.00,-77.49,-164,R,3090,-24.7251
35360,P1,BASE,-80.00,-82.49,-159,R,3057,-24.7002
35370,P1,BASE,-80.00,-80.02,-162,R,3025,-24.7000
35380,P1,BASE,-80.00,-82.49,-159,R,2992,-24.6751
35390,P1,BASE,-80.00,-79.98,-162,R,2960,-24.6752
35400,P1,BASE,-80.00,-82.52,-159,R,2927,-24.6500
35410,P1,BASE,-80.00,-80.00,-161,R,2895,-24.6500
35420,P1,BASE,-80.00,-82.49,-159,R,2862,-24.6251
35430,P1,BASE,-80.00,-80.01,-161,R,2830,-24.6250
35440,P1,BASE,-80.00,-82.48,-159,R,2797,-24.6002
35450,P1,BASE,-80.00,-79.99,-161,R,2765,-24.6003
35460,P1,BASE,-80.00,-80.01,-161,R,2733,-24.6002
35470,P1,BASE,-80.00,-77.52,-164,R,2702,-24.6251
35480,P1,BASE,-80.00,-79.99,-161,R,2670,-24.6252
35490,P1,BASE,-80.00,-79.99,-161,R,2638,-24.6252
35500,P1,BASE,-80.00,-80.01,-161,R,2606,-24.6252
35510,P1,BASE,-80.00,-77.49,-164,R,2575,-24.6502
35520,P1,BASE,-80.00,-80.02,-161,R,2543,-24.6500
35530,P1,BASE,-80.00,-80.00,-161,R,2511,-24.6500
35540,P1,BASE,-80.00,-79.98,-161,R,2479,-24.6502
35550,P1,BASE,-80.00,-82.52,-159,R,2446,-24.6250
35560,P1,BASE,-80.00,-79.98,-161,R,2414,-24.6252
35570,P1,BASE,-80.00,-80.00,-161,R,2382,-24.6252
35580,P1,BASE,-80.00,-79.99,-161,R,2350,-24.6252
35590,P1,BASE,-80.00,-82.51,-159,R,2317,-24.6002
35600,P1,BASE,-80.00,-79.98,-161,R,2285,-24.6003
35610,P1,BASE,-80.00,-80.01,-161,R,2253,-24.6002
35620,P1,BASE,-80.00,-82.50,-158,R,2220,-24.5752
35630,P1,BASE,-80.00,-80.02,-161,R,2188,-24.5750
35640,P1,BASE,-80.00,-82.49,-158,R,2155,-24.5501
35650,P1,BASE,-80.00,-82.49,-158,R,2122,-24.5252
35660,P1,BASE,-80.00,-77.50,-163,R,2091,-24.5502
35670,P1,BASE,-80.00,-80.00,-161,R,2059,-24.5502
35680,P1,BASE,-80.00,-82.50,-158,R,2026,-24.5252
35690,P1,BASE,-80.00,-77.49,-163,R,1995,-24.5502
35700,P1,BASE,-80.00,-80.02,-161,R,1963,-24.5501
35710,P1,BASE,-80.00,-79.98,-161,R,1931,-24.5502
35720,P1,BASE,-80.00,-80.02,-161,R,1899,-24.5501
35730,P1,BASE,-80.00,-79.98,-161,R,1867,-24.5503
35740,P1,BASE,-80.00,-80.02,-161,R,1835,-24.5501
35750,P1,BASE,-80.00,-80.01,-161,R,1803,-24.5500
35760,P1,BASE,-80.00,-79.98,-161,R,1771,-24.5502
35770,P1,BASE,-80.00,-80.02,-161,R,1739,-24.5501
35780,P1,BASE,-80.00,-79.98,-161,R,1707,-24.5502
35790,P1,BASE,-80.00,-80.01,-161,R,1675,-24.5502
35800,P1,BASE,-80.00,-82.52,-158,R,1642,-24.5250
35810,P1,BASE,-80.00,-79.98,-161,R,1610,-24.5252
35820,P1,BASE,-80.00,-79.99,-161,R,1578,-24.5252
35830,P1,BASE,-80.00,-80.02,-161,R,1546,-24.5251
35840,P1,BASE,-80.00,-79.98,-161,R,1514,-24.5252
35850,P1,BASE,-80.00,-77.51,-163,R,1483,-24.5502
35860,P1,BASE,-80.00,-77.51,-163,R,1452,-24.5751
35870,P1,BASE,-80.00,-79.98,-161,R,1420,-24.5752
35880,P1,BASE,-80.00,-77.52,-164,R,1389,-24.6001
35890,P1,BASE,-80.00,-80.01,-161,R,1357,-24.6000
35900,P1,BASE,-80.00,-82.48,-158,R,1324,-24.5752
35910,P1,BASE,-80.00,-80.00,-161,R,1292,-24.5752
35920,P1,BASE,-80.00,-77.50,-164,R,1261,-24.6002
35930,P1,BASE,-80.00,-80.00,-161,R,1229,-24.6002
35940,P1,BASE,-80.00,-80.02,-161,R,1197,-24.6000
35950,P1,BASE,-80.00,-80.00,-161,R,1165,-24.6000
35960,P1,BASE,-80.00,-77.49,-164,R,1134,-24.6251
35970,P1,BASE,-80.00,-80.01,-161,R,1102,-24.6250
35980,P1,BASE,-80.00,-77.47,-164,R,1071,-24.6503
35990,P1,BASE,-80.00,-80.02,-161,R,1039,-24.6501
36000,P1,BASE,-80.00,-79.98,-161,R,1007,-24.6502
36010,P1,BASE,0.00,-80.00,-131,R,975,-23.8502
36020,P1,BASE,0.00,-80.02,-101,R,943,-23.0500
36030,P1,BASE,0.00,-74.99,-71,R,913,-22.3001
36040,P1,BASE,0.00,-72.49,-67,R,884,-21.5752
36050,P1,BASE,0.00,-67.49,-68,R,857,-20.9003
36060,P1,BASE,0.00,-67.51,-64,R,830,-20.2252
36070,P1,BASE,0.00,-62.51,-65,R,805,-19.6002
36080,P1,BASE,0.00,-57.50,-66,R,782,-19.0252
36090,P1,BASE,0.00,-59.99,-59,R,758,-18.4252
36100,P1,BASE,0.00,-52.50,-64,R,737,-17.9002
36110,P1,BASE,0.00,-52.52,-60,R,716,-17.3751
36120,P1,BASE,0.00,-47.49,-62,R,697,-16.9002
36130,P1,BASE,0.00,-44.99,-62,R,679,-16.4502
36140,P1,BASE,0.00,-42.52,-61,R,662,-16.0251
36150,P1,BASE,0.00,-40.00,-61,R,646,-15.6251
36160,P1,BASE,0.00,-35.00,-64,R,632,-15.2751
36170,P1,BASE,0.00,-35.00,-62,R,618,-14.9251
36180,P1,BASE,0.00,-29.99,-65,R,606,-14.6252
36190,P1,BASE,0.00,-27.51,-66,R,595,-14.3502
36200,P1,BASE,0.00,-25.01,-67,R,585,-14.1001
36210,P1,BASE,0.00,-22.49,-68,R,576,-13.8752
36220,P1,BASE,0.00,-20.00,-69,R,568,-13.6752
36230,P1,BASE,0.00,-17.50,-70,R,561,-13.5002
36240,P1,BASE,0.00,-15.00,-72,R,555,-13.3501
36250,P1,BASE,0.00,-15.00,-71,R,549,-13.2001
36260,P1,BASE,0.00,-12.50,-73,R,544,-13.0751
36270,P1,BASE,0.00,-10.00,-75,R,540,-12.9751
36280,P1,BASE,0.00,-7.50,-77,R,537,-12.9001
36290,P1,BASE,0.00,-5.00,-79,R,535,-12.8501
36300,P1,BASE,0.00,-5.00,-78,R,533,-12.8001
36310,P1,BASE,0.00,-5.00,-78,R,531,-12.7501
36320,P1,BASE,0.00,-5.00,-78,R,529,-12.7001
36330,P1,BASE,0.00,-2.50,-80,R,528,-12.6751
36340,P1,BASE,0.00,-2.50,-80,R,527,-12.6501
36350,P1,BASE,0.00,0.00,-83,R,527,-12.6501
36360,P1,BASE,0.00,0.00,-83,R,527,-12.6501
36370,P1,BASE,0.00,0.00,-83,R,527,-12.6501
36380,P1,BASE,0.00,0.00,-83,R,527,-12.6501
36390,P1,BASE,0.00,0.00,-83,R,527,-12.6501
36400,P1,BASE,0.00,0.00,-83,R,527,-12.6501
36410,P1,BASE,0.00,0.00,-83,R,527,-12.6501
36420,P1,BASE,0.00,0.00,-83,R,527,-12.6501
36430,P1,BASE,0.00,0.00,-83,R,527,-12.6501
36440,P1,BASE,0.00,0.00,-83,R,527,-12.6501
36450,P1,BASE,0.00,0.00,-83,R,527,-12.6501
36460,P1,BASE,0.00,0.00,-83,R,527,-12.6501
36470,P1,BASE,0.00,0.00,-83,R,527,-12.6501
36480,P1,BASE,0.00,0.00,-83,R,527,-12.6501
36490,P1,BASE,0.00,0.00,-83,R,527,-12.6501
36500,P1,BASE,0.00,0.00,-83,R,527,-12.6501
36510,P1,BASE,0.00,0.00,-83,R,527,-12.6501
36520,P1,BASE,0.00,0.00,-83,R,527,-12.6501
36530,P1,BASE,0.00,0.00,-83,R,527,-12.6501
36540,P1,BASE,0.00,0.00,-83,R,527,-12.6501
36550,P1,BASE,0.00,0.00,-83,R,527,-12.6501
36560,P1,BASE,0.00,0.00,-83,R,527,-12.6501
36570,P1,BASE,0.00,0.00,-83,R,527,-12.6501
36580,P1,BASE,0.00,0.00,-83,R,527,-12.6501
36590,P1,BASE,0.00,0.00,-83,R,527,-12.6501
36600,P1,BASE,0.00,0.00,-83,R,527,-12.6501
36610,P1,BASE,0.00,0.00,-83,R,527,-12.6501
36620,P1,BASE,0.00,0.00,-83,R,527,-12.6501
36630,P1,BASE,0.00,0.00,-83,R,527,-12.6501
36640,P1,BASE,0.00,0.00,-83,R,527,-12.6501
36650,P1,BASE,0.00,0.00,-83,R,527,-12.6501
36660,P1,BASE,0.00,0.00,-83,R,527,-12.6501
36670,P1,BASE,0.00,0.00,-83,R,527,-12.6501
36680,P1,BASE,0.00,0.00,-83,R,527,-12.6501
36690,P1,BASE,0.00,0.00,-83,R,527,-12.6501
36700,P1,BASE,0.00,0.00,-83,R,527,-12.6501
36710,P1,BASE,0.00,0.00,-83,R,527,-12.6501
36720,P1,BASE,0.00,0.00,-83,R,527,-12.6501
36730,P1,BASE,0.00,0.00,-83,R,527,-12.6501
36740,P1,BASE,0.00,0.00,-83,R,527,-12.6501
36750,P1,BASE,0.00,0.00,-83,R,527,-12.6501
36760,P1,BASE,0.00,0.00,-83,R,527,-12.6501
36770,P1,BASE,0.00,0.00,-83,R,527,-12.6501
36780,P1,BASE,0.00,0.00,-83,R,527,-12.6501
36790,P1,BASE,0.00,0.00,-83,R,527,-12.6501
36800,P1,BASE,0.00,0.00,-83,R,527,-12.6501
36810,P1,BASE,0.00,0.00,-83,R,527,-12.6501
36820,P1,BASE,0.00,0.00,-83,R,527,-12.6501
36830,P1,BASE,0.00,0.00,-83,R,527,-12.6501
36840,P1,BASE,0.00,0.00,-83,R,527,-12.6501
36850,P1,BASE,0.00,2.50,-85,R,528,-12.6751
36860,P1,BASE,0.00,0.00,-83,R,528,-12.6751
36870,P1,BASE,0.00,0.00,-83,R,528,-12.6751
36880,P1,BASE,0.00,0.00,-83,R,528,-12.6751
36890,P1,BASE,0.00,0.00,-83,R,528,-12.6751
36900,P1,BASE,0.00,0.00,-83,R,528,-12.6751
36910,P1,BASE,0.00,0.00,-83,R,528,-12.6751
36920,P1,BASE,0.00,0.00,-83,R,528,-12.6751
36930,P1,BASE,0.00,0.00,-83,R,528,-12.6751
36940,P1,BASE,0.00,0.00,-83,R,528,-12.6751
36950,P1,BASE,0.00,0.00,-83,R,528,-12.6751
36960,P1,BASE,0.00,0.00,-83,R,528,-12.6751
36970,P1,BASE,0.00,0.00,-83,R,528,-12.6751
36980,P1,BASE,0.00,0.00,-83,R,528,-12.6751
36990,P1,BASE,0.00,0.00,-83,R,528,-12.6751
37000,P1,BASE,0.00,0.00,-83,R,528,-12.6751
37010,P1,BASE,0.00,0.00,-83,R,528,-12.6751
37020,P1,BASE,0.00,0.00,-83,R,528,-12.6751
37030,P1,BASE,0.00,0.00,-83,R,528,-12.6751
37040,P1,BASE,0.00,0.00,-83,R,528,-12.6751
37050,P1,BASE,0.00,0.00,-83,R,528,-12.6751
37060,P1,BASE,0.00,0.00,-83,R,528,-12.6751
37070,P1,BASE,0.00,0.00,-83,R,528,-12.6751
37080,P1,BASE,0.00,0.00,-83,R,528,-12.6751
37090,P1,BASE,0.00,0.00,-83,R,528,-12.6751
37100,P1,BASE,0.00,0.00,-83,R,528,-12.6751
37110,P1,BASE,0.00,0.00,-83,R,528,-12.6751
37120,P1,BASE,0.00,0.00,-83,R,528,-12.6751
37130,P1,BASE,0.00,0.00,-83,R,528,-12.6751
37140,P1,BASE,0.00,0.00,-83,R,528,-12.6751
37150,P1,BASE,0.00,0.00,-83,R,528,-12.6751
37160,P1,BASE,0.00,0.00,-83,R,528,-12.6751
37170,P1,BASE,0.00,0.00,-83,R,528,-12.6751
37180,P1,BASE,0.00,0.00,-83,R,528,-12.6751
37190,P1,BASE,0.00,0.00,-83,R,528,-12.6751
37200,P1,BASE,0.00,0.00,-83,R,528,-12.6751
37210,P1,BASE,0.00,0.00,-83,R,528,-12.6751
37220,P1,BASE,0.00,0.00,-83,R,528,-12.6751
37230,P1,BASE,0.00,0.00,-83,R,528,-12.6751
37240,P1,BASE,0.00,0.00,-83,R,528,-12.6751
37250,P1,BASE,0.00,0.00,-83,R,528,-12.6751
37260,P1,BASE,0.00,0.00,-83,R,528,-12.6751
37270,P1,BASE,0.00,0.00,-83,R,528,-12.6751
37280,P1,BASE,0.00,0.00,-83,R,528,-12.6751
37290,P1,BASE,0.00,0.00,-83,R,528,-12.6751
37300,P1,BASE,0.00,0.00,-83,R,528,-12.6751
37310,P1,BASE,0.00,0.00,-83,R,528,-12.6751
37320,P1,BASE,0.00,0.00,-83,R,528,-12.6751
37330,P1,BASE,0.00,0.00,-83,R,528,-12.6751
37340,P1,BASE,0.00,0.00,-83,R,528,-12.6751
37350,P1,BASE,0.00,0.00,-83,R,528,-12.6751
37360,P1,BASE,0.00,0.00,-83,R,528,-12.6751
37370,P1,BASE,0.00,0.00,-83,R,528,-12.6751
37380,P1,BASE,0.00,0.00,-83,R,528,-12.6751
37390,P1,BASE,0.00,0.00,-83,R,528,-12.6751
37400,P1,BASE,0.00,0.00,-83,R,528,-12.6751
37410,P1,BASE,0.00,0.00,-83,R,528,-12.6751
37420,P1,BASE,0.00,0.00,-83,R,528,-12.6751
37430,P1,BASE,0.00,0.00,-83,R,528,-12.6751
37440,P1,BASE,0.00,0.00,-83,R,528,-12.6751
37450,P1,BASE,0.00,0.00,-83,R,528,-12.6751
37460,P1,BASE,0.00,0.00,-83,R,528,-12.6751
37470,P1,BASE,0.00,0.00,-83,R,528,-12.6751
37480,P1,BASE,0.00,0.00,-83,R,528,-12.6751
37490,P1,BASE,0.00,0.00,-83,R,528,-12.6751
37500,P1,BASE,0.00,0.00,-83,R,528,-12.6751
37510,P1,BASE,0.00,0.00,-83,R,528,-12.6751
37520,P1,BASE,0.00,0.00,-83,R,528,-12.6751
37530,P1,BASE,0.00,0.00,-83,R,528,-12.6751
37540,P1,BASE,0.00,0.00,-83,R,528,-12.6751
37550,P1,BASE,0.00,0.00,-83,R,528,-12.6751
37560,P1,BASE,0.00,0.00,-83,R,528,-12.6751
37570,P1,BASE,0.00,0.00,-83,R,528,-12.6751
37580,P1,BASE,0.00,0.00,-83,R,528,-12.6751
37590,P1,BASE,0.00,0.00,-83,R,528,-12.6751
37600,P1,BASE,0.00,0.00,-83,R,528,-12.6751
37610,P1,BASE,0.00,0.00,-83,R,528,-12.6751
37620,P1,BASE,0.00,0.00,-83,R,528,-12.6751
37630,P1,BASE,0.00,0.00,-83,R,528,-12.6751
37640,P1,BASE,0.00,0.00,-83,R,528,-12.6751
37650,P1,BASE,0.00,0.00,-83,R,528,-12.6751
37660,P1,BASE,0.00,0.00,-83,R,528,-12.6751
37670,P1,BASE,0.00,0.00,-83,R,528,-12.6751
37680,P1,BASE,0.00,0.00,-83,R,528,-12.6751
37690,P1,BASE,0.00,0.00,-83,R,528,-12.6751
37700,P1,BASE,0.00,0.00,-83,R,528,-12.6751
37710,P1,BASE,0.00,0.00,-83,R,528,-12.6751
37720,P1,BASE,0.00,0.00,-83,R,528,-12.6751
37730,P1,BASE,0.00,0.00,-83,R,528,-12.6751
37740,P1,BASE,0.00,0.00,-83,R,528,-12.6751
37750,P1,BASE,0.00,0.00,-83,R,528,-12.6751
37760,P1,BASE,0.00,0.00,-83,R,528,-12.6751
37770,P1,BASE,0.00,0.00,-83,R,528,-12.6751
37780,P1,BASE,0.00,0.00,-83,R,528,-12.6751
37790,P1,BASE,0.00,0.00,-83,R,528,-12.6751
37800,P1,BASE,0.00,0.00,-83,R,528,-12.6751
37810,P1,BASE,0.00,0.00,-83,R,528,-12.6751
37820,P1,BASE,0.00,0.00,-83,R,528,-12.6751
37830,P1,BASE,0.00,0.00,-83,R,528,-12.6751
37840,P1,BASE,0.00,0.00,-83,R,528,-12.6751
37850,P1,BASE,0.00,0.00,-83,R,528,-12.6751
37860,P1,BASE,0.00,0.00,-83,R,528,-12.6751
37870,P1,BASE,0.00,0.00,-83,R,528,-12.6751
37880,P1,BASE,0.00,0.00,-83,R,528,-12.6751
37890,P1,BASE,0.00,0.00,-83,R,528,-12.6751
37900,P1,BASE,0.00,0.00,-83,R,528,-12.6751
37910,P1,BASE,0.00,0.00,-83,R,528,-12.6751
37920,P1,BASE,0.00,0.00,-83,R,528,-12.6751
37930,P1,BASE,0.00,0.00,-83,R,528,-12.6751
37940,P1,BASE,0.00,0.00,-83,R,528,-12.6751
37950,P1,BASE,0.00,0.00,-83,R,528,-12.6751
37960,P1,BASE,0.00,0.00,-83,R,528,-12.6751
37970,P1,BASE,0.00,0.00,-83,R,528,-12.6751
37980,P1,BASE,0.00,0.00,-83,R,528,-12.6751
37990,P1,BASE,0.00,0.00,-83,R,528,-12.6751
38000,P1,BASE,0.00,0.00,-83,R,528,-12.6751
38010,P1,BASE,0.00,0.00,-83,R,528,-12.6751
38020,P1,BASE,0.00,0.00,-83,R,528,-12.6751
38030,P1,BASE,0.00,0.00,-83,R,528,-12.6751
38040,P1,BASE,0.00,0.00,-83,R,528,-12.6751
38050,P1,BASE,0.00,0.00,-83,R,528,-12.6751
38060,P1,BASE,0.00,0.00,-83,R,528,-12.6751
38070,P1,BASE,0.00,0.00,-83,R,528,-12.6751
38080,P1,BASE,0.00,0.00,-83,R,528,-12.6751
38090,P1,BASE,0.00,0.00,-83,R,528,-12.6751
38100,P1,BASE,0.00,0.00,-83,R,528,-12.6751
38110,P1,BASE,0.00,0.00,-83,R,528,-12.6751
38120,P1,BASE,0.00,0.00,-83,R,528,-12.6751
38130,P1,BASE,0.00,0.00,-83,R,528,-12.6751
38140,P1,BASE,0.00,0.00,-83,R,528,-12.6751
38150,P1,BASE,0.00,0.00,-83,R,528,-12.6751
38160,P1,BASE,0.00,0.00,-83,R,528,-12.6751
38170,P1,BASE,0.00,0.00,-83,R,528,-12.6751
38180,P1,BASE,0.00,0.00,-83,R,528,-12.6751
38190,P1,BASE,0.00,0.00,-83,R,528,-12.6751
38200,P1,BASE,0.00,0.00,-83,R,528,-12.6751
38210,P1,BASE,0.00,0.00,-83,R,528,-12.6751
38220,P1,BASE,0.00,0.00,-83,R,528,-12.6751
38230,P1,BASE,0.00,0.00,-83,R,528,-12.6751
38240,P1,BASE,0.00,0.00,-83,R,528,-12.6751
38250,P1,BASE,0.00,0.00,-83,R,528,-12.6751
38260,P1,BASE,0.00,0.00,-83,R,528,-12.6751
38270,P1,BASE,0.00,0.00,-83,R,528,-12.6751
38280,P1,BASE,0.00,0.00,-83,R,528,-12.6751
38290,P1,BASE,0.00,0.00,-83,R,528,-12.6751
38300,P1,BASE,0.00,0.00,-83,R,528,-12.6751
38310,P1,BASE,0.00,0.00,-83,R,528,-12.6751
38320,P1,BASE,0.00,0.00,-83,R,528,-12.6751
38330,P1,BASE,0.00,0.00,-83,R,528,-12.6751
38340,P1,BASE,0.00,0.00,-83,R,528,-12.6751
38350,P1,BASE,0.00,0.00,-83,R,528,-12.6751
38360,P1,BASE,0.00,0.00,-83,R,528,-12.6751
38370,P1,BASE,0.00,0.00,-83,R,528,-12.6751
38380,P1,BASE,0.00,0.00,-83,R,528,-12.6751
38390,P1,BASE,0.00,0.00,-83,R,528,-12.6751
38400,P1,BASE,0.00,0.00,-83,R,528,-12.6751
38410,P1,BASE,0.00,0.00,-83,R,528,-12.6751
38420,P1,BASE,0.00,0.00,-83,R,528,-12.6751
38430,P1,BASE,0.00,0.00,-83,R,528,-12.6751
38440,P1,BASE,0.00,0.00,-83,R,528,-12.6751
38450,P1,BASE,0.00,0.00,-83,R,528,-12.6751
38460,P1,BASE,0.00,0.00,-83,R,528,-12.6751
38470,P1,BASE,0.00,0.00,-83,R,528,-12.6751
38480,P1,BASE,0.00,0.00,-83,R,528,-12.6751
38490,P1,BASE,0.00,0.00,-83,R,528,-12.6751
38500,P1,BASE,0.00,0.00,-83,R,528,-12.6751
38510,P1,BASE,0.00,0.00,-83,R,528,-12.6751
38520,P1,BASE,0.00,0.00,-83,R,528,-12.6751
38530,P1,BASE,0.00,0.00,-83,R,528,-12.6751
38540,P1,BASE,0.00,0.00,-83,R,528,-12.6751
38550,P1,BASE,0.00,0.00,-83,R,528,-12.6751
38560,P1,BASE,0.00,0.00,-83,R,528,-12.6751
38570,P1,BASE,0.00,0.00,-83,R,528,-12.6751
38580,P1,BASE,0.00,0.00,-83,R,528,-12.6751
38590,P1,BASE,0.00,0.00,-83,R,528,-12.6751
38600,P1,BASE,0.00,0.00,-83,R,528,-12.6751
38610,P1,BASE,0.00,0.00,-83,R,528,-12.6751
38620,P1,BASE,0.00,0.00,-83,R,528,-12.6751
38630,P1,BASE,0.00,0.00,-83,R,528,-12.6751
38640,P1,BASE,0.00,0.00,-83,R,528,-12.6751
38650,P1,BASE,0.00,0.00,-83,R,528,-12.6751
38660,P1,BASE,0.00,0.00,-83,R,528,-12.6751
38670,P1,BASE,0.00,0.00,-83,R,528,-12.6751
38680,P1,BASE,0.00,0.00,-83,R,528,-12.6751
38690,P1,BASE,0.00,0.00,-83,R,528,-12.6751
38700,P1,BASE,0.00,0.00,-83,R,528,-12.6751
38710,P1,BASE,0.00,0.00,-83,R,528,-12.6751
38720,P1,BASE,0.00,0.00,-83,R,528,-12.6751
38730,P1,BASE,0.00,0.00,-83,R,528,-12.6751
38740,P1,BASE,0.00,0.00,-83,R,528,-12.6751
38750,P1,BASE,0.00,0.00,-83,R,528,-12.6751
38760,P1,BASE,0.00,0.00,-83,R,528,-12.6751
38770,P1,BASE,0.00,0.00,-83,R,528,-12.6751
38780,P1,BASE,0.00,0.00,-83,R,528,-12.6751
38790,P1,BASE,0.00,0.00,-83,R,528,-12.6751
38800,P1,BASE,0.00,0.00,-83,R,528,-12.6751
38810,P1,BASE,0.00,0.00,-83,R,528,-12.6751
38820,P1,BASE,0.00,0.00,-83,R,528,-12.6751
38830,P1,BASE,0.00,0.00,-83,R,528,-12.6751
38840,P1,BASE,0.00,0.00,-83,R,528,-12.6751
38850,P1,BASE,0.00,0.00,-83,R,528,-12.6751
38860,P1,BASE,0.00,0.00,-83,R,528,-12.6751
38870,P1,BASE,0.00,0.00,-83,R,528,-12.6751
38880,P1,BASE,0.00,0.00,-83,R,528,-12.6751
38890,P1,BASE,0.00,0.00,-83,R,528,-12.6751
38900,P1,BASE,0.00,0.00,-83,R,528,-12.6751
38910,P1,BASE,0.00,0.00,-83,R,528,-12.6751
38920,P1,BASE,0.00,0.00,-83,R,528,-12.6751
38930,P1,BASE,0.00,0.00,-83,R,528,-12.6751
38940,P1,BASE,0.00,0.00,-83,R,528,-12.6751
38950,P1,BASE,0.00,0.00,-83,R,528,-12.6751
38960,P1,BASE,0.00,0.00,-83,R,528,-12.6751
38970,P1,BASE,0.00,0.00,-83,R,528,-12.6751
38980,P1,BASE,0.00,0.00,-83,R,528,-12.6751
38990,P1,BASE,0.00,0.00,-83,R,528,-12.6751
