t_ms,profile,controller,ref_rpm,meas_rpm,pwm_cmd,dir,enc_count,integrator
0,P1,BASE,0.00,0.00,0,N,0,0.0000
10,P1,BASE,0.00,0.00,0,N,0,0.0000
20,P1,BASE,0.00,0.00,0,N,0,0.0000
30,P1,BASE,0.00,0.00,0,N,0,0.0000
40,P1,BASE,0.00,0.00,0,N,0,0.0000
50,P1,BASE,0.00,0.00,0,N,0,0.0000
60,P1,BASE,0.00,0.00,0,N,0,0.0000
70,P1,BASE,0.00,0.00,0,N,0,0.0000
80,P1,BASE,0.00,0.00,0,N,0,0.0000
90,P1,BASE,0.00,0.00,0,N,0,0.0000
100,P1,BASE,0.00,0.00,0,N,0,0.0000
110,P1,BASE,0.00,0.00,0,N,0,0.0000
120,P1,BASE,0.00,0.00,0,N,0,0.0000
130,P1,BASE,0.00,0.00,0,N,0,0.0000
140,P1,BASE,0.00,0.00,0,N,0,0.0000
150,P1,BASE,0.00,0.00,0,N,0,0.0000
160,P1,BASE,0.00,0.00,0,N,0,0.0000
170,P1,BASE,0.00,0.00,0,N,0,0.0000
180,P1,BASE,0.00,0.00,0,N,0,0.0000
190,P1,BASE,0.00,0.00,0,N,0,0.0000
200,P1,BASE,0.00,0.00,0,N,0,0.0000
210,P1,BASE,0.00,0.00,0,N,0,0.0000
220,P1,BASE,0.00,0.00,0,N,0,0.0000
230,P1,BASE,0.00,0.00,0,N,0,0.0000
240,P1,BASE,0.00,0.00,0,N,0,0.0000
250,P1,BASE,0.00,0.00,0,N,0,0.0000
260,P1,BASE,0.00,0.00,0,N,0,0.0000
270,P1,BASE,0.00,0.00,0,N,0,0.0000
280,P1,BASE,0.00,0.00,0,N,0,0.0000
290,P1,BASE,0.00,0.00,0,N,0,0.0000
300,P1,BASE,0.00,0.00,0,N,0,0.0000
310,P1,BASE,0.00,0.00,0,N,0,0.0000
320,P1,BASE,0.00,0.00,0,N,0,0.0000
330,P1,BASE,0.00,0.00,0,N,0,0.0000
340,P1,BASE,0.00,0.00,0,N,0,0.0000
350,P1,BASE,0.00,0.00,0,N,0,0.0000
360,P1,BASE,0.00,0.00,0,N,0,0.0000
370,P1,BASE,0.00,0.00,0,N,0,0.0000
380,P1,BASE,0.00,0.00,0,N,0,0.0000
390,P1,BASE,0.00,0.00,0,N,0,0.0000
400,P1,BASE,0.00,0.00,0,N,0,0.0000
410,P1,BASE,0.00,0.00,0,N,0,0.0000
420,P1,BASE,0.00,0.00,0,N,0,0.0000
430,P1,BASE,0.00,0.00,0,N,0,0.0000
440,P1,BASE,0.00,0.00,0,N,0,0.0000
450,P1,BASE,0.00,0.00,0,N,0,0.0000
460,P1,BASE,0.00,0.00,0,N,0,0.0000
470,P1,BASE,0.00,0.00,0,N,0,0.0000
480,P1,BASE,0.00,0.00,0,N,0,0.0000
490,P1,BASE,0.00,0.00,0,N,0,0.0000
500,P1,BASE,0.00,0.00,0,N,0,0.0000
510,P1,BASE,0.00,0.00,0,N,0,0.0000
520,P1,BASE,0.00,0.00,0,N,0,0.0000
530,P1,BASE,0.00,0.00,0,N,0,0.0000
540,P1,BASE,0.00,0.00,0,N,0,0.0000
550,P1,BASE,0.00,0.00,0,N,0,0.0000
560,P1,BASE,0.00,0.00,0,N,0,0.0000
570,P1,BASE,0.00,0.00,0,N,0,0.0000
580,P1,BASE,0.00,0.00,0,N,0,0.0000
590,P1,BASE,0.00,0.00,0,N,0,0.0000
600,P1,BASE,0.00,0.00,0,N,0,0.0000
610,P1,BASE,0.00,0.00,0,N,0,0.0000
620,P1,BASE,0.00,0.00,0,N,0,0.0000
630,P1,BASE,0.00,0.00,0,N,0,0.0000
640,P1,BASE,0.00,0.00,0,N,0,0.0000
650,P1,BASE,0.00,0.00,0,N,0,0.0000
660,P1,BASE,0.00,0.00,0,N,0,0.0000
670,P1,BASE,0.00,0.00,0,N,0,0.0000
680,P1,BASE,0.00,0.00,0,N,0,0.0000
690,P1,BASE,0.00,0.00,0,N,0,0.0000
700,P1,BASE,0.00,0.00,0,N,0,0.0000
710,P1,BASE,0.00,0.00,0,N,0,0.0000
720,P1,BASE,0.00,0.00,0,N,0,0.0000
730,P1,BASE,0.00,0.00,0,N,0,0.0000
740,P1,BASE,0.00,0.00,0,N,0,0.0000
750,P1,BASE,0.00,0.00,0,N,0,0.0000
760,P1,BASE,0.00,0.00,0,N,0,0.0000
770,P1,BASE,0.00,0.00,0,N,0,0.0000
780,P1,BASE,0.00,0.00,0,N,0,0.0000
790,P1,BASE,0.00,0.00,0,N,0,0.0000
800,P1,BASE,0.00,0.00,0,N,0,0.0000
810,P1,BASE,0.00,0.00,0,N,0,0.0000
820,P1,BASE,0.00,0.00,0,N,0,0.0000
830,P1,BASE,0.00,0.00,0,N,0,0.0000
840,P1,BASE,0.00,0.00,0,N,0,0.0000
850,P1,BASE,0.00,0.00,0,N,0,0.0000
860,P1,BASE,0.00,0.00,0,N,0,0.0000
870,P1,BASE,0.00,0.00,0,N,0,0.0000
880,P1,BASE,0.00,0.00,0,N,0,0.0000
890,P1,BASE,0.00,0.00,0,N,0,0.0000
900,P1,BASE,0.00,0.00,0,N,0,0.0000
910,P1,BASE,0.00,0.00,0,N,0,0.0000
920,P1,BASE,0.00,0.00,0,N,0,0.0000
930,P1,BASE,0.00,0.00,0,N,0,0.0000
940,P1,BASE,0.00,0.00,0,N,0,0.0000
950,P1,BASE,0.00,0.00,0,N,0,0.0000
960,P1,BASE,0.00,0.00,0,N,0,0.0000
970,P1,BASE,0.00,0.00,0,N,0,0.0000
980,P1,BASE,0.00,0.00,0,N,0,0.0000
990,P1,BASE,0.00,0.00,0,N,0,0.0000
1000,P1,BASE,0.00,0.00,0,N,0,0.0000
1010,P1,BASE,0.00,0.00,0,N,0,0.0000
1020,P1,BASE,0.00,0.00,0,N,0,0.0000
1030,P1,BASE,0.00,0.00,0,N,0,0.0000
1040,P1,BASE,0.00,0.00,0,N,0,0.0000
1050,P1,BASE,0.00,0.00,0,N,0,0.0000
1060,P1,BASE,0.00,0.00,0,N,0,0.0000
1070,P1,BASE,0.00,0.00,0,N,0,0.0000
1080,P1,BASE,0.00,0.00,0,N,0,0.0000
1090,P1,BASE,0.00,0.00,0,N,0,0.0000
1100,P1,BASE,0.00,0.00,0,N,0,0.0000
1110,P1,BASE,0.00,0.00,0,N,0,0.0000
1120,P1,BASE,0.00,0.00,0,N,0,0.0000
1130,P1,BASE,0.00,0.00,0,N,0,0.0000
1140,P1,BASE,0.00,0.00,0,N,0,0.0000
1150,P1,BASE,0.00,0.00,0,N,0,0.0000
1160,P1,BASE,0.00,0.00,0,N,0,0.0000
1170,P1,BASE,0.00,0.00,0,N,0,0.0000
1180,P1,BASE,0.00,0.00,0,N,0,0.0000
1190,P1,BASE,0.00,0.00,0,N,0,0.0000
1200,P1,BASE,0.00,0.00,0,N,0,0.0000
1210,P1,BASE,0.00,0.00,0,N,0,0.0000
1220,P1,BASE,0.00,0.00,0,N,0,0.0000
1230,P1,BASE,0.00,0.00,0,N,0,0.0000
1240,P1,BASE,0.00,0.00,0,N,0,0.0000
1250,P1,BASE,0.00,0.00,0,N,0,0.0000
1260,P1,BASE,0.00,0.00,0,N,0,0.0000
1270,P1,BASE,0.00,0.00,0,N,0,0.0000
1280,P1,BASE,0.00,0.00,0,N,0,0.0000
1290,P1,BASE,0.00,0.00,0,N,0,0.0000
1300,P1,BASE,0.00,0.00,0,N,0,0.0000
1310,P1,BASE,0.00,0.00,0,N,0,0.0000
1320,P1,BASE,0.00,0.00,0,N,0,0.0000
1330,P1,BASE,0.00,0.00,0,N,0,0.0000
1340,P1,BASE,0.00,0.00,0,N,0,0.0000
1350,P1,BASE,0.00,0.00,0,N,0,0.0000
1360,P1,BASE,0.00,0.00,0,N,0,0.0000
1370,P1,BASE,0.00,0.00,0,N,0,0.0000
1380,P1,BASE,0.00,0.00,0,N,0,0.0000
1390,P1,BASE,0.00,0.00,0,N,0,0.0000
1400,P1,BASE,0.00,0.00,0,N,0,0.0000
1410,P1,BASE,0.00,0.00,0,N,0,0.0000
1420,P1,BASE,0.00,0.00,0,N,0,0.0000
1430,P1,BASE,0.00,0.00,0,N,0,0.0000
1440,P1,BASE,0.00,0.00,0,N,0,0.0000
1450,P1,BASE,0.00,0.00,0,N,0,0.0000
1460,P1,BASE,0.00,0.00,0,N,0,0.0000
1470,P1,BASE,0.00,0.00,0,N,0,0.0000
1480,P1,BASE,0.00,0.00,0,N,0,0.0000
1490,P1,BASE,0.00,0.00,0,N,0,0.0000
1500,P1,BASE,0.00,0.00,0,N,0,0.0000
1510,P1,BASE,0.00,0.00,0,N,0,0.0000
1520,P1,BASE,0.00,0.00,0,N,0,0.0000
1530,P1,BASE,0.00,0.00,0,N,0,0.0000
1540,P1,BASE,0.00,0.00,0,N,0,0.0000
1550,P1,BASE,0.00,0.00,0,N,0,0.0000
1560,P1,BASE,0.00,0.00,0,N,0,0.0000
1570,P1,BASE,0.00,0.00,0,N,0,0.0000
1580,P1,BASE,0.00,0.00,0,N,0,0.0000
1590,P1,BASE,0.00,0.00,0,N,0,0.0000
1600,P1,BASE,0.00,0.00,0,N,0,0.0000
1610,P1,BASE,0.00,0.00,0,N,0,0.0000
1620,P1,BASE,0.00,0.00,0,N,0,0.0000
1630,P1,BASE,0.00,0.00,0,N,0,0.0000
1640,P1,BASE,0.00,0.00,0,N,0,0.0000
1650,P1,BASE,0.00,0.00,0,N,0,0.0000
1660,P1,BASE,0.00,0.00,0,N,0,0.0000
1670,P1,BASE,0.00,0.00,0,N,0,0.0000
1680,P1,BASE,0.00,0.00,0,N,0,0.0000
1690,P1,BASE,0.00,0.00,0,N,0,0.0000
1700,P1,BASE,0.00,0.00,0,N,0,0.0000
1710,P1,BASE,0.00,0.00,0,N,0,0.0000
1720,P1,BASE,0.00,0.00,0,N,0,0.0000
1730,P1,BASE,0.00,0.00,0,N,0,0.0000
1740,P1,BASE,0.00,0.00,0,N,0,0.0000
1750,P1,BASE,0.00,0.00,0,N,0,0.0000
1760,P1,BASE,0.00,0.00,0,N,0,0.0000
1770,P1,BASE,0.00,0.00,0,N,0,0.0000
1780,P1,BASE,0.00,0.00,0,N,0,0.0000
1790,P1,BASE,0.00,0.00,0,N,0,0.0000
1800,P1,BASE,0.00,0.00,0,N,0,0.0000
1810,P1,BASE,0.00,0.00,0,N,0,0.0000
1820,P1,BASE,0.00,0.00,0,N,0,0.0000
1830,P1,BASE,0.00,0.00,0,N,0,0.0000
1840,P1,BASE,0.00,0.00,0,N,0,0.0000
1850,P1,BASE,0.00,0.00,0,N,0,0.0000
1860,P1,BASE,0.00,0.00,0,N,0,0.0000
1870,P1,BASE,0.00,0.00,0,N,0,0.0000
1880,P1,BASE,0.00,0.00,0,N,0,0.0000
1890,P1,BASE,0.00,0.00,0,N,0,0.0000
1900,P1,BASE,0.00,0.00,0,N,0,0.0000
1910,P1,BASE,0.00,0.00,0,N,0,0.0000
1920,P1,BASE,0.00,0.00,0,N,0,0.0000
1930,P1,BASE,0.00,0.00,0,N,0,0.0000
1940,P1,BASE,0.00,0.00,0,N,0,0.0000
1950,P1,BASE,0.00,0.00,0,N,0,0.0000
1960,P1,BASE,0.00,0.00,0,N,0,0.0000
1970,P1,BASE,0.00,0.00,0,N,0,0.0000
1980,P1,BASE,0.00,0.00,0,N,0,0.0000
1990,P1,BASE,0.00,0.00,0,N,0,0.0000
2000,P1,BASE,0.00,0.00,0,N,0,0.0000
2010,P1,BASE,0.00,0.00,0,N,0,0.0000
2020,P1,BASE,0.00,0.00,0,N,0,0.0000
2030,P1,BASE,0.00,0.00,0,N,0,0.0000
2040,P1,BASE,0.00,0.00,0,N,0,0.0000
2050,P1,BASE,0.00,0.00,0,N,0,0.0000
2060,P1,BASE,0.00,0.00,0,N,0,0.0000
2070,P1,BASE,0.00,0.00,0,N,0,0.0000
2080,P1,BASE,0.00,0.00,0,N,0,0.0000
2090,P1,BASE,0.00,0.00,0,N,0,0.0000
2100,P1,BASE,0.00,0.00,0,N,0,0.0000
2110,P1,BASE,0.00,0.00,0,N,0,0.0000
2120,P1,BASE,0.00,0.00,0,N,0,0.0000
2130,P1,BASE,0.00,0.00,0,N,0,0.0000
2140,P1,BASE,0.00,0.00,0,N,0,0.0000
2150,P1,BASE,0.00,0.00,0,N,0,0.0000
2160,P1,BASE,0.00,0.00,0,N,0,0.0000
2170,P1,BASE,0.00,0.00,0,N,0,0.0000
2180,P1,BASE,0.00,0.00,0,N,0,0.0000
2190,P1,BASE,0.00,0.00,0,N,0,0.0000
2200,P1,BASE,0.00,0.00,0,N,0,0.0000
2210,P1,BASE,0.00,0.00,0,N,0,0.0000
2220,P1,BASE,0.00,0.00,0,N,0,0.0000
2230,P1,BASE,0.00,0.00,0,N,0,0.0000
2240,P1,BASE,0.00,0.00,0,N,0,0.0000
2250,P1,BASE,0.00,0.00,0,N,0,0.0000
2260,P1,BASE,0.00,0.00,0,N,0,0.0000
2270,P1,BASE,0.00,0.00,0,N,0,0.0000
2280,P1,BASE,0.00,0.00,0,N,0,0.0000
2290,P1,BASE,0.00,0.00,0,N,0,0.0000
2300,P1,BASE,0.00,0.00,0,N,0,0.0000
2310,P1,BASE,0.00,0.00,0,N,0,0.0000
2320,P1,BASE,0.00,0.00,0,N,0,0.0000
2330,P1,BASE,0.00,0.00,0,N,0,0.0000
2340,P1,BASE,0.00,0.00,0,N,0,0.0000
2350,P1,BASE,0.00,0.00,0,N,0,0.0000
2360,P1,BASE,0.00,0.00,0,N,0,0.0000
2370,P1,BASE,0.00,0.00,0,N,0,0.0000
2380,P1,BASE,0.00,0.00,0,N,0,0.0000
2390,P1,BASE,0.00,0.00,0,N,0,0.0000
2400,P1,BASE,0.00,0.00,0,N,0,0.0000
2410,P1,BASE,0.00,0.00,0,N,0,0.0000
2420,P1,BASE,0.00,0.00,0,N,0,0.0000
2430,P1,BASE,0.00,0.00,0,N,0,0.0000
2440,P1,BASE,0.00,0.00,0,N,0,0.0000
2450,P1,BASE,0.00,0.00,0,N,0,0.0000
2460,P1,BASE,0.00,0.00,0,N,0,0.0000
2470,P1,BASE,0.00,0.00,0,N,0,0.0000
2480,P1,BASE,0.00,0.00,0,N,0,0.0000
2490,P1,BASE,0.00,0.00,0,N,0,0.0000
2500,P1,BASE,0.00,0.00,0,N,0,0.0000
2510,P1,BASE,0.00,0.00,0,N,0,0.0000
2520,P1,BASE,0.00,0.00,0,N,0,0.0000
2530,P1,BASE,0.00,0.00,0,N,0,0.0000
2540,P1,BASE,0.00,0.00,0,N,0,0.0000
2550,P1,BASE,0.00,0.00,0,N,0,0.0000
2560,P1,BASE,0.00,0.00,0,N,0,0.0000
2570,P1,BASE,0.00,0.00,0,N,0,0.0000
2580,P1,BASE,0.00,0.00,0,N,0,0.0000
2590,P1,BASE,0.00,0.00,0,N,0,0.0000
2600,P1,BASE,0.00,0.00,0,N,0,0.0000
2610,P1,BASE,0.00,0.00,0,N,0,0.0000
2620,P1,BASE,0.00,0.00,0,N,0,0.0000
2630,P1,BASE,0.00,0.00,0,N,0,0.0000
2640,P1,BASE,0.00,0.00,0,N,0,0.0000
2650,P1,BASE,0.00,0.00,0,N,0,0.0000
2660,P1,BASE,0.00,0.00,0,N,0,0.0000
2670,P1,BASE,0.00,0.00,0,N,0,0.0000
2680,P1,BASE,0.00,0.00,0,N,0,0.0000
2690,P1,BASE,0.00,0.00,0,N,0,0.0000
2700,P1,BASE,0.00,0.00,0,N,0,0.0000
2710,P1,BASE,0.00,0.00,0,N,0,0.0000
2720,P1,BASE,0.00,0.00,0,N,0,0.0000
2730,P1,BASE,0.00,0.00,0,N,0,0.0000
2740,P1,BASE,0.00,0.00,0,N,0,0.0000
2750,P1,BASE,0.00,0.00,0,N,0,0.0000
2760,P1,BASE,0.00,0.00,0,N,0,0.0000
2770,P1,BASE,0.00,0.00,0,N,0,0.0000
2780,P1,BASE,0.00,0.00,0,N,0,0.0000
2790,P1,BASE,0.00,0.00,0,N,0,0.0000
2800,P1,BASE,0.00,0.00,0,N,0,0.0000
2810,P1,BASE,0.00,0.00,0,N,0,0.0000
2820,P1,BASE,0.00,0.00,0,N,0,0.0000
2830,P1,BASE,0.00,0.00,0,N,0,0.0000
2840,P1,BASE,0.00,0.00,0,N,0,0.0000
2850,P1,BASE,0.00,0.00,0,N,0,0.0000
2860,P1,BASE,0.00,0.00,0,N,0,0.0000
2870,P1,BASE,0.00,0.00,0,N,0,0.0000
2880,P1,BASE,0.00,0.00,0,N,0,0.0000
2890,P1,BASE,0.00,0.00,0,N,0,0.0000
2900,P1,BASE,0.00,0.00,0,N,0,0.0000
2910,P1,BASE,0.00,0.00,0,N,0,0.0000
2920,P1,BASE,0.00,0.00,0,N,0,0.0000
2930,P1,BASE,0.00,0.00,0,N,0,0.0000
2940,P1,BASE,0.00,0.00,0,N,0,0.0000
2950,P1,BASE,0.00,0.00,0,N,0,0.0000
2960,P1,BASE,0.00,0.00,0,N,0,0.0000
2970,P1,BASE,0.00,0.00,0,N,0,0.0000
2980,P1,BASE,0.00,0.00,0,N,0,0.0000
2990,P1,BASE,0.00,0.00,0,N,0,0.0000
3000,P1,BASE,0.00,0.00,0,N,0,0.0000
3010,P1,BASE,80.00,0.00,30,F,0,0.8000
3020,P1,BASE,80.00,0.00,60,F,0,1.6000
3030,P1,BASE,80.00,0.00,90,F,0,2.4000
3040,P1,BASE,80.00,0.00,102,F,0,3.2000
3050,P1,BASE,80.00,0.00,107,F,0,4.0000
3060,P1,BASE,80.00,0.00,112,F,0,4.8000
3070,P1,BASE,80.00,0.00,118,F,0,5.6000
3080,P1,BASE,80.00,0.00,123,F,0,6.4000
3090,P1,BASE,80.00,2.50,125,F,1,7.1750
3100,P1,BASE,80.00,2.50,131,F,2,7.9500
3110,P1,BASE,80.00,7.50,130,F,5,8.6750
3120,P1,BASE,80.00,10.00,132,F,9,9.3750
3130,P1,BASE,80.00,10.00,137,F,13,10.0750
3140,P1,BASE,80.00,15.00,136,F,19,10.7250
3150,P1,BASE,80.00,17.50,138,F,26,11.3500
3160,P1,BASE,80.00,20.00,139,F,34,11.9500
3170,P1,BASE,80.00,20.00,143,F,42,12.5500
3180,P1,BASE,80.00,22.49,144,F,51,13.1250
3190,P1,BASE,80.00,22.50,148,F,60,13.7000
3200,P1,BASE,80.00,25.00,149,F,70,14.2500
3210,P1,BASE,80.00,27.50,150,F,81,14.7750
3220,P1,BASE,80.00,32.50,148,F,94,15.2500
3230,P1,BASE,80.00,32.51,151,F,107,15.7250
3240,P1,BASE,80.00,32.49,154,F,120,16.2001
3250,P1,BASE,80.00,35.00,155,F,134,16.6500
3260,P1,BASE,80.00,37.50,155,F,149,17.0751
3270,P1,BASE,80.00,40.01,155,F,165,17.4750
3280,P1,BASE,80.00,37.49,160,F,180,17.9001
3290,P1,BASE,80.00,42.50,158,F,197,18.2751
3300,P1,BASE,80.00,45.00,157,F,215,18.6251
3310,P1,BASE,80.00,45.00,160,F,233,18.9750
3320,P1,BASE,80.00,45.00,162,F,251,19.3250
3330,P1,BASE,80.00,47.49,162,F,270,19.6501
3340,P1,BASE,80.00,50.01,161,F,290,19.9500
3350,P1,BASE,80.00,52.48,160,F,311,20.2251
3360,P1,BASE,80.00,52.52,162,F,332,20.4999
3370,P1,BASE,80.00,52.49,164,F,353,20.7750
3380,P1,BASE,80.00,52.48,166,F,374,21.0501
3390,P1,BASE,80.00,55.01,165,F,396,21.3001
3400,P1,BASE,80.00,55.01,166,F,418,21.5500
3410,P1,BASE,80.00,54.99,168,F,440,21.8001
3420,P1,BASE,80.00,57.51,167,F,463,22.0249
3430,P1,BASE,80.00,57.51,169,F,486,22.2499
3440,P1,BASE,80.00,62.49,165,F,511,22.4249
3450,P1,BASE,80.00,60.00,168,F,535,22.6250
3460,P1,BASE,80.00,62.51,167,F,560,22.7999
3470,P1,BASE,80.00,62.50,168,F,585,22.9749
3480,P1,BASE,80.00,62.48,169,F,610,23.1501
3490,P1,BASE,80.00,65.01,168,F,636,23.2999
3500,P1,BASE,80.00,64.99,169,F,662,23.4501
3510,P1,BASE,80.00,62.50,172,F,687,23.6251
3520,P1,BASE,80.00,67.52,168,F,714,23.7499
3530,P1,BASE,80.00,64.98,172,F,740,23.9001
3540,P1,BASE,80.00,67.52,170,F,767,24.0249
3550,P1,BASE,80.00,67.50,171,F,794,24.1499
3560,P1,BASE,80.00,69.99,169,F,822,24.2500
3570,P1,BASE,80.00,67.51,172,F,849,24.3749
3580,P1,BASE,80.00,67.48,173,F,876,24.5001
3590,P1,BASE,80.00,70.02,171,F,904,24.5999
3600,P1,BASE,80.00,72.49,169,F,933,24.6750
3610,P1,BASE,80.00,70.01,172,F,961,24.7749
3620,P1,BASE,80.00,69.99,173,F,989,24.8749
3630,P1,BASE,80.00,74.99,168,F,1019,24.9250
3640,P1,BASE,80.00,70.01,174,F,1047,25.0249
3650,P1,BASE,80.00,72.50,172,F,1076,25.0999
3660,P1,BASE,80.00,72.50,172,F,1105,25.1749
3670,P1,BASE,80.00,77.48,168,F,1136,25.2001
3680,P1,BASE,80.00,75.00,170,F,1166,25.2501
3690,P1,BASE,80.00,79.99,165,F,1198,25.2502
3700,P1,BASE,80.00,77.51,168,F,1229,25.2751
3710,P1,BASE,80.00,77.52,168,F,1260,25.2999
3720,P1,BASE,80.00,74.98,171,F,1290,25.3501
3730,P1,BASE,80.00,77.50,169,F,1321,25.3751
3740,P1,BASE,80.00,75.01,172,F,1351,25.4250
3750,P1,BASE,80.00,77.49,169,F,1382,25.4501
3760,P1,BASE,80.00,77.51,169,F,1413,25.4750
3770,P1,BASE,80.00,77.52,170,F,1444,25.4999
3780,P1,BASE,80.00,77.48,170,F,1475,25.5251
3790,P1,BASE,80.00,82.50,164,F,1508,25.5001
3800,P1,BASE,80.00,80.02,167,F,1540,25.4998
3810,P1,BASE,80.00,79.99,167,F,1572,25.4999
3820,P1,BASE,80.00,82.49,164,F,1605,25.4750
3830,P1,BASE,80.00,77.50,170,F,1636,25.5000
3840,P1,BASE,80.00,82.52,164,F,1669,25.4748
3850,P1,BASE,80.00,82.50,164,F,1702,25.4498
3860,P1,BASE,80.00,82.50,164,F,1735,25.4248
3870,P1,BASE,80.00,82.50,164,F,1768,25.3998
3880,P1,BASE,80.00,85.00,161,F,1802,25.3498
3890,P1,BASE,80.00,82.49,163,F,1835,25.3249
3900,P1,BASE,80.00,82.49,163,F,1868,25.3000
3910,P1,BASE,80.00,84.99,160,F,1902,25.2501
3920,P1,BASE,80.00,82.52,163,F,1935,25.2248
3930,P1,BASE,80.00,79.98,165,F,1967,25.2251
3940,P1,BASE,80.00,82.52,162,F,2000,25.1998
3950,P1,BASE,80.00,82.49,162,F,2033,25.1749
3960,P1,BASE,80.00,82.50,162,F,2066,25.1499
3970,P1,BASE,80.00,82.49,162,F,2099,25.1250
3980,P1,BASE,80.00,85.01,159,F,2133,25.0749
3990,P1,BASE,80.00,97.49,145,F,2172,24.9000
4000,P1,BASE,80.00,90.00,152,F,2208,24.8000
4010,P1,BASE,80.00,82.49,160,F,2241,24.7751
4020,P1,BASE,80.00,80.01,162,F,2273,24.7750
4030,P1,BASE,80.00,80.01,162,F,2305,24.7749
4040,P1,BASE,80.00,77.49,165,F,2336,24.8000
4050,P1,BASE,80.00,75.01,168,F,2366,24.8499
4060,P1,BASE,80.00,84.97,157,F,2400,24.8001
4070,P1,BASE,80.00,87.50,154,F,2435,24.7251
4080,P1,BASE,80.00,82.51,159,F,2468,24.7000
4090,P1,BASE,80.00,87.51,154,F,2503,24.6250
4100,P1,BASE,80.00,84.97,156,F,2537,24.5752
4110,P1,BASE,80.00,85.01,155,F,2571,24.5251
4120,P1,BASE,80.00,85.03,155,F,2605,24.4749
4130,P1,BASE,80.00,84.97,155,F,2639,24.4251
4140,P1,BASE,80.00,82.51,157,F,2672,24.4000
4150,P1,BASE,80.00,84.98,154,F,2706,24.3502
4160,P1,BASE,80.00,85.01,154,F,2740,24.3001
4170,P1,BASE,80.00,82.52,156,F,2773,24.2749
4180,P1,BASE,80.00,82.49,156,F,2806,24.2500
4190,P1,BASE,80.00,79.99,159,F,2838,24.2500
4200,P1,BASE,80.00,82.51,156,F,2871,24.2250
4210,P1,BASE,80.00,82.49,156,F,2904,24.2000
4220,P1,BASE,80.00,85.02,153,F,2938,24.1499
4230,P1,BASE,80.00,79.97,158,F,2970,24.1502
4240,P1,BASE,80.00,85.01,153,F,3004,24.1001
4250,P1,BASE,80.00,82.52,155,F,3037,24.0749
4260,P1,BASE,80.00,79.98,158,F,3069,24.0752
4270,P1,BASE,80.00,80.03,158,F,3101,24.0749
4280,P1,BASE,80.00,82.48,155,F,3134,24.0501
4290,P1,BASE,80.00,77.51,160,F,3165,24.0750
4300,P1,BASE,80.00,80.01,158,F,3197,24.0750
4310,P1,BASE,80.00,79.98,158,F,3229,24.0751
4320,P1,BASE,80.00,74.99,163,F,3259,24.1252
4330,P1,BASE,80.00,80.01,158,F,3291,24.1251
4340,P1,BASE,80.00,80.02,158,F,3323,24.1249
4350,P1,BASE,80.00,79.99,158,F,3355,24.1250
4360,P1,BASE,80.00,77.50,161,F,3386,24.1500
4370,P1,BASE,80.00,79.98,158,F,3418,24.1502
4380,P1,BASE,80.00,77.53,161,F,3449,24.1749
4390,P1,BASE,80.00,77.48,161,F,3480,24.2000
4400,P1,BASE,80.00,80.00,158,F,3512,24.2000
4410,P1,BASE,80.00,79.99,158,F,3544,24.2001
4420,P1,BASE,80.00,80.00,158,F,3576,24.2001
4430,P1,BASE,80.00,82.52,156,F,3609,24.1749
4440,P1,BASE,80.00,82.49,156,F,3642,24.1500
4450,P1,BASE,80.00,77.51,161,F,3673,24.1749
4460,P1,BASE,80.00,82.50,156,F,3706,24.1499
4470,P1,BASE,80.00,77.48,161,F,3737,24.1751
4480,P1,BASE,80.00,77.52,161,F,3768,24.2000
4490,P1,BASE,80.00,77.51,161,F,3799,24.2249
4500,P1,BASE,80.00,79.98,159,F,3831,24.2250
4510,P1,BASE,80.00,77.50,161,F,3862,24.2500
4520,P1,BASE,80.00,82.51,156,F,3895,24.2250
4530,P1,BASE,80.00,79.99,159,F,3927,24.2250
4540,P1,BASE,80.00,77.52,161,F,3958,24.2499
4550,P1,BASE,80.00,82.48,156,F,3991,24.2251
4560,P1,BASE,80.00,80.01,159,F,4023,24.2250
4570,P1,BASE,80.00,77.49,161,F,4054,24.2501
4580,P1,BASE,80.00,80.02,159,F,4086,24.2499
4590,P1,BASE,80.00,82.48,156,F,4119,24.2250
4600,P1,BASE,80.00,80.00,159,F,4151,24.2250
4610,P1,BASE,80.00,82.52,156,F,4184,24.1999
4620,P1,BASE,80.00,82.49,156,F,4217,24.1750
4630,P1,BASE,80.00,79.98,158,F,4249,24.1751
4640,P1,BASE,80.00,80.01,158,F,4281,24.1750
4650,P1,BASE,80.00,82.51,156,F,4314,24.1500
4660,P1,BASE,80.00,77.48,161,F,4345,24.1751
4670,P1,BASE,80.00,80.02,158,F,4377,24.1750
4680,P1,BASE,80.00,77.50,161,F,4408,24.2000
4690,P1,BASE,80.00,80.01,158,F,4440,24.1999
4700,P1,BASE,80.00,77.48,161,F,4471,24.2250
4710,P1,BASE,80.00,82.52,156,F,4504,24.1999
4720,P1,BASE,80.00,79.99,158,F,4536,24.1999
4730,P1,BASE,80.00,94.97,142,F,4574,24.0502
4740,P1,BASE,80.00,87.53,149,F,4609,23.9750
4750,P1,BASE,80.00,77.48,160,F,4640,24.0001
4760,P1,BASE,80.00,77.51,160,F,4671,24.0250
4770,P1,BASE,80.00,75.01,163,F,4701,24.0750
4780,P1,BASE,80.00,74.99,163,F,4731,24.1250
4790,P1,BASE,80.00,75.01,163,F,4761,24.1749
4800,P1,BASE,80.00,82.50,156,F,4794,24.1499
4810,P1,BASE,80.00,82.47,155,F,4827,24.1252
4820,P1,BASE,80.00,85.03,153,F,4861,24.0750
4830,P1,BASE,80.00,79.98,158,F,4893,24.0751
4840,P1,BASE,80.00,82.52,155,F,4926,24.0499
4850,P1,BASE,80.00,82.47,155,F,4959,24.0252
4860,P1,BASE,80.00,82.50,155,F,4992,24.0002
4870,P1,BASE,80.00,82.53,154,F,5025,23.9749
4880,P1,BASE,80.00,82.48,154,F,5058,23.9501
4890,P1,BASE,80.00,82.52,154,F,5091,23.9249
4900,P1,BASE,80.00,80.00,157,F,5123,23.9249
4910,P1,BASE,80.00,82.48,154,F,5156,23.9001
4920,P1,BASE,80.00,77.49,159,F,5187,23.9251
4930,P1,BASE,80.00,82.52,154,F,5220,23.8999
4940,P1,BASE,80.00,77.49,159,F,5251,23.9250
4950,P1,BASE,80.00,80.00,157,F,5283,23.9250
4960,P1,BASE,80.00,82.48,154,F,5316,23.9001
4970,P1,BASE,80.00,79.99,156,F,5348,23.9002
4980,P1,BASE,80.00,80.02,156,F,5380,23.9000
4990,P1,BASE,80.00,82.49,154,F,5413,23.8750
5000,P1,BASE,80.00,79.99,156,F,5445,23.8751
5010,P1,BASE,80.00,77.52,159,F,5476,23.9000
5020,P1,BASE,80.00,82.49,154,F,5509,23.8751
5030,P1,BASE,80.00,77.49,159,F,5540,23.9001
5040,P1,BASE,80.00,77.52,159,F,5571,23.9250
5050,P1,BASE,80.00,77.49,159,F,5602,23.9501
5060,P1,BASE,80.00,77.50,160,F,5633,23.9751
5070,P1,BASE,80.00,77.52,160,F,5664,23.9999
5080,P1,BASE,80.00,77.48,160,F,5695,24.0251
5090,P1,BASE,80.00,79.98,157,F,5727,24.0254
5100,P1,BASE,80.00,77.53,160,F,5758,24.0501
5110,P1,BASE,80.00,75.00,163,F,5788,24.1001
5120,P1,BASE,80.00,79.99,158,F,5820,24.1001
5130,P1,BASE,80.00,74.99,163,F,5850,24.1502
5140,P1,BASE,80.00,77.51,161,F,5881,24.1751
5150,P1,BASE,80.00,80.02,158,F,5913,24.1749
5160,P1,BASE,80.00,79.99,158,F,5945,24.1750
5170,P1,BASE,80.00,79.99,158,F,5977,24.1751
5180,P1,BASE,80.00,82.49,156,F,6010,24.1501
5190,P1,BASE,80.00,80.02,158,F,6042,24.1499
5200,P1,BASE,80.00,77.49,161,F,6073,24.1750
5210,P1,BASE,80.00,79.98,158,F,6105,24.1751
5220,P1,BASE,80.00,77.50,161,F,6136,24.2001
5230,P1,BASE,80.00,77.49,161,F,6167,24.2252
5240,P1,BASE,80.00,77.51,161,F,6198,24.2501
5250,P1,BASE,80.00,77.52,161,F,6229,24.2750
5260,P1,BASE,80.00,79.98,159,F,6261,24.2752
5270,P1,BASE,80.00,80.02,159,F,6293,24.2751
5280,P1,BASE,80.00,80.00,159,F,6325,24.2751
5290,P1,BASE,80.00,77.51,162,F,6356,24.3000
5300,P1,BASE,80.00,82.48,156,F,6389,24.2752
5310,P1,BASE,80.00,80.02,159,F,6421,24.2749
5320,P1,BASE,80.00,77.48,162,F,6452,24.3001
5330,P1,BASE,80.00,80.00,159,F,6484,24.3001
5340,P1,BASE,80.00,82.50,156,F,6517,24.2751
5350,P1,BASE,80.00,80.02,159,F,6549,24.2749
5360,P1,BASE,80.00,82.48,156,F,6582,24.2502
5370,P1,BASE,80.00,80.00,159,F,6614,24.2502
5380,P1,BASE,80.00,82.51,156,F,6647,24.2251
5390,P1,BASE,80.00,77.49,161,F,6678,24.2502
5400,P1,BASE,80.00,82.51,156,F,6711,24.2251
5410,P1,BASE,80.00,77.49,161,F,6742,24.2501
5420,P1,BASE,80.00,80.02,159,F,6774,24.2500
5430,P1,BASE,80.00,77.51,161,F,6805,24.2749
5440,P1,BASE,80.00,79.99,159,F,6837,24.2750
5450,P1,BASE,80.00,77.48,162,F,6868,24.3001
5460,P1,BASE,80.00,80.02,159,F,6900,24.2999
5470,P1,BASE,80.00,79.97,159,F,6932,24.3002
5480,P1,BASE,80.00,90.00,148,F,6968,24.2002
5490,P1,BASE,80.00,92.50,145,F,7005,24.0752
5500,P1,BASE,80.00,77.52,160,F,7036,24.1001
5510,P1,BASE,80.00,80.02,158,F,7068,24.0999
5520,P1,BASE,80.00,75.00,163,F,7098,24.1499
5530,P1,BASE,80.00,74.99,164,F,7128,24.2001
5540,P1,BASE,80.00,70.00,169,F,7156,24.3001
5550,P1,BASE,80.00,82.52,156,F,7189,24.2749
5560,P1,BASE,80.00,82.48,156,F,7222,24.2501
5570,P1,BASE,80.00,85.02,153,F,7256,24.1999
5580,P1,BASE,80.00,80.00,158,F,7288,24.1999
5590,P1,BASE,80.00,85.00,153,F,7322,24.1499
5600,P1,BASE,80.00,79.98,158,F,7354,24.1501
5610,P1,BASE,80.00,82.50,155,F,7387,24.1251
5620,P1,BASE,80.00,82.50,155,F,7420,24.1001
5630,P1,BASE,80.00,82.51,155,F,7453,24.0750
5640,P1,BASE,80.00,80.02,158,F,7485,24.0749
5650,P1,BASE,80.00,82.50,155,F,7518,24.0499
5660,P1,BASE,80.00,80.00,157,F,7550,24.0499
5670,P1,BASE,80.00,79.98,157,F,7582,24.0500
5680,P1,BASE,80.00,82.50,155,F,7615,24.0250
5690,P1,BASE,80.00,77.51,160,F,7646,24.0500
5700,P1,BASE,80.00,80.00,157,F,7678,24.0500
5710,P1,BASE,80.00,79.99,157,F,7710,24.0501
5720,P1,BASE,80.00,82.51,155,F,7743,24.0250
5730,P1,BASE,80.00,80.01,157,F,7775,24.0249
5740,P1,BASE,80.00,82.49,155,F,7808,24.0000
5750,P1,BASE,80.00,80.00,157,F,7840,24.0000
5760,P1,BASE,80.00,77.51,160,F,7871,24.0249
5770,P1,BASE,80.00,79.99,157,F,7903,24.0250
5780,P1,BASE,80.00,80.01,157,F,7935,24.0249
5790,P1,BASE,80.00,77.48,160,F,7966,24.0501
5800,P1,BASE,80.00,77.50,160,F,7997,24.0751
5810,P1,BASE,80.00,77.49,160,F,8028,24.1001
5820,P1,BASE,80.00,75.02,163,F,8058,24.1499
5830,P1,BASE,80.00,79.98,158,F,8090,24.1501
5840,P1,BASE,80.00,77.52,161,F,8121,24.1750
5850,P1,BASE,80.00,77.48,161,F,8152,24.2001
5860,P1,BASE,80.00,77.49,161,F,8183,24.2252
5870,P1,BASE,80.00,80.01,159,F,8215,24.2251
5880,P1,BASE,80.00,77.52,161,F,8246,24.2499
5890,P1,BASE,80.00,77.50,161,F,8277,24.2749
5900,P1,BASE,80.00,77.47,162,F,8308,24.3002
5910,P1,BASE,80.00,80.02,159,F,8340,24.3000
5920,P1,BASE,80.00,79.98,159,F,8372,24.3001
5930,P1,BASE,80.00,80.00,159,F,8404,24.3001
5940,P1,BASE,80.00,82.50,156,F,8437,24.2751
5950,P1,BASE,80.00,77.52,162,F,8468,24.2999
5960,P1,BASE,80.00,79.98,159,F,8500,24.3001
5970,P1,BASE,80.00,77.51,162,F,8531,24.3251
5980,P1,BASE,80.00,77.51,162,F,8562,24.3500
5990,P1,BASE,80.00,77.48,162,F,8593,24.3751
6000,P1,BASE,80.00,80.02,160,F,8625,24.3749
6010,P1,BASE,150.00,77.49,190,F,8656,25.1000
6020,P1,BASE,150.00,82.50,220,F,8689,25.7750
6030,P1,BASE,150.00,87.51,236,F,8724,26.3999
6040,P1,BASE,150.00,94.99,232,F,8762,26.9500
6050,P1,BASE,150.00,107.47,223,F,8805,27.3753
6060,P1,BASE,150.00,112.53,220,F,8850,27.7500
6070,P1,BASE,150.00,122.40,212,F,8899,28.0260
6080,P1,BASE,150.00,125.06,211,F,8949,28.2753
6090,P1,BASE,150.00,132.54,204,F,9002,28.4499
6100,P1,BASE,150.00,135.01,203,F,9056,28.5998
6110,P1,BASE,150.00,132.45,206,F,9109,28.7753
6120,P1,BASE,150.00,132.54,207,F,9162,28.9499
6130,P1,BASE,150.00,134.99,206,F,9216,29.1001
6140,P1,BASE,150.00,134.99,207,F,9270,29.2502
6150,P1,BASE,150.00,137.49,205,F,9325,29.3753
6160,P1,BASE,150.00,152.56,190,F,9386,29.3497
6170,P1,BASE,150.00,144.96,198,F,9444,29.4002
6180,P1,BASE,150.00,132.50,212,F,9497,29.5752
6190,P1,BASE,150.00,127.51,218,F,9548,29.8000
6200,P1,BASE,150.00,137.49,209,F,9603,29.9252
6210,P1,BASE,150.00,147.49,199,F,9662,29.9503
6220,P1,BASE,150.00,145.06,202,F,9720,29.9997
6230,P1,BASE,150.00,142.46,205,F,9777,30.0752
6240,P1,BASE,150.00,145.04,202,F,9835,30.1247
6250,P1,BASE,150.00,144.99,203,F,9893,30.1749
6260,P1,BASE,150.00,142.50,206,F,9950,30.2499
6270,P1,BASE,150.00,142.50,206,F,10007,30.3249
6280,P1,BASE,150.00,142.49,207,F,10064,30.4000
6290,P1,BASE,150.00,147.53,202,F,10123,30.4247
6300,P1,BASE,150.00,145.00,205,F,10181,30.4747
6310,P1,BASE,150.00,149.96,200,F,10241,30.4752
6320,P1,BASE,150.00,142.54,208,F,10298,30.5497
6330,P1,BASE,150.00,144.96,206,F,10356,30.6002
6340,P1,BASE,150.00,142.53,209,F,10413,30.6749
6350,P1,BASE,150.00,142.49,209,F,10470,30.7500
6360,P1,BASE,150.00,145.03,207,F,10528,30.7997
6370,P1,BASE,150.00,142.49,210,F,10585,30.8749
6380,P1,BASE,150.00,142.50,210,F,10642,30.9499
6390,P1,BASE,150.00,145.00,208,F,10700,30.9999
6400,P1,BASE,150.00,147.49,206,F,10759,31.0250
6410,P1,BASE,150.00,150.01,203,F,10819,31.0249
6420,P1,BASE,150.00,145.01,209,F,10877,31.0747
6430,P1,BASE,150.00,145.00,209,F,10935,31.1247
6440,P1,BASE,150.00,142.50,212,F,10992,31.1997
6450,P1,BASE,150.00,144.97,210,F,11050,31.2500
6460,P1,BASE,150.00,147.51,207,F,11109,31.2749
6470,P1,BASE,150.00,147.51,208,F,11168,31.2997
6480,P1,BASE,150.00,150.00,205,F,11228,31.2997
6490,P1,BASE,150.00,152.50,202,F,11289,31.2747
6500,P1,BASE,150.00,152.48,202,F,11350,31.2499
6510,P1,BASE,150.00,155.00,199,F,11412,31.1999
6520,P1,BASE,150.00,150.01,204,F,11472,31.1997
6530,P1,BASE,150.00,149.99,204,F,11532,31.1999
6540,P1,BASE,150.00,145.01,210,F,11590,31.2497
6550,P1,BASE,150.00,147.50,207,F,11649,31.2747
6560,P1,BASE,150.00,149.99,205,F,11709,31.2749
6570,P1,BASE,150.00,157.50,197,F,11772,31.1999
6580,P1,BASE,150.00,159.97,194,F,11836,31.1002
6590,P1,BASE,150.00,142.51,212,F,11893,31.1751
6600,P1,BASE,150.00,135.03,220,F,11947,31.3248
6610,P1,BASE,150.00,144.99,211,F,12005,31.3749
6620,P1,BASE,150.00,152.45,203,F,12066,31.3504
6630,P1,BASE,150.00,152.56,203,F,12127,31.3248
6640,P1,BASE,150.00,152.50,203,F,12188,31.2998
6650,P1,BASE,150.00,152.45,202,F,12249,31.2752
6660,P1,BASE,150.00,150.05,205,F,12309,31.2748
6670,P1,BASE,150.00,147.44,208,F,12368,31.3004
6680,P1,BASE,150.00,147.53,208,F,12427,31.3251
6690,P1,BASE,150.00,149.99,205,F,12487,31.3252
6700,P1,BASE,150.00,150.03,205,F,12547,31.3249
6710,P1,BASE,150.00,152.52,203,F,12608,31.2998
6720,P1,BASE,150.00,152.45,202,F,12669,31.2752
6730,P1,BASE,150.00,150.03,205,F,12729,31.2749
6740,P1,BASE,150.00,144.99,210,F,12787,31.3251
6750,P1,BASE,150.00,144.99,211,F,12845,31.3752
6760,P1,BASE,150.00,145.01,211,F,12903,31.4251
6770,P1,BASE,150.00,147.49,209,F,12962,31.4502
6780,P1,BASE,150.00,147.50,209,F,13021,31.4752
6790,P1,BASE,150.00,145.01,212,F,13079,31.5251
6800,P1,BASE,150.00,150.01,207,F,13139,31.5249
6810,P1,BASE,150.00,152.50,204,F,13200,31.4999
6820,P1,BASE,150.00,149.96,206,F,13260,31.5004
6830,P1,BASE,150.00,147.50,209,F,13319,31.5254
6840,P1,BASE,150.00,144.96,212,F,13377,31.5758
6850,P1,BASE,150.00,145.07,212,F,13435,31.6251
6860,P1,BASE,150.00,150.00,207,F,13495,31.6251
6870,P1,BASE,150.00,150.01,207,F,13555,31.6249
6880,P1,BASE,150.00,150.01,207,F,13615,31.6248
6890,P1,BASE,150.00,152.47,205,F,13676,31.6001
6900,P1,BASE,150.00,154.98,202,F,13738,31.5503
6910,P1,BASE,150.00,154.98,201,F,13800,31.5004
6920,P1,BASE,150.00,152.56,204,F,13861,31.4748
6930,P1,BASE,150.00,152.50,204,F,13922,31.4498
6940,P1,BASE,150.00,147.46,209,F,13981,31.4752
6950,P1,BASE,150.00,149.97,206,F,14041,31.4755
6960,P1,BASE,150.00,147.54,209,F,14100,31.5001
6970,P1,BASE,150.00,157.47,198,F,14163,31.4254
6980,P1,BASE,150.00,165.03,190,F,14229,31.2751
6990,P1,BASE,150.00,142.47,213,F,14286,31.3504
7000,P1,BASE,150.00,140.06,216,F,14342,31.4498
7010,P1,BASE,150.00,142.47,214,F,14399,31.5251
7020,P1,BASE,150.00,155.02,201,F,14461,31.4749
7030,P1,BASE,150.00,152.47,204,F,14522,31.4502
7040,P1,BASE,150.00,152.52,203,F,14583,31.4251
7050,P1,BASE,150.00,152.52,203,F,14644,31.3999
7060,P1,BASE,150.00,149.97,206,F,14704,31.4002
7070,P1,BASE,150.00,150.05,206,F,14764,31.3998
7080,P1,BASE,150.00,147.49,208,F,14823,31.4249
7090,P1,BASE,150.00,147.50,209,F,14882,31.4499
7100,P1,BASE,150.00,152.52,203,F,14943,31.4248
7110,P1,BASE,150.00,152.50,203,F,15004,31.3998
7120,P1,BASE,150.00,152.50,203,F,15065,31.3748
7130,P1,BASE,150.00,149.96,206,F,15125,31.3752
7140,P1,BASE,150.00,147.53,208,F,15184,31.3999
7150,P1,BASE,150.00,145.01,211,F,15242,31.4498
7160,P1,BASE,150.00,144.96,212,F,15300,31.5002
7170,P1,BASE,150.00,147.51,209,F,15359,31.5251
7180,P1,BASE,150.00,147.51,209,F,15418,31.5499
7190,P1,BASE,150.00,147.46,209,F,15477,31.5754
7200,P1,BASE,150.00,147.54,210,F,15536,31.5999
7210,P1,BASE,150.00,152.52,204,F,15597,31.5748
7220,P1,BASE,150.00,152.50,204,F,15658,31.5498
7230,P1,BASE,150.00,147.47,209,F,15717,31.5751
7240,P1,BASE,150.00,142.51,215,F,15774,31.6499
7250,P1,BASE,150.00,145.01,213,F,15832,31.6998
7260,P1,BASE,150.00,149.99,208,F,15892,31.6999
7270,P1,BASE,150.00,152.48,205,F,15953,31.6751
7280,P1,BASE,150.00,152.48,205,F,16014,31.6502
7290,P1,BASE,150.00,149.94,207,F,16074,31.6508
7300,P1,BASE,150.00,155.02,202,F,16136,31.6007
7310,P1,BASE,150.00,155.09,202,F,16198,31.5498
7320,P1,BASE,150.00,152.50,204,F,16259,31.5248
7330,P1,BASE,150.00,152.50,204,F,16320,31.4998
7340,P1,BASE,150.00,147.46,209,F,16379,31.5252
7350,P1,BASE,150.00,150.05,206,F,16439,31.5248
7360,P1,BASE,150.00,149.97,207,F,16499,31.5251
7370,P1,BASE,150.00,155.00,201,F,16561,31.4751
7380,P1,BASE,150.00,165.00,190,F,16627,31.3251
7390,P1,BASE,150.00,145.03,211,F,16685,31.3748
7400,P1,BASE,150.00,140.00,216,F,16741,31.4748
7410,P1,BASE,150.00,142.37,214,F,16798,31.5510
7420,P1,BASE,150.00,152.64,204,F,16859,31.5247
7430,P1,BASE,150.00,154.97,201,F,16921,31.4750
7440,P1,BASE,150.00,150.01,206,F,16981,31.4748
7450,P1,BASE,150.00,152.52,203,F,17042,31.4497
7460,P1,BASE,150.00,152.47,203,F,17103,31.4250
7470,P1,BASE,150.00,147.49,209,F,17162,31.4501
7480,P1,BASE,150.00,150.03,206,F,17222,31.4498
7490,P1,BASE,150.00,147.46,209,F,17281,31.4753
7500,P1,BASE,150.00,152.55,203,F,17342,31.4498
7510,P1,BASE,150.00,152.47,203,F,17403,31.4251
7520,P1,BASE,150.00,152.52,203,F,17464,31.4000
7530,P1,BASE,150.00,150.01,206,F,17524,31.3998
7540,P1,BASE,150.00,147.49,208,F,17583,31.4250
7550,P1,BASE,150.00,145.01,211,F,17641,31.4748
7560,P1,BASE,150.00,145.00,212,F,17699,31.5248
7570,P1,BASE,150.00,147.50,209,F,17758,31.5498
7580,P1,BASE,150.00,147.49,209,F,17817,31.5750
7590,P1,BASE,150.00,144.99,212,F,17875,31.6251
7600,P1,BASE,150.00,150.03,207,F,17935,31.6248
7610,P1,BASE,150.00,152.47,205,F,17996,31.6001
7620,P1,BASE,150.00,150.03,207,F,18056,31.5998
7630,P1,BASE,150.00,147.51,210,F,18115,31.6247
7640,P1,BASE,150.00,145.00,213,F,18173,31.6747
7650,P1,BASE,150.00,147.46,210,F,18232,31.7001
7660,P1,BASE,150.00,147.51,210,F,18291,31.7250
7670,P1,BASE,150.00,152.53,205,F,18352,31.6997
7680,P1,BASE,150.00,152.45,205,F,18413,31.6751
7690,P1,BASE,150.00,149.94,208,F,18473,31.6757
7700,P1,BASE,150.00,155.11,202,F,18535,31.6246
7710,P1,BASE,150.00,155.00,202,F,18597,31.5746
7720,P1,BASE,150.00,152.48,204,F,18658,31.5498
7730,P1,BASE,150.00,152.48,204,F,18719,31.5249
7740,P1,BASE,150.00,147.47,209,F,18778,31.5502
7750,P1,BASE,150.00,150.06,207,F,18838,31.5496
7760,P1,BASE,150.00,149.97,207,F,18898,31.5499
7770,P1,BASE,150.00,155.02,201,F,18960,31.4998
7780,P1,BASE,150.00,165.00,190,F,19026,31.3498
7790,P1,BASE,150.00,144.97,211,F,19084,31.4001
7800,P1,BASE,150.00,142.47,214,F,19141,31.4754
7810,P1,BASE,150.00,140.04,217,F,19197,31.5749
7820,P1,BASE,150.00,154.97,201,F,19259,31.5252
7830,P1,BASE,150.00,152.53,204,F,19320,31.4999
7840,P1,BASE,150.00,152.48,204,F,19381,31.4751
7850,P1,BASE,150.00,149.99,206,F,19441,31.4752
7860,P1,BASE,150.00,152.50,204,F,19502,31.4502
7870,P1,BASE,150.00,147.51,209,F,19561,31.4751
7880,P1,BASE,150.00,152.41,204,F,19622,31.4510
7890,P1,BASE,150.00,147.59,209,F,19681,31.4751
7900,P1,BASE,150.00,152.52,203,F,19742,31.4500
7910,P1,BASE,150.00,152.48,203,F,19803,31.4251
7920,P1,BASE,150.00,150.03,206,F,19863,31.4248
7930,P1,BASE,150.00,152.48,203,F,19924,31.4000
7940,P1,BASE,150.00,145.03,211,F,19982,31.4497
7950,P1,BASE,150.00,147.40,209,F,20041,31.4757
7960,P1,BASE,150.00,145.07,212,F,20099,31.5250
7970,P1,BASE,150.00,147.51,209,F,20158,31.5498
7980,P1,BASE,150.00,147.47,209,F,20217,31.5751
7990,P1,BASE,150.00,145.04,212,F,20275,31.6247
8000,P1,BASE,150.00,150.00,207,F,20335,31.6247
8010,P1,BASE,150.00,149.94,207,F,20395,31.6253
8020,P1,BASE,150.00,152.53,204,F,20456,31.6000
8030,P1,BASE,150.00,147.49,210,F,20515,31.6251
8040,P1,BASE,150.00,145.00,213,F,20573,31.6751
8050,P1,BASE,150.00,144.99,213,F,20631,31.7253
8060,P1,BASE,150.00,150.06,208,F,20691,31.7247
8070,P1,BASE,150.00,149.97,208,F,20751,31.7250
8080,P1,BASE,150.00,152.52,205,F,20812,31.6998
8090,P1,BASE,150.00,150.00,208,F,20872,31.6998
8100,P1,BASE,150.00,154.95,202,F,20934,31.6503
8110,P1,BASE,150.00,155.00,202,F,20996,31.6003
8120,P1,BASE,150.00,155.00,202,F,21058,31.5503
8130,P1,BASE,150.00,152.55,204,F,21119,31.5248
8140,P1,BASE,150.00,147.47,209,F,21178,31.5501
8150,P1,BASE,150.00,150.01,207,F,21238,31.5500
8160,P1,BASE,150.00,150.03,207,F,21298,31.5497
8170,P1,BASE,150.00,155.00,201,F,21360,31.4997
8180,P1,BASE,150.00,165.00,190,F,21426,31.3497
8190,P1,BASE,150.00,145.00,211,F,21484,31.3997
8200,P1,BASE,150.00,137.49,219,F,21539,31.5248
8210,P1,BASE,150.00,142.49,215,F,21596,31.6000
8220,P1,BASE,150.00,155.00,202,F,21658,31.5500
8230,P1,BASE,150.00,155.03,201,F,21720,31.4997
8240,P1,BASE,150.00,149.99,206,F,21780,31.4998
8250,P1,BASE,150.00,152.45,204,F,21841,31.4753
8260,P1,BASE,150.00,152.56,203,F,21902,31.4497
8270,P1,BASE,150.00,147.47,209,F,21961,31.4750
8280,P1,BASE,150.00,150.00,206,F,22021,31.4750
8290,P1,BASE,150.00,149.96,206,F,22081,31.4754
8300,P1,BASE,150.00,152.52,203,F,22142,31.4503
8310,P1,BASE,150.00,150.01,206,F,22202,31.4501
8320,P1,BASE,150.00,152.53,203,F,22263,31.4248
8330,P1,BASE,150.00,149.96,206,F,22323,31.4252
8340,P1,BASE,150.00,147.50,209,F,22382,31.4502
8350,P1,BASE,150.00,145.04,211,F,22440,31.4998
8360,P1,BASE,150.00,147.50,209,F,22499,31.5248
8370,P1,BASE,150.00,144.99,212,F,22557,31.5750
8380,P1,BASE,150.00,147.53,210,F,22616,31.5997
8390,P1,BASE,150.00,147.47,210,F,22675,31.6250
8400,P1,BASE,150.00,150.00,207,F,22735,31.6250
8410,P1,BASE,150.00,150.00,207,F,22795,31.6250
8420,P1,BASE,150.00,152.48,205,F,22856,31.6001
8430,P1,BASE,150.00,147.51,210,F,22915,31.6250
8440,P1,BASE,150.00,142.51,215,F,22972,31.6998
8450,P1,BASE,150.00,147.49,210,F,23031,31.7250
8460,P1,BASE,150.00,147.53,211,F,23090,31.7497
8470,P1,BASE,150.00,152.47,205,F,23151,31.7250
8480,P1,BASE,150.00,152.50,205,F,23212,31.7000
8490,P1,BASE,150.00,150.01,208,F,23272,31.6998
8500,P1,BASE,150.00,154.98,202,F,23334,31.6500
8510,P1,BASE,150.00,155.00,202,F,23396,31.6000
8520,P1,BASE,150.00,152.50,204,F,23457,31.5750
8530,P1,BASE,150.00,152.50,204,F,23518,31.5500
8540,P1,BASE,150.00,150.03,207,F,23578,31.5497
8550,P1,BASE,150.00,147.47,209,F,23637,31.5750
8560,P1,BASE,150.00,149.99,207,F,23697,31.5751
8570,P1,BASE,150.00,155.03,201,F,23759,31.5248
8580,P1,BASE,150.00,162.48,193,F,23824,31.4000
8590,P1,BASE,150.00,147.47,208,F,23883,31.4253
8600,P1,BASE,150.00,137.50,219,F,23938,31.5503
8610,P1,BASE,150.00,142.56,215,F,23995,31.6247
8620,P1,BASE,150.00,154.94,202,F,24057,31.5753
8630,P1,BASE,150.00,152.44,204,F,24118,31.5509
8640,P1,BASE,150.00,150.12,207,F,24178,31.5497
8650,P1,BASE,150.00,152.48,204,F,24239,31.5249
8660,P1,BASE,150.00,150.01,207,F,24299,31.5247
8670,P1,BASE,150.00,152.42,204,F,24360,31.5005
8680,P1,BASE,150.00,147.57,209,F,24419,31.5248
8690,P1,BASE,150.00,149.96,207,F,24479,31.5252
8700,P1,BASE,150.00,152.53,204,F,24540,31.4999
8710,P1,BASE,150.00,152.52,204,F,24601,31.4748
8720,P1,BASE,150.00,152.45,204,F,24662,31.4502
8730,P1,BASE,150.00,150.01,206,F,24722,31.4501
8740,P1,BASE,150.00,147.53,209,F,24781,31.4748
8750,P1,BASE,150.00,145.00,212,F,24839,31.5248
8760,P1,BASE,150.00,144.94,212,F,24897,31.5753
8770,P1,BASE,150.00,147.53,210,F,24956,31.6000
8780,P1,BASE,150.00,147.53,210,F,25015,31.6248
8790,P1,BASE,150.00,147.44,210,F,25074,31.6503
8800,P1,BASE,150.00,150.03,207,F,25134,31.6500
8810,P1,BASE,150.00,152.52,205,F,25195,31.6249
8820,P1,BASE,150.00,149.97,207,F,25255,31.6252
8830,P1,BASE,150.00,147.54,210,F,25314,31.6497
8840,P1,BASE,150.00,145.00,213,F,25372,31.6997
8850,P1,BASE,150.00,147.49,210,F,25431,31.7249
8860,P1,BASE,150.00,147.50,211,F,25490,31.7499
8870,P1,BASE,150.00,150.00,208,F,25550,31.7499
8880,P1,BASE,150.00,152.47,205,F,25611,31.7252
8890,P1,BASE,150.00,152.52,205,F,25672,31.7000
8900,P1,BASE,150.00,155.00,202,F,25734,31.6500
8910,P1,BASE,150.00,152.53,205,F,25795,31.6247
8920,P1,BASE,150.00,154.94,202,F,25857,31.5754
8930,P1,BASE,150.00,152.50,204,F,25918,31.5504
8940,P1,BASE,150.00,147.53,209,F,25977,31.5751
8950,P1,BASE,150.00,150.03,207,F,26037,31.5748
8960,P1,BASE,150.00,149.96,207,F,26097,31.5752
8970,P1,BASE,150.00,155.03,201,F,26159,31.5249
8980,P1,BASE,150.00,162.47,193,F,26224,31.4002
8990,P1,BASE,150.00,147.51,208,F,26283,31.4251
9000,P1,BASE,150.00,140.01,217,F,26339,31.5249
9010,P1,BASE,200.00,139.97,247,F,26395,31.5249
9020,P1,BASE,200.00,157.52,253,F,26458,31.9498
9030,P1,BASE,200.00,160.00,253,F,26522,32.3498
9040,P1,BASE,200.00,164.98,250,F,26588,32.7000
9050,P1,BASE,200.00,175.00,241,F,26658,32.9500
9060,P1,BASE,200.00,179.98,238,F,26730,33.1501
9070,P1,BASE,200.00,179.95,239,F,26802,33.3507
9080,P1,BASE,200.00,182.54,237,F,26875,33.5253
9090,P1,BASE,200.00,187.56,233,F,26950,33.6497
9100,P1,BASE,200.00,192.46,229,F,27027,33.7251
9110,P1,BASE,200.00,190.08,232,F,27103,33.8244
9120,P1,BASE,200.00,189.92,233,F,27179,33.9251
9130,P1,BASE,200.00,185.07,238,F,27253,34.0744
9140,P1,BASE,200.00,189.96,234,F,27329,34.1748
9150,P1,BASE,200.00,187.50,237,F,27404,34.2998
9160,P1,BASE,200.00,190.02,236,F,27480,34.3996
9170,P1,BASE,200.00,192.48,234,F,27557,34.4748
9180,P1,BASE,200.00,197.54,229,F,27636,34.4994
9190,P1,BASE,200.00,195.00,231,F,27714,34.5494
9200,P1,BASE,200.00,184.98,243,F,27788,34.6996
9210,P1,BASE,200.00,190.00,238,F,27864,34.7996
9220,P1,BASE,200.00,197.52,231,F,27943,34.8244
9230,P1,BASE,200.00,199.94,228,F,28023,34.8250
9240,P1,BASE,200.00,200.06,228,F,28103,34.8244
9250,P1,BASE,200.00,202.42,226,F,28184,34.8002
9260,P1,BASE,200.00,205.02,223,F,28266,34.7500
9270,P1,BASE,200.00,200.02,228,F,28346,34.7498
9280,P1,BASE,200.00,197.52,230,F,28425,34.7746
9290,P1,BASE,200.00,197.50,231,F,28504,34.7996
9300,P1,BASE,200.00,212.48,215,F,28589,34.6748
9310,P1,BASE,200.00,200.04,227,F,28669,34.6744
9320,P1,BASE,200.00,182.46,246,F,28742,34.8498
9330,P1,BASE,200.00,190.04,239,F,28818,34.9494
9340,P1,BASE,200.00,202.44,226,F,28899,34.9250
9350,P1,BASE,200.00,200.02,229,F,28979,34.9248
9360,P1,BASE,200.00,200.00,229,F,29059,34.9248
9370,P1,BASE,200.00,200.02,229,F,29139,34.9246
9380,P1,BASE,200.00,199.96,229,F,29219,34.9250
9390,P1,BASE,200.00,197.52,232,F,29298,34.9498
9400,P1,BASE,200.00,199.98,229,F,29378,34.9500
9410,P1,BASE,200.00,205.04,224,F,29460,34.8996
9420,P1,BASE,200.00,197.46,231,F,29539,34.9250
9430,P1,BASE,200.00,194.98,234,F,29617,34.9752
9440,P1,BASE,200.00,195.00,235,F,29695,35.0252
9450,P1,BASE,200.00,195.04,235,F,29773,35.0748
9460,P1,BASE,200.00,195.00,235,F,29851,35.1248
9470,P1,BASE,200.00,194.98,236,F,29929,35.1750
9480,P1,BASE,200.00,200.04,230,F,30009,35.1746
9490,P1,BASE,200.00,197.48,233,F,30088,35.1998
9500,P1,BASE,200.00,195.02,236,F,30166,35.2496
9510,P1,BASE,200.00,190.02,242,F,30242,35.3494
9520,P1,BASE,200.00,199.94,232,F,30322,35.3500
9530,P1,BASE,200.00,202.56,229,F,30403,35.3244
9540,P1,BASE,200.00,199.98,232,F,30483,35.3246
9550,P1,BASE,200.00,205.02,226,F,30565,35.2744
9560,P1,BASE,200.00,209.94,220,F,30649,35.1750
9570,P1,BASE,200.00,202.56,228,F,30730,35.1494
9580,P1,BASE,200.00,197.50,233,F,30809,35.1744
9590,P1,BASE,200.00,199.92,231,F,30889,35.1752
9600,P1,BASE,200.00,207.54,222,F,30972,35.0998
9610,P1,BASE,200.00,210.02,219,F,31056,34.9996
9620,P1,BASE,200.00,189.94,240,F,31132,35.1001
9630,P1,BASE,200.00,185.00,246,F,31206,35.2501
9640,P1,BASE,200.00,202.50,228,F,31287,35.2251
9650,P1,BASE,200.00,204.88,226,F,31369,35.1764
9660,P1,BASE,200.00,200.18,230,F,31449,35.1746
9670,P1,BASE,200.00,202.48,228,F,31530,35.1498
9680,P1,BASE,200.00,197.54,233,F,31609,35.1744
9690,P1,BASE,200.00,199.88,231,F,31689,35.1756
9700,P1,BASE,200.00,202.56,228,F,31770,35.1500
9710,P1,BASE,200.00,205.00,225,F,31852,35.1000
9720,P1,BASE,200.00,200.00,230,F,31932,35.1000
9730,P1,BASE,200.00,195.02,235,F,32010,35.1498
9740,P1,BASE,200.00,194.98,236,F,32088,35.2000
9750,P1,BASE,200.00,194.98,236,F,32166,35.2502
9760,P1,BASE,200.00,195.06,236,F,32244,35.2996
9770,P1,BASE,200.00,197.48,234,F,32323,35.3248
9780,P1,BASE,200.00,200.02,231,F,32403,35.3246
9790,P1,BASE,200.00,197.44,234,F,32482,35.3502
9800,P1,BASE,200.00,195.08,237,F,32560,35.3994
9810,P1,BASE,200.00,192.44,240,F,32637,35.4750
9820,P1,BASE,200.00,200.00,232,F,32717,35.4750
9830,P1,BASE,200.00,202.50,230,F,32798,35.4500
9840,P1,BASE,200.00,200.02,232,F,32878,35.4498
9850,P1,BASE,200.00,207.38,224,F,32961,35.3760
9860,P1,BASE,200.00,207.67,224,F,33044,35.2993
9870,P1,BASE,200.00,204.94,226,F,33126,35.2500
9880,P1,BASE,200.00,197.56,234,F,33205,35.2744
9890,P1,BASE,200.00,199.98,231,F,33285,35.2746
9900,P1,BASE,200.00,207.52,223,F,33368,35.1994
9910,P1,BASE,200.00,212.48,217,F,33453,35.0746
9920,P1,BASE,200.00,187.44,243,F,33528,35.2001
9930,P1,BASE,200.00,187.54,244,F,33603,35.3248
9940,P1,BASE,200.00,202.48,229,F,33684,35.3000
9950,P1,BASE,200.00,205.00,226,F,33766,35.2500
9960,P1,BASE,200.00,202.50,228,F,33847,35.2250
9970,P1,BASE,200.00,202.52,228,F,33928,35.1998
9980,P1,BASE,200.00,197.50,233,F,34007,35.2248
9990,P1,BASE,200.00,197.52,234,F,34086,35.2496
10000,P1,BASE,200.00,202.52,228,F,34167,35.2244
10010,P1,BASE,200.00,207.48,223,F,34250,35.1496
10020,P1,BASE,200.00,199.96,230,F,34330,35.1500
10030,P1,BASE,200.00,197.50,233,F,34409,35.1750
10040,P1,BASE,200.00,192.48,239,F,34486,35.2502
10050,P1,BASE,200.00,197.56,234,F,34565,35.2746
10060,P1,BASE,200.00,195.00,237,F,34643,35.3246
10070,P1,BASE,200.00,195.02,237,F,34721,35.3744
10080,P1,BASE,200.00,202.42,229,F,34802,35.3502
10090,P1,BASE,200.00,200.04,232,F,34882,35.3498
10100,P1,BASE,200.00,192.48,240,F,34959,35.4250
10110,P1,BASE,200.00,195.04,238,F,35037,35.4746
10120,P1,BASE,200.00,199.96,233,F,35117,35.4750
10130,P1,BASE,200.00,200.00,232,F,35197,35.4750
10140,P1,BASE,200.00,202.50,230,F,35278,35.4500
10150,P1,BASE,200.00,207.56,224,F,35361,35.3744
10160,P1,BASE,200.00,209.90,221,F,35445,35.2754
10170,P1,BASE,200.00,202.56,228,F,35526,35.2498
10180,P1,BASE,200.00,199.98,231,F,35606,35.2500
10190,P1,BASE,200.00,197.56,234,F,35685,35.2744
10200,P1,BASE,200.00,205.00,226,F,35767,35.2244
10210,P1,BASE,200.00,214.94,215,F,35853,35.0750
10220,P1,BASE,200.00,190.00,241,F,35929,35.1750
10230,P1,BASE,200.00,187.48,244,F,36004,35.3002
10240,P1,BASE,200.00,202.56,229,F,36085,35.2746
10250,P1,BASE,200.00,204.98,226,F,36167,35.2248
10260,P1,BASE,200.00,202.54,228,F,36248,35.1994
10270,P1,BASE,200.00,202.48,228,F,36329,35.1746
10280,P1,BASE,200.00,197.50,233,F,36408,35.1996
10290,P1,BASE,200.00,197.46,233,F,36487,35.2250
10300,P1,BASE,200.00,205.02,225,F,36569,35.1748
10310,P1,BASE,200.00,204.98,225,F,36651,35.1250
10320,P1,BASE,200.00,200.02,230,F,36731,35.1248
10330,P1,BASE,200.00,195.04,236,F,36809,35.1744
10340,P1,BASE,200.00,194.96,236,F,36887,35.2248
10350,P1,BASE,200.00,197.54,234,F,36966,35.2494
10360,P1,BASE,200.00,194.96,236,F,37044,35.2998
10370,P1,BASE,200.00,195.04,237,F,37122,35.3494
10380,P1,BASE,200.00,199.92,232,F,37202,35.3502
10390,P1,BASE,200.00,200.04,232,F,37282,35.3498
10400,P1,BASE,200.00,194.98,237,F,37360,35.4000
10410,P1,BASE,200.00,192.48,240,F,37437,35.4752
10420,P1,BASE,200.00,197.58,235,F,37516,35.4994
10430,P1,BASE,200.00,202.46,230,F,37597,35.4748
10440,P1,BASE,200.00,202.52,230,F,37678,35.4496
10450,P1,BASE,200.00,204.98,227,F,37760,35.3998
10460,P1,BASE,200.00,209.98,221,F,37844,35.3000
10470,P1,BASE,200.00,205.06,226,F,37926,35.2494
10480,P1,BASE,200.00,197.44,234,F,38005,35.2750
10490,P1,BASE,200.00,200.02,231,F,38085,35.2748
10500,P1,BASE,200.00,207.54,223,F,38168,35.1994
10510,P1,BASE,200.00,212.48,217,F,38253,35.0746
10520,P1,BASE,200.00,189.98,241,F,38329,35.1748
10530,P1,BASE,200.00,187.50,244,F,38404,35.2998
10540,P1,BASE,200.00,202.52,229,F,38485,35.2746
10550,P1,BASE,200.00,202.44,229,F,38566,35.2502
10560,P1,BASE,200.00,204.94,226,F,38648,35.2008
10570,P1,BASE,200.00,200.08,231,F,38728,35.2000
10580,P1,BASE,200.00,200.06,231,F,38808,35.1994
10590,P1,BASE,200.00,197.46,233,F,38887,35.2248
10600,P1,BASE,200.00,202.50,228,F,38968,35.1998
10610,P1,BASE,200.00,207.52,223,F,39051,35.1246
10620,P1,BASE,200.00,200.00,230,F,39131,35.1246
10630,P1,BASE,200.00,195.00,236,F,39209,35.1746
10640,P1,BASE,200.00,195.00,236,F,39287,35.2246
10650,P1,BASE,200.00,197.48,234,F,39366,35.2498
10660,P1,BASE,200.00,195.02,236,F,39444,35.2996
10670,P1,BASE,200.00,195.02,237,F,39522,35.3494
10680,P1,BASE,200.00,199.98,232,F,39602,35.3496
10690,P1,BASE,200.00,200.02,232,F,39682,35.3494
10700,P1,BASE,200.00,194.98,237,F,39760,35.3996
10710,P1,BASE,200.00,192.44,240,F,39837,35.4752
10720,P1,BASE,200.00,200.08,232,F,39917,35.4744
10730,P1,BASE,200.00,200.00,232,F,39997,35.4744
10740,P1,BASE,200.00,202.44,230,F,40078,35.4500
10750,P1,BASE,200.00,205.00,227,F,40160,35.4000
10760,P1,BASE,200.00,210.00,221,F,40244,35.3000
10770,P1,BASE,200.00,205.06,226,F,40326,35.2494
10780,P1,BASE,200.00,197.42,234,F,40405,35.2752
10790,P1,BASE,200.00,200.02,231,F,40485,35.2750
10800,P1,BASE,200.00,207.56,223,F,40568,35.1994
10810,P1,BASE,200.00,209.92,220,F,40652,35.1002
10820,P1,BASE,200.00,192.50,238,F,40729,35.1752
10830,P1,BASE,200.00,185.04,247,F,40803,35.3248
10840,P1,BASE,200.00,202.52,229,F,40884,35.2996
10850,P1,BASE,200.00,204.98,226,F,40966,35.2498
10860,P1,BASE,200.00,202.52,228,F,41047,35.2246
10870,P1,BASE,200.00,199.96,231,F,41127,35.2250
10880,P1,BASE,200.00,200.02,231,F,41207,35.2248
10890,P1,BASE,200.00,197.54,234,F,41286,35.2494
10900,P1,BASE,200.00,202.42,228,F,41367,35.2252
10910,P1,BASE,200.00,207.58,223,F,41450,35.1494
10920,P1,BASE,200.00,199.94,230,F,41530,35.1500
10930,P1,BASE,200.00,195.02,236,F,41608,35.1998
10940,P1,BASE,200.00,195.00,236,F,41686,35.2498
10950,P1,BASE,200.00,197.46,234,F,41765,35.2752
10960,P1,BASE,200.00,195.00,237,F,41843,35.3252
10970,P1,BASE,200.00,195.02,237,F,41921,35.3750
10980,P1,BASE,200.00,200.06,232,F,42001,35.3744
10990,P1,BASE,200.00,199.92,232,F,42081,35.3752
11000,P1,BASE,200.00,195.06,237,F,42159,35.4246
11010,P1,BASE,200.00,192.52,240,F,42236,35.4994
11020,P1,BASE,200.00,200.00,233,F,42316,35.4994
11030,P1,BASE,200.00,202.46,230,F,42397,35.4748
11040,P1,BASE,200.00,200.00,232,F,42477,35.4748
11050,P1,BASE,200.00,207.50,224,F,42560,35.3998
11060,P1,BASE,200.00,209.92,221,F,42644,35.3007
11070,P1,BASE,200.00,202.56,229,F,42725,35.2751
11080,P1,BASE,200.00,200.02,231,F,42805,35.2749
11090,P1,BASE,200.00,197.54,234,F,42884,35.2995
11100,P1,BASE,200.00,207.48,223,F,42967,35.2247
11110,P1,BASE,200.00,212.52,217,F,43052,35.0995
11120,P1,BASE,200.00,192.50,238,F,43129,35.1745
11130,P1,BASE,200.00,185.00,247,F,43203,35.3245
11140,P1,BASE,200.00,202.46,229,F,43284,35.2999
11150,P1,BASE,200.00,202.52,229,F,43365,35.2747
11160,P1,BASE,200.00,202.50,228,F,43446,35.2497
11170,P1,BASE,200.00,202.48,228,F,43527,35.2249
11180,P1,BASE,200.00,197.48,234,F,43606,35.2501
11190,P1,BASE,200.00,200.06,231,F,43686,35.2495
11200,P1,BASE,200.00,202.50,228,F,43767,35.2245
11210,P1,BASE,200.00,204.96,225,F,43849,35.1749
11220,P1,BASE,200.00,202.54,228,F,43930,35.1495
11230,P1,BASE,200.00,194.92,236,F,44008,35.2003
11240,P1,BASE,200.00,195.00,236,F,44086,35.2503
11250,P1,BASE,200.00,195.08,236,F,44164,35.2995
11260,P1,BASE,200.00,194.94,237,F,44242,35.3501
11270,P1,BASE,200.00,194.98,237,F,44320,35.4003
11280,P1,BASE,200.00,202.58,229,F,44401,35.3745
11290,P1,BASE,200.00,199.90,232,F,44481,35.3755
11300,P1,BASE,200.00,194.92,237,F,44559,35.4262
11310,P1,BASE,200.00,192.63,240,F,44636,35.4999
11320,P1,BASE,200.00,197.50,235,F,44715,35.5249
11330,P1,BASE,200.00,202.48,230,F,44796,35.5001
11340,P1,BASE,200.00,200.00,233,F,44876,35.5001
11350,P1,BASE,200.00,207.48,225,F,44959,35.4253
11360,P1,BASE,200.00,210.02,221,F,45043,35.3251
11370,P1,BASE,200.00,204.98,226,F,45125,35.2753
11380,P1,BASE,200.00,200.04,231,F,45205,35.2749
11390,P1,BASE,200.00,197.52,234,F,45284,35.2997
11400,P1,BASE,200.00,207.50,223,F,45367,35.2247
11410,P1,BASE,200.00,212.50,217,F,45452,35.0997
11420,P1,BASE,200.00,192.48,238,F,45529,35.1749
11430,P1,BASE,200.00,185.00,247,F,45603,35.3249
11440,P1,BASE,200.00,200.04,231,F,45683,35.3245
11450,P1,BASE,200.00,204.94,226,F,45765,35.2751
11460,P1,BASE,200.00,202.56,228,F,45846,35.2495
11470,P1,BASE,200.00,202.44,228,F,45927,35.2251
11480,P1,BASE,200.00,197.52,234,F,46006,35.2499
11490,P1,BASE,200.00,197.52,234,F,46085,35.2747
11500,P1,BASE,200.00,202.46,229,F,46166,35.2501
11510,P1,BASE,200.00,207.38,223,F,46249,35.1764
11520,P1,BASE,200.00,200.12,230,F,46329,35.1752
11530,P1,BASE,200.00,195.06,236,F,46407,35.2246
11540,P1,BASE,200.00,194.94,236,F,46485,35.2752
11550,P1,BASE,200.00,197.54,234,F,46564,35.2998
11560,P1,BASE,200.00,194.92,237,F,46642,35.3506
11570,P1,BASE,200.00,195.08,237,F,46720,35.3998
11580,P1,BASE,200.00,200.02,232,F,46800,35.3996
11590,P1,BASE,200.00,197.44,235,F,46879,35.4252
11600,P1,BASE,200.00,197.54,235,F,46958,35.4498
11610,P1,BASE,200.00,192.52,240,F,47035,35.5246
11620,P1,BASE,200.00,199.96,233,F,47115,35.5250
11630,P1,BASE,200.00,200.02,233,F,47195,35.5248
11640,P1,BASE,200.00,202.36,230,F,47276,35.5012
11650,P1,BASE,200.00,205.10,227,F,47358,35.4502
11660,P1,BASE,200.00,210.06,221,F,47442,35.3495
11670,P1,BASE,200.00,204.96,226,F,47524,35.2999
11680,P1,BASE,200.00,199.96,231,F,47604,35.3004
11690,P1,BASE,200.00,197.50,234,F,47683,35.3254
11700,P1,BASE,200.00,207.58,223,F,47766,35.2495
11710,P1,BASE,200.00,212.46,218,F,47851,35.1249
11720,P1,BASE,200.00,190.02,241,F,47927,35.2248
11730,P1,BASE,200.00,187.48,244,F,48002,35.3499
11740,P1,BASE,200.00,202.52,229,F,48083,35.3247
11750,P1,BASE,200.00,204.98,226,F,48165,35.2749
11760,P1,BASE,200.00,202.50,228,F,48246,35.2499
11770,P1,BASE,200.00,200.02,231,F,48326,35.2497
11780,P1,BASE,200.00,200.00,231,F,48406,35.2497
11790,P1,BASE,200.00,197.52,234,F,48485,35.2746
11800,P1,BASE,200.00,205.00,226,F,48567,35.2246
11810,P1,BASE,200.00,204.94,225,F,48649,35.1752
11820,P1,BASE,200.00,202.52,228,F,48730,35.1500
11830,P1,BASE,200.00,195.00,236,F,48808,35.2000
11840,P1,BASE,200.00,194.92,236,F,48886,35.2507
11850,P1,BASE,200.00,195.10,236,F,48964,35.2998
11860,P1,BASE,200.00,195.02,237,F,49042,35.3496
11870,P1,BASE,200.00,194.96,237,F,49120,35.4000
11880,P1,BASE,200.00,202.52,229,F,49201,35.3748
11890,P1,BASE,200.00,197.48,235,F,49280,35.4000
11900,P1,BASE,200.00,195.02,237,F,49358,35.4498
11910,P1,BASE,200.00,192.52,240,F,49435,35.5246
11920,P1,BASE,200.00,199.94,233,F,49515,35.5252
11930,P1,BASE,200.00,202.50,230,F,49596,35.5002
11940,P1,BASE,200.00,200.00,233,F,49676,35.5002
11950,P1,BASE,200.00,207.56,224,F,49759,35.4245
11960,P1,BASE,200.00,210.00,221,F,49843,35.3245
11970,P1,BASE,200.00,202.44,229,F,49924,35.3001
11980,P1,BASE,200.00,200.00,231,F,50004,35.3001
11990,P1,BASE,200.00,197.56,234,F,50083,35.3246
12000,P1,BASE,200.00,209.98,221,F,50167,35.2248
12010,P1,BASE,150.00,212.48,191,F,50252,34.6000
12020,P1,BASE,150.00,187.52,186,F,50327,34.2248
12030,P1,BASE,150.00,185.00,186,F,50401,33.8748
12040,P1,BASE,150.00,194.98,173,F,50479,33.4250
12050,P1,BASE,150.00,189.98,176,F,50555,33.0252
12060,P1,BASE,150.00,187.56,176,F,50630,32.6496
12070,P1,BASE,150.00,182.43,179,F,50703,32.3253
12080,P1,BASE,150.00,180.02,179,F,50775,32.0252
12090,P1,BASE,150.00,177.54,180,F,50846,31.7498
12100,P1,BASE,150.00,175.00,181,F,50916,31.4998
12110,P1,BASE,150.00,175.02,179,F,50986,31.2496
12120,P1,BASE,150.00,174.97,178,F,51056,31.0000
12130,P1,BASE,150.00,169.97,181,F,51124,30.8003
12140,P1,BASE,150.00,162.57,188,F,51189,30.6747
12150,P1,BASE,150.00,159.97,190,F,51253,30.5750
12160,P1,BASE,150.00,157.47,192,F,51316,30.5003
12170,P1,BASE,150.00,155.03,194,F,51378,30.4500
12180,P1,BASE,150.00,152.53,197,F,51439,30.4247
12190,P1,BASE,150.00,152.45,197,F,51500,30.4002
12200,P1,BASE,150.00,152.53,196,F,51561,30.3748
12210,P1,BASE,150.00,155.00,194,F,51623,30.3249
12220,P1,BASE,150.00,147.50,201,F,51682,30.3498
12230,P1,BASE,150.00,144.97,204,F,51740,30.4001
12240,P1,BASE,150.00,140.00,210,F,51796,30.5001
12250,P1,BASE,150.00,145.00,205,F,51854,30.5501
12260,P1,BASE,150.00,145.01,206,F,51912,30.6000
12270,P1,BASE,150.00,147.51,203,F,51971,30.6248
12280,P1,BASE,150.00,147.50,203,F,52030,30.6498
12290,P1,BASE,150.00,147.46,204,F,52089,30.6753
12300,P1,BASE,150.00,147.56,204,F,52148,30.6997
12310,P1,BASE,150.00,152.45,198,F,52209,30.6752
12320,P1,BASE,150.00,147.54,204,F,52268,30.6997
12330,P1,BASE,150.00,149.99,201,F,52328,30.6999
12340,P1,BASE,150.00,142.49,209,F,52385,30.7750
12350,P1,BASE,150.00,144.99,207,F,52443,30.8251
12360,P1,BASE,150.00,145.01,207,F,52501,30.8750
12370,P1,BASE,150.00,152.42,200,F,52562,30.8508
12380,P1,BASE,150.00,160.08,191,F,52626,30.7500
12390,P1,BASE,150.00,142.49,210,F,52683,30.8251
12400,P1,BASE,150.00,137.51,215,F,52738,30.9500
12410,P1,BASE,150.00,137.49,216,F,52793,31.0751
12420,P1,BASE,150.00,152.55,201,F,52854,31.0497
12430,P1,BASE,150.00,149.94,203,F,52914,31.0502
12440,P1,BASE,150.00,147.56,206,F,52973,31.0747
12450,P1,BASE,150.00,149.97,204,F,53033,31.0750
12460,P1,BASE,150.00,150.01,204,F,53093,31.0748
12470,P1,BASE,150.00,147.46,206,F,53152,31.1003
12480,P1,BASE,150.00,147.53,206,F,53211,31.1250
12490,P1,BASE,150.00,145.00,209,F,53269,31.1750
12500,P1,BASE,150.00,150.00,204,F,53329,31.1750
12510,P1,BASE,150.00,150.00,204,F,53389,31.1750
12520,P1,BASE,150.00,152.52,202,F,53450,31.1498
12530,P1,BASE,150.00,147.47,207,F,53509,31.1751
12540,P1,BASE,150.00,145.01,210,F,53567,31.2250
12550,P1,BASE,150.00,145.01,210,F,53625,31.2748
12560,P1,BASE,150.00,145.00,210,F,53683,31.3248
12570,P1,BASE,150.00,147.47,208,F,53742,31.3501
12580,P1,BASE,150.00,145.04,211,F,53800,31.3997
12590,P1,BASE,150.00,144.96,211,F,53858,31.4501
12600,P1,BASE,150.00,147.49,209,F,53917,31.4752
12610,P1,BASE,150.00,150.03,206,F,53977,31.4749
12620,P1,BASE,150.00,152.50,204,F,54038,31.4499
12630,P1,BASE,150.00,147.49,209,F,54097,31.4751
12640,P1,BASE,150.00,142.53,214,F,54154,31.5498
12650,P1,BASE,150.00,144.97,212,F,54212,31.6001
12660,P1,BASE,150.00,147.51,210,F,54271,31.6250
12670,P1,BASE,150.00,152.48,205,F,54332,31.6001
12680,P1,BASE,150.00,150.05,207,F,54392,31.5997
12690,P1,BASE,150.00,150.00,207,F,54452,31.5997
12700,P1,BASE,150.00,152.47,204,F,54513,31.5750
12710,P1,BASE,150.00,154.98,201,F,54575,31.5251
12720,P1,BASE,150.00,154.98,201,F,54637,31.4753
12730,P1,BASE,150.00,150.01,206,F,54697,31.4751
12740,P1,BASE,150.00,150.01,206,F,54757,31.4750
12750,P1,BASE,150.00,147.51,209,F,54816,31.4998
12760,P1,BASE,150.00,147.49,209,F,54875,31.5250
12770,P1,BASE,150.00,152.50,204,F,54936,31.5000
12780,P1,BASE,150.00,164.97,190,F,55002,31.3503
12790,P1,BASE,150.00,147.51,208,F,55061,31.3752
12800,P1,BASE,150.00,145.04,211,F,55119,31.4247
12810,P1,BASE,150.00,137.47,219,F,55174,31.5500
12820,P1,BASE,150.00,152.50,204,F,55235,31.5250
12830,P1,BASE,150.00,152.52,204,F,55296,31.4998
12840,P1,BASE,150.00,150.01,206,F,55356,31.4997
12850,P1,BASE,150.00,152.48,204,F,55417,31.4748
12860,P1,BASE,150.00,152.50,204,F,55478,31.4498
12870,P1,BASE,150.00,150.00,206,F,55538,31.4498
12880,P1,BASE,150.00,149.91,206,F,55598,31.4507
12890,P1,BASE,150.00,147.59,209,F,55657,31.4749
12900,P1,BASE,150.00,150.01,206,F,55717,31.4747
12910,P1,BASE,150.00,152.45,204,F,55778,31.4502
12920,P1,BASE,150.00,155.03,201,F,55840,31.3999
12930,P1,BASE,150.00,147.46,208,F,55899,31.4253
12940,P1,BASE,150.00,150.01,206,F,55959,31.4251
12950,P1,BASE,150.00,145.04,211,F,56017,31.4747
12960,P1,BASE,150.00,147.50,209,F,56076,31.4997
12970,P1,BASE,150.00,147.50,209,F,56135,31.5247
12980,P1,BASE,150.00,144.90,212,F,56193,31.5757
12990,P1,BASE,150.00,147.56,210,F,56252,31.6001
13000,P1,BASE,150.00,145.01,212,F,56310,31.6500
13010,P1,BASE,150.00,152.48,205,F,56371,31.6251
13020,P1,BASE,150.00,152.50,204,F,56432,31.6001
13030,P1,BASE,150.00,147.50,210,F,56491,31.6251
13040,P1,BASE,150.00,147.49,210,F,56550,31.6503
13050,P1,BASE,150.00,144.99,213,F,56608,31.7004
13060,P1,BASE,150.00,145.03,213,F,56666,31.7501
13070,P1,BASE,150.00,152.53,205,F,56727,31.7248
13080,P1,BASE,150.00,149.97,208,F,56787,31.7251
13090,P1,BASE,150.00,152.52,205,F,56848,31.7000
13100,P1,BASE,150.00,152.50,205,F,56909,31.6750
13110,P1,BASE,150.00,154.98,202,F,56971,31.6251
13120,P1,BASE,150.00,155.00,202,F,57033,31.5751
13130,P1,BASE,150.00,152.53,204,F,57094,31.5498
13140,P1,BASE,150.00,149.97,207,F,57154,31.5501
13150,P1,BASE,150.00,147.54,209,F,57213,31.5747
13160,P1,BASE,150.00,147.46,210,F,57272,31.6001
13170,P1,BASE,150.00,152.55,204,F,57333,31.5747
13180,P1,BASE,150.00,164.98,191,F,57399,31.4248
13190,P1,BASE,150.00,152.48,203,F,57460,31.4000
13200,P1,BASE,150.00,142.53,214,F,57517,31.4747
13210,P1,BASE,150.00,137.49,220,F,57572,31.5998
13220,P1,BASE,150.00,152.48,204,F,57633,31.5750
13230,P1,BASE,150.00,152.48,204,F,57694,31.5502
13240,P1,BASE,150.00,152.52,204,F,57755,31.5250
13250,P1,BASE,150.00,152.48,204,F,57816,31.5002
13260,P1,BASE,150.00,149.99,206,F,57876,31.5003
13270,P1,BASE,150.00,152.56,204,F,57937,31.4747
13280,P1,BASE,150.00,147.50,209,F,57996,31.4997
13290,P1,BASE,150.00,147.50,209,F,58055,31.5247
13300,P1,BASE,150.00,152.50,204,F,58116,31.4997
13310,P1,BASE,150.00,152.48,204,F,58177,31.4748
13320,P1,BASE,150.00,152.47,204,F,58238,31.4502
13330,P1,BASE,150.00,150.03,206,F,58298,31.4499
13340,P1,BASE,150.00,149.93,206,F,58358,31.4506
13350,P1,BASE,150.00,145.04,211,F,58416,31.5002
13360,P1,BASE,150.00,145.01,212,F,58474,31.5500
13370,P1,BASE,150.00,147.50,209,F,58533,31.5750
13380,P1,BASE,150.00,147.49,210,F,58592,31.6002
13390,P1,BASE,150.00,147.51,210,F,58651,31.6250
13400,P1,BASE,150.00,147.47,210,F,58710,31.6503
13410,P1,BASE,150.00,150.01,207,F,58770,31.6502
13420,P1,BASE,150.00,152.55,205,F,58831,31.6247
13430,P1,BASE,150.00,149.94,207,F,58891,31.6253
13440,P1,BASE,150.00,145.01,213,F,58949,31.6752
13450,P1,BASE,150.00,145.00,213,F,59007,31.7252
13460,P1,BASE,150.00,147.54,211,F,59066,31.7497
13470,P1,BASE,150.00,152.50,205,F,59127,31.7247
13480,P1,BASE,150.00,150.00,208,F,59187,31.7247
13490,P1,BASE,150.00,149.99,208,F,59247,31.7249
13500,P1,BASE,150.00,154.97,202,F,59309,31.6752
13510,P1,BASE,150.00,154.92,202,F,59371,31.6260
13520,P1,BASE,150.00,155.06,202,F,59433,31.5753
13530,P1,BASE,150.00,152.53,204,F,59494,31.5500
13540,P1,BASE,150.00,149.97,207,F,59554,31.5503
13550,P1,BASE,150.00,147.53,209,F,59613,31.5750
13560,P1,BASE,150.00,147.53,210,F,59672,31.5997
13570,P1,BASE,150.00,152.50,204,F,59733,31.5747
13580,P1,BASE,150.00,167.45,188,F,59800,31.4002
13590,P1,BASE,150.00,150.01,206,F,59860,31.4001
13600,P1,BASE,150.00,142.53,214,F,59917,31.4748
13610,P1,BASE,150.00,137.47,220,F,59972,31.6001
13620,P1,BASE,150.00,154.98,202,F,60034,31.5502
13630,P1,BASE,150.00,152.55,204,F,60095,31.5248
13640,P1,BASE,150.00,152.47,204,F,60156,31.5001
13650,P1,BASE,150.00,152.52,204,F,60217,31.4749
13660,P1,BASE,150.00,150.01,206,F,60277,31.4748
13670,P1,BASE,150.00,152.45,204,F,60338,31.4502
13680,P1,BASE,150.00,147.50,209,F,60397,31.4752
13690,P1,BASE,150.00,150.01,206,F,60457,31.4751
13700,P1,BASE,150.00,150.01,206,F,60517,31.4749
13710,P1,BASE,150.00,152.48,204,F,60578,31.4501
13720,P1,BASE,150.00,152.48,203,F,60639,31.4252
13730,P1,BASE,150.00,150.00,206,F,60699,31.4252
13740,P1,BASE,150.00,147.51,209,F,60758,31.4501
13750,P1,BASE,150.00,147.51,209,F,60817,31.4749
13760,P1,BASE,150.00,145.00,212,F,60875,31.5249
13770,P1,BASE,150.00,147.46,209,F,60934,31.5504
13780,P1,BASE,150.00,145.06,212,F,60992,31.5998
13790,P1,BASE,150.00,150.00,207,F,61052,31.5998
13800,P1,BASE,150.00,147.46,210,F,61111,31.6253
13810,P1,BASE,150.00,150.03,207,F,61171,31.6250
13820,P1,BASE,150.00,152.48,205,F,61232,31.6001
13830,P1,BASE,150.00,147.47,210,F,61291,31.6254
13840,P1,BASE,150.00,145.01,213,F,61349,31.6753
13850,P1,BASE,150.00,145.01,213,F,61407,31.7251
13860,P1,BASE,150.00,147.49,211,F,61466,31.7503
13870,P1,BASE,150.00,152.52,205,F,61527,31.7251
13880,P1,BASE,150.00,150.00,208,F,61587,31.7251
13890,P1,BASE,150.00,152.39,205,F,61648,31.7012
13900,P1,BASE,150.00,152.61,205,F,61709,31.6751
13910,P1,BASE,150.00,154.98,202,F,61771,31.6253
13920,P1,BASE,150.00,155.02,202,F,61833,31.5751
13930,P1,BASE,150.00,152.48,204,F,61894,31.5503
13940,P1,BASE,150.00,150.05,207,F,61954,31.5498
13950,P1,BASE,150.00,147.49,209,F,62013,31.5750
13960,P1,BASE,150.00,147.51,210,F,62072,31.5998
13970,P1,BASE,150.00,152.50,204,F,62133,31.5748
13980,P1,BASE,150.00,164.98,191,F,62199,31.4250
13990,P1,BASE,150.00,152.50,203,F,62260,31.4000
14000,P1,BASE,150.00,142.49,214,F,62317,31.4751
14010,P1,BASE,150.00,137.50,220,F,62372,31.6001
14020,P1,BASE,150.00,152.52,204,F,62433,31.5750
14030,P1,BASE,150.00,152.47,204,F,62494,31.5503
14040,P1,BASE,150.00,152.53,204,F,62555,31.5250
14050,P1,BASE,150.00,152.48,204,F,62616,31.5001
14060,P1,BASE,150.00,150.00,206,F,62676,31.5001
14070,P1,BASE,150.00,152.50,204,F,62737,31.4751
14080,P1,BASE,150.00,147.49,209,F,62796,31.5003
14090,P1,BASE,150.00,150.05,206,F,62856,31.4998
14100,P1,BASE,150.00,149.99,206,F,62916,31.5000
14110,P1,BASE,150.00,149.97,206,F,62976,31.5003
14120,P1,BASE,150.00,155.02,201,F,63038,31.4501
14130,P1,BASE,150.00,150.01,206,F,63098,31.4500
14140,P1,BASE,150.00,147.46,209,F,63157,31.4754
14150,P1,BASE,150.00,145.04,212,F,63215,31.5250
14160,P1,BASE,150.00,147.49,209,F,63274,31.5501
14170,P1,BASE,150.00,147.51,209,F,63333,31.5750
14180,P1,BASE,150.00,145.01,212,F,63391,31.6248
14190,P1,BASE,150.00,147.46,210,F,63450,31.6503
14200,P1,BASE,150.00,147.51,210,F,63509,31.6751
14210,P1,BASE,150.00,149.99,208,F,63569,31.6753
14220,P1,BASE,150.00,152.52,205,F,63630,31.6501
14230,P1,BASE,150.00,150.00,207,F,63690,31.6501
14240,P1,BASE,150.00,145.03,213,F,63748,31.6998
14250,P1,BASE,150.00,144.97,213,F,63806,31.7501
14260,P1,BASE,150.00,147.50,211,F,63865,31.7751
14270,P1,BASE,150.00,152.52,205,F,63926,31.7500
14280,P1,BASE,150.00,149.97,208,F,63986,31.7503
14290,P1,BASE,150.00,150.01,208,F,64046,31.7501
14300,P1,BASE,150.00,155.02,203,F,64108,31.7000
14310,P1,BASE,150.00,152.48,205,F,64169,31.6751
14320,P1,BASE,150.00,157.52,199,F,64232,31.5999
14330,P1,BASE,150.00,152.50,204,F,64293,31.5749
14340,P1,BASE,150.00,150.00,207,F,64353,31.5749
14350,P1,BASE,150.00,147.51,210,F,64412,31.5998
14360,P1,BASE,150.00,147.47,210,F,64471,31.6251
14370,P1,BASE,150.00,152.53,204,F,64532,31.5998
14380,P1,BASE,150.00,164.95,191,F,64598,31.4503
14390,P1,BASE,150.00,152.50,203,F,64659,31.4253
14400,P1,BASE,150.00,139.99,217,F,64715,31.5254
14410,P1,BASE,150.00,137.51,220,F,64770,31.6503
14420,P1,BASE,150.00,152.50,205,F,64831,31.6253
14430,P1,BASE,150.00,154.94,202,F,64893,31.5759
14440,P1,BASE,150.00,152.56,204,F,64954,31.5503
14450,P1,BASE,150.00,152.52,204,F,65015,31.5251
14460,P1,BASE,150.00,149.99,207,F,65075,31.5253
14470,P1,BASE,150.00,152.48,204,F,65136,31.5005
14480,P1,BASE,150.00,147.51,209,F,65195,31.5253
14490,P1,BASE,150.00,150.03,207,F,65255,31.5250
14500,P1,BASE,150.00,150.00,207,F,65315,31.5250
14510,P1,BASE,150.00,152.48,204,F,65376,31.5002
14520,P1,BASE,150.00,152.50,204,F,65437,31.4752
14530,P1,BASE,150.00,150.01,206,F,65497,31.4750
14540,P1,BASE,150.00,150.01,206,F,65557,31.4749
14550,P1,BASE,150.00,144.99,212,F,65615,31.5250
14560,P1,BASE,150.00,144.99,212,F,65673,31.5751
14570,P1,BASE,150.00,150.03,207,F,65733,31.5748
14580,P1,BASE,150.00,145.00,212,F,65791,31.6248
14590,P1,BASE,150.00,147.50,210,F,65850,31.6498
14600,P1,BASE,150.00,147.46,210,F,65909,31.6753
14610,P1,BASE,150.00,150.03,208,F,65969,31.6750
14620,P1,BASE,150.00,152.47,205,F,66030,31.6503
14630,P1,BASE,150.00,147.50,210,F,66089,31.6753
14640,P1,BASE,150.00,147.51,210,F,66148,31.7001
14650,P1,BASE,150.00,145.00,213,F,66206,31.7501
14660,P1,BASE,150.00,145.03,213,F,66264,31.7999
14670,P1,BASE,150.00,152.50,206,F,66325,31.7749
14680,P1,BASE,150.00,149.97,208,F,66385,31.7752
14690,P1,BASE,150.00,152.50,205,F,66446,31.7502
14700,P1,BASE,150.00,154.97,203,F,66508,31.7005
14710,P1,BASE,150.00,152.56,205,F,66569,31.6749
14720,P1,BASE,150.00,154.95,202,F,66631,31.6253
14730,P1,BASE,150.00,152.55,204,F,66692,31.5999
14740,P1,BASE,150.00,149.99,207,F,66752,31.6000
14750,P1,BASE,150.00,150.01,207,F,66812,31.5999
14760,P1,BASE,150.00,147.50,210,F,66871,31.6249
14770,P1,BASE,150.00,149.97,207,F,66931,31.6252
14780,P1,BASE,150.00,167.53,188,F,66998,31.4498
14790,P1,BASE,150.00,152.47,203,F,67059,31.4251
14800,P1,BASE,150.00,137.53,219,F,67114,31.5499
14810,P1,BASE,150.00,137.46,220,F,67169,31.6753
14820,P1,BASE,150.00,155.03,202,F,67231,31.6250
14830,P1,BASE,150.00,154.98,202,F,67293,31.5751
14840,P1,BASE,150.00,152.47,204,F,67354,31.5504
14850,P1,BASE,150.00,152.53,204,F,67415,31.5251
14860,P1,BASE,150.00,150.00,207,F,67475,31.5251
14870,P1,BASE,150.00,152.53,204,F,67536,31.4998
14880,P1,BASE,150.00,147.44,209,F,67595,31.5254
14890,P1,BASE,150.00,150.05,207,F,67655,31.5249
14900,P1,BASE,150.00,149.96,207,F,67715,31.5254
14910,P1,BASE,150.00,152.47,204,F,67776,31.5007
14920,P1,BASE,150.00,152.59,204,F,67837,31.4748
14930,P1,BASE,150.00,149.97,206,F,67897,31.4751
14940,P1,BASE,150.00,147.50,209,F,67956,31.5001
14950,P1,BASE,150.00,147.50,209,F,68015,31.5251
14960,P1,BASE,150.00,145.01,212,F,68073,31.5749
14970,P1,BASE,150.00,147.47,210,F,68132,31.6002
14980,P1,BASE,150.00,147.54,210,F,68191,31.6248
14990,P1,BASE,150.00,147.46,210,F,68250,31.6502
15000,P1,BASE,150.00,145.01,213,F,68308,31.7001
15010,P1,BASE,80.00,152.48,183,F,68369,30.9752
15020,P1,BASE,80.00,152.55,153,F,68430,30.2498
15030,P1,BASE,80.00,144.97,128,F,68488,29.6001
15040,P1,BASE,80.00,142.49,126,F,68545,28.9752
15050,P1,BASE,80.00,137.49,128,F,68600,28.4004
15060,P1,BASE,80.00,135.05,126,F,68654,27.8498
15070,P1,BASE,80.00,134.96,123,F,68708,27.3002
15080,P1,BASE,80.00,130.03,125,F,68760,26.8000
15090,P1,BASE,80.00,132.50,119,F,68813,26.2750
15100,P1,BASE,80.00,124.96,123,F,68863,25.8253
15110,P1,BASE,80.00,127.51,118,F,68914,25.3502
15120,P1,BASE,80.00,122.50,120,F,68963,24.9252
15130,P1,BASE,80.00,122.52,117,F,69012,24.5000
15140,P1,BASE,80.00,117.46,120,F,69059,24.1253
15150,P1,BASE,80.00,117.51,117,F,69106,23.7502
15160,P1,BASE,80.00,110.01,123,F,69150,23.4501
15170,P1,BASE,80.00,107.51,124,F,69193,23.1750
15180,P1,BASE,80.00,105.01,125,F,69235,22.9249
15190,P1,BASE,80.00,102.50,126,F,69276,22.6999
15200,P1,BASE,80.00,99.96,127,F,69316,22.5003
15210,P1,BASE,80.00,107.51,117,F,69359,22.2252
15220,P1,BASE,80.00,110.02,113,F,69403,21.9249
15230,P1,BASE,80.00,97.49,125,F,69442,21.7500
15240,P1,BASE,80.00,90.02,131,F,69478,21.6499
15250,P1,BASE,80.00,85.00,136,F,69512,21.5999
15260,P1,BASE,80.00,84.98,136,F,69546,21.5500
15270,P1,BASE,80.00,82.52,138,F,69579,21.5249
15280,P1,BASE,80.00,89.97,130,F,69615,21.4251
15290,P1,BASE,80.00,87.52,132,F,69650,21.3500
15300,P1,BASE,80.00,84.98,134,F,69684,21.3001
15310,P1,BASE,80.00,87.53,131,F,69719,21.2249
15320,P1,BASE,80.00,82.48,136,F,69752,21.2000
15330,P1,BASE,80.00,79.99,139,F,69784,21.2001
15340,P1,BASE,80.00,82.51,136,F,69817,21.1750
15350,P1,BASE,80.00,79.98,139,F,69849,21.1752
15360,P1,BASE,80.00,77.52,141,F,69880,21.2000
15370,P1,BASE,80.00,79.98,139,F,69912,21.2002
15380,P1,BASE,80.00,77.51,141,F,69943,21.2251
15390,P1,BASE,80.00,75.02,144,F,69973,21.2749
15400,P1,BASE,80.00,74.99,145,F,70003,21.3250
15410,P1,BASE,80.00,72.49,148,F,70032,21.4001
15420,P1,BASE,80.00,72.51,148,F,70061,21.4750
15430,P1,BASE,80.00,75.00,146,F,70091,21.5250
15440,P1,BASE,80.00,72.51,149,F,70120,21.6000
15450,P1,BASE,80.00,74.99,147,F,70150,21.6501
15460,P1,BASE,80.00,72.52,150,F,70179,21.7249
15470,P1,BASE,80.00,72.50,150,F,70208,21.7999
15480,P1,BASE,80.00,72.48,151,F,70237,21.8751
15490,P1,BASE,80.00,72.51,151,F,70266,21.9500
15500,P1,BASE,80.00,70.01,154,F,70294,22.0499
15510,P1,BASE,80.00,72.49,152,F,70323,22.1251
15520,P1,BASE,80.00,67.50,158,F,70350,22.2501
15530,P1,BASE,80.00,70.01,156,F,70378,22.3500
15540,P1,BASE,80.00,69.99,157,F,70406,22.4501
15550,P1,BASE,80.00,67.51,160,F,70433,22.5749
15560,P1,BASE,80.00,69.98,159,F,70461,22.6751
15570,P1,BASE,80.00,70.02,159,F,70489,22.7749
15580,P1,BASE,80.00,69.99,160,F,70517,22.8750
15590,P1,BASE,80.00,72.50,158,F,70546,22.9500
15600,P1,BASE,80.00,67.50,164,F,70573,23.0750
15610,P1,BASE,80.00,72.49,159,F,70602,23.1501
15620,P1,BASE,80.00,69.99,162,F,70630,23.2501
15630,P1,BASE,80.00,72.50,160,F,70659,23.3251
15640,P1,BASE,80.00,70.01,164,F,70687,23.4251
15650,P1,BASE,80.00,72.50,161,F,70716,23.5001
15660,P1,BASE,80.00,72.49,162,F,70745,23.5751
15670,P1,BASE,80.00,72.49,162,F,70774,23.6502
15680,P1,BASE,80.00,77.52,158,F,70805,23.6750
15690,P1,BASE,80.00,74.99,160,F,70835,23.7251
15700,P1,BASE,80.00,72.51,163,F,70864,23.8001
15710,P1,BASE,80.00,75.00,161,F,70894,23.8501
15720,P1,BASE,80.00,72.50,164,F,70923,23.9251
15730,P1,BASE,80.00,72.50,165,F,70952,24.0001
15740,P1,BASE,80.00,72.51,165,F,70981,24.0750
15750,P1,BASE,80.00,72.51,166,F,71010,24.1499
15760,P1,BASE,80.00,74.99,164,F,71040,24.2001
15770,P1,BASE,80.00,72.49,167,F,71069,24.2752
15780,P1,BASE,80.00,77.52,162,F,71100,24.3001
15790,P1,BASE,80.00,77.45,162,F,71131,24.3255
15800,P1,BASE,80.00,72.54,167,F,71160,24.4002
15810,P1,BASE,80.00,77.52,162,F,71191,24.4249
15820,P1,BASE,80.00,75.00,165,F,71221,24.4749
15830,P1,BASE,80.00,74.98,166,F,71251,24.5252
15840,P1,BASE,80.00,77.52,163,F,71282,24.5500
15850,P1,BASE,80.00,77.49,163,F,71313,24.5751
15860,P1,BASE,80.00,77.49,164,F,71344,24.6002
15870,P1,BASE,80.00,77.52,164,F,71375,24.6249
15880,P1,BASE,80.00,79.98,161,F,71407,24.6252
15890,P1,BASE,80.00,77.52,164,F,71438,24.6500
15900,P1,BASE,80.00,77.49,164,F,71469,24.6751
15910,P1,BASE,80.00,77.50,164,F,71500,24.7001
15920,P1,BASE,80.00,77.50,164,F,71531,24.7251
15930,P1,BASE,80.00,77.52,165,F,71562,24.7499
15940,P1,BASE,80.00,74.98,167,F,71592,24.8001
15950,P1,BASE,80.00,77.50,165,F,71623,24.8251
15960,P1,BASE,80.00,77.51,165,F,71654,24.8501
15970,P1,BASE,80.00,77.49,165,F,71685,24.8752
15980,P1,BASE,80.00,77.50,166,F,71716,24.9002
15990,P1,BASE,80.00,82.49,160,F,71749,24.8752
16000,P1,BASE,80.00,92.51,149,F,71786,24.7501
16010,P1,BASE,80.00,82.52,159,F,71819,24.7250
16020,P1,BASE,80.00,77.49,165,F,71850,24.7501
16030,P1,BASE,80.00,77.48,165,F,71881,24.7752
16040,P1,BASE,80.00,80.00,162,F,71913,24.7752
16050,P1,BASE,80.00,75.03,168,F,71943,24.8249
16060,P1,BASE,80.00,69.99,173,F,71971,24.9250
16070,P1,BASE,80.00,80.00,163,F,72003,24.9250
16080,P1,BASE,80.00,82.51,160,F,72036,24.9000
16090,P1,BASE,80.00,79.98,163,F,72068,24.9001
16100,P1,BASE,80.00,82.52,160,F,72101,24.8749
16110,P1,BASE,80.00,79.98,163,F,72133,24.8750
16120,P1,BASE,80.00,82.51,160,F,72166,24.8500
16130,P1,BASE,80.00,82.48,160,F,72199,24.8251
16140,P1,BASE,80.00,82.49,160,F,72232,24.8002
16150,P1,BASE,80.00,80.02,162,F,72264,24.8000
16160,P1,BASE,80.00,82.49,160,F,72297,24.7751
16170,P1,BASE,80.00,80.02,162,F,72329,24.7750
16180,P1,BASE,80.00,82.50,160,F,72362,24.7500
16190,P1,BASE,80.00,77.48,165,F,72393,24.7751
16200,P1,BASE,80.00,82.52,159,F,72426,24.7500
16210,P1,BASE,80.00,77.49,165,F,72457,24.7750
16220,P1,BASE,80.00,82.51,159,F,72490,24.7499
16230,P1,BASE,80.00,80.00,162,F,72522,24.7499
16240,P1,BASE,80.00,79.99,162,F,72554,24.7500
16250,P1,BASE,80.00,82.52,159,F,72587,24.7249
16260,P1,BASE,80.00,82.48,159,F,72620,24.7001
16270,P1,BASE,80.00,80.02,162,F,72652,24.7000
16280,P1,BASE,80.00,79.98,162,F,72684,24.7001
16290,P1,BASE,80.00,80.01,162,F,72716,24.7000
16300,P1,BASE,80.00,77.52,164,F,72747,24.7249
16310,P1,BASE,80.00,79.99,162,F,72779,24.7250
16320,P1,BASE,80.00,77.51,165,F,72810,24.7499
16330,P1,BASE,80.00,77.48,165,F,72841,24.7750
16340,P1,BASE,80.00,77.52,165,F,72872,24.7999
16350,P1,BASE,80.00,79.97,162,F,72904,24.8002
16360,P1,BASE,80.00,77.52,165,F,72935,24.8250
16370,P1,BASE,80.00,77.49,165,F,72966,24.8500
16380,P1,BASE,80.00,77.50,165,F,72997,24.8750
16390,P1,BASE,80.00,79.99,163,F,73029,24.8751
16400,P1,BASE,80.00,77.52,166,F,73060,24.8999
16410,P1,BASE,80.00,77.50,166,F,73091,24.9249
16420,P1,BASE,80.00,79.98,163,F,73123,24.9251
16430,P1,BASE,80.00,77.52,166,F,73154,24.9499
16440,P1,BASE,80.00,82.47,161,F,73187,24.9252
16450,P1,BASE,80.00,82.51,160,F,73220,24.9001
16460,P1,BASE,80.00,80.01,163,F,73252,24.9001
16470,P1,BASE,80.00,77.52,166,F,73283,24.9249
16480,P1,BASE,80.00,79.98,163,F,73315,24.9251
16490,P1,BASE,80.00,77.52,166,F,73346,24.9499
16500,P1,BASE,80.00,77.48,166,F,73377,24.9751
16510,P1,BASE,80.00,77.50,166,F,73408,25.0001
16520,P1,BASE,80.00,80.01,164,F,73440,25.0001
16530,P1,BASE,80.00,77.52,166,F,73471,25.0249
16540,P1,BASE,80.00,79.97,164,F,73503,25.0252
16550,P1,BASE,80.00,82.51,161,F,73536,25.0002
16560,P1,BASE,80.00,77.51,166,F,73567,25.0251
16570,P1,BASE,80.00,82.52,161,F,73600,24.9999
16580,P1,BASE,80.00,77.50,166,F,73631,25.0249
16590,P1,BASE,80.00,79.98,164,F,73663,25.0251
16600,P1,BASE,80.00,79.99,164,F,73695,25.0252
16610,P1,BASE,80.00,82.50,161,F,73728,25.0002
16620,P1,BASE,80.00,82.48,161,F,73761,24.9753
16630,P1,BASE,80.00,82.54,161,F,73794,24.9499
16640,P1,BASE,80.00,79.98,163,F,73826,24.9501
16650,P1,BASE,80.00,79.99,163,F,73858,24.9501
16660,P1,BASE,80.00,82.52,161,F,73891,24.9250
16670,P1,BASE,80.00,80.00,163,F,73923,24.9250
16680,P1,BASE,80.00,77.48,166,F,73954,24.9501
16690,P1,BASE,80.00,80.02,163,F,73986,24.9499
16700,P1,BASE,80.00,79.97,163,F,74018,24.9502
16710,P1,BASE,80.00,77.51,166,F,74049,24.9751
16720,P1,BASE,80.00,80.02,164,F,74081,24.9750
16730,P1,BASE,80.00,80.00,164,F,74113,24.9750
16740,P1,BASE,80.00,82.50,161,F,74146,24.9500
16750,P1,BASE,80.00,94.99,147,F,74184,24.8001
16760,P1,BASE,80.00,85.01,157,F,74218,24.7500
16770,P1,BASE,80.00,77.50,165,F,74249,24.7750
16780,P1,BASE,80.00,79.98,162,F,74281,24.7751
16790,P1,BASE,80.00,79.99,162,F,74313,24.7752
16800,P1,BASE,80.00,77.52,165,F,74344,24.8000
16810,P1,BASE,80.00,70.00,173,F,74372,24.9000
16820,P1,BASE,80.00,80.00,163,F,74404,24.9000
16830,P1,BASE,80.00,84.99,158,F,74438,24.8501
16840,P1,BASE,80.00,79.99,163,F,74470,24.8502
16850,P1,BASE,80.00,85.01,157,F,74504,24.8001
16860,P1,BASE,80.00,79.99,162,F,74536,24.8002
16870,P1,BASE,80.00,84.98,157,F,74570,24.7503
16880,P1,BASE,80.00,80.02,162,F,74602,24.7501
16890,P1,BASE,80.00,84.97,157,F,74636,24.7004
16900,P1,BASE,80.00,80.04,162,F,74668,24.7000
16910,P1,BASE,80.00,82.50,159,F,74701,24.6750
16920,P1,BASE,80.00,82.51,159,F,74734,24.6499
16930,P1,BASE,80.00,79.97,161,F,74766,24.6503
16940,P1,BASE,80.00,80.03,161,F,74798,24.6499
16950,P1,BASE,80.00,79.98,161,F,74830,24.6502
16960,P1,BASE,80.00,80.00,161,F,74862,24.6502
16970,P1,BASE,80.00,80.01,161,F,74894,24.6501
16980,P1,BASE,80.00,82.51,159,F,74927,24.6250
16990,P1,BASE,80.00,80.01,161,F,74959,24.6249
17000,P1,BASE,80.00,82.49,159,F,74992,24.6000
17010,P1,BASE,80.00,79.98,161,F,75024,24.6003
17020,P1,BASE,80.00,82.53,158,F,75057,24.5749
17030,P1,BASE,80.00,77.48,164,F,75088,24.6001
17040,P1,BASE,80.00,80.00,161,F,75120,24.6001
17050,P1,BASE,80.00,77.50,164,F,75151,24.6251
17060,P1,BASE,80.00,80.02,161,F,75183,24.6249
17070,P1,BASE,80.00,77.45,164,F,75214,24.6505
17080,P1,BASE,80.00,77.54,164,F,75245,24.6751
17090,P1,BASE,80.00,77.52,164,F,75276,24.6999
17100,P1,BASE,80.00,77.49,164,F,75307,24.7250
17110,P1,BASE,80.00,79.99,162,F,75339,24.7251
17120,P1,BASE,80.00,74.99,167,F,75369,24.7752
17130,P1,BASE,80.00,80.02,162,F,75401,24.7749
17140,P1,BASE,80.00,77.48,165,F,75432,24.8001
17150,P1,BASE,80.00,77.52,165,F,75463,24.8249
17160,P1,BASE,80.00,77.50,165,F,75494,24.8499
17170,P1,BASE,80.00,79.99,163,F,75526,24.8500
17180,P1,BASE,80.00,79.99,163,F,75558,24.8501
17190,P1,BASE,80.00,79.99,163,F,75590,24.8502
17200,P1,BASE,80.00,82.51,160,F,75623,24.8251
17210,P1,BASE,80.00,80.02,163,F,75655,24.8249
17220,P1,BASE,80.00,77.48,165,F,75686,24.8501
17230,P1,BASE,80.00,82.52,160,F,75719,24.8250
17240,P1,BASE,80.00,75.01,168,F,75749,24.8749
17250,P1,BASE,80.00,77.48,166,F,75780,24.9001
17260,P1,BASE,80.00,77.52,166,F,75811,24.9249
17270,P1,BASE,80.00,79.99,163,F,75843,24.9250
17280,P1,BASE,80.00,77.48,166,F,75874,24.9501
17290,P1,BASE,80.00,82.52,161,F,75907,24.9249
17300,P1,BASE,80.00,79.98,163,F,75939,24.9251
17310,P1,BASE,80.00,77.50,166,F,75970,24.9501
17320,P1,BASE,80.00,82.51,161,F,76003,24.9251
17330,P1,BASE,80.00,77.52,166,F,76034,24.9499
17340,P1,BASE,80.00,79.99,163,F,76066,24.9500
17350,P1,BASE,80.00,82.51,161,F,76099,24.9249
17360,P1,BASE,80.00,79.97,163,F,76131,24.9252
17370,P1,BASE,80.00,80.03,163,F,76163,24.9249
17380,P1,BASE,80.00,85.00,158,F,76197,24.8749
17390,P1,BASE,80.00,79.99,163,F,76229,24.8750
17400,P1,BASE,80.00,80.01,163,F,76261,24.8749
17410,P1,BASE,80.00,82.49,160,F,76294,24.8500
17420,P1,BASE,80.00,80.00,163,F,76326,24.8500
17430,P1,BASE,80.00,79.96,163,F,76358,24.8504
17440,P1,BASE,80.00,77.55,165,F,76389,24.8749
17450,P1,BASE,80.00,79.98,163,F,76421,24.8751
17460,P1,BASE,80.00,80.02,163,F,76453,24.8749
17470,P1,BASE,80.00,79.99,163,F,76485,24.8750
17480,P1,BASE,80.00,79.99,163,F,76517,24.8751
17490,P1,BASE,80.00,82.50,160,F,76550,24.8501
17500,P1,BASE,80.00,95.02,146,F,76588,24.6999
17510,P1,BASE,80.00,85.00,156,F,76622,24.6499
17520,P1,BASE,80.00,77.49,164,F,76653,24.6750
17530,P1,BASE,80.00,79.99,162,F,76685,24.6750
17540,P1,BASE,80.00,80.02,162,F,76717,24.6749
17550,P1,BASE,80.00,74.97,167,F,76747,24.7252
17560,P1,BASE,80.00,72.51,170,F,76776,24.8000
17570,P1,BASE,80.00,82.51,160,F,76809,24.7750
17580,P1,BASE,80.00,82.50,160,F,76842,24.7500
17590,P1,BASE,80.00,79.98,162,F,76874,24.7501
17600,P1,BASE,80.00,84.99,157,F,76908,24.7002
17610,P1,BASE,80.00,82.53,159,F,76941,24.6749
17620,P1,BASE,80.00,82.48,159,F,76974,24.6500
17630,P1,BASE,80.00,82.51,159,F,77007,24.6250
17640,P1,BASE,80.00,82.48,159,F,77040,24.6002
17650,P1,BASE,80.00,80.03,161,F,77072,24.5999
17660,P1,BASE,80.00,82.48,158,F,77105,24.5750
17670,P1,BASE,80.00,79.99,161,F,77137,24.5751
17680,P1,BASE,80.00,80.00,161,F,77169,24.5751
17690,P1,BASE,80.00,82.52,158,F,77202,24.5499
17700,P1,BASE,80.00,79.98,161,F,77234,24.5500
17710,P1,BASE,80.00,77.49,163,F,77265,24.5751
17720,P1,BASE,80.00,82.51,158,F,77298,24.5500
17730,P1,BASE,80.00,82.50,158,F,77331,24.5250
17740,P1,BASE,80.00,77.52,163,F,77362,24.5499
17750,P1,BASE,80.00,84.98,155,F,77396,24.5001
17760,P1,BASE,80.00,80.02,160,F,77428,24.4999
17770,P1,BASE,80.00,79.99,160,F,77460,24.5000
17780,P1,BASE,80.00,77.51,163,F,77491,24.5249
17790,P1,BASE,80.00,82.50,158,F,77524,24.4999
17800,P1,BASE,80.00,77.48,163,F,77555,24.5250
17810,P1,BASE,80.00,77.52,163,F,77586,24.5499
17820,P1,BASE,80.00,77.49,163,F,77617,24.5750
17830,P1,BASE,80.00,77.48,164,F,77648,24.6001
17840,P1,BASE,80.00,77.51,164,F,77679,24.6250
17850,P1,BASE,80.00,77.52,164,F,77710,24.6499
17860,P1,BASE,80.00,79.98,161,F,77742,24.6501
17870,P1,BASE,80.00,75.02,167,F,77772,24.6999
17880,P1,BASE,80.00,80.00,162,F,77804,24.6999
17890,P1,BASE,80.00,77.48,164,F,77835,24.7251
17900,P1,BASE,80.00,77.50,165,F,77866,24.7501
17910,P1,BASE,80.00,77.49,165,F,77897,24.7751
17920,P1,BASE,80.00,80.01,162,F,77929,24.7751
17930,P1,BASE,80.00,77.52,165,F,77960,24.7999
17940,P1,BASE,80.00,82.48,160,F,77993,24.7751
17950,P1,BASE,80.00,82.52,159,F,78026,24.7499
17960,P1,BASE,80.00,79.98,162,F,78058,24.7501
17970,P1,BASE,80.00,77.51,165,F,78089,24.7750
17980,P1,BASE,80.00,80.01,162,F,78121,24.7749
17990,P1,BASE,80.00,77.50,165,F,78152,24.7999
18000,P1,BASE,80.00,75.00,168,F,78182,24.8499
18010,P1,BASE,0.00,80.00,138,F,78214,24.0499
18020,P1,BASE,0.00,77.48,108,F,78245,23.2751
18030,P1,BASE,0.00,77.49,78,F,78276,22.5001
18040,P1,BASE,0.00,75.01,66,F,78306,21.7500
18050,P1,BASE,0.00,72.51,64,F,78335,21.0249
18060,P1,BASE,0.00,64.98,67,F,78361,20.3751
18070,P1,BASE,0.00,67.51,60,F,78388,19.7000
18080,P1,BASE,0.00,62.49,61,F,78413,19.0751
18090,P1,BASE,0.00,55.00,65,F,78435,18.5251
18100,P1,BASE,0.00,55.01,62,F,78457,17.9751
18110,P1,BASE,0.00,50.01,63,F,78477,17.4750
18120,P1,BASE,0.00,50.00,60,F,78497,16.9750
18130,P1,BASE,0.00,45.00,62,F,78515,16.5250
18140,P1,BASE,0.00,42.50,62,F,78532,16.1000
18150,P1,BASE,0.00,37.49,65,F,78547,15.7251
18160,P1,BASE,0.00,35.01,65,F,78561,15.3750
18170,P1,BASE,0.00,32.49,65,F,78574,15.0501
18180,P1,BASE,0.00,32.50,63,F,78587,14.7251
18190,P1,BASE,0.00,25.01,69,F,78597,14.4750
18200,P1,BASE,0.00,25.00,67,F,78607,14.2251
18210,P1,BASE,0.00,22.50,69,F,78616,14.0001
18220,P1,BASE,0.00,17.50,72,F,78623,13.8251
18230,P1,BASE,0.00,17.50,71,F,78630,13.6501
18240,P1,BASE,0.00,15.00,73,F,78636,13.5000
18250,P1,BASE,0.00,12.50,75,F,78641,13.3751
18260,P1,BASE,0.00,10.00,77,F,78645,13.2750
18270,P1,BASE,0.00,7.50,79,F,78648,13.2001
18280,P1,BASE,0.00,7.50,78,F,78651,13.1250
18290,P1,BASE,0.00,5.00,80,F,78653,13.0751
18300,P1,BASE,0.00,2.50,83,F,78654,13.0500
18310,P1,BASE,0.00,2.50,83,F,78655,13.0251
18320,P1,BASE,0.00,2.50,82,F,78656,13.0001
18330,P1,BASE,0.00,2.50,82,F,78657,12.9751
18340,P1,BASE,0.00,2.50,82,F,78658,12.9501
18350,P1,BASE,0.00,0.00,85,F,78658,12.9501
18360,P1,BASE,0.00,0.00,85,F,78658,12.9501
18370,P1,BASE,0.00,0.00,85,F,78658,12.9501
18380,P1,BASE,0.00,0.00,85,F,78658,12.9501
18390,P1,BASE,0.00,0.00,85,F,78658,12.9501
18400,P1,BASE,0.00,0.00,85,F,78658,12.9501
18410,P1,BASE,0.00,0.00,85,F,78658,12.9501
18420,P1,BASE,0.00,0.00,85,F,78658,12.9501
18430,P1,BASE,0.00,0.00,85,F,78658,12.9501
18440,P1,BASE,0.00,0.00,85,F,78658,12.9501
18450,P1,BASE,0.00,0.00,85,F,78658,12.9501
18460,P1,BASE,0.00,0.00,85,F,78658,12.9501
18470,P1,BASE,0.00,0.00,85,F,78658,12.9501
18480,P1,BASE,0.00,0.00,85,F,78658,12.9501
18490,P1,BASE,0.00,0.00,85,F,78658,12.9501
18500,P1,BASE,0.00,0.00,85,F,78658,12.9501
18510,P1,BASE,0.00,0.00,85,F,78658,12.9501
18520,P1,BASE,0.00,0.00,85,F,78658,12.9501
18530,P1,BASE,0.00,0.00,85,F,78658,12.9501
18540,P1,BASE,0.00,0.00,85,F,78658,12.9501
18550,P1,BASE,0.00,0.00,85,F,78658,12.9501
18560,P1,BASE,0.00,0.00,85,F,78658,12.9501
18570,P1,BASE,0.00,0.00,85,F,78658,12.9501
18580,P1,BASE,0.00,0.00,85,F,78658,12.9501
18590,P1,BASE,0.00,0.00,85,F,78658,12.9501
18600,P1,BASE,0.00,0.00,85,F,78658,12.9501
18610,P1,BASE,0.00,0.00,85,F,78658,12.9501
18620,P1,BASE,0.00,0.00,85,F,78658,12.9501
18630,P1,BASE,0.00,0.00,85,F,78658,12.9501
18640,P1,BASE,0.00,0.00,85,F,78658,12.9501
18650,P1,BASE,0.00,0.00,85,F,78658,12.9501
18660,P1,BASE,0.00,0.00,85,F,78658,12.9501
18670,P1,BASE,0.00,0.00,85,F,78658,12.9501
18680,P1,BASE,0.00,0.00,85,F,78658,12.9501
18690,P1,BASE,0.00,0.00,85,F,78658,12.9501
18700,P1,BASE,0.00,0.00,85,F,78658,12.9501
18710,P1,BASE,0.00,0.00,85,F,78658,12.9501
18720,P1,BASE,0.00,0.00,85,F,78658,12.9501
18730,P1,BASE,0.00,0.00,85,F,78658,12.9501
18740,P1,BASE,0.00,0.00,85,F,78658,12.9501
18750,P1,BASE,0.00,0.00,85,F,78658,12.9501
18760,P1,BASE,0.00,0.00,85,F,78658,12.9501
18770,P1,BASE,0.00,0.00,85,F,78658,12.9501
18780,P1,BASE,0.00,0.00,85,F,78658,12.9501
18790,P1,BASE,0.00,0.00,85,F,78658,12.9501
18800,P1,BASE,0.00,0.00,85,F,78658,12.9501
18810,P1,BASE,0.00,0.00,85,F,78658,12.9501
18820,P1,BASE,0.00,0.00,85,F,78658,12.9501
18830,P1,BASE,0.00,0.00,85,F,78658,12.9501
18840,P1,BASE,0.00,0.00,85,F,78658,12.9501
18850,P1,BASE,0.00,0.00,85,F,78658,12.9501
18860,P1,BASE,0.00,0.00,85,F,78658,12.9501
18870,P1,BASE,0.00,0.00,85,F,78658,12.9501
18880,P1,BASE,0.00,0.00,85,F,78658,12.9501
18890,P1,BASE,0.00,0.00,85,F,78658,12.9501
18900,P1,BASE,0.00,0.00,85,F,78658,12.9501
18910,P1,BASE,0.00,0.00,85,F,78658,12.9501
18920,P1,BASE,0.00,0.00,85,F,78658,12.9501
18930,P1,BASE,0.00,0.00,85,F,78658,12.9501
18940,P1,BASE,0.00,0.00,85,F,78658,12.9501
18950,P1,BASE,0.00,0.00,85,F,78658,12.9501
18960,P1,BASE,0.00,0.00,85,F,78658,12.9501
18970,P1,BASE,0.00,0.00,85,F,78658,12.9501
18980,P1,BASE,0.00,0.00,85,F,78658,12.9501
18990,P1,BASE,0.00,0.00,85,F,78658,12.9501
19000,P1,BASE,0.00,0.00,85,F,78658,12.9501
19010,P1,BASE,0.00,0.00,85,F,78658,12.9501
19020,P1,BASE,0.00,0.00,85,F,78658,12.9501
19030,P1,BASE,0.00,0.00,85,F,78658,12.9501
19040,P1,BASE,0.00,0.00,85,F,78658,12.9501
19050,P1,BASE,0.00,0.00,85,F,78658,12.9501
19060,P1,BASE,0.00,0.00,85,F,78658,12.9501
19070,P1,BASE,0.00,0.00,85,F,78658,12.9501
19080,P1,BASE,0.00,0.00,85,F,78658,12.9501
19090,P1,BASE,0.00,0.00,85,F,78658,12.9501
19100,P1,BASE,0.00,0.00,85,F,78658,12.9501
19110,P1,BASE,0.00,0.00,85,F,78658,12.9501
19120,P1,BASE,0.00,0.00,85,F,78658,12.9501
19130,P1,BASE,0.00,0.00,85,F,78658,12.9501
19140,P1,BASE,0.00,0.00,85,F,78658,12.9501
19150,P1,BASE,0.00,0.00,85,F,78658,12.9501
19160,P1,BASE,0.00,0.00,85,F,78658,12.9501
19170,P1,BASE,0.00,0.00,85,F,78658,12.9501
19180,P1,BASE,0.00,0.00,85,F,78658,12.9501
19190,P1,BASE,0.00,0.00,85,F,78658,12.9501
19200,P1,BASE,0.00,0.00,85,F,78658,12.9501
19210,P1,BASE,0.00,0.00,85,F,78658,12.9501
19220,P1,BASE,0.00,0.00,85,F,78658,12.9501
19230,P1,BASE,0.00,0.00,85,F,78658,12.9501
19240,P1,BASE,0.00,0.00,85,F,78658,12.9501
19250,P1,BASE,0.00,0.00,85,F,78658,12.9501
19260,P1,BASE,0.00,0.00,85,F,78658,12.9501
19270,P1,BASE,0.00,0.00,85,F,78658,12.9501
19280,P1,BASE,0.00,0.00,85,F,78658,12.9501
19290,P1,BASE,0.00,0.00,85,F,78658,12.9501
19300,P1,BASE,0.00,0.00,85,F,78658,12.9501
19310,P1,BASE,0.00,0.00,85,F,78658,12.9501
19320,P1,BASE,0.00,0.00,85,F,78658,12.9501
19330,P1,BASE,0.00,0.00,85,F,78658,12.9501
19340,P1,BASE,0.00,0.00,85,F,78658,12.9501
19350,P1,BASE,0.00,0.00,85,F,78658,12.9501
19360,P1,BASE,0.00,0.00,85,F,78658,12.9501
19370,P1,BASE,0.00,0.00,85,F,78658,12.9501
19380,P1,BASE,0.00,0.00,85,F,78658,12.9501
19390,P1,BASE,0.00,0.00,85,F,78658,12.9501
19400,P1,BASE,0.00,0.00,85,F,78658,12.9501
19410,P1,BASE,0.00,0.00,85,F,78658,12.9501
19420,P1,BASE,0.00,0.00,85,F,78658,12.9501
19430,P1,BASE,0.00,0.00,85,F,78658,12.9501
19440,P1,BASE,0.00,0.00,85,F,78658,12.9501
19450,P1,BASE,0.00,0.00,85,F,78658,12.9501
19460,P1,BASE,0.00,0.00,85,F,78658,12.9501
19470,P1,BASE,0.00,0.00,85,F,78658,12.9501
19480,P1,BASE,0.00,0.00,85,F,78658,12.9501
19490,P1,BASE,0.00,0.00,85,F,78658,12.9501
19500,P1,BASE,0.00,0.00,85,F,78658,12.9501
19510,P1,BASE,0.00,0.00,85,F,78658,12.9501
19520,P1,BASE,0.00,0.00,85,F,78658,12.9501
19530,P1,BASE,0.00,0.00,85,F,78658,12.9501
19540,P1,BASE,0.00,0.00,85,F,78658,12.9501
19550,P1,BASE,0.00,0.00,85,F,78658,12.9501
19560,P1,BASE,0.00,0.00,85,F,78658,12.9501
19570,P1,BASE,0.00,0.00,85,F,78658,12.9501
19580,P1,BASE,0.00,0.00,85,F,78658,12.9501
19590,P1,BASE,0.00,0.00,85,F,78658,12.9501
19600,P1,BASE,0.00,0.00,85,F,78658,12.9501
19610,P1,BASE,0.00,0.00,85,F,78658,12.9501
19620,P1,BASE,0.00,0.00,85,F,78658,12.9501
19630,P1,BASE,0.00,0.00,85,F,78658,12.9501
19640,P1,BASE,0.00,0.00,85,F,78658,12.9501
19650,P1,BASE,0.00,0.00,85,F,78658,12.9501
19660,P1,BASE,0.00,0.00,85,F,78658,12.9501
19670,P1,BASE,0.00,0.00,85,F,78658,12.9501
19680,P1,BASE,0.00,0.00,85,F,78658,12.9501
19690,P1,BASE,0.00,0.00,85,F,78658,12.9501
19700,P1,BASE,0.00,0.00,85,F,78658,12.9501
19710,P1,BASE,0.00,0.00,85,F,78658,12.9501
19720,P1,BASE,0.00,0.00,85,F,78658,12.9501
19730,P1,BASE,0.00,0.00,85,F,78658,12.9501
19740,P1,BASE,0.00,0.00,85,F,78658,12.9501
19750,P1,BASE,0.00,0.00,85,F,78658,12.9501
19760,P1,BASE,0.00,0.00,85,F,78658,12.9501
19770,P1,BASE,0.00,0.00,85,F,78658,12.9501
19780,P1,BASE,0.00,0.00,85,F,78658,12.9501
19790,P1,BASE,0.00,0.00,85,F,78658,12.9501
19800,P1,BASE,0.00,0.00,85,F,78658,12.9501
19810,P1,BASE,0.00,0.00,85,F,78658,12.9501
19820,P1,BASE,0.00,0.00,85,F,78658,12.9501
19830,P1,BASE,0.00,0.00,85,F,78658,12.9501
19840,P1,BASE,0.00,0.00,85,F,78658,12.9501
19850,P1,BASE,0.00,0.00,85,F,78658,12.9501
19860,P1,BASE,0.00,0.00,85,F,78658,12.9501
19870,P1,BASE,0.00,0.00,85,F,78658,12.9501
19880,P1,BASE,0.00,0.00,85,F,78658,12.9501
19890,P1,BASE,0.00,0.00,85,F,78658,12.9501
19900,P1,BASE,0.00,0.00,85,F,78658,12.9501
19910,P1,BASE,0.00,0.00,85,F,78658,12.9501
19920,P1,BASE,0.00,0.00,85,F,78658,12.9501
19930,P1,BASE,0.00,0.00,85,F,78658,12.9501
19940,P1,BASE,0.00,0.00,85,F,78658,12.9501
19950,P1,BASE,0.00,0.00,85,F,78658,12.9501
19960,P1,BASE,0.00,0.00,85,F,78658,12.9501
19970,P1,BASE,0.00,0.00,85,F,78658,12.9501
19980,P1,BASE,0.00,0.00,85,F,78658,12.9501
19990,P1,BASE,0.00,0.00,85,F,78658,12.9501
20000,P1,BASE,0.00,0.00,85,F,78658,12.9501
20010,P1,BASE,0.00,0.00,85,F,78658,12.9501
20020,P1,BASE,0.00,0.00,85,F,78658,12.9501
20030,P1,BASE,0.00,0.00,85,F,78658,12.9501
20040,P1,BASE,0.00,0.00,85,F,78658,12.9501
20050,P1,BASE,0.00,0.00,85,F,78658,12.9501
20060,P1,BASE,0.00,0.00,85,F,78658,12.9501
20070,P1,BASE,0.00,0.00,85,F,78658,12.9501
20080,P1,BASE,0.00,0.00,85,F,78658,12.9501
20090,P1,BASE,0.00,0.00,85,F,78658,12.9501
20100,P1,BASE,0.00,0.00,85,F,78658,12.9501
20110,P1,BASE,0.00,0.00,85,F,78658,12.9501
20120,P1,BASE,0.00,0.00,85,F,78658,12.9501
20130,P1,BASE,0.00,0.00,85,F,78658,12.9501
20140,P1,BASE,0.00,0.00,85,F,78658,12.9501
20150,P1,BASE,0.00,0.00,85,F,78658,12.9501
20160,P1,BASE,0.00,0.00,85,F,78658,12.9501
20170,P1,BASE,0.00,0.00,85,F,78658,12.9501
20180,P1,BASE,0.00,0.00,85,F,78658,12.9501
20190,P1,BASE,0.00,0.00,85,F,78658,12.9501
20200,P1,BASE,0.00,0.00,85,F,78658,12.9501
20210,P1,BASE,0.00,0.00,85,F,78658,12.9501
20220,P1,BASE,0.00,0.00,85,F,78658,12.9501
20230,P1,BASE,0.00,0.00,85,F,78658,12.9501
20240,P1,BASE,0.00,0.00,85,F,78658,12.9501
20250,P1,BASE,0.00,0.00,85,F,78658,12.9501
20260,P1,BASE,0.00,0.00,85,F,78658,12.9501
20270,P1,BASE,0.00,0.00,85,F,78658,12.9501
20280,P1,BASE,0.00,0.00,85,F,78658,12.9501
20290,P1,BASE,0.00,0.00,85,F,78658,12.9501
20300,P1,BASE,0.00,0.00,85,F,78658,12.9501
20310,P1,BASE,0.00,0.00,85,F,78658,12.9501
20320,P1,BASE,0.00,0.00,85,F,78658,12.9501
20330,P1,BASE,0.00,0.00,85,F,78658,12.9501
20340,P1,BASE,0.00,0.00,85,F,78658,12.9501
20350,P1,BASE,0.00,0.00,85,F,78658,12.9501
20360,P1,BASE,0.00,0.00,85,F,78658,12.9501
20370,P1,BASE,0.00,0.00,85,F,78658,12.9501
20380,P1,BASE,0.00,0.00,85,F,78658,12.9501
20390,P1,BASE,0.00,0.00,85,F,78658,12.9501
20400,P1,BASE,0.00,0.00,85,F,78658,12.9501
20410,P1,BASE,0.00,0.00,85,F,78658,12.9501
20420,P1,BASE,0.00,0.00,85,F,78658,12.9501
20430,P1,BASE,0.00,0.00,85,F,78658,12.9501
20440,P1,BASE,0.00,0.00,85,F,78658,12.9501
20450,P1,BASE,0.00,0.00,85,F,78658,12.9501
20460,P1,BASE,0.00,0.00,85,F,78658,12.9501
20470,P1,BASE,0.00,0.00,85,F,78658,12.9501
20480,P1,BASE,0.00,0.00,85,F,78658,12.9501
20490,P1,BASE,0.00,0.00,85,F,78658,12.9501
20500,P1,BASE,0.00,0.00,85,F,78658,12.9501
20510,P1,BASE,0.00,0.00,85,F,78658,12.9501
20520,P1,BASE,0.00,0.00,85,F,78658,12.9501
20530,P1,BASE,0.00,0.00,85,F,78658,12.9501
20540,P1,BASE,0.00,0.00,85,F,78658,12.9501
20550,P1,BASE,0.00,0.00,85,F,78658,12.9501
20560,P1,BASE,0.00,0.00,85,F,78658,12.9501
20570,P1,BASE,0.00,0.00,85,F,78658,12.9501
20580,P1,BASE,0.00,0.00,85,F,78658,12.9501
20590,P1,BASE,0.00,0.00,85,F,78658,12.9501
20600,P1,BASE,0.00,0.00,85,F,78658,12.9501
20610,P1,BASE,0.00,0.00,85,F,78658,12.9501
20620,P1,BASE,0.00,0.00,85,F,78658,12.9501
20630,P1,BASE,0.00,0.00,85,F,78658,12.9501
20640,P1,BASE,0.00,0.00,85,F,78658,12.9501
20650,P1,BASE,0.00,0.00,85,F,78658,12.9501
20660,P1,BASE,0.00,0.00,85,F,78658,12.9501
20670,P1,BASE,0.00,0.00,85,F,78658,12.9501
20680,P1,BASE,0.00,0.00,85,F,78658,12.9501
20690,P1,BASE,0.00,0.00,85,F,78658,12.9501
20700,P1,BASE,0.00,0.00,85,F,78658,12.9501
20710,P1,BASE,0.00,0.00,85,F,78658,12.9501
20720,P1,BASE,0.00,0.00,85,F,78658,12.9501
20730,P1,BASE,0.00,0.00,85,F,78658,12.9501
20740,P1,BASE,0.00,0.00,85,F,78658,12.9501
20750,P1,BASE,0.00,0.00,85,F,78658,12.9501
20760,P1,BASE,0.00,0.00,85,F,78658,12.9501
20770,P1,BASE,0.00,0.00,85,F,78658,12.9501
20780,P1,BASE,0.00,0.00,85,F,78658,12.9501
20790,P1,BASE,0.00,0.00,85,F,78658,12.9501
20800,P1,BASE,0.00,0.00,85,F,78658,12.9501
20810,P1,BASE,0.00,0.00,85,F,78658,12.9501
20820,P1,BASE,0.00,0.00,85,F,78658,12.9501
20830,P1,BASE,0.00,0.00,85,F,78658,12.9501
20840,P1,BASE,0.00,0.00,85,F,78658,12.9501
20850,P1,BASE,0.00,0.00,85,F,78658,12.9501
20860,P1,BASE,0.00,0.00,85,F,78658,12.9501
20870,P1,BASE,0.00,0.00,85,F,78658,12.9501
20880,P1,BASE,0.00,0.00,85,F,78658,12.9501
20890,P1,BASE,0.00,0.00,85,F,78658,12.9501
20900,P1,BASE,0.00,0.00,85,F,78658,12.9501
20910,P1,BASE,0.00,0.00,85,F,78658,12.9501
20920,P1,BASE,0.00,0.00,85,F,78658,12.9501
20930,P1,BASE,0.00,0.00,85,F,78658,12.9501
20940,P1,BASE,0.00,0.00,85,F,78658,12.9501
20950,P1,BASE,0.00,0.00,85,F,78658,12.9501
20960,P1,BASE,0.00,0.00,85,F,78658,12.9501
20970,P1,BASE,0.00,0.00,85,F,78658,12.9501
20980,P1,BASE,0.00,0.00,85,F,78658,12.9501
20990,P1,BASE,0.00,0.00,85,F,78658,12.9501
21000,P1,BASE,0.00,0.00,85,F,78658,12.9501
21010,P1,BASE,-80.00,0.00,55,F,78658,12.1501
21020,P1,BASE,-80.00,0.00,25,F,78658,11.3501
21030,P1,BASE,-80.00,0.00,-4,R,78658,10.5501
21040,P1,BASE,-80.00,0.00,-17,R,78658,9.7501
21050,P1,BASE,-80.00,0.00,-22,R,78658,8.9501
21060,P1,BASE,-80.00,0.00,-27,R,78658,8.1501
21070,P1,BASE,-80.00,0.00,-33,R,78658,7.3501
21080,P1,BASE,-80.00,0.00,-38,R,78658,6.5501
21090,P1,BASE,-80.00,0.00,-43,R,78658,5.7501
21100,P1,BASE,-80.00,0.00,-48,R,78658,4.9501
21110,P1,BASE,-80.00,0.00,-54,R,78658,4.1501
21120,P1,BASE,-80.00,0.00,-59,R,78658,3.3501
21130,P1,BASE,-80.00,0.00,-64,R,78658,2.5501
21140,P1,BASE,-80.00,0.00,-69,R,78658,1.7501
21150,P1,BASE,-80.00,0.00,-75,R,78658,0.9501
21160,P1,BASE,-80.00,0.00,-80,R,78658,0.1501
21170,P1,BASE,-80.00,0.00,-85,R,78658,-0.6499
21180,P1,BASE,-80.00,0.00,-90,R,78658,-1.4499
21190,P1,BASE,-80.00,0.00,-96,R,78658,-2.2499
21200,P1,BASE,-80.00,0.00,-101,R,78658,-3.0499
21210,P1,BASE,-80.00,0.00,-106,R,78658,-3.8499
21220,P1,BASE,-80.00,0.00,-111,R,78658,-4.6499
21230,P1,BASE,-80.00,0.00,-117,R,78658,-5.4499
21240,P1,BASE,-80.00,0.00,-122,R,78658,-6.2499
21250,P1,BASE,-80.00,0.00,-127,R,78658,-7.0499
21260,P1,BASE,-80.00,0.00,-132,R,78658,-7.8499
21270,P1,BASE,-80.00,0.00,-138,R,78658,-8.6499
21280,P1,BASE,-80.00,0.00,-143,R,78658,-9.4499
21290,P1,BASE,-80.00,0.00,-148,R,78658,-10.2499
21300,P1,BASE,-80.00,0.00,-153,R,78658,-11.0499
21310,P1,BASE,-80.00,0.00,-159,R,78658,-11.8499
21320,P1,BASE,-80.00,0.00,-164,R,78658,-12.6499
21330,P1,BASE,-80.00,-2.50,-167,R,78657,-13.4249
21340,P1,BASE,-80.00,-20.00,-153,R,78649,-14.0250
21350,P1,BASE,-80.00,-22.50,-154,R,78640,-14.6000
21360,P1,BASE,-80.00,-27.51,-152,R,78629,-15.1250
21370,P1,BASE,-80.00,-27.50,-156,R,78618,-15.6500
21380,P1,BASE,-80.00,-30.00,-156,R,78606,-16.1500
21390,P1,BASE,-80.00,-32.50,-157,R,78593,-16.6250
21400,P1,BASE,-80.00,-32.50,-160,R,78580,-17.1000
21410,P1,BASE,-80.00,-35.01,-161,R,78566,-17.5499
21420,P1,BASE,-80.00,-34.99,-164,R,78552,-18.0000
21430,P1,BASE,-80.00,-40.02,-161,R,78536,-18.3999
21440,P1,BASE,-80.00,-40.00,-164,R,78520,-18.7999
21450,P1,BASE,-80.00,-42.50,-164,R,78503,-19.1749
21460,P1,BASE,-80.00,-45.00,-163,R,78485,-19.5249
21470,P1,BASE,-80.00,-44.99,-166,R,78467,-19.8750
21480,P1,BASE,-80.00,-47.50,-165,R,78448,-20.2001
21490,P1,BASE,-80.00,-47.52,-167,R,78429,-20.5249
21500,P1,BASE,-80.00,-47.50,-170,R,78410,-20.8499
21510,P1,BASE,-80.00,-52.50,-166,R,78389,-21.1249
21520,P1,BASE,-80.00,-55.00,-165,R,78367,-21.3749
21530,P1,BASE,-80.00,-55.00,-167,R,78345,-21.6249
21540,P1,BASE,-80.00,-57.51,-166,R,78322,-21.8499
21550,P1,BASE,-80.00,-57.50,-167,R,78299,-22.0749
21560,P1,BASE,-80.00,-60.00,-166,R,78275,-22.2749
21570,P1,BASE,-80.00,-57.48,-170,R,78252,-22.5000
21580,P1,BASE,-80.00,-57.50,-172,R,78229,-22.7250
21590,P1,BASE,-80.00,-65.02,-165,R,78203,-22.8748
21600,P1,BASE,-80.00,-62.49,-169,R,78178,-23.0500
21610,P1,BASE,-80.00,-62.49,-170,R,78153,-23.2250
21620,P1,BASE,-80.00,-64.99,-168,R,78127,-23.3751
21630,P1,BASE,-80.00,-65.01,-169,R,78101,-23.5250
21640,P1,BASE,-80.00,-67.52,-168,R,78074,-23.6498
21650,P1,BASE,-80.00,-62.49,-174,R,78049,-23.8249
21660,P1,BASE,-80.00,-67.51,-170,R,78022,-23.9498
21670,P1,BASE,-80.00,-67.49,-170,R,77995,-24.0749
21680,P1,BASE,-80.00,-69.99,-168,R,77967,-24.1750
21690,P1,BASE,-80.00,-67.49,-172,R,77940,-24.3000
21700,P1,BASE,-80.00,-70.02,-170,R,77912,-24.3998
21710,P1,BASE,-80.00,-67.49,-173,R,77885,-24.5249
21720,P1,BASE,-80.00,-69.99,-171,R,77857,-24.6250
21730,P1,BASE,-80.00,-67.51,-175,R,77830,-24.7500
21740,P1,BASE,-80.00,-70.01,-173,R,77802,-24.8499
21750,P1,BASE,-80.00,-69.99,-174,R,77774,-24.9500
21760,P1,BASE,-80.00,-72.51,-171,R,77745,-25.0249
21770,P1,BASE,-80.00,-75.00,-169,R,77715,-25.0749
21780,P1,BASE,-80.00,-72.51,-172,R,77686,-25.1498
21790,P1,BASE,-80.00,-72.50,-173,R,77657,-25.2248
21800,P1,BASE,-80.00,-74.98,-171,R,77627,-25.2750
21810,P1,BASE,-80.00,-75.00,-171,R,77597,-25.3250
21820,P1,BASE,-80.00,-75.02,-171,R,77567,-25.3748
21830,P1,BASE,-80.00,-75.00,-172,R,77537,-25.4248
21840,P1,BASE,-80.00,-75.00,-172,R,77507,-25.4748
21850,P1,BASE,-80.00,-77.47,-170,R,77476,-25.5001
21860,P1,BASE,-80.00,-75.01,-172,R,77446,-25.5500
21870,P1,BASE,-80.00,-80.01,-167,R,77414,-25.5499
21880,P1,BASE,-80.00,-74.99,-173,R,77384,-25.6000
21890,P1,BASE,-80.00,-77.49,-170,R,77353,-25.6250
21900,P1,BASE,-80.00,-77.52,-170,R,77322,-25.6499
21910,P1,BASE,-80.00,-74.99,-173,R,77292,-25.7000
21920,P1,BASE,-80.00,-77.52,-171,R,77261,-25.7249
21930,P1,BASE,-80.00,-75.01,-174,R,77231,-25.7748
21940,P1,BASE,-80.00,-77.48,-172,R,77200,-25.8000
21950,P1,BASE,-80.00,-77.49,-172,R,77169,-25.8250
21960,P1,BASE,-80.00,-77.52,-172,R,77138,-25.8499
21970,P1,BASE,-80.00,-79.99,-169,R,77106,-25.8500
21980,P1,BASE,-80.00,-77.49,-172,R,77075,-25.8750
21990,P1,BASE,-80.00,-77.51,-172,R,77044,-25.9000
22000,P1,BASE,-80.00,-82.48,-167,R,77011,-25.8751
22010,P1,BASE,-80.00,-77.52,-172,R,76980,-25.9000
22020,P1,BASE,-80.00,-82.52,-167,R,76947,-25.8748
22030,P1,BASE,-80.00,-77.50,-172,R,76916,-25.8998
22040,P1,BASE,-80.00,-82.50,-167,R,76883,-25.8748
22050,P1,BASE,-80.00,-77.48,-172,R,76852,-25.9000
22060,P1,BASE,-80.00,-82.52,-167,R,76819,-25.8749
22070,P1,BASE,-80.00,-82.48,-167,R,76786,-25.8500
22080,P1,BASE,-80.00,-82.51,-167,R,76753,-25.8250
22090,P1,BASE,-80.00,-79.98,-169,R,76721,-25.8251
22100,P1,BASE,-80.00,-85.03,-164,R,76687,-25.7748
22110,P1,BASE,-80.00,-80.00,-169,R,76655,-25.7748
22120,P1,BASE,-80.00,-79.98,-169,R,76623,-25.7750
22130,P1,BASE,-80.00,-82.50,-166,R,76590,-25.7500
22140,P1,BASE,-80.00,-80.00,-169,R,76558,-25.7500
22150,P1,BASE,-80.00,-84.99,-163,R,76524,-25.7001
22160,P1,BASE,-80.00,-80.03,-168,R,76492,-25.6998
22170,P1,BASE,-80.00,-82.47,-166,R,76459,-25.6751
22180,P1,BASE,-80.00,-82.47,-165,R,76426,-25.6504
22190,P1,BASE,-80.00,-82.56,-165,R,76393,-25.6249
22200,P1,BASE,-80.00,-82.50,-165,R,76360,-25.5999
22210,P1,BASE,-80.00,-82.49,-165,R,76327,-25.5749
22220,P1,BASE,-80.00,-82.50,-165,R,76294,-25.5499
22230,P1,BASE,-80.00,-82.48,-165,R,76261,-25.5251
22240,P1,BASE,-80.00,-82.51,-164,R,76228,-25.5000
22250,P1,BASE,-80.00,-85.02,-162,R,76194,-25.4499
22260,P1,BASE,-80.00,-82.49,-164,R,76161,-25.4249
22270,P1,BASE,-80.00,-82.49,-164,R,76128,-25.4000
22280,P1,BASE,-80.00,-82.52,-164,R,76095,-25.3749
22290,P1,BASE,-80.00,-82.49,-163,R,76062,-25.3499
22300,P1,BASE,-80.00,-79.99,-166,R,76030,-25.3500
22310,P1,BASE,-80.00,-79.99,-166,R,75998,-25.3501
22320,P1,BASE,-80.00,-82.50,-163,R,75965,-25.3251
22330,P1,BASE,-80.00,-82.53,-163,R,75932,-25.2998
22340,P1,BASE,-80.00,-82.49,-163,R,75899,-25.2748
22350,P1,BASE,-80.00,-85.00,-160,R,75865,-25.2248
22360,P1,BASE,-80.00,-82.50,-162,R,75832,-25.1999
22370,P1,BASE,-80.00,-82.51,-162,R,75799,-25.1748
22380,P1,BASE,-80.00,-82.47,-162,R,75766,-25.1501
22390,P1,BASE,-80.00,-82.53,-162,R,75733,-25.1248
22400,P1,BASE,-80.00,-79.98,-165,R,75701,-25.1250
22410,P1,BASE,-80.00,-79.99,-165,R,75669,-25.1251
22420,P1,BASE,-80.00,-82.47,-162,R,75636,-25.1004
22430,P1,BASE,-80.00,-82.55,-162,R,75603,-25.0749
22440,P1,BASE,-80.00,-82.47,-162,R,75570,-25.0503
22450,P1,BASE,-80.00,-80.04,-164,R,75538,-25.0499
22460,P1,BASE,-80.00,-82.51,-161,R,75505,-25.0248
22470,P1,BASE,-80.00,-79.98,-164,R,75473,-25.0250
22480,P1,BASE,-80.00,-80.01,-164,R,75441,-25.0249
22490,P1,BASE,-80.00,-80.00,-164,R,75409,-25.0249
22500,P1,BASE,-80.00,-82.49,-161,R,75376,-25.0000
22510,P1,BASE,-80.00,-77.52,-166,R,75345,-25.0249
22520,P1,BASE,-80.00,-84.98,-158,R,75311,-24.9750
22530,P1,BASE,-80.00,-80.01,-164,R,75279,-24.9750
22540,P1,BASE,-80.00,-82.51,-161,R,75246,-24.9499
22550,P1,BASE,-80.00,-84.93,-158,R,75212,-24.9005
22560,P1,BASE,-80.00,-80.06,-163,R,75180,-24.9000
22570,P1,BASE,-80.00,-82.51,-160,R,75147,-24.8749
22580,P1,BASE,-80.00,-82.48,-160,R,75114,-24.8501
22590,P1,BASE,-80.00,-85.01,-157,R,75080,-24.8000
22600,P1,BASE,-80.00,-80.02,-162,R,75048,-24.7998
22610,P1,BASE,-80.00,-84.99,-157,R,75014,-24.7499
22620,P1,BASE,-80.00,-82.51,-159,R,74981,-24.7248
22630,P1,BASE,-80.00,-79.98,-162,R,74949,-24.7251
22640,P1,BASE,-80.00,-82.51,-159,R,74916,-24.7000
22650,P1,BASE,-80.00,-80.02,-162,R,74884,-24.6998
22660,P1,BASE,-80.00,-79.98,-162,R,74852,-24.7001
22670,P1,BASE,-80.00,-80.02,-162,R,74820,-24.6998
22680,P1,BASE,-80.00,-80.00,-162,R,74788,-24.6998
22690,P1,BASE,-80.00,-80.00,-162,R,74756,-24.6998
22700,P1,BASE,-80.00,-82.50,-159,R,74723,-24.6748
22710,P1,BASE,-80.00,-79.98,-162,R,74691,-24.6750
22720,P1,BASE,-80.00,-82.51,-159,R,74658,-24.6499
22730,P1,BASE,-80.00,-79.98,-161,R,74626,-24.6501
22740,P1,BASE,-80.00,-84.99,-156,R,74592,-24.6002
22750,P1,BASE,-80.00,-80.01,-161,R,74560,-24.6001
22760,P1,BASE,-80.00,-82.46,-158,R,74527,-24.5755
22770,P1,BASE,-80.00,-80.06,-161,R,74495,-24.5748
22780,P1,BASE,-80.00,-80.00,-161,R,74463,-24.5748
22790,P1,BASE,-80.00,-82.48,-158,R,74430,-24.5501
22800,P1,BASE,-80.00,-82.50,-158,R,74397,-24.5251
22810,P1,BASE,-80.00,-82.52,-158,R,74364,-24.4999
22820,P1,BASE,-80.00,-79.98,-160,R,74332,-24.5001
22830,P1,BASE,-80.00,-82.51,-158,R,74299,-24.4750
22840,P1,BASE,-80.00,-80.01,-160,R,74267,-24.4749
22850,P1,BASE,-80.00,-82.49,-158,R,74234,-24.4500
22860,P1,BASE,-80.00,-80.01,-160,R,74202,-24.4499
22870,P1,BASE,-80.00,-79.98,-160,R,74170,-24.4501
22880,P1,BASE,-80.00,-80.01,-160,R,74138,-24.4500
22890,P1,BASE,-80.00,-82.48,-157,R,74105,-24.4252
22900,P1,BASE,-80.00,-80.01,-160,R,74073,-24.4251
22910,P1,BASE,-80.00,-80.02,-160,R,74041,-24.4249
22920,P1,BASE,-80.00,-79.99,-160,R,74009,-24.4249
22930,P1,BASE,-80.00,-79.98,-160,R,73977,-24.4251
22940,P1,BASE,-80.00,-80.02,-160,R,73945,-24.4249
22950,P1,BASE,-80.00,-79.98,-160,R,73913,-24.4252
22960,P1,BASE,-80.00,-82.51,-157,R,73880,-24.4001
22970,P1,BASE,-80.00,-80.01,-160,R,73848,-24.4000
22980,P1,BASE,-80.00,-82.48,-157,R,73815,-24.3752
22990,P1,BASE,-80.00,-80.00,-160,R,73783,-24.3752
23000,P1,BASE,-80.00,-80.02,-160,R,73751,-24.3749
23010,P1,BASE,-80.00,-80.00,-160,R,73719,-24.3749
23020,P1,BASE,-80.00,-80.00,-160,R,73687,-24.3749
23030,P1,BASE,-80.00,-77.48,-162,R,73656,-24.4001
23040,P1,BASE,-80.00,-77.52,-162,R,73625,-24.4249
23050,P1,BASE,-80.00,-79.98,-160,R,73593,-24.4252
23060,P1,BASE,-80.00,-77.53,-163,R,73562,-24.4499
23070,P1,BASE,-80.00,-80.00,-160,R,73530,-24.4499
23080,P1,BASE,-80.00,-79.98,-160,R,73498,-24.4500
23090,P1,BASE,-80.00,-82.50,-157,R,73465,-24.4250
23100,P1,BASE,-80.00,-79.97,-160,R,73433,-24.4253
23110,P1,BASE,-80.00,-80.04,-160,R,73401,-24.4249
23120,P1,BASE,-80.00,-79.98,-160,R,73369,-24.4252
23130,P1,BASE,-80.00,-77.52,-163,R,73338,-24.4500
23140,P1,BASE,-80.00,-77.49,-163,R,73307,-24.4751
23150,P1,BASE,-80.00,-80.02,-160,R,73275,-24.4749
23160,P1,BASE,-80.00,-77.47,-163,R,73244,-24.5002
23170,P1,BASE,-80.00,-82.53,-158,R,73211,-24.4748
23180,P1,BASE,-80.00,-77.48,-163,R,73180,-24.5000
23190,P1,BASE,-80.00,-80.00,-160,R,73148,-24.5000
23200,P1,BASE,-80.00,-80.02,-160,R,73116,-24.4998
23210,P1,BASE,-80.00,-79.98,-160,R,73084,-24.5000
23220,P1,BASE,-80.00,-77.51,-163,R,73053,-24.5249
23230,P1,BASE,-80.00,-77.48,-163,R,73022,-24.5501
23240,P1,BASE,-80.00,-77.52,-163,R,72991,-24.5749
23250,P1,BASE,-80.00,-77.49,-164,R,72960,-24.6000
23260,P1,BASE,-80.00,-80.00,-161,R,72928,-24.6000
23270,P1,BASE,-80.00,-79.99,-161,R,72896,-24.6001
23280,P1,BASE,-80.00,-80.01,-161,R,72864,-24.6000
23290,P1,BASE,-80.00,-80.02,-161,R,72832,-24.5998
23300,P1,BASE,-80.00,-82.50,-158,R,72799,-24.5748
23310,P1,BASE,-80.00,-79.99,-161,R,72767,-24.5749
23320,P1,BASE,-80.00,-79.98,-161,R,72735,-24.5752
23330,P1,BASE,-80.00,-80.02,-161,R,72703,-24.5750
23340,P1,BASE,-80.00,-82.52,-158,R,72670,-24.5498
23350,P1,BASE,-80.00,-79.99,-161,R,72638,-24.5499
23360,P1,BASE,-80.00,-82.49,-158,R,72605,-24.5250
23370,P1,BASE,-80.00,-79.99,-161,R,72573,-24.5251
23380,P1,BASE,-80.00,-80.02,-161,R,72541,-24.5248
23390,P1,BASE,-80.00,-79.97,-161,R,72509,-24.5252
23400,P1,BASE,-80.00,-80.02,-161,R,72477,-24.5249
23410,P1,BASE,-80.00,-79.99,-161,R,72445,-24.5250
23420,P1,BASE,-80.00,-77.49,-163,R,72414,-24.5501
23430,P1,BASE,-80.00,-80.01,-161,R,72382,-24.5500
23440,P1,BASE,-80.00,-77.52,-163,R,72351,-24.5748
23450,P1,BASE,-80.00,-82.48,-158,R,72318,-24.5500
23460,P1,BASE,-80.00,-79.96,-161,R,72286,-24.5504
23470,P1,BASE,-80.00,-80.06,-161,R,72254,-24.5498
23480,P1,BASE,-80.00,-80.00,-161,R,72222,-24.5498
23490,P1,BASE,-80.00,-82.48,-158,R,72189,-24.5250
23500,P1,BASE,-80.00,-77.51,-163,R,72158,-24.5499
23510,P1,BASE,-80.00,-82.51,-158,R,72125,-24.5249
23520,P1,BASE,-80.00,-79.98,-161,R,72093,-24.5251
23530,P1,BASE,-80.00,-80.00,-161,R,72061,-24.5251
23540,P1,BASE,-80.00,-80.02,-161,R,72029,-24.5249
23550,P1,BASE,-80.00,-82.50,-158,R,71996,-24.4999
23560,P1,BASE,-80.00,-79.99,-160,R,71964,-24.4999
23570,P1,BASE,-80.00,-82.51,-158,R,71931,-24.4749
23580,P1,BASE,-80.00,-82.46,-158,R,71898,-24.4503
23590,P1,BASE,-80.00,-80.03,-160,R,71866,-24.4499
23600,P1,BASE,-80.00,-80.01,-160,R,71834,-24.4499
23610,P1,BASE,-80.00,-79.98,-160,R,71802,-24.4501
23620,P1,BASE,-80.00,-80.02,-160,R,71770,-24.4499
23630,P1,BASE,-80.00,-79.99,-160,R,71738,-24.4500
23640,P1,BASE,-80.00,-80.01,-160,R,71706,-24.4499
23650,P1,BASE,-80.00,-80.01,-160,R,71674,-24.4499
23660,P1,BASE,-80.00,-79.98,-160,R,71642,-24.4501
23670,P1,BASE,-80.00,-80.02,-160,R,71610,-24.4499
23680,P1,BASE,-80.00,-79.98,-160,R,71578,-24.4502
23690,P1,BASE,-80.00,-80.03,-160,R,71546,-24.4499
23700,P1,BASE,-80.00,-77.49,-163,R,71515,-24.4749
23710,P1,BASE,-80.00,-82.48,-158,R,71482,-24.4501
23720,P1,BASE,-80.00,-80.02,-160,R,71450,-24.4499
23730,P1,BASE,-80.00,-82.48,-157,R,71417,-24.4252
23740,P1,BASE,-80.00,-80.02,-160,R,71385,-24.4250
23750,P1,BASE,-80.00,-79.99,-160,R,71353,-24.4251
23760,P1,BASE,-80.00,-80.01,-160,R,71321,-24.4250
23770,P1,BASE,-80.00,-80.00,-160,R,71289,-24.4250
23780,P1,BASE,-80.00,-77.50,-163,R,71258,-24.4500
23790,P1,BASE,-80.00,-77.50,-163,R,71227,-24.4750
23800,P1,BASE,-80.00,-79.98,-160,R,71195,-24.4752
23810,P1,BASE,-80.00,-80.03,-160,R,71163,-24.4749
23820,P1,BASE,-80.00,-77.48,-163,R,71132,-24.5001
23830,P1,BASE,-80.00,-82.52,-158,R,71099,-24.4749
23840,P1,BASE,-80.00,-80.00,-160,R,71067,-24.4749
23850,P1,BASE,-80.00,-79.98,-160,R,71035,-24.4751
23860,P1,BASE,-80.00,-80.02,-160,R,71003,-24.4749
23870,P1,BASE,-80.00,-80.01,-160,R,70971,-24.4749
23880,P1,BASE,-80.00,-79.97,-160,R,70939,-24.4752
23890,P1,BASE,-80.00,-77.52,-163,R,70908,-24.5000
23900,P1,BASE,-80.00,-79.99,-160,R,70876,-24.5001
23910,P1,BASE,-80.00,-77.52,-163,R,70845,-24.5249
23920,P1,BASE,-80.00,-79.99,-161,R,70813,-24.5250
23930,P1,BASE,-80.00,-79.98,-161,R,70781,-24.5251
23940,P1,BASE,-80.00,-80.02,-161,R,70749,-24.5250
23950,P1,BASE,-80.00,-80.01,-161,R,70717,-24.5249
23960,P1,BASE,-80.00,-77.50,-163,R,70686,-24.5499
23970,P1,BASE,-80.00,-79.98,-161,R,70654,-24.5500
23980,P1,BASE,-80.00,-77.51,-163,R,70623,-24.5750
23990,P1,BASE,-80.00,-77.48,-164,R,70592,-24.6001
24000,P1,BASE,-80.00,-77.51,-164,R,70561,-24.6250
24010,P1,BASE,-150.00,-80.02,-194,R,70529,-25.3249
24020,P1,BASE,-150.00,-82.49,-224,R,70496,-26.0000
24030,P1,BASE,-150.00,-89.98,-235,R,70460,-26.6001
24040,P1,BASE,-150.00,-102.52,-226,R,70419,-27.0749
24050,P1,BASE,-150.00,-107.50,-223,R,70376,-27.4999
24060,P1,BASE,-150.00,-120.00,-213,R,70328,-27.7999
24070,P1,BASE,-150.00,-124.99,-209,R,70278,-28.0501
24080,P1,BASE,-150.00,-130.01,-205,R,70226,-28.2499
24090,P1,BASE,-150.00,-132.51,-204,R,70173,-28.4248
24100,P1,BASE,-150.00,-134.97,-202,R,70119,-28.5751
24110,P1,BASE,-150.00,-132.49,-206,R,70066,-28.7502
24120,P1,BASE,-150.00,-135.00,-205,R,70012,-28.9002
24130,P1,BASE,-150.00,-137.50,-203,R,69957,-29.0252
24140,P1,BASE,-150.00,-137.50,-204,R,69902,-29.1502
24150,P1,BASE,-150.00,-139.99,-202,R,69846,-29.2503
24160,P1,BASE,-150.00,-142.51,-200,R,69789,-29.3252
24170,P1,BASE,-150.00,-137.50,-206,R,69734,-29.4502
24180,P1,BASE,-150.00,-140.03,-204,R,69678,-29.5499
24190,P1,BASE,-150.00,-139.96,-204,R,69622,-29.6503
24200,P1,BASE,-150.00,-140.03,-205,R,69566,-29.7501
24210,P1,BASE,-150.00,-145.03,-200,R,69508,-29.7998
24220,P1,BASE,-150.00,-142.47,-203,R,69451,-29.8750
24230,P1,BASE,-150.00,-140.00,-207,R,69395,-29.9750
24240,P1,BASE,-150.00,-142.50,-204,R,69338,-30.0500
24250,P1,BASE,-150.00,-142.49,-205,R,69281,-30.1252
24260,P1,BASE,-150.00,-145.03,-203,R,69223,-30.1749
24270,P1,BASE,-150.00,-145.00,-203,R,69165,-30.2249
24280,P1,BASE,-150.00,-147.50,-201,R,69106,-30.2499
24290,P1,BASE,-150.00,-147.49,-201,R,69047,-30.2750
24300,P1,BASE,-150.00,-147.47,-201,R,68988,-30.3003
24310,P1,BASE,-150.00,-145.00,-204,R,68930,-30.3503
24320,P1,BASE,-150.00,-145.06,-204,R,68872,-30.3998
24330,P1,BASE,-150.00,-142.47,-207,R,68815,-30.4750
24340,P1,BASE,-150.00,-142.50,-208,R,68758,-30.5500
24350,P1,BASE,-150.00,-150.01,-200,R,68698,-30.5499
24360,P1,BASE,-150.00,-145.01,-206,R,68640,-30.5997
24370,P1,BASE,-150.00,-144.96,-206,R,68582,-30.6502
24380,P1,BASE,-150.00,-145.01,-206,R,68524,-30.7000
24390,P1,BASE,-150.00,-142.50,-209,R,68467,-30.7750
24400,P1,BASE,-150.00,-147.47,-204,R,68408,-30.8003
24410,P1,BASE,-150.00,-145.01,-207,R,68350,-30.8502
24420,P1,BASE,-150.00,-147.49,-205,R,68291,-30.8753
24430,P1,BASE,-150.00,-142.51,-210,R,68234,-30.9502
24440,P1,BASE,-150.00,-145.00,-208,R,68176,-31.0002
24450,P1,BASE,-150.00,-147.51,-206,R,68117,-31.0250
24460,P1,BASE,-150.00,-149.97,-203,R,68057,-31.0253
24470,P1,BASE,-150.00,-150.00,-203,R,67997,-31.0253
24480,P1,BASE,-150.00,-150.05,-203,R,67937,-31.0249
24490,P1,BASE,-150.00,-152.45,-201,R,67876,-31.0004
24500,P1,BASE,-150.00,-152.55,-200,R,67815,-30.9749
24510,P1,BASE,-150.00,-149.97,-203,R,67755,-30.9752
24520,P1,BASE,-150.00,-150.00,-203,R,67695,-30.9752
24530,P1,BASE,-150.00,-147.50,-206,R,67636,-31.0002
24540,P1,BASE,-150.00,-147.54,-206,R,67577,-31.0248
24550,P1,BASE,-150.00,-147.44,-206,R,67518,-31.0503
24560,P1,BASE,-150.00,-147.56,-206,R,67459,-31.0748
24570,P1,BASE,-150.00,-149.99,-204,R,67399,-31.0749
24580,P1,BASE,-150.00,-149.99,-204,R,67339,-31.0751
24590,P1,BASE,-150.00,-145.00,-209,R,67281,-31.1251
24600,P1,BASE,-150.00,-150.03,-204,R,67221,-31.1248
24610,P1,BASE,-150.00,-147.47,-207,R,67162,-31.1500
24620,P1,BASE,-150.00,-150.01,-204,R,67102,-31.1499
24630,P1,BASE,-150.00,-149.97,-204,R,67042,-31.1502
24640,P1,BASE,-150.00,-147.51,-207,R,66983,-31.1750
24650,P1,BASE,-150.00,-147.49,-207,R,66924,-31.2002
24660,P1,BASE,-150.00,-150.00,-204,R,66864,-31.2002
24670,P1,BASE,-150.00,-150.01,-204,R,66804,-31.2000
24680,P1,BASE,-150.00,-152.50,-202,R,66743,-31.1750
24690,P1,BASE,-150.00,-150.00,-204,R,66683,-31.1750
24700,P1,BASE,-150.00,-152.50,-202,R,66622,-31.1500
24710,P1,BASE,-150.00,-150.03,-204,R,66562,-31.1497
24720,P1,BASE,-150.00,-152.38,-202,R,66501,-31.1260
24730,P1,BASE,-150.00,-145.12,-209,R,66443,-31.1748
24740,P1,BASE,-150.00,-147.44,-207,R,66384,-31.2004
24750,P1,BASE,-150.00,-147.56,-207,R,66325,-31.2248
24760,P1,BASE,-150.00,-152.47,-202,R,66264,-31.2001
24770,P1,BASE,-150.00,-147.50,-207,R,66205,-31.2251
24780,P1,BASE,-150.00,-147.51,-207,R,66146,-31.2500
24790,P1,BASE,-150.00,-147.50,-207,R,66087,-31.2750
24800,P1,BASE,-150.00,-147.51,-208,R,66028,-31.2998
24810,P1,BASE,-150.00,-147.50,-208,R,65969,-31.3248
24820,P1,BASE,-150.00,-149.99,-205,R,65909,-31.3250
24830,P1,BASE,-150.00,-147.49,-208,R,65850,-31.3501
24840,P1,BASE,-150.00,-145.00,-211,R,65792,-31.4001
24850,P1,BASE,-150.00,-147.53,-208,R,65733,-31.4248
24860,P1,BASE,-150.00,-152.45,-203,R,65672,-31.4003
24870,P1,BASE,-150.00,-152.53,-203,R,65611,-31.3750
24880,P1,BASE,-150.00,-152.50,-203,R,65550,-31.3500
24890,P1,BASE,-150.00,-155.00,-200,R,65488,-31.3000
24900,P1,BASE,-150.00,-152.50,-202,R,65427,-31.2750
24910,P1,BASE,-150.00,-152.50,-202,R,65366,-31.2500
24920,P1,BASE,-150.00,-150.01,-205,R,65306,-31.2498
24930,P1,BASE,-150.00,-149.96,-205,R,65246,-31.2503
24940,P1,BASE,-150.00,-147.53,-207,R,65187,-31.2750
24950,P1,BASE,-150.00,-149.99,-205,R,65127,-31.2751
24960,P1,BASE,-150.00,-150.01,-205,R,65067,-31.2750
24970,P1,BASE,-150.00,-149.96,-205,R,65007,-31.2754
24980,P1,BASE,-150.00,-150.05,-205,R,64947,-31.2750
24990,P1,BASE,-150.00,-147.51,-208,R,64888,-31.2998
25000,P1,BASE,-150.00,-149.97,-205,R,64828,-31.3001
25010,P1,BASE,-150.00,-149.99,-205,R,64768,-31.3003
25020,P1,BASE,-150.00,-150.03,-205,R,64708,-31.3000
25030,P1,BASE,-150.00,-150.01,-205,R,64648,-31.2998
25040,P1,BASE,-150.00,-150.00,-205,R,64588,-31.2998
25050,P1,BASE,-150.00,-147.50,-208,R,64529,-31.3248
25060,P1,BASE,-150.00,-150.00,-205,R,64469,-31.3248
25070,P1,BASE,-150.00,-152.41,-203,R,64408,-31.3007
25080,P1,BASE,-150.00,-150.03,-205,R,64348,-31.3004
25090,P1,BASE,-150.00,-152.52,-202,R,64287,-31.2753
25100,P1,BASE,-150.00,-152.53,-202,R,64226,-31.2500
25110,P1,BASE,-150.00,-150.01,-205,R,64166,-31.2498
25120,P1,BASE,-150.00,-152.45,-202,R,64105,-31.2253
25130,P1,BASE,-150.00,-147.54,-207,R,64046,-31.2499
25140,P1,BASE,-150.00,-147.50,-207,R,63987,-31.2749
25150,P1,BASE,-150.00,-147.47,-208,R,63928,-31.3001
25160,P1,BASE,-150.00,-152.47,-202,R,63867,-31.2755
25170,P1,BASE,-150.00,-147.53,-208,R,63808,-31.3002
25180,P1,BASE,-150.00,-147.50,-208,R,63749,-31.3252
25190,P1,BASE,-150.00,-149.97,-205,R,63689,-31.3255
25200,P1,BASE,-150.00,-147.54,-208,R,63630,-31.3500
25210,P1,BASE,-150.00,-147.47,-208,R,63571,-31.3753
25220,P1,BASE,-150.00,-150.05,-206,R,63511,-31.3749
25230,P1,BASE,-150.00,-147.50,-208,R,63452,-31.3999
25240,P1,BASE,-150.00,-147.49,-208,R,63393,-31.4250
25250,P1,BASE,-150.00,-147.51,-209,R,63334,-31.4499
25260,P1,BASE,-150.00,-152.36,-203,R,63273,-31.4262
25270,P1,BASE,-150.00,-152.61,-203,R,63212,-31.4002
25280,P1,BASE,-150.00,-152.42,-203,R,63151,-31.3759
25290,P1,BASE,-150.00,-152.59,-203,R,63090,-31.3500
25300,P1,BASE,-150.00,-152.45,-203,R,63029,-31.3255
25310,P1,BASE,-150.00,-155.02,-200,R,62967,-31.2753
25320,P1,BASE,-150.00,-150.00,-205,R,62907,-31.2753
25330,P1,BASE,-150.00,-150.00,-205,R,62847,-31.2753
25340,P1,BASE,-150.00,-147.50,-208,R,62788,-31.3003
25350,P1,BASE,-150.00,-150.03,-205,R,62728,-31.3000
25360,P1,BASE,-150.00,-149.99,-205,R,62668,-31.3002
25370,P1,BASE,-150.00,-152.53,-202,R,62607,-31.2749
25380,P1,BASE,-150.00,-149.96,-205,R,62547,-31.2753
25390,P1,BASE,-150.00,-145.00,-210,R,62489,-31.3253
25400,P1,BASE,-150.00,-150.01,-205,R,62429,-31.3252
25410,P1,BASE,-150.00,-150.03,-205,R,62369,-31.3249
25420,P1,BASE,-150.00,-149.96,-205,R,62309,-31.3253
25430,P1,BASE,-150.00,-150.03,-205,R,62249,-31.3250
25440,P1,BASE,-150.00,-147.51,-208,R,62190,-31.3499
25450,P1,BASE,-150.00,-149.96,-205,R,62130,-31.3503
25460,P1,BASE,-150.00,-149.99,-205,R,62070,-31.3505
25470,P1,BASE,-150.00,-150.00,-205,R,62010,-31.3505
25480,P1,BASE,-150.00,-152.53,-203,R,61949,-31.3252
25490,P1,BASE,-150.00,-152.52,-203,R,61888,-31.3000
25500,P1,BASE,-150.00,-150.01,-205,R,61828,-31.2999
25510,P1,BASE,-150.00,-152.45,-202,R,61767,-31.2753
25520,P1,BASE,-150.00,-152.50,-202,R,61706,-31.2503
25530,P1,BASE,-150.00,-147.51,-207,R,61647,-31.2752
25540,P1,BASE,-150.00,-147.53,-208,R,61588,-31.2999
25550,P1,BASE,-150.00,-147.47,-208,R,61529,-31.3252
25560,P1,BASE,-150.00,-152.53,-202,R,61468,-31.2999
25570,P1,BASE,-150.00,-147.49,-208,R,61409,-31.3250
25580,P1,BASE,-150.00,-147.51,-208,R,61350,-31.3499
25590,P1,BASE,-150.00,-147.50,-208,R,61291,-31.3749
25600,P1,BASE,-150.00,-149.97,-206,R,61231,-31.3752
25610,P1,BASE,-150.00,-147.51,-208,R,61172,-31.4000
25620,P1,BASE,-150.00,-149.99,-206,R,61112,-31.4002
25630,P1,BASE,-150.00,-147.53,-208,R,61053,-31.4249
25640,P1,BASE,-150.00,-147.47,-209,R,60994,-31.4502
25650,P1,BASE,-150.00,-147.47,-209,R,60935,-31.4755
25660,P1,BASE,-150.00,-152.53,-203,R,60874,-31.4502
25670,P1,BASE,-150.00,-152.50,-203,R,60813,-31.4252
25680,P1,BASE,-150.00,-152.48,-203,R,60752,-31.4003
25690,P1,BASE,-150.00,-152.53,-203,R,60691,-31.3750
25700,P1,BASE,-150.00,-155.00,-200,R,60629,-31.3250
25710,P1,BASE,-150.00,-152.52,-203,R,60568,-31.2998
25720,P1,BASE,-150.00,-149.96,-205,R,60508,-31.3003
25730,P1,BASE,-150.00,-149.99,-205,R,60448,-31.3004
25740,P1,BASE,-150.00,-147.50,-208,R,60389,-31.3254
25750,P1,BASE,-150.00,-150.05,-205,R,60329,-31.3250
25760,P1,BASE,-150.00,-150.01,-205,R,60269,-31.3248
25770,P1,BASE,-150.00,-149.99,-205,R,60209,-31.3250
25780,P1,BASE,-150.00,-150.01,-205,R,60149,-31.3248
25790,P1,BASE,-150.00,-147.50,-208,R,60090,-31.3498
25800,P1,BASE,-150.00,-149.99,-205,R,60030,-31.3500
25810,P1,BASE,-150.00,-149.99,-205,R,59970,-31.3501
25820,P1,BASE,-150.00,-149.99,-205,R,59910,-31.3503
25830,P1,BASE,-150.00,-150.01,-205,R,59850,-31.3501
25840,P1,BASE,-150.00,-147.50,-208,R,59791,-31.3751
25850,P1,BASE,-150.00,-150.01,-206,R,59731,-31.3750
25860,P1,BASE,-150.00,-149.97,-206,R,59671,-31.3753
25870,P1,BASE,-150.00,-150.00,-206,R,59611,-31.3753
25880,P1,BASE,-150.00,-152.52,-203,R,59550,-31.3501
25890,P1,BASE,-150.00,-152.50,-203,R,59489,-31.3251
25900,P1,BASE,-150.00,-152.50,-203,R,59428,-31.3001
25910,P1,BASE,-150.00,-152.48,-202,R,59367,-31.2753
25920,P1,BASE,-150.00,-150.00,-205,R,59307,-31.2753
25930,P1,BASE,-150.00,-147.53,-208,R,59248,-31.3000
25940,P1,BASE,-150.00,-147.51,-208,R,59189,-31.3249
25950,P1,BASE,-150.00,-147.47,-208,R,59130,-31.3502
25960,P1,BASE,-150.00,-155.00,-200,R,59068,-31.3002
25970,P1,BASE,-150.00,-147.51,-208,R,59009,-31.3250
25980,P1,BASE,-150.00,-147.47,-208,R,58950,-31.3503
25990,P1,BASE,-150.00,-147.50,-208,R,58891,-31.3753
26000,P1,BASE,-150.00,-147.54,-208,R,58832,-31.3999
26010,P1,BASE,-150.00,-149.97,-206,R,58772,-31.4002
26020,P1,BASE,-150.00,-149.99,-206,R,58712,-31.4003
26030,P1,BASE,-150.00,-147.53,-208,R,58653,-31.4250
26040,P1,BASE,-150.00,-144.97,-211,R,58595,-31.4753
26050,P1,BASE,-150.00,-150.03,-206,R,58535,-31.4750
26060,P1,BASE,-150.00,-150.01,-206,R,58475,-31.4748
26070,P1,BASE,-150.00,-152.48,-204,R,58414,-31.4500
26080,P1,BASE,-150.00,-152.47,-203,R,58353,-31.4253
26090,P1,BASE,-150.00,-155.00,-200,R,58291,-31.3753
26100,P1,BASE,-150.00,-152.53,-203,R,58230,-31.3500
26110,P1,BASE,-150.00,-154.98,-200,R,58168,-31.3002
26120,P1,BASE,-150.00,-150.00,-205,R,58108,-31.3002
26130,P1,BASE,-150.00,-149.97,-205,R,58048,-31.3005
26140,P1,BASE,-150.00,-147.53,-208,R,57989,-31.3252
26150,P1,BASE,-150.00,-147.49,-208,R,57930,-31.3503
26160,P1,BASE,-150.00,-150.01,-205,R,57870,-31.3502
26170,P1,BASE,-150.00,-152.48,-203,R,57809,-31.3253
26180,P1,BASE,-150.00,-150.00,-205,R,57749,-31.3253
26190,P1,BASE,-150.00,-147.51,-208,R,57690,-31.3502
26200,P1,BASE,-150.00,-147.50,-208,R,57631,-31.3752
26210,P1,BASE,-150.00,-149.97,-206,R,57571,-31.3755
26220,P1,BASE,-150.00,-152.52,-203,R,57510,-31.3503
26230,P1,BASE,-150.00,-150.03,-205,R,57450,-31.3500
26240,P1,BASE,-150.00,-149.96,-205,R,57390,-31.3505
26250,P1,BASE,-150.00,-147.50,-208,R,57331,-31.3755
26260,P1,BASE,-150.00,-150.05,-206,R,57271,-31.3750
26270,P1,BASE,-150.00,-150.01,-206,R,57211,-31.3749
26280,P1,BASE,-150.00,-152.47,-203,R,57150,-31.3502
26290,P1,BASE,-150.00,-152.41,-203,R,57089,-31.3261
26300,P1,BASE,-150.00,-152.61,-202,R,57028,-31.3000
26310,P1,BASE,-150.00,-150.01,-205,R,56968,-31.2999
26320,P1,BASE,-150.00,-152.45,-202,R,56907,-31.2753
26330,P1,BASE,-150.00,-147.50,-208,R,56848,-31.3003
26340,P1,BASE,-150.00,-147.50,-208,R,56789,-31.3253
26350,P1,BASE,-150.00,-147.51,-208,R,56730,-31.3502
26360,P1,BASE,-150.00,-152.47,-203,R,56669,-31.3255
26370,P1,BASE,-150.00,-150.05,-205,R,56609,-31.3250
26380,P1,BASE,-150.00,-147.46,-208,R,56550,-31.3505
26390,P1,BASE,-150.00,-147.53,-208,R,56491,-31.3752
26400,P1,BASE,-150.00,-147.51,-208,R,56432,-31.4000
26410,P1,BASE,-150.00,-149.99,-206,R,56372,-31.4002
26420,P1,BASE,-150.00,-149.99,-206,R,56312,-31.4003
26430,P1,BASE,-150.00,-145.01,-211,R,56254,-31.4502
26440,P1,BASE,-150.00,-147.53,-209,R,56195,-31.4749
26450,P1,BASE,-150.00,-147.47,-209,R,56136,-31.5002
26460,P1,BASE,-150.00,-152.53,-204,R,56075,-31.4749
26470,P1,BASE,-150.00,-152.45,-204,R,56014,-31.4503
26480,P1,BASE,-150.00,-152.48,-203,R,55953,-31.4255
26490,P1,BASE,-150.00,-155.05,-200,R,55891,-31.3750
26500,P1,BASE,-150.00,-155.02,-200,R,55829,-31.3249
26510,P1,BASE,-150.00,-152.45,-203,R,55768,-31.3003
26520,P1,BASE,-150.00,-149.99,-205,R,55708,-31.3005
26530,P1,BASE,-150.00,-150.05,-205,R,55648,-31.3000
26540,P1,BASE,-150.00,-147.50,-208,R,55589,-31.3250
26550,P1,BASE,-150.00,-149.96,-205,R,55529,-31.3255
26560,P1,BASE,-150.00,-150.01,-205,R,55469,-31.3253
26570,P1,BASE,-150.00,-150.03,-205,R,55409,-31.3250
26580,P1,BASE,-150.00,-152.50,-203,R,55348,-31.3000
26590,P1,BASE,-150.00,-144.96,-211,R,55290,-31.3505
26600,P1,BASE,-150.00,-150.03,-205,R,55230,-31.3502
26610,P1,BASE,-150.00,-150.01,-205,R,55170,-31.3500
26620,P1,BASE,-150.00,-152.42,-203,R,55109,-31.3258
26630,P1,BASE,-150.00,-147.59,-208,R,55050,-31.3499
26640,P1,BASE,-150.00,-150.00,-205,R,54990,-31.3499
26650,P1,BASE,-150.00,-147.50,-208,R,54931,-31.3749
26660,P1,BASE,-150.00,-150.00,-206,R,54871,-31.3749
26670,P1,BASE,-150.00,-152.50,-203,R,54810,-31.3499
26680,P1,BASE,-150.00,-150.00,-205,R,54750,-31.3499
26690,P1,BASE,-150.00,-152.50,-203,R,54689,-31.3249
26700,P1,BASE,-150.00,-152.50,-203,R,54628,-31.2999
26710,P1,BASE,-150.00,-152.45,-202,R,54567,-31.2753
26720,P1,BASE,-150.00,-150.03,-205,R,54507,-31.2750
26730,P1,BASE,-150.00,-147.49,-208,R,54448,-31.3002
26740,P1,BASE,-150.00,-147.51,-208,R,54389,-31.3250
26750,P1,BASE,-150.00,-150.01,-205,R,54329,-31.3249
26760,P1,BASE,-150.00,-152.47,-203,R,54268,-31.3002
26770,P1,BASE,-150.00,-147.51,-208,R,54209,-31.3251
26780,P1,BASE,-150.00,-147.49,-208,R,54150,-31.3502
26790,P1,BASE,-150.00,-147.47,-208,R,54091,-31.3755
26800,P1,BASE,-150.00,-147.51,-208,R,54032,-31.4004
26810,P1,BASE,-150.00,-150.03,-206,R,53972,-31.4001
26820,P1,BASE,-150.00,-150.01,-206,R,53912,-31.3999
26830,P1,BASE,-150.00,-147.46,-208,R,53853,-31.4253
26840,P1,BASE,-150.00,-145.04,-211,R,53795,-31.4749
26850,P1,BASE,-150.00,-149.99,-206,R,53735,-31.4751
26860,P1,BASE,-150.00,-150.00,-206,R,53675,-31.4751
26870,P1,BASE,-150.00,-152.50,-204,R,53614,-31.4501
26880,P1,BASE,-150.00,-152.48,-203,R,53553,-31.4252
26890,P1,BASE,-150.00,-154.98,-200,R,53491,-31.3754
26900,P1,BASE,-150.00,-152.52,-203,R,53430,-31.3502
26910,P1,BASE,-150.00,-154.95,-200,R,53368,-31.3007
26920,P1,BASE,-150.00,-150.03,-205,R,53308,-31.3004
26930,P1,BASE,-150.00,-147.49,-208,R,53249,-31.3255
26940,P1,BASE,-150.00,-150.01,-205,R,53189,-31.3254
26950,P1,BASE,-150.00,-149.97,-205,R,53129,-31.3257
26960,P1,BASE,-150.00,-147.56,-208,R,53070,-31.3501
26970,P1,BASE,-150.00,-152.48,-203,R,53009,-31.3252
26980,P1,BASE,-150.00,-150.01,-205,R,52949,-31.3251
26990,P1,BASE,-150.00,-147.47,-208,R,52890,-31.3504
27000,P1,BASE,-150.00,-147.54,-208,R,52831,-31.3749
27010,P1,BASE,-200.00,-149.99,-238,R,52771,-31.3749
27020,P1,BASE,-200.00,-155.00,-254,R,52709,-31.8249
27030,P1,BASE,-200.00,-160.02,-252,R,52645,-32.2248
27040,P1,BASE,-200.00,-167.43,-246,R,52578,-32.5505
27050,P1,BASE,-200.00,-172.52,-243,R,52509,-32.8253
27060,P1,BASE,-200.00,-177.52,-239,R,52438,-33.0501
27070,P1,BASE,-200.00,-184.96,-233,R,52364,-33.2005
27080,P1,BASE,-200.00,-187.52,-231,R,52289,-33.3253
27090,P1,BASE,-200.00,-192.50,-226,R,52212,-33.4003
27100,P1,BASE,-200.00,-192.56,-227,R,52135,-33.4747
27110,P1,BASE,-200.00,-192.48,-227,R,52058,-33.5499
27120,P1,BASE,-200.00,-187.48,-233,R,51983,-33.6751
27130,P1,BASE,-200.00,-194.90,-226,R,51905,-33.7261
27140,P1,BASE,-200.00,-190.08,-232,R,51829,-33.8253
27150,P1,BASE,-200.00,-192.48,-230,R,51752,-33.9005
27160,P1,BASE,-200.00,-190.06,-233,R,51676,-33.9999
27170,P1,BASE,-200.00,-192.46,-231,R,51599,-34.0753
27180,P1,BASE,-200.00,-195.06,-229,R,51521,-34.1247
27190,P1,BASE,-200.00,-192.50,-232,R,51444,-34.1997
27200,P1,BASE,-200.00,-190.00,-235,R,51368,-34.2997
27210,P1,BASE,-200.00,-197.48,-227,R,51289,-34.3249
27220,P1,BASE,-200.00,-200.02,-225,R,51209,-34.3247
27230,P1,BASE,-200.00,-199.98,-225,R,51129,-34.3249
27240,P1,BASE,-200.00,-202.52,-222,R,51048,-34.2997
27250,P1,BASE,-200.00,-204.96,-219,R,50966,-34.2501
27260,P1,BASE,-200.00,-197.46,-227,R,50887,-34.2755
27270,P1,BASE,-200.00,-195.00,-230,R,50809,-34.3255
27280,P1,BASE,-200.00,-200.02,-225,R,50729,-34.3253
27290,P1,BASE,-200.00,-197.52,-228,R,50650,-34.3501
27300,P1,BASE,-200.00,-200.00,-225,R,50570,-34.3501
27310,P1,BASE,-200.00,-192.52,-233,R,50493,-34.4249
27320,P1,BASE,-200.00,-194.98,-231,R,50415,-34.4751
27330,P1,BASE,-200.00,-199.96,-226,R,50335,-34.4755
27340,P1,BASE,-200.00,-197.52,-229,R,50256,-34.5003
27350,P1,BASE,-200.00,-197.54,-229,R,50177,-34.5249
27360,P1,BASE,-200.00,-197.42,-229,R,50098,-34.5507
27370,P1,BASE,-200.00,-197.56,-229,R,50019,-34.5751
27380,P1,BASE,-200.00,-202.50,-224,R,49938,-34.5501
27390,P1,BASE,-200.00,-202.40,-224,R,49857,-34.5261
27400,P1,BASE,-200.00,-202.60,-223,R,49776,-34.5001
27410,P1,BASE,-200.00,-200.00,-226,R,49696,-34.5001
27420,P1,BASE,-200.00,-194.98,-232,R,49618,-34.5503
27430,P1,BASE,-200.00,-197.56,-229,R,49539,-34.5747
27440,P1,BASE,-200.00,-199.92,-227,R,49459,-34.5755
27450,P1,BASE,-200.00,-197.52,-229,R,49380,-34.6003
27460,P1,BASE,-200.00,-192.56,-235,R,49303,-34.6748
27470,P1,BASE,-200.00,-197.50,-230,R,49224,-34.6998
27480,P1,BASE,-200.00,-197.48,-230,R,49145,-34.7250
27490,P1,BASE,-200.00,-195.02,-233,R,49067,-34.7748
27500,P1,BASE,-200.00,-192.46,-236,R,48990,-34.8501
27510,P1,BASE,-200.00,-197.48,-231,R,48911,-34.8753
27520,P1,BASE,-200.00,-202.52,-226,R,48830,-34.8501
27530,P1,BASE,-200.00,-202.48,-226,R,48749,-34.8253
27540,P1,BASE,-200.00,-205.06,-223,R,48667,-34.7747
27550,P1,BASE,-200.00,-207.33,-220,R,48584,-34.7014
27560,P1,BASE,-200.00,-202.64,-225,R,48503,-34.6750
27570,P1,BASE,-200.00,-197.46,-230,R,48424,-34.7004
27580,P1,BASE,-200.00,-197.56,-230,R,48345,-34.7248
27590,P1,BASE,-200.00,-202.48,-225,R,48264,-34.7000
27600,P1,BASE,-200.00,-202.38,-225,R,48183,-34.6762
27610,P1,BASE,-200.00,-197.48,-230,R,48104,-34.7014
27620,P1,BASE,-200.00,-192.62,-235,R,48027,-34.7752
27630,P1,BASE,-200.00,-197.50,-231,R,47948,-34.8002
27640,P1,BASE,-200.00,-202.50,-225,R,47867,-34.7752
27650,P1,BASE,-200.00,-197.46,-231,R,47788,-34.8006
27660,P1,BASE,-200.00,-200.00,-228,R,47708,-34.8006
27670,P1,BASE,-200.00,-197.58,-231,R,47629,-34.8248
27680,P1,BASE,-200.00,-204.84,-223,R,47547,-34.7765
27690,P1,BASE,-200.00,-202.64,-225,R,47466,-34.7500
27700,P1,BASE,-200.00,-205.00,-222,R,47384,-34.7000
27710,P1,BASE,-200.00,-202.46,-225,R,47303,-34.6755
27720,P1,BASE,-200.00,-195.06,-233,R,47225,-34.7249
27730,P1,BASE,-200.00,-197.32,-230,R,47146,-34.7516
27740,P1,BASE,-200.00,-202.64,-225,R,47065,-34.7252
27750,P1,BASE,-200.00,-197.52,-230,R,46986,-34.7500
27760,P1,BASE,-200.00,-192.46,-236,R,46909,-34.8254
27770,P1,BASE,-200.00,-197.54,-231,R,46830,-34.8500
27780,P1,BASE,-200.00,-199.88,-229,R,46750,-34.8512
27790,P1,BASE,-200.00,-195.12,-234,R,46672,-34.9000
27800,P1,BASE,-200.00,-194.96,-234,R,46594,-34.9504
27810,P1,BASE,-200.00,-199.94,-229,R,46514,-34.9510
27820,P1,BASE,-200.00,-200.06,-229,R,46434,-34.9504
27830,P1,BASE,-200.00,-205.02,-224,R,46352,-34.9002
27840,P1,BASE,-200.00,-205.02,-223,R,46270,-34.8500
27850,P1,BASE,-200.00,-204.94,-223,R,46188,-34.8006
27860,P1,BASE,-200.00,-205.04,-223,R,46106,-34.7502
27870,P1,BASE,-200.00,-197.48,-230,R,46027,-34.7754
27880,P1,BASE,-200.00,-197.56,-231,R,45948,-34.7998
27890,P1,BASE,-200.00,-202.46,-225,R,45867,-34.7752
27900,P1,BASE,-200.00,-205.02,-222,R,45785,-34.7250
27910,P1,BASE,-200.00,-197.48,-230,R,45706,-34.7502
27920,P1,BASE,-200.00,-192.50,-236,R,45629,-34.8252
27930,P1,BASE,-200.00,-197.52,-231,R,45550,-34.8500
27940,P1,BASE,-200.00,-202.38,-226,R,45469,-34.8262
27950,P1,BASE,-200.00,-197.64,-231,R,45390,-34.8499
27960,P1,BASE,-200.00,-199.98,-228,R,45310,-34.8501
27970,P1,BASE,-200.00,-197.50,-231,R,45231,-34.8751
27980,P1,BASE,-200.00,-204.98,-223,R,45149,-34.8253
27990,P1,BASE,-200.00,-202.52,-225,R,45068,-34.8001
28000,P1,BASE,-200.00,-205.00,-223,R,44986,-34.7501
28010,P1,BASE,-200.00,-202.48,-225,R,44905,-34.7253
28020,P1,BASE,-200.00,-197.50,-230,R,44826,-34.7503
28030,P1,BASE,-200.00,-195.02,-233,R,44748,-34.8001
28040,P1,BASE,-200.00,-202.52,-225,R,44667,-34.7749
28050,P1,BASE,-200.00,-199.94,-228,R,44587,-34.7755
28060,P1,BASE,-200.00,-192.54,-236,R,44510,-34.8501
28070,P1,BASE,-200.00,-197.46,-231,R,44431,-34.8755
28080,P1,BASE,-200.00,-197.56,-231,R,44352,-34.8999
28090,P1,BASE,-200.00,-197.50,-231,R,44273,-34.9249
28100,P1,BASE,-200.00,-194.94,-234,R,44195,-34.9755
28110,P1,BASE,-200.00,-197.50,-232,R,44116,-35.0005
28120,P1,BASE,-200.00,-200.04,-229,R,44036,-35.0001
28130,P1,BASE,-200.00,-205.00,-224,R,43954,-34.9501
28140,P1,BASE,-200.00,-205.00,-224,R,43872,-34.9001
28150,P1,BASE,-200.00,-207.33,-221,R,43789,-34.8267
28160,P1,BASE,-200.00,-202.64,-225,R,43708,-34.8003
28170,P1,BASE,-200.00,-200.04,-228,R,43628,-34.7999
28180,P1,BASE,-200.00,-197.44,-231,R,43549,-34.8255
28190,P1,BASE,-200.00,-202.50,-226,R,43468,-34.8005
28200,P1,BASE,-200.00,-205.00,-223,R,43386,-34.7505
28210,P1,BASE,-200.00,-192.50,-236,R,43309,-34.8255
28220,P1,BASE,-200.00,-197.56,-231,R,43230,-34.8499
28230,P1,BASE,-200.00,-199.94,-228,R,43150,-34.8505
28240,P1,BASE,-200.00,-200.00,-228,R,43070,-34.8505
28250,P1,BASE,-200.00,-200.00,-228,R,42990,-34.8505
28260,P1,BASE,-200.00,-200.04,-228,R,42910,-34.8501
28270,P1,BASE,-200.00,-197.46,-231,R,42831,-34.8755
28280,P1,BASE,-200.00,-202.54,-226,R,42750,-34.8501
28290,P1,BASE,-200.00,-205.02,-223,R,42668,-34.7999
28300,P1,BASE,-200.00,-204.94,-223,R,42586,-34.7505
28310,P1,BASE,-200.00,-202.52,-225,R,42505,-34.7253
28320,P1,BASE,-200.00,-195.04,-233,R,42427,-34.7749
28330,P1,BASE,-200.00,-197.48,-231,R,42348,-34.8001
28340,P1,BASE,-200.00,-204.94,-223,R,42266,-34.7507
28350,P1,BASE,-200.00,-197.56,-230,R,42187,-34.7751
28360,P1,BASE,-200.00,-192.46,-236,R,42110,-34.8505
28370,P1,BASE,-200.00,-197.52,-231,R,42031,-34.8753
28380,P1,BASE,-200.00,-197.48,-231,R,41952,-34.9005
28390,P1,BASE,-200.00,-197.56,-231,R,41873,-34.9249
28400,P1,BASE,-200.00,-194.98,-234,R,41795,-34.9751
28410,P1,BASE,-200.00,-197.48,-232,R,41716,-35.0003
28420,P1,BASE,-200.00,-200.04,-229,R,41636,-34.9999
28430,P1,BASE,-200.00,-204.98,-224,R,41554,-34.9501
28440,P1,BASE,-200.00,-204.94,-224,R,41472,-34.9007
28450,P1,BASE,-200.00,-207.44,-221,R,41389,-34.8264
28460,P1,BASE,-200.00,-202.56,-225,R,41308,-34.8008
28470,P1,BASE,-200.00,-200.00,-228,R,41228,-34.8008
28480,P1,BASE,-200.00,-197.54,-231,R,41149,-34.8254
28490,P1,BASE,-200.00,-202.54,-225,R,41068,-34.8000
28500,P1,BASE,-200.00,-202.48,-225,R,40987,-34.7752
28510,P1,BASE,-200.00,-202.38,-225,R,40906,-34.7514
28520,P1,BASE,-200.00,-187.61,-241,R,40831,-34.8752
28530,P1,BASE,-200.00,-200.02,-229,R,40751,-34.8750
28540,P1,BASE,-200.00,-199.92,-229,R,40671,-34.8758
28550,P1,BASE,-200.00,-200.04,-229,R,40591,-34.8754
28560,P1,BASE,-200.00,-200.00,-229,R,40511,-34.8754
28570,P1,BASE,-200.00,-200.02,-229,R,40431,-34.8752
28580,P1,BASE,-200.00,-204.98,-223,R,40349,-34.8255
28590,P1,BASE,-200.00,-202.50,-226,R,40268,-34.8005
28600,P1,BASE,-200.00,-207.46,-220,R,40185,-34.7259
28610,P1,BASE,-200.00,-202.56,-225,R,40104,-34.7003
28620,P1,BASE,-200.00,-194.98,-233,R,40026,-34.7505
28630,P1,BASE,-200.00,-197.48,-230,R,39947,-34.7757
28640,P1,BASE,-200.00,-205.06,-222,R,39865,-34.7250
28650,P1,BASE,-200.00,-195.00,-233,R,39787,-34.7750
28660,P1,BASE,-200.00,-194.94,-233,R,39709,-34.8256
28670,P1,BASE,-200.00,-197.50,-231,R,39630,-34.8506
28680,P1,BASE,-200.00,-197.54,-231,R,39551,-34.8752
28690,P1,BASE,-200.00,-197.52,-231,R,39472,-34.9000
28700,P1,BASE,-200.00,-194.92,-234,R,39394,-34.9508
28710,P1,BASE,-200.00,-197.56,-232,R,39315,-34.9752
28720,P1,BASE,-200.00,-202.50,-226,R,39234,-34.9502
28730,P1,BASE,-200.00,-204.98,-224,R,39152,-34.9004
28740,P1,BASE,-200.00,-204.98,-223,R,39070,-34.8506
28750,P1,BASE,-200.00,-204.98,-223,R,38988,-34.8008
28760,P1,BASE,-200.00,-205.00,-223,R,38906,-34.7508
28770,P1,BASE,-200.00,-200.04,-228,R,38826,-34.7504
28780,P1,BASE,-200.00,-197.46,-230,R,38747,-34.7758
28790,P1,BASE,-200.00,-202.52,-225,R,38666,-34.7506
28800,P1,BASE,-200.00,-200.02,-228,R,38586,-34.7504
28810,P1,BASE,-200.00,-194.98,-233,R,38508,-34.8006
28820,P1,BASE,-200.00,-200.06,-228,R,38428,-34.8000
28830,P1,BASE,-200.00,-197.44,-231,R,38349,-34.8256
28840,P1,BASE,-200.00,-202.56,-225,R,38268,-34.8000
28850,P1,BASE,-200.00,-197.48,-231,R,38189,-34.8252
28860,P1,BASE,-200.00,-200.02,-228,R,38109,-34.8250
28870,P1,BASE,-200.00,-197.50,-231,R,38030,-34.8500
28880,P1,BASE,-200.00,-204.98,-223,R,37948,-34.8002
28890,P1,BASE,-200.00,-202.52,-225,R,37867,-34.7750
28900,P1,BASE,-200.00,-204.98,-222,R,37785,-34.7252
28910,P1,BASE,-200.00,-202.52,-225,R,37704,-34.7000
28920,P1,BASE,-200.00,-197.48,-230,R,37625,-34.7252
28930,P1,BASE,-200.00,-197.46,-230,R,37546,-34.7506
28940,P1,BASE,-200.00,-202.52,-225,R,37465,-34.7254
28950,P1,BASE,-200.00,-195.04,-233,R,37387,-34.7750
28960,P1,BASE,-200.00,-194.96,-233,R,37309,-34.8254
28970,P1,BASE,-200.00,-197.48,-231,R,37230,-34.8506
28980,P1,BASE,-200.00,-197.52,-231,R,37151,-34.8754
28990,P1,BASE,-200.00,-197.52,-231,R,37072,-34.9002
29000,P1,BASE,-200.00,-194.96,-234,R,36994,-34.9506
29010,P1,BASE,-200.00,-197.52,-232,R,36915,-34.9754
29020,P1,BASE,-200.00,-202.50,-226,R,36834,-34.9504
29030,P1,BASE,-200.00,-204.96,-224,R,36752,-34.9008
29040,P1,BASE,-200.00,-205.00,-223,R,36670,-34.8508
29050,P1,BASE,-200.00,-205.06,-223,R,36588,-34.8002
29060,P1,BASE,-200.00,-204.96,-223,R,36506,-34.7506
29070,P1,BASE,-200.00,-200.04,-228,R,36426,-34.7502
29080,P1,BASE,-200.00,-197.52,-230,R,36347,-34.7750
29090,P1,BASE,-200.00,-199.96,-228,R,36267,-34.7754
29100,P1,BASE,-200.00,-205.02,-222,R,36185,-34.7252
29110,P1,BASE,-200.00,-194.98,-233,R,36107,-34.7754
29120,P1,BASE,-200.00,-197.46,-231,R,36028,-34.8008
29130,P1,BASE,-200.00,-197.54,-231,R,35949,-34.8254
29140,P1,BASE,-200.00,-199.96,-228,R,35869,-34.8258
29150,P1,BASE,-200.00,-200.02,-228,R,35789,-34.8256
29160,P1,BASE,-200.00,-199.98,-228,R,35709,-34.8258
29170,P1,BASE,-200.00,-197.56,-231,R,35630,-34.8502
29180,P1,BASE,-200.00,-204.94,-223,R,35548,-34.8008
29190,P1,BASE,-200.00,-202.56,-225,R,35467,-34.7752
29200,P1,BASE,-200.00,-204.96,-223,R,35385,-34.7256
29210,P1,BASE,-200.00,-202.52,-225,R,35304,-34.7004
29220,P1,BASE,-200.00,-195.04,-233,R,35226,-34.7500
29230,P1,BASE,-200.00,-197.48,-230,R,35147,-34.7752
29240,P1,BASE,-200.00,-205.02,-222,R,35065,-34.7250
29250,P1,BASE,-200.00,-194.94,-233,R,34987,-34.7756
29260,P1,BASE,-200.00,-192.56,-236,R,34910,-34.8500
29270,P1,BASE,-200.00,-199.88,-229,R,34830,-34.8512
29280,P1,BASE,-200.00,-197.58,-231,R,34751,-34.8754
29290,P1,BASE,-200.00,-195.00,-234,R,34673,-34.9254
29300,P1,BASE,-200.00,-194.98,-234,R,34595,-34.9756
29310,P1,BASE,-200.00,-200.00,-229,R,34515,-34.9756
29320,P1,BASE,-200.00,-200.04,-229,R,34435,-34.9752
29330,P1,BASE,-200.00,-204.96,-224,R,34353,-34.9256
29340,P1,BASE,-200.00,-205.06,-223,R,34271,-34.8750
29350,P1,BASE,-200.00,-207.48,-220,R,34188,-34.8002
29360,P1,BASE,-200.00,-202.50,-225,R,34107,-34.7752
29370,P1,BASE,-200.00,-199.82,-228,R,34027,-34.7770
29380,P1,BASE,-200.00,-197.54,-231,R,33948,-34.8016
29390,P1,BASE,-200.00,-200.14,-228,R,33868,-34.8002
29400,P1,BASE,-200.00,-202.48,-225,R,33787,-34.7754
29410,P1,BASE,-200.00,-197.54,-231,R,33708,-34.8000
29420,P1,BASE,-200.00,-194.96,-234,R,33630,-34.8504
29430,P1,BASE,-200.00,-200.02,-228,R,33550,-34.8502
29440,P1,BASE,-200.00,-199.96,-228,R,33470,-34.8506
29450,P1,BASE,-200.00,-200.04,-228,R,33390,-34.8502
29460,P1,BASE,-200.00,-199.98,-228,R,33310,-34.8504
29470,P1,BASE,-200.00,-197.52,-231,R,33231,-34.8752
29480,P1,BASE,-200.00,-202.44,-226,R,33150,-34.8508
29490,P1,BASE,-200.00,-205.02,-223,R,33068,-34.8006
29500,P1,BASE,-200.00,-205.00,-223,R,32986,-34.7506
29510,P1,BASE,-200.00,-202.48,-225,R,32905,-34.7258
29520,P1,BASE,-200.00,-195.06,-233,R,32827,-34.7752
29530,P1,BASE,-200.00,-197.50,-231,R,32748,-34.8002
29540,P1,BASE,-200.00,-205.00,-223,R,32666,-34.7502
29550,P1,BASE,-200.00,-195.00,-233,R,32588,-34.8002
29560,P1,BASE,-200.00,-195.02,-233,R,32510,-34.8500
29570,P1,BASE,-200.00,-197.46,-231,R,32431,-34.8754
29580,P1,BASE,-200.00,-197.50,-231,R,32352,-34.9004
29590,P1,BASE,-200.00,-197.54,-231,R,32273,-34.9250
29600,P1,BASE,-200.00,-194.94,-234,R,32195,-34.9756
29610,P1,BASE,-200.00,-197.52,-232,R,32116,-35.0004
29620,P1,BASE,-200.00,-200.00,-229,R,32036,-35.0004
29630,P1,BASE,-200.00,-205.02,-224,R,31954,-34.9502
29640,P1,BASE,-200.00,-204.98,-224,R,31872,-34.9004
29650,P1,BASE,-200.00,-207.46,-221,R,31789,-34.8259
29660,P1,BASE,-200.00,-202.58,-225,R,31708,-34.8000
29670,P1,BASE,-200.00,-199.94,-228,R,31628,-34.8006
29680,P1,BASE,-200.00,-197.54,-231,R,31549,-34.8252
29690,P1,BASE,-200.00,-202.46,-226,R,31468,-34.8007
29700,P1,BASE,-200.00,-202.48,-225,R,31387,-34.7759
29710,P1,BASE,-200.00,-195.04,-233,R,31309,-34.8255
29720,P1,BASE,-200.00,-197.54,-231,R,31230,-34.8501
29730,P1,BASE,-200.00,-199.96,-228,R,31150,-34.8505
29740,P1,BASE,-200.00,-199.98,-228,R,31070,-34.8507
29750,P1,BASE,-200.00,-197.54,-231,R,30991,-34.8753
29760,P1,BASE,-200.00,-199.98,-229,R,30911,-34.8755
29770,P1,BASE,-200.00,-200.00,-229,R,30831,-34.8755
29780,P1,BASE,-200.00,-202.54,-226,R,30750,-34.8501
29790,P1,BASE,-200.00,-204.94,-223,R,30668,-34.8007
29800,P1,BASE,-200.00,-205.00,-223,R,30586,-34.7507
29810,P1,BASE,-200.00,-202.54,-225,R,30505,-34.7253
29820,P1,BASE,-200.00,-194.98,-233,R,30427,-34.7755
29830,P1,BASE,-200.00,-197.48,-231,R,30348,-34.8007
29840,P1,BASE,-200.00,-205.00,-223,R,30266,-34.7507
29850,P1,BASE,-200.00,-195.02,-233,R,30188,-34.8005
29860,P1,BASE,-200.00,-195.02,-233,R,30110,-34.8503
29870,P1,BASE,-200.00,-197.50,-231,R,30031,-34.8753
29880,P1,BASE,-200.00,-199.94,-229,R,29951,-34.8759
29890,P1,BASE,-200.00,-195.04,-234,R,29873,-34.9255
29900,P1,BASE,-200.00,-195.00,-234,R,29795,-34.9755
29910,P1,BASE,-200.00,-197.52,-232,R,29716,-35.0003
29920,P1,BASE,-200.00,-202.50,-227,R,29635,-34.9753
29930,P1,BASE,-200.00,-202.52,-226,R,29554,-34.9501
29940,P1,BASE,-200.00,-207.44,-221,R,29471,-34.8757
29950,P1,BASE,-200.00,-205.00,-223,R,29389,-34.8257
29960,P1,BASE,-200.00,-204.96,-223,R,29307,-34.7761
29970,P1,BASE,-200.00,-197.54,-231,R,29228,-34.8007
29980,P1,BASE,-200.00,-197.56,-231,R,29149,-34.8251
29990,P1,BASE,-200.00,-202.44,-226,R,29068,-34.8007
30000,P1,BASE,-200.00,-205.04,-223,R,28986,-34.7503
30010,P1,BASE,-150.00,-195.02,-193,R,28908,-34.3001
30020,P1,BASE,-150.00,-195.00,-176,R,28830,-33.8501
30030,P1,BASE,-150.00,-192.44,-176,R,28753,-33.4257
30040,P1,BASE,-150.00,-190.04,-176,R,28677,-33.0253
30050,P1,BASE,-150.00,-187.37,-176,R,28602,-32.6516
30060,P1,BASE,-150.00,-180.13,-181,R,28530,-32.3504
30070,P1,BASE,-150.00,-182.50,-177,R,28457,-32.0254
30080,P1,BASE,-150.00,-177.50,-180,R,28386,-31.7504
30090,P1,BASE,-150.00,-177.50,-178,R,28315,-31.4754
30100,P1,BASE,-150.00,-175.02,-179,R,28245,-31.2252
30110,P1,BASE,-150.00,-174.95,-178,R,28175,-30.9757
30120,P1,BASE,-150.00,-172.53,-179,R,28106,-30.7504
30130,P1,BASE,-150.00,-162.47,-188,R,28041,-30.6257
30140,P1,BASE,-150.00,-162.50,-187,R,27976,-30.5007
30150,P1,BASE,-150.00,-162.50,-186,R,27911,-30.3757
30160,P1,BASE,-150.00,-160.00,-188,R,27847,-30.2757
30170,P1,BASE,-150.00,-157.55,-190,R,27784,-30.2002
30180,P1,BASE,-150.00,-152.45,-195,R,27723,-30.1757
30190,P1,BASE,-150.00,-150.01,-198,R,27663,-30.1755
30200,P1,BASE,-150.00,-152.48,-195,R,27602,-30.1507
30210,P1,BASE,-150.00,-147.50,-200,R,27543,-30.1757
30220,P1,BASE,-150.00,-147.50,-200,R,27484,-30.2007
30230,P1,BASE,-150.00,-142.50,-206,R,27427,-30.2757
30240,P1,BASE,-150.00,-142.51,-206,R,27370,-30.3505
30250,P1,BASE,-150.00,-145.00,-204,R,27312,-30.4005
30260,P1,BASE,-150.00,-147.50,-202,R,27253,-30.4255
30270,P1,BASE,-150.00,-147.51,-202,R,27194,-30.4504
30280,P1,BASE,-150.00,-147.49,-202,R,27135,-30.4755
30290,P1,BASE,-150.00,-150.00,-200,R,27075,-30.4755
30300,P1,BASE,-150.00,-147.51,-202,R,27016,-30.5004
30310,P1,BASE,-150.00,-147.46,-203,R,26957,-30.5258
30320,P1,BASE,-150.00,-147.51,-203,R,26898,-30.5507
30330,P1,BASE,-150.00,-145.03,-206,R,26840,-30.6004
30340,P1,BASE,-150.00,-145.01,-206,R,26782,-30.6503
30350,P1,BASE,-150.00,-144.99,-206,R,26724,-30.7004
30360,P1,BASE,-150.00,-147.51,-204,R,26665,-30.7253
30370,P1,BASE,-150.00,-147.46,-204,R,26606,-30.7507
30380,P1,BASE,-150.00,-145.00,-207,R,26548,-30.8007
30390,P1,BASE,-150.00,-145.01,-207,R,26490,-30.8505
30400,P1,BASE,-150.00,-147.51,-205,R,26431,-30.8754
30410,P1,BASE,-150.00,-147.49,-205,R,26372,-30.9006
30420,P1,BASE,-150.00,-147.51,-205,R,26313,-30.9254
30430,P1,BASE,-150.00,-147.49,-205,R,26254,-30.9506
30440,P1,BASE,-150.00,-145.00,-208,R,26196,-31.0006
30450,P1,BASE,-150.00,-147.51,-206,R,26137,-31.0254
30460,P1,BASE,-150.00,-147.49,-206,R,26078,-31.0506
30470,P1,BASE,-150.00,-150.01,-203,R,26018,-31.0504
30480,P1,BASE,-150.00,-147.47,-206,R,25959,-31.0757
30490,P1,BASE,-150.00,-150.05,-204,R,25899,-31.0752
30500,P1,BASE,-150.00,-149.94,-204,R,25839,-31.0758
30510,P1,BASE,-150.00,-152.52,-201,R,25778,-31.0507
30520,P1,BASE,-150.00,-150.01,-203,R,25718,-31.0505
30530,P1,BASE,-150.00,-147.51,-206,R,25659,-31.0754
30540,P1,BASE,-150.00,-144.97,-209,R,25601,-31.1257
30550,P1,BASE,-150.00,-145.01,-209,R,25543,-31.1755
30560,P1,BASE,-150.00,-152.48,-202,R,25482,-31.1507
30570,P1,BASE,-150.00,-147.50,-207,R,25423,-31.1757
30580,P1,BASE,-150.00,-150.05,-204,R,25363,-31.1752
30590,P1,BASE,-150.00,-142.47,-212,R,25306,-31.2505
30600,P1,BASE,-150.00,-147.49,-207,R,25247,-31.2757
30610,P1,BASE,-150.00,-150.01,-205,R,25187,-31.2755
30620,P1,BASE,-150.00,-147.49,-208,R,25128,-31.3007
30630,P1,BASE,-150.00,-145.00,-210,R,25070,-31.3507
30640,P1,BASE,-150.00,-147.53,-208,R,25011,-31.3754
30650,P1,BASE,-150.00,-145.00,-211,R,24953,-31.4254
30660,P1,BASE,-150.00,-152.52,-203,R,24892,-31.4002
30670,P1,BASE,-150.00,-150.00,-206,R,24832,-31.4002
30680,P1,BASE,-150.00,-152.47,-203,R,24771,-31.3755
30690,P1,BASE,-150.00,-152.47,-203,R,24710,-31.3508
30700,P1,BASE,-150.00,-152.53,-203,R,24649,-31.3255
30710,P1,BASE,-150.00,-152.50,-203,R,24588,-31.3005
30720,P1,BASE,-150.00,-152.53,-202,R,24527,-31.2752
30730,P1,BASE,-150.00,-150.00,-205,R,24467,-31.2752
30740,P1,BASE,-150.00,-147.50,-208,R,24408,-31.3002
30750,P1,BASE,-150.00,-147.46,-208,R,24349,-31.3257
30760,P1,BASE,-150.00,-150.01,-205,R,24289,-31.3255
30770,P1,BASE,-150.00,-150.01,-205,R,24229,-31.3254
30780,P1,BASE,-150.00,-152.47,-203,R,24168,-31.3007
30790,P1,BASE,-150.00,-145.04,-210,R,24110,-31.3502
30800,P1,BASE,-150.00,-149.96,-205,R,24050,-31.3507
30810,P1,BASE,-150.00,-150.05,-205,R,23990,-31.3502
30820,P1,BASE,-150.00,-147.47,-208,R,23931,-31.3755
30830,P1,BASE,-150.00,-149.97,-206,R,23871,-31.3758
30840,P1,BASE,-150.00,-150.06,-206,R,23811,-31.3752
30850,P1,BASE,-150.00,-147.49,-208,R,23752,-31.4004
30860,P1,BASE,-150.00,-149.97,-206,R,23692,-31.4007
30870,P1,BASE,-150.00,-150.01,-206,R,23632,-31.4005
30880,P1,BASE,-150.00,-152.53,-203,R,23571,-31.3752
30890,P1,BASE,-150.00,-149.97,-206,R,23511,-31.3755
30900,P1,BASE,-150.00,-154.91,-200,R,23449,-31.3265
30910,P1,BASE,-150.00,-152.56,-202,R,23388,-31.3008
30920,P1,BASE,-150.00,-150.03,-205,R,23328,-31.3005
30930,P1,BASE,-150.00,-150.03,-205,R,23268,-31.3002
30940,P1,BASE,-150.00,-145.00,-210,R,23210,-31.3502
30950,P1,BASE,-150.00,-147.46,-208,R,23151,-31.3757
30960,P1,BASE,-150.00,-152.50,-203,R,23090,-31.3507
30970,P1,BASE,-150.00,-147.49,-208,R,23031,-31.3758
30980,P1,BASE,-150.00,-150.05,-206,R,22971,-31.3754
30990,P1,BASE,-150.00,-145.00,-211,R,22913,-31.4254
31000,P1,BASE,-150.00,-149.96,-206,R,22853,-31.4258
31010,P1,BASE,-150.00,-147.56,-209,R,22794,-31.4502
31020,P1,BASE,-150.00,-150.00,-206,R,22734,-31.4502
31030,P1,BASE,-150.00,-147.44,-209,R,22675,-31.4758
31040,P1,BASE,-150.00,-147.56,-209,R,22616,-31.5002
31050,P1,BASE,-150.00,-144.99,-212,R,22558,-31.5504
31060,P1,BASE,-150.00,-152.48,-204,R,22497,-31.5255
31070,P1,BASE,-150.00,-152.48,-204,R,22436,-31.5007
31080,P1,BASE,-150.00,-152.55,-204,R,22375,-31.4752
31090,P1,BASE,-150.00,-152.47,-204,R,22314,-31.4505
31100,P1,BASE,-150.00,-155.03,-201,R,22252,-31.4002
31110,P1,BASE,-150.00,-154.97,-200,R,22190,-31.3505
31120,P1,BASE,-150.00,-150.03,-205,R,22130,-31.3502
31130,P1,BASE,-150.00,-149.96,-205,R,22070,-31.3507
31140,P1,BASE,-150.00,-147.50,-208,R,22011,-31.3757
31150,P1,BASE,-150.00,-150.05,-206,R,21951,-31.3752
31160,P1,BASE,-150.00,-149.94,-206,R,21891,-31.3758
31170,P1,BASE,-150.00,-150.03,-206,R,21831,-31.3755
31180,P1,BASE,-150.00,-152.52,-203,R,21770,-31.3504
31190,P1,BASE,-150.00,-144.97,-211,R,21712,-31.4007
31200,P1,BASE,-150.00,-150.00,-206,R,21652,-31.4007
31210,P1,BASE,-150.00,-150.03,-206,R,21592,-31.4004
31220,P1,BASE,-150.00,-150.00,-206,R,21532,-31.4004
31230,P1,BASE,-150.00,-149.97,-206,R,21472,-31.4007
31240,P1,BASE,-150.00,-147.51,-208,R,21413,-31.4255
31250,P1,BASE,-150.00,-150.00,-206,R,21353,-31.4255
31260,P1,BASE,-150.00,-150.00,-206,R,21293,-31.4255
31270,P1,BASE,-150.00,-150.00,-206,R,21233,-31.4255
31280,P1,BASE,-150.00,-152.53,-203,R,21172,-31.4002
31290,P1,BASE,-150.00,-149.97,-206,R,21112,-31.4005
31300,P1,BASE,-150.00,-152.52,-203,R,21051,-31.3754
31310,P1,BASE,-150.00,-152.48,-203,R,20990,-31.3505
31320,P1,BASE,-150.00,-152.53,-203,R,20929,-31.3252
31330,P1,BASE,-150.00,-147.44,-208,R,20870,-31.3508
31340,P1,BASE,-150.00,-147.51,-208,R,20811,-31.3757
31350,P1,BASE,-150.00,-147.54,-208,R,20752,-31.4002
31360,P1,BASE,-150.00,-152.45,-203,R,20691,-31.3757
31370,P1,BASE,-150.00,-147.54,-208,R,20632,-31.4002
31380,P1,BASE,-150.00,-149.97,-206,R,20572,-31.4005
31390,P1,BASE,-150.00,-144.99,-211,R,20514,-31.4507
31400,P1,BASE,-150.00,-147.49,-209,R,20455,-31.4758
31410,P1,BASE,-150.00,-150.05,-206,R,20395,-31.4754
31420,P1,BASE,-150.00,-149.96,-206,R,20335,-31.4758
31430,P1,BASE,-150.00,-147.56,-209,R,20276,-31.5002
31440,P1,BASE,-150.00,-145.00,-212,R,20218,-31.5502
31450,P1,BASE,-150.00,-147.46,-209,R,20159,-31.5757
31460,P1,BASE,-150.00,-150.00,-207,R,20099,-31.5757
31470,P1,BASE,-150.00,-152.50,-204,R,20038,-31.5507
31480,P1,BASE,-150.00,-155.03,-201,R,19976,-31.5004
31490,P1,BASE,-150.00,-152.48,-204,R,19915,-31.4755
31500,P1,BASE,-150.00,-152.50,-204,R,19854,-31.4505
31510,P1,BASE,-150.00,-154.98,-201,R,19792,-31.4007
31520,P1,BASE,-150.00,-152.55,-203,R,19731,-31.3752
31530,P1,BASE,-150.00,-149.96,-206,R,19671,-31.3757
31540,P1,BASE,-150.00,-147.53,-208,R,19612,-31.4004
31550,P1,BASE,-150.00,-147.46,-208,R,19553,-31.4258
31560,P1,BASE,-150.00,-152.53,-203,R,19492,-31.4005
31570,P1,BASE,-150.00,-147.49,-208,R,19433,-31.4257
31580,P1,BASE,-150.00,-152.48,-203,R,19372,-31.4008
31590,P1,BASE,-150.00,-147.51,-208,R,19313,-31.4257
31600,P1,BASE,-150.00,-150.01,-206,R,19253,-31.4255
31610,P1,BASE,-150.00,-147.51,-209,R,19194,-31.4504
31620,P1,BASE,-150.00,-150.01,-206,R,19134,-31.4502
31630,P1,BASE,-150.00,-152.36,-203,R,19073,-31.4266
31640,P1,BASE,-150.00,-147.59,-209,R,19014,-31.4507
31650,P1,BASE,-150.00,-147.53,-209,R,18955,-31.4754
31660,P1,BASE,-150.00,-152.47,-204,R,18894,-31.4507
31670,P1,BASE,-150.00,-150.01,-206,R,18834,-31.4506
31680,P1,BASE,-150.00,-152.50,-203,R,18773,-31.4256
31690,P1,BASE,-150.00,-150.00,-206,R,18713,-31.4256
31700,P1,BASE,-150.00,-152.52,-203,R,18652,-31.4004
31710,P1,BASE,-150.00,-154.95,-200,R,18590,-31.3509
31720,P1,BASE,-150.00,-150.03,-205,R,18530,-31.3506
31730,P1,BASE,-150.00,-150.01,-205,R,18470,-31.3504
31740,P1,BASE,-150.00,-144.97,-211,R,18412,-31.4007
31750,P1,BASE,-150.00,-147.54,-208,R,18353,-31.4253
31760,P1,BASE,-150.00,-152.48,-203,R,18292,-31.4004
31770,P1,BASE,-150.00,-149.91,-206,R,18232,-31.4013
31780,P1,BASE,-150.00,-147.59,-208,R,18173,-31.4254
31790,P1,BASE,-150.00,-144.99,-211,R,18115,-31.4756
31800,P1,BASE,-150.00,-149.97,-206,R,18055,-31.4759
31810,P1,BASE,-150.00,-150.03,-206,R,17995,-31.4756
31820,P1,BASE,-150.00,-147.53,-209,R,17936,-31.5003
31830,P1,BASE,-150.00,-147.46,-209,R,17877,-31.5257
31840,P1,BASE,-150.00,-147.50,-209,R,17818,-31.5507
31850,P1,BASE,-150.00,-147.51,-209,R,17759,-31.5756
31860,P1,BASE,-150.00,-150.01,-207,R,17699,-31.5754
31870,P1,BASE,-150.00,-152.48,-204,R,17638,-31.5506
31880,P1,BASE,-150.00,-152.48,-204,R,17577,-31.5257
31890,P1,BASE,-150.00,-152.52,-204,R,17516,-31.5006
31900,P1,BASE,-150.00,-155.03,-201,R,17454,-31.4503
31910,P1,BASE,-150.00,-154.97,-201,R,17392,-31.4006
31920,P1,BASE,-150.00,-149.97,-206,R,17332,-31.4009
31930,P1,BASE,-150.00,-150.01,-206,R,17272,-31.4007
31940,P1,BASE,-150.00,-150.05,-206,R,17212,-31.4003
31950,P1,BASE,-150.00,-147.49,-208,R,17153,-31.4254
31960,P1,BASE,-150.00,-152.50,-203,R,17092,-31.4004
31970,P1,BASE,-150.00,-150.01,-206,R,17032,-31.4003
31980,P1,BASE,-150.00,-152.45,-203,R,16971,-31.3757
31990,P1,BASE,-150.00,-145.04,-211,R,16913,-31.4253
32000,P1,BASE,-150.00,-149.97,-206,R,16853,-31.4256
32010,P1,BASE,-150.00,-149.99,-206,R,16793,-31.4258
32020,P1,BASE,-150.00,-150.05,-206,R,16733,-31.4253
32030,P1,BASE,-150.00,-149.97,-206,R,16673,-31.4256
32040,P1,BASE,-150.00,-149.97,-206,R,16613,-31.4259
32050,P1,BASE,-150.00,-147.56,-209,R,16554,-31.4503
32060,P1,BASE,-150.00,-149.96,-206,R,16494,-31.4508
32070,P1,BASE,-150.00,-150.03,-206,R,16434,-31.4505
32080,P1,BASE,-150.00,-155.02,-201,R,16372,-31.4003
32090,P1,BASE,-150.00,-149.94,-206,R,16312,-31.4009
32100,P1,BASE,-150.00,-152.55,-203,R,16251,-31.3754
32110,P1,BASE,-150.00,-154.88,-200,R,16189,-31.3267
32120,P1,BASE,-150.00,-150.14,-205,R,16129,-31.3253
32130,P1,BASE,-150.00,-149.90,-205,R,16069,-31.3264
32140,P1,BASE,-150.00,-145.10,-211,R,16011,-31.3754
32150,P1,BASE,-150.00,-147.46,-208,R,15952,-31.4008
32160,P1,BASE,-150.00,-152.53,-203,R,15891,-31.3755
32170,P1,BASE,-150.00,-147.50,-208,R,15832,-31.4005
32180,P1,BASE,-150.00,-149.97,-206,R,15772,-31.4008
32190,P1,BASE,-150.00,-145.03,-211,R,15714,-31.4505
32200,P1,BASE,-150.00,-147.47,-209,R,15655,-31.4758
32210,P1,BASE,-150.00,-152.55,-203,R,15594,-31.4504
32220,P1,BASE,-150.00,-147.47,-209,R,15535,-31.4756
32230,P1,BASE,-150.00,-147.51,-209,R,15476,-31.5005
32240,P1,BASE,-150.00,-147.47,-209,R,15417,-31.5258
32250,P1,BASE,-150.00,-145.00,-212,R,15359,-31.5758
32260,P1,BASE,-150.00,-152.52,-204,R,15298,-31.5506
32270,P1,BASE,-150.00,-152.47,-204,R,15237,-31.5259
32280,P1,BASE,-150.00,-152.53,-204,R,15176,-31.5006
32290,P1,BASE,-150.00,-152.52,-204,R,15115,-31.4755
32300,P1,BASE,-150.00,-155.02,-201,R,15053,-31.4253
32310,P1,BASE,-150.00,-152.45,-203,R,14992,-31.4008
32320,P1,BASE,-150.00,-152.52,-203,R,14931,-31.3756
32330,P1,BASE,-150.00,-149.99,-206,R,14871,-31.3758
32340,P1,BASE,-150.00,-147.51,-208,R,14812,-31.4006
32350,P1,BASE,-150.00,-150.00,-206,R,14752,-31.4006
32360,P1,BASE,-150.00,-150.00,-206,R,14692,-31.4006
32370,P1,BASE,-150.00,-149.97,-206,R,14632,-31.4009
32380,P1,BASE,-150.00,-152.55,-203,R,14571,-31.3755
32390,P1,BASE,-150.00,-147.51,-208,R,14512,-31.4003
32400,P1,BASE,-150.00,-147.49,-208,R,14453,-31.4255
32410,P1,BASE,-150.00,-149.96,-206,R,14393,-31.4259
32420,P1,BASE,-150.00,-150.05,-206,R,14333,-31.4255
32430,P1,BASE,-150.00,-150.00,-206,R,14273,-31.4255
32440,P1,BASE,-150.00,-150.00,-206,R,14213,-31.4255
32450,P1,BASE,-150.00,-147.49,-209,R,14154,-31.4506
32460,P1,BASE,-150.00,-150.01,-206,R,14094,-31.4505
32470,P1,BASE,-150.00,-150.01,-206,R,14034,-31.4503
32480,P1,BASE,-150.00,-152.47,-203,R,13973,-31.4256
32490,P1,BASE,-150.00,-152.38,-203,R,13912,-31.4019
32500,P1,BASE,-150.00,-152.58,-203,R,13851,-31.3761
32510,P1,BASE,-150.00,-152.56,-203,R,13790,-31.3505
32520,P1,BASE,-150.00,-149.99,-205,R,13730,-31.3506
32530,P1,BASE,-150.00,-150.03,-205,R,13670,-31.3503
32540,P1,BASE,-150.00,-144.97,-211,R,13612,-31.4006
32550,P1,BASE,-150.00,-147.53,-208,R,13553,-31.4253
32560,P1,BASE,-150.00,-152.50,-203,R,13492,-31.4003
32570,P1,BASE,-150.00,-150.00,-206,R,13432,-31.4003
32580,P1,BASE,-150.00,-149.94,-206,R,13372,-31.4009
32590,P1,BASE,-150.00,-145.03,-211,R,13314,-31.4506
32600,P1,BASE,-150.00,-147.53,-209,R,13255,-31.4753
32610,P1,BASE,-150.00,-150.00,-206,R,13195,-31.4753
32620,P1,BASE,-150.00,-149.96,-206,R,13135,-31.4758
32630,P1,BASE,-150.00,-147.50,-209,R,13076,-31.5008
32640,P1,BASE,-150.00,-145.00,-212,R,13018,-31.5508
32650,P1,BASE,-150.00,-147.50,-209,R,12959,-31.5758
32660,P1,BASE,-150.00,-152.48,-204,R,12898,-31.5509
32670,P1,BASE,-150.00,-150.06,-207,R,12838,-31.5503
32680,P1,BASE,-150.00,-154.95,-201,R,12776,-31.5008
32690,P1,BASE,-150.00,-152.50,-204,R,12715,-31.4758
32700,P1,BASE,-150.00,-152.52,-203,R,12654,-31.4507
32710,P1,BASE,-150.00,-154.98,-201,R,12592,-31.4008
32720,P1,BASE,-150.00,-152.50,-203,R,12531,-31.3758
32730,P1,BASE,-150.00,-150.03,-206,R,12471,-31.3755
32740,P1,BASE,-150.00,-147.49,-208,R,12412,-31.4007
32750,P1,BASE,-150.00,-149.99,-206,R,12352,-31.4008
32760,P1,BASE,-150.00,-150.00,-206,R,12292,-31.4008
32770,P1,BASE,-150.00,-149.99,-206,R,12232,-31.4010
32780,P1,BASE,-150.00,-152.53,-203,R,12171,-31.3757
32790,P1,BASE,-150.00,-147.51,-208,R,12112,-31.4005
32800,P1,BASE,-150.00,-147.50,-208,R,12053,-31.4255
32810,P1,BASE,-150.00,-149.97,-206,R,11993,-31.4258
32820,P1,BASE,-150.00,-150.05,-206,R,11933,-31.4254
32830,P1,BASE,-150.00,-150.00,-206,R,11873,-31.4254
32840,P1,BASE,-150.00,-149.97,-206,R,11813,-31.4257
32850,P1,BASE,-150.00,-147.50,-209,R,11754,-31.4507
32860,P1,BASE,-150.00,-149.99,-206,R,11694,-31.4508
32870,P1,BASE,-150.00,-150.03,-206,R,11634,-31.4505
32880,P1,BASE,-150.00,-152.47,-203,R,11573,-31.4258
32890,P1,BASE,-150.00,-152.50,-203,R,11512,-31.4008
32900,P1,BASE,-150.00,-152.48,-203,R,11451,-31.3760
32910,P1,BASE,-150.00,-152.53,-203,R,11390,-31.3507
32920,P1,BASE,-150.00,-150.01,-205,R,11330,-31.3505
32930,P1,BASE,-150.00,-150.00,-205,R,11270,-31.3505
32940,P1,BASE,-150.00,-144.97,-211,R,11212,-31.4008
32950,P1,BASE,-150.00,-147.51,-208,R,11153,-31.4257
32960,P1,BASE,-150.00,-152.53,-203,R,11092,-31.4004
32970,P1,BASE,-150.00,-149.96,-206,R,11032,-31.4008
32980,P1,BASE,-150.00,-147.53,-208,R,10973,-31.4255
32990,P1,BASE,-150.00,-147.46,-209,R,10914,-31.4509
33000,P1,BASE,-150.00,-147.53,-209,R,10855,-31.4757
33010,P1,BASE,-80.00,-150.00,-179,R,10795,-30.7757
33020,P1,BASE,-80.00,-150.01,-149,R,10735,-30.0755
33030,P1,BASE,-80.00,-142.51,-129,R,10678,-29.4504
33040,P1,BASE,-80.00,-139.99,-128,R,10622,-28.8505
33050,P1,BASE,-80.00,-137.47,-127,R,10567,-28.2758
33060,P1,BASE,-80.00,-137.54,-123,R,10512,-27.7004
33070,P1,BASE,-80.00,-134.99,-122,R,10458,-27.1505
33080,P1,BASE,-80.00,-132.50,-121,R,10405,-26.6255
33090,P1,BASE,-80.00,-129.97,-120,R,10353,-26.1258
33100,P1,BASE,-80.00,-127.53,-120,R,10302,-25.6505
33110,P1,BASE,-80.00,-122.51,-122,R,10253,-25.2254
33120,P1,BASE,-80.00,-124.95,-116,R,10203,-24.7759
33130,P1,BASE,-80.00,-117.52,-122,R,10156,-24.4006
33140,P1,BASE,-80.00,-117.51,-119,R,10109,-24.0255
33150,P1,BASE,-80.00,-109.98,-125,R,10065,-23.7257
33160,P1,BASE,-80.00,-107.51,-126,R,10022,-23.4506
33170,P1,BASE,-80.00,-110.01,-121,R,9978,-23.1505
33180,P1,BASE,-80.00,-102.47,-127,R,9937,-22.9258
33190,P1,BASE,-80.00,-100.02,-128,R,9897,-22.7256
33200,P1,BASE,-80.00,-102.52,-124,R,9856,-22.5004
33210,P1,BASE,-80.00,-97.50,-128,R,9817,-22.3254
33220,P1,BASE,-80.00,-94.96,-130,R,9779,-22.1758
33230,P1,BASE,-80.00,-92.51,-132,R,9742,-22.0507
33240,P1,BASE,-80.00,-92.53,-131,R,9705,-21.9254
33250,P1,BASE,-80.00,-92.42,-130,R,9668,-21.8013
33260,P1,BASE,-80.00,-87.56,-134,R,9633,-21.7257
33270,P1,BASE,-80.00,-85.00,-137,R,9599,-21.6757
33280,P1,BASE,-80.00,-87.50,-134,R,9564,-21.6007
33290,P1,BASE,-80.00,-85.00,-136,R,9530,-21.5507
33300,P1,BASE,-80.00,-84.99,-136,R,9496,-21.5007
33310,P1,BASE,-80.00,-82.50,-138,R,9463,-21.4757
33320,P1,BASE,-80.00,-80.00,-141,R,9431,-21.4757
33330,P1,BASE,-80.00,-80.00,-141,R,9399,-21.4757
33340,P1,BASE,-80.00,-77.51,-143,R,9368,-21.5007
33350,P1,BASE,-80.00,-77.49,-143,R,9337,-21.5257
33360,P1,BASE,-80.00,-77.52,-144,R,9306,-21.5506
33370,P1,BASE,-80.00,-77.44,-144,R,9275,-21.5762
33380,P1,BASE,-80.00,-72.54,-149,R,9246,-21.6508
33390,P1,BASE,-80.00,-77.51,-144,R,9215,-21.6757
33400,P1,BASE,-80.00,-74.99,-147,R,9185,-21.7258
33410,P1,BASE,-80.00,-72.49,-150,R,9156,-21.8008
33420,P1,BASE,-80.00,-72.51,-151,R,9127,-21.8758
33430,P1,BASE,-80.00,-75.00,-149,R,9097,-21.9258
33440,P1,BASE,-80.00,-72.51,-152,R,9068,-22.0007
33450,P1,BASE,-80.00,-72.50,-152,R,9039,-22.0757
33460,P1,BASE,-80.00,-75.00,-150,R,9009,-22.1257
33470,P1,BASE,-80.00,-72.51,-153,R,8980,-22.2006
33480,P1,BASE,-80.00,-70.01,-156,R,8952,-22.3006
33490,P1,BASE,-80.00,-72.49,-154,R,8923,-22.3757
33500,P1,BASE,-80.00,-72.51,-155,R,8894,-22.4506
33510,P1,BASE,-80.00,-69.99,-158,R,8866,-22.5507
33520,P1,BASE,-80.00,-70.00,-158,R,8838,-22.6507
33530,P1,BASE,-80.00,-70.01,-159,R,8810,-22.7506
33540,P1,BASE,-80.00,-72.49,-157,R,8781,-22.8257
33550,P1,BASE,-80.00,-70.01,-160,R,8753,-22.9256
33560,P1,BASE,-80.00,-74.97,-156,R,8723,-22.9759
33570,P1,BASE,-80.00,-72.52,-159,R,8694,-23.0506
33580,P1,BASE,-80.00,-74.99,-156,R,8664,-23.1008
33590,P1,BASE,-80.00,-72.52,-159,R,8635,-23.1756
33600,P1,BASE,-80.00,-72.50,-160,R,8606,-23.2506
33610,P1,BASE,-80.00,-74.99,-158,R,8576,-23.3007
33620,P1,BASE,-80.00,-72.49,-161,R,8547,-23.3758
33630,P1,BASE,-80.00,-72.51,-161,R,8518,-23.4507
33640,P1,BASE,-80.00,-75.01,-159,R,8488,-23.5006
33650,P1,BASE,-80.00,-72.50,-162,R,8459,-23.5756
33660,P1,BASE,-80.00,-77.50,-157,R,8428,-23.6006
33670,P1,BASE,-80.00,-74.99,-160,R,8398,-23.6507
33680,P1,BASE,-80.00,-74.99,-160,R,8368,-23.7008
33690,P1,BASE,-80.00,-75.01,-161,R,8338,-23.7507
33700,P1,BASE,-80.00,-74.99,-161,R,8308,-23.8008
33710,P1,BASE,-80.00,-75.00,-161,R,8278,-23.8508
33720,P1,BASE,-80.00,-74.99,-162,R,8248,-23.9009
33730,P1,BASE,-80.00,-72.51,-165,R,8219,-23.9758
33740,P1,BASE,-80.00,-75.01,-162,R,8189,-24.0257
33750,P1,BASE,-80.00,-74.99,-163,R,8159,-24.0758
33760,P1,BASE,-80.00,-77.52,-160,R,8128,-24.1007
33770,P1,BASE,-80.00,-75.00,-163,R,8098,-24.1507
33780,P1,BASE,-80.00,-77.50,-161,R,8067,-24.1757
33790,P1,BASE,-80.00,-77.50,-161,R,8036,-24.2007
33800,P1,BASE,-80.00,-79.99,-158,R,8004,-24.2007
33810,P1,BASE,-80.00,-77.49,-161,R,7973,-24.2258
33820,P1,BASE,-80.00,-77.52,-161,R,7942,-24.2506
33830,P1,BASE,-80.00,-77.48,-162,R,7911,-24.2758
33840,P1,BASE,-80.00,-80.02,-159,R,7879,-24.2756
33850,P1,BASE,-80.00,-77.51,-162,R,7848,-24.3006
33860,P1,BASE,-80.00,-82.50,-156,R,7815,-24.2756
33870,P1,BASE,-80.00,-77.50,-162,R,7784,-24.3006
33880,P1,BASE,-80.00,-79.98,-159,R,7752,-24.3008
33890,P1,BASE,-80.00,-77.51,-162,R,7721,-24.3257
33900,P1,BASE,-80.00,-77.50,-162,R,7690,-24.3507
33910,P1,BASE,-80.00,-77.51,-162,R,7659,-24.3757
33920,P1,BASE,-80.00,-77.50,-162,R,7628,-24.4007
33930,P1,BASE,-80.00,-80.01,-160,R,7596,-24.4006
33940,P1,BASE,-80.00,-77.48,-162,R,7565,-24.4257
33950,P1,BASE,-80.00,-80.02,-160,R,7533,-24.4256
33960,P1,BASE,-80.00,-77.48,-163,R,7502,-24.4507
33970,P1,BASE,-80.00,-80.00,-160,R,7470,-24.4507
33980,P1,BASE,-80.00,-80.02,-160,R,7438,-24.4506
33990,P1,BASE,-80.00,-82.49,-157,R,7405,-24.4256
34000,P1,BASE,-80.00,-77.50,-163,R,7374,-24.4506
34010,P1,BASE,-80.00,-79.99,-160,R,7342,-24.4507
34020,P1,BASE,-80.00,-77.48,-163,R,7311,-24.4759
34030,P1,BASE,-80.00,-82.51,-158,R,7278,-24.4508
34040,P1,BASE,-80.00,-77.52,-163,R,7247,-24.4756
34050,P1,BASE,-80.00,-82.48,-158,R,7214,-24.4507
34060,P1,BASE,-80.00,-82.49,-157,R,7181,-24.4258
34070,P1,BASE,-80.00,-80.02,-160,R,7149,-24.4257
34080,P1,BASE,-80.00,-80.00,-160,R,7117,-24.4257
34090,P1,BASE,-80.00,-82.49,-157,R,7084,-24.4007
34100,P1,BASE,-80.00,-80.01,-160,R,7052,-24.4007
34110,P1,BASE,-80.00,-79.99,-160,R,7020,-24.4007
34120,P1,BASE,-80.00,-80.01,-160,R,6988,-24.4007
34130,P1,BASE,-80.00,-77.51,-162,R,6957,-24.4256
34140,P1,BASE,-80.00,-82.50,-157,R,6924,-24.4006
34150,P1,BASE,-80.00,-80.00,-160,R,6892,-24.4006
34160,P1,BASE,-80.00,-79.99,-160,R,6860,-24.4007
34170,P1,BASE,-80.00,-77.50,-162,R,6829,-24.4257
34180,P1,BASE,-80.00,-82.48,-157,R,6796,-24.4009
34190,P1,BASE,-80.00,-77.50,-162,R,6765,-24.4259
34200,P1,BASE,-80.00,-80.00,-160,R,6733,-24.4259
34210,P1,BASE,-80.00,-80.02,-160,R,6701,-24.4257
34220,P1,BASE,-80.00,-82.49,-157,R,6668,-24.4007
34230,P1,BASE,-80.00,-79.99,-160,R,6636,-24.4008
34240,P1,BASE,-80.00,-80.02,-160,R,6604,-24.4006
34250,P1,BASE,-80.00,-79.99,-160,R,6572,-24.4007
34260,P1,BASE,-80.00,-79.99,-160,R,6540,-24.4007
34270,P1,BASE,-80.00,-80.01,-160,R,6508,-24.4007
34280,P1,BASE,-80.00,-77.51,-162,R,6477,-24.4256
34290,P1,BASE,-80.00,-80.00,-160,R,6445,-24.4256
34300,P1,BASE,-80.00,-77.50,-163,R,6414,-24.4506
34310,P1,BASE,-80.00,-79.97,-160,R,6382,-24.4509
34320,P1,BASE,-80.00,-77.52,-163,R,6351,-24.4757
34330,P1,BASE,-80.00,-79.98,-160,R,6319,-24.4758
34340,P1,BASE,-80.00,-80.01,-160,R,6287,-24.4758
34350,P1,BASE,-80.00,-82.51,-158,R,6254,-24.4507
34360,P1,BASE,-80.00,-77.49,-163,R,6223,-24.4758
34370,P1,BASE,-80.00,-82.52,-158,R,6190,-24.4506
34380,P1,BASE,-80.00,-77.49,-163,R,6159,-24.4757
34390,P1,BASE,-80.00,-80.00,-160,R,6127,-24.4757
34400,P1,BASE,-80.00,-79.98,-160,R,6095,-24.4758
34410,P1,BASE,-80.00,-77.52,-163,R,6064,-24.5006
34420,P1,BASE,-80.00,-80.00,-160,R,6032,-24.5006
34430,P1,BASE,-80.00,-79.98,-160,R,6000,-24.5008
34440,P1,BASE,-80.00,-80.02,-160,R,5968,-24.5007
34450,P1,BASE,-80.00,-79.95,-160,R,5936,-24.5012
34460,P1,BASE,-80.00,-77.55,-163,R,5905,-24.5256
34470,P1,BASE,-80.00,-77.48,-163,R,5874,-24.5508
34480,P1,BASE,-80.00,-79.99,-161,R,5842,-24.5508
34490,P1,BASE,-80.00,-77.52,-163,R,5811,-24.5756
34500,P1,BASE,-80.00,-77.50,-164,R,5780,-24.6006
34510,P1,BASE,-80.00,-77.47,-164,R,5749,-24.6259
34520,P1,BASE,-80.00,-80.03,-161,R,5717,-24.6256
34530,P1,BASE,-80.00,-80.00,-161,R,5685,-24.6256
34540,P1,BASE,-80.00,-79.99,-161,R,5653,-24.6257
34550,P1,BASE,-80.00,-82.48,-159,R,5620,-24.6009
34560,P1,BASE,-80.00,-77.51,-164,R,5589,-24.6259
34570,P1,BASE,-80.00,-82.49,-159,R,5556,-24.6009
34580,P1,BASE,-80.00,-80.00,-161,R,5524,-24.6009
34590,P1,BASE,-80.00,-82.52,-158,R,5491,-24.5757
34600,P1,BASE,-80.00,-79.98,-161,R,5459,-24.5759
34610,P1,BASE,-80.00,-82.52,-158,R,5426,-24.5507
34620,P1,BASE,-80.00,-79.98,-161,R,5394,-24.5509
34630,P1,BASE,-80.00,-80.00,-161,R,5362,-24.5509
34640,P1,BASE,-80.00,-80.01,-161,R,5330,-24.5508
34650,P1,BASE,-80.00,-82.52,-158,R,5297,-24.5256
34660,P1,BASE,-80.00,-77.48,-163,R,5266,-24.5508
34670,P1,BASE,-80.00,-77.50,-163,R,5235,-24.5758
34680,P1,BASE,-80.00,-80.00,-161,R,5203,-24.5758
34690,P1,BASE,-80.00,-80.02,-161,R,5171,-24.5756
34700,P1,BASE,-80.00,-77.48,-164,R,5140,-24.6008
34710,P1,BASE,-80.00,-82.52,-158,R,5107,-24.5757
34720,P1,BASE,-80.00,-77.51,-164,R,5076,-24.6006
34730,P1,BASE,-80.00,-79.98,-161,R,5044,-24.6008
34740,P1,BASE,-80.00,-82.49,-158,R,5011,-24.5759
34750,P1,BASE,-80.00,-80.00,-161,R,4979,-24.5759
34760,P1,BASE,-80.00,-80.00,-161,R,4947,-24.5759
34770,P1,BASE,-80.00,-77.53,-164,R,4916,-24.6006
34780,P1,BASE,-80.00,-82.49,-158,R,4883,-24.5757
34790,P1,BASE,-80.00,-79.99,-161,R,4851,-24.5758
34800,P1,BASE,-80.00,-80.00,-161,R,4819,-24.5758
34810,P1,BASE,-80.00,-82.50,-158,R,4786,-24.5508
34820,P1,BASE,-80.00,-80.00,-161,R,4754,-24.5508
34830,P1,BASE,-80.00,-82.49,-158,R,4721,-24.5258
34840,P1,BASE,-80.00,-82.50,-158,R,4688,-24.5008
34850,P1,BASE,-80.00,-77.52,-163,R,4657,-24.5257
34860,P1,BASE,-80.00,-82.49,-158,R,4624,-24.5008
34870,P1,BASE,-80.00,-80.01,-160,R,4592,-24.5007
34880,P1,BASE,-80.00,-77.48,-163,R,4561,-24.5259
34890,P1,BASE,-80.00,-80.02,-161,R,4529,-24.5257
34900,P1,BASE,-80.00,-80.01,-161,R,4497,-24.5256
34910,P1,BASE,-80.00,-80.00,-161,R,4465,-24.5256
34920,P1,BASE,-80.00,-77.50,-163,R,4434,-24.5506
34930,P1,BASE,-80.00,-82.48,-158,R,4401,-24.5258
34940,P1,BASE,-80.00,-80.00,-161,R,4369,-24.5258
34950,P1,BASE,-80.00,-80.02,-161,R,4337,-24.5256
34960,P1,BASE,-80.00,-79.98,-161,R,4305,-24.5258
34970,P1,BASE,-80.00,-80.02,-161,R,4273,-24.5257
34980,P1,BASE,-80.00,-79.99,-161,R,4241,-24.5258
34990,P1,BASE,-80.00,-82.48,-158,R,4208,-24.5009
35000,P1,BASE,-80.00,-77.53,-163,R,4177,-24.5256
35010,P1,BASE,-80.00,-79.99,-161,R,4145,-24.5257
35020,P1,BASE,-80.00,-80.00,-161,R,4113,-24.5257
35030,P1,BASE,-80.00,-80.00,-161,R,4081,-24.5257
35040,P1,BASE,-80.00,-77.51,-163,R,4050,-24.5506
35050,P1,BASE,-80.00,-77.49,-163,R,4019,-24.5757
35060,P1,BASE,-80.00,-80.00,-161,R,3987,-24.5757
35070,P1,BASE,-80.00,-77.48,-164,R,3956,-24.6009
35080,P1,BASE,-80.00,-80.00,-161,R,3924,-24.6009
35090,P1,BASE,-80.00,-80.00,-161,R,3892,-24.6009
35100,P1,BASE,-80.00,-82.50,-158,R,3859,-24.5759
35110,P1,BASE,-80.00,-77.50,-164,R,3828,-24.6009
35120,P1,BASE,-80.00,-82.50,-158,R,3795,-24.5759
35130,P1,BASE,-80.00,-77.50,-164,R,3764,-24.6009
35140,P1,BASE,-80.00,-80.02,-161,R,3732,-24.6006
35150,P1,BASE,-80.00,-77.48,-164,R,3701,-24.6258
35160,P1,BASE,-80.00,-80.02,-161,R,3669,-24.6257
35170,P1,BASE,-80.00,-77.51,-164,R,3638,-24.6506
35180,P1,BASE,-80.00,-79.99,-161,R,3606,-24.6507
35190,P1,BASE,-80.00,-79.99,-161,R,3574,-24.6508
35200,P1,BASE,-80.00,-80.00,-161,R,3542,-24.6508
35210,P1,BASE,-80.00,-79.99,-161,R,3510,-24.6508
35220,P1,BASE,-80.00,-77.52,-164,R,3479,-24.6756
35230,P1,BASE,-80.00,-77.49,-164,R,3448,-24.7007
35240,P1,BASE,-80.00,-77.51,-164,R,3417,-24.7256
35250,P1,BASE,-80.00,-77.48,-165,R,3386,-24.7508
35260,P1,BASE,-80.00,-77.51,-165,R,3355,-24.7758
35270,P1,BASE,-80.00,-79.99,-162,R,3323,-24.7759
35280,P1,BASE,-80.00,-80.01,-162,R,3291,-24.7758
35290,P1,BASE,-80.00,-80.01,-162,R,3259,-24.7757
35300,P1,BASE,-80.00,-79.98,-162,R,3227,-24.7759
35310,P1,BASE,-80.00,-80.02,-162,R,3195,-24.7757
35320,P1,BASE,-80.00,-80.01,-162,R,3163,-24.7756
35330,P1,BASE,-80.00,-79.98,-162,R,3131,-24.7759
35340,P1,BASE,-80.00,-82.49,-160,R,3098,-24.7509
35350,P1,BASE,-80.00,-80.01,-162,R,3066,-24.7509
35360,P1,BASE,-80.00,-82.52,-159,R,3033,-24.7257
35370,P1,BASE,-80.00,-79.98,-162,R,3001,-24.7258
35380,P1,BASE,-80.00,-80.01,-162,R,2969,-24.7258
35390,P1,BASE,-80.00,-80.02,-162,R,2937,-24.7256
35400,P1,BASE,-80.00,-79.98,-162,R,2905,-24.7258
35410,P1,BASE,-80.00,-80.01,-162,R,2873,-24.7258
35420,P1,BASE,-80.00,-80.02,-162,R,2841,-24.7256
35430,P1,BASE,-80.00,-77.50,-165,R,2810,-24.7506
35440,P1,BASE,-80.00,-79.98,-162,R,2778,-24.7508
35450,P1,BASE,-80.00,-77.50,-165,R,2747,-24.7758
35460,P1,BASE,-80.00,-82.52,-159,R,2714,-24.7507
35470,P1,BASE,-80.00,-80.01,-162,R,2682,-24.7506
35480,P1,BASE,-80.00,-80.00,-162,R,2650,-24.7506
35490,P1,BASE,-80.00,-80.00,-162,R,2618,-24.7506
35500,P1,BASE,-80.00,-82.50,-159,R,2585,-24.7256
35510,P1,BASE,-80.00,-80.00,-162,R,2553,-24.7256
35520,P1,BASE,-80.00,-80.00,-162,R,2521,-24.7256
35530,P1,BASE,-80.00,-79.98,-162,R,2489,-24.7258
35540,P1,BASE,-80.00,-79.99,-162,R,2457,-24.7259
35550,P1,BASE,-80.00,-82.52,-159,R,2424,-24.7008
35560,P1,BASE,-80.00,-80.00,-162,R,2392,-24.7008
35570,P1,BASE,-80.00,-82.48,-159,R,2359,-24.6759
35580,P1,BASE,-80.00,-80.02,-162,R,2327,-24.6757
35590,P1,BASE,-80.00,-85.00,-156,R,2293,-24.6257
35600,P1,BASE,-80.00,-77.48,-164,R,2262,-24.6508
35610,P1,BASE,-80.00,-82.51,-159,R,2229,-24.6258
35620,P1,BASE,-80.00,-80.00,-161,R,2197,-24.6258
35630,P1,BASE,-80.00,-79.98,-161,R,2165,-24.6259
35640,P1,BASE,-80.00,-80.02,-161,R,2133,-24.6258
35650,P1,BASE,-80.00,-79.99,-161,R,2101,-24.6258
35660,P1,BASE,-80.00,-80.02,-161,R,2069,-24.6256
35670,P1,BASE,-80.00,-79.98,-161,R,2037,-24.6258
35680,P1,BASE,-80.00,-79.99,-161,R,2005,-24.6258
35690,P1,BASE,-80.00,-80.01,-161,R,1973,-24.6258
35700,P1,BASE,-80.00,-82.51,-159,R,1940,-24.6007
35710,P1,BASE,-80.00,-77.49,-164,R,1909,-24.6258
35720,P1,BASE,-80.00,-82.49,-159,R,1876,-24.6008
35730,P1,BASE,-80.00,-80.02,-161,R,1844,-24.6006
35740,P1,BASE,-80.00,-82.48,-158,R,1811,-24.5758
35750,P1,BASE,-80.00,-80.02,-161,R,1779,-24.5756
35760,P1,BASE,-80.00,-79.99,-161,R,1747,-24.5757
35770,P1,BASE,-80.00,-80.00,-161,R,1715,-24.5757
35780,P1,BASE,-80.00,-79.98,-161,R,1683,-24.5759
35790,P1,BASE,-80.00,-77.52,-164,R,1652,-24.6007
35800,P1,BASE,-80.00,-77.49,-164,R,1621,-24.6258
35810,P1,BASE,-80.00,-80.01,-161,R,1589,-24.6257
35820,P1,BASE,-80.00,-77.49,-164,R,1558,-24.6508
35830,P1,BASE,-80.00,-79.99,-161,R,1526,-24.6508
35840,P1,BASE,-80.00,-82.52,-159,R,1493,-24.6257
35850,P1,BASE,-80.00,-79.98,-161,R,1461,-24.6258
35860,P1,BASE,-80.00,-80.02,-161,R,1429,-24.6256
35870,P1,BASE,-80.00,-80.00,-161,R,1397,-24.6256
35880,P1,BASE,-80.00,-79.98,-161,R,1365,-24.6258
35890,P1,BASE,-80.00,-79.98,-161,R,1333,-24.6259
35900,P1,BASE,-80.00,-77.53,-164,R,1302,-24.6506
35910,P1,BASE,-80.00,-79.98,-161,R,1270,-24.6508
35920,P1,BASE,-80.00,-80.00,-161,R,1238,-24.6508
35930,P1,BASE,-80.00,-80.00,-161,R,1206,-24.6508
35940,P1,BASE,-80.00,-80.02,-161,R,1174,-24.6507
35950,P1,BASE,-80.00,-79.98,-161,R,1142,-24.6508
35960,P1,BASE,-80.00,-80.00,-161,R,1110,-24.6508
35970,P1,BASE,-80.00,-79.98,-161,R,1078,-24.6510
35980,P1,BASE,-80.00,-77.53,-164,R,1047,-24.6757
35990,P1,BASE,-80.00,-77.51,-164,R,1016,-24.7006
36000,P1,BASE,-80.00,-80.00,-162,R,984,-24.7006
36010,P1,BASE,0.00,-77.48,-132,R,953,-23.9259
36020,P1,BASE,0.00,-80.00,-102,R,921,-23.1259
36030,P1,BASE,0.00,-77.51,-72,R,890,-22.3508
36040,P1,BASE,0.00,-74.99,-65,R,860,-21.6009
36050,P1,BASE,0.00,-70.02,-66,R,832,-20.9006
36060,P1,BASE,0.00,-70.00,-61,R,804,-20.2006
36070,P1,BASE,0.00,-64.99,-62,R,778,-19.5507
36080,P1,BASE,0.00,-60.01,-63,R,754,-18.9506
36090,P1,BASE,0.00,-57.49,-62,R,731,-18.3757
36100,P1,BASE,0.00,-54.98,-61,R,709,-17.8259
36110,P1,BASE,0.00,-52.50,-60,R,688,-17.3009
36120,P1,BASE,0.00,-47.52,-62,R,669,-16.8257
36130,P1,BASE,0.00,-42.49,-64,R,652,-16.4008
36140,P1,BASE,0.00,-42.51,-61,R,635,-15.9757
36150,P1,BASE,0.00,-39.99,-61,R,619,-15.5758
36160,P1,BASE,0.00,-35.00,-64,R,605,-15.2258
36170,P1,BASE,0.00,-32.50,-64,R,592,-14.9007
36180,P1,BASE,0.00,-27.49,-68,R,581,-14.6258
36190,P1,BASE,0.00,-27.50,-66,R,570,-14.3508
36200,P1,BASE,0.00,-25.00,-67,R,560,-14.1008
36210,P1,BASE,0.00,-20.00,-70,R,552,-13.9008
36220,P1,BASE,0.00,-20.01,-69,R,544,-13.7007
36230,P1,BASE,0.00,-15.00,-73,R,538,-13.5508
36240,P1,BASE,0.00,-15.00,-72,R,532,-13.4007
36250,P1,BASE,0.00,-15.00,-71,R,526,-13.2508
36260,P1,BASE,0.00,-10.00,-76,R,522,-13.1508
36270,P1,BASE,0.00,-10.00,-75,R,518,-13.0507
36280,P1,BASE,0.00,-7.50,-77,R,515,-12.9757
36290,P1,BASE,0.00,-5.00,-79,R,513,-12.9258
36300,P1,BASE,0.00,-7.50,-76,R,510,-12.8508
36310,P1,BASE,0.00,-5.00,-78,R,508,-12.8007
36320,P1,BASE,0.00,-2.50,-81,R,507,-12.7757
36330,P1,BASE,0.00,0.00,-83,R,507,-12.7757
36340,P1,BASE,0.00,0.00,-83,R,507,-12.7757
36350,P1,BASE,0.00,0.00,-83,R,507,-12.7757
36360,P1,BASE,0.00,0.00,-83,R,507,-12.7757
36370,P1,BASE,0.00,0.00,-83,R,507,-12.7757
36380,P1,BASE,0.00,0.00,-83,R,507,-12.7757
36390,P1,BASE,0.00,0.00,-83,R,507,-12.7757
36400,P1,BASE,0.00,0.00,-83,R,507,-12.7757
36410,P1,BASE,0.00,0.00,-83,R,507,-12.7757
36420,P1,BASE,0.00,0.00,-83,R,507,-12.7757
36430,P1,BASE,0.00,0.00,-83,R,507,-12.7757
36440,P1,BASE,0.00,0.00,-83,R,507,-12.7757
36450,P1,BASE,0.00,0.00,-83,R,507,-12.7757
36460,P1,BASE,0.00,0.00,-83,R,507,-12.7757
36470,P1,BASE,0.00,0.00,-83,R,507,-12.7757
36480,P1,BASE,0.00,0.00,-83,R,507,-12.7757
36490,P1,BASE,0.00,0.00,-83,R,507,-12.7757
36500,P1,BASE,0.00,0.00,-83,R,507,-12.7757
36510,P1,BASE,0.00,0.00,-83,R,507,-12.7757
36520,P1,BASE,0.00,0.00,-83,R,507,-12.7757
36530,P1,BASE,0.00,0.00,-83,R,507,-12.7757
36540,P1,BASE,0.00,0.00,-83,R,507,-12.7757
36550,P1,BASE,0.00,0.00,-83,R,507,-12.7757
36560,P1,BASE,0.00,0.00,-83,R,507,-12.7757
36570,P1,BASE,0.00,0.00,-83,R,507,-12.7757
36580,P1,BASE,0.00,0.00,-83,R,507,-12.7757
36590,P1,BASE,0.00,0.00,-83,R,507,-12.7757
36600,P1,BASE,0.00,0.00,-83,R,507,-12.7757
36610,P1,BASE,0.00,0.00,-83,R,507,-12.7757
36620,P1,BASE,0.00,0.00,-83,R,507,-12.7757
36630,P1,BASE,0.00,0.00,-83,R,507,-12.7757
36640,P1,BASE,0.00,0.00,-83,R,507,-12.7757
36650,P1,BASE,0.00,0.00,-83,R,507,-12.7757
36660,P1,BASE,0.00,0.00,-83,R,507,-12.7757
36670,P1,BASE,0.00,0.00,-83,R,507,-12.7757
36680,P1,BASE,0.00,0.00,-83,R,507,-12.7757
36690,P1,BASE,0.00,0.00,-83,R,507,-12.7757
36700,P1,BASE,0.00,0.00,-83,R,507,-12.7757
36710,P1,BASE,0.00,0.00,-83,R,507,-12.7757
36720,P1,BASE,0.00,0.00,-83,R,507,-12.7757
36730,P1,BASE,0.00,0.00,-83,R,507,-12.7757
36740,P1,BASE,0.00,0.00,-83,R,507,-12.7757
36750,P1,BASE,0.00,0.00,-83,R,507,-12.7757
36760,P1,BASE,0.00,0.00,-83,R,507,-12.7757
36770,P1,BASE,0.00,0.00,-83,R,507,-12.7757
36780,P1,BASE,0.00,0.00,-83,R,507,-12.7757
36790,P1,BASE,0.00,0.00,-83,R,507,-12.7757
36800,P1,BASE,0.00,0.00,-83,R,507,-12.7757
36810,P1,BASE,0.00,0.00,-83,R,507,-12.7757
36820,P1,BASE,0.00,0.00,-83,R,507,-12.7757
36830,P1,BASE,0.00,0.00,-83,R,507,-12.7757
36840,P1,BASE,0.00,0.00,-83,R,507,-12.7757
36850,P1,BASE,0.00,0.00,-83,R,507,-12.7757
36860,P1,BASE,0.00,0.00,-83,R,507,-12.7757
36870,P1,BASE,0.00,0.00,-83,R,507,-12.7757
36880,P1,BASE,0.00,0.00,-83,R,507,-12.7757
36890,P1,BASE,0.00,0.00,-83,R,507,-12.7757
36900,P1,BASE,0.00,0.00,-83,R,507,-12.7757
36910,P1,BASE,0.00,0.00,-83,R,507,-12.7757
36920,P1,BASE,0.00,0.00,-83,R,507,-12.7757
36930,P1,BASE,0.00,0.00,-83,R,507,-12.7757
36940,P1,BASE,0.00,0.00,-83,R,507,-12.7757
36950,P1,BASE,0.00,0.00,-83,R,507,-12.7757
36960,P1,BASE,0.00,0.00,-83,R,507,-12.7757
36970,P1,BASE,0.00,0.00,-83,R,507,-12.7757
36980,P1,BASE,0.00,0.00,-83,R,507,-12.7757
36990,P1,BASE,0.00,0.00,-83,R,507,-12.7757
37000,P1,BASE,0.00,0.00,-83,R,507,-12.7757
37010,P1,BASE,0.00,0.00,-83,R,507,-12.7757
37020,P1,BASE,0.00,0.00,-83,R,507,-12.7757
37030,P1,BASE,0.00,0.00,-83,R,507,-12.7757
37040,P1,BASE,0.00,0.00,-83,R,507,-12.7757
37050,P1,BASE,0.00,0.00,-83,R,507,-12.7757
37060,P1,BASE,0.00,0.00,-83,R,507,-12.7757
37070,P1,BASE,0.00,0.00,-83,R,507,-12.7757
37080,P1,BASE,0.00,0.00,-83,R,507,-12.7757
37090,P1,BASE,0.00,0.00,-83,R,507,-12.7757
37100,P1,BASE,0.00,0.00,-83,R,507,-12.7757
37110,P1,BASE,0.00,0.00,-83,R,507,-12.7757
37120,P1,BASE,0.00,0.00,-83,R,507,-12.7757
37130,P1,BASE,0.00,0.00,-83,R,507,-12.7757
37140,P1,BASE,0.00,0.00,-83,R,507,-12.7757
37150,P1,BASE,0.00,0.00,-83,R,507,-12.7757
37160,P1,BASE,0.00,0.00,-83,R,507,-12.7757
37170,P1,BASE,0.00,0.00,-83,R,507,-12.7757
37180,P1,BASE,0.00,0.00,-83,R,507,-12.7757
37190,P1,BASE,0.00,0.00,-83,R,507,-12.7757
37200,P1,BASE,0.00,0.00,-83,R,507,-12.7757
37210,P1,BASE,0.00,0.00,-83,R,507,-12.7757
37220,P1,BASE,0.00,0.00,-83,R,507,-12.7757
37230,P1,BASE,0.00,0.00,-83,R,507,-12.7757
37240,P1,BASE,0.00,0.00,-83,R,507,-12.7757
37250,P1,BASE,0.00,0.00,-83,R,507,-12.7757
37260,P1,BASE,0.00,0.00,-83,R,507,-12.7757
37270,P1,BASE,0.00,0.00,-83,R,507,-12.7757
37280,P1,BASE,0.00,0.00,-83,R,507,-12.7757
37290,P1,BASE,0.00,0.00,-83,R,507,-12.7757
37300,P1,BASE,0.00,0.00,-83,R,507,-12.7757
37310,P1,BASE,0.00,0.00,-83,R,507,-12.7757
37320,P1,BASE,0.00,0.00,-83,R,507,-12.7757
37330,P1,BASE,0.00,0.00,-83,R,507,-12.7757
37340,P1,BASE,0.00,0.00,-83,R,507,-12.7757
37350,P1,BASE,0.00,0.00,-83,R,507,-12.7757
37360,P1,BASE,0.00,0.00,-83,R,507,-12.7757
37370,P1,BASE,0.00,0.00,-83,R,507,-12.7757
37380,P1,BASE,0.00,0.00,-83,R,507,-12.7757
37390,P1,BASE,0.00,0.00,-83,R,507,-12.7757
37400,P1,BASE,0.00,0.00,-83,R,507,-12.7757
37410,P1,BASE,0.00,0.00,-83,R,507,-12.7757
37420,P1,BASE,0.00,0.00,-83,R,507,-12.7757
37430,P1,BASE,0.00,0.00,-83,R,507,-12.7757
37440,P1,BASE,0.00,0.00,-83,R,507,-12.7757
37450,P1,BASE,0.00,0.00,-83,R,507,-12.7757
37460,P1,BASE,0.00,0.00,-83,R,507,-12.7757
37470,P1,BASE,0.00,0.00,-83,R,507,-12.7757
37480,P1,BASE,0.00,0.00,-83,R,507,-12.7757
37490,P1,BASE,0.00,0.00,-83,R,507,-12.7757
37500,P1,BASE,0.00,0.00,-83,R,507,-12.7757
37510,P1,BASE,0.00,0.00,-83,R,507,-12.7757
37520,P1,BASE,0.00,0.00,-83,R,507,-12.7757
37530,P1,BASE,0.00,0.00,-83,R,507,-12.7757
37540,P1,BASE,0.00,0.00,-83,R,507,-12.7757
37550,P1,BASE,0.00,0.00,-83,R,507,-12.7757
37560,P1,BASE,0.00,0.00,-83,R,507,-12.7757
37570,P1,BASE,0.00,0.00,-83,R,507,-12.7757
37580,P1,BASE,0.00,0.00,-83,R,507,-12.7757
37590,P1,BASE,0.00,0.00,-83,R,507,-12.7757
37600,P1,BASE,0.00,0.00,-83,R,507,-12.7757
37610,P1,BASE,0.00,0.00,-83,R,507,-12.7757
37620,P1,BASE,0.00,0.00,-83,R,507,-12.7757
37630,P1,BASE,0.00,0.00,-83,R,507,-12.7757
37640,P1,BASE,0.00,0.00,-83,R,507,-12.7757
37650,P1,BASE,0.00,0.00,-83,R,507,-12.7757
37660,P1,BASE,0.00,0.00,-83,R,507,-12.7757
37670,P1,BASE,0.00,0.00,-83,R,507,-12.7757
37680,P1,BASE,0.00,0.00,-83,R,507,-12.7757
37690,P1,BASE,0.00,0.00,-83,R,507,-12.7757
37700,P1,BASE,0.00,0.00,-83,R,507,-12.7757
37710,P1,BASE,0.00,0.00,-83,R,507,-12.7757
37720,P1,BASE,0.00,0.00,-83,R,507,-12.7757
37730,P1,BASE,0.00,0.00,-83,R,507,-12.7757
37740,P1,BASE,0.00,0.00,-83,R,507,-12.7757
37750,P1,BASE,0.00,0.00,-83,R,507,-12.7757
37760,P1,BASE,0.00,0.00,-83,R,507,-12.7757
37770,P1,BASE,0.00,0.00,-83,R,507,-12.7757
37780,P1,BASE,0.00,0.00,-83,R,507,-12.7757
37790,P1,BASE,0.00,0.00,-83,R,507,-12.7757
37800,P1,BASE,0.00,0.00,-83,R,507,-12.7757
37810,P1,BASE,0.00,0.00,-83,R,507,-12.7757
37820,P1,BASE,0.00,0.00,-83,R,507,-12.7757
37830,P1,BASE,0.00,0.00,-83,R,507,-12.7757
37840,P1,BASE,0.00,0.00,-83,R,507,-12.7757
37850,P1,BASE,0.00,0.00,-83,R,507,-12.7757
37860,P1,BASE,0.00,0.00,-83,R,507,-12.7757
37870,P1,BASE,0.00,0.00,-83,R,507,-12.7757
37880,P1,BASE,0.00,0.00,-83,R,507,-12.7757
37890,P1,BASE,0.00,0.00,-83,R,507,-12.7757
37900,P1,BASE,0.00,0.00,-83,R,507,-12.7757
37910,P1,BASE,0.00,0.00,-83,R,507,-12.7757
37920,P1,BASE,0.00,0.00,-83,R,507,-12.7757
37930,P1,BASE,0.00,0.00,-83,R,507,-12.7757
37940,P1,BASE,0.00,0.00,-83,R,507,-12.7757
37950,P1,BASE,0.00,0.00,-83,R,507,-12.7757
37960,P1,BASE,0.00,0.00,-83,R,507,-12.7757
37970,P1,BASE,0.00,0.00,-83,R,507,-12.7757
37980,P1,BASE,0.00,0.00,-83,R,507,-12.7757
37990,P1,BASE,0.00,0.00,-83,R,507,-12.7757
38000,P1,BASE,0.00,0.00,-83,R,507,-12.7757
38010,P1,BASE,0.00,0.00,-83,R,507,-12.7757
38020,P1,BASE,0.00,0.00,-83,R,507,-12.7757
38030,P1,BASE,0.00,0.00,-83,R,507,-12.7757
38040,P1,BASE,0.00,0.00,-83,R,507,-12.7757
38050,P1,BASE,0.00,0.00,-83,R,507,-12.7757
38060,P1,BASE,0.00,0.00,-83,R,507,-12.7757
38070,P1,BASE,0.00,0.00,-83,R,507,-12.7757
38080,P1,BASE,0.00,0.00,-83,R,507,-12.7757
38090,P1,BASE,0.00,0.00,-83,R,507,-12.7757
38100,P1,BASE,0.00,0.00,-83,R,507,-12.7757
38110,P1,BASE,0.00,0.00,-83,R,507,-12.7757
38120,P1,BASE,0.00,0.00,-83,R,507,-12.7757
38130,P1,BASE,0.00,0.00,-83,R,507,-12.7757
38140,P1,BASE,0.00,0.00,-83,R,507,-12.7757
38150,P1,BASE,0.00,0.00,-83,R,507,-12.7757
38160,P1,BASE,0.00,0.00,-83,R,507,-12.7757
38170,P1,BASE,0.00,0.00,-83,R,507,-12.7757
38180,P1,BASE,0.00,0.00,-83,R,507,-12.7757
38190,P1,BASE,0.00,0.00,-83,R,507,-12.7757
38200,P1,BASE,0.00,0.00,-83,R,507,-12.7757
38210,P1,BASE,0.00,0.00,-83,R,507,-12.7757
38220,P1,BASE,0.00,0.00,-83,R,507,-12.7757
38230,P1,BASE,0.00,0.00,-83,R,507,-12.7757
38240,P1,BASE,0.00,0.00,-83,R,507,-12.7757
38250,P1,BASE,0.00,0.00,-83,R,507,-12.7757
38260,P1,BASE,0.00,0.00,-83,R,507,-12.7757
38270,P1,BASE,0.00,0.00,-83,R,507,-12.7757
38280,P1,BASE,0.00,0.00,-83,R,507,-12.7757
38290,P1,BASE,0.00,0.00,-83,R,507,-12.7757
38300,P1,BASE,0.00,0.00,-83,R,507,-12.7757
38310,P1,BASE,0.00,0.00,-83,R,507,-12.7757
38320,P1,BASE,0.00,0.00,-83,R,507,-12.7757
38330,P1,BASE,0.00,0.00,-83,R,507,-12.7757
38340,P1,BASE,0.00,0.00,-83,R,507,-12.7757
38350,P1,BASE,0.00,0.00,-83,R,507,-12.7757
38360,P1,BASE,0.00,0.00,-83,R,507,-12.7757
38370,P1,BASE,0.00,0.00,-83,R,507,-12.7757
38380,P1,BASE,0.00,0.00,-83,R,507,-12.7757
38390,P1,BASE,0.00,0.00,-83,R,507,-12.7757
38400,P1,BASE,0.00,0.00,-83,R,507,-12.7757
38410,P1,BASE,0.00,0.00,-83,R,507,-12.7757
38420,P1,BASE,0.00,0.00,-83,R,507,-12.7757
38430,P1,BASE,0.00,0.00,-83,R,507,-12.7757
38440,P1,BASE,0.00,0.00,-83,R,507,-12.7757
38450,P1,BASE,0.00,0.00,-83,R,507,-12.7757
38460,P1,BASE,0.00,0.00,-83,R,507,-12.7757
38470,P1,BASE,0.00,0.00,-83,R,507,-12.7757
38480,P1,BASE,0.00,0.00,-83,R,507,-12.7757
38490,P1,BASE,0.00,0.00,-83,R,507,-12.7757
38500,P1,BASE,0.00,0.00,-83,R,507,-12.7757
38510,P1,BASE,0.00,0.00,-83,R,507,-12.7757
38520,P1,BASE,0.00,0.00,-83,R,507,-12.7757
38530,P1,BASE,0.00,0.00,-83,R,507,-12.7757
38540,P1,BASE,0.00,0.00,-83,R,507,-12.7757
38550,P1,BASE,0.00,0.00,-83,R,507,-12.7757
38560,P1,BASE,0.00,0.00,-83,R,507,-12.7757
38570,P1,BASE,0.00,0.00,-83,R,507,-12.7757
38580,P1,BASE,0.00,0.00,-83,R,507,-12.7757
38590,P1,BASE,0.00,0.00,-83,R,507,-12.7757
38600,P1,BASE,0.00,0.00,-83,R,507,-12.7757
38610,P1,BASE,0.00,0.00,-83,R,507,-12.7757
38620,P1,BASE,0.00,0.00,-83,R,507,-12.7757
38630,P1,BASE,0.00,0.00,-83,R,507,-12.7757
38640,P1,BASE,0.00,0.00,-83,R,507,-12.7757
38650,P1,BASE,0.00,0.00,-83,R,507,-12.7757
38660,P1,BASE,0.00,0.00,-83,R,507,-12.7757
38670,P1,BASE,0.00,0.00,-83,R,507,-12.7757
38680,P1,BASE,0.00,0.00,-83,R,507,-12.7757
38690,P1,BASE,0.00,0.00,-83,R,507,-12.7757
38700,P1,BASE,0.00,0.00,-83,R,507,-12.7757
38710,P1,BASE,0.00,0.00,-83,R,507,-12.7757
38720,P1,BASE,0.00,0.00,-83,R,507,-12.7757
38730,P1,BASE,0.00,0.00,-83,R,507,-12.7757
38740,P1,BASE,0.00,0.00,-83,R,507,-12.7757
38750,P1,BASE,0.00,0.00,-83,R,507,-12.7757
38760,P1,BASE,0.00,0.00,-83,R,507,-12.7757
38770,P1,BASE,0.00,0.00,-83,R,507,-12.7757
38780,P1,BASE,0.00,0.00,-83,R,507,-12.7757
38790,P1,BASE,0.00,0.00,-83,R,507,-12.7757
38800,P1,BASE,0.00,0.00,-83,R,507,-12.7757
38810,P1,BASE,0.00,0.00,-83,R,507,-12.7757
38820,P1,BASE,0.00,0.00,-83,R,507,-12.7757
38830,P1,BASE,0.00,0.00,-83,R,507,-12.7757
38840,P1,BASE,0.00,0.00,-83,R,507,-12.7757
38850,P1,BASE,0.00,0.00,-83,R,507,-12.7757
38860,P1,BASE,0.00,0.00,-83,R,507,-12.7757
38870,P1,BASE,0.00,0.00,-83,R,507,-12.7757
38880,P1,BASE,0.00,0.00,-83,R,507,-12.7757
38890,P1,BASE,0.00,0.00,-83,R,507,-12.7757
38900,P1,BASE,0.00,0.00,-83,R,507,-12.7757
38910,P1,BASE,0.00,0.00,-83,R,507,-12.7757
38920,P1,BASE,0.00,0.00,-83,R,507,-12.7757
38930,P1,BASE,0.00,0.00,-83,R,507,-12.7757
38940,P1,BASE,0.00,0.00,-83,R,507,-12.7757
38950,P1,BASE,0.00,0.00,-83,R,507,-12.7757
38960,P1,BASE,0.00,0.00,-83,R,507,-12.7757
38970,P1,BASE,0.00,0.00,-83,R,507,-12.7757
38980,P1,BASE,0.00,0.00,-83,R,507,-12.7757
38990,P1,BASE,0.00,0.00,-83,R,507,-12.7757
39000,P1,BASE,0.00,0.00,-83,R,507,-12.7757
