t_ms,profile,controller,ref_rpm,meas_rpm,pwm_cmd,dir,enc_count,integrator
0,P2,CASC,0.00,0.00,0,N,0,0.0000
10,P2,CASC,0.15,0.00,30,F,0,0.0015
20,P2,CASC,0.30,0.00,60,F,0,0.0045
30,P2,CASC,0.45,0.00,90,F,0,0.0090
40,P2,CASC,0.60,0.00,120,F,0,0.0150
50,P2,CASC,0.75,0.00,150,F,0,0.0225
60,P2,CASC,0.90,0.00,154,F,0,0.0315
70,P2,CASC,1.05,0.00,154,F,0,0.0420
80,P2,CASC,1.20,0.00,154,F,0,0.0540
90,P2,CASC,1.35,2.50,153,F,1,0.0425
100,P2,CASC,1.50,12.50,145,F,6,-0.0675
110,P2,CASC,1.65,15.00,143,F,12,-0.2010
120,P2,CASC,1.80,20.00,138,F,20,-0.3830
130,P2,CASC,1.95,17.50,140,F,27,-0.5385
140,P2,CASC,2.10,22.50,136,F,36,-0.7425
150,P2,CASC,2.25,22.50,136,F,45,-0.9450
160,P2,CASC,2.40,22.50,135,F,54,-1.1460
170,P2,CASC,2.55,25.00,133,F,64,-1.3705
180,P2,CASC,2.70,25.00,132,F,74,-1.5935
190,P2,CASC,2.85,27.50,130,F,85,-1.8399
200,P2,CASC,3.00,25.01,131,F,95,-2.0600
210,P2,CASC,3.15,27.49,129,F,106,-2.3034
220,P2,CASC,3.30,27.50,129,F,117,-2.5454
230,P2,CASC,3.45,27.50,128,F,128,-2.7859
240,P2,CASC,3.60,30.00,126,F,140,-3.0499
250,P2,CASC,3.75,27.51,127,F,151,-3.2875
260,P2,CASC,3.90,29.99,125,F,163,-3.5485
270,P2,CASC,4.05,27.51,126,F,174,-3.7830
280,P2,CASC,4.20,30.00,124,F,186,-4.0410
290,P2,CASC,4.35,30.00,123,F,198,-4.2975
300,P2,CASC,4.50,29.99,123,F,210,-4.5524
310,P2,CASC,4.65,30.00,122,F,222,-4.8059
320,P2,CASC,4.80,27.50,124,F,233,-5.0329
330,P2,CASC,4.95,30.00,121,F,245,-5.2834
340,P2,CASC,5.10,32.51,119,F,258,-5.5575
350,P2,CASC,5.25,30.00,120,F,270,-5.8050
360,P2,CASC,5.40,30.01,120,F,282,-6.0510
370,P2,CASC,5.55,27.49,121,F,293,-6.2704
380,P2,CASC,5.70,30.01,119,F,305,-6.5135
390,P2,CASC,5.85,29.99,118,F,317,-6.7550
400,P2,CASC,6.00,30.00,118,F,329,-6.9950
410,P2,CASC,6.15,30.00,117,F,341,-7.2335
420,P2,CASC,6.30,30.00,117,F,353,-7.4705
430,P2,CASC,6.45,30.00,116,F,365,-7.7060
440,P2,CASC,6.60,29.99,116,F,377,-7.9400
450,P2,CASC,6.75,30.00,115,F,389,-8.1725
460,P2,CASC,6.90,27.50,117,F,400,-8.3785
470,P2,CASC,7.05,30.00,115,F,412,-8.6080
480,P2,CASC,7.20,30.00,114,F,424,-8.8359
490,P2,CASC,7.35,30.00,114,F,436,-9.0625
500,P2,CASC,7.50,30.00,113,F,448,-9.2874
510,P2,CASC,7.65,30.01,113,F,460,-9.5110
520,P2,CASC,7.80,30.00,112,F,472,-9.7330
530,P2,CASC,7.95,30.01,112,F,484,-9.9535
540,P2,CASC,8.10,30.00,112,F,496,-10.1725
550,P2,CASC,8.25,27.50,113,F,507,-10.3650
560,P2,CASC,8.40,30.00,111,F,519,-10.5810
570,P2,CASC,8.55,27.50,112,F,530,-10.7705
580,P2,CASC,8.70,27.49,112,F,541,-10.9584
590,P2,CASC,8.85,30.01,110,F,553,-11.1700
600,P2,CASC,9.00,30.00,109,F,565,-11.3800
610,P2,CASC,9.15,27.50,111,F,576,-11.5635
620,P2,CASC,9.30,27.50,111,F,587,-11.7455
630,P2,CASC,9.45,27.50,110,F,598,-11.9260
640,P2,CASC,9.60,27.50,110,F,609,-12.1050
650,P2,CASC,9.75,27.49,110,F,620,-12.2825
660,P2,CASC,9.90,29.98,107,F,632,-12.4833
670,P2,CASC,10.05,25.01,111,F,642,-12.6329
680,P2,CASC,10.20,27.51,109,F,653,-12.8060
690,P2,CASC,10.35,27.49,108,F,664,-12.9774
700,P2,CASC,10.50,27.51,108,F,675,-13.1475
710,P2,CASC,10.65,27.50,108,F,686,-13.3160
720,P2,CASC,10.80,25.00,109,F,696,-13.4579
730,P2,CASC,10.95,27.51,107,F,707,-13.6235
740,P2,CASC,11.10,25.00,109,F,717,-13.7624
750,P2,CASC,11.25,27.51,107,F,728,-13.9250
760,P2,CASC,11.40,25.00,108,F,738,-14.0610
770,P2,CASC,11.55,27.50,106,F,749,-14.2204
780,P2,CASC,11.70,25.00,108,F,759,-14.3535
790,P2,CASC,11.85,25.01,108,F,769,-14.4850
800,P2,CASC,12.00,25.00,108,F,779,-14.6150
810,P2,CASC,12.15,27.49,105,F,790,-14.7684
820,P2,CASC,12.30,25.01,107,F,800,-14.8955
830,P2,CASC,12.45,25.00,107,F,810,-15.0209
840,P2,CASC,12.60,25.01,107,F,820,-15.1450
850,P2,CASC,12.75,22.50,109,F,829,-15.2425
860,P2,CASC,12.90,22.50,108,F,838,-15.3384
870,P2,CASC,13.05,25.00,106,F,848,-15.4579
880,P2,CASC,13.20,25.01,106,F,858,-15.5760
890,P2,CASC,13.35,24.99,106,F,868,-15.6924
900,P2,CASC,13.50,22.50,108,F,877,-15.7825
910,P2,CASC,13.65,22.50,108,F,886,-15.8710
920,P2,CASC,13.80,22.50,108,F,895,-15.9580
930,P2,CASC,13.95,22.50,107,F,904,-16.0435
940,P2,CASC,14.10,22.50,107,F,913,-16.1275
950,P2,CASC,14.25,22.50,107,F,922,-16.2100
960,P2,CASC,14.40,22.50,107,F,931,-16.2910
970,P2,CASC,14.55,22.50,107,F,940,-16.3705
980,P2,CASC,14.70,19.99,109,F,948,-16.4234
990,P2,CASC,14.85,22.51,107,F,957,-16.5000
1000,P2,CASC,15.00,20.00,109,F,965,-16.5500
1010,P2,CASC,15.15,22.50,107,F,974,-16.6235
1020,P2,CASC,15.30,22.50,107,F,983,-16.6955
1030,P2,CASC,15.45,22.49,107,F,992,-16.7659
1040,P2,CASC,15.60,20.00,109,F,1000,-16.8099
1050,P2,CASC,15.75,20.01,109,F,1008,-16.8525
1060,P2,CASC,15.90,20.00,109,F,1016,-16.8935
1070,P2,CASC,16.05,20.00,109,F,1024,-16.9330
1080,P2,CASC,16.20,22.50,107,F,1033,-16.9960
1090,P2,CASC,16.35,20.00,109,F,1041,-17.0325
1100,P2,CASC,16.50,20.00,109,F,1049,-17.0675
1110,P2,CASC,16.65,19.99,109,F,1057,-17.1010
1120,P2,CASC,16.80,20.00,109,F,1065,-17.1330
1130,P2,CASC,16.95,20.00,109,F,1073,-17.1635
1140,P2,CASC,17.10,20.00,109,F,1081,-17.1924
1150,P2,CASC,17.25,20.01,109,F,1089,-17.2200
1160,P2,CASC,17.40,19.99,109,F,1097,-17.2460
1170,P2,CASC,17.55,17.50,105,F,1104,-17.2455
1180,P2,CASC,17.70,20.00,109,F,1112,-17.2685
1190,P2,CASC,17.85,17.50,105,F,1119,-17.2650
1200,P2,CASC,18.00,17.50,105,F,1126,-17.2600
1210,P2,CASC,18.15,17.50,105,F,1133,-17.2535
1220,P2,CASC,18.30,17.50,105,F,1140,-17.2455
1230,P2,CASC,18.45,15.00,106,F,1146,-17.2110
1240,P2,CASC,18.60,17.50,105,F,1153,-17.2000
1250,P2,CASC,18.75,17.50,105,F,1160,-17.1875
1260,P2,CASC,18.90,15.00,106,F,1166,-17.1485
1270,P2,CASC,19.05,17.49,105,F,1173,-17.1329
1280,P2,CASC,19.20,15.00,106,F,1179,-17.0910
1290,P2,CASC,19.35,12.50,107,F,1184,-17.0225
1300,P2,CASC,19.50,15.00,107,F,1190,-16.9775
1310,P2,CASC,19.65,15.00,107,F,1196,-16.9310
1320,P2,CASC,19.80,12.50,108,F,1201,-16.8580
1330,P2,CASC,19.95,12.50,108,F,1206,-16.7835
1340,P2,CASC,20.10,15.00,108,F,1212,-16.7325
1350,P2,CASC,20.25,12.50,109,F,1217,-16.6550
1360,P2,CASC,20.40,12.50,109,F,1222,-16.5760
1370,P2,CASC,20.55,12.50,109,F,1227,-16.4955
1380,P2,CASC,20.70,15.00,109,F,1233,-16.4385
1390,P2,CASC,20.85,12.50,110,F,1238,-16.3550
1400,P2,CASC,21.00,12.50,110,F,1243,-16.2700
1410,P2,CASC,21.15,12.50,110,F,1248,-16.1835
1420,P2,CASC,21.30,12.50,110,F,1253,-16.0955
1430,P2,CASC,21.45,12.50,111,F,1258,-16.0060
1440,P2,CASC,21.60,12.50,111,F,1263,-15.9150
1450,P2,CASC,21.75,12.50,111,F,1268,-15.8225
1460,P2,CASC,21.90,12.50,112,F,1273,-15.7285
1470,P2,CASC,22.05,12.50,112,F,1278,-15.6330
1480,P2,CASC,22.20,10.00,113,F,1282,-15.5110
1490,P2,CASC,22.35,15.00,112,F,1288,-15.4375
1500,P2,CASC,22.50,12.50,113,F,1293,-15.3375
1510,P2,CASC,22.65,12.50,113,F,1298,-15.2360
1520,P2,CASC,22.80,10.00,114,F,1302,-15.1080
1530,P2,CASC,22.95,12.50,114,F,1307,-15.0035
1540,P2,CASC,23.10,12.50,114,F,1312,-14.8975
1550,P2,CASC,23.25,12.50,115,F,1317,-14.7900
1560,P2,CASC,23.40,10.00,116,F,1321,-14.6560
1570,P2,CASC,23.55,15.00,115,F,1327,-14.5704
1580,P2,CASC,23.70,12.51,116,F,1332,-14.4585
1590,P2,CASC,23.85,12.50,116,F,1337,-14.3450
1600,P2,CASC,24.00,12.50,117,F,1342,-14.2300
1610,P2,CASC,24.15,15.00,116,F,1348,-14.1385
1620,P2,CASC,24.30,15.00,116,F,1354,-14.0455
1630,P2,CASC,24.45,12.50,118,F,1359,-13.9260
1640,P2,CASC,24.60,12.50,118,F,1364,-13.8050
1650,P2,CASC,24.75,15.00,117,F,1370,-13.7075
1660,P2,CASC,24.90,15.00,118,F,1376,-13.6085
1670,P2,CASC,25.05,15.00,118,F,1382,-13.5080
1680,P2,CASC,25.20,15.00,118,F,1388,-13.4060
1690,P2,CASC,25.35,15.00,119,F,1394,-13.3024
1700,P2,CASC,25.50,15.01,119,F,1400,-13.1975
1710,P2,CASC,25.65,14.99,119,F,1406,-13.0909
1720,P2,CASC,25.80,15.01,120,F,1412,-12.9830
1730,P2,CASC,25.95,17.50,119,F,1419,-12.8985
1740,P2,CASC,26.10,15.00,120,F,1425,-12.7875
1750,P2,CASC,26.25,17.50,120,F,1432,-12.7000
1760,P2,CASC,26.40,15.00,121,F,1438,-12.5860
1770,P2,CASC,26.55,17.49,121,F,1445,-12.4955
1780,P2,CASC,26.70,20.00,120,F,1453,-12.4285
1790,P2,CASC,26.85,17.50,121,F,1460,-12.3350
1800,P2,CASC,27.00,17.50,122,F,1467,-12.2400
1810,P2,CASC,27.15,20.00,121,F,1475,-12.1685
1820,P2,CASC,27.30,20.00,121,F,1483,-12.0955
1830,P2,CASC,27.45,20.00,122,F,1491,-12.0210
1840,P2,CASC,27.60,17.50,123,F,1498,-11.9200
1850,P2,CASC,27.75,20.00,122,F,1506,-11.8425
1860,P2,CASC,27.90,20.00,122,F,1514,-11.7635
1870,P2,CASC,28.05,22.50,122,F,1523,-11.7080
1880,P2,CASC,28.20,20.00,123,F,1531,-11.6260
1890,P2,CASC,28.35,22.50,122,F,1540,-11.5675
1900,P2,CASC,28.50,20.00,123,F,1548,-11.4824
1910,P2,CASC,28.65,22.50,123,F,1557,-11.4209
1920,P2,CASC,28.80,22.50,123,F,1566,-11.3579
1930,P2,CASC,28.95,25.00,123,F,1576,-11.3184
1940,P2,CASC,29.10,22.50,124,F,1585,-11.2524
1950,P2,CASC,29.25,25.00,123,F,1595,-11.2099
1960,P2,CASC,29.40,22.51,124,F,1604,-11.1410
1970,P2,CASC,29.55,25.00,123,F,1614,-11.0955
1980,P2,CASC,29.70,22.50,124,F,1623,-11.0235
1990,P2,CASC,29.85,27.50,123,F,1634,-11.0000
2000,P2,CASC,30.00,25.00,124,F,1644,-10.9499
2010,P2,CASC,30.15,27.51,123,F,1655,-10.9235
2020,P2,CASC,30.30,25.00,124,F,1665,-10.8705
2030,P2,CASC,30.45,27.50,124,F,1676,-10.8410
2040,P2,CASC,30.60,27.50,124,F,1687,-10.8100
2050,P2,CASC,30.75,27.50,124,F,1698,-10.7774
2060,P2,CASC,30.90,27.51,124,F,1709,-10.7435
2070,P2,CASC,31.05,27.50,124,F,1720,-10.7080
2080,P2,CASC,31.20,27.49,124,F,1731,-10.6709
2090,P2,CASC,31.35,27.50,124,F,1742,-10.6324
2100,P2,CASC,31.50,30.00,124,F,1754,-10.6174
2110,P2,CASC,31.65,30.00,124,F,1766,-10.6010
2120,P2,CASC,31.80,29.99,124,F,1778,-10.5829
2130,P2,CASC,31.95,30.00,124,F,1790,-10.5634
2140,P2,CASC,32.10,27.51,125,F,1801,-10.5175
2150,P2,CASC,32.25,32.50,127,F,1814,-10.5200
2160,P2,CASC,32.40,29.99,124,F,1826,-10.4959
2170,P2,CASC,32.55,32.50,124,F,1839,-10.4954
2180,P2,CASC,32.70,30.00,125,F,1851,-10.4685
2190,P2,CASC,32.85,30.00,125,F,1863,-10.4400
2200,P2,CASC,33.00,35.00,126,F,1877,-10.4600
2210,P2,CASC,33.15,32.50,124,F,1890,-10.4535
2220,P2,CASC,33.30,32.50,124,F,1903,-10.4455
2230,P2,CASC,33.45,32.50,124,F,1916,-10.4360
2240,P2,CASC,33.60,35.00,127,F,1930,-10.4500
2250,P2,CASC,33.75,35.00,127,F,1944,-10.4625
2260,P2,CASC,33.90,35.00,127,F,1958,-10.4735
2270,P2,CASC,34.05,35.00,127,F,1972,-10.4830
2280,P2,CASC,34.20,34.99,127,F,1986,-10.4909
2290,P2,CASC,34.35,35.00,127,F,2000,-10.4975
2300,P2,CASC,34.50,35.01,127,F,2014,-10.5025
2310,P2,CASC,34.65,34.99,127,F,2028,-10.5060
2320,P2,CASC,34.80,37.50,126,F,2043,-10.5329
2330,P2,CASC,34.95,35.00,128,F,2057,-10.5335
2340,P2,CASC,35.10,37.50,126,F,2072,-10.5575
2350,P2,CASC,35.25,37.51,126,F,2087,-10.5800
2360,P2,CASC,35.40,35.00,124,F,2101,-10.5760
2370,P2,CASC,35.55,35.00,124,F,2115,-10.5705
2380,P2,CASC,35.70,37.51,126,F,2130,-10.5885
2390,P2,CASC,35.85,34.99,124,F,2144,-10.5799
2400,P2,CASC,36.00,35.01,124,F,2158,-10.5700
2410,P2,CASC,36.15,35.00,124,F,2172,-10.5585
2420,P2,CASC,36.30,37.49,127,F,2187,-10.5704
2430,P2,CASC,36.45,35.01,124,F,2201,-10.5560
2440,P2,CASC,36.60,35.00,124,F,2215,-10.5400
2450,P2,CASC,36.75,35.00,124,F,2229,-10.5225
2460,P2,CASC,36.90,37.50,127,F,2244,-10.5285
2470,P2,CASC,37.05,34.99,124,F,2258,-10.5079
2480,P2,CASC,37.20,35.01,124,F,2272,-10.4860
2490,P2,CASC,37.35,37.50,128,F,2287,-10.4875
2500,P2,CASC,37.50,35.00,125,F,2301,-10.4625
2510,P2,CASC,37.65,34.99,125,F,2315,-10.4360
2520,P2,CASC,37.80,32.50,126,F,2328,-10.3829
2530,P2,CASC,37.95,35.01,125,F,2342,-10.3535
2540,P2,CASC,38.10,37.50,124,F,2357,-10.3475
2550,P2,CASC,38.25,35.00,125,F,2371,-10.3150
2560,P2,CASC,38.40,32.50,126,F,2384,-10.2560
2570,P2,CASC,38.55,35.00,126,F,2398,-10.2205
2580,P2,CASC,38.70,32.49,127,F,2411,-10.1584
2590,P2,CASC,38.85,35.01,126,F,2425,-10.1200
2600,P2,CASC,39.00,32.50,127,F,2438,-10.0550
2610,P2,CASC,39.15,34.99,126,F,2452,-10.0134
2620,P2,CASC,39.30,35.00,126,F,2466,-9.9704
2630,P2,CASC,39.45,32.51,127,F,2479,-9.9010
2640,P2,CASC,39.60,35.00,127,F,2493,-9.8550
2650,P2,CASC,39.75,32.50,128,F,2506,-9.7825
2660,P2,CASC,39.90,35.00,127,F,2520,-9.7335
2670,P2,CASC,40.05,32.49,128,F,2533,-9.6579
2680,P2,CASC,40.20,35.00,128,F,2547,-9.6059
2690,P2,CASC,40.35,35.00,128,F,2561,-9.5524
2700,P2,CASC,40.50,35.01,128,F,2575,-9.4975
2710,P2,CASC,40.65,34.99,128,F,2589,-9.4409
2720,P2,CASC,40.80,32.50,129,F,2602,-9.3579
2730,P2,CASC,40.95,35.00,129,F,2616,-9.2984
2740,P2,CASC,41.10,32.50,130,F,2629,-9.2125
2750,P2,CASC,41.25,35.01,129,F,2643,-9.1500
2760,P2,CASC,41.40,37.50,129,F,2658,-9.1110
2770,P2,CASC,41.55,35.00,130,F,2672,-9.0455
2780,P2,CASC,41.70,35.00,130,F,2686,-8.9784
2790,P2,CASC,41.85,35.01,130,F,2700,-8.9100
2800,P2,CASC,42.00,34.99,130,F,2714,-8.8399
2810,P2,CASC,42.15,35.00,131,F,2728,-8.7685
2820,P2,CASC,42.30,35.00,131,F,2742,-8.6955
2830,P2,CASC,42.45,37.50,130,F,2757,-8.6460
2840,P2,CASC,42.60,37.51,131,F,2772,-8.5950
2850,P2,CASC,42.75,37.50,131,F,2787,-8.5425
2860,P2,CASC,42.90,37.50,131,F,2802,-8.4885
2870,P2,CASC,43.05,37.50,131,F,2817,-8.4330
2880,P2,CASC,43.20,40.00,131,F,2833,-8.4009
2890,P2,CASC,43.35,40.00,131,F,2849,-8.3675
2900,P2,CASC,43.50,40.00,131,F,2865,-8.3324
2910,P2,CASC,43.65,40.00,131,F,2881,-8.2960
2920,P2,CASC,43.80,42.50,130,F,2898,-8.2830
2930,P2,CASC,43.95,40.00,131,F,2914,-8.2434
2940,P2,CASC,44.10,45.00,133,F,2932,-8.2525
2950,P2,CASC,44.25,55.00,125,F,2954,-8.3600
2960,P2,CASC,44.40,45.00,132,F,2972,-8.3659
2970,P2,CASC,44.55,42.51,130,F,2989,-8.3455
2980,P2,CASC,44.70,42.50,131,F,3006,-8.3235
2990,P2,CASC,44.85,42.49,131,F,3023,-8.2999
3000,P2,CASC,45.00,42.50,131,F,3040,-8.2749
3010,P2,CASC,45.15,40.01,132,F,3056,-8.2235
3020,P2,CASC,45.30,42.50,131,F,3073,-8.1955
3030,P2,CASC,45.45,37.50,133,F,3088,-8.1160
3040,P2,CASC,45.60,39.99,132,F,3104,-8.0599
3050,P2,CASC,45.75,42.50,132,F,3121,-8.0274
3060,P2,CASC,45.90,47.52,132,F,3140,-8.0436
3070,P2,CASC,46.05,47.49,133,F,3159,-8.0579
3080,P2,CASC,46.20,45.00,131,F,3177,-8.0459
3090,P2,CASC,46.35,47.50,133,F,3196,-8.0575
3100,P2,CASC,46.50,47.51,133,F,3215,-8.0676
3110,P2,CASC,46.65,45.00,131,F,3233,-8.0511
3120,P2,CASC,46.80,49.99,131,F,3253,-8.0829
3130,P2,CASC,46.95,47.50,133,F,3272,-8.0885
3140,P2,CASC,47.10,47.50,133,F,3291,-8.0925
3150,P2,CASC,47.25,47.50,133,F,3310,-8.0950
3160,P2,CASC,47.40,47.49,134,F,3329,-8.0959
3170,P2,CASC,47.55,45.01,131,F,3347,-8.0706
3180,P2,CASC,47.70,47.50,131,F,3366,-8.0685
3190,P2,CASC,47.85,49.99,132,F,3386,-8.0900
3200,P2,CASC,48.00,47.51,131,F,3405,-8.0851
3210,P2,CASC,48.15,47.48,131,F,3424,-8.0784
3220,P2,CASC,48.30,47.52,131,F,3443,-8.0706
3230,P2,CASC,48.45,47.49,131,F,3462,-8.0610
3240,P2,CASC,48.60,47.50,131,F,3481,-8.0500
3250,P2,CASC,48.75,47.51,131,F,3500,-8.0376
3260,P2,CASC,48.90,44.99,132,F,3518,-7.9984
3270,P2,CASC,49.05,47.50,131,F,3537,-7.9829
3280,P2,CASC,49.20,45.00,132,F,3555,-7.9409
3290,P2,CASC,49.35,47.50,132,F,3574,-7.9225
3300,P2,CASC,49.50,45.00,132,F,3592,-7.8775
3310,P2,CASC,49.65,44.99,133,F,3610,-7.8309
3320,P2,CASC,49.80,47.51,132,F,3629,-7.8080
3330,P2,CASC,49.95,45.00,133,F,3647,-7.7585
3340,P2,CASC,50.10,45.00,133,F,3665,-7.7075
3350,P2,CASC,50.25,47.50,133,F,3684,-7.6800
3360,P2,CASC,50.40,45.00,134,F,3702,-7.6259
3370,P2,CASC,50.55,45.00,134,F,3720,-7.5704
3380,P2,CASC,50.70,45.01,134,F,3738,-7.5135
3390,P2,CASC,50.85,47.49,134,F,3757,-7.4799
3400,P2,CASC,51.00,45.01,135,F,3775,-7.4200
3410,P2,CASC,51.15,47.49,134,F,3794,-7.3834
3420,P2,CASC,51.30,45.01,135,F,3812,-7.3205
3430,P2,CASC,51.45,45.00,135,F,3830,-7.2561
3440,P2,CASC,51.60,42.49,136,F,3847,-7.1649
3450,P2,CASC,51.75,47.51,135,F,3866,-7.1226
3460,P2,CASC,51.90,44.99,136,F,3884,-7.0535
3470,P2,CASC,52.05,45.00,136,F,3902,-6.9830
3480,P2,CASC,52.20,45.00,137,F,3920,-6.9110
3490,P2,CASC,52.35,45.00,137,F,3938,-6.8375
3500,P2,CASC,52.50,42.50,138,F,3955,-6.7374
3510,P2,CASC,52.65,47.51,137,F,3974,-6.6860
3520,P2,CASC,52.80,44.99,138,F,3992,-6.6079
3530,P2,CASC,52.95,45.01,138,F,4010,-6.5286
3540,P2,CASC,53.10,44.98,139,F,4028,-6.4474
3550,P2,CASC,53.25,47.51,138,F,4047,-6.3900
3560,P2,CASC,53.40,47.49,138,F,4066,-6.3309
3570,P2,CASC,53.55,47.51,139,F,4085,-6.2706
3580,P2,CASC,53.70,47.49,139,F,4104,-6.2084
3590,P2,CASC,53.85,47.51,139,F,4123,-6.1450
3600,P2,CASC,54.00,44.99,140,F,4141,-6.0549
3610,P2,CASC,54.15,49.99,139,F,4161,-6.0133
3620,P2,CASC,54.30,47.51,140,F,4180,-5.9454
3630,P2,CASC,54.45,47.51,140,F,4199,-5.8760
3640,P2,CASC,54.60,50.01,140,F,4219,-5.8300
3650,P2,CASC,54.75,47.50,141,F,4238,-5.7576
3660,P2,CASC,54.90,49.99,140,F,4258,-5.7085
3670,P2,CASC,55.05,50.00,140,F,4278,-5.6580
3680,P2,CASC,55.20,49.99,141,F,4298,-5.6060
3690,P2,CASC,55.35,50.01,141,F,4318,-5.5525
3700,P2,CASC,55.50,52.49,140,F,4339,-5.5224
3710,P2,CASC,55.65,52.49,141,F,4360,-5.4909
3720,P2,CASC,55.80,52.52,141,F,4381,-5.4581
3730,P2,CASC,55.95,52.48,141,F,4402,-5.4234
3740,P2,CASC,56.10,52.50,141,F,4423,-5.3874
3750,P2,CASC,56.25,52.50,141,F,4444,-5.3499
3760,P2,CASC,56.40,52.52,141,F,4465,-5.3111
3770,P2,CASC,56.55,52.49,142,F,4486,-5.2705
3780,P2,CASC,56.70,50.00,143,F,4506,-5.2035
3790,P2,CASC,56.85,52.50,142,F,4527,-5.1600
3800,P2,CASC,57.00,52.49,142,F,4548,-5.1149
3810,P2,CASC,57.15,52.52,143,F,4569,-5.0686
3820,P2,CASC,57.30,52.48,143,F,4590,-5.0204
3830,P2,CASC,57.45,49.99,144,F,4610,-4.9459
3840,P2,CASC,57.60,52.51,143,F,4631,-4.8949
3850,P2,CASC,57.75,55.01,143,F,4653,-4.8675
3860,P2,CASC,57.90,52.50,144,F,4674,-4.8135
3870,P2,CASC,58.05,54.98,143,F,4696,-4.7829
3880,P2,CASC,58.20,52.51,144,F,4717,-4.7260
3890,P2,CASC,58.35,55.01,144,F,4739,-4.6925
3900,P2,CASC,58.50,54.99,144,F,4761,-4.6575
3910,P2,CASC,58.65,52.49,145,F,4782,-4.5959
3920,P2,CASC,58.80,52.50,145,F,4803,-4.5329
3930,P2,CASC,58.95,55.01,145,F,4825,-4.4935
3940,P2,CASC,59.10,55.00,145,F,4847,-4.4525
3950,P2,CASC,59.25,55.01,145,F,4869,-4.4101
3960,P2,CASC,59.40,54.99,145,F,4891,-4.3660
3970,P2,CASC,59.55,55.01,145,F,4913,-4.3206
3980,P2,CASC,59.70,55.00,146,F,4935,-4.2736
3990,P2,CASC,59.85,57.49,145,F,4958,-4.2500
4000,P2,CASC,60.00,54.99,146,F,4980,-4.1999
4010,P2,CASC,60.15,57.52,145,F,5003,-4.1736
4020,P2,CASC,60.30,55.00,146,F,5025,-4.1206
4030,P2,CASC,60.45,54.98,147,F,5047,-4.0659
4040,P2,CASC,60.60,57.51,146,F,5070,-4.0350
4050,P2,CASC,60.75,55.01,147,F,5092,-3.9776
4060,P2,CASC,60.90,57.49,147,F,5115,-3.9436
4070,P2,CASC,61.05,54.99,148,F,5137,-3.8829
4080,P2,CASC,61.20,57.48,147,F,5160,-3.8458
4090,P2,CASC,61.35,57.53,147,F,5183,-3.8076
4100,P2,CASC,61.50,54.98,148,F,5205,-3.7424
4110,P2,CASC,61.65,57.49,148,F,5228,-3.7009
4120,P2,CASC,61.80,60.02,147,F,5252,-3.6831
4130,P2,CASC,61.95,57.49,148,F,5275,-3.6385
4140,P2,CASC,62.10,62.51,148,F,5300,-3.6426
4150,P2,CASC,62.25,60.00,148,F,5324,-3.6201
4160,P2,CASC,62.40,70.00,142,F,5352,-3.6961
4170,P2,CASC,62.55,69.97,142,F,5380,-3.7704
4180,P2,CASC,62.70,60.01,147,F,5404,-3.7434
4190,P2,CASC,62.85,60.00,148,F,5428,-3.7149
4200,P2,CASC,63.00,60.02,148,F,5452,-3.6851
4210,P2,CASC,63.15,59.98,148,F,5476,-3.6534
4220,P2,CASC,63.30,52.50,151,F,5497,-3.5454
4230,P2,CASC,63.45,55.00,150,F,5519,-3.4609
4240,P2,CASC,63.60,65.01,148,F,5545,-3.4750
4250,P2,CASC,63.75,64.99,148,F,5571,-3.4874
4260,P2,CASC,63.90,65.01,148,F,5597,-3.4985
4270,P2,CASC,64.05,65.01,148,F,5623,-3.5081
4280,P2,CASC,64.20,64.98,149,F,5649,-3.5159
4290,P2,CASC,64.35,65.00,149,F,5675,-3.5224
4300,P2,CASC,64.50,65.01,149,F,5701,-3.5275
4310,P2,CASC,64.65,65.01,149,F,5727,-3.5310
4320,P2,CASC,64.80,64.99,149,F,5753,-3.5330
4330,P2,CASC,64.95,65.00,149,F,5779,-3.5335
4340,P2,CASC,65.10,67.51,147,F,5806,-3.5576
4350,P2,CASC,65.25,65.01,148,F,5832,-3.5551
4360,P2,CASC,65.40,64.98,148,F,5858,-3.5509
4370,P2,CASC,65.55,65.02,148,F,5884,-3.5456
4380,P2,CASC,65.70,67.50,148,F,5911,-3.5636
4390,P2,CASC,65.85,62.49,149,F,5936,-3.5301
4400,P2,CASC,66.00,64.99,149,F,5962,-3.5199
4410,P2,CASC,66.15,65.01,149,F,5988,-3.5086
4420,P2,CASC,66.30,65.00,149,F,6014,-3.4956
4430,P2,CASC,66.45,64.99,149,F,6040,-3.4810
4440,P2,CASC,66.60,64.99,149,F,6066,-3.4649
4450,P2,CASC,66.75,67.51,149,F,6093,-3.4724
4460,P2,CASC,66.90,62.49,150,F,6118,-3.4284
4470,P2,CASC,67.05,67.53,150,F,6145,-3.4331
4480,P2,CASC,67.20,64.99,150,F,6171,-3.4111
4490,P2,CASC,67.35,67.51,150,F,6198,-3.4126
4500,P2,CASC,67.50,64.99,150,F,6224,-3.3875
4510,P2,CASC,67.65,62.51,151,F,6249,-3.3361
4520,P2,CASC,67.80,67.48,149,F,6276,-3.3329
4530,P2,CASC,67.95,62.53,151,F,6301,-3.2786
4540,P2,CASC,68.10,62.48,151,F,6326,-3.2224
4550,P2,CASC,68.25,65.00,151,F,6352,-3.1899
4560,P2,CASC,68.40,62.50,152,F,6377,-3.1309
4570,P2,CASC,68.55,65.02,151,F,6403,-3.0956
4580,P2,CASC,68.70,62.49,152,F,6428,-3.0334
4590,P2,CASC,68.85,65.01,152,F,6454,-2.9950
4600,P2,CASC,69.00,64.99,152,F,6480,-2.9549
4610,P2,CASC,69.15,65.01,152,F,6506,-2.9135
4620,P2,CASC,69.30,62.50,153,F,6531,-2.8455
4630,P2,CASC,69.45,65.00,153,F,6557,-2.8010
4640,P2,CASC,69.60,67.49,152,F,6584,-2.7799
4650,P2,CASC,69.75,62.50,154,F,6609,-2.7074
4660,P2,CASC,69.90,65.01,153,F,6635,-2.6586
4670,P2,CASC,70.05,65.00,154,F,6661,-2.6081
4680,P2,CASC,70.20,67.50,153,F,6688,-2.5811
4690,P2,CASC,70.35,64.99,154,F,6714,-2.5274
4700,P2,CASC,70.50,67.50,153,F,6741,-2.4974
4710,P2,CASC,70.65,69.99,153,F,6769,-2.4909
4720,P2,CASC,70.80,67.53,154,F,6796,-2.4581
4730,P2,CASC,70.95,67.49,154,F,6823,-2.4236
4740,P2,CASC,71.10,67.49,154,F,6850,-2.3875
4750,P2,CASC,71.25,67.51,154,F,6877,-2.3501
4760,P2,CASC,71.40,64.99,155,F,6903,-2.2861
4770,P2,CASC,71.55,67.51,155,F,6930,-2.2456
4780,P2,CASC,71.70,65.00,156,F,6956,-2.1786
4790,P2,CASC,71.85,67.49,155,F,6983,-2.1351
4800,P2,CASC,72.00,65.00,156,F,7009,-2.0651
4810,P2,CASC,72.15,64.98,157,F,7035,-1.9934
4820,P2,CASC,72.30,70.03,155,F,7063,-1.9707
4830,P2,CASC,72.45,67.49,156,F,7090,-1.9211
4840,P2,CASC,72.60,67.51,156,F,7117,-1.8702
4850,P2,CASC,72.75,67.47,157,F,7144,-1.8174
4860,P2,CASC,72.90,70.03,156,F,7172,-1.7887
4870,P2,CASC,73.05,67.48,157,F,7199,-1.7330
4880,P2,CASC,73.20,67.52,157,F,7226,-1.6762
4890,P2,CASC,73.35,69.99,157,F,7254,-1.6426
4900,P2,CASC,73.50,70.01,157,F,7282,-1.6077
4910,P2,CASC,73.65,67.47,158,F,7309,-1.5459
4920,P2,CASC,73.80,70.01,157,F,7337,-1.5080
4930,P2,CASC,73.95,72.51,157,F,7366,-1.4936
4940,P2,CASC,74.10,70.01,158,F,7394,-1.4527
4950,P2,CASC,74.25,69.98,158,F,7422,-1.4100
4960,P2,CASC,74.40,70.00,158,F,7450,-1.3660
4970,P2,CASC,74.55,70.02,158,F,7478,-1.3207
4980,P2,CASC,74.70,69.98,159,F,7506,-1.2735
4990,P2,CASC,74.85,67.51,160,F,7533,-1.2001
5000,P2,CASC,75.00,69.99,159,F,7561,-1.1500
5010,P2,CASC,75.15,70.02,159,F,7589,-1.0987
5020,P2,CASC,75.30,69.99,160,F,7617,-1.0455
5030,P2,CASC,75.45,72.49,159,F,7646,-1.0160
5040,P2,CASC,75.60,70.02,160,F,7674,-0.9602
5050,P2,CASC,75.75,72.48,160,F,7703,-0.9275
5060,P2,CASC,75.90,75.02,159,F,7733,-0.9187
5070,P2,CASC,76.05,87.48,150,F,7768,-1.0330
5080,P2,CASC,76.20,75.01,159,F,7798,-1.0211
5090,P2,CASC,76.35,72.49,160,F,7827,-0.9824
5100,P2,CASC,76.50,72.52,160,F,7856,-0.9427
5110,P2,CASC,76.65,69.98,161,F,7884,-0.8759
5120,P2,CASC,76.80,62.50,164,F,7909,-0.7329
5130,P2,CASC,76.95,72.52,161,F,7938,-0.6887
5140,P2,CASC,77.10,77.47,160,F,7969,-0.6923
5150,P2,CASC,77.25,77.50,160,F,8000,-0.6948
5160,P2,CASC,77.40,75.01,161,F,8030,-0.6710
5170,P2,CASC,77.55,77.48,160,F,8061,-0.6703
5180,P2,CASC,77.70,77.53,160,F,8092,-0.6687
5190,P2,CASC,77.85,74.98,161,F,8122,-0.6399
5200,P2,CASC,78.00,77.52,160,F,8153,-0.6352
5210,P2,CASC,78.15,77.48,160,F,8184,-0.6285
5220,P2,CASC,78.30,77.50,160,F,8215,-0.6205
5230,P2,CASC,78.45,77.51,161,F,8246,-0.6111
5240,P2,CASC,78.60,77.51,161,F,8277,-0.6002
5250,P2,CASC,78.75,77.48,161,F,8308,-0.5874
5260,P2,CASC,78.90,75.00,162,F,8338,-0.5484
5270,P2,CASC,79.05,77.52,161,F,8369,-0.5332
5280,P2,CASC,79.20,77.50,161,F,8400,-0.5162
5290,P2,CASC,79.35,75.00,162,F,8430,-0.4727
5300,P2,CASC,79.50,77.47,162,F,8461,-0.4524
5310,P2,CASC,79.65,80.03,161,F,8493,-0.4562
5320,P2,CASC,79.80,74.97,163,F,8523,-0.4079
5330,P2,CASC,79.95,80.01,161,F,8555,-0.4085
5340,P2,CASC,80.10,77.50,162,F,8586,-0.3825
5350,P2,CASC,80.25,80.02,162,F,8618,-0.3801
5360,P2,CASC,80.40,75.00,163,F,8648,-0.3261
5370,P2,CASC,80.55,79.98,162,F,8680,-0.3204
5380,P2,CASC,80.70,75.01,164,F,8710,-0.2635
5390,P2,CASC,80.85,77.49,163,F,8741,-0.2299
5400,P2,CASC,81.00,75.01,165,F,8771,-0.1700
5410,P2,CASC,81.15,77.50,164,F,8802,-0.1335
5420,P2,CASC,81.30,75.00,165,F,8832,-0.0705
5430,P2,CASC,81.45,77.50,165,F,8863,-0.0310
5440,P2,CASC,81.60,77.50,165,F,8894,0.0100
5450,P2,CASC,81.75,75.01,166,F,8924,0.0774
5460,P2,CASC,81.90,77.50,166,F,8955,0.1214
5470,P2,CASC,82.05,79.99,165,F,8987,0.1420
5480,P2,CASC,82.20,75.01,167,F,9017,0.2138
5490,P2,CASC,82.35,77.49,167,F,9048,0.2624
5500,P2,CASC,82.50,80.01,166,F,9080,0.2873
5510,P2,CASC,82.65,77.50,167,F,9111,0.3388
5520,P2,CASC,82.80,82.48,166,F,9144,0.3421
5530,P2,CASC,82.95,80.01,167,F,9176,0.3715
5540,P2,CASC,83.10,80.02,167,F,9208,0.4023
5550,P2,CASC,83.25,79.99,167,F,9240,0.4349
5560,P2,CASC,83.40,79.99,168,F,9272,0.4690
5570,P2,CASC,83.55,80.00,168,F,9304,0.5045
5580,P2,CASC,83.70,77.49,169,F,9335,0.5666
5590,P2,CASC,83.85,77.50,169,F,9366,0.6301
5600,P2,CASC,84.00,77.52,170,F,9397,0.6949
5610,P2,CASC,84.15,80.01,169,F,9429,0.7363
5620,P2,CASC,84.30,80.00,169,F,9461,0.7793
5630,P2,CASC,84.45,79.98,170,F,9493,0.8241
5640,P2,CASC,84.60,80.02,170,F,9525,0.8698
5650,P2,CASC,84.75,82.48,169,F,9558,0.8926
5660,P2,CASC,84.90,79.94,171,F,9590,0.9421
5670,P2,CASC,85.05,80.06,171,F,9622,0.9921
5680,P2,CASC,85.20,80.02,171,F,9654,1.0438
5690,P2,CASC,85.35,84.98,170,F,9688,1.0475
5700,P2,CASC,85.50,80.02,172,F,9720,1.1024
5710,P2,CASC,85.65,84.98,170,F,9754,1.1090
5720,P2,CASC,85.80,82.50,171,F,9787,1.1420
5730,P2,CASC,85.95,82.52,172,F,9820,1.1764
5740,P2,CASC,86.10,82.50,172,F,9853,1.2124
5750,P2,CASC,86.25,82.49,172,F,9886,1.2499
5760,P2,CASC,86.40,79.98,173,F,9918,1.3141
5770,P2,CASC,86.55,82.52,173,F,9951,1.3544
5780,P2,CASC,86.70,82.48,173,F,9984,1.3966
5790,P2,CASC,86.85,80.02,174,F,10016,1.4649
5800,P2,CASC,87.00,82.48,174,F,10049,1.5100
5810,P2,CASC,87.15,82.51,174,F,10082,1.5564
5820,P2,CASC,87.30,84.97,173,F,10116,1.5798
5830,P2,CASC,87.45,87.53,172,F,10151,1.5790
5840,P2,CASC,87.60,97.50,165,F,10190,1.4800
5850,P2,CASC,87.75,80.02,175,F,10222,1.5574
5860,P2,CASC,87.90,82.48,175,F,10255,1.6115
5870,P2,CASC,88.05,82.50,175,F,10288,1.6670
5880,P2,CASC,88.20,72.49,179,F,10317,1.8241
5890,P2,CASC,88.35,87.52,175,F,10352,1.8324
5900,P2,CASC,88.50,85.00,176,F,10386,1.8674
5910,P2,CASC,88.65,87.48,175,F,10421,1.8791
5920,P2,CASC,88.80,87.52,175,F,10456,1.8919
5930,P2,CASC,88.95,87.50,175,F,10491,1.9064
5940,P2,CASC,89.10,85.01,176,F,10525,1.9473
5950,P2,CASC,89.25,87.50,176,F,10560,1.9648
5960,P2,CASC,89.40,90.00,174,F,10596,1.9588
5970,P2,CASC,89.55,87.48,176,F,10631,1.9795
5980,P2,CASC,89.70,87.49,177,F,10666,2.0016
5990,P2,CASC,89.85,87.53,177,F,10701,2.0248
6000,P2,CASC,90.00,85.00,178,F,10735,2.0748
6010,P2,CASC,90.15,87.48,177,F,10770,2.1015
6020,P2,CASC,90.30,84.98,178,F,10804,2.1547
6030,P2,CASC,90.45,87.50,178,F,10839,2.1842
6040,P2,CASC,90.60,87.53,178,F,10874,2.2149
6050,P2,CASC,90.75,89.98,178,F,10910,2.2226
6060,P2,CASC,90.90,87.50,179,F,10945,2.2566
6070,P2,CASC,91.05,90.03,178,F,10981,2.2668
6080,P2,CASC,91.20,89.98,178,F,11017,2.2790
6090,P2,CASC,91.35,84.99,180,F,11051,2.3426
6100,P2,CASC,91.50,90.03,179,F,11087,2.3573
6110,P2,CASC,91.65,85.00,181,F,11121,2.4238
6120,P2,CASC,91.80,87.50,180,F,11156,2.4668
6130,P2,CASC,91.95,87.47,180,F,11191,2.5116
6140,P2,CASC,92.10,85.01,182,F,11225,2.5825
6150,P2,CASC,92.25,89.99,180,F,11261,2.6051
6160,P2,CASC,92.40,87.51,181,F,11296,2.6540
6170,P2,CASC,92.55,87.50,182,F,11331,2.7045
6180,P2,CASC,92.70,90.00,181,F,11367,2.7315
6190,P2,CASC,92.85,87.51,182,F,11402,2.7849
6200,P2,CASC,93.00,89.98,182,F,11438,2.8151
6210,P2,CASC,93.15,90.02,182,F,11474,2.8464
6220,P2,CASC,93.30,89.99,182,F,11510,2.8795
6230,P2,CASC,93.45,92.52,182,F,11547,2.8888
6240,P2,CASC,93.60,94.98,179,F,11585,2.8750
6250,P2,CASC,93.75,92.52,182,F,11622,2.8873
6260,P2,CASC,93.90,89.98,183,F,11658,2.9265
6270,P2,CASC,94.05,89.99,183,F,11694,2.9671
6280,P2,CASC,94.20,92.51,183,F,11731,2.9840
6290,P2,CASC,94.35,90.00,184,F,11767,3.0275
6300,P2,CASC,94.50,90.00,184,F,11803,3.0725
6310,P2,CASC,94.65,90.01,184,F,11839,3.1189
6320,P2,CASC,94.80,95.01,182,F,11877,3.1168
6330,P2,CASC,94.95,92.49,184,F,11914,3.1414
6340,P2,CASC,95.10,95.01,184,F,11952,3.1423
6350,P2,CASC,95.25,92.50,184,F,11989,3.1698
6360,P2,CASC,95.40,94.96,184,F,12027,3.1742
6370,P2,CASC,95.55,97.53,181,F,12066,3.1544
6380,P2,CASC,95.70,97.50,181,F,12105,3.1364
6390,P2,CASC,95.85,97.50,182,F,12144,3.1199
6400,P2,CASC,96.00,97.50,182,F,12183,3.1049
6410,P2,CASC,96.15,97.50,182,F,12222,3.0914
6420,P2,CASC,96.30,97.48,182,F,12261,3.0796
6430,P2,CASC,96.45,95.02,185,F,12299,3.0939
6440,P2,CASC,96.60,94.99,185,F,12337,3.1100
6450,P2,CASC,96.75,95.02,185,F,12375,3.1273
6460,P2,CASC,96.90,97.47,183,F,12414,3.1216
6470,P2,CASC,97.05,97.52,183,F,12453,3.1169
6480,P2,CASC,97.20,97.48,184,F,12492,3.1141
6490,P2,CASC,97.35,100.00,182,F,12532,3.0876
6500,P2,CASC,97.50,112.50,172,F,12577,2.9376
6510,P2,CASC,97.65,97.50,185,F,12616,2.9391
6520,P2,CASC,97.80,95.03,186,F,12654,2.9668
6530,P2,CASC,97.95,94.98,186,F,12692,2.9965
6540,P2,CASC,98.10,90.01,188,F,12728,3.0774
6550,P2,CASC,98.25,102.49,181,F,12769,3.0350
6560,P2,CASC,98.40,102.49,181,F,12810,2.9941
6570,P2,CASC,98.55,100.01,184,F,12850,2.9795
6580,P2,CASC,98.70,102.51,182,F,12891,2.9414
6590,P2,CASC,98.85,99.99,184,F,12931,2.9300
6600,P2,CASC,99.00,102.50,182,F,12972,2.8950
6610,P2,CASC,99.15,100.02,184,F,13012,2.8863
6620,P2,CASC,99.30,102.46,183,F,13053,2.8547
6630,P2,CASC,99.45,100.02,185,F,13093,2.8490
6640,P2,CASC,99.60,97.51,187,F,13132,2.8699
6650,P2,CASC,99.75,102.50,183,F,13173,2.8424
6660,P2,CASC,99.90,97.51,187,F,13212,2.8663
6670,P2,CASC,100.05,102.46,184,F,13253,2.8423
6680,P2,CASC,100.20,102.53,184,F,13294,2.8189
6690,P2,CASC,100.35,99.98,187,F,13334,2.8226
6700,P2,CASC,100.50,105.03,182,F,13376,2.7773
6710,P2,CASC,100.65,102.47,184,F,13417,2.7591
6720,P2,CASC,100.80,100.02,187,F,13457,2.7669
6730,P2,CASC,100.95,99.98,187,F,13497,2.7766
6740,P2,CASC,101.10,100.03,187,F,13537,2.7873
6750,P2,CASC,101.25,100.00,188,F,13577,2.7998
6760,P2,CASC,101.40,99.96,188,F,13617,2.8142
6770,P2,CASC,101.55,100.04,188,F,13657,2.8293
6780,P2,CASC,101.70,102.47,186,F,13698,2.8216
6790,P2,CASC,101.85,100.00,188,F,13738,2.8401
6800,P2,CASC,102.00,102.49,186,F,13779,2.8352
6810,P2,CASC,102.15,100.00,189,F,13819,2.8567
6820,P2,CASC,102.30,102.53,187,F,13860,2.8544
6830,P2,CASC,102.45,102.51,187,F,13901,2.8538
6840,P2,CASC,102.60,105.00,185,F,13943,2.8298
6850,P2,CASC,102.75,104.97,185,F,13985,2.8077
6860,P2,CASC,102.90,102.52,188,F,14026,2.8114
6870,P2,CASC,103.05,105.00,186,F,14068,2.7919
6880,P2,CASC,103.20,100.01,189,F,14108,2.8238
6890,P2,CASC,103.35,99.99,190,F,14148,2.8574
6900,P2,CASC,103.50,102.51,189,F,14189,2.8673
6910,P2,CASC,103.65,99.97,190,F,14229,2.9041
6920,P2,CASC,103.80,104.99,187,F,14271,2.8922
6930,P2,CASC,103.95,102.53,190,F,14312,2.9064
6940,P2,CASC,104.10,107.41,186,F,14355,2.8733
6950,P2,CASC,104.25,102.55,190,F,14396,2.8903
6960,P2,CASC,104.40,105.04,188,F,14438,2.8839
6970,P2,CASC,104.55,109.98,184,F,14482,2.8296
6980,P2,CASC,104.70,107.51,186,F,14525,2.8015
6990,P2,CASC,104.85,109.98,184,F,14569,2.7502
7000,P2,CASC,105.00,107.49,186,F,14612,2.7253
7010,P2,CASC,105.15,105.01,190,F,14654,2.7267
7020,P2,CASC,105.30,107.53,187,F,14697,2.7044
7030,P2,CASC,105.45,102.48,191,F,14738,2.7341
7040,P2,CASC,105.60,107.48,187,F,14781,2.7153
7050,P2,CASC,105.75,105.03,190,F,14823,2.7225
7060,P2,CASC,105.90,107.48,188,F,14866,2.7067
7070,P2,CASC,106.05,107.49,188,F,14909,2.6923
7080,P2,CASC,106.20,112.53,184,F,14954,2.6290
7090,P2,CASC,106.35,117.49,180,F,15001,2.5176
7100,P2,CASC,106.50,107.50,188,F,15044,2.5076
7110,P2,CASC,106.65,100.02,192,F,15084,2.5739
7120,P2,CASC,106.80,97.48,193,F,15123,2.6671
7130,P2,CASC,106.95,110.00,187,F,15167,2.6366
7140,P2,CASC,107.10,112.51,185,F,15212,2.5825
7150,P2,CASC,107.25,107.47,189,F,15255,2.5803
7160,P2,CASC,107.40,110.00,188,F,15299,2.5543
7170,P2,CASC,107.55,110.01,188,F,15343,2.5297
7180,P2,CASC,107.70,112.53,186,F,15388,2.4813
7190,P2,CASC,107.85,107.46,191,F,15431,2.4853
7200,P2,CASC,108.00,110.04,188,F,15475,2.4648
7210,P2,CASC,108.15,109.99,188,F,15519,2.4464
7220,P2,CASC,108.30,107.48,191,F,15562,2.4547
7230,P2,CASC,108.45,107.50,191,F,15605,2.4642
7240,P2,CASC,108.60,110.00,189,F,15649,2.4502
7250,P2,CASC,108.75,112.50,187,F,15694,2.4127
7260,P2,CASC,108.90,107.52,191,F,15737,2.4264
7270,P2,CASC,109.05,114.99,186,F,15783,2.3671
7280,P2,CASC,109.20,109.98,190,F,15827,2.3593
7290,P2,CASC,109.35,110.04,190,F,15871,2.3523
7300,P2,CASC,109.50,107.48,192,F,15914,2.3726
7310,P2,CASC,109.65,107.51,192,F,15957,2.3939
7320,P2,CASC,109.80,110.00,190,F,16001,2.3919
7330,P2,CASC,109.95,107.48,192,F,16044,2.4167
7340,P2,CASC,110.10,110.02,192,F,16088,2.4174
7350,P2,CASC,110.25,107.49,193,F,16131,2.4450
7360,P2,CASC,110.40,110.02,192,F,16175,2.4488
7370,P2,CASC,110.55,109.98,192,F,16219,2.4545
7380,P2,CASC,110.70,110.02,193,F,16263,2.4613
7390,P2,CASC,110.85,112.50,190,F,16308,2.4448
7400,P2,CASC,111.00,112.48,190,F,16353,2.4301
7410,P2,CASC,111.15,114.99,189,F,16399,2.3917
7420,P2,CASC,111.30,110.01,193,F,16443,2.4046
7430,P2,CASC,111.45,112.50,191,F,16488,2.3941
7440,P2,CASC,111.60,107.49,194,F,16531,2.4352
7450,P2,CASC,111.75,110.01,193,F,16575,2.4526
7460,P2,CASC,111.90,107.52,194,F,16618,2.4963
7470,P2,CASC,112.05,109.98,194,F,16662,2.5171
7480,P2,CASC,112.20,114.98,190,F,16708,2.4893
7490,P2,CASC,112.35,112.55,192,F,16753,2.4873
7500,P2,CASC,112.50,112.48,194,F,16798,2.4876
7510,P2,CASC,112.65,114.98,191,F,16844,2.4643
7520,P2,CASC,112.80,115.00,191,F,16890,2.4423
7530,P2,CASC,112.95,117.51,189,F,16937,2.3967
7540,P2,CASC,113.10,117.52,189,F,16984,2.3524
7550,P2,CASC,113.25,114.99,191,F,17030,2.3351
7560,P2,CASC,113.40,114.99,192,F,17076,2.3192
7570,P2,CASC,113.55,112.51,194,F,17121,2.3296
7580,P2,CASC,113.70,115.00,192,F,17167,2.3166
7590,P2,CASC,113.85,112.50,194,F,17212,2.3301
7600,P2,CASC,114.00,115.00,192,F,17258,2.3201
7610,P2,CASC,114.15,115.02,193,F,17304,2.3113
7620,P2,CASC,114.30,119.96,189,F,17352,2.2547
7630,P2,CASC,114.45,130.00,181,F,17404,2.0992
7640,P2,CASC,114.60,112.53,194,F,17449,2.1199
7650,P2,CASC,114.75,112.46,195,F,17494,2.1428
7660,P2,CASC,114.90,105.04,197,F,17536,2.2414
7670,P2,CASC,115.05,115.00,194,F,17582,2.2419
7680,P2,CASC,115.20,120.00,190,F,17630,2.1939
7690,P2,CASC,115.35,119.98,190,F,17678,2.1476
7700,P2,CASC,115.50,117.43,192,F,17725,2.1283
7710,P2,CASC,115.65,117.57,192,F,17772,2.1091
7720,P2,CASC,115.80,117.49,192,F,17819,2.0922
7730,P2,CASC,115.95,117.54,193,F,17866,2.0764
7740,P2,CASC,116.10,117.46,193,F,17913,2.0627
7750,P2,CASC,116.25,115.02,195,F,17959,2.0750
7760,P2,CASC,116.40,114.98,195,F,18005,2.0892
7770,P2,CASC,116.55,117.54,193,F,18052,2.0794
7780,P2,CASC,116.70,120.00,192,F,18100,2.0464
7790,P2,CASC,116.85,120.00,192,F,18148,2.0149
7800,P2,CASC,117.00,119.98,192,F,18196,1.9851
7810,P2,CASC,117.15,115.01,196,F,18242,2.0065
7820,P2,CASC,117.30,119.98,192,F,18290,1.9798
7830,P2,CASC,117.45,115.02,196,F,18336,2.0040
7840,P2,CASC,117.60,114.97,196,F,18382,2.0304
7850,P2,CASC,117.75,115.00,196,F,18428,2.0579
7860,P2,CASC,117.90,117.52,196,F,18475,2.0616
7870,P2,CASC,118.05,117.49,196,F,18522,2.0672
7880,P2,CASC,118.20,117.51,196,F,18569,2.0741
7890,P2,CASC,118.35,117.49,196,F,18616,2.0827
7900,P2,CASC,118.50,117.52,197,F,18663,2.0925
7910,P2,CASC,118.65,117.49,197,F,18710,2.1041
7920,P2,CASC,118.80,122.51,193,F,18759,2.0670
7930,P2,CASC,118.95,122.49,193,F,18808,2.0316
7940,P2,CASC,119.10,117.52,197,F,18855,2.0474
7950,P2,CASC,119.25,117.50,197,F,18902,2.0649
7960,P2,CASC,119.40,117.50,197,F,18949,2.0839
7970,P2,CASC,119.55,117.48,198,F,18996,2.1046
7980,P2,CASC,119.70,117.49,198,F,19043,2.1267
7990,P2,CASC,119.85,120.00,196,F,19091,2.1252
8000,P2,CASC,120.00,120.01,197,F,19139,2.1251
8010,P2,CASC,120.15,122.51,195,F,19188,2.1015
8020,P2,CASC,120.30,119.98,198,F,19236,2.1047
8030,P2,CASC,120.45,127.53,191,F,19287,2.0340
8040,P2,CASC,120.60,122.49,195,F,19336,2.0151
8050,P2,CASC,120.75,127.50,191,F,19387,1.9476
8060,P2,CASC,120.90,122.49,195,F,19436,1.9317
8070,P2,CASC,121.05,125.04,194,F,19486,1.8919
8080,P2,CASC,121.20,119.98,198,F,19534,1.9041
8090,P2,CASC,121.35,120.00,198,F,19582,1.9176
8100,P2,CASC,121.50,122.51,196,F,19631,1.9075
8110,P2,CASC,121.65,122.48,196,F,19680,1.8992
8120,P2,CASC,121.80,125.03,195,F,19730,1.8670
8130,P2,CASC,121.95,137.49,185,F,19785,1.7116
8140,P2,CASC,122.10,122.51,197,F,19834,1.7075
8150,P2,CASC,122.25,117.51,199,F,19881,1.7549
8160,P2,CASC,122.40,115.00,200,F,19927,1.8289
8170,P2,CASC,122.55,125.00,195,F,19977,1.8044
8180,P2,CASC,122.70,125.00,196,F,20027,1.7814
8190,P2,CASC,122.85,124.95,196,F,20077,1.7604
8200,P2,CASC,123.00,125.04,196,F,20127,1.7400
8210,P2,CASC,123.15,127.47,194,F,20178,1.6968
8220,P2,CASC,123.30,125.01,196,F,20228,1.6796
8230,P2,CASC,123.45,124.99,196,F,20278,1.6643
8240,P2,CASC,123.60,122.50,199,F,20327,1.6753
8250,P2,CASC,123.75,125.04,197,F,20377,1.6624
8260,P2,CASC,123.90,122.50,199,F,20426,1.6764
8270,P2,CASC,124.05,124.96,197,F,20476,1.6673
8280,P2,CASC,124.20,127.53,195,F,20527,1.6340
8290,P2,CASC,124.35,129.99,194,F,20579,1.5776
8300,P2,CASC,124.50,125.03,198,F,20629,1.5724
8310,P2,CASC,124.65,124.98,198,F,20679,1.5691
8320,P2,CASC,124.80,122.50,200,F,20728,1.5921
8330,P2,CASC,124.95,122.51,200,F,20777,1.6165
8340,P2,CASC,125.10,124.99,199,F,20827,1.6176
8350,P2,CASC,125.25,125.03,199,F,20877,1.6199
8360,P2,CASC,125.40,122.46,200,F,20926,1.6492
8370,P2,CASC,125.55,124.99,200,F,20976,1.6549
8380,P2,CASC,125.70,125.05,200,F,21026,1.6614
8390,P2,CASC,125.85,122.50,201,F,21075,1.6949
8400,P2,CASC,126.00,127.47,198,F,21126,1.6801
8410,P2,CASC,126.15,130.01,196,F,21178,1.6415
8420,P2,CASC,126.30,127.45,198,F,21229,1.6300
8430,P2,CASC,126.45,125.04,200,F,21279,1.6441
8440,P2,CASC,126.60,122.50,201,F,21328,1.6851
8450,P2,CASC,126.75,125.01,201,F,21378,1.7025
8460,P2,CASC,126.90,122.51,202,F,21427,1.7464
8470,P2,CASC,127.05,124.98,201,F,21477,1.7671
8480,P2,CASC,127.20,127.53,200,F,21528,1.7639
8490,P2,CASC,127.35,129.95,198,F,21580,1.7379
8500,P2,CASC,127.50,127.54,200,F,21631,1.7375
8510,P2,CASC,127.65,132.47,197,F,21684,1.6893
8520,P2,CASC,127.80,130.01,199,F,21736,1.6671
8530,P2,CASC,127.95,135.01,195,F,21790,1.5965
8540,P2,CASC,128.10,129.99,199,F,21842,1.5776
8550,P2,CASC,128.25,130.01,199,F,21894,1.5600
8560,P2,CASC,128.40,127.49,201,F,21945,1.5691
8570,P2,CASC,128.55,129.92,200,F,21997,1.5554
8580,P2,CASC,128.70,127.56,202,F,22048,1.5668
8590,P2,CASC,128.85,130.03,200,F,22100,1.5550
8600,P2,CASC,129.00,140.00,192,F,22156,1.4450
8610,P2,CASC,129.15,137.47,194,F,22211,1.3618
8620,P2,CASC,129.30,127.53,202,F,22262,1.3795
8630,P2,CASC,129.45,125.01,203,F,22312,1.4239
8640,P2,CASC,129.60,122.49,204,F,22361,1.4950
8650,P2,CASC,129.75,132.47,199,F,22414,1.4678
8660,P2,CASC,129.90,132.53,199,F,22467,1.4415
8670,P2,CASC,130.05,132.49,199,F,22520,1.4172
8680,P2,CASC,130.20,132.53,199,F,22573,1.3939
8690,P2,CASC,130.35,132.49,200,F,22626,1.3725
8700,P2,CASC,130.50,132.51,200,F,22679,1.3524
8710,P2,CASC,130.65,129.95,202,F,22731,1.3594
8720,P2,CASC,130.80,132.54,200,F,22784,1.3420
8730,P2,CASC,130.95,129.97,202,F,22836,1.3518
8740,P2,CASC,131.10,132.53,201,F,22889,1.3375
8750,P2,CASC,131.25,135.01,199,F,22943,1.2999
8760,P2,CASC,131.40,134.96,199,F,22997,1.2643
8770,P2,CASC,131.55,132.53,201,F,23050,1.2545
8780,P2,CASC,131.70,132.50,201,F,23103,1.2465
8790,P2,CASC,131.85,127.47,204,F,23154,1.2903
8800,P2,CASC,132.00,132.53,202,F,23207,1.2850
8810,P2,CASC,132.15,130.01,203,F,23259,1.3064
8820,P2,CASC,132.30,129.97,204,F,23311,1.3296
8830,P2,CASC,132.45,129.99,204,F,23363,1.3543
8840,P2,CASC,132.60,132.50,203,F,23416,1.3553
8850,P2,CASC,132.75,130.00,204,F,23468,1.3828
8860,P2,CASC,132.90,132.51,204,F,23521,1.3866
8870,P2,CASC,133.05,137.50,200,F,23576,1.3421
8880,P2,CASC,133.20,132.49,204,F,23629,1.3493
8890,P2,CASC,133.35,135.04,202,F,23683,1.3324
8900,P2,CASC,133.50,129.95,205,F,23735,1.3679
8910,P2,CASC,133.65,130.01,205,F,23787,1.4043
8920,P2,CASC,133.80,130.03,205,F,23839,1.4420
8930,P2,CASC,133.95,135.01,203,F,23893,1.4314
8940,P2,CASC,134.10,134.97,203,F,23947,1.4226
8950,P2,CASC,134.25,135.00,203,F,24001,1.4151
8960,P2,CASC,134.40,134.97,204,F,24055,1.4094
8970,P2,CASC,134.55,140.00,200,F,24111,1.3549
8980,P2,CASC,134.70,140.00,200,F,24167,1.3019
8990,P2,CASC,134.85,137.51,202,F,24222,1.2753
9000,P2,CASC,135.00,140.00,200,F,24278,1.2253
9010,P2,CASC,135.15,135.01,205,F,24332,1.2266
9020,P2,CASC,135.30,135.00,205,F,24386,1.2296
9030,P2,CASC,135.45,134.99,205,F,24440,1.2343
9040,P2,CASC,135.60,137.51,203,F,24495,1.2151
9050,P2,CASC,135.75,147.53,195,F,24554,1.0973
9060,P2,CASC,135.90,142.49,199,F,24611,1.0315
9070,P2,CASC,136.05,135.01,205,F,24665,1.0418
9080,P2,CASC,136.20,132.50,206,F,24718,1.0788
9090,P2,CASC,136.35,129.99,207,F,24770,1.1425
9100,P2,CASC,136.50,137.47,204,F,24825,1.1328
9110,P2,CASC,136.65,140.01,202,F,24881,1.0991
9120,P2,CASC,136.80,139.99,202,F,24937,1.0673
9130,P2,CASC,136.95,140.03,202,F,24993,1.0365
9140,P2,CASC,137.10,137.49,204,F,25048,1.0326
9150,P2,CASC,137.25,140.01,203,F,25104,1.0050
9160,P2,CASC,137.40,134.96,206,F,25158,1.0294
9170,P2,CASC,137.55,137.56,205,F,25213,1.0293
9180,P2,CASC,137.70,139.94,203,F,25269,1.0069
9190,P2,CASC,137.85,140.04,203,F,25325,0.9850
9200,P2,CASC,138.00,142.51,202,F,25382,0.9398
9210,P2,CASC,138.15,139.99,204,F,25438,0.9215
9220,P2,CASC,138.30,140.01,204,F,25494,0.9043
9230,P2,CASC,138.45,137.46,206,F,25549,0.9142
9240,P2,CASC,138.60,135.04,207,F,25603,0.9498
9250,P2,CASC,138.75,137.47,206,F,25658,0.9626
9260,P2,CASC,138.90,137.50,207,F,25713,0.9766
9270,P2,CASC,139.05,137.53,207,F,25768,0.9918
9280,P2,CASC,139.20,137.50,207,F,25823,1.0088
9290,P2,CASC,139.35,137.46,207,F,25878,1.0277
9300,P2,CASC,139.50,140.00,206,F,25934,1.0227
9310,P2,CASC,139.65,145.03,202,F,25992,0.9689
9320,P2,CASC,139.80,137.49,207,F,26047,0.9921
9330,P2,CASC,139.95,140.01,206,F,26103,0.9914
9340,P2,CASC,140.10,135.01,209,F,26157,1.0423
9350,P2,CASC,140.25,137.49,208,F,26212,1.0699
9360,P2,CASC,140.40,137.51,208,F,26267,1.0988
9370,P2,CASC,140.55,142.47,206,F,26324,1.0796
9380,P2,CASC,140.70,140.00,208,F,26380,1.0866
9390,P2,CASC,140.85,142.49,206,F,26437,1.0702
9400,P2,CASC,141.00,147.54,202,F,26496,1.0048
9410,P2,CASC,141.15,144.96,204,F,26554,0.9667
9420,P2,CASC,141.30,147.51,202,F,26613,0.9046
9430,P2,CASC,141.45,144.90,205,F,26671,0.8701
9440,P2,CASC,141.60,140.11,208,F,26727,0.8850
9450,P2,CASC,141.75,142.49,207,F,26784,0.8776
9460,P2,CASC,141.90,140.03,208,F,26840,0.8963
9470,P2,CASC,142.05,145.00,205,F,26898,0.8668
9480,P2,CASC,142.20,157.50,195,F,26961,0.7138
9490,P2,CASC,142.35,147.47,203,F,27020,0.6626
9500,P2,CASC,142.50,135.01,210,F,27074,0.7375
9510,P2,CASC,142.65,132.46,211,F,27127,0.8394
9520,P2,CASC,142.80,145.04,206,F,27185,0.8170
9530,P2,CASC,142.95,142.47,208,F,27242,0.8217
9540,P2,CASC,143.10,147.54,205,F,27301,0.7773
9550,P2,CASC,143.25,144.96,207,F,27359,0.7602
9560,P2,CASC,143.40,145.01,207,F,27417,0.7441
9570,P2,CASC,143.55,147.53,205,F,27476,0.7043
9580,P2,CASC,143.70,142.50,209,F,27533,0.7163
9590,P2,CASC,143.85,144.97,207,F,27591,0.7051
9600,P2,CASC,144.00,142.51,209,F,27648,0.7199
9610,P2,CASC,144.15,150.01,204,F,27708,0.6613
9620,P2,CASC,144.30,147.46,206,F,27767,0.6297
9630,P2,CASC,144.45,147.51,206,F,27826,0.5991
9640,P2,CASC,144.60,145.01,208,F,27884,0.5949
9650,P2,CASC,144.75,145.00,208,F,27942,0.5924
9660,P2,CASC,144.90,142.41,210,F,27999,0.6173
9670,P2,CASC,145.05,142.59,210,F,28056,0.6419
9680,P2,CASC,145.20,142.50,210,F,28113,0.6689
9690,P2,CASC,145.35,144.99,210,F,28171,0.6726
9700,P2,CASC,145.50,142.49,210,F,28228,0.7027
9710,P2,CASC,145.65,145.00,210,F,28286,0.7092
9720,P2,CASC,145.80,147.46,208,F,28345,0.6927
9730,P2,CASC,145.95,147.59,208,F,28404,0.6763
9740,P2,CASC,146.10,145.00,210,F,28462,0.6873
9750,P2,CASC,146.25,144.99,210,F,28520,0.6999
9760,P2,CASC,146.40,142.51,211,F,28577,0.7388
9770,P2,CASC,146.55,139.96,212,F,28633,0.8047
9780,P2,CASC,146.70,147.50,210,F,28692,0.7967
9790,P2,CASC,146.85,147.53,210,F,28751,0.7899
9800,P2,CASC,147.00,147.50,210,F,28810,0.7849
9810,P2,CASC,147.15,152.52,206,F,28871,0.7313
9820,P2,CASC,147.30,150.00,208,F,28931,0.7043
9830,P2,CASC,147.45,154.97,205,F,28993,0.6291
9840,P2,CASC,147.60,150.01,209,F,29053,0.6049
9850,P2,CASC,147.75,150.01,209,F,29113,0.5823
9860,P2,CASC,147.90,147.46,211,F,29172,0.5867
9870,P2,CASC,148.05,150.03,209,F,29232,0.5669
9880,P2,CASC,148.20,149.97,209,F,29292,0.5492
9890,P2,CASC,148.35,159.98,202,F,29356,0.4329
9900,P2,CASC,148.50,155.02,205,F,29418,0.3677
9910,P2,CASC,148.65,142.54,213,F,29475,0.4288
9920,P2,CASC,148.80,139.99,214,F,29531,0.5169
9930,P2,CASC,148.95,152.47,208,F,29592,0.4817
9940,P2,CASC,149.10,150.00,210,F,29652,0.4727
9950,P2,CASC,149.25,152.52,209,F,29713,0.4401
9960,P2,CASC,149.40,152.47,209,F,29774,0.4094
9970,P2,CASC,149.55,152.55,209,F,29835,0.3794
9980,P2,CASC,149.70,149.97,211,F,29895,0.3767
9990,P2,CASC,149.85,150.00,211,F,29955,0.3752
10000,P2,CASC,150.00,150.03,211,F,30015,0.3749
10010,P2,CASC,150.00,152.48,209,F,30076,0.3501
10020,P2,CASC,150.00,154.98,207,F,30138,0.3002
10030,P2,CASC,150.00,155.02,207,F,30200,0.2501
10040,P2,CASC,150.00,152.47,209,F,30261,0.2254
10050,P2,CASC,150.00,150.00,211,F,30321,0.2254
10060,P2,CASC,150.00,147.54,212,F,30380,0.2499
10070,P2,CASC,150.00,147.51,212,F,30439,0.2748
10080,P2,CASC,150.00,149.99,211,F,30499,0.2749
10090,P2,CASC,150.00,147.50,212,F,30558,0.2999
10100,P2,CASC,150.00,149.97,211,F,30618,0.3002
10110,P2,CASC,150.00,147.50,212,F,30677,0.3252
10120,P2,CASC,150.00,152.53,209,F,30738,0.2999
10130,P2,CASC,150.00,155.02,207,F,30800,0.2498
10140,P2,CASC,150.00,147.50,212,F,30859,0.2748
10150,P2,CASC,150.00,147.50,212,F,30918,0.2998
10160,P2,CASC,150.00,147.47,212,F,30977,0.3251
10170,P2,CASC,150.00,144.99,213,F,31035,0.3752
10180,P2,CASC,150.00,150.03,211,F,31095,0.3749
10190,P2,CASC,150.00,152.47,209,F,31156,0.3502
10200,P2,CASC,150.00,150.03,211,F,31216,0.3499
10210,P2,CASC,150.00,155.00,207,F,31278,0.2999
10220,P2,CASC,150.00,154.98,207,F,31340,0.2501
10230,P2,CASC,150.00,154.97,207,F,31402,0.2004
10240,P2,CASC,150.00,155.00,207,F,31464,0.1504
10250,P2,CASC,150.00,150.06,211,F,31524,0.1498
10260,P2,CASC,150.00,149.94,211,F,31584,0.1504
10270,P2,CASC,150.00,150.05,211,F,31644,0.1499
10280,P2,CASC,150.00,155.02,207,F,31706,0.0998
10290,P2,CASC,150.00,162.48,201,F,31771,-0.0250
10300,P2,CASC,150.00,155.02,206,F,31833,-0.0752
10310,P2,CASC,150.00,144.94,212,F,31891,-0.0246
10320,P2,CASC,150.00,140.04,214,F,31947,0.0750
10330,P2,CASC,150.00,152.48,209,F,32008,0.0501
10340,P2,CASC,150.00,155.00,207,F,32070,0.0001
10350,P2,CASC,150.00,150.03,210,F,32130,-0.0002
10360,P2,CASC,150.00,152.48,209,F,32191,-0.0250
10370,P2,CASC,150.00,152.45,208,F,32252,-0.0496
10380,P2,CASC,150.00,152.53,208,F,32313,-0.0749
10390,P2,CASC,150.00,150.03,210,F,32373,-0.0752
10400,P2,CASC,150.00,149.96,210,F,32433,-0.0747
10410,P2,CASC,150.00,152.50,208,F,32494,-0.0997
10420,P2,CASC,150.00,155.02,206,F,32556,-0.1499
10430,P2,CASC,150.00,152.50,208,F,32617,-0.1749
10440,P2,CASC,150.00,152.47,208,F,32678,-0.1996
10450,P2,CASC,150.00,147.50,211,F,32737,-0.1746
10460,P2,CASC,150.00,147.51,211,F,32796,-0.1497
10470,P2,CASC,150.00,147.50,211,F,32855,-0.1247
10480,P2,CASC,150.00,147.54,211,F,32914,-0.1002
10490,P2,CASC,150.00,147.46,211,F,32973,-0.0747
10500,P2,CASC,150.00,147.54,211,F,33032,-0.0502
10510,P2,CASC,150.00,150.00,210,F,33092,-0.0502
10520,P2,CASC,150.00,150.00,210,F,33152,-0.0502
10530,P2,CASC,150.00,152.48,208,F,33213,-0.0750
10540,P2,CASC,150.00,147.47,211,F,33272,-0.0497
10550,P2,CASC,150.00,145.01,212,F,33330,0.0001
10560,P2,CASC,150.00,145.01,212,F,33388,0.0500
10570,P2,CASC,150.00,147.50,211,F,33447,0.0750
10580,P2,CASC,150.00,147.51,212,F,33506,0.0998
10590,P2,CASC,150.00,152.48,209,F,33567,0.0750
10600,P2,CASC,150.00,149.99,211,F,33627,0.0751
10610,P2,CASC,150.00,152.50,209,F,33688,0.0501
10620,P2,CASC,150.00,155.03,207,F,33750,-0.0002
10630,P2,CASC,150.00,157.48,205,F,33813,-0.0750
10640,P2,CASC,150.00,152.48,208,F,33874,-0.0999
10650,P2,CASC,150.00,150.01,210,F,33934,-0.1000
10660,P2,CASC,150.00,150.00,210,F,33994,-0.1000
10670,P2,CASC,150.00,149.96,210,F,34054,-0.0996
10680,P2,CASC,150.00,155.03,206,F,34116,-0.1499
10690,P2,CASC,150.00,162.53,200,F,34181,-0.2752
10700,P2,CASC,150.00,149.99,210,F,34241,-0.2750
10710,P2,CASC,150.00,142.47,212,F,34298,-0.1998
10720,P2,CASC,150.00,145.03,212,F,34356,-0.1501
10730,P2,CASC,150.00,152.47,208,F,34417,-0.1747
10740,P2,CASC,150.00,150.05,210,F,34477,-0.1752
10750,P2,CASC,150.00,152.47,208,F,34538,-0.1999
10760,P2,CASC,150.00,152.48,208,F,34599,-0.2247
10770,P2,CASC,150.00,152.50,208,F,34660,-0.2497
10780,P2,CASC,150.00,149.99,210,F,34720,-0.2496
10790,P2,CASC,150.00,150.00,210,F,34780,-0.2496
10800,P2,CASC,150.00,150.06,210,F,34840,-0.2502
10810,P2,CASC,150.00,152.50,208,F,34901,-0.2752
10820,P2,CASC,150.00,152.47,208,F,34962,-0.2999
10830,P2,CASC,150.00,155.03,206,F,35024,-0.3502
10840,P2,CASC,150.00,149.97,210,F,35084,-0.3499
10850,P2,CASC,150.00,147.53,210,F,35143,-0.3252
10860,P2,CASC,150.00,147.47,210,F,35202,-0.2999
10870,P2,CASC,150.00,147.50,210,F,35261,-0.2749
10880,P2,CASC,150.00,147.53,211,F,35320,-0.2502
10890,P2,CASC,150.00,147.50,211,F,35379,-0.2252
10900,P2,CASC,150.00,147.46,211,F,35438,-0.1997
10910,P2,CASC,150.00,150.03,210,F,35498,-0.2000
10920,P2,CASC,150.00,149.99,210,F,35558,-0.1999
10930,P2,CASC,150.00,152.39,208,F,35619,-0.2238
10940,P2,CASC,150.00,147.59,211,F,35678,-0.1997
10950,P2,CASC,150.00,145.03,212,F,35736,-0.1500
10960,P2,CASC,150.00,145.00,212,F,35794,-0.1000
10970,P2,CASC,150.00,144.97,212,F,35852,-0.0497
10980,P2,CASC,150.00,150.05,210,F,35912,-0.0502
10990,P2,CASC,150.00,149.94,210,F,35972,-0.0496
11000,P2,CASC,150.00,150.03,210,F,36032,-0.0499
11010,P2,CASC,150.00,154.98,206,F,36094,-0.0997
11020,P2,CASC,150.00,155.03,206,F,36156,-0.1500
11030,P2,CASC,150.00,154.98,206,F,36218,-0.1999
11040,P2,CASC,150.00,152.53,208,F,36279,-0.2252
11050,P2,CASC,150.00,149.97,210,F,36339,-0.2249
11060,P2,CASC,150.00,150.00,210,F,36399,-0.2249
11070,P2,CASC,150.00,149.99,210,F,36459,-0.2247
11080,P2,CASC,150.00,155.05,206,F,36521,-0.2752
11090,P2,CASC,150.00,162.47,200,F,36586,-0.3999
11100,P2,CASC,150.00,150.01,210,F,36646,-0.4000
11110,P2,CASC,150.00,142.46,212,F,36703,-0.3246
11120,P2,CASC,150.00,142.53,212,F,36760,-0.2499
11130,P2,CASC,150.00,152.48,208,F,36821,-0.2747
11140,P2,CASC,150.00,150.01,210,F,36881,-0.2749
11150,P2,CASC,150.00,152.50,208,F,36942,-0.2999
11160,P2,CASC,150.00,152.48,208,F,37003,-0.3247
11170,P2,CASC,150.00,152.52,208,F,37064,-0.3499
11180,P2,CASC,150.00,150.00,210,F,37124,-0.3499
11190,P2,CASC,150.00,150.00,210,F,37184,-0.3499
11200,P2,CASC,150.00,150.03,210,F,37244,-0.3502
11210,P2,CASC,150.00,154.98,206,F,37306,-0.4000
11220,P2,CASC,150.00,152.52,208,F,37367,-0.4252
11230,P2,CASC,150.00,152.48,207,F,37428,-0.4500
11240,P2,CASC,150.00,152.44,207,F,37489,-0.4744
11250,P2,CASC,150.00,147.54,210,F,37548,-0.4498
11260,P2,CASC,150.00,145.03,211,F,37606,-0.4001
11270,P2,CASC,150.00,147.46,210,F,37665,-0.3747
11280,P2,CASC,150.00,147.53,210,F,37724,-0.3500
11290,P2,CASC,150.00,147.50,210,F,37783,-0.3250
11300,P2,CASC,150.00,147.51,210,F,37842,-0.3001
11310,P2,CASC,150.00,147.46,210,F,37901,-0.2747
11320,P2,CASC,150.00,150.03,210,F,37961,-0.2750
11330,P2,CASC,150.00,152.47,208,F,38022,-0.2997
11340,P2,CASC,150.00,147.50,210,F,38081,-0.2747
11350,P2,CASC,150.00,145.00,211,F,38139,-0.2247
11360,P2,CASC,150.00,142.53,212,F,38196,-0.1500
11370,P2,CASC,150.00,147.46,211,F,38255,-0.1245
11380,P2,CASC,150.00,147.51,211,F,38314,-0.0997
11390,P2,CASC,150.00,150.03,210,F,38374,-0.1000
11400,P2,CASC,150.00,150.00,210,F,38434,-0.1000
11410,P2,CASC,150.00,154.98,206,F,38496,-0.1498
11420,P2,CASC,150.00,155.00,206,F,38558,-0.1998
11430,P2,CASC,150.00,152.50,208,F,38619,-0.2248
11440,P2,CASC,150.00,152.47,208,F,38680,-0.2495
11450,P2,CASC,150.00,150.00,210,F,38740,-0.2495
11460,P2,CASC,150.00,150.03,210,F,38800,-0.2498
11470,P2,CASC,150.00,150.01,210,F,38860,-0.2500
11480,P2,CASC,150.00,154.97,206,F,38922,-0.2997
11490,P2,CASC,150.00,162.50,200,F,38987,-0.4247
11500,P2,CASC,150.00,150.05,209,F,39047,-0.4251
11510,P2,CASC,150.00,139.97,212,F,39103,-0.3248
11520,P2,CASC,150.00,147.49,210,F,39162,-0.2997
11530,P2,CASC,150.00,149.99,210,F,39222,-0.2995
11540,P2,CASC,150.00,152.52,208,F,39283,-0.3247
11550,P2,CASC,150.00,152.48,208,F,39344,-0.3495
11560,P2,CASC,150.00,152.55,208,F,39405,-0.3750
11570,P2,CASC,150.00,149.97,209,F,39465,-0.3747
11580,P2,CASC,150.00,150.01,210,F,39525,-0.3748
11590,P2,CASC,150.00,149.99,209,F,39585,-0.3747
11600,P2,CASC,150.00,150.03,210,F,39645,-0.3750
11610,P2,CASC,150.00,152.50,208,F,39706,-0.4000
11620,P2,CASC,150.00,154.97,206,F,39768,-0.4497
11630,P2,CASC,150.00,152.52,207,F,39829,-0.4748
11640,P2,CASC,150.00,149.99,209,F,39889,-0.4747
11650,P2,CASC,150.00,147.54,210,F,39948,-0.4501
11660,P2,CASC,150.00,147.49,210,F,40007,-0.4250
11670,P2,CASC,150.00,147.49,210,F,40066,-0.3998
11680,P2,CASC,150.00,147.53,210,F,40125,-0.3751
11690,P2,CASC,150.00,147.46,210,F,40184,-0.3497
11700,P2,CASC,150.00,147.54,210,F,40243,-0.3251
11710,P2,CASC,150.00,147.49,210,F,40302,-0.3000
11720,P2,CASC,150.00,149.99,210,F,40362,-0.2998
11730,P2,CASC,150.00,150.03,210,F,40422,-0.3001
11740,P2,CASC,150.00,149.97,210,F,40482,-0.2998
11750,P2,CASC,150.00,144.91,211,F,40540,-0.2490
11760,P2,CASC,150.00,142.56,212,F,40597,-0.1745
11770,P2,CASC,150.00,147.53,211,F,40656,-0.1498
11780,P2,CASC,150.00,150.03,210,F,40716,-0.1501
11790,P2,CASC,150.00,149.97,210,F,40776,-0.1498
11800,P2,CASC,150.00,150.01,210,F,40836,-0.1500
11810,P2,CASC,150.00,155.00,206,F,40898,-0.2000
11820,P2,CASC,150.00,155.00,206,F,40960,-0.2500
11830,P2,CASC,150.00,152.52,208,F,41021,-0.2751
11840,P2,CASC,150.00,154.97,206,F,41083,-0.3248
11850,P2,CASC,150.00,147.53,210,F,41142,-0.3001
11860,P2,CASC,150.00,149.94,210,F,41202,-0.2995
11870,P2,CASC,150.00,152.56,208,F,41263,-0.3251
11880,P2,CASC,150.00,154.95,206,F,41325,-0.3747
11890,P2,CASC,150.00,162.52,200,F,41390,-0.4998
11900,P2,CASC,150.00,147.53,210,F,41449,-0.4751
11910,P2,CASC,150.00,139.99,212,F,41505,-0.3750
11920,P2,CASC,150.00,147.49,210,F,41564,-0.3498
11930,P2,CASC,150.00,152.48,208,F,41625,-0.3747
11940,P2,CASC,150.00,150.05,210,F,41685,-0.3751
11950,P2,CASC,150.00,152.45,208,F,41746,-0.3997
11960,P2,CASC,150.00,152.55,207,F,41807,-0.4251
11970,P2,CASC,150.00,152.50,207,F,41868,-0.4501
11980,P2,CASC,150.00,149.96,209,F,41928,-0.4497
11990,P2,CASC,150.00,150.03,209,F,41988,-0.4500
12000,P2,CASC,150.00,147.47,210,F,42047,-0.4247
12010,P2,CASC,150.00,152.55,207,F,42108,-0.4501
12020,P2,CASC,150.00,152.45,207,F,42169,-0.4747
12030,P2,CASC,150.00,152.50,207,F,42230,-0.4997
12040,P2,CASC,150.00,152.55,207,F,42291,-0.5251
12050,P2,CASC,150.00,147.41,210,F,42350,-0.4993
12060,P2,CASC,150.00,145.06,211,F,42408,-0.4498
12070,P2,CASC,150.00,147.53,210,F,42467,-0.4251
12080,P2,CASC,150.00,147.50,210,F,42526,-0.4001
12090,P2,CASC,150.00,147.50,210,F,42585,-0.3751
12100,P2,CASC,150.00,147.44,210,F,42644,-0.3495
12110,P2,CASC,150.00,147.51,210,F,42703,-0.3247
12120,P2,CASC,150.00,149.99,210,F,42763,-0.3245
12130,P2,CASC,150.00,150.03,210,F,42823,-0.3248
12140,P2,CASC,150.00,147.53,210,F,42882,-0.3001
12150,P2,CASC,150.00,144.97,211,F,42940,-0.2498
12160,P2,CASC,150.00,145.01,211,F,42998,-0.2000
12170,P2,CASC,150.00,144.99,212,F,43056,-0.1498
12180,P2,CASC,150.00,150.01,210,F,43116,-0.1500
12190,P2,CASC,150.00,149.97,210,F,43176,-0.1497
12200,P2,CASC,150.00,150.05,210,F,43236,-0.1501
12210,P2,CASC,150.00,152.47,208,F,43297,-0.1748
12220,P2,CASC,150.00,157.50,204,F,43360,-0.2498
12230,P2,CASC,150.00,152.48,208,F,43421,-0.2747
12240,P2,CASC,150.00,152.50,208,F,43482,-0.2997
12250,P2,CASC,150.00,150.05,210,F,43542,-0.3001
12260,P2,CASC,150.00,149.96,210,F,43602,-0.2997
12270,P2,CASC,150.00,152.53,208,F,43663,-0.3250
12280,P2,CASC,150.00,152.47,208,F,43724,-0.3497
12290,P2,CASC,150.00,165.03,198,F,43790,-0.5000
12300,P2,CASC,150.00,147.46,210,F,43849,-0.4746
12310,P2,CASC,150.00,142.50,212,F,43906,-0.3996
12320,P2,CASC,150.00,145.06,211,F,43964,-0.3502
12330,P2,CASC,150.00,149.97,210,F,44024,-0.3499
12340,P2,CASC,150.00,152.52,208,F,44085,-0.3750
12350,P2,CASC,150.00,150.01,210,F,44145,-0.3752
12360,P2,CASC,150.00,155.00,206,F,44207,-0.4252
12370,P2,CASC,150.00,150.00,209,F,44267,-0.4252
12380,P2,CASC,150.00,150.00,209,F,44327,-0.4252
12390,P2,CASC,150.00,150.00,209,F,44387,-0.4252
12400,P2,CASC,150.00,149.97,209,F,44447,-0.4249
12410,P2,CASC,150.00,152.52,207,F,44508,-0.4500
12420,P2,CASC,150.00,152.52,207,F,44569,-0.4752
12430,P2,CASC,150.00,152.50,207,F,44630,-0.5002
12440,P2,CASC,150.00,152.45,207,F,44691,-0.5247
12450,P2,CASC,150.00,144.99,211,F,44749,-0.4746
12460,P2,CASC,150.00,147.54,210,F,44808,-0.4500
12470,P2,CASC,150.00,147.50,210,F,44867,-0.4250
12480,P2,CASC,150.00,147.50,210,F,44926,-0.4000
12490,P2,CASC,150.00,147.46,210,F,44985,-0.3746
12500,P2,CASC,150.00,147.51,210,F,45044,-0.3497
12510,P2,CASC,150.00,147.53,210,F,45103,-0.3250
12520,P2,CASC,150.00,150.00,210,F,45163,-0.3250
12530,P2,CASC,150.00,149.97,210,F,45223,-0.3247
12540,P2,CASC,150.00,147.54,210,F,45282,-0.3001
12550,P2,CASC,150.00,144.96,211,F,45340,-0.2497
12560,P2,CASC,150.00,145.03,211,F,45398,-0.2000
12570,P2,CASC,150.00,145.01,212,F,45456,-0.1501
12580,P2,CASC,150.00,147.47,211,F,45515,-0.1248
12590,P2,CASC,150.00,152.52,208,F,45576,-0.1500
12600,P2,CASC,150.00,147.49,211,F,45635,-0.1249
12610,P2,CASC,150.00,155.03,206,F,45697,-0.1752
12620,P2,CASC,150.00,154.95,206,F,45759,-0.2247
12630,P2,CASC,150.00,152.53,208,F,45820,-0.2500
12640,P2,CASC,150.00,152.48,208,F,45881,-0.2749
12650,P2,CASC,150.00,150.00,210,F,45941,-0.2749
12660,P2,CASC,150.00,150.00,210,F,46001,-0.2749
12670,P2,CASC,150.00,149.97,210,F,46061,-0.2746
12680,P2,CASC,150.00,152.56,208,F,46122,-0.3002
12690,P2,CASC,150.00,165.00,198,F,46188,-0.4502
12700,P2,CASC,150.00,147.50,210,F,46247,-0.4252
12710,P2,CASC,150.00,149.97,209,F,46307,-0.4249
12720,P2,CASC,150.00,137.51,213,F,46362,-0.3000
12730,P2,CASC,150.00,152.52,208,F,46423,-0.3252
12740,P2,CASC,150.00,149.94,210,F,46483,-0.3246
12750,P2,CASC,150.00,152.56,208,F,46544,-0.3502
12760,P2,CASC,150.00,152.48,208,F,46605,-0.3750
12770,P2,CASC,150.00,149.99,209,F,46665,-0.3749
12780,P2,CASC,150.00,150.01,210,F,46725,-0.3750
12790,P2,CASC,150.00,150.01,210,F,46785,-0.3752
12800,P2,CASC,150.00,150.00,210,F,46845,-0.3752
12810,P2,CASC,150.00,152.47,208,F,46906,-0.3999
12820,P2,CASC,150.00,152.53,208,F,46967,-0.4252
12830,P2,CASC,150.00,154.98,205,F,47029,-0.4750
12840,P2,CASC,150.00,150.00,209,F,47089,-0.4750
12850,P2,CASC,150.00,147.46,210,F,47148,-0.4496
12860,P2,CASC,150.00,147.53,210,F,47207,-0.4249
12870,P2,CASC,150.00,147.53,210,F,47266,-0.4002
12880,P2,CASC,150.00,147.47,210,F,47325,-0.3749
12890,P2,CASC,150.00,147.50,210,F,47384,-0.3499
12900,P2,CASC,150.00,145.01,211,F,47442,-0.3000
12910,P2,CASC,150.00,149.96,210,F,47502,-0.2996
12920,P2,CASC,150.00,150.01,210,F,47562,-0.2997
12930,P2,CASC,150.00,150.05,210,F,47622,-0.3002
12940,P2,CASC,150.00,147.46,210,F,47681,-0.2747
12950,P2,CASC,150.00,145.04,211,F,47739,-0.2251
12960,P2,CASC,150.00,144.94,211,F,47797,-0.1746
12970,P2,CASC,150.00,147.50,211,F,47856,-0.1496
12980,P2,CASC,150.00,147.56,211,F,47915,-0.1252
12990,P2,CASC,150.00,149.97,210,F,47975,-0.1249
13000,P2,CASC,150.00,150.01,210,F,48035,-0.1250
13010,P2,CASC,150.00,154.97,206,F,48097,-0.1747
13020,P2,CASC,150.00,155.05,206,F,48159,-0.2252
13030,P2,CASC,150.00,154.86,206,F,48221,-0.2738
13040,P2,CASC,150.00,152.58,208,F,48282,-0.2995
13050,P2,CASC,150.00,147.56,210,F,48341,-0.2751
13060,P2,CASC,150.00,149.96,210,F,48401,-0.2747
13070,P2,CASC,150.00,150.00,210,F,48461,-0.2747
13080,P2,CASC,150.00,155.05,206,F,48523,-0.3251
13090,P2,CASC,150.00,162.45,200,F,48588,-0.4496
13100,P2,CASC,150.00,150.05,209,F,48648,-0.4501
13110,P2,CASC,150.00,144.99,211,F,48706,-0.4000
13120,P2,CASC,150.00,139.99,213,F,48762,-0.2998
13130,P2,CASC,150.00,152.48,208,F,48823,-0.3247
13140,P2,CASC,150.00,150.05,210,F,48883,-0.3251
13150,P2,CASC,150.00,152.48,208,F,48944,-0.3500
13160,P2,CASC,150.00,152.50,208,F,49005,-0.3750
13170,P2,CASC,150.00,150.01,210,F,49065,-0.3751
13180,P2,CASC,150.00,150.00,210,F,49125,-0.3751
13190,P2,CASC,150.00,152.45,208,F,49186,-0.3997
13200,P2,CASC,150.00,147.51,210,F,49245,-0.3748
13210,P2,CASC,150.00,154.98,206,F,49307,-0.4246
13220,P2,CASC,150.00,152.55,207,F,49368,-0.4501
13230,P2,CASC,150.00,152.47,207,F,49429,-0.4748
13240,P2,CASC,150.00,150.00,209,F,49489,-0.4748
13250,P2,CASC,150.00,147.50,210,F,49548,-0.4498
13260,P2,CASC,150.00,147.51,210,F,49607,-0.4249
13270,P2,CASC,150.00,147.51,210,F,49666,-0.4001
13280,P2,CASC,150.00,147.47,210,F,49725,-0.3748
13290,P2,CASC,150.00,147.50,210,F,49784,-0.3498
13300,P2,CASC,150.00,145.00,211,F,49842,-0.2998
13310,P2,CASC,150.00,147.53,210,F,49901,-0.2751
13320,P2,CASC,150.00,149.99,210,F,49961,-0.2749
13330,P2,CASC,150.00,152.50,208,F,50022,-0.2999
13340,P2,CASC,150.00,147.47,210,F,50081,-0.2746
13350,P2,CASC,150.00,145.04,211,F,50139,-0.2251
13360,P2,CASC,150.00,144.96,211,F,50197,-0.1746
13370,P2,CASC,150.00,145.00,212,F,50255,-0.1246
13380,P2,CASC,150.00,147.50,211,F,50314,-0.0996
13390,P2,CASC,150.00,150.01,210,F,50374,-0.0998
13400,P2,CASC,150.00,150.03,210,F,50434,-0.1001
13410,P2,CASC,150.00,154.88,206,F,50496,-0.1489
13420,P2,CASC,150.00,152.59,208,F,50557,-0.1748
13430,P2,CASC,150.00,155.02,206,F,50619,-0.2249
13440,P2,CASC,150.00,152.52,208,F,50680,-0.2501
13450,P2,CASC,150.00,149.91,210,F,50740,-0.2492
13460,P2,CASC,150.00,147.57,211,F,50799,-0.2249
13470,P2,CASC,150.00,152.47,208,F,50860,-0.2496
13480,P2,CASC,150.00,152.55,208,F,50921,-0.2751
13490,P2,CASC,150.00,165.00,198,F,50987,-0.4251
13500,P2,CASC,150.00,147.47,210,F,51046,-0.3998
13510,P2,CASC,150.00,142.51,212,F,51103,-0.3249
13520,P2,CASC,150.00,142.49,212,F,51160,-0.2498
13530,P2,CASC,150.00,152.50,208,F,51221,-0.2748
13540,P2,CASC,150.00,150.03,210,F,51281,-0.2751
13550,P2,CASC,150.00,152.50,208,F,51342,-0.3001
13560,P2,CASC,150.00,152.41,208,F,51403,-0.3242
13570,P2,CASC,150.00,150.09,210,F,51463,-0.3251
13580,P2,CASC,150.00,149.97,210,F,51523,-0.3248
13590,P2,CASC,150.00,149.99,210,F,51583,-0.3246
13600,P2,CASC,150.00,150.00,210,F,51643,-0.3246
13610,P2,CASC,150.00,152.53,208,F,51704,-0.3499
13620,P2,CASC,150.00,154.89,206,F,51766,-0.3988
13630,P2,CASC,150.00,152.59,207,F,51827,-0.4248
13640,P2,CASC,150.00,149.99,209,F,51887,-0.4246
13650,P2,CASC,150.00,147.54,210,F,51946,-0.4000
13660,P2,CASC,150.00,147.44,210,F,52005,-0.3745
13670,P2,CASC,150.00,147.54,210,F,52064,-0.3499
13680,P2,CASC,150.00,147.47,210,F,52123,-0.3246
13690,P2,CASC,150.00,147.51,210,F,52182,-0.2997
13700,P2,CASC,150.00,144.99,211,F,52240,-0.2496
13710,P2,CASC,150.00,150.05,210,F,52300,-0.2501
13720,P2,CASC,150.00,149.87,210,F,52360,-0.2487
13730,P2,CASC,150.00,150.11,210,F,52420,-0.2498
13740,P2,CASC,150.00,147.53,211,F,52479,-0.2251
13750,P2,CASC,150.00,144.99,211,F,52537,-0.1749
13760,P2,CASC,150.00,144.99,212,F,52595,-0.1248
13770,P2,CASC,150.00,145.00,212,F,52653,-0.0748
13780,P2,CASC,150.00,150.00,210,F,52713,-0.0748
13790,P2,CASC,150.00,150.00,210,F,52773,-0.0748
13800,P2,CASC,150.00,149.99,210,F,52833,-0.0746
13810,P2,CASC,150.00,152.52,208,F,52894,-0.0998
13820,P2,CASC,150.00,154.98,206,F,52956,-0.1496
13830,P2,CASC,150.00,155.03,206,F,53018,-0.1999
13840,P2,CASC,150.00,152.47,208,F,53079,-0.2246
13850,P2,CASC,150.00,150.05,210,F,53139,-0.2251
13860,P2,CASC,150.00,150.00,210,F,53199,-0.2251
13870,P2,CASC,150.00,149.97,210,F,53259,-0.2248
13880,P2,CASC,150.00,152.52,208,F,53320,-0.2499
13890,P2,CASC,150.00,164.95,198,F,53386,-0.3994
13900,P2,CASC,150.00,147.50,210,F,53445,-0.3744
13910,P2,CASC,150.00,147.54,210,F,53504,-0.3499
13920,P2,CASC,150.00,139.96,213,F,53560,-0.2494
13930,P2,CASC,150.00,152.42,208,F,53621,-0.2737
13940,P2,CASC,150.00,150.14,210,F,53681,-0.2750
13950,P2,CASC,150.00,150.00,210,F,53741,-0.2750
13960,P2,CASC,150.00,152.47,208,F,53802,-0.2997
13970,P2,CASC,150.00,152.48,208,F,53863,-0.3246
13980,P2,CASC,150.00,150.05,210,F,53923,-0.3250
13990,P2,CASC,150.00,152.47,208,F,53984,-0.3497
14000,P2,CASC,150.00,147.51,210,F,54043,-0.3249
14010,P2,CASC,150.00,154.88,206,F,54105,-0.3736
14020,P2,CASC,150.00,152.62,207,F,54166,-0.3999
14030,P2,CASC,150.00,152.52,208,F,54227,-0.4250
14040,P2,CASC,150.00,149.96,209,F,54287,-0.4246
14050,P2,CASC,150.00,147.51,210,F,54346,-0.3997
14060,P2,CASC,150.00,147.50,210,F,54405,-0.3747
14070,P2,CASC,150.00,147.51,210,F,54464,-0.3498
14080,P2,CASC,150.00,145.00,211,F,54522,-0.2998
14090,P2,CASC,150.00,147.47,210,F,54581,-0.2746
14100,P2,CASC,150.00,147.54,211,F,54640,-0.2500
14110,P2,CASC,150.00,149.87,210,F,54700,-0.2486
14120,P2,CASC,150.00,147.60,211,F,54759,-0.2247
14130,P2,CASC,150.00,152.52,208,F,54820,-0.2498
14140,P2,CASC,150.00,147.50,211,F,54879,-0.2248
14150,P2,CASC,150.00,144.96,211,F,54937,-0.1744
14160,P2,CASC,150.00,145.03,212,F,54995,-0.1247
14170,P2,CASC,150.00,144.97,212,F,55053,-0.0744
14180,P2,CASC,150.00,150.03,210,F,55113,-0.0747
14190,P2,CASC,150.00,150.00,210,F,55173,-0.0747
14200,P2,CASC,150.00,150.01,210,F,55233,-0.0748
14210,P2,CASC,150.00,154.95,206,F,55295,-0.1244
14220,P2,CASC,150.00,152.55,208,F,55356,-0.1498
14230,P2,CASC,150.00,154.97,206,F,55418,-0.1995
14240,P2,CASC,150.00,155.05,206,F,55480,-0.2500
14250,P2,CASC,150.00,147.47,211,F,55539,-0.2247
14260,P2,CASC,150.00,149.97,210,F,55599,-0.2244
14270,P2,CASC,150.00,150.03,210,F,55659,-0.2247
14280,P2,CASC,150.00,154.97,206,F,55721,-0.2744
14290,P2,CASC,150.00,164.93,198,F,55787,-0.4237
14300,P2,CASC,150.00,147.59,210,F,55846,-0.3996
14310,P2,CASC,150.00,142.53,212,F,55903,-0.3249
14320,P2,CASC,150.00,145.00,211,F,55961,-0.2749
14330,P2,CASC,150.00,152.45,208,F,56022,-0.2994
14340,P2,CASC,150.00,150.03,210,F,56082,-0.2997
14350,P2,CASC,150.00,150.00,210,F,56142,-0.2997
14360,P2,CASC,150.00,152.48,208,F,56203,-0.3246
14370,P2,CASC,150.00,152.47,208,F,56264,-0.3493
14380,P2,CASC,150.00,150.03,210,F,56324,-0.3496
14390,P2,CASC,150.00,150.01,210,F,56384,-0.3497
14400,P2,CASC,150.00,149.99,210,F,56444,-0.3496
14410,P2,CASC,150.00,155.02,206,F,56506,-0.3997
14420,P2,CASC,150.00,152.47,208,F,56567,-0.4244
14430,P2,CASC,150.00,152.53,207,F,56628,-0.4497
14440,P2,CASC,150.00,152.50,207,F,56689,-0.4747
14450,P2,CASC,150.00,147.51,210,F,56748,-0.4499
14460,P2,CASC,150.00,145.00,211,F,56806,-0.3999
14470,P2,CASC,150.00,147.46,210,F,56865,-0.3744
14480,P2,CASC,150.00,147.51,210,F,56924,-0.3496
14490,P2,CASC,150.00,147.49,210,F,56983,-0.3244
14500,P2,CASC,150.00,147.51,210,F,57042,-0.2996
14510,P2,CASC,150.00,147.47,210,F,57101,-0.2743
14520,P2,CASC,150.00,150.05,210,F,57161,-0.2748
14530,P2,CASC,150.00,149.96,210,F,57221,-0.2743
14540,P2,CASC,150.00,147.56,210,F,57280,-0.2499
14550,P2,CASC,150.00,144.99,211,F,57338,-0.1997
14560,P2,CASC,150.00,145.00,212,F,57396,-0.1497
14570,P2,CASC,150.00,147.47,211,F,57455,-0.1245
14580,P2,CASC,150.00,147.54,211,F,57514,-0.0999
14590,P2,CASC,150.00,150.00,210,F,57574,-0.0999
14600,P2,CASC,150.00,150.00,210,F,57634,-0.0999
14610,P2,CASC,150.00,154.95,206,F,57696,-0.1494
14620,P2,CASC,150.00,155.02,206,F,57758,-0.1996
14630,P2,CASC,150.00,152.50,208,F,57819,-0.2246
14640,P2,CASC,150.00,152.48,208,F,57880,-0.2494
14650,P2,CASC,150.00,150.05,210,F,57940,-0.2499
14660,P2,CASC,150.00,149.99,210,F,58000,-0.2497
14670,P2,CASC,150.00,150.00,210,F,58060,-0.2497
14680,P2,CASC,150.00,155.00,206,F,58122,-0.2997
14690,P2,CASC,150.00,165.02,198,F,58188,-0.4499
14700,P2,CASC,150.00,147.44,210,F,58247,-0.4243
14710,P2,CASC,150.00,140.03,212,F,58303,-0.3246
14720,P2,CASC,150.00,145.01,211,F,58361,-0.2747
14730,P2,CASC,150.00,152.52,208,F,58422,-0.2999
14740,P2,CASC,150.00,149.97,210,F,58482,-0.2996
14750,P2,CASC,150.00,152.42,208,F,58543,-0.3238
14760,P2,CASC,150.00,150.11,210,F,58603,-0.3249
14770,P2,CASC,150.00,152.45,208,F,58664,-0.3494
14780,P2,CASC,150.00,150.01,210,F,58724,-0.3496
14790,P2,CASC,150.00,150.01,210,F,58784,-0.3497
14800,P2,CASC,150.00,150.00,210,F,58844,-0.3497
14810,P2,CASC,150.00,152.50,208,F,58905,-0.3747
14820,P2,CASC,150.00,155.00,206,F,58967,-0.4247
14830,P2,CASC,150.00,152.52,207,F,59028,-0.4499
14840,P2,CASC,150.00,150.00,209,F,59088,-0.4499
14850,P2,CASC,150.00,147.46,210,F,59147,-0.4244
14860,P2,CASC,150.00,147.51,210,F,59206,-0.3996
14870,P2,CASC,150.00,147.53,210,F,59265,-0.3749
14880,P2,CASC,150.00,147.47,210,F,59324,-0.3496
14890,P2,CASC,150.00,147.53,210,F,59383,-0.3249
14900,P2,CASC,150.00,147.46,210,F,59442,-0.2994
14910,P2,CASC,150.00,147.50,210,F,59501,-0.2744
14920,P2,CASC,150.00,150.00,210,F,59561,-0.2744
14930,P2,CASC,150.00,149.99,210,F,59621,-0.2743
14940,P2,CASC,150.00,147.51,211,F,59680,-0.2494
14950,P2,CASC,150.00,145.00,211,F,59738,-0.1994
14960,P2,CASC,150.00,145.04,212,F,59796,-0.1499
14970,P2,CASC,150.00,144.96,212,F,59854,-0.0994
14980,P2,CASC,150.00,150.05,210,F,59914,-0.0999
14990,P2,CASC,150.00,149.99,210,F,59974,-0.0997
15000,P2,CASC,150.00,150.00,210,F,60034,-0.0997
15010,P2,CASC,149.85,154.98,206,F,60096,-0.1511
15020,P2,CASC,149.70,154.98,206,F,60158,-0.2039
15030,P2,CASC,149.55,152.50,207,F,60219,-0.2334
15040,P2,CASC,149.40,152.50,207,F,60280,-0.2644
15050,P2,CASC,149.25,150.00,209,F,60340,-0.2719
15060,P2,CASC,149.10,150.01,209,F,60400,-0.2811
15070,P2,CASC,148.95,149.99,208,F,60460,-0.2914
15080,P2,CASC,148.80,152.53,206,F,60521,-0.3287
15090,P2,CASC,148.65,162.52,198,F,60586,-0.4674
15100,P2,CASC,148.50,147.50,209,F,60645,-0.4574
15110,P2,CASC,148.35,142.46,210,F,60702,-0.3985
15120,P2,CASC,148.20,142.49,210,F,60759,-0.3413
15130,P2,CASC,148.05,150.00,207,F,60819,-0.3608
15140,P2,CASC,147.90,150.06,207,F,60879,-0.3824
15150,P2,CASC,147.75,149.93,206,F,60939,-0.4042
15160,P2,CASC,147.60,150.01,206,F,60999,-0.4283
15170,P2,CASC,147.45,147.56,208,F,61058,-0.4294
15180,P2,CASC,147.30,149.96,206,F,61118,-0.4560
15190,P2,CASC,147.15,147.54,207,F,61177,-0.4599
15200,P2,CASC,147.00,144.96,208,F,61235,-0.4395
15210,P2,CASC,146.85,150.01,205,F,61295,-0.4711
15220,P2,CASC,146.70,150.00,205,F,61355,-0.5041
15230,P2,CASC,146.55,150.00,204,F,61415,-0.5386
15240,P2,CASC,146.40,147.50,206,F,61474,-0.5496
15250,P2,CASC,146.25,142.53,208,F,61531,-0.5124
15260,P2,CASC,146.10,145.00,207,F,61589,-0.5014
15270,P2,CASC,145.95,142.46,208,F,61646,-0.4665
15280,P2,CASC,145.80,144.99,207,F,61704,-0.4583
15290,P2,CASC,145.65,142.43,207,F,61761,-0.4261
15300,P2,CASC,145.50,142.59,207,F,61818,-0.3970
15310,P2,CASC,145.35,142.50,207,F,61875,-0.3685
15320,P2,CASC,145.20,144.97,206,F,61933,-0.3662
15330,P2,CASC,145.05,147.57,204,F,61992,-0.3914
15340,P2,CASC,144.90,142.47,207,F,62049,-0.3671
15350,P2,CASC,144.75,142.43,207,F,62106,-0.3439
15360,P2,CASC,144.60,137.57,208,F,62161,-0.2736
15370,P2,CASC,144.45,140.03,208,F,62217,-0.2294
15380,P2,CASC,144.30,139.99,208,F,62273,-0.1862
15390,P2,CASC,144.15,144.94,206,F,62331,-0.1942
15400,P2,CASC,144.00,142.54,207,F,62388,-0.1796
15410,P2,CASC,143.85,145.00,205,F,62446,-0.1911
15420,P2,CASC,143.70,147.53,203,F,62505,-0.2294
15430,P2,CASC,143.55,150.00,201,F,62565,-0.2939
15440,P2,CASC,143.40,144.99,204,F,62623,-0.3097
15450,P2,CASC,143.25,147.49,202,F,62682,-0.3521
15460,P2,CASC,143.10,139.99,206,F,62738,-0.3210
15470,P2,CASC,142.95,142.50,205,F,62795,-0.3165
15480,P2,CASC,142.80,142.54,205,F,62852,-0.3139
15490,P2,CASC,142.65,145.00,203,F,62910,-0.3374
15500,P2,CASC,142.50,154.98,195,F,62972,-0.4622
15510,P2,CASC,142.35,145.01,202,F,63030,-0.4889
15520,P2,CASC,142.20,137.47,206,F,63085,-0.4416
15530,P2,CASC,142.05,129.99,208,F,63137,-0.3210
15540,P2,CASC,141.90,144.96,202,F,63195,-0.3515
15550,P2,CASC,141.75,140.08,205,F,63251,-0.3349
15560,P2,CASC,141.60,142.46,204,F,63308,-0.3434
15570,P2,CASC,141.45,142.50,203,F,63365,-0.3539
15580,P2,CASC,141.30,142.54,203,F,63422,-0.3664
15590,P2,CASC,141.15,142.46,203,F,63479,-0.3794
15600,P2,CASC,141.00,140.03,204,F,63535,-0.3697
15610,P2,CASC,140.85,142.50,202,F,63592,-0.3862
15620,P2,CASC,140.70,137.51,204,F,63647,-0.3544
15630,P2,CASC,140.55,144.96,200,F,63705,-0.3984
15640,P2,CASC,140.40,142.53,202,F,63762,-0.4197
15650,P2,CASC,140.25,139.99,203,F,63818,-0.4171
15660,P2,CASC,140.10,140.03,203,F,63874,-0.4164
15670,P2,CASC,139.95,137.47,204,F,63929,-0.3916
15680,P2,CASC,139.80,137.47,204,F,63984,-0.3683
15690,P2,CASC,139.65,135.01,204,F,64038,-0.3219
15700,P2,CASC,139.50,140.03,203,F,64094,-0.3272
15710,P2,CASC,139.35,134.99,204,F,64148,-0.2836
15720,P2,CASC,139.20,134.99,204,F,64202,-0.2415
15730,P2,CASC,139.05,137.53,203,F,64257,-0.2262
15740,P2,CASC,138.90,135.00,204,F,64311,-0.1872
15750,P2,CASC,138.75,140.00,202,F,64367,-0.1997
15760,P2,CASC,138.60,139.99,202,F,64423,-0.2136
15770,P2,CASC,138.45,137.51,203,F,64478,-0.2042
15780,P2,CASC,138.30,132.47,204,F,64531,-0.1460
15790,P2,CASC,138.15,132.54,204,F,64584,-0.0899
15800,P2,CASC,138.00,132.47,204,F,64637,-0.0346
15810,P2,CASC,137.85,137.51,203,F,64692,-0.0312
15820,P2,CASC,137.70,134.96,203,F,64746,-0.0038
15830,P2,CASC,137.55,137.54,203,F,64801,-0.0037
15840,P2,CASC,137.40,137.50,202,F,64856,-0.0047
15850,P2,CASC,137.25,140.01,200,F,64912,-0.0324
15860,P2,CASC,137.10,142.49,198,F,64969,-0.0862
15870,P2,CASC,136.95,139.90,200,F,65025,-0.1158
15880,P2,CASC,136.80,137.61,201,F,65080,-0.1239
15890,P2,CASC,136.65,135.00,202,F,65134,-0.1074
15900,P2,CASC,136.50,137.42,201,F,65189,-0.1165
15910,P2,CASC,136.35,132.58,203,F,65242,-0.0788
15920,P2,CASC,136.20,139.99,198,F,65298,-0.1167
15930,P2,CASC,136.05,145.00,194,F,65356,-0.2062
15940,P2,CASC,135.90,139.96,198,F,65412,-0.2468
15950,P2,CASC,135.75,130.01,203,F,65464,-0.1894
15960,P2,CASC,135.60,127.53,203,F,65515,-0.1087
15970,P2,CASC,135.45,132.50,202,F,65568,-0.0792
15980,P2,CASC,135.30,137.47,199,F,65623,-0.1009
15990,P2,CASC,135.15,135.00,201,F,65677,-0.0994
16000,P2,CASC,135.00,135.04,201,F,65731,-0.0998
16010,P2,CASC,134.85,137.50,198,F,65786,-0.1263
16020,P2,CASC,134.70,134.99,200,F,65840,-0.1291
16030,P2,CASC,134.55,135.01,200,F,65894,-0.1338
16040,P2,CASC,134.40,132.47,201,F,65947,-0.1145
16050,P2,CASC,134.25,132.49,201,F,66000,-0.0969
16060,P2,CASC,134.10,135.03,199,F,66054,-0.1062
16070,P2,CASC,133.95,134.97,199,F,66108,-0.1164
16080,P2,CASC,133.80,137.53,197,F,66163,-0.1537
16090,P2,CASC,133.65,134.96,199,F,66217,-0.1668
16100,P2,CASC,133.50,132.55,200,F,66270,-0.1573
16110,P2,CASC,133.35,129.99,200,F,66322,-0.1237
16120,P2,CASC,133.20,129.97,200,F,66374,-0.0914
16130,P2,CASC,133.05,130.00,200,F,66426,-0.0609
16140,P2,CASC,132.90,130.01,200,F,66478,-0.0320
16150,P2,CASC,132.75,127.51,201,F,66529,0.0203
16160,P2,CASC,132.60,130.01,200,F,66581,0.0462
16170,P2,CASC,132.45,129.99,200,F,66633,0.0708
16180,P2,CASC,132.30,127.46,201,F,66684,0.1192
16190,P2,CASC,132.15,130.01,200,F,66736,0.1406
16200,P2,CASC,132.00,135.04,197,F,66790,0.1102
16210,P2,CASC,131.85,127.46,201,F,66841,0.1541
16220,P2,CASC,131.70,130.03,200,F,66893,0.1708
16230,P2,CASC,131.55,127.51,200,F,66944,0.2112
16240,P2,CASC,131.40,124.95,201,F,66994,0.2757
16250,P2,CASC,131.25,127.53,200,F,67045,0.3129
16260,P2,CASC,131.10,127.47,200,F,67096,0.3492
16270,P2,CASC,130.95,130.01,200,F,67148,0.3586
16280,P2,CASC,130.80,130.01,199,F,67200,0.3664
16290,P2,CASC,130.65,129.99,199,F,67252,0.3731
16300,P2,CASC,130.50,132.51,197,F,67305,0.3529
16310,P2,CASC,130.35,135.01,195,F,67359,0.3063
16320,P2,CASC,130.20,132.50,197,F,67412,0.2833
16330,P2,CASC,130.05,129.99,199,F,67464,0.2839
16340,P2,CASC,129.90,129.99,198,F,67516,0.2831
16350,P2,CASC,129.75,127.51,199,F,67567,0.3054
16360,P2,CASC,129.60,130.00,198,F,67619,0.3014
16370,P2,CASC,129.45,127.50,199,F,67670,0.3209
16380,P2,CASC,129.30,132.53,195,F,67723,0.2887
16390,P2,CASC,129.15,142.49,187,F,67780,0.1553
16400,P2,CASC,129.00,127.49,198,F,67831,0.1704
16410,P2,CASC,128.85,125.00,199,F,67881,0.2089
16420,P2,CASC,128.70,117.52,201,F,67928,0.3207
16430,P2,CASC,128.55,129.96,196,F,67980,0.3066
16440,P2,CASC,128.40,127.54,198,F,68031,0.3152
16450,P2,CASC,128.25,129.96,196,F,68083,0.2981
16460,P2,CASC,128.10,130.04,196,F,68135,0.2787
16470,P2,CASC,127.95,130.00,195,F,68187,0.2582
16480,P2,CASC,127.80,127.50,197,F,68238,0.2612
16490,P2,CASC,127.65,127.46,197,F,68289,0.2631
16500,P2,CASC,127.50,125.01,198,F,68339,0.2880
16510,P2,CASC,127.35,127.51,197,F,68390,0.2863
16520,P2,CASC,127.20,127.50,196,F,68441,0.2833
16530,P2,CASC,127.05,127.51,196,F,68492,0.2787
16540,P2,CASC,126.90,127.47,196,F,68543,0.2730
16550,P2,CASC,126.75,130.00,194,F,68595,0.2405
16560,P2,CASC,126.60,125.01,197,F,68645,0.2563
16570,P2,CASC,126.45,127.50,195,F,68696,0.2458
16580,P2,CASC,126.30,122.50,197,F,68745,0.2838
16590,P2,CASC,126.15,122.51,197,F,68794,0.3202
16600,P2,CASC,126.00,122.50,197,F,68843,0.3552
16610,P2,CASC,125.85,122.45,197,F,68892,0.3892
16620,P2,CASC,125.70,122.55,197,F,68941,0.4207
16630,P2,CASC,125.55,122.48,197,F,68990,0.4515
16640,P2,CASC,125.40,122.51,197,F,69039,0.4803
16650,P2,CASC,125.25,122.46,197,F,69088,0.5082
16660,P2,CASC,125.10,122.52,197,F,69137,0.5340
16670,P2,CASC,124.95,127.47,194,F,69188,0.5087
16680,P2,CASC,124.80,122.52,197,F,69237,0.5315
16690,P2,CASC,124.65,122.49,196,F,69286,0.5531
16700,P2,CASC,124.50,120.01,197,F,69334,0.5980
16710,P2,CASC,124.35,120.00,197,F,69382,0.6415
16720,P2,CASC,124.20,117.49,198,F,69429,0.7086
16730,P2,CASC,124.05,122.54,196,F,69478,0.7237
16740,P2,CASC,123.90,122.50,196,F,69527,0.7377
16750,P2,CASC,123.75,122.46,196,F,69576,0.7506
16760,P2,CASC,123.60,122.54,196,F,69625,0.7612
16770,P2,CASC,123.45,124.98,194,F,69675,0.7460
16780,P2,CASC,123.30,125.03,194,F,69725,0.7287
16790,P2,CASC,123.15,127.46,192,F,69776,0.6856
16800,P2,CASC,123.00,122.52,195,F,69825,0.6904
16810,P2,CASC,122.85,125.00,193,F,69875,0.6689
16820,P2,CASC,122.70,122.51,195,F,69924,0.6707
16830,P2,CASC,122.55,119.95,196,F,69972,0.6967
16840,P2,CASC,122.40,120.05,196,F,70020,0.7202
16850,P2,CASC,122.25,122.48,194,F,70069,0.7180
16860,P2,CASC,122.10,122.52,194,F,70118,0.7137
16870,P2,CASC,121.95,132.46,186,F,70171,0.6086
16880,P2,CASC,121.80,127.47,189,F,70222,0.5519
16890,P2,CASC,121.65,117.54,195,F,70269,0.5930
16900,P2,CASC,121.50,115.00,196,F,70315,0.6580
16910,P2,CASC,121.35,115.01,196,F,70361,0.7214
16920,P2,CASC,121.20,119.96,195,F,70409,0.7338
16930,P2,CASC,121.05,122.51,193,F,70458,0.7192
16940,P2,CASC,120.90,122.50,192,F,70507,0.7032
16950,P2,CASC,120.75,120.04,194,F,70555,0.7103
16960,P2,CASC,120.60,122.50,192,F,70604,0.6913
16970,P2,CASC,120.45,122.50,192,F,70653,0.6708
16980,P2,CASC,120.30,119.96,193,F,70701,0.6742
16990,P2,CASC,120.15,117.50,194,F,70748,0.7007
17000,P2,CASC,120.00,120.01,193,F,70796,0.7005
17010,P2,CASC,119.85,117.51,194,F,70843,0.7239
17020,P2,CASC,119.70,122.50,191,F,70892,0.6959
17030,P2,CASC,119.55,117.51,194,F,70939,0.7163
17040,P2,CASC,119.40,122.48,190,F,70988,0.6855
17050,P2,CASC,119.25,120.00,192,F,71036,0.6780
17060,P2,CASC,119.10,120.00,192,F,71084,0.6690
17070,P2,CASC,118.95,115.00,194,F,71130,0.7085
17080,P2,CASC,118.80,115.01,194,F,71176,0.7464
17090,P2,CASC,118.65,114.98,194,F,71222,0.7832
17100,P2,CASC,118.50,117.51,193,F,71269,0.7930
17110,P2,CASC,118.35,115.02,194,F,71315,0.8263
17120,P2,CASC,118.20,115.00,194,F,71361,0.8583
17130,P2,CASC,118.05,115.00,193,F,71407,0.8888
17140,P2,CASC,117.90,114.97,193,F,71453,0.9182
17150,P2,CASC,117.75,117.51,193,F,71500,0.9205
17160,P2,CASC,117.60,117.50,192,F,71547,0.9215
17170,P2,CASC,117.45,117.50,192,F,71594,0.9210
17180,P2,CASC,117.30,115.02,193,F,71640,0.9438
17190,P2,CASC,117.15,117.50,192,F,71687,0.9403
17200,P2,CASC,117.00,112.50,193,F,71732,0.9853
17210,P2,CASC,116.85,112.49,193,F,71777,1.0289
17220,P2,CASC,116.70,109.98,194,F,71821,1.0961
17230,P2,CASC,116.55,115.01,193,F,71867,1.1115
17240,P2,CASC,116.40,114.99,193,F,71913,1.1256
17250,P2,CASC,116.25,117.54,191,F,71960,1.1128
17260,P2,CASC,116.10,112.49,193,F,72005,1.1489
17270,P2,CASC,115.95,117.48,190,F,72052,1.1336
17280,P2,CASC,115.80,117.52,190,F,72099,1.1164
17290,P2,CASC,115.65,117.48,190,F,72146,1.0981
17300,P2,CASC,115.50,120.02,188,F,72194,1.0529
17310,P2,CASC,115.35,115.01,191,F,72240,1.0563
17320,P2,CASC,115.20,114.98,191,F,72286,1.0585
17330,P2,CASC,115.05,115.00,191,F,72332,1.0590
17340,P2,CASC,114.90,112.52,192,F,72377,1.0828
17350,P2,CASC,114.75,112.49,192,F,72422,1.1054
17360,P2,CASC,114.60,115.00,190,F,72468,1.1014
17370,P2,CASC,114.45,115.00,190,F,72514,1.0959
17380,P2,CASC,114.30,125.01,182,F,72564,0.9888
17390,P2,CASC,114.15,119.96,185,F,72612,0.9306
17400,P2,CASC,114.00,110.03,191,F,72656,0.9703
17410,P2,CASC,113.85,107.47,192,F,72699,1.0341
17420,P2,CASC,113.70,107.52,192,F,72742,1.0959
17430,P2,CASC,113.55,114.98,189,F,72788,1.0816
17440,P2,CASC,113.40,112.51,190,F,72833,1.0905
17450,P2,CASC,113.25,117.52,186,F,72880,1.0478
17460,P2,CASC,113.10,112.48,190,F,72925,1.0540
17470,P2,CASC,112.95,115.01,188,F,72971,1.0334
17480,P2,CASC,112.80,114.91,188,F,73017,1.0123
17490,P2,CASC,112.65,112.57,189,F,73062,1.0131
17500,P2,CASC,112.50,112.51,189,F,73107,1.0130
17510,P2,CASC,112.35,109.99,190,F,73151,1.0366
17520,P2,CASC,112.20,112.53,189,F,73196,1.0333
17530,P2,CASC,112.05,109.99,190,F,73240,1.0539
17540,P2,CASC,111.90,112.51,188,F,73285,1.0478
17550,P2,CASC,111.75,112.48,188,F,73330,1.0405
17560,P2,CASC,111.60,115.01,186,F,73376,1.0064
17570,P2,CASC,111.45,112.51,187,F,73421,0.9958
17580,P2,CASC,111.30,109.98,189,F,73465,1.0090
17590,P2,CASC,111.15,110.01,189,F,73509,1.0204
17600,P2,CASC,111.00,107.51,190,F,73552,1.0553
17610,P2,CASC,110.85,107.49,189,F,73595,1.0889
17620,P2,CASC,110.70,107.50,189,F,73638,1.1209
17630,P2,CASC,110.55,109.98,189,F,73682,1.1266
17640,P2,CASC,110.40,107.52,189,F,73725,1.1554
17650,P2,CASC,110.25,107.49,189,F,73768,1.1830
17660,P2,CASC,110.10,107.52,189,F,73811,1.2088
17670,P2,CASC,109.95,104.99,190,F,73853,1.2584
17680,P2,CASC,109.80,109.99,188,F,73897,1.2565
17690,P2,CASC,109.65,107.49,189,F,73940,1.2781
17700,P2,CASC,109.50,110.00,187,F,73984,1.2731
17710,P2,CASC,109.35,110.02,187,F,74028,1.2664
17720,P2,CASC,109.20,107.49,189,F,74071,1.2835
17730,P2,CASC,109.05,105.01,189,F,74113,1.3239
17740,P2,CASC,108.90,105.01,189,F,74155,1.3628
17750,P2,CASC,108.75,105.00,189,F,74197,1.4003
17760,P2,CASC,108.60,102.49,190,F,74238,1.4614
17770,P2,CASC,108.45,107.50,188,F,74281,1.4709
17780,P2,CASC,108.30,105.01,189,F,74323,1.5038
17790,P2,CASC,108.15,109.99,186,F,74367,1.4854
17800,P2,CASC,108.00,104.98,189,F,74409,1.5156
17810,P2,CASC,107.85,107.53,188,F,74452,1.5188
17820,P2,CASC,107.70,109.96,185,F,74496,1.4962
17830,P2,CASC,107.55,110.02,185,F,74540,1.4715
17840,P2,CASC,107.40,110.02,185,F,74584,1.4453
17850,P2,CASC,107.25,107.49,187,F,74627,1.4429
17860,P2,CASC,107.10,107.50,186,F,74670,1.4389
17870,P2,CASC,106.95,104.98,188,F,74712,1.4586
17880,P2,CASC,106.80,105.03,188,F,74754,1.4763
17890,P2,CASC,106.65,107.40,186,F,74797,1.4688
17900,P2,CASC,106.50,102.59,188,F,74838,1.5078
17910,P2,CASC,106.35,107.47,185,F,74881,1.4967
17920,P2,CASC,106.20,107.53,185,F,74924,1.4833
17930,P2,CASC,106.05,117.49,177,F,74971,1.3690
17940,P2,CASC,105.90,107.51,184,F,75014,1.3529
17950,P2,CASC,105.75,104.97,186,F,75056,1.3607
17960,P2,CASC,105.60,102.53,187,F,75097,1.3914
17970,P2,CASC,105.45,95.00,189,F,75135,1.4959
17980,P2,CASC,105.30,107.48,184,F,75178,1.4741
17990,P2,CASC,105.15,105.01,186,F,75220,1.4755
18000,P2,CASC,105.00,107.50,183,F,75263,1.4505
18010,P2,CASC,104.85,105.01,185,F,75305,1.4489
18020,P2,CASC,104.70,104.97,185,F,75347,1.4462
18030,P2,CASC,104.55,107.52,183,F,75390,1.4165
18040,P2,CASC,104.40,104.99,184,F,75432,1.4106
18050,P2,CASC,104.25,104.99,184,F,75474,1.4032
18060,P2,CASC,104.10,102.52,186,F,75515,1.4190
18070,P2,CASC,103.95,102.49,186,F,75556,1.4336
18080,P2,CASC,103.80,105.02,183,F,75598,1.4214
18090,P2,CASC,103.65,102.48,185,F,75639,1.4331
18100,P2,CASC,103.50,102.49,185,F,75680,1.4432
18110,P2,CASC,103.35,105.00,183,F,75722,1.4267
18120,P2,CASC,103.20,105.02,183,F,75764,1.4085
18130,P2,CASC,103.05,104.97,182,F,75806,1.3893
18140,P2,CASC,102.90,100.01,185,F,75846,1.4182
18150,P2,CASC,102.75,102.53,184,F,75887,1.4204
18160,P2,CASC,102.60,99.96,185,F,75927,1.4468
18170,P2,CASC,102.45,100.00,185,F,75967,1.4713
18180,P2,CASC,102.30,100.01,185,F,76007,1.4942
18190,P2,CASC,102.15,97.52,186,F,76046,1.5405
18200,P2,CASC,102.00,99.99,185,F,76086,1.5606
18210,P2,CASC,101.85,100.00,185,F,76126,1.5791
18220,P2,CASC,101.70,97.51,185,F,76165,1.6210
18230,P2,CASC,101.55,100.01,185,F,76205,1.6364
18240,P2,CASC,101.40,99.97,184,F,76245,1.6507
18250,P2,CASC,101.25,97.53,185,F,76284,1.6879
18260,P2,CASC,101.10,99.98,184,F,76324,1.6991
18270,P2,CASC,100.95,102.51,182,F,76365,1.6835
18280,P2,CASC,100.80,102.50,182,F,76406,1.6665
18290,P2,CASC,100.65,97.50,185,F,76445,1.6980
18300,P2,CASC,100.50,100.00,184,F,76485,1.7030
18310,P2,CASC,100.35,97.48,184,F,76524,1.7317
18320,P2,CASC,100.20,95.01,185,F,76562,1.7836
18330,P2,CASC,100.05,95.01,185,F,76600,1.8340
18340,P2,CASC,99.90,97.49,184,F,76639,1.8581
18350,P2,CASC,99.75,97.51,184,F,76678,1.8805
18360,P2,CASC,99.60,97.50,184,F,76717,1.9015
18370,P2,CASC,99.45,99.98,182,F,76757,1.8962
18380,P2,CASC,99.30,97.51,184,F,76796,1.9141
18390,P2,CASC,99.15,97.49,184,F,76835,1.9307
18400,P2,CASC,99.00,102.53,180,F,76876,1.8954
18410,P2,CASC,98.85,97.48,183,F,76915,1.9091
18420,P2,CASC,98.70,102.52,179,F,76956,1.8709
18430,P2,CASC,98.55,99.99,181,F,76996,1.8565
18440,P2,CASC,98.40,97.50,183,F,77035,1.8655
18450,P2,CASC,98.25,97.50,183,F,77074,1.8730
18460,P2,CASC,98.10,97.48,182,F,77113,1.8792
18470,P2,CASC,97.95,94.99,183,F,77151,1.9088
18480,P2,CASC,97.80,97.54,182,F,77190,1.9114
18490,P2,CASC,97.65,97.47,182,F,77229,1.9132
18500,P2,CASC,97.50,97.49,182,F,77268,1.9133
18510,P2,CASC,97.35,97.53,181,F,77307,1.9115
18520,P2,CASC,97.20,99.99,179,F,77347,1.8836
18530,P2,CASC,97.05,110.02,170,F,77391,1.7538
18540,P2,CASC,96.90,94.96,182,F,77429,1.7732
18550,P2,CASC,96.75,95.04,181,F,77467,1.7903
18560,P2,CASC,96.60,90.00,183,F,77503,1.8563
18570,P2,CASC,96.45,89.97,183,F,77539,1.9211
18580,P2,CASC,96.30,100.03,177,F,77579,1.8838
18590,P2,CASC,96.15,97.50,179,F,77618,1.8703
18600,P2,CASC,96.00,94.99,181,F,77656,1.8804
18610,P2,CASC,95.85,99.99,176,F,77696,1.8390
18620,P2,CASC,95.70,95.02,180,F,77734,1.8458
18630,P2,CASC,95.55,97.49,178,F,77773,1.8264
18640,P2,CASC,95.40,97.51,178,F,77812,1.8053
18650,P2,CASC,95.25,94.97,180,F,77850,1.8081
18660,P2,CASC,95.10,94.99,180,F,77888,1.8092
18670,P2,CASC,94.95,95.04,179,F,77926,1.8083
18680,P2,CASC,94.80,94.97,179,F,77964,1.8066
18690,P2,CASC,94.65,95.01,178,F,78002,1.8030
18700,P2,CASC,94.50,92.51,180,F,78039,1.8229
18710,P2,CASC,94.35,95.00,178,F,78077,1.8164
18720,P2,CASC,94.20,94.97,178,F,78115,1.8087
18730,P2,CASC,94.05,95.01,177,F,78153,1.7991
18740,P2,CASC,93.90,95.02,177,F,78191,1.7879
18750,P2,CASC,93.75,92.48,179,F,78228,1.8006
18760,P2,CASC,93.60,92.50,179,F,78265,1.8116
18770,P2,CASC,93.45,92.49,179,F,78302,1.8212
18780,P2,CASC,93.30,90.04,179,F,78338,1.8538
18790,P2,CASC,93.15,89.98,179,F,78374,1.8855
18800,P2,CASC,93.00,90.00,179,F,78410,1.9155
18810,P2,CASC,92.85,89.99,179,F,78446,1.9441
18820,P2,CASC,92.70,90.00,179,F,78482,1.9711
18830,P2,CASC,92.55,90.01,179,F,78518,1.9965
18840,P2,CASC,92.40,87.48,180,F,78553,2.0457
18850,P2,CASC,92.25,90.01,179,F,78589,2.0681
18860,P2,CASC,92.10,90.03,179,F,78625,2.0888
18870,P2,CASC,91.95,87.47,179,F,78660,2.1336
18880,P2,CASC,91.80,90.00,179,F,78696,2.1516
18890,P2,CASC,91.65,89.99,178,F,78732,2.1682
18900,P2,CASC,91.50,92.54,176,F,78769,2.1578
18910,P2,CASC,91.35,89.97,178,F,78805,2.1716
18920,P2,CASC,91.20,87.50,179,F,78840,2.2086
18930,P2,CASC,91.05,90.02,178,F,78876,2.2189
18940,P2,CASC,90.90,87.51,179,F,78911,2.2528
18950,P2,CASC,90.75,87.50,179,F,78946,2.2853
18960,P2,CASC,90.60,87.49,178,F,78981,2.3164
18970,P2,CASC,90.45,85.00,179,F,79015,2.3709
18980,P2,CASC,90.30,87.47,178,F,79050,2.3992
18990,P2,CASC,90.15,87.51,178,F,79085,2.4256
19000,P2,CASC,90.00,87.50,178,F,79120,2.4506
19010,P2,CASC,89.85,90.03,176,F,79156,2.4488
19020,P2,CASC,89.70,84.97,179,F,79190,2.4961
19030,P2,CASC,89.55,90.01,176,F,79226,2.4916
19040,P2,CASC,89.40,87.52,178,F,79261,2.5104
19050,P2,CASC,89.25,90.01,175,F,79297,2.5028
19060,P2,CASC,89.10,87.47,177,F,79332,2.5191
19070,P2,CASC,88.95,92.50,173,F,79369,2.4836
19080,P2,CASC,88.80,87.51,177,F,79404,2.4965
19090,P2,CASC,88.65,87.51,177,F,79439,2.5079
19100,P2,CASC,88.50,90.00,174,F,79475,2.4929
19110,P2,CASC,88.35,84.98,177,F,79509,2.5266
19120,P2,CASC,88.20,85.02,177,F,79543,2.5584
19130,P2,CASC,88.05,87.48,176,F,79578,2.5641
19140,P2,CASC,87.90,85.01,177,F,79612,2.5930
19150,P2,CASC,87.75,87.51,176,F,79647,2.5954
19160,P2,CASC,87.60,87.49,176,F,79682,2.5965
19170,P2,CASC,87.45,87.50,175,F,79717,2.5960
19180,P2,CASC,87.30,92.52,171,F,79754,2.5438
19190,P2,CASC,87.15,97.48,166,F,79793,2.4405
19200,P2,CASC,87.00,85.01,176,F,79827,2.4604
19210,P2,CASC,86.85,87.50,174,F,79862,2.4539
19220,P2,CASC,86.70,85.01,175,F,79896,2.4708
19230,P2,CASC,86.55,77.50,178,F,79927,2.5613
19240,P2,CASC,86.40,90.00,171,F,79963,2.5253
19250,P2,CASC,86.25,87.50,173,F,79998,2.5128
19260,P2,CASC,86.10,84.99,175,F,80032,2.5239
19270,P2,CASC,85.95,90.01,170,F,80068,2.4833
19280,P2,CASC,85.80,87.48,172,F,80103,2.4665
19290,P2,CASC,85.65,90.02,170,F,80139,2.4228
19300,P2,CASC,85.50,87.50,171,F,80174,2.4028
19310,P2,CASC,85.35,87.49,171,F,80209,2.3814
19320,P2,CASC,85.20,87.51,171,F,80244,2.3583
19330,P2,CASC,85.05,89.93,168,F,80280,2.3095
19340,P2,CASC,84.90,85.04,172,F,80314,2.3081
19350,P2,CASC,84.75,87.49,170,F,80349,2.2807
19360,P2,CASC,84.60,87.54,169,F,80384,2.2513
19370,P2,CASC,84.45,84.99,171,F,80418,2.2459
19380,P2,CASC,84.30,84.98,171,F,80452,2.2391
19390,P2,CASC,84.15,87.50,169,F,80487,2.2056
19400,P2,CASC,84.00,87.53,168,F,80522,2.1703
19410,P2,CASC,83.85,87.47,168,F,80557,2.1341
19420,P2,CASC,83.70,87.48,168,F,80592,2.0963
19430,P2,CASC,83.55,85.03,169,F,80626,2.0815
19440,P2,CASC,83.40,84.98,169,F,80660,2.0657
19450,P2,CASC,83.25,85.03,169,F,80694,2.0479
19460,P2,CASC,83.10,82.48,171,F,80727,2.0542
19470,P2,CASC,82.95,82.52,171,F,80760,2.0584
19480,P2,CASC,82.80,82.50,171,F,80793,2.0614
19490,P2,CASC,82.65,82.51,171,F,80826,2.0628
19500,P2,CASC,82.50,84.97,168,F,80860,2.0382
19510,P2,CASC,82.35,82.52,169,F,80893,2.0365
19520,P2,CASC,82.20,82.52,169,F,80926,2.0334
19530,P2,CASC,82.05,82.48,169,F,80959,2.0290
19540,P2,CASC,81.90,82.51,169,F,80992,2.0229
19550,P2,CASC,81.75,82.50,168,F,81025,2.0154
19560,P2,CASC,81.60,80.01,170,F,81057,2.0314
19570,P2,CASC,81.45,84.99,166,F,81091,1.9959
19580,P2,CASC,81.30,79.98,170,F,81123,2.0092
19590,P2,CASC,81.15,87.50,163,F,81158,1.9457
19600,P2,CASC,81.00,82.52,167,F,81191,1.9305
19610,P2,CASC,80.85,82.49,167,F,81224,1.9141
19620,P2,CASC,80.70,82.50,166,F,81257,1.8961
19630,P2,CASC,80.55,82.52,166,F,81290,1.8763
19640,P2,CASC,80.40,79.98,168,F,81322,1.8805
19650,P2,CASC,80.25,80.01,168,F,81354,1.8829
19660,P2,CASC,80.10,82.48,165,F,81387,1.8591
19670,P2,CASC,79.95,77.50,169,F,81418,1.8836
19680,P2,CASC,79.80,82.51,165,F,81451,1.8565
19690,P2,CASC,79.65,82.51,165,F,81484,1.8279
19700,P2,CASC,79.50,79.98,166,F,81516,1.8231
19710,P2,CASC,79.35,82.44,164,F,81549,1.7922
19720,P2,CASC,79.20,80.05,166,F,81581,1.7837
19730,P2,CASC,79.05,80.02,166,F,81613,1.7740
19740,P2,CASC,78.90,82.50,164,F,81646,1.7380
19750,P2,CASC,78.75,84.96,161,F,81680,1.6759
19760,P2,CASC,78.60,80.03,165,F,81712,1.6616
19770,P2,CASC,78.45,82.52,163,F,81745,1.6209
19780,P2,CASC,78.30,85.00,161,F,81779,1.5539
19790,P2,CASC,78.15,79.99,164,F,81811,1.5355
19800,P2,CASC,78.00,82.50,162,F,81844,1.4905
19810,P2,CASC,77.85,79.98,164,F,81876,1.4692
19820,P2,CASC,77.70,80.03,164,F,81908,1.4459
19830,P2,CASC,77.55,79.99,163,F,81940,1.4215
19840,P2,CASC,77.40,80.00,163,F,81972,1.3955
19850,P2,CASC,77.25,77.50,165,F,82003,1.3930
19860,P2,CASC,77.10,80.00,163,F,82035,1.3640
19870,P2,CASC,76.95,80.01,162,F,82067,1.3334
19880,P2,CASC,76.80,82.49,160,F,82100,1.2765
19890,P2,CASC,76.65,77.51,164,F,82131,1.2679
19900,P2,CASC,76.50,92.48,152,F,82168,1.1081
19910,P2,CASC,76.35,87.52,155,F,82203,0.9964
19920,P2,CASC,76.20,77.47,163,F,82234,0.9837
19930,P2,CASC,76.05,77.50,163,F,82265,0.9692
19940,P2,CASC,75.90,75.01,164,F,82295,0.9781
19950,P2,CASC,75.75,75.02,164,F,82325,0.9854
19960,P2,CASC,75.60,82.50,158,F,82358,0.9164
19970,P2,CASC,75.45,79.98,160,F,82390,0.8711
19980,P2,CASC,75.30,82.50,157,F,82423,0.7991
19990,P2,CASC,75.15,79.99,159,F,82455,0.7506
20000,P2,CASC,75.00,82.50,157,F,82488,0.6756
20010,P2,CASC,74.85,80.02,158,F,82520,0.6240
20020,P2,CASC,74.70,79.99,158,F,82552,0.5711
20030,P2,CASC,74.55,82.50,156,F,82585,0.4916
20040,P2,CASC,74.40,77.51,160,F,82616,0.4605
20050,P2,CASC,74.25,80.01,157,F,82648,0.4029
20060,P2,CASC,74.10,79.99,157,F,82680,0.3440
20070,P2,CASC,73.95,80.00,157,F,82712,0.2835
20080,P2,CASC,73.80,77.49,158,F,82743,0.2466
20090,P2,CASC,73.65,80.02,156,F,82775,0.1829
20100,P2,CASC,73.50,74.97,160,F,82805,0.1682
20110,P2,CASC,73.35,77.53,158,F,82836,0.1264
20120,P2,CASC,73.20,77.49,157,F,82867,0.0835
20130,P2,CASC,73.05,79.99,155,F,82899,0.0141
20140,P2,CASC,72.90,77.51,157,F,82930,-0.0320
20150,P2,CASC,72.75,77.51,156,F,82961,-0.0796
20160,P2,CASC,72.60,77.48,156,F,82992,-0.1284
20170,P2,CASC,72.45,77.51,156,F,83023,-0.1789
20180,P2,CASC,72.30,75.01,158,F,83053,-0.2061
20190,P2,CASC,72.15,77.49,155,F,83084,-0.2595
20200,P2,CASC,72.00,72.49,159,F,83113,-0.2644
20210,P2,CASC,71.85,75.01,157,F,83143,-0.2959
20220,P2,CASC,71.70,72.49,159,F,83172,-0.3039
20230,P2,CASC,71.55,72.50,158,F,83201,-0.3134
20240,P2,CASC,71.40,72.51,158,F,83230,-0.3244
20250,P2,CASC,71.25,75.01,156,F,83260,-0.3621
20260,P2,CASC,71.10,74.99,156,F,83290,-0.4009
20270,P2,CASC,70.95,72.51,158,F,83319,-0.4166
20280,P2,CASC,70.80,72.49,157,F,83348,-0.4334
20290,P2,CASC,70.65,72.49,157,F,83377,-0.4519
20300,P2,CASC,70.50,72.51,157,F,83406,-0.4719
20310,P2,CASC,70.35,75.01,155,F,83436,-0.5185
20320,P2,CASC,70.20,69.99,158,F,83464,-0.5165
20330,P2,CASC,70.05,74.99,154,F,83494,-0.5659
20340,P2,CASC,69.90,72.51,156,F,83523,-0.5920
20350,P2,CASC,69.75,75.01,154,F,83553,-0.6446
20360,P2,CASC,69.60,74.99,154,F,83583,-0.6984
20370,P2,CASC,69.45,72.51,155,F,83612,-0.7290
20380,P2,CASC,69.30,72.50,155,F,83641,-0.7610
20390,P2,CASC,69.15,74.99,153,F,83671,-0.8194
20400,P2,CASC,69.00,70.01,156,F,83699,-0.8294
20410,P2,CASC,68.85,70.01,156,F,83727,-0.8410
20420,P2,CASC,68.70,70.01,156,F,83755,-0.8541
20430,P2,CASC,68.55,69.99,156,F,83783,-0.8684
20440,P2,CASC,68.40,69.99,156,F,83811,-0.8844
20450,P2,CASC,68.25,70.02,155,F,83839,-0.9021
20460,P2,CASC,68.10,72.47,153,F,83868,-0.9458
20470,P2,CASC,67.95,70.02,155,F,83896,-0.9665
20480,P2,CASC,67.80,70.01,155,F,83924,-0.9886
20490,P2,CASC,67.65,72.50,152,F,83953,-1.0371
20500,P2,CASC,67.50,69.98,154,F,83981,-1.0619
20510,P2,CASC,67.35,67.49,156,F,84008,-1.0633
20520,P2,CASC,67.20,70.02,154,F,84036,-1.0915
20530,P2,CASC,67.05,72.51,152,F,84065,-1.1461
20540,P2,CASC,66.90,72.44,151,F,84094,-1.2015
20550,P2,CASC,66.75,67.55,155,F,84121,-1.2095
20560,P2,CASC,66.60,72.50,151,F,84150,-1.2685
20570,P2,CASC,66.45,69.99,152,F,84178,-1.3039
20580,P2,CASC,66.30,70.01,152,F,84206,-1.3410
20590,P2,CASC,66.15,67.49,154,F,84233,-1.3543
20600,P2,CASC,66.00,70.01,152,F,84261,-1.3944
20610,P2,CASC,65.85,69.99,152,F,84289,-1.4358
20620,P2,CASC,65.70,67.51,153,F,84316,-1.4539
20630,P2,CASC,65.55,65.00,154,F,84342,-1.4484
20640,P2,CASC,65.40,70.01,151,F,84370,-1.4945
20650,P2,CASC,65.25,67.49,153,F,84397,-1.5169
20660,P2,CASC,65.10,67.51,152,F,84424,-1.5410
20670,P2,CASC,64.95,67.48,152,F,84451,-1.5663
20680,P2,CASC,64.80,67.53,152,F,84478,-1.5935
20690,P2,CASC,64.65,69.98,150,F,84506,-1.6468
20700,P2,CASC,64.50,67.50,151,F,84533,-1.6768
20710,P2,CASC,64.35,77.50,143,F,84564,-1.8083
20720,P2,CASC,64.20,75.01,145,F,84594,-1.9165
20730,P2,CASC,64.05,67.48,150,F,84621,-1.9508
20740,P2,CASC,63.90,67.51,150,F,84648,-1.9868
20750,P2,CASC,63.75,67.51,150,F,84675,-2.0245
20760,P2,CASC,63.60,60.01,153,F,84699,-1.9885
20770,P2,CASC,63.45,65.00,151,F,84725,-2.0040
20780,P2,CASC,63.30,69.98,147,F,84753,-2.0708
20790,P2,CASC,63.15,70.02,147,F,84781,-2.1395
20800,P2,CASC,63.00,67.49,149,F,84808,-2.1845
20810,P2,CASC,62.85,67.50,148,F,84835,-2.2310
20820,P2,CASC,62.70,69.99,146,F,84863,-2.3039
20830,P2,CASC,62.55,70.01,146,F,84891,-2.3785
20840,P2,CASC,62.40,67.49,147,F,84918,-2.4293
20850,P2,CASC,62.25,67.51,147,F,84945,-2.4819
20860,P2,CASC,62.10,67.51,147,F,84972,-2.5360
20870,P2,CASC,61.95,69.99,144,F,85000,-2.6164
20880,P2,CASC,61.80,67.50,146,F,85027,-2.6734
20890,P2,CASC,61.65,67.49,146,F,85054,-2.7318
20900,P2,CASC,61.50,65.01,147,F,85080,-2.7669
20910,P2,CASC,61.35,67.51,145,F,85107,-2.8285
20920,P2,CASC,61.20,64.99,147,F,85133,-2.8664
20930,P2,CASC,61.05,65.01,147,F,85159,-2.9060
20940,P2,CASC,60.90,64.99,146,F,85185,-2.9469
20950,P2,CASC,60.75,65.01,146,F,85211,-2.9895
20960,P2,CASC,60.60,64.99,146,F,85237,-3.0333
20970,P2,CASC,60.45,65.00,146,F,85263,-3.0788
20980,P2,CASC,60.30,65.01,145,F,85289,-3.1259
20990,P2,CASC,60.15,62.49,147,F,85314,-3.1493
21000,P2,CASC,60.00,65.01,145,F,85340,-3.1994
21010,P2,CASC,59.85,65.00,144,F,85366,-3.2509
21020,P2,CASC,59.70,65.00,144,F,85392,-3.3039
21030,P2,CASC,59.55,62.51,146,F,85417,-3.3335
21040,P2,CASC,59.40,59.99,148,F,85441,-3.3394
21050,P2,CASC,59.25,64.99,143,F,85467,-3.3968
21060,P2,CASC,59.10,62.52,145,F,85492,-3.4310
21070,P2,CASC,58.95,59.99,147,F,85516,-3.4414
21080,P2,CASC,58.80,59.99,147,F,85540,-3.4534
21090,P2,CASC,58.65,60.02,147,F,85564,-3.4670
21100,P2,CASC,58.50,59.99,146,F,85588,-3.4820
21110,P2,CASC,58.35,60.00,146,F,85612,-3.4985
21120,P2,CASC,58.20,60.00,146,F,85636,-3.5165
21130,P2,CASC,58.05,60.00,146,F,85660,-3.5360
21140,P2,CASC,57.90,60.00,146,F,85684,-3.5570
21150,P2,CASC,57.75,60.00,145,F,85708,-3.5795
21160,P2,CASC,57.60,60.00,145,F,85732,-3.6035
21170,P2,CASC,57.45,60.00,145,F,85756,-3.6290
21180,P2,CASC,57.30,59.99,145,F,85780,-3.6559
21190,P2,CASC,57.15,60.01,144,F,85804,-3.6845
21200,P2,CASC,57.00,59.98,144,F,85828,-3.7143
21210,P2,CASC,56.85,57.51,146,F,85851,-3.7209
21220,P2,CASC,56.70,60.01,144,F,85875,-3.7539
21230,P2,CASC,56.55,62.51,141,F,85900,-3.8135
21240,P2,CASC,56.40,57.49,145,F,85923,-3.8245
21250,P2,CASC,56.25,62.49,141,F,85948,-3.8869
21260,P2,CASC,56.10,60.01,143,F,85972,-3.9259
21270,P2,CASC,55.95,59.99,142,F,85996,-3.9664
21280,P2,CASC,55.80,60.00,142,F,86020,-4.0084
21290,P2,CASC,55.65,57.50,144,F,86043,-4.0269
21300,P2,CASC,55.50,59.99,142,F,86067,-4.0718
21310,P2,CASC,55.35,60.00,141,F,86091,-4.1183
21320,P2,CASC,55.20,55.02,143,F,86113,-4.1165
21330,P2,CASC,55.05,57.49,143,F,86136,-4.1410
21340,P2,CASC,54.90,57.51,143,F,86159,-4.1670
21350,P2,CASC,54.75,57.49,142,F,86182,-4.1945
21360,P2,CASC,54.60,55.00,144,F,86204,-4.1985
21370,P2,CASC,54.45,54.99,144,F,86226,-4.2039
21380,P2,CASC,54.30,57.51,142,F,86249,-4.2360
21390,P2,CASC,54.15,57.49,142,F,86272,-4.2695
21400,P2,CASC,54.00,57.49,141,F,86295,-4.3043
21410,P2,CASC,53.85,55.02,143,F,86317,-4.3160
21420,P2,CASC,53.70,54.98,143,F,86339,-4.3288
21430,P2,CASC,53.55,60.02,139,F,86363,-4.3935
21440,P2,CASC,53.40,52.49,142,F,86384,-4.3845
21450,P2,CASC,53.25,55.01,142,F,86406,-4.4020
21460,P2,CASC,53.10,57.48,140,F,86429,-4.4459
21470,P2,CASC,52.95,55.02,142,F,86451,-4.4665
21480,P2,CASC,52.80,54.99,142,F,86473,-4.4884
21490,P2,CASC,52.65,54.99,141,F,86495,-4.5118
21500,P2,CASC,52.50,55.01,141,F,86517,-4.5369
21510,P2,CASC,52.35,54.99,141,F,86539,-4.5634
21520,P2,CASC,52.20,57.52,139,F,86562,-4.6165
21530,P2,CASC,52.05,54.99,140,F,86584,-4.6460
21540,P2,CASC,51.90,52.49,142,F,86605,-4.6519
21550,P2,CASC,51.75,55.00,140,F,86627,-4.6844
21560,P2,CASC,51.60,52.49,142,F,86648,-4.6934
21570,P2,CASC,51.45,55.02,140,F,86670,-4.7290
21580,P2,CASC,51.30,52.49,141,F,86691,-4.7409
21590,P2,CASC,51.15,52.51,141,F,86712,-4.7545
21600,P2,CASC,51.00,52.48,141,F,86733,-4.7694
21610,P2,CASC,50.85,52.51,141,F,86754,-4.7859
21620,P2,CASC,50.70,52.49,141,F,86775,-4.8038
21630,P2,CASC,50.55,55.02,138,F,86797,-4.8485
21640,P2,CASC,50.40,52.49,140,F,86818,-4.8694
21650,P2,CASC,50.25,52.50,140,F,86839,-4.8919
21660,P2,CASC,50.10,55.01,138,F,86861,-4.9409
21670,P2,CASC,49.95,52.49,139,F,86882,-4.9664
21680,P2,CASC,49.80,55.01,137,F,86904,-5.0185
21690,P2,CASC,49.65,52.51,139,F,86925,-5.0470
21700,P2,CASC,49.50,54.98,137,F,86947,-5.1018
21710,P2,CASC,49.35,70.02,124,F,86975,-5.3085
21720,P2,CASC,49.20,54.99,136,F,86997,-5.3665
21730,P2,CASC,49.05,52.51,138,F,87018,-5.4011
21740,P2,CASC,48.90,52.49,137,F,87039,-5.4370
21750,P2,CASC,48.75,52.51,137,F,87060,-5.4746
21760,P2,CASC,48.60,47.50,138,F,87079,-5.4635
21770,P2,CASC,48.45,50.01,139,F,87099,-5.4791
21780,P2,CASC,48.30,54.98,135,F,87121,-5.5459
21790,P2,CASC,48.15,55.02,134,F,87143,-5.6145
21800,P2,CASC,48.00,54.99,134,F,87165,-5.6845
21810,P2,CASC,47.85,55.00,134,F,87187,-5.7560
21820,P2,CASC,47.70,55.00,134,F,87209,-5.8290
21830,P2,CASC,47.55,52.46,135,F,87230,-5.8781
21840,P2,CASC,47.40,52.55,135,F,87251,-5.9296
21850,P2,CASC,47.25,54.99,133,F,87273,-6.0070
21860,P2,CASC,47.10,55.01,132,F,87295,-6.0861
21870,P2,CASC,46.95,52.48,134,F,87316,-6.1414
21880,P2,CASC,46.80,52.50,134,F,87337,-6.1984
21890,P2,CASC,46.65,52.51,134,F,87358,-6.2570
21900,P2,CASC,46.50,54.99,131,F,87380,-6.3420
21910,P2,CASC,46.35,52.51,133,F,87401,-6.4036
21920,P2,CASC,46.20,52.49,133,F,87422,-6.4665
21930,P2,CASC,46.05,52.49,132,F,87443,-6.5310
21940,P2,CASC,45.90,52.50,132,F,87464,-6.5970
21950,P2,CASC,45.75,50.01,134,F,87484,-6.6396
21960,P2,CASC,45.60,52.49,132,F,87505,-6.7085
21970,P2,CASC,45.45,49.99,133,F,87525,-6.7539
21980,P2,CASC,45.30,49.99,133,F,87545,-6.8009
21990,P2,CASC,45.15,50.02,133,F,87565,-6.8495
22000,P2,CASC,45.00,49.99,133,F,87585,-6.8994
22010,P2,CASC,44.85,47.51,134,F,87604,-6.9260
22020,P2,CASC,44.70,47.50,134,F,87623,-6.9539
22030,P2,CASC,44.55,50.00,132,F,87643,-7.0084
22040,P2,CASC,44.40,47.50,134,F,87662,-7.0395
22050,P2,CASC,44.25,50.01,132,F,87682,-7.0970
22060,P2,CASC,44.10,47.50,133,F,87701,-7.1310
22070,P2,CASC,43.95,47.50,133,F,87720,-7.1665
22080,P2,CASC,43.80,47.50,133,F,87739,-7.2035
22090,P2,CASC,43.65,50.00,131,F,87759,-7.2670
22100,P2,CASC,43.50,45.00,134,F,87777,-7.2821
22110,P2,CASC,43.35,47.49,132,F,87796,-7.3235
22120,P2,CASC,43.20,47.50,132,F,87815,-7.3664
22130,P2,CASC,43.05,45.00,134,F,87833,-7.3859
22140,P2,CASC,42.90,45.00,134,F,87851,-7.4069
22150,P2,CASC,42.75,45.01,133,F,87869,-7.4295
22160,P2,CASC,42.60,47.49,131,F,87888,-7.4784
22170,P2,CASC,42.45,42.51,135,F,87905,-7.4790
22180,P2,CASC,42.30,45.00,133,F,87923,-7.5060
22190,P2,CASC,42.15,44.99,133,F,87941,-7.5344
22200,P2,CASC,42.00,42.50,135,F,87958,-7.5394
22210,P2,CASC,41.85,45.00,132,F,87976,-7.5709
22220,P2,CASC,41.70,45.01,132,F,87994,-7.6040
22230,P2,CASC,41.55,42.50,134,F,88011,-7.6135
22240,P2,CASC,41.40,45.00,132,F,88029,-7.6495
22250,P2,CASC,41.25,42.51,134,F,88046,-7.6620
22260,P2,CASC,41.10,44.99,132,F,88064,-7.7009
22270,P2,CASC,40.95,45.00,131,F,88082,-7.7414
22280,P2,CASC,40.80,45.01,131,F,88100,-7.7835
22290,P2,CASC,40.65,42.50,133,F,88117,-7.8020
22300,P2,CASC,40.50,42.49,133,F,88134,-7.8219
22310,P2,CASC,40.35,45.00,131,F,88152,-7.8685
22320,P2,CASC,40.20,45.01,130,F,88170,-7.9166
22330,P2,CASC,40.05,42.49,132,F,88187,-7.9410
22340,P2,CASC,39.90,42.50,132,F,88204,-7.9669
22350,P2,CASC,39.75,45.00,130,F,88222,-8.0194
22360,P2,CASC,39.60,45.00,129,F,88240,-8.0734
22370,P2,CASC,39.45,40.00,133,F,88256,-8.0789
22380,P2,CASC,39.30,45.01,129,F,88274,-8.1361
22390,P2,CASC,39.15,45.00,129,F,88292,-8.1946
22400,P2,CASC,39.00,42.49,131,F,88309,-8.2294
22410,P2,CASC,38.85,42.50,130,F,88326,-8.2660
22420,P2,CASC,38.70,45.00,128,F,88344,-8.3290
22430,P2,CASC,38.55,44.99,128,F,88362,-8.3934
22440,P2,CASC,38.40,42.50,130,F,88379,-8.4344
22450,P2,CASC,38.25,45.02,127,F,88397,-8.5021
22460,P2,CASC,38.10,42.50,129,F,88414,-8.5460
22470,P2,CASC,37.95,42.50,129,F,88431,-8.5915
22480,P2,CASC,37.80,42.49,129,F,88448,-8.6384
22490,P2,CASC,37.65,42.50,128,F,88465,-8.6870
22500,P2,CASC,37.50,42.50,128,F,88482,-8.7370
22510,P2,CASC,37.35,39.99,130,F,88498,-8.7634
22520,P2,CASC,37.20,42.50,128,F,88515,-8.8164
22530,P2,CASC,37.05,40.01,129,F,88531,-8.8461
22540,P2,CASC,36.90,39.99,129,F,88547,-8.8769
22550,P2,CASC,36.75,40.01,129,F,88563,-8.9096
22560,P2,CASC,36.60,42.48,127,F,88580,-8.9684
22570,P2,CASC,36.45,37.50,131,F,88595,-8.9789
22580,P2,CASC,36.30,40.00,128,F,88611,-9.0159
22590,P2,CASC,36.15,40.00,128,F,88627,-9.0544
22600,P2,CASC,36.00,40.00,128,F,88643,-9.0944
22610,P2,CASC,35.85,37.50,130,F,88658,-9.1109
22620,P2,CASC,35.70,40.01,128,F,88674,-9.1540
22630,P2,CASC,35.55,39.99,127,F,88690,-9.1984
22640,P2,CASC,35.40,37.50,129,F,88705,-9.2194
22650,P2,CASC,35.25,37.52,129,F,88720,-9.2420
22660,P2,CASC,35.10,37.50,129,F,88735,-9.2660
22670,P2,CASC,34.95,39.99,127,F,88751,-9.3165
22680,P2,CASC,34.80,37.50,128,F,88766,-9.3435
22690,P2,CASC,34.65,37.50,128,F,88781,-9.3720
22700,P2,CASC,34.50,35.00,130,F,88795,-9.3770
22710,P2,CASC,34.35,34.99,130,F,88809,-9.3834
22720,P2,CASC,34.20,37.51,128,F,88824,-9.4165
22730,P2,CASC,34.05,35.00,130,F,88838,-9.4259
22740,P2,CASC,33.90,37.50,127,F,88853,-9.4620
22750,P2,CASC,33.75,37.49,127,F,88868,-9.4994
22760,P2,CASC,33.60,35.01,129,F,88882,-9.5135
22770,P2,CASC,33.45,34.99,129,F,88896,-9.5290
22780,P2,CASC,33.30,35.01,129,F,88910,-9.5460
22790,P2,CASC,33.15,34.99,129,F,88924,-9.5644
22800,P2,CASC,33.00,37.51,126,F,88939,-9.6096
22810,P2,CASC,32.85,35.00,128,F,88953,-9.6310
22820,P2,CASC,32.70,35.00,128,F,88967,-9.6540
22830,P2,CASC,32.55,35.00,128,F,88981,-9.6785
22840,P2,CASC,32.40,35.00,128,F,88995,-9.7045
22850,P2,CASC,32.25,35.00,127,F,89009,-9.7320
22860,P2,CASC,32.10,32.50,129,F,89022,-9.7359
22870,P2,CASC,31.95,35.00,127,F,89036,-9.7665
22880,P2,CASC,31.80,32.50,129,F,89049,-9.7735
22890,P2,CASC,31.65,35.00,127,F,89063,-9.8070
22900,P2,CASC,31.50,35.00,127,F,89077,-9.8419
22910,P2,CASC,31.35,35.01,126,F,89091,-9.8786
22920,P2,CASC,31.20,32.49,128,F,89104,-9.8914
22930,P2,CASC,31.05,32.50,128,F,89117,-9.9059
22940,P2,CASC,30.90,35.01,126,F,89131,-9.9471
22950,P2,CASC,30.75,32.49,128,F,89144,-9.9645
22960,P2,CASC,30.60,35.00,126,F,89158,-10.0085
22970,P2,CASC,30.45,34.99,125,F,89172,-10.0540
22980,P2,CASC,30.30,32.50,127,F,89185,-10.0760
22990,P2,CASC,30.15,35.00,125,F,89199,-10.1245
23000,P2,CASC,30.00,35.01,125,F,89213,-10.1746
23010,P2,CASC,29.85,34.99,124,F,89227,-10.2260
23020,P2,CASC,29.70,35.00,124,F,89241,-10.2790
23030,P2,CASC,29.55,35.01,124,F,89255,-10.3336
23040,P2,CASC,29.40,35.00,124,F,89269,-10.3895
23050,P2,CASC,29.25,35.00,123,F,89283,-10.4471
23060,P2,CASC,29.10,35.00,123,F,89297,-10.5061
23070,P2,CASC,28.95,35.00,123,F,89311,-10.5665
23080,P2,CASC,28.80,35.00,123,F,89325,-10.6285
23090,P2,CASC,28.65,34.99,122,F,89339,-10.6919
23100,P2,CASC,28.50,50.01,110,F,89359,-10.9070
23110,P2,CASC,28.35,40.00,117,F,89375,-11.0235
23120,P2,CASC,28.20,35.00,121,F,89389,-11.0915
23130,P2,CASC,28.05,32.50,123,F,89402,-11.1360
23140,P2,CASC,27.90,35.00,120,F,89416,-11.2070
23150,P2,CASC,27.75,35.00,120,F,89430,-11.2795
23160,P2,CASC,27.60,35.01,120,F,89444,-11.3536
23170,P2,CASC,27.45,34.99,120,F,89458,-11.4290
23180,P2,CASC,27.30,32.50,121,F,89471,-11.4810
23190,P2,CASC,27.15,30.01,123,F,89483,-11.5095
23200,P2,CASC,27.00,27.49,125,F,89494,-11.5145
23210,P2,CASC,26.85,35.01,119,F,89508,-11.5961
23220,P2,CASC,26.70,35.00,118,F,89522,-11.6791
23230,P2,CASC,26.55,34.99,118,F,89536,-11.7635
23240,P2,CASC,26.40,35.00,118,F,89550,-11.8495
23250,P2,CASC,26.25,35.01,117,F,89564,-11.9371
23260,P2,CASC,26.10,34.99,117,F,89578,-12.0260
23270,P2,CASC,25.95,35.00,117,F,89592,-12.1165
23280,P2,CASC,25.80,32.51,118,F,89605,-12.1836
23290,P2,CASC,25.65,35.00,116,F,89619,-12.2771
23300,P2,CASC,25.50,30.00,120,F,89631,-12.3221
23310,P2,CASC,25.35,34.99,116,F,89645,-12.4185
23320,P2,CASC,25.20,32.51,117,F,89658,-12.4915
23330,P2,CASC,25.05,35.00,115,F,89672,-12.5910
23340,P2,CASC,24.90,32.50,117,F,89685,-12.6670
23350,P2,CASC,24.75,32.50,116,F,89698,-12.7444
23360,P2,CASC,24.60,32.50,116,F,89711,-12.8234
23370,P2,CASC,24.45,30.01,118,F,89723,-12.8790
23380,P2,CASC,24.30,32.50,115,F,89736,-12.9611
23390,P2,CASC,24.15,29.99,117,F,89748,-13.0195
23400,P2,CASC,24.00,32.50,115,F,89761,-13.1045
23410,P2,CASC,23.85,30.00,116,F,89773,-13.1660
23420,P2,CASC,23.70,32.50,114,F,89786,-13.2540
23430,P2,CASC,23.55,30.00,116,F,89798,-13.3185
23440,P2,CASC,23.40,29.99,116,F,89810,-13.3845
23450,P2,CASC,23.25,30.01,115,F,89822,-13.4520
23460,P2,CASC,23.10,30.00,115,F,89834,-13.5210
23470,P2,CASC,22.95,27.49,117,F,89845,-13.5665
23480,P2,CASC,22.80,30.00,114,F,89857,-13.6385
23490,P2,CASC,22.65,27.50,116,F,89868,-13.6870
23500,P2,CASC,22.50,27.51,116,F,89879,-13.7371
23510,P2,CASC,22.35,27.50,116,F,89890,-13.7886
23520,P2,CASC,22.20,27.50,115,F,89901,-13.8415
23530,P2,CASC,22.05,27.50,115,F,89912,-13.8961
23540,P2,CASC,21.90,27.50,115,F,89923,-13.9520
23550,P2,CASC,21.75,25.00,117,F,89933,-13.9845
23560,P2,CASC,21.60,25.00,116,F,89943,-14.0185
23570,P2,CASC,21.45,27.50,114,F,89954,-14.0790
23580,P2,CASC,21.30,25.01,116,F,89964,-14.1160
23590,P2,CASC,21.15,25.00,116,F,89974,-14.1545
23600,P2,CASC,21.00,25.01,116,F,89984,-14.1946
23610,P2,CASC,20.85,25.00,115,F,89994,-14.2360
23620,P2,CASC,20.70,22.50,117,F,90003,-14.2540
23630,P2,CASC,20.55,25.00,115,F,90013,-14.2985
23640,P2,CASC,20.40,22.51,117,F,90022,-14.3196
23650,P2,CASC,20.25,25.00,115,F,90032,-14.3670
23660,P2,CASC,20.10,22.50,116,F,90041,-14.3910
23670,P2,CASC,19.95,22.50,116,F,90050,-14.4165
23680,P2,CASC,19.80,22.50,116,F,90059,-14.4435
23690,P2,CASC,19.65,22.50,116,F,90068,-14.4720
23700,P2,CASC,19.50,22.50,116,F,90077,-14.5020
23710,P2,CASC,19.35,22.50,115,F,90086,-14.5336
23720,P2,CASC,19.20,22.50,115,F,90095,-14.5665
23730,P2,CASC,19.05,22.50,115,F,90104,-14.6011
23740,P2,CASC,18.90,20.00,117,F,90112,-14.6120
23750,P2,CASC,18.75,20.00,117,F,90120,-14.6246
23760,P2,CASC,18.60,20.00,116,F,90128,-14.6385
23770,P2,CASC,18.45,22.50,114,F,90137,-14.6790
23780,P2,CASC,18.30,20.00,116,F,90145,-14.6960
23790,P2,CASC,18.15,20.00,116,F,90153,-14.7146
23800,P2,CASC,18.00,20.00,116,F,90161,-14.7345
23810,P2,CASC,17.85,20.00,116,F,90169,-14.7561
23820,P2,CASC,17.70,20.00,115,F,90177,-14.7790
23830,P2,CASC,17.55,20.00,115,F,90185,-14.8036
23840,P2,CASC,17.40,19.99,115,F,90193,-14.8295
23850,P2,CASC,17.25,20.00,115,F,90201,-14.8570
23860,P2,CASC,17.10,17.51,117,F,90208,-14.8610
23870,P2,CASC,16.95,20.00,115,F,90216,-14.8915
23880,P2,CASC,16.80,20.00,114,F,90224,-14.9235
23890,P2,CASC,16.65,17.50,116,F,90231,-14.9320
23900,P2,CASC,16.50,17.49,116,F,90238,-14.9420
23910,P2,CASC,16.35,17.50,116,F,90245,-14.9535
23920,P2,CASC,16.20,20.00,114,F,90253,-14.9915
23930,P2,CASC,16.05,20.00,114,F,90261,-15.0310
23940,P2,CASC,15.90,17.50,115,F,90268,-15.0470
23950,P2,CASC,15.75,20.01,113,F,90276,-15.0896
23960,P2,CASC,15.60,17.49,115,F,90283,-15.1085
23970,P2,CASC,15.45,20.00,113,F,90291,-15.1540
23980,P2,CASC,15.30,17.51,115,F,90298,-15.1761
23990,P2,CASC,15.15,17.50,114,F,90305,-15.1995
24000,P2,CASC,15.00,17.50,114,F,90312,-15.2245
24010,P2,CASC,14.85,20.00,112,F,90320,-15.2760
24020,P2,CASC,14.70,17.50,114,F,90327,-15.3040
24030,P2,CASC,14.55,17.50,114,F,90334,-15.3335
24040,P2,CASC,14.40,17.50,113,F,90341,-15.3645
24050,P2,CASC,14.25,17.50,113,F,90348,-15.3971
24060,P2,CASC,14.10,17.50,113,F,90355,-15.4311
24070,P2,CASC,13.95,17.50,113,F,90362,-15.4666
24080,P2,CASC,13.80,17.50,113,F,90369,-15.5035
24090,P2,CASC,13.65,20.00,110,F,90377,-15.5670
24100,P2,CASC,13.50,17.50,112,F,90384,-15.6070
24110,P2,CASC,13.35,17.50,112,F,90391,-15.6485
24120,P2,CASC,13.20,20.00,110,F,90399,-15.7165
24130,P2,CASC,13.05,17.50,111,F,90406,-15.7610
24140,P2,CASC,12.90,15.00,113,F,90412,-15.7820
24150,P2,CASC,12.75,17.50,111,F,90419,-15.8295
24160,P2,CASC,12.60,17.50,111,F,90426,-15.8785
24170,P2,CASC,12.45,20.00,108,F,90434,-15.9540
24180,P2,CASC,12.30,15.00,112,F,90440,-15.9810
24190,P2,CASC,12.15,17.50,110,F,90447,-16.0345
24200,P2,CASC,12.00,20.00,108,F,90455,-16.1145
24210,P2,CASC,11.85,17.50,109,F,90462,-16.1711
24220,P2,CASC,11.70,15.00,111,F,90468,-16.2041
24230,P2,CASC,11.55,17.50,109,F,90475,-16.2635
24240,P2,CASC,11.40,17.50,109,F,90482,-16.3245
24250,P2,CASC,11.25,15.00,110,F,90488,-16.3620
24260,P2,CASC,11.10,17.50,108,F,90495,-16.4261
24270,P2,CASC,10.95,17.49,108,F,90502,-16.4915
24280,P2,CASC,10.80,15.00,110,F,90508,-16.5335
24290,P2,CASC,10.65,17.50,107,F,90515,-16.6020
24300,P2,CASC,10.50,15.00,109,F,90521,-16.6470
24310,P2,CASC,10.35,15.00,109,F,90527,-16.6935
24320,P2,CASC,10.20,15.00,109,F,90533,-16.7415
24330,P2,CASC,10.05,17.50,106,F,90540,-16.8160
24340,P2,CASC,9.90,15.00,108,F,90546,-16.8670
24350,P2,CASC,9.75,15.00,108,F,90552,-16.9195
24360,P2,CASC,9.60,15.00,108,F,90558,-16.9735
24370,P2,CASC,9.45,15.00,107,F,90564,-17.0291
24380,P2,CASC,9.30,17.50,105,F,90571,-17.1110
24390,P2,CASC,9.15,15.00,107,F,90577,-17.1695
24400,P2,CASC,9.00,12.50,109,F,90582,-17.2045
24410,P2,CASC,8.85,15.00,106,F,90588,-17.2660
24420,P2,CASC,8.70,15.00,106,F,90594,-17.3290
24430,P2,CASC,8.55,15.00,106,F,90600,-17.3935
24440,P2,CASC,8.40,12.50,107,F,90605,-17.4345
24450,P2,CASC,8.25,15.00,105,F,90611,-17.5020
24460,P2,CASC,8.10,15.00,105,F,90617,-17.5710
24470,P2,CASC,7.95,12.50,107,F,90622,-17.6165
24480,P2,CASC,7.80,12.50,106,F,90627,-17.6635
24490,P2,CASC,7.65,15.00,104,F,90633,-17.7370
24500,P2,CASC,7.50,12.50,106,F,90638,-17.7870
24510,P2,CASC,7.35,12.50,106,F,90643,-17.8385
24520,P2,CASC,7.20,12.50,105,F,90648,-17.8915
24530,P2,CASC,7.05,15.00,103,F,90654,-17.9710
24540,P2,CASC,6.90,12.50,105,F,90659,-18.0270
24550,P2,CASC,6.75,12.50,105,F,90664,-18.0845
24560,P2,CASC,6.60,12.50,104,F,90669,-18.1435
24570,P2,CASC,6.45,12.50,104,F,90674,-18.2040
24580,P2,CASC,6.30,12.50,104,F,90679,-18.2660
24590,P2,CASC,6.15,12.50,104,F,90684,-18.3295
24600,P2,CASC,6.00,12.50,103,F,90689,-18.3945
24610,P2,CASC,5.85,12.50,103,F,90694,-18.4610
24620,P2,CASC,5.70,10.00,105,F,90698,-18.5040
24630,P2,CASC,5.55,12.50,102,F,90703,-18.5735
24640,P2,CASC,5.40,10.00,104,F,90707,-18.6195
24650,P2,CASC,5.25,12.50,102,F,90712,-18.6920
24660,P2,CASC,5.10,10.00,104,F,90716,-18.7410
24670,P2,CASC,4.95,12.50,101,F,90721,-18.8165
24680,P2,CASC,4.80,10.00,103,F,90725,-18.8685
24690,P2,CASC,4.65,12.50,101,F,90730,-18.9470
24700,P2,CASC,4.50,10.00,103,F,90734,-19.0020
24710,P2,CASC,4.35,10.00,102,F,90738,-19.0585
24720,P2,CASC,4.20,10.00,102,F,90742,-19.1165
24730,P2,CASC,4.05,10.00,102,F,90746,-19.1760
24740,P2,CASC,3.90,12.50,100,F,90751,-19.2620
24750,P2,CASC,3.75,10.00,101,F,90755,-19.3245
24760,P2,CASC,3.60,7.50,103,F,90758,-19.3635
24770,P2,CASC,3.45,10.00,101,F,90762,-19.4290
24780,P2,CASC,3.30,10.00,100,F,90766,-19.4960
24790,P2,CASC,3.15,10.00,100,F,90770,-19.5645
24800,P2,CASC,3.00,10.00,100,F,90774,-19.6345
24810,P2,CASC,2.85,7.50,102,F,90777,-19.6810
24820,P2,CASC,2.70,7.50,101,F,90780,-19.7290
24830,P2,CASC,2.55,10.00,99,F,90784,-19.8035
24840,P2,CASC,2.40,7.50,101,F,90787,-19.8545
24850,P2,CASC,2.25,10.00,99,F,90791,-19.9320
24860,P2,CASC,2.10,7.50,100,F,90794,-19.9860
24870,P2,CASC,1.95,7.50,100,F,90797,-20.0415
24880,P2,CASC,1.80,7.50,100,F,90800,-20.0985
24890,P2,CASC,1.65,7.50,99,F,90803,-20.1570
24900,P2,CASC,1.50,7.50,99,F,90806,-20.2170
24910,P2,CASC,1.35,7.50,99,F,90809,-20.2785
24920,P2,CASC,1.20,7.50,99,F,90812,-20.3415
24930,P2,CASC,1.05,7.50,98,F,90815,-20.4060
24940,P2,CASC,0.90,5.00,100,F,90817,-20.4470
24950,P2,CASC,0.75,5.00,100,F,90819,-20.4895
24960,P2,CASC,0.60,5.00,100,F,90821,-20.5335
24970,P2,CASC,0.45,5.00,99,F,90823,-20.5790
24980,P2,CASC,0.30,7.50,97,F,90826,-20.6510
24990,P2,CASC,0.15,5.00,99,F,90828,-20.6995
25000,P2,CASC,0.00,7.50,69,F,90831,-20.7745
25010,P2,CASC,0.00,5.00,39,F,90833,-20.8245
25020,P2,CASC,0.00,0.00,9,F,90833,-20.8245
25030,P2,CASC,0.00,0.00,-20,R,90833,-20.8245
25040,P2,CASC,0.00,0.00,-50,R,90833,-20.8245
25050,P2,CASC,0.00,0.00,-51,R,90833,-20.8245
25060,P2,CASC,0.00,0.00,-51,R,90833,-20.8245
25070,P2,CASC,0.00,0.00,-51,R,90833,-20.8245
25080,P2,CASC,0.00,0.00,-51,R,90833,-20.8245
25090,P2,CASC,0.00,0.00,-51,R,90833,-20.8245
25100,P2,CASC,0.00,0.00,-51,R,90833,-20.8245
25110,P2,CASC,0.00,0.00,-51,R,90833,-20.8245
25120,P2,CASC,0.00,0.00,-51,R,90833,-20.8245
25130,P2,CASC,0.00,0.00,-51,R,90833,-20.8245
25140,P2,CASC,0.00,0.00,-51,R,90833,-20.8245
25150,P2,CASC,0.00,0.00,-51,R,90833,-20.8245
25160,P2,CASC,0.00,0.00,-51,R,90833,-20.8245
25170,P2,CASC,0.00,0.00,-51,R,90833,-20.8245
25180,P2,CASC,0.00,0.00,-51,R,90833,-20.8245
25190,P2,CASC,0.00,0.00,-51,R,90833,-20.8245
25200,P2,CASC,0.00,0.00,-51,R,90833,-20.8245
25210,P2,CASC,0.00,0.00,-51,R,90833,-20.8245
25220,P2,CASC,0.00,0.00,-51,R,90833,-20.8245
25230,P2,CASC,0.00,0.00,-51,R,90833,-20.8245
25240,P2,CASC,0.00,0.00,-51,R,90833,-20.8245
25250,P2,CASC,0.00,0.00,-51,R,90833,-20.8245
25260,P2,CASC,0.00,0.00,-51,R,90833,-20.8245
25270,P2,CASC,0.00,0.00,-51,R,90833,-20.8245
25280,P2,CASC,0.00,0.00,-51,R,90833,-20.8245
25290,P2,CASC,0.00,0.00,-51,R,90833,-20.8245
25300,P2,CASC,0.00,0.00,-51,R,90833,-20.8245
25310,P2,CASC,0.00,0.00,-51,R,90833,-20.8245
25320,P2,CASC,0.00,0.00,-51,R,90833,-20.8245
25330,P2,CASC,0.00,0.00,-51,R,90833,-20.8245
25340,P2,CASC,0.00,0.00,-51,R,90833,-20.8245
25350,P2,CASC,0.00,0.00,-51,R,90833,-20.8245
25360,P2,CASC,0.00,0.00,-51,R,90833,-20.8245
25370,P2,CASC,0.00,0.00,-51,R,90833,-20.8245
25380,P2,CASC,0.00,0.00,-51,R,90833,-20.8245
25390,P2,CASC,0.00,0.00,-51,R,90833,-20.8245
25400,P2,CASC,0.00,0.00,-51,R,90833,-20.8245
25410,P2,CASC,0.00,0.00,-51,R,90833,-20.8245
25420,P2,CASC,0.00,0.00,-51,R,90833,-20.8245
25430,P2,CASC,0.00,0.00,-51,R,90833,-20.8245
25440,P2,CASC,0.00,0.00,-51,R,90833,-20.8245
25450,P2,CASC,0.00,0.00,-51,R,90833,-20.8245
25460,P2,CASC,0.00,0.00,-51,R,90833,-20.8245
25470,P2,CASC,0.00,0.00,-51,R,90833,-20.8245
25480,P2,CASC,0.00,0.00,-51,R,90833,-20.8245
25490,P2,CASC,0.00,0.00,-51,R,90833,-20.8245
25500,P2,CASC,0.00,0.00,-51,R,90833,-20.8245
25510,P2,CASC,0.00,0.00,-51,R,90833,-20.8245
25520,P2,CASC,0.00,0.00,-51,R,90833,-20.8245
25530,P2,CASC,0.00,0.00,-51,R,90833,-20.8245
25540,P2,CASC,0.00,0.00,-51,R,90833,-20.8245
25550,P2,CASC,0.00,0.00,-51,R,90833,-20.8245
25560,P2,CASC,0.00,0.00,-51,R,90833,-20.8245
25570,P2,CASC,0.00,0.00,-51,R,90833,-20.8245
25580,P2,CASC,0.00,0.00,-51,R,90833,-20.8245
25590,P2,CASC,0.00,0.00,-51,R,90833,-20.8245
25600,P2,CASC,0.00,0.00,-51,R,90833,-20.8245
25610,P2,CASC,0.00,0.00,-51,R,90833,-20.8245
25620,P2,CASC,0.00,0.00,-51,R,90833,-20.8245
25630,P2,CASC,0.00,0.00,-51,R,90833,-20.8245
25640,P2,CASC,0.00,0.00,-51,R,90833,-20.8245
25650,P2,CASC,0.00,0.00,-51,R,90833,-20.8245
25660,P2,CASC,0.00,0.00,-51,R,90833,-20.8245
25670,P2,CASC,0.00,0.00,-51,R,90833,-20.8245
25680,P2,CASC,0.00,0.00,-51,R,90833,-20.8245
25690,P2,CASC,0.00,0.00,-51,R,90833,-20.8245
25700,P2,CASC,0.00,0.00,-51,R,90833,-20.8245
25710,P2,CASC,0.00,0.00,-51,R,90833,-20.8245
25720,P2,CASC,0.00,0.00,-51,R,90833,-20.8245
25730,P2,CASC,0.00,0.00,-51,R,90833,-20.8245
25740,P2,CASC,0.00,0.00,-51,R,90833,-20.8245
25750,P2,CASC,0.00,0.00,-51,R,90833,-20.8245
25760,P2,CASC,0.00,0.00,-51,R,90833,-20.8245
25770,P2,CASC,0.00,0.00,-51,R,90833,-20.8245
25780,P2,CASC,0.00,0.00,-51,R,90833,-20.8245
25790,P2,CASC,0.00,0.00,-51,R,90833,-20.8245
25800,P2,CASC,0.00,0.00,-51,R,90833,-20.8245
25810,P2,CASC,0.00,0.00,-51,R,90833,-20.8245
25820,P2,CASC,0.00,0.00,-51,R,90833,-20.8245
25830,P2,CASC,0.00,0.00,-51,R,90833,-20.8245
25840,P2,CASC,0.00,0.00,-51,R,90833,-20.8245
25850,P2,CASC,0.00,0.00,-51,R,90833,-20.8245
25860,P2,CASC,0.00,0.00,-51,R,90833,-20.8245
25870,P2,CASC,0.00,0.00,-51,R,90833,-20.8245
25880,P2,CASC,0.00,0.00,-51,R,90833,-20.8245
25890,P2,CASC,0.00,0.00,-51,R,90833,-20.8245
25900,P2,CASC,0.00,0.00,-51,R,90833,-20.8245
25910,P2,CASC,0.00,0.00,-51,R,90833,-20.8245
25920,P2,CASC,0.00,0.00,-51,R,90833,-20.8245
25930,P2,CASC,0.00,0.00,-51,R,90833,-20.8245
25940,P2,CASC,0.00,0.00,-51,R,90833,-20.8245
25950,P2,CASC,0.00,0.00,-51,R,90833,-20.8245
25960,P2,CASC,0.00,0.00,-51,R,90833,-20.8245
25970,P2,CASC,0.00,0.00,-51,R,90833,-20.8245
25980,P2,CASC,0.00,0.00,-51,R,90833,-20.8245
25990,P2,CASC,0.00,0.00,-51,R,90833,-20.8245
26000,P2,CASC,0.00,0.00,-51,R,90833,-20.8245
26010,P2,CASC,0.00,0.00,-51,R,90833,-20.8245
26020,P2,CASC,0.00,0.00,-51,R,90833,-20.8245
26030,P2,CASC,0.00,0.00,-51,R,90833,-20.8245
26040,P2,CASC,0.00,0.00,-51,R,90833,-20.8245
26050,P2,CASC,0.00,0.00,-51,R,90833,-20.8245
26060,P2,CASC,0.00,0.00,-51,R,90833,-20.8245
26070,P2,CASC,0.00,0.00,-51,R,90833,-20.8245
26080,P2,CASC,0.00,0.00,-51,R,90833,-20.8245
26090,P2,CASC,0.00,0.00,-51,R,90833,-20.8245
26100,P2,CASC,0.00,0.00,-51,R,90833,-20.8245
26110,P2,CASC,0.00,0.00,-51,R,90833,-20.8245
26120,P2,CASC,0.00,0.00,-51,R,90833,-20.8245
26130,P2,CASC,0.00,0.00,-51,R,90833,-20.8245
26140,P2,CASC,0.00,0.00,-51,R,90833,-20.8245
26150,P2,CASC,0.00,0.00,-51,R,90833,-20.8245
26160,P2,CASC,0.00,0.00,-51,R,90833,-20.8245
26170,P2,CASC,0.00,0.00,-51,R,90833,-20.8245
26180,P2,CASC,0.00,0.00,-51,R,90833,-20.8245
26190,P2,CASC,0.00,0.00,-51,R,90833,-20.8245
26200,P2,CASC,0.00,0.00,-51,R,90833,-20.8245
26210,P2,CASC,0.00,0.00,-51,R,90833,-20.8245
26220,P2,CASC,0.00,0.00,-51,R,90833,-20.8245
26230,P2,CASC,0.00,0.00,-51,R,90833,-20.8245
26240,P2,CASC,0.00,0.00,-51,R,90833,-20.8245
26250,P2,CASC,0.00,0.00,-51,R,90833,-20.8245
26260,P2,CASC,0.00,0.00,-51,R,90833,-20.8245
26270,P2,CASC,0.00,0.00,-51,R,90833,-20.8245
26280,P2,CASC,0.00,0.00,-51,R,90833,-20.8245
26290,P2,CASC,0.00,0.00,-51,R,90833,-20.8245
26300,P2,CASC,0.00,0.00,-51,R,90833,-20.8245
26310,P2,CASC,0.00,0.00,-51,R,90833,-20.8245
26320,P2,CASC,0.00,0.00,-51,R,90833,-20.8245
26330,P2,CASC,0.00,0.00,-51,R,90833,-20.8245
26340,P2,CASC,0.00,0.00,-51,R,90833,-20.8245
26350,P2,CASC,0.00,0.00,-51,R,90833,-20.8245
26360,P2,CASC,0.00,0.00,-51,R,90833,-20.8245
26370,P2,CASC,0.00,0.00,-51,R,90833,-20.8245
26380,P2,CASC,0.00,0.00,-51,R,90833,-20.8245
26390,P2,CASC,0.00,0.00,-51,R,90833,-20.8245
26400,P2,CASC,0.00,0.00,-51,R,90833,-20.8245
26410,P2,CASC,0.00,0.00,-51,R,90833,-20.8245
26420,P2,CASC,0.00,0.00,-51,R,90833,-20.8245
26430,P2,CASC,0.00,0.00,-51,R,90833,-20.8245
26440,P2,CASC,0.00,0.00,-51,R,90833,-20.8245
26450,P2,CASC,0.00,0.00,-51,R,90833,-20.8245
26460,P2,CASC,0.00,0.00,-51,R,90833,-20.8245
26470,P2,CASC,0.00,0.00,-51,R,90833,-20.8245
26480,P2,CASC,0.00,0.00,-51,R,90833,-20.8245
26490,P2,CASC,0.00,0.00,-51,R,90833,-20.8245
26500,P2,CASC,0.00,0.00,-51,R,90833,-20.8245
26510,P2,CASC,0.00,0.00,-51,R,90833,-20.8245
26520,P2,CASC,0.00,0.00,-51,R,90833,-20.8245
26530,P2,CASC,0.00,0.00,-51,R,90833,-20.8245
26540,P2,CASC,0.00,0.00,-51,R,90833,-20.8245
26550,P2,CASC,0.00,0.00,-51,R,90833,-20.8245
26560,P2,CASC,0.00,0.00,-51,R,90833,-20.8245
26570,P2,CASC,0.00,0.00,-51,R,90833,-20.8245
26580,P2,CASC,0.00,0.00,-51,R,90833,-20.8245
26590,P2,CASC,0.00,0.00,-51,R,90833,-20.8245
26600,P2,CASC,0.00,0.00,-51,R,90833,-20.8245
26610,P2,CASC,0.00,0.00,-51,R,90833,-20.8245
26620,P2,CASC,0.00,0.00,-51,R,90833,-20.8245
26630,P2,CASC,0.00,0.00,-51,R,90833,-20.8245
26640,P2,CASC,0.00,0.00,-51,R,90833,-20.8245
26650,P2,CASC,0.00,0.00,-51,R,90833,-20.8245
26660,P2,CASC,0.00,0.00,-51,R,90833,-20.8245
26670,P2,CASC,0.00,0.00,-51,R,90833,-20.8245
26680,P2,CASC,0.00,0.00,-51,R,90833,-20.8245
26690,P2,CASC,0.00,0.00,-51,R,90833,-20.8245
26700,P2,CASC,0.00,0.00,-51,R,90833,-20.8245
26710,P2,CASC,0.00,0.00,-51,R,90833,-20.8245
26720,P2,CASC,0.00,0.00,-51,R,90833,-20.8245
26730,P2,CASC,0.00,0.00,-51,R,90833,-20.8245
26740,P2,CASC,0.00,0.00,-51,R,90833,-20.8245
26750,P2,CASC,0.00,0.00,-51,R,90833,-20.8245
26760,P2,CASC,0.00,0.00,-51,R,90833,-20.8245
26770,P2,CASC,0.00,0.00,-51,R,90833,-20.8245
26780,P2,CASC,0.00,0.00,-51,R,90833,-20.8245
26790,P2,CASC,0.00,0.00,-51,R,90833,-20.8245
26800,P2,CASC,0.00,0.00,-51,R,90833,-20.8245
26810,P2,CASC,0.00,0.00,-51,R,90833,-20.8245
26820,P2,CASC,0.00,0.00,-51,R,90833,-20.8245
26830,P2,CASC,0.00,0.00,-51,R,90833,-20.8245
26840,P2,CASC,0.00,0.00,-51,R,90833,-20.8245
26850,P2,CASC,0.00,0.00,-51,R,90833,-20.8245
26860,P2,CASC,0.00,0.00,-51,R,90833,-20.8245
26870,P2,CASC,0.00,0.00,-51,R,90833,-20.8245
26880,P2,CASC,0.00,0.00,-51,R,90833,-20.8245
26890,P2,CASC,0.00,0.00,-51,R,90833,-20.8245
26900,P2,CASC,0.00,0.00,-51,R,90833,-20.8245
26910,P2,CASC,0.00,0.00,-51,R,90833,-20.8245
26920,P2,CASC,0.00,0.00,-51,R,90833,-20.8245
26930,P2,CASC,0.00,0.00,-51,R,90833,-20.8245
26940,P2,CASC,0.00,0.00,-51,R,90833,-20.8245
26950,P2,CASC,0.00,0.00,-51,R,90833,-20.8245
26960,P2,CASC,0.00,0.00,-51,R,90833,-20.8245
26970,P2,CASC,0.00,0.00,-51,R,90833,-20.8245
26980,P2,CASC,0.00,0.00,-51,R,90833,-20.8245
26990,P2,CASC,0.00,0.00,-51,R,90833,-20.8245
27000,P2,CASC,0.00,0.00,-51,R,90833,-20.8245
27010,P2,CASC,0.00,0.00,-51,R,90833,-20.8245
27020,P2,CASC,0.00,0.00,-51,R,90833,-20.8245
27030,P2,CASC,0.00,0.00,-51,R,90833,-20.8245
27040,P2,CASC,0.00,0.00,-51,R,90833,-20.8245
27050,P2,CASC,0.00,0.00,-51,R,90833,-20.8245
27060,P2,CASC,0.00,0.00,-51,R,90833,-20.8245
27070,P2,CASC,0.00,0.00,-51,R,90833,-20.8245
27080,P2,CASC,0.00,0.00,-51,R,90833,-20.8245
27090,P2,CASC,0.00,0.00,-51,R,90833,-20.8245
27100,P2,CASC,0.00,0.00,-51,R,90833,-20.8245
27110,P2,CASC,0.00,0.00,-51,R,90833,-20.8245
27120,P2,CASC,0.00,0.00,-51,R,90833,-20.8245
27130,P2,CASC,0.00,0.00,-51,R,90833,-20.8245
27140,P2,CASC,0.00,0.00,-51,R,90833,-20.8245
27150,P2,CASC,0.00,0.00,-51,R,90833,-20.8245
27160,P2,CASC,0.00,0.00,-51,R,90833,-20.8245
27170,P2,CASC,0.00,0.00,-51,R,90833,-20.8245
27180,P2,CASC,0.00,0.00,-51,R,90833,-20.8245
27190,P2,CASC,0.00,0.00,-51,R,90833,-20.8245
27200,P2,CASC,0.00,0.00,-51,R,90833,-20.8245
27210,P2,CASC,0.00,0.00,-51,R,90833,-20.8245
27220,P2,CASC,0.00,0.00,-51,R,90833,-20.8245
27230,P2,CASC,0.00,0.00,-51,R,90833,-20.8245
27240,P2,CASC,0.00,0.00,-51,R,90833,-20.8245
27250,P2,CASC,0.00,0.00,-51,R,90833,-20.8245
27260,P2,CASC,0.00,0.00,-51,R,90833,-20.8245
27270,P2,CASC,0.00,0.00,-51,R,90833,-20.8245
27280,P2,CASC,0.00,0.00,-51,R,90833,-20.8245
27290,P2,CASC,0.00,0.00,-51,R,90833,-20.8245
27300,P2,CASC,0.00,0.00,-51,R,90833,-20.8245
27310,P2,CASC,0.00,0.00,-51,R,90833,-20.8245
27320,P2,CASC,0.00,0.00,-51,R,90833,-20.8245
27330,P2,CASC,0.00,0.00,-51,R,90833,-20.8245
27340,P2,CASC,0.00,0.00,-51,R,90833,-20.8245
27350,P2,CASC,0.00,0.00,-51,R,90833,-20.8245
27360,P2,CASC,0.00,0.00,-51,R,90833,-20.8245
27370,P2,CASC,0.00,0.00,-51,R,90833,-20.8245
27380,P2,CASC,0.00,0.00,-51,R,90833,-20.8245
27390,P2,CASC,0.00,0.00,-51,R,90833,-20.8245
27400,P2,CASC,0.00,0.00,-51,R,90833,-20.8245
27410,P2,CASC,0.00,0.00,-51,R,90833,-20.8245
27420,P2,CASC,0.00,0.00,-51,R,90833,-20.8245
27430,P2,CASC,0.00,0.00,-51,R,90833,-20.8245
27440,P2,CASC,0.00,0.00,-51,R,90833,-20.8245
27450,P2,CASC,0.00,0.00,-51,R,90833,-20.8245
27460,P2,CASC,0.00,0.00,-51,R,90833,-20.8245
27470,P2,CASC,0.00,0.00,-51,R,90833,-20.8245
27480,P2,CASC,0.00,0.00,-51,R,90833,-20.8245
27490,P2,CASC,0.00,0.00,-51,R,90833,-20.8245
27500,P2,CASC,0.00,0.00,-51,R,90833,-20.8245
27510,P2,CASC,0.00,0.00,-51,R,90833,-20.8245
27520,P2,CASC,0.00,0.00,-51,R,90833,-20.8245
27530,P2,CASC,0.00,0.00,-51,R,90833,-20.8245
27540,P2,CASC,0.00,0.00,-51,R,90833,-20.8245
27550,P2,CASC,0.00,0.00,-51,R,90833,-20.8245
27560,P2,CASC,0.00,0.00,-51,R,90833,-20.8245
27570,P2,CASC,0.00,0.00,-51,R,90833,-20.8245
27580,P2,CASC,0.00,0.00,-51,R,90833,-20.8245
27590,P2,CASC,0.00,0.00,-51,R,90833,-20.8245
27600,P2,CASC,0.00,0.00,-51,R,90833,-20.8245
27610,P2,CASC,0.00,0.00,-51,R,90833,-20.8245
27620,P2,CASC,0.00,0.00,-51,R,90833,-20.8245
27630,P2,CASC,0.00,0.00,-51,R,90833,-20.8245
27640,P2,CASC,0.00,0.00,-51,R,90833,-20.8245
27650,P2,CASC,0.00,0.00,-51,R,90833,-20.8245
27660,P2,CASC,0.00,0.00,-51,R,90833,-20.8245
27670,P2,CASC,0.00,0.00,-51,R,90833,-20.8245
27680,P2,CASC,0.00,0.00,-51,R,90833,-20.8245
27690,P2,CASC,0.00,0.00,-51,R,90833,-20.8245
27700,P2,CASC,0.00,0.00,-51,R,90833,-20.8245
27710,P2,CASC,0.00,0.00,-51,R,90833,-20.8245
27720,P2,CASC,0.00,0.00,-51,R,90833,-20.8245
27730,P2,CASC,0.00,0.00,-51,R,90833,-20.8245
27740,P2,CASC,0.00,0.00,-51,R,90833,-20.8245
27750,P2,CASC,0.00,0.00,-51,R,90833,-20.8245
27760,P2,CASC,0.00,0.00,-51,R,90833,-20.8245
27770,P2,CASC,0.00,0.00,-51,R,90833,-20.8245
27780,P2,CASC,0.00,0.00,-51,R,90833,-20.8245
27790,P2,CASC,0.00,0.00,-51,R,90833,-20.8245
27800,P2,CASC,0.00,0.00,-51,R,90833,-20.8245
27810,P2,CASC,0.00,0.00,-51,R,90833,-20.8245
27820,P2,CASC,0.00,0.00,-51,R,90833,-20.8245
27830,P2,CASC,0.00,0.00,-51,R,90833,-20.8245
27840,P2,CASC,0.00,0.00,-51,R,90833,-20.8245
27850,P2,CASC,0.00,0.00,-51,R,90833,-20.8245
27860,P2,CASC,0.00,0.00,-51,R,90833,-20.8245
27870,P2,CASC,0.00,0.00,-51,R,90833,-20.8245
27880,P2,CASC,0.00,0.00,-51,R,90833,-20.8245
27890,P2,CASC,0.00,0.00,-51,R,90833,-20.8245
27900,P2,CASC,0.00,0.00,-51,R,90833,-20.8245
27910,P2,CASC,0.00,0.00,-51,R,90833,-20.8245
27920,P2,CASC,0.00,0.00,-51,R,90833,-20.8245
27930,P2,CASC,0.00,0.00,-51,R,90833,-20.8245
27940,P2,CASC,0.00,0.00,-51,R,90833,-20.8245
27950,P2,CASC,0.00,0.00,-51,R,90833,-20.8245
27960,P2,CASC,0.00,0.00,-51,R,90833,-20.8245
27970,P2,CASC,0.00,0.00,-51,R,90833,-20.8245
27980,P2,CASC,0.00,0.00,-51,R,90833,-20.8245
27990,P2,CASC,0.00,0.00,-51,R,90833,-20.8245
28000,P2,CASC,0.00,0.00,-51,R,90833,-20.8245
28010,P2,CASC,-0.15,0.00,-81,R,90833,-20.8260
28020,P2,CASC,-0.30,0.00,-111,R,90833,-20.8290
28030,P2,CASC,-0.45,0.00,-141,R,90833,-20.8335
28040,P2,CASC,-0.60,0.00,-171,R,90833,-20.8395
28050,P2,CASC,-0.75,0.00,-199,R,90833,-20.8470
28060,P2,CASC,-0.90,-17.50,-180,R,90826,-20.6810
28070,P2,CASC,-1.05,-30.00,-171,R,90814,-20.3915
28080,P2,CASC,-1.20,-35.00,-167,R,90800,-20.0535
28090,P2,CASC,-1.35,-42.51,-162,R,90783,-19.6419
28100,P2,CASC,-1.50,-42.50,-161,R,90766,-19.2320
28110,P2,CASC,-1.65,-44.99,-158,R,90748,-18.7986
28120,P2,CASC,-1.80,-47.50,-156,R,90729,-18.3416
28130,P2,CASC,-1.95,-47.50,-155,R,90710,-17.8861
28140,P2,CASC,-2.10,-47.50,-154,R,90691,-17.4321
28150,P2,CASC,-2.25,-47.50,-153,R,90672,-16.9795
28160,P2,CASC,-2.40,-50.01,-150,R,90652,-16.5035
28170,P2,CASC,-2.55,-47.50,-151,R,90633,-16.0540
28180,P2,CASC,-2.70,-49.99,-148,R,90613,-15.5811
28190,P2,CASC,-2.85,-50.00,-147,R,90593,-15.1096
28200,P2,CASC,-3.00,-50.01,-146,R,90573,-14.6395
28210,P2,CASC,-3.15,-52.50,-144,R,90552,-14.1460
28220,P2,CASC,-3.30,-50.01,-144,R,90532,-13.6789
28230,P2,CASC,-3.45,-52.50,-142,R,90511,-13.1884
28240,P2,CASC,-3.60,-55.00,-139,R,90489,-12.6744
28250,P2,CASC,-3.75,-52.48,-140,R,90468,-12.1871
28260,P2,CASC,-3.90,-52.50,-139,R,90447,-11.7011
28270,P2,CASC,-4.05,-52.52,-138,R,90426,-11.2164
28280,P2,CASC,-4.20,-52.48,-137,R,90405,-10.7336
28290,P2,CASC,-4.35,-55.01,-134,R,90383,-10.2270
28300,P2,CASC,-4.50,-52.50,-134,R,90362,-9.7470
28310,P2,CASC,-4.65,-52.50,-133,R,90341,-9.2685
28320,P2,CASC,-4.80,-52.51,-132,R,90320,-8.7915
28330,P2,CASC,-4.95,-52.49,-132,R,90299,-8.3161
28340,P2,CASC,-5.10,-52.51,-131,R,90278,-7.8420
28350,P2,CASC,-5.25,-52.51,-130,R,90257,-7.3694
28360,P2,CASC,-5.40,-52.49,-129,R,90236,-6.8985
28370,P2,CASC,-5.55,-50.00,-129,R,90216,-6.4540
28380,P2,CASC,-5.70,-50.00,-128,R,90196,-6.0110
28390,P2,CASC,-5.85,-50.01,-127,R,90176,-5.5694
28400,P2,CASC,-6.00,-49.99,-127,R,90156,-5.1295
28410,P2,CASC,-6.15,-50.00,-126,R,90136,-4.6910
28420,P2,CASC,-6.30,-47.51,-126,R,90117,-4.2789
28430,P2,CASC,-6.45,-47.49,-126,R,90098,-3.8685
28440,P2,CASC,-6.60,-47.50,-125,R,90079,-3.4595
28450,P2,CASC,-6.75,-47.49,-124,R,90060,-3.0521
28460,P2,CASC,-6.90,-45.01,-125,R,90042,-2.6710
28470,P2,CASC,-7.05,-44.99,-124,R,90024,-2.2916
28480,P2,CASC,-7.20,-47.50,-122,R,90005,-1.8885
28490,P2,CASC,-7.35,-45.01,-122,R,89987,-1.5119
28500,P2,CASC,-7.50,-42.50,-123,R,89970,-1.1619
28510,P2,CASC,-7.65,-45.00,-121,R,89952,-0.7884
28520,P2,CASC,-7.80,-44.99,-120,R,89934,-0.4166
28530,P2,CASC,-7.95,-42.50,-121,R,89917,-0.0711
28540,P2,CASC,-8.10,-42.50,-120,R,89900,0.2729
28550,P2,CASC,-8.25,-45.01,-118,R,89882,0.6405
28560,P2,CASC,-8.40,-42.51,-119,R,89865,0.9816
28570,P2,CASC,-8.55,-45.00,-117,R,89847,1.3460
28580,P2,CASC,-8.70,-40.00,-119,R,89831,1.6590
28590,P2,CASC,-8.85,-42.49,-117,R,89814,1.9954
28600,P2,CASC,-9.00,-40.01,-118,R,89798,2.3055
28610,P2,CASC,-9.15,-42.49,-116,R,89781,2.6389
28620,P2,CASC,-9.30,-42.51,-115,R,89764,2.9710
28630,P2,CASC,-9.45,-40.00,-116,R,89748,3.2765
28640,P2,CASC,-9.60,-40.00,-115,R,89732,3.5805
28650,P2,CASC,-9.75,-40.00,-115,R,89716,3.8830
28660,P2,CASC,-9.90,-40.00,-114,R,89700,4.1840
28670,P2,CASC,-10.05,-39.99,-114,R,89684,4.4835
28680,P2,CASC,-10.20,-37.50,-115,R,89669,4.7565
28690,P2,CASC,-10.35,-40.00,-113,R,89653,5.0530
28700,P2,CASC,-10.50,-37.50,-114,R,89638,5.3230
28710,P2,CASC,-10.65,-37.50,-113,R,89623,5.5915
28720,P2,CASC,-10.80,-35.00,-114,R,89609,5.8335
28730,P2,CASC,-10.95,-40.00,-111,R,89593,6.1239
28740,P2,CASC,-11.10,-37.51,-112,R,89578,6.3880
28750,P2,CASC,-11.25,-34.99,-113,R,89564,6.6254
28760,P2,CASC,-11.40,-37.51,-111,R,89549,6.8865
28770,P2,CASC,-11.55,-35.00,-112,R,89535,7.1210
28780,P2,CASC,-11.70,-35.00,-111,R,89521,7.3540
28790,P2,CASC,-11.85,-35.00,-111,R,89507,7.5855
28800,P2,CASC,-12.00,-34.99,-111,R,89493,7.8154
28810,P2,CASC,-12.15,-32.50,-112,R,89480,8.0189
28820,P2,CASC,-12.30,-35.00,-110,R,89466,8.2459
28830,P2,CASC,-12.45,-32.51,-111,R,89453,8.4465
28840,P2,CASC,-12.60,-30.00,-112,R,89441,8.6205
28850,P2,CASC,-12.75,-32.49,-110,R,89428,8.8179
28860,P2,CASC,-12.90,-30.01,-112,R,89416,8.9890
28870,P2,CASC,-13.05,-32.49,-110,R,89403,9.1835
28880,P2,CASC,-13.20,-27.50,-113,R,89392,9.3265
28890,P2,CASC,-13.35,-30.00,-111,R,89380,9.4930
28900,P2,CASC,-13.50,-29.99,-111,R,89368,9.6580
28910,P2,CASC,-13.65,-27.51,-112,R,89357,9.7965
28920,P2,CASC,-13.80,-29.99,-110,R,89345,9.9584
28930,P2,CASC,-13.95,-27.51,-112,R,89334,10.0940
28940,P2,CASC,-14.10,-25.00,-113,R,89324,10.2029
28950,P2,CASC,-14.25,-25.01,-113,R,89314,10.3105
28960,P2,CASC,-14.40,-27.50,-111,R,89303,10.4415
28970,P2,CASC,-14.55,-27.50,-111,R,89292,10.5710
28980,P2,CASC,-14.70,-25.01,-112,R,89282,10.6740
28990,P2,CASC,-14.85,-24.99,-112,R,89272,10.7754
29000,P2,CASC,-15.00,-22.50,-114,R,89263,10.8504
29010,P2,CASC,-15.15,-25.01,-112,R,89253,10.9490
29020,P2,CASC,-15.30,-22.50,-114,R,89244,11.0210
29030,P2,CASC,-15.45,-25.00,-112,R,89234,11.1164
29040,P2,CASC,-15.60,-22.51,-113,R,89225,11.1855
29050,P2,CASC,-15.75,-22.50,-113,R,89216,11.2530
29060,P2,CASC,-15.90,-22.50,-113,R,89207,11.3189
29070,P2,CASC,-16.05,-20.00,-115,R,89199,11.3585
29080,P2,CASC,-16.20,-22.50,-113,R,89190,11.4214
29090,P2,CASC,-16.35,-22.51,-113,R,89181,11.4830
29100,P2,CASC,-16.50,-20.00,-115,R,89173,11.5180
29110,P2,CASC,-16.65,-22.50,-113,R,89164,11.5764
29120,P2,CASC,-16.80,-20.00,-115,R,89156,11.6084
29130,P2,CASC,-16.95,-20.00,-115,R,89148,11.6389
29140,P2,CASC,-17.10,-17.50,-117,R,89141,11.6430
29150,P2,CASC,-17.25,-20.00,-115,R,89133,11.6705
29160,P2,CASC,-17.40,-20.00,-115,R,89125,11.6965
29170,P2,CASC,-17.55,-20.00,-115,R,89117,11.7210
29180,P2,CASC,-17.70,-19.99,-115,R,89109,11.7439
29190,P2,CASC,-17.85,-20.00,-115,R,89101,11.7654
29200,P2,CASC,-18.00,-17.51,-112,R,89094,11.7605
29210,P2,CASC,-18.15,-19.99,-115,R,89086,11.7789
29220,P2,CASC,-18.30,-17.50,-112,R,89079,11.7709
29230,P2,CASC,-18.45,-20.01,-116,R,89071,11.7865
29240,P2,CASC,-18.60,-20.00,-116,R,89063,11.8004
29250,P2,CASC,-18.75,-17.50,-112,R,89056,11.7879
29260,P2,CASC,-18.90,-20.00,-116,R,89048,11.7990
29270,P2,CASC,-19.05,-20.00,-116,R,89040,11.8084
29280,P2,CASC,-19.20,-17.50,-112,R,89033,11.7914
29290,P2,CASC,-19.35,-17.51,-113,R,89026,11.7730
29300,P2,CASC,-19.50,-17.50,-113,R,89019,11.7530
29310,P2,CASC,-19.65,-17.50,-113,R,89012,11.7314
29320,P2,CASC,-19.80,-20.00,-117,R,89004,11.7334
29330,P2,CASC,-19.95,-17.50,-113,R,88997,11.7090
29340,P2,CASC,-20.10,-20.00,-112,R,88989,11.7079
29350,P2,CASC,-20.25,-17.50,-113,R,88982,11.6804
29360,P2,CASC,-20.40,-17.50,-113,R,88975,11.6515
29370,P2,CASC,-20.55,-19.99,-113,R,88967,11.6459
29380,P2,CASC,-20.70,-17.50,-113,R,88960,11.6139
29390,P2,CASC,-20.85,-17.50,-113,R,88953,11.5804
29400,P2,CASC,-21.00,-20.01,-113,R,88945,11.5705
29410,P2,CASC,-21.15,-17.50,-114,R,88938,11.5340
29420,P2,CASC,-21.30,-17.49,-114,R,88931,11.4959
29430,P2,CASC,-21.45,-20.00,-113,R,88923,11.4814
29440,P2,CASC,-21.60,-17.50,-114,R,88916,11.4404
29450,P2,CASC,-21.75,-17.50,-114,R,88909,11.3979
29460,P2,CASC,-21.90,-20.00,-114,R,88901,11.3790
29470,P2,CASC,-22.05,-17.50,-114,R,88894,11.3335
29480,P2,CASC,-22.20,-20.00,-114,R,88886,11.3115
29490,P2,CASC,-22.35,-17.50,-115,R,88879,11.2629
29500,P2,CASC,-22.50,-20.01,-114,R,88871,11.2380
29510,P2,CASC,-22.65,-19.99,-114,R,88863,11.2114
29520,P2,CASC,-22.80,-17.50,-115,R,88856,11.1584
29530,P2,CASC,-22.95,-20.00,-115,R,88848,11.1289
29540,P2,CASC,-23.10,-20.00,-115,R,88840,11.0979
29550,P2,CASC,-23.25,-20.00,-115,R,88832,11.0654
29560,P2,CASC,-23.40,-20.01,-115,R,88824,11.0315
29570,P2,CASC,-23.55,-20.00,-115,R,88816,10.9960
29580,P2,CASC,-23.70,-20.00,-115,R,88808,10.9589
29590,P2,CASC,-23.85,-20.00,-115,R,88800,10.9205
29600,P2,CASC,-24.00,-19.99,-115,R,88792,10.8804
29610,P2,CASC,-24.15,-22.50,-115,R,88783,10.8639
29620,P2,CASC,-24.30,-20.01,-116,R,88775,10.8210
29630,P2,CASC,-24.45,-20.00,-116,R,88767,10.7764
29640,P2,CASC,-24.60,-22.50,-115,R,88758,10.7554
29650,P2,CASC,-24.75,-22.51,-115,R,88749,10.7330
29660,P2,CASC,-24.90,-22.49,-116,R,88740,10.7089
29670,P2,CASC,-25.05,-22.50,-116,R,88731,10.6834
29680,P2,CASC,-25.20,-22.51,-116,R,88722,10.6565
29690,P2,CASC,-25.35,-22.49,-116,R,88713,10.6279
29700,P2,CASC,-25.50,-25.00,-115,R,88703,10.6229
29710,P2,CASC,-25.65,-22.50,-116,R,88694,10.5915
29720,P2,CASC,-25.80,-25.00,-115,R,88684,10.5835
29730,P2,CASC,-25.95,-25.00,-116,R,88674,10.5740
29740,P2,CASC,-26.10,-25.00,-116,R,88664,10.5630
29750,P2,CASC,-26.25,-22.50,-116,R,88655,10.5254
29760,P2,CASC,-26.40,-25.00,-116,R,88645,10.5114
29770,P2,CASC,-26.55,-27.50,-119,R,88634,10.5209
29780,P2,CASC,-26.70,-25.00,-116,R,88624,10.5039
29790,P2,CASC,-26.85,-25.01,-116,R,88614,10.4855
29800,P2,CASC,-27.00,-25.00,-116,R,88604,10.4654
29810,P2,CASC,-27.15,-25.00,-116,R,88594,10.4439
29820,P2,CASC,-27.30,-25.01,-116,R,88584,10.4209
29830,P2,CASC,-27.45,-27.50,-120,R,88573,10.4214
29840,P2,CASC,-27.60,-25.00,-116,R,88563,10.3954
29850,P2,CASC,-27.75,-27.50,-116,R,88552,10.3929
29860,P2,CASC,-27.90,-25.00,-117,R,88542,10.3639
29870,P2,CASC,-28.05,-27.50,-116,R,88531,10.3584
29880,P2,CASC,-28.20,-25.00,-117,R,88521,10.3264
29890,P2,CASC,-28.35,-27.50,-116,R,88510,10.3179
29900,P2,CASC,-28.50,-27.50,-116,R,88499,10.3079
29910,P2,CASC,-28.65,-25.00,-117,R,88489,10.2714
29920,P2,CASC,-28.80,-27.51,-116,R,88478,10.2585
29930,P2,CASC,-28.95,-25.00,-117,R,88468,10.2189
29940,P2,CASC,-29.10,-27.50,-117,R,88457,10.2029
29950,P2,CASC,-29.25,-25.00,-117,R,88447,10.1604
29960,P2,CASC,-29.40,-27.50,-117,R,88436,10.1414
29970,P2,CASC,-29.55,-27.49,-117,R,88425,10.1209
29980,P2,CASC,-29.70,-25.00,-118,R,88415,10.0739
29990,P2,CASC,-29.85,-27.50,-117,R,88404,10.0504
30000,P2,CASC,-30.00,-27.49,-117,R,88393,10.0254
30010,P2,CASC,-30.15,-25.01,-118,R,88383,9.9739
30020,P2,CASC,-30.30,-27.50,-118,R,88372,9.9459
30030,P2,CASC,-30.45,-27.51,-118,R,88361,9.9165
30040,P2,CASC,-30.60,-25.00,-119,R,88351,9.8605
30050,P2,CASC,-30.75,-27.50,-118,R,88340,9.8280
30060,P2,CASC,-30.90,-27.50,-118,R,88329,9.7940
30070,P2,CASC,-31.05,-27.49,-118,R,88318,9.7584
30080,P2,CASC,-31.20,-27.50,-118,R,88307,9.7214
30090,P2,CASC,-31.35,-25.00,-119,R,88297,9.6579
30100,P2,CASC,-31.50,-27.50,-119,R,88286,9.6179
30110,P2,CASC,-31.65,-27.50,-119,R,88275,9.5765
30120,P2,CASC,-31.80,-27.50,-119,R,88264,9.5334
30130,P2,CASC,-31.95,-27.50,-119,R,88253,9.4889
30140,P2,CASC,-32.10,-25.00,-120,R,88243,9.4179
30150,P2,CASC,-32.25,-27.50,-120,R,88232,9.3704
30160,P2,CASC,-32.40,-27.50,-120,R,88221,9.3214
30170,P2,CASC,-32.55,-25.00,-121,R,88211,9.2460
30180,P2,CASC,-32.70,-27.50,-120,R,88200,9.1939
30190,P2,CASC,-32.85,-27.49,-120,R,88189,9.1404
30200,P2,CASC,-33.00,-25.00,-121,R,88179,9.0604
30210,P2,CASC,-33.15,-27.51,-121,R,88168,9.0040
30220,P2,CASC,-33.30,-27.49,-121,R,88157,8.9459
30230,P2,CASC,-33.45,-27.50,-121,R,88146,8.8864
30240,P2,CASC,-33.60,-25.01,-122,R,88136,8.8005
30250,P2,CASC,-33.75,-27.50,-122,R,88125,8.7380
30260,P2,CASC,-33.90,-27.50,-122,R,88114,8.6740
30270,P2,CASC,-34.05,-27.49,-122,R,88103,8.6084
30280,P2,CASC,-34.20,-27.50,-122,R,88092,8.5414
30290,P2,CASC,-34.35,-27.51,-123,R,88081,8.4730
30300,P2,CASC,-34.50,-27.49,-123,R,88070,8.4029
30310,P2,CASC,-34.65,-30.01,-122,R,88058,8.3565
30320,P2,CASC,-34.80,-27.49,-123,R,88047,8.2834
30330,P2,CASC,-34.95,-30.01,-123,R,88035,8.2340
30340,P2,CASC,-35.10,-27.50,-124,R,88024,8.1580
30350,P2,CASC,-35.25,-27.49,-124,R,88013,8.0804
30360,P2,CASC,-35.40,-30.00,-123,R,88001,8.0264
30370,P2,CASC,-35.55,-27.50,-124,R,87990,7.9459
30380,P2,CASC,-35.70,-30.01,-124,R,87978,7.8890
30390,P2,CASC,-35.85,-30.00,-124,R,87966,7.8305
30400,P2,CASC,-36.00,-27.50,-125,R,87955,7.7454
30410,P2,CASC,-36.15,-30.01,-124,R,87943,7.6840
30420,P2,CASC,-36.30,-30.00,-125,R,87931,7.6210
30430,P2,CASC,-36.45,-30.00,-125,R,87919,7.5565
30440,P2,CASC,-36.60,-29.99,-125,R,87907,7.4904
30450,P2,CASC,-36.75,-27.50,-126,R,87896,7.3979
30460,P2,CASC,-36.90,-30.00,-126,R,87884,7.3289
30470,P2,CASC,-37.05,-30.01,-126,R,87872,7.2585
30480,P2,CASC,-37.20,-32.49,-125,R,87859,7.2114
30490,P2,CASC,-37.35,-30.00,-126,R,87847,7.1379
30500,P2,CASC,-37.50,-30.01,-126,R,87835,7.0630
30510,P2,CASC,-37.65,-29.99,-127,R,87823,6.9864
30520,P2,CASC,-37.80,-30.01,-127,R,87811,6.9084
30530,P2,CASC,-37.95,-32.50,-127,R,87798,6.8539
30540,P2,CASC,-38.10,-32.51,-127,R,87785,6.7980
30550,P2,CASC,-38.25,-29.99,-128,R,87773,6.7154
30560,P2,CASC,-38.40,-32.51,-127,R,87760,6.6565
30570,P2,CASC,-38.55,-32.49,-127,R,87747,6.5959
30580,P2,CASC,-38.70,-32.51,-128,R,87734,6.5340
30590,P2,CASC,-38.85,-32.49,-128,R,87721,6.4704
30600,P2,CASC,-39.00,-30.01,-129,R,87709,6.3805
30610,P2,CASC,-39.15,-32.50,-128,R,87696,6.3140
30620,P2,CASC,-39.30,-34.99,-128,R,87682,6.2709
30630,P2,CASC,-39.45,-32.50,-129,R,87669,6.2014
30640,P2,CASC,-39.60,-32.51,-129,R,87656,6.1305
30650,P2,CASC,-39.75,-32.50,-129,R,87643,6.0580
30660,P2,CASC,-39.90,-35.00,-129,R,87629,6.0090
30670,P2,CASC,-40.05,-34.99,-129,R,87615,5.9584
30680,P2,CASC,-40.20,-35.00,-129,R,87601,5.9064
30690,P2,CASC,-40.35,-35.01,-129,R,87587,5.8530
30700,P2,CASC,-40.50,-32.49,-130,R,87574,5.7729
30710,P2,CASC,-40.65,-37.49,-129,R,87559,5.7414
30720,P2,CASC,-40.80,-37.50,-129,R,87544,5.7084
30730,P2,CASC,-40.95,-35.01,-130,R,87530,5.6490
30740,P2,CASC,-41.10,-35.00,-130,R,87516,5.5880
30750,P2,CASC,-41.25,-39.99,-129,R,87500,5.5754
30760,P2,CASC,-41.40,-37.51,-130,R,87485,5.5365
30770,P2,CASC,-41.55,-40.00,-129,R,87469,5.5210
30780,P2,CASC,-41.70,-37.50,-130,R,87454,5.4789
30790,P2,CASC,-41.85,-40.00,-129,R,87438,5.4605
30800,P2,CASC,-42.00,-40.00,-129,R,87422,5.4404
30810,P2,CASC,-42.15,-37.50,-130,R,87407,5.3939
30820,P2,CASC,-42.30,-39.99,-130,R,87391,5.3708
30830,P2,CASC,-42.45,-42.50,-131,R,87374,5.3713
30840,P2,CASC,-42.60,-40.00,-130,R,87358,5.3454
30850,P2,CASC,-42.75,-40.00,-130,R,87342,5.3178
30860,P2,CASC,-42.90,-42.52,-129,R,87325,5.3140
30870,P2,CASC,-43.05,-42.49,-129,R,87308,5.3084
30880,P2,CASC,-43.20,-42.51,-130,R,87291,5.3015
30890,P2,CASC,-43.35,-40.00,-130,R,87275,5.2680
30900,P2,CASC,-43.50,-44.98,-130,R,87257,5.2828
30910,P2,CASC,-43.65,-42.51,-130,R,87240,5.2715
30920,P2,CASC,-43.80,-42.50,-130,R,87223,5.2585
30930,P2,CASC,-43.95,-42.50,-130,R,87206,5.2440
30940,P2,CASC,-44.10,-45.00,-131,R,87188,5.2530
30950,P2,CASC,-44.25,-45.00,-131,R,87170,5.2604
30960,P2,CASC,-44.40,-42.49,-130,R,87153,5.2413
30970,P2,CASC,-44.55,-45.00,-131,R,87135,5.2459
30980,P2,CASC,-44.70,-45.01,-131,R,87117,5.2490
30990,P2,CASC,-44.85,-45.00,-131,R,87099,5.2505
31000,P2,CASC,-45.00,-45.00,-129,R,87081,5.2504
31010,P2,CASC,-45.15,-45.01,-130,R,87063,5.2490
31020,P2,CASC,-45.30,-45.00,-130,R,87045,5.2460
31030,P2,CASC,-45.45,-42.49,-130,R,87028,5.2164
31040,P2,CASC,-45.60,-45.01,-130,R,87010,5.2105
31050,P2,CASC,-45.75,-44.99,-130,R,86992,5.2029
31060,P2,CASC,-45.90,-42.51,-131,R,86975,5.1690
31070,P2,CASC,-46.05,-45.00,-130,R,86957,5.1584
31080,P2,CASC,-46.20,-45.00,-130,R,86939,5.1465
31090,P2,CASC,-46.35,-39.99,-131,R,86923,5.0829
31100,P2,CASC,-46.50,-45.00,-130,R,86905,5.0679
31110,P2,CASC,-46.65,-45.00,-130,R,86887,5.0515
31120,P2,CASC,-46.80,-42.50,-131,R,86870,5.0084
31130,P2,CASC,-46.95,-42.50,-131,R,86853,4.9640
31140,P2,CASC,-47.10,-44.99,-131,R,86835,4.9428
31150,P2,CASC,-47.25,-42.52,-132,R,86818,4.8955
31160,P2,CASC,-47.40,-42.49,-132,R,86801,4.8464
31170,P2,CASC,-47.55,-42.50,-132,R,86784,4.7958
31180,P2,CASC,-47.70,-42.51,-132,R,86767,4.7440
31190,P2,CASC,-47.85,-42.50,-132,R,86750,4.6905
31200,P2,CASC,-48.00,-42.48,-132,R,86733,4.6353
31210,P2,CASC,-48.15,-42.50,-133,R,86716,4.5789
31220,P2,CASC,-48.30,-42.50,-133,R,86699,4.5209
31230,P2,CASC,-48.45,-42.50,-133,R,86682,4.4614
31240,P2,CASC,-48.60,-42.50,-133,R,86665,4.4004
31250,P2,CASC,-48.75,-42.50,-133,R,86648,4.3379
31260,P2,CASC,-48.90,-42.51,-134,R,86631,4.2740
31270,P2,CASC,-49.05,-42.49,-134,R,86614,4.2084
31280,P2,CASC,-49.20,-42.50,-134,R,86597,4.1414
31290,P2,CASC,-49.35,-45.00,-134,R,86579,4.0979
31300,P2,CASC,-49.50,-42.51,-134,R,86562,4.0280
31310,P2,CASC,-49.65,-42.50,-135,R,86545,3.9565
31320,P2,CASC,-49.80,-42.49,-135,R,86528,3.8834
31330,P2,CASC,-49.95,-45.00,-134,R,86510,3.8339
31340,P2,CASC,-50.10,-42.50,-135,R,86493,3.7579
31350,P2,CASC,-50.25,-45.00,-135,R,86475,3.7055
31360,P2,CASC,-50.40,-42.49,-136,R,86458,3.6264
31370,P2,CASC,-50.55,-42.51,-136,R,86441,3.5460
31380,P2,CASC,-50.70,-45.00,-136,R,86423,3.4890
31390,P2,CASC,-50.85,-42.49,-137,R,86406,3.4054
31400,P2,CASC,-51.00,-45.00,-137,R,86388,3.3454
31410,P2,CASC,-51.15,-45.01,-137,R,86370,3.2840
31420,P2,CASC,-51.30,-45.00,-137,R,86352,3.2210
31430,P2,CASC,-51.45,-45.00,-138,R,86334,3.1565
31440,P2,CASC,-51.60,-45.00,-138,R,86316,3.0904
31450,P2,CASC,-51.75,-47.50,-137,R,86297,3.0479
31460,P2,CASC,-51.90,-49.99,-137,R,86277,3.0289
31470,P2,CASC,-52.05,-47.51,-138,R,86258,2.9835
31480,P2,CASC,-52.20,-47.50,-138,R,86239,2.9365
31490,P2,CASC,-52.35,-49.99,-138,R,86219,2.9129
31500,P2,CASC,-52.50,-45.01,-139,R,86201,2.8380
31510,P2,CASC,-52.65,-50.00,-138,R,86181,2.8115
31520,P2,CASC,-52.80,-49.98,-138,R,86161,2.7833
31530,P2,CASC,-52.95,-47.50,-139,R,86142,2.7289
31540,P2,CASC,-53.10,-50.00,-139,R,86122,2.6979
31550,P2,CASC,-53.25,-50.02,-139,R,86102,2.6655
31560,P2,CASC,-53.40,-50.00,-139,R,86082,2.6315
31570,P2,CASC,-53.55,-49.98,-140,R,86062,2.5958
31580,P2,CASC,-53.70,-50.01,-140,R,86042,2.5589
31590,P2,CASC,-53.85,-50.00,-140,R,86022,2.5204
31600,P2,CASC,-54.00,-50.02,-140,R,86002,2.4805
31610,P2,CASC,-54.15,-52.48,-140,R,85981,2.4638
31620,P2,CASC,-54.30,-52.51,-140,R,85960,2.4458
31630,P2,CASC,-54.45,-50.01,-141,R,85940,2.4014
31640,P2,CASC,-54.60,-52.50,-140,R,85919,2.3804
31650,P2,CASC,-54.75,-52.50,-141,R,85898,2.3579
31660,P2,CASC,-54.90,-52.51,-141,R,85877,2.3339
31670,P2,CASC,-55.05,-50.00,-142,R,85857,2.2834
31680,P2,CASC,-55.20,-52.49,-141,R,85836,2.2564
31690,P2,CASC,-55.35,-50.01,-142,R,85816,2.2030
31700,P2,CASC,-55.50,-52.49,-142,R,85795,2.1729
31710,P2,CASC,-55.65,-49.99,-143,R,85775,2.1163
31720,P2,CASC,-55.80,-52.49,-142,R,85754,2.0833
31730,P2,CASC,-55.95,-52.52,-142,R,85733,2.0490
31740,P2,CASC,-56.10,-49.99,-143,R,85713,1.9879
31750,P2,CASC,-56.25,-55.00,-142,R,85691,1.9754
31760,P2,CASC,-56.40,-52.49,-143,R,85670,1.9364
31770,P2,CASC,-56.55,-52.50,-143,R,85649,1.8959
31780,P2,CASC,-56.70,-55.01,-143,R,85627,1.8790
31790,P2,CASC,-56.85,-52.49,-144,R,85606,1.8354
31800,P2,CASC,-57.00,-55.01,-143,R,85584,1.8155
31810,P2,CASC,-57.15,-55.01,-144,R,85562,1.7940
31820,P2,CASC,-57.30,-54.98,-144,R,85540,1.7708
31830,P2,CASC,-57.45,-55.01,-144,R,85518,1.7465
31840,P2,CASC,-57.60,-52.49,-145,R,85497,1.6954
31850,P2,CASC,-57.75,-55.01,-144,R,85475,1.6680
31860,P2,CASC,-57.90,-57.50,-144,R,85452,1.6640
31870,P2,CASC,-58.05,-55.01,-145,R,85430,1.6335
31880,P2,CASC,-58.20,-54.98,-145,R,85408,1.6013
31890,P2,CASC,-58.35,-57.51,-144,R,85385,1.5929
31900,P2,CASC,-58.50,-55.01,-145,R,85363,1.5580
31910,P2,CASC,-58.65,-57.48,-145,R,85340,1.5463
31920,P2,CASC,-58.80,-55.02,-146,R,85318,1.5085
31930,P2,CASC,-58.95,-57.49,-145,R,85295,1.4939
31940,P2,CASC,-59.10,-54.98,-146,R,85273,1.4528
31950,P2,CASC,-59.25,-57.50,-146,R,85250,1.4353
31960,P2,CASC,-59.40,-55.02,-146,R,85228,1.3914
31970,P2,CASC,-59.55,-57.49,-146,R,85205,1.3708
31980,P2,CASC,-59.70,-55.02,-147,R,85183,1.3240
31990,P2,CASC,-59.85,-57.48,-147,R,85160,1.3003
32000,P2,CASC,-60.00,-59.97,-146,R,85136,1.3000
32010,P2,CASC,-60.15,-55.05,-147,R,85114,1.2490
32020,P2,CASC,-60.30,-59.98,-146,R,85090,1.2458
32030,P2,CASC,-60.45,-60.02,-147,R,85066,1.2415
32040,P2,CASC,-60.60,-57.48,-147,R,85043,1.2103
32050,P2,CASC,-60.75,-60.01,-147,R,85019,1.2029
32060,P2,CASC,-60.90,-57.49,-148,R,84996,1.1688
32070,P2,CASC,-61.05,-62.49,-146,R,84971,1.1832
32080,P2,CASC,-61.20,-60.01,-147,R,84947,1.1713
32090,P2,CASC,-61.35,-59.99,-148,R,84923,1.1577
32100,P2,CASC,-61.50,-60.02,-148,R,84899,1.1429
32110,P2,CASC,-61.65,-62.51,-147,R,84874,1.1515
32120,P2,CASC,-61.80,-62.48,-147,R,84849,1.1582
32130,P2,CASC,-61.95,-60.01,-148,R,84825,1.1388
32140,P2,CASC,-62.10,-62.51,-148,R,84800,1.1429
32150,P2,CASC,-62.25,-65.00,-146,R,84774,1.1704
32160,P2,CASC,-62.40,-62.51,-148,R,84749,1.1715
32170,P2,CASC,-62.55,-64.99,-147,R,84723,1.1959
32180,P2,CASC,-62.70,-65.00,-147,R,84697,1.2189
32190,P2,CASC,-62.85,-62.48,-148,R,84672,1.2152
32200,P2,CASC,-63.00,-62.53,-148,R,84647,1.2105
32210,P2,CASC,-63.15,-62.49,-148,R,84622,1.2039
32220,P2,CASC,-63.30,-65.01,-148,R,84596,1.2210
32230,P2,CASC,-63.45,-62.48,-149,R,84571,1.2113
32240,P2,CASC,-63.60,-62.49,-149,R,84546,1.2002
32250,P2,CASC,-63.75,-62.52,-149,R,84521,1.1879
32260,P2,CASC,-63.90,-65.00,-148,R,84495,1.1989
32270,P2,CASC,-64.05,-62.51,-149,R,84470,1.1835
32280,P2,CASC,-64.20,-64.96,-149,R,84444,1.1911
32290,P2,CASC,-64.35,-62.51,-149,R,84419,1.1727
32300,P2,CASC,-64.50,-62.53,-150,R,84394,1.1530
32310,P2,CASC,-64.65,-64.98,-149,R,84368,1.1563
32320,P2,CASC,-64.80,-62.51,-150,R,84343,1.1334
32330,P2,CASC,-64.95,-62.49,-150,R,84318,1.1088
32340,P2,CASC,-65.10,-65.00,-150,R,84292,1.1078
32350,P2,CASC,-65.25,-62.51,-150,R,84267,1.0804
32360,P2,CASC,-65.40,-64.99,-150,R,84241,1.0763
32370,P2,CASC,-65.55,-64.99,-150,R,84215,1.0707
32380,P2,CASC,-65.70,-65.03,-150,R,84189,1.0640
32390,P2,CASC,-65.85,-64.99,-150,R,84163,1.0554
32400,P2,CASC,-66.00,-62.49,-151,R,84138,1.0203
32410,P2,CASC,-66.15,-65.00,-151,R,84112,1.0088
32420,P2,CASC,-66.30,-64.99,-151,R,84086,0.9958
32430,P2,CASC,-66.45,-64.99,-151,R,84060,0.9812
32440,P2,CASC,-66.60,-62.50,-152,R,84035,0.9402
32450,P2,CASC,-66.75,-65.01,-152,R,84009,0.9228
32460,P2,CASC,-66.90,-62.52,-152,R,83984,0.8789
32470,P2,CASC,-67.05,-64.99,-152,R,83958,0.8583
32480,P2,CASC,-67.20,-65.01,-152,R,83932,0.8364
32490,P2,CASC,-67.35,-64.98,-152,R,83906,0.8128
32500,P2,CASC,-67.50,-67.50,-152,R,83879,0.8128
32510,P2,CASC,-67.65,-65.01,-153,R,83853,0.7864
32520,P2,CASC,-67.80,-67.49,-152,R,83826,0.7833
32530,P2,CASC,-67.95,-67.50,-152,R,83799,0.7788
32540,P2,CASC,-68.10,-65.00,-153,R,83773,0.7478
32550,P2,CASC,-68.25,-67.50,-153,R,83746,0.7403
32560,P2,CASC,-68.40,-67.51,-153,R,83719,0.7314
32570,P2,CASC,-68.55,-67.49,-153,R,83692,0.7209
32580,P2,CASC,-68.70,-67.47,-153,R,83665,0.7085
32590,P2,CASC,-68.85,-67.53,-153,R,83638,0.6954
32600,P2,CASC,-69.00,-64.98,-154,R,83612,0.6552
32610,P2,CASC,-69.15,-70.00,-153,R,83584,0.6637
32620,P2,CASC,-69.30,-67.51,-154,R,83557,0.6458
32630,P2,CASC,-69.45,-70.01,-153,R,83529,0.6513
32640,P2,CASC,-69.60,-67.51,-154,R,83502,0.6304
32650,P2,CASC,-69.75,-70.00,-154,R,83474,0.6329
32660,P2,CASC,-69.90,-67.48,-154,R,83447,0.6087
32670,P2,CASC,-70.05,-67.53,-155,R,83420,0.5835
32680,P2,CASC,-70.20,-67.50,-155,R,83393,0.5565
32690,P2,CASC,-70.35,-67.49,-155,R,83366,0.5278
32700,P2,CASC,-70.50,-67.50,-155,R,83339,0.4978
32710,P2,CASC,-70.65,-65.00,-156,R,83313,0.4413
32720,P2,CASC,-70.80,-69.99,-155,R,83285,0.4333
32730,P2,CASC,-70.95,-70.01,-155,R,83257,0.4238
32740,P2,CASC,-71.10,-69.99,-155,R,83229,0.4128
32750,P2,CASC,-71.25,-70.01,-155,R,83201,0.4004
32760,P2,CASC,-71.40,-72.50,-155,R,83172,0.4114
32770,P2,CASC,-71.55,-67.51,-156,R,83145,0.3710
32780,P2,CASC,-71.70,-72.50,-155,R,83116,0.3790
32790,P2,CASC,-71.85,-70.00,-156,R,83088,0.3605
32800,P2,CASC,-72.00,-72.48,-156,R,83059,0.3652
32810,P2,CASC,-72.15,-72.51,-156,R,83030,0.3689
32820,P2,CASC,-72.30,-70.00,-157,R,83002,0.3459
32830,P2,CASC,-72.45,-74.99,-154,R,82972,0.3713
32840,P2,CASC,-72.60,-70.01,-157,R,82944,0.3455
32850,P2,CASC,-72.75,-72.50,-156,R,82915,0.3430
32860,P2,CASC,-72.90,-72.47,-156,R,82886,0.3387
32870,P2,CASC,-73.05,-72.53,-157,R,82857,0.3335
32880,P2,CASC,-73.20,-69.97,-157,R,82829,0.3012
32890,P2,CASC,-73.35,-72.52,-157,R,82800,0.2929
32900,P2,CASC,-73.50,-69.99,-158,R,82772,0.2578
32910,P2,CASC,-73.65,-72.49,-157,R,82743,0.2462
32920,P2,CASC,-73.80,-72.50,-157,R,82714,0.2332
32930,P2,CASC,-73.95,-72.52,-158,R,82685,0.2190
32940,P2,CASC,-74.10,-72.49,-158,R,82656,0.2028
32950,P2,CASC,-74.25,-75.01,-157,R,82626,0.2104
32960,P2,CASC,-74.40,-72.51,-158,R,82597,0.1915
32970,P2,CASC,-74.55,-77.49,-156,R,82566,0.2209
32980,P2,CASC,-74.70,-72.51,-158,R,82537,0.1990
32990,P2,CASC,-74.85,-74.99,-158,R,82507,0.2003
33000,P2,CASC,-75.00,-72.51,-159,R,82478,0.1755
33010,P2,CASC,-75.15,-77.49,-157,R,82447,0.1989
33020,P2,CASC,-75.30,-72.49,-159,R,82418,0.1707
33030,P2,CASC,-75.45,-77.51,-157,R,82387,0.1913
33040,P2,CASC,-75.60,-77.48,-157,R,82356,0.2102
33050,P2,CASC,-75.75,-77.52,-157,R,82325,0.2278
33060,P2,CASC,-75.90,-77.51,-157,R,82294,0.2439
33070,P2,CASC,-76.05,-75.00,-159,R,82264,0.2334
33080,P2,CASC,-76.20,-75.01,-159,R,82234,0.2215
33090,P2,CASC,-76.35,-77.49,-158,R,82203,0.2329
33100,P2,CASC,-76.50,-75.00,-159,R,82173,0.2179
33110,P2,CASC,-76.65,-77.48,-158,R,82142,0.2262
33120,P2,CASC,-76.80,-75.00,-159,R,82112,0.2082
33130,P2,CASC,-76.95,-77.49,-159,R,82081,0.2137
33140,P2,CASC,-77.10,-77.52,-159,R,82050,0.2179
33150,P2,CASC,-77.25,-74.99,-160,R,82020,0.1953
33160,P2,CASC,-77.40,-77.50,-159,R,81989,0.1963
33170,P2,CASC,-77.55,-77.51,-160,R,81958,0.1959
33180,P2,CASC,-77.70,-75.00,-160,R,81928,0.1689
33190,P2,CASC,-77.85,-77.50,-160,R,81897,0.1654
33200,P2,CASC,-78.00,-77.49,-160,R,81866,0.1603
33210,P2,CASC,-78.15,-80.00,-159,R,81834,0.1788
33220,P2,CASC,-78.30,-75.01,-161,R,81804,0.1460
33230,P2,CASC,-78.45,-79.99,-159,R,81772,0.1614
33240,P2,CASC,-78.60,-77.48,-161,R,81741,0.1502
33250,P2,CASC,-78.75,-77.50,-161,R,81710,0.1377
33260,P2,CASC,-78.90,-80.00,-160,R,81678,0.1487
33270,P2,CASC,-79.05,-77.49,-161,R,81647,0.1332
33280,P2,CASC,-79.20,-75.02,-162,R,81617,0.0914
33290,P2,CASC,-79.35,-74.99,-162,R,81587,0.0477
33300,P2,CASC,-79.50,-77.52,-162,R,81556,0.0280
33310,P2,CASC,-79.65,-77.49,-162,R,81525,0.0064
33320,P2,CASC,-79.80,-77.51,-162,R,81494,-0.0165
33330,P2,CASC,-79.95,-79.99,-161,R,81462,-0.0161
33340,P2,CASC,-80.10,-79.98,-162,R,81430,-0.0173
33350,P2,CASC,-80.25,-77.52,-162,R,81399,-0.0445
33360,P2,CASC,-80.40,-79.98,-162,R,81367,-0.0488
33370,P2,CASC,-80.55,-80.01,-162,R,81335,-0.0542
33380,P2,CASC,-80.70,-79.98,-162,R,81303,-0.0614
33390,P2,CASC,-80.85,-75.03,-164,R,81273,-0.1196
33400,P2,CASC,-81.00,-79.99,-163,R,81241,-0.1297
33410,P2,CASC,-81.15,-79.98,-163,R,81209,-0.1414
33420,P2,CASC,-81.30,-80.02,-163,R,81177,-0.1542
33430,P2,CASC,-81.45,-80.00,-163,R,81145,-0.1687
33440,P2,CASC,-81.60,-80.01,-164,R,81113,-0.1846
33450,P2,CASC,-81.75,-79.98,-164,R,81081,-0.2023
33460,P2,CASC,-81.90,-77.49,-165,R,81050,-0.2464
33470,P2,CASC,-82.05,-80.03,-164,R,81018,-0.2666
33480,P2,CASC,-82.20,-77.48,-165,R,80987,-0.3137
33490,P2,CASC,-82.35,-77.49,-165,R,80956,-0.3623
33500,P2,CASC,-82.50,-77.52,-166,R,80925,-0.4121
33510,P2,CASC,-82.65,-79.98,-165,R,80893,-0.4388
33520,P2,CASC,-82.80,-80.00,-165,R,80861,-0.4668
33530,P2,CASC,-82.95,-82.52,-165,R,80828,-0.4711
33540,P2,CASC,-83.10,-80.00,-166,R,80796,-0.5021
33550,P2,CASC,-83.25,-82.50,-165,R,80763,-0.5096
33560,P2,CASC,-83.40,-80.00,-166,R,80731,-0.5436
33570,P2,CASC,-83.55,-82.51,-166,R,80698,-0.5541
33580,P2,CASC,-83.70,-82.49,-166,R,80665,-0.5661
33590,P2,CASC,-83.85,-82.50,-166,R,80632,-0.5796
33600,P2,CASC,-84.00,-84.95,-165,R,80598,-0.5701
33610,P2,CASC,-84.15,-82.53,-166,R,80565,-0.5863
33620,P2,CASC,-84.30,-82.52,-167,R,80532,-0.6042
33630,P2,CASC,-84.45,-82.48,-167,R,80499,-0.6238
33640,P2,CASC,-84.60,-82.52,-167,R,80466,-0.6447
33650,P2,CASC,-84.75,-80.00,-168,R,80434,-0.6922
33660,P2,CASC,-84.90,-82.48,-167,R,80401,-0.7164
33670,P2,CASC,-85.05,-80.02,-168,R,80369,-0.7667
33680,P2,CASC,-85.20,-82.50,-168,R,80336,-0.7937
33690,P2,CASC,-85.35,-82.51,-168,R,80303,-0.8221
33700,P2,CASC,-85.50,-84.97,-168,R,80269,-0.8273
33710,P2,CASC,-85.65,-79.99,-169,R,80237,-0.8839
33720,P2,CASC,-85.80,-82.52,-169,R,80204,-0.9167
33730,P2,CASC,-85.95,-85.02,-168,R,80170,-0.9261
33740,P2,CASC,-86.10,-82.49,-169,R,80137,-0.9622
33750,P2,CASC,-86.25,-82.51,-169,R,80104,-0.9996
33760,P2,CASC,-86.40,-82.50,-170,R,80071,-1.0386
33770,P2,CASC,-86.55,-85.00,-169,R,80037,-1.0541
33780,P2,CASC,-86.70,-82.50,-170,R,80004,-1.0961
33790,P2,CASC,-86.85,-87.49,-168,R,79969,-1.0897
33800,P2,CASC,-87.00,-84.98,-170,R,79935,-1.1098
33810,P2,CASC,-87.15,-85.00,-170,R,79901,-1.1313
33820,P2,CASC,-87.30,-85.03,-170,R,79867,-1.1541
33830,P2,CASC,-87.45,-82.49,-171,R,79834,-1.2037
33840,P2,CASC,-87.60,-85.00,-171,R,79800,-1.2297
33850,P2,CASC,-87.75,-84.99,-171,R,79766,-1.2572
33860,P2,CASC,-87.90,-85.02,-171,R,79732,-1.2861
33870,P2,CASC,-88.05,-82.48,-172,R,79699,-1.3418
33880,P2,CASC,-88.20,-85.01,-172,R,79665,-1.3737
33890,P2,CASC,-88.35,-84.99,-172,R,79631,-1.4073
33900,P2,CASC,-88.50,-82.52,-173,R,79598,-1.4671
33910,P2,CASC,-88.65,-87.50,-172,R,79563,-1.4786
33920,P2,CASC,-88.80,-84.98,-173,R,79529,-1.5167
33930,P2,CASC,-88.95,-82.52,-174,R,79496,-1.5811
33940,P2,CASC,-89.10,-87.50,-173,R,79461,-1.5971
33950,P2,CASC,-89.25,-85.00,-173,R,79427,-1.6396
33960,P2,CASC,-89.40,-84.98,-174,R,79393,-1.6838
33970,P2,CASC,-89.55,-87.51,-173,R,79358,-1.7042
33980,P2,CASC,-89.70,-84.99,-174,R,79324,-1.7513
33990,P2,CASC,-89.85,-84.99,-174,R,79290,-1.7998
34000,P2,CASC,-90.00,-85.00,-175,R,79256,-1.8498
34010,P2,CASC,-90.15,-85.00,-175,R,79222,-1.9013
34020,P2,CASC,-90.30,-82.52,-176,R,79189,-1.9792
34030,P2,CASC,-90.45,-82.48,-176,R,79156,-2.0588
34040,P2,CASC,-90.60,-85.00,-176,R,79122,-2.1148
34050,P2,CASC,-90.75,-87.50,-176,R,79087,-2.1473
34060,P2,CASC,-90.90,-84.99,-176,R,79053,-2.2064
34070,P2,CASC,-91.05,-87.53,-176,R,79018,-2.2417
34080,P2,CASC,-91.20,-85.00,-177,R,78984,-2.3037
34090,P2,CASC,-91.35,-87.51,-177,R,78949,-2.3421
34100,P2,CASC,-91.50,-84.98,-178,R,78915,-2.4072
34110,P2,CASC,-91.65,-87.49,-177,R,78880,-2.4488
34120,P2,CASC,-91.80,-85.00,-178,R,78846,-2.5168
34130,P2,CASC,-91.95,-84.99,-178,R,78812,-2.5864
34140,P2,CASC,-92.10,-87.50,-178,R,78777,-2.6324
34150,P2,CASC,-92.25,-87.54,-178,R,78742,-2.6796
34160,P2,CASC,-92.40,-87.50,-179,R,78707,-2.7286
34170,P2,CASC,-92.55,-87.48,-179,R,78672,-2.7792
34180,P2,CASC,-92.70,-85.01,-180,R,78638,-2.8562
34190,P2,CASC,-92.85,-87.50,-180,R,78603,-2.9097
34200,P2,CASC,-93.00,-85.01,-181,R,78569,-2.9896
34210,P2,CASC,-93.15,-87.47,-180,R,78534,-3.0463
34220,P2,CASC,-93.30,-87.53,-181,R,78499,-3.1041
34230,P2,CASC,-93.45,-89.99,-180,R,78463,-3.1387
34240,P2,CASC,-93.60,-90.00,-180,R,78427,-3.1747
34250,P2,CASC,-93.75,-90.01,-181,R,78391,-3.2121
34260,P2,CASC,-93.90,-92.47,-180,R,78354,-3.2263
34270,P2,CASC,-94.05,-92.53,-180,R,78317,-3.2416
34280,P2,CASC,-94.20,-92.50,-181,R,78280,-3.2586
34290,P2,CASC,-94.35,-95.00,-179,R,78242,-3.2521
34300,P2,CASC,-94.50,-92.50,-181,R,78205,-3.2721
34310,P2,CASC,-94.65,-95.00,-179,R,78167,-3.2686
34320,P2,CASC,-94.80,-94.99,-179,R,78129,-3.2667
34330,P2,CASC,-94.95,-92.51,-181,R,78092,-3.2911
34340,P2,CASC,-95.10,-94.97,-181,R,78054,-3.2924
34350,P2,CASC,-95.25,-90.03,-182,R,78018,-3.3446
34360,P2,CASC,-95.40,-92.49,-182,R,77981,-3.3737
34370,P2,CASC,-95.55,-94.98,-182,R,77943,-3.3794
34380,P2,CASC,-95.70,-92.53,-182,R,77906,-3.4111
34390,P2,CASC,-95.85,-97.50,-179,R,77867,-3.3946
34400,P2,CASC,-96.00,-95.00,-182,R,77829,-3.4046
34410,P2,CASC,-96.15,-94.97,-182,R,77791,-3.4164
34420,P2,CASC,-96.30,-95.00,-182,R,77753,-3.4294
34430,P2,CASC,-96.45,-95.02,-183,R,77715,-3.4437
34440,P2,CASC,-96.60,-97.49,-180,R,77676,-3.4348
34450,P2,CASC,-96.75,-97.51,-181,R,77637,-3.4272
34460,P2,CASC,-96.90,-95.00,-183,R,77599,-3.4462
34470,P2,CASC,-97.05,-97.51,-181,R,77560,-3.4416
34480,P2,CASC,-97.20,-97.49,-181,R,77521,-3.4387
34490,P2,CASC,-97.35,-97.48,-181,R,77482,-3.4374
34500,P2,CASC,-97.50,-97.50,-182,R,77443,-3.4374
34510,P2,CASC,-97.65,-97.51,-183,R,77404,-3.4388
34520,P2,CASC,-97.80,-95.02,-184,R,77366,-3.4666
34530,P2,CASC,-97.95,-97.50,-183,R,77327,-3.4711
34540,P2,CASC,-98.10,-97.46,-184,R,77288,-3.4775
34550,P2,CASC,-98.25,-97.50,-184,R,77249,-3.4850
34560,P2,CASC,-98.40,-97.51,-184,R,77210,-3.4939
34570,P2,CASC,-98.55,-100.01,-181,R,77170,-3.4793
34580,P2,CASC,-98.70,-100.00,-182,R,77130,-3.4663
34590,P2,CASC,-98.85,-100.01,-182,R,77090,-3.4547
34600,P2,CASC,-99.00,-97.51,-184,R,77051,-3.4696
34610,P2,CASC,-99.15,-99.98,-182,R,77011,-3.4613
34620,P2,CASC,-99.30,-102.52,-181,R,76970,-3.4291
34630,P2,CASC,-99.45,-99.97,-183,R,76930,-3.4239
34640,P2,CASC,-99.60,-100.02,-183,R,76890,-3.4197
34650,P2,CASC,-99.75,-99.99,-183,R,76850,-3.4173
34660,P2,CASC,-99.90,-95.02,-186,R,76812,-3.4661
34670,P2,CASC,-100.05,-99.97,-185,R,76772,-3.4669
34680,P2,CASC,-100.20,-99.97,-185,R,76732,-3.4692
34690,P2,CASC,-100.35,-97.56,-186,R,76693,-3.4971
34700,P2,CASC,-100.50,-102.48,-182,R,76652,-3.4773
34710,P2,CASC,-100.65,-102.48,-183,R,76611,-3.4590
34720,P2,CASC,-100.80,-100.04,-185,R,76571,-3.4666
34730,P2,CASC,-100.95,-99.98,-186,R,76531,-3.4763
34740,P2,CASC,-101.10,-102.52,-183,R,76490,-3.4621
34750,P2,CASC,-101.25,-97.50,-187,R,76451,-3.4996
34760,P2,CASC,-101.40,-100.00,-186,R,76411,-3.5136
34770,P2,CASC,-101.55,-105.00,-182,R,76369,-3.4791
34780,P2,CASC,-101.70,-99.99,-186,R,76329,-3.4962
34790,P2,CASC,-101.85,-102.50,-184,R,76288,-3.4897
34800,P2,CASC,-102.00,-100.00,-187,R,76248,-3.5097
34810,P2,CASC,-102.15,-100.00,-187,R,76208,-3.5312
34820,P2,CASC,-102.30,-97.49,-188,R,76169,-3.5793
34830,P2,CASC,-102.45,-100.00,-187,R,76129,-3.6038
34840,P2,CASC,-102.60,-102.49,-187,R,76088,-3.6049
34850,P2,CASC,-102.75,-105.01,-184,R,76046,-3.5823
34860,P2,CASC,-102.90,-102.49,-187,R,76005,-3.5864
34870,P2,CASC,-103.05,-107.51,-183,R,75962,-3.5418
34880,P2,CASC,-103.20,-104.98,-184,R,75920,-3.5240
34890,P2,CASC,-103.35,-102.52,-187,R,75879,-3.5323
34900,P2,CASC,-103.50,-107.49,-183,R,75836,-3.4924
34910,P2,CASC,-103.65,-107.50,-183,R,75793,-3.4539
34920,P2,CASC,-103.80,-107.50,-183,R,75750,-3.4169
34930,P2,CASC,-103.95,-105.03,-185,R,75708,-3.4061
34940,P2,CASC,-104.10,-105.00,-185,R,75666,-3.3971
34950,P2,CASC,-104.25,-104.96,-185,R,75624,-3.3900
34960,P2,CASC,-104.40,-102.52,-188,R,75583,-3.4088
34970,P2,CASC,-104.55,-104.99,-186,R,75541,-3.4044
34980,P2,CASC,-104.70,-102.52,-188,R,75500,-3.4262
34990,P2,CASC,-104.85,-107.49,-185,R,75457,-3.3998
35000,P2,CASC,-105.00,-104.99,-188,R,75415,-3.3999
35010,P2,CASC,-105.15,-107.51,-185,R,75372,-3.3763
35020,P2,CASC,-105.30,-105.01,-188,R,75330,-3.3792
35030,P2,CASC,-105.45,-107.50,-185,R,75287,-3.3587
35040,P2,CASC,-105.60,-107.48,-185,R,75244,-3.3399
35050,P2,CASC,-105.75,-102.53,-189,R,75203,-3.3721
35060,P2,CASC,-105.90,-107.50,-186,R,75160,-3.3561
35070,P2,CASC,-106.05,-110.00,-184,R,75116,-3.3166
35080,P2,CASC,-106.20,-107.50,-186,R,75073,-3.3036
35090,P2,CASC,-106.35,-104.99,-189,R,75031,-3.3172
35100,P2,CASC,-106.50,-107.47,-186,R,74988,-3.3075
35110,P2,CASC,-106.65,-107.54,-187,R,74945,-3.2986
35120,P2,CASC,-106.80,-102.49,-190,R,74904,-3.3417
35130,P2,CASC,-106.95,-110.00,-185,R,74860,-3.3112
35140,P2,CASC,-107.10,-107.50,-187,R,74817,-3.3072
35150,P2,CASC,-107.25,-107.49,-187,R,74774,-3.3048
35160,P2,CASC,-107.40,-107.50,-188,R,74731,-3.3038
35170,P2,CASC,-107.55,-107.48,-189,R,74688,-3.3045
35180,P2,CASC,-107.70,-112.52,-185,R,74643,-3.2563
35190,P2,CASC,-107.85,-107.51,-189,R,74600,-3.2597
35200,P2,CASC,-108.00,-110.00,-187,R,74556,-3.2397
35210,P2,CASC,-108.15,-110.00,-187,R,74512,-3.2212
35220,P2,CASC,-108.30,-109.98,-187,R,74468,-3.2044
35230,P2,CASC,-108.45,-107.50,-190,R,74425,-3.2139
35240,P2,CASC,-108.60,-107.52,-190,R,74382,-3.2247
35250,P2,CASC,-108.75,-109.97,-187,R,74338,-3.2125
35260,P2,CASC,-108.90,-107.54,-190,R,74295,-3.2261
35270,P2,CASC,-109.05,-110.00,-188,R,74251,-3.2166
35280,P2,CASC,-109.20,-112.43,-186,R,74206,-3.1843
35290,P2,CASC,-109.35,-107.52,-190,R,74163,-3.2026
35300,P2,CASC,-109.50,-110.00,-188,R,74119,-3.1976
35310,P2,CASC,-109.65,-107.53,-191,R,74076,-3.2188
35320,P2,CASC,-109.80,-109.97,-189,R,74032,-3.2171
35330,P2,CASC,-109.95,-110.03,-189,R,73988,-3.2162
35340,P2,CASC,-110.10,-110.00,-190,R,73944,-3.2173
35350,P2,CASC,-110.25,-109.98,-191,R,73900,-3.2200
35360,P2,CASC,-110.40,-110.00,-191,R,73856,-3.2240
35370,P2,CASC,-110.55,-110.03,-191,R,73812,-3.2291
35380,P2,CASC,-110.70,-107.47,-192,R,73769,-3.2615
35390,P2,CASC,-110.85,-107.53,-192,R,73726,-3.2946
35400,P2,CASC,-111.00,-112.47,-189,R,73681,-3.2800
35410,P2,CASC,-111.15,-112.52,-189,R,73636,-3.2663
35420,P2,CASC,-111.30,-112.48,-189,R,73591,-3.2545
35430,P2,CASC,-111.45,-112.52,-189,R,73546,-3.2438
35440,P2,CASC,-111.60,-114.98,-188,R,73500,-3.2100
35450,P2,CASC,-111.75,-115.01,-188,R,73454,-3.1774
35460,P2,CASC,-111.90,-114.95,-188,R,73408,-3.1468
35470,P2,CASC,-112.05,-115.06,-188,R,73362,-3.1168
35480,P2,CASC,-112.20,-114.95,-188,R,73316,-3.0892
35490,P2,CASC,-112.35,-112.56,-190,R,73271,-3.0871
35500,P2,CASC,-112.50,-112.50,-190,R,73226,-3.0871
35510,P2,CASC,-112.65,-112.50,-192,R,73181,-3.0886
35520,P2,CASC,-112.80,-112.48,-192,R,73136,-3.0919
35530,P2,CASC,-112.95,-114.98,-189,R,73090,-3.0716
35540,P2,CASC,-113.10,-112.52,-192,R,73045,-3.0774
35550,P2,CASC,-113.25,-112.48,-192,R,73000,-3.0851
35560,P2,CASC,-113.40,-117.52,-188,R,72953,-3.0439
35570,P2,CASC,-113.55,-114.99,-190,R,72907,-3.0295
35580,P2,CASC,-113.70,-115.03,-190,R,72861,-3.0161
35590,P2,CASC,-113.85,-112.47,-193,R,72816,-3.0300
35600,P2,CASC,-114.00,-117.52,-189,R,72769,-2.9947
35610,P2,CASC,-114.15,-115.01,-191,R,72723,-2.9861
35620,P2,CASC,-114.30,-115.00,-191,R,72677,-2.9791
35630,P2,CASC,-114.45,-115.00,-191,R,72631,-2.9736
35640,P2,CASC,-114.60,-114.97,-191,R,72585,-2.9700
35650,P2,CASC,-114.75,-115.00,-191,R,72539,-2.9675
35660,P2,CASC,-114.90,-115.00,-191,R,72493,-2.9665
35670,P2,CASC,-115.05,-115.02,-193,R,72447,-2.9667
35680,P2,CASC,-115.20,-114.99,-193,R,72401,-2.9689
35690,P2,CASC,-115.35,-117.52,-190,R,72354,-2.9471
35700,P2,CASC,-115.50,-117.49,-191,R,72307,-2.9272
35710,P2,CASC,-115.65,-117.48,-191,R,72260,-2.9090
35720,P2,CASC,-115.80,-117.52,-191,R,72213,-2.8917
35730,P2,CASC,-115.95,-120.00,-189,R,72165,-2.8512
35740,P2,CASC,-116.10,-117.50,-191,R,72118,-2.8372
35750,P2,CASC,-116.25,-117.51,-191,R,72071,-2.8246
35760,P2,CASC,-116.40,-117.50,-191,R,72024,-2.8136
35770,P2,CASC,-116.55,-112.50,-194,R,71979,-2.8541
35780,P2,CASC,-116.70,-117.50,-192,R,71932,-2.8461
35790,P2,CASC,-116.85,-117.50,-192,R,71885,-2.8396
35800,P2,CASC,-117.00,-117.46,-192,R,71838,-2.8350
35810,P2,CASC,-117.15,-115.02,-194,R,71792,-2.8562
35820,P2,CASC,-117.30,-119.98,-191,R,71744,-2.8295
35830,P2,CASC,-117.45,-117.52,-193,R,71697,-2.8287
35840,P2,CASC,-117.60,-114.99,-195,R,71651,-2.8549
35850,P2,CASC,-117.75,-117.49,-194,R,71604,-2.8575
35860,P2,CASC,-117.90,-117.50,-194,R,71557,-2.8615
35870,P2,CASC,-118.05,-117.50,-194,R,71510,-2.8670
35880,P2,CASC,-118.20,-120.00,-192,R,71462,-2.8490
35890,P2,CASC,-118.35,-115.00,-195,R,71416,-2.8825
35900,P2,CASC,-118.50,-115.02,-196,R,71370,-2.9172
35910,P2,CASC,-118.65,-114.99,-196,R,71324,-2.9539
35920,P2,CASC,-118.80,-122.49,-191,R,71275,-2.9170
35930,P2,CASC,-118.95,-120.01,-193,R,71227,-2.9064
35940,P2,CASC,-119.10,-120.02,-193,R,71179,-2.8971
35950,P2,CASC,-119.25,-122.48,-192,R,71130,-2.8649
35960,P2,CASC,-119.40,-120.02,-194,R,71082,-2.8586
35970,P2,CASC,-119.55,-124.99,-190,R,71032,-2.8043
35980,P2,CASC,-119.70,-122.50,-192,R,70983,-2.7763
35990,P2,CASC,-119.85,-125.01,-191,R,70933,-2.7246
36000,P2,CASC,-120.00,-122.49,-192,R,70884,-2.6998
36010,P2,CASC,-120.15,-119.98,-195,R,70836,-2.7015
36020,P2,CASC,-120.30,-120.00,-195,R,70788,-2.7045
36030,P2,CASC,-120.45,-122.52,-193,R,70739,-2.6837
36040,P2,CASC,-120.60,-120.01,-196,R,70691,-2.6896
36050,P2,CASC,-120.75,-122.48,-193,R,70642,-2.6724
36060,P2,CASC,-120.90,-119.99,-196,R,70594,-2.6815
36070,P2,CASC,-121.05,-125.03,-192,R,70544,-2.6417
36080,P2,CASC,-121.20,-122.49,-194,R,70495,-2.6289
36090,P2,CASC,-121.35,-122.50,-194,R,70446,-2.6174
36100,P2,CASC,-121.50,-120.02,-196,R,70398,-2.6321
36110,P2,CASC,-121.65,-125.00,-193,R,70348,-2.5986
36120,P2,CASC,-121.80,-122.50,-194,R,70299,-2.5916
36130,P2,CASC,-121.95,-124.96,-193,R,70249,-2.5615
36140,P2,CASC,-122.10,-120.02,-197,R,70201,-2.5823
36150,P2,CASC,-122.25,-122.49,-195,R,70152,-2.5799
36160,P2,CASC,-122.40,-122.52,-195,R,70103,-2.5786
36170,P2,CASC,-122.55,-124.94,-194,R,70053,-2.5548
36180,P2,CASC,-122.70,-122.52,-196,R,70004,-2.5565
36190,P2,CASC,-122.85,-125.01,-194,R,69954,-2.5349
36200,P2,CASC,-123.00,-125.01,-194,R,69904,-2.5148
36210,P2,CASC,-123.15,-124.99,-194,R,69854,-2.4964
36220,P2,CASC,-123.30,-125.03,-194,R,69804,-2.4791
36230,P2,CASC,-123.45,-127.46,-193,R,69753,-2.4390
36240,P2,CASC,-123.60,-124.99,-195,R,69703,-2.4252
36250,P2,CASC,-123.75,-127.46,-193,R,69652,-2.3880
36260,P2,CASC,-123.90,-120.07,-198,R,69604,-2.4263
36270,P2,CASC,-124.05,-122.48,-197,R,69555,-2.4421
36280,P2,CASC,-124.20,-125.04,-196,R,69505,-2.4337
36290,P2,CASC,-124.35,-127.49,-194,R,69454,-2.4023
36300,P2,CASC,-124.50,-124.94,-196,R,69404,-2.3979
36310,P2,CASC,-124.65,-125.05,-196,R,69354,-2.3939
36320,P2,CASC,-124.80,-122.50,-198,R,69305,-2.4169
36330,P2,CASC,-124.95,-125.01,-196,R,69255,-2.4163
36340,P2,CASC,-125.10,-122.48,-198,R,69206,-2.4426
36350,P2,CASC,-125.25,-127.54,-195,R,69155,-2.4197
36360,P2,CASC,-125.40,-124.98,-198,R,69105,-2.4239
36370,P2,CASC,-125.55,-125.01,-198,R,69055,-2.4293
36380,P2,CASC,-125.70,-122.49,-199,R,69006,-2.4614
36390,P2,CASC,-125.85,-122.52,-199,R,68957,-2.4947
36400,P2,CASC,-126.00,-122.45,-199,R,68908,-2.5302
36410,P2,CASC,-126.15,-130.00,-195,R,68856,-2.4917
36420,P2,CASC,-126.30,-127.54,-197,R,68805,-2.4793
36430,P2,CASC,-126.45,-129.97,-195,R,68753,-2.4440
36440,P2,CASC,-126.60,-130.04,-195,R,68701,-2.4097
36450,P2,CASC,-126.75,-130.00,-195,R,68649,-2.3772
36460,P2,CASC,-126.90,-129.96,-196,R,68597,-2.3465
36470,P2,CASC,-127.05,-132.51,-194,R,68544,-2.2919
36480,P2,CASC,-127.20,-129.96,-196,R,68492,-2.2643
36490,P2,CASC,-127.35,-127.53,-198,R,68441,-2.2625
36500,P2,CASC,-127.50,-127.53,-198,R,68390,-2.2623
36510,P2,CASC,-127.65,-130.01,-196,R,68338,-2.2387
36520,P2,CASC,-127.80,-127.46,-199,R,68287,-2.2420
36530,P2,CASC,-127.95,-130.04,-197,R,68235,-2.2211
36540,P2,CASC,-128.10,-127.49,-199,R,68184,-2.2273
36550,P2,CASC,-128.25,-130.00,-197,R,68132,-2.2098
36560,P2,CASC,-128.40,-130.00,-197,R,68080,-2.1938
36570,P2,CASC,-128.55,-129.99,-197,R,68028,-2.1794
36580,P2,CASC,-128.70,-130.01,-197,R,67976,-2.1663
36590,P2,CASC,-128.85,-132.51,-196,R,67923,-2.1296
36600,P2,CASC,-129.00,-129.96,-198,R,67871,-2.1200
36610,P2,CASC,-129.15,-127.50,-200,R,67820,-2.1365
36620,P2,CASC,-129.30,-130.00,-198,R,67768,-2.1295
36630,P2,CASC,-129.45,-127.53,-200,R,67717,-2.1488
36640,P2,CASC,-129.60,-132.47,-197,R,67664,-2.1200
36650,P2,CASC,-129.75,-129.99,-199,R,67612,-2.1177
36660,P2,CASC,-129.90,-132.54,-197,R,67559,-2.0913
36670,P2,CASC,-130.05,-132.51,-197,R,67506,-2.0666
36680,P2,CASC,-130.20,-132.50,-197,R,67453,-2.0436
36690,P2,CASC,-130.35,-132.49,-198,R,67400,-2.0223
36700,P2,CASC,-130.50,-135.00,-196,R,67346,-1.9773
36710,P2,CASC,-130.65,-134.93,-196,R,67292,-1.9345
36720,P2,CASC,-130.80,-130.07,-200,R,67240,-1.9418
36730,P2,CASC,-130.95,-127.49,-201,R,67189,-1.9764
36740,P2,CASC,-131.10,-132.53,-198,R,67136,-1.9622
36750,P2,CASC,-131.25,-132.49,-199,R,67083,-1.9498
36760,P2,CASC,-131.40,-132.51,-199,R,67030,-1.9387
36770,P2,CASC,-131.55,-129.95,-201,R,66978,-1.9547
36780,P2,CASC,-131.70,-132.53,-199,R,66925,-1.9464
36790,P2,CASC,-131.85,-130.00,-201,R,66873,-1.9649
36800,P2,CASC,-132.00,-132.50,-200,R,66820,-1.9599
36810,P2,CASC,-132.15,-132.49,-200,R,66767,-1.9566
36820,P2,CASC,-132.30,-132.51,-200,R,66714,-1.9544
36830,P2,CASC,-132.45,-132.53,-200,R,66661,-1.9537
36840,P2,CASC,-132.60,-129.96,-202,R,66609,-1.9800
36850,P2,CASC,-132.75,-129.97,-202,R,66557,-2.0078
36860,P2,CASC,-132.90,-130.05,-202,R,66505,-2.0363
36870,P2,CASC,-133.05,-134.91,-199,R,66451,-2.0177
36880,P2,CASC,-133.20,-132.61,-202,R,66398,-2.0237
36890,P2,CASC,-133.35,-137.50,-198,R,66343,-1.9822
36900,P2,CASC,-133.50,-137.49,-198,R,66288,-1.9423
36910,P2,CASC,-133.65,-137.50,-198,R,66233,-1.9038
36920,P2,CASC,-133.80,-139.99,-197,R,66177,-1.8419
36930,P2,CASC,-133.95,-137.53,-198,R,66122,-1.8062
36940,P2,CASC,-134.10,-137.46,-199,R,66067,-1.7726
36950,P2,CASC,-134.25,-135.04,-200,R,66013,-1.7647
36960,P2,CASC,-134.40,-132.46,-202,R,65960,-1.7841
36970,P2,CASC,-134.55,-135.01,-201,R,65906,-1.7794
36980,P2,CASC,-134.70,-137.51,-199,R,65851,-1.7513
36990,P2,CASC,-134.85,-134.99,-201,R,65797,-1.7499
37000,P2,CASC,-135.00,-137.49,-200,R,65742,-1.7251
37010,P2,CASC,-135.15,-135.01,-202,R,65688,-1.7264
37020,P2,CASC,-135.30,-137.51,-200,R,65633,-1.7043
37030,P2,CASC,-135.45,-135.00,-202,R,65579,-1.7088
37040,P2,CASC,-135.60,-137.47,-200,R,65524,-1.6901
37050,P2,CASC,-135.75,-137.54,-200,R,65469,-1.6722
37060,P2,CASC,-135.90,-134.97,-202,R,65415,-1.6814
37070,P2,CASC,-136.05,-137.51,-201,R,65360,-1.6668
37080,P2,CASC,-136.20,-134.96,-203,R,65306,-1.6792
37090,P2,CASC,-136.35,-137.56,-201,R,65251,-1.6672
37100,P2,CASC,-136.50,-137.47,-201,R,65196,-1.6574
37110,P2,CASC,-136.65,-137.53,-201,R,65141,-1.6487
37120,P2,CASC,-136.80,-139.96,-200,R,65085,-1.6171
37130,P2,CASC,-136.95,-142.49,-198,R,65028,-1.5617
37140,P2,CASC,-137.10,-140.03,-200,R,64972,-1.5324
37150,P2,CASC,-137.25,-139.97,-200,R,64916,-1.5052
37160,P2,CASC,-137.40,-139.99,-200,R,64860,-1.4794
37170,P2,CASC,-137.55,-135.03,-203,R,64806,-1.5046
37180,P2,CASC,-137.70,-135.03,-204,R,64752,-1.5313
37190,P2,CASC,-137.85,-137.50,-203,R,64697,-1.5348
37200,P2,CASC,-138.00,-142.51,-200,R,64640,-1.4897
37210,P2,CASC,-138.15,-137.50,-203,R,64585,-1.4962
37220,P2,CASC,-138.30,-139.89,-202,R,64529,-1.4803
37230,P2,CASC,-138.45,-135.07,-204,R,64475,-1.5141
37240,P2,CASC,-138.60,-137.51,-204,R,64420,-1.5250
37250,P2,CASC,-138.75,-142.51,-200,R,64363,-1.4873
37260,P2,CASC,-138.90,-137.49,-204,R,64308,-1.5015
37270,P2,CASC,-139.05,-140.00,-203,R,64252,-1.4920
37280,P2,CASC,-139.20,-134.99,-205,R,64198,-1.5341
37290,P2,CASC,-139.35,-135.04,-205,R,64144,-1.5772
37300,P2,CASC,-139.50,-137.47,-205,R,64089,-1.5975
37310,P2,CASC,-139.65,-142.53,-202,R,64032,-1.5687
37320,P2,CASC,-139.80,-142.49,-202,R,63975,-1.5418
37330,P2,CASC,-139.95,-142.51,-202,R,63918,-1.5162
37340,P2,CASC,-140.10,-145.00,-201,R,63860,-1.4672
37350,P2,CASC,-140.25,-144.99,-201,R,63802,-1.4198
37360,P2,CASC,-140.40,-145.01,-201,R,63744,-1.3737
37370,P2,CASC,-140.55,-144.97,-201,R,63686,-1.3295
37380,P2,CASC,-140.70,-142.49,-203,R,63629,-1.3116
37390,P2,CASC,-140.85,-140.03,-205,R,63573,-1.3198
37400,P2,CASC,-141.00,-142.47,-203,R,63516,-1.3051
37410,P2,CASC,-141.15,-145.00,-201,R,63458,-1.2666
37420,P2,CASC,-141.30,-140.04,-205,R,63402,-1.2792
37430,P2,CASC,-141.45,-144.97,-202,R,63344,-1.2440
37440,P2,CASC,-141.60,-142.53,-204,R,63287,-1.2347
37450,P2,CASC,-141.75,-142.50,-204,R,63230,-1.2272
37460,P2,CASC,-141.90,-142.50,-204,R,63173,-1.2212
37470,P2,CASC,-142.05,-145.00,-202,R,63115,-1.1917
37480,P2,CASC,-142.20,-142.46,-204,R,63058,-1.1891
37490,P2,CASC,-142.35,-142.50,-204,R,63001,-1.1876
37500,P2,CASC,-142.50,-142.53,-205,R,62944,-1.1874
37510,P2,CASC,-142.65,-142.47,-205,R,62887,-1.1891
37520,P2,CASC,-142.80,-145.00,-203,R,62829,-1.1671
37530,P2,CASC,-142.95,-145.00,-203,R,62771,-1.1466
37540,P2,CASC,-143.10,-144.99,-204,R,62713,-1.1278
37550,P2,CASC,-143.25,-147.51,-202,R,62654,-1.0851
37560,P2,CASC,-143.40,-145.01,-204,R,62596,-1.0690
37570,P2,CASC,-143.55,-147.47,-202,R,62537,-1.0298
37580,P2,CASC,-143.70,-147.56,-202,R,62478,-0.9912
37590,P2,CASC,-143.85,-145.00,-204,R,62420,-0.9797
37600,P2,CASC,-144.00,-140.00,-206,R,62364,-1.0197
37610,P2,CASC,-144.15,-144.99,-205,R,62306,-1.0113
37620,P2,CASC,-144.30,-145.01,-205,R,62248,-1.0042
37630,P2,CASC,-144.45,-144.97,-205,R,62190,-0.9990
37640,P2,CASC,-144.60,-145.00,-205,R,62132,-0.9950
37650,P2,CASC,-144.75,-142.47,-207,R,62075,-1.0178
37660,P2,CASC,-144.90,-145.06,-206,R,62017,-1.0162
37670,P2,CASC,-145.05,-144.96,-206,R,61959,-1.0171
37680,P2,CASC,-145.20,-145.00,-206,R,61901,-1.0191
37690,P2,CASC,-145.35,-145.01,-206,R,61843,-1.0225
37700,P2,CASC,-145.50,-139.99,-208,R,61787,-1.0776
37710,P2,CASC,-145.65,-142.54,-208,R,61730,-1.1087
37720,P2,CASC,-145.80,-144.96,-207,R,61672,-1.1171
37730,P2,CASC,-145.95,-147.54,-205,R,61613,-1.1012
37740,P2,CASC,-146.10,-149.99,-204,R,61553,-1.0623
37750,P2,CASC,-146.25,-150.00,-204,R,61493,-1.0248
37760,P2,CASC,-146.40,-150.00,-204,R,61433,-0.9888
37770,P2,CASC,-146.55,-152.48,-203,R,61372,-0.9295
37780,P2,CASC,-146.70,-150.00,-204,R,61312,-0.8965
37790,P2,CASC,-146.85,-150.00,-204,R,61252,-0.8650
37800,P2,CASC,-147.00,-145.01,-207,R,61194,-0.8848
37810,P2,CASC,-147.15,-150.00,-205,R,61134,-0.8563
37820,P2,CASC,-147.30,-147.50,-207,R,61075,-0.8543
37830,P2,CASC,-147.45,-147.51,-207,R,61016,-0.8537
37840,P2,CASC,-147.60,-149.97,-205,R,60956,-0.8300
37850,P2,CASC,-147.75,-147.50,-207,R,60897,-0.8325
37860,P2,CASC,-147.90,-150.00,-206,R,60837,-0.8115
37870,P2,CASC,-148.05,-147.49,-208,R,60778,-0.8171
37880,P2,CASC,-148.20,-150.00,-206,R,60718,-0.7991
37890,P2,CASC,-148.35,-147.51,-208,R,60659,-0.8075
37900,P2,CASC,-148.50,-150.00,-206,R,60599,-0.7925
37910,P2,CASC,-148.65,-147.50,-208,R,60540,-0.8040
37920,P2,CASC,-148.80,-150.03,-207,R,60480,-0.7917
37930,P2,CASC,-148.95,-149.94,-207,R,60420,-0.7818
37940,P2,CASC,-149.10,-152.45,-205,R,60359,-0.7483
37950,P2,CASC,-149.25,-150.11,-207,R,60299,-0.7397
37960,P2,CASC,-149.40,-152.45,-206,R,60238,-0.7092
37970,P2,CASC,-149.55,-155.05,-204,R,60176,-0.6542
37980,P2,CASC,-149.70,-152.45,-206,R,60115,-0.6267
37990,P2,CASC,-149.85,-152.55,-206,R,60054,-0.5997
38000,P2,CASC,-150.00,-147.50,-209,R,59995,-0.6247
38010,P2,CASC,-150.00,-149.97,-208,R,59935,-0.6250
38020,P2,CASC,-150.00,-150.03,-208,R,59875,-0.6247
38030,P2,CASC,-150.00,-152.44,-206,R,59814,-0.6003
38040,P2,CASC,-150.00,-150.06,-208,R,59754,-0.5997
38050,P2,CASC,-150.00,-149.94,-208,R,59694,-0.6003
38060,P2,CASC,-150.00,-150.00,-208,R,59634,-0.6003
38070,P2,CASC,-150.00,-150.00,-208,R,59574,-0.6003
38080,P2,CASC,-150.00,-150.05,-208,R,59514,-0.5999
38090,P2,CASC,-150.00,-149.99,-208,R,59454,-0.6000
38100,P2,CASC,-150.00,-145.00,-209,R,59396,-0.6500
38110,P2,CASC,-150.00,-147.53,-209,R,59337,-0.6747
38120,P2,CASC,-150.00,-149.94,-208,R,59277,-0.6753
38130,P2,CASC,-150.00,-150.03,-208,R,59217,-0.6750
38140,P2,CASC,-150.00,-154.98,-205,R,59155,-0.6252
38150,P2,CASC,-150.00,-152.52,-206,R,59094,-0.6000
38160,P2,CASC,-150.00,-157.39,-203,R,59031,-0.5261
38170,P2,CASC,-150.00,-155.11,-204,R,58969,-0.4750
38180,P2,CASC,-150.00,-152.48,-206,R,58908,-0.4502
38190,P2,CASC,-150.00,-155.03,-204,R,58846,-0.3999
38200,P2,CASC,-150.00,-149.97,-208,R,58786,-0.4002
38210,P2,CASC,-150.00,-150.03,-207,R,58726,-0.3999
38220,P2,CASC,-150.00,-152.52,-206,R,58665,-0.3747
38230,P2,CASC,-150.00,-149.96,-208,R,58605,-0.3752
38240,P2,CASC,-150.00,-152.48,-206,R,58544,-0.3503
38250,P2,CASC,-150.00,-150.01,-207,R,58484,-0.3502
38260,P2,CASC,-150.00,-150.01,-207,R,58424,-0.3500
38270,P2,CASC,-150.00,-152.50,-206,R,58363,-0.3250
38280,P2,CASC,-150.00,-152.52,-206,R,58302,-0.2999
38290,P2,CASC,-150.00,-150.01,-207,R,58242,-0.2997
38300,P2,CASC,-150.00,-149.96,-207,R,58182,-0.3002
38310,P2,CASC,-150.00,-147.51,-208,R,58123,-0.3250
38320,P2,CASC,-150.00,-152.53,-206,R,58062,-0.2997
38330,P2,CASC,-150.00,-149.99,-207,R,58002,-0.2999
38340,P2,CASC,-150.00,-152.50,-205,R,57941,-0.2749
38350,P2,CASC,-150.00,-152.45,-205,R,57880,-0.2503
38360,P2,CASC,-150.00,-155.06,-204,R,57818,-0.1997
38370,P2,CASC,-150.00,-152.45,-205,R,57757,-0.1752
38380,P2,CASC,-150.00,-154.98,-204,R,57695,-0.1253
38390,P2,CASC,-150.00,-150.03,-207,R,57635,-0.1250
38400,P2,CASC,-150.00,-147.49,-208,R,57576,-0.1502
38410,P2,CASC,-150.00,-147.53,-208,R,57517,-0.1749
38420,P2,CASC,-150.00,-152.45,-205,R,57456,-0.1503
38430,P2,CASC,-150.00,-150.01,-207,R,57396,-0.1502
38440,P2,CASC,-150.00,-150.01,-207,R,57336,-0.1500
38450,P2,CASC,-150.00,-147.50,-208,R,57277,-0.1750
38460,P2,CASC,-150.00,-150.00,-207,R,57217,-0.1750
38470,P2,CASC,-150.00,-149.97,-207,R,57157,-0.1753
38480,P2,CASC,-150.00,-150.01,-207,R,57097,-0.1752
38490,P2,CASC,-150.00,-147.53,-208,R,57038,-0.1999
38500,P2,CASC,-150.00,-144.97,-208,R,56980,-0.2502
38510,P2,CASC,-150.00,-145.01,-209,R,56922,-0.3000
38520,P2,CASC,-150.00,-150.00,-207,R,56862,-0.3000
38530,P2,CASC,-150.00,-150.00,-207,R,56802,-0.3000
38540,P2,CASC,-150.00,-152.50,-205,R,56741,-0.2750
38550,P2,CASC,-150.00,-152.48,-205,R,56680,-0.2502
38560,P2,CASC,-150.00,-155.00,-204,R,56618,-0.2002
38570,P2,CASC,-150.00,-155.02,-204,R,56556,-0.1500
38580,P2,CASC,-150.00,-152.52,-205,R,56495,-0.1249
38590,P2,CASC,-150.00,-152.48,-205,R,56434,-0.1000
38600,P2,CASC,-150.00,-147.51,-207,R,56375,-0.1249
38610,P2,CASC,-150.00,-150.00,-207,R,56315,-0.1249
38620,P2,CASC,-150.00,-152.48,-205,R,56254,-0.1000
38630,P2,CASC,-150.00,-149.99,-207,R,56194,-0.1002
38640,P2,CASC,-150.00,-150.05,-207,R,56134,-0.0997
38650,P2,CASC,-150.00,-149.97,-207,R,56074,-0.1000
38660,P2,CASC,-150.00,-149.99,-207,R,56014,-0.1002
38670,P2,CASC,-150.00,-150.05,-207,R,55954,-0.0997
38680,P2,CASC,-150.00,-152.44,-205,R,55893,-0.0753
38690,P2,CASC,-150.00,-150.05,-207,R,55833,-0.0749
38700,P2,CASC,-150.00,-147.50,-207,R,55774,-0.0999
38710,P2,CASC,-150.00,-149.91,-207,R,55714,-0.1008
38720,P2,CASC,-150.00,-150.08,-207,R,55654,-0.1000
38730,P2,CASC,-150.00,-149.97,-207,R,55594,-0.1003
38740,P2,CASC,-150.00,-152.50,-205,R,55533,-0.0753
38750,P2,CASC,-150.00,-152.42,-205,R,55472,-0.0511
38760,P2,CASC,-150.00,-152.64,-205,R,55411,-0.0247
38770,P2,CASC,-150.00,-154.97,-203,R,55349,0.0250
38780,P2,CASC,-150.00,-152.39,-205,R,55288,0.0489
38790,P2,CASC,-150.00,-147.63,-207,R,55229,0.0252
38800,P2,CASC,-150.00,-147.49,-207,R,55170,0.0001
38810,P2,CASC,-150.00,-147.51,-207,R,55111,-0.0248
38820,P2,CASC,-150.00,-152.50,-205,R,55050,0.0002
38830,P2,CASC,-150.00,-150.00,-206,R,54990,0.0002
38840,P2,CASC,-150.00,-147.50,-207,R,54931,-0.0248
38850,P2,CASC,-150.00,-147.47,-207,R,54872,-0.0501
38860,P2,CASC,-150.00,-147.50,-207,R,54813,-0.0751
38870,P2,CASC,-150.00,-149.99,-207,R,54753,-0.0752
38880,P2,CASC,-150.00,-150.00,-207,R,54693,-0.0752
38890,P2,CASC,-150.00,-145.01,-208,R,54635,-0.1251
38900,P2,CASC,-150.00,-145.01,-208,R,54577,-0.1749
38910,P2,CASC,-150.00,-145.00,-208,R,54519,-0.2249
38920,P2,CASC,-150.00,-147.50,-208,R,54460,-0.2499
38930,P2,CASC,-150.00,-149.99,-207,R,54400,-0.2501
38940,P2,CASC,-150.00,-154.97,-204,R,54338,-0.2004
38950,P2,CASC,-150.00,-150.05,-207,R,54278,-0.1999
38960,P2,CASC,-150.00,-155.02,-204,R,54216,-0.1498
38970,P2,CASC,-150.00,-154.95,-203,R,54154,-0.1002
38980,P2,CASC,-150.00,-152.48,-205,R,54093,-0.0754
38990,P2,CASC,-150.00,-150.06,-207,R,54033,-0.0748
39000,P2,CASC,-150.00,-149.97,-207,R,53973,-0.0751
39010,P2,CASC,-150.00,-150.00,-207,R,53913,-0.0751
39020,P2,CASC,-150.00,-150.01,-207,R,53853,-0.0749
39030,P2,CASC,-150.00,-150.01,-207,R,53793,-0.0748
39040,P2,CASC,-150.00,-152.45,-205,R,53732,-0.0503
39050,P2,CASC,-150.00,-150.03,-207,R,53672,-0.0500
39060,P2,CASC,-150.00,-149.96,-207,R,53612,-0.0504
39070,P2,CASC,-150.00,-152.56,-205,R,53551,-0.0248
39080,P2,CASC,-150.00,-149.99,-207,R,53491,-0.0249
39090,P2,CASC,-150.00,-149.99,-207,R,53431,-0.0251
39100,P2,CASC,-150.00,-147.49,-207,R,53372,-0.0502
39110,P2,CASC,-150.00,-150.05,-207,R,53312,-0.0498
39120,P2,CASC,-150.00,-152.47,-205,R,53251,-0.0251
39130,P2,CASC,-150.00,-147.53,-207,R,53192,-0.0498
39140,P2,CASC,-150.00,-154.91,-203,R,53130,-0.0007
39150,P2,CASC,-150.00,-150.05,-206,R,53070,-0.0003
39160,P2,CASC,-150.00,-152.50,-205,R,53009,0.0247
39170,P2,CASC,-150.00,-155.05,-203,R,52947,0.0752
39180,P2,CASC,-150.00,-149.97,-206,R,52887,0.0749
39190,P2,CASC,-150.00,-150.03,-206,R,52827,0.0752
39200,P2,CASC,-150.00,-147.46,-207,R,52768,0.0497
39210,P2,CASC,-150.00,-147.54,-207,R,52709,0.0252
39220,P2,CASC,-150.00,-152.48,-205,R,52648,0.0500
39230,P2,CASC,-150.00,-147.51,-207,R,52589,0.0252
39240,P2,CASC,-150.00,-152.41,-205,R,52528,0.0493
39250,P2,CASC,-150.00,-145.04,-208,R,52470,-0.0003
39260,P2,CASC,-150.00,-147.50,-207,R,52411,-0.0253
39270,P2,CASC,-150.00,-150.00,-207,R,52351,-0.0253
39280,P2,CASC,-150.00,-147.53,-207,R,52292,-0.0500
39290,P2,CASC,-150.00,-147.47,-207,R,52233,-0.0753
39300,P2,CASC,-150.00,-145.00,-208,R,52175,-0.1253
39310,P2,CASC,-150.00,-144.91,-208,R,52117,-0.1762
39320,P2,CASC,-150.00,-147.57,-208,R,52058,-0.2004
39330,P2,CASC,-150.00,-150.03,-207,R,51998,-0.2001
39340,P2,CASC,-150.00,-152.52,-205,R,51937,-0.1750
39350,P2,CASC,-150.00,-152.50,-205,R,51876,-0.1500
39360,P2,CASC,-150.00,-155.00,-203,R,51814,-0.1000
39370,P2,CASC,-150.00,-154.97,-203,R,51752,-0.0503
39380,P2,CASC,-150.00,-150.03,-207,R,51692,-0.0500
39390,P2,CASC,-150.00,-150.01,-207,R,51632,-0.0498
39400,P2,CASC,-150.00,-149.97,-207,R,51572,-0.0501
39410,P2,CASC,-150.00,-150.01,-207,R,51512,-0.0500
39420,P2,CASC,-150.00,-152.48,-205,R,51451,-0.0251
39430,P2,CASC,-150.00,-149.97,-207,R,51391,-0.0254
39440,P2,CASC,-150.00,-150.05,-207,R,51331,-0.0250
39450,P2,CASC,-150.00,-149.99,-207,R,51271,-0.0251
39460,P2,CASC,-150.00,-150.00,-207,R,51211,-0.0251
39470,P2,CASC,-150.00,-152.48,-205,R,51150,-0.0003
39480,P2,CASC,-150.00,-150.00,-207,R,51090,-0.0003
39490,P2,CASC,-150.00,-150.03,-206,R,51030,0.0000
39500,P2,CASC,-150.00,-149.99,-207,R,50970,-0.0001
39510,P2,CASC,-150.00,-147.51,-207,R,50911,-0.0250
39520,P2,CASC,-150.00,-152.52,-205,R,50850,0.0002
39530,P2,CASC,-150.00,-149.99,-207,R,50790,0.0000
39540,P2,CASC,-150.00,-152.47,-205,R,50729,0.0247
39550,P2,CASC,-150.00,-150.01,-206,R,50669,0.0249
39560,P2,CASC,-150.00,-152.53,-205,R,50608,0.0502
39570,P2,CASC,-150.00,-154.95,-203,R,50546,0.0997
39580,P2,CASC,-150.00,-152.52,-205,R,50485,0.1248
39590,P2,CASC,-150.00,-150.01,-206,R,50425,0.1250
39600,P2,CASC,-150.00,-147.50,-207,R,50366,0.1000
39610,P2,CASC,-150.00,-147.49,-207,R,50307,0.0748
39620,P2,CASC,-150.00,-152.48,-205,R,50246,0.0997
39630,P2,CASC,-150.00,-147.51,-207,R,50187,0.0748
39640,P2,CASC,-150.00,-150.00,-206,R,50127,0.0748
39650,P2,CASC,-150.00,-147.53,-207,R,50068,0.0501
39660,P2,CASC,-150.00,-147.49,-207,R,50009,0.0250
39670,P2,CASC,-150.00,-150.00,-206,R,49949,0.0250
39680,P2,CASC,-150.00,-147.46,-207,R,49890,-0.0005
39690,P2,CASC,-150.00,-147.54,-207,R,49831,-0.0250
39700,P2,CASC,-150.00,-142.49,-209,R,49774,-0.1002
39710,P2,CASC,-150.00,-144.97,-208,R,49716,-0.1504
39720,P2,CASC,-150.00,-150.05,-207,R,49656,-0.1500
39730,P2,CASC,-150.00,-150.00,-207,R,49596,-0.1500
39740,P2,CASC,-150.00,-152.52,-205,R,49535,-0.1248
39750,P2,CASC,-150.00,-152.45,-205,R,49474,-0.1003
39760,P2,CASC,-150.00,-152.55,-205,R,49413,-0.0748
39770,P2,CASC,-150.00,-154.95,-203,R,49351,-0.0253
39780,P2,CASC,-150.00,-152.55,-205,R,49290,0.0002
39790,P2,CASC,-150.00,-149.94,-207,R,49230,-0.0004
39800,P2,CASC,-150.00,-147.53,-207,R,49171,-0.0252
39810,P2,CASC,-150.00,-150.00,-207,R,49111,-0.0252
39820,P2,CASC,-150.00,-152.53,-205,R,49050,0.0002
39830,P2,CASC,-150.00,-150.00,-206,R,48990,0.0002
39840,P2,CASC,-150.00,-149.97,-207,R,48930,-0.0001
39850,P2,CASC,-150.00,-149.97,-207,R,48870,-0.0004
39860,P2,CASC,-150.00,-150.01,-206,R,48810,-0.0003
39870,P2,CASC,-150.00,-150.01,-206,R,48750,-0.0001
39880,P2,CASC,-150.00,-149.97,-207,R,48690,-0.0004
39890,P2,CASC,-150.00,-150.01,-206,R,48630,-0.0003
39900,P2,CASC,-150.00,-150.03,-206,R,48570,0.0000
39910,P2,CASC,-150.00,-147.47,-207,R,48511,-0.0253
39920,P2,CASC,-150.00,-150.01,-207,R,48451,-0.0251
39930,P2,CASC,-150.00,-150.03,-207,R,48391,-0.0248
39940,P2,CASC,-150.00,-152.47,-205,R,48330,-0.0001
39950,P2,CASC,-150.00,-149.99,-207,R,48270,-0.0003
39960,P2,CASC,-150.00,-155.02,-203,R,48208,0.0499
39970,P2,CASC,-150.00,-152.53,-205,R,48147,0.0752
39980,P2,CASC,-150.00,-152.45,-205,R,48086,0.0997
39990,P2,CASC,-150.00,-150.03,-206,R,48026,0.1000
40000,P2,CASC,-150.00,-147.49,-207,R,47967,0.0749
40010,P2,CASC,-150.00,-147.50,-207,R,47908,0.0499
40020,P2,CASC,-150.00,-152.50,-205,R,47847,0.0749
40030,P2,CASC,-150.00,-150.03,-206,R,47787,0.0752
40040,P2,CASC,-150.00,-149.96,-206,R,47727,0.0747
40050,P2,CASC,-150.00,-145.01,-208,R,47669,0.0249
40060,P2,CASC,-150.00,-147.50,-207,R,47610,-0.0001
40070,P2,CASC,-150.00,-149.99,-207,R,47550,-0.0003
40080,P2,CASC,-150.00,-147.51,-207,R,47491,-0.0251
40090,P2,CASC,-150.00,-147.49,-207,R,47432,-0.0503
40100,P2,CASC,-150.00,-145.00,-208,R,47374,-0.1003
40110,P2,CASC,-150.00,-142.53,-209,R,47317,-0.1750
40120,P2,CASC,-150.00,-149.96,-207,R,47257,-0.1755
40130,P2,CASC,-150.00,-150.06,-207,R,47197,-0.1749
40140,P2,CASC,-150.00,-152.48,-205,R,47136,-0.1500
40150,P2,CASC,-150.00,-152.47,-205,R,47075,-0.1253
40160,P2,CASC,-150.00,-155.02,-203,R,47013,-0.0752
40170,P2,CASC,-150.00,-154.97,-203,R,46951,-0.0255
40180,P2,CASC,-150.00,-150.01,-207,R,46891,-0.0253
40190,P2,CASC,-150.00,-152.41,-205,R,46830,-0.0012
40200,P2,CASC,-150.00,-147.59,-207,R,46771,-0.0254
40210,P2,CASC,-150.00,-150.05,-207,R,46711,-0.0249
40220,P2,CASC,-150.00,-149.97,-207,R,46651,-0.0252
40230,P2,CASC,-150.00,-149.99,-207,R,46591,-0.0254
40240,P2,CASC,-150.00,-152.52,-205,R,46530,-0.0002
40250,P2,CASC,-150.00,-149.97,-207,R,46470,-0.0005
40260,P2,CASC,-150.00,-150.05,-206,R,46410,-0.0000
40270,P2,CASC,-150.00,-150.00,-207,R,46350,-0.0000
40280,P2,CASC,-150.00,-150.01,-206,R,46290,0.0001
40290,P2,CASC,-150.00,-150.00,-206,R,46230,0.0001
40300,P2,CASC,-150.00,-147.49,-207,R,46171,-0.0250
40310,P2,CASC,-150.00,-147.51,-207,R,46112,-0.0499
40320,P2,CASC,-150.00,-152.47,-205,R,46051,-0.0252
40330,P2,CASC,-150.00,-149.97,-207,R,45991,-0.0255
40340,P2,CASC,-150.00,-152.50,-205,R,45930,-0.0005
40350,P2,CASC,-150.00,-150.03,-206,R,45870,-0.0002
40360,P2,CASC,-150.00,-152.52,-205,R,45809,0.0250
40370,P2,CASC,-150.00,-155.00,-203,R,45747,0.0750
40380,P2,CASC,-150.00,-152.52,-205,R,45686,0.1001
40390,P2,CASC,-150.00,-150.00,-206,R,45626,0.1001
40400,P2,CASC,-150.00,-144.99,-208,R,45568,0.0500
40410,P2,CASC,-150.00,-150.00,-206,R,45508,0.0500
40420,P2,CASC,-150.00,-150.00,-206,R,45448,0.0500
40430,P2,CASC,-150.00,-150.01,-206,R,45388,0.0501
40440,P2,CASC,-150.00,-149.94,-206,R,45328,0.0495
40450,P2,CASC,-150.00,-145.03,-208,R,45270,-0.0002
40460,P2,CASC,-150.00,-150.00,-207,R,45210,-0.0002
40470,P2,CASC,-150.00,-147.49,-207,R,45151,-0.0253
40480,P2,CASC,-150.00,-150.03,-207,R,45091,-0.0250
40490,P2,CASC,-150.00,-147.49,-207,R,45032,-0.0502
40500,P2,CASC,-150.00,-142.53,-209,R,44975,-0.1249
40510,P2,CASC,-150.00,-145.00,-208,R,44917,-0.1749
40520,P2,CASC,-150.00,-149.96,-207,R,44857,-0.1754
40530,P2,CASC,-150.00,-150.00,-207,R,44797,-0.1754
40540,P2,CASC,-150.00,-152.53,-205,R,44736,-0.1501
40550,P2,CASC,-150.00,-152.47,-205,R,44675,-0.1254
40560,P2,CASC,-150.00,-152.52,-205,R,44614,-0.1002
40570,P2,CASC,-150.00,-155.00,-203,R,44552,-0.0502
40580,P2,CASC,-150.00,-152.48,-205,R,44491,-0.0254
40590,P2,CASC,-150.00,-152.39,-205,R,44430,-0.0014
40600,P2,CASC,-150.00,-147.60,-207,R,44371,-0.0254
40610,P2,CASC,-150.00,-149.97,-207,R,44311,-0.0257
40620,P2,CASC,-150.00,-150.08,-207,R,44251,-0.0249
40630,P2,CASC,-150.00,-149.96,-207,R,44191,-0.0254
40640,P2,CASC,-150.00,-152.50,-205,R,44130,-0.0004
40650,P2,CASC,-150.00,-150.03,-206,R,44070,-0.0001
40660,P2,CASC,-150.00,-150.00,-207,R,44010,-0.0001
40670,P2,CASC,-150.00,-150.01,-206,R,43950,0.0001
40680,P2,CASC,-150.00,-149.96,-207,R,43890,-0.0004
40690,P2,CASC,-150.00,-150.03,-206,R,43830,-0.0001
40700,P2,CASC,-150.00,-147.49,-207,R,43771,-0.0252
40710,P2,CASC,-150.00,-147.50,-207,R,43712,-0.0502
40720,P2,CASC,-150.00,-152.52,-205,R,43651,-0.0251
40730,P2,CASC,-150.00,-150.01,-207,R,43591,-0.0249
40740,P2,CASC,-150.00,-152.47,-205,R,43530,-0.0002
40750,P2,CASC,-150.00,-149.97,-207,R,43470,-0.0005
40760,P2,CASC,-150.00,-154.92,-203,R,43408,0.0487
40770,P2,CASC,-150.00,-152.61,-205,R,43347,0.0747
40780,P2,CASC,-150.00,-152.53,-205,R,43286,0.1001
40790,P2,CASC,-150.00,-149.97,-206,R,43226,0.0998
40800,P2,CASC,-150.00,-147.53,-207,R,43167,0.0750
40810,P2,CASC,-150.00,-149.91,-206,R,43107,0.0742
40820,P2,CASC,-150.00,-150.06,-206,R,43047,0.0748
40830,P2,CASC,-150.00,-150.03,-206,R,42987,0.0751
40840,P2,CASC,-150.00,-150.00,-206,R,42927,0.0751
40850,P2,CASC,-150.00,-144.96,-208,R,42869,0.0246
40860,P2,CASC,-150.00,-150.03,-206,R,42809,0.0249
40870,P2,CASC,-150.00,-150.01,-206,R,42749,0.0251
40880,P2,CASC,-150.00,-147.46,-207,R,42690,-0.0004
40890,P2,CASC,-150.00,-147.54,-207,R,42631,-0.0249
40900,P2,CASC,-150.00,-142.49,-209,R,42574,-0.1001
40910,P2,CASC,-150.00,-144.96,-208,R,42516,-0.1505
40920,P2,CASC,-150.00,-150.03,-207,R,42456,-0.1502
40930,P2,CASC,-150.00,-150.03,-207,R,42396,-0.1499
40940,P2,CASC,-150.00,-152.47,-205,R,42335,-0.1252
40950,P2,CASC,-150.00,-152.53,-205,R,42274,-0.0999
40960,P2,CASC,-150.00,-154.89,-203,R,42212,-0.0510
40970,P2,CASC,-150.00,-152.59,-205,R,42151,-0.0251
40980,P2,CASC,-150.00,-152.52,-205,R,42090,0.0001
40990,P2,CASC,-150.00,-152.50,-205,R,42029,0.0251
41000,P2,CASC,-150.00,-147.50,-207,R,41970,0.0001
41010,P2,CASC,-150.00,-149.96,-207,R,41910,-0.0004
41020,P2,CASC,-150.00,-152.55,-205,R,41849,0.0251
41030,P2,CASC,-150.00,-147.50,-207,R,41790,0.0001
41040,P2,CASC,-150.00,-152.50,-205,R,41729,0.0251
41050,P2,CASC,-150.00,-147.49,-207,R,41670,-0.0001
41060,P2,CASC,-150.00,-149.99,-207,R,41610,-0.0002
41070,P2,CASC,-150.00,-152.52,-205,R,41549,0.0249
41080,P2,CASC,-150.00,-149.97,-206,R,41489,0.0246
41090,P2,CASC,-150.00,-150.05,-206,R,41429,0.0251
41100,P2,CASC,-150.00,-147.47,-207,R,41370,-0.0002
41110,P2,CASC,-150.00,-147.51,-207,R,41311,-0.0251
41120,P2,CASC,-150.00,-149.97,-207,R,41251,-0.0254
41130,P2,CASC,-150.00,-150.03,-207,R,41191,-0.0251
41140,P2,CASC,-150.00,-152.48,-205,R,41130,-0.0002
41150,P2,CASC,-150.00,-152.48,-205,R,41069,0.0246
41160,P2,CASC,-150.00,-152.52,-205,R,41008,0.0498
41170,P2,CASC,-150.00,-155.03,-203,R,40946,0.1001
41180,P2,CASC,-150.00,-152.48,-205,R,40885,0.1249
41190,P2,CASC,-150.00,-149.97,-206,R,40825,0.1246
41200,P2,CASC,-150.00,-147.54,-207,R,40766,0.1001
41210,P2,CASC,-150.00,-147.47,-207,R,40707,0.0748
41220,P2,CASC,-150.00,-152.47,-205,R,40646,0.0995
41230,P2,CASC,-150.00,-150.03,-206,R,40586,0.0998
41240,P2,CASC,-150.00,-147.53,-207,R,40527,0.0751
41250,P2,CASC,-150.00,-147.50,-207,R,40468,0.0501
41260,P2,CASC,-150.00,-149.93,-206,R,40408,0.0493
41270,P2,CASC,-150.00,-147.56,-207,R,40349,0.0249
41280,P2,CASC,-150.00,-150.00,-206,R,40289,0.0249
41290,P2,CASC,-150.00,-144.97,-208,R,40231,-0.0254
41300,P2,CASC,-150.00,-145.01,-208,R,40173,-0.0752
41310,P2,CASC,-150.00,-145.01,-208,R,40115,-0.1251
41320,P2,CASC,-150.00,-149.97,-207,R,40055,-0.1254
41330,P2,CASC,-150.00,-150.01,-207,R,39995,-0.1252
41340,P2,CASC,-150.00,-152.47,-205,R,39934,-0.1005
41350,P2,CASC,-150.00,-152.55,-205,R,39873,-0.0751
41360,P2,CASC,-150.00,-152.48,-205,R,39812,-0.0502
41370,P2,CASC,-150.00,-155.00,-203,R,39750,-0.0002
41380,P2,CASC,-150.00,-152.52,-205,R,39689,0.0249
41390,P2,CASC,-150.00,-152.45,-205,R,39628,0.0495
41400,P2,CASC,-150.00,-150.01,-206,R,39568,0.0496
41410,P2,CASC,-150.00,-147.50,-207,R,39509,0.0246
41420,P2,CASC,-150.00,-152.53,-205,R,39448,0.0499
41430,P2,CASC,-150.00,-149.96,-206,R,39388,0.0495
41440,P2,CASC,-150.00,-150.05,-206,R,39328,0.0499
41450,P2,CASC,-150.00,-150.00,-206,R,39268,0.0499
41460,P2,CASC,-150.00,-149.96,-206,R,39208,0.0495
41470,P2,CASC,-150.00,-150.05,-206,R,39148,0.0499
41480,P2,CASC,-150.00,-149.96,-206,R,39088,0.0495
41490,P2,CASC,-150.00,-150.05,-206,R,39028,0.0499
41500,P2,CASC,-150.00,-147.51,-207,R,38969,0.0251
41510,P2,CASC,-150.00,-147.44,-207,R,38910,-0.0005
41520,P2,CASC,-150.00,-150.01,-206,R,38850,-0.0004
41530,P2,CASC,-150.00,-149.99,-207,R,38790,-0.0005
41540,P2,CASC,-150.00,-152.50,-205,R,38729,0.0245
41550,P2,CASC,-150.00,-152.52,-205,R,38668,0.0496
41560,P2,CASC,-150.00,-152.48,-205,R,38607,0.0745
41570,P2,CASC,-150.00,-155.02,-203,R,38545,0.1246
41580,P2,CASC,-150.00,-152.53,-205,R,38484,0.1499
41590,P2,CASC,-150.00,-147.49,-207,R,38425,0.1248
41600,P2,CASC,-150.00,-147.50,-207,R,38366,0.0998
41610,P2,CASC,-150.00,-150.00,-206,R,38306,0.0998
41620,P2,CASC,-150.00,-150.00,-206,R,38246,0.0998
41630,P2,CASC,-150.00,-150.03,-206,R,38186,0.1001
41640,P2,CASC,-150.00,-149.99,-206,R,38126,0.0999
41650,P2,CASC,-150.00,-147.38,-207,R,38067,0.0738
41660,P2,CASC,-150.00,-147.63,-207,R,38008,0.0501
41670,P2,CASC,-150.00,-149.97,-206,R,37948,0.0498
41680,P2,CASC,-150.00,-147.51,-207,R,37889,0.0249
41690,P2,CASC,-150.00,-147.47,-207,R,37830,-0.0004
41700,P2,CASC,-150.00,-142.51,-209,R,37773,-0.0752
41710,P2,CASC,-150.00,-144.99,-208,R,37715,-0.1254
41720,P2,CASC,-150.00,-150.03,-207,R,37655,-0.1251
41730,P2,CASC,-150.00,-150.01,-207,R,37595,-0.1249
41740,P2,CASC,-150.00,-152.48,-205,R,37534,-0.1001
41750,P2,CASC,-150.00,-152.47,-205,R,37473,-0.0754
41760,P2,CASC,-150.00,-155.02,-203,R,37411,-0.0252
41770,P2,CASC,-150.00,-154.97,-203,R,37349,0.0245
41780,P2,CASC,-150.00,-150.06,-206,R,37289,0.0251
41790,P2,CASC,-150.00,-152.47,-205,R,37228,0.0498
41800,P2,CASC,-150.00,-147.50,-207,R,37169,0.0248
41810,P2,CASC,-150.00,-150.00,-206,R,37109,0.0248
41820,P2,CASC,-150.00,-152.53,-205,R,37048,0.0501
41830,P2,CASC,-150.00,-149.96,-206,R,36988,0.0496
41840,P2,CASC,-150.00,-147.51,-207,R,36929,0.0248
41850,P2,CASC,-150.00,-152.45,-205,R,36868,0.0493
41860,P2,CASC,-150.00,-147.51,-207,R,36809,0.0245
41870,P2,CASC,-150.00,-152.55,-205,R,36748,0.0499
41880,P2,CASC,-150.00,-149.99,-206,R,36688,0.0498
41890,P2,CASC,-150.00,-147.49,-207,R,36629,0.0246
41900,P2,CASC,-150.00,-150.05,-206,R,36569,0.0251
41910,P2,CASC,-150.00,-147.46,-207,R,36510,-0.0004
41920,P2,CASC,-150.00,-150.05,-206,R,36450,0.0001
41930,P2,CASC,-150.00,-149.97,-207,R,36390,-0.0002
41940,P2,CASC,-150.00,-152.52,-205,R,36329,0.0249
41950,P2,CASC,-150.00,-149.99,-206,R,36269,0.0248
41960,P2,CASC,-150.00,-152.53,-205,R,36208,0.0501
41970,P2,CASC,-150.00,-154.94,-203,R,36146,0.0995
41980,P2,CASC,-150.00,-152.52,-205,R,36085,0.1246
41990,P2,CASC,-150.00,-150.00,-206,R,36025,0.1246
42000,P2,CASC,-150.00,-145.00,-208,R,35967,0.0746
42010,P2,CASC,-150.00,-150.00,-206,R,35907,0.0746
42020,P2,CASC,-150.00,-152.53,-205,R,35846,0.0999
42030,P2,CASC,-150.00,-147.50,-207,R,35787,0.0749
42040,P2,CASC,-150.00,-149.96,-206,R,35727,0.0745
42050,P2,CASC,-150.00,-145.04,-208,R,35669,0.0249
42060,P2,CASC,-150.00,-149.96,-206,R,35609,0.0245
42070,P2,CASC,-150.00,-150.01,-206,R,35549,0.0246
42080,P2,CASC,-150.00,-147.49,-207,R,35490,-0.0005
42090,P2,CASC,-150.00,-145.01,-208,R,35432,-0.0504
42100,P2,CASC,-150.00,-145.04,-208,R,35374,-0.0999
42110,P2,CASC,-150.00,-142.46,-209,R,35317,-0.1754
42120,P2,CASC,-150.00,-150.01,-207,R,35257,-0.1752
42130,P2,CASC,-150.00,-150.03,-207,R,35197,-0.1749
42140,P2,CASC,-150.00,-152.45,-205,R,35136,-0.1504
42150,P2,CASC,-150.00,-152.53,-205,R,35075,-0.1251
42160,P2,CASC,-150.00,-154.89,-203,R,35013,-0.0762
42170,P2,CASC,-150.00,-152.56,-205,R,34952,-0.0506
42180,P2,CASC,-150.00,-152.56,-205,R,34891,-0.0249
42190,P2,CASC,-150.00,-150.00,-207,R,34831,-0.0249
42200,P2,CASC,-150.00,-150.00,-207,R,34771,-0.0249
42210,P2,CASC,-150.00,-149.93,-207,R,34711,-0.0257
42220,P2,CASC,-150.00,-150.05,-207,R,34651,-0.0252
42230,P2,CASC,-150.00,-149.99,-207,R,34591,-0.0254
42240,P2,CASC,-150.00,-152.53,-205,R,34530,-0.0001
42250,P2,CASC,-150.00,-149.99,-207,R,34470,-0.0002
42260,P2,CASC,-150.00,-149.99,-207,R,34410,-0.0004
42270,P2,CASC,-150.00,-150.03,-206,R,34350,-0.0001
42280,P2,CASC,-150.00,-149.97,-207,R,34290,-0.0004
42290,P2,CASC,-150.00,-150.05,-206,R,34230,0.0001
42300,P2,CASC,-150.00,-149.99,-207,R,34170,-0.0001
42310,P2,CASC,-150.00,-147.47,-207,R,34111,-0.0254
42320,P2,CASC,-150.00,-152.50,-205,R,34050,-0.0004
42330,P2,CASC,-150.00,-147.53,-207,R,33991,-0.0251
42340,P2,CASC,-150.00,-152.52,-205,R,33930,0.0001
42350,P2,CASC,-150.00,-152.45,-205,R,33869,0.0246
42360,P2,CASC,-150.00,-152.50,-205,R,33808,0.0496
42370,P2,CASC,-150.00,-155.05,-203,R,33746,0.1001
42380,P2,CASC,-150.00,-149.97,-206,R,33686,0.0998
42390,P2,CASC,-150.00,-149.99,-206,R,33626,0.0996
42400,P2,CASC,-150.00,-147.53,-207,R,33567,0.0749
42410,P2,CASC,-150.00,-147.50,-207,R,33508,0.0499
42420,P2,CASC,-150.00,-152.50,-205,R,33447,0.0749
42430,P2,CASC,-150.00,-147.51,-207,R,33388,0.0501
42440,P2,CASC,-150.00,-149.97,-206,R,33328,0.0498
42450,P2,CASC,-150.00,-147.49,-207,R,33269,0.0246
42460,P2,CASC,-150.00,-147.54,-207,R,33210,0.0001
42470,P2,CASC,-150.00,-149.97,-207,R,33150,-0.0002
42480,P2,CASC,-150.00,-147.50,-207,R,33091,-0.0252
42490,P2,CASC,-150.00,-147.47,-207,R,33032,-0.0505
42500,P2,CASC,-150.00,-142.56,-209,R,32975,-0.1250
42510,P2,CASC,-150.00,-144.96,-208,R,32917,-0.1754
42520,P2,CASC,-150.00,-150.01,-207,R,32857,-0.1752
42530,P2,CASC,-150.00,-149.99,-207,R,32797,-0.1754
42540,P2,CASC,-150.00,-152.55,-205,R,32736,-0.1499
42550,P2,CASC,-150.00,-149.97,-207,R,32676,-0.1502
42560,P2,CASC,-150.00,-155.03,-203,R,32614,-0.0999
42570,P2,CASC,-150.00,-154.98,-203,R,32552,-0.0501
42580,P2,CASC,-150.00,-152.47,-205,R,32491,-0.0254
42590,P2,CASC,-150.00,-150.03,-207,R,32431,-0.0251
42600,P2,CASC,-150.00,-150.01,-207,R,32371,-0.0249
42610,P2,CASC,-150.00,-149.99,-207,R,32311,-0.0251
42620,P2,CASC,-150.00,-152.48,-205,R,32250,-0.0002
42630,P2,CASC,-150.00,-149.99,-207,R,32190,-0.0004
42640,P2,CASC,-150.00,-149.99,-207,R,32130,-0.0005
42650,P2,CASC,-150.00,-150.01,-206,R,32070,-0.0004
42660,P2,CASC,-150.00,-150.01,-206,R,32010,-0.0002
42670,P2,CASC,-150.00,-152.47,-205,R,31949,0.0245
42680,P2,CASC,-150.00,-150.03,-206,R,31889,0.0248
42690,P2,CASC,-150.00,-149.99,-206,R,31829,0.0246
42700,P2,CASC,-150.00,-147.51,-207,R,31770,-0.0002
42710,P2,CASC,-150.00,-147.50,-207,R,31711,-0.0252
42720,P2,CASC,-150.00,-149.99,-207,R,31651,-0.0254
42730,P2,CASC,-150.00,-150.05,-207,R,31591,-0.0249
42740,P2,CASC,-150.00,-152.50,-205,R,31530,0.0001
42750,P2,CASC,-150.00,-152.47,-205,R,31469,0.0247
42760,P2,CASC,-150.00,-152.52,-205,R,31408,0.0499
42770,P2,CASC,-150.00,-154.95,-203,R,31346,0.0994
42780,P2,CASC,-150.00,-152.52,-205,R,31285,0.1246
42790,P2,CASC,-150.00,-150.00,-206,R,31225,0.1246
42800,P2,CASC,-150.00,-145.01,-208,R,31167,0.0747
42810,P2,CASC,-150.00,-150.03,-206,R,31107,0.0750
42820,P2,CASC,-150.00,-152.45,-205,R,31046,0.0996
42830,P2,CASC,-150.00,-147.54,-207,R,30987,0.0750
42840,P2,CASC,-150.00,-149.97,-206,R,30927,0.0747
42850,P2,CASC,-150.00,-147.51,-207,R,30868,0.0499
42860,P2,CASC,-150.00,-147.46,-207,R,30809,0.0244
42870,P2,CASC,-150.00,-152.53,-205,R,30748,0.0497
42880,P2,CASC,-150.00,-147.49,-207,R,30689,0.0246
42890,P2,CASC,-150.00,-145.04,-208,R,30631,-0.0250
42900,P2,CASC,-150.00,-144.96,-208,R,30573,-0.0754
42910,P2,CASC,-150.00,-145.04,-208,R,30515,-0.1250
42920,P2,CASC,-150.00,-149.94,-207,R,30455,-0.1256
42930,P2,CASC,-150.00,-150.00,-207,R,30395,-0.1256
42940,P2,CASC,-150.00,-152.52,-205,R,30334,-0.1004
42950,P2,CASC,-150.00,-152.55,-205,R,30273,-0.0750
42960,P2,CASC,-150.00,-152.45,-205,R,30212,-0.0504
42970,P2,CASC,-150.00,-155.03,-203,R,30150,-0.0001
42980,P2,CASC,-150.00,-152.48,-205,R,30089,0.0247
42990,P2,CASC,-150.00,-149.97,-206,R,30029,0.0244
43000,P2,CASC,-150.00,-150.01,-206,R,29969,0.0246
43010,P2,CASC,-149.85,-150.03,-206,R,29909,0.0264
43020,P2,CASC,-149.70,-149.96,-206,R,29849,0.0289
43030,P2,CASC,-149.55,-152.56,-204,R,29788,0.0590
43040,P2,CASC,-149.40,-149.96,-206,R,29728,0.0646
43050,P2,CASC,-149.25,-150.05,-205,R,29668,0.0725
43060,P2,CASC,-149.10,-147.50,-206,R,29609,0.0565
43070,P2,CASC,-148.95,-152.44,-203,R,29548,0.0914
43080,P2,CASC,-148.80,-147.56,-206,R,29489,0.0790
43090,P2,CASC,-148.65,-149.99,-205,R,29429,0.0924
43100,P2,CASC,-148.50,-147.50,-206,R,29370,0.0824
43110,P2,CASC,-148.35,-147.41,-206,R,29311,0.0730
43120,P2,CASC,-148.20,-150.08,-204,R,29251,0.0917
43130,P2,CASC,-148.05,-147.50,-205,R,29192,0.0862
43140,P2,CASC,-147.90,-150.01,-204,R,29132,0.1074
43150,P2,CASC,-147.75,-150.00,-203,R,29072,0.1299
43160,P2,CASC,-147.60,-152.45,-201,R,29011,0.1784
43170,P2,CASC,-147.45,-152.56,-201,R,28950,0.2295
43180,P2,CASC,-147.30,-147.47,-204,R,28891,0.2312
43190,P2,CASC,-147.15,-147.47,-204,R,28832,0.2344
43200,P2,CASC,-147.00,-145.01,-205,R,28774,0.2146
43210,P2,CASC,-146.85,-145.03,-204,R,28716,0.1964
43220,P2,CASC,-146.70,-150.01,-202,R,28656,0.2295
43230,P2,CASC,-146.55,-145.00,-204,R,28598,0.2140
43240,P2,CASC,-146.40,-147.47,-203,R,28539,0.2247
43250,P2,CASC,-146.25,-142.51,-205,R,28482,0.1874
43260,P2,CASC,-146.10,-145.00,-204,R,28424,0.1764
43270,P2,CASC,-145.95,-145.00,-204,R,28366,0.1669
43280,P2,CASC,-145.80,-145.01,-204,R,28308,0.1590
43290,P2,CASC,-145.65,-142.50,-204,R,28251,0.1275
43300,P2,CASC,-145.50,-139.99,-205,R,28195,0.0724
43310,P2,CASC,-145.35,-142.51,-204,R,28138,0.0440
43320,P2,CASC,-145.20,-139.96,-205,R,28082,-0.0084
43330,P2,CASC,-145.05,-144.99,-203,R,28024,-0.0090
43340,P2,CASC,-144.90,-147.53,-202,R,27965,0.0173
43350,P2,CASC,-144.75,-145.00,-203,R,27907,0.0198
43360,P2,CASC,-144.60,-150.03,-199,R,27847,0.0741
43370,P2,CASC,-144.45,-147.47,-201,R,27788,0.1043
43380,P2,CASC,-144.30,-147.47,-201,R,27729,0.1360
43390,P2,CASC,-144.15,-145.00,-202,R,27671,0.1445
43400,P2,CASC,-144.00,-145.04,-202,R,27613,0.1549
43410,P2,CASC,-143.85,-142.49,-203,R,27556,0.1413
43420,P2,CASC,-143.70,-142.51,-203,R,27499,0.1294
43430,P2,CASC,-143.55,-142.51,-202,R,27442,0.1190
43440,P2,CASC,-143.40,-145.00,-201,R,27384,0.1350
43450,P2,CASC,-143.25,-144.88,-201,R,27326,0.1514
43460,P2,CASC,-143.10,-140.07,-203,R,27270,0.1211
43470,P2,CASC,-142.95,-144.99,-200,R,27212,0.1414
43480,P2,CASC,-142.80,-140.03,-202,R,27156,0.1137
43490,P2,CASC,-142.65,-145.00,-200,R,27098,0.1372
43500,P2,CASC,-142.50,-140.01,-202,R,27042,0.1124
43510,P2,CASC,-142.35,-142.50,-201,R,26985,0.1139
43520,P2,CASC,-142.20,-137.46,-203,R,26930,0.0664
43530,P2,CASC,-142.05,-142.54,-201,R,26873,0.0714
43540,P2,CASC,-141.90,-140.00,-202,R,26817,0.0524
43550,P2,CASC,-141.75,-142.50,-201,R,26760,0.0599
43560,P2,CASC,-141.60,-142.50,-201,R,26703,0.0689
43570,P2,CASC,-141.45,-142.49,-200,R,26646,0.0792
43580,P2,CASC,-141.30,-142.47,-200,R,26589,0.0909
43590,P2,CASC,-141.15,-145.01,-198,R,26531,0.1296
43600,P2,CASC,-141.00,-142.50,-200,R,26474,0.1446
43610,P2,CASC,-140.85,-137.49,-201,R,26419,0.1110
43620,P2,CASC,-140.70,-137.53,-201,R,26364,0.0792
43630,P2,CASC,-140.55,-137.49,-201,R,26309,0.0486
43640,P2,CASC,-140.40,-142.49,-199,R,26252,0.0695
43650,P2,CASC,-140.25,-137.56,-201,R,26197,0.0425
43660,P2,CASC,-140.10,-139.97,-200,R,26141,0.0412
43670,P2,CASC,-139.95,-137.49,-201,R,26086,0.0166
43680,P2,CASC,-139.80,-137.47,-201,R,26031,-0.0067
43690,P2,CASC,-139.65,-137.54,-201,R,25976,-0.0278
43700,P2,CASC,-139.50,-137.49,-201,R,25921,-0.0479
43710,P2,CASC,-139.35,-135.01,-201,R,25867,-0.0913
43720,P2,CASC,-139.20,-135.03,-201,R,25813,-0.1330
43730,P2,CASC,-139.05,-132.50,-202,R,25760,-0.1985
43740,P2,CASC,-138.90,-132.46,-202,R,25707,-0.2629
43750,P2,CASC,-138.75,-137.50,-201,R,25652,-0.2754
43760,P2,CASC,-138.60,-140.03,-199,R,25596,-0.2611
43770,P2,CASC,-138.45,-140.00,-199,R,25540,-0.2456
43780,P2,CASC,-138.30,-137.51,-200,R,25485,-0.2535
43790,P2,CASC,-138.15,-139.97,-199,R,25429,-0.2353
43800,P2,CASC,-138.00,-142.49,-197,R,25372,-0.1904
43810,P2,CASC,-137.85,-140.04,-198,R,25316,-0.1685
43820,P2,CASC,-137.70,-140.00,-198,R,25260,-0.1455
43830,P2,CASC,-137.55,-135.00,-200,R,25206,-0.1710
43840,P2,CASC,-137.40,-137.46,-199,R,25151,-0.1704
43850,P2,CASC,-137.25,-134.99,-200,R,25097,-0.1930
43860,P2,CASC,-137.10,-137.56,-199,R,25042,-0.1885
43870,P2,CASC,-136.95,-137.46,-198,R,24987,-0.1834
43880,P2,CASC,-136.80,-135.03,-199,R,24933,-0.2011
43890,P2,CASC,-136.65,-134.99,-199,R,24879,-0.2178
43900,P2,CASC,-136.50,-137.49,-198,R,24824,-0.2079
43910,P2,CASC,-136.35,-137.51,-198,R,24769,-0.1963
43920,P2,CASC,-136.20,-135.03,-199,R,24715,-0.2080
43930,P2,CASC,-136.05,-134.96,-199,R,24661,-0.2189
43940,P2,CASC,-135.90,-134.95,-199,R,24607,-0.2284
43950,P2,CASC,-135.75,-132.54,-199,R,24554,-0.2605
43960,P2,CASC,-135.60,-132.55,-199,R,24501,-0.2910
43970,P2,CASC,-135.45,-134.99,-198,R,24447,-0.2957
43980,P2,CASC,-135.30,-135.00,-198,R,24393,-0.2987
43990,P2,CASC,-135.15,-135.01,-198,R,24339,-0.3000
44000,P2,CASC,-135.00,-137.42,-196,R,24284,-0.2758
44010,P2,CASC,-134.85,-135.08,-198,R,24230,-0.2735
44020,P2,CASC,-134.70,-137.49,-196,R,24175,-0.2457
44030,P2,CASC,-134.55,-135.00,-197,R,24121,-0.2412
44040,P2,CASC,-134.40,-134.97,-197,R,24067,-0.2354
44050,P2,CASC,-134.25,-132.49,-198,R,24014,-0.2531
44060,P2,CASC,-134.10,-132.54,-198,R,23961,-0.2687
44070,P2,CASC,-133.95,-129.99,-198,R,23909,-0.3083
44080,P2,CASC,-133.80,-135.03,-196,R,23855,-0.2960
44090,P2,CASC,-133.65,-129.99,-198,R,23803,-0.3327
44100,P2,CASC,-133.50,-135.01,-196,R,23749,-0.3175
44110,P2,CASC,-133.35,-129.97,-198,R,23697,-0.3513
44120,P2,CASC,-133.20,-130.03,-198,R,23645,-0.3830
44130,P2,CASC,-133.05,-129.96,-198,R,23593,-0.4139
44140,P2,CASC,-132.90,-132.51,-197,R,23540,-0.4178
44150,P2,CASC,-132.75,-129.99,-198,R,23488,-0.4454
44160,P2,CASC,-132.60,-127.51,-198,R,23437,-0.4963
44170,P2,CASC,-132.45,-127.50,-198,R,23386,-0.5458
44180,P2,CASC,-132.30,-127.50,-198,R,23335,-0.5938
44190,P2,CASC,-132.15,-127.49,-198,R,23284,-0.6404
44200,P2,CASC,-132.00,-129.99,-198,R,23232,-0.6605
44210,P2,CASC,-131.85,-132.53,-196,R,23179,-0.6538
44220,P2,CASC,-131.70,-132.50,-196,R,23126,-0.6458
44230,P2,CASC,-131.55,-132.50,-196,R,23073,-0.6363
44240,P2,CASC,-131.40,-132.47,-196,R,23020,-0.6255
44250,P2,CASC,-131.25,-135.00,-194,R,22966,-0.5880
44260,P2,CASC,-131.10,-132.53,-195,R,22913,-0.5738
44270,P2,CASC,-130.95,-132.51,-195,R,22860,-0.5581
44280,P2,CASC,-130.80,-129.90,-196,R,22808,-0.5672
44290,P2,CASC,-130.65,-127.59,-197,R,22757,-0.5978
44300,P2,CASC,-130.50,-129.95,-196,R,22705,-0.6033
44310,P2,CASC,-130.35,-127.58,-197,R,22654,-0.6310
44320,P2,CASC,-130.20,-129.96,-196,R,22602,-0.6334
44330,P2,CASC,-130.05,-132.54,-194,R,22549,-0.6085
44340,P2,CASC,-129.90,-127.46,-196,R,22498,-0.6329
44350,P2,CASC,-129.75,-127.50,-196,R,22447,-0.6554
44360,P2,CASC,-129.60,-130.03,-195,R,22395,-0.6512
44370,P2,CASC,-129.45,-129.90,-195,R,22343,-0.6467
44380,P2,CASC,-129.30,-127.59,-196,R,22292,-0.6638
44390,P2,CASC,-129.15,-127.49,-196,R,22241,-0.6804
44400,P2,CASC,-129.00,-127.54,-196,R,22190,-0.6951
44410,P2,CASC,-128.85,-127.50,-196,R,22139,-0.7086
44420,P2,CASC,-128.70,-124.96,-196,R,22089,-0.7459
44430,P2,CASC,-128.55,-127.53,-195,R,22038,-0.7562
44440,P2,CASC,-128.40,-127.46,-195,R,21987,-0.7656
44450,P2,CASC,-128.25,-130.03,-194,R,21935,-0.7478
44460,P2,CASC,-128.10,-127.49,-195,R,21884,-0.7539
44470,P2,CASC,-127.95,-130.01,-193,R,21832,-0.7333
44480,P2,CASC,-127.80,-130.01,-193,R,21780,-0.7112
44490,P2,CASC,-127.65,-127.49,-195,R,21729,-0.7128
44500,P2,CASC,-127.50,-127.49,-194,R,21678,-0.7129
44510,P2,CASC,-127.35,-127.51,-194,R,21627,-0.7113
44520,P2,CASC,-127.20,-122.50,-196,R,21578,-0.7583
44530,P2,CASC,-127.05,-125.03,-195,R,21528,-0.7785
44540,P2,CASC,-126.90,-124.96,-195,R,21478,-0.7979
44550,P2,CASC,-126.75,-127.54,-193,R,21427,-0.7900
44560,P2,CASC,-126.60,-124.98,-195,R,21377,-0.8063
44570,P2,CASC,-126.45,-125.00,-194,R,21327,-0.8208
44580,P2,CASC,-126.30,-122.50,-195,R,21278,-0.8588
44590,P2,CASC,-126.15,-125.00,-194,R,21228,-0.8703
44600,P2,CASC,-126.00,-122.50,-195,R,21179,-0.9053
44610,P2,CASC,-125.85,-124.98,-194,R,21129,-0.9140
44620,P2,CASC,-125.70,-122.55,-195,R,21080,-0.9455
44630,P2,CASC,-125.55,-122.49,-195,R,21031,-0.9762
44640,P2,CASC,-125.40,-117.46,-196,R,20984,-1.0555
44650,P2,CASC,-125.25,-120.01,-195,R,20936,-1.1079
44660,P2,CASC,-125.10,-122.54,-195,R,20887,-1.1335
44670,P2,CASC,-124.95,-124.99,-194,R,20837,-1.1332
44680,P2,CASC,-124.80,-122.49,-195,R,20788,-1.1563
44690,P2,CASC,-124.65,-127.49,-192,R,20737,-1.1279
44700,P2,CASC,-124.50,-125.01,-193,R,20687,-1.1228
44710,P2,CASC,-124.35,-124.99,-193,R,20637,-1.1164
44720,P2,CASC,-124.20,-127.53,-191,R,20586,-1.0831
44730,P2,CASC,-124.05,-124.99,-192,R,20536,-1.0738
44740,P2,CASC,-123.90,-125.01,-192,R,20486,-1.0626
44750,P2,CASC,-123.75,-125.01,-192,R,20436,-1.0500
44760,P2,CASC,-123.60,-120.00,-194,R,20388,-1.0860
44770,P2,CASC,-123.45,-124.98,-191,R,20338,-1.0708
44780,P2,CASC,-123.30,-122.50,-193,R,20289,-1.0788
44790,P2,CASC,-123.15,-120.02,-194,R,20241,-1.1100
44800,P2,CASC,-123.00,-122.46,-193,R,20192,-1.1154
44810,P2,CASC,-122.85,-122.54,-193,R,20143,-1.1185
44820,P2,CASC,-122.70,-122.46,-193,R,20094,-1.1209
44830,P2,CASC,-122.55,-122.52,-192,R,20045,-1.1212
44840,P2,CASC,-122.40,-120.01,-193,R,19997,-1.1450
44850,P2,CASC,-122.25,-122.50,-192,R,19948,-1.1425
44860,P2,CASC,-122.10,-122.48,-192,R,19899,-1.1388
44870,P2,CASC,-121.95,-122.50,-191,R,19850,-1.1333
44880,P2,CASC,-121.80,-120.00,-193,R,19802,-1.1513
44890,P2,CASC,-121.65,-120.01,-192,R,19754,-1.1677
44900,P2,CASC,-121.50,-117.48,-193,R,19707,-1.2079
44910,P2,CASC,-121.35,-120.00,-192,R,19659,-1.2214
44920,P2,CASC,-121.20,-120.02,-192,R,19611,-1.2332
44930,P2,CASC,-121.05,-122.51,-190,R,19562,-1.2185
44940,P2,CASC,-120.90,-119.98,-192,R,19514,-1.2278
44950,P2,CASC,-120.75,-122.50,-190,R,19465,-1.2103
44960,P2,CASC,-120.60,-119.99,-192,R,19417,-1.2164
44970,P2,CASC,-120.45,-122.52,-190,R,19368,-1.1956
44980,P2,CASC,-120.30,-119.98,-191,R,19320,-1.1989
44990,P2,CASC,-120.15,-119.99,-191,R,19272,-1.2005
45000,P2,CASC,-120.00,-120.05,-191,R,19224,-1.2000
45010,P2,CASC,-119.85,-114.99,-192,R,19178,-1.2486
45020,P2,CASC,-119.70,-117.50,-192,R,19131,-1.2706
45030,P2,CASC,-119.55,-120.01,-190,R,19083,-1.2660
45040,P2,CASC,-119.40,-117.49,-191,R,19036,-1.2851
45050,P2,CASC,-119.25,-117.51,-191,R,18989,-1.3025
45060,P2,CASC,-119.10,-117.49,-191,R,18942,-1.3186
45070,P2,CASC,-118.95,-117.51,-191,R,18895,-1.3330
45080,P2,CASC,-118.80,-117.50,-191,R,18848,-1.3460
45090,P2,CASC,-118.65,-114.95,-192,R,18802,-1.3830
45100,P2,CASC,-118.50,-117.55,-191,R,18755,-1.3925
45110,P2,CASC,-118.35,-114.97,-192,R,18709,-1.4264
45120,P2,CASC,-118.20,-117.54,-191,R,18662,-1.4330
45130,P2,CASC,-118.05,-112.48,-192,R,18617,-1.4887
45140,P2,CASC,-117.90,-112.51,-192,R,18572,-1.5426
45150,P2,CASC,-117.75,-112.48,-192,R,18527,-1.5953
45160,P2,CASC,-117.60,-115.02,-191,R,18481,-1.6211
45170,P2,CASC,-117.45,-114.98,-191,R,18435,-1.6458
45180,P2,CASC,-117.30,-117.54,-190,R,18388,-1.6435
45190,P2,CASC,-117.15,-117.46,-190,R,18341,-1.6403
45200,P2,CASC,-117.00,-117.50,-189,R,18294,-1.6353
45210,P2,CASC,-116.85,-120.01,-188,R,18246,-1.6037
45220,P2,CASC,-116.70,-117.48,-189,R,18199,-1.5960
45230,P2,CASC,-116.55,-117.54,-189,R,18152,-1.5861
45240,P2,CASC,-116.40,-117.46,-189,R,18105,-1.5755
45250,P2,CASC,-116.25,-117.51,-188,R,18058,-1.5628
45260,P2,CASC,-116.10,-112.51,-191,R,18013,-1.5987
45270,P2,CASC,-115.95,-114.99,-190,R,17967,-1.6083
45280,P2,CASC,-115.80,-112.51,-190,R,17922,-1.6412
45290,P2,CASC,-115.65,-115.00,-190,R,17876,-1.6477
45300,P2,CASC,-115.50,-114.99,-190,R,17830,-1.6528
45310,P2,CASC,-115.35,-115.03,-190,R,17784,-1.6560
45320,P2,CASC,-115.20,-115.00,-189,R,17738,-1.6580
45330,P2,CASC,-115.05,-114.95,-189,R,17692,-1.6590
45340,P2,CASC,-114.90,-115.01,-188,R,17646,-1.6578
45350,P2,CASC,-114.75,-112.51,-190,R,17601,-1.6802
45360,P2,CASC,-114.60,-114.99,-188,R,17555,-1.6763
45370,P2,CASC,-114.45,-115.00,-188,R,17509,-1.6708
45380,P2,CASC,-114.30,-115.02,-188,R,17463,-1.6636
45390,P2,CASC,-114.15,-110.00,-190,R,17419,-1.7051
45400,P2,CASC,-114.00,-112.50,-189,R,17374,-1.7201
45410,P2,CASC,-113.85,-112.49,-189,R,17329,-1.7337
45420,P2,CASC,-113.70,-112.50,-189,R,17284,-1.7457
45430,P2,CASC,-113.55,-112.51,-189,R,17239,-1.7561
45440,P2,CASC,-113.40,-112.50,-189,R,17194,-1.7651
45450,P2,CASC,-113.25,-112.48,-189,R,17149,-1.7728
45460,P2,CASC,-113.10,-115.00,-186,R,17103,-1.7538
45470,P2,CASC,-112.95,-112.52,-188,R,17058,-1.7581
45480,P2,CASC,-112.80,-112.51,-188,R,17013,-1.7610
45490,P2,CASC,-112.65,-115.00,-186,R,16967,-1.7375
45500,P2,CASC,-112.50,-114.97,-186,R,16921,-1.7128
45510,P2,CASC,-112.35,-112.52,-187,R,16876,-1.7111
45520,P2,CASC,-112.20,-110.01,-188,R,16832,-1.7330
45530,P2,CASC,-112.05,-107.47,-189,R,16789,-1.7788
45540,P2,CASC,-111.90,-109.99,-188,R,16745,-1.7979
45550,P2,CASC,-111.75,-110.01,-188,R,16701,-1.8153
45560,P2,CASC,-111.60,-112.53,-186,R,16656,-1.8060
45570,P2,CASC,-111.45,-110.00,-188,R,16612,-1.8205
45580,P2,CASC,-111.30,-110.00,-188,R,16568,-1.8335
45590,P2,CASC,-111.15,-109.99,-188,R,16524,-1.8451
45600,P2,CASC,-111.00,-110.01,-188,R,16480,-1.8550
45610,P2,CASC,-110.85,-107.46,-188,R,16437,-1.8889
45620,P2,CASC,-110.70,-110.02,-187,R,16393,-1.8957
45630,P2,CASC,-110.55,-110.01,-187,R,16349,-1.9011
45640,P2,CASC,-110.40,-107.51,-188,R,16306,-1.9300
45650,P2,CASC,-110.25,-109.99,-187,R,16262,-1.9326
45660,P2,CASC,-110.10,-105.00,-188,R,16220,-1.9836
45670,P2,CASC,-109.95,-105.00,-188,R,16178,-2.0331
45680,P2,CASC,-109.80,-105.01,-188,R,16136,-2.0810
45690,P2,CASC,-109.65,-107.50,-188,R,16093,-2.1025
45700,P2,CASC,-109.50,-107.48,-188,R,16050,-2.1227
45710,P2,CASC,-109.35,-107.51,-187,R,16007,-2.1411
45720,P2,CASC,-109.20,-112.48,-184,R,15962,-2.1083
45730,P2,CASC,-109.05,-107.50,-187,R,15919,-2.1238
45740,P2,CASC,-108.90,-110.03,-185,R,15875,-2.1125
45750,P2,CASC,-108.75,-109.96,-185,R,15831,-2.1004
45760,P2,CASC,-108.60,-112.55,-183,R,15786,-2.0610
45770,P2,CASC,-108.45,-109.99,-184,R,15742,-2.0456
45780,P2,CASC,-108.30,-107.48,-186,R,15699,-2.0538
45790,P2,CASC,-108.15,-110.01,-184,R,15655,-2.0352
45800,P2,CASC,-108.00,-104.99,-187,R,15613,-2.0653
45810,P2,CASC,-107.85,-105.02,-187,R,15571,-2.0936
45820,P2,CASC,-107.70,-107.48,-186,R,15528,-2.0958
45830,P2,CASC,-107.55,-107.50,-186,R,15485,-2.0963
45840,P2,CASC,-107.40,-107.51,-185,R,15442,-2.0952
45850,P2,CASC,-107.25,-104.98,-186,R,15400,-2.1179
45860,P2,CASC,-107.10,-110.03,-183,R,15356,-2.0886
45870,P2,CASC,-106.95,-105.01,-186,R,15314,-2.1080
45880,P2,CASC,-106.80,-105.00,-186,R,15272,-2.1260
45890,P2,CASC,-106.65,-107.47,-184,R,15229,-2.1178
45900,P2,CASC,-106.50,-107.53,-184,R,15186,-2.1075
45910,P2,CASC,-106.35,-107.49,-183,R,15143,-2.0961
45920,P2,CASC,-106.20,-104.99,-185,R,15101,-2.1082
45930,P2,CASC,-106.05,-107.50,-183,R,15058,-2.0937
45940,P2,CASC,-105.90,-102.50,-186,R,15017,-2.1277
45950,P2,CASC,-105.75,-105.02,-185,R,14975,-2.1350
45960,P2,CASC,-105.60,-104.96,-185,R,14933,-2.1414
45970,P2,CASC,-105.45,-105.04,-185,R,14891,-2.1455
45980,P2,CASC,-105.30,-102.47,-185,R,14850,-2.1738
45990,P2,CASC,-105.15,-105.00,-185,R,14808,-2.1753
46000,P2,CASC,-105.00,-105.02,-184,R,14766,-2.1751
46010,P2,CASC,-104.85,-104.97,-183,R,14724,-2.1739
46020,P2,CASC,-104.70,-105.04,-183,R,14682,-2.1705
46030,P2,CASC,-104.55,-104.97,-183,R,14640,-2.1663
46040,P2,CASC,-104.40,-105.03,-183,R,14598,-2.1600
46050,P2,CASC,-104.25,-104.99,-183,R,14556,-2.1526
46060,P2,CASC,-104.10,-105.01,-182,R,14514,-2.1435
46070,P2,CASC,-103.95,-104.96,-182,R,14472,-2.1334
46080,P2,CASC,-103.80,-100.04,-185,R,14432,-2.1710
46090,P2,CASC,-103.65,-100.00,-185,R,14392,-2.2075
46100,P2,CASC,-103.50,-102.49,-184,R,14351,-2.2176
46110,P2,CASC,-103.35,-99.99,-184,R,14311,-2.2512
46120,P2,CASC,-103.20,-105.02,-181,R,14269,-2.2330
46130,P2,CASC,-103.05,-102.46,-184,R,14228,-2.2389
46140,P2,CASC,-102.90,-100.04,-184,R,14188,-2.2675
46150,P2,CASC,-102.75,-102.48,-183,R,14147,-2.2702
46160,P2,CASC,-102.60,-102.45,-183,R,14106,-2.2717
46170,P2,CASC,-102.45,-97.56,-184,R,14067,-2.3206
46180,P2,CASC,-102.30,-102.51,-182,R,14026,-2.3185
46190,P2,CASC,-102.15,-99.97,-184,R,13986,-2.3403
46200,P2,CASC,-102.00,-102.51,-182,R,13945,-2.3352
46210,P2,CASC,-101.85,-97.52,-184,R,13906,-2.3785
46220,P2,CASC,-101.70,-102.49,-181,R,13865,-2.3706
46230,P2,CASC,-101.55,-94.98,-185,R,13827,-2.4363
46240,P2,CASC,-101.40,-97.53,-184,R,13788,-2.4750
46250,P2,CASC,-101.25,-97.50,-184,R,13749,-2.5125
46260,P2,CASC,-101.10,-97.49,-184,R,13710,-2.5486
46270,P2,CASC,-100.95,-97.47,-184,R,13671,-2.5834
46280,P2,CASC,-100.80,-102.52,-181,R,13630,-2.5662
46290,P2,CASC,-100.65,-99.99,-183,R,13590,-2.5728
46300,P2,CASC,-100.50,-100.03,-183,R,13550,-2.5775
46310,P2,CASC,-100.35,-102.50,-180,R,13509,-2.5560
46320,P2,CASC,-100.20,-99.99,-183,R,13469,-2.5581
46330,P2,CASC,-100.05,-102.50,-180,R,13428,-2.5336
46340,P2,CASC,-99.90,-102.51,-179,R,13387,-2.5075
46350,P2,CASC,-99.75,-99.97,-181,R,13347,-2.5053
46360,P2,CASC,-99.60,-100.00,-181,R,13307,-2.5013
46370,P2,CASC,-99.45,-102.45,-179,R,13266,-2.4713
46380,P2,CASC,-99.30,-97.56,-182,R,13227,-2.4887
46390,P2,CASC,-99.15,-97.51,-182,R,13188,-2.5051
46400,P2,CASC,-99.00,-97.50,-182,R,13149,-2.5201
46410,P2,CASC,-98.85,-97.50,-182,R,13110,-2.5336
46420,P2,CASC,-98.70,-100.00,-180,R,13070,-2.5206
46430,P2,CASC,-98.55,-97.49,-181,R,13031,-2.5312
46440,P2,CASC,-98.40,-100.01,-179,R,12991,-2.5151
46450,P2,CASC,-98.25,-97.47,-181,R,12952,-2.5229
46460,P2,CASC,-98.10,-97.53,-181,R,12913,-2.5286
46470,P2,CASC,-97.95,-97.49,-181,R,12874,-2.5332
46480,P2,CASC,-97.80,-97.49,-181,R,12835,-2.5363
46490,P2,CASC,-97.65,-97.53,-181,R,12796,-2.5375
46500,P2,CASC,-97.50,-99.97,-178,R,12756,-2.5128
46510,P2,CASC,-97.35,-97.53,-179,R,12717,-2.5110
46520,P2,CASC,-97.20,-97.47,-179,R,12678,-2.5083
46530,P2,CASC,-97.05,-97.52,-179,R,12639,-2.5036
46540,P2,CASC,-96.90,-97.51,-179,R,12600,-2.4975
46550,P2,CASC,-96.75,-94.99,-180,R,12562,-2.5151
46560,P2,CASC,-96.60,-95.00,-180,R,12524,-2.5311
46570,P2,CASC,-96.45,-97.49,-178,R,12485,-2.5207
46580,P2,CASC,-96.30,-95.00,-180,R,12447,-2.5337
46590,P2,CASC,-96.15,-95.02,-180,R,12409,-2.5450
46600,P2,CASC,-96.00,-97.48,-178,R,12370,-2.5302
46610,P2,CASC,-95.85,-95.02,-180,R,12332,-2.5386
46620,P2,CASC,-95.70,-97.47,-177,R,12293,-2.5208
46630,P2,CASC,-95.55,-95.03,-179,R,12255,-2.5261
46640,P2,CASC,-95.40,-95.00,-179,R,12217,-2.5301
46650,P2,CASC,-95.25,-97.46,-176,R,12178,-2.5079
46660,P2,CASC,-95.10,-97.54,-176,R,12139,-2.4836
46670,P2,CASC,-94.95,-94.98,-178,R,12101,-2.4832
46680,P2,CASC,-94.80,-95.01,-177,R,12063,-2.4812
46690,P2,CASC,-94.65,-92.47,-179,R,12026,-2.5029
46700,P2,CASC,-94.50,-92.53,-179,R,11989,-2.5227
46710,P2,CASC,-94.35,-92.49,-179,R,11952,-2.5412
46720,P2,CASC,-94.20,-90.00,-179,R,11916,-2.5832
46730,P2,CASC,-94.05,-95.02,-177,R,11878,-2.5736
46740,P2,CASC,-93.90,-94.98,-176,R,11840,-2.5627
46750,P2,CASC,-93.75,-90.02,-179,R,11804,-2.6001
46760,P2,CASC,-93.60,-94.99,-176,R,11766,-2.5862
46770,P2,CASC,-93.45,-92.51,-178,R,11729,-2.5956
46780,P2,CASC,-93.30,-92.47,-178,R,11692,-2.6038
46790,P2,CASC,-93.15,-92.53,-178,R,11655,-2.6101
46800,P2,CASC,-93.00,-89.97,-178,R,11619,-2.6403
46810,P2,CASC,-92.85,-92.50,-178,R,11582,-2.6438
46820,P2,CASC,-92.70,-92.52,-177,R,11545,-2.6457
46830,P2,CASC,-92.55,-90.00,-178,R,11509,-2.6712
46840,P2,CASC,-92.40,-92.48,-176,R,11472,-2.6703
46850,P2,CASC,-92.25,-90.01,-178,R,11436,-2.6927
46860,P2,CASC,-92.10,-87.49,-178,R,11401,-2.7388
46870,P2,CASC,-91.95,-90.01,-178,R,11365,-2.7582
46880,P2,CASC,-91.80,-85.01,-179,R,11331,-2.8262
46890,P2,CASC,-91.65,-90.00,-178,R,11295,-2.8427
46900,P2,CASC,-91.50,-90.00,-178,R,11259,-2.8577
46910,P2,CASC,-91.35,-89.99,-177,R,11223,-2.8713
46920,P2,CASC,-91.20,-92.49,-175,R,11186,-2.8583
46930,P2,CASC,-91.05,-90.03,-177,R,11150,-2.8686
46940,P2,CASC,-90.90,-92.49,-175,R,11113,-2.8527
46950,P2,CASC,-90.75,-90.01,-177,R,11077,-2.8601
46960,P2,CASC,-90.60,-92.48,-174,R,11040,-2.8413
46970,P2,CASC,-90.45,-92.50,-174,R,11003,-2.8208
46980,P2,CASC,-90.30,-92.51,-174,R,10966,-2.7987
46990,P2,CASC,-90.15,-89.98,-176,R,10930,-2.8003
47000,P2,CASC,-90.00,-90.02,-175,R,10894,-2.8002
47010,P2,CASC,-89.85,-92.48,-173,R,10857,-2.7739
47020,P2,CASC,-89.70,-87.49,-176,R,10822,-2.7959
47030,P2,CASC,-89.55,-87.53,-176,R,10787,-2.8162
47040,P2,CASC,-89.40,-89.99,-174,R,10751,-2.8103
47050,P2,CASC,-89.25,-87.50,-176,R,10716,-2.8278
47060,P2,CASC,-89.10,-90.01,-174,R,10680,-2.8187
47070,P2,CASC,-88.95,-87.48,-176,R,10645,-2.8334
47080,P2,CASC,-88.80,-87.53,-176,R,10610,-2.8461
47090,P2,CASC,-88.65,-92.48,-171,R,10573,-2.8078
47100,P2,CASC,-88.50,-87.48,-175,R,10538,-2.8180
47110,P2,CASC,-88.35,-87.50,-175,R,10503,-2.8265
47120,P2,CASC,-88.20,-90.02,-172,R,10467,-2.8083
47130,P2,CASC,-88.05,-87.50,-175,R,10432,-2.8138
47140,P2,CASC,-87.90,-90.02,-172,R,10396,-2.7926
47150,P2,CASC,-87.75,-89.97,-172,R,10360,-2.7704
47160,P2,CASC,-87.60,-90.01,-172,R,10324,-2.7463
47170,P2,CASC,-87.45,-87.51,-173,R,10289,-2.7457
47180,P2,CASC,-87.30,-89.97,-171,R,10253,-2.7190
47190,P2,CASC,-87.15,-87.52,-172,R,10218,-2.7153
47200,P2,CASC,-87.00,-87.51,-172,R,10183,-2.7102
47210,P2,CASC,-86.85,-89.99,-170,R,10147,-2.6788
47220,P2,CASC,-86.70,-85.02,-174,R,10113,-2.6956
47230,P2,CASC,-86.55,-89.97,-170,R,10077,-2.6614
47240,P2,CASC,-86.40,-84.99,-173,R,10043,-2.6755
47250,P2,CASC,-86.25,-87.54,-171,R,10008,-2.6626
47260,P2,CASC,-86.10,-89.99,-169,R,9972,-2.6237
47270,P2,CASC,-85.95,-84.98,-173,R,9938,-2.6334
47280,P2,CASC,-85.80,-87.51,-170,R,9903,-2.6163
47290,P2,CASC,-85.65,-87.52,-170,R,9868,-2.5976
47300,P2,CASC,-85.50,-89.98,-168,R,9832,-2.5528
47310,P2,CASC,-85.35,-84.99,-172,R,9798,-2.5564
47320,P2,CASC,-85.20,-90.03,-168,R,9762,-2.5081
47330,P2,CASC,-85.05,-87.50,-169,R,9727,-2.4836
47340,P2,CASC,-84.90,-84.97,-171,R,9693,-2.4829
47350,P2,CASC,-84.75,-87.52,-169,R,9658,-2.4552
47360,P2,CASC,-84.60,-85.01,-170,R,9624,-2.4511
47370,P2,CASC,-84.45,-82.49,-172,R,9591,-2.4707
47380,P2,CASC,-84.30,-84.99,-170,R,9557,-2.4638
47390,P2,CASC,-84.15,-84.99,-169,R,9523,-2.4554
47400,P2,CASC,-84.00,-85.03,-169,R,9489,-2.4451
47410,P2,CASC,-83.85,-87.47,-167,R,9454,-2.4089
47420,P2,CASC,-83.70,-85.00,-169,R,9420,-2.3959
47430,P2,CASC,-83.55,-85.01,-168,R,9386,-2.3813
47440,P2,CASC,-83.40,-84.98,-168,R,9352,-2.3654
47450,P2,CASC,-83.25,-87.51,-166,R,9317,-2.3229
47460,P2,CASC,-83.10,-84.99,-168,R,9283,-2.3039
47470,P2,CASC,-82.95,-82.50,-170,R,9250,-2.3084
47480,P2,CASC,-82.80,-85.00,-167,R,9216,-2.2864
47490,P2,CASC,-82.65,-85.03,-167,R,9182,-2.2626
47500,P2,CASC,-82.50,-84.97,-167,R,9148,-2.2379
47510,P2,CASC,-82.35,-85.03,-166,R,9114,-2.2111
47520,P2,CASC,-82.20,-85.00,-166,R,9080,-2.1831
47530,P2,CASC,-82.05,-82.50,-168,R,9047,-2.1786
47540,P2,CASC,-81.90,-82.48,-167,R,9014,-2.1728
47550,P2,CASC,-81.75,-82.51,-167,R,8981,-2.1652
47560,P2,CASC,-81.60,-82.51,-167,R,8948,-2.1561
47570,P2,CASC,-81.45,-79.98,-169,R,8916,-2.1708
47580,P2,CASC,-81.30,-85.00,-165,R,8882,-2.1338
47590,P2,CASC,-81.15,-82.51,-166,R,8849,-2.1202
47600,P2,CASC,-81.00,-84.97,-164,R,8815,-2.0804
47610,P2,CASC,-80.85,-85.03,-164,R,8781,-2.0386
47620,P2,CASC,-80.70,-82.50,-165,R,8748,-2.0206
47630,P2,CASC,-80.55,-87.47,-162,R,8713,-1.9514
47640,P2,CASC,-80.40,-82.52,-165,R,8680,-1.9301
47650,P2,CASC,-80.25,-87.49,-161,R,8645,-1.8577
47660,P2,CASC,-80.10,-85.01,-163,R,8611,-1.8086
47670,P2,CASC,-79.95,-84.97,-162,R,8577,-1.7584
47680,P2,CASC,-79.80,-85.02,-162,R,8543,-1.7062
47690,P2,CASC,-79.65,-84.97,-162,R,8509,-1.6530
47700,P2,CASC,-79.50,-85.00,-161,R,8475,-1.5980
47710,P2,CASC,-79.35,-82.52,-163,R,8442,-1.5663
47720,P2,CASC,-79.20,-82.51,-162,R,8409,-1.5332
47730,P2,CASC,-79.05,-80.01,-164,R,8377,-1.5236
47740,P2,CASC,-78.90,-84.99,-160,R,8343,-1.4627
47750,P2,CASC,-78.75,-82.49,-162,R,8310,-1.4253
47760,P2,CASC,-78.60,-82.48,-161,R,8277,-1.3865
47770,P2,CASC,-78.45,-82.52,-161,R,8244,-1.3458
47780,P2,CASC,-78.30,-82.49,-161,R,8211,-1.3039
47790,P2,CASC,-78.15,-85.03,-159,R,8177,-1.2351
47800,P2,CASC,-78.00,-84.97,-158,R,8143,-1.1655
47810,P2,CASC,-77.85,-80.02,-161,R,8111,-1.1438
47820,P2,CASC,-77.70,-82.51,-159,R,8078,-1.0957
47830,P2,CASC,-77.55,-85.01,-158,R,8044,-1.0211
47840,P2,CASC,-77.40,-80.00,-161,R,8012,-0.9951
47850,P2,CASC,-77.25,-84.97,-157,R,7978,-0.9179
47860,P2,CASC,-77.10,-85.02,-157,R,7944,-0.8387
47870,P2,CASC,-76.95,-82.51,-158,R,7911,-0.7831
47880,P2,CASC,-76.80,-82.48,-158,R,7878,-0.7264
47890,P2,CASC,-76.65,-82.50,-157,R,7845,-0.6679
47900,P2,CASC,-76.50,-80.02,-159,R,7813,-0.6327
47910,P2,CASC,-76.35,-82.48,-157,R,7780,-0.5714
47920,P2,CASC,-76.20,-80.02,-158,R,7748,-0.5331
47930,P2,CASC,-76.05,-79.98,-158,R,7716,-0.4939
47940,P2,CASC,-75.90,-82.47,-156,R,7683,-0.4282
47950,P2,CASC,-75.75,-80.05,-157,R,7651,-0.3852
47960,P2,CASC,-75.60,-77.49,-158,R,7620,-0.3663
47970,P2,CASC,-75.45,-80.00,-157,R,7588,-0.3208
47980,P2,CASC,-75.30,-82.52,-155,R,7555,-0.2486
47990,P2,CASC,-75.15,-77.50,-158,R,7524,-0.2251
48000,P2,CASC,-75.00,-80.00,-156,R,7492,-0.1751
48010,P2,CASC,-74.85,-79.98,-155,R,7460,-0.1239
48020,P2,CASC,-74.70,-80.01,-155,R,7428,-0.0708
48030,P2,CASC,-74.55,-80.01,-155,R,7396,-0.0162
48040,P2,CASC,-74.40,-80.01,-154,R,7364,0.0399
48050,P2,CASC,-74.25,-77.48,-156,R,7333,0.0721
48060,P2,CASC,-74.10,-77.49,-156,R,7302,0.1060
48070,P2,CASC,-73.95,-77.52,-155,R,7271,0.1417
48080,P2,CASC,-73.80,-77.51,-155,R,7240,0.1788
48090,P2,CASC,-73.65,-75.00,-156,R,7210,0.1923
48100,P2,CASC,-73.50,-74.99,-156,R,7180,0.2071
48110,P2,CASC,-73.35,-77.50,-154,R,7149,0.2486
48120,P2,CASC,-73.20,-75.01,-156,R,7119,0.2668
48130,P2,CASC,-73.05,-77.51,-154,R,7088,0.3114
48140,P2,CASC,-72.90,-74.99,-155,R,7058,0.3323
48150,P2,CASC,-72.75,-77.48,-153,R,7027,0.3796
48160,P2,CASC,-72.60,-77.51,-153,R,6996,0.4287
48170,P2,CASC,-72.45,-74.99,-154,R,6966,0.4541
48180,P2,CASC,-72.30,-77.52,-152,R,6935,0.5063
48190,P2,CASC,-72.15,-74.99,-154,R,6905,0.5346
48200,P2,CASC,-72.00,-72.51,-155,R,6876,0.5397
48210,P2,CASC,-71.85,-77.51,-152,R,6845,0.5963
48220,P2,CASC,-71.70,-72.51,-155,R,6816,0.6044
48230,P2,CASC,-71.55,-77.48,-151,R,6785,0.6637
48240,P2,CASC,-71.40,-74.99,-152,R,6755,0.6996
48250,P2,CASC,-71.25,-75.01,-152,R,6725,0.7373
48260,P2,CASC,-71.10,-72.50,-154,R,6696,0.7513
48270,P2,CASC,-70.95,-75.01,-152,R,6666,0.7918
48280,P2,CASC,-70.80,-69.99,-154,R,6638,0.7838
48290,P2,CASC,-70.65,-72.49,-153,R,6609,0.8021
48300,P2,CASC,-70.50,-70.01,-154,R,6581,0.7972
48310,P2,CASC,-70.35,-72.49,-152,R,6552,0.8186
48320,P2,CASC,-70.20,-70.00,-153,R,6524,0.8166
48330,P2,CASC,-70.05,-72.52,-152,R,6495,0.8413
48340,P2,CASC,-69.90,-72.51,-152,R,6466,0.8673
48350,P2,CASC,-69.75,-72.50,-152,R,6437,0.8948
48360,P2,CASC,-69.60,-72.50,-151,R,6408,0.9238
48370,P2,CASC,-69.45,-72.50,-151,R,6379,0.9543
48380,P2,CASC,-69.30,-72.48,-151,R,6350,0.9861
48390,P2,CASC,-69.15,-72.52,-150,R,6321,1.0198
48400,P2,CASC,-69.00,-72.49,-150,R,6292,1.0547
48410,P2,CASC,-68.85,-72.50,-150,R,6263,1.0912
48420,P2,CASC,-68.70,-72.49,-150,R,6234,1.1291
48430,P2,CASC,-68.55,-72.49,-149,R,6205,1.1686
48440,P2,CASC,-68.40,-72.53,-149,R,6176,1.2098
48450,P2,CASC,-68.25,-69.99,-151,R,6148,1.2273
48460,P2,CASC,-68.10,-69.98,-150,R,6120,1.2461
48470,P2,CASC,-67.95,-72.50,-148,R,6091,1.2916
48480,P2,CASC,-67.80,-70.03,-150,R,6063,1.3138
48490,P2,CASC,-67.65,-67.49,-151,R,6036,1.3122
48500,P2,CASC,-67.50,-70.01,-149,R,6008,1.3373
48510,P2,CASC,-67.35,-67.49,-151,R,5981,1.3387
48520,P2,CASC,-67.20,-69.99,-149,R,5953,1.3666
48530,P2,CASC,-67.05,-67.51,-150,R,5926,1.3712
48540,P2,CASC,-66.90,-70.00,-148,R,5898,1.4022
48550,P2,CASC,-66.75,-69.99,-148,R,5870,1.4346
48560,P2,CASC,-66.60,-67.51,-150,R,5843,1.4437
48570,P2,CASC,-66.45,-69.99,-148,R,5815,1.4791
48580,P2,CASC,-66.30,-70.00,-147,R,5787,1.5161
48590,P2,CASC,-66.15,-70.01,-147,R,5759,1.5548
48600,P2,CASC,-66.00,-67.50,-149,R,5732,1.5698
48610,P2,CASC,-65.85,-70.00,-147,R,5704,1.6113
48620,P2,CASC,-65.70,-67.50,-148,R,5677,1.6293
48630,P2,CASC,-65.55,-69.99,-146,R,5649,1.6737
48640,P2,CASC,-65.40,-67.50,-147,R,5622,1.6947
48650,P2,CASC,-65.25,-69.99,-146,R,5594,1.7421
48660,P2,CASC,-65.10,-70.01,-145,R,5566,1.7913
48670,P2,CASC,-64.95,-69.98,-145,R,5538,1.8416
48680,P2,CASC,-64.80,-67.52,-146,R,5511,1.8688
48690,P2,CASC,-64.65,-69.99,-144,R,5483,1.9222
48700,P2,CASC,-64.50,-67.49,-146,R,5456,1.9521
48710,P2,CASC,-64.35,-67.52,-145,R,5429,1.9838
48720,P2,CASC,-64.20,-67.49,-145,R,5402,2.0167
48730,P2,CASC,-64.05,-67.49,-145,R,5375,2.0511
48740,P2,CASC,-63.90,-67.47,-145,R,5348,2.0868
48750,P2,CASC,-63.75,-65.03,-146,R,5322,2.0996
48760,P2,CASC,-63.60,-65.01,-146,R,5296,2.1137
48770,P2,CASC,-63.45,-67.50,-144,R,5269,2.1542
48780,P2,CASC,-63.30,-64.99,-145,R,5243,2.1711
48790,P2,CASC,-63.15,-65.02,-145,R,5217,2.1898
48800,P2,CASC,-63.00,-62.50,-146,R,5192,2.1848
48810,P2,CASC,-62.85,-67.50,-143,R,5165,2.2313
48820,P2,CASC,-62.70,-62.48,-145,R,5140,2.2291
48830,P2,CASC,-62.55,-64.99,-144,R,5114,2.2536
48840,P2,CASC,-62.40,-65.02,-144,R,5088,2.2798
48850,P2,CASC,-62.25,-65.01,-144,R,5062,2.3073
48860,P2,CASC,-62.10,-62.48,-145,R,5037,2.3111
48870,P2,CASC,-61.95,-62.51,-145,R,5012,2.3167
48880,P2,CASC,-61.80,-65.01,-143,R,4986,2.3488
48890,P2,CASC,-61.65,-62.51,-145,R,4961,2.3573
48900,P2,CASC,-61.50,-64.98,-143,R,4935,2.3921
48910,P2,CASC,-61.35,-62.50,-144,R,4910,2.4036
48920,P2,CASC,-61.20,-62.51,-144,R,4885,2.4167
48930,P2,CASC,-61.05,-62.51,-144,R,4860,2.4313
48940,P2,CASC,-60.90,-59.98,-144,R,4836,2.4221
48950,P2,CASC,-60.75,-60.01,-144,R,4812,2.4148
48960,P2,CASC,-60.60,-62.50,-143,R,4787,2.4338
48970,P2,CASC,-60.45,-59.98,-143,R,4763,2.4291
48980,P2,CASC,-60.30,-62.51,-143,R,4738,2.4511
48990,P2,CASC,-60.15,-60.01,-143,R,4714,2.4498
49000,P2,CASC,-60.00,-62.51,-142,R,4689,2.4748
49010,P2,CASC,-59.85,-62.48,-142,R,4664,2.5011
49020,P2,CASC,-59.70,-62.51,-142,R,4639,2.5293
49030,P2,CASC,-59.55,-60.01,-143,R,4615,2.5338
49040,P2,CASC,-59.40,-62.49,-141,R,4590,2.5647
49050,P2,CASC,-59.25,-62.51,-141,R,4565,2.5973
49060,P2,CASC,-59.10,-59.98,-142,R,4541,2.6061
49070,P2,CASC,-58.95,-62.51,-141,R,4516,2.6416
49080,P2,CASC,-58.80,-59.99,-142,R,4492,2.6536
49090,P2,CASC,-58.65,-60.00,-142,R,4468,2.6671
49100,P2,CASC,-58.50,-60.02,-141,R,4444,2.6823
49110,P2,CASC,-58.35,-59.99,-141,R,4420,2.6987
49120,P2,CASC,-58.20,-62.51,-139,R,4395,2.7418
49130,P2,CASC,-58.05,-59.99,-141,R,4371,2.7612
49140,P2,CASC,-57.90,-60.01,-140,R,4347,2.7823
49150,P2,CASC,-57.75,-59.98,-140,R,4323,2.8046
49160,P2,CASC,-57.60,-60.01,-140,R,4299,2.8287
49170,P2,CASC,-57.45,-60.01,-140,R,4275,2.8543
49180,P2,CASC,-57.30,-57.48,-141,R,4252,2.8561
49190,P2,CASC,-57.15,-57.50,-141,R,4229,2.8596
49200,P2,CASC,-57.00,-57.50,-141,R,4206,2.8646
49210,P2,CASC,-56.85,-55.02,-140,R,4184,2.8463
49220,P2,CASC,-56.70,-57.49,-140,R,4161,2.8543
49230,P2,CASC,-56.55,-57.50,-140,R,4138,2.8638
49240,P2,CASC,-56.40,-54.98,-140,R,4116,2.8496
49250,P2,CASC,-56.25,-57.51,-140,R,4093,2.8622
49260,P2,CASC,-56.10,-57.50,-140,R,4070,2.8762
49270,P2,CASC,-55.95,-57.49,-139,R,4047,2.8916
49280,P2,CASC,-55.80,-57.51,-139,R,4024,2.9087
49290,P2,CASC,-55.65,-57.50,-139,R,4001,2.9272
49300,P2,CASC,-55.50,-57.49,-139,R,3978,2.9471
49310,P2,CASC,-55.35,-57.52,-138,R,3955,2.9688
49320,P2,CASC,-55.20,-57.46,-138,R,3932,2.9914
49330,P2,CASC,-55.05,-55.04,-139,R,3910,2.9913
49340,P2,CASC,-54.90,-55.00,-140,R,3888,2.9923
49350,P2,CASC,-54.75,-57.49,-138,R,3865,3.0197
49360,P2,CASC,-54.60,-57.51,-137,R,3842,3.0487
49370,P2,CASC,-54.45,-54.99,-139,R,3820,3.0541
49380,P2,CASC,-54.30,-55.01,-139,R,3798,3.0612
49390,P2,CASC,-54.15,-57.49,-137,R,3775,3.0946
49400,P2,CASC,-54.00,-55.01,-138,R,3753,3.1047
49410,P2,CASC,-53.85,-55.01,-138,R,3731,3.1163
49420,P2,CASC,-53.70,-52.48,-138,R,3710,3.1041
49430,P2,CASC,-53.55,-55.01,-138,R,3688,3.1187
49440,P2,CASC,-53.40,-54.99,-137,R,3666,3.1347
49450,P2,CASC,-53.25,-52.49,-137,R,3645,3.1271
49460,P2,CASC,-53.10,-52.51,-137,R,3624,3.1212
49470,P2,CASC,-52.95,-52.51,-137,R,3603,3.1167
49480,P2,CASC,-52.80,-52.50,-137,R,3582,3.1137
49490,P2,CASC,-52.65,-55.00,-136,R,3560,3.1372
49500,P2,CASC,-52.50,-52.49,-137,R,3539,3.1372
49510,P2,CASC,-52.35,-52.51,-138,R,3518,3.1387
49520,P2,CASC,-52.20,-52.49,-137,R,3497,3.1417
49530,P2,CASC,-52.05,-55.00,-136,R,3475,3.1712
49540,P2,CASC,-51.90,-52.50,-137,R,3454,3.1772
49550,P2,CASC,-51.75,-52.50,-137,R,3433,3.1847
49560,P2,CASC,-51.60,-52.50,-137,R,3412,3.1937
49570,P2,CASC,-51.45,-55.01,-135,R,3390,3.2293
49580,P2,CASC,-51.30,-54.99,-134,R,3368,3.2662
49590,P2,CASC,-51.15,-52.51,-136,R,3347,3.2798
49600,P2,CASC,-51.00,-54.98,-134,R,3325,3.3196
49610,P2,CASC,-50.85,-52.51,-135,R,3304,3.3362
49620,P2,CASC,-50.70,-52.50,-135,R,3283,3.3542
49630,P2,CASC,-50.55,-55.01,-133,R,3261,3.3987
49640,P2,CASC,-50.40,-52.51,-135,R,3240,3.4198
49650,P2,CASC,-50.25,-52.49,-134,R,3219,3.4422
49660,P2,CASC,-50.10,-52.51,-134,R,3198,3.4663
49670,P2,CASC,-49.95,-54.99,-132,R,3176,3.5167
49680,P2,CASC,-49.80,-54.99,-132,R,3154,3.5687
49690,P2,CASC,-49.65,-52.51,-133,R,3133,3.5973
49700,P2,CASC,-49.50,-52.49,-133,R,3112,3.6272
49710,P2,CASC,-49.35,-52.49,-133,R,3091,3.6586
49720,P2,CASC,-49.20,-52.49,-133,R,3070,3.6916
49730,P2,CASC,-49.05,-52.52,-133,R,3049,3.7263
49740,P2,CASC,-48.90,-52.49,-133,R,3028,3.7622
49750,P2,CASC,-48.75,-50.01,-134,R,3008,3.7748
49760,P2,CASC,-48.60,-52.48,-132,R,2987,3.8136
49770,P2,CASC,-48.45,-50.02,-134,R,2967,3.8292
49780,P2,CASC,-48.30,-52.50,-132,R,2946,3.8712
49790,P2,CASC,-48.15,-47.50,-133,R,2927,3.8647
49800,P2,CASC,-48.00,-49.99,-133,R,2907,3.8846
49810,P2,CASC,-47.85,-50.02,-133,R,2887,3.9063
49820,P2,CASC,-47.70,-49.98,-133,R,2867,3.9291
49830,P2,CASC,-47.55,-47.51,-133,R,2848,3.9287
49840,P2,CASC,-47.40,-49.99,-133,R,2828,3.9546
49850,P2,CASC,-47.25,-47.50,-134,R,2809,3.9571
49860,P2,CASC,-47.10,-47.51,-134,R,2790,3.9612
49870,P2,CASC,-46.95,-49.99,-132,R,2770,3.9917
49880,P2,CASC,-46.80,-47.50,-134,R,2751,3.9987
49890,P2,CASC,-46.65,-47.50,-134,R,2732,4.0072
49900,P2,CASC,-46.50,-45.01,-133,R,2714,3.9923
49910,P2,CASC,-46.35,-47.50,-134,R,2695,4.0038
49920,P2,CASC,-46.20,-44.98,-133,R,2677,3.9916
49930,P2,CASC,-46.05,-47.50,-133,R,2658,4.0061
49940,P2,CASC,-45.90,-47.52,-133,R,2639,4.0223
49950,P2,CASC,-45.75,-45.00,-133,R,2621,4.0147
49960,P2,CASC,-45.60,-44.99,-133,R,2603,4.0086
49970,P2,CASC,-45.45,-47.50,-133,R,2584,4.0291
49980,P2,CASC,-45.30,-47.50,-133,R,2565,4.0511
49990,P2,CASC,-45.15,-45.00,-133,R,2547,4.0496
50000,P2,CASC,-45.00,-45.02,-134,R,2529,4.0498
50010,P2,CASC,-44.85,-44.99,-134,R,2511,4.0511
50020,P2,CASC,-44.70,-45.01,-134,R,2493,4.0543
50030,P2,CASC,-44.55,-45.00,-134,R,2475,4.0588
50040,P2,CASC,-44.40,-47.48,-132,R,2456,4.0896
50050,P2,CASC,-44.25,-42.51,-133,R,2439,4.0722
50060,P2,CASC,-44.10,-44.99,-134,R,2421,4.0811
50070,P2,CASC,-43.95,-45.00,-133,R,2403,4.0916
50080,P2,CASC,-43.80,-45.01,-133,R,2385,4.1038
50090,P2,CASC,-43.65,-44.99,-133,R,2367,4.1171
50100,P2,CASC,-43.50,-45.00,-133,R,2349,4.1321
50110,P2,CASC,-43.35,-45.00,-133,R,2331,4.1486
50120,P2,CASC,-43.20,-45.02,-133,R,2313,4.1668
50130,P2,CASC,-43.05,-47.48,-131,R,2294,4.2111
50140,P2,CASC,-42.90,-45.01,-132,R,2276,4.2322
50150,P2,CASC,-42.75,-47.50,-131,R,2257,4.2797
50160,P2,CASC,-42.60,-47.50,-130,R,2238,4.3287
50170,P2,CASC,-42.45,-45.00,-132,R,2220,4.3542
50180,P2,CASC,-42.30,-44.99,-132,R,2202,4.3811
50190,P2,CASC,-42.15,-47.50,-130,R,2183,4.4346
50200,P2,CASC,-42.00,-47.50,-130,R,2164,4.4896
50210,P2,CASC,-41.85,-45.00,-131,R,2146,4.5211
50220,P2,CASC,-41.70,-47.51,-129,R,2127,4.5792
50230,P2,CASC,-41.55,-44.99,-131,R,2109,4.6136
50240,P2,CASC,-41.40,-45.02,-130,R,2091,4.6498
50250,P2,CASC,-41.25,-45.00,-130,R,2073,4.6873
50260,P2,CASC,-41.10,-44.99,-130,R,2055,4.7261
50270,P2,CASC,-40.95,-47.50,-128,R,2036,4.7917
50280,P2,CASC,-40.80,-42.49,-131,R,2019,4.8086
50290,P2,CASC,-40.65,-45.00,-130,R,2001,4.8521
50300,P2,CASC,-40.50,-47.50,-128,R,1982,4.9221
50310,P2,CASC,-40.35,-45.00,-129,R,1964,4.9687
50320,P2,CASC,-40.20,-45.01,-129,R,1946,5.0168
50330,P2,CASC,-40.05,-42.50,-130,R,1929,5.0412
50340,P2,CASC,-39.90,-45.00,-129,R,1911,5.0922
50350,P2,CASC,-39.75,-44.99,-128,R,1893,5.1446
50360,P2,CASC,-39.60,-42.51,-130,R,1876,5.1737
50370,P2,CASC,-39.45,-45.00,-128,R,1858,5.2293
50380,P2,CASC,-39.30,-40.00,-131,R,1842,5.2362
50390,P2,CASC,-39.15,-42.49,-129,R,1825,5.2696
50400,P2,CASC,-39.00,-42.51,-129,R,1808,5.3048
50410,P2,CASC,-38.85,-42.49,-129,R,1791,5.3411
50420,P2,CASC,-38.70,-40.00,-130,R,1775,5.3541
50430,P2,CASC,-38.55,-42.50,-129,R,1758,5.3937
50440,P2,CASC,-38.40,-42.50,-128,R,1741,5.4347
50450,P2,CASC,-38.25,-40.00,-130,R,1725,5.4522
50460,P2,CASC,-38.10,-40.00,-130,R,1709,5.4712
50470,P2,CASC,-37.95,-42.51,-128,R,1692,5.5168
50480,P2,CASC,-37.80,-42.50,-128,R,1675,5.5637
50490,P2,CASC,-37.65,-39.99,-129,R,1659,5.5871
50500,P2,CASC,-37.50,-42.51,-127,R,1642,5.6373
50510,P2,CASC,-37.35,-40.00,-129,R,1626,5.6637
50520,P2,CASC,-37.20,-42.49,-127,R,1609,5.7166
50530,P2,CASC,-37.05,-40.01,-128,R,1593,5.7462
50540,P2,CASC,-36.90,-42.51,-127,R,1576,5.8023
50550,P2,CASC,-36.75,-40.00,-128,R,1560,5.8347
50560,P2,CASC,-36.60,-39.99,-128,R,1544,5.8686
50570,P2,CASC,-36.45,-40.01,-128,R,1528,5.9042
50580,P2,CASC,-36.30,-40.00,-127,R,1512,5.9412
50590,P2,CASC,-36.15,-37.50,-129,R,1497,5.9547
50600,P2,CASC,-36.00,-39.99,-127,R,1481,5.9946
50610,P2,CASC,-35.85,-40.02,-127,R,1465,6.0363
50620,P2,CASC,-35.70,-40.00,-127,R,1449,6.0792
50630,P2,CASC,-35.55,-37.50,-128,R,1434,6.0988
50640,P2,CASC,-35.40,-37.49,-128,R,1419,6.1197
50650,P2,CASC,-35.25,-40.00,-126,R,1403,6.1672
50660,P2,CASC,-35.10,-40.00,-126,R,1387,6.2162
50670,P2,CASC,-34.95,-37.51,-128,R,1372,6.2418
50680,P2,CASC,-34.80,-37.49,-127,R,1357,6.2687
50690,P2,CASC,-34.65,-37.50,-127,R,1342,6.2972
50700,P2,CASC,-34.50,-37.50,-127,R,1327,6.3273
50710,P2,CASC,-34.35,-37.50,-127,R,1312,6.3587
50720,P2,CASC,-34.20,-37.50,-127,R,1297,6.3917
50730,P2,CASC,-34.05,-37.50,-127,R,1282,6.4262
50740,P2,CASC,-33.90,-37.51,-126,R,1267,6.4622
50750,P2,CASC,-33.75,-34.99,-128,R,1253,6.4746
50760,P2,CASC,-33.60,-37.50,-126,R,1238,6.5137
50770,P2,CASC,-33.45,-35.00,-128,R,1224,6.5292
50780,P2,CASC,-33.30,-37.50,-126,R,1209,6.5712
50790,P2,CASC,-33.15,-37.50,-126,R,1194,6.6147
50800,P2,CASC,-33.00,-35.00,-127,R,1180,6.6347
50810,P2,CASC,-32.85,-37.50,-125,R,1165,6.6813
50820,P2,CASC,-32.70,-37.50,-125,R,1150,6.7292
50830,P2,CASC,-32.55,-37.50,-125,R,1135,6.7788
50840,P2,CASC,-32.40,-35.00,-126,R,1121,6.8047
50850,P2,CASC,-32.25,-37.50,-124,R,1106,6.8573
50860,P2,CASC,-32.10,-39.99,-122,R,1090,6.9362
50870,P2,CASC,-31.95,-37.50,-124,R,1075,6.9917
50880,P2,CASC,-31.80,-35.01,-125,R,1061,7.0237
50890,P2,CASC,-31.65,-37.50,-123,R,1046,7.0823
50900,P2,CASC,-31.50,-37.49,-123,R,1031,7.1421
50910,P2,CASC,-31.35,-37.50,-123,R,1016,7.2036
50920,P2,CASC,-31.20,-37.51,-123,R,1001,7.2668
50930,P2,CASC,-31.05,-37.50,-123,R,986,7.3313
50940,P2,CASC,-30.90,-39.99,-121,R,970,7.4221
50950,P2,CASC,-30.75,-37.50,-122,R,955,7.4896
50960,P2,CASC,-30.60,-37.50,-122,R,940,7.5586
50970,P2,CASC,-30.45,-37.51,-121,R,925,7.6292
50980,P2,CASC,-30.30,-37.50,-121,R,910,7.7011
50990,P2,CASC,-30.15,-37.50,-121,R,895,7.7747
51000,P2,CASC,-30.00,-35.00,-122,R,881,7.8246
51010,P2,CASC,-29.85,-37.51,-120,R,866,7.9012
51020,P2,CASC,-29.70,-37.50,-120,R,851,7.9792
51030,P2,CASC,-29.55,-37.49,-120,R,836,8.0586
51040,P2,CASC,-29.40,-35.00,-121,R,822,8.1146
51050,P2,CASC,-29.25,-37.51,-119,R,807,8.1972
51060,P2,CASC,-29.10,-37.49,-119,R,792,8.2811
51070,P2,CASC,-28.95,-37.52,-119,R,777,8.3668
51080,P2,CASC,-28.80,-37.50,-118,R,762,8.4537
51090,P2,CASC,-28.65,-37.49,-118,R,747,8.5421
51100,P2,CASC,-28.50,-35.01,-120,R,733,8.6072
51110,P2,CASC,-28.35,-37.49,-118,R,718,8.6986
51120,P2,CASC,-28.20,-35.01,-119,R,704,8.7667
51130,P2,CASC,-28.05,-34.99,-119,R,690,8.8361
51140,P2,CASC,-27.90,-35.00,-118,R,676,8.9071
51150,P2,CASC,-27.75,-35.00,-118,R,662,8.9796
51160,P2,CASC,-27.60,-35.01,-118,R,648,9.0537
51170,P2,CASC,-27.45,-32.49,-119,R,635,9.1041
51180,P2,CASC,-27.30,-35.01,-117,R,621,9.1813
51190,P2,CASC,-27.15,-32.49,-119,R,608,9.2347
51200,P2,CASC,-27.00,-35.00,-117,R,594,9.3147
51210,P2,CASC,-26.85,-32.50,-118,R,581,9.3711
51220,P2,CASC,-26.70,-32.51,-118,R,568,9.4292
51230,P2,CASC,-26.55,-32.50,-118,R,555,9.4887
51240,P2,CASC,-26.40,-29.99,-119,R,543,9.5247
51250,P2,CASC,-26.25,-32.50,-117,R,530,9.5872
51260,P2,CASC,-26.10,-27.51,-121,R,519,9.6012
51270,P2,CASC,-25.95,-32.50,-117,R,506,9.6667
51280,P2,CASC,-25.80,-30.00,-119,R,494,9.7087
51290,P2,CASC,-25.65,-30.00,-118,R,482,9.7522
51300,P2,CASC,-25.50,-29.99,-118,R,470,9.7972
51310,P2,CASC,-25.35,-30.01,-118,R,458,9.8437
51320,P2,CASC,-25.20,-27.50,-119,R,447,9.8667
51330,P2,CASC,-25.05,-29.99,-118,R,435,9.9161
51340,P2,CASC,-24.90,-27.51,-119,R,424,9.9422
51350,P2,CASC,-24.75,-27.50,-119,R,413,9.9697
51360,P2,CASC,-24.60,-27.49,-119,R,402,9.9987
51370,P2,CASC,-24.45,-27.50,-119,R,391,10.0292
51380,P2,CASC,-24.30,-27.50,-118,R,380,10.0612
51390,P2,CASC,-24.15,-27.50,-118,R,369,10.0947
51400,P2,CASC,-24.00,-25.00,-120,R,359,10.1047
51410,P2,CASC,-23.85,-27.50,-118,R,348,10.1412
51420,P2,CASC,-23.70,-25.00,-119,R,338,10.1542
51430,P2,CASC,-23.55,-25.00,-119,R,328,10.1687
51440,P2,CASC,-23.40,-25.01,-119,R,318,10.1847
51450,P2,CASC,-23.25,-25.00,-119,R,308,10.2022
51460,P2,CASC,-23.10,-25.00,-119,R,298,10.2212
51470,P2,CASC,-22.95,-25.00,-119,R,288,10.2417
51480,P2,CASC,-22.80,-22.50,-116,R,279,10.2387
51490,P2,CASC,-22.65,-25.00,-118,R,269,10.2622
51500,P2,CASC,-22.50,-25.01,-118,R,259,10.2872
51510,P2,CASC,-22.35,-22.50,-120,R,250,10.2887
51520,P2,CASC,-22.20,-25.01,-118,R,240,10.3167
51530,P2,CASC,-22.05,-22.50,-120,R,231,10.3212
51540,P2,CASC,-21.90,-25.00,-118,R,221,10.3522
51550,P2,CASC,-21.75,-22.50,-119,R,212,10.3597
51560,P2,CASC,-21.60,-22.49,-119,R,203,10.3687
51570,P2,CASC,-21.45,-25.01,-117,R,193,10.4042
51580,P2,CASC,-21.30,-22.50,-119,R,184,10.4162
51590,P2,CASC,-21.15,-25.00,-117,R,174,10.4547
51600,P2,CASC,-21.00,-22.50,-119,R,165,10.4697
51610,P2,CASC,-20.85,-22.50,-118,R,156,10.4862
51620,P2,CASC,-20.70,-25.00,-117,R,146,10.5292
51630,P2,CASC,-20.55,-22.50,-118,R,137,10.5487
51640,P2,CASC,-20.40,-22.50,-118,R,128,10.5697
51650,P2,CASC,-20.25,-22.50,-118,R,119,10.5922
51660,P2,CASC,-20.10,-22.49,-118,R,110,10.6162
51670,P2,CASC,-19.95,-25.01,-116,R,100,10.6667
51680,P2,CASC,-19.80,-22.49,-117,R,91,10.6937
51690,P2,CASC,-19.65,-25.01,-115,R,81,10.7473
51700,P2,CASC,-19.50,-22.49,-117,R,72,10.7772
51710,P2,CASC,-19.35,-22.51,-117,R,63,10.8088
51720,P2,CASC,-19.20,-25.00,-115,R,53,10.8668
51730,P2,CASC,-19.05,-22.50,-116,R,44,10.9012
51740,P2,CASC,-18.90,-22.49,-116,R,35,10.9372
51750,P2,CASC,-18.75,-22.51,-116,R,26,10.9748
51760,P2,CASC,-18.60,-25.00,-114,R,16,11.0387
51770,P2,CASC,-18.45,-22.49,-115,R,7,11.0792
51780,P2,CASC,-18.30,-22.51,-115,R,-2,11.1213
51790,P2,CASC,-18.15,-25.00,-113,R,-12,11.1897
51800,P2,CASC,-18.00,-22.50,-115,R,-21,11.2347
51810,P2,CASC,-17.85,-22.50,-115,R,-30,11.2812
51820,P2,CASC,-17.70,-25.01,-113,R,-40,11.3543
51830,P2,CASC,-17.55,-25.00,-112,R,-50,11.4287
51840,P2,CASC,-17.40,-22.50,-114,R,-59,11.4797
51850,P2,CASC,-17.25,-25.00,-112,R,-69,11.5572
51860,P2,CASC,-17.10,-22.51,-113,R,-78,11.6113
51870,P2,CASC,-16.95,-22.49,-113,R,-87,11.6667
51880,P2,CASC,-16.80,-25.01,-111,R,-97,11.7487
51890,P2,CASC,-16.65,-22.50,-113,R,-106,11.8072
51900,P2,CASC,-16.50,-25.00,-111,R,-116,11.8923
51910,P2,CASC,-16.35,-25.00,-110,R,-126,11.9787
51920,P2,CASC,-16.20,-22.50,-112,R,-135,12.0417
51930,P2,CASC,-16.05,-22.50,-112,R,-144,12.1062
51940,P2,CASC,-15.90,-25.00,-110,R,-154,12.1972
51950,P2,CASC,-15.75,-22.50,-111,R,-163,12.2647
51960,P2,CASC,-15.60,-25.00,-109,R,-173,12.3588
51970,P2,CASC,-15.45,-22.49,-110,R,-182,12.4292
51980,P2,CASC,-15.30,-22.51,-110,R,-191,12.5012
51990,P2,CASC,-15.15,-22.50,-110,R,-200,12.5747
52000,P2,CASC,-15.00,-22.50,-110,R,-209,12.6497
52010,P2,CASC,-14.85,-25.01,-108,R,-219,12.7513
52020,P2,CASC,-14.70,-22.49,-109,R,-228,12.8292
52030,P2,CASC,-14.55,-22.50,-109,R,-237,12.9088
52040,P2,CASC,-14.40,-22.50,-108,R,-246,12.9898
52050,P2,CASC,-14.25,-22.50,-108,R,-255,13.0723
52060,P2,CASC,-14.10,-20.00,-110,R,-263,13.1313
52070,P2,CASC,-13.95,-22.50,-108,R,-272,13.2168
52080,P2,CASC,-13.80,-20.00,-109,R,-280,13.2788
52090,P2,CASC,-13.65,-22.50,-107,R,-289,13.3672
52100,P2,CASC,-13.50,-20.00,-109,R,-297,13.4322
52110,P2,CASC,-13.35,-20.00,-108,R,-305,13.4988
52120,P2,CASC,-13.20,-22.50,-106,R,-314,13.5917
52130,P2,CASC,-13.05,-17.50,-109,R,-321,13.6362
52140,P2,CASC,-12.90,-20.00,-107,R,-329,13.7073
52150,P2,CASC,-12.75,-19.99,-107,R,-337,13.7797
52160,P2,CASC,-12.60,-20.01,-107,R,-345,13.8538
52170,P2,CASC,-12.45,-20.00,-107,R,-353,13.9292
52180,P2,CASC,-12.30,-20.00,-106,R,-361,14.0062
52190,P2,CASC,-12.15,-17.50,-108,R,-368,14.0597
52200,P2,CASC,-12.00,-17.50,-108,R,-375,14.1147
52210,P2,CASC,-11.85,-17.50,-107,R,-382,14.1712
52220,P2,CASC,-11.70,-17.51,-107,R,-389,14.2293
52230,P2,CASC,-11.55,-20.00,-105,R,-397,14.3137
52240,P2,CASC,-11.40,-17.50,-107,R,-404,14.3748
52250,P2,CASC,-11.25,-17.50,-106,R,-411,14.4373
52260,P2,CASC,-11.10,-17.50,-106,R,-418,14.5012
52270,P2,CASC,-10.95,-17.50,-106,R,-425,14.5667
52280,P2,CASC,-10.80,-17.50,-106,R,-432,14.6338
52290,P2,CASC,-10.65,-15.00,-107,R,-438,14.6772
52300,P2,CASC,-10.50,-17.51,-105,R,-445,14.7473
52310,P2,CASC,-10.35,-15.00,-107,R,-451,14.7938
52320,P2,CASC,-10.20,-17.50,-105,R,-458,14.8668
52330,P2,CASC,-10.05,-14.99,-106,R,-464,14.9162
52340,P2,CASC,-9.90,-15.00,-106,R,-470,14.9672
52350,P2,CASC,-9.75,-15.00,-106,R,-476,15.0197
52360,P2,CASC,-9.60,-15.00,-105,R,-482,15.0737
52370,P2,CASC,-9.45,-15.00,-105,R,-488,15.1293
52380,P2,CASC,-9.30,-15.00,-105,R,-494,15.1862
52390,P2,CASC,-9.15,-15.00,-105,R,-500,15.2447
52400,P2,CASC,-9.00,-12.50,-106,R,-505,15.2797
52410,P2,CASC,-8.85,-15.00,-104,R,-511,15.3412
52420,P2,CASC,-8.70,-15.00,-104,R,-517,15.4043
52430,P2,CASC,-8.55,-12.50,-106,R,-522,15.4437
52440,P2,CASC,-8.40,-12.50,-105,R,-527,15.4848
52450,P2,CASC,-8.25,-15.00,-103,R,-533,15.5523
52460,P2,CASC,-8.10,-12.50,-105,R,-538,15.5963
52470,P2,CASC,-7.95,-12.50,-105,R,-543,15.6417
52480,P2,CASC,-7.80,-12.50,-105,R,-548,15.6887
52490,P2,CASC,-7.65,-12.50,-104,R,-553,15.7373
52500,P2,CASC,-7.50,-10.00,-106,R,-557,15.7622
52510,P2,CASC,-7.35,-12.50,-104,R,-562,15.8138
52520,P2,CASC,-7.20,-10.00,-105,R,-566,15.8418
52530,P2,CASC,-7.05,-12.50,-104,R,-571,15.8962
52540,P2,CASC,-6.90,-12.50,-103,R,-576,15.9522
52550,P2,CASC,-6.75,-10.00,-105,R,-580,15.9847
52560,P2,CASC,-6.60,-10.00,-105,R,-584,16.0188
52570,P2,CASC,-6.45,-12.50,-103,R,-589,16.0792
52580,P2,CASC,-6.30,-10.00,-104,R,-593,16.1163
52590,P2,CASC,-6.15,-10.00,-104,R,-597,16.1547
52600,P2,CASC,-6.00,-10.00,-104,R,-601,16.1948
52610,P2,CASC,-5.85,-7.50,-105,R,-604,16.2113
52620,P2,CASC,-5.70,-12.50,-102,R,-609,16.2792
52630,P2,CASC,-5.55,-10.00,-103,R,-613,16.3237
52640,P2,CASC,-5.40,-7.50,-105,R,-616,16.3447
52650,P2,CASC,-5.25,-7.50,-105,R,-619,16.3672
52660,P2,CASC,-5.10,-10.00,-103,R,-623,16.4162
52670,P2,CASC,-4.95,-10.00,-103,R,-627,16.4667
52680,P2,CASC,-4.80,-10.00,-102,R,-631,16.5187
52690,P2,CASC,-4.65,-7.50,-104,R,-634,16.5472
52700,P2,CASC,-4.50,-7.50,-104,R,-637,16.5772
52710,P2,CASC,-4.35,-7.50,-103,R,-640,16.6087
52720,P2,CASC,-4.20,-7.50,-103,R,-643,16.6417
52730,P2,CASC,-4.05,-10.00,-101,R,-647,16.7012
52740,P2,CASC,-3.90,-7.50,-103,R,-650,16.7372
52750,P2,CASC,-3.75,-7.50,-103,R,-653,16.7747
52760,P2,CASC,-3.60,-7.50,-102,R,-656,16.8137
52770,P2,CASC,-3.45,-5.00,-104,R,-658,16.8292
52780,P2,CASC,-3.30,-7.50,-102,R,-661,16.8712
52790,P2,CASC,-3.15,-5.00,-104,R,-663,16.8897
52800,P2,CASC,-3.00,-7.50,-102,R,-666,16.9347
52810,P2,CASC,-2.85,-7.50,-102,R,-669,16.9812
52820,P2,CASC,-2.70,-7.50,-101,R,-672,17.0292
52830,P2,CASC,-2.55,-5.00,-103,R,-674,17.0537
52840,P2,CASC,-2.40,-5.00,-103,R,-676,17.0797
52850,P2,CASC,-2.25,-2.50,-104,R,-677,17.0822
52860,P2,CASC,-2.10,-5.00,-102,R,-679,17.1112
52870,P2,CASC,-1.95,-5.00,-102,R,-681,17.1417
52880,P2,CASC,-1.80,-5.00,-102,R,-683,17.1737
52890,P2,CASC,-1.65,-7.50,-100,R,-686,17.2322
52900,P2,CASC,-1.50,-5.00,-102,R,-688,17.2672
52910,P2,CASC,-1.35,-5.00,-102,R,-690,17.3037
52920,P2,CASC,-1.20,-2.50,-103,R,-691,17.3167
52930,P2,CASC,-1.05,-5.00,-101,R,-693,17.3562
52940,P2,CASC,-0.90,-2.50,-103,R,-694,17.3722
52950,P2,CASC,-0.75,-2.50,-103,R,-695,17.3897
52960,P2,CASC,-0.60,0.00,-97,R,-695,17.3837
52970,P2,CASC,-0.45,0.00,-97,R,-695,17.3792
52980,P2,CASC,-0.30,0.00,-97,R,-695,17.3762
52990,P2,CASC,-0.15,0.00,-97,R,-695,17.3747
