t_ms,profile,controller,ref_rpm,meas_rpm,pwm_cmd,dir,enc_count,integrator
0,P2,CASC,0.00,0.00,0,N,0,0.0000
10,P2,CASC,0.15,0.00,30,F,0,0.0015
20,P2,CASC,0.30,0.00,60,F,0,0.0045
30,P2,CASC,0.45,0.00,90,F,0,0.0090
40,P2,CASC,0.60,0.00,120,F,0,0.0150
50,P2,CASC,0.75,0.00,150,F,0,0.0225
60,P2,CASC,0.90,0.00,154,F,0,0.0315
70,P2,CASC,1.05,0.00,154,F,0,0.0420
80,P2,CASC,1.20,10.00,147,F,4,-0.0460
90,P2,CASC,1.35,12.50,144,F,9,-0.1575
100,P2,CASC,1.50,17.50,140,F,16,-0.3175
110,P2,CASC,1.65,20.00,138,F,24,-0.5011
120,P2,CASC,1.80,20.00,138,F,32,-0.6830
130,P2,CASC,1.95,22.50,135,F,41,-0.8885
140,P2,CASC,2.10,25.00,133,F,51,-1.1175
150,P2,CASC,2.25,24.99,133,F,61,-1.3450
160,P2,CASC,2.40,27.50,130,F,72,-1.5960
170,P2,CASC,2.55,27.50,130,F,83,-1.8455
180,P2,CASC,2.70,27.51,129,F,94,-2.0936
190,P2,CASC,2.85,27.49,129,F,105,-2.3400
200,P2,CASC,3.00,30.00,126,F,117,-2.6100
210,P2,CASC,3.15,30.01,126,F,129,-2.8786
220,P2,CASC,3.30,30.00,125,F,141,-3.1456
230,P2,CASC,3.45,32.49,123,F,154,-3.4360
240,P2,CASC,3.60,30.01,124,F,166,-3.7000
250,P2,CASC,3.75,32.49,121,F,179,-3.9875
260,P2,CASC,3.90,30.01,123,F,191,-4.2485
270,P2,CASC,4.05,30.00,122,F,203,-4.5081
280,P2,CASC,4.20,30.00,122,F,215,-4.7660
290,P2,CASC,4.35,32.50,119,F,228,-5.0475
300,P2,CASC,4.50,32.50,119,F,241,-5.3275
310,P2,CASC,4.65,32.50,118,F,254,-5.6060
320,P2,CASC,4.80,30.00,120,F,266,-5.8581
330,P2,CASC,4.95,30.00,119,F,278,-6.1086
340,P2,CASC,5.10,32.50,117,F,291,-6.3825
350,P2,CASC,5.25,30.00,118,F,303,-6.6300
360,P2,CASC,5.40,32.49,116,F,316,-6.9009
370,P2,CASC,5.55,30.00,117,F,328,-7.1455
380,P2,CASC,5.70,32.51,115,F,341,-7.4136
390,P2,CASC,5.85,29.99,116,F,353,-7.6550
400,P2,CASC,6.00,29.99,116,F,365,-7.8949
410,P2,CASC,6.15,30.01,115,F,377,-8.1335
420,P2,CASC,6.30,30.00,115,F,389,-8.3705
430,P2,CASC,6.45,30.00,114,F,401,-8.6060
440,P2,CASC,6.60,27.51,116,F,412,-8.8151
450,P2,CASC,6.75,29.99,113,F,424,-9.0474
460,P2,CASC,6.90,30.00,113,F,436,-9.2784
470,P2,CASC,7.05,27.51,114,F,447,-9.4830
480,P2,CASC,7.20,27.51,114,F,458,-9.6861
490,P2,CASC,7.35,27.49,114,F,469,-9.8875
500,P2,CASC,7.50,27.50,113,F,480,-10.0875
510,P2,CASC,7.65,25.00,115,F,490,-10.2610
520,P2,CASC,7.80,25.00,115,F,500,-10.4330
530,P2,CASC,7.95,27.50,112,F,511,-10.6286
540,P2,CASC,8.10,24.99,114,F,521,-10.7975
550,P2,CASC,8.25,25.00,114,F,531,-10.9650
560,P2,CASC,8.40,25.00,113,F,541,-11.1310
570,P2,CASC,8.55,25.00,113,F,551,-11.2955
580,P2,CASC,8.70,22.51,115,F,560,-11.4335
590,P2,CASC,8.85,22.50,115,F,569,-11.5700
600,P2,CASC,9.00,22.49,114,F,578,-11.7050
610,P2,CASC,9.15,22.51,114,F,587,-11.8385
620,P2,CASC,9.30,22.50,114,F,596,-11.9705
630,P2,CASC,9.45,22.50,114,F,605,-12.1010
640,P2,CASC,9.60,22.50,113,F,614,-12.2300
650,P2,CASC,9.75,20.00,115,F,622,-12.3325
660,P2,CASC,9.90,22.50,113,F,631,-12.4585
670,P2,CASC,10.05,22.50,113,F,640,-12.5830
680,P2,CASC,10.20,20.00,115,F,648,-12.6810
690,P2,CASC,10.35,20.00,115,F,656,-12.7775
700,P2,CASC,10.50,22.50,113,F,665,-12.8975
710,P2,CASC,10.65,20.00,114,F,673,-12.9910
720,P2,CASC,10.80,17.50,116,F,680,-13.0580
730,P2,CASC,10.95,20.00,114,F,688,-13.1485
740,P2,CASC,11.10,20.00,114,F,696,-13.2375
750,P2,CASC,11.25,20.00,114,F,704,-13.3250
760,P2,CASC,11.40,20.00,114,F,712,-13.4110
770,P2,CASC,11.55,20.00,114,F,720,-13.4955
780,P2,CASC,11.70,19.99,114,F,728,-13.5785
790,P2,CASC,11.85,17.50,116,F,735,-13.6350
800,P2,CASC,12.00,20.00,114,F,743,-13.7150
810,P2,CASC,12.15,20.00,114,F,751,-13.7935
820,P2,CASC,12.30,17.50,115,F,758,-13.8455
830,P2,CASC,12.45,20.00,113,F,766,-13.9210
840,P2,CASC,12.60,17.49,115,F,773,-13.9700
850,P2,CASC,12.75,20.00,113,F,781,-14.0425
860,P2,CASC,12.90,20.00,113,F,789,-14.1135
870,P2,CASC,13.05,17.50,115,F,796,-14.1580
880,P2,CASC,13.20,17.50,115,F,803,-14.2010
890,P2,CASC,13.35,17.50,115,F,810,-14.2425
900,P2,CASC,13.50,20.01,113,F,818,-14.3075
910,P2,CASC,13.65,20.00,113,F,826,-14.3710
920,P2,CASC,13.80,17.50,115,F,833,-14.4080
930,P2,CASC,13.95,20.00,113,F,841,-14.4685
940,P2,CASC,14.10,20.00,113,F,849,-14.5275
950,P2,CASC,14.25,17.49,115,F,856,-14.5600
960,P2,CASC,14.40,20.00,113,F,864,-14.6160
970,P2,CASC,14.55,17.50,115,F,871,-14.6456
980,P2,CASC,14.70,20.00,113,F,879,-14.6986
990,P2,CASC,14.85,20.00,113,F,887,-14.7500
1000,P2,CASC,15.00,17.50,115,F,894,-14.7750
1010,P2,CASC,15.15,20.00,113,F,902,-14.8236
1020,P2,CASC,15.30,20.00,113,F,910,-14.8705
1030,P2,CASC,15.45,20.00,113,F,918,-14.9160
1040,P2,CASC,15.60,17.50,115,F,925,-14.9350
1050,P2,CASC,15.75,22.50,111,F,934,-15.0025
1060,P2,CASC,15.90,20.00,113,F,942,-15.0435
1070,P2,CASC,16.05,20.01,113,F,950,-15.0830
1080,P2,CASC,16.20,19.99,113,F,958,-15.1210
1090,P2,CASC,16.35,22.50,111,F,967,-15.1825
1100,P2,CASC,16.50,20.00,113,F,975,-15.2176
1110,P2,CASC,16.65,20.00,113,F,983,-15.2510
1120,P2,CASC,16.80,22.50,111,F,992,-15.3080
1130,P2,CASC,16.95,20.00,113,F,1000,-15.3386
1140,P2,CASC,17.10,22.50,112,F,1009,-15.3925
1150,P2,CASC,17.25,22.50,111,F,1018,-15.4450
1160,P2,CASC,17.40,22.50,111,F,1027,-15.4960
1170,P2,CASC,17.55,22.50,111,F,1036,-15.5455
1180,P2,CASC,17.70,22.51,111,F,1045,-15.5935
1190,P2,CASC,17.85,20.00,113,F,1053,-15.6150
1200,P2,CASC,18.00,24.99,110,F,1063,-15.6849
1210,P2,CASC,18.15,22.51,111,F,1072,-15.7285
1220,P2,CASC,18.30,22.51,112,F,1081,-15.7706
1230,P2,CASC,18.45,22.49,112,F,1090,-15.8110
1240,P2,CASC,18.60,22.50,112,F,1099,-15.8500
1250,P2,CASC,18.75,22.50,112,F,1108,-15.8876
1260,P2,CASC,18.90,27.50,108,F,1119,-15.9736
1270,P2,CASC,19.05,40.00,98,F,1135,-16.1830
1280,P2,CASC,19.20,25.00,109,F,1145,-16.2410
1290,P2,CASC,19.35,25.00,109,F,1155,-16.2975
1300,P2,CASC,19.50,22.49,111,F,1164,-16.3275
1310,P2,CASC,19.65,20.00,113,F,1172,-16.3310
1320,P2,CASC,19.80,25.00,109,F,1182,-16.3830
1330,P2,CASC,19.95,22.50,111,F,1191,-16.4085
1340,P2,CASC,20.10,22.50,111,F,1200,-16.4325
1350,P2,CASC,20.25,25.00,109,F,1210,-16.4799
1360,P2,CASC,20.40,22.50,111,F,1219,-16.5010
1370,P2,CASC,20.55,22.50,111,F,1228,-16.5205
1380,P2,CASC,20.70,20.00,107,F,1236,-16.5135
1390,P2,CASC,20.85,20.00,107,F,1244,-16.5050
1400,P2,CASC,21.00,17.50,108,F,1251,-16.4700
1410,P2,CASC,21.15,22.51,112,F,1260,-16.4835
1420,P2,CASC,21.30,22.49,112,F,1269,-16.4955
1430,P2,CASC,21.45,25.00,110,F,1279,-16.5310
1440,P2,CASC,21.60,22.51,112,F,1288,-16.5400
1450,P2,CASC,21.75,25.00,110,F,1298,-16.5725
1460,P2,CASC,21.90,24.99,110,F,1308,-16.6035
1470,P2,CASC,22.05,22.50,112,F,1317,-16.6080
1480,P2,CASC,22.20,27.51,108,F,1328,-16.6610
1490,P2,CASC,22.35,24.99,110,F,1338,-16.6874
1500,P2,CASC,22.50,22.51,112,F,1347,-16.6875
1510,P2,CASC,22.65,25.00,111,F,1357,-16.7110
1520,P2,CASC,22.80,25.00,111,F,1367,-16.7330
1530,P2,CASC,22.95,27.50,109,F,1378,-16.7784
1540,P2,CASC,23.10,25.01,111,F,1388,-16.7975
1550,P2,CASC,23.25,25.00,111,F,1398,-16.8150
1560,P2,CASC,23.40,22.50,106,F,1407,-16.8060
1570,P2,CASC,23.55,24.99,111,F,1417,-16.8205
1580,P2,CASC,23.70,25.01,111,F,1427,-16.8335
1590,P2,CASC,23.85,25.00,111,F,1437,-16.8450
1600,P2,CASC,24.00,24.99,111,F,1447,-16.8549
1610,P2,CASC,24.15,25.01,111,F,1457,-16.8635
1620,P2,CASC,24.30,22.50,106,F,1466,-16.8455
1630,P2,CASC,24.45,22.49,106,F,1475,-16.8259
1640,P2,CASC,24.60,25.01,112,F,1485,-16.8300
1650,P2,CASC,24.75,22.50,107,F,1494,-16.8075
1660,P2,CASC,24.90,22.49,107,F,1503,-16.7834
1670,P2,CASC,25.05,25.00,106,F,1513,-16.7830
1680,P2,CASC,25.20,22.50,107,F,1522,-16.7560
1690,P2,CASC,25.35,22.50,107,F,1531,-16.7275
1700,P2,CASC,25.50,22.50,107,F,1540,-16.6975
1710,P2,CASC,25.65,22.50,107,F,1549,-16.6660
1720,P2,CASC,25.80,22.51,107,F,1558,-16.6330
1730,P2,CASC,25.95,22.49,107,F,1567,-16.5984
1740,P2,CASC,26.10,22.51,108,F,1576,-16.5625
1750,P2,CASC,26.25,20.00,109,F,1584,-16.5000
1760,P2,CASC,26.40,19.99,109,F,1592,-16.4360
1770,P2,CASC,26.55,22.50,108,F,1601,-16.3955
1780,P2,CASC,26.70,20.00,109,F,1609,-16.3285
1790,P2,CASC,26.85,20.00,109,F,1617,-16.2600
1800,P2,CASC,27.00,22.49,109,F,1626,-16.2150
1810,P2,CASC,27.15,20.01,110,F,1634,-16.1435
1820,P2,CASC,27.30,20.00,110,F,1642,-16.0705
1830,P2,CASC,27.45,20.00,110,F,1650,-15.9960
1840,P2,CASC,27.60,20.01,111,F,1658,-15.9200
1850,P2,CASC,27.75,20.00,111,F,1666,-15.8425
1860,P2,CASC,27.90,20.00,111,F,1674,-15.7635
1870,P2,CASC,28.05,20.00,111,F,1682,-15.6830
1880,P2,CASC,28.20,20.00,112,F,1690,-15.6010
1890,P2,CASC,28.35,17.50,113,F,1697,-15.4925
1900,P2,CASC,28.50,20.00,112,F,1705,-15.4075
1910,P2,CASC,28.65,20.00,113,F,1713,-15.3210
1920,P2,CASC,28.80,17.50,114,F,1720,-15.2080
1930,P2,CASC,28.95,20.00,113,F,1728,-15.1185
1940,P2,CASC,29.10,17.50,114,F,1735,-15.0025
1950,P2,CASC,29.25,20.00,114,F,1743,-14.9100
1960,P2,CASC,29.40,20.00,114,F,1751,-14.8160
1970,P2,CASC,29.55,20.00,115,F,1759,-14.7205
1980,P2,CASC,29.70,17.50,116,F,1766,-14.5985
1990,P2,CASC,29.85,20.00,115,F,1774,-14.5000
2000,P2,CASC,30.00,17.50,116,F,1781,-14.3750
2010,P2,CASC,30.15,20.00,116,F,1789,-14.2735
2020,P2,CASC,30.30,17.50,117,F,1796,-14.1455
2030,P2,CASC,30.45,20.00,117,F,1804,-14.0410
2040,P2,CASC,30.60,20.00,117,F,1812,-13.9350
2050,P2,CASC,30.75,20.00,117,F,1820,-13.8275
2060,P2,CASC,30.90,17.50,119,F,1827,-13.6935
2070,P2,CASC,31.05,20.00,118,F,1835,-13.5830
2080,P2,CASC,31.20,20.00,119,F,1843,-13.4709
2090,P2,CASC,31.35,20.00,119,F,1851,-13.3575
2100,P2,CASC,31.50,20.00,119,F,1859,-13.2424
2110,P2,CASC,31.65,20.01,120,F,1867,-13.1260
2120,P2,CASC,31.80,20.00,120,F,1875,-13.0080
2130,P2,CASC,31.95,20.00,120,F,1883,-12.8885
2140,P2,CASC,32.10,20.00,121,F,1891,-12.7675
2150,P2,CASC,32.25,20.00,121,F,1899,-12.6450
2160,P2,CASC,32.40,20.00,122,F,1907,-12.5210
2170,P2,CASC,32.55,22.50,121,F,1916,-12.4205
2180,P2,CASC,32.70,20.00,122,F,1924,-12.2935
2190,P2,CASC,32.85,22.50,122,F,1933,-12.1900
2200,P2,CASC,33.00,22.50,122,F,1942,-12.0850
2210,P2,CASC,33.15,20.00,123,F,1950,-11.9535
2220,P2,CASC,33.30,22.50,123,F,1959,-11.8455
2230,P2,CASC,33.45,22.50,123,F,1968,-11.7360
2240,P2,CASC,33.60,22.50,124,F,1977,-11.6250
2250,P2,CASC,33.75,25.00,123,F,1987,-11.5375
2260,P2,CASC,33.90,22.50,124,F,1996,-11.4234
2270,P2,CASC,34.05,22.50,125,F,2005,-11.3080
2280,P2,CASC,34.20,22.50,125,F,2014,-11.1910
2290,P2,CASC,34.35,24.98,125,F,2024,-11.0973
2300,P2,CASC,34.50,22.51,126,F,2033,-10.9775
2310,P2,CASC,34.65,27.51,125,F,2044,-10.9060
2320,P2,CASC,34.80,25.00,126,F,2054,-10.8080
2330,P2,CASC,34.95,25.00,126,F,2064,-10.7085
2340,P2,CASC,35.10,27.49,126,F,2075,-10.6324
2350,P2,CASC,35.25,25.01,127,F,2085,-10.5300
2360,P2,CASC,35.40,24.99,127,F,2095,-10.4259
2370,P2,CASC,35.55,27.51,127,F,2106,-10.3455
2380,P2,CASC,35.70,27.50,127,F,2117,-10.2635
2390,P2,CASC,35.85,27.50,127,F,2128,-10.1800
2400,P2,CASC,36.00,27.50,127,F,2139,-10.0950
2410,P2,CASC,36.15,29.99,127,F,2151,-10.0334
2420,P2,CASC,36.30,30.01,127,F,2163,-9.9705
2430,P2,CASC,36.45,30.00,127,F,2175,-9.9059
2440,P2,CASC,36.60,30.01,128,F,2187,-9.8400
2450,P2,CASC,36.75,27.50,129,F,2198,-9.7475
2460,P2,CASC,36.90,32.49,127,F,2211,-9.7034
2470,P2,CASC,37.05,30.01,128,F,2223,-9.6330
2480,P2,CASC,37.20,32.50,128,F,2236,-9.5860
2490,P2,CASC,37.35,32.49,128,F,2249,-9.5374
2500,P2,CASC,37.50,32.50,128,F,2262,-9.4874
2510,P2,CASC,37.65,32.50,128,F,2275,-9.4359
2520,P2,CASC,37.80,32.51,128,F,2288,-9.3830
2530,P2,CASC,37.95,34.99,128,F,2302,-9.3534
2540,P2,CASC,38.10,32.51,129,F,2315,-9.2975
2550,P2,CASC,38.25,32.49,129,F,2328,-9.2399
2560,P2,CASC,38.40,35.00,128,F,2342,-9.2059
2570,P2,CASC,38.55,35.00,129,F,2356,-9.1704
2580,P2,CASC,38.70,35.00,129,F,2370,-9.1334
2590,P2,CASC,38.85,35.01,129,F,2384,-9.0950
2600,P2,CASC,39.00,37.50,128,F,2399,-9.0800
2610,P2,CASC,39.15,35.00,129,F,2413,-9.0385
2620,P2,CASC,39.30,35.00,129,F,2427,-8.9955
2630,P2,CASC,39.45,37.50,129,F,2442,-8.9760
2640,P2,CASC,39.60,37.49,129,F,2457,-8.9549
2650,P2,CASC,39.75,40.01,131,F,2473,-8.9575
2660,P2,CASC,39.90,37.50,129,F,2488,-8.9335
2670,P2,CASC,40.05,37.49,129,F,2503,-8.9079
2680,P2,CASC,40.20,40.01,128,F,2519,-8.9060
2690,P2,CASC,40.35,40.00,128,F,2535,-8.9025
2700,P2,CASC,40.50,40.00,128,F,2551,-8.8975
2710,P2,CASC,40.65,40.00,129,F,2567,-8.8910
2720,P2,CASC,40.80,40.01,129,F,2583,-8.8830
2730,P2,CASC,40.95,40.00,129,F,2599,-8.8735
2740,P2,CASC,41.10,37.50,130,F,2614,-8.8375
2750,P2,CASC,41.25,42.49,131,F,2631,-8.8499
2760,P2,CASC,41.40,40.01,129,F,2647,-8.8360
2770,P2,CASC,41.55,40.00,129,F,2663,-8.8205
2780,P2,CASC,41.70,39.99,129,F,2679,-8.8035
2790,P2,CASC,41.85,40.00,129,F,2695,-8.7850
2800,P2,CASC,42.00,40.00,129,F,2711,-8.7650
2810,P2,CASC,42.15,37.49,130,F,2726,-8.7184
2820,P2,CASC,42.30,40.01,130,F,2742,-8.6955
2830,P2,CASC,42.45,42.49,132,F,2759,-8.6959
2840,P2,CASC,42.60,37.51,130,F,2774,-8.6450
2850,P2,CASC,42.75,40.00,130,F,2790,-8.6175
2860,P2,CASC,42.90,40.00,130,F,2806,-8.5884
2870,P2,CASC,43.05,42.51,129,F,2823,-8.5830
2880,P2,CASC,43.20,40.00,130,F,2839,-8.5510
2890,P2,CASC,43.35,39.98,130,F,2855,-8.5174
2900,P2,CASC,43.50,42.51,130,F,2872,-8.5075
2910,P2,CASC,43.65,40.00,131,F,2888,-8.4710
2920,P2,CASC,43.80,39.98,131,F,2904,-8.4328
2930,P2,CASC,43.95,40.02,131,F,2920,-8.3935
2940,P2,CASC,44.10,39.99,131,F,2936,-8.3525
2950,P2,CASC,44.25,40.00,131,F,2952,-8.3100
2960,P2,CASC,44.40,40.00,131,F,2968,-8.2659
2970,P2,CASC,44.55,40.01,132,F,2984,-8.2205
2980,P2,CASC,44.70,40.00,132,F,3000,-8.1735
2990,P2,CASC,44.85,39.99,132,F,3016,-8.1249
3000,P2,CASC,45.00,40.01,132,F,3032,-8.0750
3010,P2,CASC,45.15,40.00,132,F,3048,-8.0235
3020,P2,CASC,45.30,42.49,132,F,3065,-7.9954
3030,P2,CASC,45.45,37.51,133,F,3080,-7.9160
3040,P2,CASC,45.60,40.00,133,F,3096,-7.8600
3050,P2,CASC,45.75,42.48,132,F,3113,-7.8274
3060,P2,CASC,45.90,42.50,132,F,3130,-7.7934
3070,P2,CASC,46.05,40.02,133,F,3146,-7.7330
3080,P2,CASC,46.20,40.00,134,F,3162,-7.6710
3090,P2,CASC,46.35,42.50,133,F,3179,-7.6325
3100,P2,CASC,46.50,40.00,134,F,3195,-7.5675
3110,P2,CASC,46.65,40.00,134,F,3211,-7.5010
3120,P2,CASC,46.80,42.49,134,F,3228,-7.4579
3130,P2,CASC,46.95,42.50,134,F,3245,-7.4134
3140,P2,CASC,47.10,40.00,135,F,3261,-7.3425
3150,P2,CASC,47.25,42.50,134,F,3278,-7.2950
3160,P2,CASC,47.40,40.00,135,F,3294,-7.2210
3170,P2,CASC,47.55,42.50,135,F,3311,-7.1704
3180,P2,CASC,47.70,42.50,135,F,3328,-7.1184
3190,P2,CASC,47.85,42.50,135,F,3345,-7.0649
3200,P2,CASC,48.00,42.50,135,F,3362,-7.0099
3210,P2,CASC,48.15,45.00,135,F,3380,-6.9784
3220,P2,CASC,48.30,42.52,136,F,3397,-6.9205
3230,P2,CASC,48.45,42.50,136,F,3414,-6.8610
3240,P2,CASC,48.60,47.50,134,F,3433,-6.8500
3250,P2,CASC,48.75,44.99,135,F,3451,-6.8124
3260,P2,CASC,48.90,47.50,135,F,3470,-6.7985
3270,P2,CASC,49.05,44.99,136,F,3488,-6.7579
3280,P2,CASC,49.20,52.51,134,F,3509,-6.7910
3290,P2,CASC,49.35,59.99,128,F,3533,-6.8974
3300,P2,CASC,49.50,50.01,136,F,3553,-6.9025
3310,P2,CASC,49.65,47.50,135,F,3572,-6.8810
3320,P2,CASC,49.80,45.00,136,F,3590,-6.8330
3330,P2,CASC,49.95,47.49,135,F,3609,-6.8084
3340,P2,CASC,50.10,50.01,134,F,3629,-6.8075
3350,P2,CASC,50.25,45.00,136,F,3647,-6.7550
3360,P2,CASC,50.40,42.49,137,F,3664,-6.6760
3370,P2,CASC,50.55,40.00,138,F,3680,-6.5704
3380,P2,CASC,50.70,50.01,135,F,3700,-6.5635
3390,P2,CASC,50.85,49.99,135,F,3720,-6.5550
3400,P2,CASC,51.00,52.51,136,F,3741,-6.5700
3410,P2,CASC,51.15,49.99,136,F,3761,-6.5584
3420,P2,CASC,51.30,55.01,135,F,3783,-6.5955
3430,P2,CASC,51.45,50.01,136,F,3803,-6.5811
3440,P2,CASC,51.60,49.99,136,F,3823,-6.5650
3450,P2,CASC,51.75,52.49,137,F,3844,-6.5724
3460,P2,CASC,51.90,52.50,137,F,3865,-6.5784
3470,P2,CASC,52.05,52.51,138,F,3886,-6.5830
3480,P2,CASC,52.20,50.01,136,F,3906,-6.5610
3490,P2,CASC,52.35,52.49,138,F,3927,-6.5625
3500,P2,CASC,52.50,52.51,138,F,3948,-6.5626
3510,P2,CASC,52.65,52.48,136,F,3969,-6.5609
3520,P2,CASC,52.80,52.52,136,F,3990,-6.5581
3530,P2,CASC,52.95,52.49,136,F,4011,-6.5535
3540,P2,CASC,53.10,52.50,136,F,4032,-6.5475
3550,P2,CASC,53.25,52.51,136,F,4053,-6.5400
3560,P2,CASC,53.40,52.48,136,F,4074,-6.5309
3570,P2,CASC,53.55,50.01,137,F,4094,-6.4955
3580,P2,CASC,53.70,52.51,137,F,4115,-6.4836
3590,P2,CASC,53.85,49.99,138,F,4135,-6.4449
3600,P2,CASC,54.00,52.51,137,F,4156,-6.4300
3610,P2,CASC,54.15,50.01,138,F,4176,-6.3886
3620,P2,CASC,54.30,52.49,137,F,4197,-6.3705
3630,P2,CASC,54.45,50.01,138,F,4217,-6.3260
3640,P2,CASC,54.60,52.50,138,F,4238,-6.3050
3650,P2,CASC,54.75,50.01,139,F,4258,-6.2576
3660,P2,CASC,54.90,52.48,138,F,4279,-6.2334
3670,P2,CASC,55.05,50.02,139,F,4299,-6.1831
3680,P2,CASC,55.20,52.48,138,F,4320,-6.1559
3690,P2,CASC,55.35,52.51,139,F,4341,-6.1275
3700,P2,CASC,55.50,52.47,139,F,4362,-6.0971
3710,P2,CASC,55.65,50.04,140,F,4382,-6.0410
3720,P2,CASC,55.80,52.50,139,F,4403,-6.0080
3730,P2,CASC,55.95,47.50,141,F,4422,-5.9235
3740,P2,CASC,56.10,52.49,140,F,4443,-5.8875
3750,P2,CASC,56.25,52.49,140,F,4464,-5.8499
3760,P2,CASC,56.40,49.99,141,F,4484,-5.7859
3770,P2,CASC,56.55,50.00,141,F,4504,-5.7204
3780,P2,CASC,56.70,52.51,141,F,4525,-5.6785
3790,P2,CASC,56.85,47.49,142,F,4544,-5.5849
3800,P2,CASC,57.00,52.51,141,F,4565,-5.5400
3810,P2,CASC,57.15,52.49,141,F,4586,-5.4934
3820,P2,CASC,57.30,50.02,142,F,4606,-5.4206
3830,P2,CASC,57.45,52.50,142,F,4627,-5.3711
3840,P2,CASC,57.60,52.49,142,F,4648,-5.3200
3850,P2,CASC,57.75,52.50,142,F,4669,-5.2675
3860,P2,CASC,57.90,52.49,143,F,4690,-5.2134
3870,P2,CASC,58.05,52.52,143,F,4711,-5.1581
3880,P2,CASC,58.20,52.49,143,F,4732,-5.1010
3890,P2,CASC,58.35,54.99,143,F,4754,-5.0674
3900,P2,CASC,58.50,52.50,144,F,4775,-5.0074
3910,P2,CASC,58.65,52.49,144,F,4796,-4.9459
3920,P2,CASC,58.80,55.01,143,F,4818,-4.9080
3930,P2,CASC,58.95,52.51,144,F,4839,-4.8436
3940,P2,CASC,59.10,57.49,143,F,4862,-4.8274
3950,P2,CASC,59.25,55.00,144,F,4884,-4.7849
3960,P2,CASC,59.40,55.00,144,F,4906,-4.7409
3970,P2,CASC,59.55,57.51,144,F,4929,-4.7206
3980,P2,CASC,59.70,57.49,144,F,4952,-4.6984
3990,P2,CASC,59.85,57.50,144,F,4975,-4.6749
4000,P2,CASC,60.00,57.49,144,F,4998,-4.6499
4010,P2,CASC,60.15,54.99,145,F,5020,-4.5983
4020,P2,CASC,60.30,60.01,144,F,5044,-4.5954
4030,P2,CASC,60.45,54.99,145,F,5066,-4.5408
4040,P2,CASC,60.60,55.02,146,F,5088,-4.4851
4050,P2,CASC,60.75,57.49,145,F,5111,-4.4524
4060,P2,CASC,60.90,55.01,146,F,5133,-4.3935
4070,P2,CASC,61.05,57.50,145,F,5156,-4.3580
4080,P2,CASC,61.20,57.49,146,F,5179,-4.3209
4090,P2,CASC,61.35,54.99,147,F,5201,-4.2573
4100,P2,CASC,61.50,60.01,145,F,5225,-4.2424
4110,P2,CASC,61.65,57.51,146,F,5248,-4.2009
4120,P2,CASC,61.80,57.50,147,F,5271,-4.1579
4130,P2,CASC,61.95,57.50,147,F,5294,-4.1134
4140,P2,CASC,62.10,57.49,147,F,5317,-4.0673
4150,P2,CASC,62.25,60.02,146,F,5341,-4.0450
4160,P2,CASC,62.40,57.48,147,F,5364,-3.9958
4170,P2,CASC,62.55,57.51,148,F,5387,-3.9454
4180,P2,CASC,62.70,57.49,148,F,5410,-3.8934
4190,P2,CASC,62.85,60.00,147,F,5434,-3.8649
4200,P2,CASC,63.00,60.00,147,F,5458,-3.8349
4210,P2,CASC,63.15,57.50,148,F,5481,-3.7784
4220,P2,CASC,63.30,60.01,148,F,5505,-3.7455
4230,P2,CASC,63.45,59.98,148,F,5529,-3.7108
4240,P2,CASC,63.60,62.52,147,F,5554,-3.7000
4250,P2,CASC,63.75,57.49,149,F,5577,-3.6375
4260,P2,CASC,63.90,60.01,149,F,5601,-3.5985
4270,P2,CASC,64.05,60.01,149,F,5625,-3.5581
4280,P2,CASC,64.20,59.98,149,F,5649,-3.5158
4290,P2,CASC,64.35,60.01,149,F,5673,-3.4724
4300,P2,CASC,64.50,60.00,149,F,5697,-3.4274
4310,P2,CASC,64.65,57.52,150,F,5720,-3.3561
4320,P2,CASC,64.80,60.00,150,F,5744,-3.3081
4330,P2,CASC,64.95,62.48,149,F,5769,-3.2834
4340,P2,CASC,65.10,60.02,150,F,5793,-3.2326
4350,P2,CASC,65.25,59.99,151,F,5817,-3.1800
4360,P2,CASC,65.40,62.49,150,F,5842,-3.1509
4370,P2,CASC,65.55,65.01,149,F,5868,-3.1455
4380,P2,CASC,65.70,62.48,150,F,5893,-3.1133
4390,P2,CASC,65.85,70.01,147,F,5921,-3.1549
4400,P2,CASC,66.00,75.02,143,F,5951,-3.2451
4410,P2,CASC,66.15,64.98,150,F,5977,-3.2334
4420,P2,CASC,66.30,62.51,150,F,6002,-3.1955
4430,P2,CASC,66.45,59.99,151,F,6026,-3.1310
4440,P2,CASC,66.60,62.51,151,F,6051,-3.0901
4450,P2,CASC,66.75,57.50,153,F,6074,-2.9976
4460,P2,CASC,66.90,60.00,152,F,6098,-2.9286
4470,P2,CASC,67.05,64.99,151,F,6124,-2.9080
4480,P2,CASC,67.20,67.51,151,F,6151,-2.9111
4490,P2,CASC,67.35,70.00,149,F,6179,-2.9376
4500,P2,CASC,67.50,67.50,152,F,6206,-2.9376
4510,P2,CASC,67.65,67.49,151,F,6233,-2.9360
4520,P2,CASC,67.80,67.49,151,F,6260,-2.9328
4530,P2,CASC,67.95,67.53,151,F,6287,-2.9286
4540,P2,CASC,68.10,69.98,150,F,6315,-2.9474
4550,P2,CASC,68.25,65.01,152,F,6341,-2.9150
4560,P2,CASC,68.40,69.99,151,F,6369,-2.9310
4570,P2,CASC,68.55,67.49,151,F,6396,-2.9204
4580,P2,CASC,68.70,70.02,151,F,6424,-2.9336
4590,P2,CASC,68.85,67.47,151,F,6451,-2.9198
4600,P2,CASC,69.00,70.01,151,F,6479,-2.9300
4610,P2,CASC,69.15,67.50,151,F,6506,-2.9135
4620,P2,CASC,69.30,64.99,152,F,6532,-2.8704
4630,P2,CASC,69.45,69.99,152,F,6560,-2.8758
4640,P2,CASC,69.60,67.53,152,F,6587,-2.8551
4650,P2,CASC,69.75,67.49,152,F,6614,-2.8325
4660,P2,CASC,69.90,67.49,152,F,6641,-2.8085
4670,P2,CASC,70.05,70.01,152,F,6669,-2.8081
4680,P2,CASC,70.20,67.48,152,F,6696,-2.7809
4690,P2,CASC,70.35,70.01,152,F,6724,-2.7776
4700,P2,CASC,70.50,67.50,153,F,6751,-2.7476
4710,P2,CASC,70.65,69.98,152,F,6779,-2.7408
4720,P2,CASC,70.80,67.52,153,F,6806,-2.7081
4730,P2,CASC,70.95,67.49,153,F,6833,-2.6735
4740,P2,CASC,71.10,69.99,153,F,6861,-2.6623
4750,P2,CASC,71.25,65.01,154,F,6887,-2.5999
4760,P2,CASC,71.40,67.51,154,F,6914,-2.5610
4770,P2,CASC,71.55,67.49,154,F,6941,-2.5203
4780,P2,CASC,71.70,67.53,154,F,6968,-2.4786
4790,P2,CASC,71.85,67.44,154,F,6995,-2.4345
4800,P2,CASC,72.00,65.05,155,F,7021,-2.3650
4810,P2,CASC,72.15,69.99,154,F,7049,-2.3435
4820,P2,CASC,72.30,67.51,155,F,7076,-2.2955
4830,P2,CASC,72.45,67.49,155,F,7103,-2.2459
4840,P2,CASC,72.60,67.52,156,F,7130,-2.1951
4850,P2,CASC,72.75,69.99,155,F,7158,-2.1674
4860,P2,CASC,72.90,67.51,156,F,7185,-2.1135
4870,P2,CASC,73.05,69.99,155,F,7213,-2.0829
4880,P2,CASC,73.20,67.51,156,F,7240,-2.0260
4890,P2,CASC,73.35,70.01,156,F,7268,-1.9926
4900,P2,CASC,73.50,70.00,156,F,7296,-1.9576
4910,P2,CASC,73.65,69.99,156,F,7324,-1.9210
4920,P2,CASC,73.80,72.48,156,F,7353,-1.9078
4930,P2,CASC,73.95,72.51,156,F,7382,-1.8934
4940,P2,CASC,74.10,70.00,157,F,7410,-1.8524
4950,P2,CASC,74.25,72.46,156,F,7439,-1.8345
4960,P2,CASC,74.40,70.06,157,F,7467,-1.7911
4970,P2,CASC,74.55,67.48,158,F,7494,-1.7204
4980,P2,CASC,74.70,70.00,158,F,7522,-1.6734
4990,P2,CASC,74.85,70.00,158,F,7550,-1.6249
5000,P2,CASC,75.00,70.00,158,F,7578,-1.5749
5010,P2,CASC,75.15,70.02,158,F,7606,-1.5236
5020,P2,CASC,75.30,72.48,158,F,7635,-1.4954
5030,P2,CASC,75.45,72.51,158,F,7664,-1.4659
5040,P2,CASC,75.60,70.01,159,F,7692,-1.4100
5050,P2,CASC,75.75,70.00,159,F,7720,-1.3525
5060,P2,CASC,75.90,75.01,158,F,7750,-1.3436
5070,P2,CASC,76.05,69.98,159,F,7778,-1.2829
5080,P2,CASC,76.20,72.51,159,F,7807,-1.2459
5090,P2,CASC,76.35,72.49,159,F,7836,-1.2074
5100,P2,CASC,76.50,75.01,159,F,7866,-1.1925
5110,P2,CASC,76.65,72.51,159,F,7895,-1.1511
5120,P2,CASC,76.80,74.99,159,F,7925,-1.1330
5130,P2,CASC,76.95,75.00,159,F,7955,-1.1135
5140,P2,CASC,77.10,75.01,159,F,7985,-1.0926
5150,P2,CASC,77.25,72.49,160,F,8014,-1.0450
5160,P2,CASC,77.40,75.00,160,F,8044,-1.0210
5170,P2,CASC,77.55,72.51,160,F,8073,-0.9706
5180,P2,CASC,77.70,72.49,161,F,8102,-0.9184
5190,P2,CASC,77.85,72.51,161,F,8131,-0.8650
5200,P2,CASC,78.00,75.00,160,F,8161,-0.8350
5210,P2,CASC,78.15,72.50,161,F,8190,-0.7785
5220,P2,CASC,78.30,75.01,161,F,8220,-0.7456
5230,P2,CASC,78.45,75.00,161,F,8250,-0.7111
5240,P2,CASC,78.60,77.45,160,F,8281,-0.6995
5250,P2,CASC,78.75,77.53,161,F,8312,-0.6874
5260,P2,CASC,78.90,90.02,152,F,8348,-0.7985
5270,P2,CASC,79.05,77.49,160,F,8379,-0.7830
5280,P2,CASC,79.20,74.99,161,F,8409,-0.7409
5290,P2,CASC,79.35,75.01,162,F,8439,-0.6975
5300,P2,CASC,79.50,72.50,163,F,8468,-0.6275
5310,P2,CASC,79.65,65.00,165,F,8494,-0.4810
5320,P2,CASC,79.80,80.00,161,F,8526,-0.4830
5330,P2,CASC,79.95,79.98,161,F,8558,-0.4833
5340,P2,CASC,80.10,80.03,161,F,8590,-0.4826
5350,P2,CASC,80.25,77.50,162,F,8621,-0.4551
5360,P2,CASC,80.40,82.48,160,F,8654,-0.4759
5370,P2,CASC,80.55,79.98,162,F,8686,-0.4703
5380,P2,CASC,80.70,80.01,162,F,8718,-0.4634
5390,P2,CASC,80.85,80.02,162,F,8750,-0.4551
5400,P2,CASC,81.00,79.98,162,F,8782,-0.4449
5410,P2,CASC,81.15,80.02,163,F,8814,-0.4336
5420,P2,CASC,81.30,80.00,163,F,8846,-0.4206
5430,P2,CASC,81.45,79.98,163,F,8878,-0.4059
5440,P2,CASC,81.60,79.99,163,F,8910,-0.3898
5450,P2,CASC,81.75,80.01,163,F,8942,-0.3724
5460,P2,CASC,81.90,80.01,164,F,8974,-0.3534
5470,P2,CASC,82.05,80.02,164,F,9006,-0.3331
5480,P2,CASC,82.20,79.98,164,F,9038,-0.3109
5490,P2,CASC,82.35,82.50,163,F,9071,-0.3124
5500,P2,CASC,82.50,80.02,164,F,9103,-0.2875
5510,P2,CASC,82.65,82.51,164,F,9136,-0.2861
5520,P2,CASC,82.80,82.48,164,F,9169,-0.2829
5530,P2,CASC,82.95,82.49,164,F,9202,-0.2784
5540,P2,CASC,83.10,80.00,165,F,9234,-0.2474
5550,P2,CASC,83.25,82.51,165,F,9267,-0.2399
5560,P2,CASC,83.40,77.49,166,F,9298,-0.1809
5570,P2,CASC,83.55,80.02,166,F,9330,-0.1456
5580,P2,CASC,83.70,77.48,167,F,9361,-0.0835
5590,P2,CASC,83.85,80.02,167,F,9393,-0.0451
5600,P2,CASC,84.00,80.00,167,F,9425,-0.0051
5610,P2,CASC,84.15,79.98,167,F,9457,0.0366
5620,P2,CASC,84.30,82.52,167,F,9490,0.0544
5630,P2,CASC,84.45,77.48,168,F,9521,0.1240
5640,P2,CASC,84.60,82.51,167,F,9554,0.1450
5650,P2,CASC,84.75,80.00,168,F,9586,0.1925
5660,P2,CASC,84.90,79.99,169,F,9618,0.2415
5670,P2,CASC,85.05,80.01,169,F,9650,0.2920
5680,P2,CASC,85.20,82.48,168,F,9683,0.3191
5690,P2,CASC,85.35,82.49,169,F,9716,0.3477
5700,P2,CASC,85.50,85.00,168,F,9750,0.3527
5710,P2,CASC,85.65,82.52,169,F,9783,0.3840
5720,P2,CASC,85.80,82.47,169,F,9816,0.4174
5730,P2,CASC,85.95,82.54,170,F,9849,0.4515
5740,P2,CASC,86.10,80.00,171,F,9881,0.5125
5750,P2,CASC,86.25,82.48,170,F,9914,0.5502
5760,P2,CASC,86.40,80.02,171,F,9946,0.6140
5770,P2,CASC,86.55,80.01,172,F,9978,0.6795
5780,P2,CASC,86.70,82.45,171,F,10011,0.7220
5790,P2,CASC,86.85,82.54,171,F,10044,0.7650
5800,P2,CASC,87.00,82.50,172,F,10077,0.8100
5810,P2,CASC,87.15,82.52,172,F,10110,0.8564
5820,P2,CASC,87.30,85.00,171,F,10144,0.8794
5830,P2,CASC,87.45,82.48,173,F,10177,0.9291
5840,P2,CASC,87.60,82.52,173,F,10210,0.9800
5850,P2,CASC,87.75,85.01,172,F,10244,1.0074
5860,P2,CASC,87.90,84.99,173,F,10278,1.0365
5870,P2,CASC,88.05,85.00,173,F,10312,1.0670
5880,P2,CASC,88.20,84.98,173,F,10346,1.0991
5890,P2,CASC,88.35,85.01,173,F,10380,1.1325
5900,P2,CASC,88.50,85.00,174,F,10414,1.1675
5910,P2,CASC,88.65,85.01,174,F,10448,1.2040
5920,P2,CASC,88.80,84.98,174,F,10482,1.2421
5930,P2,CASC,88.95,82.49,175,F,10515,1.3067
5940,P2,CASC,89.10,82.51,176,F,10548,1.3726
5950,P2,CASC,89.25,85.03,175,F,10582,1.4149
5960,P2,CASC,89.40,82.49,176,F,10615,1.4840
5970,P2,CASC,89.55,84.98,176,F,10649,1.5296
5980,P2,CASC,89.70,87.51,175,F,10684,1.5515
5990,P2,CASC,89.85,92.44,172,F,10721,1.5257
6000,P2,CASC,90.00,95.09,170,F,10759,1.4748
6010,P2,CASC,90.15,84.99,176,F,10793,1.5264
6020,P2,CASC,90.30,85.00,177,F,10827,1.5794
6030,P2,CASC,90.45,85.00,177,F,10861,1.6339
6040,P2,CASC,90.60,77.51,180,F,10892,1.7648
6050,P2,CASC,90.75,84.98,178,F,10926,1.8225
6060,P2,CASC,90.90,87.52,177,F,10961,1.8563
6070,P2,CASC,91.05,89.96,177,F,10997,1.8672
6080,P2,CASC,91.20,87.51,178,F,11032,1.9041
6090,P2,CASC,91.35,92.47,175,F,11069,1.8929
6100,P2,CASC,91.50,87.52,178,F,11104,1.9327
6110,P2,CASC,91.65,90.03,178,F,11140,1.9489
6120,P2,CASC,91.80,90.01,178,F,11176,1.9668
6130,P2,CASC,91.95,89.98,178,F,11212,1.9865
6140,P2,CASC,92.10,89.99,178,F,11248,2.0076
6150,P2,CASC,92.25,90.02,179,F,11284,2.0299
6160,P2,CASC,92.40,87.48,180,F,11319,2.0791
6170,P2,CASC,92.55,90.01,179,F,11355,2.1045
6180,P2,CASC,92.70,90.01,179,F,11391,2.1314
6190,P2,CASC,92.85,87.49,181,F,11426,2.1850
6200,P2,CASC,93.00,92.50,179,F,11463,2.1900
6210,P2,CASC,93.15,89.99,180,F,11499,2.2216
6220,P2,CASC,93.30,92.51,180,F,11536,2.2295
6230,P2,CASC,93.45,92.49,180,F,11573,2.2391
6240,P2,CASC,93.60,92.51,180,F,11610,2.2500
6250,P2,CASC,93.75,90.01,181,F,11646,2.2874
6260,P2,CASC,93.90,90.00,181,F,11682,2.3264
6270,P2,CASC,94.05,89.98,182,F,11718,2.3671
6280,P2,CASC,94.20,90.00,182,F,11754,2.4091
6290,P2,CASC,94.35,90.03,182,F,11790,2.4523
6300,P2,CASC,94.50,89.97,182,F,11826,2.4976
6310,P2,CASC,94.65,90.00,183,F,11862,2.5441
6320,P2,CASC,94.80,92.52,182,F,11899,2.5669
6330,P2,CASC,94.95,90.00,183,F,11935,2.6164
6340,P2,CASC,95.10,92.51,183,F,11972,2.6423
6350,P2,CASC,95.25,90.00,184,F,12008,2.6948
6360,P2,CASC,95.40,92.50,183,F,12045,2.7238
6370,P2,CASC,95.55,95.00,183,F,12083,2.7293
6380,P2,CASC,95.70,92.49,184,F,12120,2.7614
6390,P2,CASC,95.85,97.48,181,F,12159,2.7451
6400,P2,CASC,96.00,95.01,183,F,12197,2.7550
6410,P2,CASC,96.15,94.99,184,F,12235,2.7666
6420,P2,CASC,96.30,92.51,185,F,12272,2.8045
6430,P2,CASC,96.45,94.99,184,F,12310,2.8191
6440,P2,CASC,96.60,92.53,185,F,12347,2.8598
6450,P2,CASC,96.75,89.97,186,F,12383,2.9276
6460,P2,CASC,96.90,95.03,185,F,12421,2.9463
6470,P2,CASC,97.05,97.50,183,F,12460,2.9418
6480,P2,CASC,97.20,94.99,185,F,12498,2.9639
6490,P2,CASC,97.35,97.49,184,F,12537,2.9625
6500,P2,CASC,97.50,97.51,184,F,12576,2.9624
6510,P2,CASC,97.65,97.48,185,F,12615,2.9641
6520,P2,CASC,97.80,100.02,182,F,12655,2.9419
6530,P2,CASC,97.95,97.50,185,F,12694,2.9464
6540,P2,CASC,98.10,102.47,181,F,12735,2.9027
6550,P2,CASC,98.25,100.03,183,F,12775,2.8849
6560,P2,CASC,98.40,97.47,186,F,12814,2.8942
6570,P2,CASC,98.55,100.02,183,F,12854,2.8795
6580,P2,CASC,98.70,97.50,186,F,12893,2.8915
6590,P2,CASC,98.85,97.50,186,F,12932,2.9050
6600,P2,CASC,99.00,100.01,184,F,12972,2.8949
6610,P2,CASC,99.15,97.50,187,F,13011,2.9114
6620,P2,CASC,99.30,99.99,185,F,13051,2.9045
6630,P2,CASC,99.45,102.51,183,F,13092,2.8739
6640,P2,CASC,99.60,112.51,175,F,13137,2.7448
6650,P2,CASC,99.75,105.00,181,F,13179,2.6923
6660,P2,CASC,99.90,97.47,187,F,13218,2.7166
6670,P2,CASC,100.05,97.50,187,F,13257,2.7421
6680,P2,CASC,100.20,95.02,188,F,13295,2.7939
6690,P2,CASC,100.35,100.01,187,F,13335,2.7973
6700,P2,CASC,100.50,99.97,187,F,13375,2.8026
6710,P2,CASC,100.65,102.51,184,F,13416,2.7840
6720,P2,CASC,100.80,107.52,180,F,13459,2.7168
6730,P2,CASC,100.95,102.49,185,F,13500,2.7014
6740,P2,CASC,101.10,104.99,183,F,13542,2.6625
6750,P2,CASC,101.25,104.96,183,F,13584,2.6254
6760,P2,CASC,101.40,102.48,185,F,13625,2.6146
6770,P2,CASC,101.55,102.55,185,F,13666,2.6046
6780,P2,CASC,101.70,102.53,185,F,13707,2.5963
6790,P2,CASC,101.85,99.98,188,F,13747,2.6150
6800,P2,CASC,102.00,102.51,186,F,13788,2.6099
6810,P2,CASC,102.15,102.50,186,F,13829,2.6064
6820,P2,CASC,102.30,104.99,184,F,13871,2.5795
6830,P2,CASC,102.45,104.98,184,F,13913,2.5542
6840,P2,CASC,102.60,105.04,184,F,13955,2.5298
6850,P2,CASC,102.75,104.96,185,F,13997,2.5077
6860,P2,CASC,102.90,100.01,188,F,14037,2.5366
6870,P2,CASC,103.05,105.03,185,F,14079,2.5168
6880,P2,CASC,103.20,99.97,189,F,14119,2.5491
6890,P2,CASC,103.35,100.00,189,F,14159,2.5826
6900,P2,CASC,103.50,102.53,188,F,14200,2.5923
6910,P2,CASC,103.65,102.50,189,F,14241,2.6038
6920,P2,CASC,103.80,102.47,189,F,14282,2.6171
6930,P2,CASC,103.95,102.51,189,F,14323,2.6315
6940,P2,CASC,104.10,104.98,187,F,14365,2.6227
6950,P2,CASC,104.25,100.03,190,F,14405,2.6649
6960,P2,CASC,104.40,102.48,189,F,14446,2.6841
6970,P2,CASC,104.55,107.50,186,F,14489,2.6546
6980,P2,CASC,104.70,105.01,188,F,14531,2.6515
6990,P2,CASC,104.85,107.50,186,F,14574,2.6250
7000,P2,CASC,105.00,105.00,188,F,14616,2.6250
7010,P2,CASC,105.15,104.98,189,F,14658,2.6267
7020,P2,CASC,105.30,102.53,190,F,14699,2.6544
7030,P2,CASC,105.45,102.48,190,F,14740,2.6841
7040,P2,CASC,105.60,102.53,191,F,14781,2.7148
7050,P2,CASC,105.75,104.96,190,F,14823,2.7227
7060,P2,CASC,105.90,105.04,190,F,14865,2.7313
7070,P2,CASC,106.05,107.40,188,F,14908,2.7178
7080,P2,CASC,106.20,107.56,188,F,14951,2.7041
7090,P2,CASC,106.35,104.99,191,F,14993,2.7177
7100,P2,CASC,106.50,107.52,189,F,15036,2.7075
7110,P2,CASC,106.65,112.52,185,F,15081,2.6488
7120,P2,CASC,106.80,109.99,187,F,15125,2.6169
7130,P2,CASC,106.95,109.98,187,F,15169,2.5866
7140,P2,CASC,107.10,110.01,187,F,15213,2.5575
7150,P2,CASC,107.25,107.51,189,F,15256,2.5549
7160,P2,CASC,107.40,107.50,189,F,15299,2.5539
7170,P2,CASC,107.55,107.49,191,F,15342,2.5545
7180,P2,CASC,107.70,107.51,191,F,15385,2.5564
7190,P2,CASC,107.85,109.98,188,F,15429,2.5351
7200,P2,CASC,108.00,109.96,188,F,15473,2.5156
7210,P2,CASC,108.15,115.06,184,F,15519,2.4465
7220,P2,CASC,108.30,119.99,181,F,15567,2.3296
7230,P2,CASC,108.45,105.02,192,F,15609,2.3639
7240,P2,CASC,108.60,107.47,191,F,15652,2.3752
7250,P2,CASC,108.75,102.54,193,F,15693,2.4373
7260,P2,CASC,108.90,107.50,192,F,15736,2.4513
7270,P2,CASC,109.05,112.48,188,F,15781,2.4170
7280,P2,CASC,109.20,109.98,190,F,15825,2.4092
7290,P2,CASC,109.35,115.01,186,F,15871,2.3526
7300,P2,CASC,109.50,112.53,188,F,15916,2.3223
7310,P2,CASC,109.65,112.50,188,F,15961,2.2938
7320,P2,CASC,109.80,109.96,190,F,16005,2.2922
7330,P2,CASC,109.95,112.50,188,F,16050,2.2667
7340,P2,CASC,110.10,112.46,189,F,16095,2.2432
7350,P2,CASC,110.25,107.56,192,F,16138,2.2700
7360,P2,CASC,110.40,109.99,192,F,16182,2.2742
7370,P2,CASC,110.55,112.53,189,F,16227,2.2543
7380,P2,CASC,110.70,112.50,189,F,16272,2.2363
7390,P2,CASC,110.85,112.49,190,F,16317,2.2199
7400,P2,CASC,111.00,115.01,188,F,16363,2.1798
7410,P2,CASC,111.15,112.49,190,F,16408,2.1664
7420,P2,CASC,111.30,112.49,190,F,16453,2.1545
7430,P2,CASC,111.45,109.99,192,F,16497,2.1691
7440,P2,CASC,111.60,107.53,193,F,16540,2.2098
7450,P2,CASC,111.75,112.39,191,F,16585,2.2034
7460,P2,CASC,111.90,107.60,194,F,16628,2.2465
7470,P2,CASC,112.05,112.51,191,F,16673,2.2419
7480,P2,CASC,112.20,107.46,194,F,16716,2.2893
7490,P2,CASC,112.35,112.50,192,F,16761,2.2878
7500,P2,CASC,112.50,112.55,192,F,16806,2.2873
7510,P2,CASC,112.65,109.97,194,F,16850,2.3142
7520,P2,CASC,112.80,112.53,193,F,16895,2.3168
7530,P2,CASC,112.95,115.00,191,F,16941,2.2963
7540,P2,CASC,113.10,114.98,191,F,16987,2.2776
7550,P2,CASC,113.25,112.52,194,F,17032,2.2848
7560,P2,CASC,113.40,112.47,194,F,17077,2.2942
7570,P2,CASC,113.55,110.01,195,F,17121,2.3296
7580,P2,CASC,113.70,112.48,194,F,17166,2.3418
7590,P2,CASC,113.85,110.03,195,F,17210,2.3800
7600,P2,CASC,114.00,114.98,193,F,17256,2.3702
7610,P2,CASC,114.15,115.03,193,F,17302,2.3614
7620,P2,CASC,114.30,114.99,193,F,17348,2.3545
7630,P2,CASC,114.45,115.00,193,F,17394,2.3490
7640,P2,CASC,114.60,117.49,191,F,17441,2.3201
7650,P2,CASC,114.75,117.49,191,F,17488,2.2927
7660,P2,CASC,114.90,120.01,190,F,17536,2.2416
7670,P2,CASC,115.05,117.51,192,F,17583,2.2170
7680,P2,CASC,115.20,117.46,192,F,17630,2.1943
7690,P2,CASC,115.35,117.54,192,F,17677,2.1725
7700,P2,CASC,115.50,112.47,196,F,17722,2.2028
7710,P2,CASC,115.65,117.51,192,F,17769,2.1842
7720,P2,CASC,115.80,115.02,195,F,17815,2.1920
7730,P2,CASC,115.95,117.51,193,F,17862,2.1763
7740,P2,CASC,116.10,122.50,189,F,17911,2.1123
7750,P2,CASC,116.25,132.41,181,F,17964,1.9508
7760,P2,CASC,116.40,112.57,196,F,18009,1.9891
7770,P2,CASC,116.55,114.99,195,F,18055,2.0047
7780,P2,CASC,116.70,110.00,197,F,18099,2.0717
7790,P2,CASC,116.85,117.48,194,F,18146,2.0654
7800,P2,CASC,117.00,120.05,192,F,18194,2.0350
7810,P2,CASC,117.15,120.00,192,F,18242,2.0065
7820,P2,CASC,117.30,119.99,192,F,18290,1.9796
7830,P2,CASC,117.45,117.48,195,F,18337,1.9793
7840,P2,CASC,117.60,122.50,191,F,18386,1.9303
7850,P2,CASC,117.75,120.04,193,F,18434,1.9075
7860,P2,CASC,117.90,117.48,195,F,18481,1.9117
7870,P2,CASC,118.05,117.49,196,F,18528,1.9173
7880,P2,CASC,118.20,120.01,193,F,18576,1.8992
7890,P2,CASC,118.35,117.50,196,F,18623,1.9077
7900,P2,CASC,118.50,122.52,192,F,18672,1.8674
7910,P2,CASC,118.65,119.96,194,F,18720,1.8543
7920,P2,CASC,118.80,122.54,192,F,18769,1.8169
7930,P2,CASC,118.95,119.96,194,F,18817,1.8068
7940,P2,CASC,119.10,122.54,192,F,18866,1.7724
7950,P2,CASC,119.25,117.48,196,F,18913,1.7902
7960,P2,CASC,119.40,115.01,197,F,18959,1.8340
7970,P2,CASC,119.55,117.50,197,F,19006,1.8545
7980,P2,CASC,119.70,119.98,195,F,19054,1.8518
7990,P2,CASC,119.85,117.52,197,F,19101,1.8750
8000,P2,CASC,120.00,117.50,197,F,19148,1.9000
8010,P2,CASC,120.15,119.99,197,F,19196,1.9017
8020,P2,CASC,120.30,117.48,198,F,19243,1.9299
8030,P2,CASC,120.45,120.02,197,F,19291,1.9342
8040,P2,CASC,120.60,125.00,193,F,19341,1.8902
8050,P2,CASC,120.75,122.50,195,F,19390,1.8727
8060,P2,CASC,120.90,119.99,197,F,19438,1.8818
8070,P2,CASC,121.05,120.00,198,F,19486,1.8923
8080,P2,CASC,121.20,117.51,199,F,19533,1.9292
8090,P2,CASC,121.35,117.49,199,F,19580,1.9678
8100,P2,CASC,121.50,122.52,196,F,19629,1.9575
8110,P2,CASC,121.65,119.98,198,F,19677,1.9743
8120,P2,CASC,121.80,122.50,197,F,19726,1.9673
8130,P2,CASC,121.95,125.03,195,F,19776,1.9365
8140,P2,CASC,122.10,122.49,197,F,19825,1.9327
8150,P2,CASC,122.25,127.50,193,F,19876,1.8802
8160,P2,CASC,122.40,124.99,195,F,19926,1.8543
8170,P2,CASC,122.55,127.50,194,F,19977,1.8048
8180,P2,CASC,122.70,125.01,196,F,20027,1.7817
8190,P2,CASC,122.85,125.01,196,F,20077,1.7600
8200,P2,CASC,123.00,122.44,198,F,20126,1.7656
8210,P2,CASC,123.15,122.55,199,F,20175,1.7716
8220,P2,CASC,123.30,124.91,196,F,20225,1.7555
8230,P2,CASC,123.45,125.11,196,F,20275,1.7389
8240,P2,CASC,123.60,137.46,187,F,20330,1.6003
8250,P2,CASC,123.75,127.51,195,F,20381,1.5627
8260,P2,CASC,123.90,122.50,199,F,20430,1.5767
8270,P2,CASC,124.05,120.02,200,F,20478,1.6169
8280,P2,CASC,124.20,114.98,201,F,20524,1.7092
8290,P2,CASC,124.35,127.51,196,F,20575,1.6775
8300,P2,CASC,124.50,127.50,196,F,20626,1.6475
8310,P2,CASC,124.65,130.00,194,F,20678,1.5940
8320,P2,CASC,124.80,124.96,198,F,20728,1.5924
8330,P2,CASC,124.95,127.53,196,F,20779,1.5667
8340,P2,CASC,125.10,127.50,196,F,20830,1.5427
8350,P2,CASC,125.25,127.49,197,F,20881,1.5203
8360,P2,CASC,125.40,122.51,200,F,20930,1.5492
8370,P2,CASC,125.55,127.50,197,F,20981,1.5297
8380,P2,CASC,125.70,125.01,199,F,21031,1.5365
8390,P2,CASC,125.85,130.01,196,F,21083,1.4949
8400,P2,CASC,126.00,127.46,198,F,21134,1.4803
8410,P2,CASC,126.15,130.04,196,F,21186,1.4414
8420,P2,CASC,126.30,127.49,198,F,21237,1.4295
8430,P2,CASC,126.45,127.42,198,F,21288,1.4198
8440,P2,CASC,126.60,122.57,201,F,21337,1.4601
8450,P2,CASC,126.75,127.50,199,F,21388,1.4526
8460,P2,CASC,126.90,124.99,200,F,21438,1.4717
8470,P2,CASC,127.05,125.01,201,F,21488,1.4921
8480,P2,CASC,127.20,122.51,202,F,21537,1.5389
8490,P2,CASC,127.35,127.49,200,F,21588,1.5376
8500,P2,CASC,127.50,125.00,201,F,21638,1.5626
8510,P2,CASC,127.65,127.47,201,F,21689,1.5643
8520,P2,CASC,127.80,132.53,196,F,21742,1.5171
8530,P2,CASC,127.95,129.99,198,F,21794,1.4967
8540,P2,CASC,128.10,127.50,201,F,21845,1.5027
8550,P2,CASC,128.25,125.03,202,F,21895,1.5349
8560,P2,CASC,128.40,122.46,203,F,21944,1.5943
8570,P2,CASC,128.55,125.04,202,F,21994,1.6294
8580,P2,CASC,128.70,127.50,202,F,22045,1.6414
8590,P2,CASC,128.85,129.96,200,F,22097,1.6303
8600,P2,CASC,129.00,132.50,198,F,22150,1.5953
8610,P2,CASC,129.15,127.50,202,F,22201,1.6118
8620,P2,CASC,129.30,132.53,199,F,22254,1.5796
8630,P2,CASC,129.45,132.46,199,F,22307,1.5495
8640,P2,CASC,129.60,135.01,197,F,22361,1.4953
8650,P2,CASC,129.75,132.50,199,F,22414,1.4678
8660,P2,CASC,129.90,135.03,197,F,22468,1.4165
8670,P2,CASC,130.05,127.46,203,F,22519,1.4424
8680,P2,CASC,130.20,132.50,200,F,22572,1.4194
8690,P2,CASC,130.35,130.00,202,F,22624,1.4229
8700,P2,CASC,130.50,132.55,200,F,22677,1.4024
8710,P2,CASC,130.65,147.46,188,F,22736,1.2343
8720,P2,CASC,130.80,132.54,200,F,22789,1.2169
8730,P2,CASC,130.95,127.46,203,F,22840,1.2518
8740,P2,CASC,131.10,130.04,202,F,22892,1.2624
8750,P2,CASC,131.25,122.48,205,F,22941,1.3502
8760,P2,CASC,131.40,135.03,199,F,22995,1.3139
8770,P2,CASC,131.55,135.00,199,F,23049,1.2794
8780,P2,CASC,131.70,132.45,201,F,23102,1.2719
8790,P2,CASC,131.85,135.03,199,F,23156,1.2402
8800,P2,CASC,132.00,132.51,202,F,23209,1.2350
8810,P2,CASC,132.15,134.99,200,F,23263,1.2067
8820,P2,CASC,132.30,132.53,202,F,23316,1.2044
8830,P2,CASC,132.45,132.45,203,F,23369,1.2044
8840,P2,CASC,132.60,135.01,200,F,23423,1.1803
8850,P2,CASC,132.75,135.04,201,F,23477,1.1574
8860,P2,CASC,132.90,134.99,201,F,23531,1.1365
8870,P2,CASC,133.05,137.51,199,F,23586,1.0919
8880,P2,CASC,133.20,134.87,201,F,23640,1.0752
8890,P2,CASC,133.35,132.61,203,F,23693,1.0827
8900,P2,CASC,133.50,130.00,204,F,23745,1.1177
8910,P2,CASC,133.65,132.53,204,F,23798,1.1289
8920,P2,CASC,133.80,132.47,204,F,23851,1.1422
8930,P2,CASC,133.95,132.53,204,F,23904,1.1564
8940,P2,CASC,134.10,132.46,204,F,23957,1.1728
8950,P2,CASC,134.25,132.50,204,F,24010,1.1903
8960,P2,CASC,134.40,132.51,204,F,24063,1.2092
8970,P2,CASC,134.55,135.03,203,F,24117,1.2044
8980,P2,CASC,134.70,140.00,199,F,24173,1.1514
8990,P2,CASC,134.85,132.46,205,F,24226,1.1753
9000,P2,CASC,135.00,132.54,205,F,24279,1.1999
9010,P2,CASC,135.15,132.50,205,F,24332,1.2264
9020,P2,CASC,135.30,129.96,206,F,24384,1.2798
9030,P2,CASC,135.45,134.99,205,F,24438,1.2844
9040,P2,CASC,135.60,135.01,205,F,24492,1.2903
9050,P2,CASC,135.75,137.54,203,F,24547,1.2724
9060,P2,CASC,135.90,137.47,203,F,24602,1.2567
9070,P2,CASC,136.05,140.00,202,F,24658,1.2172
9080,P2,CASC,136.20,140.01,202,F,24714,1.1790
9090,P2,CASC,136.35,140.01,202,F,24770,1.1424
9100,P2,CASC,136.50,140.00,202,F,24826,1.1074
9110,P2,CASC,136.65,140.00,202,F,24882,1.0739
9120,P2,CASC,136.80,134.99,206,F,24936,1.0920
9130,P2,CASC,136.95,137.51,204,F,24991,1.0864
9140,P2,CASC,137.10,139.96,203,F,25047,1.0578
9150,P2,CASC,137.25,142.50,201,F,25104,1.0053
9160,P2,CASC,137.40,152.52,193,F,25165,0.8541
9170,P2,CASC,137.55,134.99,206,F,25219,0.8798
9180,P2,CASC,137.70,137.49,205,F,25274,0.8819
9190,P2,CASC,137.85,125.04,209,F,25324,1.0100
9200,P2,CASC,138.00,140.00,204,F,25380,0.9900
9210,P2,CASC,138.15,142.51,202,F,25437,0.9464
9220,P2,CASC,138.30,140.00,204,F,25493,0.9294
9230,P2,CASC,138.45,139.96,204,F,25549,0.9143
9240,P2,CASC,138.60,142.54,202,F,25606,0.8749
9250,P2,CASC,138.75,142.39,203,F,25663,0.8385
9260,P2,CASC,138.90,137.61,206,F,25718,0.8514
9270,P2,CASC,139.05,139.99,205,F,25774,0.8421
9280,P2,CASC,139.20,139.97,205,F,25830,0.8344
9290,P2,CASC,139.35,142.54,203,F,25887,0.8024
9300,P2,CASC,139.50,142.50,203,F,25944,0.7724
9310,P2,CASC,139.65,144.99,202,F,26002,0.7191
9320,P2,CASC,139.80,140.01,206,F,26058,0.7169
9330,P2,CASC,139.95,137.47,207,F,26113,0.7417
9340,P2,CASC,140.10,139.89,206,F,26169,0.7438
9350,P2,CASC,140.25,135.12,208,F,26223,0.7951
9360,P2,CASC,140.40,142.49,205,F,26280,0.7743
9370,P2,CASC,140.55,134.99,208,F,26334,0.8299
9380,P2,CASC,140.70,140.03,207,F,26390,0.8366
9390,P2,CASC,140.85,139.99,207,F,26446,0.8452
9400,P2,CASC,141.00,139.99,207,F,26502,0.8554
9410,P2,CASC,141.15,145.03,204,F,26560,0.8166
9420,P2,CASC,141.30,139.97,208,F,26616,0.8299
9430,P2,CASC,141.45,140.03,208,F,26672,0.8441
9440,P2,CASC,141.60,137.47,209,F,26727,0.8854
9450,P2,CASC,141.75,137.53,209,F,26782,0.9276
9460,P2,CASC,141.90,139.97,209,F,26838,0.9469
9470,P2,CASC,142.05,142.54,207,F,26895,0.9419
9480,P2,CASC,142.20,145.00,206,F,26953,0.9139
9490,P2,CASC,142.35,142.46,208,F,27010,0.9129
9500,P2,CASC,142.50,147.54,204,F,27069,0.8624
9510,P2,CASC,142.65,147.50,204,F,27128,0.8139
9520,P2,CASC,142.80,149.97,202,F,27188,0.7422
9530,P2,CASC,142.95,145.01,206,F,27246,0.7216
9540,P2,CASC,143.10,142.51,208,F,27303,0.7274
9550,P2,CASC,143.25,144.96,207,F,27361,0.7104
9560,P2,CASC,143.40,142.49,209,F,27418,0.7195
9570,P2,CASC,143.55,145.06,207,F,27476,0.7044
9580,P2,CASC,143.70,159.98,195,F,27540,0.5416
9590,P2,CASC,143.85,147.51,205,F,27599,0.5050
9600,P2,CASC,144.00,140.00,209,F,27655,0.5450
9610,P2,CASC,144.15,137.49,210,F,27710,0.6116
9620,P2,CASC,144.30,139.97,210,F,27766,0.6549
9630,P2,CASC,144.45,147.51,206,F,27825,0.6242
9640,P2,CASC,144.60,147.49,206,F,27884,0.5954
9650,P2,CASC,144.75,147.53,206,F,27943,0.5676
9660,P2,CASC,144.90,147.50,207,F,28002,0.5416
9670,P2,CASC,145.05,147.50,207,F,28061,0.5171
9680,P2,CASC,145.20,145.00,209,F,28119,0.5191
9690,P2,CASC,145.35,147.49,207,F,28178,0.4977
9700,P2,CASC,145.50,145.00,209,F,28236,0.5027
9710,P2,CASC,145.65,150.01,205,F,28296,0.4591
9720,P2,CASC,145.80,149.97,206,F,28356,0.4174
9730,P2,CASC,145.95,147.51,208,F,28415,0.4017
9740,P2,CASC,146.10,147.53,208,F,28474,0.3874
9750,P2,CASC,146.25,145.00,210,F,28532,0.3999
9760,P2,CASC,146.40,145.00,210,F,28590,0.4139
9770,P2,CASC,146.55,145.00,210,F,28648,0.4294
9780,P2,CASC,146.70,144.97,210,F,28706,0.4467
9790,P2,CASC,146.85,145.00,210,F,28764,0.4652
9800,P2,CASC,147.00,144.97,211,F,28822,0.4855
9810,P2,CASC,147.15,145.04,211,F,28880,0.5066
9820,P2,CASC,147.30,150.00,208,F,28940,0.4796
9830,P2,CASC,147.45,149.97,208,F,29000,0.4544
9840,P2,CASC,147.60,145.04,211,F,29058,0.4799
9850,P2,CASC,147.75,144.91,211,F,29116,0.5083
9860,P2,CASC,147.90,142.56,212,F,29173,0.5617
9870,P2,CASC,148.05,145.00,212,F,29231,0.5922
9880,P2,CASC,148.20,147.49,211,F,29290,0.5994
9890,P2,CASC,148.35,150.03,210,F,29350,0.5826
9900,P2,CASC,148.50,149.99,210,F,29410,0.5677
9910,P2,CASC,148.65,152.53,208,F,29471,0.5289
9920,P2,CASC,148.80,154.95,206,F,29533,0.4674
9930,P2,CASC,148.95,155.05,206,F,29595,0.4064
9940,P2,CASC,149.10,149.96,210,F,29655,0.3979
9950,P2,CASC,149.25,150.00,210,F,29715,0.3904
9960,P2,CASC,149.40,149.99,211,F,29775,0.3845
9970,P2,CASC,149.55,150.01,211,F,29835,0.3799
9980,P2,CASC,149.70,155.03,207,F,29897,0.3266
9990,P2,CASC,149.85,165.02,199,F,29963,0.1749
10000,P2,CASC,150.00,147.47,212,F,30022,0.2002
10010,P2,CASC,150.00,147.43,212,F,30081,0.2259
10020,P2,CASC,150.00,140.10,214,F,30137,0.3250
10030,P2,CASC,150.00,152.48,209,F,30198,0.3001
10040,P2,CASC,150.00,152.52,209,F,30259,0.2750
10050,P2,CASC,150.00,152.47,209,F,30320,0.2503
10060,P2,CASC,150.00,154.92,207,F,30382,0.2010
10070,P2,CASC,150.00,152.55,209,F,30443,0.1756
10080,P2,CASC,150.00,150.01,211,F,30503,0.1754
10090,P2,CASC,150.00,152.48,209,F,30564,0.1506
10100,P2,CASC,150.00,150.01,211,F,30624,0.1504
10110,P2,CASC,150.00,152.50,209,F,30685,0.1254
10120,P2,CASC,150.00,155.02,207,F,30747,0.0753
10130,P2,CASC,150.00,155.03,207,F,30809,0.0250
10140,P2,CASC,150.00,152.50,209,F,30870,-0.0000
10150,P2,CASC,150.00,147.49,211,F,30929,0.0251
10160,P2,CASC,150.00,147.49,211,F,30988,0.0503
10170,P2,CASC,150.00,149.99,211,F,31048,0.0504
10180,P2,CASC,150.00,147.51,211,F,31107,0.0753
10190,P2,CASC,150.00,150.03,211,F,31167,0.0750
10200,P2,CASC,150.00,147.50,212,F,31226,0.1000
10210,P2,CASC,150.00,149.99,211,F,31286,0.1001
10220,P2,CASC,150.00,152.47,209,F,31347,0.0754
10230,P2,CASC,150.00,150.00,211,F,31407,0.0754
10240,P2,CASC,150.00,150.00,211,F,31467,0.0754
10250,P2,CASC,150.00,145.01,212,F,31525,0.1253
10260,P2,CASC,150.00,147.50,212,F,31584,0.1503
10270,P2,CASC,150.00,147.51,212,F,31643,0.1751
10280,P2,CASC,150.00,149.96,211,F,31703,0.1756
10290,P2,CASC,150.00,152.56,209,F,31764,0.1500
10300,P2,CASC,150.00,152.48,209,F,31825,0.1251
10310,P2,CASC,150.00,155.00,207,F,31887,0.0751
10320,P2,CASC,150.00,159.94,203,F,31951,-0.0242
10330,P2,CASC,150.00,152.55,208,F,32012,-0.0497
10340,P2,CASC,150.00,154.94,206,F,32074,-0.0991
10350,P2,CASC,150.00,147.57,211,F,32133,-0.0748
10360,P2,CASC,150.00,150.00,210,F,32193,-0.0748
10370,P2,CASC,150.00,152.47,208,F,32254,-0.0995
10380,P2,CASC,150.00,157.52,204,F,32317,-0.1747
10390,P2,CASC,150.00,162.53,200,F,32382,-0.3000
10400,P2,CASC,150.00,144.99,211,F,32440,-0.2498
10410,P2,CASC,150.00,147.51,211,F,32499,-0.2250
10420,P2,CASC,150.00,142.44,212,F,32556,-0.1494
10430,P2,CASC,150.00,150.06,210,F,32616,-0.1500
10440,P2,CASC,150.00,152.48,208,F,32677,-0.1749
10450,P2,CASC,150.00,152.50,208,F,32738,-0.1999
10460,P2,CASC,150.00,152.48,208,F,32799,-0.2247
10470,P2,CASC,150.00,152.53,208,F,32860,-0.2500
10480,P2,CASC,150.00,149.97,210,F,32920,-0.2497
10490,P2,CASC,150.00,150.03,210,F,32980,-0.2500
10500,P2,CASC,150.00,152.47,208,F,33041,-0.2747
10510,P2,CASC,150.00,152.53,208,F,33102,-0.3000
10520,P2,CASC,150.00,154.98,206,F,33164,-0.3499
10530,P2,CASC,150.00,150.01,210,F,33224,-0.3500
10540,P2,CASC,150.00,152.50,208,F,33285,-0.3750
10550,P2,CASC,150.00,147.50,210,F,33344,-0.3500
10560,P2,CASC,150.00,147.49,210,F,33403,-0.3249
10570,P2,CASC,150.00,147.51,210,F,33462,-0.3000
10580,P2,CASC,150.00,147.47,210,F,33521,-0.2747
10590,P2,CASC,150.00,147.51,211,F,33580,-0.2499
10600,P2,CASC,150.00,147.50,211,F,33639,-0.2249
10610,P2,CASC,150.00,150.00,210,F,33699,-0.2249
10620,P2,CASC,150.00,152.50,208,F,33760,-0.2499
10630,P2,CASC,150.00,149.96,210,F,33820,-0.2494
10640,P2,CASC,150.00,147.56,211,F,33879,-0.2250
10650,P2,CASC,150.00,144.96,211,F,33937,-0.1746
10660,P2,CASC,150.00,145.01,212,F,33995,-0.1247
10670,P2,CASC,150.00,150.00,210,F,34055,-0.1247
10680,P2,CASC,150.00,150.01,210,F,34115,-0.1249
10690,P2,CASC,150.00,150.01,210,F,34175,-0.1250
10700,P2,CASC,150.00,152.50,208,F,34236,-0.1500
10710,P2,CASC,150.00,154.91,206,F,34298,-0.1991
10720,P2,CASC,150.00,155.05,206,F,34360,-0.2496
10730,P2,CASC,150.00,155.02,206,F,34422,-0.2997
10740,P2,CASC,150.00,152.53,208,F,34483,-0.3250
10750,P2,CASC,150.00,147.47,210,F,34542,-0.2997
10760,P2,CASC,150.00,149.97,210,F,34602,-0.2994
10770,P2,CASC,150.00,152.53,208,F,34663,-0.3247
10780,P2,CASC,150.00,160.03,202,F,34727,-0.4251
10790,P2,CASC,150.00,157.47,204,F,34790,-0.4997
10800,P2,CASC,150.00,144.99,211,F,34848,-0.4496
10810,P2,CASC,150.00,140.00,212,F,34904,-0.3496
10820,P2,CASC,150.00,150.00,210,F,34964,-0.3496
10830,P2,CASC,150.00,150.01,210,F,35024,-0.3497
10840,P2,CASC,150.00,154.98,206,F,35086,-0.3996
10850,P2,CASC,150.00,152.52,208,F,35147,-0.4247
10860,P2,CASC,150.00,152.48,207,F,35208,-0.4496
10870,P2,CASC,150.00,150.05,209,F,35268,-0.4500
10880,P2,CASC,150.00,150.00,209,F,35328,-0.4500
10890,P2,CASC,150.00,149.99,209,F,35388,-0.4499
10900,P2,CASC,150.00,150.00,209,F,35448,-0.4499
10910,P2,CASC,150.00,152.52,207,F,35509,-0.4750
10920,P2,CASC,150.00,155.00,205,F,35571,-0.5250
10930,P2,CASC,150.00,152.47,207,F,35632,-0.5497
10940,P2,CASC,150.00,149.99,209,F,35692,-0.5496
10950,P2,CASC,150.00,147.43,210,F,35751,-0.5238
10960,P2,CASC,150.00,145.09,211,F,35809,-0.4747
10970,P2,CASC,150.00,150.01,209,F,35869,-0.4749
10980,P2,CASC,150.00,145.00,211,F,35927,-0.4249
10990,P2,CASC,150.00,147.51,210,F,35986,-0.4000
11000,P2,CASC,150.00,147.44,210,F,36045,-0.3744
11010,P2,CASC,150.00,147.53,210,F,36104,-0.3497
11020,P2,CASC,150.00,154.98,206,F,36166,-0.3996
11030,P2,CASC,150.00,147.50,210,F,36225,-0.3746
11040,P2,CASC,150.00,147.53,210,F,36284,-0.3499
11050,P2,CASC,150.00,145.01,211,F,36342,-0.3000
11060,P2,CASC,150.00,142.49,212,F,36399,-0.2249
11070,P2,CASC,150.00,149.97,210,F,36459,-0.2246
11080,P2,CASC,150.00,147.51,211,F,36518,-0.1997
11090,P2,CASC,150.00,152.52,208,F,36579,-0.2249
11100,P2,CASC,150.00,150.00,210,F,36639,-0.2249
11110,P2,CASC,150.00,154.95,206,F,36701,-0.2744
11120,P2,CASC,150.00,157.50,204,F,36764,-0.3494
11130,P2,CASC,150.00,152.50,208,F,36825,-0.3744
11140,P2,CASC,150.00,152.52,208,F,36886,-0.3996
11150,P2,CASC,150.00,147.54,210,F,36945,-0.3750
11160,P2,CASC,150.00,149.96,209,F,37005,-0.3745
11170,P2,CASC,150.00,150.01,210,F,37065,-0.3747
11180,P2,CASC,150.00,162.52,200,F,37130,-0.4999
11190,P2,CASC,150.00,157.52,203,F,37193,-0.5750
11200,P2,CASC,150.00,144.99,210,F,37251,-0.5249
11210,P2,CASC,150.00,142.51,211,F,37308,-0.4500
11220,P2,CASC,150.00,144.97,211,F,37366,-0.3997
11230,P2,CASC,150.00,152.47,208,F,37427,-0.4244
11240,P2,CASC,150.00,152.52,207,F,37488,-0.4496
11250,P2,CASC,150.00,152.48,207,F,37549,-0.4744
11260,P2,CASC,150.00,150.03,209,F,37609,-0.4747
11270,P2,CASC,150.00,152.50,207,F,37670,-0.4997
11280,P2,CASC,150.00,147.51,210,F,37729,-0.4749
11290,P2,CASC,150.00,149.97,209,F,37789,-0.4746
11300,P2,CASC,150.00,150.00,209,F,37849,-0.4746
11310,P2,CASC,150.00,152.55,207,F,37910,-0.5000
11320,P2,CASC,150.00,154.98,205,F,37972,-0.5499
11330,P2,CASC,150.00,150.00,209,F,38032,-0.5499
11340,P2,CASC,150.00,152.48,207,F,38093,-0.5747
11350,P2,CASC,150.00,145.01,210,F,38151,-0.5249
11360,P2,CASC,150.00,147.47,210,F,38210,-0.4996
11370,P2,CASC,150.00,147.54,210,F,38269,-0.4750
11380,P2,CASC,150.00,147.44,210,F,38328,-0.4494
11390,P2,CASC,150.00,147.53,210,F,38387,-0.4247
11400,P2,CASC,150.00,144.99,211,F,38445,-0.3746
11410,P2,CASC,150.00,150.00,210,F,38505,-0.3746
11420,P2,CASC,150.00,152.55,208,F,38566,-0.4000
11430,P2,CASC,150.00,147.47,210,F,38625,-0.3747
11440,P2,CASC,150.00,149.91,209,F,38685,-0.3738
11450,P2,CASC,150.00,142.59,212,F,38742,-0.2997
11460,P2,CASC,150.00,144.99,211,F,38800,-0.2495
11470,P2,CASC,150.00,150.01,210,F,38860,-0.2497
11480,P2,CASC,150.00,147.51,211,F,38919,-0.2248
11490,P2,CASC,150.00,152.50,208,F,38980,-0.2498
11500,P2,CASC,150.00,149.99,210,F,39040,-0.2497
11510,P2,CASC,150.00,155.03,206,F,39102,-0.3000
11520,P2,CASC,150.00,157.47,204,F,39165,-0.3747
11530,P2,CASC,150.00,152.50,208,F,39226,-0.3997
11540,P2,CASC,150.00,152.50,208,F,39287,-0.4247
11550,P2,CASC,150.00,147.49,210,F,39346,-0.3995
11560,P2,CASC,150.00,150.03,209,F,39406,-0.3998
11570,P2,CASC,150.00,152.45,208,F,39467,-0.4244
11580,P2,CASC,150.00,160.03,201,F,39531,-0.5247
11590,P2,CASC,150.00,157.48,203,F,39594,-0.5995
11600,P2,CASC,150.00,145.03,210,F,39652,-0.5498
11610,P2,CASC,150.00,142.47,211,F,39709,-0.4745
11620,P2,CASC,150.00,147.50,210,F,39768,-0.4495
11630,P2,CASC,150.00,150.00,209,F,39828,-0.4495
11640,P2,CASC,150.00,152.50,207,F,39889,-0.4745
11650,P2,CASC,150.00,152.50,207,F,39950,-0.4995
11660,P2,CASC,150.00,150.03,209,F,40010,-0.4998
11670,P2,CASC,150.00,152.48,207,F,40071,-0.5247
11680,P2,CASC,150.00,147.49,210,F,40130,-0.4995
11690,P2,CASC,150.00,150.00,209,F,40190,-0.4995
11700,P2,CASC,150.00,152.41,207,F,40251,-0.5236
11710,P2,CASC,150.00,150.09,209,F,40311,-0.5245
11720,P2,CASC,150.00,155.02,205,F,40373,-0.5747
11730,P2,CASC,150.00,152.47,207,F,40434,-0.5994
11740,P2,CASC,150.00,150.05,209,F,40494,-0.5998
11750,P2,CASC,150.00,145.00,210,F,40552,-0.5498
11760,P2,CASC,150.00,147.50,210,F,40611,-0.5248
11770,P2,CASC,150.00,149.96,209,F,40671,-0.5244
11780,P2,CASC,150.00,145.01,211,F,40729,-0.4745
11790,P2,CASC,150.00,147.51,210,F,40788,-0.4497
11800,P2,CASC,150.00,147.47,210,F,40847,-0.4244
11810,P2,CASC,150.00,147.54,210,F,40906,-0.3998
11820,P2,CASC,150.00,152.47,208,F,40967,-0.4245
11830,P2,CASC,150.00,150.00,209,F,41027,-0.4245
11840,P2,CASC,150.00,147.53,210,F,41086,-0.3998
11850,P2,CASC,150.00,144.99,211,F,41144,-0.3497
11860,P2,CASC,150.00,142.51,212,F,41201,-0.2748
11870,P2,CASC,150.00,149.96,210,F,41261,-0.2744
11880,P2,CASC,150.00,147.54,211,F,41320,-0.2498
11890,P2,CASC,150.00,152.48,208,F,41381,-0.2747
11900,P2,CASC,150.00,152.48,208,F,41442,-0.2995
11910,P2,CASC,150.00,152.55,208,F,41503,-0.3250
11920,P2,CASC,150.00,157.44,204,F,41566,-0.3993
11930,P2,CASC,150.00,152.50,208,F,41627,-0.4243
11940,P2,CASC,150.00,152.52,207,F,41688,-0.4495
11950,P2,CASC,150.00,150.01,209,F,41748,-0.4496
11960,P2,CASC,150.00,147.50,210,F,41807,-0.4246
11970,P2,CASC,150.00,152.50,207,F,41868,-0.4496
11980,P2,CASC,150.00,160.00,201,F,41932,-0.5496
11990,P2,CASC,150.00,157.50,203,F,41995,-0.6246
12000,P2,CASC,150.00,145.01,210,F,42053,-0.5748
12010,P2,CASC,150.00,139.97,212,F,42109,-0.4745
12020,P2,CASC,150.00,147.50,210,F,42168,-0.4495
12030,P2,CASC,150.00,152.52,207,F,42229,-0.4746
12040,P2,CASC,150.00,152.53,207,F,42290,-0.5000
12050,P2,CASC,150.00,152.48,207,F,42351,-0.5248
12060,P2,CASC,150.00,150.00,209,F,42411,-0.5248
12070,P2,CASC,150.00,152.50,207,F,42472,-0.5498
12080,P2,CASC,150.00,147.49,210,F,42531,-0.5247
12090,P2,CASC,150.00,150.00,209,F,42591,-0.5247
12100,P2,CASC,150.00,149.99,209,F,42651,-0.5245
12110,P2,CASC,150.00,152.53,207,F,42712,-0.5498
12120,P2,CASC,150.00,154.97,205,F,42774,-0.5995
12130,P2,CASC,150.00,150.03,209,F,42834,-0.5998
12140,P2,CASC,150.00,152.47,207,F,42895,-0.6245
12150,P2,CASC,150.00,145.01,210,F,42953,-0.5746
12160,P2,CASC,150.00,147.53,210,F,43012,-0.5499
12170,P2,CASC,150.00,147.46,210,F,43071,-0.5245
12180,P2,CASC,150.00,147.53,210,F,43130,-0.4998
12190,P2,CASC,150.00,147.49,210,F,43189,-0.4746
12200,P2,CASC,150.00,144.99,211,F,43247,-0.4245
12210,P2,CASC,150.00,150.01,209,F,43307,-0.4246
12220,P2,CASC,150.00,152.48,207,F,43368,-0.4495
12230,P2,CASC,150.00,150.03,209,F,43428,-0.4498
12240,P2,CASC,150.00,147.46,210,F,43487,-0.4243
12250,P2,CASC,150.00,142.50,212,F,43544,-0.3493
12260,P2,CASC,150.00,145.06,211,F,43602,-0.2999
12270,P2,CASC,150.00,149.99,210,F,43662,-0.2998
12280,P2,CASC,150.00,147.50,210,F,43721,-0.2748
12290,P2,CASC,150.00,150.01,210,F,43781,-0.2749
12300,P2,CASC,150.00,152.50,208,F,43842,-0.2999
12310,P2,CASC,150.00,155.00,206,F,43904,-0.3499
12320,P2,CASC,150.00,155.00,206,F,43966,-0.3999
12330,P2,CASC,150.00,152.44,208,F,44027,-0.4243
12340,P2,CASC,150.00,152.53,207,F,44088,-0.4496
12350,P2,CASC,150.00,149.99,209,F,44148,-0.4495
12360,P2,CASC,150.00,150.05,209,F,44208,-0.4499
12370,P2,CASC,150.00,149.99,209,F,44268,-0.4498
12380,P2,CASC,150.00,162.52,199,F,44333,-0.5749
12390,P2,CASC,150.00,154.97,205,F,44395,-0.6246
12400,P2,CASC,150.00,145.01,210,F,44453,-0.5748
12410,P2,CASC,150.00,142.49,211,F,44510,-0.4996
12420,P2,CASC,150.00,147.53,210,F,44569,-0.4749
12430,P2,CASC,150.00,152.41,207,F,44630,-0.4990
12440,P2,CASC,150.00,152.55,207,F,44691,-0.5245
12450,P2,CASC,150.00,150.05,209,F,44751,-0.5249
12460,P2,CASC,150.00,152.48,207,F,44812,-0.5498
12470,P2,CASC,150.00,149.99,209,F,44872,-0.5496
12480,P2,CASC,150.00,150.03,209,F,44932,-0.5499
12490,P2,CASC,150.00,149.96,209,F,44992,-0.5495
12500,P2,CASC,150.00,149.99,209,F,45052,-0.5493
12510,P2,CASC,150.00,152.53,207,F,45113,-0.5746
12520,P2,CASC,150.00,155.03,205,F,45175,-0.6249
12530,P2,CASC,150.00,149.97,209,F,45235,-0.6246
12540,P2,CASC,150.00,150.01,209,F,45295,-0.6248
12550,P2,CASC,150.00,147.49,210,F,45354,-0.5996
12560,P2,CASC,150.00,147.51,210,F,45413,-0.5748
12570,P2,CASC,150.00,147.49,210,F,45472,-0.5496
12580,P2,CASC,150.00,147.38,210,F,45531,-0.5235
12590,P2,CASC,150.00,147.62,210,F,45590,-0.4996
12600,P2,CASC,150.00,144.99,211,F,45648,-0.4495
12610,P2,CASC,150.00,150.03,209,F,45708,-0.4498
12620,P2,CASC,150.00,152.48,207,F,45769,-0.4746
12630,P2,CASC,150.00,149.99,209,F,45829,-0.4745
12640,P2,CASC,150.00,147.43,210,F,45888,-0.4487
12650,P2,CASC,150.00,142.57,212,F,45945,-0.3745
12660,P2,CASC,150.00,145.00,211,F,46003,-0.3245
12670,P2,CASC,150.00,150.00,210,F,46063,-0.3245
12680,P2,CASC,150.00,147.51,210,F,46122,-0.2996
12690,P2,CASC,150.00,150.00,210,F,46182,-0.2996
12700,P2,CASC,150.00,152.50,208,F,46243,-0.3246
12710,P2,CASC,150.00,155.00,206,F,46305,-0.3746
12720,P2,CASC,150.00,155.02,206,F,46367,-0.4248
12730,P2,CASC,150.00,152.45,207,F,46428,-0.4493
12740,P2,CASC,150.00,152.53,207,F,46489,-0.4746
12750,P2,CASC,150.00,149.99,209,F,46549,-0.4745
12760,P2,CASC,150.00,147.53,210,F,46608,-0.4498
12770,P2,CASC,150.00,152.52,207,F,46669,-0.4749
12780,P2,CASC,150.00,159.98,201,F,46733,-0.5748
12790,P2,CASC,150.00,157.48,203,F,46796,-0.6496
12800,P2,CASC,150.00,144.99,210,F,46854,-0.5994
12810,P2,CASC,150.00,142.51,211,F,46911,-0.5246
12820,P2,CASC,150.00,145.00,211,F,46969,-0.4746
12830,P2,CASC,150.00,152.47,207,F,47030,-0.4993
12840,P2,CASC,150.00,152.56,207,F,47091,-0.5249
12850,P2,CASC,150.00,149.99,209,F,47151,-0.5247
12860,P2,CASC,150.00,152.52,207,F,47212,-0.5499
12870,P2,CASC,150.00,149.97,209,F,47272,-0.5496
12880,P2,CASC,150.00,149.99,209,F,47332,-0.5494
12890,P2,CASC,150.00,150.00,209,F,47392,-0.5494
12900,P2,CASC,150.00,150.05,209,F,47452,-0.5499
12910,P2,CASC,150.00,152.50,207,F,47513,-0.5749
12920,P2,CASC,150.00,154.97,205,F,47575,-0.6246
12930,P2,CASC,150.00,150.03,209,F,47635,-0.6249
12940,P2,CASC,150.00,149.97,209,F,47695,-0.6246
12950,P2,CASC,150.00,147.50,210,F,47754,-0.5996
12960,P2,CASC,150.00,147.51,210,F,47813,-0.5747
12970,P2,CASC,150.00,147.51,210,F,47872,-0.5499
12980,P2,CASC,150.00,147.49,210,F,47931,-0.5247
12990,P2,CASC,150.00,147.51,210,F,47990,-0.4999
13000,P2,CASC,150.00,147.47,210,F,48049,-0.4746
13010,P2,CASC,150.00,147.53,210,F,48108,-0.4499
13020,P2,CASC,150.00,154.97,205,F,48170,-0.4996
13030,P2,CASC,150.00,147.50,210,F,48229,-0.4746
13040,P2,CASC,150.00,147.51,210,F,48288,-0.4497
13050,P2,CASC,150.00,142.47,212,F,48345,-0.3744
13060,P2,CASC,150.00,145.04,211,F,48403,-0.3249
13070,P2,CASC,150.00,150.00,210,F,48463,-0.3249
13080,P2,CASC,150.00,147.44,210,F,48522,-0.2993
13090,P2,CASC,150.00,150.01,210,F,48582,-0.2994
13100,P2,CASC,150.00,152.55,208,F,48643,-0.3249
13110,P2,CASC,150.00,155.00,206,F,48705,-0.3749
13120,P2,CASC,150.00,154.95,206,F,48767,-0.4244
13130,P2,CASC,150.00,152.48,207,F,48828,-0.4493
13140,P2,CASC,150.00,152.55,207,F,48889,-0.4747
13150,P2,CASC,150.00,149.88,209,F,48949,-0.4735
13160,P2,CASC,150.00,147.62,210,F,49008,-0.4497
13170,P2,CASC,150.00,152.45,207,F,49069,-0.4743
13180,P2,CASC,150.00,165.03,197,F,49135,-0.6246
13190,P2,CASC,150.00,152.53,207,F,49196,-0.6499
13200,P2,CASC,150.00,142.47,211,F,49253,-0.5746
13210,P2,CASC,150.00,142.51,211,F,49310,-0.4997
13220,P2,CASC,150.00,147.49,210,F,49369,-0.4746
13230,P2,CASC,150.00,152.53,207,F,49430,-0.4999
13240,P2,CASC,150.00,152.48,207,F,49491,-0.5248
13250,P2,CASC,150.00,149.97,209,F,49551,-0.5245
13260,P2,CASC,150.00,152.48,207,F,49612,-0.5493
13270,P2,CASC,150.00,152.56,207,F,49673,-0.5749
13280,P2,CASC,150.00,147.49,210,F,49732,-0.5498
13290,P2,CASC,150.00,149.97,209,F,49792,-0.5495
13300,P2,CASC,150.00,150.00,209,F,49852,-0.5495
13310,P2,CASC,150.00,152.50,207,F,49913,-0.5745
13320,P2,CASC,150.00,155.02,205,F,49975,-0.6246
13330,P2,CASC,150.00,149.99,209,F,50035,-0.6245
13340,P2,CASC,150.00,150.05,209,F,50095,-0.6249
13350,P2,CASC,150.00,147.47,210,F,50154,-0.5996
13360,P2,CASC,150.00,147.51,210,F,50213,-0.5748
13370,P2,CASC,150.00,147.49,210,F,50272,-0.5496
13380,P2,CASC,150.00,145.00,211,F,50330,-0.4996
13390,P2,CASC,150.00,150.01,209,F,50390,-0.4998
13400,P2,CASC,150.00,144.99,211,F,50448,-0.4496
13410,P2,CASC,150.00,149.99,209,F,50508,-0.4495
13420,P2,CASC,150.00,152.55,207,F,50569,-0.4749
13430,P2,CASC,150.00,147.50,210,F,50628,-0.4499
13440,P2,CASC,150.00,147.49,210,F,50687,-0.4248
13450,P2,CASC,150.00,144.99,211,F,50745,-0.3746
13460,P2,CASC,150.00,145.01,211,F,50803,-0.3248
13470,P2,CASC,150.00,147.51,210,F,50862,-0.2999
13480,P2,CASC,150.00,147.47,210,F,50921,-0.2746
13490,P2,CASC,150.00,149.97,210,F,50981,-0.2743
13500,P2,CASC,150.00,152.53,208,F,51042,-0.2996
13510,P2,CASC,150.00,155.03,206,F,51104,-0.3500
13520,P2,CASC,150.00,154.95,206,F,51166,-0.3995
13530,P2,CASC,150.00,152.50,208,F,51227,-0.4245
13540,P2,CASC,150.00,152.50,207,F,51288,-0.4495
13550,P2,CASC,150.00,147.50,210,F,51347,-0.4245
13560,P2,CASC,150.00,150.03,209,F,51407,-0.4248
13570,P2,CASC,150.00,152.48,207,F,51468,-0.4496
13580,P2,CASC,150.00,159.98,201,F,51532,-0.5495
13590,P2,CASC,150.00,155.02,205,F,51594,-0.5996
13600,P2,CASC,150.00,144.99,210,F,51652,-0.5495
13610,P2,CASC,150.00,140.04,212,F,51708,-0.4499
13620,P2,CASC,150.00,150.00,209,F,51768,-0.4499
13630,P2,CASC,150.00,149.94,209,F,51828,-0.4493
13640,P2,CASC,150.00,152.55,207,F,51889,-0.4748
13650,P2,CASC,150.00,149.97,209,F,51949,-0.4745
13660,P2,CASC,150.00,152.52,207,F,52010,-0.4996
13670,P2,CASC,150.00,152.45,207,F,52071,-0.5242
13680,P2,CASC,150.00,147.56,210,F,52130,-0.4998
13690,P2,CASC,150.00,149.97,209,F,52190,-0.4995
13700,P2,CASC,150.00,150.03,209,F,52250,-0.4998
13710,P2,CASC,150.00,152.47,207,F,52311,-0.5244
13720,P2,CASC,150.00,155.00,205,F,52373,-0.5744
13730,P2,CASC,150.00,150.01,209,F,52433,-0.5746
13740,P2,CASC,150.00,150.01,209,F,52493,-0.5747
13750,P2,CASC,150.00,147.47,210,F,52552,-0.5495
13760,P2,CASC,150.00,147.54,210,F,52611,-0.5249
13770,P2,CASC,150.00,147.50,210,F,52670,-0.4999
13780,P2,CASC,150.00,147.50,210,F,52729,-0.4749
13790,P2,CASC,150.00,147.50,210,F,52788,-0.4499
13800,P2,CASC,150.00,147.44,210,F,52847,-0.4243
13810,P2,CASC,150.00,147.56,210,F,52906,-0.3999
13820,P2,CASC,150.00,152.44,208,F,52967,-0.4243
13830,P2,CASC,150.00,150.01,209,F,53027,-0.4244
13840,P2,CASC,150.00,147.51,210,F,53086,-0.3996
13850,P2,CASC,150.00,142.50,212,F,53143,-0.3246
13860,P2,CASC,150.00,145.00,211,F,53201,-0.2746
13870,P2,CASC,150.00,149.99,210,F,53261,-0.2744
13880,P2,CASC,150.00,147.53,211,F,53320,-0.2497
13890,P2,CASC,150.00,149.96,210,F,53380,-0.2493
13900,P2,CASC,150.00,152.52,208,F,53441,-0.2744
13910,P2,CASC,150.00,154.98,206,F,53503,-0.3243
13920,P2,CASC,150.00,155.06,206,F,53565,-0.3749
13930,P2,CASC,150.00,152.50,208,F,53626,-0.3999
13940,P2,CASC,150.00,152.47,208,F,53687,-0.4246
13950,P2,CASC,150.00,150.03,209,F,53747,-0.4249
13960,P2,CASC,150.00,149.97,209,F,53807,-0.4246
13970,P2,CASC,150.00,150.03,209,F,53867,-0.4249
13980,P2,CASC,150.00,164.97,198,F,53933,-0.5746
13990,P2,CASC,150.00,152.53,207,F,53994,-0.5999
14000,P2,CASC,150.00,147.50,210,F,54053,-0.5749
14010,P2,CASC,150.00,139.96,212,F,54109,-0.4744
14020,P2,CASC,150.00,147.54,210,F,54168,-0.4499
14030,P2,CASC,150.00,152.50,207,F,54229,-0.4749
14040,P2,CASC,150.00,152.48,207,F,54290,-0.4997
14050,P2,CASC,150.00,152.45,207,F,54351,-0.5243
14060,P2,CASC,150.00,150.03,209,F,54411,-0.5246
14070,P2,CASC,150.00,152.53,207,F,54472,-0.5499
14080,P2,CASC,150.00,147.50,210,F,54531,-0.5249
14090,P2,CASC,150.00,149.99,209,F,54591,-0.5247
14100,P2,CASC,150.00,152.47,207,F,54652,-0.5494
14110,P2,CASC,150.00,152.41,207,F,54713,-0.5735
14120,P2,CASC,150.00,152.59,207,F,54774,-0.5994
14130,P2,CASC,150.00,150.00,209,F,54834,-0.5994
14140,P2,CASC,150.00,149.99,209,F,54894,-0.5993
14150,P2,CASC,150.00,147.53,210,F,54953,-0.5746
14160,P2,CASC,150.00,147.49,210,F,55012,-0.5494
14170,P2,CASC,150.00,150.05,209,F,55072,-0.5499
14180,P2,CASC,150.00,144.99,211,F,55130,-0.4997
14190,P2,CASC,150.00,147.50,210,F,55189,-0.4747
14200,P2,CASC,150.00,147.51,210,F,55248,-0.4499
14210,P2,CASC,150.00,149.97,209,F,55308,-0.4496
14220,P2,CASC,150.00,150.03,209,F,55368,-0.4499
14230,P2,CASC,150.00,149.99,209,F,55428,-0.4497
14240,P2,CASC,150.00,147.49,210,F,55487,-0.4246
14250,P2,CASC,150.00,144.99,211,F,55545,-0.3744
14260,P2,CASC,150.00,144.94,211,F,55603,-0.3239
14270,P2,CASC,150.00,147.57,210,F,55662,-0.2996
14280,P2,CASC,150.00,147.51,210,F,55721,-0.2747
14290,P2,CASC,150.00,152.48,208,F,55782,-0.2996
14300,P2,CASC,150.00,152.47,208,F,55843,-0.3243
14310,P2,CASC,150.00,152.52,208,F,55904,-0.3494
14320,P2,CASC,150.00,157.55,204,F,55967,-0.4249
14330,P2,CASC,150.00,152.45,207,F,56028,-0.4495
14340,P2,CASC,150.00,150.01,209,F,56088,-0.4496
14350,P2,CASC,150.00,150.00,209,F,56148,-0.4496
14360,P2,CASC,150.00,150.00,209,F,56208,-0.4496
14370,P2,CASC,150.00,150.03,209,F,56268,-0.4499
14380,P2,CASC,150.00,162.48,199,F,56333,-0.5747
14390,P2,CASC,150.00,157.50,203,F,56396,-0.6497
14400,P2,CASC,150.00,142.51,211,F,56453,-0.5749
14410,P2,CASC,150.00,139.96,212,F,56509,-0.4745
14420,P2,CASC,150.00,150.05,209,F,56569,-0.4749
14430,P2,CASC,150.00,150.00,209,F,56629,-0.4749
14440,P2,CASC,150.00,152.45,207,F,56690,-0.4995
14450,P2,CASC,150.00,152.53,207,F,56751,-0.5248
14460,P2,CASC,150.00,152.48,207,F,56812,-0.5496
14470,P2,CASC,150.00,149.99,209,F,56872,-0.5495
14480,P2,CASC,150.00,149.97,209,F,56932,-0.5492
14490,P2,CASC,150.00,149.94,209,F,56992,-0.5486
14500,P2,CASC,150.00,150.09,209,F,57052,-0.5495
14510,P2,CASC,150.00,152.48,207,F,57113,-0.5743
14520,P2,CASC,150.00,155.00,205,F,57175,-0.6243
14530,P2,CASC,150.00,150.01,209,F,57235,-0.6245
14540,P2,CASC,150.00,150.05,209,F,57295,-0.6249
14550,P2,CASC,150.00,144.99,210,F,57353,-0.5748
14560,P2,CASC,150.00,147.50,210,F,57412,-0.5498
14570,P2,CASC,150.00,149.99,209,F,57472,-0.5496
14580,P2,CASC,150.00,145.01,211,F,57530,-0.4998
14590,P2,CASC,150.00,147.49,210,F,57589,-0.4746
14600,P2,CASC,150.00,147.53,210,F,57648,-0.4499
14610,P2,CASC,150.00,149.99,209,F,57708,-0.4498
14620,P2,CASC,150.00,152.47,207,F,57769,-0.4745
14630,P2,CASC,150.00,147.49,210,F,57828,-0.4493
14640,P2,CASC,150.00,147.54,210,F,57887,-0.4247
14650,P2,CASC,150.00,145.01,211,F,57945,-0.3749
14660,P2,CASC,150.00,144.97,211,F,58003,-0.3246
14670,P2,CASC,150.00,147.49,210,F,58062,-0.2995
14680,P2,CASC,150.00,147.54,210,F,58121,-0.2749
14690,P2,CASC,150.00,152.42,208,F,58182,-0.2991
14700,P2,CASC,150.00,150.06,210,F,58242,-0.2997
14710,P2,CASC,150.00,154.95,206,F,58304,-0.3493
14720,P2,CASC,150.00,155.05,206,F,58366,-0.3997
14730,P2,CASC,150.00,152.52,208,F,58427,-0.4249
14740,P2,CASC,150.00,152.45,207,F,58488,-0.4494
14750,P2,CASC,150.00,150.05,209,F,58548,-0.4499
14760,P2,CASC,150.00,149.96,209,F,58608,-0.4494
14770,P2,CASC,150.00,150.03,209,F,58668,-0.4497
14780,P2,CASC,150.00,162.47,199,F,58733,-0.5744
14790,P2,CASC,150.00,155.03,205,F,58795,-0.6247
14800,P2,CASC,150.00,144.96,210,F,58853,-0.5743
14810,P2,CASC,150.00,140.00,212,F,58909,-0.4743
14820,P2,CASC,150.00,150.01,209,F,58969,-0.4744
14830,P2,CASC,150.00,150.01,209,F,59029,-0.4746
14840,P2,CASC,150.00,152.52,207,F,59090,-0.4997
14850,P2,CASC,150.00,152.45,207,F,59151,-0.5243
14860,P2,CASC,150.00,152.50,207,F,59212,-0.5493
14870,P2,CASC,150.00,150.06,209,F,59272,-0.5499
14880,P2,CASC,150.00,147.46,210,F,59331,-0.5244
14890,P2,CASC,150.00,150.01,209,F,59391,-0.5246
14900,P2,CASC,150.00,152.50,207,F,59452,-0.5496
14910,P2,CASC,150.00,150.01,209,F,59512,-0.5497
14920,P2,CASC,150.00,155.00,205,F,59574,-0.5997
14930,P2,CASC,150.00,149.96,209,F,59634,-0.5993
14940,P2,CASC,150.00,150.06,209,F,59694,-0.5999
14950,P2,CASC,150.00,147.49,210,F,59753,-0.5747
14960,P2,CASC,150.00,147.50,210,F,59812,-0.5497
14970,P2,CASC,150.00,147.49,210,F,59871,-0.5246
14980,P2,CASC,150.00,147.53,210,F,59930,-0.4999
14990,P2,CASC,150.00,147.44,210,F,59989,-0.4743
15000,P2,CASC,150.00,147.51,210,F,60048,-0.4494
15010,P2,CASC,149.85,147.54,210,F,60107,-0.4264
15020,P2,CASC,149.70,152.47,207,F,60168,-0.4541
15030,P2,CASC,149.55,149.99,209,F,60228,-0.4584
15040,P2,CASC,149.40,147.53,209,F,60287,-0.4397
15050,P2,CASC,149.25,142.50,211,F,60344,-0.3722
15060,P2,CASC,149.10,145.01,210,F,60402,-0.3314
15070,P2,CASC,148.95,150.00,208,F,60462,-0.3419
15080,P2,CASC,148.80,147.44,209,F,60521,-0.3283
15090,P2,CASC,148.65,150.03,208,F,60581,-0.3421
15100,P2,CASC,148.50,150.03,207,F,60641,-0.3574
15110,P2,CASC,148.35,152.44,205,F,60702,-0.3983
15120,P2,CASC,148.20,155.03,203,F,60764,-0.4666
15130,P2,CASC,148.05,152.53,205,F,60825,-0.5114
15140,P2,CASC,147.90,149.97,206,F,60885,-0.5321
15150,P2,CASC,147.75,147.51,208,F,60944,-0.5297
15160,P2,CASC,147.60,147.47,208,F,61003,-0.5284
15170,P2,CASC,147.45,149.99,206,F,61063,-0.5538
15180,P2,CASC,147.30,157.52,199,F,61126,-0.6559
15190,P2,CASC,147.15,157.50,199,F,61189,-0.7594
15200,P2,CASC,147.00,145.00,207,F,61247,-0.7394
15210,P2,CASC,146.85,140.03,209,F,61303,-0.6712
15220,P2,CASC,146.70,137.47,209,F,61358,-0.5789
15230,P2,CASC,146.55,149.99,204,F,61418,-0.6133
15240,P2,CASC,146.40,150.06,204,F,61478,-0.6499
15250,P2,CASC,146.25,147.47,206,F,61537,-0.6621
15260,P2,CASC,146.10,149.97,203,F,61597,-0.7008
15270,P2,CASC,145.95,147.53,205,F,61656,-0.7166
15280,P2,CASC,145.80,144.99,206,F,61714,-0.7085
15290,P2,CASC,145.65,145.03,206,F,61772,-0.7022
15300,P2,CASC,145.50,144.99,206,F,61830,-0.6971
15310,P2,CASC,145.35,150.03,202,F,61890,-0.7439
15320,P2,CASC,145.20,147.46,204,F,61949,-0.7665
15330,P2,CASC,145.05,147.49,204,F,62008,-0.7908
15340,P2,CASC,144.90,147.44,203,F,62067,-0.8162
15350,P2,CASC,144.75,142.59,206,F,62124,-0.7946
15360,P2,CASC,144.60,139.99,206,F,62180,-0.7484
15370,P2,CASC,144.45,142.50,205,F,62237,-0.7289
15380,P2,CASC,144.30,142.49,205,F,62294,-0.7108
15390,P2,CASC,144.15,140.01,206,F,62350,-0.6694
15400,P2,CASC,144.00,140.01,206,F,62406,-0.6296
15410,P2,CASC,143.85,142.49,205,F,62463,-0.6159
15420,P2,CASC,143.70,142.53,205,F,62520,-0.6042
15430,P2,CASC,143.55,144.97,204,F,62578,-0.6184
15440,P2,CASC,143.40,142.51,205,F,62635,-0.6096
15450,P2,CASC,143.25,140.01,205,F,62691,-0.5772
15460,P2,CASC,143.10,137.49,206,F,62746,-0.5211
15470,P2,CASC,142.95,137.53,206,F,62801,-0.4668
15480,P2,CASC,142.80,139.97,205,F,62857,-0.4386
15490,P2,CASC,142.65,142.47,205,F,62914,-0.4368
15500,P2,CASC,142.50,142.46,204,F,62971,-0.4364
15510,P2,CASC,142.35,142.56,204,F,63028,-0.4384
15520,P2,CASC,142.20,145.00,202,F,63086,-0.4664
15530,P2,CASC,142.05,147.54,200,F,63145,-0.5214
15540,P2,CASC,141.90,144.96,202,F,63203,-0.5519
15550,P2,CASC,141.75,145.04,201,F,63261,-0.5849
15560,P2,CASC,141.60,139.99,204,F,63317,-0.5687
15570,P2,CASC,141.45,139.99,204,F,63373,-0.5541
15580,P2,CASC,141.30,140.03,204,F,63429,-0.5414
15590,P2,CASC,141.15,142.50,202,F,63486,-0.5549
15600,P2,CASC,141.00,154.98,192,F,63548,-0.6947
15610,P2,CASC,140.85,145.00,200,F,63606,-0.7362
15620,P2,CASC,140.70,132.49,205,F,63659,-0.6541
15630,P2,CASC,140.55,130.03,206,F,63711,-0.5488
15640,P2,CASC,140.40,139.99,203,F,63767,-0.5447
15650,P2,CASC,140.25,142.50,201,F,63824,-0.5672
15660,P2,CASC,140.10,142.51,201,F,63881,-0.5913
15670,P2,CASC,139.95,139.97,203,F,63937,-0.5916
15680,P2,CASC,139.80,142.51,200,F,63994,-0.6187
15690,P2,CASC,139.65,139.99,202,F,64050,-0.6221
15700,P2,CASC,139.50,140.03,202,F,64106,-0.6273
15710,P2,CASC,139.35,139.89,202,F,64162,-0.6327
15720,P2,CASC,139.20,137.60,202,F,64217,-0.6167
15730,P2,CASC,139.05,140.01,201,F,64273,-0.6263
15740,P2,CASC,138.90,139.97,201,F,64329,-0.6370
15750,P2,CASC,138.75,142.49,199,F,64386,-0.6744
15760,P2,CASC,138.60,137.51,202,F,64441,-0.6635
15770,P2,CASC,138.45,137.53,202,F,64496,-0.6543
15780,P2,CASC,138.30,134.97,202,F,64550,-0.6210
15790,P2,CASC,138.15,134.99,202,F,64604,-0.5894
15800,P2,CASC,138.00,135.01,202,F,64658,-0.5595
15810,P2,CASC,137.85,135.01,202,F,64712,-0.5312
15820,P2,CASC,137.70,134.99,202,F,64766,-0.5040
15830,P2,CASC,137.55,134.99,202,F,64820,-0.4784
15840,P2,CASC,137.40,132.50,203,F,64873,-0.4294
15850,P2,CASC,137.25,137.51,201,F,64928,-0.4321
15860,P2,CASC,137.10,137.53,201,F,64983,-0.4363
15870,P2,CASC,136.95,134.96,202,F,65037,-0.4164
15880,P2,CASC,136.80,132.54,202,F,65090,-0.3738
15890,P2,CASC,136.65,132.45,202,F,65143,-0.3318
15900,P2,CASC,136.50,130.03,203,F,65195,-0.2671
15910,P2,CASC,136.35,135.00,201,F,65249,-0.2536
15920,P2,CASC,136.20,132.53,202,F,65302,-0.2168
15930,P2,CASC,136.05,137.49,200,F,65357,-0.2312
15940,P2,CASC,135.90,135.01,201,F,65411,-0.2223
15950,P2,CASC,135.75,137.47,199,F,65466,-0.2395
15960,P2,CASC,135.60,137.50,199,F,65521,-0.2585
15970,P2,CASC,135.45,139.99,197,F,65577,-0.3039
15980,P2,CASC,135.30,137.54,199,F,65632,-0.3263
15990,P2,CASC,135.15,134.96,200,F,65686,-0.3244
16000,P2,CASC,135.00,132.51,201,F,65739,-0.2995
16010,P2,CASC,134.85,132.49,201,F,65792,-0.2759
16020,P2,CASC,134.70,135.00,200,F,65846,-0.2789
16030,P2,CASC,134.55,137.50,198,F,65901,-0.3084
16040,P2,CASC,134.40,150.01,187,F,65961,-0.4646
16050,P2,CASC,134.25,132.50,200,F,66014,-0.4471
16060,P2,CASC,134.10,127.50,201,F,66065,-0.3811
16070,P2,CASC,133.95,124.99,202,F,66115,-0.2914
16080,P2,CASC,133.80,132.54,200,F,66168,-0.2788
16090,P2,CASC,133.65,134.97,198,F,66222,-0.2921
16100,P2,CASC,133.50,137.53,196,F,66277,-0.3323
16110,P2,CASC,133.35,132.50,199,F,66330,-0.3238
16120,P2,CASC,133.20,135.00,198,F,66384,-0.3418
16130,P2,CASC,133.05,134.99,197,F,66438,-0.3612
16140,P2,CASC,132.90,132.47,199,F,66491,-0.3569
16150,P2,CASC,132.75,130.03,199,F,66543,-0.3297
16160,P2,CASC,132.60,132.47,198,F,66596,-0.3284
16170,P2,CASC,132.45,130.00,199,F,66648,-0.3039
16180,P2,CASC,132.30,135.00,196,F,66702,-0.3309
16190,P2,CASC,132.15,135.04,196,F,66756,-0.3598
16200,P2,CASC,132.00,132.46,198,F,66809,-0.3644
16210,P2,CASC,131.85,132.50,197,F,66862,-0.3709
16220,P2,CASC,131.70,127.53,199,F,66913,-0.3292
16230,P2,CASC,131.55,127.50,199,F,66964,-0.2887
16240,P2,CASC,131.40,127.49,199,F,67015,-0.2496
16250,P2,CASC,131.25,127.49,199,F,67066,-0.2119
16260,P2,CASC,131.10,127.54,199,F,67117,-0.1763
16270,P2,CASC,130.95,129.99,198,F,67169,-0.1667
16280,P2,CASC,130.80,124.96,200,F,67219,-0.1083
16290,P2,CASC,130.65,127.55,199,F,67270,-0.0773
16300,P2,CASC,130.50,129.97,198,F,67322,-0.0721
16310,P2,CASC,130.35,129.99,198,F,67374,-0.0684
16320,P2,CASC,130.20,127.51,198,F,67425,-0.0416
16330,P2,CASC,130.05,127.51,198,F,67476,-0.0162
16340,P2,CASC,129.90,125.01,199,F,67526,0.0327
16350,P2,CASC,129.75,124.99,199,F,67576,0.0803
16360,P2,CASC,129.60,124.99,199,F,67626,0.1264
16370,P2,CASC,129.45,127.51,198,F,67677,0.1458
16380,P2,CASC,129.30,127.51,198,F,67728,0.1637
16390,P2,CASC,129.15,127.49,198,F,67779,0.1803
16400,P2,CASC,129.00,130.01,197,F,67831,0.1702
16410,P2,CASC,128.85,129.97,196,F,67883,0.1589
16420,P2,CASC,128.70,132.47,194,F,67936,0.1212
16430,P2,CASC,128.55,132.50,194,F,67989,0.0817
16440,P2,CASC,128.40,127.53,197,F,68040,0.0904
16450,P2,CASC,128.25,127.51,197,F,68091,0.0978
16460,P2,CASC,128.10,127.46,197,F,68142,0.1042
16470,P2,CASC,127.95,125.03,198,F,68192,0.1335
16480,P2,CASC,127.80,127.49,197,F,68243,0.1366
16490,P2,CASC,127.65,130.04,195,F,68295,0.1127
16500,P2,CASC,127.50,139.99,186,F,68351,-0.0122
16510,P2,CASC,127.35,127.47,196,F,68402,-0.0134
16520,P2,CASC,127.20,125.01,197,F,68452,0.0085
16530,P2,CASC,127.05,120.01,198,F,68500,0.0788
16540,P2,CASC,126.90,122.51,197,F,68549,0.1227
16550,P2,CASC,126.75,127.45,195,F,68600,0.1157
16560,P2,CASC,126.60,130.01,193,F,68652,0.0816
16570,P2,CASC,126.45,124.99,196,F,68702,0.0962
16580,P2,CASC,126.30,127.53,195,F,68753,0.0840
16590,P2,CASC,126.15,127.47,194,F,68804,0.0707
16600,P2,CASC,126.00,127.53,194,F,68855,0.0555
16610,P2,CASC,125.85,125.01,195,F,68905,0.0638
16620,P2,CASC,125.70,124.98,195,F,68955,0.0711
16630,P2,CASC,125.55,122.54,196,F,69004,0.1012
16640,P2,CASC,125.40,125.00,195,F,69054,0.1052
16650,P2,CASC,125.25,124.96,195,F,69104,0.1081
16660,P2,CASC,125.10,130.01,191,F,69156,0.0590
16670,P2,CASC,124.95,124.99,195,F,69206,0.0586
16680,P2,CASC,124.80,125.03,194,F,69256,0.0563
16690,P2,CASC,124.65,122.48,195,F,69305,0.0781
16700,P2,CASC,124.50,120.04,196,F,69353,0.1227
16710,P2,CASC,124.35,120.00,196,F,69401,0.1662
16720,P2,CASC,124.20,122.46,195,F,69450,0.1836
16730,P2,CASC,124.05,120.04,196,F,69498,0.2237
16740,P2,CASC,123.90,119.96,196,F,69546,0.2631
16750,P2,CASC,123.75,122.54,195,F,69595,0.2752
16760,P2,CASC,123.60,120.00,196,F,69643,0.3112
16770,P2,CASC,123.45,119.96,195,F,69691,0.3461
16780,P2,CASC,123.30,125.03,193,F,69741,0.3288
16790,P2,CASC,123.15,122.48,194,F,69790,0.3356
16800,P2,CASC,123.00,122.51,194,F,69839,0.3405
16810,P2,CASC,122.85,117.50,196,F,69886,0.3940
16820,P2,CASC,122.70,117.52,196,F,69933,0.4457
16830,P2,CASC,122.55,117.48,196,F,69980,0.4965
16840,P2,CASC,122.40,119.99,195,F,70028,0.5206
16850,P2,CASC,122.25,120.00,195,F,70076,0.5431
16860,P2,CASC,122.10,120.04,195,F,70124,0.5637
16870,P2,CASC,121.95,120.00,195,F,70172,0.5832
16880,P2,CASC,121.80,122.41,193,F,70221,0.5771
16890,P2,CASC,121.65,122.55,193,F,70270,0.5681
16900,P2,CASC,121.50,125.04,191,F,70320,0.5327
16910,P2,CASC,121.35,124.98,191,F,70370,0.4965
16920,P2,CASC,121.20,120.01,194,F,70418,0.5083
16930,P2,CASC,121.05,122.51,192,F,70467,0.4937
16940,P2,CASC,120.90,119.98,194,F,70515,0.5030
16950,P2,CASC,120.75,120.02,193,F,70563,0.5102
16960,P2,CASC,120.60,117.45,194,F,70610,0.5417
16970,P2,CASC,120.45,120.01,193,F,70658,0.5461
16980,P2,CASC,120.30,125.04,189,F,70708,0.4987
16990,P2,CASC,120.15,132.50,183,F,70761,0.3752
17000,P2,CASC,120.00,119.98,192,F,70809,0.3754
17010,P2,CASC,119.85,112.51,195,F,70854,0.4488
17020,P2,CASC,119.70,112.49,195,F,70899,0.5209
17030,P2,CASC,119.55,120.02,192,F,70947,0.5162
17040,P2,CASC,119.40,119.99,192,F,70995,0.5103
17050,P2,CASC,119.25,120.01,191,F,71043,0.5027
17060,P2,CASC,119.10,119.99,191,F,71091,0.4938
17070,P2,CASC,118.95,119.98,191,F,71139,0.4836
17080,P2,CASC,118.80,120.02,191,F,71187,0.4713
17090,P2,CASC,118.65,119.99,191,F,71235,0.4579
17100,P2,CASC,118.50,120.00,190,F,71283,0.4429
17110,P2,CASC,118.35,117.42,192,F,71330,0.4523
17120,P2,CASC,118.20,117.59,192,F,71377,0.4583
17130,P2,CASC,118.05,117.50,192,F,71424,0.4638
17140,P2,CASC,117.90,119.99,189,F,71472,0.4429
17150,P2,CASC,117.75,117.51,191,F,71519,0.4453
17160,P2,CASC,117.60,120.00,189,F,71567,0.4213
17170,P2,CASC,117.45,117.46,191,F,71614,0.4212
17180,P2,CASC,117.30,117.51,190,F,71661,0.4191
17190,P2,CASC,117.15,115.00,191,F,71707,0.4406
17200,P2,CASC,117.00,112.53,192,F,71752,0.4852
17210,P2,CASC,116.85,114.97,191,F,71798,0.5041
17220,P2,CASC,116.70,115.03,191,F,71844,0.5207
17230,P2,CASC,116.55,112.48,192,F,71889,0.5614
17240,P2,CASC,116.40,112.52,192,F,71934,0.6002
17250,P2,CASC,116.25,115.00,191,F,71980,0.6127
17260,P2,CASC,116.10,112.48,192,F,72025,0.6489
17270,P2,CASC,115.95,115.02,191,F,72071,0.6582
17280,P2,CASC,115.80,112.48,192,F,72116,0.6914
17290,P2,CASC,115.65,120.00,187,F,72164,0.6479
17300,P2,CASC,115.50,112.48,191,F,72209,0.6782
17310,P2,CASC,115.35,115.03,190,F,72255,0.6813
17320,P2,CASC,115.20,109.97,192,F,72299,0.7336
17330,P2,CASC,115.05,110.01,192,F,72343,0.7840
17340,P2,CASC,114.90,110.01,192,F,72387,0.8329
17350,P2,CASC,114.75,112.48,191,F,72432,0.8556
17360,P2,CASC,114.60,112.51,191,F,72477,0.8765
17370,P2,CASC,114.45,112.53,191,F,72522,0.8957
17380,P2,CASC,114.30,115.00,189,F,72568,0.8887
17390,P2,CASC,114.15,112.47,191,F,72613,0.9055
17400,P2,CASC,114.00,115.00,189,F,72659,0.8955
17410,P2,CASC,113.85,115.00,189,F,72705,0.8840
17420,P2,CASC,113.70,117.54,186,F,72752,0.8457
17430,P2,CASC,113.55,114.97,188,F,72798,0.8315
17440,P2,CASC,113.40,115.03,188,F,72844,0.8152
17450,P2,CASC,113.25,112.47,190,F,72889,0.8230
17460,P2,CASC,113.10,110.03,190,F,72933,0.8537
17470,P2,CASC,112.95,112.50,189,F,72978,0.8582
17480,P2,CASC,112.80,112.49,189,F,73023,0.8613
17490,P2,CASC,112.65,112.50,189,F,73068,0.8628
17500,P2,CASC,112.50,115.00,187,F,73114,0.8378
17510,P2,CASC,112.35,125.01,178,F,73164,0.7112
17520,P2,CASC,112.20,112.47,188,F,73209,0.7085
17530,P2,CASC,112.05,107.53,190,F,73252,0.7537
17540,P2,CASC,111.90,104.96,190,F,73294,0.8231
17550,P2,CASC,111.75,107.54,190,F,73337,0.8652
17560,P2,CASC,111.60,112.50,187,F,73382,0.8562
17570,P2,CASC,111.45,112.47,187,F,73427,0.8460
17580,P2,CASC,111.30,115.00,185,F,73473,0.8090
17590,P2,CASC,111.15,110.00,188,F,73517,0.8205
17600,P2,CASC,111.00,112.51,186,F,73562,0.8054
17610,P2,CASC,110.85,112.50,186,F,73607,0.7889
17620,P2,CASC,110.70,110.01,188,F,73651,0.7958
17630,P2,CASC,110.55,112.50,186,F,73696,0.7763
17640,P2,CASC,110.40,107.51,188,F,73739,0.8052
17650,P2,CASC,110.25,110.00,187,F,73783,0.8077
17660,P2,CASC,110.10,109.91,187,F,73827,0.8096
17670,P2,CASC,109.95,110.08,187,F,73871,0.8083
17680,P2,CASC,109.80,110.00,187,F,73915,0.8063
17690,P2,CASC,109.65,112.51,184,F,73960,0.7777
17700,P2,CASC,109.50,109.99,186,F,74004,0.7728
17710,P2,CASC,109.35,107.48,187,F,74047,0.7915
17720,P2,CASC,109.20,107.52,187,F,74090,0.8083
17730,P2,CASC,109.05,105.01,188,F,74132,0.8487
17740,P2,CASC,108.90,107.49,187,F,74175,0.8628
17750,P2,CASC,108.75,105.01,188,F,74217,0.9002
17760,P2,CASC,108.60,104.97,188,F,74259,0.9365
17770,P2,CASC,108.45,105.02,188,F,74301,0.9708
17780,P2,CASC,108.30,105.01,188,F,74343,1.0037
17790,P2,CASC,108.15,104.97,188,F,74385,1.0355
17800,P2,CASC,108.00,105.02,187,F,74427,1.0653
17810,P2,CASC,107.85,107.49,187,F,74470,1.0689
17820,P2,CASC,107.70,104.99,187,F,74512,1.0960
17830,P2,CASC,107.55,110.03,184,F,74556,1.0712
17840,P2,CASC,107.40,107.47,186,F,74599,1.0705
17850,P2,CASC,107.25,104.99,187,F,74641,1.0931
17860,P2,CASC,107.10,102.50,188,F,74682,1.1391
17870,P2,CASC,106.95,102.52,188,F,74723,1.1834
17880,P2,CASC,106.80,102.51,188,F,74764,1.2263
17890,P2,CASC,106.65,102.48,188,F,74805,1.2680
17900,P2,CASC,106.50,105.00,187,F,74847,1.2830
17910,P2,CASC,106.35,105.01,187,F,74889,1.2964
17920,P2,CASC,106.20,105.02,187,F,74931,1.3082
17930,P2,CASC,106.05,104.96,186,F,74973,1.3191
17940,P2,CASC,105.90,105.01,186,F,75015,1.3280
17950,P2,CASC,105.75,107.52,184,F,75058,1.3103
17960,P2,CASC,105.60,107.50,184,F,75101,1.2913
17970,P2,CASC,105.45,107.48,184,F,75144,1.2710
17980,P2,CASC,105.30,107.53,183,F,75187,1.2487
17990,P2,CASC,105.15,105.00,185,F,75229,1.2502
18000,P2,CASC,105.00,105.00,185,F,75271,1.2502
18010,P2,CASC,104.85,102.47,186,F,75312,1.2740
18020,P2,CASC,104.70,102.50,186,F,75353,1.2960
18030,P2,CASC,104.55,102.51,186,F,75394,1.3164
18040,P2,CASC,104.40,105.00,184,F,75436,1.3104
18050,P2,CASC,104.25,105.02,184,F,75478,1.3027
18060,P2,CASC,104.10,107.49,182,F,75521,1.2688
18070,P2,CASC,103.95,117.50,173,F,75568,1.1333
18080,P2,CASC,103.80,100.01,185,F,75608,1.1712
18090,P2,CASC,103.65,102.49,185,F,75649,1.1828
18100,P2,CASC,103.50,97.49,186,F,75688,1.2429
18110,P2,CASC,103.35,97.49,186,F,75727,1.3015
18120,P2,CASC,103.20,104.99,182,F,75769,1.2836
18130,P2,CASC,103.05,105.02,182,F,75811,1.2639
18140,P2,CASC,102.90,105.00,182,F,75853,1.2429
18150,P2,CASC,102.75,102.50,184,F,75894,1.2454
18160,P2,CASC,102.60,105.02,181,F,75936,1.2212
18170,P2,CASC,102.45,104.98,181,F,75978,1.1959
18180,P2,CASC,102.30,102.52,183,F,76019,1.1937
18190,P2,CASC,102.15,102.46,183,F,76060,1.1906
18200,P2,CASC,102.00,102.52,182,F,76101,1.1854
18210,P2,CASC,101.85,102.51,182,F,76142,1.1788
18220,P2,CASC,101.70,99.98,183,F,76182,1.1960
18230,P2,CASC,101.55,102.50,182,F,76223,1.1865
18240,P2,CASC,101.40,102.49,181,F,76264,1.1756
18250,P2,CASC,101.25,100.02,183,F,76304,1.1879
18260,P2,CASC,101.10,105.00,179,F,76346,1.1489
18270,P2,CASC,100.95,102.50,181,F,76387,1.1334
18280,P2,CASC,100.80,97.51,183,F,76426,1.1663
18290,P2,CASC,100.65,102.51,180,F,76467,1.1477
18300,P2,CASC,100.50,97.47,183,F,76506,1.1780
18310,P2,CASC,100.35,97.50,183,F,76545,1.2065
18320,P2,CASC,100.20,97.50,183,F,76584,1.2335
18330,P2,CASC,100.05,97.49,183,F,76623,1.2591
18340,P2,CASC,99.90,97.54,183,F,76662,1.2827
18350,P2,CASC,99.75,97.48,183,F,76701,1.3054
18360,P2,CASC,99.60,95.02,183,F,76739,1.3512
18370,P2,CASC,99.45,97.46,183,F,76778,1.3711
18380,P2,CASC,99.30,97.51,182,F,76817,1.3890
18390,P2,CASC,99.15,97.52,182,F,76856,1.4053
18400,P2,CASC,99.00,97.48,182,F,76895,1.4205
18410,P2,CASC,98.85,100.00,180,F,76935,1.4090
18420,P2,CASC,98.70,97.50,182,F,76974,1.4210
18430,P2,CASC,98.55,97.50,182,F,77013,1.4315
18440,P2,CASC,98.40,97.50,182,F,77052,1.4405
18450,P2,CASC,98.25,95.00,182,F,77090,1.4730
18460,P2,CASC,98.10,92.49,183,F,77127,1.5291
18470,P2,CASC,97.95,95.04,182,F,77165,1.5582
18480,P2,CASC,97.80,94.99,182,F,77203,1.5863
18490,P2,CASC,97.65,95.01,182,F,77241,1.6127
18500,P2,CASC,97.50,94.96,182,F,77279,1.6381
18510,P2,CASC,97.35,95.03,182,F,77317,1.6613
18520,P2,CASC,97.20,97.49,180,F,77356,1.6584
18530,P2,CASC,97.05,95.02,181,F,77394,1.6787
18540,P2,CASC,96.90,97.48,180,F,77433,1.6729
18550,P2,CASC,96.75,97.48,179,F,77472,1.6656
18560,P2,CASC,96.60,95.02,181,F,77510,1.6814
18570,P2,CASC,96.45,99.99,177,F,77550,1.6460
18580,P2,CASC,96.30,97.49,179,F,77589,1.6341
18590,P2,CASC,96.15,95.01,180,F,77627,1.6455
18600,P2,CASC,96.00,95.01,180,F,77665,1.6554
18610,P2,CASC,95.85,92.50,181,F,77702,1.6889
18620,P2,CASC,95.70,95.02,180,F,77740,1.6957
18630,P2,CASC,95.55,94.97,180,F,77778,1.7015
18640,P2,CASC,95.40,92.52,181,F,77815,1.7303
18650,P2,CASC,95.25,94.99,180,F,77853,1.7329
18660,P2,CASC,95.10,94.99,180,F,77891,1.7340
18670,P2,CASC,94.95,100.01,175,F,77931,1.6834
18680,P2,CASC,94.80,107.50,168,F,77974,1.5564
18690,P2,CASC,94.65,92.49,179,F,78011,1.5780
18700,P2,CASC,94.50,92.52,179,F,78048,1.5978
18710,P2,CASC,94.35,89.98,180,F,78084,1.6415
18720,P2,CASC,94.20,90.00,180,F,78120,1.6835
18730,P2,CASC,94.05,97.50,175,F,78159,1.6490
18740,P2,CASC,93.90,95.01,177,F,78197,1.6379
18750,P2,CASC,93.75,95.02,177,F,78235,1.6252
18760,P2,CASC,93.60,97.49,174,F,78274,1.5863
18770,P2,CASC,93.45,94.97,176,F,78312,1.5711
18780,P2,CASC,93.30,97.52,174,F,78351,1.5289
18790,P2,CASC,93.15,94.99,175,F,78389,1.5105
18800,P2,CASC,93.00,97.51,173,F,78428,1.4654
18810,P2,CASC,92.85,95.01,175,F,78466,1.4438
18820,P2,CASC,92.70,95.00,174,F,78504,1.4208
18830,P2,CASC,92.55,92.51,177,F,78541,1.4212
18840,P2,CASC,92.40,94.96,174,F,78579,1.3956
18850,P2,CASC,92.25,92.53,176,F,78616,1.3928
18860,P2,CASC,92.10,95.00,173,F,78654,1.3638
18870,P2,CASC,91.95,94.99,173,F,78692,1.3334
18880,P2,CASC,91.80,95.02,173,F,78730,1.3012
18890,P2,CASC,91.65,94.96,172,F,78768,1.2681
18900,P2,CASC,91.50,95.04,172,F,78806,1.2327
18910,P2,CASC,91.35,92.50,174,F,78843,1.2212
18920,P2,CASC,91.20,92.49,173,F,78880,1.2083
18930,P2,CASC,91.05,92.48,173,F,78917,1.1940
18940,P2,CASC,90.90,87.53,176,F,78952,1.2277
18950,P2,CASC,90.75,92.49,173,F,78989,1.2103
18960,P2,CASC,90.60,87.48,175,F,79024,1.2415
18970,P2,CASC,90.45,92.53,172,F,79061,1.2207
18980,P2,CASC,90.30,89.98,174,F,79097,1.2239
18990,P2,CASC,90.15,87.51,175,F,79132,1.2503
19000,P2,CASC,90.00,92.50,172,F,79169,1.2253
19010,P2,CASC,89.85,89.96,173,F,79205,1.2242
19020,P2,CASC,89.70,87.54,174,F,79240,1.2458
19030,P2,CASC,89.55,92.50,171,F,79277,1.2163
19040,P2,CASC,89.40,90.01,173,F,79313,1.2102
19050,P2,CASC,89.25,92.49,170,F,79350,1.1778
19060,P2,CASC,89.10,90.00,172,F,79386,1.1688
19070,P2,CASC,88.95,89.98,172,F,79422,1.1585
19080,P2,CASC,88.80,92.50,169,F,79459,1.1215
19090,P2,CASC,88.65,87.48,173,F,79494,1.1332
19100,P2,CASC,88.50,85.02,174,F,79528,1.1680
19110,P2,CASC,88.35,89.99,171,F,79564,1.1516
19120,P2,CASC,88.20,85.03,173,F,79598,1.1832
19130,P2,CASC,88.05,89.98,170,F,79634,1.1639
19140,P2,CASC,87.90,90.01,170,F,79670,1.1428
19150,P2,CASC,87.75,87.47,172,F,79705,1.1456
19160,P2,CASC,87.60,90.04,169,F,79741,1.1212
19170,P2,CASC,87.45,87.48,171,F,79776,1.1209
19180,P2,CASC,87.30,89.99,169,F,79812,1.0940
19190,P2,CASC,87.15,90.02,169,F,79848,1.0653
19200,P2,CASC,87.00,89.99,168,F,79884,1.0354
19210,P2,CASC,86.85,89.99,168,F,79920,1.0040
19220,P2,CASC,86.70,92.50,166,F,79957,0.9460
19230,P2,CASC,86.55,90.00,167,F,79993,0.9115
19240,P2,CASC,86.40,87.52,169,F,80028,0.9003
19250,P2,CASC,86.25,90.01,167,F,80064,0.8627
19260,P2,CASC,86.10,84.97,170,F,80098,0.8740
19270,P2,CASC,85.95,87.53,168,F,80133,0.8582
19280,P2,CASC,85.80,87.47,168,F,80168,0.8415
19290,P2,CASC,85.65,85.00,170,F,80202,0.8480
19300,P2,CASC,85.50,90.00,165,F,80238,0.8030
19310,P2,CASC,85.35,87.50,167,F,80273,0.7815
19320,P2,CASC,85.20,87.51,167,F,80308,0.7584
19330,P2,CASC,85.05,102.51,154,F,80349,0.5838
19340,P2,CASC,84.90,89.97,164,F,80385,0.5331
19350,P2,CASC,84.75,87.54,165,F,80420,0.5052
19360,P2,CASC,84.60,84.97,167,F,80454,0.5016
19370,P2,CASC,84.45,82.53,168,F,80487,0.5207
19380,P2,CASC,84.30,79.99,169,F,80519,0.5638
19390,P2,CASC,84.15,89.99,163,F,80555,0.5054
19400,P2,CASC,84.00,90.00,162,F,80591,0.4454
19410,P2,CASC,83.85,87.51,164,F,80626,0.4088
19420,P2,CASC,83.70,89.99,161,F,80662,0.3459
19430,P2,CASC,83.55,87.52,163,F,80697,0.3062
19440,P2,CASC,83.40,90.00,161,F,80733,0.2402
19450,P2,CASC,83.25,89.98,160,F,80769,0.1729
19460,P2,CASC,83.10,87.50,162,F,80804,0.1289
19470,P2,CASC,82.95,87.49,162,F,80839,0.0835
19480,P2,CASC,82.80,87.53,161,F,80874,0.0362
19490,P2,CASC,82.65,87.49,161,F,80909,-0.0122
19500,P2,CASC,82.50,84.98,162,F,80943,-0.0370
19510,P2,CASC,82.35,87.52,160,F,80978,-0.0887
19520,P2,CASC,82.20,84.99,162,F,81012,-0.1166
19530,P2,CASC,82.05,87.51,160,F,81047,-0.1712
19540,P2,CASC,81.90,87.50,159,F,81082,-0.2272
19550,P2,CASC,81.75,85.00,161,F,81116,-0.2597
19560,P2,CASC,81.60,87.49,158,F,81151,-0.3186
19570,P2,CASC,81.45,85.02,160,F,81185,-0.3543
19580,P2,CASC,81.30,84.97,160,F,81219,-0.3909
19590,P2,CASC,81.15,85.02,159,F,81253,-0.4296
19600,P2,CASC,81.00,82.49,161,F,81286,-0.4445
19610,P2,CASC,80.85,85.02,159,F,81320,-0.4862
19620,P2,CASC,80.70,79.98,162,F,81352,-0.4789
19630,P2,CASC,80.55,82.51,160,F,81385,-0.4985
19640,P2,CASC,80.40,80.02,162,F,81417,-0.4947
19650,P2,CASC,80.25,82.48,160,F,81450,-0.5170
19660,P2,CASC,80.10,82.51,159,F,81483,-0.5411
19670,P2,CASC,79.95,79.99,161,F,81515,-0.5415
19680,P2,CASC,79.80,82.51,159,F,81548,-0.5686
19690,P2,CASC,79.65,79.98,161,F,81580,-0.5719
19700,P2,CASC,79.50,80.03,161,F,81612,-0.5773
19710,P2,CASC,79.35,79.98,160,F,81644,-0.5835
19720,P2,CASC,79.20,82.51,158,F,81677,-0.6166
19730,P2,CASC,79.05,80.01,160,F,81709,-0.6262
19740,P2,CASC,78.90,84.97,156,F,81743,-0.6869
19750,P2,CASC,78.75,82.52,157,F,81776,-0.7246
19760,P2,CASC,78.60,79.98,159,F,81808,-0.7384
19770,P2,CASC,78.45,82.52,157,F,81841,-0.7792
19780,P2,CASC,78.30,79.98,159,F,81873,-0.7960
19790,P2,CASC,78.15,77.52,160,F,81904,-0.7898
19800,P2,CASC,78.00,77.47,160,F,81935,-0.7844
19810,P2,CASC,77.85,77.50,160,F,81966,-0.7809
19820,P2,CASC,77.70,77.53,160,F,81997,-0.7793
19830,P2,CASC,77.55,79.98,158,F,82029,-0.8036
19840,P2,CASC,77.40,80.02,158,F,82061,-0.8298
19850,P2,CASC,77.25,79.99,157,F,82093,-0.8572
19860,P2,CASC,77.10,77.49,159,F,82124,-0.8611
19870,P2,CASC,76.95,79.98,157,F,82156,-0.8914
19880,P2,CASC,76.80,77.52,159,F,82187,-0.8987
19890,P2,CASC,76.65,77.49,159,F,82218,-0.9071
19900,P2,CASC,76.50,80.01,156,F,82250,-0.9422
19910,P2,CASC,76.35,79.99,156,F,82282,-0.9786
19920,P2,CASC,76.20,80.00,156,F,82314,-1.0166
19930,P2,CASC,76.05,80.00,156,F,82346,-1.0561
19940,P2,CASC,75.90,79.99,155,F,82378,-1.0970
19950,P2,CASC,75.75,77.49,157,F,82409,-1.1144
19960,P2,CASC,75.60,77.52,157,F,82440,-1.1336
19970,P2,CASC,75.45,77.52,157,F,82471,-1.1542
19980,P2,CASC,75.30,74.99,158,F,82501,-1.1511
19990,P2,CASC,75.15,77.51,156,F,82532,-1.1747
20000,P2,CASC,75.00,77.48,156,F,82563,-1.1995
20010,P2,CASC,74.85,75.02,158,F,82593,-1.2012
20020,P2,CASC,74.70,74.97,158,F,82623,-1.2039
20030,P2,CASC,74.55,77.50,156,F,82654,-1.2334
20040,P2,CASC,74.40,80.01,153,F,82686,-1.2895
20050,P2,CASC,74.25,74.99,157,F,82716,-1.2970
20060,P2,CASC,74.10,92.52,143,F,82753,-1.4811
20070,P2,CASC,73.95,77.51,154,F,82784,-1.5167
20080,P2,CASC,73.80,74.99,156,F,82814,-1.5286
20090,P2,CASC,73.65,74.99,156,F,82844,-1.5420
20100,P2,CASC,73.50,75.03,156,F,82874,-1.5573
20110,P2,CASC,73.35,67.48,158,F,82901,-1.4986
20120,P2,CASC,73.20,80.02,151,F,82933,-1.5667
20130,P2,CASC,73.05,74.99,155,F,82963,-1.5862
20140,P2,CASC,72.90,80.02,151,F,82995,-1.6573
20150,P2,CASC,72.75,74.99,154,F,83025,-1.6797
20160,P2,CASC,72.60,79.99,150,F,83057,-1.7536
20170,P2,CASC,72.45,74.99,154,F,83087,-1.7790
20180,P2,CASC,72.30,77.51,152,F,83118,-1.8311
20190,P2,CASC,72.15,77.50,151,F,83149,-1.8846
20200,P2,CASC,72.00,77.50,151,F,83180,-1.9396
20210,P2,CASC,71.85,77.50,151,F,83211,-1.9961
20220,P2,CASC,71.70,75.01,152,F,83241,-2.0292
20230,P2,CASC,71.55,77.50,150,F,83272,-2.0887
20240,P2,CASC,71.40,75.01,152,F,83302,-2.1248
20250,P2,CASC,71.25,72.51,154,F,83331,-2.1373
20260,P2,CASC,71.10,74.99,151,F,83361,-2.1763
20270,P2,CASC,70.95,74.94,151,F,83391,-2.2162
20280,P2,CASC,70.80,72.54,153,F,83420,-2.2336
20290,P2,CASC,70.65,75.00,151,F,83450,-2.2771
20300,P2,CASC,70.50,75.00,150,F,83480,-2.3221
20310,P2,CASC,70.35,72.51,152,F,83509,-2.3437
20320,P2,CASC,70.20,74.99,150,F,83539,-2.3916
20330,P2,CASC,70.05,75.01,150,F,83569,-2.4412
20340,P2,CASC,69.90,72.49,151,F,83598,-2.4672
20350,P2,CASC,69.75,70.01,153,F,83626,-2.4697
20360,P2,CASC,69.60,74.99,149,F,83656,-2.5237
20370,P2,CASC,69.45,70.01,153,F,83684,-2.5292
20380,P2,CASC,69.30,69.99,153,F,83712,-2.5361
20390,P2,CASC,69.15,69.99,152,F,83740,-2.5445
20400,P2,CASC,69.00,70.03,152,F,83768,-2.5548
20410,P2,CASC,68.85,69.99,152,F,83796,-2.5662
20420,P2,CASC,68.70,69.99,152,F,83824,-2.5791
20430,P2,CASC,68.55,69.99,152,F,83852,-2.5935
20440,P2,CASC,68.40,70.01,151,F,83880,-2.6097
20450,P2,CASC,68.25,70.01,151,F,83908,-2.6273
20460,P2,CASC,68.10,67.50,152,F,83935,-2.6213
20470,P2,CASC,67.95,72.47,149,F,83964,-2.6665
20480,P2,CASC,67.80,69.99,151,F,83992,-2.6884
20490,P2,CASC,67.65,67.52,151,F,84019,-2.6871
20500,P2,CASC,67.50,70.02,150,F,84047,-2.7123
20510,P2,CASC,67.35,69.99,150,F,84075,-2.7387
20520,P2,CASC,67.20,67.49,152,F,84102,-2.7416
20530,P2,CASC,67.05,72.50,148,F,84131,-2.7961
20540,P2,CASC,66.90,72.49,147,F,84160,-2.8520
20550,P2,CASC,66.75,70.03,149,F,84188,-2.8848
20560,P2,CASC,66.60,67.49,151,F,84215,-2.8937
20570,P2,CASC,66.45,72.48,147,F,84244,-2.9540
20580,P2,CASC,66.30,67.53,150,F,84271,-2.9663
20590,P2,CASC,66.15,67.48,150,F,84298,-2.9796
20600,P2,CASC,66.00,67.52,150,F,84325,-2.9948
20610,P2,CASC,65.85,67.49,150,F,84352,-3.0111
20620,P2,CASC,65.70,64.99,150,F,84378,-3.0041
20630,P2,CASC,65.55,67.51,149,F,84405,-3.0237
20640,P2,CASC,65.40,67.51,149,F,84432,-3.0448
20650,P2,CASC,65.25,70.00,147,F,84460,-3.0923
20660,P2,CASC,65.10,67.49,149,F,84487,-3.1161
20670,P2,CASC,64.95,65.01,150,F,84513,-3.1167
20680,P2,CASC,64.80,69.99,146,F,84541,-3.1686
20690,P2,CASC,64.65,64.99,150,F,84567,-3.1720
20700,P2,CASC,64.50,67.50,148,F,84594,-3.2020
20710,P2,CASC,64.35,65.02,149,F,84620,-3.2087
20720,P2,CASC,64.20,70.00,145,F,84648,-3.2667
20730,P2,CASC,64.05,67.46,147,F,84675,-3.3008
20740,P2,CASC,63.90,65.03,149,F,84701,-3.3120
20750,P2,CASC,63.75,67.51,146,F,84728,-3.3496
20760,P2,CASC,63.60,67.50,146,F,84755,-3.3886
20770,P2,CASC,63.45,67.51,146,F,84782,-3.4292
20780,P2,CASC,63.30,64.99,148,F,84808,-3.4462
20790,P2,CASC,63.15,64.99,148,F,84834,-3.4646
20800,P2,CASC,63.00,65.01,147,F,84860,-3.4847
20810,P2,CASC,62.85,64.99,147,F,84886,-3.5061
20820,P2,CASC,62.70,65.01,147,F,84912,-3.5292
20830,P2,CASC,62.55,62.50,147,F,84937,-3.5287
20840,P2,CASC,62.40,64.98,146,F,84963,-3.5546
20850,P2,CASC,62.25,65.01,146,F,84989,-3.5822
20860,P2,CASC,62.10,65.01,146,F,85015,-3.6112
20870,P2,CASC,61.95,65.00,146,F,85041,-3.6417
20880,P2,CASC,61.80,64.98,146,F,85067,-3.6736
20890,P2,CASC,61.65,65.01,145,F,85093,-3.7072
20900,P2,CASC,61.50,64.99,145,F,85119,-3.7421
20910,P2,CASC,61.35,82.50,131,F,85152,-3.9536
20920,P2,CASC,61.20,65.01,144,F,85178,-3.9917
20930,P2,CASC,61.05,64.98,144,F,85204,-4.0310
20940,P2,CASC,60.90,65.01,144,F,85230,-4.0721
20950,P2,CASC,60.75,65.00,143,F,85256,-4.1146
20960,P2,CASC,60.60,57.51,146,F,85279,-4.0837
20970,P2,CASC,60.45,57.51,146,F,85302,-4.0542
20980,P2,CASC,60.30,67.49,141,F,85329,-4.1261
20990,P2,CASC,60.15,65.01,143,F,85355,-4.1747
21000,P2,CASC,60.00,64.99,142,F,85381,-4.2246
21010,P2,CASC,59.85,67.50,140,F,85408,-4.3011
21020,P2,CASC,59.70,65.01,142,F,85434,-4.3542
21030,P2,CASC,59.55,67.50,139,F,85461,-4.4337
21040,P2,CASC,59.40,62.48,143,F,85486,-4.4645
21050,P2,CASC,59.25,67.51,139,F,85513,-4.5472
21060,P2,CASC,59.10,62.48,142,F,85538,-4.5810
21070,P2,CASC,58.95,67.51,138,F,85565,-4.6666
21080,P2,CASC,58.80,62.51,142,F,85590,-4.7037
21090,P2,CASC,58.65,64.99,139,F,85616,-4.7671
21100,P2,CASC,58.50,64.99,139,F,85642,-4.8320
21110,P2,CASC,58.35,62.51,141,F,85667,-4.8736
21120,P2,CASC,58.20,62.51,141,F,85692,-4.9167
21130,P2,CASC,58.05,62.49,140,F,85717,-4.9611
21140,P2,CASC,57.90,60.01,142,F,85741,-4.9822
21150,P2,CASC,57.75,65.01,138,F,85767,-5.0547
21160,P2,CASC,57.60,59.99,141,F,85791,-5.0787
21170,P2,CASC,57.45,59.99,141,F,85815,-5.1041
21180,P2,CASC,57.30,62.50,139,F,85840,-5.1561
21190,P2,CASC,57.15,59.99,141,F,85864,-5.1845
21200,P2,CASC,57.00,62.51,138,F,85889,-5.2396
21210,P2,CASC,56.85,60.00,140,F,85913,-5.2711
21220,P2,CASC,56.70,60.00,140,F,85937,-5.3041
21230,P2,CASC,56.55,59.99,140,F,85961,-5.3385
21240,P2,CASC,56.40,60.02,139,F,85985,-5.3747
21250,P2,CASC,56.25,60.00,139,F,86009,-5.4122
21260,P2,CASC,56.10,57.49,141,F,86032,-5.4262
21270,P2,CASC,55.95,59.99,139,F,86056,-5.4666
21280,P2,CASC,55.80,57.50,140,F,86079,-5.4836
21290,P2,CASC,55.65,57.49,140,F,86102,-5.5020
21300,P2,CASC,55.50,57.52,140,F,86125,-5.5222
21310,P2,CASC,55.35,55.00,140,F,86147,-5.5187
21320,P2,CASC,55.20,57.49,140,F,86170,-5.5416
21330,P2,CASC,55.05,55.01,139,F,86192,-5.5412
21340,P2,CASC,54.90,57.49,139,F,86215,-5.5672
21350,P2,CASC,54.75,57.50,139,F,86238,-5.5947
21360,P2,CASC,54.60,54.98,141,F,86260,-5.5985
21370,P2,CASC,54.45,57.52,139,F,86283,-5.6292
21380,P2,CASC,54.30,54.98,140,F,86305,-5.6360
21390,P2,CASC,54.15,55.01,140,F,86327,-5.6446
21400,P2,CASC,54.00,57.50,138,F,86350,-5.6796
21410,P2,CASC,53.85,55.02,140,F,86372,-5.6912
21420,P2,CASC,53.70,54.99,140,F,86394,-5.7042
21430,P2,CASC,53.55,57.49,137,F,86417,-5.7436
21440,P2,CASC,53.40,55.00,139,F,86439,-5.7596
21450,P2,CASC,53.25,55.00,139,F,86461,-5.7771
21460,P2,CASC,53.10,57.49,137,F,86484,-5.8211
21470,P2,CASC,52.95,55.02,138,F,86506,-5.8417
21480,P2,CASC,52.80,57.50,136,F,86529,-5.8887
21490,P2,CASC,52.65,57.48,136,F,86552,-5.9370
21500,P2,CASC,52.50,57.52,136,F,86575,-5.9872
21510,P2,CASC,52.35,55.00,137,F,86597,-6.0137
21520,P2,CASC,52.20,52.49,139,F,86618,-6.0166
21530,P2,CASC,52.05,57.49,135,F,86641,-6.0710
21540,P2,CASC,51.90,55.01,137,F,86663,-6.1021
21550,P2,CASC,51.75,52.51,138,F,86684,-6.1096
21560,P2,CASC,51.60,55.00,136,F,86706,-6.1436
21570,P2,CASC,51.45,52.50,138,F,86727,-6.1541
21580,P2,CASC,51.30,52.51,138,F,86748,-6.1662
21590,P2,CASC,51.15,52.49,138,F,86769,-6.1797
21600,P2,CASC,51.00,52.51,137,F,86790,-6.1947
21610,P2,CASC,50.85,52.50,137,F,86811,-6.2112
21620,P2,CASC,50.70,54.99,135,F,86833,-6.2542
21630,P2,CASC,50.55,52.50,137,F,86854,-6.2737
21640,P2,CASC,50.40,52.49,137,F,86875,-6.2946
21650,P2,CASC,50.25,52.50,136,F,86896,-6.3171
21660,P2,CASC,50.10,50.00,136,F,86916,-6.3161
21670,P2,CASC,49.95,54.99,134,F,86938,-6.3665
21680,P2,CASC,49.80,50.02,138,F,86958,-6.3687
21690,P2,CASC,49.65,49.98,138,F,86978,-6.3720
21700,P2,CASC,49.50,50.00,137,F,86998,-6.3770
21710,P2,CASC,49.35,50.02,137,F,87018,-6.3837
21720,P2,CASC,49.20,52.48,135,F,87039,-6.4165
21730,P2,CASC,49.05,52.51,135,F,87060,-6.4511
21740,P2,CASC,48.90,50.00,137,F,87080,-6.4621
21750,P2,CASC,48.75,47.49,136,F,87099,-6.4495
21760,P2,CASC,48.60,52.52,135,F,87120,-6.4887
21770,P2,CASC,48.45,50.00,136,F,87140,-6.5042
21780,P2,CASC,48.30,50.00,136,F,87160,-6.5212
21790,P2,CASC,48.15,49.99,136,F,87180,-6.5396
21800,P2,CASC,48.00,47.50,135,F,87199,-6.5346
21810,P2,CASC,47.85,47.50,135,F,87218,-6.5311
21820,P2,CASC,47.70,50.00,136,F,87238,-6.5541
21830,P2,CASC,47.55,49.99,135,F,87258,-6.5785
21840,P2,CASC,47.40,47.51,137,F,87277,-6.5797
21850,P2,CASC,47.25,47.50,137,F,87296,-6.5821
21860,P2,CASC,47.10,47.51,137,F,87315,-6.5862
21870,P2,CASC,46.95,47.50,137,F,87334,-6.5917
21880,P2,CASC,46.80,47.50,137,F,87353,-6.5986
21890,P2,CASC,46.65,49.97,135,F,87373,-6.6318
21900,P2,CASC,46.50,45.04,135,F,87391,-6.6172
21910,P2,CASC,46.35,49.99,134,F,87411,-6.6536
21920,P2,CASC,46.20,50.01,134,F,87431,-6.6917
21930,P2,CASC,46.05,47.49,136,F,87450,-6.7060
21940,P2,CASC,45.90,50.02,134,F,87470,-6.7472
21950,P2,CASC,45.75,50.00,134,F,87490,-6.7897
21960,P2,CASC,45.60,47.50,135,F,87509,-6.8087
21970,P2,CASC,45.45,57.49,127,F,87532,-6.9291
21980,P2,CASC,45.30,62.49,123,F,87557,-7.1010
21990,P2,CASC,45.15,47.50,134,F,87576,-7.1244
22000,P2,CASC,45.00,47.52,134,F,87595,-7.1496
22010,P2,CASC,44.85,50.00,132,F,87615,-7.2011
22020,P2,CASC,44.70,49.99,132,F,87635,-7.2540
22030,P2,CASC,44.55,49.99,131,F,87655,-7.3085
22040,P2,CASC,44.40,45.00,135,F,87673,-7.3145
22050,P2,CASC,44.25,40.01,134,F,87689,-7.2721
22060,P2,CASC,44.10,50.00,131,F,87709,-7.3311
22070,P2,CASC,43.95,52.49,129,F,87730,-7.4165
22080,P2,CASC,43.80,49.99,130,F,87750,-7.4785
22090,P2,CASC,43.65,47.51,132,F,87769,-7.5171
22100,P2,CASC,43.50,52.49,128,F,87790,-7.6069
22110,P2,CASC,43.35,47.51,131,F,87809,-7.6485
22120,P2,CASC,43.20,50.00,129,F,87829,-7.7165
22130,P2,CASC,43.05,52.49,127,F,87850,-7.8110
22140,P2,CASC,42.90,50.01,129,F,87870,-7.8821
22150,P2,CASC,42.75,47.49,130,F,87889,-7.9295
22160,P2,CASC,42.60,50.01,128,F,87909,-8.0035
22170,P2,CASC,42.45,47.49,130,F,87928,-8.0539
22180,P2,CASC,42.30,50.01,128,F,87948,-8.1310
22190,P2,CASC,42.15,50.01,127,F,87968,-8.2096
22200,P2,CASC,42.00,47.50,129,F,87987,-8.2646
22210,P2,CASC,41.85,47.50,129,F,88006,-8.3211
22220,P2,CASC,41.70,50.00,126,F,88026,-8.4041
22230,P2,CASC,41.55,47.50,128,F,88045,-8.4636
22240,P2,CASC,41.40,47.49,128,F,88064,-8.5245
22250,P2,CASC,41.25,45.00,130,F,88082,-8.5619
22260,P2,CASC,41.10,47.52,127,F,88101,-8.6261
22270,P2,CASC,40.95,45.00,129,F,88119,-8.6666
22280,P2,CASC,40.80,45.00,129,F,88137,-8.7086
22290,P2,CASC,40.65,47.50,127,F,88156,-8.7771
22300,P2,CASC,40.50,42.50,130,F,88173,-8.7971
22310,P2,CASC,40.35,44.99,128,F,88191,-8.8435
22320,P2,CASC,40.20,45.00,128,F,88209,-8.8915
22330,P2,CASC,40.05,42.50,130,F,88226,-8.9160
22340,P2,CASC,39.90,45.00,128,F,88244,-8.9670
22350,P2,CASC,39.75,45.00,127,F,88262,-9.0195
22360,P2,CASC,39.60,45.00,127,F,88280,-9.0735
22370,P2,CASC,39.45,40.00,131,F,88296,-9.0790
22380,P2,CASC,39.30,44.99,127,F,88314,-9.1360
22390,P2,CASC,39.15,42.50,128,F,88331,-9.1695
22400,P2,CASC,39.00,42.50,128,F,88348,-9.2045
22410,P2,CASC,38.85,42.51,128,F,88365,-9.2410
22420,P2,CASC,38.70,42.50,128,F,88382,-9.2790
22430,P2,CASC,38.55,42.50,128,F,88399,-9.3185
22440,P2,CASC,38.40,40.00,129,F,88415,-9.3345
22450,P2,CASC,38.25,40.00,129,F,88431,-9.3519
22460,P2,CASC,38.10,42.51,127,F,88448,-9.3960
22470,P2,CASC,37.95,40.01,129,F,88464,-9.4166
22480,P2,CASC,37.80,40.00,129,F,88480,-9.4385
22490,P2,CASC,37.65,40.00,128,F,88496,-9.4620
22500,P2,CASC,37.50,40.00,128,F,88512,-9.4870
22510,P2,CASC,37.35,40.00,128,F,88528,-9.5135
22520,P2,CASC,37.20,37.50,130,F,88543,-9.5165
22530,P2,CASC,37.05,40.00,128,F,88559,-9.5460
22540,P2,CASC,36.90,40.00,128,F,88575,-9.5770
22550,P2,CASC,36.75,40.00,127,F,88591,-9.6095
22560,P2,CASC,36.60,40.00,127,F,88607,-9.6436
22570,P2,CASC,36.45,39.99,127,F,88623,-9.6790
22580,P2,CASC,36.30,39.99,127,F,88639,-9.7159
22590,P2,CASC,36.15,40.01,127,F,88655,-9.7545
22600,P2,CASC,36.00,40.00,126,F,88671,-9.7945
22610,P2,CASC,35.85,40.00,126,F,88687,-9.8360
22620,P2,CASC,35.70,37.51,128,F,88702,-9.8541
22630,P2,CASC,35.55,40.00,126,F,88718,-9.8985
22640,P2,CASC,35.40,37.49,128,F,88733,-9.9195
22650,P2,CASC,35.25,40.00,125,F,88749,-9.9670
22660,P2,CASC,35.10,40.01,125,F,88765,-10.0160
22670,P2,CASC,34.95,39.99,125,F,88781,-10.0664
22680,P2,CASC,34.80,37.51,127,F,88796,-10.0935
22690,P2,CASC,34.65,40.00,124,F,88812,-10.1470
22700,P2,CASC,34.50,37.49,126,F,88827,-10.1769
22710,P2,CASC,34.35,40.01,124,F,88843,-10.2335
22720,P2,CASC,34.20,37.50,126,F,88858,-10.2665
22730,P2,CASC,34.05,40.00,124,F,88874,-10.3260
22740,P2,CASC,33.90,40.00,123,F,88890,-10.3870
22750,P2,CASC,33.75,37.50,125,F,88905,-10.4245
22760,P2,CASC,33.60,40.00,123,F,88921,-10.4885
22770,P2,CASC,33.45,40.00,123,F,88937,-10.5541
22780,P2,CASC,33.30,40.00,122,F,88953,-10.6210
22790,P2,CASC,33.15,40.00,122,F,88969,-10.6896
22800,P2,CASC,33.00,37.50,124,F,88984,-10.7345
22810,P2,CASC,32.85,39.99,121,F,89000,-10.8060
22820,P2,CASC,32.70,35.01,125,F,89014,-10.8291
22830,P2,CASC,32.55,39.99,121,F,89030,-10.9035
22840,P2,CASC,32.40,37.51,123,F,89045,-10.9546
22850,P2,CASC,32.25,37.50,122,F,89060,-11.0071
22860,P2,CASC,32.10,35.00,124,F,89074,-11.0360
22870,P2,CASC,31.95,37.50,122,F,89089,-11.0915
22880,P2,CASC,31.80,35.01,124,F,89103,-11.1236
22890,P2,CASC,31.65,37.50,122,F,89118,-11.1821
22900,P2,CASC,31.50,35.00,123,F,89132,-11.2171
22910,P2,CASC,31.35,35.00,123,F,89146,-11.2535
22920,P2,CASC,31.20,34.99,123,F,89160,-11.2915
22930,P2,CASC,31.05,35.00,123,F,89174,-11.3310
22940,P2,CASC,30.90,35.01,122,F,89188,-11.3721
22950,P2,CASC,30.75,35.00,122,F,89202,-11.4146
22960,P2,CASC,30.60,34.99,122,F,89216,-11.4585
22970,P2,CASC,30.45,35.01,122,F,89230,-11.5041
22980,P2,CASC,30.30,32.50,123,F,89243,-11.5261
22990,P2,CASC,30.15,34.99,121,F,89257,-11.5745
23000,P2,CASC,30.00,32.50,123,F,89270,-11.5995
23010,P2,CASC,29.85,32.50,123,F,89283,-11.6260
23020,P2,CASC,29.70,32.51,123,F,89296,-11.6540
23030,P2,CASC,29.55,32.49,123,F,89309,-11.6835
23040,P2,CASC,29.40,32.50,122,F,89322,-11.7145
23050,P2,CASC,29.25,32.49,122,F,89335,-11.7469
23060,P2,CASC,29.10,30.00,124,F,89347,-11.7560
23070,P2,CASC,28.95,32.51,122,F,89360,-11.7915
23080,P2,CASC,28.80,27.50,121,F,89371,-11.7785
23090,P2,CASC,28.65,32.50,121,F,89384,-11.8170
23100,P2,CASC,28.50,27.50,120,F,89395,-11.8070
23110,P2,CASC,28.35,30.00,123,F,89407,-11.8235
23120,P2,CASC,28.20,30.00,123,F,89419,-11.8415
23130,P2,CASC,28.05,30.00,123,F,89431,-11.8609
23140,P2,CASC,27.90,30.00,123,F,89443,-11.8819
23150,P2,CASC,27.75,27.51,120,F,89454,-11.8795
23160,P2,CASC,27.60,30.00,122,F,89466,-11.9035
23170,P2,CASC,27.45,27.50,124,F,89477,-11.9040
23180,P2,CASC,27.30,27.50,124,F,89488,-11.9060
23190,P2,CASC,27.15,27.49,124,F,89499,-11.9095
23200,P2,CASC,27.00,27.50,124,F,89510,-11.9144
23210,P2,CASC,26.85,30.00,122,F,89522,-11.9459
23220,P2,CASC,26.70,27.51,124,F,89533,-11.9540
23230,P2,CASC,26.55,30.00,121,F,89545,-11.9885
23240,P2,CASC,26.40,27.50,123,F,89556,-11.9995
23250,P2,CASC,26.25,27.50,123,F,89567,-12.0120
23260,P2,CASC,26.10,27.49,123,F,89578,-12.0260
23270,P2,CASC,25.95,27.51,123,F,89589,-12.0415
23280,P2,CASC,25.80,27.50,123,F,89600,-12.0585
23290,P2,CASC,25.65,25.00,120,F,89610,-12.0520
23300,P2,CASC,25.50,27.51,122,F,89621,-12.0720
23310,P2,CASC,25.35,27.49,122,F,89632,-12.0935
23320,P2,CASC,25.20,27.50,122,F,89643,-12.1165
23330,P2,CASC,25.05,27.51,122,F,89654,-12.1410
23340,P2,CASC,24.90,27.49,122,F,89665,-12.1669
23350,P2,CASC,24.75,27.50,121,F,89676,-12.1944
23360,P2,CASC,24.60,27.51,121,F,89687,-12.2235
23370,P2,CASC,24.45,25.00,123,F,89697,-12.2290
23380,P2,CASC,24.30,27.50,121,F,89708,-12.2610
23390,P2,CASC,24.15,27.50,121,F,89719,-12.2945
23400,P2,CASC,24.00,27.50,121,F,89730,-12.3295
23410,P2,CASC,23.85,27.49,120,F,89741,-12.3660
23420,P2,CASC,23.70,30.01,118,F,89753,-12.4290
23430,P2,CASC,23.55,27.49,120,F,89764,-12.4684
23440,P2,CASC,23.40,27.51,120,F,89775,-12.5095
23450,P2,CASC,23.25,27.50,119,F,89786,-12.5520
23460,P2,CASC,23.10,27.50,119,F,89797,-12.5960
23470,P2,CASC,22.95,29.99,117,F,89809,-12.6665
23480,P2,CASC,22.80,27.51,119,F,89820,-12.7135
23490,P2,CASC,22.65,30.00,116,F,89832,-12.7870
23500,P2,CASC,22.50,30.01,116,F,89844,-12.8620
23510,P2,CASC,22.35,27.50,118,F,89855,-12.9135
23520,P2,CASC,22.20,29.99,116,F,89867,-12.9915
23530,P2,CASC,22.05,27.51,117,F,89878,-13.0460
23540,P2,CASC,21.90,29.99,115,F,89890,-13.1269
23550,P2,CASC,21.75,27.51,117,F,89901,-13.1845
23560,P2,CASC,21.60,27.49,116,F,89912,-13.2434
23570,P2,CASC,21.45,40.01,106,F,89928,-13.4290
23580,P2,CASC,21.30,37.51,108,F,89943,-13.5911
23590,P2,CASC,21.15,29.99,113,F,89955,-13.6795
23600,P2,CASC,21.00,27.51,115,F,89966,-13.7445
23610,P2,CASC,20.85,27.50,114,F,89977,-13.8111
23620,P2,CASC,20.70,27.50,114,F,89988,-13.8790
23630,P2,CASC,20.55,27.50,114,F,89999,-13.9486
23640,P2,CASC,20.40,27.49,114,F,90010,-14.0195
23650,P2,CASC,20.25,27.51,113,F,90021,-14.0921
23660,P2,CASC,20.10,27.50,113,F,90032,-14.1660
23670,P2,CASC,19.95,27.49,113,F,90043,-14.2415
23680,P2,CASC,19.80,25.01,114,F,90053,-14.2935
23690,P2,CASC,19.65,22.50,116,F,90062,-14.3220
23700,P2,CASC,19.50,22.50,116,F,90071,-14.3520
23710,P2,CASC,19.35,27.51,112,F,90082,-14.4336
23720,P2,CASC,19.20,29.99,109,F,90094,-14.5415
23730,P2,CASC,19.05,27.50,111,F,90105,-14.6260
23740,P2,CASC,18.90,27.49,111,F,90116,-14.7120
23750,P2,CASC,18.75,27.50,110,F,90127,-14.7995
23760,P2,CASC,18.60,27.50,110,F,90138,-14.8885
23770,P2,CASC,18.45,27.50,110,F,90149,-14.9790
23780,P2,CASC,18.30,27.51,109,F,90160,-15.0711
23790,P2,CASC,18.15,27.49,109,F,90171,-15.1645
23800,P2,CASC,18.00,25.00,111,F,90181,-15.2345
23810,P2,CASC,17.85,25.01,110,F,90191,-15.3060
23820,P2,CASC,17.70,24.99,110,F,90201,-15.3790
23830,P2,CASC,17.55,25.01,110,F,90211,-15.4535
23840,P2,CASC,17.40,25.00,109,F,90221,-15.5295
23850,P2,CASC,17.25,27.50,107,F,90232,-15.6320
23860,P2,CASC,17.10,25.00,109,F,90242,-15.7110
23870,P2,CASC,16.95,25.00,108,F,90252,-15.7915
23880,P2,CASC,16.80,25.00,108,F,90262,-15.8735
23890,P2,CASC,16.65,25.00,108,F,90272,-15.9570
23900,P2,CASC,16.50,22.50,110,F,90281,-16.0170
23910,P2,CASC,16.35,22.50,109,F,90290,-16.0785
23920,P2,CASC,16.20,25.01,107,F,90300,-16.1666
23930,P2,CASC,16.05,22.49,109,F,90309,-16.2310
23940,P2,CASC,15.90,22.50,108,F,90318,-16.2970
23950,P2,CASC,15.75,22.50,108,F,90327,-16.3645
23960,P2,CASC,15.60,22.50,108,F,90336,-16.4336
23970,P2,CASC,15.45,19.99,110,F,90344,-16.4790
23980,P2,CASC,15.30,22.50,107,F,90353,-16.5510
23990,P2,CASC,15.15,22.50,107,F,90362,-16.6246
24000,P2,CASC,15.00,22.50,107,F,90371,-16.6995
24010,P2,CASC,14.85,20.00,108,F,90379,-16.7510
24020,P2,CASC,14.70,20.00,108,F,90387,-16.8040
24030,P2,CASC,14.55,20.00,108,F,90395,-16.8586
24040,P2,CASC,14.40,20.00,108,F,90403,-16.9145
24050,P2,CASC,14.25,20.00,107,F,90411,-16.9720
24060,P2,CASC,14.10,20.00,107,F,90419,-17.0310
24070,P2,CASC,13.95,17.50,109,F,90426,-17.0665
24080,P2,CASC,13.80,20.00,107,F,90434,-17.1285
24090,P2,CASC,13.65,17.50,108,F,90441,-17.1670
24100,P2,CASC,13.50,17.50,108,F,90448,-17.2070
24110,P2,CASC,13.35,20.00,106,F,90456,-17.2735
24120,P2,CASC,13.20,17.51,108,F,90463,-17.3165
24130,P2,CASC,13.05,17.50,107,F,90470,-17.3611
24140,P2,CASC,12.90,17.50,107,F,90477,-17.4071
24150,P2,CASC,12.75,15.00,109,F,90483,-17.4295
24160,P2,CASC,12.60,17.50,107,F,90490,-17.4785
24170,P2,CASC,12.45,17.50,107,F,90497,-17.5290
24180,P2,CASC,12.30,15.00,108,F,90503,-17.5560
24190,P2,CASC,12.15,15.00,108,F,90509,-17.5845
24200,P2,CASC,12.00,15.00,108,F,90515,-17.6145
24210,P2,CASC,11.85,15.00,108,F,90521,-17.6460
24220,P2,CASC,11.70,15.00,108,F,90527,-17.6790
24230,P2,CASC,11.55,15.00,107,F,90533,-17.7135
24240,P2,CASC,11.40,12.50,109,F,90538,-17.7245
24250,P2,CASC,11.25,15.00,107,F,90544,-17.7620
24260,P2,CASC,11.10,15.00,107,F,90550,-17.8010
24270,P2,CASC,10.95,15.00,107,F,90556,-17.8415
24280,P2,CASC,10.80,12.50,108,F,90561,-17.8585
24290,P2,CASC,10.65,12.50,108,F,90566,-17.8770
24300,P2,CASC,10.50,12.50,108,F,90571,-17.8970
24310,P2,CASC,10.35,12.50,108,F,90576,-17.9185
24320,P2,CASC,10.20,12.50,108,F,90581,-17.9416
24330,P2,CASC,10.05,12.50,107,F,90586,-17.9661
24340,P2,CASC,9.90,10.00,109,F,90590,-17.9670
24350,P2,CASC,9.75,12.50,107,F,90595,-17.9946
24360,P2,CASC,9.60,12.50,107,F,90600,-18.0235
24370,P2,CASC,9.45,10.00,109,F,90604,-18.0290
24380,P2,CASC,9.30,12.50,107,F,90609,-18.0611
24390,P2,CASC,9.15,10.00,108,F,90613,-18.0695
24400,P2,CASC,9.00,12.51,106,F,90618,-18.1046
24410,P2,CASC,8.85,10.00,108,F,90622,-18.1160
24420,P2,CASC,8.70,10.00,108,F,90626,-18.1291
24430,P2,CASC,8.55,10.00,108,F,90630,-18.1436
24440,P2,CASC,8.40,10.00,108,F,90634,-18.1596
24450,P2,CASC,8.25,10.00,107,F,90638,-18.1770
24460,P2,CASC,8.10,7.50,102,F,90641,-18.1711
24470,P2,CASC,7.95,10.00,107,F,90645,-18.1915
24480,P2,CASC,7.80,7.50,102,F,90648,-18.1885
24490,P2,CASC,7.65,10.00,107,F,90652,-18.2121
24500,P2,CASC,7.50,10.00,107,F,90656,-18.2370
24510,P2,CASC,7.35,7.50,109,F,90659,-18.2386
24520,P2,CASC,7.20,7.50,108,F,90662,-18.2415
24530,P2,CASC,7.05,7.50,108,F,90665,-18.2460
24540,P2,CASC,6.90,7.50,108,F,90668,-18.2521
24550,P2,CASC,6.75,7.50,108,F,90671,-18.2596
24560,P2,CASC,6.60,10.00,106,F,90675,-18.2935
24570,P2,CASC,6.45,5.00,102,F,90677,-18.2791
24580,P2,CASC,6.30,7.50,108,F,90680,-18.2911
24590,P2,CASC,6.15,5.00,102,F,90682,-18.2796
24600,P2,CASC,6.00,5.00,102,F,90684,-18.2696
24610,P2,CASC,5.85,5.00,102,F,90686,-18.2611
24620,P2,CASC,5.70,7.50,107,F,90689,-18.2790
24630,P2,CASC,5.55,7.50,107,F,90692,-18.2985
24640,P2,CASC,5.40,5.00,102,F,90694,-18.2946
24650,P2,CASC,5.25,5.00,102,F,90696,-18.2920
24660,P2,CASC,5.10,2.50,103,F,90697,-18.2660
24670,P2,CASC,4.95,5.00,109,F,90699,-18.2665
24680,P2,CASC,4.80,2.50,102,F,90700,-18.2435
24690,P2,CASC,4.65,0.00,103,F,90700,-18.1970
24700,P2,CASC,4.50,0.00,103,F,90700,-18.1520
24710,P2,CASC,4.35,0.00,103,F,90700,-18.1085
24720,P2,CASC,4.20,0.00,104,F,90700,-18.0665
24730,P2,CASC,4.05,0.00,104,F,90700,-18.0260
24740,P2,CASC,3.90,0.00,104,F,90700,-17.9870
24750,P2,CASC,3.75,0.00,104,F,90700,-17.9495
24760,P2,CASC,3.60,0.00,104,F,90700,-17.9135
24770,P2,CASC,3.45,0.00,104,F,90700,-17.8790
24780,P2,CASC,3.30,0.00,104,F,90700,-17.8460
24790,P2,CASC,3.15,0.00,104,F,90700,-17.8145
24800,P2,CASC,3.00,0.00,104,F,90700,-17.7845
24810,P2,CASC,2.85,0.00,104,F,90700,-17.7560
24820,P2,CASC,2.70,0.00,104,F,90700,-17.7290
24830,P2,CASC,2.55,0.00,104,F,90700,-17.7035
24840,P2,CASC,2.40,0.00,104,F,90700,-17.6795
24850,P2,CASC,2.25,0.00,104,F,90700,-17.6570
24860,P2,CASC,2.10,0.00,104,F,90700,-17.6360
24870,P2,CASC,1.95,0.00,104,F,90700,-17.6165
24880,P2,CASC,1.80,0.00,104,F,90700,-17.5985
24890,P2,CASC,1.65,0.00,104,F,90700,-17.5820
24900,P2,CASC,1.50,0.00,104,F,90700,-17.5670
24910,P2,CASC,1.35,0.00,104,F,90700,-17.5535
24920,P2,CASC,1.20,0.00,104,F,90700,-17.5415
24930,P2,CASC,1.05,0.00,104,F,90700,-17.5310
24940,P2,CASC,0.90,0.00,104,F,90700,-17.5220
24950,P2,CASC,0.75,0.00,104,F,90700,-17.5145
24960,P2,CASC,0.60,0.00,104,F,90700,-17.5085
24970,P2,CASC,0.45,0.00,104,F,90700,-17.5040
24980,P2,CASC,0.30,0.00,104,F,90700,-17.5010
24990,P2,CASC,0.15,0.00,104,F,90700,-17.4995
25000,P2,CASC,0.00,0.00,74,F,90700,-17.4995
25010,P2,CASC,0.00,0.00,44,F,90700,-17.4995
25020,P2,CASC,0.00,0.00,14,F,90700,-17.4995
25030,P2,CASC,0.00,0.00,-15,R,90700,-17.4995
25040,P2,CASC,0.00,0.00,-42,R,90700,-17.4995
25050,P2,CASC,0.00,0.00,-42,R,90700,-17.4995
25060,P2,CASC,0.00,0.00,-42,R,90700,-17.4995
25070,P2,CASC,0.00,0.00,-42,R,90700,-17.4995
25080,P2,CASC,0.00,0.00,-42,R,90700,-17.4995
25090,P2,CASC,0.00,0.00,-42,R,90700,-17.4995
25100,P2,CASC,0.00,0.00,-42,R,90700,-17.4995
25110,P2,CASC,0.00,0.00,-42,R,90700,-17.4995
25120,P2,CASC,0.00,0.00,-42,R,90700,-17.4995
25130,P2,CASC,0.00,0.00,-42,R,90700,-17.4995
25140,P2,CASC,0.00,0.00,-42,R,90700,-17.4995
25150,P2,CASC,0.00,0.00,-42,R,90700,-17.4995
25160,P2,CASC,0.00,0.00,-42,R,90700,-17.4995
25170,P2,CASC,0.00,0.00,-42,R,90700,-17.4995
25180,P2,CASC,0.00,0.00,-42,R,90700,-17.4995
25190,P2,CASC,0.00,0.00,-42,R,90700,-17.4995
25200,P2,CASC,0.00,0.00,-42,R,90700,-17.4995
25210,P2,CASC,0.00,0.00,-42,R,90700,-17.4995
25220,P2,CASC,0.00,0.00,-42,R,90700,-17.4995
25230,P2,CASC,0.00,0.00,-42,R,90700,-17.4995
25240,P2,CASC,0.00,0.00,-42,R,90700,-17.4995
25250,P2,CASC,0.00,0.00,-42,R,90700,-17.4995
25260,P2,CASC,0.00,0.00,-42,R,90700,-17.4995
25270,P2,CASC,0.00,0.00,-42,R,90700,-17.4995
25280,P2,CASC,0.00,0.00,-42,R,90700,-17.4995
25290,P2,CASC,0.00,0.00,-42,R,90700,-17.4995
25300,P2,CASC,0.00,0.00,-42,R,90700,-17.4995
25310,P2,CASC,0.00,0.00,-42,R,90700,-17.4995
25320,P2,CASC,0.00,0.00,-42,R,90700,-17.4995
25330,P2,CASC,0.00,0.00,-42,R,90700,-17.4995
25340,P2,CASC,0.00,0.00,-42,R,90700,-17.4995
25350,P2,CASC,0.00,0.00,-42,R,90700,-17.4995
25360,P2,CASC,0.00,0.00,-42,R,90700,-17.4995
25370,P2,CASC,0.00,0.00,-42,R,90700,-17.4995
25380,P2,CASC,0.00,0.00,-42,R,90700,-17.4995
25390,P2,CASC,0.00,0.00,-42,R,90700,-17.4995
25400,P2,CASC,0.00,0.00,-42,R,90700,-17.4995
25410,P2,CASC,0.00,0.00,-42,R,90700,-17.4995
25420,P2,CASC,0.00,0.00,-42,R,90700,-17.4995
25430,P2,CASC,0.00,0.00,-42,R,90700,-17.4995
25440,P2,CASC,0.00,0.00,-42,R,90700,-17.4995
25450,P2,CASC,0.00,0.00,-42,R,90700,-17.4995
25460,P2,CASC,0.00,0.00,-42,R,90700,-17.4995
25470,P2,CASC,0.00,0.00,-42,R,90700,-17.4995
25480,P2,CASC,0.00,0.00,-42,R,90700,-17.4995
25490,P2,CASC,0.00,0.00,-42,R,90700,-17.4995
25500,P2,CASC,0.00,0.00,-42,R,90700,-17.4995
25510,P2,CASC,0.00,0.00,-42,R,90700,-17.4995
25520,P2,CASC,0.00,0.00,-42,R,90700,-17.4995
25530,P2,CASC,0.00,0.00,-42,R,90700,-17.4995
25540,P2,CASC,0.00,0.00,-42,R,90700,-17.4995
25550,P2,CASC,0.00,0.00,-42,R,90700,-17.4995
25560,P2,CASC,0.00,0.00,-42,R,90700,-17.4995
25570,P2,CASC,0.00,0.00,-42,R,90700,-17.4995
25580,P2,CASC,0.00,0.00,-42,R,90700,-17.4995
25590,P2,CASC,0.00,0.00,-42,R,90700,-17.4995
25600,P2,CASC,0.00,0.00,-42,R,90700,-17.4995
25610,P2,CASC,0.00,0.00,-42,R,90700,-17.4995
25620,P2,CASC,0.00,0.00,-42,R,90700,-17.4995
25630,P2,CASC,0.00,0.00,-42,R,90700,-17.4995
25640,P2,CASC,0.00,0.00,-42,R,90700,-17.4995
25650,P2,CASC,0.00,0.00,-42,R,90700,-17.4995
25660,P2,CASC,0.00,0.00,-42,R,90700,-17.4995
25670,P2,CASC,0.00,0.00,-42,R,90700,-17.4995
25680,P2,CASC,0.00,0.00,-42,R,90700,-17.4995
25690,P2,CASC,0.00,0.00,-42,R,90700,-17.4995
25700,P2,CASC,0.00,0.00,-42,R,90700,-17.4995
25710,P2,CASC,0.00,0.00,-42,R,90700,-17.4995
25720,P2,CASC,0.00,0.00,-42,R,90700,-17.4995
25730,P2,CASC,0.00,0.00,-42,R,90700,-17.4995
25740,P2,CASC,0.00,0.00,-42,R,90700,-17.4995
25750,P2,CASC,0.00,0.00,-42,R,90700,-17.4995
25760,P2,CASC,0.00,0.00,-42,R,90700,-17.4995
25770,P2,CASC,0.00,0.00,-42,R,90700,-17.4995
25780,P2,CASC,0.00,0.00,-42,R,90700,-17.4995
25790,P2,CASC,0.00,0.00,-42,R,90700,-17.4995
25800,P2,CASC,0.00,0.00,-42,R,90700,-17.4995
25810,P2,CASC,0.00,0.00,-42,R,90700,-17.4995
25820,P2,CASC,0.00,0.00,-42,R,90700,-17.4995
25830,P2,CASC,0.00,0.00,-42,R,90700,-17.4995
25840,P2,CASC,0.00,0.00,-42,R,90700,-17.4995
25850,P2,CASC,0.00,0.00,-42,R,90700,-17.4995
25860,P2,CASC,0.00,0.00,-42,R,90700,-17.4995
25870,P2,CASC,0.00,0.00,-42,R,90700,-17.4995
25880,P2,CASC,0.00,0.00,-42,R,90700,-17.4995
25890,P2,CASC,0.00,0.00,-42,R,90700,-17.4995
25900,P2,CASC,0.00,0.00,-42,R,90700,-17.4995
25910,P2,CASC,0.00,0.00,-42,R,90700,-17.4995
25920,P2,CASC,0.00,0.00,-42,R,90700,-17.4995
25930,P2,CASC,0.00,0.00,-42,R,90700,-17.4995
25940,P2,CASC,0.00,0.00,-42,R,90700,-17.4995
25950,P2,CASC,0.00,0.00,-42,R,90700,-17.4995
25960,P2,CASC,0.00,0.00,-42,R,90700,-17.4995
25970,P2,CASC,0.00,0.00,-42,R,90700,-17.4995
25980,P2,CASC,0.00,0.00,-42,R,90700,-17.4995
25990,P2,CASC,0.00,0.00,-42,R,90700,-17.4995
26000,P2,CASC,0.00,0.00,-42,R,90700,-17.4995
26010,P2,CASC,0.00,0.00,-42,R,90700,-17.4995
26020,P2,CASC,0.00,0.00,-42,R,90700,-17.4995
26030,P2,CASC,0.00,0.00,-42,R,90700,-17.4995
26040,P2,CASC,0.00,0.00,-42,R,90700,-17.4995
26050,P2,CASC,0.00,0.00,-42,R,90700,-17.4995
26060,P2,CASC,0.00,0.00,-42,R,90700,-17.4995
26070,P2,CASC,0.00,0.00,-42,R,90700,-17.4995
26080,P2,CASC,0.00,0.00,-42,R,90700,-17.4995
26090,P2,CASC,0.00,0.00,-42,R,90700,-17.4995
26100,P2,CASC,0.00,0.00,-42,R,90700,-17.4995
26110,P2,CASC,0.00,0.00,-42,R,90700,-17.4995
26120,P2,CASC,0.00,0.00,-42,R,90700,-17.4995
26130,P2,CASC,0.00,0.00,-42,R,90700,-17.4995
26140,P2,CASC,0.00,0.00,-42,R,90700,-17.4995
26150,P2,CASC,0.00,0.00,-42,R,90700,-17.4995
26160,P2,CASC,0.00,0.00,-42,R,90700,-17.4995
26170,P2,CASC,0.00,0.00,-42,R,90700,-17.4995
26180,P2,CASC,0.00,0.00,-42,R,90700,-17.4995
26190,P2,CASC,0.00,0.00,-42,R,90700,-17.4995
26200,P2,CASC,0.00,0.00,-42,R,90700,-17.4995
26210,P2,CASC,0.00,0.00,-42,R,90700,-17.4995
26220,P2,CASC,0.00,0.00,-42,R,90700,-17.4995
26230,P2,CASC,0.00,0.00,-42,R,90700,-17.4995
26240,P2,CASC,0.00,0.00,-42,R,90700,-17.4995
26250,P2,CASC,0.00,0.00,-42,R,90700,-17.4995
26260,P2,CASC,0.00,0.00,-42,R,90700,-17.4995
26270,P2,CASC,0.00,0.00,-42,R,90700,-17.4995
26280,P2,CASC,0.00,0.00,-42,R,90700,-17.4995
26290,P2,CASC,0.00,0.00,-42,R,90700,-17.4995
26300,P2,CASC,0.00,0.00,-42,R,90700,-17.4995
26310,P2,CASC,0.00,0.00,-42,R,90700,-17.4995
26320,P2,CASC,0.00,0.00,-42,R,90700,-17.4995
26330,P2,CASC,0.00,0.00,-42,R,90700,-17.4995
26340,P2,CASC,0.00,0.00,-42,R,90700,-17.4995
26350,P2,CASC,0.00,0.00,-42,R,90700,-17.4995
26360,P2,CASC,0.00,0.00,-42,R,90700,-17.4995
26370,P2,CASC,0.00,0.00,-42,R,90700,-17.4995
26380,P2,CASC,0.00,0.00,-42,R,90700,-17.4995
26390,P2,CASC,0.00,0.00,-42,R,90700,-17.4995
26400,P2,CASC,0.00,0.00,-42,R,90700,-17.4995
26410,P2,CASC,0.00,0.00,-42,R,90700,-17.4995
26420,P2,CASC,0.00,0.00,-42,R,90700,-17.4995
26430,P2,CASC,0.00,0.00,-42,R,90700,-17.4995
26440,P2,CASC,0.00,0.00,-42,R,90700,-17.4995
26450,P2,CASC,0.00,0.00,-42,R,90700,-17.4995
26460,P2,CASC,0.00,0.00,-42,R,90700,-17.4995
26470,P2,CASC,0.00,0.00,-42,R,90700,-17.4995
26480,P2,CASC,0.00,0.00,-42,R,90700,-17.4995
26490,P2,CASC,0.00,-2.50,-41,R,90699,-17.4745
26500,P2,CASC,0.00,0.00,-42,R,90699,-17.4745
26510,P2,CASC,0.00,0.00,-42,R,90699,-17.4745
26520,P2,CASC,0.00,0.00,-42,R,90699,-17.4745
26530,P2,CASC,0.00,0.00,-42,R,90699,-17.4745
26540,P2,CASC,0.00,0.00,-42,R,90699,-17.4745
26550,P2,CASC,0.00,0.00,-42,R,90699,-17.4745
26560,P2,CASC,0.00,0.00,-42,R,90699,-17.4745
26570,P2,CASC,0.00,0.00,-42,R,90699,-17.4745
26580,P2,CASC,0.00,0.00,-42,R,90699,-17.4745
26590,P2,CASC,0.00,0.00,-42,R,90699,-17.4745
26600,P2,CASC,0.00,0.00,-42,R,90699,-17.4745
26610,P2,CASC,0.00,0.00,-42,R,90699,-17.4745
26620,P2,CASC,0.00,0.00,-42,R,90699,-17.4745
26630,P2,CASC,0.00,0.00,-42,R,90699,-17.4745
26640,P2,CASC,0.00,0.00,-42,R,90699,-17.4745
26650,P2,CASC,0.00,0.00,-42,R,90699,-17.4745
26660,P2,CASC,0.00,0.00,-42,R,90699,-17.4745
26670,P2,CASC,0.00,0.00,-42,R,90699,-17.4745
26680,P2,CASC,0.00,0.00,-42,R,90699,-17.4745
26690,P2,CASC,0.00,0.00,-42,R,90699,-17.4745
26700,P2,CASC,0.00,0.00,-42,R,90699,-17.4745
26710,P2,CASC,0.00,0.00,-42,R,90699,-17.4745
26720,P2,CASC,0.00,0.00,-42,R,90699,-17.4745
26730,P2,CASC,0.00,0.00,-42,R,90699,-17.4745
26740,P2,CASC,0.00,0.00,-42,R,90699,-17.4745
26750,P2,CASC,0.00,0.00,-42,R,90699,-17.4745
26760,P2,CASC,0.00,0.00,-42,R,90699,-17.4745
26770,P2,CASC,0.00,0.00,-42,R,90699,-17.4745
26780,P2,CASC,0.00,0.00,-42,R,90699,-17.4745
26790,P2,CASC,0.00,0.00,-42,R,90699,-17.4745
26800,P2,CASC,0.00,0.00,-42,R,90699,-17.4745
26810,P2,CASC,0.00,0.00,-42,R,90699,-17.4745
26820,P2,CASC,0.00,0.00,-42,R,90699,-17.4745
26830,P2,CASC,0.00,0.00,-42,R,90699,-17.4745
26840,P2,CASC,0.00,0.00,-42,R,90699,-17.4745
26850,P2,CASC,0.00,0.00,-42,R,90699,-17.4745
26860,P2,CASC,0.00,0.00,-42,R,90699,-17.4745
26870,P2,CASC,0.00,0.00,-42,R,90699,-17.4745
26880,P2,CASC,0.00,0.00,-42,R,90699,-17.4745
26890,P2,CASC,0.00,0.00,-42,R,90699,-17.4745
26900,P2,CASC,0.00,0.00,-42,R,90699,-17.4745
26910,P2,CASC,0.00,0.00,-42,R,90699,-17.4745
26920,P2,CASC,0.00,0.00,-42,R,90699,-17.4745
26930,P2,CASC,0.00,0.00,-42,R,90699,-17.4745
26940,P2,CASC,0.00,0.00,-42,R,90699,-17.4745
26950,P2,CASC,0.00,0.00,-42,R,90699,-17.4745
26960,P2,CASC,0.00,0.00,-42,R,90699,-17.4745
26970,P2,CASC,0.00,0.00,-42,R,90699,-17.4745
26980,P2,CASC,0.00,0.00,-42,R,90699,-17.4745
26990,P2,CASC,0.00,0.00,-42,R,90699,-17.4745
27000,P2,CASC,0.00,0.00,-42,R,90699,-17.4745
27010,P2,CASC,0.00,0.00,-42,R,90699,-17.4745
27020,P2,CASC,0.00,0.00,-42,R,90699,-17.4745
27030,P2,CASC,0.00,0.00,-42,R,90699,-17.4745
27040,P2,CASC,0.00,0.00,-42,R,90699,-17.4745
27050,P2,CASC,0.00,0.00,-42,R,90699,-17.4745
27060,P2,CASC,0.00,0.00,-42,R,90699,-17.4745
27070,P2,CASC,0.00,0.00,-42,R,90699,-17.4745
27080,P2,CASC,0.00,0.00,-42,R,90699,-17.4745
27090,P2,CASC,0.00,0.00,-42,R,90699,-17.4745
27100,P2,CASC,0.00,0.00,-42,R,90699,-17.4745
27110,P2,CASC,0.00,0.00,-42,R,90699,-17.4745
27120,P2,CASC,0.00,0.00,-42,R,90699,-17.4745
27130,P2,CASC,0.00,0.00,-42,R,90699,-17.4745
27140,P2,CASC,0.00,0.00,-42,R,90699,-17.4745
27150,P2,CASC,0.00,0.00,-42,R,90699,-17.4745
27160,P2,CASC,0.00,0.00,-42,R,90699,-17.4745
27170,P2,CASC,0.00,0.00,-42,R,90699,-17.4745
27180,P2,CASC,0.00,0.00,-42,R,90699,-17.4745
27190,P2,CASC,0.00,0.00,-42,R,90699,-17.4745
27200,P2,CASC,0.00,0.00,-42,R,90699,-17.4745
27210,P2,CASC,0.00,0.00,-42,R,90699,-17.4745
27220,P2,CASC,0.00,0.00,-42,R,90699,-17.4745
27230,P2,CASC,0.00,0.00,-42,R,90699,-17.4745
27240,P2,CASC,0.00,0.00,-42,R,90699,-17.4745
27250,P2,CASC,0.00,0.00,-42,R,90699,-17.4745
27260,P2,CASC,0.00,0.00,-42,R,90699,-17.4745
27270,P2,CASC,0.00,0.00,-42,R,90699,-17.4745
27280,P2,CASC,0.00,0.00,-42,R,90699,-17.4745
27290,P2,CASC,0.00,0.00,-42,R,90699,-17.4745
27300,P2,CASC,0.00,0.00,-42,R,90699,-17.4745
27310,P2,CASC,0.00,0.00,-42,R,90699,-17.4745
27320,P2,CASC,0.00,0.00,-42,R,90699,-17.4745
27330,P2,CASC,0.00,0.00,-42,R,90699,-17.4745
27340,P2,CASC,0.00,0.00,-42,R,90699,-17.4745
27350,P2,CASC,0.00,0.00,-42,R,90699,-17.4745
27360,P2,CASC,0.00,0.00,-42,R,90699,-17.4745
27370,P2,CASC,0.00,0.00,-42,R,90699,-17.4745
27380,P2,CASC,0.00,0.00,-42,R,90699,-17.4745
27390,P2,CASC,0.00,0.00,-42,R,90699,-17.4745
27400,P2,CASC,0.00,0.00,-42,R,90699,-17.4745
27410,P2,CASC,0.00,0.00,-42,R,90699,-17.4745
27420,P2,CASC,0.00,0.00,-42,R,90699,-17.4745
27430,P2,CASC,0.00,0.00,-42,R,90699,-17.4745
27440,P2,CASC,0.00,0.00,-42,R,90699,-17.4745
27450,P2,CASC,0.00,0.00,-42,R,90699,-17.4745
27460,P2,CASC,0.00,0.00,-42,R,90699,-17.4745
27470,P2,CASC,0.00,0.00,-42,R,90699,-17.4745
27480,P2,CASC,0.00,0.00,-42,R,90699,-17.4745
27490,P2,CASC,0.00,0.00,-42,R,90699,-17.4745
27500,P2,CASC,0.00,0.00,-42,R,90699,-17.4745
27510,P2,CASC,0.00,0.00,-42,R,90699,-17.4745
27520,P2,CASC,0.00,0.00,-42,R,90699,-17.4745
27530,P2,CASC,0.00,0.00,-42,R,90699,-17.4745
27540,P2,CASC,0.00,0.00,-42,R,90699,-17.4745
27550,P2,CASC,0.00,0.00,-42,R,90699,-17.4745
27560,P2,CASC,0.00,0.00,-42,R,90699,-17.4745
27570,P2,CASC,0.00,0.00,-42,R,90699,-17.4745
27580,P2,CASC,0.00,0.00,-42,R,90699,-17.4745
27590,P2,CASC,0.00,0.00,-42,R,90699,-17.4745
27600,P2,CASC,0.00,0.00,-42,R,90699,-17.4745
27610,P2,CASC,0.00,0.00,-42,R,90699,-17.4745
27620,P2,CASC,0.00,0.00,-42,R,90699,-17.4745
27630,P2,CASC,0.00,0.00,-42,R,90699,-17.4745
27640,P2,CASC,0.00,0.00,-42,R,90699,-17.4745
27650,P2,CASC,0.00,0.00,-42,R,90699,-17.4745
27660,P2,CASC,0.00,0.00,-42,R,90699,-17.4745
27670,P2,CASC,0.00,0.00,-42,R,90699,-17.4745
27680,P2,CASC,0.00,0.00,-42,R,90699,-17.4745
27690,P2,CASC,0.00,0.00,-42,R,90699,-17.4745
27700,P2,CASC,0.00,0.00,-42,R,90699,-17.4745
27710,P2,CASC,0.00,0.00,-42,R,90699,-17.4745
27720,P2,CASC,0.00,0.00,-42,R,90699,-17.4745
27730,P2,CASC,0.00,0.00,-42,R,90699,-17.4745
27740,P2,CASC,0.00,0.00,-42,R,90699,-17.4745
27750,P2,CASC,0.00,0.00,-42,R,90699,-17.4745
27760,P2,CASC,0.00,0.00,-42,R,90699,-17.4745
27770,P2,CASC,0.00,0.00,-42,R,90699,-17.4745
27780,P2,CASC,0.00,0.00,-42,R,90699,-17.4745
27790,P2,CASC,0.00,0.00,-42,R,90699,-17.4745
27800,P2,CASC,0.00,0.00,-42,R,90699,-17.4745
27810,P2,CASC,0.00,0.00,-42,R,90699,-17.4745
27820,P2,CASC,0.00,0.00,-42,R,90699,-17.4745
27830,P2,CASC,0.00,0.00,-42,R,90699,-17.4745
27840,P2,CASC,0.00,0.00,-42,R,90699,-17.4745
27850,P2,CASC,0.00,0.00,-42,R,90699,-17.4745
27860,P2,CASC,0.00,0.00,-42,R,90699,-17.4745
27870,P2,CASC,0.00,0.00,-42,R,90699,-17.4745
27880,P2,CASC,0.00,0.00,-42,R,90699,-17.4745
27890,P2,CASC,0.00,0.00,-42,R,90699,-17.4745
27900,P2,CASC,0.00,0.00,-42,R,90699,-17.4745
27910,P2,CASC,0.00,0.00,-42,R,90699,-17.4745
27920,P2,CASC,0.00,0.00,-42,R,90699,-17.4745
27930,P2,CASC,0.00,0.00,-42,R,90699,-17.4745
27940,P2,CASC,0.00,0.00,-42,R,90699,-17.4745
27950,P2,CASC,0.00,0.00,-42,R,90699,-17.4745
27960,P2,CASC,0.00,0.00,-42,R,90699,-17.4745
27970,P2,CASC,0.00,0.00,-42,R,90699,-17.4745
27980,P2,CASC,0.00,0.00,-42,R,90699,-17.4745
27990,P2,CASC,0.00,0.00,-42,R,90699,-17.4745
28000,P2,CASC,0.00,0.00,-42,R,90699,-17.4745
28010,P2,CASC,-0.15,0.00,-72,R,90699,-17.4760
28020,P2,CASC,-0.30,0.00,-102,R,90699,-17.4790
28030,P2,CASC,-0.45,0.00,-132,R,90699,-17.4835
28040,P2,CASC,-0.60,0.00,-162,R,90699,-17.4895
28050,P2,CASC,-0.75,0.00,-190,R,90699,-17.4970
28060,P2,CASC,-0.90,0.00,-190,R,90699,-17.5060
28070,P2,CASC,-1.05,-25.00,-167,R,90689,-17.2665
28080,P2,CASC,-1.20,-32.49,-162,R,90676,-16.9536
28090,P2,CASC,-1.35,-37.50,-158,R,90661,-16.5921
28100,P2,CASC,-1.50,-37.50,-157,R,90646,-16.2321
28110,P2,CASC,-1.65,-37.49,-156,R,90631,-15.8736
28120,P2,CASC,-1.80,-40.02,-154,R,90615,-15.4915
28130,P2,CASC,-1.95,-42.49,-152,R,90598,-15.0861
28140,P2,CASC,-2.10,-42.51,-151,R,90581,-14.6820
28150,P2,CASC,-2.25,-42.49,-150,R,90564,-14.2796
28160,P2,CASC,-2.40,-45.01,-147,R,90546,-13.8535
28170,P2,CASC,-2.55,-47.50,-145,R,90527,-13.4041
28180,P2,CASC,-2.70,-45.00,-146,R,90509,-12.9810
28190,P2,CASC,-2.85,-47.50,-143,R,90490,-12.5345
28200,P2,CASC,-3.00,-50.00,-140,R,90470,-12.0645
28210,P2,CASC,-3.15,-47.48,-141,R,90451,-11.6211
28220,P2,CASC,-3.30,-52.51,-137,R,90430,-11.1290
28230,P2,CASC,-3.45,-50.01,-138,R,90410,-10.6634
28240,P2,CASC,-3.60,-49.99,-137,R,90390,-10.1995
28250,P2,CASC,-3.75,-52.51,-134,R,90369,-9.7120
28260,P2,CASC,-3.90,-52.49,-133,R,90348,-9.2260
28270,P2,CASC,-4.05,-50.01,-134,R,90328,-8.7665
28280,P2,CASC,-4.20,-52.50,-131,R,90307,-8.2835
28290,P2,CASC,-4.35,-52.49,-130,R,90286,-7.8021
28300,P2,CASC,-4.50,-50.00,-131,R,90266,-7.3471
28310,P2,CASC,-4.65,-52.51,-128,R,90245,-6.8685
28320,P2,CASC,-4.80,-52.51,-127,R,90224,-6.3914
28330,P2,CASC,-4.95,-50.00,-128,R,90204,-5.9409
28340,P2,CASC,-5.10,-52.50,-125,R,90183,-5.4669
28350,P2,CASC,-5.25,-52.50,-124,R,90162,-4.9944
28360,P2,CASC,-5.40,-49.99,-125,R,90142,-4.5485
28370,P2,CASC,-5.55,-50.01,-124,R,90122,-4.1040
28380,P2,CASC,-5.70,-47.49,-125,R,90103,-3.6861
28390,P2,CASC,-5.85,-50.02,-122,R,90083,-3.2445
28400,P2,CASC,-6.00,-47.50,-123,R,90064,-2.8294
28410,P2,CASC,-6.15,-47.50,-122,R,90045,-2.4159
28420,P2,CASC,-6.30,-47.49,-121,R,90026,-2.0041
28430,P2,CASC,-6.45,-47.50,-120,R,90007,-1.5936
28440,P2,CASC,-6.60,-45.00,-121,R,89989,-1.2096
28450,P2,CASC,-6.75,-45.00,-120,R,89971,-0.8271
28460,P2,CASC,-6.90,-42.50,-121,R,89954,-0.4711
28470,P2,CASC,-7.05,-45.01,-119,R,89936,-0.0915
28480,P2,CASC,-7.20,-42.50,-120,R,89919,0.2615
28490,P2,CASC,-7.35,-40.00,-121,R,89903,0.5880
28500,P2,CASC,-7.50,-40.00,-120,R,89887,0.9130
28510,P2,CASC,-7.65,-42.50,-118,R,89870,1.2616
28520,P2,CASC,-7.80,-39.99,-119,R,89854,1.5834
28530,P2,CASC,-7.95,-37.50,-120,R,89839,1.8790
28540,P2,CASC,-8.10,-40.00,-118,R,89823,2.1980
28550,P2,CASC,-8.25,-40.00,-117,R,89807,2.5155
28560,P2,CASC,-8.40,-35.00,-120,R,89793,2.7815
28570,P2,CASC,-8.55,-37.50,-118,R,89778,3.0710
28580,P2,CASC,-8.70,-35.00,-119,R,89764,3.3340
28590,P2,CASC,-8.85,-37.50,-117,R,89749,3.6205
28600,P2,CASC,-9.00,-34.99,-118,R,89735,3.8804
28610,P2,CASC,-9.15,-32.50,-119,R,89722,4.1139
28620,P2,CASC,-9.30,-35.01,-117,R,89708,4.3710
28630,P2,CASC,-9.45,-32.49,-118,R,89695,4.6015
28640,P2,CASC,-9.60,-35.01,-116,R,89681,4.8556
28650,P2,CASC,-9.75,-32.50,-117,R,89668,5.0831
28660,P2,CASC,-9.90,-29.99,-118,R,89656,5.2839
28670,P2,CASC,-10.05,-32.51,-116,R,89643,5.5085
28680,P2,CASC,-10.20,-30.00,-118,R,89631,5.7065
28690,P2,CASC,-10.35,-32.50,-115,R,89618,5.9280
28700,P2,CASC,-10.50,-27.50,-118,R,89607,6.0980
28710,P2,CASC,-10.65,-30.00,-116,R,89595,6.2915
28720,P2,CASC,-10.80,-30.00,-116,R,89583,6.4835
28730,P2,CASC,-10.95,-30.00,-116,R,89571,6.6740
28740,P2,CASC,-11.10,-27.51,-117,R,89560,6.8380
28750,P2,CASC,-11.25,-29.99,-115,R,89548,7.0254
28760,P2,CASC,-11.40,-27.50,-117,R,89537,7.1865
28770,P2,CASC,-11.55,-27.50,-116,R,89526,7.3460
28780,P2,CASC,-11.70,-27.51,-116,R,89515,7.5040
28790,P2,CASC,-11.85,-27.50,-116,R,89504,7.6605
28800,P2,CASC,-12.00,-24.99,-117,R,89494,7.7904
28810,P2,CASC,-12.15,-27.51,-115,R,89483,7.9440
28820,P2,CASC,-12.30,-25.00,-117,R,89473,8.0710
28830,P2,CASC,-12.45,-27.50,-115,R,89462,8.2214
28840,P2,CASC,-12.60,-25.01,-116,R,89452,8.3455
28850,P2,CASC,-12.75,-27.49,-114,R,89441,8.4930
28860,P2,CASC,-12.90,-25.01,-116,R,89431,8.6140
28870,P2,CASC,-13.05,-25.00,-116,R,89421,8.7335
28880,P2,CASC,-13.20,-25.00,-116,R,89411,8.8514
28890,P2,CASC,-13.35,-25.01,-115,R,89401,8.9680
28900,P2,CASC,-13.50,-24.99,-115,R,89391,9.0829
28910,P2,CASC,-13.65,-25.00,-115,R,89381,9.1964
28920,P2,CASC,-13.80,-22.50,-117,R,89372,9.2835
28930,P2,CASC,-13.95,-25.01,-115,R,89362,9.3940
28940,P2,CASC,-14.10,-25.00,-115,R,89352,9.5030
28950,P2,CASC,-14.25,-24.99,-114,R,89342,9.6105
28960,P2,CASC,-14.40,-25.01,-114,R,89332,9.7165
28970,P2,CASC,-14.55,-27.50,-113,R,89321,9.8460
28980,P2,CASC,-14.70,-22.50,-116,R,89312,9.9240
28990,P2,CASC,-14.85,-25.00,-114,R,89302,10.0255
29000,P2,CASC,-15.00,-25.00,-114,R,89292,10.1255
29010,P2,CASC,-15.15,-25.00,-114,R,89282,10.2240
29020,P2,CASC,-15.30,-25.00,-114,R,89272,10.3210
29030,P2,CASC,-15.45,-27.51,-112,R,89261,10.4416
29040,P2,CASC,-15.60,-25.00,-113,R,89251,10.5355
29050,P2,CASC,-15.75,-25.00,-113,R,89241,10.6280
29060,P2,CASC,-15.90,-25.00,-113,R,89231,10.7190
29070,P2,CASC,-16.05,-25.00,-113,R,89221,10.8085
29080,P2,CASC,-16.20,-25.00,-113,R,89211,10.8965
29090,P2,CASC,-16.35,-25.00,-113,R,89201,10.9830
29100,P2,CASC,-16.50,-25.00,-113,R,89191,11.0680
29110,P2,CASC,-16.65,-25.00,-113,R,89181,11.1515
29120,P2,CASC,-16.80,-22.50,-114,R,89172,11.2085
29130,P2,CASC,-16.95,-25.01,-112,R,89162,11.2890
29140,P2,CASC,-17.10,-27.50,-111,R,89151,11.3930
29150,P2,CASC,-17.25,-25.00,-112,R,89141,11.4706
29160,P2,CASC,-17.40,-24.99,-112,R,89131,11.5465
29170,P2,CASC,-17.55,-22.50,-114,R,89122,11.5960
29180,P2,CASC,-17.70,-25.00,-112,R,89112,11.6690
29190,P2,CASC,-17.85,-25.00,-112,R,89102,11.7405
29200,P2,CASC,-18.00,-22.50,-114,R,89093,11.7855
29210,P2,CASC,-18.15,-25.00,-112,R,89083,11.8540
29220,P2,CASC,-18.30,-25.00,-112,R,89073,11.9210
29230,P2,CASC,-18.45,-22.50,-113,R,89064,11.9616
29240,P2,CASC,-18.60,-22.50,-113,R,89055,12.0006
29250,P2,CASC,-18.75,-22.49,-113,R,89046,12.0380
29260,P2,CASC,-18.90,-25.00,-112,R,89036,12.0990
29270,P2,CASC,-19.05,-22.50,-113,R,89027,12.1335
29280,P2,CASC,-19.20,-25.00,-112,R,89017,12.1915
29290,P2,CASC,-19.35,-22.50,-113,R,89008,12.2230
29300,P2,CASC,-19.50,-22.50,-113,R,88999,12.2530
29310,P2,CASC,-19.65,-22.50,-114,R,88990,12.2815
29320,P2,CASC,-19.80,-22.50,-114,R,88981,12.3085
29330,P2,CASC,-19.95,-25.00,-112,R,88971,12.3591
29340,P2,CASC,-20.10,-22.49,-114,R,88962,12.3830
29350,P2,CASC,-20.25,-22.50,-114,R,88953,12.4055
29360,P2,CASC,-20.40,-25.01,-112,R,88943,12.4516
29370,P2,CASC,-20.55,-22.50,-114,R,88934,12.4710
29380,P2,CASC,-20.70,-22.50,-114,R,88925,12.4890
29390,P2,CASC,-20.85,-22.50,-114,R,88916,12.5055
29400,P2,CASC,-21.00,-22.50,-114,R,88907,12.5205
29410,P2,CASC,-21.15,-22.50,-114,R,88898,12.5340
29420,P2,CASC,-21.30,-22.50,-114,R,88889,12.5460
29430,P2,CASC,-21.45,-25.01,-112,R,88879,12.5816
29440,P2,CASC,-21.60,-20.00,-110,R,88871,12.5656
29450,P2,CASC,-21.75,-25.00,-113,R,88861,12.5980
29460,P2,CASC,-21.90,-22.50,-114,R,88852,12.6041
29470,P2,CASC,-22.05,-19.99,-110,R,88844,12.5835
29480,P2,CASC,-22.20,-22.50,-114,R,88835,12.5865
29490,P2,CASC,-22.35,-22.50,-115,R,88826,12.5880
29500,P2,CASC,-22.50,-20.00,-111,R,88818,12.5630
29510,P2,CASC,-22.65,-22.50,-110,R,88809,12.5616
29520,P2,CASC,-22.80,-20.00,-111,R,88801,12.5335
29530,P2,CASC,-22.95,-22.50,-110,R,88792,12.5290
29540,P2,CASC,-23.10,-20.00,-111,R,88784,12.4980
29550,P2,CASC,-23.25,-20.01,-111,R,88776,12.4656
29560,P2,CASC,-23.40,-19.99,-111,R,88768,12.4315
29570,P2,CASC,-23.55,-20.00,-111,R,88760,12.3960
29580,P2,CASC,-23.70,-20.00,-111,R,88752,12.3590
29590,P2,CASC,-23.85,-22.50,-111,R,88743,12.3455
29600,P2,CASC,-24.00,-17.50,-112,R,88736,12.2805
29610,P2,CASC,-24.15,-20.01,-112,R,88728,12.2391
29620,P2,CASC,-24.30,-20.00,-112,R,88720,12.1960
29630,P2,CASC,-24.45,-20.00,-112,R,88712,12.1515
29640,P2,CASC,-24.60,-17.50,-113,R,88705,12.0805
29650,P2,CASC,-24.75,-20.00,-113,R,88697,12.0331
29660,P2,CASC,-24.90,-17.49,-113,R,88690,11.9590
29670,P2,CASC,-25.05,-20.00,-113,R,88682,11.9085
29680,P2,CASC,-25.20,-20.00,-113,R,88674,11.8565
29690,P2,CASC,-25.35,-20.00,-113,R,88666,11.8030
29700,P2,CASC,-25.50,-20.00,-113,R,88658,11.7480
29710,P2,CASC,-25.65,-17.50,-114,R,88651,11.6666
29720,P2,CASC,-25.80,-17.50,-115,R,88644,11.5836
29730,P2,CASC,-25.95,-19.99,-114,R,88636,11.5240
29740,P2,CASC,-26.10,-20.00,-114,R,88628,11.4630
29750,P2,CASC,-26.25,-17.50,-115,R,88621,11.3756
29760,P2,CASC,-26.40,-20.00,-115,R,88613,11.3116
29770,P2,CASC,-26.55,-17.50,-116,R,88606,11.2211
29780,P2,CASC,-26.70,-20.00,-115,R,88598,11.1541
29790,P2,CASC,-26.85,-17.50,-116,R,88591,11.0605
29800,P2,CASC,-27.00,-17.50,-117,R,88584,10.9655
29810,P2,CASC,-27.15,-20.00,-116,R,88576,10.8940
29820,P2,CASC,-27.30,-20.00,-116,R,88568,10.8211
29830,P2,CASC,-27.45,-20.00,-117,R,88560,10.7465
29840,P2,CASC,-27.60,-17.50,-118,R,88553,10.6455
29850,P2,CASC,-27.75,-20.00,-117,R,88545,10.5680
29860,P2,CASC,-27.90,-17.50,-118,R,88538,10.4640
29870,P2,CASC,-28.05,-20.00,-118,R,88530,10.3835
29880,P2,CASC,-28.20,-17.50,-119,R,88523,10.2765
29890,P2,CASC,-28.35,-20.00,-118,R,88515,10.1931
29900,P2,CASC,-28.50,-20.00,-119,R,88507,10.1080
29910,P2,CASC,-28.65,-20.00,-119,R,88499,10.0215
29920,P2,CASC,-28.80,-20.00,-119,R,88491,9.9336
29930,P2,CASC,-28.95,-20.00,-119,R,88483,9.8441
29940,P2,CASC,-29.10,-17.50,-120,R,88476,9.7280
29950,P2,CASC,-29.25,-20.00,-120,R,88468,9.6356
29960,P2,CASC,-29.40,-20.00,-120,R,88460,9.5416
29970,P2,CASC,-29.55,-22.50,-120,R,88451,9.4710
29980,P2,CASC,-29.70,-20.00,-121,R,88443,9.3740
29990,P2,CASC,-29.85,-20.00,-121,R,88435,9.2755
30000,P2,CASC,-30.00,-22.50,-121,R,88426,9.2005
30010,P2,CASC,-30.15,-20.00,-122,R,88418,9.0990
30020,P2,CASC,-30.30,-20.00,-122,R,88410,8.9960
30030,P2,CASC,-30.45,-20.00,-122,R,88402,8.8915
30040,P2,CASC,-30.60,-22.50,-122,R,88393,8.8105
30050,P2,CASC,-30.75,-22.50,-122,R,88384,8.7280
30060,P2,CASC,-30.90,-22.50,-122,R,88375,8.6440
30070,P2,CASC,-31.05,-22.50,-123,R,88366,8.5585
30080,P2,CASC,-31.20,-22.49,-123,R,88357,8.4715
30090,P2,CASC,-31.35,-22.51,-123,R,88348,8.3830
30100,P2,CASC,-31.50,-22.50,-124,R,88339,8.2931
30110,P2,CASC,-31.65,-22.50,-124,R,88330,8.2015
30120,P2,CASC,-31.80,-25.00,-123,R,88320,8.1335
30130,P2,CASC,-31.95,-22.50,-124,R,88311,8.0391
30140,P2,CASC,-32.10,-25.00,-124,R,88301,7.9680
30150,P2,CASC,-32.25,-25.00,-124,R,88291,7.8955
30160,P2,CASC,-32.40,-22.50,-125,R,88282,7.7966
30170,P2,CASC,-32.55,-25.00,-125,R,88272,7.7210
30180,P2,CASC,-32.70,-27.50,-124,R,88261,7.6690
30190,P2,CASC,-32.85,-25.01,-125,R,88251,7.5906
30200,P2,CASC,-33.00,-27.49,-125,R,88240,7.5355
30210,P2,CASC,-33.15,-25.00,-126,R,88230,7.4540
30220,P2,CASC,-33.30,-27.50,-125,R,88219,7.3960
30230,P2,CASC,-33.45,-27.50,-125,R,88208,7.3366
30240,P2,CASC,-33.60,-27.49,-126,R,88197,7.2755
30250,P2,CASC,-33.75,-27.50,-126,R,88186,7.2130
30260,P2,CASC,-33.90,-27.49,-126,R,88175,7.1490
30270,P2,CASC,-34.05,-30.01,-126,R,88163,7.1085
30280,P2,CASC,-34.20,-27.50,-126,R,88152,7.0415
30290,P2,CASC,-34.35,-30.00,-126,R,88140,6.9980
30300,P2,CASC,-34.50,-30.00,-126,R,88128,6.9530
30310,P2,CASC,-34.65,-32.50,-126,R,88115,6.9315
30320,P2,CASC,-34.80,-30.00,-126,R,88103,6.8835
30330,P2,CASC,-34.95,-29.99,-126,R,88091,6.8340
30340,P2,CASC,-35.10,-35.00,-125,R,88077,6.8330
30350,P2,CASC,-35.25,-32.50,-126,R,88064,6.8055
30360,P2,CASC,-35.40,-32.50,-126,R,88051,6.7766
30370,P2,CASC,-35.55,-32.50,-126,R,88038,6.7461
30380,P2,CASC,-35.70,-35.00,-126,R,88024,6.7391
30390,P2,CASC,-35.85,-32.49,-126,R,88011,6.7055
30400,P2,CASC,-36.00,-35.00,-126,R,87997,6.6955
30410,P2,CASC,-36.15,-35.00,-126,R,87983,6.6840
30420,P2,CASC,-36.30,-35.00,-126,R,87969,6.6710
30430,P2,CASC,-36.45,-35.00,-126,R,87955,6.6565
30440,P2,CASC,-36.60,-37.50,-128,R,87940,6.6655
30450,P2,CASC,-36.75,-35.00,-126,R,87926,6.6480
30460,P2,CASC,-36.90,-35.01,-126,R,87912,6.6291
30470,P2,CASC,-37.05,-37.49,-128,R,87897,6.6334
30480,P2,CASC,-37.20,-37.52,-128,R,87882,6.6366
30490,P2,CASC,-37.35,-37.50,-128,R,87867,6.6381
30500,P2,CASC,-37.50,-37.50,-128,R,87852,6.6381
30510,P2,CASC,-37.65,-39.99,-127,R,87836,6.6615
30520,P2,CASC,-37.80,-37.50,-126,R,87821,6.6584
30530,P2,CASC,-37.95,-37.51,-126,R,87806,6.6540
30540,P2,CASC,-38.10,-37.51,-126,R,87791,6.6481
30550,P2,CASC,-38.25,-42.48,-125,R,87774,6.6904
30560,P2,CASC,-38.40,-40.00,-127,R,87758,6.7065
30570,P2,CASC,-38.55,-37.50,-126,R,87743,6.6960
30580,P2,CASC,-38.70,-42.50,-126,R,87726,6.7340
30590,P2,CASC,-38.85,-40.00,-127,R,87710,6.7455
30600,P2,CASC,-39.00,-40.01,-127,R,87694,6.7556
30610,P2,CASC,-39.15,-40.00,-127,R,87678,6.7641
30620,P2,CASC,-39.30,-39.99,-128,R,87662,6.7710
30630,P2,CASC,-39.45,-40.00,-128,R,87646,6.7765
30640,P2,CASC,-39.60,-40.00,-128,R,87630,6.7805
30650,P2,CASC,-39.75,-40.00,-128,R,87614,6.7830
30660,P2,CASC,-39.90,-40.00,-128,R,87598,6.7840
30670,P2,CASC,-40.05,-40.00,-125,R,87582,6.7835
30680,P2,CASC,-40.20,-40.00,-125,R,87566,6.7814
30690,P2,CASC,-40.35,-37.50,-126,R,87551,6.7530
30700,P2,CASC,-40.50,-40.00,-126,R,87535,6.7480
30710,P2,CASC,-40.65,-40.00,-126,R,87519,6.7415
30720,P2,CASC,-40.80,-37.49,-126,R,87504,6.7084
30730,P2,CASC,-40.95,-40.02,-126,R,87488,6.6991
30740,P2,CASC,-41.10,-39.99,-126,R,87472,6.6880
30750,P2,CASC,-41.25,-37.50,-127,R,87457,6.6505
30760,P2,CASC,-41.40,-37.49,-127,R,87442,6.6114
30770,P2,CASC,-41.55,-37.51,-127,R,87427,6.5710
30780,P2,CASC,-41.70,-40.00,-126,R,87411,6.5540
30790,P2,CASC,-41.85,-37.51,-127,R,87396,6.5106
30800,P2,CASC,-42.00,-37.49,-127,R,87381,6.4655
30810,P2,CASC,-42.15,-37.50,-127,R,87366,6.4190
30820,P2,CASC,-42.30,-37.50,-128,R,87351,6.3710
30830,P2,CASC,-42.45,-37.49,-128,R,87336,6.3215
30840,P2,CASC,-42.60,-35.00,-129,R,87322,6.2455
30850,P2,CASC,-42.75,-37.50,-128,R,87307,6.1930
30860,P2,CASC,-42.90,-37.49,-128,R,87292,6.1389
30870,P2,CASC,-43.05,-37.51,-129,R,87277,6.0835
30880,P2,CASC,-43.20,-35.01,-129,R,87263,6.0016
30890,P2,CASC,-43.35,-37.50,-129,R,87248,5.9430
30900,P2,CASC,-43.50,-37.50,-129,R,87233,5.8830
30910,P2,CASC,-43.65,-37.50,-129,R,87218,5.8216
30920,P2,CASC,-43.80,-35.00,-130,R,87204,5.7335
30930,P2,CASC,-43.95,-37.50,-130,R,87189,5.6691
30940,P2,CASC,-44.10,-37.50,-130,R,87174,5.6030
30950,P2,CASC,-44.25,-37.50,-130,R,87159,5.5356
30960,P2,CASC,-44.40,-37.49,-131,R,87144,5.4665
30970,P2,CASC,-44.55,-37.50,-131,R,87129,5.3960
30980,P2,CASC,-44.70,-37.51,-131,R,87114,5.3240
30990,P2,CASC,-44.85,-37.50,-131,R,87099,5.2505
31000,P2,CASC,-45.00,-37.51,-132,R,87084,5.1756
31010,P2,CASC,-45.15,-37.49,-132,R,87069,5.0990
31020,P2,CASC,-45.30,-40.00,-131,R,87053,5.0460
31030,P2,CASC,-45.45,-37.50,-132,R,87038,4.9665
31040,P2,CASC,-45.60,-40.01,-132,R,87022,4.9106
31050,P2,CASC,-45.75,-37.49,-133,R,87007,4.8279
31060,P2,CASC,-45.90,-37.51,-133,R,86992,4.7440
31070,P2,CASC,-46.05,-40.00,-132,R,86976,4.6836
31080,P2,CASC,-46.20,-39.99,-133,R,86960,4.6215
31090,P2,CASC,-46.35,-40.01,-133,R,86944,4.5581
31100,P2,CASC,-46.50,-39.99,-133,R,86928,4.4930
31110,P2,CASC,-46.65,-40.00,-133,R,86912,4.4265
31120,P2,CASC,-46.80,-40.00,-134,R,86896,4.3585
31130,P2,CASC,-46.95,-42.49,-133,R,86879,4.3139
31140,P2,CASC,-47.10,-45.01,-133,R,86861,4.2930
31150,P2,CASC,-47.25,-42.49,-133,R,86844,4.2454
31160,P2,CASC,-47.40,-42.51,-133,R,86827,4.1965
31170,P2,CASC,-47.55,-45.00,-133,R,86809,4.1710
31180,P2,CASC,-47.70,-42.50,-134,R,86792,4.1190
31190,P2,CASC,-47.85,-42.50,-134,R,86775,4.0655
31200,P2,CASC,-48.00,-45.00,-133,R,86757,4.0355
31210,P2,CASC,-48.15,-45.00,-134,R,86739,4.0040
31220,P2,CASC,-48.30,-45.00,-134,R,86721,3.9711
31230,P2,CASC,-48.45,-45.00,-134,R,86703,3.9365
31240,P2,CASC,-48.60,-44.99,-134,R,86685,3.9005
31250,P2,CASC,-48.75,-42.50,-135,R,86668,3.8380
31260,P2,CASC,-48.90,-45.00,-134,R,86650,3.7990
31270,P2,CASC,-49.05,-45.01,-134,R,86632,3.7585
31280,P2,CASC,-49.20,-45.00,-135,R,86614,3.7165
31290,P2,CASC,-49.35,-45.00,-135,R,86596,3.6730
31300,P2,CASC,-49.50,-47.50,-134,R,86577,3.6531
31310,P2,CASC,-49.65,-44.99,-135,R,86559,3.6065
31320,P2,CASC,-49.80,-47.50,-134,R,86540,3.5835
31330,P2,CASC,-49.95,-44.99,-135,R,86522,3.5340
31340,P2,CASC,-50.10,-47.51,-135,R,86503,3.5081
31350,P2,CASC,-50.25,-44.98,-136,R,86485,3.4554
31360,P2,CASC,-50.40,-47.50,-135,R,86466,3.4265
31370,P2,CASC,-50.55,-47.50,-136,R,86447,3.3960
31380,P2,CASC,-50.70,-45.01,-136,R,86429,3.3391
31390,P2,CASC,-50.85,-45.00,-137,R,86411,3.2805
31400,P2,CASC,-51.00,-47.51,-136,R,86392,3.2456
31410,P2,CASC,-51.15,-45.00,-137,R,86374,3.1841
31420,P2,CASC,-51.30,-45.00,-137,R,86356,3.1211
31430,P2,CASC,-51.45,-47.50,-137,R,86337,3.0816
31440,P2,CASC,-51.60,-47.49,-137,R,86318,3.0404
31450,P2,CASC,-51.75,-45.01,-138,R,86300,2.9731
31460,P2,CASC,-51.90,-47.49,-138,R,86281,2.9290
31470,P2,CASC,-52.05,-47.51,-138,R,86262,2.8836
31480,P2,CASC,-52.20,-47.50,-138,R,86243,2.8366
31490,P2,CASC,-52.35,-47.49,-139,R,86224,2.7880
31500,P2,CASC,-52.50,-50.00,-138,R,86204,2.7630
31510,P2,CASC,-52.65,-45.00,-140,R,86186,2.6865
31520,P2,CASC,-52.80,-49.99,-139,R,86166,2.6585
31530,P2,CASC,-52.95,-50.01,-139,R,86146,2.6290
31540,P2,CASC,-53.10,-47.51,-140,R,86127,2.5731
31550,P2,CASC,-53.25,-49.98,-139,R,86107,2.5404
31560,P2,CASC,-53.40,-47.51,-140,R,86088,2.4815
31570,P2,CASC,-53.55,-50.01,-140,R,86068,2.4461
31580,P2,CASC,-53.70,-50.00,-140,R,86048,2.4091
31590,P2,CASC,-53.85,-49.99,-140,R,86028,2.3704
31600,P2,CASC,-54.00,-50.00,-141,R,86008,2.3304
31610,P2,CASC,-54.15,-47.51,-142,R,85989,2.2641
31620,P2,CASC,-54.30,-52.48,-141,R,85968,2.2459
31630,P2,CASC,-54.45,-50.01,-141,R,85948,2.2015
31640,P2,CASC,-54.60,-49.99,-142,R,85928,2.1555
31650,P2,CASC,-54.75,-52.51,-141,R,85907,2.1330
31660,P2,CASC,-54.90,-49.99,-142,R,85887,2.0840
31670,P2,CASC,-55.05,-49.99,-142,R,85867,2.0334
31680,P2,CASC,-55.20,-52.51,-142,R,85846,2.0065
31690,P2,CASC,-55.35,-50.01,-143,R,85826,1.9530
31700,P2,CASC,-55.50,-50.01,-143,R,85806,1.8981
31710,P2,CASC,-55.65,-52.50,-143,R,85785,1.8666
31720,P2,CASC,-55.80,-52.49,-143,R,85764,1.8335
31730,P2,CASC,-55.95,-52.49,-143,R,85743,1.7989
31740,P2,CASC,-56.10,-52.51,-143,R,85722,1.7630
31750,P2,CASC,-56.25,-52.51,-144,R,85701,1.7255
31760,P2,CASC,-56.40,-52.50,-144,R,85680,1.6865
31770,P2,CASC,-56.55,-54.99,-143,R,85658,1.6710
31780,P2,CASC,-56.70,-55.01,-144,R,85636,1.6540
31790,P2,CASC,-56.85,-54.98,-144,R,85614,1.6354
31800,P2,CASC,-57.00,-55.00,-144,R,85592,1.6154
31810,P2,CASC,-57.15,-55.02,-144,R,85570,1.5940
31820,P2,CASC,-57.30,-57.48,-144,R,85547,1.5959
31830,P2,CASC,-57.45,-55.02,-144,R,85525,1.5715
31840,P2,CASC,-57.60,-57.49,-144,R,85502,1.5704
31850,P2,CASC,-57.75,-57.51,-144,R,85479,1.5680
31860,P2,CASC,-57.90,-54.98,-145,R,85457,1.5389
31870,P2,CASC,-58.05,-60.01,-143,R,85433,1.5584
31880,P2,CASC,-58.20,-57.51,-144,R,85410,1.5515
31890,P2,CASC,-58.35,-57.50,-145,R,85387,1.5430
31900,P2,CASC,-58.50,-60.00,-144,R,85363,1.5580
31910,P2,CASC,-58.65,-59.99,-144,R,85339,1.5714
31920,P2,CASC,-58.80,-59.99,-144,R,85315,1.5834
31930,P2,CASC,-58.95,-60.01,-145,R,85291,1.5939
31940,P2,CASC,-59.10,-60.01,-145,R,85267,1.6030
31950,P2,CASC,-59.25,-59.98,-145,R,85243,1.6104
31960,P2,CASC,-59.40,-60.02,-145,R,85219,1.6166
31970,P2,CASC,-59.55,-59.99,-145,R,85195,1.6210
31980,P2,CASC,-59.70,-59.99,-145,R,85171,1.6240
31990,P2,CASC,-59.85,-60.01,-146,R,85147,1.6255
32000,P2,CASC,-60.00,-59.99,-145,R,85123,1.6254
32010,P2,CASC,-60.15,-57.50,-146,R,85100,1.5989
32020,P2,CASC,-60.30,-60.02,-145,R,85076,1.5961
32030,P2,CASC,-60.45,-59.99,-146,R,85052,1.5915
32040,P2,CASC,-60.60,-60.01,-146,R,85028,1.5856
32050,P2,CASC,-60.75,-59.99,-146,R,85004,1.5780
32060,P2,CASC,-60.90,-59.99,-146,R,84980,1.5689
32070,P2,CASC,-61.05,-59.99,-146,R,84956,1.5584
32080,P2,CASC,-61.20,-60.01,-146,R,84932,1.5464
32090,P2,CASC,-61.35,-60.01,-147,R,84908,1.5330
32100,P2,CASC,-61.50,-59.99,-147,R,84884,1.5179
32110,P2,CASC,-61.65,-60.01,-147,R,84860,1.5015
32120,P2,CASC,-61.80,-62.51,-147,R,84835,1.5086
32130,P2,CASC,-61.95,-59.99,-147,R,84811,1.4890
32140,P2,CASC,-62.10,-60.00,-147,R,84787,1.4680
32150,P2,CASC,-62.25,-62.49,-147,R,84762,1.4704
32160,P2,CASC,-62.40,-60.02,-148,R,84738,1.4466
32170,P2,CASC,-62.55,-59.99,-148,R,84714,1.4210
32180,P2,CASC,-62.70,-62.49,-147,R,84689,1.4189
32190,P2,CASC,-62.85,-60.02,-148,R,84665,1.3906
32200,P2,CASC,-63.00,-62.49,-148,R,84640,1.3855
32210,P2,CASC,-63.15,-59.99,-149,R,84616,1.3539
32220,P2,CASC,-63.30,-60.00,-149,R,84592,1.3209
32230,P2,CASC,-63.45,-60.00,-149,R,84568,1.2864
32240,P2,CASC,-63.60,-60.00,-149,R,84544,1.2504
32250,P2,CASC,-63.75,-62.51,-149,R,84519,1.2380
32260,P2,CASC,-63.90,-60.00,-150,R,84495,1.1990
32270,P2,CASC,-64.05,-64.99,-149,R,84469,1.2084
32280,P2,CASC,-64.20,-62.52,-149,R,84444,1.1916
32290,P2,CASC,-64.35,-64.99,-149,R,84418,1.1980
32300,P2,CASC,-64.50,-62.51,-150,R,84393,1.1781
32310,P2,CASC,-64.65,-62.49,-150,R,84368,1.1565
32320,P2,CASC,-64.80,-64.99,-150,R,84342,1.1585
32330,P2,CASC,-64.95,-62.49,-150,R,84317,1.1339
32340,P2,CASC,-65.10,-62.50,-150,R,84292,1.1079
32350,P2,CASC,-65.25,-64.99,-150,R,84266,1.1053
32360,P2,CASC,-65.40,-62.51,-151,R,84241,1.0765
32370,P2,CASC,-65.55,-65.00,-150,R,84215,1.0710
32380,P2,CASC,-65.70,-62.49,-151,R,84190,1.0389
32390,P2,CASC,-65.85,-67.51,-150,R,84163,1.0555
32400,P2,CASC,-66.00,-64.99,-151,R,84137,1.0454
32410,P2,CASC,-66.15,-64.99,-151,R,84111,1.0338
32420,P2,CASC,-66.30,-65.03,-151,R,84085,1.0211
32430,P2,CASC,-66.45,-64.99,-151,R,84059,1.0065
32440,P2,CASC,-66.60,-64.99,-151,R,84033,0.9905
32450,P2,CASC,-66.75,-62.51,-152,R,84008,0.9481
32460,P2,CASC,-66.90,-64.97,-152,R,83982,0.9288
32470,P2,CASC,-67.05,-62.53,-152,R,83957,0.8836
32480,P2,CASC,-67.20,-65.00,-152,R,83931,0.8616
32490,P2,CASC,-67.35,-62.50,-153,R,83906,0.8131
32500,P2,CASC,-67.50,-65.00,-153,R,83880,0.7881
32510,P2,CASC,-67.65,-64.99,-153,R,83854,0.7614
32520,P2,CASC,-67.80,-67.50,-152,R,83827,0.7584
32530,P2,CASC,-67.95,-65.01,-153,R,83801,0.7290
32540,P2,CASC,-68.10,-67.51,-153,R,83774,0.7231
32550,P2,CASC,-68.25,-67.50,-153,R,83747,0.7156
32560,P2,CASC,-68.40,-67.49,-153,R,83720,0.7065
32570,P2,CASC,-68.55,-67.50,-153,R,83693,0.6960
32580,P2,CASC,-68.70,-64.99,-154,R,83667,0.6589
32590,P2,CASC,-68.85,-70.02,-153,R,83639,0.6706
32600,P2,CASC,-69.00,-67.49,-154,R,83612,0.6555
32610,P2,CASC,-69.15,-67.50,-154,R,83585,0.6390
32620,P2,CASC,-69.30,-69.99,-153,R,83557,0.6460
32630,P2,CASC,-69.45,-67.51,-154,R,83530,0.6266
32640,P2,CASC,-69.60,-67.49,-154,R,83503,0.6055
32650,P2,CASC,-69.75,-67.50,-154,R,83476,0.5830
32660,P2,CASC,-69.90,-70.00,-154,R,83448,0.5840
32670,P2,CASC,-70.05,-67.48,-155,R,83421,0.5583
32680,P2,CASC,-70.20,-67.51,-155,R,83394,0.5314
32690,P2,CASC,-70.35,-67.49,-155,R,83367,0.5028
32700,P2,CASC,-70.50,-67.51,-155,R,83340,0.4730
32710,P2,CASC,-70.65,-70.00,-155,R,83312,0.4665
32720,P2,CASC,-70.80,-67.49,-156,R,83285,0.4334
32730,P2,CASC,-70.95,-70.01,-155,R,83257,0.4240
32740,P2,CASC,-71.10,-70.00,-155,R,83229,0.4130
32750,P2,CASC,-71.25,-70.01,-155,R,83201,0.4006
32760,P2,CASC,-71.40,-70.00,-156,R,83173,0.3866
32770,P2,CASC,-71.55,-72.47,-155,R,83144,0.3958
32780,P2,CASC,-71.70,-70.01,-156,R,83116,0.3789
32790,P2,CASC,-71.85,-72.52,-155,R,83087,0.3856
32800,P2,CASC,-72.00,-69.97,-156,R,83059,0.3653
32810,P2,CASC,-72.15,-72.52,-156,R,83030,0.3690
32820,P2,CASC,-72.30,-69.99,-157,R,83002,0.3460
32830,P2,CASC,-72.45,-72.49,-156,R,82973,0.3464
32840,P2,CASC,-72.60,-75.01,-155,R,82943,0.3705
32850,P2,CASC,-72.75,-72.49,-156,R,82914,0.3679
32860,P2,CASC,-72.90,-75.01,-155,R,82884,0.3890
32870,P2,CASC,-73.05,-72.49,-156,R,82855,0.3834
32880,P2,CASC,-73.20,-72.52,-157,R,82826,0.3766
32890,P2,CASC,-73.35,-72.48,-157,R,82797,0.3679
32900,P2,CASC,-73.50,-74.99,-156,R,82767,0.3828
32910,P2,CASC,-73.65,-72.52,-157,R,82738,0.3715
32920,P2,CASC,-73.80,-72.49,-157,R,82709,0.3585
32930,P2,CASC,-73.95,-72.51,-157,R,82680,0.3441
32940,P2,CASC,-74.10,-74.97,-157,R,82650,0.3528
32950,P2,CASC,-74.25,-72.51,-158,R,82621,0.3355
32960,P2,CASC,-74.40,-72.49,-158,R,82592,0.3164
32970,P2,CASC,-74.55,-75.01,-157,R,82562,0.3210
32980,P2,CASC,-74.70,-72.48,-158,R,82533,0.2988
32990,P2,CASC,-74.85,-75.02,-158,R,82503,0.3005
33000,P2,CASC,-75.00,-72.51,-158,R,82474,0.2756
33010,P2,CASC,-75.15,-74.99,-158,R,82444,0.2740
33020,P2,CASC,-75.30,-75.00,-158,R,82414,0.2710
33030,P2,CASC,-75.45,-74.99,-158,R,82384,0.2664
33040,P2,CASC,-75.60,-75.02,-158,R,82354,0.2606
33050,P2,CASC,-75.75,-74.99,-158,R,82324,0.2530
33060,P2,CASC,-75.90,-75.01,-159,R,82294,0.2441
33070,P2,CASC,-76.05,-74.99,-159,R,82264,0.2335
33080,P2,CASC,-76.20,-74.99,-159,R,82234,0.2215
33090,P2,CASC,-76.35,-72.51,-160,R,82205,0.1830
33100,P2,CASC,-76.50,-72.51,-160,R,82176,0.1431
33110,P2,CASC,-76.65,-74.97,-160,R,82146,0.1263
33120,P2,CASC,-76.80,-75.02,-160,R,82116,0.1085
33130,P2,CASC,-76.95,-72.49,-161,R,82087,0.0640
33140,P2,CASC,-77.10,-77.52,-159,R,82056,0.0681
33150,P2,CASC,-77.25,-77.48,-160,R,82025,0.0704
33160,P2,CASC,-77.40,-72.52,-161,R,81996,0.0216
33170,P2,CASC,-77.55,-77.50,-160,R,81965,0.0211
33180,P2,CASC,-77.70,-77.48,-160,R,81934,0.0189
33190,P2,CASC,-77.85,-75.01,-161,R,81904,-0.0095
33200,P2,CASC,-78.00,-77.49,-160,R,81873,-0.0146
33210,P2,CASC,-78.15,-75.00,-161,R,81843,-0.0461
33220,P2,CASC,-78.30,-75.01,-161,R,81813,-0.0789
33230,P2,CASC,-78.45,-74.99,-162,R,81783,-0.1136
33240,P2,CASC,-78.60,-80.02,-160,R,81751,-0.0994
33250,P2,CASC,-78.75,-77.48,-161,R,81720,-0.1121
33260,P2,CASC,-78.90,-75.01,-162,R,81690,-0.1510
33270,P2,CASC,-79.05,-80.00,-161,R,81658,-0.1415
33280,P2,CASC,-79.20,-74.99,-163,R,81628,-0.1835
33290,P2,CASC,-79.35,-74.99,-163,R,81598,-0.2271
33300,P2,CASC,-79.50,-77.52,-162,R,81567,-0.2470
33310,P2,CASC,-79.65,-74.99,-163,R,81537,-0.2936
33320,P2,CASC,-79.80,-75.01,-163,R,81507,-0.3415
33330,P2,CASC,-79.95,-77.51,-163,R,81476,-0.3659
33340,P2,CASC,-80.10,-77.48,-163,R,81445,-0.3920
33350,P2,CASC,-80.25,-80.01,-163,R,81413,-0.3945
33360,P2,CASC,-80.40,-77.50,-164,R,81382,-0.4235
33370,P2,CASC,-80.55,-80.01,-163,R,81350,-0.4289
33380,P2,CASC,-80.70,-80.00,-163,R,81318,-0.4359
33390,P2,CASC,-80.85,-79.98,-163,R,81286,-0.4445
33400,P2,CASC,-81.00,-79.95,-164,R,81254,-0.4550
33410,P2,CASC,-81.15,-80.05,-164,R,81222,-0.4660
33420,P2,CASC,-81.30,-79.99,-164,R,81190,-0.4791
33430,P2,CASC,-81.45,-82.50,-163,R,81157,-0.4686
33440,P2,CASC,-81.60,-80.00,-164,R,81125,-0.4846
33450,P2,CASC,-81.75,-80.02,-164,R,81093,-0.5020
33460,P2,CASC,-81.90,-80.01,-165,R,81061,-0.5209
33470,P2,CASC,-82.05,-79.99,-165,R,81029,-0.5415
33480,P2,CASC,-82.20,-80.01,-165,R,80997,-0.5634
33490,P2,CASC,-82.35,-79.98,-165,R,80965,-0.5870
33500,P2,CASC,-82.50,-80.00,-165,R,80933,-0.6120
33510,P2,CASC,-82.65,-77.52,-166,R,80902,-0.6634
33520,P2,CASC,-82.80,-82.48,-165,R,80869,-0.6666
33530,P2,CASC,-82.95,-80.00,-166,R,80837,-0.6961
33540,P2,CASC,-83.10,-80.01,-166,R,80805,-0.7270
33550,P2,CASC,-83.25,-79.98,-167,R,80773,-0.7597
33560,P2,CASC,-83.40,-82.50,-166,R,80740,-0.7687
33570,P2,CASC,-83.55,-82.51,-166,R,80707,-0.7791
33580,P2,CASC,-83.70,-82.52,-166,R,80674,-0.7909
33590,P2,CASC,-83.85,-82.44,-167,R,80641,-0.8050
33600,P2,CASC,-84.00,-80.06,-168,R,80609,-0.8444
33610,P2,CASC,-84.15,-82.48,-167,R,80576,-0.8611
33620,P2,CASC,-84.30,-82.52,-167,R,80543,-0.8789
33630,P2,CASC,-84.45,-85.00,-166,R,80509,-0.8734
33640,P2,CASC,-84.60,-82.49,-168,R,80476,-0.8945
33650,P2,CASC,-84.75,-82.50,-168,R,80443,-0.9170
33660,P2,CASC,-84.90,-82.50,-168,R,80410,-0.9410
33670,P2,CASC,-85.05,-84.99,-168,R,80376,-0.9416
33680,P2,CASC,-85.20,-82.50,-168,R,80343,-0.9686
33690,P2,CASC,-85.35,-82.49,-169,R,80310,-0.9972
33700,P2,CASC,-85.50,-82.51,-169,R,80277,-1.0271
33710,P2,CASC,-85.65,-82.48,-169,R,80244,-1.0587
33720,P2,CASC,-85.80,-82.52,-169,R,80211,-1.0916
33730,P2,CASC,-85.95,-82.50,-170,R,80178,-1.1261
33740,P2,CASC,-86.10,-85.00,-169,R,80144,-1.1371
33750,P2,CASC,-86.25,-82.49,-170,R,80111,-1.1747
33760,P2,CASC,-86.40,-85.00,-169,R,80077,-1.1887
33770,P2,CASC,-86.55,-82.52,-170,R,80044,-1.2290
33780,P2,CASC,-86.70,-85.01,-170,R,80010,-1.2459
33790,P2,CASC,-86.85,-82.48,-171,R,79977,-1.2896
33800,P2,CASC,-87.00,-85.01,-170,R,79943,-1.3095
33810,P2,CASC,-87.15,-85.00,-171,R,79909,-1.3310
33820,P2,CASC,-87.30,-82.48,-171,R,79876,-1.3791
33830,P2,CASC,-87.45,-85.02,-171,R,79842,-1.4035
33840,P2,CASC,-87.60,-82.49,-172,R,79809,-1.4546
33850,P2,CASC,-87.75,-82.50,-172,R,79776,-1.5071
33860,P2,CASC,-87.90,-79.98,-173,R,79744,-1.5862
33870,P2,CASC,-88.05,-82.53,-173,R,79711,-1.6414
33880,P2,CASC,-88.20,-82.48,-173,R,79678,-1.6986
33890,P2,CASC,-88.35,-84.99,-173,R,79644,-1.7322
33900,P2,CASC,-88.50,-85.01,-173,R,79610,-1.7671
33910,P2,CASC,-88.65,-82.51,-174,R,79577,-1.8286
33920,P2,CASC,-88.80,-84.99,-174,R,79543,-1.8666
33930,P2,CASC,-88.95,-82.49,-174,R,79510,-1.9312
33940,P2,CASC,-89.10,-85.03,-174,R,79476,-1.9720
33950,P2,CASC,-89.25,-82.48,-175,R,79443,-2.0396
33960,P2,CASC,-89.40,-82.50,-175,R,79410,-2.1086
33970,P2,CASC,-89.55,-85.03,-175,R,79376,-2.1539
33980,P2,CASC,-89.70,-82.47,-176,R,79343,-2.2262
33990,P2,CASC,-89.85,-85.03,-176,R,79309,-2.2745
34000,P2,CASC,-90.00,-85.01,-176,R,79275,-2.3244
34010,P2,CASC,-90.15,-84.98,-176,R,79241,-2.3760
34020,P2,CASC,-90.30,-82.51,-177,R,79208,-2.4540
34030,P2,CASC,-90.45,-82.49,-178,R,79175,-2.5335
34040,P2,CASC,-90.60,-82.50,-178,R,79142,-2.6145
34050,P2,CASC,-90.75,-82.52,-178,R,79109,-2.6969
34060,P2,CASC,-90.90,-85.00,-178,R,79075,-2.7559
34070,P2,CASC,-91.05,-84.99,-178,R,79041,-2.8165
34080,P2,CASC,-91.20,-85.01,-179,R,79007,-2.8784
34090,P2,CASC,-91.35,-87.50,-178,R,78972,-2.9169
34100,P2,CASC,-91.50,-87.49,-178,R,78937,-2.9570
34110,P2,CASC,-91.65,-87.49,-179,R,78902,-2.9985
34120,P2,CASC,-91.80,-87.51,-179,R,78867,-3.0415
34130,P2,CASC,-91.95,-89.98,-179,R,78831,-3.0611
34140,P2,CASC,-92.10,-90.03,-179,R,78795,-3.0819
34150,P2,CASC,-92.25,-89.98,-179,R,78759,-3.1045
34160,P2,CASC,-92.40,-90.01,-179,R,78723,-3.1285
34170,P2,CASC,-92.55,-89.98,-179,R,78687,-3.1541
34180,P2,CASC,-92.70,-90.03,-180,R,78651,-3.1809
34190,P2,CASC,-92.85,-89.97,-180,R,78615,-3.2096
34200,P2,CASC,-93.00,-87.53,-181,R,78580,-3.2644
34210,P2,CASC,-93.15,-89.99,-180,R,78544,-3.2960
34220,P2,CASC,-93.30,-89.99,-181,R,78508,-3.3291
34230,P2,CASC,-93.45,-92.50,-180,R,78471,-3.3386
34240,P2,CASC,-93.60,-90.01,-181,R,78435,-3.3745
34250,P2,CASC,-93.75,-92.51,-180,R,78398,-3.3869
34260,P2,CASC,-93.90,-92.46,-181,R,78361,-3.4012
34270,P2,CASC,-94.05,-92.52,-181,R,78324,-3.4166
34280,P2,CASC,-94.20,-92.49,-181,R,78287,-3.4337
34290,P2,CASC,-94.35,-92.51,-181,R,78250,-3.4521
34300,P2,CASC,-94.50,-95.01,-179,R,78212,-3.4470
34310,P2,CASC,-94.65,-92.49,-182,R,78175,-3.4686
34320,P2,CASC,-94.80,-92.50,-182,R,78138,-3.4916
34330,P2,CASC,-94.95,-97.52,-178,R,78099,-3.4659
34340,P2,CASC,-95.10,-94.95,-181,R,78061,-3.4673
34350,P2,CASC,-95.25,-92.55,-182,R,78024,-3.4944
34360,P2,CASC,-95.40,-94.97,-182,R,77986,-3.4987
34370,P2,CASC,-95.55,-92.50,-183,R,77949,-3.5292
34380,P2,CASC,-95.70,-95.02,-182,R,77911,-3.5360
34390,P2,CASC,-95.85,-94.99,-182,R,77873,-3.5446
34400,P2,CASC,-96.00,-92.51,-183,R,77836,-3.5795
34410,P2,CASC,-96.15,-97.48,-180,R,77797,-3.5662
34420,P2,CASC,-96.30,-95.03,-183,R,77759,-3.5789
34430,P2,CASC,-96.45,-94.96,-183,R,77721,-3.5938
34440,P2,CASC,-96.60,-97.54,-181,R,77682,-3.5844
34450,P2,CASC,-96.75,-97.48,-181,R,77643,-3.5771
34460,P2,CASC,-96.90,-97.49,-181,R,77604,-3.5712
34470,P2,CASC,-97.05,-97.52,-181,R,77565,-3.5665
34480,P2,CASC,-97.20,-97.51,-181,R,77526,-3.5634
34490,P2,CASC,-97.35,-97.50,-182,R,77487,-3.5619
34500,P2,CASC,-97.50,-97.50,-182,R,77448,-3.5619
34510,P2,CASC,-97.65,-95.00,-184,R,77410,-3.5884
34520,P2,CASC,-97.80,-95.00,-184,R,77372,-3.6164
34530,P2,CASC,-97.95,-94.99,-185,R,77334,-3.6460
34540,P2,CASC,-98.10,-94.98,-185,R,77296,-3.6772
34550,P2,CASC,-98.25,-100.03,-181,R,77256,-3.6594
34560,P2,CASC,-98.40,-99.98,-182,R,77216,-3.6436
34570,P2,CASC,-98.55,-97.52,-184,R,77177,-3.6539
34580,P2,CASC,-98.70,-97.48,-185,R,77138,-3.6661
34590,P2,CASC,-98.85,-100.00,-182,R,77098,-3.6546
34600,P2,CASC,-99.00,-97.51,-185,R,77059,-3.6695
34610,P2,CASC,-99.15,-97.48,-185,R,77020,-3.6862
34620,P2,CASC,-99.30,-97.52,-185,R,76981,-3.7040
34630,P2,CASC,-99.45,-99.99,-183,R,76941,-3.6986
34640,P2,CASC,-99.60,-100.01,-183,R,76901,-3.6945
34650,P2,CASC,-99.75,-97.48,-186,R,76862,-3.7172
34660,P2,CASC,-99.90,-97.53,-186,R,76823,-3.7409
34670,P2,CASC,-100.05,-97.48,-186,R,76784,-3.7666
34680,P2,CASC,-100.20,-97.51,-186,R,76745,-3.7935
34690,P2,CASC,-100.35,-97.50,-187,R,76706,-3.8220
34700,P2,CASC,-100.50,-100.00,-186,R,76666,-3.8270
34710,P2,CASC,-100.65,-99.99,-186,R,76626,-3.8336
34720,P2,CASC,-100.80,-102.48,-184,R,76585,-3.8168
34730,P2,CASC,-100.95,-105.03,-182,R,76543,-3.7759
34740,P2,CASC,-101.10,-102.43,-184,R,76502,-3.7627
34750,P2,CASC,-101.25,-102.55,-184,R,76461,-3.7497
34760,P2,CASC,-101.40,-105.00,-183,R,76419,-3.7137
34770,P2,CASC,-101.55,-102.50,-184,R,76378,-3.7042
34780,P2,CASC,-101.70,-105.01,-183,R,76336,-3.6710
34790,P2,CASC,-101.85,-102.52,-185,R,76295,-3.6643
34800,P2,CASC,-102.00,-102.47,-185,R,76254,-3.6596
34810,P2,CASC,-102.15,-102.52,-185,R,76213,-3.6559
34820,P2,CASC,-102.30,-102.48,-185,R,76172,-3.6541
34830,P2,CASC,-102.45,-102.49,-185,R,76131,-3.6538
34840,P2,CASC,-102.60,-100.04,-188,R,76091,-3.6794
34850,P2,CASC,-102.75,-105.00,-184,R,76049,-3.6569
34860,P2,CASC,-102.90,-102.47,-187,R,76008,-3.6612
34870,P2,CASC,-103.05,-105.00,-184,R,75966,-3.6417
34880,P2,CASC,-103.20,-105.03,-185,R,75924,-3.6233
34890,P2,CASC,-103.35,-102.49,-187,R,75883,-3.6319
34900,P2,CASC,-103.50,-104.99,-185,R,75841,-3.6171
34910,P2,CASC,-103.65,-104.99,-185,R,75799,-3.6037
34920,P2,CASC,-103.80,-104.99,-185,R,75757,-3.5918
34930,P2,CASC,-103.95,-105.01,-185,R,75715,-3.5812
34940,P2,CASC,-104.10,-105.01,-186,R,75673,-3.5721
34950,P2,CASC,-104.25,-104.99,-186,R,75631,-3.5647
34960,P2,CASC,-104.40,-104.99,-186,R,75589,-3.5588
34970,P2,CASC,-104.55,-102.54,-188,R,75548,-3.5789
34980,P2,CASC,-104.70,-104.98,-186,R,75506,-3.5761
34990,P2,CASC,-104.85,-105.02,-187,R,75464,-3.5744
35000,P2,CASC,-105.00,-104.97,-188,R,75422,-3.5747
35010,P2,CASC,-105.15,-105.00,-188,R,75380,-3.5762
35020,P2,CASC,-105.30,-107.50,-185,R,75337,-3.5542
35030,P2,CASC,-105.45,-105.00,-188,R,75295,-3.5587
35040,P2,CASC,-105.60,-107.52,-186,R,75252,-3.5395
35050,P2,CASC,-105.75,-110.00,-184,R,75208,-3.4970
35060,P2,CASC,-105.90,-107.47,-186,R,75165,-3.4813
35070,P2,CASC,-106.05,-107.50,-186,R,75122,-3.4668
35080,P2,CASC,-106.20,-107.53,-186,R,75079,-3.4534
35090,P2,CASC,-106.35,-107.49,-187,R,75036,-3.4421
35100,P2,CASC,-106.50,-105.01,-189,R,74994,-3.4570
35110,P2,CASC,-106.65,-105.00,-189,R,74952,-3.4735
35120,P2,CASC,-106.80,-104.98,-189,R,74910,-3.4917
35130,P2,CASC,-106.95,-107.52,-187,R,74867,-3.4859
35140,P2,CASC,-107.10,-110.00,-186,R,74823,-3.4569
35150,P2,CASC,-107.25,-105.01,-190,R,74781,-3.4793
35160,P2,CASC,-107.40,-110.00,-186,R,74737,-3.4533
35170,P2,CASC,-107.55,-107.50,-189,R,74694,-3.4538
35180,P2,CASC,-107.70,-107.42,-190,R,74651,-3.4566
35190,P2,CASC,-107.85,-107.58,-190,R,74608,-3.4593
35200,P2,CASC,-108.00,-107.50,-190,R,74565,-3.4643
35210,P2,CASC,-108.15,-109.99,-187,R,74521,-3.4460
35220,P2,CASC,-108.30,-107.47,-190,R,74478,-3.4543
35230,P2,CASC,-108.45,-110.03,-188,R,74434,-3.4384
35240,P2,CASC,-108.60,-105.00,-191,R,74392,-3.4744
35250,P2,CASC,-108.75,-107.41,-191,R,74349,-3.4878
35260,P2,CASC,-108.90,-105.08,-191,R,74307,-3.5260
35270,P2,CASC,-109.05,-110.01,-189,R,74263,-3.5164
35280,P2,CASC,-109.20,-109.97,-189,R,74219,-3.5087
35290,P2,CASC,-109.35,-110.02,-189,R,74175,-3.5020
35300,P2,CASC,-109.50,-112.51,-187,R,74130,-3.4718
35310,P2,CASC,-109.65,-112.50,-188,R,74085,-3.4433
35320,P2,CASC,-109.80,-114.97,-186,R,74039,-3.3917
35330,P2,CASC,-109.95,-112.51,-188,R,73994,-3.3661
35340,P2,CASC,-110.10,-112.49,-188,R,73949,-3.3422
35350,P2,CASC,-110.25,-114.99,-186,R,73903,-3.2948
35360,P2,CASC,-110.40,-110.04,-191,R,73859,-3.2984
35370,P2,CASC,-110.55,-112.46,-188,R,73814,-3.2793
35380,P2,CASC,-110.70,-110.01,-191,R,73770,-3.2862
35390,P2,CASC,-110.85,-112.51,-189,R,73725,-3.2696
35400,P2,CASC,-111.00,-109.98,-191,R,73681,-3.2798
35410,P2,CASC,-111.15,-112.53,-189,R,73636,-3.2660
35420,P2,CASC,-111.30,-110.01,-192,R,73592,-3.2789
35430,P2,CASC,-111.45,-114.97,-188,R,73546,-3.2437
35440,P2,CASC,-111.60,-112.53,-189,R,73501,-3.2344
35450,P2,CASC,-111.75,-112.50,-190,R,73456,-3.2269
35460,P2,CASC,-111.90,-112.48,-190,R,73411,-3.2211
35470,P2,CASC,-112.05,-115.00,-188,R,73365,-3.1916
35480,P2,CASC,-112.20,-112.49,-190,R,73320,-3.1887
35490,P2,CASC,-112.35,-112.50,-190,R,73275,-3.1872
35500,P2,CASC,-112.50,-115.02,-189,R,73229,-3.1620
35510,P2,CASC,-112.65,-112.48,-192,R,73184,-3.1637
35520,P2,CASC,-112.80,-112.53,-192,R,73139,-3.1664
35530,P2,CASC,-112.95,-109.99,-193,R,73095,-3.1960
35540,P2,CASC,-113.10,-114.99,-190,R,73049,-3.1771
35550,P2,CASC,-113.25,-115.00,-190,R,73003,-3.1596
35560,P2,CASC,-113.40,-114.99,-190,R,72957,-3.1437
35570,P2,CASC,-113.55,-115.03,-190,R,72911,-3.1289
35580,P2,CASC,-113.70,-114.98,-190,R,72865,-3.1161
35590,P2,CASC,-113.85,-115.02,-190,R,72819,-3.1044
35600,P2,CASC,-114.00,-117.48,-189,R,72772,-3.0696
35610,P2,CASC,-114.15,-115.01,-191,R,72726,-3.0610
35620,P2,CASC,-114.30,-117.51,-189,R,72679,-3.0289
35630,P2,CASC,-114.45,-114.99,-191,R,72633,-3.0235
35640,P2,CASC,-114.60,-112.51,-193,R,72588,-3.0444
35650,P2,CASC,-114.75,-112.50,-193,R,72543,-3.0669
35660,P2,CASC,-114.90,-115.00,-192,R,72497,-3.0659
35670,P2,CASC,-115.05,-117.50,-190,R,72450,-3.0414
35680,P2,CASC,-115.20,-114.97,-193,R,72404,-3.0437
35690,P2,CASC,-115.35,-115.03,-193,R,72358,-3.0469
35700,P2,CASC,-115.50,-117.50,-191,R,72311,-3.0269
35710,P2,CASC,-115.65,-114.97,-193,R,72265,-3.0337
35720,P2,CASC,-115.80,-115.02,-194,R,72219,-3.0415
35730,P2,CASC,-115.95,-115.00,-194,R,72173,-3.0510
35740,P2,CASC,-116.10,-117.48,-192,R,72126,-3.0372
35750,P2,CASC,-116.25,-115.03,-194,R,72080,-3.0494
35760,P2,CASC,-116.40,-117.49,-192,R,72033,-3.0385
35770,P2,CASC,-116.55,-114.99,-194,R,71987,-3.0541
35780,P2,CASC,-116.70,-112.52,-195,R,71942,-3.0959
35790,P2,CASC,-116.85,-115.00,-195,R,71896,-3.1144
35800,P2,CASC,-117.00,-117.49,-193,R,71849,-3.1095
35810,P2,CASC,-117.15,-117.50,-193,R,71802,-3.1060
35820,P2,CASC,-117.30,-122.46,-190,R,71753,-3.0544
35830,P2,CASC,-117.45,-120.05,-192,R,71705,-3.0284
35840,P2,CASC,-117.60,-119.98,-192,R,71657,-3.0046
35850,P2,CASC,-117.75,-122.45,-190,R,71608,-2.9576
35860,P2,CASC,-117.90,-122.57,-190,R,71559,-2.9109
35870,P2,CASC,-118.05,-120.00,-192,R,71511,-2.8914
35880,P2,CASC,-118.20,-120.00,-192,R,71463,-2.8734
35890,P2,CASC,-118.35,-119.89,-192,R,71415,-2.8580
35900,P2,CASC,-118.50,-117.61,-195,R,71368,-2.8669
35910,P2,CASC,-118.65,-119.96,-193,R,71320,-2.8538
35920,P2,CASC,-118.80,-117.51,-195,R,71273,-2.8666
35930,P2,CASC,-118.95,-119.99,-193,R,71225,-2.8563
35940,P2,CASC,-119.10,-119.99,-193,R,71177,-2.8474
35950,P2,CASC,-119.25,-122.51,-192,R,71128,-2.8148
35960,P2,CASC,-119.40,-120.01,-194,R,71080,-2.8086
35970,P2,CASC,-119.55,-120.00,-194,R,71032,-2.8041
35980,P2,CASC,-119.70,-119.99,-194,R,70984,-2.8013
35990,P2,CASC,-119.85,-120.01,-194,R,70936,-2.7996
36000,P2,CASC,-120.00,-122.49,-193,R,70887,-2.7748
36010,P2,CASC,-120.15,-122.50,-193,R,70838,-2.7513
36020,P2,CASC,-120.30,-120.00,-196,R,70790,-2.7543
36030,P2,CASC,-120.45,-119.99,-196,R,70742,-2.7589
36040,P2,CASC,-120.60,-120.05,-196,R,70694,-2.7644
36050,P2,CASC,-120.75,-122.49,-194,R,70645,-2.7470
36060,P2,CASC,-120.90,-122.45,-194,R,70596,-2.7315
36070,P2,CASC,-121.05,-122.56,-194,R,70547,-2.7164
36080,P2,CASC,-121.20,-122.48,-194,R,70498,-2.7036
36090,P2,CASC,-121.35,-125.00,-192,R,70448,-2.6671
36100,P2,CASC,-121.50,-122.50,-194,R,70399,-2.6571
36110,P2,CASC,-121.65,-127.51,-191,R,70348,-2.5985
36120,P2,CASC,-121.80,-122.50,-194,R,70299,-2.5915
36130,P2,CASC,-121.95,-124.98,-193,R,70249,-2.5613
36140,P2,CASC,-122.10,-120.04,-197,R,70201,-2.5819
36150,P2,CASC,-122.25,-119.98,-197,R,70153,-2.6047
36160,P2,CASC,-122.40,-122.49,-195,R,70104,-2.6038
36170,P2,CASC,-122.55,-125.03,-194,R,70054,-2.5790
36180,P2,CASC,-122.70,-122.50,-197,R,70005,-2.5810
36190,P2,CASC,-122.85,-124.98,-194,R,69955,-2.5598
36200,P2,CASC,-123.00,-122.51,-197,R,69906,-2.5647
36210,P2,CASC,-123.15,-122.50,-197,R,69857,-2.5712
36220,P2,CASC,-123.30,-122.51,-197,R,69808,-2.5790
36230,P2,CASC,-123.45,-125.01,-195,R,69758,-2.5634
36240,P2,CASC,-123.60,-122.49,-197,R,69709,-2.5745
36250,P2,CASC,-123.75,-125.00,-195,R,69659,-2.5620
36260,P2,CASC,-123.90,-122.51,-198,R,69610,-2.5759
36270,P2,CASC,-124.05,-119.98,-198,R,69562,-2.6166
36280,P2,CASC,-124.20,-122.49,-198,R,69513,-2.6338
36290,P2,CASC,-124.35,-122.52,-198,R,69464,-2.6520
36300,P2,CASC,-124.50,-127.50,-195,R,69413,-2.6220
36310,P2,CASC,-124.65,-127.49,-195,R,69362,-2.5936
36320,P2,CASC,-124.80,-127.50,-195,R,69311,-2.5666
36330,P2,CASC,-124.95,-127.51,-195,R,69260,-2.5410
36340,P2,CASC,-125.10,-129.99,-194,R,69208,-2.4922
36350,P2,CASC,-125.25,-130.01,-194,R,69156,-2.4445
36360,P2,CASC,-125.40,-127.50,-195,R,69105,-2.4235
36370,P2,CASC,-125.55,-127.51,-196,R,69054,-2.4039
36380,P2,CASC,-125.70,-127.49,-196,R,69003,-2.3860
36390,P2,CASC,-125.85,-124.98,-198,R,68953,-2.3948
36400,P2,CASC,-126.00,-125.03,-198,R,68903,-2.4045
36410,P2,CASC,-126.15,-129.99,-195,R,68851,-2.3662
36420,P2,CASC,-126.30,-127.50,-196,R,68800,-2.3542
36430,P2,CASC,-126.45,-127.49,-197,R,68749,-2.3438
36440,P2,CASC,-126.60,-125.03,-199,R,68699,-2.3595
36450,P2,CASC,-126.75,-130.00,-195,R,68647,-2.3270
36460,P2,CASC,-126.90,-127.49,-197,R,68596,-2.3212
36470,P2,CASC,-127.05,-130.03,-196,R,68544,-2.2914
36480,P2,CASC,-127.20,-127.47,-197,R,68493,-2.2887
36490,P2,CASC,-127.35,-129.96,-196,R,68441,-2.2625
36500,P2,CASC,-127.50,-125.04,-199,R,68391,-2.2872
36510,P2,CASC,-127.65,-127.50,-199,R,68340,-2.2887
36520,P2,CASC,-127.80,-127.50,-199,R,68289,-2.2917
36530,P2,CASC,-127.95,-129.99,-197,R,68237,-2.2713
36540,P2,CASC,-128.10,-127.51,-199,R,68186,-2.2772
36550,P2,CASC,-128.25,-132.51,-195,R,68133,-2.2345
36560,P2,CASC,-128.40,-129.99,-197,R,68081,-2.2187
36570,P2,CASC,-128.55,-132.47,-196,R,68028,-2.1794
36580,P2,CASC,-128.70,-130.03,-197,R,67976,-2.1662
36590,P2,CASC,-128.85,-132.51,-196,R,67923,-2.1295
36600,P2,CASC,-129.00,-132.49,-196,R,67870,-2.0947
36610,P2,CASC,-129.15,-129.99,-198,R,67818,-2.0863
36620,P2,CASC,-129.30,-127.50,-200,R,67767,-2.1043
36630,P2,CASC,-129.45,-127.50,-200,R,67716,-2.1238
36640,P2,CASC,-129.60,-130.01,-198,R,67664,-2.1197
36650,P2,CASC,-129.75,-132.51,-197,R,67611,-2.0920
36660,P2,CASC,-129.90,-130.01,-199,R,67559,-2.0909
36670,P2,CASC,-130.05,-132.49,-197,R,67506,-2.0665
36680,P2,CASC,-130.20,-127.47,-200,R,67455,-2.0938
36690,P2,CASC,-130.35,-127.49,-201,R,67404,-2.1224
36700,P2,CASC,-130.50,-132.54,-198,R,67351,-2.1020
36710,P2,CASC,-130.65,-129.99,-200,R,67299,-2.1087
36720,P2,CASC,-130.80,-129.99,-200,R,67247,-2.1168
36730,P2,CASC,-130.95,-129.96,-201,R,67195,-2.1267
36740,P2,CASC,-131.10,-127.55,-201,R,67144,-2.1622
36750,P2,CASC,-131.25,-127.47,-202,R,67093,-2.1999
36760,P2,CASC,-131.40,-132.55,-199,R,67040,-2.1884
36770,P2,CASC,-131.55,-132.47,-199,R,66987,-2.1792
36780,P2,CASC,-131.70,-134.99,-198,R,66933,-2.1463
36790,P2,CASC,-131.85,-135.04,-198,R,66879,-2.1144
36800,P2,CASC,-132.00,-137.45,-197,R,66824,-2.0599
36810,P2,CASC,-132.15,-137.46,-197,R,66769,-2.0068
36820,P2,CASC,-132.30,-135.08,-198,R,66715,-1.9790
36830,P2,CASC,-132.45,-134.97,-198,R,66661,-1.9538
36840,P2,CASC,-132.60,-132.53,-201,R,66608,-1.9545
36850,P2,CASC,-132.75,-132.49,-201,R,66555,-1.9572
36860,P2,CASC,-132.90,-135.03,-199,R,66501,-1.9359
36870,P2,CASC,-133.05,-134.99,-199,R,66447,-1.9165
36880,P2,CASC,-133.20,-132.46,-201,R,66394,-1.9239
36890,P2,CASC,-133.35,-137.56,-198,R,66339,-1.8819
36900,P2,CASC,-133.50,-132.46,-202,R,66286,-1.8923
36910,P2,CASC,-133.65,-135.04,-200,R,66232,-1.8784
36920,P2,CASC,-133.80,-135.00,-200,R,66178,-1.8664
36930,P2,CASC,-133.95,-135.00,-200,R,66124,-1.8559
36940,P2,CASC,-134.10,-137.39,-199,R,66069,-1.8230
36950,P2,CASC,-134.25,-132.58,-202,R,66016,-1.8397
36960,P2,CASC,-134.40,-134.97,-201,R,65962,-1.8340
36970,P2,CASC,-134.55,-135.01,-201,R,65908,-1.8293
36980,P2,CASC,-134.70,-135.04,-201,R,65854,-1.8259
36990,P2,CASC,-134.85,-134.97,-201,R,65800,-1.8247
37000,P2,CASC,-135.00,-137.51,-200,R,65745,-1.7995
37010,P2,CASC,-135.15,-137.50,-200,R,65690,-1.7760
37020,P2,CASC,-135.30,-137.50,-200,R,65635,-1.7540
37030,P2,CASC,-135.45,-140.00,-198,R,65579,-1.7085
37040,P2,CASC,-135.60,-139.94,-199,R,65523,-1.6651
37050,P2,CASC,-135.75,-137.56,-200,R,65468,-1.6471
37060,P2,CASC,-135.90,-134.96,-202,R,65414,-1.6565
37070,P2,CASC,-136.05,-135.05,-203,R,65360,-1.6664
37080,P2,CASC,-136.20,-134.99,-203,R,65306,-1.6786
37090,P2,CASC,-136.35,-137.50,-201,R,65251,-1.6671
37100,P2,CASC,-136.50,-139.93,-200,R,65195,-1.6328
37110,P2,CASC,-136.65,-137.56,-201,R,65140,-1.6237
37120,P2,CASC,-136.80,-135.03,-203,R,65086,-1.6414
37130,P2,CASC,-136.95,-135.00,-203,R,65032,-1.6609
37140,P2,CASC,-137.10,-134.99,-204,R,64978,-1.6821
37150,P2,CASC,-137.25,-139.97,-201,R,64922,-1.6548
37160,P2,CASC,-137.40,-135.00,-204,R,64868,-1.6788
37170,P2,CASC,-137.55,-137.54,-203,R,64813,-1.6789
37180,P2,CASC,-137.70,-132.45,-205,R,64760,-1.7315
37190,P2,CASC,-137.85,-135.01,-204,R,64706,-1.7598
37200,P2,CASC,-138.00,-137.54,-204,R,64651,-1.7644
37210,P2,CASC,-138.15,-139.96,-202,R,64595,-1.7463
37220,P2,CASC,-138.30,-142.49,-200,R,64538,-1.7045
37230,P2,CASC,-138.45,-142.51,-200,R,64481,-1.6638
37240,P2,CASC,-138.60,-142.53,-201,R,64424,-1.6246
37250,P2,CASC,-138.75,-142.46,-201,R,64367,-1.5875
37260,P2,CASC,-138.90,-142.53,-201,R,64310,-1.5512
37270,P2,CASC,-139.05,-142.47,-201,R,64253,-1.5170
37280,P2,CASC,-139.20,-140.04,-203,R,64197,-1.5086
37290,P2,CASC,-139.35,-140.01,-203,R,64141,-1.5019
37300,P2,CASC,-139.50,-140.00,-203,R,64085,-1.4969
37310,P2,CASC,-139.65,-139.96,-203,R,64029,-1.4938
37320,P2,CASC,-139.80,-142.43,-202,R,63972,-1.4676
37330,P2,CASC,-139.95,-140.10,-204,R,63916,-1.4661
37340,P2,CASC,-140.10,-140.00,-204,R,63860,-1.4671
37350,P2,CASC,-140.25,-142.50,-202,R,63803,-1.4446
37360,P2,CASC,-140.40,-142.49,-202,R,63746,-1.4237
37370,P2,CASC,-140.55,-140.01,-205,R,63690,-1.4291
37380,P2,CASC,-140.70,-142.46,-203,R,63633,-1.4115
37390,P2,CASC,-140.85,-140.01,-205,R,63577,-1.4199
37400,P2,CASC,-141.00,-142.54,-203,R,63520,-1.4044
37410,P2,CASC,-141.15,-139.96,-205,R,63464,-1.4164
37420,P2,CASC,-141.30,-142.53,-204,R,63407,-1.4041
37430,P2,CASC,-141.45,-142.49,-204,R,63350,-1.3937
37440,P2,CASC,-141.60,-144.97,-202,R,63292,-1.3600
37450,P2,CASC,-141.75,-145.00,-202,R,63234,-1.3275
37460,P2,CASC,-141.90,-145.01,-202,R,63176,-1.2964
37470,P2,CASC,-142.05,-145.01,-203,R,63118,-1.2667
37480,P2,CASC,-142.20,-144.99,-203,R,63060,-1.2389
37490,P2,CASC,-142.35,-142.53,-204,R,63003,-1.2371
37500,P2,CASC,-142.50,-139.97,-206,R,62947,-1.2624
37510,P2,CASC,-142.65,-142.54,-205,R,62890,-1.2634
37520,P2,CASC,-142.80,-145.00,-203,R,62832,-1.2414
37530,P2,CASC,-142.95,-144.99,-204,R,62774,-1.2211
37540,P2,CASC,-143.10,-142.46,-206,R,62717,-1.2275
37550,P2,CASC,-143.25,-142.56,-206,R,62660,-1.2344
37560,P2,CASC,-143.40,-139.97,-207,R,62604,-1.2687
37570,P2,CASC,-143.55,-145.01,-204,R,62546,-1.2541
37580,P2,CASC,-143.70,-142.47,-206,R,62489,-1.2663
37590,P2,CASC,-143.85,-145.04,-205,R,62431,-1.2544
37600,P2,CASC,-144.00,-140.00,-207,R,62375,-1.2944
37610,P2,CASC,-144.15,-139.99,-207,R,62319,-1.3360
37620,P2,CASC,-144.30,-142.47,-207,R,62262,-1.3543
37630,P2,CASC,-144.45,-145.03,-206,R,62204,-1.3485
37640,P2,CASC,-144.60,-147.49,-204,R,62145,-1.3197
37650,P2,CASC,-144.75,-150.00,-203,R,62085,-1.2672
37660,P2,CASC,-144.90,-149.99,-203,R,62025,-1.2163
37670,P2,CASC,-145.05,-147.51,-205,R,61966,-1.1917
37680,P2,CASC,-145.20,-150.01,-203,R,61906,-1.1435
37690,P2,CASC,-145.35,-150.00,-203,R,61846,-1.0970
37700,P2,CASC,-145.50,-144.99,-207,R,61788,-1.1022
37710,P2,CASC,-145.65,-145.00,-207,R,61730,-1.1087
37720,P2,CASC,-145.80,-147.51,-205,R,61671,-1.0915
37730,P2,CASC,-145.95,-147.46,-205,R,61612,-1.0765
37740,P2,CASC,-146.10,-147.56,-206,R,61553,-1.0619
37750,P2,CASC,-146.25,-147.50,-206,R,61494,-1.0494
37760,P2,CASC,-146.40,-147.49,-206,R,61435,-1.0385
37770,P2,CASC,-146.55,-147.50,-206,R,61376,-1.0290
37780,P2,CASC,-146.70,-147.50,-206,R,61317,-1.0210
37790,P2,CASC,-146.85,-147.49,-206,R,61258,-1.0147
37800,P2,CASC,-147.00,-147.49,-207,R,61199,-1.0098
37810,P2,CASC,-147.15,-147.51,-207,R,61140,-1.0062
37820,P2,CASC,-147.30,-145.01,-208,R,61082,-1.0290
37830,P2,CASC,-147.45,-150.00,-206,R,61022,-1.0035
37840,P2,CASC,-147.60,-149.97,-206,R,60962,-0.9798
37850,P2,CASC,-147.75,-149.99,-206,R,60902,-0.9575
37860,P2,CASC,-147.90,-150.06,-206,R,60842,-0.9359
37870,P2,CASC,-148.05,-152.50,-204,R,60781,-0.8914
37880,P2,CASC,-148.20,-152.45,-205,R,60720,-0.8489
37890,P2,CASC,-148.35,-152.50,-205,R,60659,-0.8074
37900,P2,CASC,-148.50,-147.51,-208,R,60600,-0.8172
37910,P2,CASC,-148.65,-147.49,-208,R,60541,-0.8289
37920,P2,CASC,-148.80,-147.54,-208,R,60482,-0.8414
37930,P2,CASC,-148.95,-152.47,-205,R,60421,-0.8062
37940,P2,CASC,-149.10,-147.51,-209,R,60362,-0.8221
37950,P2,CASC,-149.25,-149.96,-207,R,60302,-0.8150
37960,P2,CASC,-149.40,-147.53,-209,R,60243,-0.8337
37970,P2,CASC,-149.55,-147.51,-209,R,60184,-0.8541
37980,P2,CASC,-149.70,-152.48,-206,R,60123,-0.8262
37990,P2,CASC,-149.85,-147.50,-209,R,60064,-0.8497
38000,P2,CASC,-150.00,-147.51,-209,R,60005,-0.8746
38010,P2,CASC,-150.00,-147.50,-210,R,59946,-0.8996
38020,P2,CASC,-150.00,-145.01,-210,R,59888,-0.9494
38030,P2,CASC,-150.00,-152.45,-207,R,59827,-0.9249
38040,P2,CASC,-150.00,-152.55,-207,R,59766,-0.8994
38050,P2,CASC,-150.00,-152.47,-207,R,59705,-0.8747
38060,P2,CASC,-150.00,-155.00,-205,R,59643,-0.8247
38070,P2,CASC,-150.00,-157.42,-203,R,59580,-0.7505
38080,P2,CASC,-150.00,-155.09,-205,R,59518,-0.6996
38090,P2,CASC,-150.00,-152.48,-206,R,59457,-0.6747
38100,P2,CASC,-150.00,-152.52,-206,R,59396,-0.6496
38110,P2,CASC,-150.00,-149.97,-208,R,59336,-0.6499
38120,P2,CASC,-150.00,-150.01,-208,R,59276,-0.6497
38130,P2,CASC,-150.00,-152.53,-206,R,59215,-0.6244
38140,P2,CASC,-150.00,-152.45,-206,R,59154,-0.5999
38150,P2,CASC,-150.00,-150.01,-208,R,59094,-0.5997
38160,P2,CASC,-150.00,-152.52,-206,R,59033,-0.5746
38170,P2,CASC,-150.00,-150.00,-208,R,58973,-0.5746
38180,P2,CASC,-150.00,-152.47,-206,R,58912,-0.5499
38190,P2,CASC,-150.00,-152.50,-206,R,58851,-0.5249
38200,P2,CASC,-150.00,-150.00,-208,R,58791,-0.5249
38210,P2,CASC,-150.00,-150.05,-208,R,58731,-0.5244
38220,P2,CASC,-150.00,-149.97,-208,R,58671,-0.5247
38230,P2,CASC,-150.00,-150.00,-208,R,58611,-0.5247
38240,P2,CASC,-150.00,-152.53,-206,R,58550,-0.4994
38250,P2,CASC,-150.00,-152.47,-206,R,58489,-0.4747
38260,P2,CASC,-150.00,-155.00,-204,R,58427,-0.4247
38270,P2,CASC,-150.00,-155.03,-204,R,58365,-0.3744
38280,P2,CASC,-150.00,-152.50,-206,R,58304,-0.3494
38290,P2,CASC,-150.00,-152.50,-206,R,58243,-0.3244
38300,P2,CASC,-150.00,-149.99,-207,R,58183,-0.3246
38310,P2,CASC,-150.00,-149.99,-207,R,58123,-0.3247
38320,P2,CASC,-150.00,-149.99,-207,R,58063,-0.3249
38330,P2,CASC,-150.00,-150.01,-207,R,58003,-0.3247
38340,P2,CASC,-150.00,-152.48,-206,R,57942,-0.2999
38350,P2,CASC,-150.00,-147.50,-208,R,57883,-0.3249
38360,P2,CASC,-150.00,-150.01,-207,R,57823,-0.3247
38370,P2,CASC,-150.00,-147.50,-208,R,57764,-0.3497
38380,P2,CASC,-150.00,-150.00,-207,R,57704,-0.3497
38390,P2,CASC,-150.00,-150.00,-207,R,57644,-0.3497
38400,P2,CASC,-150.00,-147.51,-208,R,57585,-0.3746
38410,P2,CASC,-150.00,-145.00,-209,R,57527,-0.4246
38420,P2,CASC,-150.00,-147.50,-208,R,57468,-0.4496
38430,P2,CASC,-150.00,-150.01,-208,R,57408,-0.4494
38440,P2,CASC,-150.00,-152.47,-206,R,57347,-0.4247
38450,P2,CASC,-150.00,-152.48,-206,R,57286,-0.3999
38460,P2,CASC,-150.00,-155.00,-204,R,57224,-0.3499
38470,P2,CASC,-150.00,-154.98,-204,R,57162,-0.3001
38480,P2,CASC,-150.00,-155.06,-204,R,57100,-0.2494
38490,P2,CASC,-150.00,-152.48,-205,R,57039,-0.2246
38500,P2,CASC,-150.00,-149.99,-207,R,56979,-0.2247
38510,P2,CASC,-150.00,-150.00,-207,R,56919,-0.2247
38520,P2,CASC,-150.00,-150.00,-207,R,56859,-0.2247
38530,P2,CASC,-150.00,-152.42,-205,R,56798,-0.2005
38540,P2,CASC,-150.00,-150.11,-207,R,56738,-0.1994
38550,P2,CASC,-150.00,-149.96,-207,R,56678,-0.1999
38560,P2,CASC,-150.00,-152.48,-205,R,56617,-0.1751
38570,P2,CASC,-150.00,-150.00,-207,R,56557,-0.1751
38580,P2,CASC,-150.00,-150.05,-207,R,56497,-0.1746
38590,P2,CASC,-150.00,-150.00,-207,R,56437,-0.1746
38600,P2,CASC,-150.00,-150.00,-207,R,56377,-0.1746
38610,P2,CASC,-150.00,-149.97,-207,R,56317,-0.1749
38620,P2,CASC,-150.00,-147.54,-208,R,56258,-0.1995
38630,P2,CASC,-150.00,-149.99,-207,R,56198,-0.1996
38640,P2,CASC,-150.00,-155.02,-204,R,56136,-0.1495
38650,P2,CASC,-150.00,-150.00,-207,R,56076,-0.1495
38660,P2,CASC,-150.00,-154.97,-203,R,56014,-0.0998
38670,P2,CASC,-150.00,-154.89,-203,R,55952,-0.0508
38680,P2,CASC,-150.00,-150.11,-207,R,55892,-0.0498
38690,P2,CASC,-150.00,-152.50,-205,R,55831,-0.0248
38700,P2,CASC,-150.00,-147.53,-207,R,55772,-0.0495
38710,P2,CASC,-150.00,-149.94,-207,R,55712,-0.0501
38720,P2,CASC,-150.00,-150.01,-207,R,55652,-0.0500
38730,P2,CASC,-150.00,-150.00,-207,R,55592,-0.0500
38740,P2,CASC,-150.00,-150.05,-207,R,55532,-0.0495
38750,P2,CASC,-150.00,-149.87,-207,R,55472,-0.0509
38760,P2,CASC,-150.00,-147.60,-207,R,55413,-0.0748
38770,P2,CASC,-150.00,-147.51,-207,R,55354,-0.0997
38780,P2,CASC,-150.00,-149.99,-207,R,55294,-0.0998
38790,P2,CASC,-150.00,-147.49,-207,R,55235,-0.1250
38800,P2,CASC,-150.00,-145.03,-208,R,55177,-0.1747
38810,P2,CASC,-150.00,-145.01,-208,R,55119,-0.2245
38820,P2,CASC,-150.00,-147.47,-208,R,55060,-0.2498
38830,P2,CASC,-150.00,-150.01,-207,R,55000,-0.2497
38840,P2,CASC,-150.00,-152.48,-205,R,54939,-0.2248
38850,P2,CASC,-150.00,-152.47,-205,R,54878,-0.2001
38860,P2,CASC,-150.00,-155.03,-204,R,54816,-0.1498
38870,P2,CASC,-150.00,-155.00,-203,R,54754,-0.0998
38880,P2,CASC,-150.00,-150.03,-207,R,54694,-0.0995
38890,P2,CASC,-150.00,-152.47,-205,R,54633,-0.0748
38900,P2,CASC,-150.00,-150.00,-207,R,54573,-0.0748
38910,P2,CASC,-150.00,-150.00,-207,R,54513,-0.0748
38920,P2,CASC,-150.00,-150.00,-207,R,54453,-0.0748
38930,P2,CASC,-150.00,-150.03,-207,R,54393,-0.0745
38940,P2,CASC,-150.00,-152.45,-205,R,54332,-0.0500
38950,P2,CASC,-150.00,-150.01,-207,R,54272,-0.0498
38960,P2,CASC,-150.00,-149.99,-207,R,54212,-0.0500
38970,P2,CASC,-150.00,-150.05,-207,R,54152,-0.0495
38980,P2,CASC,-150.00,-149.96,-207,R,54092,-0.0500
38990,P2,CASC,-150.00,-152.50,-205,R,54031,-0.0250
39000,P2,CASC,-150.00,-147.54,-207,R,53972,-0.0495
39010,P2,CASC,-150.00,-150.00,-207,R,53912,-0.0495
39020,P2,CASC,-150.00,-150.00,-207,R,53852,-0.0495
39030,P2,CASC,-150.00,-147.44,-207,R,53793,-0.0751
39040,P2,CASC,-150.00,-152.52,-205,R,53732,-0.0500
39050,P2,CASC,-150.00,-152.48,-205,R,53671,-0.0251
39060,P2,CASC,-150.00,-152.52,-205,R,53610,0.0000
39070,P2,CASC,-150.00,-155.02,-203,R,53548,0.0502
39080,P2,CASC,-150.00,-150.00,-206,R,53488,0.0502
39090,P2,CASC,-150.00,-152.50,-205,R,53427,0.0752
39100,P2,CASC,-150.00,-144.99,-208,R,53369,0.0250
39110,P2,CASC,-150.00,-150.00,-206,R,53309,0.0250
39120,P2,CASC,-150.00,-150.05,-206,R,53249,0.0255
39130,P2,CASC,-150.00,-149.99,-206,R,53189,0.0253
39140,P2,CASC,-150.00,-147.50,-207,R,53130,0.0003
39150,P2,CASC,-150.00,-150.01,-206,R,53070,0.0005
39160,P2,CASC,-150.00,-147.50,-207,R,53011,-0.0245
39170,P2,CASC,-150.00,-147.49,-207,R,52952,-0.0497
39180,P2,CASC,-150.00,-150.00,-207,R,52892,-0.0497
39190,P2,CASC,-150.00,-147.50,-207,R,52833,-0.0747
39200,P2,CASC,-150.00,-144.97,-208,R,52775,-0.1250
39210,P2,CASC,-150.00,-144.99,-208,R,52717,-0.1751
39220,P2,CASC,-150.00,-147.51,-208,R,52658,-0.2000
39230,P2,CASC,-150.00,-147.51,-208,R,52599,-0.2248
39240,P2,CASC,-150.00,-152.53,-205,R,52538,-0.1995
39250,P2,CASC,-150.00,-152.50,-205,R,52477,-0.1745
39260,P2,CASC,-150.00,-154.98,-204,R,52415,-0.1247
39270,P2,CASC,-150.00,-155.02,-203,R,52353,-0.0745
39280,P2,CASC,-150.00,-149.99,-207,R,52293,-0.0747
39290,P2,CASC,-150.00,-152.52,-205,R,52232,-0.0495
39300,P2,CASC,-150.00,-149.99,-207,R,52172,-0.0496
39310,P2,CASC,-150.00,-149.96,-207,R,52112,-0.0501
39320,P2,CASC,-150.00,-150.03,-207,R,52052,-0.0498
39330,P2,CASC,-150.00,-149.99,-207,R,51992,-0.0499
39340,P2,CASC,-150.00,-152.55,-205,R,51931,-0.0245
39350,P2,CASC,-150.00,-150.00,-207,R,51871,-0.0245
39360,P2,CASC,-150.00,-149.99,-207,R,51811,-0.0246
39370,P2,CASC,-150.00,-152.47,-205,R,51750,0.0001
39380,P2,CASC,-150.00,-150.03,-206,R,51690,0.0004
39390,P2,CASC,-150.00,-149.97,-207,R,51630,0.0001
39400,P2,CASC,-150.00,-147.53,-207,R,51571,-0.0247
39410,P2,CASC,-150.00,-150.00,-207,R,51511,-0.0247
39420,P2,CASC,-150.00,-150.00,-207,R,51451,-0.0247
39430,P2,CASC,-150.00,-147.50,-207,R,51392,-0.0497
39440,P2,CASC,-150.00,-154.97,-203,R,51330,0.0000
39450,P2,CASC,-150.00,-150.03,-206,R,51270,0.0003
39460,P2,CASC,-150.00,-152.48,-205,R,51209,0.0252
39470,P2,CASC,-150.00,-155.03,-203,R,51147,0.0755
39480,P2,CASC,-150.00,-149.97,-206,R,51087,0.0752
39490,P2,CASC,-150.00,-152.50,-205,R,51026,0.1002
39500,P2,CASC,-150.00,-147.47,-207,R,50967,0.0749
39510,P2,CASC,-150.00,-147.56,-207,R,50908,0.0505
39520,P2,CASC,-150.00,-149.97,-206,R,50848,0.0502
39530,P2,CASC,-150.00,-149.97,-206,R,50788,0.0499
39540,P2,CASC,-150.00,-150.03,-206,R,50728,0.0502
39550,P2,CASC,-150.00,-147.50,-207,R,50669,0.0252
39560,P2,CASC,-150.00,-147.50,-207,R,50610,0.0002
39570,P2,CASC,-150.00,-150.01,-206,R,50550,0.0003
39580,P2,CASC,-150.00,-147.50,-207,R,50491,-0.0247
39590,P2,CASC,-150.00,-147.51,-207,R,50432,-0.0495
39600,P2,CASC,-150.00,-144.99,-208,R,50374,-0.0997
39610,P2,CASC,-150.00,-145.01,-208,R,50316,-0.1495
39620,P2,CASC,-150.00,-144.99,-208,R,50258,-0.1997
39630,P2,CASC,-150.00,-149.97,-207,R,50198,-0.2000
39640,P2,CASC,-150.00,-152.50,-205,R,50137,-0.1750
39650,P2,CASC,-150.00,-150.01,-207,R,50077,-0.1748
39660,P2,CASC,-150.00,-155.02,-204,R,50015,-0.1247
39670,P2,CASC,-150.00,-155.00,-203,R,49953,-0.0747
39680,P2,CASC,-150.00,-152.50,-205,R,49892,-0.0497
39690,P2,CASC,-150.00,-152.50,-205,R,49831,-0.0247
39700,P2,CASC,-150.00,-147.47,-207,R,49772,-0.0499
39710,P2,CASC,-150.00,-150.00,-207,R,49712,-0.0499
39720,P2,CASC,-150.00,-150.03,-207,R,49652,-0.0496
39730,P2,CASC,-150.00,-150.01,-207,R,49592,-0.0495
39740,P2,CASC,-150.00,-149.97,-207,R,49532,-0.0498
39750,P2,CASC,-150.00,-150.01,-207,R,49472,-0.0496
39760,P2,CASC,-150.00,-152.48,-205,R,49411,-0.0248
39770,P2,CASC,-150.00,-150.00,-207,R,49351,-0.0248
39780,P2,CASC,-150.00,-150.03,-207,R,49291,-0.0245
39790,P2,CASC,-150.00,-152.50,-205,R,49230,0.0005
39800,P2,CASC,-150.00,-147.49,-207,R,49171,-0.0246
39810,P2,CASC,-150.00,-149.96,-207,R,49111,-0.0251
39820,P2,CASC,-150.00,-147.51,-207,R,49052,-0.0499
39830,P2,CASC,-150.00,-149.99,-207,R,48992,-0.0501
39840,P2,CASC,-150.00,-152.55,-205,R,48931,-0.0246
39850,P2,CASC,-150.00,-150.01,-207,R,48871,-0.0245
39860,P2,CASC,-150.00,-154.97,-203,R,48809,0.0252
39870,P2,CASC,-150.00,-152.48,-205,R,48748,0.0500
39880,P2,CASC,-150.00,-152.53,-205,R,48687,0.0754
39890,P2,CASC,-150.00,-152.50,-205,R,48626,0.1004
39900,P2,CASC,-150.00,-147.49,-207,R,48567,0.0752
39910,P2,CASC,-150.00,-147.49,-207,R,48508,0.0501
39920,P2,CASC,-150.00,-150.03,-206,R,48448,0.0504
39930,P2,CASC,-150.00,-149.99,-206,R,48388,0.0502
39940,P2,CASC,-150.00,-150.03,-206,R,48328,0.0505
39950,P2,CASC,-150.00,-147.46,-207,R,48269,0.0251
39960,P2,CASC,-150.00,-147.50,-207,R,48210,0.0001
39970,P2,CASC,-150.00,-150.05,-206,R,48150,0.0005
39980,P2,CASC,-150.00,-147.50,-207,R,48091,-0.0245
39990,P2,CASC,-150.00,-147.46,-207,R,48032,-0.0499
40000,P2,CASC,-150.00,-142.51,-209,R,47975,-0.1248
40010,P2,CASC,-150.00,-145.00,-208,R,47917,-0.1748
40020,P2,CASC,-150.00,-147.50,-208,R,47858,-0.1998
40030,P2,CASC,-150.00,-149.91,-207,R,47798,-0.2007
40040,P2,CASC,-150.00,-152.53,-205,R,47737,-0.1754
40050,P2,CASC,-150.00,-150.06,-207,R,47677,-0.1748
40060,P2,CASC,-150.00,-155.03,-204,R,47615,-0.1245
40070,P2,CASC,-150.00,-154.98,-203,R,47553,-0.0746
40080,P2,CASC,-150.00,-152.39,-205,R,47492,-0.0507
40090,P2,CASC,-150.00,-150.11,-207,R,47432,-0.0496
40100,P2,CASC,-150.00,-149.99,-207,R,47372,-0.0498
40110,P2,CASC,-150.00,-150.03,-207,R,47312,-0.0495
40120,P2,CASC,-150.00,-149.97,-207,R,47252,-0.0498
40130,P2,CASC,-150.00,-149.97,-207,R,47192,-0.0501
40140,P2,CASC,-150.00,-152.55,-205,R,47131,-0.0246
40150,P2,CASC,-150.00,-150.01,-207,R,47071,-0.0245
40160,P2,CASC,-150.00,-149.99,-207,R,47011,-0.0246
40170,P2,CASC,-150.00,-150.00,-207,R,46951,-0.0246
40180,P2,CASC,-150.00,-149.99,-207,R,46891,-0.0248
40190,P2,CASC,-150.00,-152.52,-205,R,46830,0.0004
40200,P2,CASC,-150.00,-147.50,-207,R,46771,-0.0246
40210,P2,CASC,-150.00,-150.01,-207,R,46711,-0.0245
40220,P2,CASC,-150.00,-149.99,-207,R,46651,-0.0246
40230,P2,CASC,-150.00,-147.47,-207,R,46592,-0.0499
40240,P2,CASC,-150.00,-152.55,-205,R,46531,-0.0245
40250,P2,CASC,-150.00,-152.45,-205,R,46470,0.0001
40260,P2,CASC,-150.00,-152.53,-205,R,46409,0.0254
40270,P2,CASC,-150.00,-154.97,-203,R,46347,0.0751
40280,P2,CASC,-150.00,-150.01,-206,R,46287,0.0752
40290,P2,CASC,-150.00,-152.50,-205,R,46226,0.1002
40300,P2,CASC,-150.00,-147.53,-207,R,46167,0.0755
40310,P2,CASC,-150.00,-147.47,-207,R,46108,0.0502
40320,P2,CASC,-150.00,-150.01,-206,R,46048,0.0504
40330,P2,CASC,-150.00,-150.01,-206,R,45988,0.0505
40340,P2,CASC,-150.00,-149.96,-206,R,45928,0.0501
40350,P2,CASC,-150.00,-147.54,-207,R,45869,0.0255
40360,P2,CASC,-150.00,-147.47,-207,R,45810,0.0002
40370,P2,CASC,-150.00,-150.01,-206,R,45750,0.0004
40380,P2,CASC,-150.00,-147.40,-207,R,45691,-0.0257
40390,P2,CASC,-150.00,-147.59,-207,R,45632,-0.0498
40400,P2,CASC,-150.00,-142.53,-209,R,45575,-0.1245
40410,P2,CASC,-150.00,-144.99,-208,R,45517,-0.1746
40420,P2,CASC,-150.00,-147.49,-208,R,45458,-0.1998
40430,P2,CASC,-150.00,-147.47,-208,R,45399,-0.2251
40440,P2,CASC,-150.00,-152.53,-205,R,45338,-0.1998
40450,P2,CASC,-150.00,-152.50,-205,R,45277,-0.1748
40460,P2,CASC,-150.00,-152.50,-205,R,45216,-0.1498
40470,P2,CASC,-150.00,-155.02,-203,R,45154,-0.0996
40480,P2,CASC,-150.00,-152.50,-205,R,45093,-0.0746
40490,P2,CASC,-150.00,-152.47,-205,R,45032,-0.0499
40500,P2,CASC,-150.00,-147.54,-207,R,44973,-0.0745
40510,P2,CASC,-150.00,-149.99,-207,R,44913,-0.0746
40520,P2,CASC,-150.00,-149.97,-207,R,44853,-0.0749
40530,P2,CASC,-150.00,-150.03,-207,R,44793,-0.0746
40540,P2,CASC,-150.00,-150.00,-207,R,44733,-0.0746
40550,P2,CASC,-150.00,-149.99,-207,R,44673,-0.0748
40560,P2,CASC,-150.00,-149.99,-207,R,44613,-0.0749
40570,P2,CASC,-150.00,-152.55,-205,R,44552,-0.0495
40580,P2,CASC,-150.00,-147.49,-207,R,44493,-0.0746
40590,P2,CASC,-150.00,-152.50,-205,R,44432,-0.0496
40600,P2,CASC,-150.00,-147.46,-207,R,44373,-0.0751
40610,P2,CASC,-150.00,-150.01,-207,R,44313,-0.0749
40620,P2,CASC,-150.00,-147.53,-207,R,44254,-0.0996
40630,P2,CASC,-150.00,-150.00,-207,R,44194,-0.0996
40640,P2,CASC,-150.00,-152.50,-205,R,44133,-0.0746
40650,P2,CASC,-150.00,-149.96,-207,R,44073,-0.0751
40660,P2,CASC,-150.00,-152.56,-205,R,44012,-0.0495
40670,P2,CASC,-150.00,-154.95,-203,R,43950,0.0001
40680,P2,CASC,-150.00,-152.55,-205,R,43889,0.0255
40690,P2,CASC,-150.00,-149.97,-206,R,43829,0.0252
40700,P2,CASC,-150.00,-147.53,-207,R,43770,0.0005
40710,P2,CASC,-150.00,-149.96,-207,R,43710,0.0001
40720,P2,CASC,-150.00,-147.50,-207,R,43651,-0.0249
40730,P2,CASC,-150.00,-152.53,-205,R,43590,0.0004
40740,P2,CASC,-150.00,-147.50,-207,R,43531,-0.0246
40750,P2,CASC,-150.00,-150.00,-207,R,43471,-0.0246
40760,P2,CASC,-150.00,-147.49,-207,R,43412,-0.0498
40770,P2,CASC,-150.00,-147.49,-207,R,43353,-0.0749
40780,P2,CASC,-150.00,-149.96,-207,R,43293,-0.0754
40790,P2,CASC,-150.00,-147.56,-207,R,43234,-0.0998
40800,P2,CASC,-150.00,-145.01,-208,R,43176,-0.1496
40810,P2,CASC,-150.00,-144.99,-208,R,43118,-0.1998
40820,P2,CASC,-150.00,-145.01,-208,R,43060,-0.2496
40830,P2,CASC,-150.00,-150.01,-207,R,43000,-0.2495
40840,P2,CASC,-150.00,-152.45,-205,R,42939,-0.2249
40850,P2,CASC,-150.00,-150.03,-207,R,42879,-0.2246
40860,P2,CASC,-150.00,-155.00,-204,R,42817,-0.1746
40870,P2,CASC,-150.00,-154.98,-204,R,42755,-0.1248
40880,P2,CASC,-150.00,-150.01,-207,R,42695,-0.1246
40890,P2,CASC,-150.00,-152.50,-205,R,42634,-0.0996
40900,P2,CASC,-150.00,-150.00,-207,R,42574,-0.0996
40910,P2,CASC,-150.00,-149.99,-207,R,42514,-0.0998
40920,P2,CASC,-150.00,-149.99,-207,R,42454,-0.0999
40930,P2,CASC,-150.00,-149.99,-207,R,42394,-0.1001
40940,P2,CASC,-150.00,-150.00,-207,R,42334,-0.1001
40950,P2,CASC,-150.00,-150.06,-207,R,42274,-0.0995
40960,P2,CASC,-150.00,-149.99,-207,R,42214,-0.0996
40970,P2,CASC,-150.00,-149.99,-207,R,42154,-0.0998
40980,P2,CASC,-150.00,-152.50,-205,R,42093,-0.0748
40990,P2,CASC,-150.00,-149.99,-207,R,42033,-0.0749
41000,P2,CASC,-150.00,-147.51,-207,R,41974,-0.0998
41010,P2,CASC,-150.00,-149.99,-207,R,41914,-0.0999
41020,P2,CASC,-150.00,-150.03,-207,R,41854,-0.0996
41030,P2,CASC,-150.00,-150.00,-207,R,41794,-0.0996
41040,P2,CASC,-150.00,-160.00,-200,R,41730,0.0004
41050,P2,CASC,-150.00,-149.99,-207,R,41670,0.0002
41060,P2,CASC,-150.00,-152.50,-205,R,41609,0.0252
41070,P2,CASC,-150.00,-152.48,-205,R,41548,0.0501
41080,P2,CASC,-150.00,-152.55,-205,R,41487,0.0755
41090,P2,CASC,-150.00,-149.99,-206,R,41427,0.0754
41100,P2,CASC,-150.00,-147.49,-207,R,41368,0.0502
41110,P2,CASC,-150.00,-149.99,-206,R,41308,0.0501
41120,P2,CASC,-150.00,-147.50,-207,R,41249,0.0251
41130,P2,CASC,-150.00,-147.54,-207,R,41190,0.0005
41140,P2,CASC,-150.00,-149.96,-207,R,41130,0.0001
41150,P2,CASC,-150.00,-147.54,-207,R,41071,-0.0245
41160,P2,CASC,-150.00,-147.47,-207,R,41012,-0.0498
41170,P2,CASC,-150.00,-149.97,-207,R,40952,-0.0501
41180,P2,CASC,-150.00,-147.53,-207,R,40893,-0.0748
41190,P2,CASC,-150.00,-147.53,-207,R,40834,-0.0995
41200,P2,CASC,-150.00,-144.96,-208,R,40776,-0.1499
41210,P2,CASC,-150.00,-142.54,-209,R,40719,-0.2245
41220,P2,CASC,-150.00,-144.99,-208,R,40661,-0.2747
41230,P2,CASC,-150.00,-147.49,-208,R,40602,-0.2998
41240,P2,CASC,-150.00,-152.50,-205,R,40541,-0.2748
41250,P2,CASC,-150.00,-149.97,-207,R,40481,-0.2751
41260,P2,CASC,-150.00,-152.53,-205,R,40420,-0.2498
41270,P2,CASC,-150.00,-152.50,-205,R,40359,-0.2248
41280,P2,CASC,-150.00,-152.48,-205,R,40298,-0.1999
41290,P2,CASC,-150.00,-150.03,-207,R,40238,-0.1996
41300,P2,CASC,-150.00,-147.50,-208,R,40179,-0.2246
41310,P2,CASC,-150.00,-149.99,-207,R,40119,-0.2248
41320,P2,CASC,-150.00,-150.00,-207,R,40059,-0.2248
41330,P2,CASC,-150.00,-150.01,-207,R,39999,-0.2246
41340,P2,CASC,-150.00,-149.96,-207,R,39939,-0.2251
41350,P2,CASC,-150.00,-152.56,-205,R,39878,-0.1995
41360,P2,CASC,-150.00,-149.99,-207,R,39818,-0.1996
41370,P2,CASC,-150.00,-150.00,-207,R,39758,-0.1996
41380,P2,CASC,-150.00,-150.01,-207,R,39698,-0.1995
41390,P2,CASC,-150.00,-149.96,-207,R,39638,-0.1999
41400,P2,CASC,-150.00,-147.54,-208,R,39579,-0.2245
41410,P2,CASC,-150.00,-149.96,-207,R,39519,-0.2249
41420,P2,CASC,-150.00,-150.00,-207,R,39459,-0.2249
41430,P2,CASC,-150.00,-150.05,-207,R,39399,-0.2245
41440,P2,CASC,-150.00,-152.45,-205,R,39338,-0.2000
41450,P2,CASC,-150.00,-152.52,-205,R,39277,-0.1748
41460,P2,CASC,-150.00,-152.50,-205,R,39216,-0.1498
41470,P2,CASC,-150.00,-152.47,-205,R,39155,-0.1251
41480,P2,CASC,-150.00,-155.06,-203,R,39093,-0.0745
41490,P2,CASC,-150.00,-149.97,-207,R,39033,-0.0748
41500,P2,CASC,-150.00,-149.90,-207,R,38973,-0.0758
41510,P2,CASC,-150.00,-147.60,-207,R,38914,-0.0998
41520,P2,CASC,-150.00,-149.99,-207,R,38854,-0.1000
41530,P2,CASC,-150.00,-150.05,-207,R,38794,-0.0995
41540,P2,CASC,-150.00,-149.97,-207,R,38734,-0.0998
41550,P2,CASC,-150.00,-150.03,-207,R,38674,-0.0995
41560,P2,CASC,-150.00,-147.47,-207,R,38615,-0.1248
41570,P2,CASC,-150.00,-147.50,-208,R,38556,-0.1498
41580,P2,CASC,-150.00,-149.99,-207,R,38496,-0.1499
41590,P2,CASC,-150.00,-150.03,-207,R,38436,-0.1496
41600,P2,CASC,-150.00,-145.00,-208,R,38378,-0.1996
41610,P2,CASC,-150.00,-145.01,-208,R,38320,-0.2495
41620,P2,CASC,-150.00,-145.00,-209,R,38262,-0.2995
41630,P2,CASC,-150.00,-149.97,-207,R,38202,-0.2998
41640,P2,CASC,-150.00,-152.53,-205,R,38141,-0.2745
41650,P2,CASC,-150.00,-149.94,-207,R,38081,-0.2751
41660,P2,CASC,-150.00,-155.06,-204,R,38019,-0.2245
41670,P2,CASC,-150.00,-152.48,-205,R,37958,-0.1996
41680,P2,CASC,-150.00,-152.47,-205,R,37897,-0.1749
41690,P2,CASC,-150.00,-152.52,-205,R,37836,-0.1498
41700,P2,CASC,-150.00,-147.47,-208,R,37777,-0.1751
41710,P2,CASC,-150.00,-150.06,-207,R,37717,-0.1745
41720,P2,CASC,-150.00,-149.96,-207,R,37657,-0.1749
41730,P2,CASC,-150.00,-150.01,-207,R,37597,-0.1748
41740,P2,CASC,-150.00,-152.48,-205,R,37536,-0.1499
41750,P2,CASC,-150.00,-150.01,-207,R,37476,-0.1498
41760,P2,CASC,-150.00,-149.99,-207,R,37416,-0.1499
41770,P2,CASC,-150.00,-152.53,-205,R,37355,-0.1246
41780,P2,CASC,-150.00,-147.50,-208,R,37296,-0.1496
41790,P2,CASC,-150.00,-150.00,-207,R,37236,-0.1496
41800,P2,CASC,-150.00,-147.49,-208,R,37177,-0.1748
41810,P2,CASC,-150.00,-150.00,-207,R,37117,-0.1748
41820,P2,CASC,-150.00,-150.01,-207,R,37057,-0.1746
41830,P2,CASC,-150.00,-150.00,-207,R,36997,-0.1746
41840,P2,CASC,-150.00,-152.50,-205,R,36936,-0.1496
41850,P2,CASC,-150.00,-152.52,-205,R,36875,-0.1245
41860,P2,CASC,-150.00,-152.50,-205,R,36814,-0.0995
41870,P2,CASC,-150.00,-154.92,-203,R,36752,-0.0502
41880,P2,CASC,-150.00,-152.56,-205,R,36691,-0.0246
41890,P2,CASC,-150.00,-150.00,-207,R,36631,-0.0246
41900,P2,CASC,-150.00,-147.46,-207,R,36572,-0.0501
41910,P2,CASC,-150.00,-150.05,-207,R,36512,-0.0496
41920,P2,CASC,-150.00,-147.49,-207,R,36453,-0.0748
41930,P2,CASC,-150.00,-152.53,-205,R,36392,-0.0495
41940,P2,CASC,-150.00,-149.99,-207,R,36332,-0.0496
41950,P2,CASC,-150.00,-147.49,-207,R,36273,-0.0748
41960,P2,CASC,-150.00,-147.49,-207,R,36214,-0.0999
41970,P2,CASC,-150.00,-147.51,-207,R,36155,-0.1248
41980,P2,CASC,-150.00,-147.51,-208,R,36096,-0.1496
41990,P2,CASC,-150.00,-149.97,-207,R,36036,-0.1499
42000,P2,CASC,-150.00,-145.01,-208,R,35978,-0.1998
42010,P2,CASC,-150.00,-142.51,-209,R,35921,-0.2746
42020,P2,CASC,-150.00,-144.99,-209,R,35863,-0.3248
42030,P2,CASC,-150.00,-149.97,-207,R,35803,-0.3251
42040,P2,CASC,-150.00,-152.55,-206,R,35742,-0.2996
42050,P2,CASC,-150.00,-149.99,-207,R,35682,-0.2998
42060,P2,CASC,-150.00,-155.00,-204,R,35620,-0.2498
42070,P2,CASC,-150.00,-152.50,-205,R,35559,-0.2248
42080,P2,CASC,-150.00,-152.53,-205,R,35498,-0.1995
42090,P2,CASC,-150.00,-152.50,-205,R,35437,-0.1745
42100,P2,CASC,-150.00,-149.96,-207,R,35377,-0.1749
42110,P2,CASC,-150.00,-147.50,-208,R,35318,-0.1999
42120,P2,CASC,-150.00,-150.00,-207,R,35258,-0.1999
42130,P2,CASC,-150.00,-150.03,-207,R,35198,-0.1996
42140,P2,CASC,-150.00,-152.48,-205,R,35137,-0.1748
42150,P2,CASC,-150.00,-149.97,-207,R,35077,-0.1751
42160,P2,CASC,-150.00,-150.03,-207,R,35017,-0.1748
42170,P2,CASC,-150.00,-150.01,-207,R,34957,-0.1746
42180,P2,CASC,-150.00,-150.01,-207,R,34897,-0.1745
42190,P2,CASC,-150.00,-152.47,-205,R,34836,-0.1498
42200,P2,CASC,-150.00,-147.53,-208,R,34777,-0.1745
42210,P2,CASC,-150.00,-147.47,-208,R,34718,-0.1998
42220,P2,CASC,-150.00,-150.03,-207,R,34658,-0.1995
42230,P2,CASC,-150.00,-149.96,-207,R,34598,-0.1999
42240,P2,CASC,-150.00,-152.53,-205,R,34537,-0.1746
42250,P2,CASC,-150.00,-152.52,-205,R,34476,-0.1495
42260,P2,CASC,-150.00,-152.45,-205,R,34415,-0.1249
42270,P2,CASC,-150.00,-154.94,-203,R,34353,-0.0755
42280,P2,CASC,-150.00,-150.08,-207,R,34293,-0.0748
42290,P2,CASC,-150.00,-152.50,-205,R,34232,-0.0498
42300,P2,CASC,-150.00,-147.53,-207,R,34173,-0.0745
42310,P2,CASC,-150.00,-150.00,-207,R,34113,-0.0745
42320,P2,CASC,-150.00,-150.00,-207,R,34053,-0.0745
42330,P2,CASC,-150.00,-150.00,-207,R,33993,-0.0745
42340,P2,CASC,-150.00,-149.96,-207,R,33933,-0.0749
42350,P2,CASC,-150.00,-150.05,-207,R,33873,-0.0745
42360,P2,CASC,-150.00,-147.49,-207,R,33814,-0.0996
42370,P2,CASC,-150.00,-147.47,-207,R,33755,-0.1249
42380,P2,CASC,-150.00,-150.01,-207,R,33695,-0.1248
42390,P2,CASC,-150.00,-147.51,-208,R,33636,-0.1496
42400,P2,CASC,-150.00,-145.00,-208,R,33578,-0.1996
42410,P2,CASC,-150.00,-144.99,-208,R,33520,-0.2498
42420,P2,CASC,-150.00,-145.03,-209,R,33462,-0.2995
42430,P2,CASC,-150.00,-149.99,-207,R,33402,-0.2996
42440,P2,CASC,-150.00,-152.45,-206,R,33341,-0.2751
42450,P2,CASC,-150.00,-150.05,-207,R,33281,-0.2746
42460,P2,CASC,-150.00,-155.00,-204,R,33219,-0.2246
42470,P2,CASC,-150.00,-155.00,-204,R,33157,-0.1746
42480,P2,CASC,-150.00,-152.50,-205,R,33096,-0.1496
42490,P2,CASC,-150.00,-150.00,-207,R,33036,-0.1496
42500,P2,CASC,-150.00,-149.99,-207,R,32976,-0.1498
42510,P2,CASC,-150.00,-150.03,-207,R,32916,-0.1495
42520,P2,CASC,-150.00,-150.00,-207,R,32856,-0.1495
42530,P2,CASC,-150.00,-149.97,-207,R,32796,-0.1498
42540,P2,CASC,-150.00,-152.50,-205,R,32735,-0.1248
42550,P2,CASC,-150.00,-149.99,-207,R,32675,-0.1249
42560,P2,CASC,-150.00,-150.01,-207,R,32615,-0.1248
42570,P2,CASC,-150.00,-150.00,-207,R,32555,-0.1248
42580,P2,CASC,-150.00,-150.01,-207,R,32495,-0.1246
42590,P2,CASC,-150.00,-150.00,-207,R,32435,-0.1246
42600,P2,CASC,-150.00,-147.50,-208,R,32376,-0.1496
42610,P2,CASC,-150.00,-150.00,-207,R,32316,-0.1496
42620,P2,CASC,-150.00,-149.99,-207,R,32256,-0.1498
42630,P2,CASC,-150.00,-149.99,-207,R,32196,-0.1499
42640,P2,CASC,-150.00,-152.53,-205,R,32135,-0.1246
42650,P2,CASC,-150.00,-152.45,-205,R,32074,-0.1001
42660,P2,CASC,-150.00,-152.56,-205,R,32013,-0.0745
42670,P2,CASC,-150.00,-154.97,-203,R,31951,-0.0248
42680,P2,CASC,-150.00,-152.38,-205,R,31890,-0.0010
42690,P2,CASC,-150.00,-150.09,-206,R,31830,-0.0001
42700,P2,CASC,-150.00,-147.51,-207,R,31771,-0.0250
42710,P2,CASC,-150.00,-150.05,-207,R,31711,-0.0245
42720,P2,CASC,-150.00,-150.00,-207,R,31651,-0.0245
42730,P2,CASC,-150.00,-149.96,-207,R,31591,-0.0250
42740,P2,CASC,-150.00,-150.01,-207,R,31531,-0.0248
42750,P2,CASC,-150.00,-147.51,-207,R,31472,-0.0497
42760,P2,CASC,-150.00,-147.51,-207,R,31413,-0.0745
42770,P2,CASC,-150.00,-147.49,-207,R,31354,-0.0997
42780,P2,CASC,-150.00,-150.01,-207,R,31294,-0.0995
42790,P2,CASC,-150.00,-147.49,-207,R,31235,-0.1247
42800,P2,CASC,-150.00,-145.01,-208,R,31177,-0.1745
42810,P2,CASC,-150.00,-145.00,-208,R,31119,-0.2245
42820,P2,CASC,-150.00,-145.00,-208,R,31061,-0.2745
42830,P2,CASC,-150.00,-149.96,-207,R,31001,-0.2750
42840,P2,CASC,-150.00,-150.01,-207,R,30941,-0.2748
42850,P2,CASC,-150.00,-152.50,-205,R,30880,-0.2498
42860,P2,CASC,-150.00,-152.50,-205,R,30819,-0.2248
42870,P2,CASC,-150.00,-155.02,-204,R,30757,-0.1747
42880,P2,CASC,-150.00,-150.01,-207,R,30697,-0.1745
42890,P2,CASC,-150.00,-152.50,-205,R,30636,-0.1495
42900,P2,CASC,-150.00,-149.97,-207,R,30576,-0.1498
42910,P2,CASC,-150.00,-147.50,-208,R,30517,-0.1748
42920,P2,CASC,-150.00,-150.03,-207,R,30457,-0.1745
42930,P2,CASC,-150.00,-149.94,-207,R,30397,-0.1751
42940,P2,CASC,-150.00,-152.55,-205,R,30336,-0.1497
42950,P2,CASC,-150.00,-150.01,-207,R,30276,-0.1495
42960,P2,CASC,-150.00,-149.99,-207,R,30216,-0.1497
42970,P2,CASC,-150.00,-149.96,-207,R,30156,-0.1501
42980,P2,CASC,-150.00,-150.01,-207,R,30096,-0.1500
42990,P2,CASC,-150.00,-150.05,-207,R,30036,-0.1495
43000,P2,CASC,-150.00,-149.96,-207,R,29976,-0.1500
43010,P2,CASC,-149.85,-147.51,-207,R,29917,-0.1733
43020,P2,CASC,-149.70,-149.97,-207,R,29857,-0.1706
43030,P2,CASC,-149.55,-150.01,-206,R,29797,-0.1660
43040,P2,CASC,-149.40,-152.50,-204,R,29736,-0.1350
43050,P2,CASC,-149.25,-149.99,-206,R,29676,-0.1276
43060,P2,CASC,-149.10,-152.56,-204,R,29615,-0.0930
43070,P2,CASC,-148.95,-155.00,-202,R,29553,-0.0325
43080,P2,CASC,-148.80,-149.99,-205,R,29493,-0.0207
43090,P2,CASC,-148.65,-152.52,-203,R,29432,0.0180
43100,P2,CASC,-148.50,-144.99,-206,R,29374,-0.0171
43110,P2,CASC,-148.35,-147.46,-206,R,29315,-0.0261
43120,P2,CASC,-148.20,-147.51,-206,R,29256,-0.0329
43130,P2,CASC,-148.05,-152.52,-202,R,29195,0.0117
43140,P2,CASC,-147.90,-145.03,-206,R,29137,-0.0170
43150,P2,CASC,-147.75,-144.96,-206,R,29079,-0.0449
43160,P2,CASC,-147.60,-145.00,-206,R,29021,-0.0709
43170,P2,CASC,-147.45,-147.51,-205,R,28962,-0.0703
43180,P2,CASC,-147.30,-145.03,-206,R,28904,-0.0930
43190,P2,CASC,-147.15,-147.44,-205,R,28845,-0.0901
43200,P2,CASC,-147.00,-142.51,-206,R,28788,-0.1349
43210,P2,CASC,-146.85,-140.03,-207,R,28732,-0.2032
43220,P2,CASC,-146.70,-142.50,-206,R,28675,-0.2452
43230,P2,CASC,-146.55,-145.00,-205,R,28617,-0.2607
43240,P2,CASC,-146.40,-149.88,-203,R,28557,-0.2259
43250,P2,CASC,-146.25,-145.12,-205,R,28499,-0.2372
43260,P2,CASC,-146.10,-150.00,-202,R,28439,-0.1982
43270,P2,CASC,-145.95,-150.00,-202,R,28379,-0.1577
43280,P2,CASC,-145.80,-147.49,-203,R,28320,-0.1409
43290,P2,CASC,-145.65,-147.49,-203,R,28261,-0.1225
43300,P2,CASC,-145.50,-145.04,-204,R,28203,-0.1271
43310,P2,CASC,-145.35,-144.94,-204,R,28145,-0.1311
43320,P2,CASC,-145.20,-145.03,-204,R,28087,-0.1329
43330,P2,CASC,-145.05,-145.00,-204,R,28029,-0.1334
43340,P2,CASC,-144.90,-144.99,-204,R,27971,-0.1325
43350,P2,CASC,-144.75,-145.00,-203,R,27913,-0.1300
43360,P2,CASC,-144.60,-147.51,-201,R,27854,-0.1008
43370,P2,CASC,-144.45,-147.51,-201,R,27795,-0.0702
43380,P2,CASC,-144.30,-140.01,-204,R,27739,-0.1131
43390,P2,CASC,-144.15,-145.00,-203,R,27681,-0.1046
43400,P2,CASC,-144.00,-142.49,-203,R,27624,-0.1197
43410,P2,CASC,-143.85,-139.99,-204,R,27568,-0.1583
43420,P2,CASC,-143.70,-142.53,-203,R,27511,-0.1701
43430,P2,CASC,-143.55,-145.00,-202,R,27453,-0.1556
43440,P2,CASC,-143.40,-140.00,-204,R,27397,-0.1896
43450,P2,CASC,-143.25,-145.00,-202,R,27339,-0.1721
43460,P2,CASC,-143.10,-144.99,-201,R,27281,-0.1532
43470,P2,CASC,-142.95,-145.01,-201,R,27223,-0.1326
43480,P2,CASC,-142.80,-144.94,-201,R,27165,-0.1111
43490,P2,CASC,-142.65,-145.03,-201,R,27107,-0.0873
43500,P2,CASC,-142.50,-142.49,-202,R,27050,-0.0875
43510,P2,CASC,-142.35,-142.43,-202,R,26993,-0.0867
43520,P2,CASC,-142.20,-140.11,-202,R,26937,-0.1076
43530,P2,CASC,-142.05,-137.46,-203,R,26882,-0.1535
43540,P2,CASC,-141.90,-145.03,-200,R,26824,-0.1222
43550,P2,CASC,-141.75,-139.97,-202,R,26768,-0.1400
43560,P2,CASC,-141.60,-140.01,-202,R,26712,-0.1558
43570,P2,CASC,-141.45,-140.01,-202,R,26656,-0.1702
43580,P2,CASC,-141.30,-137.51,-203,R,26601,-0.2081
43590,P2,CASC,-141.15,-139.97,-202,R,26545,-0.2198
43600,P2,CASC,-141.00,-137.51,-202,R,26490,-0.2547
43610,P2,CASC,-140.85,-139.99,-202,R,26434,-0.2634
43620,P2,CASC,-140.70,-135.01,-203,R,26380,-0.3202
43630,P2,CASC,-140.55,-135.00,-203,R,26326,-0.3757
43640,P2,CASC,-140.40,-135.01,-203,R,26272,-0.4296
43650,P2,CASC,-140.25,-137.50,-202,R,26217,-0.4571
43660,P2,CASC,-140.10,-139.97,-202,R,26161,-0.4584
43670,P2,CASC,-139.95,-140.01,-201,R,26105,-0.4577
43680,P2,CASC,-139.80,-142.47,-199,R,26048,-0.4310
43690,P2,CASC,-139.65,-142.50,-199,R,25991,-0.4025
43700,P2,CASC,-139.50,-142.50,-199,R,25934,-0.3725
43710,P2,CASC,-139.35,-140.04,-200,R,25878,-0.3656
43720,P2,CASC,-139.20,-137.46,-201,R,25823,-0.3830
43730,P2,CASC,-139.05,-139.94,-200,R,25767,-0.3741
43740,P2,CASC,-138.90,-137.49,-201,R,25712,-0.3882
43750,P2,CASC,-138.75,-137.58,-201,R,25657,-0.3999
43760,P2,CASC,-138.60,-137.51,-201,R,25602,-0.4107
43770,P2,CASC,-138.45,-139.99,-199,R,25546,-0.3954
43780,P2,CASC,-138.30,-137.47,-201,R,25491,-0.4036
43790,P2,CASC,-138.15,-137.51,-200,R,25436,-0.4100
43800,P2,CASC,-138.00,-137.50,-200,R,25381,-0.4150
43810,P2,CASC,-137.85,-137.53,-200,R,25326,-0.4182
43820,P2,CASC,-137.70,-134.97,-201,R,25272,-0.4455
43830,P2,CASC,-137.55,-137.53,-200,R,25217,-0.4457
43840,P2,CASC,-137.40,-135.01,-201,R,25163,-0.4696
43850,P2,CASC,-137.25,-134.96,-200,R,25109,-0.4925
43860,P2,CASC,-137.10,-137.51,-199,R,25054,-0.4884
43870,P2,CASC,-136.95,-135.01,-200,R,25000,-0.5077
43880,P2,CASC,-136.80,-137.49,-199,R,24945,-0.5009
43890,P2,CASC,-136.65,-135.01,-200,R,24891,-0.5172
43900,P2,CASC,-136.50,-137.50,-199,R,24836,-0.5072
43910,P2,CASC,-136.35,-137.50,-198,R,24781,-0.4957
43920,P2,CASC,-136.20,-139.99,-197,R,24725,-0.4579
43930,P2,CASC,-136.05,-137.53,-198,R,24670,-0.4431
43940,P2,CASC,-135.90,-134.96,-199,R,24616,-0.4525
43950,P2,CASC,-135.75,-132.54,-200,R,24563,-0.4846
43960,P2,CASC,-135.60,-132.47,-200,R,24510,-0.5159
43970,P2,CASC,-135.45,-135.01,-199,R,24456,-0.5202
43980,P2,CASC,-135.30,-134.99,-199,R,24402,-0.5234
43990,P2,CASC,-135.15,-135.03,-199,R,24348,-0.5246
44000,P2,CASC,-135.00,-132.46,-199,R,24295,-0.5500
44010,P2,CASC,-134.85,-132.42,-199,R,24242,-0.5743
44020,P2,CASC,-134.70,-130.08,-200,R,24190,-0.6205
44030,P2,CASC,-134.55,-134.92,-198,R,24136,-0.6168
44040,P2,CASC,-134.40,-130.07,-200,R,24084,-0.6602
44050,P2,CASC,-134.25,-132.51,-199,R,24031,-0.6775
44060,P2,CASC,-134.10,-129.92,-200,R,23979,-0.7193
44070,P2,CASC,-133.95,-127.59,-200,R,23928,-0.7829
44080,P2,CASC,-133.80,-127.50,-200,R,23877,-0.8459
44090,P2,CASC,-133.65,-132.53,-199,R,23824,-0.8572
44100,P2,CASC,-133.50,-132.49,-199,R,23771,-0.8673
44110,P2,CASC,-133.35,-134.99,-197,R,23717,-0.8509
44120,P2,CASC,-133.20,-132.47,-199,R,23664,-0.8582
44130,P2,CASC,-133.05,-137.53,-195,R,23609,-0.8134
44140,P2,CASC,-132.90,-135.00,-196,R,23555,-0.7924
44150,P2,CASC,-132.75,-135.03,-196,R,23501,-0.7696
44160,P2,CASC,-132.60,-132.50,-198,R,23448,-0.7706
44170,P2,CASC,-132.45,-129.97,-198,R,23396,-0.7954
44180,P2,CASC,-132.30,-132.51,-197,R,23343,-0.7933
44190,P2,CASC,-132.15,-129.97,-198,R,23291,-0.8150
44200,P2,CASC,-132.00,-132.54,-197,R,23238,-0.8096
44210,P2,CASC,-131.85,-129.97,-198,R,23186,-0.8284
44220,P2,CASC,-131.70,-135.01,-195,R,23132,-0.7953
44230,P2,CASC,-131.55,-129.97,-198,R,23080,-0.8110
44240,P2,CASC,-131.40,-130.04,-198,R,23028,-0.8246
44250,P2,CASC,-131.25,-130.00,-197,R,22976,-0.8371
44260,P2,CASC,-131.10,-132.45,-196,R,22923,-0.8237
44270,P2,CASC,-130.95,-130.01,-197,R,22871,-0.8330
44280,P2,CASC,-130.80,-127.54,-198,R,22820,-0.8656
44290,P2,CASC,-130.65,-130.00,-197,R,22768,-0.8721
44300,P2,CASC,-130.50,-129.99,-197,R,22716,-0.8773
44310,P2,CASC,-130.35,-127.49,-197,R,22665,-0.9059
44320,P2,CASC,-130.20,-130.00,-197,R,22613,-0.9079
44330,P2,CASC,-130.05,-130.00,-197,R,22561,-0.9084
44340,P2,CASC,-129.90,-130.03,-196,R,22509,-0.9071
44350,P2,CASC,-129.75,-130.00,-196,R,22457,-0.9046
44360,P2,CASC,-129.60,-132.47,-194,R,22404,-0.8759
44370,P2,CASC,-129.45,-132.51,-194,R,22351,-0.8453
44380,P2,CASC,-129.30,-130.01,-195,R,22299,-0.8381
44390,P2,CASC,-129.15,-129.96,-195,R,22247,-0.8300
44400,P2,CASC,-129.00,-127.53,-196,R,22196,-0.8448
44410,P2,CASC,-128.85,-125.00,-197,R,22146,-0.8833
44420,P2,CASC,-128.70,-125.01,-197,R,22096,-0.9202
44430,P2,CASC,-128.55,-129.97,-194,R,22044,-0.9059
44440,P2,CASC,-128.40,-130.00,-194,R,21992,-0.8899
44450,P2,CASC,-128.25,-124.98,-196,R,21942,-0.9227
44460,P2,CASC,-128.10,-127.55,-196,R,21891,-0.9282
44470,P2,CASC,-127.95,-122.46,-197,R,21842,-0.9830
44480,P2,CASC,-127.80,-124.99,-196,R,21792,-1.0111
44490,P2,CASC,-127.65,-127.53,-195,R,21741,-1.0124
44500,P2,CASC,-127.50,-125.00,-196,R,21691,-1.0374
44510,P2,CASC,-127.35,-125.01,-196,R,21641,-1.0608
44520,P2,CASC,-127.20,-122.49,-196,R,21592,-1.1079
44530,P2,CASC,-127.05,-122.49,-196,R,21543,-1.1535
44540,P2,CASC,-126.90,-120.02,-197,R,21495,-1.2223
44550,P2,CASC,-126.75,-125.01,-196,R,21445,-1.2396
44560,P2,CASC,-126.60,-125.00,-196,R,21395,-1.2556
44570,P2,CASC,-126.45,-127.50,-194,R,21344,-1.2451
44580,P2,CASC,-126.30,-127.46,-194,R,21293,-1.2335
44590,P2,CASC,-126.15,-127.50,-194,R,21242,-1.2200
44600,P2,CASC,-126.00,-127.53,-193,R,21191,-1.2048
44610,P2,CASC,-125.85,-127.47,-193,R,21140,-1.1885
44620,P2,CASC,-125.70,-125.01,-195,R,21090,-1.1954
44630,P2,CASC,-125.55,-127.51,-193,R,21039,-1.1758
44640,P2,CASC,-125.40,-122.51,-195,R,20990,-1.2047
44650,P2,CASC,-125.25,-124.99,-194,R,20940,-1.2073
44660,P2,CASC,-125.10,-122.48,-195,R,20891,-1.2335
44670,P2,CASC,-124.95,-125.03,-194,R,20841,-1.2328
44680,P2,CASC,-124.80,-124.96,-194,R,20791,-1.2311
44690,P2,CASC,-124.65,-125.05,-193,R,20741,-1.2271
44700,P2,CASC,-124.50,-122.49,-195,R,20692,-1.2473
44710,P2,CASC,-124.35,-124.96,-193,R,20642,-1.2411
44720,P2,CASC,-124.20,-125.04,-193,R,20592,-1.2328
44730,P2,CASC,-124.05,-122.46,-194,R,20543,-1.2486
44740,P2,CASC,-123.90,-122.52,-194,R,20494,-1.2624
44750,P2,CASC,-123.75,-122.51,-194,R,20445,-1.2748
44760,P2,CASC,-123.60,-122.46,-194,R,20396,-1.2861
44770,P2,CASC,-123.45,-122.52,-194,R,20347,-1.2954
44780,P2,CASC,-123.30,-119.99,-194,R,20299,-1.3285
44790,P2,CASC,-123.15,-122.52,-194,R,20250,-1.3348
44800,P2,CASC,-123.00,-122.51,-193,R,20201,-1.3396
44810,P2,CASC,-122.85,-122.48,-193,R,20152,-1.3434
44820,P2,CASC,-122.70,-122.48,-193,R,20103,-1.3456
44830,P2,CASC,-122.55,-125.05,-191,R,20053,-1.3206
44840,P2,CASC,-122.40,-122.45,-192,R,20004,-1.3201
44850,P2,CASC,-122.25,-125.04,-190,R,19954,-1.2922
44860,P2,CASC,-122.10,-122.51,-192,R,19905,-1.2881
44870,P2,CASC,-121.95,-122.50,-192,R,19856,-1.2826
44880,P2,CASC,-121.80,-119.99,-193,R,19808,-1.3007
44890,P2,CASC,-121.65,-117.51,-194,R,19761,-1.3421
44900,P2,CASC,-121.50,-119.96,-193,R,19713,-1.3575
44910,P2,CASC,-121.35,-120.01,-193,R,19665,-1.3709
44920,P2,CASC,-121.20,-122.51,-191,R,19616,-1.3577
44930,P2,CASC,-121.05,-119.96,-192,R,19568,-1.3686
44940,P2,CASC,-120.90,-117.52,-193,R,19521,-1.4024
44950,P2,CASC,-120.75,-119.99,-192,R,19473,-1.4100
44960,P2,CASC,-120.60,-117.50,-193,R,19426,-1.4410
44970,P2,CASC,-120.45,-117.50,-193,R,19379,-1.4705
44980,P2,CASC,-120.30,-120.04,-192,R,19331,-1.4731
44990,P2,CASC,-120.15,-117.49,-193,R,19284,-1.4997
45000,P2,CASC,-120.00,-120.00,-191,R,19236,-1.4997
45010,P2,CASC,-119.85,-112.51,-194,R,19191,-1.5731
45020,P2,CASC,-119.70,-114.99,-193,R,19145,-1.6203
45030,P2,CASC,-119.55,-114.99,-193,R,19099,-1.6659
45040,P2,CASC,-119.40,-117.51,-192,R,19052,-1.6847
45050,P2,CASC,-119.25,-117.50,-192,R,19005,-1.7022
45060,P2,CASC,-119.10,-119.96,-191,R,18957,-1.6936
45070,P2,CASC,-118.95,-117.51,-192,R,18910,-1.7080
45080,P2,CASC,-118.80,-120.04,-190,R,18862,-1.6956
45090,P2,CASC,-118.65,-119.98,-190,R,18814,-1.6824
45100,P2,CASC,-118.50,-122.41,-188,R,18765,-1.6432
45110,P2,CASC,-118.35,-117.58,-191,R,18718,-1.6509
45120,P2,CASC,-118.20,-120.01,-189,R,18670,-1.6328
45130,P2,CASC,-118.05,-115.01,-192,R,18624,-1.6632
45140,P2,CASC,-117.90,-117.48,-191,R,18577,-1.6674
45150,P2,CASC,-117.75,-115.02,-192,R,18531,-1.6947
45160,P2,CASC,-117.60,-117.50,-191,R,18484,-1.6957
45170,P2,CASC,-117.45,-114.99,-192,R,18438,-1.7203
45180,P2,CASC,-117.30,-117.48,-190,R,18391,-1.7185
45190,P2,CASC,-117.15,-120.02,-188,R,18343,-1.6898
45200,P2,CASC,-117.00,-115.01,-191,R,18297,-1.7097
45210,P2,CASC,-116.85,-114.97,-191,R,18251,-1.7285
45220,P2,CASC,-116.70,-117.49,-189,R,18204,-1.7206
45230,P2,CASC,-116.55,-117.52,-189,R,18157,-1.7109
45240,P2,CASC,-116.40,-114.99,-191,R,18111,-1.7250
45250,P2,CASC,-116.25,-115.00,-191,R,18065,-1.7375
45260,P2,CASC,-116.10,-115.01,-190,R,18019,-1.7484
45270,P2,CASC,-115.95,-115.01,-190,R,17973,-1.7578
45280,P2,CASC,-115.80,-114.98,-190,R,17927,-1.7660
45290,P2,CASC,-115.65,-112.53,-191,R,17882,-1.7972
45300,P2,CASC,-115.50,-114.98,-190,R,17836,-1.8024
45310,P2,CASC,-115.35,-112.48,-191,R,17791,-1.8311
45320,P2,CASC,-115.20,-117.55,-188,R,17744,-1.8077
45330,P2,CASC,-115.05,-114.97,-190,R,17698,-1.8085
45340,P2,CASC,-114.90,-115.02,-189,R,17652,-1.8073
45350,P2,CASC,-114.75,-114.99,-189,R,17606,-1.8049
45360,P2,CASC,-114.60,-117.50,-187,R,17559,-1.7759
45370,P2,CASC,-114.45,-115.00,-188,R,17513,-1.7704
45380,P2,CASC,-114.30,-115.01,-188,R,17467,-1.7633
45390,P2,CASC,-114.15,-112.49,-189,R,17422,-1.7799
45400,P2,CASC,-114.00,-112.49,-189,R,17377,-1.7950
45410,P2,CASC,-113.85,-110.02,-190,R,17333,-1.8333
45420,P2,CASC,-113.70,-110.01,-190,R,17289,-1.8702
45430,P2,CASC,-113.55,-115.00,-187,R,17243,-1.8557
45440,P2,CASC,-113.40,-114.94,-187,R,17197,-1.8402
45450,P2,CASC,-113.25,-110.02,-189,R,17153,-1.8725
45460,P2,CASC,-113.10,-112.49,-189,R,17108,-1.8786
45470,P2,CASC,-112.95,-110.00,-189,R,17064,-1.9081
45480,P2,CASC,-112.80,-110.03,-189,R,17020,-1.9358
45490,P2,CASC,-112.65,-110.00,-189,R,16976,-1.9623
45500,P2,CASC,-112.50,-110.00,-189,R,16932,-1.9873
45510,P2,CASC,-112.35,-110.00,-189,R,16888,-2.0108
45520,P2,CASC,-112.20,-112.48,-187,R,16843,-2.0080
45530,P2,CASC,-112.05,-107.45,-190,R,16800,-2.0541
45540,P2,CASC,-111.90,-105.06,-190,R,16758,-2.1224
45550,P2,CASC,-111.75,-107.51,-190,R,16715,-2.1648
45560,P2,CASC,-111.60,-107.50,-190,R,16672,-2.2058
45570,P2,CASC,-111.45,-109.99,-189,R,16628,-2.2204
45580,P2,CASC,-111.30,-109.99,-189,R,16584,-2.2335
45590,P2,CASC,-111.15,-112.53,-187,R,16539,-2.2197
45600,P2,CASC,-111.00,-112.49,-186,R,16494,-2.2048
45610,P2,CASC,-110.85,-112.49,-186,R,16449,-2.1884
45620,P2,CASC,-110.70,-112.41,-186,R,16404,-2.1713
45630,P2,CASC,-110.55,-112.59,-186,R,16359,-2.1509
45640,P2,CASC,-110.40,-109.98,-188,R,16315,-2.1552
45650,P2,CASC,-110.25,-110.02,-188,R,16271,-2.1574
45660,P2,CASC,-110.10,-110.02,-188,R,16227,-2.1582
45670,P2,CASC,-109.95,-107.49,-188,R,16184,-2.1828
45680,P2,CASC,-109.80,-109.99,-186,R,16140,-2.1809
45690,P2,CASC,-109.65,-107.50,-188,R,16097,-2.2024
45700,P2,CASC,-109.50,-110.01,-186,R,16053,-2.1973
45710,P2,CASC,-109.35,-109.99,-186,R,16009,-2.1909
45720,P2,CASC,-109.20,-107.49,-188,R,15966,-2.2080
45730,P2,CASC,-109.05,-110.00,-186,R,15922,-2.1985
45740,P2,CASC,-108.90,-107.51,-187,R,15879,-2.2124
45750,P2,CASC,-108.75,-110.00,-185,R,15835,-2.1999
45760,P2,CASC,-108.60,-107.50,-187,R,15792,-2.2109
45770,P2,CASC,-108.45,-110.00,-185,R,15748,-2.1954
45780,P2,CASC,-108.30,-107.50,-187,R,15705,-2.2034
45790,P2,CASC,-108.15,-107.51,-187,R,15662,-2.2098
45800,P2,CASC,-108.00,-107.49,-186,R,15619,-2.2149
45810,P2,CASC,-107.85,-105.00,-187,R,15577,-2.2434
45820,P2,CASC,-107.70,-107.50,-186,R,15534,-2.2454
45830,P2,CASC,-107.55,-105.02,-187,R,15492,-2.2707
45840,P2,CASC,-107.40,-107.49,-185,R,15449,-2.2698
45850,P2,CASC,-107.25,-107.50,-185,R,15406,-2.2673
45860,P2,CASC,-107.10,-105.00,-187,R,15364,-2.2883
45870,P2,CASC,-106.95,-107.50,-185,R,15321,-2.2828
45880,P2,CASC,-106.80,-107.49,-184,R,15278,-2.2759
45890,P2,CASC,-106.65,-107.49,-184,R,15235,-2.2675
45900,P2,CASC,-106.50,-105.00,-186,R,15193,-2.2825
45910,P2,CASC,-106.35,-110.02,-182,R,15149,-2.2458
45920,P2,CASC,-106.20,-107.51,-184,R,15106,-2.2327
45930,P2,CASC,-106.05,-104.97,-186,R,15064,-2.2435
45940,P2,CASC,-105.90,-105.01,-185,R,15022,-2.2524
45950,P2,CASC,-105.75,-102.49,-186,R,14981,-2.2850
45960,P2,CASC,-105.60,-102.52,-186,R,14940,-2.3158
45970,P2,CASC,-105.45,-102.50,-186,R,14899,-2.3453
45980,P2,CASC,-105.30,-107.47,-183,R,14856,-2.3236
45990,P2,CASC,-105.15,-105.04,-185,R,14814,-2.3247
46000,P2,CASC,-105.00,-104.98,-185,R,14772,-2.3249
46010,P2,CASC,-104.85,-102.51,-185,R,14731,-2.3483
46020,P2,CASC,-104.70,-105.01,-184,R,14689,-2.3452
46030,P2,CASC,-104.55,-99.99,-186,R,14649,-2.3908
46040,P2,CASC,-104.40,-104.99,-183,R,14607,-2.3849
46050,P2,CASC,-104.25,-102.49,-185,R,14566,-2.4025
46060,P2,CASC,-104.10,-102.52,-185,R,14525,-2.4183
46070,P2,CASC,-103.95,-102.50,-185,R,14484,-2.4328
46080,P2,CASC,-103.80,-102.48,-185,R,14443,-2.4460
46090,P2,CASC,-103.65,-100.03,-185,R,14403,-2.4822
46100,P2,CASC,-103.50,-99.98,-185,R,14363,-2.5174
46110,P2,CASC,-103.35,-100.00,-185,R,14323,-2.5509
46120,P2,CASC,-103.20,-97.50,-186,R,14284,-2.6079
46130,P2,CASC,-103.05,-102.49,-185,R,14243,-2.6135
46140,P2,CASC,-102.90,-102.50,-184,R,14202,-2.6175
46150,P2,CASC,-102.75,-105.00,-182,R,14160,-2.5950
46160,P2,CASC,-102.60,-102.51,-184,R,14119,-2.5959
46170,P2,CASC,-102.45,-102.48,-183,R,14078,-2.5956
46180,P2,CASC,-102.30,-102.54,-183,R,14037,-2.5932
46190,P2,CASC,-102.15,-104.91,-181,R,13995,-2.5657
46200,P2,CASC,-102.00,-102.59,-182,R,13954,-2.5598
46210,P2,CASC,-101.85,-102.47,-182,R,13913,-2.5536
46220,P2,CASC,-101.70,-102.53,-182,R,13872,-2.5453
46230,P2,CASC,-101.55,-99.97,-184,R,13832,-2.5611
46240,P2,CASC,-101.40,-100.00,-184,R,13792,-2.5751
46250,P2,CASC,-101.25,-100.00,-183,R,13752,-2.5876
46260,P2,CASC,-101.10,-100.01,-183,R,13712,-2.5985
46270,P2,CASC,-100.95,-99.99,-183,R,13672,-2.6081
46280,P2,CASC,-100.80,-100.01,-183,R,13632,-2.6160
46290,P2,CASC,-100.65,-100.00,-183,R,13592,-2.6225
46300,P2,CASC,-100.50,-102.50,-180,R,13551,-2.6025
46310,P2,CASC,-100.35,-99.99,-183,R,13511,-2.6061
46320,P2,CASC,-100.20,-100.02,-183,R,13471,-2.6079
46330,P2,CASC,-100.05,-99.98,-183,R,13431,-2.6086
46340,P2,CASC,-99.90,-100.00,-181,R,13391,-2.6076
46350,P2,CASC,-99.75,-100.02,-181,R,13351,-2.6049
46360,P2,CASC,-99.60,-100.01,-181,R,13311,-2.6008
46370,P2,CASC,-99.45,-99.99,-181,R,13271,-2.5954
46380,P2,CASC,-99.30,-99.99,-180,R,13231,-2.5885
46390,P2,CASC,-99.15,-97.49,-182,R,13192,-2.6050
46400,P2,CASC,-99.00,-97.53,-182,R,13153,-2.6198
46410,P2,CASC,-98.85,-97.49,-182,R,13114,-2.6334
46420,P2,CASC,-98.70,-97.51,-182,R,13075,-2.6453
46430,P2,CASC,-98.55,-97.49,-182,R,13036,-2.6559
46440,P2,CASC,-98.40,-97.50,-182,R,12997,-2.6649
46450,P2,CASC,-98.25,-99.98,-179,R,12957,-2.6476
46460,P2,CASC,-98.10,-97.50,-181,R,12918,-2.6536
46470,P2,CASC,-97.95,-97.51,-181,R,12879,-2.6580
46480,P2,CASC,-97.80,-97.52,-181,R,12840,-2.6608
46490,P2,CASC,-97.65,-99.96,-178,R,12800,-2.6377
46500,P2,CASC,-97.50,-97.51,-180,R,12761,-2.6376
46510,P2,CASC,-97.35,-97.50,-180,R,12722,-2.6361
46520,P2,CASC,-97.20,-97.52,-179,R,12683,-2.6329
46530,P2,CASC,-97.05,-97.47,-179,R,12644,-2.6287
46540,P2,CASC,-96.90,-95.00,-181,R,12606,-2.6477
46550,P2,CASC,-96.75,-92.52,-181,R,12569,-2.6900
46560,P2,CASC,-96.60,-94.99,-181,R,12531,-2.7061
46570,P2,CASC,-96.45,-92.52,-181,R,12494,-2.7454
46580,P2,CASC,-96.30,-97.50,-178,R,12455,-2.7334
46590,P2,CASC,-96.15,-97.50,-178,R,12416,-2.7199
46600,P2,CASC,-96.00,-92.48,-181,R,12379,-2.7551
46610,P2,CASC,-95.85,-95.02,-180,R,12341,-2.7634
46620,P2,CASC,-95.70,-94.98,-180,R,12303,-2.7706
46630,P2,CASC,-95.55,-95.01,-180,R,12265,-2.7760
46640,P2,CASC,-95.40,-92.50,-180,R,12228,-2.8050
46650,P2,CASC,-95.25,-92.52,-180,R,12191,-2.8323
46660,P2,CASC,-95.10,-94.98,-180,R,12153,-2.8335
46670,P2,CASC,-94.95,-92.50,-180,R,12116,-2.8580
46680,P2,CASC,-94.80,-95.02,-178,R,12078,-2.8558
46690,P2,CASC,-94.65,-92.48,-180,R,12041,-2.8775
46700,P2,CASC,-94.50,-90.02,-181,R,12005,-2.9223
46710,P2,CASC,-94.35,-90.00,-181,R,11969,-2.9658
46720,P2,CASC,-94.20,-92.47,-180,R,11932,-2.9831
46730,P2,CASC,-94.05,-87.53,-181,R,11897,-3.0483
46740,P2,CASC,-93.90,-92.49,-180,R,11860,-3.0624
46750,P2,CASC,-93.75,-92.48,-180,R,11823,-3.0751
46760,P2,CASC,-93.60,-94.99,-177,R,11785,-3.0612
46770,P2,CASC,-93.45,-92.51,-179,R,11748,-3.0706
46780,P2,CASC,-93.30,-95.02,-177,R,11710,-3.0534
46790,P2,CASC,-93.15,-92.49,-179,R,11673,-3.0600
46800,P2,CASC,-93.00,-95.00,-176,R,11635,-3.0400
46810,P2,CASC,-92.85,-92.51,-179,R,11598,-3.0434
46820,P2,CASC,-92.70,-94.99,-176,R,11560,-3.0205
46830,P2,CASC,-92.55,-92.52,-178,R,11523,-3.0208
46840,P2,CASC,-92.40,-92.49,-177,R,11486,-3.0199
46850,P2,CASC,-92.25,-92.50,-177,R,11449,-3.0174
46860,P2,CASC,-92.10,-90.01,-179,R,11413,-3.0383
46870,P2,CASC,-91.95,-92.49,-176,R,11376,-3.0329
46880,P2,CASC,-91.80,-89.99,-178,R,11340,-3.0510
46890,P2,CASC,-91.65,-90.00,-178,R,11304,-3.0675
46900,P2,CASC,-91.50,-92.50,-176,R,11267,-3.0575
46910,P2,CASC,-91.35,-89.99,-178,R,11231,-3.0711
46920,P2,CASC,-91.20,-90.02,-178,R,11195,-3.0829
46930,P2,CASC,-91.05,-92.47,-175,R,11158,-3.0687
46940,P2,CASC,-90.90,-90.01,-178,R,11122,-3.0776
46950,P2,CASC,-90.75,-89.99,-177,R,11086,-3.0852
46960,P2,CASC,-90.60,-90.04,-177,R,11050,-3.0908
46970,P2,CASC,-90.45,-92.47,-175,R,11013,-3.0706
46980,P2,CASC,-90.30,-90.02,-177,R,10977,-3.0734
46990,P2,CASC,-90.15,-90.00,-177,R,10941,-3.0749
47000,P2,CASC,-90.00,-92.51,-174,R,10904,-3.0498
47010,P2,CASC,-89.85,-89.99,-175,R,10868,-3.0484
47020,P2,CASC,-89.70,-90.01,-175,R,10832,-3.0453
47030,P2,CASC,-89.55,-89.96,-175,R,10796,-3.0412
47040,P2,CASC,-89.40,-90.02,-175,R,10760,-3.0350
47050,P2,CASC,-89.25,-89.99,-174,R,10724,-3.0276
47060,P2,CASC,-89.10,-85.03,-177,R,10690,-3.0683
47070,P2,CASC,-88.95,-92.47,-172,R,10653,-3.0331
47080,P2,CASC,-88.80,-87.51,-176,R,10618,-3.0460
47090,P2,CASC,-88.65,-87.49,-176,R,10583,-3.0576
47100,P2,CASC,-88.50,-90.00,-173,R,10547,-3.0426
47110,P2,CASC,-88.35,-87.52,-176,R,10512,-3.0509
47120,P2,CASC,-88.20,-89.98,-173,R,10476,-3.0331
47130,P2,CASC,-88.05,-87.51,-175,R,10441,-3.0385
47140,P2,CASC,-87.90,-90.00,-173,R,10405,-3.0175
47150,P2,CASC,-87.75,-90.00,-172,R,10369,-2.9950
47160,P2,CASC,-87.60,-87.48,-175,R,10334,-2.9962
47170,P2,CASC,-87.45,-87.53,-174,R,10299,-2.9954
47180,P2,CASC,-87.30,-87.51,-173,R,10264,-2.9934
47190,P2,CASC,-87.15,-90.00,-171,R,10228,-2.9649
47200,P2,CASC,-87.00,-82.48,-176,R,10195,-3.0100
47210,P2,CASC,-86.85,-87.49,-173,R,10160,-3.0036
47220,P2,CASC,-86.70,-84.99,-175,R,10126,-3.0207
47230,P2,CASC,-86.55,-85.03,-175,R,10092,-3.0359
47240,P2,CASC,-86.40,-87.48,-172,R,10057,-3.0251
47250,P2,CASC,-86.25,-87.50,-172,R,10022,-3.0126
47260,P2,CASC,-86.10,-85.02,-174,R,9988,-3.0234
47270,P2,CASC,-85.95,-87.48,-172,R,9953,-3.0081
47280,P2,CASC,-85.80,-85.00,-174,R,9919,-3.0161
47290,P2,CASC,-85.65,-84.99,-174,R,9885,-3.0227
47300,P2,CASC,-85.50,-85.02,-174,R,9851,-3.0275
47310,P2,CASC,-85.35,-87.51,-171,R,9816,-3.0060
47320,P2,CASC,-85.20,-82.48,-174,R,9783,-3.0331
47330,P2,CASC,-85.05,-87.51,-170,R,9748,-3.0085
47340,P2,CASC,-84.90,-85.01,-172,R,9714,-3.0074
47350,P2,CASC,-84.75,-85.00,-172,R,9680,-3.0049
47360,P2,CASC,-84.60,-85.01,-171,R,9646,-3.0009
47370,P2,CASC,-84.45,-82.48,-173,R,9613,-3.0206
47380,P2,CASC,-84.30,-82.51,-173,R,9580,-3.0385
47390,P2,CASC,-84.15,-82.50,-173,R,9547,-3.0550
47400,P2,CASC,-84.00,-82.49,-173,R,9514,-3.0701
47410,P2,CASC,-83.85,-82.52,-173,R,9481,-3.0834
47420,P2,CASC,-83.70,-82.50,-173,R,9448,-3.0954
47430,P2,CASC,-83.55,-85.00,-170,R,9414,-3.0809
47440,P2,CASC,-83.40,-82.50,-172,R,9381,-3.0899
47450,P2,CASC,-83.25,-87.42,-168,R,9346,-3.0482
47460,P2,CASC,-83.10,-82.55,-172,R,9313,-3.0537
47470,P2,CASC,-82.95,-85.03,-169,R,9279,-3.0330
47480,P2,CASC,-82.80,-85.01,-169,R,9245,-3.0109
47490,P2,CASC,-82.65,-84.98,-169,R,9211,-2.9876
47500,P2,CASC,-82.50,-84.99,-168,R,9177,-2.9626
47510,P2,CASC,-82.35,-84.99,-168,R,9143,-2.9362
47520,P2,CASC,-82.20,-85.03,-168,R,9109,-2.9080
47530,P2,CASC,-82.05,-82.49,-169,R,9076,-2.9036
47540,P2,CASC,-81.90,-84.99,-167,R,9042,-2.8726
47550,P2,CASC,-81.75,-82.48,-169,R,9009,-2.8654
47560,P2,CASC,-81.60,-80.03,-171,R,8977,-2.8811
47570,P2,CASC,-81.45,-82.51,-168,R,8944,-2.8705
47580,P2,CASC,-81.30,-82.51,-168,R,8911,-2.8584
47590,P2,CASC,-81.15,-82.48,-168,R,8878,-2.8451
47600,P2,CASC,-81.00,-82.52,-168,R,8845,-2.8299
47610,P2,CASC,-80.85,-82.48,-167,R,8812,-2.8137
47620,P2,CASC,-80.70,-82.49,-167,R,8779,-2.7957
47630,P2,CASC,-80.55,-85.01,-165,R,8745,-2.7512
47640,P2,CASC,-80.40,-82.51,-167,R,8712,-2.7301
47650,P2,CASC,-80.25,-82.49,-166,R,8679,-2.7077
47660,P2,CASC,-80.10,-82.52,-166,R,8646,-2.6834
47670,P2,CASC,-79.95,-82.48,-166,R,8613,-2.6581
47680,P2,CASC,-79.80,-82.52,-166,R,8580,-2.6309
47690,P2,CASC,-79.65,-84.97,-164,R,8546,-2.5777
47700,P2,CASC,-79.50,-84.99,-163,R,8512,-2.5227
47710,P2,CASC,-79.35,-82.52,-165,R,8479,-2.4911
47720,P2,CASC,-79.20,-82.49,-164,R,8446,-2.4582
47730,P2,CASC,-79.05,-85.02,-163,R,8412,-2.3985
47740,P2,CASC,-78.90,-82.48,-164,R,8379,-2.3627
47750,P2,CASC,-78.75,-82.48,-164,R,8346,-2.3254
47760,P2,CASC,-78.60,-80.04,-165,R,8314,-2.3110
47770,P2,CASC,-78.45,-82.49,-163,R,8281,-2.2706
47780,P2,CASC,-78.30,-82.49,-163,R,8248,-2.2287
47790,P2,CASC,-78.15,-82.50,-163,R,8215,-2.1852
47800,P2,CASC,-78.00,-80.02,-164,R,8183,-2.1649
47810,P2,CASC,-77.85,-84.99,-160,R,8149,-2.0935
47820,P2,CASC,-77.70,-80.00,-163,R,8117,-2.0705
47830,P2,CASC,-77.55,-82.51,-161,R,8084,-2.0209
47840,P2,CASC,-77.40,-82.48,-161,R,8051,-1.9701
47850,P2,CASC,-77.25,-82.51,-161,R,8018,-1.9175
47860,P2,CASC,-77.10,-82.49,-161,R,7985,-1.8636
47870,P2,CASC,-76.95,-82.48,-160,R,7952,-1.8083
47880,P2,CASC,-76.80,-82.50,-160,R,7919,-1.7513
47890,P2,CASC,-76.65,-80.01,-161,R,7887,-1.7177
47900,P2,CASC,-76.50,-80.02,-161,R,7855,-1.6825
47910,P2,CASC,-76.35,-80.00,-161,R,7823,-1.6460
47920,P2,CASC,-76.20,-80.01,-160,R,7791,-1.6079
47930,P2,CASC,-76.05,-77.48,-162,R,7760,-1.5937
47940,P2,CASC,-75.90,-80.02,-160,R,7728,-1.5525
47950,P2,CASC,-75.75,-77.50,-161,R,7697,-1.5350
47960,P2,CASC,-75.60,-82.50,-158,R,7664,-1.4660
47970,P2,CASC,-75.45,-80.01,-159,R,7632,-1.4204
47980,P2,CASC,-75.30,-79.98,-159,R,7600,-1.3737
47990,P2,CASC,-75.15,-80.00,-158,R,7568,-1.3252
48000,P2,CASC,-75.00,-80.02,-158,R,7536,-1.2750
48010,P2,CASC,-74.85,-77.50,-160,R,7505,-1.2485
48020,P2,CASC,-74.70,-79.98,-158,R,7473,-1.1957
48030,P2,CASC,-74.55,-77.49,-159,R,7442,-1.1663
48040,P2,CASC,-74.40,-80.02,-157,R,7410,-1.1100
48050,P2,CASC,-74.25,-74.99,-160,R,7380,-1.1026
48060,P2,CASC,-74.10,-80.00,-156,R,7348,-1.0436
48070,P2,CASC,-73.95,-80.02,-156,R,7316,-0.9829
48080,P2,CASC,-73.80,-77.48,-158,R,7285,-0.9462
48090,P2,CASC,-73.65,-77.52,-157,R,7254,-0.9074
48100,P2,CASC,-73.50,-74.98,-159,R,7224,-0.8927
48110,P2,CASC,-73.35,-77.52,-157,R,7193,-0.8510
48120,P2,CASC,-73.20,-72.49,-160,R,7164,-0.8581
48130,P2,CASC,-73.05,-77.49,-156,R,7133,-0.8136
48140,P2,CASC,-72.90,-72.50,-160,R,7104,-0.8176
48150,P2,CASC,-72.75,-77.52,-156,R,7073,-0.7700
48160,P2,CASC,-72.60,-75.01,-157,R,7043,-0.7459
48170,P2,CASC,-72.45,-77.48,-155,R,7012,-0.6956
48180,P2,CASC,-72.30,-75.02,-157,R,6982,-0.6684
48190,P2,CASC,-72.15,-77.49,-155,R,6951,-0.6150
48200,P2,CASC,-72.00,-75.00,-156,R,6921,-0.5850
48210,P2,CASC,-71.85,-77.49,-154,R,6890,-0.5286
48220,P2,CASC,-71.70,-75.00,-156,R,6860,-0.4956
48230,P2,CASC,-71.55,-77.49,-154,R,6829,-0.4362
48240,P2,CASC,-71.40,-75.02,-155,R,6799,-0.3999
48250,P2,CASC,-71.25,-74.99,-155,R,6769,-0.3625
48260,P2,CASC,-71.10,-75.00,-154,R,6739,-0.3235
48270,P2,CASC,-70.95,-74.98,-154,R,6709,-0.2832
48280,P2,CASC,-70.80,-75.00,-154,R,6679,-0.2412
48290,P2,CASC,-70.65,-75.01,-153,R,6649,-0.1977
48300,P2,CASC,-70.50,-72.51,-155,R,6620,-0.1776
48310,P2,CASC,-70.35,-72.51,-155,R,6591,-0.1559
48320,P2,CASC,-70.20,-69.99,-156,R,6563,-0.1580
48330,P2,CASC,-70.05,-75.01,-153,R,6533,-0.1084
48340,P2,CASC,-69.90,-72.44,-154,R,6504,-0.0830
48350,P2,CASC,-69.75,-72.56,-154,R,6475,-0.0549
48360,P2,CASC,-69.60,-72.49,-153,R,6446,-0.0260
48370,P2,CASC,-69.45,-72.49,-153,R,6417,0.0044
48380,P2,CASC,-69.30,-70.01,-155,R,6389,0.0115
48390,P2,CASC,-69.15,-74.99,-151,R,6359,0.0699
48400,P2,CASC,-69.00,-74.99,-151,R,6329,0.1298
48410,P2,CASC,-68.85,-70.01,-154,R,6301,0.1413
48420,P2,CASC,-68.70,-72.49,-152,R,6272,0.1793
48430,P2,CASC,-68.55,-72.51,-152,R,6243,0.2188
48440,P2,CASC,-68.40,-72.52,-151,R,6214,0.2601
48450,P2,CASC,-68.25,-69.99,-153,R,6186,0.2775
48460,P2,CASC,-68.10,-74.98,-149,R,6156,0.3463
48470,P2,CASC,-67.95,-72.50,-150,R,6127,0.3918
48480,P2,CASC,-67.80,-72.51,-150,R,6098,0.4388
48490,P2,CASC,-67.65,-72.52,-150,R,6069,0.4876
48500,P2,CASC,-67.50,-72.48,-150,R,6040,0.5373
48510,P2,CASC,-67.35,-70.02,-151,R,6012,0.5640
48520,P2,CASC,-67.20,-69.99,-151,R,5984,0.5920
48530,P2,CASC,-67.05,-70.00,-150,R,5956,0.6215
48540,P2,CASC,-66.90,-69.99,-150,R,5928,0.6523
48550,P2,CASC,-66.75,-70.01,-150,R,5900,0.6850
48560,P2,CASC,-66.60,-70.00,-150,R,5872,0.7190
48570,P2,CASC,-66.45,-70.00,-149,R,5844,0.7545
48580,P2,CASC,-66.30,-67.49,-151,R,5817,0.7663
48590,P2,CASC,-66.15,-67.50,-151,R,5790,0.7798
48600,P2,CASC,-66.00,-70.00,-149,R,5762,0.8198
48610,P2,CASC,-65.85,-69.99,-148,R,5734,0.8613
48620,P2,CASC,-65.70,-67.52,-150,R,5707,0.8795
48630,P2,CASC,-65.55,-67.50,-149,R,5680,0.8990
48640,P2,CASC,-65.40,-67.50,-149,R,5653,0.9200
48650,P2,CASC,-65.25,-70.01,-147,R,5625,0.9675
48660,P2,CASC,-65.10,-64.97,-150,R,5599,0.9663
48670,P2,CASC,-64.95,-70.01,-147,R,5571,1.0169
48680,P2,CASC,-64.80,-67.50,-148,R,5544,1.0439
48690,P2,CASC,-64.65,-67.47,-148,R,5517,1.0721
48700,P2,CASC,-64.50,-65.05,-149,R,5491,1.0775
48710,P2,CASC,-64.35,-67.49,-148,R,5464,1.1090
48720,P2,CASC,-64.20,-64.99,-149,R,5438,1.1168
48730,P2,CASC,-64.05,-65.01,-149,R,5412,1.1264
48740,P2,CASC,-63.90,-65.01,-149,R,5386,1.1375
48750,P2,CASC,-63.75,-64.99,-148,R,5360,1.1500
48760,P2,CASC,-63.60,-64.98,-148,R,5334,1.1638
48770,P2,CASC,-63.45,-65.00,-148,R,5308,1.1793
48780,P2,CASC,-63.30,-62.50,-149,R,5283,1.1713
48790,P2,CASC,-63.15,-67.51,-146,R,5256,1.2149
48800,P2,CASC,-63.00,-67.49,-145,R,5229,1.2598
48810,P2,CASC,-62.85,-65.02,-147,R,5203,1.2815
48820,P2,CASC,-62.70,-64.99,-147,R,5177,1.3045
48830,P2,CASC,-62.55,-65.00,-146,R,5151,1.3290
48840,P2,CASC,-62.40,-64.99,-146,R,5125,1.3549
48850,P2,CASC,-62.25,-64.99,-146,R,5099,1.3823
48860,P2,CASC,-62.10,-65.01,-146,R,5073,1.4113
48870,P2,CASC,-61.95,-65.01,-145,R,5047,1.4420
48880,P2,CASC,-61.80,-65.00,-145,R,5021,1.4740
48890,P2,CASC,-61.65,-62.48,-147,R,4996,1.4823
48900,P2,CASC,-61.50,-65.02,-145,R,4970,1.5175
48910,P2,CASC,-61.35,-65.00,-144,R,4944,1.5540
48920,P2,CASC,-61.20,-65.01,-144,R,4918,1.5920
48930,P2,CASC,-61.05,-62.49,-146,R,4893,1.6064
48940,P2,CASC,-60.90,-62.51,-145,R,4868,1.6225
48950,P2,CASC,-60.75,-65.00,-143,R,4842,1.6650
48960,P2,CASC,-60.60,-59.99,-146,R,4818,1.6590
48970,P2,CASC,-60.45,-62.51,-145,R,4793,1.6795
48980,P2,CASC,-60.30,-59.98,-145,R,4769,1.6764
48990,P2,CASC,-60.15,-60.02,-145,R,4745,1.6750
49000,P2,CASC,-60.00,-62.49,-144,R,4720,1.7000
49010,P2,CASC,-59.85,-57.48,-146,R,4697,1.6763
49020,P2,CASC,-59.70,-62.51,-144,R,4672,1.7044
49030,P2,CASC,-59.55,-59.99,-145,R,4648,1.7088
49040,P2,CASC,-59.40,-62.51,-143,R,4623,1.7399
49050,P2,CASC,-59.25,-60.01,-145,R,4599,1.7474
49060,P2,CASC,-59.10,-62.49,-143,R,4574,1.7813
49070,P2,CASC,-58.95,-62.50,-142,R,4549,1.8168
49080,P2,CASC,-58.80,-60.01,-144,R,4525,1.8289
49090,P2,CASC,-58.65,-60.02,-144,R,4501,1.8426
49100,P2,CASC,-58.50,-59.99,-143,R,4477,1.8575
49110,P2,CASC,-58.35,-60.00,-143,R,4453,1.8740
49120,P2,CASC,-58.20,-62.48,-141,R,4428,1.9168
49130,P2,CASC,-58.05,-57.51,-143,R,4405,1.9114
49140,P2,CASC,-57.90,-59.99,-142,R,4381,1.9324
49150,P2,CASC,-57.75,-60.02,-142,R,4357,1.9550
49160,P2,CASC,-57.60,-59.98,-142,R,4333,1.9788
49170,P2,CASC,-57.45,-57.52,-143,R,4310,1.9795
49180,P2,CASC,-57.30,-57.49,-143,R,4287,1.9814
49190,P2,CASC,-57.15,-60.01,-141,R,4263,2.0100
49200,P2,CASC,-57.00,-57.50,-143,R,4240,2.0150
49210,P2,CASC,-56.85,-54.99,-143,R,4218,1.9964
49220,P2,CASC,-56.70,-57.52,-142,R,4195,2.0045
49230,P2,CASC,-56.55,-57.49,-142,R,4172,2.0140
49240,P2,CASC,-56.40,-54.99,-142,R,4150,1.9999
49250,P2,CASC,-56.25,-59.99,-140,R,4126,2.0373
49260,P2,CASC,-56.10,-55.00,-142,R,4104,2.0263
49270,P2,CASC,-55.95,-57.52,-141,R,4081,2.0420
49280,P2,CASC,-55.80,-57.49,-141,R,4058,2.0589
49290,P2,CASC,-55.65,-55.00,-142,R,4036,2.0524
49300,P2,CASC,-55.50,-57.51,-141,R,4013,2.0724
49310,P2,CASC,-55.35,-57.51,-141,R,3990,2.0940
49320,P2,CASC,-55.20,-57.49,-140,R,3967,2.1170
49330,P2,CASC,-55.05,-57.49,-140,R,3944,2.1414
49340,P2,CASC,-54.90,-57.49,-140,R,3921,2.1673
49350,P2,CASC,-54.75,-57.51,-140,R,3898,2.1949
49360,P2,CASC,-54.60,-57.50,-139,R,3875,2.2239
49370,P2,CASC,-54.45,-55.01,-141,R,3853,2.2294
49380,P2,CASC,-54.30,-57.50,-139,R,3830,2.2614
49390,P2,CASC,-54.15,-57.50,-139,R,3807,2.2949
49400,P2,CASC,-54.00,-55.01,-140,R,3785,2.3050
49410,P2,CASC,-53.85,-59.99,-136,R,3761,2.3665
49420,P2,CASC,-53.70,-57.50,-138,R,3738,2.4045
49430,P2,CASC,-53.55,-57.51,-137,R,3715,2.4440
49440,P2,CASC,-53.40,-57.48,-137,R,3692,2.4849
49450,P2,CASC,-53.25,-55.00,-139,R,3670,2.5024
49460,P2,CASC,-53.10,-57.52,-137,R,3647,2.5465
49470,P2,CASC,-52.95,-54.99,-138,R,3625,2.5669
49480,P2,CASC,-52.80,-55.00,-138,R,3603,2.5889
49490,P2,CASC,-52.65,-54.99,-138,R,3581,2.6124
49500,P2,CASC,-52.50,-55.01,-137,R,3559,2.6374
49510,P2,CASC,-52.35,-55.01,-137,R,3537,2.6640
49520,P2,CASC,-52.20,-54.98,-137,R,3515,2.6918
49530,P2,CASC,-52.05,-52.51,-138,R,3494,2.6964
49540,P2,CASC,-51.90,-55.01,-136,R,3472,2.7275
49550,P2,CASC,-51.75,-54.96,-136,R,3450,2.7596
49560,P2,CASC,-51.60,-52.52,-138,R,3429,2.7688
49570,P2,CASC,-51.45,-52.52,-137,R,3408,2.7795
49580,P2,CASC,-51.30,-49.99,-137,R,3388,2.7664
49590,P2,CASC,-51.15,-52.52,-137,R,3367,2.7800
49600,P2,CASC,-51.00,-52.50,-137,R,3346,2.7950
49610,P2,CASC,-50.85,-52.50,-136,R,3325,2.8115
49620,P2,CASC,-50.70,-49.99,-137,R,3305,2.8044
49630,P2,CASC,-50.55,-52.51,-136,R,3284,2.8240
49640,P2,CASC,-50.40,-49.99,-136,R,3264,2.8199
49650,P2,CASC,-50.25,-50.01,-136,R,3244,2.8174
49660,P2,CASC,-50.10,-52.51,-135,R,3223,2.8415
49670,P2,CASC,-49.95,-47.50,-137,R,3204,2.8170
49680,P2,CASC,-49.80,-49.99,-137,R,3184,2.8189
49690,P2,CASC,-49.65,-50.01,-137,R,3164,2.8225
49700,P2,CASC,-49.50,-49.98,-137,R,3144,2.8273
49710,P2,CASC,-49.35,-50.02,-137,R,3124,2.8340
49720,P2,CASC,-49.20,-50.01,-136,R,3104,2.8420
49730,P2,CASC,-49.05,-47.50,-136,R,3085,2.8265
49740,P2,CASC,-48.90,-50.00,-136,R,3065,2.8375
49750,P2,CASC,-48.75,-47.49,-136,R,3046,2.8249
49760,P2,CASC,-48.60,-47.50,-136,R,3027,2.8138
49770,P2,CASC,-48.45,-50.02,-136,R,3007,2.8295
49780,P2,CASC,-48.30,-45.00,-137,R,2989,2.7965
49790,P2,CASC,-48.15,-47.50,-136,R,2970,2.7900
49800,P2,CASC,-48.00,-47.50,-136,R,2951,2.7850
49810,P2,CASC,-47.85,-50.00,-136,R,2931,2.8065
49820,P2,CASC,-47.70,-47.49,-136,R,2912,2.8044
49830,P2,CASC,-47.55,-47.50,-136,R,2893,2.8039
49840,P2,CASC,-47.40,-47.50,-137,R,2874,2.8049
49850,P2,CASC,-47.25,-49.99,-135,R,2854,2.8323
49860,P2,CASC,-47.10,-50.02,-135,R,2834,2.8615
49870,P2,CASC,-46.95,-49.99,-135,R,2814,2.8919
49880,P2,CASC,-46.80,-47.50,-136,R,2795,2.8989
49890,P2,CASC,-46.65,-50.01,-135,R,2775,2.9325
49900,P2,CASC,-46.50,-50.00,-134,R,2755,2.9675
49910,P2,CASC,-46.35,-47.49,-136,R,2736,2.9788
49920,P2,CASC,-46.20,-50.02,-134,R,2716,3.0170
49930,P2,CASC,-46.05,-47.49,-136,R,2697,3.0314
49940,P2,CASC,-45.90,-50.01,-134,R,2677,3.0725
49950,P2,CASC,-45.75,-47.49,-135,R,2658,3.0899
49960,P2,CASC,-45.60,-50.01,-133,R,2638,3.1339
49970,P2,CASC,-45.45,-47.49,-135,R,2619,3.1544
49980,P2,CASC,-45.30,-47.51,-135,R,2600,3.1764
49990,P2,CASC,-45.15,-47.50,-135,R,2581,3.2000
50000,P2,CASC,-45.00,-50.00,-133,R,2561,3.2500
50010,P2,CASC,-44.85,-47.50,-134,R,2542,3.2765
50020,P2,CASC,-44.70,-50.00,-132,R,2522,3.3295
50030,P2,CASC,-44.55,-47.50,-134,R,2503,3.3590
50040,P2,CASC,-44.40,-47.50,-134,R,2484,3.3900
50050,P2,CASC,-44.25,-47.50,-134,R,2465,3.4224
50060,P2,CASC,-44.10,-47.49,-133,R,2446,3.4564
50070,P2,CASC,-43.95,-45.01,-135,R,2428,3.4669
50080,P2,CASC,-43.80,-47.51,-133,R,2409,3.5040
50090,P2,CASC,-43.65,-45.00,-135,R,2391,3.5175
50100,P2,CASC,-43.50,-45.00,-134,R,2373,3.5325
50110,P2,CASC,-43.35,-45.00,-134,R,2355,3.5490
50120,P2,CASC,-43.20,-45.00,-134,R,2337,3.5670
50130,P2,CASC,-43.05,-45.00,-134,R,2319,3.5865
50140,P2,CASC,-42.90,-45.00,-134,R,2301,3.6075
50150,P2,CASC,-42.75,-44.99,-134,R,2283,3.6299
50160,P2,CASC,-42.60,-47.50,-132,R,2264,3.6789
50170,P2,CASC,-42.45,-42.51,-135,R,2247,3.6795
50180,P2,CASC,-42.30,-47.48,-132,R,2228,3.7313
50190,P2,CASC,-42.15,-45.02,-133,R,2210,3.7600
50200,P2,CASC,-42.00,-42.49,-135,R,2193,3.7649
50210,P2,CASC,-41.85,-47.51,-131,R,2174,3.8215
50220,P2,CASC,-41.70,-45.00,-133,R,2156,3.8545
50230,P2,CASC,-41.55,-44.99,-132,R,2138,3.8889
50240,P2,CASC,-41.40,-42.50,-134,R,2121,3.8999
50250,P2,CASC,-41.25,-45.00,-132,R,2103,3.9374
50260,P2,CASC,-41.10,-45.02,-132,R,2085,3.9765
50270,P2,CASC,-40.95,-42.49,-133,R,2068,3.9920
50280,P2,CASC,-40.80,-45.00,-132,R,2050,4.0339
50290,P2,CASC,-40.65,-42.50,-133,R,2033,4.0524
50300,P2,CASC,-40.50,-42.51,-133,R,2016,4.0725
50310,P2,CASC,-40.35,-42.49,-133,R,1999,4.0939
50320,P2,CASC,-40.20,-45.01,-131,R,1981,4.1420
50330,P2,CASC,-40.05,-42.49,-132,R,1964,4.1664
50340,P2,CASC,-39.90,-42.50,-132,R,1947,4.1924
50350,P2,CASC,-39.75,-42.52,-132,R,1930,4.2200
50360,P2,CASC,-39.60,-40.00,-134,R,1914,4.2240
50370,P2,CASC,-39.45,-42.50,-132,R,1897,4.2545
50380,P2,CASC,-39.30,-42.50,-132,R,1880,4.2864
50390,P2,CASC,-39.15,-40.01,-133,R,1864,4.2950
50400,P2,CASC,-39.00,-42.50,-131,R,1847,4.3300
50410,P2,CASC,-38.85,-39.99,-133,R,1831,4.3414
50420,P2,CASC,-38.70,-42.48,-131,R,1814,4.3792
50430,P2,CASC,-38.55,-40.03,-132,R,1798,4.3940
50440,P2,CASC,-38.40,-40.00,-132,R,1782,4.4100
50450,P2,CASC,-38.25,-40.00,-132,R,1766,4.4274
50460,P2,CASC,-38.10,-42.50,-130,R,1749,4.4715
50470,P2,CASC,-37.95,-39.99,-132,R,1733,4.4919
50480,P2,CASC,-37.80,-42.51,-130,R,1716,4.5390
50490,P2,CASC,-37.65,-40.00,-132,R,1700,4.5625
50500,P2,CASC,-37.50,-40.00,-131,R,1684,4.5874
50510,P2,CASC,-37.35,-42.51,-130,R,1667,4.6390
50520,P2,CASC,-37.20,-42.49,-129,R,1650,4.6920
50530,P2,CASC,-37.05,-40.00,-131,R,1634,4.7215
50540,P2,CASC,-36.90,-42.50,-129,R,1617,4.7775
50550,P2,CASC,-36.75,-42.50,-129,R,1600,4.8350
50560,P2,CASC,-36.60,-42.50,-128,R,1583,4.8940
50570,P2,CASC,-36.45,-42.50,-128,R,1566,4.9544
50580,P2,CASC,-36.30,-42.50,-128,R,1549,5.0165
50590,P2,CASC,-36.15,-42.51,-128,R,1532,5.0800
50600,P2,CASC,-36.00,-40.00,-129,R,1516,5.1200
50610,P2,CASC,-35.85,-42.48,-127,R,1499,5.1864
50620,P2,CASC,-35.70,-42.51,-127,R,1482,5.2545
50630,P2,CASC,-35.55,-42.49,-127,R,1465,5.3239
50640,P2,CASC,-35.40,-42.51,-127,R,1448,5.3950
50650,P2,CASC,-35.25,-42.49,-126,R,1431,5.4674
50660,P2,CASC,-35.10,-40.00,-128,R,1415,5.5164
50670,P2,CASC,-34.95,-42.51,-126,R,1398,5.5920
50680,P2,CASC,-34.80,-42.49,-126,R,1381,5.6689
50690,P2,CASC,-34.65,-42.50,-125,R,1364,5.7475
50700,P2,CASC,-34.50,-42.51,-125,R,1347,5.8275
50710,P2,CASC,-34.35,-42.50,-125,R,1330,5.9090
50720,P2,CASC,-34.20,-42.50,-124,R,1313,5.9920
50730,P2,CASC,-34.05,-42.49,-124,R,1296,6.0765
50740,P2,CASC,-33.90,-40.00,-125,R,1280,6.1375
50750,P2,CASC,-33.75,-40.01,-125,R,1264,6.2000
50760,P2,CASC,-33.60,-39.98,-125,R,1248,6.2639
50770,P2,CASC,-33.45,-42.50,-123,R,1231,6.3544
50780,P2,CASC,-33.30,-37.50,-126,R,1216,6.3965
50790,P2,CASC,-33.15,-40.00,-124,R,1200,6.4649
50800,P2,CASC,-33.00,-40.00,-124,R,1184,6.5349
50810,P2,CASC,-32.85,-40.00,-124,R,1168,6.6064
50820,P2,CASC,-32.70,-37.50,-125,R,1153,6.6544
50830,P2,CASC,-32.55,-40.00,-123,R,1137,6.7290
50840,P2,CASC,-32.40,-37.50,-125,R,1122,6.7800
50850,P2,CASC,-32.25,-37.50,-124,R,1107,6.8324
50860,P2,CASC,-32.10,-35.00,-126,R,1093,6.8614
50870,P2,CASC,-31.95,-40.00,-122,R,1077,6.9420
50880,P2,CASC,-31.80,-34.99,-125,R,1063,6.9739
50890,P2,CASC,-31.65,-37.50,-124,R,1048,7.0325
50900,P2,CASC,-31.50,-35.00,-125,R,1034,7.0674
50910,P2,CASC,-31.35,-35.00,-125,R,1020,7.1039
50920,P2,CASC,-31.20,-37.50,-123,R,1005,7.1669
50930,P2,CASC,-31.05,-32.50,-126,R,992,7.1814
50940,P2,CASC,-30.90,-35.01,-124,R,978,7.2225
50950,P2,CASC,-30.75,-35.00,-124,R,964,7.2650
50960,P2,CASC,-30.60,-35.00,-124,R,950,7.3090
50970,P2,CASC,-30.45,-35.00,-124,R,936,7.3545
50980,P2,CASC,-30.30,-32.49,-125,R,923,7.3764
50990,P2,CASC,-30.15,-32.50,-125,R,910,7.3999
51000,P2,CASC,-30.00,-32.51,-125,R,897,7.4250
51010,P2,CASC,-29.85,-32.49,-125,R,884,7.4514
51020,P2,CASC,-29.70,-32.50,-125,R,871,7.4794
51030,P2,CASC,-29.55,-32.50,-124,R,858,7.5089
51040,P2,CASC,-29.40,-32.51,-124,R,845,7.5400
51050,P2,CASC,-29.25,-32.51,-124,R,832,7.5725
51060,P2,CASC,-29.10,-32.49,-124,R,819,7.6065
51070,P2,CASC,-28.95,-30.00,-125,R,807,7.6170
51080,P2,CASC,-28.80,-32.50,-124,R,794,7.6540
51090,P2,CASC,-28.65,-30.01,-125,R,782,7.6675
51100,P2,CASC,-28.50,-32.50,-123,R,769,7.7075
51110,P2,CASC,-28.35,-32.49,-123,R,756,7.7489
51120,P2,CASC,-28.20,-30.01,-125,R,744,7.7670
51130,P2,CASC,-28.05,-30.00,-124,R,732,7.7865
51140,P2,CASC,-27.90,-32.49,-123,R,719,7.8324
51150,P2,CASC,-27.75,-30.01,-124,R,707,7.8549
51160,P2,CASC,-27.60,-30.00,-124,R,695,7.8789
51170,P2,CASC,-27.45,-30.01,-124,R,683,7.9045
51180,P2,CASC,-27.30,-32.49,-122,R,670,7.9564
51190,P2,CASC,-27.15,-30.01,-123,R,658,7.9850
51200,P2,CASC,-27.00,-30.00,-123,R,646,8.0150
51210,P2,CASC,-26.85,-32.49,-121,R,633,8.0714
51220,P2,CASC,-26.70,-27.50,-124,R,622,8.0794
51230,P2,CASC,-26.55,-32.51,-121,R,609,8.1390
51240,P2,CASC,-26.40,-27.50,-124,R,598,8.1500
51250,P2,CASC,-26.25,-32.49,-121,R,585,8.2124
51260,P2,CASC,-26.10,-30.01,-122,R,573,8.2515
51270,P2,CASC,-25.95,-30.00,-122,R,561,8.2920
51280,P2,CASC,-25.80,-30.00,-122,R,549,8.3340
51290,P2,CASC,-25.65,-32.49,-120,R,536,8.4024
51300,P2,CASC,-25.50,-30.00,-121,R,524,8.4474
51310,P2,CASC,-25.35,-30.01,-121,R,512,8.4939
51320,P2,CASC,-25.20,-29.99,-121,R,500,8.5419
51330,P2,CASC,-25.05,-32.50,-119,R,487,8.6163
51340,P2,CASC,-24.90,-30.01,-120,R,475,8.6674
51350,P2,CASC,-24.75,-32.50,-118,R,462,8.7449
51360,P2,CASC,-24.60,-32.49,-118,R,449,8.8239
51370,P2,CASC,-24.45,-30.00,-120,R,437,8.8794
51380,P2,CASC,-24.30,-32.50,-118,R,424,8.9614
51390,P2,CASC,-24.15,-32.49,-117,R,411,9.0449
51400,P2,CASC,-24.00,-30.01,-119,R,399,9.1050
51410,P2,CASC,-23.85,-30.00,-119,R,387,9.1664
51420,P2,CASC,-23.70,-32.50,-117,R,374,9.2545
51430,P2,CASC,-23.55,-29.99,-118,R,362,9.3188
51440,P2,CASC,-23.40,-32.50,-116,R,349,9.4098
51450,P2,CASC,-23.25,-30.01,-117,R,337,9.4774
51460,P2,CASC,-23.10,-30.00,-117,R,325,9.5464
51470,P2,CASC,-22.95,-30.01,-117,R,313,9.6170
51480,P2,CASC,-22.80,-30.00,-117,R,301,9.6890
51490,P2,CASC,-22.65,-29.99,-116,R,289,9.7624
51500,P2,CASC,-22.50,-30.00,-116,R,277,9.8374
51510,P2,CASC,-22.35,-30.01,-116,R,265,9.9140
51520,P2,CASC,-22.20,-27.49,-117,R,254,9.9669
51530,P2,CASC,-22.05,-30.00,-115,R,242,10.0464
51540,P2,CASC,-21.90,-30.01,-115,R,230,10.1275
51550,P2,CASC,-21.75,-27.49,-116,R,219,10.1849
51560,P2,CASC,-21.60,-27.50,-116,R,208,10.2439
51570,P2,CASC,-21.45,-27.51,-116,R,197,10.3045
51580,P2,CASC,-21.30,-27.49,-116,R,186,10.3664
51590,P2,CASC,-21.15,-29.99,-114,R,174,10.4548
51600,P2,CASC,-21.00,-27.52,-115,R,163,10.5199
51610,P2,CASC,-20.85,-27.50,-115,R,152,10.5864
51620,P2,CASC,-20.70,-25.00,-116,R,142,10.6295
51630,P2,CASC,-20.55,-27.50,-114,R,131,10.6989
51640,P2,CASC,-20.40,-27.50,-114,R,120,10.7699
51650,P2,CASC,-20.25,-25.00,-116,R,110,10.8174
51660,P2,CASC,-20.10,-25.00,-115,R,100,10.8664
51670,P2,CASC,-19.95,-25.00,-115,R,90,10.9169
51680,P2,CASC,-19.80,-27.50,-113,R,79,10.9939
51690,P2,CASC,-19.65,-25.00,-115,R,69,11.0474
51700,P2,CASC,-19.50,-25.00,-114,R,59,11.1024
51710,P2,CASC,-19.35,-25.00,-114,R,49,11.1589
51720,P2,CASC,-19.20,-22.50,-116,R,40,11.1920
51730,P2,CASC,-19.05,-24.99,-114,R,30,11.2514
51740,P2,CASC,-18.90,-22.50,-115,R,21,11.2874
51750,P2,CASC,-18.75,-22.50,-115,R,12,11.3249
51760,P2,CASC,-18.60,-22.50,-115,R,3,11.3639
51770,P2,CASC,-18.45,-24.99,-113,R,-7,11.4293
51780,P2,CASC,-18.30,-22.51,-114,R,-16,11.4714
51790,P2,CASC,-18.15,-19.99,-116,R,-24,11.4899
51800,P2,CASC,-18.00,-22.50,-114,R,-33,11.5349
51810,P2,CASC,-17.85,-22.50,-114,R,-42,11.5814
51820,P2,CASC,-17.70,-22.50,-114,R,-51,11.6294
51830,P2,CASC,-17.55,-20.00,-115,R,-59,11.6539
51840,P2,CASC,-17.40,-22.50,-113,R,-68,11.7049
51850,P2,CASC,-17.25,-22.50,-113,R,-77,11.7574
51860,P2,CASC,-17.10,-20.00,-115,R,-85,11.7864
51870,P2,CASC,-16.95,-20.00,-114,R,-93,11.8169
51880,P2,CASC,-16.80,-20.00,-114,R,-101,11.8489
51890,P2,CASC,-16.65,-20.00,-114,R,-109,11.8824
51900,P2,CASC,-16.50,-20.00,-114,R,-117,11.9174
51910,P2,CASC,-16.35,-19.99,-114,R,-125,11.9539
51920,P2,CASC,-16.20,-20.00,-114,R,-133,11.9919
51930,P2,CASC,-16.05,-20.00,-113,R,-141,12.0314
51940,P2,CASC,-15.90,-20.00,-113,R,-149,12.0724
51950,P2,CASC,-15.75,-17.50,-115,R,-156,12.0899
51960,P2,CASC,-15.60,-20.00,-113,R,-164,12.1339
51970,P2,CASC,-15.45,-20.00,-113,R,-172,12.1794
51980,P2,CASC,-15.30,-17.49,-114,R,-179,12.2014
51990,P2,CASC,-15.15,-20.00,-112,R,-187,12.2499
52000,P2,CASC,-15.00,-17.50,-114,R,-194,12.2749
52010,P2,CASC,-14.85,-17.50,-114,R,-201,12.3014
52020,P2,CASC,-14.70,-17.50,-113,R,-208,12.3294
52030,P2,CASC,-14.55,-17.50,-113,R,-215,12.3589
52040,P2,CASC,-14.40,-17.50,-113,R,-222,12.3899
52050,P2,CASC,-14.25,-17.50,-113,R,-229,12.4224
52060,P2,CASC,-14.10,-17.50,-113,R,-236,12.4564
52070,P2,CASC,-13.95,-17.51,-113,R,-243,12.4919
52080,P2,CASC,-13.80,-15.00,-114,R,-249,12.5039
52090,P2,CASC,-13.65,-17.51,-112,R,-256,12.5425
52100,P2,CASC,-13.50,-15.00,-114,R,-262,12.5574
52110,P2,CASC,-13.35,-15.00,-114,R,-268,12.5740
52120,P2,CASC,-13.20,-15.00,-113,R,-274,12.5920
52130,P2,CASC,-13.05,-17.50,-112,R,-281,12.6364
52140,P2,CASC,-12.90,-15.00,-113,R,-287,12.6574
52150,P2,CASC,-12.75,-15.00,-113,R,-293,12.6799
52160,P2,CASC,-12.60,-15.00,-113,R,-299,12.7039
52170,P2,CASC,-12.45,-15.01,-113,R,-305,12.7295
52180,P2,CASC,-12.30,-15.00,-113,R,-311,12.7564
52190,P2,CASC,-12.15,-12.50,-114,R,-316,12.7599
52200,P2,CASC,-12.00,-15.00,-112,R,-322,12.7900
52210,P2,CASC,-11.85,-15.00,-112,R,-328,12.8214
52220,P2,CASC,-11.70,-12.50,-114,R,-333,12.8294
52230,P2,CASC,-11.55,-12.50,-113,R,-338,12.8389
52240,P2,CASC,-11.40,-15.00,-112,R,-344,12.8749
52250,P2,CASC,-11.25,-15.00,-111,R,-350,12.9124
52260,P2,CASC,-11.10,-12.50,-113,R,-355,12.9264
52270,P2,CASC,-10.95,-12.50,-113,R,-360,12.9419
52280,P2,CASC,-10.80,-12.50,-113,R,-365,12.9589
52290,P2,CASC,-10.65,-15.00,-111,R,-371,13.0024
52300,P2,CASC,-10.50,-12.50,-112,R,-376,13.0225
52310,P2,CASC,-10.35,-10.00,-109,R,-380,13.0190
52320,P2,CASC,-10.20,-12.50,-112,R,-385,13.0419
52330,P2,CASC,-10.05,-12.50,-112,R,-390,13.0664
52340,P2,CASC,-9.90,-12.50,-112,R,-395,13.0924
52350,P2,CASC,-9.75,-10.00,-113,R,-399,13.0949
52360,P2,CASC,-9.60,-12.50,-112,R,-404,13.1239
52370,P2,CASC,-9.45,-12.50,-111,R,-409,13.1544
52380,P2,CASC,-9.30,-10.00,-113,R,-413,13.1615
52390,P2,CASC,-9.15,-12.50,-111,R,-418,13.1949
52400,P2,CASC,-9.00,-10.00,-113,R,-422,13.2049
52410,P2,CASC,-8.85,-12.50,-111,R,-427,13.2414
52420,P2,CASC,-8.70,-12.50,-111,R,-432,13.2794
52430,P2,CASC,-8.55,-10.00,-112,R,-436,13.2939
52440,P2,CASC,-8.40,-10.00,-112,R,-440,13.3099
52450,P2,CASC,-8.25,-12.50,-110,R,-445,13.3524
52460,P2,CASC,-8.10,-12.50,-110,R,-450,13.3964
52470,P2,CASC,-7.95,-10.00,-111,R,-454,13.4169
52480,P2,CASC,-7.80,-10.00,-111,R,-458,13.4389
52490,P2,CASC,-7.65,-10.00,-111,R,-462,13.4624
52500,P2,CASC,-7.50,-12.50,-109,R,-467,13.5124
52510,P2,CASC,-7.35,-10.00,-111,R,-471,13.5389
52520,P2,CASC,-7.20,-12.50,-109,R,-476,13.5919
52530,P2,CASC,-7.05,-10.00,-110,R,-480,13.6214
52540,P2,CASC,-6.90,-7.50,-112,R,-483,13.6274
52550,P2,CASC,-6.75,-12.50,-108,R,-488,13.6850
52560,P2,CASC,-6.60,-12.49,-108,R,-493,13.7439
52570,P2,CASC,-6.45,-10.00,-110,R,-497,13.7794
52580,P2,CASC,-6.30,-7.50,-111,R,-500,13.7914
52590,P2,CASC,-6.15,-10.00,-109,R,-504,13.8299
52600,P2,CASC,-6.00,-10.00,-109,R,-508,13.8699
52610,P2,CASC,-5.85,-12.50,-107,R,-513,13.9364
52620,P2,CASC,-5.70,-10.00,-109,R,-517,13.9794
52630,P2,CASC,-5.55,-10.00,-108,R,-521,14.0239
52640,P2,CASC,-5.40,-7.50,-110,R,-524,14.0449
52650,P2,CASC,-5.25,-10.00,-108,R,-528,14.0924
52660,P2,CASC,-5.10,-12.50,-106,R,-533,14.1664
52670,P2,CASC,-4.95,-10.00,-108,R,-537,14.2169
52680,P2,CASC,-4.80,-7.50,-109,R,-540,14.2439
52690,P2,CASC,-4.65,-10.00,-107,R,-544,14.2974
52700,P2,CASC,-4.50,-10.00,-107,R,-548,14.3524
52710,P2,CASC,-4.35,-10.00,-107,R,-552,14.4089
52720,P2,CASC,-4.20,-10.00,-107,R,-556,14.4669
52730,P2,CASC,-4.05,-10.00,-106,R,-560,14.5264
52740,P2,CASC,-3.90,-7.50,-108,R,-563,14.5624
52750,P2,CASC,-3.75,-10.00,-106,R,-567,14.6249
52760,P2,CASC,-3.60,-10.00,-106,R,-571,14.6889
52770,P2,CASC,-3.45,-10.00,-105,R,-575,14.7544
52780,P2,CASC,-3.30,-7.50,-107,R,-578,14.7964
52790,P2,CASC,-3.15,-7.50,-107,R,-581,14.8399
52800,P2,CASC,-3.00,-10.00,-105,R,-585,14.9099
52810,P2,CASC,-2.85,-10.00,-105,R,-589,14.9814
52820,P2,CASC,-2.70,-10.00,-104,R,-593,15.0544
52830,P2,CASC,-2.55,-7.50,-106,R,-596,15.1039
52840,P2,CASC,-2.40,-10.00,-104,R,-600,15.1799
52850,P2,CASC,-2.25,-7.50,-105,R,-603,15.2324
52860,P2,CASC,-2.10,-7.50,-105,R,-606,15.2864
52870,P2,CASC,-1.95,-10.00,-103,R,-610,15.3669
52880,P2,CASC,-1.80,-10.00,-103,R,-614,15.4489
52890,P2,CASC,-1.65,-10.00,-102,R,-618,15.5324
52900,P2,CASC,-1.50,-7.50,-104,R,-621,15.5924
52910,P2,CASC,-1.35,-7.50,-104,R,-624,15.6539
52920,P2,CASC,-1.20,-7.50,-103,R,-627,15.7169
52930,P2,CASC,-1.05,-7.50,-103,R,-630,15.7814
52940,P2,CASC,-0.90,-10.00,-101,R,-634,15.8724
52950,P2,CASC,-0.75,-7.50,-103,R,-637,15.9399
52960,P2,CASC,-0.60,-7.50,-102,R,-640,16.0089
52970,P2,CASC,-0.45,-7.50,-102,R,-643,16.0794
52980,P2,CASC,-0.30,-5.00,-104,R,-645,16.1264
52990,P2,CASC,-0.15,-10.00,-100,R,-649,16.2249
