t_ms,profile,controller,ref_rpm,meas_rpm,pwm_cmd,dir,enc_count,integrator
0,P2,CASC,0.00,0.00,0,N,0,0.0000
10,P2,CASC,0.15,0.00,30,F,0,0.0015
20,P2,CASC,0.30,0.00,60,F,0,0.0045
30,P2,CASC,0.45,0.00,90,F,0,0.0090
40,P2,CASC,0.60,0.00,120,F,0,0.0150
50,P2,CASC,0.75,0.00,150,F,0,0.0225
60,P2,CASC,0.90,0.00,154,F,0,0.0315
70,P2,CASC,1.05,0.00,154,F,0,0.0420
80,P2,CASC,1.20,0.00,154,F,0,0.0540
90,P2,CASC,1.35,7.50,149,F,3,-0.0075
100,P2,CASC,1.50,15.00,143,F,9,-0.1425
110,P2,CASC,1.65,15.00,143,F,15,-0.2760
120,P2,CASC,1.80,17.50,140,F,22,-0.4330
130,P2,CASC,1.95,20.00,138,F,30,-0.6135
140,P2,CASC,2.10,22.49,136,F,39,-0.8175
150,P2,CASC,2.25,22.50,135,F,48,-1.0200
160,P2,CASC,2.40,25.01,133,F,58,-1.2460
170,P2,CASC,2.55,25.00,133,F,68,-1.4706
180,P2,CASC,2.70,27.49,130,F,79,-1.7185
190,P2,CASC,2.85,25.00,132,F,89,-1.9400
200,P2,CASC,3.00,27.51,129,F,100,-2.1851
210,P2,CASC,3.15,27.49,129,F,111,-2.4285
220,P2,CASC,3.30,30.00,126,F,123,-2.6954
230,P2,CASC,3.45,30.01,126,F,135,-2.9611
240,P2,CASC,3.60,30.00,125,F,147,-3.2251
250,P2,CASC,3.75,30.00,125,F,159,-3.4875
260,P2,CASC,3.90,32.50,122,F,172,-3.7735
270,P2,CASC,4.05,30.00,124,F,184,-4.0331
280,P2,CASC,4.20,29.99,123,F,196,-4.2909
290,P2,CASC,4.35,32.50,121,F,209,-4.5725
300,P2,CASC,4.50,32.50,120,F,222,-4.8524
310,P2,CASC,4.65,30.00,121,F,234,-5.1060
320,P2,CASC,4.80,35.01,117,F,248,-5.4080
330,P2,CASC,4.95,30.00,120,F,260,-5.6586
340,P2,CASC,5.10,32.50,118,F,273,-5.9326
350,P2,CASC,5.25,32.50,117,F,286,-6.2051
360,P2,CASC,5.40,32.49,117,F,299,-6.4760
370,P2,CASC,5.55,32.51,116,F,312,-6.7455
380,P2,CASC,5.70,27.49,120,F,323,-6.9635
390,P2,CASC,5.85,32.51,115,F,336,-7.2301
400,P2,CASC,6.00,29.99,117,F,348,-7.4700
410,P2,CASC,6.15,32.50,114,F,361,-7.7335
420,P2,CASC,6.30,29.99,116,F,373,-7.9705
430,P2,CASC,6.45,30.00,115,F,385,-8.2060
440,P2,CASC,6.60,27.51,117,F,396,-8.4150
450,P2,CASC,6.75,30.00,114,F,408,-8.6475
460,P2,CASC,6.90,30.00,114,F,420,-8.8785
470,P2,CASC,7.05,27.51,115,F,431,-9.0830
480,P2,CASC,7.20,27.50,115,F,442,-9.2861
490,P2,CASC,7.35,27.50,115,F,453,-9.4876
500,P2,CASC,7.50,30.00,112,F,465,-9.7125
510,P2,CASC,7.65,27.49,114,F,476,-9.9110
520,P2,CASC,7.80,27.50,113,F,487,-10.1080
530,P2,CASC,7.95,25.00,115,F,497,-10.2785
540,P2,CASC,8.10,25.00,115,F,507,-10.4475
550,P2,CASC,8.25,27.50,112,F,518,-10.6400
560,P2,CASC,8.40,25.00,114,F,528,-10.8060
570,P2,CASC,8.55,27.51,112,F,539,-10.9956
580,P2,CASC,8.70,25.00,113,F,549,-11.1586
590,P2,CASC,8.85,25.00,113,F,559,-11.3201
600,P2,CASC,9.00,22.50,115,F,568,-11.4551
610,P2,CASC,9.15,25.00,113,F,578,-11.6136
620,P2,CASC,9.30,22.50,114,F,587,-11.7456
630,P2,CASC,9.45,25.00,112,F,597,-11.9011
640,P2,CASC,9.60,20.00,116,F,605,-12.0050
650,P2,CASC,9.75,22.50,114,F,614,-12.1325
660,P2,CASC,9.90,22.50,114,F,623,-12.2585
670,P2,CASC,10.05,22.51,113,F,632,-12.3831
680,P2,CASC,10.20,20.00,115,F,640,-12.4810
690,P2,CASC,10.35,22.50,113,F,649,-12.6026
700,P2,CASC,10.50,20.00,115,F,657,-12.6976
710,P2,CASC,10.65,19.99,115,F,665,-12.7910
720,P2,CASC,10.80,20.00,115,F,673,-12.8830
730,P2,CASC,10.95,20.00,115,F,681,-12.9735
740,P2,CASC,11.10,17.50,117,F,688,-13.0375
750,P2,CASC,11.25,20.00,114,F,696,-13.1251
760,P2,CASC,11.40,17.49,116,F,703,-13.1860
770,P2,CASC,11.55,20.01,114,F,711,-13.2706
780,P2,CASC,11.70,20.00,114,F,719,-13.3536
790,P2,CASC,11.85,17.50,116,F,726,-13.4100
800,P2,CASC,12.00,17.50,116,F,733,-13.4650
810,P2,CASC,12.15,17.50,116,F,740,-13.5185
820,P2,CASC,12.30,17.50,116,F,747,-13.5706
830,P2,CASC,12.45,20.00,114,F,755,-13.6460
840,P2,CASC,12.60,17.50,116,F,762,-13.6950
850,P2,CASC,12.75,17.50,116,F,769,-13.7425
860,P2,CASC,12.90,17.50,116,F,776,-13.7886
870,P2,CASC,13.05,17.50,116,F,783,-13.8331
880,P2,CASC,13.20,17.50,116,F,790,-13.8760
890,P2,CASC,13.35,15.00,118,F,796,-13.8925
900,P2,CASC,13.50,17.50,116,F,803,-13.9326
910,P2,CASC,13.65,17.50,116,F,810,-13.9710
920,P2,CASC,13.80,17.50,116,F,817,-14.0080
930,P2,CASC,13.95,17.50,116,F,824,-14.0436
940,P2,CASC,14.10,17.50,116,F,831,-14.0776
950,P2,CASC,14.25,17.50,116,F,838,-14.1101
960,P2,CASC,14.40,15.00,118,F,844,-14.1161
970,P2,CASC,14.55,17.50,116,F,851,-14.1456
980,P2,CASC,14.70,17.49,117,F,858,-14.1735
990,P2,CASC,14.85,17.51,117,F,865,-14.2001
1000,P2,CASC,15.00,17.50,117,F,872,-14.2250
1010,P2,CASC,15.15,17.51,117,F,879,-14.2486
1020,P2,CASC,15.30,15.00,113,F,885,-14.2456
1030,P2,CASC,15.45,17.50,117,F,892,-14.2660
1040,P2,CASC,15.60,17.50,117,F,899,-14.2850
1050,P2,CASC,15.75,17.51,117,F,906,-14.3026
1060,P2,CASC,15.90,17.49,117,F,913,-14.3185
1070,P2,CASC,16.05,17.51,117,F,920,-14.3331
1080,P2,CASC,16.20,17.50,117,F,927,-14.3461
1090,P2,CASC,16.35,17.50,117,F,934,-14.3576
1100,P2,CASC,16.50,17.50,117,F,941,-14.3675
1110,P2,CASC,16.65,20.00,116,F,949,-14.4010
1120,P2,CASC,16.80,17.51,118,F,956,-14.4081
1130,P2,CASC,16.95,20.00,116,F,964,-14.4385
1140,P2,CASC,17.10,17.50,118,F,971,-14.4425
1150,P2,CASC,17.25,20.00,116,F,979,-14.4700
1160,P2,CASC,17.40,17.51,118,F,986,-14.4711
1170,P2,CASC,17.55,19.99,116,F,994,-14.4955
1180,P2,CASC,17.70,17.50,112,F,1001,-14.4935
1190,P2,CASC,17.85,20.00,116,F,1009,-14.5150
1200,P2,CASC,18.00,20.00,116,F,1017,-14.5350
1210,P2,CASC,18.15,20.00,116,F,1025,-14.5535
1220,P2,CASC,18.30,20.00,116,F,1033,-14.5705
1230,P2,CASC,18.45,20.00,116,F,1041,-14.5860
1240,P2,CASC,18.60,20.00,117,F,1049,-14.6001
1250,P2,CASC,18.75,20.00,117,F,1057,-14.6125
1260,P2,CASC,18.90,22.50,115,F,1066,-14.6485
1270,P2,CASC,19.05,20.01,117,F,1074,-14.6581
1280,P2,CASC,19.20,22.50,115,F,1083,-14.6911
1290,P2,CASC,19.35,20.00,117,F,1091,-14.6976
1300,P2,CASC,19.50,22.49,115,F,1100,-14.7275
1310,P2,CASC,19.65,22.50,115,F,1109,-14.7560
1320,P2,CASC,19.80,22.50,115,F,1118,-14.7830
1330,P2,CASC,19.95,22.50,115,F,1127,-14.8085
1340,P2,CASC,20.10,22.50,115,F,1136,-14.8325
1350,P2,CASC,20.25,25.00,113,F,1146,-14.8800
1360,P2,CASC,20.40,22.51,115,F,1155,-14.9011
1370,P2,CASC,20.55,22.50,115,F,1164,-14.9205
1380,P2,CASC,20.70,25.00,113,F,1174,-14.9635
1390,P2,CASC,20.85,25.00,113,F,1184,-15.0050
1400,P2,CASC,21.00,22.50,115,F,1193,-15.0200
1410,P2,CASC,21.15,25.00,114,F,1203,-15.0585
1420,P2,CASC,21.30,22.50,116,F,1212,-15.0705
1430,P2,CASC,21.45,25.01,114,F,1222,-15.1061
1440,P2,CASC,21.60,25.00,114,F,1232,-15.1400
1450,P2,CASC,21.75,35.01,106,F,1246,-15.2726
1460,P2,CASC,21.90,32.50,108,F,1259,-15.3786
1470,P2,CASC,22.05,27.50,111,F,1270,-15.4330
1480,P2,CASC,22.20,22.50,115,F,1279,-15.4361
1490,P2,CASC,22.35,25.00,113,F,1289,-15.4626
1500,P2,CASC,22.50,22.50,110,F,1298,-15.4625
1510,P2,CASC,22.65,25.00,114,F,1308,-15.4860
1520,P2,CASC,22.80,22.50,110,F,1317,-15.4830
1530,P2,CASC,22.95,25.01,114,F,1327,-15.5036
1540,P2,CASC,23.10,22.50,110,F,1336,-15.4975
1550,P2,CASC,23.25,17.50,111,F,1343,-15.4400
1560,P2,CASC,23.40,15.00,112,F,1349,-15.3560
1570,P2,CASC,23.55,25.00,115,F,1359,-15.3705
1580,P2,CASC,23.70,27.50,113,F,1370,-15.4085
1590,P2,CASC,23.85,25.01,115,F,1380,-15.4201
1600,P2,CASC,24.00,25.00,115,F,1390,-15.4301
1610,P2,CASC,24.15,25.00,115,F,1400,-15.4386
1620,P2,CASC,24.30,25.00,115,F,1410,-15.4456
1630,P2,CASC,24.45,25.00,115,F,1420,-15.4510
1640,P2,CASC,24.60,25.01,115,F,1430,-15.4551
1650,P2,CASC,24.75,27.50,113,F,1441,-15.4826
1660,P2,CASC,24.90,27.49,113,F,1452,-15.5085
1670,P2,CASC,25.05,25.01,110,F,1462,-15.5081
1680,P2,CASC,25.20,24.99,110,F,1472,-15.5060
1690,P2,CASC,25.35,27.50,114,F,1483,-15.5275
1700,P2,CASC,25.50,25.01,110,F,1493,-15.5226
1710,P2,CASC,25.65,27.50,114,F,1504,-15.5410
1720,P2,CASC,25.80,25.00,110,F,1514,-15.5330
1730,P2,CASC,25.95,22.50,111,F,1523,-15.4986
1740,P2,CASC,26.10,25.00,110,F,1533,-15.4876
1750,P2,CASC,26.25,27.50,114,F,1544,-15.5001
1760,P2,CASC,26.40,25.00,110,F,1554,-15.4861
1770,P2,CASC,26.55,25.00,110,F,1564,-15.4705
1780,P2,CASC,26.70,25.01,110,F,1574,-15.4536
1790,P2,CASC,26.85,25.00,110,F,1584,-15.4350
1800,P2,CASC,27.00,22.50,111,F,1593,-15.3900
1810,P2,CASC,27.15,25.00,111,F,1603,-15.3685
1820,P2,CASC,27.30,22.50,111,F,1612,-15.3206
1830,P2,CASC,27.45,22.50,112,F,1621,-15.2710
1840,P2,CASC,27.60,25.01,111,F,1631,-15.2451
1850,P2,CASC,27.75,22.50,112,F,1640,-15.1926
1860,P2,CASC,27.90,22.50,112,F,1649,-15.1385
1870,P2,CASC,28.05,22.50,112,F,1658,-15.0831
1880,P2,CASC,28.20,22.50,113,F,1667,-15.0260
1890,P2,CASC,28.35,22.50,113,F,1676,-14.9676
1900,P2,CASC,28.50,25.00,112,F,1686,-14.9326
1910,P2,CASC,28.65,22.50,113,F,1695,-14.8711
1920,P2,CASC,28.80,20.00,114,F,1703,-14.7830
1930,P2,CASC,28.95,22.50,114,F,1712,-14.7185
1940,P2,CASC,29.10,22.50,114,F,1721,-14.6525
1950,P2,CASC,29.25,22.51,114,F,1730,-14.5851
1960,P2,CASC,29.40,20.00,115,F,1738,-14.4911
1970,P2,CASC,29.55,22.50,115,F,1747,-14.4206
1980,P2,CASC,29.70,22.49,115,F,1756,-14.3485
1990,P2,CASC,29.85,22.50,115,F,1765,-14.2751
2000,P2,CASC,30.00,20.00,116,F,1773,-14.1750
2010,P2,CASC,30.15,22.50,116,F,1782,-14.0986
2020,P2,CASC,30.30,20.00,117,F,1790,-13.9955
2030,P2,CASC,30.45,22.51,116,F,1799,-13.9161
2040,P2,CASC,30.60,20.00,117,F,1807,-13.8100
2050,P2,CASC,30.75,20.00,118,F,1815,-13.7026
2060,P2,CASC,30.90,22.50,117,F,1824,-13.6186
2070,P2,CASC,31.05,20.00,118,F,1832,-13.5081
2080,P2,CASC,31.20,20.00,119,F,1840,-13.3961
2090,P2,CASC,31.35,22.50,118,F,1849,-13.3075
2100,P2,CASC,31.50,20.00,119,F,1857,-13.1925
2110,P2,CASC,31.65,22.51,119,F,1866,-13.1011
2120,P2,CASC,31.80,22.49,119,F,1875,-13.0080
2130,P2,CASC,31.95,20.00,120,F,1883,-12.8886
2140,P2,CASC,32.10,20.00,121,F,1891,-12.7676
2150,P2,CASC,32.25,20.00,121,F,1899,-12.6451
2160,P2,CASC,32.40,22.50,121,F,1908,-12.5460
2170,P2,CASC,32.55,20.00,122,F,1916,-12.4205
2180,P2,CASC,32.70,22.50,122,F,1925,-12.3186
2190,P2,CASC,32.85,22.50,122,F,1934,-12.2151
2200,P2,CASC,33.00,20.00,123,F,1942,-12.0851
2210,P2,CASC,33.15,22.50,123,F,1951,-11.9785
2220,P2,CASC,33.30,20.00,124,F,1959,-11.8455
2230,P2,CASC,33.45,22.51,123,F,1968,-11.7361
2240,P2,CASC,33.60,22.49,124,F,1977,-11.6250
2250,P2,CASC,33.75,22.50,124,F,1986,-11.5125
2260,P2,CASC,33.90,22.51,125,F,1995,-11.3986
2270,P2,CASC,34.05,22.50,125,F,2004,-11.2831
2280,P2,CASC,34.20,22.50,125,F,2013,-11.1661
2290,P2,CASC,34.35,22.50,126,F,2022,-11.0476
2300,P2,CASC,34.50,22.50,126,F,2031,-10.9275
2310,P2,CASC,34.65,25.01,126,F,2041,-10.8311
2320,P2,CASC,34.80,25.00,126,F,2051,-10.7331
2330,P2,CASC,34.95,22.50,127,F,2060,-10.6086
2340,P2,CASC,35.10,22.50,127,F,2069,-10.4825
2350,P2,CASC,35.25,25.01,127,F,2079,-10.3801
2360,P2,CASC,35.40,24.99,127,F,2089,-10.2760
2370,P2,CASC,35.55,25.01,128,F,2099,-10.1706
2380,P2,CASC,35.70,25.00,128,F,2109,-10.0636
2390,P2,CASC,35.85,25.00,128,F,2119,-9.9551
2400,P2,CASC,36.00,22.50,130,F,2128,-9.8200
2410,P2,CASC,36.15,27.50,128,F,2139,-9.7336
2420,P2,CASC,36.30,25.01,130,F,2149,-9.6206
2430,P2,CASC,36.45,27.49,129,F,2160,-9.5310
2440,P2,CASC,36.60,27.50,129,F,2171,-9.4400
2450,P2,CASC,36.75,27.50,130,F,2182,-9.3476
2460,P2,CASC,36.90,27.49,130,F,2193,-9.2535
2470,P2,CASC,37.05,27.51,130,F,2204,-9.1581
2480,P2,CASC,37.20,27.50,131,F,2215,-9.0611
2490,P2,CASC,37.35,30.00,130,F,2227,-8.9876
2500,P2,CASC,37.50,27.50,131,F,2238,-8.8876
2510,P2,CASC,37.65,30.00,131,F,2250,-8.8110
2520,P2,CASC,37.80,30.00,131,F,2262,-8.7330
2530,P2,CASC,37.95,30.01,131,F,2274,-8.6536
2540,P2,CASC,38.10,30.01,132,F,2286,-8.5726
2550,P2,CASC,38.25,32.50,131,F,2299,-8.5151
2560,P2,CASC,38.40,29.99,132,F,2311,-8.4310
2570,P2,CASC,38.55,32.51,132,F,2324,-8.3706
2580,P2,CASC,38.70,32.50,132,F,2337,-8.3086
2590,P2,CASC,38.85,32.50,132,F,2350,-8.2451
2600,P2,CASC,39.00,32.50,132,F,2363,-8.1801
2610,P2,CASC,39.15,35.00,132,F,2377,-8.1386
2620,P2,CASC,39.30,34.99,132,F,2391,-8.0955
2630,P2,CASC,39.45,32.51,133,F,2404,-8.0261
2640,P2,CASC,39.60,35.00,132,F,2418,-7.9800
2650,P2,CASC,39.75,35.01,132,F,2432,-7.9326
2660,P2,CASC,39.90,35.00,133,F,2446,-7.8836
2670,P2,CASC,40.05,37.50,132,F,2461,-7.8581
2680,P2,CASC,40.20,34.99,133,F,2475,-7.8060
2690,P2,CASC,40.35,35.01,133,F,2489,-7.7526
2700,P2,CASC,40.50,37.50,132,F,2504,-7.7226
2710,P2,CASC,40.65,37.50,133,F,2519,-7.6911
2720,P2,CASC,40.80,37.49,133,F,2534,-7.6580
2730,P2,CASC,40.95,35.01,134,F,2548,-7.5985
2740,P2,CASC,41.10,40.00,132,F,2564,-7.5876
2750,P2,CASC,41.25,37.50,133,F,2579,-7.5501
2760,P2,CASC,41.40,40.00,133,F,2595,-7.5361
2770,P2,CASC,41.55,37.49,133,F,2610,-7.4955
2780,P2,CASC,41.70,40.00,133,F,2626,-7.4786
2790,P2,CASC,41.85,40.00,133,F,2642,-7.4600
2800,P2,CASC,42.00,40.00,133,F,2658,-7.4400
2810,P2,CASC,42.15,42.48,135,F,2675,-7.4433
2820,P2,CASC,42.30,40.03,133,F,2691,-7.4206
2830,P2,CASC,42.45,40.00,133,F,2707,-7.3960
2840,P2,CASC,42.60,40.00,133,F,2723,-7.3701
2850,P2,CASC,42.75,39.99,133,F,2739,-7.3425
2860,P2,CASC,42.90,42.50,133,F,2756,-7.3385
2870,P2,CASC,43.05,40.00,134,F,2772,-7.3080
2880,P2,CASC,43.20,40.01,134,F,2788,-7.2761
2890,P2,CASC,43.35,39.99,134,F,2804,-7.2425
2900,P2,CASC,43.50,40.01,134,F,2820,-7.2076
2910,P2,CASC,43.65,40.00,134,F,2836,-7.1711
2920,P2,CASC,43.80,42.47,134,F,2853,-7.1579
2930,P2,CASC,43.95,40.02,134,F,2869,-7.1186
2940,P2,CASC,44.10,39.99,135,F,2885,-7.0775
2950,P2,CASC,44.25,37.51,136,F,2900,-7.0101
2960,P2,CASC,44.40,42.50,134,F,2917,-6.9911
2970,P2,CASC,44.55,40.00,135,F,2933,-6.9455
2980,P2,CASC,44.70,40.00,135,F,2949,-6.8985
2990,P2,CASC,44.85,42.50,135,F,2966,-6.8750
3000,P2,CASC,45.00,40.00,136,F,2982,-6.8250
3010,P2,CASC,45.15,42.50,135,F,2999,-6.7984
3020,P2,CASC,45.30,40.00,136,F,3015,-6.7454
3030,P2,CASC,45.45,40.02,136,F,3031,-6.6911
3040,P2,CASC,45.60,42.48,136,F,3048,-6.6599
3050,P2,CASC,45.75,40.01,136,F,3064,-6.6025
3060,P2,CASC,45.90,40.00,137,F,3080,-6.5435
3070,P2,CASC,46.05,40.01,137,F,3096,-6.4831
3080,P2,CASC,46.20,42.49,136,F,3113,-6.4460
3090,P2,CASC,46.35,40.00,137,F,3129,-6.3825
3100,P2,CASC,46.50,42.50,137,F,3146,-6.3425
3110,P2,CASC,46.65,42.50,137,F,3163,-6.3010
3120,P2,CASC,46.80,42.50,137,F,3180,-6.2580
3130,P2,CASC,46.95,40.00,138,F,3196,-6.1885
3140,P2,CASC,47.10,39.99,138,F,3212,-6.1175
3150,P2,CASC,47.25,42.51,138,F,3229,-6.0700
3160,P2,CASC,47.40,44.99,137,F,3247,-6.0459
3170,P2,CASC,47.55,42.51,138,F,3264,-5.9955
3180,P2,CASC,47.70,39.99,139,F,3280,-5.9185
3190,P2,CASC,47.85,42.51,138,F,3297,-5.8650
3200,P2,CASC,48.00,42.50,139,F,3314,-5.8100
3210,P2,CASC,48.15,42.51,139,F,3331,-5.7536
3220,P2,CASC,48.30,42.50,139,F,3348,-5.6955
3230,P2,CASC,48.45,42.49,139,F,3365,-5.6359
3240,P2,CASC,48.60,42.50,139,F,3382,-5.5749
3250,P2,CASC,48.75,42.51,140,F,3399,-5.5125
3260,P2,CASC,48.90,44.99,139,F,3417,-5.4734
3270,P2,CASC,49.05,42.52,140,F,3434,-5.4081
3280,P2,CASC,49.20,42.50,140,F,3451,-5.3411
3290,P2,CASC,49.35,44.99,140,F,3469,-5.2974
3300,P2,CASC,49.50,45.00,140,F,3487,-5.2525
3310,P2,CASC,49.65,45.00,140,F,3505,-5.2060
3320,P2,CASC,49.80,45.00,140,F,3523,-5.1580
3330,P2,CASC,49.95,47.50,140,F,3542,-5.1336
3340,P2,CASC,50.10,47.50,140,F,3561,-5.1075
3350,P2,CASC,50.25,47.49,140,F,3580,-5.0799
3360,P2,CASC,50.40,47.51,140,F,3599,-5.0510
3370,P2,CASC,50.55,47.50,140,F,3618,-5.0206
3380,P2,CASC,50.70,49.99,140,F,3638,-5.0135
3390,P2,CASC,50.85,62.48,132,F,3663,-5.1298
3400,P2,CASC,51.00,52.51,140,F,3684,-5.1449
3410,P2,CASC,51.15,47.51,140,F,3703,-5.1085
3420,P2,CASC,51.30,49.99,140,F,3723,-5.0955
3430,P2,CASC,51.45,47.50,141,F,3742,-5.0559
3440,P2,CASC,51.60,45.01,142,F,3760,-4.9900
3450,P2,CASC,51.75,42.48,143,F,3777,-4.8974
3460,P2,CASC,51.90,50.02,141,F,3797,-4.8786
3470,P2,CASC,52.05,49.99,141,F,3817,-4.8580
3480,P2,CASC,52.20,52.51,142,F,3838,-4.8611
3490,P2,CASC,52.35,52.49,142,F,3859,-4.8625
3500,P2,CASC,52.50,55.00,140,F,3881,-4.8875
3510,P2,CASC,52.65,52.50,140,F,3902,-4.8860
3520,P2,CASC,52.80,52.49,141,F,3923,-4.8829
3530,P2,CASC,52.95,55.01,141,F,3945,-4.9035
3540,P2,CASC,53.10,54.99,141,F,3967,-4.9224
3550,P2,CASC,53.25,52.51,141,F,3988,-4.9150
3560,P2,CASC,53.40,52.49,141,F,4009,-4.9059
3570,P2,CASC,53.55,55.01,141,F,4031,-4.9205
3580,P2,CASC,53.70,52.49,141,F,4052,-4.9085
3590,P2,CASC,53.85,52.50,141,F,4073,-4.8950
3600,P2,CASC,54.00,55.01,142,F,4095,-4.9050
3610,P2,CASC,54.15,52.49,141,F,4116,-4.8885
3620,P2,CASC,54.30,52.50,142,F,4137,-4.8705
3630,P2,CASC,54.45,55.01,142,F,4159,-4.8761
3640,P2,CASC,54.60,52.49,142,F,4180,-4.8550
3650,P2,CASC,54.75,55.01,143,F,4202,-4.8575
3660,P2,CASC,54.90,52.49,142,F,4223,-4.8335
3670,P2,CASC,55.05,52.51,142,F,4244,-4.8080
3680,P2,CASC,55.20,52.49,142,F,4265,-4.7810
3690,P2,CASC,55.35,52.49,142,F,4286,-4.7524
3700,P2,CASC,55.50,52.52,143,F,4307,-4.7226
3710,P2,CASC,55.65,52.48,143,F,4328,-4.6909
3720,P2,CASC,55.80,52.50,143,F,4349,-4.6579
3730,P2,CASC,55.95,52.51,143,F,4370,-4.6235
3740,P2,CASC,56.10,55.00,143,F,4392,-4.6125
3750,P2,CASC,56.25,50.01,144,F,4412,-4.5500
3760,P2,CASC,56.40,52.50,144,F,4433,-4.5110
3770,P2,CASC,56.55,55.01,143,F,4455,-4.4956
3780,P2,CASC,56.70,52.49,144,F,4476,-4.4535
3790,P2,CASC,56.85,52.51,144,F,4497,-4.4100
3800,P2,CASC,57.00,52.49,145,F,4518,-4.3649
3810,P2,CASC,57.15,50.01,146,F,4538,-4.2935
3820,P2,CASC,57.30,55.00,144,F,4560,-4.2705
3830,P2,CASC,57.45,52.51,145,F,4581,-4.2211
3840,P2,CASC,57.60,50.00,146,F,4601,-4.1451
3850,P2,CASC,57.75,49.99,147,F,4621,-4.0675
3860,P2,CASC,57.90,52.51,146,F,4642,-4.0136
3870,P2,CASC,58.05,52.48,146,F,4663,-3.9579
3880,P2,CASC,58.20,52.51,147,F,4684,-3.9010
3890,P2,CASC,58.35,49.99,148,F,4704,-3.8174
3900,P2,CASC,58.50,55.00,146,F,4726,-3.7824
3910,P2,CASC,58.65,52.51,147,F,4747,-3.7210
3920,P2,CASC,58.80,52.48,148,F,4768,-3.6579
3930,P2,CASC,58.95,55.01,147,F,4790,-3.6184
3940,P2,CASC,59.10,52.51,148,F,4811,-3.5525
3950,P2,CASC,59.25,52.51,148,F,4832,-3.4851
3960,P2,CASC,59.40,54.99,148,F,4854,-3.4410
3970,P2,CASC,59.55,55.01,148,F,4876,-3.3956
3980,P2,CASC,59.70,52.49,149,F,4897,-3.3235
3990,P2,CASC,59.85,54.99,149,F,4919,-3.2749
4000,P2,CASC,60.00,55.00,149,F,4941,-3.2249
4010,P2,CASC,60.15,55.01,149,F,4963,-3.1735
4020,P2,CASC,60.30,57.49,148,F,4986,-3.1454
4030,P2,CASC,60.45,55.01,149,F,5008,-3.0910
4040,P2,CASC,60.60,57.49,149,F,5031,-3.0599
4050,P2,CASC,60.75,60.01,148,F,5055,-3.0525
4060,P2,CASC,60.90,57.51,149,F,5078,-3.0186
4070,P2,CASC,61.05,57.48,149,F,5101,-2.9829
4080,P2,CASC,61.20,57.52,150,F,5124,-2.9461
4090,P2,CASC,61.35,57.50,150,F,5147,-2.9076
4100,P2,CASC,61.50,57.49,150,F,5170,-2.8675
4110,P2,CASC,61.65,57.49,150,F,5193,-2.8259
4120,P2,CASC,61.80,57.52,150,F,5216,-2.7831
4130,P2,CASC,61.95,55.00,151,F,5238,-2.7136
4140,P2,CASC,62.10,57.48,151,F,5261,-2.6674
4150,P2,CASC,62.25,57.51,151,F,5284,-2.6200
4160,P2,CASC,62.40,54.99,152,F,5306,-2.5459
4170,P2,CASC,62.55,60.02,151,F,5330,-2.5206
4180,P2,CASC,62.70,57.49,152,F,5353,-2.4685
4190,P2,CASC,62.85,57.49,152,F,5376,-2.4149
4200,P2,CASC,63.00,60.00,152,F,5400,-2.3849
4210,P2,CASC,63.15,57.51,152,F,5423,-2.3285
4220,P2,CASC,63.30,60.01,152,F,5447,-2.2956
4230,P2,CASC,63.45,57.50,153,F,5470,-2.2361
4240,P2,CASC,63.60,59.99,152,F,5494,-2.2000
4250,P2,CASC,63.75,57.48,153,F,5517,-2.1374
4260,P2,CASC,63.90,60.02,153,F,5541,-2.0986
4270,P2,CASC,64.05,60.00,153,F,5565,-2.0581
4280,P2,CASC,64.20,59.99,153,F,5589,-2.0159
4290,P2,CASC,64.35,60.00,153,F,5613,-1.9724
4300,P2,CASC,64.50,62.51,153,F,5638,-1.9525
4310,P2,CASC,64.65,62.51,153,F,5663,-1.9311
4320,P2,CASC,64.80,59.99,154,F,5687,-1.8830
4330,P2,CASC,64.95,60.00,154,F,5711,-1.8335
4340,P2,CASC,65.10,60.01,154,F,5735,-1.7826
4350,P2,CASC,65.25,62.50,154,F,5760,-1.7551
4360,P2,CASC,65.40,59.99,155,F,5784,-1.7011
4370,P2,CASC,65.55,57.51,156,F,5807,-1.6206
4380,P2,CASC,65.70,62.50,155,F,5832,-1.5886
4390,P2,CASC,65.85,60.00,156,F,5856,-1.5301
4400,P2,CASC,66.00,62.49,155,F,5881,-1.4951
4410,P2,CASC,66.15,59.98,156,F,5905,-1.4334
4420,P2,CASC,66.30,62.51,156,F,5930,-1.3955
4430,P2,CASC,66.45,62.49,156,F,5955,-1.3559
4440,P2,CASC,66.60,65.00,155,F,5981,-1.3399
4450,P2,CASC,66.75,65.01,155,F,6007,-1.3225
4460,P2,CASC,66.90,62.51,156,F,6032,-1.2786
4470,P2,CASC,67.05,79.95,145,F,6064,-1.4076
4480,P2,CASC,67.20,67.53,155,F,6091,-1.4110
4490,P2,CASC,67.35,65.01,155,F,6117,-1.3875
4500,P2,CASC,67.50,62.49,156,F,6142,-1.3375
4510,P2,CASC,67.65,62.48,157,F,6167,-1.2858
4520,P2,CASC,67.80,57.51,158,F,6190,-1.1829
4530,P2,CASC,67.95,65.01,156,F,6216,-1.1535
4540,P2,CASC,68.10,67.48,156,F,6243,-1.1473
4550,P2,CASC,68.25,67.51,156,F,6270,-1.1399
4560,P2,CASC,68.40,69.99,155,F,6298,-1.1558
4570,P2,CASC,68.55,67.51,156,F,6325,-1.1453
4580,P2,CASC,68.70,70.02,155,F,6353,-1.1585
4590,P2,CASC,68.85,69.99,155,F,6381,-1.1699
4600,P2,CASC,69.00,67.49,156,F,6408,-1.1548
4610,P2,CASC,69.15,70.02,156,F,6436,-1.1635
4620,P2,CASC,69.30,67.50,157,F,6463,-1.1455
4630,P2,CASC,69.45,69.99,156,F,6491,-1.1509
4640,P2,CASC,69.60,70.00,156,F,6519,-1.1549
4650,P2,CASC,69.75,69.99,156,F,6547,-1.1573
4660,P2,CASC,69.90,67.49,157,F,6574,-1.1333
4670,P2,CASC,70.05,67.52,157,F,6601,-1.1080
4680,P2,CASC,70.20,70.01,156,F,6629,-1.1060
4690,P2,CASC,70.35,67.50,157,F,6656,-1.0775
4700,P2,CASC,70.50,69.99,157,F,6684,-1.0724
4710,P2,CASC,70.65,67.51,158,F,6711,-1.0410
4720,P2,CASC,70.80,67.49,158,F,6738,-1.0080
4730,P2,CASC,70.95,70.01,157,F,6766,-0.9985
4740,P2,CASC,71.10,70.00,157,F,6794,-0.9875
4750,P2,CASC,71.25,67.49,158,F,6821,-0.9500
4760,P2,CASC,71.40,69.99,158,F,6849,-0.9358
4770,P2,CASC,71.55,70.02,158,F,6877,-0.9205
4780,P2,CASC,71.70,70.00,158,F,6905,-0.9035
4790,P2,CASC,71.85,67.49,159,F,6932,-0.8599
4800,P2,CASC,72.00,69.99,158,F,6960,-0.8398
4810,P2,CASC,72.15,67.51,159,F,6987,-0.7935
4820,P2,CASC,72.30,67.49,159,F,7014,-0.7453
4830,P2,CASC,72.45,67.51,160,F,7041,-0.6959
4840,P2,CASC,72.60,67.49,160,F,7068,-0.6448
4850,P2,CASC,72.75,67.51,160,F,7095,-0.5925
4860,P2,CASC,72.90,67.49,160,F,7122,-0.5383
4870,P2,CASC,73.05,70.02,160,F,7150,-0.5080
4880,P2,CASC,73.20,67.49,161,F,7177,-0.4509
4890,P2,CASC,73.35,67.50,161,F,7204,-0.3924
4900,P2,CASC,73.50,67.51,161,F,7231,-0.3325
4910,P2,CASC,73.65,69.99,161,F,7259,-0.2959
4920,P2,CASC,73.80,70.00,161,F,7287,-0.2579
4930,P2,CASC,73.95,67.49,162,F,7314,-0.1933
4940,P2,CASC,74.10,70.00,161,F,7342,-0.1523
4950,P2,CASC,74.25,70.01,162,F,7370,-0.1099
4960,P2,CASC,74.40,70.01,162,F,7398,-0.0661
4970,P2,CASC,74.55,72.50,161,F,7427,-0.0456
4980,P2,CASC,74.70,72.48,161,F,7456,-0.0233
4990,P2,CASC,74.85,72.49,162,F,7485,0.0002
5000,P2,CASC,75.00,70.01,163,F,7513,0.0501
5010,P2,CASC,75.15,72.51,162,F,7542,0.0765
5020,P2,CASC,75.30,72.49,162,F,7571,0.1046
5030,P2,CASC,75.45,67.50,164,F,7598,0.1841
5040,P2,CASC,75.60,69.99,163,F,7626,0.2402
5050,P2,CASC,75.75,70.01,164,F,7654,0.2975
5060,P2,CASC,75.90,69.99,164,F,7682,0.3567
5070,P2,CASC,76.05,70.00,164,F,7710,0.4172
5080,P2,CASC,76.20,70.00,165,F,7738,0.4792
5090,P2,CASC,76.35,70.02,165,F,7766,0.5425
5100,P2,CASC,76.50,72.49,164,F,7795,0.5826
5110,P2,CASC,76.65,70.01,165,F,7823,0.6490
5120,P2,CASC,76.80,72.51,165,F,7852,0.6920
5130,P2,CASC,76.95,72.50,165,F,7881,0.7365
5140,P2,CASC,77.10,70.00,166,F,7909,0.8075
5150,P2,CASC,77.25,72.49,165,F,7938,0.8550
5160,P2,CASC,77.40,74.99,165,F,7968,0.8791
5170,P2,CASC,77.55,70.00,167,F,7996,0.9546
5180,P2,CASC,77.70,75.00,165,F,8026,0.9816
5190,P2,CASC,77.85,75.01,166,F,8056,1.0100
5200,P2,CASC,78.00,72.48,167,F,8085,1.0652
5210,P2,CASC,78.15,72.51,167,F,8114,1.1215
5220,P2,CASC,78.30,74.98,166,F,8144,1.1548
5230,P2,CASC,78.45,72.53,167,F,8173,1.2140
5240,P2,CASC,78.60,72.50,167,F,8202,1.2750
5250,P2,CASC,78.75,69.99,169,F,8230,1.3626
5260,P2,CASC,78.90,72.51,168,F,8259,1.4265
5270,P2,CASC,79.05,72.50,168,F,8288,1.4920
5280,P2,CASC,79.20,72.47,169,F,8317,1.5592
5290,P2,CASC,79.35,75.01,168,F,8347,1.6027
5300,P2,CASC,79.50,75.01,168,F,8377,1.6476
5310,P2,CASC,79.65,74.99,169,F,8407,1.6942
5320,P2,CASC,79.80,77.52,168,F,8438,1.7171
5330,P2,CASC,79.95,87.49,161,F,8473,1.6417
5340,P2,CASC,80.10,75.02,169,F,8503,1.6925
5350,P2,CASC,80.25,72.50,170,F,8532,1.7700
5360,P2,CASC,80.40,72.49,170,F,8561,1.8491
5370,P2,CASC,80.55,65.01,173,F,8587,2.0045
5380,P2,CASC,80.70,77.50,170,F,8618,2.0365
5390,P2,CASC,80.85,77.48,170,F,8649,2.0702
5400,P2,CASC,81.00,77.50,170,F,8680,2.1052
5410,P2,CASC,81.15,79.99,170,F,8712,2.1168
5420,P2,CASC,81.30,77.52,171,F,8743,2.1546
5430,P2,CASC,81.45,80.00,170,F,8775,2.1691
5440,P2,CASC,81.60,75.00,172,F,8805,2.2351
5450,P2,CASC,81.75,77.50,172,F,8836,2.2776
5460,P2,CASC,81.90,79.99,171,F,8868,2.2967
5470,P2,CASC,82.05,77.50,172,F,8899,2.3422
5480,P2,CASC,82.20,77.50,172,F,8930,2.3892
5490,P2,CASC,82.35,80.00,172,F,8962,2.4127
5500,P2,CASC,82.50,77.49,173,F,8993,2.4628
5510,P2,CASC,82.65,77.52,173,F,9024,2.5141
5520,P2,CASC,82.80,77.51,174,F,9055,2.5670
5530,P2,CASC,82.95,77.48,174,F,9086,2.6217
5540,P2,CASC,83.10,77.52,174,F,9117,2.6776
5550,P2,CASC,83.25,77.49,175,F,9148,2.7351
5560,P2,CASC,83.40,80.01,174,F,9180,2.7691
5570,P2,CASC,83.55,77.48,175,F,9211,2.8297
5580,P2,CASC,83.70,80.02,175,F,9243,2.8665
5590,P2,CASC,83.85,77.51,176,F,9274,2.9300
5600,P2,CASC,84.00,79.99,175,F,9306,2.9700
5610,P2,CASC,84.15,77.51,176,F,9337,3.0365
5620,P2,CASC,84.30,79.99,176,F,9369,3.0795
5630,P2,CASC,84.45,74.99,178,F,9399,3.1742
5640,P2,CASC,84.60,80.01,177,F,9431,3.2201
5650,P2,CASC,84.75,75.00,179,F,9461,3.3176
5660,P2,CASC,84.90,79.96,177,F,9493,3.3670
5670,P2,CASC,85.05,77.53,178,F,9524,3.4422
5680,P2,CASC,85.20,77.52,179,F,9555,3.5191
5690,P2,CASC,85.35,79.99,178,F,9587,3.5726
5700,P2,CASC,85.50,80.00,179,F,9619,3.6276
5710,P2,CASC,85.65,77.48,180,F,9650,3.7093
5720,P2,CASC,85.80,82.53,179,F,9683,3.7420
5730,P2,CASC,85.95,79.98,180,F,9715,3.8017
5740,P2,CASC,86.10,80.00,180,F,9747,3.8627
5750,P2,CASC,86.25,82.51,180,F,9780,3.9001
5760,P2,CASC,86.40,82.50,180,F,9813,3.9391
5770,P2,CASC,86.55,87.52,177,F,9848,3.9294
5780,P2,CASC,86.70,84.99,180,F,9882,3.9465
5790,P2,CASC,86.85,82.51,181,F,9915,3.9899
5800,P2,CASC,87.00,84.99,180,F,9949,4.0100
5810,P2,CASC,87.15,84.98,180,F,9983,4.0317
5820,P2,CASC,87.30,80.02,182,F,10015,4.1045
5830,P2,CASC,87.45,84.97,181,F,10049,4.1293
5840,P2,CASC,87.60,82.52,182,F,10082,4.1801
5850,P2,CASC,87.75,82.49,182,F,10115,4.2326
5860,P2,CASC,87.90,84.99,182,F,10149,4.2617
5870,P2,CASC,88.05,85.02,182,F,10183,4.2920
5880,P2,CASC,88.20,84.99,182,F,10217,4.3241
5890,P2,CASC,88.35,90.01,178,F,10253,4.3075
5900,P2,CASC,88.50,84.99,183,F,10287,4.3426
5910,P2,CASC,88.65,87.52,182,F,10322,4.3540
5920,P2,CASC,88.80,89.97,179,F,10358,4.3422
5930,P2,CASC,88.95,87.50,182,F,10393,4.3567
5940,P2,CASC,89.10,92.53,178,F,10430,4.3224
5950,P2,CASC,89.25,89.99,180,F,10466,4.3150
5960,P2,CASC,89.40,89.98,180,F,10502,4.3092
5970,P2,CASC,89.55,87.53,183,F,10537,4.3295
5980,P2,CASC,89.70,89.97,181,F,10573,4.3267
5990,P2,CASC,89.85,87.51,183,F,10608,4.3501
6000,P2,CASC,90.00,89.98,183,F,10644,4.3503
6010,P2,CASC,90.15,90.01,183,F,10680,4.3517
6020,P2,CASC,90.30,87.50,184,F,10715,4.3797
6030,P2,CASC,90.45,92.49,180,F,10752,4.3593
6040,P2,CASC,90.60,92.51,180,F,10789,4.3402
6050,P2,CASC,90.75,92.50,180,F,10826,4.3227
6060,P2,CASC,90.90,102.49,173,F,10867,4.2068
6070,P2,CASC,91.05,95.03,179,F,10905,4.1670
6080,P2,CASC,91.20,89.97,184,F,10941,4.1793
6090,P2,CASC,91.35,82.53,186,F,10974,4.2675
6100,P2,CASC,91.50,87.47,185,F,11009,4.3077
6110,P2,CASC,91.65,95.02,180,F,11047,4.2741
6120,P2,CASC,91.80,94.99,180,F,11085,4.2421
6130,P2,CASC,91.95,92.52,182,F,11122,4.2365
6140,P2,CASC,92.10,97.49,178,F,11161,4.1826
6150,P2,CASC,92.25,92.51,182,F,11198,4.1800
6160,P2,CASC,92.40,95.00,181,F,11236,4.1540
6170,P2,CASC,92.55,92.49,184,F,11273,4.1546
6180,P2,CASC,92.70,92.50,184,F,11310,4.1566
6190,P2,CASC,92.85,94.99,181,F,11348,4.1352
6200,P2,CASC,93.00,92.51,185,F,11385,4.1401
6210,P2,CASC,93.15,94.95,182,F,11423,4.1220
6220,P2,CASC,93.30,92.55,185,F,11460,4.1296
6230,P2,CASC,93.45,92.50,185,F,11497,4.1391
6240,P2,CASC,93.60,94.99,182,F,11535,4.1252
6250,P2,CASC,93.75,94.99,183,F,11573,4.1128
6260,P2,CASC,93.90,94.95,183,F,11611,4.1022
6270,P2,CASC,94.05,95.07,183,F,11649,4.0921
6280,P2,CASC,94.20,94.97,183,F,11687,4.0844
6290,P2,CASC,94.35,95.01,183,F,11725,4.0778
6300,P2,CASC,94.50,95.02,184,F,11763,4.0726
6310,P2,CASC,94.65,92.51,186,F,11800,4.0940
6320,P2,CASC,94.80,92.50,187,F,11837,4.1170
6330,P2,CASC,94.95,92.47,187,F,11874,4.1418
6340,P2,CASC,95.10,92.51,187,F,11911,4.1677
6350,P2,CASC,95.25,97.50,183,F,11950,4.1452
6360,P2,CASC,95.40,95.02,187,F,11988,4.1490
6370,P2,CASC,95.55,92.50,188,F,12025,4.1795
6380,P2,CASC,95.70,94.99,187,F,12063,4.1866
6390,P2,CASC,95.85,97.50,184,F,12102,4.1701
6400,P2,CASC,96.00,95.01,187,F,12140,4.1800
6410,P2,CASC,96.15,97.46,185,F,12179,4.1669
6420,P2,CASC,96.30,95.02,188,F,12217,4.1797
6430,P2,CASC,96.45,100.02,183,F,12257,4.1440
6440,P2,CASC,96.60,99.98,183,F,12297,4.1102
6450,P2,CASC,96.75,94.99,188,F,12335,4.1278
6460,P2,CASC,96.90,97.50,186,F,12374,4.1218
6470,P2,CASC,97.05,95.03,188,F,12412,4.1420
6480,P2,CASC,97.20,94.99,189,F,12450,4.1641
6490,P2,CASC,97.35,94.99,189,F,12488,4.1877
6500,P2,CASC,97.50,97.49,188,F,12527,4.1878
6510,P2,CASC,97.65,97.49,189,F,12566,4.1894
6520,P2,CASC,97.80,97.52,189,F,12605,4.1922
6530,P2,CASC,97.95,100.00,186,F,12645,4.1717
6540,P2,CASC,98.10,99.98,186,F,12685,4.1529
6550,P2,CASC,98.25,100.01,186,F,12725,4.1353
6560,P2,CASC,98.40,100.03,186,F,12765,4.1190
6570,P2,CASC,98.55,102.46,184,F,12806,4.0799
6580,P2,CASC,98.70,102.51,184,F,12847,4.0418
6590,P2,CASC,98.85,102.51,185,F,12888,4.0052
6600,P2,CASC,99.00,100.02,187,F,12928,3.9950
6610,P2,CASC,99.15,99.98,187,F,12968,3.9867
6620,P2,CASC,99.30,100.02,187,F,13008,3.9795
6630,P2,CASC,99.45,97.47,190,F,13047,3.9993
6640,P2,CASC,99.60,102.51,186,F,13088,3.9702
6650,P2,CASC,99.75,97.51,190,F,13127,3.9926
6660,P2,CASC,99.90,102.47,186,F,13168,3.9669
6670,P2,CASC,100.05,105.04,184,F,13210,3.9170
6680,P2,CASC,100.20,107.50,182,F,13253,3.8440
6690,P2,CASC,100.35,110.00,180,F,13297,3.7475
6700,P2,CASC,100.50,99.97,190,F,13337,3.7528
6710,P2,CASC,100.65,97.49,191,F,13376,3.7844
6720,P2,CASC,100.80,92.54,192,F,13413,3.8670
6730,P2,CASC,100.95,104.96,185,F,13455,3.8269
6740,P2,CASC,101.10,105.02,185,F,13497,3.7877
6750,P2,CASC,101.25,102.49,188,F,13538,3.7753
6760,P2,CASC,101.40,107.52,184,F,13581,3.7141
6770,P2,CASC,101.55,102.50,188,F,13622,3.7046
6780,P2,CASC,101.70,102.50,188,F,13663,3.6966
6790,P2,CASC,101.85,104.99,186,F,13705,3.6652
6800,P2,CASC,102.00,104.99,186,F,13747,3.6353
6810,P2,CASC,102.15,102.51,189,F,13788,3.6317
6820,P2,CASC,102.30,102.51,189,F,13829,3.6296
6830,P2,CASC,102.45,102.49,189,F,13870,3.6292
6840,P2,CASC,102.60,102.49,190,F,13911,3.6303
6850,P2,CASC,102.75,105.03,187,F,13953,3.6075
6860,P2,CASC,102.90,104.98,188,F,13995,3.5867
6870,P2,CASC,103.05,105.02,188,F,14037,3.5670
6880,P2,CASC,103.20,104.97,188,F,14079,3.5493
6890,P2,CASC,103.35,105.01,188,F,14121,3.5327
6900,P2,CASC,103.50,105.01,188,F,14163,3.5176
6910,P2,CASC,103.65,102.48,191,F,14204,3.5293
6920,P2,CASC,103.80,100.02,192,F,14244,3.5671
6930,P2,CASC,103.95,105.01,189,F,14286,3.5565
6940,P2,CASC,104.10,102.48,192,F,14327,3.5727
6950,P2,CASC,104.25,102.49,192,F,14368,3.5903
6960,P2,CASC,104.40,105.03,190,F,14410,3.5840
6970,P2,CASC,104.55,102.47,192,F,14451,3.6048
6980,P2,CASC,104.70,105.02,190,F,14493,3.6016
6990,P2,CASC,104.85,105.00,190,F,14535,3.6001
7000,P2,CASC,105.00,107.45,189,F,14578,3.5756
7010,P2,CASC,105.15,105.06,192,F,14620,3.5765
7020,P2,CASC,105.30,107.50,189,F,14663,3.5545
7030,P2,CASC,105.45,110.00,187,F,14707,3.5090
7040,P2,CASC,105.60,104.96,192,F,14749,3.5154
7050,P2,CASC,105.75,102.54,193,F,14790,3.5475
7060,P2,CASC,105.90,104.96,193,F,14832,3.5569
7070,P2,CASC,106.05,104.96,193,F,14874,3.5678
7080,P2,CASC,106.20,102.54,194,F,14915,3.6044
7090,P2,CASC,106.35,105.00,193,F,14957,3.6179
7100,P2,CASC,106.50,107.54,191,F,15000,3.6075
7110,P2,CASC,106.65,109.98,189,F,15044,3.5742
7120,P2,CASC,106.80,107.51,191,F,15087,3.5671
7130,P2,CASC,106.95,107.48,191,F,15130,3.5618
7140,P2,CASC,107.10,112.52,187,F,15175,3.5076
7150,P2,CASC,107.25,107.50,192,F,15218,3.5051
7160,P2,CASC,107.40,114.97,186,F,15264,3.4294
7170,P2,CASC,107.55,110.03,190,F,15308,3.4046
7180,P2,CASC,107.70,110.01,190,F,15352,3.3815
7190,P2,CASC,107.85,107.48,193,F,15395,3.3852
7200,P2,CASC,108.00,107.49,193,F,15438,3.3903
7210,P2,CASC,108.15,110.02,191,F,15482,3.3716
7220,P2,CASC,108.30,107.51,194,F,15525,3.3795
7230,P2,CASC,108.45,109.96,191,F,15569,3.3644
7240,P2,CASC,108.60,112.53,189,F,15614,3.3251
7250,P2,CASC,108.75,117.46,185,F,15661,3.2379
7260,P2,CASC,108.90,120.04,183,F,15709,3.1266
7270,P2,CASC,109.05,104.99,194,F,15751,3.1672
7280,P2,CASC,109.20,97.51,197,F,15790,3.2841
7290,P2,CASC,109.35,112.48,190,F,15835,3.2528
7300,P2,CASC,109.50,112.51,190,F,15880,3.2227
7310,P2,CASC,109.65,110.01,192,F,15924,3.2191
7320,P2,CASC,109.80,114.98,189,F,15970,3.1673
7330,P2,CASC,109.95,110.00,193,F,16014,3.1668
7340,P2,CASC,110.10,112.49,191,F,16059,3.1429
7350,P2,CASC,110.25,112.52,191,F,16104,3.1202
7360,P2,CASC,110.40,112.51,191,F,16149,3.0991
7370,P2,CASC,110.55,112.48,191,F,16194,3.0798
7380,P2,CASC,110.70,107.53,195,F,16237,3.1115
7390,P2,CASC,110.85,112.49,192,F,16282,3.0951
7400,P2,CASC,111.00,112.50,192,F,16327,3.0801
7410,P2,CASC,111.15,112.44,192,F,16372,3.0672
7420,P2,CASC,111.30,112.55,192,F,16417,3.0547
7430,P2,CASC,111.45,114.99,191,F,16463,3.0193
7440,P2,CASC,111.60,112.50,193,F,16508,3.0103
7450,P2,CASC,111.75,112.53,193,F,16553,3.0025
7460,P2,CASC,111.90,110.00,195,F,16597,3.0215
7470,P2,CASC,112.05,112.50,193,F,16642,3.0170
7480,P2,CASC,112.20,109.97,196,F,16686,3.0393
7490,P2,CASC,112.35,110.02,196,F,16730,3.0626
7500,P2,CASC,112.50,112.49,195,F,16775,3.0627
7510,P2,CASC,112.65,112.52,195,F,16820,3.0640
7520,P2,CASC,112.80,112.50,195,F,16865,3.0670
7530,P2,CASC,112.95,112.47,196,F,16910,3.0718
7540,P2,CASC,113.10,112.52,196,F,16955,3.0776
7550,P2,CASC,113.25,114.98,193,F,17001,3.0603
7560,P2,CASC,113.40,115.01,193,F,17047,3.0442
7570,P2,CASC,113.55,117.52,191,F,17094,3.0045
7580,P2,CASC,113.70,112.46,196,F,17139,3.0169
7590,P2,CASC,113.85,115.00,194,F,17185,3.0054
7600,P2,CASC,114.00,110.03,197,F,17229,3.0451
7610,P2,CASC,114.15,112.47,197,F,17274,3.0620
7620,P2,CASC,114.30,110.04,198,F,17318,3.1045
7630,P2,CASC,114.45,112.50,197,F,17363,3.1240
7640,P2,CASC,114.60,115.00,195,F,17409,3.1200
7650,P2,CASC,114.75,117.50,193,F,17456,3.0925
7660,P2,CASC,114.90,114.98,196,F,17502,3.0917
7670,P2,CASC,115.05,117.52,194,F,17549,3.0670
7680,P2,CASC,115.20,117.46,194,F,17596,3.0444
7690,P2,CASC,115.35,122.50,190,F,17645,2.9729
7700,P2,CASC,115.50,117.49,194,F,17692,2.9530
7710,P2,CASC,115.65,117.54,194,F,17739,2.9341
7720,P2,CASC,115.80,117.48,194,F,17786,2.9174
7730,P2,CASC,115.95,115.00,197,F,17832,2.9269
7740,P2,CASC,116.10,117.54,195,F,17879,2.9125
7750,P2,CASC,116.25,114.98,198,F,17925,2.9252
7760,P2,CASC,116.40,119.98,193,F,17973,2.8895
7770,P2,CASC,116.55,117.54,195,F,18020,2.8796
7780,P2,CASC,116.70,130.00,186,F,18072,2.7466
7790,P2,CASC,116.85,120.01,194,F,18120,2.7150
7800,P2,CASC,117.00,114.99,198,F,18166,2.7351
7810,P2,CASC,117.15,107.50,200,F,18209,2.8316
7820,P2,CASC,117.30,120.01,194,F,18257,2.8045
7830,P2,CASC,117.45,119.98,195,F,18305,2.7792
7840,P2,CASC,117.60,120.02,195,F,18353,2.7550
7850,P2,CASC,117.75,119.99,195,F,18401,2.7326
7860,P2,CASC,117.90,119.96,195,F,18449,2.7120
7870,P2,CASC,118.05,120.04,195,F,18497,2.6921
7880,P2,CASC,118.20,120.00,195,F,18545,2.6741
7890,P2,CASC,118.35,119.99,196,F,18593,2.6577
7900,P2,CASC,118.50,117.50,198,F,18640,2.6677
7910,P2,CASC,118.65,120.02,196,F,18688,2.6540
7920,P2,CASC,118.80,120.00,196,F,18736,2.6420
7930,P2,CASC,118.95,122.45,194,F,18785,2.6070
7940,P2,CASC,119.10,120.02,196,F,18833,2.5977
7950,P2,CASC,119.25,122.50,195,F,18882,2.5652
7960,P2,CASC,119.40,120.02,197,F,18930,2.5590
7970,P2,CASC,119.55,122.49,195,F,18979,2.5296
7980,P2,CASC,119.70,117.50,199,F,19026,2.5516
7990,P2,CASC,119.85,114.98,200,F,19072,2.6004
8000,P2,CASC,120.00,119.96,199,F,19120,2.6007
8010,P2,CASC,120.15,119.98,199,F,19168,2.6025
8020,P2,CASC,120.30,117.59,200,F,19215,2.6295
8030,P2,CASC,120.45,119.99,199,F,19263,2.6341
8040,P2,CASC,120.60,120.01,199,F,19311,2.6400
8050,P2,CASC,120.75,119.98,200,F,19359,2.6478
8060,P2,CASC,120.90,122.52,197,F,19408,2.6315
8070,P2,CASC,121.05,122.46,197,F,19457,2.6174
8080,P2,CASC,121.20,125.04,195,F,19507,2.5790
8090,P2,CASC,121.35,119.98,200,F,19555,2.5927
8100,P2,CASC,121.50,120.02,200,F,19603,2.6075
8110,P2,CASC,121.65,120.00,200,F,19651,2.6240
8120,P2,CASC,121.80,117.50,201,F,19698,2.6670
8130,P2,CASC,121.95,120.00,201,F,19746,2.6865
8140,P2,CASC,122.10,122.46,199,F,19795,2.6829
8150,P2,CASC,122.25,122.49,199,F,19844,2.6805
8160,P2,CASC,122.40,122.50,199,F,19893,2.6795
8170,P2,CASC,122.55,125.03,198,F,19943,2.6547
8180,P2,CASC,122.70,127.51,196,F,19994,2.6066
8190,P2,CASC,122.85,127.51,196,F,20045,2.5600
8200,P2,CASC,123.00,127.50,196,F,20096,2.5150
8210,P2,CASC,123.15,124.96,198,F,20146,2.4969
8220,P2,CASC,123.30,125.01,198,F,20196,2.4797
8230,P2,CASC,123.45,122.52,201,F,20245,2.4890
8240,P2,CASC,123.60,124.98,199,F,20295,2.4752
8250,P2,CASC,123.75,125.00,199,F,20345,2.4627
8260,P2,CASC,123.90,125.03,199,F,20395,2.4515
8270,P2,CASC,124.05,130.00,195,F,20447,2.3920
8280,P2,CASC,124.20,137.47,189,F,20502,2.2593
8290,P2,CASC,124.35,122.49,201,F,20551,2.2779
8300,P2,CASC,124.50,112.51,204,F,20596,2.3978
8310,P2,CASC,124.65,125.03,200,F,20646,2.3940
8320,P2,CASC,124.80,127.45,198,F,20697,2.3675
8330,P2,CASC,124.95,127.54,198,F,20748,2.3417
8340,P2,CASC,125.10,127.46,198,F,20799,2.3180
8350,P2,CASC,125.25,127.51,199,F,20850,2.2954
8360,P2,CASC,125.40,127.50,199,F,20901,2.2744
8370,P2,CASC,125.55,127.54,199,F,20952,2.2545
8380,P2,CASC,125.70,127.46,199,F,21003,2.2369
8390,P2,CASC,125.85,125.00,202,F,21053,2.2454
8400,P2,CASC,126.00,127.49,199,F,21104,2.2305
8410,P2,CASC,126.15,127.54,200,F,21155,2.2167
8420,P2,CASC,126.30,127.51,200,F,21206,2.2045
8430,P2,CASC,126.45,129.95,198,F,21258,2.1695
8440,P2,CASC,126.60,130.03,198,F,21310,2.1353
8450,P2,CASC,126.75,127.50,200,F,21361,2.1278
8460,P2,CASC,126.90,125.01,202,F,21411,2.1467
8470,P2,CASC,127.05,124.99,203,F,21461,2.1673
8480,P2,CASC,127.20,124.99,203,F,21511,2.1894
8490,P2,CASC,127.35,127.53,201,F,21562,2.1877
8500,P2,CASC,127.50,124.98,203,F,21612,2.2129
8510,P2,CASC,127.65,127.54,203,F,21663,2.2140
8520,P2,CASC,127.80,127.49,203,F,21714,2.2172
8530,P2,CASC,127.95,127.49,203,F,21765,2.2218
8540,P2,CASC,128.10,127.47,203,F,21816,2.2280
8550,P2,CASC,128.25,132.55,199,F,21869,2.1850
8560,P2,CASC,128.40,130.00,201,F,21921,2.1690
8570,P2,CASC,128.55,129.95,201,F,21973,2.1550
8580,P2,CASC,128.70,125.00,204,F,22023,2.1920
8590,P2,CASC,128.85,125.01,204,F,22073,2.2304
8600,P2,CASC,129.00,125.04,205,F,22123,2.2700
8610,P2,CASC,129.15,129.88,202,F,22175,2.2627
8620,P2,CASC,129.30,127.58,204,F,22226,2.2799
8630,P2,CASC,129.45,130.01,203,F,22278,2.2743
8640,P2,CASC,129.60,132.51,201,F,22331,2.2452
8650,P2,CASC,129.75,134.96,199,F,22385,2.1931
8660,P2,CASC,129.90,135.04,199,F,22439,2.1417
8670,P2,CASC,130.05,134.96,199,F,22493,2.0926
8680,P2,CASC,130.20,132.54,201,F,22546,2.0692
8690,P2,CASC,130.35,130.01,204,F,22598,2.0725
8700,P2,CASC,130.50,129.97,204,F,22650,2.0778
8710,P2,CASC,130.65,132.51,202,F,22703,2.0592
8720,P2,CASC,130.80,132.50,202,F,22756,2.0422
8730,P2,CASC,130.95,132.50,202,F,22809,2.0267
8740,P2,CASC,131.10,134.99,200,F,22863,1.9878
8750,P2,CASC,131.25,145.03,192,F,22921,1.8500
8760,P2,CASC,131.40,124.96,206,F,22971,1.9144
8770,P2,CASC,131.55,125.01,206,F,23021,1.9798
8780,P2,CASC,131.70,135.01,201,F,23075,1.9466
8790,P2,CASC,131.85,132.47,203,F,23128,1.9404
8800,P2,CASC,132.00,135.01,201,F,23182,1.9103
8810,P2,CASC,132.15,135.00,201,F,23236,1.8818
8820,P2,CASC,132.30,134.99,202,F,23290,1.8549
8830,P2,CASC,132.45,132.49,204,F,23343,1.8545
8840,P2,CASC,132.60,135.05,202,F,23397,1.8300
8850,P2,CASC,132.75,132.50,205,F,23450,1.8325
8860,P2,CASC,132.90,132.50,205,F,23503,1.8365
8870,P2,CASC,133.05,134.96,203,F,23557,1.8174
8880,P2,CASC,133.20,135.04,203,F,23611,1.7990
8890,P2,CASC,133.35,137.47,201,F,23666,1.7578
8900,P2,CASC,133.50,137.50,201,F,23721,1.7178
8910,P2,CASC,133.65,135.01,203,F,23775,1.7041
8920,P2,CASC,133.80,132.39,205,F,23828,1.7182
8930,P2,CASC,133.95,130.08,206,F,23880,1.7569
8940,P2,CASC,134.10,132.54,206,F,23933,1.7725
8950,P2,CASC,134.25,132.47,206,F,23986,1.7903
8960,P2,CASC,134.40,132.53,206,F,24039,1.8090
8970,P2,CASC,134.55,132.45,206,F,24092,1.8300
8980,P2,CASC,134.70,134.92,205,F,24146,1.8278
8990,P2,CASC,134.85,135.01,205,F,24200,1.8262
9000,P2,CASC,135.00,135.12,205,F,24254,1.8250
9010,P2,CASC,135.15,137.50,204,F,24309,1.8015
9020,P2,CASC,135.30,135.00,206,F,24363,1.8045
9030,P2,CASC,135.45,132.49,207,F,24416,1.8341
9040,P2,CASC,135.60,132.50,207,F,24469,1.8651
9050,P2,CASC,135.75,129.96,209,F,24521,1.9230
9060,P2,CASC,135.90,137.53,205,F,24576,1.9067
9070,P2,CASC,136.05,135.01,207,F,24630,1.9171
9080,P2,CASC,136.20,137.51,205,F,24685,1.9040
9090,P2,CASC,136.35,137.50,206,F,24740,1.8925
9100,P2,CASC,136.50,142.50,202,F,24797,1.8325
9110,P2,CASC,136.65,142.47,202,F,24854,1.7743
9120,P2,CASC,136.80,142.51,202,F,24911,1.7171
9130,P2,CASC,136.95,139.97,204,F,24967,1.6869
9140,P2,CASC,137.10,137.50,206,F,25022,1.6829
9150,P2,CASC,137.25,137.53,206,F,25077,1.6801
9160,P2,CASC,137.40,137.47,207,F,25132,1.6794
9170,P2,CASC,137.55,142.50,203,F,25189,1.6299
9180,P2,CASC,137.70,142.49,203,F,25246,1.5820
9190,P2,CASC,137.85,152.52,195,F,25307,1.4354
9200,P2,CASC,138.00,132.53,209,F,25360,1.4901
9210,P2,CASC,138.15,130.01,210,F,25412,1.5715
9220,P2,CASC,138.30,142.49,204,F,25469,1.5296
9230,P2,CASC,138.45,137.50,208,F,25524,1.5391
9240,P2,CASC,138.60,144.99,202,F,25582,1.4753
9250,P2,CASC,138.75,140.00,206,F,25638,1.4628
9260,P2,CASC,138.90,142.51,204,F,25695,1.4266
9270,P2,CASC,139.05,142.49,204,F,25752,1.3923
9280,P2,CASC,139.20,140.01,206,F,25808,1.3841
9290,P2,CASC,139.35,140.00,207,F,25864,1.3776
9300,P2,CASC,139.50,137.50,208,F,25919,1.3976
9310,P2,CASC,139.65,144.97,203,F,25977,1.3444
9320,P2,CASC,139.80,140.00,207,F,26033,1.3424
9330,P2,CASC,139.95,145.01,203,F,26091,1.2918
9340,P2,CASC,140.10,142.47,205,F,26148,1.2681
9350,P2,CASC,140.25,140.01,208,F,26204,1.2704
9360,P2,CASC,140.40,137.54,209,F,26259,1.2990
9370,P2,CASC,140.55,139.96,208,F,26315,1.3049
9380,P2,CASC,140.70,140.04,208,F,26371,1.3115
9390,P2,CASC,140.85,137.46,209,F,26426,1.3454
9400,P2,CASC,141.00,140.00,209,F,26482,1.3554
9410,P2,CASC,141.15,139.99,209,F,26538,1.3671
9420,P2,CASC,141.30,142.56,207,F,26595,1.3545
9430,P2,CASC,141.45,142.47,208,F,26652,1.3443
9440,P2,CASC,141.60,142.50,208,F,26709,1.3353
9450,P2,CASC,141.75,142.49,208,F,26766,1.3279
9460,P2,CASC,141.90,140.00,210,F,26822,1.3469
9470,P2,CASC,142.05,137.53,211,F,26877,1.3921
9480,P2,CASC,142.20,137.50,211,F,26932,1.4391
9490,P2,CASC,142.35,142.47,209,F,26989,1.4379
9500,P2,CASC,142.50,142.54,209,F,27046,1.4375
9510,P2,CASC,142.65,144.87,208,F,27104,1.4153
9520,P2,CASC,142.80,145.10,208,F,27162,1.3923
9530,P2,CASC,142.95,147.53,206,F,27221,1.3465
9540,P2,CASC,143.10,152.48,202,F,27282,1.2527
9550,P2,CASC,143.25,144.97,208,F,27340,1.2354
9560,P2,CASC,143.40,147.54,206,F,27399,1.1940
9570,P2,CASC,143.55,142.47,210,F,27456,1.2048
9580,P2,CASC,143.70,145.03,208,F,27514,1.1915
9590,P2,CASC,143.85,145.00,209,F,27572,1.1800
9600,P2,CASC,144.00,149.94,205,F,27632,1.1206
9610,P2,CASC,144.15,157.53,199,F,27695,0.9868
9620,P2,CASC,144.30,142.51,210,F,27752,1.0046
9630,P2,CASC,144.45,132.47,214,F,27805,1.1244
9640,P2,CASC,144.60,147.54,207,F,27864,1.0950
9650,P2,CASC,144.75,144.99,210,F,27922,1.0926
9660,P2,CASC,144.90,150.00,206,F,27982,1.0416
9670,P2,CASC,145.05,147.51,208,F,28041,1.0170
9680,P2,CASC,145.20,147.50,208,F,28100,0.9940
9690,P2,CASC,145.35,147.46,208,F,28159,0.9729
9700,P2,CASC,145.50,147.51,208,F,28218,0.9527
9710,P2,CASC,145.65,144.99,211,F,28276,0.9594
9720,P2,CASC,145.80,145.00,211,F,28334,0.9674
9730,P2,CASC,145.95,150.01,207,F,28394,0.9267
9740,P2,CASC,146.10,150.01,207,F,28454,0.8876
9750,P2,CASC,146.25,150.01,207,F,28514,0.8499
9760,P2,CASC,146.40,147.50,209,F,28573,0.8389
9770,P2,CASC,146.55,145.00,211,F,28631,0.8544
9780,P2,CASC,146.70,144.96,211,F,28689,0.8719
9790,P2,CASC,146.85,145.03,212,F,28747,0.8901
9800,P2,CASC,147.00,145.01,212,F,28805,0.9099
9810,P2,CASC,147.15,144.96,212,F,28863,0.9319
9820,P2,CASC,147.30,145.01,212,F,28921,0.9547
9830,P2,CASC,147.45,145.00,212,F,28979,0.9792
9840,P2,CASC,147.60,150.03,209,F,29039,0.9549
9850,P2,CASC,147.75,150.00,210,F,29099,0.9324
9860,P2,CASC,147.90,147.46,212,F,29158,0.9369
9870,P2,CASC,148.05,145.01,213,F,29216,0.9672
9880,P2,CASC,148.20,144.99,213,F,29274,0.9994
9890,P2,CASC,148.35,142.51,214,F,29331,1.0577
9900,P2,CASC,148.50,147.50,213,F,29390,1.0677
9910,P2,CASC,148.65,150.03,211,F,29450,1.0539
9920,P2,CASC,148.80,149.97,211,F,29510,1.0422
9930,P2,CASC,148.95,152.53,210,F,29571,1.0064
9940,P2,CASC,149.10,154.98,208,F,29633,0.9476
9950,P2,CASC,149.25,154.95,208,F,29695,0.8905
9960,P2,CASC,149.40,152.55,210,F,29756,0.8591
9970,P2,CASC,149.55,149.99,212,F,29816,0.8547
9980,P2,CASC,149.70,152.53,210,F,29877,0.8264
9990,P2,CASC,149.85,149.99,212,F,29937,0.8251
10000,P2,CASC,150.00,152.48,211,F,29998,0.8002
10010,P2,CASC,150.00,157.48,206,F,30061,0.7254
10020,P2,CASC,150.00,159.95,204,F,30125,0.6259
10030,P2,CASC,150.00,142.56,215,F,30182,0.7003
10040,P2,CASC,150.00,145.01,214,F,30240,0.7502
10050,P2,CASC,150.00,152.48,210,F,30301,0.7253
10060,P2,CASC,150.00,154.94,208,F,30363,0.6759
10070,P2,CASC,150.00,150.05,212,F,30423,0.6755
10080,P2,CASC,150.00,155.00,208,F,30485,0.6255
10090,P2,CASC,150.00,152.53,210,F,30546,0.6002
10100,P2,CASC,150.00,150.00,212,F,30606,0.6002
10110,P2,CASC,150.00,152.50,210,F,30667,0.5752
10120,P2,CASC,150.00,149.99,212,F,30727,0.5753
10130,P2,CASC,150.00,152.48,210,F,30788,0.5505
10140,P2,CASC,150.00,155.03,208,F,30850,0.5002
10150,P2,CASC,150.00,154.97,208,F,30912,0.4505
10160,P2,CASC,150.00,150.05,212,F,30972,0.4500
10170,P2,CASC,150.00,149.97,212,F,31032,0.4503
10180,P2,CASC,150.00,147.50,213,F,31091,0.4753
10190,P2,CASC,150.00,149.99,212,F,31151,0.4755
10200,P2,CASC,150.00,147.51,213,F,31210,0.5003
10210,P2,CASC,150.00,149.99,212,F,31270,0.5005
10220,P2,CASC,150.00,150.01,212,F,31330,0.5003
10230,P2,CASC,150.00,149.99,212,F,31390,0.5005
10240,P2,CASC,150.00,150.00,212,F,31450,0.5005
10250,P2,CASC,150.00,152.55,210,F,31511,0.4750
10260,P2,CASC,150.00,149.99,212,F,31571,0.4752
10270,P2,CASC,150.00,147.49,213,F,31630,0.5003
10280,P2,CASC,150.00,145.03,213,F,31688,0.5500
10290,P2,CASC,150.00,147.49,213,F,31747,0.5752
10300,P2,CASC,150.00,150.00,212,F,31807,0.5752
10310,P2,CASC,150.00,149.97,212,F,31867,0.5755
10320,P2,CASC,150.00,150.05,212,F,31927,0.5750
10330,P2,CASC,150.00,157.48,206,F,31990,0.5002
10340,P2,CASC,150.00,155.00,208,F,32052,0.4502
10350,P2,CASC,150.00,154.95,208,F,32114,0.4007
10360,P2,CASC,150.00,155.05,207,F,32176,0.3502
10370,P2,CASC,150.00,147.49,212,F,32235,0.3753
10380,P2,CASC,150.00,149.99,212,F,32295,0.3755
10390,P2,CASC,150.00,152.55,209,F,32356,0.3500
10400,P2,CASC,150.00,154.94,207,F,32418,0.3006
10410,P2,CASC,150.00,160.03,203,F,32482,0.2003
10420,P2,CASC,150.00,152.47,209,F,32543,0.1756
10430,P2,CASC,150.00,140.06,214,F,32599,0.2751
10440,P2,CASC,150.00,149.97,211,F,32659,0.2754
10450,P2,CASC,150.00,150.01,211,F,32719,0.2752
10460,P2,CASC,150.00,152.50,209,F,32780,0.2502
10470,P2,CASC,150.00,150.01,211,F,32840,0.2501
10480,P2,CASC,150.00,154.95,207,F,32902,0.2005
10490,P2,CASC,150.00,150.01,211,F,32962,0.2004
10500,P2,CASC,150.00,150.01,211,F,33022,0.2002
10510,P2,CASC,150.00,150.00,211,F,33082,0.2002
10520,P2,CASC,150.00,150.01,211,F,33142,0.2001
10530,P2,CASC,150.00,152.48,209,F,33203,0.1752
10540,P2,CASC,150.00,155.00,207,F,33265,0.1252
10550,P2,CASC,150.00,150.00,211,F,33325,0.1252
10560,P2,CASC,150.00,152.48,209,F,33386,0.1004
10570,P2,CASC,150.00,147.49,212,F,33445,0.1255
10580,P2,CASC,150.00,147.54,212,F,33504,0.1501
10590,P2,CASC,150.00,147.47,212,F,33563,0.1754
10600,P2,CASC,150.00,147.51,212,F,33622,0.2002
10610,P2,CASC,150.00,147.51,212,F,33681,0.2251
10620,P2,CASC,150.00,147.50,212,F,33740,0.2501
10630,P2,CASC,150.00,147.49,212,F,33799,0.2752
10640,P2,CASC,150.00,152.48,209,F,33860,0.2504
10650,P2,CASC,150.00,149.97,211,F,33920,0.2507
10660,P2,CASC,150.00,147.56,212,F,33979,0.2751
10670,P2,CASC,150.00,144.99,213,F,34037,0.3253
10680,P2,CASC,150.00,144.99,213,F,34095,0.3754
10690,P2,CASC,150.00,145.01,213,F,34153,0.4253
10700,P2,CASC,150.00,149.93,212,F,34213,0.4260
10710,P2,CASC,150.00,150.06,211,F,34273,0.4254
10720,P2,CASC,150.00,149.99,212,F,34333,0.4256
10730,P2,CASC,150.00,152.53,210,F,34394,0.4002
10740,P2,CASC,150.00,157.50,206,F,34457,0.3252
10750,P2,CASC,150.00,152.45,209,F,34518,0.3007
10760,P2,CASC,150.00,155.03,207,F,34580,0.2504
10770,P2,CASC,150.00,147.50,212,F,34639,0.2754
10780,P2,CASC,150.00,149.97,211,F,34699,0.2757
10790,P2,CASC,150.00,152.52,209,F,34760,0.2505
10800,P2,CASC,150.00,152.52,209,F,34821,0.2254
10810,P2,CASC,150.00,160.00,203,F,34885,0.1254
10820,P2,CASC,150.00,152.50,209,F,34946,0.1004
10830,P2,CASC,150.00,137.53,215,F,35001,0.2251
10840,P2,CASC,150.00,152.39,209,F,35062,0.2012
10850,P2,CASC,150.00,150.09,211,F,35122,0.2003
10860,P2,CASC,150.00,152.50,209,F,35183,0.1753
10870,P2,CASC,150.00,150.00,211,F,35243,0.1753
10880,P2,CASC,150.00,154.95,207,F,35305,0.1257
10890,P2,CASC,150.00,150.06,211,F,35365,0.1251
10900,P2,CASC,150.00,149.97,211,F,35425,0.1254
10910,P2,CASC,150.00,149.99,211,F,35485,0.1256
10920,P2,CASC,150.00,150.05,211,F,35545,0.1251
10930,P2,CASC,150.00,152.50,209,F,35606,0.1001
10940,P2,CASC,150.00,155.00,207,F,35668,0.0501
10950,P2,CASC,150.00,149.97,211,F,35728,0.0504
10960,P2,CASC,150.00,152.48,209,F,35789,0.0256
10970,P2,CASC,150.00,147.50,211,F,35848,0.0506
10980,P2,CASC,150.00,147.54,211,F,35907,0.0752
10990,P2,CASC,150.00,147.49,212,F,35966,0.1003
11000,P2,CASC,150.00,147.47,212,F,36025,0.1256
11010,P2,CASC,150.00,150.03,211,F,36085,0.1253
11020,P2,CASC,150.00,145.01,212,F,36143,0.1752
11030,P2,CASC,150.00,149.97,211,F,36203,0.1755
11040,P2,CASC,150.00,152.53,209,F,36264,0.1501
11050,P2,CASC,150.00,147.44,212,F,36323,0.1757
11060,P2,CASC,150.00,150.05,211,F,36383,0.1753
11070,P2,CASC,150.00,145.00,213,F,36441,0.2253
11080,P2,CASC,150.00,144.97,213,F,36499,0.2756
11090,P2,CASC,150.00,147.54,212,F,36558,0.3001
11100,P2,CASC,150.00,147.49,212,F,36617,0.3253
11110,P2,CASC,150.00,150.00,211,F,36677,0.3253
11120,P2,CASC,150.00,152.50,209,F,36738,0.3003
11130,P2,CASC,150.00,152.48,209,F,36799,0.2754
11140,P2,CASC,150.00,157.48,205,F,36862,0.2006
11150,P2,CASC,150.00,152.52,209,F,36923,0.1754
11160,P2,CASC,150.00,152.52,209,F,36984,0.1503
11170,P2,CASC,150.00,150.00,211,F,37044,0.1503
11180,P2,CASC,150.00,149.99,211,F,37104,0.1504
11190,P2,CASC,150.00,149.99,211,F,37164,0.1506
11200,P2,CASC,150.00,152.53,209,F,37225,0.1253
11210,P2,CASC,150.00,164.98,199,F,37291,-0.0246
11220,P2,CASC,150.00,150.00,210,F,37351,-0.0246
11230,P2,CASC,150.00,139.97,214,F,37407,0.0757
11240,P2,CASC,150.00,150.01,211,F,37467,0.0756
11250,P2,CASC,150.00,149.99,211,F,37527,0.0757
11260,P2,CASC,150.00,152.50,209,F,37588,0.0507
11270,P2,CASC,150.00,152.53,209,F,37649,0.0254
11280,P2,CASC,150.00,152.53,209,F,37710,0.0001
11290,P2,CASC,150.00,152.50,209,F,37771,-0.0249
11300,P2,CASC,150.00,149.99,210,F,37831,-0.0247
11310,P2,CASC,150.00,150.00,210,F,37891,-0.0247
11320,P2,CASC,150.00,150.00,210,F,37951,-0.0247
11330,P2,CASC,150.00,152.50,208,F,38012,-0.0497
11340,P2,CASC,150.00,152.52,208,F,38073,-0.0749
11350,P2,CASC,150.00,152.50,208,F,38134,-0.0999
11360,P2,CASC,150.00,149.99,210,F,38194,-0.0997
11370,P2,CASC,150.00,147.51,211,F,38253,-0.0749
11380,P2,CASC,150.00,144.94,212,F,38311,-0.0243
11390,P2,CASC,150.00,150.03,210,F,38371,-0.0246
11400,P2,CASC,150.00,145.00,212,F,38429,0.0254
11410,P2,CASC,150.00,147.49,211,F,38488,0.0505
11420,P2,CASC,150.00,147.50,211,F,38547,0.0755
11430,P2,CASC,150.00,147.54,211,F,38606,0.1001
11440,P2,CASC,150.00,152.48,209,F,38667,0.0753
11450,P2,CASC,150.00,147.50,212,F,38726,0.1003
11460,P2,CASC,150.00,149.96,211,F,38786,0.1007
11470,P2,CASC,150.00,142.53,213,F,38843,0.1754
11480,P2,CASC,150.00,145.01,213,F,38901,0.2253
11490,P2,CASC,150.00,147.46,212,F,38960,0.2507
11500,P2,CASC,150.00,147.56,212,F,39019,0.2751
11510,P2,CASC,150.00,149.97,211,F,39079,0.2754
11520,P2,CASC,150.00,149.99,211,F,39139,0.2756
11530,P2,CASC,150.00,155.05,207,F,39201,0.2251
11540,P2,CASC,150.00,157.39,205,F,39264,0.1512
11550,P2,CASC,150.00,150.06,211,F,39324,0.1506
11560,P2,CASC,150.00,152.50,209,F,39385,0.1256
11570,P2,CASC,150.00,150.03,211,F,39445,0.1253
11580,P2,CASC,150.00,149.88,211,F,39505,0.1265
11590,P2,CASC,150.00,150.14,211,F,39565,0.1252
11600,P2,CASC,150.00,154.95,207,F,39627,0.0756
11610,P2,CASC,150.00,162.55,201,F,39692,-0.0499
11620,P2,CASC,150.00,147.47,211,F,39751,-0.0246
11630,P2,CASC,150.00,140.00,214,F,39807,0.0754
11640,P2,CASC,150.00,147.50,212,F,39866,0.1004
11650,P2,CASC,150.00,152.53,209,F,39927,0.0751
11660,P2,CASC,150.00,152.47,209,F,39988,0.0504
11670,P2,CASC,150.00,152.53,209,F,40049,0.0251
11680,P2,CASC,150.00,149.96,211,F,40109,0.0256
11690,P2,CASC,150.00,152.53,209,F,40170,0.0003
11700,P2,CASC,150.00,150.01,210,F,40230,0.0001
11710,P2,CASC,150.00,149.96,211,F,40290,0.0006
11720,P2,CASC,150.00,150.01,210,F,40350,0.0004
11730,P2,CASC,150.00,152.52,208,F,40411,-0.0247
11740,P2,CASC,150.00,152.48,208,F,40472,-0.0496
11750,P2,CASC,150.00,152.48,208,F,40533,-0.0744
11760,P2,CASC,150.00,150.03,210,F,40593,-0.0747
11770,P2,CASC,150.00,147.47,211,F,40652,-0.0494
11780,P2,CASC,150.00,145.00,212,F,40710,0.0006
11790,P2,CASC,150.00,150.00,211,F,40770,0.0006
11800,P2,CASC,150.00,144.99,212,F,40828,0.0507
11810,P2,CASC,150.00,147.53,211,F,40887,0.0754
11820,P2,CASC,150.00,147.50,212,F,40946,0.1004
11830,P2,CASC,150.00,147.50,212,F,41005,0.1254
11840,P2,CASC,150.00,152.47,209,F,41066,0.1007
11850,P2,CASC,150.00,147.51,212,F,41125,0.1256
11860,P2,CASC,150.00,150.01,211,F,41185,0.1254
11870,P2,CASC,150.00,142.50,213,F,41242,0.2004
11880,P2,CASC,150.00,144.99,213,F,41300,0.2506
11890,P2,CASC,150.00,147.53,212,F,41359,0.2753
11900,P2,CASC,150.00,147.47,212,F,41418,0.3006
11910,P2,CASC,150.00,150.01,211,F,41478,0.3004
11920,P2,CASC,150.00,149.99,211,F,41538,0.3006
11930,P2,CASC,150.00,155.00,207,F,41600,0.2506
11940,P2,CASC,150.00,157.52,205,F,41663,0.1754
11950,P2,CASC,150.00,150.01,211,F,41723,0.1753
11960,P2,CASC,150.00,152.50,209,F,41784,0.1503
11970,P2,CASC,150.00,150.00,211,F,41844,0.1503
11980,P2,CASC,150.00,147.50,212,F,41903,0.1753
11990,P2,CASC,150.00,152.50,209,F,41964,0.1503
12000,P2,CASC,150.00,152.48,209,F,42025,0.1254
12010,P2,CASC,150.00,162.53,201,F,42090,0.0001
12020,P2,CASC,150.00,149.94,211,F,42150,0.0007
12030,P2,CASC,150.00,137.54,214,F,42205,0.1253
12040,P2,CASC,150.00,149.96,211,F,42265,0.1257
12050,P2,CASC,150.00,152.56,209,F,42326,0.1001
12060,P2,CASC,150.00,152.47,209,F,42387,0.0754
12070,P2,CASC,150.00,150.03,211,F,42447,0.0751
12080,P2,CASC,150.00,152.48,209,F,42508,0.0503
12090,P2,CASC,150.00,149.96,211,F,42568,0.0507
12100,P2,CASC,150.00,150.05,211,F,42628,0.0503
12110,P2,CASC,150.00,149.99,211,F,42688,0.0504
12120,P2,CASC,150.00,152.47,209,F,42749,0.0257
12130,P2,CASC,150.00,152.42,209,F,42810,0.0015
12140,P2,CASC,150.00,152.61,208,F,42871,-0.0246
12150,P2,CASC,150.00,152.52,208,F,42932,-0.0497
12160,P2,CASC,150.00,150.00,210,F,42992,-0.0497
12170,P2,CASC,150.00,147.50,211,F,43051,-0.0247
12180,P2,CASC,150.00,145.00,212,F,43109,0.0253
12190,P2,CASC,150.00,149.96,211,F,43169,0.0257
12200,P2,CASC,150.00,145.03,212,F,43227,0.0754
12210,P2,CASC,150.00,147.49,212,F,43286,0.1006
12220,P2,CASC,150.00,147.50,212,F,43345,0.1256
12230,P2,CASC,150.00,147.50,212,F,43404,0.1506
12240,P2,CASC,150.00,152.50,209,F,43465,0.1256
12250,P2,CASC,150.00,150.00,211,F,43525,0.1256
12260,P2,CASC,150.00,147.54,212,F,43584,0.1501
12270,P2,CASC,150.00,145.00,213,F,43642,0.2001
12280,P2,CASC,150.00,142.50,213,F,43699,0.2751
12290,P2,CASC,150.00,147.46,212,F,43758,0.3006
12300,P2,CASC,150.00,147.51,212,F,43817,0.3254
12310,P2,CASC,150.00,150.00,211,F,43877,0.3254
12320,P2,CASC,150.00,152.48,209,F,43938,0.3006
12330,P2,CASC,150.00,152.50,209,F,43999,0.2756
12340,P2,CASC,150.00,157.52,205,F,44062,0.2004
12350,P2,CASC,150.00,150.00,211,F,44122,0.2004
12360,P2,CASC,150.00,152.50,209,F,44183,0.1754
12370,P2,CASC,150.00,149.91,211,F,44243,0.1763
12380,P2,CASC,150.00,147.59,212,F,44302,0.2004
12390,P2,CASC,150.00,152.47,209,F,44363,0.1757
12400,P2,CASC,150.00,152.50,209,F,44424,0.1507
12410,P2,CASC,150.00,162.53,201,F,44489,0.0254
12420,P2,CASC,150.00,147.47,211,F,44548,0.0507
12430,P2,CASC,150.00,140.00,214,F,44604,0.1507
12440,P2,CASC,150.00,150.01,211,F,44664,0.1506
12450,P2,CASC,150.00,150.03,211,F,44724,0.1503
12460,P2,CASC,150.00,154.98,207,F,44786,0.1004
12470,P2,CASC,150.00,149.99,211,F,44846,0.1006
12480,P2,CASC,150.00,152.55,209,F,44907,0.0751
12490,P2,CASC,150.00,149.96,211,F,44967,0.0756
12500,P2,CASC,150.00,150.00,211,F,45027,0.0756
12510,P2,CASC,150.00,150.01,211,F,45087,0.0754
12520,P2,CASC,150.00,150.03,211,F,45147,0.0751
12530,P2,CASC,150.00,152.50,209,F,45208,0.0501
12540,P2,CASC,150.00,154.95,207,F,45270,0.0006
12550,P2,CASC,150.00,150.00,211,F,45330,0.0006
12560,P2,CASC,150.00,152.55,208,F,45391,-0.0249
12570,P2,CASC,150.00,147.46,211,F,45450,0.0006
12580,P2,CASC,150.00,147.50,211,F,45509,0.0256
12590,P2,CASC,150.00,147.53,211,F,45568,0.0503
12600,P2,CASC,150.00,147.46,211,F,45627,0.0757
12610,P2,CASC,150.00,147.50,212,F,45686,0.1007
12620,P2,CASC,150.00,147.56,212,F,45745,0.1251
12630,P2,CASC,150.00,147.49,212,F,45804,0.1503
12640,P2,CASC,150.00,152.45,209,F,45865,0.1257
12650,P2,CASC,150.00,150.03,211,F,45925,0.1254
12660,P2,CASC,150.00,147.51,212,F,45984,0.1503
12670,P2,CASC,150.00,144.99,213,F,46042,0.2004
12680,P2,CASC,150.00,145.00,213,F,46100,0.2504
12690,P2,CASC,150.00,147.51,212,F,46159,0.2753
12700,P2,CASC,150.00,147.49,212,F,46218,0.3004
12710,P2,CASC,150.00,149.99,211,F,46278,0.3006
12720,P2,CASC,150.00,152.55,209,F,46339,0.2751
12730,P2,CASC,150.00,152.47,209,F,46400,0.2504
12740,P2,CASC,150.00,157.52,205,F,46463,0.1753
12750,P2,CASC,150.00,152.47,209,F,46524,0.1506
12760,P2,CASC,150.00,152.53,209,F,46585,0.1253
12770,P2,CASC,150.00,147.47,212,F,46644,0.1506
12780,P2,CASC,150.00,150.05,211,F,46704,0.1501
12790,P2,CASC,150.00,152.48,209,F,46765,0.1253
12800,P2,CASC,150.00,150.01,211,F,46825,0.1251
12810,P2,CASC,150.00,162.45,201,F,46890,0.0006
12820,P2,CASC,150.00,152.53,208,F,46951,-0.0247
12830,P2,CASC,150.00,137.47,214,F,47006,0.1006
12840,P2,CASC,150.00,150.03,211,F,47066,0.1003
12850,P2,CASC,150.00,152.52,209,F,47127,0.0751
12860,P2,CASC,150.00,152.47,209,F,47188,0.0504
12870,P2,CASC,150.00,150.03,211,F,47248,0.0501
12880,P2,CASC,150.00,152.48,209,F,47309,0.0253
12890,P2,CASC,150.00,152.52,209,F,47370,0.0001
12900,P2,CASC,150.00,147.50,211,F,47429,0.0251
12910,P2,CASC,150.00,149.94,211,F,47489,0.0257
12920,P2,CASC,150.00,150.03,211,F,47549,0.0254
12930,P2,CASC,150.00,152.53,209,F,47610,0.0001
12940,P2,CASC,150.00,155.00,207,F,47672,-0.0499
12950,P2,CASC,150.00,149.96,210,F,47732,-0.0494
12960,P2,CASC,150.00,152.48,208,F,47793,-0.0743
12970,P2,CASC,150.00,147.56,211,F,47852,-0.0499
12980,P2,CASC,150.00,144.96,212,F,47910,0.0006
12990,P2,CASC,150.00,150.01,210,F,47970,0.0004
13000,P2,CASC,150.00,144.99,212,F,48028,0.0506
13010,P2,CASC,150.00,147.51,211,F,48087,0.0754
13020,P2,CASC,150.00,147.47,212,F,48146,0.1007
13030,P2,CASC,150.00,147.53,212,F,48205,0.1254
13040,P2,CASC,150.00,152.52,209,F,48266,0.1003
13050,P2,CASC,150.00,147.50,212,F,48325,0.1253
13060,P2,CASC,150.00,149.97,211,F,48385,0.1256
13070,P2,CASC,150.00,142.51,213,F,48442,0.2004
13080,P2,CASC,150.00,144.99,213,F,48500,0.2506
13090,P2,CASC,150.00,147.51,212,F,48559,0.2754
13100,P2,CASC,150.00,147.53,212,F,48618,0.3001
13110,P2,CASC,150.00,150.00,211,F,48678,0.3001
13120,P2,CASC,150.00,149.94,211,F,48738,0.3007
13130,P2,CASC,150.00,155.06,207,F,48800,0.2501
13140,P2,CASC,150.00,157.44,205,F,48863,0.1757
13150,P2,CASC,150.00,150.01,211,F,48923,0.1756
13160,P2,CASC,150.00,155.05,207,F,48985,0.1251
13170,P2,CASC,150.00,147.47,212,F,49044,0.1504
13180,P2,CASC,150.00,150.01,211,F,49104,0.1502
13190,P2,CASC,150.00,149.96,211,F,49164,0.1507
13200,P2,CASC,150.00,155.02,207,F,49226,0.1005
13210,P2,CASC,150.00,162.55,201,F,49291,-0.0249
13220,P2,CASC,150.00,147.49,211,F,49350,0.0002
13230,P2,CASC,150.00,137.49,214,F,49405,0.1253
13240,P2,CASC,150.00,152.48,209,F,49466,0.1005
13250,P2,CASC,150.00,150.01,211,F,49526,0.1003
13260,P2,CASC,150.00,155.03,207,F,49588,0.0500
13270,P2,CASC,150.00,147.46,211,F,49647,0.0755
13280,P2,CASC,150.00,152.50,209,F,49708,0.0505
13290,P2,CASC,150.00,152.55,209,F,49769,0.0250
13300,P2,CASC,150.00,149.97,211,F,49829,0.0253
13310,P2,CASC,150.00,149.99,211,F,49889,0.0255
13320,P2,CASC,150.00,149.91,211,F,49949,0.0264
13330,P2,CASC,150.00,150.11,210,F,50009,0.0253
13340,P2,CASC,150.00,155.00,207,F,50071,-0.0247
13350,P2,CASC,150.00,150.03,210,F,50131,-0.0250
13360,P2,CASC,150.00,152.47,208,F,50192,-0.0497
13370,P2,CASC,150.00,147.53,211,F,50251,-0.0250
13380,P2,CASC,150.00,147.37,211,F,50310,0.0014
13390,P2,CASC,150.00,147.57,211,F,50369,0.0256
13400,P2,CASC,150.00,145.01,212,F,50427,0.0755
13410,P2,CASC,150.00,150.05,211,F,50487,0.0750
13420,P2,CASC,150.00,144.97,212,F,50545,0.1253
13430,P2,CASC,150.00,147.49,212,F,50604,0.1505
13440,P2,CASC,150.00,152.50,209,F,50665,0.1255
13450,P2,CASC,150.00,150.01,211,F,50725,0.1253
13460,P2,CASC,150.00,147.47,212,F,50784,0.1506
13470,P2,CASC,150.00,145.03,213,F,50842,0.2003
13480,P2,CASC,150.00,145.00,213,F,50900,0.2503
13490,P2,CASC,150.00,145.00,213,F,50958,0.3003
13500,P2,CASC,150.00,150.00,211,F,51018,0.3003
13510,P2,CASC,150.00,150.03,211,F,51078,0.3000
13520,P2,CASC,150.00,149.97,211,F,51138,0.3003
13530,P2,CASC,150.00,152.52,209,F,51199,0.2752
13540,P2,CASC,150.00,159.94,203,F,51263,0.1758
13550,P2,CASC,150.00,150.08,211,F,51323,0.1750
13560,P2,CASC,150.00,155.00,207,F,51385,0.1250
13570,P2,CASC,150.00,147.47,212,F,51444,0.1503
13580,P2,CASC,150.00,149.99,211,F,51504,0.1505
13590,P2,CASC,150.00,152.50,209,F,51565,0.1255
13600,P2,CASC,150.00,152.52,209,F,51626,0.1003
13610,P2,CASC,150.00,162.48,201,F,51691,-0.0245
13620,P2,CASC,150.00,150.01,210,F,51751,-0.0246
13630,P2,CASC,150.00,137.50,214,F,51806,0.1004
13640,P2,CASC,150.00,152.47,209,F,51867,0.0757
13650,P2,CASC,150.00,150.06,211,F,51927,0.0751
13660,P2,CASC,150.00,152.50,209,F,51988,0.0501
13670,P2,CASC,150.00,149.99,211,F,52048,0.0502
13680,P2,CASC,150.00,152.47,209,F,52109,0.0255
13690,P2,CASC,150.00,152.53,209,F,52170,0.0002
13700,P2,CASC,150.00,149.99,211,F,52230,0.0004
13710,P2,CASC,150.00,149.97,211,F,52290,0.0007
13720,P2,CASC,150.00,152.50,209,F,52351,-0.0243
13730,P2,CASC,150.00,152.55,208,F,52412,-0.0498
13740,P2,CASC,150.00,154.97,206,F,52474,-0.0995
13750,P2,CASC,150.00,150.05,210,F,52534,-0.0999
13760,P2,CASC,150.00,149.96,210,F,52594,-0.0995
13770,P2,CASC,150.00,147.53,211,F,52653,-0.0748
13780,P2,CASC,150.00,147.46,211,F,52712,-0.0493
13790,P2,CASC,150.00,147.50,211,F,52771,-0.0243
13800,P2,CASC,150.00,147.51,211,F,52830,0.0005
13810,P2,CASC,150.00,147.54,211,F,52889,0.0251
13820,P2,CASC,150.00,147.46,211,F,52948,0.0505
13830,P2,CASC,150.00,147.51,211,F,53007,0.0754
13840,P2,CASC,150.00,152.50,209,F,53068,0.0504
13850,P2,CASC,150.00,147.50,211,F,53127,0.0754
13860,P2,CASC,150.00,150.00,211,F,53187,0.0754
13870,P2,CASC,150.00,145.01,212,F,53245,0.1252
13880,P2,CASC,150.00,142.49,213,F,53302,0.2004
13890,P2,CASC,150.00,147.50,212,F,53361,0.2254
13900,P2,CASC,150.00,147.50,212,F,53420,0.2504
13910,P2,CASC,150.00,150.00,211,F,53480,0.2504
13920,P2,CASC,150.00,152.48,209,F,53541,0.2255
13930,P2,CASC,150.00,152.52,209,F,53602,0.2004
13940,P2,CASC,150.00,157.52,205,F,53665,0.1252
13950,P2,CASC,150.00,152.50,209,F,53726,0.1002
13960,P2,CASC,150.00,152.48,209,F,53787,0.0754
13970,P2,CASC,150.00,147.53,211,F,53846,0.1001
13980,P2,CASC,150.00,149.99,211,F,53906,0.1002
13990,P2,CASC,150.00,152.47,209,F,53967,0.0755
14000,P2,CASC,150.00,150.01,211,F,54027,0.0754
14010,P2,CASC,150.00,157.52,205,F,54090,0.0002
14020,P2,CASC,150.00,157.47,205,F,54153,-0.0745
14030,P2,CASC,150.00,137.54,214,F,54208,0.0501
14040,P2,CASC,150.00,152.50,209,F,54269,0.0251
14050,P2,CASC,150.00,149.99,211,F,54329,0.0253
14060,P2,CASC,150.00,152.47,209,F,54390,0.0006
14070,P2,CASC,150.00,149.99,211,F,54450,0.0007
14080,P2,CASC,150.00,152.53,208,F,54511,-0.0246
14090,P2,CASC,150.00,152.47,208,F,54572,-0.0493
14100,P2,CASC,150.00,150.06,210,F,54632,-0.0499
14110,P2,CASC,150.00,149.96,210,F,54692,-0.0494
14120,P2,CASC,150.00,150.00,210,F,54752,-0.0494
14130,P2,CASC,150.00,150.05,210,F,54812,-0.0499
14140,P2,CASC,150.00,154.97,206,F,54874,-0.0996
14150,P2,CASC,150.00,149.97,210,F,54934,-0.0993
14160,P2,CASC,150.00,152.52,208,F,54995,-0.1244
14170,P2,CASC,150.00,145.00,212,F,55053,-0.0744
14180,P2,CASC,150.00,147.54,211,F,55112,-0.0499
14190,P2,CASC,150.00,147.50,211,F,55171,-0.0249
14200,P2,CASC,150.00,145.00,212,F,55229,0.0251
14210,P2,CASC,150.00,147.46,211,F,55288,0.0506
14220,P2,CASC,150.00,147.51,211,F,55347,0.0754
14230,P2,CASC,150.00,147.50,212,F,55406,0.1004
14240,P2,CASC,150.00,152.52,209,F,55467,0.0753
14250,P2,CASC,150.00,147.47,212,F,55526,0.1006
14260,P2,CASC,150.00,150.00,211,F,55586,0.1006
14270,P2,CASC,150.00,142.54,213,F,55643,0.1751
14280,P2,CASC,150.00,144.96,213,F,55701,0.2256
14290,P2,CASC,150.00,147.51,212,F,55760,0.2504
14300,P2,CASC,150.00,147.51,212,F,55819,0.2753
14310,P2,CASC,150.00,149.96,211,F,55879,0.2757
14320,P2,CASC,150.00,150.01,211,F,55939,0.2756
14330,P2,CASC,150.00,155.02,207,F,56001,0.2254
14340,P2,CASC,150.00,154.98,207,F,56063,0.1756
14350,P2,CASC,150.00,152.48,209,F,56124,0.1507
14360,P2,CASC,150.00,154.98,207,F,56186,0.1009
14370,P2,CASC,150.00,147.54,212,F,56245,0.1254
14380,P2,CASC,150.00,147.49,212,F,56304,0.1506
14390,P2,CASC,150.00,152.50,209,F,56365,0.1256
14400,P2,CASC,150.00,152.53,209,F,56426,0.1003
14410,P2,CASC,150.00,157.47,205,F,56489,0.0256
14420,P2,CASC,150.00,154.98,207,F,56551,-0.0242
14430,P2,CASC,150.00,140.01,214,F,56607,0.0756
14440,P2,CASC,150.00,150.00,211,F,56667,0.0756
14450,P2,CASC,150.00,149.99,211,F,56727,0.0758
14460,P2,CASC,150.00,152.53,209,F,56788,0.0505
14470,P2,CASC,150.00,152.50,209,F,56849,0.0255
14480,P2,CASC,150.00,149.99,211,F,56909,0.0256
14490,P2,CASC,150.00,152.53,209,F,56970,0.0003
14500,P2,CASC,150.00,150.01,210,F,57030,0.0002
14510,P2,CASC,150.00,150.00,211,F,57090,0.0002
14520,P2,CASC,150.00,149.97,211,F,57150,0.0005
14530,P2,CASC,150.00,152.53,208,F,57211,-0.0249
14540,P2,CASC,150.00,154.95,206,F,57273,-0.0744
14550,P2,CASC,150.00,150.03,210,F,57333,-0.0747
14560,P2,CASC,150.00,149.96,210,F,57393,-0.0742
14570,P2,CASC,150.00,147.50,211,F,57452,-0.0492
14580,P2,CASC,150.00,147.56,211,F,57511,-0.0248
14590,P2,CASC,150.00,147.50,211,F,57570,0.0002
14600,P2,CASC,150.00,147.47,211,F,57629,0.0255
14610,P2,CASC,150.00,147.50,211,F,57688,0.0505
14620,P2,CASC,150.00,147.50,211,F,57747,0.0755
14630,P2,CASC,150.00,147.49,212,F,57806,0.1006
14640,P2,CASC,150.00,152.50,209,F,57867,0.0756
14650,P2,CASC,150.00,147.53,211,F,57926,0.1003
14660,P2,CASC,150.00,147.46,212,F,57985,0.1258
14670,P2,CASC,150.00,145.01,212,F,58043,0.1756
14680,P2,CASC,150.00,142.51,213,F,58100,0.2505
14690,P2,CASC,150.00,147.53,212,F,58159,0.2752
14700,P2,CASC,150.00,147.50,212,F,58218,0.3002
14710,P2,CASC,150.00,149.99,211,F,58278,0.3003
14720,P2,CASC,150.00,152.50,209,F,58339,0.2753
14730,P2,CASC,150.00,152.50,209,F,58400,0.2503
14740,P2,CASC,150.00,157.47,205,F,58463,0.1756
14750,P2,CASC,150.00,150.05,211,F,58523,0.1752
14760,P2,CASC,150.00,154.98,207,F,58585,0.1254
14770,P2,CASC,150.00,147.47,212,F,58644,0.1506
14780,P2,CASC,150.00,150.01,211,F,58704,0.1505
14790,P2,CASC,150.00,150.01,211,F,58764,0.1503
14800,P2,CASC,150.00,149.97,211,F,58824,0.1506
14810,P2,CASC,150.00,160.00,203,F,58888,0.0506
14820,P2,CASC,150.00,157.53,205,F,58951,-0.0247
14830,P2,CASC,150.00,137.47,214,F,59006,0.1006
14840,P2,CASC,150.00,150.00,211,F,59066,0.1006
14850,P2,CASC,150.00,150.03,211,F,59126,0.1003
14860,P2,CASC,150.00,152.45,209,F,59187,0.0758
14870,P2,CASC,150.00,152.53,209,F,59248,0.0505
14880,P2,CASC,150.00,149.99,211,F,59308,0.0506
14890,P2,CASC,150.00,152.55,209,F,59369,0.0252
14900,P2,CASC,150.00,149.96,211,F,59429,0.0256
14910,P2,CASC,150.00,150.05,211,F,59489,0.0252
14920,P2,CASC,150.00,149.97,211,F,59549,0.0255
14930,P2,CASC,150.00,152.52,209,F,59610,0.0003
14940,P2,CASC,150.00,154.98,207,F,59672,-0.0495
14950,P2,CASC,150.00,150.03,210,F,59732,-0.0498
14960,P2,CASC,150.00,152.48,208,F,59793,-0.0747
14970,P2,CASC,150.00,144.96,212,F,59851,-0.0243
14980,P2,CASC,150.00,147.54,211,F,59910,0.0003
14990,P2,CASC,150.00,150.00,211,F,59970,0.0003
15000,P2,CASC,150.00,144.97,212,F,60028,0.0506
15010,P2,CASC,149.85,147.50,211,F,60087,0.0741
15020,P2,CASC,149.70,147.53,211,F,60146,0.0958
15030,P2,CASC,149.55,147.50,211,F,60205,0.1163
15040,P2,CASC,149.40,152.50,208,F,60266,0.0853
15050,P2,CASC,149.25,147.50,211,F,60325,0.1028
15060,P2,CASC,149.10,149.97,209,F,60385,0.0941
15070,P2,CASC,148.95,142.50,212,F,60442,0.1586
15080,P2,CASC,148.80,145.04,211,F,60500,0.1962
15090,P2,CASC,148.65,144.97,211,F,60558,0.2329
15100,P2,CASC,148.50,147.50,211,F,60617,0.2429
15110,P2,CASC,148.35,147.49,210,F,60676,0.2516
15120,P2,CASC,148.20,150.00,209,F,60736,0.2336
15130,P2,CASC,148.05,152.50,206,F,60797,0.1891
15140,P2,CASC,147.90,154.98,204,F,60859,0.1182
15150,P2,CASC,147.75,152.47,206,F,60920,0.0711
15160,P2,CASC,147.60,150.06,207,F,60980,0.0465
15170,P2,CASC,147.45,144.97,210,F,61038,0.0712
15180,P2,CASC,147.30,147.56,209,F,61097,0.0687
15190,P2,CASC,147.15,149.99,207,F,61157,0.0403
15200,P2,CASC,147.00,149.97,206,F,61217,0.0106
15210,P2,CASC,146.85,160.00,198,F,61281,-0.1209
15220,P2,CASC,146.70,147.54,207,F,61340,-0.1293
15230,P2,CASC,146.55,134.99,212,F,61394,-0.0137
15240,P2,CASC,146.40,144.99,209,F,61452,0.0004
15250,P2,CASC,146.25,147.53,207,F,61511,-0.0124
15260,P2,CASC,146.10,149.97,205,F,61571,-0.0511
15270,P2,CASC,145.95,147.53,207,F,61630,-0.0668
15280,P2,CASC,145.80,147.41,206,F,61689,-0.0830
15290,P2,CASC,145.65,145.09,208,F,61747,-0.0773
15300,P2,CASC,145.50,147.49,206,F,61806,-0.0972
15310,P2,CASC,145.35,145.01,207,F,61864,-0.0938
15320,P2,CASC,145.20,142.49,208,F,61921,-0.0667
15330,P2,CASC,145.05,147.47,205,F,61980,-0.0909
15340,P2,CASC,144.90,147.53,205,F,62039,-0.1172
15350,P2,CASC,144.75,147.49,205,F,62098,-0.1445
15360,P2,CASC,144.60,144.99,206,F,62156,-0.1484
15370,P2,CASC,144.45,145.04,206,F,62214,-0.1543
15380,P2,CASC,144.30,139.94,208,F,62270,-0.1108
15390,P2,CASC,144.15,140.03,208,F,62326,-0.0696
15400,P2,CASC,144.00,142.53,207,F,62383,-0.0548
15410,P2,CASC,143.85,139.97,208,F,62439,-0.0161
15420,P2,CASC,143.70,142.49,207,F,62496,-0.0039
15430,P2,CASC,143.55,140.04,207,F,62552,0.0312
15440,P2,CASC,143.40,142.44,207,F,62609,0.0407
15450,P2,CASC,143.25,145.04,205,F,62667,0.0228
15460,P2,CASC,143.10,142.43,206,F,62724,0.0295
15470,P2,CASC,142.95,140.06,207,F,62780,0.0585
15480,P2,CASC,142.80,137.47,208,F,62835,0.1117
15490,P2,CASC,142.65,137.54,208,F,62890,0.1628
15500,P2,CASC,142.50,137.51,208,F,62945,0.2127
15510,P2,CASC,142.35,142.50,206,F,63002,0.2112
15520,P2,CASC,142.20,142.47,206,F,63059,0.2085
15530,P2,CASC,142.05,139.97,207,F,63115,0.2292
15540,P2,CASC,141.90,145.06,203,F,63173,0.1977
15550,P2,CASC,141.75,145.00,203,F,63231,0.1652
15560,P2,CASC,141.60,147.50,201,F,63290,0.1062
15570,P2,CASC,141.45,142.44,204,F,63347,0.0962
15580,P2,CASC,141.30,140.06,206,F,63403,0.1087
15590,P2,CASC,141.15,139.96,206,F,63459,0.1206
15600,P2,CASC,141.00,139.99,205,F,63515,0.1307
15610,P2,CASC,140.85,142.54,204,F,63572,0.1138
15620,P2,CASC,140.70,145.01,201,F,63630,0.0707
15630,P2,CASC,140.55,152.48,195,F,63691,-0.0487
15640,P2,CASC,140.40,139.97,204,F,63747,-0.0444
15650,P2,CASC,140.25,127.54,208,F,63798,0.0827
15660,P2,CASC,140.10,137.49,205,F,63853,0.1088
15670,P2,CASC,139.95,142.50,202,F,63910,0.0833
15680,P2,CASC,139.80,142.50,202,F,63967,0.0563
15690,P2,CASC,139.65,139.99,204,F,64023,0.0530
15700,P2,CASC,139.50,139.97,204,F,64079,0.0483
15710,P2,CASC,139.35,140.03,203,F,64135,0.0415
15720,P2,CASC,139.20,139.99,203,F,64191,0.0336
15730,P2,CASC,139.05,137.50,204,F,64246,0.0491
15740,P2,CASC,138.90,137.53,204,F,64301,0.0628
15750,P2,CASC,138.75,139.97,202,F,64357,0.0506
15760,P2,CASC,138.60,140.00,202,F,64413,0.0366
15770,P2,CASC,138.45,142.53,200,F,64470,-0.0042
15780,P2,CASC,138.30,137.50,203,F,64525,0.0038
15790,P2,CASC,138.15,140.00,201,F,64581,-0.0147
15800,P2,CASC,138.00,134.97,204,F,64635,0.0156
15810,P2,CASC,137.85,132.49,204,F,64688,0.0692
15820,P2,CASC,137.70,135.03,204,F,64742,0.0960
15830,P2,CASC,137.55,135.01,204,F,64796,0.1213
15840,P2,CASC,137.40,132.50,204,F,64849,0.1703
15850,P2,CASC,137.25,135.01,204,F,64903,0.1927
15860,P2,CASC,137.10,134.99,203,F,64957,0.2138
15870,P2,CASC,136.95,134.97,203,F,65011,0.2336
15880,P2,CASC,136.80,137.49,202,F,65066,0.2267
15890,P2,CASC,136.65,135.05,203,F,65120,0.2427
15900,P2,CASC,136.50,134.96,203,F,65174,0.2581
15910,P2,CASC,136.35,132.54,204,F,65227,0.2962
15920,P2,CASC,136.20,129.99,204,F,65279,0.3583
15930,P2,CASC,136.05,130.00,205,F,65331,0.4188
15940,P2,CASC,135.90,135.01,203,F,65385,0.4277
15950,P2,CASC,135.75,134.95,203,F,65439,0.4358
15960,P2,CASC,135.60,135.01,203,F,65493,0.4416
15970,P2,CASC,135.45,135.01,203,F,65547,0.4460
15980,P2,CASC,135.30,140.00,198,F,65603,0.3990
15990,P2,CASC,135.15,140.03,198,F,65659,0.3502
16000,P2,CASC,135.00,137.50,200,F,65714,0.3252
16010,P2,CASC,134.85,137.50,199,F,65769,0.2987
16020,P2,CASC,134.70,132.50,202,F,65822,0.3207
16030,P2,CASC,134.55,134.96,201,F,65876,0.3166
16040,P2,CASC,134.40,130.00,203,F,65928,0.3606
16050,P2,CASC,134.25,137.54,199,F,65983,0.3277
16060,P2,CASC,134.10,137.46,198,F,66038,0.2941
16070,P2,CASC,133.95,144.99,192,F,66096,0.1838
16080,P2,CASC,133.80,130.04,202,F,66148,0.2214
16090,P2,CASC,133.65,125.00,203,F,66198,0.3079
16100,P2,CASC,133.50,132.49,201,F,66251,0.3180
16110,P2,CASC,133.35,132.49,201,F,66304,0.3266
16120,P2,CASC,133.20,137.50,197,F,66359,0.2836
16130,P2,CASC,133.05,132.50,201,F,66412,0.2891
16140,P2,CASC,132.90,132.50,201,F,66465,0.2931
16150,P2,CASC,132.75,134.99,198,F,66519,0.2708
16160,P2,CASC,132.60,132.53,200,F,66572,0.2715
16170,P2,CASC,132.45,132.49,200,F,66625,0.2711
16180,P2,CASC,132.30,132.53,200,F,66678,0.2689
16190,P2,CASC,132.15,130.01,201,F,66730,0.2902
16200,P2,CASC,132.00,132.46,199,F,66783,0.2856
16210,P2,CASC,131.85,134.95,197,F,66837,0.2547
16220,P2,CASC,131.70,132.58,199,F,66890,0.2459
16230,P2,CASC,131.55,132.49,199,F,66943,0.2365
16240,P2,CASC,131.40,130.03,200,F,66995,0.2502
16250,P2,CASC,131.25,127.45,200,F,67046,0.2883
16260,P2,CASC,131.10,130.04,200,F,67098,0.2989
16270,P2,CASC,130.95,127.50,200,F,67149,0.3334
16280,P2,CASC,130.80,127.49,200,F,67200,0.3665
16290,P2,CASC,130.65,127.47,200,F,67251,0.3982
16300,P2,CASC,130.50,127.51,200,F,67302,0.4281
16310,P2,CASC,130.35,127.49,200,F,67353,0.4567
16320,P2,CASC,130.20,127.55,200,F,67404,0.4832
16330,P2,CASC,130.05,129.95,199,F,67456,0.4843
16340,P2,CASC,129.90,130.05,199,F,67508,0.4827
16350,P2,CASC,129.75,127.46,200,F,67559,0.5056
16360,P2,CASC,129.60,125.04,200,F,67609,0.5512
16370,P2,CASC,129.45,124.95,200,F,67659,0.5962
16380,P2,CASC,129.30,122.52,201,F,67708,0.6640
16390,P2,CASC,129.15,127.51,200,F,67759,0.6804
16400,P2,CASC,129.00,125.00,200,F,67809,0.7204
16410,P2,CASC,128.85,129.99,198,F,67861,0.7090
16420,P2,CASC,128.70,127.47,199,F,67912,0.7213
16430,P2,CASC,128.55,130.01,197,F,67964,0.7066
16440,P2,CASC,128.40,130.04,197,F,68016,0.6902
16450,P2,CASC,128.25,132.50,195,F,68069,0.6477
16460,P2,CASC,128.10,129.92,197,F,68121,0.6295
16470,P2,CASC,127.95,127.58,198,F,68172,0.6333
16480,P2,CASC,127.80,127.50,198,F,68223,0.6363
16490,P2,CASC,127.65,127.46,198,F,68274,0.6381
16500,P2,CASC,127.50,125.01,199,F,68324,0.6630
16510,P2,CASC,127.35,127.49,198,F,68375,0.6616
16520,P2,CASC,127.20,127.54,197,F,68426,0.6583
16530,P2,CASC,127.05,137.45,189,F,68481,0.5543
16540,P2,CASC,126.90,132.55,193,F,68534,0.4978
16550,P2,CASC,126.75,119.96,199,F,68582,0.5656
16560,P2,CASC,126.60,117.51,200,F,68629,0.6565
16570,P2,CASC,126.45,127.51,196,F,68680,0.6459
16580,P2,CASC,126.30,127.47,196,F,68731,0.6341
16590,P2,CASC,126.15,127.49,196,F,68782,0.6208
16600,P2,CASC,126.00,127.54,195,F,68833,0.6054
16610,P2,CASC,125.85,127.50,195,F,68884,0.5889
16620,P2,CASC,125.70,124.98,197,F,68934,0.5961
16630,P2,CASC,125.55,125.00,197,F,68984,0.6016
16640,P2,CASC,125.40,122.51,197,F,69033,0.6305
16650,P2,CASC,125.25,127.42,194,F,69084,0.6088
16660,P2,CASC,125.10,122.59,197,F,69133,0.6339
16670,P2,CASC,124.95,125.01,196,F,69183,0.6333
16680,P2,CASC,124.80,124.98,196,F,69233,0.6315
16690,P2,CASC,124.65,127.50,194,F,69284,0.6030
16700,P2,CASC,124.50,122.49,197,F,69333,0.6232
16710,P2,CASC,124.35,127.50,193,F,69384,0.5917
16720,P2,CASC,124.20,120.01,197,F,69432,0.6335
16730,P2,CASC,124.05,120.00,197,F,69480,0.6740
16740,P2,CASC,123.90,120.00,197,F,69528,0.7130
16750,P2,CASC,123.75,122.50,196,F,69577,0.7255
16760,P2,CASC,123.60,117.49,198,F,69624,0.7867
16770,P2,CASC,123.45,122.51,196,F,69673,0.7960
16780,P2,CASC,123.30,120.02,197,F,69721,0.8288
16790,P2,CASC,123.15,119.99,197,F,69769,0.8604
16800,P2,CASC,123.00,122.46,196,F,69818,0.8658
16810,P2,CASC,122.85,125.03,194,F,69868,0.8440
16820,P2,CASC,122.70,122.48,195,F,69917,0.8463
16830,P2,CASC,122.55,120.00,196,F,69965,0.8718
16840,P2,CASC,122.40,117.54,197,F,70012,0.9204
16850,P2,CASC,122.25,117.50,197,F,70059,0.9679
16860,P2,CASC,122.10,117.48,197,F,70106,1.0142
16870,P2,CASC,121.95,117.54,197,F,70153,1.0583
16880,P2,CASC,121.80,122.48,195,F,70202,1.0516
16890,P2,CASC,121.65,120.02,196,F,70250,1.0678
16900,P2,CASC,121.50,119.95,196,F,70298,1.0833
16910,P2,CASC,121.35,122.45,194,F,70347,1.0723
16920,P2,CASC,121.20,122.57,194,F,70396,1.0586
16930,P2,CASC,121.05,125.03,191,F,70446,1.0188
16940,P2,CASC,120.90,122.50,193,F,70495,1.0028
16950,P2,CASC,120.75,122.46,193,F,70544,0.9857
16960,P2,CASC,120.60,120.02,195,F,70592,0.9914
16970,P2,CASC,120.45,117.48,195,F,70639,1.0212
16980,P2,CASC,120.30,120.01,194,F,70687,1.0240
16990,P2,CASC,120.15,117.49,195,F,70734,1.0507
17000,P2,CASC,120.00,122.50,192,F,70783,1.0257
17010,P2,CASC,119.85,120.04,194,F,70831,1.0238
17020,P2,CASC,119.70,130.00,185,F,70883,0.9208
17030,P2,CASC,119.55,122.45,191,F,70932,0.8918
17040,P2,CASC,119.40,110.03,196,F,70976,0.9855
17050,P2,CASC,119.25,112.49,196,F,71021,1.0531
17060,P2,CASC,119.10,119.99,193,F,71069,1.0442
17070,P2,CASC,118.95,120.04,192,F,71117,1.0333
17080,P2,CASC,118.80,122.45,190,F,71166,0.9968
17090,P2,CASC,118.65,117.51,194,F,71213,1.0082
17100,P2,CASC,118.50,119.99,192,F,71261,0.9933
17110,P2,CASC,118.35,117.51,193,F,71308,1.0017
17120,P2,CASC,118.20,120.00,191,F,71356,0.9837
17130,P2,CASC,118.05,117.44,193,F,71403,0.9898
17140,P2,CASC,117.90,115.07,194,F,71449,1.0181
17150,P2,CASC,117.75,117.48,193,F,71496,1.0208
17160,P2,CASC,117.60,115.05,193,F,71542,1.0464
17170,P2,CASC,117.45,119.95,190,F,71590,1.0214
17180,P2,CASC,117.30,117.51,192,F,71637,1.0192
17190,P2,CASC,117.15,119.96,190,F,71685,0.9911
17200,P2,CASC,117.00,115.05,193,F,71731,1.0106
17210,P2,CASC,116.85,117.49,191,F,71778,1.0043
17220,P2,CASC,116.70,112.50,193,F,71823,1.0463
17230,P2,CASC,116.55,112.51,193,F,71868,1.0867
17240,P2,CASC,116.40,112.49,193,F,71913,1.1258
17250,P2,CASC,116.25,115.00,192,F,71959,1.1383
17260,P2,CASC,116.10,112.51,193,F,72004,1.1742
17270,P2,CASC,115.95,112.50,193,F,72049,1.2087
17280,P2,CASC,115.80,112.52,193,F,72094,1.2414
17290,P2,CASC,115.65,112.49,193,F,72139,1.2730
17300,P2,CASC,115.50,115.00,192,F,72185,1.2780
17310,P2,CASC,115.35,112.48,193,F,72230,1.3068
17320,P2,CASC,115.20,117.52,190,F,72277,1.2835
17330,P2,CASC,115.05,112.51,193,F,72322,1.3089
17340,P2,CASC,114.90,114.99,191,F,72368,1.3080
17350,P2,CASC,114.75,110.00,193,F,72412,1.3555
17360,P2,CASC,114.60,110.00,193,F,72456,1.4015
17370,P2,CASC,114.45,107.47,194,F,72499,1.4714
17380,P2,CASC,114.30,112.50,192,F,72544,1.4894
17390,P2,CASC,114.15,112.52,192,F,72589,1.5056
17400,P2,CASC,114.00,110.02,193,F,72633,1.5454
17410,P2,CASC,113.85,114.99,190,F,72679,1.5340
17420,P2,CASC,113.70,112.50,192,F,72724,1.5460
17430,P2,CASC,113.55,114.99,190,F,72770,1.5316
17440,P2,CASC,113.40,115.02,190,F,72816,1.5154
17450,P2,CASC,113.25,117.46,187,F,72863,1.4733
17460,P2,CASC,113.10,115.02,189,F,72909,1.4540
17470,P2,CASC,112.95,112.50,191,F,72954,1.4585
17480,P2,CASC,112.80,112.51,191,F,72999,1.4614
17490,P2,CASC,112.65,109.99,192,F,73043,1.4880
17500,P2,CASC,112.50,112.49,191,F,73088,1.4881
17510,P2,CASC,112.35,109.99,191,F,73132,1.5118
17520,P2,CASC,112.20,112.50,190,F,73177,1.5088
17530,P2,CASC,112.05,112.53,190,F,73222,1.5039
17540,P2,CASC,111.90,117.50,185,F,73269,1.4479
17550,P2,CASC,111.75,122.50,181,F,73318,1.3404
17560,P2,CASC,111.60,107.49,191,F,73361,1.3815
17570,P2,CASC,111.45,99.99,193,F,73401,1.4961
17580,P2,CASC,111.30,112.48,188,F,73446,1.4843
17590,P2,CASC,111.15,112.52,188,F,73491,1.4706
17600,P2,CASC,111.00,112.52,188,F,73536,1.4554
17610,P2,CASC,110.85,112.47,188,F,73581,1.4392
17620,P2,CASC,110.70,112.49,187,F,73626,1.4213
17630,P2,CASC,110.55,110.03,189,F,73670,1.4265
17640,P2,CASC,110.40,109.97,189,F,73714,1.4308
17650,P2,CASC,110.25,110.01,189,F,73758,1.4332
17660,P2,CASC,110.10,109.99,189,F,73802,1.4343
17670,P2,CASC,109.95,110.04,188,F,73846,1.4334
17680,P2,CASC,109.80,107.49,190,F,73889,1.4565
17690,P2,CASC,109.65,109.98,188,F,73933,1.4532
17700,P2,CASC,109.50,110.00,188,F,73977,1.4482
17710,P2,CASC,109.35,110.03,187,F,74021,1.4414
17720,P2,CASC,109.20,110.00,187,F,74065,1.4334
17730,P2,CASC,109.05,109.99,187,F,74109,1.4240
17740,P2,CASC,108.90,107.49,189,F,74152,1.4381
17750,P2,CASC,108.75,107.50,189,F,74195,1.4506
17760,P2,CASC,108.60,107.52,188,F,74238,1.4614
17770,P2,CASC,108.45,105.00,189,F,74280,1.4959
17780,P2,CASC,108.30,102.50,190,F,74321,1.5539
17790,P2,CASC,108.15,107.50,188,F,74364,1.5604
17800,P2,CASC,108.00,104.97,189,F,74406,1.5907
17810,P2,CASC,107.85,105.02,189,F,74448,1.6190
17820,P2,CASC,107.70,105.01,189,F,74490,1.6459
17830,P2,CASC,107.55,104.99,189,F,74532,1.6715
17840,P2,CASC,107.40,104.98,189,F,74574,1.6957
17850,P2,CASC,107.25,107.51,187,F,74617,1.6931
17860,P2,CASC,107.10,107.49,187,F,74660,1.6892
17870,P2,CASC,106.95,107.50,187,F,74703,1.6837
17880,P2,CASC,106.80,105.02,188,F,74745,1.7015
17890,P2,CASC,106.65,104.97,188,F,74787,1.7183
17900,P2,CASC,106.50,102.52,189,F,74828,1.7581
17910,P2,CASC,106.35,102.47,189,F,74869,1.7969
17920,P2,CASC,106.20,100.04,190,F,74909,1.8585
17930,P2,CASC,106.05,102.50,189,F,74950,1.8940
17940,P2,CASC,105.90,104.97,188,F,74992,1.9033
17950,P2,CASC,105.75,105.03,188,F,75034,1.9105
17960,P2,CASC,105.60,105.00,188,F,75076,1.9165
17970,P2,CASC,105.45,104.98,188,F,75118,1.9212
17980,P2,CASC,105.30,104.99,187,F,75160,1.9243
17990,P2,CASC,105.15,107.53,185,F,75203,1.9005
18000,P2,CASC,105.00,107.51,184,F,75246,1.8754
18010,P2,CASC,104.85,107.50,184,F,75289,1.8489
18020,P2,CASC,104.70,104.99,186,F,75331,1.8460
18030,P2,CASC,104.55,105.00,186,F,75373,1.8415
18040,P2,CASC,104.40,102.51,187,F,75414,1.8604
18050,P2,CASC,104.25,102.50,187,F,75455,1.8779
18060,P2,CASC,104.10,102.49,187,F,75496,1.8940
18070,P2,CASC,103.95,102.48,187,F,75537,1.9087
18080,P2,CASC,103.80,105.02,185,F,75579,1.8965
18090,P2,CASC,103.65,102.48,187,F,75620,1.9082
18100,P2,CASC,103.50,110.03,180,F,75664,1.8429
18110,P2,CASC,103.35,114.95,176,F,75710,1.7268
18120,P2,CASC,103.20,100.02,186,F,75750,1.7586
18130,P2,CASC,103.05,92.48,189,F,75787,1.8643
18140,P2,CASC,102.90,102.53,186,F,75828,1.8680
18150,P2,CASC,102.75,105.01,183,F,75870,1.8454
18160,P2,CASC,102.60,104.97,183,F,75912,1.8217
18170,P2,CASC,102.45,105.01,183,F,75954,1.7961
18180,P2,CASC,102.30,102.52,184,F,75995,1.7939
18190,P2,CASC,102.15,102.50,184,F,76036,1.7904
18200,P2,CASC,102.00,102.47,184,F,76077,1.7857
18210,P2,CASC,101.85,102.52,184,F,76118,1.7790
18220,P2,CASC,101.70,102.47,183,F,76159,1.7713
18230,P2,CASC,101.55,102.53,183,F,76200,1.7615
18240,P2,CASC,101.40,100.00,185,F,76240,1.7755
18250,P2,CASC,101.25,99.98,185,F,76280,1.7882
18260,P2,CASC,101.10,100.03,185,F,76320,1.7989
18270,P2,CASC,100.95,99.97,185,F,76360,1.8087
18280,P2,CASC,100.80,102.52,182,F,76401,1.7915
18290,P2,CASC,100.65,102.48,182,F,76442,1.7732
18300,P2,CASC,100.50,100.00,184,F,76482,1.7782
18310,P2,CASC,100.35,100.02,184,F,76522,1.7815
18320,P2,CASC,100.20,99.99,184,F,76562,1.7836
18330,P2,CASC,100.05,97.52,184,F,76601,1.8089
18340,P2,CASC,99.90,97.49,184,F,76640,1.8330
18350,P2,CASC,99.75,97.50,184,F,76679,1.8555
18360,P2,CASC,99.60,95.01,185,F,76717,1.9014
18370,P2,CASC,99.45,97.46,184,F,76756,1.9213
18380,P2,CASC,99.30,97.54,184,F,76795,1.9389
18390,P2,CASC,99.15,95.00,185,F,76833,1.9804
18400,P2,CASC,99.00,97.49,184,F,76872,1.9955
18410,P2,CASC,98.85,94.99,184,F,76910,2.0341
18420,P2,CASC,98.70,95.00,184,F,76948,2.0711
18430,P2,CASC,98.55,97.52,184,F,76987,2.0814
18440,P2,CASC,98.40,97.50,183,F,77026,2.0904
18450,P2,CASC,98.25,99.97,181,F,77066,2.0732
18460,P2,CASC,98.10,97.50,183,F,77105,2.0792
18470,P2,CASC,97.95,95.03,184,F,77143,2.1084
18480,P2,CASC,97.80,97.49,183,F,77182,2.1115
18490,P2,CASC,97.65,92.51,184,F,77219,2.1629
18500,P2,CASC,97.50,92.47,184,F,77256,2.2132
18510,P2,CASC,97.35,92.51,184,F,77293,2.2616
18520,P2,CASC,97.20,95.00,183,F,77331,2.2836
18530,P2,CASC,97.05,92.49,184,F,77368,2.3292
18540,P2,CASC,96.90,95.00,183,F,77406,2.3482
18550,P2,CASC,96.75,95.00,183,F,77444,2.3657
18560,P2,CASC,96.60,95.00,183,F,77482,2.3817
18570,P2,CASC,96.45,95.01,183,F,77520,2.3961
18580,P2,CASC,96.30,97.51,180,F,77559,2.3840
18590,P2,CASC,96.15,94.98,183,F,77597,2.3957
18600,P2,CASC,96.00,100.01,178,F,77637,2.3556
18610,P2,CASC,95.85,97.44,180,F,77676,2.3397
18620,P2,CASC,95.70,95.07,182,F,77714,2.3460
18630,P2,CASC,95.55,94.98,182,F,77752,2.3517
18640,P2,CASC,95.40,94.99,182,F,77790,2.3558
18650,P2,CASC,95.25,92.50,182,F,77827,2.3833
18660,P2,CASC,95.10,92.51,182,F,77864,2.4092
18670,P2,CASC,94.95,92.51,182,F,77901,2.4336
18680,P2,CASC,94.80,94.98,180,F,77939,2.4318
18690,P2,CASC,94.65,92.52,182,F,77976,2.4531
18700,P2,CASC,94.50,95.01,180,F,78014,2.4481
18710,P2,CASC,94.35,95.00,179,F,78052,2.4416
18720,P2,CASC,94.20,107.49,169,F,78095,2.3087
18730,P2,CASC,94.05,94.99,179,F,78133,2.2993
18740,P2,CASC,93.90,87.52,182,F,78168,2.3631
18750,P2,CASC,93.75,84.97,183,F,78202,2.4508
18760,P2,CASC,93.60,97.50,176,F,78241,2.4118
18770,P2,CASC,93.45,95.01,178,F,78279,2.3962
18780,P2,CASC,93.30,95.03,178,F,78317,2.3790
18790,P2,CASC,93.15,94.96,177,F,78355,2.3608
18800,P2,CASC,93.00,92.53,180,F,78392,2.3656
18810,P2,CASC,92.85,94.97,177,F,78430,2.3443
18820,P2,CASC,92.70,92.54,179,F,78467,2.3460
18830,P2,CASC,92.55,94.96,176,F,78505,2.3219
18840,P2,CASC,92.40,92.50,178,F,78542,2.3209
18850,P2,CASC,92.25,92.52,178,F,78579,2.3182
18860,P2,CASC,92.10,92.51,178,F,78616,2.3141
18870,P2,CASC,91.95,89.99,179,F,78652,2.3337
18880,P2,CASC,91.80,92.51,177,F,78689,2.3266
18890,P2,CASC,91.65,90.00,179,F,78725,2.3431
18900,P2,CASC,91.50,92.48,177,F,78762,2.3333
18910,P2,CASC,91.35,92.50,176,F,78799,2.3218
18920,P2,CASC,91.20,90.02,178,F,78835,2.3336
18930,P2,CASC,91.05,92.50,176,F,78872,2.3191
18940,P2,CASC,90.90,92.50,176,F,78909,2.3031
18950,P2,CASC,90.75,87.51,179,F,78944,2.3355
18960,P2,CASC,90.60,89.99,178,F,78980,2.3416
18970,P2,CASC,90.45,87.47,178,F,79015,2.3713
18980,P2,CASC,90.30,87.53,178,F,79050,2.3991
18990,P2,CASC,90.15,87.50,178,F,79085,2.4256
19000,P2,CASC,90.00,84.98,179,F,79119,2.4757
19010,P2,CASC,89.85,90.00,176,F,79155,2.4742
19020,P2,CASC,89.70,85.03,179,F,79189,2.5210
19030,P2,CASC,89.55,84.98,179,F,79223,2.5667
19040,P2,CASC,89.40,87.52,178,F,79258,2.5855
19050,P2,CASC,89.25,87.47,178,F,79293,2.6033
19060,P2,CASC,89.10,87.51,178,F,79328,2.6193
19070,P2,CASC,88.95,85.01,178,F,79362,2.6587
19080,P2,CASC,88.80,87.52,177,F,79397,2.6715
19090,P2,CASC,88.65,87.50,177,F,79432,2.6830
19100,P2,CASC,88.50,90.00,175,F,79468,2.6680
19110,P2,CASC,88.35,87.47,177,F,79503,2.6768
19120,P2,CASC,88.20,85.00,178,F,79537,2.7088
19130,P2,CASC,88.05,87.51,177,F,79572,2.7142
19140,P2,CASC,87.90,82.52,178,F,79605,2.7680
19150,P2,CASC,87.75,84.97,177,F,79639,2.7958
19160,P2,CASC,87.60,82.52,178,F,79672,2.8466
19170,P2,CASC,87.45,82.50,178,F,79705,2.8961
19180,P2,CASC,87.30,84.99,177,F,79739,2.9192
19190,P2,CASC,87.15,85.01,177,F,79773,2.9406
19200,P2,CASC,87.00,84.99,177,F,79807,2.9607
19210,P2,CASC,86.85,82.50,178,F,79840,3.0042
19220,P2,CASC,86.70,84.99,177,F,79874,3.0213
19230,P2,CASC,86.55,85.00,177,F,79908,3.0368
19240,P2,CASC,86.40,85.02,177,F,79942,3.0506
19250,P2,CASC,86.25,87.48,174,F,79977,3.0383
19260,P2,CASC,86.10,85.00,176,F,80011,3.0493
19270,P2,CASC,85.95,87.52,174,F,80046,3.0336
19280,P2,CASC,85.80,84.98,176,F,80080,3.0418
19290,P2,CASC,85.65,85.02,176,F,80114,3.0481
19300,P2,CASC,85.50,85.01,176,F,80148,3.0530
19310,P2,CASC,85.35,84.99,176,F,80182,3.0566
19320,P2,CASC,85.20,82.51,176,F,80215,3.0835
19330,P2,CASC,85.05,82.50,176,F,80248,3.1090
19340,P2,CASC,84.90,82.48,176,F,80281,3.1333
19350,P2,CASC,84.75,82.52,176,F,80314,3.1555
19360,P2,CASC,84.60,84.98,174,F,80348,3.1517
19370,P2,CASC,84.45,85.01,173,F,80382,3.1461
19380,P2,CASC,84.30,82.51,175,F,80415,3.1640
19390,P2,CASC,84.15,87.47,171,F,80450,3.1308
19400,P2,CASC,84.00,97.52,163,F,80489,2.9956
19410,P2,CASC,83.85,82.50,174,F,80522,3.0091
19420,P2,CASC,83.70,80.01,175,F,80554,3.0460
19430,P2,CASC,83.55,74.99,177,F,80584,3.1316
19440,P2,CASC,83.40,84.99,172,F,80618,3.1157
19450,P2,CASC,83.25,87.48,169,F,80653,3.0733
19460,P2,CASC,83.10,85.03,171,F,80687,3.0541
19470,P2,CASC,82.95,82.48,174,F,80720,3.0587
19480,P2,CASC,82.80,87.50,169,F,80755,3.0117
19490,P2,CASC,82.65,85.03,170,F,80789,2.9880
19500,P2,CASC,82.50,85.00,170,F,80823,2.9630
19510,P2,CASC,82.35,85.00,170,F,80857,2.9365
19520,P2,CASC,82.20,84.97,169,F,80891,2.9087
19530,P2,CASC,82.05,85.02,169,F,80925,2.8791
19540,P2,CASC,81.90,84.97,169,F,80959,2.8483
19550,P2,CASC,81.75,85.01,168,F,80993,2.8157
19560,P2,CASC,81.60,82.52,170,F,81026,2.8065
19570,P2,CASC,81.45,84.97,168,F,81060,2.7713
19580,P2,CASC,81.30,82.51,169,F,81093,2.7592
19590,P2,CASC,81.15,82.52,169,F,81126,2.7455
19600,P2,CASC,81.00,82.50,169,F,81159,2.7305
19610,P2,CASC,80.85,85.00,167,F,81193,2.6890
19620,P2,CASC,80.70,82.47,168,F,81226,2.6713
19630,P2,CASC,80.55,85.01,166,F,81260,2.6267
19640,P2,CASC,80.40,82.51,168,F,81293,2.6057
19650,P2,CASC,80.25,82.51,167,F,81326,2.5831
19660,P2,CASC,80.10,82.51,167,F,81359,2.5590
19670,P2,CASC,79.95,79.98,169,F,81391,2.5587
19680,P2,CASC,79.80,80.01,169,F,81423,2.5567
19690,P2,CASC,79.65,79.99,168,F,81455,2.5532
19700,P2,CASC,79.50,80.01,168,F,81487,2.5482
19710,P2,CASC,79.35,77.50,170,F,81518,2.5667
19720,P2,CASC,79.20,79.99,168,F,81550,2.5587
19730,P2,CASC,79.05,80.02,168,F,81582,2.5491
19740,P2,CASC,78.90,80.01,168,F,81614,2.5380
19750,P2,CASC,78.75,77.48,170,F,81645,2.5507
19760,P2,CASC,78.60,79.99,167,F,81677,2.5367
19770,P2,CASC,78.45,77.50,170,F,81708,2.5462
19780,P2,CASC,78.30,79.99,167,F,81740,2.5293
19790,P2,CASC,78.15,77.52,169,F,81771,2.5356
19800,P2,CASC,78.00,79.99,167,F,81803,2.5157
19810,P2,CASC,77.85,79.98,166,F,81835,2.4943
19820,P2,CASC,77.70,82.53,164,F,81868,2.4460
19830,P2,CASC,77.55,80.00,166,F,81900,2.4215
19840,P2,CASC,77.40,77.48,168,F,81931,2.4206
19850,P2,CASC,77.25,80.01,165,F,81963,2.3931
19860,P2,CASC,77.10,77.49,167,F,81994,2.3891
19870,P2,CASC,76.95,77.51,167,F,82025,2.3836
19880,P2,CASC,76.80,77.51,167,F,82056,2.3765
19890,P2,CASC,76.65,77.49,167,F,82087,2.3681
19900,P2,CASC,76.50,74.99,169,F,82117,2.3832
19910,P2,CASC,76.35,77.52,166,F,82148,2.3715
19920,P2,CASC,76.20,77.47,166,F,82179,2.3588
19930,P2,CASC,76.05,77.52,166,F,82210,2.3441
19940,P2,CASC,75.90,77.52,166,F,82241,2.3280
19950,P2,CASC,75.75,77.48,166,F,82272,2.3106
19960,P2,CASC,75.60,77.49,165,F,82303,2.2917
19970,P2,CASC,75.45,77.49,165,F,82334,2.2713
19980,P2,CASC,75.30,80.03,163,F,82366,2.2240
19990,P2,CASC,75.15,77.48,165,F,82397,2.2006
20000,P2,CASC,75.00,77.51,164,F,82428,2.1756
20010,P2,CASC,74.85,79.98,162,F,82460,2.1242
20020,P2,CASC,74.70,80.02,162,F,82492,2.0710
20030,P2,CASC,74.55,74.99,166,F,82522,2.0665
20040,P2,CASC,74.40,79.99,161,F,82554,2.0106
20050,P2,CASC,74.25,75.00,165,F,82584,2.0031
20060,P2,CASC,74.10,74.99,165,F,82614,1.9942
20070,P2,CASC,73.95,77.50,163,F,82645,1.9587
20080,P2,CASC,73.80,75.02,164,F,82675,1.9465
20090,P2,CASC,73.65,74.99,164,F,82705,1.9331
20100,P2,CASC,73.50,77.51,162,F,82736,1.8930
20110,P2,CASC,73.35,77.50,162,F,82767,1.8515
20120,P2,CASC,73.20,77.49,162,F,82798,1.8086
20130,P2,CASC,73.05,75.00,163,F,82828,1.7891
20140,P2,CASC,72.90,85.00,155,F,82862,1.6681
20150,P2,CASC,72.75,87.52,153,F,82897,1.5205
20160,P2,CASC,72.60,74.99,162,F,82927,1.4965
20170,P2,CASC,72.45,72.51,164,F,82956,1.4960
20180,P2,CASC,72.30,69.99,165,F,82984,1.5191
20190,P2,CASC,72.15,77.52,160,F,83015,1.4654
20200,P2,CASC,72.00,79.98,157,F,83047,1.3856
20210,P2,CASC,71.85,75.01,161,F,83077,1.3539
20220,P2,CASC,71.70,79.99,157,F,83109,1.2710
20230,P2,CASC,71.55,77.49,158,F,83140,1.2116
20240,P2,CASC,71.40,80.00,156,F,83172,1.1256
20250,P2,CASC,71.25,77.48,158,F,83203,1.0633
20260,P2,CASC,71.10,77.51,157,F,83234,0.9992
20270,P2,CASC,70.95,77.50,157,F,83265,0.9337
20280,P2,CASC,70.80,77.52,157,F,83296,0.8665
20290,P2,CASC,70.65,77.49,156,F,83327,0.7980
20300,P2,CASC,70.50,74.99,158,F,83357,0.7531
20310,P2,CASC,70.35,77.50,156,F,83388,0.6816
20320,P2,CASC,70.20,75.01,157,F,83418,0.6335
20330,P2,CASC,70.05,74.98,157,F,83448,0.5842
20340,P2,CASC,69.90,75.01,157,F,83478,0.5331
20350,P2,CASC,69.75,75.01,157,F,83508,0.4805
20360,P2,CASC,69.60,72.50,158,F,83537,0.4515
20370,P2,CASC,69.45,75.00,156,F,83567,0.3960
20380,P2,CASC,69.30,77.51,154,F,83598,0.3140
20390,P2,CASC,69.15,72.47,157,F,83627,0.2807
20400,P2,CASC,69.00,75.01,155,F,83657,0.2206
20410,P2,CASC,68.85,74.99,155,F,83687,0.1592
20420,P2,CASC,68.70,72.51,156,F,83716,0.1210
20430,P2,CASC,68.55,72.51,156,F,83745,0.0814
20440,P2,CASC,68.40,74.98,154,F,83775,0.0157
20450,P2,CASC,68.25,70.02,158,F,83803,-0.0020
20460,P2,CASC,68.10,69.99,157,F,83831,-0.0210
20470,P2,CASC,67.95,69.99,157,F,83859,-0.0413
20480,P2,CASC,67.80,70.01,157,F,83887,-0.0635
20490,P2,CASC,67.65,69.99,157,F,83915,-0.0869
20500,P2,CASC,67.50,69.99,157,F,83943,-0.1118
20510,P2,CASC,67.35,72.51,154,F,83972,-0.1633
20520,P2,CASC,67.20,70.00,156,F,84000,-0.1913
20530,P2,CASC,67.05,67.51,158,F,84027,-0.1959
20540,P2,CASC,66.90,69.99,156,F,84055,-0.2268
20550,P2,CASC,66.75,69.99,155,F,84083,-0.2593
20560,P2,CASC,66.60,70.03,155,F,84111,-0.2935
20570,P2,CASC,66.45,70.00,155,F,84139,-0.3290
20580,P2,CASC,66.30,69.97,155,F,84167,-0.3658
20590,P2,CASC,66.15,70.00,154,F,84195,-0.4043
20600,P2,CASC,66.00,67.52,156,F,84222,-0.4195
20610,P2,CASC,65.85,72.49,152,F,84251,-0.4859
20620,P2,CASC,65.70,70.01,154,F,84279,-0.5290
20630,P2,CASC,65.55,72.51,151,F,84308,-0.5985
20640,P2,CASC,65.40,67.48,155,F,84335,-0.6193
20650,P2,CASC,65.25,70.00,153,F,84363,-0.6668
20660,P2,CASC,65.10,67.51,154,F,84390,-0.6910
20670,P2,CASC,64.95,64.98,156,F,84416,-0.6913
20680,P2,CASC,64.80,67.53,154,F,84443,-0.7185
20690,P2,CASC,64.65,67.49,154,F,84470,-0.7469
20700,P2,CASC,64.50,65.00,156,F,84496,-0.7519
20710,P2,CASC,64.35,65.01,155,F,84522,-0.7585
20720,P2,CASC,64.20,67.51,153,F,84549,-0.7915
20730,P2,CASC,64.05,67.50,153,F,84576,-0.8260
20740,P2,CASC,63.90,67.48,153,F,84603,-0.8618
20750,P2,CASC,63.75,65.00,155,F,84629,-0.8743
20760,P2,CASC,63.60,70.01,150,F,84657,-0.9385
20770,P2,CASC,63.45,65.00,154,F,84683,-0.9540
20780,P2,CASC,63.30,65.00,154,F,84709,-0.9710
20790,P2,CASC,63.15,64.98,154,F,84735,-0.9893
20800,P2,CASC,63.00,70.01,149,F,84763,-1.0593
20810,P2,CASC,62.85,65.02,153,F,84789,-1.0810
20820,P2,CASC,62.70,64.98,153,F,84815,-1.1038
20830,P2,CASC,62.55,67.51,151,F,84842,-1.1534
20840,P2,CASC,62.40,67.51,150,F,84869,-1.2045
20850,P2,CASC,62.25,64.98,152,F,84895,-1.2319
20860,P2,CASC,62.10,65.01,152,F,84921,-1.2610
20870,P2,CASC,61.95,64.99,152,F,84947,-1.2914
20880,P2,CASC,61.80,65.00,151,F,84973,-1.3234
20890,P2,CASC,61.65,62.51,153,F,84998,-1.3319
20900,P2,CASC,61.50,65.01,151,F,85024,-1.3670
20910,P2,CASC,61.35,62.51,153,F,85049,-1.3785
20920,P2,CASC,61.20,64.99,150,F,85075,-1.4165
20930,P2,CASC,61.05,62.51,152,F,85100,-1.4310
20940,P2,CASC,60.90,62.48,152,F,85125,-1.4468
20950,P2,CASC,60.75,67.52,148,F,85152,-1.5145
20960,P2,CASC,60.60,62.51,151,F,85177,-1.5336
20970,P2,CASC,60.45,65.00,149,F,85203,-1.5791
20980,P2,CASC,60.30,62.49,151,F,85228,-1.6010
20990,P2,CASC,60.15,75.01,141,F,85258,-1.7496
21000,P2,CASC,60.00,72.48,142,F,85287,-1.8744
21010,P2,CASC,59.85,62.51,150,F,85312,-1.9010
21020,P2,CASC,59.70,64.99,148,F,85338,-1.9539
21030,P2,CASC,59.55,59.99,151,F,85362,-1.9584
21040,P2,CASC,59.40,55.00,152,F,85384,-1.9144
21050,P2,CASC,59.25,65.01,147,F,85410,-1.9719
21060,P2,CASC,59.10,67.51,145,F,85437,-2.0560
21070,P2,CASC,58.95,62.49,148,F,85462,-2.0914
21080,P2,CASC,58.80,67.49,144,F,85489,-2.1783
21090,P2,CASC,58.65,65.03,146,F,85515,-2.2420
21100,P2,CASC,58.50,62.48,147,F,85540,-2.2818
21110,P2,CASC,58.35,67.51,143,F,85567,-2.3734
21120,P2,CASC,58.20,62.52,147,F,85592,-2.4166
21130,P2,CASC,58.05,64.99,144,F,85618,-2.4860
21140,P2,CASC,57.90,62.51,146,F,85643,-2.5321
21150,P2,CASC,57.75,64.99,144,F,85669,-2.6045
21160,P2,CASC,57.60,64.99,143,F,85695,-2.6784
21170,P2,CASC,57.45,62.51,145,F,85720,-2.7290
21180,P2,CASC,57.30,64.99,143,F,85746,-2.8059
21190,P2,CASC,57.15,62.49,144,F,85771,-2.8593
21200,P2,CASC,57.00,62.48,144,F,85796,-2.9141
21210,P2,CASC,56.85,60.02,146,F,85820,-2.9458
21220,P2,CASC,56.70,60.01,146,F,85844,-2.9790
21230,P2,CASC,56.55,62.49,143,F,85869,-3.0384
21240,P2,CASC,56.40,60.01,145,F,85893,-3.0745
21250,P2,CASC,56.25,60.01,145,F,85917,-3.1120
21260,P2,CASC,56.10,59.98,145,F,85941,-3.1508
21270,P2,CASC,55.95,60.01,144,F,85965,-3.1913
21280,P2,CASC,55.80,60.01,144,F,85989,-3.2335
21290,P2,CASC,55.65,59.99,144,F,86013,-3.2769
21300,P2,CASC,55.50,59.99,144,F,86037,-3.3218
21310,P2,CASC,55.35,60.00,143,F,86061,-3.3683
21320,P2,CASC,55.20,60.01,143,F,86085,-3.4164
21330,P2,CASC,55.05,57.49,145,F,86108,-3.4408
21340,P2,CASC,54.90,57.50,144,F,86131,-3.4668
21350,P2,CASC,54.75,57.50,144,F,86154,-3.4943
21360,P2,CASC,54.60,60.02,142,F,86178,-3.5485
21370,P2,CASC,54.45,55.00,146,F,86200,-3.5540
21380,P2,CASC,54.30,54.98,146,F,86222,-3.5608
21390,P2,CASC,54.15,55.02,145,F,86244,-3.5695
21400,P2,CASC,54.00,57.48,143,F,86267,-3.6043
21410,P2,CASC,53.85,55.02,145,F,86289,-3.6160
21420,P2,CASC,53.70,55.00,145,F,86311,-3.6290
21430,P2,CASC,53.55,57.50,142,F,86334,-3.6685
21440,P2,CASC,53.40,54.99,144,F,86356,-3.6843
21450,P2,CASC,53.25,57.49,142,F,86379,-3.7268
21460,P2,CASC,53.10,55.01,144,F,86401,-3.7458
21470,P2,CASC,52.95,55.00,144,F,86423,-3.7663
21480,P2,CASC,52.80,55.01,143,F,86445,-3.7884
21490,P2,CASC,52.65,54.99,143,F,86467,-3.8118
21500,P2,CASC,52.50,55.01,143,F,86489,-3.8369
21510,P2,CASC,52.35,55.01,143,F,86511,-3.8635
21520,P2,CASC,52.20,57.50,140,F,86534,-3.9165
21530,P2,CASC,52.05,52.50,144,F,86555,-3.9210
21540,P2,CASC,51.90,57.49,140,F,86578,-3.9769
21550,P2,CASC,51.75,55.01,142,F,86600,-4.0095
21560,P2,CASC,51.60,54.99,141,F,86622,-4.0433
21570,P2,CASC,51.45,57.50,139,F,86645,-4.1038
21580,P2,CASC,51.30,55.02,141,F,86667,-4.1410
21590,P2,CASC,51.15,57.49,139,F,86690,-4.2045
21600,P2,CASC,51.00,55.01,140,F,86712,-4.2445
21610,P2,CASC,50.85,52.48,142,F,86733,-4.2608
21620,P2,CASC,50.70,55.01,140,F,86755,-4.3039
21630,P2,CASC,50.55,55.00,140,F,86777,-4.3484
21640,P2,CASC,50.40,52.49,141,F,86798,-4.3694
21650,P2,CASC,50.25,52.51,141,F,86819,-4.3919
21660,P2,CASC,50.10,52.50,141,F,86840,-4.4159
21670,P2,CASC,49.95,52.50,141,F,86861,-4.4414
21680,P2,CASC,49.80,52.49,140,F,86882,-4.4684
21690,P2,CASC,49.65,52.50,140,F,86903,-4.4969
21700,P2,CASC,49.50,50.01,142,F,86923,-4.5019
21710,P2,CASC,49.35,54.99,138,F,86945,-4.5584
21720,P2,CASC,49.20,50.01,142,F,86965,-4.5664
21730,P2,CASC,49.05,52.49,140,F,86986,-4.6008
21740,P2,CASC,48.90,52.49,139,F,87007,-4.6368
21750,P2,CASC,48.75,50.00,141,F,87027,-4.6493
21760,P2,CASC,48.60,52.52,139,F,87048,-4.6885
21770,P2,CASC,48.45,50.00,141,F,87068,-4.7040
21780,P2,CASC,48.30,49.99,141,F,87088,-4.7209
21790,P2,CASC,48.15,50.00,140,F,87108,-4.7394
21800,P2,CASC,48.00,50.01,140,F,87128,-4.7595
21810,P2,CASC,47.85,50.00,140,F,87148,-4.7810
21820,P2,CASC,47.70,52.49,138,F,87169,-4.8290
21830,P2,CASC,47.55,49.99,140,F,87189,-4.8533
21840,P2,CASC,47.40,47.51,141,F,87208,-4.8544
21850,P2,CASC,47.25,52.49,137,F,87229,-4.9068
21860,P2,CASC,47.10,50.01,139,F,87249,-4.9359
21870,P2,CASC,46.95,50.01,139,F,87269,-4.9665
21880,P2,CASC,46.80,47.49,141,F,87288,-4.9734
21890,P2,CASC,46.65,50.02,139,F,87308,-5.0070
21900,P2,CASC,46.50,47.50,140,F,87327,-5.0170
21910,P2,CASC,46.35,47.49,140,F,87346,-5.0283
21920,P2,CASC,46.20,50.01,138,F,87366,-5.0664
21930,P2,CASC,46.05,47.50,140,F,87385,-5.0809
21940,P2,CASC,45.90,47.50,140,F,87404,-5.0970
21950,P2,CASC,45.75,47.50,140,F,87423,-5.1145
21960,P2,CASC,45.60,44.99,139,F,87441,-5.1084
21970,P2,CASC,45.45,50.01,137,F,87461,-5.1540
21980,P2,CASC,45.30,47.50,139,F,87480,-5.1760
21990,P2,CASC,45.15,47.49,139,F,87499,-5.1994
22000,P2,CASC,45.00,47.50,139,F,87518,-5.2244
22010,P2,CASC,44.85,50.01,137,F,87538,-5.2760
22020,P2,CASC,44.70,47.49,138,F,87557,-5.3039
22030,P2,CASC,44.55,50.01,136,F,87577,-5.3584
22040,P2,CASC,44.40,47.50,138,F,87596,-5.3894
22050,P2,CASC,44.25,47.50,138,F,87615,-5.4219
22060,P2,CASC,44.10,49.99,135,F,87635,-5.4809
22070,P2,CASC,43.95,60.01,127,F,87659,-5.6415
22080,P2,CASC,43.80,55.01,131,F,87681,-5.7536
22090,P2,CASC,43.65,47.50,136,F,87700,-5.7920
22100,P2,CASC,43.50,47.49,136,F,87719,-5.8319
22110,P2,CASC,43.35,47.50,136,F,87738,-5.8734
22120,P2,CASC,43.20,45.02,138,F,87756,-5.8915
22130,P2,CASC,43.05,40.00,138,F,87772,-5.8610
22140,P2,CASC,42.90,49.98,133,F,87792,-5.9318
22150,P2,CASC,42.75,50.02,133,F,87812,-6.0045
22160,P2,CASC,42.60,49.99,133,F,87832,-6.0785
22170,P2,CASC,42.45,49.99,133,F,87852,-6.1539
22180,P2,CASC,42.30,47.50,134,F,87871,-6.2059
22190,P2,CASC,42.15,50.01,132,F,87891,-6.2845
22200,P2,CASC,42.00,49.99,132,F,87911,-6.3644
22210,P2,CASC,41.85,47.51,133,F,87930,-6.4210
22220,P2,CASC,41.70,50.00,131,F,87950,-6.5040
22230,P2,CASC,41.55,50.00,131,F,87970,-6.5885
22240,P2,CASC,41.40,47.49,132,F,87989,-6.6494
22250,P2,CASC,41.25,47.51,132,F,88008,-6.7120
22260,P2,CASC,41.10,47.50,132,F,88027,-6.7760
22270,P2,CASC,40.95,47.50,132,F,88046,-6.8415
22280,P2,CASC,40.80,47.50,131,F,88065,-6.9085
22290,P2,CASC,40.65,47.50,131,F,88084,-6.9769
22300,P2,CASC,40.50,47.50,131,F,88103,-7.0470
22310,P2,CASC,40.35,47.49,130,F,88122,-7.1184
22320,P2,CASC,40.20,45.00,132,F,88140,-7.1663
22330,P2,CASC,40.05,45.00,132,F,88158,-7.2158
22340,P2,CASC,39.90,47.52,130,F,88177,-7.2920
22350,P2,CASC,39.75,45.00,131,F,88195,-7.3445
22360,P2,CASC,39.60,44.99,131,F,88213,-7.3984
22370,P2,CASC,39.45,42.50,133,F,88230,-7.4289
22380,P2,CASC,39.30,42.51,133,F,88247,-7.4610
22390,P2,CASC,39.15,45.00,131,F,88265,-7.5195
22400,P2,CASC,39.00,42.50,132,F,88282,-7.5544
22410,P2,CASC,38.85,42.50,132,F,88299,-7.5909
22420,P2,CASC,38.70,42.50,132,F,88316,-7.6289
22430,P2,CASC,38.55,42.50,132,F,88333,-7.6684
22440,P2,CASC,38.40,42.51,131,F,88350,-7.7095
22450,P2,CASC,38.25,42.49,131,F,88367,-7.7519
22460,P2,CASC,38.10,42.50,131,F,88384,-7.7959
22470,P2,CASC,37.95,42.50,131,F,88401,-7.8414
22480,P2,CASC,37.80,40.01,132,F,88417,-7.8635
22490,P2,CASC,37.65,40.00,132,F,88433,-7.8870
22500,P2,CASC,37.50,42.50,130,F,88450,-7.9370
22510,P2,CASC,37.35,39.99,132,F,88466,-7.9634
22520,P2,CASC,37.20,40.01,132,F,88482,-7.9915
22530,P2,CASC,37.05,40.00,132,F,88498,-8.0210
22540,P2,CASC,36.90,39.99,131,F,88514,-8.0519
22550,P2,CASC,36.75,35.00,131,F,88528,-8.0344
22560,P2,CASC,36.60,40.00,131,F,88544,-8.0684
22570,P2,CASC,36.45,40.00,131,F,88560,-8.1039
22580,P2,CASC,36.30,40.00,131,F,88576,-8.1409
22590,P2,CASC,36.15,37.51,132,F,88591,-8.1545
22600,P2,CASC,36.00,37.49,132,F,88606,-8.1694
22610,P2,CASC,35.85,37.51,132,F,88621,-8.1860
22620,P2,CASC,35.70,37.50,132,F,88636,-8.2039
22630,P2,CASC,35.55,35.00,130,F,88650,-8.1985
22640,P2,CASC,35.40,37.50,132,F,88665,-8.2195
22650,P2,CASC,35.25,39.99,130,F,88681,-8.2669
22660,P2,CASC,35.10,37.50,131,F,88696,-8.2909
22670,P2,CASC,34.95,37.48,131,F,88711,-8.3162
22680,P2,CASC,34.80,37.52,131,F,88726,-8.3434
22690,P2,CASC,34.65,37.50,131,F,88741,-8.3719
22700,P2,CASC,34.50,37.50,131,F,88756,-8.4019
22710,P2,CASC,34.35,37.50,130,F,88771,-8.4334
22720,P2,CASC,34.20,37.49,130,F,88786,-8.4664
22730,P2,CASC,34.05,37.52,130,F,88801,-8.5010
22740,P2,CASC,33.90,37.49,130,F,88816,-8.5369
22750,P2,CASC,33.75,37.49,130,F,88831,-8.5744
22760,P2,CASC,33.60,37.52,129,F,88846,-8.6135
22770,P2,CASC,33.45,37.49,129,F,88861,-8.6539
22780,P2,CASC,33.30,37.51,129,F,88876,-8.6960
22790,P2,CASC,33.15,37.50,129,F,88891,-8.7395
22800,P2,CASC,33.00,37.50,128,F,88906,-8.7845
22810,P2,CASC,32.85,34.99,130,F,88920,-8.8059
22820,P2,CASC,32.70,37.50,128,F,88935,-8.8539
22830,P2,CASC,32.55,37.50,128,F,88950,-8.9034
22840,P2,CASC,32.40,37.51,128,F,88965,-8.9545
22850,P2,CASC,32.25,37.50,127,F,88980,-9.0070
22860,P2,CASC,32.10,37.50,127,F,88995,-9.0610
22870,P2,CASC,31.95,34.99,129,F,89009,-9.0914
22880,P2,CASC,31.80,37.51,127,F,89024,-9.1485
22890,P2,CASC,31.65,37.49,126,F,89039,-9.2069
22900,P2,CASC,31.50,37.51,126,F,89054,-9.2670
22910,P2,CASC,31.35,37.51,126,F,89069,-9.3285
22920,P2,CASC,31.20,35.00,128,F,89083,-9.3665
22930,P2,CASC,31.05,37.49,125,F,89098,-9.4310
22940,P2,CASC,30.90,35.01,127,F,89112,-9.4720
22950,P2,CASC,30.75,34.99,127,F,89126,-9.5144
22960,P2,CASC,30.60,37.51,125,F,89141,-9.5835
22970,P2,CASC,30.45,34.99,126,F,89155,-9.6289
22980,P2,CASC,30.30,35.00,126,F,89169,-9.6759
22990,P2,CASC,30.15,35.00,126,F,89183,-9.7245
23000,P2,CASC,30.00,35.01,126,F,89197,-9.7745
23010,P2,CASC,29.85,32.50,127,F,89210,-9.8010
23020,P2,CASC,29.70,35.00,125,F,89224,-9.8540
23030,P2,CASC,29.55,32.50,127,F,89237,-9.8834
23040,P2,CASC,29.40,35.00,125,F,89251,-9.9395
23050,P2,CASC,29.25,32.50,126,F,89264,-9.9720
23060,P2,CASC,29.10,32.50,126,F,89277,-10.0060
23070,P2,CASC,28.95,32.49,126,F,89290,-10.0414
23080,P2,CASC,28.80,32.51,126,F,89303,-10.0785
23090,P2,CASC,28.65,32.51,126,F,89316,-10.1170
23100,P2,CASC,28.50,30.00,127,F,89328,-10.1320
23110,P2,CASC,28.35,32.50,125,F,89341,-10.1735
23120,P2,CASC,28.20,32.50,125,F,89354,-10.2165
23130,P2,CASC,28.05,32.48,125,F,89367,-10.2608
23140,P2,CASC,27.90,30.02,127,F,89379,-10.2820
23150,P2,CASC,27.75,30.00,126,F,89391,-10.3044
23160,P2,CASC,27.60,32.50,124,F,89404,-10.3534
23170,P2,CASC,27.45,27.50,128,F,89415,-10.3539
23180,P2,CASC,27.30,30.01,126,F,89427,-10.3810
23190,P2,CASC,27.15,30.00,126,F,89439,-10.4095
23200,P2,CASC,27.00,29.99,126,F,89451,-10.4394
23210,P2,CASC,26.85,30.01,125,F,89463,-10.4710
23220,P2,CASC,26.70,27.50,127,F,89474,-10.4790
23230,P2,CASC,26.55,27.50,127,F,89485,-10.4885
23240,P2,CASC,26.40,30.00,125,F,89497,-10.5245
23250,P2,CASC,26.25,27.50,127,F,89508,-10.5369
23260,P2,CASC,26.10,27.50,126,F,89519,-10.5510
23270,P2,CASC,25.95,27.51,126,F,89530,-10.5665
23280,P2,CASC,25.80,27.50,126,F,89541,-10.5835
23290,P2,CASC,25.65,27.50,126,F,89552,-10.6020
23300,P2,CASC,25.50,27.50,126,F,89563,-10.6219
23310,P2,CASC,25.35,27.50,126,F,89574,-10.6435
23320,P2,CASC,25.20,27.51,126,F,89585,-10.6665
23330,P2,CASC,25.05,25.00,123,F,89595,-10.6660
23340,P2,CASC,24.90,24.99,127,F,89605,-10.6669
23350,P2,CASC,24.75,27.50,125,F,89616,-10.6944
23360,P2,CASC,24.60,25.01,127,F,89626,-10.6985
23370,P2,CASC,24.45,27.49,125,F,89637,-10.7289
23380,P2,CASC,24.30,27.50,125,F,89648,-10.7610
23390,P2,CASC,24.15,25.00,126,F,89658,-10.7695
23400,P2,CASC,24.00,25.01,126,F,89668,-10.7795
23410,P2,CASC,23.85,27.50,124,F,89679,-10.8160
23420,P2,CASC,23.70,24.99,126,F,89689,-10.8289
23430,P2,CASC,23.55,25.00,126,F,89699,-10.8435
23440,P2,CASC,23.40,25.01,126,F,89709,-10.8595
23450,P2,CASC,23.25,25.00,125,F,89719,-10.8770
23460,P2,CASC,23.10,25.01,125,F,89729,-10.8960
23470,P2,CASC,22.95,24.99,125,F,89739,-10.9164
23480,P2,CASC,22.80,25.01,125,F,89749,-10.9385
23490,P2,CASC,22.65,25.00,125,F,89759,-10.9620
23500,P2,CASC,22.50,25.00,125,F,89769,-10.9870
23510,P2,CASC,22.35,27.50,122,F,89780,-11.0385
23520,P2,CASC,22.20,22.50,126,F,89789,-11.0414
23530,P2,CASC,22.05,25.00,124,F,89799,-11.0710
23540,P2,CASC,21.90,25.00,124,F,89809,-11.1019
23550,P2,CASC,21.75,27.51,122,F,89820,-11.1595
23560,P2,CASC,21.60,25.00,123,F,89830,-11.1935
23570,P2,CASC,21.45,25.00,123,F,89840,-11.2289
23580,P2,CASC,21.30,25.00,123,F,89850,-11.2660
23590,P2,CASC,21.15,27.50,121,F,89861,-11.3295
23600,P2,CASC,21.00,25.00,122,F,89871,-11.3694
23610,P2,CASC,20.85,27.50,120,F,89882,-11.4359
23620,P2,CASC,20.70,25.00,122,F,89892,-11.4789
23630,P2,CASC,20.55,25.01,122,F,89902,-11.5235
23640,P2,CASC,20.40,27.50,120,F,89913,-11.5944
23650,P2,CASC,20.25,25.01,121,F,89923,-11.6420
23660,P2,CASC,20.10,27.50,119,F,89934,-11.7160
23670,P2,CASC,19.95,27.50,119,F,89945,-11.7915
23680,P2,CASC,19.80,27.50,118,F,89956,-11.8685
23690,P2,CASC,19.65,25.01,120,F,89966,-11.9220
23700,P2,CASC,19.50,27.49,118,F,89977,-12.0020
23710,P2,CASC,19.35,27.50,118,F,89988,-12.0835
23720,P2,CASC,19.20,25.00,119,F,89998,-12.1415
23730,P2,CASC,19.05,27.50,117,F,90009,-12.2259
23740,P2,CASC,18.90,25.01,119,F,90019,-12.2870
23750,P2,CASC,18.75,29.99,114,F,90031,-12.3994
23760,P2,CASC,18.60,37.50,108,F,90046,-12.5884
23770,P2,CASC,18.45,32.51,111,F,90059,-12.7290
23780,P2,CASC,18.30,27.50,115,F,90070,-12.8210
23790,P2,CASC,18.15,25.00,117,F,90080,-12.8894
23800,P2,CASC,18.00,25.00,116,F,90090,-12.9594
23810,P2,CASC,17.85,25.00,116,F,90100,-13.0310
23820,P2,CASC,17.70,27.50,114,F,90111,-13.1289
23830,P2,CASC,17.55,25.01,115,F,90121,-13.2035
23840,P2,CASC,17.40,25.00,115,F,90131,-13.2795
23850,P2,CASC,17.25,22.50,117,F,90140,-13.3320
23860,P2,CASC,17.10,22.50,116,F,90149,-13.3860
23870,P2,CASC,16.95,15.00,116,F,90155,-13.3664
23880,P2,CASC,16.80,27.51,112,F,90166,-13.4735
23890,P2,CASC,16.65,24.99,114,F,90176,-13.5570
23900,P2,CASC,16.50,27.50,111,F,90187,-13.6670
23910,P2,CASC,16.35,25.00,113,F,90197,-13.7535
23920,P2,CASC,16.20,25.00,113,F,90207,-13.8415
23930,P2,CASC,16.05,25.00,112,F,90217,-13.9310
23940,P2,CASC,15.90,25.00,112,F,90227,-14.0220
23950,P2,CASC,15.75,25.00,112,F,90237,-14.1145
23960,P2,CASC,15.60,25.00,111,F,90247,-14.2085
23970,P2,CASC,15.45,22.50,113,F,90256,-14.2789
23980,P2,CASC,15.30,22.51,113,F,90265,-14.3510
23990,P2,CASC,15.15,25.00,110,F,90275,-14.4495
24000,P2,CASC,15.00,22.50,112,F,90284,-14.5245
24010,P2,CASC,14.85,25.00,110,F,90294,-14.6260
24020,P2,CASC,14.70,22.50,111,F,90303,-14.7040
24030,P2,CASC,14.55,22.50,111,F,90312,-14.7835
24040,P2,CASC,14.40,22.50,111,F,90321,-14.8645
24050,P2,CASC,14.25,22.50,110,F,90330,-14.9470
24060,P2,CASC,14.10,22.50,110,F,90339,-15.0310
24070,P2,CASC,13.95,22.50,110,F,90348,-15.1165
24080,P2,CASC,13.80,20.00,111,F,90356,-15.1785
24090,P2,CASC,13.65,22.50,109,F,90365,-15.2670
24100,P2,CASC,13.50,22.50,109,F,90374,-15.3570
24110,P2,CASC,13.35,20.00,110,F,90382,-15.4235
24120,P2,CASC,13.20,20.00,110,F,90390,-15.4915
24130,P2,CASC,13.05,20.00,110,F,90398,-15.5610
24140,P2,CASC,12.90,20.00,110,F,90406,-15.6320
24150,P2,CASC,12.75,17.50,111,F,90413,-15.6795
24160,P2,CASC,12.60,20.00,109,F,90421,-15.7535
24170,P2,CASC,12.45,20.00,109,F,90429,-15.8290
24180,P2,CASC,12.30,17.50,110,F,90436,-15.8810
24190,P2,CASC,12.15,17.50,110,F,90443,-15.9345
24200,P2,CASC,12.00,17.50,110,F,90450,-15.9895
24210,P2,CASC,11.85,17.50,110,F,90457,-16.0460
24220,P2,CASC,11.70,20.01,107,F,90465,-16.1290
24230,P2,CASC,11.55,17.50,109,F,90472,-16.1885
24240,P2,CASC,11.40,15.00,111,F,90478,-16.2245
24250,P2,CASC,11.25,17.50,109,F,90485,-16.2870
24260,P2,CASC,11.10,17.50,108,F,90492,-16.3510
24270,P2,CASC,10.95,15.00,110,F,90498,-16.3915
24280,P2,CASC,10.80,17.50,108,F,90505,-16.4585
24290,P2,CASC,10.65,15.00,110,F,90511,-16.5020
24300,P2,CASC,10.50,12.50,111,F,90516,-16.5220
24310,P2,CASC,10.35,17.50,107,F,90523,-16.5935
24320,P2,CASC,10.20,12.50,111,F,90528,-16.6165
24330,P2,CASC,10.05,15.00,109,F,90534,-16.6660
24340,P2,CASC,9.90,15.00,108,F,90540,-16.7170
24350,P2,CASC,9.75,15.00,108,F,90546,-16.7695
24360,P2,CASC,9.60,12.50,110,F,90551,-16.7985
24370,P2,CASC,9.45,12.50,110,F,90556,-16.8290
24380,P2,CASC,9.30,12.50,110,F,90561,-16.8610
24390,P2,CASC,9.15,15.00,107,F,90567,-16.9195
24400,P2,CASC,9.00,10.00,111,F,90571,-16.9295
24410,P2,CASC,8.85,12.50,109,F,90576,-16.9660
24420,P2,CASC,8.70,12.50,109,F,90581,-17.0040
24430,P2,CASC,8.55,12.50,109,F,90586,-17.0435
24440,P2,CASC,8.40,10.00,110,F,90590,-17.0595
24450,P2,CASC,8.25,12.50,108,F,90595,-17.1020
24460,P2,CASC,8.10,10.00,110,F,90599,-17.1210
24470,P2,CASC,7.95,12.50,108,F,90604,-17.1665
24480,P2,CASC,7.80,10.00,110,F,90608,-17.1885
24490,P2,CASC,7.65,10.00,109,F,90612,-17.2120
24500,P2,CASC,7.50,10.00,109,F,90616,-17.2370
24510,P2,CASC,7.35,7.50,111,F,90619,-17.2385
24520,P2,CASC,7.20,12.50,107,F,90624,-17.2915
24530,P2,CASC,7.05,7.50,111,F,90627,-17.2960
24540,P2,CASC,6.90,10.00,109,F,90631,-17.3270
24550,P2,CASC,6.75,7.50,110,F,90634,-17.3345
24560,P2,CASC,6.60,7.50,110,F,90637,-17.3435
24570,P2,CASC,6.45,10.00,108,F,90641,-17.3790
24580,P2,CASC,6.30,10.00,108,F,90645,-17.4160
24590,P2,CASC,6.15,7.50,110,F,90648,-17.4295
24600,P2,CASC,6.00,7.50,109,F,90651,-17.4445
24610,P2,CASC,5.85,7.50,109,F,90654,-17.4610
24620,P2,CASC,5.70,7.50,109,F,90657,-17.4790
24630,P2,CASC,5.55,7.50,109,F,90660,-17.4985
24640,P2,CASC,5.40,7.50,109,F,90663,-17.5195
24650,P2,CASC,5.25,7.50,109,F,90666,-17.5420
24660,P2,CASC,5.10,7.50,108,F,90669,-17.5660
24670,P2,CASC,4.95,5.00,110,F,90671,-17.5665
24680,P2,CASC,4.80,5.00,110,F,90673,-17.5685
24690,P2,CASC,4.65,5.00,110,F,90675,-17.5720
24700,P2,CASC,4.50,5.00,110,F,90677,-17.5770
24710,P2,CASC,4.35,5.00,110,F,90679,-17.5835
24720,P2,CASC,4.20,7.50,108,F,90682,-17.6165
24730,P2,CASC,4.05,7.50,107,F,90685,-17.6510
24740,P2,CASC,3.90,5.00,109,F,90687,-17.6620
24750,P2,CASC,3.75,2.50,104,F,90688,-17.6495
24760,P2,CASC,3.60,5.00,109,F,90690,-17.6635
24770,P2,CASC,3.45,2.50,104,F,90691,-17.6540
24780,P2,CASC,3.30,0.00,105,F,90691,-17.6210
24790,P2,CASC,3.15,0.00,105,F,90691,-17.5895
24800,P2,CASC,3.00,0.00,105,F,90691,-17.5595
24810,P2,CASC,2.85,0.00,105,F,90691,-17.5310
24820,P2,CASC,2.70,0.00,105,F,90691,-17.5040
24830,P2,CASC,2.55,0.00,105,F,90691,-17.4785
24840,P2,CASC,2.40,0.00,105,F,90691,-17.4545
24850,P2,CASC,2.25,0.00,105,F,90691,-17.4320
24860,P2,CASC,2.10,0.00,105,F,90691,-17.4110
24870,P2,CASC,1.95,0.00,105,F,90691,-17.3915
24880,P2,CASC,1.80,0.00,105,F,90691,-17.3735
24890,P2,CASC,1.65,0.00,105,F,90691,-17.3570
24900,P2,CASC,1.50,0.00,105,F,90691,-17.3420
24910,P2,CASC,1.35,0.00,105,F,90691,-17.3285
24920,P2,CASC,1.20,0.00,105,F,90691,-17.3165
24930,P2,CASC,1.05,0.00,105,F,90691,-17.3060
24940,P2,CASC,0.90,0.00,105,F,90691,-17.2970
24950,P2,CASC,0.75,0.00,105,F,90691,-17.2895
24960,P2,CASC,0.60,0.00,105,F,90691,-17.2835
24970,P2,CASC,0.45,0.00,105,F,90691,-17.2790
24980,P2,CASC,0.30,0.00,105,F,90691,-17.2760
24990,P2,CASC,0.15,0.00,105,F,90691,-17.2745
25000,P2,CASC,0.00,0.00,75,F,90691,-17.2745
25010,P2,CASC,0.00,0.00,45,F,90691,-17.2745
25020,P2,CASC,0.00,0.00,15,F,90691,-17.2745
25030,P2,CASC,0.00,0.00,-14,R,90691,-17.2745
25040,P2,CASC,0.00,0.00,-42,R,90691,-17.2745
25050,P2,CASC,0.00,0.00,-42,R,90691,-17.2745
25060,P2,CASC,0.00,-2.50,-40,R,90690,-17.2495
25070,P2,CASC,0.00,0.00,-42,R,90690,-17.2495
25080,P2,CASC,0.00,0.00,-42,R,90690,-17.2495
25090,P2,CASC,0.00,0.00,-42,R,90690,-17.2495
25100,P2,CASC,0.00,0.00,-42,R,90690,-17.2495
25110,P2,CASC,0.00,0.00,-42,R,90690,-17.2495
25120,P2,CASC,0.00,0.00,-42,R,90690,-17.2495
25130,P2,CASC,0.00,0.00,-42,R,90690,-17.2495
25140,P2,CASC,0.00,0.00,-42,R,90690,-17.2495
25150,P2,CASC,0.00,0.00,-42,R,90690,-17.2495
25160,P2,CASC,0.00,0.00,-42,R,90690,-17.2495
25170,P2,CASC,0.00,0.00,-42,R,90690,-17.2495
25180,P2,CASC,0.00,0.00,-42,R,90690,-17.2495
25190,P2,CASC,0.00,0.00,-42,R,90690,-17.2495
25200,P2,CASC,0.00,0.00,-42,R,90690,-17.2495
25210,P2,CASC,0.00,0.00,-42,R,90690,-17.2495
25220,P2,CASC,0.00,0.00,-42,R,90690,-17.2495
25230,P2,CASC,0.00,0.00,-42,R,90690,-17.2495
25240,P2,CASC,0.00,0.00,-42,R,90690,-17.2495
25250,P2,CASC,0.00,0.00,-42,R,90690,-17.2495
25260,P2,CASC,0.00,0.00,-42,R,90690,-17.2495
25270,P2,CASC,0.00,0.00,-42,R,90690,-17.2495
25280,P2,CASC,0.00,0.00,-42,R,90690,-17.2495
25290,P2,CASC,0.00,0.00,-42,R,90690,-17.2495
25300,P2,CASC,0.00,0.00,-42,R,90690,-17.2495
25310,P2,CASC,0.00,0.00,-42,R,90690,-17.2495
25320,P2,CASC,0.00,0.00,-42,R,90690,-17.2495
25330,P2,CASC,0.00,0.00,-42,R,90690,-17.2495
25340,P2,CASC,0.00,0.00,-42,R,90690,-17.2495
25350,P2,CASC,0.00,0.00,-42,R,90690,-17.2495
25360,P2,CASC,0.00,0.00,-42,R,90690,-17.2495
25370,P2,CASC,0.00,0.00,-42,R,90690,-17.2495
25380,P2,CASC,0.00,0.00,-42,R,90690,-17.2495
25390,P2,CASC,0.00,0.00,-42,R,90690,-17.2495
25400,P2,CASC,0.00,0.00,-42,R,90690,-17.2495
25410,P2,CASC,0.00,0.00,-42,R,90690,-17.2495
25420,P2,CASC,0.00,0.00,-42,R,90690,-17.2495
25430,P2,CASC,0.00,0.00,-42,R,90690,-17.2495
25440,P2,CASC,0.00,0.00,-42,R,90690,-17.2495
25450,P2,CASC,0.00,0.00,-42,R,90690,-17.2495
25460,P2,CASC,0.00,0.00,-42,R,90690,-17.2495
25470,P2,CASC,0.00,0.00,-42,R,90690,-17.2495
25480,P2,CASC,0.00,0.00,-42,R,90690,-17.2495
25490,P2,CASC,0.00,0.00,-42,R,90690,-17.2495
25500,P2,CASC,0.00,0.00,-42,R,90690,-17.2495
25510,P2,CASC,0.00,0.00,-42,R,90690,-17.2495
25520,P2,CASC,0.00,0.00,-42,R,90690,-17.2495
25530,P2,CASC,0.00,0.00,-42,R,90690,-17.2495
25540,P2,CASC,0.00,0.00,-42,R,90690,-17.2495
25550,P2,CASC,0.00,0.00,-42,R,90690,-17.2495
25560,P2,CASC,0.00,0.00,-42,R,90690,-17.2495
25570,P2,CASC,0.00,0.00,-42,R,90690,-17.2495
25580,P2,CASC,0.00,0.00,-42,R,90690,-17.2495
25590,P2,CASC,0.00,0.00,-42,R,90690,-17.2495
25600,P2,CASC,0.00,0.00,-42,R,90690,-17.2495
25610,P2,CASC,0.00,0.00,-42,R,90690,-17.2495
25620,P2,CASC,0.00,0.00,-42,R,90690,-17.2495
25630,P2,CASC,0.00,0.00,-42,R,90690,-17.2495
25640,P2,CASC,0.00,0.00,-42,R,90690,-17.2495
25650,P2,CASC,0.00,0.00,-42,R,90690,-17.2495
25660,P2,CASC,0.00,0.00,-42,R,90690,-17.2495
25670,P2,CASC,0.00,0.00,-42,R,90690,-17.2495
25680,P2,CASC,0.00,0.00,-42,R,90690,-17.2495
25690,P2,CASC,0.00,0.00,-42,R,90690,-17.2495
25700,P2,CASC,0.00,0.00,-42,R,90690,-17.2495
25710,P2,CASC,0.00,0.00,-42,R,90690,-17.2495
25720,P2,CASC,0.00,0.00,-42,R,90690,-17.2495
25730,P2,CASC,0.00,0.00,-42,R,90690,-17.2495
25740,P2,CASC,0.00,0.00,-42,R,90690,-17.2495
25750,P2,CASC,0.00,0.00,-42,R,90690,-17.2495
25760,P2,CASC,0.00,0.00,-42,R,90690,-17.2495
25770,P2,CASC,0.00,0.00,-42,R,90690,-17.2495
25780,P2,CASC,0.00,0.00,-42,R,90690,-17.2495
25790,P2,CASC,0.00,0.00,-42,R,90690,-17.2495
25800,P2,CASC,0.00,0.00,-42,R,90690,-17.2495
25810,P2,CASC,0.00,0.00,-42,R,90690,-17.2495
25820,P2,CASC,0.00,0.00,-42,R,90690,-17.2495
25830,P2,CASC,0.00,0.00,-42,R,90690,-17.2495
25840,P2,CASC,0.00,0.00,-42,R,90690,-17.2495
25850,P2,CASC,0.00,0.00,-42,R,90690,-17.2495
25860,P2,CASC,0.00,0.00,-42,R,90690,-17.2495
25870,P2,CASC,0.00,0.00,-42,R,90690,-17.2495
25880,P2,CASC,0.00,0.00,-42,R,90690,-17.2495
25890,P2,CASC,0.00,0.00,-42,R,90690,-17.2495
25900,P2,CASC,0.00,0.00,-42,R,90690,-17.2495
25910,P2,CASC,0.00,0.00,-42,R,90690,-17.2495
25920,P2,CASC,0.00,0.00,-42,R,90690,-17.2495
25930,P2,CASC,0.00,0.00,-42,R,90690,-17.2495
25940,P2,CASC,0.00,0.00,-42,R,90690,-17.2495
25950,P2,CASC,0.00,0.00,-42,R,90690,-17.2495
25960,P2,CASC,0.00,0.00,-42,R,90690,-17.2495
25970,P2,CASC,0.00,0.00,-42,R,90690,-17.2495
25980,P2,CASC,0.00,0.00,-42,R,90690,-17.2495
25990,P2,CASC,0.00,0.00,-42,R,90690,-17.2495
26000,P2,CASC,0.00,0.00,-42,R,90690,-17.2495
26010,P2,CASC,0.00,0.00,-42,R,90690,-17.2495
26020,P2,CASC,0.00,0.00,-42,R,90690,-17.2495
26030,P2,CASC,0.00,0.00,-42,R,90690,-17.2495
26040,P2,CASC,0.00,0.00,-42,R,90690,-17.2495
26050,P2,CASC,0.00,0.00,-42,R,90690,-17.2495
26060,P2,CASC,0.00,0.00,-42,R,90690,-17.2495
26070,P2,CASC,0.00,0.00,-42,R,90690,-17.2495
26080,P2,CASC,0.00,0.00,-42,R,90690,-17.2495
26090,P2,CASC,0.00,0.00,-42,R,90690,-17.2495
26100,P2,CASC,0.00,0.00,-42,R,90690,-17.2495
26110,P2,CASC,0.00,0.00,-42,R,90690,-17.2495
26120,P2,CASC,0.00,0.00,-42,R,90690,-17.2495
26130,P2,CASC,0.00,0.00,-42,R,90690,-17.2495
26140,P2,CASC,0.00,0.00,-42,R,90690,-17.2495
26150,P2,CASC,0.00,0.00,-42,R,90690,-17.2495
26160,P2,CASC,0.00,0.00,-42,R,90690,-17.2495
26170,P2,CASC,0.00,0.00,-42,R,90690,-17.2495
26180,P2,CASC,0.00,0.00,-42,R,90690,-17.2495
26190,P2,CASC,0.00,0.00,-42,R,90690,-17.2495
26200,P2,CASC,0.00,0.00,-42,R,90690,-17.2495
26210,P2,CASC,0.00,0.00,-42,R,90690,-17.2495
26220,P2,CASC,0.00,0.00,-42,R,90690,-17.2495
26230,P2,CASC,0.00,0.00,-42,R,90690,-17.2495
26240,P2,CASC,0.00,0.00,-42,R,90690,-17.2495
26250,P2,CASC,0.00,0.00,-42,R,90690,-17.2495
26260,P2,CASC,0.00,0.00,-42,R,90690,-17.2495
26270,P2,CASC,0.00,0.00,-42,R,90690,-17.2495
26280,P2,CASC,0.00,0.00,-42,R,90690,-17.2495
26290,P2,CASC,0.00,0.00,-42,R,90690,-17.2495
26300,P2,CASC,0.00,0.00,-42,R,90690,-17.2495
26310,P2,CASC,0.00,0.00,-42,R,90690,-17.2495
26320,P2,CASC,0.00,0.00,-42,R,90690,-17.2495
26330,P2,CASC,0.00,0.00,-42,R,90690,-17.2495
26340,P2,CASC,0.00,0.00,-42,R,90690,-17.2495
26350,P2,CASC,0.00,0.00,-42,R,90690,-17.2495
26360,P2,CASC,0.00,0.00,-42,R,90690,-17.2495
26370,P2,CASC,0.00,0.00,-42,R,90690,-17.2495
26380,P2,CASC,0.00,0.00,-42,R,90690,-17.2495
26390,P2,CASC,0.00,0.00,-42,R,90690,-17.2495
26400,P2,CASC,0.00,0.00,-42,R,90690,-17.2495
26410,P2,CASC,0.00,0.00,-42,R,90690,-17.2495
26420,P2,CASC,0.00,0.00,-42,R,90690,-17.2495
26430,P2,CASC,0.00,0.00,-42,R,90690,-17.2495
26440,P2,CASC,0.00,0.00,-42,R,90690,-17.2495
26450,P2,CASC,0.00,0.00,-42,R,90690,-17.2495
26460,P2,CASC,0.00,0.00,-42,R,90690,-17.2495
26470,P2,CASC,0.00,0.00,-42,R,90690,-17.2495
26480,P2,CASC,0.00,0.00,-42,R,90690,-17.2495
26490,P2,CASC,0.00,0.00,-42,R,90690,-17.2495
26500,P2,CASC,0.00,0.00,-42,R,90690,-17.2495
26510,P2,CASC,0.00,0.00,-42,R,90690,-17.2495
26520,P2,CASC,0.00,0.00,-42,R,90690,-17.2495
26530,P2,CASC,0.00,0.00,-42,R,90690,-17.2495
26540,P2,CASC,0.00,0.00,-42,R,90690,-17.2495
26550,P2,CASC,0.00,0.00,-42,R,90690,-17.2495
26560,P2,CASC,0.00,0.00,-42,R,90690,-17.2495
26570,P2,CASC,0.00,0.00,-42,R,90690,-17.2495
26580,P2,CASC,0.00,0.00,-42,R,90690,-17.2495
26590,P2,CASC,0.00,0.00,-42,R,90690,-17.2495
26600,P2,CASC,0.00,0.00,-42,R,90690,-17.2495
26610,P2,CASC,0.00,0.00,-42,R,90690,-17.2495
26620,P2,CASC,0.00,0.00,-42,R,90690,-17.2495
26630,P2,CASC,0.00,0.00,-42,R,90690,-17.2495
26640,P2,CASC,0.00,0.00,-42,R,90690,-17.2495
26650,P2,CASC,0.00,0.00,-42,R,90690,-17.2495
26660,P2,CASC,0.00,0.00,-42,R,90690,-17.2495
26670,P2,CASC,0.00,0.00,-42,R,90690,-17.2495
26680,P2,CASC,0.00,0.00,-42,R,90690,-17.2495
26690,P2,CASC,0.00,0.00,-42,R,90690,-17.2495
26700,P2,CASC,0.00,0.00,-42,R,90690,-17.2495
26710,P2,CASC,0.00,0.00,-42,R,90690,-17.2495
26720,P2,CASC,0.00,0.00,-42,R,90690,-17.2495
26730,P2,CASC,0.00,0.00,-42,R,90690,-17.2495
26740,P2,CASC,0.00,0.00,-42,R,90690,-17.2495
26750,P2,CASC,0.00,0.00,-42,R,90690,-17.2495
26760,P2,CASC,0.00,0.00,-42,R,90690,-17.2495
26770,P2,CASC,0.00,0.00,-42,R,90690,-17.2495
26780,P2,CASC,0.00,0.00,-42,R,90690,-17.2495
26790,P2,CASC,0.00,0.00,-42,R,90690,-17.2495
26800,P2,CASC,0.00,0.00,-42,R,90690,-17.2495
26810,P2,CASC,0.00,0.00,-42,R,90690,-17.2495
26820,P2,CASC,0.00,0.00,-42,R,90690,-17.2495
26830,P2,CASC,0.00,0.00,-42,R,90690,-17.2495
26840,P2,CASC,0.00,0.00,-42,R,90690,-17.2495
26850,P2,CASC,0.00,0.00,-42,R,90690,-17.2495
26860,P2,CASC,0.00,0.00,-42,R,90690,-17.2495
26870,P2,CASC,0.00,0.00,-42,R,90690,-17.2495
26880,P2,CASC,0.00,0.00,-42,R,90690,-17.2495
26890,P2,CASC,0.00,0.00,-42,R,90690,-17.2495
26900,P2,CASC,0.00,0.00,-42,R,90690,-17.2495
26910,P2,CASC,0.00,0.00,-42,R,90690,-17.2495
26920,P2,CASC,0.00,0.00,-42,R,90690,-17.2495
26930,P2,CASC,0.00,0.00,-42,R,90690,-17.2495
26940,P2,CASC,0.00,0.00,-42,R,90690,-17.2495
26950,P2,CASC,0.00,0.00,-42,R,90690,-17.2495
26960,P2,CASC,0.00,0.00,-42,R,90690,-17.2495
26970,P2,CASC,0.00,0.00,-42,R,90690,-17.2495
26980,P2,CASC,0.00,0.00,-42,R,90690,-17.2495
26990,P2,CASC,0.00,0.00,-42,R,90690,-17.2495
27000,P2,CASC,0.00,0.00,-42,R,90690,-17.2495
27010,P2,CASC,0.00,0.00,-42,R,90690,-17.2495
27020,P2,CASC,0.00,0.00,-42,R,90690,-17.2495
27030,P2,CASC,0.00,0.00,-42,R,90690,-17.2495
27040,P2,CASC,0.00,0.00,-42,R,90690,-17.2495
27050,P2,CASC,0.00,0.00,-42,R,90690,-17.2495
27060,P2,CASC,0.00,0.00,-42,R,90690,-17.2495
27070,P2,CASC,0.00,0.00,-42,R,90690,-17.2495
27080,P2,CASC,0.00,0.00,-42,R,90690,-17.2495
27090,P2,CASC,0.00,0.00,-42,R,90690,-17.2495
27100,P2,CASC,0.00,0.00,-42,R,90690,-17.2495
27110,P2,CASC,0.00,0.00,-42,R,90690,-17.2495
27120,P2,CASC,0.00,0.00,-42,R,90690,-17.2495
27130,P2,CASC,0.00,0.00,-42,R,90690,-17.2495
27140,P2,CASC,0.00,0.00,-42,R,90690,-17.2495
27150,P2,CASC,0.00,0.00,-42,R,90690,-17.2495
27160,P2,CASC,0.00,0.00,-42,R,90690,-17.2495
27170,P2,CASC,0.00,0.00,-42,R,90690,-17.2495
27180,P2,CASC,0.00,0.00,-42,R,90690,-17.2495
27190,P2,CASC,0.00,0.00,-42,R,90690,-17.2495
27200,P2,CASC,0.00,0.00,-42,R,90690,-17.2495
27210,P2,CASC,0.00,0.00,-42,R,90690,-17.2495
27220,P2,CASC,0.00,0.00,-42,R,90690,-17.2495
27230,P2,CASC,0.00,0.00,-42,R,90690,-17.2495
27240,P2,CASC,0.00,0.00,-42,R,90690,-17.2495
27250,P2,CASC,0.00,0.00,-42,R,90690,-17.2495
27260,P2,CASC,0.00,0.00,-42,R,90690,-17.2495
27270,P2,CASC,0.00,0.00,-42,R,90690,-17.2495
27280,P2,CASC,0.00,0.00,-42,R,90690,-17.2495
27290,P2,CASC,0.00,0.00,-42,R,90690,-17.2495
27300,P2,CASC,0.00,0.00,-42,R,90690,-17.2495
27310,P2,CASC,0.00,0.00,-42,R,90690,-17.2495
27320,P2,CASC,0.00,0.00,-42,R,90690,-17.2495
27330,P2,CASC,0.00,0.00,-42,R,90690,-17.2495
27340,P2,CASC,0.00,0.00,-42,R,90690,-17.2495
27350,P2,CASC,0.00,0.00,-42,R,90690,-17.2495
27360,P2,CASC,0.00,0.00,-42,R,90690,-17.2495
27370,P2,CASC,0.00,0.00,-42,R,90690,-17.2495
27380,P2,CASC,0.00,0.00,-42,R,90690,-17.2495
27390,P2,CASC,0.00,0.00,-42,R,90690,-17.2495
27400,P2,CASC,0.00,0.00,-42,R,90690,-17.2495
27410,P2,CASC,0.00,0.00,-42,R,90690,-17.2495
27420,P2,CASC,0.00,0.00,-42,R,90690,-17.2495
27430,P2,CASC,0.00,0.00,-42,R,90690,-17.2495
27440,P2,CASC,0.00,0.00,-42,R,90690,-17.2495
27450,P2,CASC,0.00,0.00,-42,R,90690,-17.2495
27460,P2,CASC,0.00,0.00,-42,R,90690,-17.2495
27470,P2,CASC,0.00,0.00,-42,R,90690,-17.2495
27480,P2,CASC,0.00,0.00,-42,R,90690,-17.2495
27490,P2,CASC,0.00,0.00,-42,R,90690,-17.2495
27500,P2,CASC,0.00,0.00,-42,R,90690,-17.2495
27510,P2,CASC,0.00,0.00,-42,R,90690,-17.2495
27520,P2,CASC,0.00,0.00,-42,R,90690,-17.2495
27530,P2,CASC,0.00,0.00,-42,R,90690,-17.2495
27540,P2,CASC,0.00,0.00,-42,R,90690,-17.2495
27550,P2,CASC,0.00,0.00,-42,R,90690,-17.2495
27560,P2,CASC,0.00,0.00,-42,R,90690,-17.2495
27570,P2,CASC,0.00,0.00,-42,R,90690,-17.2495
27580,P2,CASC,0.00,0.00,-42,R,90690,-17.2495
27590,P2,CASC,0.00,0.00,-42,R,90690,-17.2495
27600,P2,CASC,0.00,0.00,-42,R,90690,-17.2495
27610,P2,CASC,0.00,0.00,-42,R,90690,-17.2495
27620,P2,CASC,0.00,0.00,-42,R,90690,-17.2495
27630,P2,CASC,0.00,0.00,-42,R,90690,-17.2495
27640,P2,CASC,0.00,0.00,-42,R,90690,-17.2495
27650,P2,CASC,0.00,0.00,-42,R,90690,-17.2495
27660,P2,CASC,0.00,0.00,-42,R,90690,-17.2495
27670,P2,CASC,0.00,0.00,-42,R,90690,-17.2495
27680,P2,CASC,0.00,0.00,-42,R,90690,-17.2495
27690,P2,CASC,0.00,0.00,-42,R,90690,-17.2495
27700,P2,CASC,0.00,0.00,-42,R,90690,-17.2495
27710,P2,CASC,0.00,0.00,-42,R,90690,-17.2495
27720,P2,CASC,0.00,0.00,-42,R,90690,-17.2495
27730,P2,CASC,0.00,0.00,-42,R,90690,-17.2495
27740,P2,CASC,0.00,0.00,-42,R,90690,-17.2495
27750,P2,CASC,0.00,0.00,-42,R,90690,-17.2495
27760,P2,CASC,0.00,0.00,-42,R,90690,-17.2495
27770,P2,CASC,0.00,0.00,-42,R,90690,-17.2495
27780,P2,CASC,0.00,0.00,-42,R,90690,-17.2495
27790,P2,CASC,0.00,0.00,-42,R,90690,-17.2495
27800,P2,CASC,0.00,0.00,-42,R,90690,-17.2495
27810,P2,CASC,0.00,0.00,-42,R,90690,-17.2495
27820,P2,CASC,0.00,0.00,-42,R,90690,-17.2495
27830,P2,CASC,0.00,0.00,-42,R,90690,-17.2495
27840,P2,CASC,0.00,0.00,-42,R,90690,-17.2495
27850,P2,CASC,0.00,0.00,-42,R,90690,-17.2495
27860,P2,CASC,0.00,0.00,-42,R,90690,-17.2495
27870,P2,CASC,0.00,0.00,-42,R,90690,-17.2495
27880,P2,CASC,0.00,0.00,-42,R,90690,-17.2495
27890,P2,CASC,0.00,0.00,-42,R,90690,-17.2495
27900,P2,CASC,0.00,0.00,-42,R,90690,-17.2495
27910,P2,CASC,0.00,0.00,-42,R,90690,-17.2495
27920,P2,CASC,0.00,0.00,-42,R,90690,-17.2495
27930,P2,CASC,0.00,0.00,-42,R,90690,-17.2495
27940,P2,CASC,0.00,0.00,-42,R,90690,-17.2495
27950,P2,CASC,0.00,0.00,-42,R,90690,-17.2495
27960,P2,CASC,0.00,0.00,-42,R,90690,-17.2495
27970,P2,CASC,0.00,0.00,-42,R,90690,-17.2495
27980,P2,CASC,0.00,0.00,-42,R,90690,-17.2495
27990,P2,CASC,0.00,0.00,-42,R,90690,-17.2495
28000,P2,CASC,0.00,0.00,-42,R,90690,-17.2495
28010,P2,CASC,-0.15,0.00,-72,R,90690,-17.2510
28020,P2,CASC,-0.30,0.00,-102,R,90690,-17.2540
28030,P2,CASC,-0.45,0.00,-132,R,90690,-17.2585
28040,P2,CASC,-0.60,0.00,-162,R,90690,-17.2645
28050,P2,CASC,-0.75,0.00,-190,R,90690,-17.2720
28060,P2,CASC,-0.90,0.00,-190,R,90690,-17.2810
28070,P2,CASC,-1.05,-20.01,-170,R,90682,-17.0915
28080,P2,CASC,-1.20,-35.00,-160,R,90668,-16.7535
28090,P2,CASC,-1.35,-35.00,-159,R,90654,-16.4170
28100,P2,CASC,-1.50,-37.51,-157,R,90639,-16.0569
28110,P2,CASC,-1.65,-37.50,-156,R,90624,-15.6985
28120,P2,CASC,-1.80,-40.00,-154,R,90608,-15.3165
28130,P2,CASC,-1.95,-42.51,-151,R,90591,-14.9109
28140,P2,CASC,-2.10,-45.00,-149,R,90573,-14.4819
28150,P2,CASC,-2.25,-42.50,-149,R,90556,-14.0794
28160,P2,CASC,-2.40,-45.00,-147,R,90538,-13.6534
28170,P2,CASC,-2.55,-47.50,-144,R,90519,-13.2039
28180,P2,CASC,-2.70,-47.50,-143,R,90500,-12.7560
28190,P2,CASC,-2.85,-49.99,-141,R,90480,-12.2846
28200,P2,CASC,-3.00,-50.02,-140,R,90460,-11.8144
28210,P2,CASC,-3.15,-47.50,-141,R,90441,-11.3709
28220,P2,CASC,-3.30,-50.00,-138,R,90421,-10.9039
28230,P2,CASC,-3.45,-52.49,-135,R,90400,-10.4135
28240,P2,CASC,-3.60,-50.01,-136,R,90380,-9.9494
28250,P2,CASC,-3.75,-52.48,-133,R,90359,-9.4621
28260,P2,CASC,-3.90,-50.02,-134,R,90339,-9.0009
28270,P2,CASC,-4.05,-49.99,-133,R,90319,-8.5415
28280,P2,CASC,-4.20,-52.50,-130,R,90298,-8.0585
28290,P2,CASC,-4.35,-52.49,-129,R,90277,-7.5770
28300,P2,CASC,-4.50,-50.00,-130,R,90257,-7.1220
28310,P2,CASC,-4.65,-52.50,-127,R,90236,-6.6435
28320,P2,CASC,-4.80,-49.99,-128,R,90216,-6.1916
28330,P2,CASC,-4.95,-49.99,-127,R,90196,-5.7411
28340,P2,CASC,-5.10,-50.01,-126,R,90176,-5.2921
28350,P2,CASC,-5.25,-50.01,-125,R,90156,-4.8445
28360,P2,CASC,-5.40,-47.50,-126,R,90137,-4.4235
28370,P2,CASC,-5.55,-47.50,-125,R,90118,-4.0039
28380,P2,CASC,-5.70,-47.49,-124,R,90099,-3.5860
28390,P2,CASC,-5.85,-47.51,-124,R,90080,-3.1694
28400,P2,CASC,-6.00,-45.00,-124,R,90062,-2.7794
28410,P2,CASC,-6.15,-45.00,-124,R,90044,-2.3910
28420,P2,CASC,-6.30,-44.99,-123,R,90026,-2.0040
28430,P2,CASC,-6.45,-45.01,-122,R,90008,-1.6185
28440,P2,CASC,-6.60,-44.97,-121,R,89990,-1.2347
28450,P2,CASC,-6.75,-42.52,-122,R,89973,-0.8770
28460,P2,CASC,-6.90,-42.50,-121,R,89956,-0.5210
28470,P2,CASC,-7.05,-42.49,-121,R,89939,-0.1666
28480,P2,CASC,-7.20,-40.00,-122,R,89923,0.1614
28490,P2,CASC,-7.35,-40.01,-121,R,89907,0.4881
28500,P2,CASC,-7.50,-39.99,-120,R,89891,0.8129
28510,P2,CASC,-7.65,-40.00,-120,R,89875,1.1364
28520,P2,CASC,-7.80,-40.01,-119,R,89859,1.4585
28530,P2,CASC,-7.95,-40.00,-119,R,89843,1.7791
28540,P2,CASC,-8.10,-37.50,-120,R,89828,2.0731
28550,P2,CASC,-8.25,-35.00,-121,R,89814,2.3405
28560,P2,CASC,-8.40,-37.50,-118,R,89799,2.6315
28570,P2,CASC,-8.55,-37.49,-118,R,89784,2.9209
28580,P2,CASC,-8.70,-35.00,-119,R,89770,3.1839
28590,P2,CASC,-8.85,-35.00,-119,R,89756,3.4455
28600,P2,CASC,-9.00,-35.00,-118,R,89742,3.7054
28610,P2,CASC,-9.15,-35.00,-118,R,89728,3.9639
28620,P2,CASC,-9.30,-32.51,-119,R,89715,4.1960
28630,P2,CASC,-9.45,-32.50,-118,R,89702,4.4265
28640,P2,CASC,-9.60,-34.99,-116,R,89688,4.6805
28650,P2,CASC,-9.75,-32.50,-117,R,89675,4.9080
28660,P2,CASC,-9.90,-32.50,-117,R,89662,5.1340
28670,P2,CASC,-10.05,-30.00,-118,R,89650,5.3335
28680,P2,CASC,-10.20,-32.50,-116,R,89637,5.5565
28690,P2,CASC,-10.35,-29.99,-118,R,89625,5.7529
28700,P2,CASC,-10.50,-32.51,-115,R,89612,5.9730
28710,P2,CASC,-10.65,-29.97,-117,R,89600,6.1662
28720,P2,CASC,-10.80,-30.03,-116,R,89588,6.3585
28730,P2,CASC,-10.95,-27.49,-118,R,89577,6.5239
28740,P2,CASC,-11.10,-30.01,-116,R,89565,6.7130
28750,P2,CASC,-11.25,-30.01,-115,R,89553,6.9006
28760,P2,CASC,-11.40,-27.49,-117,R,89542,7.0615
28770,P2,CASC,-11.55,-27.50,-117,R,89531,7.2210
28780,P2,CASC,-11.70,-27.51,-116,R,89520,7.3790
28790,P2,CASC,-11.85,-30.00,-114,R,89508,7.5605
28800,P2,CASC,-12.00,-27.50,-116,R,89497,7.7155
28810,P2,CASC,-12.15,-27.50,-115,R,89486,7.8689
28820,P2,CASC,-12.30,-25.01,-117,R,89476,7.9960
28830,P2,CASC,-12.45,-27.50,-115,R,89465,8.1465
28840,P2,CASC,-12.60,-27.49,-115,R,89454,8.2955
28850,P2,CASC,-12.75,-27.51,-115,R,89443,8.4430
28860,P2,CASC,-12.90,-27.50,-114,R,89432,8.5890
28870,P2,CASC,-13.05,-27.50,-114,R,89421,8.7335
28880,P2,CASC,-13.20,-25.00,-116,R,89411,8.8515
28890,P2,CASC,-13.35,-27.50,-114,R,89400,8.9930
28900,P2,CASC,-13.50,-27.50,-113,R,89389,9.1330
28910,P2,CASC,-13.65,-30.00,-112,R,89377,9.2965
28920,P2,CASC,-13.80,-27.51,-113,R,89366,9.4335
28930,P2,CASC,-13.95,-25.00,-114,R,89356,9.5440
28940,P2,CASC,-14.10,-27.50,-113,R,89345,9.6780
28950,P2,CASC,-14.25,-27.50,-112,R,89334,9.8105
28960,P2,CASC,-14.40,-25.00,-114,R,89324,9.9165
28970,P2,CASC,-14.55,-27.51,-112,R,89313,10.0460
28980,P2,CASC,-14.70,-27.50,-112,R,89302,10.1740
28990,P2,CASC,-14.85,-25.00,-113,R,89292,10.2755
29000,P2,CASC,-15.00,-25.00,-113,R,89282,10.3755
29010,P2,CASC,-15.15,-27.50,-111,R,89271,10.4990
29020,P2,CASC,-15.30,-27.50,-111,R,89260,10.6210
29030,P2,CASC,-15.45,-25.00,-113,R,89250,10.7165
29040,P2,CASC,-15.60,-25.00,-113,R,89240,10.8105
29050,P2,CASC,-15.75,-25.00,-113,R,89230,10.9030
29060,P2,CASC,-15.90,-27.51,-111,R,89219,11.0190
29070,P2,CASC,-16.05,-25.00,-112,R,89209,11.1085
29080,P2,CASC,-16.20,-22.50,-114,R,89200,11.1715
29090,P2,CASC,-16.35,-27.49,-110,R,89189,11.2830
29100,P2,CASC,-16.50,-22.50,-114,R,89180,11.3430
29110,P2,CASC,-16.65,-25.00,-112,R,89170,11.4265
29120,P2,CASC,-16.80,-22.50,-113,R,89161,11.4835
29130,P2,CASC,-16.95,-25.00,-112,R,89151,11.5640
29140,P2,CASC,-17.10,-25.00,-112,R,89141,11.6430
29150,P2,CASC,-17.25,-22.50,-113,R,89132,11.6955
29160,P2,CASC,-17.40,-25.00,-112,R,89122,11.7715
29170,P2,CASC,-17.55,-22.50,-113,R,89113,11.8210
29180,P2,CASC,-17.70,-22.50,-113,R,89104,11.8690
29190,P2,CASC,-17.85,-22.50,-113,R,89095,11.9155
29200,P2,CASC,-18.00,-25.00,-111,R,89085,11.9855
29210,P2,CASC,-18.15,-22.50,-113,R,89076,12.0290
29220,P2,CASC,-18.30,-22.50,-113,R,89067,12.0710
29230,P2,CASC,-18.45,-22.50,-113,R,89058,12.1115
29240,P2,CASC,-18.60,-22.49,-113,R,89049,12.1504
29250,P2,CASC,-18.75,-22.51,-113,R,89040,12.1880
29260,P2,CASC,-18.90,-22.49,-113,R,89031,12.2239
29270,P2,CASC,-19.05,-22.51,-113,R,89022,12.2585
29280,P2,CASC,-19.20,-22.50,-113,R,89013,12.2915
29290,P2,CASC,-19.35,-22.50,-113,R,89004,12.3230
29300,P2,CASC,-19.50,-20.00,-115,R,88996,12.3280
29310,P2,CASC,-19.65,-22.50,-113,R,88987,12.3565
29320,P2,CASC,-19.80,-22.50,-113,R,88978,12.3835
29330,P2,CASC,-19.95,-22.50,-113,R,88969,12.4090
29340,P2,CASC,-20.10,-20.00,-110,R,88961,12.4080
29350,P2,CASC,-20.25,-22.51,-114,R,88952,12.4305
29360,P2,CASC,-20.40,-20.00,-110,R,88944,12.4265
29370,P2,CASC,-20.55,-20.00,-110,R,88936,12.4210
29380,P2,CASC,-20.70,-20.00,-111,R,88928,12.4140
29390,P2,CASC,-20.85,-20.00,-111,R,88920,12.4055
29400,P2,CASC,-21.00,-20.00,-111,R,88912,12.3954
29410,P2,CASC,-21.15,-20.00,-111,R,88904,12.3840
29420,P2,CASC,-21.30,-20.00,-111,R,88896,12.3710
29430,P2,CASC,-21.45,-20.00,-111,R,88888,12.3565
29440,P2,CASC,-21.60,-17.50,-112,R,88881,12.3155
29450,P2,CASC,-21.75,-19.99,-111,R,88873,12.2979
29460,P2,CASC,-21.90,-17.50,-112,R,88866,12.2539
29470,P2,CASC,-22.05,-20.01,-111,R,88858,12.2335
29480,P2,CASC,-22.20,-17.50,-112,R,88851,12.1865
29490,P2,CASC,-22.35,-20.00,-112,R,88843,12.1630
29500,P2,CASC,-22.50,-17.50,-112,R,88836,12.1130
29510,P2,CASC,-22.65,-17.50,-113,R,88829,12.0615
29520,P2,CASC,-22.80,-20.00,-112,R,88821,12.0335
29530,P2,CASC,-22.95,-17.50,-113,R,88814,11.9790
29540,P2,CASC,-23.10,-17.50,-113,R,88807,11.9230
29550,P2,CASC,-23.25,-17.50,-113,R,88800,11.8655
29560,P2,CASC,-23.40,-17.50,-113,R,88793,11.8065
29570,P2,CASC,-23.55,-20.00,-113,R,88785,11.7710
29580,P2,CASC,-23.70,-17.50,-114,R,88778,11.7090
29590,P2,CASC,-23.85,-17.50,-114,R,88771,11.6455
29600,P2,CASC,-24.00,-20.00,-113,R,88763,11.6055
29610,P2,CASC,-24.15,-15.00,-115,R,88757,11.5140
29620,P2,CASC,-24.30,-17.50,-115,R,88750,11.4460
29630,P2,CASC,-24.45,-19.99,-114,R,88742,11.4014
29640,P2,CASC,-24.60,-17.51,-115,R,88735,11.3305
29650,P2,CASC,-24.75,-17.49,-115,R,88728,11.2579
29660,P2,CASC,-24.90,-17.50,-115,R,88721,11.1840
29670,P2,CASC,-25.05,-17.50,-116,R,88714,11.1084
29680,P2,CASC,-25.20,-17.50,-116,R,88707,11.0315
29690,P2,CASC,-25.35,-17.50,-116,R,88700,10.9529
29700,P2,CASC,-25.50,-17.50,-116,R,88693,10.8729
29710,P2,CASC,-25.65,-17.50,-117,R,88686,10.7915
29720,P2,CASC,-25.80,-17.50,-117,R,88679,10.7085
29730,P2,CASC,-25.95,-20.00,-117,R,88671,10.6490
29740,P2,CASC,-26.10,-17.50,-117,R,88664,10.5629
29750,P2,CASC,-26.25,-17.50,-118,R,88657,10.4755
29760,P2,CASC,-26.40,-17.50,-118,R,88650,10.3865
29770,P2,CASC,-26.55,-17.49,-118,R,88643,10.2959
29780,P2,CASC,-26.70,-17.51,-119,R,88636,10.2040
29790,P2,CASC,-26.85,-20.00,-118,R,88628,10.1355
29800,P2,CASC,-27.00,-17.50,-119,R,88621,10.0404
29810,P2,CASC,-27.15,-17.51,-119,R,88614,9.9440
29820,P2,CASC,-27.30,-20.00,-119,R,88606,9.8710
29830,P2,CASC,-27.45,-20.00,-119,R,88598,9.7965
29840,P2,CASC,-27.60,-17.50,-120,R,88591,9.6955
29850,P2,CASC,-27.75,-20.00,-120,R,88583,9.6179
29860,P2,CASC,-27.90,-17.50,-121,R,88576,9.5140
29870,P2,CASC,-28.05,-17.50,-121,R,88569,9.4085
29880,P2,CASC,-28.20,-22.50,-120,R,88560,9.3514
29890,P2,CASC,-28.35,-20.01,-121,R,88552,9.2680
29900,P2,CASC,-28.50,-20.00,-121,R,88544,9.1830
29910,P2,CASC,-28.65,-19.99,-121,R,88536,9.0964
29920,P2,CASC,-28.80,-20.00,-122,R,88528,9.0084
29930,P2,CASC,-28.95,-20.00,-122,R,88520,8.9189
29940,P2,CASC,-29.10,-20.00,-122,R,88512,8.8280
29950,P2,CASC,-29.25,-19.99,-122,R,88504,8.7354
29960,P2,CASC,-29.40,-20.00,-123,R,88496,8.6415
29970,P2,CASC,-29.55,-22.50,-122,R,88487,8.5709
29980,P2,CASC,-29.70,-22.50,-123,R,88478,8.4989
29990,P2,CASC,-29.85,-22.50,-123,R,88469,8.4254
30000,P2,CASC,-30.00,-20.00,-124,R,88461,8.3254
30010,P2,CASC,-30.15,-22.50,-123,R,88452,8.2489
30020,P2,CASC,-30.30,-22.50,-124,R,88443,8.1709
30030,P2,CASC,-30.45,-22.50,-124,R,88434,8.0914
30040,P2,CASC,-30.60,-25.01,-123,R,88424,8.0355
30050,P2,CASC,-30.75,-22.50,-124,R,88415,7.9530
30060,P2,CASC,-30.90,-22.50,-125,R,88406,7.8690
30070,P2,CASC,-31.05,-25.00,-124,R,88396,7.8085
30080,P2,CASC,-31.20,-22.50,-125,R,88387,7.7215
30090,P2,CASC,-31.35,-27.50,-124,R,88376,7.6829
30100,P2,CASC,-31.50,-25.00,-125,R,88366,7.6179
30110,P2,CASC,-31.65,-25.00,-125,R,88356,7.5514
30120,P2,CASC,-31.80,-25.01,-125,R,88346,7.4835
30130,P2,CASC,-31.95,-25.01,-125,R,88336,7.4140
30140,P2,CASC,-32.10,-27.49,-125,R,88325,7.3679
30150,P2,CASC,-32.25,-25.01,-126,R,88315,7.2955
30160,P2,CASC,-32.40,-27.49,-125,R,88304,7.2464
30170,P2,CASC,-32.55,-27.50,-126,R,88293,7.1959
30180,P2,CASC,-32.70,-27.51,-126,R,88282,7.1439
30190,P2,CASC,-32.85,-27.50,-126,R,88271,7.0904
30200,P2,CASC,-33.00,-30.00,-125,R,88259,7.0604
30210,P2,CASC,-33.15,-27.50,-126,R,88248,7.0039
30220,P2,CASC,-33.30,-32.50,-125,R,88235,6.9959
30230,P2,CASC,-33.45,-30.00,-126,R,88223,6.9614
30240,P2,CASC,-33.60,-27.51,-127,R,88212,6.9005
30250,P2,CASC,-33.75,-32.50,-125,R,88199,6.8880
30260,P2,CASC,-33.90,-30.00,-126,R,88187,6.8490
30270,P2,CASC,-34.05,-35.00,-127,R,88173,6.8585
30280,P2,CASC,-34.20,-32.49,-126,R,88160,6.8414
30290,P2,CASC,-34.35,-30.01,-126,R,88148,6.7980
30300,P2,CASC,-34.50,-34.99,-128,R,88134,6.8029
30310,P2,CASC,-34.65,-32.50,-126,R,88121,6.7814
30320,P2,CASC,-34.80,-35.01,-128,R,88107,6.7835
30330,P2,CASC,-34.95,-32.49,-126,R,88094,6.7589
30340,P2,CASC,-35.10,-35.01,-125,R,88080,6.7580
30350,P2,CASC,-35.25,-34.99,-126,R,88066,6.7554
30360,P2,CASC,-35.40,-35.00,-126,R,88052,6.7514
30370,P2,CASC,-35.55,-35.00,-126,R,88038,6.7459
30380,P2,CASC,-35.70,-37.51,-127,R,88023,6.7640
30390,P2,CASC,-35.85,-34.99,-126,R,88009,6.7554
30400,P2,CASC,-36.00,-37.50,-127,R,87994,6.7704
30410,P2,CASC,-36.15,-37.51,-127,R,87979,6.7840
30420,P2,CASC,-36.30,-35.00,-126,R,87965,6.7710
30430,P2,CASC,-36.45,-37.50,-127,R,87950,6.7815
30440,P2,CASC,-36.60,-37.49,-127,R,87935,6.7904
30450,P2,CASC,-36.75,-37.50,-127,R,87920,6.7979
30460,P2,CASC,-36.90,-37.51,-128,R,87905,6.8040
30470,P2,CASC,-37.05,-40.00,-126,R,87889,6.8334
30480,P2,CASC,-37.20,-40.01,-126,R,87873,6.8615
30490,P2,CASC,-37.35,-37.49,-128,R,87858,6.8629
30500,P2,CASC,-37.50,-39.99,-126,R,87842,6.8879
30510,P2,CASC,-37.65,-40.00,-126,R,87826,6.9114
30520,P2,CASC,-37.80,-40.01,-126,R,87810,6.9335
30530,P2,CASC,-37.95,-39.99,-126,R,87794,6.9539
30540,P2,CASC,-38.10,-37.51,-125,R,87779,6.9480
30550,P2,CASC,-38.25,-39.99,-126,R,87763,6.9654
30560,P2,CASC,-38.40,-40.01,-126,R,87747,6.9815
30570,P2,CASC,-38.55,-40.00,-127,R,87731,6.9960
30580,P2,CASC,-38.70,-37.50,-125,R,87716,6.9840
30590,P2,CASC,-38.85,-40.00,-127,R,87700,6.9955
30600,P2,CASC,-39.00,-37.50,-125,R,87685,6.9805
30610,P2,CASC,-39.15,-37.49,-125,R,87670,6.9639
30620,P2,CASC,-39.30,-40.00,-127,R,87654,6.9709
30630,P2,CASC,-39.45,-37.50,-125,R,87639,6.9514
30640,P2,CASC,-39.60,-37.51,-126,R,87624,6.9305
30650,P2,CASC,-39.75,-37.50,-126,R,87609,6.9080
30660,P2,CASC,-39.90,-37.50,-126,R,87594,6.8840
30670,P2,CASC,-40.05,-39.99,-125,R,87578,6.8833
30680,P2,CASC,-40.20,-37.50,-126,R,87563,6.8564
30690,P2,CASC,-40.35,-35.01,-127,R,87549,6.8030
30700,P2,CASC,-40.50,-37.50,-126,R,87534,6.7730
30710,P2,CASC,-40.65,-37.50,-126,R,87519,6.7415
30720,P2,CASC,-40.80,-35.00,-127,R,87505,6.6835
30730,P2,CASC,-40.95,-37.50,-127,R,87490,6.6490
30740,P2,CASC,-41.10,-34.99,-127,R,87476,6.5879
30750,P2,CASC,-41.25,-37.50,-127,R,87461,6.5504
30760,P2,CASC,-41.40,-37.49,-127,R,87446,6.5113
30770,P2,CASC,-41.55,-32.51,-129,R,87433,6.4209
30780,P2,CASC,-41.70,-37.50,-127,R,87418,6.3790
30790,P2,CASC,-41.85,-35.00,-128,R,87404,6.3105
30800,P2,CASC,-42.00,-34.99,-129,R,87390,6.2404
30810,P2,CASC,-42.15,-35.01,-129,R,87376,6.1690
30820,P2,CASC,-42.30,-35.00,-129,R,87362,6.0959
30830,P2,CASC,-42.45,-37.50,-129,R,87347,6.0465
30840,P2,CASC,-42.60,-34.99,-129,R,87333,5.9704
30850,P2,CASC,-42.75,-35.00,-130,R,87319,5.8929
30860,P2,CASC,-42.90,-37.50,-129,R,87304,5.8389
30870,P2,CASC,-43.05,-34.99,-130,R,87290,5.7583
30880,P2,CASC,-43.20,-37.52,-130,R,87275,5.7015
30890,P2,CASC,-43.35,-34.99,-131,R,87261,5.6179
30900,P2,CASC,-43.50,-37.50,-130,R,87246,5.5579
30910,P2,CASC,-43.65,-35.01,-131,R,87232,5.4714
30920,P2,CASC,-43.80,-37.49,-131,R,87217,5.4083
30930,P2,CASC,-43.95,-35.01,-131,R,87203,5.3190
30940,P2,CASC,-44.10,-37.50,-131,R,87188,5.2529
30950,P2,CASC,-44.25,-37.50,-131,R,87173,5.1854
30960,P2,CASC,-44.40,-37.50,-132,R,87158,5.1164
30970,P2,CASC,-44.55,-37.50,-132,R,87143,5.0459
30980,P2,CASC,-44.70,-37.51,-132,R,87128,4.9740
30990,P2,CASC,-44.85,-37.49,-132,R,87113,4.9004
31000,P2,CASC,-45.00,-37.51,-132,R,87098,4.8254
31010,P2,CASC,-45.15,-37.49,-133,R,87083,4.7489
31020,P2,CASC,-45.30,-37.50,-133,R,87068,4.6709
31030,P2,CASC,-45.45,-40.00,-133,R,87052,4.6164
31040,P2,CASC,-45.60,-40.00,-133,R,87036,4.5604
31050,P2,CASC,-45.75,-40.00,-133,R,87020,4.5029
31060,P2,CASC,-45.90,-37.50,-134,R,87005,4.4189
31070,P2,CASC,-46.05,-42.50,-133,R,86988,4.3834
31080,P2,CASC,-46.20,-42.51,-133,R,86971,4.3465
31090,P2,CASC,-46.35,-42.49,-133,R,86954,4.3079
31100,P2,CASC,-46.50,-42.51,-133,R,86937,4.2680
31110,P2,CASC,-46.65,-42.49,-133,R,86920,4.2264
31120,P2,CASC,-46.80,-42.51,-133,R,86903,4.1835
31130,P2,CASC,-46.95,-40.00,-134,R,86887,4.1140
31140,P2,CASC,-47.10,-44.99,-133,R,86869,4.0928
31150,P2,CASC,-47.25,-45.01,-133,R,86851,4.0705
31160,P2,CASC,-47.40,-42.50,-134,R,86834,4.0215
31170,P2,CASC,-47.55,-42.50,-134,R,86817,3.9710
31180,P2,CASC,-47.70,-45.00,-134,R,86799,3.9440
31190,P2,CASC,-47.85,-42.49,-134,R,86782,3.8904
31200,P2,CASC,-48.00,-42.50,-135,R,86765,3.8354
31210,P2,CASC,-48.15,-45.01,-134,R,86747,3.8040
31220,P2,CASC,-48.30,-47.50,-134,R,86728,3.7960
31230,P2,CASC,-48.45,-42.50,-135,R,86711,3.7365
31240,P2,CASC,-48.60,-45.00,-134,R,86693,3.7005
31250,P2,CASC,-48.75,-44.99,-135,R,86675,3.6629
31260,P2,CASC,-48.90,-47.50,-134,R,86656,3.6489
31270,P2,CASC,-49.05,-45.00,-135,R,86638,3.6085
31280,P2,CASC,-49.20,-45.00,-135,R,86620,3.5664
31290,P2,CASC,-49.35,-45.01,-135,R,86602,3.5230
31300,P2,CASC,-49.50,-45.00,-135,R,86584,3.4780
31310,P2,CASC,-49.65,-45.00,-135,R,86566,3.4315
31320,P2,CASC,-49.80,-45.00,-136,R,86548,3.3835
31330,P2,CASC,-49.95,-42.50,-136,R,86531,3.3090
31340,P2,CASC,-50.10,-44.99,-136,R,86513,3.2579
31350,P2,CASC,-50.25,-45.00,-136,R,86495,3.2054
31360,P2,CASC,-50.40,-45.01,-137,R,86477,3.1515
31370,P2,CASC,-50.55,-44.99,-137,R,86459,3.0959
31380,P2,CASC,-50.70,-42.49,-138,R,86442,3.0138
31390,P2,CASC,-50.85,-45.00,-138,R,86424,2.9554
31400,P2,CASC,-51.00,-45.01,-138,R,86406,2.8955
31410,P2,CASC,-51.15,-47.50,-137,R,86387,2.8589
31420,P2,CASC,-51.30,-44.99,-138,R,86369,2.7958
31430,P2,CASC,-51.45,-45.02,-139,R,86351,2.7315
31440,P2,CASC,-51.60,-47.49,-138,R,86332,2.6904
31450,P2,CASC,-51.75,-47.49,-139,R,86313,2.6478
31460,P2,CASC,-51.90,-45.00,-139,R,86295,2.5789
31470,P2,CASC,-52.05,-50.00,-138,R,86275,2.5584
31480,P2,CASC,-52.20,-45.01,-140,R,86257,2.4865
31490,P2,CASC,-52.35,-47.50,-140,R,86238,2.4379
31500,P2,CASC,-52.50,-47.50,-140,R,86219,2.3879
31510,P2,CASC,-52.65,-47.51,-140,R,86200,2.3365
31520,P2,CASC,-52.80,-47.49,-140,R,86181,2.2834
31530,P2,CASC,-52.95,-47.50,-141,R,86162,2.2289
31540,P2,CASC,-53.10,-49.99,-140,R,86142,2.1979
31550,P2,CASC,-53.25,-47.50,-141,R,86123,2.1403
31560,P2,CASC,-53.40,-47.52,-141,R,86104,2.0815
31570,P2,CASC,-53.55,-49.99,-141,R,86084,2.0460
31580,P2,CASC,-53.70,-47.49,-142,R,86065,1.9839
31590,P2,CASC,-53.85,-47.50,-142,R,86046,1.9204
31600,P2,CASC,-54.00,-49.99,-142,R,86026,1.8803
31610,P2,CASC,-54.15,-50.01,-142,R,86006,1.8389
31620,P2,CASC,-54.30,-47.50,-143,R,85987,1.7709
31630,P2,CASC,-54.45,-50.01,-143,R,85967,1.7264
31640,P2,CASC,-54.60,-50.01,-143,R,85947,1.6805
31650,P2,CASC,-54.75,-47.50,-144,R,85928,1.6080
31660,P2,CASC,-54.90,-49.99,-143,R,85908,1.5590
31670,P2,CASC,-55.05,-49.99,-144,R,85888,1.5084
31680,P2,CASC,-55.20,-50.01,-144,R,85868,1.4565
31690,P2,CASC,-55.35,-49.99,-144,R,85848,1.4029
31700,P2,CASC,-55.50,-52.50,-144,R,85827,1.3729
31710,P2,CASC,-55.65,-49.99,-145,R,85807,1.3164
31720,P2,CASC,-55.80,-52.51,-144,R,85786,1.2834
31730,P2,CASC,-55.95,-55.00,-144,R,85764,1.2739
31740,P2,CASC,-56.10,-52.49,-145,R,85743,1.2378
31750,P2,CASC,-56.25,-52.52,-145,R,85722,1.2005
31760,P2,CASC,-56.40,-54.98,-145,R,85700,1.1863
31770,P2,CASC,-56.55,-52.51,-145,R,85679,1.1459
31780,P2,CASC,-56.70,-57.50,-144,R,85656,1.1539
31790,P2,CASC,-56.85,-52.50,-146,R,85635,1.1104
31800,P2,CASC,-57.00,-55.01,-145,R,85613,1.0905
31810,P2,CASC,-57.15,-57.51,-145,R,85590,1.0940
31820,P2,CASC,-57.30,-54.98,-146,R,85568,1.0708
31830,P2,CASC,-57.45,-57.50,-145,R,85545,1.0713
31840,P2,CASC,-57.60,-57.50,-145,R,85522,1.0703
31850,P2,CASC,-57.75,-54.99,-146,R,85500,1.0428
31860,P2,CASC,-57.90,-60.02,-144,R,85476,1.0640
31870,P2,CASC,-58.05,-57.49,-146,R,85453,1.0584
31880,P2,CASC,-58.20,-60.00,-145,R,85429,1.0764
31890,P2,CASC,-58.35,-57.51,-146,R,85406,1.0679
31900,P2,CASC,-58.50,-59.99,-145,R,85382,1.0829
31910,P2,CASC,-58.65,-57.49,-146,R,85359,1.0713
31920,P2,CASC,-58.80,-60.02,-146,R,85335,1.0835
31930,P2,CASC,-58.95,-57.51,-146,R,85312,1.0690
31940,P2,CASC,-59.10,-59.99,-146,R,85288,1.0779
31950,P2,CASC,-59.25,-57.51,-147,R,85265,1.0605
31960,P2,CASC,-59.40,-57.49,-147,R,85242,1.0414
31970,P2,CASC,-59.55,-60.01,-147,R,85218,1.0460
31980,P2,CASC,-59.70,-57.49,-147,R,85195,1.0239
31990,P2,CASC,-59.85,-59.99,-147,R,85171,1.0254
32000,P2,CASC,-60.00,-57.50,-147,R,85148,1.0004
32010,P2,CASC,-60.15,-60.01,-147,R,85124,0.9990
32020,P2,CASC,-60.30,-57.50,-148,R,85101,0.9710
32030,P2,CASC,-60.45,-60.00,-147,R,85077,0.9665
32040,P2,CASC,-60.60,-60.00,-147,R,85053,0.9605
32050,P2,CASC,-60.75,-57.50,-148,R,85030,0.9280
32060,P2,CASC,-60.90,-60.00,-148,R,85006,0.9190
32070,P2,CASC,-61.05,-59.99,-148,R,84982,0.9084
32080,P2,CASC,-61.20,-60.01,-148,R,84958,0.8965
32090,P2,CASC,-61.35,-59.99,-148,R,84934,0.8830
32100,P2,CASC,-61.50,-57.49,-149,R,84911,0.8429
32110,P2,CASC,-61.65,-59.99,-149,R,84887,0.8263
32120,P2,CASC,-61.80,-62.51,-148,R,84862,0.8334
32130,P2,CASC,-61.95,-59.99,-149,R,84838,0.8139
32140,P2,CASC,-62.10,-60.01,-149,R,84814,0.7929
32150,P2,CASC,-62.25,-60.01,-149,R,84790,0.7705
32160,P2,CASC,-62.40,-59.99,-150,R,84766,0.7465
32170,P2,CASC,-62.55,-59.99,-150,R,84742,0.7209
32180,P2,CASC,-62.70,-57.49,-151,R,84719,0.6688
32190,P2,CASC,-62.85,-60.01,-150,R,84695,0.6404
32200,P2,CASC,-63.00,-60.01,-150,R,84671,0.6104
32210,P2,CASC,-63.15,-60.01,-151,R,84647,0.5790
32220,P2,CASC,-63.30,-62.49,-150,R,84622,0.5709
32230,P2,CASC,-63.45,-60.00,-151,R,84598,0.5364
32240,P2,CASC,-63.60,-62.51,-151,R,84573,0.5255
32250,P2,CASC,-63.75,-62.48,-151,R,84548,0.5128
32260,P2,CASC,-63.90,-62.53,-151,R,84523,0.4991
32270,P2,CASC,-64.05,-62.50,-151,R,84498,0.4836
32280,P2,CASC,-64.20,-62.50,-151,R,84473,0.4666
32290,P2,CASC,-64.35,-64.99,-151,R,84447,0.4729
32300,P2,CASC,-64.50,-62.51,-151,R,84422,0.4531
32310,P2,CASC,-64.65,-62.50,-152,R,84397,0.4316
32320,P2,CASC,-64.80,-62.49,-152,R,84372,0.4085
32330,P2,CASC,-64.95,-65.00,-152,R,84346,0.4090
32340,P2,CASC,-65.10,-65.00,-151,R,84320,0.4080
32350,P2,CASC,-65.25,-62.50,-152,R,84295,0.3805
32360,P2,CASC,-65.40,-64.99,-152,R,84269,0.3764
32370,P2,CASC,-65.55,-65.00,-152,R,84243,0.3709
32380,P2,CASC,-65.70,-65.01,-152,R,84217,0.3639
32390,P2,CASC,-65.85,-65.01,-152,R,84191,0.3555
32400,P2,CASC,-66.00,-62.51,-153,R,84166,0.3206
32410,P2,CASC,-66.15,-64.98,-153,R,84140,0.3089
32420,P2,CASC,-66.30,-62.49,-153,R,84115,0.2708
32430,P2,CASC,-66.45,-62.50,-154,R,84090,0.2313
32440,P2,CASC,-66.60,-62.51,-154,R,84065,0.1904
32450,P2,CASC,-66.75,-65.02,-154,R,84039,0.1731
32460,P2,CASC,-66.90,-60.00,-155,R,84015,0.1041
32470,P2,CASC,-67.05,-65.00,-154,R,83989,0.0836
32480,P2,CASC,-67.20,-65.00,-154,R,83963,0.0616
32490,P2,CASC,-67.35,-64.99,-154,R,83937,0.0380
32500,P2,CASC,-67.50,-65.00,-155,R,83911,0.0130
32510,P2,CASC,-67.65,-67.50,-154,R,83884,0.0115
32520,P2,CASC,-67.80,-67.49,-154,R,83857,0.0084
32530,P2,CASC,-67.95,-65.00,-155,R,83831,-0.0211
32540,P2,CASC,-68.10,-67.49,-155,R,83804,-0.0272
32550,P2,CASC,-68.25,-65.01,-155,R,83778,-0.0596
32560,P2,CASC,-68.40,-69.99,-154,R,83750,-0.0437
32570,P2,CASC,-68.55,-65.01,-156,R,83724,-0.0791
32580,P2,CASC,-68.70,-67.51,-155,R,83697,-0.0910
32590,P2,CASC,-68.85,-69.99,-154,R,83669,-0.0796
32600,P2,CASC,-69.00,-67.51,-156,R,83642,-0.0945
32610,P2,CASC,-69.15,-67.50,-156,R,83615,-0.1110
32620,P2,CASC,-69.30,-64.99,-157,R,83589,-0.1542
32630,P2,CASC,-69.45,-70.01,-155,R,83561,-0.1485
32640,P2,CASC,-69.60,-65.00,-157,R,83535,-0.1945
32650,P2,CASC,-69.75,-67.51,-156,R,83508,-0.2169
32660,P2,CASC,-69.90,-67.49,-157,R,83481,-0.2411
32670,P2,CASC,-70.05,-67.50,-157,R,83454,-0.2666
32680,P2,CASC,-70.20,-67.50,-157,R,83427,-0.2936
32690,P2,CASC,-70.35,-67.50,-157,R,83400,-0.3221
32700,P2,CASC,-70.50,-70.00,-157,R,83372,-0.3271
32710,P2,CASC,-70.65,-70.01,-157,R,83344,-0.3334
32720,P2,CASC,-70.80,-67.49,-158,R,83317,-0.3666
32730,P2,CASC,-70.95,-69.99,-157,R,83289,-0.3761
32740,P2,CASC,-71.10,-72.52,-156,R,83260,-0.3619
32750,P2,CASC,-71.25,-67.50,-158,R,83233,-0.3994
32760,P2,CASC,-71.40,-69.99,-158,R,83205,-0.4135
32770,P2,CASC,-71.55,-72.49,-157,R,83176,-0.4041
32780,P2,CASC,-71.70,-72.49,-157,R,83147,-0.3961
32790,P2,CASC,-71.85,-70.00,-158,R,83119,-0.4146
32800,P2,CASC,-72.00,-72.51,-157,R,83090,-0.4095
32810,P2,CASC,-72.15,-72.50,-157,R,83061,-0.4060
32820,P2,CASC,-72.30,-72.49,-158,R,83032,-0.4041
32830,P2,CASC,-72.45,-74.99,-156,R,83002,-0.3786
32840,P2,CASC,-72.60,-72.51,-158,R,82973,-0.3795
32850,P2,CASC,-72.75,-72.50,-158,R,82944,-0.3820
32860,P2,CASC,-72.90,-72.50,-158,R,82915,-0.3860
32870,P2,CASC,-73.05,-70.00,-159,R,82887,-0.4165
32880,P2,CASC,-73.20,-75.01,-157,R,82857,-0.3984
32890,P2,CASC,-73.35,-72.50,-159,R,82828,-0.4069
32900,P2,CASC,-73.50,-69.98,-160,R,82800,-0.4421
32910,P2,CASC,-73.65,-72.51,-159,R,82771,-0.4535
32920,P2,CASC,-73.80,-72.51,-159,R,82742,-0.4664
32930,P2,CASC,-73.95,-72.49,-160,R,82713,-0.4811
32940,P2,CASC,-74.10,-72.51,-160,R,82684,-0.4969
32950,P2,CASC,-74.25,-75.00,-159,R,82654,-0.4894
32960,P2,CASC,-74.40,-72.50,-160,R,82625,-0.5084
32970,P2,CASC,-74.55,-72.49,-160,R,82596,-0.5291
32980,P2,CASC,-74.70,-75.00,-159,R,82566,-0.5261
32990,P2,CASC,-74.85,-74.96,-160,R,82536,-0.5249
33000,P2,CASC,-75.00,-72.54,-161,R,82507,-0.5496
33010,P2,CASC,-75.15,-72.51,-161,R,82478,-0.5759
33020,P2,CASC,-75.30,-74.99,-160,R,82448,-0.5790
33030,P2,CASC,-75.45,-75.01,-160,R,82418,-0.5834
33040,P2,CASC,-75.60,-72.49,-161,R,82389,-0.6146
33050,P2,CASC,-75.75,-75.00,-161,R,82359,-0.6221
33060,P2,CASC,-75.90,-72.51,-162,R,82330,-0.6559
33070,P2,CASC,-76.05,-72.47,-162,R,82301,-0.6917
33080,P2,CASC,-76.20,-72.51,-162,R,82272,-0.7287
33090,P2,CASC,-76.35,-72.51,-162,R,82243,-0.7671
33100,P2,CASC,-76.50,-72.51,-163,R,82214,-0.8069
33110,P2,CASC,-76.65,-74.99,-162,R,82184,-0.8236
33120,P2,CASC,-76.80,-75.01,-162,R,82154,-0.8415
33130,P2,CASC,-76.95,-74.99,-162,R,82124,-0.8611
33140,P2,CASC,-77.10,-72.50,-163,R,82095,-0.9071
33150,P2,CASC,-77.25,-75.01,-163,R,82065,-0.9294
33160,P2,CASC,-77.40,-74.99,-163,R,82035,-0.9535
33170,P2,CASC,-77.55,-74.99,-163,R,82005,-0.9792
33180,P2,CASC,-77.70,-75.01,-163,R,81975,-1.0060
33190,P2,CASC,-77.85,-74.99,-164,R,81945,-1.0347
33200,P2,CASC,-78.00,-75.00,-164,R,81915,-1.0647
33210,P2,CASC,-78.15,-75.01,-164,R,81885,-1.0961
33220,P2,CASC,-78.30,-77.50,-164,R,81854,-1.1041
33230,P2,CASC,-78.45,-74.99,-164,R,81824,-1.1387
33240,P2,CASC,-78.60,-75.01,-165,R,81794,-1.1747
33250,P2,CASC,-78.75,-75.01,-165,R,81764,-1.2120
33260,P2,CASC,-78.90,-72.50,-166,R,81735,-1.2760
33270,P2,CASC,-79.05,-75.00,-165,R,81705,-1.3165
33280,P2,CASC,-79.20,-72.50,-166,R,81676,-1.3835
33290,P2,CASC,-79.35,-72.51,-167,R,81647,-1.4519
33300,P2,CASC,-79.50,-72.49,-167,R,81618,-1.5220
33310,P2,CASC,-79.65,-74.99,-167,R,81588,-1.5687
33320,P2,CASC,-79.80,-75.02,-167,R,81558,-1.6164
33330,P2,CASC,-79.95,-74.99,-167,R,81528,-1.6661
33340,P2,CASC,-80.10,-75.01,-167,R,81498,-1.7170
33350,P2,CASC,-80.25,-77.51,-167,R,81467,-1.7444
33360,P2,CASC,-80.40,-74.97,-168,R,81437,-1.7987
33370,P2,CASC,-80.55,-77.52,-168,R,81406,-1.8291
33380,P2,CASC,-80.70,-75.01,-168,R,81376,-1.8859
33390,P2,CASC,-80.85,-77.50,-168,R,81345,-1.9194
33400,P2,CASC,-81.00,-74.99,-169,R,81315,-1.9795
33410,P2,CASC,-81.15,-77.50,-169,R,81284,-2.0160
33420,P2,CASC,-81.30,-77.49,-169,R,81253,-2.0541
33430,P2,CASC,-81.45,-77.50,-169,R,81222,-2.0936
33440,P2,CASC,-81.60,-75.00,-170,R,81192,-2.1596
33450,P2,CASC,-81.75,-75.01,-170,R,81162,-2.2269
33460,P2,CASC,-81.90,-74.97,-171,R,81132,-2.2962
33470,P2,CASC,-82.05,-77.50,-170,R,81101,-2.3417
33480,P2,CASC,-82.20,-72.51,-172,R,81072,-2.4387
33490,P2,CASC,-82.35,-77.52,-171,R,81041,-2.4869
33500,P2,CASC,-82.50,-72.48,-173,R,81012,-2.5871
33510,P2,CASC,-82.65,-77.49,-172,R,80981,-2.6387
33520,P2,CASC,-82.80,-75.01,-173,R,80951,-2.7166
33530,P2,CASC,-82.95,-77.50,-172,R,80920,-2.7711
33540,P2,CASC,-83.10,-75.01,-173,R,80890,-2.8520
33550,P2,CASC,-83.25,-79.98,-172,R,80858,-2.8847
33560,P2,CASC,-83.40,-75.01,-174,R,80828,-2.9686
33570,P2,CASC,-83.55,-77.49,-174,R,80797,-3.0292
33580,P2,CASC,-83.70,-77.52,-174,R,80766,-3.0910
33590,P2,CASC,-83.85,-77.50,-174,R,80735,-3.1545
33600,P2,CASC,-84.00,-77.50,-174,R,80704,-3.2195
33610,P2,CASC,-84.15,-79.98,-174,R,80672,-3.2612
33620,P2,CASC,-84.30,-80.02,-174,R,80640,-3.3039
33630,P2,CASC,-84.45,-79.98,-175,R,80608,-3.3486
33640,P2,CASC,-84.60,-79.99,-175,R,80576,-3.3947
33650,P2,CASC,-84.75,-80.02,-175,R,80544,-3.4420
33660,P2,CASC,-84.90,-77.50,-176,R,80513,-3.5160
33670,P2,CASC,-85.05,-80.00,-176,R,80481,-3.5665
33680,P2,CASC,-85.20,-77.51,-177,R,80450,-3.6434
33690,P2,CASC,-85.35,-79.99,-176,R,80418,-3.6970
33700,P2,CASC,-85.50,-79.98,-177,R,80386,-3.7522
33710,P2,CASC,-85.65,-79.99,-177,R,80354,-3.8087
33720,P2,CASC,-85.80,-80.03,-177,R,80322,-3.8664
33730,P2,CASC,-85.95,-79.99,-178,R,80290,-3.9260
33740,P2,CASC,-86.10,-82.50,-177,R,80257,-3.9620
33750,P2,CASC,-86.25,-79.99,-178,R,80225,-4.0246
33760,P2,CASC,-86.40,-82.49,-178,R,80192,-4.0637
33770,P2,CASC,-86.55,-82.52,-178,R,80159,-4.1039
33780,P2,CASC,-86.70,-85.00,-178,R,80125,-4.1209
33790,P2,CASC,-86.85,-82.48,-178,R,80092,-4.1647
33800,P2,CASC,-87.00,-85.03,-178,R,80058,-4.1844
33810,P2,CASC,-87.15,-82.47,-179,R,80025,-4.2312
33820,P2,CASC,-87.30,-85.03,-179,R,79991,-4.2540
33830,P2,CASC,-87.45,-85.00,-179,R,79957,-4.2785
33840,P2,CASC,-87.60,-82.51,-180,R,79924,-4.3294
33850,P2,CASC,-87.75,-82.48,-180,R,79891,-4.3822
33860,P2,CASC,-87.90,-85.02,-180,R,79857,-4.4110
33870,P2,CASC,-88.05,-84.98,-180,R,79823,-4.4417
33880,P2,CASC,-88.20,-82.51,-181,R,79790,-4.4986
33890,P2,CASC,-88.35,-89.98,-177,R,79754,-4.4823
33900,P2,CASC,-88.50,-87.54,-180,R,79719,-4.4919
33910,P2,CASC,-88.65,-84.97,-181,R,79685,-4.5287
33920,P2,CASC,-88.80,-87.53,-180,R,79650,-4.5414
33930,P2,CASC,-88.95,-87.50,-180,R,79615,-4.5559
33940,P2,CASC,-89.10,-87.49,-180,R,79580,-4.5720
33950,P2,CASC,-89.25,-87.49,-181,R,79545,-4.5896
33960,P2,CASC,-89.40,-87.49,-181,R,79510,-4.6087
33970,P2,CASC,-89.55,-90.02,-178,R,79474,-4.6040
33980,P2,CASC,-89.70,-87.51,-181,R,79439,-4.6259
33990,P2,CASC,-89.85,-89.96,-179,R,79403,-4.6247
34000,P2,CASC,-90.00,-87.54,-182,R,79368,-4.6494
34010,P2,CASC,-90.15,-87.49,-182,R,79333,-4.6760
34020,P2,CASC,-90.30,-84.98,-183,R,79299,-4.7292
34030,P2,CASC,-90.45,-87.51,-182,R,79264,-4.7586
34040,P2,CASC,-90.60,-87.51,-182,R,79229,-4.7895
34050,P2,CASC,-90.75,-87.49,-183,R,79194,-4.8221
34060,P2,CASC,-90.90,-87.50,-183,R,79159,-4.8561
34070,P2,CASC,-91.05,-92.49,-179,R,79122,-4.8417
34080,P2,CASC,-91.20,-90.03,-183,R,79086,-4.8534
34090,P2,CASC,-91.35,-92.48,-180,R,79049,-4.8421
34100,P2,CASC,-91.50,-92.48,-180,R,79012,-4.8323
34110,P2,CASC,-91.65,-92.53,-180,R,78975,-4.8235
34120,P2,CASC,-91.80,-92.50,-180,R,78938,-4.8165
34130,P2,CASC,-91.95,-92.49,-181,R,78901,-4.8111
34140,P2,CASC,-92.10,-94.99,-179,R,78863,-4.7822
34150,P2,CASC,-92.25,-92.51,-181,R,78826,-4.7796
34160,P2,CASC,-92.40,-89.98,-184,R,78790,-4.8038
34170,P2,CASC,-92.55,-95.03,-180,R,78752,-4.7790
34180,P2,CASC,-92.70,-90.01,-184,R,78716,-4.8059
34190,P2,CASC,-92.85,-92.50,-183,R,78679,-4.8094
34200,P2,CASC,-93.00,-92.47,-184,R,78642,-4.8147
34210,P2,CASC,-93.15,-90.02,-184,R,78606,-4.8460
34220,P2,CASC,-93.30,-95.01,-181,R,78568,-4.8289
34230,P2,CASC,-93.45,-94.96,-181,R,78530,-4.8138
34240,P2,CASC,-93.60,-92.51,-184,R,78493,-4.8247
34250,P2,CASC,-93.75,-95.02,-181,R,78455,-4.8120
34260,P2,CASC,-93.90,-94.98,-182,R,78417,-4.8012
34270,P2,CASC,-94.05,-95.00,-182,R,78379,-4.7917
34280,P2,CASC,-94.20,-95.01,-182,R,78341,-4.7836
34290,P2,CASC,-94.35,-92.50,-185,R,78304,-4.8021
34300,P2,CASC,-94.50,-95.02,-182,R,78266,-4.7969
34310,P2,CASC,-94.65,-97.47,-181,R,78227,-4.7687
34320,P2,CASC,-94.80,-95.01,-183,R,78189,-4.7666
34330,P2,CASC,-94.95,-95.00,-183,R,78151,-4.7661
34340,P2,CASC,-95.10,-95.02,-185,R,78113,-4.7669
34350,P2,CASC,-95.25,-94.98,-185,R,78075,-4.7696
34360,P2,CASC,-95.40,-95.00,-185,R,78037,-4.7736
34370,P2,CASC,-95.55,-95.02,-185,R,77999,-4.7789
34380,P2,CASC,-95.70,-97.47,-182,R,77960,-4.7612
34390,P2,CASC,-95.85,-95.00,-186,R,77922,-4.7697
34400,P2,CASC,-96.00,-95.03,-186,R,77884,-4.7794
34410,P2,CASC,-96.15,-99.97,-181,R,77844,-4.7412
34420,P2,CASC,-96.30,-97.53,-183,R,77805,-4.7289
34430,P2,CASC,-96.45,-97.48,-183,R,77766,-4.7186
34440,P2,CASC,-96.60,-100.02,-182,R,77726,-4.6844
34450,P2,CASC,-96.75,-97.48,-183,R,77687,-4.6771
34460,P2,CASC,-96.90,-97.50,-184,R,77648,-4.6711
34470,P2,CASC,-97.05,-100.01,-182,R,77608,-4.6415
34480,P2,CASC,-97.20,-97.50,-184,R,77569,-4.6385
34490,P2,CASC,-97.35,-95.01,-187,R,77531,-4.6619
34500,P2,CASC,-97.50,-97.47,-186,R,77492,-4.6622
34510,P2,CASC,-97.65,-95.00,-187,R,77454,-4.6887
34520,P2,CASC,-97.80,-97.52,-187,R,77415,-4.6915
34530,P2,CASC,-97.95,-100.01,-183,R,77375,-4.6709
34540,P2,CASC,-98.10,-99.99,-184,R,77335,-4.6520
34550,P2,CASC,-98.25,-97.51,-187,R,77296,-4.6594
34560,P2,CASC,-98.40,-102.46,-182,R,77255,-4.6188
34570,P2,CASC,-98.55,-97.54,-187,R,77216,-4.6289
34580,P2,CASC,-98.70,-99.96,-184,R,77176,-4.6163
34590,P2,CASC,-98.85,-97.54,-187,R,77137,-4.6294
34600,P2,CASC,-99.00,-99.99,-185,R,77097,-4.6195
34610,P2,CASC,-99.15,-102.48,-183,R,77056,-4.5862
34620,P2,CASC,-99.30,-100.03,-185,R,77016,-4.5789
34630,P2,CASC,-99.45,-97.50,-188,R,76977,-4.5984
34640,P2,CASC,-99.60,-97.49,-188,R,76938,-4.6195
34650,P2,CASC,-99.75,-97.48,-188,R,76899,-4.6422
34660,P2,CASC,-99.90,-97.50,-188,R,76860,-4.6662
34670,P2,CASC,-100.05,-97.52,-189,R,76821,-4.6915
34680,P2,CASC,-100.20,-99.99,-188,R,76781,-4.6936
34690,P2,CASC,-100.35,-102.51,-185,R,76740,-4.6720
34700,P2,CASC,-100.50,-100.00,-188,R,76700,-4.6770
34710,P2,CASC,-100.65,-104.99,-184,R,76658,-4.6336
34720,P2,CASC,-100.80,-102.48,-185,R,76617,-4.6168
34730,P2,CASC,-100.95,-102.53,-186,R,76576,-4.6010
34740,P2,CASC,-101.10,-105.00,-184,R,76534,-4.5620
34750,P2,CASC,-101.25,-105.00,-184,R,76492,-4.5245
34760,P2,CASC,-101.40,-102.50,-186,R,76451,-4.5135
34770,P2,CASC,-101.55,-105.00,-184,R,76409,-4.4790
34780,P2,CASC,-101.70,-102.50,-186,R,76368,-4.4710
34790,P2,CASC,-101.85,-102.48,-186,R,76327,-4.4647
34800,P2,CASC,-102.00,-100.01,-189,R,76287,-4.4846
34810,P2,CASC,-102.15,-102.50,-187,R,76246,-4.4811
34820,P2,CASC,-102.30,-100.00,-190,R,76206,-4.5041
34830,P2,CASC,-102.45,-107.44,-184,R,76163,-4.4543
34840,P2,CASC,-102.60,-100.06,-190,R,76123,-4.4797
34850,P2,CASC,-102.75,-105.00,-186,R,76081,-4.4572
34860,P2,CASC,-102.90,-105.00,-186,R,76039,-4.4362
34870,P2,CASC,-103.05,-102.52,-189,R,75998,-4.4415
34880,P2,CASC,-103.20,-105.00,-186,R,75956,-4.4235
34890,P2,CASC,-103.35,-104.96,-187,R,75914,-4.4074
34900,P2,CASC,-103.50,-105.00,-187,R,75872,-4.3924
34910,P2,CASC,-103.65,-105.01,-187,R,75830,-4.3788
34920,P2,CASC,-103.80,-105.01,-187,R,75788,-4.3667
34930,P2,CASC,-103.95,-104.98,-187,R,75746,-4.3564
34940,P2,CASC,-104.10,-105.02,-187,R,75704,-4.3472
34950,P2,CASC,-104.25,-102.51,-190,R,75663,-4.3646
34960,P2,CASC,-104.40,-105.00,-188,R,75621,-4.3586
34970,P2,CASC,-104.55,-104.99,-188,R,75579,-4.3542
34980,P2,CASC,-104.70,-104.99,-188,R,75537,-4.3513
34990,P2,CASC,-104.85,-102.53,-191,R,75496,-4.3745
35000,P2,CASC,-105.00,-107.48,-187,R,75453,-4.3497
35010,P2,CASC,-105.15,-107.50,-187,R,75410,-4.3262
35020,P2,CASC,-105.30,-104.99,-190,R,75368,-4.3293
35030,P2,CASC,-105.45,-110.01,-186,R,75324,-4.2837
35040,P2,CASC,-105.60,-107.50,-187,R,75281,-4.2647
35050,P2,CASC,-105.75,-107.50,-188,R,75238,-4.2472
35060,P2,CASC,-105.90,-107.51,-188,R,75195,-4.2311
35070,P2,CASC,-106.05,-107.50,-188,R,75152,-4.2166
35080,P2,CASC,-106.20,-104.98,-191,R,75110,-4.2288
35090,P2,CASC,-106.35,-104.99,-191,R,75068,-4.2424
35100,P2,CASC,-106.50,-107.52,-189,R,75025,-4.2322
35110,P2,CASC,-106.65,-107.52,-189,R,74982,-4.2235
35120,P2,CASC,-106.80,-107.47,-189,R,74939,-4.2168
35130,P2,CASC,-106.95,-107.50,-189,R,74896,-4.2113
35140,P2,CASC,-107.10,-107.53,-189,R,74853,-4.2070
35150,P2,CASC,-107.25,-107.50,-189,R,74810,-4.2045
35160,P2,CASC,-107.40,-107.50,-190,R,74767,-4.2035
35170,P2,CASC,-107.55,-107.47,-191,R,74724,-4.2043
35180,P2,CASC,-107.70,-110.03,-188,R,74680,-4.1810
35190,P2,CASC,-107.85,-107.50,-192,R,74637,-4.1845
35200,P2,CASC,-108.00,-107.50,-192,R,74594,-4.1895
35210,P2,CASC,-108.15,-107.49,-192,R,74551,-4.1961
35220,P2,CASC,-108.30,-107.48,-192,R,74508,-4.2043
35230,P2,CASC,-108.45,-104.99,-193,R,74466,-4.2389
35240,P2,CASC,-108.60,-107.54,-192,R,74423,-4.2495
35250,P2,CASC,-108.75,-107.50,-193,R,74380,-4.2620
35260,P2,CASC,-108.90,-109.97,-190,R,74336,-4.2513
35270,P2,CASC,-109.05,-112.49,-189,R,74291,-4.2169
35280,P2,CASC,-109.20,-112.52,-189,R,74246,-4.1837
35290,P2,CASC,-109.35,-112.49,-189,R,74201,-4.1523
35300,P2,CASC,-109.50,-112.52,-189,R,74156,-4.1221
35310,P2,CASC,-109.65,-112.47,-189,R,74111,-4.0939
35320,P2,CASC,-109.80,-115.01,-187,R,74065,-4.0418
35330,P2,CASC,-109.95,-112.52,-189,R,74020,-4.0161
35340,P2,CASC,-110.10,-112.50,-189,R,73975,-3.9921
35350,P2,CASC,-110.25,-110.01,-193,R,73931,-3.9945
35360,P2,CASC,-110.40,-109.99,-193,R,73887,-3.9986
35370,P2,CASC,-110.55,-110.00,-193,R,73843,-4.0041
35380,P2,CASC,-110.70,-110.00,-193,R,73799,-4.0111
35390,P2,CASC,-110.85,-114.99,-189,R,73753,-3.9697
35400,P2,CASC,-111.00,-112.50,-190,R,73708,-3.9547
35410,P2,CASC,-111.15,-112.52,-191,R,73663,-3.9410
35420,P2,CASC,-111.30,-112.50,-191,R,73618,-3.9290
35430,P2,CASC,-111.45,-112.50,-191,R,73573,-3.9185
35440,P2,CASC,-111.60,-112.49,-191,R,73528,-3.9096
35450,P2,CASC,-111.75,-112.48,-191,R,73483,-3.9023
35460,P2,CASC,-111.90,-115.00,-190,R,73437,-3.8713
35470,P2,CASC,-112.05,-115.03,-190,R,73391,-3.8415
35480,P2,CASC,-112.20,-112.46,-192,R,73346,-3.8389
35490,P2,CASC,-112.35,-110.04,-194,R,73302,-3.8620
35500,P2,CASC,-112.50,-112.46,-194,R,73257,-3.8624
35510,P2,CASC,-112.65,-112.51,-194,R,73212,-3.8638
35520,P2,CASC,-112.80,-115.01,-191,R,73166,-3.8417
35530,P2,CASC,-112.95,-114.98,-191,R,73120,-3.8214
35540,P2,CASC,-113.10,-112.55,-194,R,73075,-3.8270
35550,P2,CASC,-113.25,-114.99,-191,R,73029,-3.8096
35560,P2,CASC,-113.40,-117.50,-190,R,72982,-3.7686
35570,P2,CASC,-113.55,-114.98,-192,R,72936,-3.7543
35580,P2,CASC,-113.70,-117.52,-190,R,72889,-3.7161
35590,P2,CASC,-113.85,-117.48,-190,R,72842,-3.6798
35600,P2,CASC,-114.00,-115.01,-192,R,72796,-3.6697
35610,P2,CASC,-114.15,-115.01,-192,R,72750,-3.6611
35620,P2,CASC,-114.30,-112.49,-195,R,72705,-3.6792
35630,P2,CASC,-114.45,-112.51,-195,R,72660,-3.6986
35640,P2,CASC,-114.60,-115.00,-193,R,72614,-3.6946
35650,P2,CASC,-114.75,-117.50,-191,R,72567,-3.6671
35660,P2,CASC,-114.90,-115.00,-193,R,72521,-3.6661
35670,P2,CASC,-115.05,-114.98,-195,R,72475,-3.6668
35680,P2,CASC,-115.20,-117.52,-192,R,72428,-3.6436
35690,P2,CASC,-115.35,-117.44,-192,R,72381,-3.6227
35700,P2,CASC,-115.50,-115.07,-195,R,72335,-3.6270
35710,P2,CASC,-115.65,-114.97,-195,R,72289,-3.6338
35720,P2,CASC,-115.80,-117.52,-192,R,72242,-3.6166
35730,P2,CASC,-115.95,-117.50,-193,R,72195,-3.6011
35740,P2,CASC,-116.10,-114.98,-195,R,72149,-3.6123
35750,P2,CASC,-116.25,-115.02,-196,R,72103,-3.6246
35760,P2,CASC,-116.40,-112.48,-196,R,72058,-3.6638
35770,P2,CASC,-116.55,-112.53,-197,R,72013,-3.7040
35780,P2,CASC,-116.70,-117.45,-194,R,71966,-3.6964
35790,P2,CASC,-116.85,-120.05,-192,R,71918,-3.6645
35800,P2,CASC,-117.00,-119.99,-192,R,71870,-3.6346
35810,P2,CASC,-117.15,-117.48,-194,R,71823,-3.6313
35820,P2,CASC,-117.30,-120.04,-193,R,71775,-3.6040
35830,P2,CASC,-117.45,-122.48,-191,R,71726,-3.5537
35840,P2,CASC,-117.60,-122.52,-191,R,71677,-3.5045
35850,P2,CASC,-117.75,-119.96,-193,R,71629,-3.4823
35860,P2,CASC,-117.90,-120.01,-193,R,71581,-3.4612
35870,P2,CASC,-118.05,-117.50,-196,R,71534,-3.4667
35880,P2,CASC,-118.20,-117.52,-196,R,71487,-3.4735
35890,P2,CASC,-118.35,-120.00,-194,R,71439,-3.4570
35900,P2,CASC,-118.50,-117.46,-196,R,71392,-3.4673
35910,P2,CASC,-118.65,-120.00,-194,R,71344,-3.4538
35920,P2,CASC,-118.80,-120.04,-194,R,71296,-3.4414
35930,P2,CASC,-118.95,-122.50,-193,R,71247,-3.4059
35940,P2,CASC,-119.10,-119.95,-195,R,71199,-3.3974
35950,P2,CASC,-119.25,-120.02,-195,R,71151,-3.3897
35960,P2,CASC,-119.40,-119.99,-195,R,71103,-3.3838
35970,P2,CASC,-119.55,-120.04,-195,R,71055,-3.3789
35980,P2,CASC,-119.70,-122.50,-194,R,71006,-3.3509
35990,P2,CASC,-119.85,-122.43,-194,R,70957,-3.3252
36000,P2,CASC,-120.00,-117.55,-197,R,70910,-3.3497
36010,P2,CASC,-120.15,-120.02,-197,R,70862,-3.3510
36020,P2,CASC,-120.30,-119.95,-197,R,70814,-3.3545
36030,P2,CASC,-120.45,-122.52,-194,R,70765,-3.3337
36040,P2,CASC,-120.60,-122.48,-195,R,70716,-3.3150
36050,P2,CASC,-120.75,-122.50,-195,R,70667,-3.2975
36060,P2,CASC,-120.90,-122.52,-195,R,70618,-3.2812
36070,P2,CASC,-121.05,-122.52,-195,R,70569,-3.2665
36080,P2,CASC,-121.20,-124.99,-194,R,70519,-3.2286
36090,P2,CASC,-121.35,-125.00,-194,R,70469,-3.1921
36100,P2,CASC,-121.50,-124.99,-194,R,70419,-3.1572
36110,P2,CASC,-121.65,-122.52,-196,R,70370,-3.1485
36120,P2,CASC,-121.80,-122.50,-196,R,70321,-3.1415
36130,P2,CASC,-121.95,-120.00,-198,R,70273,-3.1610
36140,P2,CASC,-122.10,-122.50,-196,R,70224,-3.1570
36150,P2,CASC,-122.25,-122.49,-196,R,70175,-3.1546
36160,P2,CASC,-122.40,-122.49,-197,R,70126,-3.1537
36170,P2,CASC,-122.55,-122.48,-198,R,70077,-3.1545
36180,P2,CASC,-122.70,-125.00,-195,R,70027,-3.1315
36190,P2,CASC,-122.85,-122.51,-198,R,69978,-3.1348
36200,P2,CASC,-123.00,-125.04,-196,R,69928,-3.1145
36210,P2,CASC,-123.15,-122.49,-198,R,69879,-3.1211
36220,P2,CASC,-123.30,-124.98,-196,R,69829,-3.1043
36230,P2,CASC,-123.45,-122.50,-199,R,69780,-3.1138
36240,P2,CASC,-123.60,-122.54,-199,R,69731,-3.1245
36250,P2,CASC,-123.75,-119.96,-200,R,69683,-3.1623
36260,P2,CASC,-123.90,-122.52,-199,R,69634,-3.1761
36270,P2,CASC,-124.05,-122.50,-199,R,69585,-3.1916
36280,P2,CASC,-124.20,-124.96,-197,R,69535,-3.1840
36290,P2,CASC,-124.35,-125.03,-197,R,69485,-3.1772
36300,P2,CASC,-124.50,-130.01,-194,R,69433,-3.1221
36310,P2,CASC,-124.65,-127.50,-196,R,69382,-3.0936
36320,P2,CASC,-124.80,-129.95,-194,R,69330,-3.0421
36330,P2,CASC,-124.95,-127.51,-196,R,69279,-3.0165
36340,P2,CASC,-125.10,-127.51,-196,R,69228,-2.9923
36350,P2,CASC,-125.25,-127.50,-196,R,69177,-2.9698
36360,P2,CASC,-125.40,-127.49,-197,R,69126,-2.9490
36370,P2,CASC,-125.55,-125.04,-199,R,69076,-2.9541
36380,P2,CASC,-125.70,-124.98,-200,R,69026,-2.9613
36390,P2,CASC,-125.85,-127.53,-197,R,68975,-2.9446
36400,P2,CASC,-126.00,-127.47,-197,R,68924,-2.9298
36410,P2,CASC,-126.15,-127.51,-197,R,68873,-2.9162
36420,P2,CASC,-126.30,-127.53,-198,R,68822,-2.9040
36430,P2,CASC,-126.45,-127.45,-198,R,68771,-2.8940
36440,P2,CASC,-126.60,-127.53,-198,R,68720,-2.8847
36450,P2,CASC,-126.75,-127.53,-198,R,68669,-2.8770
36460,P2,CASC,-126.90,-127.50,-198,R,68618,-2.8710
36470,P2,CASC,-127.05,-129.99,-197,R,68566,-2.8416
36480,P2,CASC,-127.20,-127.47,-199,R,68515,-2.8388
36490,P2,CASC,-127.35,-125.03,-201,R,68465,-2.8621
36500,P2,CASC,-127.50,-127.51,-199,R,68414,-2.8620
36510,P2,CASC,-127.65,-127.50,-200,R,68363,-2.8635
36520,P2,CASC,-127.80,-129.96,-198,R,68311,-2.8419
36530,P2,CASC,-127.95,-130.03,-198,R,68259,-2.8211
36540,P2,CASC,-128.10,-130.00,-198,R,68207,-2.8021
36550,P2,CASC,-128.25,-130.00,-198,R,68155,-2.7846
36560,P2,CASC,-128.40,-130.01,-198,R,68103,-2.7685
36570,P2,CASC,-128.55,-134.95,-195,R,68049,-2.7045
36580,P2,CASC,-128.70,-130.05,-199,R,67997,-2.6910
36590,P2,CASC,-128.85,-129.96,-199,R,67945,-2.6799
36600,P2,CASC,-129.00,-127.49,-201,R,67894,-2.6950
36610,P2,CASC,-129.15,-127.51,-201,R,67843,-2.7114
36620,P2,CASC,-129.30,-130.01,-199,R,67791,-2.7042
36630,P2,CASC,-129.45,-132.51,-198,R,67738,-2.6736
36640,P2,CASC,-129.60,-127.46,-202,R,67687,-2.6950
36650,P2,CASC,-129.75,-132.51,-198,R,67634,-2.6674
36660,P2,CASC,-129.90,-127.51,-202,R,67583,-2.6912
36670,P2,CASC,-130.05,-130.01,-201,R,67531,-2.6916
36680,P2,CASC,-130.20,-132.47,-199,R,67478,-2.6689
36690,P2,CASC,-130.35,-130.03,-202,R,67426,-2.6721
36700,P2,CASC,-130.50,-130.01,-202,R,67374,-2.6770
36710,P2,CASC,-130.65,-129.99,-202,R,67322,-2.6836
36720,P2,CASC,-130.80,-125.00,-203,R,67272,-2.7416
36730,P2,CASC,-130.95,-130.00,-202,R,67220,-2.7511
36740,P2,CASC,-131.10,-129.99,-202,R,67168,-2.7622
36750,P2,CASC,-131.25,-132.50,-200,R,67115,-2.7497
36760,P2,CASC,-131.40,-134.97,-199,R,67061,-2.7140
36770,P2,CASC,-131.55,-135.04,-199,R,67007,-2.6791
36780,P2,CASC,-131.70,-134.97,-199,R,66953,-2.6464
36790,P2,CASC,-131.85,-135.01,-199,R,66899,-2.6147
36800,P2,CASC,-132.00,-137.47,-198,R,66844,-2.5600
36810,P2,CASC,-132.15,-135.03,-199,R,66790,-2.5312
36820,P2,CASC,-132.30,-134.97,-200,R,66736,-2.5045
36830,P2,CASC,-132.45,-130.03,-203,R,66684,-2.5288
36840,P2,CASC,-132.60,-135.01,-200,R,66630,-2.5046
36850,P2,CASC,-132.75,-132.46,-203,R,66577,-2.5075
36860,P2,CASC,-132.90,-132.53,-203,R,66524,-2.5113
36870,P2,CASC,-133.05,-134.99,-200,R,66470,-2.4919
36880,P2,CASC,-133.20,-134.99,-201,R,66416,-2.4740
36890,P2,CASC,-133.35,-132.51,-203,R,66363,-2.4824
36900,P2,CASC,-133.50,-135.03,-201,R,66309,-2.4671
36910,P2,CASC,-133.65,-137.49,-199,R,66254,-2.4288
36920,P2,CASC,-133.80,-135.03,-201,R,66200,-2.4165
36930,P2,CASC,-133.95,-134.99,-201,R,66146,-2.4061
36940,P2,CASC,-134.10,-132.51,-203,R,66093,-2.4220
36950,P2,CASC,-134.25,-134.97,-202,R,66039,-2.4148
36960,P2,CASC,-134.40,-132.53,-204,R,65986,-2.4335
36970,P2,CASC,-134.55,-134.96,-202,R,65932,-2.4294
36980,P2,CASC,-134.70,-135.04,-202,R,65878,-2.4260
36990,P2,CASC,-134.85,-137.45,-201,R,65823,-2.4000
37000,P2,CASC,-135.00,-137.53,-201,R,65768,-2.3748
37010,P2,CASC,-135.15,-140.00,-199,R,65712,-2.3263
37020,P2,CASC,-135.30,-139.97,-200,R,65656,-2.2795
37030,P2,CASC,-135.45,-137.53,-201,R,65601,-2.2588
37040,P2,CASC,-135.60,-135.03,-204,R,65547,-2.2645
37050,P2,CASC,-135.75,-134.96,-204,R,65493,-2.2724
37060,P2,CASC,-135.90,-135.00,-204,R,65439,-2.2814
37070,P2,CASC,-136.05,-135.03,-204,R,65385,-2.2916
37080,P2,CASC,-136.20,-139.99,-201,R,65329,-2.2538
37090,P2,CASC,-136.35,-135.03,-204,R,65275,-2.2670
37100,P2,CASC,-136.50,-137.49,-203,R,65220,-2.2571
37110,P2,CASC,-136.65,-134.96,-205,R,65166,-2.2740
37120,P2,CASC,-136.80,-137.53,-203,R,65111,-2.2668
37130,P2,CASC,-136.95,-139.99,-202,R,65055,-2.2364
37140,P2,CASC,-137.10,-137.49,-203,R,65000,-2.2326
37150,P2,CASC,-137.25,-137.49,-204,R,64945,-2.2302
37160,P2,CASC,-137.40,-132.55,-206,R,64892,-2.2787
37170,P2,CASC,-137.55,-132.49,-206,R,64839,-2.3293
37180,P2,CASC,-137.70,-135.00,-206,R,64785,-2.3563
37190,P2,CASC,-137.85,-137.50,-205,R,64730,-2.3598
37200,P2,CASC,-138.00,-142.51,-201,R,64673,-2.3146
37210,P2,CASC,-138.15,-140.00,-203,R,64617,-2.2961
37220,P2,CASC,-138.30,-142.51,-202,R,64560,-2.2540
37230,P2,CASC,-138.45,-142.44,-202,R,64503,-2.2141
37240,P2,CASC,-138.60,-142.54,-202,R,64446,-2.1746
37250,P2,CASC,-138.75,-142.49,-202,R,64389,-2.1373
37260,P2,CASC,-138.90,-140.01,-204,R,64333,-2.1262
37270,P2,CASC,-139.05,-139.99,-204,R,64277,-2.1168
37280,P2,CASC,-139.20,-139.99,-204,R,64221,-2.1089
37290,P2,CASC,-139.35,-142.41,-203,R,64164,-2.0783
37300,P2,CASC,-139.50,-137.60,-206,R,64109,-2.0973
37310,P2,CASC,-139.65,-142.49,-203,R,64052,-2.0690
37320,P2,CASC,-139.80,-140.01,-205,R,63996,-2.0668
37330,P2,CASC,-139.95,-140.03,-205,R,63940,-2.0660
37340,P2,CASC,-140.10,-142.49,-203,R,63883,-2.0422
37350,P2,CASC,-140.25,-142.43,-204,R,63826,-2.0204
37360,P2,CASC,-140.40,-140.06,-206,R,63770,-2.0238
37370,P2,CASC,-140.55,-140.00,-206,R,63714,-2.0293
37380,P2,CASC,-140.70,-142.50,-204,R,63657,-2.0113
37390,P2,CASC,-140.85,-137.53,-207,R,63602,-2.0446
37400,P2,CASC,-141.00,-144.94,-203,R,63544,-2.0051
37410,P2,CASC,-141.15,-140.06,-207,R,63488,-2.0161
37420,P2,CASC,-141.30,-144.99,-203,R,63430,-1.9792
37430,P2,CASC,-141.45,-144.99,-203,R,63372,-1.9439
37440,P2,CASC,-141.60,-144.97,-203,R,63314,-1.9102
37450,P2,CASC,-141.75,-145.06,-204,R,63256,-1.8771
37460,P2,CASC,-141.90,-145.00,-204,R,63198,-1.8461
37470,P2,CASC,-142.05,-144.96,-204,R,63140,-1.8170
37480,P2,CASC,-142.20,-140.03,-207,R,63084,-1.8387
37490,P2,CASC,-142.35,-142.47,-206,R,63027,-1.8375
37500,P2,CASC,-142.50,-142.54,-206,R,62970,-1.8371
37510,P2,CASC,-142.65,-142.49,-207,R,62913,-1.8387
37520,P2,CASC,-142.80,-144.97,-205,R,62855,-1.8170
37530,P2,CASC,-142.95,-142.53,-207,R,62798,-1.8212
37540,P2,CASC,-143.10,-142.50,-207,R,62741,-1.8272
37550,P2,CASC,-143.25,-142.50,-207,R,62684,-1.8347
37560,P2,CASC,-143.40,-145.00,-206,R,62626,-1.8187
37570,P2,CASC,-143.55,-145.01,-206,R,62568,-1.8041
37580,P2,CASC,-143.70,-139.97,-208,R,62512,-1.8414
37590,P2,CASC,-143.85,-140.00,-209,R,62456,-1.8799
37600,P2,CASC,-144.00,-139.93,-209,R,62400,-1.9206
37610,P2,CASC,-144.15,-145.10,-207,R,62342,-1.9111
37620,P2,CASC,-144.30,-144.99,-207,R,62284,-1.9042
37630,P2,CASC,-144.45,-150.01,-204,R,62224,-1.8486
37640,P2,CASC,-144.60,-147.49,-205,R,62165,-1.8197
37650,P2,CASC,-144.75,-150.01,-204,R,62105,-1.7671
37660,P2,CASC,-144.90,-150.00,-204,R,62045,-1.7161
37670,P2,CASC,-145.05,-147.44,-206,R,61986,-1.6921
37680,P2,CASC,-145.20,-147.50,-206,R,61927,-1.6691
37690,P2,CASC,-145.35,-145.03,-208,R,61869,-1.6724
37700,P2,CASC,-145.50,-145.03,-208,R,61811,-1.6771
37710,P2,CASC,-145.65,-147.49,-206,R,61752,-1.6587
37720,P2,CASC,-145.80,-147.50,-207,R,61693,-1.6417
37730,P2,CASC,-145.95,-147.47,-207,R,61634,-1.6265
37740,P2,CASC,-146.10,-147.54,-207,R,61575,-1.6121
37750,P2,CASC,-146.25,-144.96,-209,R,61517,-1.6250
37760,P2,CASC,-146.40,-147.51,-207,R,61458,-1.6139
37770,P2,CASC,-146.55,-149.97,-206,R,61398,-1.5797
37780,P2,CASC,-146.70,-147.56,-207,R,61339,-1.5711
37790,P2,CASC,-146.85,-144.96,-209,R,61281,-1.5900
37800,P2,CASC,-147.00,-147.53,-208,R,61222,-1.5847
37810,P2,CASC,-147.15,-147.50,-208,R,61163,-1.5812
37820,P2,CASC,-147.30,-144.97,-210,R,61105,-1.6045
37830,P2,CASC,-147.45,-152.55,-205,R,61044,-1.5535
37840,P2,CASC,-147.60,-147.50,-209,R,60985,-1.5545
37850,P2,CASC,-147.75,-152.50,-205,R,60924,-1.5070
37860,P2,CASC,-147.90,-152.44,-206,R,60863,-1.4616
37870,P2,CASC,-148.05,-150.05,-207,R,60803,-1.4417
37880,P2,CASC,-148.20,-152.48,-206,R,60742,-1.3988
37890,P2,CASC,-148.35,-145.00,-210,R,60684,-1.4323
37900,P2,CASC,-148.50,-147.49,-210,R,60625,-1.4425
37910,P2,CASC,-148.65,-149.99,-208,R,60565,-1.4291
37920,P2,CASC,-148.80,-147.50,-210,R,60506,-1.4421
37930,P2,CASC,-148.95,-150.05,-208,R,60446,-1.4312
37940,P2,CASC,-149.10,-149.88,-209,R,60386,-1.4234
37950,P2,CASC,-149.25,-147.60,-210,R,60327,-1.4399
37960,P2,CASC,-149.40,-150.03,-209,R,60267,-1.4336
37970,P2,CASC,-149.55,-149.96,-209,R,60207,-1.4295
37980,P2,CASC,-149.70,-147.49,-211,R,60148,-1.4517
37990,P2,CASC,-149.85,-145.00,-212,R,60090,-1.5002
38000,P2,CASC,-150.00,-145.06,-212,R,60032,-1.5496
38010,P2,CASC,-150.00,-147.50,-211,R,59973,-1.5746
38020,P2,CASC,-150.00,-152.48,-208,R,59912,-1.5497
38030,P2,CASC,-150.00,-152.52,-208,R,59851,-1.5246
38040,P2,CASC,-150.00,-152.47,-208,R,59790,-1.4999
38050,P2,CASC,-150.00,-157.52,-205,R,59727,-1.4247
38060,P2,CASC,-150.00,-155.02,-206,R,59665,-1.3746
38070,P2,CASC,-150.00,-152.45,-208,R,59604,-1.3500
38080,P2,CASC,-150.00,-155.02,-206,R,59542,-1.2999
38090,P2,CASC,-150.00,-150.00,-209,R,59482,-1.2999
38100,P2,CASC,-150.00,-150.03,-209,R,59422,-1.2996
38110,P2,CASC,-150.00,-152.50,-208,R,59361,-1.2746
38120,P2,CASC,-150.00,-149.96,-210,R,59301,-1.2750
38130,P2,CASC,-150.00,-152.53,-208,R,59240,-1.2497
38140,P2,CASC,-150.00,-149.96,-210,R,59180,-1.2502
38150,P2,CASC,-150.00,-150.05,-209,R,59120,-1.2497
38160,P2,CASC,-150.00,-152.50,-208,R,59059,-1.2247
38170,P2,CASC,-150.00,-152.50,-208,R,58998,-1.1997
38180,P2,CASC,-150.00,-150.01,-209,R,58938,-1.1996
38190,P2,CASC,-150.00,-149.94,-210,R,58878,-1.2002
38200,P2,CASC,-150.00,-150.06,-209,R,58818,-1.1996
38210,P2,CASC,-150.00,-149.94,-210,R,58758,-1.2002
38220,P2,CASC,-150.00,-152.56,-208,R,58697,-1.1746
38230,P2,CASC,-150.00,-152.47,-208,R,58636,-1.1499
38240,P2,CASC,-150.00,-152.50,-207,R,58575,-1.1249
38250,P2,CASC,-150.00,-155.03,-206,R,58513,-1.0745
38260,P2,CASC,-150.00,-155.00,-206,R,58451,-1.0245
38270,P2,CASC,-150.00,-154.95,-205,R,58389,-0.9750
38280,P2,CASC,-150.00,-150.01,-209,R,58329,-0.9749
38290,P2,CASC,-150.00,-147.49,-210,R,58270,-1.0000
38300,P2,CASC,-150.00,-150.00,-209,R,58210,-1.0000
38310,P2,CASC,-150.00,-152.48,-207,R,58149,-0.9752
38320,P2,CASC,-150.00,-150.06,-209,R,58089,-0.9746
38330,P2,CASC,-150.00,-149.96,-209,R,58029,-0.9750
38340,P2,CASC,-150.00,-147.50,-210,R,57970,-1.0000
38350,P2,CASC,-150.00,-150.00,-209,R,57910,-1.0000
38360,P2,CASC,-150.00,-152.50,-207,R,57849,-0.9750
38370,P2,CASC,-150.00,-149.99,-209,R,57789,-0.9752
38380,P2,CASC,-150.00,-147.51,-210,R,57730,-1.0000
38390,P2,CASC,-150.00,-145.00,-211,R,57672,-1.0500
38400,P2,CASC,-150.00,-145.01,-211,R,57614,-1.0999
38410,P2,CASC,-150.00,-150.00,-209,R,57554,-1.0999
38420,P2,CASC,-150.00,-152.52,-207,R,57493,-1.0747
38430,P2,CASC,-150.00,-152.47,-207,R,57432,-1.0500
38440,P2,CASC,-150.00,-152.48,-207,R,57371,-1.0252
38450,P2,CASC,-150.00,-155.05,-205,R,57309,-0.9747
38460,P2,CASC,-150.00,-155.00,-205,R,57247,-0.9247
38470,P2,CASC,-150.00,-155.02,-205,R,57185,-0.8746
38480,P2,CASC,-150.00,-150.00,-209,R,57125,-0.8746
38490,P2,CASC,-150.00,-149.96,-209,R,57065,-0.8750
38500,P2,CASC,-150.00,-150.03,-208,R,57005,-0.8747
38510,P2,CASC,-150.00,-150.01,-208,R,56945,-0.8746
38520,P2,CASC,-150.00,-152.47,-207,R,56884,-0.8499
38530,P2,CASC,-150.00,-150.03,-208,R,56824,-0.8496
38540,P2,CASC,-150.00,-149.94,-209,R,56764,-0.8502
38550,P2,CASC,-150.00,-150.03,-208,R,56704,-0.8499
38560,P2,CASC,-150.00,-152.50,-207,R,56643,-0.8249
38570,P2,CASC,-150.00,-150.01,-208,R,56583,-0.8247
38580,P2,CASC,-150.00,-150.00,-208,R,56523,-0.8247
38590,P2,CASC,-150.00,-147.49,-209,R,56464,-0.8499
38600,P2,CASC,-150.00,-149.91,-209,R,56404,-0.8508
38610,P2,CASC,-150.00,-150.06,-208,R,56344,-0.8502
38620,P2,CASC,-150.00,-150.05,-208,R,56284,-0.8497
38630,P2,CASC,-150.00,-152.50,-207,R,56223,-0.8247
38640,P2,CASC,-150.00,-152.50,-207,R,56162,-0.7997
38650,P2,CASC,-150.00,-152.48,-207,R,56101,-0.7749
38660,P2,CASC,-150.00,-154.98,-205,R,56039,-0.7250
38670,P2,CASC,-150.00,-152.52,-206,R,55978,-0.6999
38680,P2,CASC,-150.00,-149.99,-208,R,55918,-0.7000
38690,P2,CASC,-150.00,-147.54,-209,R,55859,-0.7246
38700,P2,CASC,-150.00,-147.46,-209,R,55800,-0.7500
38710,P2,CASC,-150.00,-152.53,-207,R,55739,-0.7247
38720,P2,CASC,-150.00,-147.47,-209,R,55680,-0.7500
38730,P2,CASC,-150.00,-152.41,-207,R,55619,-0.7259
38740,P2,CASC,-150.00,-145.10,-210,R,55561,-0.7749
38750,P2,CASC,-150.00,-150.03,-208,R,55501,-0.7746
38760,P2,CASC,-150.00,-152.44,-207,R,55440,-0.7502
38770,P2,CASC,-150.00,-147.53,-209,R,55381,-0.7749
38780,P2,CASC,-150.00,-145.01,-210,R,55323,-0.8248
38790,P2,CASC,-150.00,-145.01,-210,R,55265,-0.8746
38800,P2,CASC,-150.00,-144.96,-210,R,55207,-0.9251
38810,P2,CASC,-150.00,-150.00,-209,R,55147,-0.9251
38820,P2,CASC,-150.00,-150.00,-209,R,55087,-0.9251
38830,P2,CASC,-150.00,-152.52,-207,R,55026,-0.8999
38840,P2,CASC,-150.00,-152.53,-207,R,54965,-0.8746
38850,P2,CASC,-150.00,-155.00,-205,R,54903,-0.8246
38860,P2,CASC,-150.00,-154.98,-205,R,54841,-0.7748
38870,P2,CASC,-150.00,-152.48,-207,R,54780,-0.7499
38880,P2,CASC,-150.00,-150.03,-208,R,54720,-0.7496
38890,P2,CASC,-150.00,-149.96,-209,R,54660,-0.7501
38900,P2,CASC,-150.00,-147.53,-209,R,54601,-0.7748
38910,P2,CASC,-150.00,-152.52,-207,R,54540,-0.7496
38920,P2,CASC,-150.00,-149.96,-209,R,54480,-0.7501
38930,P2,CASC,-150.00,-150.03,-208,R,54420,-0.7498
38940,P2,CASC,-150.00,-152.48,-207,R,54359,-0.7249
38950,P2,CASC,-150.00,-149.99,-208,R,54299,-0.7251
38960,P2,CASC,-150.00,-150.05,-208,R,54239,-0.7246
38970,P2,CASC,-150.00,-149.99,-208,R,54179,-0.7248
38980,P2,CASC,-150.00,-150.00,-208,R,54119,-0.7248
38990,P2,CASC,-150.00,-147.50,-209,R,54060,-0.7498
39000,P2,CASC,-150.00,-147.50,-209,R,54001,-0.7748
39010,P2,CASC,-150.00,-152.52,-207,R,53940,-0.7496
39020,P2,CASC,-150.00,-149.96,-209,R,53880,-0.7501
39030,P2,CASC,-150.00,-152.55,-206,R,53819,-0.7246
39040,P2,CASC,-150.00,-150.00,-208,R,53759,-0.7246
39050,P2,CASC,-150.00,-152.50,-206,R,53698,-0.6996
39060,P2,CASC,-150.00,-154.95,-205,R,53636,-0.6501
39070,P2,CASC,-150.00,-152.55,-206,R,53575,-0.6246
39080,P2,CASC,-150.00,-149.96,-208,R,53515,-0.6251
39090,P2,CASC,-150.00,-145.03,-210,R,53457,-0.6748
39100,P2,CASC,-150.00,-147.51,-209,R,53398,-0.6996
39110,P2,CASC,-150.00,-152.48,-206,R,53337,-0.6748
39120,P2,CASC,-150.00,-147.47,-209,R,53278,-0.7001
39130,P2,CASC,-150.00,-150.03,-208,R,53218,-0.6998
39140,P2,CASC,-150.00,-147.50,-209,R,53159,-0.7248
39150,P2,CASC,-150.00,-149.99,-208,R,53099,-0.7249
39160,P2,CASC,-150.00,-150.00,-208,R,53039,-0.7249
39170,P2,CASC,-150.00,-147.50,-209,R,52980,-0.7499
39180,P2,CASC,-150.00,-147.49,-209,R,52921,-0.7751
39190,P2,CASC,-150.00,-142.53,-211,R,52864,-0.8498
39200,P2,CASC,-150.00,-145.00,-210,R,52806,-0.8998
39210,P2,CASC,-150.00,-149.88,-209,R,52746,-0.9010
39220,P2,CASC,-150.00,-147.57,-210,R,52687,-0.9252
39230,P2,CASC,-150.00,-155.00,-205,R,52625,-0.8752
39240,P2,CASC,-150.00,-152.52,-207,R,52564,-0.8501
39250,P2,CASC,-150.00,-152.55,-207,R,52503,-0.8246
39260,P2,CASC,-150.00,-154.98,-205,R,52441,-0.7748
39270,P2,CASC,-150.00,-152.52,-207,R,52380,-0.7496
39280,P2,CASC,-150.00,-149.96,-209,R,52320,-0.7501
39290,P2,CASC,-150.00,-150.03,-208,R,52260,-0.7498
39300,P2,CASC,-150.00,-147.49,-209,R,52201,-0.7749
39310,P2,CASC,-150.00,-152.52,-207,R,52140,-0.7498
39320,P2,CASC,-150.00,-150.01,-208,R,52080,-0.7496
39330,P2,CASC,-150.00,-149.97,-209,R,52020,-0.7499
39340,P2,CASC,-150.00,-149.99,-209,R,51960,-0.7501
39350,P2,CASC,-150.00,-150.03,-208,R,51900,-0.7498
39360,P2,CASC,-150.00,-152.47,-207,R,51839,-0.7251
39370,P2,CASC,-150.00,-150.05,-208,R,51779,-0.7246
39380,P2,CASC,-150.00,-150.00,-208,R,51719,-0.7246
39390,P2,CASC,-150.00,-147.46,-209,R,51660,-0.7501
39400,P2,CASC,-150.00,-147.49,-209,R,51601,-0.7752
39410,P2,CASC,-150.00,-152.55,-207,R,51540,-0.7498
39420,P2,CASC,-150.00,-147.47,-209,R,51481,-0.7751
39430,P2,CASC,-150.00,-152.55,-207,R,51420,-0.7496
39440,P2,CASC,-150.00,-152.47,-207,R,51359,-0.7249
39450,P2,CASC,-150.00,-152.47,-206,R,51298,-0.7002
39460,P2,CASC,-150.00,-155.02,-205,R,51236,-0.6501
39470,P2,CASC,-150.00,-150.01,-208,R,51176,-0.6499
39480,P2,CASC,-150.00,-150.03,-208,R,51116,-0.6496
39490,P2,CASC,-150.00,-147.47,-209,R,51057,-0.6749
39500,P2,CASC,-150.00,-147.50,-209,R,50998,-0.6999
39510,P2,CASC,-150.00,-152.50,-206,R,50937,-0.6749
39520,P2,CASC,-150.00,-147.53,-209,R,50878,-0.6996
39530,P2,CASC,-150.00,-150.00,-208,R,50818,-0.6996
39540,P2,CASC,-150.00,-147.47,-209,R,50759,-0.7249
39550,P2,CASC,-150.00,-149.99,-208,R,50699,-0.7251
39560,P2,CASC,-150.00,-150.05,-208,R,50639,-0.7246
39570,P2,CASC,-150.00,-147.49,-209,R,50580,-0.7498
39580,P2,CASC,-150.00,-144.99,-210,R,50522,-0.7999
39590,P2,CASC,-150.00,-144.99,-210,R,50464,-0.8500
39600,P2,CASC,-150.00,-145.04,-210,R,50406,-0.8996
39610,P2,CASC,-150.00,-150.00,-209,R,50346,-0.8996
39620,P2,CASC,-150.00,-147.47,-210,R,50287,-0.9249
39630,P2,CASC,-150.00,-155.02,-205,R,50225,-0.8747
39640,P2,CASC,-150.00,-149.96,-209,R,50165,-0.8752
39650,P2,CASC,-150.00,-155.05,-205,R,50103,-0.8247
39660,P2,CASC,-150.00,-154.95,-205,R,50041,-0.7752
39670,P2,CASC,-150.00,-152.55,-207,R,49980,-0.7497
39680,P2,CASC,-150.00,-150.01,-208,R,49920,-0.7496
39690,P2,CASC,-150.00,-147.46,-209,R,49861,-0.7750
39700,P2,CASC,-150.00,-150.00,-208,R,49801,-0.7750
39710,P2,CASC,-150.00,-150.01,-208,R,49741,-0.7749
39720,P2,CASC,-150.00,-152.53,-207,R,49680,-0.7496
39730,P2,CASC,-150.00,-147.50,-209,R,49621,-0.7746
39740,P2,CASC,-150.00,-149.99,-209,R,49561,-0.7747
39750,P2,CASC,-150.00,-149.97,-209,R,49501,-0.7750
39760,P2,CASC,-150.00,-152.52,-207,R,49440,-0.7499
39770,P2,CASC,-150.00,-149.97,-209,R,49380,-0.7502
39780,P2,CASC,-150.00,-150.03,-208,R,49320,-0.7499
39790,P2,CASC,-150.00,-147.50,-209,R,49261,-0.7749
39800,P2,CASC,-150.00,-150.03,-208,R,49201,-0.7746
39810,P2,CASC,-150.00,-149.96,-209,R,49141,-0.7750
39820,P2,CASC,-150.00,-150.00,-208,R,49081,-0.7750
39830,P2,CASC,-150.00,-152.53,-207,R,49020,-0.7497
39840,P2,CASC,-150.00,-152.47,-207,R,48959,-0.7250
39850,P2,CASC,-150.00,-152.53,-206,R,48898,-0.6997
39860,P2,CASC,-150.00,-154.95,-205,R,48836,-0.6502
39870,P2,CASC,-150.00,-150.03,-208,R,48776,-0.6499
39880,P2,CASC,-150.00,-149.97,-208,R,48716,-0.6502
39890,P2,CASC,-150.00,-147.54,-209,R,48657,-0.6747
39900,P2,CASC,-150.00,-147.46,-209,R,48598,-0.7002
39910,P2,CASC,-150.00,-152.55,-206,R,48537,-0.6747
39920,P2,CASC,-150.00,-150.00,-208,R,48477,-0.6747
39930,P2,CASC,-150.00,-150.01,-208,R,48417,-0.6746
39940,P2,CASC,-150.00,-144.96,-210,R,48359,-0.7250
39950,P2,CASC,-150.00,-150.01,-208,R,48299,-0.7249
39960,P2,CASC,-150.00,-152.50,-206,R,48238,-0.6999
39970,P2,CASC,-150.00,-147.50,-209,R,48179,-0.7249
39980,P2,CASC,-150.00,-145.01,-210,R,48121,-0.7747
39990,P2,CASC,-150.00,-144.99,-210,R,48063,-0.8249
40000,P2,CASC,-150.00,-142.51,-211,R,48006,-0.8997
40010,P2,CASC,-150.00,-149.96,-209,R,47946,-0.9002
40020,P2,CASC,-150.00,-150.06,-209,R,47886,-0.8996
40030,P2,CASC,-150.00,-154.97,-205,R,47824,-0.8499
40040,P2,CASC,-150.00,-150.00,-208,R,47764,-0.8499
40050,P2,CASC,-150.00,-154.98,-205,R,47702,-0.8000
40060,P2,CASC,-150.00,-155.02,-205,R,47640,-0.7499
40070,P2,CASC,-150.00,-152.52,-207,R,47579,-0.7247
40080,P2,CASC,-150.00,-150.00,-208,R,47519,-0.7247
40090,P2,CASC,-150.00,-147.49,-209,R,47460,-0.7499
40100,P2,CASC,-150.00,-150.03,-208,R,47400,-0.7496
40110,P2,CASC,-150.00,-152.48,-207,R,47339,-0.7247
40120,P2,CASC,-150.00,-149.97,-208,R,47279,-0.7250
40130,P2,CASC,-150.00,-150.01,-208,R,47219,-0.7249
40140,P2,CASC,-150.00,-150.03,-208,R,47159,-0.7246
40150,P2,CASC,-150.00,-147.46,-209,R,47100,-0.7500
40160,P2,CASC,-150.00,-152.53,-207,R,47039,-0.7247
40170,P2,CASC,-150.00,-150.01,-208,R,46979,-0.7246
40180,P2,CASC,-150.00,-149.99,-208,R,46919,-0.7247
40190,P2,CASC,-150.00,-147.47,-209,R,46860,-0.7500
40200,P2,CASC,-150.00,-147.49,-209,R,46801,-0.7752
40210,P2,CASC,-150.00,-150.01,-208,R,46741,-0.7750
40220,P2,CASC,-150.00,-150.00,-208,R,46681,-0.7750
40230,P2,CASC,-150.00,-152.50,-207,R,46620,-0.7500
40240,P2,CASC,-150.00,-152.50,-207,R,46559,-0.7250
40250,P2,CASC,-150.00,-152.53,-206,R,46498,-0.6997
40260,P2,CASC,-150.00,-152.47,-206,R,46437,-0.6750
40270,P2,CASC,-150.00,-152.53,-206,R,46376,-0.6497
40280,P2,CASC,-150.00,-149.97,-208,R,46316,-0.6500
40290,P2,CASC,-150.00,-145.00,-210,R,46258,-0.7000
40300,P2,CASC,-150.00,-147.54,-209,R,46199,-0.7246
40310,P2,CASC,-150.00,-152.45,-207,R,46138,-0.7000
40320,P2,CASC,-150.00,-147.53,-209,R,46079,-0.7247
40330,P2,CASC,-150.00,-150.00,-208,R,46019,-0.7247
40340,P2,CASC,-150.00,-147.46,-209,R,45960,-0.7502
40350,P2,CASC,-150.00,-150.01,-208,R,45900,-0.7500
40360,P2,CASC,-150.00,-150.05,-208,R,45840,-0.7496
40370,P2,CASC,-150.00,-147.50,-209,R,45781,-0.7746
40380,P2,CASC,-150.00,-144.99,-210,R,45723,-0.8247
40390,P2,CASC,-150.00,-144.99,-210,R,45665,-0.8748
40400,P2,CASC,-150.00,-142.50,-211,R,45608,-0.9498
40410,P2,CASC,-150.00,-150.03,-209,R,45548,-0.9495
40420,P2,CASC,-150.00,-150.00,-209,R,45488,-0.9495
40430,P2,CASC,-150.00,-152.48,-207,R,45427,-0.9247
40440,P2,CASC,-150.00,-150.01,-209,R,45367,-0.9246
40450,P2,CASC,-150.00,-154.97,-205,R,45305,-0.8749
40460,P2,CASC,-150.00,-154.97,-205,R,45243,-0.8252
40470,P2,CASC,-150.00,-150.01,-208,R,45183,-0.8250
40480,P2,CASC,-150.00,-152.48,-207,R,45122,-0.8002
40490,P2,CASC,-150.00,-147.56,-209,R,45063,-0.8246
40500,P2,CASC,-150.00,-149.97,-209,R,45003,-0.8249
40510,P2,CASC,-150.00,-150.01,-208,R,44943,-0.8247
40520,P2,CASC,-150.00,-150.01,-208,R,44883,-0.8246
40530,P2,CASC,-150.00,-150.00,-208,R,44823,-0.8246
40540,P2,CASC,-150.00,-149.97,-209,R,44763,-0.8249
40550,P2,CASC,-150.00,-149.99,-209,R,44703,-0.8250
40560,P2,CASC,-150.00,-150.00,-208,R,44643,-0.8250
40570,P2,CASC,-150.00,-150.00,-208,R,44583,-0.8250
40580,P2,CASC,-150.00,-150.05,-208,R,44523,-0.8246
40590,P2,CASC,-150.00,-147.49,-209,R,44464,-0.8497
40600,P2,CASC,-150.00,-147.51,-209,R,44405,-0.8746
40610,P2,CASC,-150.00,-149.97,-209,R,44345,-0.8749
40620,P2,CASC,-150.00,-149.99,-209,R,44285,-0.8750
40630,P2,CASC,-150.00,-152.50,-207,R,44224,-0.8500
40640,P2,CASC,-150.00,-150.05,-208,R,44164,-0.8496
40650,P2,CASC,-150.00,-152.48,-207,R,44103,-0.8247
40660,P2,CASC,-150.00,-154.97,-205,R,44041,-0.7750
40670,P2,CASC,-150.00,-152.48,-207,R,43980,-0.7502
40680,P2,CASC,-150.00,-150.05,-208,R,43920,-0.7497
40690,P2,CASC,-150.00,-147.40,-209,R,43861,-0.7758
40700,P2,CASC,-150.00,-147.60,-209,R,43802,-0.7997
40710,P2,CASC,-150.00,-149.97,-209,R,43742,-0.8000
40720,P2,CASC,-150.00,-150.03,-208,R,43682,-0.7997
40730,P2,CASC,-150.00,-147.49,-209,R,43623,-0.8249
40740,P2,CASC,-150.00,-147.50,-209,R,43564,-0.8499
40750,P2,CASC,-150.00,-149.99,-209,R,43504,-0.8500
40760,P2,CASC,-150.00,-150.00,-208,R,43444,-0.8500
40770,P2,CASC,-150.00,-150.01,-208,R,43384,-0.8499
40780,P2,CASC,-150.00,-145.00,-210,R,43326,-0.8999
40790,P2,CASC,-150.00,-145.01,-210,R,43268,-0.9498
40800,P2,CASC,-150.00,-142.50,-211,R,43211,-1.0248
40810,P2,CASC,-150.00,-150.00,-209,R,43151,-1.0248
40820,P2,CASC,-150.00,-150.00,-209,R,43091,-1.0248
40830,P2,CASC,-150.00,-152.48,-207,R,43030,-0.9999
40840,P2,CASC,-150.00,-149.99,-209,R,42970,-1.0001
40850,P2,CASC,-150.00,-155.02,-205,R,42908,-0.9499
40860,P2,CASC,-150.00,-155.00,-205,R,42846,-0.8999
40870,P2,CASC,-150.00,-152.48,-207,R,42785,-0.8750
40880,P2,CASC,-150.00,-150.03,-208,R,42725,-0.8747
40890,P2,CASC,-150.00,-147.51,-210,R,42666,-0.8996
40900,P2,CASC,-150.00,-149.99,-209,R,42606,-0.8998
40910,P2,CASC,-150.00,-149.99,-209,R,42546,-0.8999
40920,P2,CASC,-150.00,-149.99,-209,R,42486,-0.9001
40930,P2,CASC,-150.00,-149.99,-209,R,42426,-0.9002
40940,P2,CASC,-150.00,-152.56,-207,R,42365,-0.8746
40950,P2,CASC,-150.00,-147.46,-210,R,42306,-0.9000
40960,P2,CASC,-150.00,-152.55,-207,R,42245,-0.8746
40970,P2,CASC,-150.00,-150.00,-209,R,42185,-0.8746
40980,P2,CASC,-150.00,-149.96,-209,R,42125,-0.8750
40990,P2,CASC,-150.00,-147.50,-210,R,42066,-0.9000
41000,P2,CASC,-150.00,-147.49,-210,R,42007,-0.9252
41010,P2,CASC,-150.00,-152.52,-207,R,41946,-0.9000
41020,P2,CASC,-150.00,-150.03,-209,R,41886,-0.8997
41030,P2,CASC,-150.00,-152.50,-207,R,41825,-0.8747
41040,P2,CASC,-150.00,-149.99,-209,R,41765,-0.8749
41050,P2,CASC,-150.00,-155.03,-205,R,41703,-0.8246
41060,P2,CASC,-150.00,-152.48,-207,R,41642,-0.7997
41070,P2,CASC,-150.00,-152.45,-207,R,41581,-0.7752
41080,P2,CASC,-150.00,-150.05,-208,R,41521,-0.7747
41090,P2,CASC,-150.00,-147.50,-209,R,41462,-0.7997
41100,P2,CASC,-150.00,-147.49,-209,R,41403,-0.8249
41110,P2,CASC,-150.00,-152.52,-207,R,41342,-0.7997
41120,P2,CASC,-150.00,-147.51,-209,R,41283,-0.8246
41130,P2,CASC,-150.00,-149.94,-209,R,41223,-0.8252
41140,P2,CASC,-150.00,-147.53,-209,R,41164,-0.8499
41150,P2,CASC,-150.00,-150.00,-208,R,41104,-0.8499
41160,P2,CASC,-150.00,-147.53,-209,R,41045,-0.8746
41170,P2,CASC,-150.00,-149.96,-209,R,40985,-0.8750
41180,P2,CASC,-150.00,-145.01,-210,R,40927,-0.9249
41190,P2,CASC,-150.00,-145.03,-210,R,40869,-0.9746
41200,P2,CASC,-150.00,-142.49,-211,R,40812,-1.0497
41210,P2,CASC,-150.00,-150.01,-209,R,40752,-1.0496
41220,P2,CASC,-150.00,-149.97,-209,R,40692,-1.0499
41230,P2,CASC,-150.00,-152.52,-207,R,40631,-1.0247
41240,P2,CASC,-150.00,-150.01,-209,R,40571,-1.0246
41250,P2,CASC,-150.00,-155.00,-205,R,40509,-0.9746
41260,P2,CASC,-150.00,-154.98,-205,R,40447,-0.9247
41270,P2,CASC,-150.00,-152.50,-207,R,40386,-0.8997
41280,P2,CASC,-150.00,-149.97,-209,R,40326,-0.9000
41290,P2,CASC,-150.00,-147.51,-210,R,40267,-0.9249
41300,P2,CASC,-150.00,-149.99,-209,R,40207,-0.9250
41310,P2,CASC,-150.00,-150.00,-209,R,40147,-0.9250
41320,P2,CASC,-150.00,-152.50,-207,R,40086,-0.9000
41330,P2,CASC,-150.00,-150.03,-209,R,40026,-0.8997
41340,P2,CASC,-150.00,-149.99,-209,R,39966,-0.8999
41350,P2,CASC,-150.00,-149.97,-209,R,39906,-0.9002
41360,P2,CASC,-150.00,-150.03,-209,R,39846,-0.8999
41370,P2,CASC,-150.00,-152.48,-207,R,39785,-0.8750
41380,P2,CASC,-150.00,-147.53,-210,R,39726,-0.8997
41390,P2,CASC,-150.00,-149.97,-209,R,39666,-0.9000
41400,P2,CASC,-150.00,-147.53,-210,R,39607,-0.9248
41410,P2,CASC,-150.00,-150.00,-209,R,39547,-0.9248
41420,P2,CASC,-150.00,-150.01,-209,R,39487,-0.9246
41430,P2,CASC,-150.00,-152.48,-207,R,39426,-0.8998
41440,P2,CASC,-150.00,-152.50,-207,R,39365,-0.8748
41450,P2,CASC,-150.00,-152.48,-207,R,39304,-0.8499
41460,P2,CASC,-150.00,-154.97,-205,R,39242,-0.8002
41470,P2,CASC,-150.00,-152.53,-207,R,39181,-0.7749
41480,P2,CASC,-150.00,-150.01,-208,R,39121,-0.7748
41490,P2,CASC,-150.00,-147.49,-209,R,39062,-0.7999
41500,P2,CASC,-150.00,-147.49,-209,R,39003,-0.8251
41510,P2,CASC,-150.00,-152.45,-207,R,38942,-0.8005
41520,P2,CASC,-150.00,-147.56,-209,R,38883,-0.8249
41530,P2,CASC,-150.00,-149.99,-209,R,38823,-0.8251
41540,P2,CASC,-150.00,-147.53,-209,R,38764,-0.8498
41550,P2,CASC,-150.00,-149.97,-209,R,38704,-0.8501
41560,P2,CASC,-150.00,-147.51,-209,R,38645,-0.8749
41570,P2,CASC,-150.00,-150.03,-208,R,38585,-0.8746
41580,P2,CASC,-150.00,-144.97,-210,R,38527,-0.9249
41590,P2,CASC,-150.00,-144.97,-210,R,38469,-0.9752
41600,P2,CASC,-150.00,-145.06,-210,R,38411,-1.0246
41610,P2,CASC,-150.00,-147.49,-210,R,38352,-1.0498
41620,P2,CASC,-150.00,-149.99,-209,R,38292,-1.0499
41630,P2,CASC,-150.00,-152.47,-207,R,38231,-1.0252
41640,P2,CASC,-150.00,-150.01,-209,R,38171,-1.0251
41650,P2,CASC,-150.00,-155.05,-205,R,38109,-0.9746
41660,P2,CASC,-150.00,-154.98,-205,R,38047,-0.9248
41670,P2,CASC,-150.00,-152.47,-207,R,37986,-0.9001
41680,P2,CASC,-150.00,-150.00,-209,R,37926,-0.9001
41690,P2,CASC,-150.00,-147.53,-210,R,37867,-0.9248
41700,P2,CASC,-150.00,-149.96,-209,R,37807,-0.9252
41710,P2,CASC,-150.00,-150.00,-209,R,37747,-0.9252
41720,P2,CASC,-150.00,-150.05,-209,R,37687,-0.9248
41730,P2,CASC,-150.00,-150.00,-209,R,37627,-0.9248
41740,P2,CASC,-150.00,-152.48,-207,R,37566,-0.8999
41750,P2,CASC,-150.00,-147.51,-210,R,37507,-0.9248
41760,P2,CASC,-150.00,-149.97,-209,R,37447,-0.9251
41770,P2,CASC,-150.00,-152.55,-207,R,37386,-0.8996
41780,P2,CASC,-150.00,-149.96,-209,R,37326,-0.9001
41790,P2,CASC,-150.00,-147.53,-210,R,37267,-0.9248
41800,P2,CASC,-150.00,-147.49,-210,R,37208,-0.9499
41810,P2,CASC,-150.00,-152.48,-207,R,37147,-0.9251
41820,P2,CASC,-150.00,-150.05,-209,R,37087,-0.9246
41830,P2,CASC,-150.00,-152.45,-207,R,37026,-0.9001
41840,P2,CASC,-150.00,-150.03,-209,R,36966,-0.8998
41850,P2,CASC,-150.00,-152.47,-207,R,36905,-0.8751
41860,P2,CASC,-150.00,-155.05,-205,R,36843,-0.8246
41870,P2,CASC,-150.00,-152.50,-207,R,36782,-0.7996
41880,P2,CASC,-150.00,-149.94,-209,R,36722,-0.8002
41890,P2,CASC,-150.00,-147.56,-209,R,36663,-0.8246
41900,P2,CASC,-150.00,-147.47,-209,R,36604,-0.8499
41910,P2,CASC,-150.00,-152.53,-207,R,36543,-0.8246
41920,P2,CASC,-150.00,-149.96,-209,R,36483,-0.8251
41930,P2,CASC,-150.00,-147.50,-209,R,36424,-0.8501
41940,P2,CASC,-150.00,-147.50,-209,R,36365,-0.8751
41950,P2,CASC,-150.00,-150.03,-208,R,36305,-0.8748
41960,P2,CASC,-150.00,-150.00,-209,R,36245,-0.8748
41970,P2,CASC,-150.00,-147.51,-210,R,36186,-0.8996
41980,P2,CASC,-150.00,-147.50,-210,R,36127,-0.9246
41990,P2,CASC,-150.00,-142.49,-211,R,36070,-0.9998
42000,P2,CASC,-150.00,-145.01,-211,R,36012,-1.0496
42010,P2,CASC,-150.00,-147.47,-210,R,35953,-1.0749
42020,P2,CASC,-150.00,-152.53,-207,R,35892,-1.0496
42030,P2,CASC,-150.00,-152.47,-207,R,35831,-1.0249
42040,P2,CASC,-150.00,-150.03,-209,R,35771,-1.0246
42050,P2,CASC,-150.00,-154.95,-205,R,35709,-0.9751
42060,P2,CASC,-150.00,-155.03,-205,R,35647,-0.9248
42070,P2,CASC,-150.00,-152.50,-207,R,35586,-0.8998
42080,P2,CASC,-150.00,-149.99,-209,R,35526,-0.8999
42090,P2,CASC,-150.00,-147.51,-210,R,35467,-0.9248
42100,P2,CASC,-150.00,-149.99,-209,R,35407,-0.9249
42110,P2,CASC,-150.00,-152.52,-207,R,35346,-0.8998
42120,P2,CASC,-150.00,-150.01,-209,R,35286,-0.8996
42130,P2,CASC,-150.00,-150.00,-209,R,35226,-0.8996
42140,P2,CASC,-150.00,-149.94,-209,R,35166,-0.9002
42150,P2,CASC,-150.00,-150.05,-209,R,35106,-0.8998
42160,P2,CASC,-150.00,-150.00,-209,R,35046,-0.8998
42170,P2,CASC,-150.00,-150.00,-209,R,34986,-0.8998
42180,P2,CASC,-150.00,-150.01,-209,R,34926,-0.8996
42190,P2,CASC,-150.00,-150.00,-209,R,34866,-0.8996
42200,P2,CASC,-150.00,-147.49,-210,R,34807,-0.9248
42210,P2,CASC,-150.00,-150.01,-209,R,34747,-0.9246
42220,P2,CASC,-150.00,-149.99,-209,R,34687,-0.9248
42230,P2,CASC,-150.00,-154.98,-205,R,34625,-0.8749
42240,P2,CASC,-150.00,-150.01,-208,R,34565,-0.8748
42250,P2,CASC,-150.00,-152.50,-207,R,34504,-0.8498
42260,P2,CASC,-150.00,-154.97,-205,R,34442,-0.8001
42270,P2,CASC,-150.00,-152.55,-207,R,34381,-0.7746
42280,P2,CASC,-150.00,-150.00,-208,R,34321,-0.7746
42290,P2,CASC,-150.00,-144.97,-210,R,34263,-0.8249
42300,P2,CASC,-150.00,-147.51,-209,R,34204,-0.8498
42310,P2,CASC,-150.00,-152.48,-207,R,34143,-0.8249
42320,P2,CASC,-150.00,-147.49,-209,R,34084,-0.8501
42330,P2,CASC,-150.00,-150.00,-208,R,34024,-0.8501
42340,P2,CASC,-150.00,-145.00,-210,R,33966,-0.9001
42350,P2,CASC,-150.00,-149.99,-209,R,33906,-0.9002
42360,P2,CASC,-150.00,-150.03,-209,R,33846,-0.8999
42370,P2,CASC,-150.00,-149.96,-209,R,33786,-0.9004
42380,P2,CASC,-150.00,-145.07,-210,R,33728,-0.9497
42390,P2,CASC,-150.00,-142.47,-211,R,33671,-1.0249
42400,P2,CASC,-150.00,-144.97,-211,R,33613,-1.0752
42410,P2,CASC,-150.00,-147.56,-210,R,33554,-1.0996
42420,P2,CASC,-150.00,-149.99,-209,R,33494,-1.0998
42430,P2,CASC,-150.00,-152.50,-207,R,33433,-1.0748
42440,P2,CASC,-150.00,-152.48,-207,R,33372,-1.0499
42450,P2,CASC,-150.00,-152.48,-207,R,33311,-1.0251
42460,P2,CASC,-150.00,-155.03,-205,R,33249,-0.9748
42470,P2,CASC,-150.00,-152.52,-207,R,33188,-0.9496
42480,P2,CASC,-150.00,-149.96,-209,R,33128,-0.9501
42490,P2,CASC,-150.00,-149.99,-209,R,33068,-0.9502
42500,P2,CASC,-150.00,-149.99,-209,R,33008,-0.9504
42510,P2,CASC,-150.00,-150.08,-209,R,32948,-0.9496
42520,P2,CASC,-150.00,-149.94,-209,R,32888,-0.9502
42530,P2,CASC,-150.00,-147.51,-210,R,32829,-0.9751
42540,P2,CASC,-150.00,-152.52,-207,R,32768,-0.9499
42550,P2,CASC,-150.00,-149.99,-209,R,32708,-0.9501
42560,P2,CASC,-150.00,-150.00,-209,R,32648,-0.9501
42570,P2,CASC,-150.00,-150.05,-209,R,32588,-0.9496
42580,P2,CASC,-150.00,-149.97,-209,R,32528,-0.9499
42590,P2,CASC,-150.00,-147.47,-210,R,32469,-0.9752
42600,P2,CASC,-150.00,-150.06,-209,R,32409,-0.9746
42610,P2,CASC,-150.00,-149.97,-209,R,32349,-0.9749
42620,P2,CASC,-150.00,-150.00,-209,R,32289,-0.9749
42630,P2,CASC,-150.00,-152.53,-207,R,32228,-0.9496
42640,P2,CASC,-150.00,-152.36,-207,R,32167,-0.9260
42650,P2,CASC,-150.00,-152.59,-207,R,32106,-0.9001
42660,P2,CASC,-150.00,-152.52,-207,R,32045,-0.8749
42670,P2,CASC,-150.00,-154.98,-205,R,31983,-0.8251
42680,P2,CASC,-150.00,-147.54,-209,R,31924,-0.8496
42690,P2,CASC,-150.00,-147.49,-209,R,31865,-0.8748
42700,P2,CASC,-150.00,-147.49,-210,R,31806,-0.8999
42710,P2,CASC,-150.00,-152.53,-207,R,31745,-0.8746
42720,P2,CASC,-150.00,-147.50,-210,R,31686,-0.8996
42730,P2,CASC,-150.00,-149.94,-209,R,31626,-0.9002
42740,P2,CASC,-150.00,-147.56,-210,R,31567,-0.9246
42750,P2,CASC,-150.00,-149.96,-209,R,31507,-0.9251
42760,P2,CASC,-150.00,-150.05,-209,R,31447,-0.9246
42770,P2,CASC,-150.00,-149.99,-209,R,31387,-0.9248
42780,P2,CASC,-150.00,-144.97,-210,R,31329,-0.9751
42790,P2,CASC,-150.00,-145.01,-210,R,31271,-1.0249
42800,P2,CASC,-150.00,-145.03,-211,R,31213,-1.0746
42810,P2,CASC,-150.00,-147.50,-210,R,31154,-1.0996
42820,P2,CASC,-150.00,-150.00,-209,R,31094,-1.0996
42830,P2,CASC,-150.00,-152.47,-207,R,31033,-1.0749
42840,P2,CASC,-150.00,-152.52,-207,R,30972,-1.0498
42850,P2,CASC,-150.00,-152.48,-207,R,30911,-1.0249
42860,P2,CASC,-150.00,-155.00,-205,R,30849,-0.9749
42870,P2,CASC,-150.00,-152.47,-207,R,30788,-0.9502
42880,P2,CASC,-150.00,-152.42,-207,R,30727,-0.9260
42890,P2,CASC,-150.00,-147.59,-210,R,30668,-0.9501
42900,P2,CASC,-150.00,-149.93,-209,R,30608,-0.9509
42910,P2,CASC,-150.00,-147.56,-210,R,30549,-0.9753
42920,P2,CASC,-150.00,-150.06,-209,R,30489,-0.9747
42930,P2,CASC,-150.00,-150.00,-209,R,30429,-0.9747
42940,P2,CASC,-150.00,-149.96,-209,R,30369,-0.9751
42950,P2,CASC,-150.00,-150.05,-209,R,30309,-0.9747
42960,P2,CASC,-150.00,-149.97,-209,R,30249,-0.9750
42970,P2,CASC,-150.00,-152.52,-207,R,30188,-0.9498
42980,P2,CASC,-150.00,-150.01,-209,R,30128,-0.9497
42990,P2,CASC,-150.00,-147.50,-210,R,30069,-0.9747
43000,P2,CASC,-150.00,-147.46,-210,R,30010,-1.0001
43010,P2,CASC,-149.85,-150.00,-209,R,29950,-0.9986
43020,P2,CASC,-149.70,-150.01,-208,R,29890,-0.9955
43030,P2,CASC,-149.55,-152.53,-206,R,29829,-0.9657
43040,P2,CASC,-149.40,-149.97,-208,R,29769,-0.9600
43050,P2,CASC,-149.25,-152.52,-206,R,29708,-0.9273
43060,P2,CASC,-149.10,-155.00,-204,R,29646,-0.8683
43070,P2,CASC,-148.95,-149.99,-207,R,29586,-0.8580
43080,P2,CASC,-148.80,-149.99,-207,R,29526,-0.8461
43090,P2,CASC,-148.65,-145.00,-209,R,29468,-0.8826
43100,P2,CASC,-148.50,-147.51,-208,R,29409,-0.8925
43110,P2,CASC,-148.35,-150.00,-206,R,29349,-0.8760
43120,P2,CASC,-148.20,-147.50,-208,R,29290,-0.8830
43130,P2,CASC,-148.05,-147.51,-208,R,29231,-0.8883
43140,P2,CASC,-147.90,-147.47,-208,R,29172,-0.8926
43150,P2,CASC,-147.75,-145.00,-208,R,29114,-0.9201
43160,P2,CASC,-147.60,-150.00,-205,R,29054,-0.8961
43170,P2,CASC,-147.45,-145.01,-208,R,28996,-0.9205
43180,P2,CASC,-147.30,-145.00,-208,R,28938,-0.9435
43190,P2,CASC,-147.15,-142.53,-209,R,28881,-0.9897
43200,P2,CASC,-147.00,-142.46,-209,R,28824,-1.0351
43210,P2,CASC,-146.85,-142.51,-208,R,28767,-1.0785
43220,P2,CASC,-146.70,-147.53,-206,R,28708,-1.0702
43230,P2,CASC,-146.55,-147.47,-206,R,28649,-1.0610
43240,P2,CASC,-146.40,-150.00,-204,R,28589,-1.0250
43250,P2,CASC,-146.25,-149.99,-204,R,28529,-0.9876
43260,P2,CASC,-146.10,-150.00,-204,R,28469,-0.9486
43270,P2,CASC,-145.95,-147.54,-205,R,28410,-0.9327
43280,P2,CASC,-145.80,-149.87,-203,R,28350,-0.8920
43290,P2,CASC,-145.65,-142.63,-207,R,28293,-0.9222
43300,P2,CASC,-145.50,-144.99,-206,R,28235,-0.9274
43310,P2,CASC,-145.35,-145.00,-206,R,28177,-0.9309
43320,P2,CASC,-145.20,-145.01,-206,R,28119,-0.9327
43330,P2,CASC,-145.05,-147.40,-204,R,28060,-0.9093
43340,P2,CASC,-144.90,-142.57,-206,R,28003,-0.9326
43350,P2,CASC,-144.75,-144.99,-205,R,27945,-0.9302
43360,P2,CASC,-144.60,-142.49,-206,R,27888,-0.9513
43370,P2,CASC,-144.45,-145.04,-205,R,27830,-0.9454
43380,P2,CASC,-144.30,-145.00,-205,R,27772,-0.9384
43390,P2,CASC,-144.15,-142.50,-206,R,27715,-0.9549
43400,P2,CASC,-144.00,-142.49,-206,R,27658,-0.9701
43410,P2,CASC,-143.85,-139.99,-206,R,27602,-1.0087
43420,P2,CASC,-143.70,-145.00,-204,R,27544,-0.9957
43430,P2,CASC,-143.55,-142.51,-205,R,27487,-1.0061
43440,P2,CASC,-143.40,-144.99,-204,R,27429,-0.9902
43450,P2,CASC,-143.25,-142.53,-205,R,27372,-0.9974
43460,P2,CASC,-143.10,-147.47,-202,R,27313,-0.9537
43470,P2,CASC,-142.95,-145.04,-203,R,27255,-0.9328
43480,P2,CASC,-142.80,-144.99,-203,R,27197,-0.9109
43490,P2,CASC,-142.65,-142.46,-204,R,27140,-0.9128
43500,P2,CASC,-142.50,-140.04,-205,R,27084,-0.9374
43510,P2,CASC,-142.35,-139.97,-205,R,27028,-0.9612
43520,P2,CASC,-142.20,-142.41,-204,R,26971,-0.9591
43530,P2,CASC,-142.05,-140.11,-205,R,26915,-0.9784
43540,P2,CASC,-141.90,-140.00,-205,R,26859,-0.9974
43550,P2,CASC,-141.75,-142.51,-203,R,26802,-0.9898
43560,P2,CASC,-141.60,-139.99,-204,R,26746,-1.0059
43570,P2,CASC,-141.45,-137.50,-205,R,26691,-1.0454
43580,P2,CASC,-141.30,-142.50,-203,R,26634,-1.0334
43590,P2,CASC,-141.15,-139.99,-204,R,26578,-1.0451
43600,P2,CASC,-141.00,-135.03,-205,R,26524,-1.1048
43610,P2,CASC,-140.85,-135.00,-205,R,26470,-1.1633
43620,P2,CASC,-140.70,-134.99,-205,R,26416,-1.2204
43630,P2,CASC,-140.55,-137.50,-205,R,26361,-1.2509
43640,P2,CASC,-140.40,-137.51,-205,R,26306,-1.2798
43650,P2,CASC,-140.25,-142.49,-202,R,26249,-1.2574
43660,P2,CASC,-140.10,-142.50,-202,R,26192,-1.2334
43670,P2,CASC,-139.95,-142.47,-201,R,26135,-1.2082
43680,P2,CASC,-139.80,-142.51,-201,R,26078,-1.1811
43690,P2,CASC,-139.65,-142.51,-201,R,26021,-1.1524
43700,P2,CASC,-139.50,-139.99,-202,R,25965,-1.1476
43710,P2,CASC,-139.35,-137.53,-203,R,25910,-1.1658
43720,P2,CASC,-139.20,-137.45,-203,R,25855,-1.1834
43730,P2,CASC,-139.05,-137.54,-203,R,25800,-1.1984
43740,P2,CASC,-138.90,-137.47,-203,R,25745,-1.2127
43750,P2,CASC,-138.75,-139.99,-201,R,25689,-1.2004
43760,P2,CASC,-138.60,-137.56,-203,R,25634,-1.2108
43770,P2,CASC,-138.45,-137.46,-203,R,25579,-1.2207
43780,P2,CASC,-138.30,-137.54,-203,R,25524,-1.2283
43790,P2,CASC,-138.15,-137.45,-203,R,25469,-1.2354
43800,P2,CASC,-138.00,-137.56,-202,R,25414,-1.2398
43810,P2,CASC,-137.85,-137.46,-202,R,25359,-1.2437
43820,P2,CASC,-137.70,-135.03,-203,R,25305,-1.2705
43830,P2,CASC,-137.55,-134.99,-203,R,25251,-1.2961
43840,P2,CASC,-137.40,-134.99,-203,R,25197,-1.3202
43850,P2,CASC,-137.25,-137.50,-201,R,25142,-1.3177
43860,P2,CASC,-137.10,-135.03,-203,R,25088,-1.3385
43870,P2,CASC,-136.95,-137.50,-201,R,25033,-1.3330
43880,P2,CASC,-136.80,-139.97,-199,R,24977,-1.3012
43890,P2,CASC,-136.65,-137.51,-201,R,24922,-1.2926
43900,P2,CASC,-136.50,-137.49,-200,R,24867,-1.2827
43910,P2,CASC,-136.35,-140.01,-198,R,24811,-1.2461
43920,P2,CASC,-136.20,-135.01,-202,R,24757,-1.2580
43930,P2,CASC,-136.05,-132.46,-202,R,24704,-1.2939
43940,P2,CASC,-135.90,-132.50,-202,R,24651,-1.3279
43950,P2,CASC,-135.75,-132.54,-202,R,24598,-1.3600
43960,P2,CASC,-135.60,-137.49,-199,R,24543,-1.3411
43970,P2,CASC,-135.45,-132.53,-202,R,24490,-1.3703
43980,P2,CASC,-135.30,-135.00,-201,R,24436,-1.3733
43990,P2,CASC,-135.15,-132.49,-202,R,24383,-1.4000
44000,P2,CASC,-135.00,-135.01,-200,R,24329,-1.3998
44010,P2,CASC,-134.85,-132.46,-201,R,24276,-1.4237
44020,P2,CASC,-134.70,-132.54,-201,R,24223,-1.4453
44030,P2,CASC,-134.55,-132.47,-201,R,24170,-1.4661
44040,P2,CASC,-134.40,-130.01,-202,R,24118,-1.5100
44050,P2,CASC,-134.25,-127.46,-203,R,24067,-1.5778
44060,P2,CASC,-134.10,-127.55,-203,R,24016,-1.6433
44070,P2,CASC,-133.95,-132.46,-201,R,23963,-1.6582
44080,P2,CASC,-133.80,-132.50,-201,R,23910,-1.6712
44090,P2,CASC,-133.65,-135.04,-199,R,23856,-1.6573
44100,P2,CASC,-133.50,-132.49,-201,R,23803,-1.6675
44110,P2,CASC,-133.35,-137.47,-197,R,23748,-1.6262
44120,P2,CASC,-133.20,-135.00,-199,R,23694,-1.6082
44130,P2,CASC,-133.05,-135.03,-198,R,23640,-1.5885
44140,P2,CASC,-132.90,-132.50,-200,R,23587,-1.5925
44150,P2,CASC,-132.75,-132.49,-200,R,23534,-1.5951
44160,P2,CASC,-132.60,-132.53,-200,R,23481,-1.5958
44170,P2,CASC,-132.45,-132.45,-200,R,23428,-1.5959
44180,P2,CASC,-132.30,-130.05,-200,R,23376,-1.6183
44190,P2,CASC,-132.15,-132.46,-199,R,23323,-1.6152
44200,P2,CASC,-132.00,-132.42,-199,R,23270,-1.6110
44210,P2,CASC,-131.85,-130.09,-200,R,23218,-1.6286
44220,P2,CASC,-131.70,-129.99,-200,R,23166,-1.6458
44230,P2,CASC,-131.55,-130.00,-200,R,23114,-1.6613
44240,P2,CASC,-131.40,-132.54,-198,R,23061,-1.6499
44250,P2,CASC,-131.25,-132.50,-198,R,23008,-1.6374
44260,P2,CASC,-131.10,-129.95,-199,R,22956,-1.6489
44270,P2,CASC,-130.95,-127.53,-200,R,22905,-1.6831
44280,P2,CASC,-130.80,-130.03,-199,R,22853,-1.6909
44290,P2,CASC,-130.65,-127.49,-200,R,22802,-1.7225
44300,P2,CASC,-130.50,-129.99,-199,R,22750,-1.7276
44310,P2,CASC,-130.35,-127.53,-200,R,22699,-1.7559
44320,P2,CASC,-130.20,-132.47,-197,R,22646,-1.7331
44330,P2,CASC,-130.05,-129.99,-199,R,22594,-1.7338
44340,P2,CASC,-129.90,-132.53,-196,R,22541,-1.7075
44350,P2,CASC,-129.75,-129.99,-198,R,22489,-1.7051
44360,P2,CASC,-129.60,-132.49,-196,R,22436,-1.6763
44370,P2,CASC,-129.45,-130.00,-197,R,22384,-1.6708
44380,P2,CASC,-129.30,-127.54,-199,R,22333,-1.6884
44390,P2,CASC,-129.15,-127.50,-199,R,22282,-1.7049
44400,P2,CASC,-129.00,-127.50,-198,R,22231,-1.7199
44410,P2,CASC,-128.85,-124.99,-199,R,22181,-1.7585
44420,P2,CASC,-128.70,-129.97,-196,R,22129,-1.7458
44430,P2,CASC,-128.55,-125.03,-199,R,22079,-1.7810
44440,P2,CASC,-128.40,-127.50,-198,R,22028,-1.7900
44450,P2,CASC,-128.25,-127.51,-198,R,21977,-1.7974
44460,P2,CASC,-128.10,-127.39,-198,R,21926,-1.8045
44470,P2,CASC,-127.95,-125.09,-198,R,21876,-1.8332
44480,P2,CASC,-127.80,-127.49,-198,R,21825,-1.8363
44490,P2,CASC,-127.65,-125.01,-198,R,21775,-1.8627
44500,P2,CASC,-127.50,-122.52,-199,R,21726,-1.9124
44510,P2,CASC,-127.35,-122.48,-199,R,21677,-1.9612
44520,P2,CASC,-127.20,-122.52,-199,R,21628,-2.0079
44530,P2,CASC,-127.05,-122.45,-199,R,21579,-2.0539
44540,P2,CASC,-126.90,-125.05,-198,R,21529,-2.0724
44550,P2,CASC,-126.75,-127.46,-196,R,21478,-2.0653
44560,P2,CASC,-126.60,-127.51,-196,R,21427,-2.0562
44570,P2,CASC,-126.45,-127.47,-196,R,21376,-2.0459
44580,P2,CASC,-126.30,-127.55,-196,R,21325,-2.0334
44590,P2,CASC,-126.15,-129.99,-194,R,21273,-1.9950
44600,P2,CASC,-126.00,-127.51,-195,R,21222,-1.9799
44610,P2,CASC,-125.85,-127.47,-195,R,21171,-1.9637
44620,P2,CASC,-125.70,-122.50,-198,R,21122,-1.9957
44630,P2,CASC,-125.55,-125.00,-197,R,21072,-2.0012
44640,P2,CASC,-125.40,-124.99,-197,R,21022,-2.0053
44650,P2,CASC,-125.25,-125.00,-197,R,20972,-2.0078
44660,P2,CASC,-125.10,-122.51,-197,R,20923,-2.0337
44670,P2,CASC,-124.95,-127.49,-194,R,20872,-2.0083
44680,P2,CASC,-124.80,-122.51,-197,R,20823,-2.0312
44690,P2,CASC,-124.65,-124.98,-195,R,20773,-2.0279
44700,P2,CASC,-124.50,-125.01,-195,R,20723,-2.0228
44710,P2,CASC,-124.35,-122.50,-196,R,20674,-2.0413
44720,P2,CASC,-124.20,-125.00,-195,R,20624,-2.0333
44730,P2,CASC,-124.05,-125.04,-194,R,20574,-2.0234
44740,P2,CASC,-123.90,-122.50,-196,R,20525,-2.0374
44750,P2,CASC,-123.75,-122.50,-196,R,20476,-2.0499
44760,P2,CASC,-123.60,-119.99,-197,R,20428,-2.0860
44770,P2,CASC,-123.45,-122.50,-196,R,20379,-2.0955
44780,P2,CASC,-123.30,-122.50,-196,R,20330,-2.1035
44790,P2,CASC,-123.15,-122.46,-196,R,20281,-2.1104
44800,P2,CASC,-123.00,-122.52,-196,R,20232,-2.1152
44810,P2,CASC,-122.85,-125.01,-193,R,20182,-2.0935
44820,P2,CASC,-122.70,-125.00,-193,R,20132,-2.0705
44830,P2,CASC,-122.55,-125.01,-193,R,20082,-2.0459
44840,P2,CASC,-122.40,-124.98,-192,R,20032,-2.0202
44850,P2,CASC,-122.25,-122.51,-194,R,19983,-2.0175
44860,P2,CASC,-122.10,-119.96,-195,R,19935,-2.0389
44870,P2,CASC,-121.95,-120.04,-195,R,19887,-2.0580
44880,P2,CASC,-121.80,-119.98,-195,R,19839,-2.0763
44890,P2,CASC,-121.65,-117.50,-196,R,19792,-2.1178
44900,P2,CASC,-121.50,-122.49,-193,R,19743,-2.1079
44910,P2,CASC,-121.35,-120.02,-195,R,19695,-2.1212
44920,P2,CASC,-121.20,-122.52,-193,R,19646,-2.1079
44930,P2,CASC,-121.05,-117.46,-195,R,19599,-2.1438
44940,P2,CASC,-120.90,-120.04,-194,R,19551,-2.1524
44950,P2,CASC,-120.75,-117.46,-195,R,19504,-2.1853
44960,P2,CASC,-120.60,-122.49,-192,R,19455,-2.1664
44970,P2,CASC,-120.45,-117.52,-195,R,19408,-2.1956
44980,P2,CASC,-120.30,-117.49,-195,R,19361,-2.2238
44990,P2,CASC,-120.15,-115.02,-195,R,19315,-2.2750
45000,P2,CASC,-120.00,-114.99,-195,R,19269,-2.3251
45010,P2,CASC,-119.85,-115.00,-195,R,19223,-2.3736
45020,P2,CASC,-119.70,-117.52,-195,R,19176,-2.3954
45030,P2,CASC,-119.55,-117.48,-195,R,19129,-2.4161
45040,P2,CASC,-119.40,-119.99,-193,R,19081,-2.4103
45050,P2,CASC,-119.25,-119.99,-192,R,19033,-2.4029
45060,P2,CASC,-119.10,-120.02,-192,R,18985,-2.3936
45070,P2,CASC,-118.95,-122.43,-190,R,18936,-2.3589
45080,P2,CASC,-118.80,-120.08,-192,R,18888,-2.3460
45090,P2,CASC,-118.65,-119.98,-192,R,18840,-2.3328
45100,P2,CASC,-118.50,-117.54,-193,R,18793,-2.3424
45110,P2,CASC,-118.35,-119.98,-191,R,18745,-2.3262
45120,P2,CASC,-118.20,-115.01,-194,R,18699,-2.3580
45130,P2,CASC,-118.05,-117.49,-193,R,18652,-2.3637
45140,P2,CASC,-117.90,-115.01,-194,R,18606,-2.3926
45150,P2,CASC,-117.75,-117.50,-193,R,18559,-2.3951
45160,P2,CASC,-117.60,-117.49,-193,R,18512,-2.3962
45170,P2,CASC,-117.45,-117.52,-192,R,18465,-2.3954
45180,P2,CASC,-117.30,-117.49,-192,R,18418,-2.3936
45190,P2,CASC,-117.15,-115.00,-193,R,18372,-2.4151
45200,P2,CASC,-117.00,-117.51,-191,R,18325,-2.4099
45210,P2,CASC,-116.85,-117.50,-191,R,18278,-2.4034
45220,P2,CASC,-116.70,-114.98,-193,R,18232,-2.4207
45230,P2,CASC,-116.55,-117.48,-191,R,18185,-2.4114
45240,P2,CASC,-116.40,-115.03,-192,R,18139,-2.4251
45250,P2,CASC,-116.25,-114.97,-192,R,18093,-2.4379
45260,P2,CASC,-116.10,-115.05,-192,R,18047,-2.4484
45270,P2,CASC,-115.95,-112.49,-193,R,18002,-2.4831
45280,P2,CASC,-115.80,-115.00,-192,R,17956,-2.4911
45290,P2,CASC,-115.65,-115.00,-192,R,17910,-2.4976
45300,P2,CASC,-115.50,-115.01,-192,R,17864,-2.5024
45310,P2,CASC,-115.35,-114.95,-192,R,17818,-2.5064
45320,P2,CASC,-115.20,-115.01,-192,R,17772,-2.5083
45330,P2,CASC,-115.05,-117.52,-189,R,17725,-2.4835
45340,P2,CASC,-114.90,-117.50,-189,R,17678,-2.4575
45350,P2,CASC,-114.75,-115.00,-190,R,17632,-2.4550
45360,P2,CASC,-114.60,-114.99,-190,R,17586,-2.4512
45370,P2,CASC,-114.45,-115.00,-190,R,17540,-2.4457
45380,P2,CASC,-114.30,-109.98,-192,R,17496,-2.4889
45390,P2,CASC,-114.15,-110.00,-192,R,17452,-2.5304
45400,P2,CASC,-114.00,-112.53,-191,R,17407,-2.5450
45410,P2,CASC,-113.85,-115.00,-189,R,17361,-2.5335
45420,P2,CASC,-113.70,-112.51,-191,R,17316,-2.5454
45430,P2,CASC,-113.55,-110.00,-192,R,17272,-2.5809
45440,P2,CASC,-113.40,-112.46,-191,R,17227,-2.5904
45450,P2,CASC,-113.25,-112.52,-191,R,17182,-2.5977
45460,P2,CASC,-113.10,-110.01,-191,R,17138,-2.6285
45470,P2,CASC,-112.95,-112.48,-191,R,17093,-2.6333
45480,P2,CASC,-112.80,-112.51,-191,R,17048,-2.6362
45490,P2,CASC,-112.65,-109.99,-191,R,17004,-2.6628
45500,P2,CASC,-112.50,-112.53,-189,R,16959,-2.6624
45510,P2,CASC,-112.35,-107.49,-192,R,16916,-2.7110
45520,P2,CASC,-112.20,-104.98,-192,R,16874,-2.7832
45530,P2,CASC,-112.05,-110.01,-191,R,16830,-2.8036
45540,P2,CASC,-111.90,-107.49,-192,R,16787,-2.8477
45550,P2,CASC,-111.75,-110.00,-191,R,16743,-2.8652
45560,P2,CASC,-111.60,-112.53,-189,R,16698,-2.8559
45570,P2,CASC,-111.45,-112.47,-188,R,16653,-2.8457
45580,P2,CASC,-111.30,-110.01,-190,R,16609,-2.8586
45590,P2,CASC,-111.15,-112.52,-188,R,16564,-2.8449
45600,P2,CASC,-111.00,-112.48,-188,R,16519,-2.8301
45610,P2,CASC,-110.85,-112.50,-188,R,16474,-2.8136
45620,P2,CASC,-110.70,-112.51,-187,R,16429,-2.7955
45630,P2,CASC,-110.55,-109.99,-190,R,16385,-2.8011
45640,P2,CASC,-110.40,-110.00,-190,R,16341,-2.8051
45650,P2,CASC,-110.25,-110.01,-189,R,16297,-2.8075
45660,P2,CASC,-110.10,-107.48,-190,R,16254,-2.8337
45670,P2,CASC,-109.95,-110.00,-188,R,16210,-2.8332
45680,P2,CASC,-109.80,-109.99,-188,R,16166,-2.8313
45690,P2,CASC,-109.65,-107.53,-190,R,16123,-2.8525
45700,P2,CASC,-109.50,-109.99,-188,R,16079,-2.8476
45710,P2,CASC,-109.35,-109.99,-187,R,16035,-2.8412
45720,P2,CASC,-109.20,-107.51,-189,R,15992,-2.8581
45730,P2,CASC,-109.05,-107.48,-189,R,15949,-2.8739
45740,P2,CASC,-108.90,-107.54,-189,R,15906,-2.8874
45750,P2,CASC,-108.75,-109.99,-187,R,15862,-2.8750
45760,P2,CASC,-108.60,-107.50,-189,R,15819,-2.8860
45770,P2,CASC,-108.45,-110.01,-186,R,15775,-2.8704
45780,P2,CASC,-108.30,-104.98,-189,R,15733,-2.9036
45790,P2,CASC,-108.15,-107.52,-188,R,15690,-2.9099
45800,P2,CASC,-108.00,-107.47,-188,R,15647,-2.9152
45810,P2,CASC,-107.85,-102.50,-190,R,15606,-2.9687
45820,P2,CASC,-107.70,-110.03,-185,R,15562,-2.9454
45830,P2,CASC,-107.55,-104.98,-189,R,15520,-2.9711
45840,P2,CASC,-107.40,-107.45,-187,R,15477,-2.9707
45850,P2,CASC,-107.25,-105.07,-189,R,15435,-2.9924
45860,P2,CASC,-107.10,-107.49,-186,R,15392,-2.9885
45870,P2,CASC,-106.95,-107.49,-186,R,15349,-2.9831
45880,P2,CASC,-106.80,-107.51,-186,R,15306,-2.9760
45890,P2,CASC,-106.65,-107.49,-186,R,15263,-2.9676
45900,P2,CASC,-106.50,-107.49,-186,R,15220,-2.9577
45910,P2,CASC,-106.35,-105.00,-188,R,15178,-2.9712
45920,P2,CASC,-106.20,-105.01,-188,R,15136,-2.9831
45930,P2,CASC,-106.05,-102.51,-188,R,15095,-3.0185
45940,P2,CASC,-105.90,-104.99,-187,R,15053,-3.0276
45950,P2,CASC,-105.75,-102.51,-188,R,15012,-3.0600
45960,P2,CASC,-105.60,-107.47,-185,R,14969,-3.0414
45970,P2,CASC,-105.45,-105.04,-187,R,14927,-3.0454
45980,P2,CASC,-105.30,-102.47,-188,R,14886,-3.0737
45990,P2,CASC,-105.15,-105.00,-187,R,14844,-3.0752
46000,P2,CASC,-105.00,-102.50,-187,R,14803,-3.1002
46010,P2,CASC,-104.85,-102.53,-187,R,14762,-3.1234
46020,P2,CASC,-104.70,-107.47,-184,R,14719,-3.0958
46030,P2,CASC,-104.55,-102.51,-187,R,14678,-3.1162
46040,P2,CASC,-104.40,-104.99,-185,R,14636,-3.1103
46050,P2,CASC,-104.25,-100.00,-188,R,14596,-3.1528
46060,P2,CASC,-104.10,-102.51,-187,R,14555,-3.1687
46070,P2,CASC,-103.95,-100.00,-187,R,14515,-3.2082
46080,P2,CASC,-103.80,-99.98,-187,R,14475,-3.2464
46090,P2,CASC,-103.65,-100.04,-187,R,14435,-3.2825
46100,P2,CASC,-103.50,-97.48,-188,R,14396,-3.3427
46110,P2,CASC,-103.35,-102.49,-187,R,14355,-3.3513
46120,P2,CASC,-103.20,-102.51,-187,R,14314,-3.3582
46130,P2,CASC,-103.05,-104.98,-184,R,14272,-3.3389
46140,P2,CASC,-102.90,-102.53,-186,R,14231,-3.3426
46150,P2,CASC,-102.75,-102.50,-186,R,14190,-3.3451
46160,P2,CASC,-102.60,-104.98,-183,R,14148,-3.3213
46170,P2,CASC,-102.45,-102.53,-185,R,14107,-3.3205
46180,P2,CASC,-102.30,-104.97,-183,R,14065,-3.2938
46190,P2,CASC,-102.15,-102.52,-184,R,14024,-3.2901
46200,P2,CASC,-102.00,-102.48,-184,R,13983,-3.2853
46210,P2,CASC,-101.85,-100.02,-186,R,13943,-3.3036
46220,P2,CASC,-101.70,-100.00,-186,R,13903,-3.3206
46230,P2,CASC,-101.55,-100.01,-186,R,13863,-3.3360
46240,P2,CASC,-101.40,-99.98,-186,R,13823,-3.3502
46250,P2,CASC,-101.25,-102.49,-183,R,13782,-3.3378
46260,P2,CASC,-101.10,-99.99,-185,R,13742,-3.3489
46270,P2,CASC,-100.95,-100.02,-185,R,13702,-3.3582
46280,P2,CASC,-100.80,-102.49,-183,R,13661,-3.3413
46290,P2,CASC,-100.65,-100.02,-185,R,13621,-3.3476
46300,P2,CASC,-100.50,-99.99,-185,R,13581,-3.3527
46310,P2,CASC,-100.35,-99.99,-185,R,13541,-3.3563
46320,P2,CASC,-100.20,-97.52,-185,R,13502,-3.3831
46330,P2,CASC,-100.05,-102.47,-182,R,13461,-3.3589
46340,P2,CASC,-99.90,-100.01,-183,R,13421,-3.3578
46350,P2,CASC,-99.75,-100.03,-183,R,13381,-3.3550
46360,P2,CASC,-99.60,-99.97,-183,R,13341,-3.3513
46370,P2,CASC,-99.45,-97.51,-185,R,13302,-3.3707
46380,P2,CASC,-99.30,-97.49,-184,R,13263,-3.3888
46390,P2,CASC,-99.15,-100.02,-182,R,13223,-3.3801
46400,P2,CASC,-99.00,-97.50,-184,R,13184,-3.3951
46410,P2,CASC,-98.85,-97.50,-184,R,13145,-3.4086
46420,P2,CASC,-98.70,-97.45,-184,R,13106,-3.4211
46430,P2,CASC,-98.55,-97.55,-184,R,13067,-3.4311
46440,P2,CASC,-98.40,-97.47,-184,R,13028,-3.4404
46450,P2,CASC,-98.25,-97.54,-184,R,12989,-3.4475
46460,P2,CASC,-98.10,-100.00,-181,R,12949,-3.4285
46470,P2,CASC,-97.95,-97.47,-183,R,12910,-3.4333
46480,P2,CASC,-97.80,-99.99,-180,R,12870,-3.4114
46490,P2,CASC,-97.65,-97.54,-183,R,12831,-3.4125
46500,P2,CASC,-97.50,-97.49,-183,R,12792,-3.4126
46510,P2,CASC,-97.35,-97.49,-181,R,12753,-3.4112
46520,P2,CASC,-97.20,-94.98,-183,R,12715,-3.4334
46530,P2,CASC,-97.05,-92.51,-184,R,12678,-3.4788
46540,P2,CASC,-96.90,-95.02,-183,R,12640,-3.4976
46550,P2,CASC,-96.75,-94.97,-183,R,12602,-3.5154
46560,P2,CASC,-96.60,-97.52,-181,R,12563,-3.5062
46570,P2,CASC,-96.45,-95.01,-183,R,12525,-3.5206
46580,P2,CASC,-96.30,-94.98,-183,R,12487,-3.5338
46590,P2,CASC,-96.15,-95.01,-183,R,12449,-3.5452
46600,P2,CASC,-96.00,-94.99,-182,R,12411,-3.5553
46610,P2,CASC,-95.85,-95.03,-182,R,12373,-3.5635
46620,P2,CASC,-95.70,-95.00,-182,R,12335,-3.5705
46630,P2,CASC,-95.55,-94.97,-182,R,12297,-3.5763
46640,P2,CASC,-95.40,-95.02,-182,R,12259,-3.5801
46650,P2,CASC,-95.25,-94.99,-182,R,12221,-3.5827
46660,P2,CASC,-95.10,-92.52,-182,R,12184,-3.6085
46670,P2,CASC,-94.95,-92.48,-182,R,12147,-3.6332
46680,P2,CASC,-94.80,-89.99,-183,R,12111,-3.6813
46690,P2,CASC,-94.65,-90.01,-183,R,12075,-3.7277
46700,P2,CASC,-94.50,-92.51,-182,R,12038,-3.7476
46710,P2,CASC,-94.35,-87.48,-183,R,12003,-3.8163
46720,P2,CASC,-94.20,-94.99,-180,R,11965,-3.8084
46730,P2,CASC,-94.05,-92.54,-182,R,11928,-3.8235
46740,P2,CASC,-93.90,-92.46,-182,R,11891,-3.8379
46750,P2,CASC,-93.75,-95.04,-179,R,11853,-3.8250
46760,P2,CASC,-93.60,-92.47,-182,R,11816,-3.8363
46770,P2,CASC,-93.45,-92.53,-181,R,11779,-3.8455
46780,P2,CASC,-93.30,-94.99,-178,R,11741,-3.8286
46790,P2,CASC,-93.15,-92.47,-181,R,11704,-3.8354
46800,P2,CASC,-93.00,-95.00,-178,R,11666,-3.8154
46810,P2,CASC,-92.85,-92.53,-181,R,11629,-3.8186
46820,P2,CASC,-92.70,-92.51,-181,R,11592,-3.8205
46830,P2,CASC,-92.55,-92.47,-181,R,11555,-3.8213
46840,P2,CASC,-92.40,-92.50,-179,R,11518,-3.8203
46850,P2,CASC,-92.25,-90.03,-181,R,11482,-3.8425
46860,P2,CASC,-92.10,-89.96,-181,R,11446,-3.8639
46870,P2,CASC,-91.95,-90.04,-181,R,11410,-3.8830
46880,P2,CASC,-91.80,-95.00,-176,R,11372,-3.8510
46890,P2,CASC,-91.65,-89.99,-180,R,11336,-3.8676
46900,P2,CASC,-91.50,-89.98,-180,R,11300,-3.8828
46910,P2,CASC,-91.35,-92.50,-178,R,11263,-3.8713
46920,P2,CASC,-91.20,-90.03,-180,R,11227,-3.8830
46930,P2,CASC,-91.05,-89.97,-180,R,11191,-3.8938
46940,P2,CASC,-90.90,-90.03,-180,R,11155,-3.9025
46950,P2,CASC,-90.75,-92.48,-177,R,11118,-3.8852
46960,P2,CASC,-90.60,-90.00,-179,R,11082,-3.8912
46970,P2,CASC,-90.45,-90.01,-179,R,11046,-3.8956
46980,P2,CASC,-90.30,-92.50,-176,R,11009,-3.8736
46990,P2,CASC,-90.15,-90.00,-179,R,10973,-3.8751
47000,P2,CASC,-90.00,-89.98,-179,R,10937,-3.8753
47010,P2,CASC,-89.85,-87.49,-179,R,10902,-3.8989
47020,P2,CASC,-89.70,-87.52,-179,R,10867,-3.9207
47030,P2,CASC,-89.55,-90.00,-177,R,10831,-3.9162
47040,P2,CASC,-89.40,-87.52,-179,R,10796,-3.9350
47050,P2,CASC,-89.25,-89.99,-176,R,10760,-3.9276
47060,P2,CASC,-89.10,-87.47,-179,R,10725,-3.9439
47070,P2,CASC,-88.95,-87.50,-179,R,10690,-3.9584
47080,P2,CASC,-88.80,-89.96,-176,R,10654,-3.9468
47090,P2,CASC,-88.65,-85.08,-179,R,10620,-3.9825
47100,P2,CASC,-88.50,-89.97,-176,R,10584,-3.9678
47110,P2,CASC,-88.35,-87.52,-178,R,10549,-3.9761
47120,P2,CASC,-88.20,-87.47,-178,R,10514,-3.9834
47130,P2,CASC,-88.05,-90.04,-175,R,10478,-3.9635
47140,P2,CASC,-87.90,-87.49,-178,R,10443,-3.9676
47150,P2,CASC,-87.75,-87.48,-178,R,10408,-3.9703
47160,P2,CASC,-87.60,-85.00,-178,R,10374,-3.9963
47170,P2,CASC,-87.45,-87.51,-176,R,10339,-3.9957
47180,P2,CASC,-87.30,-85.00,-178,R,10305,-4.0187
47190,P2,CASC,-87.15,-84.99,-178,R,10271,-4.0403
47200,P2,CASC,-87.00,-85.02,-178,R,10237,-4.0601
47210,P2,CASC,-86.85,-84.97,-178,R,10203,-4.0789
47220,P2,CASC,-86.70,-87.54,-175,R,10168,-4.0705
47230,P2,CASC,-86.55,-85.00,-177,R,10134,-4.0860
47240,P2,CASC,-86.40,-84.99,-177,R,10100,-4.1001
47250,P2,CASC,-86.25,-85.00,-177,R,10066,-4.1126
47260,P2,CASC,-86.10,-84.98,-177,R,10032,-4.1238
47270,P2,CASC,-85.95,-87.51,-174,R,9997,-4.1082
47280,P2,CASC,-85.80,-82.51,-177,R,9964,-4.1411
47290,P2,CASC,-85.65,-87.50,-174,R,9929,-4.1226
47300,P2,CASC,-85.50,-82.51,-177,R,9896,-4.1525
47310,P2,CASC,-85.35,-84.98,-176,R,9862,-4.1562
47320,P2,CASC,-85.20,-84.99,-176,R,9828,-4.1583
47330,P2,CASC,-85.05,-82.49,-177,R,9795,-4.1839
47340,P2,CASC,-84.90,-85.02,-174,R,9761,-4.1827
47350,P2,CASC,-84.75,-79.98,-177,R,9729,-4.2304
47360,P2,CASC,-84.60,-82.51,-177,R,9696,-4.2513
47370,P2,CASC,-84.45,-79.96,-177,R,9664,-4.2962
47380,P2,CASC,-84.30,-80.04,-177,R,9632,-4.3388
47390,P2,CASC,-84.15,-80.02,-177,R,9600,-4.3801
47400,P2,CASC,-84.00,-82.48,-176,R,9567,-4.3953
47410,P2,CASC,-83.85,-82.50,-176,R,9534,-4.4088
47420,P2,CASC,-83.70,-82.51,-176,R,9501,-4.4207
47430,P2,CASC,-83.55,-82.50,-176,R,9468,-4.4312
47440,P2,CASC,-83.40,-82.52,-176,R,9435,-4.4400
47450,P2,CASC,-83.25,-84.99,-173,R,9401,-4.4226
47460,P2,CASC,-83.10,-82.48,-176,R,9368,-4.4288
47470,P2,CASC,-82.95,-85.02,-172,R,9334,-4.4081
47480,P2,CASC,-82.80,-82.49,-175,R,9301,-4.4112
47490,P2,CASC,-82.65,-82.52,-175,R,9268,-4.4125
47500,P2,CASC,-82.50,-82.48,-175,R,9235,-4.4127
47510,P2,CASC,-82.35,-82.50,-173,R,9202,-4.4112
47520,P2,CASC,-82.20,-82.52,-173,R,9169,-4.4080
47530,P2,CASC,-82.05,-80.00,-175,R,9137,-4.4285
47540,P2,CASC,-81.90,-82.48,-173,R,9104,-4.4227
47550,P2,CASC,-81.75,-79.98,-175,R,9072,-4.4404
47560,P2,CASC,-81.60,-80.02,-175,R,9040,-4.4562
47570,P2,CASC,-81.45,-79.99,-175,R,9008,-4.4708
47580,P2,CASC,-81.30,-82.51,-172,R,8975,-4.4587
47590,P2,CASC,-81.15,-80.00,-175,R,8943,-4.4702
47600,P2,CASC,-81.00,-79.98,-174,R,8911,-4.4804
47610,P2,CASC,-80.85,-80.02,-174,R,8879,-4.4886
47620,P2,CASC,-80.70,-82.50,-171,R,8846,-4.4706
47630,P2,CASC,-80.55,-80.00,-174,R,8814,-4.4761
47640,P2,CASC,-80.40,-79.99,-174,R,8782,-4.4802
47650,P2,CASC,-80.25,-82.52,-170,R,8749,-4.4575
47660,P2,CASC,-80.10,-80.00,-173,R,8717,-4.4585
47670,P2,CASC,-79.95,-82.48,-170,R,8684,-4.4333
47680,P2,CASC,-79.80,-80.02,-171,R,8652,-4.4310
47690,P2,CASC,-79.65,-82.49,-170,R,8619,-4.4026
47700,P2,CASC,-79.50,-82.48,-169,R,8586,-4.3728
47710,P2,CASC,-79.35,-80.01,-171,R,8554,-4.3662
47720,P2,CASC,-79.20,-80.02,-170,R,8522,-4.3580
47730,P2,CASC,-79.05,-79.98,-170,R,8490,-4.3487
47740,P2,CASC,-78.90,-80.00,-170,R,8458,-4.3377
47750,P2,CASC,-78.75,-80.02,-170,R,8426,-4.3250
47760,P2,CASC,-78.60,-77.49,-173,R,8395,-4.3361
47770,P2,CASC,-78.45,-79.99,-169,R,8363,-4.3207
47780,P2,CASC,-78.30,-77.51,-172,R,8332,-4.3286
47790,P2,CASC,-78.15,-79.98,-169,R,8300,-4.3103
47800,P2,CASC,-78.00,-80.02,-169,R,8268,-4.2900
47810,P2,CASC,-77.85,-77.50,-172,R,8237,-4.2935
47820,P2,CASC,-77.70,-79.98,-168,R,8205,-4.2708
47830,P2,CASC,-77.55,-77.51,-171,R,8174,-4.2712
47840,P2,CASC,-77.40,-80.02,-168,R,8142,-4.2451
47850,P2,CASC,-77.25,-77.48,-169,R,8111,-4.2428
47860,P2,CASC,-77.10,-80.02,-167,R,8079,-4.2135
47870,P2,CASC,-76.95,-79.98,-167,R,8047,-4.1833
47880,P2,CASC,-76.80,-77.52,-169,R,8016,-4.1761
47890,P2,CASC,-76.65,-77.50,-168,R,7985,-4.1676
47900,P2,CASC,-76.50,-77.50,-168,R,7954,-4.1576
47910,P2,CASC,-76.35,-77.48,-168,R,7923,-4.1463
47920,P2,CASC,-76.20,-75.02,-171,R,7893,-4.1581
47930,P2,CASC,-76.05,-74.99,-171,R,7863,-4.1687
47940,P2,CASC,-75.90,-77.52,-167,R,7832,-4.1526
47950,P2,CASC,-75.75,-72.50,-171,R,7803,-4.1851
47960,P2,CASC,-75.60,-80.00,-165,R,7771,-4.1411
47970,P2,CASC,-75.45,-77.48,-167,R,7740,-4.1207
47980,P2,CASC,-75.30,-75.01,-170,R,7710,-4.1236
47990,P2,CASC,-75.15,-74.98,-170,R,7680,-4.1253
48000,P2,CASC,-75.00,-79.99,-165,R,7648,-4.0754
48010,P2,CASC,-74.85,-75.00,-168,R,7618,-4.0739
48020,P2,CASC,-74.70,-77.52,-166,R,7587,-4.0457
48030,P2,CASC,-74.55,-75.01,-167,R,7557,-4.0411
48040,P2,CASC,-74.40,-77.50,-165,R,7526,-4.0101
48050,P2,CASC,-74.25,-74.99,-167,R,7496,-4.0026
48060,P2,CASC,-74.10,-77.51,-165,R,7465,-3.9686
48070,P2,CASC,-73.95,-74.99,-166,R,7435,-3.9582
48080,P2,CASC,-73.80,-77.52,-164,R,7404,-3.9210
48090,P2,CASC,-73.65,-74.99,-166,R,7374,-3.9076
48100,P2,CASC,-73.50,-75.00,-166,R,7344,-3.8926
48110,P2,CASC,-73.35,-72.50,-168,R,7315,-3.9011
48120,P2,CASC,-73.20,-72.49,-168,R,7286,-3.9082
48130,P2,CASC,-73.05,-72.49,-168,R,7257,-3.9138
48140,P2,CASC,-72.90,-72.50,-168,R,7228,-3.9178
48150,P2,CASC,-72.75,-72.52,-168,R,7199,-3.9201
48160,P2,CASC,-72.60,-74.99,-164,R,7169,-3.8961
48170,P2,CASC,-72.45,-75.01,-164,R,7139,-3.8706
48180,P2,CASC,-72.30,-74.97,-164,R,7109,-3.8439
48190,P2,CASC,-72.15,-75.01,-164,R,7079,-3.8152
48200,P2,CASC,-72.00,-75.00,-163,R,7049,-3.7852
48210,P2,CASC,-71.85,-75.01,-163,R,7019,-3.7536
48220,P2,CASC,-71.70,-74.99,-163,R,6989,-3.7207
48230,P2,CASC,-71.55,-77.51,-161,R,6958,-3.6611
48240,P2,CASC,-71.40,-74.99,-162,R,6928,-3.6252
48250,P2,CASC,-71.25,-75.01,-162,R,6898,-3.5876
48260,P2,CASC,-71.10,-77.48,-160,R,6867,-3.5238
48270,P2,CASC,-70.95,-72.50,-163,R,6838,-3.5083
48280,P2,CASC,-70.80,-75.01,-161,R,6808,-3.4661
48290,P2,CASC,-70.65,-74.98,-161,R,6778,-3.4229
48300,P2,CASC,-70.50,-75.02,-161,R,6748,-3.3776
48310,P2,CASC,-70.35,-72.48,-162,R,6719,-3.3563
48320,P2,CASC,-70.20,-72.51,-162,R,6690,-3.3332
48330,P2,CASC,-70.05,-72.49,-162,R,6661,-3.3088
48340,P2,CASC,-69.90,-75.03,-160,R,6631,-3.2575
48350,P2,CASC,-69.75,-72.49,-161,R,6602,-3.2302
48360,P2,CASC,-69.60,-74.99,-159,R,6572,-3.1763
48370,P2,CASC,-69.45,-72.51,-160,R,6543,-3.1456
48380,P2,CASC,-69.30,-75.01,-158,R,6513,-3.0885
48390,P2,CASC,-69.15,-72.47,-160,R,6484,-3.0553
48400,P2,CASC,-69.00,-75.01,-158,R,6454,-2.9953
48410,P2,CASC,-68.85,-72.51,-159,R,6425,-2.9587
48420,P2,CASC,-68.70,-75.00,-157,R,6395,-2.8957
48430,P2,CASC,-68.55,-72.51,-159,R,6366,-2.8560
48440,P2,CASC,-68.40,-74.98,-157,R,6336,-2.7903
48450,P2,CASC,-68.25,-72.51,-158,R,6307,-2.7477
48460,P2,CASC,-68.10,-75.01,-156,R,6277,-2.6786
48470,P2,CASC,-67.95,-74.99,-156,R,6247,-2.6082
48480,P2,CASC,-67.80,-75.00,-155,R,6217,-2.5362
48490,P2,CASC,-67.65,-74.99,-155,R,6187,-2.4628
48500,P2,CASC,-67.50,-72.51,-156,R,6158,-2.4126
48510,P2,CASC,-67.35,-72.50,-156,R,6129,-2.3611
48520,P2,CASC,-67.20,-72.49,-156,R,6100,-2.3083
48530,P2,CASC,-67.05,-72.51,-155,R,6071,-2.2536
48540,P2,CASC,-66.90,-72.49,-155,R,6042,-2.1977
48550,P2,CASC,-66.75,-70.01,-156,R,6014,-2.1651
48560,P2,CASC,-66.60,-72.49,-154,R,5985,-2.1062
48570,P2,CASC,-66.45,-69.99,-156,R,5957,-2.0708
48580,P2,CASC,-66.30,-69.99,-156,R,5929,-2.0338
48590,P2,CASC,-66.15,-70.02,-155,R,5901,-1.9951
48600,P2,CASC,-66.00,-72.49,-153,R,5872,-1.9303
48610,P2,CASC,-65.85,-70.01,-155,R,5844,-1.8886
48620,P2,CASC,-65.70,-67.49,-156,R,5817,-1.8708
48630,P2,CASC,-65.55,-70.01,-154,R,5789,-1.8262
48640,P2,CASC,-65.40,-70.01,-154,R,5761,-1.7801
48650,P2,CASC,-65.25,-70.01,-154,R,5733,-1.7326
48660,P2,CASC,-65.10,-67.50,-155,R,5706,-1.7086
48670,P2,CASC,-64.95,-69.99,-153,R,5678,-1.6581
48680,P2,CASC,-64.80,-69.99,-153,R,5650,-1.6062
48690,P2,CASC,-64.65,-67.51,-154,R,5623,-1.5776
48700,P2,CASC,-64.50,-69.98,-152,R,5595,-1.5228
48710,P2,CASC,-64.35,-67.51,-153,R,5568,-1.4911
48720,P2,CASC,-64.20,-67.51,-153,R,5541,-1.4581
48730,P2,CASC,-64.05,-64.99,-155,R,5515,-1.4487
48740,P2,CASC,-63.90,-65.00,-154,R,5489,-1.4377
48750,P2,CASC,-63.75,-65.00,-154,R,5463,-1.4252
48760,P2,CASC,-63.60,-67.51,-152,R,5436,-1.3861
48770,P2,CASC,-63.45,-64.99,-154,R,5410,-1.3708
48780,P2,CASC,-63.30,-67.50,-152,R,5383,-1.3288
48790,P2,CASC,-63.15,-67.50,-151,R,5356,-1.2853
48800,P2,CASC,-63.00,-67.52,-151,R,5329,-1.2401
48810,P2,CASC,-62.85,-65.00,-153,R,5303,-1.2186
48820,P2,CASC,-62.70,-64.98,-152,R,5277,-1.1958
48830,P2,CASC,-62.55,-67.52,-150,R,5250,-1.1461
48840,P2,CASC,-62.40,-67.49,-150,R,5223,-1.0951
48850,P2,CASC,-62.25,-64.99,-152,R,5197,-1.0678
48860,P2,CASC,-62.10,-65.00,-151,R,5171,-1.0388
48870,P2,CASC,-61.95,-65.02,-151,R,5145,-1.0081
48880,P2,CASC,-61.80,-64.99,-151,R,5119,-0.9761
48890,P2,CASC,-61.65,-64.99,-150,R,5093,-0.9427
48900,P2,CASC,-61.50,-67.50,-149,R,5066,-0.8827
48910,P2,CASC,-61.35,-65.00,-150,R,5040,-0.8462
48920,P2,CASC,-61.20,-64.99,-150,R,5014,-0.8083
48930,P2,CASC,-61.05,-62.51,-151,R,4989,-0.7937
48940,P2,CASC,-60.90,-64.98,-149,R,4963,-0.7529
48950,P2,CASC,-60.75,-60.02,-152,R,4939,-0.7601
48960,P2,CASC,-60.60,-62.49,-150,R,4914,-0.7413
48970,P2,CASC,-60.45,-62.52,-150,R,4889,-0.7206
48980,P2,CASC,-60.30,-60.00,-152,R,4865,-0.7236
48990,P2,CASC,-60.15,-59.99,-152,R,4841,-0.7251
49000,P2,CASC,-60.00,-60.00,-151,R,4817,-0.7251
49010,P2,CASC,-59.85,-62.51,-149,R,4792,-0.6986
49020,P2,CASC,-59.70,-62.48,-149,R,4767,-0.6708
49030,P2,CASC,-59.55,-60.00,-150,R,4743,-0.6663
49040,P2,CASC,-59.40,-62.52,-149,R,4718,-0.6351
49050,P2,CASC,-59.25,-62.50,-148,R,4693,-0.6026
49060,P2,CASC,-59.10,-62.49,-148,R,4668,-0.5687
49070,P2,CASC,-58.95,-60.01,-149,R,4644,-0.5581
49080,P2,CASC,-58.80,-62.49,-148,R,4619,-0.5212
49090,P2,CASC,-58.65,-60.01,-149,R,4595,-0.5076
49100,P2,CASC,-58.50,-59.98,-149,R,4571,-0.4928
49110,P2,CASC,-58.35,-62.53,-147,R,4546,-0.4511
49120,P2,CASC,-58.20,-59.98,-148,R,4522,-0.4333
49130,P2,CASC,-58.05,-60.01,-148,R,4498,-0.4136
49140,P2,CASC,-57.90,-62.51,-146,R,4473,-0.3676
49150,P2,CASC,-57.75,-59.98,-147,R,4449,-0.3453
49160,P2,CASC,-57.60,-60.02,-147,R,4425,-0.3211
49170,P2,CASC,-57.45,-57.48,-149,R,4402,-0.3208
49180,P2,CASC,-57.30,-60.01,-147,R,4378,-0.2936
49190,P2,CASC,-57.15,-57.50,-148,R,4355,-0.2901
49200,P2,CASC,-57.00,-57.49,-148,R,4332,-0.2852
49210,P2,CASC,-56.85,-60.00,-146,R,4308,-0.2537
49220,P2,CASC,-56.70,-57.51,-148,R,4285,-0.2456
49230,P2,CASC,-56.55,-54.99,-149,R,4263,-0.2612
49240,P2,CASC,-56.40,-59.99,-146,R,4239,-0.2253
49250,P2,CASC,-56.25,-57.51,-147,R,4216,-0.2127
49260,P2,CASC,-56.10,-57.49,-147,R,4193,-0.1988
49270,P2,CASC,-55.95,-60.01,-145,R,4169,-0.1582
49280,P2,CASC,-55.80,-57.52,-146,R,4146,-0.1411
49290,P2,CASC,-55.65,-57.49,-146,R,4123,-0.1226
49300,P2,CASC,-55.50,-57.49,-146,R,4100,-0.1027
49310,P2,CASC,-55.35,-59.99,-144,R,4076,-0.0562
49320,P2,CASC,-55.20,-57.51,-145,R,4053,-0.0331
49330,P2,CASC,-55.05,-57.49,-145,R,4030,-0.0087
49340,P2,CASC,-54.90,-57.51,-145,R,4007,0.0173
49350,P2,CASC,-54.75,-59.99,-143,R,3983,0.0697
49360,P2,CASC,-54.60,-57.51,-144,R,3960,0.0989
49370,P2,CASC,-54.45,-57.50,-144,R,3937,0.1294
49380,P2,CASC,-54.30,-57.51,-144,R,3914,0.1614
49390,P2,CASC,-54.15,-57.49,-143,R,3891,0.1949
49400,P2,CASC,-54.00,-59.99,-141,R,3867,0.2547
49410,P2,CASC,-53.85,-57.51,-143,R,3844,0.2914
49420,P2,CASC,-53.70,-59.98,-141,R,3820,0.3541
49430,P2,CASC,-53.55,-55.02,-144,R,3798,0.3688
49440,P2,CASC,-53.40,-57.50,-142,R,3775,0.4098
49450,P2,CASC,-53.25,-57.51,-142,R,3752,0.4523
49460,P2,CASC,-53.10,-55.00,-143,R,3730,0.4713
49470,P2,CASC,-52.95,-57.49,-141,R,3707,0.5168
49480,P2,CASC,-52.80,-54.99,-143,R,3685,0.5387
49490,P2,CASC,-52.65,-55.01,-142,R,3663,0.5622
49500,P2,CASC,-52.50,-57.49,-140,R,3640,0.6122
49510,P2,CASC,-52.35,-52.52,-143,R,3619,0.6139
49520,P2,CASC,-52.20,-55.00,-142,R,3597,0.6419
49530,P2,CASC,-52.05,-54.99,-141,R,3575,0.6713
49540,P2,CASC,-51.90,-52.49,-143,R,3554,0.6773
49550,P2,CASC,-51.75,-55.01,-141,R,3532,0.7098
49560,P2,CASC,-51.60,-52.50,-142,R,3511,0.7188
49570,P2,CASC,-51.45,-52.49,-142,R,3490,0.7293
49580,P2,CASC,-51.30,-54.99,-140,R,3468,0.7662
49590,P2,CASC,-51.15,-52.50,-142,R,3447,0.7797
49600,P2,CASC,-51.00,-50.01,-142,R,3427,0.7698
49610,P2,CASC,-50.85,-52.50,-141,R,3406,0.7863
49620,P2,CASC,-50.70,-52.49,-141,R,3385,0.8042
49630,P2,CASC,-50.55,-50.02,-142,R,3365,0.7988
49640,P2,CASC,-50.40,-52.49,-140,R,3344,0.8198
49650,P2,CASC,-50.25,-52.50,-140,R,3323,0.8423
49660,P2,CASC,-50.10,-49.99,-141,R,3303,0.8412
49670,P2,CASC,-49.95,-50.01,-142,R,3283,0.8418
49680,P2,CASC,-49.80,-52.51,-140,R,3262,0.8689
49690,P2,CASC,-49.65,-49.99,-141,R,3242,0.8723
49700,P2,CASC,-49.50,-50.01,-141,R,3222,0.8773
49710,P2,CASC,-49.35,-50.00,-141,R,3202,0.8838
49720,P2,CASC,-49.20,-49.99,-141,R,3182,0.8917
49730,P2,CASC,-49.05,-50.01,-141,R,3162,0.9013
49740,P2,CASC,-48.90,-50.00,-141,R,3142,0.9123
49750,P2,CASC,-48.75,-47.51,-141,R,3123,0.8999
49760,P2,CASC,-48.60,-47.50,-141,R,3104,0.8888
49770,P2,CASC,-48.45,-50.00,-140,R,3084,0.9043
49780,P2,CASC,-48.30,-47.50,-141,R,3065,0.8963
49790,P2,CASC,-48.15,-50.01,-140,R,3045,0.9149
49800,P2,CASC,-48.00,-49.99,-140,R,3025,0.9348
49810,P2,CASC,-47.85,-47.50,-141,R,3006,0.9314
49820,P2,CASC,-47.70,-49.99,-140,R,2986,0.9543
49830,P2,CASC,-47.55,-52.49,-138,R,2965,1.0037
49840,P2,CASC,-47.40,-50.01,-139,R,2945,1.0298
49850,P2,CASC,-47.25,-50.00,-139,R,2925,1.0573
49860,P2,CASC,-47.10,-50.01,-139,R,2905,1.0864
49870,P2,CASC,-46.95,-47.49,-141,R,2886,1.0918
49880,P2,CASC,-46.80,-52.51,-137,R,2865,1.1489
49890,P2,CASC,-46.65,-49.98,-139,R,2845,1.1822
49900,P2,CASC,-46.50,-50.02,-138,R,2825,1.2174
49910,P2,CASC,-46.35,-49.99,-138,R,2805,1.2537
49920,P2,CASC,-46.20,-49.99,-138,R,2785,1.2917
49930,P2,CASC,-46.05,-47.52,-140,R,2766,1.3064
49940,P2,CASC,-45.90,-49.99,-138,R,2746,1.3473
49950,P2,CASC,-45.75,-49.99,-138,R,2726,1.3897
49960,P2,CASC,-45.60,-47.51,-139,R,2707,1.4088
49970,P2,CASC,-45.45,-49.99,-137,R,2687,1.4542
49980,P2,CASC,-45.30,-50.01,-137,R,2667,1.5013
49990,P2,CASC,-45.15,-47.48,-138,R,2648,1.5247
50000,P2,CASC,-45.00,-50.02,-137,R,2628,1.5748
50010,P2,CASC,-44.85,-47.49,-138,R,2609,1.6012
50020,P2,CASC,-44.70,-47.50,-138,R,2590,1.6292
50030,P2,CASC,-44.55,-50.01,-136,R,2570,1.6838
50040,P2,CASC,-44.40,-47.50,-138,R,2551,1.7149
50050,P2,CASC,-44.25,-44.98,-139,R,2533,1.7222
50060,P2,CASC,-44.10,-45.00,-139,R,2515,1.7312
50070,P2,CASC,-43.95,-47.51,-137,R,2496,1.7668
50080,P2,CASC,-43.80,-45.00,-139,R,2478,1.7788
50090,P2,CASC,-43.65,-45.00,-139,R,2460,1.7923
50100,P2,CASC,-43.50,-44.99,-138,R,2442,1.8072
50110,P2,CASC,-43.35,-45.01,-138,R,2424,1.8238
50120,P2,CASC,-43.20,-45.00,-138,R,2406,1.8419
50130,P2,CASC,-43.05,-47.50,-136,R,2387,1.8863
50140,P2,CASC,-42.90,-45.00,-138,R,2369,1.9074
50150,P2,CASC,-42.75,-44.99,-138,R,2351,1.9297
50160,P2,CASC,-42.60,-47.50,-136,R,2332,1.9788
50170,P2,CASC,-42.45,-45.00,-137,R,2314,2.0042
50180,P2,CASC,-42.30,-45.01,-137,R,2296,2.0313
50190,P2,CASC,-42.15,-47.50,-135,R,2277,2.0848
50200,P2,CASC,-42.00,-45.00,-137,R,2259,2.1149
50210,P2,CASC,-41.85,-42.49,-138,R,2242,2.1212
50220,P2,CASC,-41.70,-45.01,-136,R,2224,2.1544
50230,P2,CASC,-41.55,-44.99,-136,R,2206,2.1887
50240,P2,CASC,-41.40,-45.00,-136,R,2188,2.2247
50250,P2,CASC,-41.25,-42.50,-138,R,2171,2.2372
50260,P2,CASC,-41.10,-45.01,-136,R,2153,2.2763
50270,P2,CASC,-40.95,-45.00,-136,R,2135,2.3168
50280,P2,CASC,-40.80,-42.49,-137,R,2118,2.3337
50290,P2,CASC,-40.65,-45.01,-135,R,2100,2.3774
50300,P2,CASC,-40.50,-42.49,-137,R,2083,2.3973
50310,P2,CASC,-40.35,-45.01,-135,R,2065,2.4439
50320,P2,CASC,-40.20,-40.00,-137,R,2049,2.4418
50330,P2,CASC,-40.05,-45.00,-135,R,2031,2.4913
50340,P2,CASC,-39.90,-42.50,-136,R,2014,2.5173
50350,P2,CASC,-39.75,-42.50,-136,R,1997,2.5449
50360,P2,CASC,-39.60,-40.00,-137,R,1981,2.5488
50370,P2,CASC,-39.45,-44.99,-134,R,1963,2.6042
50380,P2,CASC,-39.30,-40.01,-137,R,1947,2.6113
50390,P2,CASC,-39.15,-42.49,-135,R,1930,2.6447
50400,P2,CASC,-39.00,-40.01,-137,R,1914,2.6548
50410,P2,CASC,-38.85,-42.50,-135,R,1897,2.6913
50420,P2,CASC,-38.70,-42.50,-135,R,1880,2.7293
50430,P2,CASC,-38.55,-40.01,-136,R,1864,2.7439
50440,P2,CASC,-38.40,-42.49,-134,R,1847,2.7847
50450,P2,CASC,-38.25,-42.50,-134,R,1830,2.8272
50460,P2,CASC,-38.10,-40.00,-136,R,1814,2.8463
50470,P2,CASC,-37.95,-42.51,-134,R,1797,2.8919
50480,P2,CASC,-37.80,-45.00,-132,R,1779,2.9638
50490,P2,CASC,-37.65,-42.50,-133,R,1762,3.0123
50500,P2,CASC,-37.50,-42.50,-133,R,1745,3.0623
50510,P2,CASC,-37.35,-42.49,-133,R,1728,3.1137
50520,P2,CASC,-37.20,-42.51,-133,R,1711,3.1668
50530,P2,CASC,-37.05,-42.50,-133,R,1694,3.2213
50540,P2,CASC,-36.90,-42.50,-132,R,1677,3.2772
50550,P2,CASC,-36.75,-45.01,-130,R,1659,3.3599
50560,P2,CASC,-36.60,-42.50,-132,R,1642,3.4188
50570,P2,CASC,-36.45,-40.00,-133,R,1626,3.4544
50580,P2,CASC,-36.30,-42.49,-131,R,1609,3.5163
50590,P2,CASC,-36.15,-45.01,-129,R,1591,3.6049
50600,P2,CASC,-36.00,-42.50,-131,R,1574,3.6698
50610,P2,CASC,-35.85,-42.50,-131,R,1557,3.7363
50620,P2,CASC,-35.70,-42.50,-130,R,1540,3.8042
50630,P2,CASC,-35.55,-42.50,-130,R,1523,3.8737
50640,P2,CASC,-35.40,-42.50,-130,R,1506,3.9447
50650,P2,CASC,-35.25,-42.51,-130,R,1489,4.0173
50660,P2,CASC,-35.10,-42.50,-129,R,1472,4.0913
50670,P2,CASC,-34.95,-44.99,-127,R,1454,4.1917
50680,P2,CASC,-34.80,-42.50,-129,R,1437,4.2688
50690,P2,CASC,-34.65,-42.50,-128,R,1420,4.3472
50700,P2,CASC,-34.50,-42.51,-128,R,1403,4.4273
50710,P2,CASC,-34.35,-42.50,-128,R,1386,4.5088
50720,P2,CASC,-34.20,-40.00,-129,R,1370,4.5669
50730,P2,CASC,-34.05,-42.50,-127,R,1353,4.6513
50740,P2,CASC,-33.90,-40.00,-129,R,1337,4.7123
50750,P2,CASC,-33.75,-40.01,-128,R,1321,4.7749
50760,P2,CASC,-33.60,-39.99,-128,R,1305,4.8388
50770,P2,CASC,-33.45,-42.50,-126,R,1288,4.9292
50780,P2,CASC,-33.30,-37.50,-129,R,1273,4.9713
50790,P2,CASC,-33.15,-40.01,-127,R,1257,5.0399
50800,P2,CASC,-33.00,-40.00,-127,R,1241,5.1099
50810,P2,CASC,-32.85,-37.50,-129,R,1226,5.1564
50820,P2,CASC,-32.70,-37.49,-128,R,1211,5.2043
50830,P2,CASC,-32.55,-37.49,-128,R,1196,5.2537
50840,P2,CASC,-32.40,-37.51,-128,R,1181,5.3048
50850,P2,CASC,-32.25,-37.49,-128,R,1166,5.3572
50860,P2,CASC,-32.10,-35.00,-129,R,1152,5.3862
50870,P2,CASC,-31.95,-37.50,-127,R,1137,5.4417
50880,P2,CASC,-31.80,-37.51,-127,R,1122,5.4988
50890,P2,CASC,-31.65,-34.99,-129,R,1108,5.5322
50900,P2,CASC,-31.50,-35.00,-128,R,1094,5.5672
50910,P2,CASC,-31.35,-35.00,-128,R,1080,5.6037
50920,P2,CASC,-31.20,-35.01,-128,R,1066,5.6418
50930,P2,CASC,-31.05,-34.99,-128,R,1052,5.6812
50940,P2,CASC,-30.90,-35.00,-128,R,1038,5.7222
50950,P2,CASC,-30.75,-32.50,-129,R,1025,5.7397
50960,P2,CASC,-30.60,-35.01,-127,R,1011,5.7838
50970,P2,CASC,-30.45,-32.50,-129,R,998,5.8043
50980,P2,CASC,-30.30,-32.50,-129,R,985,5.8263
50990,P2,CASC,-30.15,-32.50,-129,R,972,5.8498
51000,P2,CASC,-30.00,-35.01,-127,R,958,5.8999
51010,P2,CASC,-29.85,-32.49,-128,R,945,5.9262
51020,P2,CASC,-29.70,-32.51,-128,R,932,5.9543
51030,P2,CASC,-29.55,-32.50,-128,R,919,5.9838
51040,P2,CASC,-29.40,-30.00,-129,R,907,5.9898
51050,P2,CASC,-29.25,-32.51,-128,R,894,6.0224
51060,P2,CASC,-29.10,-32.50,-127,R,881,6.0563
51070,P2,CASC,-28.95,-32.50,-127,R,868,6.0918
51080,P2,CASC,-28.80,-32.50,-127,R,855,6.1288
51090,P2,CASC,-28.65,-32.50,-127,R,842,6.1672
51100,P2,CASC,-28.50,-30.01,-128,R,830,6.1823
51110,P2,CASC,-28.35,-32.50,-127,R,817,6.2238
51120,P2,CASC,-28.20,-30.00,-128,R,805,6.2418
51130,P2,CASC,-28.05,-32.50,-126,R,792,6.2863
51140,P2,CASC,-27.90,-30.00,-128,R,780,6.3073
51150,P2,CASC,-27.75,-32.50,-126,R,767,6.3548
51160,P2,CASC,-27.60,-32.51,-126,R,754,6.4039
51170,P2,CASC,-27.45,-29.99,-127,R,742,6.4293
51180,P2,CASC,-27.30,-30.01,-127,R,730,6.4563
51190,P2,CASC,-27.15,-32.49,-125,R,717,6.5097
51200,P2,CASC,-27.00,-30.00,-127,R,705,6.5397
51210,P2,CASC,-26.85,-32.51,-125,R,692,6.5963
51220,P2,CASC,-26.70,-30.00,-126,R,680,6.6294
51230,P2,CASC,-26.55,-29.99,-126,R,668,6.6638
51240,P2,CASC,-26.40,-32.50,-124,R,655,6.7247
51250,P2,CASC,-26.25,-30.01,-126,R,643,6.7623
51260,P2,CASC,-26.10,-32.50,-124,R,630,6.8263
51270,P2,CASC,-25.95,-32.51,-123,R,617,6.8919
51280,P2,CASC,-25.80,-30.00,-125,R,605,6.9339
51290,P2,CASC,-25.65,-32.50,-123,R,592,7.0023
51300,P2,CASC,-25.50,-32.50,-123,R,579,7.0723
51310,P2,CASC,-25.35,-32.50,-122,R,566,7.1438
51320,P2,CASC,-25.20,-30.00,-124,R,554,7.1919
51330,P2,CASC,-25.05,-32.49,-122,R,541,7.2663
51340,P2,CASC,-24.90,-32.50,-122,R,528,7.3423
51350,P2,CASC,-24.75,-32.50,-121,R,515,7.4198
51360,P2,CASC,-24.60,-30.00,-123,R,503,7.4738
51370,P2,CASC,-24.45,-32.50,-121,R,490,7.5543
51380,P2,CASC,-24.30,-30.00,-122,R,478,7.6113
51390,P2,CASC,-24.15,-32.49,-120,R,465,7.6947
51400,P2,CASC,-24.00,-32.51,-120,R,452,7.7798
51410,P2,CASC,-23.85,-29.99,-122,R,440,7.8413
51420,P2,CASC,-23.70,-32.50,-120,R,427,7.9293
51430,P2,CASC,-23.55,-30.01,-121,R,415,7.9938
51440,P2,CASC,-23.40,-30.00,-121,R,403,8.0598
51450,P2,CASC,-23.25,-30.00,-120,R,391,8.1273
51460,P2,CASC,-23.10,-30.00,-120,R,379,8.1963
51470,P2,CASC,-22.95,-30.00,-120,R,367,8.2668
51480,P2,CASC,-22.80,-30.00,-120,R,355,8.3388
51490,P2,CASC,-22.65,-30.00,-119,R,343,8.4123
51500,P2,CASC,-22.50,-30.01,-119,R,331,8.4873
51510,P2,CASC,-22.35,-27.49,-121,R,320,8.5388
51520,P2,CASC,-22.20,-30.00,-119,R,308,8.6168
51530,P2,CASC,-22.05,-27.51,-120,R,297,8.6713
51540,P2,CASC,-21.90,-30.00,-118,R,285,8.7523
51550,P2,CASC,-21.75,-27.50,-120,R,274,8.8098
51560,P2,CASC,-21.60,-30.00,-118,R,262,8.8938
51570,P2,CASC,-21.45,-27.50,-119,R,251,8.9543
51580,P2,CASC,-21.30,-27.50,-119,R,240,9.0163
51590,P2,CASC,-21.15,-27.49,-119,R,229,9.0798
51600,P2,CASC,-21.00,-27.50,-118,R,218,9.1448
51610,P2,CASC,-20.85,-25.01,-120,R,208,9.1863
51620,P2,CASC,-20.70,-27.50,-118,R,197,9.2543
51630,P2,CASC,-20.55,-25.00,-119,R,187,9.2988
51640,P2,CASC,-20.40,-27.51,-117,R,176,9.3698
51650,P2,CASC,-20.25,-25.00,-119,R,166,9.4173
51660,P2,CASC,-20.10,-25.00,-119,R,156,9.4663
51670,P2,CASC,-19.95,-27.49,-117,R,145,9.5418
51680,P2,CASC,-19.80,-22.50,-120,R,136,9.5688
51690,P2,CASC,-19.65,-25.00,-118,R,126,9.6223
51700,P2,CASC,-19.50,-25.00,-118,R,116,9.6772
51710,P2,CASC,-19.35,-22.51,-119,R,107,9.7088
51720,P2,CASC,-19.20,-25.00,-117,R,97,9.7668
51730,P2,CASC,-19.05,-22.49,-119,R,88,9.8012
51740,P2,CASC,-18.90,-22.50,-119,R,79,9.8373
51750,P2,CASC,-18.75,-22.51,-118,R,70,9.8748
51760,P2,CASC,-18.60,-25.00,-117,R,60,9.9388
51770,P2,CASC,-18.45,-22.50,-118,R,51,9.9793
51780,P2,CASC,-18.30,-22.50,-118,R,42,10.0213
51790,P2,CASC,-18.15,-22.50,-118,R,33,10.0648
51800,P2,CASC,-18.00,-19.99,-119,R,25,10.0848
51810,P2,CASC,-17.85,-22.50,-117,R,16,10.1313
51820,P2,CASC,-17.70,-20.00,-119,R,8,10.1543
51830,P2,CASC,-17.55,-22.50,-117,R,-1,10.2038
51840,P2,CASC,-17.40,-22.50,-117,R,-10,10.2548
51850,P2,CASC,-17.25,-20.00,-118,R,-18,10.2823
51860,P2,CASC,-17.10,-22.50,-116,R,-27,10.3363
51870,P2,CASC,-16.95,-20.00,-118,R,-35,10.3668
51880,P2,CASC,-16.80,-20.00,-118,R,-43,10.3988
51890,P2,CASC,-16.65,-20.00,-117,R,-51,10.4323
51900,P2,CASC,-16.50,-22.50,-116,R,-60,10.4923
51910,P2,CASC,-16.35,-17.50,-119,R,-67,10.5038
51920,P2,CASC,-16.20,-20.00,-117,R,-75,10.5418
51930,P2,CASC,-16.05,-20.00,-117,R,-83,10.5813
51940,P2,CASC,-15.90,-17.50,-118,R,-90,10.5973
51950,P2,CASC,-15.75,-20.00,-116,R,-98,10.6398
51960,P2,CASC,-15.60,-20.00,-116,R,-106,10.6838
51970,P2,CASC,-15.45,-17.50,-118,R,-113,10.7043
51980,P2,CASC,-15.30,-20.00,-116,R,-121,10.7513
51990,P2,CASC,-15.15,-17.50,-117,R,-128,10.7747
52000,P2,CASC,-15.00,-20.01,-115,R,-136,10.8248
52010,P2,CASC,-14.85,-17.50,-117,R,-143,10.8513
52020,P2,CASC,-14.70,-15.00,-118,R,-149,10.8543
52030,P2,CASC,-14.55,-17.50,-117,R,-156,10.8838
52040,P2,CASC,-14.40,-17.50,-116,R,-163,10.9148
52050,P2,CASC,-14.25,-17.50,-116,R,-170,10.9473
52060,P2,CASC,-14.10,-15.00,-118,R,-176,10.9563
52070,P2,CASC,-13.95,-17.50,-116,R,-183,10.9918
52080,P2,CASC,-13.80,-15.00,-118,R,-189,11.0038
52090,P2,CASC,-13.65,-17.50,-116,R,-196,11.0423
52100,P2,CASC,-13.50,-15.00,-117,R,-202,11.0573
52110,P2,CASC,-13.35,-15.00,-117,R,-208,11.0738
52120,P2,CASC,-13.20,-15.00,-117,R,-214,11.0918
52130,P2,CASC,-13.05,-15.00,-117,R,-220,11.1113
52140,P2,CASC,-12.90,-15.00,-117,R,-226,11.1323
52150,P2,CASC,-12.75,-15.00,-116,R,-232,11.1548
52160,P2,CASC,-12.60,-15.00,-116,R,-238,11.1788
52170,P2,CASC,-12.45,-15.00,-116,R,-244,11.2043
52180,P2,CASC,-12.30,-15.00,-116,R,-250,11.2313
52190,P2,CASC,-12.15,-15.00,-116,R,-256,11.2598
52200,P2,CASC,-12.00,-15.00,-116,R,-262,11.2898
52210,P2,CASC,-11.85,-12.51,-117,R,-267,11.2963
52220,P2,CASC,-11.70,-12.50,-117,R,-272,11.3043
52230,P2,CASC,-11.55,-15.00,-115,R,-278,11.3388
52240,P2,CASC,-11.40,-12.50,-117,R,-283,11.3498
52250,P2,CASC,-11.25,-12.50,-117,R,-288,11.3623
52260,P2,CASC,-11.10,-15.00,-115,R,-294,11.4013
52270,P2,CASC,-10.95,-12.50,-116,R,-299,11.4168
52280,P2,CASC,-10.80,-15.00,-115,R,-305,11.4588
52290,P2,CASC,-10.65,-12.50,-116,R,-310,11.4773
52300,P2,CASC,-10.50,-12.50,-116,R,-315,11.4973
52310,P2,CASC,-10.35,-15.00,-114,R,-321,11.5438
52320,P2,CASC,-10.20,-12.50,-116,R,-326,11.5668
52330,P2,CASC,-10.05,-12.50,-115,R,-331,11.5913
52340,P2,CASC,-9.90,-12.50,-115,R,-336,11.6173
52350,P2,CASC,-9.75,-12.50,-115,R,-341,11.6448
52360,P2,CASC,-9.60,-12.50,-115,R,-346,11.6738
52370,P2,CASC,-9.45,-10.00,-116,R,-350,11.6793
52380,P2,CASC,-9.30,-12.50,-115,R,-355,11.7113
52390,P2,CASC,-9.15,-15.00,-113,R,-361,11.7698
52400,P2,CASC,-9.00,-10.00,-116,R,-365,11.7798
52410,P2,CASC,-8.85,-12.50,-114,R,-370,11.8163
52420,P2,CASC,-8.70,-12.50,-114,R,-375,11.8543
52430,P2,CASC,-8.55,-12.50,-114,R,-380,11.8938
52440,P2,CASC,-8.40,-12.50,-114,R,-385,11.9348
52450,P2,CASC,-8.25,-12.50,-113,R,-390,11.9773
52460,P2,CASC,-8.10,-10.00,-115,R,-394,11.9963
52470,P2,CASC,-7.95,-12.50,-113,R,-399,12.0418
52480,P2,CASC,-7.80,-12.51,-113,R,-404,12.0888
52490,P2,CASC,-7.65,-12.50,-113,R,-409,12.1373
52500,P2,CASC,-7.50,-12.50,-112,R,-414,12.1873
52510,P2,CASC,-7.35,-12.50,-112,R,-419,12.2388
52520,P2,CASC,-7.20,-10.00,-114,R,-423,12.2668
52530,P2,CASC,-7.05,-12.50,-112,R,-428,12.3213
52540,P2,CASC,-6.90,-12.50,-112,R,-433,12.3773
52550,P2,CASC,-6.75,-10.00,-113,R,-437,12.4098
52560,P2,CASC,-6.60,-12.50,-111,R,-442,12.4688
52570,P2,CASC,-6.45,-12.50,-111,R,-447,12.5293
52580,P2,CASC,-6.30,-10.00,-112,R,-451,12.5663
52590,P2,CASC,-6.15,-12.50,-110,R,-456,12.6298
52600,P2,CASC,-6.00,-10.00,-112,R,-460,12.6698
52610,P2,CASC,-5.85,-12.50,-110,R,-465,12.7363
52620,P2,CASC,-5.70,-10.00,-111,R,-469,12.7793
52630,P2,CASC,-5.55,-12.50,-110,R,-474,12.8488
52640,P2,CASC,-5.40,-10.00,-111,R,-478,12.8948
52650,P2,CASC,-5.25,-12.50,-109,R,-483,12.9673
52660,P2,CASC,-5.10,-12.50,-109,R,-488,13.0413
52670,P2,CASC,-4.95,-10.00,-110,R,-492,13.0918
52680,P2,CASC,-4.80,-10.00,-110,R,-496,13.1438
52690,P2,CASC,-4.65,-12.50,-108,R,-501,13.2223
52700,P2,CASC,-4.50,-12.50,-108,R,-506,13.3023
52710,P2,CASC,-4.35,-10.00,-109,R,-510,13.3588
52720,P2,CASC,-4.20,-10.00,-109,R,-514,13.4168
52730,P2,CASC,-4.05,-12.50,-107,R,-519,13.5013
52740,P2,CASC,-3.90,-10.00,-108,R,-523,13.5623
52750,P2,CASC,-3.75,-10.00,-108,R,-527,13.6248
52760,P2,CASC,-3.60,-10.00,-108,R,-531,13.6888
52770,P2,CASC,-3.45,-12.50,-106,R,-536,13.7793
52780,P2,CASC,-3.30,-12.50,-106,R,-541,13.8713
52790,P2,CASC,-3.15,-10.00,-107,R,-545,13.9398
52800,P2,CASC,-3.00,-10.00,-107,R,-549,14.0098
52810,P2,CASC,-2.85,-10.00,-107,R,-553,14.0813
52820,P2,CASC,-2.70,-12.50,-105,R,-558,14.1793
52830,P2,CASC,-2.55,-10.00,-106,R,-562,14.2538
52840,P2,CASC,-2.40,-10.00,-106,R,-566,14.3298
52850,P2,CASC,-2.25,-10.00,-105,R,-570,14.4073
52860,P2,CASC,-2.10,-10.00,-105,R,-574,14.4863
52870,P2,CASC,-1.95,-10.00,-105,R,-578,14.5668
52880,P2,CASC,-1.80,-10.00,-105,R,-582,14.6488
52890,P2,CASC,-1.65,-10.00,-104,R,-586,14.7323
52900,P2,CASC,-1.50,-10.00,-104,R,-590,14.8173
52910,P2,CASC,-1.35,-7.50,-105,R,-593,14.8788
52920,P2,CASC,-1.20,-10.00,-103,R,-597,14.9668
52930,P2,CASC,-1.05,-12.50,-102,R,-602,15.0813
52940,P2,CASC,-0.90,-10.00,-103,R,-606,15.1723
52950,P2,CASC,-0.75,-7.50,-104,R,-609,15.2398
52960,P2,CASC,-0.60,-10.00,-102,R,-613,15.3338
52970,P2,CASC,-0.45,-10.00,-102,R,-617,15.4293
52980,P2,CASC,-0.30,-10.00,-102,R,-621,15.5263
52990,P2,CASC,-0.15,-7.50,-103,R,-624,15.5998
