t_ms,profile,controller,ref_rpm,meas_rpm,pwm_cmd,dir,enc_count,integrator
0,P2,CASC,0.00,0.00,0,N,0,0.0000
10,P2,CASC,0.15,0.00,30,F,0,0.0015
20,P2,CASC,0.30,0.00,60,F,0,0.0045
30,P2,CASC,0.45,0.00,90,F,0,0.0090
40,P2,CASC,0.60,0.00,120,F,0,0.0150
50,P2,CASC,0.75,0.00,150,F,0,0.0225
60,P2,CASC,0.90,0.00,154,F,0,0.0315
70,P2,CASC,1.05,0.00,154,F,0,0.0420
80,P2,CASC,1.20,0.00,154,F,0,0.0540
90,P2,CASC,1.35,2.50,153,F,1,0.0425
100,P2,CASC,1.50,12.50,145,F,6,-0.0675
110,P2,CASC,1.65,17.50,141,F,13,-0.2260
120,P2,CASC,1.80,17.50,140,F,20,-0.3830
130,P2,CASC,1.95,20.00,138,F,28,-0.5635
140,P2,CASC,2.10,22.50,136,F,37,-0.7675
150,P2,CASC,2.25,22.50,135,F,46,-0.9700
160,P2,CASC,2.40,25.00,133,F,56,-1.1960
170,P2,CASC,2.55,22.50,135,F,65,-1.3954
180,P2,CASC,2.70,27.51,130,F,76,-1.6435
190,P2,CASC,2.85,25.00,132,F,86,-1.8651
200,P2,CASC,3.00,27.49,129,F,97,-2.1100
210,P2,CASC,3.15,27.51,129,F,108,-2.3536
220,P2,CASC,3.30,27.49,128,F,119,-2.5955
230,P2,CASC,3.45,27.50,128,F,130,-2.8360
240,P2,CASC,3.60,27.50,127,F,141,-3.0750
250,P2,CASC,3.75,30.00,125,F,153,-3.3375
260,P2,CASC,3.90,27.50,126,F,164,-3.5735
270,P2,CASC,4.05,30.01,124,F,176,-3.8331
280,P2,CASC,4.20,27.50,126,F,187,-4.0660
290,P2,CASC,4.35,27.50,125,F,198,-4.2976
300,P2,CASC,4.50,27.50,125,F,209,-4.5275
310,P2,CASC,4.65,29.99,122,F,221,-4.7809
320,P2,CASC,4.80,27.51,124,F,232,-5.0080
330,P2,CASC,4.95,30.00,121,F,244,-5.2585
340,P2,CASC,5.10,27.49,123,F,255,-5.4824
350,P2,CASC,5.25,30.01,120,F,267,-5.7300
360,P2,CASC,5.40,29.99,120,F,279,-5.9760
370,P2,CASC,5.55,27.50,121,F,290,-6.1955
380,P2,CASC,5.70,27.50,121,F,301,-6.4135
390,P2,CASC,5.85,27.50,120,F,312,-6.6300
400,P2,CASC,6.00,27.51,120,F,323,-6.8451
410,P2,CASC,6.15,30.00,118,F,335,-7.0836
420,P2,CASC,6.30,27.49,119,F,346,-7.2955
430,P2,CASC,6.45,27.50,119,F,357,-7.5060
440,P2,CASC,6.60,27.50,118,F,368,-7.7150
450,P2,CASC,6.75,27.51,118,F,379,-7.9226
460,P2,CASC,6.90,25.00,120,F,389,-8.1035
470,P2,CASC,7.05,27.50,117,F,400,-8.3080
480,P2,CASC,7.20,25.00,119,F,410,-8.4860
490,P2,CASC,7.35,25.00,119,F,420,-8.6625
500,P2,CASC,7.50,27.50,116,F,431,-8.8625
510,P2,CASC,7.65,25.00,118,F,441,-9.0360
520,P2,CASC,7.80,25.01,118,F,451,-9.2081
530,P2,CASC,7.95,27.50,115,F,462,-9.4035
540,P2,CASC,8.10,25.00,117,F,472,-9.5726
550,P2,CASC,8.25,25.00,117,F,482,-9.7400
560,P2,CASC,8.40,25.00,116,F,492,-9.9060
570,P2,CASC,8.55,25.00,116,F,502,-10.0705
580,P2,CASC,8.70,25.00,116,F,512,-10.2335
590,P2,CASC,8.85,25.00,115,F,522,-10.3950
600,P2,CASC,9.00,25.01,115,F,532,-10.5550
610,P2,CASC,9.15,22.50,117,F,541,-10.6885
620,P2,CASC,9.30,25.00,115,F,551,-10.8456
630,P2,CASC,9.45,25.00,114,F,561,-11.0011
640,P2,CASC,9.60,27.50,112,F,572,-11.1801
650,P2,CASC,9.75,22.50,116,F,581,-11.3076
660,P2,CASC,9.90,25.00,114,F,591,-11.4585
670,P2,CASC,10.05,25.00,113,F,601,-11.6080
680,P2,CASC,10.20,25.00,113,F,611,-11.7561
690,P2,CASC,10.35,25.00,113,F,621,-11.9025
700,P2,CASC,10.50,22.50,115,F,630,-12.0225
710,P2,CASC,10.65,27.50,111,F,641,-12.1910
720,P2,CASC,10.80,25.00,112,F,651,-12.3330
730,P2,CASC,10.95,25.00,112,F,661,-12.4735
740,P2,CASC,11.10,25.01,112,F,671,-12.6125
750,P2,CASC,11.25,22.50,114,F,680,-12.7250
760,P2,CASC,11.40,27.50,109,F,691,-12.8860
770,P2,CASC,11.55,22.50,113,F,700,-12.9955
780,P2,CASC,11.70,25.00,111,F,710,-13.1285
790,P2,CASC,11.85,25.01,111,F,720,-13.2601
800,P2,CASC,12.00,22.49,113,F,729,-13.3650
810,P2,CASC,12.15,25.00,110,F,739,-13.4935
820,P2,CASC,12.30,25.01,110,F,749,-13.6205
830,P2,CASC,12.45,25.00,110,F,759,-13.7461
840,P2,CASC,12.60,25.00,110,F,769,-13.8700
850,P2,CASC,12.75,25.00,110,F,779,-13.9925
860,P2,CASC,12.90,22.50,111,F,788,-14.0885
870,P2,CASC,13.05,25.01,109,F,798,-14.2081
880,P2,CASC,13.20,24.99,109,F,808,-14.3260
890,P2,CASC,13.35,22.50,111,F,817,-14.4175
900,P2,CASC,13.50,25.00,109,F,827,-14.5326
910,P2,CASC,13.65,25.00,109,F,837,-14.6460
920,P2,CASC,13.80,22.50,111,F,846,-14.7330
930,P2,CASC,13.95,25.00,108,F,856,-14.8435
940,P2,CASC,14.10,25.01,108,F,866,-14.9526
950,P2,CASC,14.25,24.99,108,F,876,-15.0600
960,P2,CASC,14.40,25.01,108,F,886,-15.1661
970,P2,CASC,14.55,22.50,110,F,895,-15.2455
980,P2,CASC,14.70,25.00,108,F,905,-15.3485
990,P2,CASC,14.85,22.50,110,F,914,-15.4250
1000,P2,CASC,15.00,25.00,108,F,924,-15.5250
1010,P2,CASC,15.15,24.99,108,F,934,-15.6234
1020,P2,CASC,15.30,22.51,109,F,943,-15.6955
1030,P2,CASC,15.45,25.00,107,F,953,-15.7910
1040,P2,CASC,15.60,25.00,107,F,963,-15.8850
1050,P2,CASC,15.75,22.50,109,F,972,-15.9525
1060,P2,CASC,15.90,22.50,109,F,981,-16.0185
1070,P2,CASC,16.05,25.00,107,F,991,-16.1080
1080,P2,CASC,16.20,25.01,107,F,1001,-16.1961
1090,P2,CASC,16.35,22.50,109,F,1010,-16.2575
1100,P2,CASC,16.50,22.50,109,F,1019,-16.3175
1110,P2,CASC,16.65,22.50,109,F,1028,-16.3760
1120,P2,CASC,16.80,22.50,109,F,1037,-16.4330
1130,P2,CASC,16.95,22.50,109,F,1046,-16.4885
1140,P2,CASC,17.10,25.01,107,F,1056,-16.5675
1150,P2,CASC,17.25,22.50,109,F,1065,-16.6200
1160,P2,CASC,17.40,25.00,107,F,1075,-16.6960
1170,P2,CASC,17.55,20.00,111,F,1083,-16.7205
1180,P2,CASC,17.70,22.50,109,F,1092,-16.7686
1190,P2,CASC,17.85,22.50,109,F,1101,-16.8150
1200,P2,CASC,18.00,22.50,109,F,1110,-16.8600
1210,P2,CASC,18.15,22.50,109,F,1119,-16.9035
1220,P2,CASC,18.30,22.50,109,F,1128,-16.9455
1230,P2,CASC,18.45,22.50,109,F,1137,-16.9860
1240,P2,CASC,18.60,20.00,111,F,1145,-17.0000
1250,P2,CASC,18.75,22.50,109,F,1154,-17.0375
1260,P2,CASC,18.90,22.50,109,F,1163,-17.0735
1270,P2,CASC,19.05,22.50,109,F,1172,-17.1080
1280,P2,CASC,19.20,22.50,109,F,1181,-17.1410
1290,P2,CASC,19.35,22.50,109,F,1190,-17.1725
1300,P2,CASC,19.50,22.51,109,F,1199,-17.2025
1310,P2,CASC,19.65,20.00,111,F,1207,-17.2060
1320,P2,CASC,19.80,22.50,109,F,1216,-17.2330
1330,P2,CASC,19.95,20.00,111,F,1224,-17.2335
1340,P2,CASC,20.10,22.50,109,F,1233,-17.2575
1350,P2,CASC,20.25,22.50,109,F,1242,-17.2800
1360,P2,CASC,20.40,20.00,105,F,1250,-17.2760
1370,P2,CASC,20.55,22.51,109,F,1259,-17.2956
1380,P2,CASC,20.70,19.99,105,F,1267,-17.2885
1390,P2,CASC,20.85,20.01,105,F,1275,-17.2801
1400,P2,CASC,21.00,20.00,105,F,1283,-17.2700
1410,P2,CASC,21.15,20.00,105,F,1291,-17.2585
1420,P2,CASC,21.30,20.00,105,F,1299,-17.2455
1430,P2,CASC,21.45,17.50,106,F,1306,-17.2060
1440,P2,CASC,21.60,20.01,105,F,1314,-17.1900
1450,P2,CASC,21.75,17.50,106,F,1321,-17.1476
1460,P2,CASC,21.90,17.49,106,F,1328,-17.1035
1470,P2,CASC,22.05,17.50,106,F,1335,-17.0580
1480,P2,CASC,22.20,15.00,107,F,1341,-16.9860
1490,P2,CASC,22.35,17.50,107,F,1348,-16.9376
1500,P2,CASC,22.50,17.49,107,F,1355,-16.8875
1510,P2,CASC,22.65,15.00,108,F,1361,-16.8110
1520,P2,CASC,22.80,17.50,108,F,1368,-16.7580
1530,P2,CASC,22.95,15.00,109,F,1374,-16.6785
1540,P2,CASC,23.10,15.00,109,F,1380,-16.5976
1550,P2,CASC,23.25,15.00,109,F,1386,-16.5150
1560,P2,CASC,23.40,15.00,109,F,1392,-16.4310
1570,P2,CASC,23.55,15.00,110,F,1398,-16.3455
1580,P2,CASC,23.70,15.00,110,F,1404,-16.2585
1590,P2,CASC,23.85,15.00,110,F,1410,-16.1700
1600,P2,CASC,24.00,15.00,111,F,1416,-16.0800
1610,P2,CASC,24.15,12.50,112,F,1421,-15.9636
1620,P2,CASC,24.30,15.00,111,F,1427,-15.8705
1630,P2,CASC,24.45,15.00,112,F,1433,-15.7760
1640,P2,CASC,24.60,15.00,112,F,1439,-15.6800
1650,P2,CASC,24.75,15.00,112,F,1445,-15.5825
1660,P2,CASC,24.90,12.50,113,F,1450,-15.4585
1670,P2,CASC,25.05,15.00,113,F,1456,-15.3580
1680,P2,CASC,25.20,15.00,113,F,1462,-15.2560
1690,P2,CASC,25.35,15.00,114,F,1468,-15.1525
1700,P2,CASC,25.50,15.00,114,F,1474,-15.0475
1710,P2,CASC,25.65,12.50,115,F,1479,-14.9160
1720,P2,CASC,25.80,15.00,115,F,1485,-14.8080
1730,P2,CASC,25.95,15.00,115,F,1491,-14.6985
1740,P2,CASC,26.10,15.00,115,F,1497,-14.5875
1750,P2,CASC,26.25,15.00,116,F,1503,-14.4750
1760,P2,CASC,26.40,15.00,116,F,1509,-14.3610
1770,P2,CASC,26.55,12.50,117,F,1514,-14.2205
1780,P2,CASC,26.70,15.00,117,F,1520,-14.1035
1790,P2,CASC,26.85,15.00,117,F,1526,-13.9850
1800,P2,CASC,27.00,15.00,118,F,1532,-13.8650
1810,P2,CASC,27.15,17.50,117,F,1539,-13.7685
1820,P2,CASC,27.30,15.00,118,F,1545,-13.6455
1830,P2,CASC,27.45,15.00,119,F,1551,-13.5210
1840,P2,CASC,27.60,17.49,118,F,1558,-13.4200
1850,P2,CASC,27.75,15.00,120,F,1564,-13.2925
1860,P2,CASC,27.90,17.50,119,F,1571,-13.1885
1870,P2,CASC,28.05,17.51,119,F,1578,-13.0830
1880,P2,CASC,28.20,15.00,121,F,1584,-12.9510
1890,P2,CASC,28.35,17.50,120,F,1591,-12.8425
1900,P2,CASC,28.50,17.50,121,F,1598,-12.7325
1910,P2,CASC,28.65,17.50,121,F,1605,-12.6210
1920,P2,CASC,28.80,20.00,121,F,1613,-12.5330
1930,P2,CASC,28.95,17.50,122,F,1620,-12.4185
1940,P2,CASC,29.10,17.50,122,F,1627,-12.3025
1950,P2,CASC,29.25,17.50,122,F,1634,-12.1850
1960,P2,CASC,29.40,19.99,122,F,1642,-12.0910
1970,P2,CASC,29.55,20.00,122,F,1650,-11.9955
1980,P2,CASC,29.70,20.00,123,F,1658,-11.8985
1990,P2,CASC,29.85,20.01,123,F,1666,-11.8000
2000,P2,CASC,30.00,20.00,123,F,1674,-11.7000
2010,P2,CASC,30.15,22.50,123,F,1683,-11.6235
2020,P2,CASC,30.30,20.00,124,F,1691,-11.5205
2030,P2,CASC,30.45,22.50,123,F,1700,-11.4410
2040,P2,CASC,30.60,20.00,124,F,1708,-11.3350
2050,P2,CASC,30.75,22.50,124,F,1717,-11.2525
2060,P2,CASC,30.90,22.50,124,F,1726,-11.1685
2070,P2,CASC,31.05,22.50,125,F,1735,-11.0830
2080,P2,CASC,31.20,25.00,124,F,1745,-11.0210
2090,P2,CASC,31.35,22.50,125,F,1754,-10.9325
2100,P2,CASC,31.50,25.01,125,F,1764,-10.8675
2110,P2,CASC,31.65,25.00,125,F,1774,-10.8011
2120,P2,CASC,31.80,24.99,125,F,1784,-10.7330
2130,P2,CASC,31.95,25.01,125,F,1794,-10.6636
2140,P2,CASC,32.10,24.99,126,F,1804,-10.5925
2150,P2,CASC,32.25,27.50,125,F,1815,-10.5450
2160,P2,CASC,32.40,25.01,126,F,1825,-10.4711
2170,P2,CASC,32.55,27.50,125,F,1836,-10.4205
2180,P2,CASC,32.70,27.49,126,F,1847,-10.3685
2190,P2,CASC,32.85,30.01,125,F,1859,-10.3401
2200,P2,CASC,33.00,27.50,126,F,1870,-10.2851
2210,P2,CASC,33.15,27.49,126,F,1881,-10.2285
2220,P2,CASC,33.30,30.01,126,F,1893,-10.1956
2230,P2,CASC,33.45,29.99,126,F,1905,-10.1610
2240,P2,CASC,33.60,30.01,126,F,1917,-10.1251
2250,P2,CASC,33.75,27.50,127,F,1928,-10.0625
2260,P2,CASC,33.90,30.00,126,F,1940,-10.0235
2270,P2,CASC,34.05,32.50,126,F,1953,-10.0081
2280,P2,CASC,34.20,30.00,126,F,1965,-9.9660
2290,P2,CASC,34.35,32.50,126,F,1978,-9.9475
2300,P2,CASC,34.50,32.50,126,F,1991,-9.9276
2310,P2,CASC,34.65,29.99,127,F,2003,-9.8810
2320,P2,CASC,34.80,32.51,126,F,2016,-9.8581
2330,P2,CASC,34.95,35.00,129,F,2030,-9.8586
2340,P2,CASC,35.10,32.50,126,F,2043,-9.8326
2350,P2,CASC,35.25,32.50,127,F,2056,-9.8051
2360,P2,CASC,35.40,35.00,126,F,2070,-9.8011
2370,P2,CASC,35.55,34.99,126,F,2084,-9.7955
2380,P2,CASC,35.70,35.00,126,F,2098,-9.7885
2390,P2,CASC,35.85,32.51,127,F,2111,-9.7551
2400,P2,CASC,36.00,35.00,126,F,2125,-9.7450
2410,P2,CASC,36.15,35.00,126,F,2139,-9.7335
2420,P2,CASC,36.30,37.50,129,F,2154,-9.7456
2430,P2,CASC,36.45,37.50,129,F,2169,-9.7561
2440,P2,CASC,36.60,35.00,126,F,2183,-9.7400
2450,P2,CASC,36.75,37.50,129,F,2198,-9.7475
2460,P2,CASC,36.90,37.51,129,F,2213,-9.7536
2470,P2,CASC,37.05,35.00,127,F,2227,-9.7331
2480,P2,CASC,37.20,37.49,129,F,2242,-9.7360
2490,P2,CASC,37.35,37.51,129,F,2257,-9.7376
2500,P2,CASC,37.50,37.49,126,F,2272,-9.7375
2510,P2,CASC,37.65,37.50,126,F,2287,-9.7360
2520,P2,CASC,37.80,37.50,126,F,2302,-9.7330
2530,P2,CASC,37.95,35.01,127,F,2316,-9.7036
2540,P2,CASC,38.10,37.49,126,F,2331,-9.6974
2550,P2,CASC,38.25,37.50,126,F,2346,-9.6900
2560,P2,CASC,38.40,37.51,126,F,2361,-9.6811
2570,P2,CASC,38.55,35.00,127,F,2375,-9.6455
2580,P2,CASC,38.70,37.50,127,F,2390,-9.6335
2590,P2,CASC,38.85,35.00,127,F,2404,-9.5949
2600,P2,CASC,39.00,37.50,127,F,2419,-9.5799
2610,P2,CASC,39.15,35.00,128,F,2433,-9.5385
2620,P2,CASC,39.30,37.50,127,F,2448,-9.5205
2630,P2,CASC,39.45,37.51,127,F,2463,-9.5011
2640,P2,CASC,39.60,37.48,127,F,2478,-9.4799
2650,P2,CASC,39.75,35.02,128,F,2492,-9.4325
2660,P2,CASC,39.90,37.50,128,F,2507,-9.4086
2670,P2,CASC,40.05,34.99,128,F,2521,-9.3580
2680,P2,CASC,40.20,35.00,129,F,2535,-9.3060
2690,P2,CASC,40.35,37.50,128,F,2550,-9.2775
2700,P2,CASC,40.50,37.50,128,F,2565,-9.2475
2710,P2,CASC,40.65,35.00,129,F,2579,-9.1910
2720,P2,CASC,40.80,35.00,129,F,2593,-9.1330
2730,P2,CASC,40.95,35.00,130,F,2607,-9.0735
2740,P2,CASC,41.10,37.49,129,F,2622,-9.0374
2750,P2,CASC,41.25,35.00,130,F,2636,-8.9749
2760,P2,CASC,41.40,35.01,130,F,2650,-8.9110
2770,P2,CASC,41.55,37.50,130,F,2665,-8.8705
2780,P2,CASC,41.70,37.49,130,F,2680,-8.8284
2790,P2,CASC,41.85,35.01,131,F,2694,-8.7601
2800,P2,CASC,42.00,34.99,131,F,2708,-8.6900
2810,P2,CASC,42.15,37.50,130,F,2723,-8.6435
2820,P2,CASC,42.30,35.00,131,F,2737,-8.5705
2830,P2,CASC,42.45,37.50,131,F,2752,-8.5210
2840,P2,CASC,42.60,37.51,131,F,2767,-8.4701
2850,P2,CASC,42.75,37.50,131,F,2782,-8.4176
2860,P2,CASC,42.90,35.00,132,F,2796,-8.3385
2870,P2,CASC,43.05,37.50,132,F,2811,-8.2831
2880,P2,CASC,43.20,37.49,132,F,2826,-8.2260
2890,P2,CASC,43.35,35.00,133,F,2840,-8.1425
2900,P2,CASC,43.50,39.99,132,F,2856,-8.1074
2910,P2,CASC,43.65,37.51,132,F,2871,-8.0460
2920,P2,CASC,43.80,37.50,133,F,2886,-7.9830
2930,P2,CASC,43.95,37.50,133,F,2901,-7.9186
2940,P2,CASC,44.10,37.50,133,F,2916,-7.8525
2950,P2,CASC,44.25,37.50,133,F,2931,-7.7850
2960,P2,CASC,44.40,37.51,134,F,2946,-7.7161
2970,P2,CASC,44.55,39.99,133,F,2962,-7.6704
2980,P2,CASC,44.70,37.50,134,F,2977,-7.5984
2990,P2,CASC,44.85,40.01,134,F,2993,-7.5500
3000,P2,CASC,45.00,39.99,134,F,3009,-7.4999
3010,P2,CASC,45.15,40.02,134,F,3025,-7.4486
3020,P2,CASC,45.30,42.50,133,F,3042,-7.4205
3030,P2,CASC,45.45,42.50,133,F,3059,-7.3911
3040,P2,CASC,45.60,39.99,134,F,3075,-7.3349
3050,P2,CASC,45.75,45.01,133,F,3093,-7.3275
3060,P2,CASC,45.90,40.00,135,F,3109,-7.2685
3070,P2,CASC,46.05,45.00,133,F,3127,-7.2580
3080,P2,CASC,46.20,52.52,131,F,3148,-7.3211
3090,P2,CASC,46.35,52.48,131,F,3169,-7.3825
3100,P2,CASC,46.50,45.01,133,F,3187,-7.3676
3110,P2,CASC,46.65,45.00,133,F,3205,-7.3510
3120,P2,CASC,46.80,42.50,134,F,3222,-7.3080
3130,P2,CASC,46.95,45.00,133,F,3240,-7.2885
3140,P2,CASC,47.10,42.49,134,F,3257,-7.2425
3150,P2,CASC,47.25,40.00,135,F,3273,-7.1700
3160,P2,CASC,47.40,37.49,136,F,3288,-7.0709
3170,P2,CASC,47.55,45.01,134,F,3306,-7.0456
3180,P2,CASC,47.70,47.50,134,F,3325,-7.0436
3190,P2,CASC,47.85,47.50,134,F,3344,-7.0401
3200,P2,CASC,48.00,47.50,134,F,3363,-7.0351
3210,P2,CASC,48.15,47.50,134,F,3382,-7.0285
3220,P2,CASC,48.30,50.00,135,F,3402,-7.0455
3230,P2,CASC,48.45,49.99,135,F,3422,-7.0610
3240,P2,CASC,48.60,47.47,134,F,3441,-7.0497
3250,P2,CASC,48.75,47.53,134,F,3460,-7.0375
3260,P2,CASC,48.90,50.00,135,F,3480,-7.0485
3270,P2,CASC,49.05,47.50,134,F,3499,-7.0330
3280,P2,CASC,49.20,50.01,136,F,3519,-7.0410
3290,P2,CASC,49.35,50.01,136,F,3539,-7.0476
3300,P2,CASC,49.50,47.49,134,F,3558,-7.0275
3310,P2,CASC,49.65,50.00,136,F,3578,-7.0310
3320,P2,CASC,49.80,50.01,136,F,3598,-7.0331
3330,P2,CASC,49.95,47.49,134,F,3617,-7.0085
3340,P2,CASC,50.10,50.00,134,F,3637,-7.0075
3350,P2,CASC,50.25,50.00,134,F,3657,-7.0050
3360,P2,CASC,50.40,47.51,135,F,3676,-6.9761
3370,P2,CASC,50.55,50.01,134,F,3696,-6.9706
3380,P2,CASC,50.70,47.50,135,F,3715,-6.9386
3390,P2,CASC,50.85,47.49,135,F,3734,-6.9050
3400,P2,CASC,51.00,47.50,135,F,3753,-6.8700
3410,P2,CASC,51.15,47.50,136,F,3772,-6.8335
3420,P2,CASC,51.30,47.50,136,F,3791,-6.7956
3430,P2,CASC,51.45,47.50,136,F,3810,-6.7561
3440,P2,CASC,51.60,47.50,136,F,3829,-6.7150
3450,P2,CASC,51.75,47.50,136,F,3848,-6.6726
3460,P2,CASC,51.90,47.49,137,F,3867,-6.6284
3470,P2,CASC,52.05,47.52,137,F,3886,-6.5831
3480,P2,CASC,52.20,47.50,137,F,3905,-6.5361
3490,P2,CASC,52.35,47.50,137,F,3924,-6.4876
3500,P2,CASC,52.50,47.49,137,F,3943,-6.4375
3510,P2,CASC,52.65,47.50,138,F,3962,-6.3860
3520,P2,CASC,52.80,47.51,138,F,3981,-6.3331
3530,P2,CASC,52.95,47.49,138,F,4000,-6.2785
3540,P2,CASC,53.10,47.50,138,F,4019,-6.2225
3550,P2,CASC,53.25,45.00,139,F,4037,-6.1399
3560,P2,CASC,53.40,47.52,139,F,4056,-6.0811
3570,P2,CASC,53.55,47.49,139,F,4075,-6.0205
3580,P2,CASC,53.70,47.50,140,F,4094,-5.9585
3590,P2,CASC,53.85,44.99,141,F,4112,-5.8699
3600,P2,CASC,54.00,47.52,140,F,4131,-5.8051
3610,P2,CASC,54.15,44.99,141,F,4149,-5.7135
3620,P2,CASC,54.30,47.50,141,F,4168,-5.6455
3630,P2,CASC,54.45,47.50,141,F,4187,-5.5760
3640,P2,CASC,54.60,47.50,141,F,4206,-5.5050
3650,P2,CASC,54.75,45.00,142,F,4224,-5.4075
3660,P2,CASC,54.90,50.02,141,F,4244,-5.3586
3670,P2,CASC,55.05,47.50,142,F,4263,-5.2831
3680,P2,CASC,55.20,49.99,142,F,4283,-5.2310
3690,P2,CASC,55.35,47.50,143,F,4302,-5.1525
3700,P2,CASC,55.50,50.00,142,F,4322,-5.0975
3710,P2,CASC,55.65,47.50,143,F,4341,-5.0160
3720,P2,CASC,55.80,50.01,143,F,4361,-4.9580
3730,P2,CASC,55.95,50.01,143,F,4381,-4.8986
3740,P2,CASC,56.10,50.00,143,F,4401,-4.8376
3750,P2,CASC,56.25,50.00,144,F,4421,-4.7751
3760,P2,CASC,56.40,50.00,144,F,4441,-4.7111
3770,P2,CASC,56.55,52.47,143,F,4462,-4.6704
3780,P2,CASC,56.70,50.02,144,F,4482,-4.6036
3790,P2,CASC,56.85,52.48,144,F,4503,-4.5599
3800,P2,CASC,57.00,52.51,144,F,4524,-4.5150
3810,P2,CASC,57.15,52.49,144,F,4545,-4.4684
3820,P2,CASC,57.30,55.01,144,F,4567,-4.4455
3830,P2,CASC,57.45,52.51,145,F,4588,-4.3960
3840,P2,CASC,57.60,55.01,144,F,4610,-4.3701
3850,P2,CASC,57.75,52.50,145,F,4631,-4.3176
3860,P2,CASC,57.90,54.99,145,F,4653,-4.2885
3870,P2,CASC,58.05,55.00,145,F,4675,-4.2580
3880,P2,CASC,58.20,50.00,146,F,4695,-4.1760
3890,P2,CASC,58.35,55.00,145,F,4717,-4.1425
3900,P2,CASC,58.50,52.50,146,F,4738,-4.0825
3910,P2,CASC,58.65,52.51,146,F,4759,-4.0211
3920,P2,CASC,58.80,54.98,146,F,4781,-3.9829
3930,P2,CASC,58.95,52.51,147,F,4802,-3.9185
3940,P2,CASC,59.10,52.50,147,F,4823,-3.8525
3950,P2,CASC,59.25,55.01,147,F,4845,-3.8101
3960,P2,CASC,59.40,54.99,147,F,4867,-3.7660
3970,P2,CASC,59.55,55.02,147,F,4889,-3.7206
3980,P2,CASC,59.70,54.97,147,F,4911,-3.6734
3990,P2,CASC,59.85,52.52,148,F,4932,-3.6001
4000,P2,CASC,60.00,57.49,147,F,4955,-3.5750
4010,P2,CASC,60.15,55.01,148,F,4977,-3.5236
4020,P2,CASC,60.30,52.50,149,F,4998,-3.4456
4030,P2,CASC,60.45,55.00,149,F,5020,-3.3911
4040,P2,CASC,60.60,55.00,149,F,5042,-3.3351
4050,P2,CASC,60.75,57.51,148,F,5065,-3.3026
4060,P2,CASC,60.90,57.50,148,F,5088,-3.2686
4070,P2,CASC,61.05,54.99,149,F,5110,-3.2080
4080,P2,CASC,61.20,54.99,150,F,5132,-3.1460
4090,P2,CASC,61.35,60.02,148,F,5156,-3.1326
4100,P2,CASC,61.50,57.49,149,F,5179,-3.0926
4110,P2,CASC,61.65,54.99,150,F,5201,-3.0260
4120,P2,CASC,61.80,57.49,150,F,5224,-2.9829
4130,P2,CASC,61.95,55.01,151,F,5246,-2.9135
4140,P2,CASC,62.10,60.01,150,F,5270,-2.8926
4150,P2,CASC,62.25,54.99,151,F,5292,-2.8200
4160,P2,CASC,62.40,57.51,151,F,5315,-2.7711
4170,P2,CASC,62.55,57.48,151,F,5338,-2.7204
4180,P2,CASC,62.70,55.01,152,F,5360,-2.6435
4190,P2,CASC,62.85,60.01,151,F,5384,-2.6151
4200,P2,CASC,63.00,57.48,152,F,5407,-2.5600
4210,P2,CASC,63.15,57.52,152,F,5430,-2.5036
4220,P2,CASC,63.30,59.99,151,F,5454,-2.4705
4230,P2,CASC,63.45,59.99,152,F,5478,-2.4360
4240,P2,CASC,63.60,60.01,152,F,5502,-2.4000
4250,P2,CASC,63.75,59.99,152,F,5526,-2.3625
4260,P2,CASC,63.90,65.01,151,F,5552,-2.3736
4270,P2,CASC,64.05,77.50,141,F,5583,-2.5081
4280,P2,CASC,64.20,59.99,152,F,5607,-2.4660
4290,P2,CASC,64.35,60.01,152,F,5631,-2.4225
4300,P2,CASC,64.50,60.01,152,F,5655,-2.3776
4310,P2,CASC,64.65,59.99,153,F,5679,-2.3310
4320,P2,CASC,64.80,52.51,155,F,5700,-2.2081
4330,P2,CASC,64.95,62.48,153,F,5725,-2.1834
4340,P2,CASC,65.10,65.01,152,F,5751,-2.1826
4350,P2,CASC,65.25,65.00,152,F,5777,-2.1801
4360,P2,CASC,65.40,67.49,151,F,5804,-2.2010
4370,P2,CASC,65.55,62.50,153,F,5829,-2.1705
4380,P2,CASC,65.70,67.51,151,F,5856,-2.1886
4390,P2,CASC,65.85,67.48,152,F,5883,-2.2049
4400,P2,CASC,66.00,62.51,153,F,5908,-2.1701
4410,P2,CASC,66.15,67.49,152,F,5935,-2.1835
4420,P2,CASC,66.30,64.99,153,F,5961,-2.1704
4430,P2,CASC,66.45,67.51,152,F,5988,-2.1809
4440,P2,CASC,66.60,65.00,153,F,6014,-2.1649
4450,P2,CASC,66.75,65.01,153,F,6040,-2.1476
4460,P2,CASC,66.90,67.49,153,F,6067,-2.1535
4470,P2,CASC,67.05,65.00,153,F,6093,-2.1330
4480,P2,CASC,67.20,65.01,153,F,6119,-2.1111
4490,P2,CASC,67.35,64.98,153,F,6145,-2.0874
4500,P2,CASC,67.50,67.51,154,F,6172,-2.0876
4510,P2,CASC,67.65,65.00,154,F,6198,-2.0611
4520,P2,CASC,67.80,65.01,154,F,6224,-2.0331
4530,P2,CASC,67.95,64.99,154,F,6250,-2.0036
4540,P2,CASC,68.10,67.48,153,F,6277,-1.9974
4550,P2,CASC,68.25,67.52,154,F,6304,-1.9901
4560,P2,CASC,68.40,64.99,154,F,6330,-1.9560
4570,P2,CASC,68.55,67.49,154,F,6357,-1.9454
4580,P2,CASC,68.70,64.99,155,F,6383,-1.9084
4590,P2,CASC,68.85,67.53,154,F,6410,-1.8951
4600,P2,CASC,69.00,64.99,155,F,6436,-1.8550
4610,P2,CASC,69.15,65.01,155,F,6462,-1.8136
4620,P2,CASC,69.30,67.49,155,F,6489,-1.7955
4630,P2,CASC,69.45,62.51,156,F,6514,-1.7261
4640,P2,CASC,69.60,65.01,156,F,6540,-1.6801
4650,P2,CASC,69.75,65.00,156,F,6566,-1.6326
4660,P2,CASC,69.90,65.00,156,F,6592,-1.5836
4670,P2,CASC,70.05,64.98,157,F,6618,-1.5329
4680,P2,CASC,70.20,65.02,157,F,6644,-1.4811
4690,P2,CASC,70.35,67.50,156,F,6671,-1.4526
4700,P2,CASC,70.50,64.99,157,F,6697,-1.3976
4710,P2,CASC,70.65,64.99,158,F,6723,-1.3409
4720,P2,CASC,70.80,65.02,158,F,6749,-1.2831
4730,P2,CASC,70.95,69.99,156,F,6777,-1.2735
4740,P2,CASC,71.10,64.99,158,F,6803,-1.2124
4750,P2,CASC,71.25,67.50,158,F,6830,-1.1749
4760,P2,CASC,71.40,67.50,158,F,6857,-1.1359
4770,P2,CASC,71.55,67.52,158,F,6884,-1.0956
4780,P2,CASC,71.70,67.48,158,F,6911,-1.0534
4790,P2,CASC,71.85,67.51,158,F,6938,-1.0100
4800,P2,CASC,72.00,72.50,157,F,6967,-1.0150
4810,P2,CASC,72.15,70.01,158,F,6995,-0.9936
4820,P2,CASC,72.30,70.01,158,F,7023,-0.9706
4830,P2,CASC,72.45,69.98,158,F,7051,-0.9459
4840,P2,CASC,72.60,70.01,158,F,7079,-0.9200
4850,P2,CASC,72.75,67.49,159,F,7106,-0.8674
4860,P2,CASC,72.90,67.51,160,F,7133,-0.8136
4870,P2,CASC,73.05,67.49,160,F,7160,-0.7580
4880,P2,CASC,73.20,69.99,159,F,7188,-0.7259
4890,P2,CASC,73.35,65.00,161,F,7214,-0.6424
4900,P2,CASC,73.50,69.99,160,F,7242,-0.6074
4910,P2,CASC,73.65,70.03,160,F,7270,-0.5711
4920,P2,CASC,73.80,69.99,160,F,7298,-0.5330
4930,P2,CASC,73.95,70.01,160,F,7326,-0.4936
4940,P2,CASC,74.10,72.50,160,F,7355,-0.4776
4950,P2,CASC,74.25,69.99,161,F,7383,-0.4349
4960,P2,CASC,74.40,70.01,161,F,7411,-0.3910
4970,P2,CASC,74.55,69.99,161,F,7439,-0.3454
4980,P2,CASC,74.70,72.51,161,F,7468,-0.3235
4990,P2,CASC,74.85,72.51,161,F,7497,-0.3001
5000,P2,CASC,75.00,72.51,161,F,7526,-0.2752
5010,P2,CASC,75.15,74.99,160,F,7556,-0.2736
5020,P2,CASC,75.30,72.49,161,F,7585,-0.2454
5030,P2,CASC,75.45,72.50,161,F,7614,-0.2159
5040,P2,CASC,75.60,72.51,162,F,7643,-0.1851
5050,P2,CASC,75.75,72.49,162,F,7672,-0.1525
5060,P2,CASC,75.90,72.50,162,F,7701,-0.1185
5070,P2,CASC,76.05,72.50,162,F,7730,-0.0830
5080,P2,CASC,76.20,72.49,162,F,7759,-0.0459
5090,P2,CASC,76.35,72.49,162,F,7788,-0.0074
5100,P2,CASC,76.50,70.02,163,F,7816,0.0574
5110,P2,CASC,76.65,75.00,162,F,7846,0.0739
5120,P2,CASC,76.80,74.99,162,F,7876,0.0920
5130,P2,CASC,76.95,75.00,162,F,7906,0.1115
5140,P2,CASC,77.10,72.50,163,F,7935,0.1575
5150,P2,CASC,77.25,90.00,152,F,7971,0.0300
5160,P2,CASC,77.40,80.01,160,F,8003,0.0039
5170,P2,CASC,77.55,72.51,163,F,8032,0.0544
5180,P2,CASC,77.70,72.49,164,F,8061,0.1064
5190,P2,CASC,77.85,72.49,164,F,8090,0.1601
5200,P2,CASC,78.00,67.51,166,F,8117,0.2649
5210,P2,CASC,78.15,77.48,163,F,8148,0.2716
5220,P2,CASC,78.30,77.52,163,F,8179,0.2794
5230,P2,CASC,78.45,79.98,162,F,8211,0.2642
5240,P2,CASC,78.60,77.51,163,F,8242,0.2751
5250,P2,CASC,78.75,82.52,160,F,8275,0.2374
5260,P2,CASC,78.90,77.48,163,F,8306,0.2517
5270,P2,CASC,79.05,77.51,163,F,8337,0.2671
5280,P2,CASC,79.20,80.02,162,F,8369,0.2588
5290,P2,CASC,79.35,80.00,162,F,8401,0.2523
5300,P2,CASC,79.50,77.48,164,F,8432,0.2725
5310,P2,CASC,79.65,77.52,164,F,8463,0.2938
5320,P2,CASC,79.80,79.98,163,F,8495,0.2921
5330,P2,CASC,79.95,77.52,164,F,8526,0.3164
5340,P2,CASC,80.10,77.48,164,F,8557,0.3426
5350,P2,CASC,80.25,77.50,165,F,8588,0.3701
5360,P2,CASC,80.40,77.52,165,F,8619,0.3989
5370,P2,CASC,80.55,79.97,164,F,8651,0.4047
5380,P2,CASC,80.70,77.51,165,F,8682,0.4366
5390,P2,CASC,80.85,80.02,165,F,8714,0.4449
5400,P2,CASC,81.00,80.01,165,F,8746,0.4549
5410,P2,CASC,81.15,79.99,165,F,8778,0.4664
5420,P2,CASC,81.30,77.50,166,F,8809,0.5044
5430,P2,CASC,81.45,77.50,166,F,8840,0.5439
5440,P2,CASC,81.60,80.01,166,F,8872,0.5599
5450,P2,CASC,81.75,77.50,167,F,8903,0.6024
5460,P2,CASC,81.90,77.48,167,F,8934,0.6465
5470,P2,CASC,82.05,74.99,168,F,8964,0.7171
5480,P2,CASC,82.20,77.52,168,F,8995,0.7639
5490,P2,CASC,82.35,74.99,169,F,9025,0.8375
5500,P2,CASC,82.50,77.52,168,F,9056,0.8874
5510,P2,CASC,82.65,77.49,169,F,9087,0.9389
5520,P2,CASC,82.80,77.48,169,F,9118,0.9921
5530,P2,CASC,82.95,75.00,170,F,9148,1.0716
5540,P2,CASC,83.10,80.02,169,F,9180,1.1024
5550,P2,CASC,83.25,75.00,171,F,9210,1.1849
5560,P2,CASC,83.40,77.51,170,F,9241,1.2438
5570,P2,CASC,83.55,77.50,171,F,9272,1.3043
5580,P2,CASC,83.70,77.49,171,F,9303,1.3664
5590,P2,CASC,83.85,77.49,171,F,9334,1.4300
5600,P2,CASC,84.00,82.51,170,F,9367,1.4449
5610,P2,CASC,84.15,79.98,171,F,9399,1.4866
5620,P2,CASC,84.30,77.51,172,F,9430,1.5545
5630,P2,CASC,84.45,80.02,172,F,9462,1.5988
5640,P2,CASC,84.60,77.48,173,F,9493,1.6701
5650,P2,CASC,84.75,77.50,173,F,9524,1.7426
5660,P2,CASC,84.90,75.00,174,F,9554,1.8416
5670,P2,CASC,85.05,77.52,174,F,9585,1.9169
5680,P2,CASC,85.20,75.01,175,F,9615,2.0188
5690,P2,CASC,85.35,79.98,174,F,9647,2.0726
5700,P2,CASC,85.50,77.50,175,F,9678,2.1526
5710,P2,CASC,85.65,80.00,175,F,9710,2.2091
5720,P2,CASC,85.80,77.52,176,F,9741,2.2919
5730,P2,CASC,85.95,80.00,176,F,9773,2.3514
5740,P2,CASC,86.10,79.99,176,F,9805,2.4125
5750,P2,CASC,86.25,77.52,177,F,9836,2.4999
5760,P2,CASC,86.40,82.49,176,F,9869,2.5389
5770,P2,CASC,86.55,82.50,176,F,9902,2.5794
5780,P2,CASC,86.70,79.98,177,F,9934,2.6466
5790,P2,CASC,86.85,85.00,176,F,9968,2.6651
5800,P2,CASC,87.00,82.50,177,F,10001,2.7101
5810,P2,CASC,87.15,80.02,178,F,10033,2.7814
5820,P2,CASC,87.30,85.00,177,F,10067,2.8044
5830,P2,CASC,87.45,79.99,179,F,10099,2.8790
5840,P2,CASC,87.60,82.50,178,F,10132,2.9300
5850,P2,CASC,87.75,82.49,179,F,10165,2.9826
5860,P2,CASC,87.90,82.49,179,F,10198,3.0367
5870,P2,CASC,88.05,82.52,179,F,10231,3.0920
5880,P2,CASC,88.20,85.00,179,F,10265,3.1240
5890,P2,CASC,88.35,85.00,179,F,10299,3.1575
5900,P2,CASC,88.50,85.02,179,F,10333,3.1923
5910,P2,CASC,88.65,97.44,170,F,10372,3.1044
5920,P2,CASC,88.80,92.55,174,F,10409,3.0670
5930,P2,CASC,88.95,84.99,180,F,10443,3.1066
5940,P2,CASC,89.10,85.00,180,F,10477,3.1476
5950,P2,CASC,89.25,77.49,183,F,10508,3.2651
5960,P2,CASC,89.40,82.50,181,F,10541,3.3341
5970,P2,CASC,89.55,90.01,178,F,10577,3.3295
5980,P2,CASC,89.70,92.50,176,F,10614,3.3015
5990,P2,CASC,89.85,90.00,178,F,10650,3.3000
6000,P2,CASC,90.00,89.99,180,F,10686,3.3001
6010,P2,CASC,90.15,90.02,180,F,10722,3.3014
6020,P2,CASC,90.30,90.00,180,F,10758,3.3044
6030,P2,CASC,90.45,92.49,177,F,10795,3.2840
6040,P2,CASC,90.60,87.52,181,F,10830,3.3149
6050,P2,CASC,90.75,89.98,181,F,10866,3.3225
6060,P2,CASC,90.90,92.52,178,F,10903,3.3064
6070,P2,CASC,91.05,87.50,182,F,10938,3.3419
6080,P2,CASC,91.20,92.49,179,F,10975,3.3290
6090,P2,CASC,91.35,87.48,182,F,11010,3.3676
6100,P2,CASC,91.50,92.47,179,F,11047,3.3579
6110,P2,CASC,91.65,90.05,182,F,11083,3.3739
6120,P2,CASC,91.80,92.49,180,F,11120,3.3670
6130,P2,CASC,91.95,92.51,180,F,11157,3.3614
6140,P2,CASC,92.10,92.49,180,F,11194,3.3575
6150,P2,CASC,92.25,92.51,180,F,11231,3.3549
6160,P2,CASC,92.40,92.48,181,F,11268,3.3541
6170,P2,CASC,92.55,90.02,183,F,11304,3.3794
6180,P2,CASC,92.70,89.97,183,F,11340,3.4066
6190,P2,CASC,92.85,90.01,183,F,11376,3.4351
6200,P2,CASC,93.00,89.99,184,F,11412,3.4651
6210,P2,CASC,93.15,90.03,184,F,11448,3.4964
6220,P2,CASC,93.30,92.50,183,F,11485,3.5044
6230,P2,CASC,93.45,92.49,183,F,11522,3.5140
6240,P2,CASC,93.60,92.50,184,F,11559,3.5250
6250,P2,CASC,93.75,92.51,184,F,11596,3.5374
6260,P2,CASC,93.90,92.47,184,F,11633,3.5516
6270,P2,CASC,94.05,92.50,184,F,11670,3.5671
6280,P2,CASC,94.20,95.02,182,F,11708,3.5590
6290,P2,CASC,94.35,94.99,182,F,11746,3.5526
6300,P2,CASC,94.50,97.51,180,F,11785,3.5225
6310,P2,CASC,94.65,95.01,183,F,11823,3.5189
6320,P2,CASC,94.80,94.99,183,F,11861,3.5170
6330,P2,CASC,94.95,92.48,185,F,11898,3.5416
6340,P2,CASC,95.10,92.53,185,F,11935,3.5674
6350,P2,CASC,95.25,92.47,186,F,11972,3.5951
6360,P2,CASC,95.40,92.49,186,F,12009,3.6242
6370,P2,CASC,95.55,95.03,185,F,12047,3.6294
6380,P2,CASC,95.70,95.00,186,F,12085,3.6364
6390,P2,CASC,95.85,97.49,183,F,12124,3.6200
6400,P2,CASC,96.00,97.51,183,F,12163,3.6049
6410,P2,CASC,96.15,94.98,186,F,12201,3.6166
6420,P2,CASC,96.30,97.53,183,F,12240,3.6043
6430,P2,CASC,96.45,100.00,182,F,12280,3.5688
6440,P2,CASC,96.60,97.50,184,F,12319,3.5598
6450,P2,CASC,96.75,99.98,182,F,12359,3.5275
6460,P2,CASC,96.90,99.99,182,F,12399,3.4966
6470,P2,CASC,97.05,97.50,184,F,12438,3.4921
6480,P2,CASC,97.20,100.03,183,F,12478,3.4638
6490,P2,CASC,97.35,94.99,187,F,12516,3.4874
6500,P2,CASC,97.50,97.51,185,F,12555,3.4873
6510,P2,CASC,97.65,97.47,187,F,12594,3.4891
6520,P2,CASC,97.80,97.51,187,F,12633,3.4920
6530,P2,CASC,97.95,100.01,184,F,12673,3.4714
6540,P2,CASC,98.10,99.98,184,F,12713,3.4526
6550,P2,CASC,98.25,105.02,180,F,12755,3.3849
6560,P2,CASC,98.40,112.44,174,F,12800,3.2445
6570,P2,CASC,98.55,97.53,187,F,12839,3.2547
6580,P2,CASC,98.70,97.50,187,F,12878,3.2667
6590,P2,CASC,98.85,90.03,190,F,12914,3.3549
6600,P2,CASC,99.00,102.48,183,F,12955,3.3201
6610,P2,CASC,99.15,99.98,185,F,12995,3.3118
6620,P2,CASC,99.30,102.50,184,F,13036,3.2798
6630,P2,CASC,99.45,105.04,182,F,13078,3.2239
6640,P2,CASC,99.60,102.48,184,F,13119,3.1951
6650,P2,CASC,99.75,99.99,186,F,13159,3.1927
6660,P2,CASC,99.90,102.50,184,F,13200,3.1667
6670,P2,CASC,100.05,102.52,184,F,13241,3.1420
6680,P2,CASC,100.20,102.51,185,F,13282,3.1189
6690,P2,CASC,100.35,99.99,188,F,13322,3.1225
6700,P2,CASC,100.50,99.99,188,F,13362,3.1276
6710,P2,CASC,100.65,102.52,185,F,13403,3.1089
6720,P2,CASC,100.80,102.47,185,F,13444,3.0922
6730,P2,CASC,100.95,102.52,185,F,13485,3.0765
6740,P2,CASC,101.10,102.48,186,F,13526,3.0627
6750,P2,CASC,101.25,105.00,184,F,13568,3.0252
6760,P2,CASC,101.40,102.51,186,F,13609,3.0141
6770,P2,CASC,101.55,102.52,186,F,13650,3.0044
6780,P2,CASC,101.70,102.47,186,F,13691,2.9967
6790,P2,CASC,101.85,100.03,189,F,13731,3.0149
6800,P2,CASC,102.00,99.99,189,F,13771,3.0350
6810,P2,CASC,102.15,99.98,189,F,13811,3.0567
6820,P2,CASC,102.30,100.00,189,F,13851,3.0797
6830,P2,CASC,102.45,102.50,188,F,13892,3.0792
6840,P2,CASC,102.60,102.53,189,F,13933,3.0799
6850,P2,CASC,102.75,102.47,189,F,13974,3.0827
6860,P2,CASC,102.90,102.52,189,F,14015,3.0865
6870,P2,CASC,103.05,102.51,189,F,14056,3.0919
6880,P2,CASC,103.20,104.98,187,F,14098,3.0741
6890,P2,CASC,103.35,105.01,187,F,14140,3.0575
6900,P2,CASC,103.50,107.51,185,F,14183,3.0174
6910,P2,CASC,103.65,104.97,187,F,14225,3.0042
6920,P2,CASC,103.80,102.52,190,F,14266,3.0170
6930,P2,CASC,103.95,102.50,190,F,14307,3.0315
6940,P2,CASC,104.10,100.00,191,F,14347,3.0725
6950,P2,CASC,104.25,102.50,190,F,14388,3.0900
6960,P2,CASC,104.40,102.49,191,F,14429,3.1091
6970,P2,CASC,104.55,105.02,189,F,14471,3.1044
6980,P2,CASC,104.70,104.96,189,F,14513,3.1018
6990,P2,CASC,104.85,107.51,187,F,14556,3.0752
7000,P2,CASC,105.00,105.01,189,F,14598,3.0751
7010,P2,CASC,105.15,104.99,191,F,14640,3.0767
7020,P2,CASC,105.30,110.00,186,F,14684,3.0297
7030,P2,CASC,105.45,107.52,188,F,14727,3.0090
7040,P2,CASC,105.60,112.50,184,F,14772,2.9400
7050,P2,CASC,105.75,107.48,188,F,14815,2.9227
7060,P2,CASC,105.90,107.52,188,F,14858,2.9065
7070,P2,CASC,106.05,107.51,188,F,14901,2.8919
7080,P2,CASC,106.20,104.97,191,F,14943,2.9042
7090,P2,CASC,106.35,107.53,189,F,14986,2.8924
7100,P2,CASC,106.50,104.97,191,F,15028,2.9077
7110,P2,CASC,106.65,110.00,187,F,15072,2.8742
7120,P2,CASC,106.80,107.49,189,F,15115,2.8673
7130,P2,CASC,106.95,112.53,186,F,15160,2.8115
7140,P2,CASC,107.10,119.96,180,F,15208,2.6828
7150,P2,CASC,107.25,107.52,190,F,15251,2.6801
7160,P2,CASC,107.40,105.02,192,F,15293,2.7039
7170,P2,CASC,107.55,97.50,194,F,15332,2.8044
7180,P2,CASC,107.70,110.00,188,F,15376,2.7814
7190,P2,CASC,107.85,112.49,187,F,15421,2.7350
7200,P2,CASC,108.00,110.01,189,F,15465,2.7149
7210,P2,CASC,108.15,112.49,187,F,15510,2.6715
7220,P2,CASC,108.30,107.49,192,F,15553,2.6796
7230,P2,CASC,108.45,112.52,187,F,15598,2.6389
7240,P2,CASC,108.60,109.99,189,F,15642,2.6250
7250,P2,CASC,108.75,109.99,190,F,15686,2.6126
7260,P2,CASC,108.90,110.01,190,F,15730,2.6015
7270,P2,CASC,109.05,110.01,190,F,15774,2.5919
7280,P2,CASC,109.20,109.99,190,F,15818,2.5840
7290,P2,CASC,109.35,109.98,190,F,15862,2.5777
7300,P2,CASC,109.50,112.52,189,F,15907,2.5475
7310,P2,CASC,109.65,112.51,189,F,15952,2.5189
7320,P2,CASC,109.80,112.49,189,F,15997,2.4920
7330,P2,CASC,109.95,107.48,193,F,16040,2.5167
7340,P2,CASC,110.10,112.50,189,F,16085,2.4927
7350,P2,CASC,110.25,110.00,192,F,16129,2.4952
7360,P2,CASC,110.40,107.51,193,F,16172,2.5241
7370,P2,CASC,110.55,107.51,193,F,16215,2.5545
7380,P2,CASC,110.70,112.51,190,F,16260,2.5364
7390,P2,CASC,110.85,109.99,193,F,16304,2.5450
7400,P2,CASC,111.00,107.48,194,F,16347,2.5802
7410,P2,CASC,111.15,112.50,191,F,16392,2.5667
7420,P2,CASC,111.30,110.00,193,F,16436,2.5797
7430,P2,CASC,111.45,110.02,194,F,16480,2.5940
7440,P2,CASC,111.60,112.49,192,F,16525,2.5851
7450,P2,CASC,111.75,115.01,190,F,16571,2.5525
7460,P2,CASC,111.90,112.50,192,F,16616,2.5465
7470,P2,CASC,112.05,112.49,192,F,16661,2.5421
7480,P2,CASC,112.20,110.01,194,F,16705,2.5640
7490,P2,CASC,112.35,109.98,194,F,16749,2.5877
7500,P2,CASC,112.50,110.02,195,F,16793,2.6125
7510,P2,CASC,112.65,110.01,195,F,16837,2.6389
7520,P2,CASC,112.80,115.00,191,F,16883,2.6169
7530,P2,CASC,112.95,112.46,194,F,16928,2.6218
7540,P2,CASC,113.10,115.02,192,F,16974,2.6026
7550,P2,CASC,113.25,115.01,192,F,17020,2.5850
7560,P2,CASC,113.40,114.99,192,F,17066,2.5691
7570,P2,CASC,113.55,117.52,190,F,17113,2.5294
7580,P2,CASC,113.70,117.46,190,F,17160,2.4917
7590,P2,CASC,113.85,119.95,189,F,17208,2.4307
7600,P2,CASC,114.00,115.06,193,F,17254,2.4201
7610,P2,CASC,114.15,114.98,193,F,17300,2.4119
7620,P2,CASC,114.30,112.51,195,F,17345,2.4297
7630,P2,CASC,114.45,115.01,193,F,17391,2.4241
7640,P2,CASC,114.60,115.02,193,F,17437,2.4199
7650,P2,CASC,114.75,114.99,194,F,17483,2.4175
7660,P2,CASC,114.90,119.96,190,F,17531,2.3669
7670,P2,CASC,115.05,130.03,182,F,17583,2.2171
7680,P2,CASC,115.20,114.99,195,F,17629,2.2192
7690,P2,CASC,115.35,112.50,196,F,17674,2.2477
7700,P2,CASC,115.50,105.00,198,F,17716,2.3527
7710,P2,CASC,115.65,120.00,191,F,17764,2.3092
7720,P2,CASC,115.80,120.02,191,F,17812,2.2670
7730,P2,CASC,115.95,117.50,193,F,17859,2.2515
7740,P2,CASC,116.10,117.51,193,F,17906,2.2374
7750,P2,CASC,116.25,117.50,193,F,17953,2.2249
7760,P2,CASC,116.40,119.95,192,F,18001,2.1894
7770,P2,CASC,116.55,117.52,194,F,18048,2.1796
7780,P2,CASC,116.70,120.01,192,F,18096,2.1465
7790,P2,CASC,116.85,115.01,196,F,18142,2.1649
7800,P2,CASC,117.00,120.00,192,F,18190,2.1349
7810,P2,CASC,117.15,117.50,194,F,18237,2.1314
7820,P2,CASC,117.30,117.50,195,F,18284,2.1294
7830,P2,CASC,117.45,119.96,193,F,18332,2.1042
7840,P2,CASC,117.60,120.01,193,F,18380,2.0801
7850,P2,CASC,117.75,120.01,193,F,18428,2.0575
7860,P2,CASC,117.90,119.98,193,F,18476,2.0367
7870,P2,CASC,118.05,115.03,197,F,18522,2.0669
7880,P2,CASC,118.20,117.50,196,F,18569,2.0739
7890,P2,CASC,118.35,114.98,197,F,18615,2.1076
7900,P2,CASC,118.50,117.49,197,F,18662,2.1177
7910,P2,CASC,118.65,117.54,197,F,18709,2.1289
7920,P2,CASC,118.80,117.46,197,F,18756,2.1422
7930,P2,CASC,118.95,120.01,195,F,18804,2.1316
7940,P2,CASC,119.10,117.52,197,F,18851,2.1474
7950,P2,CASC,119.25,119.98,196,F,18899,2.1401
7960,P2,CASC,119.40,120.02,196,F,18947,2.1339
7970,P2,CASC,119.55,122.49,194,F,18996,2.1045
7980,P2,CASC,119.70,119.96,196,F,19044,2.1019
7990,P2,CASC,119.85,120.02,196,F,19092,2.1001
8000,P2,CASC,120.00,114.99,199,F,19138,2.1502
8010,P2,CASC,120.15,117.54,198,F,19185,2.1764
8020,P2,CASC,120.30,117.49,199,F,19232,2.2045
8030,P2,CASC,120.45,120.00,198,F,19280,2.2090
8040,P2,CASC,120.60,122.49,196,F,19329,2.1901
8050,P2,CASC,120.75,122.50,196,F,19378,2.1726
8060,P2,CASC,120.90,122.52,196,F,19427,2.1564
8070,P2,CASC,121.05,124.96,194,F,19477,2.1173
8080,P2,CASC,121.20,122.51,196,F,19526,2.1041
8090,P2,CASC,121.35,127.51,192,F,19577,2.0425
8100,P2,CASC,121.50,124.99,194,F,19627,2.0076
8110,P2,CASC,121.65,122.50,197,F,19676,1.9991
8120,P2,CASC,121.80,122.51,197,F,19725,1.9920
8130,P2,CASC,121.95,122.50,197,F,19774,1.9865
8140,P2,CASC,122.10,119.98,199,F,19822,2.0078
8150,P2,CASC,122.25,125.03,195,F,19872,1.9800
8160,P2,CASC,122.40,124.98,196,F,19922,1.9543
8170,P2,CASC,122.55,135.01,188,F,19976,1.8296
8180,P2,CASC,122.70,127.50,194,F,20027,1.7816
8190,P2,CASC,122.85,117.48,200,F,20074,1.8354
8200,P2,CASC,123.00,115.05,201,F,20120,1.9149
8210,P2,CASC,123.15,124.98,197,F,20170,1.8966
8220,P2,CASC,123.30,127.49,195,F,20221,1.8548
8230,P2,CASC,123.45,124.99,197,F,20271,1.8394
8240,P2,CASC,123.60,125.01,197,F,20321,1.8253
8250,P2,CASC,123.75,125.04,197,F,20371,1.8124
8260,P2,CASC,123.90,127.46,195,F,20422,1.7768
8270,P2,CASC,124.05,125.01,197,F,20472,1.7672
8280,P2,CASC,124.20,125.01,198,F,20522,1.7590
8290,P2,CASC,124.35,124.96,198,F,20572,1.7529
8300,P2,CASC,124.50,125.04,198,F,20622,1.7475
8310,P2,CASC,124.65,125.00,198,F,20672,1.7440
8320,P2,CASC,124.80,127.46,197,F,20723,1.7174
8330,P2,CASC,124.95,130.03,195,F,20775,1.6667
8340,P2,CASC,125.10,127.49,197,F,20826,1.6428
8350,P2,CASC,125.25,127.44,197,F,20877,1.6209
8360,P2,CASC,125.40,122.56,200,F,20926,1.6493
8370,P2,CASC,125.55,122.52,200,F,20975,1.6796
8380,P2,CASC,125.70,122.51,201,F,21024,1.7114
8390,P2,CASC,125.85,127.45,198,F,21075,1.6954
8400,P2,CASC,126.00,122.52,201,F,21124,1.7302
8410,P2,CASC,126.15,124.98,201,F,21174,1.7420
8420,P2,CASC,126.30,125.01,201,F,21224,1.7548
8430,P2,CASC,126.45,125.00,201,F,21274,1.7693
8440,P2,CASC,126.60,127.53,199,F,21325,1.7601
8450,P2,CASC,126.75,132.47,195,F,21378,1.7028
8460,P2,CASC,126.90,125.00,201,F,21428,1.7218
8470,P2,CASC,127.05,127.50,200,F,21479,1.7173
8480,P2,CASC,127.20,125.03,201,F,21529,1.7391
8490,P2,CASC,127.35,125.01,202,F,21579,1.7625
8500,P2,CASC,127.50,122.50,203,F,21628,1.8125
8510,P2,CASC,127.65,127.49,201,F,21679,1.8141
8520,P2,CASC,127.80,127.49,202,F,21730,1.8172
8530,P2,CASC,127.95,129.97,199,F,21782,1.7970
8540,P2,CASC,128.10,129.95,199,F,21834,1.7785
8550,P2,CASC,128.25,132.57,198,F,21887,1.7353
8560,P2,CASC,128.40,132.50,198,F,21940,1.6943
8570,P2,CASC,128.55,132.54,198,F,21993,1.6544
8580,P2,CASC,128.70,132.49,198,F,22046,1.6166
8590,P2,CASC,128.85,132.46,198,F,22099,1.5805
8600,P2,CASC,129.00,127.54,202,F,22150,1.5951
8610,P2,CASC,129.15,129.96,200,F,22202,1.5870
8620,P2,CASC,129.30,130.03,201,F,22254,1.5797
8630,P2,CASC,129.45,132.53,199,F,22307,1.5489
8640,P2,CASC,129.60,134.97,197,F,22361,1.4952
8650,P2,CASC,129.75,140.00,193,F,22417,1.3927
8660,P2,CASC,129.90,127.49,202,F,22468,1.4168
8670,P2,CASC,130.05,119.99,205,F,22516,1.5175
8680,P2,CASC,130.20,132.54,200,F,22569,1.4941
8690,P2,CASC,130.35,132.49,200,F,22622,1.4727
8700,P2,CASC,130.50,132.51,200,F,22675,1.4526
8710,P2,CASC,130.65,132.51,200,F,22728,1.4339
8720,P2,CASC,130.80,132.50,200,F,22781,1.4169
8730,P2,CASC,130.95,132.50,201,F,22834,1.4014
8740,P2,CASC,131.10,132.47,201,F,22887,1.3877
8750,P2,CASC,131.25,132.49,201,F,22940,1.3753
8760,P2,CASC,131.40,132.53,201,F,22993,1.3641
8770,P2,CASC,131.55,132.51,201,F,23046,1.3544
8780,P2,CASC,131.70,134.99,199,F,23100,1.3216
8790,P2,CASC,131.85,132.50,202,F,23153,1.3151
8800,P2,CASC,132.00,137.51,198,F,23208,1.2599
8810,P2,CASC,132.15,132.50,202,F,23261,1.2564
8820,P2,CASC,132.30,132.49,202,F,23314,1.2546
8830,P2,CASC,132.45,129.99,204,F,23366,1.2792
8840,P2,CASC,132.60,130.01,204,F,23418,1.3051
8850,P2,CASC,132.75,132.50,203,F,23471,1.3076
8860,P2,CASC,132.90,129.97,204,F,23523,1.3368
8870,P2,CASC,133.05,132.53,204,F,23576,1.3421
8880,P2,CASC,133.20,132.50,204,F,23629,1.3491
8890,P2,CASC,133.35,132.47,204,F,23682,1.3578
8900,P2,CASC,133.50,132.51,204,F,23735,1.3677
8910,P2,CASC,133.65,137.53,200,F,23790,1.3289
8920,P2,CASC,133.80,134.97,202,F,23844,1.3172
8930,P2,CASC,133.95,132.53,204,F,23897,1.3314
8940,P2,CASC,134.10,129.99,205,F,23949,1.3726
8950,P2,CASC,134.25,130.01,206,F,24001,1.4149
8960,P2,CASC,134.40,132.47,205,F,24054,1.4342
8970,P2,CASC,134.55,135.01,204,F,24108,1.4296
8980,P2,CASC,134.70,134.97,204,F,24162,1.4268
8990,P2,CASC,134.85,135.00,204,F,24216,1.4253
9000,P2,CASC,135.00,140.04,200,F,24272,1.3749
9010,P2,CASC,135.15,137.46,203,F,24327,1.3518
9020,P2,CASC,135.30,142.50,199,F,24384,1.2798
9030,P2,CASC,135.45,140.01,201,F,24440,1.2342
9040,P2,CASC,135.60,137.53,203,F,24495,1.2149
9050,P2,CASC,135.75,134.96,205,F,24549,1.2228
9060,P2,CASC,135.90,137.42,203,F,24604,1.2076
9070,P2,CASC,136.05,137.51,203,F,24659,1.1930
9080,P2,CASC,136.20,137.57,204,F,24714,1.1793
9090,P2,CASC,136.35,147.54,196,F,24773,1.0674
9100,P2,CASC,136.50,139.97,202,F,24829,1.0326
9110,P2,CASC,136.65,134.99,205,F,24883,1.0493
9120,P2,CASC,136.80,125.01,209,F,24933,1.1672
9130,P2,CASC,136.95,140.03,203,F,24989,1.1364
9140,P2,CASC,137.10,137.46,205,F,25044,1.1328
9150,P2,CASC,137.25,142.49,201,F,25101,1.0804
9160,P2,CASC,137.40,140.06,203,F,25157,1.0539
9170,P2,CASC,137.55,139.99,203,F,25213,1.0295
9180,P2,CASC,137.70,139.90,203,F,25269,1.0075
9190,P2,CASC,137.85,137.60,206,F,25324,1.0100
9200,P2,CASC,138.00,137.47,206,F,25379,1.0153
9210,P2,CASC,138.15,140.00,204,F,25435,0.9968
9220,P2,CASC,138.30,139.99,204,F,25491,0.9799
9230,P2,CASC,138.45,140.04,204,F,25547,0.9640
9240,P2,CASC,138.60,145.01,200,F,25605,0.8999
9250,P2,CASC,138.75,137.47,206,F,25660,0.9126
9260,P2,CASC,138.90,140.00,205,F,25716,0.9016
9270,P2,CASC,139.05,137.51,207,F,25771,0.9170
9280,P2,CASC,139.20,135.01,208,F,25825,0.9589
9290,P2,CASC,139.35,139.99,206,F,25881,0.9525
9300,P2,CASC,139.50,137.46,207,F,25936,0.9729
9310,P2,CASC,139.65,140.06,206,F,25992,0.9689
9320,P2,CASC,139.80,137.50,207,F,26047,0.9919
9330,P2,CASC,139.95,139.99,206,F,26103,0.9915
9340,P2,CASC,140.10,142.49,205,F,26160,0.9676
9350,P2,CASC,140.25,142.53,205,F,26217,0.9449
9360,P2,CASC,140.40,139.96,207,F,26273,0.9493
9370,P2,CASC,140.55,135.00,209,F,26327,1.0048
9380,P2,CASC,140.70,137.54,208,F,26382,1.0364
9390,P2,CASC,140.85,137.46,209,F,26437,1.0703
9400,P2,CASC,141.00,140.04,208,F,26493,1.0799
9410,P2,CASC,141.15,142.49,206,F,26550,1.0665
9420,P2,CASC,141.30,142.49,207,F,26607,1.0546
9430,P2,CASC,141.45,144.97,205,F,26665,1.0194
9440,P2,CASC,141.60,145.01,205,F,26723,0.9853
9450,P2,CASC,141.75,149.99,201,F,26783,0.9029
9460,P2,CASC,141.90,145.03,205,F,26841,0.8717
9470,P2,CASC,142.05,145.01,205,F,26899,0.8420
9480,P2,CASC,142.20,140.00,209,F,26955,0.8640
9490,P2,CASC,142.35,142.47,208,F,27012,0.8628
9500,P2,CASC,142.50,145.00,206,F,27070,0.8378
9510,P2,CASC,142.65,147.51,204,F,27129,0.7891
9520,P2,CASC,142.80,157.50,196,F,27192,0.6421
9530,P2,CASC,142.95,142.50,208,F,27249,0.6466
9540,P2,CASC,143.10,137.49,210,F,27304,0.7028
9550,P2,CASC,143.25,137.49,210,F,27359,0.7604
9560,P2,CASC,143.40,145.01,207,F,27417,0.7443
9570,P2,CASC,143.55,147.51,205,F,27476,0.7046
9580,P2,CASC,143.70,145.01,207,F,27534,0.6915
9590,P2,CASC,143.85,147.51,205,F,27593,0.6548
9600,P2,CASC,144.00,144.96,208,F,27651,0.6453
9610,P2,CASC,144.15,145.04,208,F,27709,0.6363
9620,P2,CASC,144.30,144.99,208,F,27767,0.6295
9630,P2,CASC,144.45,145.00,208,F,27825,0.6240
9640,P2,CASC,144.60,147.47,206,F,27884,0.5953
9650,P2,CASC,144.75,147.53,206,F,27943,0.5675
9660,P2,CASC,144.90,150.01,205,F,28003,0.5163
9670,P2,CASC,145.05,144.96,209,F,28061,0.5173
9680,P2,CASC,145.20,145.04,209,F,28119,0.5188
9690,P2,CASC,145.35,144.96,209,F,28177,0.5228
9700,P2,CASC,145.50,142.50,210,F,28234,0.5528
9710,P2,CASC,145.65,145.00,209,F,28292,0.5593
9720,P2,CASC,145.80,142.54,210,F,28349,0.5918
9730,P2,CASC,145.95,144.96,210,F,28407,0.6018
9740,P2,CASC,146.10,145.03,210,F,28465,0.6125
9750,P2,CASC,146.25,144.96,210,F,28523,0.6254
9760,P2,CASC,146.40,150.06,207,F,28583,0.5888
9770,P2,CASC,146.55,144.99,210,F,28641,0.6045
9780,P2,CASC,146.70,147.41,209,F,28700,0.5973
9790,P2,CASC,146.85,142.51,212,F,28757,0.6407
9800,P2,CASC,147.00,140.06,213,F,28813,0.7101
9810,P2,CASC,147.15,147.41,210,F,28872,0.7075
9820,P2,CASC,147.30,145.12,211,F,28930,0.7294
9830,P2,CASC,147.45,149.94,209,F,28990,0.7045
9840,P2,CASC,147.60,147.51,211,F,29049,0.7053
9850,P2,CASC,147.75,152.50,207,F,29110,0.6578
9860,P2,CASC,147.90,157.50,203,F,29173,0.5618
9870,P2,CASC,148.05,150.00,209,F,29233,0.5423
9880,P2,CASC,148.20,152.55,207,F,29294,0.4989
9890,P2,CASC,148.35,147.49,211,F,29353,0.5075
9900,P2,CASC,148.50,147.49,211,F,29412,0.5177
9910,P2,CASC,148.65,149.97,210,F,29472,0.5045
9920,P2,CASC,148.80,155.05,206,F,29534,0.4420
9930,P2,CASC,148.95,162.44,200,F,29599,0.3071
9940,P2,CASC,149.10,147.56,211,F,29658,0.3226
9950,P2,CASC,149.25,139.99,214,F,29714,0.4152
9960,P2,CASC,149.40,147.53,212,F,29773,0.4339
9970,P2,CASC,149.55,150.00,211,F,29833,0.4294
9980,P2,CASC,149.70,152.48,209,F,29894,0.4015
9990,P2,CASC,149.85,152.47,209,F,29955,0.3754
10000,P2,CASC,150.00,152.50,209,F,30016,0.3504
10010,P2,CASC,150.00,152.52,209,F,30077,0.3252
10020,P2,CASC,150.00,150.00,211,F,30137,0.3252
10030,P2,CASC,150.00,152.52,209,F,30198,0.3000
10040,P2,CASC,150.00,149.97,211,F,30258,0.3003
10050,P2,CASC,150.00,152.53,209,F,30319,0.2750
10060,P2,CASC,150.00,157.48,205,F,30382,0.2002
10070,P2,CASC,150.00,150.00,211,F,30442,0.2002
10080,P2,CASC,150.00,152.52,209,F,30503,0.1750
10090,P2,CASC,150.00,147.49,212,F,30562,0.2002
10100,P2,CASC,150.00,150.01,211,F,30622,0.2000
10110,P2,CASC,150.00,149.97,211,F,30682,0.2003
10120,P2,CASC,150.00,147.54,212,F,30741,0.2249
10130,P2,CASC,150.00,149.97,211,F,30801,0.2252
10140,P2,CASC,150.00,147.53,212,F,30860,0.2499
10150,P2,CASC,150.00,150.00,211,F,30920,0.2499
10160,P2,CASC,150.00,154.97,207,F,30982,0.2002
10170,P2,CASC,150.00,149.96,211,F,31042,0.2007
10180,P2,CASC,150.00,147.56,212,F,31101,0.2251
10190,P2,CASC,150.00,147.51,212,F,31160,0.2499
10200,P2,CASC,150.00,144.96,213,F,31218,0.3004
10210,P2,CASC,150.00,150.03,211,F,31278,0.3001
10220,P2,CASC,150.00,147.46,212,F,31337,0.3255
10230,P2,CASC,150.00,152.56,209,F,31398,0.2999
10240,P2,CASC,150.00,152.50,209,F,31459,0.2749
10250,P2,CASC,150.00,155.00,207,F,31521,0.2249
10260,P2,CASC,150.00,157.47,205,F,31584,0.1502
10270,P2,CASC,150.00,155.03,207,F,31646,0.0999
10280,P2,CASC,150.00,152.48,209,F,31707,0.0751
10290,P2,CASC,150.00,149.97,211,F,31767,0.0754
10300,P2,CASC,150.00,150.05,211,F,31827,0.0749
10310,P2,CASC,150.00,152.48,209,F,31888,0.0501
10320,P2,CASC,150.00,157.42,205,F,31951,-0.0242
10330,P2,CASC,150.00,160.06,202,F,32015,-0.1248
10340,P2,CASC,150.00,147.49,211,F,32074,-0.0996
10350,P2,CASC,150.00,142.50,213,F,32131,-0.0246
10360,P2,CASC,150.00,145.03,212,F,32189,0.0251
10370,P2,CASC,150.00,152.52,209,F,32250,-0.0001
10380,P2,CASC,150.00,155.00,207,F,32312,-0.0501
10390,P2,CASC,150.00,152.44,208,F,32373,-0.0745
10400,P2,CASC,150.00,152.52,208,F,32434,-0.0996
10410,P2,CASC,150.00,150.05,210,F,32494,-0.1001
10420,P2,CASC,150.00,147.44,211,F,32553,-0.0745
10430,P2,CASC,150.00,152.53,208,F,32614,-0.0998
10440,P2,CASC,150.00,150.01,210,F,32674,-0.0999
10450,P2,CASC,150.00,152.52,208,F,32735,-0.1251
10460,P2,CASC,150.00,154.97,206,F,32797,-0.1748
10470,P2,CASC,150.00,150.00,210,F,32857,-0.1748
10480,P2,CASC,150.00,149.97,210,F,32917,-0.1745
10490,P2,CASC,150.00,147.54,211,F,32976,-0.1499
10500,P2,CASC,150.00,147.51,211,F,33035,-0.1251
10510,P2,CASC,150.00,149.96,210,F,33095,-0.1246
10520,P2,CASC,150.00,145.04,212,F,33153,-0.0751
10530,P2,CASC,150.00,149.96,210,F,33213,-0.0746
10540,P2,CASC,150.00,147.43,211,F,33272,-0.0489
10550,P2,CASC,150.00,147.56,211,F,33331,-0.0245
10560,P2,CASC,150.00,152.50,208,F,33392,-0.0495
10570,P2,CASC,150.00,150.06,210,F,33452,-0.0501
10580,P2,CASC,150.00,147.47,211,F,33511,-0.0248
10590,P2,CASC,150.00,145.00,212,F,33569,0.0252
10600,P2,CASC,150.00,142.49,213,F,33626,0.1004
10610,P2,CASC,150.00,149.99,211,F,33686,0.1005
10620,P2,CASC,150.00,147.54,212,F,33745,0.1251
10630,P2,CASC,150.00,152.48,209,F,33806,0.1002
10640,P2,CASC,150.00,152.47,209,F,33867,0.0755
10650,P2,CASC,150.00,152.53,209,F,33928,0.0502
10660,P2,CASC,150.00,157.50,205,F,33991,-0.0248
10670,P2,CASC,150.00,152.53,208,F,34052,-0.0501
10680,P2,CASC,150.00,152.50,208,F,34113,-0.0751
10690,P2,CASC,150.00,149.97,210,F,34173,-0.0748
10700,P2,CASC,150.00,150.01,210,F,34233,-0.0749
10710,P2,CASC,150.00,149.97,210,F,34293,-0.0746
10720,P2,CASC,150.00,160.05,202,F,34357,-0.1751
10730,P2,CASC,150.00,157.48,204,F,34420,-0.2500
10740,P2,CASC,150.00,142.47,212,F,34477,-0.1747
10750,P2,CASC,150.00,139.99,213,F,34533,-0.0745
10760,P2,CASC,150.00,155.02,206,F,34595,-0.1247
10770,P2,CASC,150.00,150.00,210,F,34655,-0.1247
10780,P2,CASC,150.00,152.52,208,F,34716,-0.1498
10790,P2,CASC,150.00,152.50,208,F,34777,-0.1748
10800,P2,CASC,150.00,150.00,210,F,34837,-0.1748
10810,P2,CASC,150.00,149.99,210,F,34897,-0.1747
10820,P2,CASC,150.00,149.96,210,F,34957,-0.1742
10830,P2,CASC,150.00,150.05,210,F,35017,-0.1747
10840,P2,CASC,150.00,150.05,210,F,35077,-0.1751
10850,P2,CASC,150.00,152.45,208,F,35138,-0.1997
10860,P2,CASC,150.00,155.03,206,F,35200,-0.2500
10870,P2,CASC,150.00,149.97,210,F,35260,-0.2497
10880,P2,CASC,150.00,150.05,210,F,35320,-0.2501
10890,P2,CASC,150.00,147.49,211,F,35379,-0.2250
10900,P2,CASC,150.00,147.50,211,F,35438,-0.2000
10910,P2,CASC,150.00,147.49,211,F,35497,-0.1748
10920,P2,CASC,150.00,147.50,211,F,35556,-0.1498
10930,P2,CASC,150.00,147.51,211,F,35615,-0.1250
10940,P2,CASC,150.00,147.47,211,F,35674,-0.0997
10950,P2,CASC,150.00,150.03,210,F,35734,-0.1000
10960,P2,CASC,150.00,152.47,208,F,35795,-0.1247
10970,P2,CASC,150.00,149.99,210,F,35855,-0.1245
10980,P2,CASC,150.00,145.01,212,F,35913,-0.0747
10990,P2,CASC,150.00,145.04,212,F,35971,-0.0251
11000,P2,CASC,150.00,144.96,212,F,36029,0.0253
11010,P2,CASC,150.00,150.05,211,F,36089,0.0249
11020,P2,CASC,150.00,147.47,211,F,36148,0.0502
11030,P2,CASC,150.00,152.45,209,F,36209,0.0256
11040,P2,CASC,150.00,152.56,209,F,36270,0.0000
11050,P2,CASC,150.00,152.47,209,F,36331,-0.0247
11060,P2,CASC,150.00,157.52,204,F,36394,-0.0998
11070,P2,CASC,150.00,152.47,208,F,36455,-0.1245
11080,P2,CASC,150.00,152.56,208,F,36516,-0.1502
11090,P2,CASC,150.00,149.99,210,F,36576,-0.1500
11100,P2,CASC,150.00,147.49,211,F,36635,-0.1249
11110,P2,CASC,150.00,152.48,208,F,36696,-0.1497
11120,P2,CASC,150.00,160.00,202,F,36760,-0.2497
11130,P2,CASC,150.00,157.48,204,F,36823,-0.3245
11140,P2,CASC,150.00,145.01,211,F,36881,-0.2747
11150,P2,CASC,150.00,140.01,213,F,36937,-0.1748
11160,P2,CASC,150.00,150.00,210,F,36997,-0.1748
11170,P2,CASC,150.00,149.99,210,F,37057,-0.1747
11180,P2,CASC,150.00,152.53,208,F,37118,-0.2000
11190,P2,CASC,150.00,152.45,208,F,37179,-0.2245
11200,P2,CASC,150.00,150.01,210,F,37239,-0.2247
11210,P2,CASC,150.00,152.50,208,F,37300,-0.2497
11220,P2,CASC,150.00,147.51,211,F,37359,-0.2248
11230,P2,CASC,150.00,150.03,210,F,37419,-0.2251
11240,P2,CASC,150.00,152.44,208,F,37480,-0.2495
11250,P2,CASC,150.00,152.53,208,F,37541,-0.2748
11260,P2,CASC,150.00,154.98,206,F,37603,-0.3247
11270,P2,CASC,150.00,150.01,210,F,37663,-0.3248
11280,P2,CASC,150.00,150.03,210,F,37723,-0.3251
11290,P2,CASC,150.00,147.50,210,F,37782,-0.3001
11300,P2,CASC,150.00,147.50,210,F,37841,-0.2751
11310,P2,CASC,150.00,147.49,211,F,37900,-0.2500
11320,P2,CASC,150.00,147.49,211,F,37959,-0.2248
11330,P2,CASC,150.00,147.49,211,F,38018,-0.1997
11340,P2,CASC,150.00,147.50,211,F,38077,-0.1747
11350,P2,CASC,150.00,147.53,211,F,38136,-0.1500
11360,P2,CASC,150.00,155.02,206,F,38198,-0.2001
11370,P2,CASC,150.00,147.49,211,F,38257,-0.1750
11380,P2,CASC,150.00,147.50,211,F,38316,-0.1500
11390,P2,CASC,150.00,145.01,212,F,38374,-0.1001
11400,P2,CASC,150.00,142.50,213,F,38431,-0.0251
11410,P2,CASC,150.00,149.96,210,F,38491,-0.0247
11420,P2,CASC,150.00,149.94,210,F,38551,-0.0241
11430,P2,CASC,150.00,150.09,210,F,38611,-0.0250
11440,P2,CASC,150.00,152.47,208,F,38672,-0.0497
11450,P2,CASC,150.00,152.55,208,F,38733,-0.0751
11460,P2,CASC,150.00,157.44,204,F,38796,-0.1495
11470,P2,CASC,150.00,152.56,208,F,38857,-0.1751
11480,P2,CASC,150.00,149.97,210,F,38917,-0.1748
11490,P2,CASC,150.00,150.03,210,F,38977,-0.1751
11500,P2,CASC,150.00,149.91,210,F,39037,-0.1742
11510,P2,CASC,150.00,150.09,210,F,39097,-0.1751
11520,P2,CASC,150.00,154.98,206,F,39159,-0.2250
11530,P2,CASC,150.00,162.48,200,F,39224,-0.3498
11540,P2,CASC,150.00,145.03,211,F,39282,-0.3001
11550,P2,CASC,150.00,140.00,213,F,39338,-0.2001
11560,P2,CASC,150.00,152.48,208,F,39399,-0.2249
11570,P2,CASC,150.00,152.52,208,F,39460,-0.2501
11580,P2,CASC,150.00,149.94,210,F,39520,-0.2495
11590,P2,CASC,150.00,152.52,208,F,39581,-0.2746
11600,P2,CASC,150.00,150.00,210,F,39641,-0.2746
11610,P2,CASC,150.00,152.55,208,F,39702,-0.3001
11620,P2,CASC,150.00,147.46,210,F,39761,-0.2746
11630,P2,CASC,150.00,150.00,210,F,39821,-0.2746
11640,P2,CASC,150.00,152.53,208,F,39882,-0.3000
11650,P2,CASC,150.00,152.48,208,F,39943,-0.3248
11660,P2,CASC,150.00,155.02,206,F,40005,-0.3750
11670,P2,CASC,150.00,150.01,210,F,40065,-0.3751
11680,P2,CASC,150.00,150.00,210,F,40125,-0.3751
11690,P2,CASC,150.00,147.50,210,F,40184,-0.3501
11700,P2,CASC,150.00,144.97,211,F,40242,-0.2998
11710,P2,CASC,150.00,150.03,210,F,40302,-0.3001
11720,P2,CASC,150.00,145.00,211,F,40360,-0.2501
11730,P2,CASC,150.00,150.00,210,F,40420,-0.2501
11740,P2,CASC,150.00,147.49,211,F,40479,-0.2250
11750,P2,CASC,150.00,147.47,211,F,40538,-0.1997
11760,P2,CASC,150.00,152.50,208,F,40599,-0.2247
11770,P2,CASC,150.00,150.01,210,F,40659,-0.2248
11780,P2,CASC,150.00,145.03,211,F,40717,-0.1751
11790,P2,CASC,150.00,144.99,212,F,40775,-0.1250
11800,P2,CASC,150.00,142.46,213,F,40832,-0.0495
11810,P2,CASC,150.00,150.05,210,F,40892,-0.0500
11820,P2,CASC,150.00,150.01,210,F,40952,-0.0501
11830,P2,CASC,150.00,149.97,210,F,41012,-0.0498
11840,P2,CASC,150.00,152.52,208,F,41073,-0.0750
11850,P2,CASC,150.00,154.95,206,F,41135,-0.1245
11860,P2,CASC,150.00,155.05,206,F,41197,-0.1750
11870,P2,CASC,150.00,152.50,208,F,41258,-0.2000
11880,P2,CASC,150.00,149.99,210,F,41318,-0.1998
11890,P2,CASC,150.00,150.01,210,F,41378,-0.2000
11900,P2,CASC,150.00,149.99,210,F,41438,-0.1998
11910,P2,CASC,150.00,152.48,208,F,41499,-0.2247
11920,P2,CASC,150.00,159.98,202,F,41563,-0.3245
11930,P2,CASC,150.00,155.05,206,F,41625,-0.3750
11940,P2,CASC,150.00,144.99,211,F,41683,-0.3248
11950,P2,CASC,150.00,140.00,213,F,41739,-0.2248
11960,P2,CASC,150.00,152.47,208,F,41800,-0.2495
11970,P2,CASC,150.00,152.53,208,F,41861,-0.2748
11980,P2,CASC,150.00,150.00,210,F,41921,-0.2748
11990,P2,CASC,150.00,152.53,208,F,41982,-0.3002
12000,P2,CASC,150.00,149.97,210,F,42042,-0.2999
12010,P2,CASC,150.00,152.53,208,F,42103,-0.3252
12020,P2,CASC,150.00,150.00,210,F,42163,-0.3252
12030,P2,CASC,150.00,149.96,210,F,42223,-0.3247
12040,P2,CASC,150.00,152.41,208,F,42284,-0.3488
12050,P2,CASC,150.00,150.14,210,F,42344,-0.3501
12060,P2,CASC,150.00,155.00,206,F,42406,-0.4001
12070,P2,CASC,150.00,152.48,208,F,42467,-0.4250
12080,P2,CASC,150.00,147.47,210,F,42526,-0.3997
12090,P2,CASC,150.00,147.50,210,F,42585,-0.3747
12100,P2,CASC,150.00,147.50,210,F,42644,-0.3497
12110,P2,CASC,150.00,147.53,210,F,42703,-0.3250
12120,P2,CASC,150.00,147.49,210,F,42762,-0.2998
12130,P2,CASC,150.00,147.49,210,F,42821,-0.2747
12140,P2,CASC,150.00,147.49,211,F,42880,-0.2496
12150,P2,CASC,150.00,147.51,211,F,42939,-0.2247
12160,P2,CASC,150.00,152.52,208,F,43000,-0.2499
12170,P2,CASC,150.00,147.53,211,F,43059,-0.2251
12180,P2,CASC,150.00,144.99,211,F,43117,-0.1750
12190,P2,CASC,150.00,145.00,212,F,43175,-0.1250
12200,P2,CASC,150.00,145.01,212,F,43233,-0.0751
12210,P2,CASC,150.00,147.47,211,F,43292,-0.0499
12220,P2,CASC,150.00,150.01,210,F,43352,-0.0500
12230,P2,CASC,150.00,150.01,210,F,43412,-0.0502
12240,P2,CASC,150.00,152.48,208,F,43473,-0.0750
12250,P2,CASC,150.00,152.48,208,F,43534,-0.0998
12260,P2,CASC,150.00,157.47,204,F,43597,-0.1745
12270,P2,CASC,150.00,152.56,208,F,43658,-0.2001
12280,P2,CASC,150.00,149.97,210,F,43718,-0.1998
12290,P2,CASC,150.00,150.03,210,F,43778,-0.2001
12300,P2,CASC,150.00,149.97,210,F,43838,-0.1998
12310,P2,CASC,150.00,152.48,208,F,43899,-0.2247
12320,P2,CASC,150.00,160.03,202,F,43963,-0.3250
12330,P2,CASC,150.00,154.95,206,F,44025,-0.3745
12340,P2,CASC,150.00,147.53,210,F,44084,-0.3498
12350,P2,CASC,150.00,137.50,213,F,44139,-0.2248
12360,P2,CASC,150.00,152.50,208,F,44200,-0.2498
12370,P2,CASC,150.00,152.50,208,F,44261,-0.2748
12380,P2,CASC,150.00,149.97,210,F,44321,-0.2745
12390,P2,CASC,150.00,152.55,208,F,44382,-0.3000
12400,P2,CASC,150.00,152.50,208,F,44443,-0.3250
12410,P2,CASC,150.00,152.50,208,F,44504,-0.3500
12420,P2,CASC,150.00,147.49,210,F,44563,-0.3249
12430,P2,CASC,150.00,150.00,210,F,44623,-0.3249
12440,P2,CASC,150.00,152.53,208,F,44684,-0.3502
12450,P2,CASC,150.00,152.45,208,F,44745,-0.3747
12460,P2,CASC,150.00,152.50,208,F,44806,-0.3997
12470,P2,CASC,150.00,150.03,209,F,44866,-0.4000
12480,P2,CASC,150.00,149.96,209,F,44926,-0.3995
12490,P2,CASC,150.00,147.56,210,F,44985,-0.3751
12500,P2,CASC,150.00,147.47,210,F,45044,-0.3498
12510,P2,CASC,150.00,147.49,210,F,45103,-0.3247
12520,P2,CASC,150.00,147.51,210,F,45162,-0.2998
12530,P2,CASC,150.00,147.51,210,F,45221,-0.2750
12540,P2,CASC,150.00,147.47,211,F,45280,-0.2497
12550,P2,CASC,150.00,147.49,211,F,45339,-0.2245
12560,P2,CASC,150.00,152.50,208,F,45400,-0.2495
12570,P2,CASC,150.00,147.54,211,F,45459,-0.2250
12580,P2,CASC,150.00,147.50,211,F,45518,-0.2000
12590,P2,CASC,150.00,144.96,212,F,45576,-0.1496
12600,P2,CASC,150.00,142.50,212,F,45633,-0.0746
12610,P2,CASC,150.00,150.06,210,F,45693,-0.0752
12620,P2,CASC,150.00,147.46,211,F,45752,-0.0497
12630,P2,CASC,150.00,150.00,210,F,45812,-0.0497
12640,P2,CASC,150.00,152.48,208,F,45873,-0.0746
12650,P2,CASC,150.00,155.02,206,F,45935,-0.1247
12660,P2,CASC,150.00,155.03,206,F,45997,-0.1750
12670,P2,CASC,150.00,152.52,208,F,46058,-0.2002
12680,P2,CASC,150.00,149.99,210,F,46118,-0.2000
12690,P2,CASC,150.00,149.99,210,F,46178,-0.1999
12700,P2,CASC,150.00,150.00,210,F,46238,-0.1999
12710,P2,CASC,150.00,152.48,208,F,46299,-0.2247
12720,P2,CASC,150.00,160.02,202,F,46363,-0.3249
12730,P2,CASC,150.00,154.98,206,F,46425,-0.3747
12740,P2,CASC,150.00,145.03,211,F,46483,-0.3250
12750,P2,CASC,150.00,137.50,214,F,46538,-0.2000
12760,P2,CASC,150.00,152.52,208,F,46599,-0.2252
12770,P2,CASC,150.00,152.50,208,F,46660,-0.2502
12780,P2,CASC,150.00,149.96,210,F,46720,-0.2497
12790,P2,CASC,150.00,152.50,208,F,46781,-0.2747
12800,P2,CASC,150.00,150.00,210,F,46841,-0.2747
12810,P2,CASC,150.00,152.48,208,F,46902,-0.2996
12820,P2,CASC,150.00,150.01,210,F,46962,-0.2997
12830,P2,CASC,150.00,147.53,210,F,47021,-0.2750
12840,P2,CASC,150.00,152.47,208,F,47082,-0.2997
12850,P2,CASC,150.00,152.55,208,F,47143,-0.3252
12860,P2,CASC,150.00,155.00,206,F,47205,-0.3752
12870,P2,CASC,150.00,150.00,210,F,47265,-0.3752
12880,P2,CASC,150.00,147.47,210,F,47324,-0.3499
12890,P2,CASC,150.00,147.49,210,F,47383,-0.3247
12900,P2,CASC,150.00,147.50,210,F,47442,-0.2997
12910,P2,CASC,150.00,147.51,210,F,47501,-0.2749
12920,P2,CASC,150.00,147.49,211,F,47560,-0.2497
12930,P2,CASC,150.00,145.00,211,F,47618,-0.1997
12940,P2,CASC,150.00,147.51,211,F,47677,-0.1749
12950,P2,CASC,150.00,149.99,210,F,47737,-0.1747
12960,P2,CASC,150.00,152.53,208,F,47798,-0.2000
12970,P2,CASC,150.00,147.50,211,F,47857,-0.1750
12980,P2,CASC,150.00,147.51,211,F,47916,-0.1502
12990,P2,CASC,150.00,144.91,212,F,47974,-0.0993
13000,P2,CASC,150.00,142.59,213,F,48031,-0.0252
13010,P2,CASC,150.00,150.00,210,F,48091,-0.0252
13020,P2,CASC,150.00,147.46,211,F,48150,0.0003
13030,P2,CASC,150.00,150.03,210,F,48210,-0.0000
13040,P2,CASC,150.00,155.00,207,F,48272,-0.0500
13050,P2,CASC,150.00,152.48,208,F,48333,-0.0749
13060,P2,CASC,150.00,157.48,204,F,48396,-0.1497
13070,P2,CASC,150.00,152.50,208,F,48457,-0.1747
13080,P2,CASC,150.00,150.01,210,F,48517,-0.1749
13090,P2,CASC,150.00,149.97,210,F,48577,-0.1746
13100,P2,CASC,150.00,150.03,210,F,48637,-0.1749
13110,P2,CASC,150.00,152.53,208,F,48698,-0.2002
13120,P2,CASC,150.00,159.98,202,F,48762,-0.3000
13130,P2,CASC,150.00,157.45,204,F,48825,-0.3745
13140,P2,CASC,150.00,142.51,212,F,48882,-0.2997
13150,P2,CASC,150.00,140.03,213,F,48938,-0.2000
13160,P2,CASC,150.00,152.48,208,F,48999,-0.2248
13170,P2,CASC,150.00,152.48,208,F,49060,-0.2497
13180,P2,CASC,150.00,150.05,210,F,49120,-0.2501
13190,P2,CASC,150.00,152.47,208,F,49181,-0.2748
13200,P2,CASC,150.00,150.00,210,F,49241,-0.2748
13210,P2,CASC,150.00,152.53,208,F,49302,-0.3001
13220,P2,CASC,150.00,150.00,210,F,49362,-0.3001
13230,P2,CASC,150.00,147.44,210,F,49421,-0.2745
13240,P2,CASC,150.00,152.52,208,F,49482,-0.2997
13250,P2,CASC,150.00,152.55,208,F,49543,-0.3251
13260,P2,CASC,150.00,155.00,206,F,49605,-0.3751
13270,P2,CASC,150.00,149.97,209,F,49665,-0.3748
13280,P2,CASC,150.00,150.00,210,F,49725,-0.3748
13290,P2,CASC,150.00,145.01,211,F,49783,-0.3250
13300,P2,CASC,150.00,147.47,210,F,49842,-0.2997
13310,P2,CASC,150.00,150.05,210,F,49902,-0.3001
13320,P2,CASC,150.00,144.94,211,F,49960,-0.2495
13330,P2,CASC,150.00,147.53,211,F,50019,-0.2248
13340,P2,CASC,150.00,147.53,211,F,50078,-0.2001
13350,P2,CASC,150.00,147.47,211,F,50137,-0.1748
13360,P2,CASC,150.00,152.50,208,F,50198,-0.1998
13370,P2,CASC,150.00,150.01,210,F,50258,-0.2000
13380,P2,CASC,150.00,145.00,212,F,50316,-0.1500
13390,P2,CASC,150.00,145.01,212,F,50374,-0.1001
13400,P2,CASC,150.00,144.97,212,F,50432,-0.0498
13410,P2,CASC,150.00,150.01,210,F,50492,-0.0500
13420,P2,CASC,150.00,147.49,211,F,50551,-0.0248
13430,P2,CASC,150.00,150.03,210,F,50611,-0.0251
13440,P2,CASC,150.00,154.98,206,F,50673,-0.0750
13450,P2,CASC,150.00,152.50,208,F,50734,-0.1000
13460,P2,CASC,150.00,157.52,204,F,50797,-0.1751
13470,P2,CASC,150.00,152.45,208,F,50858,-0.1997
13480,P2,CASC,150.00,149.99,210,F,50918,-0.1995
13490,P2,CASC,150.00,150.00,210,F,50978,-0.1995
13500,P2,CASC,150.00,147.50,211,F,51037,-0.1745
13510,P2,CASC,150.00,152.52,208,F,51098,-0.1997
13520,P2,CASC,150.00,160.00,202,F,51162,-0.2997
13530,P2,CASC,150.00,157.48,204,F,51225,-0.3745
13540,P2,CASC,150.00,144.96,211,F,51283,-0.3241
13550,P2,CASC,150.00,137.54,214,F,51338,-0.1995
13560,P2,CASC,150.00,152.53,208,F,51399,-0.2248
13570,P2,CASC,150.00,152.53,208,F,51460,-0.2501
13580,P2,CASC,150.00,149.99,210,F,51520,-0.2500
13590,P2,CASC,150.00,152.50,208,F,51581,-0.2750
13600,P2,CASC,150.00,150.00,210,F,51641,-0.2750
13610,P2,CASC,150.00,152.45,208,F,51702,-0.2995
13620,P2,CASC,150.00,147.51,210,F,51761,-0.2747
13630,P2,CASC,150.00,149.99,210,F,51821,-0.2745
13640,P2,CASC,150.00,152.47,208,F,51882,-0.2992
13650,P2,CASC,150.00,150.09,210,F,51942,-0.3001
13660,P2,CASC,150.00,155.00,206,F,52004,-0.3501
13670,P2,CASC,150.00,150.00,210,F,52064,-0.3501
13680,P2,CASC,150.00,149.96,210,F,52124,-0.3497
13690,P2,CASC,150.00,147.50,210,F,52183,-0.3247
13700,P2,CASC,150.00,145.01,211,F,52241,-0.2748
13710,P2,CASC,150.00,150.00,210,F,52301,-0.2748
13720,P2,CASC,150.00,144.97,211,F,52359,-0.2245
13730,P2,CASC,150.00,147.53,211,F,52418,-0.1998
13740,P2,CASC,150.00,147.50,211,F,52477,-0.1748
13750,P2,CASC,150.00,147.49,211,F,52536,-0.1497
13760,P2,CASC,150.00,152.52,208,F,52597,-0.1748
13770,P2,CASC,150.00,150.03,210,F,52657,-0.1751
13780,P2,CASC,150.00,144.97,212,F,52715,-0.1248
13790,P2,CASC,150.00,145.01,212,F,52773,-0.0750
13800,P2,CASC,150.00,144.96,212,F,52831,-0.0245
13810,P2,CASC,150.00,150.03,210,F,52891,-0.0248
13820,P2,CASC,150.00,147.49,211,F,52950,0.0003
13830,P2,CASC,150.00,150.03,210,F,53010,0.0000
13840,P2,CASC,150.00,152.47,209,F,53071,-0.0247
13850,P2,CASC,150.00,155.03,206,F,53133,-0.0750
13860,P2,CASC,150.00,155.02,206,F,53195,-0.1251
13870,P2,CASC,150.00,152.45,208,F,53256,-0.1497
13880,P2,CASC,150.00,150.05,210,F,53316,-0.1501
13890,P2,CASC,150.00,149.94,210,F,53376,-0.1495
13900,P2,CASC,150.00,150.06,210,F,53436,-0.1501
13910,P2,CASC,150.00,152.47,208,F,53497,-0.1748
13920,P2,CASC,150.00,157.52,204,F,53560,-0.2500
13930,P2,CASC,150.00,157.50,204,F,53623,-0.3250
13940,P2,CASC,150.00,145.01,211,F,53681,-0.2751
13950,P2,CASC,150.00,139.96,213,F,53737,-0.1747
13960,P2,CASC,150.00,152.50,208,F,53798,-0.1997
13970,P2,CASC,150.00,150.05,210,F,53858,-0.2002
13980,P2,CASC,150.00,152.48,208,F,53919,-0.2250
13990,P2,CASC,150.00,152.52,208,F,53980,-0.2502
14000,P2,CASC,150.00,149.96,210,F,54040,-0.2497
14010,P2,CASC,150.00,152.44,208,F,54101,-0.2741
14020,P2,CASC,150.00,147.60,210,F,54160,-0.2501
14030,P2,CASC,150.00,150.00,210,F,54220,-0.2501
14040,P2,CASC,150.00,149.96,210,F,54280,-0.2497
14050,P2,CASC,150.00,152.55,208,F,54341,-0.2752
14060,P2,CASC,150.00,154.97,206,F,54403,-0.3248
14070,P2,CASC,150.00,150.00,210,F,54463,-0.3248
14080,P2,CASC,150.00,150.01,210,F,54523,-0.3250
14090,P2,CASC,150.00,145.01,211,F,54581,-0.2751
14100,P2,CASC,150.00,147.46,211,F,54640,-0.2497
14110,P2,CASC,150.00,150.01,210,F,54700,-0.2498
14120,P2,CASC,150.00,145.00,211,F,54758,-0.1998
14130,P2,CASC,150.00,150.01,210,F,54818,-0.2000
14140,P2,CASC,150.00,144.97,212,F,54876,-0.1497
14150,P2,CASC,150.00,150.03,210,F,54936,-0.1500
14160,P2,CASC,150.00,152.45,208,F,54997,-0.1745
14170,P2,CASC,150.00,150.01,210,F,55057,-0.1747
14180,P2,CASC,150.00,145.03,212,F,55115,-0.1250
14190,P2,CASC,150.00,145.01,212,F,55173,-0.0751
14200,P2,CASC,150.00,144.99,212,F,55231,-0.0250
14210,P2,CASC,150.00,149.97,210,F,55291,-0.0247
14220,P2,CASC,150.00,147.51,211,F,55350,0.0002
14230,P2,CASC,150.00,150.00,211,F,55410,0.0002
14240,P2,CASC,150.00,155.00,207,F,55472,-0.0498
14250,P2,CASC,150.00,152.50,208,F,55533,-0.0748
14260,P2,CASC,150.00,157.52,204,F,55596,-0.1500
14270,P2,CASC,150.00,152.50,208,F,55657,-0.1750
14280,P2,CASC,150.00,149.99,210,F,55717,-0.1748
14290,P2,CASC,150.00,150.01,210,F,55777,-0.1750
14300,P2,CASC,150.00,149.99,210,F,55837,-0.1748
14310,P2,CASC,150.00,152.52,208,F,55898,-0.2000
14320,P2,CASC,150.00,157.47,204,F,55961,-0.2747
14330,P2,CASC,150.00,157.53,204,F,56024,-0.3500
14340,P2,CASC,150.00,145.01,211,F,56082,-0.3001
14350,P2,CASC,150.00,139.99,213,F,56138,-0.2000
14360,P2,CASC,150.00,152.50,208,F,56199,-0.2250
14370,P2,CASC,150.00,152.50,208,F,56260,-0.2500
14380,P2,CASC,150.00,152.44,208,F,56321,-0.2744
14390,P2,CASC,150.00,150.08,210,F,56381,-0.2751
14400,P2,CASC,150.00,152.48,208,F,56442,-0.3000
14410,P2,CASC,150.00,152.39,208,F,56503,-0.3239
14420,P2,CASC,150.00,147.62,210,F,56562,-0.3001
14430,P2,CASC,150.00,149.96,210,F,56622,-0.2997
14440,P2,CASC,150.00,150.00,210,F,56682,-0.2997
14450,P2,CASC,150.00,152.52,208,F,56743,-0.3248
14460,P2,CASC,150.00,155.00,206,F,56805,-0.3748
14470,P2,CASC,150.00,150.03,210,F,56865,-0.3751
14480,P2,CASC,150.00,149.96,209,F,56925,-0.3747
14490,P2,CASC,150.00,147.50,210,F,56984,-0.3497
14500,P2,CASC,150.00,147.51,210,F,57043,-0.3248
14510,P2,CASC,150.00,147.53,210,F,57102,-0.3001
14520,P2,CASC,150.00,147.47,210,F,57161,-0.2748
14530,P2,CASC,150.00,147.49,211,F,57220,-0.2497
14540,P2,CASC,150.00,147.43,211,F,57279,-0.2239
14550,P2,CASC,150.00,147.60,211,F,57338,-0.2000
14560,P2,CASC,150.00,152.45,208,F,57399,-0.2245
14570,P2,CASC,150.00,149.94,210,F,57459,-0.2239
14580,P2,CASC,150.00,145.09,211,F,57517,-0.1748
14590,P2,CASC,150.00,144.99,212,F,57575,-0.1246
14600,P2,CASC,150.00,142.51,213,F,57632,-0.0498
14610,P2,CASC,150.00,149.99,210,F,57692,-0.0496
14620,P2,CASC,150.00,150.03,210,F,57752,-0.0499
14630,P2,CASC,150.00,149.88,210,F,57812,-0.0487
14640,P2,CASC,150.00,152.59,208,F,57873,-0.0746
14650,P2,CASC,150.00,152.50,208,F,57934,-0.0996
14660,P2,CASC,150.00,157.53,204,F,57997,-0.1749
14670,P2,CASC,150.00,152.45,208,F,58058,-0.1995
14680,P2,CASC,150.00,150.05,210,F,58118,-0.1999
14690,P2,CASC,150.00,149.99,210,F,58178,-0.1998
14700,P2,CASC,150.00,147.53,211,F,58237,-0.1751
14710,P2,CASC,150.00,152.45,208,F,58298,-0.1996
14720,P2,CASC,150.00,160.02,202,F,58362,-0.2998
14730,P2,CASC,150.00,157.52,204,F,58425,-0.3749
14740,P2,CASC,150.00,145.00,211,F,58483,-0.3249
14750,P2,CASC,150.00,139.96,213,F,58539,-0.2245
14760,P2,CASC,150.00,150.06,210,F,58599,-0.2251
14770,P2,CASC,150.00,152.45,208,F,58660,-0.2497
14780,P2,CASC,150.00,152.50,208,F,58721,-0.2747
14790,P2,CASC,150.00,152.55,208,F,58782,-0.3001
14800,P2,CASC,150.00,150.00,210,F,58842,-0.3001
14810,P2,CASC,150.00,152.47,208,F,58903,-0.3248
14820,P2,CASC,150.00,147.47,210,F,58962,-0.2995
14830,P2,CASC,150.00,150.03,210,F,59022,-0.2998
14840,P2,CASC,150.00,152.44,208,F,59083,-0.3242
14850,P2,CASC,150.00,150.03,210,F,59143,-0.3245
14860,P2,CASC,150.00,155.05,206,F,59205,-0.3750
14870,P2,CASC,150.00,152.45,208,F,59266,-0.3995
14880,P2,CASC,150.00,147.53,210,F,59325,-0.3748
14890,P2,CASC,150.00,147.51,210,F,59384,-0.3500
14900,P2,CASC,150.00,147.49,210,F,59443,-0.3248
14910,P2,CASC,150.00,147.50,210,F,59502,-0.2998
14920,P2,CASC,150.00,145.01,211,F,59560,-0.2500
14930,P2,CASC,150.00,150.01,210,F,59620,-0.2501
14940,P2,CASC,150.00,144.99,211,F,59678,-0.2000
14950,P2,CASC,150.00,150.00,210,F,59738,-0.2000
14960,P2,CASC,150.00,152.48,208,F,59799,-0.2248
14970,P2,CASC,150.00,147.49,211,F,59858,-0.1997
14980,P2,CASC,150.00,145.03,212,F,59916,-0.1500
14990,P2,CASC,150.00,144.99,212,F,59974,-0.0998
15000,P2,CASC,150.00,144.97,212,F,60032,-0.0495
15010,P2,CASC,149.85,150.05,210,F,60092,-0.0515
15020,P2,CASC,149.70,147.49,211,F,60151,-0.0293
15030,P2,CASC,149.55,150.01,210,F,60211,-0.0340
15040,P2,CASC,149.40,154.92,206,F,60273,-0.0892
15050,P2,CASC,149.25,152.58,207,F,60334,-0.1225
15060,P2,CASC,149.10,154.97,205,F,60396,-0.1812
15070,P2,CASC,148.95,152.52,207,F,60457,-0.2168
15080,P2,CASC,148.80,150.00,208,F,60517,-0.2288
15090,P2,CASC,148.65,150.01,208,F,60577,-0.2425
15100,P2,CASC,148.50,149.90,208,F,60637,-0.2564
15110,P2,CASC,148.35,150.09,207,F,60697,-0.2738
15120,P2,CASC,148.20,160.03,199,F,60761,-0.3921
15130,P2,CASC,148.05,152.45,205,F,60822,-0.4362
15140,P2,CASC,147.90,145.04,209,F,60880,-0.4076
15150,P2,CASC,147.75,139.99,210,F,60936,-0.3300
15160,P2,CASC,147.60,147.49,208,F,60995,-0.3288
15170,P2,CASC,147.45,147.53,208,F,61054,-0.3296
15180,P2,CASC,147.30,150.00,206,F,61114,-0.3566
15190,P2,CASC,147.15,149.97,206,F,61174,-0.3848
15200,P2,CASC,147.00,147.51,207,F,61233,-0.3900
15210,P2,CASC,146.85,150.00,205,F,61293,-0.4215
15220,P2,CASC,146.70,145.01,208,F,61351,-0.4046
15230,P2,CASC,146.55,147.46,207,F,61410,-0.4137
15240,P2,CASC,146.40,147.51,206,F,61469,-0.4248
15250,P2,CASC,146.25,149.99,204,F,61529,-0.4622
15260,P2,CASC,146.10,150.03,204,F,61589,-0.5015
15270,P2,CASC,145.95,147.49,205,F,61648,-0.5168
15280,P2,CASC,145.80,144.99,207,F,61706,-0.5087
15290,P2,CASC,145.65,145.04,206,F,61764,-0.5026
15300,P2,CASC,145.50,142.49,207,F,61821,-0.4725
15310,P2,CASC,145.35,142.51,207,F,61878,-0.4441
15320,P2,CASC,145.20,142.49,207,F,61935,-0.4170
15330,P2,CASC,145.05,142.47,207,F,61992,-0.3912
15340,P2,CASC,144.90,142.50,207,F,62049,-0.3672
15350,P2,CASC,144.75,142.51,207,F,62106,-0.3448
15360,P2,CASC,144.60,145.01,206,F,62164,-0.3490
15370,P2,CASC,144.45,147.49,204,F,62223,-0.3793
15380,P2,CASC,144.30,142.51,206,F,62280,-0.3615
15390,P2,CASC,144.15,139.93,207,F,62336,-0.3193
15400,P2,CASC,144.00,137.54,208,F,62391,-0.2547
15410,P2,CASC,143.85,140.04,207,F,62447,-0.2166
15420,P2,CASC,143.70,142.47,206,F,62504,-0.2043
15430,P2,CASC,143.55,142.47,206,F,62561,-0.1935
15440,P2,CASC,143.40,142.53,206,F,62618,-0.1848
15450,P2,CASC,143.25,145.00,204,F,62676,-0.2023
15460,P2,CASC,143.10,147.51,202,F,62735,-0.2465
15470,P2,CASC,142.95,147.49,202,F,62794,-0.2918
15480,P2,CASC,142.80,144.99,203,F,62852,-0.3137
15490,P2,CASC,142.65,144.99,203,F,62910,-0.3370
15500,P2,CASC,142.50,140.01,206,F,62966,-0.3122
15510,P2,CASC,142.35,142.54,205,F,63023,-0.3141
15520,P2,CASC,142.20,142.49,205,F,63080,-0.3169
15530,P2,CASC,142.05,144.96,202,F,63138,-0.3460
15540,P2,CASC,141.90,157.50,192,F,63201,-0.5020
15550,P2,CASC,141.75,137.51,205,F,63256,-0.4596
15560,P2,CASC,141.60,135.01,206,F,63310,-0.3938
15570,P2,CASC,141.45,135.00,206,F,63364,-0.3293
15580,P2,CASC,141.30,145.00,201,F,63422,-0.3663
15590,P2,CASC,141.15,142.51,203,F,63479,-0.3799
15600,P2,CASC,141.00,142.49,203,F,63536,-0.3948
15610,P2,CASC,140.85,140.01,204,F,63592,-0.3864
15620,P2,CASC,140.70,139.99,204,F,63648,-0.3793
15630,P2,CASC,140.55,142.51,202,F,63705,-0.3989
15640,P2,CASC,140.40,137.46,204,F,63760,-0.3695
15650,P2,CASC,140.25,140.01,203,F,63816,-0.3671
15660,P2,CASC,140.10,140.03,203,F,63872,-0.3664
15670,P2,CASC,139.95,142.50,201,F,63929,-0.3919
15680,P2,CASC,139.80,144.97,199,F,63987,-0.4436
15690,P2,CASC,139.65,137.53,203,F,64042,-0.4224
15700,P2,CASC,139.50,139.99,202,F,64098,-0.4273
15710,P2,CASC,139.35,135.03,204,F,64152,-0.3840
15720,P2,CASC,139.20,137.49,203,F,64207,-0.3669
15730,P2,CASC,139.05,134.97,204,F,64261,-0.3261
15740,P2,CASC,138.90,137.49,203,F,64316,-0.3120
15750,P2,CASC,138.75,135.01,204,F,64370,-0.2746
15760,P2,CASC,138.60,135.00,204,F,64424,-0.2386
15770,P2,CASC,138.45,135.00,204,F,64478,-0.2041
15780,P2,CASC,138.30,137.49,203,F,64533,-0.1960
15790,P2,CASC,138.15,140.03,201,F,64589,-0.2148
15800,P2,CASC,138.00,135.00,203,F,64643,-0.1848
15810,P2,CASC,137.85,135.01,203,F,64697,-0.1564
15820,P2,CASC,137.70,132.51,204,F,64750,-0.1045
15830,P2,CASC,137.55,132.45,204,F,64803,-0.0535
15840,P2,CASC,137.40,132.55,204,F,64856,-0.0050
15850,P2,CASC,137.25,137.47,202,F,64911,-0.0073
15860,P2,CASC,137.10,135.00,203,F,64965,0.0137
15870,P2,CASC,136.95,137.49,202,F,65020,0.0084
15880,P2,CASC,136.80,137.50,202,F,65075,0.0014
15890,P2,CASC,136.65,140.01,199,F,65131,-0.0323
15900,P2,CASC,136.50,142.49,197,F,65188,-0.0921
15910,P2,CASC,136.35,137.50,201,F,65243,-0.1036
15920,P2,CASC,136.20,137.50,200,F,65298,-0.1166
15930,P2,CASC,136.05,132.54,202,F,65351,-0.0815
15940,P2,CASC,135.90,134.96,202,F,65405,-0.0721
15950,P2,CASC,135.75,137.42,200,F,65460,-0.0888
15960,P2,CASC,135.60,135.08,201,F,65514,-0.0836
15970,P2,CASC,135.45,145.03,193,F,65572,-0.1794
15980,P2,CASC,135.30,139.97,197,F,65628,-0.2261
15990,P2,CASC,135.15,130.00,202,F,65680,-0.1746
16000,P2,CASC,135.00,125.00,204,F,65730,-0.0746
16010,P2,CASC,134.85,132.51,201,F,65783,-0.0513
16020,P2,CASC,134.70,134.99,200,F,65837,-0.0541
16030,P2,CASC,134.55,137.53,198,F,65892,-0.0839
16040,P2,CASC,134.40,135.00,200,F,65946,-0.0899
16050,P2,CASC,134.25,134.97,200,F,66000,-0.0971
16060,P2,CASC,134.10,135.04,199,F,66054,-0.1065
16070,P2,CASC,133.95,134.91,199,F,66108,-0.1161
16080,P2,CASC,133.80,130.09,201,F,66160,-0.0790
16090,P2,CASC,133.65,132.50,200,F,66213,-0.0675
16100,P2,CASC,133.50,134.97,199,F,66267,-0.0822
16110,P2,CASC,133.35,132.49,200,F,66320,-0.0736
16120,P2,CASC,133.20,137.49,196,F,66375,-0.1165
16130,P2,CASC,133.05,135.01,198,F,66429,-0.1361
16140,P2,CASC,132.90,132.51,199,F,66482,-0.1322
16150,P2,CASC,132.75,129.99,200,F,66534,-0.1046
16160,P2,CASC,132.60,127.50,201,F,66585,-0.0536
16170,P2,CASC,132.45,130.04,200,F,66637,-0.0295
16180,P2,CASC,132.30,129.99,200,F,66689,-0.0063
16190,P2,CASC,132.15,127.46,201,F,66740,0.0405
16200,P2,CASC,132.00,130.05,200,F,66792,0.0600
16210,P2,CASC,131.85,127.47,200,F,66843,0.1038
16220,P2,CASC,131.70,129.99,200,F,66895,0.1209
16230,P2,CASC,131.55,129.99,200,F,66947,0.1365
16240,P2,CASC,131.40,132.51,198,F,67000,0.1254
16250,P2,CASC,131.25,130.03,199,F,67052,0.1376
16260,P2,CASC,131.10,127.49,200,F,67103,0.1738
16270,P2,CASC,130.95,125.00,201,F,67153,0.2333
16280,P2,CASC,130.80,127.53,200,F,67204,0.2660
16290,P2,CASC,130.65,125.00,201,F,67254,0.3225
16300,P2,CASC,130.50,129.99,199,F,67306,0.3276
16310,P2,CASC,130.35,130.00,199,F,67358,0.3311
16320,P2,CASC,130.20,127.49,200,F,67409,0.3583
16330,P2,CASC,130.05,132.47,197,F,67462,0.3340
16340,P2,CASC,129.90,132.51,196,F,67515,0.3079
16350,P2,CASC,129.75,132.54,196,F,67568,0.2800
16360,P2,CASC,129.60,132.47,196,F,67621,0.2513
16370,P2,CASC,129.45,132.49,196,F,67674,0.2209
16380,P2,CASC,129.30,127.50,198,F,67725,0.2389
16390,P2,CASC,129.15,127.49,198,F,67776,0.2555
16400,P2,CASC,129.00,127.50,198,F,67827,0.2705
16410,P2,CASC,128.85,127.55,198,F,67878,0.2835
16420,P2,CASC,128.70,129.96,197,F,67930,0.2709
16430,P2,CASC,128.55,140.03,188,F,67986,0.1561
16440,P2,CASC,128.40,129.99,196,F,68038,0.1403
16450,P2,CASC,128.25,125.00,198,F,68088,0.1728
16460,P2,CASC,128.10,117.51,200,F,68135,0.2786
16470,P2,CASC,127.95,127.50,197,F,68186,0.2831
16480,P2,CASC,127.80,130.01,195,F,68238,0.2610
16490,P2,CASC,127.65,129.99,195,F,68290,0.2376
16500,P2,CASC,127.50,127.47,197,F,68341,0.2379
16510,P2,CASC,127.35,127.49,196,F,68392,0.2365
16520,P2,CASC,127.20,127.54,196,F,68443,0.2331
16530,P2,CASC,127.05,127.47,196,F,68494,0.2289
16540,P2,CASC,126.90,125.00,197,F,68544,0.2479
16550,P2,CASC,126.75,127.49,196,F,68595,0.2405
16560,P2,CASC,126.60,125.03,197,F,68645,0.2563
16570,P2,CASC,126.45,127.49,195,F,68696,0.2459
16580,P2,CASC,126.30,127.50,195,F,68747,0.2339
16590,P2,CASC,126.15,127.54,195,F,68798,0.2200
16600,P2,CASC,126.00,124.96,196,F,68848,0.2304
16610,P2,CASC,125.85,127.50,194,F,68899,0.2139
16620,P2,CASC,125.70,122.50,197,F,68948,0.2459
16630,P2,CASC,125.55,122.50,197,F,68997,0.2764
16640,P2,CASC,125.40,120.04,197,F,69045,0.3300
16650,P2,CASC,125.25,124.99,196,F,69095,0.3327
16660,P2,CASC,125.10,119.99,197,F,69143,0.3838
16670,P2,CASC,124.95,122.51,196,F,69192,0.4082
16680,P2,CASC,124.80,122.49,196,F,69241,0.4313
16690,P2,CASC,124.65,122.51,196,F,69290,0.4527
16700,P2,CASC,124.50,122.46,196,F,69339,0.4730
16710,P2,CASC,124.35,125.01,195,F,69389,0.4664
16720,P2,CASC,124.20,122.51,196,F,69438,0.4833
16730,P2,CASC,124.05,122.50,196,F,69487,0.4988
16740,P2,CASC,123.90,120.01,196,F,69535,0.5377
16750,P2,CASC,123.75,117.51,197,F,69582,0.6000
16760,P2,CASC,123.60,117.46,197,F,69629,0.6614
16770,P2,CASC,123.45,122.51,196,F,69678,0.6708
16780,P2,CASC,123.30,120.02,196,F,69726,0.7035
16790,P2,CASC,123.15,122.48,196,F,69775,0.7103
16800,P2,CASC,123.00,122.49,195,F,69824,0.7154
16810,P2,CASC,122.85,125.03,193,F,69874,0.6936
16820,P2,CASC,122.70,122.49,195,F,69923,0.6958
16830,P2,CASC,122.55,127.49,191,F,69974,0.6464
16840,P2,CASC,122.40,122.52,194,F,70023,0.6451
16850,P2,CASC,122.25,125.01,192,F,70073,0.6175
16860,P2,CASC,122.10,119.98,195,F,70121,0.6388
16870,P2,CASC,121.95,119.98,195,F,70169,0.6585
16880,P2,CASC,121.80,120.04,195,F,70217,0.6761
16890,P2,CASC,121.65,119.99,195,F,70265,0.6928
16900,P2,CASC,121.50,125.01,191,F,70315,0.6576
16910,P2,CASC,121.35,124.99,191,F,70365,0.6213
16920,P2,CASC,121.20,129.97,187,F,70417,0.5335
16930,P2,CASC,121.05,117.51,195,F,70464,0.5689
16940,P2,CASC,120.90,110.00,197,F,70508,0.6779
16950,P2,CASC,120.75,120.00,194,F,70556,0.6854
16960,P2,CASC,120.60,120.00,194,F,70604,0.6914
16970,P2,CASC,120.45,122.49,192,F,70653,0.6710
16980,P2,CASC,120.30,120.02,193,F,70701,0.6738
16990,P2,CASC,120.15,122.50,191,F,70750,0.6503
17000,P2,CASC,120.00,120.02,193,F,70798,0.6500
17010,P2,CASC,119.85,119.99,193,F,70846,0.6487
17020,P2,CASC,119.70,122.39,191,F,70895,0.6218
17030,P2,CASC,119.55,117.57,193,F,70942,0.6416
17040,P2,CASC,119.40,117.55,193,F,70989,0.6601
17050,P2,CASC,119.25,117.49,193,F,71036,0.6777
17060,P2,CASC,119.10,120.01,192,F,71084,0.6686
17070,P2,CASC,118.95,119.98,191,F,71132,0.6583
17080,P2,CASC,118.80,120.02,191,F,71180,0.6461
17090,P2,CASC,118.65,119.99,191,F,71228,0.6327
17100,P2,CASC,118.50,117.50,192,F,71275,0.6427
17110,P2,CASC,118.35,114.99,193,F,71321,0.6763
17120,P2,CASC,118.20,112.49,194,F,71366,0.7334
17130,P2,CASC,118.05,115.00,193,F,71412,0.7639
17140,P2,CASC,117.90,117.49,192,F,71459,0.7681
17150,P2,CASC,117.75,115.03,193,F,71505,0.7952
17160,P2,CASC,117.60,112.49,194,F,71550,0.8463
17170,P2,CASC,117.45,114.99,193,F,71596,0.8709
17180,P2,CASC,117.30,115.03,193,F,71642,0.8936
17190,P2,CASC,117.15,112.47,193,F,71687,0.9404
17200,P2,CASC,117.00,115.00,193,F,71733,0.9604
17210,P2,CASC,116.85,120.01,189,F,71781,0.9288
17220,P2,CASC,116.70,115.01,192,F,71827,0.9457
17230,P2,CASC,116.55,115.00,192,F,71873,0.9612
17240,P2,CASC,116.40,110.01,194,F,71917,1.0251
17250,P2,CASC,116.25,112.49,193,F,71962,1.0627
17260,P2,CASC,116.10,109.99,194,F,72006,1.1238
17270,P2,CASC,115.95,112.52,193,F,72051,1.1581
17280,P2,CASC,115.80,114.98,192,F,72097,1.1663
17290,P2,CASC,115.65,112.52,193,F,72142,1.1976
17300,P2,CASC,115.50,114.97,192,F,72188,1.2029
17310,P2,CASC,115.35,115.03,192,F,72234,1.2061
17320,P2,CASC,115.20,117.48,189,F,72281,1.1833
17330,P2,CASC,115.05,115.02,191,F,72327,1.1836
17340,P2,CASC,114.90,119.99,187,F,72375,1.1327
17350,P2,CASC,114.75,115.01,191,F,72421,1.1301
17360,P2,CASC,114.60,117.50,188,F,72468,1.1011
17370,P2,CASC,114.45,112.48,191,F,72513,1.1208
17380,P2,CASC,114.30,112.43,191,F,72558,1.1395
17390,P2,CASC,114.15,112.57,191,F,72603,1.1553
17400,P2,CASC,114.00,112.50,191,F,72648,1.1703
17410,P2,CASC,113.85,112.50,191,F,72693,1.1838
17420,P2,CASC,113.70,112.48,191,F,72738,1.1960
17430,P2,CASC,113.55,125.03,181,F,72788,1.0813
17440,P2,CASC,113.40,117.49,186,F,72835,1.0404
17450,P2,CASC,113.25,110.00,191,F,72879,1.0729
17460,P2,CASC,113.10,100.03,194,F,72919,1.2036
17470,P2,CASC,112.95,114.98,188,F,72965,1.1833
17480,P2,CASC,112.80,112.49,190,F,73010,1.1865
17490,P2,CASC,112.65,112.53,190,F,73055,1.1876
17500,P2,CASC,112.50,115.00,187,F,73101,1.1626
17510,P2,CASC,112.35,112.46,189,F,73146,1.1616
17520,P2,CASC,112.20,115.05,187,F,73192,1.1331
17530,P2,CASC,112.05,112.48,189,F,73237,1.1288
17540,P2,CASC,111.90,112.52,188,F,73282,1.1226
17550,P2,CASC,111.75,109.97,190,F,73326,1.1404
17560,P2,CASC,111.60,109.99,190,F,73370,1.1565
17570,P2,CASC,111.45,110.04,190,F,73414,1.1706
17580,P2,CASC,111.30,109.97,189,F,73458,1.1839
17590,P2,CASC,111.15,115.00,185,F,73504,1.1454
17600,P2,CASC,111.00,110.03,189,F,73548,1.1551
17610,P2,CASC,110.85,112.46,187,F,73593,1.1391
17620,P2,CASC,110.70,110.01,189,F,73637,1.1459
17630,P2,CASC,110.55,110.02,189,F,73681,1.1512
17640,P2,CASC,110.40,107.49,189,F,73724,1.1803
17650,P2,CASC,110.25,107.51,189,F,73767,1.2077
17660,P2,CASC,110.10,107.49,189,F,73810,1.2338
17670,P2,CASC,109.95,104.99,190,F,73852,1.2834
17680,P2,CASC,109.80,110.00,188,F,73896,1.2814
17690,P2,CASC,109.65,105.01,190,F,73938,1.3278
17700,P2,CASC,109.50,107.49,189,F,73981,1.3479
17710,P2,CASC,109.35,104.99,190,F,74023,1.3915
17720,P2,CASC,109.20,107.54,189,F,74066,1.4081
17730,P2,CASC,109.05,107.48,189,F,74109,1.4238
17740,P2,CASC,108.90,110.02,187,F,74153,1.4126
17750,P2,CASC,108.75,107.48,189,F,74196,1.4253
17760,P2,CASC,108.60,107.49,188,F,74239,1.4364
17770,P2,CASC,108.45,107.53,188,F,74282,1.4456
17780,P2,CASC,108.30,104.97,189,F,74324,1.4789
17790,P2,CASC,108.15,102.51,190,F,74365,1.5353
17800,P2,CASC,108.00,105.00,189,F,74407,1.5653
17810,P2,CASC,107.85,104.99,189,F,74449,1.5939
17820,P2,CASC,107.70,105.02,189,F,74491,1.6207
17830,P2,CASC,107.55,104.99,189,F,74533,1.6463
17840,P2,CASC,107.40,109.98,185,F,74577,1.6205
17850,P2,CASC,107.25,105.03,188,F,74619,1.6427
17860,P2,CASC,107.10,107.48,187,F,74662,1.6389
17870,P2,CASC,106.95,107.51,187,F,74705,1.6333
17880,P2,CASC,106.80,110.00,184,F,74749,1.6013
17890,P2,CASC,106.65,107.50,186,F,74792,1.5928
17900,P2,CASC,106.50,107.50,186,F,74835,1.5828
17910,P2,CASC,106.35,107.52,186,F,74878,1.5711
17920,P2,CASC,106.20,102.46,188,F,74919,1.6085
17930,P2,CASC,106.05,105.04,187,F,74961,1.6186
17940,P2,CASC,105.90,105.00,187,F,75003,1.6276
17950,P2,CASC,105.75,105.00,187,F,75045,1.6351
17960,P2,CASC,105.60,104.99,187,F,75087,1.6412
17970,P2,CASC,105.45,104.99,187,F,75129,1.6458
17980,P2,CASC,105.30,110.00,182,F,75173,1.5988
17990,P2,CASC,105.15,117.49,176,F,75220,1.4754
18000,P2,CASC,105.00,102.51,187,F,75261,1.5003
18010,P2,CASC,104.85,97.51,188,F,75300,1.5737
18020,P2,CASC,104.70,99.97,187,F,75340,1.6210
18030,P2,CASC,104.55,107.46,183,F,75383,1.5920
18040,P2,CASC,104.40,105.05,185,F,75425,1.5854
18050,P2,CASC,104.25,105.01,185,F,75467,1.5778
18060,P2,CASC,104.10,105.01,184,F,75509,1.5687
18070,P2,CASC,103.95,105.00,184,F,75551,1.5582
18080,P2,CASC,103.80,107.48,182,F,75594,1.5214
18090,P2,CASC,103.65,102.50,186,F,75635,1.5329
18100,P2,CASC,103.50,105.02,183,F,75677,1.5177
18110,P2,CASC,103.35,102.49,185,F,75718,1.5263
18120,P2,CASC,103.20,102.51,185,F,75759,1.5332
18130,P2,CASC,103.05,102.49,185,F,75800,1.5388
18140,P2,CASC,102.90,102.51,185,F,75841,1.5427
18150,P2,CASC,102.75,102.48,185,F,75882,1.5454
18160,P2,CASC,102.60,102.52,185,F,75923,1.5462
18170,P2,CASC,102.45,105.00,182,F,75965,1.5207
18180,P2,CASC,102.30,102.49,184,F,76006,1.5188
18190,P2,CASC,102.15,99.99,185,F,76046,1.5404
18200,P2,CASC,102.00,102.52,183,F,76087,1.5352
18210,P2,CASC,101.85,100.01,185,F,76127,1.5536
18220,P2,CASC,101.70,97.48,185,F,76166,1.5958
18230,P2,CASC,101.55,100.02,184,F,76206,1.6111
18240,P2,CASC,101.40,97.47,185,F,76245,1.6504
18250,P2,CASC,101.25,97.50,185,F,76284,1.6879
18260,P2,CASC,101.10,100.02,184,F,76324,1.6987
18270,P2,CASC,100.95,97.48,185,F,76363,1.7334
18280,P2,CASC,100.80,97.51,185,F,76402,1.7663
18290,P2,CASC,100.65,100.02,184,F,76442,1.7726
18300,P2,CASC,100.50,95.00,186,F,76480,1.8276
18310,P2,CASC,100.35,100.00,184,F,76520,1.8311
18320,P2,CASC,100.20,100.00,184,F,76560,1.8331
18330,P2,CASC,100.05,99.99,184,F,76600,1.8337
18340,P2,CASC,99.90,97.49,184,F,76639,1.8578
18350,P2,CASC,99.75,100.01,183,F,76679,1.8552
18360,P2,CASC,99.60,94.98,185,F,76717,1.9014
18370,P2,CASC,99.45,94.99,185,F,76755,1.9460
18380,P2,CASC,99.30,97.53,184,F,76794,1.9637
18390,P2,CASC,99.15,92.49,185,F,76831,2.0303
18400,P2,CASC,99.00,97.49,184,F,76870,2.0454
18410,P2,CASC,98.85,97.49,184,F,76909,2.0590
18420,P2,CASC,98.70,97.52,184,F,76948,2.0708
18430,P2,CASC,98.55,97.50,184,F,76987,2.0813
18440,P2,CASC,98.40,97.50,183,F,77026,2.0903
18450,P2,CASC,98.25,97.52,183,F,77065,2.0976
18460,P2,CASC,98.10,99.97,181,F,77105,2.0789
18470,P2,CASC,97.95,100.02,180,F,77145,2.0582
18480,P2,CASC,97.80,100.01,180,F,77185,2.0361
18490,P2,CASC,97.65,95.00,183,F,77223,2.0626
18500,P2,CASC,97.50,99.99,180,F,77263,2.0377
18510,P2,CASC,97.35,95.00,183,F,77301,2.0612
18520,P2,CASC,97.20,95.00,183,F,77339,2.0832
18530,P2,CASC,97.05,95.00,183,F,77377,2.1037
18540,P2,CASC,96.90,95.00,183,F,77415,2.1227
18550,P2,CASC,96.75,97.49,181,F,77454,2.1153
18560,P2,CASC,96.60,97.52,180,F,77493,2.1061
18570,P2,CASC,96.45,94.98,182,F,77531,2.1208
18580,P2,CASC,96.30,97.52,180,F,77570,2.1086
18590,P2,CASC,96.15,109.98,170,F,77614,1.9703
18600,P2,CASC,96.00,94.99,181,F,77652,1.9804
18610,P2,CASC,95.85,87.53,183,F,77687,2.0637
18620,P2,CASC,95.70,90.00,183,F,77723,2.1207
18630,P2,CASC,95.55,97.49,179,F,77762,2.1013
18640,P2,CASC,95.40,97.49,178,F,77801,2.0803
18650,P2,CASC,95.25,94.99,181,F,77839,2.0829
18660,P2,CASC,95.10,97.52,178,F,77878,2.0587
18670,P2,CASC,94.95,97.51,177,F,77917,2.0332
18680,P2,CASC,94.80,94.97,179,F,77955,2.0314
18690,P2,CASC,94.65,97.51,177,F,77994,2.0028
18700,P2,CASC,94.50,95.00,179,F,78032,1.9978
18710,P2,CASC,94.35,95.00,178,F,78070,1.9913
18720,P2,CASC,94.20,92.49,180,F,78107,2.0084
18730,P2,CASC,94.05,92.49,180,F,78144,2.0240
18740,P2,CASC,93.90,95.00,178,F,78182,2.0130
18750,P2,CASC,93.75,92.52,180,F,78219,2.0253
18760,P2,CASC,93.60,92.52,179,F,78256,2.0362
18770,P2,CASC,93.45,94.99,177,F,78294,2.0207
18780,P2,CASC,93.30,92.48,179,F,78331,2.0289
18790,P2,CASC,93.15,95.03,177,F,78369,2.0101
18800,P2,CASC,93.00,92.46,179,F,78406,2.0155
18810,P2,CASC,92.85,90.01,179,F,78442,2.0439
18820,P2,CASC,92.70,95.02,176,F,78480,2.0207
18830,P2,CASC,92.55,90.00,179,F,78516,2.0462
18840,P2,CASC,92.40,87.48,180,F,78551,2.0954
18850,P2,CASC,92.25,90.00,179,F,78587,2.1179
18860,P2,CASC,92.10,87.51,180,F,78622,2.1638
18870,P2,CASC,91.95,90.02,179,F,78658,2.1831
18880,P2,CASC,91.80,90.00,179,F,78694,2.2011
18890,P2,CASC,91.65,87.50,179,F,78729,2.2426
18900,P2,CASC,91.50,87.49,179,F,78764,2.2827
18910,P2,CASC,91.35,87.51,179,F,78799,2.3211
18920,P2,CASC,91.20,89.98,178,F,78835,2.3333
18930,P2,CASC,91.05,87.48,179,F,78870,2.3690
18940,P2,CASC,90.90,87.54,179,F,78905,2.4027
18950,P2,CASC,90.75,90.00,178,F,78941,2.4102
18960,P2,CASC,90.60,92.50,175,F,78978,2.3912
18970,P2,CASC,90.45,90.00,178,F,79014,2.3957
18980,P2,CASC,90.30,84.97,179,F,79048,2.4490
18990,P2,CASC,90.15,90.03,178,F,79084,2.4502
19000,P2,CASC,90.00,84.98,179,F,79118,2.5004
19010,P2,CASC,89.85,85.03,179,F,79152,2.5486
19020,P2,CASC,89.70,87.49,178,F,79187,2.5707
19030,P2,CASC,89.55,85.01,179,F,79221,2.6161
19040,P2,CASC,89.40,85.00,179,F,79255,2.6601
19050,P2,CASC,89.25,87.48,178,F,79290,2.6778
19060,P2,CASC,89.10,85.01,179,F,79324,2.7187
19070,P2,CASC,88.95,89.99,176,F,79360,2.7083
19080,P2,CASC,88.80,85.00,178,F,79394,2.7463
19090,P2,CASC,88.65,87.49,178,F,79429,2.7579
19100,P2,CASC,88.50,87.51,177,F,79464,2.7678
19110,P2,CASC,88.35,87.49,177,F,79499,2.7764
19120,P2,CASC,88.20,90.02,174,F,79535,2.7582
19130,P2,CASC,88.05,87.51,177,F,79570,2.7636
19140,P2,CASC,87.90,87.48,177,F,79605,2.7678
19150,P2,CASC,87.75,87.49,177,F,79640,2.7704
19160,P2,CASC,87.60,87.51,176,F,79675,2.7713
19170,P2,CASC,87.45,84.99,177,F,79709,2.7959
19180,P2,CASC,87.30,85.01,177,F,79743,2.8188
19190,P2,CASC,87.15,85.01,177,F,79777,2.8402
19200,P2,CASC,87.00,85.01,177,F,79811,2.8601
19210,P2,CASC,86.85,85.00,177,F,79845,2.8786
19220,P2,CASC,86.70,84.99,177,F,79879,2.8957
19230,P2,CASC,86.55,87.48,174,F,79914,2.8864
19240,P2,CASC,86.40,85.01,176,F,79948,2.9003
19250,P2,CASC,86.25,100.01,164,F,79988,2.7627
19260,P2,CASC,86.10,87.49,173,F,80023,2.7488
19270,P2,CASC,85.95,84.99,175,F,80057,2.7584
19280,P2,CASC,85.80,80.00,177,F,80089,2.8164
19290,P2,CASC,85.65,80.00,177,F,80121,2.8729
19300,P2,CASC,85.50,87.50,172,F,80156,2.8529
19310,P2,CASC,85.35,85.01,175,F,80190,2.8563
19320,P2,CASC,85.20,87.50,172,F,80225,2.8333
19330,P2,CASC,85.05,87.52,172,F,80260,2.8086
19340,P2,CASC,84.90,87.48,171,F,80295,2.7828
19350,P2,CASC,84.75,87.49,171,F,80330,2.7554
19360,P2,CASC,84.60,85.01,173,F,80364,2.7513
19370,P2,CASC,84.45,89.99,168,F,80400,2.6959
19380,P2,CASC,84.30,85.01,172,F,80434,2.6888
19390,P2,CASC,84.15,85.01,172,F,80468,2.6802
19400,P2,CASC,84.00,87.49,170,F,80503,2.6453
19410,P2,CASC,83.85,84.99,171,F,80537,2.6339
19420,P2,CASC,83.70,85.03,171,F,80571,2.6206
19430,P2,CASC,83.55,84.98,171,F,80605,2.6063
19440,P2,CASC,83.40,84.99,170,F,80639,2.5904
19450,P2,CASC,83.25,82.49,173,F,80672,2.5980
19460,P2,CASC,83.10,87.54,168,F,80707,2.5536
19470,P2,CASC,82.95,84.97,170,F,80741,2.5334
19480,P2,CASC,82.80,85.00,169,F,80775,2.5114
19490,P2,CASC,82.65,85.00,169,F,80809,2.4879
19500,P2,CASC,82.50,82.52,171,F,80842,2.4877
19510,P2,CASC,82.35,87.48,166,F,80877,2.4364
19520,P2,CASC,82.20,80.00,172,F,80909,2.4584
19530,P2,CASC,82.05,82.49,170,F,80942,2.4540
19540,P2,CASC,81.90,80.02,172,F,80974,2.4727
19550,P2,CASC,81.75,82.48,169,F,81007,2.4654
19560,P2,CASC,81.60,79.99,171,F,81039,2.4815
19570,P2,CASC,81.45,82.51,169,F,81072,2.4709
19580,P2,CASC,81.30,82.50,169,F,81105,2.4589
19590,P2,CASC,81.15,77.52,172,F,81136,2.4952
19600,P2,CASC,81.00,82.49,168,F,81169,2.4803
19610,P2,CASC,80.85,79.98,170,F,81201,2.4890
19620,P2,CASC,80.70,82.52,168,F,81234,2.4707
19630,P2,CASC,80.55,79.99,170,F,81266,2.4763
19640,P2,CASC,80.40,82.52,167,F,81299,2.4552
19650,P2,CASC,80.25,80.00,170,F,81331,2.4577
19660,P2,CASC,80.10,84.97,165,F,81365,2.4090
19670,P2,CASC,79.95,82.52,166,F,81398,2.3833
19680,P2,CASC,79.80,79.99,168,F,81430,2.3813
19690,P2,CASC,79.65,82.49,166,F,81463,2.3529
19700,P2,CASC,79.50,80.00,168,F,81495,2.3479
19710,P2,CASC,79.35,80.02,168,F,81527,2.3413
19720,P2,CASC,79.20,79.98,167,F,81559,2.3334
19730,P2,CASC,79.05,77.52,169,F,81590,2.3487
19740,P2,CASC,78.90,77.49,169,F,81621,2.3628
19750,P2,CASC,78.75,79.99,167,F,81653,2.3503
19760,P2,CASC,78.60,82.52,165,F,81686,2.3112
19770,P2,CASC,78.45,77.50,169,F,81717,2.3207
19780,P2,CASC,78.30,80.00,166,F,81749,2.3037
19790,P2,CASC,78.15,82.46,164,F,81782,2.2606
19800,P2,CASC,78.00,77.52,168,F,81813,2.2654
19810,P2,CASC,77.85,79.99,166,F,81845,2.2439
19820,P2,CASC,77.70,82.51,163,F,81878,2.1959
19830,P2,CASC,77.55,80.00,165,F,81910,2.1714
19840,P2,CASC,77.40,80.01,165,F,81942,2.1453
19850,P2,CASC,77.25,82.50,163,F,81975,2.0928
19860,P2,CASC,77.10,80.00,164,F,82007,2.0638
19870,P2,CASC,76.95,80.01,164,F,82039,2.0332
19880,P2,CASC,76.80,80.00,164,F,82071,2.0012
19890,P2,CASC,76.65,77.48,166,F,82102,1.9928
19900,P2,CASC,76.50,77.52,166,F,82133,1.9827
19910,P2,CASC,76.35,77.50,165,F,82164,1.9712
19920,P2,CASC,76.20,79.98,163,F,82196,1.9334
19930,P2,CASC,76.05,77.49,165,F,82227,1.9189
19940,P2,CASC,75.90,80.02,163,F,82259,1.8777
19950,P2,CASC,75.75,77.48,164,F,82290,1.8603
19960,P2,CASC,75.60,77.49,164,F,82321,1.8414
19970,P2,CASC,75.45,80.01,162,F,82353,1.7958
19980,P2,CASC,75.30,95.00,150,F,82391,1.5988
19990,P2,CASC,75.15,80.00,161,F,82423,1.5503
20000,P2,CASC,75.00,74.99,165,F,82453,1.5504
20010,P2,CASC,74.85,72.51,166,F,82482,1.5738
20020,P2,CASC,74.70,74.99,165,F,82512,1.5710
20030,P2,CASC,74.55,80.03,160,F,82544,1.5162
20040,P2,CASC,74.40,79.98,160,F,82576,1.4604
20050,P2,CASC,74.25,80.02,160,F,82608,1.4028
20060,P2,CASC,74.10,80.00,159,F,82640,1.3438
20070,P2,CASC,73.95,80.00,159,F,82672,1.2833
20080,P2,CASC,73.80,79.98,159,F,82704,1.2214
20090,P2,CASC,73.65,80.02,159,F,82736,1.1578
20100,P2,CASC,73.50,79.98,158,F,82768,1.0929
20110,P2,CASC,73.35,79.99,158,F,82800,1.0265
20120,P2,CASC,73.20,77.51,160,F,82831,0.9834
20130,P2,CASC,73.05,79.99,157,F,82863,0.9140
20140,P2,CASC,72.90,77.52,159,F,82894,0.8678
20150,P2,CASC,72.75,77.50,159,F,82925,0.8203
20160,P2,CASC,72.60,77.51,158,F,82956,0.7713
20170,P2,CASC,72.45,77.51,158,F,82987,0.7207
20180,P2,CASC,72.30,77.50,158,F,83018,0.6687
20190,P2,CASC,72.15,77.48,158,F,83049,0.6154
20200,P2,CASC,72.00,77.49,157,F,83080,0.5605
20210,P2,CASC,71.85,77.52,157,F,83111,0.5038
20220,P2,CASC,71.70,77.51,157,F,83142,0.4457
20230,P2,CASC,71.55,77.49,156,F,83173,0.3863
20240,P2,CASC,71.40,77.50,156,F,83204,0.3253
20250,P2,CASC,71.25,75.01,158,F,83234,0.2877
20260,P2,CASC,71.10,75.00,157,F,83264,0.2487
20270,P2,CASC,70.95,77.48,155,F,83295,0.1833
20280,P2,CASC,70.80,72.51,159,F,83324,0.1663
20290,P2,CASC,70.65,72.50,159,F,83353,0.1478
20300,P2,CASC,70.50,72.49,158,F,83382,0.1278
20310,P2,CASC,70.35,75.01,156,F,83412,0.0813
20320,P2,CASC,70.20,72.50,158,F,83441,0.0583
20330,P2,CASC,70.05,72.48,158,F,83470,0.0340
20340,P2,CASC,69.90,75.01,155,F,83500,-0.0172
20350,P2,CASC,69.75,72.51,157,F,83529,-0.0447
20360,P2,CASC,69.60,72.49,157,F,83558,-0.0736
20370,P2,CASC,69.45,72.50,157,F,83587,-0.1041
20380,P2,CASC,69.30,72.49,156,F,83616,-0.1360
20390,P2,CASC,69.15,72.50,156,F,83645,-0.1695
20400,P2,CASC,69.00,70.00,158,F,83673,-0.1795
20410,P2,CASC,68.85,75.01,154,F,83703,-0.2412
20420,P2,CASC,68.70,72.49,155,F,83732,-0.2791
20430,P2,CASC,68.55,74.99,153,F,83762,-0.3435
20440,P2,CASC,68.40,72.53,155,F,83791,-0.3848
20450,P2,CASC,68.25,72.50,155,F,83820,-0.4273
20460,P2,CASC,68.10,72.48,154,F,83849,-0.4711
20470,P2,CASC,67.95,72.49,154,F,83878,-0.5165
20480,P2,CASC,67.80,70.02,156,F,83906,-0.5387
20490,P2,CASC,67.65,70.01,156,F,83934,-0.5623
20500,P2,CASC,67.50,67.49,157,F,83961,-0.5622
20510,P2,CASC,67.35,69.99,155,F,83989,-0.5885
20520,P2,CASC,67.20,67.52,157,F,84016,-0.5917
20530,P2,CASC,67.05,72.49,153,F,84045,-0.6462
20540,P2,CASC,66.90,67.51,156,F,84072,-0.6522
20550,P2,CASC,66.75,72.47,152,F,84101,-0.7094
20560,P2,CASC,66.60,67.53,156,F,84128,-0.7187
20570,P2,CASC,66.45,70.01,154,F,84156,-0.7543
20580,P2,CASC,66.30,70.00,154,F,84184,-0.7913
20590,P2,CASC,66.15,67.50,155,F,84211,-0.8048
20600,P2,CASC,66.00,69.98,153,F,84239,-0.8446
20610,P2,CASC,65.85,70.02,153,F,84267,-0.8863
20620,P2,CASC,65.70,69.99,153,F,84295,-0.9291
20630,P2,CASC,65.55,67.49,154,F,84322,-0.9486
20640,P2,CASC,65.40,70.00,152,F,84350,-0.9946
20650,P2,CASC,65.25,69.99,152,F,84378,-1.0420
20660,P2,CASC,65.10,70.02,152,F,84406,-1.0912
20670,P2,CASC,64.95,65.01,155,F,84432,-1.0918
20680,P2,CASC,64.80,69.99,151,F,84460,-1.1437
20690,P2,CASC,64.65,67.50,153,F,84487,-1.1722
20700,P2,CASC,64.50,64.99,155,F,84513,-1.1771
20710,P2,CASC,64.35,67.50,152,F,84540,-1.2086
20720,P2,CASC,64.20,65.01,154,F,84566,-1.2167
20730,P2,CASC,64.05,67.50,152,F,84593,-1.2512
20740,P2,CASC,63.90,65.01,154,F,84619,-1.2623
20750,P2,CASC,63.75,67.48,152,F,84646,-1.2996
20760,P2,CASC,63.60,67.49,151,F,84673,-1.3385
20770,P2,CASC,63.45,67.51,151,F,84700,-1.3791
20780,P2,CASC,63.30,65.01,153,F,84726,-1.3962
20790,P2,CASC,63.15,67.49,151,F,84753,-1.4396
20800,P2,CASC,63.00,82.52,138,F,84786,-1.6348
20810,P2,CASC,62.85,67.49,150,F,84813,-1.6812
20820,P2,CASC,62.70,67.51,149,F,84840,-1.7293
20830,P2,CASC,62.55,65.00,151,F,84866,-1.7538
20840,P2,CASC,62.40,59.98,153,F,84890,-1.7296
20850,P2,CASC,62.25,62.50,153,F,84915,-1.7321
20860,P2,CASC,62.10,70.00,147,F,84943,-1.8111
20870,P2,CASC,61.95,67.51,148,F,84970,-1.8667
20880,P2,CASC,61.80,67.51,148,F,84997,-1.9238
20890,P2,CASC,61.65,69.98,146,F,85025,-2.0071
20900,P2,CASC,61.50,67.49,147,F,85052,-2.0670
20910,P2,CASC,61.35,67.51,147,F,85079,-2.1285
20920,P2,CASC,61.20,67.51,147,F,85106,-2.1917
20930,P2,CASC,61.05,67.50,146,F,85133,-2.2562
20940,P2,CASC,60.90,67.51,146,F,85160,-2.3223
20950,P2,CASC,60.75,67.49,146,F,85187,-2.3897
20960,P2,CASC,60.60,65.00,147,F,85213,-2.4337
20970,P2,CASC,60.45,65.00,147,F,85239,-2.4792
20980,P2,CASC,60.30,67.48,145,F,85266,-2.5510
20990,P2,CASC,60.15,67.52,144,F,85293,-2.6247
21000,P2,CASC,60.00,65.01,146,F,85319,-2.6748
21010,P2,CASC,59.85,62.48,148,F,85344,-2.7011
21020,P2,CASC,59.70,65.02,146,F,85370,-2.7543
21030,P2,CASC,59.55,64.98,145,F,85396,-2.8086
21040,P2,CASC,59.40,62.51,147,F,85421,-2.8397
21050,P2,CASC,59.25,62.51,147,F,85446,-2.8723
21060,P2,CASC,59.10,62.49,146,F,85471,-2.9062
21070,P2,CASC,58.95,64.99,144,F,85497,-2.9666
21080,P2,CASC,58.80,62.52,146,F,85522,-3.0038
21090,P2,CASC,58.65,64.99,144,F,85548,-3.0672
21100,P2,CASC,58.50,62.51,145,F,85573,-3.1072
21110,P2,CASC,58.35,62.49,145,F,85598,-3.1487
21120,P2,CASC,58.20,62.50,145,F,85623,-3.1917
21130,P2,CASC,58.05,57.51,147,F,85646,-3.1863
21140,P2,CASC,57.90,62.50,144,F,85671,-3.2323
21150,P2,CASC,57.75,62.49,144,F,85696,-3.2797
21160,P2,CASC,57.60,57.51,147,F,85719,-3.2787
21170,P2,CASC,57.45,59.99,146,F,85743,-3.3041
21180,P2,CASC,57.30,57.52,147,F,85766,-3.3063
21190,P2,CASC,57.15,59.98,145,F,85790,-3.3345
21200,P2,CASC,57.00,57.51,147,F,85813,-3.3396
21210,P2,CASC,56.85,57.51,147,F,85836,-3.3462
21220,P2,CASC,56.70,60.00,145,F,85860,-3.3792
21230,P2,CASC,56.55,60.00,144,F,85884,-3.4137
21240,P2,CASC,56.40,57.50,146,F,85907,-3.4247
21250,P2,CASC,56.25,57.49,146,F,85930,-3.4371
21260,P2,CASC,56.10,57.50,146,F,85953,-3.4511
21270,P2,CASC,55.95,60.02,144,F,85977,-3.4918
21280,P2,CASC,55.80,57.48,145,F,86000,-3.5086
21290,P2,CASC,55.65,59.99,143,F,86024,-3.5520
21300,P2,CASC,55.50,57.52,145,F,86047,-3.5723
21310,P2,CASC,55.35,57.49,145,F,86070,-3.5937
21320,P2,CASC,55.20,60.01,142,F,86094,-3.6418
21330,P2,CASC,55.05,55.00,145,F,86116,-3.6413
21340,P2,CASC,54.90,59.98,142,F,86140,-3.6921
21350,P2,CASC,54.75,60.01,142,F,86164,-3.7447
21360,P2,CASC,54.60,60.00,141,F,86188,-3.7987
21370,P2,CASC,54.45,57.51,143,F,86211,-3.8293
21380,P2,CASC,54.30,57.48,143,F,86234,-3.8611
21390,P2,CASC,54.15,57.52,143,F,86257,-3.8948
21400,P2,CASC,54.00,57.48,142,F,86280,-3.9295
21410,P2,CASC,53.85,55.01,144,F,86302,-3.9411
21420,P2,CASC,53.70,57.50,142,F,86325,-3.9791
21430,P2,CASC,53.55,55.00,144,F,86347,-3.9936
21440,P2,CASC,53.40,55.01,143,F,86369,-4.0096
21450,P2,CASC,53.25,55.00,143,F,86391,-4.0271
21460,P2,CASC,53.10,55.00,143,F,86413,-4.0461
21470,P2,CASC,52.95,52.49,143,F,86434,-4.0416
21480,P2,CASC,52.80,57.49,141,F,86457,-4.0885
21490,P2,CASC,52.65,55.02,142,F,86479,-4.1123
21500,P2,CASC,52.50,54.99,142,F,86501,-4.1372
21510,P2,CASC,52.35,52.49,144,F,86522,-4.1386
21520,P2,CASC,52.20,55.02,142,F,86544,-4.1668
21530,P2,CASC,52.05,54.99,142,F,86566,-4.1962
21540,P2,CASC,51.90,52.48,143,F,86587,-4.2020
21550,P2,CASC,51.75,52.52,143,F,86608,-4.2097
21560,P2,CASC,51.60,54.99,141,F,86630,-4.2436
21570,P2,CASC,51.45,52.52,143,F,86651,-4.2543
21580,P2,CASC,51.30,55.00,140,F,86673,-4.2913
21590,P2,CASC,51.15,52.50,142,F,86694,-4.3048
21600,P2,CASC,51.00,52.48,142,F,86715,-4.3196
21610,P2,CASC,50.85,52.51,142,F,86736,-4.3362
21620,P2,CASC,50.70,52.50,142,F,86757,-4.3542
21630,P2,CASC,50.55,54.99,139,F,86779,-4.3986
21640,P2,CASC,50.40,50.01,141,F,86799,-4.3946
21650,P2,CASC,50.25,52.51,141,F,86820,-4.4172
21660,P2,CASC,50.10,50.01,141,F,86840,-4.4162
21670,P2,CASC,49.95,52.48,141,F,86861,-4.4416
21680,P2,CASC,49.80,52.51,140,F,86882,-4.4687
21690,P2,CASC,49.65,50.00,142,F,86902,-4.4722
21700,P2,CASC,49.50,47.49,141,F,86921,-4.4520
21710,P2,CASC,49.35,50.01,142,F,86941,-4.4586
21720,P2,CASC,49.20,49.99,142,F,86961,-4.4666
21730,P2,CASC,49.05,52.51,140,F,86982,-4.5012
21740,P2,CASC,48.90,50.00,142,F,87002,-4.5122
21750,P2,CASC,48.75,49.99,141,F,87022,-4.5247
21760,P2,CASC,48.60,52.51,139,F,87043,-4.5638
21770,P2,CASC,48.45,50.00,141,F,87063,-4.5793
21780,P2,CASC,48.30,52.48,139,F,87084,-4.6211
21790,P2,CASC,48.15,50.01,141,F,87104,-4.6397
21800,P2,CASC,48.00,52.49,139,F,87125,-4.6846
21810,P2,CASC,47.85,52.51,138,F,87146,-4.7312
21820,P2,CASC,47.70,64.99,128,F,87172,-4.9041
21830,P2,CASC,47.55,55.01,136,F,87194,-4.9786
21840,P2,CASC,47.40,49.99,139,F,87214,-5.0046
21850,P2,CASC,47.25,50.01,139,F,87234,-5.0322
21860,P2,CASC,47.10,52.49,137,F,87255,-5.0861
21870,P2,CASC,46.95,50.01,139,F,87275,-5.1167
21880,P2,CASC,46.80,45.00,140,F,87293,-5.0987
21890,P2,CASC,46.65,47.49,140,F,87312,-5.1071
21900,P2,CASC,46.50,55.01,134,F,87334,-5.1922
21910,P2,CASC,46.35,54.99,134,F,87356,-5.2787
21920,P2,CASC,46.20,52.50,136,F,87377,-5.3417
21930,P2,CASC,46.05,52.49,135,F,87398,-5.4061
21940,P2,CASC,45.90,52.51,135,F,87419,-5.4722
21950,P2,CASC,45.75,50.01,137,F,87439,-5.5147
21960,P2,CASC,45.60,52.49,134,F,87460,-5.5836
21970,P2,CASC,45.45,55.01,132,F,87482,-5.6792
21980,P2,CASC,45.30,49.99,136,F,87502,-5.7261
21990,P2,CASC,45.15,52.51,134,F,87523,-5.7996
22000,P2,CASC,45.00,50.02,135,F,87543,-5.8498
22010,P2,CASC,44.85,52.49,133,F,87564,-5.9262
22020,P2,CASC,44.70,50.01,135,F,87584,-5.9793
22030,P2,CASC,44.55,52.49,132,F,87605,-6.0587
22040,P2,CASC,44.40,49.99,134,F,87625,-6.1147
22050,P2,CASC,44.25,50.01,134,F,87645,-6.1722
22060,P2,CASC,44.10,50.01,134,F,87665,-6.2313
22070,P2,CASC,43.95,50.00,133,F,87685,-6.2918
22080,P2,CASC,43.80,47.50,135,F,87704,-6.3287
22090,P2,CASC,43.65,49.99,133,F,87724,-6.3922
22100,P2,CASC,43.50,47.50,135,F,87743,-6.4322
22110,P2,CASC,43.35,47.50,134,F,87762,-6.4736
22120,P2,CASC,43.20,47.51,134,F,87781,-6.5168
22130,P2,CASC,43.05,47.48,134,F,87800,-6.5611
22140,P2,CASC,42.90,47.52,134,F,87819,-6.6073
22150,P2,CASC,42.75,47.50,133,F,87838,-6.6548
22160,P2,CASC,42.60,45.00,135,F,87856,-6.6788
22170,P2,CASC,42.45,47.49,133,F,87875,-6.7292
22180,P2,CASC,42.30,47.50,133,F,87894,-6.7812
22190,P2,CASC,42.15,44.99,135,F,87912,-6.8096
22200,P2,CASC,42.00,45.02,134,F,87930,-6.8397
22210,P2,CASC,41.85,44.99,134,F,87948,-6.8712
22220,P2,CASC,41.70,47.50,132,F,87967,-6.9291
22230,P2,CASC,41.55,45.01,134,F,87985,-6.9637
22240,P2,CASC,41.40,42.50,136,F,88002,-6.9747
22250,P2,CASC,41.25,45.00,133,F,88020,-7.0122
22260,P2,CASC,41.10,42.50,135,F,88037,-7.0262
22270,P2,CASC,40.95,45.00,133,F,88055,-7.0667
22280,P2,CASC,40.80,42.50,135,F,88072,-7.0837
22290,P2,CASC,40.65,44.99,133,F,88090,-7.1272
22300,P2,CASC,40.50,40.00,133,F,88106,-7.1222
22310,P2,CASC,40.35,42.49,134,F,88123,-7.1436
22320,P2,CASC,40.20,42.50,134,F,88140,-7.1666
22330,P2,CASC,40.05,42.50,134,F,88157,-7.1911
22340,P2,CASC,39.90,40.02,136,F,88173,-7.1922
22350,P2,CASC,39.75,44.99,132,F,88191,-7.2446
22360,P2,CASC,39.60,40.00,135,F,88207,-7.2486
22370,P2,CASC,39.45,42.50,133,F,88224,-7.2791
22380,P2,CASC,39.30,42.51,133,F,88241,-7.3112
22390,P2,CASC,39.15,42.50,133,F,88258,-7.3447
22400,P2,CASC,39.00,42.50,133,F,88275,-7.3797
22410,P2,CASC,38.85,42.50,132,F,88292,-7.4162
22420,P2,CASC,38.70,39.99,134,F,88308,-7.4291
22430,P2,CASC,38.55,42.50,132,F,88325,-7.4686
22440,P2,CASC,38.40,40.00,134,F,88341,-7.4846
22450,P2,CASC,38.25,42.50,132,F,88358,-7.5271
22460,P2,CASC,38.10,45.01,129,F,88376,-7.5962
22470,P2,CASC,37.95,40.00,133,F,88392,-7.6167
22480,P2,CASC,37.80,42.51,131,F,88409,-7.6637
22490,P2,CASC,37.65,40.00,133,F,88425,-7.6872
22500,P2,CASC,37.50,42.49,131,F,88442,-7.7372
22510,P2,CASC,37.35,42.48,130,F,88459,-7.7885
22520,P2,CASC,37.20,40.02,132,F,88475,-7.8167
22530,P2,CASC,37.05,45.00,128,F,88493,-7.8961
22540,P2,CASC,36.90,40.00,132,F,88509,-7.9272
22550,P2,CASC,36.75,42.49,129,F,88526,-7.9846
22560,P2,CASC,36.60,42.50,129,F,88543,-8.0436
22570,P2,CASC,36.45,42.50,129,F,88560,-8.1041
22580,P2,CASC,36.30,42.51,129,F,88577,-8.1662
22590,P2,CASC,36.15,42.49,128,F,88594,-8.2296
22600,P2,CASC,36.00,42.50,128,F,88611,-8.2947
22610,P2,CASC,35.85,39.99,130,F,88627,-8.3361
22620,P2,CASC,35.70,40.01,130,F,88643,-8.3792
22630,P2,CASC,35.55,42.49,127,F,88660,-8.4486
22640,P2,CASC,35.40,40.01,129,F,88676,-8.4947
22650,P2,CASC,35.25,40.00,129,F,88692,-8.5422
22660,P2,CASC,35.10,39.99,129,F,88708,-8.5911
22670,P2,CASC,34.95,37.51,130,F,88723,-8.6167
22680,P2,CASC,34.80,39.99,128,F,88739,-8.6685
22690,P2,CASC,34.65,37.50,130,F,88754,-8.6970
22700,P2,CASC,34.50,40.01,128,F,88770,-8.7522
22710,P2,CASC,34.35,37.50,129,F,88785,-8.7837
22720,P2,CASC,34.20,37.50,129,F,88800,-8.8167
22730,P2,CASC,34.05,37.50,129,F,88815,-8.8512
22740,P2,CASC,33.90,37.50,129,F,88830,-8.8872
22750,P2,CASC,33.75,40.00,127,F,88846,-8.9497
22760,P2,CASC,33.60,37.49,128,F,88861,-8.9886
22770,P2,CASC,33.45,37.51,128,F,88876,-9.0292
22780,P2,CASC,33.30,37.49,128,F,88891,-9.0711
22790,P2,CASC,33.15,35.00,130,F,88905,-9.0896
22800,P2,CASC,33.00,35.01,130,F,88919,-9.1096
22810,P2,CASC,32.85,35.00,129,F,88933,-9.1311
22820,P2,CASC,32.70,37.50,127,F,88948,-9.1791
22830,P2,CASC,32.55,35.01,129,F,88962,-9.2037
22840,P2,CASC,32.40,34.99,129,F,88976,-9.2296
22850,P2,CASC,32.25,35.00,129,F,88990,-9.2571
22860,P2,CASC,32.10,32.51,130,F,89003,-9.2612
22870,P2,CASC,31.95,35.00,128,F,89017,-9.2917
22880,P2,CASC,31.80,34.99,128,F,89031,-9.3236
22890,P2,CASC,31.65,32.51,130,F,89044,-9.3322
22900,P2,CASC,31.50,32.49,130,F,89057,-9.3421
22910,P2,CASC,31.35,35.00,128,F,89071,-9.3786
22920,P2,CASC,31.20,32.51,129,F,89084,-9.3917
22930,P2,CASC,31.05,32.49,129,F,89097,-9.4061
22940,P2,CASC,30.90,32.51,129,F,89110,-9.4221
22950,P2,CASC,30.75,32.50,129,F,89123,-9.4396
22960,P2,CASC,30.60,35.00,127,F,89137,-9.4836
22970,P2,CASC,30.45,32.51,129,F,89150,-9.5042
22980,P2,CASC,30.30,32.50,128,F,89163,-9.5261
22990,P2,CASC,30.15,32.50,128,F,89176,-9.5497
23000,P2,CASC,30.00,30.00,130,F,89188,-9.5497
23010,P2,CASC,29.85,32.50,128,F,89201,-9.5761
23020,P2,CASC,29.70,32.49,128,F,89214,-9.6041
23030,P2,CASC,29.55,30.00,130,F,89226,-9.6086
23040,P2,CASC,29.40,32.51,127,F,89239,-9.6397
23050,P2,CASC,29.25,29.99,129,F,89251,-9.6471
23060,P2,CASC,29.10,32.51,127,F,89264,-9.6812
23070,P2,CASC,28.95,32.49,127,F,89277,-9.7166
23080,P2,CASC,28.80,30.01,129,F,89289,-9.7287
23090,P2,CASC,28.65,32.50,127,F,89302,-9.7672
23100,P2,CASC,28.50,30.00,128,F,89314,-9.7822
23110,P2,CASC,28.35,32.49,126,F,89327,-9.8236
23120,P2,CASC,28.20,30.00,128,F,89339,-9.8416
23130,P2,CASC,28.05,32.51,126,F,89352,-9.8862
23140,P2,CASC,27.90,30.00,128,F,89364,-9.9071
23150,P2,CASC,27.75,32.50,125,F,89377,-9.9546
23160,P2,CASC,27.60,32.50,125,F,89390,-10.0036
23170,P2,CASC,27.45,32.49,125,F,89403,-10.0541
23180,P2,CASC,27.30,30.01,127,F,89415,-10.0812
23190,P2,CASC,27.15,34.99,122,F,89429,-10.1596
23200,P2,CASC,27.00,32.51,124,F,89442,-10.2146
23210,P2,CASC,26.85,32.50,124,F,89455,-10.2712
23220,P2,CASC,26.70,32.50,124,F,89468,-10.3292
23230,P2,CASC,26.55,32.50,123,F,89481,-10.3887
23240,P2,CASC,26.40,32.49,123,F,89494,-10.4496
23250,P2,CASC,26.25,32.50,123,F,89507,-10.5121
23260,P2,CASC,26.10,32.51,123,F,89520,-10.5762
23270,P2,CASC,25.95,32.49,122,F,89533,-10.6415
23280,P2,CASC,25.80,37.50,118,F,89548,-10.7585
23290,P2,CASC,25.65,45.00,112,F,89566,-10.9521
23300,P2,CASC,25.50,37.51,117,F,89581,-11.0722
23310,P2,CASC,25.35,30.00,123,F,89593,-11.1187
23320,P2,CASC,25.20,32.50,120,F,89606,-11.1916
23330,P2,CASC,25.05,32.50,120,F,89619,-11.2662
23340,P2,CASC,24.90,29.99,122,F,89631,-11.3171
23350,P2,CASC,24.75,32.51,120,F,89644,-11.3947
23360,P2,CASC,24.60,29.99,121,F,89656,-11.4486
23370,P2,CASC,24.45,27.50,123,F,89667,-11.4791
23380,P2,CASC,24.30,25.01,125,F,89677,-11.4862
23390,P2,CASC,24.15,32.50,119,F,89690,-11.5697
23400,P2,CASC,24.00,32.49,118,F,89703,-11.6546
23410,P2,CASC,23.85,32.50,118,F,89716,-11.7411
23420,P2,CASC,23.70,32.51,118,F,89729,-11.8292
23430,P2,CASC,23.55,32.50,117,F,89742,-11.9187
23440,P2,CASC,23.40,35.00,115,F,89756,-12.0347
23450,P2,CASC,23.25,30.00,119,F,89768,-12.1022
23460,P2,CASC,23.10,32.49,116,F,89781,-12.1961
23470,P2,CASC,22.95,30.01,118,F,89793,-12.2666
23480,P2,CASC,22.80,32.50,116,F,89806,-12.3636
23490,P2,CASC,22.65,30.00,117,F,89818,-12.4371
23500,P2,CASC,22.50,30.00,117,F,89830,-12.5121
23510,P2,CASC,22.35,30.01,117,F,89842,-12.5886
23520,P2,CASC,22.20,32.49,114,F,89855,-12.6916
23530,P2,CASC,22.05,30.01,116,F,89867,-12.7711
23540,P2,CASC,21.90,30.00,116,F,89879,-12.8521
23550,P2,CASC,21.75,30.00,115,F,89891,-12.9346
23560,P2,CASC,21.60,27.50,117,F,89902,-12.9936
23570,P2,CASC,21.45,29.99,115,F,89914,-13.0791
23580,P2,CASC,21.30,27.51,116,F,89925,-13.1412
23590,P2,CASC,21.15,29.99,114,F,89937,-13.2296
23600,P2,CASC,21.00,27.50,116,F,89948,-13.2946
23610,P2,CASC,20.85,27.51,116,F,89959,-13.3612
23620,P2,CASC,20.70,27.49,115,F,89970,-13.4290
23630,P2,CASC,20.55,27.51,115,F,89981,-13.4986
23640,P2,CASC,20.40,27.50,115,F,89992,-13.5696
23650,P2,CASC,20.25,27.50,114,F,90003,-13.6421
23660,P2,CASC,20.10,25.00,116,F,90013,-13.6911
23670,P2,CASC,19.95,27.50,114,F,90024,-13.7666
23680,P2,CASC,19.80,25.00,116,F,90034,-13.8186
23690,P2,CASC,19.65,25.00,115,F,90044,-13.8721
23700,P2,CASC,19.50,25.00,115,F,90054,-13.9271
23710,P2,CASC,19.35,25.00,115,F,90064,-13.9836
23720,P2,CASC,19.20,25.00,115,F,90074,-14.0416
23730,P2,CASC,19.05,25.00,114,F,90084,-14.1011
23740,P2,CASC,18.90,22.50,116,F,90093,-14.1371
23750,P2,CASC,18.75,25.01,114,F,90103,-14.1996
23760,P2,CASC,18.60,22.50,116,F,90112,-14.2386
23770,P2,CASC,18.45,22.50,115,F,90121,-14.2792
23780,P2,CASC,18.30,22.50,115,F,90130,-14.3211
23790,P2,CASC,18.15,22.50,115,F,90139,-14.3646
23800,P2,CASC,18.00,22.50,115,F,90148,-14.4096
23810,P2,CASC,17.85,22.49,114,F,90157,-14.4560
23820,P2,CASC,17.70,20.01,116,F,90165,-14.4791
23830,P2,CASC,17.55,22.51,114,F,90174,-14.5286
23840,P2,CASC,17.40,20.00,116,F,90182,-14.5546
23850,P2,CASC,17.25,20.00,116,F,90190,-14.5821
23860,P2,CASC,17.10,20.00,115,F,90198,-14.6111
23870,P2,CASC,16.95,20.00,115,F,90206,-14.6416
23880,P2,CASC,16.80,20.00,115,F,90214,-14.6736
23890,P2,CASC,16.65,20.00,115,F,90222,-14.7071
23900,P2,CASC,16.50,20.00,115,F,90230,-14.7421
23910,P2,CASC,16.35,20.00,114,F,90238,-14.7786
23920,P2,CASC,16.20,17.50,116,F,90245,-14.7916
23930,P2,CASC,16.05,17.50,116,F,90252,-14.8061
23940,P2,CASC,15.90,20.00,114,F,90260,-14.8471
23950,P2,CASC,15.75,17.50,116,F,90267,-14.8646
23960,P2,CASC,15.60,17.50,115,F,90274,-14.8836
23970,P2,CASC,15.45,17.50,115,F,90281,-14.9041
23980,P2,CASC,15.30,17.50,115,F,90288,-14.9261
23990,P2,CASC,15.15,17.50,115,F,90295,-14.9496
24000,P2,CASC,15.00,17.50,115,F,90302,-14.9746
24010,P2,CASC,14.85,15.00,117,F,90308,-14.9761
24020,P2,CASC,14.70,15.01,116,F,90314,-14.9791
24030,P2,CASC,14.55,15.00,116,F,90320,-14.9836
24040,P2,CASC,14.40,17.50,114,F,90327,-15.0146
24050,P2,CASC,14.25,15.00,116,F,90333,-15.0221
24060,P2,CASC,14.10,15.00,116,F,90339,-15.0311
24070,P2,CASC,13.95,15.00,116,F,90345,-15.0416
24080,P2,CASC,13.80,15.00,116,F,90351,-15.0536
24090,P2,CASC,13.65,17.49,113,F,90358,-15.0921
24100,P2,CASC,13.50,12.50,111,F,90363,-15.0821
24110,P2,CASC,13.35,12.50,111,F,90368,-15.0736
24120,P2,CASC,13.20,15.00,115,F,90374,-15.0916
24130,P2,CASC,13.05,12.50,111,F,90379,-15.0861
24140,P2,CASC,12.90,12.50,111,F,90384,-15.0821
24150,P2,CASC,12.75,12.50,111,F,90389,-15.0796
24160,P2,CASC,12.60,15.00,115,F,90395,-15.1036
24170,P2,CASC,12.45,12.50,116,F,90400,-15.1041
24180,P2,CASC,12.30,10.00,111,F,90404,-15.0811
24190,P2,CASC,12.15,12.50,116,F,90409,-15.0846
24200,P2,CASC,12.00,12.50,116,F,90414,-15.0896
24210,P2,CASC,11.85,12.50,116,F,90419,-15.0961
24220,P2,CASC,11.70,12.50,116,F,90424,-15.1041
24230,P2,CASC,11.55,10.00,111,F,90428,-15.0886
24240,P2,CASC,11.40,10.00,111,F,90432,-15.0746
24250,P2,CASC,11.25,12.50,115,F,90437,-15.0871
24260,P2,CASC,11.10,10.00,111,F,90441,-15.0761
24270,P2,CASC,10.95,10.00,111,F,90445,-15.0666
24280,P2,CASC,10.80,12.50,115,F,90450,-15.0836
24290,P2,CASC,10.65,12.50,115,F,90455,-15.1021
24300,P2,CASC,10.50,10.00,111,F,90459,-15.0971
24310,P2,CASC,10.35,10.00,111,F,90463,-15.0936
24320,P2,CASC,10.20,12.50,115,F,90468,-15.1166
24330,P2,CASC,10.05,10.00,111,F,90472,-15.1161
24340,P2,CASC,9.90,12.50,114,F,90477,-15.1421
24350,P2,CASC,9.75,10.00,116,F,90481,-15.1446
24360,P2,CASC,9.60,10.00,116,F,90485,-15.1486
24370,P2,CASC,9.45,10.00,116,F,90489,-15.1541
24380,P2,CASC,9.30,12.50,114,F,90494,-15.1861
24390,P2,CASC,9.15,10.00,116,F,90498,-15.1946
24400,P2,CASC,9.00,10.00,115,F,90502,-15.2046
24410,P2,CASC,8.85,12.50,113,F,90507,-15.2411
24420,P2,CASC,8.70,10.00,115,F,90511,-15.2541
24430,P2,CASC,8.55,12.50,113,F,90516,-15.2936
24440,P2,CASC,8.40,12.50,113,F,90521,-15.3346
24450,P2,CASC,8.25,10.00,114,F,90525,-15.3521
24460,P2,CASC,8.10,10.00,114,F,90529,-15.3711
24470,P2,CASC,7.95,12.50,112,F,90534,-15.4166
24480,P2,CASC,7.80,12.50,112,F,90539,-15.4636
24490,P2,CASC,7.65,12.50,112,F,90544,-15.5121
24500,P2,CASC,7.50,10.00,113,F,90548,-15.5371
24510,P2,CASC,7.35,10.00,113,F,90552,-15.5636
24520,P2,CASC,7.20,12.50,111,F,90557,-15.6166
24530,P2,CASC,7.05,10.00,113,F,90561,-15.6461
24540,P2,CASC,6.90,12.50,111,F,90566,-15.7021
24550,P2,CASC,6.75,10.00,112,F,90570,-15.7346
24560,P2,CASC,6.60,12.50,110,F,90575,-15.7936
24570,P2,CASC,6.45,12.50,110,F,90580,-15.8541
24580,P2,CASC,6.30,10.00,112,F,90584,-15.8911
24590,P2,CASC,6.15,10.00,111,F,90588,-15.9296
24600,P2,CASC,6.00,12.50,109,F,90593,-15.9946
24610,P2,CASC,5.85,12.50,109,F,90598,-16.0611
24620,P2,CASC,5.70,10.00,111,F,90602,-16.1041
24630,P2,CASC,5.55,10.00,110,F,90606,-16.1486
24640,P2,CASC,5.40,10.00,110,F,90610,-16.1946
24650,P2,CASC,5.25,12.50,108,F,90615,-16.2671
24660,P2,CASC,5.10,10.00,110,F,90619,-16.3161
24670,P2,CASC,4.95,10.00,109,F,90623,-16.3666
24680,P2,CASC,4.80,10.00,109,F,90627,-16.4186
24690,P2,CASC,4.65,10.00,109,F,90631,-16.4721
24700,P2,CASC,4.50,12.51,107,F,90636,-16.5521
24710,P2,CASC,4.35,10.00,108,F,90640,-16.6086
24720,P2,CASC,4.20,10.00,108,F,90644,-16.6666
24730,P2,CASC,4.05,10.00,108,F,90648,-16.7261
24740,P2,CASC,3.90,10.00,108,F,90652,-16.7871
24750,P2,CASC,3.75,10.00,107,F,90656,-16.8496
24760,P2,CASC,3.60,10.00,107,F,90660,-16.9136
24770,P2,CASC,3.45,7.50,109,F,90663,-16.9541
24780,P2,CASC,3.30,10.00,107,F,90667,-17.0211
24790,P2,CASC,3.15,7.50,108,F,90670,-17.0646
24800,P2,CASC,3.00,10.00,106,F,90674,-17.1346
24810,P2,CASC,2.85,10.00,106,F,90678,-17.2061
24820,P2,CASC,2.70,10.00,105,F,90682,-17.2791
24830,P2,CASC,2.55,7.50,107,F,90685,-17.3286
24840,P2,CASC,2.40,7.50,107,F,90688,-17.3796
24850,P2,CASC,2.25,7.50,107,F,90691,-17.4321
24860,P2,CASC,2.10,10.00,104,F,90695,-17.5111
24870,P2,CASC,1.95,10.00,104,F,90699,-17.5916
24880,P2,CASC,1.80,5.00,108,F,90701,-17.6236
24890,P2,CASC,1.65,7.50,106,F,90704,-17.6821
24900,P2,CASC,1.50,7.50,105,F,90707,-17.7421
24910,P2,CASC,1.35,7.50,105,F,90710,-17.8036
24920,P2,CASC,1.20,7.50,105,F,90713,-17.8666
24930,P2,CASC,1.05,7.50,104,F,90716,-17.9311
24940,P2,CASC,0.90,7.50,104,F,90719,-17.9971
24950,P2,CASC,0.75,5.00,106,F,90721,-18.0396
24960,P2,CASC,0.60,5.00,106,F,90723,-18.0836
24970,P2,CASC,0.45,7.50,103,F,90726,-18.1541
24980,P2,CASC,0.30,5.00,105,F,90728,-18.2011
24990,P2,CASC,0.15,7.50,103,F,90731,-18.2746
25000,P2,CASC,0.00,7.50,73,F,90734,-18.3496
25010,P2,CASC,0.00,5.00,43,F,90736,-18.3996
25020,P2,CASC,0.00,2.50,13,F,90737,-18.4246
25030,P2,CASC,0.00,0.00,-16,R,90737,-18.4246
25040,P2,CASC,0.00,0.00,-45,R,90737,-18.4246
25050,P2,CASC,0.00,0.00,-45,R,90737,-18.4246
25060,P2,CASC,0.00,0.00,-45,R,90737,-18.4246
25070,P2,CASC,0.00,0.00,-45,R,90737,-18.4246
25080,P2,CASC,0.00,0.00,-45,R,90737,-18.4246
25090,P2,CASC,0.00,0.00,-45,R,90737,-18.4246
25100,P2,CASC,0.00,0.00,-45,R,90737,-18.4246
25110,P2,CASC,0.00,0.00,-45,R,90737,-18.4246
25120,P2,CASC,0.00,0.00,-45,R,90737,-18.4246
25130,P2,CASC,0.00,0.00,-45,R,90737,-18.4246
25140,P2,CASC,0.00,-2.50,-43,R,90736,-18.3996
25150,P2,CASC,0.00,0.00,-45,R,90736,-18.3996
25160,P2,CASC,0.00,0.00,-45,R,90736,-18.3996
25170,P2,CASC,0.00,0.00,-45,R,90736,-18.3996
25180,P2,CASC,0.00,0.00,-45,R,90736,-18.3996
25190,P2,CASC,0.00,0.00,-45,R,90736,-18.3996
25200,P2,CASC,0.00,0.00,-45,R,90736,-18.3996
25210,P2,CASC,0.00,0.00,-45,R,90736,-18.3996
25220,P2,CASC,0.00,0.00,-45,R,90736,-18.3996
25230,P2,CASC,0.00,0.00,-45,R,90736,-18.3996
25240,P2,CASC,0.00,0.00,-45,R,90736,-18.3996
25250,P2,CASC,0.00,0.00,-45,R,90736,-18.3996
25260,P2,CASC,0.00,0.00,-45,R,90736,-18.3996
25270,P2,CASC,0.00,0.00,-45,R,90736,-18.3996
25280,P2,CASC,0.00,0.00,-45,R,90736,-18.3996
25290,P2,CASC,0.00,0.00,-45,R,90736,-18.3996
25300,P2,CASC,0.00,0.00,-45,R,90736,-18.3996
25310,P2,CASC,0.00,0.00,-45,R,90736,-18.3996
25320,P2,CASC,0.00,0.00,-45,R,90736,-18.3996
25330,P2,CASC,0.00,0.00,-45,R,90736,-18.3996
25340,P2,CASC,0.00,0.00,-45,R,90736,-18.3996
25350,P2,CASC,0.00,0.00,-45,R,90736,-18.3996
25360,P2,CASC,0.00,0.00,-45,R,90736,-18.3996
25370,P2,CASC,0.00,0.00,-45,R,90736,-18.3996
25380,P2,CASC,0.00,0.00,-45,R,90736,-18.3996
25390,P2,CASC,0.00,0.00,-45,R,90736,-18.3996
25400,P2,CASC,0.00,0.00,-45,R,90736,-18.3996
25410,P2,CASC,0.00,0.00,-45,R,90736,-18.3996
25420,P2,CASC,0.00,0.00,-45,R,90736,-18.3996
25430,P2,CASC,0.00,0.00,-45,R,90736,-18.3996
25440,P2,CASC,0.00,0.00,-45,R,90736,-18.3996
25450,P2,CASC,0.00,0.00,-45,R,90736,-18.3996
25460,P2,CASC,0.00,0.00,-45,R,90736,-18.3996
25470,P2,CASC,0.00,0.00,-45,R,90736,-18.3996
25480,P2,CASC,0.00,0.00,-45,R,90736,-18.3996
25490,P2,CASC,0.00,0.00,-45,R,90736,-18.3996
25500,P2,CASC,0.00,0.00,-45,R,90736,-18.3996
25510,P2,CASC,0.00,0.00,-45,R,90736,-18.3996
25520,P2,CASC,0.00,0.00,-45,R,90736,-18.3996
25530,P2,CASC,0.00,0.00,-45,R,90736,-18.3996
25540,P2,CASC,0.00,0.00,-45,R,90736,-18.3996
25550,P2,CASC,0.00,0.00,-45,R,90736,-18.3996
25560,P2,CASC,0.00,0.00,-45,R,90736,-18.3996
25570,P2,CASC,0.00,0.00,-45,R,90736,-18.3996
25580,P2,CASC,0.00,0.00,-45,R,90736,-18.3996
25590,P2,CASC,0.00,0.00,-45,R,90736,-18.3996
25600,P2,CASC,0.00,0.00,-45,R,90736,-18.3996
25610,P2,CASC,0.00,0.00,-45,R,90736,-18.3996
25620,P2,CASC,0.00,0.00,-45,R,90736,-18.3996
25630,P2,CASC,0.00,0.00,-45,R,90736,-18.3996
25640,P2,CASC,0.00,0.00,-45,R,90736,-18.3996
25650,P2,CASC,0.00,0.00,-45,R,90736,-18.3996
25660,P2,CASC,0.00,0.00,-45,R,90736,-18.3996
25670,P2,CASC,0.00,0.00,-45,R,90736,-18.3996
25680,P2,CASC,0.00,0.00,-45,R,90736,-18.3996
25690,P2,CASC,0.00,0.00,-45,R,90736,-18.3996
25700,P2,CASC,0.00,0.00,-45,R,90736,-18.3996
25710,P2,CASC,0.00,0.00,-45,R,90736,-18.3996
25720,P2,CASC,0.00,0.00,-45,R,90736,-18.3996
25730,P2,CASC,0.00,0.00,-45,R,90736,-18.3996
25740,P2,CASC,0.00,0.00,-45,R,90736,-18.3996
25750,P2,CASC,0.00,0.00,-45,R,90736,-18.3996
25760,P2,CASC,0.00,0.00,-45,R,90736,-18.3996
25770,P2,CASC,0.00,0.00,-45,R,90736,-18.3996
25780,P2,CASC,0.00,0.00,-45,R,90736,-18.3996
25790,P2,CASC,0.00,0.00,-45,R,90736,-18.3996
25800,P2,CASC,0.00,0.00,-45,R,90736,-18.3996
25810,P2,CASC,0.00,0.00,-45,R,90736,-18.3996
25820,P2,CASC,0.00,0.00,-45,R,90736,-18.3996
25830,P2,CASC,0.00,0.00,-45,R,90736,-18.3996
25840,P2,CASC,0.00,0.00,-45,R,90736,-18.3996
25850,P2,CASC,0.00,0.00,-45,R,90736,-18.3996
25860,P2,CASC,0.00,0.00,-45,R,90736,-18.3996
25870,P2,CASC,0.00,0.00,-45,R,90736,-18.3996
25880,P2,CASC,0.00,0.00,-45,R,90736,-18.3996
25890,P2,CASC,0.00,0.00,-45,R,90736,-18.3996
25900,P2,CASC,0.00,0.00,-45,R,90736,-18.3996
25910,P2,CASC,0.00,0.00,-45,R,90736,-18.3996
25920,P2,CASC,0.00,0.00,-45,R,90736,-18.3996
25930,P2,CASC,0.00,0.00,-45,R,90736,-18.3996
25940,P2,CASC,0.00,0.00,-45,R,90736,-18.3996
25950,P2,CASC,0.00,0.00,-45,R,90736,-18.3996
25960,P2,CASC,0.00,0.00,-45,R,90736,-18.3996
25970,P2,CASC,0.00,0.00,-45,R,90736,-18.3996
25980,P2,CASC,0.00,0.00,-45,R,90736,-18.3996
25990,P2,CASC,0.00,0.00,-45,R,90736,-18.3996
26000,P2,CASC,0.00,0.00,-45,R,90736,-18.3996
26010,P2,CASC,0.00,0.00,-45,R,90736,-18.3996
26020,P2,CASC,0.00,0.00,-45,R,90736,-18.3996
26030,P2,CASC,0.00,0.00,-45,R,90736,-18.3996
26040,P2,CASC,0.00,0.00,-45,R,90736,-18.3996
26050,P2,CASC,0.00,0.00,-45,R,90736,-18.3996
26060,P2,CASC,0.00,0.00,-45,R,90736,-18.3996
26070,P2,CASC,0.00,0.00,-45,R,90736,-18.3996
26080,P2,CASC,0.00,0.00,-45,R,90736,-18.3996
26090,P2,CASC,0.00,0.00,-45,R,90736,-18.3996
26100,P2,CASC,0.00,0.00,-45,R,90736,-18.3996
26110,P2,CASC,0.00,0.00,-45,R,90736,-18.3996
26120,P2,CASC,0.00,0.00,-45,R,90736,-18.3996
26130,P2,CASC,0.00,0.00,-45,R,90736,-18.3996
26140,P2,CASC,0.00,0.00,-45,R,90736,-18.3996
26150,P2,CASC,0.00,0.00,-45,R,90736,-18.3996
26160,P2,CASC,0.00,0.00,-45,R,90736,-18.3996
26170,P2,CASC,0.00,0.00,-45,R,90736,-18.3996
26180,P2,CASC,0.00,0.00,-45,R,90736,-18.3996
26190,P2,CASC,0.00,0.00,-45,R,90736,-18.3996
26200,P2,CASC,0.00,0.00,-45,R,90736,-18.3996
26210,P2,CASC,0.00,0.00,-45,R,90736,-18.3996
26220,P2,CASC,0.00,0.00,-45,R,90736,-18.3996
26230,P2,CASC,0.00,0.00,-45,R,90736,-18.3996
26240,P2,CASC,0.00,0.00,-45,R,90736,-18.3996
26250,P2,CASC,0.00,0.00,-45,R,90736,-18.3996
26260,P2,CASC,0.00,0.00,-45,R,90736,-18.3996
26270,P2,CASC,0.00,0.00,-45,R,90736,-18.3996
26280,P2,CASC,0.00,0.00,-45,R,90736,-18.3996
26290,P2,CASC,0.00,0.00,-45,R,90736,-18.3996
26300,P2,CASC,0.00,0.00,-45,R,90736,-18.3996
26310,P2,CASC,0.00,0.00,-45,R,90736,-18.3996
26320,P2,CASC,0.00,0.00,-45,R,90736,-18.3996
26330,P2,CASC,0.00,0.00,-45,R,90736,-18.3996
26340,P2,CASC,0.00,0.00,-45,R,90736,-18.3996
26350,P2,CASC,0.00,0.00,-45,R,90736,-18.3996
26360,P2,CASC,0.00,0.00,-45,R,90736,-18.3996
26370,P2,CASC,0.00,0.00,-45,R,90736,-18.3996
26380,P2,CASC,0.00,0.00,-45,R,90736,-18.3996
26390,P2,CASC,0.00,0.00,-45,R,90736,-18.3996
26400,P2,CASC,0.00,0.00,-45,R,90736,-18.3996
26410,P2,CASC,0.00,0.00,-45,R,90736,-18.3996
26420,P2,CASC,0.00,0.00,-45,R,90736,-18.3996
26430,P2,CASC,0.00,0.00,-45,R,90736,-18.3996
26440,P2,CASC,0.00,0.00,-45,R,90736,-18.3996
26450,P2,CASC,0.00,0.00,-45,R,90736,-18.3996
26460,P2,CASC,0.00,0.00,-45,R,90736,-18.3996
26470,P2,CASC,0.00,0.00,-45,R,90736,-18.3996
26480,P2,CASC,0.00,0.00,-45,R,90736,-18.3996
26490,P2,CASC,0.00,0.00,-45,R,90736,-18.3996
26500,P2,CASC,0.00,0.00,-45,R,90736,-18.3996
26510,P2,CASC,0.00,0.00,-45,R,90736,-18.3996
26520,P2,CASC,0.00,0.00,-45,R,90736,-18.3996
26530,P2,CASC,0.00,0.00,-45,R,90736,-18.3996
26540,P2,CASC,0.00,0.00,-45,R,90736,-18.3996
26550,P2,CASC,0.00,0.00,-45,R,90736,-18.3996
26560,P2,CASC,0.00,0.00,-45,R,90736,-18.3996
26570,P2,CASC,0.00,0.00,-45,R,90736,-18.3996
26580,P2,CASC,0.00,0.00,-45,R,90736,-18.3996
26590,P2,CASC,0.00,0.00,-45,R,90736,-18.3996
26600,P2,CASC,0.00,0.00,-45,R,90736,-18.3996
26610,P2,CASC,0.00,0.00,-45,R,90736,-18.3996
26620,P2,CASC,0.00,0.00,-45,R,90736,-18.3996
26630,P2,CASC,0.00,0.00,-45,R,90736,-18.3996
26640,P2,CASC,0.00,0.00,-45,R,90736,-18.3996
26650,P2,CASC,0.00,0.00,-45,R,90736,-18.3996
26660,P2,CASC,0.00,0.00,-45,R,90736,-18.3996
26670,P2,CASC,0.00,0.00,-45,R,90736,-18.3996
26680,P2,CASC,0.00,0.00,-45,R,90736,-18.3996
26690,P2,CASC,0.00,0.00,-45,R,90736,-18.3996
26700,P2,CASC,0.00,0.00,-45,R,90736,-18.3996
26710,P2,CASC,0.00,0.00,-45,R,90736,-18.3996
26720,P2,CASC,0.00,0.00,-45,R,90736,-18.3996
26730,P2,CASC,0.00,0.00,-45,R,90736,-18.3996
26740,P2,CASC,0.00,0.00,-45,R,90736,-18.3996
26750,P2,CASC,0.00,0.00,-45,R,90736,-18.3996
26760,P2,CASC,0.00,0.00,-45,R,90736,-18.3996
26770,P2,CASC,0.00,0.00,-45,R,90736,-18.3996
26780,P2,CASC,0.00,0.00,-45,R,90736,-18.3996
26790,P2,CASC,0.00,0.00,-45,R,90736,-18.3996
26800,P2,CASC,0.00,0.00,-45,R,90736,-18.3996
26810,P2,CASC,0.00,0.00,-45,R,90736,-18.3996
26820,P2,CASC,0.00,0.00,-45,R,90736,-18.3996
26830,P2,CASC,0.00,0.00,-45,R,90736,-18.3996
26840,P2,CASC,0.00,0.00,-45,R,90736,-18.3996
26850,P2,CASC,0.00,0.00,-45,R,90736,-18.3996
26860,P2,CASC,0.00,0.00,-45,R,90736,-18.3996
26870,P2,CASC,0.00,0.00,-45,R,90736,-18.3996
26880,P2,CASC,0.00,0.00,-45,R,90736,-18.3996
26890,P2,CASC,0.00,0.00,-45,R,90736,-18.3996
26900,P2,CASC,0.00,0.00,-45,R,90736,-18.3996
26910,P2,CASC,0.00,0.00,-45,R,90736,-18.3996
26920,P2,CASC,0.00,0.00,-45,R,90736,-18.3996
26930,P2,CASC,0.00,0.00,-45,R,90736,-18.3996
26940,P2,CASC,0.00,0.00,-45,R,90736,-18.3996
26950,P2,CASC,0.00,0.00,-45,R,90736,-18.3996
26960,P2,CASC,0.00,0.00,-45,R,90736,-18.3996
26970,P2,CASC,0.00,0.00,-45,R,90736,-18.3996
26980,P2,CASC,0.00,0.00,-45,R,90736,-18.3996
26990,P2,CASC,0.00,0.00,-45,R,90736,-18.3996
27000,P2,CASC,0.00,0.00,-45,R,90736,-18.3996
27010,P2,CASC,0.00,0.00,-45,R,90736,-18.3996
27020,P2,CASC,0.00,0.00,-45,R,90736,-18.3996
27030,P2,CASC,0.00,0.00,-45,R,90736,-18.3996
27040,P2,CASC,0.00,0.00,-45,R,90736,-18.3996
27050,P2,CASC,0.00,0.00,-45,R,90736,-18.3996
27060,P2,CASC,0.00,0.00,-45,R,90736,-18.3996
27070,P2,CASC,0.00,0.00,-45,R,90736,-18.3996
27080,P2,CASC,0.00,0.00,-45,R,90736,-18.3996
27090,P2,CASC,0.00,0.00,-45,R,90736,-18.3996
27100,P2,CASC,0.00,0.00,-45,R,90736,-18.3996
27110,P2,CASC,0.00,0.00,-45,R,90736,-18.3996
27120,P2,CASC,0.00,0.00,-45,R,90736,-18.3996
27130,P2,CASC,0.00,0.00,-45,R,90736,-18.3996
27140,P2,CASC,0.00,0.00,-45,R,90736,-18.3996
27150,P2,CASC,0.00,0.00,-45,R,90736,-18.3996
27160,P2,CASC,0.00,0.00,-45,R,90736,-18.3996
27170,P2,CASC,0.00,0.00,-45,R,90736,-18.3996
27180,P2,CASC,0.00,0.00,-45,R,90736,-18.3996
27190,P2,CASC,0.00,0.00,-45,R,90736,-18.3996
27200,P2,CASC,0.00,0.00,-45,R,90736,-18.3996
27210,P2,CASC,0.00,0.00,-45,R,90736,-18.3996
27220,P2,CASC,0.00,0.00,-45,R,90736,-18.3996
27230,P2,CASC,0.00,0.00,-45,R,90736,-18.3996
27240,P2,CASC,0.00,0.00,-45,R,90736,-18.3996
27250,P2,CASC,0.00,0.00,-45,R,90736,-18.3996
27260,P2,CASC,0.00,0.00,-45,R,90736,-18.3996
27270,P2,CASC,0.00,0.00,-45,R,90736,-18.3996
27280,P2,CASC,0.00,0.00,-45,R,90736,-18.3996
27290,P2,CASC,0.00,0.00,-45,R,90736,-18.3996
27300,P2,CASC,0.00,0.00,-45,R,90736,-18.3996
27310,P2,CASC,0.00,0.00,-45,R,90736,-18.3996
27320,P2,CASC,0.00,0.00,-45,R,90736,-18.3996
27330,P2,CASC,0.00,0.00,-45,R,90736,-18.3996
27340,P2,CASC,0.00,0.00,-45,R,90736,-18.3996
27350,P2,CASC,0.00,0.00,-45,R,90736,-18.3996
27360,P2,CASC,0.00,0.00,-45,R,90736,-18.3996
27370,P2,CASC,0.00,0.00,-45,R,90736,-18.3996
27380,P2,CASC,0.00,0.00,-45,R,90736,-18.3996
27390,P2,CASC,0.00,0.00,-45,R,90736,-18.3996
27400,P2,CASC,0.00,0.00,-45,R,90736,-18.3996
27410,P2,CASC,0.00,0.00,-45,R,90736,-18.3996
27420,P2,CASC,0.00,0.00,-45,R,90736,-18.3996
27430,P2,CASC,0.00,0.00,-45,R,90736,-18.3996
27440,P2,CASC,0.00,0.00,-45,R,90736,-18.3996
27450,P2,CASC,0.00,0.00,-45,R,90736,-18.3996
27460,P2,CASC,0.00,0.00,-45,R,90736,-18.3996
27470,P2,CASC,0.00,0.00,-45,R,90736,-18.3996
27480,P2,CASC,0.00,0.00,-45,R,90736,-18.3996
27490,P2,CASC,0.00,0.00,-45,R,90736,-18.3996
27500,P2,CASC,0.00,0.00,-45,R,90736,-18.3996
27510,P2,CASC,0.00,0.00,-45,R,90736,-18.3996
27520,P2,CASC,0.00,0.00,-45,R,90736,-18.3996
27530,P2,CASC,0.00,0.00,-45,R,90736,-18.3996
27540,P2,CASC,0.00,0.00,-45,R,90736,-18.3996
27550,P2,CASC,0.00,0.00,-45,R,90736,-18.3996
27560,P2,CASC,0.00,0.00,-45,R,90736,-18.3996
27570,P2,CASC,0.00,0.00,-45,R,90736,-18.3996
27580,P2,CASC,0.00,0.00,-45,R,90736,-18.3996
27590,P2,CASC,0.00,0.00,-45,R,90736,-18.3996
27600,P2,CASC,0.00,0.00,-45,R,90736,-18.3996
27610,P2,CASC,0.00,0.00,-45,R,90736,-18.3996
27620,P2,CASC,0.00,0.00,-45,R,90736,-18.3996
27630,P2,CASC,0.00,0.00,-45,R,90736,-18.3996
27640,P2,CASC,0.00,0.00,-45,R,90736,-18.3996
27650,P2,CASC,0.00,0.00,-45,R,90736,-18.3996
27660,P2,CASC,0.00,0.00,-45,R,90736,-18.3996
27670,P2,CASC,0.00,0.00,-45,R,90736,-18.3996
27680,P2,CASC,0.00,0.00,-45,R,90736,-18.3996
27690,P2,CASC,0.00,0.00,-45,R,90736,-18.3996
27700,P2,CASC,0.00,0.00,-45,R,90736,-18.3996
27710,P2,CASC,0.00,0.00,-45,R,90736,-18.3996
27720,P2,CASC,0.00,0.00,-45,R,90736,-18.3996
27730,P2,CASC,0.00,0.00,-45,R,90736,-18.3996
27740,P2,CASC,0.00,0.00,-45,R,90736,-18.3996
27750,P2,CASC,0.00,0.00,-45,R,90736,-18.3996
27760,P2,CASC,0.00,0.00,-45,R,90736,-18.3996
27770,P2,CASC,0.00,0.00,-45,R,90736,-18.3996
27780,P2,CASC,0.00,0.00,-45,R,90736,-18.3996
27790,P2,CASC,0.00,0.00,-45,R,90736,-18.3996
27800,P2,CASC,0.00,0.00,-45,R,90736,-18.3996
27810,P2,CASC,0.00,0.00,-45,R,90736,-18.3996
27820,P2,CASC,0.00,0.00,-45,R,90736,-18.3996
27830,P2,CASC,0.00,0.00,-45,R,90736,-18.3996
27840,P2,CASC,0.00,0.00,-45,R,90736,-18.3996
27850,P2,CASC,0.00,0.00,-45,R,90736,-18.3996
27860,P2,CASC,0.00,0.00,-45,R,90736,-18.3996
27870,P2,CASC,0.00,0.00,-45,R,90736,-18.3996
27880,P2,CASC,0.00,0.00,-45,R,90736,-18.3996
27890,P2,CASC,0.00,0.00,-45,R,90736,-18.3996
27900,P2,CASC,0.00,0.00,-45,R,90736,-18.3996
27910,P2,CASC,0.00,0.00,-45,R,90736,-18.3996
27920,P2,CASC,0.00,0.00,-45,R,90736,-18.3996
27930,P2,CASC,0.00,0.00,-45,R,90736,-18.3996
27940,P2,CASC,0.00,0.00,-45,R,90736,-18.3996
27950,P2,CASC,0.00,0.00,-45,R,90736,-18.3996
27960,P2,CASC,0.00,0.00,-45,R,90736,-18.3996
27970,P2,CASC,0.00,0.00,-45,R,90736,-18.3996
27980,P2,CASC,0.00,0.00,-45,R,90736,-18.3996
27990,P2,CASC,0.00,0.00,-45,R,90736,-18.3996
28000,P2,CASC,0.00,0.00,-45,R,90736,-18.3996
28010,P2,CASC,-0.15,0.00,-75,R,90736,-18.4011
28020,P2,CASC,-0.30,0.00,-105,R,90736,-18.4041
28030,P2,CASC,-0.45,0.00,-135,R,90736,-18.4086
28040,P2,CASC,-0.60,0.00,-165,R,90736,-18.4146
28050,P2,CASC,-0.75,0.00,-193,R,90736,-18.4221
28060,P2,CASC,-0.90,0.00,-193,R,90736,-18.4311
28070,P2,CASC,-1.05,-20.00,-173,R,90728,-18.2416
28080,P2,CASC,-1.20,-32.51,-164,R,90715,-17.9286
28090,P2,CASC,-1.35,-40.00,-158,R,90699,-17.5420
28100,P2,CASC,-1.50,-39.99,-158,R,90683,-17.1572
28110,P2,CASC,-1.65,-40.01,-157,R,90667,-16.7736
28120,P2,CASC,-1.80,-42.50,-154,R,90650,-16.3666
28130,P2,CASC,-1.95,-42.51,-154,R,90633,-15.9610
28140,P2,CASC,-2.10,-42.49,-153,R,90616,-15.5571
28150,P2,CASC,-2.25,-45.00,-150,R,90598,-15.1295
28160,P2,CASC,-2.40,-47.50,-148,R,90579,-14.6785
28170,P2,CASC,-2.55,-47.49,-147,R,90560,-14.2291
28180,P2,CASC,-2.70,-47.51,-146,R,90541,-13.7810
28190,P2,CASC,-2.85,-47.49,-145,R,90522,-13.3347
28200,P2,CASC,-3.00,-47.51,-144,R,90503,-12.8895
28210,P2,CASC,-3.15,-49.99,-141,R,90483,-12.4212
28220,P2,CASC,-3.30,-50.02,-140,R,90463,-11.9540
28230,P2,CASC,-3.45,-49.99,-139,R,90443,-11.4887
28240,P2,CASC,-3.60,-50.01,-138,R,90423,-11.0246
28250,P2,CASC,-3.75,-50.01,-137,R,90403,-10.5620
28260,P2,CASC,-3.90,-50.01,-137,R,90383,-10.1010
28270,P2,CASC,-4.05,-47.50,-137,R,90364,-9.6665
28280,P2,CASC,-4.20,-50.00,-135,R,90344,-9.2085
28290,P2,CASC,-4.35,-50.00,-134,R,90324,-8.7520
28300,P2,CASC,-4.50,-50.01,-133,R,90304,-8.2970
28310,P2,CASC,-4.65,-49.99,-132,R,90284,-7.8436
28320,P2,CASC,-4.80,-47.50,-133,R,90265,-7.4166
28330,P2,CASC,-4.95,-47.50,-132,R,90246,-6.9911
28340,P2,CASC,-5.10,-47.49,-131,R,90227,-6.5672
28350,P2,CASC,-5.25,-50.01,-128,R,90207,-6.1196
28360,P2,CASC,-5.40,-47.51,-129,R,90188,-5.6985
28370,P2,CASC,-5.55,-44.98,-130,R,90170,-5.3042
28380,P2,CASC,-5.70,-47.52,-127,R,90151,-4.8860
28390,P2,CASC,-5.85,-47.49,-127,R,90132,-4.4696
28400,P2,CASC,-6.00,-47.49,-126,R,90113,-4.0547
28410,P2,CASC,-6.15,-47.51,-125,R,90094,-3.6411
28420,P2,CASC,-6.30,-47.50,-124,R,90075,-3.2291
28430,P2,CASC,-6.45,-47.51,-123,R,90056,-2.8185
28440,P2,CASC,-6.60,-44.99,-124,R,90038,-2.4346
28450,P2,CASC,-6.75,-47.50,-122,R,90019,-2.0270
28460,P2,CASC,-6.90,-45.00,-122,R,90001,-1.6460
28470,P2,CASC,-7.05,-45.00,-122,R,89983,-1.2666
28480,P2,CASC,-7.20,-47.50,-119,R,89964,-0.8636
28490,P2,CASC,-7.35,-42.49,-122,R,89947,-0.5121
28500,P2,CASC,-7.50,-45.01,-119,R,89929,-0.1370
28510,P2,CASC,-7.65,-45.00,-119,R,89911,0.2365
28520,P2,CASC,-7.80,-44.99,-118,R,89893,0.6084
28530,P2,CASC,-7.95,-42.50,-119,R,89876,0.9539
28540,P2,CASC,-8.10,-42.51,-118,R,89859,1.2979
28550,P2,CASC,-8.25,-44.99,-116,R,89841,1.6654
28560,P2,CASC,-8.40,-40.01,-118,R,89825,1.9815
28570,P2,CASC,-8.55,-42.50,-116,R,89808,2.3210
28580,P2,CASC,-8.70,-42.49,-115,R,89791,2.6589
28590,P2,CASC,-8.85,-40.00,-116,R,89775,2.9704
28600,P2,CASC,-9.00,-42.50,-114,R,89758,3.3055
28610,P2,CASC,-9.15,-40.00,-115,R,89742,3.6139
28620,P2,CASC,-9.30,-40.00,-114,R,89726,3.9210
28630,P2,CASC,-9.45,-40.00,-114,R,89710,4.2265
28640,P2,CASC,-9.60,-37.50,-115,R,89695,4.5055
28650,P2,CASC,-9.75,-37.50,-114,R,89680,4.7830
28660,P2,CASC,-9.90,-37.49,-114,R,89665,5.0589
28670,P2,CASC,-10.05,-37.50,-113,R,89650,5.3335
28680,P2,CASC,-10.20,-35.00,-115,R,89636,5.5815
28690,P2,CASC,-10.35,-37.50,-112,R,89621,5.8529
28700,P2,CASC,-10.50,-35.00,-114,R,89607,6.0979
28710,P2,CASC,-10.65,-32.50,-115,R,89594,6.3165
28720,P2,CASC,-10.80,-32.49,-114,R,89581,6.5334
28730,P2,CASC,-10.95,-35.01,-112,R,89567,6.7740
28740,P2,CASC,-11.10,-32.49,-114,R,89554,6.9879
28750,P2,CASC,-11.25,-32.50,-113,R,89541,7.2004
28760,P2,CASC,-11.40,-30.00,-114,R,89529,7.3864
28770,P2,CASC,-11.55,-29.99,-114,R,89517,7.5709
28780,P2,CASC,-11.70,-30.01,-114,R,89505,7.7540
28790,P2,CASC,-11.85,-30.00,-113,R,89493,7.9355
28800,P2,CASC,-12.00,-30.00,-113,R,89481,8.1155
28810,P2,CASC,-12.15,-27.49,-115,R,89470,8.2689
28820,P2,CASC,-12.30,-27.50,-114,R,89459,8.4209
28830,P2,CASC,-12.45,-27.50,-114,R,89448,8.5714
28840,P2,CASC,-12.60,-27.51,-114,R,89437,8.7205
28850,P2,CASC,-12.75,-27.49,-114,R,89426,8.8679
28860,P2,CASC,-12.90,-25.01,-115,R,89416,8.9890
28870,P2,CASC,-13.05,-25.00,-115,R,89406,9.1085
28880,P2,CASC,-13.20,-22.49,-116,R,89397,9.2014
28890,P2,CASC,-13.35,-25.01,-115,R,89387,9.3180
28900,P2,CASC,-13.50,-27.50,-113,R,89376,9.4580
28910,P2,CASC,-13.65,-22.49,-116,R,89367,9.5464
28920,P2,CASC,-13.80,-25.01,-114,R,89357,9.6585
28930,P2,CASC,-13.95,-22.50,-116,R,89348,9.7440
28940,P2,CASC,-14.10,-20.00,-117,R,89340,9.8030
28950,P2,CASC,-14.25,-22.50,-115,R,89331,9.8855
28960,P2,CASC,-14.40,-22.50,-115,R,89322,9.9664
28970,P2,CASC,-14.55,-22.50,-115,R,89313,10.0459
28980,P2,CASC,-14.70,-22.50,-115,R,89304,10.1239
28990,P2,CASC,-14.85,-20.00,-117,R,89296,10.1755
29000,P2,CASC,-15.00,-22.50,-115,R,89287,10.2505
29010,P2,CASC,-15.15,-20.00,-117,R,89279,10.2990
29020,P2,CASC,-15.30,-19.99,-117,R,89271,10.3459
29030,P2,CASC,-15.45,-22.50,-115,R,89262,10.4165
29040,P2,CASC,-15.60,-20.00,-117,R,89254,10.4605
29050,P2,CASC,-15.75,-20.00,-117,R,89246,10.5029
29060,P2,CASC,-15.90,-20.01,-117,R,89238,10.5440
29070,P2,CASC,-16.05,-19.99,-117,R,89230,10.5834
29080,P2,CASC,-16.20,-20.01,-117,R,89222,10.6215
29090,P2,CASC,-16.35,-19.99,-117,R,89214,10.6579
29100,P2,CASC,-16.50,-22.51,-115,R,89205,10.7180
29110,P2,CASC,-16.65,-20.00,-117,R,89197,10.7515
29120,P2,CASC,-16.80,-20.00,-117,R,89189,10.7835
29130,P2,CASC,-16.95,-20.00,-117,R,89181,10.8140
29140,P2,CASC,-17.10,-19.99,-117,R,89173,10.8429
29150,P2,CASC,-17.25,-20.00,-117,R,89165,10.8704
29160,P2,CASC,-17.40,-20.01,-117,R,89157,10.8965
29170,P2,CASC,-17.55,-20.00,-117,R,89149,10.9210
29180,P2,CASC,-17.70,-20.00,-117,R,89141,10.9440
29190,P2,CASC,-17.85,-20.01,-117,R,89133,10.9655
29200,P2,CASC,-18.00,-22.50,-115,R,89124,11.0105
29210,P2,CASC,-18.15,-20.00,-117,R,89116,11.0290
29220,P2,CASC,-18.30,-20.00,-117,R,89108,11.0460
29230,P2,CASC,-18.45,-20.00,-117,R,89100,11.0615
29240,P2,CASC,-18.60,-20.00,-117,R,89092,11.0755
29250,P2,CASC,-18.75,-22.50,-116,R,89083,11.1130
29260,P2,CASC,-18.90,-20.00,-117,R,89075,11.1239
29270,P2,CASC,-19.05,-20.00,-117,R,89067,11.1335
29280,P2,CASC,-19.20,-22.50,-116,R,89058,11.1665
29290,P2,CASC,-19.35,-19.99,-118,R,89050,11.1729
29300,P2,CASC,-19.50,-20.00,-118,R,89042,11.1779
29310,P2,CASC,-19.65,-22.51,-116,R,89033,11.2065
29320,P2,CASC,-19.80,-20.00,-118,R,89025,11.2085
29330,P2,CASC,-19.95,-22.50,-116,R,89016,11.2340
29340,P2,CASC,-20.10,-20.00,-114,R,89008,11.2330
29350,P2,CASC,-20.25,-22.50,-116,R,88999,11.2555
29360,P2,CASC,-20.40,-20.00,-114,R,88991,11.2515
29370,P2,CASC,-20.55,-22.50,-116,R,88982,11.2710
29380,P2,CASC,-20.70,-22.50,-116,R,88973,11.2890
29390,P2,CASC,-20.85,-22.50,-117,R,88964,11.3055
29400,P2,CASC,-21.00,-22.51,-117,R,88955,11.3205
29410,P2,CASC,-21.15,-22.50,-117,R,88946,11.3340
29420,P2,CASC,-21.30,-22.50,-117,R,88937,11.3460
29430,P2,CASC,-21.45,-22.50,-117,R,88928,11.3565
29440,P2,CASC,-21.60,-22.49,-117,R,88919,11.3655
29450,P2,CASC,-21.75,-22.50,-117,R,88910,11.3730
29460,P2,CASC,-21.90,-25.00,-115,R,88900,11.4039
29470,P2,CASC,-22.05,-25.01,-115,R,88890,11.4335
29480,P2,CASC,-22.20,-25.00,-115,R,88880,11.4615
29490,P2,CASC,-22.35,-25.00,-115,R,88870,11.4880
29500,P2,CASC,-22.50,-25.01,-116,R,88860,11.5130
29510,P2,CASC,-22.65,-22.49,-113,R,88851,11.5115
29520,P2,CASC,-22.80,-25.00,-116,R,88841,11.5335
29530,P2,CASC,-22.95,-25.01,-116,R,88831,11.5540
29540,P2,CASC,-23.10,-25.00,-116,R,88821,11.5730
29550,P2,CASC,-23.25,-25.00,-116,R,88811,11.5905
29560,P2,CASC,-23.40,-25.00,-116,R,88801,11.6065
29570,P2,CASC,-23.55,-22.50,-113,R,88792,11.5959
29580,P2,CASC,-23.70,-27.50,-114,R,88781,11.6339
29590,P2,CASC,-23.85,-25.01,-116,R,88771,11.6455
29600,P2,CASC,-24.00,-25.00,-116,R,88761,11.6555
29610,P2,CASC,-24.15,-25.00,-116,R,88751,11.6639
29620,P2,CASC,-24.30,-25.01,-116,R,88741,11.6710
29630,P2,CASC,-24.45,-25.00,-116,R,88731,11.6765
29640,P2,CASC,-24.60,-27.50,-115,R,88720,11.7055
29650,P2,CASC,-24.75,-24.99,-117,R,88710,11.7079
29660,P2,CASC,-24.90,-25.00,-117,R,88700,11.7090
29670,P2,CASC,-25.05,-25.01,-112,R,88690,11.7085
29680,P2,CASC,-25.20,-24.99,-112,R,88680,11.7065
29690,P2,CASC,-25.35,-22.50,-113,R,88671,11.6780
29700,P2,CASC,-25.50,-25.00,-112,R,88661,11.6730
29710,P2,CASC,-25.65,-25.00,-113,R,88651,11.6665
29720,P2,CASC,-25.80,-25.00,-113,R,88641,11.6585
29730,P2,CASC,-25.95,-22.50,-113,R,88632,11.6240
29740,P2,CASC,-26.10,-25.00,-113,R,88622,11.6130
29750,P2,CASC,-26.25,-22.50,-114,R,88613,11.5755
29760,P2,CASC,-26.40,-25.00,-113,R,88603,11.5615
29770,P2,CASC,-26.55,-25.01,-113,R,88593,11.5460
29780,P2,CASC,-26.70,-22.50,-114,R,88584,11.5040
29790,P2,CASC,-26.85,-25.00,-113,R,88574,11.4855
29800,P2,CASC,-27.00,-22.50,-114,R,88565,11.4405
29810,P2,CASC,-27.15,-22.50,-114,R,88556,11.3940
29820,P2,CASC,-27.30,-25.00,-114,R,88546,11.3710
29830,P2,CASC,-27.45,-22.50,-114,R,88537,11.3215
29840,P2,CASC,-27.60,-22.50,-115,R,88528,11.2704
29850,P2,CASC,-27.75,-22.50,-115,R,88519,11.2180
29860,P2,CASC,-27.90,-22.50,-115,R,88510,11.1640
29870,P2,CASC,-28.05,-22.50,-115,R,88501,11.1085
29880,P2,CASC,-28.20,-25.00,-115,R,88491,11.0765
29890,P2,CASC,-28.35,-22.50,-116,R,88482,11.0180
29900,P2,CASC,-28.50,-22.50,-116,R,88473,10.9580
29910,P2,CASC,-28.65,-22.50,-116,R,88464,10.8965
29920,P2,CASC,-28.80,-22.50,-116,R,88455,10.8334
29930,P2,CASC,-28.95,-22.50,-116,R,88446,10.7690
29940,P2,CASC,-29.10,-22.50,-117,R,88437,10.7030
29950,P2,CASC,-29.25,-22.50,-117,R,88428,10.6355
29960,P2,CASC,-29.40,-20.00,-118,R,88420,10.5415
29970,P2,CASC,-29.55,-25.00,-117,R,88410,10.4959
29980,P2,CASC,-29.70,-22.50,-117,R,88401,10.4239
29990,P2,CASC,-29.85,-20.00,-118,R,88393,10.3255
30000,P2,CASC,-30.00,-22.50,-118,R,88384,10.2505
30010,P2,CASC,-30.15,-22.50,-118,R,88375,10.1740
30020,P2,CASC,-30.30,-22.49,-118,R,88366,10.0959
30030,P2,CASC,-30.45,-22.50,-119,R,88357,10.0164
30040,P2,CASC,-30.60,-22.50,-119,R,88348,9.9354
30050,P2,CASC,-30.75,-22.51,-119,R,88339,9.8530
30060,P2,CASC,-30.90,-22.50,-119,R,88330,9.7690
30070,P2,CASC,-31.05,-22.50,-120,R,88321,9.6835
30080,P2,CASC,-31.20,-22.50,-120,R,88312,9.5965
30090,P2,CASC,-31.35,-25.00,-120,R,88302,9.5329
30100,P2,CASC,-31.50,-25.00,-120,R,88292,9.4679
30110,P2,CASC,-31.65,-22.50,-121,R,88283,9.3764
30120,P2,CASC,-31.80,-25.00,-120,R,88273,9.3085
30130,P2,CASC,-31.95,-22.50,-121,R,88264,9.2140
30140,P2,CASC,-32.10,-25.01,-121,R,88254,9.1430
30150,P2,CASC,-32.25,-22.49,-122,R,88245,9.0454
30160,P2,CASC,-32.40,-25.01,-121,R,88235,8.9715
30170,P2,CASC,-32.55,-25.00,-122,R,88225,8.8960
30180,P2,CASC,-32.70,-22.50,-123,R,88216,8.7940
30190,P2,CASC,-32.85,-25.00,-122,R,88206,8.7155
30200,P2,CASC,-33.00,-22.50,-123,R,88197,8.6105
30210,P2,CASC,-33.15,-27.50,-122,R,88186,8.5540
30220,P2,CASC,-33.30,-25.00,-123,R,88176,8.4710
30230,P2,CASC,-33.45,-25.00,-123,R,88166,8.3865
30240,P2,CASC,-33.60,-22.50,-124,R,88157,8.2755
30250,P2,CASC,-33.75,-25.00,-124,R,88147,8.1880
30260,P2,CASC,-33.90,-25.00,-124,R,88137,8.0990
30270,P2,CASC,-34.05,-25.00,-124,R,88127,8.0085
30280,P2,CASC,-34.20,-25.00,-125,R,88117,7.9164
30290,P2,CASC,-34.35,-27.50,-124,R,88106,7.8479
30300,P2,CASC,-34.50,-25.01,-125,R,88096,7.7530
30310,P2,CASC,-34.65,-25.00,-125,R,88086,7.6565
30320,P2,CASC,-34.80,-25.00,-126,R,88076,7.5585
30330,P2,CASC,-34.95,-27.50,-125,R,88065,7.4840
30340,P2,CASC,-35.10,-27.50,-126,R,88054,7.4080
30350,P2,CASC,-35.25,-25.00,-126,R,88044,7.3055
30360,P2,CASC,-35.40,-27.49,-126,R,88033,7.2264
30370,P2,CASC,-35.55,-25.00,-127,R,88023,7.1209
30380,P2,CASC,-35.70,-27.51,-127,R,88012,7.0390
30390,P2,CASC,-35.85,-27.50,-127,R,88001,6.9555
30400,P2,CASC,-36.00,-29.99,-127,R,87989,6.8954
30410,P2,CASC,-36.15,-27.51,-127,R,87978,6.8090
30420,P2,CASC,-36.30,-27.49,-128,R,87967,6.7209
30430,P2,CASC,-36.45,-27.50,-128,R,87956,6.6314
30440,P2,CASC,-36.60,-30.00,-128,R,87944,6.5654
30450,P2,CASC,-36.75,-27.50,-128,R,87933,6.4729
30460,P2,CASC,-36.90,-30.01,-128,R,87921,6.4040
30470,P2,CASC,-37.05,-27.49,-129,R,87910,6.3084
30480,P2,CASC,-37.20,-30.00,-129,R,87898,6.2364
30490,P2,CASC,-37.35,-30.01,-129,R,87886,6.1630
30500,P2,CASC,-37.50,-29.99,-129,R,87874,6.0879
30510,P2,CASC,-37.65,-30.01,-129,R,87862,6.0115
30520,P2,CASC,-37.80,-30.00,-130,R,87850,5.9335
30530,P2,CASC,-37.95,-29.99,-130,R,87838,5.8539
30540,P2,CASC,-38.10,-32.50,-129,R,87825,5.7979
30550,P2,CASC,-38.25,-32.51,-130,R,87812,5.7405
30560,P2,CASC,-38.40,-32.50,-130,R,87799,5.6815
30570,P2,CASC,-38.55,-32.50,-130,R,87786,5.6210
30580,P2,CASC,-38.70,-29.99,-131,R,87774,5.5339
30590,P2,CASC,-38.85,-35.01,-130,R,87760,5.4955
30600,P2,CASC,-39.00,-35.01,-130,R,87746,5.4556
30610,P2,CASC,-39.15,-32.49,-131,R,87733,5.3890
30620,P2,CASC,-39.30,-35.01,-130,R,87719,5.3461
30630,P2,CASC,-39.45,-34.99,-130,R,87705,5.3015
30640,P2,CASC,-39.60,-37.51,-130,R,87690,5.2806
30650,P2,CASC,-39.75,-34.99,-131,R,87676,5.2330
30660,P2,CASC,-39.90,-37.50,-130,R,87661,5.2090
30670,P2,CASC,-40.05,-37.50,-130,R,87646,5.1835
30680,P2,CASC,-40.20,-37.50,-130,R,87631,5.1565
30690,P2,CASC,-40.35,-37.50,-131,R,87616,5.1280
30700,P2,CASC,-40.50,-37.49,-131,R,87601,5.0979
30710,P2,CASC,-40.65,-37.50,-131,R,87586,5.0664
30720,P2,CASC,-40.80,-40.01,-130,R,87570,5.0585
30730,P2,CASC,-40.95,-40.00,-130,R,87554,5.0490
30740,P2,CASC,-41.10,-37.49,-131,R,87539,5.0129
30750,P2,CASC,-41.25,-40.01,-130,R,87523,5.0006
30760,P2,CASC,-41.40,-42.49,-131,R,87506,5.0114
30770,P2,CASC,-41.55,-40.01,-131,R,87490,4.9960
30780,P2,CASC,-41.70,-40.00,-131,R,87474,4.9790
30790,P2,CASC,-41.85,-42.50,-132,R,87457,4.9855
30800,P2,CASC,-42.00,-40.00,-131,R,87441,4.9655
30810,P2,CASC,-42.15,-42.51,-132,R,87424,4.9691
30820,P2,CASC,-42.30,-39.99,-131,R,87408,4.9459
30830,P2,CASC,-42.45,-45.02,-130,R,87390,4.9716
30840,P2,CASC,-42.60,-42.49,-130,R,87373,4.9705
30850,P2,CASC,-42.75,-42.50,-130,R,87356,4.9681
30860,P2,CASC,-42.90,-44.99,-131,R,87338,4.9889
30870,P2,CASC,-43.05,-42.51,-130,R,87321,4.9836
30880,P2,CASC,-43.20,-45.00,-131,R,87303,5.0015
30890,P2,CASC,-43.35,-42.50,-130,R,87286,4.9930
30900,P2,CASC,-43.50,-42.50,-130,R,87269,4.9830
30910,P2,CASC,-43.65,-42.50,-131,R,87252,4.9715
30920,P2,CASC,-43.80,-42.51,-131,R,87235,4.9586
30930,P2,CASC,-43.95,-42.50,-131,R,87218,4.9440
30940,P2,CASC,-44.10,-45.00,-132,R,87200,4.9530
30950,P2,CASC,-44.25,-42.50,-131,R,87183,4.9356
30960,P2,CASC,-44.40,-42.50,-131,R,87166,4.9166
30970,P2,CASC,-44.55,-42.50,-131,R,87149,4.8961
30980,P2,CASC,-44.70,-42.49,-131,R,87132,4.8740
30990,P2,CASC,-44.85,-40.00,-132,R,87116,4.8255
31000,P2,CASC,-45.00,-42.51,-131,R,87099,4.8006
31010,P2,CASC,-45.15,-42.50,-131,R,87082,4.7741
31020,P2,CASC,-45.30,-42.50,-132,R,87065,4.7461
31030,P2,CASC,-45.45,-39.99,-132,R,87049,4.6915
31040,P2,CASC,-45.60,-42.51,-132,R,87032,4.6606
31050,P2,CASC,-45.75,-40.00,-133,R,87016,4.6031
31060,P2,CASC,-45.90,-42.49,-132,R,86999,4.5690
31070,P2,CASC,-46.05,-42.51,-132,R,86982,4.5336
31080,P2,CASC,-46.20,-40.00,-133,R,86966,4.4716
31090,P2,CASC,-46.35,-40.00,-133,R,86950,4.4081
31100,P2,CASC,-46.50,-42.50,-133,R,86933,4.3681
31110,P2,CASC,-46.65,-40.00,-134,R,86917,4.3016
31120,P2,CASC,-46.80,-40.00,-134,R,86901,4.2335
31130,P2,CASC,-46.95,-40.00,-134,R,86885,4.1641
31140,P2,CASC,-47.10,-42.50,-134,R,86868,4.1180
31150,P2,CASC,-47.25,-40.00,-134,R,86852,4.0455
31160,P2,CASC,-47.40,-42.50,-134,R,86835,3.9965
31170,P2,CASC,-47.55,-40.00,-135,R,86819,3.9210
31180,P2,CASC,-47.70,-40.01,-135,R,86803,3.8441
31190,P2,CASC,-47.85,-42.50,-135,R,86786,3.7906
31200,P2,CASC,-48.00,-42.50,-135,R,86769,3.7355
31210,P2,CASC,-48.15,-40.01,-136,R,86753,3.6541
31220,P2,CASC,-48.30,-42.49,-135,R,86736,3.5960
31230,P2,CASC,-48.45,-42.51,-136,R,86719,3.5366
31240,P2,CASC,-48.60,-40.00,-136,R,86703,3.4506
31250,P2,CASC,-48.75,-42.50,-136,R,86686,3.3881
31260,P2,CASC,-48.90,-42.50,-136,R,86669,3.3241
31270,P2,CASC,-49.05,-42.50,-136,R,86652,3.2586
31280,P2,CASC,-49.20,-42.50,-137,R,86635,3.1916
31290,P2,CASC,-49.35,-39.99,-138,R,86619,3.0980
31300,P2,CASC,-49.50,-42.51,-137,R,86602,3.0281
31310,P2,CASC,-49.65,-42.49,-137,R,86585,2.9565
31320,P2,CASC,-49.80,-45.00,-137,R,86567,2.9086
31330,P2,CASC,-49.95,-42.50,-138,R,86550,2.8340
31340,P2,CASC,-50.10,-45.00,-137,R,86532,2.7830
31350,P2,CASC,-50.25,-45.01,-138,R,86514,2.7306
31360,P2,CASC,-50.40,-45.00,-138,R,86496,2.6766
31370,P2,CASC,-50.55,-47.49,-138,R,86477,2.6460
31380,P2,CASC,-50.70,-45.00,-138,R,86459,2.5889
31390,P2,CASC,-50.85,-47.50,-138,R,86440,2.5555
31400,P2,CASC,-51.00,-47.50,-138,R,86421,2.5205
31410,P2,CASC,-51.15,-45.01,-139,R,86403,2.4591
31420,P2,CASC,-51.30,-44.99,-139,R,86385,2.3959
31430,P2,CASC,-51.45,-50.01,-138,R,86365,2.3815
31440,P2,CASC,-51.60,-47.50,-139,R,86346,2.3405
31450,P2,CASC,-51.75,-47.50,-139,R,86327,2.2979
31460,P2,CASC,-51.90,-50.02,-139,R,86307,2.2791
31470,P2,CASC,-52.05,-47.50,-140,R,86288,2.2336
31480,P2,CASC,-52.20,-47.50,-140,R,86269,2.1865
31490,P2,CASC,-52.35,-49.99,-140,R,86249,2.1630
31500,P2,CASC,-52.50,-47.50,-141,R,86230,2.1130
31510,P2,CASC,-52.65,-50.00,-140,R,86210,2.0865
31520,P2,CASC,-52.80,-50.01,-140,R,86190,2.0585
31530,P2,CASC,-52.95,-50.01,-141,R,86170,2.0291
31540,P2,CASC,-53.10,-49.99,-141,R,86150,1.9980
31550,P2,CASC,-53.25,-50.01,-141,R,86130,1.9655
31560,P2,CASC,-53.40,-50.00,-141,R,86110,1.9315
31570,P2,CASC,-53.55,-50.01,-141,R,86090,1.8961
31580,P2,CASC,-53.70,-49.99,-142,R,86070,1.8590
31590,P2,CASC,-53.85,-50.01,-142,R,86050,1.8206
31600,P2,CASC,-54.00,-50.00,-142,R,86030,1.7806
31610,P2,CASC,-54.15,-49.99,-142,R,86010,1.7390
31620,P2,CASC,-54.30,-47.49,-143,R,85991,1.6709
31630,P2,CASC,-54.45,-50.02,-143,R,85971,1.6266
31640,P2,CASC,-54.60,-50.01,-143,R,85951,1.5806
31650,P2,CASC,-54.75,-49.99,-143,R,85931,1.5331
31660,P2,CASC,-54.90,-50.00,-144,R,85911,1.4841
31670,P2,CASC,-55.05,-52.51,-143,R,85890,1.4586
31680,P2,CASC,-55.20,-49.98,-144,R,85870,1.4064
31690,P2,CASC,-55.35,-52.50,-144,R,85849,1.3779
31700,P2,CASC,-55.50,-52.52,-144,R,85828,1.3481
31710,P2,CASC,-55.65,-52.49,-144,R,85807,1.3166
31720,P2,CASC,-55.80,-52.49,-144,R,85786,1.2834
31730,P2,CASC,-55.95,-55.00,-144,R,85764,1.2739
31740,P2,CASC,-56.10,-50.02,-145,R,85744,1.2131
31750,P2,CASC,-56.25,-55.00,-144,R,85722,1.2006
31760,P2,CASC,-56.40,-52.49,-145,R,85701,1.1616
31770,P2,CASC,-56.55,-52.50,-145,R,85680,1.1211
31780,P2,CASC,-56.70,-54.99,-145,R,85658,1.1040
31790,P2,CASC,-56.85,-52.50,-146,R,85637,1.0605
31800,P2,CASC,-57.00,-55.00,-145,R,85615,1.0405
31810,P2,CASC,-57.15,-55.01,-146,R,85593,1.0191
31820,P2,CASC,-57.30,-54.99,-146,R,85571,0.9960
31830,P2,CASC,-57.45,-52.50,-147,R,85550,0.9465
31840,P2,CASC,-57.60,-54.99,-146,R,85528,0.9205
31850,P2,CASC,-57.75,-55.01,-146,R,85506,0.8931
31860,P2,CASC,-57.90,-52.49,-147,R,85485,0.8390
31870,P2,CASC,-58.05,-55.01,-147,R,85463,0.8087
31880,P2,CASC,-58.20,-54.98,-147,R,85441,0.7764
31890,P2,CASC,-58.35,-55.02,-147,R,85419,0.7431
31900,P2,CASC,-58.50,-54.99,-148,R,85397,0.7080
31910,P2,CASC,-58.65,-52.51,-148,R,85376,0.6466
31920,P2,CASC,-58.80,-57.49,-147,R,85353,0.6335
31930,P2,CASC,-58.95,-55.00,-148,R,85331,0.5940
31940,P2,CASC,-59.10,-55.00,-148,R,85309,0.5530
31950,P2,CASC,-59.25,-60.01,-147,R,85285,0.5606
31960,P2,CASC,-59.40,-54.99,-149,R,85263,0.5165
31970,P2,CASC,-59.55,-57.50,-148,R,85240,0.4960
31980,P2,CASC,-59.70,-57.51,-149,R,85217,0.4740
31990,P2,CASC,-59.85,-57.51,-149,R,85194,0.4506
32000,P2,CASC,-60.00,-59.99,-148,R,85170,0.4505
32010,P2,CASC,-60.15,-60.00,-148,R,85146,0.4490
32020,P2,CASC,-60.30,-57.51,-149,R,85123,0.4211
32030,P2,CASC,-60.45,-60.00,-149,R,85099,0.4166
32040,P2,CASC,-60.60,-60.00,-149,R,85075,0.4106
32050,P2,CASC,-60.75,-62.50,-148,R,85050,0.4281
32060,P2,CASC,-60.90,-57.51,-150,R,85027,0.3942
32070,P2,CASC,-61.05,-59.99,-149,R,85003,0.3836
32080,P2,CASC,-61.20,-64.98,-147,R,84977,0.4214
32090,P2,CASC,-61.35,-62.51,-149,R,84952,0.4330
32100,P2,CASC,-61.50,-62.51,-149,R,84927,0.4431
32110,P2,CASC,-61.65,-62.49,-149,R,84902,0.4515
32120,P2,CASC,-61.80,-62.50,-149,R,84877,0.4585
32130,P2,CASC,-61.95,-60.01,-150,R,84853,0.4391
32140,P2,CASC,-62.10,-62.50,-149,R,84828,0.4431
32150,P2,CASC,-62.25,-62.49,-150,R,84803,0.4456
32160,P2,CASC,-62.40,-60.01,-150,R,84779,0.4216
32170,P2,CASC,-62.55,-62.48,-150,R,84754,0.4210
32180,P2,CASC,-62.70,-62.51,-150,R,84729,0.4191
32190,P2,CASC,-62.85,-60.01,-151,R,84705,0.3906
32200,P2,CASC,-63.00,-62.49,-150,R,84680,0.3855
32210,P2,CASC,-63.15,-62.51,-151,R,84655,0.3791
32220,P2,CASC,-63.30,-62.49,-151,R,84630,0.3710
32230,P2,CASC,-63.45,-60.02,-152,R,84606,0.3366
32240,P2,CASC,-63.60,-64.99,-150,R,84580,0.3505
32250,P2,CASC,-63.75,-62.50,-151,R,84555,0.3380
32260,P2,CASC,-63.90,-60.00,-152,R,84531,0.2990
32270,P2,CASC,-64.05,-62.50,-152,R,84506,0.2835
32280,P2,CASC,-64.20,-62.49,-152,R,84481,0.2664
32290,P2,CASC,-64.35,-65.00,-151,R,84455,0.2729
32300,P2,CASC,-64.50,-62.51,-152,R,84430,0.2530
32310,P2,CASC,-64.65,-62.51,-152,R,84405,0.2316
32320,P2,CASC,-64.80,-62.49,-152,R,84380,0.2084
32330,P2,CASC,-64.95,-62.52,-153,R,84355,0.1841
32340,P2,CASC,-65.10,-64.98,-152,R,84329,0.1829
32350,P2,CASC,-65.25,-62.51,-153,R,84304,0.1556
32360,P2,CASC,-65.40,-64.99,-152,R,84278,0.1514
32370,P2,CASC,-65.55,-62.51,-153,R,84253,0.1210
32380,P2,CASC,-65.70,-62.51,-153,R,84228,0.0891
32390,P2,CASC,-65.85,-62.49,-154,R,84203,0.0556
32400,P2,CASC,-66.00,-62.49,-154,R,84178,0.0204
32410,P2,CASC,-66.15,-62.51,-154,R,84153,-0.0159
32420,P2,CASC,-66.30,-65.00,-154,R,84127,-0.0289
32430,P2,CASC,-66.45,-62.49,-155,R,84102,-0.0685
32440,P2,CASC,-66.60,-67.51,-153,R,84075,-0.0594
32450,P2,CASC,-66.75,-64.99,-154,R,84049,-0.0770
32460,P2,CASC,-66.90,-64.99,-154,R,84023,-0.0961
32470,P2,CASC,-67.05,-65.01,-155,R,83997,-0.1164
32480,P2,CASC,-67.20,-67.49,-154,R,83970,-0.1136
32490,P2,CASC,-67.35,-65.02,-155,R,83944,-0.1369
32500,P2,CASC,-67.50,-67.49,-154,R,83917,-0.1370
32510,P2,CASC,-67.65,-64.99,-155,R,83891,-0.1636
32520,P2,CASC,-67.80,-67.50,-155,R,83864,-0.1666
32530,P2,CASC,-67.95,-67.51,-155,R,83837,-0.1709
32540,P2,CASC,-68.10,-64.99,-156,R,83811,-0.2020
32550,P2,CASC,-68.25,-67.50,-155,R,83784,-0.2095
32560,P2,CASC,-68.40,-67.51,-155,R,83757,-0.2184
32570,P2,CASC,-68.55,-67.51,-155,R,83730,-0.2289
32580,P2,CASC,-68.70,-67.49,-156,R,83703,-0.2409
32590,P2,CASC,-68.85,-67.51,-156,R,83676,-0.2544
32600,P2,CASC,-69.00,-67.49,-156,R,83649,-0.2695
32610,P2,CASC,-69.15,-64.99,-157,R,83623,-0.3111
32620,P2,CASC,-69.30,-67.51,-156,R,83596,-0.3291
32630,P2,CASC,-69.45,-65.01,-157,R,83570,-0.3734
32640,P2,CASC,-69.60,-67.51,-157,R,83543,-0.3944
32650,P2,CASC,-69.75,-64.99,-158,R,83517,-0.4420
32660,P2,CASC,-69.90,-70.01,-156,R,83489,-0.4409
32670,P2,CASC,-70.05,-67.49,-157,R,83462,-0.4665
32680,P2,CASC,-70.20,-70.01,-157,R,83434,-0.4684
32690,P2,CASC,-70.35,-67.50,-158,R,83407,-0.4969
32700,P2,CASC,-70.50,-69.99,-157,R,83379,-0.5019
32710,P2,CASC,-70.65,-69.99,-157,R,83351,-0.5085
32720,P2,CASC,-70.80,-70.00,-158,R,83323,-0.5165
32730,P2,CASC,-70.95,-70.01,-158,R,83295,-0.5259
32740,P2,CASC,-71.10,-70.00,-158,R,83267,-0.5369
32750,P2,CASC,-71.25,-72.49,-157,R,83238,-0.5244
32760,P2,CASC,-71.40,-70.01,-158,R,83210,-0.5384
32770,P2,CASC,-71.55,-72.50,-157,R,83181,-0.5289
32780,P2,CASC,-71.70,-70.00,-158,R,83153,-0.5459
32790,P2,CASC,-71.85,-72.49,-157,R,83124,-0.5394
32800,P2,CASC,-72.00,-69.99,-159,R,83096,-0.5595
32810,P2,CASC,-72.15,-70.00,-159,R,83068,-0.5810
32820,P2,CASC,-72.30,-69.99,-159,R,83040,-0.6041
32830,P2,CASC,-72.45,-72.46,-158,R,83011,-0.6040
32840,P2,CASC,-72.60,-67.56,-160,R,82984,-0.6544
32850,P2,CASC,-72.75,-72.49,-159,R,82955,-0.6570
32860,P2,CASC,-72.90,-69.99,-160,R,82927,-0.6861
32870,P2,CASC,-73.05,-72.50,-159,R,82898,-0.6916
32880,P2,CASC,-73.20,-72.51,-159,R,82869,-0.6985
32890,P2,CASC,-73.35,-72.51,-160,R,82840,-0.7069
32900,P2,CASC,-73.50,-69.99,-160,R,82812,-0.7420
32910,P2,CASC,-73.65,-74.99,-158,R,82782,-0.7286
32920,P2,CASC,-73.80,-72.51,-160,R,82753,-0.7415
32930,P2,CASC,-73.95,-75.00,-159,R,82723,-0.7310
32940,P2,CASC,-74.10,-72.51,-160,R,82694,-0.7470
32950,P2,CASC,-74.25,-74.99,-159,R,82664,-0.7395
32960,P2,CASC,-74.40,-72.51,-161,R,82635,-0.7585
32970,P2,CASC,-74.55,-74.95,-160,R,82605,-0.7545
32980,P2,CASC,-74.70,-75.05,-160,R,82575,-0.7511
32990,P2,CASC,-74.85,-77.52,-158,R,82544,-0.7244
33000,P2,CASC,-75.00,-74.99,-160,R,82514,-0.7245
33010,P2,CASC,-75.15,-75.00,-161,R,82484,-0.7260
33020,P2,CASC,-75.30,-75.00,-161,R,82454,-0.7290
33030,P2,CASC,-75.45,-75.00,-161,R,82424,-0.7335
33040,P2,CASC,-75.60,-74.99,-161,R,82394,-0.7396
33050,P2,CASC,-75.75,-75.00,-161,R,82364,-0.7471
33060,P2,CASC,-75.90,-75.00,-161,R,82334,-0.7561
33070,P2,CASC,-76.05,-72.51,-162,R,82305,-0.7915
33080,P2,CASC,-76.20,-77.51,-160,R,82274,-0.7784
33090,P2,CASC,-76.35,-72.48,-162,R,82245,-0.8171
33100,P2,CASC,-76.50,-75.00,-162,R,82215,-0.8321
33110,P2,CASC,-76.65,-77.49,-161,R,82184,-0.8237
33120,P2,CASC,-76.80,-75.01,-162,R,82154,-0.8416
33130,P2,CASC,-76.95,-75.01,-162,R,82124,-0.8610
33140,P2,CASC,-77.10,-74.99,-163,R,82094,-0.8821
33150,P2,CASC,-77.25,-77.49,-162,R,82063,-0.8797
33160,P2,CASC,-77.40,-75.02,-163,R,82033,-0.9035
33170,P2,CASC,-77.55,-75.01,-163,R,82003,-0.9289
33180,P2,CASC,-77.70,-77.48,-163,R,81972,-0.9311
33190,P2,CASC,-77.85,-77.49,-163,R,81941,-0.9347
33200,P2,CASC,-78.00,-75.01,-164,R,81911,-0.9646
33210,P2,CASC,-78.15,-74.99,-164,R,81881,-0.9962
33220,P2,CASC,-78.30,-75.01,-164,R,81851,-1.0291
33230,P2,CASC,-78.45,-75.02,-164,R,81821,-1.0634
33240,P2,CASC,-78.60,-72.48,-165,R,81792,-1.1246
33250,P2,CASC,-78.75,-75.01,-165,R,81762,-1.1620
33260,P2,CASC,-78.90,-74.99,-165,R,81732,-1.2011
33270,P2,CASC,-79.05,-75.01,-165,R,81702,-1.2415
33280,P2,CASC,-79.20,-77.48,-165,R,81671,-1.2586
33290,P2,CASC,-79.35,-77.50,-165,R,81640,-1.2771
33300,P2,CASC,-79.50,-75.00,-166,R,81610,-1.3221
33310,P2,CASC,-79.65,-74.99,-166,R,81580,-1.3687
33320,P2,CASC,-79.80,-77.51,-166,R,81549,-1.3916
33330,P2,CASC,-79.95,-77.52,-166,R,81518,-1.4160
33340,P2,CASC,-80.10,-74.99,-167,R,81488,-1.4671
33350,P2,CASC,-80.25,-75.00,-167,R,81458,-1.5196
33360,P2,CASC,-80.40,-77.49,-167,R,81427,-1.5487
33370,P2,CASC,-80.55,-75.01,-168,R,81397,-1.6040
33380,P2,CASC,-80.70,-77.52,-167,R,81366,-1.6359
33390,P2,CASC,-80.85,-77.49,-167,R,81335,-1.6695
33400,P2,CASC,-81.00,-75.00,-168,R,81305,-1.7295
33410,P2,CASC,-81.15,-77.51,-168,R,81274,-1.7659
33420,P2,CASC,-81.30,-74.97,-169,R,81244,-1.8292
33430,P2,CASC,-81.45,-75.03,-169,R,81214,-1.8934
33440,P2,CASC,-81.60,-74.98,-169,R,81184,-1.9596
33450,P2,CASC,-81.75,-75.01,-170,R,81154,-2.0270
33460,P2,CASC,-81.90,-72.51,-171,R,81125,-2.1209
33470,P2,CASC,-82.05,-77.47,-170,R,81094,-2.1667
33480,P2,CASC,-82.20,-75.03,-171,R,81064,-2.2384
33490,P2,CASC,-82.35,-77.48,-170,R,81033,-2.2871
33500,P2,CASC,-82.50,-77.51,-171,R,81002,-2.3370
33510,P2,CASC,-82.65,-77.50,-171,R,80971,-2.3885
33520,P2,CASC,-82.80,-79.98,-171,R,80939,-2.4167
33530,P2,CASC,-82.95,-77.52,-171,R,80908,-2.4711
33540,P2,CASC,-83.10,-77.52,-172,R,80877,-2.5269
33550,P2,CASC,-83.25,-80.00,-171,R,80845,-2.5594
33560,P2,CASC,-83.40,-77.48,-172,R,80814,-2.6186
33570,P2,CASC,-83.55,-80.00,-172,R,80782,-2.6541
33580,P2,CASC,-83.70,-77.50,-173,R,80751,-2.7161
33590,P2,CASC,-83.85,-77.52,-173,R,80720,-2.7795
33600,P2,CASC,-84.00,-80.00,-173,R,80688,-2.8195
33610,P2,CASC,-84.15,-77.48,-174,R,80657,-2.8861
33620,P2,CASC,-84.30,-77.51,-174,R,80626,-2.9541
33630,P2,CASC,-84.45,-77.50,-174,R,80595,-3.0236
33640,P2,CASC,-84.60,-77.51,-175,R,80564,-3.0945
33650,P2,CASC,-84.75,-79.98,-174,R,80532,-3.1421
33660,P2,CASC,-84.90,-77.52,-175,R,80501,-3.2159
33670,P2,CASC,-85.05,-79.98,-175,R,80469,-3.2666
33680,P2,CASC,-85.20,-80.00,-175,R,80437,-3.3186
33690,P2,CASC,-85.35,-79.99,-176,R,80405,-3.3722
33700,P2,CASC,-85.50,-80.01,-176,R,80373,-3.4271
33710,P2,CASC,-85.65,-79.99,-176,R,80341,-3.4837
33720,P2,CASC,-85.80,-82.51,-176,R,80308,-3.5166
33730,P2,CASC,-85.95,-82.46,-176,R,80275,-3.5515
33740,P2,CASC,-86.10,-82.52,-176,R,80242,-3.5872
33750,P2,CASC,-86.25,-80.02,-177,R,80210,-3.6496
33760,P2,CASC,-86.40,-85.02,-176,R,80176,-3.6634
33770,P2,CASC,-86.55,-82.49,-177,R,80143,-3.7040
33780,P2,CASC,-86.70,-84.99,-177,R,80109,-3.7211
33790,P2,CASC,-86.85,-82.49,-177,R,80076,-3.7647
33800,P2,CASC,-87.00,-82.51,-178,R,80043,-3.8096
33810,P2,CASC,-87.15,-85.00,-177,R,80009,-3.8311
33820,P2,CASC,-87.30,-82.52,-178,R,79976,-3.8789
33830,P2,CASC,-87.45,-84.97,-178,R,79942,-3.9037
33840,P2,CASC,-87.60,-82.49,-179,R,79909,-3.9547
33850,P2,CASC,-87.75,-85.03,-178,R,79875,-3.9819
33860,P2,CASC,-87.90,-84.98,-178,R,79841,-4.0111
33870,P2,CASC,-88.05,-82.49,-179,R,79808,-4.0667
33880,P2,CASC,-88.20,-87.52,-178,R,79773,-4.0735
33890,P2,CASC,-88.35,-85.01,-179,R,79739,-4.1069
33900,P2,CASC,-88.50,-87.48,-179,R,79704,-4.1171
33910,P2,CASC,-88.65,-85.00,-180,R,79670,-4.1536
33920,P2,CASC,-88.80,-90.02,-176,R,79634,-4.1414
33930,P2,CASC,-88.95,-87.50,-179,R,79599,-4.1559
33940,P2,CASC,-89.10,-87.48,-179,R,79564,-4.1721
33950,P2,CASC,-89.25,-87.51,-180,R,79529,-4.1895
33960,P2,CASC,-89.40,-90.00,-177,R,79493,-4.1835
33970,P2,CASC,-89.55,-87.51,-180,R,79458,-4.2039
33980,P2,CASC,-89.70,-84.98,-181,R,79424,-4.2511
33990,P2,CASC,-89.85,-87.49,-180,R,79389,-4.2747
34000,P2,CASC,-90.00,-87.50,-181,R,79354,-4.2997
34010,P2,CASC,-90.15,-87.53,-181,R,79319,-4.3259
34020,P2,CASC,-90.30,-89.99,-180,R,79283,-4.3290
34030,P2,CASC,-90.45,-90.01,-180,R,79247,-4.3334
34040,P2,CASC,-90.60,-89.98,-181,R,79211,-4.3396
34050,P2,CASC,-90.75,-89.99,-181,R,79175,-4.3472
34060,P2,CASC,-90.90,-90.02,-181,R,79139,-4.3560
34070,P2,CASC,-91.05,-89.99,-181,R,79103,-4.3666
34080,P2,CASC,-91.20,-90.01,-181,R,79067,-4.3785
34090,P2,CASC,-91.35,-89.98,-182,R,79031,-4.3922
34100,P2,CASC,-91.50,-92.51,-179,R,78994,-4.3821
34110,P2,CASC,-91.65,-90.02,-182,R,78958,-4.3984
34120,P2,CASC,-91.80,-92.49,-179,R,78921,-4.3915
34130,P2,CASC,-91.95,-90.00,-182,R,78885,-4.4110
34140,P2,CASC,-92.10,-89.97,-182,R,78849,-4.4322
34150,P2,CASC,-92.25,-90.01,-183,R,78813,-4.4547
34160,P2,CASC,-92.40,-87.53,-183,R,78778,-4.5034
34170,P2,CASC,-92.55,-89.97,-183,R,78742,-4.5292
34180,P2,CASC,-92.70,-89.99,-183,R,78706,-4.5563
34190,P2,CASC,-92.85,-92.51,-183,R,78669,-4.5597
34200,P2,CASC,-93.00,-92.49,-183,R,78632,-4.5648
34210,P2,CASC,-93.15,-95.01,-180,R,78594,-4.5462
34220,P2,CASC,-93.30,-95.03,-180,R,78556,-4.5289
34230,P2,CASC,-93.45,-92.49,-183,R,78519,-4.5385
34240,P2,CASC,-93.60,-95.01,-180,R,78481,-4.5244
34250,P2,CASC,-93.75,-97.50,-179,R,78442,-4.4869
34260,P2,CASC,-93.90,-94.99,-181,R,78404,-4.4760
34270,P2,CASC,-94.05,-95.01,-181,R,78366,-4.4664
34280,P2,CASC,-94.20,-95.00,-181,R,78328,-4.4584
34290,P2,CASC,-94.35,-94.99,-181,R,78290,-4.4520
34300,P2,CASC,-94.50,-95.01,-181,R,78252,-4.4469
34310,P2,CASC,-94.65,-92.49,-184,R,78215,-4.4685
34320,P2,CASC,-94.80,-92.51,-184,R,78178,-4.4914
34330,P2,CASC,-94.95,-97.47,-181,R,78139,-4.4662
34340,P2,CASC,-95.10,-92.53,-185,R,78102,-4.4919
34350,P2,CASC,-95.25,-94.98,-184,R,78064,-4.4946
34360,P2,CASC,-95.40,-97.49,-181,R,78025,-4.4737
34370,P2,CASC,-95.55,-95.01,-184,R,77987,-4.4791
34380,P2,CASC,-95.70,-97.52,-182,R,77948,-4.4609
34390,P2,CASC,-95.85,-97.46,-182,R,77909,-4.4448
34400,P2,CASC,-96.00,-95.02,-185,R,77871,-4.4546
34410,P2,CASC,-96.15,-97.50,-182,R,77832,-4.4411
34420,P2,CASC,-96.30,-97.49,-182,R,77793,-4.4292
34430,P2,CASC,-96.45,-97.50,-182,R,77754,-4.4187
34440,P2,CASC,-96.60,-97.51,-183,R,77715,-4.4096
34450,P2,CASC,-96.75,-99.98,-181,R,77675,-4.3773
34460,P2,CASC,-96.90,-95.04,-186,R,77637,-4.3959
34470,P2,CASC,-97.05,-97.50,-183,R,77598,-4.3914
34480,P2,CASC,-97.20,-97.47,-183,R,77559,-4.3887
34490,P2,CASC,-97.35,-95.01,-186,R,77521,-4.4121
34500,P2,CASC,-97.50,-97.52,-184,R,77482,-4.4119
34510,P2,CASC,-97.65,-97.48,-186,R,77443,-4.4136
34520,P2,CASC,-97.80,-97.52,-186,R,77404,-4.4164
34530,P2,CASC,-97.95,-102.47,-181,R,77363,-4.3712
34540,P2,CASC,-98.10,-97.53,-186,R,77324,-4.3769
34550,P2,CASC,-98.25,-99.99,-183,R,77284,-4.3595
34560,P2,CASC,-98.40,-102.51,-182,R,77243,-4.3184
34570,P2,CASC,-98.55,-97.47,-186,R,77204,-4.3292
34580,P2,CASC,-98.70,-102.52,-182,R,77163,-4.2910
34590,P2,CASC,-98.85,-99.99,-184,R,77123,-4.2796
34600,P2,CASC,-99.00,-99.99,-184,R,77083,-4.2697
34610,P2,CASC,-99.15,-100.01,-184,R,77043,-4.2611
34620,P2,CASC,-99.30,-97.51,-187,R,77004,-4.2790
34630,P2,CASC,-99.45,-97.51,-187,R,76965,-4.2984
34640,P2,CASC,-99.60,-99.97,-185,R,76925,-4.2947
34650,P2,CASC,-99.75,-102.53,-183,R,76884,-4.2669
34660,P2,CASC,-99.90,-99.97,-185,R,76844,-4.2662
34670,P2,CASC,-100.05,-100.01,-187,R,76804,-4.2666
34680,P2,CASC,-100.20,-102.51,-184,R,76763,-4.2435
34690,P2,CASC,-100.35,-99.99,-187,R,76723,-4.2471
34700,P2,CASC,-100.50,-100.00,-187,R,76683,-4.2521
34710,P2,CASC,-100.65,-100.00,-187,R,76643,-4.2586
34720,P2,CASC,-100.80,-100.01,-188,R,76603,-4.2665
34730,P2,CASC,-100.95,-102.49,-185,R,76562,-4.2511
34740,P2,CASC,-101.10,-105.02,-183,R,76520,-4.2119
34750,P2,CASC,-101.25,-99.98,-188,R,76480,-4.2246
34760,P2,CASC,-101.40,-99.99,-188,R,76440,-4.2387
34770,P2,CASC,-101.55,-99.99,-188,R,76400,-4.2543
34780,P2,CASC,-101.70,-100.04,-188,R,76360,-4.2709
34790,P2,CASC,-101.85,-99.97,-189,R,76320,-4.2897
34800,P2,CASC,-102.00,-102.50,-186,R,76279,-4.2847
34810,P2,CASC,-102.15,-104.95,-185,R,76237,-4.2567
34820,P2,CASC,-102.30,-102.56,-186,R,76196,-4.2541
34830,P2,CASC,-102.45,-105.02,-185,R,76154,-4.2284
34840,P2,CASC,-102.60,-104.97,-185,R,76112,-4.2047
34850,P2,CASC,-102.75,-105.01,-185,R,76070,-4.1821
34860,P2,CASC,-102.90,-105.01,-185,R,76028,-4.1610
34870,P2,CASC,-103.05,-107.48,-184,R,75985,-4.1167
34880,P2,CASC,-103.20,-105.03,-186,R,75943,-4.0984
34890,P2,CASC,-103.35,-104.98,-186,R,75901,-4.0821
34900,P2,CASC,-103.50,-105.00,-186,R,75859,-4.0671
34910,P2,CASC,-103.65,-100.00,-190,R,75819,-4.1036
34920,P2,CASC,-103.80,-105.02,-186,R,75777,-4.0914
34930,P2,CASC,-103.95,-104.96,-187,R,75735,-4.0813
34940,P2,CASC,-104.10,-102.53,-189,R,75694,-4.0970
34950,P2,CASC,-104.25,-104.99,-187,R,75652,-4.0896
34960,P2,CASC,-104.40,-104.99,-187,R,75610,-4.0837
34970,P2,CASC,-104.55,-107.51,-186,R,75567,-4.0541
34980,P2,CASC,-104.70,-105.02,-187,R,75525,-4.0509
34990,P2,CASC,-104.85,-104.97,-188,R,75483,-4.0497
35000,P2,CASC,-105.00,-107.52,-186,R,75440,-4.0245
35010,P2,CASC,-105.15,-102.50,-190,R,75399,-4.0510
35020,P2,CASC,-105.30,-107.48,-187,R,75356,-4.0292
35030,P2,CASC,-105.45,-107.52,-187,R,75313,-4.0085
35040,P2,CASC,-105.60,-107.51,-187,R,75270,-3.9894
35050,P2,CASC,-105.75,-105.00,-190,R,75228,-3.9969
35060,P2,CASC,-105.90,-107.47,-187,R,75185,-3.9812
35070,P2,CASC,-106.05,-105.02,-190,R,75143,-3.9915
35080,P2,CASC,-106.20,-104.98,-190,R,75101,-4.0037
35090,P2,CASC,-106.35,-107.50,-188,R,75058,-3.9922
35100,P2,CASC,-106.50,-107.52,-188,R,75015,-3.9820
35110,P2,CASC,-106.65,-107.51,-188,R,74972,-3.9734
35120,P2,CASC,-106.80,-109.99,-187,R,74928,-3.9415
35130,P2,CASC,-106.95,-107.50,-188,R,74885,-3.9360
35140,P2,CASC,-107.10,-109.98,-187,R,74841,-3.9072
35150,P2,CASC,-107.25,-107.53,-189,R,74798,-3.9044
35160,P2,CASC,-107.40,-109.99,-187,R,74754,-3.8785
35170,P2,CASC,-107.55,-109.98,-187,R,74710,-3.8542
35180,P2,CASC,-107.70,-107.50,-191,R,74667,-3.8562
35190,P2,CASC,-107.85,-107.53,-191,R,74624,-3.8594
35200,P2,CASC,-108.00,-107.49,-191,R,74581,-3.8645
35210,P2,CASC,-108.15,-110.00,-188,R,74537,-3.8460
35220,P2,CASC,-108.30,-107.48,-191,R,74494,-3.8542
35230,P2,CASC,-108.45,-110.01,-189,R,74450,-3.8386
35240,P2,CASC,-108.60,-110.00,-189,R,74406,-3.8246
35250,P2,CASC,-108.75,-110.00,-189,R,74362,-3.8121
35260,P2,CASC,-108.90,-107.51,-192,R,74319,-3.8260
35270,P2,CASC,-109.05,-110.00,-189,R,74275,-3.8165
35280,P2,CASC,-109.20,-110.00,-189,R,74231,-3.8085
35290,P2,CASC,-109.35,-107.49,-192,R,74188,-3.8271
35300,P2,CASC,-109.50,-112.51,-188,R,74143,-3.7970
35310,P2,CASC,-109.65,-107.49,-192,R,74100,-3.8186
35320,P2,CASC,-109.80,-110.02,-190,R,74056,-3.8164
35330,P2,CASC,-109.95,-107.48,-193,R,74013,-3.8411
35340,P2,CASC,-110.10,-107.50,-193,R,73970,-3.8671
35350,P2,CASC,-110.25,-107.52,-193,R,73927,-3.8944
35360,P2,CASC,-110.40,-109.99,-192,R,73883,-3.8985
35370,P2,CASC,-110.55,-112.51,-190,R,73838,-3.8789
35380,P2,CASC,-110.70,-112.50,-190,R,73793,-3.8609
35390,P2,CASC,-110.85,-114.99,-188,R,73747,-3.8195
35400,P2,CASC,-111.00,-112.51,-190,R,73702,-3.8044
35410,P2,CASC,-111.15,-117.48,-187,R,73655,-3.7411
35420,P2,CASC,-111.30,-112.49,-190,R,73610,-3.7292
35430,P2,CASC,-111.45,-115.03,-189,R,73564,-3.6934
35440,P2,CASC,-111.60,-114.98,-189,R,73518,-3.6596
35450,P2,CASC,-111.75,-112.52,-191,R,73473,-3.6519
35460,P2,CASC,-111.90,-112.49,-191,R,73428,-3.6460
35470,P2,CASC,-112.05,-112.48,-191,R,73383,-3.6417
35480,P2,CASC,-112.20,-112.51,-191,R,73338,-3.6386
35490,P2,CASC,-112.35,-112.49,-191,R,73293,-3.6372
35500,P2,CASC,-112.50,-112.53,-192,R,73248,-3.6369
35510,P2,CASC,-112.65,-112.47,-193,R,73203,-3.6387
35520,P2,CASC,-112.80,-115.00,-190,R,73157,-3.6167
35530,P2,CASC,-112.95,-112.53,-193,R,73112,-3.6209
35540,P2,CASC,-113.10,-114.97,-191,R,73066,-3.6022
35550,P2,CASC,-113.25,-115.03,-191,R,73020,-3.5844
35560,P2,CASC,-113.40,-114.95,-191,R,72974,-3.5689
35570,P2,CASC,-113.55,-115.05,-191,R,72928,-3.5539
35580,P2,CASC,-113.70,-115.00,-191,R,72882,-3.5409
35590,P2,CASC,-113.85,-114.97,-191,R,72836,-3.5297
35600,P2,CASC,-114.00,-112.52,-194,R,72791,-3.5445
35610,P2,CASC,-114.15,-114.99,-192,R,72745,-3.5361
35620,P2,CASC,-114.30,-112.49,-194,R,72700,-3.5542
35630,P2,CASC,-114.45,-117.48,-191,R,72653,-3.5240
35640,P2,CASC,-114.60,-112.52,-195,R,72608,-3.5448
35650,P2,CASC,-114.75,-117.52,-191,R,72561,-3.5170
35660,P2,CASC,-114.90,-117.50,-191,R,72514,-3.4910
35670,P2,CASC,-115.05,-117.51,-191,R,72467,-3.4664
35680,P2,CASC,-115.20,-117.46,-191,R,72420,-3.4438
35690,P2,CASC,-115.35,-117.50,-191,R,72373,-3.4223
35700,P2,CASC,-115.50,-117.51,-192,R,72326,-3.4021
35710,P2,CASC,-115.65,-117.52,-192,R,72279,-3.3834
35720,P2,CASC,-115.80,-114.95,-195,R,72233,-3.3919
35730,P2,CASC,-115.95,-115.01,-195,R,72187,-3.4013
35740,P2,CASC,-116.10,-115.00,-195,R,72141,-3.4123
35750,P2,CASC,-116.25,-117.50,-193,R,72094,-3.3998
35760,P2,CASC,-116.40,-120.01,-191,R,72046,-3.3636
35770,P2,CASC,-116.55,-114.98,-195,R,72000,-3.3794
35780,P2,CASC,-116.70,-120.02,-191,R,71952,-3.3461
35790,P2,CASC,-116.85,-115.01,-195,R,71906,-3.3645
35800,P2,CASC,-117.00,-117.49,-193,R,71859,-3.3596
35810,P2,CASC,-117.15,-115.00,-196,R,71813,-3.3811
35820,P2,CASC,-117.30,-120.00,-192,R,71765,-3.3541
35830,P2,CASC,-117.45,-117.51,-194,R,71718,-3.3535
35840,P2,CASC,-117.60,-117.49,-195,R,71671,-3.3546
35850,P2,CASC,-117.75,-115.02,-196,R,71625,-3.3819
35860,P2,CASC,-117.90,-112.47,-197,R,71580,-3.4362
35870,P2,CASC,-118.05,-117.50,-196,R,71533,-3.4417
35880,P2,CASC,-118.20,-117.54,-196,R,71486,-3.4484
35890,P2,CASC,-118.35,-119.96,-194,R,71438,-3.4322
35900,P2,CASC,-118.50,-120.00,-194,R,71390,-3.4172
35910,P2,CASC,-118.65,-122.54,-192,R,71341,-3.3784
35920,P2,CASC,-118.80,-119.99,-194,R,71293,-3.3665
35930,P2,CASC,-118.95,-125.00,-191,R,71243,-3.3060
35940,P2,CASC,-119.10,-122.48,-193,R,71194,-3.2722
35950,P2,CASC,-119.25,-122.50,-193,R,71145,-3.2397
35960,P2,CASC,-119.40,-120.02,-195,R,71097,-3.2335
35970,P2,CASC,-119.55,-122.50,-193,R,71048,-3.2040
35980,P2,CASC,-119.70,-119.99,-195,R,71000,-3.2011
35990,P2,CASC,-119.85,-120.02,-195,R,70952,-3.1994
36000,P2,CASC,-120.00,-119.96,-196,R,70904,-3.1997
36010,P2,CASC,-120.15,-120.02,-197,R,70856,-3.2010
36020,P2,CASC,-120.30,-122.51,-194,R,70807,-3.1789
36030,P2,CASC,-120.45,-122.50,-194,R,70758,-3.1584
36040,P2,CASC,-120.60,-122.46,-194,R,70709,-3.1397
36050,P2,CASC,-120.75,-122.52,-194,R,70660,-3.1220
36060,P2,CASC,-120.90,-120.01,-197,R,70612,-3.1309
36070,P2,CASC,-121.05,-122.46,-195,R,70563,-3.1167
36080,P2,CASC,-121.20,-125.01,-193,R,70513,-3.0786
36090,P2,CASC,-121.35,-122.49,-195,R,70464,-3.0672
36100,P2,CASC,-121.50,-120.01,-197,R,70416,-3.0821
36110,P2,CASC,-121.65,-122.46,-195,R,70367,-3.0740
36120,P2,CASC,-121.80,-120.05,-198,R,70319,-3.0915
36130,P2,CASC,-121.95,-122.49,-196,R,70270,-3.0861
36140,P2,CASC,-122.10,-122.51,-196,R,70221,-3.0820
36150,P2,CASC,-122.25,-125.01,-194,R,70171,-3.0544
36160,P2,CASC,-122.40,-124.99,-195,R,70121,-3.0285
36170,P2,CASC,-122.55,-122.50,-198,R,70072,-3.0290
36180,P2,CASC,-122.70,-127.49,-193,R,70021,-2.9811
36190,P2,CASC,-122.85,-127.53,-193,R,69970,-2.9344
36200,P2,CASC,-123.00,-124.96,-195,R,69920,-2.9148
36210,P2,CASC,-123.15,-125.00,-195,R,69870,-2.8963
36220,P2,CASC,-123.30,-122.52,-198,R,69821,-2.9040
36230,P2,CASC,-123.45,-120.00,-199,R,69773,-2.9385
36240,P2,CASC,-123.60,-124.95,-196,R,69723,-2.9250
36250,P2,CASC,-123.75,-125.01,-196,R,69673,-2.9124
36260,P2,CASC,-123.90,-125.05,-196,R,69623,-2.9009
36270,P2,CASC,-124.05,-125.00,-196,R,69573,-2.8914
36280,P2,CASC,-124.20,-122.46,-199,R,69524,-2.9088
36290,P2,CASC,-124.35,-122.50,-199,R,69475,-2.9273
36300,P2,CASC,-124.50,-125.00,-197,R,69425,-2.9223
36310,P2,CASC,-124.65,-127.53,-196,R,69374,-2.8935
36320,P2,CASC,-124.80,-124.99,-197,R,69324,-2.8916
36330,P2,CASC,-124.95,-122.51,-199,R,69275,-2.9160
36340,P2,CASC,-125.10,-122.51,-200,R,69226,-2.9419
36350,P2,CASC,-125.25,-122.48,-200,R,69177,-2.9696
36360,P2,CASC,-125.40,-122.50,-200,R,69128,-2.9986
36370,P2,CASC,-125.55,-127.45,-197,R,69077,-2.9796
36380,P2,CASC,-125.70,-125.04,-200,R,69027,-2.9863
36390,P2,CASC,-125.85,-130.01,-196,R,68975,-2.9446
36400,P2,CASC,-126.00,-127.50,-197,R,68924,-2.9296
36410,P2,CASC,-126.15,-129.99,-196,R,68872,-2.8913
36420,P2,CASC,-126.30,-130.04,-196,R,68820,-2.8539
36430,P2,CASC,-126.45,-132.47,-194,R,68767,-2.7936
36440,P2,CASC,-126.60,-130.03,-196,R,68715,-2.7594
36450,P2,CASC,-126.75,-129.99,-196,R,68663,-2.7270
36460,P2,CASC,-126.90,-124.98,-200,R,68613,-2.7463
36470,P2,CASC,-127.05,-127.54,-198,R,68562,-2.7414
36480,P2,CASC,-127.20,-124.98,-200,R,68512,-2.7636
36490,P2,CASC,-127.35,-130.00,-197,R,68460,-2.7371
36500,P2,CASC,-127.50,-127.53,-199,R,68409,-2.7369
36510,P2,CASC,-127.65,-130.00,-197,R,68357,-2.7134
36520,P2,CASC,-127.80,-129.99,-197,R,68305,-2.6915
36530,P2,CASC,-127.95,-127.50,-200,R,68254,-2.6960
36540,P2,CASC,-128.10,-127.51,-200,R,68203,-2.7019
36550,P2,CASC,-128.25,-129.95,-198,R,68151,-2.6849
36560,P2,CASC,-128.40,-130.01,-198,R,68099,-2.6688
36570,P2,CASC,-128.55,-130.00,-198,R,68047,-2.6543
36580,P2,CASC,-128.70,-127.50,-201,R,67996,-2.6663
36590,P2,CASC,-128.85,-130.00,-199,R,67944,-2.6548
36600,P2,CASC,-129.00,-127.50,-201,R,67893,-2.6698
36610,P2,CASC,-129.15,-130.04,-199,R,67841,-2.6609
36620,P2,CASC,-129.30,-129.96,-199,R,67789,-2.6543
36630,P2,CASC,-129.45,-132.53,-198,R,67736,-2.6235
36640,P2,CASC,-129.60,-132.49,-198,R,67683,-2.5946
36650,P2,CASC,-129.75,-132.50,-198,R,67630,-2.5671
36660,P2,CASC,-129.90,-134.95,-197,R,67576,-2.5167
36670,P2,CASC,-130.05,-132.58,-198,R,67523,-2.4914
36680,P2,CASC,-130.20,-129.96,-201,R,67471,-2.4938
36690,P2,CASC,-130.35,-129.99,-201,R,67419,-2.4974
36700,P2,CASC,-130.50,-130.04,-201,R,67367,-2.5020
36710,P2,CASC,-130.65,-129.99,-201,R,67315,-2.5086
36720,P2,CASC,-130.80,-132.51,-199,R,67262,-2.4915
36730,P2,CASC,-130.95,-132.47,-199,R,67209,-2.4763
36740,P2,CASC,-131.10,-132.51,-199,R,67156,-2.4621
36750,P2,CASC,-131.25,-130.00,-202,R,67104,-2.4746
36760,P2,CASC,-131.40,-129.97,-202,R,67052,-2.4889
36770,P2,CASC,-131.55,-132.53,-200,R,66999,-2.4791
36780,P2,CASC,-131.70,-132.51,-200,R,66946,-2.4710
36790,P2,CASC,-131.85,-132.51,-200,R,66893,-2.4644
36800,P2,CASC,-132.00,-130.00,-202,R,66841,-2.4844
36810,P2,CASC,-132.15,-127.47,-203,R,66790,-2.5311
36820,P2,CASC,-132.30,-129.99,-203,R,66738,-2.5542
36830,P2,CASC,-132.45,-130.03,-203,R,66686,-2.5785
36840,P2,CASC,-132.60,-134.96,-200,R,66632,-2.5549
36850,P2,CASC,-132.75,-135.01,-200,R,66578,-2.5323
36860,P2,CASC,-132.90,-135.00,-200,R,66524,-2.5113
36870,P2,CASC,-133.05,-137.49,-199,R,66469,-2.4669
36880,P2,CASC,-133.20,-135.04,-200,R,66415,-2.4485
36890,P2,CASC,-133.35,-137.51,-199,R,66360,-2.4068
36900,P2,CASC,-133.50,-137.47,-199,R,66305,-2.3671
36910,P2,CASC,-133.65,-137.51,-199,R,66250,-2.3285
36920,P2,CASC,-133.80,-132.51,-203,R,66197,-2.3414
36930,P2,CASC,-133.95,-134.97,-201,R,66143,-2.3311
36940,P2,CASC,-134.10,-134.99,-201,R,66089,-2.3223
36950,P2,CASC,-134.25,-132.51,-203,R,66036,-2.3396
36960,P2,CASC,-134.40,-137.53,-200,R,65981,-2.3083
36970,P2,CASC,-134.55,-134.96,-202,R,65927,-2.3043
36980,P2,CASC,-134.70,-135.01,-202,R,65873,-2.3011
36990,P2,CASC,-134.85,-135.01,-202,R,65819,-2.2995
37000,P2,CASC,-135.00,-137.51,-201,R,65764,-2.2743
37010,P2,CASC,-135.15,-137.47,-201,R,65709,-2.2511
37020,P2,CASC,-135.30,-135.03,-203,R,65655,-2.2539
37030,P2,CASC,-135.45,-135.00,-204,R,65601,-2.2584
37040,P2,CASC,-135.60,-137.49,-201,R,65546,-2.2395
37050,P2,CASC,-135.75,-134.97,-204,R,65492,-2.2473
37060,P2,CASC,-135.90,-135.04,-204,R,65438,-2.2559
37070,P2,CASC,-136.05,-140.00,-200,R,65382,-2.2164
37080,P2,CASC,-136.20,-137.47,-202,R,65327,-2.2036
37090,P2,CASC,-136.35,-139.99,-201,R,65271,-2.1673
37100,P2,CASC,-136.50,-140.04,-201,R,65215,-2.1318
37110,P2,CASC,-136.65,-142.44,-199,R,65158,-2.0739
37120,P2,CASC,-136.80,-137.56,-203,R,65103,-2.0664
37130,P2,CASC,-136.95,-139.99,-201,R,65047,-2.0360
37140,P2,CASC,-137.10,-134.99,-205,R,64993,-2.0571
37150,P2,CASC,-137.25,-137.51,-203,R,64938,-2.0545
37160,P2,CASC,-137.40,-137.51,-203,R,64883,-2.0534
37170,P2,CASC,-137.55,-139.89,-202,R,64827,-2.0300
37180,P2,CASC,-137.70,-137.60,-204,R,64772,-2.0310
37190,P2,CASC,-137.85,-137.51,-204,R,64717,-2.0344
37200,P2,CASC,-138.00,-137.47,-205,R,64662,-2.0397
37210,P2,CASC,-138.15,-137.51,-205,R,64607,-2.0460
37220,P2,CASC,-138.30,-140.01,-203,R,64551,-2.0289
37230,P2,CASC,-138.45,-139.99,-203,R,64495,-2.0135
37240,P2,CASC,-138.60,-135.01,-206,R,64441,-2.0494
37250,P2,CASC,-138.75,-135.00,-206,R,64387,-2.0869
37260,P2,CASC,-138.90,-137.46,-206,R,64332,-2.1013
37270,P2,CASC,-139.05,-137.50,-206,R,64277,-2.1168
37280,P2,CASC,-139.20,-140.00,-204,R,64221,-2.1088
37290,P2,CASC,-139.35,-144.99,-201,R,64163,-2.0524
37300,P2,CASC,-139.50,-142.50,-203,R,64106,-2.0224
37310,P2,CASC,-139.65,-145.04,-201,R,64048,-1.9685
37320,P2,CASC,-139.80,-142.49,-203,R,63991,-1.9417
37330,P2,CASC,-139.95,-145.00,-201,R,63933,-1.8912
37340,P2,CASC,-140.10,-142.51,-203,R,63876,-1.8670
37350,P2,CASC,-140.25,-140.00,-206,R,63820,-1.8695
37360,P2,CASC,-140.40,-139.97,-206,R,63764,-1.8738
37370,P2,CASC,-140.55,-142.51,-204,R,63707,-1.8541
37380,P2,CASC,-140.70,-142.50,-204,R,63650,-1.8361
37390,P2,CASC,-140.85,-142.49,-204,R,63593,-1.8198
37400,P2,CASC,-141.00,-142.53,-204,R,63536,-1.8045
37410,P2,CASC,-141.15,-142.49,-204,R,63479,-1.7911
37420,P2,CASC,-141.30,-140.00,-206,R,63423,-1.8041
37430,P2,CASC,-141.45,-145.03,-203,R,63365,-1.7684
37440,P2,CASC,-141.60,-142.44,-205,R,63308,-1.7599
37450,P2,CASC,-141.75,-142.53,-205,R,63251,-1.7521
37460,P2,CASC,-141.90,-140.00,-207,R,63195,-1.7711
37470,P2,CASC,-142.05,-142.51,-205,R,63138,-1.7665
37480,P2,CASC,-142.20,-142.51,-205,R,63081,-1.7634
37490,P2,CASC,-142.35,-144.93,-204,R,63023,-1.7376
37500,P2,CASC,-142.50,-142.57,-206,R,62966,-1.7369
37510,P2,CASC,-142.65,-145.00,-204,R,62908,-1.7134
37520,P2,CASC,-142.80,-147.43,-203,R,62849,-1.6671
37530,P2,CASC,-142.95,-145.06,-205,R,62791,-1.6460
37540,P2,CASC,-143.10,-147.51,-203,R,62732,-1.6019
37550,P2,CASC,-143.25,-144.94,-205,R,62674,-1.5850
37560,P2,CASC,-143.40,-142.51,-207,R,62617,-1.5938
37570,P2,CASC,-143.55,-142.54,-207,R,62560,-1.6039
37580,P2,CASC,-143.70,-142.47,-207,R,62503,-1.6162
37590,P2,CASC,-143.85,-147.47,-204,R,62444,-1.5800
37600,P2,CASC,-144.00,-142.53,-207,R,62387,-1.5947
37610,P2,CASC,-144.15,-147.53,-204,R,62328,-1.5609
37620,P2,CASC,-144.30,-139.97,-208,R,62272,-1.6042
37630,P2,CASC,-144.45,-145.00,-206,R,62214,-1.5987
37640,P2,CASC,-144.60,-144.99,-207,R,62156,-1.5948
37650,P2,CASC,-144.75,-145.00,-207,R,62098,-1.5923
37660,P2,CASC,-144.90,-142.54,-208,R,62041,-1.6159
37670,P2,CASC,-145.05,-139.96,-209,R,61985,-1.6668
37680,P2,CASC,-145.20,-140.00,-209,R,61929,-1.7188
37690,P2,CASC,-145.35,-145.00,-208,R,61871,-1.7223
37700,P2,CASC,-145.50,-147.43,-206,R,61812,-1.7030
37710,P2,CASC,-145.65,-147.62,-206,R,61753,-1.6834
37720,P2,CASC,-145.80,-150.00,-205,R,61693,-1.6414
37730,P2,CASC,-145.95,-150.00,-205,R,61633,-1.6009
37740,P2,CASC,-146.10,-152.50,-203,R,61572,-1.5369
37750,P2,CASC,-146.25,-147.50,-207,R,61513,-1.5244
37760,P2,CASC,-146.40,-150.00,-205,R,61453,-1.4884
37770,P2,CASC,-146.55,-147.44,-207,R,61394,-1.4795
37780,P2,CASC,-146.70,-147.51,-207,R,61335,-1.4713
37790,P2,CASC,-146.85,-147.49,-207,R,61276,-1.4650
37800,P2,CASC,-147.00,-145.00,-209,R,61218,-1.4850
37810,P2,CASC,-147.15,-150.03,-206,R,61158,-1.4562
37820,P2,CASC,-147.30,-147.51,-208,R,61099,-1.4540
37830,P2,CASC,-147.45,-147.50,-208,R,61040,-1.4535
37840,P2,CASC,-147.60,-147.49,-209,R,60981,-1.4547
37850,P2,CASC,-147.75,-150.03,-207,R,60921,-1.4319
37860,P2,CASC,-147.90,-150.00,-207,R,60861,-1.4109
37870,P2,CASC,-148.05,-147.47,-209,R,60802,-1.4166
37880,P2,CASC,-148.20,-150.00,-207,R,60742,-1.3986
37890,P2,CASC,-148.35,-147.47,-209,R,60683,-1.4074
37900,P2,CASC,-148.50,-147.50,-210,R,60624,-1.4174
37910,P2,CASC,-148.65,-152.50,-206,R,60563,-1.3789
37920,P2,CASC,-148.80,-150.03,-208,R,60503,-1.3666
37930,P2,CASC,-148.95,-155.02,-205,R,60441,-1.3060
37940,P2,CASC,-149.10,-152.48,-207,R,60380,-1.2721
37950,P2,CASC,-149.25,-152.52,-207,R,60319,-1.2395
37960,P2,CASC,-149.40,-152.50,-207,R,60258,-1.2085
37970,P2,CASC,-149.55,-147.46,-210,R,60199,-1.2294
37980,P2,CASC,-149.70,-150.01,-209,R,60139,-1.2263
37990,P2,CASC,-149.85,-150.01,-209,R,60079,-1.2246
38000,P2,CASC,-150.00,-152.53,-208,R,60018,-1.1993
38010,P2,CASC,-150.00,-150.00,-209,R,59958,-1.1993
38020,P2,CASC,-150.00,-149.94,-210,R,59898,-1.1999
38030,P2,CASC,-150.00,-150.01,-209,R,59838,-1.1998
38040,P2,CASC,-150.00,-150.05,-209,R,59778,-1.1993
38050,P2,CASC,-150.00,-149.97,-210,R,59718,-1.1996
38060,P2,CASC,-150.00,-152.48,-208,R,59657,-1.1748
38070,P2,CASC,-150.00,-145.04,-211,R,59599,-1.2243
38080,P2,CASC,-150.00,-147.46,-210,R,59540,-1.2498
38090,P2,CASC,-150.00,-147.53,-211,R,59481,-1.2745
38100,P2,CASC,-150.00,-152.47,-208,R,59420,-1.2498
38110,P2,CASC,-150.00,-154.91,-206,R,59358,-1.2007
38120,P2,CASC,-150.00,-152.58,-208,R,59297,-1.1750
38130,P2,CASC,-150.00,-155.05,-206,R,59235,-1.1245
38140,P2,CASC,-150.00,-157.45,-204,R,59172,-1.0500
38150,P2,CASC,-150.00,-155.02,-206,R,59110,-0.9998
38160,P2,CASC,-150.00,-152.52,-207,R,59049,-0.9747
38170,P2,CASC,-150.00,-150.01,-209,R,58989,-0.9745
38180,P2,CASC,-150.00,-152.50,-207,R,58928,-0.9495
38190,P2,CASC,-150.00,-152.52,-207,R,58867,-0.9244
38200,P2,CASC,-150.00,-149.96,-209,R,58807,-0.9248
38210,P2,CASC,-150.00,-152.42,-207,R,58746,-0.9006
38220,P2,CASC,-150.00,-150.08,-209,R,58686,-0.8998
38230,P2,CASC,-150.00,-152.53,-207,R,58625,-0.8745
38240,P2,CASC,-150.00,-150.00,-209,R,58565,-0.8745
38250,P2,CASC,-150.00,-152.48,-207,R,58504,-0.8497
38260,P2,CASC,-150.00,-152.53,-207,R,58443,-0.8244
38270,P2,CASC,-150.00,-147.49,-209,R,58384,-0.8495
38280,P2,CASC,-150.00,-150.01,-208,R,58324,-0.8494
38290,P2,CASC,-150.00,-150.00,-208,R,58264,-0.8494
38300,P2,CASC,-150.00,-152.48,-207,R,58203,-0.8245
38310,P2,CASC,-150.00,-152.52,-207,R,58142,-0.7994
38320,P2,CASC,-150.00,-152.47,-207,R,58081,-0.7747
38330,P2,CASC,-150.00,-152.52,-207,R,58020,-0.7495
38340,P2,CASC,-150.00,-154.98,-205,R,57958,-0.6997
38350,P2,CASC,-150.00,-154.98,-205,R,57896,-0.6498
38360,P2,CASC,-150.00,-150.00,-208,R,57836,-0.6498
38370,P2,CASC,-150.00,-147.54,-209,R,57777,-0.6744
38380,P2,CASC,-150.00,-149.93,-208,R,57717,-0.6751
38390,P2,CASC,-150.00,-150.03,-208,R,57657,-0.6748
38400,P2,CASC,-150.00,-149.99,-208,R,57597,-0.6750
38410,P2,CASC,-150.00,-150.00,-208,R,57537,-0.6750
38420,P2,CASC,-150.00,-150.05,-208,R,57477,-0.6745
38430,P2,CASC,-150.00,-147.47,-209,R,57418,-0.6998
38440,P2,CASC,-150.00,-149.99,-208,R,57358,-0.7000
38450,P2,CASC,-150.00,-150.05,-208,R,57298,-0.6995
38460,P2,CASC,-150.00,-147.50,-209,R,57239,-0.7245
38470,P2,CASC,-150.00,-145.00,-210,R,57181,-0.7745
38480,P2,CASC,-150.00,-145.00,-210,R,57123,-0.8245
38490,P2,CASC,-150.00,-149.97,-209,R,57063,-0.8248
38500,P2,CASC,-150.00,-150.01,-208,R,57003,-0.8247
38510,P2,CASC,-150.00,-154.97,-205,R,56941,-0.7750
38520,P2,CASC,-150.00,-152.50,-207,R,56880,-0.7500
38530,P2,CASC,-150.00,-152.50,-207,R,56819,-0.7250
38540,P2,CASC,-150.00,-155.02,-205,R,56757,-0.6748
38550,P2,CASC,-150.00,-154.98,-205,R,56695,-0.6250
38560,P2,CASC,-150.00,-150.01,-208,R,56635,-0.6248
38570,P2,CASC,-150.00,-149.96,-208,R,56575,-0.6253
38580,P2,CASC,-150.00,-150.06,-208,R,56515,-0.6247
38590,P2,CASC,-150.00,-150.01,-208,R,56455,-0.6245
38600,P2,CASC,-150.00,-150.01,-208,R,56395,-0.6244
38610,P2,CASC,-150.00,-152.48,-206,R,56334,-0.5995
38620,P2,CASC,-150.00,-149.99,-208,R,56274,-0.5997
38630,P2,CASC,-150.00,-150.01,-208,R,56214,-0.5995
38640,P2,CASC,-150.00,-149.97,-208,R,56154,-0.5998
38650,P2,CASC,-150.00,-150.00,-208,R,56094,-0.5998
38660,P2,CASC,-150.00,-152.41,-206,R,56033,-0.5757
38670,P2,CASC,-150.00,-147.57,-209,R,55974,-0.6000
38680,P2,CASC,-150.00,-147.54,-209,R,55915,-0.6246
38690,P2,CASC,-150.00,-150.01,-208,R,55855,-0.6244
38700,P2,CASC,-150.00,-149.96,-208,R,55795,-0.6249
38710,P2,CASC,-150.00,-155.00,-205,R,55733,-0.5749
38720,P2,CASC,-150.00,-150.01,-208,R,55673,-0.5747
38730,P2,CASC,-150.00,-152.48,-206,R,55612,-0.5499
38740,P2,CASC,-150.00,-155.03,-204,R,55550,-0.4996
38750,P2,CASC,-150.00,-152.45,-206,R,55489,-0.4750
38760,P2,CASC,-150.00,-150.05,-208,R,55429,-0.4746
38770,P2,CASC,-150.00,-147.50,-208,R,55370,-0.4996
38780,P2,CASC,-150.00,-147.47,-209,R,55311,-0.5249
38790,P2,CASC,-150.00,-150.05,-208,R,55251,-0.5244
38800,P2,CASC,-150.00,-152.45,-206,R,55190,-0.4999
38810,P2,CASC,-150.00,-147.54,-208,R,55131,-0.5244
38820,P2,CASC,-150.00,-147.46,-209,R,55072,-0.5499
38830,P2,CASC,-150.00,-147.54,-209,R,55013,-0.5744
38840,P2,CASC,-150.00,-150.00,-208,R,54953,-0.5744
38850,P2,CASC,-150.00,-149.99,-208,R,54893,-0.5746
38860,P2,CASC,-150.00,-147.50,-209,R,54834,-0.5996
38870,P2,CASC,-150.00,-142.51,-210,R,54777,-0.6744
38880,P2,CASC,-150.00,-145.00,-210,R,54719,-0.7244
38890,P2,CASC,-150.00,-149.99,-208,R,54659,-0.7246
38900,P2,CASC,-150.00,-150.00,-208,R,54599,-0.7246
38910,P2,CASC,-150.00,-152.52,-206,R,54538,-0.6994
38920,P2,CASC,-150.00,-152.48,-206,R,54477,-0.6746
38930,P2,CASC,-150.00,-155.00,-205,R,54415,-0.6246
38940,P2,CASC,-150.00,-152.50,-206,R,54354,-0.5996
38950,P2,CASC,-150.00,-152.47,-206,R,54293,-0.5749
38960,P2,CASC,-150.00,-152.50,-206,R,54232,-0.5499
38970,P2,CASC,-150.00,-147.49,-209,R,54173,-0.5750
38980,P2,CASC,-150.00,-150.03,-208,R,54113,-0.5747
38990,P2,CASC,-150.00,-150.01,-208,R,54053,-0.5746
39000,P2,CASC,-150.00,-150.01,-208,R,53993,-0.5744
39010,P2,CASC,-150.00,-149.97,-208,R,53933,-0.5747
39020,P2,CASC,-150.00,-149.97,-208,R,53873,-0.5750
39030,P2,CASC,-150.00,-150.03,-208,R,53813,-0.5747
39040,P2,CASC,-150.00,-152.48,-206,R,53752,-0.5499
39050,P2,CASC,-150.00,-150.01,-208,R,53692,-0.5497
39060,P2,CASC,-150.00,-150.03,-208,R,53632,-0.5494
39070,P2,CASC,-150.00,-149.97,-208,R,53572,-0.5497
39080,P2,CASC,-150.00,-147.50,-209,R,53513,-0.5747
39090,P2,CASC,-150.00,-150.00,-208,R,53453,-0.5747
39100,P2,CASC,-150.00,-150.03,-208,R,53393,-0.5744
39110,P2,CASC,-150.00,-152.50,-206,R,53332,-0.5494
39120,P2,CASC,-150.00,-152.45,-206,R,53271,-0.5249
39130,P2,CASC,-150.00,-155.03,-204,R,53209,-0.4746
39140,P2,CASC,-150.00,-152.47,-206,R,53148,-0.4499
39150,P2,CASC,-150.00,-152.53,-206,R,53087,-0.4246
39160,P2,CASC,-150.00,-150.01,-207,R,53027,-0.4244
39170,P2,CASC,-150.00,-147.49,-208,R,52968,-0.4496
39180,P2,CASC,-150.00,-147.49,-208,R,52909,-0.4747
39190,P2,CASC,-150.00,-150.00,-208,R,52849,-0.4747
39200,P2,CASC,-150.00,-149.99,-208,R,52789,-0.4749
39210,P2,CASC,-150.00,-147.50,-208,R,52730,-0.4999
39220,P2,CASC,-150.00,-147.50,-209,R,52671,-0.5249
39230,P2,CASC,-150.00,-150.03,-208,R,52611,-0.5246
39240,P2,CASC,-150.00,-150.00,-208,R,52551,-0.5246
39250,P2,CASC,-150.00,-147.49,-209,R,52492,-0.5497
39260,P2,CASC,-150.00,-147.50,-209,R,52433,-0.5747
39270,P2,CASC,-150.00,-145.03,-209,R,52375,-0.6244
39280,P2,CASC,-150.00,-142.50,-210,R,52318,-0.6994
39290,P2,CASC,-150.00,-149.94,-208,R,52258,-0.7000
39300,P2,CASC,-150.00,-150.00,-208,R,52198,-0.7000
39310,P2,CASC,-150.00,-155.05,-205,R,52136,-0.6496
39320,P2,CASC,-150.00,-149.96,-208,R,52076,-0.6500
39330,P2,CASC,-150.00,-155.06,-205,R,52014,-0.5994
39340,P2,CASC,-150.00,-155.00,-204,R,51952,-0.5494
39350,P2,CASC,-150.00,-152.45,-206,R,51891,-0.5249
39360,P2,CASC,-150.00,-150.01,-208,R,51831,-0.5247
39370,P2,CASC,-150.00,-147.50,-209,R,51772,-0.5497
39380,P2,CASC,-150.00,-149.99,-208,R,51712,-0.5499
39390,P2,CASC,-150.00,-152.55,-206,R,51651,-0.5244
39400,P2,CASC,-150.00,-152.42,-206,R,51590,-0.5002
39410,P2,CASC,-150.00,-147.57,-208,R,51531,-0.5244
39420,P2,CASC,-150.00,-150.00,-208,R,51471,-0.5244
39430,P2,CASC,-150.00,-149.96,-208,R,51411,-0.5249
39440,P2,CASC,-150.00,-150.03,-208,R,51351,-0.5246
39450,P2,CASC,-150.00,-152.50,-206,R,51290,-0.4996
39460,P2,CASC,-150.00,-149.99,-208,R,51230,-0.4997
39470,P2,CASC,-150.00,-147.49,-209,R,51171,-0.5249
39480,P2,CASC,-150.00,-147.51,-209,R,51112,-0.5497
39490,P2,CASC,-150.00,-152.50,-206,R,51051,-0.5247
39500,P2,CASC,-150.00,-149.97,-208,R,50991,-0.5250
39510,P2,CASC,-150.00,-152.53,-206,R,50930,-0.4997
39520,P2,CASC,-150.00,-150.03,-208,R,50870,-0.4994
39530,P2,CASC,-150.00,-154.94,-204,R,50808,-0.4500
39540,P2,CASC,-150.00,-152.52,-206,R,50747,-0.4249
39550,P2,CASC,-150.00,-152.55,-206,R,50686,-0.3994
39560,P2,CASC,-150.00,-149.94,-208,R,50626,-0.4000
39570,P2,CASC,-150.00,-147.56,-208,R,50567,-0.4244
39580,P2,CASC,-150.00,-147.46,-208,R,50508,-0.4499
39590,P2,CASC,-150.00,-152.55,-206,R,50447,-0.4244
39600,P2,CASC,-150.00,-149.96,-208,R,50387,-0.4249
39610,P2,CASC,-150.00,-150.03,-207,R,50327,-0.4246
39620,P2,CASC,-150.00,-147.41,-208,R,50268,-0.4505
39630,P2,CASC,-150.00,-147.59,-208,R,50209,-0.4746
39640,P2,CASC,-150.00,-149.99,-208,R,50149,-0.4747
39650,P2,CASC,-150.00,-147.50,-208,R,50090,-0.4997
39660,P2,CASC,-150.00,-147.47,-209,R,50031,-0.5250
39670,P2,CASC,-150.00,-145.01,-209,R,49973,-0.5749
39680,P2,CASC,-150.00,-142.51,-210,R,49916,-0.6497
39690,P2,CASC,-150.00,-152.50,-206,R,49855,-0.6247
39700,P2,CASC,-150.00,-149.91,-208,R,49795,-0.6256
39710,P2,CASC,-150.00,-152.62,-206,R,49734,-0.5994
39720,P2,CASC,-150.00,-150.00,-208,R,49674,-0.5994
39730,P2,CASC,-150.00,-154.98,-205,R,49612,-0.5496
39740,P2,CASC,-150.00,-154.98,-204,R,49550,-0.4997
39750,P2,CASC,-150.00,-152.50,-206,R,49489,-0.4747
39760,P2,CASC,-150.00,-149.97,-208,R,49429,-0.4750
39770,P2,CASC,-150.00,-150.05,-208,R,49369,-0.4746
39780,P2,CASC,-150.00,-149.96,-208,R,49309,-0.4750
39790,P2,CASC,-150.00,-150.03,-208,R,49249,-0.4747
39800,P2,CASC,-150.00,-152.53,-206,R,49188,-0.4494
39810,P2,CASC,-150.00,-149.94,-208,R,49128,-0.4500
39820,P2,CASC,-150.00,-150.05,-207,R,49068,-0.4496
39830,P2,CASC,-150.00,-147.50,-208,R,49009,-0.4746
39840,P2,CASC,-150.00,-152.47,-206,R,48948,-0.4499
39850,P2,CASC,-150.00,-150.00,-208,R,48888,-0.4499
39860,P2,CASC,-150.00,-149.99,-208,R,48828,-0.4500
39870,P2,CASC,-150.00,-149.96,-208,R,48768,-0.4505
39880,P2,CASC,-150.00,-147.60,-208,R,48709,-0.4744
39890,P2,CASC,-150.00,-149.99,-208,R,48649,-0.4746
39900,P2,CASC,-150.00,-150.01,-208,R,48589,-0.4744
39910,P2,CASC,-150.00,-152.48,-206,R,48528,-0.4496
39920,P2,CASC,-150.00,-152.52,-206,R,48467,-0.4244
39930,P2,CASC,-150.00,-152.47,-206,R,48406,-0.3997
39940,P2,CASC,-150.00,-155.00,-204,R,48344,-0.3497
39950,P2,CASC,-150.00,-149.97,-207,R,48284,-0.3500
39960,P2,CASC,-150.00,-150.06,-207,R,48224,-0.3494
39970,P2,CASC,-150.00,-147.49,-208,R,48165,-0.3746
39980,P2,CASC,-150.00,-147.51,-208,R,48106,-0.3994
39990,P2,CASC,-150.00,-152.47,-206,R,48045,-0.3747
40000,P2,CASC,-150.00,-147.53,-208,R,47986,-0.3994
40010,P2,CASC,-150.00,-150.00,-207,R,47926,-0.3994
40020,P2,CASC,-150.00,-144.94,-209,R,47868,-0.4500
40030,P2,CASC,-150.00,-150.01,-208,R,47808,-0.4499
40040,P2,CASC,-150.00,-150.03,-208,R,47748,-0.4496
40050,P2,CASC,-150.00,-147.46,-208,R,47689,-0.4750
40060,P2,CASC,-150.00,-145.06,-209,R,47631,-0.5244
40070,P2,CASC,-150.00,-145.00,-209,R,47573,-0.5744
40080,P2,CASC,-150.00,-142.49,-210,R,47516,-0.6496
40090,P2,CASC,-150.00,-149.96,-208,R,47456,-0.6500
40100,P2,CASC,-150.00,-150.05,-208,R,47396,-0.6496
40110,P2,CASC,-150.00,-152.48,-206,R,47335,-0.6247
40120,P2,CASC,-150.00,-152.50,-206,R,47274,-0.5997
40130,P2,CASC,-150.00,-152.53,-206,R,47213,-0.5744
40140,P2,CASC,-150.00,-154.98,-204,R,47151,-0.5246
40150,P2,CASC,-150.00,-152.52,-206,R,47090,-0.4994
40160,P2,CASC,-150.00,-149.94,-208,R,47030,-0.5000
40170,P2,CASC,-150.00,-147.54,-208,R,46971,-0.5246
40180,P2,CASC,-150.00,-149.97,-208,R,46911,-0.5249
40190,P2,CASC,-150.00,-150.05,-208,R,46851,-0.5244
40200,P2,CASC,-150.00,-149.96,-208,R,46791,-0.5249
40210,P2,CASC,-150.00,-150.05,-208,R,46731,-0.5244
40220,P2,CASC,-150.00,-150.00,-208,R,46671,-0.5244
40230,P2,CASC,-150.00,-149.96,-208,R,46611,-0.5249
40240,P2,CASC,-150.00,-150.00,-208,R,46551,-0.5249
40250,P2,CASC,-150.00,-152.55,-206,R,46490,-0.4994
40260,P2,CASC,-150.00,-149.97,-208,R,46430,-0.4997
40270,P2,CASC,-150.00,-147.50,-209,R,46371,-0.5247
40280,P2,CASC,-150.00,-147.50,-209,R,46312,-0.5497
40290,P2,CASC,-150.00,-150.03,-208,R,46252,-0.5494
40300,P2,CASC,-150.00,-150.00,-208,R,46192,-0.5494
40310,P2,CASC,-150.00,-152.45,-206,R,46131,-0.5249
40320,P2,CASC,-150.00,-152.53,-206,R,46070,-0.4996
40330,P2,CASC,-150.00,-152.52,-206,R,46009,-0.4744
40340,P2,CASC,-150.00,-154.94,-204,R,45947,-0.4251
40350,P2,CASC,-150.00,-150.05,-207,R,45887,-0.4246
40360,P2,CASC,-150.00,-149.99,-208,R,45827,-0.4248
40370,P2,CASC,-150.00,-147.51,-208,R,45768,-0.4496
40380,P2,CASC,-150.00,-147.49,-208,R,45709,-0.4748
40390,P2,CASC,-150.00,-150.03,-208,R,45649,-0.4745
40400,P2,CASC,-150.00,-149.94,-208,R,45589,-0.4751
40410,P2,CASC,-150.00,-150.03,-208,R,45529,-0.4748
40420,P2,CASC,-150.00,-144.99,-209,R,45471,-0.5249
40430,P2,CASC,-150.00,-150.00,-208,R,45411,-0.5249
40440,P2,CASC,-150.00,-150.05,-208,R,45351,-0.5244
40450,P2,CASC,-150.00,-147.47,-209,R,45292,-0.5497
40460,P2,CASC,-150.00,-147.53,-209,R,45233,-0.5744
40470,P2,CASC,-150.00,-142.47,-210,R,45176,-0.6497
40480,P2,CASC,-150.00,-145.01,-210,R,45118,-0.6996
40490,P2,CASC,-150.00,-149.99,-208,R,45058,-0.6997
40500,P2,CASC,-150.00,-149.99,-208,R,44998,-0.6999
40510,P2,CASC,-150.00,-152.50,-206,R,44937,-0.6749
40520,P2,CASC,-150.00,-152.52,-206,R,44876,-0.6497
40530,P2,CASC,-150.00,-155.03,-205,R,44814,-0.5994
40540,P2,CASC,-150.00,-152.47,-206,R,44753,-0.5747
40550,P2,CASC,-150.00,-152.48,-206,R,44692,-0.5499
40560,P2,CASC,-150.00,-152.52,-206,R,44631,-0.5247
40570,P2,CASC,-150.00,-147.50,-209,R,44572,-0.5497
40580,P2,CASC,-150.00,-149.99,-208,R,44512,-0.5499
40590,P2,CASC,-150.00,-149.99,-208,R,44452,-0.5500
40600,P2,CASC,-150.00,-150.03,-208,R,44392,-0.5497
40610,P2,CASC,-150.00,-150.03,-208,R,44332,-0.5494
40620,P2,CASC,-150.00,-150.00,-208,R,44272,-0.5494
40630,P2,CASC,-150.00,-149.97,-208,R,44212,-0.5497
40640,P2,CASC,-150.00,-152.48,-206,R,44151,-0.5249
40650,P2,CASC,-150.00,-150.00,-208,R,44091,-0.5249
40660,P2,CASC,-150.00,-150.05,-208,R,44031,-0.5244
40670,P2,CASC,-150.00,-147.44,-209,R,43972,-0.5500
40680,P2,CASC,-150.00,-147.51,-209,R,43913,-0.5749
40690,P2,CASC,-150.00,-152.50,-206,R,43852,-0.5499
40700,P2,CASC,-150.00,-150.01,-208,R,43792,-0.5497
40710,P2,CASC,-150.00,-152.47,-206,R,43731,-0.5250
40720,P2,CASC,-150.00,-150.05,-208,R,43671,-0.5246
40730,P2,CASC,-150.00,-152.52,-206,R,43610,-0.4994
40740,P2,CASC,-150.00,-155.00,-204,R,43548,-0.4494
40750,P2,CASC,-150.00,-152.50,-206,R,43487,-0.4244
40760,P2,CASC,-150.00,-149.94,-208,R,43427,-0.4250
40770,P2,CASC,-150.00,-145.04,-209,R,43369,-0.4746
40780,P2,CASC,-150.00,-150.00,-208,R,43309,-0.4746
40790,P2,CASC,-150.00,-149.99,-208,R,43249,-0.4747
40800,P2,CASC,-150.00,-150.01,-208,R,43189,-0.4746
40810,P2,CASC,-150.00,-149.97,-208,R,43129,-0.4749
40820,P2,CASC,-150.00,-147.50,-208,R,43070,-0.4999
40830,P2,CASC,-150.00,-150.05,-208,R,43010,-0.4994
40840,P2,CASC,-150.00,-149.94,-208,R,42950,-0.5000
40850,P2,CASC,-150.00,-147.56,-208,R,42891,-0.5244
40860,P2,CASC,-150.00,-147.47,-209,R,42832,-0.5497
40870,P2,CASC,-150.00,-142.51,-210,R,42775,-0.6246
40880,P2,CASC,-150.00,-145.00,-210,R,42717,-0.6746
40890,P2,CASC,-150.00,-149.99,-208,R,42657,-0.6748
40900,P2,CASC,-150.00,-149.97,-208,R,42597,-0.6751
40910,P2,CASC,-150.00,-152.53,-206,R,42536,-0.6497
40920,P2,CASC,-150.00,-152.53,-206,R,42475,-0.6244
40930,P2,CASC,-150.00,-154.97,-205,R,42413,-0.5748
40940,P2,CASC,-150.00,-155.00,-204,R,42351,-0.5248
40950,P2,CASC,-150.00,-150.03,-208,R,42291,-0.5245
40960,P2,CASC,-150.00,-152.50,-206,R,42230,-0.4995
40970,P2,CASC,-150.00,-147.46,-209,R,42171,-0.5249
40980,P2,CASC,-150.00,-150.01,-208,R,42111,-0.5247
40990,P2,CASC,-150.00,-150.01,-208,R,42051,-0.5246
41000,P2,CASC,-150.00,-149.97,-208,R,41991,-0.5249
41010,P2,CASC,-150.00,-152.44,-206,R,41930,-0.5005
41020,P2,CASC,-150.00,-147.59,-208,R,41871,-0.5246
41030,P2,CASC,-150.00,-149.97,-208,R,41811,-0.5249
41040,P2,CASC,-150.00,-152.45,-206,R,41750,-0.5004
41050,P2,CASC,-150.00,-150.08,-208,R,41690,-0.4996
41060,P2,CASC,-150.00,-150.01,-208,R,41630,-0.4995
41070,P2,CASC,-150.00,-147.50,-209,R,41571,-0.5245
41080,P2,CASC,-150.00,-147.46,-209,R,41512,-0.5499
41090,P2,CASC,-150.00,-150.01,-208,R,41452,-0.5498
41100,P2,CASC,-150.00,-150.01,-208,R,41392,-0.5496
41110,P2,CASC,-150.00,-152.48,-206,R,41331,-0.5248
41120,P2,CASC,-150.00,-152.47,-206,R,41270,-0.5001
41130,P2,CASC,-150.00,-152.52,-206,R,41209,-0.4749
41140,P2,CASC,-150.00,-155.05,-204,R,41147,-0.4245
41150,P2,CASC,-150.00,-152.50,-206,R,41086,-0.3995
41160,P2,CASC,-150.00,-149.99,-208,R,41026,-0.3996
41170,P2,CASC,-150.00,-144.96,-209,R,40968,-0.4500
41180,P2,CASC,-150.00,-147.54,-208,R,40909,-0.4746
41190,P2,CASC,-150.00,-152.50,-206,R,40848,-0.4496
41200,P2,CASC,-150.00,-150.00,-208,R,40788,-0.4496
41210,P2,CASC,-150.00,-149.97,-208,R,40728,-0.4499
41220,P2,CASC,-150.00,-145.01,-209,R,40670,-0.4998
41230,P2,CASC,-150.00,-150.00,-208,R,40610,-0.4998
41240,P2,CASC,-150.00,-147.51,-209,R,40551,-0.5246
41250,P2,CASC,-150.00,-150.00,-208,R,40491,-0.5246
41260,P2,CASC,-150.00,-145.00,-209,R,40433,-0.5746
41270,P2,CASC,-150.00,-145.00,-209,R,40375,-0.6246
41280,P2,CASC,-150.00,-144.99,-210,R,40317,-0.6748
41290,P2,CASC,-150.00,-147.49,-209,R,40258,-0.6999
41300,P2,CASC,-150.00,-150.03,-208,R,40198,-0.6996
41310,P2,CASC,-150.00,-152.52,-206,R,40137,-0.6744
41320,P2,CASC,-150.00,-152.48,-206,R,40076,-0.6496
41330,P2,CASC,-150.00,-155.02,-205,R,40014,-0.5994
41340,P2,CASC,-150.00,-152.45,-206,R,39953,-0.5749
41350,P2,CASC,-150.00,-152.52,-206,R,39892,-0.5497
41360,P2,CASC,-150.00,-150.00,-208,R,39832,-0.5497
41370,P2,CASC,-150.00,-150.00,-208,R,39772,-0.5497
41380,P2,CASC,-150.00,-147.50,-209,R,39713,-0.5747
41390,P2,CASC,-150.00,-152.48,-206,R,39652,-0.5499
41400,P2,CASC,-150.00,-150.03,-208,R,39592,-0.5496
41410,P2,CASC,-150.00,-150.01,-208,R,39532,-0.5495
41420,P2,CASC,-150.00,-150.00,-208,R,39472,-0.5495
41430,P2,CASC,-150.00,-149.99,-208,R,39412,-0.5496
41440,P2,CASC,-150.00,-149.99,-208,R,39352,-0.5498
41450,P2,CASC,-150.00,-150.01,-208,R,39292,-0.5496
41460,P2,CASC,-150.00,-150.00,-208,R,39232,-0.5496
41470,P2,CASC,-150.00,-149.96,-208,R,39172,-0.5501
41480,P2,CASC,-150.00,-147.53,-209,R,39113,-0.5748
41490,P2,CASC,-150.00,-150.03,-208,R,39053,-0.5745
41500,P2,CASC,-150.00,-149.96,-208,R,38993,-0.5749
41510,P2,CASC,-150.00,-152.50,-206,R,38932,-0.5499
41520,P2,CASC,-150.00,-150.00,-208,R,38872,-0.5499
41530,P2,CASC,-150.00,-155.00,-204,R,38810,-0.4999
41540,P2,CASC,-150.00,-152.50,-206,R,38749,-0.4749
41550,P2,CASC,-150.00,-152.52,-206,R,38688,-0.4498
41560,P2,CASC,-150.00,-150.00,-208,R,38628,-0.4498
41570,P2,CASC,-150.00,-147.47,-208,R,38569,-0.4750
41580,P2,CASC,-150.00,-147.54,-208,R,38510,-0.4996
41590,P2,CASC,-150.00,-149.99,-208,R,38450,-0.4998
41600,P2,CASC,-150.00,-150.03,-208,R,38390,-0.4995
41610,P2,CASC,-150.00,-149.94,-208,R,38330,-0.5001
41620,P2,CASC,-150.00,-147.53,-209,R,38271,-0.5248
41630,P2,CASC,-150.00,-147.53,-209,R,38212,-0.5495
41640,P2,CASC,-150.00,-149.94,-208,R,38152,-0.5501
41650,P2,CASC,-150.00,-147.51,-209,R,38093,-0.5749
41660,P2,CASC,-150.00,-147.51,-209,R,38034,-0.5998
41670,P2,CASC,-150.00,-145.03,-209,R,37976,-0.6495
41680,P2,CASC,-150.00,-142.50,-210,R,37919,-0.7245
41690,P2,CASC,-150.00,-149.99,-208,R,37859,-0.7246
41700,P2,CASC,-150.00,-149.96,-208,R,37799,-0.7251
41710,P2,CASC,-150.00,-152.55,-206,R,37738,-0.6996
41720,P2,CASC,-150.00,-152.48,-206,R,37677,-0.6748
41730,P2,CASC,-150.00,-152.47,-206,R,37616,-0.6501
41740,P2,CASC,-150.00,-155.05,-205,R,37554,-0.5996
41750,P2,CASC,-150.00,-152.50,-206,R,37493,-0.5746
41760,P2,CASC,-150.00,-149.99,-208,R,37433,-0.5748
41770,P2,CASC,-150.00,-147.53,-209,R,37374,-0.5995
41780,P2,CASC,-150.00,-149.96,-208,R,37314,-0.5999
41790,P2,CASC,-150.00,-150.01,-208,R,37254,-0.5998
41800,P2,CASC,-150.00,-152.48,-206,R,37193,-0.5749
41810,P2,CASC,-150.00,-147.53,-209,R,37134,-0.5996
41820,P2,CASC,-150.00,-149.97,-208,R,37074,-0.5999
41830,P2,CASC,-150.00,-149.99,-208,R,37014,-0.6001
41840,P2,CASC,-150.00,-150.03,-208,R,36954,-0.5998
41850,P2,CASC,-150.00,-152.52,-206,R,36893,-0.5746
41860,P2,CASC,-150.00,-149.97,-208,R,36833,-0.5749
41870,P2,CASC,-150.00,-147.54,-209,R,36774,-0.5995
41880,P2,CASC,-150.00,-147.46,-209,R,36715,-0.6249
41890,P2,CASC,-150.00,-150.00,-208,R,36655,-0.6249
41900,P2,CASC,-150.00,-150.00,-208,R,36595,-0.6249
41910,P2,CASC,-150.00,-152.55,-206,R,36534,-0.5995
41920,P2,CASC,-150.00,-149.97,-208,R,36474,-0.5998
41930,P2,CASC,-150.00,-152.50,-206,R,36413,-0.5748
41940,P2,CASC,-150.00,-154.97,-204,R,36351,-0.5251
41950,P2,CASC,-150.00,-152.56,-206,R,36290,-0.4995
41960,P2,CASC,-150.00,-149.90,-208,R,36230,-0.5005
41970,P2,CASC,-150.00,-145.04,-209,R,36172,-0.5501
41980,P2,CASC,-150.00,-147.53,-209,R,36113,-0.5748
41990,P2,CASC,-150.00,-152.50,-206,R,36052,-0.5498
42000,P2,CASC,-150.00,-149.93,-208,R,35992,-0.5505
42010,P2,CASC,-150.00,-147.60,-209,R,35933,-0.5745
42020,P2,CASC,-150.00,-147.49,-209,R,35874,-0.5996
42030,P2,CASC,-150.00,-147.47,-209,R,35815,-0.6249
42040,P2,CASC,-150.00,-150.00,-208,R,35755,-0.6249
42050,P2,CASC,-150.00,-149.94,-208,R,35695,-0.6255
42060,P2,CASC,-150.00,-145.09,-209,R,35637,-0.6747
42070,P2,CASC,-150.00,-144.97,-210,R,35579,-0.7250
42080,P2,CASC,-150.00,-145.00,-210,R,35521,-0.7750
42090,P2,CASC,-150.00,-147.51,-209,R,35462,-0.7998
42100,P2,CASC,-150.00,-149.99,-209,R,35402,-0.8000
42110,P2,CASC,-150.00,-152.55,-207,R,35341,-0.7745
42120,P2,CASC,-150.00,-152.44,-207,R,35280,-0.7501
42130,P2,CASC,-150.00,-155.05,-205,R,35218,-0.6997
42140,P2,CASC,-150.00,-154.95,-205,R,35156,-0.6501
42150,P2,CASC,-150.00,-152.55,-206,R,35095,-0.6247
42160,P2,CASC,-150.00,-149.97,-208,R,35035,-0.6250
42170,P2,CASC,-150.00,-147.49,-209,R,34976,-0.6501
42180,P2,CASC,-150.00,-150.01,-208,R,34916,-0.6500
42190,P2,CASC,-150.00,-152.53,-206,R,34855,-0.6247
42200,P2,CASC,-150.00,-149.97,-208,R,34795,-0.6250
42210,P2,CASC,-150.00,-150.01,-208,R,34735,-0.6248
42220,P2,CASC,-150.00,-149.97,-208,R,34675,-0.6251
42230,P2,CASC,-150.00,-147.51,-209,R,34616,-0.6500
42240,P2,CASC,-150.00,-152.52,-206,R,34555,-0.6248
42250,P2,CASC,-150.00,-150.01,-208,R,34495,-0.6247
42260,P2,CASC,-150.00,-149.99,-208,R,34435,-0.6248
42270,P2,CASC,-150.00,-147.50,-209,R,34376,-0.6498
42280,P2,CASC,-150.00,-147.50,-209,R,34317,-0.6748
42290,P2,CASC,-150.00,-152.44,-206,R,34256,-0.6504
42300,P2,CASC,-150.00,-147.53,-209,R,34197,-0.6751
42310,P2,CASC,-150.00,-152.52,-206,R,34136,-0.6500
42320,P2,CASC,-150.00,-152.53,-206,R,34075,-0.6247
42330,P2,CASC,-150.00,-152.50,-206,R,34014,-0.5997
42340,P2,CASC,-150.00,-152.47,-206,R,33953,-0.5750
42350,P2,CASC,-150.00,-152.55,-206,R,33892,-0.5495
42360,P2,CASC,-150.00,-149.94,-208,R,33832,-0.5501
42370,P2,CASC,-150.00,-147.51,-209,R,33773,-0.5750
42380,P2,CASC,-150.00,-147.51,-209,R,33714,-0.5998
42390,P2,CASC,-150.00,-150.03,-208,R,33654,-0.5995
42400,P2,CASC,-150.00,-149.97,-208,R,33594,-0.5998
42410,P2,CASC,-150.00,-150.03,-208,R,33534,-0.5995
42420,P2,CASC,-150.00,-147.46,-209,R,33475,-0.6250
42430,P2,CASC,-150.00,-147.51,-209,R,33416,-0.6498
42440,P2,CASC,-150.00,-150.03,-208,R,33356,-0.6495
42450,P2,CASC,-150.00,-149.99,-208,R,33296,-0.6497
42460,P2,CASC,-150.00,-145.01,-210,R,33238,-0.6995
42470,P2,CASC,-150.00,-144.99,-210,R,33180,-0.7497
42480,P2,CASC,-150.00,-145.01,-210,R,33122,-0.7995
42490,P2,CASC,-150.00,-147.47,-209,R,33063,-0.8248
42500,P2,CASC,-150.00,-152.50,-207,R,33002,-0.7998
42510,P2,CASC,-150.00,-149.99,-209,R,32942,-0.8000
42520,P2,CASC,-150.00,-152.48,-207,R,32881,-0.7751
42530,P2,CASC,-150.00,-155.02,-205,R,32819,-0.7250
42540,P2,CASC,-150.00,-155.02,-205,R,32757,-0.6748
42550,P2,CASC,-150.00,-152.48,-206,R,32696,-0.6499
42560,P2,CASC,-150.00,-150.01,-208,R,32636,-0.6498
42570,P2,CASC,-150.00,-149.97,-208,R,32576,-0.6501
42580,P2,CASC,-150.00,-150.06,-208,R,32516,-0.6495
42590,P2,CASC,-150.00,-149.96,-208,R,32456,-0.6499
42600,P2,CASC,-150.00,-150.05,-208,R,32396,-0.6495
42610,P2,CASC,-150.00,-150.00,-208,R,32336,-0.6495
42620,P2,CASC,-150.00,-150.00,-208,R,32276,-0.6495
42630,P2,CASC,-150.00,-149.99,-208,R,32216,-0.6496
42640,P2,CASC,-150.00,-150.00,-208,R,32156,-0.6496
42650,P2,CASC,-150.00,-149.96,-208,R,32096,-0.6501
42660,P2,CASC,-150.00,-150.05,-208,R,32036,-0.6496
42670,P2,CASC,-150.00,-150.01,-208,R,31976,-0.6495
42680,P2,CASC,-150.00,-147.47,-209,R,31917,-0.6748
42690,P2,CASC,-150.00,-150.01,-208,R,31857,-0.6746
42700,P2,CASC,-150.00,-150.01,-208,R,31797,-0.6745
42710,P2,CASC,-150.00,-152.45,-206,R,31736,-0.6500
42720,P2,CASC,-150.00,-150.05,-208,R,31676,-0.6495
42730,P2,CASC,-150.00,-152.47,-206,R,31615,-0.6248
42740,P2,CASC,-150.00,-155.00,-205,R,31553,-0.5748
42750,P2,CASC,-150.00,-152.52,-206,R,31492,-0.5497
42760,P2,CASC,-150.00,-150.00,-208,R,31432,-0.5497
42770,P2,CASC,-150.00,-147.47,-209,R,31373,-0.5749
42780,P2,CASC,-150.00,-147.50,-209,R,31314,-0.5999
42790,P2,CASC,-150.00,-152.50,-206,R,31253,-0.5749
42800,P2,CASC,-150.00,-147.54,-209,R,31194,-0.5995
42810,P2,CASC,-150.00,-150.00,-208,R,31134,-0.5995
42820,P2,CASC,-150.00,-147.49,-209,R,31075,-0.6247
42830,P2,CASC,-150.00,-147.50,-209,R,31016,-0.6497
42840,P2,CASC,-150.00,-149.99,-208,R,30956,-0.6498
42850,P2,CASC,-150.00,-149.97,-208,R,30896,-0.6501
42860,P2,CASC,-150.00,-145.04,-210,R,30838,-0.6997
42870,P2,CASC,-150.00,-144.93,-210,R,30780,-0.7504
42880,P2,CASC,-150.00,-144.97,-210,R,30722,-0.8007
42890,P2,CASC,-150.00,-147.57,-209,R,30663,-0.8249
42900,P2,CASC,-150.00,-150.03,-208,R,30603,-0.8246
42910,P2,CASC,-150.00,-152.50,-207,R,30542,-0.7996
42920,P2,CASC,-150.00,-150.01,-208,R,30482,-0.7995
42930,P2,CASC,-150.00,-154.98,-205,R,30420,-0.7496
42940,P2,CASC,-150.00,-152.45,-207,R,30359,-0.7251
42950,P2,CASC,-150.00,-155.05,-205,R,30297,-0.6746
42960,P2,CASC,-150.00,-149.99,-208,R,30237,-0.6748
42970,P2,CASC,-150.00,-150.03,-208,R,30177,-0.6745
42980,P2,CASC,-150.00,-149.97,-208,R,30117,-0.6748
42990,P2,CASC,-150.00,-150.00,-208,R,30057,-0.6748
43000,P2,CASC,-150.00,-150.00,-208,R,29997,-0.6748
43010,P2,CASC,-149.85,-150.00,-208,R,29937,-0.6733
43020,P2,CASC,-149.70,-150.00,-208,R,29877,-0.6703
43030,P2,CASC,-149.55,-150.00,-207,R,29817,-0.6658
43040,P2,CASC,-149.40,-149.99,-207,R,29757,-0.6599
43050,P2,CASC,-149.25,-150.03,-207,R,29697,-0.6521
43060,P2,CASC,-149.10,-150.00,-207,R,29637,-0.6431
43070,P2,CASC,-148.95,-147.47,-208,R,29578,-0.6579
43080,P2,CASC,-148.80,-147.54,-208,R,29519,-0.6705
43090,P2,CASC,-148.65,-147.50,-208,R,29460,-0.6820
43100,P2,CASC,-148.50,-149.96,-206,R,29400,-0.6674
43110,P2,CASC,-148.35,-150.03,-206,R,29340,-0.6506
43120,P2,CASC,-148.20,-149.99,-206,R,29280,-0.6328
43130,P2,CASC,-148.05,-152.50,-204,R,29219,-0.5883
43140,P2,CASC,-147.90,-152.48,-203,R,29158,-0.5424
43150,P2,CASC,-147.75,-150.00,-205,R,29098,-0.5199
43160,P2,CASC,-147.60,-150.03,-205,R,29038,-0.4956
43170,P2,CASC,-147.45,-144.99,-207,R,28980,-0.5203
43180,P2,CASC,-147.30,-145.01,-207,R,28922,-0.5431
43190,P2,CASC,-147.15,-147.50,-206,R,28863,-0.5396
43200,P2,CASC,-147.00,-147.50,-206,R,28804,-0.5346
43210,P2,CASC,-146.85,-147.51,-205,R,28745,-0.5280
43220,P2,CASC,-146.70,-144.99,-206,R,28687,-0.5451
43230,P2,CASC,-146.55,-145.00,-206,R,28629,-0.5606
43240,P2,CASC,-146.40,-144.97,-206,R,28571,-0.5749
43250,P2,CASC,-146.25,-145.04,-206,R,28513,-0.5870
43260,P2,CASC,-146.10,-144.94,-206,R,28455,-0.5986
43270,P2,CASC,-145.95,-140.03,-207,R,28399,-0.6578
43280,P2,CASC,-145.80,-142.53,-207,R,28342,-0.6905
43290,P2,CASC,-145.65,-139.94,-207,R,28286,-0.7476
43300,P2,CASC,-145.50,-145.06,-206,R,28228,-0.7520
43310,P2,CASC,-145.35,-147.46,-204,R,28169,-0.7309
43320,P2,CASC,-145.20,-147.51,-204,R,28110,-0.7078
43330,P2,CASC,-145.05,-150.01,-202,R,28050,-0.6581
43340,P2,CASC,-144.90,-147.50,-203,R,27991,-0.6321
43350,P2,CASC,-144.75,-147.51,-203,R,27932,-0.6045
43360,P2,CASC,-144.60,-147.50,-203,R,27873,-0.5755
43370,P2,CASC,-144.45,-142.47,-205,R,27816,-0.5953
43380,P2,CASC,-144.30,-145.01,-204,R,27758,-0.5881
43390,P2,CASC,-144.15,-142.50,-205,R,27701,-0.6046
43400,P2,CASC,-144.00,-145.00,-203,R,27643,-0.5946
43410,P2,CASC,-143.85,-142.51,-205,R,27586,-0.6080
43420,P2,CASC,-143.70,-144.97,-203,R,27528,-0.5953
43430,P2,CASC,-143.55,-142.47,-204,R,27471,-0.6061
43440,P2,CASC,-143.40,-142.50,-204,R,27414,-0.6151
43450,P2,CASC,-143.25,-142.56,-204,R,27357,-0.6220
43460,P2,CASC,-143.10,-142.50,-204,R,27300,-0.6280
43470,P2,CASC,-142.95,-142.46,-204,R,27243,-0.6329
43480,P2,CASC,-142.80,-142.53,-204,R,27186,-0.6356
43490,P2,CASC,-142.65,-140.00,-204,R,27130,-0.6621
43500,P2,CASC,-142.50,-142.51,-203,R,27073,-0.6620
43510,P2,CASC,-142.35,-139.96,-204,R,27017,-0.6859
43520,P2,CASC,-142.20,-144.99,-201,R,26959,-0.6581
43530,P2,CASC,-142.05,-142.51,-203,R,26902,-0.6534
43540,P2,CASC,-141.90,-142.51,-203,R,26845,-0.6473
43550,P2,CASC,-141.75,-142.53,-202,R,26788,-0.6395
43560,P2,CASC,-141.60,-144.97,-200,R,26730,-0.6058
43570,P2,CASC,-141.45,-142.53,-202,R,26673,-0.5950
43580,P2,CASC,-141.30,-140.00,-203,R,26617,-0.6080
43590,P2,CASC,-141.15,-137.50,-204,R,26562,-0.6445
43600,P2,CASC,-141.00,-137.46,-204,R,26507,-0.6799
43610,P2,CASC,-140.85,-142.50,-201,R,26450,-0.6634
43620,P2,CASC,-140.70,-140.01,-203,R,26394,-0.6703
43630,P2,CASC,-140.55,-140.01,-203,R,26338,-0.6756
43640,P2,CASC,-140.40,-137.49,-203,R,26283,-0.7048
43650,P2,CASC,-140.25,-137.50,-203,R,26228,-0.7323
43660,P2,CASC,-140.10,-140.01,-202,R,26172,-0.7331
43670,P2,CASC,-139.95,-137.46,-203,R,26117,-0.7580
43680,P2,CASC,-139.80,-137.56,-203,R,26062,-0.7805
43690,P2,CASC,-139.65,-134.95,-203,R,26008,-0.8275
43700,P2,CASC,-139.50,-132.55,-204,R,25955,-0.8970
43710,P2,CASC,-139.35,-134.96,-203,R,25901,-0.9409
43720,P2,CASC,-139.20,-137.54,-203,R,25846,-0.9575
43730,P2,CASC,-139.05,-139.96,-201,R,25790,-0.9484
43740,P2,CASC,-138.90,-140.01,-201,R,25734,-0.9373
43750,P2,CASC,-138.75,-137.47,-202,R,25679,-0.9500
43760,P2,CASC,-138.60,-142.56,-199,R,25622,-0.9105
43770,P2,CASC,-138.45,-139.96,-200,R,25566,-0.8954
43780,P2,CASC,-138.30,-140.04,-200,R,25510,-0.8780
43790,P2,CASC,-138.15,-139.96,-200,R,25454,-0.8599
43800,P2,CASC,-138.00,-135.04,-202,R,25400,-0.8895
43810,P2,CASC,-137.85,-137.49,-201,R,25345,-0.8931
43820,P2,CASC,-137.70,-137.50,-201,R,25290,-0.8951
43830,P2,CASC,-137.55,-135.01,-202,R,25236,-0.9205
43840,P2,CASC,-137.40,-137.46,-201,R,25181,-0.9199
43850,P2,CASC,-137.25,-137.51,-201,R,25126,-0.9173
43860,P2,CASC,-137.10,-134.99,-202,R,25072,-0.9384
43870,P2,CASC,-136.95,-135.01,-201,R,25018,-0.9578
43880,P2,CASC,-136.80,-137.51,-200,R,24963,-0.9506
43890,P2,CASC,-136.65,-134.99,-201,R,24909,-0.9673
43900,P2,CASC,-136.50,-137.51,-200,R,24854,-0.9571
43910,P2,CASC,-136.35,-135.00,-201,R,24800,-0.9706
43920,P2,CASC,-136.20,-132.51,-202,R,24747,-1.0075
43930,P2,CASC,-136.05,-135.00,-201,R,24693,-1.0180
43940,P2,CASC,-135.90,-134.97,-201,R,24639,-1.0273
43950,P2,CASC,-135.75,-135.00,-201,R,24585,-1.0348
43960,P2,CASC,-135.60,-135.01,-200,R,24531,-1.0406
43970,P2,CASC,-135.45,-137.49,-198,R,24476,-1.0203
43980,P2,CASC,-135.30,-137.53,-198,R,24421,-0.9980
43990,P2,CASC,-135.15,-137.49,-198,R,24366,-0.9746
44000,P2,CASC,-135.00,-134.97,-200,R,24312,-0.9749
44010,P2,CASC,-134.85,-135.01,-199,R,24258,-0.9733
44020,P2,CASC,-134.70,-132.53,-200,R,24205,-0.9950
44030,P2,CASC,-134.55,-132.49,-200,R,24152,-1.0156
44040,P2,CASC,-134.40,-130.00,-201,R,24100,-1.0596
44050,P2,CASC,-134.25,-137.47,-197,R,24045,-1.0274
44060,P2,CASC,-134.10,-130.03,-200,R,23993,-1.0681
44070,P2,CASC,-133.95,-132.46,-200,R,23940,-1.0830
44080,P2,CASC,-133.80,-132.54,-200,R,23887,-1.0956
44090,P2,CASC,-133.65,-132.50,-200,R,23834,-1.1071
44100,P2,CASC,-133.50,-130.01,-200,R,23782,-1.1420
44110,P2,CASC,-133.35,-132.46,-199,R,23729,-1.1509
44120,P2,CASC,-133.20,-130.04,-200,R,23677,-1.1825
44130,P2,CASC,-133.05,-127.46,-201,R,23626,-1.2384
44140,P2,CASC,-132.90,-127.50,-201,R,23575,-1.2924
44150,P2,CASC,-132.75,-127.50,-201,R,23524,-1.3449
44160,P2,CASC,-132.60,-130.01,-200,R,23472,-1.3708
44170,P2,CASC,-132.45,-132.51,-199,R,23419,-1.3701
44180,P2,CASC,-132.30,-132.49,-199,R,23366,-1.3683
44190,P2,CASC,-132.15,-132.53,-198,R,23313,-1.3645
44200,P2,CASC,-132.00,-134.99,-196,R,23259,-1.3346
44210,P2,CASC,-131.85,-132.47,-198,R,23206,-1.3284
44220,P2,CASC,-131.70,-135.01,-196,R,23152,-1.2953
44230,P2,CASC,-131.55,-132.53,-197,R,23099,-1.2855
44240,P2,CASC,-131.40,-132.49,-197,R,23046,-1.2746
44250,P2,CASC,-131.25,-129.99,-199,R,22994,-1.2873
44260,P2,CASC,-131.10,-130.03,-199,R,22942,-1.2980
44270,P2,CASC,-130.95,-129.96,-198,R,22890,-1.3079
44280,P2,CASC,-130.80,-130.00,-198,R,22838,-1.3159
44290,P2,CASC,-130.65,-127.54,-199,R,22787,-1.3470
44300,P2,CASC,-130.50,-129.99,-198,R,22735,-1.3521
44310,P2,CASC,-130.35,-130.01,-198,R,22683,-1.3555
44320,P2,CASC,-130.20,-129.95,-198,R,22631,-1.3580
44330,P2,CASC,-130.05,-130.01,-198,R,22579,-1.3584
44340,P2,CASC,-129.90,-130.03,-197,R,22527,-1.3571
44350,P2,CASC,-129.75,-130.01,-197,R,22475,-1.3545
44360,P2,CASC,-129.60,-127.45,-198,R,22424,-1.3760
44370,P2,CASC,-129.45,-127.54,-198,R,22373,-1.3951
44380,P2,CASC,-129.30,-127.47,-198,R,22322,-1.4134
44390,P2,CASC,-129.15,-130.00,-196,R,22270,-1.4049
44400,P2,CASC,-129.00,-127.49,-198,R,22219,-1.4200
44410,P2,CASC,-128.85,-127.53,-198,R,22168,-1.4333
44420,P2,CASC,-128.70,-129.97,-196,R,22116,-1.4205
44430,P2,CASC,-128.55,-130.00,-195,R,22064,-1.4060
44440,P2,CASC,-128.40,-127.53,-197,R,22013,-1.4148
44450,P2,CASC,-128.25,-132.50,-193,R,21960,-1.3723
44460,P2,CASC,-128.10,-127.49,-197,R,21909,-1.3784
44470,P2,CASC,-127.95,-127.50,-197,R,21858,-1.3829
44480,P2,CASC,-127.80,-124.99,-197,R,21808,-1.4110
44490,P2,CASC,-127.65,-125.01,-197,R,21758,-1.4374
44500,P2,CASC,-127.50,-124.99,-197,R,21708,-1.4625
44510,P2,CASC,-127.35,-127.54,-196,R,21657,-1.4606
44520,P2,CASC,-127.20,-127.51,-195,R,21606,-1.4575
44530,P2,CASC,-127.05,-124.99,-197,R,21556,-1.4781
44540,P2,CASC,-126.90,-125.01,-197,R,21506,-1.4970
44550,P2,CASC,-126.75,-124.99,-197,R,21456,-1.5146
44560,P2,CASC,-126.60,-125.00,-196,R,21406,-1.5306
44570,P2,CASC,-126.45,-125.00,-196,R,21356,-1.5451
44580,P2,CASC,-126.30,-125.00,-196,R,21306,-1.5581
44590,P2,CASC,-126.15,-122.48,-197,R,21257,-1.5949
44600,P2,CASC,-126.00,-122.49,-197,R,21208,-1.6300
44610,P2,CASC,-125.85,-117.52,-198,R,21161,-1.7133
44620,P2,CASC,-125.70,-120.01,-198,R,21113,-1.7702
44630,P2,CASC,-125.55,-125.01,-196,R,21063,-1.7755
44640,P2,CASC,-125.40,-124.96,-196,R,21013,-1.7799
44650,P2,CASC,-125.25,-127.42,-194,R,20962,-1.7582
44660,P2,CASC,-125.10,-125.08,-196,R,20912,-1.7584
44670,P2,CASC,-124.95,-125.01,-195,R,20862,-1.7578
44680,P2,CASC,-124.80,-127.50,-193,R,20811,-1.7308
44690,P2,CASC,-124.65,-127.50,-193,R,20760,-1.7023
44700,P2,CASC,-124.50,-125.03,-194,R,20710,-1.6970
44710,P2,CASC,-124.35,-124.96,-194,R,20660,-1.6909
44720,P2,CASC,-124.20,-122.52,-195,R,20611,-1.7077
44730,P2,CASC,-124.05,-122.51,-195,R,20562,-1.7231
44740,P2,CASC,-123.90,-120.00,-196,R,20514,-1.7621
44750,P2,CASC,-123.75,-124.96,-193,R,20464,-1.7499
44760,P2,CASC,-123.60,-122.46,-195,R,20415,-1.7613
44770,P2,CASC,-123.45,-122.54,-195,R,20366,-1.7704
44780,P2,CASC,-123.30,-122.50,-195,R,20317,-1.7784
44790,P2,CASC,-123.15,-120.00,-195,R,20269,-1.8099
44800,P2,CASC,-123.00,-122.52,-195,R,20220,-1.8147
44810,P2,CASC,-122.85,-122.46,-195,R,20171,-1.8185
44820,P2,CASC,-122.70,-122.55,-194,R,20122,-1.8201
44830,P2,CASC,-122.55,-122.48,-194,R,20073,-1.8208
44840,P2,CASC,-122.40,-122.49,-193,R,20024,-1.8199
44850,P2,CASC,-122.25,-117.50,-195,R,19977,-1.8674
44860,P2,CASC,-122.10,-122.52,-193,R,19928,-1.8632
44870,P2,CASC,-121.95,-119.96,-195,R,19880,-1.8830
44880,P2,CASC,-121.80,-120.02,-195,R,19832,-1.9008
44890,P2,CASC,-121.65,-120.01,-194,R,19784,-1.9172
44900,P2,CASC,-121.50,-122.48,-193,R,19735,-1.9074
44910,P2,CASC,-121.35,-120.04,-194,R,19687,-1.9206
44920,P2,CASC,-121.20,-124.96,-190,R,19637,-1.8829
44930,P2,CASC,-121.05,-120.00,-194,R,19589,-1.8934
44940,P2,CASC,-120.90,-122.51,-192,R,19540,-1.8773
44950,P2,CASC,-120.75,-120.00,-194,R,19492,-1.8848
44960,P2,CASC,-120.60,-120.00,-193,R,19444,-1.8908
44970,P2,CASC,-120.45,-117.50,-194,R,19397,-1.9203
44980,P2,CASC,-120.30,-117.52,-194,R,19350,-1.9481
44990,P2,CASC,-120.15,-117.50,-194,R,19303,-1.9746
45000,P2,CASC,-120.00,-122.48,-191,R,19254,-1.9498
45010,P2,CASC,-119.85,-117.52,-194,R,19207,-1.9731
45020,P2,CASC,-119.70,-119.99,-192,R,19159,-1.9702
45030,P2,CASC,-119.55,-117.49,-193,R,19112,-1.9908
45040,P2,CASC,-119.40,-115.02,-194,R,19066,-2.0346
45050,P2,CASC,-119.25,-117.49,-193,R,19019,-2.0522
45060,P2,CASC,-119.10,-117.49,-193,R,18972,-2.0683
45070,P2,CASC,-118.95,-117.50,-193,R,18925,-2.0828
45080,P2,CASC,-118.80,-117.48,-193,R,18878,-2.0961
45090,P2,CASC,-118.65,-112.55,-194,R,18833,-2.1571
45100,P2,CASC,-118.50,-114.95,-194,R,18787,-2.1926
45110,P2,CASC,-118.35,-112.53,-194,R,18742,-2.2507
45120,P2,CASC,-118.20,-114.97,-194,R,18696,-2.2831
45130,P2,CASC,-118.05,-115.02,-194,R,18650,-2.3134
45140,P2,CASC,-117.90,-117.51,-193,R,18603,-2.3172
45150,P2,CASC,-117.75,-119.92,-190,R,18555,-2.2956
45160,P2,CASC,-117.60,-117.57,-193,R,18508,-2.2959
45170,P2,CASC,-117.45,-120.02,-190,R,18460,-2.2701
45180,P2,CASC,-117.30,-117.46,-191,R,18413,-2.2685
45190,P2,CASC,-117.15,-120.04,-189,R,18365,-2.2396
45200,P2,CASC,-117.00,-117.45,-191,R,18318,-2.2351
45210,P2,CASC,-116.85,-117.55,-191,R,18271,-2.2281
45220,P2,CASC,-116.70,-114.99,-192,R,18225,-2.2452
45230,P2,CASC,-116.55,-112.51,-193,R,18180,-2.2856
45240,P2,CASC,-116.40,-117.49,-190,R,18133,-2.2747
45250,P2,CASC,-116.25,-115.01,-192,R,18087,-2.2871
45260,P2,CASC,-116.10,-114.97,-192,R,18041,-2.2985
45270,P2,CASC,-115.95,-115.01,-192,R,17995,-2.3079
45280,P2,CASC,-115.80,-117.51,-189,R,17948,-2.2907
45290,P2,CASC,-115.65,-114.98,-191,R,17902,-2.2975
45300,P2,CASC,-115.50,-115.00,-191,R,17856,-2.3025
45310,P2,CASC,-115.35,-112.50,-192,R,17811,-2.3310
45320,P2,CASC,-115.20,-115.01,-191,R,17765,-2.3329
45330,P2,CASC,-115.05,-115.02,-191,R,17719,-2.3331
45340,P2,CASC,-114.90,-114.99,-190,R,17673,-2.3322
45350,P2,CASC,-114.75,-114.99,-190,R,17627,-2.3299
45360,P2,CASC,-114.60,-112.50,-191,R,17582,-2.3509
45370,P2,CASC,-114.45,-112.49,-191,R,17537,-2.3705
45380,P2,CASC,-114.30,-112.53,-191,R,17492,-2.3881
45390,P2,CASC,-114.15,-112.48,-191,R,17447,-2.4049
45400,P2,CASC,-114.00,-112.52,-191,R,17402,-2.4196
45410,P2,CASC,-113.85,-114.98,-189,R,17356,-2.4084
45420,P2,CASC,-113.70,-112.49,-191,R,17311,-2.4205
45430,P2,CASC,-113.55,-115.01,-188,R,17265,-2.4059
45440,P2,CASC,-113.40,-114.93,-188,R,17219,-2.3905
45450,P2,CASC,-113.25,-115.09,-188,R,17173,-2.3721
45460,P2,CASC,-113.10,-112.50,-190,R,17128,-2.3781
45470,P2,CASC,-112.95,-112.47,-190,R,17083,-2.3830
45480,P2,CASC,-112.80,-112.51,-190,R,17038,-2.3859
45490,P2,CASC,-112.65,-110.02,-190,R,16994,-2.4121
45500,P2,CASC,-112.50,-107.50,-191,R,16951,-2.4621
45510,P2,CASC,-112.35,-109.97,-190,R,16907,-2.4860
45520,P2,CASC,-112.20,-115.00,-187,R,16861,-2.4580
45530,P2,CASC,-112.05,-110.01,-190,R,16817,-2.4784
45540,P2,CASC,-111.90,-112.48,-188,R,16772,-2.4726
45550,P2,CASC,-111.75,-110.03,-190,R,16728,-2.4897
45560,P2,CASC,-111.60,-110.00,-190,R,16684,-2.5057
45570,P2,CASC,-111.45,-109.92,-190,R,16640,-2.5210
45580,P2,CASC,-111.30,-107.56,-190,R,16597,-2.5584
45590,P2,CASC,-111.15,-110.02,-190,R,16553,-2.5697
45600,P2,CASC,-111.00,-109.98,-189,R,16509,-2.5799
45610,P2,CASC,-110.85,-109.99,-189,R,16465,-2.5885
45620,P2,CASC,-110.70,-105.02,-191,R,16423,-2.6453
45630,P2,CASC,-110.55,-104.98,-191,R,16381,-2.7010
45640,P2,CASC,-110.40,-107.53,-190,R,16338,-2.7297
45650,P2,CASC,-110.25,-107.50,-190,R,16295,-2.7572
45660,P2,CASC,-110.10,-110.00,-189,R,16251,-2.7582
45670,P2,CASC,-109.95,-107.50,-190,R,16208,-2.7827
45680,P2,CASC,-109.80,-112.49,-186,R,16163,-2.7558
45690,P2,CASC,-109.65,-110.00,-188,R,16119,-2.7523
45700,P2,CASC,-109.50,-110.01,-187,R,16075,-2.7472
45710,P2,CASC,-109.35,-110.00,-187,R,16031,-2.7407
45720,P2,CASC,-109.20,-112.47,-185,R,15986,-2.7080
45730,P2,CASC,-109.05,-110.02,-187,R,15942,-2.6983
45740,P2,CASC,-108.90,-107.49,-189,R,15899,-2.7124
45750,P2,CASC,-108.75,-109.99,-186,R,15855,-2.7000
45760,P2,CASC,-108.60,-107.49,-188,R,15812,-2.7111
45770,P2,CASC,-108.45,-105.02,-189,R,15770,-2.7454
45780,P2,CASC,-108.30,-107.48,-188,R,15727,-2.7536
45790,P2,CASC,-108.15,-107.52,-188,R,15684,-2.7599
45800,P2,CASC,-108.00,-104.98,-189,R,15642,-2.7901
45810,P2,CASC,-107.85,-107.50,-188,R,15599,-2.7936
45820,P2,CASC,-107.70,-110.00,-185,R,15555,-2.7706
45830,P2,CASC,-107.55,-105.02,-188,R,15513,-2.7959
45840,P2,CASC,-107.40,-107.49,-186,R,15470,-2.7950
45850,P2,CASC,-107.25,-107.52,-186,R,15427,-2.7923
45860,P2,CASC,-107.10,-104.98,-188,R,15385,-2.8135
45870,P2,CASC,-106.95,-107.51,-186,R,15342,-2.8079
45880,P2,CASC,-106.80,-107.52,-186,R,15299,-2.8007
45890,P2,CASC,-106.65,-104.97,-188,R,15257,-2.8175
45900,P2,CASC,-106.50,-105.00,-187,R,15215,-2.8325
45910,P2,CASC,-106.35,-105.02,-187,R,15173,-2.8458
45920,P2,CASC,-106.20,-105.00,-187,R,15131,-2.8578
45930,P2,CASC,-106.05,-102.50,-188,R,15090,-2.8933
45940,P2,CASC,-105.90,-104.98,-187,R,15048,-2.9025
45950,P2,CASC,-105.75,-105.01,-187,R,15006,-2.9099
45960,P2,CASC,-105.60,-105.02,-187,R,14964,-2.9157
45970,P2,CASC,-105.45,-104.98,-187,R,14922,-2.9204
45980,P2,CASC,-105.30,-104.98,-187,R,14880,-2.9236
45990,P2,CASC,-105.15,-107.52,-184,R,14837,-2.8999
46000,P2,CASC,-105.00,-105.02,-185,R,14795,-2.8997
46010,P2,CASC,-104.85,-107.49,-183,R,14752,-2.8733
46020,P2,CASC,-104.70,-102.48,-187,R,14711,-2.8955
46030,P2,CASC,-104.55,-105.00,-185,R,14669,-2.8910
46040,P2,CASC,-104.40,-102.51,-186,R,14628,-2.9099
46050,P2,CASC,-104.25,-100.01,-187,R,14588,-2.9523
46060,P2,CASC,-104.10,-102.49,-186,R,14547,-2.9684
46070,P2,CASC,-103.95,-102.50,-186,R,14506,-2.9829
46080,P2,CASC,-103.80,-105.02,-184,R,14464,-2.9707
46090,P2,CASC,-103.65,-102.48,-186,R,14423,-2.9824
46100,P2,CASC,-103.50,-100.02,-187,R,14383,-3.0172
46110,P2,CASC,-103.35,-102.50,-186,R,14342,-3.0257
46120,P2,CASC,-103.20,-102.46,-186,R,14301,-3.0331
46130,P2,CASC,-103.05,-102.54,-186,R,14260,-3.0382
46140,P2,CASC,-102.90,-99.97,-186,R,14220,-3.0675
46150,P2,CASC,-102.75,-102.51,-185,R,14179,-3.0699
46160,P2,CASC,-102.60,-102.49,-185,R,14138,-3.0710
46170,P2,CASC,-102.45,-100.01,-186,R,14098,-3.0954
46180,P2,CASC,-102.30,-100.02,-186,R,14058,-3.1182
46190,P2,CASC,-102.15,-97.48,-186,R,14019,-3.1649
46200,P2,CASC,-102.00,-97.52,-186,R,13980,-3.2097
46210,P2,CASC,-101.85,-97.49,-186,R,13941,-3.2533
46220,P2,CASC,-101.70,-97.50,-186,R,13902,-3.2953
46230,P2,CASC,-101.55,-99.98,-186,R,13862,-3.3110
46240,P2,CASC,-101.40,-100.02,-186,R,13822,-3.3248
46250,P2,CASC,-101.25,-102.49,-183,R,13781,-3.3124
46260,P2,CASC,-101.10,-102.52,-183,R,13740,-3.2982
46270,P2,CASC,-100.95,-100.00,-185,R,13700,-3.3077
46280,P2,CASC,-100.80,-102.47,-182,R,13659,-3.2910
46290,P2,CASC,-100.65,-100.03,-185,R,13619,-3.2972
46300,P2,CASC,-100.50,-102.49,-182,R,13578,-3.2773
46310,P2,CASC,-100.35,-102.51,-182,R,13537,-3.2557
46320,P2,CASC,-100.20,-99.98,-184,R,13497,-3.2579
46330,P2,CASC,-100.05,-100.00,-184,R,13457,-3.2584
46340,P2,CASC,-99.90,-97.51,-185,R,13418,-3.2823
46350,P2,CASC,-99.75,-97.44,-185,R,13379,-3.3054
46360,P2,CASC,-99.60,-100.05,-182,R,13339,-3.3009
46370,P2,CASC,-99.45,-97.52,-184,R,13300,-3.3202
46380,P2,CASC,-99.30,-97.48,-184,R,13261,-3.3384
46390,P2,CASC,-99.15,-100.02,-182,R,13221,-3.3297
46400,P2,CASC,-99.00,-97.49,-184,R,13182,-3.3448
46410,P2,CASC,-98.85,-100.00,-182,R,13142,-3.3333
46420,P2,CASC,-98.70,-97.51,-184,R,13103,-3.3452
46430,P2,CASC,-98.55,-97.47,-184,R,13064,-3.3560
46440,P2,CASC,-98.40,-97.51,-184,R,13025,-3.3649
46450,P2,CASC,-98.25,-97.52,-183,R,12986,-3.3722
46460,P2,CASC,-98.10,-100.00,-181,R,12946,-3.3532
46470,P2,CASC,-97.95,-97.48,-183,R,12907,-3.3579
46480,P2,CASC,-97.80,-100.00,-180,R,12867,-3.3359
46490,P2,CASC,-97.65,-95.01,-183,R,12829,-3.3623
46500,P2,CASC,-97.50,-97.48,-183,R,12790,-3.3625
46510,P2,CASC,-97.35,-95.00,-183,R,12752,-3.3860
46520,P2,CASC,-97.20,-95.02,-183,R,12714,-3.4078
46530,P2,CASC,-97.05,-97.50,-181,R,12675,-3.4033
46540,P2,CASC,-96.90,-95.00,-183,R,12637,-3.4223
46550,P2,CASC,-96.75,-94.98,-183,R,12599,-3.4400
46560,P2,CASC,-96.60,-97.50,-180,R,12560,-3.4310
46570,P2,CASC,-96.45,-95.03,-183,R,12522,-3.4452
46580,P2,CASC,-96.30,-97.48,-180,R,12483,-3.4334
46590,P2,CASC,-96.15,-97.49,-180,R,12444,-3.4200
46600,P2,CASC,-96.00,-95.00,-182,R,12406,-3.4300
46610,P2,CASC,-95.85,-97.51,-179,R,12367,-3.4134
46620,P2,CASC,-95.70,-94.99,-182,R,12329,-3.4205
46630,P2,CASC,-95.55,-95.00,-182,R,12291,-3.4260
46640,P2,CASC,-95.40,-95.00,-182,R,12253,-3.4300
46650,P2,CASC,-95.25,-92.52,-182,R,12216,-3.4573
46660,P2,CASC,-95.10,-92.51,-182,R,12179,-3.4832
46670,P2,CASC,-94.95,-92.46,-182,R,12142,-3.5081
46680,P2,CASC,-94.80,-92.51,-182,R,12105,-3.5310
46690,P2,CASC,-94.65,-95.02,-180,R,12067,-3.5273
46700,P2,CASC,-94.50,-94.97,-179,R,12029,-3.5226
46710,P2,CASC,-94.35,-92.52,-181,R,11992,-3.5409
46720,P2,CASC,-94.20,-95.01,-179,R,11954,-3.5328
46730,P2,CASC,-94.05,-89.99,-182,R,11918,-3.5734
46740,P2,CASC,-93.90,-92.49,-181,R,11881,-3.5875
46750,P2,CASC,-93.75,-92.51,-181,R,11844,-3.5999
46760,P2,CASC,-93.60,-89.98,-182,R,11808,-3.6360
46770,P2,CASC,-93.45,-95.04,-178,R,11770,-3.6202
46780,P2,CASC,-93.30,-89.99,-181,R,11734,-3.6533
46790,P2,CASC,-93.15,-92.47,-181,R,11697,-3.6600
46800,P2,CASC,-93.00,-90.03,-181,R,11661,-3.6898
46810,P2,CASC,-92.85,-87.47,-182,R,11626,-3.7435
46820,P2,CASC,-92.70,-90.03,-181,R,11590,-3.7703
46830,P2,CASC,-92.55,-87.49,-182,R,11555,-3.8208
46840,P2,CASC,-92.40,-87.48,-182,R,11520,-3.8700
46850,P2,CASC,-92.25,-90.02,-181,R,11484,-3.8923
46860,P2,CASC,-92.10,-92.49,-179,R,11447,-3.8884
46870,P2,CASC,-91.95,-90.02,-181,R,11411,-3.9078
46880,P2,CASC,-91.80,-92.50,-178,R,11374,-3.9008
46890,P2,CASC,-91.65,-92.48,-178,R,11337,-3.8924
46900,P2,CASC,-91.50,-90.01,-180,R,11301,-3.9073
46910,P2,CASC,-91.35,-92.52,-178,R,11264,-3.8957
46920,P2,CASC,-91.20,-90.00,-180,R,11228,-3.9077
46930,P2,CASC,-91.05,-92.49,-177,R,11191,-3.8933
46940,P2,CASC,-90.90,-89.99,-180,R,11155,-3.9023
46950,P2,CASC,-90.75,-89.98,-180,R,11119,-3.9100
46960,P2,CASC,-90.60,-90.01,-180,R,11083,-3.9159
46970,P2,CASC,-90.45,-90.03,-179,R,11047,-3.9202
46980,P2,CASC,-90.30,-89.97,-179,R,11011,-3.9234
46990,P2,CASC,-90.15,-87.53,-180,R,10976,-3.9497
47000,P2,CASC,-90.00,-89.97,-179,R,10940,-3.9499
47010,P2,CASC,-89.85,-87.52,-180,R,10905,-3.9733
47020,P2,CASC,-89.70,-89.99,-177,R,10869,-3.9704
47030,P2,CASC,-89.55,-87.52,-179,R,10834,-3.9907
47040,P2,CASC,-89.40,-89.93,-177,R,10798,-3.9854
47050,P2,CASC,-89.25,-90.05,-177,R,10762,-3.9775
47060,P2,CASC,-89.10,-87.51,-179,R,10727,-3.9934
47070,P2,CASC,-88.95,-87.50,-179,R,10692,-4.0079
47080,P2,CASC,-88.80,-90.00,-176,R,10656,-3.9959
47090,P2,CASC,-88.65,-87.50,-179,R,10621,-4.0074
47100,P2,CASC,-88.50,-87.49,-178,R,10586,-4.0175
47110,P2,CASC,-88.35,-90.03,-175,R,10550,-4.0007
47120,P2,CASC,-88.20,-89.92,-175,R,10514,-3.9835
47130,P2,CASC,-88.05,-87.57,-178,R,10479,-3.9883
47140,P2,CASC,-87.90,-87.47,-178,R,10444,-3.9926
47150,P2,CASC,-87.75,-87.52,-178,R,10409,-3.9949
47160,P2,CASC,-87.60,-85.00,-178,R,10375,-4.0209
47170,P2,CASC,-87.45,-87.51,-176,R,10340,-4.0203
47180,P2,CASC,-87.30,-84.98,-178,R,10306,-4.0435
47190,P2,CASC,-87.15,-87.50,-176,R,10271,-4.0400
47200,P2,CASC,-87.00,-85.01,-178,R,10237,-4.0599
47210,P2,CASC,-86.85,-85.00,-178,R,10203,-4.0784
47220,P2,CASC,-86.70,-87.49,-175,R,10168,-4.0705
47230,P2,CASC,-86.55,-87.49,-175,R,10133,-4.0611
47240,P2,CASC,-86.40,-85.02,-177,R,10099,-4.0749
47250,P2,CASC,-86.25,-85.02,-177,R,10065,-4.0872
47260,P2,CASC,-86.10,-87.50,-174,R,10030,-4.0732
47270,P2,CASC,-85.95,-84.99,-177,R,9996,-4.0828
47280,P2,CASC,-85.80,-85.00,-177,R,9962,-4.0908
47290,P2,CASC,-85.65,-87.47,-174,R,9927,-4.0726
47300,P2,CASC,-85.50,-85.00,-176,R,9893,-4.0776
47310,P2,CASC,-85.35,-85.03,-176,R,9859,-4.0808
47320,P2,CASC,-85.20,-82.50,-177,R,9826,-4.1078
47330,P2,CASC,-85.05,-82.50,-177,R,9793,-4.1333
47340,P2,CASC,-84.90,-82.49,-177,R,9760,-4.1574
47350,P2,CASC,-84.75,-82.51,-177,R,9727,-4.1798
47360,P2,CASC,-84.60,-82.49,-176,R,9694,-4.2009
47370,P2,CASC,-84.45,-85.01,-174,R,9660,-4.1953
47380,P2,CASC,-84.30,-85.01,-174,R,9626,-4.1882
47390,P2,CASC,-84.15,-82.48,-176,R,9593,-4.2050
47400,P2,CASC,-84.00,-85.01,-173,R,9559,-4.1949
47410,P2,CASC,-83.85,-82.52,-176,R,9526,-4.2082
47420,P2,CASC,-83.70,-82.48,-176,R,9493,-4.2205
47430,P2,CASC,-83.55,-82.49,-176,R,9460,-4.2310
47440,P2,CASC,-83.40,-82.52,-175,R,9427,-4.2398
47450,P2,CASC,-83.25,-82.49,-175,R,9394,-4.2474
47460,P2,CASC,-83.10,-80.00,-176,R,9362,-4.2784
47470,P2,CASC,-82.95,-82.49,-175,R,9329,-4.2830
47480,P2,CASC,-82.80,-82.52,-175,R,9296,-4.2858
47490,P2,CASC,-82.65,-79.98,-176,R,9264,-4.3125
47500,P2,CASC,-82.50,-80.02,-175,R,9232,-4.3372
47510,P2,CASC,-82.35,-79.98,-175,R,9200,-4.3609
47520,P2,CASC,-82.20,-77.49,-176,R,9169,-4.4080
47530,P2,CASC,-82.05,-80.00,-175,R,9137,-4.4285
47540,P2,CASC,-81.90,-77.52,-176,R,9106,-4.4722
47550,P2,CASC,-81.75,-79.98,-175,R,9074,-4.4899
47560,P2,CASC,-81.60,-82.51,-172,R,9041,-4.4808
47570,P2,CASC,-81.45,-80.01,-175,R,9009,-4.4952
47580,P2,CASC,-81.30,-82.48,-172,R,8976,-4.4835
47590,P2,CASC,-81.15,-80.02,-175,R,8944,-4.4948
47600,P2,CASC,-81.00,-79.99,-174,R,8912,-4.5049
47610,P2,CASC,-80.85,-79.98,-174,R,8880,-4.5135
47620,P2,CASC,-80.70,-82.53,-171,R,8847,-4.4952
47630,P2,CASC,-80.55,-79.98,-174,R,8815,-4.5010
47640,P2,CASC,-80.40,-82.52,-171,R,8782,-4.4798
47650,P2,CASC,-80.25,-80.01,-174,R,8750,-4.4822
47660,P2,CASC,-80.10,-80.00,-174,R,8718,-4.4832
47670,P2,CASC,-79.95,-79.98,-172,R,8686,-4.4830
47680,P2,CASC,-79.80,-80.01,-172,R,8654,-4.4809
47690,P2,CASC,-79.65,-77.49,-174,R,8623,-4.5024
47700,P2,CASC,-79.50,-77.49,-174,R,8592,-4.5225
47710,P2,CASC,-79.35,-77.53,-174,R,8561,-4.5407
47720,P2,CASC,-79.20,-79.98,-171,R,8529,-4.5330
47730,P2,CASC,-79.05,-77.52,-173,R,8498,-4.5482
47740,P2,CASC,-78.90,-79.99,-171,R,8466,-4.5373
47750,P2,CASC,-78.75,-77.48,-173,R,8435,-4.5500
47760,P2,CASC,-78.60,-77.51,-173,R,8404,-4.5609
47770,P2,CASC,-78.45,-80.00,-170,R,8372,-4.5454
47780,P2,CASC,-78.30,-77.49,-173,R,8341,-4.5535
47790,P2,CASC,-78.15,-80.02,-170,R,8309,-4.5347
47800,P2,CASC,-78.00,-77.48,-173,R,8278,-4.5399
47810,P2,CASC,-77.85,-77.50,-172,R,8247,-4.5434
47820,P2,CASC,-77.70,-77.50,-172,R,8216,-4.5454
47830,P2,CASC,-77.55,-79.99,-169,R,8184,-4.5210
47840,P2,CASC,-77.40,-80.02,-169,R,8152,-4.4948
47850,P2,CASC,-77.25,-79.98,-168,R,8120,-4.4675
47860,P2,CASC,-77.10,-77.52,-170,R,8089,-4.4632
47870,P2,CASC,-76.95,-77.49,-170,R,8058,-4.4578
47880,P2,CASC,-76.80,-77.48,-169,R,8027,-4.4510
47890,P2,CASC,-76.65,-77.52,-169,R,7996,-4.4423
47900,P2,CASC,-76.50,-77.50,-169,R,7965,-4.4323
47910,P2,CASC,-76.35,-77.49,-169,R,7934,-4.4209
47920,P2,CASC,-76.20,-75.01,-171,R,7904,-4.4328
47930,P2,CASC,-76.05,-77.49,-168,R,7873,-4.4184
47940,P2,CASC,-75.90,-75.00,-171,R,7843,-4.4274
47950,P2,CASC,-75.75,-75.01,-171,R,7813,-4.4347
47960,P2,CASC,-75.60,-77.48,-168,R,7782,-4.4160
47970,P2,CASC,-75.45,-77.52,-167,R,7751,-4.3953
47980,P2,CASC,-75.30,-75.00,-170,R,7721,-4.3983
47990,P2,CASC,-75.15,-74.99,-170,R,7691,-4.4000
48000,P2,CASC,-75.00,-77.49,-167,R,7660,-4.3750
48010,P2,CASC,-74.85,-75.01,-168,R,7630,-4.3734
48020,P2,CASC,-74.70,-75.01,-168,R,7600,-4.3703
48030,P2,CASC,-74.55,-77.50,-166,R,7569,-4.3408
48040,P2,CASC,-74.40,-75.01,-168,R,7539,-4.3347
48050,P2,CASC,-74.25,-74.99,-167,R,7509,-4.3273
48060,P2,CASC,-74.10,-74.99,-167,R,7479,-4.3184
48070,P2,CASC,-73.95,-74.99,-167,R,7449,-4.3080
48080,P2,CASC,-73.80,-72.52,-170,R,7420,-4.3207
48090,P2,CASC,-73.65,-72.49,-170,R,7391,-4.3324
48100,P2,CASC,-73.50,-72.49,-169,R,7362,-4.3425
48110,P2,CASC,-73.35,-75.00,-166,R,7332,-4.3260
48120,P2,CASC,-73.20,-70.00,-170,R,7304,-4.3580
48130,P2,CASC,-73.05,-77.52,-164,R,7273,-4.3133
48140,P2,CASC,-72.90,-74.99,-166,R,7243,-4.2925
48150,P2,CASC,-72.75,-72.51,-169,R,7214,-4.2949
48160,P2,CASC,-72.60,-72.51,-169,R,7185,-4.2957
48170,P2,CASC,-72.45,-75.00,-165,R,7155,-4.2702
48180,P2,CASC,-72.30,-72.49,-167,R,7126,-4.2684
48190,P2,CASC,-72.15,-74.99,-165,R,7096,-4.2400
48200,P2,CASC,-72.00,-72.52,-166,R,7067,-4.2347
48210,P2,CASC,-71.85,-72.50,-166,R,7038,-4.2282
48220,P2,CASC,-71.70,-72.49,-166,R,7009,-4.2204
48230,P2,CASC,-71.55,-74.99,-164,R,6979,-4.1860
48240,P2,CASC,-71.40,-72.51,-165,R,6950,-4.1748
48250,P2,CASC,-71.25,-75.01,-163,R,6920,-4.1372
48260,P2,CASC,-71.10,-69.98,-168,R,6892,-4.1484
48270,P2,CASC,-70.95,-75.02,-163,R,6862,-4.1077
48280,P2,CASC,-70.80,-70.00,-167,R,6834,-4.1157
48290,P2,CASC,-70.65,-69.99,-167,R,6806,-4.1224
48300,P2,CASC,-70.50,-70.01,-167,R,6778,-4.1272
48310,P2,CASC,-70.35,-70.00,-167,R,6750,-4.1307
48320,P2,CASC,-70.20,-70.00,-167,R,6722,-4.1327
48330,P2,CASC,-70.05,-72.50,-163,R,6693,-4.1082
48340,P2,CASC,-69.90,-70.00,-165,R,6665,-4.1072
48350,P2,CASC,-69.75,-72.48,-163,R,6636,-4.0799
48360,P2,CASC,-69.60,-72.51,-163,R,6607,-4.0508
48370,P2,CASC,-69.45,-72.51,-162,R,6578,-4.0202
48380,P2,CASC,-69.30,-72.47,-162,R,6549,-3.9885
48390,P2,CASC,-69.15,-72.51,-162,R,6520,-3.9549
48400,P2,CASC,-69.00,-70.01,-163,R,6492,-3.9448
48410,P2,CASC,-68.85,-75.00,-160,R,6462,-3.8833
48420,P2,CASC,-68.70,-72.47,-161,R,6433,-3.8456
48430,P2,CASC,-68.55,-70.04,-162,R,6405,-3.8307
48440,P2,CASC,-68.40,-75.00,-159,R,6375,-3.7647
48450,P2,CASC,-68.25,-69.99,-162,R,6347,-3.7474
48460,P2,CASC,-68.10,-72.49,-160,R,6318,-3.7034
48470,P2,CASC,-67.95,-72.51,-160,R,6289,-3.6579
48480,P2,CASC,-67.80,-70.01,-161,R,6261,-3.6357
48490,P2,CASC,-67.65,-69.98,-161,R,6233,-3.6124
48500,P2,CASC,-67.50,-72.51,-159,R,6204,-3.5623
48510,P2,CASC,-67.35,-67.50,-162,R,6177,-3.5608
48520,P2,CASC,-67.20,-72.51,-158,R,6148,-3.5077
48530,P2,CASC,-67.05,-69.99,-160,R,6120,-3.4784
48540,P2,CASC,-66.90,-72.51,-158,R,6091,-3.4223
48550,P2,CASC,-66.75,-70.01,-159,R,6063,-3.3897
48560,P2,CASC,-66.60,-69.98,-159,R,6035,-3.3559
48570,P2,CASC,-66.45,-70.02,-159,R,6007,-3.3202
48580,P2,CASC,-66.30,-75.00,-155,R,5977,-3.2332
48590,P2,CASC,-66.15,-69.97,-158,R,5949,-3.1950
48600,P2,CASC,-66.00,-70.02,-158,R,5921,-3.1548
48610,P2,CASC,-65.85,-72.50,-156,R,5892,-3.0883
48620,P2,CASC,-65.70,-72.49,-155,R,5863,-3.0204
48630,P2,CASC,-65.55,-69.99,-157,R,5835,-2.9760
48640,P2,CASC,-65.40,-70.03,-156,R,5807,-2.9297
48650,P2,CASC,-65.25,-74.99,-153,R,5777,-2.8323
48660,P2,CASC,-65.10,-69.98,-156,R,5749,-2.7835
48670,P2,CASC,-64.95,-72.53,-154,R,5720,-2.7077
48680,P2,CASC,-64.80,-72.50,-153,R,5691,-2.6307
48690,P2,CASC,-64.65,-69.97,-155,R,5663,-2.5775
48700,P2,CASC,-64.50,-70.02,-154,R,5635,-2.5223
48710,P2,CASC,-64.35,-70.01,-154,R,5607,-2.4657
48720,P2,CASC,-64.20,-69.98,-154,R,5579,-2.4079
48730,P2,CASC,-64.05,-70.02,-153,R,5551,-2.3482
48740,P2,CASC,-63.90,-67.49,-155,R,5524,-2.3123
48750,P2,CASC,-63.75,-70.01,-153,R,5496,-2.2497
48760,P2,CASC,-63.60,-67.49,-154,R,5469,-2.2109
48770,P2,CASC,-63.45,-67.51,-154,R,5442,-2.1703
48780,P2,CASC,-63.30,-67.50,-154,R,5415,-2.1283
48790,P2,CASC,-63.15,-69.98,-152,R,5387,-2.0600
48800,P2,CASC,-63.00,-67.53,-153,R,5360,-2.0147
48810,P2,CASC,-62.85,-67.49,-153,R,5333,-1.9683
48820,P2,CASC,-62.70,-67.49,-152,R,5306,-1.9204
48830,P2,CASC,-62.55,-64.99,-154,R,5280,-1.8959
48840,P2,CASC,-62.40,-67.49,-152,R,5253,-1.8450
48850,P2,CASC,-62.25,-67.50,-152,R,5226,-1.7925
48860,P2,CASC,-62.10,-65.01,-153,R,5200,-1.7634
48870,P2,CASC,-61.95,-67.50,-151,R,5173,-1.7079
48880,P2,CASC,-61.80,-67.52,-151,R,5146,-1.6507
48890,P2,CASC,-61.65,-64.99,-152,R,5120,-1.6173
48900,P2,CASC,-61.50,-65.00,-152,R,5094,-1.5823
48910,P2,CASC,-61.35,-64.99,-151,R,5068,-1.5459
48920,P2,CASC,-61.20,-64.99,-151,R,5042,-1.5079
48930,P2,CASC,-61.05,-62.51,-153,R,5017,-1.4934
48940,P2,CASC,-60.90,-62.49,-152,R,4992,-1.4774
48950,P2,CASC,-60.75,-65.01,-150,R,4966,-1.4349
48960,P2,CASC,-60.60,-64.97,-150,R,4940,-1.3911
48970,P2,CASC,-60.45,-60.03,-154,R,4916,-1.3953
48980,P2,CASC,-60.30,-67.45,-148,R,4889,-1.3238
48990,P2,CASC,-60.15,-62.54,-151,R,4864,-1.2999
49000,P2,CASC,-60.00,-64.99,-149,R,4838,-1.2499
49010,P2,CASC,-59.85,-65.01,-149,R,4812,-1.1984
49020,P2,CASC,-59.70,-62.51,-150,R,4787,-1.1703
49030,P2,CASC,-59.55,-65.00,-148,R,4761,-1.1158
49040,P2,CASC,-59.40,-62.49,-150,R,4736,-1.0849
49050,P2,CASC,-59.25,-62.51,-149,R,4711,-1.0523
49060,P2,CASC,-59.10,-62.48,-149,R,4686,-1.0185
49070,P2,CASC,-58.95,-62.51,-149,R,4661,-0.9830
49080,P2,CASC,-58.80,-64.97,-147,R,4635,-0.9212
49090,P2,CASC,-58.65,-60.04,-150,R,4611,-0.9073
49100,P2,CASC,-58.50,-62.48,-148,R,4586,-0.8675
49110,P2,CASC,-58.35,-62.52,-148,R,4561,-0.8258
49120,P2,CASC,-58.20,-62.50,-147,R,4536,-0.7828
49130,P2,CASC,-58.05,-62.48,-147,R,4511,-0.7385
49140,P2,CASC,-57.90,-59.99,-149,R,4487,-0.7176
49150,P2,CASC,-57.75,-60.02,-148,R,4463,-0.6949
49160,P2,CASC,-57.60,-59.98,-148,R,4439,-0.6711
49170,P2,CASC,-57.45,-60.01,-148,R,4415,-0.6455
49180,P2,CASC,-57.30,-57.50,-149,R,4392,-0.6435
49190,P2,CASC,-57.15,-60.01,-147,R,4368,-0.6149
49200,P2,CASC,-57.00,-57.49,-149,R,4345,-0.6101
49210,P2,CASC,-56.85,-57.52,-149,R,4322,-0.6033
49220,P2,CASC,-56.70,-59.99,-147,R,4298,-0.5704
49230,P2,CASC,-56.55,-57.51,-148,R,4275,-0.5609
49240,P2,CASC,-56.40,-60.00,-146,R,4251,-0.5249
49250,P2,CASC,-56.25,-57.50,-148,R,4228,-0.5124
49260,P2,CASC,-56.10,-60.00,-146,R,4204,-0.4734
49270,P2,CASC,-55.95,-60.01,-145,R,4180,-0.4328
49280,P2,CASC,-55.80,-57.48,-147,R,4157,-0.4160
49290,P2,CASC,-55.65,-60.01,-145,R,4133,-0.3724
49300,P2,CASC,-55.50,-57.48,-146,R,4110,-0.3526
49310,P2,CASC,-55.35,-57.52,-146,R,4087,-0.3308
49320,P2,CASC,-55.20,-57.50,-146,R,4064,-0.3078
49330,P2,CASC,-55.05,-60.00,-144,R,4040,-0.2583
49340,P2,CASC,-54.90,-54.99,-147,R,4018,-0.2574
49350,P2,CASC,-54.75,-60.01,-143,R,3994,-0.2048
49360,P2,CASC,-54.60,-54.98,-146,R,3972,-0.2010
49370,P2,CASC,-54.45,-57.51,-145,R,3949,-0.1704
49380,P2,CASC,-54.30,-57.51,-144,R,3926,-0.1384
49390,P2,CASC,-54.15,-55.01,-146,R,3904,-0.1298
49400,P2,CASC,-54.00,-54.98,-146,R,3882,-0.1200
49410,P2,CASC,-53.85,-57.52,-144,R,3859,-0.0833
49420,P2,CASC,-53.70,-54.99,-145,R,3837,-0.0704
49430,P2,CASC,-53.55,-54.99,-145,R,3815,-0.0560
49440,P2,CASC,-53.40,-52.52,-146,R,3794,-0.0648
49450,P2,CASC,-53.25,-55.00,-144,R,3772,-0.0473
49460,P2,CASC,-53.10,-54.98,-144,R,3750,-0.0285
49470,P2,CASC,-52.95,-55.01,-144,R,3728,-0.0079
49480,P2,CASC,-52.80,-54.99,-144,R,3706,0.0140
49490,P2,CASC,-52.65,-57.48,-142,R,3683,0.0623
49500,P2,CASC,-52.50,-52.52,-145,R,3662,0.0625
49510,P2,CASC,-52.35,-55.01,-143,R,3640,0.0891
49520,P2,CASC,-52.20,-54.99,-143,R,3618,0.1170
49530,P2,CASC,-52.05,-55.01,-142,R,3596,0.1466
49540,P2,CASC,-51.90,-57.48,-141,R,3573,0.2024
49550,P2,CASC,-51.75,-55.02,-142,R,3551,0.2351
49560,P2,CASC,-51.60,-55.00,-142,R,3529,0.2691
49570,P2,CASC,-51.45,-54.99,-141,R,3507,0.3045
49580,P2,CASC,-51.30,-52.51,-143,R,3486,0.3167
49590,P2,CASC,-51.15,-54.99,-141,R,3464,0.3551
49600,P2,CASC,-51.00,-55.00,-141,R,3442,0.3951
49610,P2,CASC,-50.85,-52.50,-142,R,3421,0.4116
49620,P2,CASC,-50.70,-54.99,-140,R,3399,0.4545
49630,P2,CASC,-50.55,-57.51,-138,R,3376,0.5241
49640,P2,CASC,-50.40,-52.50,-141,R,3355,0.5451
49650,P2,CASC,-50.25,-57.50,-138,R,3332,0.6176
49660,P2,CASC,-50.10,-52.50,-141,R,3311,0.6416
49670,P2,CASC,-49.95,-54.99,-139,R,3289,0.6920
49680,P2,CASC,-49.80,-52.49,-140,R,3268,0.7190
49690,P2,CASC,-49.65,-52.52,-140,R,3247,0.7477
49700,P2,CASC,-49.50,-52.49,-140,R,3226,0.7776
49710,P2,CASC,-49.35,-52.51,-140,R,3205,0.8092
49720,P2,CASC,-49.20,-52.48,-139,R,3184,0.8420
49730,P2,CASC,-49.05,-52.50,-139,R,3163,0.8765
49740,P2,CASC,-48.90,-50.01,-141,R,3143,0.8876
49750,P2,CASC,-48.75,-50.00,-141,R,3123,0.9001
49760,P2,CASC,-48.60,-49.99,-140,R,3103,0.9140
49770,P2,CASC,-48.45,-52.49,-139,R,3082,0.9545
49780,P2,CASC,-48.30,-50.01,-140,R,3062,0.9715
49790,P2,CASC,-48.15,-50.01,-140,R,3042,0.9901
49800,P2,CASC,-48.00,-50.01,-140,R,3022,1.0101
49810,P2,CASC,-47.85,-47.49,-141,R,3003,1.0065
49820,P2,CASC,-47.70,-50.00,-140,R,2983,1.0295
49830,P2,CASC,-47.55,-50.02,-139,R,2963,1.0541
49840,P2,CASC,-47.40,-47.49,-141,R,2944,1.0550
49850,P2,CASC,-47.25,-47.50,-141,R,2925,1.0576
49860,P2,CASC,-47.10,-50.01,-139,R,2905,1.0867
49870,P2,CASC,-46.95,-47.50,-141,R,2886,1.0921
49880,P2,CASC,-46.80,-47.49,-141,R,2867,1.0990
49890,P2,CASC,-46.65,-47.50,-140,R,2848,1.1075
49900,P2,CASC,-46.50,-47.50,-140,R,2829,1.1176
49910,P2,CASC,-46.35,-47.50,-140,R,2810,1.1291
49920,P2,CASC,-46.20,-47.50,-140,R,2791,1.1422
49930,P2,CASC,-46.05,-47.48,-140,R,2772,1.1565
49940,P2,CASC,-45.90,-47.51,-140,R,2753,1.1726
49950,P2,CASC,-45.75,-47.49,-140,R,2734,1.1900
49960,P2,CASC,-45.60,-45.02,-140,R,2716,1.1841
49970,P2,CASC,-45.45,-47.49,-139,R,2697,1.2045
49980,P2,CASC,-45.30,-47.51,-139,R,2678,1.2266
49990,P2,CASC,-45.15,-45.00,-140,R,2660,1.2251
50000,P2,CASC,-45.00,-47.50,-139,R,2641,1.2501
50010,P2,CASC,-44.85,-45.00,-141,R,2623,1.2516
50020,P2,CASC,-44.70,-45.00,-140,R,2605,1.2545
50030,P2,CASC,-44.55,-47.50,-139,R,2586,1.2841
50040,P2,CASC,-44.40,-44.99,-140,R,2568,1.2900
50050,P2,CASC,-44.25,-47.51,-138,R,2549,1.3226
50060,P2,CASC,-44.10,-47.50,-138,R,2530,1.3566
50070,P2,CASC,-43.95,-45.00,-140,R,2512,1.3671
50080,P2,CASC,-43.80,-47.49,-138,R,2493,1.4040
50090,P2,CASC,-43.65,-47.51,-138,R,2474,1.4426
50100,P2,CASC,-43.50,-47.49,-138,R,2455,1.4825
50110,P2,CASC,-43.35,-47.50,-137,R,2436,1.5241
50120,P2,CASC,-43.20,-47.50,-137,R,2417,1.5671
50130,P2,CASC,-43.05,-47.50,-137,R,2398,1.6116
50140,P2,CASC,-42.90,-47.51,-137,R,2379,1.6576
50150,P2,CASC,-42.75,-47.49,-137,R,2360,1.7050
50160,P2,CASC,-42.60,-45.00,-138,R,2342,1.7290
50170,P2,CASC,-42.45,-47.51,-136,R,2323,1.7796
50180,P2,CASC,-42.30,-47.49,-136,R,2304,1.8315
50190,P2,CASC,-42.15,-45.00,-137,R,2286,1.8601
50200,P2,CASC,-42.00,-47.49,-136,R,2267,1.9150
50210,P2,CASC,-41.85,-47.50,-135,R,2248,1.9715
50220,P2,CASC,-41.70,-45.00,-137,R,2230,2.0045
50230,P2,CASC,-41.55,-45.01,-137,R,2212,2.0391
50240,P2,CASC,-41.40,-47.49,-135,R,2193,2.1000
50250,P2,CASC,-41.25,-45.01,-136,R,2175,2.1376
50260,P2,CASC,-41.10,-44.99,-136,R,2157,2.1765
50270,P2,CASC,-40.95,-47.51,-134,R,2138,2.2421
50280,P2,CASC,-40.80,-45.00,-136,R,2120,2.2841
50290,P2,CASC,-40.65,-45.00,-135,R,2102,2.3276
50300,P2,CASC,-40.50,-45.00,-135,R,2084,2.3725
50310,P2,CASC,-40.35,-42.50,-137,R,2067,2.3940
50320,P2,CASC,-40.20,-45.00,-135,R,2049,2.4420
50330,P2,CASC,-40.05,-42.51,-136,R,2032,2.4666
50340,P2,CASC,-39.90,-42.49,-136,R,2015,2.4925
50350,P2,CASC,-39.75,-42.50,-136,R,1998,2.5200
50360,P2,CASC,-39.60,-42.50,-136,R,1981,2.5490
50370,P2,CASC,-39.45,-42.51,-136,R,1964,2.5796
50380,P2,CASC,-39.30,-42.49,-135,R,1947,2.6115
50390,P2,CASC,-39.15,-42.50,-135,R,1930,2.6450
50400,P2,CASC,-39.00,-40.00,-137,R,1914,2.6550
50410,P2,CASC,-38.85,-45.00,-133,R,1896,2.7166
50420,P2,CASC,-38.70,-42.50,-135,R,1879,2.7546
50430,P2,CASC,-38.55,-39.98,-136,R,1863,2.7690
50440,P2,CASC,-38.40,-42.51,-134,R,1846,2.8101
50450,P2,CASC,-38.25,-42.51,-134,R,1829,2.8526
50460,P2,CASC,-38.10,-42.50,-134,R,1812,2.8966
50470,P2,CASC,-37.95,-40.00,-135,R,1796,2.9171
50480,P2,CASC,-37.80,-42.48,-134,R,1779,2.9640
50490,P2,CASC,-37.65,-42.51,-133,R,1762,3.0126
50500,P2,CASC,-37.50,-40.00,-135,R,1746,3.0376
50510,P2,CASC,-37.35,-42.50,-133,R,1729,3.0891
50520,P2,CASC,-37.20,-40.00,-135,R,1713,3.1171
50530,P2,CASC,-37.05,-39.99,-134,R,1697,3.1465
50540,P2,CASC,-36.90,-40.00,-134,R,1681,3.1775
50550,P2,CASC,-36.75,-40.01,-134,R,1665,3.2101
50560,P2,CASC,-36.60,-39.99,-134,R,1649,3.2440
50570,P2,CASC,-36.45,-40.00,-134,R,1633,3.2795
50580,P2,CASC,-36.30,-37.51,-135,R,1618,3.2915
50590,P2,CASC,-36.15,-40.00,-133,R,1602,3.3301
50600,P2,CASC,-36.00,-40.00,-133,R,1586,3.3700
50610,P2,CASC,-35.85,-40.00,-133,R,1570,3.4115
50620,P2,CASC,-35.70,-37.49,-134,R,1555,3.4295
50630,P2,CASC,-35.55,-37.51,-134,R,1540,3.4490
50640,P2,CASC,-35.40,-40.00,-132,R,1524,3.4950
50650,P2,CASC,-35.25,-37.50,-134,R,1509,3.5175
50660,P2,CASC,-35.10,-37.51,-134,R,1494,3.5416
50670,P2,CASC,-34.95,-37.49,-134,R,1479,3.5670
50680,P2,CASC,-34.80,-37.50,-134,R,1464,3.5940
50690,P2,CASC,-34.65,-37.50,-133,R,1449,3.6225
50700,P2,CASC,-34.50,-37.51,-133,R,1434,3.6526
50710,P2,CASC,-34.35,-37.49,-133,R,1419,3.6840
50720,P2,CASC,-34.20,-37.50,-133,R,1404,3.7170
50730,P2,CASC,-34.05,-37.50,-133,R,1389,3.7515
50740,P2,CASC,-33.90,-37.50,-132,R,1374,3.7875
50750,P2,CASC,-33.75,-37.50,-132,R,1359,3.8250
50760,P2,CASC,-33.60,-40.01,-130,R,1343,3.8891
50770,P2,CASC,-33.45,-37.50,-132,R,1328,3.9296
50780,P2,CASC,-33.30,-35.00,-133,R,1314,3.9466
50790,P2,CASC,-33.15,-40.01,-130,R,1298,4.0151
50800,P2,CASC,-33.00,-39.99,-130,R,1282,4.0850
50810,P2,CASC,-32.85,-37.50,-131,R,1267,4.1315
50820,P2,CASC,-32.70,-37.50,-131,R,1252,4.1795
50830,P2,CASC,-32.55,-40.02,-129,R,1236,4.2541
50840,P2,CASC,-32.40,-37.49,-130,R,1221,4.3050
50850,P2,CASC,-32.25,-37.52,-130,R,1206,4.3576
50860,P2,CASC,-32.10,-39.99,-128,R,1190,4.4365
50870,P2,CASC,-31.95,-37.51,-130,R,1175,4.4921
50880,P2,CASC,-31.80,-40.00,-128,R,1159,4.5741
50890,P2,CASC,-31.65,-37.50,-129,R,1144,4.6326
50900,P2,CASC,-31.50,-37.50,-129,R,1129,4.6926
50910,P2,CASC,-31.35,-37.49,-129,R,1114,4.7540
50920,P2,CASC,-31.20,-40.00,-127,R,1098,4.8420
50930,P2,CASC,-31.05,-37.51,-128,R,1083,4.9066
50940,P2,CASC,-30.90,-39.99,-126,R,1067,4.9975
50950,P2,CASC,-30.75,-37.51,-127,R,1052,5.0651
50960,P2,CASC,-30.60,-37.49,-127,R,1037,5.1340
50970,P2,CASC,-30.45,-37.51,-127,R,1022,5.2046
50980,P2,CASC,-30.30,-37.50,-127,R,1007,5.2766
50990,P2,CASC,-30.15,-37.49,-126,R,992,5.3500
51000,P2,CASC,-30.00,-40.00,-124,R,976,5.4500
51010,P2,CASC,-29.85,-37.50,-126,R,961,5.5266
51020,P2,CASC,-29.70,-37.50,-126,R,946,5.6045
51030,P2,CASC,-29.55,-37.50,-125,R,931,5.6841
51040,P2,CASC,-29.40,-37.50,-125,R,916,5.7651
51050,P2,CASC,-29.25,-37.50,-125,R,901,5.8476
51060,P2,CASC,-29.10,-34.99,-126,R,887,5.9066
51070,P2,CASC,-28.95,-37.50,-124,R,872,5.9920
51080,P2,CASC,-28.80,-35.01,-126,R,858,6.0541
51090,P2,CASC,-28.65,-35.00,-125,R,844,6.1176
51100,P2,CASC,-28.50,-35.00,-125,R,830,6.1826
51110,P2,CASC,-28.35,-35.00,-125,R,816,6.2491
51120,P2,CASC,-28.20,-32.51,-126,R,803,6.2921
51130,P2,CASC,-28.05,-34.99,-124,R,789,6.3615
51140,P2,CASC,-27.90,-32.50,-126,R,776,6.4075
51150,P2,CASC,-27.75,-35.01,-124,R,762,6.4801
51160,P2,CASC,-27.60,-32.49,-125,R,749,6.5290
51170,P2,CASC,-27.45,-32.50,-125,R,736,6.5796
51180,P2,CASC,-27.30,-30.00,-127,R,724,6.6066
51190,P2,CASC,-27.15,-30.00,-126,R,712,6.6351
51200,P2,CASC,-27.00,-32.51,-125,R,699,6.6901
51210,P2,CASC,-26.85,-32.50,-124,R,686,6.7466
51220,P2,CASC,-26.70,-29.99,-126,R,674,6.7796
51230,P2,CASC,-26.55,-30.01,-126,R,662,6.8141
51240,P2,CASC,-26.40,-30.00,-125,R,650,6.8501
51250,P2,CASC,-26.25,-30.00,-125,R,638,6.8876
51260,P2,CASC,-26.10,-30.00,-125,R,626,6.9266
51270,P2,CASC,-25.95,-27.50,-127,R,615,6.9421
51280,P2,CASC,-25.80,-27.49,-126,R,604,6.9591
51290,P2,CASC,-25.65,-30.01,-125,R,592,7.0026
51300,P2,CASC,-25.50,-27.50,-126,R,581,7.0226
51310,P2,CASC,-25.35,-30.00,-124,R,569,7.0691
51320,P2,CASC,-25.20,-27.50,-126,R,558,7.0921
51330,P2,CASC,-25.05,-25.00,-125,R,548,7.0915
51340,P2,CASC,-24.90,-27.51,-126,R,537,7.1176
51350,P2,CASC,-24.75,-27.50,-125,R,526,7.1451
51360,P2,CASC,-24.60,-24.99,-127,R,516,7.1491
51370,P2,CASC,-24.45,-27.50,-125,R,505,7.1796
51380,P2,CASC,-24.30,-25.00,-127,R,495,7.1866
51390,P2,CASC,-24.15,-25.00,-126,R,485,7.1951
51400,P2,CASC,-24.00,-25.00,-126,R,475,7.2051
51410,P2,CASC,-23.85,-27.50,-125,R,464,7.2416
51420,P2,CASC,-23.70,-24.99,-126,R,454,7.2546
51430,P2,CASC,-23.55,-27.51,-124,R,443,7.2941
51440,P2,CASC,-23.40,-25.00,-126,R,433,7.3101
51450,P2,CASC,-23.25,-22.50,-124,R,424,7.3026
51460,P2,CASC,-23.10,-25.00,-125,R,414,7.3216
51470,P2,CASC,-22.95,-25.00,-125,R,404,7.3421
51480,P2,CASC,-22.80,-25.00,-125,R,394,7.3641
51490,P2,CASC,-22.65,-25.00,-125,R,384,7.3876
51500,P2,CASC,-22.50,-25.00,-125,R,374,7.4126
51510,P2,CASC,-22.35,-25.00,-125,R,364,7.4391
51520,P2,CASC,-22.20,-22.50,-126,R,355,7.4421
51530,P2,CASC,-22.05,-25.00,-124,R,345,7.4716
51540,P2,CASC,-21.90,-25.00,-124,R,335,7.5026
51550,P2,CASC,-21.75,-25.00,-124,R,325,7.5351
51560,P2,CASC,-21.60,-25.01,-124,R,315,7.5691
51570,P2,CASC,-21.45,-22.50,-125,R,306,7.5796
51580,P2,CASC,-21.30,-25.00,-124,R,296,7.6166
51590,P2,CASC,-21.15,-24.99,-123,R,286,7.6551
51600,P2,CASC,-21.00,-25.00,-123,R,276,7.6951
51610,P2,CASC,-20.85,-25.00,-123,R,266,7.7366
51620,P2,CASC,-20.70,-25.00,-123,R,256,7.7796
51630,P2,CASC,-20.55,-22.50,-124,R,247,7.7991
51640,P2,CASC,-20.40,-25.00,-123,R,237,7.8451
51650,P2,CASC,-20.25,-25.00,-122,R,227,7.8926
51660,P2,CASC,-20.10,-25.00,-122,R,217,7.9416
51670,P2,CASC,-19.95,-22.50,-124,R,208,7.9671
51680,P2,CASC,-19.80,-25.00,-122,R,198,8.0190
51690,P2,CASC,-19.65,-25.01,-122,R,188,8.0726
51700,P2,CASC,-19.50,-25.00,-121,R,178,8.1276
51710,P2,CASC,-19.35,-25.01,-121,R,168,8.1841
51720,P2,CASC,-19.20,-25.00,-121,R,158,8.2421
51730,P2,CASC,-19.05,-25.00,-121,R,148,8.3016
51740,P2,CASC,-18.90,-25.01,-120,R,138,8.3626
51750,P2,CASC,-18.75,-24.99,-120,R,128,8.4250
51760,P2,CASC,-18.60,-25.01,-120,R,118,8.4891
51770,P2,CASC,-18.45,-25.00,-120,R,108,8.5546
51780,P2,CASC,-18.30,-25.00,-119,R,98,8.6216
51790,P2,CASC,-18.15,-25.00,-119,R,88,8.6901
51800,P2,CASC,-18.00,-27.50,-117,R,77,8.7850
51810,P2,CASC,-17.85,-25.01,-119,R,67,8.8566
51820,P2,CASC,-17.70,-25.00,-118,R,57,8.9296
51830,P2,CASC,-17.55,-24.99,-118,R,47,9.0041
51840,P2,CASC,-17.40,-25.01,-118,R,37,9.0801
51850,P2,CASC,-17.25,-25.00,-117,R,27,9.1576
51860,P2,CASC,-17.10,-25.00,-117,R,17,9.2365
51870,P2,CASC,-16.95,-22.50,-119,R,8,9.2920
51880,P2,CASC,-16.80,-25.01,-117,R,-2,9.3741
51890,P2,CASC,-16.65,-22.50,-118,R,-11,9.4326
51900,P2,CASC,-16.50,-25.00,-116,R,-21,9.5176
51910,P2,CASC,-16.35,-25.01,-116,R,-31,9.6041
51920,P2,CASC,-16.20,-24.99,-116,R,-41,9.6921
51930,P2,CASC,-16.05,-22.50,-117,R,-50,9.7566
51940,P2,CASC,-15.90,-24.99,-115,R,-60,9.8475
51950,P2,CASC,-15.75,-22.50,-116,R,-69,9.9151
51960,P2,CASC,-15.60,-25.00,-114,R,-79,10.0091
51970,P2,CASC,-15.45,-22.50,-116,R,-88,10.0796
51980,P2,CASC,-15.30,-22.50,-116,R,-97,10.1516
51990,P2,CASC,-15.15,-22.50,-115,R,-106,10.2251
52000,P2,CASC,-15.00,-22.50,-115,R,-115,10.3001
52010,P2,CASC,-14.85,-20.01,-116,R,-123,10.3516
52020,P2,CASC,-14.70,-22.50,-115,R,-132,10.4296
52030,P2,CASC,-14.55,-22.50,-114,R,-141,10.5091
52040,P2,CASC,-14.40,-20.00,-116,R,-149,10.5651
52050,P2,CASC,-14.25,-22.50,-114,R,-158,10.6476
52060,P2,CASC,-14.10,-22.50,-113,R,-167,10.7315
52070,P2,CASC,-13.95,-20.00,-115,R,-175,10.7921
52080,P2,CASC,-13.80,-20.00,-115,R,-183,10.8540
52090,P2,CASC,-13.65,-20.00,-114,R,-191,10.9176
52100,P2,CASC,-13.50,-20.00,-114,R,-199,10.9826
52110,P2,CASC,-13.35,-20.00,-114,R,-207,11.0491
52120,P2,CASC,-13.20,-19.99,-114,R,-215,11.1170
52130,P2,CASC,-13.05,-20.01,-113,R,-223,11.1866
52140,P2,CASC,-12.90,-20.00,-113,R,-231,11.2576
52150,P2,CASC,-12.75,-17.50,-115,R,-238,11.3051
52160,P2,CASC,-12.60,-17.50,-114,R,-245,11.3541
52170,P2,CASC,-12.45,-20.00,-112,R,-253,11.4296
52180,P2,CASC,-12.30,-17.50,-114,R,-260,11.4816
52190,P2,CASC,-12.15,-17.50,-114,R,-267,11.5351
52200,P2,CASC,-12.00,-20.00,-112,R,-275,11.6150
52210,P2,CASC,-11.85,-17.51,-113,R,-282,11.6716
52220,P2,CASC,-11.70,-15.00,-115,R,-288,11.7046
52230,P2,CASC,-11.55,-17.50,-113,R,-295,11.7641
52240,P2,CASC,-11.40,-17.50,-112,R,-302,11.8251
52250,P2,CASC,-11.25,-17.50,-112,R,-309,11.8876
52260,P2,CASC,-11.10,-15.00,-114,R,-315,11.9266
52270,P2,CASC,-10.95,-17.50,-112,R,-322,11.9921
52280,P2,CASC,-10.80,-15.00,-113,R,-328,12.0340
52290,P2,CASC,-10.65,-17.51,-111,R,-335,12.1026
52300,P2,CASC,-10.50,-15.00,-113,R,-341,12.1476
52310,P2,CASC,-10.35,-15.00,-113,R,-347,12.1941
52320,P2,CASC,-10.20,-15.00,-112,R,-353,12.2421
52330,P2,CASC,-10.05,-15.00,-112,R,-359,12.2916
52340,P2,CASC,-9.90,-15.00,-112,R,-365,12.3426
52350,P2,CASC,-9.75,-15.00,-112,R,-371,12.3951
52360,P2,CASC,-9.60,-15.00,-111,R,-377,12.4491
52370,P2,CASC,-9.45,-12.51,-113,R,-382,12.4796
52380,P2,CASC,-9.30,-15.00,-111,R,-388,12.5366
52390,P2,CASC,-9.15,-15.00,-111,R,-394,12.5951
52400,P2,CASC,-9.00,-12.50,-112,R,-399,12.6301
52410,P2,CASC,-8.85,-12.50,-112,R,-404,12.6665
52420,P2,CASC,-8.70,-12.50,-112,R,-409,12.7045
52430,P2,CASC,-8.55,-12.50,-112,R,-414,12.7441
52440,P2,CASC,-8.40,-12.50,-112,R,-419,12.7851
52450,P2,CASC,-8.25,-12.50,-111,R,-424,12.8276
52460,P2,CASC,-8.10,-15.00,-109,R,-430,12.8966
52470,P2,CASC,-7.95,-12.50,-111,R,-435,12.9421
52480,P2,CASC,-7.80,-10.00,-112,R,-439,12.9641
52490,P2,CASC,-7.65,-12.50,-111,R,-444,13.0126
52500,P2,CASC,-7.50,-12.50,-110,R,-449,13.0626
52510,P2,CASC,-7.35,-12.50,-110,R,-454,13.1140
52520,P2,CASC,-7.20,-10.00,-112,R,-458,13.1421
52530,P2,CASC,-7.05,-10.00,-111,R,-462,13.1716
52540,P2,CASC,-6.90,-12.50,-110,R,-467,13.2275
52550,P2,CASC,-6.75,-10.00,-111,R,-471,13.2601
52560,P2,CASC,-6.60,-10.00,-111,R,-475,13.2941
52570,P2,CASC,-6.45,-10.00,-111,R,-479,13.3296
52580,P2,CASC,-6.30,-10.00,-110,R,-483,13.3666
52590,P2,CASC,-6.15,-10.00,-110,R,-487,13.4051
52600,P2,CASC,-6.00,-10.00,-110,R,-491,13.4451
52610,P2,CASC,-5.85,-10.00,-110,R,-495,13.4866
52620,P2,CASC,-5.70,-10.00,-110,R,-499,13.5295
52630,P2,CASC,-5.55,-10.00,-110,R,-503,13.5741
52640,P2,CASC,-5.40,-10.00,-109,R,-507,13.6201
52650,P2,CASC,-5.25,-10.00,-109,R,-511,13.6676
52660,P2,CASC,-5.10,-7.50,-111,R,-514,13.6916
52670,P2,CASC,-4.95,-7.50,-110,R,-517,13.7171
52680,P2,CASC,-4.80,-10.00,-109,R,-521,13.7691
52690,P2,CASC,-4.65,-7.50,-110,R,-524,13.7976
52700,P2,CASC,-4.50,-10.00,-108,R,-528,13.8525
52710,P2,CASC,-4.35,-7.50,-110,R,-531,13.8841
52720,P2,CASC,-4.20,-7.50,-109,R,-534,13.9171
52730,P2,CASC,-4.05,-5.00,-111,R,-536,13.9266
52740,P2,CASC,-3.90,-7.50,-109,R,-539,13.9626
52750,P2,CASC,-3.75,-7.50,-109,R,-542,14.0001
52760,P2,CASC,-3.60,-10.00,-107,R,-546,14.0641
52770,P2,CASC,-3.45,-5.00,-110,R,-548,14.0796
52780,P2,CASC,-3.30,-7.50,-108,R,-551,14.1216
52790,P2,CASC,-3.15,-5.00,-110,R,-553,14.1401
52800,P2,CASC,-3.00,-5.00,-110,R,-555,14.1601
52810,P2,CASC,-2.85,-5.00,-110,R,-557,14.1816
52820,P2,CASC,-2.70,-5.00,-109,R,-559,14.2046
52830,P2,CASC,-2.55,-7.50,-108,R,-562,14.2541
52840,P2,CASC,-2.40,-7.50,-107,R,-565,14.3051
52850,P2,CASC,-2.25,-5.00,-109,R,-567,14.3326
52860,P2,CASC,-2.10,-7.50,-107,R,-570,14.3866
52870,P2,CASC,-1.95,-2.50,-110,R,-571,14.3921
52880,P2,CASC,-1.80,-5.00,-108,R,-573,14.4241
52890,P2,CASC,-1.65,-2.50,-110,R,-574,14.4326
52900,P2,CASC,-1.50,-2.50,-110,R,-575,14.4426
52910,P2,CASC,-1.35,0.00,-105,R,-575,14.4291
52920,P2,CASC,-1.20,-5.00,-108,R,-577,14.4671
52930,P2,CASC,-1.05,-2.50,-109,R,-578,14.4816
52940,P2,CASC,-0.90,0.00,-105,R,-578,14.4726
52950,P2,CASC,-0.75,-5.00,-107,R,-580,14.5151
52960,P2,CASC,-0.60,-7.50,-106,R,-583,14.5841
52970,P2,CASC,-0.45,-5.00,-107,R,-585,14.6296
52980,P2,CASC,-0.30,-2.50,-109,R,-586,14.6516
52990,P2,CASC,-0.15,-2.50,-108,R,-587,14.6751
53000,P2,CASC,0.00,-5.00,-78,R,-589,14.7251
