t_ms,profile,controller,ref_rpm,meas_rpm,pwm_cmd,dir,enc_count,integrator
0,P2,BASE,0.00,0.00,0,N,0,0.0000
10,P2,BASE,0.15,0.00,0,N,0,0.0015
20,P2,BASE,0.30,0.00,0,N,0,0.0045
30,P2,BASE,0.45,0.00,0,N,0,0.0090
40,P2,BASE,0.60,0.00,0,N,0,0.0150
50,P2,BASE,0.75,0.00,0,N,0,0.0225
60,P2,BASE,0.90,0.00,1,F,0,0.0315
70,P2,BASE,1.05,0.00,1,F,0,0.0420
80,P2,BASE,1.20,0.00,1,F,0,0.0540
90,P2,BASE,1.35,0.00,1,F,0,0.0675
100,P2,BASE,1.50,0.00,2,F,0,0.0825
110,P2,BASE,1.65,0.00,2,F,0,0.0990
120,P2,BASE,1.80,0.00,2,F,0,0.1170
130,P2,BASE,1.95,0.00,2,F,0,0.1365
140,P2,BASE,2.10,0.00,3,F,0,0.1575
150,P2,BASE,2.25,0.00,3,F,0,0.1800
160,P2,BASE,2.40,0.00,3,F,0,0.2040
170,P2,BASE,2.55,0.00,4,F,0,0.2295
180,P2,BASE,2.70,0.00,4,F,0,0.2565
190,P2,BASE,2.85,0.00,4,F,0,0.2850
200,P2,BASE,3.00,0.00,5,F,0,0.3150
210,P2,BASE,3.15,0.00,5,F,0,0.3465
220,P2,BASE,3.30,0.00,5,F,0,0.3795
230,P2,BASE,3.45,0.00,6,F,0,0.4140
240,P2,BASE,3.60,0.00,6,F,0,0.4500
250,P2,BASE,3.75,0.00,7,F,0,0.4875
260,P2,BASE,3.90,0.00,7,F,0,0.5265
270,P2,BASE,4.05,0.00,7,F,0,0.5670
280,P2,BASE,4.20,0.00,8,F,0,0.6090
290,P2,BASE,4.35,0.00,8,F,0,0.6525
300,P2,BASE,4.50,0.00,9,F,0,0.6975
310,P2,BASE,4.65,0.00,9,F,0,0.7440
320,P2,BASE,4.80,0.00,10,F,0,0.7920
330,P2,BASE,4.95,0.00,10,F,0,0.8415
340,P2,BASE,5.10,0.00,11,F,0,0.8925
350,P2,BASE,5.25,0.00,11,F,0,0.9450
360,P2,BASE,5.40,0.00,12,F,0,0.9990
370,P2,BASE,5.55,0.00,12,F,0,1.0545
380,P2,BASE,5.70,0.00,13,F,0,1.1115
390,P2,BASE,5.85,0.00,13,F,0,1.1700
400,P2,BASE,6.00,0.00,14,F,0,1.2300
410,P2,BASE,6.15,0.00,14,F,0,1.2915
420,P2,BASE,6.30,0.00,15,F,0,1.3545
430,P2,BASE,6.45,0.00,15,F,0,1.4190
440,P2,BASE,6.60,0.00,16,F,0,1.4850
450,P2,BASE,6.75,0.00,17,F,0,1.5525
460,P2,BASE,6.90,0.00,17,F,0,1.6215
470,P2,BASE,7.05,0.00,18,F,0,1.6920
480,P2,BASE,7.20,0.00,18,F,0,1.7640
490,P2,BASE,7.35,0.00,19,F,0,1.8375
500,P2,BASE,7.50,0.00,20,F,0,1.9125
510,P2,BASE,7.65,0.00,20,F,0,1.9890
520,P2,BASE,7.80,0.00,21,F,0,2.0670
530,P2,BASE,7.95,0.00,22,F,0,2.1465
540,P2,BASE,8.10,0.00,22,F,0,2.2275
550,P2,BASE,8.25,0.00,23,F,0,2.3100
560,P2,BASE,8.40,0.00,24,F,0,2.3940
570,P2,BASE,8.55,0.00,24,F,0,2.4795
580,P2,BASE,8.70,0.00,25,F,0,2.5665
590,P2,BASE,8.85,0.00,26,F,0,2.6550
600,P2,BASE,9.00,0.00,27,F,0,2.7450
610,P2,BASE,9.15,0.00,27,F,0,2.8365
620,P2,BASE,9.30,0.00,28,F,0,2.9295
630,P2,BASE,9.45,0.00,29,F,0,3.0240
640,P2,BASE,9.60,0.00,30,F,0,3.1200
650,P2,BASE,9.75,0.00,31,F,0,3.2175
660,P2,BASE,9.90,0.00,31,F,0,3.3165
670,P2,BASE,10.05,0.00,32,F,0,3.4170
680,P2,BASE,10.20,0.00,33,F,0,3.5190
690,P2,BASE,10.35,0.00,34,F,0,3.6225
700,P2,BASE,10.50,0.00,35,F,0,3.7275
710,P2,BASE,10.65,0.00,36,F,0,3.8340
720,P2,BASE,10.80,0.00,36,F,0,3.9420
730,P2,BASE,10.95,0.00,37,F,0,4.0515
740,P2,BASE,11.10,0.00,38,F,0,4.1625
750,P2,BASE,11.25,0.00,39,F,0,4.2750
760,P2,BASE,11.40,0.00,40,F,0,4.3890
770,P2,BASE,11.55,0.00,41,F,0,4.5045
780,P2,BASE,11.70,0.00,42,F,0,4.6215
790,P2,BASE,11.85,0.00,43,F,0,4.7400
800,P2,BASE,12.00,0.00,44,F,0,4.8600
810,P2,BASE,12.15,0.00,45,F,0,4.9815
820,P2,BASE,12.30,0.00,46,F,0,5.1045
830,P2,BASE,12.45,0.00,47,F,0,5.2290
840,P2,BASE,12.60,0.00,47,F,0,5.3550
850,P2,BASE,12.75,0.00,48,F,0,5.4825
860,P2,BASE,12.90,0.00,49,F,0,5.6115
870,P2,BASE,13.05,0.00,50,F,0,5.7420
880,P2,BASE,13.20,0.00,52,F,0,5.8740
890,P2,BASE,13.35,0.00,53,F,0,6.0075
900,P2,BASE,13.50,0.00,54,F,0,6.1425
910,P2,BASE,13.65,0.00,55,F,0,6.2790
920,P2,BASE,13.80,0.00,56,F,0,6.4170
930,P2,BASE,13.95,0.00,57,F,0,6.5565
940,P2,BASE,14.10,0.00,58,F,0,6.6975
950,P2,BASE,14.25,0.00,59,F,0,6.8400
960,P2,BASE,14.40,0.00,60,F,0,6.9840
970,P2,BASE,14.55,0.00,61,F,0,7.1295
980,P2,BASE,14.70,0.00,62,F,0,7.2765
990,P2,BASE,14.85,0.00,63,F,0,7.4250
1000,P2,BASE,15.00,0.00,65,F,0,7.5750
1010,P2,BASE,15.15,0.00,66,F,0,7.7265
1020,P2,BASE,15.30,0.00,67,F,0,7.8795
1030,P2,BASE,15.45,0.00,68,F,0,8.0340
1040,P2,BASE,15.60,0.00,69,F,0,8.1900
1050,P2,BASE,15.75,0.00,70,F,0,8.3475
1060,P2,BASE,15.90,0.00,72,F,0,8.5065
1070,P2,BASE,16.05,0.00,73,F,0,8.6670
1080,P2,BASE,16.20,0.00,74,F,0,8.8290
1090,P2,BASE,16.35,0.00,75,F,0,8.9925
1100,P2,BASE,16.50,0.00,76,F,0,9.1575
1110,P2,BASE,16.65,0.00,78,F,0,9.3240
1120,P2,BASE,16.80,0.00,79,F,0,9.4920
1130,P2,BASE,16.95,0.00,80,F,0,9.6615
1140,P2,BASE,17.10,0.00,81,F,0,9.8325
1150,P2,BASE,17.25,0.00,83,F,0,10.0050
1160,P2,BASE,17.40,0.00,84,F,0,10.1790
1170,P2,BASE,17.55,0.00,85,F,0,10.3545
1180,P2,BASE,17.70,0.00,87,F,0,10.5315
1190,P2,BASE,17.85,0.00,88,F,0,10.7100
1200,P2,BASE,18.00,0.00,89,F,0,10.8900
1210,P2,BASE,18.15,0.00,91,F,0,11.0715
1220,P2,BASE,18.30,0.00,92,F,0,11.2545
1230,P2,BASE,18.45,0.00,93,F,0,11.4390
1240,P2,BASE,18.60,0.00,95,F,0,11.6250
1250,P2,BASE,18.75,0.00,96,F,0,11.8125
1260,P2,BASE,18.90,0.00,98,F,0,12.0015
1270,P2,BASE,19.05,0.00,99,F,0,12.1920
1280,P2,BASE,19.20,0.00,100,F,0,12.3840
1290,P2,BASE,19.35,0.00,102,F,0,12.5775
1300,P2,BASE,19.50,0.00,103,F,0,12.7725
1310,P2,BASE,19.65,0.00,105,F,0,12.9690
1320,P2,BASE,19.80,0.00,106,F,0,13.1670
1330,P2,BASE,19.95,0.00,108,F,0,13.3665
1340,P2,BASE,20.10,0.00,109,F,0,13.5675
1350,P2,BASE,20.25,0.00,111,F,0,13.7700
1360,P2,BASE,20.40,0.00,112,F,0,13.9740
1370,P2,BASE,20.55,0.00,114,F,0,14.1795
1380,P2,BASE,20.70,0.00,115,F,0,14.3865
1390,P2,BASE,20.85,0.00,117,F,0,14.5950
1400,P2,BASE,21.00,0.00,118,F,0,14.8050
1410,P2,BASE,21.15,0.00,120,F,0,15.0165
1420,P2,BASE,21.30,0.00,121,F,0,15.2295
1430,P2,BASE,21.45,0.00,123,F,0,15.4440
1440,P2,BASE,21.60,0.00,124,F,0,15.6600
1450,P2,BASE,21.75,0.00,126,F,0,15.8775
1460,P2,BASE,21.90,0.00,128,F,0,16.0965
1470,P2,BASE,22.05,0.00,129,F,0,16.3170
1480,P2,BASE,22.20,0.00,131,F,0,16.5390
1490,P2,BASE,22.35,7.50,124,F,3,16.6875
1500,P2,BASE,22.50,10.00,123,F,7,16.8125
1510,P2,BASE,22.65,10.00,124,F,11,16.9390
1520,P2,BASE,22.80,12.50,122,F,16,17.0420
1530,P2,BASE,22.95,12.50,123,F,21,17.1465
1540,P2,BASE,23.10,15.00,121,F,27,17.2275
1550,P2,BASE,23.25,15.00,122,F,33,17.3100
1560,P2,BASE,23.40,15.00,122,F,39,17.3940
1570,P2,BASE,23.55,17.49,120,F,46,17.4545
1580,P2,BASE,23.70,17.51,121,F,53,17.5165
1590,P2,BASE,23.85,17.49,121,F,60,17.5800
1600,P2,BASE,24.00,20.00,119,F,68,17.6201
1610,P2,BASE,24.15,17.51,122,F,75,17.6865
1620,P2,BASE,24.30,20.00,120,F,83,17.7295
1630,P2,BASE,24.45,17.50,123,F,90,17.7990
1640,P2,BASE,24.60,22.49,119,F,99,17.8200
1650,P2,BASE,24.75,20.00,122,F,107,17.8675
1660,P2,BASE,24.90,20.00,122,F,115,17.9165
1670,P2,BASE,25.05,22.50,120,F,124,17.9421
1680,P2,BASE,25.20,22.50,120,F,133,17.9690
1690,P2,BASE,25.35,22.50,121,F,142,17.9976
1700,P2,BASE,25.50,22.50,121,F,151,18.0275
1710,P2,BASE,25.65,25.00,119,F,161,18.0340
1720,P2,BASE,25.80,22.49,122,F,170,18.0671
1730,P2,BASE,25.95,25.01,119,F,180,18.0765
1740,P2,BASE,26.10,24.99,119,F,190,18.0876
1750,P2,BASE,26.25,25.00,120,F,200,18.1000
1760,P2,BASE,26.40,25.00,120,F,210,18.1140
1770,P2,BASE,26.55,25.00,120,F,220,18.1295
1780,P2,BASE,26.70,25.00,120,F,230,18.1465
1790,P2,BASE,26.85,27.51,118,F,241,18.1400
1800,P2,BASE,27.00,27.49,118,F,252,18.1351
1810,P2,BASE,27.15,27.50,118,F,263,18.1316
1820,P2,BASE,27.30,27.51,118,F,274,18.1295
1830,P2,BASE,27.45,27.49,119,F,285,18.1291
1840,P2,BASE,27.60,27.50,119,F,296,18.1301
1850,P2,BASE,27.75,27.50,119,F,307,18.1325
1860,P2,BASE,27.90,25.01,122,F,317,18.1615
1870,P2,BASE,28.05,27.50,119,F,328,18.1670
1880,P2,BASE,28.20,27.49,120,F,339,18.1740
1890,P2,BASE,28.35,27.50,120,F,350,18.1825
1900,P2,BASE,28.50,29.99,117,F,362,18.1676
1910,P2,BASE,28.65,27.51,120,F,373,18.1790
1920,P2,BASE,28.80,27.50,120,F,384,18.1920
1930,P2,BASE,28.95,27.50,121,F,395,18.2065
1940,P2,BASE,29.10,27.49,121,F,406,18.2226
1950,P2,BASE,29.25,27.51,121,F,417,18.2400
1960,P2,BASE,29.40,30.00,119,F,429,18.2340
1970,P2,BASE,29.55,27.49,121,F,440,18.2546
1980,P2,BASE,29.70,27.51,122,F,451,18.2765
1990,P2,BASE,29.85,30.00,119,F,463,18.2750
2000,P2,BASE,30.00,30.00,120,F,475,18.2750
2010,P2,BASE,30.15,27.50,122,F,486,18.3015
2020,P2,BASE,30.30,27.49,123,F,497,18.3296
2030,P2,BASE,30.45,30.01,120,F,509,18.3340
2040,P2,BASE,30.60,27.50,123,F,520,18.3650
2050,P2,BASE,30.75,30.00,121,F,532,18.3725
2060,P2,BASE,30.90,29.99,121,F,544,18.3816
2070,P2,BASE,31.05,27.51,124,F,555,18.4170
2080,P2,BASE,31.20,30.00,122,F,567,18.4290
2090,P2,BASE,31.35,30.00,122,F,579,18.4425
2100,P2,BASE,31.50,27.50,125,F,590,18.4825
2110,P2,BASE,31.65,29.99,123,F,602,18.4990
2120,P2,BASE,31.80,27.50,126,F,613,18.5420
2130,P2,BASE,31.95,27.50,126,F,624,18.5865
2140,P2,BASE,32.10,29.99,124,F,636,18.6076
2150,P2,BASE,32.25,30.00,124,F,648,18.6300
2160,P2,BASE,32.40,30.01,124,F,660,18.6540
2170,P2,BASE,32.55,27.49,127,F,671,18.7046
2180,P2,BASE,32.70,27.50,128,F,682,18.7566
2190,P2,BASE,32.85,30.00,126,F,694,18.7851
2200,P2,BASE,33.00,30.00,126,F,706,18.8150
2210,P2,BASE,33.15,27.50,129,F,717,18.8716
2220,P2,BASE,33.30,30.01,127,F,729,18.9045
2230,P2,BASE,33.45,29.99,127,F,741,18.9390
2240,P2,BASE,33.60,30.01,128,F,753,18.9750
2250,P2,BASE,33.75,29.99,128,F,765,19.0126
2260,P2,BASE,33.90,30.00,129,F,777,19.0516
2270,P2,BASE,34.05,30.01,129,F,789,19.0920
2280,P2,BASE,34.20,29.99,129,F,801,19.1341
2290,P2,BASE,34.35,30.01,130,F,813,19.1775
2300,P2,BASE,34.50,32.50,128,F,826,19.1975
2310,P2,BASE,34.65,32.49,128,F,839,19.2191
2320,P2,BASE,34.80,30.00,131,F,851,19.2671
2330,P2,BASE,34.95,32.50,129,F,864,19.2916
2340,P2,BASE,35.10,32.51,129,F,877,19.3175
2350,P2,BASE,35.25,32.49,129,F,890,19.3451
2360,P2,BASE,35.40,32.50,130,F,903,19.3741
2370,P2,BASE,35.55,30.01,133,F,915,19.4295
2380,P2,BASE,35.70,32.49,131,F,928,19.4616
2390,P2,BASE,35.85,35.00,128,F,942,19.4701
2400,P2,BASE,36.00,32.51,131,F,955,19.5050
2410,P2,BASE,36.15,35.00,129,F,969,19.5165
2420,P2,BASE,36.30,32.50,132,F,982,19.5545
2430,P2,BASE,36.45,35.00,129,F,996,19.5690
2440,P2,BASE,36.60,32.50,132,F,1009,19.6100
2450,P2,BASE,36.75,34.99,130,F,1023,19.6276
2460,P2,BASE,36.90,35.00,130,F,1037,19.6465
2470,P2,BASE,37.05,35.00,131,F,1051,19.6671
2480,P2,BASE,37.20,37.51,128,F,1066,19.6640
2490,P2,BASE,37.35,34.99,131,F,1080,19.6875
2500,P2,BASE,37.50,37.50,129,F,1095,19.6876
2510,P2,BASE,37.65,37.48,129,F,1110,19.6893
2520,P2,BASE,37.80,37.52,129,F,1125,19.6920
2530,P2,BASE,37.95,37.50,129,F,1140,19.6965
2540,P2,BASE,38.10,40.00,127,F,1156,19.6775
2550,P2,BASE,38.25,37.50,130,F,1171,19.6850
2560,P2,BASE,38.40,40.00,127,F,1187,19.6690
2570,P2,BASE,38.55,39.99,127,F,1203,19.6546
2580,P2,BASE,38.70,37.51,130,F,1218,19.6665
2590,P2,BASE,38.85,40.00,127,F,1234,19.6550
2600,P2,BASE,39.00,49.99,117,F,1254,19.5451
2610,P2,BASE,39.15,52.50,113,F,1275,19.4116
2620,P2,BASE,39.30,40.02,126,F,1291,19.4045
2630,P2,BASE,39.45,37.50,129,F,1306,19.4240
2640,P2,BASE,39.60,40.00,127,F,1322,19.4200
2650,P2,BASE,39.75,39.99,127,F,1338,19.4176
2660,P2,BASE,39.90,37.50,130,F,1353,19.4416
2670,P2,BASE,40.05,32.51,135,F,1366,19.5170
2680,P2,BASE,40.20,37.50,131,F,1381,19.5440
2690,P2,BASE,40.35,40.00,128,F,1397,19.5476
2700,P2,BASE,40.50,42.49,126,F,1414,19.5276
2710,P2,BASE,40.65,42.51,126,F,1431,19.5091
2720,P2,BASE,40.80,45.00,123,F,1449,19.4671
2730,P2,BASE,40.95,42.50,126,F,1466,19.4516
2740,P2,BASE,41.10,42.50,126,F,1483,19.4376
2750,P2,BASE,41.25,45.00,123,F,1501,19.4001
2760,P2,BASE,41.40,42.50,126,F,1518,19.3891
2770,P2,BASE,41.55,39.99,129,F,1534,19.4047
2780,P2,BASE,41.70,45.01,123,F,1552,19.3716
2790,P2,BASE,41.85,42.50,126,F,1569,19.3651
2800,P2,BASE,42.00,42.50,126,F,1586,19.3600
2810,P2,BASE,42.15,39.99,129,F,1602,19.3816
2820,P2,BASE,42.30,42.50,127,F,1619,19.3796
2830,P2,BASE,42.45,42.50,127,F,1636,19.3791
2840,P2,BASE,42.60,42.51,127,F,1653,19.3800
2850,P2,BASE,42.75,42.49,127,F,1670,19.3826
2860,P2,BASE,42.90,42.50,127,F,1687,19.3866
2870,P2,BASE,43.05,42.50,127,F,1704,19.3921
2880,P2,BASE,43.20,40.00,130,F,1720,19.4241
2890,P2,BASE,43.35,42.50,128,F,1737,19.4326
2900,P2,BASE,43.50,42.50,128,F,1754,19.4426
2910,P2,BASE,43.65,42.50,128,F,1771,19.4540
2920,P2,BASE,43.80,40.00,131,F,1787,19.4921
2930,P2,BASE,43.95,42.50,129,F,1804,19.5066
2940,P2,BASE,44.10,40.01,132,F,1820,19.5475
2950,P2,BASE,44.25,39.99,132,F,1836,19.5901
2960,P2,BASE,44.40,42.50,130,F,1853,19.6091
2970,P2,BASE,44.55,42.50,131,F,1870,19.6296
2980,P2,BASE,44.70,40.00,134,F,1886,19.6766
2990,P2,BASE,44.85,40.00,134,F,1902,19.7251
3000,P2,BASE,45.00,40.01,134,F,1918,19.7750
3010,P2,BASE,45.15,42.50,132,F,1935,19.8015
3020,P2,BASE,45.30,42.50,133,F,1952,19.8296
3030,P2,BASE,45.45,40.00,136,F,1968,19.8841
3040,P2,BASE,45.60,42.50,133,F,1985,19.9151
3050,P2,BASE,45.75,42.50,134,F,2002,19.9475
3060,P2,BASE,45.90,39.99,137,F,2018,20.0066
3070,P2,BASE,46.05,42.51,135,F,2035,20.0420
3080,P2,BASE,46.20,42.50,135,F,2052,20.0791
3090,P2,BASE,46.35,40.00,138,F,2068,20.1425
3100,P2,BASE,46.50,42.50,136,F,2085,20.1825
3110,P2,BASE,46.65,42.50,137,F,2102,20.2240
3120,P2,BASE,46.80,42.50,137,F,2119,20.2670
3130,P2,BASE,46.95,40.00,140,F,2135,20.3365
3140,P2,BASE,47.10,42.50,138,F,2152,20.3825
3150,P2,BASE,47.25,44.99,136,F,2170,20.4051
3160,P2,BASE,47.40,42.50,139,F,2187,20.4541
3170,P2,BASE,47.55,42.50,139,F,2204,20.5046
3180,P2,BASE,47.70,42.51,140,F,2221,20.5565
3190,P2,BASE,47.85,42.50,140,F,2238,20.6100
3200,P2,BASE,48.00,42.50,141,F,2255,20.6650
3210,P2,BASE,48.15,44.99,139,F,2273,20.6966
3220,P2,BASE,48.30,45.01,139,F,2291,20.7295
3230,P2,BASE,48.45,42.48,142,F,2308,20.7892
3240,P2,BASE,48.60,45.00,140,F,2326,20.8251
3250,P2,BASE,48.75,45.00,140,F,2344,20.8627
3260,P2,BASE,48.90,47.51,138,F,2363,20.8765
3270,P2,BASE,49.05,44.99,141,F,2381,20.9171
3280,P2,BASE,49.20,47.50,139,F,2400,20.9342
3290,P2,BASE,49.35,45.01,142,F,2418,20.9776
3300,P2,BASE,49.50,45.00,142,F,2436,21.0226
3310,P2,BASE,49.65,47.50,140,F,2455,21.0442
3320,P2,BASE,49.80,50.00,137,F,2475,21.0422
3330,P2,BASE,49.95,45.00,143,F,2493,21.0916
3340,P2,BASE,50.10,47.50,141,F,2512,21.1176
3350,P2,BASE,50.25,49.99,138,F,2532,21.1202
3360,P2,BASE,50.40,47.51,141,F,2551,21.1490
3370,P2,BASE,50.55,49.99,139,F,2571,21.1547
3380,P2,BASE,50.70,50.01,139,F,2591,21.1616
3390,P2,BASE,50.85,47.51,142,F,2610,21.1950
3400,P2,BASE,51.00,52.50,137,F,2631,21.1800
3410,P2,BASE,51.15,52.46,137,F,2652,21.1670
3420,P2,BASE,51.30,50.04,140,F,2672,21.1796
3430,P2,BASE,51.45,49.99,140,F,2692,21.1941
3440,P2,BASE,51.60,52.50,138,F,2713,21.1851
3450,P2,BASE,51.75,47.50,143,F,2732,21.2276
3460,P2,BASE,51.90,52.51,138,F,2753,21.2215
3470,P2,BASE,52.05,52.50,138,F,2774,21.2170
3480,P2,BASE,52.20,47.49,144,F,2793,21.2641
3490,P2,BASE,52.35,50.00,142,F,2813,21.2876
3500,P2,BASE,52.50,50.00,142,F,2833,21.3126
3510,P2,BASE,52.65,50.01,142,F,2853,21.3391
3520,P2,BASE,52.80,50.00,143,F,2873,21.3671
3530,P2,BASE,52.95,50.01,143,F,2893,21.3965
3540,P2,BASE,53.10,49.99,143,F,2913,21.4276
3550,P2,BASE,53.25,50.01,144,F,2933,21.4600
3560,P2,BASE,53.40,52.48,141,F,2954,21.4692
3570,P2,BASE,53.55,50.01,144,F,2974,21.5046
3580,P2,BASE,53.70,52.51,142,F,2995,21.5165
3590,P2,BASE,53.85,49.99,145,F,3015,21.5552
3600,P2,BASE,54.00,52.51,143,F,3036,21.5701
3610,P2,BASE,54.15,52.49,143,F,3057,21.5866
3620,P2,BASE,54.30,50.02,146,F,3077,21.6295
3630,P2,BASE,54.45,52.49,144,F,3098,21.6490
3640,P2,BASE,54.60,52.51,144,F,3119,21.6700
3650,P2,BASE,54.75,49.99,147,F,3139,21.7176
3660,P2,BASE,54.90,55.00,142,F,3161,21.7166
3670,P2,BASE,55.05,52.50,145,F,3182,21.7421
3680,P2,BASE,55.20,52.51,145,F,3203,21.7690
3690,P2,BASE,55.35,52.50,146,F,3224,21.7975
3700,P2,BASE,55.50,54.99,143,F,3246,21.8026
3710,P2,BASE,55.65,52.51,146,F,3267,21.8340
3720,P2,BASE,55.80,55.01,144,F,3289,21.8420
3730,P2,BASE,55.95,52.48,147,F,3310,21.8766
3740,P2,BASE,56.10,52.50,147,F,3331,21.9126
3750,P2,BASE,56.25,55.02,145,F,3353,21.9250
3760,P2,BASE,56.40,52.48,148,F,3374,21.9641
3770,P2,BASE,56.55,54.99,145,F,3396,21.9797
3780,P2,BASE,56.70,52.51,148,F,3417,22.0216
3790,P2,BASE,56.85,52.51,149,F,3438,22.0650
3800,P2,BASE,57.00,55.01,147,F,3460,22.0850
3810,P2,BASE,57.15,57.49,144,F,3483,22.0816
3820,P2,BASE,57.30,52.49,150,F,3504,22.1296
3830,P2,BASE,57.45,57.52,145,F,3527,22.1290
3840,P2,BASE,57.60,57.49,145,F,3550,22.1300
3850,P2,BASE,57.75,55.01,148,F,3572,22.1575
3860,P2,BASE,57.90,57.49,145,F,3595,22.1616
3870,P2,BASE,58.05,57.50,146,F,3618,22.1671
3880,P2,BASE,58.20,65.01,138,F,3644,22.0990
3890,P2,BASE,58.35,72.50,129,F,3673,21.9575
3900,P2,BASE,58.50,57.48,145,F,3696,21.9677
3910,P2,BASE,58.65,55.01,148,F,3718,22.0041
3920,P2,BASE,58.80,55.02,148,F,3740,22.0420
3930,P2,BASE,58.95,52.48,151,F,3761,22.1066
3940,P2,BASE,59.10,50.00,155,F,3781,22.1976
3950,P2,BASE,59.25,60.02,144,F,3805,22.1899
3960,P2,BASE,59.40,59.98,145,F,3829,22.1841
3970,P2,BASE,59.55,62.51,142,F,3854,22.1546
3980,P2,BASE,59.70,62.49,142,F,3879,22.1266
3990,P2,BASE,59.85,62.52,142,F,3904,22.0999
4000,P2,BASE,60.00,60.00,145,F,3928,22.0999
4010,P2,BASE,60.15,59.99,145,F,3952,22.1016
4020,P2,BASE,60.30,62.50,142,F,3977,22.0796
4030,P2,BASE,60.45,60.01,145,F,4001,22.0840
4040,P2,BASE,60.60,62.49,142,F,4026,22.0651
4050,P2,BASE,60.75,60.01,145,F,4050,22.0725
4060,P2,BASE,60.90,60.00,145,F,4074,22.0815
4070,P2,BASE,61.05,62.51,143,F,4099,22.0669
4080,P2,BASE,61.20,59.99,146,F,4123,22.0790
4090,P2,BASE,61.35,60.01,146,F,4147,22.0924
4100,P2,BASE,61.50,59.98,146,F,4171,22.1076
4110,P2,BASE,61.65,60.02,146,F,4195,22.1239
4120,P2,BASE,61.80,59.99,147,F,4219,22.1421
4130,P2,BASE,61.95,60.00,147,F,4243,22.1616
4140,P2,BASE,62.10,59.99,147,F,4267,22.1826
4150,P2,BASE,62.25,60.01,148,F,4291,22.2051
4160,P2,BASE,62.40,60.01,148,F,4315,22.2289
4170,P2,BASE,62.55,59.99,148,F,4339,22.2546
4180,P2,BASE,62.70,60.00,149,F,4363,22.2816
4190,P2,BASE,62.85,60.00,149,F,4387,22.3101
4200,P2,BASE,63.00,60.01,149,F,4411,22.3399
4210,P2,BASE,63.15,60.00,150,F,4435,22.3714
4220,P2,BASE,63.30,62.48,147,F,4460,22.3796
4230,P2,BASE,63.45,60.02,150,F,4484,22.4139
4240,P2,BASE,63.60,59.99,151,F,4508,22.4501
4250,P2,BASE,63.75,57.51,154,F,4531,22.5125
4260,P2,BASE,63.90,59.99,152,F,4555,22.5515
4270,P2,BASE,64.05,62.50,149,F,4580,22.5670
4280,P2,BASE,64.20,57.49,155,F,4603,22.6341
4290,P2,BASE,64.35,60.01,153,F,4627,22.6776
4300,P2,BASE,64.50,57.51,156,F,4650,22.7475
4310,P2,BASE,64.65,60.01,154,F,4674,22.7940
4320,P2,BASE,64.80,62.49,152,F,4699,22.8171
4330,P2,BASE,64.95,57.51,157,F,4722,22.8915
4340,P2,BASE,65.10,62.49,153,F,4747,22.9176
4350,P2,BASE,65.25,60.00,156,F,4771,22.9701
4360,P2,BASE,65.40,62.49,154,F,4796,22.9992
4370,P2,BASE,65.55,60.01,157,F,4820,23.0546
4380,P2,BASE,65.70,62.49,154,F,4845,23.0866
4390,P2,BASE,65.85,62.51,155,F,4870,23.1200
4400,P2,BASE,66.00,62.51,155,F,4895,23.1550
4410,P2,BASE,66.15,62.50,156,F,4920,23.1915
4420,P2,BASE,66.30,62.49,156,F,4945,23.2296
4430,P2,BASE,66.45,62.49,156,F,4970,23.2692
4440,P2,BASE,66.60,65.01,154,F,4996,23.2851
4450,P2,BASE,66.75,62.52,157,F,5021,23.3275
4460,P2,BASE,66.90,67.49,152,F,5048,23.3215
4470,P2,BASE,67.05,64.98,155,F,5074,23.3422
4480,P2,BASE,67.20,67.53,152,F,5101,23.3390
4490,P2,BASE,67.35,62.50,158,F,5126,23.3875
4500,P2,BASE,67.50,67.49,153,F,5153,23.3876
4510,P2,BASE,67.65,64.99,156,F,5179,23.4142
4520,P2,BASE,67.80,62.51,159,F,5204,23.4671
4530,P2,BASE,67.95,65.00,157,F,5230,23.4966
4540,P2,BASE,68.10,62.51,160,F,5255,23.5525
4550,P2,BASE,68.25,65.00,158,F,5281,23.5850
4560,P2,BASE,68.40,64.99,158,F,5307,23.6191
4570,P2,BASE,68.55,65.01,158,F,5333,23.6545
4580,P2,BASE,68.70,64.99,159,F,5359,23.6916
4590,P2,BASE,68.85,67.51,157,F,5386,23.7050
4600,P2,BASE,69.00,64.99,160,F,5412,23.7452
4610,P2,BASE,69.15,67.51,157,F,5439,23.7616
4620,P2,BASE,69.30,67.50,158,F,5466,23.7796
4630,P2,BASE,69.45,65.01,160,F,5492,23.8240
4640,P2,BASE,69.60,67.50,158,F,5519,23.8450
4650,P2,BASE,69.75,67.49,159,F,5546,23.8676
4660,P2,BASE,69.90,70.01,156,F,5574,23.8665
4670,P2,BASE,70.05,64.98,162,F,5600,23.9171
4680,P2,BASE,70.20,70.02,157,F,5628,23.9189
4690,P2,BASE,70.35,70.00,157,F,5656,23.9224
4700,P2,BASE,70.50,69.97,157,F,5684,23.9277
4710,P2,BASE,70.65,67.51,160,F,5711,23.9592
4720,P2,BASE,70.80,67.51,160,F,5738,23.9920
4730,P2,BASE,70.95,69.98,158,F,5766,24.0017
4740,P2,BASE,71.10,67.53,161,F,5793,24.0375
4750,P2,BASE,71.25,64.99,164,F,5819,24.1000
4760,P2,BASE,71.40,67.51,162,F,5846,24.1390
4770,P2,BASE,71.55,70.00,160,F,5874,24.1545
4780,P2,BASE,71.70,67.50,163,F,5901,24.1965
4790,P2,BASE,71.85,69.99,160,F,5929,24.2150
4800,P2,BASE,72.00,70.01,161,F,5957,24.2350
4810,P2,BASE,72.15,69.98,161,F,5985,24.2567
4820,P2,BASE,72.30,72.51,159,F,6014,24.2546
4830,P2,BASE,72.45,75.01,156,F,6044,24.2289
4840,P2,BASE,72.60,84.97,145,F,6078,24.1052
4850,P2,BASE,72.75,72.51,158,F,6107,24.1076
4860,P2,BASE,72.90,67.51,164,F,6134,24.1615
4870,P2,BASE,73.05,67.49,164,F,6161,24.2171
4880,P2,BASE,73.20,62.51,170,F,6186,24.3240
4890,P2,BASE,73.35,72.48,160,F,6215,24.3327
4900,P2,BASE,73.50,72.52,160,F,6244,24.3425
4910,P2,BASE,73.65,75.00,158,F,6274,24.3290
4920,P2,BASE,73.80,74.98,158,F,6304,24.3172
4930,P2,BASE,73.95,75.02,158,F,6334,24.3065
4940,P2,BASE,74.10,77.44,156,F,6365,24.2731
4950,P2,BASE,74.25,72.56,161,F,6394,24.2900
4960,P2,BASE,74.40,74.99,158,F,6424,24.2842
4970,P2,BASE,74.55,74.99,159,F,6454,24.2798
4980,P2,BASE,74.70,75.01,159,F,6484,24.2768
4990,P2,BASE,74.85,75.01,159,F,6514,24.2751
5000,P2,BASE,75.00,74.99,159,F,6544,24.2752
5010,P2,BASE,75.15,75.01,159,F,6574,24.2766
5020,P2,BASE,75.30,75.00,159,F,6604,24.2796
5030,P2,BASE,75.45,72.49,162,F,6633,24.3092
5040,P2,BASE,75.60,75.00,160,F,6663,24.3153
5050,P2,BASE,75.75,72.51,163,F,6692,24.3477
5060,P2,BASE,75.90,72.50,163,F,6721,24.3817
5070,P2,BASE,76.05,75.01,161,F,6751,24.3920
5080,P2,BASE,76.20,77.50,158,F,6782,24.3790
5090,P2,BASE,76.35,72.47,164,F,6811,24.4178
5100,P2,BASE,76.50,77.51,159,F,6842,24.4077
5110,P2,BASE,76.65,74.99,162,F,6872,24.4243
5120,P2,BASE,76.80,75.01,162,F,6902,24.4422
5130,P2,BASE,76.95,72.49,165,F,6931,24.4867
5140,P2,BASE,77.10,75.02,163,F,6961,24.5075
5150,P2,BASE,77.25,74.99,163,F,6991,24.5301
5160,P2,BASE,77.40,72.49,166,F,7020,24.5792
5170,P2,BASE,77.55,72.49,166,F,7049,24.6297
5180,P2,BASE,77.70,75.01,164,F,7079,24.6566
5190,P2,BASE,77.85,72.51,167,F,7108,24.7100
5200,P2,BASE,78.00,72.47,168,F,7137,24.7653
5210,P2,BASE,78.15,75.02,166,F,7167,24.7966
5220,P2,BASE,78.30,74.99,166,F,7197,24.8296
5230,P2,BASE,78.45,72.51,169,F,7226,24.8891
5240,P2,BASE,78.60,75.00,167,F,7256,24.9251
5250,P2,BASE,78.75,74.99,167,F,7286,24.9627
5260,P2,BASE,78.90,75.01,168,F,7316,25.0016
5270,P2,BASE,79.05,75.00,168,F,7346,25.0421
5280,P2,BASE,79.20,74.99,169,F,7376,25.0842
5290,P2,BASE,79.35,75.01,169,F,7406,25.1276
5300,P2,BASE,79.50,77.48,167,F,7437,25.1478
5310,P2,BASE,79.65,77.52,167,F,7468,25.1691
5320,P2,BASE,79.80,77.48,167,F,7499,25.1923
5330,P2,BASE,79.95,75.01,170,F,7529,25.2417
5340,P2,BASE,80.10,79.97,165,F,7561,25.2430
5350,P2,BASE,80.25,75.05,171,F,7591,25.2950
5360,P2,BASE,80.40,75.00,171,F,7621,25.3490
5370,P2,BASE,80.55,74.99,172,F,7651,25.4047
5380,P2,BASE,80.70,75.00,173,F,7681,25.4617
5390,P2,BASE,80.85,74.96,173,F,7711,25.5206
5400,P2,BASE,81.00,75.02,174,F,7741,25.5803
5410,P2,BASE,81.15,77.51,171,F,7772,25.6168
5420,P2,BASE,81.30,77.52,172,F,7803,25.6545
5430,P2,BASE,81.45,74.99,175,F,7833,25.7191
5440,P2,BASE,81.60,77.49,173,F,7864,25.7602
5450,P2,BASE,81.75,77.49,173,F,7895,25.8027
5460,P2,BASE,81.90,77.51,174,F,7926,25.8467
5470,P2,BASE,82.05,77.49,174,F,7957,25.8923
5480,P2,BASE,82.20,80.01,172,F,7989,25.9142
5490,P2,BASE,82.35,79.96,172,F,8021,25.9381
5500,P2,BASE,82.50,80.04,173,F,8053,25.9627
5510,P2,BASE,82.65,80.00,173,F,8085,25.9892
5520,P2,BASE,82.80,77.50,176,F,8116,26.0422
5530,P2,BASE,82.95,77.52,176,F,8147,26.0965
5540,P2,BASE,83.10,80.00,174,F,8179,26.1275
5550,P2,BASE,83.25,77.50,177,F,8210,26.1850
5560,P2,BASE,83.40,77.48,178,F,8241,26.2442
5570,P2,BASE,83.55,79.99,176,F,8273,26.2797
5580,P2,BASE,83.70,80.02,176,F,8305,26.3166
5590,P2,BASE,83.85,79.98,177,F,8337,26.3553
5600,P2,BASE,84.00,80.02,177,F,8369,26.3951
5610,P2,BASE,84.15,82.48,175,F,8402,26.4118
5620,P2,BASE,84.30,82.52,175,F,8435,26.4295
5630,P2,BASE,84.45,94.97,162,F,8473,26.3243
5640,P2,BASE,84.60,82.51,175,F,8506,26.3452
5650,P2,BASE,84.75,82.50,175,F,8539,26.3677
5660,P2,BASE,84.90,77.52,181,F,8570,26.4416
5670,P2,BASE,85.05,69.99,189,F,8598,26.5921
5680,P2,BASE,85.20,85.01,174,F,8632,26.5940
5690,P2,BASE,85.35,87.47,172,F,8667,26.5728
5700,P2,BASE,85.50,87.51,172,F,8702,26.5527
5710,P2,BASE,85.65,87.44,172,F,8737,26.5348
5720,P2,BASE,85.80,87.54,172,F,8772,26.5174
5730,P2,BASE,85.95,85.02,175,F,8806,26.5267
5740,P2,BASE,86.10,87.50,172,F,8841,26.5127
5750,P2,BASE,86.25,87.48,172,F,8876,26.5004
5760,P2,BASE,86.40,85.01,175,F,8910,26.5143
5770,P2,BASE,86.55,87.52,173,F,8945,26.5046
5780,P2,BASE,86.70,84.99,175,F,8979,26.5217
5790,P2,BASE,86.85,85.00,176,F,9013,26.5402
5800,P2,BASE,87.00,84.99,176,F,9047,26.5603
5810,P2,BASE,87.15,85.01,176,F,9081,26.5817
5820,P2,BASE,87.30,85.01,177,F,9115,26.6046
5830,P2,BASE,87.45,84.98,177,F,9149,26.6293
5840,P2,BASE,87.60,87.50,175,F,9184,26.6303
5850,P2,BASE,87.75,85.00,177,F,9218,26.6578
5860,P2,BASE,87.90,87.52,175,F,9253,26.6616
5870,P2,BASE,88.05,85.01,178,F,9287,26.6920
5880,P2,BASE,88.20,85.00,178,F,9321,26.7240
5890,P2,BASE,88.35,85.00,179,F,9355,26.7575
5900,P2,BASE,88.50,85.00,179,F,9389,26.7925
5910,P2,BASE,88.65,84.98,179,F,9423,26.8292
5920,P2,BASE,88.80,82.50,183,F,9456,26.8922
5930,P2,BASE,88.95,84.99,180,F,9490,26.9318
5940,P2,BASE,89.10,85.01,181,F,9524,26.9727
5950,P2,BASE,89.25,85.02,181,F,9558,27.0150
5960,P2,BASE,89.40,87.49,179,F,9593,27.0341
5970,P2,BASE,89.55,82.50,185,F,9626,27.1046
5980,P2,BASE,89.70,87.51,180,F,9661,27.1265
5990,P2,BASE,89.85,87.49,180,F,9696,27.1501
6000,P2,BASE,90.00,87.49,181,F,9731,27.1752
6010,P2,BASE,90.15,87.51,181,F,9766,27.2016
6020,P2,BASE,90.30,90.01,178,F,9802,27.2045
6030,P2,BASE,90.45,87.47,181,F,9837,27.2343
6040,P2,BASE,90.60,92.49,176,F,9874,27.2154
6050,P2,BASE,90.75,90.04,179,F,9910,27.2225
6060,P2,BASE,90.90,87.49,182,F,9945,27.2566
6070,P2,BASE,91.05,87.51,182,F,9980,27.2920
6080,P2,BASE,91.20,87.47,183,F,10015,27.3293
6090,P2,BASE,91.35,87.51,183,F,10050,27.3677
6100,P2,BASE,91.50,87.50,184,F,10085,27.4077
6110,P2,BASE,91.65,87.50,184,F,10120,27.4492
6120,P2,BASE,91.80,87.49,184,F,10155,27.4923
6130,P2,BASE,91.95,92.49,179,F,10192,27.4869
6140,P2,BASE,92.10,89.99,182,F,10228,27.5080
6150,P2,BASE,92.25,92.55,180,F,10265,27.5050
6160,P2,BASE,92.40,87.48,185,F,10300,27.5542
6170,P2,BASE,92.55,92.52,181,F,10337,27.5545
6180,P2,BASE,92.70,94.97,178,F,10375,27.5318
6190,P2,BASE,92.85,92.50,181,F,10412,27.5353
6200,P2,BASE,93.00,95.02,178,F,10450,27.5151
6210,P2,BASE,93.15,92.50,181,F,10487,27.5216
6220,P2,BASE,93.30,92.51,181,F,10524,27.5295
6230,P2,BASE,93.45,94.97,179,F,10562,27.5143
6240,P2,BASE,93.60,89.99,184,F,10598,27.5504
6250,P2,BASE,93.75,90.03,184,F,10634,27.5876
6260,P2,BASE,93.90,92.47,182,F,10671,27.6019
6270,P2,BASE,94.05,92.54,182,F,10708,27.6170
6280,P2,BASE,94.20,92.49,183,F,10745,27.6341
6290,P2,BASE,94.35,94.98,180,F,10783,27.6278
6300,P2,BASE,94.50,92.51,183,F,10820,27.6477
6310,P2,BASE,94.65,102.49,173,F,10861,27.5693
6320,P2,BASE,94.80,102.53,172,F,10902,27.4920
6330,P2,BASE,94.95,92.47,183,F,10939,27.5168
6340,P2,BASE,95.10,90.03,186,F,10975,27.5675
6350,P2,BASE,95.25,84.97,192,F,11009,27.6703
6360,P2,BASE,95.40,97.47,179,F,11048,27.6496
6370,P2,BASE,95.55,97.56,179,F,11087,27.6295
6380,P2,BASE,95.70,97.46,179,F,11126,27.6119
6390,P2,BASE,95.85,100.04,176,F,11166,27.5700
6400,P2,BASE,96.00,94.97,182,F,11204,27.5802
6410,P2,BASE,96.15,97.49,179,F,11243,27.5668
6420,P2,BASE,96.30,97.54,179,F,11282,27.5545
6430,P2,BASE,96.45,94.97,182,F,11320,27.5692
6440,P2,BASE,96.60,97.51,180,F,11359,27.5601
6450,P2,BASE,96.75,95.01,182,F,11397,27.5775
6460,P2,BASE,96.90,92.49,185,F,11434,27.6216
6470,P2,BASE,97.05,97.49,180,F,11473,27.6172
6480,P2,BASE,97.20,92.50,186,F,11510,27.6642
6490,P2,BASE,97.35,95.00,184,F,11548,27.6877
6500,P2,BASE,97.50,97.52,181,F,11587,27.6875
6510,P2,BASE,97.65,97.49,182,F,11626,27.6891
6520,P2,BASE,97.80,97.51,182,F,11665,27.6920
6530,P2,BASE,97.95,97.50,182,F,11704,27.6965
6540,P2,BASE,98.10,92.50,187,F,11741,27.7525
6550,P2,BASE,98.25,100.00,180,F,11781,27.7350
6560,P2,BASE,98.40,92.48,188,F,11818,27.7942
6570,P2,BASE,98.55,92.49,189,F,11855,27.8548
6580,P2,BASE,98.70,97.51,184,F,11894,27.8667
6590,P2,BASE,98.85,95.02,187,F,11932,27.9050
6600,P2,BASE,99.00,97.48,184,F,11971,27.9202
6610,P2,BASE,99.15,95.02,187,F,12009,27.9615
6620,P2,BASE,99.30,94.97,188,F,12047,28.0048
6630,P2,BASE,99.45,100.02,183,F,12087,27.9991
6640,P2,BASE,99.60,97.52,186,F,12126,28.0199
6650,P2,BASE,99.75,94.96,189,F,12164,28.0678
6660,P2,BASE,99.90,100.01,184,F,12204,28.0667
6670,P2,BASE,100.05,99.99,184,F,12244,28.0673
6680,P2,BASE,100.20,100.02,184,F,12284,28.0691
6690,P2,BASE,100.35,100.00,184,F,12324,28.0726
6700,P2,BASE,100.50,97.49,187,F,12363,28.1027
6710,P2,BASE,100.65,97.51,187,F,12402,28.1341
6720,P2,BASE,100.80,95.00,191,F,12440,28.1921
6730,P2,BASE,100.95,97.51,188,F,12479,28.2265
6740,P2,BASE,101.10,97.49,189,F,12518,28.2626
6750,P2,BASE,101.25,97.49,189,F,12557,28.3002
6760,P2,BASE,101.40,102.51,184,F,12598,28.2891
6770,P2,BASE,101.55,100.01,187,F,12638,28.3045
6780,P2,BASE,101.70,99.98,187,F,12678,28.3217
6790,P2,BASE,101.85,102.51,185,F,12719,28.3151
6800,P2,BASE,102.00,102.52,185,F,12760,28.3099
6810,P2,BASE,102.15,102.50,185,F,12801,28.3064
6820,P2,BASE,102.30,104.97,183,F,12843,28.2797
6830,P2,BASE,102.45,102.50,185,F,12884,28.2792
6840,P2,BASE,102.60,102.51,185,F,12925,28.2801
6850,P2,BASE,102.75,102.49,186,F,12966,28.2827
6860,P2,BASE,102.90,99.99,188,F,13006,28.3118
6870,P2,BASE,103.05,100.04,189,F,13046,28.3419
6880,P2,BASE,103.20,102.46,186,F,13087,28.3493
6890,P2,BASE,103.35,100.00,189,F,13127,28.3828
6900,P2,BASE,103.50,102.54,187,F,13168,28.3924
6910,P2,BASE,103.65,104.98,185,F,13210,28.3791
6920,P2,BASE,103.80,110.01,179,F,13254,28.3170
6930,P2,BASE,103.95,112.47,176,F,13299,28.2318
6940,P2,BASE,104.10,97.54,192,F,13338,28.2975
6950,P2,BASE,104.25,99.97,190,F,13378,28.3403
6960,P2,BASE,104.40,95.03,196,F,13416,28.4340
6970,P2,BASE,104.55,107.47,183,F,13459,28.4048
6980,P2,BASE,104.70,105.02,186,F,13501,28.4016
6990,P2,BASE,104.85,107.51,183,F,13544,28.3750
7000,P2,BASE,105.00,107.47,183,F,13587,28.3503
7010,P2,BASE,105.15,105.00,186,F,13629,28.3518
7020,P2,BASE,105.30,105.00,186,F,13671,28.3548
7030,P2,BASE,105.45,105.02,186,F,13713,28.3591
7040,P2,BASE,105.60,104.99,186,F,13755,28.3652
7050,P2,BASE,105.75,105.00,187,F,13797,28.3727
7060,P2,BASE,105.90,102.49,190,F,13838,28.4068
7070,P2,BASE,106.05,105.02,187,F,13880,28.4171
7080,P2,BASE,106.20,102.50,190,F,13921,28.4541
7090,P2,BASE,106.35,104.97,188,F,13963,28.4679
7100,P2,BASE,106.50,107.45,185,F,14006,28.4584
7110,P2,BASE,106.65,105.06,188,F,14048,28.4743
7120,P2,BASE,106.80,107.53,186,F,14091,28.4670
7130,P2,BASE,106.95,102.47,191,F,14132,28.5118
7140,P2,BASE,107.10,107.50,186,F,14175,28.5078
7150,P2,BASE,107.25,102.50,192,F,14216,28.5553
7160,P2,BASE,107.40,102.49,192,F,14257,28.6044
7170,P2,BASE,107.55,105.01,190,F,14299,28.6298
7180,P2,BASE,107.70,102.51,193,F,14340,28.6817
7190,P2,BASE,107.85,105.00,191,F,14382,28.7102
7200,P2,BASE,108.00,104.99,191,F,14424,28.7403
7210,P2,BASE,108.15,105.01,192,F,14466,28.7717
7220,P2,BASE,108.30,104.99,192,F,14508,28.8048
7230,P2,BASE,108.45,104.99,192,F,14550,28.8394
7240,P2,BASE,108.60,107.50,190,F,14593,28.8504
7250,P2,BASE,108.75,107.54,190,F,14636,28.8625
7260,P2,BASE,108.90,112.47,185,F,14681,28.8268
7270,P2,BASE,109.05,104.99,193,F,14723,28.8674
7280,P2,BASE,109.20,110.03,188,F,14767,28.8591
7290,P2,BASE,109.35,104.98,194,F,14809,28.9028
7300,P2,BASE,109.50,102.52,197,F,14850,28.9726
7310,P2,BASE,109.65,107.50,192,F,14893,28.9941
7320,P2,BASE,109.80,104.99,195,F,14935,29.0422
7330,P2,BASE,109.95,110.00,190,F,14979,29.0417
7340,P2,BASE,110.10,107.48,193,F,15022,29.0679
7350,P2,BASE,110.25,112.51,188,F,15067,29.0453
7360,P2,BASE,110.40,107.50,193,F,15110,29.0743
7370,P2,BASE,110.55,112.52,188,F,15155,29.0546
7380,P2,BASE,110.70,112.49,188,F,15200,29.0367
7390,P2,BASE,110.85,112.51,188,F,15245,29.0201
7400,P2,BASE,111.00,112.48,188,F,15290,29.0053
7410,P2,BASE,111.15,110.00,191,F,15334,29.0168
7420,P2,BASE,111.30,112.53,189,F,15379,29.0045
7430,P2,BASE,111.45,107.48,194,F,15422,29.0442
7440,P2,BASE,111.60,110.00,192,F,15466,29.0602
7450,P2,BASE,111.75,110.02,192,F,15510,29.0775
7460,P2,BASE,111.90,109.97,193,F,15554,29.0968
7470,P2,BASE,112.05,112.51,190,F,15599,29.0922
7480,P2,BASE,112.20,114.98,188,F,15645,29.0644
7490,P2,BASE,112.35,125.05,177,F,15695,28.9374
7500,P2,BASE,112.50,107.50,195,F,15738,28.9874
7510,P2,BASE,112.65,107.48,195,F,15781,29.0391
7520,P2,BASE,112.80,102.49,201,F,15822,29.1422
7530,P2,BASE,112.95,112.50,191,F,15867,29.1467
7540,P2,BASE,113.10,120.04,183,F,15915,29.0774
7550,P2,BASE,113.25,115.00,189,F,15961,29.0599
7560,P2,BASE,113.40,112.50,191,F,16006,29.0689
7570,P2,BASE,113.55,114.99,189,F,16052,29.0545
7580,P2,BASE,113.70,115.01,189,F,16098,29.0414
7590,P2,BASE,113.85,112.48,192,F,16143,29.0551
7600,P2,BASE,114.00,112.49,192,F,16188,29.0702
7610,P2,BASE,114.15,110.00,195,F,16232,29.1117
7620,P2,BASE,114.30,115.03,190,F,16278,29.1044
7630,P2,BASE,114.45,109.98,195,F,16322,29.1491
7640,P2,BASE,114.60,115.00,191,F,16368,29.1451
7650,P2,BASE,114.75,115.02,191,F,16414,29.1423
7660,P2,BASE,114.90,115.00,191,F,16460,29.1413
7670,P2,BASE,115.05,117.50,188,F,16507,29.1168
7680,P2,BASE,115.20,109.98,196,F,16551,29.1691
7690,P2,BASE,115.35,114.99,191,F,16597,29.1727
7700,P2,BASE,115.50,112.50,194,F,16642,29.2027
7710,P2,BASE,115.65,110.01,197,F,16686,29.2591
7720,P2,BASE,115.80,112.50,195,F,16731,29.2921
7730,P2,BASE,115.95,112.51,196,F,16776,29.3265
7740,P2,BASE,116.10,112.48,196,F,16821,29.3627
7750,P2,BASE,116.25,112.53,196,F,16866,29.3998
7760,P2,BASE,116.40,114.99,194,F,16912,29.4140
7770,P2,BASE,116.55,112.50,197,F,16957,29.4545
7780,P2,BASE,116.70,117.49,192,F,17004,29.4466
7790,P2,BASE,116.85,117.51,192,F,17051,29.4400
7800,P2,BASE,117.00,117.51,192,F,17098,29.4348
7810,P2,BASE,117.15,112.47,198,F,17143,29.4817
7820,P2,BASE,117.30,115.03,196,F,17189,29.5043
7830,P2,BASE,117.45,112.49,199,F,17234,29.5539
7840,P2,BASE,117.60,115.00,196,F,17280,29.5799
7850,P2,BASE,117.75,112.48,199,F,17325,29.6327
7860,P2,BASE,117.90,117.50,195,F,17372,29.6367
7870,P2,BASE,118.05,114.99,197,F,17418,29.6673
7880,P2,BASE,118.20,120.05,192,F,17466,29.6488
7890,P2,BASE,118.35,117.49,195,F,17513,29.6574
7900,P2,BASE,118.50,119.96,193,F,17561,29.6428
7910,P2,BASE,118.65,120.01,193,F,17609,29.6292
7920,P2,BASE,118.80,122.52,190,F,17658,29.5919
7930,P2,BASE,118.95,119.96,193,F,17706,29.5818
7940,P2,BASE,119.10,120.04,193,F,17754,29.5724
7950,P2,BASE,119.25,117.48,196,F,17801,29.5902
7960,P2,BASE,119.40,115.03,199,F,17847,29.6338
7970,P2,BASE,119.55,119.99,194,F,17895,29.6294
7980,P2,BASE,119.70,117.48,197,F,17942,29.6517
7990,P2,BASE,119.85,120.02,194,F,17990,29.6499
8000,P2,BASE,120.00,122.46,192,F,18039,29.6253
8010,P2,BASE,120.15,132.51,181,F,18092,29.5017
8020,P2,BASE,120.30,117.49,196,F,18139,29.5298
8030,P2,BASE,120.45,112.51,202,F,18184,29.6092
8040,P2,BASE,120.60,110.03,205,F,18228,29.7148
8050,P2,BASE,120.75,124.96,190,F,18278,29.6727
8060,P2,BASE,120.90,119.99,195,F,18326,29.6818
8070,P2,BASE,121.05,127.50,187,F,18377,29.6173
8080,P2,BASE,121.20,120.01,195,F,18425,29.6292
8090,P2,BASE,121.35,120.04,196,F,18473,29.6423
8100,P2,BASE,121.50,120.00,196,F,18521,29.6573
8110,P2,BASE,121.65,122.48,193,F,18570,29.6491
8120,P2,BASE,121.80,120.01,196,F,18618,29.6670
8130,P2,BASE,121.95,120.00,196,F,18666,29.6865
8140,P2,BASE,122.10,120.00,197,F,18714,29.7075
8150,P2,BASE,122.25,120.00,197,F,18762,29.7300
8160,P2,BASE,122.40,122.49,195,F,18811,29.7291
8170,P2,BASE,122.55,124.98,192,F,18861,29.7048
8180,P2,BASE,122.70,122.54,195,F,18910,29.7065
8190,P2,BASE,122.85,119.98,198,F,18958,29.7352
8200,P2,BASE,123.00,120.00,198,F,19006,29.7652
8210,P2,BASE,123.15,117.54,201,F,19053,29.8214
8220,P2,BASE,123.30,119.98,199,F,19101,29.8546
8230,P2,BASE,123.45,119.99,199,F,19149,29.8892
8240,P2,BASE,123.60,120.01,200,F,19197,29.9251
8250,P2,BASE,123.75,119.98,200,F,19245,29.9628
8260,P2,BASE,123.90,120.02,200,F,19293,30.0016
8270,P2,BASE,124.05,122.51,198,F,19342,30.0170
8280,P2,BASE,124.20,122.48,199,F,19391,30.0342
8290,P2,BASE,124.35,125.00,196,F,19441,30.0277
8300,P2,BASE,124.50,124.99,196,F,19491,30.0228
8310,P2,BASE,124.65,120.00,202,F,19539,30.0693
8320,P2,BASE,124.80,125.03,197,F,19589,30.0671
8330,P2,BASE,124.95,117.50,205,F,19636,30.1416
8340,P2,BASE,125.10,122.52,200,F,19685,30.1674
8350,P2,BASE,125.25,119.95,203,F,19733,30.2203
8360,P2,BASE,125.40,125.03,198,F,19783,30.2241
8370,P2,BASE,125.55,122.52,201,F,19832,30.2543
8380,P2,BASE,125.70,127.47,196,F,19883,30.2366
8390,P2,BASE,125.85,124.99,199,F,19933,30.2452
8400,P2,BASE,126.00,130.01,194,F,19985,30.2051
8410,P2,BASE,126.15,127.50,196,F,20036,30.1916
8420,P2,BASE,126.30,129.97,194,F,20088,30.1548
8430,P2,BASE,126.45,127.51,196,F,20139,30.1442
8440,P2,BASE,126.60,125.04,199,F,20189,30.1598
8450,P2,BASE,126.75,124.88,200,F,20239,30.1786
8460,P2,BASE,126.90,125.13,200,F,20289,30.1963
8470,P2,BASE,127.05,124.96,200,F,20339,30.2172
8480,P2,BASE,127.20,127.49,198,F,20390,30.2143
8490,P2,BASE,127.35,132.55,192,F,20443,30.1623
8500,P2,BASE,127.50,137.49,187,F,20498,30.0624
8510,P2,BASE,127.65,122.49,203,F,20547,30.1141
8520,P2,BASE,127.80,117.52,208,F,20594,30.2168
8530,P2,BASE,127.95,124.99,201,F,20644,30.2465
8540,P2,BASE,128.10,130.00,196,F,20696,30.2275
8550,P2,BASE,128.25,127.50,199,F,20747,30.2350
8560,P2,BASE,128.40,130.01,196,F,20799,30.2188
8570,P2,BASE,128.55,127.47,199,F,20850,30.2296
8580,P2,BASE,128.70,130.03,197,F,20902,30.2163
8590,P2,BASE,128.85,130.00,197,F,20954,30.2048
8600,P2,BASE,129.00,127.50,200,F,21005,30.2198
8610,P2,BASE,129.15,127.46,200,F,21056,30.2367
8620,P2,BASE,129.30,127.53,200,F,21107,30.2544
8630,P2,BASE,129.45,127.50,200,F,21158,30.2739
8640,P2,BASE,129.60,129.96,198,F,21210,30.2703
8650,P2,BASE,129.75,132.50,195,F,21263,30.2428
8660,P2,BASE,129.90,130.01,198,F,21315,30.2417
8670,P2,BASE,130.05,127.51,201,F,21366,30.2671
8680,P2,BASE,130.20,127.53,201,F,21417,30.2938
8690,P2,BASE,130.35,124.95,204,F,21467,30.3478
8700,P2,BASE,130.50,125.04,205,F,21517,30.4025
8710,P2,BASE,130.65,127.50,203,F,21568,30.4340
8720,P2,BASE,130.80,127.51,203,F,21619,30.4668
8730,P2,BASE,130.95,129.97,201,F,21671,30.4766
8740,P2,BASE,131.10,127.53,204,F,21722,30.5123
8750,P2,BASE,131.25,127.50,204,F,21773,30.5498
8760,P2,BASE,131.40,132.47,199,F,21826,30.5391
8770,P2,BASE,131.55,132.47,199,F,21879,30.5299
8780,P2,BASE,131.70,130.04,202,F,21931,30.5465
8790,P2,BASE,131.85,129.99,202,F,21983,30.5651
8800,P2,BASE,132.00,127.50,205,F,22034,30.6101
8810,P2,BASE,132.15,127.49,206,F,22085,30.6567
8820,P2,BASE,132.30,127.51,206,F,22136,30.7046
8830,P2,BASE,132.45,130.03,204,F,22188,30.7288
8840,P2,BASE,132.60,132.50,201,F,22241,30.7298
8850,P2,BASE,132.75,132.47,202,F,22294,30.7326
8860,P2,BASE,132.90,134.99,199,F,22348,30.7117
8870,P2,BASE,133.05,135.01,199,F,22402,30.6921
8880,P2,BASE,133.20,137.50,196,F,22457,30.6491
8890,P2,BASE,133.35,134.99,199,F,22511,30.6327
8900,P2,BASE,133.50,135.01,199,F,22565,30.6176
8910,P2,BASE,133.65,130.03,205,F,22617,30.6538
8920,P2,BASE,133.80,132.47,202,F,22670,30.6671
8930,P2,BASE,133.95,132.47,203,F,22723,30.6819
8940,P2,BASE,134.10,132.51,203,F,22776,30.6977
8950,P2,BASE,134.25,137.50,198,F,22831,30.6652
8960,P2,BASE,134.40,147.53,187,F,22890,30.5340
8970,P2,BASE,134.55,129.96,205,F,22942,30.5798
8980,P2,BASE,134.70,125.05,211,F,22992,30.6763
8990,P2,BASE,134.85,132.50,204,F,23045,30.6998
9000,P2,BASE,135.00,135.00,201,F,23099,30.6998
9010,P2,BASE,135.15,137.50,199,F,23154,30.6763
9020,P2,BASE,135.30,135.00,201,F,23208,30.6793
9030,P2,BASE,135.45,135.00,201,F,23262,30.6838
9040,P2,BASE,135.60,137.46,199,F,23317,30.6653
9050,P2,BASE,135.75,135.01,202,F,23371,30.6726
9060,P2,BASE,135.90,132.47,205,F,23424,30.7069
9070,P2,BASE,136.05,135.01,202,F,23478,30.7172
9080,P2,BASE,136.20,135.03,203,F,23532,30.7290
9090,P2,BASE,136.35,134.99,203,F,23586,30.7426
9100,P2,BASE,136.50,137.47,200,F,23641,30.7329
9110,P2,BASE,136.65,137.54,200,F,23696,30.7240
9120,P2,BASE,136.80,134.97,203,F,23750,30.7422
9130,P2,BASE,136.95,135.03,203,F,23804,30.7615
9140,P2,BASE,137.10,132.49,207,F,23857,30.8076
9150,P2,BASE,137.25,132.49,207,F,23910,30.8552
9160,P2,BASE,137.40,132.50,207,F,23963,30.9042
9170,P2,BASE,137.55,135.00,205,F,24017,30.9297
9180,P2,BASE,137.70,134.99,206,F,24071,30.9569
9190,P2,BASE,137.85,134.96,206,F,24125,30.9858
9200,P2,BASE,138.00,135.07,206,F,24179,31.0151
9210,P2,BASE,138.15,135.01,207,F,24233,31.0465
9220,P2,BASE,138.30,142.41,199,F,24290,31.0053
9230,P2,BASE,138.45,135.07,207,F,24344,31.0392
9240,P2,BASE,138.60,134.97,207,F,24398,31.0754
9250,P2,BASE,138.75,132.53,210,F,24451,31.1377
9260,P2,BASE,138.90,132.51,211,F,24504,31.2015
9270,P2,BASE,139.05,137.50,206,F,24559,31.2170
9280,P2,BASE,139.20,137.47,206,F,24614,31.2343
9290,P2,BASE,139.35,140.01,204,F,24670,31.2277
9300,P2,BASE,139.50,139.99,204,F,24726,31.2228
9310,P2,BASE,139.65,142.50,201,F,24783,31.1943
9320,P2,BASE,139.80,142.53,201,F,24840,31.1670
9330,P2,BASE,139.95,142.51,201,F,24897,31.1414
9340,P2,BASE,140.10,140.00,204,F,24953,31.1424
9350,P2,BASE,140.25,140.00,204,F,25009,31.1449
9360,P2,BASE,140.40,137.50,207,F,25064,31.1739
9370,P2,BASE,140.55,137.49,208,F,25119,31.2045
9380,P2,BASE,140.70,139.99,205,F,25175,31.2116
9390,P2,BASE,140.85,144.99,200,F,25233,31.1703
9400,P2,BASE,141.00,152.55,192,F,25294,31.0548
9410,P2,BASE,141.15,137.50,207,F,25349,31.0913
9420,P2,BASE,141.30,130.00,216,F,25401,31.2043
9430,P2,BASE,141.45,137.47,209,F,25456,31.2441
9440,P2,BASE,141.60,140.01,206,F,25512,31.2600
9450,P2,BASE,141.75,144.97,201,F,25570,31.2278
9460,P2,BASE,141.90,140.03,207,F,25626,31.2465
9470,P2,BASE,142.05,144.99,202,F,25684,31.2171
9480,P2,BASE,142.20,140.00,207,F,25740,31.2391
9490,P2,BASE,142.35,142.53,204,F,25797,31.2373
9500,P2,BASE,142.50,139.97,207,F,25853,31.2626
9510,P2,BASE,142.65,140.03,208,F,25909,31.2888
9520,P2,BASE,142.80,142.50,205,F,25966,31.2918
9530,P2,BASE,142.95,144.97,203,F,26024,31.2716
9540,P2,BASE,143.10,144.97,203,F,26082,31.2529
9550,P2,BASE,143.25,140.06,208,F,26138,31.2849
9560,P2,BASE,143.40,144.97,203,F,26196,31.2692
9570,P2,BASE,143.55,137.49,211,F,26251,31.3298
9580,P2,BASE,143.70,140.01,209,F,26307,31.3666
9590,P2,BASE,143.85,140.01,210,F,26363,31.4050
9600,P2,BASE,144.00,140.00,210,F,26419,31.4450
9610,P2,BASE,144.15,139.99,211,F,26475,31.4867
9620,P2,BASE,144.30,142.53,208,F,26532,31.5044
9630,P2,BASE,144.45,142.49,209,F,26589,31.5240
9640,P2,BASE,144.60,145.00,206,F,26647,31.5200
9650,P2,BASE,144.75,144.94,206,F,26705,31.5181
9660,P2,BASE,144.90,142.53,209,F,26762,31.5418
9670,P2,BASE,145.05,140.01,212,F,26818,31.5922
9680,P2,BASE,145.20,137.50,215,F,26873,31.6692
9690,P2,BASE,145.35,140.01,213,F,26929,31.7225
9700,P2,BASE,145.50,144.99,208,F,26987,31.7277
9710,P2,BASE,145.65,145.00,209,F,27045,31.7342
9720,P2,BASE,145.80,145.03,209,F,27103,31.7419
9730,P2,BASE,145.95,149.96,204,F,27163,31.7018
9740,P2,BASE,146.10,147.54,206,F,27222,31.6874
9750,P2,BASE,146.25,152.47,201,F,27283,31.6252
9760,P2,BASE,146.40,147.51,206,F,27342,31.6140
9770,P2,BASE,146.55,147.47,206,F,27401,31.6048
9780,P2,BASE,146.70,142.54,212,F,27458,31.6464
9790,P2,BASE,146.85,144.96,209,F,27516,31.6653
9800,P2,BASE,147.00,147.51,207,F,27575,31.6602
9810,P2,BASE,147.15,149.99,204,F,27635,31.6318
9820,P2,BASE,147.30,157.55,196,F,27698,31.5294
9830,P2,BASE,147.45,142.47,212,F,27755,31.5792
9840,P2,BASE,147.60,134.99,221,F,27809,31.7053
9850,P2,BASE,147.75,147.49,208,F,27868,31.7079
9860,P2,BASE,147.90,147.51,208,F,27927,31.7118
9870,P2,BASE,148.05,150.01,206,F,27987,31.6921
9880,P2,BASE,148.20,150.03,206,F,28047,31.6738
9890,P2,BASE,148.35,149.91,206,F,28107,31.6582
9900,P2,BASE,148.50,147.54,208,F,28166,31.6678
9910,P2,BASE,148.65,145.01,211,F,28224,31.7042
9920,P2,BASE,148.80,147.49,209,F,28283,31.7173
9930,P2,BASE,148.95,147.53,209,F,28342,31.7315
9940,P2,BASE,149.10,150.00,207,F,28402,31.7225
9950,P2,BASE,149.25,149.99,207,F,28462,31.7152
9960,P2,BASE,149.40,150.00,207,F,28522,31.7092
9970,P2,BASE,149.55,147.51,210,F,28581,31.7295
9980,P2,BASE,149.70,145.01,213,F,28639,31.7764
9990,P2,BASE,149.85,145.00,213,F,28697,31.8249
10000,P2,BASE,150.00,144.99,214,F,28755,31.8750
10010,P2,BASE,150.00,147.47,212,F,28814,31.9003
10020,P2,BASE,150.00,147.50,212,F,28873,31.9253
10030,P2,BASE,150.00,145.04,215,F,28931,31.9749
10040,P2,BASE,150.00,149.99,210,F,28991,31.9750
10050,P2,BASE,150.00,149.99,210,F,29051,31.9752
10060,P2,BASE,150.00,149.97,210,F,29111,31.9755
10070,P2,BASE,150.00,150.03,209,F,29171,31.9752
10080,P2,BASE,150.00,144.99,215,F,29229,32.0253
10090,P2,BASE,150.00,145.00,215,F,29287,32.0753
10100,P2,BASE,150.00,145.04,216,F,29345,32.1249
10110,P2,BASE,150.00,149.97,211,F,29405,32.1252
10120,P2,BASE,150.00,150.03,210,F,29465,32.1249
10130,P2,BASE,150.00,152.50,208,F,29526,32.0999
10140,P2,BASE,150.00,154.97,205,F,29588,32.0502
10150,P2,BASE,150.00,154.98,205,F,29650,32.0003
10160,P2,BASE,150.00,154.98,204,F,29712,31.9505
10170,P2,BASE,150.00,150.00,209,F,29772,31.9505
10180,P2,BASE,150.00,150.03,209,F,29832,31.9502
10190,P2,BASE,150.00,150.00,209,F,29892,31.9502
10200,P2,BASE,150.00,147.51,212,F,29951,31.9750
10210,P2,BASE,150.00,152.50,207,F,30012,31.9500
10220,P2,BASE,150.00,160.02,198,F,30076,31.8499
10230,P2,BASE,150.00,152.45,206,F,30137,31.8253
10240,P2,BASE,150.00,142.53,217,F,30194,31.9001
10250,P2,BASE,150.00,142.50,217,F,30251,31.9751
10260,P2,BASE,150.00,152.47,207,F,30312,31.9504
10270,P2,BASE,150.00,152.53,207,F,30373,31.9251
10280,P2,BASE,150.00,149.99,209,F,30433,31.9252
10290,P2,BASE,150.00,152.53,206,F,30494,31.8999
10300,P2,BASE,150.00,149.99,209,F,30554,31.9001
10310,P2,BASE,150.00,149.97,209,F,30614,31.9004
10320,P2,BASE,150.00,150.03,209,F,30674,31.9001
10330,P2,BASE,150.00,147.50,212,F,30733,31.9251
10340,P2,BASE,150.00,152.50,206,F,30794,31.9001
10350,P2,BASE,150.00,152.50,206,F,30855,31.8751
10360,P2,BASE,150.00,149.99,209,F,30915,31.8752
10370,P2,BASE,150.00,150.01,209,F,30975,31.8751
10380,P2,BASE,150.00,147.50,212,F,31034,31.9001
10390,P2,BASE,150.00,145.00,214,F,31092,31.9501
10400,P2,BASE,150.00,147.49,212,F,31151,31.9752
10410,P2,BASE,150.00,147.51,212,F,31210,32.0001
10420,P2,BASE,150.00,147.47,212,F,31269,32.0254
10430,P2,BASE,150.00,150.05,210,F,31329,32.0249
10440,P2,BASE,150.00,147.47,213,F,31388,32.0502
10450,P2,BASE,150.00,149.99,210,F,31448,32.0503
10460,P2,BASE,150.00,152.48,207,F,31509,32.0255
10470,P2,BASE,150.00,147.51,213,F,31568,32.0504
10480,P2,BASE,150.00,145.01,215,F,31626,32.1002
10490,P2,BASE,150.00,145.01,216,F,31684,32.1501
10500,P2,BASE,150.00,147.51,213,F,31743,32.1749
10510,P2,BASE,150.00,147.46,214,F,31802,32.2004
10520,P2,BASE,150.00,152.52,208,F,31863,32.1752
10530,P2,BASE,150.00,150.00,211,F,31923,32.1752
10540,P2,BASE,150.00,155.03,205,F,31985,32.1249
10550,P2,BASE,150.00,155.00,205,F,32047,32.0749
10560,P2,BASE,150.00,154.97,205,F,32109,32.0252
10570,P2,BASE,150.00,152.52,207,F,32170,32.0000
10580,P2,BASE,150.00,150.01,210,F,32230,31.9999
10590,P2,BASE,150.00,149.96,210,F,32290,32.0003
10600,P2,BASE,150.00,147.53,212,F,32349,32.0251
10610,P2,BASE,150.00,152.47,207,F,32410,32.0004
10620,P2,BASE,150.00,162.48,196,F,32475,31.8755
10630,P2,BASE,150.00,152.53,206,F,32536,31.8502
10640,P2,BASE,150.00,135.03,225,F,32590,31.9999
10650,P2,BASE,150.00,149.94,210,F,32650,32.0005
10660,P2,BASE,150.00,150.00,210,F,32710,32.0005
10670,P2,BASE,150.00,155.05,204,F,32772,31.9501
10680,P2,BASE,150.00,150.01,209,F,32832,31.9499
10690,P2,BASE,150.00,152.47,207,F,32893,31.9252
10700,P2,BASE,150.00,150.00,209,F,32953,31.9252
10710,P2,BASE,150.00,150.00,209,F,33013,31.9252
10720,P2,BASE,150.00,150.00,209,F,33073,31.9252
10730,P2,BASE,150.00,147.51,212,F,33132,31.9501
10740,P2,BASE,150.00,152.48,207,F,33193,31.9252
10750,P2,BASE,150.00,152.52,206,F,33254,31.9001
10760,P2,BASE,150.00,150.00,209,F,33314,31.9001
10770,P2,BASE,150.00,149.96,209,F,33374,31.9005
10780,P2,BASE,150.00,147.51,212,F,33433,31.9254
10790,P2,BASE,150.00,147.51,212,F,33492,31.9502
10800,P2,BASE,150.00,145.00,215,F,33550,32.0002
10810,P2,BASE,150.00,147.50,212,F,33609,32.0252
10820,P2,BASE,150.00,147.49,213,F,33668,32.0504
10830,P2,BASE,150.00,149.97,210,F,33728,32.0507
10840,P2,BASE,150.00,147.53,213,F,33787,32.0754
10850,P2,BASE,150.00,150.03,210,F,33847,32.0751
10860,P2,BASE,150.00,152.47,207,F,33908,32.0504
10870,P2,BASE,150.00,147.51,213,F,33967,32.0752
10880,P2,BASE,150.00,145.03,216,F,34025,32.1250
10890,P2,BASE,150.00,144.99,216,F,34083,32.1751
10900,P2,BASE,150.00,147.51,214,F,34142,32.2000
10910,P2,BASE,150.00,149.96,211,F,34202,32.2004
10920,P2,BASE,150.00,149.99,211,F,34262,32.2006
10930,P2,BASE,150.00,152.52,208,F,34323,32.1754
10940,P2,BASE,150.00,154.98,205,F,34385,32.1256
10950,P2,BASE,150.00,155.02,205,F,34447,32.0754
10960,P2,BASE,150.00,155.02,205,F,34509,32.0252
10970,P2,BASE,150.00,150.01,210,F,34569,32.0251
10980,P2,BASE,150.00,149.99,210,F,34629,32.0252
10990,P2,BASE,150.00,150.01,210,F,34689,32.0251
11000,P2,BASE,150.00,149.99,210,F,34749,32.0252
11010,P2,BASE,150.00,152.48,207,F,34810,32.0004
11020,P2,BASE,150.00,157.53,202,F,34873,31.9251
11030,P2,BASE,150.00,155.00,204,F,34935,31.8751
11040,P2,BASE,150.00,139.99,220,F,34991,31.9752
11050,P2,BASE,150.00,145.01,215,F,35049,32.0251
11060,P2,BASE,150.00,152.47,207,F,35110,32.0004
11070,P2,BASE,150.00,152.55,207,F,35171,31.9749
11080,P2,BASE,150.00,152.48,207,F,35232,31.9501
11090,P2,BASE,150.00,149.97,209,F,35292,31.9504
11100,P2,BASE,150.00,152.53,207,F,35353,31.9251
11110,P2,BASE,150.00,150.00,209,F,35413,31.9251
11120,P2,BASE,150.00,147.47,212,F,35472,31.9504
11130,P2,BASE,150.00,150.05,209,F,35532,31.9499
11140,P2,BASE,150.00,149.94,209,F,35592,31.9505
11150,P2,BASE,150.00,152.55,207,F,35653,31.9251
11160,P2,BASE,150.00,152.50,206,F,35714,31.9001
11170,P2,BASE,150.00,150.01,209,F,35774,31.8999
11180,P2,BASE,150.00,147.49,212,F,35833,31.9251
11190,P2,BASE,150.00,145.01,215,F,35891,31.9749
11200,P2,BASE,150.00,147.50,212,F,35950,31.9999
11210,P2,BASE,150.00,147.44,212,F,36009,32.0255
11220,P2,BASE,150.00,147.51,213,F,36068,32.0504
11230,P2,BASE,150.00,147.51,213,F,36127,32.0752
11240,P2,BASE,150.00,147.51,213,F,36186,32.1001
11250,P2,BASE,150.00,149.99,210,F,36246,32.1002
11260,P2,BASE,150.00,152.47,208,F,36307,32.0755
11270,P2,BASE,150.00,150.01,210,F,36367,32.0754
11280,P2,BASE,150.00,145.03,216,F,36425,32.1251
11290,P2,BASE,150.00,145.00,216,F,36483,32.1751
11300,P2,BASE,150.00,147.41,214,F,36542,32.2010
11310,P2,BASE,150.00,147.59,214,F,36601,32.2251
11320,P2,BASE,150.00,152.48,208,F,36662,32.2002
11330,P2,BASE,150.00,150.01,211,F,36722,32.2001
11340,P2,BASE,150.00,157.45,203,F,36785,32.1255
11350,P2,BASE,150.00,154.92,205,F,36847,32.0763
11360,P2,BASE,150.00,152.64,207,F,36908,32.0499
11370,P2,BASE,150.00,152.45,207,F,36969,32.0254
11380,P2,BASE,150.00,149.99,210,F,37029,32.0255
11390,P2,BASE,150.00,150.05,210,F,37089,32.0251
11400,P2,BASE,150.00,150.00,210,F,37149,32.0251
11410,P2,BASE,150.00,149.97,210,F,37209,32.0254
11420,P2,BASE,150.00,160.00,199,F,37273,31.9254
11430,P2,BASE,150.00,155.02,204,F,37335,31.8752
11440,P2,BASE,150.00,140.03,220,F,37391,31.9750
11450,P2,BASE,150.00,144.96,215,F,37449,32.0254
11460,P2,BASE,150.00,150.03,210,F,37509,32.0251
11470,P2,BASE,150.00,154.97,204,F,37571,31.9754
11480,P2,BASE,150.00,150.05,209,F,37631,31.9750
11490,P2,BASE,150.00,152.44,207,F,37692,31.9506
11500,P2,BASE,150.00,150.03,209,F,37752,31.9503
11510,P2,BASE,150.00,150.01,209,F,37812,31.9501
11520,P2,BASE,150.00,149.97,209,F,37872,31.9504
11530,P2,BASE,150.00,147.50,212,F,37931,31.9754
11540,P2,BASE,150.00,152.53,207,F,37992,31.9501
11550,P2,BASE,150.00,150.01,209,F,38052,31.9500
11560,P2,BASE,150.00,152.44,207,F,38113,31.9256
11570,P2,BASE,150.00,150.05,209,F,38173,31.9251
11580,P2,BASE,150.00,147.49,212,F,38232,31.9503
11590,P2,BASE,150.00,147.53,212,F,38291,31.9750
11600,P2,BASE,150.00,144.99,215,F,38349,32.0251
11610,P2,BASE,150.00,147.51,213,F,38408,32.0500
11620,P2,BASE,150.00,147.49,213,F,38467,32.0751
11630,P2,BASE,150.00,150.00,210,F,38527,32.0751
11640,P2,BASE,150.00,147.46,213,F,38586,32.1006
11650,P2,BASE,150.00,150.00,210,F,38646,32.1006
11660,P2,BASE,150.00,152.56,208,F,38707,32.0749
11670,P2,BASE,150.00,147.44,213,F,38766,32.1005
11680,P2,BASE,150.00,147.56,213,F,38825,32.1249
11690,P2,BASE,150.00,144.99,216,F,38883,32.1751
11700,P2,BASE,150.00,145.01,216,F,38941,32.2249
11710,P2,BASE,150.00,149.97,211,F,39001,32.2252
11720,P2,BASE,150.00,150.01,211,F,39061,32.2251
11730,P2,BASE,150.00,152.47,208,F,39122,32.2004
11740,P2,BASE,150.00,155.00,206,F,39184,32.1504
11750,P2,BASE,150.00,155.05,205,F,39246,32.0999
11760,P2,BASE,150.00,154.95,205,F,39308,32.0504
11770,P2,BASE,150.00,150.00,210,F,39368,32.0504
11780,P2,BASE,150.00,150.03,210,F,39428,32.0501
11790,P2,BASE,150.00,149.97,210,F,39488,32.0504
11800,P2,BASE,150.00,150.03,210,F,39548,32.0501
11810,P2,BASE,150.00,152.42,207,F,39609,32.0259
11820,P2,BASE,150.00,157.58,202,F,39672,31.9501
11830,P2,BASE,150.00,155.02,204,F,39734,31.8999
11840,P2,BASE,150.00,142.47,217,F,39791,31.9752
11850,P2,BASE,150.00,140.00,220,F,39847,32.0752
11860,P2,BASE,150.00,152.50,207,F,39908,32.0502
11870,P2,BASE,150.00,154.98,205,F,39970,32.0004
11880,P2,BASE,150.00,150.05,210,F,40030,31.9999
11890,P2,BASE,150.00,152.47,207,F,40091,31.9752
11900,P2,BASE,150.00,149.99,210,F,40151,31.9754
11910,P2,BASE,150.00,150.00,210,F,40211,31.9754
11920,P2,BASE,150.00,150.00,210,F,40271,31.9754
11930,P2,BASE,150.00,147.50,212,F,40330,32.0004
11940,P2,BASE,150.00,152.50,207,F,40391,31.9754
11950,P2,BASE,150.00,152.55,207,F,40452,31.9499
11960,P2,BASE,150.00,152.44,207,F,40513,31.9255
11970,P2,BASE,150.00,150.01,209,F,40573,31.9254
11980,P2,BASE,150.00,147.53,212,F,40632,31.9501
11990,P2,BASE,150.00,144.97,215,F,40690,32.0004
12000,P2,BASE,150.00,147.54,212,F,40749,32.0249
12010,P2,BASE,150.00,147.44,213,F,40808,32.0505
12020,P2,BASE,150.00,149.93,210,F,40868,32.0513
12030,P2,BASE,150.00,147.63,213,F,40927,32.0749
12040,P2,BASE,150.00,147.47,213,F,40986,32.1002
12050,P2,BASE,150.00,150.01,210,F,41046,32.1001
12060,P2,BASE,150.00,152.50,208,F,41107,32.0751
12070,P2,BASE,150.00,150.00,210,F,41167,32.0751
12080,P2,BASE,150.00,145.01,216,F,41225,32.1249
12090,P2,BASE,150.00,144.99,216,F,41283,32.1751
12100,P2,BASE,150.00,145.01,216,F,41341,32.2249
12110,P2,BASE,150.00,149.97,211,F,41401,32.2252
12120,P2,BASE,150.00,150.00,211,F,41461,32.2252
12130,P2,BASE,150.00,152.50,208,F,41522,32.2002
12140,P2,BASE,150.00,154.98,206,F,41584,32.1504
12150,P2,BASE,150.00,154.98,205,F,41646,32.1005
12160,P2,BASE,150.00,155.05,205,F,41708,32.0501
12170,P2,BASE,150.00,149.96,210,F,41768,32.0505
12180,P2,BASE,150.00,150.03,210,F,41828,32.0502
12190,P2,BASE,150.00,150.03,210,F,41888,32.0499
12200,P2,BASE,150.00,150.00,210,F,41948,32.0499
12210,P2,BASE,150.00,152.50,207,F,42009,32.0249
12220,P2,BASE,150.00,162.37,196,F,42074,31.9012
12230,P2,BASE,150.00,150.08,209,F,42134,31.9005
12240,P2,BASE,150.00,137.50,223,F,42189,32.0255
12250,P2,BASE,150.00,145.00,215,F,42247,32.0755
12260,P2,BASE,150.00,154.95,205,F,42309,32.0259
12270,P2,BASE,150.00,152.59,207,F,42370,32.0000
12280,P2,BASE,150.00,152.45,207,F,42431,31.9755
12290,P2,BASE,150.00,150.03,209,F,42491,31.9752
12300,P2,BASE,150.00,152.48,207,F,42552,31.9503
12310,P2,BASE,150.00,150.01,209,F,42612,31.9502
12320,P2,BASE,150.00,147.50,212,F,42671,31.9752
12330,P2,BASE,150.00,149.99,210,F,42731,31.9753
12340,P2,BASE,150.00,149.99,210,F,42791,31.9755
12350,P2,BASE,150.00,152.55,207,F,42852,31.9500
12360,P2,BASE,150.00,154.92,204,F,42914,31.9008
12370,P2,BASE,150.00,150.05,209,F,42974,31.9003
12380,P2,BASE,150.00,145.01,214,F,43032,31.9502
12390,P2,BASE,150.00,147.47,212,F,43091,31.9755
12400,P2,BASE,150.00,147.51,212,F,43150,32.0003
12410,P2,BASE,150.00,147.53,212,F,43209,32.0250
12420,P2,BASE,150.00,147.49,213,F,43268,32.0502
12430,P2,BASE,150.00,147.51,213,F,43327,32.0750
12440,P2,BASE,150.00,147.46,213,F,43386,32.1005
12450,P2,BASE,150.00,152.53,208,F,43447,32.0752
12460,P2,BASE,150.00,149.97,210,F,43507,32.0755
12470,P2,BASE,150.00,150.01,210,F,43567,32.0753
12480,P2,BASE,150.00,144.99,216,F,43625,32.1255
12490,P2,BASE,150.00,144.99,216,F,43683,32.1756
12500,P2,BASE,150.00,147.54,213,F,43742,32.2002
12510,P2,BASE,150.00,150.00,211,F,43802,32.2002
12520,P2,BASE,150.00,149.96,211,F,43862,32.2006
12530,P2,BASE,150.00,150.03,211,F,43922,32.2003
12540,P2,BASE,150.00,155.02,206,F,43984,32.1502
12550,P2,BASE,150.00,155.00,205,F,44046,32.1002
12560,P2,BASE,150.00,155.02,205,F,44108,32.0500
12570,P2,BASE,150.00,152.45,207,F,44169,32.0255
12580,P2,BASE,150.00,150.03,210,F,44229,32.0252
12590,P2,BASE,150.00,147.49,213,F,44288,32.0503
12600,P2,BASE,150.00,150.00,210,F,44348,32.0503
12610,P2,BASE,150.00,152.47,207,F,44409,32.0256
12620,P2,BASE,150.00,162.53,196,F,44474,31.9003
12630,P2,BASE,150.00,152.53,206,F,44535,31.8750
12640,P2,BASE,150.00,139.99,220,F,44591,31.9751
12650,P2,BASE,150.00,142.47,218,F,44648,32.0504
12660,P2,BASE,150.00,152.52,207,F,44709,32.0253
12670,P2,BASE,150.00,155.02,204,F,44771,31.9751
12680,P2,BASE,150.00,150.00,210,F,44831,31.9751
12690,P2,BASE,150.00,152.48,207,F,44892,31.9503
12700,P2,BASE,150.00,152.47,207,F,44953,31.9256
12710,P2,BASE,150.00,147.54,212,F,45012,31.9501
12720,P2,BASE,150.00,149.97,209,F,45072,31.9504
12730,P2,BASE,150.00,147.54,212,F,45131,31.9750
12740,P2,BASE,150.00,152.45,207,F,45192,31.9504
12750,P2,BASE,150.00,152.53,207,F,45253,31.9251
12760,P2,BASE,150.00,152.47,206,F,45314,31.9004
12770,P2,BASE,150.00,149.99,209,F,45374,31.9006
12780,P2,BASE,150.00,147.53,212,F,45433,31.9253
12790,P2,BASE,150.00,145.03,215,F,45491,31.9750
12800,P2,BASE,150.00,147.50,212,F,45550,32.0000
12810,P2,BASE,150.00,147.49,212,F,45609,32.0252
12820,P2,BASE,150.00,147.50,213,F,45668,32.0502
12830,P2,BASE,150.00,147.47,213,F,45727,32.0754
12840,P2,BASE,150.00,150.00,210,F,45787,32.0754
12850,P2,BASE,150.00,150.03,210,F,45847,32.0751
12860,P2,BASE,150.00,152.47,207,F,45908,32.0504
12870,P2,BASE,150.00,147.50,213,F,45967,32.0755
12880,P2,BASE,150.00,145.03,216,F,46025,32.1252
12890,P2,BASE,150.00,147.41,213,F,46084,32.1510
12900,P2,BASE,150.00,145.10,216,F,46142,32.2000
12910,P2,BASE,150.00,149.96,211,F,46202,32.2005
12920,P2,BASE,150.00,150.01,211,F,46262,32.2003
12930,P2,BASE,150.00,152.50,208,F,46323,32.1753
12940,P2,BASE,150.00,154.98,205,F,46385,32.1255
12950,P2,BASE,150.00,155.05,205,F,46447,32.0750
12960,P2,BASE,150.00,152.47,207,F,46508,32.0503
12970,P2,BASE,150.00,152.52,207,F,46569,32.0252
12980,P2,BASE,150.00,150.00,210,F,46629,32.0252
12990,P2,BASE,150.00,147.50,213,F,46688,32.0502
13000,P2,BASE,150.00,150.00,210,F,46748,32.0502
13010,P2,BASE,150.00,152.45,207,F,46809,32.0256
13020,P2,BASE,150.00,160.02,199,F,46873,31.9255
13030,P2,BASE,150.00,155.00,204,F,46935,31.8755
13040,P2,BASE,150.00,142.53,217,F,46992,31.9502
13050,P2,BASE,150.00,140.01,220,F,47048,32.0500
13060,P2,BASE,150.00,152.48,207,F,47109,32.0252
13070,P2,BASE,150.00,155.00,204,F,47171,31.9752
13080,P2,BASE,150.00,150.01,209,F,47231,31.9750
13090,P2,BASE,150.00,152.44,207,F,47292,31.9506
13100,P2,BASE,150.00,150.03,209,F,47352,31.9503
13110,P2,BASE,150.00,149.93,209,F,47412,31.9511
13120,P2,BASE,150.00,147.60,212,F,47471,31.9751
13130,P2,BASE,150.00,147.50,212,F,47530,32.0001
13140,P2,BASE,150.00,152.50,207,F,47591,31.9751
13150,P2,BASE,150.00,152.48,207,F,47652,31.9502
13160,P2,BASE,150.00,152.48,207,F,47713,31.9254
13170,P2,BASE,150.00,150.01,209,F,47773,31.9252
13180,P2,BASE,150.00,147.47,212,F,47832,31.9505
13190,P2,BASE,150.00,147.53,212,F,47891,31.9752
13200,P2,BASE,150.00,144.99,215,F,47949,32.0254
13210,P2,BASE,150.00,147.50,213,F,48008,32.0504
13220,P2,BASE,150.00,147.49,213,F,48067,32.0755
13230,P2,BASE,150.00,150.05,210,F,48127,32.0751
13240,P2,BASE,150.00,147.46,213,F,48186,32.1005
13250,P2,BASE,150.00,150.03,210,F,48246,32.1002
13260,P2,BASE,150.00,152.52,208,F,48307,32.0751
13270,P2,BASE,150.00,150.00,210,F,48367,32.0751
13280,P2,BASE,150.00,144.97,216,F,48425,32.1253
13290,P2,BASE,150.00,145.01,216,F,48483,32.1752
13300,P2,BASE,150.00,145.01,216,F,48541,32.2250
13310,P2,BASE,150.00,150.00,211,F,48601,32.2250
13320,P2,BASE,150.00,152.50,208,F,48662,32.2000
13330,P2,BASE,150.00,149.97,211,F,48722,32.2003
13340,P2,BASE,150.00,155.00,206,F,48784,32.1503
13350,P2,BASE,150.00,154.98,205,F,48846,32.1005
13360,P2,BASE,150.00,155.00,205,F,48908,32.0505
13370,P2,BASE,150.00,152.52,207,F,48969,32.0253
13380,P2,BASE,150.00,150.01,210,F,49029,32.0252
13390,P2,BASE,150.00,149.96,210,F,49089,32.0257
13400,P2,BASE,150.00,150.03,210,F,49149,32.0253
13410,P2,BASE,150.00,152.42,207,F,49210,32.0011
13420,P2,BASE,150.00,162.58,196,F,49275,31.8753
13430,P2,BASE,150.00,149.97,209,F,49335,31.8756
13440,P2,BASE,150.00,140.00,220,F,49391,31.9756
13450,P2,BASE,150.00,142.56,218,F,49448,32.0500
13460,P2,BASE,150.00,155.00,205,F,49510,32.0000
13470,P2,BASE,150.00,154.97,204,F,49572,31.9503
13480,P2,BASE,150.00,150.01,209,F,49632,31.9502
13490,P2,BASE,150.00,152.50,207,F,49693,31.9252
13500,P2,BASE,150.00,150.01,209,F,49753,31.9250
13510,P2,BASE,150.00,149.96,209,F,49813,31.9255
13520,P2,BASE,150.00,150.00,209,F,49873,31.9255
13530,P2,BASE,150.00,147.53,212,F,49932,31.9502
13540,P2,BASE,150.00,152.48,207,F,49993,31.9253
13550,P2,BASE,150.00,152.48,206,F,50054,31.9005
13560,P2,BASE,150.00,152.53,206,F,50115,31.8752
13570,P2,BASE,150.00,149.96,209,F,50175,31.8756
13580,P2,BASE,150.00,147.54,212,F,50234,31.9002
13590,P2,BASE,150.00,145.00,214,F,50292,31.9502
13600,P2,BASE,150.00,147.51,212,F,50351,31.9750
13610,P2,BASE,150.00,147.47,212,F,50410,32.0003
13620,P2,BASE,150.00,147.50,212,F,50469,32.0253
13630,P2,BASE,150.00,147.49,213,F,50528,32.0505
13640,P2,BASE,150.00,147.51,213,F,50587,32.0753
13650,P2,BASE,150.00,152.53,207,F,50648,32.0500
13660,P2,BASE,150.00,150.00,210,F,50708,32.0500
13670,P2,BASE,150.00,149.97,210,F,50768,32.0503
13680,P2,BASE,150.00,144.97,215,F,50826,32.1006
13690,P2,BASE,150.00,145.03,216,F,50884,32.1503
13700,P2,BASE,150.00,144.99,216,F,50942,32.2005
13710,P2,BASE,150.00,150.00,211,F,51002,32.2005
13720,P2,BASE,150.00,152.48,208,F,51063,32.1756
13730,P2,BASE,150.00,150.03,211,F,51123,32.1753
13740,P2,BASE,150.00,155.02,205,F,51185,32.1252
13750,P2,BASE,150.00,155.00,205,F,51247,32.0752
13760,P2,BASE,150.00,154.98,205,F,51309,32.0253
13770,P2,BASE,150.00,152.52,207,F,51370,32.0002
13780,P2,BASE,150.00,150.00,210,F,51430,32.0002
13790,P2,BASE,150.00,149.97,210,F,51490,32.0005
13800,P2,BASE,150.00,147.54,212,F,51549,32.0250
13810,P2,BASE,150.00,152.50,207,F,51610,32.0000
13820,P2,BASE,150.00,164.95,193,F,51676,31.8505
13830,P2,BASE,150.00,150.00,209,F,51736,31.8505
13840,P2,BASE,150.00,142.41,217,F,51793,31.9264
13850,P2,BASE,150.00,142.63,217,F,51850,32.0001
13860,P2,BASE,150.00,152.45,207,F,51911,31.9756
13870,P2,BASE,150.00,152.52,207,F,51972,31.9504
13880,P2,BASE,150.00,152.48,207,F,52033,31.9256
13890,P2,BASE,150.00,152.48,206,F,52094,31.9007
13900,P2,BASE,150.00,150.06,209,F,52154,31.9001
13910,P2,BASE,150.00,150.00,209,F,52214,31.9001
13920,P2,BASE,150.00,147.50,212,F,52273,31.9251
13930,P2,BASE,150.00,150.00,209,F,52333,31.9251
13940,P2,BASE,150.00,152.50,206,F,52394,31.9001
13950,P2,BASE,150.00,152.48,206,F,52455,31.8753
13960,P2,BASE,150.00,150.00,209,F,52515,31.8753
13970,P2,BASE,150.00,150.01,209,F,52575,31.8751
13980,P2,BASE,150.00,147.50,212,F,52634,31.9001
13990,P2,BASE,150.00,144.99,214,F,52692,31.9503
14000,P2,BASE,150.00,147.47,212,F,52751,31.9756
14010,P2,BASE,150.00,147.53,212,F,52810,32.0003
14020,P2,BASE,150.00,147.51,212,F,52869,32.0251
14030,P2,BASE,150.00,150.00,210,F,52929,32.0251
14040,P2,BASE,150.00,147.50,213,F,52988,32.0501
14050,P2,BASE,150.00,149.97,210,F,53048,32.0504
14060,P2,BASE,150.00,152.53,207,F,53109,32.0251
14070,P2,BASE,150.00,147.49,213,F,53168,32.0503
14080,P2,BASE,150.00,144.97,215,F,53226,32.1005
14090,P2,BASE,150.00,147.43,213,F,53285,32.1263
14100,P2,BASE,150.00,145.12,216,F,53343,32.1751
14110,P2,BASE,150.00,149.97,211,F,53403,32.1754
14120,P2,BASE,150.00,149.97,211,F,53463,32.1757
14130,P2,BASE,150.00,150.00,211,F,53523,32.1757
14140,P2,BASE,150.00,157.53,203,F,53586,32.1004
14150,P2,BASE,150.00,155.02,205,F,53648,32.0503
14160,P2,BASE,150.00,155.02,205,F,53710,32.0001
14170,P2,BASE,150.00,150.00,210,F,53770,32.0001
14180,P2,BASE,150.00,149.94,210,F,53830,32.0007
14190,P2,BASE,150.00,150.06,210,F,53890,32.0001
14200,P2,BASE,150.00,149.99,210,F,53950,32.0002
14210,P2,BASE,150.00,152.48,207,F,54011,31.9754
14220,P2,BASE,150.00,165.00,193,F,54077,31.8254
14230,P2,BASE,150.00,149.99,209,F,54137,31.8255
14240,P2,BASE,150.00,140.03,219,F,54193,31.9253
14250,P2,BASE,150.00,145.00,215,F,54251,31.9753
14260,P2,BASE,150.00,152.47,207,F,54312,31.9506
14270,P2,BASE,150.00,155.00,204,F,54374,31.9006
14280,P2,BASE,150.00,149.99,209,F,54434,31.9007
14290,P2,BASE,150.00,152.52,206,F,54495,31.8756
14300,P2,BASE,150.00,150.01,209,F,54555,31.8754
14310,P2,BASE,150.00,150.03,209,F,54615,31.8751
14320,P2,BASE,150.00,149.97,209,F,54675,31.8754
14330,P2,BASE,150.00,147.51,212,F,54734,31.9003
14340,P2,BASE,150.00,152.47,206,F,54795,31.8756
14350,P2,BASE,150.00,152.52,206,F,54856,31.8504
14360,P2,BASE,150.00,152.45,206,F,54917,31.8259
14370,P2,BASE,150.00,147.53,211,F,54976,31.8506
14380,P2,BASE,150.00,147.51,211,F,55035,31.8754
14390,P2,BASE,150.00,147.53,212,F,55094,31.9001
14400,P2,BASE,150.00,144.96,214,F,55152,31.9506
14410,P2,BASE,150.00,147.50,212,F,55211,31.9756
14420,P2,BASE,150.00,147.53,212,F,55270,32.0003
14430,P2,BASE,150.00,147.51,212,F,55329,32.0251
14440,P2,BASE,150.00,149.97,210,F,55389,32.0254
14450,P2,BASE,150.00,150.00,210,F,55449,32.0254
14460,P2,BASE,150.00,152.48,207,F,55510,32.0006
14470,P2,BASE,150.00,147.51,212,F,55569,32.0254
14480,P2,BASE,150.00,144.97,215,F,55627,32.0757
14490,P2,BASE,150.00,145.04,216,F,55685,32.1253
14500,P2,BASE,150.00,145.00,216,F,55743,32.1753
14510,P2,BASE,150.00,149.96,211,F,55803,32.1757
14520,P2,BASE,150.00,152.55,208,F,55864,32.1503
14530,P2,BASE,150.00,150.01,211,F,55924,32.1501
14540,P2,BASE,150.00,155.00,205,F,55986,32.1001
14550,P2,BASE,150.00,155.00,205,F,56048,32.0501
14560,P2,BASE,150.00,154.97,205,F,56110,32.0005
14570,P2,BASE,150.00,152.39,207,F,56171,31.9765
14580,P2,BASE,150.00,147.63,212,F,56230,32.0002
14590,P2,BASE,150.00,149.97,210,F,56290,32.0005
14600,P2,BASE,150.00,150.00,210,F,56350,32.0005
14610,P2,BASE,150.00,149.97,210,F,56410,32.0008
14620,P2,BASE,150.00,160.00,199,F,56474,31.9008
14630,P2,BASE,150.00,155.05,204,F,56536,31.8503
14640,P2,BASE,150.00,139.97,220,F,56592,31.9506
14650,P2,BASE,150.00,147.54,212,F,56651,31.9752
14660,P2,BASE,150.00,149.94,210,F,56711,31.9758
14670,P2,BASE,150.00,155.05,204,F,56773,31.9253
14680,P2,BASE,150.00,152.48,206,F,56834,31.9004
14690,P2,BASE,150.00,150.03,209,F,56894,31.9002
14700,P2,BASE,150.00,150.00,209,F,56954,31.9002
14710,P2,BASE,150.00,150.00,209,F,57014,31.9002
14720,P2,BASE,150.00,149.99,209,F,57074,31.9003
14730,P2,BASE,150.00,147.47,212,F,57133,31.9256
14740,P2,BASE,150.00,152.52,206,F,57194,31.9004
14750,P2,BASE,150.00,152.52,206,F,57255,31.8753
14760,P2,BASE,150.00,152.52,206,F,57316,31.8501
14770,P2,BASE,150.00,149.99,209,F,57376,31.8503
14780,P2,BASE,150.00,147.51,211,F,57435,31.8751
14790,P2,BASE,150.00,144.99,214,F,57493,31.9253
14800,P2,BASE,150.00,147.47,212,F,57552,31.9506
14810,P2,BASE,150.00,147.54,212,F,57611,31.9751
14820,P2,BASE,150.00,147.50,212,F,57670,32.0001
14830,P2,BASE,150.00,147.49,212,F,57729,32.0253
14840,P2,BASE,150.00,147.50,213,F,57788,32.0503
14850,P2,BASE,150.00,152.50,207,F,57849,32.0253
14860,P2,BASE,150.00,149.99,210,F,57909,32.0254
14870,P2,BASE,150.00,150.01,210,F,57969,32.0253
14880,P2,BASE,150.00,144.99,215,F,58027,32.0754
14890,P2,BASE,150.00,145.03,216,F,58085,32.1251
14900,P2,BASE,150.00,147.49,213,F,58144,32.1503
14910,P2,BASE,150.00,149.88,211,F,58204,32.1515
14920,P2,BASE,150.00,150.12,211,F,58264,32.1503
14930,P2,BASE,150.00,150.01,211,F,58324,32.1501
14940,P2,BASE,150.00,157.37,203,F,58387,32.0764
14950,P2,BASE,150.00,155.11,205,F,58449,32.0253
14960,P2,BASE,150.00,155.00,204,F,58511,31.9753
14970,P2,BASE,150.00,152.44,207,F,58572,31.9509
14980,P2,BASE,150.00,147.56,212,F,58631,31.9753
14990,P2,BASE,150.00,150.00,210,F,58691,31.9753
15000,P2,BASE,150.00,150.00,210,F,58751,31.9753
15010,P2,BASE,149.85,152.48,207,F,58812,31.9490
15020,P2,BASE,149.70,162.50,195,F,58877,31.8210
15030,P2,BASE,149.55,150.01,208,F,58937,31.8163
15040,P2,BASE,149.40,139.97,219,F,58993,31.9106
15050,P2,BASE,149.25,145.00,214,F,59051,31.9531
15060,P2,BASE,149.10,152.55,206,F,59112,31.9186
15070,P2,BASE,148.95,154.94,203,F,59174,31.8588
15080,P2,BASE,148.80,150.01,207,F,59234,31.8466
15090,P2,BASE,148.65,150.00,207,F,59294,31.8331
15100,P2,BASE,148.50,150.05,207,F,59354,31.8177
15110,P2,BASE,148.35,149.94,207,F,59414,31.8018
15120,P2,BASE,148.20,147.53,209,F,59473,31.8085
15130,P2,BASE,148.05,147.53,209,F,59532,31.8137
15140,P2,BASE,147.90,149.99,206,F,59592,31.7928
15150,P2,BASE,147.75,149.99,206,F,59652,31.7705
15160,P2,BASE,147.60,152.52,203,F,59713,31.7213
15170,P2,BASE,147.45,147.47,208,F,59772,31.7211
15180,P2,BASE,147.30,145.00,210,F,59830,31.7441
15190,P2,BASE,147.15,145.03,210,F,59888,31.7653
15200,P2,BASE,147.00,142.51,213,F,59945,31.8102
15210,P2,BASE,146.85,147.47,208,F,60004,31.8040
15220,P2,BASE,146.70,142.51,213,F,60061,31.8458
15230,P2,BASE,146.55,147.51,208,F,60120,31.8362
15240,P2,BASE,146.40,144.94,210,F,60178,31.8508
15250,P2,BASE,146.25,147.54,207,F,60237,31.8378
15260,P2,BASE,146.10,150.00,204,F,60297,31.7988
15270,P2,BASE,145.95,145.00,209,F,60355,31.8083
15280,P2,BASE,145.80,142.49,212,F,60412,31.8415
15290,P2,BASE,145.65,142.47,212,F,60469,31.8733
15300,P2,BASE,145.50,140.06,215,F,60525,31.9277
15310,P2,BASE,145.35,147.49,207,F,60584,31.9063
15320,P2,BASE,145.20,145.01,209,F,60642,31.9082
15330,P2,BASE,145.05,147.50,206,F,60701,31.8837
15340,P2,BASE,144.90,149.99,203,F,60761,31.8329
15350,P2,BASE,144.75,149.97,203,F,60821,31.7807
15360,P2,BASE,144.60,152.53,200,F,60882,31.7013
15370,P2,BASE,144.45,147.49,204,F,60941,31.6710
15380,P2,BASE,144.30,147.51,204,F,61000,31.6388
15390,P2,BASE,144.15,142.50,209,F,61057,31.6553
15400,P2,BASE,144.00,144.97,206,F,61115,31.6456
15410,P2,BASE,143.85,145.04,206,F,61173,31.6337
15420,P2,BASE,143.70,149.97,200,F,61233,31.5710
15430,P2,BASE,143.55,157.50,192,F,61296,31.4315
15440,P2,BASE,143.40,140.00,210,F,61352,31.4655
15450,P2,BASE,143.25,132.50,218,F,61405,31.5730
15460,P2,BASE,143.10,139.99,210,F,61461,31.6041
15470,P2,BASE,142.95,150.05,199,F,61521,31.5332
15480,P2,BASE,142.80,147.44,202,F,61580,31.4868
15490,P2,BASE,142.65,145.04,204,F,61638,31.4628
15500,P2,BASE,142.50,144.97,203,F,61696,31.4381
15510,P2,BASE,142.35,145.01,203,F,61754,31.4115
15520,P2,BASE,142.20,142.50,205,F,61811,31.4085
15530,P2,BASE,142.05,142.43,205,F,61868,31.4047
15540,P2,BASE,141.90,140.10,208,F,61924,31.4227
15550,P2,BASE,141.75,144.99,202,F,61982,31.3904
15560,P2,BASE,141.60,142.47,205,F,62039,31.3817
15570,P2,BASE,141.45,144.99,202,F,62097,31.3463
15580,P2,BASE,141.30,142.51,204,F,62154,31.3342
15590,P2,BASE,141.15,142.51,204,F,62211,31.3205
15600,P2,BASE,141.00,137.50,209,F,62266,31.3555
15610,P2,BASE,140.85,137.53,209,F,62321,31.3887
15620,P2,BASE,140.70,142.46,204,F,62378,31.3712
15630,P2,BASE,140.55,137.54,209,F,62433,31.4013
15640,P2,BASE,140.40,140.00,206,F,62489,31.4053
15650,P2,BASE,140.25,139.97,206,F,62545,31.4080
15660,P2,BASE,140.10,140.00,206,F,62601,31.4090
15670,P2,BASE,139.95,142.47,203,F,62658,31.3838
15680,P2,BASE,139.80,142.53,203,F,62715,31.3565
15690,P2,BASE,139.65,140.03,205,F,62771,31.3528
15700,P2,BASE,139.50,135.00,210,F,62825,31.3978
15710,P2,BASE,139.35,137.49,208,F,62880,31.4164
15720,P2,BASE,139.20,135.00,210,F,62934,31.4584
15730,P2,BASE,139.05,140.00,205,F,62990,31.4489
15740,P2,BASE,138.90,139.97,205,F,63046,31.4382
15750,P2,BASE,138.75,142.50,202,F,63103,31.4007
15760,P2,BASE,138.60,142.54,201,F,63160,31.3612
15770,P2,BASE,138.45,142.44,201,F,63217,31.3213
15780,P2,BASE,138.30,147.51,195,F,63276,31.2292
15790,P2,BASE,138.15,140.03,203,F,63332,31.2104
15800,P2,BASE,138.00,142.50,200,F,63389,31.1654
15810,P2,BASE,137.85,134.97,207,F,63443,31.1942
15820,P2,BASE,137.70,140.03,202,F,63499,31.1709
15830,P2,BASE,137.55,137.51,204,F,63554,31.1712
15840,P2,BASE,137.40,142.50,199,F,63611,31.1202
15850,P2,BASE,137.25,147.47,193,F,63670,31.0180
15860,P2,BASE,137.10,142.47,197,F,63727,30.9643
15870,P2,BASE,136.95,130.04,210,F,63779,31.0334
15880,P2,BASE,136.80,127.50,213,F,63830,31.1264
15890,P2,BASE,136.65,140.01,200,F,63886,31.0928
15900,P2,BASE,136.50,139.99,200,F,63942,31.0579
15910,P2,BASE,136.35,140.00,200,F,63998,31.0214
15920,P2,BASE,136.20,139.96,199,F,64054,30.9838
15930,P2,BASE,136.05,137.56,201,F,64109,30.9688
15940,P2,BASE,135.90,139.99,198,F,64165,30.9279
15950,P2,BASE,135.75,135.01,203,F,64219,30.9353
15960,P2,BASE,135.60,137.47,201,F,64274,30.9166
15970,P2,BASE,135.45,132.49,206,F,64327,30.9462
15980,P2,BASE,135.30,137.53,200,F,64382,30.9239
15990,P2,BASE,135.15,137.49,200,F,64437,30.9006
16000,P2,BASE,135.00,139.99,197,F,64493,30.8507
16010,P2,BASE,134.85,135.03,202,F,64547,30.8489
16020,P2,BASE,134.70,134.97,202,F,64601,30.8462
16030,P2,BASE,134.55,132.53,204,F,64654,30.8664
16040,P2,BASE,134.40,132.47,204,F,64707,30.8857
16050,P2,BASE,134.25,132.53,204,F,64760,30.9029
16060,P2,BASE,134.10,135.00,201,F,64814,30.8939
16070,P2,BASE,133.95,132.46,204,F,64867,30.9088
16080,P2,BASE,133.80,132.55,204,F,64920,30.9213
16090,P2,BASE,133.65,132.50,204,F,64973,30.9328
16100,P2,BASE,133.50,134.96,201,F,65027,30.9182
16110,P2,BASE,133.35,137.50,198,F,65082,30.8767
16120,P2,BASE,133.20,132.50,203,F,65135,30.8837
16130,P2,BASE,133.05,132.50,203,F,65188,30.8892
16140,P2,BASE,132.90,130.03,205,F,65240,30.9180
16150,P2,BASE,132.75,130.01,206,F,65292,30.9453
16160,P2,BASE,132.60,132.45,203,F,65345,30.9469
16170,P2,BASE,132.45,132.51,203,F,65398,30.9462
16180,P2,BASE,132.30,135.00,200,F,65452,30.9192
16190,P2,BASE,132.15,132.53,202,F,65505,30.9155
16200,P2,BASE,132.00,137.49,197,F,65560,30.8606
16210,P2,BASE,131.85,135.00,199,F,65614,30.8291
16220,P2,BASE,131.70,140.00,193,F,65670,30.7461
16230,P2,BASE,131.55,135.01,198,F,65724,30.7115
16240,P2,BASE,131.40,135.00,197,F,65778,30.6755
16250,P2,BASE,131.25,132.47,200,F,65831,30.6632
16260,P2,BASE,131.10,130.04,202,F,65883,30.6738
16270,P2,BASE,130.95,129.99,202,F,65935,30.6835
16280,P2,BASE,130.80,134.97,196,F,65989,30.6417
16290,P2,BASE,130.65,137.53,193,F,66044,30.5730
16300,P2,BASE,130.50,142.51,187,F,66101,30.4528
16310,P2,BASE,130.35,127.50,203,F,66152,30.4813
16320,P2,BASE,130.20,120.00,211,F,66200,30.5833
16330,P2,BASE,130.05,129.97,200,F,66252,30.5841
16340,P2,BASE,129.90,135.03,195,F,66306,30.5328
16350,P2,BASE,129.75,132.45,197,F,66359,30.5058
16360,P2,BASE,129.60,132.54,197,F,66412,30.4764
16370,P2,BASE,129.45,132.47,196,F,66465,30.4462
16380,P2,BASE,129.30,130.03,199,F,66517,30.4389
16390,P2,BASE,129.15,132.50,196,F,66570,30.4054
16400,P2,BASE,129.00,129.99,198,F,66622,30.3956
16410,P2,BASE,128.85,127.49,201,F,66673,30.4092
16420,P2,BASE,128.70,127.50,201,F,66724,30.4212
16430,P2,BASE,128.55,132.50,195,F,66777,30.3817
16440,P2,BASE,128.40,130.01,197,F,66829,30.3656
16450,P2,BASE,128.25,132.49,194,F,66882,30.3232
16460,P2,BASE,128.10,127.53,199,F,66933,30.3289
16470,P2,BASE,127.95,129.99,196,F,66985,30.3086
16480,P2,BASE,127.80,125.03,202,F,67035,30.3363
16490,P2,BASE,127.65,124.96,202,F,67085,30.3632
16500,P2,BASE,127.50,125.01,202,F,67135,30.3881
16510,P2,BASE,127.35,127.49,199,F,67186,30.3867
16520,P2,BASE,127.20,124.99,201,F,67236,30.4088
16530,P2,BASE,127.05,127.55,199,F,67287,30.4038
16540,P2,BASE,126.90,127.47,199,F,67338,30.3981
16550,P2,BASE,126.75,125.01,201,F,67388,30.4154
16560,P2,BASE,126.60,127.50,198,F,67439,30.4064
16570,P2,BASE,126.45,132.42,193,F,67492,30.3467
16580,P2,BASE,126.30,125.05,200,F,67542,30.3592
16590,P2,BASE,126.15,125.00,200,F,67592,30.3707
16600,P2,BASE,126.00,122.51,203,F,67641,30.4056
16610,P2,BASE,125.85,125.01,200,F,67691,30.4140
16620,P2,BASE,125.70,122.49,203,F,67740,30.4461
16630,P2,BASE,125.55,127.50,197,F,67791,30.4266
16640,P2,BASE,125.40,127.41,197,F,67842,30.4065
16650,P2,BASE,125.25,127.58,197,F,67893,30.3832
16660,P2,BASE,125.10,127.53,196,F,67944,30.3590
16670,P2,BASE,124.95,129.99,193,F,67996,30.3086
16680,P2,BASE,124.80,130.00,193,F,68048,30.2566
16690,P2,BASE,124.65,129.99,192,F,68100,30.2032
16700,P2,BASE,124.50,125.03,197,F,68150,30.1980
16710,P2,BASE,124.35,127.44,194,F,68201,30.1671
16720,P2,BASE,124.20,122.52,199,F,68250,30.1839
16730,P2,BASE,124.05,122.52,199,F,68299,30.1991
16740,P2,BASE,123.90,125.01,197,F,68349,30.1880
16750,P2,BASE,123.75,127.50,194,F,68400,30.1505
16760,P2,BASE,123.60,127.50,193,F,68451,30.1115
16770,P2,BASE,123.45,137.50,182,F,68506,29.9710
16780,P2,BASE,123.30,120.00,200,F,68554,30.0040
16790,P2,BASE,123.15,112.50,208,F,68599,30.1105
16800,P2,BASE,123.00,127.46,192,F,68650,30.0659
16810,P2,BASE,122.85,125.03,195,F,68700,30.0441
16820,P2,BASE,122.70,127.49,192,F,68751,29.9963
16830,P2,BASE,122.55,125.04,194,F,68801,29.9714
16840,P2,BASE,122.40,125.00,194,F,68851,29.9454
16850,P2,BASE,122.25,127.49,190,F,68902,29.8930
16860,P2,BASE,122.10,122.48,195,F,68951,29.8893
16870,P2,BASE,121.95,124.91,193,F,69001,29.8596
16880,P2,BASE,121.80,120.11,197,F,69049,29.8766
16890,P2,BASE,121.65,122.51,195,F,69098,29.8679
16900,P2,BASE,121.50,119.99,197,F,69146,29.8831
16910,P2,BASE,121.35,124.96,192,F,69196,29.8469
16920,P2,BASE,121.20,122.54,194,F,69245,29.8336
16930,P2,BASE,121.05,125.00,191,F,69295,29.7941
16940,P2,BASE,120.90,120.00,196,F,69343,29.8031
16950,P2,BASE,120.75,122.49,193,F,69392,29.7857
16960,P2,BASE,120.60,120.00,196,F,69440,29.7917
16970,P2,BASE,120.45,117.52,198,F,69487,29.8210
16980,P2,BASE,120.30,117.50,198,F,69534,29.8490
16990,P2,BASE,120.15,119.99,196,F,69582,29.8506
17000,P2,BASE,120.00,117.49,198,F,69629,29.8757
17010,P2,BASE,119.85,122.50,193,F,69678,29.8492
17020,P2,BASE,119.70,117.51,198,F,69725,29.8711
17030,P2,BASE,119.55,120.00,195,F,69773,29.8666
17040,P2,BASE,119.40,119.98,195,F,69821,29.8608
17050,P2,BASE,119.25,122.54,192,F,69870,29.8280
17060,P2,BASE,119.10,120.00,194,F,69918,29.8190
17070,P2,BASE,118.95,119.95,194,F,69966,29.8089
17080,P2,BASE,118.80,115.01,199,F,70012,29.8468
17090,P2,BASE,118.65,117.54,197,F,70059,29.8580
17100,P2,BASE,118.50,114.98,199,F,70105,29.8932
17110,P2,BASE,118.35,117.51,197,F,70152,29.9016
17120,P2,BASE,118.20,119.96,194,F,70200,29.8839
17130,P2,BASE,118.05,120.02,194,F,70248,29.8642
17140,P2,BASE,117.90,119.99,193,F,70296,29.8433
17150,P2,BASE,117.75,120.04,193,F,70344,29.8205
17160,P2,BASE,117.60,122.45,190,F,70393,29.7719
17170,P2,BASE,117.45,122.55,190,F,70442,29.7210
17180,P2,BASE,117.30,122.43,189,F,70491,29.6697
17190,P2,BASE,117.15,117.57,194,F,70538,29.6655
17200,P2,BASE,117.00,120.00,191,F,70586,29.6355
17210,P2,BASE,116.85,114.97,196,F,70632,29.6543
17220,P2,BASE,116.70,117.54,193,F,70679,29.6460
17230,P2,BASE,116.55,117.50,193,F,70726,29.6365
17240,P2,BASE,116.40,117.48,193,F,70773,29.6257
17250,P2,BASE,116.25,117.50,193,F,70820,29.6132
17260,P2,BASE,116.10,122.50,187,F,70869,29.5492
17270,P2,BASE,115.95,129.99,178,F,70921,29.4088
17280,P2,BASE,115.80,110.01,199,F,70965,29.4667
17290,P2,BASE,115.65,107.51,202,F,71008,29.5481
17300,P2,BASE,115.50,119.98,189,F,71056,29.5034
17310,P2,BASE,115.35,120.04,188,F,71104,29.4565
17320,P2,BASE,115.20,120.00,188,F,71152,29.4085
17330,P2,BASE,115.05,117.46,190,F,71199,29.3844
17340,P2,BASE,114.90,117.51,190,F,71246,29.3582
17350,P2,BASE,114.75,117.51,189,F,71293,29.3306
17360,P2,BASE,114.60,117.48,189,F,71340,29.3019
17370,P2,BASE,114.45,115.03,191,F,71386,29.2960
17380,P2,BASE,114.30,114.95,191,F,71432,29.2895
17390,P2,BASE,114.15,115.02,191,F,71478,29.2807
17400,P2,BASE,114.00,112.50,193,F,71523,29.2957
17410,P2,BASE,113.85,115.02,191,F,71569,29.2840
17420,P2,BASE,113.70,114.98,190,F,71615,29.2712
17430,P2,BASE,113.55,117.52,187,F,71662,29.2315
17440,P2,BASE,113.40,115.00,190,F,71708,29.2155
17450,P2,BASE,113.25,112.48,192,F,71753,29.2232
17460,P2,BASE,113.10,112.50,192,F,71798,29.2292
17470,P2,BASE,112.95,112.52,192,F,71843,29.2335
17480,P2,BASE,112.80,109.96,195,F,71887,29.2619
17490,P2,BASE,112.65,112.44,192,F,71932,29.2640
17500,P2,BASE,112.50,110.08,194,F,71976,29.2882
17510,P2,BASE,112.35,112.51,192,F,72021,29.2866
17520,P2,BASE,112.20,112.49,192,F,72066,29.2837
17530,P2,BASE,112.05,112.48,191,F,72111,29.2795
17540,P2,BASE,111.90,110.02,194,F,72155,29.2982
17550,P2,BASE,111.75,112.50,191,F,72200,29.2907
17560,P2,BASE,111.60,115.02,188,F,72246,29.2565
17570,P2,BASE,111.45,112.48,191,F,72291,29.2462
17580,P2,BASE,111.30,112.49,190,F,72336,29.2344
17590,P2,BASE,111.15,112.52,190,F,72381,29.2206
17600,P2,BASE,111.00,107.50,195,F,72424,29.2556
17610,P2,BASE,110.85,107.49,195,F,72467,29.2892
17620,P2,BASE,110.70,107.48,195,F,72510,29.3214
17630,P2,BASE,110.55,112.52,190,F,72555,29.3017
17640,P2,BASE,110.40,112.51,190,F,72600,29.2806
17650,P2,BASE,110.25,109.98,192,F,72644,29.2833
17660,P2,BASE,110.10,112.49,189,F,72689,29.2594
17670,P2,BASE,109.95,110.02,192,F,72733,29.2587
17680,P2,BASE,109.80,117.48,183,F,72780,29.1820
17690,P2,BASE,109.65,112.49,188,F,72825,29.1536
17700,P2,BASE,109.50,115.06,185,F,72871,29.0980
17710,P2,BASE,109.35,112.50,187,F,72916,29.0665
17720,P2,BASE,109.20,109.98,190,F,72960,29.0587
17730,P2,BASE,109.05,110.01,189,F,73004,29.0491
17740,P2,BASE,108.90,107.49,192,F,73047,29.0632
17750,P2,BASE,108.75,110.01,189,F,73091,29.0506
17760,P2,BASE,108.60,110.00,189,F,73135,29.0366
17770,P2,BASE,108.45,110.00,189,F,73179,29.0211
17780,P2,BASE,108.30,110.00,188,F,73223,29.0041
17790,P2,BASE,108.15,117.48,180,F,73270,28.9108
17800,P2,BASE,108.00,117.52,179,F,73317,28.8156
17810,P2,BASE,107.85,104.97,192,F,73359,28.8444
17820,P2,BASE,107.70,100.04,197,F,73399,28.9210
17830,P2,BASE,107.55,107.46,190,F,73442,28.9219
17840,P2,BASE,107.40,112.50,184,F,73487,28.8709
17850,P2,BASE,107.25,112.52,183,F,73532,28.8182
17860,P2,BASE,107.10,112.52,183,F,73577,28.7640
17870,P2,BASE,106.95,109.96,185,F,73621,28.7339
17880,P2,BASE,106.80,109.96,185,F,73665,28.7024
17890,P2,BASE,106.65,107.59,187,F,73708,28.6930
17900,P2,BASE,106.50,109.99,184,F,73752,28.6581
17910,P2,BASE,106.35,107.47,187,F,73795,28.6469
17920,P2,BASE,106.20,105.01,189,F,73837,28.6588
17930,P2,BASE,106.05,107.49,186,F,73880,28.6444
17940,P2,BASE,105.90,105.00,189,F,73922,28.6535
17950,P2,BASE,105.75,107.52,186,F,73965,28.6357
17960,P2,BASE,105.60,107.51,186,F,74008,28.6166
17970,P2,BASE,105.45,107.50,185,F,74051,28.5961
17980,P2,BASE,105.30,107.48,185,F,74094,28.5743
17990,P2,BASE,105.15,102.53,190,F,74135,28.6005
18000,P2,BASE,105.00,107.46,185,F,74178,28.5760
18010,P2,BASE,104.85,104.96,187,F,74220,28.5749
18020,P2,BASE,104.70,100.07,192,F,74260,28.6212
18030,P2,BASE,104.55,104.98,187,F,74302,28.6169
18040,P2,BASE,104.40,102.53,189,F,74343,28.6356
18050,P2,BASE,104.25,104.98,187,F,74385,28.6283
18060,P2,BASE,104.10,102.50,189,F,74426,28.6443
18070,P2,BASE,103.95,102.51,189,F,74467,28.6587
18080,P2,BASE,103.80,102.48,189,F,74508,28.6719
18090,P2,BASE,103.65,105.03,186,F,74550,28.6581
18100,P2,BASE,103.50,102.50,189,F,74591,28.6681
18110,P2,BASE,103.35,105.00,186,F,74633,28.6516
18120,P2,BASE,103.20,107.47,183,F,74676,28.6089
18130,P2,BASE,103.05,105.01,185,F,74718,28.5893
18140,P2,BASE,102.90,102.51,188,F,74759,28.5932
18150,P2,BASE,102.75,99.99,190,F,74799,28.6208
18160,P2,BASE,102.60,100.02,190,F,74839,28.6466
18170,P2,BASE,102.45,102.47,188,F,74880,28.6464
18180,P2,BASE,102.30,100.03,190,F,74920,28.6691
18190,P2,BASE,102.15,102.50,187,F,74961,28.6656
18200,P2,BASE,102.00,105.00,185,F,75003,28.6356
18210,P2,BASE,101.85,102.46,187,F,75044,28.6295
18220,P2,BASE,101.70,102.51,187,F,75085,28.6214
18230,P2,BASE,101.55,105.01,184,F,75127,28.5868
18240,P2,BASE,101.40,104.99,183,F,75169,28.5509
18250,P2,BASE,101.25,102.52,186,F,75210,28.5382
18260,P2,BASE,101.10,107.49,180,F,75253,28.4743
18270,P2,BASE,100.95,105.01,182,F,75295,28.4337
18280,P2,BASE,100.80,102.51,184,F,75336,28.4166
18290,P2,BASE,100.65,102.48,184,F,75377,28.3983
18300,P2,BASE,100.50,100.00,187,F,75417,28.4033
18310,P2,BASE,100.35,100.01,186,F,75457,28.4067
18320,P2,BASE,100.20,102.48,184,F,75498,28.3839
18330,P2,BASE,100.05,99.99,186,F,75538,28.3845
18340,P2,BASE,99.90,102.52,183,F,75579,28.3583
18350,P2,BASE,99.75,102.50,183,F,75620,28.3308
18360,P2,BASE,99.60,107.51,177,F,75663,28.2517
18370,P2,BASE,99.45,112.48,171,F,75708,28.1214
18380,P2,BASE,99.30,97.52,186,F,75747,28.1392
18390,P2,BASE,99.15,92.49,192,F,75784,28.2058
18400,P2,BASE,99.00,97.48,186,F,75823,28.2210
18410,P2,BASE,98.85,102.53,181,F,75864,28.1842
18420,P2,BASE,98.70,102.48,181,F,75905,28.1464
18430,P2,BASE,98.55,102.53,180,F,75946,28.1066
18440,P2,BASE,98.40,105.00,177,F,75988,28.0406
18450,P2,BASE,98.25,102.47,179,F,76029,27.9984
18460,P2,BASE,98.10,100.00,181,F,76069,27.9794
18470,P2,BASE,97.95,100.00,181,F,76109,27.9589
18480,P2,BASE,97.80,102.53,178,F,76150,27.9116
18490,P2,BASE,97.65,99.97,180,F,76190,27.8884
18500,P2,BASE,97.50,97.52,183,F,76229,27.8882
18510,P2,BASE,97.35,97.49,183,F,76268,27.8868
18520,P2,BASE,97.20,97.52,182,F,76307,27.8836
18530,P2,BASE,97.05,97.49,182,F,76346,27.8792
18540,P2,BASE,96.90,99.99,179,F,76386,27.8483
18550,P2,BASE,96.75,97.51,182,F,76425,27.8407
18560,P2,BASE,96.60,100.00,179,F,76465,27.8067
18570,P2,BASE,96.45,97.51,181,F,76504,27.7961
18580,P2,BASE,96.30,94.97,183,F,76542,27.8094
18590,P2,BASE,96.15,99.99,178,F,76582,27.7710
18600,P2,BASE,96.00,92.53,186,F,76619,27.8057
18610,P2,BASE,95.85,92.49,186,F,76656,27.8393
18620,P2,BASE,95.70,94.99,183,F,76694,27.8464
18630,P2,BASE,95.55,95.03,183,F,76732,27.8516
18640,P2,BASE,95.40,95.00,183,F,76770,27.8556
18650,P2,BASE,95.25,94.99,183,F,76808,27.8582
18660,P2,BASE,95.10,92.49,185,F,76845,27.8843
18670,P2,BASE,94.95,97.51,180,F,76884,27.8587
18680,P2,BASE,94.80,92.48,185,F,76921,27.8819
18690,P2,BASE,94.65,95.00,182,F,76959,27.8784
18700,P2,BASE,94.50,95.00,182,F,76997,27.8734
18710,P2,BASE,94.35,95.02,182,F,77035,27.8667
18720,P2,BASE,94.20,97.51,179,F,77074,27.8336
18730,P2,BASE,94.05,97.50,179,F,77113,27.7991
18740,P2,BASE,93.90,92.49,184,F,77150,27.8132
18750,P2,BASE,93.75,95.00,181,F,77188,27.8007
18760,P2,BASE,93.60,90.01,186,F,77224,27.8366
18770,P2,BASE,93.45,92.46,183,F,77261,27.8465
18780,P2,BASE,93.30,90.02,186,F,77297,27.8793
18790,P2,BASE,93.15,92.51,183,F,77334,27.8857
18800,P2,BASE,93.00,95.00,180,F,77372,27.8657
18810,P2,BASE,92.85,92.48,183,F,77409,27.8694
18820,P2,BASE,92.70,95.02,180,F,77447,27.8462
18830,P2,BASE,92.55,92.49,182,F,77484,27.8468
18840,P2,BASE,92.40,95.02,180,F,77522,27.8206
18850,P2,BASE,92.25,92.48,182,F,77559,27.8183
18860,P2,BASE,92.10,95.02,179,F,77597,27.7891
18870,P2,BASE,91.95,97.49,176,F,77636,27.7337
18880,P2,BASE,91.80,95.01,178,F,77674,27.7016
18890,P2,BASE,91.65,92.47,181,F,77711,27.6934
18900,P2,BASE,91.50,94.97,178,F,77749,27.6587
18910,P2,BASE,91.35,92.56,180,F,77786,27.6466
18920,P2,BASE,91.20,89.97,182,F,77822,27.6589
18930,P2,BASE,91.05,90.01,182,F,77858,27.6693
18940,P2,BASE,90.90,92.50,179,F,77895,27.6533
18950,P2,BASE,90.75,89.99,182,F,77931,27.6609
18960,P2,BASE,90.60,92.52,179,F,77968,27.6417
18970,P2,BASE,90.45,92.49,179,F,78005,27.6213
18980,P2,BASE,90.30,92.52,179,F,78042,27.5991
18990,P2,BASE,90.15,107.48,162,F,78085,27.4258
19000,P2,BASE,90.00,92.52,177,F,78122,27.4006
19010,P2,BASE,89.85,89.99,179,F,78158,27.3992
19020,P2,BASE,89.70,82.51,187,F,78191,27.4712
19030,P2,BASE,89.55,89.96,179,F,78227,27.4670
19040,P2,BASE,89.40,90.02,179,F,78263,27.4608
19050,P2,BASE,89.25,97.52,171,F,78302,27.3781
19060,P2,BASE,89.10,92.49,176,F,78339,27.3442
19070,P2,BASE,88.95,95.00,173,F,78377,27.2837
19080,P2,BASE,88.80,92.48,175,F,78414,27.2469
19090,P2,BASE,88.65,92.49,174,F,78451,27.2085
19100,P2,BASE,88.50,92.53,174,F,78488,27.1682
19110,P2,BASE,88.35,90.00,176,F,78524,27.1517
19120,P2,BASE,88.20,92.48,173,F,78561,27.1089
19130,P2,BASE,88.05,92.50,173,F,78598,27.0644
19140,P2,BASE,87.90,87.51,178,F,78633,27.0683
19150,P2,BASE,87.75,92.50,172,F,78670,27.0208
19160,P2,BASE,87.60,87.52,177,F,78705,27.0217
19170,P2,BASE,87.45,89.99,174,F,78741,26.9962
19180,P2,BASE,87.30,90.00,174,F,78777,26.9692
19190,P2,BASE,87.15,89.99,174,F,78813,26.9408
19200,P2,BASE,87.00,90.00,173,F,78849,26.9108
19210,P2,BASE,86.85,89.99,173,F,78885,26.8794
19220,P2,BASE,86.70,90.00,172,F,78921,26.8464
19230,P2,BASE,86.55,85.03,177,F,78955,26.8617
19240,P2,BASE,86.40,89.99,172,F,78991,26.8258
19250,P2,BASE,86.25,85.00,177,F,79025,26.8383
19260,P2,BASE,86.10,84.97,177,F,79059,26.8495
19270,P2,BASE,85.95,85.01,177,F,79093,26.8589
19280,P2,BASE,85.80,85.01,177,F,79127,26.8668
19290,P2,BASE,85.65,84.99,177,F,79161,26.8734
19300,P2,BASE,85.50,85.03,177,F,79195,26.8782
19310,P2,BASE,85.35,84.97,176,F,79229,26.8819
19320,P2,BASE,85.20,85.01,176,F,79263,26.8838
19330,P2,BASE,85.05,82.50,179,F,79296,26.9093
19340,P2,BASE,84.90,87.50,173,F,79331,26.8833
19350,P2,BASE,84.75,82.52,178,F,79364,26.9057
19360,P2,BASE,84.60,87.45,173,F,79399,26.8772
19370,P2,BASE,84.45,82.54,178,F,79432,26.8963
19380,P2,BASE,84.30,87.49,173,F,79467,26.8644
19390,P2,BASE,84.15,87.52,172,F,79502,26.8307
19400,P2,BASE,84.00,82.50,177,F,79535,26.8457
19410,P2,BASE,83.85,87.47,172,F,79570,26.8096
19420,P2,BASE,83.70,82.52,177,F,79603,26.8214
19430,P2,BASE,83.55,80.00,180,F,79635,26.8569
19440,P2,BASE,83.40,82.48,177,F,79668,26.8661
19450,P2,BASE,83.25,82.50,177,F,79701,26.8736
19460,P2,BASE,83.10,82.52,177,F,79734,26.8794
19470,P2,BASE,82.95,82.52,177,F,79767,26.8837
19480,P2,BASE,82.80,85.00,174,F,79801,26.8617
19490,P2,BASE,82.65,82.49,176,F,79834,26.8633
19500,P2,BASE,82.50,84.98,173,F,79868,26.8385
19510,P2,BASE,82.35,82.52,176,F,79901,26.8367
19520,P2,BASE,82.20,82.50,175,F,79934,26.8337
19530,P2,BASE,82.05,85.00,173,F,79968,26.8042
19540,P2,BASE,81.90,82.49,175,F,80001,26.7983
19550,P2,BASE,81.75,87.50,169,F,80036,26.7408
19560,P2,BASE,81.60,84.98,171,F,80070,26.7070
19570,P2,BASE,81.45,82.49,174,F,80103,26.6966
19580,P2,BASE,81.30,82.53,173,F,80136,26.6842
19590,P2,BASE,81.15,84.97,171,F,80170,26.6461
19600,P2,BASE,81.00,80.03,176,F,80202,26.6558
19610,P2,BASE,80.85,82.49,173,F,80235,26.6393
19620,P2,BASE,80.70,80.00,175,F,80267,26.6463
19630,P2,BASE,80.55,82.49,172,F,80300,26.6269
19640,P2,BASE,80.40,80.00,175,F,80332,26.6309
19650,P2,BASE,80.25,85.01,169,F,80366,26.5833
19660,P2,BASE,80.10,82.51,171,F,80399,26.5592
19670,P2,BASE,79.95,79.98,174,F,80431,26.5589
19680,P2,BASE,79.80,95.01,157,F,80469,26.4068
19690,P2,BASE,79.65,87.48,164,F,80504,26.3285
19700,P2,BASE,79.50,80.00,172,F,80536,26.3235
19710,P2,BASE,79.35,79.99,172,F,80568,26.3171
19720,P2,BASE,79.20,72.53,180,F,80597,26.3838
19730,P2,BASE,79.05,82.48,169,F,80630,26.3494
19740,P2,BASE,78.90,82.49,169,F,80663,26.3135
19750,P2,BASE,78.75,87.50,163,F,80698,26.2260
19760,P2,BASE,78.60,82.52,168,F,80731,26.1869
19770,P2,BASE,78.45,87.51,162,F,80766,26.0963
19780,P2,BASE,78.30,82.48,166,F,80799,26.0544
19790,P2,BASE,78.15,85.00,163,F,80833,25.9859
19800,P2,BASE,78.00,82.50,165,F,80866,25.9409
19810,P2,BASE,77.85,82.52,165,F,80899,25.8943
19820,P2,BASE,77.70,82.49,164,F,80932,25.8464
19830,P2,BASE,77.55,82.49,164,F,80965,25.7969
19840,P2,BASE,77.40,85.00,161,F,80999,25.7209
19850,P2,BASE,77.25,79.98,165,F,81031,25.6936
19860,P2,BASE,77.10,82.51,162,F,81064,25.6395
19870,P2,BASE,76.95,80.02,165,F,81096,25.6089
19880,P2,BASE,76.80,82.48,162,F,81129,25.5521
19890,P2,BASE,76.65,80.02,164,F,81161,25.5184
19900,P2,BASE,76.50,82.51,161,F,81194,25.4584
19910,P2,BASE,76.35,80.01,163,F,81226,25.4218
19920,P2,BASE,76.20,82.49,160,F,81259,25.3589
19930,P2,BASE,76.05,82.50,159,F,81292,25.2944
19940,P2,BASE,75.90,79.98,161,F,81324,25.2535
19950,P2,BASE,75.75,77.52,163,F,81355,25.2358
19960,P2,BASE,75.60,79.98,160,F,81387,25.1920
19970,P2,BASE,75.45,77.52,163,F,81418,25.1714
19980,P2,BASE,75.30,75.00,165,F,81448,25.1744
19990,P2,BASE,75.15,77.51,162,F,81479,25.1508
20000,P2,BASE,75.00,77.48,162,F,81510,25.1260
20010,P2,BASE,74.85,75.01,164,F,81540,25.1244
20020,P2,BASE,74.70,77.50,161,F,81571,25.0964
20030,P2,BASE,74.55,77.48,161,F,81602,25.0670
20040,P2,BASE,74.40,75.00,163,F,81632,25.0610
20050,P2,BASE,74.25,77.51,161,F,81663,25.0285
20060,P2,BASE,74.10,75.00,163,F,81693,25.0195
20070,P2,BASE,73.95,77.50,160,F,81724,24.9840
20080,P2,BASE,73.80,74.99,162,F,81754,24.9721
20090,P2,BASE,73.65,75.01,162,F,81784,24.9585
20100,P2,BASE,73.50,77.50,159,F,81815,24.9185
20110,P2,BASE,73.35,77.52,159,F,81846,24.8768
20120,P2,BASE,73.20,77.48,158,F,81877,24.8340
20130,P2,BASE,73.05,77.52,158,F,81908,24.7894
20140,P2,BASE,72.90,72.49,163,F,81937,24.7935
20150,P2,BASE,72.75,77.50,157,F,81968,24.7460
20160,P2,BASE,72.60,72.50,162,F,81997,24.7470
20170,P2,BASE,72.45,75.00,159,F,82027,24.7215
20180,P2,BASE,72.30,72.51,162,F,82056,24.7194
20190,P2,BASE,72.15,72.49,161,F,82085,24.7160
20200,P2,BASE,72.00,72.52,161,F,82114,24.7108
20210,P2,BASE,71.85,72.50,161,F,82143,24.7043
20220,P2,BASE,71.70,75.00,158,F,82173,24.6713
20230,P2,BASE,71.55,72.49,161,F,82202,24.6619
20240,P2,BASE,71.40,72.51,160,F,82231,24.6508
20250,P2,BASE,71.25,74.99,157,F,82261,24.6134
20260,P2,BASE,71.10,72.49,160,F,82290,24.5995
20270,P2,BASE,70.95,72.52,159,F,82319,24.5838
20280,P2,BASE,70.80,75.00,156,F,82349,24.5418
20290,P2,BASE,70.65,74.97,156,F,82379,24.4986
20300,P2,BASE,70.50,70.00,161,F,82407,24.5036
20310,P2,BASE,70.35,75.00,155,F,82437,24.4571
20320,P2,BASE,70.20,75.02,155,F,82467,24.4089
20330,P2,BASE,70.05,72.50,157,F,82496,24.3844
20340,P2,BASE,69.90,72.50,157,F,82525,24.3584
20350,P2,BASE,69.75,72.51,156,F,82554,24.3308
20360,P2,BASE,69.60,72.49,156,F,82583,24.3019
20370,P2,BASE,69.45,69.99,159,F,82611,24.2965
20380,P2,BASE,69.30,67.50,161,F,82638,24.3145
20390,P2,BASE,69.15,72.49,156,F,82667,24.2811
20400,P2,BASE,69.00,70.02,158,F,82695,24.2709
20410,P2,BASE,68.85,70.00,158,F,82723,24.2594
20420,P2,BASE,68.70,72.51,155,F,82752,24.2213
20430,P2,BASE,68.55,69.98,157,F,82780,24.2070
20440,P2,BASE,68.40,72.49,154,F,82809,24.1661
20450,P2,BASE,68.25,70.03,156,F,82837,24.1483
20460,P2,BASE,68.10,84.99,140,F,82871,23.9794
20470,P2,BASE,67.95,75.00,149,F,82901,23.9089
20480,P2,BASE,67.80,67.51,157,F,82928,23.9118
20490,P2,BASE,67.65,69.99,154,F,82956,23.8885
20500,P2,BASE,67.50,62.49,162,F,82981,23.9385
20510,P2,BASE,67.35,67.52,157,F,83008,23.9368
20520,P2,BASE,67.20,72.47,151,F,83037,23.8841
20530,P2,BASE,67.05,72.52,150,F,83066,23.8294
20540,P2,BASE,66.90,70.00,153,F,83094,23.7984
20550,P2,BASE,66.75,72.51,150,F,83123,23.7408
20560,P2,BASE,66.60,72.46,149,F,83152,23.6823
20570,P2,BASE,66.45,70.02,151,F,83180,23.6465
20580,P2,BASE,66.30,70.00,151,F,83208,23.6095
20590,P2,BASE,66.15,70.01,150,F,83236,23.5709
20600,P2,BASE,66.00,70.00,150,F,83264,23.5309
20610,P2,BASE,65.85,70.00,150,F,83292,23.4894
20620,P2,BASE,65.70,69.99,149,F,83320,23.4465
20630,P2,BASE,65.55,69.99,149,F,83348,23.4020
20640,P2,BASE,65.40,67.52,151,F,83375,23.3808
20650,P2,BASE,65.25,69.99,148,F,83403,23.3335
20660,P2,BASE,65.10,67.49,150,F,83430,23.3096
20670,P2,BASE,64.95,65.00,153,F,83456,23.3091
20680,P2,BASE,64.80,67.51,150,F,83483,23.2820
20690,P2,BASE,64.65,67.50,149,F,83510,23.2535
20700,P2,BASE,64.50,67.51,149,F,83537,23.2234
20710,P2,BASE,64.35,64.99,151,F,83563,23.2170
20720,P2,BASE,64.20,67.51,148,F,83590,23.1839
20730,P2,BASE,64.05,64.98,151,F,83616,23.1746
20740,P2,BASE,63.90,67.52,148,F,83643,23.1384
20750,P2,BASE,63.75,64.98,150,F,83669,23.1261
20760,P2,BASE,63.60,67.53,147,F,83696,23.0868
20770,P2,BASE,63.45,65.00,149,F,83722,23.0713
20780,P2,BASE,63.30,62.48,152,F,83747,23.0795
20790,P2,BASE,63.15,65.02,149,F,83773,23.0608
20800,P2,BASE,63.00,62.50,151,F,83798,23.0658
20810,P2,BASE,62.85,62.49,151,F,83823,23.0695
20820,P2,BASE,62.70,60.01,154,F,83847,23.0963
20830,P2,BASE,62.55,62.48,151,F,83872,23.0970
20840,P2,BASE,62.40,62.52,151,F,83897,23.0958
20850,P2,BASE,62.25,60.00,154,F,83921,23.1183
20860,P2,BASE,62.10,64.96,148,F,83947,23.0897
20870,P2,BASE,61.95,62.51,151,F,83972,23.0841
20880,P2,BASE,61.80,62.51,150,F,83997,23.0770
20890,P2,BASE,61.65,60.01,153,F,84021,23.0935
20900,P2,BASE,61.50,60.01,153,F,84045,23.1083
20910,P2,BASE,61.35,64.97,147,F,84071,23.0721
20920,P2,BASE,61.20,60.01,152,F,84095,23.0840
20930,P2,BASE,61.05,62.52,150,F,84120,23.0694
20940,P2,BASE,60.90,62.48,149,F,84145,23.0536
20950,P2,BASE,60.75,60.02,152,F,84169,23.0609
20960,P2,BASE,60.60,65.00,146,F,84195,23.0169
20970,P2,BASE,60.45,59.99,151,F,84219,23.0214
20980,P2,BASE,60.30,64.99,146,F,84245,22.9745
20990,P2,BASE,60.15,62.49,148,F,84270,22.9511
21000,P2,BASE,60.00,62.51,148,F,84295,22.9261
21010,P2,BASE,59.85,62.49,147,F,84320,22.8996
21020,P2,BASE,59.70,60.00,150,F,84344,22.8966
21030,P2,BASE,59.55,62.51,147,F,84369,22.8671
21040,P2,BASE,59.40,60.01,149,F,84393,22.8610
21050,P2,BASE,59.25,60.01,149,F,84417,22.8534
21060,P2,BASE,59.10,59.99,149,F,84441,22.8446
21070,P2,BASE,58.95,60.01,148,F,84465,22.8340
21080,P2,BASE,58.80,59.99,148,F,84489,22.8221
21090,P2,BASE,58.65,57.51,151,F,84512,22.8334
21100,P2,BASE,58.50,59.99,148,F,84536,22.8185
21110,P2,BASE,58.35,60.00,148,F,84560,22.8020
21120,P2,BASE,58.20,60.00,147,F,84584,22.7840
21130,P2,BASE,58.05,59.99,147,F,84608,22.7646
21140,P2,BASE,57.90,60.01,147,F,84632,22.7434
21150,P2,BASE,57.75,59.99,146,F,84656,22.7211
21160,P2,BASE,57.60,57.52,149,F,84679,22.7219
21170,P2,BASE,57.45,60.00,146,F,84703,22.6964
21180,P2,BASE,57.30,57.48,148,F,84726,22.6946
21190,P2,BASE,57.15,57.51,148,F,84749,22.6909
21200,P2,BASE,57.00,60.00,145,F,84773,22.6609
21210,P2,BASE,56.85,59.99,145,F,84797,22.6295
21220,P2,BASE,56.70,57.50,147,F,84820,22.6215
21230,P2,BASE,56.55,59.99,144,F,84844,22.5871
21240,P2,BASE,56.40,57.52,147,F,84867,22.5760
21250,P2,BASE,56.25,60.01,144,F,84891,22.5384
21260,P2,BASE,56.10,54.98,149,F,84913,22.5496
21270,P2,BASE,55.95,57.52,146,F,84936,22.5339
21280,P2,BASE,55.80,57.50,146,F,84959,22.5169
21290,P2,BASE,55.65,57.48,145,F,84982,22.4986
21300,P2,BASE,55.50,55.01,148,F,85004,22.5035
21310,P2,BASE,55.35,57.51,145,F,85027,22.4819
21320,P2,BASE,55.20,55.00,147,F,85049,22.4839
21330,P2,BASE,55.05,55.00,147,F,85071,22.4844
21340,P2,BASE,54.90,57.50,144,F,85094,22.4584
21350,P2,BASE,54.75,54.99,147,F,85116,22.4559
21360,P2,BASE,54.60,57.51,144,F,85139,22.4269
21370,P2,BASE,54.45,57.49,144,F,85162,22.3965
21380,P2,BASE,54.30,57.51,143,F,85185,22.3645
21390,P2,BASE,54.15,57.51,143,F,85208,22.3309
21400,P2,BASE,54.00,57.50,142,F,85231,22.2959
21410,P2,BASE,53.85,69.99,128,F,85259,22.1345
21420,P2,BASE,53.70,62.51,135,F,85284,22.0464
21430,P2,BASE,53.55,54.99,143,F,85306,22.0320
21440,P2,BASE,53.40,54.99,142,F,85328,22.0161
21450,P2,BASE,53.25,55.00,142,F,85350,21.9986
21460,P2,BASE,53.10,50.00,147,F,85370,22.0296
21470,P2,BASE,52.95,52.50,145,F,85391,22.0341
21480,P2,BASE,52.80,57.51,139,F,85414,21.9869
21490,P2,BASE,52.65,57.51,139,F,85437,21.9384
21500,P2,BASE,52.50,60.00,135,F,85461,21.8634
21510,P2,BASE,52.35,54.98,140,F,85483,21.8371
21520,P2,BASE,52.20,57.51,137,F,85506,21.7839
21530,P2,BASE,52.05,57.49,137,F,85529,21.7296
21540,P2,BASE,51.90,57.52,136,F,85552,21.6734
21550,P2,BASE,51.75,57.50,136,F,85575,21.6159
21560,P2,BASE,51.60,54.98,138,F,85597,21.5820
21570,P2,BASE,51.45,55.01,137,F,85619,21.5465
21580,P2,BASE,51.30,57.47,134,F,85642,21.4848
21590,P2,BASE,51.15,55.03,136,F,85664,21.4460
21600,P2,BASE,51.00,54.99,136,F,85686,21.4061
21610,P2,BASE,50.85,55.02,136,F,85708,21.3644
21620,P2,BASE,50.70,54.98,135,F,85730,21.3216
21630,P2,BASE,50.55,52.51,137,F,85751,21.3021
21640,P2,BASE,50.40,55.00,134,F,85773,21.2561
21650,P2,BASE,50.25,52.51,137,F,85794,21.2335
21660,P2,BASE,50.10,52.51,136,F,85815,21.2094
21670,P2,BASE,49.95,52.49,136,F,85836,21.1840
21680,P2,BASE,49.80,52.49,136,F,85857,21.1571
21690,P2,BASE,49.65,52.52,135,F,85878,21.1284
21700,P2,BASE,49.50,49.99,138,F,85898,21.1235
21710,P2,BASE,49.35,49.99,138,F,85918,21.1171
21720,P2,BASE,49.20,52.50,135,F,85939,21.0841
21730,P2,BASE,49.05,50.00,137,F,85959,21.0746
21740,P2,BASE,48.90,49.99,137,F,85979,21.0636
21750,P2,BASE,48.75,52.49,134,F,86000,21.0262
21760,P2,BASE,48.60,47.52,139,F,86019,21.0370
21770,P2,BASE,48.45,50.01,136,F,86039,21.0214
21780,P2,BASE,48.30,50.00,136,F,86059,21.0044
21790,P2,BASE,48.15,49.98,135,F,86079,20.9861
21800,P2,BASE,48.00,47.50,138,F,86098,20.9911
21810,P2,BASE,47.85,50.01,135,F,86118,20.9696
21820,P2,BASE,47.70,45.01,140,F,86136,20.9965
21830,P2,BASE,47.55,47.49,137,F,86155,20.9971
21840,P2,BASE,47.40,50.00,135,F,86175,20.9711
21850,P2,BASE,47.25,47.50,137,F,86194,20.9685
21860,P2,BASE,47.10,45.00,139,F,86212,20.9896
21870,P2,BASE,46.95,47.51,137,F,86231,20.9839
21880,P2,BASE,46.80,45.00,139,F,86249,21.0020
21890,P2,BASE,46.65,45.00,139,F,86267,21.0185
21900,P2,BASE,46.50,47.49,136,F,86286,21.0086
21910,P2,BASE,46.35,47.50,136,F,86305,20.9971
21920,P2,BASE,46.20,45.00,139,F,86323,21.0091
21930,P2,BASE,46.05,47.50,136,F,86342,20.9945
21940,P2,BASE,45.90,47.49,136,F,86361,20.9786
21950,P2,BASE,45.75,45.00,138,F,86379,20.9861
21960,P2,BASE,45.60,47.51,135,F,86398,20.9670
21970,P2,BASE,45.45,45.00,138,F,86416,20.9714
21980,P2,BASE,45.30,44.99,138,F,86434,20.9746
21990,P2,BASE,45.15,47.50,135,F,86453,20.9511
22000,P2,BASE,45.00,47.50,134,F,86472,20.9261
22010,P2,BASE,44.85,47.50,134,F,86491,20.8996
22020,P2,BASE,44.70,45.00,136,F,86509,20.8966
22030,P2,BASE,44.55,45.00,136,F,86527,20.8920
22040,P2,BASE,44.40,47.50,133,F,86546,20.8610
22050,P2,BASE,44.25,45.00,136,F,86564,20.8535
22060,P2,BASE,44.10,47.50,133,F,86583,20.8195
22070,P2,BASE,43.95,45.00,135,F,86601,20.8089
22080,P2,BASE,43.80,47.49,132,F,86620,20.7720
22090,P2,BASE,43.65,45.01,134,F,86638,20.7584
22100,P2,BASE,43.50,47.50,132,F,86657,20.7184
22110,P2,BASE,43.35,47.49,131,F,86676,20.6771
22120,P2,BASE,43.20,47.50,131,F,86695,20.6341
22130,P2,BASE,43.05,45.00,133,F,86713,20.6145
22140,P2,BASE,42.90,42.50,135,F,86730,20.6186
22150,P2,BASE,42.75,47.50,130,F,86749,20.5710
22160,P2,BASE,42.60,45.00,132,F,86767,20.5470
22170,P2,BASE,42.45,45.00,132,F,86785,20.5215
22180,P2,BASE,42.30,42.50,134,F,86802,20.5196
22190,P2,BASE,42.15,42.51,134,F,86819,20.5160
22200,P2,BASE,42.00,42.49,134,F,86836,20.5110
22210,P2,BASE,41.85,45.01,131,F,86854,20.4794
22220,P2,BASE,41.70,42.50,133,F,86871,20.4714
22230,P2,BASE,41.55,42.49,133,F,86888,20.4621
22240,P2,BASE,41.40,42.50,133,F,86905,20.4510
22250,P2,BASE,41.25,40.01,135,F,86921,20.4635
22260,P2,BASE,41.10,44.99,130,F,86939,20.4245
22270,P2,BASE,40.95,40.01,135,F,86955,20.4340
22280,P2,BASE,40.80,42.50,132,F,86972,20.4170
22290,P2,BASE,40.65,42.50,132,F,86989,20.3985
22300,P2,BASE,40.50,40.00,134,F,87005,20.4035
22310,P2,BASE,40.35,40.00,134,F,87021,20.4070
22320,P2,BASE,40.20,42.50,131,F,87038,20.3840
22330,P2,BASE,40.05,42.51,131,F,87055,20.3595
22340,P2,BASE,39.90,39.99,133,F,87071,20.3585
22350,P2,BASE,39.75,37.51,136,F,87086,20.3810
22360,P2,BASE,39.60,39.99,133,F,87102,20.3771
22370,P2,BASE,39.45,40.01,133,F,87118,20.3715
22380,P2,BASE,39.30,37.49,135,F,87133,20.3895
22390,P2,BASE,39.15,39.99,132,F,87149,20.3811
22400,P2,BASE,39.00,40.01,132,F,87165,20.3710
22410,P2,BASE,38.85,39.99,132,F,87181,20.3596
22420,P2,BASE,38.70,37.51,135,F,87196,20.3715
22430,P2,BASE,38.55,37.50,134,F,87211,20.3820
22440,P2,BASE,38.40,39.99,132,F,87227,20.3661
22450,P2,BASE,38.25,40.00,131,F,87243,20.3485
22460,P2,BASE,38.10,40.01,131,F,87259,20.3295
22470,P2,BASE,37.95,37.50,134,F,87274,20.3340
22480,P2,BASE,37.80,37.50,133,F,87289,20.3370
22490,P2,BASE,37.65,37.49,133,F,87304,20.3386
22500,P2,BASE,37.50,37.52,133,F,87319,20.3385
22510,P2,BASE,37.35,37.50,133,F,87334,20.3370
22520,P2,BASE,37.20,37.49,133,F,87349,20.3340
22530,P2,BASE,37.05,40.00,130,F,87365,20.3045
22540,P2,BASE,36.90,37.50,132,F,87380,20.2986
22550,P2,BASE,36.75,37.50,132,F,87395,20.2911
22560,P2,BASE,36.60,35.01,134,F,87409,20.3070
22570,P2,BASE,36.45,37.50,132,F,87424,20.2965
22580,P2,BASE,36.30,37.49,132,F,87439,20.2846
22590,P2,BASE,36.15,37.50,131,F,87454,20.2711
22600,P2,BASE,36.00,40.01,128,F,87470,20.2310
22610,P2,BASE,35.85,37.50,131,F,87485,20.2145
22620,P2,BASE,35.70,37.50,130,F,87500,20.1965
22630,P2,BASE,35.55,37.50,130,F,87515,20.1770
22640,P2,BASE,35.40,40.00,127,F,87531,20.1310
22650,P2,BASE,35.25,39.98,127,F,87547,20.0837
22660,P2,BASE,35.10,37.53,129,F,87562,20.0595
22670,P2,BASE,34.95,37.49,128,F,87577,20.0341
22680,P2,BASE,34.80,40.01,125,F,87593,19.9820
22690,P2,BASE,34.65,37.50,128,F,87608,19.9535
22700,P2,BASE,34.50,37.49,127,F,87623,19.9236
22710,P2,BASE,34.35,42.51,122,F,87640,19.8420
22720,P2,BASE,34.20,52.49,110,F,87661,19.6591
22730,P2,BASE,34.05,42.50,119,F,87678,19.5746
22740,P2,BASE,33.90,35.01,127,F,87692,19.5635
22750,P2,BASE,33.75,37.50,124,F,87707,19.5260
22760,P2,BASE,33.60,37.49,124,F,87722,19.4871
22770,P2,BASE,33.45,35.00,126,F,87736,19.4716
22780,P2,BASE,33.30,35.00,126,F,87750,19.4546
22790,P2,BASE,33.15,32.50,128,F,87763,19.4611
22800,P2,BASE,33.00,32.50,128,F,87776,19.4661
22810,P2,BASE,32.85,37.51,122,F,87791,19.4195
22820,P2,BASE,32.70,39.98,119,F,87807,19.3467
22830,P2,BASE,32.55,37.51,121,F,87822,19.2970
22840,P2,BASE,32.40,37.50,121,F,87837,19.2460
22850,P2,BASE,32.25,37.50,120,F,87852,19.1935
22860,P2,BASE,32.10,37.49,120,F,87867,19.1396
22870,P2,BASE,31.95,37.51,119,F,87882,19.0840
22880,P2,BASE,31.80,37.50,119,F,87897,19.0271
22890,P2,BASE,31.65,35.01,121,F,87911,18.9935
22900,P2,BASE,31.50,34.99,120,F,87925,18.9587
22910,P2,BASE,31.35,37.51,117,F,87940,18.8970
22920,P2,BASE,31.20,34.99,120,F,87954,18.8591
22930,P2,BASE,31.05,37.51,116,F,87969,18.7945
22940,P2,BASE,30.90,32.49,121,F,87982,18.7786
22950,P2,BASE,30.75,35.00,118,F,87996,18.7361
22960,P2,BASE,30.60,32.50,120,F,88009,18.7171
22970,P2,BASE,30.45,35.01,117,F,88023,18.6715
22980,P2,BASE,30.30,32.50,120,F,88036,18.6496
22990,P2,BASE,30.15,32.51,119,F,88049,18.6260
23000,P2,BASE,30.00,34.99,116,F,88063,18.5761
23010,P2,BASE,29.85,32.50,119,F,88076,18.5496
23020,P2,BASE,29.70,32.50,118,F,88089,18.5216
23030,P2,BASE,29.55,30.00,121,F,88101,18.5170
23040,P2,BASE,29.40,32.50,118,F,88114,18.4860
23050,P2,BASE,29.25,32.50,117,F,88127,18.4535
23060,P2,BASE,29.10,30.00,120,F,88139,18.4445
23070,P2,BASE,28.95,30.00,120,F,88151,18.4340
23080,P2,BASE,28.80,29.99,119,F,88163,18.4221
23090,P2,BASE,28.65,30.01,119,F,88175,18.4085
23100,P2,BASE,28.50,29.99,119,F,88187,18.3936
23110,P2,BASE,28.35,30.00,119,F,88199,18.3771
23120,P2,BASE,28.20,27.50,121,F,88210,18.3841
23130,P2,BASE,28.05,27.51,121,F,88221,18.3895
23140,P2,BASE,27.90,27.49,121,F,88232,18.3936
23150,P2,BASE,27.75,27.50,121,F,88243,18.3961
23160,P2,BASE,27.60,27.50,120,F,88254,18.3971
23170,P2,BASE,27.45,29.99,118,F,88266,18.3716
23180,P2,BASE,27.30,27.51,120,F,88277,18.3695
23190,P2,BASE,27.15,24.99,122,F,88287,18.3911
23200,P2,BASE,27.00,25.00,122,F,88297,18.4111
23210,P2,BASE,26.85,27.50,120,F,88308,18.4046
23220,P2,BASE,26.70,25.01,122,F,88318,18.4215
23230,P2,BASE,26.55,27.50,119,F,88329,18.4120
23240,P2,BASE,26.40,25.00,122,F,88339,18.4261
23250,P2,BASE,26.25,25.00,122,F,88349,18.4386
23260,P2,BASE,26.10,27.50,119,F,88360,18.4246
23270,P2,BASE,25.95,25.01,122,F,88370,18.4340
23280,P2,BASE,25.80,25.00,121,F,88380,18.4420
23290,P2,BASE,25.65,25.00,121,F,88390,18.4486
23300,P2,BASE,25.50,25.00,121,F,88400,18.4536
23310,P2,BASE,25.35,22.51,124,F,88409,18.4820
23320,P2,BASE,25.20,25.00,121,F,88419,18.4840
23330,P2,BASE,25.05,22.49,124,F,88428,18.5096
23340,P2,BASE,24.90,25.01,121,F,88438,18.5085
23350,P2,BASE,24.75,25.00,121,F,88448,18.5061
23360,P2,BASE,24.60,22.50,123,F,88457,18.5271
23370,P2,BASE,24.45,25.00,121,F,88467,18.5216
23380,P2,BASE,24.30,22.51,123,F,88476,18.5395
23390,P2,BASE,24.15,25.00,120,F,88486,18.5310
23400,P2,BASE,24.00,22.49,123,F,88495,18.5461
23410,P2,BASE,23.85,22.50,123,F,88504,18.5596
23420,P2,BASE,23.70,24.99,120,F,88514,18.5466
23430,P2,BASE,23.55,22.50,122,F,88523,18.5571
23440,P2,BASE,23.40,20.00,125,F,88531,18.5911
23450,P2,BASE,23.25,22.50,122,F,88540,18.5986
23460,P2,BASE,23.10,25.00,120,F,88550,18.5796
23470,P2,BASE,22.95,22.50,122,F,88559,18.5841
23480,P2,BASE,22.80,22.50,122,F,88568,18.5870
23490,P2,BASE,22.65,25.00,119,F,88578,18.5636
23500,P2,BASE,22.50,22.50,121,F,88587,18.5636
23510,P2,BASE,22.35,22.50,121,F,88596,18.5621
23520,P2,BASE,22.20,20.00,124,F,88604,18.5841
23530,P2,BASE,22.05,25.00,118,F,88614,18.5546
23540,P2,BASE,21.90,22.51,121,F,88623,18.5486
23550,P2,BASE,21.75,22.49,121,F,88632,18.5411
23560,P2,BASE,21.60,22.50,120,F,88641,18.5321
23570,P2,BASE,21.45,20.00,123,F,88649,18.5466
23580,P2,BASE,21.30,25.00,117,F,88659,18.5096
23590,P2,BASE,21.15,22.50,120,F,88668,18.4961
23600,P2,BASE,21.00,22.51,119,F,88677,18.4810
23610,P2,BASE,20.85,22.49,119,F,88686,18.4646
23620,P2,BASE,20.70,25.01,116,F,88696,18.4216
23630,P2,BASE,20.55,22.50,118,F,88705,18.4021
23640,P2,BASE,20.40,22.50,118,F,88714,18.3811
23650,P2,BASE,20.25,22.50,118,F,88723,18.3586
23660,P2,BASE,20.10,22.50,117,F,88732,18.3346
23670,P2,BASE,19.95,22.50,117,F,88741,18.3091
23680,P2,BASE,19.80,22.50,117,F,88750,18.2821
23690,P2,BASE,19.65,22.50,116,F,88759,18.2536
23700,P2,BASE,19.50,22.50,116,F,88768,18.2236
23710,P2,BASE,19.35,22.50,116,F,88777,18.1921
23720,P2,BASE,19.20,22.50,115,F,88786,18.1591
23730,P2,BASE,19.05,22.50,115,F,88795,18.1246
23740,P2,BASE,18.90,22.50,115,F,88804,18.0885
23750,P2,BASE,18.75,22.50,114,F,88813,18.0510
23760,P2,BASE,18.60,22.50,114,F,88822,18.0120
23770,P2,BASE,18.45,19.99,116,F,88830,17.9966
23780,P2,BASE,18.30,22.50,113,F,88839,17.9546
23790,P2,BASE,18.15,20.00,115,F,88847,17.9360
23800,P2,BASE,18.00,22.49,112,F,88856,17.8911
23810,P2,BASE,17.85,22.51,112,F,88865,17.8445
23820,P2,BASE,17.70,19.99,114,F,88873,17.8216
23830,P2,BASE,17.55,22.50,111,F,88882,17.7721
23840,P2,BASE,17.40,20.00,113,F,88890,17.7461
23850,P2,BASE,17.25,20.00,113,F,88898,17.7186
23860,P2,BASE,17.10,20.00,113,F,88906,17.6896
23870,P2,BASE,16.95,20.00,112,F,88914,17.6591
23880,P2,BASE,16.80,20.00,112,F,88922,17.6271
23890,P2,BASE,16.65,20.00,112,F,88930,17.5936
23900,P2,BASE,16.50,20.00,111,F,88938,17.5585
23910,P2,BASE,16.35,20.00,111,F,88946,17.5221
23920,P2,BASE,16.20,20.00,110,F,88954,17.4841
23930,P2,BASE,16.05,17.50,113,F,88961,17.4696
23940,P2,BASE,15.90,20.01,110,F,88969,17.4285
23950,P2,BASE,15.75,19.99,109,F,88977,17.3861
23960,P2,BASE,15.60,17.51,112,F,88984,17.3670
23970,P2,BASE,15.45,19.99,109,F,88992,17.3216
23980,P2,BASE,15.30,17.50,111,F,88999,17.2996
23990,P2,BASE,15.15,17.50,111,F,89006,17.2761
24000,P2,BASE,15.00,17.50,110,F,89013,17.2511
24010,P2,BASE,14.85,20.00,107,F,89021,17.1996
24020,P2,BASE,14.70,17.50,109,F,89028,17.1716
24030,P2,BASE,14.55,17.50,109,F,89035,17.1421
24040,P2,BASE,14.40,17.50,109,F,89042,17.1111
24050,P2,BASE,14.25,20.00,106,F,89050,17.0536
24060,P2,BASE,14.10,15.00,111,F,89056,17.0446
24070,P2,BASE,13.95,17.50,108,F,89063,17.0091
24080,P2,BASE,13.80,17.50,107,F,89070,16.9721
24090,P2,BASE,13.65,15.00,110,F,89076,16.9586
24100,P2,BASE,13.50,17.50,107,F,89083,16.9186
24110,P2,BASE,13.35,17.50,106,F,89090,16.8771
24120,P2,BASE,13.20,15.00,108,F,89096,16.8591
24130,P2,BASE,13.05,15.00,108,F,89102,16.8396
24140,P2,BASE,12.90,15.00,108,F,89108,16.8186
24150,P2,BASE,12.75,15.00,108,F,89114,16.7961
24160,P2,BASE,12.60,15.00,107,F,89120,16.7721
24170,P2,BASE,12.45,15.00,107,F,89126,16.7466
24180,P2,BASE,12.30,12.50,109,F,89131,16.7446
24190,P2,BASE,12.15,15.00,106,F,89137,16.7161
24200,P2,BASE,12.00,15.00,106,F,89143,16.6861
24210,P2,BASE,11.85,12.50,108,F,89148,16.6796
24220,P2,BASE,11.70,15.00,105,F,89154,16.6466
24230,P2,BASE,11.55,12.50,108,F,89159,16.6371
24240,P2,BASE,11.40,15.00,105,F,89165,16.6011
24250,P2,BASE,11.25,12.50,107,F,89170,16.5886
24260,P2,BASE,11.10,12.50,107,F,89175,16.5746
24270,P2,BASE,10.95,10.00,109,F,89179,16.5841
24280,P2,BASE,10.80,12.50,107,F,89184,16.5671
24290,P2,BASE,10.65,12.50,106,F,89189,16.5486
24300,P2,BASE,10.50,10.00,109,F,89193,16.5536
24310,P2,BASE,10.35,12.50,106,F,89198,16.5321
24320,P2,BASE,10.20,10.00,108,F,89202,16.5341
24330,P2,BASE,10.05,12.50,105,F,89207,16.5096
24340,P2,BASE,9.90,10.00,108,F,89211,16.5086
24350,P2,BASE,9.75,10.00,108,F,89215,16.5061
24360,P2,BASE,9.60,12.50,105,F,89220,16.4771
24370,P2,BASE,9.45,10.00,107,F,89224,16.4716
24380,P2,BASE,9.30,10.00,107,F,89228,16.4646
24390,P2,BASE,9.15,10.00,107,F,89232,16.4561
24400,P2,BASE,9.00,7.50,109,F,89235,16.4711
24410,P2,BASE,8.85,10.00,106,F,89239,16.4596
24420,P2,BASE,8.70,10.00,106,F,89243,16.4466
24430,P2,BASE,8.55,10.00,106,F,89247,16.4321
24440,P2,BASE,8.40,7.50,108,F,89250,16.4411
24450,P2,BASE,8.25,10.00,106,F,89254,16.4236
24460,P2,BASE,8.10,7.50,108,F,89257,16.4296
24470,P2,BASE,7.95,10.00,105,F,89261,16.4091
24480,P2,BASE,7.80,10.00,105,F,89265,16.3871
24490,P2,BASE,7.65,5.00,110,F,89267,16.4136
24500,P2,BASE,7.50,7.50,107,F,89270,16.4136
24510,P2,BASE,7.35,7.50,107,F,89273,16.4121
24520,P2,BASE,7.20,7.50,107,F,89276,16.4091
24530,P2,BASE,7.05,7.50,107,F,89279,16.4046
24540,P2,BASE,6.90,7.50,107,F,89282,16.3986
24550,P2,BASE,6.75,5.00,109,F,89284,16.4161
24560,P2,BASE,6.60,7.50,106,F,89287,16.4071
24570,P2,BASE,6.45,5.00,109,F,89289,16.4216
24580,P2,BASE,6.30,5.00,109,F,89291,16.4346
24590,P2,BASE,6.15,5.00,109,F,89293,16.4461
24600,P2,BASE,6.00,5.00,109,F,89295,16.4561
24610,P2,BASE,5.85,7.50,106,F,89298,16.4396
24620,P2,BASE,5.70,7.50,106,F,89301,16.4216
24630,P2,BASE,5.55,5.00,108,F,89303,16.4271
24640,P2,BASE,5.40,0.00,113,F,89303,16.4811
24650,P2,BASE,5.25,5.00,108,F,89305,16.4836
24660,P2,BASE,5.10,2.50,111,F,89306,16.5096
24670,P2,BASE,4.95,0.00,113,F,89306,16.5591
24680,P2,BASE,4.80,0.00,113,F,89306,16.6071
24690,P2,BASE,4.65,2.50,111,F,89307,16.6286
24700,P2,BASE,4.50,2.50,111,F,89308,16.6486
24710,P2,BASE,4.35,5.00,108,F,89310,16.6421
24720,P2,BASE,4.20,5.00,108,F,89312,16.6341
24730,P2,BASE,4.05,5.00,108,F,89314,16.6246
24740,P2,BASE,3.90,5.00,107,F,89316,16.6136
24750,P2,BASE,3.75,5.00,107,F,89318,16.6011
24760,P2,BASE,3.60,7.50,104,F,89321,16.5621
24770,P2,BASE,3.45,2.50,109,F,89322,16.5716
24780,P2,BASE,3.30,0.00,112,F,89322,16.6046
24790,P2,BASE,3.15,0.00,112,F,89322,16.6361
24800,P2,BASE,3.00,0.00,112,F,89322,16.6661
24810,P2,BASE,2.85,0.00,112,F,89322,16.6946
24820,P2,BASE,2.70,0.00,112,F,89322,16.7216
24830,P2,BASE,2.55,0.00,112,F,89322,16.7471
24840,P2,BASE,2.40,0.00,112,F,89322,16.7711
24850,P2,BASE,2.25,0.00,112,F,89322,16.7936
24860,P2,BASE,2.10,0.00,112,F,89322,16.8146
24870,P2,BASE,1.95,0.00,112,F,89322,16.8341
24880,P2,BASE,1.80,0.00,112,F,89322,16.8521
24890,P2,BASE,1.65,0.00,112,F,89322,16.8686
24900,P2,BASE,1.50,0.00,112,F,89322,16.8836
24910,P2,BASE,1.35,0.00,112,F,89322,16.8971
24920,P2,BASE,1.20,0.00,112,F,89322,16.9091
24930,P2,BASE,1.05,0.00,112,F,89322,16.9196
24940,P2,BASE,0.90,0.00,112,F,89322,16.9286
24950,P2,BASE,0.75,0.00,111,F,89322,16.9361
24960,P2,BASE,0.60,0.00,111,F,89322,16.9421
24970,P2,BASE,0.45,0.00,111,F,89322,16.9466
24980,P2,BASE,0.30,0.00,111,F,89322,16.9496
24990,P2,BASE,0.15,0.00,111,F,89322,16.9511
25000,P2,BASE,0.00,0.00,111,F,89322,16.9511
25010,P2,BASE,0.00,0.00,111,F,89322,16.9511
25020,P2,BASE,0.00,0.00,111,F,89322,16.9511
25030,P2,BASE,0.00,0.00,111,F,89322,16.9511
25040,P2,BASE,0.00,0.00,111,F,89322,16.9511
25050,P2,BASE,0.00,0.00,111,F,89322,16.9511
25060,P2,BASE,0.00,0.00,111,F,89322,16.9511
25070,P2,BASE,0.00,0.00,111,F,89322,16.9511
25080,P2,BASE,0.00,0.00,111,F,89322,16.9511
25090,P2,BASE,0.00,0.00,111,F,89322,16.9511
25100,P2,BASE,0.00,0.00,111,F,89322,16.9511
25110,P2,BASE,0.00,0.00,111,F,89322,16.9511
25120,P2,BASE,0.00,0.00,111,F,89322,16.9511
25130,P2,BASE,0.00,0.00,111,F,89322,16.9511
25140,P2,BASE,0.00,0.00,111,F,89322,16.9511
25150,P2,BASE,0.00,0.00,111,F,89322,16.9511
25160,P2,BASE,0.00,0.00,111,F,89322,16.9511
25170,P2,BASE,0.00,0.00,111,F,89322,16.9511
25180,P2,BASE,0.00,0.00,111,F,89322,16.9511
25190,P2,BASE,0.00,0.00,111,F,89322,16.9511
25200,P2,BASE,0.00,0.00,111,F,89322,16.9511
25210,P2,BASE,0.00,0.00,111,F,89322,16.9511
25220,P2,BASE,0.00,0.00,111,F,89322,16.9511
25230,P2,BASE,0.00,0.00,111,F,89322,16.9511
25240,P2,BASE,0.00,0.00,111,F,89322,16.9511
25250,P2,BASE,0.00,0.00,111,F,89322,16.9511
25260,P2,BASE,0.00,0.00,111,F,89322,16.9511
25270,P2,BASE,0.00,0.00,111,F,89322,16.9511
25280,P2,BASE,0.00,0.00,111,F,89322,16.9511
25290,P2,BASE,0.00,0.00,111,F,89322,16.9511
25300,P2,BASE,0.00,0.00,111,F,89322,16.9511
25310,P2,BASE,0.00,0.00,111,F,89322,16.9511
25320,P2,BASE,0.00,0.00,111,F,89322,16.9511
25330,P2,BASE,0.00,0.00,111,F,89322,16.9511
25340,P2,BASE,0.00,0.00,111,F,89322,16.9511
25350,P2,BASE,0.00,0.00,111,F,89322,16.9511
25360,P2,BASE,0.00,0.00,111,F,89322,16.9511
25370,P2,BASE,0.00,0.00,111,F,89322,16.9511
25380,P2,BASE,0.00,0.00,111,F,89322,16.9511
25390,P2,BASE,0.00,0.00,111,F,89322,16.9511
25400,P2,BASE,0.00,0.00,111,F,89322,16.9511
25410,P2,BASE,0.00,0.00,111,F,89322,16.9511
25420,P2,BASE,0.00,0.00,111,F,89322,16.9511
25430,P2,BASE,0.00,0.00,111,F,89322,16.9511
25440,P2,BASE,0.00,0.00,111,F,89322,16.9511
25450,P2,BASE,0.00,0.00,111,F,89322,16.9511
25460,P2,BASE,0.00,0.00,111,F,89322,16.9511
25470,P2,BASE,0.00,0.00,111,F,89322,16.9511
25480,P2,BASE,0.00,0.00,111,F,89322,16.9511
25490,P2,BASE,0.00,0.00,111,F,89322,16.9511
25500,P2,BASE,0.00,0.00,111,F,89322,16.9511
25510,P2,BASE,0.00,0.00,111,F,89322,16.9511
25520,P2,BASE,0.00,0.00,111,F,89322,16.9511
25530,P2,BASE,0.00,0.00,111,F,89322,16.9511
25540,P2,BASE,0.00,0.00,111,F,89322,16.9511
25550,P2,BASE,0.00,0.00,111,F,89322,16.9511
25560,P2,BASE,0.00,0.00,111,F,89322,16.9511
25570,P2,BASE,0.00,0.00,111,F,89322,16.9511
25580,P2,BASE,0.00,0.00,111,F,89322,16.9511
25590,P2,BASE,0.00,0.00,111,F,89322,16.9511
25600,P2,BASE,0.00,0.00,111,F,89322,16.9511
25610,P2,BASE,0.00,0.00,111,F,89322,16.9511
25620,P2,BASE,0.00,0.00,111,F,89322,16.9511
25630,P2,BASE,0.00,0.00,111,F,89322,16.9511
25640,P2,BASE,0.00,0.00,111,F,89322,16.9511
25650,P2,BASE,0.00,0.00,111,F,89322,16.9511
25660,P2,BASE,0.00,0.00,111,F,89322,16.9511
25670,P2,BASE,0.00,0.00,111,F,89322,16.9511
25680,P2,BASE,0.00,0.00,111,F,89322,16.9511
25690,P2,BASE,0.00,0.00,111,F,89322,16.9511
25700,P2,BASE,0.00,0.00,111,F,89322,16.9511
25710,P2,BASE,0.00,0.00,111,F,89322,16.9511
25720,P2,BASE,0.00,0.00,111,F,89322,16.9511
25730,P2,BASE,0.00,0.00,111,F,89322,16.9511
25740,P2,BASE,0.00,0.00,111,F,89322,16.9511
25750,P2,BASE,0.00,0.00,111,F,89322,16.9511
25760,P2,BASE,0.00,0.00,111,F,89322,16.9511
25770,P2,BASE,0.00,0.00,111,F,89322,16.9511
25780,P2,BASE,0.00,0.00,111,F,89322,16.9511
25790,P2,BASE,0.00,0.00,111,F,89322,16.9511
25800,P2,BASE,0.00,0.00,111,F,89322,16.9511
25810,P2,BASE,0.00,0.00,111,F,89322,16.9511
25820,P2,BASE,0.00,0.00,111,F,89322,16.9511
25830,P2,BASE,0.00,0.00,111,F,89322,16.9511
25840,P2,BASE,0.00,0.00,111,F,89322,16.9511
25850,P2,BASE,0.00,0.00,111,F,89322,16.9511
25860,P2,BASE,0.00,0.00,111,F,89322,16.9511
25870,P2,BASE,0.00,0.00,111,F,89322,16.9511
25880,P2,BASE,0.00,0.00,111,F,89322,16.9511
25890,P2,BASE,0.00,0.00,111,F,89322,16.9511
25900,P2,BASE,0.00,0.00,111,F,89322,16.9511
25910,P2,BASE,0.00,0.00,111,F,89322,16.9511
25920,P2,BASE,0.00,0.00,111,F,89322,16.9511
25930,P2,BASE,0.00,0.00,111,F,89322,16.9511
25940,P2,BASE,0.00,0.00,111,F,89322,16.9511
25950,P2,BASE,0.00,0.00,111,F,89322,16.9511
25960,P2,BASE,0.00,0.00,111,F,89322,16.9511
25970,P2,BASE,0.00,0.00,111,F,89322,16.9511
25980,P2,BASE,0.00,0.00,111,F,89322,16.9511
25990,P2,BASE,0.00,0.00,111,F,89322,16.9511
26000,P2,BASE,0.00,0.00,111,F,89322,16.9511
26010,P2,BASE,0.00,0.00,111,F,89322,16.9511
26020,P2,BASE,0.00,0.00,111,F,89322,16.9511
26030,P2,BASE,0.00,0.00,111,F,89322,16.9511
26040,P2,BASE,0.00,0.00,111,F,89322,16.9511
26050,P2,BASE,0.00,0.00,111,F,89322,16.9511
26060,P2,BASE,0.00,0.00,111,F,89322,16.9511
26070,P2,BASE,0.00,0.00,111,F,89322,16.9511
26080,P2,BASE,0.00,0.00,111,F,89322,16.9511
26090,P2,BASE,0.00,0.00,111,F,89322,16.9511
26100,P2,BASE,0.00,0.00,111,F,89322,16.9511
26110,P2,BASE,0.00,0.00,111,F,89322,16.9511
26120,P2,BASE,0.00,0.00,111,F,89322,16.9511
26130,P2,BASE,0.00,0.00,111,F,89322,16.9511
26140,P2,BASE,0.00,0.00,111,F,89322,16.9511
26150,P2,BASE,0.00,0.00,111,F,89322,16.9511
26160,P2,BASE,0.00,0.00,111,F,89322,16.9511
26170,P2,BASE,0.00,0.00,111,F,89322,16.9511
26180,P2,BASE,0.00,0.00,111,F,89322,16.9511
26190,P2,BASE,0.00,0.00,111,F,89322,16.9511
26200,P2,BASE,0.00,0.00,111,F,89322,16.9511
26210,P2,BASE,0.00,0.00,111,F,89322,16.9511
26220,P2,BASE,0.00,0.00,111,F,89322,16.9511
26230,P2,BASE,0.00,0.00,111,F,89322,16.9511
26240,P2,BASE,0.00,0.00,111,F,89322,16.9511
26250,P2,BASE,0.00,0.00,111,F,89322,16.9511
26260,P2,BASE,0.00,0.00,111,F,89322,16.9511
26270,P2,BASE,0.00,0.00,111,F,89322,16.9511
26280,P2,BASE,0.00,0.00,111,F,89322,16.9511
26290,P2,BASE,0.00,0.00,111,F,89322,16.9511
26300,P2,BASE,0.00,0.00,111,F,89322,16.9511
26310,P2,BASE,0.00,0.00,111,F,89322,16.9511
26320,P2,BASE,0.00,0.00,111,F,89322,16.9511
26330,P2,BASE,0.00,0.00,111,F,89322,16.9511
26340,P2,BASE,0.00,0.00,111,F,89322,16.9511
26350,P2,BASE,0.00,0.00,111,F,89322,16.9511
26360,P2,BASE,0.00,0.00,111,F,89322,16.9511
26370,P2,BASE,0.00,0.00,111,F,89322,16.9511
26380,P2,BASE,0.00,0.00,111,F,89322,16.9511
26390,P2,BASE,0.00,0.00,111,F,89322,16.9511
26400,P2,BASE,0.00,0.00,111,F,89322,16.9511
26410,P2,BASE,0.00,0.00,111,F,89322,16.9511
26420,P2,BASE,0.00,0.00,111,F,89322,16.9511
26430,P2,BASE,0.00,0.00,111,F,89322,16.9511
26440,P2,BASE,0.00,0.00,111,F,89322,16.9511
26450,P2,BASE,0.00,0.00,111,F,89322,16.9511
26460,P2,BASE,0.00,0.00,111,F,89322,16.9511
26470,P2,BASE,0.00,0.00,111,F,89322,16.9511
26480,P2,BASE,0.00,0.00,111,F,89322,16.9511
26490,P2,BASE,0.00,0.00,111,F,89322,16.9511
26500,P2,BASE,0.00,0.00,111,F,89322,16.9511
26510,P2,BASE,0.00,0.00,111,F,89322,16.9511
26520,P2,BASE,0.00,0.00,111,F,89322,16.9511
26530,P2,BASE,0.00,0.00,111,F,89322,16.9511
26540,P2,BASE,0.00,0.00,111,F,89322,16.9511
26550,P2,BASE,0.00,0.00,111,F,89322,16.9511
26560,P2,BASE,0.00,0.00,111,F,89322,16.9511
26570,P2,BASE,0.00,0.00,111,F,89322,16.9511
26580,P2,BASE,0.00,0.00,111,F,89322,16.9511
26590,P2,BASE,0.00,0.00,111,F,89322,16.9511
26600,P2,BASE,0.00,0.00,111,F,89322,16.9511
26610,P2,BASE,0.00,0.00,111,F,89322,16.9511
26620,P2,BASE,0.00,0.00,111,F,89322,16.9511
26630,P2,BASE,0.00,-2.50,114,F,89321,16.9761
26640,P2,BASE,0.00,0.00,111,F,89321,16.9761
26650,P2,BASE,0.00,0.00,111,F,89321,16.9761
26660,P2,BASE,0.00,0.00,111,F,89321,16.9761
26670,P2,BASE,0.00,0.00,111,F,89321,16.9761
26680,P2,BASE,0.00,0.00,111,F,89321,16.9761
26690,P2,BASE,0.00,0.00,111,F,89321,16.9761
26700,P2,BASE,0.00,0.00,111,F,89321,16.9761
26710,P2,BASE,0.00,0.00,111,F,89321,16.9761
26720,P2,BASE,0.00,0.00,111,F,89321,16.9761
26730,P2,BASE,0.00,0.00,111,F,89321,16.9761
26740,P2,BASE,0.00,0.00,111,F,89321,16.9761
26750,P2,BASE,0.00,0.00,111,F,89321,16.9761
26760,P2,BASE,0.00,0.00,111,F,89321,16.9761
26770,P2,BASE,0.00,0.00,111,F,89321,16.9761
26780,P2,BASE,0.00,0.00,111,F,89321,16.9761
26790,P2,BASE,0.00,0.00,111,F,89321,16.9761
26800,P2,BASE,0.00,0.00,111,F,89321,16.9761
26810,P2,BASE,0.00,0.00,111,F,89321,16.9761
26820,P2,BASE,0.00,0.00,111,F,89321,16.9761
26830,P2,BASE,0.00,0.00,111,F,89321,16.9761
26840,P2,BASE,0.00,0.00,111,F,89321,16.9761
26850,P2,BASE,0.00,0.00,111,F,89321,16.9761
26860,P2,BASE,0.00,0.00,111,F,89321,16.9761
26870,P2,BASE,0.00,0.00,111,F,89321,16.9761
26880,P2,BASE,0.00,0.00,111,F,89321,16.9761
26890,P2,BASE,0.00,0.00,111,F,89321,16.9761
26900,P2,BASE,0.00,0.00,111,F,89321,16.9761
26910,P2,BASE,0.00,0.00,111,F,89321,16.9761
26920,P2,BASE,0.00,0.00,111,F,89321,16.9761
26930,P2,BASE,0.00,0.00,111,F,89321,16.9761
26940,P2,BASE,0.00,0.00,111,F,89321,16.9761
26950,P2,BASE,0.00,0.00,111,F,89321,16.9761
26960,P2,BASE,0.00,0.00,111,F,89321,16.9761
26970,P2,BASE,0.00,0.00,111,F,89321,16.9761
26980,P2,BASE,0.00,0.00,111,F,89321,16.9761
26990,P2,BASE,0.00,0.00,111,F,89321,16.9761
27000,P2,BASE,0.00,0.00,111,F,89321,16.9761
27010,P2,BASE,0.00,0.00,111,F,89321,16.9761
27020,P2,BASE,0.00,0.00,111,F,89321,16.9761
27030,P2,BASE,0.00,0.00,111,F,89321,16.9761
27040,P2,BASE,0.00,0.00,111,F,89321,16.9761
27050,P2,BASE,0.00,0.00,111,F,89321,16.9761
27060,P2,BASE,0.00,0.00,111,F,89321,16.9761
27070,P2,BASE,0.00,0.00,111,F,89321,16.9761
27080,P2,BASE,0.00,0.00,111,F,89321,16.9761
27090,P2,BASE,0.00,0.00,111,F,89321,16.9761
27100,P2,BASE,0.00,0.00,111,F,89321,16.9761
27110,P2,BASE,0.00,0.00,111,F,89321,16.9761
27120,P2,BASE,0.00,0.00,111,F,89321,16.9761
27130,P2,BASE,0.00,0.00,111,F,89321,16.9761
27140,P2,BASE,0.00,0.00,111,F,89321,16.9761
27150,P2,BASE,0.00,0.00,111,F,89321,16.9761
27160,P2,BASE,0.00,0.00,111,F,89321,16.9761
27170,P2,BASE,0.00,0.00,111,F,89321,16.9761
27180,P2,BASE,0.00,0.00,111,F,89321,16.9761
27190,P2,BASE,0.00,0.00,111,F,89321,16.9761
27200,P2,BASE,0.00,0.00,111,F,89321,16.9761
27210,P2,BASE,0.00,0.00,111,F,89321,16.9761
27220,P2,BASE,0.00,0.00,111,F,89321,16.9761
27230,P2,BASE,0.00,0.00,111,F,89321,16.9761
27240,P2,BASE,0.00,0.00,111,F,89321,16.9761
27250,P2,BASE,0.00,0.00,111,F,89321,16.9761
27260,P2,BASE,0.00,0.00,111,F,89321,16.9761
27270,P2,BASE,0.00,0.00,111,F,89321,16.9761
27280,P2,BASE,0.00,0.00,111,F,89321,16.9761
27290,P2,BASE,0.00,0.00,111,F,89321,16.9761
27300,P2,BASE,0.00,0.00,111,F,89321,16.9761
27310,P2,BASE,0.00,0.00,111,F,89321,16.9761
27320,P2,BASE,0.00,0.00,111,F,89321,16.9761
27330,P2,BASE,0.00,0.00,111,F,89321,16.9761
27340,P2,BASE,0.00,0.00,111,F,89321,16.9761
27350,P2,BASE,0.00,0.00,111,F,89321,16.9761
27360,P2,BASE,0.00,0.00,111,F,89321,16.9761
27370,P2,BASE,0.00,0.00,111,F,89321,16.9761
27380,P2,BASE,0.00,0.00,111,F,89321,16.9761
27390,P2,BASE,0.00,0.00,111,F,89321,16.9761
27400,P2,BASE,0.00,0.00,111,F,89321,16.9761
27410,P2,BASE,0.00,0.00,111,F,89321,16.9761
27420,P2,BASE,0.00,0.00,111,F,89321,16.9761
27430,P2,BASE,0.00,0.00,111,F,89321,16.9761
27440,P2,BASE,0.00,0.00,111,F,89321,16.9761
27450,P2,BASE,0.00,0.00,111,F,89321,16.9761
27460,P2,BASE,0.00,0.00,111,F,89321,16.9761
27470,P2,BASE,0.00,0.00,111,F,89321,16.9761
27480,P2,BASE,0.00,0.00,111,F,89321,16.9761
27490,P2,BASE,0.00,0.00,111,F,89321,16.9761
27500,P2,BASE,0.00,0.00,111,F,89321,16.9761
27510,P2,BASE,0.00,0.00,111,F,89321,16.9761
27520,P2,BASE,0.00,0.00,111,F,89321,16.9761
27530,P2,BASE,0.00,0.00,111,F,89321,16.9761
27540,P2,BASE,0.00,0.00,111,F,89321,16.9761
27550,P2,BASE,0.00,0.00,111,F,89321,16.9761
27560,P2,BASE,0.00,0.00,111,F,89321,16.9761
27570,P2,BASE,0.00,0.00,111,F,89321,16.9761
27580,P2,BASE,0.00,0.00,111,F,89321,16.9761
27590,P2,BASE,0.00,0.00,111,F,89321,16.9761
27600,P2,BASE,0.00,0.00,111,F,89321,16.9761
27610,P2,BASE,0.00,0.00,111,F,89321,16.9761
27620,P2,BASE,0.00,0.00,111,F,89321,16.9761
27630,P2,BASE,0.00,0.00,111,F,89321,16.9761
27640,P2,BASE,0.00,0.00,111,F,89321,16.9761
27650,P2,BASE,0.00,0.00,111,F,89321,16.9761
27660,P2,BASE,0.00,0.00,111,F,89321,16.9761
27670,P2,BASE,0.00,0.00,111,F,89321,16.9761
27680,P2,BASE,0.00,0.00,111,F,89321,16.9761
27690,P2,BASE,0.00,0.00,111,F,89321,16.9761
27700,P2,BASE,0.00,0.00,111,F,89321,16.9761
27710,P2,BASE,0.00,0.00,111,F,89321,16.9761
27720,P2,BASE,0.00,0.00,111,F,89321,16.9761
27730,P2,BASE,0.00,0.00,111,F,89321,16.9761
27740,P2,BASE,0.00,0.00,111,F,89321,16.9761
27750,P2,BASE,0.00,0.00,111,F,89321,16.9761
27760,P2,BASE,0.00,0.00,111,F,89321,16.9761
27770,P2,BASE,0.00,0.00,111,F,89321,16.9761
27780,P2,BASE,0.00,0.00,111,F,89321,16.9761
27790,P2,BASE,0.00,0.00,111,F,89321,16.9761
27800,P2,BASE,0.00,0.00,111,F,89321,16.9761
27810,P2,BASE,0.00,0.00,111,F,89321,16.9761
27820,P2,BASE,0.00,0.00,111,F,89321,16.9761
27830,P2,BASE,0.00,0.00,111,F,89321,16.9761
27840,P2,BASE,0.00,0.00,111,F,89321,16.9761
27850,P2,BASE,0.00,0.00,111,F,89321,16.9761
27860,P2,BASE,0.00,0.00,111,F,89321,16.9761
27870,P2,BASE,0.00,0.00,111,F,89321,16.9761
27880,P2,BASE,0.00,0.00,111,F,89321,16.9761
27890,P2,BASE,0.00,0.00,111,F,89321,16.9761
27900,P2,BASE,0.00,0.00,111,F,89321,16.9761
27910,P2,BASE,0.00,0.00,111,F,89321,16.9761
27920,P2,BASE,0.00,0.00,111,F,89321,16.9761
27930,P2,BASE,0.00,0.00,111,F,89321,16.9761
27940,P2,BASE,0.00,0.00,111,F,89321,16.9761
27950,P2,BASE,0.00,0.00,111,F,89321,16.9761
27960,P2,BASE,0.00,0.00,111,F,89321,16.9761
27970,P2,BASE,0.00,0.00,111,F,89321,16.9761
27980,P2,BASE,0.00,0.00,111,F,89321,16.9761
27990,P2,BASE,0.00,0.00,111,F,89321,16.9761
28000,P2,BASE,0.00,0.00,111,F,89321,16.9761
28010,P2,BASE,-0.15,0.00,111,F,89321,16.9746
28020,P2,BASE,-0.30,0.00,111,F,89321,16.9716
28030,P2,BASE,-0.45,0.00,110,F,89321,16.9671
28040,P2,BASE,-0.60,0.00,110,F,89321,16.9611
28050,P2,BASE,-0.75,0.00,110,F,89321,16.9536
28060,P2,BASE,-0.90,0.00,110,F,89321,16.9446
28070,P2,BASE,-1.05,0.00,110,F,89321,16.9341
28080,P2,BASE,-1.20,0.00,109,F,89321,16.9221
28090,P2,BASE,-1.35,0.00,109,F,89321,16.9086
28100,P2,BASE,-1.50,0.00,109,F,89321,16.8936
28110,P2,BASE,-1.65,0.00,109,F,89321,16.8771
28120,P2,BASE,-1.80,0.00,108,F,89321,16.8591
28130,P2,BASE,-1.95,0.00,108,F,89321,16.8396
28140,P2,BASE,-2.10,0.00,108,F,89321,16.8186
28150,P2,BASE,-2.25,0.00,108,F,89321,16.7961
28160,P2,BASE,-2.40,0.00,107,F,89321,16.7721
28170,P2,BASE,-2.55,0.00,107,F,89321,16.7466
28180,P2,BASE,-2.70,0.00,107,F,89321,16.7196
28190,P2,BASE,-2.85,0.00,106,F,89321,16.6911
28200,P2,BASE,-3.00,0.00,106,F,89321,16.6611
28210,P2,BASE,-3.15,0.00,106,F,89321,16.6296
28220,P2,BASE,-3.30,0.00,105,F,89321,16.5966
28230,P2,BASE,-3.45,0.00,105,F,89321,16.5621
28240,P2,BASE,-3.60,0.00,104,F,89321,16.5261
28250,P2,BASE,-3.75,0.00,104,F,89321,16.4886
28260,P2,BASE,-3.90,0.00,104,F,89321,16.4496
28270,P2,BASE,-4.05,0.00,103,F,89321,16.4091
28280,P2,BASE,-4.20,0.00,103,F,89321,16.3671
28290,P2,BASE,-4.35,0.00,102,F,89321,16.3236
28300,P2,BASE,-4.50,0.00,102,F,89321,16.2786
28310,P2,BASE,-4.65,0.00,101,F,89321,16.2321
28320,P2,BASE,-4.80,0.00,101,F,89321,16.1841
28330,P2,BASE,-4.95,0.00,100,F,89321,16.1346
28340,P2,BASE,-5.10,0.00,100,F,89321,16.0836
28350,P2,BASE,-5.25,0.00,99,F,89321,16.0311
28360,P2,BASE,-5.40,0.00,99,F,89321,15.9771
28370,P2,BASE,-5.55,0.00,98,F,89321,15.9216
28380,P2,BASE,-5.70,0.00,98,F,89321,15.8646
28390,P2,BASE,-5.85,0.00,97,F,89321,15.8061
28400,P2,BASE,-6.00,0.00,97,F,89321,15.7461
28410,P2,BASE,-6.15,0.00,96,F,89321,15.6846
28420,P2,BASE,-6.30,0.00,96,F,89321,15.6216
28430,P2,BASE,-6.45,0.00,95,F,89321,15.5571
28440,P2,BASE,-6.60,0.00,95,F,89321,15.4911
28450,P2,BASE,-6.75,0.00,94,F,89321,15.4236
28460,P2,BASE,-6.90,0.00,93,F,89321,15.3546
28470,P2,BASE,-7.05,0.00,93,F,89321,15.2841
28480,P2,BASE,-7.20,0.00,92,F,89321,15.2121
28490,P2,BASE,-7.35,0.00,91,F,89321,15.1386
28500,P2,BASE,-7.50,0.00,91,F,89321,15.0636
28510,P2,BASE,-7.65,0.00,90,F,89321,14.9871
28520,P2,BASE,-7.80,0.00,89,F,89321,14.9091
28530,P2,BASE,-7.95,0.00,89,F,89321,14.8296
28540,P2,BASE,-8.10,0.00,88,F,89321,14.7486
28550,P2,BASE,-8.25,0.00,87,F,89321,14.6661
28560,P2,BASE,-8.40,0.00,87,F,89321,14.5821
28570,P2,BASE,-8.55,0.00,86,F,89321,14.4966
28580,P2,BASE,-8.70,0.00,85,F,89321,14.4096
28590,P2,BASE,-8.85,0.00,85,F,89321,14.3211
28600,P2,BASE,-9.00,0.00,84,F,89321,14.2311
28610,P2,BASE,-9.15,0.00,83,F,89321,14.1396
28620,P2,BASE,-9.30,0.00,82,F,89321,14.0466
28630,P2,BASE,-9.45,0.00,82,F,89321,13.9521
28640,P2,BASE,-9.60,0.00,81,F,89321,13.8561
28650,P2,BASE,-9.75,0.00,80,F,89321,13.7586
28660,P2,BASE,-9.90,0.00,79,F,89321,13.6596
28670,P2,BASE,-10.05,0.00,78,F,89321,13.5591
28680,P2,BASE,-10.20,0.00,78,F,89321,13.4571
28690,P2,BASE,-10.35,0.00,77,F,89321,13.3536
28700,P2,BASE,-10.50,0.00,76,F,89321,13.2486
28710,P2,BASE,-10.65,0.00,75,F,89321,13.1421
28720,P2,BASE,-10.80,0.00,74,F,89321,13.0341
28730,P2,BASE,-10.95,0.00,73,F,89321,12.9246
28740,P2,BASE,-11.10,0.00,72,F,89321,12.8136
28750,P2,BASE,-11.25,0.00,71,F,89321,12.7011
28760,P2,BASE,-11.40,0.00,71,F,89321,12.5871
28770,P2,BASE,-11.55,0.00,70,F,89321,12.4716
28780,P2,BASE,-11.70,0.00,69,F,89321,12.3546
28790,P2,BASE,-11.85,0.00,68,F,89321,12.2361
28800,P2,BASE,-12.00,0.00,67,F,89321,12.1161
28810,P2,BASE,-12.15,0.00,66,F,89321,11.9946
28820,P2,BASE,-12.30,0.00,65,F,89321,11.8716
28830,P2,BASE,-12.45,0.00,64,F,89321,11.7471
28840,P2,BASE,-12.60,0.00,63,F,89321,11.6211
28850,P2,BASE,-12.75,0.00,62,F,89321,11.4936
28860,P2,BASE,-12.90,0.00,61,F,89321,11.3646
28870,P2,BASE,-13.05,0.00,60,F,89321,11.2341
28880,P2,BASE,-13.20,0.00,59,F,89321,11.1021
28890,P2,BASE,-13.35,0.00,58,F,89321,10.9686
28900,P2,BASE,-13.50,0.00,57,F,89321,10.8336
28910,P2,BASE,-13.65,0.00,56,F,89321,10.6971
28920,P2,BASE,-13.80,0.00,55,F,89321,10.5591
28930,P2,BASE,-13.95,0.00,54,F,89321,10.4196
28940,P2,BASE,-14.10,0.00,53,F,89321,10.2786
28950,P2,BASE,-14.25,0.00,52,F,89321,10.1361
28960,P2,BASE,-14.40,0.00,50,F,89321,9.9921
28970,P2,BASE,-14.55,0.00,49,F,89321,9.8466
28980,P2,BASE,-14.70,0.00,48,F,89321,9.6996
28990,P2,BASE,-14.85,0.00,47,F,89321,9.5511
29000,P2,BASE,-15.00,0.00,46,F,89321,9.4011
29010,P2,BASE,-15.15,0.00,45,F,89321,9.2496
29020,P2,BASE,-15.30,0.00,44,F,89321,9.0966
29030,P2,BASE,-15.45,0.00,43,F,89321,8.9421
29040,P2,BASE,-15.60,0.00,41,F,89321,8.7861
29050,P2,BASE,-15.75,0.00,40,F,89321,8.6286
29060,P2,BASE,-15.90,0.00,39,F,89321,8.4696
29070,P2,BASE,-16.05,0.00,38,F,89321,8.3091
29080,P2,BASE,-16.20,0.00,37,F,89321,8.1471
29090,P2,BASE,-16.35,0.00,35,F,89321,7.9836
29100,P2,BASE,-16.50,0.00,34,F,89321,7.8186
29110,P2,BASE,-16.65,0.00,33,F,89321,7.6521
29120,P2,BASE,-16.80,0.00,32,F,89321,7.4841
29130,P2,BASE,-16.95,-2.50,33,F,89320,7.3396
29140,P2,BASE,-17.10,0.00,29,F,89320,7.1686
29150,P2,BASE,-17.25,0.00,28,F,89320,6.9961
29160,P2,BASE,-17.40,0.00,27,F,89320,6.8221
29170,P2,BASE,-17.55,0.00,25,F,89320,6.6466
29180,P2,BASE,-17.70,0.00,24,F,89320,6.4696
29190,P2,BASE,-17.85,0.00,23,F,89320,6.2911
29200,P2,BASE,-18.00,0.00,21,F,89320,6.1111
29210,P2,BASE,-18.15,0.00,20,F,89320,5.9296
29220,P2,BASE,-18.30,0.00,19,F,89320,5.7466
29230,P2,BASE,-18.45,0.00,17,F,89320,5.5621
29240,P2,BASE,-18.60,0.00,16,F,89320,5.3761
29250,P2,BASE,-18.75,0.00,14,F,89320,5.1886
29260,P2,BASE,-18.90,0.00,13,F,89320,4.9996
29270,P2,BASE,-19.05,0.00,12,F,89320,4.8091
29280,P2,BASE,-19.20,0.00,10,F,89320,4.6171
29290,P2,BASE,-19.35,0.00,9,F,89320,4.4236
29300,P2,BASE,-19.50,0.00,7,F,89320,4.2286
29310,P2,BASE,-19.65,0.00,6,F,89320,4.0321
29320,P2,BASE,-19.80,0.00,5,F,89320,3.8341
29330,P2,BASE,-19.95,0.00,3,F,89320,3.6346
29340,P2,BASE,-20.10,0.00,2,F,89320,3.4336
29350,P2,BASE,-20.25,0.00,0,N,89320,3.2311
29360,P2,BASE,-20.40,0.00,0,N,89320,3.0271
29370,P2,BASE,-20.55,0.00,-2,R,89320,2.8216
29380,P2,BASE,-20.70,0.00,-3,R,89320,2.6146
29390,P2,BASE,-20.85,0.00,-5,R,89320,2.4061
29400,P2,BASE,-21.00,0.00,-6,R,89320,2.1961
29410,P2,BASE,-21.15,0.00,-8,R,89320,1.9846
29420,P2,BASE,-21.30,0.00,-10,R,89320,1.7716
29430,P2,BASE,-21.45,0.00,-11,R,89320,1.5571
29440,P2,BASE,-21.60,0.00,-13,R,89320,1.3411
29450,P2,BASE,-21.75,0.00,-14,R,89320,1.1236
29460,P2,BASE,-21.90,0.00,-16,R,89320,0.9046
29470,P2,BASE,-22.05,0.00,-17,R,89320,0.6841
29480,P2,BASE,-22.20,0.00,-19,R,89320,0.4621
29490,P2,BASE,-22.35,0.00,-21,R,89320,0.2386
29500,P2,BASE,-22.50,0.00,-22,R,89320,0.0136
29510,P2,BASE,-22.65,0.00,-24,R,89320,-0.2129
29520,P2,BASE,-22.80,0.00,-26,R,89320,-0.4409
29530,P2,BASE,-22.95,0.00,-27,R,89320,-0.6704
29540,P2,BASE,-23.10,0.00,-29,R,89320,-0.9014
29550,P2,BASE,-23.25,0.00,-31,R,89320,-1.1339
29560,P2,BASE,-23.40,0.00,-32,R,89320,-1.3679
29570,P2,BASE,-23.55,0.00,-34,R,89320,-1.6034
29580,P2,BASE,-23.70,0.00,-36,R,89320,-1.8404
29590,P2,BASE,-23.85,0.00,-37,R,89320,-2.0789
29600,P2,BASE,-24.00,0.00,-39,R,89320,-2.3189
29610,P2,BASE,-24.15,0.00,-41,R,89320,-2.5604
29620,P2,BASE,-24.30,0.00,-43,R,89320,-2.8034
29630,P2,BASE,-24.45,0.00,-44,R,89320,-3.0479
29640,P2,BASE,-24.60,0.00,-46,R,89320,-3.2939
29650,P2,BASE,-24.75,0.00,-48,R,89320,-3.5414
29660,P2,BASE,-24.90,0.00,-50,R,89320,-3.7904
29670,P2,BASE,-25.05,0.00,-52,R,89320,-4.0409
29680,P2,BASE,-25.20,0.00,-53,R,89320,-4.2929
29690,P2,BASE,-25.35,0.00,-55,R,89320,-4.5464
29700,P2,BASE,-25.50,0.00,-57,R,89320,-4.8014
29710,P2,BASE,-25.65,0.00,-59,R,89320,-5.0579
29720,P2,BASE,-25.80,0.00,-61,R,89320,-5.3159
29730,P2,BASE,-25.95,0.00,-63,R,89320,-5.5754
29740,P2,BASE,-26.10,0.00,-64,R,89320,-5.8364
29750,P2,BASE,-26.25,0.00,-66,R,89320,-6.0989
29760,P2,BASE,-26.40,0.00,-68,R,89320,-6.3629
29770,P2,BASE,-26.55,0.00,-70,R,89320,-6.6284
29780,P2,BASE,-26.70,0.00,-72,R,89320,-6.8954
29790,P2,BASE,-26.85,0.00,-74,R,89320,-7.1639
29800,P2,BASE,-27.00,0.00,-76,R,89320,-7.4339
29810,P2,BASE,-27.15,0.00,-78,R,89320,-7.7054
29820,P2,BASE,-27.30,0.00,-80,R,89320,-7.9784
29830,P2,BASE,-27.45,0.00,-82,R,89320,-8.2529
29840,P2,BASE,-27.60,0.00,-84,R,89320,-8.5289
29850,P2,BASE,-27.75,0.00,-86,R,89320,-8.8064
29860,P2,BASE,-27.90,0.00,-88,R,89320,-9.0854
29870,P2,BASE,-28.05,0.00,-90,R,89320,-9.3659
29880,P2,BASE,-28.20,0.00,-92,R,89320,-9.6479
29890,P2,BASE,-28.35,-2.50,-91,R,89319,-9.9064
29900,P2,BASE,-28.50,0.00,-95,R,89319,-10.1914
29910,P2,BASE,-28.65,0.00,-97,R,89319,-10.4779
29920,P2,BASE,-28.80,0.00,-100,R,89319,-10.7659
29930,P2,BASE,-28.95,0.00,-102,R,89319,-11.0554
29940,P2,BASE,-29.10,0.00,-104,R,89319,-11.3464
29950,P2,BASE,-29.25,0.00,-106,R,89319,-11.6389
29960,P2,BASE,-29.40,0.00,-108,R,89319,-11.9329
29970,P2,BASE,-29.55,0.00,-110,R,89319,-12.2284
29980,P2,BASE,-29.70,0.00,-112,R,89319,-12.5254
29990,P2,BASE,-29.85,0.00,-114,R,89319,-12.8239
30000,P2,BASE,-30.00,0.00,-116,R,89319,-13.1239
30010,P2,BASE,-30.15,0.00,-118,R,89319,-13.4254
30020,P2,BASE,-30.30,0.00,-121,R,89319,-13.7284
30030,P2,BASE,-30.45,0.00,-123,R,89319,-14.0329
30040,P2,BASE,-30.60,-2.50,-122,R,89318,-14.3139
30050,P2,BASE,-30.75,0.00,-127,R,89318,-14.6214
30060,P2,BASE,-30.90,-2.50,-126,R,89317,-14.9054
30070,P2,BASE,-31.05,-7.50,-123,R,89314,-15.1409
30080,P2,BASE,-31.20,-7.50,-125,R,89311,-15.3779
30090,P2,BASE,-31.35,-7.50,-126,R,89308,-15.6164
30100,P2,BASE,-31.50,-7.50,-128,R,89305,-15.8564
30110,P2,BASE,-31.65,-10.00,-127,R,89301,-16.0729
30120,P2,BASE,-31.80,-12.50,-126,R,89296,-16.2659
30130,P2,BASE,-31.95,-12.50,-127,R,89291,-16.4604
30140,P2,BASE,-32.10,-10.00,-132,R,89287,-16.6814
30150,P2,BASE,-32.25,-15.00,-128,R,89281,-16.8538
30160,P2,BASE,-32.40,-12.50,-132,R,89276,-17.0529
30170,P2,BASE,-32.55,-5.00,-141,R,89274,-17.3283
30180,P2,BASE,-32.70,-20.00,-127,R,89266,-17.4554
30190,P2,BASE,-32.85,-20.00,-128,R,89258,-17.5839
30200,P2,BASE,-33.00,-22.50,-126,R,89249,-17.6889
30210,P2,BASE,-33.15,-22.50,-127,R,89240,-17.7954
30220,P2,BASE,-33.30,-25.01,-125,R,89230,-17.8783
30230,P2,BASE,-33.45,-25.00,-126,R,89220,-17.9628
30240,P2,BASE,-33.60,-24.99,-127,R,89210,-18.0489
30250,P2,BASE,-33.75,-27.51,-125,R,89199,-18.1113
30260,P2,BASE,-33.90,-27.49,-125,R,89188,-18.1754
30270,P2,BASE,-34.05,-25.01,-129,R,89178,-18.2658
30280,P2,BASE,-34.20,-29.99,-124,R,89166,-18.3079
30290,P2,BASE,-34.35,-32.50,-122,R,89153,-18.3264
30300,P2,BASE,-34.50,-29.99,-125,R,89141,-18.3714
30310,P2,BASE,-34.65,-30.00,-125,R,89129,-18.4179
30320,P2,BASE,-34.80,-30.00,-126,R,89117,-18.4659
30330,P2,BASE,-34.95,-29.99,-126,R,89105,-18.5154
30340,P2,BASE,-35.10,-35.00,-121,R,89091,-18.5164
30350,P2,BASE,-35.25,-30.01,-127,R,89079,-18.5689
30360,P2,BASE,-35.40,-32.50,-125,R,89066,-18.5979
30370,P2,BASE,-35.55,-30.00,-128,R,89054,-18.6534
30380,P2,BASE,-35.70,-32.50,-125,R,89041,-18.6854
30390,P2,BASE,-35.85,-32.50,-126,R,89028,-18.7189
30400,P2,BASE,-36.00,-32.50,-126,R,89015,-18.7538
30410,P2,BASE,-36.15,-32.49,-127,R,89002,-18.7904
30420,P2,BASE,-36.30,-35.00,-124,R,88988,-18.8034
30430,P2,BASE,-36.45,-32.49,-127,R,88975,-18.8429
30440,P2,BASE,-36.60,-32.51,-128,R,88962,-18.8838
30450,P2,BASE,-36.75,-34.99,-125,R,88948,-18.9015
30460,P2,BASE,-36.90,-32.51,-128,R,88935,-18.9454
30470,P2,BASE,-37.05,-32.50,-129,R,88922,-18.9908
30480,P2,BASE,-37.20,-35.00,-127,R,88908,-19.0128
30490,P2,BASE,-37.35,-32.50,-130,R,88895,-19.0614
30500,P2,BASE,-37.50,-32.50,-130,R,88882,-19.1114
30510,P2,BASE,-37.65,-35.00,-128,R,88868,-19.1379
30520,P2,BASE,-37.80,-34.99,-128,R,88854,-19.1660
30530,P2,BASE,-37.95,-35.00,-129,R,88840,-19.1955
30540,P2,BASE,-38.10,-35.01,-129,R,88826,-19.2264
30550,P2,BASE,-38.25,-35.00,-129,R,88812,-19.2589
30560,P2,BASE,-38.40,-34.99,-130,R,88798,-19.2930
30570,P2,BASE,-38.55,-37.50,-127,R,88783,-19.3034
30580,P2,BASE,-38.70,-37.50,-128,R,88768,-19.3154
30590,P2,BASE,-38.85,-35.00,-131,R,88754,-19.3540
30600,P2,BASE,-39.00,-37.50,-128,R,88739,-19.3689
30610,P2,BASE,-39.15,-37.50,-128,R,88724,-19.3854
30620,P2,BASE,-39.30,-35.00,-131,R,88710,-19.4283
30630,P2,BASE,-39.45,-37.50,-129,R,88695,-19.4478
30640,P2,BASE,-39.60,-37.49,-130,R,88680,-19.4689
30650,P2,BASE,-39.75,-37.50,-130,R,88665,-19.4914
30660,P2,BASE,-39.90,-37.51,-130,R,88650,-19.5153
30670,P2,BASE,-40.05,-37.50,-130,R,88635,-19.5408
30680,P2,BASE,-40.20,-37.50,-131,R,88620,-19.5678
30690,P2,BASE,-40.35,-37.50,-131,R,88605,-19.5963
30700,P2,BASE,-40.50,-37.49,-131,R,88590,-19.6264
30710,P2,BASE,-40.65,-37.51,-132,R,88575,-19.6578
30720,P2,BASE,-40.80,-37.49,-132,R,88560,-19.6909
30730,P2,BASE,-40.95,-40.00,-130,R,88544,-19.7004
30740,P2,BASE,-41.10,-37.50,-133,R,88529,-19.7363
30750,P2,BASE,-41.25,-37.50,-133,R,88514,-19.7738
30760,P2,BASE,-41.40,-40.00,-131,R,88498,-19.7878
30770,P2,BASE,-41.55,-40.00,-131,R,88482,-19.8033
30780,P2,BASE,-41.70,-37.50,-134,R,88467,-19.8454
30790,P2,BASE,-41.85,-40.00,-132,R,88451,-19.8639
30800,P2,BASE,-42.00,-40.01,-132,R,88435,-19.8838
30810,P2,BASE,-42.15,-40.00,-132,R,88419,-19.9053
30820,P2,BASE,-42.30,-37.50,-135,R,88404,-19.9533
30830,P2,BASE,-42.45,-39.99,-133,R,88388,-19.9780
30840,P2,BASE,-42.60,-40.01,-134,R,88372,-20.0038
30850,P2,BASE,-42.75,-40.00,-134,R,88356,-20.0314
30860,P2,BASE,-42.90,-40.00,-134,R,88340,-20.0604
30870,P2,BASE,-43.05,-40.00,-135,R,88324,-20.0909
30880,P2,BASE,-43.20,-42.50,-132,R,88307,-20.0978
30890,P2,BASE,-43.35,-40.00,-135,R,88291,-20.1314
30900,P2,BASE,-43.50,-40.00,-136,R,88275,-20.1663
30910,P2,BASE,-43.65,-44.99,-130,R,88257,-20.1529
30920,P2,BASE,-43.80,-42.50,-133,R,88240,-20.1659
30930,P2,BASE,-43.95,-42.50,-134,R,88223,-20.1804
30940,P2,BASE,-44.10,-40.01,-136,R,88207,-20.2213
30950,P2,BASE,-44.25,-45.00,-131,R,88189,-20.2139
30960,P2,BASE,-44.40,-45.00,-132,R,88171,-20.2079
30970,P2,BASE,-44.55,-42.50,-134,R,88154,-20.2283
30980,P2,BASE,-44.70,-44.99,-132,R,88136,-20.2254
30990,P2,BASE,-44.85,-45.00,-132,R,88118,-20.2239
31000,P2,BASE,-45.00,-42.51,-135,R,88101,-20.2489
31010,P2,BASE,-45.15,-45.00,-133,R,88083,-20.2504
31020,P2,BASE,-45.30,-47.50,-130,R,88064,-20.2285
31030,P2,BASE,-45.45,-45.01,-133,R,88046,-20.2329
31040,P2,BASE,-45.60,-45.00,-133,R,88028,-20.2389
31050,P2,BASE,-45.75,-47.50,-131,R,88009,-20.2214
31060,P2,BASE,-45.90,-45.00,-133,R,87991,-20.2304
31070,P2,BASE,-46.05,-47.50,-131,R,87972,-20.2158
31080,P2,BASE,-46.20,-47.49,-131,R,87953,-20.2029
31090,P2,BASE,-46.35,-45.00,-134,R,87935,-20.2164
31100,P2,BASE,-46.50,-47.50,-131,R,87916,-20.2064
31110,P2,BASE,-46.65,-47.51,-131,R,87897,-20.1978
31120,P2,BASE,-46.80,-47.49,-131,R,87878,-20.1909
31130,P2,BASE,-46.95,-47.50,-132,R,87859,-20.1854
31140,P2,BASE,-47.10,-50.00,-129,R,87839,-20.1564
31150,P2,BASE,-47.25,-47.50,-132,R,87820,-20.1539
31160,P2,BASE,-47.40,-47.50,-132,R,87801,-20.1530
31170,P2,BASE,-47.55,-47.51,-132,R,87782,-20.1534
31180,P2,BASE,-47.70,-47.50,-132,R,87763,-20.1554
31190,P2,BASE,-47.85,-49.99,-130,R,87743,-20.1340
31200,P2,BASE,-48.00,-45.01,-135,R,87725,-20.1638
31210,P2,BASE,-48.15,-47.49,-133,R,87706,-20.1705
31220,P2,BASE,-48.30,-47.51,-133,R,87687,-20.1784
31230,P2,BASE,-48.45,-45.00,-136,R,87669,-20.2129
31240,P2,BASE,-48.60,-49.99,-131,R,87649,-20.1990
31250,P2,BASE,-48.75,-45.02,-136,R,87631,-20.2364
31260,P2,BASE,-48.90,-45.00,-137,R,87613,-20.2754
31270,P2,BASE,-49.05,-47.50,-134,R,87594,-20.2909
31280,P2,BASE,-49.20,-47.49,-135,R,87575,-20.3079
31290,P2,BASE,-49.35,-47.51,-135,R,87556,-20.3264
31300,P2,BASE,-49.50,-47.49,-135,R,87537,-20.3464
31310,P2,BASE,-49.65,-45.00,-138,R,87519,-20.3929
31320,P2,BASE,-49.80,-47.49,-136,R,87500,-20.4160
31330,P2,BASE,-49.95,-45.01,-139,R,87482,-20.4655
31340,P2,BASE,-50.10,-47.50,-137,R,87463,-20.4915
31350,P2,BASE,-50.25,-47.50,-137,R,87444,-20.5190
31360,P2,BASE,-50.40,-45.00,-140,R,87426,-20.5730
31370,P2,BASE,-50.55,-47.51,-138,R,87407,-20.6034
31380,P2,BASE,-50.70,-47.50,-138,R,87388,-20.6354
31390,P2,BASE,-50.85,-45.00,-141,R,87370,-20.6939
31400,P2,BASE,-51.00,-47.50,-139,R,87351,-20.7289
31410,P2,BASE,-51.15,-47.49,-140,R,87332,-20.7655
31420,P2,BASE,-51.30,-47.50,-140,R,87313,-20.8035
31430,P2,BASE,-51.45,-47.50,-140,R,87294,-20.8430
31440,P2,BASE,-51.60,-49.99,-138,R,87274,-20.8590
31450,P2,BASE,-51.75,-47.50,-141,R,87255,-20.9015
31460,P2,BASE,-51.90,-47.49,-142,R,87236,-20.9456
31470,P2,BASE,-52.05,-50.01,-139,R,87216,-20.9660
31480,P2,BASE,-52.20,-47.50,-142,R,87197,-21.0130
31490,P2,BASE,-52.35,-50.02,-140,R,87177,-21.0364
31500,P2,BASE,-52.50,-47.50,-143,R,87158,-21.0864
31510,P2,BASE,-52.65,-50.00,-141,R,87138,-21.1129
31520,P2,BASE,-52.80,-47.50,-144,R,87119,-21.1660
31530,P2,BASE,-52.95,-50.01,-142,R,87099,-21.1954
31540,P2,BASE,-53.10,-50.01,-142,R,87079,-21.2263
31550,P2,BASE,-53.25,-49.99,-142,R,87059,-21.2589
31560,P2,BASE,-53.40,-49.99,-143,R,87039,-21.2929
31570,P2,BASE,-53.55,-50.00,-143,R,87019,-21.3284
31580,P2,BASE,-53.70,-52.51,-141,R,86998,-21.3404
31590,P2,BASE,-53.85,-52.49,-141,R,86977,-21.3539
31600,P2,BASE,-54.00,-52.51,-141,R,86956,-21.3689
31610,P2,BASE,-54.15,-55.00,-139,R,86934,-21.3604
31620,P2,BASE,-54.30,-52.50,-142,R,86913,-21.3784
31630,P2,BASE,-54.45,-49.99,-145,R,86893,-21.4230
31640,P2,BASE,-54.60,-55.00,-140,R,86871,-21.4190
31650,P2,BASE,-54.75,-55.00,-140,R,86849,-21.4165
31660,P2,BASE,-54.90,-52.50,-143,R,86828,-21.4405
31670,P2,BASE,-55.05,-52.50,-143,R,86807,-21.4660
31680,P2,BASE,-55.20,-54.99,-141,R,86785,-21.4680
31690,P2,BASE,-55.35,-52.51,-144,R,86764,-21.4965
31700,P2,BASE,-55.50,-57.51,-139,R,86741,-21.4764
31710,P2,BASE,-55.65,-55.00,-141,R,86719,-21.4829
31720,P2,BASE,-55.80,-52.49,-144,R,86698,-21.5160
31730,P2,BASE,-55.95,-57.52,-139,R,86675,-21.5003
31740,P2,BASE,-56.10,-54.99,-142,R,86653,-21.5114
31750,P2,BASE,-56.25,-55.01,-142,R,86631,-21.5239
31760,P2,BASE,-56.40,-55.00,-142,R,86609,-21.5379
31770,P2,BASE,-56.55,-52.49,-145,R,86588,-21.5785
31780,P2,BASE,-56.70,-55.01,-143,R,86566,-21.5954
31790,P2,BASE,-56.85,-54.99,-143,R,86544,-21.6140
31800,P2,BASE,-57.00,-52.50,-146,R,86523,-21.6590
31810,P2,BASE,-57.15,-55.02,-144,R,86501,-21.6803
31820,P2,BASE,-57.30,-52.49,-147,R,86480,-21.7284
31830,P2,BASE,-57.45,-55.01,-145,R,86458,-21.7528
31840,P2,BASE,-57.60,-54.98,-145,R,86436,-21.7790
31850,P2,BASE,-57.75,-52.50,-148,R,86415,-21.8315
31860,P2,BASE,-57.90,-55.01,-146,R,86393,-21.8604
31870,P2,BASE,-58.05,-57.49,-144,R,86370,-21.8659
31880,P2,BASE,-58.20,-54.99,-147,R,86348,-21.8980
31890,P2,BASE,-58.35,-57.51,-144,R,86325,-21.9064
31900,P2,BASE,-58.50,-54.99,-147,R,86303,-21.9415
31910,P2,BASE,-58.65,-59.99,-142,R,86279,-21.9280
31920,P2,BASE,-58.80,-57.51,-145,R,86256,-21.9410
31930,P2,BASE,-58.95,-55.01,-148,R,86234,-21.9804
31940,P2,BASE,-59.10,-57.51,-146,R,86211,-21.9963
31950,P2,BASE,-59.25,-57.49,-146,R,86188,-22.0139
31960,P2,BASE,-59.40,-57.49,-146,R,86165,-22.0330
31970,P2,BASE,-59.55,-60.00,-144,R,86141,-22.0285
31980,P2,BASE,-59.70,-55.00,-149,R,86119,-22.0755
31990,P2,BASE,-59.85,-60.02,-144,R,86095,-22.0738
32000,P2,BASE,-60.00,-57.48,-147,R,86072,-22.0990
32010,P2,BASE,-60.15,-57.50,-148,R,86049,-22.1255
32020,P2,BASE,-60.30,-60.01,-145,R,86025,-22.1283
32030,P2,BASE,-60.45,-57.50,-148,R,86002,-22.1578
32040,P2,BASE,-60.60,-57.51,-148,R,85979,-22.1888
32050,P2,BASE,-60.75,-57.48,-149,R,85956,-22.2215
32060,P2,BASE,-60.90,-57.49,-149,R,85933,-22.2555
32070,P2,BASE,-61.05,-60.02,-147,R,85909,-22.2658
32080,P2,BASE,-61.20,-57.49,-150,R,85886,-22.3029
32090,P2,BASE,-61.35,-57.49,-150,R,85863,-22.3415
32100,P2,BASE,-61.50,-60.01,-148,R,85839,-22.3564
32110,P2,BASE,-61.65,-57.51,-151,R,85816,-22.3978
32120,P2,BASE,-61.80,-59.98,-149,R,85792,-22.4160
32130,P2,BASE,-61.95,-62.52,-146,R,85767,-22.4103
32140,P2,BASE,-62.10,-60.00,-149,R,85743,-22.4313
32150,P2,BASE,-62.25,-59.99,-149,R,85719,-22.4539
32160,P2,BASE,-62.40,-59.99,-150,R,85695,-22.4780
32170,P2,BASE,-62.55,-62.51,-147,R,85670,-22.4784
32180,P2,BASE,-62.70,-62.51,-147,R,85645,-22.4803
32190,P2,BASE,-62.85,-62.44,-148,R,85620,-22.4843
32200,P2,BASE,-63.00,-62.56,-148,R,85595,-22.4888
32210,P2,BASE,-63.15,-59.99,-151,R,85571,-22.5204
32220,P2,BASE,-63.30,-62.49,-148,R,85546,-22.5284
32230,P2,BASE,-63.45,-62.51,-148,R,85521,-22.5378
32240,P2,BASE,-63.60,-64.99,-146,R,85495,-22.5239
32250,P2,BASE,-63.75,-65.01,-146,R,85469,-22.5113
32260,P2,BASE,-63.90,-64.99,-146,R,85443,-22.5004
32270,P2,BASE,-64.05,-65.00,-146,R,85417,-22.4909
32280,P2,BASE,-64.20,-62.51,-149,R,85392,-22.5078
32290,P2,BASE,-64.35,-62.49,-149,R,85367,-22.5263
32300,P2,BASE,-64.50,-64.99,-147,R,85341,-22.5214
32310,P2,BASE,-64.65,-62.49,-150,R,85316,-22.5429
32320,P2,BASE,-64.80,-65.02,-147,R,85290,-22.5408
32330,P2,BASE,-64.95,-62.50,-150,R,85265,-22.5653
32340,P2,BASE,-65.10,-62.49,-151,R,85240,-22.5913
32350,P2,BASE,-65.25,-62.50,-151,R,85215,-22.6188
32360,P2,BASE,-65.40,-64.99,-149,R,85189,-22.6229
32370,P2,BASE,-65.55,-62.49,-151,R,85164,-22.6535
32380,P2,BASE,-65.70,-65.00,-149,R,85138,-22.6605
32390,P2,BASE,-65.85,-62.52,-152,R,85113,-22.6938
32400,P2,BASE,-66.00,-62.49,-152,R,85088,-22.7289
32410,P2,BASE,-66.15,-65.01,-150,R,85062,-22.7403
32420,P2,BASE,-66.30,-62.51,-153,R,85037,-22.7783
32430,P2,BASE,-66.45,-64.98,-151,R,85011,-22.7929
32440,P2,BASE,-66.60,-62.51,-154,R,84986,-22.8338
32450,P2,BASE,-66.75,-64.99,-151,R,84960,-22.8515
32460,P2,BASE,-66.90,-65.00,-152,R,84934,-22.8705
32470,P2,BASE,-67.05,-62.51,-155,R,84909,-22.9159
32480,P2,BASE,-67.20,-64.99,-152,R,84883,-22.9380
32490,P2,BASE,-67.35,-65.00,-153,R,84857,-22.9615
32500,P2,BASE,-67.50,-65.01,-153,R,84831,-22.9863
32510,P2,BASE,-67.65,-64.98,-153,R,84805,-23.0130
32520,P2,BASE,-67.80,-65.03,-154,R,84779,-23.0408
32530,P2,BASE,-67.95,-64.99,-154,R,84753,-23.0704
32540,P2,BASE,-68.10,-64.99,-154,R,84727,-23.1015
32550,P2,BASE,-68.25,-62.52,-157,R,84702,-23.1588
32560,P2,BASE,-68.40,-64.99,-155,R,84676,-23.1928
32570,P2,BASE,-68.55,-64.99,-156,R,84650,-23.2285
32580,P2,BASE,-68.70,-67.52,-153,R,84623,-23.2403
32590,P2,BASE,-68.85,-65.00,-156,R,84597,-23.2788
32600,P2,BASE,-69.00,-67.47,-154,R,84570,-23.2940
32610,P2,BASE,-69.15,-67.53,-154,R,84543,-23.3103
32620,P2,BASE,-69.30,-67.49,-155,R,84516,-23.3284
32630,P2,BASE,-69.45,-65.01,-158,R,84490,-23.3728
32640,P2,BASE,-69.60,-69.98,-153,R,84462,-23.3690
32650,P2,BASE,-69.75,-67.50,-155,R,84435,-23.3915
32660,P2,BASE,-69.90,-67.50,-156,R,84408,-23.4155
32670,P2,BASE,-70.05,-70.01,-153,R,84380,-23.4159
32680,P2,BASE,-70.20,-67.51,-156,R,84353,-23.4428
32690,P2,BASE,-70.35,-67.49,-157,R,84326,-23.4715
32700,P2,BASE,-70.50,-67.51,-157,R,84299,-23.5013
32710,P2,BASE,-70.65,-72.49,-152,R,84270,-23.4830
32720,P2,BASE,-70.80,-67.50,-157,R,84243,-23.5160
32730,P2,BASE,-70.95,-70.00,-155,R,84215,-23.5255
32740,P2,BASE,-71.10,-67.52,-158,R,84188,-23.5613
32750,P2,BASE,-71.25,-69.98,-156,R,84160,-23.5740
32760,P2,BASE,-71.40,-67.51,-159,R,84133,-23.6129
32770,P2,BASE,-71.55,-67.50,-159,R,84106,-23.6534
32780,P2,BASE,-71.70,-67.50,-159,R,84079,-23.6954
32790,P2,BASE,-71.85,-67.48,-160,R,84052,-23.7391
32800,P2,BASE,-72.00,-67.53,-160,R,84025,-23.7838
32810,P2,BASE,-72.15,-69.94,-158,R,83997,-23.8058
32820,P2,BASE,-72.30,-70.04,-158,R,83969,-23.8284
32830,P2,BASE,-72.45,-69.99,-159,R,83941,-23.8530
32840,P2,BASE,-72.60,-70.00,-159,R,83913,-23.8790
32850,P2,BASE,-72.75,-72.52,-157,R,83884,-23.8813
32860,P2,BASE,-72.90,-72.48,-157,R,83855,-23.8855
32870,P2,BASE,-73.05,-69.99,-160,R,83827,-23.9161
32880,P2,BASE,-73.20,-72.52,-157,R,83798,-23.9228
32890,P2,BASE,-73.35,-72.48,-158,R,83769,-23.9316
32900,P2,BASE,-73.50,-72.53,-158,R,83740,-23.9413
32910,P2,BASE,-73.65,-72.49,-158,R,83711,-23.9529
32920,P2,BASE,-73.80,-75.00,-156,R,83681,-23.9409
32930,P2,BASE,-73.95,-72.50,-158,R,83652,-23.9554
32940,P2,BASE,-74.10,-72.50,-159,R,83623,-23.9714
32950,P2,BASE,-74.25,-72.51,-159,R,83594,-23.9888
32960,P2,BASE,-74.40,-72.48,-159,R,83565,-24.0080
32970,P2,BASE,-74.55,-70.00,-162,R,83537,-24.0535
32980,P2,BASE,-74.70,-75.01,-157,R,83507,-24.0504
32990,P2,BASE,-74.85,-70.01,-163,R,83479,-24.0988
33000,P2,BASE,-75.00,-72.49,-160,R,83450,-24.1239
33010,P2,BASE,-75.15,-72.49,-161,R,83421,-24.1506
33020,P2,BASE,-75.30,-72.53,-161,R,83392,-24.1783
33030,P2,BASE,-75.45,-74.98,-159,R,83362,-24.1830
33040,P2,BASE,-75.60,-72.51,-162,R,83333,-24.2139
33050,P2,BASE,-75.75,-72.49,-162,R,83304,-24.2465
33060,P2,BASE,-75.90,-77.52,-157,R,83273,-24.2303
33070,P2,BASE,-76.05,-72.50,-162,R,83244,-24.2658
33080,P2,BASE,-76.20,-74.99,-160,R,83214,-24.2780
33090,P2,BASE,-76.35,-77.49,-158,R,83183,-24.2666
33100,P2,BASE,-76.50,-75.03,-160,R,83153,-24.2813
33110,P2,BASE,-76.65,-72.49,-163,R,83124,-24.3229
33120,P2,BASE,-76.80,-77.52,-158,R,83093,-24.3158
33130,P2,BASE,-76.95,-77.50,-159,R,83062,-24.3103
33140,P2,BASE,-77.10,-77.50,-159,R,83031,-24.3063
33150,P2,BASE,-77.25,-77.50,-159,R,83000,-24.3038
33160,P2,BASE,-77.40,-74.97,-162,R,82970,-24.3281
33170,P2,BASE,-77.55,-77.53,-159,R,82939,-24.3283
33180,P2,BASE,-77.70,-74.99,-162,R,82909,-24.3554
33190,P2,BASE,-77.85,-77.51,-160,R,82878,-24.3588
33200,P2,BASE,-78.00,-77.47,-160,R,82847,-24.3641
33210,P2,BASE,-78.15,-72.54,-166,R,82818,-24.4203
33220,P2,BASE,-78.30,-77.49,-161,R,82787,-24.4283
33230,P2,BASE,-78.45,-77.49,-161,R,82756,-24.4379
33240,P2,BASE,-78.60,-77.50,-161,R,82725,-24.4489
33250,P2,BASE,-78.75,-74.99,-164,R,82695,-24.4865
33260,P2,BASE,-78.90,-77.52,-162,R,82664,-24.5003
33270,P2,BASE,-79.05,-74.99,-165,R,82634,-24.5409
33280,P2,BASE,-79.20,-79.94,-160,R,82602,-24.5335
33290,P2,BASE,-79.35,-75.05,-165,R,82572,-24.5764
33300,P2,BASE,-79.50,-77.49,-163,R,82541,-24.5965
33310,P2,BASE,-79.65,-77.52,-163,R,82510,-24.6179
33320,P2,BASE,-79.80,-80.01,-161,R,82478,-24.6158
33330,P2,BASE,-79.95,-77.50,-164,R,82447,-24.6403
33340,P2,BASE,-80.10,-77.50,-164,R,82416,-24.6663
33350,P2,BASE,-80.25,-77.50,-164,R,82385,-24.6938
33360,P2,BASE,-80.40,-77.49,-165,R,82354,-24.7229
33370,P2,BASE,-80.55,-75.00,-168,R,82324,-24.7784
33380,P2,BASE,-80.70,-74.99,-168,R,82294,-24.8355
33390,P2,BASE,-80.85,-75.01,-169,R,82264,-24.8939
33400,P2,BASE,-81.00,-79.99,-164,R,82232,-24.9039
33410,P2,BASE,-81.15,-75.00,-170,R,82202,-24.9654
33420,P2,BASE,-81.30,-80.00,-165,R,82170,-24.9784
33430,P2,BASE,-81.45,-77.52,-168,R,82139,-25.0178
33440,P2,BASE,-81.60,-77.47,-168,R,82108,-25.0591
33450,P2,BASE,-81.75,-77.52,-169,R,82077,-25.1014
33460,P2,BASE,-81.90,-80.02,-166,R,82045,-25.1203
33470,P2,BASE,-82.05,-77.48,-169,R,82014,-25.1660
33480,P2,BASE,-82.20,-77.51,-170,R,81983,-25.2129
33490,P2,BASE,-82.35,-77.51,-170,R,81952,-25.2614
33500,P2,BASE,-82.50,-79.94,-168,R,81920,-25.2869
33510,P2,BASE,-82.65,-77.56,-171,R,81889,-25.3378
33520,P2,BASE,-82.80,-79.99,-169,R,81857,-25.3659
33530,P2,BASE,-82.95,-77.50,-172,R,81826,-25.4204
33540,P2,BASE,-83.10,-80.00,-170,R,81794,-25.4514
33550,P2,BASE,-83.25,-77.51,-173,R,81763,-25.5088
33560,P2,BASE,-83.40,-77.50,-173,R,81732,-25.5678
33570,P2,BASE,-83.55,-77.48,-174,R,81701,-25.6285
33580,P2,BASE,-83.70,-75.01,-177,R,81671,-25.7155
33590,P2,BASE,-83.85,-77.50,-175,R,81640,-25.7790
33600,P2,BASE,-84.00,-75.00,-179,R,81610,-25.8690
33610,P2,BASE,-84.15,-80.02,-174,R,81578,-25.9103
33620,P2,BASE,-84.30,-79.99,-174,R,81546,-25.9534
33630,P2,BASE,-84.45,-79.99,-175,R,81514,-25.9980
33640,P2,BASE,-84.60,-82.48,-173,R,81481,-26.0191
33650,P2,BASE,-84.75,-80.02,-176,R,81449,-26.0664
33660,P2,BASE,-84.90,-79.98,-176,R,81417,-26.1156
33670,P2,BASE,-85.05,-82.49,-174,R,81384,-26.1411
33680,P2,BASE,-85.20,-82.52,-174,R,81351,-26.1679
33690,P2,BASE,-85.35,-82.48,-174,R,81318,-26.1966
33700,P2,BASE,-85.50,-82.52,-175,R,81285,-26.2265
33710,P2,BASE,-85.65,-82.49,-175,R,81252,-26.2581
33720,P2,BASE,-85.80,-82.50,-176,R,81219,-26.2911
33730,P2,BASE,-85.95,-82.50,-176,R,81186,-26.3256
33740,P2,BASE,-86.10,-82.50,-176,R,81153,-26.3616
33750,P2,BASE,-86.25,-82.51,-177,R,81120,-26.3990
33760,P2,BASE,-86.40,-80.01,-180,R,81088,-26.4629
33770,P2,BASE,-86.55,-82.51,-178,R,81055,-26.5033
33780,P2,BASE,-86.70,-82.48,-178,R,81022,-26.5456
33790,P2,BASE,-86.85,-85.00,-176,R,80988,-26.5641
33800,P2,BASE,-87.00,-82.50,-179,R,80955,-26.6091
33810,P2,BASE,-87.15,-85.00,-177,R,80921,-26.6306
33820,P2,BASE,-87.30,-82.50,-180,R,80888,-26.6786
33830,P2,BASE,-87.45,-87.50,-175,R,80853,-26.6781
33840,P2,BASE,-87.60,-85.01,-178,R,80819,-26.7040
33850,P2,BASE,-87.75,-85.00,-178,R,80785,-26.7315
33860,P2,BASE,-87.90,-85.00,-178,R,80751,-26.7605
33870,P2,BASE,-88.05,-84.99,-179,R,80717,-26.7911
33880,P2,BASE,-88.20,-89.99,-174,R,80681,-26.7731
33890,P2,BASE,-88.35,-87.51,-176,R,80646,-26.7816
33900,P2,BASE,-88.50,-87.53,-176,R,80611,-26.7913
33910,P2,BASE,-88.65,-87.49,-177,R,80576,-26.8029
33920,P2,BASE,-88.80,-87.49,-177,R,80541,-26.8160
33930,P2,BASE,-88.95,-85.00,-180,R,80507,-26.8555
33940,P2,BASE,-89.10,-84.99,-180,R,80473,-26.8966
33950,P2,BASE,-89.25,-89.98,-175,R,80437,-26.8892
33960,P2,BASE,-89.40,-82.54,-184,R,80404,-26.9578
33970,P2,BASE,-89.55,-90.00,-176,R,80368,-26.9533
33980,P2,BASE,-89.70,-87.49,-179,R,80333,-26.9754
33990,P2,BASE,-89.85,-87.48,-179,R,80298,-26.9991
34000,P2,BASE,-90.00,-90.03,-177,R,80262,-26.9988
34010,P2,BASE,-90.15,-87.48,-180,R,80227,-27.0255
34020,P2,BASE,-90.30,-87.52,-180,R,80192,-27.0533
34030,P2,BASE,-90.45,-90.00,-178,R,80156,-27.0578
34040,P2,BASE,-90.60,-89.97,-178,R,80120,-27.0641
34050,P2,BASE,-90.75,-90.02,-178,R,80084,-27.0714
34060,P2,BASE,-90.90,-89.97,-178,R,80048,-27.0807
34070,P2,BASE,-91.05,-90.04,-178,R,80012,-27.0908
34080,P2,BASE,-91.20,-87.47,-181,R,79977,-27.1281
34090,P2,BASE,-91.35,-90.02,-179,R,79941,-27.1414
34100,P2,BASE,-91.50,-84.99,-185,R,79907,-27.2065
34110,P2,BASE,-91.65,-90.02,-180,R,79871,-27.2228
34120,P2,BASE,-91.80,-89.99,-180,R,79835,-27.2409
34130,P2,BASE,-91.95,-87.49,-183,R,79800,-27.2855
34140,P2,BASE,-92.10,-92.50,-178,R,79763,-27.2815
34150,P2,BASE,-92.25,-90.02,-181,R,79727,-27.3038
34160,P2,BASE,-92.40,-89.97,-181,R,79691,-27.3281
34170,P2,BASE,-92.55,-92.52,-179,R,79654,-27.3284
34180,P2,BASE,-92.70,-89.99,-182,R,79618,-27.3555
34190,P2,BASE,-92.85,-90.02,-182,R,79582,-27.3838
34200,P2,BASE,-93.00,-90.00,-183,R,79546,-27.4138
34210,P2,BASE,-93.15,-92.48,-180,R,79509,-27.4205
34220,P2,BASE,-93.30,-92.51,-180,R,79472,-27.4284
34230,P2,BASE,-93.45,-92.50,-181,R,79435,-27.4379
34240,P2,BASE,-93.60,-89.99,-184,R,79399,-27.4740
34250,P2,BASE,-93.75,-92.50,-181,R,79362,-27.4865
34260,P2,BASE,-93.90,-87.49,-187,R,79327,-27.5506
34270,P2,BASE,-94.05,-90.02,-185,R,79291,-27.5909
34280,P2,BASE,-94.20,-90.01,-185,R,79255,-27.6328
34290,P2,BASE,-94.35,-89.97,-186,R,79219,-27.6766
34300,P2,BASE,-94.50,-94.99,-181,R,79181,-27.6717
34310,P2,BASE,-94.65,-95.04,-181,R,79143,-27.6678
34320,P2,BASE,-94.80,-92.48,-184,R,79106,-27.6910
34330,P2,BASE,-94.95,-97.50,-179,R,79067,-27.6655
34340,P2,BASE,-95.10,-94.99,-181,R,79029,-27.6666
34350,P2,BASE,-95.25,-97.50,-179,R,78990,-27.6441
34360,P2,BASE,-95.40,-95.03,-181,R,78952,-27.6478
34370,P2,BASE,-95.55,-94.96,-182,R,78914,-27.6537
34380,P2,BASE,-95.70,-97.53,-179,R,78875,-27.6354
34390,P2,BASE,-95.85,-94.98,-182,R,78837,-27.6440
34400,P2,BASE,-96.00,-97.45,-179,R,78798,-27.6295
34410,P2,BASE,-96.15,-95.04,-182,R,78760,-27.6407
34420,P2,BASE,-96.30,-92.53,-185,R,78723,-27.6784
34430,P2,BASE,-96.45,-94.98,-183,R,78685,-27.6931
34440,P2,BASE,-96.60,-95.02,-183,R,78647,-27.7089
34450,P2,BASE,-96.75,-92.51,-186,R,78610,-27.7513
34460,P2,BASE,-96.90,-97.49,-181,R,78571,-27.7454
34470,P2,BASE,-97.05,-95.01,-184,R,78533,-27.7658
34480,P2,BASE,-97.20,-94.96,-184,R,78495,-27.7882
34490,P2,BASE,-97.35,-97.51,-182,R,78456,-27.7866
34500,P2,BASE,-97.50,-95.03,-185,R,78418,-27.8113
34510,P2,BASE,-97.65,-97.48,-182,R,78379,-27.8130
34520,P2,BASE,-97.80,-97.49,-183,R,78340,-27.8161
34530,P2,BASE,-97.95,-95.01,-185,R,78302,-27.8455
34540,P2,BASE,-98.10,-100.00,-180,R,78262,-27.8265
34550,P2,BASE,-98.25,-100.01,-180,R,78222,-27.8089
34560,P2,BASE,-98.40,-94.97,-186,R,78184,-27.8432
34570,P2,BASE,-98.55,-100.04,-181,R,78144,-27.8283
34580,P2,BASE,-98.70,-94.99,-186,R,78106,-27.8654
34590,P2,BASE,-98.85,-97.50,-184,R,78067,-27.8789
34600,P2,BASE,-99.00,-97.49,-184,R,78028,-27.8940
34610,P2,BASE,-99.15,-97.51,-184,R,77989,-27.9104
34620,P2,BASE,-99.30,-97.48,-185,R,77950,-27.9286
34630,P2,BASE,-99.45,-97.53,-185,R,77911,-27.9478
34640,P2,BASE,-99.60,-97.48,-185,R,77872,-27.9690
34650,P2,BASE,-99.75,-99.98,-183,R,77832,-27.9667
34660,P2,BASE,-99.90,-100.03,-183,R,77792,-27.9654
34670,P2,BASE,-100.05,-97.48,-186,R,77753,-27.9910
34680,P2,BASE,-100.20,-100.00,-184,R,77713,-27.9930
34690,P2,BASE,-100.35,-102.53,-181,R,77672,-27.9712
34700,P2,BASE,-100.50,-99.96,-184,R,77632,-27.9766
34710,P2,BASE,-100.65,-100.01,-184,R,77592,-27.9830
34720,P2,BASE,-100.80,-100.00,-184,R,77552,-27.9910
34730,P2,BASE,-100.95,-97.53,-187,R,77513,-28.0252
34740,P2,BASE,-101.10,-97.50,-187,R,77474,-28.0612
34750,P2,BASE,-101.25,-97.50,-188,R,77435,-28.0987
34760,P2,BASE,-101.40,-99.98,-186,R,77395,-28.1129
34770,P2,BASE,-101.55,-102.42,-183,R,77354,-28.1043
34780,P2,BASE,-101.70,-100.08,-186,R,77314,-28.1205
34790,P2,BASE,-101.85,-99.99,-186,R,77274,-28.1391
34800,P2,BASE,-102.00,-102.50,-184,R,77233,-28.1341
34810,P2,BASE,-102.15,-100.02,-187,R,77193,-28.1554
34820,P2,BASE,-102.30,-100.00,-187,R,77153,-28.1784
34830,P2,BASE,-102.45,-99.99,-187,R,77113,-28.2030
34840,P2,BASE,-102.60,-102.51,-185,R,77072,-28.2039
34850,P2,BASE,-102.75,-102.49,-185,R,77031,-28.2065
34860,P2,BASE,-102.90,-100.01,-188,R,76991,-28.2354
34870,P2,BASE,-103.05,-100.00,-188,R,76951,-28.2659
34880,P2,BASE,-103.20,-97.50,-191,R,76912,-28.3229
34890,P2,BASE,-103.35,-100.01,-189,R,76872,-28.3563
34900,P2,BASE,-103.50,-99.98,-190,R,76832,-28.3915
34910,P2,BASE,-103.65,-102.50,-187,R,76791,-28.4030
34920,P2,BASE,-103.80,-102.52,-187,R,76750,-28.4158
34930,P2,BASE,-103.95,-102.49,-188,R,76709,-28.4304
34940,P2,BASE,-104.10,-107.49,-183,R,76666,-28.3965
34950,P2,BASE,-104.25,-105.00,-185,R,76624,-28.3890
34960,P2,BASE,-104.40,-105.02,-185,R,76582,-28.3828
34970,P2,BASE,-104.55,-107.50,-183,R,76539,-28.3533
34980,P2,BASE,-104.70,-105.00,-185,R,76497,-28.3503
34990,P2,BASE,-104.85,-104.99,-186,R,76455,-28.3489
35000,P2,BASE,-105.00,-104.99,-186,R,76413,-28.3490
35010,P2,BASE,-105.15,-105.02,-186,R,76371,-28.3503
35020,P2,BASE,-105.30,-104.99,-186,R,76329,-28.3534
35030,P2,BASE,-105.45,-102.49,-189,R,76288,-28.3830
35040,P2,BASE,-105.60,-104.99,-187,R,76246,-28.3891
35050,P2,BASE,-105.75,-100.01,-192,R,76206,-28.4465
35060,P2,BASE,-105.90,-107.50,-185,R,76163,-28.4305
35070,P2,BASE,-106.05,-105.02,-187,R,76121,-28.4408
35080,P2,BASE,-106.20,-104.97,-188,R,76079,-28.4531
35090,P2,BASE,-106.35,-105.03,-188,R,76037,-28.4663
35100,P2,BASE,-106.50,-107.46,-185,R,75994,-28.4567
35110,P2,BASE,-106.65,-105.03,-188,R,75952,-28.4729
35120,P2,BASE,-106.80,-105.01,-188,R,75910,-28.4908
35130,P2,BASE,-106.95,-107.50,-186,R,75867,-28.4853
35140,P2,BASE,-107.10,-107.48,-186,R,75824,-28.4815
35150,P2,BASE,-107.25,-104.99,-189,R,75782,-28.5041
35160,P2,BASE,-107.40,-107.50,-187,R,75739,-28.5031
35170,P2,BASE,-107.55,-105.00,-189,R,75697,-28.5286
35180,P2,BASE,-107.70,-105.00,-190,R,75655,-28.5556
35190,P2,BASE,-107.85,-105.03,-190,R,75613,-28.5838
35200,P2,BASE,-108.00,-107.50,-188,R,75570,-28.5888
35210,P2,BASE,-108.15,-107.50,-188,R,75527,-28.5953
35220,P2,BASE,-108.30,-104.99,-191,R,75485,-28.6284
35230,P2,BASE,-108.45,-110.00,-186,R,75441,-28.6129
35240,P2,BASE,-108.60,-107.48,-189,R,75398,-28.6241
35250,P2,BASE,-108.75,-109.99,-186,R,75354,-28.6117
35260,P2,BASE,-108.90,-107.54,-189,R,75311,-28.6253
35270,P2,BASE,-109.05,-109.99,-186,R,75267,-28.6159
35280,P2,BASE,-109.20,-109.99,-187,R,75223,-28.6080
35290,P2,BASE,-109.35,-107.50,-189,R,75180,-28.6265
35300,P2,BASE,-109.50,-107.50,-190,R,75137,-28.6465
35310,P2,BASE,-109.65,-107.52,-190,R,75094,-28.6678
35320,P2,BASE,-109.80,-105.00,-193,R,75052,-28.7158
35330,P2,BASE,-109.95,-107.46,-191,R,75009,-28.7407
35340,P2,BASE,-110.10,-110.04,-188,R,74965,-28.7413
35350,P2,BASE,-110.25,-109.99,-189,R,74921,-28.7439
35360,P2,BASE,-110.40,-109.93,-189,R,74877,-28.7485
35370,P2,BASE,-110.55,-107.55,-192,R,74834,-28.7785
35380,P2,BASE,-110.70,-109.99,-189,R,74790,-28.7856
35390,P2,BASE,-110.85,-110.03,-189,R,74746,-28.7938
35400,P2,BASE,-111.00,-107.48,-192,R,74703,-28.8290
35410,P2,BASE,-111.15,-109.99,-190,R,74659,-28.8406
35420,P2,BASE,-111.30,-110.01,-190,R,74615,-28.8535
35430,P2,BASE,-111.45,-110.00,-191,R,74571,-28.8680
35440,P2,BASE,-111.60,-107.50,-194,R,74528,-28.9090
35450,P2,BASE,-111.75,-105.01,-197,R,74486,-28.9764
35460,P2,BASE,-111.90,-109.99,-192,R,74442,-28.9955
35470,P2,BASE,-112.05,-107.49,-195,R,74399,-29.0411
35480,P2,BASE,-112.20,-112.51,-190,R,74354,-29.0380
35490,P2,BASE,-112.35,-112.49,-190,R,74309,-29.0366
35500,P2,BASE,-112.50,-115.03,-187,R,74263,-29.0113
35510,P2,BASE,-112.65,-114.97,-188,R,74217,-28.9881
35520,P2,BASE,-112.80,-112.52,-190,R,74172,-28.9909
35530,P2,BASE,-112.95,-115.00,-188,R,74126,-28.9704
35540,P2,BASE,-113.10,-117.50,-185,R,74079,-28.9264
35550,P2,BASE,-113.25,-112.48,-190,R,74034,-28.9341
35560,P2,BASE,-113.40,-112.51,-190,R,73989,-28.9430
35570,P2,BASE,-113.55,-112.50,-191,R,73944,-28.9535
35580,P2,BASE,-113.70,-112.49,-191,R,73899,-28.9656
35590,P2,BASE,-113.85,-110.00,-194,R,73855,-29.0041
35600,P2,BASE,-114.00,-112.53,-192,R,73810,-29.0188
35610,P2,BASE,-114.15,-115.00,-189,R,73764,-29.0103
35620,P2,BASE,-114.30,-112.46,-192,R,73719,-29.0287
35630,P2,BASE,-114.45,-112.51,-192,R,73674,-29.0481
35640,P2,BASE,-114.60,-112.50,-193,R,73629,-29.0691
35650,P2,BASE,-114.75,-115.00,-190,R,73583,-29.0666
35660,P2,BASE,-114.90,-112.49,-193,R,73538,-29.0907
35670,P2,BASE,-115.05,-115.00,-191,R,73492,-29.0912
35680,P2,BASE,-115.20,-117.45,-188,R,73445,-29.0687
35690,P2,BASE,-115.35,-112.56,-193,R,73400,-29.0966
35700,P2,BASE,-115.50,-117.50,-188,R,73353,-29.0766
35710,P2,BASE,-115.65,-112.50,-194,R,73308,-29.1081
35720,P2,BASE,-115.80,-112.51,-194,R,73263,-29.1410
35730,P2,BASE,-115.95,-112.51,-195,R,73218,-29.1754
35740,P2,BASE,-116.10,-114.98,-192,R,73172,-29.1866
35750,P2,BASE,-116.25,-115.01,-193,R,73126,-29.1990
35760,P2,BASE,-116.40,-114.99,-193,R,73080,-29.2131
35770,P2,BASE,-116.55,-117.54,-190,R,73033,-29.2033
35780,P2,BASE,-116.70,-117.45,-190,R,72986,-29.1958
35790,P2,BASE,-116.85,-117.54,-191,R,72939,-29.1889
35800,P2,BASE,-117.00,-117.50,-191,R,72892,-29.1839
35810,P2,BASE,-117.15,-117.51,-191,R,72845,-29.1803
35820,P2,BASE,-117.30,-115.00,-194,R,72799,-29.2033
35830,P2,BASE,-117.45,-117.49,-191,R,72752,-29.2029
35840,P2,BASE,-117.60,-114.99,-194,R,72706,-29.2290
35850,P2,BASE,-117.75,-112.51,-197,R,72661,-29.2814
35860,P2,BASE,-117.90,-114.97,-195,R,72615,-29.3107
35870,P2,BASE,-118.05,-120.00,-190,R,72567,-29.2912
35880,P2,BASE,-118.20,-117.52,-193,R,72520,-29.2980
35890,P2,BASE,-118.35,-114.99,-196,R,72474,-29.3316
35900,P2,BASE,-118.50,-117.50,-193,R,72427,-29.3416
35910,P2,BASE,-118.65,-117.54,-193,R,72380,-29.3528
35920,P2,BASE,-118.80,-117.48,-194,R,72333,-29.3660
35930,P2,BASE,-118.95,-115.01,-197,R,72287,-29.4054
35940,P2,BASE,-119.10,-119.99,-192,R,72239,-29.3965
35950,P2,BASE,-119.25,-117.49,-194,R,72192,-29.4141
35960,P2,BASE,-119.40,-115.00,-197,R,72146,-29.4581
35970,P2,BASE,-119.55,-115.01,-198,R,72100,-29.5035
35980,P2,BASE,-119.70,-114.98,-198,R,72054,-29.5507
35990,P2,BASE,-119.85,-115.03,-199,R,72008,-29.5989
36000,P2,BASE,-120.00,-119.98,-194,R,71960,-29.5991
36010,P2,BASE,-120.15,-120.01,-194,R,71912,-29.6005
36020,P2,BASE,-120.30,-122.51,-192,R,71863,-29.5784
36030,P2,BASE,-120.45,-122.50,-192,R,71814,-29.5579
36040,P2,BASE,-120.60,-122.48,-192,R,71765,-29.5391
36050,P2,BASE,-120.75,-122.50,-192,R,71716,-29.5216
36060,P2,BASE,-120.90,-122.49,-192,R,71667,-29.5058
36070,P2,BASE,-121.05,-120.05,-194,R,71619,-29.5158
36080,P2,BASE,-121.20,-122.48,-192,R,71570,-29.5030
36090,P2,BASE,-121.35,-120.02,-195,R,71522,-29.5163
36100,P2,BASE,-121.50,-117.50,-198,R,71475,-29.5563
36110,P2,BASE,-121.65,-119.98,-195,R,71427,-29.5730
36120,P2,BASE,-121.80,-122.52,-193,R,71378,-29.5658
36130,P2,BASE,-121.95,-117.49,-199,R,71331,-29.6104
36140,P2,BASE,-122.10,-122.50,-194,R,71282,-29.6064
36150,P2,BASE,-122.25,-122.39,-194,R,71233,-29.6050
36160,P2,BASE,-122.40,-120.11,-196,R,71185,-29.6279
36170,P2,BASE,-122.55,-122.51,-194,R,71136,-29.6283
36180,P2,BASE,-122.70,-122.46,-194,R,71087,-29.6307
36190,P2,BASE,-122.85,-122.51,-194,R,71038,-29.6341
36200,P2,BASE,-123.00,-122.49,-195,R,70989,-29.6392
36210,P2,BASE,-123.15,-120.04,-198,R,70941,-29.6703
36220,P2,BASE,-123.30,-122.49,-195,R,70892,-29.6784
36230,P2,BASE,-123.45,-119.99,-198,R,70844,-29.7131
36240,P2,BASE,-123.60,-120.00,-199,R,70796,-29.7491
36250,P2,BASE,-123.75,-122.49,-196,R,70747,-29.7617
36260,P2,BASE,-123.90,-122.50,-196,R,70698,-29.7757
36270,P2,BASE,-124.05,-127.53,-191,R,70647,-29.7409
36280,P2,BASE,-124.20,-122.46,-197,R,70598,-29.7583
36290,P2,BASE,-124.35,-125.05,-194,R,70548,-29.7513
36300,P2,BASE,-124.50,-124.99,-194,R,70498,-29.7464
36310,P2,BASE,-124.65,-127.50,-192,R,70447,-29.7179
36320,P2,BASE,-124.80,-122.51,-197,R,70398,-29.7408
36330,P2,BASE,-124.95,-124.99,-195,R,70348,-29.7404
36340,P2,BASE,-125.10,-119.99,-200,R,70300,-29.7915
36350,P2,BASE,-125.25,-122.49,-198,R,70251,-29.8192
36360,P2,BASE,-125.40,-122.50,-198,R,70202,-29.8482
36370,P2,BASE,-125.55,-124.99,-196,R,70152,-29.8538
36380,P2,BASE,-125.70,-125.04,-196,R,70102,-29.8604
36390,P2,BASE,-125.85,-124.98,-197,R,70052,-29.8692
36400,P2,BASE,-126.00,-122.52,-199,R,70003,-29.9039
36410,P2,BASE,-126.15,-125.00,-197,R,69953,-29.9154
36420,P2,BASE,-126.30,-122.50,-200,R,69904,-29.9534
36430,P2,BASE,-126.45,-127.47,-195,R,69853,-29.9432
36440,P2,BASE,-126.60,-125.03,-198,R,69803,-29.9589
36450,P2,BASE,-126.75,-125.00,-198,R,69753,-29.9764
36460,P2,BASE,-126.90,-119.98,-204,R,69705,-30.0457
36470,P2,BASE,-127.05,-119.99,-204,R,69657,-30.1163
36480,P2,BASE,-127.20,-122.55,-202,R,69608,-30.1628
36490,P2,BASE,-127.35,-129.97,-195,R,69556,-30.1366
36500,P2,BASE,-127.50,-127.50,-197,R,69505,-30.1366
36510,P2,BASE,-127.65,-130.03,-195,R,69453,-30.1128
36520,P2,BASE,-127.80,-129.95,-195,R,69401,-30.0913
36530,P2,BASE,-127.95,-130.00,-195,R,69349,-30.0708
36540,P2,BASE,-128.10,-127.51,-198,R,69298,-30.0767
36550,P2,BASE,-128.25,-130.03,-195,R,69246,-30.0589
36560,P2,BASE,-128.40,-130.00,-195,R,69194,-30.0429
36570,P2,BASE,-128.55,-127.51,-198,R,69143,-30.0533
36580,P2,BASE,-128.70,-127.49,-198,R,69092,-30.0654
36590,P2,BASE,-128.85,-124.99,-201,R,69042,-30.1040
36600,P2,BASE,-129.00,-127.51,-199,R,68991,-30.1189
36610,P2,BASE,-129.15,-127.47,-199,R,68940,-30.1357
36620,P2,BASE,-129.30,-127.54,-199,R,68889,-30.1533
36630,P2,BASE,-129.45,-129.96,-197,R,68837,-30.1482
36640,P2,BASE,-129.60,-127.51,-200,R,68786,-30.1691
36650,P2,BASE,-129.75,-129.97,-197,R,68734,-30.1668
36660,P2,BASE,-129.90,-127.53,-200,R,68683,-30.1906
36670,P2,BASE,-130.05,-130.03,-198,R,68631,-30.1908
36680,P2,BASE,-130.20,-129.97,-198,R,68579,-30.1931
36690,P2,BASE,-130.35,-127.50,-201,R,68528,-30.2216
36700,P2,BASE,-130.50,-129.99,-199,R,68476,-30.2267
36710,P2,BASE,-130.65,-127.50,-201,R,68425,-30.2582
36720,P2,BASE,-130.80,-127.49,-202,R,68374,-30.2913
36730,P2,BASE,-130.95,-130.05,-199,R,68322,-30.3003
36740,P2,BASE,-131.10,-132.45,-197,R,68269,-30.2868
36750,P2,BASE,-131.25,-130.04,-200,R,68217,-30.2989
36760,P2,BASE,-131.40,-132.49,-197,R,68164,-30.2881
36770,P2,BASE,-131.55,-132.50,-197,R,68111,-30.2786
36780,P2,BASE,-131.70,-132.53,-197,R,68058,-30.2703
36790,P2,BASE,-131.85,-132.50,-198,R,68005,-30.2638
36800,P2,BASE,-132.00,-132.46,-198,R,67952,-30.2592
36810,P2,BASE,-132.15,-127.50,-203,R,67901,-30.3057
36820,P2,BASE,-132.30,-127.53,-204,R,67850,-30.3534
36830,P2,BASE,-132.45,-130.00,-202,R,67798,-30.3779
36840,P2,BASE,-132.60,-132.47,-199,R,67745,-30.3792
36850,P2,BASE,-132.75,-132.54,-199,R,67692,-30.3813
36860,P2,BASE,-132.90,-130.00,-202,R,67640,-30.4103
36870,P2,BASE,-133.05,-132.49,-200,R,67587,-30.4159
36880,P2,BASE,-133.20,-129.96,-203,R,67535,-30.4483
36890,P2,BASE,-133.35,-132.55,-200,R,67482,-30.4563
36900,P2,BASE,-133.50,-132.49,-201,R,67429,-30.4664
36910,P2,BASE,-133.65,-132.46,-201,R,67376,-30.4783
36920,P2,BASE,-133.80,-127.54,-206,R,67325,-30.5410
36930,P2,BASE,-133.95,-127.51,-207,R,67274,-30.6053
36940,P2,BASE,-134.10,-129.99,-205,R,67222,-30.6465
36950,P2,BASE,-134.25,-132.51,-203,R,67169,-30.6638
36960,P2,BASE,-134.40,-135.00,-200,R,67115,-30.6578
36970,P2,BASE,-134.55,-137.49,-198,R,67060,-30.6285
36980,P2,BASE,-134.70,-137.46,-198,R,67005,-30.6009
36990,P2,BASE,-134.85,-137.54,-198,R,66950,-30.5740
37000,P2,BASE,-135.00,-137.47,-198,R,66895,-30.5492
37010,P2,BASE,-135.15,-137.49,-198,R,66840,-30.5259
37020,P2,BASE,-135.30,-135.01,-200,R,66786,-30.5287
37030,P2,BASE,-135.45,-132.49,-203,R,66733,-30.5584
37040,P2,BASE,-135.60,-135.05,-201,R,66679,-30.5638
37050,P2,BASE,-135.75,-132.49,-204,R,66626,-30.5965
37060,P2,BASE,-135.90,-134.99,-201,R,66572,-30.6056
37070,P2,BASE,-136.05,-135.03,-202,R,66518,-30.6158
37080,P2,BASE,-136.20,-134.99,-202,R,66464,-30.6280
37090,P2,BASE,-136.35,-135.00,-202,R,66410,-30.6415
37100,P2,BASE,-136.50,-135.00,-202,R,66356,-30.6565
37110,P2,BASE,-136.65,-134.99,-203,R,66302,-30.6731
37120,P2,BASE,-136.80,-137.49,-200,R,66247,-30.6662
37130,P2,BASE,-136.95,-137.46,-200,R,66192,-30.6611
37140,P2,BASE,-137.10,-135.07,-203,R,66138,-30.6815
37150,P2,BASE,-137.25,-134.89,-204,R,66084,-30.7050
37160,P2,BASE,-137.40,-132.62,-206,R,66031,-30.7529
37170,P2,BASE,-137.55,-137.40,-202,R,65976,-30.7543
37180,P2,BASE,-137.70,-135.08,-204,R,65922,-30.7805
37190,P2,BASE,-137.85,-137.51,-202,R,65867,-30.7839
37200,P2,BASE,-138.00,-137.45,-202,R,65812,-30.7894
37210,P2,BASE,-138.15,-140.01,-200,R,65756,-30.7708
37220,P2,BASE,-138.30,-140.00,-200,R,65700,-30.7538
37230,P2,BASE,-138.45,-140.04,-200,R,65644,-30.7379
37240,P2,BASE,-138.60,-139.97,-200,R,65588,-30.7241
37250,P2,BASE,-138.75,-135.03,-205,R,65534,-30.7614
37260,P2,BASE,-138.90,-134.96,-206,R,65480,-30.8008
37270,P2,BASE,-139.05,-137.51,-203,R,65425,-30.8161
37280,P2,BASE,-139.20,-137.50,-204,R,65370,-30.8331
37290,P2,BASE,-139.35,-137.51,-204,R,65315,-30.8515
37300,P2,BASE,-139.50,-137.49,-204,R,65260,-30.8716
37310,P2,BASE,-139.65,-137.51,-205,R,65205,-30.8930
37320,P2,BASE,-139.80,-137.50,-205,R,65150,-30.9160
37330,P2,BASE,-139.95,-137.51,-205,R,65095,-30.9404
37340,P2,BASE,-140.10,-139.99,-203,R,65039,-30.9415
37350,P2,BASE,-140.25,-137.49,-206,R,64984,-30.9691
37360,P2,BASE,-140.40,-135.03,-209,R,64930,-31.0229
37370,P2,BASE,-140.55,-134.95,-209,R,64876,-31.0789
37380,P2,BASE,-140.70,-135.03,-210,R,64822,-31.1356
37390,P2,BASE,-140.85,-140.00,-205,R,64766,-31.1441
37400,P2,BASE,-141.00,-142.51,-202,R,64709,-31.1290
37410,P2,BASE,-141.15,-145.01,-200,R,64651,-31.0903
37420,P2,BASE,-141.30,-142.47,-202,R,64594,-31.0786
37430,P2,BASE,-141.45,-144.99,-200,R,64536,-31.0433
37440,P2,BASE,-141.60,-142.50,-202,R,64479,-31.0343
37450,P2,BASE,-141.75,-142.54,-202,R,64422,-31.0264
37460,P2,BASE,-141.90,-142.49,-203,R,64365,-31.0205
37470,P2,BASE,-142.05,-140.00,-205,R,64309,-31.0410
37480,P2,BASE,-142.20,-139.97,-206,R,64253,-31.0633
37490,P2,BASE,-142.35,-140.03,-206,R,64197,-31.0865
37500,P2,BASE,-142.50,-142.51,-204,R,64140,-31.0863
37510,P2,BASE,-142.65,-139.99,-207,R,64084,-31.1130
37520,P2,BASE,-142.80,-142.51,-204,R,64027,-31.1158
37530,P2,BASE,-142.95,-139.97,-207,R,63971,-31.1456
37540,P2,BASE,-143.10,-142.49,-205,R,63914,-31.1518
37550,P2,BASE,-143.25,-142.54,-205,R,63857,-31.1588
37560,P2,BASE,-143.40,-142.50,-205,R,63800,-31.1678
37570,P2,BASE,-143.55,-144.96,-203,R,63742,-31.1538
37580,P2,BASE,-143.70,-140.03,-208,R,63686,-31.1905
37590,P2,BASE,-143.85,-142.49,-206,R,63629,-31.2041
37600,P2,BASE,-144.00,-142.50,-206,R,63572,-31.2191
37610,P2,BASE,-144.15,-142.53,-206,R,63515,-31.2354
37620,P2,BASE,-144.30,-142.49,-207,R,63458,-31.2535
37630,P2,BASE,-144.45,-145.00,-204,R,63400,-31.2480
37640,P2,BASE,-144.60,-147.47,-202,R,63341,-31.2193
37650,P2,BASE,-144.75,-145.00,-204,R,63283,-31.2168
37660,P2,BASE,-144.90,-147.49,-202,R,63224,-31.1909
37670,P2,BASE,-145.05,-145.04,-204,R,63166,-31.1910
37680,P2,BASE,-145.20,-140.00,-210,R,63110,-31.2430
37690,P2,BASE,-145.35,-142.49,-208,R,63053,-31.2716
37700,P2,BASE,-145.50,-142.49,-208,R,62996,-31.3018
37710,P2,BASE,-145.65,-147.47,-203,R,62937,-31.2836
37720,P2,BASE,-145.80,-140.04,-211,R,62881,-31.3412
37730,P2,BASE,-145.95,-147.51,-204,R,62822,-31.3255
37740,P2,BASE,-146.10,-142.47,-209,R,62765,-31.3618
37750,P2,BASE,-146.25,-144.93,-207,R,62707,-31.3750
37760,P2,BASE,-146.40,-145.07,-207,R,62649,-31.3883
37770,P2,BASE,-146.55,-145.04,-207,R,62591,-31.4034
37780,P2,BASE,-146.70,-139.97,-213,R,62535,-31.4706
37790,P2,BASE,-146.85,-142.47,-211,R,62478,-31.5144
37800,P2,BASE,-147.00,-140.01,-214,R,62422,-31.5843
37810,P2,BASE,-147.15,-145.03,-209,R,62364,-31.6055
37820,P2,BASE,-147.30,-150.01,-204,R,62304,-31.5783
37830,P2,BASE,-147.45,-149.97,-204,R,62244,-31.5531
37840,P2,BASE,-147.60,-149.99,-204,R,62184,-31.5293
37850,P2,BASE,-147.75,-150.00,-204,R,62124,-31.5068
37860,P2,BASE,-147.90,-152.55,-201,R,62063,-31.4603
37870,P2,BASE,-148.05,-147.50,-207,R,62004,-31.4658
37880,P2,BASE,-148.20,-149.96,-204,R,61944,-31.4483
37890,P2,BASE,-148.35,-145.01,-210,R,61886,-31.4816
37900,P2,BASE,-148.50,-147.53,-207,R,61827,-31.4914
37910,P2,BASE,-148.65,-147.49,-208,R,61768,-31.5030
37920,P2,BASE,-148.80,-144.96,-211,R,61710,-31.5414
37930,P2,BASE,-148.95,-150.06,-205,R,61650,-31.5303
37940,P2,BASE,-149.10,-145.00,-211,R,61592,-31.5713
37950,P2,BASE,-149.25,-149.99,-206,R,61532,-31.5640
37960,P2,BASE,-149.40,-147.49,-209,R,61473,-31.5831
37970,P2,BASE,-149.55,-149.99,-206,R,61413,-31.5788
37980,P2,BASE,-149.70,-147.49,-209,R,61354,-31.6009
37990,P2,BASE,-149.85,-147.50,-210,R,61295,-31.6244
38000,P2,BASE,-150.00,-147.53,-210,R,61236,-31.6491
38010,P2,BASE,-150.00,-147.50,-210,R,61177,-31.6741
38020,P2,BASE,-150.00,-150.01,-208,R,61117,-31.6740
38030,P2,BASE,-150.00,-149.99,-208,R,61057,-31.6741
38040,P2,BASE,-150.00,-152.45,-205,R,60996,-31.6496
38050,P2,BASE,-150.00,-152.58,-205,R,60935,-31.6238
38060,P2,BASE,-150.00,-149.96,-207,R,60875,-31.6243
38070,P2,BASE,-150.00,-152.53,-204,R,60814,-31.5990
38080,P2,BASE,-150.00,-149.99,-207,R,60754,-31.5991
38090,P2,BASE,-150.00,-147.50,-210,R,60695,-31.6241
38100,P2,BASE,-150.00,-147.50,-210,R,60636,-31.6491
38110,P2,BASE,-150.00,-147.47,-210,R,60577,-31.6744
38120,P2,BASE,-150.00,-150.05,-207,R,60517,-31.6740
38130,P2,BASE,-150.00,-147.50,-210,R,60458,-31.6990
38140,P2,BASE,-150.00,-150.01,-208,R,60398,-31.6988
38150,P2,BASE,-150.00,-147.50,-210,R,60339,-31.7238
38160,P2,BASE,-150.00,-149.97,-208,R,60279,-31.7241
38170,P2,BASE,-150.00,-149.99,-208,R,60219,-31.7243
38180,P2,BASE,-150.00,-147.50,-211,R,60160,-31.7493
38190,P2,BASE,-150.00,-145.00,-213,R,60102,-31.7993
38200,P2,BASE,-150.00,-145.00,-214,R,60044,-31.8493
38210,P2,BASE,-150.00,-147.47,-211,R,59985,-31.8746
38220,P2,BASE,-150.00,-150.03,-209,R,59925,-31.8743
38230,P2,BASE,-150.00,-152.50,-206,R,59864,-31.8493
38240,P2,BASE,-150.00,-152.52,-206,R,59803,-31.8241
38250,P2,BASE,-150.00,-155.03,-203,R,59741,-31.7738
38260,P2,BASE,-150.00,-154.98,-203,R,59679,-31.7240
38270,P2,BASE,-150.00,-152.48,-205,R,59618,-31.6991
38280,P2,BASE,-150.00,-152.47,-205,R,59557,-31.6744
38290,P2,BASE,-150.00,-147.56,-210,R,59498,-31.6988
38300,P2,BASE,-150.00,-149.99,-208,R,59438,-31.6990
38310,P2,BASE,-150.00,-147.47,-210,R,59379,-31.7243
38320,P2,BASE,-150.00,-150.01,-208,R,59319,-31.7241
38330,P2,BASE,-150.00,-150.00,-208,R,59259,-31.7241
38340,P2,BASE,-150.00,-149.94,-208,R,59199,-31.7247
38350,P2,BASE,-150.00,-147.59,-210,R,59140,-31.7488
38360,P2,BASE,-150.00,-149.96,-208,R,59080,-31.7493
38370,P2,BASE,-150.00,-152.50,-205,R,59019,-31.7243
38380,P2,BASE,-150.00,-150.03,-208,R,58959,-31.7240
38390,P2,BASE,-150.00,-147.47,-211,R,58900,-31.7493
38400,P2,BASE,-150.00,-150.00,-208,R,58840,-31.7493
38410,P2,BASE,-150.00,-147.51,-211,R,58781,-31.7741
38420,P2,BASE,-150.00,-149.99,-208,R,58721,-31.7743
38430,P2,BASE,-150.00,-152.53,-205,R,58660,-31.7490
38440,P2,BASE,-150.00,-149.99,-208,R,58600,-31.7491
38450,P2,BASE,-150.00,-152.50,-205,R,58539,-31.7241
38460,P2,BASE,-150.00,-152.50,-205,R,58478,-31.6991
38470,P2,BASE,-150.00,-152.52,-205,R,58417,-31.6740
38480,P2,BASE,-150.00,-152.48,-205,R,58356,-31.6491
38490,P2,BASE,-150.00,-145.01,-213,R,58298,-31.6990
38500,P2,BASE,-150.00,-147.50,-210,R,58239,-31.7240
38510,P2,BASE,-150.00,-150.00,-208,R,58179,-31.7240
38520,P2,BASE,-150.00,-150.01,-208,R,58119,-31.7238
38530,P2,BASE,-150.00,-149.96,-208,R,58059,-31.7243
38540,P2,BASE,-150.00,-147.50,-211,R,58000,-31.7493
38550,P2,BASE,-150.00,-150.03,-208,R,57940,-31.7490
38560,P2,BASE,-150.00,-149.99,-208,R,57880,-31.7491
38570,P2,BASE,-150.00,-147.53,-211,R,57821,-31.7738
38580,P2,BASE,-150.00,-150.00,-208,R,57761,-31.7738
38590,P2,BASE,-150.00,-144.93,-214,R,57703,-31.8246
38600,P2,BASE,-150.00,-142.53,-217,R,57646,-31.8993
38610,P2,BASE,-150.00,-147.54,-212,R,57587,-31.9238
38620,P2,BASE,-150.00,-152.48,-206,R,57526,-31.8990
38630,P2,BASE,-150.00,-152.52,-206,R,57465,-31.8738
38640,P2,BASE,-150.00,-154.98,-203,R,57403,-31.8240
38650,P2,BASE,-150.00,-155.00,-203,R,57341,-31.7740
38660,P2,BASE,-150.00,-152.48,-205,R,57280,-31.7491
38670,P2,BASE,-150.00,-152.47,-205,R,57219,-31.7245
38680,P2,BASE,-150.00,-152.53,-205,R,57158,-31.6991
38690,P2,BASE,-150.00,-147.53,-210,R,57099,-31.7239
38700,P2,BASE,-150.00,-149.97,-208,R,57039,-31.7241
38710,P2,BASE,-150.00,-147.50,-211,R,56980,-31.7491
38720,P2,BASE,-150.00,-150.00,-208,R,56920,-31.7491
38730,P2,BASE,-150.00,-149.97,-208,R,56860,-31.7494
38740,P2,BASE,-150.00,-150.03,-208,R,56800,-31.7491
38750,P2,BASE,-150.00,-150.00,-208,R,56740,-31.7491
38760,P2,BASE,-150.00,-150.01,-208,R,56680,-31.7490
38770,P2,BASE,-150.00,-150.01,-208,R,56620,-31.7488
38780,P2,BASE,-150.00,-150.00,-208,R,56560,-31.7488
38790,P2,BASE,-150.00,-149.99,-208,R,56500,-31.7490
38800,P2,BASE,-150.00,-149.97,-208,R,56440,-31.7493
38810,P2,BASE,-150.00,-147.50,-211,R,56381,-31.7743
38820,P2,BASE,-150.00,-150.00,-208,R,56321,-31.7743
38830,P2,BASE,-150.00,-150.01,-208,R,56261,-31.7741
38840,P2,BASE,-150.00,-152.52,-205,R,56200,-31.7490
38850,P2,BASE,-150.00,-152.47,-205,R,56139,-31.7243
38860,P2,BASE,-150.00,-152.55,-205,R,56078,-31.6988
38870,P2,BASE,-150.00,-152.45,-205,R,56017,-31.6743
38880,P2,BASE,-150.00,-150.01,-208,R,55957,-31.6742
38890,P2,BASE,-150.00,-147.49,-210,R,55898,-31.6993
38900,P2,BASE,-150.00,-147.49,-210,R,55839,-31.7244
38910,P2,BASE,-150.00,-150.03,-208,R,55779,-31.7241
38920,P2,BASE,-150.00,-150.03,-208,R,55719,-31.7238
38930,P2,BASE,-150.00,-149.97,-208,R,55659,-31.7241
38940,P2,BASE,-150.00,-147.53,-211,R,55600,-31.7489
38950,P2,BASE,-150.00,-147.44,-211,R,55541,-31.7744
38960,P2,BASE,-150.00,-150.05,-208,R,55481,-31.7740
38970,P2,BASE,-150.00,-152.48,-205,R,55420,-31.7491
38980,P2,BASE,-150.00,-147.51,-211,R,55361,-31.7740
38990,P2,BASE,-150.00,-142.49,-216,R,55304,-31.8491
39000,P2,BASE,-150.00,-144.99,-214,R,55246,-31.8993
39010,P2,BASE,-150.00,-147.53,-212,R,55187,-31.9240
39020,P2,BASE,-150.00,-152.47,-206,R,55126,-31.8993
39030,P2,BASE,-150.00,-152.52,-206,R,55065,-31.8741
39040,P2,BASE,-150.00,-154.98,-203,R,55003,-31.8243
39050,P2,BASE,-150.00,-155.02,-203,R,54941,-31.7741
39060,P2,BASE,-150.00,-152.53,-205,R,54880,-31.7488
39070,P2,BASE,-150.00,-152.44,-205,R,54819,-31.7244
39080,P2,BASE,-150.00,-152.53,-205,R,54758,-31.6991
39090,P2,BASE,-150.00,-147.47,-210,R,54699,-31.7244
39100,P2,BASE,-150.00,-150.01,-208,R,54639,-31.7243
39110,P2,BASE,-150.00,-150.01,-208,R,54579,-31.7241
39120,P2,BASE,-150.00,-147.50,-211,R,54520,-31.7491
39130,P2,BASE,-150.00,-150.00,-208,R,54460,-31.7491
39140,P2,BASE,-150.00,-149.99,-208,R,54400,-31.7493
39150,P2,BASE,-150.00,-152.45,-205,R,54339,-31.7247
39160,P2,BASE,-150.00,-147.54,-211,R,54280,-31.7493
39170,P2,BASE,-150.00,-150.00,-208,R,54220,-31.7493
39180,P2,BASE,-150.00,-152.53,-205,R,54159,-31.7240
39190,P2,BASE,-150.00,-147.50,-211,R,54100,-31.7490
39200,P2,BASE,-150.00,-150.01,-208,R,54040,-31.7488
39210,P2,BASE,-150.00,-147.46,-211,R,53981,-31.7743
39220,P2,BASE,-150.00,-150.03,-208,R,53921,-31.7740
39230,P2,BASE,-150.00,-150.00,-208,R,53861,-31.7740
39240,P2,BASE,-150.00,-152.48,-205,R,53800,-31.7491
39250,P2,BASE,-150.00,-152.47,-205,R,53739,-31.7244
39260,P2,BASE,-150.00,-152.56,-205,R,53678,-31.6988
39270,P2,BASE,-150.00,-154.85,-202,R,53616,-31.6504
39280,P2,BASE,-150.00,-150.11,-207,R,53556,-31.6493
39290,P2,BASE,-150.00,-145.00,-213,R,53498,-31.6993
39300,P2,BASE,-150.00,-147.51,-210,R,53439,-31.7242
39310,P2,BASE,-150.00,-150.01,-208,R,53379,-31.7240
39320,P2,BASE,-150.00,-149.99,-208,R,53319,-31.7242
39330,P2,BASE,-150.00,-150.00,-208,R,53259,-31.7242
39340,P2,BASE,-150.00,-147.49,-211,R,53200,-31.7493
39350,P2,BASE,-150.00,-147.51,-211,R,53141,-31.7742
39360,P2,BASE,-150.00,-149.99,-208,R,53081,-31.7743
39370,P2,BASE,-150.00,-152.48,-205,R,53020,-31.7495
39380,P2,BASE,-150.00,-147.53,-211,R,52961,-31.7742
39390,P2,BASE,-150.00,-142.50,-216,R,52904,-31.8492
39400,P2,BASE,-150.00,-145.01,-214,R,52846,-31.8990
39410,P2,BASE,-150.00,-147.47,-212,R,52787,-31.9243
39420,P2,BASE,-150.00,-152.50,-206,R,52726,-31.8993
39430,P2,BASE,-150.00,-152.50,-206,R,52665,-31.8743
39440,P2,BASE,-150.00,-154.94,-203,R,52603,-31.8250
39450,P2,BASE,-150.00,-152.61,-206,R,52542,-31.7989
39460,P2,BASE,-150.00,-154.98,-203,R,52480,-31.7491
39470,P2,BASE,-150.00,-152.52,-205,R,52419,-31.7239
39480,P2,BASE,-150.00,-152.50,-205,R,52358,-31.6989
39490,P2,BASE,-150.00,-147.49,-210,R,52299,-31.7240
39500,P2,BASE,-150.00,-150.00,-208,R,52239,-31.7240
39510,P2,BASE,-150.00,-147.47,-211,R,52180,-31.7493
39520,P2,BASE,-150.00,-150.01,-208,R,52120,-31.7492
39530,P2,BASE,-150.00,-150.03,-208,R,52060,-31.7489
39540,P2,BASE,-150.00,-149.99,-208,R,52000,-31.7490
39550,P2,BASE,-150.00,-149.97,-208,R,51940,-31.7493
39560,P2,BASE,-150.00,-150.00,-208,R,51880,-31.7493
39570,P2,BASE,-150.00,-150.00,-208,R,51820,-31.7493
39580,P2,BASE,-150.00,-150.05,-208,R,51760,-31.7489
39590,P2,BASE,-150.00,-147.49,-211,R,51701,-31.7740
39600,P2,BASE,-150.00,-149.99,-208,R,51641,-31.7742
39610,P2,BASE,-150.00,-147.53,-211,R,51582,-31.7989
39620,P2,BASE,-150.00,-152.38,-206,R,51521,-31.7751
39630,P2,BASE,-150.00,-150.12,-208,R,51461,-31.7739
39640,P2,BASE,-150.00,-149.99,-208,R,51401,-31.7741
39650,P2,BASE,-150.00,-154.97,-203,R,51339,-31.7244
39660,P2,BASE,-150.00,-152.48,-205,R,51278,-31.6995
39670,P2,BASE,-150.00,-152.55,-205,R,51217,-31.6741
39680,P2,BASE,-150.00,-149.97,-208,R,51157,-31.6744
39690,P2,BASE,-150.00,-145.00,-213,R,51099,-31.7244
39700,P2,BASE,-150.00,-147.49,-211,R,51040,-31.7495
39710,P2,BASE,-150.00,-150.03,-208,R,50980,-31.7492
39720,P2,BASE,-150.00,-150.00,-208,R,50920,-31.7492
39730,P2,BASE,-150.00,-149.97,-208,R,50860,-31.7495
39740,P2,BASE,-150.00,-150.00,-208,R,50800,-31.7495
39750,P2,BASE,-150.00,-147.53,-211,R,50741,-31.7742
39760,P2,BASE,-150.00,-149.99,-208,R,50681,-31.7744
39770,P2,BASE,-150.00,-150.03,-208,R,50621,-31.7741
39780,P2,BASE,-150.00,-147.49,-211,R,50562,-31.7992
39790,P2,BASE,-150.00,-145.01,-214,R,50504,-31.8491
39800,P2,BASE,-150.00,-145.00,-214,R,50446,-31.8991
39810,P2,BASE,-150.00,-147.49,-212,R,50387,-31.9242
39820,P2,BASE,-150.00,-149.97,-209,R,50327,-31.9245
39830,P2,BASE,-150.00,-155.03,-204,R,50265,-31.8742
39840,P2,BASE,-150.00,-152.50,-206,R,50204,-31.8492
39850,P2,BASE,-150.00,-154.98,-203,R,50142,-31.7994
39860,P2,BASE,-150.00,-152.52,-206,R,50081,-31.7742
39870,P2,BASE,-150.00,-154.98,-203,R,50019,-31.7244
39880,P2,BASE,-150.00,-150.00,-208,R,49959,-31.7244
39890,P2,BASE,-150.00,-150.01,-208,R,49899,-31.7242
39900,P2,BASE,-150.00,-147.49,-211,R,49840,-31.7494
39910,P2,BASE,-150.00,-150.01,-208,R,49780,-31.7492
39920,P2,BASE,-150.00,-150.01,-208,R,49720,-31.7491
39930,P2,BASE,-150.00,-152.50,-205,R,49659,-31.7241
39940,P2,BASE,-150.00,-147.46,-211,R,49600,-31.7495
39950,P2,BASE,-150.00,-150.03,-208,R,49540,-31.7492
39960,P2,BASE,-150.00,-149.97,-208,R,49480,-31.7495
39970,P2,BASE,-150.00,-150.01,-208,R,49420,-31.7494
39980,P2,BASE,-150.00,-150.01,-208,R,49360,-31.7492
39990,P2,BASE,-150.00,-147.49,-211,R,49301,-31.7744
40000,P2,BASE,-150.00,-150.05,-208,R,49241,-31.7739
40010,P2,BASE,-150.00,-147.50,-211,R,49182,-31.7989
40020,P2,BASE,-150.00,-149.96,-208,R,49122,-31.7994
40030,P2,BASE,-150.00,-152.53,-206,R,49061,-31.7740
40040,P2,BASE,-150.00,-152.48,-205,R,49000,-31.7492
40050,P2,BASE,-150.00,-152.52,-205,R,48939,-31.7241
40060,P2,BASE,-150.00,-149.99,-208,R,48879,-31.7242
40070,P2,BASE,-150.00,-154.89,-203,R,48817,-31.6753
40080,P2,BASE,-150.00,-150.08,-207,R,48757,-31.6745
40090,P2,BASE,-150.00,-145.06,-213,R,48699,-31.7240
40100,P2,BASE,-150.00,-150.00,-208,R,48639,-31.7240
40110,P2,BASE,-150.00,-147.50,-211,R,48580,-31.7490
40120,P2,BASE,-150.00,-149.99,-208,R,48520,-31.7491
40130,P2,BASE,-150.00,-149.97,-208,R,48460,-31.7494
40140,P2,BASE,-150.00,-150.01,-208,R,48400,-31.7493
40150,P2,BASE,-150.00,-147.47,-211,R,48341,-31.7745
40160,P2,BASE,-150.00,-150.06,-208,R,48281,-31.7739
40170,P2,BASE,-150.00,-149.96,-208,R,48221,-31.7744
40180,P2,BASE,-150.00,-147.53,-211,R,48162,-31.7991
40190,P2,BASE,-150.00,-144.99,-214,R,48104,-31.8492
40200,P2,BASE,-150.00,-145.03,-214,R,48046,-31.8990
40210,P2,BASE,-150.00,-147.44,-212,R,47987,-31.9245
40220,P2,BASE,-150.00,-150.03,-209,R,47927,-31.9242
40230,P2,BASE,-150.00,-155.02,-204,R,47865,-31.8741
40240,P2,BASE,-150.00,-152.50,-206,R,47804,-31.8491
40250,P2,BASE,-150.00,-154.95,-203,R,47742,-31.7996
40260,P2,BASE,-150.00,-152.53,-206,R,47681,-31.7743
40270,P2,BASE,-150.00,-155.02,-203,R,47619,-31.7241
40280,P2,BASE,-150.00,-149.96,-208,R,47559,-31.7245
40290,P2,BASE,-150.00,-150.03,-208,R,47499,-31.7242
40300,P2,BASE,-150.00,-149.99,-208,R,47439,-31.7244
40310,P2,BASE,-150.00,-147.53,-211,R,47380,-31.7491
40320,P2,BASE,-150.00,-149.96,-208,R,47320,-31.7495
40330,P2,BASE,-150.00,-150.05,-208,R,47260,-31.7491
40340,P2,BASE,-150.00,-150.00,-208,R,47200,-31.7491
40350,P2,BASE,-150.00,-150.00,-208,R,47140,-31.7491
40360,P2,BASE,-150.00,-149.99,-208,R,47080,-31.7493
40370,P2,BASE,-150.00,-149.99,-208,R,47020,-31.7494
40380,P2,BASE,-150.00,-150.05,-208,R,46960,-31.7490
40390,P2,BASE,-150.00,-149.97,-208,R,46900,-31.7493
40400,P2,BASE,-150.00,-147.49,-211,R,46841,-31.7744
40410,P2,BASE,-150.00,-150.03,-208,R,46781,-31.7741
40420,P2,BASE,-150.00,-150.00,-208,R,46721,-31.7741
40430,P2,BASE,-150.00,-149.97,-208,R,46661,-31.7744
40440,P2,BASE,-150.00,-150.03,-208,R,46601,-31.7741
40450,P2,BASE,-150.00,-155.02,-203,R,46539,-31.7239
40460,P2,BASE,-150.00,-152.50,-205,R,46478,-31.6989
40470,P2,BASE,-150.00,-152.44,-205,R,46417,-31.6746
40480,P2,BASE,-150.00,-150.01,-208,R,46357,-31.6744
40490,P2,BASE,-150.00,-147.53,-210,R,46298,-31.6991
40500,P2,BASE,-150.00,-147.50,-210,R,46239,-31.7241
40510,P2,BASE,-150.00,-147.49,-211,R,46180,-31.7493
40520,P2,BASE,-150.00,-152.48,-205,R,46119,-31.7244
40530,P2,BASE,-150.00,-147.53,-211,R,46060,-31.7491
40540,P2,BASE,-150.00,-149.96,-208,R,46000,-31.7496
40550,P2,BASE,-150.00,-147.56,-211,R,45941,-31.7740
40560,P2,BASE,-150.00,-150.00,-208,R,45881,-31.7740
40570,P2,BASE,-150.00,-150.00,-208,R,45821,-31.7740
40580,P2,BASE,-150.00,-147.50,-211,R,45762,-31.7990
40590,P2,BASE,-150.00,-144.97,-214,R,45704,-31.8493
40600,P2,BASE,-150.00,-145.01,-214,R,45646,-31.8991
40610,P2,BASE,-150.00,-147.50,-212,R,45587,-31.9241
40620,P2,BASE,-150.00,-152.50,-206,R,45526,-31.8991
40630,P2,BASE,-150.00,-152.52,-206,R,45465,-31.8740
40640,P2,BASE,-150.00,-152.47,-206,R,45404,-31.8493
40650,P2,BASE,-150.00,-155.03,-203,R,45342,-31.7990
40660,P2,BASE,-150.00,-152.45,-206,R,45281,-31.7744
40670,P2,BASE,-150.00,-155.00,-203,R,45219,-31.7244
40680,P2,BASE,-150.00,-150.01,-208,R,45159,-31.7243
40690,P2,BASE,-150.00,-150.01,-208,R,45099,-31.7241
40700,P2,BASE,-150.00,-149.91,-208,R,45039,-31.7250
40710,P2,BASE,-150.00,-147.59,-210,R,44980,-31.7491
40720,P2,BASE,-150.00,-149.99,-208,R,44920,-31.7493
40730,P2,BASE,-150.00,-150.03,-208,R,44860,-31.7490
40740,P2,BASE,-150.00,-147.47,-211,R,44801,-31.7743
40750,P2,BASE,-150.00,-152.48,-205,R,44740,-31.7494
40760,P2,BASE,-150.00,-147.54,-211,R,44681,-31.7740
40770,P2,BASE,-150.00,-152.50,-205,R,44620,-31.7490
40780,P2,BASE,-150.00,-150.00,-208,R,44560,-31.7490
40790,P2,BASE,-150.00,-147.50,-211,R,44501,-31.7740
40800,P2,BASE,-150.00,-149.90,-208,R,44441,-31.7750
40810,P2,BASE,-150.00,-147.56,-211,R,44382,-31.7994
40820,P2,BASE,-150.00,-150.01,-208,R,44322,-31.7993
40830,P2,BASE,-150.00,-150.03,-208,R,44262,-31.7990
40840,P2,BASE,-150.00,-152.45,-206,R,44201,-31.7745
40850,P2,BASE,-150.00,-152.52,-205,R,44140,-31.7493
40860,P2,BASE,-150.00,-152.52,-205,R,44079,-31.7241
40870,P2,BASE,-150.00,-152.48,-205,R,44018,-31.6993
40880,P2,BASE,-150.00,-150.03,-208,R,43958,-31.6990
40890,P2,BASE,-150.00,-147.49,-210,R,43899,-31.7242
40900,P2,BASE,-150.00,-147.51,-211,R,43840,-31.7490
40910,P2,BASE,-150.00,-149.91,-208,R,43780,-31.7499
40920,P2,BASE,-150.00,-150.06,-208,R,43720,-31.7493
40930,P2,BASE,-150.00,-147.51,-211,R,43661,-31.7742
40940,P2,BASE,-150.00,-150.01,-208,R,43601,-31.7740
40950,P2,BASE,-150.00,-147.49,-211,R,43542,-31.7992
40960,P2,BASE,-150.00,-149.99,-208,R,43482,-31.7993
40970,P2,BASE,-150.00,-149.99,-208,R,43422,-31.7995
40980,P2,BASE,-150.00,-150.03,-208,R,43362,-31.7992
40990,P2,BASE,-150.00,-144.94,-214,R,43304,-31.8497
41000,P2,BASE,-150.00,-142.53,-217,R,43247,-31.9244
41010,P2,BASE,-150.00,-147.51,-212,R,43188,-31.9493
41020,P2,BASE,-150.00,-152.53,-207,R,43127,-31.9240
41030,P2,BASE,-150.00,-152.48,-206,R,43066,-31.8992
41040,P2,BASE,-150.00,-152.50,-206,R,43005,-31.8742
41050,P2,BASE,-150.00,-154.95,-203,R,42943,-31.8246
41060,P2,BASE,-150.00,-155.05,-203,R,42881,-31.7742
41070,P2,BASE,-150.00,-152.52,-205,R,42820,-31.7490
41080,P2,BASE,-150.00,-152.48,-205,R,42759,-31.7242
41090,P2,BASE,-150.00,-147.49,-211,R,42700,-31.7493
41100,P2,BASE,-150.00,-149.99,-208,R,42640,-31.7495
41110,P2,BASE,-150.00,-147.50,-211,R,42581,-31.7745
41120,P2,BASE,-150.00,-150.05,-208,R,42521,-31.7740
41130,P2,BASE,-150.00,-149.94,-208,R,42461,-31.7746
41140,P2,BASE,-150.00,-150.01,-208,R,42401,-31.7744
41150,P2,BASE,-150.00,-147.50,-211,R,42342,-31.7994
41160,P2,BASE,-150.00,-152.50,-206,R,42281,-31.7744
41170,P2,BASE,-150.00,-150.03,-208,R,42221,-31.7741
41180,P2,BASE,-150.00,-150.00,-208,R,42161,-31.7741
41190,P2,BASE,-150.00,-147.49,-211,R,42102,-31.7993
41200,P2,BASE,-150.00,-150.01,-208,R,42042,-31.7991
41210,P2,BASE,-150.00,-147.51,-211,R,41983,-31.8240
41220,P2,BASE,-150.00,-152.39,-206,R,41922,-31.8001
41230,P2,BASE,-150.00,-150.09,-208,R,41862,-31.7992
41240,P2,BASE,-150.00,-150.00,-208,R,41802,-31.7992
41250,P2,BASE,-150.00,-154.95,-203,R,41740,-31.7496
41260,P2,BASE,-150.00,-152.52,-205,R,41679,-31.7245
41270,P2,BASE,-150.00,-152.55,-205,R,41618,-31.6990
41280,P2,BASE,-150.00,-149.96,-208,R,41558,-31.6995
41290,P2,BASE,-150.00,-147.53,-210,R,41499,-31.7242
41300,P2,BASE,-150.00,-147.47,-211,R,41440,-31.7495
41310,P2,BASE,-150.00,-147.50,-211,R,41381,-31.7745
41320,P2,BASE,-150.00,-152.48,-205,R,41320,-31.7496
41330,P2,BASE,-150.00,-147.53,-211,R,41261,-31.7743
41340,P2,BASE,-150.00,-149.99,-208,R,41201,-31.7745
41350,P2,BASE,-150.00,-147.51,-211,R,41142,-31.7993
41360,P2,BASE,-150.00,-150.00,-208,R,41082,-31.7993
41370,P2,BASE,-150.00,-150.01,-208,R,41022,-31.7992
41380,P2,BASE,-150.00,-147.49,-211,R,40963,-31.8243
41390,P2,BASE,-150.00,-145.03,-214,R,40905,-31.8740
41400,P2,BASE,-150.00,-144.99,-214,R,40847,-31.9242
41410,P2,BASE,-150.00,-147.49,-212,R,40788,-31.9493
41420,P2,BASE,-150.00,-152.50,-207,R,40727,-31.9243
41430,P2,BASE,-150.00,-152.47,-206,R,40666,-31.8996
41440,P2,BASE,-150.00,-152.53,-206,R,40605,-31.8743
41450,P2,BASE,-150.00,-155.00,-203,R,40543,-31.8243
41460,P2,BASE,-150.00,-152.53,-206,R,40482,-31.7990
41470,P2,BASE,-150.00,-152.45,-206,R,40421,-31.7745
41480,P2,BASE,-150.00,-152.50,-205,R,40360,-31.7495
41490,P2,BASE,-150.00,-150.01,-208,R,40300,-31.7493
41500,P2,BASE,-150.00,-147.51,-211,R,40241,-31.7742
41510,P2,BASE,-150.00,-149.97,-208,R,40181,-31.7745
41520,P2,BASE,-150.00,-147.50,-211,R,40122,-31.7995
41530,P2,BASE,-150.00,-152.53,-206,R,40061,-31.7742
41540,P2,BASE,-150.00,-147.50,-211,R,40002,-31.7992
41550,P2,BASE,-150.00,-150.00,-208,R,39942,-31.7992
41560,P2,BASE,-150.00,-150.00,-208,R,39882,-31.7992
41570,P2,BASE,-150.00,-152.44,-206,R,39821,-31.7748
41580,P2,BASE,-150.00,-150.06,-208,R,39761,-31.7742
41590,P2,BASE,-150.00,-147.51,-211,R,39702,-31.7990
41600,P2,BASE,-150.00,-147.46,-211,R,39643,-31.8245
41610,P2,BASE,-150.00,-150.05,-208,R,39583,-31.8240
41620,P2,BASE,-150.00,-149.96,-209,R,39523,-31.8245
41630,P2,BASE,-150.00,-149.99,-209,R,39463,-31.8246
41640,P2,BASE,-150.00,-152.56,-206,R,39402,-31.7990
41650,P2,BASE,-150.00,-152.47,-206,R,39341,-31.7743
41660,P2,BASE,-150.00,-152.48,-205,R,39280,-31.7495
41670,P2,BASE,-150.00,-152.55,-205,R,39219,-31.7240
41680,P2,BASE,-150.00,-149.97,-208,R,39159,-31.7243
41690,P2,BASE,-150.00,-147.53,-211,R,39100,-31.7490
41700,P2,BASE,-150.00,-147.49,-211,R,39041,-31.7742
41710,P2,BASE,-150.00,-149.99,-208,R,38981,-31.7743
41720,P2,BASE,-150.00,-150.01,-208,R,38921,-31.7742
41730,P2,BASE,-150.00,-147.47,-211,R,38862,-31.7995
41740,P2,BASE,-150.00,-150.00,-208,R,38802,-31.7995
41750,P2,BASE,-150.00,-149.99,-208,R,38742,-31.7996
41760,P2,BASE,-150.00,-150.06,-208,R,38682,-31.7990
41770,P2,BASE,-150.00,-147.50,-211,R,38623,-31.8240
41780,P2,BASE,-150.00,-147.47,-211,R,38564,-31.8493
41790,P2,BASE,-150.00,-144.99,-214,R,38506,-31.8995
41800,P2,BASE,-150.00,-144.99,-214,R,38448,-31.9496
41810,P2,BASE,-150.00,-147.54,-212,R,38389,-31.9742
41820,P2,BASE,-150.00,-152.38,-207,R,38328,-31.9504
41830,P2,BASE,-150.00,-152.59,-207,R,38267,-31.9245
41840,P2,BASE,-150.00,-152.50,-206,R,38206,-31.8995
41850,P2,BASE,-150.00,-154.98,-204,R,38144,-31.8496
41860,P2,BASE,-150.00,-152.52,-206,R,38083,-31.8245
41870,P2,BASE,-150.00,-152.52,-206,R,38022,-31.7993
41880,P2,BASE,-150.00,-152.48,-206,R,37961,-31.7745
41890,P2,BASE,-150.00,-150.01,-208,R,37901,-31.7743
41900,P2,BASE,-150.00,-149.93,-208,R,37841,-31.7751
41910,P2,BASE,-150.00,-147.60,-211,R,37782,-31.7990
41920,P2,BASE,-150.00,-150.00,-208,R,37722,-31.7990
41930,P2,BASE,-150.00,-149.99,-208,R,37662,-31.7992
41940,P2,BASE,-150.00,-149.99,-208,R,37602,-31.7993
41950,P2,BASE,-150.00,-147.51,-211,R,37543,-31.8242
41960,P2,BASE,-150.00,-149.96,-209,R,37483,-31.8246
41970,P2,BASE,-150.00,-152.55,-206,R,37422,-31.7992
41980,P2,BASE,-150.00,-150.01,-208,R,37362,-31.7990
41990,P2,BASE,-150.00,-147.46,-211,R,37303,-31.8245
42000,P2,BASE,-150.00,-150.01,-208,R,37243,-31.8243
42010,P2,BASE,-150.00,-147.50,-211,R,37184,-31.8493
42020,P2,BASE,-150.00,-150.03,-209,R,37124,-31.8490
42030,P2,BASE,-150.00,-152.48,-206,R,37063,-31.8242
42040,P2,BASE,-150.00,-149.97,-209,R,37003,-31.8245
42050,P2,BASE,-150.00,-152.53,-206,R,36942,-31.7992
42060,P2,BASE,-150.00,-155.00,-203,R,36880,-31.7492
42070,P2,BASE,-150.00,-152.47,-205,R,36819,-31.7245
42080,P2,BASE,-150.00,-150.00,-208,R,36759,-31.7245
42090,P2,BASE,-150.00,-147.51,-211,R,36700,-31.7493
42100,P2,BASE,-150.00,-147.53,-211,R,36641,-31.7740
42110,P2,BASE,-150.00,-147.46,-211,R,36582,-31.7995
42120,P2,BASE,-150.00,-150.05,-208,R,36522,-31.7990
42130,P2,BASE,-150.00,-150.00,-208,R,36462,-31.7990
42140,P2,BASE,-150.00,-149.96,-208,R,36402,-31.7995
42150,P2,BASE,-150.00,-147.51,-211,R,36343,-31.8243
42160,P2,BASE,-150.00,-150.03,-208,R,36283,-31.8240
42170,P2,BASE,-150.00,-149.91,-209,R,36223,-31.8249
42180,P2,BASE,-150.00,-147.53,-211,R,36164,-31.8496
42190,P2,BASE,-150.00,-145.04,-214,R,36106,-31.8992
42200,P2,BASE,-150.00,-144.93,-214,R,36048,-31.9499
42210,P2,BASE,-150.00,-145.04,-215,R,35990,-31.9995
42220,P2,BASE,-150.00,-152.52,-207,R,35929,-31.9743
42230,P2,BASE,-150.00,-152.48,-207,R,35868,-31.9495
42240,P2,BASE,-150.00,-152.53,-207,R,35807,-31.9242
42250,P2,BASE,-150.00,-154.97,-204,R,35745,-31.8745
42260,P2,BASE,-150.00,-155.00,-203,R,35683,-31.8245
42270,P2,BASE,-150.00,-152.50,-206,R,35622,-31.7995
42280,P2,BASE,-150.00,-152.50,-206,R,35561,-31.7745
42290,P2,BASE,-150.00,-147.53,-211,R,35502,-31.7992
42300,P2,BASE,-150.00,-149.97,-208,R,35442,-31.7995
42310,P2,BASE,-150.00,-150.00,-208,R,35382,-31.7995
42320,P2,BASE,-150.00,-147.50,-211,R,35323,-31.8245
42330,P2,BASE,-150.00,-152.52,-206,R,35262,-31.7993
42340,P2,BASE,-150.00,-147.49,-211,R,35203,-31.8245
42350,P2,BASE,-150.00,-152.55,-206,R,35142,-31.7990
42360,P2,BASE,-150.00,-147.47,-211,R,35083,-31.8243
42370,P2,BASE,-150.00,-152.50,-206,R,35022,-31.7993
42380,P2,BASE,-150.00,-149.99,-208,R,34962,-31.7995
42390,P2,BASE,-150.00,-147.51,-211,R,34903,-31.8243
42400,P2,BASE,-150.00,-147.50,-211,R,34844,-31.8493
42410,P2,BASE,-150.00,-150.03,-209,R,34784,-31.8490
42420,P2,BASE,-150.00,-150.00,-209,R,34724,-31.8490
42430,P2,BASE,-150.00,-152.47,-206,R,34663,-31.8243
42440,P2,BASE,-150.00,-150.01,-208,R,34603,-31.8242
42450,P2,BASE,-150.00,-152.47,-206,R,34542,-31.7995
42460,P2,BASE,-150.00,-152.50,-206,R,34481,-31.7745
42470,P2,BASE,-150.00,-154.92,-203,R,34419,-31.7253
42480,P2,BASE,-150.00,-150.06,-208,R,34359,-31.7247
42490,P2,BASE,-150.00,-147.53,-211,R,34300,-31.7494
42500,P2,BASE,-150.00,-147.47,-211,R,34241,-31.7747
42510,P2,BASE,-150.00,-147.54,-211,R,34182,-31.7992
42520,P2,BASE,-150.00,-150.01,-208,R,34122,-31.7991
42530,P2,BASE,-150.00,-149.97,-208,R,34062,-31.7994
42540,P2,BASE,-150.00,-150.00,-208,R,34002,-31.7994
42550,P2,BASE,-150.00,-147.53,-211,R,33943,-31.8241
42560,P2,BASE,-150.00,-150.00,-209,R,33883,-31.8241
42570,P2,BASE,-150.00,-150.00,-209,R,33823,-31.8241
42580,P2,BASE,-150.00,-147.50,-211,R,33764,-31.8491
42590,P2,BASE,-150.00,-145.00,-214,R,33706,-31.8991
42600,P2,BASE,-150.00,-145.00,-214,R,33648,-31.9491
42610,P2,BASE,-150.00,-147.49,-212,R,33589,-31.9742
42620,P2,BASE,-150.00,-152.50,-207,R,33528,-31.9492
42630,P2,BASE,-150.00,-152.52,-207,R,33467,-31.9241
42640,P2,BASE,-150.00,-152.45,-207,R,33406,-31.8995
42650,P2,BASE,-150.00,-154.98,-204,R,33344,-31.8497
42660,P2,BASE,-150.00,-155.05,-203,R,33282,-31.7992
42670,P2,BASE,-150.00,-152.48,-206,R,33221,-31.7744
42680,P2,BASE,-150.00,-152.53,-205,R,33160,-31.7491
42690,P2,BASE,-150.00,-147.47,-211,R,33101,-31.7744
42700,P2,BASE,-150.00,-150.03,-208,R,33041,-31.7741
42710,P2,BASE,-150.00,-149.97,-208,R,32981,-31.7744
42720,P2,BASE,-150.00,-147.50,-211,R,32922,-31.7994
42730,P2,BASE,-150.00,-152.42,-206,R,32861,-31.7751
42740,P2,BASE,-150.00,-147.56,-211,R,32802,-31.7995
42750,P2,BASE,-150.00,-150.05,-208,R,32742,-31.7991
42760,P2,BASE,-150.00,-149.97,-208,R,32682,-31.7994
42770,P2,BASE,-150.00,-150.03,-208,R,32622,-31.7991
42780,P2,BASE,-150.00,-149.97,-208,R,32562,-31.7994
42790,P2,BASE,-150.00,-150.01,-208,R,32502,-31.7992
42800,P2,BASE,-150.00,-147.47,-211,R,32443,-31.8245
42810,P2,BASE,-150.00,-150.01,-208,R,32383,-31.8244
42820,P2,BASE,-150.00,-147.53,-211,R,32324,-31.8491
42830,P2,BASE,-150.00,-152.47,-206,R,32263,-31.8244
42840,P2,BASE,-150.00,-149.99,-209,R,32203,-31.8245
42850,P2,BASE,-150.00,-152.53,-206,R,32142,-31.7992
42860,P2,BASE,-150.00,-155.02,-203,R,32080,-31.7491
42870,P2,BASE,-150.00,-152.50,-205,R,32019,-31.7241
42880,P2,BASE,-150.00,-149.94,-208,R,31959,-31.7247
42890,P2,BASE,-150.00,-147.53,-211,R,31900,-31.7494
42900,P2,BASE,-150.00,-147.51,-211,R,31841,-31.7742
42910,P2,BASE,-150.00,-147.49,-211,R,31782,-31.7994
42920,P2,BASE,-150.00,-150.03,-208,R,31722,-31.7991
42930,P2,BASE,-150.00,-150.00,-208,R,31662,-31.7991
42940,P2,BASE,-150.00,-149.99,-208,R,31602,-31.7992
42950,P2,BASE,-150.00,-147.51,-211,R,31543,-31.8241
42960,P2,BASE,-150.00,-149.94,-209,R,31483,-31.8247
42970,P2,BASE,-150.00,-150.06,-208,R,31423,-31.8241
42980,P2,BASE,-150.00,-147.50,-211,R,31364,-31.8491
42990,P2,BASE,-150.00,-144.94,-214,R,31306,-31.8997
43000,P2,BASE,-150.00,-145.01,-214,R,31248,-31.9495
43010,P2,BASE,-149.85,-147.54,-212,R,31189,-31.9726
43020,P2,BASE,-149.70,-149.96,-209,R,31129,-31.9700
43030,P2,BASE,-149.55,-155.02,-204,R,31067,-31.9154
43040,P2,BASE,-149.40,-152.52,-206,R,31006,-31.8842
43050,P2,BASE,-149.25,-152.48,-205,R,30945,-31.8519
43060,P2,BASE,-149.10,-155.00,-202,R,30883,-31.7929
43070,P2,BASE,-148.95,-152.47,-204,R,30822,-31.7577
43080,P2,BASE,-148.80,-150.05,-207,R,30762,-31.7452
43090,P2,BASE,-148.65,-150.01,-207,R,30702,-31.7316
43100,P2,BASE,-148.50,-147.47,-209,R,30643,-31.7419
43110,P2,BASE,-148.35,-150.01,-206,R,30583,-31.7252
43120,P2,BASE,-148.20,-147.47,-209,R,30524,-31.7325
43130,P2,BASE,-148.05,-150.05,-206,R,30464,-31.7126
43140,P2,BASE,-147.90,-144.99,-211,R,30406,-31.7417
43150,P2,BASE,-147.75,-150.01,-206,R,30346,-31.7191
43160,P2,BASE,-147.60,-147.46,-208,R,30287,-31.7205
43170,P2,BASE,-147.45,-150.05,-205,R,30227,-31.6946
43180,P2,BASE,-147.30,-150.00,-205,R,30167,-31.6676
43190,P2,BASE,-147.15,-144.94,-210,R,30109,-31.6896
43200,P2,BASE,-147.00,-147.51,-207,R,30050,-31.6845
43210,P2,BASE,-146.85,-144.99,-210,R,29992,-31.7031
43220,P2,BASE,-146.70,-147.51,-207,R,29933,-31.6950
43230,P2,BASE,-146.55,-149.99,-204,R,29873,-31.6606
43240,P2,BASE,-146.40,-147.54,-206,R,29814,-31.6492
43250,P2,BASE,-146.25,-150.00,-203,R,29754,-31.6117
43260,P2,BASE,-146.10,-149.96,-203,R,29694,-31.5731
43270,P2,BASE,-145.95,-150.05,-202,R,29634,-31.5322
43280,P2,BASE,-145.80,-150.00,-202,R,29574,-31.4902
43290,P2,BASE,-145.65,-142.51,-210,R,29517,-31.5216
43300,P2,BASE,-145.50,-142.50,-210,R,29460,-31.5516
43310,P2,BASE,-145.35,-144.97,-207,R,29402,-31.5553
43320,P2,BASE,-145.20,-147.53,-204,R,29343,-31.5320
43330,P2,BASE,-145.05,-144.97,-207,R,29285,-31.5328
43340,P2,BASE,-144.90,-145.03,-206,R,29227,-31.5315
43350,P2,BASE,-144.75,-144.96,-206,R,29169,-31.5295
43360,P2,BASE,-144.60,-145.00,-206,R,29111,-31.5255
43370,P2,BASE,-144.45,-145.04,-206,R,29053,-31.5195
43380,P2,BASE,-144.30,-145.00,-206,R,28995,-31.5125
43390,P2,BASE,-144.15,-139.94,-211,R,28939,-31.5546
43400,P2,BASE,-144.00,-140.03,-211,R,28883,-31.5943
43410,P2,BASE,-143.85,-142.49,-208,R,28826,-31.6080
43420,P2,BASE,-143.70,-142.50,-208,R,28769,-31.6200
43430,P2,BASE,-143.55,-145.04,-206,R,28711,-31.6050
43440,P2,BASE,-143.40,-149.99,-200,R,28651,-31.5392
43450,P2,BASE,-143.25,-147.41,-202,R,28592,-31.4976
43460,P2,BASE,-143.10,-147.56,-202,R,28533,-31.4530
43470,P2,BASE,-142.95,-147.53,-201,R,28474,-31.4072
43480,P2,BASE,-142.80,-147.50,-201,R,28415,-31.3602
43490,P2,BASE,-142.65,-144.97,-203,R,28357,-31.3370
43500,P2,BASE,-142.50,-142.51,-205,R,28300,-31.3368
43510,P2,BASE,-142.35,-142.50,-205,R,28243,-31.3353
43520,P2,BASE,-142.20,-142.49,-205,R,28186,-31.3325
43530,P2,BASE,-142.05,-140.01,-207,R,28130,-31.3528
43540,P2,BASE,-141.90,-145.00,-202,R,28072,-31.3218
43550,P2,BASE,-141.75,-142.50,-204,R,28015,-31.3143
43560,P2,BASE,-141.60,-140.01,-207,R,27959,-31.3302
43570,P2,BASE,-141.45,-142.47,-204,R,27902,-31.3200
43580,P2,BASE,-141.30,-145.01,-201,R,27844,-31.2828
43590,P2,BASE,-141.15,-142.53,-203,R,27787,-31.2690
43600,P2,BASE,-141.00,-142.50,-203,R,27730,-31.2540
43610,P2,BASE,-140.85,-139.96,-206,R,27674,-31.2630
43620,P2,BASE,-140.70,-137.50,-208,R,27619,-31.2950
43630,P2,BASE,-140.55,-142.54,-203,R,27562,-31.2750
43640,P2,BASE,-140.40,-142.41,-203,R,27505,-31.2549
43650,P2,BASE,-140.25,-142.56,-202,R,27448,-31.2318
43660,P2,BASE,-140.10,-142.49,-202,R,27391,-31.2080
43670,P2,BASE,-139.95,-145.01,-199,R,27333,-31.1573
43680,P2,BASE,-139.80,-142.53,-201,R,27276,-31.1300
43690,P2,BASE,-139.65,-142.50,-201,R,27219,-31.1015
43700,P2,BASE,-139.50,-139.99,-203,R,27163,-31.0967
43710,P2,BASE,-139.35,-137.49,-206,R,27108,-31.1153
43720,P2,BASE,-139.20,-140.00,-203,R,27052,-31.1073
43730,P2,BASE,-139.05,-135.00,-208,R,26998,-31.1478
43740,P2,BASE,-138.90,-142.53,-200,R,26941,-31.1115
43750,P2,BASE,-138.75,-139.99,-202,R,26885,-31.0992
43760,P2,BASE,-138.60,-139.96,-202,R,26829,-31.0856
43770,P2,BASE,-138.45,-135.01,-207,R,26775,-31.1200
43780,P2,BASE,-138.30,-140.04,-202,R,26719,-31.1025
43790,P2,BASE,-138.15,-139.94,-202,R,26663,-31.0846
43800,P2,BASE,-138.00,-137.51,-204,R,26608,-31.0895
43810,P2,BASE,-137.85,-137.50,-204,R,26553,-31.0930
43820,P2,BASE,-137.70,-132.53,-209,R,26500,-31.1447
43830,P2,BASE,-137.55,-135.00,-207,R,26446,-31.1702
43840,P2,BASE,-137.40,-134.97,-207,R,26392,-31.1945
43850,P2,BASE,-137.25,-139.99,-201,R,26336,-31.1671
43860,P2,BASE,-137.10,-140.01,-201,R,26280,-31.1380
43870,P2,BASE,-136.95,-140.04,-201,R,26224,-31.1070
43880,P2,BASE,-136.80,-142.47,-198,R,26167,-31.0503
43890,P2,BASE,-136.65,-142.50,-197,R,26110,-30.9918
43900,P2,BASE,-136.50,-140.03,-199,R,26054,-30.9565
43910,P2,BASE,-136.35,-139.96,-199,R,25998,-30.9205
43920,P2,BASE,-136.20,-137.54,-201,R,25943,-30.9070
43930,P2,BASE,-136.05,-134.96,-204,R,25889,-30.9180
43940,P2,BASE,-135.90,-137.54,-201,R,25834,-30.9015
43950,P2,BASE,-135.75,-135.00,-203,R,25780,-30.9090
43960,P2,BASE,-135.60,-137.47,-200,R,25725,-30.8903
43970,P2,BASE,-135.45,-137.50,-200,R,25670,-30.8698
43980,P2,BASE,-135.30,-135.03,-203,R,25616,-30.8725
43990,P2,BASE,-135.15,-135.00,-202,R,25562,-30.8740
44000,P2,BASE,-135.00,-134.96,-202,R,25508,-30.8744
44010,P2,BASE,-134.85,-137.53,-199,R,25453,-30.8477
44020,P2,BASE,-134.70,-134.97,-202,R,25399,-30.8449
44030,P2,BASE,-134.55,-137.53,-199,R,25344,-30.8152
44040,P2,BASE,-134.40,-132.47,-204,R,25291,-30.8344
44050,P2,BASE,-134.25,-135.04,-201,R,25237,-30.8265
44060,P2,BASE,-134.10,-134.96,-201,R,25183,-30.8179
44070,P2,BASE,-133.95,-132.51,-203,R,25130,-30.8323
44080,P2,BASE,-133.80,-137.47,-198,R,25075,-30.7956
44090,P2,BASE,-133.65,-135.03,-200,R,25021,-30.7818
44100,P2,BASE,-133.50,-135.03,-200,R,24967,-30.7665
44110,P2,BASE,-133.35,-137.47,-197,R,24912,-30.7253
44120,P2,BASE,-133.20,-137.51,-197,R,24857,-30.6822
44130,P2,BASE,-133.05,-135.00,-199,R,24803,-30.6627
44140,P2,BASE,-132.90,-134.97,-199,R,24749,-30.6419
44150,P2,BASE,-132.75,-130.03,-204,R,24697,-30.6692
44160,P2,BASE,-132.60,-132.51,-201,R,24644,-30.6700
44170,P2,BASE,-132.45,-132.49,-201,R,24591,-30.6697
44180,P2,BASE,-132.30,-134.99,-198,R,24537,-30.6428
44190,P2,BASE,-132.15,-130.03,-203,R,24485,-30.6641
44200,P2,BASE,-132.00,-134.95,-198,R,24431,-30.6346
44210,P2,BASE,-131.85,-130.01,-203,R,24379,-30.6530
44220,P2,BASE,-131.70,-132.51,-200,R,24326,-30.6448
44230,P2,BASE,-131.55,-135.01,-197,R,24272,-30.6102
44240,P2,BASE,-131.40,-132.42,-199,R,24219,-30.6000
44250,P2,BASE,-131.25,-130.09,-202,R,24167,-30.6116
44260,P2,BASE,-131.10,-127.45,-205,R,24116,-30.6481
44270,P2,BASE,-130.95,-127.54,-204,R,24065,-30.6822
44280,P2,BASE,-130.80,-127.47,-205,R,24014,-30.7155
44290,P2,BASE,-130.65,-132.49,-199,R,23961,-30.6971
44300,P2,BASE,-130.50,-132.55,-199,R,23908,-30.6766
44310,P2,BASE,-130.35,-134.97,-196,R,23854,-30.6303
44320,P2,BASE,-130.20,-135.01,-195,R,23800,-30.5822
44330,P2,BASE,-130.05,-135.01,-195,R,23746,-30.5326
44340,P2,BASE,-129.90,-132.46,-197,R,23693,-30.5070
44350,P2,BASE,-129.75,-135.01,-194,R,23639,-30.4543
44360,P2,BASE,-129.60,-132.53,-196,R,23586,-30.4251
44370,P2,BASE,-129.45,-129.95,-199,R,23534,-30.4201
44380,P2,BASE,-129.30,-127.55,-201,R,23483,-30.4376
44390,P2,BASE,-129.15,-129.96,-199,R,23431,-30.4295
44400,P2,BASE,-129.00,-129.99,-198,R,23379,-30.4196
44410,P2,BASE,-128.85,-130.04,-198,R,23327,-30.4077
44420,P2,BASE,-128.70,-130.01,-198,R,23275,-30.3946
44430,P2,BASE,-128.55,-129.96,-198,R,23223,-30.3805
44440,P2,BASE,-128.40,-127.50,-200,R,23172,-30.3895
44450,P2,BASE,-128.25,-130.01,-197,R,23120,-30.3718
44460,P2,BASE,-128.10,-129.99,-197,R,23068,-30.3530
44470,P2,BASE,-127.95,-130.04,-197,R,23016,-30.3321
44480,P2,BASE,-127.80,-129.96,-196,R,22964,-30.3105
44490,P2,BASE,-127.65,-127.49,-199,R,22913,-30.3121
44500,P2,BASE,-127.50,-127.55,-199,R,22862,-30.3116
44510,P2,BASE,-127.35,-124.96,-201,R,22812,-30.3355
44520,P2,BASE,-127.20,-130.03,-196,R,22760,-30.3072
44530,P2,BASE,-127.05,-127.49,-198,R,22709,-30.3028
44540,P2,BASE,-126.90,-130.00,-195,R,22657,-30.2718
44550,P2,BASE,-126.75,-130.01,-195,R,22605,-30.2392
44560,P2,BASE,-126.60,-127.49,-197,R,22554,-30.2303
44570,P2,BASE,-126.45,-130.01,-194,R,22502,-30.1947
44580,P2,BASE,-126.30,-129.99,-194,R,22450,-30.1578
44590,P2,BASE,-126.15,-127.49,-196,R,22399,-30.1444
44600,P2,BASE,-126.00,-127.50,-196,R,22348,-30.1294
44610,P2,BASE,-125.85,-122.49,-201,R,22299,-30.1631
44620,P2,BASE,-125.70,-125.00,-198,R,22249,-30.1701
44630,P2,BASE,-125.55,-125.03,-198,R,22199,-30.1753
44640,P2,BASE,-125.40,-127.51,-195,R,22148,-30.1542
44650,P2,BASE,-125.25,-124.98,-198,R,22098,-30.1569
44660,P2,BASE,-125.10,-127.53,-195,R,22047,-30.1327
44670,P2,BASE,-124.95,-125.01,-197,R,21997,-30.1321
44680,P2,BASE,-124.80,-122.49,-200,R,21948,-30.1552
44690,P2,BASE,-124.65,-125.00,-197,R,21898,-30.1517
44700,P2,BASE,-124.50,-127.49,-194,R,21847,-30.1218
44710,P2,BASE,-124.35,-125.03,-197,R,21797,-30.1151
44720,P2,BASE,-124.20,-122.45,-199,R,21748,-30.1326
44730,P2,BASE,-124.05,-120.05,-202,R,21700,-30.1726
44740,P2,BASE,-123.90,-122.49,-199,R,21651,-30.1867
44750,P2,BASE,-123.75,-119.98,-202,R,21603,-30.2244
44760,P2,BASE,-123.60,-125.01,-196,R,21553,-30.2103
44770,P2,BASE,-123.45,-127.50,-194,R,21502,-30.1698
44780,P2,BASE,-123.30,-127.50,-193,R,21451,-30.1278
44790,P2,BASE,-123.15,-124.99,-195,R,21401,-30.1094
44800,P2,BASE,-123.00,-129.95,-190,R,21349,-30.0400
44810,P2,BASE,-122.85,-125.08,-194,R,21299,-30.0177
44820,P2,BASE,-122.70,-127.50,-191,R,21248,-29.9697
44830,P2,BASE,-122.55,-124.95,-194,R,21198,-29.9457
44840,P2,BASE,-122.40,-122.55,-196,R,21149,-29.9442
44850,P2,BASE,-122.25,-122.46,-196,R,21100,-29.9421
44860,P2,BASE,-122.10,-122.52,-196,R,21051,-29.9378
44870,P2,BASE,-121.95,-120.00,-198,R,21003,-29.9573
44880,P2,BASE,-121.80,-124.96,-193,R,20953,-29.9257
44890,P2,BASE,-121.65,-120.04,-198,R,20905,-29.9418
44900,P2,BASE,-121.50,-125.01,-192,R,20855,-29.9067
44910,P2,BASE,-121.35,-122.49,-195,R,20806,-29.8953
44920,P2,BASE,-121.20,-122.51,-194,R,20757,-29.8822
44930,P2,BASE,-121.05,-120.00,-197,R,20709,-29.8927
44940,P2,BASE,-120.90,-124.96,-191,R,20659,-29.8521
44950,P2,BASE,-120.75,-122.54,-194,R,20610,-29.8342
44960,P2,BASE,-120.60,-120.00,-196,R,20562,-29.8402
44970,P2,BASE,-120.45,-120.01,-196,R,20514,-29.8446
44980,P2,BASE,-120.30,-122.46,-193,R,20465,-29.8230
44990,P2,BASE,-120.15,-117.51,-198,R,20418,-29.8494
45000,P2,BASE,-120.00,-122.51,-193,R,20369,-29.8242
45010,P2,BASE,-119.85,-119.98,-195,R,20321,-29.8230
45020,P2,BASE,-119.70,-122.52,-192,R,20272,-29.7947
45030,P2,BASE,-119.55,-119.98,-195,R,20224,-29.7905
45040,P2,BASE,-119.40,-122.52,-192,R,20175,-29.7592
45050,P2,BASE,-119.25,-122.49,-191,R,20126,-29.7268
45060,P2,BASE,-119.10,-122.50,-191,R,20077,-29.6928
45070,P2,BASE,-118.95,-120.00,-193,R,20029,-29.6823
45080,P2,BASE,-118.80,-120.02,-193,R,19981,-29.6701
45090,P2,BASE,-118.65,-119.95,-193,R,19933,-29.6571
45100,P2,BASE,-118.50,-115.05,-198,R,19887,-29.6916
45110,P2,BASE,-118.35,-117.46,-195,R,19840,-29.7005
45120,P2,BASE,-118.20,-117.50,-195,R,19793,-29.7075
45130,P2,BASE,-118.05,-122.54,-190,R,19744,-29.6626
45140,P2,BASE,-117.90,-117.49,-195,R,19697,-29.6667
45150,P2,BASE,-117.75,-117.51,-195,R,19650,-29.6691
45160,P2,BASE,-117.60,-119.98,-192,R,19602,-29.6454
45170,P2,BASE,-117.45,-117.51,-194,R,19555,-29.6447
45180,P2,BASE,-117.30,-117.50,-194,R,19508,-29.6427
45190,P2,BASE,-117.15,-120.01,-191,R,19460,-29.6141
45200,P2,BASE,-117.00,-115.00,-196,R,19414,-29.6341
45210,P2,BASE,-116.85,-117.48,-193,R,19367,-29.6278
45220,P2,BASE,-116.70,-115.02,-196,R,19321,-29.6446
45230,P2,BASE,-116.55,-112.49,-199,R,19276,-29.6852
45240,P2,BASE,-116.40,-114.99,-196,R,19230,-29.6993
45250,P2,BASE,-116.25,-114.99,-196,R,19184,-29.7120
45260,P2,BASE,-116.10,-119.99,-190,R,19136,-29.6731
45270,P2,BASE,-115.95,-117.54,-193,R,19089,-29.6572
45280,P2,BASE,-115.80,-119.96,-190,R,19041,-29.6156
45290,P2,BASE,-115.65,-120.00,-189,R,18993,-29.5721
45300,P2,BASE,-115.50,-120.04,-189,R,18945,-29.5267
45310,P2,BASE,-115.35,-117.50,-191,R,18898,-29.5052
45320,P2,BASE,-115.20,-119.98,-188,R,18850,-29.4575
45330,P2,BASE,-115.05,-117.52,-190,R,18803,-29.4327
45340,P2,BASE,-114.90,-117.50,-190,R,18756,-29.4067
45350,P2,BASE,-114.75,-112.50,-195,R,18711,-29.4292
45360,P2,BASE,-114.60,-115.00,-192,R,18665,-29.4252
45370,P2,BASE,-114.45,-114.99,-192,R,18619,-29.4199
45380,P2,BASE,-114.30,-114.98,-192,R,18573,-29.4131
45390,P2,BASE,-114.15,-115.00,-192,R,18527,-29.4046
45400,P2,BASE,-114.00,-115.03,-191,R,18481,-29.3942
45410,P2,BASE,-113.85,-115.01,-191,R,18435,-29.3826
45420,P2,BASE,-113.70,-114.99,-191,R,18389,-29.3697
45430,P2,BASE,-113.55,-115.01,-191,R,18343,-29.3551
45440,P2,BASE,-113.40,-112.47,-193,R,18298,-29.3645
45450,P2,BASE,-113.25,-115.02,-190,R,18252,-29.3467
45460,P2,BASE,-113.10,-115.01,-190,R,18206,-29.3276
45470,P2,BASE,-112.95,-115.00,-190,R,18160,-29.3071
45480,P2,BASE,-112.80,-112.46,-192,R,18115,-29.3106
45490,P2,BASE,-112.65,-112.53,-192,R,18070,-29.3117
45500,P2,BASE,-112.50,-112.50,-192,R,18025,-29.3117
45510,P2,BASE,-112.35,-112.48,-192,R,17980,-29.3105
45520,P2,BASE,-112.20,-112.53,-192,R,17935,-29.3071
45530,P2,BASE,-112.05,-112.48,-192,R,17890,-29.3028
45540,P2,BASE,-111.90,-115.00,-189,R,17844,-29.2718
45550,P2,BASE,-111.75,-115.02,-188,R,17798,-29.2391
45560,P2,BASE,-111.60,-112.49,-191,R,17753,-29.2302
45570,P2,BASE,-111.45,-114.99,-188,R,17707,-29.1948
45580,P2,BASE,-111.30,-115.02,-187,R,17661,-29.1576
45590,P2,BASE,-111.15,-112.47,-190,R,17616,-29.1444
45600,P2,BASE,-111.00,-112.49,-189,R,17571,-29.1296
45610,P2,BASE,-110.85,-110.04,-192,R,17527,-29.1376
45620,P2,BASE,-110.70,-109.99,-192,R,17483,-29.1447
45630,P2,BASE,-110.55,-109.99,-192,R,17439,-29.1503
45640,P2,BASE,-110.40,-110.02,-191,R,17395,-29.1541
45650,P2,BASE,-110.25,-112.48,-189,R,17350,-29.1318
45660,P2,BASE,-110.10,-112.48,-188,R,17305,-29.1081
45670,P2,BASE,-109.95,-110.03,-191,R,17261,-29.1072
45680,P2,BASE,-109.80,-109.98,-190,R,17217,-29.1055
45690,P2,BASE,-109.65,-109.99,-190,R,17173,-29.1021
45700,P2,BASE,-109.50,-110.00,-190,R,17129,-29.0971
45710,P2,BASE,-109.35,-112.52,-187,R,17084,-29.0653
45720,P2,BASE,-109.20,-110.00,-190,R,17040,-29.0573
45730,P2,BASE,-109.05,-107.50,-192,R,16997,-29.0728
45740,P2,BASE,-108.90,-109.99,-189,R,16953,-29.0620
45750,P2,BASE,-108.75,-104.99,-194,R,16911,-29.0996
45760,P2,BASE,-108.60,-105.03,-194,R,16869,-29.1352
45770,P2,BASE,-108.45,-107.51,-192,R,16826,-29.1446
45780,P2,BASE,-108.30,-107.50,-192,R,16783,-29.1526
45790,P2,BASE,-108.15,-109.99,-189,R,16739,-29.1342
45800,P2,BASE,-108.00,-112.48,-186,R,16694,-29.0895
45810,P2,BASE,-107.85,-112.44,-186,R,16649,-29.0435
45820,P2,BASE,-107.70,-110.08,-188,R,16605,-29.0198
45830,P2,BASE,-107.55,-110.01,-187,R,16561,-28.9951
45840,P2,BASE,-107.40,-112.46,-184,R,16516,-28.9446
45850,P2,BASE,-107.25,-110.02,-187,R,16472,-28.9169
45860,P2,BASE,-107.10,-109.99,-186,R,16428,-28.8880
45870,P2,BASE,-106.95,-109.93,-186,R,16384,-28.8581
45880,P2,BASE,-106.80,-105.07,-191,R,16342,-28.8754
45890,P2,BASE,-106.65,-107.48,-188,R,16299,-28.8671
45900,P2,BASE,-106.50,-107.53,-188,R,16256,-28.8568
45910,P2,BASE,-106.35,-105.00,-190,R,16214,-28.8703
45920,P2,BASE,-106.20,-107.49,-188,R,16171,-28.8574
45930,P2,BASE,-106.05,-107.51,-187,R,16128,-28.8428
45940,P2,BASE,-105.90,-107.46,-187,R,16085,-28.8272
45950,P2,BASE,-105.75,-107.54,-187,R,16042,-28.8093
45960,P2,BASE,-105.60,-104.98,-189,R,16000,-28.8155
45970,P2,BASE,-105.45,-105.02,-189,R,15958,-28.8198
45980,P2,BASE,-105.30,-107.49,-186,R,15915,-28.7979
45990,P2,BASE,-105.15,-107.50,-186,R,15872,-28.7744
46000,P2,BASE,-105.00,-105.02,-188,R,15830,-28.7742
46010,P2,BASE,-104.85,-107.50,-186,R,15787,-28.7477
46020,P2,BASE,-104.70,-104.99,-188,R,15745,-28.7448
46030,P2,BASE,-104.55,-104.98,-188,R,15703,-28.7405
46040,P2,BASE,-104.40,-105.01,-188,R,15661,-28.7344
46050,P2,BASE,-104.25,-102.50,-190,R,15620,-28.7519
46060,P2,BASE,-104.10,-107.51,-185,R,15577,-28.7178
46070,P2,BASE,-103.95,-102.49,-190,R,15536,-28.7324
46080,P2,BASE,-103.80,-104.98,-187,R,15494,-28.7206
46090,P2,BASE,-103.65,-107.51,-184,R,15451,-28.6820
46100,P2,BASE,-103.50,-104.99,-186,R,15409,-28.6671
46110,P2,BASE,-103.35,-105.01,-186,R,15367,-28.6505
46120,P2,BASE,-103.20,-107.50,-183,R,15324,-28.6075
46130,P2,BASE,-103.05,-104.99,-185,R,15282,-28.5881
46140,P2,BASE,-102.90,-105.02,-185,R,15240,-28.5669
46150,P2,BASE,-102.75,-104.99,-185,R,15198,-28.5445
46160,P2,BASE,-102.60,-105.02,-184,R,15156,-28.5203
46170,P2,BASE,-102.45,-99.99,-189,R,15116,-28.5449
46180,P2,BASE,-102.30,-102.50,-187,R,15075,-28.5429
46190,P2,BASE,-102.15,-102.52,-187,R,15034,-28.5392
46200,P2,BASE,-102.00,-99.97,-189,R,14994,-28.5595
46210,P2,BASE,-101.85,-105.03,-184,R,14952,-28.5277
46220,P2,BASE,-101.70,-104.99,-183,R,14910,-28.4948
46230,P2,BASE,-101.55,-102.51,-186,R,14869,-28.4852
46240,P2,BASE,-101.40,-102.48,-185,R,14828,-28.4744
46250,P2,BASE,-101.25,-102.48,-185,R,14787,-28.4621
46260,P2,BASE,-101.10,-100.01,-188,R,14747,-28.4730
46270,P2,BASE,-100.95,-102.51,-185,R,14706,-28.4574
46280,P2,BASE,-100.80,-105.02,-182,R,14664,-28.4152
46290,P2,BASE,-100.65,-100.00,-187,R,14624,-28.4217
46300,P2,BASE,-100.50,-99.99,-187,R,14584,-28.4268
46310,P2,BASE,-100.35,-102.50,-184,R,14543,-28.4053
46320,P2,BASE,-100.20,-97.51,-189,R,14504,-28.4322
46330,P2,BASE,-100.05,-97.47,-189,R,14465,-28.4580
46340,P2,BASE,-99.90,-97.52,-189,R,14426,-28.4818
46350,P2,BASE,-99.75,-102.50,-184,R,14385,-28.4543
46360,P2,BASE,-99.60,-99.99,-186,R,14345,-28.4504
46370,P2,BASE,-99.45,-102.51,-183,R,14304,-28.4198
46380,P2,BASE,-99.30,-105.01,-180,R,14262,-28.3627
46390,P2,BASE,-99.15,-100.00,-185,R,14222,-28.3542
46400,P2,BASE,-99.00,-102.49,-182,R,14181,-28.3193
46410,P2,BASE,-98.85,-105.00,-179,R,14139,-28.2578
46420,P2,BASE,-98.70,-100.01,-184,R,14099,-28.2447
46430,P2,BASE,-98.55,-102.48,-181,R,14058,-28.2054
46440,P2,BASE,-98.40,-102.52,-180,R,14017,-28.1642
46450,P2,BASE,-98.25,-99.98,-183,R,13977,-28.1469
46460,P2,BASE,-98.10,-97.49,-185,R,13938,-28.1530
46470,P2,BASE,-97.95,-97.52,-185,R,13899,-28.1573
46480,P2,BASE,-97.80,-100.00,-182,R,13859,-28.1353
46490,P2,BASE,-97.65,-97.48,-184,R,13820,-28.1370
46500,P2,BASE,-97.50,-97.53,-184,R,13781,-28.1367
46510,P2,BASE,-97.35,-97.47,-184,R,13742,-28.1355
46520,P2,BASE,-97.20,-97.53,-184,R,13703,-28.1322
46530,P2,BASE,-97.05,-102.47,-178,R,13662,-28.0780
46540,P2,BASE,-96.90,-95.01,-186,R,13624,-28.0969
46550,P2,BASE,-96.75,-100.00,-181,R,13584,-28.0644
46560,P2,BASE,-96.60,-97.52,-183,R,13545,-28.0552
46570,P2,BASE,-96.45,-94.98,-185,R,13507,-28.0699
46580,P2,BASE,-96.30,-99.98,-180,R,13467,-28.0331
46590,P2,BASE,-96.15,-100.01,-179,R,13427,-27.9945
46600,P2,BASE,-96.00,-97.52,-182,R,13388,-27.9793
46610,P2,BASE,-95.85,-97.48,-181,R,13349,-27.9630
46620,P2,BASE,-95.70,-95.01,-184,R,13311,-27.9699
46630,P2,BASE,-95.55,-94.99,-184,R,13273,-27.9755
46640,P2,BASE,-95.40,-97.53,-181,R,13234,-27.9542
46650,P2,BASE,-95.25,-92.50,-186,R,13197,-27.9817
46660,P2,BASE,-95.10,-97.47,-181,R,13158,-27.9580
46670,P2,BASE,-94.95,-95.03,-183,R,13120,-27.9572
46680,P2,BASE,-94.80,-94.99,-183,R,13082,-27.9553
46690,P2,BASE,-94.65,-97.47,-180,R,13043,-27.9271
46700,P2,BASE,-94.50,-95.03,-182,R,13005,-27.9218
46710,P2,BASE,-94.35,-94.98,-182,R,12967,-27.9155
46720,P2,BASE,-94.20,-97.53,-179,R,12928,-27.8822
46730,P2,BASE,-94.05,-94.97,-182,R,12890,-27.8730
46740,P2,BASE,-93.90,-97.50,-179,R,12851,-27.8370
46750,P2,BASE,-93.75,-95.02,-181,R,12813,-27.8243
46760,P2,BASE,-93.60,-94.98,-181,R,12775,-27.8105
46770,P2,BASE,-93.45,-92.53,-183,R,12738,-27.8197
46780,P2,BASE,-93.30,-92.47,-183,R,12701,-27.8280
46790,P2,BASE,-93.15,-92.48,-183,R,12664,-27.8347
46800,P2,BASE,-93.00,-92.52,-183,R,12627,-27.8395
46810,P2,BASE,-92.85,-92.52,-183,R,12590,-27.8428
46820,P2,BASE,-92.70,-95.00,-180,R,12552,-27.8198
46830,P2,BASE,-92.55,-95.00,-180,R,12514,-27.7953
46840,P2,BASE,-92.40,-92.48,-182,R,12477,-27.7945
46850,P2,BASE,-92.25,-92.51,-182,R,12440,-27.7919
46860,P2,BASE,-92.10,-94.94,-179,R,12402,-27.7635
46870,P2,BASE,-91.95,-90.05,-184,R,12366,-27.7825
46880,P2,BASE,-91.80,-95.01,-178,R,12328,-27.7504
46890,P2,BASE,-91.65,-92.50,-181,R,12291,-27.7419
46900,P2,BASE,-91.50,-92.50,-181,R,12254,-27.7319
46910,P2,BASE,-91.35,-92.51,-180,R,12217,-27.7203
46920,P2,BASE,-91.20,-92.45,-180,R,12180,-27.7078
46930,P2,BASE,-91.05,-90.04,-183,R,12144,-27.7179
46940,P2,BASE,-90.90,-87.49,-185,R,12109,-27.7520
46950,P2,BASE,-90.75,-90.01,-183,R,12073,-27.7594
46960,P2,BASE,-90.60,-90.00,-182,R,12037,-27.7654
46970,P2,BASE,-90.45,-87.50,-185,R,12002,-27.7949
46980,P2,BASE,-90.30,-92.49,-180,R,11965,-27.7730
46990,P2,BASE,-90.15,-94.95,-177,R,11927,-27.7250
47000,P2,BASE,-90.00,-90.05,-182,R,11891,-27.7245
47010,P2,BASE,-89.85,-94.98,-176,R,11853,-27.6731
47020,P2,BASE,-89.70,-92.50,-178,R,11816,-27.6451
47030,P2,BASE,-89.55,-92.54,-178,R,11779,-27.6153
47040,P2,BASE,-89.40,-94.98,-175,R,11741,-27.5595
47050,P2,BASE,-89.25,-90.01,-180,R,11705,-27.5519
47060,P2,BASE,-89.10,-94.99,-174,R,11667,-27.4930
47070,P2,BASE,-88.95,-90.02,-179,R,11631,-27.4823
47080,P2,BASE,-88.80,-92.46,-176,R,11594,-27.4457
47090,P2,BASE,-88.65,-90.03,-178,R,11558,-27.4319
47100,P2,BASE,-88.50,-87.48,-181,R,11523,-27.4421
47110,P2,BASE,-88.35,-90.01,-178,R,11487,-27.4255
47120,P2,BASE,-88.20,-89.99,-178,R,11451,-27.4076
47130,P2,BASE,-88.05,-87.51,-180,R,11416,-27.4130
47140,P2,BASE,-87.90,-90.01,-177,R,11380,-27.3919
47150,P2,BASE,-87.75,-87.51,-180,R,11345,-27.3943
47160,P2,BASE,-87.60,-87.48,-180,R,11310,-27.3955
47170,P2,BASE,-87.45,-90.02,-177,R,11274,-27.3698
47180,P2,BASE,-87.30,-90.00,-176,R,11238,-27.3428
47190,P2,BASE,-87.15,-87.48,-179,R,11203,-27.3395
47200,P2,BASE,-87.00,-87.52,-178,R,11168,-27.3343
47210,P2,BASE,-86.85,-89.98,-176,R,11132,-27.3030
47220,P2,BASE,-86.70,-87.49,-178,R,11097,-27.2951
47230,P2,BASE,-86.55,-90.02,-175,R,11061,-27.2604
47240,P2,BASE,-86.40,-89.98,-175,R,11025,-27.2246
47250,P2,BASE,-86.25,-85.01,-180,R,10991,-27.2370
47260,P2,BASE,-86.10,-90.00,-174,R,10955,-27.1980
47270,P2,BASE,-85.95,-87.48,-176,R,10920,-27.1827
47280,P2,BASE,-85.80,-85.01,-179,R,10886,-27.1906
47290,P2,BASE,-85.65,-87.50,-176,R,10851,-27.1721
47300,P2,BASE,-85.50,-85.02,-178,R,10817,-27.1769
47310,P2,BASE,-85.35,-87.51,-176,R,10782,-27.1553
47320,P2,BASE,-85.20,-84.97,-178,R,10748,-27.1577
47330,P2,BASE,-85.05,-85.03,-178,R,10714,-27.1579
47340,P2,BASE,-84.90,-84.99,-178,R,10680,-27.1570
47350,P2,BASE,-84.75,-87.51,-175,R,10645,-27.1294
47360,P2,BASE,-84.60,-84.98,-177,R,10611,-27.1256
47370,P2,BASE,-84.45,-85.01,-177,R,10577,-27.1200
47380,P2,BASE,-84.30,-87.49,-174,R,10542,-27.0881
47390,P2,BASE,-84.15,-85.03,-176,R,10508,-27.0793
47400,P2,BASE,-84.00,-87.50,-174,R,10473,-27.0443
47410,P2,BASE,-83.85,-84.99,-176,R,10439,-27.0329
47420,P2,BASE,-83.70,-85.01,-176,R,10405,-27.0198
47430,P2,BASE,-83.55,-84.97,-175,R,10371,-27.0056
47440,P2,BASE,-83.40,-82.51,-178,R,10338,-27.0145
47450,P2,BASE,-83.25,-82.48,-178,R,10305,-27.0222
47460,P2,BASE,-83.10,-82.51,-178,R,10272,-27.0281
47470,P2,BASE,-82.95,-82.51,-177,R,10239,-27.0325
47480,P2,BASE,-82.80,-82.52,-177,R,10206,-27.0353
47490,P2,BASE,-82.65,-84.97,-175,R,10172,-27.0122
47500,P2,BASE,-82.50,-85.03,-174,R,10138,-26.9868
47510,P2,BASE,-82.35,-82.48,-177,R,10105,-26.9856
47520,P2,BASE,-82.20,-82.51,-176,R,10072,-26.9825
47530,P2,BASE,-82.05,-84.99,-174,R,10038,-26.9531
47540,P2,BASE,-81.90,-82.52,-176,R,10005,-26.9468
47550,P2,BASE,-81.75,-82.48,-176,R,9972,-26.9396
47560,P2,BASE,-81.60,-85.03,-173,R,9938,-26.9053
47570,P2,BASE,-81.45,-82.45,-175,R,9905,-26.8953
47580,P2,BASE,-81.30,-82.54,-175,R,9872,-26.8829
47590,P2,BASE,-81.15,-82.51,-175,R,9839,-26.8693
47600,P2,BASE,-81.00,-82.47,-174,R,9806,-26.8546
47610,P2,BASE,-80.85,-82.52,-174,R,9773,-26.8379
47620,P2,BASE,-80.70,-80.00,-177,R,9741,-26.8449
47630,P2,BASE,-80.55,-79.98,-176,R,9709,-26.8506
47640,P2,BASE,-80.40,-77.52,-179,R,9678,-26.8794
47650,P2,BASE,-80.25,-79.99,-176,R,9646,-26.8820
47660,P2,BASE,-80.10,-77.49,-179,R,9615,-26.9081
47670,P2,BASE,-79.95,-82.52,-173,R,9582,-26.8823
47680,P2,BASE,-79.80,-82.50,-173,R,9549,-26.8553
47690,P2,BASE,-79.65,-82.48,-173,R,9516,-26.8271
47700,P2,BASE,-79.50,-82.52,-172,R,9483,-26.7968
47710,P2,BASE,-79.35,-82.50,-172,R,9450,-26.7653
47720,P2,BASE,-79.20,-80.00,-174,R,9418,-26.7573
47730,P2,BASE,-79.05,-82.50,-171,R,9385,-26.7228
47740,P2,BASE,-78.90,-84.98,-168,R,9351,-26.6620
47750,P2,BASE,-78.75,-80.02,-173,R,9319,-26.6493
47760,P2,BASE,-78.60,-82.48,-170,R,9286,-26.6105
47770,P2,BASE,-78.45,-82.50,-170,R,9253,-26.5700
47780,P2,BASE,-78.30,-82.52,-169,R,9220,-26.5278
47790,P2,BASE,-78.15,-80.00,-172,R,9188,-26.5093
47800,P2,BASE,-78.00,-79.98,-171,R,9156,-26.4896
47810,P2,BASE,-77.85,-80.01,-171,R,9124,-26.4680
47820,P2,BASE,-77.70,-80.00,-171,R,9092,-26.4450
47830,P2,BASE,-77.55,-77.50,-173,R,9061,-26.4455
47840,P2,BASE,-77.40,-79.98,-170,R,9029,-26.4196
47850,P2,BASE,-77.25,-77.51,-173,R,8998,-26.4171
47860,P2,BASE,-77.10,-82.49,-167,R,8965,-26.3631
47870,P2,BASE,-76.95,-77.51,-172,R,8934,-26.3576
47880,P2,BASE,-76.80,-77.51,-172,R,8903,-26.3505
47890,P2,BASE,-76.65,-82.49,-166,R,8870,-26.2921
47900,P2,BASE,-76.50,-80.00,-168,R,8838,-26.2571
47910,P2,BASE,-76.35,-77.52,-171,R,8807,-26.2454
47920,P2,BASE,-76.20,-79.98,-168,R,8775,-26.2077
47930,P2,BASE,-76.05,-77.51,-170,R,8744,-26.1931
47940,P2,BASE,-75.90,-80.01,-167,R,8712,-26.1520
47950,P2,BASE,-75.75,-79.99,-167,R,8680,-26.1096
47960,P2,BASE,-75.60,-80.02,-166,R,8648,-26.0653
47970,P2,BASE,-75.45,-79.99,-166,R,8616,-26.0199
47980,P2,BASE,-75.30,-79.99,-165,R,8584,-25.9730
47990,P2,BASE,-75.15,-80.01,-165,R,8552,-25.9244
48000,P2,BASE,-75.00,-77.51,-167,R,8521,-25.8993
48010,P2,BASE,-74.85,-79.98,-164,R,8489,-25.8481
48020,P2,BASE,-74.70,-77.52,-166,R,8458,-25.8198
48030,P2,BASE,-74.55,-77.48,-166,R,8427,-25.7906
48040,P2,BASE,-74.40,-77.52,-166,R,8396,-25.7594
48050,P2,BASE,-74.25,-79.98,-162,R,8364,-25.7021
48060,P2,BASE,-74.10,-75.01,-167,R,8334,-25.6929
48070,P2,BASE,-73.95,-77.50,-164,R,8303,-25.6574
48080,P2,BASE,-73.80,-79.99,-161,R,8271,-25.5955
48090,P2,BASE,-73.65,-77.49,-163,R,8240,-25.5571
48100,P2,BASE,-73.50,-75.02,-166,R,8210,-25.5419
48110,P2,BASE,-73.35,-77.50,-163,R,8179,-25.5004
48120,P2,BASE,-73.20,-79.98,-160,R,8147,-25.4325
48130,P2,BASE,-73.05,-75.01,-164,R,8117,-25.4130
48140,P2,BASE,-72.90,-77.50,-161,R,8086,-25.3670
48150,P2,BASE,-72.75,-77.49,-161,R,8055,-25.3195
48160,P2,BASE,-72.60,-77.52,-160,R,8024,-25.2704
48170,P2,BASE,-72.45,-77.50,-160,R,7993,-25.2199
48180,P2,BASE,-72.30,-74.99,-162,R,7963,-25.1930
48190,P2,BASE,-72.15,-74.99,-162,R,7933,-25.1646
48200,P2,BASE,-72.00,-75.00,-162,R,7903,-25.1346
48210,P2,BASE,-71.85,-72.49,-164,R,7874,-25.1282
48220,P2,BASE,-71.70,-75.02,-161,R,7844,-25.0949
48230,P2,BASE,-71.55,-74.99,-161,R,7814,-25.0605
48240,P2,BASE,-71.40,-74.99,-160,R,7784,-25.0247
48250,P2,BASE,-71.25,-75.03,-160,R,7754,-24.9869
48260,P2,BASE,-71.10,-77.50,-157,R,7723,-24.9229
48270,P2,BASE,-70.95,-72.49,-162,R,7694,-24.9075
48280,P2,BASE,-70.80,-77.49,-156,R,7663,-24.8406
48290,P2,BASE,-70.65,-75.00,-158,R,7633,-24.7971
48300,P2,BASE,-70.50,-75.00,-157,R,7603,-24.7521
48310,P2,BASE,-70.35,-72.52,-160,R,7574,-24.7304
48320,P2,BASE,-70.20,-74.98,-157,R,7544,-24.6826
48330,P2,BASE,-70.05,-75.01,-156,R,7514,-24.6330
48340,P2,BASE,-69.90,-75.00,-156,R,7484,-24.5820
48350,P2,BASE,-69.75,-72.51,-158,R,7455,-24.5544
48360,P2,BASE,-69.60,-74.98,-155,R,7425,-24.5006
48370,P2,BASE,-69.45,-72.50,-157,R,7396,-24.4701
48380,P2,BASE,-69.30,-72.50,-157,R,7367,-24.4381
48390,P2,BASE,-69.15,-70.01,-159,R,7339,-24.4295
48400,P2,BASE,-69.00,-72.50,-156,R,7310,-24.3945
48410,P2,BASE,-68.85,-69.99,-158,R,7282,-24.3831
48420,P2,BASE,-68.70,-67.52,-161,R,7255,-24.3949
48430,P2,BASE,-68.55,-69.99,-158,R,7227,-24.3805
48440,P2,BASE,-68.40,-70.01,-158,R,7199,-24.3644
48450,P2,BASE,-68.25,-72.48,-155,R,7170,-24.3221
48460,P2,BASE,-68.10,-72.49,-154,R,7141,-24.2782
48470,P2,BASE,-67.95,-70.01,-157,R,7113,-24.2576
48480,P2,BASE,-67.80,-72.51,-154,R,7084,-24.2105
48490,P2,BASE,-67.65,-72.51,-153,R,7055,-24.1620
48500,P2,BASE,-67.50,-70.01,-155,R,7027,-24.1369
48510,P2,BASE,-67.35,-70.00,-155,R,6999,-24.1104
48520,P2,BASE,-67.20,-72.49,-152,R,6970,-24.0575
48530,P2,BASE,-67.05,-70.00,-154,R,6942,-24.0280
48540,P2,BASE,-66.90,-70.01,-154,R,6914,-23.9969
48550,P2,BASE,-66.75,-72.50,-151,R,6885,-23.9394
48560,P2,BASE,-66.60,-67.50,-156,R,6858,-23.9304
48570,P2,BASE,-66.45,-69.98,-153,R,6830,-23.8951
48580,P2,BASE,-66.30,-69.99,-152,R,6802,-23.8582
48590,P2,BASE,-66.15,-70.01,-152,R,6774,-23.8196
48600,P2,BASE,-66.00,-67.52,-154,R,6747,-23.8044
48610,P2,BASE,-65.85,-67.49,-154,R,6720,-23.7880
48620,P2,BASE,-65.70,-67.50,-154,R,6693,-23.7700
48630,P2,BASE,-65.55,-65.01,-156,R,6667,-23.7754
48640,P2,BASE,-65.40,-69.98,-151,R,6639,-23.7296
48650,P2,BASE,-65.25,-65.02,-156,R,6613,-23.7319
48660,P2,BASE,-65.10,-70.00,-150,R,6585,-23.6829
48670,P2,BASE,-64.95,-64.99,-155,R,6559,-23.6826
48680,P2,BASE,-64.80,-67.51,-152,R,6532,-23.6554
48690,P2,BASE,-64.65,-67.49,-152,R,6505,-23.6270
48700,P2,BASE,-64.50,-67.49,-151,R,6478,-23.5971
48710,P2,BASE,-64.35,-69.97,-148,R,6450,-23.5409
48720,P2,BASE,-64.20,-65.03,-153,R,6424,-23.5326
48730,P2,BASE,-64.05,-67.51,-150,R,6397,-23.4980
48740,P2,BASE,-63.90,-67.49,-150,R,6370,-23.4621
48750,P2,BASE,-63.75,-65.01,-152,R,6344,-23.4495
48760,P2,BASE,-63.60,-67.49,-149,R,6317,-23.4105
48770,P2,BASE,-63.45,-67.50,-149,R,6290,-23.3700
48780,P2,BASE,-63.30,-67.48,-148,R,6263,-23.3282
48790,P2,BASE,-63.15,-67.52,-148,R,6236,-23.2845
48800,P2,BASE,-63.00,-67.50,-148,R,6209,-23.2395
48810,P2,BASE,-62.85,-65.00,-150,R,6183,-23.2180
48820,P2,BASE,-62.70,-67.49,-147,R,6156,-23.1701
48830,P2,BASE,-62.55,-64.99,-149,R,6130,-23.1457
48840,P2,BASE,-62.40,-65.02,-149,R,6104,-23.1195
48850,P2,BASE,-62.25,-64.98,-148,R,6078,-23.0921
48860,P2,BASE,-62.10,-62.51,-151,R,6053,-23.0880
48870,P2,BASE,-61.95,-65.01,-148,R,6027,-23.0575
48880,P2,BASE,-61.80,-62.49,-150,R,6002,-23.0506
48890,P2,BASE,-61.65,-65.00,-147,R,5976,-23.0171
48900,P2,BASE,-61.50,-62.49,-150,R,5951,-23.0072
48910,P2,BASE,-61.35,-62.53,-149,R,5926,-22.9955
48920,P2,BASE,-61.20,-62.50,-149,R,5901,-22.9825
48930,P2,BASE,-61.05,-62.48,-149,R,5876,-22.9681
48940,P2,BASE,-60.90,-62.51,-149,R,5851,-22.9521
48950,P2,BASE,-60.75,-62.49,-148,R,5826,-22.9346
48960,P2,BASE,-60.60,-62.51,-148,R,5801,-22.9156
48970,P2,BASE,-60.45,-59.99,-151,R,5777,-22.9202
48980,P2,BASE,-60.30,-62.52,-148,R,5752,-22.8980
48990,P2,BASE,-60.15,-62.49,-147,R,5727,-22.8746
49000,P2,BASE,-60.00,-60.00,-150,R,5703,-22.8746
49010,P2,BASE,-59.85,-62.51,-147,R,5678,-22.8481
49020,P2,BASE,-59.70,-60.00,-149,R,5654,-22.8451
49030,P2,BASE,-59.55,-59.99,-149,R,5630,-22.8406
49040,P2,BASE,-59.40,-62.49,-146,R,5605,-22.8097
49050,P2,BASE,-59.25,-60.02,-148,R,5581,-22.8020
49060,P2,BASE,-59.10,-60.01,-148,R,5557,-22.7930
49070,P2,BASE,-58.95,-57.48,-151,R,5534,-22.8077
49080,P2,BASE,-58.80,-60.02,-148,R,5510,-22.7955
49090,P2,BASE,-58.65,-57.50,-150,R,5487,-22.8070
49100,P2,BASE,-58.50,-60.00,-148,R,5463,-22.7920
49110,P2,BASE,-58.35,-60.00,-147,R,5439,-22.7755
49120,P2,BASE,-58.20,-57.49,-150,R,5416,-22.7826
49130,P2,BASE,-58.05,-60.00,-147,R,5392,-22.7631
49140,P2,BASE,-57.90,-60.00,-147,R,5368,-22.7421
49150,P2,BASE,-57.75,-59.99,-146,R,5344,-22.7196
49160,P2,BASE,-57.60,-60.01,-146,R,5320,-22.6955
49170,P2,BASE,-57.45,-60.01,-146,R,5296,-22.6699
49180,P2,BASE,-57.30,-59.98,-145,R,5272,-22.6431
49190,P2,BASE,-57.15,-60.02,-145,R,5248,-22.6144
49200,P2,BASE,-57.00,-60.00,-145,R,5224,-22.5844
49210,P2,BASE,-56.85,-57.50,-147,R,5201,-22.5779
49220,P2,BASE,-56.70,-60.00,-144,R,5177,-22.5449
49230,P2,BASE,-56.55,-57.49,-147,R,5154,-22.5355
49240,P2,BASE,-56.40,-59.99,-144,R,5130,-22.4996
49250,P2,BASE,-56.25,-57.50,-146,R,5107,-22.4871
49260,P2,BASE,-56.10,-59.99,-143,R,5083,-22.4481
49270,P2,BASE,-55.95,-60.01,-143,R,5059,-22.4076
49280,P2,BASE,-55.80,-57.49,-145,R,5036,-22.3906
49290,P2,BASE,-55.65,-57.51,-145,R,5013,-22.3720
49300,P2,BASE,-55.50,-57.48,-144,R,4990,-22.3522
49310,P2,BASE,-55.35,-57.52,-144,R,4967,-22.3305
49320,P2,BASE,-55.20,-55.00,-146,R,4945,-22.3325
49330,P2,BASE,-55.05,-55.00,-146,R,4923,-22.3330
49340,P2,BASE,-54.90,-54.98,-146,R,4901,-22.3322
49350,P2,BASE,-54.75,-55.01,-146,R,4879,-22.3296
49360,P2,BASE,-54.60,-55.01,-146,R,4857,-22.3255
49370,P2,BASE,-54.45,-54.99,-146,R,4835,-22.3201
49380,P2,BASE,-54.30,-55.00,-145,R,4813,-22.3131
49390,P2,BASE,-54.15,-55.00,-145,R,4791,-22.3046
49400,P2,BASE,-54.00,-55.01,-145,R,4769,-22.2945
49410,P2,BASE,-53.85,-57.50,-142,R,4746,-22.2580
49420,P2,BASE,-53.70,-54.99,-144,R,4724,-22.2451
49430,P2,BASE,-53.55,-54.99,-144,R,4702,-22.2306
49440,P2,BASE,-53.40,-55.01,-144,R,4680,-22.2145
49450,P2,BASE,-53.25,-54.99,-144,R,4658,-22.1971
49460,P2,BASE,-53.10,-55.01,-143,R,4636,-22.1780
49470,P2,BASE,-52.95,-54.99,-143,R,4614,-22.1576
49480,P2,BASE,-52.80,-55.01,-143,R,4592,-22.1355
49490,P2,BASE,-52.65,-54.99,-142,R,4570,-22.1121
49500,P2,BASE,-52.50,-55.02,-142,R,4548,-22.0870
49510,P2,BASE,-52.35,-54.98,-142,R,4526,-22.0606
49520,P2,BASE,-52.20,-52.50,-144,R,4505,-22.0576
49530,P2,BASE,-52.05,-55.00,-141,R,4483,-22.0281
49540,P2,BASE,-51.90,-54.99,-141,R,4461,-21.9972
49550,P2,BASE,-51.75,-52.51,-143,R,4440,-21.9896
49560,P2,BASE,-51.60,-52.49,-143,R,4419,-21.9806
49570,P2,BASE,-51.45,-52.51,-143,R,4398,-21.9701
49580,P2,BASE,-51.30,-55.01,-140,R,4376,-21.9330
49590,P2,BASE,-51.15,-52.50,-142,R,4355,-21.9195
49600,P2,BASE,-51.00,-50.00,-145,R,4335,-21.9295
49610,P2,BASE,-50.85,-52.50,-142,R,4314,-21.9130
49620,P2,BASE,-50.70,-52.51,-141,R,4293,-21.8950
49630,P2,BASE,-50.55,-49.98,-144,R,4273,-21.9007
49640,P2,BASE,-50.40,-52.50,-141,R,4252,-21.8797
49650,P2,BASE,-50.25,-52.52,-141,R,4231,-21.8570
49660,P2,BASE,-50.10,-49.99,-143,R,4211,-21.8580
49670,P2,BASE,-49.95,-54.99,-138,R,4189,-21.8076
49680,P2,BASE,-49.80,-52.51,-140,R,4168,-21.7805
49690,P2,BASE,-49.65,-49.99,-142,R,4148,-21.7770
49700,P2,BASE,-49.50,-52.51,-139,R,4127,-21.7470
49710,P2,BASE,-49.35,-52.49,-139,R,4106,-21.7155
49720,P2,BASE,-49.20,-52.51,-139,R,4085,-21.6825
49730,P2,BASE,-49.05,-55.00,-135,R,4063,-21.6230
49740,P2,BASE,-48.90,-49.99,-140,R,4043,-21.6121
49750,P2,BASE,-48.75,-52.52,-137,R,4022,-21.5745
49760,P2,BASE,-48.60,-52.50,-137,R,4001,-21.5355
49770,P2,BASE,-48.45,-52.50,-137,R,3980,-21.4950
49780,P2,BASE,-48.30,-52.51,-136,R,3959,-21.4529
49790,P2,BASE,-48.15,-52.49,-136,R,3938,-21.4095
49800,P2,BASE,-48.00,-49.99,-138,R,3918,-21.3895
49810,P2,BASE,-47.85,-52.49,-135,R,3897,-21.3431
49820,P2,BASE,-47.70,-52.50,-134,R,3876,-21.2951
49830,P2,BASE,-47.55,-52.52,-134,R,3855,-21.2454
49840,P2,BASE,-47.40,-52.49,-134,R,3834,-21.1945
49850,P2,BASE,-47.25,-52.50,-133,R,3813,-21.1420
49860,P2,BASE,-47.10,-49.99,-135,R,3793,-21.1131
49870,P2,BASE,-46.95,-49.99,-135,R,3773,-21.0826
49880,P2,BASE,-46.80,-52.51,-132,R,3752,-21.0256
49890,P2,BASE,-46.65,-47.51,-137,R,3733,-21.0170
49900,P2,BASE,-46.50,-49.99,-134,R,3713,-20.9821
49910,P2,BASE,-46.35,-50.01,-133,R,3693,-20.9455
49920,P2,BASE,-46.20,-47.50,-136,R,3674,-20.9325
49930,P2,BASE,-46.05,-50.01,-133,R,3654,-20.8929
49940,P2,BASE,-45.90,-47.49,-135,R,3635,-20.8770
49950,P2,BASE,-45.75,-47.50,-135,R,3616,-20.8595
49960,P2,BASE,-45.60,-45.00,-137,R,3598,-20.8656
49970,P2,BASE,-45.45,-50.01,-132,R,3578,-20.8200
49980,P2,BASE,-45.30,-45.01,-137,R,3560,-20.8229
49990,P2,BASE,-45.15,-47.50,-134,R,3541,-20.7995
50000,P2,BASE,-45.00,-45.00,-136,R,3523,-20.7995
50010,P2,BASE,-44.85,-45.00,-136,R,3505,-20.7979
50020,P2,BASE,-44.70,-44.99,-136,R,3487,-20.7951
50030,P2,BASE,-44.55,-47.51,-133,R,3468,-20.7655
50040,P2,BASE,-44.40,-44.99,-135,R,3450,-20.7596
50050,P2,BASE,-44.25,-45.00,-135,R,3432,-20.7520
50060,P2,BASE,-44.10,-42.50,-138,R,3415,-20.7681
50070,P2,BASE,-43.95,-45.01,-135,R,3397,-20.7575
50080,P2,BASE,-43.80,-44.99,-135,R,3379,-20.7456
50090,P2,BASE,-43.65,-42.51,-137,R,3362,-20.7570
50100,P2,BASE,-43.50,-44.99,-134,R,3344,-20.7421
50110,P2,BASE,-43.35,-42.51,-137,R,3327,-20.7505
50120,P2,BASE,-43.20,-42.49,-137,R,3310,-20.7576
50130,P2,BASE,-43.05,-45.01,-134,R,3292,-20.7380
50140,P2,BASE,-42.90,-42.50,-136,R,3275,-20.7421
50150,P2,BASE,-42.75,-45.01,-133,R,3257,-20.7194
50160,P2,BASE,-42.60,-42.49,-136,R,3240,-20.7205
50170,P2,BASE,-42.45,-42.49,-136,R,3223,-20.7201
50180,P2,BASE,-42.30,-42.52,-135,R,3206,-20.7179
50190,P2,BASE,-42.15,-42.49,-135,R,3189,-20.7146
50200,P2,BASE,-42.00,-42.51,-135,R,3172,-20.7095
50210,P2,BASE,-41.85,-42.49,-135,R,3155,-20.7031
50220,P2,BASE,-41.70,-42.51,-135,R,3138,-20.6950
50230,P2,BASE,-41.55,-40.00,-137,R,3122,-20.7104
50240,P2,BASE,-41.40,-42.49,-134,R,3105,-20.6996
50250,P2,BASE,-41.25,-40.00,-137,R,3089,-20.7120
50260,P2,BASE,-41.10,-42.50,-134,R,3072,-20.6981
50270,P2,BASE,-40.95,-42.50,-134,R,3055,-20.6826
50280,P2,BASE,-40.80,-42.50,-133,R,3038,-20.6655
50290,P2,BASE,-40.65,-42.50,-133,R,3021,-20.6470
50300,P2,BASE,-40.50,-39.99,-136,R,3005,-20.6521
50310,P2,BASE,-40.35,-45.01,-130,R,2987,-20.6055
50320,P2,BASE,-40.20,-42.50,-132,R,2970,-20.5825
50330,P2,BASE,-40.05,-42.50,-132,R,2953,-20.5580
50340,P2,BASE,-39.90,-42.50,-132,R,2936,-20.5320
50350,P2,BASE,-39.75,-42.50,-131,R,2919,-20.5045
50360,P2,BASE,-39.60,-40.00,-134,R,2903,-20.5005
50370,P2,BASE,-39.45,-44.98,-128,R,2885,-20.4452
50380,P2,BASE,-39.30,-42.51,-130,R,2868,-20.4131
50390,P2,BASE,-39.15,-42.51,-130,R,2851,-20.3795
50400,P2,BASE,-39.00,-39.99,-132,R,2835,-20.3696
50410,P2,BASE,-38.85,-42.51,-129,R,2818,-20.3329
50420,P2,BASE,-38.70,-42.50,-129,R,2801,-20.2950
50430,P2,BASE,-38.55,-40.00,-131,R,2785,-20.2805
50440,P2,BASE,-38.40,-39.99,-131,R,2769,-20.2646
50450,P2,BASE,-38.25,-42.51,-128,R,2752,-20.2220
50460,P2,BASE,-38.10,-39.99,-130,R,2736,-20.2030
50470,P2,BASE,-37.95,-40.00,-130,R,2720,-20.1825
50480,P2,BASE,-37.80,-40.00,-130,R,2704,-20.1605
50490,P2,BASE,-37.65,-40.00,-129,R,2688,-20.1371
50500,P2,BASE,-37.50,-42.51,-126,R,2671,-20.0870
50510,P2,BASE,-37.35,-37.50,-131,R,2656,-20.0855
50520,P2,BASE,-37.20,-40.01,-128,R,2640,-20.0575
50530,P2,BASE,-37.05,-40.00,-128,R,2624,-20.0279
50540,P2,BASE,-36.90,-37.50,-130,R,2609,-20.0220
50550,P2,BASE,-36.75,-40.00,-127,R,2593,-19.9895
50560,P2,BASE,-36.60,-37.50,-130,R,2578,-19.9805
50570,P2,BASE,-36.45,-37.50,-130,R,2563,-19.9700
50580,P2,BASE,-36.30,-37.50,-129,R,2548,-19.9580
50590,P2,BASE,-36.15,-35.01,-132,R,2534,-19.9694
50600,P2,BASE,-36.00,-37.50,-129,R,2519,-19.9545
50610,P2,BASE,-35.85,-35.00,-131,R,2505,-19.9630
50620,P2,BASE,-35.70,-37.50,-129,R,2490,-19.9450
50630,P2,BASE,-35.55,-35.01,-131,R,2476,-19.9504
50640,P2,BASE,-35.40,-37.48,-128,R,2461,-19.9296
50650,P2,BASE,-35.25,-35.01,-131,R,2447,-19.9320
50660,P2,BASE,-35.10,-35.00,-131,R,2433,-19.9330
50670,P2,BASE,-34.95,-35.00,-130,R,2419,-19.9325
50680,P2,BASE,-34.80,-35.00,-130,R,2405,-19.9304
50690,P2,BASE,-34.65,-37.49,-127,R,2390,-19.9020
50700,P2,BASE,-34.50,-35.00,-130,R,2376,-19.8970
50710,P2,BASE,-34.35,-35.01,-129,R,2362,-19.8904
50720,P2,BASE,-34.20,-34.99,-129,R,2348,-19.8826
50730,P2,BASE,-34.05,-35.01,-129,R,2334,-19.8730
50740,P2,BASE,-33.90,-35.00,-129,R,2320,-19.8621
50750,P2,BASE,-33.75,-35.00,-129,R,2306,-19.8496
50760,P2,BASE,-33.60,-35.00,-128,R,2292,-19.8356
50770,P2,BASE,-33.45,-37.51,-125,R,2277,-19.7949
50780,P2,BASE,-33.30,-32.50,-130,R,2264,-19.8030
50790,P2,BASE,-33.15,-34.99,-128,R,2250,-19.7845
50800,P2,BASE,-33.00,-32.50,-130,R,2237,-19.7895
50810,P2,BASE,-32.85,-35.00,-127,R,2223,-19.7680
50820,P2,BASE,-32.70,-32.50,-130,R,2210,-19.7701
50830,P2,BASE,-32.55,-32.51,-129,R,2197,-19.7705
50840,P2,BASE,-32.40,-35.00,-127,R,2183,-19.7445
50850,P2,BASE,-32.25,-32.51,-129,R,2170,-19.7419
50860,P2,BASE,-32.10,-35.00,-126,R,2156,-19.7130
50870,P2,BASE,-31.95,-32.50,-128,R,2143,-19.7075
50880,P2,BASE,-31.80,-30.00,-131,R,2131,-19.7255
50890,P2,BASE,-31.65,-32.49,-128,R,2118,-19.7170
50900,P2,BASE,-31.50,-32.50,-128,R,2105,-19.7071
50910,P2,BASE,-31.35,-32.50,-128,R,2092,-19.6956
50920,P2,BASE,-31.20,-32.51,-127,R,2079,-19.6825
50930,P2,BASE,-31.05,-32.49,-127,R,2066,-19.6681
50940,P2,BASE,-30.90,-30.01,-130,R,2054,-19.6770
50950,P2,BASE,-30.75,-32.50,-127,R,2041,-19.6595
50960,P2,BASE,-30.60,-29.99,-129,R,2029,-19.6656
50970,P2,BASE,-30.45,-32.51,-126,R,2016,-19.6450
50980,P2,BASE,-30.30,-29.99,-129,R,2004,-19.6480
50990,P2,BASE,-30.15,-32.51,-126,R,1991,-19.6244
51000,P2,BASE,-30.00,-29.99,-128,R,1979,-19.6246
51010,P2,BASE,-29.85,-32.51,-126,R,1966,-19.5979
51020,P2,BASE,-29.70,-29.99,-128,R,1954,-19.5950
51030,P2,BASE,-29.55,-30.00,-128,R,1942,-19.5905
51040,P2,BASE,-29.40,-29.99,-128,R,1930,-19.5846
51050,P2,BASE,-29.25,-32.51,-125,R,1917,-19.5520
51060,P2,BASE,-29.10,-29.99,-127,R,1905,-19.5430
51070,P2,BASE,-28.95,-30.00,-127,R,1893,-19.5325
51080,P2,BASE,-28.80,-32.51,-124,R,1880,-19.4954
51090,P2,BASE,-28.65,-29.99,-126,R,1868,-19.4820
51100,P2,BASE,-28.50,-30.00,-126,R,1856,-19.4670
51110,P2,BASE,-28.35,-32.50,-123,R,1843,-19.4254
51120,P2,BASE,-28.20,-30.00,-125,R,1831,-19.4075
51130,P2,BASE,-28.05,-30.00,-125,R,1819,-19.3879
51140,P2,BASE,-27.90,-32.50,-122,R,1806,-19.3419
51150,P2,BASE,-27.75,-32.49,-121,R,1793,-19.2945
51160,P2,BASE,-27.60,-30.00,-124,R,1781,-19.2705
51170,P2,BASE,-27.45,-32.50,-121,R,1768,-19.2200
51180,P2,BASE,-27.30,-30.00,-123,R,1756,-19.1930
51190,P2,BASE,-27.15,-32.50,-120,R,1743,-19.1395
51200,P2,BASE,-27.00,-30.00,-122,R,1731,-19.1095
51210,P2,BASE,-26.85,-32.50,-119,R,1718,-19.0530
51220,P2,BASE,-26.70,-27.50,-124,R,1707,-19.0450
51230,P2,BASE,-26.55,-32.50,-118,R,1694,-18.9855
51240,P2,BASE,-26.40,-30.00,-120,R,1682,-18.9495
51250,P2,BASE,-26.25,-32.51,-117,R,1669,-18.8869
51260,P2,BASE,-26.10,-30.00,-119,R,1657,-18.8479
51270,P2,BASE,-25.95,-30.00,-119,R,1645,-18.8075
51280,P2,BASE,-25.80,-30.00,-118,R,1633,-18.7654
51290,P2,BASE,-25.65,-30.00,-118,R,1621,-18.7219
51300,P2,BASE,-25.50,-30.00,-118,R,1609,-18.6769
51310,P2,BASE,-25.35,-30.00,-117,R,1597,-18.6304
51320,P2,BASE,-25.20,-30.00,-117,R,1585,-18.5825
51330,P2,BASE,-25.05,-29.99,-116,R,1573,-18.5330
51340,P2,BASE,-24.90,-30.00,-116,R,1561,-18.4820
51350,P2,BASE,-24.75,-27.51,-118,R,1550,-18.4544
51360,P2,BASE,-24.60,-29.99,-115,R,1538,-18.4005
51370,P2,BASE,-24.45,-27.51,-117,R,1527,-18.3699
51380,P2,BASE,-24.30,-27.49,-117,R,1516,-18.3380
51390,P2,BASE,-24.15,-27.51,-116,R,1505,-18.3045
51400,P2,BASE,-24.00,-30.00,-113,R,1493,-18.2445
51410,P2,BASE,-23.85,-30.00,-113,R,1481,-18.1830
51420,P2,BASE,-23.70,-27.50,-115,R,1470,-18.1450
51430,P2,BASE,-23.55,-27.50,-114,R,1459,-18.1055
51440,P2,BASE,-23.40,-27.51,-114,R,1448,-18.0644
51450,P2,BASE,-23.25,-27.49,-114,R,1437,-18.0220
51460,P2,BASE,-23.10,-27.49,-113,R,1426,-17.9780
51470,P2,BASE,-22.95,-25.01,-115,R,1416,-17.9574
51480,P2,BASE,-22.80,-27.49,-112,R,1405,-17.9105
51490,P2,BASE,-22.65,-25.00,-115,R,1395,-17.8870
51500,P2,BASE,-22.50,-25.00,-114,R,1385,-17.8620
51510,P2,BASE,-22.35,-27.50,-111,R,1374,-17.8105
51520,P2,BASE,-22.20,-22.50,-116,R,1365,-17.8075
51530,P2,BASE,-22.05,-25.01,-113,R,1355,-17.7779
51540,P2,BASE,-21.90,-25.00,-113,R,1345,-17.7470
51550,P2,BASE,-21.75,-22.50,-115,R,1336,-17.7395
51560,P2,BASE,-21.60,-22.50,-115,R,1327,-17.7305
51570,P2,BASE,-21.45,-25.00,-112,R,1317,-17.6950
51580,P2,BASE,-21.30,-22.50,-114,R,1308,-17.6830
51590,P2,BASE,-21.15,-22.50,-114,R,1299,-17.6695
51600,P2,BASE,-21.00,-20.00,-117,R,1291,-17.6795
51610,P2,BASE,-20.85,-22.50,-114,R,1282,-17.6630
51620,P2,BASE,-20.70,-20.00,-116,R,1274,-17.6699
51630,P2,BASE,-20.55,-22.50,-113,R,1265,-17.6505
51640,P2,BASE,-20.40,-22.50,-113,R,1256,-17.6294
51650,P2,BASE,-20.25,-20.00,-116,R,1248,-17.6319
51660,P2,BASE,-20.10,-19.99,-115,R,1240,-17.6330
51670,P2,BASE,-19.95,-17.50,-118,R,1233,-17.6575
51680,P2,BASE,-19.80,-20.00,-115,R,1225,-17.6555
51690,P2,BASE,-19.65,-17.50,-118,R,1218,-17.6770
51700,P2,BASE,-19.50,-20.01,-115,R,1210,-17.6719
51710,P2,BASE,-19.35,-17.50,-118,R,1203,-17.6905
51720,P2,BASE,-19.20,-20.00,-115,R,1195,-17.6825
51730,P2,BASE,-19.05,-17.50,-117,R,1188,-17.6980
51740,P2,BASE,-18.90,-20.00,-115,R,1180,-17.6870
51750,P2,BASE,-18.75,-15.00,-120,R,1174,-17.7245
51760,P2,BASE,-18.60,-19.99,-114,R,1166,-17.7105
51770,P2,BASE,-18.45,-15.01,-120,R,1160,-17.7450
51780,P2,BASE,-18.30,-17.49,-117,R,1153,-17.7530
51790,P2,BASE,-18.15,-17.50,-117,R,1146,-17.7595
51800,P2,BASE,-18.00,-17.50,-117,R,1139,-17.7645
51810,P2,BASE,-17.85,-15.00,-119,R,1133,-17.7930
51820,P2,BASE,-17.70,-17.50,-117,R,1126,-17.7950
51830,P2,BASE,-17.55,-15.00,-119,R,1120,-17.8205
51840,P2,BASE,-17.40,-17.50,-116,R,1113,-17.8195
51850,P2,BASE,-17.25,-15.00,-119,R,1107,-17.8420
51860,P2,BASE,-17.10,-15.00,-119,R,1101,-17.8630
51870,P2,BASE,-16.95,-15.00,-119,R,1095,-17.8825
51880,P2,BASE,-16.80,-15.00,-119,R,1089,-17.9005
51890,P2,BASE,-16.65,-17.50,-116,R,1082,-17.8920
51900,P2,BASE,-16.50,-15.00,-119,R,1076,-17.9070
51910,P2,BASE,-16.35,-15.00,-119,R,1070,-17.9205
51920,P2,BASE,-16.20,-15.00,-118,R,1064,-17.9325
51930,P2,BASE,-16.05,-15.00,-118,R,1058,-17.9430
51940,P2,BASE,-15.90,-15.00,-118,R,1052,-17.9520
51950,P2,BASE,-15.75,-15.00,-118,R,1046,-17.9595
51960,P2,BASE,-15.60,-15.00,-118,R,1040,-17.9655
51970,P2,BASE,-15.45,-12.50,-121,R,1035,-17.9950
51980,P2,BASE,-15.30,-15.00,-118,R,1029,-17.9980
51990,P2,BASE,-15.15,-15.00,-118,R,1023,-17.9995
52000,P2,BASE,-15.00,-12.50,-120,R,1018,-18.0245
52010,P2,BASE,-14.85,-15.00,-118,R,1012,-18.0230
52020,P2,BASE,-14.70,-14.99,-118,R,1006,-18.0200
52030,P2,BASE,-14.55,-15.00,-117,R,1000,-18.0155
52040,P2,BASE,-14.40,-12.50,-120,R,995,-18.0345
52050,P2,BASE,-14.25,-12.50,-120,R,990,-18.0520
52060,P2,BASE,-14.10,-15.00,-117,R,984,-18.0430
52070,P2,BASE,-13.95,-15.00,-117,R,978,-18.0325
52080,P2,BASE,-13.80,-12.50,-119,R,973,-18.0455
52090,P2,BASE,-13.65,-15.00,-117,R,967,-18.0320
52100,P2,BASE,-13.50,-15.00,-116,R,961,-18.0170
52110,P2,BASE,-13.35,-12.50,-119,R,956,-18.0255
52120,P2,BASE,-13.20,-15.00,-116,R,950,-18.0075
52130,P2,BASE,-13.05,-12.50,-118,R,945,-18.0130
52140,P2,BASE,-12.90,-15.00,-116,R,939,-17.9920
52150,P2,BASE,-12.75,-12.50,-118,R,934,-17.9945
52160,P2,BASE,-12.60,-15.00,-115,R,928,-17.9705
52170,P2,BASE,-12.45,-12.50,-117,R,923,-17.9700
52180,P2,BASE,-12.30,-12.50,-117,R,918,-17.9680
52190,P2,BASE,-12.15,-12.50,-117,R,913,-17.9645
52200,P2,BASE,-12.00,-15.00,-114,R,907,-17.9345
52210,P2,BASE,-11.85,-15.00,-114,R,901,-17.9030
52220,P2,BASE,-11.70,-12.50,-116,R,896,-17.8950
52230,P2,BASE,-11.55,-12.50,-116,R,891,-17.8855
52240,P2,BASE,-11.40,-12.50,-116,R,886,-17.8745
52250,P2,BASE,-11.25,-15.00,-113,R,880,-17.8370
52260,P2,BASE,-11.10,-12.50,-115,R,875,-17.8230
52270,P2,BASE,-10.95,-12.50,-115,R,870,-17.8075
52280,P2,BASE,-10.80,-12.50,-115,R,865,-17.7905
52290,P2,BASE,-10.65,-15.00,-112,R,859,-17.7470
52300,P2,BASE,-10.50,-12.50,-114,R,854,-17.7270
52310,P2,BASE,-10.35,-10.00,-116,R,850,-17.7305
52320,P2,BASE,-10.20,-15.00,-111,R,844,-17.6825
52330,P2,BASE,-10.05,-12.50,-113,R,839,-17.6580
52340,P2,BASE,-9.90,-12.50,-113,R,834,-17.6320
52350,P2,BASE,-9.75,-12.50,-112,R,829,-17.6045
52360,P2,BASE,-9.60,-12.50,-112,R,824,-17.5755
52370,P2,BASE,-9.45,-12.50,-112,R,819,-17.5450
52380,P2,BASE,-9.30,-12.50,-111,R,814,-17.5130
52390,P2,BASE,-9.15,-10.00,-114,R,810,-17.5045
52400,P2,BASE,-9.00,-12.50,-111,R,805,-17.4695
52410,P2,BASE,-8.85,-12.50,-110,R,800,-17.4330
52420,P2,BASE,-8.70,-12.50,-110,R,795,-17.3950
52430,P2,BASE,-8.55,-12.50,-109,R,790,-17.3555
52440,P2,BASE,-8.40,-10.00,-112,R,786,-17.3395
52450,P2,BASE,-8.25,-12.50,-109,R,781,-17.2970
52460,P2,BASE,-8.10,-12.50,-108,R,776,-17.2530
52470,P2,BASE,-7.95,-12.50,-108,R,771,-17.2075
52480,P2,BASE,-7.80,-10.00,-110,R,767,-17.1855
52490,P2,BASE,-7.65,-12.50,-107,R,762,-17.1370
52500,P2,BASE,-7.50,-10.00,-109,R,758,-17.1120
52510,P2,BASE,-7.35,-12.50,-106,R,753,-17.0605
52520,P2,BASE,-7.20,-10.00,-109,R,749,-17.0325
52530,P2,BASE,-7.05,-10.00,-108,R,745,-17.0030
52540,P2,BASE,-6.90,-10.00,-108,R,741,-16.9720
52550,P2,BASE,-6.75,-12.50,-105,R,736,-16.9145
52560,P2,BASE,-6.60,-10.00,-107,R,732,-16.8805
52570,P2,BASE,-6.45,-10.00,-107,R,728,-16.8450
52580,P2,BASE,-6.30,-7.50,-109,R,725,-16.8330
52590,P2,BASE,-6.15,-12.50,-103,R,720,-16.7695
52600,P2,BASE,-6.00,-10.00,-105,R,716,-16.7295
52610,P2,BASE,-5.85,-7.50,-108,R,713,-16.7130
52620,P2,BASE,-5.70,-10.00,-105,R,709,-16.6700
52630,P2,BASE,-5.55,-7.50,-107,R,706,-16.6505
52640,P2,BASE,-5.40,-10.00,-104,R,702,-16.6045
52650,P2,BASE,-5.25,-10.00,-103,R,698,-16.5570
52660,P2,BASE,-5.10,-10.00,-103,R,694,-16.5080
52670,P2,BASE,-4.95,-7.50,-105,R,691,-16.4825
52680,P2,BASE,-4.80,-7.50,-105,R,688,-16.4555
52690,P2,BASE,-4.65,-7.50,-104,R,685,-16.4270
52700,P2,BASE,-4.50,-10.00,-101,R,681,-16.3720
52710,P2,BASE,-4.35,-7.50,-104,R,678,-16.3405
52720,P2,BASE,-4.20,-7.50,-103,R,675,-16.3075
52730,P2,BASE,-4.05,-7.50,-103,R,672,-16.2730
52740,P2,BASE,-3.90,-7.50,-102,R,669,-16.2370
52750,P2,BASE,-3.75,-5.00,-105,R,667,-16.2245
52760,P2,BASE,-3.60,-7.50,-102,R,664,-16.1855
52770,P2,BASE,-3.45,-10.00,-99,R,660,-16.1200
52780,P2,BASE,-3.30,-7.50,-101,R,657,-16.0780
52790,P2,BASE,-3.15,-7.50,-100,R,654,-16.0345
52800,P2,BASE,-3.00,-5.00,-103,R,652,-16.0145
52810,P2,BASE,-2.85,-5.00,-102,R,650,-15.9930
52820,P2,BASE,-2.70,-2.50,-105,R,649,-15.9950
52830,P2,BASE,-2.55,-7.50,-99,R,646,-15.9455
52840,P2,BASE,-2.40,-5.00,-101,R,644,-15.9195
52850,P2,BASE,-2.25,-7.50,-98,R,641,-15.8670
52860,P2,BASE,-2.10,-7.50,-98,R,638,-15.8130
52870,P2,BASE,-1.95,-5.00,-100,R,636,-15.7825
52880,P2,BASE,-1.80,-5.00,-100,R,634,-15.7505
52890,P2,BASE,-1.65,-2.50,-102,R,633,-15.7420
52900,P2,BASE,-1.50,-5.00,-99,R,631,-15.7070
52910,P2,BASE,-1.35,-2.50,-101,R,630,-15.6955
52920,P2,BASE,-1.20,0.00,-104,R,630,-15.7075
52930,P2,BASE,-1.05,-2.50,-101,R,629,-15.6930
52940,P2,BASE,-0.90,-5.00,-98,R,627,-15.6520
52950,P2,BASE,-0.75,-2.50,-100,R,626,-15.6345
52960,P2,BASE,-0.60,-2.50,-100,R,625,-15.6155
52970,P2,BASE,-0.45,-5.00,-97,R,623,-15.5700
52980,P2,BASE,-0.30,-7.50,-94,R,620,-15.4980
52990,P2,BASE,-0.15,-2.50,-99,R,619,-15.4745
53000,P2,BASE,0.00,-5.00,-96,R,617,-15.4245
