t_ms,profile,controller,ref_rpm,meas_rpm,pwm_cmd,dir,enc_count,integrator
0,P2,CASC,0.00,0.00,0,N,0,0.0000
10,P2,CASC,0.15,0.00,30,F,0,0.0015
20,P2,CASC,0.30,0.00,60,F,0,0.0045
30,P2,CASC,0.45,0.00,90,F,0,0.0090
40,P2,CASC,0.60,0.00,120,F,0,0.0150
50,P2,CASC,0.75,0.00,150,F,0,0.0225
60,P2,CASC,0.90,0.00,154,F,0,0.0315
70,P2,CASC,1.05,0.00,154,F,0,0.0420
80,P2,CASC,1.20,0.00,154,F,0,0.0540
90,P2,CASC,1.35,12.50,145,F,5,-0.0575
100,P2,CASC,1.50,15.00,143,F,11,-0.1925
110,P2,CASC,1.65,20.00,138,F,19,-0.3759
120,P2,CASC,1.80,17.51,140,F,26,-0.5330
130,P2,CASC,1.95,22.50,136,F,35,-0.7385
140,P2,CASC,2.10,20.00,137,F,43,-0.9174
150,P2,CASC,2.25,22.50,135,F,52,-1.1200
160,P2,CASC,2.40,22.50,135,F,61,-1.3210
170,P2,CASC,2.55,25.00,132,F,71,-1.5455
180,P2,CASC,2.70,25.01,132,F,81,-1.7685
190,P2,CASC,2.85,24.99,132,F,91,-1.9899
200,P2,CASC,3.00,27.51,129,F,102,-2.2350
210,P2,CASC,3.15,25.00,131,F,112,-2.4535
220,P2,CASC,3.30,27.51,128,F,123,-2.6955
230,P2,CASC,3.45,27.50,128,F,134,-2.9360
240,P2,CASC,3.60,27.49,127,F,145,-3.1749
250,P2,CASC,3.75,30.00,125,F,157,-3.4374
260,P2,CASC,3.90,27.50,126,F,168,-3.6734
270,P2,CASC,4.05,27.51,126,F,179,-3.9080
280,P2,CASC,4.20,27.49,125,F,190,-4.1409
290,P2,CASC,4.35,27.51,125,F,201,-4.3725
300,P2,CASC,4.50,30.00,122,F,213,-4.6275
310,P2,CASC,4.65,29.99,122,F,225,-4.8809
320,P2,CASC,4.80,27.50,123,F,236,-5.1079
330,P2,CASC,4.95,30.01,121,F,248,-5.3585
340,P2,CASC,5.10,27.49,122,F,259,-5.5825
350,P2,CASC,5.25,27.50,122,F,270,-5.8050
360,P2,CASC,5.40,27.50,122,F,281,-6.0259
370,P2,CASC,5.55,30.01,119,F,293,-6.2705
380,P2,CASC,5.70,27.50,121,F,304,-6.4885
390,P2,CASC,5.85,27.50,120,F,315,-6.7050
400,P2,CASC,6.00,27.49,120,F,326,-6.9200
410,P2,CASC,6.15,27.51,119,F,337,-7.1335
420,P2,CASC,6.30,27.50,119,F,348,-7.3455
430,P2,CASC,6.45,29.99,117,F,360,-7.5810
440,P2,CASC,6.60,27.50,118,F,371,-7.7899
450,P2,CASC,6.75,25.01,120,F,381,-7.9725
460,P2,CASC,6.90,27.49,117,F,392,-8.1784
470,P2,CASC,7.05,27.50,117,F,403,-8.3830
480,P2,CASC,7.20,27.50,117,F,414,-8.5860
490,P2,CASC,7.35,27.50,116,F,425,-8.7874
500,P2,CASC,7.50,25.01,118,F,435,-8.9625
510,P2,CASC,7.65,27.50,116,F,446,-9.1610
520,P2,CASC,7.80,30.00,113,F,458,-9.3830
530,P2,CASC,7.95,25.00,117,F,468,-9.5535
540,P2,CASC,8.10,27.50,115,F,479,-9.7475
550,P2,CASC,8.25,27.49,114,F,490,-9.9399
560,P2,CASC,8.40,27.50,114,F,501,-10.1309
570,P2,CASC,8.55,25.00,115,F,511,-10.2955
580,P2,CASC,8.70,27.50,113,F,522,-10.4835
590,P2,CASC,8.85,27.50,113,F,533,-10.6700
600,P2,CASC,9.00,27.50,113,F,544,-10.8550
610,P2,CASC,9.15,27.49,112,F,555,-11.0384
620,P2,CASC,9.30,27.51,112,F,566,-11.2205
630,P2,CASC,9.45,27.49,112,F,577,-11.4009
640,P2,CASC,9.60,25.01,113,F,587,-11.5550
650,P2,CASC,9.75,27.50,111,F,598,-11.7324
660,P2,CASC,9.90,25.01,113,F,608,-11.8835
670,P2,CASC,10.05,25.00,112,F,618,-12.0330
680,P2,CASC,10.20,27.50,110,F,629,-12.2060
690,P2,CASC,10.35,27.51,110,F,640,-12.3775
700,P2,CASC,10.50,25.00,112,F,650,-12.5225
710,P2,CASC,10.65,25.00,111,F,660,-12.6660
720,P2,CASC,10.80,25.00,111,F,670,-12.8080
730,P2,CASC,10.95,27.49,109,F,681,-12.9734
740,P2,CASC,11.10,25.01,111,F,691,-13.1125
750,P2,CASC,11.25,25.00,110,F,701,-13.2500
760,P2,CASC,11.40,27.50,108,F,712,-13.4110
770,P2,CASC,11.55,22.50,112,F,721,-13.5205
780,P2,CASC,11.70,25.01,110,F,731,-13.6535
790,P2,CASC,11.85,25.00,109,F,741,-13.7850
800,P2,CASC,12.00,27.50,107,F,752,-13.9400
810,P2,CASC,12.15,25.00,109,F,762,-14.0685
820,P2,CASC,12.30,24.99,109,F,772,-14.1954
830,P2,CASC,12.45,25.01,109,F,782,-14.3210
840,P2,CASC,12.60,25.00,108,F,792,-14.4450
850,P2,CASC,12.75,22.50,110,F,801,-14.5424
860,P2,CASC,12.90,25.00,108,F,811,-14.6634
870,P2,CASC,13.05,25.00,108,F,821,-14.7830
880,P2,CASC,13.20,25.00,108,F,831,-14.9010
890,P2,CASC,13.35,25.00,108,F,841,-15.0175
900,P2,CASC,13.50,22.49,109,F,850,-15.1074
910,P2,CASC,13.65,25.01,107,F,860,-15.2210
920,P2,CASC,13.80,22.50,109,F,869,-15.3080
930,P2,CASC,13.95,25.00,107,F,879,-15.4184
940,P2,CASC,14.10,22.50,109,F,888,-15.5024
950,P2,CASC,14.25,22.50,109,F,897,-15.5849
960,P2,CASC,14.40,22.51,109,F,906,-15.6660
970,P2,CASC,14.55,20.00,111,F,914,-15.7205
980,P2,CASC,14.70,25.00,107,F,924,-15.8235
990,P2,CASC,14.85,22.49,109,F,933,-15.8999
1000,P2,CASC,15.00,22.50,108,F,942,-15.9750
1010,P2,CASC,15.15,22.50,108,F,951,-16.0485
1020,P2,CASC,15.30,22.50,108,F,960,-16.1205
1030,P2,CASC,15.45,22.50,108,F,969,-16.1910
1040,P2,CASC,15.60,20.00,110,F,977,-16.2350
1050,P2,CASC,15.75,22.50,108,F,986,-16.3025
1060,P2,CASC,15.90,22.50,108,F,995,-16.3685
1070,P2,CASC,16.05,20.00,110,F,1003,-16.4080
1080,P2,CASC,16.20,22.49,108,F,1012,-16.4709
1090,P2,CASC,16.35,20.00,110,F,1020,-16.5075
1100,P2,CASC,16.50,20.00,110,F,1028,-16.5425
1110,P2,CASC,16.65,22.50,108,F,1037,-16.6010
1120,P2,CASC,16.80,20.00,110,F,1045,-16.6330
1130,P2,CASC,16.95,22.50,108,F,1054,-16.6884
1140,P2,CASC,17.10,20.01,110,F,1062,-16.7175
1150,P2,CASC,17.25,20.00,110,F,1070,-16.7450
1160,P2,CASC,17.40,20.00,110,F,1078,-16.7710
1170,P2,CASC,17.55,20.00,110,F,1086,-16.7954
1180,P2,CASC,17.70,20.00,110,F,1094,-16.8184
1190,P2,CASC,17.85,20.01,110,F,1102,-16.8400
1200,P2,CASC,18.00,22.48,109,F,1111,-16.8848
1210,P2,CASC,18.15,17.51,106,F,1118,-16.8784
1220,P2,CASC,18.30,20.00,111,F,1126,-16.8954
1230,P2,CASC,18.45,20.00,111,F,1134,-16.9109
1240,P2,CASC,18.60,20.00,111,F,1142,-16.9249
1250,P2,CASC,18.75,17.50,106,F,1149,-16.9124
1260,P2,CASC,18.90,20.01,111,F,1157,-16.9235
1270,P2,CASC,19.05,17.49,106,F,1164,-16.9079
1280,P2,CASC,19.20,20.00,111,F,1172,-16.9159
1290,P2,CASC,19.35,17.50,106,F,1179,-16.8974
1300,P2,CASC,19.50,17.50,106,F,1186,-16.8774
1310,P2,CASC,19.65,17.51,106,F,1193,-16.8560
1320,P2,CASC,19.80,17.49,106,F,1200,-16.8329
1330,P2,CASC,19.95,15.00,107,F,1206,-16.7834
1340,P2,CASC,20.10,17.50,107,F,1213,-16.7574
1350,P2,CASC,20.25,15.00,108,F,1219,-16.7050
1360,P2,CASC,20.40,14.99,108,F,1225,-16.6509
1370,P2,CASC,20.55,15.00,108,F,1231,-16.5954
1380,P2,CASC,20.70,15.00,108,F,1237,-16.5384
1390,P2,CASC,20.85,15.00,109,F,1243,-16.4799
1400,P2,CASC,21.00,15.00,109,F,1249,-16.4199
1410,P2,CASC,21.15,15.00,109,F,1255,-16.3584
1420,P2,CASC,21.30,15.00,109,F,1261,-16.2954
1430,P2,CASC,21.45,12.50,110,F,1266,-16.2059
1440,P2,CASC,21.60,15.00,110,F,1272,-16.1399
1450,P2,CASC,21.75,12.50,111,F,1277,-16.0474
1460,P2,CASC,21.90,12.50,111,F,1282,-15.9534
1470,P2,CASC,22.05,12.50,111,F,1287,-15.8579
1480,P2,CASC,22.20,15.01,111,F,1293,-15.7859
1490,P2,CASC,22.35,12.50,112,F,1298,-15.6874
1500,P2,CASC,22.50,12.50,112,F,1303,-15.5874
1510,P2,CASC,22.65,12.50,113,F,1308,-15.4859
1520,P2,CASC,22.80,15.00,112,F,1314,-15.4079
1530,P2,CASC,22.95,12.50,113,F,1319,-15.3034
1540,P2,CASC,23.10,12.50,114,F,1324,-15.1975
1550,P2,CASC,23.25,12.50,114,F,1329,-15.0900
1560,P2,CASC,23.40,12.50,114,F,1334,-14.9810
1570,P2,CASC,23.55,12.50,115,F,1339,-14.8704
1580,P2,CASC,23.70,12.50,115,F,1344,-14.7584
1590,P2,CASC,23.85,15.00,114,F,1350,-14.6699
1600,P2,CASC,24.00,12.50,116,F,1355,-14.5549
1610,P2,CASC,24.15,12.50,116,F,1360,-14.4384
1620,P2,CASC,24.30,12.50,116,F,1365,-14.3204
1630,P2,CASC,24.45,15.00,116,F,1371,-14.2259
1640,P2,CASC,24.60,12.50,117,F,1376,-14.1049
1650,P2,CASC,24.75,15.00,117,F,1382,-14.0074
1660,P2,CASC,24.90,12.50,118,F,1387,-13.8834
1670,P2,CASC,25.05,12.50,118,F,1392,-13.7579
1680,P2,CASC,25.20,12.50,119,F,1397,-13.6309
1690,P2,CASC,25.35,15.00,118,F,1403,-13.5274
1700,P2,CASC,25.50,12.50,119,F,1408,-13.3974
1710,P2,CASC,25.65,15.00,119,F,1414,-13.2909
1720,P2,CASC,25.80,15.00,119,F,1420,-13.1829
1730,P2,CASC,25.95,15.00,120,F,1426,-13.0734
1740,P2,CASC,26.10,15.00,120,F,1432,-12.9624
1750,P2,CASC,26.25,15.00,120,F,1438,-12.8500
1760,P2,CASC,26.40,15.00,121,F,1444,-12.7359
1770,P2,CASC,26.55,15.00,121,F,1450,-12.6204
1780,P2,CASC,26.70,15.00,121,F,1456,-12.5034
1790,P2,CASC,26.85,17.50,121,F,1463,-12.4099
1800,P2,CASC,27.00,15.00,122,F,1469,-12.2899
1810,P2,CASC,27.15,17.50,122,F,1476,-12.1934
1820,P2,CASC,27.30,15.00,123,F,1482,-12.0704
1830,P2,CASC,27.45,17.50,122,F,1489,-11.9709
1840,P2,CASC,27.60,17.51,123,F,1496,-11.8700
1850,P2,CASC,27.75,17.49,123,F,1503,-11.7674
1860,P2,CASC,27.90,17.51,123,F,1510,-11.6634
1870,P2,CASC,28.05,17.50,124,F,1517,-11.5579
1880,P2,CASC,28.20,17.50,124,F,1524,-11.4509
1890,P2,CASC,28.35,20.00,124,F,1532,-11.3675
1900,P2,CASC,28.50,20.00,124,F,1540,-11.2825
1910,P2,CASC,28.65,20.00,124,F,1548,-11.1960
1920,P2,CASC,28.80,20.00,125,F,1556,-11.1079
1930,P2,CASC,28.95,20.00,125,F,1564,-11.0184
1940,P2,CASC,29.10,20.01,125,F,1572,-10.9275
1950,P2,CASC,29.25,20.00,125,F,1580,-10.8350
1960,P2,CASC,29.40,20.00,126,F,1588,-10.7410
1970,P2,CASC,29.55,22.49,125,F,1597,-10.6704
1980,P2,CASC,29.70,22.51,126,F,1606,-10.5984
1990,P2,CASC,29.85,22.50,126,F,1615,-10.5249
2000,P2,CASC,30.00,25.00,125,F,1625,-10.4749
2010,P2,CASC,30.15,20.00,127,F,1633,-10.3735
2020,P2,CASC,30.30,24.99,126,F,1643,-10.3204
2030,P2,CASC,30.45,25.01,126,F,1653,-10.2659
2040,P2,CASC,30.60,25.00,126,F,1663,-10.2099
2050,P2,CASC,30.75,25.00,126,F,1673,-10.1524
2060,P2,CASC,30.90,25.00,127,F,1683,-10.0934
2070,P2,CASC,31.05,25.01,127,F,1693,-10.0330
2080,P2,CASC,31.20,24.99,127,F,1703,-9.9709
2090,P2,CASC,31.35,25.01,127,F,1713,-9.9074
2100,P2,CASC,31.50,27.50,127,F,1724,-9.8674
2110,P2,CASC,31.65,27.50,127,F,1735,-9.8260
2120,P2,CASC,31.80,27.49,127,F,1746,-9.7829
2130,P2,CASC,31.95,27.51,127,F,1757,-9.7385
2140,P2,CASC,32.10,30.00,127,F,1769,-9.7174
2150,P2,CASC,32.25,27.49,127,F,1780,-9.6699
2160,P2,CASC,32.40,30.01,127,F,1792,-9.6459
2170,P2,CASC,32.55,27.50,128,F,1803,-9.5955
2180,P2,CASC,32.70,29.99,127,F,1815,-9.5684
2190,P2,CASC,32.85,30.00,127,F,1827,-9.5399
2200,P2,CASC,33.00,30.00,127,F,1839,-9.5099
2210,P2,CASC,33.15,30.00,128,F,1851,-9.4784
2220,P2,CASC,33.30,32.51,127,F,1864,-9.4704
2230,P2,CASC,33.45,29.99,128,F,1876,-9.4359
2240,P2,CASC,33.60,32.51,127,F,1889,-9.4249
2250,P2,CASC,33.75,30.00,128,F,1901,-9.3875
2260,P2,CASC,33.90,35.00,130,F,1915,-9.3985
2270,P2,CASC,34.05,30.00,128,F,1927,-9.3580
2280,P2,CASC,34.20,32.49,128,F,1940,-9.3409
2290,P2,CASC,34.35,35.01,130,F,1954,-9.3475
2300,P2,CASC,34.50,35.00,130,F,1968,-9.3525
2310,P2,CASC,34.65,32.49,128,F,1981,-9.3309
2320,P2,CASC,34.80,35.00,130,F,1995,-9.3329
2330,P2,CASC,34.95,35.00,131,F,2009,-9.3334
2340,P2,CASC,35.10,35.00,127,F,2023,-9.3324
2350,P2,CASC,35.25,37.51,129,F,2038,-9.3550
2360,P2,CASC,35.40,37.50,129,F,2053,-9.3759
2370,P2,CASC,35.55,35.00,127,F,2067,-9.3705
2380,P2,CASC,35.70,37.49,129,F,2082,-9.3884
2390,P2,CASC,35.85,37.50,129,F,2097,-9.4049
2400,P2,CASC,36.00,35.00,127,F,2111,-9.3949
2410,P2,CASC,36.15,37.51,129,F,2126,-9.4085
2420,P2,CASC,36.30,37.49,129,F,2141,-9.4204
2430,P2,CASC,36.45,37.50,130,F,2156,-9.4309
2440,P2,CASC,36.60,37.51,130,F,2171,-9.4400
2450,P2,CASC,36.75,35.00,127,F,2185,-9.4225
2460,P2,CASC,36.90,37.49,130,F,2200,-9.4284
2470,P2,CASC,37.05,37.52,130,F,2215,-9.4330
2480,P2,CASC,37.20,34.99,127,F,2229,-9.4109
2490,P2,CASC,37.35,37.50,130,F,2244,-9.4124
2500,P2,CASC,37.50,37.51,130,F,2259,-9.4125
2510,P2,CASC,37.65,37.50,127,F,2274,-9.4110
2520,P2,CASC,37.80,34.99,128,F,2288,-9.3829
2530,P2,CASC,37.95,37.50,127,F,2303,-9.3784
2540,P2,CASC,38.10,37.50,127,F,2318,-9.3725
2550,P2,CASC,38.25,37.49,127,F,2333,-9.3648
2560,P2,CASC,38.40,35.01,128,F,2347,-9.3309
2570,P2,CASC,38.55,37.51,127,F,2362,-9.3205
2580,P2,CASC,38.70,37.49,127,F,2377,-9.3084
2590,P2,CASC,38.85,35.01,128,F,2391,-9.2700
2600,P2,CASC,39.00,35.00,129,F,2405,-9.2300
2610,P2,CASC,39.15,37.49,128,F,2420,-9.2134
2620,P2,CASC,39.30,35.01,129,F,2434,-9.1705
2630,P2,CASC,39.45,37.50,128,F,2449,-9.1510
2640,P2,CASC,39.60,35.00,129,F,2463,-9.1050
2650,P2,CASC,39.75,34.99,129,F,2477,-9.0574
2660,P2,CASC,39.90,35.01,129,F,2491,-9.0085
2670,P2,CASC,40.05,34.99,130,F,2505,-8.9579
2680,P2,CASC,40.20,35.01,130,F,2519,-8.9060
2690,P2,CASC,40.35,35.00,130,F,2533,-8.8524
2700,P2,CASC,40.50,37.51,129,F,2548,-8.8225
2710,P2,CASC,40.65,35.00,130,F,2562,-8.7660
2720,P2,CASC,40.80,35.00,131,F,2576,-8.7079
2730,P2,CASC,40.95,35.00,131,F,2590,-8.6485
2740,P2,CASC,41.10,34.99,131,F,2604,-8.5874
2750,P2,CASC,41.25,37.50,130,F,2619,-8.5499
2760,P2,CASC,41.40,35.01,131,F,2633,-8.4860
2770,P2,CASC,41.55,37.50,131,F,2648,-8.4455
2780,P2,CASC,41.70,35.00,132,F,2662,-8.3785
2790,P2,CASC,41.85,37.50,131,F,2677,-8.3350
2800,P2,CASC,42.00,34.99,132,F,2691,-8.2649
2810,P2,CASC,42.15,35.00,132,F,2705,-8.1934
2820,P2,CASC,42.30,37.51,132,F,2720,-8.1455
2830,P2,CASC,42.45,35.00,133,F,2734,-8.0710
2840,P2,CASC,42.60,37.49,132,F,2749,-8.0199
2850,P2,CASC,42.75,37.50,132,F,2764,-7.9674
2860,P2,CASC,42.90,35.01,133,F,2778,-7.8885
2870,P2,CASC,43.05,37.49,133,F,2793,-7.8329
2880,P2,CASC,43.20,37.50,133,F,2808,-7.7759
2890,P2,CASC,43.35,37.51,133,F,2823,-7.7175
2900,P2,CASC,43.50,37.50,134,F,2838,-7.6575
2910,P2,CASC,43.65,39.99,133,F,2854,-7.6209
2920,P2,CASC,43.80,37.50,134,F,2869,-7.5579
2930,P2,CASC,43.95,40.00,133,F,2885,-7.5184
2940,P2,CASC,44.10,40.01,133,F,2901,-7.4775
2950,P2,CASC,44.25,40.00,134,F,2917,-7.4349
2960,P2,CASC,44.40,40.00,134,F,2933,-7.3909
2970,P2,CASC,44.55,42.51,133,F,2950,-7.3705
2980,P2,CASC,44.70,42.50,133,F,2967,-7.3485
2990,P2,CASC,44.85,42.49,133,F,2984,-7.3249
3000,P2,CASC,45.00,42.50,134,F,3001,-7.2999
3010,P2,CASC,45.15,47.50,134,F,3020,-7.3234
3020,P2,CASC,45.30,54.99,128,F,3042,-7.4204
3030,P2,CASC,45.45,45.00,133,F,3060,-7.4159
3040,P2,CASC,45.60,45.00,133,F,3078,-7.4099
3050,P2,CASC,45.75,42.51,134,F,3095,-7.3775
3060,P2,CASC,45.90,42.49,134,F,3112,-7.3434
3070,P2,CASC,46.05,42.50,134,F,3129,-7.3079
3080,P2,CASC,46.20,40.00,135,F,3145,-7.2459
3090,P2,CASC,46.35,35.00,137,F,3159,-7.1325
3100,P2,CASC,46.50,47.50,135,F,3178,-7.1425
3110,P2,CASC,46.65,44.99,134,F,3196,-7.1259
3120,P2,CASC,46.80,45.01,134,F,3214,-7.1080
3130,P2,CASC,46.95,49.99,134,F,3234,-7.1384
3140,P2,CASC,47.10,45.01,134,F,3252,-7.1175
3150,P2,CASC,47.25,50.00,134,F,3272,-7.1450
3160,P2,CASC,47.40,47.50,136,F,3291,-7.1460
3170,P2,CASC,47.55,47.50,133,F,3310,-7.1454
3180,P2,CASC,47.70,47.49,133,F,3329,-7.1433
3190,P2,CASC,47.85,50.01,134,F,3349,-7.1649
3200,P2,CASC,48.00,47.50,133,F,3368,-7.1600
3210,P2,CASC,48.15,47.49,133,F,3387,-7.1533
3220,P2,CASC,48.30,47.50,133,F,3406,-7.1454
3230,P2,CASC,48.45,50.02,135,F,3426,-7.1610
3240,P2,CASC,48.60,47.49,134,F,3445,-7.1499
3250,P2,CASC,48.75,47.50,134,F,3464,-7.1374
3260,P2,CASC,48.90,50.01,135,F,3484,-7.1485
3270,P2,CASC,49.05,47.50,134,F,3503,-7.1330
3280,P2,CASC,49.20,47.49,134,F,3522,-7.1159
3290,P2,CASC,49.35,47.50,134,F,3541,-7.0974
3300,P2,CASC,49.50,47.50,134,F,3560,-7.0775
3310,P2,CASC,49.65,47.49,134,F,3579,-7.0559
3320,P2,CASC,49.80,47.50,134,F,3598,-7.0329
3330,P2,CASC,49.95,47.50,134,F,3617,-7.0083
3340,P2,CASC,50.10,45.01,135,F,3635,-6.9574
3350,P2,CASC,50.25,50.01,134,F,3655,-6.9550
3360,P2,CASC,50.40,44.99,136,F,3673,-6.9009
3370,P2,CASC,50.55,45.01,136,F,3691,-6.8455
3380,P2,CASC,50.70,47.49,135,F,3710,-6.8134
3390,P2,CASC,50.85,45.00,136,F,3728,-6.7549
3400,P2,CASC,51.00,47.50,136,F,3747,-6.7198
3410,P2,CASC,51.15,47.50,136,F,3766,-6.6834
3420,P2,CASC,51.30,47.50,136,F,3785,-6.6454
3430,P2,CASC,51.45,45.01,137,F,3803,-6.5810
3440,P2,CASC,51.60,44.99,137,F,3821,-6.5149
3450,P2,CASC,51.75,47.51,137,F,3840,-6.4725
3460,P2,CASC,51.90,44.99,138,F,3858,-6.4034
3470,P2,CASC,52.05,47.50,137,F,3877,-6.3579
3480,P2,CASC,52.20,44.99,138,F,3895,-6.2858
3490,P2,CASC,52.35,45.01,139,F,3913,-6.2125
3500,P2,CASC,52.50,45.00,139,F,3931,-6.1375
3510,P2,CASC,52.65,47.49,139,F,3950,-6.0859
3520,P2,CASC,52.80,47.50,139,F,3969,-6.0329
3530,P2,CASC,52.95,42.50,141,F,3986,-5.9284
3540,P2,CASC,53.10,47.51,139,F,4005,-5.8725
3550,P2,CASC,53.25,44.99,140,F,4023,-5.7899
3560,P2,CASC,53.40,45.00,141,F,4041,-5.7059
3570,P2,CASC,53.55,45.01,141,F,4059,-5.6205
3580,P2,CASC,53.70,47.49,141,F,4078,-5.5584
3590,P2,CASC,53.85,45.01,142,F,4096,-5.4700
3600,P2,CASC,54.00,47.49,141,F,4115,-5.4049
3610,P2,CASC,54.15,47.50,142,F,4134,-5.3383
3620,P2,CASC,54.30,47.52,142,F,4153,-5.2705
3630,P2,CASC,54.45,47.49,142,F,4172,-5.2009
3640,P2,CASC,54.60,47.50,142,F,4191,-5.1299
3650,P2,CASC,54.75,47.51,143,F,4210,-5.0575
3660,P2,CASC,54.90,47.49,143,F,4229,-4.9834
3670,P2,CASC,55.05,50.02,142,F,4249,-4.9330
3680,P2,CASC,55.20,49.99,143,F,4269,-4.8809
3690,P2,CASC,55.35,50.01,143,F,4289,-4.8275
3700,P2,CASC,55.50,50.01,143,F,4309,-4.7725
3710,P2,CASC,55.65,47.50,144,F,4328,-4.6910
3720,P2,CASC,55.80,52.50,143,F,4349,-4.6580
3730,P2,CASC,55.95,49.99,144,F,4369,-4.5984
3740,P2,CASC,56.10,52.51,143,F,4390,-4.5625
3750,P2,CASC,56.25,50.00,144,F,4410,-4.5000
3760,P2,CASC,56.40,55.00,143,F,4432,-4.4860
3770,P2,CASC,56.55,52.51,144,F,4453,-4.4455
3780,P2,CASC,56.70,52.49,144,F,4474,-4.4035
3790,P2,CASC,56.85,54.99,144,F,4496,-4.3849
3800,P2,CASC,57.00,50.00,145,F,4516,-4.3149
3810,P2,CASC,57.15,55.00,144,F,4538,-4.2934
3820,P2,CASC,57.30,52.49,145,F,4559,-4.2454
3830,P2,CASC,57.45,52.51,145,F,4580,-4.1960
3840,P2,CASC,57.60,52.49,146,F,4601,-4.1449
3850,P2,CASC,57.75,52.52,146,F,4622,-4.0925
3860,P2,CASC,57.90,52.49,146,F,4643,-4.0385
3870,P2,CASC,58.05,52.49,146,F,4664,-3.9829
3880,P2,CASC,58.20,52.51,146,F,4685,-3.9260
3890,P2,CASC,58.35,52.50,147,F,4706,-3.8675
3900,P2,CASC,58.50,54.99,146,F,4728,-3.8324
3910,P2,CASC,58.65,52.51,147,F,4749,-3.7710
3920,P2,CASC,58.80,55.00,147,F,4771,-3.7330
3930,P2,CASC,58.95,55.00,147,F,4793,-3.6935
3940,P2,CASC,59.10,52.51,148,F,4814,-3.6275
3950,P2,CASC,59.25,55.00,147,F,4836,-3.5850
3960,P2,CASC,59.40,54.98,148,F,4858,-3.5409
3970,P2,CASC,59.55,55.02,148,F,4880,-3.4955
3980,P2,CASC,59.70,54.98,148,F,4902,-3.4484
3990,P2,CASC,59.85,55.01,148,F,4924,-3.3999
4000,P2,CASC,60.00,55.00,148,F,4946,-3.3499
4010,P2,CASC,60.15,57.51,148,F,4969,-3.3235
4020,P2,CASC,60.30,54.99,149,F,4991,-3.2704
4030,P2,CASC,60.45,54.99,149,F,5013,-3.2158
4040,P2,CASC,60.60,57.52,149,F,5036,-3.1850
4050,P2,CASC,60.75,57.49,149,F,5059,-3.1524
4060,P2,CASC,60.90,57.50,149,F,5082,-3.1184
4070,P2,CASC,61.05,54.99,150,F,5104,-3.0579
4080,P2,CASC,61.20,57.50,149,F,5127,-3.0209
4090,P2,CASC,61.35,57.50,150,F,5150,-2.9824
4100,P2,CASC,61.50,57.51,150,F,5173,-2.9424
4110,P2,CASC,61.65,55.01,151,F,5195,-2.8760
4120,P2,CASC,61.80,57.49,150,F,5218,-2.8329
4130,P2,CASC,61.95,57.50,150,F,5241,-2.7884
4140,P2,CASC,62.10,57.49,151,F,5264,-2.7423
4150,P2,CASC,62.25,57.52,151,F,5287,-2.6950
4160,P2,CASC,62.40,57.49,151,F,5310,-2.6459
4170,P2,CASC,62.55,60.01,151,F,5334,-2.6205
4180,P2,CASC,62.70,60.01,151,F,5358,-2.5935
4190,P2,CASC,62.85,62.50,150,F,5383,-2.5900
4200,P2,CASC,63.00,59.99,151,F,5407,-2.5599
4210,P2,CASC,63.15,70.01,146,F,5435,-2.6286
4220,P2,CASC,63.30,69.99,146,F,5463,-2.6955
4230,P2,CASC,63.45,59.99,151,F,5487,-2.6609
4240,P2,CASC,63.60,62.51,150,F,5512,-2.6500
4250,P2,CASC,63.75,60.01,151,F,5536,-2.6126
4260,P2,CASC,63.90,57.49,152,F,5559,-2.5485
4270,P2,CASC,64.05,54.99,153,F,5581,-2.4579
4280,P2,CASC,64.20,60.01,152,F,5605,-2.4160
4290,P2,CASC,64.35,64.99,151,F,5631,-2.4224
4300,P2,CASC,64.50,65.01,151,F,5657,-2.4274
4310,P2,CASC,64.65,67.49,150,F,5684,-2.4559
4320,P2,CASC,64.80,62.52,152,F,5709,-2.4331
4330,P2,CASC,64.95,67.48,150,F,5736,-2.4584
4340,P2,CASC,65.10,67.51,150,F,5763,-2.4824
4350,P2,CASC,65.25,62.50,152,F,5788,-2.4549
4360,P2,CASC,65.40,67.50,150,F,5815,-2.4759
4370,P2,CASC,65.55,62.51,152,F,5840,-2.4455
4380,P2,CASC,65.70,67.51,151,F,5867,-2.4636
4390,P2,CASC,65.85,64.98,152,F,5893,-2.4549
4400,P2,CASC,66.00,65.00,152,F,5919,-2.4449
4410,P2,CASC,66.15,67.51,151,F,5946,-2.4585
4420,P2,CASC,66.30,65.01,152,F,5972,-2.4456
4430,P2,CASC,66.45,64.99,152,F,5998,-2.4310
4440,P2,CASC,66.60,65.00,152,F,6024,-2.4150
4450,P2,CASC,66.75,65.01,152,F,6050,-2.3976
4460,P2,CASC,66.90,65.00,152,F,6076,-2.3786
4470,P2,CASC,67.05,64.99,153,F,6102,-2.3580
4480,P2,CASC,67.20,64.99,153,F,6128,-2.3359
4490,P2,CASC,67.35,65.02,153,F,6154,-2.3126
4500,P2,CASC,67.50,67.49,152,F,6181,-2.3125
4510,P2,CASC,67.65,65.00,153,F,6207,-2.2860
4520,P2,CASC,67.80,64.99,153,F,6233,-2.2579
4530,P2,CASC,67.95,67.50,153,F,6260,-2.2534
4540,P2,CASC,68.10,65.01,154,F,6286,-2.2224
4550,P2,CASC,68.25,64.99,154,F,6312,-2.1898
4560,P2,CASC,68.40,65.00,154,F,6338,-2.1558
4570,P2,CASC,68.55,65.01,154,F,6364,-2.1204
4580,P2,CASC,68.70,62.51,155,F,6389,-2.0585
4590,P2,CASC,68.85,65.01,155,F,6415,-2.0201
4600,P2,CASC,69.00,62.49,156,F,6440,-1.9549
4610,P2,CASC,69.15,65.00,155,F,6466,-1.9134
4620,P2,CASC,69.30,64.99,155,F,6492,-1.8704
4630,P2,CASC,69.45,65.01,155,F,6518,-1.8259
4640,P2,CASC,69.60,64.99,156,F,6544,-1.7798
4650,P2,CASC,69.75,65.01,156,F,6570,-1.7324
4660,P2,CASC,69.90,65.01,156,F,6596,-1.6835
4670,P2,CASC,70.05,64.99,156,F,6622,-1.6329
4680,P2,CASC,70.20,65.01,157,F,6648,-1.5810
4690,P2,CASC,70.35,67.50,156,F,6675,-1.5525
4700,P2,CASC,70.50,64.99,157,F,6701,-1.4974
4710,P2,CASC,70.65,64.99,157,F,6727,-1.4409
4720,P2,CASC,70.80,67.50,157,F,6754,-1.4079
4730,P2,CASC,70.95,67.51,157,F,6781,-1.3734
4740,P2,CASC,71.10,67.51,157,F,6808,-1.3375
4750,P2,CASC,71.25,70.00,156,F,6836,-1.3250
4760,P2,CASC,71.40,67.49,157,F,6863,-1.2859
4770,P2,CASC,71.55,70.01,157,F,6891,-1.2706
4780,P2,CASC,71.70,67.49,158,F,6918,-1.2284
4790,P2,CASC,71.85,67.51,158,F,6945,-1.1850
4800,P2,CASC,72.00,67.49,158,F,6972,-1.1399
4810,P2,CASC,72.15,67.51,158,F,6999,-1.0936
4820,P2,CASC,72.30,67.48,159,F,7026,-1.0454
4830,P2,CASC,72.45,67.50,159,F,7053,-0.9959
4840,P2,CASC,72.60,65.02,160,F,7079,-0.9201
4850,P2,CASC,72.75,67.49,159,F,7106,-0.8675
4860,P2,CASC,72.90,67.49,160,F,7133,-0.8134
4870,P2,CASC,73.05,69.99,159,F,7161,-0.7829
4880,P2,CASC,73.20,67.52,160,F,7188,-0.7261
4890,P2,CASC,73.35,69.99,160,F,7216,-0.6925
4900,P2,CASC,73.50,69.99,160,F,7244,-0.6574
4910,P2,CASC,73.65,67.50,161,F,7271,-0.5959
4920,P2,CASC,73.80,70.00,160,F,7299,-0.5579
4930,P2,CASC,73.95,70.01,160,F,7327,-0.5186
4940,P2,CASC,74.10,69.99,161,F,7355,-0.4774
4950,P2,CASC,74.25,70.01,161,F,7383,-0.4350
4960,P2,CASC,74.40,72.50,160,F,7412,-0.4160
4970,P2,CASC,74.55,72.49,160,F,7441,-0.3953
4980,P2,CASC,74.70,72.50,160,F,7470,-0.3733
4990,P2,CASC,74.85,70.01,161,F,7498,-0.3249
5000,P2,CASC,75.00,69.99,162,F,7526,-0.2748
5010,P2,CASC,75.15,72.51,161,F,7555,-0.2485
5020,P2,CASC,75.30,69.99,162,F,7583,-0.1954
5030,P2,CASC,75.45,72.51,162,F,7612,-0.1661
5040,P2,CASC,75.60,69.97,162,F,7640,-0.1098
5050,P2,CASC,75.75,70.01,163,F,7668,-0.0524
5060,P2,CASC,75.90,72.50,162,F,7697,-0.0184
5070,P2,CASC,76.05,72.51,162,F,7726,0.0170
5080,P2,CASC,76.20,72.50,163,F,7755,0.0540
5090,P2,CASC,76.35,72.50,163,F,7784,0.0925
5100,P2,CASC,76.50,75.00,162,F,7814,0.1075
5110,P2,CASC,76.65,84.98,155,F,7848,0.0242
5120,P2,CASC,76.80,79.99,159,F,7880,-0.0077
5130,P2,CASC,76.95,72.53,163,F,7909,0.0365
5140,P2,CASC,77.10,72.49,163,F,7938,0.0826
5150,P2,CASC,77.25,67.51,165,F,7965,0.1800
5160,P2,CASC,77.40,67.49,165,F,7992,0.2791
5170,P2,CASC,77.55,75.01,163,F,8022,0.3045
5180,P2,CASC,77.70,77.49,163,F,8053,0.3066
5190,P2,CASC,77.85,77.50,163,F,8084,0.3101
5200,P2,CASC,78.00,77.52,163,F,8115,0.3150
5210,P2,CASC,78.15,77.50,163,F,8146,0.3215
5220,P2,CASC,78.30,77.49,163,F,8177,0.3295
5230,P2,CASC,78.45,77.49,163,F,8208,0.3391
5240,P2,CASC,78.60,75.01,164,F,8238,0.3750
5250,P2,CASC,78.75,79.99,162,F,8270,0.3625
5260,P2,CASC,78.90,77.49,164,F,8301,0.3766
5270,P2,CASC,79.05,77.49,164,F,8332,0.3922
5280,P2,CASC,79.20,77.51,164,F,8363,0.4091
5290,P2,CASC,79.35,74.99,165,F,8393,0.4527
5300,P2,CASC,79.50,77.52,164,F,8424,0.4725
5310,P2,CASC,79.65,77.50,164,F,8455,0.4940
5320,P2,CASC,79.80,74.99,165,F,8485,0.5422
5330,P2,CASC,79.95,77.52,165,F,8516,0.5665
5340,P2,CASC,80.10,77.48,165,F,8547,0.5926
5350,P2,CASC,80.25,77.51,165,F,8578,0.6200
5360,P2,CASC,80.40,77.51,165,F,8609,0.6490
5370,P2,CASC,80.55,77.47,166,F,8640,0.6798
5380,P2,CASC,80.70,77.52,166,F,8671,0.7115
5390,P2,CASC,80.85,77.50,166,F,8702,0.7450
5400,P2,CASC,81.00,77.48,167,F,8733,0.7802
5410,P2,CASC,81.15,77.52,167,F,8764,0.8165
5420,P2,CASC,81.30,74.98,168,F,8794,0.8797
5430,P2,CASC,81.45,75.01,168,F,8824,0.9441
5440,P2,CASC,81.60,72.50,169,F,8853,1.0351
5450,P2,CASC,81.75,77.50,168,F,8884,1.0776
5460,P2,CASC,81.90,72.49,170,F,8913,1.1717
5470,P2,CASC,82.05,77.52,169,F,8944,1.2170
5480,P2,CASC,82.20,75.01,170,F,8974,1.2889
5490,P2,CASC,82.35,74.99,170,F,9004,1.3626
5500,P2,CASC,82.50,72.50,172,F,9033,1.4626
5510,P2,CASC,82.65,77.49,170,F,9064,1.5142
5520,P2,CASC,82.80,75.01,172,F,9094,1.5921
5530,P2,CASC,82.95,75.01,172,F,9124,1.6714
5540,P2,CASC,83.10,74.98,172,F,9154,1.7527
5550,P2,CASC,83.25,77.49,172,F,9185,1.8103
5560,P2,CASC,83.40,75.01,173,F,9215,1.8941
5570,P2,CASC,83.55,77.52,173,F,9246,1.9544
5580,P2,CASC,83.70,79.98,172,F,9278,1.9916
5590,P2,CASC,83.85,75.01,174,F,9308,2.0800
5600,P2,CASC,84.00,77.49,174,F,9339,2.1451
5610,P2,CASC,84.15,77.49,174,F,9370,2.2117
5620,P2,CASC,84.30,74.96,175,F,9400,2.3051
5630,P2,CASC,84.45,72.56,176,F,9429,2.4240
5640,P2,CASC,84.60,77.48,175,F,9460,2.4951
5650,P2,CASC,84.75,72.50,177,F,9489,2.6176
5660,P2,CASC,84.90,77.48,176,F,9520,2.6918
5670,P2,CASC,85.05,77.52,177,F,9551,2.7671
5680,P2,CASC,85.20,77.48,177,F,9582,2.8442
5690,P2,CASC,85.35,77.49,177,F,9613,2.9228
5700,P2,CASC,85.50,80.01,177,F,9645,2.9777
5710,P2,CASC,85.65,77.52,178,F,9676,3.0590
5720,P2,CASC,85.80,77.47,178,F,9707,3.1423
5730,P2,CASC,85.95,80.00,178,F,9739,3.2018
5740,P2,CASC,86.10,82.52,178,F,9772,3.2376
5750,P2,CASC,86.25,82.50,178,F,9805,3.2751
5760,P2,CASC,86.40,82.50,178,F,9838,3.3141
5770,P2,CASC,86.55,82.50,178,F,9871,3.3546
5780,P2,CASC,86.70,82.49,179,F,9904,3.3967
5790,P2,CASC,86.85,82.51,179,F,9937,3.4401
5800,P2,CASC,87.00,84.98,178,F,9971,3.4603
5810,P2,CASC,87.15,80.00,180,F,10003,3.5318
5820,P2,CASC,87.30,82.52,180,F,10036,3.5796
5830,P2,CASC,87.45,82.52,180,F,10069,3.6290
5840,P2,CASC,87.60,85.00,180,F,10103,3.6550
5850,P2,CASC,87.75,84.97,180,F,10137,3.6827
5860,P2,CASC,87.90,84.99,180,F,10171,3.7118
5870,P2,CASC,88.05,87.54,180,F,10206,3.7170
5880,P2,CASC,88.20,97.50,171,F,10245,3.6240
5890,P2,CASC,88.35,92.48,175,F,10282,3.5826
5900,P2,CASC,88.50,82.51,181,F,10315,3.6426
5910,P2,CASC,88.65,85.01,181,F,10349,3.6790
5920,P2,CASC,88.80,79.98,183,F,10381,3.7672
5930,P2,CASC,88.95,87.49,181,F,10416,3.7818
5940,P2,CASC,89.10,90.04,178,F,10452,3.7724
5950,P2,CASC,89.25,89.99,179,F,10488,3.7650
5960,P2,CASC,89.40,87.48,181,F,10523,3.7842
5970,P2,CASC,89.55,92.52,177,F,10560,3.7545
5980,P2,CASC,89.70,90.00,179,F,10596,3.7515
5990,P2,CASC,89.85,89.98,179,F,10632,3.7502
6000,P2,CASC,90.00,90.01,180,F,10668,3.7501
6010,P2,CASC,90.15,90.02,181,F,10704,3.7514
6020,P2,CASC,90.30,89.97,181,F,10740,3.7547
6030,P2,CASC,90.45,90.00,182,F,10776,3.7592
6040,P2,CASC,90.60,90.00,182,F,10812,3.7652
6050,P2,CASC,90.75,90.00,182,F,10848,3.7727
6060,P2,CASC,90.90,87.51,183,F,10883,3.8066
6070,P2,CASC,91.05,92.52,180,F,10920,3.7919
6080,P2,CASC,91.20,89.98,183,F,10956,3.8041
6090,P2,CASC,91.35,92.52,180,F,10993,3.7924
6100,P2,CASC,91.50,92.47,180,F,11030,3.7827
6110,P2,CASC,91.65,92.49,180,F,11067,3.7743
6120,P2,CASC,91.80,90.02,183,F,11103,3.7921
6130,P2,CASC,91.95,90.00,183,F,11139,3.8116
6140,P2,CASC,92.10,92.49,181,F,11176,3.8077
6150,P2,CASC,92.25,90.03,184,F,11212,3.8299
6160,P2,CASC,92.40,87.50,185,F,11247,3.8789
6170,P2,CASC,92.55,92.48,184,F,11284,3.8796
6180,P2,CASC,92.70,90.00,185,F,11320,3.9066
6190,P2,CASC,92.85,90.00,185,F,11356,3.9351
6200,P2,CASC,93.00,92.52,184,F,11393,3.9399
6210,P2,CASC,93.15,89.98,185,F,11429,3.9716
6220,P2,CASC,93.30,95.01,182,F,11467,3.9545
6230,P2,CASC,93.45,92.51,185,F,11504,3.9639
6240,P2,CASC,93.60,90.00,186,F,11540,3.9999
6250,P2,CASC,93.75,97.45,180,F,11579,3.9629
6260,P2,CASC,93.90,92.55,185,F,11616,3.9764
6270,P2,CASC,94.05,97.47,181,F,11655,3.9422
6280,P2,CASC,94.20,95.02,183,F,11693,3.9340
6290,P2,CASC,94.35,92.49,186,F,11730,3.9526
6300,P2,CASC,94.50,95.02,183,F,11768,3.9475
6310,P2,CASC,94.65,92.49,186,F,11805,3.9690
6320,P2,CASC,94.80,92.44,186,F,11842,3.9927
6330,P2,CASC,94.95,90.05,187,F,11878,4.0417
6340,P2,CASC,95.10,92.51,187,F,11915,4.0676
6350,P2,CASC,95.25,94.99,186,F,11953,4.0702
6360,P2,CASC,95.40,97.50,183,F,11992,4.0492
6370,P2,CASC,95.55,95.00,187,F,12030,4.0547
6380,P2,CASC,95.70,97.51,184,F,12069,4.0366
6390,P2,CASC,95.85,94.99,187,F,12107,4.0452
6400,P2,CASC,96.00,100.01,182,F,12147,4.0051
6410,P2,CASC,96.15,97.48,184,F,12186,3.9917
6420,P2,CASC,96.30,100.01,182,F,12226,3.9546
6430,P2,CASC,96.45,100.01,183,F,12266,3.9190
6440,P2,CASC,96.60,97.47,185,F,12305,3.9103
6450,P2,CASC,96.75,97.54,185,F,12344,3.9024
6460,P2,CASC,96.90,97.47,185,F,12383,3.8967
6470,P2,CASC,97.05,95.02,188,F,12421,3.9170
6480,P2,CASC,97.20,99.99,184,F,12461,3.8891
6490,P2,CASC,97.35,95.02,188,F,12499,3.9125
6500,P2,CASC,97.50,100.00,184,F,12539,3.8875
6510,P2,CASC,97.65,99.99,184,F,12579,3.8641
6520,P2,CASC,97.80,102.51,182,F,12620,3.8170
6530,P2,CASC,97.95,112.47,175,F,12665,3.6718
6540,P2,CASC,98.10,94.99,188,F,12703,3.7029
6550,P2,CASC,98.25,97.54,188,F,12742,3.7100
6560,P2,CASC,98.40,92.49,190,F,12779,3.7691
6570,P2,CASC,98.55,95.00,189,F,12817,3.8046
6580,P2,CASC,98.70,105.00,182,F,12859,3.7416
6590,P2,CASC,98.85,102.50,184,F,12900,3.7051
6600,P2,CASC,99.00,100.00,186,F,12940,3.6951
6610,P2,CASC,99.15,102.49,184,F,12981,3.6617
6620,P2,CASC,99.30,102.49,184,F,13022,3.6298
6630,P2,CASC,99.45,102.50,185,F,13063,3.5993
6640,P2,CASC,99.60,100.01,187,F,13103,3.5952
6650,P2,CASC,99.75,102.52,185,F,13144,3.5675
6660,P2,CASC,99.90,99.99,187,F,13184,3.5666
6670,P2,CASC,100.05,99.97,189,F,13224,3.5674
6680,P2,CASC,100.20,102.51,186,F,13265,3.5443
6690,P2,CASC,100.35,100.02,189,F,13305,3.5476
6700,P2,CASC,100.50,102.49,186,F,13346,3.5277
6710,P2,CASC,100.65,102.50,186,F,13387,3.5092
6720,P2,CASC,100.80,102.51,186,F,13428,3.4921
6730,P2,CASC,100.95,104.99,184,F,13470,3.4517
6740,P2,CASC,101.10,102.48,187,F,13511,3.4379
6750,P2,CASC,101.25,102.52,187,F,13552,3.4252
6760,P2,CASC,101.40,100.00,190,F,13592,3.4392
6770,P2,CASC,101.55,100.00,190,F,13632,3.4547
6780,P2,CASC,101.70,102.46,187,F,13673,3.4471
6790,P2,CASC,101.85,100.05,190,F,13713,3.4651
6800,P2,CASC,102.00,99.99,190,F,13753,3.4852
6810,P2,CASC,102.15,102.51,188,F,13794,3.4816
6820,P2,CASC,102.30,102.47,188,F,13835,3.4799
6830,P2,CASC,102.45,102.54,189,F,13876,3.4790
6840,P2,CASC,102.60,102.47,190,F,13917,3.4803
6850,P2,CASC,102.75,102.53,190,F,13958,3.4825
6860,P2,CASC,102.90,102.47,190,F,13999,3.4868
6870,P2,CASC,103.05,107.53,185,F,14042,3.4420
6880,P2,CASC,103.20,104.97,188,F,14084,3.4243
6890,P2,CASC,103.35,102.51,191,F,14125,3.4327
6900,P2,CASC,103.50,104.99,188,F,14167,3.4178
6910,P2,CASC,103.65,102.50,191,F,14208,3.4293
6920,P2,CASC,103.80,102.50,191,F,14249,3.4423
6930,P2,CASC,103.95,100.02,192,F,14289,3.4816
6940,P2,CASC,104.10,102.47,192,F,14330,3.4979
6950,P2,CASC,104.25,107.52,187,F,14373,3.4652
6960,P2,CASC,104.40,102.48,192,F,14414,3.4844
6970,P2,CASC,104.55,107.54,188,F,14457,3.4545
6980,P2,CASC,104.70,104.99,190,F,14499,3.4516
6990,P2,CASC,104.85,107.48,188,F,14542,3.4253
7000,P2,CASC,105.00,110.01,186,F,14586,3.3752
7010,P2,CASC,105.15,110.01,186,F,14630,3.3266
7020,P2,CASC,105.30,107.51,188,F,14673,3.3045
7030,P2,CASC,105.45,107.49,188,F,14716,3.2841
7040,P2,CASC,105.60,107.49,189,F,14759,3.2652
7050,P2,CASC,105.75,105.02,192,F,14801,3.2725
7060,P2,CASC,105.90,105.00,192,F,14843,3.2815
7070,P2,CASC,106.05,107.48,189,F,14886,3.2672
7080,P2,CASC,106.20,107.52,189,F,14929,3.2540
7090,P2,CASC,106.35,109.97,188,F,14973,3.2178
7100,P2,CASC,106.50,110.02,188,F,15017,3.1826
7110,P2,CASC,106.65,122.50,178,F,15066,3.0241
7120,P2,CASC,106.80,104.98,192,F,15108,3.0423
7130,P2,CASC,106.95,105.01,192,F,15150,3.0617
7140,P2,CASC,107.10,97.51,195,F,15189,3.1576
7150,P2,CASC,107.25,112.48,187,F,15234,3.1053
7160,P2,CASC,107.40,107.51,191,F,15277,3.1042
7170,P2,CASC,107.55,110.01,189,F,15321,3.0796
7180,P2,CASC,107.70,114.98,185,F,15367,3.0068
7190,P2,CASC,107.85,110.01,189,F,15411,2.9852
7200,P2,CASC,108.00,107.51,192,F,15454,2.9901
7210,P2,CASC,108.15,109.97,190,F,15498,2.9719
7220,P2,CASC,108.30,112.55,188,F,15543,2.9295
7230,P2,CASC,108.45,110.00,190,F,15587,2.9140
7240,P2,CASC,108.60,107.47,193,F,15630,2.9253
7250,P2,CASC,108.75,110.02,190,F,15674,2.9126
7260,P2,CASC,108.90,107.48,193,F,15717,2.9268
7270,P2,CASC,109.05,112.50,189,F,15762,2.8923
7280,P2,CASC,109.20,110.02,191,F,15806,2.8841
7290,P2,CASC,109.35,112.48,189,F,15851,2.8528
7300,P2,CASC,109.50,112.49,189,F,15896,2.8229
7310,P2,CASC,109.65,110.02,191,F,15940,2.8192
7320,P2,CASC,109.80,109.99,192,F,15984,2.8173
7330,P2,CASC,109.95,107.52,194,F,16027,2.8416
7340,P2,CASC,110.10,107.48,194,F,16070,2.8678
7350,P2,CASC,110.25,110.03,193,F,16114,2.8700
7360,P2,CASC,110.40,109.96,193,F,16158,2.8744
7370,P2,CASC,110.55,109.93,194,F,16202,2.8806
7380,P2,CASC,110.70,107.58,194,F,16245,2.9118
7390,P2,CASC,110.85,110.01,194,F,16289,2.9202
7400,P2,CASC,111.00,110.00,194,F,16333,2.9302
7410,P2,CASC,111.15,115.00,190,F,16379,2.8917
7420,P2,CASC,111.30,109.99,194,F,16423,2.9048
7430,P2,CASC,111.45,115.00,190,F,16469,2.8693
7440,P2,CASC,111.60,112.50,192,F,16514,2.8603
7450,P2,CASC,111.75,112.49,192,F,16559,2.8529
7460,P2,CASC,111.90,107.51,196,F,16602,2.8968
7470,P2,CASC,112.05,109.99,195,F,16646,2.9174
7480,P2,CASC,112.20,107.50,196,F,16689,2.9644
7490,P2,CASC,112.35,112.53,194,F,16734,2.9626
7500,P2,CASC,112.50,112.50,194,F,16779,2.9626
7510,P2,CASC,112.65,112.47,195,F,16824,2.9644
7520,P2,CASC,112.80,112.51,195,F,16869,2.9673
7530,P2,CASC,112.95,115.03,192,F,16915,2.9465
7540,P2,CASC,113.10,117.48,191,F,16962,2.9027
7550,P2,CASC,113.25,115.02,193,F,17008,2.8850
7560,P2,CASC,113.40,119.96,189,F,17056,2.8193
7570,P2,CASC,113.55,115.03,193,F,17102,2.8045
7580,P2,CASC,113.70,117.50,191,F,17149,2.7665
7590,P2,CASC,113.85,112.46,196,F,17194,2.7804
7600,P2,CASC,114.00,115.05,193,F,17240,2.7700
7610,P2,CASC,114.15,114.98,194,F,17286,2.7617
7620,P2,CASC,114.30,115.00,194,F,17332,2.7547
7630,P2,CASC,114.45,115.01,194,F,17378,2.7491
7640,P2,CASC,114.60,122.46,188,F,17427,2.6705
7650,P2,CASC,114.75,125.01,186,F,17477,2.5678
7660,P2,CASC,114.90,115.01,194,F,17523,2.5667
7670,P2,CASC,115.05,110.02,197,F,17567,2.6170
7680,P2,CASC,115.20,104.96,199,F,17609,2.7194
7690,P2,CASC,115.35,120.00,191,F,17657,2.6729
7700,P2,CASC,115.50,117.54,193,F,17704,2.6526
7710,P2,CASC,115.65,117.51,194,F,17751,2.6340
7720,P2,CASC,115.80,117.46,194,F,17798,2.6173
7730,P2,CASC,115.95,117.44,194,F,17845,2.6024
7740,P2,CASC,116.10,117.58,194,F,17892,2.5876
7750,P2,CASC,116.25,117.49,194,F,17939,2.5752
7760,P2,CASC,116.40,117.50,194,F,17986,2.5642
7770,P2,CASC,116.55,114.99,197,F,18032,2.5798
7780,P2,CASC,116.70,115.03,197,F,18078,2.5965
7790,P2,CASC,116.85,117.46,195,F,18125,2.5903
7800,P2,CASC,117.00,119.99,193,F,18173,2.5604
7810,P2,CASC,117.15,117.55,195,F,18220,2.5565
7820,P2,CASC,117.30,122.46,192,F,18269,2.5048
7830,P2,CASC,117.45,117.52,196,F,18316,2.5041
7840,P2,CASC,117.60,119.96,194,F,18364,2.4805
7850,P2,CASC,117.75,115.01,198,F,18410,2.5078
7860,P2,CASC,117.90,114.99,198,F,18456,2.5370
7870,P2,CASC,118.05,115.05,198,F,18502,2.5670
7880,P2,CASC,118.20,117.50,198,F,18549,2.5740
7890,P2,CASC,118.35,117.49,198,F,18596,2.5826
7900,P2,CASC,118.50,117.48,198,F,18643,2.5929
7910,P2,CASC,118.65,119.98,196,F,18691,2.5796
7920,P2,CASC,118.80,115.02,199,F,18737,2.6174
7930,P2,CASC,118.95,122.52,194,F,18786,2.5816
7940,P2,CASC,119.10,120.00,196,F,18834,2.5726
7950,P2,CASC,119.25,122.49,195,F,18883,2.5402
7960,P2,CASC,119.40,117.49,199,F,18930,2.5594
7970,P2,CASC,119.55,117.51,199,F,18977,2.5797
7980,P2,CASC,119.70,117.50,199,F,19024,2.6017
7990,P2,CASC,119.85,117.50,199,F,19071,2.6252
8000,P2,CASC,120.00,114.98,200,F,19117,2.6755
8010,P2,CASC,120.15,122.51,196,F,19166,2.6518
8020,P2,CASC,120.30,117.51,200,F,19213,2.6797
8030,P2,CASC,120.45,122.48,197,F,19262,2.6595
8040,P2,CASC,120.60,122.50,197,F,19311,2.6405
8050,P2,CASC,120.75,125.00,195,F,19361,2.5980
8060,P2,CASC,120.90,122.54,197,F,19410,2.5816
8070,P2,CASC,121.05,127.50,193,F,19461,2.5171
8080,P2,CASC,121.20,122.51,197,F,19510,2.5040
8090,P2,CASC,121.35,125.00,195,F,19560,2.4675
8100,P2,CASC,121.50,122.46,198,F,19609,2.4579
8110,P2,CASC,121.65,120.01,200,F,19657,2.4742
8120,P2,CASC,121.80,122.50,198,F,19706,2.4672
8130,P2,CASC,121.95,122.52,198,F,19755,2.4615
8140,P2,CASC,122.10,124.96,196,F,19805,2.4329
8150,P2,CASC,122.25,137.51,187,F,19860,2.2802
8160,P2,CASC,122.40,122.51,198,F,19909,2.2791
8170,P2,CASC,122.55,120.01,200,F,19957,2.3045
8180,P2,CASC,122.70,110.00,204,F,20001,2.4315
8190,P2,CASC,122.85,127.49,195,F,20052,2.3851
8200,P2,CASC,123.00,127.50,195,F,20103,2.3401
8210,P2,CASC,123.15,125.00,198,F,20153,2.3216
8220,P2,CASC,123.30,122.49,200,F,20202,2.3297
8230,P2,CASC,123.45,127.51,196,F,20253,2.2891
8240,P2,CASC,123.60,124.98,198,F,20303,2.2754
8250,P2,CASC,123.75,124.99,198,F,20353,2.2630
8260,P2,CASC,123.90,125.03,198,F,20403,2.2517
8270,P2,CASC,124.05,124.99,199,F,20453,2.2424
8280,P2,CASC,124.20,122.51,201,F,20502,2.2592
8290,P2,CASC,124.35,124.99,199,F,20552,2.2529
8300,P2,CASC,124.50,127.54,197,F,20603,2.2225
8310,P2,CASC,124.65,129.95,196,F,20655,2.1695
8320,P2,CASC,124.80,127.54,198,F,20706,2.1421
8330,P2,CASC,124.95,124.99,200,F,20756,2.1417
8340,P2,CASC,125.10,122.50,201,F,20805,2.1677
8350,P2,CASC,125.25,122.50,202,F,20854,2.1952
8360,P2,CASC,125.40,124.99,201,F,20904,2.1994
8370,P2,CASC,125.55,124.99,201,F,20954,2.2050
8380,P2,CASC,125.70,122.55,202,F,21003,2.2365
8390,P2,CASC,125.85,125.00,202,F,21053,2.2450
8400,P2,CASC,126.00,124.95,202,F,21103,2.2555
8410,P2,CASC,126.15,125.01,202,F,21153,2.2669
8420,P2,CASC,126.30,127.51,200,F,21204,2.2547
8430,P2,CASC,126.45,129.97,198,F,21256,2.2195
8440,P2,CASC,126.60,127.51,200,F,21307,2.2104
8450,P2,CASC,126.75,127.54,200,F,21358,2.2025
8460,P2,CASC,126.90,122.46,203,F,21407,2.2469
8470,P2,CASC,127.05,125.04,203,F,21457,2.2670
8480,P2,CASC,127.20,122.46,204,F,21506,2.3144
8490,P2,CASC,127.35,124.99,203,F,21556,2.3380
8500,P2,CASC,127.50,127.53,202,F,21607,2.3377
8510,P2,CASC,127.65,130.01,200,F,21659,2.3141
8520,P2,CASC,127.80,129.94,200,F,21711,2.2927
8530,P2,CASC,127.95,130.04,200,F,21763,2.2719
8540,P2,CASC,128.10,132.50,199,F,21816,2.2279
8550,P2,CASC,128.25,132.53,199,F,21869,2.1851
8560,P2,CASC,128.40,132.49,199,F,21922,2.1442
8570,P2,CASC,128.55,130.00,201,F,21974,2.1297
8580,P2,CASC,128.70,127.50,203,F,22025,2.1417
8590,P2,CASC,128.85,130.00,201,F,22077,2.1302
8600,P2,CASC,129.00,130.03,201,F,22129,2.1200
8610,P2,CASC,129.15,132.49,200,F,22182,2.0866
8620,P2,CASC,129.30,137.47,196,F,22237,2.0049
8630,P2,CASC,129.45,135.01,198,F,22291,1.9492
8640,P2,CASC,129.60,127.50,204,F,22342,1.9702
8650,P2,CASC,129.75,119.99,206,F,22390,2.0679
8660,P2,CASC,129.90,132.51,201,F,22443,2.0417
8670,P2,CASC,130.05,132.53,201,F,22496,2.0170
8680,P2,CASC,130.20,130.00,204,F,22548,2.0190
8690,P2,CASC,130.35,132.49,201,F,22601,1.9976
8700,P2,CASC,130.50,132.49,201,F,22654,1.9777
8710,P2,CASC,130.65,134.97,200,F,22708,1.9345
8720,P2,CASC,130.80,132.55,202,F,22761,1.9170
8730,P2,CASC,130.95,129.99,204,F,22813,1.9266
8740,P2,CASC,131.10,132.47,202,F,22866,1.9129
8750,P2,CASC,131.25,132.50,202,F,22919,1.9004
8760,P2,CASC,131.40,132.51,202,F,22972,1.8892
8770,P2,CASC,131.55,134.97,201,F,23026,1.8550
8780,P2,CASC,131.70,135.03,201,F,23080,1.8217
8790,P2,CASC,131.85,132.53,203,F,23133,1.8150
8800,P2,CASC,132.00,132.49,203,F,23186,1.8101
8810,P2,CASC,132.15,129.97,205,F,23238,1.8318
8820,P2,CASC,132.30,132.53,203,F,23291,1.8296
8830,P2,CASC,132.45,130.01,205,F,23343,1.8540
8840,P2,CASC,132.60,132.49,205,F,23396,1.8551
8850,P2,CASC,132.75,129.97,206,F,23448,1.8828
8860,P2,CASC,132.90,132.51,205,F,23501,1.8867
8870,P2,CASC,133.05,132.50,205,F,23554,1.8922
8880,P2,CASC,133.20,132.50,205,F,23607,1.8992
8890,P2,CASC,133.35,137.49,201,F,23662,1.8578
8900,P2,CASC,133.50,132.49,206,F,23715,1.8680
8910,P2,CASC,133.65,135.01,204,F,23769,1.8543
8920,P2,CASC,133.80,130.01,207,F,23821,1.8922
8930,P2,CASC,133.95,129.99,207,F,23873,1.9318
8940,P2,CASC,134.10,132.51,206,F,23926,1.9477
8950,P2,CASC,134.25,132.49,206,F,23979,1.9653
8960,P2,CASC,134.40,135.04,205,F,24033,1.9589
8970,P2,CASC,134.55,134.99,205,F,24087,1.9546
8980,P2,CASC,134.70,139.99,201,F,24143,1.9017
8990,P2,CASC,134.85,137.53,203,F,24198,1.8749
9000,P2,CASC,135.00,142.47,200,F,24255,1.8002
9010,P2,CASC,135.15,137.50,204,F,24310,1.7767
9020,P2,CASC,135.30,139.97,202,F,24366,1.7300
9030,P2,CASC,135.45,135.01,206,F,24420,1.7344
9040,P2,CASC,135.60,135.03,206,F,24474,1.7401
9050,P2,CASC,135.75,137.51,204,F,24529,1.7225
9060,P2,CASC,135.90,137.50,204,F,24584,1.7065
9070,P2,CASC,136.05,147.47,197,F,24643,1.5923
9080,P2,CASC,136.20,142.40,201,F,24700,1.5303
9090,P2,CASC,136.35,130.10,208,F,24752,1.5927
9100,P2,CASC,136.50,124.98,210,F,24802,1.7080
9110,P2,CASC,136.65,142.50,201,F,24859,1.6495
9120,P2,CASC,136.80,137.50,206,F,24914,1.6425
9130,P2,CASC,136.95,137.53,206,F,24969,1.6367
9140,P2,CASC,137.10,140.00,204,F,25025,1.6077
9150,P2,CASC,137.25,140.00,204,F,25081,1.5802
9160,P2,CASC,137.40,139.92,204,F,25137,1.5550
9170,P2,CASC,137.55,137.57,206,F,25192,1.5548
9180,P2,CASC,137.70,137.53,207,F,25247,1.5566
9190,P2,CASC,137.85,137.49,207,F,25302,1.5602
9200,P2,CASC,138.00,137.51,207,F,25357,1.5651
9210,P2,CASC,138.15,142.47,203,F,25414,1.5219
9220,P2,CASC,138.30,142.53,203,F,25471,1.4796
9230,P2,CASC,138.45,137.50,208,F,25526,1.4891
9240,P2,CASC,138.60,139.96,206,F,25582,1.4755
9250,P2,CASC,138.75,137.50,208,F,25637,1.4880
9260,P2,CASC,138.90,137.54,208,F,25692,1.5016
9270,P2,CASC,139.05,137.46,208,F,25747,1.5175
9280,P2,CASC,139.20,137.54,208,F,25802,1.5341
9290,P2,CASC,139.35,137.50,209,F,25857,1.5526
9300,P2,CASC,139.50,137.49,209,F,25912,1.5727
9310,P2,CASC,139.65,139.99,207,F,25968,1.5694
9320,P2,CASC,139.80,140.03,208,F,26024,1.5671
9330,P2,CASC,139.95,142.46,206,F,26081,1.5420
9340,P2,CASC,140.10,137.54,209,F,26136,1.5676
9350,P2,CASC,140.25,139.97,209,F,26192,1.5704
9360,P2,CASC,140.40,135.00,211,F,26246,1.6244
9370,P2,CASC,140.55,137.47,210,F,26301,1.6551
9380,P2,CASC,140.70,137.56,210,F,26356,1.6866
9390,P2,CASC,140.85,142.41,208,F,26413,1.6709
9400,P2,CASC,141.00,142.54,208,F,26470,1.6555
9410,P2,CASC,141.15,142.54,208,F,26527,1.6416
9420,P2,CASC,141.30,144.96,206,F,26585,1.6050
9430,P2,CASC,141.45,150.00,202,F,26645,1.5195
9440,P2,CASC,141.60,145.03,206,F,26703,1.4852
9450,P2,CASC,141.75,144.97,206,F,26761,1.4530
9460,P2,CASC,141.90,140.03,210,F,26817,1.4717
9470,P2,CASC,142.05,142.50,209,F,26874,1.4672
9480,P2,CASC,142.20,144.97,207,F,26932,1.4395
9490,P2,CASC,142.35,144.99,207,F,26990,1.4132
9500,P2,CASC,142.50,152.55,201,F,27051,1.3127
9510,P2,CASC,142.65,147.50,205,F,27110,1.2642
9520,P2,CASC,142.80,137.50,211,F,27165,1.3172
9530,P2,CASC,142.95,134.97,212,F,27219,1.3970
9540,P2,CASC,143.10,145.03,208,F,27277,1.3777
9550,P2,CASC,143.25,145.01,208,F,27335,1.3601
9560,P2,CASC,143.40,144.97,208,F,27393,1.3443
9570,P2,CASC,143.55,147.50,207,F,27452,1.3048
9580,P2,CASC,143.70,145.00,209,F,27510,1.2918
9590,P2,CASC,143.85,145.03,209,F,27568,1.2801
9600,P2,CASC,144.00,144.93,209,F,27626,1.2708
9610,P2,CASC,144.15,142.56,211,F,27683,1.2867
9620,P2,CASC,144.30,147.50,207,F,27742,1.2547
9630,P2,CASC,144.45,145.00,210,F,27800,1.2492
9640,P2,CASC,144.60,149.99,206,F,27860,1.1954
9650,P2,CASC,144.75,147.51,208,F,27919,1.1677
9660,P2,CASC,144.90,147.46,208,F,27978,1.1422
9670,P2,CASC,145.05,140.00,212,F,28034,1.1927
9680,P2,CASC,145.20,145.01,211,F,28092,1.1945
9690,P2,CASC,145.35,142.53,212,F,28149,1.2227
9700,P2,CASC,145.50,144.97,211,F,28207,1.2280
9710,P2,CASC,145.65,145.01,211,F,28265,1.2344
9720,P2,CASC,145.80,142.47,212,F,28322,1.2677
9730,P2,CASC,145.95,145.04,212,F,28380,1.2767
9740,P2,CASC,146.10,147.50,210,F,28439,1.2627
9750,P2,CASC,146.25,147.47,210,F,28498,1.2505
9760,P2,CASC,146.40,147.53,210,F,28557,1.2392
9770,P2,CASC,146.55,142.47,213,F,28614,1.2800
9780,P2,CASC,146.70,140.01,214,F,28670,1.3469
9790,P2,CASC,146.85,145.00,213,F,28728,1.3654
9800,P2,CASC,147.00,145.03,213,F,28786,1.3851
9810,P2,CASC,147.15,149.97,210,F,28846,1.3569
9820,P2,CASC,147.30,147.53,212,F,28905,1.3546
9830,P2,CASC,147.45,152.44,208,F,28966,1.3047
9840,P2,CASC,147.60,152.53,208,F,29027,1.2554
9850,P2,CASC,147.75,152.53,208,F,29088,1.2076
9860,P2,CASC,147.90,152.48,208,F,29149,1.1617
9870,P2,CASC,148.05,147.47,213,F,29208,1.1675
9880,P2,CASC,148.20,150.01,211,F,29268,1.1494
9890,P2,CASC,148.35,150.01,211,F,29328,1.1327
9900,P2,CASC,148.50,149.97,211,F,29388,1.1180
9910,P2,CASC,148.65,157.53,205,F,29451,1.0292
9920,P2,CASC,148.80,157.50,205,F,29514,0.9422
9930,P2,CASC,148.95,144.96,214,F,29572,0.9821
9940,P2,CASC,149.10,140.04,216,F,29628,1.0727
9950,P2,CASC,149.25,152.52,210,F,29689,1.0401
9960,P2,CASC,149.40,152.47,210,F,29750,1.0094
9970,P2,CASC,149.55,150.00,212,F,29810,1.0049
9980,P2,CASC,149.70,154.89,209,F,29872,0.9530
9990,P2,CASC,149.85,150.14,213,F,29932,0.9501
10000,P2,CASC,150.00,152.48,211,F,29993,0.9253
10010,P2,CASC,150.00,149.99,213,F,30053,0.9254
10020,P2,CASC,150.00,150.01,213,F,30113,0.9253
10030,P2,CASC,150.00,152.48,211,F,30174,0.9004
10040,P2,CASC,150.00,155.02,209,F,30236,0.8503
10050,P2,CASC,150.00,154.98,209,F,30298,0.8004
10060,P2,CASC,150.00,152.50,210,F,30359,0.7754
10070,P2,CASC,150.00,150.00,212,F,30419,0.7754
10080,P2,CASC,150.00,147.50,213,F,30478,0.8004
10090,P2,CASC,150.00,147.53,214,F,30537,0.8251
10100,P2,CASC,150.00,149.97,213,F,30597,0.8254
10110,P2,CASC,150.00,147.50,214,F,30656,0.8504
10120,P2,CASC,150.00,150.01,213,F,30716,0.8503
10130,P2,CASC,150.00,149.99,213,F,30776,0.8504
10140,P2,CASC,150.00,152.48,211,F,30837,0.8256
10150,P2,CASC,150.00,152.53,211,F,30898,0.8003
10160,P2,CASC,150.00,149.97,213,F,30958,0.8006
10170,P2,CASC,150.00,145.01,214,F,31016,0.8504
10180,P2,CASC,150.00,147.47,214,F,31075,0.8757
10190,P2,CASC,150.00,145.06,215,F,31133,0.9251
10200,P2,CASC,150.00,150.00,213,F,31193,0.9251
10210,P2,CASC,150.00,152.44,211,F,31254,0.9007
10220,P2,CASC,150.00,152.56,211,F,31315,0.8751
10230,P2,CASC,150.00,154.97,209,F,31377,0.8254
10240,P2,CASC,150.00,157.50,207,F,31440,0.7504
10250,P2,CASC,150.00,155.02,208,F,31502,0.7003
10260,P2,CASC,150.00,155.02,208,F,31564,0.6501
10270,P2,CASC,150.00,147.44,213,F,31623,0.6757
10280,P2,CASC,150.00,152.55,210,F,31684,0.6503
10290,P2,CASC,150.00,150.01,212,F,31744,0.6501
10300,P2,CASC,150.00,154.97,208,F,31806,0.6004
10310,P2,CASC,150.00,164.98,200,F,31872,0.4506
10320,P2,CASC,150.00,147.54,213,F,31931,0.4752
10330,P2,CASC,150.00,139.97,215,F,31987,0.5754
10340,P2,CASC,150.00,150.00,212,F,32047,0.5754
10350,P2,CASC,150.00,152.50,210,F,32108,0.5504
10360,P2,CASC,150.00,152.47,210,F,32169,0.5257
10370,P2,CASC,150.00,152.53,210,F,32230,0.5004
10380,P2,CASC,150.00,152.52,210,F,32291,0.4753
10390,P2,CASC,150.00,152.47,210,F,32352,0.4506
10400,P2,CASC,150.00,150.03,212,F,32412,0.4503
10410,P2,CASC,150.00,149.97,212,F,32472,0.4506
10420,P2,CASC,150.00,150.05,212,F,32532,0.4501
10430,P2,CASC,150.00,152.48,210,F,32593,0.4253
10440,P2,CASC,150.00,155.02,208,F,32655,0.3751
10450,P2,CASC,150.00,152.44,209,F,32716,0.3507
10460,P2,CASC,150.00,152.55,209,F,32777,0.3253
10470,P2,CASC,150.00,147.50,212,F,32836,0.3503
10480,P2,CASC,150.00,147.49,212,F,32895,0.3754
10490,P2,CASC,150.00,150.01,211,F,32955,0.3753
10500,P2,CASC,150.00,145.00,213,F,33013,0.4253
10510,P2,CASC,150.00,149.99,212,F,33073,0.4254
10520,P2,CASC,150.00,147.53,212,F,33132,0.4501
10530,P2,CASC,150.00,147.50,213,F,33191,0.4751
10540,P2,CASC,150.00,152.45,210,F,33252,0.4506
10550,P2,CASC,150.00,150.05,212,F,33312,0.4501
10560,P2,CASC,150.00,149.97,212,F,33372,0.4504
10570,P2,CASC,150.00,145.00,213,F,33430,0.5004
10580,P2,CASC,150.00,144.99,214,F,33488,0.5506
10590,P2,CASC,150.00,147.53,213,F,33547,0.5753
10600,P2,CASC,150.00,149.97,212,F,33607,0.5756
10610,P2,CASC,150.00,150.00,212,F,33667,0.5756
10620,P2,CASC,150.00,152.52,210,F,33728,0.5504
10630,P2,CASC,150.00,155.00,208,F,33790,0.5004
10640,P2,CASC,150.00,157.42,206,F,33853,0.4262
10650,P2,CASC,150.00,152.56,210,F,33914,0.4006
10660,P2,CASC,150.00,152.50,209,F,33975,0.3756
10670,P2,CASC,150.00,147.54,212,F,34034,0.4002
10680,P2,CASC,150.00,149.99,212,F,34094,0.4003
10690,P2,CASC,150.00,152.50,209,F,34155,0.3753
10700,P2,CASC,150.00,157.48,205,F,34218,0.3005
10710,P2,CASC,150.00,162.52,201,F,34283,0.1753
10720,P2,CASC,150.00,145.01,213,F,34341,0.2252
10730,P2,CASC,150.00,139.94,214,F,34397,0.3257
10740,P2,CASC,150.00,150.03,211,F,34457,0.3254
10750,P2,CASC,150.00,149.97,211,F,34517,0.3257
10760,P2,CASC,150.00,152.53,209,F,34578,0.3004
10770,P2,CASC,150.00,149.97,211,F,34638,0.3007
10780,P2,CASC,150.00,152.52,209,F,34699,0.2756
10790,P2,CASC,150.00,152.55,209,F,34760,0.2501
10800,P2,CASC,150.00,149.97,211,F,34820,0.2504
10810,P2,CASC,150.00,147.53,212,F,34879,0.2751
10820,P2,CASC,150.00,152.48,209,F,34940,0.2503
10830,P2,CASC,150.00,150.01,211,F,35000,0.2501
10840,P2,CASC,150.00,154.98,207,F,35062,0.2003
10850,P2,CASC,150.00,150.00,211,F,35122,0.2003
10860,P2,CASC,150.00,152.50,209,F,35183,0.1753
10870,P2,CASC,150.00,147.47,212,F,35242,0.2006
10880,P2,CASC,150.00,145.01,213,F,35300,0.2504
10890,P2,CASC,150.00,150.03,211,F,35360,0.2501
10900,P2,CASC,150.00,145.00,213,F,35418,0.3001
10910,P2,CASC,150.00,149.96,211,F,35478,0.3006
10920,P2,CASC,150.00,147.43,212,F,35537,0.3263
10930,P2,CASC,150.00,147.60,212,F,35596,0.3503
10940,P2,CASC,150.00,152.52,209,F,35657,0.3251
10950,P2,CASC,150.00,147.47,212,F,35716,0.3504
10960,P2,CASC,150.00,150.03,211,F,35776,0.3501
10970,P2,CASC,150.00,142.50,214,F,35833,0.4251
10980,P2,CASC,150.00,144.99,213,F,35891,0.4753
10990,P2,CASC,150.00,147.49,213,F,35950,0.5004
11000,P2,CASC,150.00,147.53,213,F,36009,0.5251
11010,P2,CASC,150.00,149.97,212,F,36069,0.5254
11020,P2,CASC,150.00,150.03,212,F,36129,0.5251
11030,P2,CASC,150.00,155.00,208,F,36191,0.4751
11040,P2,CASC,150.00,157.45,206,F,36254,0.4006
11050,P2,CASC,150.00,152.52,209,F,36315,0.3754
11060,P2,CASC,150.00,152.52,209,F,36376,0.3503
11070,P2,CASC,150.00,149.99,211,F,36436,0.3504
11080,P2,CASC,150.00,149.93,212,F,36496,0.3512
11090,P2,CASC,150.00,150.09,211,F,36556,0.3503
11100,P2,CASC,150.00,155.00,207,F,36618,0.3003
11110,P2,CASC,150.00,162.50,201,F,36683,0.1753
11120,P2,CASC,150.00,147.47,212,F,36742,0.2006
11130,P2,CASC,150.00,140.01,214,F,36798,0.3004
11140,P2,CASC,150.00,149.97,211,F,36858,0.3007
11150,P2,CASC,150.00,150.05,211,F,36918,0.3003
11160,P2,CASC,150.00,152.48,209,F,36979,0.2754
11170,P2,CASC,150.00,152.53,209,F,37040,0.2501
11180,P2,CASC,150.00,149.94,211,F,37100,0.2507
11190,P2,CASC,150.00,152.53,209,F,37161,0.2254
11200,P2,CASC,150.00,147.53,212,F,37220,0.2501
11210,P2,CASC,150.00,149.99,211,F,37280,0.2503
11220,P2,CASC,150.00,152.48,209,F,37341,0.2254
11230,P2,CASC,150.00,150.01,211,F,37401,0.2253
11240,P2,CASC,150.00,155.02,207,F,37463,0.1751
11250,P2,CASC,150.00,149.97,211,F,37523,0.1754
11260,P2,CASC,150.00,152.50,209,F,37584,0.1504
11270,P2,CASC,150.00,147.53,212,F,37643,0.1751
11280,P2,CASC,150.00,145.00,213,F,37701,0.2251
11290,P2,CASC,150.00,149.97,211,F,37761,0.2254
11300,P2,CASC,150.00,147.50,212,F,37820,0.2504
11310,P2,CASC,150.00,147.51,212,F,37879,0.2753
11320,P2,CASC,150.00,147.38,212,F,37938,0.3015
11330,P2,CASC,150.00,147.60,212,F,37997,0.3254
11340,P2,CASC,150.00,152.47,209,F,38058,0.3007
11350,P2,CASC,150.00,147.51,212,F,38117,0.3256
11360,P2,CASC,150.00,150.03,211,F,38177,0.3253
11370,P2,CASC,150.00,144.97,213,F,38235,0.3756
11380,P2,CASC,150.00,142.50,214,F,38292,0.4506
11390,P2,CASC,150.00,147.50,213,F,38351,0.4756
11400,P2,CASC,150.00,147.54,213,F,38410,0.5001
11410,P2,CASC,150.00,150.00,212,F,38470,0.5001
11420,P2,CASC,150.00,152.50,210,F,38531,0.4751
11430,P2,CASC,150.00,154.97,208,F,38593,0.4255
11440,P2,CASC,150.00,157.50,206,F,38656,0.3505
11450,P2,CASC,150.00,150.01,211,F,38716,0.3503
11460,P2,CASC,150.00,155.00,207,F,38778,0.3003
11470,P2,CASC,150.00,147.50,212,F,38837,0.3253
11480,P2,CASC,150.00,149.99,211,F,38897,0.3255
11490,P2,CASC,150.00,152.53,209,F,38958,0.3002
11500,P2,CASC,150.00,154.94,207,F,39020,0.2508
11510,P2,CASC,150.00,162.53,201,F,39085,0.1254
11520,P2,CASC,150.00,145.01,212,F,39143,0.1753
11530,P2,CASC,150.00,139.97,214,F,39199,0.2756
11540,P2,CASC,150.00,150.05,211,F,39259,0.2751
11550,P2,CASC,150.00,147.50,212,F,39318,0.3001
11560,P2,CASC,150.00,154.97,207,F,39380,0.2504
11570,P2,CASC,150.00,149.99,211,F,39440,0.2506
11580,P2,CASC,150.00,152.53,209,F,39501,0.2253
11590,P2,CASC,150.00,150.00,211,F,39561,0.2253
11600,P2,CASC,150.00,150.01,211,F,39621,0.2251
11610,P2,CASC,150.00,149.96,211,F,39681,0.2256
11620,P2,CASC,150.00,149.99,211,F,39741,0.2257
11630,P2,CASC,150.00,152.55,209,F,39802,0.2003
11640,P2,CASC,150.00,154.98,207,F,39864,0.1504
11650,P2,CASC,150.00,149.99,211,F,39924,0.1506
11660,P2,CASC,150.00,150.03,211,F,39984,0.1503
11670,P2,CASC,150.00,147.49,212,F,40043,0.1754
11680,P2,CASC,150.00,147.51,212,F,40102,0.2003
11690,P2,CASC,150.00,147.50,212,F,40161,0.2253
11700,P2,CASC,150.00,147.51,212,F,40220,0.2501
11710,P2,CASC,150.00,147.50,212,F,40279,0.2751
11720,P2,CASC,150.00,147.46,212,F,40338,0.3006
11730,P2,CASC,150.00,147.51,212,F,40397,0.3254
11740,P2,CASC,150.00,155.02,207,F,40459,0.2753
11750,P2,CASC,150.00,147.50,212,F,40518,0.3003
11760,P2,CASC,150.00,147.49,212,F,40577,0.3254
11770,P2,CASC,150.00,145.01,213,F,40635,0.3753
11780,P2,CASC,150.00,145.00,213,F,40693,0.4253
11790,P2,CASC,150.00,147.50,212,F,40752,0.4503
11800,P2,CASC,150.00,147.47,213,F,40811,0.4756
11810,P2,CASC,150.00,150.05,212,F,40871,0.4751
11820,P2,CASC,150.00,152.48,210,F,40932,0.4503
11830,P2,CASC,150.00,152.48,210,F,40993,0.4254
11840,P2,CASC,150.00,157.52,206,F,41056,0.3503
11850,P2,CASC,150.00,152.48,209,F,41117,0.3254
11860,P2,CASC,150.00,155.02,207,F,41179,0.2753
11870,P2,CASC,150.00,147.51,212,F,41238,0.3001
11880,P2,CASC,150.00,149.96,211,F,41298,0.3006
11890,P2,CASC,150.00,152.55,209,F,41359,0.2751
11900,P2,CASC,150.00,152.50,209,F,41420,0.2501
11910,P2,CASC,150.00,164.93,199,F,41486,0.1008
11920,P2,CASC,150.00,147.56,212,F,41545,0.1252
11930,P2,CASC,150.00,137.50,215,F,41600,0.2502
11940,P2,CASC,150.00,152.45,209,F,41661,0.2256
11950,P2,CASC,150.00,147.53,212,F,41720,0.2503
11960,P2,CASC,150.00,154.98,207,F,41782,0.2005
11970,P2,CASC,150.00,149.99,211,F,41842,0.2007
11980,P2,CASC,150.00,152.53,209,F,41903,0.1753
11990,P2,CASC,150.00,152.50,209,F,41964,0.1503
12000,P2,CASC,150.00,147.47,212,F,42023,0.1756
12010,P2,CASC,150.00,150.01,211,F,42083,0.1755
12020,P2,CASC,150.00,152.50,209,F,42144,0.1505
12030,P2,CASC,150.00,152.50,209,F,42205,0.1255
12040,P2,CASC,150.00,155.02,207,F,42267,0.0753
12050,P2,CASC,150.00,149.99,211,F,42327,0.0755
12060,P2,CASC,150.00,150.03,211,F,42387,0.0752
12070,P2,CASC,150.00,147.50,212,F,42446,0.1002
12080,P2,CASC,150.00,147.47,212,F,42505,0.1255
12090,P2,CASC,150.00,150.00,211,F,42565,0.1255
12100,P2,CASC,150.00,145.03,212,F,42623,0.1752
12110,P2,CASC,150.00,150.00,211,F,42683,0.1752
12120,P2,CASC,150.00,147.50,212,F,42742,0.2002
12130,P2,CASC,150.00,147.46,212,F,42801,0.2256
12140,P2,CASC,150.00,152.53,209,F,42862,0.2003
12150,P2,CASC,150.00,147.49,212,F,42921,0.2255
12160,P2,CASC,150.00,149.99,211,F,42981,0.2256
12170,P2,CASC,150.00,145.00,213,F,43039,0.2756
12180,P2,CASC,150.00,145.00,213,F,43097,0.3256
12190,P2,CASC,150.00,147.54,212,F,43156,0.3502
12200,P2,CASC,150.00,147.47,212,F,43215,0.3755
12210,P2,CASC,150.00,150.00,211,F,43275,0.3755
12220,P2,CASC,150.00,152.48,209,F,43336,0.3506
12230,P2,CASC,150.00,152.52,209,F,43397,0.3255
12240,P2,CASC,150.00,157.47,205,F,43460,0.2508
12250,P2,CASC,150.00,152.56,209,F,43521,0.2252
12260,P2,CASC,150.00,152.48,209,F,43582,0.2003
12270,P2,CASC,150.00,150.01,211,F,43642,0.2002
12280,P2,CASC,150.00,147.50,212,F,43701,0.2252
12290,P2,CASC,150.00,152.50,209,F,43762,0.2002
12300,P2,CASC,150.00,152.48,209,F,43823,0.1753
12310,P2,CASC,150.00,164.95,199,F,43889,0.0258
12320,P2,CASC,150.00,145.01,212,F,43947,0.0757
12330,P2,CASC,150.00,140.00,214,F,44003,0.1757
12340,P2,CASC,150.00,150.01,211,F,44063,0.1755
12350,P2,CASC,150.00,152.53,209,F,44124,0.1502
12360,P2,CASC,150.00,152.50,209,F,44185,0.1252
12370,P2,CASC,150.00,150.00,211,F,44245,0.1252
12380,P2,CASC,150.00,152.47,209,F,44306,0.1005
12390,P2,CASC,150.00,150.00,211,F,44366,0.1005
12400,P2,CASC,150.00,149.99,211,F,44426,0.1007
12410,P2,CASC,150.00,150.03,211,F,44486,0.1004
12420,P2,CASC,150.00,152.52,209,F,44547,0.0752
12430,P2,CASC,150.00,152.45,209,F,44608,0.0507
12440,P2,CASC,150.00,152.52,209,F,44669,0.0255
12450,P2,CASC,150.00,152.50,209,F,44730,0.0005
12460,P2,CASC,150.00,150.03,210,F,44790,0.0002
12470,P2,CASC,150.00,147.46,211,F,44849,0.0257
12480,P2,CASC,150.00,147.49,211,F,44908,0.0508
12490,P2,CASC,150.00,147.56,211,F,44967,0.0752
12500,P2,CASC,150.00,147.44,212,F,45026,0.1008
12510,P2,CASC,150.00,147.51,212,F,45085,0.1257
12520,P2,CASC,150.00,147.50,212,F,45144,0.1507
12530,P2,CASC,150.00,147.51,212,F,45203,0.1755
12540,P2,CASC,150.00,152.47,209,F,45264,0.1508
12550,P2,CASC,150.00,147.51,212,F,45323,0.1757
12560,P2,CASC,150.00,147.53,212,F,45382,0.2004
12570,P2,CASC,150.00,147.40,212,F,45441,0.2264
12580,P2,CASC,150.00,142.56,214,F,45498,0.3009
12590,P2,CASC,150.00,147.54,212,F,45557,0.3254
12600,P2,CASC,150.00,147.50,212,F,45616,0.3504
12610,P2,CASC,150.00,152.50,209,F,45677,0.3254
12620,P2,CASC,150.00,150.00,211,F,45737,0.3254
12630,P2,CASC,150.00,155.02,207,F,45799,0.2753
12640,P2,CASC,150.00,154.98,207,F,45861,0.2254
12650,P2,CASC,150.00,152.50,209,F,45922,0.2004
12660,P2,CASC,150.00,152.45,209,F,45983,0.1759
12670,P2,CASC,150.00,147.53,212,F,46042,0.2006
12680,P2,CASC,150.00,149.99,211,F,46102,0.2007
12690,P2,CASC,150.00,150.03,211,F,46162,0.2004
12700,P2,CASC,150.00,157.45,205,F,46225,0.1259
12710,P2,CASC,150.00,162.53,201,F,46290,0.0006
12720,P2,CASC,150.00,142.47,213,F,46347,0.0759
12730,P2,CASC,150.00,140.03,214,F,46403,0.1756
12740,P2,CASC,150.00,152.48,209,F,46464,0.1507
12750,P2,CASC,150.00,147.51,212,F,46523,0.1756
12760,P2,CASC,150.00,152.48,209,F,46584,0.1507
12770,P2,CASC,150.00,152.50,209,F,46645,0.1257
12780,P2,CASC,150.00,150.01,211,F,46705,0.1256
12790,P2,CASC,150.00,152.48,209,F,46766,0.1007
12800,P2,CASC,150.00,150.05,211,F,46826,0.1003
12810,P2,CASC,150.00,149.97,211,F,46886,0.1006
12820,P2,CASC,150.00,150.03,211,F,46946,0.1003
12830,P2,CASC,150.00,152.45,209,F,47007,0.0757
12840,P2,CASC,150.00,152.55,209,F,47068,0.0503
12850,P2,CASC,150.00,152.45,209,F,47129,0.0257
12860,P2,CASC,150.00,150.01,211,F,47189,0.0256
12870,P2,CASC,150.00,147.53,211,F,47248,0.0503
12880,P2,CASC,150.00,147.49,211,F,47307,0.0754
12890,P2,CASC,150.00,147.47,212,F,47366,0.1007
12900,P2,CASC,150.00,147.53,212,F,47425,0.1254
12910,P2,CASC,150.00,147.49,212,F,47484,0.1506
12920,P2,CASC,150.00,147.49,212,F,47543,0.1757
12930,P2,CASC,150.00,147.51,212,F,47602,0.2006
12940,P2,CASC,150.00,152.50,209,F,47663,0.1756
12950,P2,CASC,150.00,149.99,211,F,47723,0.1757
12960,P2,CASC,150.00,147.51,212,F,47782,0.2006
12970,P2,CASC,150.00,145.03,213,F,47840,0.2503
12980,P2,CASC,150.00,142.46,214,F,47897,0.3257
12990,P2,CASC,150.00,147.49,212,F,47956,0.3509
13000,P2,CASC,150.00,150.00,211,F,48016,0.3509
13010,P2,CASC,150.00,150.03,211,F,48076,0.3506
13020,P2,CASC,150.00,150.01,211,F,48136,0.3504
13030,P2,CASC,150.00,154.95,207,F,48198,0.3009
13040,P2,CASC,150.00,155.02,207,F,48260,0.2507
13050,P2,CASC,150.00,152.52,209,F,48321,0.2256
13060,P2,CASC,150.00,152.52,209,F,48382,0.2004
13070,P2,CASC,150.00,147.51,212,F,48441,0.2253
13080,P2,CASC,150.00,150.00,211,F,48501,0.2253
13090,P2,CASC,150.00,150.00,211,F,48561,0.2253
13100,P2,CASC,150.00,157.47,205,F,48624,0.1506
13110,P2,CASC,150.00,159.98,203,F,48688,0.0508
13120,P2,CASC,150.00,147.53,211,F,48747,0.0755
13130,P2,CASC,150.00,137.49,215,F,48802,0.2006
13140,P2,CASC,150.00,150.03,211,F,48862,0.2003
13150,P2,CASC,150.00,152.50,209,F,48923,0.1753
13160,P2,CASC,150.00,152.39,209,F,48984,0.1514
13170,P2,CASC,150.00,150.09,211,F,49044,0.1505
13180,P2,CASC,150.00,152.50,209,F,49105,0.1255
13190,P2,CASC,150.00,149.99,211,F,49165,0.1256
13200,P2,CASC,150.00,150.03,211,F,49225,0.1253
13210,P2,CASC,150.00,150.00,211,F,49285,0.1253
13220,P2,CASC,150.00,149.99,211,F,49345,0.1255
13230,P2,CASC,150.00,152.45,209,F,49406,0.1009
13240,P2,CASC,150.00,155.02,207,F,49468,0.0508
13250,P2,CASC,150.00,150.01,211,F,49528,0.0506
13260,P2,CASC,150.00,150.01,211,F,49588,0.0505
13270,P2,CASC,150.00,147.46,211,F,49647,0.0759
13280,P2,CASC,150.00,147.54,211,F,49706,0.1005
13290,P2,CASC,150.00,150.00,211,F,49766,0.1005
13300,P2,CASC,150.00,145.00,212,F,49824,0.1505
13310,P2,CASC,150.00,147.49,212,F,49883,0.1756
13320,P2,CASC,150.00,147.53,212,F,49942,0.2003
13330,P2,CASC,150.00,147.47,212,F,50001,0.2256
13340,P2,CASC,150.00,155.00,207,F,50063,0.1756
13350,P2,CASC,150.00,147.50,212,F,50122,0.2006
13360,P2,CASC,150.00,147.50,212,F,50181,0.2256
13370,P2,CASC,150.00,144.94,213,F,50239,0.2762
13380,P2,CASC,150.00,142.57,214,F,50296,0.3505
13390,P2,CASC,150.00,147.51,212,F,50355,0.3753
13400,P2,CASC,150.00,147.46,212,F,50414,0.4008
13410,P2,CASC,150.00,150.00,211,F,50474,0.4008
13420,P2,CASC,150.00,152.53,209,F,50535,0.3755
13430,P2,CASC,150.00,152.48,209,F,50596,0.3506
13440,P2,CASC,150.00,157.50,205,F,50659,0.2756
13450,P2,CASC,150.00,150.00,211,F,50719,0.2756
13460,P2,CASC,150.00,152.50,209,F,50780,0.2506
13470,P2,CASC,150.00,149.97,211,F,50840,0.2509
13480,P2,CASC,150.00,147.50,212,F,50899,0.2759
13490,P2,CASC,150.00,152.52,209,F,50960,0.2508
13500,P2,CASC,150.00,155.03,207,F,51022,0.2005
13510,P2,CASC,150.00,159.97,203,F,51086,0.1008
13520,P2,CASC,150.00,147.53,212,F,51145,0.1255
13530,P2,CASC,150.00,137.51,215,F,51200,0.2504
13540,P2,CASC,150.00,152.45,209,F,51261,0.2258
13550,P2,CASC,150.00,147.51,212,F,51320,0.2507
13560,P2,CASC,150.00,152.48,209,F,51381,0.2258
13570,P2,CASC,150.00,152.50,209,F,51442,0.2008
13580,P2,CASC,150.00,152.55,209,F,51503,0.1754
13590,P2,CASC,150.00,149.96,211,F,51563,0.1758
13600,P2,CASC,150.00,150.00,211,F,51623,0.1758
13610,P2,CASC,150.00,150.01,211,F,51683,0.1757
13620,P2,CASC,150.00,150.03,211,F,51743,0.1754
13630,P2,CASC,150.00,152.50,209,F,51804,0.1504
13640,P2,CASC,150.00,154.97,207,F,51866,0.1007
13650,P2,CASC,150.00,150.03,211,F,51926,0.1004
13660,P2,CASC,150.00,150.00,211,F,51986,0.1004
13670,P2,CASC,150.00,147.50,212,F,52045,0.1254
13680,P2,CASC,150.00,147.49,212,F,52104,0.1505
13690,P2,CASC,150.00,149.99,211,F,52164,0.1507
13700,P2,CASC,150.00,145.03,213,F,52222,0.2004
13710,P2,CASC,150.00,149.99,211,F,52282,0.2005
13720,P2,CASC,150.00,147.47,212,F,52341,0.2258
13730,P2,CASC,150.00,147.50,212,F,52400,0.2508
13740,P2,CASC,150.00,155.00,207,F,52462,0.2008
13750,P2,CASC,150.00,147.51,212,F,52521,0.2257
13760,P2,CASC,150.00,147.47,212,F,52580,0.2510
13770,P2,CASC,150.00,145.03,213,F,52638,0.3007
13780,P2,CASC,150.00,144.99,213,F,52696,0.3508
13790,P2,CASC,150.00,147.53,212,F,52755,0.3755
13800,P2,CASC,150.00,147.50,212,F,52814,0.4005
13810,P2,CASC,150.00,152.50,209,F,52875,0.3755
13820,P2,CASC,150.00,150.00,211,F,52935,0.3755
13830,P2,CASC,150.00,154.98,207,F,52997,0.3257
13840,P2,CASC,150.00,155.03,207,F,53059,0.2754
13850,P2,CASC,150.00,152.47,209,F,53120,0.2507
13860,P2,CASC,150.00,152.50,209,F,53181,0.2257
13870,P2,CASC,150.00,150.01,211,F,53241,0.2255
13880,P2,CASC,150.00,147.50,212,F,53300,0.2505
13890,P2,CASC,150.00,152.45,209,F,53361,0.2260
13900,P2,CASC,150.00,155.02,207,F,53423,0.1758
13910,P2,CASC,150.00,162.55,201,F,53488,0.0503
13920,P2,CASC,150.00,144.97,212,F,53546,0.1006
13930,P2,CASC,150.00,140.00,214,F,53602,0.2006
13940,P2,CASC,150.00,152.50,209,F,53663,0.1756
13950,P2,CASC,150.00,150.03,211,F,53723,0.1753
13960,P2,CASC,150.00,152.45,209,F,53784,0.1508
13970,P2,CASC,150.00,150.01,211,F,53844,0.1506
13980,P2,CASC,150.00,152.48,209,F,53905,0.1258
13990,P2,CASC,150.00,152.52,209,F,53966,0.1006
14000,P2,CASC,150.00,150.00,211,F,54026,0.1006
14010,P2,CASC,150.00,150.01,211,F,54086,0.1005
14020,P2,CASC,150.00,149.97,211,F,54146,0.1008
14030,P2,CASC,150.00,152.55,209,F,54207,0.0753
14040,P2,CASC,150.00,154.94,207,F,54269,0.0260
14050,P2,CASC,150.00,150.05,211,F,54329,0.0255
14060,P2,CASC,150.00,150.00,211,F,54389,0.0255
14070,P2,CASC,150.00,147.51,211,F,54448,0.0504
14080,P2,CASC,150.00,147.50,211,F,54507,0.0754
14090,P2,CASC,150.00,149.97,211,F,54567,0.0757
14100,P2,CASC,150.00,144.99,212,F,54625,0.1258
14110,P2,CASC,150.00,150.03,211,F,54685,0.1255
14120,P2,CASC,150.00,147.49,212,F,54744,0.1507
14130,P2,CASC,150.00,147.50,212,F,54803,0.1757
14140,P2,CASC,150.00,152.47,209,F,54864,0.1510
14150,P2,CASC,150.00,150.06,211,F,54924,0.1504
14160,P2,CASC,150.00,147.47,212,F,54983,0.1756
14170,P2,CASC,150.00,145.01,213,F,55041,0.2255
14180,P2,CASC,150.00,145.01,213,F,55099,0.2754
14190,P2,CASC,150.00,147.46,212,F,55158,0.3008
14200,P2,CASC,150.00,147.49,212,F,55217,0.3259
14210,P2,CASC,150.00,152.55,209,F,55278,0.3005
14220,P2,CASC,150.00,150.00,211,F,55338,0.3005
14230,P2,CASC,150.00,155.00,207,F,55400,0.2505
14240,P2,CASC,150.00,157.52,205,F,55463,0.1753
14250,P2,CASC,150.00,152.47,209,F,55524,0.1506
14260,P2,CASC,150.00,152.45,209,F,55585,0.1261
14270,P2,CASC,150.00,147.54,212,F,55644,0.1507
14280,P2,CASC,150.00,150.03,211,F,55704,0.1504
14290,P2,CASC,150.00,152.50,209,F,55765,0.1254
14300,P2,CASC,150.00,152.45,209,F,55826,0.1008
14310,P2,CASC,150.00,165.02,199,F,55892,-0.0494
14320,P2,CASC,150.00,145.03,212,F,55950,0.0004
14330,P2,CASC,150.00,137.46,214,F,56005,0.1258
14340,P2,CASC,150.00,152.50,209,F,56066,0.1008
14350,P2,CASC,150.00,150.01,211,F,56126,0.1006
14360,P2,CASC,150.00,155.02,207,F,56188,0.0505
14370,P2,CASC,150.00,150.00,211,F,56248,0.0505
14380,P2,CASC,150.00,152.48,209,F,56309,0.0256
14390,P2,CASC,150.00,149.97,211,F,56369,0.0259
14400,P2,CASC,150.00,150.00,211,F,56429,0.0259
14410,P2,CASC,150.00,150.05,211,F,56489,0.0255
14420,P2,CASC,150.00,152.45,209,F,56550,0.0009
14430,P2,CASC,150.00,152.53,208,F,56611,-0.0244
14440,P2,CASC,150.00,152.50,208,F,56672,-0.0494
14450,P2,CASC,150.00,152.50,208,F,56733,-0.0744
14460,P2,CASC,150.00,149.99,210,F,56793,-0.0742
14470,P2,CASC,150.00,147.54,211,F,56852,-0.0497
14480,P2,CASC,150.00,144.97,212,F,56910,0.0006
14490,P2,CASC,150.00,150.00,211,F,56970,0.0006
14500,P2,CASC,150.00,144.99,212,F,57028,0.0508
14510,P2,CASC,150.00,147.50,211,F,57087,0.0758
14520,P2,CASC,150.00,147.54,211,F,57146,0.1003
14530,P2,CASC,150.00,147.47,212,F,57205,0.1256
14540,P2,CASC,150.00,152.48,209,F,57266,0.1008
14550,P2,CASC,150.00,150.03,211,F,57326,0.1005
14560,P2,CASC,150.00,147.51,212,F,57385,0.1253
14570,P2,CASC,150.00,142.50,213,F,57442,0.2003
14580,P2,CASC,150.00,145.00,213,F,57500,0.2503
14590,P2,CASC,150.00,147.49,212,F,57559,0.2755
14600,P2,CASC,150.00,147.47,212,F,57618,0.3008
14610,P2,CASC,150.00,152.50,209,F,57679,0.2758
14620,P2,CASC,150.00,150.03,211,F,57739,0.2755
14630,P2,CASC,150.00,154.98,207,F,57801,0.2256
14640,P2,CASC,150.00,155.03,207,F,57863,0.1753
14650,P2,CASC,150.00,152.50,209,F,57924,0.1503
14660,P2,CASC,150.00,152.50,209,F,57985,0.1253
14670,P2,CASC,150.00,149.97,211,F,58045,0.1256
14680,P2,CASC,150.00,147.53,212,F,58104,0.1503
14690,P2,CASC,150.00,152.44,209,F,58165,0.1259
14700,P2,CASC,150.00,157.55,205,F,58228,0.0504
14710,P2,CASC,150.00,160.00,203,F,58292,-0.0496
14720,P2,CASC,150.00,147.46,211,F,58351,-0.0241
14730,P2,CASC,150.00,137.54,214,F,58406,0.1005
14740,P2,CASC,150.00,150.01,211,F,58466,0.1003
14750,P2,CASC,150.00,152.48,209,F,58527,0.0755
14760,P2,CASC,150.00,152.47,209,F,58588,0.0508
14770,P2,CASC,150.00,150.03,211,F,58648,0.0505
14780,P2,CASC,150.00,152.52,209,F,58709,0.0253
14790,P2,CASC,150.00,152.50,209,F,58770,0.0003
14800,P2,CASC,150.00,149.96,211,F,58830,0.0008
14810,P2,CASC,150.00,150.01,210,F,58890,0.0006
14820,P2,CASC,150.00,150.03,210,F,58950,0.0003
14830,P2,CASC,150.00,152.48,209,F,59011,-0.0245
14840,P2,CASC,150.00,154.98,206,F,59073,-0.0744
14850,P2,CASC,150.00,150.01,210,F,59133,-0.0745
14860,P2,CASC,150.00,150.01,210,F,59193,-0.0747
14870,P2,CASC,150.00,147.47,211,F,59252,-0.0494
14880,P2,CASC,150.00,147.51,211,F,59311,-0.0245
14890,P2,CASC,150.00,150.01,210,F,59371,-0.0247
14900,P2,CASC,150.00,145.00,212,F,59429,0.0253
14910,P2,CASC,150.00,147.50,211,F,59488,0.0503
14920,P2,CASC,150.00,147.46,211,F,59547,0.0758
14930,P2,CASC,150.00,147.53,211,F,59606,0.1005
14940,P2,CASC,150.00,152.50,209,F,59667,0.0755
14950,P2,CASC,150.00,147.50,212,F,59726,0.1005
14960,P2,CASC,150.00,147.50,212,F,59785,0.1255
14970,P2,CASC,150.00,145.01,212,F,59843,0.1753
14980,P2,CASC,150.00,144.96,213,F,59901,0.2258
14990,P2,CASC,150.00,147.53,212,F,59960,0.2505
15000,P2,CASC,150.00,147.49,212,F,60019,0.2756
15010,P2,CASC,149.85,150.03,211,F,60079,0.2738
15020,P2,CASC,149.70,152.45,209,F,60140,0.2463
15030,P2,CASC,149.55,152.52,208,F,60201,0.2166
15040,P2,CASC,149.40,157.48,204,F,60264,0.1358
15050,P2,CASC,149.25,152.53,208,F,60325,0.1030
15060,P2,CASC,149.10,149.99,209,F,60385,0.0941
15070,P2,CASC,148.95,149.94,209,F,60445,0.0842
15080,P2,CASC,148.80,147.54,210,F,60504,0.0968
15090,P2,CASC,148.65,150.05,209,F,60564,0.0828
15100,P2,CASC,148.50,157.45,203,F,60627,-0.0067
15110,P2,CASC,148.35,160.02,200,F,60691,-0.1233
15120,P2,CASC,148.20,142.49,211,F,60748,-0.0662
15130,P2,CASC,148.05,137.50,212,F,60803,0.0393
15140,P2,CASC,147.90,150.03,208,F,60863,0.0180
15150,P2,CASC,147.75,147.50,209,F,60922,0.0205
15160,P2,CASC,147.60,152.50,205,F,60983,-0.0285
15170,P2,CASC,147.45,147.46,209,F,61042,-0.0286
15180,P2,CASC,147.30,150.03,207,F,61102,-0.0559
15190,P2,CASC,147.15,150.03,206,F,61162,-0.0847
15200,P2,CASC,147.00,144.97,209,F,61220,-0.0644
15210,P2,CASC,146.85,147.49,208,F,61279,-0.0707
15220,P2,CASC,146.70,147.50,208,F,61338,-0.0787
15230,P2,CASC,146.55,147.51,207,F,61397,-0.0884
15240,P2,CASC,146.40,152.52,203,F,61458,-0.1495
15250,P2,CASC,146.25,147.50,207,F,61517,-0.1620
15260,P2,CASC,146.10,147.51,206,F,61576,-0.1762
15270,P2,CASC,145.95,142.47,209,F,61633,-0.1414
15280,P2,CASC,145.80,145.01,208,F,61691,-0.1335
15290,P2,CASC,145.65,142.50,208,F,61748,-0.1020
15300,P2,CASC,145.50,142.46,208,F,61805,-0.0716
15310,P2,CASC,145.35,142.54,208,F,61862,-0.0435
15320,P2,CASC,145.20,142.49,208,F,61919,-0.0164
15330,P2,CASC,145.05,144.99,207,F,61977,-0.0157
15340,P2,CASC,144.90,145.01,207,F,62035,-0.0169
15350,P2,CASC,144.75,145.01,207,F,62093,-0.0195
15360,P2,CASC,144.60,142.47,208,F,62150,0.0017
15370,P2,CASC,144.45,140.00,208,F,62206,0.0462
15380,P2,CASC,144.30,140.00,208,F,62262,0.0892
15390,P2,CASC,144.15,137.54,209,F,62317,0.1553
15400,P2,CASC,144.00,142.50,208,F,62374,0.1703
15410,P2,CASC,143.85,142.47,207,F,62431,0.1841
15420,P2,CASC,143.70,142.49,207,F,62488,0.1963
15430,P2,CASC,143.55,147.54,204,F,62547,0.1563
15440,P2,CASC,143.40,144.97,205,F,62605,0.1406
15450,P2,CASC,143.25,149.97,201,F,62665,0.0734
15460,P2,CASC,143.10,145.01,205,F,62723,0.0543
15470,P2,CASC,142.95,145.01,204,F,62781,0.0336
15480,P2,CASC,142.80,140.01,207,F,62837,0.0615
15490,P2,CASC,142.65,142.47,206,F,62894,0.0633
15500,P2,CASC,142.50,142.54,206,F,62951,0.0628
15510,P2,CASC,142.35,147.49,202,F,63010,0.0115
15520,P2,CASC,142.20,155.02,195,F,63072,-0.1167
15530,P2,CASC,142.05,140.00,206,F,63128,-0.0962
15540,P2,CASC,141.90,132.47,208,F,63181,-0.0019
15550,P2,CASC,141.75,137.45,207,F,63236,0.0411
15560,P2,CASC,141.60,142.57,204,F,63293,0.0314
15570,P2,CASC,141.45,145.01,202,F,63351,-0.0042
15580,P2,CASC,141.30,139.97,205,F,63407,0.0091
15590,P2,CASC,141.15,142.53,204,F,63464,-0.0047
15600,P2,CASC,141.00,139.94,205,F,63520,0.0058
15610,P2,CASC,140.85,142.53,203,F,63577,-0.0109
15620,P2,CASC,140.70,139.99,205,F,63633,-0.0038
15630,P2,CASC,140.55,140.01,205,F,63689,0.0016
15640,P2,CASC,140.40,140.01,204,F,63745,0.0054
15650,P2,CASC,140.25,142.50,202,F,63802,-0.0171
15660,P2,CASC,140.10,144.99,200,F,63860,-0.0659
15670,P2,CASC,139.95,140.01,204,F,63916,-0.0666
15680,P2,CASC,139.80,139.99,204,F,63972,-0.0684
15690,P2,CASC,139.65,137.53,204,F,64027,-0.0472
15700,P2,CASC,139.50,134.96,205,F,64081,-0.0018
15710,P2,CASC,139.35,135.03,205,F,64135,0.0414
15720,P2,CASC,139.20,137.50,204,F,64190,0.0584
15730,P2,CASC,139.05,134.96,205,F,64244,0.0993
15740,P2,CASC,138.90,135.05,205,F,64298,0.1378
15750,P2,CASC,138.75,135.00,205,F,64352,0.1753
15760,P2,CASC,138.60,137.49,204,F,64407,0.1864
15770,P2,CASC,138.45,140.00,202,F,64463,0.1709
15780,P2,CASC,138.30,135.00,205,F,64517,0.2039
15790,P2,CASC,138.15,137.51,204,F,64572,0.2103
15800,P2,CASC,138.00,132.49,205,F,64625,0.2654
15810,P2,CASC,137.85,132.47,205,F,64678,0.3192
15820,P2,CASC,137.70,132.53,205,F,64731,0.3709
15830,P2,CASC,137.55,135.01,204,F,64785,0.3963
15840,P2,CASC,137.40,137.49,203,F,64840,0.3954
15850,P2,CASC,137.25,135.01,204,F,64894,0.4178
15860,P2,CASC,137.10,139.97,201,F,64950,0.3891
15870,P2,CASC,136.95,137.51,203,F,65005,0.3834
15880,P2,CASC,136.80,142.46,198,F,65062,0.3269
15890,P2,CASC,136.65,137.51,202,F,65117,0.3182
15900,P2,CASC,136.50,137.51,202,F,65172,0.3081
15910,P2,CASC,136.35,135.00,203,F,65226,0.3216
15920,P2,CASC,136.20,135.01,203,F,65280,0.3334
15930,P2,CASC,136.05,137.47,201,F,65335,0.3192
15940,P2,CASC,135.90,135.00,203,F,65389,0.3282
15950,P2,CASC,135.75,147.54,193,F,65448,0.2103
15960,P2,CASC,135.60,137.47,200,F,65503,0.1916
15970,P2,CASC,135.45,129.99,203,F,65555,0.2462
15980,P2,CASC,135.30,125.04,205,F,65605,0.3488
15990,P2,CASC,135.15,137.49,200,F,65660,0.3254
16000,P2,CASC,135.00,135.00,202,F,65714,0.3254
16010,P2,CASC,134.85,137.50,199,F,65769,0.2989
16020,P2,CASC,134.70,134.97,201,F,65823,0.2962
16030,P2,CASC,134.55,135.03,201,F,65877,0.2914
16040,P2,CASC,134.40,135.01,201,F,65931,0.2853
16050,P2,CASC,134.25,135.00,201,F,65985,0.2778
16060,P2,CASC,134.10,129.95,202,F,66037,0.3193
16070,P2,CASC,133.95,135.03,200,F,66091,0.3086
16080,P2,CASC,133.80,132.49,201,F,66144,0.3217
16090,P2,CASC,133.65,134.99,200,F,66198,0.3083
16100,P2,CASC,133.50,137.54,197,F,66253,0.2679
16110,P2,CASC,133.35,134.97,199,F,66307,0.2517
16120,P2,CASC,133.20,132.53,201,F,66360,0.2584
16130,P2,CASC,133.05,129.97,201,F,66412,0.2892
16140,P2,CASC,132.90,129.95,201,F,66464,0.3187
16150,P2,CASC,132.75,127.59,202,F,66515,0.3703
16160,P2,CASC,132.60,130.00,201,F,66567,0.3963
16170,P2,CASC,132.45,127.49,202,F,66618,0.4459
16180,P2,CASC,132.30,132.50,200,F,66671,0.4439
16190,P2,CASC,132.15,127.47,202,F,66722,0.4907
16200,P2,CASC,132.00,130.04,201,F,66774,0.5103
16210,P2,CASC,131.85,129.99,201,F,66826,0.5289
16220,P2,CASC,131.70,132.49,199,F,66879,0.5211
16230,P2,CASC,131.55,130.01,201,F,66931,0.5364
16240,P2,CASC,131.40,127.51,201,F,66982,0.5753
16250,P2,CASC,131.25,127.50,201,F,67033,0.6128
16260,P2,CASC,131.10,124.98,202,F,67083,0.6741
16270,P2,CASC,130.95,127.53,201,F,67134,0.7083
16280,P2,CASC,130.80,127.47,201,F,67185,0.7416
16290,P2,CASC,130.65,130.01,200,F,67237,0.7479
16300,P2,CASC,130.50,130.00,200,F,67289,0.7529
16310,P2,CASC,130.35,129.97,200,F,67341,0.7567
16320,P2,CASC,130.20,132.50,198,F,67394,0.7337
16330,P2,CASC,130.05,135.00,196,F,67448,0.6842
16340,P2,CASC,129.90,132.53,197,F,67501,0.6579
16350,P2,CASC,129.75,130.01,199,F,67553,0.6553
16360,P2,CASC,129.60,129.99,199,F,67605,0.6514
16370,P2,CASC,129.45,127.49,200,F,67656,0.6710
16380,P2,CASC,129.30,127.53,200,F,67707,0.6888
16390,P2,CASC,129.15,129.99,198,F,67759,0.6804
16400,P2,CASC,129.00,132.42,196,F,67812,0.6462
16410,P2,CASC,128.85,142.59,188,F,67869,0.5089
16420,P2,CASC,128.70,124.99,199,F,67919,0.5460
16430,P2,CASC,128.55,120.01,201,F,67967,0.6314
16440,P2,CASC,128.40,122.48,200,F,68016,0.6906
16450,P2,CASC,128.25,130.03,197,F,68068,0.6729
16460,P2,CASC,128.10,127.50,199,F,68119,0.6789
16470,P2,CASC,127.95,129.99,196,F,68171,0.6585
16480,P2,CASC,127.80,127.51,198,F,68222,0.6614
16490,P2,CASC,127.65,129.97,196,F,68274,0.6381
16500,P2,CASC,127.50,127.54,198,F,68325,0.6377
16510,P2,CASC,127.35,127.47,197,F,68376,0.6365
16520,P2,CASC,127.20,125.03,198,F,68426,0.6582
16530,P2,CASC,127.05,127.45,197,F,68477,0.6542
16540,P2,CASC,126.90,125.00,198,F,68527,0.6732
16550,P2,CASC,126.75,127.53,197,F,68578,0.6655
16560,P2,CASC,126.60,127.50,196,F,68629,0.6565
16570,P2,CASC,126.45,130.00,194,F,68681,0.6210
16580,P2,CASC,126.30,124.98,198,F,68731,0.6342
16590,P2,CASC,126.15,125.03,197,F,68781,0.6455
16600,P2,CASC,126.00,122.51,198,F,68830,0.6804
16610,P2,CASC,125.85,122.48,198,F,68879,0.7141
16620,P2,CASC,125.70,122.49,198,F,68928,0.7462
16630,P2,CASC,125.55,124.94,197,F,68978,0.7524
16640,P2,CASC,125.40,120.08,199,F,69026,0.8055
16650,P2,CASC,125.25,122.49,198,F,69075,0.8331
16660,P2,CASC,125.10,122.52,198,F,69124,0.8589
16670,P2,CASC,124.95,122.48,198,F,69173,0.8836
16680,P2,CASC,124.80,122.50,198,F,69222,0.9066
16690,P2,CASC,124.65,127.51,194,F,69273,0.8780
16700,P2,CASC,124.50,122.51,197,F,69322,0.8979
16710,P2,CASC,124.35,122.48,197,F,69371,0.9166
16720,P2,CASC,124.20,117.50,199,F,69418,0.9836
16730,P2,CASC,124.05,120.01,198,F,69466,1.0240
16740,P2,CASC,123.90,117.50,199,F,69513,1.0880
16750,P2,CASC,123.75,122.52,197,F,69562,1.1003
16760,P2,CASC,123.60,119.96,198,F,69610,1.1366
16770,P2,CASC,123.45,125.01,195,F,69660,1.1210
16780,P2,CASC,123.30,122.49,197,F,69709,1.1291
16790,P2,CASC,123.15,125.04,195,F,69759,1.1103
16800,P2,CASC,123.00,124.99,194,F,69809,1.0904
16810,P2,CASC,122.85,127.50,192,F,69860,1.0439
16820,P2,CASC,122.70,122.49,196,F,69909,1.0460
16830,P2,CASC,122.55,124.99,194,F,69959,1.0216
16840,P2,CASC,122.40,120.01,196,F,70007,1.0455
16850,P2,CASC,122.25,120.00,196,F,70055,1.0680
16860,P2,CASC,122.10,119.99,196,F,70103,1.0891
16870,P2,CASC,121.95,122.54,195,F,70152,1.0833
16880,P2,CASC,121.80,122.45,195,F,70201,1.0767
16890,P2,CASC,121.65,130.04,188,F,70253,0.9929
16900,P2,CASC,121.50,127.50,190,F,70304,0.9329
16910,P2,CASC,121.35,117.49,196,F,70351,0.9715
16920,P2,CASC,121.20,107.52,199,F,70394,1.1083
16930,P2,CASC,121.05,122.49,194,F,70443,1.0939
16940,P2,CASC,120.90,122.49,193,F,70492,1.0780
16950,P2,CASC,120.75,119.98,195,F,70540,1.0857
16960,P2,CASC,120.60,122.51,193,F,70589,1.0666
16970,P2,CASC,120.45,120.01,195,F,70637,1.0710
16980,P2,CASC,120.30,122.51,192,F,70686,1.0489
16990,P2,CASC,120.15,120.01,194,F,70734,1.0503
17000,P2,CASC,120.00,119.96,194,F,70782,1.0506
17010,P2,CASC,119.85,117.54,195,F,70829,1.0738
17020,P2,CASC,119.70,119.99,194,F,70877,1.0709
17030,P2,CASC,119.55,117.50,195,F,70924,1.0914
17040,P2,CASC,119.40,122.50,191,F,70973,1.0604
17050,P2,CASC,119.25,117.50,194,F,71020,1.0779
17060,P2,CASC,119.10,122.48,191,F,71069,1.0441
17070,P2,CASC,118.95,117.51,194,F,71116,1.0585
17080,P2,CASC,118.80,120.00,192,F,71164,1.0465
17090,P2,CASC,118.65,115.02,195,F,71210,1.0828
17100,P2,CASC,118.50,114.95,195,F,71256,1.1182
17110,P2,CASC,118.35,112.53,195,F,71301,1.1764
17120,P2,CASC,118.20,117.51,194,F,71348,1.1833
17130,P2,CASC,118.05,114.99,194,F,71394,1.2139
17140,P2,CASC,117.90,114.98,194,F,71440,1.2431
17150,P2,CASC,117.75,115.00,194,F,71486,1.2706
17160,P2,CASC,117.60,115.00,194,F,71532,1.2966
17170,P2,CASC,117.45,117.51,193,F,71579,1.2960
17180,P2,CASC,117.30,114.99,194,F,71625,1.3191
17190,P2,CASC,117.15,117.52,192,F,71672,1.3154
17200,P2,CASC,117.00,114.97,194,F,71718,1.3357
17210,P2,CASC,116.85,115.03,194,F,71764,1.3539
17220,P2,CASC,116.70,112.50,194,F,71809,1.3959
17230,P2,CASC,116.55,112.48,194,F,71854,1.4366
17240,P2,CASC,116.40,110.02,195,F,71898,1.5004
17250,P2,CASC,116.25,114.97,194,F,71944,1.5132
17260,P2,CASC,116.10,114.97,193,F,71990,1.5246
17270,P2,CASC,115.95,115.06,193,F,72036,1.5335
17280,P2,CASC,115.80,112.52,194,F,72081,1.5663
17290,P2,CASC,115.65,117.49,191,F,72128,1.5479
17300,P2,CASC,115.50,117.51,191,F,72175,1.5278
17310,P2,CASC,115.35,117.45,190,F,72222,1.5068
17320,P2,CASC,115.20,117.54,190,F,72269,1.4834
17330,P2,CASC,115.05,114.97,192,F,72315,1.4843
17340,P2,CASC,114.90,117.55,190,F,72362,1.4578
17350,P2,CASC,114.75,112.46,193,F,72407,1.4807
17360,P2,CASC,114.60,112.52,193,F,72452,1.5015
17370,P2,CASC,114.45,112.51,193,F,72497,1.5209
17380,P2,CASC,114.30,114.98,191,F,72543,1.5141
17390,P2,CASC,114.15,117.51,189,F,72590,1.4805
17400,P2,CASC,114.00,117.50,188,F,72637,1.4455
17410,P2,CASC,113.85,124.99,182,F,72687,1.3341
17420,P2,CASC,113.70,110.03,192,F,72731,1.3708
17430,P2,CASC,113.55,104.96,194,F,72773,1.4567
17440,P2,CASC,113.40,107.53,193,F,72816,1.5154
17450,P2,CASC,113.25,115.00,189,F,72862,1.4979
17460,P2,CASC,113.10,114.99,189,F,72908,1.4790
17470,P2,CASC,112.95,114.99,189,F,72954,1.4586
17480,P2,CASC,112.80,112.51,191,F,72999,1.4615
17490,P2,CASC,112.65,114.94,188,F,73045,1.4386
17500,P2,CASC,112.50,112.55,190,F,73090,1.4381
17510,P2,CASC,112.35,112.51,190,F,73135,1.4365
17520,P2,CASC,112.20,112.49,190,F,73180,1.4336
17530,P2,CASC,112.05,110.00,191,F,73224,1.4541
17540,P2,CASC,111.90,112.52,189,F,73269,1.4479
17550,P2,CASC,111.75,110.01,191,F,73313,1.4653
17560,P2,CASC,111.60,112.46,189,F,73358,1.4568
17570,P2,CASC,111.45,110.04,190,F,73402,1.4708
17580,P2,CASC,111.30,114.98,186,F,73448,1.4340
17590,P2,CASC,111.15,112.51,188,F,73493,1.4204
17600,P2,CASC,111.00,107.49,191,F,73536,1.4555
17610,P2,CASC,110.85,110.00,190,F,73580,1.4640
17620,P2,CASC,110.70,110.02,190,F,73624,1.4708
17630,P2,CASC,110.55,104.98,191,F,73666,1.5265
17640,P2,CASC,110.40,107.51,190,F,73709,1.5554
17650,P2,CASC,110.25,107.51,190,F,73752,1.5828
17660,P2,CASC,110.10,107.50,190,F,73795,1.6088
17670,P2,CASC,109.95,107.50,190,F,73838,1.6333
17680,P2,CASC,109.80,107.49,190,F,73881,1.6564
17690,P2,CASC,109.65,107.51,190,F,73924,1.6778
17700,P2,CASC,109.50,107.48,190,F,73967,1.6980
17710,P2,CASC,109.35,107.49,190,F,74010,1.7166
17720,P2,CASC,109.20,110.00,188,F,74054,1.7086
17730,P2,CASC,109.05,110.01,188,F,74098,1.6990
17740,P2,CASC,108.90,104.99,190,F,74140,1.7381
17750,P2,CASC,108.75,107.49,189,F,74183,1.7507
17760,P2,CASC,108.60,102.52,191,F,74224,1.8115
17770,P2,CASC,108.45,104.99,190,F,74266,1.8461
17780,P2,CASC,108.30,102.50,191,F,74307,1.9041
17790,P2,CASC,108.15,105.01,190,F,74349,1.9355
17800,P2,CASC,108.00,107.50,189,F,74392,1.9405
17810,P2,CASC,107.85,107.49,189,F,74435,1.9441
17820,P2,CASC,107.70,105.00,190,F,74477,1.9711
17830,P2,CASC,107.55,107.50,189,F,74520,1.9716
17840,P2,CASC,107.40,110.02,186,F,74564,1.9454
17850,P2,CASC,107.25,107.51,188,F,74607,1.9428
17860,P2,CASC,107.10,112.46,184,F,74652,1.8893
17870,P2,CASC,106.95,107.52,187,F,74695,1.8836
17880,P2,CASC,106.80,107.51,187,F,74738,1.8764
17890,P2,CASC,106.65,104.99,189,F,74780,1.8930
17900,P2,CASC,106.50,104.94,189,F,74822,1.9087
17910,P2,CASC,106.35,105.05,188,F,74864,1.9217
17920,P2,CASC,106.20,105.00,188,F,74906,1.9337
17930,P2,CASC,106.05,105.03,188,F,74948,1.9438
17940,P2,CASC,105.90,107.49,186,F,74991,1.9279
17950,P2,CASC,105.75,107.49,186,F,75034,1.9106
17960,P2,CASC,105.60,120.00,175,F,75082,1.7666
17970,P2,CASC,105.45,102.52,188,F,75123,1.7958
17980,P2,CASC,105.30,97.49,189,F,75162,1.8739
17990,P2,CASC,105.15,99.98,189,F,75202,1.9256
18000,P2,CASC,105.00,107.51,184,F,75245,1.9005
18010,P2,CASC,104.85,105.00,186,F,75287,1.8990
18020,P2,CASC,104.70,104.98,186,F,75329,1.8962
18030,P2,CASC,104.55,107.54,184,F,75372,1.8663
18040,P2,CASC,104.40,107.47,183,F,75415,1.8356
18050,P2,CASC,104.25,102.51,187,F,75456,1.8530
18060,P2,CASC,104.10,105.00,185,F,75498,1.8440
18070,P2,CASC,103.95,105.00,185,F,75540,1.8335
18080,P2,CASC,103.80,104.99,184,F,75582,1.8216
18090,P2,CASC,103.65,100.01,187,F,75622,1.8580
18100,P2,CASC,103.50,105.00,184,F,75664,1.8430
18110,P2,CASC,103.35,100.01,187,F,75704,1.8764
18120,P2,CASC,103.20,102.51,186,F,75745,1.8833
18130,P2,CASC,103.05,104.98,184,F,75787,1.8640
18140,P2,CASC,102.90,102.50,186,F,75828,1.8680
18150,P2,CASC,102.75,102.52,186,F,75869,1.8703
18160,P2,CASC,102.60,102.50,185,F,75910,1.8713
18170,P2,CASC,102.45,102.49,185,F,75951,1.8709
18180,P2,CASC,102.30,99.98,186,F,75991,1.8941
18190,P2,CASC,102.15,100.01,186,F,76031,1.9155
18200,P2,CASC,102.00,100.01,186,F,76071,1.9354
18210,P2,CASC,101.85,97.47,187,F,76110,1.9792
18220,P2,CASC,101.70,100.02,186,F,76150,1.9960
18230,P2,CASC,101.55,100.00,186,F,76190,2.0115
18240,P2,CASC,101.40,97.52,186,F,76229,2.0503
18250,P2,CASC,101.25,99.99,186,F,76269,2.0629
18260,P2,CASC,101.10,97.49,186,F,76308,2.0990
18270,P2,CASC,100.95,99.99,185,F,76348,2.1086
18280,P2,CASC,100.80,100.00,185,F,76388,2.1166
18290,P2,CASC,100.65,100.02,185,F,76428,2.1229
18300,P2,CASC,100.50,99.98,185,F,76468,2.1281
18310,P2,CASC,100.35,100.00,185,F,76508,2.1316
18320,P2,CASC,100.20,100.00,185,F,76548,2.1336
18330,P2,CASC,100.05,97.53,185,F,76587,2.1588
18340,P2,CASC,99.90,95.00,186,F,76625,2.2078
18350,P2,CASC,99.75,94.96,186,F,76663,2.2557
18360,P2,CASC,99.60,95.04,186,F,76701,2.3013
18370,P2,CASC,99.45,97.48,185,F,76740,2.3210
18380,P2,CASC,99.30,97.49,185,F,76779,2.3391
18390,P2,CASC,99.15,97.51,185,F,76818,2.3555
18400,P2,CASC,99.00,100.00,183,F,76858,2.3455
18410,P2,CASC,98.85,97.52,185,F,76897,2.3588
18420,P2,CASC,98.70,97.49,185,F,76936,2.3709
18430,P2,CASC,98.55,100.00,182,F,76976,2.3564
18440,P2,CASC,98.40,100.00,182,F,77016,2.3404
18450,P2,CASC,98.25,100.00,181,F,77056,2.3229
18460,P2,CASC,98.10,99.98,181,F,77096,2.3041
18470,P2,CASC,97.95,97.50,184,F,77135,2.3086
18480,P2,CASC,97.80,97.51,183,F,77174,2.3115
18490,P2,CASC,97.65,95.01,184,F,77212,2.3380
18500,P2,CASC,97.50,94.99,184,F,77250,2.3630
18510,P2,CASC,97.35,95.01,184,F,77288,2.3865
18520,P2,CASC,97.20,97.51,182,F,77327,2.3834
18530,P2,CASC,97.05,95.00,184,F,77365,2.4039
18540,P2,CASC,96.90,97.50,181,F,77404,2.3979
18550,P2,CASC,96.75,99.97,179,F,77444,2.3657
18560,P2,CASC,96.60,110.00,171,F,77488,2.2317
18570,P2,CASC,96.45,94.99,182,F,77526,2.2463
18580,P2,CASC,96.30,87.50,185,F,77561,2.3343
18590,P2,CASC,96.15,90.01,184,F,77597,2.3957
18600,P2,CASC,96.00,100.01,178,F,77637,2.3556
18610,P2,CASC,95.85,95.00,182,F,77675,2.3641
18620,P2,CASC,95.70,95.00,182,F,77713,2.3711
18630,P2,CASC,95.55,100.02,177,F,77753,2.3264
18640,P2,CASC,95.40,94.98,182,F,77791,2.3306
18650,P2,CASC,95.25,95.01,181,F,77829,2.3330
18660,P2,CASC,95.10,97.48,178,F,77868,2.3092
18670,P2,CASC,94.95,97.44,178,F,77907,2.2842
18680,P2,CASC,94.80,95.08,180,F,77945,2.2815
18690,P2,CASC,94.65,94.99,180,F,77983,2.2781
18700,P2,CASC,94.50,92.49,181,F,78020,2.2982
18710,P2,CASC,94.35,95.03,179,F,78058,2.2914
18720,P2,CASC,94.20,89.99,182,F,78094,2.3335
18730,P2,CASC,94.05,94.94,179,F,78132,2.3245
18740,P2,CASC,93.90,92.56,181,F,78169,2.3379
18750,P2,CASC,93.75,92.48,181,F,78206,2.3506
18760,P2,CASC,93.60,94.99,178,F,78244,2.3367
18770,P2,CASC,93.45,95.03,178,F,78282,2.3209
18780,P2,CASC,93.30,90.00,181,F,78318,2.3539
18790,P2,CASC,93.15,94.98,177,F,78356,2.3356
18800,P2,CASC,93.00,89.99,180,F,78392,2.3657
18810,P2,CASC,92.85,89.99,180,F,78428,2.3943
18820,P2,CASC,92.70,87.53,181,F,78463,2.4460
18830,P2,CASC,92.55,87.49,181,F,78498,2.4966
18840,P2,CASC,92.40,92.52,178,F,78535,2.4954
18850,P2,CASC,92.25,87.50,181,F,78570,2.5429
18860,P2,CASC,92.10,89.98,180,F,78606,2.5641
18870,P2,CASC,91.95,87.49,181,F,78641,2.6087
18880,P2,CASC,91.80,90.01,180,F,78677,2.6266
18890,P2,CASC,91.65,87.50,181,F,78712,2.6681
18900,P2,CASC,91.50,87.52,181,F,78747,2.7079
18910,P2,CASC,91.35,92.49,177,F,78784,2.6965
18920,P2,CASC,91.20,87.47,180,F,78819,2.7338
18930,P2,CASC,91.05,92.54,177,F,78856,2.7189
18940,P2,CASC,90.90,89.99,179,F,78892,2.7280
18950,P2,CASC,90.75,87.49,180,F,78927,2.7606
18960,P2,CASC,90.60,90.02,179,F,78963,2.7664
18970,P2,CASC,90.45,85.00,180,F,78997,2.8209
18980,P2,CASC,90.30,87.49,180,F,79032,2.8490
18990,P2,CASC,90.15,84.98,180,F,79066,2.9006
19000,P2,CASC,90.00,85.00,180,F,79100,2.9506
19010,P2,CASC,89.85,87.52,179,F,79135,2.9740
19020,P2,CASC,89.70,87.48,179,F,79170,2.9961
19030,P2,CASC,89.55,87.50,179,F,79205,3.0166
19040,P2,CASC,89.40,87.53,179,F,79240,3.0354
19050,P2,CASC,89.25,87.48,179,F,79275,3.0530
19060,P2,CASC,89.10,87.49,179,F,79310,3.0691
19070,P2,CASC,88.95,87.50,179,F,79345,3.0836
19080,P2,CASC,88.80,87.51,179,F,79380,3.0965
19090,P2,CASC,88.65,89.99,176,F,79416,3.0831
19100,P2,CASC,88.50,90.02,176,F,79452,3.0680
19110,P2,CASC,88.35,89.96,175,F,79488,3.0518
19120,P2,CASC,88.20,85.03,179,F,79522,3.0836
19130,P2,CASC,88.05,87.51,178,F,79557,3.0890
19140,P2,CASC,87.90,87.43,178,F,79592,3.0937
19150,P2,CASC,87.75,82.57,179,F,79625,3.1455
19160,P2,CASC,87.60,87.50,178,F,79660,3.1465
19170,P2,CASC,87.45,85.00,178,F,79694,3.1710
19180,P2,CASC,87.30,87.48,176,F,79729,3.1692
19190,P2,CASC,87.15,87.53,176,F,79764,3.1654
19200,P2,CASC,87.00,84.97,178,F,79798,3.1858
19210,P2,CASC,86.85,90.02,173,F,79834,3.1541
19220,P2,CASC,86.70,100.00,165,F,79874,3.0211
19230,P2,CASC,86.55,84.99,177,F,79908,3.0367
19240,P2,CASC,86.40,85.03,177,F,79942,3.0504
19250,P2,CASC,86.25,82.48,177,F,79975,3.0881
19260,P2,CASC,86.10,80.01,178,F,80007,3.1490
19270,P2,CASC,85.95,90.00,172,F,80043,3.1085
19280,P2,CASC,85.80,87.49,173,F,80078,3.0916
19290,P2,CASC,85.65,85.02,176,F,80112,3.0979
19300,P2,CASC,85.50,89.97,171,F,80148,3.0532
19310,P2,CASC,85.35,85.02,176,F,80182,3.0565
19320,P2,CASC,85.20,89.99,170,F,80218,3.0086
19330,P2,CASC,85.05,84.99,175,F,80252,3.0092
19340,P2,CASC,84.90,87.53,172,F,80287,2.9829
19350,P2,CASC,84.75,87.50,171,F,80322,2.9554
19360,P2,CASC,84.60,87.49,171,F,80357,2.9265
19370,P2,CASC,84.45,84.99,173,F,80391,2.9211
19380,P2,CASC,84.30,85.01,173,F,80425,2.9140
19390,P2,CASC,84.15,84.98,172,F,80459,2.9057
19400,P2,CASC,84.00,82.51,174,F,80492,2.9206
19410,P2,CASC,83.85,85.02,172,F,80526,2.9089
19420,P2,CASC,83.70,84.99,172,F,80560,2.8960
19430,P2,CASC,83.55,85.00,171,F,80594,2.8815
19440,P2,CASC,83.40,87.50,169,F,80629,2.8405
19450,P2,CASC,83.25,84.98,171,F,80663,2.8232
19460,P2,CASC,83.10,84.99,170,F,80697,2.8043
19470,P2,CASC,82.95,82.53,173,F,80730,2.8084
19480,P2,CASC,82.80,84.98,170,F,80764,2.7866
19490,P2,CASC,82.65,79.99,173,F,80796,2.8132
19500,P2,CASC,82.50,82.52,171,F,80829,2.8130
19510,P2,CASC,82.35,80.01,173,F,80861,2.8365
19520,P2,CASC,82.20,79.98,173,F,80893,2.8586
19530,P2,CASC,82.05,82.49,171,F,80926,2.8542
19540,P2,CASC,81.90,82.49,171,F,80959,2.8483
19550,P2,CASC,81.75,80.01,173,F,80991,2.8657
19560,P2,CASC,81.60,80.02,172,F,81023,2.8815
19570,P2,CASC,81.45,82.46,170,F,81056,2.8714
19580,P2,CASC,81.30,77.53,173,F,81087,2.9091
19590,P2,CASC,81.15,82.49,169,F,81120,2.8956
19600,P2,CASC,81.00,77.50,173,F,81151,2.9306
19610,P2,CASC,80.85,82.51,169,F,81184,2.9141
19620,P2,CASC,80.70,79.99,172,F,81216,2.9211
19630,P2,CASC,80.55,82.51,169,F,81249,2.9016
19640,P2,CASC,80.40,82.49,168,F,81282,2.8806
19650,P2,CASC,80.25,80.01,171,F,81314,2.8831
19660,P2,CASC,80.10,82.48,168,F,81347,2.8592
19670,P2,CASC,79.95,77.52,171,F,81378,2.8835
19680,P2,CASC,79.80,77.49,171,F,81409,2.9066
19690,P2,CASC,79.65,79.98,169,F,81441,2.9032
19700,P2,CASC,79.50,77.51,171,F,81472,2.9231
19710,P2,CASC,79.35,77.50,171,F,81503,2.9416
19720,P2,CASC,79.20,77.48,171,F,81534,2.9588
19730,P2,CASC,79.05,80.00,169,F,81566,2.9493
19740,P2,CASC,78.90,77.52,171,F,81597,2.9631
19750,P2,CASC,78.75,79.99,168,F,81629,2.9507
19760,P2,CASC,78.60,77.52,171,F,81660,2.9616
19770,P2,CASC,78.45,77.48,171,F,81691,2.9713
19780,P2,CASC,78.30,80.03,168,F,81723,2.9540
19790,P2,CASC,78.15,80.00,168,F,81755,2.9355
19800,P2,CASC,78.00,79.98,168,F,81787,2.9157
19810,P2,CASC,77.85,80.02,167,F,81819,2.8941
19820,P2,CASC,77.70,80.00,167,F,81851,2.8711
19830,P2,CASC,77.55,80.01,167,F,81883,2.8465
19840,P2,CASC,77.40,77.50,169,F,81914,2.8455
19850,P2,CASC,77.25,79.98,166,F,81946,2.8181
19860,P2,CASC,77.10,77.49,168,F,81977,2.8142
19870,P2,CASC,76.95,75.01,170,F,82007,2.8336
19880,P2,CASC,76.80,77.52,168,F,82038,2.8265
19890,P2,CASC,76.65,77.48,168,F,82069,2.8182
19900,P2,CASC,76.50,75.02,170,F,82099,2.8330
19910,P2,CASC,76.35,80.00,165,F,82131,2.7965
19920,P2,CASC,76.20,74.99,170,F,82161,2.8086
19930,P2,CASC,76.05,80.01,165,F,82193,2.7690
19940,P2,CASC,75.90,77.50,167,F,82224,2.7530
19950,P2,CASC,75.75,89.97,157,F,82260,2.6108
19960,P2,CASC,75.60,82.52,162,F,82293,2.5415
19970,P2,CASC,75.45,74.98,168,F,82323,2.5462
19980,P2,CASC,75.30,72.51,169,F,82352,2.5741
19990,P2,CASC,75.15,72.49,169,F,82381,2.6007
20000,P2,CASC,75.00,77.51,165,F,82412,2.5757
20010,P2,CASC,74.85,82.50,161,F,82445,2.4992
20020,P2,CASC,74.70,77.50,165,F,82476,2.4712
20030,P2,CASC,74.55,80.02,163,F,82508,2.4165
20040,P2,CASC,74.40,80.00,162,F,82540,2.3605
20050,P2,CASC,74.25,80.00,162,F,82572,2.3030
20060,P2,CASC,74.10,77.48,164,F,82603,2.2692
20070,P2,CASC,73.95,79.99,161,F,82635,2.2088
20080,P2,CASC,73.80,80.02,161,F,82667,2.1467
20090,P2,CASC,73.65,80.01,161,F,82699,2.0831
20100,P2,CASC,73.50,77.51,162,F,82730,2.0430
20110,P2,CASC,73.35,80.00,160,F,82762,1.9765
20120,P2,CASC,73.20,77.48,162,F,82793,1.9337
20130,P2,CASC,73.05,77.51,162,F,82824,1.8891
20140,P2,CASC,72.90,79.99,159,F,82856,1.8182
20150,P2,CASC,72.75,74.99,163,F,82886,1.7958
20160,P2,CASC,72.60,77.52,161,F,82917,1.7466
20170,P2,CASC,72.45,77.49,161,F,82948,1.6962
20180,P2,CASC,72.30,77.50,160,F,82979,1.6442
20190,P2,CASC,72.15,77.49,160,F,83010,1.5907
20200,P2,CASC,72.00,77.51,160,F,83041,1.5357
20210,P2,CASC,71.85,77.48,159,F,83072,1.4793
20220,P2,CASC,71.70,77.52,159,F,83103,1.4212
20230,P2,CASC,71.55,74.99,161,F,83133,1.3867
20240,P2,CASC,71.40,77.52,158,F,83164,1.3255
20250,P2,CASC,71.25,72.48,162,F,83193,1.3132
20260,P2,CASC,71.10,75.01,160,F,83223,1.2741
20270,P2,CASC,70.95,72.49,162,F,83252,1.2587
20280,P2,CASC,70.80,75.02,159,F,83282,1.2165
20290,P2,CASC,70.65,72.49,161,F,83311,1.1981
20300,P2,CASC,70.50,72.51,161,F,83340,1.1781
20310,P2,CASC,70.35,74.98,159,F,83370,1.1318
20320,P2,CASC,70.20,72.53,160,F,83399,1.1085
20330,P2,CASC,70.05,72.50,160,F,83428,1.0840
20340,P2,CASC,69.90,74.99,158,F,83458,1.0331
20350,P2,CASC,69.75,72.51,160,F,83487,1.0056
20360,P2,CASC,69.60,72.50,160,F,83516,0.9766
20370,P2,CASC,69.45,72.49,159,F,83545,0.9462
20380,P2,CASC,69.30,72.52,159,F,83574,0.9140
20390,P2,CASC,69.15,74.93,157,F,83604,0.8562
20400,P2,CASC,69.00,75.04,156,F,83634,0.7958
20410,P2,CASC,68.85,75.00,156,F,83664,0.7343
20420,P2,CASC,68.70,72.51,158,F,83693,0.6962
20430,P2,CASC,68.55,72.52,158,F,83722,0.6565
20440,P2,CASC,68.40,74.98,155,F,83752,0.5907
20450,P2,CASC,68.25,70.02,159,F,83780,0.5730
20460,P2,CASC,68.10,72.49,157,F,83809,0.5291
20470,P2,CASC,67.95,69.99,159,F,83837,0.5087
20480,P2,CASC,67.80,72.50,156,F,83866,0.4617
20490,P2,CASC,67.65,67.51,160,F,83893,0.4631
20500,P2,CASC,67.50,72.51,156,F,83922,0.4130
20510,P2,CASC,67.35,70.00,158,F,83950,0.3865
20520,P2,CASC,67.20,72.50,155,F,83979,0.3335
20530,P2,CASC,67.05,69.99,157,F,84007,0.3041
20540,P2,CASC,66.90,72.51,155,F,84036,0.2480
20550,P2,CASC,66.75,69.98,157,F,84064,0.2157
20560,P2,CASC,66.60,70.01,156,F,84092,0.1817
20570,P2,CASC,66.45,72.50,154,F,84121,0.1212
20580,P2,CASC,66.30,72.49,154,F,84150,0.0592
20590,P2,CASC,66.15,70.00,155,F,84178,0.0207
20600,P2,CASC,66.00,72.51,153,F,84207,-0.0443
20610,P2,CASC,65.85,72.49,153,F,84236,-0.1107
20620,P2,CASC,65.70,70.01,154,F,84264,-0.1538
20630,P2,CASC,65.55,72.51,152,F,84293,-0.2234
20640,P2,CASC,65.40,67.49,156,F,84320,-0.2443
20650,P2,CASC,65.25,69.99,154,F,84348,-0.2918
20660,P2,CASC,65.10,70.01,153,F,84376,-0.3408
20670,P2,CASC,64.95,67.49,155,F,84403,-0.3663
20680,P2,CASC,64.80,67.50,155,F,84430,-0.3933
20690,P2,CASC,64.65,70.00,153,F,84458,-0.4468
20700,P2,CASC,64.50,67.51,154,F,84485,-0.4768
20710,P2,CASC,64.35,67.51,154,F,84512,-0.5084
20720,P2,CASC,64.20,69.99,152,F,84540,-0.5663
20730,P2,CASC,64.05,70.01,152,F,84568,-0.6259
20740,P2,CASC,63.90,67.50,153,F,84595,-0.6619
20750,P2,CASC,63.75,67.51,153,F,84622,-0.6995
20760,P2,CASC,63.60,79.98,143,F,84654,-0.8633
20770,P2,CASC,63.45,77.51,144,F,84685,-1.0039
20780,P2,CASC,63.30,67.51,152,F,84712,-1.0460
20790,P2,CASC,63.15,64.99,153,F,84738,-1.0644
20800,P2,CASC,63.00,59.99,155,F,84762,-1.0343
20810,P2,CASC,62.85,67.49,151,F,84789,-1.0808
20820,P2,CASC,62.70,69.98,149,F,84817,-1.1536
20830,P2,CASC,62.55,70.02,148,F,84845,-1.2283
20840,P2,CASC,62.40,67.50,150,F,84872,-1.2793
20850,P2,CASC,62.25,70.01,148,F,84900,-1.3569
20860,P2,CASC,62.10,69.99,148,F,84928,-1.4358
20870,P2,CASC,61.95,70.00,147,F,84956,-1.5163
20880,P2,CASC,61.80,67.51,149,F,84983,-1.5734
20890,P2,CASC,61.65,69.99,146,F,85011,-1.6568
20900,P2,CASC,61.50,67.51,148,F,85038,-1.7170
20910,P2,CASC,61.35,69.97,146,F,85066,-1.8032
20920,P2,CASC,61.20,67.51,147,F,85093,-1.8663
20930,P2,CASC,61.05,67.51,147,F,85120,-1.9310
20940,P2,CASC,60.90,67.49,147,F,85147,-1.9968
20950,P2,CASC,60.75,67.49,146,F,85174,-2.0643
20960,P2,CASC,60.60,67.51,146,F,85201,-2.1333
20970,P2,CASC,60.45,65.00,148,F,85227,-2.1788
20980,P2,CASC,60.30,65.00,147,F,85253,-2.2258
20990,P2,CASC,60.15,64.99,147,F,85279,-2.2743
21000,P2,CASC,60.00,65.00,147,F,85305,-2.3243
21010,P2,CASC,59.85,65.02,147,F,85331,-2.3760
21020,P2,CASC,59.70,64.99,146,F,85357,-2.4289
21030,P2,CASC,59.55,67.48,144,F,85384,-2.5082
21040,P2,CASC,59.40,62.51,148,F,85409,-2.5392
21050,P2,CASC,59.25,65.02,145,F,85435,-2.5969
21060,P2,CASC,59.10,64.99,145,F,85461,-2.6559
21070,P2,CASC,58.95,62.49,147,F,85486,-2.6913
21080,P2,CASC,58.80,62.50,147,F,85511,-2.7283
21090,P2,CASC,58.65,62.50,146,F,85536,-2.7668
21100,P2,CASC,58.50,65.01,144,F,85562,-2.8319
21110,P2,CASC,58.35,59.99,148,F,85586,-2.8483
21120,P2,CASC,58.20,60.00,148,F,85610,-2.8663
21130,P2,CASC,58.05,60.01,147,F,85634,-2.8859
21140,P2,CASC,57.90,60.00,147,F,85658,-2.9069
21150,P2,CASC,57.75,62.49,145,F,85683,-2.9543
21160,P2,CASC,57.60,57.49,147,F,85706,-2.9533
21170,P2,CASC,57.45,62.47,144,F,85731,-3.0034
21180,P2,CASC,57.30,60.04,146,F,85755,-3.0308
21190,P2,CASC,57.15,60.00,146,F,85779,-3.0593
21200,P2,CASC,57.00,59.99,146,F,85803,-3.0892
21210,P2,CASC,56.85,57.52,147,F,85826,-3.0959
21220,P2,CASC,56.70,60.00,145,F,85850,-3.1289
21230,P2,CASC,56.55,60.00,145,F,85874,-3.1634
21240,P2,CASC,56.40,60.00,145,F,85898,-3.1994
21250,P2,CASC,56.25,59.98,145,F,85922,-3.2367
21260,P2,CASC,56.10,57.52,146,F,85945,-3.2509
21270,P2,CASC,55.95,59.99,144,F,85969,-3.2913
21280,P2,CASC,55.80,57.49,146,F,85992,-3.3082
21290,P2,CASC,55.65,60.01,144,F,86016,-3.3518
21300,P2,CASC,55.50,62.51,141,F,86041,-3.4219
21310,P2,CASC,55.35,59.99,143,F,86065,-3.4684
21320,P2,CASC,55.20,59.99,143,F,86089,-3.5162
21330,P2,CASC,55.05,57.50,144,F,86112,-3.5407
21340,P2,CASC,54.90,60.01,142,F,86136,-3.5918
21350,P2,CASC,54.75,60.00,142,F,86160,-3.6443
21360,P2,CASC,54.60,55.01,146,F,86182,-3.6484
21370,P2,CASC,54.45,57.49,143,F,86205,-3.6787
21380,P2,CASC,54.30,57.51,143,F,86228,-3.7109
21390,P2,CASC,54.15,57.50,143,F,86251,-3.7444
21400,P2,CASC,54.00,55.01,145,F,86273,-3.7544
21410,P2,CASC,53.85,57.46,143,F,86296,-3.7905
21420,P2,CASC,53.70,55.02,144,F,86318,-3.8037
21430,P2,CASC,53.55,57.52,142,F,86341,-3.8434
21440,P2,CASC,53.40,57.49,142,F,86364,-3.8843
21450,P2,CASC,53.25,55.00,144,F,86386,-3.9018
21460,P2,CASC,53.10,54.99,143,F,86408,-3.9207
21470,P2,CASC,52.95,57.51,141,F,86431,-3.9663
21480,P2,CASC,52.80,57.51,141,F,86454,-4.0133
21490,P2,CASC,52.65,52.51,143,F,86475,-4.0119
21500,P2,CASC,52.50,54.99,142,F,86497,-4.0368
21510,P2,CASC,52.35,55.00,142,F,86519,-4.0633
21520,P2,CASC,52.20,57.49,140,F,86542,-4.1162
21530,P2,CASC,52.05,55.00,142,F,86564,-4.1457
21540,P2,CASC,51.90,55.00,141,F,86586,-4.1767
21550,P2,CASC,51.75,52.52,143,F,86607,-4.1844
21560,P2,CASC,51.60,57.49,139,F,86630,-4.2433
21570,P2,CASC,51.45,55.01,141,F,86652,-4.2788
21580,P2,CASC,51.30,54.99,140,F,86674,-4.3158
21590,P2,CASC,51.15,52.51,142,F,86695,-4.3294
21600,P2,CASC,51.00,52.49,142,F,86716,-4.3443
21610,P2,CASC,50.85,55.00,140,F,86738,-4.3858
21620,P2,CASC,50.70,52.49,142,F,86759,-4.4037
21630,P2,CASC,50.55,52.52,141,F,86780,-4.4234
21640,P2,CASC,50.40,52.49,141,F,86801,-4.4443
21650,P2,CASC,50.25,50.01,141,F,86821,-4.4419
21660,P2,CASC,50.10,54.99,139,F,86843,-4.4908
21670,P2,CASC,49.95,52.51,140,F,86864,-4.5164
21680,P2,CASC,49.80,52.49,140,F,86885,-4.5433
21690,P2,CASC,49.65,52.49,140,F,86906,-4.5717
21700,P2,CASC,49.50,52.50,140,F,86927,-4.6017
21710,P2,CASC,49.35,52.50,140,F,86948,-4.6332
21720,P2,CASC,49.20,55.01,137,F,86970,-4.6913
21730,P2,CASC,49.05,52.49,139,F,86991,-4.7257
21740,P2,CASC,48.90,52.52,139,F,87012,-4.7619
21750,P2,CASC,48.75,64.98,129,F,87038,-4.9242
21760,P2,CASC,48.60,62.51,130,F,87063,-5.0632
21770,P2,CASC,48.45,52.51,138,F,87084,-5.1038
21780,P2,CASC,48.30,49.99,140,F,87104,-5.1208
21790,P2,CASC,48.15,52.51,137,F,87125,-5.1643
21800,P2,CASC,48.00,49.99,139,F,87145,-5.1843
21810,P2,CASC,47.85,45.01,140,F,87163,-5.1558
21820,P2,CASC,47.70,52.48,137,F,87184,-5.2036
21830,P2,CASC,47.55,55.01,135,F,87206,-5.2782
21840,P2,CASC,47.40,54.99,134,F,87228,-5.3542
21850,P2,CASC,47.25,55.00,134,F,87250,-5.4317
21860,P2,CASC,47.10,52.50,136,F,87271,-5.4857
21870,P2,CASC,46.95,55.02,134,F,87293,-5.5664
21880,P2,CASC,46.80,49.99,137,F,87313,-5.5983
21890,P2,CASC,46.65,55.01,133,F,87335,-5.6819
21900,P2,CASC,46.50,54.98,133,F,87357,-5.7667
21910,P2,CASC,46.35,52.51,134,F,87378,-5.8282
21920,P2,CASC,46.20,54.98,132,F,87400,-5.9161
21930,P2,CASC,46.05,52.51,134,F,87421,-5.9807
21940,P2,CASC,45.90,50.01,136,F,87441,-6.0217
21950,P2,CASC,45.75,54.99,131,F,87463,-6.1141
21960,P2,CASC,45.60,50.01,135,F,87483,-6.1582
21970,P2,CASC,45.45,52.51,133,F,87504,-6.2287
21980,P2,CASC,45.30,50.01,134,F,87524,-6.2758
21990,P2,CASC,45.15,52.50,132,F,87545,-6.3493
22000,P2,CASC,45.00,49.99,134,F,87565,-6.3992
22010,P2,CASC,44.85,50.01,134,F,87585,-6.4507
22020,P2,CASC,44.70,50.01,133,F,87605,-6.5038
22030,P2,CASC,44.55,49.99,133,F,87625,-6.5582
22040,P2,CASC,44.40,49.98,133,F,87645,-6.6140
22050,P2,CASC,44.25,47.53,135,F,87664,-6.6468
22060,P2,CASC,44.10,47.49,134,F,87683,-6.6807
22070,P2,CASC,43.95,49.97,132,F,87703,-6.7409
22080,P2,CASC,43.80,47.54,134,F,87722,-6.7783
22090,P2,CASC,43.65,47.49,134,F,87741,-6.8167
22100,P2,CASC,43.50,47.50,134,F,87760,-6.8567
22110,P2,CASC,43.35,47.50,133,F,87779,-6.8983
22120,P2,CASC,43.20,47.49,133,F,87798,-6.9412
22130,P2,CASC,43.05,45.00,135,F,87816,-6.9607
22140,P2,CASC,42.90,50.00,131,F,87836,-7.0317
22150,P2,CASC,42.75,45.01,134,F,87854,-7.0543
22160,P2,CASC,42.60,47.49,132,F,87873,-7.1031
22170,P2,CASC,42.45,45.00,134,F,87891,-7.1286
22180,P2,CASC,42.30,45.01,134,F,87909,-7.1557
22190,P2,CASC,42.15,42.49,136,F,87926,-7.1591
22200,P2,CASC,42.00,47.51,132,F,87945,-7.2142
22210,P2,CASC,41.85,45.00,133,F,87963,-7.2457
22220,P2,CASC,41.70,42.50,135,F,87980,-7.2537
22230,P2,CASC,41.55,44.99,133,F,87998,-7.2881
22240,P2,CASC,41.40,42.51,135,F,88015,-7.2992
22250,P2,CASC,41.25,42.50,135,F,88032,-7.3117
22260,P2,CASC,41.10,44.99,132,F,88050,-7.3507
22270,P2,CASC,40.95,45.01,132,F,88068,-7.3912
22280,P2,CASC,40.80,42.50,134,F,88085,-7.4082
22290,P2,CASC,40.65,42.49,134,F,88102,-7.4266
22300,P2,CASC,40.50,45.01,132,F,88120,-7.4717
22310,P2,CASC,40.35,42.49,133,F,88137,-7.4932
22320,P2,CASC,40.20,45.00,131,F,88155,-7.5412
22330,P2,CASC,40.05,42.51,133,F,88172,-7.5657
22340,P2,CASC,39.90,45.00,131,F,88190,-7.6167
22350,P2,CASC,39.75,42.50,133,F,88207,-7.6442
22360,P2,CASC,39.60,42.51,132,F,88224,-7.6732
22370,P2,CASC,39.45,42.50,132,F,88241,-7.7037
22380,P2,CASC,39.30,45.00,130,F,88259,-7.7607
22390,P2,CASC,39.15,42.50,132,F,88276,-7.7942
22400,P2,CASC,39.00,42.50,132,F,88293,-7.8292
22410,P2,CASC,38.85,45.00,129,F,88311,-7.8907
22420,P2,CASC,38.70,40.00,133,F,88327,-7.9037
22430,P2,CASC,38.55,44.99,129,F,88345,-7.9681
22440,P2,CASC,38.40,42.51,131,F,88362,-8.0092
22450,P2,CASC,38.25,45.00,128,F,88380,-8.0766
22460,P2,CASC,38.10,40.01,132,F,88396,-8.0958
22470,P2,CASC,37.95,44.98,128,F,88414,-8.1661
22480,P2,CASC,37.80,42.52,130,F,88431,-8.2133
22490,P2,CASC,37.65,44.99,127,F,88449,-8.2866
22500,P2,CASC,37.50,42.51,129,F,88466,-8.3367
22510,P2,CASC,37.35,42.50,129,F,88483,-8.3882
22520,P2,CASC,37.20,42.50,129,F,88500,-8.4412
22530,P2,CASC,37.05,42.51,128,F,88517,-8.4957
22540,P2,CASC,36.90,42.49,128,F,88534,-8.5516
22550,P2,CASC,36.75,42.50,128,F,88551,-8.6091
22560,P2,CASC,36.60,40.00,130,F,88567,-8.6432
22570,P2,CASC,36.45,40.00,129,F,88583,-8.6786
22580,P2,CASC,36.30,40.00,129,F,88599,-8.7156
22590,P2,CASC,36.15,40.01,129,F,88615,-8.7542
22600,P2,CASC,36.00,39.99,129,F,88631,-8.7941
22610,P2,CASC,35.85,40.01,129,F,88647,-8.8357
22620,P2,CASC,35.70,39.99,128,F,88663,-8.8786
22630,P2,CASC,35.55,40.01,128,F,88679,-8.9232
22640,P2,CASC,35.40,37.50,130,F,88694,-8.9442
22650,P2,CASC,35.25,37.50,130,F,88709,-8.9667
22660,P2,CASC,35.10,40.00,128,F,88725,-9.0157
22670,P2,CASC,34.95,37.49,129,F,88740,-9.0411
22680,P2,CASC,34.80,40.00,127,F,88756,-9.0932
22690,P2,CASC,34.65,39.97,127,F,88772,-9.1464
22700,P2,CASC,34.50,37.52,129,F,88787,-9.1766
22710,P2,CASC,34.35,35.00,130,F,88801,-9.1831
22720,P2,CASC,34.20,37.50,128,F,88816,-9.2161
22730,P2,CASC,34.05,37.52,128,F,88831,-9.2507
22740,P2,CASC,33.90,37.50,128,F,88846,-9.2867
22750,P2,CASC,33.75,34.99,130,F,88860,-9.2991
22760,P2,CASC,33.60,35.01,130,F,88874,-9.3132
22770,P2,CASC,33.45,35.00,129,F,88888,-9.3287
22780,P2,CASC,33.30,37.50,127,F,88903,-9.3707
22790,P2,CASC,33.15,32.49,127,F,88916,-9.3642
22800,P2,CASC,33.00,37.50,127,F,88931,-9.4092
22810,P2,CASC,32.85,35.00,129,F,88945,-9.4307
22820,P2,CASC,32.70,34.99,129,F,88959,-9.4536
22830,P2,CASC,32.55,35.00,128,F,88973,-9.4781
22840,P2,CASC,32.40,32.51,130,F,88986,-9.4792
22850,P2,CASC,32.25,32.50,130,F,88999,-9.4817
22860,P2,CASC,32.10,34.99,128,F,89013,-9.5106
22870,P2,CASC,31.95,35.00,128,F,89027,-9.5412
22880,P2,CASC,31.80,35.00,128,F,89041,-9.5731
22890,P2,CASC,31.65,32.51,129,F,89054,-9.5817
22900,P2,CASC,31.50,35.00,127,F,89068,-9.6167
22910,P2,CASC,31.35,32.50,129,F,89081,-9.6282
22920,P2,CASC,31.20,32.49,129,F,89094,-9.6411
22930,P2,CASC,31.05,32.51,129,F,89107,-9.6557
22940,P2,CASC,30.90,32.49,129,F,89120,-9.6716
22950,P2,CASC,30.75,35.00,126,F,89134,-9.7142
22960,P2,CASC,30.60,32.50,128,F,89147,-9.7331
22970,P2,CASC,30.45,32.51,128,F,89160,-9.7537
22980,P2,CASC,30.30,32.50,128,F,89173,-9.7757
22990,P2,CASC,30.15,32.49,128,F,89186,-9.7991
23000,P2,CASC,30.00,32.50,127,F,89199,-9.8241
23010,P2,CASC,29.85,32.51,127,F,89212,-9.8507
23020,P2,CASC,29.70,32.50,127,F,89225,-9.8787
23030,P2,CASC,29.55,34.99,125,F,89239,-9.9331
23040,P2,CASC,29.40,32.50,127,F,89252,-9.9641
23050,P2,CASC,29.25,32.50,126,F,89265,-9.9966
23060,P2,CASC,29.10,35.00,124,F,89279,-10.0557
23070,P2,CASC,28.95,32.50,126,F,89292,-10.0912
23080,P2,CASC,28.80,34.98,124,F,89306,-10.1530
23090,P2,CASC,28.65,32.51,125,F,89319,-10.1916
23100,P2,CASC,28.50,35.00,123,F,89333,-10.2566
23110,P2,CASC,28.35,32.51,125,F,89346,-10.2982
23120,P2,CASC,28.20,35.00,123,F,89360,-10.3662
23130,P2,CASC,28.05,34.99,122,F,89374,-10.4356
23140,P2,CASC,27.90,32.50,124,F,89387,-10.4816
23150,P2,CASC,27.75,35.00,122,F,89401,-10.5541
23160,P2,CASC,27.60,32.50,124,F,89414,-10.6032
23170,P2,CASC,27.45,45.00,113,F,89432,-10.7786
23180,P2,CASC,27.30,42.50,115,F,89449,-10.9306
23190,P2,CASC,27.15,35.00,120,F,89463,-11.0091
23200,P2,CASC,27.00,32.50,122,F,89476,-11.0641
23210,P2,CASC,26.85,32.49,122,F,89489,-11.1205
23220,P2,CASC,26.70,35.01,120,F,89503,-11.2036
23230,P2,CASC,26.55,30.00,123,F,89515,-11.2381
23240,P2,CASC,26.40,34.98,119,F,89529,-11.3239
23250,P2,CASC,26.25,27.51,125,F,89540,-11.3365
23260,P2,CASC,26.10,25.01,122,F,89550,-11.3256
23270,P2,CASC,25.95,34.99,118,F,89564,-11.4160
23280,P2,CASC,25.80,32.50,120,F,89577,-11.4830
23290,P2,CASC,25.65,35.00,118,F,89591,-11.5766
23300,P2,CASC,25.50,32.50,119,F,89604,-11.6465
23310,P2,CASC,25.35,35.00,117,F,89618,-11.7430
23320,P2,CASC,25.20,32.51,119,F,89631,-11.8161
23330,P2,CASC,25.05,32.50,119,F,89644,-11.8906
23340,P2,CASC,24.90,32.50,118,F,89657,-11.9666
23350,P2,CASC,24.75,34.99,116,F,89671,-12.0690
23360,P2,CASC,24.60,32.51,118,F,89684,-12.1481
23370,P2,CASC,24.45,32.50,117,F,89697,-12.2286
23380,P2,CASC,24.30,32.50,117,F,89710,-12.3106
23390,P2,CASC,24.15,32.50,117,F,89723,-12.3941
23400,P2,CASC,24.00,32.50,116,F,89736,-12.4790
23410,P2,CASC,23.85,32.50,116,F,89749,-12.5655
23420,P2,CASC,23.70,32.51,116,F,89762,-12.6536
23430,P2,CASC,23.55,32.49,115,F,89775,-12.7430
23440,P2,CASC,23.40,30.00,117,F,89787,-12.8090
23450,P2,CASC,23.25,30.01,117,F,89799,-12.8766
23460,P2,CASC,23.10,32.49,114,F,89812,-12.9705
23470,P2,CASC,22.95,30.01,116,F,89824,-13.0411
23480,P2,CASC,22.80,27.50,118,F,89835,-13.0880
23490,P2,CASC,22.65,30.00,115,F,89847,-13.1615
23500,P2,CASC,22.50,32.51,113,F,89860,-13.2616
23510,P2,CASC,22.35,30.00,115,F,89872,-13.3381
23520,P2,CASC,22.20,27.50,117,F,89883,-13.3911
23530,P2,CASC,22.05,30.00,114,F,89895,-13.4706
23540,P2,CASC,21.90,27.50,116,F,89906,-13.5266
23550,P2,CASC,21.75,27.50,116,F,89917,-13.5841
23560,P2,CASC,21.60,27.49,115,F,89928,-13.6430
23570,P2,CASC,21.45,30.01,113,F,89940,-13.7286
23580,P2,CASC,21.30,27.50,115,F,89951,-13.7906
23590,P2,CASC,21.15,25.00,117,F,89961,-13.8291
23600,P2,CASC,21.00,27.50,114,F,89972,-13.8941
23610,P2,CASC,20.85,27.50,114,F,89983,-13.9606
23620,P2,CASC,20.70,25.00,116,F,89993,-14.0036
23630,P2,CASC,20.55,25.00,116,F,90003,-14.0481
23640,P2,CASC,20.40,25.00,115,F,90013,-14.0941
23650,P2,CASC,20.25,25.00,115,F,90023,-14.1416
23660,P2,CASC,20.10,24.99,115,F,90033,-14.1905
23670,P2,CASC,19.95,22.50,117,F,90042,-14.2160
23680,P2,CASC,19.80,25.00,114,F,90052,-14.2681
23690,P2,CASC,19.65,25.00,114,F,90062,-14.3215
23700,P2,CASC,19.50,22.50,116,F,90071,-14.3515
23710,P2,CASC,19.35,22.51,116,F,90080,-14.3831
23720,P2,CASC,19.20,22.49,116,F,90089,-14.4160
23730,P2,CASC,19.05,22.50,115,F,90098,-14.4505
23740,P2,CASC,18.90,22.50,115,F,90107,-14.4866
23750,P2,CASC,18.75,22.50,115,F,90116,-14.5240
23760,P2,CASC,18.60,20.00,117,F,90124,-14.5380
23770,P2,CASC,18.45,22.51,115,F,90133,-14.5786
23780,P2,CASC,18.30,19.99,116,F,90141,-14.5955
23790,P2,CASC,18.15,20.00,116,F,90149,-14.6141
23800,P2,CASC,18.00,22.50,114,F,90158,-14.6591
23810,P2,CASC,17.85,19.99,116,F,90166,-14.6805
23820,P2,CASC,17.70,22.50,114,F,90175,-14.7285
23830,P2,CASC,17.55,17.50,112,F,90182,-14.7281
23840,P2,CASC,17.40,20.00,115,F,90190,-14.7541
23850,P2,CASC,17.25,17.49,117,F,90197,-14.7565
23860,P2,CASC,17.10,20.01,115,F,90205,-14.7856
23870,P2,CASC,16.95,17.50,117,F,90212,-14.7911
23880,P2,CASC,16.80,20.00,115,F,90220,-14.8231
23890,P2,CASC,16.65,17.50,116,F,90227,-14.8315
23900,P2,CASC,16.50,20.00,114,F,90235,-14.8665
23910,P2,CASC,16.35,17.51,116,F,90242,-14.8781
23920,P2,CASC,16.20,17.50,116,F,90249,-14.8911
23930,P2,CASC,16.05,17.50,116,F,90256,-14.9056
23940,P2,CASC,15.90,17.50,116,F,90263,-14.9216
23950,P2,CASC,15.75,15.00,111,F,90269,-14.9141
23960,P2,CASC,15.60,17.49,115,F,90276,-14.9330
23970,P2,CASC,15.45,17.50,115,F,90283,-14.9536
23980,P2,CASC,15.30,15.00,111,F,90289,-14.9506
23990,P2,CASC,15.15,17.50,115,F,90296,-14.9741
24000,P2,CASC,15.00,15.00,111,F,90302,-14.9741
24010,P2,CASC,14.85,15.00,117,F,90308,-14.9755
24020,P2,CASC,14.70,15.00,116,F,90314,-14.9786
24030,P2,CASC,14.55,17.50,114,F,90321,-15.0081
24040,P2,CASC,14.40,15.00,116,F,90327,-15.0141
24050,P2,CASC,14.25,15.00,116,F,90333,-15.0216
24060,P2,CASC,14.10,17.50,114,F,90340,-15.0556
24070,P2,CASC,13.95,15.00,116,F,90346,-15.0661
24080,P2,CASC,13.80,15.00,116,F,90352,-15.0781
24090,P2,CASC,13.65,17.50,113,F,90359,-15.1166
24100,P2,CASC,13.50,15.00,115,F,90365,-15.1316
24110,P2,CASC,13.35,14.99,115,F,90371,-15.1480
24120,P2,CASC,13.20,15.01,115,F,90377,-15.1661
24130,P2,CASC,13.05,15.00,115,F,90383,-15.1855
24140,P2,CASC,12.90,15.00,115,F,90389,-15.2066
24150,P2,CASC,12.75,15.00,114,F,90395,-15.2290
24160,P2,CASC,12.60,17.50,112,F,90402,-15.2781
24170,P2,CASC,12.45,15.00,114,F,90408,-15.3036
24180,P2,CASC,12.30,15.00,114,F,90414,-15.3305
24190,P2,CASC,12.15,17.50,112,F,90421,-15.3840
24200,P2,CASC,12.00,12.50,115,F,90426,-15.3891
24210,P2,CASC,11.85,15.00,113,F,90432,-15.4206
24220,P2,CASC,11.70,15.00,113,F,90438,-15.4536
24230,P2,CASC,11.55,15.00,113,F,90444,-15.4881
24240,P2,CASC,11.40,17.50,111,F,90451,-15.5490
24250,P2,CASC,11.25,15.00,112,F,90457,-15.5865
24260,P2,CASC,11.10,15.00,112,F,90463,-15.6256
24270,P2,CASC,10.95,15.00,112,F,90469,-15.6661
24280,P2,CASC,10.80,17.49,110,F,90476,-15.7330
24290,P2,CASC,10.65,15.00,111,F,90482,-15.7765
24300,P2,CASC,10.50,15.00,111,F,90488,-15.8215
24310,P2,CASC,10.35,15.00,111,F,90494,-15.8681
24320,P2,CASC,10.20,15.00,111,F,90500,-15.9160
24330,P2,CASC,10.05,15.00,110,F,90506,-15.9656
24340,P2,CASC,9.90,15.00,110,F,90512,-16.0165
24350,P2,CASC,9.75,15.00,110,F,90518,-16.0690
24360,P2,CASC,9.60,15.00,110,F,90524,-16.1230
24370,P2,CASC,9.45,15.00,109,F,90530,-16.1786
24380,P2,CASC,9.30,15.00,109,F,90536,-16.2356
24390,P2,CASC,9.15,15.00,109,F,90542,-16.2941
24400,P2,CASC,9.00,12.50,111,F,90547,-16.3291
24410,P2,CASC,8.85,15.00,108,F,90553,-16.3906
24420,P2,CASC,8.70,15.00,108,F,90559,-16.4535
24430,P2,CASC,8.55,12.50,110,F,90564,-16.4931
24440,P2,CASC,8.40,15.00,108,F,90570,-16.5590
24450,P2,CASC,8.25,15.00,107,F,90576,-16.6265
24460,P2,CASC,8.10,12.50,109,F,90581,-16.6705
24470,P2,CASC,7.95,12.50,109,F,90586,-16.7160
24480,P2,CASC,7.80,15.00,107,F,90592,-16.7880
24490,P2,CASC,7.65,12.50,108,F,90597,-16.8365
24500,P2,CASC,7.50,12.50,108,F,90602,-16.8865
24510,P2,CASC,7.35,12.50,108,F,90607,-16.9381
24520,P2,CASC,7.20,12.50,108,F,90612,-16.9910
24530,P2,CASC,7.05,12.50,107,F,90617,-17.0455
24540,P2,CASC,6.90,12.50,107,F,90622,-17.1015
24550,P2,CASC,6.75,12.50,107,F,90627,-17.1590
24560,P2,CASC,6.60,12.50,107,F,90632,-17.2181
24570,P2,CASC,6.45,12.50,106,F,90637,-17.2785
24580,P2,CASC,6.30,12.50,106,F,90642,-17.3405
24590,P2,CASC,6.15,12.50,106,F,90647,-17.4040
24600,P2,CASC,6.00,12.50,106,F,90652,-17.4690
24610,P2,CASC,5.85,12.50,105,F,90657,-17.5355
24620,P2,CASC,5.70,10.00,107,F,90661,-17.5785
24630,P2,CASC,5.55,10.00,107,F,90665,-17.6231
24640,P2,CASC,5.40,12.50,105,F,90670,-17.6940
24650,P2,CASC,5.25,10.00,106,F,90674,-17.7416
24660,P2,CASC,5.10,10.00,106,F,90678,-17.7906
24670,P2,CASC,4.95,10.00,106,F,90682,-17.8411
24680,P2,CASC,4.80,12.50,104,F,90687,-17.9180
24690,P2,CASC,4.65,10.00,105,F,90691,-17.9715
24700,P2,CASC,4.50,12.50,103,F,90696,-18.0515
24710,P2,CASC,4.35,7.50,107,F,90699,-18.0830
24720,P2,CASC,4.20,10.00,104,F,90703,-18.1410
24730,P2,CASC,4.05,10.00,104,F,90707,-18.2005
24740,P2,CASC,3.90,10.00,104,F,90711,-18.2615
24750,P2,CASC,3.75,10.00,104,F,90715,-18.3240
24760,P2,CASC,3.60,7.50,105,F,90718,-18.3630
24770,P2,CASC,3.45,10.00,103,F,90722,-18.4286
24780,P2,CASC,3.30,7.50,105,F,90725,-18.4705
24790,P2,CASC,3.15,10.00,103,F,90729,-18.5391
24800,P2,CASC,3.00,10.00,102,F,90733,-18.6090
24810,P2,CASC,2.85,7.50,104,F,90736,-18.6556
24820,P2,CASC,2.70,7.50,104,F,90739,-18.7036
24830,P2,CASC,2.55,7.50,104,F,90742,-18.7531
24840,P2,CASC,2.40,7.50,103,F,90745,-18.8040
24850,P2,CASC,2.25,7.50,103,F,90748,-18.8565
24860,P2,CASC,2.10,10.00,101,F,90752,-18.9356
24870,P2,CASC,1.95,7.50,103,F,90755,-18.9910
24880,P2,CASC,1.80,7.50,102,F,90758,-19.0480
24890,P2,CASC,1.65,7.50,102,F,90761,-19.1065
24900,P2,CASC,1.50,7.50,102,F,90764,-19.1665
24910,P2,CASC,1.35,7.50,102,F,90767,-19.2281
24920,P2,CASC,1.20,7.50,101,F,90770,-19.2910
24930,P2,CASC,1.05,7.50,101,F,90773,-19.3556
24940,P2,CASC,0.90,5.00,103,F,90775,-19.3965
24950,P2,CASC,0.75,7.50,100,F,90778,-19.4640
24960,P2,CASC,0.60,2.50,104,F,90779,-19.4830
24970,P2,CASC,0.45,7.50,100,F,90782,-19.5535
24980,P2,CASC,0.30,5.00,102,F,90784,-19.6005
24990,P2,CASC,0.15,5.00,101,F,90786,-19.6490
25000,P2,CASC,0.00,7.50,71,F,90789,-19.7240
25010,P2,CASC,0.00,5.00,41,F,90791,-19.7740
25020,P2,CASC,0.00,5.00,11,F,90793,-19.8240
25030,P2,CASC,0.00,0.00,-18,R,90793,-19.8240
25040,P2,CASC,0.00,0.00,-48,R,90793,-19.8240
25050,P2,CASC,0.00,0.00,-48,R,90793,-19.8240
25060,P2,CASC,0.00,0.00,-48,R,90793,-19.8240
25070,P2,CASC,0.00,0.00,-48,R,90793,-19.8240
25080,P2,CASC,0.00,0.00,-48,R,90793,-19.8240
25090,P2,CASC,0.00,0.00,-48,R,90793,-19.8240
25100,P2,CASC,0.00,0.00,-48,R,90793,-19.8240
25110,P2,CASC,0.00,0.00,-48,R,90793,-19.8240
25120,P2,CASC,0.00,0.00,-48,R,90793,-19.8240
25130,P2,CASC,0.00,0.00,-48,R,90793,-19.8240
25140,P2,CASC,0.00,0.00,-48,R,90793,-19.8240
25150,P2,CASC,0.00,0.00,-48,R,90793,-19.8240
25160,P2,CASC,0.00,0.00,-48,R,90793,-19.8240
25170,P2,CASC,0.00,0.00,-48,R,90793,-19.8240
25180,P2,CASC,0.00,0.00,-48,R,90793,-19.8240
25190,P2,CASC,0.00,0.00,-48,R,90793,-19.8240
25200,P2,CASC,0.00,0.00,-48,R,90793,-19.8240
25210,P2,CASC,0.00,0.00,-48,R,90793,-19.8240
25220,P2,CASC,0.00,0.00,-48,R,90793,-19.8240
25230,P2,CASC,0.00,0.00,-48,R,90793,-19.8240
25240,P2,CASC,0.00,0.00,-48,R,90793,-19.8240
25250,P2,CASC,0.00,0.00,-48,R,90793,-19.8240
25260,P2,CASC,0.00,0.00,-48,R,90793,-19.8240
25270,P2,CASC,0.00,0.00,-48,R,90793,-19.8240
25280,P2,CASC,0.00,0.00,-48,R,90793,-19.8240
25290,P2,CASC,0.00,0.00,-48,R,90793,-19.8240
25300,P2,CASC,0.00,0.00,-48,R,90793,-19.8240
25310,P2,CASC,0.00,0.00,-48,R,90793,-19.8240
25320,P2,CASC,0.00,0.00,-48,R,90793,-19.8240
25330,P2,CASC,0.00,0.00,-48,R,90793,-19.8240
25340,P2,CASC,0.00,0.00,-48,R,90793,-19.8240
25350,P2,CASC,0.00,0.00,-48,R,90793,-19.8240
25360,P2,CASC,0.00,0.00,-48,R,90793,-19.8240
25370,P2,CASC,0.00,0.00,-48,R,90793,-19.8240
25380,P2,CASC,0.00,0.00,-48,R,90793,-19.8240
25390,P2,CASC,0.00,0.00,-48,R,90793,-19.8240
25400,P2,CASC,0.00,0.00,-48,R,90793,-19.8240
25410,P2,CASC,0.00,0.00,-48,R,90793,-19.8240
25420,P2,CASC,0.00,0.00,-48,R,90793,-19.8240
25430,P2,CASC,0.00,0.00,-48,R,90793,-19.8240
25440,P2,CASC,0.00,0.00,-48,R,90793,-19.8240
25450,P2,CASC,0.00,0.00,-48,R,90793,-19.8240
25460,P2,CASC,0.00,0.00,-48,R,90793,-19.8240
25470,P2,CASC,0.00,0.00,-48,R,90793,-19.8240
25480,P2,CASC,0.00,0.00,-48,R,90793,-19.8240
25490,P2,CASC,0.00,0.00,-48,R,90793,-19.8240
25500,P2,CASC,0.00,0.00,-48,R,90793,-19.8240
25510,P2,CASC,0.00,0.00,-48,R,90793,-19.8240
25520,P2,CASC,0.00,0.00,-48,R,90793,-19.8240
25530,P2,CASC,0.00,0.00,-48,R,90793,-19.8240
25540,P2,CASC,0.00,0.00,-48,R,90793,-19.8240
25550,P2,CASC,0.00,0.00,-48,R,90793,-19.8240
25560,P2,CASC,0.00,0.00,-48,R,90793,-19.8240
25570,P2,CASC,0.00,0.00,-48,R,90793,-19.8240
25580,P2,CASC,0.00,0.00,-48,R,90793,-19.8240
25590,P2,CASC,0.00,0.00,-48,R,90793,-19.8240
25600,P2,CASC,0.00,0.00,-48,R,90793,-19.8240
25610,P2,CASC,0.00,0.00,-48,R,90793,-19.8240
25620,P2,CASC,0.00,0.00,-48,R,90793,-19.8240
25630,P2,CASC,0.00,0.00,-48,R,90793,-19.8240
25640,P2,CASC,0.00,0.00,-48,R,90793,-19.8240
25650,P2,CASC,0.00,0.00,-48,R,90793,-19.8240
25660,P2,CASC,0.00,0.00,-48,R,90793,-19.8240
25670,P2,CASC,0.00,0.00,-48,R,90793,-19.8240
25680,P2,CASC,0.00,0.00,-48,R,90793,-19.8240
25690,P2,CASC,0.00,0.00,-48,R,90793,-19.8240
25700,P2,CASC,0.00,0.00,-48,R,90793,-19.8240
25710,P2,CASC,0.00,0.00,-48,R,90793,-19.8240
25720,P2,CASC,0.00,0.00,-48,R,90793,-19.8240
25730,P2,CASC,0.00,0.00,-48,R,90793,-19.8240
25740,P2,CASC,0.00,0.00,-48,R,90793,-19.8240
25750,P2,CASC,0.00,0.00,-48,R,90793,-19.8240
25760,P2,CASC,0.00,0.00,-48,R,90793,-19.8240
25770,P2,CASC,0.00,0.00,-48,R,90793,-19.8240
25780,P2,CASC,0.00,0.00,-48,R,90793,-19.8240
25790,P2,CASC,0.00,0.00,-48,R,90793,-19.8240
25800,P2,CASC,0.00,0.00,-48,R,90793,-19.8240
25810,P2,CASC,0.00,0.00,-48,R,90793,-19.8240
25820,P2,CASC,0.00,0.00,-48,R,90793,-19.8240
25830,P2,CASC,0.00,0.00,-48,R,90793,-19.8240
25840,P2,CASC,0.00,0.00,-48,R,90793,-19.8240
25850,P2,CASC,0.00,0.00,-48,R,90793,-19.8240
25860,P2,CASC,0.00,0.00,-48,R,90793,-19.8240
25870,P2,CASC,0.00,0.00,-48,R,90793,-19.8240
25880,P2,CASC,0.00,0.00,-48,R,90793,-19.8240
25890,P2,CASC,0.00,0.00,-48,R,90793,-19.8240
25900,P2,CASC,0.00,0.00,-48,R,90793,-19.8240
25910,P2,CASC,0.00,0.00,-48,R,90793,-19.8240
25920,P2,CASC,0.00,0.00,-48,R,90793,-19.8240
25930,P2,CASC,0.00,0.00,-48,R,90793,-19.8240
25940,P2,CASC,0.00,0.00,-48,R,90793,-19.8240
25950,P2,CASC,0.00,0.00,-48,R,90793,-19.8240
25960,P2,CASC,0.00,0.00,-48,R,90793,-19.8240
25970,P2,CASC,0.00,0.00,-48,R,90793,-19.8240
25980,P2,CASC,0.00,0.00,-48,R,90793,-19.8240
25990,P2,CASC,0.00,0.00,-48,R,90793,-19.8240
26000,P2,CASC,0.00,0.00,-48,R,90793,-19.8240
26010,P2,CASC,0.00,0.00,-48,R,90793,-19.8240
26020,P2,CASC,0.00,0.00,-48,R,90793,-19.8240
26030,P2,CASC,0.00,0.00,-48,R,90793,-19.8240
26040,P2,CASC,0.00,0.00,-48,R,90793,-19.8240
26050,P2,CASC,0.00,0.00,-48,R,90793,-19.8240
26060,P2,CASC,0.00,0.00,-48,R,90793,-19.8240
26070,P2,CASC,0.00,0.00,-48,R,90793,-19.8240
26080,P2,CASC,0.00,0.00,-48,R,90793,-19.8240
26090,P2,CASC,0.00,0.00,-48,R,90793,-19.8240
26100,P2,CASC,0.00,0.00,-48,R,90793,-19.8240
26110,P2,CASC,0.00,0.00,-48,R,90793,-19.8240
26120,P2,CASC,0.00,0.00,-48,R,90793,-19.8240
26130,P2,CASC,0.00,0.00,-48,R,90793,-19.8240
26140,P2,CASC,0.00,0.00,-48,R,90793,-19.8240
26150,P2,CASC,0.00,0.00,-48,R,90793,-19.8240
26160,P2,CASC,0.00,0.00,-48,R,90793,-19.8240
26170,P2,CASC,0.00,0.00,-48,R,90793,-19.8240
26180,P2,CASC,0.00,0.00,-48,R,90793,-19.8240
26190,P2,CASC,0.00,0.00,-48,R,90793,-19.8240
26200,P2,CASC,0.00,0.00,-48,R,90793,-19.8240
26210,P2,CASC,0.00,0.00,-48,R,90793,-19.8240
26220,P2,CASC,0.00,0.00,-48,R,90793,-19.8240
26230,P2,CASC,0.00,0.00,-48,R,90793,-19.8240
26240,P2,CASC,0.00,0.00,-48,R,90793,-19.8240
26250,P2,CASC,0.00,0.00,-48,R,90793,-19.8240
26260,P2,CASC,0.00,0.00,-48,R,90793,-19.8240
26270,P2,CASC,0.00,0.00,-48,R,90793,-19.8240
26280,P2,CASC,0.00,0.00,-48,R,90793,-19.8240
26290,P2,CASC,0.00,0.00,-48,R,90793,-19.8240
26300,P2,CASC,0.00,0.00,-48,R,90793,-19.8240
26310,P2,CASC,0.00,0.00,-48,R,90793,-19.8240
26320,P2,CASC,0.00,0.00,-48,R,90793,-19.8240
26330,P2,CASC,0.00,0.00,-48,R,90793,-19.8240
26340,P2,CASC,0.00,0.00,-48,R,90793,-19.8240
26350,P2,CASC,0.00,0.00,-48,R,90793,-19.8240
26360,P2,CASC,0.00,0.00,-48,R,90793,-19.8240
26370,P2,CASC,0.00,0.00,-48,R,90793,-19.8240
26380,P2,CASC,0.00,0.00,-48,R,90793,-19.8240
26390,P2,CASC,0.00,0.00,-48,R,90793,-19.8240
26400,P2,CASC,0.00,0.00,-48,R,90793,-19.8240
26410,P2,CASC,0.00,0.00,-48,R,90793,-19.8240
26420,P2,CASC,0.00,0.00,-48,R,90793,-19.8240
26430,P2,CASC,0.00,0.00,-48,R,90793,-19.8240
26440,P2,CASC,0.00,0.00,-48,R,90793,-19.8240
26450,P2,CASC,0.00,0.00,-48,R,90793,-19.8240
26460,P2,CASC,0.00,0.00,-48,R,90793,-19.8240
26470,P2,CASC,0.00,0.00,-48,R,90793,-19.8240
26480,P2,CASC,0.00,0.00,-48,R,90793,-19.8240
26490,P2,CASC,0.00,0.00,-48,R,90793,-19.8240
26500,P2,CASC,0.00,0.00,-48,R,90793,-19.8240
26510,P2,CASC,0.00,0.00,-48,R,90793,-19.8240
26520,P2,CASC,0.00,0.00,-48,R,90793,-19.8240
26530,P2,CASC,0.00,0.00,-48,R,90793,-19.8240
26540,P2,CASC,0.00,0.00,-48,R,90793,-19.8240
26550,P2,CASC,0.00,0.00,-48,R,90793,-19.8240
26560,P2,CASC,0.00,0.00,-48,R,90793,-19.8240
26570,P2,CASC,0.00,0.00,-48,R,90793,-19.8240
26580,P2,CASC,0.00,0.00,-48,R,90793,-19.8240
26590,P2,CASC,0.00,0.00,-48,R,90793,-19.8240
26600,P2,CASC,0.00,0.00,-48,R,90793,-19.8240
26610,P2,CASC,0.00,0.00,-48,R,90793,-19.8240
26620,P2,CASC,0.00,0.00,-48,R,90793,-19.8240
26630,P2,CASC,0.00,0.00,-48,R,90793,-19.8240
26640,P2,CASC,0.00,0.00,-48,R,90793,-19.8240
26650,P2,CASC,0.00,0.00,-48,R,90793,-19.8240
26660,P2,CASC,0.00,0.00,-48,R,90793,-19.8240
26670,P2,CASC,0.00,0.00,-48,R,90793,-19.8240
26680,P2,CASC,0.00,0.00,-48,R,90793,-19.8240
26690,P2,CASC,0.00,0.00,-48,R,90793,-19.8240
26700,P2,CASC,0.00,0.00,-48,R,90793,-19.8240
26710,P2,CASC,0.00,0.00,-48,R,90793,-19.8240
26720,P2,CASC,0.00,0.00,-48,R,90793,-19.8240
26730,P2,CASC,0.00,0.00,-48,R,90793,-19.8240
26740,P2,CASC,0.00,0.00,-48,R,90793,-19.8240
26750,P2,CASC,0.00,0.00,-48,R,90793,-19.8240
26760,P2,CASC,0.00,0.00,-48,R,90793,-19.8240
26770,P2,CASC,0.00,0.00,-48,R,90793,-19.8240
26780,P2,CASC,0.00,0.00,-48,R,90793,-19.8240
26790,P2,CASC,0.00,0.00,-48,R,90793,-19.8240
26800,P2,CASC,0.00,0.00,-48,R,90793,-19.8240
26810,P2,CASC,0.00,0.00,-48,R,90793,-19.8240
26820,P2,CASC,0.00,0.00,-48,R,90793,-19.8240
26830,P2,CASC,0.00,0.00,-48,R,90793,-19.8240
26840,P2,CASC,0.00,0.00,-48,R,90793,-19.8240
26850,P2,CASC,0.00,0.00,-48,R,90793,-19.8240
26860,P2,CASC,0.00,0.00,-48,R,90793,-19.8240
26870,P2,CASC,0.00,0.00,-48,R,90793,-19.8240
26880,P2,CASC,0.00,0.00,-48,R,90793,-19.8240
26890,P2,CASC,0.00,0.00,-48,R,90793,-19.8240
26900,P2,CASC,0.00,0.00,-48,R,90793,-19.8240
26910,P2,CASC,0.00,0.00,-48,R,90793,-19.8240
26920,P2,CASC,0.00,0.00,-48,R,90793,-19.8240
26930,P2,CASC,0.00,0.00,-48,R,90793,-19.8240
26940,P2,CASC,0.00,0.00,-48,R,90793,-19.8240
26950,P2,CASC,0.00,0.00,-48,R,90793,-19.8240
26960,P2,CASC,0.00,0.00,-48,R,90793,-19.8240
26970,P2,CASC,0.00,0.00,-48,R,90793,-19.8240
26980,P2,CASC,0.00,0.00,-48,R,90793,-19.8240
26990,P2,CASC,0.00,0.00,-48,R,90793,-19.8240
27000,P2,CASC,0.00,0.00,-48,R,90793,-19.8240
27010,P2,CASC,0.00,0.00,-48,R,90793,-19.8240
27020,P2,CASC,0.00,0.00,-48,R,90793,-19.8240
27030,P2,CASC,0.00,0.00,-48,R,90793,-19.8240
27040,P2,CASC,0.00,0.00,-48,R,90793,-19.8240
27050,P2,CASC,0.00,0.00,-48,R,90793,-19.8240
27060,P2,CASC,0.00,0.00,-48,R,90793,-19.8240
27070,P2,CASC,0.00,0.00,-48,R,90793,-19.8240
27080,P2,CASC,0.00,0.00,-48,R,90793,-19.8240
27090,P2,CASC,0.00,0.00,-48,R,90793,-19.8240
27100,P2,CASC,0.00,0.00,-48,R,90793,-19.8240
27110,P2,CASC,0.00,0.00,-48,R,90793,-19.8240
27120,P2,CASC,0.00,0.00,-48,R,90793,-19.8240
27130,P2,CASC,0.00,0.00,-48,R,90793,-19.8240
27140,P2,CASC,0.00,0.00,-48,R,90793,-19.8240
27150,P2,CASC,0.00,0.00,-48,R,90793,-19.8240
27160,P2,CASC,0.00,0.00,-48,R,90793,-19.8240
27170,P2,CASC,0.00,0.00,-48,R,90793,-19.8240
27180,P2,CASC,0.00,0.00,-48,R,90793,-19.8240
27190,P2,CASC,0.00,0.00,-48,R,90793,-19.8240
27200,P2,CASC,0.00,0.00,-48,R,90793,-19.8240
27210,P2,CASC,0.00,0.00,-48,R,90793,-19.8240
27220,P2,CASC,0.00,0.00,-48,R,90793,-19.8240
27230,P2,CASC,0.00,0.00,-48,R,90793,-19.8240
27240,P2,CASC,0.00,0.00,-48,R,90793,-19.8240
27250,P2,CASC,0.00,0.00,-48,R,90793,-19.8240
27260,P2,CASC,0.00,0.00,-48,R,90793,-19.8240
27270,P2,CASC,0.00,0.00,-48,R,90793,-19.8240
27280,P2,CASC,0.00,0.00,-48,R,90793,-19.8240
27290,P2,CASC,0.00,0.00,-48,R,90793,-19.8240
27300,P2,CASC,0.00,0.00,-48,R,90793,-19.8240
27310,P2,CASC,0.00,0.00,-48,R,90793,-19.8240
27320,P2,CASC,0.00,0.00,-48,R,90793,-19.8240
27330,P2,CASC,0.00,0.00,-48,R,90793,-19.8240
27340,P2,CASC,0.00,0.00,-48,R,90793,-19.8240
27350,P2,CASC,0.00,0.00,-48,R,90793,-19.8240
27360,P2,CASC,0.00,0.00,-48,R,90793,-19.8240
27370,P2,CASC,0.00,0.00,-48,R,90793,-19.8240
27380,P2,CASC,0.00,0.00,-48,R,90793,-19.8240
27390,P2,CASC,0.00,0.00,-48,R,90793,-19.8240
27400,P2,CASC,0.00,0.00,-48,R,90793,-19.8240
27410,P2,CASC,0.00,0.00,-48,R,90793,-19.8240
27420,P2,CASC,0.00,0.00,-48,R,90793,-19.8240
27430,P2,CASC,0.00,0.00,-48,R,90793,-19.8240
27440,P2,CASC,0.00,0.00,-48,R,90793,-19.8240
27450,P2,CASC,0.00,0.00,-48,R,90793,-19.8240
27460,P2,CASC,0.00,0.00,-48,R,90793,-19.8240
27470,P2,CASC,0.00,0.00,-48,R,90793,-19.8240
27480,P2,CASC,0.00,0.00,-48,R,90793,-19.8240
27490,P2,CASC,0.00,0.00,-48,R,90793,-19.8240
27500,P2,CASC,0.00,0.00,-48,R,90793,-19.8240
27510,P2,CASC,0.00,0.00,-48,R,90793,-19.8240
27520,P2,CASC,0.00,0.00,-48,R,90793,-19.8240
27530,P2,CASC,0.00,0.00,-48,R,90793,-19.8240
27540,P2,CASC,0.00,0.00,-48,R,90793,-19.8240
27550,P2,CASC,0.00,0.00,-48,R,90793,-19.8240
27560,P2,CASC,0.00,0.00,-48,R,90793,-19.8240
27570,P2,CASC,0.00,0.00,-48,R,90793,-19.8240
27580,P2,CASC,0.00,0.00,-48,R,90793,-19.8240
27590,P2,CASC,0.00,0.00,-48,R,90793,-19.8240
27600,P2,CASC,0.00,0.00,-48,R,90793,-19.8240
27610,P2,CASC,0.00,0.00,-48,R,90793,-19.8240
27620,P2,CASC,0.00,0.00,-48,R,90793,-19.8240
27630,P2,CASC,0.00,0.00,-48,R,90793,-19.8240
27640,P2,CASC,0.00,0.00,-48,R,90793,-19.8240
27650,P2,CASC,0.00,0.00,-48,R,90793,-19.8240
27660,P2,CASC,0.00,0.00,-48,R,90793,-19.8240
27670,P2,CASC,0.00,0.00,-48,R,90793,-19.8240
27680,P2,CASC,0.00,0.00,-48,R,90793,-19.8240
27690,P2,CASC,0.00,0.00,-48,R,90793,-19.8240
27700,P2,CASC,0.00,0.00,-48,R,90793,-19.8240
27710,P2,CASC,0.00,0.00,-48,R,90793,-19.8240
27720,P2,CASC,0.00,0.00,-48,R,90793,-19.8240
27730,P2,CASC,0.00,0.00,-48,R,90793,-19.8240
27740,P2,CASC,0.00,0.00,-48,R,90793,-19.8240
27750,P2,CASC,0.00,0.00,-48,R,90793,-19.8240
27760,P2,CASC,0.00,0.00,-48,R,90793,-19.8240
27770,P2,CASC,0.00,0.00,-48,R,90793,-19.8240
27780,P2,CASC,0.00,0.00,-48,R,90793,-19.8240
27790,P2,CASC,0.00,0.00,-48,R,90793,-19.8240
27800,P2,CASC,0.00,0.00,-48,R,90793,-19.8240
27810,P2,CASC,0.00,0.00,-48,R,90793,-19.8240
27820,P2,CASC,0.00,0.00,-48,R,90793,-19.8240
27830,P2,CASC,0.00,0.00,-48,R,90793,-19.8240
27840,P2,CASC,0.00,0.00,-48,R,90793,-19.8240
27850,P2,CASC,0.00,0.00,-48,R,90793,-19.8240
27860,P2,CASC,0.00,0.00,-48,R,90793,-19.8240
27870,P2,CASC,0.00,0.00,-48,R,90793,-19.8240
27880,P2,CASC,0.00,0.00,-48,R,90793,-19.8240
27890,P2,CASC,0.00,0.00,-48,R,90793,-19.8240
27900,P2,CASC,0.00,0.00,-48,R,90793,-19.8240
27910,P2,CASC,0.00,0.00,-48,R,90793,-19.8240
27920,P2,CASC,0.00,0.00,-48,R,90793,-19.8240
27930,P2,CASC,0.00,0.00,-48,R,90793,-19.8240
27940,P2,CASC,0.00,0.00,-48,R,90793,-19.8240
27950,P2,CASC,0.00,0.00,-48,R,90793,-19.8240
27960,P2,CASC,0.00,0.00,-48,R,90793,-19.8240
27970,P2,CASC,0.00,0.00,-48,R,90793,-19.8240
27980,P2,CASC,0.00,0.00,-48,R,90793,-19.8240
27990,P2,CASC,0.00,0.00,-48,R,90793,-19.8240
28000,P2,CASC,0.00,0.00,-48,R,90793,-19.8240
28010,P2,CASC,-0.15,0.00,-78,R,90793,-19.8255
28020,P2,CASC,-0.30,0.00,-108,R,90793,-19.8285
28030,P2,CASC,-0.45,0.00,-138,R,90793,-19.8330
28040,P2,CASC,-0.60,0.00,-168,R,90793,-19.8390
28050,P2,CASC,-0.75,0.00,-197,R,90793,-19.8465
28060,P2,CASC,-0.90,-5.00,-186,R,90791,-19.8055
28070,P2,CASC,-1.05,-25.00,-173,R,90781,-19.5660
28080,P2,CASC,-1.20,-35.00,-165,R,90767,-19.2280
28090,P2,CASC,-1.35,-40.00,-161,R,90751,-18.8415
28100,P2,CASC,-1.50,-40.01,-161,R,90735,-18.4564
28110,P2,CASC,-1.65,-42.49,-158,R,90718,-18.0480
28120,P2,CASC,-1.80,-42.50,-157,R,90701,-17.6410
28130,P2,CASC,-1.95,-45.00,-155,R,90683,-17.2105
28140,P2,CASC,-2.10,-45.01,-154,R,90665,-16.7814
28150,P2,CASC,-2.25,-47.49,-151,R,90646,-16.3290
28160,P2,CASC,-2.40,-50.01,-149,R,90626,-15.8530
28170,P2,CASC,-2.55,-45.00,-151,R,90608,-15.4285
28180,P2,CASC,-2.70,-47.51,-149,R,90589,-14.9804
28190,P2,CASC,-2.85,-50.00,-146,R,90569,-14.5089
28200,P2,CASC,-3.00,-49.99,-145,R,90549,-14.0390
28210,P2,CASC,-3.15,-52.49,-142,R,90528,-13.5456
28220,P2,CASC,-3.30,-50.02,-143,R,90508,-13.0784
28230,P2,CASC,-3.45,-49.99,-142,R,90488,-12.6130
28240,P2,CASC,-3.60,-54.99,-138,R,90466,-12.0991
28250,P2,CASC,-3.75,-52.49,-138,R,90445,-11.6116
28260,P2,CASC,-3.90,-50.01,-139,R,90425,-11.1506
28270,P2,CASC,-4.05,-52.51,-136,R,90404,-10.6660
28280,P2,CASC,-4.20,-52.51,-135,R,90383,-10.1830
28290,P2,CASC,-4.35,-50.00,-136,R,90363,-9.7265
28300,P2,CASC,-4.50,-55.00,-132,R,90341,-9.2215
28310,P2,CASC,-4.65,-50.00,-134,R,90321,-8.7680
28320,P2,CASC,-4.80,-52.50,-131,R,90300,-8.2910
28330,P2,CASC,-4.95,-52.49,-130,R,90279,-7.8156
28340,P2,CASC,-5.10,-50.00,-131,R,90259,-7.3666
28350,P2,CASC,-5.25,-50.02,-130,R,90239,-6.9189
28360,P2,CASC,-5.40,-49.99,-129,R,90219,-6.4731
28370,P2,CASC,-5.55,-50.01,-128,R,90199,-6.0285
28380,P2,CASC,-5.70,-47.50,-129,R,90180,-5.6105
28390,P2,CASC,-5.85,-49.99,-127,R,90160,-5.1691
28400,P2,CASC,-6.00,-47.51,-127,R,90141,-4.7540
28410,P2,CASC,-6.15,-47.50,-126,R,90122,-4.3404
28420,P2,CASC,-6.30,-47.49,-126,R,90103,-3.9286
28430,P2,CASC,-6.45,-47.50,-125,R,90084,-3.5180
28440,P2,CASC,-6.60,-45.00,-126,R,90066,-3.1341
28450,P2,CASC,-6.75,-45.01,-125,R,90048,-2.7515
28460,P2,CASC,-6.90,-47.50,-122,R,90029,-2.3455
28470,P2,CASC,-7.05,-45.00,-123,R,90011,-1.9660
28480,P2,CASC,-7.20,-45.00,-122,R,89993,-1.5880
28490,P2,CASC,-7.35,-45.00,-122,R,89975,-1.2115
28500,P2,CASC,-7.50,-47.50,-119,R,89956,-0.8115
28510,P2,CASC,-7.65,-42.49,-122,R,89939,-0.4631
28520,P2,CASC,-7.80,-45.02,-119,R,89921,-0.0909
28530,P2,CASC,-7.95,-45.00,-119,R,89903,0.2796
28540,P2,CASC,-8.10,-42.49,-120,R,89886,0.6235
28550,P2,CASC,-8.25,-42.50,-119,R,89869,0.9660
28560,P2,CASC,-8.40,-45.00,-117,R,89851,1.3319
28570,P2,CASC,-8.55,-42.51,-118,R,89834,1.6716
28580,P2,CASC,-8.70,-42.50,-117,R,89817,2.0096
28590,P2,CASC,-8.85,-42.50,-116,R,89800,2.3460
28600,P2,CASC,-9.00,-42.49,-116,R,89783,2.6809
28610,P2,CASC,-9.15,-40.00,-117,R,89767,2.9894
28620,P2,CASC,-9.30,-40.01,-116,R,89751,3.2965
28630,P2,CASC,-9.45,-42.49,-114,R,89734,3.6269
28640,P2,CASC,-9.60,-40.00,-115,R,89718,3.9309
28650,P2,CASC,-9.75,-40.00,-114,R,89702,4.2334
28660,P2,CASC,-9.90,-37.51,-115,R,89687,4.5096
28670,P2,CASC,-10.05,-39.99,-113,R,89671,4.8089
28680,P2,CASC,-10.20,-40.00,-112,R,89655,5.1070
28690,P2,CASC,-10.35,-39.99,-112,R,89639,5.4034
28700,P2,CASC,-10.50,-37.51,-113,R,89624,5.6735
28710,P2,CASC,-10.65,-37.50,-112,R,89609,5.9420
28720,P2,CASC,-10.80,-37.50,-112,R,89594,6.2090
28730,P2,CASC,-10.95,-37.50,-111,R,89579,6.4745
28740,P2,CASC,-11.10,-35.00,-113,R,89565,6.7135
28750,P2,CASC,-11.25,-35.00,-112,R,89551,6.9510
28760,P2,CASC,-11.40,-37.49,-110,R,89536,7.2119
28770,P2,CASC,-11.55,-32.51,-113,R,89523,7.4215
28780,P2,CASC,-11.70,-34.99,-111,R,89509,7.6544
28790,P2,CASC,-11.85,-32.51,-112,R,89496,7.8610
28800,P2,CASC,-12.00,-32.49,-112,R,89483,8.0659
28810,P2,CASC,-12.15,-32.50,-111,R,89470,8.2694
28820,P2,CASC,-12.30,-30.01,-113,R,89458,8.4465
28830,P2,CASC,-12.45,-32.50,-111,R,89445,8.6470
28840,P2,CASC,-12.60,-30.00,-112,R,89433,8.8210
28850,P2,CASC,-12.75,-30.00,-112,R,89421,8.9935
28860,P2,CASC,-12.90,-29.99,-111,R,89409,9.1644
28870,P2,CASC,-13.05,-27.50,-113,R,89398,9.3089
28880,P2,CASC,-13.20,-27.51,-113,R,89387,9.4520
28890,P2,CASC,-13.35,-30.00,-111,R,89375,9.6185
28900,P2,CASC,-13.50,-27.50,-112,R,89364,9.7585
28910,P2,CASC,-13.65,-27.50,-112,R,89353,9.8970
28920,P2,CASC,-13.80,-25.00,-113,R,89343,10.0089
28930,P2,CASC,-13.95,-27.50,-111,R,89332,10.1444
28940,P2,CASC,-14.10,-25.01,-113,R,89322,10.2535
28950,P2,CASC,-14.25,-25.00,-113,R,89312,10.3610
28960,P2,CASC,-14.40,-24.99,-113,R,89302,10.4669
28970,P2,CASC,-14.55,-22.50,-114,R,89293,10.5464
28980,P2,CASC,-14.70,-25.00,-112,R,89283,10.6494
28990,P2,CASC,-14.85,-22.50,-114,R,89274,10.7259
29000,P2,CASC,-15.00,-25.01,-112,R,89264,10.8260
29010,P2,CASC,-15.15,-22.49,-114,R,89255,10.8994
29020,P2,CASC,-15.30,-22.50,-114,R,89246,10.9714
29030,P2,CASC,-15.45,-22.50,-114,R,89237,11.0419
29040,P2,CASC,-15.60,-22.50,-114,R,89228,11.1109
29050,P2,CASC,-15.75,-20.00,-115,R,89220,11.1534
29060,P2,CASC,-15.90,-22.50,-114,R,89211,11.2194
29070,P2,CASC,-16.05,-20.00,-115,R,89203,11.2589
29080,P2,CASC,-16.20,-22.50,-113,R,89194,11.3219
29090,P2,CASC,-16.35,-22.50,-113,R,89185,11.3835
29100,P2,CASC,-16.50,-20.00,-115,R,89177,11.4184
29110,P2,CASC,-16.65,-20.00,-115,R,89169,11.4519
29120,P2,CASC,-16.80,-20.00,-115,R,89161,11.4839
29130,P2,CASC,-16.95,-20.00,-115,R,89153,11.5144
29140,P2,CASC,-17.10,-20.01,-115,R,89145,11.5435
29150,P2,CASC,-17.25,-19.99,-115,R,89137,11.5709
29160,P2,CASC,-17.40,-20.00,-115,R,89129,11.5969
29170,P2,CASC,-17.55,-22.49,-114,R,89120,11.6463
29180,P2,CASC,-17.70,-17.51,-112,R,89113,11.6444
29190,P2,CASC,-17.85,-20.00,-115,R,89105,11.6659
29200,P2,CASC,-18.00,-20.01,-115,R,89097,11.6860
29210,P2,CASC,-18.15,-17.50,-112,R,89090,11.6794
29220,P2,CASC,-18.30,-20.00,-116,R,89082,11.6964
29230,P2,CASC,-18.45,-20.00,-116,R,89074,11.7119
29240,P2,CASC,-18.60,-20.00,-116,R,89066,11.7259
29250,P2,CASC,-18.75,-20.00,-116,R,89058,11.7384
29260,P2,CASC,-18.90,-20.00,-116,R,89050,11.7494
29270,P2,CASC,-19.05,-20.00,-116,R,89042,11.7589
29280,P2,CASC,-19.20,-20.01,-116,R,89034,11.7670
29290,P2,CASC,-19.35,-19.99,-116,R,89026,11.7734
29300,P2,CASC,-19.50,-20.00,-116,R,89018,11.7784
29310,P2,CASC,-19.65,-20.00,-116,R,89010,11.7819
29320,P2,CASC,-19.80,-20.00,-116,R,89002,11.7839
29330,P2,CASC,-19.95,-20.00,-116,R,88994,11.7845
29340,P2,CASC,-20.10,-20.00,-112,R,88986,11.7835
29350,P2,CASC,-20.25,-22.49,-115,R,88977,11.8059
29360,P2,CASC,-20.40,-20.00,-112,R,88969,11.8019
29370,P2,CASC,-20.55,-20.00,-112,R,88961,11.7964
29380,P2,CASC,-20.70,-20.00,-112,R,88953,11.7894
29390,P2,CASC,-20.85,-20.00,-112,R,88945,11.7809
29400,P2,CASC,-21.00,-20.00,-112,R,88937,11.7709
29410,P2,CASC,-21.15,-22.50,-116,R,88928,11.7844
29420,P2,CASC,-21.30,-20.00,-112,R,88920,11.7714
29430,P2,CASC,-21.45,-20.00,-112,R,88912,11.7569
29440,P2,CASC,-21.60,-20.00,-113,R,88904,11.7409
29450,P2,CASC,-21.75,-20.00,-113,R,88896,11.7234
29460,P2,CASC,-21.90,-20.00,-113,R,88888,11.7044
29470,P2,CASC,-22.05,-22.48,-116,R,88879,11.7088
29480,P2,CASC,-22.20,-20.01,-113,R,88871,11.6869
29490,P2,CASC,-22.35,-20.00,-113,R,88863,11.6634
29500,P2,CASC,-22.50,-19.99,-113,R,88855,11.6384
29510,P2,CASC,-22.65,-22.51,-112,R,88846,11.6369
29520,P2,CASC,-22.80,-22.49,-113,R,88837,11.6339
29530,P2,CASC,-22.95,-20.01,-113,R,88829,11.6044
29540,P2,CASC,-23.10,-22.49,-113,R,88820,11.5984
29550,P2,CASC,-23.25,-22.50,-113,R,88811,11.5909
29560,P2,CASC,-23.40,-20.00,-113,R,88803,11.5569
29570,P2,CASC,-23.55,-22.50,-113,R,88794,11.5464
29580,P2,CASC,-23.70,-22.50,-113,R,88785,11.5344
29590,P2,CASC,-23.85,-22.50,-113,R,88776,11.5209
29600,P2,CASC,-24.00,-25.00,-116,R,88766,11.5309
29610,P2,CASC,-24.15,-22.50,-113,R,88757,11.5144
29620,P2,CASC,-24.30,-25.01,-117,R,88747,11.5214
29630,P2,CASC,-24.45,-22.50,-113,R,88738,11.5019
29640,P2,CASC,-24.60,-22.50,-113,R,88729,11.4809
29650,P2,CASC,-24.75,-25.00,-117,R,88719,11.4834
29660,P2,CASC,-24.90,-22.50,-113,R,88710,11.4594
29670,P2,CASC,-25.05,-25.00,-113,R,88700,11.4589
29680,P2,CASC,-25.20,-25.01,-113,R,88690,11.4569
29690,P2,CASC,-25.35,-22.50,-114,R,88681,11.4284
29700,P2,CASC,-25.50,-25.00,-113,R,88671,11.4234
29710,P2,CASC,-25.65,-22.50,-114,R,88662,11.3919
29720,P2,CASC,-25.80,-27.50,-116,R,88651,11.4089
29730,P2,CASC,-25.95,-25.00,-113,R,88641,11.3994
29740,P2,CASC,-26.10,-25.00,-113,R,88631,11.3884
29750,P2,CASC,-26.25,-22.50,-114,R,88622,11.3509
29760,P2,CASC,-26.40,-25.00,-114,R,88612,11.3369
29770,P2,CASC,-26.55,-25.00,-114,R,88602,11.3214
29780,P2,CASC,-26.70,-25.00,-114,R,88592,11.3044
29790,P2,CASC,-26.85,-25.00,-114,R,88582,11.2859
29800,P2,CASC,-27.00,-24.99,-114,R,88572,11.2658
29810,P2,CASC,-27.15,-25.00,-114,R,88562,11.2444
29820,P2,CASC,-27.30,-22.50,-115,R,88553,11.1964
29830,P2,CASC,-27.45,-25.00,-114,R,88543,11.1719
29840,P2,CASC,-27.60,-25.00,-114,R,88533,11.1459
29850,P2,CASC,-27.75,-25.01,-114,R,88523,11.1184
29860,P2,CASC,-27.90,-25.00,-115,R,88513,11.0894
29870,P2,CASC,-28.05,-22.50,-115,R,88504,11.0339
29880,P2,CASC,-28.20,-25.01,-115,R,88494,11.0019
29890,P2,CASC,-28.35,-24.99,-115,R,88484,10.9684
29900,P2,CASC,-28.50,-25.01,-115,R,88474,10.9334
29910,P2,CASC,-28.65,-25.00,-115,R,88464,10.8969
29920,P2,CASC,-28.80,-25.00,-115,R,88454,10.8589
29930,P2,CASC,-28.95,-25.01,-116,R,88444,10.8194
29940,P2,CASC,-29.10,-25.00,-116,R,88434,10.7784
29950,P2,CASC,-29.25,-25.00,-116,R,88424,10.7359
29960,P2,CASC,-29.40,-25.01,-116,R,88414,10.6919
29970,P2,CASC,-29.55,-24.99,-116,R,88404,10.6464
29980,P2,CASC,-29.70,-22.51,-117,R,88395,10.5744
29990,P2,CASC,-29.85,-25.00,-117,R,88385,10.5259
30000,P2,CASC,-30.00,-25.00,-117,R,88375,10.4759
30010,P2,CASC,-30.15,-25.00,-117,R,88365,10.4244
30020,P2,CASC,-30.30,-25.00,-117,R,88355,10.3714
30030,P2,CASC,-30.45,-24.99,-117,R,88345,10.3168
30040,P2,CASC,-30.60,-25.00,-117,R,88335,10.2609
30050,P2,CASC,-30.75,-22.50,-118,R,88326,10.1784
30060,P2,CASC,-30.90,-25.01,-118,R,88316,10.1194
30070,P2,CASC,-31.05,-25.00,-118,R,88306,10.0589
30080,P2,CASC,-31.20,-25.00,-118,R,88296,9.9969
30090,P2,CASC,-31.35,-25.00,-119,R,88286,9.9333
30100,P2,CASC,-31.50,-22.50,-119,R,88277,9.8434
30110,P2,CASC,-31.65,-25.00,-119,R,88267,9.7769
30120,P2,CASC,-31.80,-25.00,-119,R,88257,9.7089
30130,P2,CASC,-31.95,-25.01,-119,R,88247,9.6394
30140,P2,CASC,-32.10,-25.00,-120,R,88237,9.5684
30150,P2,CASC,-32.25,-25.00,-120,R,88227,9.4959
30160,P2,CASC,-32.40,-25.00,-120,R,88217,9.4219
30170,P2,CASC,-32.55,-25.00,-120,R,88207,9.3463
30180,P2,CASC,-32.70,-25.01,-121,R,88197,9.2694
30190,P2,CASC,-32.85,-25.00,-121,R,88187,9.1909
30200,P2,CASC,-33.00,-27.50,-120,R,88176,9.1359
30210,P2,CASC,-33.15,-25.00,-121,R,88166,9.0544
30220,P2,CASC,-33.30,-27.50,-121,R,88155,8.9964
30230,P2,CASC,-33.45,-25.00,-122,R,88145,8.9119
30240,P2,CASC,-33.60,-25.00,-122,R,88135,8.8259
30250,P2,CASC,-33.75,-27.50,-122,R,88124,8.7634
30260,P2,CASC,-33.90,-27.49,-122,R,88113,8.6994
30270,P2,CASC,-34.05,-25.01,-123,R,88103,8.6089
30280,P2,CASC,-34.20,-27.49,-122,R,88092,8.5419
30290,P2,CASC,-34.35,-27.50,-123,R,88081,8.4734
30300,P2,CASC,-34.50,-27.51,-123,R,88070,8.4034
30310,P2,CASC,-34.65,-27.50,-123,R,88059,8.3319
30320,P2,CASC,-34.80,-27.50,-123,R,88048,8.2589
30330,P2,CASC,-34.95,-27.50,-123,R,88037,8.1844
30340,P2,CASC,-35.10,-25.00,-124,R,88027,8.0834
30350,P2,CASC,-35.25,-29.99,-123,R,88015,8.0309
30360,P2,CASC,-35.40,-27.50,-124,R,88004,7.9519
30370,P2,CASC,-35.55,-27.49,-124,R,87993,7.8713
30380,P2,CASC,-35.70,-27.51,-125,R,87982,7.7894
30390,P2,CASC,-35.85,-27.50,-125,R,87971,7.7059
30400,P2,CASC,-36.00,-27.50,-125,R,87960,7.6209
30410,P2,CASC,-36.15,-30.00,-125,R,87948,7.5594
30420,P2,CASC,-36.30,-27.50,-126,R,87937,7.4714
30430,P2,CASC,-36.45,-30.00,-125,R,87925,7.4069
30440,P2,CASC,-36.60,-27.50,-126,R,87914,7.3159
30450,P2,CASC,-36.75,-29.99,-126,R,87902,7.2483
30460,P2,CASC,-36.90,-30.00,-126,R,87890,7.1793
30470,P2,CASC,-37.05,-30.00,-126,R,87878,7.1088
30480,P2,CASC,-37.20,-30.00,-126,R,87866,7.0368
30490,P2,CASC,-37.35,-30.01,-127,R,87854,6.9634
30500,P2,CASC,-37.50,-27.50,-128,R,87843,6.8634
30510,P2,CASC,-37.65,-32.48,-127,R,87830,6.8117
30520,P2,CASC,-37.80,-30.02,-127,R,87818,6.7339
30530,P2,CASC,-37.95,-29.99,-128,R,87806,6.6543
30540,P2,CASC,-38.10,-30.01,-128,R,87794,6.5734
30550,P2,CASC,-38.25,-32.49,-128,R,87781,6.5158
30560,P2,CASC,-38.40,-30.00,-128,R,87769,6.4318
30570,P2,CASC,-38.55,-32.50,-128,R,87756,6.3713
30580,P2,CASC,-38.70,-32.50,-128,R,87743,6.3093
30590,P2,CASC,-38.85,-32.50,-128,R,87730,6.2458
30600,P2,CASC,-39.00,-30.00,-129,R,87718,6.1558
30610,P2,CASC,-39.15,-35.00,-128,R,87704,6.1144
30620,P2,CASC,-39.30,-32.50,-129,R,87691,6.0464
30630,P2,CASC,-39.45,-34.99,-129,R,87677,6.0018
30640,P2,CASC,-39.60,-32.50,-129,R,87664,5.9308
30650,P2,CASC,-39.75,-32.51,-130,R,87651,5.8584
30660,P2,CASC,-39.90,-37.50,-129,R,87636,5.8344
30670,P2,CASC,-40.05,-35.00,-129,R,87622,5.7839
30680,P2,CASC,-40.20,-34.99,-129,R,87608,5.7318
30690,P2,CASC,-40.35,-35.00,-130,R,87594,5.6783
30700,P2,CASC,-40.50,-37.50,-129,R,87579,5.6483
30710,P2,CASC,-40.65,-37.50,-129,R,87564,5.6168
30720,P2,CASC,-40.80,-37.50,-129,R,87549,5.5838
30730,P2,CASC,-40.95,-37.51,-130,R,87534,5.5494
30740,P2,CASC,-41.10,-37.49,-130,R,87519,5.5133
30750,P2,CASC,-41.25,-40.00,-129,R,87503,5.5008
30760,P2,CASC,-41.40,-37.51,-130,R,87488,5.4619
30770,P2,CASC,-41.55,-40.00,-129,R,87472,5.4464
30780,P2,CASC,-41.70,-39.99,-129,R,87456,5.4293
30790,P2,CASC,-41.85,-40.00,-130,R,87440,5.4108
30800,P2,CASC,-42.00,-40.00,-130,R,87424,5.3908
30810,P2,CASC,-42.15,-40.00,-130,R,87408,5.3694
30820,P2,CASC,-42.30,-42.49,-131,R,87391,5.3713
30830,P2,CASC,-42.45,-42.50,-131,R,87374,5.3718
30840,P2,CASC,-42.60,-40.00,-130,R,87358,5.3458
30850,P2,CASC,-42.75,-42.50,-129,R,87341,5.3434
30860,P2,CASC,-42.90,-42.50,-129,R,87324,5.3394
30870,P2,CASC,-43.05,-42.50,-129,R,87307,5.3339
30880,P2,CASC,-43.20,-42.49,-129,R,87290,5.3268
30890,P2,CASC,-43.35,-42.50,-130,R,87273,5.3183
30900,P2,CASC,-43.50,-45.00,-130,R,87255,5.3333
30910,P2,CASC,-43.65,-42.50,-130,R,87238,5.3218
30920,P2,CASC,-43.80,-45.01,-131,R,87220,5.3339
30930,P2,CASC,-43.95,-44.99,-131,R,87202,5.3443
30940,P2,CASC,-44.10,-45.00,-131,R,87184,5.3533
30950,P2,CASC,-44.25,-42.51,-130,R,87167,5.3359
30960,P2,CASC,-44.40,-45.00,-131,R,87149,5.3419
30970,P2,CASC,-44.55,-45.00,-131,R,87131,5.3464
30980,P2,CASC,-44.70,-42.49,-130,R,87114,5.3243
30990,P2,CASC,-44.85,-45.00,-131,R,87096,5.3258
31000,P2,CASC,-45.00,-42.50,-130,R,87079,5.3008
31010,P2,CASC,-45.15,-45.00,-129,R,87061,5.2994
31020,P2,CASC,-45.30,-42.49,-130,R,87044,5.2713
31030,P2,CASC,-45.45,-45.01,-130,R,87026,5.2669
31040,P2,CASC,-45.60,-42.50,-130,R,87009,5.2359
31050,P2,CASC,-45.75,-42.49,-130,R,86992,5.2033
31060,P2,CASC,-45.90,-45.00,-130,R,86974,5.1943
31070,P2,CASC,-46.05,-42.50,-131,R,86957,5.1588
31080,P2,CASC,-46.20,-42.50,-131,R,86940,5.1218
31090,P2,CASC,-46.35,-42.51,-131,R,86923,5.0834
31100,P2,CASC,-46.50,-45.00,-130,R,86905,5.0684
31110,P2,CASC,-46.65,-40.00,-132,R,86889,5.0019
31120,P2,CASC,-46.80,-42.50,-131,R,86872,4.9589
31130,P2,CASC,-46.95,-45.00,-131,R,86854,4.9393
31140,P2,CASC,-47.10,-42.50,-132,R,86837,4.8933
31150,P2,CASC,-47.25,-40.01,-132,R,86821,4.8209
31160,P2,CASC,-47.40,-42.49,-132,R,86804,4.7718
31170,P2,CASC,-47.55,-42.50,-132,R,86787,4.7214
31180,P2,CASC,-47.70,-42.50,-132,R,86770,4.6694
31190,P2,CASC,-47.85,-39.99,-133,R,86754,4.5908
31200,P2,CASC,-48.00,-45.01,-132,R,86736,4.5609
31210,P2,CASC,-48.15,-42.49,-133,R,86719,4.5043
31220,P2,CASC,-48.30,-40.01,-134,R,86703,4.4214
31230,P2,CASC,-48.45,-42.50,-133,R,86686,4.3618
31240,P2,CASC,-48.60,-42.49,-134,R,86669,4.3007
31250,P2,CASC,-48.75,-42.52,-134,R,86652,4.2384
31260,P2,CASC,-48.90,-42.49,-134,R,86635,4.1743
31270,P2,CASC,-49.05,-42.51,-134,R,86618,4.1089
31280,P2,CASC,-49.20,-44.98,-134,R,86600,4.0667
31290,P2,CASC,-49.35,-42.51,-134,R,86583,3.9983
31300,P2,CASC,-49.50,-42.51,-135,R,86566,3.9284
31310,P2,CASC,-49.65,-42.49,-135,R,86549,3.8568
31320,P2,CASC,-49.80,-45.00,-135,R,86531,3.8088
31330,P2,CASC,-49.95,-42.50,-135,R,86514,3.7344
31340,P2,CASC,-50.10,-42.49,-136,R,86497,3.6582
31350,P2,CASC,-50.25,-42.50,-136,R,86480,3.5808
31360,P2,CASC,-50.40,-45.00,-136,R,86462,3.5268
31370,P2,CASC,-50.55,-45.00,-136,R,86444,3.4713
31380,P2,CASC,-50.70,-45.01,-136,R,86426,3.4144
31390,P2,CASC,-50.85,-44.99,-136,R,86408,3.3558
31400,P2,CASC,-51.00,-45.00,-137,R,86390,3.2957
31410,P2,CASC,-51.15,-45.01,-137,R,86372,3.2343
31420,P2,CASC,-51.30,-49.99,-136,R,86352,3.2213
31430,P2,CASC,-51.45,-45.00,-138,R,86334,3.1568
31440,P2,CASC,-51.60,-47.50,-137,R,86315,3.1158
31450,P2,CASC,-51.75,-50.01,-137,R,86295,3.0983
31460,P2,CASC,-51.90,-45.00,-138,R,86277,3.0294
31470,P2,CASC,-52.05,-50.00,-137,R,86257,3.0089
31480,P2,CASC,-52.20,-47.50,-138,R,86238,2.9619
31490,P2,CASC,-52.35,-49.99,-138,R,86218,2.9383
31500,P2,CASC,-52.50,-47.50,-139,R,86199,2.8883
31510,P2,CASC,-52.65,-50.00,-138,R,86179,2.8618
31520,P2,CASC,-52.80,-47.50,-139,R,86160,2.8088
31530,P2,CASC,-52.95,-50.02,-139,R,86140,2.7794
31540,P2,CASC,-53.10,-50.00,-139,R,86120,2.7484
31550,P2,CASC,-53.25,-50.00,-139,R,86100,2.7159
31560,P2,CASC,-53.40,-50.00,-139,R,86080,2.6819
31570,P2,CASC,-53.55,-52.48,-139,R,86059,2.6712
31580,P2,CASC,-53.70,-50.02,-140,R,86039,2.6344
31590,P2,CASC,-53.85,-49.99,-140,R,86019,2.5958
31600,P2,CASC,-54.00,-52.49,-139,R,85998,2.5808
31610,P2,CASC,-54.15,-50.02,-140,R,85978,2.5394
31620,P2,CASC,-54.30,-49.99,-140,R,85958,2.4964
31630,P2,CASC,-54.45,-52.51,-140,R,85937,2.4769
31640,P2,CASC,-54.60,-47.49,-142,R,85918,2.4058
31650,P2,CASC,-54.75,-52.50,-141,R,85897,2.3833
31660,P2,CASC,-54.90,-50.01,-141,R,85877,2.3344
31670,P2,CASC,-55.05,-49.99,-142,R,85857,2.2838
31680,P2,CASC,-55.20,-50.00,-142,R,85837,2.2318
31690,P2,CASC,-55.35,-50.00,-142,R,85817,2.1783
31700,P2,CASC,-55.50,-50.02,-142,R,85797,2.1234
31710,P2,CASC,-55.65,-52.48,-142,R,85776,2.0917
31720,P2,CASC,-55.80,-52.52,-142,R,85755,2.0589
31730,P2,CASC,-55.95,-52.49,-143,R,85734,2.0244
31740,P2,CASC,-56.10,-52.51,-143,R,85713,1.9884
31750,P2,CASC,-56.25,-52.50,-143,R,85692,1.9509
31760,P2,CASC,-56.40,-52.48,-143,R,85671,1.9118
31770,P2,CASC,-56.55,-55.02,-143,R,85649,1.8964
31780,P2,CASC,-56.70,-52.49,-144,R,85628,1.8543
31790,P2,CASC,-56.85,-54.99,-143,R,85606,1.8357
31800,P2,CASC,-57.00,-52.52,-144,R,85585,1.7909
31810,P2,CASC,-57.15,-55.00,-144,R,85563,1.7694
31820,P2,CASC,-57.30,-54.99,-144,R,85541,1.7464
31830,P2,CASC,-57.45,-54.99,-144,R,85519,1.7218
31840,P2,CASC,-57.60,-52.51,-145,R,85498,1.6709
31850,P2,CASC,-57.75,-57.49,-144,R,85475,1.6683
31860,P2,CASC,-57.90,-54.99,-145,R,85453,1.6392
31870,P2,CASC,-58.05,-55.02,-145,R,85431,1.6089
31880,P2,CASC,-58.20,-55.00,-145,R,85409,1.5769
31890,P2,CASC,-58.35,-54.99,-145,R,85387,1.5433
31900,P2,CASC,-58.50,-54.99,-145,R,85365,1.5082
31910,P2,CASC,-58.65,-55.02,-146,R,85343,1.4719
31920,P2,CASC,-58.80,-54.99,-146,R,85321,1.4339
31930,P2,CASC,-58.95,-55.00,-146,R,85299,1.3944
31940,P2,CASC,-59.10,-55.01,-146,R,85277,1.3534
31950,P2,CASC,-59.25,-54.98,-147,R,85255,1.3107
31960,P2,CASC,-59.40,-57.51,-146,R,85232,1.2919
31970,P2,CASC,-59.55,-57.49,-146,R,85209,1.2712
31980,P2,CASC,-59.70,-55.02,-147,R,85187,1.2244
31990,P2,CASC,-59.85,-59.99,-147,R,85163,1.2258
32000,P2,CASC,-60.00,-57.49,-147,R,85140,1.2007
32010,P2,CASC,-60.15,-57.51,-147,R,85117,1.1743
32020,P2,CASC,-60.30,-59.99,-147,R,85093,1.1712
32030,P2,CASC,-60.45,-57.51,-147,R,85070,1.1418
32040,P2,CASC,-60.60,-62.48,-146,R,85045,1.1607
32050,P2,CASC,-60.75,-57.51,-148,R,85022,1.1283
32060,P2,CASC,-60.90,-60.00,-147,R,84998,1.1193
32070,P2,CASC,-61.05,-59.99,-147,R,84974,1.1087
32080,P2,CASC,-61.20,-62.48,-147,R,84949,1.1215
32090,P2,CASC,-61.35,-60.02,-148,R,84925,1.1083
32100,P2,CASC,-61.50,-59.99,-148,R,84901,1.0932
32110,P2,CASC,-61.65,-62.51,-147,R,84876,1.1018
32120,P2,CASC,-61.80,-64.99,-146,R,84850,1.1337
32130,P2,CASC,-61.95,-62.51,-148,R,84825,1.1393
32140,P2,CASC,-62.10,-62.51,-148,R,84800,1.1434
32150,P2,CASC,-62.25,-64.99,-146,R,84774,1.1708
32160,P2,CASC,-62.40,-62.51,-148,R,84749,1.1719
32170,P2,CASC,-62.55,-62.48,-148,R,84724,1.1711
32180,P2,CASC,-62.70,-62.53,-148,R,84699,1.1694
32190,P2,CASC,-62.85,-62.48,-148,R,84674,1.1657
32200,P2,CASC,-63.00,-62.51,-148,R,84649,1.1608
32210,P2,CASC,-63.15,-64.99,-147,R,84623,1.1791
32220,P2,CASC,-63.30,-60.02,-149,R,84599,1.1464
32230,P2,CASC,-63.45,-64.99,-148,R,84573,1.1617
32240,P2,CASC,-63.60,-62.51,-149,R,84548,1.1509
32250,P2,CASC,-63.75,-62.48,-149,R,84523,1.1382
32260,P2,CASC,-63.90,-62.50,-149,R,84498,1.1242
32270,P2,CASC,-64.05,-62.51,-149,R,84473,1.1087
32280,P2,CASC,-64.20,-65.01,-149,R,84447,1.1169
32290,P2,CASC,-64.35,-62.49,-150,R,84422,1.0982
32300,P2,CASC,-64.50,-62.51,-150,R,84397,1.0783
32310,P2,CASC,-64.65,-62.50,-150,R,84372,1.0568
32320,P2,CASC,-64.80,-65.01,-150,R,84346,1.0589
32330,P2,CASC,-64.95,-64.98,-150,R,84320,1.0592
32340,P2,CASC,-65.10,-62.49,-150,R,84295,1.0331
32350,P2,CASC,-65.25,-65.02,-150,R,84269,1.0308
32360,P2,CASC,-65.40,-65.00,-150,R,84243,1.0268
32370,P2,CASC,-65.55,-62.49,-151,R,84218,0.9962
32380,P2,CASC,-65.70,-65.02,-150,R,84192,0.9894
32390,P2,CASC,-65.85,-62.49,-151,R,84167,0.9558
32400,P2,CASC,-66.00,-65.00,-151,R,84141,0.9458
32410,P2,CASC,-66.15,-62.48,-152,R,84116,0.9091
32420,P2,CASC,-66.30,-65.01,-151,R,84090,0.8963
32430,P2,CASC,-66.45,-62.51,-152,R,84065,0.8568
32440,P2,CASC,-66.60,-62.51,-152,R,84040,0.8159
32450,P2,CASC,-66.75,-67.45,-151,R,84013,0.8229
32460,P2,CASC,-66.90,-62.53,-153,R,83988,0.7792
32470,P2,CASC,-67.05,-67.52,-152,R,83961,0.7839
32480,P2,CASC,-67.20,-65.00,-152,R,83935,0.7619
32490,P2,CASC,-67.35,-67.49,-152,R,83908,0.7633
32500,P2,CASC,-67.50,-65.01,-153,R,83882,0.7384
32510,P2,CASC,-67.65,-65.00,-153,R,83856,0.7119
32520,P2,CASC,-67.80,-67.48,-152,R,83829,0.7087
32530,P2,CASC,-67.95,-67.52,-152,R,83802,0.7044
32540,P2,CASC,-68.10,-67.47,-153,R,83775,0.6981
32550,P2,CASC,-68.25,-62.52,-154,R,83750,0.6408
32560,P2,CASC,-68.40,-69.99,-152,R,83722,0.6567
32570,P2,CASC,-68.55,-65.01,-154,R,83696,0.6213
32580,P2,CASC,-68.70,-69.98,-152,R,83668,0.6341
32590,P2,CASC,-68.85,-67.51,-153,R,83641,0.6207
32600,P2,CASC,-69.00,-67.50,-154,R,83614,0.6057
32610,P2,CASC,-69.15,-67.50,-154,R,83587,0.5892
32620,P2,CASC,-69.30,-67.50,-154,R,83560,0.5712
32630,P2,CASC,-69.45,-67.51,-154,R,83533,0.5518
32640,P2,CASC,-69.60,-64.99,-155,R,83507,0.5058
32650,P2,CASC,-69.75,-64.99,-155,R,83481,0.4581
32660,P2,CASC,-69.90,-65.02,-156,R,83455,0.4093
32670,P2,CASC,-70.05,-67.49,-155,R,83428,0.3837
32680,P2,CASC,-70.20,-65.01,-156,R,83402,0.3318
32690,P2,CASC,-70.35,-70.01,-155,R,83374,0.3283
32700,P2,CASC,-70.50,-67.49,-156,R,83347,0.2983
32710,P2,CASC,-70.65,-67.51,-156,R,83320,0.2668
32720,P2,CASC,-70.80,-70.00,-155,R,83292,0.2588
32730,P2,CASC,-70.95,-70.00,-156,R,83264,0.2493
32740,P2,CASC,-71.10,-67.50,-156,R,83237,0.2133
32750,P2,CASC,-71.25,-69.99,-156,R,83209,0.2007
32760,P2,CASC,-71.40,-70.01,-156,R,83181,0.1868
32770,P2,CASC,-71.55,-70.00,-156,R,83153,0.1713
32780,P2,CASC,-71.70,-72.50,-156,R,83124,0.1793
32790,P2,CASC,-71.85,-69.99,-157,R,83096,0.1606
32800,P2,CASC,-72.00,-70.01,-157,R,83068,0.1408
32810,P2,CASC,-72.15,-69.99,-157,R,83040,0.1191
32820,P2,CASC,-72.30,-72.52,-156,R,83011,0.1213
32830,P2,CASC,-72.45,-69.99,-157,R,82983,0.0968
32840,P2,CASC,-72.60,-69.99,-158,R,82955,0.0706
32850,P2,CASC,-72.75,-70.00,-158,R,82927,0.0431
32860,P2,CASC,-72.90,-70.01,-158,R,82899,0.0143
32870,P2,CASC,-73.05,-72.51,-157,R,82870,0.0088
32880,P2,CASC,-73.20,-69.98,-158,R,82842,-0.0234
32890,P2,CASC,-73.35,-70.00,-158,R,82814,-0.0569
32900,P2,CASC,-73.50,-70.02,-159,R,82786,-0.0917
32910,P2,CASC,-73.65,-74.99,-157,R,82756,-0.0783
32920,P2,CASC,-73.80,-72.51,-158,R,82727,-0.0912
32930,P2,CASC,-73.95,-70.01,-159,R,82699,-0.1307
32940,P2,CASC,-74.10,-72.48,-159,R,82670,-0.1469
32950,P2,CASC,-74.25,-75.01,-158,R,82640,-0.1393
32960,P2,CASC,-74.40,-72.51,-159,R,82611,-0.1582
32970,P2,CASC,-74.55,-72.51,-159,R,82582,-0.1787
32980,P2,CASC,-74.70,-72.48,-159,R,82553,-0.2009
32990,P2,CASC,-74.85,-77.52,-157,R,82522,-0.1742
33000,P2,CASC,-75.00,-72.50,-160,R,82493,-0.1992
33010,P2,CASC,-75.15,-74.99,-159,R,82463,-0.2008
33020,P2,CASC,-75.30,-77.49,-158,R,82432,-0.1789
33030,P2,CASC,-75.45,-75.00,-159,R,82402,-0.1834
33040,P2,CASC,-75.60,-74.99,-160,R,82372,-0.1894
33050,P2,CASC,-75.75,-77.52,-158,R,82341,-0.1718
33060,P2,CASC,-75.90,-75.00,-160,R,82311,-0.1808
33070,P2,CASC,-76.05,-75.01,-160,R,82281,-0.1911
33080,P2,CASC,-76.20,-74.99,-160,R,82251,-0.2033
33090,P2,CASC,-76.35,-74.99,-160,R,82221,-0.2169
33100,P2,CASC,-76.50,-75.02,-160,R,82191,-0.2316
33110,P2,CASC,-76.65,-77.50,-159,R,82160,-0.2231
33120,P2,CASC,-76.80,-74.99,-161,R,82130,-0.2412
33130,P2,CASC,-76.95,-74.99,-161,R,82100,-0.2608
33140,P2,CASC,-77.10,-75.01,-161,R,82070,-0.2817
33150,P2,CASC,-77.25,-77.51,-160,R,82039,-0.2791
33160,P2,CASC,-77.40,-75.00,-161,R,82009,-0.3031
33170,P2,CASC,-77.55,-77.48,-161,R,81978,-0.3038
33180,P2,CASC,-77.70,-75.01,-162,R,81948,-0.3307
33190,P2,CASC,-77.85,-77.50,-161,R,81917,-0.3342
33200,P2,CASC,-78.00,-77.50,-161,R,81886,-0.3392
33210,P2,CASC,-78.15,-77.48,-161,R,81855,-0.3459
33220,P2,CASC,-78.30,-77.52,-162,R,81824,-0.3537
33230,P2,CASC,-78.45,-77.48,-162,R,81793,-0.3634
33240,P2,CASC,-78.60,-75.01,-163,R,81763,-0.3993
33250,P2,CASC,-78.75,-77.51,-162,R,81732,-0.4117
33260,P2,CASC,-78.90,-75.00,-163,R,81702,-0.4507
33270,P2,CASC,-79.05,-74.98,-163,R,81672,-0.4914
33280,P2,CASC,-79.20,-77.53,-163,R,81641,-0.5081
33290,P2,CASC,-79.35,-77.49,-163,R,81610,-0.5267
33300,P2,CASC,-79.50,-74.99,-164,R,81580,-0.5718
33310,P2,CASC,-79.65,-80.00,-162,R,81548,-0.5683
33320,P2,CASC,-79.80,-77.51,-164,R,81517,-0.5912
33330,P2,CASC,-79.95,-75.00,-164,R,81487,-0.6407
33340,P2,CASC,-80.10,-79.98,-163,R,81455,-0.6419
33350,P2,CASC,-80.25,-77.50,-164,R,81424,-0.6694
33360,P2,CASC,-80.40,-77.49,-164,R,81393,-0.6984
33370,P2,CASC,-80.55,-77.53,-165,R,81362,-0.7286
33380,P2,CASC,-80.70,-77.49,-165,R,81331,-0.7607
33390,P2,CASC,-80.85,-77.49,-165,R,81300,-0.7943
33400,P2,CASC,-81.00,-80.02,-165,R,81268,-0.8041
33410,P2,CASC,-81.15,-77.47,-165,R,81237,-0.8409
33420,P2,CASC,-81.30,-80.02,-165,R,81205,-0.8538
33430,P2,CASC,-81.45,-77.51,-166,R,81174,-0.8932
33440,P2,CASC,-81.60,-77.51,-166,R,81143,-0.9341
33450,P2,CASC,-81.75,-77.48,-166,R,81112,-0.9768
33460,P2,CASC,-81.90,-77.49,-167,R,81081,-1.0209
33470,P2,CASC,-82.05,-75.01,-168,R,81051,-1.0913
33480,P2,CASC,-82.20,-77.50,-167,R,81020,-1.1383
33490,P2,CASC,-82.35,-75.01,-168,R,80990,-1.2116
33500,P2,CASC,-82.50,-77.48,-168,R,80959,-1.2619
33510,P2,CASC,-82.65,-77.49,-168,R,80928,-1.3134
33520,P2,CASC,-82.80,-80.00,-168,R,80896,-1.3414
33530,P2,CASC,-82.95,-80.02,-168,R,80864,-1.3708
33540,P2,CASC,-83.10,-77.50,-169,R,80833,-1.4268
33550,P2,CASC,-83.25,-80.01,-168,R,80801,-1.4592
33560,P2,CASC,-83.40,-79.99,-169,R,80769,-1.4933
33570,P2,CASC,-83.55,-80.01,-169,R,80737,-1.5287
33580,P2,CASC,-83.70,-79.98,-169,R,80705,-1.5659
33590,P2,CASC,-83.85,-82.53,-169,R,80672,-1.5791
33600,P2,CASC,-84.00,-80.00,-170,R,80640,-1.6191
33610,P2,CASC,-84.15,-79.98,-170,R,80608,-1.6608
33620,P2,CASC,-84.30,-80.01,-170,R,80576,-1.7037
33630,P2,CASC,-84.45,-80.00,-170,R,80544,-1.7482
33640,P2,CASC,-84.60,-77.51,-171,R,80513,-1.8191
33650,P2,CASC,-84.75,-79.98,-171,R,80481,-1.8668
33660,P2,CASC,-84.90,-77.48,-172,R,80450,-1.9409
33670,P2,CASC,-85.05,-80.02,-172,R,80418,-1.9912
33680,P2,CASC,-85.20,-77.49,-173,R,80387,-2.0683
33690,P2,CASC,-85.35,-82.51,-172,R,80354,-2.0967
33700,P2,CASC,-85.50,-79.98,-172,R,80322,-2.1518
33710,P2,CASC,-85.65,-77.52,-173,R,80291,-2.2332
33720,P2,CASC,-85.80,-82.51,-172,R,80258,-2.2661
33730,P2,CASC,-85.95,-79.98,-173,R,80226,-2.3258
33740,P2,CASC,-86.10,-79.99,-174,R,80194,-2.3868
33750,P2,CASC,-86.25,-82.52,-173,R,80161,-2.4241
33760,P2,CASC,-86.40,-82.50,-174,R,80128,-2.4631
33770,P2,CASC,-86.55,-79.98,-174,R,80096,-2.5288
33780,P2,CASC,-86.70,-82.50,-174,R,80063,-2.5708
33790,P2,CASC,-86.85,-82.51,-174,R,80030,-2.6143
33800,P2,CASC,-87.00,-82.50,-175,R,79997,-2.6593
33810,P2,CASC,-87.15,-82.49,-175,R,79964,-2.7058
33820,P2,CASC,-87.30,-82.51,-175,R,79931,-2.7538
33830,P2,CASC,-87.45,-82.50,-175,R,79898,-2.8033
33840,P2,CASC,-87.60,-82.50,-176,R,79865,-2.8543
33850,P2,CASC,-87.75,-79.99,-177,R,79833,-2.9318
33860,P2,CASC,-87.90,-82.50,-176,R,79800,-2.9858
33870,P2,CASC,-88.05,-82.52,-177,R,79767,-3.0412
33880,P2,CASC,-88.20,-82.49,-177,R,79734,-3.0983
33890,P2,CASC,-88.35,-82.52,-177,R,79701,-3.1566
33900,P2,CASC,-88.50,-82.49,-177,R,79668,-3.2167
33910,P2,CASC,-88.65,-85.01,-177,R,79634,-3.2531
33920,P2,CASC,-88.80,-82.50,-178,R,79601,-3.3161
33930,P2,CASC,-88.95,-84.97,-178,R,79567,-3.3558
33940,P2,CASC,-89.10,-84.99,-178,R,79533,-3.3969
33950,P2,CASC,-89.25,-85.02,-178,R,79499,-3.4393
33960,P2,CASC,-89.40,-85.02,-178,R,79465,-3.4831
33970,P2,CASC,-89.55,-87.50,-178,R,79430,-3.5036
33980,P2,CASC,-89.70,-84.98,-179,R,79396,-3.5508
33990,P2,CASC,-89.85,-87.50,-179,R,79361,-3.5743
34000,P2,CASC,-90.00,-85.01,-179,R,79327,-3.6242
34010,P2,CASC,-90.15,-84.99,-180,R,79293,-3.6758
34020,P2,CASC,-90.30,-84.98,-180,R,79259,-3.7289
34030,P2,CASC,-90.45,-85.02,-180,R,79225,-3.7833
34040,P2,CASC,-90.60,-85.02,-181,R,79191,-3.8391
34050,P2,CASC,-90.75,-89.97,-179,R,79155,-3.8469
34060,P2,CASC,-90.90,-90.00,-180,R,79119,-3.8559
34070,P2,CASC,-91.05,-87.50,-180,R,79084,-3.8914
34080,P2,CASC,-91.20,-87.53,-181,R,79049,-3.9281
34090,P2,CASC,-91.35,-89.99,-180,R,79013,-3.9417
34100,P2,CASC,-91.50,-87.51,-181,R,78978,-3.9816
34110,P2,CASC,-91.65,-87.47,-181,R,78943,-4.0234
34120,P2,CASC,-91.80,-90.00,-181,R,78907,-4.0414
34130,P2,CASC,-91.95,-90.01,-181,R,78871,-4.0608
34140,P2,CASC,-92.10,-89.99,-181,R,78835,-4.0819
34150,P2,CASC,-92.25,-92.52,-179,R,78798,-4.0792
34160,P2,CASC,-92.40,-87.48,-182,R,78763,-4.1284
34170,P2,CASC,-92.55,-90.01,-182,R,78727,-4.1538
34180,P2,CASC,-92.70,-87.49,-183,R,78692,-4.2058
34190,P2,CASC,-92.85,-87.51,-183,R,78657,-4.2593
34200,P2,CASC,-93.00,-89.99,-183,R,78621,-4.2894
34210,P2,CASC,-93.15,-87.51,-184,R,78586,-4.3458
34220,P2,CASC,-93.30,-92.51,-183,R,78549,-4.3537
34230,P2,CASC,-93.45,-92.48,-183,R,78512,-4.3634
34240,P2,CASC,-93.60,-92.50,-183,R,78475,-4.3744
34250,P2,CASC,-93.75,-95.01,-180,R,78437,-4.3618
34260,P2,CASC,-93.90,-95.01,-180,R,78399,-4.3507
34270,P2,CASC,-94.05,-92.49,-183,R,78362,-4.3663
34280,P2,CASC,-94.20,-97.49,-179,R,78323,-4.3334
34290,P2,CASC,-94.35,-95.02,-181,R,78285,-4.3267
34300,P2,CASC,-94.50,-94.99,-181,R,78247,-4.3218
34310,P2,CASC,-94.65,-94.99,-181,R,78209,-4.3184
34320,P2,CASC,-94.80,-95.02,-182,R,78171,-4.3162
34330,P2,CASC,-94.95,-95.01,-182,R,78133,-4.3156
34340,P2,CASC,-95.10,-92.50,-184,R,78096,-4.3416
34350,P2,CASC,-95.25,-92.50,-185,R,78059,-4.3691
34360,P2,CASC,-95.40,-97.46,-181,R,78020,-4.3485
34370,P2,CASC,-95.55,-92.54,-185,R,77983,-4.3786
34380,P2,CASC,-95.70,-97.50,-181,R,77944,-4.3606
34390,P2,CASC,-95.85,-94.98,-184,R,77906,-4.3693
34400,P2,CASC,-96.00,-94.98,-185,R,77868,-4.3795
34410,P2,CASC,-96.15,-97.53,-182,R,77829,-4.3657
34420,P2,CASC,-96.30,-94.99,-185,R,77791,-4.3788
34430,P2,CASC,-96.45,-97.52,-182,R,77752,-4.3681
34440,P2,CASC,-96.60,-97.49,-183,R,77713,-4.3592
34450,P2,CASC,-96.75,-97.49,-183,R,77674,-4.3518
34460,P2,CASC,-96.90,-97.52,-183,R,77635,-4.3456
34470,P2,CASC,-97.05,-99.97,-181,R,77595,-4.3164
34480,P2,CASC,-97.20,-97.50,-183,R,77556,-4.3134
34490,P2,CASC,-97.35,-95.02,-186,R,77518,-4.3367
34500,P2,CASC,-97.50,-97.48,-185,R,77479,-4.3369
34510,P2,CASC,-97.65,-97.52,-185,R,77440,-4.3382
34520,P2,CASC,-97.80,-97.51,-186,R,77401,-4.3411
34530,P2,CASC,-97.95,-97.49,-186,R,77362,-4.3457
34540,P2,CASC,-98.10,-99.97,-183,R,77322,-4.3270
34550,P2,CASC,-98.25,-97.51,-186,R,77283,-4.3344
34560,P2,CASC,-98.40,-100.02,-183,R,77243,-4.3182
34570,P2,CASC,-98.55,-100.01,-183,R,77203,-4.3036
34580,P2,CASC,-98.70,-99.99,-184,R,77163,-4.2907
34590,P2,CASC,-98.85,-100.00,-184,R,77123,-4.2792
34600,P2,CASC,-99.00,-100.00,-184,R,77083,-4.2692
34610,P2,CASC,-99.15,-102.48,-182,R,77042,-4.2359
34620,P2,CASC,-99.30,-100.03,-184,R,77002,-4.2286
34630,P2,CASC,-99.45,-99.99,-184,R,76962,-4.2232
34640,P2,CASC,-99.60,-99.96,-185,R,76922,-4.2196
34650,P2,CASC,-99.75,-95.04,-188,R,76884,-4.2667
34660,P2,CASC,-99.90,-99.97,-185,R,76844,-4.2660
34670,P2,CASC,-100.05,-97.51,-188,R,76805,-4.2914
34680,P2,CASC,-100.20,-102.51,-184,R,76764,-4.2683
34690,P2,CASC,-100.35,-102.51,-184,R,76723,-4.2467
34700,P2,CASC,-100.50,-97.48,-188,R,76684,-4.2769
34710,P2,CASC,-100.65,-102.53,-184,R,76643,-4.2581
34720,P2,CASC,-100.80,-99.98,-188,R,76603,-4.2663
34730,P2,CASC,-100.95,-100.01,-188,R,76563,-4.2757
34740,P2,CASC,-101.10,-102.48,-185,R,76522,-4.2619
34750,P2,CASC,-101.25,-100.01,-188,R,76482,-4.2743
34760,P2,CASC,-101.40,-105.00,-184,R,76440,-4.2383
34770,P2,CASC,-101.55,-102.50,-186,R,76399,-4.2288
34780,P2,CASC,-101.70,-100.02,-188,R,76359,-4.2456
34790,P2,CASC,-101.85,-99.97,-188,R,76319,-4.2644
34800,P2,CASC,-102.00,-100.03,-189,R,76279,-4.2841
34810,P2,CASC,-102.15,-99.99,-189,R,76239,-4.3057
34820,P2,CASC,-102.30,-100.00,-189,R,76199,-4.3287
34830,P2,CASC,-102.45,-102.51,-187,R,76158,-4.3281
34840,P2,CASC,-102.60,-104.98,-185,R,76116,-4.3043
34850,P2,CASC,-102.75,-102.51,-189,R,76075,-4.3067
34860,P2,CASC,-102.90,-104.99,-186,R,76033,-4.2858
34870,P2,CASC,-103.05,-107.49,-184,R,75990,-4.2414
34880,P2,CASC,-103.20,-105.00,-186,R,75948,-4.2234
34890,P2,CASC,-103.35,-107.50,-184,R,75905,-4.1819
34900,P2,CASC,-103.50,-104.99,-186,R,75863,-4.1670
34910,P2,CASC,-103.65,-107.52,-185,R,75820,-4.1283
34920,P2,CASC,-103.80,-105.00,-186,R,75778,-4.1163
34930,P2,CASC,-103.95,-104.98,-187,R,75736,-4.1060
34940,P2,CASC,-104.10,-102.52,-189,R,75695,-4.1218
34950,P2,CASC,-104.25,-102.52,-190,R,75654,-4.1391
34960,P2,CASC,-104.40,-107.46,-186,R,75611,-4.1085
34970,P2,CASC,-104.55,-105.04,-187,R,75569,-4.1036
34980,P2,CASC,-104.70,-104.96,-188,R,75527,-4.1010
34990,P2,CASC,-104.85,-105.04,-188,R,75485,-4.0991
35000,P2,CASC,-105.00,-107.50,-186,R,75442,-4.0741
35010,P2,CASC,-105.15,-104.99,-190,R,75400,-4.0757
35020,P2,CASC,-105.30,-104.98,-190,R,75358,-4.0789
35030,P2,CASC,-105.45,-107.53,-187,R,75315,-4.0581
35040,P2,CASC,-105.60,-107.48,-187,R,75272,-4.0393
35050,P2,CASC,-105.75,-107.52,-187,R,75229,-4.0216
35060,P2,CASC,-105.90,-110.00,-186,R,75185,-3.9806
35070,P2,CASC,-106.05,-107.41,-187,R,75142,-3.9670
35080,P2,CASC,-106.20,-105.05,-190,R,75100,-3.9784
35090,P2,CASC,-106.35,-105.03,-190,R,75058,-3.9916
35100,P2,CASC,-106.50,-107.50,-188,R,75015,-3.9816
35110,P2,CASC,-106.65,-107.47,-188,R,74972,-3.9735
35120,P2,CASC,-106.80,-107.51,-188,R,74929,-3.9663
35130,P2,CASC,-106.95,-104.99,-191,R,74887,-3.9859
35140,P2,CASC,-107.10,-110.01,-187,R,74843,-3.9568
35150,P2,CASC,-107.25,-107.48,-189,R,74800,-3.9546
35160,P2,CASC,-107.40,-110.03,-187,R,74756,-3.9282
35170,P2,CASC,-107.55,-109.99,-188,R,74712,-3.9038
35180,P2,CASC,-107.70,-110.01,-188,R,74668,-3.8807
35190,P2,CASC,-107.85,-109.98,-188,R,74624,-3.8594
35200,P2,CASC,-108.00,-110.03,-188,R,74580,-3.8391
35210,P2,CASC,-108.15,-107.48,-191,R,74537,-3.8458
35220,P2,CASC,-108.30,-107.48,-191,R,74494,-3.8540
35230,P2,CASC,-108.45,-107.51,-191,R,74451,-3.8634
35240,P2,CASC,-108.60,-107.53,-191,R,74408,-3.8741
35250,P2,CASC,-108.75,-109.96,-189,R,74364,-3.8621
35260,P2,CASC,-108.90,-112.53,-187,R,74319,-3.8257
35270,P2,CASC,-109.05,-107.50,-192,R,74276,-3.8412
35280,P2,CASC,-109.20,-110.00,-189,R,74232,-3.8332
35290,P2,CASC,-109.35,-109.99,-190,R,74188,-3.8268
35300,P2,CASC,-109.50,-107.52,-192,R,74145,-3.8466
35310,P2,CASC,-109.65,-110.00,-190,R,74101,-3.8431
35320,P2,CASC,-109.80,-112.49,-189,R,74056,-3.8162
35330,P2,CASC,-109.95,-109.99,-190,R,74012,-3.8158
35340,P2,CASC,-110.10,-110.00,-192,R,73968,-3.8168
35350,P2,CASC,-110.25,-107.49,-193,R,73925,-3.8444
35360,P2,CASC,-110.40,-110.01,-192,R,73881,-3.8483
35370,P2,CASC,-110.55,-107.48,-193,R,73838,-3.8790
35380,P2,CASC,-110.70,-107.50,-193,R,73795,-3.9110
35390,P2,CASC,-110.85,-110.02,-193,R,73751,-3.9193
35400,P2,CASC,-111.00,-112.50,-190,R,73706,-3.9043
35410,P2,CASC,-111.15,-114.98,-189,R,73660,-3.8661
35420,P2,CASC,-111.30,-115.05,-189,R,73614,-3.8286
35430,P2,CASC,-111.45,-112.50,-191,R,73569,-3.8181
35440,P2,CASC,-111.60,-114.98,-189,R,73523,-3.7843
35450,P2,CASC,-111.75,-115.01,-189,R,73477,-3.7517
35460,P2,CASC,-111.90,-114.97,-189,R,73431,-3.7211
35470,P2,CASC,-112.05,-115.01,-189,R,73385,-3.6914
35480,P2,CASC,-112.20,-112.50,-191,R,73340,-3.6884
35490,P2,CASC,-112.35,-112.50,-191,R,73295,-3.6869
35500,P2,CASC,-112.50,-110.01,-194,R,73251,-3.7118
35510,P2,CASC,-112.65,-112.52,-193,R,73206,-3.7131
35520,P2,CASC,-112.80,-114.98,-190,R,73160,-3.6913
35530,P2,CASC,-112.95,-112.50,-194,R,73115,-3.6958
35540,P2,CASC,-113.10,-115.02,-191,R,73069,-3.6766
35550,P2,CASC,-113.25,-114.98,-191,R,73023,-3.6593
35560,P2,CASC,-113.40,-114.99,-191,R,72977,-3.6435
35570,P2,CASC,-113.55,-114.99,-191,R,72931,-3.6291
35580,P2,CASC,-113.70,-112.50,-194,R,72886,-3.6411
35590,P2,CASC,-113.85,-115.01,-192,R,72840,-3.6295
35600,P2,CASC,-114.00,-117.50,-190,R,72793,-3.5945
35610,P2,CASC,-114.15,-115.01,-192,R,72747,-3.5858
35620,P2,CASC,-114.30,-114.98,-192,R,72701,-3.5791
35630,P2,CASC,-114.45,-112.53,-195,R,72656,-3.5982
35640,P2,CASC,-114.60,-115.01,-193,R,72610,-3.5941
35650,P2,CASC,-114.75,-114.95,-193,R,72564,-3.5921
35660,P2,CASC,-114.90,-115.01,-193,R,72518,-3.5910
35670,P2,CASC,-115.05,-117.50,-191,R,72471,-3.5665
35680,P2,CASC,-115.20,-117.52,-192,R,72424,-3.5432
35690,P2,CASC,-115.35,-117.49,-192,R,72377,-3.5218
35700,P2,CASC,-115.50,-117.48,-192,R,72330,-3.5021
35710,P2,CASC,-115.65,-117.52,-192,R,72283,-3.4833
35720,P2,CASC,-115.80,-119.93,-190,R,72235,-3.4421
35730,P2,CASC,-115.95,-117.58,-192,R,72188,-3.4257
35740,P2,CASC,-116.10,-117.49,-192,R,72141,-3.4119
35750,P2,CASC,-116.25,-114.97,-195,R,72095,-3.4247
35760,P2,CASC,-116.40,-112.56,-196,R,72050,-3.4631
35770,P2,CASC,-116.55,-117.45,-193,R,72003,-3.4541
35780,P2,CASC,-116.70,-117.55,-193,R,71956,-3.4456
35790,P2,CASC,-116.85,-117.46,-193,R,71909,-3.4395
35800,P2,CASC,-117.00,-117.54,-194,R,71862,-3.4341
35810,P2,CASC,-117.15,-117.48,-194,R,71815,-3.4309
35820,P2,CASC,-117.30,-117.50,-194,R,71768,-3.4289
35830,P2,CASC,-117.45,-117.49,-194,R,71721,-3.4285
35840,P2,CASC,-117.60,-117.50,-196,R,71674,-3.4295
35850,P2,CASC,-117.75,-120.01,-193,R,71626,-3.4069
35860,P2,CASC,-117.90,-117.49,-196,R,71579,-3.4110
35870,P2,CASC,-118.05,-117.54,-196,R,71532,-3.4161
35880,P2,CASC,-118.20,-114.99,-197,R,71486,-3.4482
35890,P2,CASC,-118.35,-114.97,-197,R,71440,-3.4821
35900,P2,CASC,-118.50,-115.05,-197,R,71394,-3.5166
35910,P2,CASC,-118.65,-119.98,-194,R,71346,-3.5034
35920,P2,CASC,-118.80,-119.98,-194,R,71298,-3.4916
35930,P2,CASC,-118.95,-122.55,-193,R,71249,-3.4556
35940,P2,CASC,-119.10,-122.48,-193,R,71200,-3.4219
35950,P2,CASC,-119.25,-122.49,-193,R,71151,-3.3895
35960,P2,CASC,-119.40,-122.54,-193,R,71102,-3.3581
35970,P2,CASC,-119.55,-124.95,-192,R,71052,-3.3041
35980,P2,CASC,-119.70,-122.51,-193,R,71003,-3.2760
35990,P2,CASC,-119.85,-120.02,-195,R,70955,-3.2743
36000,P2,CASC,-120.00,-119.98,-197,R,70907,-3.2745
36010,P2,CASC,-120.15,-120.04,-197,R,70859,-3.2756
36020,P2,CASC,-120.30,-122.46,-194,R,70810,-3.2540
36030,P2,CASC,-120.45,-122.54,-194,R,70761,-3.2331
36040,P2,CASC,-120.60,-119.96,-197,R,70713,-3.2395
36050,P2,CASC,-120.75,-122.50,-195,R,70664,-3.2220
36060,P2,CASC,-120.90,-122.51,-195,R,70615,-3.2059
36070,P2,CASC,-121.05,-122.52,-195,R,70566,-3.1911
36080,P2,CASC,-121.20,-122.45,-195,R,70517,-3.1786
36090,P2,CASC,-121.35,-122.50,-195,R,70468,-3.1671
36100,P2,CASC,-121.50,-122.52,-195,R,70419,-3.1569
36110,P2,CASC,-121.65,-122.52,-196,R,70370,-3.1481
36120,P2,CASC,-121.80,-122.46,-196,R,70321,-3.1415
36130,P2,CASC,-121.95,-122.50,-196,R,70272,-3.1360
36140,P2,CASC,-122.10,-122.49,-196,R,70223,-3.1321
36150,P2,CASC,-122.25,-122.50,-196,R,70174,-3.1296
36160,P2,CASC,-122.40,-122.55,-196,R,70125,-3.1281
36170,P2,CASC,-122.55,-122.49,-198,R,70076,-3.1288
36180,P2,CASC,-122.70,-125.01,-195,R,70026,-3.1056
36190,P2,CASC,-122.85,-124.96,-195,R,69976,-3.0845
36200,P2,CASC,-123.00,-125.04,-195,R,69926,-3.0641
36210,P2,CASC,-123.15,-127.47,-194,R,69875,-3.0209
36220,P2,CASC,-123.30,-125.01,-196,R,69825,-3.0038
36230,P2,CASC,-123.45,-124.99,-196,R,69775,-2.9884
36240,P2,CASC,-123.60,-125.01,-196,R,69725,-2.9743
36250,P2,CASC,-123.75,-122.46,-199,R,69676,-2.9871
36260,P2,CASC,-123.90,-122.54,-199,R,69627,-3.0008
36270,P2,CASC,-124.05,-124.98,-197,R,69577,-2.9915
36280,P2,CASC,-124.20,-127.51,-195,R,69526,-2.9584
36290,P2,CASC,-124.35,-122.48,-199,R,69477,-2.9771
36300,P2,CASC,-124.50,-125.03,-197,R,69427,-2.9719
36310,P2,CASC,-124.65,-127.41,-196,R,69376,-2.9443
36320,P2,CASC,-124.80,-122.56,-199,R,69327,-2.9667
36330,P2,CASC,-124.95,-125.01,-198,R,69277,-2.9660
36340,P2,CASC,-125.10,-127.49,-196,R,69226,-2.9422
36350,P2,CASC,-125.25,-125.03,-199,R,69176,-2.9444
36360,P2,CASC,-125.40,-125.00,-199,R,69126,-2.9484
36370,P2,CASC,-125.55,-122.49,-200,R,69077,-2.9790
36380,P2,CASC,-125.70,-122.50,-200,R,69028,-3.0110
36390,P2,CASC,-125.85,-122.50,-200,R,68979,-3.0445
36400,P2,CASC,-126.00,-127.50,-198,R,68928,-3.0295
36410,P2,CASC,-126.15,-127.51,-198,R,68877,-3.0159
36420,P2,CASC,-126.30,-127.47,-198,R,68826,-3.0042
36430,P2,CASC,-126.45,-132.54,-195,R,68773,-2.9433
36440,P2,CASC,-126.60,-129.99,-196,R,68721,-2.9094
36450,P2,CASC,-126.75,-130.00,-197,R,68669,-2.8769
36460,P2,CASC,-126.90,-129.99,-197,R,68617,-2.8460
36470,P2,CASC,-127.05,-129.99,-197,R,68565,-2.8166
36480,P2,CASC,-127.20,-130.04,-197,R,68513,-2.7883
36490,P2,CASC,-127.35,-124.96,-201,R,68463,-2.8121
36500,P2,CASC,-127.50,-130.05,-197,R,68411,-2.7866
36510,P2,CASC,-127.65,-127.50,-200,R,68360,-2.7881
36520,P2,CASC,-127.80,-129.97,-198,R,68308,-2.7664
36530,P2,CASC,-127.95,-130.01,-198,R,68256,-2.7457
36540,P2,CASC,-128.10,-127.50,-200,R,68205,-2.7517
36550,P2,CASC,-128.25,-130.00,-198,R,68153,-2.7342
36560,P2,CASC,-128.40,-130.01,-198,R,68101,-2.7181
36570,P2,CASC,-128.55,-129.99,-198,R,68049,-2.7037
36580,P2,CASC,-128.70,-130.01,-199,R,67997,-2.6906
36590,P2,CASC,-128.85,-129.97,-199,R,67945,-2.6794
36600,P2,CASC,-129.00,-130.03,-199,R,67893,-2.6691
36610,P2,CASC,-129.15,-127.50,-201,R,67842,-2.6856
36620,P2,CASC,-129.30,-127.49,-201,R,67791,-2.7037
36630,P2,CASC,-129.45,-130.00,-200,R,67739,-2.6982
36640,P2,CASC,-129.60,-132.51,-198,R,67686,-2.6691
36650,P2,CASC,-129.75,-132.47,-198,R,67633,-2.6419
36660,P2,CASC,-129.90,-132.50,-198,R,67580,-2.6159
36670,P2,CASC,-130.05,-132.53,-198,R,67527,-2.5911
36680,P2,CASC,-130.20,-132.46,-199,R,67474,-2.5685
36690,P2,CASC,-130.35,-135.03,-197,R,67420,-2.5217
36700,P2,CASC,-130.50,-132.49,-199,R,67367,-2.5019
36710,P2,CASC,-130.65,-130.01,-201,R,67315,-2.5082
36720,P2,CASC,-130.80,-130.01,-202,R,67263,-2.5161
36730,P2,CASC,-130.95,-130.00,-202,R,67211,-2.5256
36740,P2,CASC,-131.10,-132.49,-200,R,67158,-2.5117
36750,P2,CASC,-131.25,-132.47,-200,R,67105,-2.4995
36760,P2,CASC,-131.40,-132.50,-200,R,67052,-2.4885
36770,P2,CASC,-131.55,-132.53,-200,R,66999,-2.4787
36780,P2,CASC,-131.70,-130.00,-202,R,66947,-2.4957
36790,P2,CASC,-131.85,-132.51,-201,R,66894,-2.4891
36800,P2,CASC,-132.00,-135.00,-199,R,66840,-2.4591
36810,P2,CASC,-132.15,-132.47,-201,R,66787,-2.4559
36820,P2,CASC,-132.30,-132.47,-201,R,66734,-2.4541
36830,P2,CASC,-132.45,-127.55,-203,R,66683,-2.5031
36840,P2,CASC,-132.60,-127.47,-204,R,66632,-2.5544
36850,P2,CASC,-132.75,-129.97,-203,R,66580,-2.5821
36860,P2,CASC,-132.90,-135.04,-200,R,66526,-2.5607
36870,P2,CASC,-133.05,-134.99,-201,R,66472,-2.5414
36880,P2,CASC,-133.20,-137.51,-199,R,66417,-2.4982
36890,P2,CASC,-133.35,-135.01,-201,R,66363,-2.4816
36900,P2,CASC,-133.50,-137.50,-199,R,66308,-2.4416
36910,P2,CASC,-133.65,-139.99,-198,R,66252,-2.3782
36920,P2,CASC,-133.80,-135.00,-201,R,66198,-2.3662
36930,P2,CASC,-133.95,-137.46,-200,R,66143,-2.3312
36940,P2,CASC,-134.10,-135.04,-201,R,66089,-2.3217
36950,P2,CASC,-134.25,-132.47,-203,R,66036,-2.3395
36960,P2,CASC,-134.40,-135.01,-202,R,65982,-2.3334
36970,P2,CASC,-134.55,-137.49,-200,R,65927,-2.3040
36980,P2,CASC,-134.70,-135.01,-202,R,65873,-2.3009
36990,P2,CASC,-134.85,-134.99,-202,R,65819,-2.2995
37000,P2,CASC,-135.00,-137.51,-201,R,65764,-2.2744
37010,P2,CASC,-135.15,-137.49,-201,R,65709,-2.2510
37020,P2,CASC,-135.30,-135.04,-203,R,65655,-2.2536
37030,P2,CASC,-135.45,-135.00,-204,R,65601,-2.2581
37040,P2,CASC,-135.60,-137.46,-201,R,65546,-2.2395
37050,P2,CASC,-135.75,-135.00,-204,R,65492,-2.2470
37060,P2,CASC,-135.90,-137.49,-202,R,65437,-2.2312
37070,P2,CASC,-136.05,-134.93,-204,R,65383,-2.2423
37080,P2,CASC,-136.20,-137.61,-202,R,65328,-2.2282
37090,P2,CASC,-136.35,-134.99,-204,R,65274,-2.2419
37100,P2,CASC,-136.50,-140.01,-201,R,65218,-2.2067
37110,P2,CASC,-136.65,-139.99,-201,R,65162,-2.1734
37120,P2,CASC,-136.80,-140.00,-201,R,65106,-2.1414
37130,P2,CASC,-136.95,-142.50,-200,R,65049,-2.0859
37140,P2,CASC,-137.10,-137.50,-203,R,64994,-2.0819
37150,P2,CASC,-137.25,-139.99,-202,R,64938,-2.0545
37160,P2,CASC,-137.40,-135.04,-205,R,64884,-2.0781
37170,P2,CASC,-137.55,-137.49,-204,R,64829,-2.0787
37180,P2,CASC,-137.70,-137.47,-204,R,64774,-2.0810
37190,P2,CASC,-137.85,-140.04,-202,R,64718,-2.0591
37200,P2,CASC,-138.00,-137.47,-205,R,64663,-2.0644
37210,P2,CASC,-138.15,-140.01,-203,R,64607,-2.0457
37220,P2,CASC,-138.30,-137.47,-205,R,64552,-2.0540
37230,P2,CASC,-138.45,-137.50,-205,R,64497,-2.0635
37240,P2,CASC,-138.60,-140.03,-203,R,64441,-2.0492
37250,P2,CASC,-138.75,-139.96,-203,R,64385,-2.0371
37260,P2,CASC,-138.90,-137.50,-205,R,64330,-2.0511
37270,P2,CASC,-139.05,-135.01,-206,R,64276,-2.0915
37280,P2,CASC,-139.20,-135.04,-207,R,64222,-2.1331
37290,P2,CASC,-139.35,-137.47,-206,R,64167,-2.1519
37300,P2,CASC,-139.50,-140.00,-205,R,64111,-2.1469
37310,P2,CASC,-139.65,-142.50,-203,R,64054,-2.1184
37320,P2,CASC,-139.80,-142.47,-203,R,63997,-2.0917
37330,P2,CASC,-139.95,-145.03,-202,R,63939,-2.0409
37340,P2,CASC,-140.10,-145.00,-202,R,63881,-1.9919
37350,P2,CASC,-140.25,-142.50,-203,R,63824,-1.9694
37360,P2,CASC,-140.40,-142.50,-204,R,63767,-1.9484
37370,P2,CASC,-140.55,-142.51,-204,R,63710,-1.9287
37380,P2,CASC,-140.70,-140.00,-206,R,63654,-1.9357
37390,P2,CASC,-140.85,-142.51,-204,R,63597,-1.9191
37400,P2,CASC,-141.00,-142.50,-204,R,63540,-1.9041
37410,P2,CASC,-141.15,-142.47,-204,R,63483,-1.8909
37420,P2,CASC,-141.30,-142.53,-205,R,63426,-1.8786
37430,P2,CASC,-141.45,-142.49,-205,R,63369,-1.8682
37440,P2,CASC,-141.60,-142.51,-205,R,63312,-1.8591
37450,P2,CASC,-141.75,-142.46,-205,R,63255,-1.8520
37460,P2,CASC,-141.90,-142.53,-205,R,63198,-1.8457
37470,P2,CASC,-142.05,-142.49,-206,R,63141,-1.8414
37480,P2,CASC,-142.20,-142.47,-206,R,63084,-1.8387
37490,P2,CASC,-142.35,-142.43,-206,R,63027,-1.8379
37500,P2,CASC,-142.50,-140.07,-207,R,62971,-1.8622
37510,P2,CASC,-142.65,-142.54,-207,R,62914,-1.8632
37520,P2,CASC,-142.80,-145.01,-205,R,62856,-1.8411
37530,P2,CASC,-142.95,-144.96,-205,R,62798,-1.8210
37540,P2,CASC,-143.10,-147.50,-203,R,62739,-1.7770
37550,P2,CASC,-143.25,-145.04,-205,R,62681,-1.7591
37560,P2,CASC,-143.40,-149.97,-202,R,62621,-1.6934
37570,P2,CASC,-143.55,-144.99,-205,R,62563,-1.6790
37580,P2,CASC,-143.70,-142.53,-207,R,62506,-1.6908
37590,P2,CASC,-143.85,-142.47,-208,R,62449,-1.7045
37600,P2,CASC,-144.00,-142.51,-208,R,62392,-1.7194
37610,P2,CASC,-144.15,-147.50,-205,R,62333,-1.6859
37620,P2,CASC,-144.30,-142.47,-208,R,62276,-1.7042
37630,P2,CASC,-144.45,-145.00,-207,R,62218,-1.6987
37640,P2,CASC,-144.60,-145.06,-207,R,62160,-1.6941
37650,P2,CASC,-144.75,-145.00,-207,R,62102,-1.6916
37660,P2,CASC,-144.90,-144.94,-207,R,62044,-1.6912
37670,P2,CASC,-145.05,-145.06,-207,R,61986,-1.6911
37680,P2,CASC,-145.20,-144.99,-208,R,61928,-1.6932
37690,P2,CASC,-145.35,-140.00,-210,R,61872,-1.7467
37700,P2,CASC,-145.50,-140.00,-210,R,61816,-1.8017
37710,P2,CASC,-145.65,-144.99,-209,R,61758,-1.8084
37720,P2,CASC,-145.80,-147.50,-207,R,61699,-1.7914
37730,P2,CASC,-145.95,-150.01,-205,R,61639,-1.7507
37740,P2,CASC,-146.10,-147.49,-207,R,61580,-1.7369
37750,P2,CASC,-146.25,-152.48,-204,R,61519,-1.6745
37760,P2,CASC,-146.40,-150.00,-206,R,61459,-1.6385
37770,P2,CASC,-146.55,-150.01,-206,R,61399,-1.6039
37780,P2,CASC,-146.70,-150.03,-206,R,61339,-1.5706
37790,P2,CASC,-146.85,-147.47,-208,R,61280,-1.5644
37800,P2,CASC,-147.00,-147.53,-208,R,61221,-1.5591
37810,P2,CASC,-147.15,-149.94,-206,R,61161,-1.5312
37820,P2,CASC,-147.30,-147.53,-208,R,61102,-1.5289
37830,P2,CASC,-147.45,-147.51,-208,R,61043,-1.5283
37840,P2,CASC,-147.60,-147.47,-209,R,60984,-1.5295
37850,P2,CASC,-147.75,-150.05,-207,R,60924,-1.5066
37860,P2,CASC,-147.90,-147.46,-209,R,60865,-1.5110
37870,P2,CASC,-148.05,-150.01,-207,R,60805,-1.4914
37880,P2,CASC,-148.20,-150.01,-208,R,60745,-1.4732
37890,P2,CASC,-148.35,-147.47,-210,R,60686,-1.4820
37900,P2,CASC,-148.50,-150.03,-208,R,60626,-1.4667
37910,P2,CASC,-148.65,-147.50,-210,R,60567,-1.4782
37920,P2,CASC,-148.80,-149.99,-208,R,60507,-1.4664
37930,P2,CASC,-148.95,-150.00,-208,R,60447,-1.4559
37940,P2,CASC,-149.10,-152.48,-207,R,60386,-1.4220
37950,P2,CASC,-149.25,-152.48,-207,R,60325,-1.3897
37960,P2,CASC,-149.40,-152.56,-207,R,60264,-1.3581
37970,P2,CASC,-149.55,-154.97,-206,R,60202,-1.3039
37980,P2,CASC,-149.70,-152.42,-207,R,60141,-1.2766
37990,P2,CASC,-149.85,-147.59,-210,R,60082,-1.2993
38000,P2,CASC,-150.00,-147.51,-211,R,60023,-1.3241
38010,P2,CASC,-150.00,-152.42,-208,R,59962,-1.2999
38020,P2,CASC,-150.00,-150.05,-209,R,59902,-1.2994
38030,P2,CASC,-150.00,-152.48,-208,R,59841,-1.2746
38040,P2,CASC,-150.00,-147.53,-211,R,59782,-1.2993
38050,P2,CASC,-150.00,-149.99,-210,R,59722,-1.2994
38060,P2,CASC,-150.00,-152.48,-208,R,59661,-1.2746
38070,P2,CASC,-150.00,-150.01,-209,R,59601,-1.2744
38080,P2,CASC,-150.00,-150.00,-209,R,59541,-1.2744
38090,P2,CASC,-150.00,-144.97,-211,R,59483,-1.3247
38100,P2,CASC,-150.00,-147.51,-211,R,59424,-1.3496
38110,P2,CASC,-150.00,-147.44,-211,R,59365,-1.3752
38120,P2,CASC,-150.00,-150.09,-210,R,59305,-1.3743
38130,P2,CASC,-150.00,-154.97,-206,R,59243,-1.3246
38140,P2,CASC,-150.00,-152.50,-208,R,59182,-1.2996
38150,P2,CASC,-150.00,-155.02,-206,R,59120,-1.2494
38160,P2,CASC,-150.00,-157.50,-204,R,59057,-1.1744
38170,P2,CASC,-150.00,-152.53,-207,R,58996,-1.1491
38180,P2,CASC,-150.00,-154.94,-206,R,58934,-1.0997
38190,P2,CASC,-150.00,-150.05,-209,R,58874,-1.0993
38200,P2,CASC,-150.00,-152.45,-207,R,58813,-1.0747
38210,P2,CASC,-150.00,-150.06,-209,R,58753,-1.0741
38220,P2,CASC,-150.00,-149.97,-209,R,58693,-1.0744
38230,P2,CASC,-150.00,-152.53,-207,R,58632,-1.0491
38240,P2,CASC,-150.00,-152.42,-207,R,58571,-1.0249
38250,P2,CASC,-150.00,-150.03,-209,R,58511,-1.0246
38260,P2,CASC,-150.00,-149.99,-209,R,58451,-1.0248
38270,P2,CASC,-150.00,-152.55,-207,R,58390,-0.9993
38280,P2,CASC,-150.00,-150.00,-209,R,58330,-0.9993
38290,P2,CASC,-150.00,-150.01,-209,R,58270,-0.9991
38300,P2,CASC,-150.00,-150.00,-209,R,58210,-0.9991
38310,P2,CASC,-150.00,-150.00,-209,R,58150,-0.9991
38320,P2,CASC,-150.00,-149.96,-209,R,58090,-0.9996
38330,P2,CASC,-150.00,-152.52,-207,R,58029,-0.9744
38340,P2,CASC,-150.00,-154.98,-205,R,57967,-0.9246
38350,P2,CASC,-150.00,-152.55,-207,R,57906,-0.8991
38360,P2,CASC,-150.00,-154.97,-205,R,57844,-0.8495
38370,P2,CASC,-150.00,-152.53,-207,R,57783,-0.8241
38380,P2,CASC,-150.00,-152.48,-207,R,57722,-0.7993
38390,P2,CASC,-150.00,-147.51,-209,R,57663,-0.8242
38400,P2,CASC,-150.00,-147.50,-209,R,57604,-0.8492
38410,P2,CASC,-150.00,-152.50,-207,R,57543,-0.8242
38420,P2,CASC,-150.00,-149.99,-209,R,57483,-0.8243
38430,P2,CASC,-150.00,-149.99,-209,R,57423,-0.8245
38440,P2,CASC,-150.00,-150.00,-208,R,57363,-0.8245
38450,P2,CASC,-150.00,-147.49,-209,R,57304,-0.8496
38460,P2,CASC,-150.00,-152.52,-207,R,57243,-0.8244
38470,P2,CASC,-150.00,-147.51,-209,R,57184,-0.8493
38480,P2,CASC,-150.00,-147.46,-209,R,57125,-0.8747
38490,P2,CASC,-150.00,-145.03,-210,R,57067,-0.9245
38500,P2,CASC,-150.00,-145.00,-210,R,57009,-0.9745
38510,P2,CASC,-150.00,-147.51,-210,R,56950,-0.9993
38520,P2,CASC,-150.00,-152.47,-207,R,56889,-0.9746
38530,P2,CASC,-150.00,-152.55,-207,R,56828,-0.9491
38540,P2,CASC,-150.00,-152.44,-207,R,56767,-0.9248
38550,P2,CASC,-150.00,-152.56,-207,R,56706,-0.8991
38560,P2,CASC,-150.00,-154.97,-205,R,56644,-0.8495
38570,P2,CASC,-150.00,-155.02,-205,R,56582,-0.7993
38580,P2,CASC,-150.00,-149.97,-209,R,56522,-0.7996
38590,P2,CASC,-150.00,-150.03,-208,R,56462,-0.7993
38600,P2,CASC,-150.00,-149.96,-209,R,56402,-0.7998
38610,P2,CASC,-150.00,-152.55,-207,R,56341,-0.7743
38620,P2,CASC,-150.00,-149.96,-209,R,56281,-0.7747
38630,P2,CASC,-150.00,-150.03,-208,R,56221,-0.7744
38640,P2,CASC,-150.00,-149.99,-209,R,56161,-0.7746
38650,P2,CASC,-150.00,-152.50,-207,R,56100,-0.7496
38660,P2,CASC,-150.00,-150.00,-208,R,56040,-0.7496
38670,P2,CASC,-150.00,-150.00,-208,R,55980,-0.7496
38680,P2,CASC,-150.00,-150.03,-208,R,55920,-0.7493
38690,P2,CASC,-150.00,-149.97,-209,R,55860,-0.7496
38700,P2,CASC,-150.00,-147.50,-209,R,55801,-0.7746
38710,P2,CASC,-150.00,-152.55,-207,R,55740,-0.7491
38720,P2,CASC,-150.00,-150.00,-208,R,55680,-0.7491
38730,P2,CASC,-150.00,-149.99,-209,R,55620,-0.7493
38740,P2,CASC,-150.00,-152.48,-207,R,55559,-0.7244
38750,P2,CASC,-150.00,-154.98,-205,R,55497,-0.6746
38760,P2,CASC,-150.00,-155.00,-205,R,55435,-0.6246
38770,P2,CASC,-150.00,-152.55,-206,R,55374,-0.5991
38780,P2,CASC,-150.00,-149.97,-208,R,55314,-0.5994
38790,P2,CASC,-150.00,-147.50,-209,R,55255,-0.6244
38800,P2,CASC,-150.00,-147.47,-209,R,55196,-0.6497
38810,P2,CASC,-150.00,-152.52,-206,R,55135,-0.6246
38820,P2,CASC,-150.00,-150.01,-208,R,55075,-0.6244
38830,P2,CASC,-150.00,-147.53,-209,R,55016,-0.6491
38840,P2,CASC,-150.00,-149.97,-208,R,54956,-0.6494
38850,P2,CASC,-150.00,-147.53,-209,R,54897,-0.6741
38860,P2,CASC,-150.00,-149.99,-208,R,54837,-0.6743
38870,P2,CASC,-150.00,-150.00,-208,R,54777,-0.6743
38880,P2,CASC,-150.00,-147.38,-209,R,54718,-0.7005
38890,P2,CASC,-150.00,-142.59,-210,R,54661,-0.7746
38900,P2,CASC,-150.00,-145.00,-210,R,54603,-0.8246
38910,P2,CASC,-150.00,-147.49,-209,R,54544,-0.8498
38920,P2,CASC,-150.00,-150.06,-208,R,54484,-0.8492
38930,P2,CASC,-150.00,-152.45,-207,R,54423,-0.8246
38940,P2,CASC,-150.00,-152.52,-207,R,54362,-0.7995
38950,P2,CASC,-150.00,-154.97,-205,R,54300,-0.7498
38960,P2,CASC,-150.00,-152.55,-206,R,54239,-0.7243
38970,P2,CASC,-150.00,-152.50,-206,R,54178,-0.6993
38980,P2,CASC,-150.00,-152.50,-206,R,54117,-0.6743
38990,P2,CASC,-150.00,-147.50,-209,R,54058,-0.6993
39000,P2,CASC,-150.00,-149.99,-208,R,53998,-0.6995
39010,P2,CASC,-150.00,-150.03,-208,R,53938,-0.6992
39020,P2,CASC,-150.00,-149.99,-208,R,53878,-0.6993
39030,P2,CASC,-150.00,-149.99,-208,R,53818,-0.6995
39040,P2,CASC,-150.00,-150.00,-208,R,53758,-0.6995
39050,P2,CASC,-150.00,-150.01,-208,R,53698,-0.6993
39060,P2,CASC,-150.00,-150.00,-208,R,53638,-0.6993
39070,P2,CASC,-150.00,-150.01,-208,R,53578,-0.6992
39080,P2,CASC,-150.00,-149.99,-208,R,53518,-0.6993
39090,P2,CASC,-150.00,-147.51,-209,R,53459,-0.7242
39100,P2,CASC,-150.00,-149.96,-208,R,53399,-0.7246
39110,P2,CASC,-150.00,-150.01,-208,R,53339,-0.7245
39120,P2,CASC,-150.00,-149.97,-208,R,53279,-0.7248
39130,P2,CASC,-150.00,-150.03,-208,R,53219,-0.7245
39140,P2,CASC,-150.00,-152.48,-206,R,53158,-0.6996
39150,P2,CASC,-150.00,-152.50,-206,R,53097,-0.6746
39160,P2,CASC,-150.00,-155.00,-205,R,53035,-0.6246
39170,P2,CASC,-150.00,-152.55,-206,R,52974,-0.5992
39180,P2,CASC,-150.00,-150.00,-208,R,52914,-0.5992
39190,P2,CASC,-150.00,-147.47,-209,R,52855,-0.6245
39200,P2,CASC,-150.00,-147.53,-209,R,52796,-0.6492
39210,P2,CASC,-150.00,-149.97,-208,R,52736,-0.6495
39220,P2,CASC,-150.00,-150.00,-208,R,52676,-0.6495
39230,P2,CASC,-150.00,-149.99,-208,R,52616,-0.6496
39240,P2,CASC,-150.00,-147.53,-209,R,52557,-0.6743
39250,P2,CASC,-150.00,-149.97,-208,R,52497,-0.6746
39260,P2,CASC,-150.00,-150.03,-208,R,52437,-0.6743
39270,P2,CASC,-150.00,-147.51,-209,R,52378,-0.6992
39280,P2,CASC,-150.00,-147.46,-209,R,52319,-0.7246
39290,P2,CASC,-150.00,-145.01,-210,R,52261,-0.7745
39300,P2,CASC,-150.00,-142.50,-211,R,52204,-0.8495
39310,P2,CASC,-150.00,-150.00,-208,R,52144,-0.8495
39320,P2,CASC,-150.00,-150.01,-208,R,52084,-0.8493
39330,P2,CASC,-150.00,-152.45,-207,R,52023,-0.8248
39340,P2,CASC,-150.00,-152.47,-207,R,51962,-0.8001
39350,P2,CASC,-150.00,-152.58,-207,R,51901,-0.7743
39360,P2,CASC,-150.00,-155.00,-205,R,51839,-0.7243
39370,P2,CASC,-150.00,-152.50,-206,R,51778,-0.6993
39380,P2,CASC,-150.00,-150.01,-208,R,51718,-0.6992
39390,P2,CASC,-150.00,-149.96,-208,R,51658,-0.6996
39400,P2,CASC,-150.00,-150.05,-208,R,51598,-0.6992
39410,P2,CASC,-150.00,-149.97,-208,R,51538,-0.6995
39420,P2,CASC,-150.00,-150.01,-208,R,51478,-0.6993
39430,P2,CASC,-150.00,-150.00,-208,R,51418,-0.6993
39440,P2,CASC,-150.00,-149.99,-208,R,51358,-0.6995
39450,P2,CASC,-150.00,-150.03,-208,R,51298,-0.6992
39460,P2,CASC,-150.00,-149.99,-208,R,51238,-0.6993
39470,P2,CASC,-150.00,-150.00,-208,R,51178,-0.6993
39480,P2,CASC,-150.00,-150.01,-208,R,51118,-0.6992
39490,P2,CASC,-150.00,-147.46,-209,R,51059,-0.7246
39500,P2,CASC,-150.00,-150.00,-208,R,50999,-0.7246
39510,P2,CASC,-150.00,-150.03,-208,R,50939,-0.7243
39520,P2,CASC,-150.00,-147.50,-209,R,50880,-0.7493
39530,P2,CASC,-150.00,-152.52,-207,R,50819,-0.7242
39540,P2,CASC,-150.00,-152.47,-206,R,50758,-0.6995
39550,P2,CASC,-150.00,-152.48,-206,R,50697,-0.6746
39560,P2,CASC,-150.00,-155.03,-205,R,50635,-0.6243
39570,P2,CASC,-150.00,-149.97,-208,R,50575,-0.6246
39580,P2,CASC,-150.00,-149.99,-208,R,50515,-0.6248
39590,P2,CASC,-150.00,-147.54,-209,R,50456,-0.6493
39600,P2,CASC,-150.00,-147.46,-209,R,50397,-0.6748
39610,P2,CASC,-150.00,-152.55,-206,R,50336,-0.6493
39620,P2,CASC,-150.00,-150.01,-208,R,50276,-0.6491
39630,P2,CASC,-150.00,-147.50,-209,R,50217,-0.6741
39640,P2,CASC,-150.00,-147.47,-209,R,50158,-0.6994
39650,P2,CASC,-150.00,-149.99,-208,R,50098,-0.6996
39660,P2,CASC,-150.00,-150.05,-208,R,50038,-0.6991
39670,P2,CASC,-150.00,-149.96,-208,R,49978,-0.6996
39680,P2,CASC,-150.00,-145.00,-210,R,49920,-0.7496
39690,P2,CASC,-150.00,-145.01,-210,R,49862,-0.7994
39700,P2,CASC,-150.00,-142.53,-211,R,49805,-0.8742
39710,P2,CASC,-150.00,-149.97,-209,R,49745,-0.8745
39720,P2,CASC,-150.00,-150.01,-208,R,49685,-0.8743
39730,P2,CASC,-150.00,-152.39,-207,R,49624,-0.8504
39740,P2,CASC,-150.00,-150.12,-208,R,49564,-0.8492
39750,P2,CASC,-150.00,-154.94,-205,R,49502,-0.7998
39760,P2,CASC,-150.00,-155.00,-205,R,49440,-0.7498
39770,P2,CASC,-150.00,-152.53,-207,R,49379,-0.7245
39780,P2,CASC,-150.00,-149.99,-208,R,49319,-0.7246
39790,P2,CASC,-150.00,-150.00,-208,R,49259,-0.7246
39800,P2,CASC,-150.00,-150.05,-208,R,49199,-0.7242
39810,P2,CASC,-150.00,-149.99,-208,R,49139,-0.7243
39820,P2,CASC,-150.00,-150.00,-208,R,49079,-0.7243
39830,P2,CASC,-150.00,-149.97,-208,R,49019,-0.7246
39840,P2,CASC,-150.00,-150.00,-208,R,48959,-0.7246
39850,P2,CASC,-150.00,-150.01,-208,R,48899,-0.7245
39860,P2,CASC,-150.00,-149.97,-208,R,48839,-0.7248
39870,P2,CASC,-150.00,-150.05,-208,R,48779,-0.7243
39880,P2,CASC,-150.00,-149.99,-208,R,48719,-0.7245
39890,P2,CASC,-150.00,-147.51,-209,R,48660,-0.7493
39900,P2,CASC,-150.00,-149.97,-209,R,48600,-0.7496
39910,P2,CASC,-150.00,-150.03,-208,R,48540,-0.7493
39920,P2,CASC,-150.00,-150.00,-208,R,48480,-0.7493
39930,P2,CASC,-150.00,-150.00,-208,R,48420,-0.7493
39940,P2,CASC,-150.00,-152.50,-207,R,48359,-0.7243
39950,P2,CASC,-150.00,-154.89,-205,R,48297,-0.6754
39960,P2,CASC,-150.00,-152.59,-206,R,48236,-0.6495
39970,P2,CASC,-150.00,-152.50,-206,R,48175,-0.6245
39980,P2,CASC,-150.00,-150.00,-208,R,48115,-0.6245
39990,P2,CASC,-150.00,-147.53,-209,R,48056,-0.6492
40000,P2,CASC,-150.00,-147.46,-209,R,47997,-0.6747
40010,P2,CASC,-150.00,-152.50,-206,R,47936,-0.6497
40020,P2,CASC,-150.00,-147.54,-209,R,47877,-0.6742
40030,P2,CASC,-150.00,-149.97,-208,R,47817,-0.6745
40040,P2,CASC,-150.00,-147.53,-209,R,47758,-0.6992
40050,P2,CASC,-150.00,-149.97,-208,R,47698,-0.6995
40060,P2,CASC,-150.00,-150.03,-208,R,47638,-0.6992
40070,P2,CASC,-150.00,-147.44,-209,R,47579,-0.7248
40080,P2,CASC,-150.00,-147.56,-209,R,47520,-0.7492
40090,P2,CASC,-150.00,-142.47,-211,R,47463,-0.8245
40100,P2,CASC,-150.00,-144.99,-210,R,47405,-0.8747
40110,P2,CASC,-150.00,-147.54,-209,R,47346,-0.8992
40120,P2,CASC,-150.00,-152.50,-207,R,47285,-0.8742
40130,P2,CASC,-150.00,-150.00,-209,R,47225,-0.8742
40140,P2,CASC,-150.00,-152.48,-207,R,47164,-0.8494
40150,P2,CASC,-150.00,-155.02,-205,R,47102,-0.7992
40160,P2,CASC,-150.00,-154.94,-205,R,47040,-0.7498
40170,P2,CASC,-150.00,-152.56,-206,R,46979,-0.7242
40180,P2,CASC,-150.00,-149.96,-208,R,46919,-0.7247
40190,P2,CASC,-150.00,-149.97,-208,R,46859,-0.7250
40200,P2,CASC,-150.00,-150.05,-208,R,46799,-0.7245
40210,P2,CASC,-150.00,-150.01,-208,R,46739,-0.7244
40220,P2,CASC,-150.00,-147.51,-209,R,46680,-0.7492
40230,P2,CASC,-150.00,-150.00,-208,R,46620,-0.7492
40240,P2,CASC,-150.00,-152.50,-207,R,46559,-0.7242
40250,P2,CASC,-150.00,-149.97,-208,R,46499,-0.7245
40260,P2,CASC,-150.00,-149.99,-208,R,46439,-0.7247
40270,P2,CASC,-150.00,-150.00,-208,R,46379,-0.7247
40280,P2,CASC,-150.00,-150.00,-208,R,46319,-0.7247
40290,P2,CASC,-150.00,-147.50,-209,R,46260,-0.7497
40300,P2,CASC,-150.00,-147.51,-209,R,46201,-0.7745
40310,P2,CASC,-150.00,-149.97,-209,R,46141,-0.7748
40320,P2,CASC,-150.00,-150.06,-208,R,46081,-0.7742
40330,P2,CASC,-150.00,-152.50,-207,R,46020,-0.7492
40340,P2,CASC,-150.00,-152.48,-207,R,45959,-0.7244
40350,P2,CASC,-150.00,-152.45,-207,R,45898,-0.6998
40360,P2,CASC,-150.00,-155.06,-205,R,45836,-0.6492
40370,P2,CASC,-150.00,-152.48,-206,R,45775,-0.6244
40380,P2,CASC,-150.00,-149.97,-208,R,45715,-0.6247
40390,P2,CASC,-150.00,-147.50,-209,R,45656,-0.6497
40400,P2,CASC,-150.00,-147.53,-209,R,45597,-0.6744
40410,P2,CASC,-150.00,-149.99,-208,R,45537,-0.6745
40420,P2,CASC,-150.00,-150.00,-208,R,45477,-0.6745
40430,P2,CASC,-150.00,-149.94,-208,R,45417,-0.6751
40440,P2,CASC,-150.00,-147.54,-209,R,45358,-0.6997
40450,P2,CASC,-150.00,-147.54,-209,R,45299,-0.7242
40460,P2,CASC,-150.00,-152.50,-206,R,45238,-0.6992
40470,P2,CASC,-150.00,-147.47,-209,R,45179,-0.7245
40480,P2,CASC,-150.00,-144.99,-210,R,45121,-0.7747
40490,P2,CASC,-150.00,-145.01,-210,R,45063,-0.8245
40500,P2,CASC,-150.00,-145.03,-210,R,45005,-0.8742
40510,P2,CASC,-150.00,-147.50,-210,R,44946,-0.8992
40520,P2,CASC,-150.00,-149.97,-209,R,44886,-0.8995
40530,P2,CASC,-150.00,-152.52,-207,R,44825,-0.8744
40540,P2,CASC,-150.00,-152.48,-207,R,44764,-0.8495
40550,P2,CASC,-150.00,-154.91,-205,R,44702,-0.8005
40560,P2,CASC,-150.00,-152.59,-207,R,44641,-0.7746
40570,P2,CASC,-150.00,-152.48,-207,R,44580,-0.7497
40580,P2,CASC,-150.00,-152.52,-207,R,44519,-0.7246
40590,P2,CASC,-150.00,-147.51,-209,R,44460,-0.7494
40600,P2,CASC,-150.00,-149.99,-209,R,44400,-0.7496
40610,P2,CASC,-150.00,-152.50,-207,R,44339,-0.7246
40620,P2,CASC,-150.00,-150.00,-208,R,44279,-0.7246
40630,P2,CASC,-150.00,-150.01,-208,R,44219,-0.7244
40640,P2,CASC,-150.00,-150.00,-208,R,44159,-0.7244
40650,P2,CASC,-150.00,-152.50,-206,R,44098,-0.6994
40660,P2,CASC,-150.00,-147.49,-209,R,44039,-0.7246
40670,P2,CASC,-150.00,-152.52,-206,R,43978,-0.6994
40680,P2,CASC,-150.00,-147.50,-209,R,43919,-0.7244
40690,P2,CASC,-150.00,-149.99,-208,R,43859,-0.7245
40700,P2,CASC,-150.00,-147.53,-209,R,43800,-0.7493
40710,P2,CASC,-150.00,-147.50,-209,R,43741,-0.7743
40720,P2,CASC,-150.00,-150.00,-208,R,43681,-0.7743
40730,P2,CASC,-150.00,-152.45,-207,R,43620,-0.7497
40740,P2,CASC,-150.00,-150.00,-208,R,43560,-0.7497
40750,P2,CASC,-150.00,-155.02,-205,R,43498,-0.6996
40760,P2,CASC,-150.00,-152.48,-206,R,43437,-0.6747
40770,P2,CASC,-150.00,-152.50,-206,R,43376,-0.6497
40780,P2,CASC,-150.00,-149.99,-208,R,43316,-0.6499
40790,P2,CASC,-150.00,-147.54,-209,R,43257,-0.6744
40800,P2,CASC,-150.00,-147.51,-209,R,43198,-0.6993
40810,P2,CASC,-150.00,-149.96,-208,R,43138,-0.6997
40820,P2,CASC,-150.00,-150.03,-208,R,43078,-0.6994
40830,P2,CASC,-150.00,-150.01,-208,R,43018,-0.6993
40840,P2,CASC,-150.00,-147.49,-209,R,42959,-0.7244
40850,P2,CASC,-150.00,-147.47,-209,R,42900,-0.7497
40860,P2,CASC,-150.00,-152.44,-207,R,42839,-0.7253
40870,P2,CASC,-150.00,-147.54,-209,R,42780,-0.7499
40880,P2,CASC,-150.00,-147.51,-209,R,42721,-0.7747
40890,P2,CASC,-150.00,-142.50,-211,R,42664,-0.8497
40900,P2,CASC,-150.00,-145.00,-210,R,42606,-0.8997
40910,P2,CASC,-150.00,-147.53,-210,R,42547,-0.9244
40920,P2,CASC,-150.00,-150.00,-209,R,42487,-0.9244
40930,P2,CASC,-150.00,-152.45,-207,R,42426,-0.8999
40940,P2,CASC,-150.00,-152.52,-207,R,42365,-0.8747
40950,P2,CASC,-150.00,-155.00,-205,R,42303,-0.8247
40960,P2,CASC,-150.00,-152.53,-207,R,42242,-0.7994
40970,P2,CASC,-150.00,-154.98,-205,R,42180,-0.7496
40980,P2,CASC,-150.00,-150.00,-208,R,42120,-0.7496
40990,P2,CASC,-150.00,-150.00,-208,R,42060,-0.7496
41000,P2,CASC,-150.00,-147.53,-209,R,42001,-0.7743
41010,P2,CASC,-150.00,-152.47,-207,R,41940,-0.7496
41020,P2,CASC,-150.00,-147.51,-209,R,41881,-0.7745
41030,P2,CASC,-150.00,-152.52,-207,R,41820,-0.7493
41040,P2,CASC,-150.00,-149.99,-209,R,41760,-0.7494
41050,P2,CASC,-150.00,-147.51,-209,R,41701,-0.7743
41060,P2,CASC,-150.00,-152.45,-207,R,41640,-0.7498
41070,P2,CASC,-150.00,-150.03,-208,R,41580,-0.7495
41080,P2,CASC,-150.00,-150.00,-208,R,41520,-0.7495
41090,P2,CASC,-150.00,-147.50,-209,R,41461,-0.7745
41100,P2,CASC,-150.00,-147.49,-209,R,41402,-0.7996
41110,P2,CASC,-150.00,-150.03,-208,R,41342,-0.7993
41120,P2,CASC,-150.00,-149.97,-209,R,41282,-0.7996
41130,P2,CASC,-150.00,-150.00,-208,R,41222,-0.7996
41140,P2,CASC,-150.00,-152.48,-207,R,41161,-0.7748
41150,P2,CASC,-150.00,-154.97,-205,R,41099,-0.7251
41160,P2,CASC,-150.00,-152.56,-206,R,41038,-0.6995
41170,P2,CASC,-150.00,-152.52,-206,R,40977,-0.6743
41180,P2,CASC,-150.00,-149.97,-208,R,40917,-0.6746
41190,P2,CASC,-150.00,-147.53,-209,R,40858,-0.6993
41200,P2,CASC,-150.00,-147.46,-209,R,40799,-0.7248
41210,P2,CASC,-150.00,-150.00,-208,R,40739,-0.7248
41220,P2,CASC,-150.00,-150.05,-208,R,40679,-0.7243
41230,P2,CASC,-150.00,-149.96,-208,R,40619,-0.7248
41240,P2,CASC,-150.00,-147.53,-209,R,40560,-0.7495
41250,P2,CASC,-150.00,-149.97,-209,R,40500,-0.7498
41260,P2,CASC,-150.00,-150.05,-208,R,40440,-0.7493
41270,P2,CASC,-150.00,-147.44,-209,R,40381,-0.7749
41280,P2,CASC,-150.00,-147.56,-209,R,40322,-0.7993
41290,P2,CASC,-150.00,-144.96,-210,R,40264,-0.8497
41300,P2,CASC,-150.00,-142.49,-211,R,40207,-0.9249
41310,P2,CASC,-150.00,-147.56,-210,R,40148,-0.9493
41320,P2,CASC,-150.00,-152.36,-207,R,40087,-0.9257
41330,P2,CASC,-150.00,-150.12,-209,R,40027,-0.9245
41340,P2,CASC,-150.00,-152.45,-207,R,39966,-0.8999
41350,P2,CASC,-150.00,-155.02,-205,R,39904,-0.8498
41360,P2,CASC,-150.00,-155.00,-205,R,39842,-0.7998
41370,P2,CASC,-150.00,-152.50,-207,R,39781,-0.7748
41380,P2,CASC,-150.00,-150.05,-208,R,39721,-0.7743
41390,P2,CASC,-150.00,-150.00,-208,R,39661,-0.7743
41400,P2,CASC,-150.00,-147.44,-209,R,39602,-0.7999
41410,P2,CASC,-150.00,-152.56,-207,R,39541,-0.7743
41420,P2,CASC,-150.00,-147.49,-209,R,39482,-0.7994
41430,P2,CASC,-150.00,-149.99,-209,R,39422,-0.7996
41440,P2,CASC,-150.00,-152.47,-207,R,39361,-0.7749
41450,P2,CASC,-150.00,-150.01,-208,R,39301,-0.7747
41460,P2,CASC,-150.00,-150.01,-208,R,39241,-0.7746
41470,P2,CASC,-150.00,-149.99,-209,R,39181,-0.7747
41480,P2,CASC,-150.00,-150.03,-208,R,39121,-0.7744
41490,P2,CASC,-150.00,-147.47,-209,R,39062,-0.7997
41500,P2,CASC,-150.00,-150.00,-208,R,39002,-0.7997
41510,P2,CASC,-150.00,-147.53,-209,R,38943,-0.8244
41520,P2,CASC,-150.00,-150.00,-208,R,38883,-0.8244
41530,P2,CASC,-150.00,-152.50,-207,R,38822,-0.7994
41540,P2,CASC,-150.00,-152.45,-207,R,38761,-0.7749
41550,P2,CASC,-150.00,-152.55,-207,R,38700,-0.7494
41560,P2,CASC,-150.00,-152.48,-207,R,38639,-0.7246
41570,P2,CASC,-150.00,-152.52,-206,R,38578,-0.6994
41580,P2,CASC,-150.00,-150.01,-208,R,38518,-0.6993
41590,P2,CASC,-150.00,-147.46,-209,R,38459,-0.7247
41600,P2,CASC,-150.00,-147.50,-209,R,38400,-0.7497
41610,P2,CASC,-150.00,-152.50,-207,R,38339,-0.7247
41620,P2,CASC,-150.00,-147.54,-209,R,38280,-0.7493
41630,P2,CASC,-150.00,-149.97,-209,R,38220,-0.7496
41640,P2,CASC,-150.00,-150.01,-208,R,38160,-0.7494
41650,P2,CASC,-150.00,-147.47,-209,R,38101,-0.7747
41660,P2,CASC,-150.00,-149.99,-209,R,38041,-0.7749
41670,P2,CASC,-150.00,-150.01,-208,R,37981,-0.7747
41680,P2,CASC,-150.00,-147.50,-209,R,37922,-0.7997
41690,P2,CASC,-150.00,-142.53,-211,R,37865,-0.8745
41700,P2,CASC,-150.00,-144.97,-210,R,37807,-0.9247
41710,P2,CASC,-150.00,-147.54,-210,R,37748,-0.9493
41720,P2,CASC,-150.00,-149.99,-209,R,37688,-0.9495
41730,P2,CASC,-150.00,-152.52,-207,R,37627,-0.9243
41740,P2,CASC,-150.00,-152.50,-207,R,37566,-0.8993
41750,P2,CASC,-150.00,-154.98,-205,R,37504,-0.8495
41760,P2,CASC,-150.00,-152.48,-207,R,37443,-0.8246
41770,P2,CASC,-150.00,-155.00,-205,R,37381,-0.7746
41780,P2,CASC,-150.00,-150.00,-208,R,37321,-0.7746
41790,P2,CASC,-150.00,-150.00,-208,R,37261,-0.7746
41800,P2,CASC,-150.00,-147.50,-209,R,37202,-0.7996
41810,P2,CASC,-150.00,-152.52,-207,R,37141,-0.7745
41820,P2,CASC,-150.00,-147.51,-209,R,37082,-0.7993
41830,P2,CASC,-150.00,-152.47,-207,R,37021,-0.7746
41840,P2,CASC,-150.00,-150.00,-208,R,36961,-0.7746
41850,P2,CASC,-150.00,-149.94,-209,R,36901,-0.7752
41860,P2,CASC,-150.00,-150.06,-208,R,36841,-0.7746
41870,P2,CASC,-150.00,-150.00,-208,R,36781,-0.7746
41880,P2,CASC,-150.00,-150.00,-208,R,36721,-0.7746
41890,P2,CASC,-150.00,-147.53,-209,R,36662,-0.7993
41900,P2,CASC,-150.00,-149.99,-209,R,36602,-0.7995
41910,P2,CASC,-150.00,-147.51,-209,R,36543,-0.8243
41920,P2,CASC,-150.00,-149.99,-209,R,36483,-0.8245
41930,P2,CASC,-150.00,-152.50,-207,R,36422,-0.7995
41940,P2,CASC,-150.00,-152.48,-207,R,36361,-0.7746
41950,P2,CASC,-150.00,-155.02,-205,R,36299,-0.7245
41960,P2,CASC,-150.00,-152.47,-206,R,36238,-0.6998
41970,P2,CASC,-150.00,-152.52,-206,R,36177,-0.6746
41980,P2,CASC,-150.00,-150.00,-208,R,36117,-0.6746
41990,P2,CASC,-150.00,-147.53,-209,R,36058,-0.6993
42000,P2,CASC,-150.00,-147.49,-209,R,35999,-0.7245
42010,P2,CASC,-150.00,-152.48,-206,R,35938,-0.6996
42020,P2,CASC,-150.00,-150.00,-208,R,35878,-0.6996
42030,P2,CASC,-150.00,-149.94,-208,R,35818,-0.7002
42040,P2,CASC,-150.00,-147.59,-209,R,35759,-0.7243
42050,P2,CASC,-150.00,-147.46,-209,R,35700,-0.7498
42060,P2,CASC,-150.00,-150.03,-208,R,35640,-0.7495
42070,P2,CASC,-150.00,-149.99,-209,R,35580,-0.7496
42080,P2,CASC,-150.00,-145.00,-210,R,35522,-0.7996
42090,P2,CASC,-150.00,-145.00,-210,R,35464,-0.8496
42100,P2,CASC,-150.00,-142.53,-211,R,35407,-0.9243
42110,P2,CASC,-150.00,-149.99,-209,R,35347,-0.9245
42120,P2,CASC,-150.00,-149.97,-209,R,35287,-0.9248
42130,P2,CASC,-150.00,-150.05,-209,R,35227,-0.9243
42140,P2,CASC,-150.00,-154.95,-205,R,35165,-0.8748
42150,P2,CASC,-150.00,-152.52,-207,R,35104,-0.8497
42160,P2,CASC,-150.00,-154.98,-205,R,35042,-0.7998
42170,P2,CASC,-150.00,-152.55,-207,R,34981,-0.7744
42180,P2,CASC,-150.00,-152.47,-207,R,34920,-0.7497
42190,P2,CASC,-150.00,-147.53,-209,R,34861,-0.7744
42200,P2,CASC,-150.00,-149.96,-209,R,34801,-0.7748
42210,P2,CASC,-150.00,-152.50,-207,R,34740,-0.7498
42220,P2,CASC,-150.00,-147.49,-209,R,34681,-0.7750
42230,P2,CASC,-150.00,-152.55,-207,R,34620,-0.7495
42240,P2,CASC,-150.00,-149.97,-209,R,34560,-0.7498
42250,P2,CASC,-150.00,-150.05,-208,R,34500,-0.7494
42260,P2,CASC,-150.00,-149.97,-209,R,34440,-0.7497
42270,P2,CASC,-150.00,-150.03,-208,R,34380,-0.7494
42280,P2,CASC,-150.00,-149.96,-209,R,34320,-0.7498
42290,P2,CASC,-150.00,-150.01,-208,R,34260,-0.7497
42300,P2,CASC,-150.00,-147.53,-209,R,34201,-0.7744
42310,P2,CASC,-150.00,-150.00,-208,R,34141,-0.7744
42320,P2,CASC,-150.00,-149.96,-209,R,34081,-0.7748
42330,P2,CASC,-150.00,-150.01,-208,R,34021,-0.7747
42340,P2,CASC,-150.00,-152.52,-207,R,33960,-0.7495
42350,P2,CASC,-150.00,-152.52,-207,R,33899,-0.7244
42360,P2,CASC,-150.00,-154.94,-205,R,33837,-0.6750
42370,P2,CASC,-150.00,-152.52,-206,R,33776,-0.6498
42380,P2,CASC,-150.00,-150.00,-208,R,33716,-0.6498
42390,P2,CASC,-150.00,-147.49,-209,R,33657,-0.6750
42400,P2,CASC,-150.00,-147.56,-209,R,33598,-0.6994
42410,P2,CASC,-150.00,-152.50,-206,R,33537,-0.6744
42420,P2,CASC,-150.00,-147.50,-209,R,33478,-0.6994
42430,P2,CASC,-150.00,-149.97,-208,R,33418,-0.6997
42440,P2,CASC,-150.00,-147.53,-209,R,33359,-0.7244
42450,P2,CASC,-150.00,-147.44,-209,R,33300,-0.7500
42460,P2,CASC,-150.00,-150.01,-208,R,33240,-0.7498
42470,P2,CASC,-150.00,-150.03,-208,R,33180,-0.7495
42480,P2,CASC,-150.00,-145.01,-210,R,33122,-0.7994
42490,P2,CASC,-150.00,-144.96,-210,R,33064,-0.8498
42500,P2,CASC,-150.00,-142.53,-211,R,33007,-0.9245
42510,P2,CASC,-150.00,-147.51,-210,R,32948,-0.9494
42520,P2,CASC,-150.00,-149.97,-209,R,32888,-0.9497
42530,P2,CASC,-150.00,-152.48,-207,R,32827,-0.9248
42540,P2,CASC,-150.00,-152.50,-207,R,32766,-0.8998
42550,P2,CASC,-150.00,-155.03,-205,R,32704,-0.8495
42560,P2,CASC,-150.00,-152.45,-207,R,32643,-0.8250
42570,P2,CASC,-150.00,-154.95,-205,R,32581,-0.7754
42580,P2,CASC,-150.00,-150.08,-208,R,32521,-0.7747
42590,P2,CASC,-150.00,-147.50,-209,R,32462,-0.7997
42600,P2,CASC,-150.00,-149.97,-209,R,32402,-0.8000
42610,P2,CASC,-150.00,-152.50,-207,R,32341,-0.7750
42620,P2,CASC,-150.00,-147.50,-209,R,32282,-0.8000
42630,P2,CASC,-150.00,-152.55,-207,R,32221,-0.7745
42640,P2,CASC,-150.00,-150.00,-208,R,32161,-0.7745
42650,P2,CASC,-150.00,-149.97,-209,R,32101,-0.7748
42660,P2,CASC,-150.00,-150.00,-208,R,32041,-0.7748
42670,P2,CASC,-150.00,-149.99,-209,R,31981,-0.7750
42680,P2,CASC,-150.00,-150.06,-208,R,31921,-0.7744
42690,P2,CASC,-150.00,-147.46,-209,R,31862,-0.7998
42700,P2,CASC,-150.00,-150.03,-208,R,31802,-0.7995
42710,P2,CASC,-150.00,-147.50,-209,R,31743,-0.8245
42720,P2,CASC,-150.00,-152.42,-207,R,31682,-0.8003
42730,P2,CASC,-150.00,-150.06,-208,R,31622,-0.7997
42740,P2,CASC,-150.00,-152.52,-207,R,31561,-0.7745
42750,P2,CASC,-150.00,-152.48,-207,R,31500,-0.7497
42760,P2,CASC,-150.00,-154.98,-205,R,31438,-0.6998
42770,P2,CASC,-150.00,-152.55,-206,R,31377,-0.6744
42780,P2,CASC,-150.00,-149.96,-208,R,31317,-0.6748
42790,P2,CASC,-150.00,-147.53,-209,R,31258,-0.6995
42800,P2,CASC,-150.00,-147.46,-209,R,31199,-0.7250
42810,P2,CASC,-150.00,-152.55,-206,R,31138,-0.6995
42820,P2,CASC,-150.00,-147.46,-209,R,31079,-0.7250
42830,P2,CASC,-150.00,-150.06,-208,R,31019,-0.7244
42840,P2,CASC,-150.00,-147.50,-209,R,30960,-0.7494
42850,P2,CASC,-150.00,-147.47,-209,R,30901,-0.7747
42860,P2,CASC,-150.00,-152.50,-207,R,30840,-0.7497
42870,P2,CASC,-150.00,-147.47,-209,R,30781,-0.7750
42880,P2,CASC,-150.00,-147.51,-209,R,30722,-0.7998
42890,P2,CASC,-150.00,-142.50,-211,R,30665,-0.8748
42900,P2,CASC,-150.00,-145.00,-210,R,30607,-0.9248
42910,P2,CASC,-150.00,-147.51,-210,R,30548,-0.9497
42920,P2,CASC,-150.00,-150.03,-209,R,30488,-0.9494
42930,P2,CASC,-150.00,-152.42,-207,R,30427,-0.9251
42940,P2,CASC,-150.00,-152.52,-207,R,30366,-0.9000
42950,P2,CASC,-150.00,-152.53,-207,R,30305,-0.8747
42960,P2,CASC,-150.00,-155.00,-205,R,30243,-0.8247
42970,P2,CASC,-150.00,-152.50,-207,R,30182,-0.7997
42980,P2,CASC,-150.00,-150.03,-208,R,30122,-0.7994
42990,P2,CASC,-150.00,-149.97,-209,R,30062,-0.7997
43000,P2,CASC,-150.00,-150.00,-208,R,30002,-0.7997
43010,P2,CASC,-149.85,-152.48,-206,R,29941,-0.7733
43020,P2,CASC,-149.70,-147.54,-209,R,29882,-0.7949
43030,P2,CASC,-149.55,-152.47,-206,R,29821,-0.7657
43040,P2,CASC,-149.40,-150.00,-207,R,29761,-0.7597
43050,P2,CASC,-149.25,-147.49,-209,R,29702,-0.7773
43060,P2,CASC,-149.10,-150.00,-207,R,29642,-0.7683
43070,P2,CASC,-148.95,-150.00,-207,R,29582,-0.7578
43080,P2,CASC,-148.80,-147.54,-208,R,29523,-0.7704
43090,P2,CASC,-148.65,-149.93,-207,R,29463,-0.7576
43100,P2,CASC,-148.50,-145.03,-209,R,29405,-0.7924
43110,P2,CASC,-148.35,-150.05,-206,R,29345,-0.7754
43120,P2,CASC,-148.20,-147.50,-208,R,29286,-0.7824
43130,P2,CASC,-148.05,-149.99,-206,R,29226,-0.7631
43140,P2,CASC,-147.90,-150.00,-206,R,29166,-0.7421
43150,P2,CASC,-147.75,-152.50,-204,R,29105,-0.6946
43160,P2,CASC,-147.60,-152.47,-203,R,29044,-0.6459
43170,P2,CASC,-147.45,-147.53,-206,R,28985,-0.6451
43180,P2,CASC,-147.30,-150.00,-204,R,28925,-0.6181
43190,P2,CASC,-147.15,-144.93,-207,R,28867,-0.6403
43200,P2,CASC,-147.00,-145.04,-207,R,28809,-0.6599
43210,P2,CASC,-146.85,-147.43,-206,R,28750,-0.6541
43220,P2,CASC,-146.70,-145.06,-207,R,28692,-0.6705
43230,P2,CASC,-146.55,-147.53,-205,R,28633,-0.6607
43240,P2,CASC,-146.40,-144.91,-206,R,28575,-0.6756
43250,P2,CASC,-146.25,-145.04,-206,R,28517,-0.6876
43260,P2,CASC,-146.10,-145.03,-206,R,28459,-0.6984
43270,P2,CASC,-145.95,-145.04,-206,R,28401,-0.7074
43280,P2,CASC,-145.80,-142.47,-207,R,28344,-0.7407
43290,P2,CASC,-145.65,-140.01,-207,R,28288,-0.7971
43300,P2,CASC,-145.50,-140.01,-207,R,28232,-0.8519
43310,P2,CASC,-145.35,-142.47,-207,R,28175,-0.8807
43320,P2,CASC,-145.20,-142.53,-207,R,28118,-0.9074
43330,P2,CASC,-145.05,-147.47,-204,R,28059,-0.8832
43340,P2,CASC,-144.90,-145.01,-205,R,28001,-0.8821
43350,P2,CASC,-144.75,-149.99,-202,R,27941,-0.8297
43360,P2,CASC,-144.60,-147.53,-203,R,27882,-0.8004
43370,P2,CASC,-144.45,-147.50,-203,R,27823,-0.7699
43380,P2,CASC,-144.30,-147.50,-203,R,27764,-0.7379
43390,P2,CASC,-144.15,-142.47,-205,R,27707,-0.7547
43400,P2,CASC,-144.00,-142.53,-205,R,27650,-0.7694
43410,P2,CASC,-143.85,-142.47,-205,R,27593,-0.7832
43420,P2,CASC,-143.70,-145.01,-203,R,27535,-0.7701
43430,P2,CASC,-143.55,-142.49,-205,R,27478,-0.7807
43440,P2,CASC,-143.40,-145.00,-203,R,27420,-0.7647
43450,P2,CASC,-143.25,-142.50,-205,R,27363,-0.7722
43460,P2,CASC,-143.10,-142.50,-204,R,27306,-0.7782
43470,P2,CASC,-142.95,-142.50,-204,R,27249,-0.7827
43480,P2,CASC,-142.80,-142.49,-204,R,27192,-0.7859
43490,P2,CASC,-142.65,-142.54,-204,R,27135,-0.7869
43500,P2,CASC,-142.50,-142.46,-204,R,27078,-0.7874
43510,P2,CASC,-142.35,-140.04,-204,R,27022,-0.8104
43520,P2,CASC,-142.20,-139.96,-204,R,26966,-0.8329
43530,P2,CASC,-142.05,-142.54,-203,R,26909,-0.8279
43540,P2,CASC,-141.90,-142.50,-203,R,26852,-0.8219
43550,P2,CASC,-141.75,-139.99,-204,R,26796,-0.8396
43560,P2,CASC,-141.60,-144.97,-201,R,26738,-0.8059
43570,P2,CASC,-141.45,-142.51,-202,R,26681,-0.7952
43580,P2,CASC,-141.30,-145.03,-200,R,26623,-0.7579
43590,P2,CASC,-141.15,-142.49,-202,R,26566,-0.7446
43600,P2,CASC,-141.00,-140.00,-203,R,26510,-0.7546
43610,P2,CASC,-140.85,-137.47,-204,R,26455,-0.7883
43620,P2,CASC,-140.70,-137.54,-204,R,26400,-0.8199
43630,P2,CASC,-140.55,-139.97,-203,R,26344,-0.8257
43640,P2,CASC,-140.40,-140.00,-203,R,26288,-0.8297
43650,P2,CASC,-140.25,-140.03,-203,R,26232,-0.8319
43660,P2,CASC,-140.10,-137.47,-203,R,26177,-0.8582
43670,P2,CASC,-139.95,-137.49,-203,R,26122,-0.8828
43680,P2,CASC,-139.80,-140.00,-202,R,26066,-0.8808
43690,P2,CASC,-139.65,-137.49,-203,R,26011,-0.9025
43700,P2,CASC,-139.50,-137.50,-203,R,25956,-0.9225
43710,P2,CASC,-139.35,-135.03,-204,R,25902,-0.9657
43720,P2,CASC,-139.20,-132.49,-204,R,25849,-1.0328
43730,P2,CASC,-139.05,-132.54,-204,R,25796,-1.0979
43740,P2,CASC,-138.90,-137.47,-203,R,25741,-1.1122
43750,P2,CASC,-138.75,-137.51,-203,R,25686,-1.1246
43760,P2,CASC,-138.60,-139.97,-201,R,25630,-1.1109
43770,P2,CASC,-138.45,-140.01,-201,R,25574,-1.0952
43780,P2,CASC,-138.30,-142.50,-199,R,25517,-1.0532
43790,P2,CASC,-138.15,-140.01,-200,R,25461,-1.0346
43800,P2,CASC,-138.00,-140.01,-200,R,25405,-1.0144
43810,P2,CASC,-137.85,-137.47,-202,R,25350,-1.0182
43820,P2,CASC,-137.70,-137.51,-202,R,25295,-1.0201
43830,P2,CASC,-137.55,-137.49,-202,R,25240,-1.0207
43840,P2,CASC,-137.40,-135.01,-202,R,25186,-1.0446
43850,P2,CASC,-137.25,-137.50,-201,R,25131,-1.0421
43860,P2,CASC,-137.10,-137.51,-201,R,25076,-1.0379
43870,P2,CASC,-136.95,-134.96,-202,R,25022,-1.0578
43880,P2,CASC,-136.80,-137.51,-200,R,24967,-1.0507
43890,P2,CASC,-136.65,-135.00,-201,R,24913,-1.0672
43900,P2,CASC,-136.50,-137.45,-200,R,24858,-1.0578
43910,P2,CASC,-136.35,-135.07,-201,R,24804,-1.0706
43920,P2,CASC,-136.20,-137.46,-200,R,24749,-1.0580
43930,P2,CASC,-136.05,-132.51,-202,R,24696,-1.0934
43940,P2,CASC,-135.90,-135.03,-201,R,24642,-1.1021
43950,P2,CASC,-135.75,-132.49,-201,R,24589,-1.1347
43960,P2,CASC,-135.60,-134.97,-201,R,24535,-1.1410
43970,P2,CASC,-135.45,-135.04,-201,R,24481,-1.1451
43980,P2,CASC,-135.30,-134.96,-201,R,24427,-1.1485
43990,P2,CASC,-135.15,-137.50,-198,R,24372,-1.1250
44000,P2,CASC,-135.00,-137.50,-198,R,24317,-1.1000
44010,P2,CASC,-134.85,-135.04,-199,R,24263,-1.0981
44020,P2,CASC,-134.70,-137.50,-198,R,24208,-1.0701
44030,P2,CASC,-134.55,-135.01,-199,R,24154,-1.0655
44040,P2,CASC,-134.40,-129.99,-201,R,24102,-1.1096
44050,P2,CASC,-134.25,-132.51,-200,R,24049,-1.1270
44060,P2,CASC,-134.10,-129.95,-201,R,23997,-1.1685
44070,P2,CASC,-133.95,-135.05,-198,R,23943,-1.1574
44080,P2,CASC,-133.80,-132.50,-200,R,23890,-1.1704
44090,P2,CASC,-133.65,-132.47,-200,R,23837,-1.1822
44100,P2,CASC,-133.50,-132.43,-200,R,23784,-1.1929
44110,P2,CASC,-133.35,-130.08,-200,R,23732,-1.2256
44120,P2,CASC,-133.20,-130.01,-200,R,23680,-1.2575
44130,P2,CASC,-133.05,-134.89,-198,R,23626,-1.2390
44140,P2,CASC,-132.90,-130.10,-200,R,23574,-1.2670
44150,P2,CASC,-132.75,-127.50,-201,R,23523,-1.3195
44160,P2,CASC,-132.60,-127.49,-201,R,23472,-1.3706
44170,P2,CASC,-132.45,-127.50,-201,R,23421,-1.4201
44180,P2,CASC,-132.30,-127.51,-201,R,23370,-1.4680
44190,P2,CASC,-132.15,-132.49,-199,R,23317,-1.4646
44200,P2,CASC,-132.00,-132.46,-198,R,23264,-1.4600
44210,P2,CASC,-131.85,-132.51,-198,R,23211,-1.4534
44220,P2,CASC,-131.70,-132.50,-198,R,23158,-1.4454
44230,P2,CASC,-131.55,-132.53,-198,R,23105,-1.4356
44240,P2,CASC,-131.40,-134.99,-196,R,23051,-1.3998
44250,P2,CASC,-131.25,-135.00,-196,R,22997,-1.3623
44260,P2,CASC,-131.10,-129.97,-199,R,22945,-1.3735
44270,P2,CASC,-130.95,-130.04,-199,R,22893,-1.3826
44280,P2,CASC,-130.80,-129.99,-199,R,22841,-1.3908
44290,P2,CASC,-130.65,-127.50,-199,R,22790,-1.4223
44300,P2,CASC,-130.50,-132.50,-196,R,22737,-1.4023
44310,P2,CASC,-130.35,-127.49,-199,R,22686,-1.4309
44320,P2,CASC,-130.20,-132.54,-196,R,22633,-1.4075
44330,P2,CASC,-130.05,-127.49,-199,R,22582,-1.4331
44340,P2,CASC,-129.90,-129.99,-197,R,22530,-1.4322
44350,P2,CASC,-129.75,-130.01,-197,R,22478,-1.4296
44360,P2,CASC,-129.60,-129.92,-197,R,22426,-1.4264
44370,P2,CASC,-129.45,-127.56,-198,R,22375,-1.4453
44380,P2,CASC,-129.30,-127.51,-198,R,22324,-1.4631
44390,P2,CASC,-129.15,-127.51,-198,R,22273,-1.4795
44400,P2,CASC,-129.00,-129.96,-196,R,22221,-1.4699
44410,P2,CASC,-128.85,-124.99,-198,R,22171,-1.5085
44420,P2,CASC,-128.70,-127.54,-198,R,22120,-1.5201
44430,P2,CASC,-128.55,-127.49,-198,R,22069,-1.5308
44440,P2,CASC,-128.40,-127.51,-197,R,22018,-1.5396
44450,P2,CASC,-128.25,-130.00,-195,R,21966,-1.5221
44460,P2,CASC,-128.10,-129.97,-195,R,21914,-1.5034
44470,P2,CASC,-127.95,-130.00,-195,R,21862,-1.4829
44480,P2,CASC,-127.80,-127.51,-197,R,21811,-1.4858
44490,P2,CASC,-127.65,-127.53,-197,R,21760,-1.4870
44500,P2,CASC,-127.50,-127.50,-196,R,21709,-1.4870
44510,P2,CASC,-127.35,-122.48,-198,R,21660,-1.5358
44520,P2,CASC,-127.20,-125.01,-197,R,21610,-1.5576
44530,P2,CASC,-127.05,-127.51,-196,R,21559,-1.5530
44540,P2,CASC,-126.90,-124.95,-197,R,21509,-1.5725
44550,P2,CASC,-126.75,-125.04,-197,R,21459,-1.5896
44560,P2,CASC,-126.60,-127.46,-195,R,21408,-1.5810
44570,P2,CASC,-126.45,-122.55,-197,R,21359,-1.6200
44580,P2,CASC,-126.30,-125.00,-196,R,21309,-1.6330
44590,P2,CASC,-126.15,-124.96,-196,R,21259,-1.6449
44600,P2,CASC,-126.00,-125.04,-196,R,21209,-1.6545
44610,P2,CASC,-125.85,-122.48,-197,R,21160,-1.6883
44620,P2,CASC,-125.70,-120.02,-197,R,21112,-1.7450
44630,P2,CASC,-125.55,-119.95,-198,R,21064,-1.8010
44640,P2,CASC,-125.40,-120.01,-198,R,21016,-1.8549
44650,P2,CASC,-125.25,-122.50,-197,R,20967,-1.8824
44660,P2,CASC,-125.10,-125.00,-196,R,20917,-1.8834
44670,P2,CASC,-124.95,-125.04,-195,R,20867,-1.8825
44680,P2,CASC,-124.80,-124.98,-195,R,20817,-1.8808
44690,P2,CASC,-124.65,-125.03,-195,R,20767,-1.8770
44700,P2,CASC,-124.50,-127.49,-193,R,20716,-1.8471
44710,P2,CASC,-124.35,-124.99,-194,R,20666,-1.8408
44720,P2,CASC,-124.20,-127.51,-192,R,20615,-1.8076
44730,P2,CASC,-124.05,-122.46,-196,R,20566,-1.8235
44740,P2,CASC,-123.90,-125.01,-194,R,20516,-1.8124
44750,P2,CASC,-123.75,-122.50,-195,R,20467,-1.8249
44760,P2,CASC,-123.60,-122.54,-195,R,20418,-1.8355
44770,P2,CASC,-123.45,-119.96,-196,R,20370,-1.8704
44780,P2,CASC,-123.30,-122.49,-195,R,20321,-1.8785
44790,P2,CASC,-123.15,-122.55,-195,R,20272,-1.8845
44800,P2,CASC,-123.00,-122.50,-195,R,20223,-1.8895
44810,P2,CASC,-122.85,-122.48,-195,R,20174,-1.8932
44820,P2,CASC,-122.70,-122.51,-195,R,20125,-1.8951
44830,P2,CASC,-122.55,-122.48,-195,R,20076,-1.8959
44840,P2,CASC,-122.40,-122.51,-194,R,20027,-1.8947
44850,P2,CASC,-122.25,-122.50,-193,R,19978,-1.8922
44860,P2,CASC,-122.10,-122.48,-193,R,19929,-1.8885
44870,P2,CASC,-121.95,-117.50,-195,R,19882,-1.9330
44880,P2,CASC,-121.80,-120.04,-195,R,19834,-1.9506
44890,P2,CASC,-121.65,-119.99,-195,R,19786,-1.9673
44900,P2,CASC,-121.50,-120.00,-194,R,19738,-1.9823
44910,P2,CASC,-121.35,-119.99,-194,R,19690,-1.9959
44920,P2,CASC,-121.20,-122.54,-192,R,19641,-1.9825
44930,P2,CASC,-121.05,-119.98,-194,R,19593,-1.9932
44940,P2,CASC,-120.90,-122.51,-192,R,19544,-1.9771
44950,P2,CASC,-120.75,-120.01,-194,R,19496,-1.9845
44960,P2,CASC,-120.60,-124.99,-190,R,19446,-1.9406
44970,P2,CASC,-120.45,-120.00,-193,R,19398,-1.9451
44980,P2,CASC,-120.30,-119.98,-193,R,19350,-1.9484
44990,P2,CASC,-120.15,-117.54,-194,R,19303,-1.9745
45000,P2,CASC,-120.00,-117.48,-194,R,19256,-1.9997
45010,P2,CASC,-119.85,-117.50,-194,R,19209,-2.0232
45020,P2,CASC,-119.70,-120.01,-192,R,19161,-2.0201
45030,P2,CASC,-119.55,-117.50,-194,R,19114,-2.0406
45040,P2,CASC,-119.40,-117.49,-193,R,19067,-2.0597
45050,P2,CASC,-119.25,-120.01,-192,R,19019,-2.0521
45060,P2,CASC,-119.10,-117.48,-193,R,18972,-2.0684
45070,P2,CASC,-118.95,-115.03,-194,R,18926,-2.1075
45080,P2,CASC,-118.80,-117.50,-193,R,18879,-2.1205
45090,P2,CASC,-118.65,-117.50,-193,R,18832,-2.1320
45100,P2,CASC,-118.50,-117.45,-193,R,18785,-2.1425
45110,P2,CASC,-118.35,-117.55,-193,R,18738,-2.1505
45120,P2,CASC,-118.20,-112.50,-194,R,18693,-2.2075
45130,P2,CASC,-118.05,-112.46,-194,R,18648,-2.2635
45140,P2,CASC,-117.90,-112.50,-194,R,18603,-2.3175
45150,P2,CASC,-117.75,-115.03,-193,R,18557,-2.3446
45160,P2,CASC,-117.60,-117.51,-193,R,18510,-2.3455
45170,P2,CASC,-117.45,-117.46,-192,R,18463,-2.3454
45180,P2,CASC,-117.30,-117.49,-191,R,18416,-2.3435
45190,P2,CASC,-117.15,-117.51,-191,R,18369,-2.3399
45200,P2,CASC,-117.00,-119.99,-189,R,18321,-2.3100
45210,P2,CASC,-116.85,-117.55,-191,R,18274,-2.3030
45220,P2,CASC,-116.70,-117.49,-191,R,18227,-2.2951
45230,P2,CASC,-116.55,-117.51,-190,R,18180,-2.2855
45240,P2,CASC,-116.40,-114.99,-192,R,18134,-2.2996
45250,P2,CASC,-116.25,-115.00,-192,R,18088,-2.3121
45260,P2,CASC,-116.10,-115.00,-192,R,18042,-2.3231
45270,P2,CASC,-115.95,-112.48,-193,R,17997,-2.3578
45280,P2,CASC,-115.80,-117.52,-190,R,17950,-2.3406
45290,P2,CASC,-115.65,-112.50,-192,R,17905,-2.3721
45300,P2,CASC,-115.50,-117.48,-189,R,17858,-2.3523
45310,P2,CASC,-115.35,-112.51,-192,R,17813,-2.3807
45320,P2,CASC,-115.20,-114.98,-191,R,17767,-2.3830
45330,P2,CASC,-115.05,-115.00,-191,R,17721,-2.3835
45340,P2,CASC,-114.90,-112.51,-192,R,17676,-2.4073
45350,P2,CASC,-114.75,-115.02,-190,R,17630,-2.4046
45360,P2,CASC,-114.60,-115.01,-190,R,17584,-2.4005
45370,P2,CASC,-114.45,-115.00,-190,R,17538,-2.3950
45380,P2,CASC,-114.30,-112.49,-191,R,17493,-2.4131
45390,P2,CASC,-114.15,-110.00,-192,R,17449,-2.4546
45400,P2,CASC,-114.00,-112.49,-191,R,17404,-2.4697
45410,P2,CASC,-113.85,-112.51,-191,R,17359,-2.4831
45420,P2,CASC,-113.70,-112.47,-191,R,17314,-2.4955
45430,P2,CASC,-113.55,-112.52,-191,R,17269,-2.5057
45440,P2,CASC,-113.40,-112.50,-191,R,17224,-2.5147
45450,P2,CASC,-113.25,-115.01,-188,R,17178,-2.4971
45460,P2,CASC,-113.10,-114.97,-188,R,17132,-2.4785
45470,P2,CASC,-112.95,-112.52,-190,R,17087,-2.4827
45480,P2,CASC,-112.80,-115.00,-188,R,17041,-2.4607
45490,P2,CASC,-112.65,-112.51,-190,R,16996,-2.4621
45500,P2,CASC,-112.50,-112.50,-189,R,16951,-2.4621
45510,P2,CASC,-112.35,-109.97,-190,R,16907,-2.4860
45520,P2,CASC,-112.20,-107.51,-191,R,16864,-2.5328
45530,P2,CASC,-112.05,-110.02,-190,R,16820,-2.5531
45540,P2,CASC,-111.90,-109.99,-190,R,16776,-2.5722
45550,P2,CASC,-111.75,-112.48,-188,R,16731,-2.5650
45560,P2,CASC,-111.60,-110.00,-190,R,16687,-2.5810
45570,P2,CASC,-111.45,-110.04,-190,R,16643,-2.5950
45580,P2,CASC,-111.30,-110.00,-190,R,16599,-2.6080
45590,P2,CASC,-111.15,-107.48,-190,R,16556,-2.6447
45600,P2,CASC,-111.00,-112.50,-187,R,16511,-2.6297
45610,P2,CASC,-110.85,-107.52,-190,R,16468,-2.6630
45620,P2,CASC,-110.70,-109.96,-189,R,16424,-2.6705
45630,P2,CASC,-110.55,-110.04,-189,R,16380,-2.6755
45640,P2,CASC,-110.40,-107.47,-190,R,16337,-2.7048
45650,P2,CASC,-110.25,-105.00,-190,R,16295,-2.7573
45660,P2,CASC,-110.10,-104.99,-191,R,16253,-2.8084
45670,P2,CASC,-109.95,-105.01,-191,R,16211,-2.8578
45680,P2,CASC,-109.80,-105.03,-190,R,16169,-2.9055
45690,P2,CASC,-109.65,-109.89,-188,R,16125,-2.9031
45700,P2,CASC,-109.50,-107.56,-190,R,16082,-2.9225
45710,P2,CASC,-109.35,-110.02,-188,R,16038,-2.9158
45720,P2,CASC,-109.20,-110.01,-187,R,15994,-2.9076
45730,P2,CASC,-109.05,-109.97,-187,R,15950,-2.8985
45740,P2,CASC,-108.90,-107.53,-189,R,15907,-2.9122
45750,P2,CASC,-108.75,-112.46,-185,R,15862,-2.8751
45760,P2,CASC,-108.60,-107.53,-189,R,15819,-2.8858
45770,P2,CASC,-108.45,-109.96,-186,R,15775,-2.8707
45780,P2,CASC,-108.30,-107.56,-189,R,15732,-2.8781
45790,P2,CASC,-108.15,-104.97,-189,R,15690,-2.9099
45800,P2,CASC,-108.00,-105.01,-189,R,15648,-2.9398
45810,P2,CASC,-107.85,-107.49,-188,R,15605,-2.9434
45820,P2,CASC,-107.70,-107.50,-188,R,15562,-2.9454
45830,P2,CASC,-107.55,-107.51,-188,R,15519,-2.9458
45840,P2,CASC,-107.40,-105.02,-189,R,15477,-2.9696
45850,P2,CASC,-107.25,-107.50,-187,R,15434,-2.9671
45860,P2,CASC,-107.10,-107.50,-186,R,15391,-2.9631
45870,P2,CASC,-106.95,-104.97,-188,R,15349,-2.9829
45880,P2,CASC,-106.80,-105.01,-188,R,15307,-3.0008
45890,P2,CASC,-106.65,-107.49,-186,R,15264,-2.9924
45900,P2,CASC,-106.50,-107.49,-186,R,15221,-2.9825
45910,P2,CASC,-106.35,-105.04,-188,R,15179,-2.9956
45920,P2,CASC,-106.20,-104.99,-188,R,15137,-3.0077
45930,P2,CASC,-106.05,-105.00,-188,R,15095,-3.0182
45940,P2,CASC,-105.90,-102.49,-188,R,15054,-3.0523
45950,P2,CASC,-105.75,-105.01,-187,R,15012,-3.0597
45960,P2,CASC,-105.60,-104.98,-187,R,14970,-3.0659
45970,P2,CASC,-105.45,-102.50,-188,R,14929,-3.0954
45980,P2,CASC,-105.30,-105.00,-187,R,14887,-3.0984
45990,P2,CASC,-105.15,-105.02,-187,R,14845,-3.0997
46000,P2,CASC,-105.00,-104.98,-187,R,14803,-3.0999
46010,P2,CASC,-104.85,-105.02,-185,R,14761,-3.0982
46020,P2,CASC,-104.70,-107.51,-184,R,14718,-3.0701
46030,P2,CASC,-104.55,-105.00,-185,R,14676,-3.0656
46040,P2,CASC,-104.40,-104.97,-185,R,14634,-3.0599
46050,P2,CASC,-104.25,-105.03,-185,R,14592,-3.0521
46060,P2,CASC,-104.10,-102.46,-187,R,14551,-3.0685
46070,P2,CASC,-103.95,-102.54,-187,R,14510,-3.0826
46080,P2,CASC,-103.80,-99.97,-187,R,14470,-3.1209
46090,P2,CASC,-103.65,-102.50,-186,R,14429,-3.1324
46100,P2,CASC,-103.50,-102.53,-186,R,14388,-3.1421
46110,P2,CASC,-103.35,-102.49,-186,R,14347,-3.1507
46120,P2,CASC,-103.20,-102.48,-186,R,14306,-3.1579
46130,P2,CASC,-103.05,-102.51,-186,R,14265,-3.1633
46140,P2,CASC,-102.90,-102.51,-186,R,14224,-3.1672
46150,P2,CASC,-102.75,-102.49,-186,R,14183,-3.1698
46160,P2,CASC,-102.60,-100.02,-186,R,14143,-3.1956
46170,P2,CASC,-102.45,-102.49,-184,R,14102,-3.1952
46180,P2,CASC,-102.30,-102.48,-184,R,14061,-3.1934
46190,P2,CASC,-102.15,-100.02,-186,R,14021,-3.2147
46200,P2,CASC,-102.00,-100.01,-186,R,13981,-3.2346
46210,P2,CASC,-101.85,-102.50,-184,R,13940,-3.2281
46220,P2,CASC,-101.70,-94.98,-187,R,13902,-3.2953
46230,P2,CASC,-101.55,-97.52,-186,R,13863,-3.3356
46240,P2,CASC,-101.40,-97.46,-186,R,13824,-3.3750
46250,P2,CASC,-101.25,-97.51,-186,R,13785,-3.4124
46260,P2,CASC,-101.10,-97.53,-186,R,13746,-3.4481
46270,P2,CASC,-100.95,-99.99,-186,R,13706,-3.4577
46280,P2,CASC,-100.80,-102.50,-183,R,13665,-3.4407
46290,P2,CASC,-100.65,-100.00,-185,R,13625,-3.4472
46300,P2,CASC,-100.50,-100.01,-185,R,13585,-3.4521
46310,P2,CASC,-100.35,-102.49,-182,R,13544,-3.4307
46320,P2,CASC,-100.20,-100.01,-185,R,13504,-3.4326
46330,P2,CASC,-100.05,-102.50,-182,R,13463,-3.4081
46340,P2,CASC,-99.90,-102.50,-181,R,13422,-3.3821
46350,P2,CASC,-99.75,-99.99,-183,R,13382,-3.3797
46360,P2,CASC,-99.60,-99.99,-183,R,13342,-3.3758
46370,P2,CASC,-99.45,-95.01,-185,R,13304,-3.4202
46380,P2,CASC,-99.30,-99.99,-182,R,13264,-3.4133
46390,P2,CASC,-99.15,-97.51,-184,R,13225,-3.4297
46400,P2,CASC,-99.00,-95.01,-185,R,13187,-3.4696
46410,P2,CASC,-98.85,-99.97,-182,R,13147,-3.4584
46420,P2,CASC,-98.70,-97.53,-184,R,13108,-3.4701
46430,P2,CASC,-98.55,-97.48,-184,R,13069,-3.4808
46440,P2,CASC,-98.40,-99.99,-181,R,13029,-3.4649
46450,P2,CASC,-98.25,-95.03,-184,R,12991,-3.4971
46460,P2,CASC,-98.10,-97.48,-184,R,12952,-3.5033
46470,P2,CASC,-97.95,-97.51,-184,R,12913,-3.5077
46480,P2,CASC,-97.80,-97.51,-183,R,12874,-3.5106
46490,P2,CASC,-97.65,-97.50,-183,R,12835,-3.5121
46500,P2,CASC,-97.50,-99.99,-180,R,12795,-3.4872
46510,P2,CASC,-97.35,-97.49,-182,R,12756,-3.4858
46520,P2,CASC,-97.20,-95.01,-183,R,12718,-3.5077
46530,P2,CASC,-97.05,-97.47,-181,R,12679,-3.5035
46540,P2,CASC,-96.90,-95.01,-183,R,12641,-3.5224
46550,P2,CASC,-96.75,-94.94,-183,R,12603,-3.5405
46560,P2,CASC,-96.60,-95.05,-183,R,12565,-3.5560
46570,P2,CASC,-96.45,-95.04,-183,R,12527,-3.5701
46580,P2,CASC,-96.30,-94.96,-183,R,12489,-3.5835
46590,P2,CASC,-96.15,-97.50,-180,R,12450,-3.5700
46600,P2,CASC,-96.00,-95.03,-182,R,12412,-3.5797
46610,P2,CASC,-95.85,-94.99,-182,R,12374,-3.5883
46620,P2,CASC,-95.70,-95.01,-182,R,12336,-3.5952
46630,P2,CASC,-95.55,-95.01,-182,R,12298,-3.6006
46640,P2,CASC,-95.40,-97.48,-179,R,12259,-3.5798
46650,P2,CASC,-95.25,-95.01,-182,R,12221,-3.5822
46660,P2,CASC,-95.10,-95.00,-182,R,12183,-3.5832
46670,P2,CASC,-94.95,-92.50,-182,R,12146,-3.6077
46680,P2,CASC,-94.80,-94.99,-180,R,12108,-3.6058
46690,P2,CASC,-94.65,-90.02,-183,R,12072,-3.6521
46700,P2,CASC,-94.50,-92.46,-182,R,12035,-3.6725
46710,P2,CASC,-94.35,-92.53,-182,R,11998,-3.6907
46720,P2,CASC,-94.20,-95.01,-179,R,11960,-3.6826
46730,P2,CASC,-94.05,-92.47,-182,R,11923,-3.6984
46740,P2,CASC,-93.90,-92.49,-181,R,11886,-3.7125
46750,P2,CASC,-93.75,-92.52,-181,R,11849,-3.7248
46760,P2,CASC,-93.60,-92.51,-181,R,11812,-3.7357
46770,P2,CASC,-93.45,-92.51,-181,R,11775,-3.7451
46780,P2,CASC,-93.30,-92.50,-181,R,11738,-3.7531
46790,P2,CASC,-93.15,-92.45,-181,R,11701,-3.7601
46800,P2,CASC,-93.00,-92.51,-181,R,11664,-3.7650
46810,P2,CASC,-92.85,-92.51,-181,R,11627,-3.7684
46820,P2,CASC,-92.70,-90.00,-181,R,11591,-3.7954
46830,P2,CASC,-92.55,-92.51,-180,R,11554,-3.7958
46840,P2,CASC,-92.40,-87.52,-182,R,11519,-3.8446
46850,P2,CASC,-92.25,-89.99,-181,R,11483,-3.8672
46860,P2,CASC,-92.10,-87.48,-182,R,11448,-3.9134
46870,P2,CASC,-91.95,-87.49,-182,R,11413,-3.9580
46880,P2,CASC,-91.80,-90.01,-181,R,11377,-3.9759
46890,P2,CASC,-91.65,-90.03,-181,R,11341,-3.9921
46900,P2,CASC,-91.50,-92.47,-178,R,11304,-3.9824
46910,P2,CASC,-91.35,-92.49,-178,R,11267,-3.9710
46920,P2,CASC,-91.20,-90.01,-180,R,11231,-3.9829
46930,P2,CASC,-91.05,-92.51,-177,R,11194,-3.9683
46940,P2,CASC,-90.90,-90.01,-180,R,11158,-3.9772
46950,P2,CASC,-90.75,-92.50,-177,R,11121,-3.9597
46960,P2,CASC,-90.60,-89.98,-180,R,11085,-3.9659
46970,P2,CASC,-90.45,-92.53,-176,R,11048,-3.9451
46980,P2,CASC,-90.30,-90.00,-179,R,11012,-3.9481
46990,P2,CASC,-90.15,-89.97,-179,R,10976,-3.9499
47000,P2,CASC,-90.00,-92.53,-176,R,10939,-3.9246
47010,P2,CASC,-89.85,-87.50,-180,R,10904,-3.9481
47020,P2,CASC,-89.70,-87.47,-179,R,10869,-3.9704
47030,P2,CASC,-89.55,-87.53,-179,R,10834,-3.9906
47040,P2,CASC,-89.40,-87.50,-179,R,10799,-4.0096
47050,P2,CASC,-89.25,-89.97,-177,R,10763,-4.0024
47060,P2,CASC,-89.10,-89.96,-176,R,10727,-3.9938
47070,P2,CASC,-88.95,-85.04,-179,R,10693,-4.0328
47080,P2,CASC,-88.80,-90.01,-176,R,10657,-4.0207
47090,P2,CASC,-88.65,-90.01,-176,R,10621,-4.0072
47100,P2,CASC,-88.50,-87.48,-178,R,10586,-4.0173
47110,P2,CASC,-88.35,-85.02,-179,R,10552,-4.0507
47120,P2,CASC,-88.20,-90.00,-175,R,10516,-4.0327
47130,P2,CASC,-88.05,-85.00,-179,R,10482,-4.0632
47140,P2,CASC,-87.90,-90.00,-175,R,10446,-4.0422
47150,P2,CASC,-87.75,-90.00,-175,R,10410,-4.0197
47160,P2,CASC,-87.60,-84.99,-178,R,10376,-4.0457
47170,P2,CASC,-87.45,-89.99,-174,R,10340,-4.0203
47180,P2,CASC,-87.30,-85.02,-178,R,10306,-4.0432
47190,P2,CASC,-87.15,-87.47,-176,R,10271,-4.0399
47200,P2,CASC,-87.00,-85.03,-178,R,10237,-4.0597
47210,P2,CASC,-86.85,-84.99,-178,R,10203,-4.0783
47220,P2,CASC,-86.70,-85.00,-178,R,10169,-4.0953
47230,P2,CASC,-86.55,-87.50,-175,R,10134,-4.0858
47240,P2,CASC,-86.40,-84.98,-177,R,10100,-4.0999
47250,P2,CASC,-86.25,-85.00,-177,R,10066,-4.1124
47260,P2,CASC,-86.10,-87.48,-174,R,10031,-4.0986
47270,P2,CASC,-85.95,-82.52,-178,R,9998,-4.1329
47280,P2,CASC,-85.80,-87.51,-174,R,9963,-4.1158
47290,P2,CASC,-85.65,-85.01,-177,R,9929,-4.1223
47300,P2,CASC,-85.50,-84.97,-176,R,9895,-4.1275
47310,P2,CASC,-85.35,-85.03,-176,R,9861,-4.1307
47320,P2,CASC,-85.20,-87.47,-173,R,9826,-4.1080
47330,P2,CASC,-85.05,-82.52,-177,R,9793,-4.1334
47340,P2,CASC,-84.90,-85.02,-174,R,9759,-4.1322
47350,P2,CASC,-84.75,-84.97,-174,R,9725,-4.1299
47360,P2,CASC,-84.60,-80.02,-177,R,9693,-4.1757
47370,P2,CASC,-84.45,-82.48,-176,R,9660,-4.1954
47380,P2,CASC,-84.30,-82.51,-176,R,9627,-4.2133
47390,P2,CASC,-84.15,-82.49,-176,R,9594,-4.2299
47400,P2,CASC,-84.00,-82.51,-176,R,9561,-4.2448
47410,P2,CASC,-83.85,-82.49,-176,R,9528,-4.2584
47420,P2,CASC,-83.70,-84.99,-173,R,9494,-4.2455
47430,P2,CASC,-83.55,-79.99,-176,R,9462,-4.2810
47440,P2,CASC,-83.40,-85.03,-173,R,9428,-4.2647
47450,P2,CASC,-83.25,-80.00,-176,R,9396,-4.2972
47460,P2,CASC,-83.10,-82.50,-175,R,9363,-4.3032
47470,P2,CASC,-82.95,-82.49,-175,R,9330,-4.3078
47480,P2,CASC,-82.80,-79.98,-176,R,9298,-4.3359
47490,P2,CASC,-82.65,-85.03,-172,R,9264,-4.3122
47500,P2,CASC,-82.50,-79.99,-175,R,9232,-4.3373
47510,P2,CASC,-82.35,-82.49,-173,R,9199,-4.3358
47520,P2,CASC,-82.20,-79.98,-175,R,9167,-4.3580
47530,P2,CASC,-82.05,-80.02,-175,R,9135,-4.3783
47540,P2,CASC,-81.90,-80.00,-175,R,9103,-4.3973
47550,P2,CASC,-81.75,-77.51,-176,R,9072,-4.4397
47560,P2,CASC,-81.60,-77.49,-176,R,9041,-4.4808
47570,P2,CASC,-81.45,-77.48,-176,R,9010,-4.5204
47580,P2,CASC,-81.30,-80.00,-175,R,8978,-4.5334
47590,P2,CASC,-81.15,-77.52,-175,R,8947,-4.5698
47600,P2,CASC,-81.00,-82.48,-172,R,8914,-4.5549
47610,P2,CASC,-80.85,-80.00,-174,R,8882,-4.5634
47620,P2,CASC,-80.70,-80.01,-174,R,8850,-4.5703
47630,P2,CASC,-80.55,-80.01,-174,R,8818,-4.5758
47640,P2,CASC,-80.40,-80.01,-174,R,8786,-4.5797
47650,P2,CASC,-80.25,-82.49,-171,R,8753,-4.5573
47660,P2,CASC,-80.10,-79.99,-174,R,8721,-4.5584
47670,P2,CASC,-79.95,-80.01,-172,R,8689,-4.5578
47680,P2,CASC,-79.80,-82.49,-170,R,8656,-4.5309
47690,P2,CASC,-79.65,-79.99,-171,R,8624,-4.5274
47700,P2,CASC,-79.50,-79.98,-171,R,8592,-4.5227
47710,P2,CASC,-79.35,-77.52,-174,R,8561,-4.5409
47720,P2,CASC,-79.20,-80.02,-171,R,8529,-4.5327
47730,P2,CASC,-79.05,-77.50,-173,R,8498,-4.5482
47740,P2,CASC,-78.90,-77.48,-173,R,8467,-4.5624
47750,P2,CASC,-78.75,-77.52,-173,R,8436,-4.5747
47760,P2,CASC,-78.60,-77.50,-173,R,8405,-4.5857
47770,P2,CASC,-78.45,-79.98,-170,R,8373,-4.5704
47780,P2,CASC,-78.30,-77.52,-173,R,8342,-4.5783
47790,P2,CASC,-78.15,-77.49,-173,R,8311,-4.5849
47800,P2,CASC,-78.00,-77.52,-173,R,8280,-4.5897
47810,P2,CASC,-77.85,-79.99,-169,R,8248,-4.5683
47820,P2,CASC,-77.70,-77.51,-172,R,8217,-4.5702
47830,P2,CASC,-77.55,-80.00,-169,R,8185,-4.5457
47840,P2,CASC,-77.40,-77.48,-170,R,8154,-4.5449
47850,P2,CASC,-77.25,-77.49,-170,R,8123,-4.5425
47860,P2,CASC,-77.10,-77.53,-170,R,8092,-4.5382
47870,P2,CASC,-76.95,-79.99,-168,R,8060,-4.5078
47880,P2,CASC,-76.80,-79.98,-168,R,8028,-4.4760
47890,P2,CASC,-76.65,-80.02,-167,R,7996,-4.4424
47900,P2,CASC,-76.50,-77.48,-169,R,7965,-4.4325
47910,P2,CASC,-76.35,-80.03,-167,R,7933,-4.3957
47920,P2,CASC,-76.20,-77.49,-168,R,7902,-4.3828
47930,P2,CASC,-76.05,-77.50,-168,R,7871,-4.3683
47940,P2,CASC,-75.90,-77.51,-168,R,7840,-4.3522
47950,P2,CASC,-75.75,-75.00,-171,R,7810,-4.3597
47960,P2,CASC,-75.60,-77.50,-168,R,7779,-4.3407
47970,P2,CASC,-75.45,-77.47,-167,R,7748,-4.3205
47980,P2,CASC,-75.30,-77.51,-167,R,7717,-4.2984
47990,P2,CASC,-75.15,-75.02,-170,R,7687,-4.2997
48000,P2,CASC,-75.00,-77.50,-167,R,7656,-4.2747
48010,P2,CASC,-74.85,-77.48,-166,R,7625,-4.2484
48020,P2,CASC,-74.70,-75.02,-168,R,7595,-4.2452
48030,P2,CASC,-74.55,-77.49,-166,R,7564,-4.2158
48040,P2,CASC,-74.40,-77.49,-166,R,7533,-4.1849
48050,P2,CASC,-74.25,-74.99,-167,R,7503,-4.1775
48060,P2,CASC,-74.10,-77.52,-165,R,7472,-4.1432
48070,P2,CASC,-73.95,-74.99,-167,R,7442,-4.1329
48080,P2,CASC,-73.80,-77.50,-165,R,7411,-4.0959
48090,P2,CASC,-73.65,-75.00,-166,R,7381,-4.0824
48100,P2,CASC,-73.50,-74.99,-166,R,7351,-4.0674
48110,P2,CASC,-73.35,-75.00,-166,R,7321,-4.0509
48120,P2,CASC,-73.20,-72.52,-168,R,7292,-4.0577
48130,P2,CASC,-73.05,-72.48,-168,R,7263,-4.0634
48140,P2,CASC,-72.90,-75.02,-165,R,7233,-4.0422
48150,P2,CASC,-72.75,-72.49,-168,R,7204,-4.0448
48160,P2,CASC,-72.60,-74.99,-165,R,7174,-4.0209
48170,P2,CASC,-72.45,-75.01,-164,R,7144,-3.9953
48180,P2,CASC,-72.30,-74.99,-164,R,7114,-3.9684
48190,P2,CASC,-72.15,-75.00,-164,R,7084,-3.9399
48200,P2,CASC,-72.00,-75.00,-164,R,7054,-3.9099
48210,P2,CASC,-71.85,-72.49,-165,R,7025,-3.9034
48220,P2,CASC,-71.70,-75.01,-163,R,6995,-3.8703
48230,P2,CASC,-71.55,-74.98,-163,R,6965,-3.8360
48240,P2,CASC,-71.40,-72.51,-164,R,6936,-3.8249
48250,P2,CASC,-71.25,-75.00,-162,R,6906,-3.7874
48260,P2,CASC,-71.10,-74.99,-162,R,6876,-3.7484
48270,P2,CASC,-70.95,-75.00,-162,R,6846,-3.7079
48280,P2,CASC,-70.80,-72.50,-163,R,6817,-3.6909
48290,P2,CASC,-70.65,-75.01,-161,R,6787,-3.6473
48300,P2,CASC,-70.50,-72.51,-163,R,6758,-3.6272
48310,P2,CASC,-70.35,-72.49,-163,R,6729,-3.6059
48320,P2,CASC,-70.20,-72.48,-162,R,6700,-3.5831
48330,P2,CASC,-70.05,-70.01,-165,R,6672,-3.5834
48340,P2,CASC,-69.90,-70.01,-164,R,6644,-3.5823
48350,P2,CASC,-69.75,-72.49,-162,R,6615,-3.5549
48360,P2,CASC,-69.60,-70.01,-163,R,6587,-3.5507
48370,P2,CASC,-69.45,-72.49,-161,R,6558,-3.5204
48380,P2,CASC,-69.30,-72.50,-161,R,6529,-3.4884
48390,P2,CASC,-69.15,-72.49,-161,R,6500,-3.4550
48400,P2,CASC,-69.00,-74.99,-159,R,6470,-3.3952
48410,P2,CASC,-68.85,-72.51,-160,R,6441,-3.3585
48420,P2,CASC,-68.70,-72.51,-160,R,6412,-3.3205
48430,P2,CASC,-68.55,-72.50,-160,R,6383,-3.2810
48440,P2,CASC,-68.40,-75.00,-158,R,6353,-3.2150
48450,P2,CASC,-68.25,-72.52,-159,R,6324,-3.1722
48460,P2,CASC,-68.10,-72.50,-159,R,6295,-3.1282
48470,P2,CASC,-67.95,-75.00,-157,R,6265,-3.0577
48480,P2,CASC,-67.80,-72.49,-158,R,6236,-3.0108
48490,P2,CASC,-67.65,-72.49,-158,R,6207,-2.9625
48500,P2,CASC,-67.50,-72.50,-157,R,6178,-2.9125
48510,P2,CASC,-67.35,-72.51,-157,R,6149,-2.8608
48520,P2,CASC,-67.20,-69.99,-158,R,6121,-2.8329
48530,P2,CASC,-67.05,-69.99,-158,R,6093,-2.8035
48540,P2,CASC,-66.90,-72.51,-156,R,6064,-2.7473
48550,P2,CASC,-66.75,-70.00,-158,R,6036,-2.7148
48560,P2,CASC,-66.60,-70.00,-157,R,6008,-2.6808
48570,P2,CASC,-66.45,-70.00,-157,R,5980,-2.6453
48580,P2,CASC,-66.30,-72.51,-155,R,5951,-2.5832
48590,P2,CASC,-66.15,-69.99,-157,R,5923,-2.5449
48600,P2,CASC,-66.00,-70.00,-156,R,5895,-2.5049
48610,P2,CASC,-65.85,-72.51,-154,R,5866,-2.4382
48620,P2,CASC,-65.70,-72.49,-154,R,5837,-2.3703
48630,P2,CASC,-65.55,-69.99,-155,R,5809,-2.3259
48640,P2,CASC,-65.40,-72.51,-153,R,5780,-2.2548
48650,P2,CASC,-65.25,-67.48,-156,R,5753,-2.2325
48660,P2,CASC,-65.10,-72.53,-153,R,5724,-2.1582
48670,P2,CASC,-64.95,-69.99,-154,R,5696,-2.1078
48680,P2,CASC,-64.80,-70.01,-154,R,5668,-2.0557
48690,P2,CASC,-64.65,-72.48,-152,R,5639,-1.9774
48700,P2,CASC,-64.50,-72.51,-151,R,5610,-1.8974
48710,P2,CASC,-64.35,-70.00,-153,R,5582,-1.8409
48720,P2,CASC,-64.20,-70.00,-152,R,5554,-1.7829
48730,P2,CASC,-64.05,-69.99,-152,R,5526,-1.7234
48740,P2,CASC,-63.90,-70.01,-152,R,5498,-1.6624
48750,P2,CASC,-63.75,-70.01,-151,R,5470,-1.5998
48760,P2,CASC,-63.60,-67.49,-153,R,5443,-1.5609
48770,P2,CASC,-63.45,-70.01,-151,R,5415,-1.4952
48780,P2,CASC,-63.30,-67.50,-152,R,5388,-1.4532
48790,P2,CASC,-63.15,-67.48,-152,R,5361,-1.4099
48800,P2,CASC,-63.00,-70.02,-150,R,5333,-1.3397
48810,P2,CASC,-62.85,-67.48,-151,R,5306,-1.2934
48820,P2,CASC,-62.70,-65.01,-153,R,5280,-1.2703
48830,P2,CASC,-62.55,-70.00,-149,R,5252,-1.1958
48840,P2,CASC,-62.40,-67.49,-150,R,5225,-1.1449
48850,P2,CASC,-62.25,-65.00,-152,R,5199,-1.1174
48860,P2,CASC,-62.10,-67.51,-150,R,5172,-1.0633
48870,P2,CASC,-61.95,-67.51,-149,R,5145,-1.0077
48880,P2,CASC,-61.80,-67.48,-149,R,5118,-0.9509
48890,P2,CASC,-61.65,-65.01,-150,R,5092,-0.9173
48900,P2,CASC,-61.50,-67.51,-148,R,5065,-0.8572
48910,P2,CASC,-61.35,-65.00,-150,R,5039,-0.8207
48920,P2,CASC,-61.20,-65.00,-150,R,5013,-0.7827
48930,P2,CASC,-61.05,-64.98,-149,R,4987,-0.7434
48940,P2,CASC,-60.90,-65.01,-149,R,4961,-0.7023
48950,P2,CASC,-60.75,-65.01,-149,R,4935,-0.6597
48960,P2,CASC,-60.60,-64.99,-148,R,4909,-0.6158
48970,P2,CASC,-60.45,-62.48,-150,R,4884,-0.5955
48980,P2,CASC,-60.30,-62.51,-150,R,4859,-0.5734
48990,P2,CASC,-60.15,-62.51,-149,R,4834,-0.5498
49000,P2,CASC,-60.00,-62.49,-149,R,4809,-0.5248
49010,P2,CASC,-59.85,-62.49,-149,R,4784,-0.4984
49020,P2,CASC,-59.70,-67.47,-145,R,4757,-0.4207
49030,P2,CASC,-59.55,-62.54,-148,R,4732,-0.3908
49040,P2,CASC,-59.40,-62.49,-148,R,4707,-0.3599
49050,P2,CASC,-59.25,-62.50,-148,R,4682,-0.3274
49060,P2,CASC,-59.10,-64.99,-146,R,4656,-0.2684
49070,P2,CASC,-58.95,-65.02,-145,R,4630,-0.2077
49080,P2,CASC,-58.80,-62.48,-147,R,4605,-0.1709
49090,P2,CASC,-58.65,-62.50,-146,R,4580,-0.1324
49100,P2,CASC,-58.50,-60.01,-148,R,4556,-0.1174
49110,P2,CASC,-58.35,-62.51,-146,R,4531,-0.0757
49120,P2,CASC,-58.20,-62.48,-146,R,4506,-0.0329
49130,P2,CASC,-58.05,-62.52,-145,R,4481,0.0118
49140,P2,CASC,-57.90,-62.48,-145,R,4456,0.0575
49150,P2,CASC,-57.75,-62.51,-145,R,4431,0.1051
49160,P2,CASC,-57.60,-60.00,-146,R,4407,0.1291
49170,P2,CASC,-57.45,-60.00,-146,R,4383,0.1546
49180,P2,CASC,-57.30,-62.49,-144,R,4358,0.2066
49190,P2,CASC,-57.15,-59.99,-145,R,4334,0.2350
49200,P2,CASC,-57.00,-57.52,-147,R,4311,0.2403
49210,P2,CASC,-56.85,-57.48,-147,R,4288,0.2466
49220,P2,CASC,-56.70,-57.52,-146,R,4265,0.2548
49230,P2,CASC,-56.55,-57.49,-146,R,4242,0.2642
49240,P2,CASC,-56.40,-57.50,-146,R,4219,0.2752
49250,P2,CASC,-56.25,-57.48,-146,R,4196,0.2875
49260,P2,CASC,-56.10,-60.01,-144,R,4172,0.3266
49270,P2,CASC,-55.95,-57.51,-145,R,4149,0.3423
49280,P2,CASC,-55.80,-57.50,-145,R,4126,0.3593
49290,P2,CASC,-55.65,-57.49,-145,R,4103,0.3776
49300,P2,CASC,-55.50,-60.00,-143,R,4079,0.4226
49310,P2,CASC,-55.35,-57.50,-144,R,4056,0.4441
49320,P2,CASC,-55.20,-57.51,-144,R,4033,0.4672
49330,P2,CASC,-55.05,-57.49,-144,R,4010,0.4916
49340,P2,CASC,-54.90,-57.51,-144,R,3987,0.5177
49350,P2,CASC,-54.75,-57.51,-143,R,3964,0.5453
49360,P2,CASC,-54.60,-59.98,-141,R,3940,0.5990
49370,P2,CASC,-54.45,-55.01,-144,R,3918,0.6046
49380,P2,CASC,-54.30,-57.51,-143,R,3895,0.6367
49390,P2,CASC,-54.15,-57.49,-142,R,3872,0.6701
49400,P2,CASC,-54.00,-55.00,-144,R,3850,0.6801
49410,P2,CASC,-53.85,-54.99,-143,R,3828,0.6915
49420,P2,CASC,-53.70,-57.51,-142,R,3805,0.7296
49430,P2,CASC,-53.55,-55.01,-143,R,3783,0.7442
49440,P2,CASC,-53.40,-54.99,-143,R,3761,0.7601
49450,P2,CASC,-53.25,-55.02,-143,R,3739,0.7777
49460,P2,CASC,-53.10,-52.49,-143,R,3718,0.7716
49470,P2,CASC,-52.95,-55.01,-142,R,3696,0.7922
49480,P2,CASC,-52.80,-52.48,-143,R,3675,0.7890
49490,P2,CASC,-52.65,-55.02,-142,R,3653,0.8127
49500,P2,CASC,-52.50,-55.01,-141,R,3631,0.8378
49510,P2,CASC,-52.35,-52.48,-143,R,3610,0.8390
49520,P2,CASC,-52.20,-52.52,-143,R,3589,0.8422
49530,P2,CASC,-52.05,-55.00,-141,R,3567,0.8717
49540,P2,CASC,-51.90,-55.01,-141,R,3545,0.9028
49550,P2,CASC,-51.75,-54.98,-140,R,3523,0.9351
49560,P2,CASC,-51.60,-52.50,-142,R,3502,0.9441
49570,P2,CASC,-51.45,-55.01,-140,R,3480,0.9797
49580,P2,CASC,-51.30,-54.99,-140,R,3458,1.0166
49590,P2,CASC,-51.15,-55.02,-139,R,3436,1.0553
49600,P2,CASC,-51.00,-52.49,-141,R,3415,1.0702
49610,P2,CASC,-50.85,-54.99,-139,R,3393,1.1116
49620,P2,CASC,-50.70,-52.50,-140,R,3372,1.1296
49630,P2,CASC,-50.55,-52.51,-140,R,3351,1.1492
49640,P2,CASC,-50.40,-54.99,-138,R,3329,1.1950
49650,P2,CASC,-50.25,-52.51,-139,R,3308,1.2176
49660,P2,CASC,-50.10,-52.50,-139,R,3287,1.2416
49670,P2,CASC,-49.95,-55.02,-137,R,3265,1.2923
49680,P2,CASC,-49.80,-54.98,-137,R,3243,1.3441
49690,P2,CASC,-49.65,-55.01,-137,R,3221,1.3976
49700,P2,CASC,-49.50,-52.51,-138,R,3200,1.4277
49710,P2,CASC,-49.35,-52.48,-138,R,3179,1.4590
49720,P2,CASC,-49.20,-55.00,-136,R,3157,1.5170
49730,P2,CASC,-49.05,-52.51,-138,R,3136,1.5516
49740,P2,CASC,-48.90,-50.02,-139,R,3116,1.5627
49750,P2,CASC,-48.75,-52.50,-137,R,3095,1.6002
49760,P2,CASC,-48.60,-49.98,-139,R,3075,1.6140
49770,P2,CASC,-48.45,-52.51,-137,R,3054,1.6546
49780,P2,CASC,-48.30,-50.00,-139,R,3034,1.6716
49790,P2,CASC,-48.15,-50.01,-138,R,3014,1.6902
49800,P2,CASC,-48.00,-50.01,-138,R,2994,1.7102
49810,P2,CASC,-47.85,-49.98,-138,R,2974,1.7315
49820,P2,CASC,-47.70,-50.02,-138,R,2954,1.7547
49830,P2,CASC,-47.55,-49.99,-138,R,2934,1.7790
49840,P2,CASC,-47.40,-47.51,-139,R,2915,1.7801
49850,P2,CASC,-47.25,-49.99,-138,R,2895,1.8076
49860,P2,CASC,-47.10,-47.50,-139,R,2876,1.8116
49870,P2,CASC,-46.95,-49.99,-137,R,2856,1.8421
49880,P2,CASC,-46.80,-47.51,-139,R,2837,1.8492
49890,P2,CASC,-46.65,-47.49,-139,R,2818,1.8576
49900,P2,CASC,-46.50,-45.01,-139,R,2800,1.8427
49910,P2,CASC,-46.35,-49.99,-137,R,2780,1.8791
49920,P2,CASC,-46.20,-45.00,-139,R,2762,1.8672
49930,P2,CASC,-46.05,-47.49,-138,R,2743,1.8816
49940,P2,CASC,-45.90,-47.51,-138,R,2724,1.8977
49950,P2,CASC,-45.75,-47.49,-138,R,2705,1.9151
49960,P2,CASC,-45.60,-45.00,-139,R,2687,1.9090
49970,P2,CASC,-45.45,-47.51,-138,R,2668,1.9297
49980,P2,CASC,-45.30,-47.49,-138,R,2649,1.9516
49990,P2,CASC,-45.15,-45.00,-138,R,2631,1.9501
50000,P2,CASC,-45.00,-45.01,-139,R,2613,1.9502
50010,P2,CASC,-44.85,-47.50,-137,R,2594,1.9767
50020,P2,CASC,-44.70,-45.00,-139,R,2576,1.9797
50030,P2,CASC,-44.55,-47.50,-137,R,2557,2.0092
50040,P2,CASC,-44.40,-44.99,-139,R,2539,2.0151
50050,P2,CASC,-44.25,-45.01,-138,R,2521,2.0227
50060,P2,CASC,-44.10,-45.00,-138,R,2503,2.0317
50070,P2,CASC,-43.95,-45.00,-138,R,2485,2.0421
50080,P2,CASC,-43.80,-45.00,-138,R,2467,2.0541
50090,P2,CASC,-43.65,-45.00,-138,R,2449,2.0676
50100,P2,CASC,-43.50,-45.01,-138,R,2431,2.0827
50110,P2,CASC,-43.35,-47.50,-136,R,2412,2.1242
50120,P2,CASC,-43.20,-45.00,-137,R,2394,2.1421
50130,P2,CASC,-43.05,-45.00,-137,R,2376,2.1616
50140,P2,CASC,-42.90,-47.51,-135,R,2357,2.2077
50150,P2,CASC,-42.75,-47.50,-135,R,2338,2.2552
50160,P2,CASC,-42.60,-47.50,-135,R,2319,2.3042
50170,P2,CASC,-42.45,-44.99,-137,R,2301,2.3295
50180,P2,CASC,-42.30,-47.51,-135,R,2282,2.3816
50190,P2,CASC,-42.15,-45.00,-136,R,2264,2.4101
50200,P2,CASC,-42.00,-47.51,-134,R,2245,2.4652
50210,P2,CASC,-41.85,-47.50,-134,R,2226,2.5217
50220,P2,CASC,-41.70,-45.00,-136,R,2208,2.5547
50230,P2,CASC,-41.55,-47.49,-134,R,2189,2.6140
50240,P2,CASC,-41.40,-45.01,-135,R,2171,2.6501
50250,P2,CASC,-41.25,-44.99,-135,R,2153,2.6875
50260,P2,CASC,-41.10,-47.52,-133,R,2134,2.7517
50270,P2,CASC,-40.95,-45.00,-134,R,2116,2.7922
50280,P2,CASC,-40.80,-45.00,-134,R,2098,2.8342
50290,P2,CASC,-40.65,-44.99,-134,R,2080,2.8776
50300,P2,CASC,-40.50,-47.51,-132,R,2061,2.9477
50310,P2,CASC,-40.35,-45.00,-134,R,2043,2.9942
50320,P2,CASC,-40.20,-45.00,-133,R,2025,3.0422
50330,P2,CASC,-40.05,-44.99,-133,R,2007,3.0916
50340,P2,CASC,-39.90,-42.51,-135,R,1990,3.1177
50350,P2,CASC,-39.75,-45.00,-133,R,1972,3.1702
50360,P2,CASC,-39.60,-45.00,-133,R,1954,3.2242
50370,P2,CASC,-39.45,-42.50,-134,R,1937,3.2547
50380,P2,CASC,-39.30,-42.50,-134,R,1920,3.2867
50390,P2,CASC,-39.15,-42.50,-134,R,1903,3.3202
50400,P2,CASC,-39.00,-42.49,-134,R,1886,3.3551
50410,P2,CASC,-38.85,-40.01,-135,R,1870,3.3667
50420,P2,CASC,-38.70,-42.49,-133,R,1853,3.4046
50430,P2,CASC,-38.55,-42.51,-133,R,1836,3.4442
50440,P2,CASC,-38.40,-40.00,-135,R,1820,3.4601
50450,P2,CASC,-38.25,-39.99,-134,R,1804,3.4776
50460,P2,CASC,-38.10,-42.50,-133,R,1787,3.5216
50470,P2,CASC,-37.95,-42.51,-132,R,1770,3.5672
50480,P2,CASC,-37.80,-40.00,-134,R,1754,3.5892
50490,P2,CASC,-37.65,-42.49,-132,R,1737,3.6376
50500,P2,CASC,-37.50,-40.00,-133,R,1721,3.6626
50510,P2,CASC,-37.35,-42.51,-132,R,1704,3.7142
50520,P2,CASC,-37.20,-39.99,-133,R,1688,3.7421
50530,P2,CASC,-37.05,-42.50,-131,R,1671,3.7966
50540,P2,CASC,-36.90,-40.01,-133,R,1655,3.8277
50550,P2,CASC,-36.75,-40.00,-133,R,1639,3.8602
50560,P2,CASC,-36.60,-40.00,-132,R,1623,3.8942
50570,P2,CASC,-36.45,-40.00,-132,R,1607,3.9297
50580,P2,CASC,-36.30,-40.00,-132,R,1591,3.9667
50590,P2,CASC,-36.15,-40.00,-132,R,1575,4.0051
50600,P2,CASC,-36.00,-37.50,-133,R,1560,4.0202
50610,P2,CASC,-35.85,-40.00,-131,R,1544,4.0617
50620,P2,CASC,-35.70,-40.00,-131,R,1528,4.1047
50630,P2,CASC,-35.55,-37.49,-133,R,1513,4.1241
50640,P2,CASC,-35.40,-37.52,-133,R,1498,4.1452
50650,P2,CASC,-35.25,-40.00,-131,R,1482,4.1927
50660,P2,CASC,-35.10,-37.50,-132,R,1467,4.2167
50670,P2,CASC,-34.95,-39.99,-130,R,1451,4.2671
50680,P2,CASC,-34.80,-37.51,-132,R,1436,4.2942
50690,P2,CASC,-34.65,-37.50,-132,R,1421,4.3227
50700,P2,CASC,-34.50,-37.49,-132,R,1406,4.3526
50710,P2,CASC,-34.35,-37.52,-131,R,1391,4.3842
50720,P2,CASC,-34.20,-37.50,-131,R,1376,4.4172
50730,P2,CASC,-34.05,-37.50,-131,R,1361,4.4517
50740,P2,CASC,-33.90,-35.00,-133,R,1347,4.4627
50750,P2,CASC,-33.75,-37.50,-131,R,1332,4.5001
50760,P2,CASC,-33.60,-35.01,-132,R,1318,4.5142
50770,P2,CASC,-33.45,-37.50,-130,R,1303,4.5547
50780,P2,CASC,-33.30,-37.50,-130,R,1288,4.5967
50790,P2,CASC,-33.15,-37.50,-130,R,1273,4.6402
50800,P2,CASC,-33.00,-34.99,-132,R,1259,4.6601
50810,P2,CASC,-32.85,-37.50,-130,R,1244,4.7066
50820,P2,CASC,-32.70,-37.50,-129,R,1229,4.7546
50830,P2,CASC,-32.55,-37.50,-129,R,1214,4.8041
50840,P2,CASC,-32.40,-37.51,-129,R,1199,4.8552
50850,P2,CASC,-32.25,-37.49,-129,R,1184,4.9076
50860,P2,CASC,-32.10,-37.50,-129,R,1169,4.9616
50870,P2,CASC,-31.95,-37.50,-128,R,1154,5.0171
50880,P2,CASC,-31.80,-37.50,-128,R,1139,5.0741
50890,P2,CASC,-31.65,-40.01,-126,R,1123,5.1577
50900,P2,CASC,-31.50,-37.50,-128,R,1108,5.2177
50910,P2,CASC,-31.35,-37.49,-127,R,1093,5.2791
50920,P2,CASC,-31.20,-37.51,-127,R,1078,5.3422
50930,P2,CASC,-31.05,-39.99,-125,R,1062,5.4316
50940,P2,CASC,-30.90,-37.50,-127,R,1047,5.4976
50950,P2,CASC,-30.75,-37.50,-126,R,1032,5.5651
50960,P2,CASC,-30.60,-37.50,-126,R,1017,5.6341
50970,P2,CASC,-30.45,-40.00,-124,R,1001,5.7297
50980,P2,CASC,-30.30,-37.50,-126,R,986,5.8017
50990,P2,CASC,-30.15,-40.00,-124,R,970,5.9001
51000,P2,CASC,-30.00,-37.51,-125,R,955,5.9752
51010,P2,CASC,-29.85,-37.50,-125,R,940,6.0517
51020,P2,CASC,-29.70,-39.99,-123,R,924,6.1546
51030,P2,CASC,-29.55,-37.50,-124,R,909,6.2341
51040,P2,CASC,-29.40,-35.01,-125,R,895,6.2902
51050,P2,CASC,-29.25,-40.00,-122,R,879,6.3977
51060,P2,CASC,-29.10,-37.50,-123,R,864,6.4817
51070,P2,CASC,-28.95,-40.00,-121,R,848,6.5922
51080,P2,CASC,-28.80,-37.50,-123,R,833,6.6791
51090,P2,CASC,-28.65,-37.50,-122,R,818,6.7676
51100,P2,CASC,-28.50,-40.00,-120,R,802,6.8826
51110,P2,CASC,-28.35,-35.01,-123,R,788,6.9492
51120,P2,CASC,-28.20,-37.49,-121,R,773,7.0421
51130,P2,CASC,-28.05,-37.51,-121,R,758,7.1367
51140,P2,CASC,-27.90,-35.00,-122,R,744,7.2077
51150,P2,CASC,-27.75,-34.99,-122,R,730,7.2801
51160,P2,CASC,-27.60,-35.01,-122,R,716,7.3542
51170,P2,CASC,-27.45,-35.00,-122,R,702,7.4296
51180,P2,CASC,-27.30,-34.99,-121,R,688,7.5066
51190,P2,CASC,-27.15,-35.00,-121,R,674,7.5851
51200,P2,CASC,-27.00,-32.50,-122,R,661,7.6401
51210,P2,CASC,-26.85,-35.01,-120,R,647,7.7217
51220,P2,CASC,-26.70,-32.50,-122,R,634,7.7797
51230,P2,CASC,-26.55,-32.50,-122,R,621,7.8392
51240,P2,CASC,-26.40,-32.50,-121,R,608,7.9002
51250,P2,CASC,-26.25,-29.99,-123,R,596,7.9376
51260,P2,CASC,-26.10,-32.50,-121,R,583,8.0016
51270,P2,CASC,-25.95,-32.51,-121,R,570,8.0672
51280,P2,CASC,-25.80,-30.00,-122,R,558,8.1092
51290,P2,CASC,-25.65,-30.00,-122,R,546,8.1526
51300,P2,CASC,-25.50,-30.00,-122,R,534,8.1976
51310,P2,CASC,-25.35,-30.00,-122,R,522,8.2441
51320,P2,CASC,-25.20,-27.51,-123,R,511,8.2672
51330,P2,CASC,-25.05,-29.99,-121,R,499,8.3166
51340,P2,CASC,-24.90,-27.51,-123,R,488,8.3427
51350,P2,CASC,-24.75,-27.49,-123,R,477,8.3701
51360,P2,CASC,-24.60,-30.00,-121,R,465,8.4241
51370,P2,CASC,-24.45,-27.51,-122,R,454,8.4547
51380,P2,CASC,-24.30,-27.50,-122,R,443,8.4867
51390,P2,CASC,-24.15,-27.50,-122,R,432,8.5202
51400,P2,CASC,-24.00,-25.00,-123,R,422,8.5302
51410,P2,CASC,-23.85,-27.49,-122,R,411,8.5666
51420,P2,CASC,-23.70,-25.00,-123,R,401,8.5797
51430,P2,CASC,-23.55,-25.00,-123,R,391,8.5941
51440,P2,CASC,-23.40,-25.00,-123,R,381,8.6101
51450,P2,CASC,-23.25,-25.01,-123,R,371,8.6277
51460,P2,CASC,-23.10,-24.99,-122,R,361,8.6466
51470,P2,CASC,-22.95,-25.00,-122,R,351,8.6671
51480,P2,CASC,-22.80,-27.50,-120,R,340,8.7141
51490,P2,CASC,-22.65,-22.51,-120,R,331,8.7127
51500,P2,CASC,-22.50,-25.00,-122,R,321,8.7377
51510,P2,CASC,-22.35,-25.00,-122,R,311,8.7641
51520,P2,CASC,-22.20,-22.50,-123,R,302,8.7672
51530,P2,CASC,-22.05,-22.50,-123,R,293,8.7716
51540,P2,CASC,-21.90,-25.00,-121,R,283,8.8026
51550,P2,CASC,-21.75,-25.00,-121,R,273,8.8351
51560,P2,CASC,-21.60,-22.51,-123,R,264,8.8442
51570,P2,CASC,-21.45,-24.99,-121,R,254,8.8796
51580,P2,CASC,-21.30,-22.50,-122,R,245,8.8916
51590,P2,CASC,-21.15,-22.50,-122,R,236,8.9051
51600,P2,CASC,-21.00,-25.00,-120,R,226,8.9451
51610,P2,CASC,-20.85,-22.50,-122,R,217,8.9616
51620,P2,CASC,-20.70,-22.50,-122,R,208,8.9796
51630,P2,CASC,-20.55,-25.00,-120,R,198,9.0241
51640,P2,CASC,-20.40,-22.50,-121,R,189,9.0451
51650,P2,CASC,-20.25,-22.50,-121,R,180,9.0677
51660,P2,CASC,-20.10,-22.50,-121,R,171,9.0917
51670,P2,CASC,-19.95,-25.00,-119,R,161,9.1421
51680,P2,CASC,-19.80,-22.50,-121,R,152,9.1691
51690,P2,CASC,-19.65,-22.50,-121,R,143,9.1976
51700,P2,CASC,-19.50,-25.01,-119,R,133,9.2527
51710,P2,CASC,-19.35,-22.50,-120,R,124,9.2841
51720,P2,CASC,-19.20,-22.50,-120,R,115,9.3172
51730,P2,CASC,-19.05,-22.50,-120,R,106,9.3516
51740,P2,CASC,-18.90,-22.50,-120,R,97,9.3877
51750,P2,CASC,-18.75,-22.49,-119,R,88,9.4251
51760,P2,CASC,-18.60,-25.00,-118,R,78,9.4891
51770,P2,CASC,-18.45,-22.50,-119,R,69,9.5296
51780,P2,CASC,-18.30,-22.50,-119,R,60,9.5716
51790,P2,CASC,-18.15,-25.00,-117,R,50,9.6401
51800,P2,CASC,-18.00,-22.51,-118,R,41,9.6851
51810,P2,CASC,-17.85,-25.00,-116,R,31,9.7566
51820,P2,CASC,-17.70,-22.50,-118,R,22,9.8046
51830,P2,CASC,-17.55,-25.00,-116,R,12,9.8791
51840,P2,CASC,-17.40,-22.50,-117,R,3,9.9301
51850,P2,CASC,-17.25,-22.50,-117,R,-6,9.9826
51860,P2,CASC,-17.10,-22.50,-117,R,-15,10.0366
51870,P2,CASC,-16.95,-25.00,-115,R,-25,10.1172
51880,P2,CASC,-16.80,-25.00,-115,R,-35,10.1992
51890,P2,CASC,-16.65,-22.49,-116,R,-44,10.2576
51900,P2,CASC,-16.50,-25.00,-114,R,-54,10.3426
51910,P2,CASC,-16.35,-22.50,-116,R,-63,10.4041
51920,P2,CASC,-16.20,-25.00,-114,R,-73,10.4921
51930,P2,CASC,-16.05,-22.50,-115,R,-82,10.5566
51940,P2,CASC,-15.90,-22.50,-115,R,-91,10.6226
51950,P2,CASC,-15.75,-25.00,-113,R,-101,10.7151
51960,P2,CASC,-15.60,-20.00,-116,R,-109,10.7591
51970,P2,CASC,-15.45,-22.50,-114,R,-118,10.8296
51980,P2,CASC,-15.30,-25.00,-112,R,-128,10.9266
51990,P2,CASC,-15.15,-22.50,-114,R,-137,11.0001
52000,P2,CASC,-15.00,-22.50,-113,R,-146,11.0751
52010,P2,CASC,-14.85,-22.49,-113,R,-155,11.1516
52020,P2,CASC,-14.70,-22.50,-113,R,-164,11.2296
52030,P2,CASC,-14.55,-22.50,-112,R,-173,11.3091
52040,P2,CASC,-14.40,-22.50,-112,R,-182,11.3901
52050,P2,CASC,-14.25,-22.50,-112,R,-191,11.4726
52060,P2,CASC,-14.10,-20.00,-113,R,-199,11.5316
52070,P2,CASC,-13.95,-22.49,-111,R,-208,11.6170
52080,P2,CASC,-13.80,-20.01,-113,R,-216,11.6790
52090,P2,CASC,-13.65,-20.01,-112,R,-224,11.7426
52100,P2,CASC,-13.50,-22.50,-111,R,-233,11.8326
52110,P2,CASC,-13.35,-20.00,-112,R,-241,11.8991
52120,P2,CASC,-13.20,-17.50,-113,R,-248,11.9421
52130,P2,CASC,-13.05,-20.00,-111,R,-256,12.0116
52140,P2,CASC,-12.90,-19.99,-111,R,-264,12.0826
52150,P2,CASC,-12.75,-20.01,-111,R,-272,12.1551
52160,P2,CASC,-12.60,-20.00,-111,R,-280,12.2291
52170,P2,CASC,-12.45,-20.00,-110,R,-288,12.3046
52180,P2,CASC,-12.30,-17.50,-112,R,-295,12.3566
52190,P2,CASC,-12.15,-17.50,-112,R,-302,12.4101
52200,P2,CASC,-12.00,-17.50,-111,R,-309,12.4651
52210,P2,CASC,-11.85,-17.50,-111,R,-316,12.5216
52220,P2,CASC,-11.70,-20.00,-109,R,-324,12.6046
52230,P2,CASC,-11.55,-17.50,-111,R,-331,12.6641
52240,P2,CASC,-11.40,-17.50,-110,R,-338,12.7251
52250,P2,CASC,-11.25,-17.50,-110,R,-345,12.7876
52260,P2,CASC,-11.10,-15.00,-112,R,-351,12.8266
52270,P2,CASC,-10.95,-17.50,-110,R,-358,12.8921
52280,P2,CASC,-10.80,-15.00,-111,R,-364,12.9341
52290,P2,CASC,-10.65,-15.00,-111,R,-370,12.9776
52300,P2,CASC,-10.50,-17.50,-109,R,-377,13.0476
52310,P2,CASC,-10.35,-15.00,-110,R,-383,13.0941
52320,P2,CASC,-10.20,-15.00,-110,R,-389,13.1421
52330,P2,CASC,-10.05,-15.00,-110,R,-395,13.1916
52340,P2,CASC,-9.90,-14.99,-110,R,-401,13.2426
52350,P2,CASC,-9.75,-15.00,-110,R,-407,13.2951
52360,P2,CASC,-9.60,-12.50,-111,R,-412,13.3241
52370,P2,CASC,-9.45,-15.00,-109,R,-418,13.3796
52380,P2,CASC,-9.30,-12.50,-111,R,-423,13.4116
52390,P2,CASC,-9.15,-15.00,-109,R,-429,13.4701
52400,P2,CASC,-9.00,-12.50,-110,R,-434,13.5051
52410,P2,CASC,-8.85,-15.00,-108,R,-440,13.5666
52420,P2,CASC,-8.70,-12.50,-110,R,-445,13.6046
52430,P2,CASC,-8.55,-12.50,-110,R,-450,13.6441
52440,P2,CASC,-8.40,-12.50,-109,R,-455,13.6851
52450,P2,CASC,-8.25,-12.50,-109,R,-460,13.7276
52460,P2,CASC,-8.10,-10.00,-111,R,-464,13.7466
52470,P2,CASC,-7.95,-12.50,-109,R,-469,13.7921
52480,P2,CASC,-7.80,-12.50,-109,R,-474,13.8391
52490,P2,CASC,-7.65,-10.00,-110,R,-478,13.8626
52500,P2,CASC,-7.50,-10.00,-110,R,-482,13.8876
52510,P2,CASC,-7.35,-12.50,-108,R,-487,13.9391
52520,P2,CASC,-7.20,-10.00,-110,R,-491,13.9671
52530,P2,CASC,-7.05,-10.00,-110,R,-495,13.9966
52540,P2,CASC,-6.90,-12.50,-108,R,-500,14.0526
52550,P2,CASC,-6.75,-7.50,-111,R,-503,14.0601
52560,P2,CASC,-6.60,-12.50,-107,R,-508,14.1191
52570,P2,CASC,-6.45,-10.00,-109,R,-512,14.1546
52580,P2,CASC,-6.30,-10.00,-109,R,-516,14.1916
52590,P2,CASC,-6.15,-7.50,-110,R,-519,14.2051
52600,P2,CASC,-6.00,-10.00,-108,R,-523,14.2451
52610,P2,CASC,-5.85,-7.50,-110,R,-526,14.2616
52620,P2,CASC,-5.70,-10.00,-108,R,-530,14.3046
52630,P2,CASC,-5.55,-10.00,-108,R,-534,14.3491
52640,P2,CASC,-5.40,-7.50,-109,R,-537,14.3701
52650,P2,CASC,-5.25,-7.50,-109,R,-540,14.3926
52660,P2,CASC,-5.10,-7.50,-109,R,-543,14.4166
52670,P2,CASC,-4.95,-10.00,-107,R,-547,14.4671
52680,P2,CASC,-4.80,-10.00,-107,R,-551,14.5191
52690,P2,CASC,-4.65,-7.50,-108,R,-554,14.5476
52700,P2,CASC,-4.50,-7.50,-108,R,-557,14.5776
52710,P2,CASC,-4.35,-5.00,-110,R,-559,14.5841
52720,P2,CASC,-4.20,-7.50,-108,R,-562,14.6171
52730,P2,CASC,-4.05,-7.50,-108,R,-565,14.6516
52740,P2,CASC,-3.90,-10.00,-106,R,-569,14.7126
52750,P2,CASC,-3.75,-7.50,-107,R,-572,14.7501
52760,P2,CASC,-3.60,-5.00,-109,R,-574,14.7641
52770,P2,CASC,-3.45,-7.50,-107,R,-577,14.8046
52780,P2,CASC,-3.30,-5.00,-108,R,-579,14.8216
52790,P2,CASC,-3.15,-5.00,-108,R,-581,14.8401
52800,P2,CASC,-3.00,-5.00,-108,R,-583,14.8601
52810,P2,CASC,-2.85,-7.50,-106,R,-586,14.9066
52820,P2,CASC,-2.70,-7.50,-106,R,-589,14.9546
52830,P2,CASC,-2.55,-5.00,-108,R,-591,14.9791
52840,P2,CASC,-2.40,-5.00,-107,R,-593,15.0051
52850,P2,CASC,-2.25,-5.00,-107,R,-595,15.0326
52860,P2,CASC,-2.10,-2.50,-109,R,-596,15.0366
52870,P2,CASC,-1.95,-2.50,-109,R,-597,15.0421
52880,P2,CASC,-1.80,-2.50,-109,R,-598,15.0491
52890,P2,CASC,-1.65,-5.00,-107,R,-600,15.0826
52900,P2,CASC,-1.50,-2.50,-108,R,-601,15.0926
52910,P2,CASC,-1.35,-7.50,-105,R,-604,15.1541
52920,P2,CASC,-1.20,-5.00,-106,R,-606,15.1921
52930,P2,CASC,-1.05,-5.00,-106,R,-608,15.2316
52940,P2,CASC,-0.90,-5.00,-106,R,-610,15.2726
52950,P2,CASC,-0.75,-2.50,-107,R,-611,15.2901
52960,P2,CASC,-0.60,-2.50,-107,R,-612,15.3091
52970,P2,CASC,-0.45,-2.50,-107,R,-613,15.3296
52980,P2,CASC,-0.30,-5.00,-105,R,-615,15.3766
52990,P2,CASC,-0.15,0.00,-102,R,-615,15.3751
