t_ms,profile,controller,ref_rpm,meas_rpm,pwm_cmd,dir,enc_count,integrator
0,P2,BASE,0.00,0.00,0,N,0,0.0000
10,P2,BASE,0.15,0.00,0,N,0,0.0015
20,P2,BASE,0.30,0.00,0,N,0,0.0045
30,P2,BASE,0.45,0.00,0,N,0,0.0090
40,P2,BASE,0.60,0.00,0,N,0,0.0150
50,P2,BASE,0.75,0.00,0,N,0,0.0225
60,P2,BASE,0.90,0.00,1,F,0,0.0315
70,P2,BASE,1.05,0.00,1,F,0,0.0420
80,P2,BASE,1.20,0.00,1,F,0,0.0540
90,P2,BASE,1.35,0.00,1,F,0,0.0675
100,P2,BASE,1.50,0.00,2,F,0,0.0825
110,P2,BASE,1.65,0.00,2,F,0,0.0990
120,P2,BASE,1.80,0.00,2,F,0,0.1170
130,P2,BASE,1.95,0.00,2,F,0,0.1365
140,P2,BASE,2.10,0.00,3,F,0,0.1575
150,P2,BASE,2.25,0.00,3,F,0,0.1800
160,P2,BASE,2.40,0.00,3,F,0,0.2040
170,P2,BASE,2.55,0.00,4,F,0,0.2295
180,P2,BASE,2.70,0.00,4,F,0,0.2565
190,P2,BASE,2.85,0.00,4,F,0,0.2850
200,P2,BASE,3.00,0.00,5,F,0,0.3150
210,P2,BASE,3.15,0.00,5,F,0,0.3465
220,P2,BASE,3.30,0.00,5,F,0,0.3795
230,P2,BASE,3.45,0.00,6,F,0,0.4140
240,P2,BASE,3.60,0.00,6,F,0,0.4500
250,P2,BASE,3.75,0.00,7,F,0,0.4875
260,P2,BASE,3.90,0.00,7,F,0,0.5265
270,P2,BASE,4.05,0.00,7,F,0,0.5670
280,P2,BASE,4.20,0.00,8,F,0,0.6090
290,P2,BASE,4.35,0.00,8,F,0,0.6525
300,P2,BASE,4.50,0.00,9,F,0,0.6975
310,P2,BASE,4.65,0.00,9,F,0,0.7440
320,P2,BASE,4.80,0.00,10,F,0,0.7920
330,P2,BASE,4.95,0.00,10,F,0,0.8415
340,P2,BASE,5.10,0.00,11,F,0,0.8925
350,P2,BASE,5.25,0.00,11,F,0,0.9450
360,P2,BASE,5.40,0.00,12,F,0,0.9990
370,P2,BASE,5.55,0.00,12,F,0,1.0545
380,P2,BASE,5.70,0.00,13,F,0,1.1115
390,P2,BASE,5.85,0.00,13,F,0,1.1700
400,P2,BASE,6.00,0.00,14,F,0,1.2300
410,P2,BASE,6.15,0.00,14,F,0,1.2915
420,P2,BASE,6.30,0.00,15,F,0,1.3545
430,P2,BASE,6.45,0.00,15,F,0,1.4190
440,P2,BASE,6.60,0.00,16,F,0,1.4850
450,P2,BASE,6.75,0.00,17,F,0,1.5525
460,P2,BASE,6.90,0.00,17,F,0,1.6215
470,P2,BASE,7.05,0.00,18,F,0,1.6920
480,P2,BASE,7.20,0.00,18,F,0,1.7640
490,P2,BASE,7.35,0.00,19,F,0,1.8375
500,P2,BASE,7.50,0.00,20,F,0,1.9125
510,P2,BASE,7.65,0.00,20,F,0,1.9890
520,P2,BASE,7.80,0.00,21,F,0,2.0670
530,P2,BASE,7.95,0.00,22,F,0,2.1465
540,P2,BASE,8.10,0.00,22,F,0,2.2275
550,P2,BASE,8.25,0.00,23,F,0,2.3100
560,P2,BASE,8.40,0.00,24,F,0,2.3940
570,P2,BASE,8.55,0.00,24,F,0,2.4795
580,P2,BASE,8.70,0.00,25,F,0,2.5665
590,P2,BASE,8.85,0.00,26,F,0,2.6550
600,P2,BASE,9.00,0.00,27,F,0,2.7450
610,P2,BASE,9.15,0.00,27,F,0,2.8365
620,P2,BASE,9.30,0.00,28,F,0,2.9295
630,P2,BASE,9.45,0.00,29,F,0,3.0240
640,P2,BASE,9.60,0.00,30,F,0,3.1200
650,P2,BASE,9.75,0.00,31,F,0,3.2175
660,P2,BASE,9.90,0.00,31,F,0,3.3165
670,P2,BASE,10.05,0.00,32,F,0,3.4170
680,P2,BASE,10.20,0.00,33,F,0,3.5190
690,P2,BASE,10.35,0.00,34,F,0,3.6225
700,P2,BASE,10.50,0.00,35,F,0,3.7275
710,P2,BASE,10.65,0.00,36,F,0,3.8340
720,P2,BASE,10.80,0.00,36,F,0,3.9420
730,P2,BASE,10.95,0.00,37,F,0,4.0515
740,P2,BASE,11.10,0.00,38,F,0,4.1625
750,P2,BASE,11.25,0.00,39,F,0,4.2750
760,P2,BASE,11.40,0.00,40,F,0,4.3890
770,P2,BASE,11.55,0.00,41,F,0,4.5045
780,P2,BASE,11.70,0.00,42,F,0,4.6215
790,P2,BASE,11.85,0.00,43,F,0,4.7400
800,P2,BASE,12.00,0.00,44,F,0,4.8600
810,P2,BASE,12.15,0.00,45,F,0,4.9815
820,P2,BASE,12.30,0.00,46,F,0,5.1045
830,P2,BASE,12.45,0.00,47,F,0,5.2290
840,P2,BASE,12.60,0.00,47,F,0,5.3550
850,P2,BASE,12.75,0.00,48,F,0,5.4825
860,P2,BASE,12.90,0.00,49,F,0,5.6115
870,P2,BASE,13.05,0.00,50,F,0,5.7420
880,P2,BASE,13.20,0.00,52,F,0,5.8740
890,P2,BASE,13.35,0.00,53,F,0,6.0075
900,P2,BASE,13.50,0.00,54,F,0,6.1425
910,P2,BASE,13.65,0.00,55,F,0,6.2790
920,P2,BASE,13.80,0.00,56,F,0,6.4170
930,P2,BASE,13.95,0.00,57,F,0,6.5565
940,P2,BASE,14.10,0.00,58,F,0,6.6975
950,P2,BASE,14.25,0.00,59,F,0,6.8400
960,P2,BASE,14.40,0.00,60,F,0,6.9840
970,P2,BASE,14.55,0.00,61,F,0,7.1295
980,P2,BASE,14.70,0.00,62,F,0,7.2765
990,P2,BASE,14.85,0.00,63,F,0,7.4250
1000,P2,BASE,15.00,0.00,65,F,0,7.5750
1010,P2,BASE,15.15,0.00,66,F,0,7.7265
1020,P2,BASE,15.30,0.00,67,F,0,7.8795
1030,P2,BASE,15.45,0.00,68,F,0,8.0340
1040,P2,BASE,15.60,0.00,69,F,0,8.1900
1050,P2,BASE,15.75,0.00,70,F,0,8.3475
1060,P2,BASE,15.90,0.00,72,F,0,8.5065
1070,P2,BASE,16.05,0.00,73,F,0,8.6670
1080,P2,BASE,16.20,0.00,74,F,0,8.8290
1090,P2,BASE,16.35,0.00,75,F,0,8.9925
1100,P2,BASE,16.50,0.00,76,F,0,9.1575
1110,P2,BASE,16.65,0.00,78,F,0,9.3240
1120,P2,BASE,16.80,0.00,79,F,0,9.4920
1130,P2,BASE,16.95,0.00,80,F,0,9.6615
1140,P2,BASE,17.10,0.00,81,F,0,9.8325
1150,P2,BASE,17.25,0.00,83,F,0,10.0050
1160,P2,BASE,17.40,0.00,84,F,0,10.1790
1170,P2,BASE,17.55,0.00,85,F,0,10.3545
1180,P2,BASE,17.70,0.00,87,F,0,10.5315
1190,P2,BASE,17.85,0.00,88,F,0,10.7100
1200,P2,BASE,18.00,0.00,89,F,0,10.8900
1210,P2,BASE,18.15,0.00,91,F,0,11.0715
1220,P2,BASE,18.30,0.00,92,F,0,11.2545
1230,P2,BASE,18.45,0.00,93,F,0,11.4390
1240,P2,BASE,18.60,0.00,95,F,0,11.6250
1250,P2,BASE,18.75,0.00,96,F,0,11.8125
1260,P2,BASE,18.90,0.00,98,F,0,12.0015
1270,P2,BASE,19.05,0.00,99,F,0,12.1920
1280,P2,BASE,19.20,0.00,100,F,0,12.3840
1290,P2,BASE,19.35,0.00,102,F,0,12.5775
1300,P2,BASE,19.50,0.00,103,F,0,12.7725
1310,P2,BASE,19.65,0.00,105,F,0,12.9690
1320,P2,BASE,19.80,0.00,106,F,0,13.1670
1330,P2,BASE,19.95,0.00,108,F,0,13.3665
1340,P2,BASE,20.10,0.00,109,F,0,13.5675
1350,P2,BASE,20.25,0.00,111,F,0,13.7700
1360,P2,BASE,20.40,0.00,112,F,0,13.9740
1370,P2,BASE,20.55,0.00,114,F,0,14.1795
1380,P2,BASE,20.70,0.00,115,F,0,14.3865
1390,P2,BASE,20.85,0.00,117,F,0,14.5950
1400,P2,BASE,21.00,0.00,118,F,0,14.8050
1410,P2,BASE,21.15,0.00,120,F,0,15.0165
1420,P2,BASE,21.30,0.00,121,F,0,15.2295
1430,P2,BASE,21.45,0.00,123,F,0,15.4440
1440,P2,BASE,21.60,0.00,124,F,0,15.6600
1450,P2,BASE,21.75,0.00,126,F,0,15.8775
1460,P2,BASE,21.90,0.00,128,F,0,16.0965
1470,P2,BASE,22.05,0.00,129,F,0,16.3170
1480,P2,BASE,22.20,5.00,125,F,2,16.4890
1490,P2,BASE,22.35,10.00,121,F,6,16.6125
1500,P2,BASE,22.50,10.00,122,F,10,16.7375
1510,P2,BASE,22.65,10.00,123,F,14,16.8640
1520,P2,BASE,22.80,12.50,121,F,19,16.9670
1530,P2,BASE,22.95,15.00,120,F,25,17.0465
1540,P2,BASE,23.10,12.50,123,F,30,17.1525
1550,P2,BASE,23.25,15.00,121,F,36,17.2350
1560,P2,BASE,23.40,15.00,122,F,42,17.3190
1570,P2,BASE,23.55,17.50,120,F,49,17.3795
1580,P2,BASE,23.70,15.00,123,F,55,17.4665
1590,P2,BASE,23.85,17.50,121,F,62,17.5300
1600,P2,BASE,24.00,17.50,122,F,69,17.5950
1610,P2,BASE,24.15,17.50,122,F,76,17.6615
1620,P2,BASE,24.30,20.00,120,F,84,17.7045
1630,P2,BASE,24.45,17.50,123,F,91,17.7740
1640,P2,BASE,24.60,20.01,121,F,99,17.8200
1650,P2,BASE,24.75,20.00,122,F,107,17.8675
1660,P2,BASE,24.90,20.00,122,F,115,17.9165
1670,P2,BASE,25.05,22.50,120,F,124,17.9420
1680,P2,BASE,25.20,20.01,123,F,132,17.9940
1690,P2,BASE,25.35,22.49,121,F,141,18.0225
1700,P2,BASE,25.50,20.01,124,F,149,18.0775
1710,P2,BASE,25.65,22.50,122,F,158,18.1090
1720,P2,BASE,25.80,20.00,125,F,166,18.1670
1730,P2,BASE,25.95,22.50,123,F,175,18.2015
1740,P2,BASE,26.10,25.00,120,F,185,18.2125
1750,P2,BASE,26.25,22.50,123,F,194,18.2500
1760,P2,BASE,26.40,22.50,124,F,203,18.2890
1770,P2,BASE,26.55,25.00,121,F,213,18.3045
1780,P2,BASE,26.70,22.50,124,F,222,18.3465
1790,P2,BASE,26.85,24.99,122,F,232,18.3650
1800,P2,BASE,27.00,25.01,122,F,242,18.3850
1810,P2,BASE,27.15,24.99,123,F,252,18.4066
1820,P2,BASE,27.30,25.01,123,F,262,18.4295
1830,P2,BASE,27.45,22.50,126,F,271,18.4790
1840,P2,BASE,27.60,25.01,124,F,281,18.5050
1850,P2,BASE,27.75,27.50,121,F,292,18.5075
1860,P2,BASE,27.90,25.00,124,F,302,18.5365
1870,P2,BASE,28.05,24.99,125,F,312,18.5671
1880,P2,BASE,28.20,25.01,125,F,322,18.5990
1890,P2,BASE,28.35,27.50,123,F,333,18.6075
1900,P2,BASE,28.50,25.00,126,F,343,18.6425
1910,P2,BASE,28.65,24.99,126,F,353,18.6791
1920,P2,BASE,28.80,27.51,124,F,364,18.6920
1930,P2,BASE,28.95,25.00,127,F,374,18.7315
1940,P2,BASE,29.10,27.51,124,F,385,18.7475
1950,P2,BASE,29.25,25.00,127,F,395,18.7900
1960,P2,BASE,29.40,25.00,128,F,405,18.8340
1970,P2,BASE,29.55,27.50,125,F,416,18.8545
1980,P2,BASE,29.70,27.49,126,F,427,18.8766
1990,P2,BASE,29.85,30.01,123,F,439,18.8750
2000,P2,BASE,30.00,27.50,126,F,450,18.9000
2010,P2,BASE,30.15,25.00,129,F,460,18.9515
2020,P2,BASE,30.30,30.00,124,F,472,18.9545
2030,P2,BASE,30.45,27.50,127,F,483,18.9840
2040,P2,BASE,30.60,30.00,125,F,495,18.9900
2050,P2,BASE,30.75,27.51,128,F,506,19.0224
2060,P2,BASE,30.90,30.00,125,F,518,19.0315
2070,P2,BASE,31.05,30.00,126,F,530,19.0420
2080,P2,BASE,31.20,30.00,126,F,542,19.0540
2090,P2,BASE,31.35,32.50,123,F,555,19.0425
2100,P2,BASE,31.50,29.99,126,F,567,19.0575
2110,P2,BASE,31.65,30.01,126,F,579,19.0740
2120,P2,BASE,31.80,30.00,127,F,591,19.0920
2130,P2,BASE,31.95,32.50,124,F,604,19.0865
2140,P2,BASE,32.10,32.50,124,F,617,19.0825
2150,P2,BASE,32.25,32.51,125,F,630,19.0800
2160,P2,BASE,32.40,32.50,125,F,643,19.0790
2170,P2,BASE,32.55,32.51,125,F,656,19.0794
2180,P2,BASE,32.70,32.50,125,F,669,19.0815
2190,P2,BASE,32.85,32.50,125,F,682,19.0850
2200,P2,BASE,33.00,30.00,128,F,694,19.1150
2210,P2,BASE,33.15,32.50,126,F,707,19.1214
2220,P2,BASE,33.30,35.00,123,F,721,19.1044
2230,P2,BASE,33.45,35.00,123,F,735,19.0889
2240,P2,BASE,33.60,32.49,126,F,748,19.1000
2250,P2,BASE,33.75,32.50,126,F,761,19.1125
2260,P2,BASE,33.90,34.98,124,F,775,19.1017
2270,P2,BASE,34.05,32.52,127,F,788,19.1170
2280,P2,BASE,34.20,35.01,124,F,802,19.1090
2290,P2,BASE,34.35,35.00,124,F,816,19.1025
2300,P2,BASE,34.50,34.99,124,F,830,19.0975
2310,P2,BASE,34.65,35.00,125,F,844,19.0940
2320,P2,BASE,34.80,37.51,122,F,859,19.0669
2330,P2,BASE,34.95,32.50,127,F,872,19.0915
2340,P2,BASE,35.10,37.49,122,F,887,19.0676
2350,P2,BASE,35.25,37.51,122,F,902,19.0449
2360,P2,BASE,35.40,37.50,122,F,917,19.0240
2370,P2,BASE,35.55,35.00,125,F,931,19.0295
2380,P2,BASE,35.70,37.50,123,F,946,19.0115
2390,P2,BASE,35.85,37.50,123,F,961,18.9950
2400,P2,BASE,36.00,37.49,123,F,976,18.9801
2410,P2,BASE,36.15,35.02,125,F,990,18.9915
2420,P2,BASE,36.30,35.00,126,F,1004,19.0045
2430,P2,BASE,36.45,37.50,123,F,1019,18.9940
2440,P2,BASE,36.60,37.50,123,F,1034,18.9850
2450,P2,BASE,36.75,37.50,123,F,1049,18.9775
2460,P2,BASE,36.90,35.00,126,F,1063,18.9965
2470,P2,BASE,37.05,37.49,124,F,1078,18.9921
2480,P2,BASE,37.20,35.01,127,F,1092,19.0140
2490,P2,BASE,37.35,35.00,127,F,1106,19.0375
2500,P2,BASE,37.50,37.50,125,F,1121,19.0375
2510,P2,BASE,37.65,37.50,125,F,1136,19.0390
2520,P2,BASE,37.80,35.01,128,F,1150,19.0670
2530,P2,BASE,37.95,35.00,128,F,1164,19.0965
2540,P2,BASE,38.10,37.49,126,F,1179,19.1026
2550,P2,BASE,38.25,35.00,128,F,1193,19.1350
2560,P2,BASE,38.40,40.00,123,F,1209,19.1190
2570,P2,BASE,38.55,35.00,129,F,1223,19.1545
2580,P2,BASE,38.70,37.49,127,F,1238,19.1666
2590,P2,BASE,38.85,37.50,127,F,1253,19.1801
2600,P2,BASE,39.00,35.01,130,F,1267,19.2200
2610,P2,BASE,39.15,35.00,130,F,1281,19.2615
2620,P2,BASE,39.30,37.50,128,F,1296,19.2795
2630,P2,BASE,39.45,37.49,128,F,1311,19.2991
2640,P2,BASE,39.60,37.50,129,F,1326,19.3201
2650,P2,BASE,39.75,35.00,132,F,1340,19.3675
2660,P2,BASE,39.90,35.00,132,F,1354,19.4165
2670,P2,BASE,40.05,37.50,130,F,1369,19.4421
2680,P2,BASE,40.20,37.51,130,F,1384,19.4690
2690,P2,BASE,40.35,34.99,133,F,1398,19.5225
2700,P2,BASE,40.50,37.50,131,F,1413,19.5526
2710,P2,BASE,40.65,37.50,131,F,1428,19.5840
2720,P2,BASE,40.80,40.00,129,F,1444,19.5920
2730,P2,BASE,40.95,37.50,132,F,1459,19.6265
2740,P2,BASE,41.10,34.99,135,F,1473,19.6876
2750,P2,BASE,41.25,40.01,130,F,1489,19.7000
2760,P2,BASE,41.40,37.50,133,F,1504,19.7390
2770,P2,BASE,41.55,40.00,131,F,1520,19.7545
2780,P2,BASE,41.70,37.50,134,F,1535,19.7965
2790,P2,BASE,41.85,40.00,132,F,1551,19.8149
2800,P2,BASE,42.00,37.50,135,F,1566,19.8600
2810,P2,BASE,42.15,40.00,132,F,1582,19.8815
2820,P2,BASE,42.30,37.50,135,F,1597,19.9295
2830,P2,BASE,42.45,39.99,133,F,1613,19.9541
2840,P2,BASE,42.60,40.00,133,F,1629,19.9800
2850,P2,BASE,42.75,40.01,134,F,1645,20.0074
2860,P2,BASE,42.90,39.99,134,F,1661,20.0366
2870,P2,BASE,43.05,40.01,134,F,1677,20.0669
2880,P2,BASE,43.20,40.00,135,F,1693,20.0990
2890,P2,BASE,43.35,39.99,135,F,1709,20.1326
2900,P2,BASE,43.50,42.51,133,F,1726,20.1424
2910,P2,BASE,43.65,42.50,133,F,1743,20.1540
2920,P2,BASE,43.80,42.49,133,F,1760,20.1671
2930,P2,BASE,43.95,40.01,136,F,1776,20.2065
2940,P2,BASE,44.10,42.50,134,F,1793,20.2226
2950,P2,BASE,44.25,45.00,132,F,1811,20.2151
2960,P2,BASE,44.40,42.51,134,F,1828,20.2340
2970,P2,BASE,44.55,45.00,132,F,1846,20.2296
2980,P2,BASE,44.70,45.00,132,F,1864,20.2266
2990,P2,BASE,44.85,47.51,129,F,1883,20.2000
3000,P2,BASE,45.00,57.51,119,F,1906,20.0749
3010,P2,BASE,45.15,49.99,126,F,1926,20.0265
3020,P2,BASE,45.30,44.99,131,F,1944,20.0296
3030,P2,BASE,45.45,42.51,134,F,1961,20.0590
3040,P2,BASE,45.60,45.00,132,F,1979,20.0651
3050,P2,BASE,45.75,42.51,135,F,1996,20.0974
3060,P2,BASE,45.90,44.99,132,F,2014,20.1066
3070,P2,BASE,46.05,40.01,138,F,2030,20.1670
3080,P2,BASE,46.20,34.99,144,F,2044,20.2791
3090,P2,BASE,46.35,47.51,131,F,2063,20.2675
3100,P2,BASE,46.50,45.00,134,F,2081,20.2825
3110,P2,BASE,46.65,49.99,129,F,2101,20.2490
3120,P2,BASE,46.80,47.51,132,F,2120,20.2419
3130,P2,BASE,46.95,47.50,132,F,2139,20.2365
3140,P2,BASE,47.10,49.99,129,F,2159,20.2075
3150,P2,BASE,47.25,47.50,132,F,2178,20.2050
3160,P2,BASE,47.40,47.50,132,F,2197,20.2041
3170,P2,BASE,47.55,47.50,132,F,2216,20.2045
3180,P2,BASE,47.70,50.01,130,F,2236,20.1814
3190,P2,BASE,47.85,44.99,135,F,2254,20.2100
3200,P2,BASE,48.00,47.50,133,F,2273,20.2150
3210,P2,BASE,48.15,47.51,133,F,2292,20.2215
3220,P2,BASE,48.30,47.49,133,F,2311,20.2295
3230,P2,BASE,48.45,47.51,133,F,2330,20.2389
3240,P2,BASE,48.60,47.49,134,F,2349,20.2500
3250,P2,BASE,48.75,47.50,134,F,2368,20.2625
3260,P2,BASE,48.90,47.50,134,F,2387,20.2765
3270,P2,BASE,49.05,47.49,134,F,2406,20.2920
3280,P2,BASE,49.20,47.50,135,F,2425,20.3090
3290,P2,BASE,49.35,47.50,135,F,2444,20.3275
3300,P2,BASE,49.50,45.00,138,F,2462,20.3725
3310,P2,BASE,49.65,47.50,136,F,2481,20.3940
3320,P2,BASE,49.80,45.01,139,F,2499,20.4420
3330,P2,BASE,49.95,47.50,136,F,2518,20.4665
3340,P2,BASE,50.10,47.51,137,F,2537,20.4924
3350,P2,BASE,50.25,44.99,140,F,2555,20.5450
3360,P2,BASE,50.40,47.51,138,F,2574,20.5739
3370,P2,BASE,50.55,45.00,141,F,2592,20.6294
3380,P2,BASE,50.70,47.50,138,F,2611,20.6615
3390,P2,BASE,50.85,47.50,139,F,2630,20.6949
3400,P2,BASE,51.00,47.49,139,F,2649,20.7300
3410,P2,BASE,51.15,47.49,140,F,2668,20.7666
3420,P2,BASE,51.30,45.00,143,F,2686,20.8295
3430,P2,BASE,51.45,45.00,143,F,2704,20.8941
3440,P2,BASE,51.60,49.99,138,F,2724,20.9101
3450,P2,BASE,51.75,47.51,141,F,2743,20.9525
3460,P2,BASE,51.90,47.50,142,F,2762,20.9965
3470,P2,BASE,52.05,47.50,142,F,2781,21.0420
3480,P2,BASE,52.20,45.00,145,F,2799,21.1140
3490,P2,BASE,52.35,47.50,143,F,2818,21.1624
3500,P2,BASE,52.50,47.50,144,F,2837,21.2125
3510,P2,BASE,52.65,47.49,144,F,2856,21.2641
3520,P2,BASE,52.80,47.50,145,F,2875,21.3170
3530,P2,BASE,52.95,47.50,145,F,2894,21.3715
3540,P2,BASE,53.10,47.50,146,F,2913,21.4276
3550,P2,BASE,53.25,47.51,146,F,2932,21.4849
3560,P2,BASE,53.40,47.50,147,F,2951,21.5440
3570,P2,BASE,53.55,50.00,145,F,2971,21.5795
3580,P2,BASE,53.70,47.50,148,F,2990,21.6415
3590,P2,BASE,53.85,50.01,146,F,3010,21.6800
3600,P2,BASE,54.00,50.01,146,F,3030,21.7199
3610,P2,BASE,54.15,49.98,147,F,3050,21.7616
3620,P2,BASE,54.30,52.51,144,F,3071,21.7795
3630,P2,BASE,54.45,50.01,147,F,3091,21.8239
3640,P2,BASE,54.60,49.99,148,F,3111,21.8700
3650,P2,BASE,54.75,52.49,146,F,3132,21.8926
3660,P2,BASE,54.90,50.01,149,F,3152,21.9415
3670,P2,BASE,55.05,52.51,146,F,3173,21.9670
3680,P2,BASE,55.20,52.49,147,F,3194,21.9940
3690,P2,BASE,55.35,52.51,147,F,3215,22.0225
3700,P2,BASE,55.50,52.49,147,F,3236,22.0526
3710,P2,BASE,55.65,54.99,145,F,3258,22.0591
3720,P2,BASE,55.80,55.01,145,F,3280,22.0671
3730,P2,BASE,55.95,55.00,145,F,3302,22.0766
3740,P2,BASE,56.10,57.51,143,F,3325,22.0625
3750,P2,BASE,56.25,55.00,146,F,3347,22.0750
3760,P2,BASE,56.40,55.01,146,F,3369,22.0889
3770,P2,BASE,56.55,54.98,146,F,3391,22.1046
3780,P2,BASE,56.70,57.47,144,F,3414,22.0969
3790,P2,BASE,56.85,55.04,147,F,3436,22.1150
3800,P2,BASE,57.00,54.99,147,F,3458,22.1351
3810,P2,BASE,57.15,55.01,147,F,3480,22.1566
3820,P2,BASE,57.30,55.01,147,F,3502,22.1795
3830,P2,BASE,57.45,55.01,148,F,3524,22.2039
3840,P2,BASE,57.60,54.98,148,F,3546,22.2301
3850,P2,BASE,57.75,54.99,148,F,3568,22.2576
3860,P2,BASE,57.90,55.01,149,F,3590,22.2866
3870,P2,BASE,58.05,57.52,146,F,3613,22.2919
3880,P2,BASE,58.20,54.99,149,F,3635,22.3240
3890,P2,BASE,58.35,57.51,147,F,3658,22.3324
3900,P2,BASE,58.50,54.99,150,F,3680,22.3675
3910,P2,BASE,58.65,57.49,148,F,3703,22.3791
3920,P2,BASE,58.80,57.50,148,F,3726,22.3921
3930,P2,BASE,58.95,57.51,148,F,3749,22.4064
3940,P2,BASE,59.10,55.00,151,F,3771,22.4474
3950,P2,BASE,59.25,57.49,149,F,3794,22.4651
3960,P2,BASE,59.40,57.50,149,F,3817,22.4841
3970,P2,BASE,59.55,60.02,147,F,3841,22.4794
3980,P2,BASE,59.70,57.48,150,F,3864,22.5016
3990,P2,BASE,59.85,57.52,150,F,3887,22.5249
4000,P2,BASE,60.00,59.99,147,F,3911,22.5249
4010,P2,BASE,60.15,57.49,150,F,3934,22.5516
4020,P2,BASE,60.30,60.00,148,F,3958,22.5546
4030,P2,BASE,60.45,57.51,151,F,3981,22.5840
4040,P2,BASE,60.60,57.49,151,F,4004,22.6151
4050,P2,BASE,60.75,60.01,149,F,4028,22.6225
4060,P2,BASE,60.90,57.51,152,F,4051,22.6564
4070,P2,BASE,61.05,57.49,152,F,4074,22.6920
4080,P2,BASE,61.20,57.50,153,F,4097,22.7290
4090,P2,BASE,61.35,57.51,153,F,4120,22.7674
4100,P2,BASE,61.50,60.00,151,F,4144,22.7824
4110,P2,BASE,61.65,60.01,151,F,4168,22.7989
4120,P2,BASE,61.80,60.00,151,F,4192,22.8169
4130,P2,BASE,61.95,59.99,151,F,4216,22.8364
4140,P2,BASE,62.10,62.50,149,F,4241,22.8324
4150,P2,BASE,62.25,62.48,149,F,4266,22.8301
4160,P2,BASE,62.40,70.01,141,F,4294,22.7540
4170,P2,BASE,62.55,70.01,141,F,4322,22.6794
4180,P2,BASE,62.70,62.49,149,F,4347,22.6815
4190,P2,BASE,62.85,60.01,152,F,4371,22.7099
4200,P2,BASE,63.00,59.99,152,F,4395,22.7400
4210,P2,BASE,63.15,59.99,152,F,4419,22.7715
4220,P2,BASE,63.30,52.49,161,F,4440,22.8796
4230,P2,BASE,63.45,57.51,156,F,4463,22.9390
4240,P2,BASE,63.60,62.52,151,F,4488,22.9498
4250,P2,BASE,63.75,64.99,149,F,4514,22.9374
4260,P2,BASE,63.90,65.00,149,F,4540,22.9264
4270,P2,BASE,64.05,67.51,146,F,4567,22.8918
4280,P2,BASE,64.20,62.48,152,F,4592,22.9090
4290,P2,BASE,64.35,65.02,149,F,4618,22.9023
4300,P2,BASE,64.50,64.99,149,F,4644,22.8975
4310,P2,BASE,64.65,62.51,152,F,4669,22.9189
4320,P2,BASE,64.80,65.00,150,F,4695,22.9169
4330,P2,BASE,64.95,65.00,150,F,4721,22.9164
4340,P2,BASE,65.10,64.99,150,F,4747,22.9175
4350,P2,BASE,65.25,64.99,150,F,4773,22.9201
4360,P2,BASE,65.40,65.01,150,F,4799,22.9240
4370,P2,BASE,65.55,62.51,153,F,4824,22.9545
4380,P2,BASE,65.70,65.01,151,F,4850,22.9613
4390,P2,BASE,65.85,62.49,154,F,4875,22.9950
4400,P2,BASE,66.00,62.49,154,F,4900,23.0300
4410,P2,BASE,66.15,64.99,152,F,4926,23.0416
4420,P2,BASE,66.30,62.52,155,F,4951,23.0794
4430,P2,BASE,66.45,62.49,155,F,4976,23.1190
4440,P2,BASE,66.60,65.00,153,F,5002,23.1350
4450,P2,BASE,66.75,62.50,156,F,5027,23.1775
4460,P2,BASE,66.90,65.01,154,F,5053,23.1965
4470,P2,BASE,67.05,62.51,157,F,5078,23.2418
4480,P2,BASE,67.20,64.98,155,F,5104,23.2640
4490,P2,BASE,67.35,65.00,155,F,5130,23.2875
4500,P2,BASE,67.50,62.52,158,F,5155,23.3373
4510,P2,BASE,67.65,64.99,156,F,5181,23.3640
4520,P2,BASE,67.80,62.50,159,F,5206,23.4170
4530,P2,BASE,67.95,65.00,156,F,5232,23.4465
4540,P2,BASE,68.10,62.50,160,F,5257,23.5025
4550,P2,BASE,68.25,62.49,160,F,5282,23.5600
4560,P2,BASE,68.40,62.51,161,F,5307,23.6190
4570,P2,BASE,68.55,62.51,161,F,5332,23.6794
4580,P2,BASE,68.70,65.01,159,F,5358,23.7163
4590,P2,BASE,68.85,62.49,162,F,5383,23.7800
4600,P2,BASE,69.00,65.00,160,F,5409,23.8200
4610,P2,BASE,69.15,65.01,160,F,5435,23.8614
4620,P2,BASE,69.30,64.99,161,F,5461,23.9045
4630,P2,BASE,69.45,62.51,164,F,5486,23.9739
4640,P2,BASE,69.60,64.99,162,F,5512,24.0200
4650,P2,BASE,69.75,67.50,160,F,5539,24.0425
4660,P2,BASE,69.90,64.99,163,F,5565,24.0915
4670,P2,BASE,70.05,65.00,163,F,5591,24.1420
4680,P2,BASE,70.20,64.99,164,F,5617,24.1941
4690,P2,BASE,70.35,69.97,159,F,5645,24.1980
4700,P2,BASE,70.50,67.55,162,F,5672,24.2274
4710,P2,BASE,70.65,67.50,162,F,5699,24.2589
4720,P2,BASE,70.80,69.99,160,F,5727,24.2670
4730,P2,BASE,70.95,70.00,160,F,5755,24.2765
4740,P2,BASE,71.10,70.01,160,F,5783,24.2873
4750,P2,BASE,71.25,67.48,163,F,5810,24.3250
4760,P2,BASE,71.40,70.02,161,F,5838,24.3388
4770,P2,BASE,71.55,67.50,164,F,5865,24.3793
4780,P2,BASE,71.70,69.97,161,F,5893,24.3966
4790,P2,BASE,71.85,67.51,164,F,5920,24.4400
4800,P2,BASE,72.00,67.50,165,F,5947,24.4850
4810,P2,BASE,72.15,67.51,165,F,5974,24.5314
4820,P2,BASE,72.30,69.99,163,F,6002,24.5546
4830,P2,BASE,72.45,70.01,163,F,6030,24.5789
4840,P2,BASE,72.60,70.00,164,F,6058,24.6049
4850,P2,BASE,72.75,67.48,167,F,6085,24.6576
4860,P2,BASE,72.90,72.51,162,F,6114,24.6615
4870,P2,BASE,73.05,70.02,165,F,6142,24.6918
4880,P2,BASE,73.20,69.99,165,F,6170,24.7240
4890,P2,BASE,73.35,70.00,166,F,6198,24.7575
4900,P2,BASE,73.50,72.49,163,F,6227,24.7676
4910,P2,BASE,73.65,72.51,163,F,6256,24.7791
4920,P2,BASE,73.80,72.52,164,F,6285,24.7918
4930,P2,BASE,73.95,72.50,164,F,6314,24.8063
4940,P2,BASE,74.10,72.49,164,F,6343,24.8225
4950,P2,BASE,74.25,75.01,162,F,6373,24.8148
4960,P2,BASE,74.40,69.99,167,F,6401,24.8589
4970,P2,BASE,74.55,72.49,165,F,6430,24.8795
4980,P2,BASE,74.70,72.50,165,F,6459,24.9015
4990,P2,BASE,74.85,70.01,168,F,6487,24.9499
5000,P2,BASE,75.00,72.49,166,F,6516,24.9750
5010,P2,BASE,75.15,72.49,166,F,6545,25.0015
5020,P2,BASE,75.30,70.00,169,F,6573,25.0545
5030,P2,BASE,75.45,72.51,167,F,6602,25.0840
5040,P2,BASE,75.60,75.01,165,F,6632,25.0898
5050,P2,BASE,75.75,74.98,165,F,6662,25.0975
5060,P2,BASE,75.90,82.52,157,F,6695,25.0313
5070,P2,BASE,76.05,82.50,157,F,6728,24.9668
5080,P2,BASE,76.20,72.47,168,F,6757,25.0041
5090,P2,BASE,76.35,72.52,168,F,6786,25.0424
5100,P2,BASE,76.50,72.49,168,F,6815,25.0824
5110,P2,BASE,76.65,70.01,171,F,6843,25.1488
5120,P2,BASE,76.80,64.98,177,F,6869,25.2670
5130,P2,BASE,76.95,75.01,168,F,6899,25.2864
5140,P2,BASE,77.10,77.50,165,F,6930,25.2824
5150,P2,BASE,77.25,77.48,165,F,6961,25.2800
5160,P2,BASE,77.40,77.52,165,F,6992,25.2788
5170,P2,BASE,77.55,77.48,166,F,7023,25.2795
5180,P2,BASE,77.70,77.50,166,F,7054,25.2815
5190,P2,BASE,77.85,77.52,166,F,7085,25.2848
5200,P2,BASE,78.00,77.47,166,F,7116,25.2901
5210,P2,BASE,78.15,77.52,166,F,7147,25.2964
5220,P2,BASE,78.30,77.50,167,F,7178,25.3044
5230,P2,BASE,78.45,77.50,167,F,7209,25.3139
5240,P2,BASE,78.60,77.48,167,F,7240,25.3250
5250,P2,BASE,78.75,77.51,167,F,7271,25.3374
5260,P2,BASE,78.90,75.00,170,F,7301,25.3764
5270,P2,BASE,79.05,77.49,168,F,7332,25.3920
5280,P2,BASE,79.20,75.02,171,F,7362,25.4338
5290,P2,BASE,79.35,74.98,171,F,7392,25.4775
5300,P2,BASE,79.50,77.52,169,F,7423,25.4973
5310,P2,BASE,79.65,77.49,169,F,7454,25.5189
5320,P2,BASE,79.80,77.50,170,F,7485,25.5419
5330,P2,BASE,79.95,77.50,170,F,7516,25.5664
5340,P2,BASE,80.10,77.51,170,F,7547,25.5923
5350,P2,BASE,80.25,74.98,173,F,7577,25.6450
5360,P2,BASE,80.40,75.00,174,F,7607,25.6990
5370,P2,BASE,80.55,77.50,172,F,7638,25.7295
5380,P2,BASE,80.70,75.02,175,F,7668,25.7863
5390,P2,BASE,80.85,74.99,175,F,7698,25.8449
5400,P2,BASE,81.00,72.51,178,F,7727,25.9298
5410,P2,BASE,81.15,77.48,174,F,7758,25.9664
5420,P2,BASE,81.30,74.99,177,F,7788,26.0295
5430,P2,BASE,81.45,74.99,177,F,7818,26.0941
5440,P2,BASE,81.60,77.52,175,F,7849,26.1349
5450,P2,BASE,81.75,75.00,178,F,7879,26.2024
5460,P2,BASE,81.90,77.52,176,F,7910,26.2463
5470,P2,BASE,82.05,77.48,177,F,7941,26.2919
5480,P2,BASE,82.20,77.52,177,F,7972,26.3388
5490,P2,BASE,82.35,77.48,178,F,8003,26.3875
5500,P2,BASE,82.50,77.49,178,F,8034,26.4376
5510,P2,BASE,82.65,80.02,176,F,8066,26.4639
5520,P2,BASE,82.80,79.98,176,F,8098,26.4921
5530,P2,BASE,82.95,82.50,174,F,8131,26.4966
5540,P2,BASE,83.10,82.52,174,F,8164,26.5023
5550,P2,BASE,83.25,79.99,177,F,8196,26.5349
5560,P2,BASE,83.40,79.99,177,F,8228,26.5690
5570,P2,BASE,83.55,80.00,178,F,8260,26.6045
5580,P2,BASE,83.70,80.01,178,F,8292,26.6414
5590,P2,BASE,83.85,77.49,181,F,8323,26.7050
5600,P2,BASE,84.00,80.00,179,F,8355,26.7450
5610,P2,BASE,84.15,80.01,180,F,8387,26.7864
5620,P2,BASE,84.30,82.52,177,F,8420,26.8042
5630,P2,BASE,84.45,82.48,178,F,8453,26.8240
5640,P2,BASE,84.60,80.02,181,F,8485,26.8698
5650,P2,BASE,84.75,84.98,176,F,8519,26.8675
5660,P2,BASE,84.90,80.00,181,F,8551,26.9165
5670,P2,BASE,85.05,85.01,176,F,8585,26.9169
5680,P2,BASE,85.20,82.51,179,F,8618,26.9438
5690,P2,BASE,85.35,87.48,174,F,8653,26.9225
5700,P2,BASE,85.50,85.01,177,F,8687,26.9274
5710,P2,BASE,85.65,85.02,177,F,8721,26.9338
5720,P2,BASE,85.80,87.48,175,F,8756,26.9169
5730,P2,BASE,85.95,82.49,180,F,8789,26.9515
5740,P2,BASE,86.10,85.01,178,F,8823,26.9624
5750,P2,BASE,86.25,85.01,178,F,8857,26.9748
5760,P2,BASE,86.40,85.00,178,F,8891,26.9888
5770,P2,BASE,86.55,82.49,181,F,8924,27.0294
5780,P2,BASE,86.70,85.01,179,F,8958,27.0463
5790,P2,BASE,86.85,84.98,179,F,8992,27.0650
5800,P2,BASE,87.00,85.01,179,F,9026,27.0849
5810,P2,BASE,87.15,87.48,177,F,9061,27.0816
5820,P2,BASE,87.30,97.51,166,F,9100,26.9795
5830,P2,BASE,87.45,90.00,174,F,9136,26.9540
5840,P2,BASE,87.60,87.53,177,F,9171,26.9547
5850,P2,BASE,87.75,84.97,180,F,9205,26.9825
5860,P2,BASE,87.90,82.52,183,F,9238,27.0363
5870,P2,BASE,88.05,74.99,191,F,9268,27.1670
5880,P2,BASE,88.20,87.51,179,F,9303,27.1739
5890,P2,BASE,88.35,92.52,173,F,9340,27.1322
5900,P2,BASE,88.50,92.47,173,F,9377,27.0925
5910,P2,BASE,88.65,87.53,179,F,9412,27.1037
5920,P2,BASE,88.80,92.47,174,F,9449,27.0670
5930,P2,BASE,88.95,90.01,176,F,9485,27.0564
5940,P2,BASE,89.10,89.99,176,F,9521,27.0475
5950,P2,BASE,89.25,90.03,176,F,9557,27.0397
5960,P2,BASE,89.40,87.49,179,F,9592,27.0588
5970,P2,BASE,89.55,89.98,177,F,9628,27.0545
5980,P2,BASE,89.70,87.53,180,F,9663,27.0762
5990,P2,BASE,89.85,87.47,180,F,9698,27.1000
6000,P2,BASE,90.00,90.02,177,F,9734,27.0998
6010,P2,BASE,90.15,84.99,183,F,9768,27.1514
6020,P2,BASE,90.30,90.00,178,F,9804,27.1544
6030,P2,BASE,90.45,87.52,181,F,9839,27.1837
6040,P2,BASE,90.60,89.99,179,F,9875,27.1898
6050,P2,BASE,90.75,87.50,182,F,9910,27.2223
6060,P2,BASE,90.90,92.44,177,F,9947,27.2069
6070,P2,BASE,91.05,87.54,182,F,9982,27.2420
6080,P2,BASE,91.20,87.51,182,F,10017,27.2789
6090,P2,BASE,91.35,90.02,180,F,10053,27.2923
6100,P2,BASE,91.50,87.50,183,F,10088,27.3323
6110,P2,BASE,91.65,85.00,186,F,10122,27.3988
6120,P2,BASE,91.80,89.98,181,F,10158,27.4169
6130,P2,BASE,91.95,85.02,187,F,10192,27.4863
6140,P2,BASE,92.10,90.00,182,F,10228,27.5073
6150,P2,BASE,92.25,89.99,183,F,10264,27.5299
6160,P2,BASE,92.40,87.50,186,F,10299,27.5789
6170,P2,BASE,92.55,92.48,181,F,10336,27.5795
6180,P2,BASE,92.70,90.03,184,F,10372,27.6063
6190,P2,BASE,92.85,89.99,184,F,10408,27.6349
6200,P2,BASE,93.00,89.99,184,F,10444,27.6650
6210,P2,BASE,93.15,92.52,182,F,10481,27.6713
6220,P2,BASE,93.30,94.97,179,F,10519,27.6546
6230,P2,BASE,93.45,92.53,182,F,10556,27.6638
6240,P2,BASE,93.60,92.50,182,F,10593,27.6748
6250,P2,BASE,93.75,92.49,183,F,10630,27.6874
6260,P2,BASE,93.90,90.01,186,F,10666,27.7263
6270,P2,BASE,94.05,89.99,186,F,10702,27.7669
6280,P2,BASE,94.20,92.49,184,F,10739,27.7840
6290,P2,BASE,94.35,90.01,187,F,10775,27.8274
6300,P2,BASE,94.50,92.49,184,F,10812,27.8475
6310,P2,BASE,94.65,94.95,182,F,10850,27.8444
6320,P2,BASE,94.80,90.06,188,F,10886,27.8918
6330,P2,BASE,94.95,97.47,180,F,10925,27.8666
6340,P2,BASE,95.10,92.52,185,F,10962,27.8924
6350,P2,BASE,95.25,95.01,183,F,11000,27.8948
6360,P2,BASE,95.40,97.49,180,F,11039,27.8739
6370,P2,BASE,95.55,95.00,183,F,11077,27.8794
6380,P2,BASE,95.70,97.49,181,F,11116,27.8615
6390,P2,BASE,95.85,97.50,181,F,11155,27.8450
6400,P2,BASE,96.00,95.02,183,F,11193,27.8548
6410,P2,BASE,96.15,97.48,181,F,11232,27.8415
6420,P2,BASE,96.30,92.49,186,F,11269,27.8796
6430,P2,BASE,96.45,92.50,187,F,11306,27.9191
6440,P2,BASE,96.60,97.50,182,F,11345,27.9101
6450,P2,BASE,96.75,92.50,187,F,11382,27.9526
6460,P2,BASE,96.90,97.51,182,F,11421,27.9465
6470,P2,BASE,97.05,97.51,183,F,11460,27.9419
6480,P2,BASE,97.20,105.00,175,F,11502,27.8639
6490,P2,BASE,97.35,105.00,174,F,11544,27.7874
6500,P2,BASE,97.50,92.51,187,F,11581,27.8373
6510,P2,BASE,97.65,94.98,185,F,11619,27.8640
6520,P2,BASE,97.80,87.51,194,F,11654,27.9669
6530,P2,BASE,97.95,92.51,189,F,11691,28.0213
6540,P2,BASE,98.10,99.99,181,F,11731,28.0024
6550,P2,BASE,98.25,102.50,179,F,11772,27.9599
6560,P2,BASE,98.40,100.00,181,F,11812,27.9439
6570,P2,BASE,98.55,99.97,181,F,11852,27.9297
6580,P2,BASE,98.70,99.95,182,F,11892,27.9172
6590,P2,BASE,98.85,97.59,184,F,11931,27.9299
6600,P2,BASE,99.00,99.97,182,F,11971,27.9202
6610,P2,BASE,99.15,97.53,185,F,12010,27.9364
6620,P2,BASE,99.30,97.49,185,F,12049,27.9545
6630,P2,BASE,99.45,97.49,185,F,12088,27.9741
6640,P2,BASE,99.60,95.01,188,F,12126,28.0200
6650,P2,BASE,99.75,97.47,186,F,12165,28.0427
6660,P2,BASE,99.90,100.04,184,F,12205,28.0413
6670,P2,BASE,100.05,97.49,186,F,12244,28.0669
6680,P2,BASE,100.20,97.51,187,F,12283,28.0938
6690,P2,BASE,100.35,102.46,182,F,12324,28.0728
6700,P2,BASE,100.50,100.03,184,F,12364,28.0775
6710,P2,BASE,100.65,97.43,187,F,12403,28.1096
6720,P2,BASE,100.80,100.06,185,F,12443,28.1170
6730,P2,BASE,100.95,94.99,191,F,12481,28.1766
6740,P2,BASE,101.10,95.02,191,F,12519,28.2374
6750,P2,BASE,101.25,100.01,186,F,12559,28.2498
6760,P2,BASE,101.40,97.48,189,F,12598,28.2890
6770,P2,BASE,101.55,97.51,190,F,12637,28.3294
6780,P2,BASE,101.70,99.99,187,F,12677,28.3465
6790,P2,BASE,101.85,97.51,190,F,12716,28.3899
6800,P2,BASE,102.00,99.99,188,F,12756,28.4100
6810,P2,BASE,102.15,100.02,188,F,12796,28.4313
6820,P2,BASE,102.30,99.99,189,F,12836,28.4544
6830,P2,BASE,102.45,102.49,186,F,12877,28.4540
6840,P2,BASE,102.60,102.52,186,F,12918,28.4548
6850,P2,BASE,102.75,104.99,184,F,12960,28.4324
6860,P2,BASE,102.90,100.01,189,F,13000,28.4613
6870,P2,BASE,103.05,102.50,187,F,13041,28.4669
6880,P2,BASE,103.20,97.48,193,F,13080,28.5240
6890,P2,BASE,103.35,99.99,190,F,13120,28.5576
6900,P2,BASE,103.50,100.01,191,F,13160,28.5925
6910,P2,BASE,103.65,99.93,191,F,13200,28.6297
6920,P2,BASE,103.80,102.59,189,F,13241,28.6418
6930,P2,BASE,103.95,102.49,189,F,13282,28.6564
6940,P2,BASE,104.10,104.99,187,F,13324,28.6475
6950,P2,BASE,104.25,102.51,190,F,13365,28.6649
6960,P2,BASE,104.40,102.51,190,F,13406,28.6838
6970,P2,BASE,104.55,107.50,185,F,13449,28.6543
6980,P2,BASE,104.70,104.98,187,F,13491,28.6515
6990,P2,BASE,104.85,110.00,182,F,13535,28.6000
7000,P2,BASE,105.00,104.99,187,F,13577,28.6001
7010,P2,BASE,105.15,105.00,187,F,13619,28.6016
7020,P2,BASE,105.30,105.02,188,F,13661,28.6044
7030,P2,BASE,105.45,102.49,191,F,13702,28.6340
7040,P2,BASE,105.60,102.48,191,F,13743,28.6652
7050,P2,BASE,105.75,102.54,191,F,13784,28.6973
7060,P2,BASE,105.90,105.00,189,F,13826,28.7063
7070,P2,BASE,106.05,110.00,184,F,13870,28.6668
7080,P2,BASE,106.20,119.99,173,F,13918,28.5289
7090,P2,BASE,106.35,104.97,188,F,13960,28.5428
7100,P2,BASE,106.50,102.51,191,F,14001,28.5827
7110,P2,BASE,106.65,100.03,194,F,14041,28.6489
7120,P2,BASE,106.80,94.96,200,F,14079,28.7672
7130,P2,BASE,106.95,110.03,185,F,14123,28.7364
7140,P2,BASE,107.10,109.92,185,F,14167,28.7082
7150,P2,BASE,107.25,107.58,188,F,14210,28.7049
7160,P2,BASE,107.40,109.99,185,F,14254,28.6790
7170,P2,BASE,107.55,107.50,188,F,14297,28.6795
7180,P2,BASE,107.70,105.01,191,F,14339,28.7064
7190,P2,BASE,107.85,107.49,188,F,14382,28.7100
7200,P2,BASE,108.00,107.49,189,F,14425,28.7151
7210,P2,BASE,108.15,107.52,189,F,14468,28.7214
7220,P2,BASE,108.30,104.97,192,F,14510,28.7547
7230,P2,BASE,108.45,107.53,189,F,14553,28.7639
7240,P2,BASE,108.60,104.98,192,F,14595,28.8001
7250,P2,BASE,108.75,107.53,190,F,14638,28.8123
7260,P2,BASE,108.90,110.00,188,F,14682,28.8013
7270,P2,BASE,109.05,110.00,188,F,14726,28.7918
7280,P2,BASE,109.20,107.50,190,F,14769,28.8088
7290,P2,BASE,109.35,105.00,193,F,14811,28.8523
7300,P2,BASE,109.50,110.00,188,F,14855,28.8473
7310,P2,BASE,109.65,104.98,194,F,14897,28.8940
7320,P2,BASE,109.80,104.98,194,F,14939,28.9422
7330,P2,BASE,109.95,107.53,192,F,14982,28.9664
7340,P2,BASE,110.10,107.47,193,F,15025,28.9927
7350,P2,BASE,110.25,107.52,193,F,15068,29.0200
7360,P2,BASE,110.40,105.02,196,F,15110,29.0738
7370,P2,BASE,110.55,107.46,194,F,15153,29.1047
7380,P2,BASE,110.70,110.01,191,F,15197,29.1116
7390,P2,BASE,110.85,107.50,194,F,15240,29.1451
7400,P2,BASE,111.00,110.03,192,F,15284,29.1548
7410,P2,BASE,111.15,112.50,190,F,15329,29.1413
7420,P2,BASE,111.30,112.46,190,F,15374,29.1297
7430,P2,BASE,111.45,110.03,192,F,15418,29.1439
7440,P2,BASE,111.60,110.00,193,F,15462,29.1599
7450,P2,BASE,111.75,107.48,196,F,15505,29.2026
7460,P2,BASE,111.90,107.52,196,F,15548,29.2464
7470,P2,BASE,112.05,107.50,197,F,15591,29.2919
7480,P2,BASE,112.20,112.51,192,F,15636,29.2888
7490,P2,BASE,112.35,112.46,192,F,15681,29.2877
7500,P2,BASE,112.50,112.53,192,F,15726,29.2874
7510,P2,BASE,112.65,109.97,195,F,15770,29.3142
7520,P2,BASE,112.80,115.02,190,F,15816,29.2920
7530,P2,BASE,112.95,115.02,190,F,15862,29.2713
7540,P2,BASE,113.10,114.98,190,F,15908,29.2525
7550,P2,BASE,113.25,117.50,187,F,15955,29.2100
7560,P2,BASE,113.40,112.49,192,F,16000,29.2191
7570,P2,BASE,113.55,114.99,190,F,16046,29.2047
7580,P2,BASE,113.70,110.02,195,F,16090,29.2415
7590,P2,BASE,113.85,112.52,193,F,16135,29.2548
7600,P2,BASE,114.00,109.98,196,F,16179,29.2950
7610,P2,BASE,114.15,115.00,191,F,16225,29.2865
7620,P2,BASE,114.30,115.02,191,F,16271,29.2793
7630,P2,BASE,114.45,127.49,178,F,16322,29.1489
7640,P2,BASE,114.60,115.00,191,F,16368,29.1449
7650,P2,BASE,114.75,112.49,193,F,16413,29.1675
7660,P2,BASE,114.90,107.52,199,F,16456,29.2413
7670,P2,BASE,115.05,104.97,202,F,16498,29.3421
7680,P2,BASE,115.20,117.54,190,F,16545,29.3188
7690,P2,BASE,115.35,117.46,190,F,16592,29.2976
7700,P2,BASE,115.50,117.51,190,F,16639,29.2775
7710,P2,BASE,115.65,115.01,192,F,16685,29.2839
7720,P2,BASE,115.80,117.48,190,F,16732,29.2671
7730,P2,BASE,115.95,115.03,193,F,16778,29.2763
7740,P2,BASE,116.10,117.39,190,F,16825,29.2633
7750,P2,BASE,116.25,112.57,196,F,16870,29.3002
7760,P2,BASE,116.40,112.53,196,F,16915,29.3388
7770,P2,BASE,116.55,117.45,191,F,16962,29.3298
7780,P2,BASE,116.70,112.51,197,F,17007,29.3717
7790,P2,BASE,116.85,117.50,192,F,17054,29.3652
7800,P2,BASE,117.00,117.51,192,F,17101,29.3601
7810,P2,BASE,117.15,117.52,192,F,17148,29.3563
7820,P2,BASE,117.30,117.50,192,F,17195,29.3543
7830,P2,BASE,117.45,114.99,195,F,17241,29.3789
7840,P2,BASE,117.60,112.50,198,F,17286,29.4299
7850,P2,BASE,117.75,112.51,198,F,17331,29.4823
7860,P2,BASE,117.90,114.99,196,F,17377,29.5115
7870,P2,BASE,118.05,114.99,197,F,17423,29.5421
7880,P2,BASE,118.20,117.52,194,F,17470,29.5488
7890,P2,BASE,118.35,112.48,200,F,17515,29.6076
7900,P2,BASE,118.50,114.99,198,F,17561,29.6427
7910,P2,BASE,118.65,117.50,195,F,17608,29.6542
7920,P2,BASE,118.80,115.01,198,F,17654,29.6921
7930,P2,BASE,118.95,120.02,193,F,17702,29.6813
7940,P2,BASE,119.10,120.00,193,F,17750,29.6723
7950,P2,BASE,119.25,117.50,196,F,17797,29.6898
7960,P2,BASE,119.40,117.48,197,F,17844,29.7091
7970,P2,BASE,119.55,115.02,200,F,17890,29.7543
7980,P2,BASE,119.70,114.98,200,F,17936,29.8015
7990,P2,BASE,119.85,115.02,200,F,17982,29.8498
8000,P2,BASE,120.00,120.00,196,F,18030,29.8498
8010,P2,BASE,120.15,119.89,196,F,18078,29.8524
8020,P2,BASE,120.30,120.11,196,F,18126,29.8543
8030,P2,BASE,120.45,117.46,199,F,18173,29.8842
8040,P2,BASE,120.60,122.54,194,F,18222,29.8648
8050,P2,BASE,120.75,122.50,194,F,18271,29.8473
8060,P2,BASE,120.90,124.99,191,F,18321,29.8064
8070,P2,BASE,121.05,122.51,194,F,18370,29.7918
8080,P2,BASE,121.20,122.46,194,F,18419,29.7792
8090,P2,BASE,121.35,120.04,197,F,18467,29.7923
8100,P2,BASE,121.50,117.50,200,F,18514,29.8323
8110,P2,BASE,121.65,119.96,197,F,18562,29.8492
8120,P2,BASE,121.80,120.04,197,F,18610,29.8668
8130,P2,BASE,121.95,122.50,195,F,18659,29.8613
8140,P2,BASE,122.10,129.96,187,F,18711,29.7827
8150,P2,BASE,122.25,129.95,187,F,18763,29.7057
8160,P2,BASE,122.40,117.58,200,F,18810,29.7539
8170,P2,BASE,122.55,114.97,203,F,18856,29.8297
8180,P2,BASE,122.70,112.51,206,F,18901,29.9316
8190,P2,BASE,122.85,122.51,196,F,18950,29.9350
8200,P2,BASE,123.00,122.46,197,F,18999,29.9404
8210,P2,BASE,123.15,127.51,191,F,19050,29.8967
8220,P2,BASE,123.30,125.00,194,F,19100,29.8797
8230,P2,BASE,123.45,122.52,197,F,19149,29.8890
8240,P2,BASE,123.60,122.50,197,F,19198,29.9000
8250,P2,BASE,123.75,122.48,197,F,19247,29.9127
8260,P2,BASE,123.90,122.54,197,F,19296,29.9264
8270,P2,BASE,124.05,122.50,198,F,19345,29.9419
8280,P2,BASE,124.20,119.96,201,F,19393,29.9842
8290,P2,BASE,124.35,125.03,196,F,19443,29.9775
8300,P2,BASE,124.50,122.51,199,F,19492,29.9974
8310,P2,BASE,124.65,127.50,193,F,19543,29.9689
8320,P2,BASE,124.80,124.95,196,F,19593,29.9674
8330,P2,BASE,124.95,122.50,199,F,19642,29.9919
8340,P2,BASE,125.10,120.05,202,F,19690,30.0424
8350,P2,BASE,125.25,120.00,202,F,19738,30.0949
8360,P2,BASE,125.40,122.49,200,F,19787,30.1240
8370,P2,BASE,125.55,122.48,201,F,19836,30.1548
8380,P2,BASE,125.70,122.50,201,F,19885,30.1868
8390,P2,BASE,125.85,122.51,201,F,19934,30.2201
8400,P2,BASE,126.00,122.52,202,F,19983,30.2549
8410,P2,BASE,126.15,122.45,202,F,20032,30.2919
8420,P2,BASE,126.30,125.04,200,F,20082,30.3045
8430,P2,BASE,126.45,129.97,195,F,20134,30.2693
8440,P2,BASE,126.60,125.01,200,F,20184,30.2851
8450,P2,BASE,126.75,125.01,200,F,20234,30.3025
8460,P2,BASE,126.90,122.48,203,F,20283,30.3468
8470,P2,BASE,127.05,122.51,204,F,20332,30.3921
8480,P2,BASE,127.20,122.50,204,F,20381,30.4391
8490,P2,BASE,127.35,125.01,202,F,20431,30.4625
8500,P2,BASE,127.50,127.50,200,F,20482,30.4625
8510,P2,BASE,127.65,129.96,197,F,20534,30.4394
8520,P2,BASE,127.80,125.04,202,F,20584,30.4670
8530,P2,BASE,127.95,129.97,197,F,20636,30.4468
8540,P2,BASE,128.10,130.00,197,F,20688,30.4278
8550,P2,BASE,128.25,135.01,192,F,20742,30.3601
8560,P2,BASE,128.40,127.49,200,F,20793,30.3693
8570,P2,BASE,128.55,130.00,197,F,20845,30.3548
8580,P2,BASE,128.70,127.53,200,F,20896,30.3665
8590,P2,BASE,128.85,125.01,203,F,20946,30.4049
8600,P2,BASE,129.00,127.47,201,F,20997,30.4202
8610,P2,BASE,129.15,127.49,201,F,21048,30.4368
8620,P2,BASE,129.30,140.00,188,F,21104,30.3298
8630,P2,BASE,129.45,137.49,190,F,21159,30.2494
8640,P2,BASE,129.60,122.51,206,F,21208,30.3203
8650,P2,BASE,129.75,117.51,212,F,21255,30.4427
8660,P2,BASE,129.90,125.01,205,F,21305,30.4916
8670,P2,BASE,130.05,132.49,197,F,21358,30.4672
8680,P2,BASE,130.20,130.01,200,F,21410,30.4691
8690,P2,BASE,130.35,135.00,195,F,21464,30.4226
8700,P2,BASE,130.50,129.99,200,F,21516,30.4277
8710,P2,BASE,130.65,129.97,200,F,21568,30.4344
8720,P2,BASE,130.80,132.51,198,F,21621,30.4173
8730,P2,BASE,130.95,127.54,203,F,21672,30.4514
8740,P2,BASE,131.10,129.99,201,F,21724,30.4626
8750,P2,BASE,131.25,129.99,201,F,21776,30.4752
8760,P2,BASE,131.40,129.99,201,F,21828,30.4893
8770,P2,BASE,131.55,132.42,199,F,21881,30.4806
8780,P2,BASE,131.70,132.62,199,F,21934,30.4714
8790,P2,BASE,131.85,132.46,199,F,21987,30.4653
8800,P2,BASE,132.00,130.01,202,F,22039,30.4852
8810,P2,BASE,132.15,127.49,205,F,22090,30.5318
8820,P2,BASE,132.30,127.54,205,F,22141,30.5794
8830,P2,BASE,132.45,127.49,206,F,22192,30.6291
8840,P2,BASE,132.60,129.99,203,F,22244,30.6552
8850,P2,BASE,132.75,130.00,204,F,22296,30.6827
8860,P2,BASE,132.90,129.99,204,F,22348,30.7118
8870,P2,BASE,133.05,130.03,204,F,22400,30.7421
8880,P2,BASE,133.20,130.00,205,F,22452,30.7741
8890,P2,BASE,133.35,132.50,203,F,22505,30.7826
8900,P2,BASE,133.50,137.47,197,F,22560,30.7428
8910,P2,BASE,133.65,130.03,205,F,22612,30.7791
8920,P2,BASE,133.80,129.99,206,F,22664,30.8172
8930,P2,BASE,133.95,130.03,206,F,22716,30.8564
8940,P2,BASE,134.10,127.49,209,F,22767,30.9226
8950,P2,BASE,134.25,132.46,205,F,22820,30.9405
8960,P2,BASE,134.40,132.54,205,F,22873,30.9591
8970,P2,BASE,134.55,135.00,202,F,22927,30.9546
8980,P2,BASE,134.70,134.97,203,F,22981,30.9518
8990,P2,BASE,134.85,137.51,200,F,23036,30.9252
9000,P2,BASE,135.00,135.01,203,F,23090,30.9251
9010,P2,BASE,135.15,139.99,197,F,23146,30.8767
9020,P2,BASE,135.30,137.50,200,F,23201,30.8547
9030,P2,BASE,135.45,137.50,200,F,23256,30.8342
9040,P2,BASE,135.60,130.00,208,F,23308,30.8902
9050,P2,BASE,135.75,135.03,203,F,23362,30.8974
9060,P2,BASE,135.90,134.97,203,F,23416,30.9067
9070,P2,BASE,136.05,137.49,201,F,23471,30.8923
9080,P2,BASE,136.20,147.54,190,F,23530,30.7789
9090,P2,BASE,136.35,134.96,203,F,23584,30.7928
9100,P2,BASE,136.50,130.04,209,F,23636,30.8574
9110,P2,BASE,136.65,124.96,215,F,23686,30.9743
9120,P2,BASE,136.80,137.50,202,F,23741,30.9673
9130,P2,BASE,136.95,137.51,202,F,23796,30.9617
9140,P2,BASE,137.10,139.99,200,F,23852,30.9328
9150,P2,BASE,137.25,137.46,202,F,23907,30.9307
9160,P2,BASE,137.40,135.05,205,F,23961,30.9542
9170,P2,BASE,137.55,137.47,203,F,24016,30.9549
9180,P2,BASE,137.70,137.51,203,F,24071,30.9568
9190,P2,BASE,137.85,135.00,206,F,24125,30.9853
9200,P2,BASE,138.00,135.04,206,F,24179,31.0149
9210,P2,BASE,138.15,137.47,204,F,24234,31.0217
9220,P2,BASE,138.30,137.49,204,F,24289,31.0298
9230,P2,BASE,138.45,142.54,199,F,24346,30.9889
9240,P2,BASE,138.60,137.40,204,F,24401,31.0008
9250,P2,BASE,138.75,137.57,204,F,24456,31.0127
9260,P2,BASE,138.90,135.00,207,F,24510,31.0517
9270,P2,BASE,139.05,132.51,211,F,24563,31.1170
9280,P2,BASE,139.20,134.97,208,F,24617,31.1593
9290,P2,BASE,139.35,137.53,206,F,24672,31.1775
9300,P2,BASE,139.50,132.50,212,F,24725,31.2475
9310,P2,BASE,139.65,137.51,207,F,24780,31.2689
9320,P2,BASE,139.80,137.45,207,F,24835,31.2924
9330,P2,BASE,139.95,137.51,208,F,24890,31.3168
9340,P2,BASE,140.10,142.51,203,F,24947,31.2926
9350,P2,BASE,140.25,137.51,208,F,25002,31.3200
9360,P2,BASE,140.40,139.97,206,F,25058,31.3243
9370,P2,BASE,140.55,135.04,211,F,25112,31.3794
9380,P2,BASE,140.70,135.00,212,F,25166,31.4364
9390,P2,BASE,140.85,137.46,210,F,25221,31.4703
9400,P2,BASE,141.00,140.03,207,F,25277,31.4800
9410,P2,BASE,141.15,142.49,205,F,25334,31.4667
9420,P2,BASE,141.30,142.49,205,F,25391,31.4548
9430,P2,BASE,141.45,145.03,202,F,25449,31.4190
9440,P2,BASE,141.60,142.47,205,F,25506,31.4103
9450,P2,BASE,141.75,147.51,200,F,25565,31.3526
9460,P2,BASE,141.90,142.51,205,F,25622,31.3465
9470,P2,BASE,142.05,140.01,208,F,25678,31.3669
9480,P2,BASE,142.20,139.96,208,F,25734,31.3893
9490,P2,BASE,142.35,140.01,208,F,25790,31.4126
9500,P2,BASE,142.50,142.53,206,F,25847,31.4124
9510,P2,BASE,142.65,152.47,195,F,25908,31.3142
9520,P2,BASE,142.80,147.49,200,F,25967,31.2673
9530,P2,BASE,142.95,137.50,211,F,26022,31.3218
9540,P2,BASE,143.10,130.00,219,F,26074,31.4528
9550,P2,BASE,143.25,142.53,207,F,26131,31.4600
9560,P2,BASE,143.40,142.49,207,F,26188,31.4692
9570,P2,BASE,143.55,144.99,205,F,26246,31.4548
9580,P2,BASE,143.70,145.04,205,F,26304,31.4414
9590,P2,BASE,143.85,142.46,208,F,26361,31.4553
9600,P2,BASE,144.00,145.01,205,F,26419,31.4452
9610,P2,BASE,144.15,142.51,208,F,26476,31.4615
9620,P2,BASE,144.30,142.47,208,F,26533,31.4798
9630,P2,BASE,144.45,142.53,208,F,26590,31.4990
9640,P2,BASE,144.60,142.50,209,F,26647,31.5200
9650,P2,BASE,144.75,145.01,206,F,26705,31.5174
9660,P2,BASE,144.90,147.50,204,F,26764,31.4914
9670,P2,BASE,145.05,144.93,206,F,26822,31.4926
9680,P2,BASE,145.20,142.53,209,F,26879,31.5193
9690,P2,BASE,145.35,139.92,212,F,26935,31.5737
9700,P2,BASE,145.50,140.08,213,F,26991,31.6278
9710,P2,BASE,145.65,142.51,211,F,27048,31.6592
9720,P2,BASE,145.80,139.97,214,F,27104,31.7175
9730,P2,BASE,145.95,142.51,212,F,27161,31.7518
9740,P2,BASE,146.10,142.49,212,F,27218,31.7880
9750,P2,BASE,146.25,145.04,210,F,27276,31.8000
9760,P2,BASE,146.40,147.51,207,F,27335,31.7889
9770,P2,BASE,146.55,144.97,210,F,27393,31.8047
9780,P2,BASE,146.70,145.03,210,F,27451,31.8214
9790,P2,BASE,146.85,139.99,216,F,27507,31.8900
9800,P2,BASE,147.00,142.51,214,F,27564,31.9349
9810,P2,BASE,147.15,142.50,214,F,27621,31.9814
9820,P2,BASE,147.30,145.00,212,F,27679,32.0044
9830,P2,BASE,147.45,149.99,207,F,27739,31.9790
9840,P2,BASE,147.60,147.51,210,F,27798,31.9799
9850,P2,BASE,147.75,149.97,207,F,27858,31.9577
9860,P2,BASE,147.90,152.50,204,F,27919,31.9117
9870,P2,BASE,148.05,152.48,204,F,27980,31.8673
9880,P2,BASE,148.20,147.50,210,F,28039,31.8743
9890,P2,BASE,148.35,147.51,210,F,28098,31.8827
9900,P2,BASE,148.50,145.00,213,F,28156,31.9177
9910,P2,BASE,148.65,147.49,210,F,28215,31.9293
9920,P2,BASE,148.80,149.99,208,F,28275,31.9175
9930,P2,BASE,148.95,160.02,197,F,28339,31.8068
9940,P2,BASE,149.10,149.99,207,F,28399,31.7980
9950,P2,BASE,149.25,135.05,224,F,28453,31.9399
9960,P2,BASE,149.40,144.88,214,F,28511,31.9851
9970,P2,BASE,149.55,147.57,212,F,28570,32.0048
9980,P2,BASE,149.70,152.53,207,F,28631,31.9765
9990,P2,BASE,149.85,149.97,209,F,28691,31.9753
10000,P2,BASE,150.00,152.53,207,F,28752,31.9500
10010,P2,BASE,150.00,147.49,212,F,28811,31.9752
10020,P2,BASE,150.00,149.97,210,F,28871,31.9755
10030,P2,BASE,150.00,150.01,209,F,28931,31.9753
10040,P2,BASE,150.00,147.54,212,F,28990,31.9999
10050,P2,BASE,150.00,152.47,207,F,29051,31.9752
10060,P2,BASE,150.00,149.99,210,F,29111,31.9753
10070,P2,BASE,150.00,152.53,207,F,29172,31.9500
10080,P2,BASE,150.00,150.01,209,F,29232,31.9499
10090,P2,BASE,150.00,147.46,212,F,29291,31.9753
10100,P2,BASE,150.00,145.03,215,F,29349,32.0250
10110,P2,BASE,150.00,145.01,215,F,29407,32.0749
10120,P2,BASE,150.00,149.96,210,F,29467,32.0753
10130,P2,BASE,150.00,145.01,216,F,29525,32.1252
10140,P2,BASE,150.00,147.51,213,F,29584,32.1501
10150,P2,BASE,150.00,147.47,213,F,29643,32.1753
10160,P2,BASE,150.00,150.01,211,F,29703,32.1752
10170,P2,BASE,150.00,152.50,208,F,29764,32.1502
10180,P2,BASE,150.00,147.49,213,F,29823,32.1753
10190,P2,BASE,150.00,147.50,214,F,29882,32.2003
10200,P2,BASE,150.00,145.01,216,F,29940,32.2502
10210,P2,BASE,150.00,145.03,217,F,29998,32.2999
10220,P2,BASE,150.00,149.96,212,F,30058,32.3004
10230,P2,BASE,150.00,150.00,212,F,30118,32.3004
10240,P2,BASE,150.00,150.00,212,F,30178,32.3004
10250,P2,BASE,150.00,155.05,206,F,30240,32.2499
10260,P2,BASE,150.00,154.95,206,F,30302,32.2004
10270,P2,BASE,150.00,157.52,203,F,30365,32.1252
10280,P2,BASE,150.00,152.50,208,F,30426,32.1002
10290,P2,BASE,150.00,150.00,210,F,30486,32.1002
10300,P2,BASE,150.00,149.90,210,F,30546,32.1012
10310,P2,BASE,150.00,145.10,216,F,30604,32.1502
10320,P2,BASE,150.00,155.03,205,F,30666,32.0999
10330,P2,BASE,150.00,164.97,194,F,30732,31.9503
10340,P2,BASE,150.00,147.51,212,F,30791,31.9751
10350,P2,BASE,150.00,142.50,218,F,30848,32.0501
10360,P2,BASE,150.00,139.99,221,F,30904,32.1502
10370,P2,BASE,150.00,152.50,208,F,30965,32.1252
10380,P2,BASE,150.00,155.03,205,F,31027,32.0749
10390,P2,BASE,150.00,149.94,210,F,31087,32.0755
10400,P2,BASE,150.00,152.56,207,F,31148,32.0499
10410,P2,BASE,150.00,149.97,210,F,31208,32.0502
10420,P2,BASE,150.00,152.50,207,F,31269,32.0252
10430,P2,BASE,150.00,147.51,213,F,31328,32.0501
10440,P2,BASE,150.00,149.94,210,F,31388,32.0507
10450,P2,BASE,150.00,150.06,210,F,31448,32.0501
10460,P2,BASE,150.00,152.47,207,F,31509,32.0254
10470,P2,BASE,150.00,152.48,207,F,31570,32.0005
10480,P2,BASE,150.00,150.01,210,F,31630,32.0004
10490,P2,BASE,150.00,147.51,212,F,31689,32.0252
10500,P2,BASE,150.00,145.01,215,F,31747,32.0751
10510,P2,BASE,150.00,147.51,213,F,31806,32.0999
10520,P2,BASE,150.00,147.46,213,F,31865,32.1254
10530,P2,BASE,150.00,145.03,216,F,31923,32.1751
10540,P2,BASE,150.00,149.99,211,F,31983,32.1752
10550,P2,BASE,150.00,147.53,213,F,32042,32.2000
10560,P2,BASE,150.00,147.50,214,F,32101,32.2250
10570,P2,BASE,150.00,154.94,206,F,32163,32.1756
10580,P2,BASE,150.00,147.51,214,F,32222,32.2004
10590,P2,BASE,150.00,147.54,214,F,32281,32.2250
10600,P2,BASE,150.00,147.50,214,F,32340,32.2500
10610,P2,BASE,150.00,142.50,219,F,32397,32.3250
10620,P2,BASE,150.00,152.48,209,F,32458,32.3001
10630,P2,BASE,150.00,149.96,212,F,32518,32.3006
10640,P2,BASE,150.00,150.03,212,F,32578,32.3003
10650,P2,BASE,150.00,154.98,206,F,32640,32.2504
10660,P2,BASE,150.00,155.05,206,F,32702,32.2000
10670,P2,BASE,150.00,157.50,203,F,32765,32.1250
10680,P2,BASE,150.00,152.47,208,F,32826,32.1003
10690,P2,BASE,150.00,150.01,210,F,32886,32.1001
10700,P2,BASE,150.00,147.51,213,F,32945,32.1250
10710,P2,BASE,150.00,147.50,213,F,33004,32.1500
10720,P2,BASE,150.00,152.47,208,F,33065,32.1253
10730,P2,BASE,150.00,164.98,194,F,33131,31.9755
10740,P2,BASE,150.00,152.55,207,F,33192,31.9500
10750,P2,BASE,150.00,139.97,220,F,33248,32.0503
10760,P2,BASE,150.00,142.53,218,F,33305,32.1250
10770,P2,BASE,150.00,152.47,208,F,33366,32.1003
10780,P2,BASE,150.00,152.50,208,F,33427,32.0753
10790,P2,BASE,150.00,149.99,210,F,33487,32.0754
10800,P2,BASE,150.00,154.94,205,F,33549,32.0261
10810,P2,BASE,150.00,150.11,210,F,33609,32.0250
10820,P2,BASE,150.00,149.96,210,F,33669,32.0255
10830,P2,BASE,150.00,150.05,210,F,33729,32.0250
10840,P2,BASE,150.00,147.49,213,F,33788,32.0502
10850,P2,BASE,150.00,152.44,207,F,33849,32.0258
10860,P2,BASE,150.00,150.03,210,F,33909,32.0255
10870,P2,BASE,150.00,155.02,204,F,33971,31.9753
10880,P2,BASE,150.00,147.51,212,F,34030,32.0002
10890,P2,BASE,150.00,147.50,212,F,34089,32.0252
10900,P2,BASE,150.00,147.47,213,F,34148,32.0505
10910,P2,BASE,150.00,145.01,215,F,34206,32.1003
10920,P2,BASE,150.00,150.00,210,F,34266,32.1003
10930,P2,BASE,150.00,145.00,216,F,34324,32.1503
10940,P2,BASE,150.00,147.50,213,F,34383,32.1753
10950,P2,BASE,150.00,147.53,213,F,34442,32.2000
10960,P2,BASE,150.00,149.97,211,F,34502,32.2003
10970,P2,BASE,150.00,152.48,208,F,34563,32.1755
10980,P2,BASE,150.00,147.53,213,F,34622,32.2002
10990,P2,BASE,150.00,147.47,214,F,34681,32.2255
11000,P2,BASE,150.00,145.01,217,F,34739,32.2753
11010,P2,BASE,150.00,144.99,217,F,34797,32.3255
11020,P2,BASE,150.00,150.03,212,F,34857,32.3252
11030,P2,BASE,150.00,152.52,209,F,34918,32.3000
11040,P2,BASE,150.00,149.99,212,F,34978,32.3002
11050,P2,BASE,150.00,154.97,206,F,35040,32.2505
11060,P2,BASE,150.00,155.03,206,F,35102,32.2002
11070,P2,BASE,150.00,154.98,206,F,35164,32.1503
11080,P2,BASE,150.00,152.53,208,F,35225,32.1250
11090,P2,BASE,150.00,149.99,211,F,35285,32.1252
11100,P2,BASE,150.00,150.01,210,F,35345,32.1250
11110,P2,BASE,150.00,147.49,213,F,35404,32.1502
11120,P2,BASE,150.00,152.47,208,F,35465,32.1255
11130,P2,BASE,150.00,162.53,197,F,35530,32.0001
11140,P2,BASE,150.00,152.41,207,F,35591,31.9760
11150,P2,BASE,150.00,142.60,218,F,35648,32.0500
11160,P2,BASE,150.00,137.47,224,F,35703,32.1753
11170,P2,BASE,150.00,152.52,208,F,35764,32.1502
11180,P2,BASE,150.00,155.00,205,F,35826,32.1002
11190,P2,BASE,150.00,150.00,210,F,35886,32.1002
11200,P2,BASE,150.00,152.52,208,F,35947,32.0750
11210,P2,BASE,150.00,152.45,207,F,36008,32.0505
11220,P2,BASE,150.00,150.03,210,F,36068,32.0502
11230,P2,BASE,150.00,147.47,213,F,36127,32.0755
11240,P2,BASE,150.00,150.01,210,F,36187,32.0753
11250,P2,BASE,150.00,150.03,210,F,36247,32.0750
11260,P2,BASE,150.00,152.50,207,F,36308,32.0500
11270,P2,BASE,150.00,152.45,207,F,36369,32.0255
11280,P2,BASE,150.00,150.01,210,F,36429,32.0253
11290,P2,BASE,150.00,147.53,213,F,36488,32.0500
11300,P2,BASE,150.00,147.46,213,F,36547,32.0755
11310,P2,BASE,150.00,145.03,216,F,36605,32.1252
11320,P2,BASE,150.00,149.90,211,F,36665,32.1262
11330,P2,BASE,150.00,145.09,216,F,36723,32.1754
11340,P2,BASE,150.00,147.51,214,F,36782,32.2002
11350,P2,BASE,150.00,147.51,214,F,36841,32.2251
11360,P2,BASE,150.00,149.96,211,F,36901,32.2255
11370,P2,BASE,150.00,155.00,206,F,36963,32.1755
11380,P2,BASE,150.00,147.50,214,F,37022,32.2005
11390,P2,BASE,150.00,147.50,214,F,37081,32.2255
11400,P2,BASE,150.00,147.54,214,F,37140,32.2501
11410,P2,BASE,150.00,144.94,217,F,37198,32.3007
11420,P2,BASE,150.00,150.01,212,F,37258,32.3005
11430,P2,BASE,150.00,149.99,212,F,37318,32.3007
11440,P2,BASE,150.00,150.03,212,F,37378,32.3004
11450,P2,BASE,150.00,154.98,206,F,37440,32.2505
11460,P2,BASE,150.00,157.52,203,F,37503,32.1754
11470,P2,BASE,150.00,154.98,205,F,37565,32.1255
11480,P2,BASE,150.00,152.52,208,F,37626,32.1003
11490,P2,BASE,150.00,150.01,210,F,37686,32.1002
11500,P2,BASE,150.00,149.97,210,F,37746,32.1005
11510,P2,BASE,150.00,147.53,213,F,37805,32.1252
11520,P2,BASE,150.00,152.52,208,F,37866,32.1001
11530,P2,BASE,150.00,159.98,200,F,37930,32.0002
11540,P2,BASE,150.00,152.52,207,F,37991,31.9751
11550,P2,BASE,150.00,142.46,218,F,38048,32.0505
11560,P2,BASE,150.00,140.01,221,F,38104,32.1503
11570,P2,BASE,150.00,152.50,208,F,38165,32.1253
11580,P2,BASE,150.00,152.52,208,F,38226,32.1002
11590,P2,BASE,150.00,152.50,208,F,38287,32.0752
11600,P2,BASE,150.00,152.48,207,F,38348,32.0503
11610,P2,BASE,150.00,149.99,210,F,38408,32.0505
11620,P2,BASE,150.00,152.53,207,F,38469,32.0252
11630,P2,BASE,150.00,147.51,213,F,38528,32.0500
11640,P2,BASE,150.00,147.46,213,F,38587,32.0755
11650,P2,BASE,150.00,152.52,207,F,38648,32.0503
11660,P2,BASE,150.00,150.00,210,F,38708,32.0503
11670,P2,BASE,150.00,155.03,205,F,38770,32.0000
11680,P2,BASE,150.00,149.94,210,F,38830,32.0006
11690,P2,BASE,150.00,147.56,212,F,38889,32.0250
11700,P2,BASE,150.00,145.00,215,F,38947,32.0750
11710,P2,BASE,150.00,147.47,213,F,39006,32.1003
11720,P2,BASE,150.00,147.49,213,F,39065,32.1255
11730,P2,BASE,150.00,147.50,213,F,39124,32.1505
11740,P2,BASE,150.00,147.50,213,F,39183,32.1755
11750,P2,BASE,150.00,147.50,214,F,39242,32.2005
11760,P2,BASE,150.00,150.01,211,F,39302,32.2003
11770,P2,BASE,150.00,152.48,208,F,39363,32.1755
11780,P2,BASE,150.00,150.00,211,F,39423,32.1755
11790,P2,BASE,150.00,145.04,216,F,39481,32.2250
11800,P2,BASE,150.00,144.96,217,F,39539,32.2755
11810,P2,BASE,150.00,144.99,217,F,39597,32.3256
11820,P2,BASE,150.00,152.55,209,F,39658,32.3002
11830,P2,BASE,150.00,150.01,212,F,39718,32.3000
11840,P2,BASE,150.00,152.48,209,F,39779,32.2752
11850,P2,BASE,150.00,152.50,209,F,39840,32.2502
11860,P2,BASE,150.00,154.97,206,F,39902,32.2005
11870,P2,BASE,150.00,157.48,203,F,39965,32.1256
11880,P2,BASE,150.00,152.52,208,F,40026,32.1005
11890,P2,BASE,150.00,150.03,210,F,40086,32.1002
11900,P2,BASE,150.00,150.00,210,F,40146,32.1002
11910,P2,BASE,150.00,147.47,213,F,40205,32.1255
11920,P2,BASE,150.00,152.52,208,F,40266,32.1003
11930,P2,BASE,150.00,165.00,194,F,40332,31.9503
11940,P2,BASE,150.00,149.97,209,F,40392,31.9506
11950,P2,BASE,150.00,142.53,217,F,40449,32.0253
11960,P2,BASE,150.00,142.44,218,F,40506,32.1009
11970,P2,BASE,150.00,150.09,210,F,40566,32.1000
11980,P2,BASE,150.00,154.98,205,F,40628,32.0501
11990,P2,BASE,150.00,149.99,210,F,40688,32.0503
12000,P2,BASE,150.00,152.53,207,F,40749,32.0250
12010,P2,BASE,150.00,152.47,207,F,40810,32.0003
12020,P2,BASE,150.00,150.01,210,F,40870,32.0001
12030,P2,BASE,150.00,147.47,212,F,40929,32.0254
12040,P2,BASE,150.00,149.99,210,F,40989,32.0256
12050,P2,BASE,150.00,150.05,210,F,41049,32.0251
12060,P2,BASE,150.00,152.47,207,F,41110,32.0004
12070,P2,BASE,150.00,154.94,204,F,41172,31.9511
12080,P2,BASE,150.00,147.59,212,F,41231,31.9752
12090,P2,BASE,150.00,147.51,212,F,41290,32.0000
12100,P2,BASE,150.00,147.50,212,F,41349,32.0250
12110,P2,BASE,150.00,144.99,215,F,41407,32.0752
12120,P2,BASE,150.00,150.01,210,F,41467,32.0750
12130,P2,BASE,150.00,145.00,216,F,41525,32.1250
12140,P2,BASE,150.00,147.49,213,F,41584,32.1502
12150,P2,BASE,150.00,147.50,213,F,41643,32.1752
12160,P2,BASE,150.00,149.97,211,F,41703,32.1755
12170,P2,BASE,150.00,152.55,208,F,41764,32.1500
12180,P2,BASE,150.00,149.99,211,F,41824,32.1502
12190,P2,BASE,150.00,147.49,213,F,41883,32.1753
12200,P2,BASE,150.00,145.01,216,F,41941,32.2252
12210,P2,BASE,150.00,145.01,217,F,41999,32.2750
12220,P2,BASE,150.00,150.00,211,F,42059,32.2750
12230,P2,BASE,150.00,149.99,211,F,42119,32.2752
12240,P2,BASE,150.00,149.97,212,F,42179,32.2755
12250,P2,BASE,150.00,155.00,206,F,42241,32.2255
12260,P2,BASE,150.00,155.00,206,F,42303,32.1755
12270,P2,BASE,150.00,155.05,205,F,42365,32.1250
12280,P2,BASE,150.00,152.47,208,F,42426,32.1003
12290,P2,BASE,150.00,150.03,210,F,42486,32.1000
12300,P2,BASE,150.00,149.97,210,F,42546,32.1003
12310,P2,BASE,150.00,147.53,213,F,42605,32.1250
12320,P2,BASE,150.00,154.94,205,F,42667,32.0756
12330,P2,BASE,150.00,162.53,197,F,42732,31.9503
12340,P2,BASE,150.00,149.99,209,F,42792,31.9505
12350,P2,BASE,150.00,142.53,217,F,42849,32.0252
12360,P2,BASE,150.00,139.97,221,F,42905,32.1255
12370,P2,BASE,150.00,152.50,208,F,42966,32.1005
12380,P2,BASE,150.00,152.53,208,F,43027,32.0751
12390,P2,BASE,150.00,152.47,207,F,43088,32.0505
12400,P2,BASE,150.00,152.52,207,F,43149,32.0253
12410,P2,BASE,150.00,150.03,210,F,43209,32.0250
12420,P2,BASE,150.00,150.00,210,F,43269,32.0250
12430,P2,BASE,150.00,149.97,210,F,43329,32.0253
12440,P2,BASE,150.00,147.49,213,F,43388,32.0504
12450,P2,BASE,150.00,152.53,207,F,43449,32.0251
12460,P2,BASE,150.00,152.47,207,F,43510,32.0004
12470,P2,BASE,150.00,152.55,207,F,43571,31.9750
12480,P2,BASE,150.00,149.97,210,F,43631,31.9753
12490,P2,BASE,150.00,147.51,212,F,43690,32.0001
12500,P2,BASE,150.00,147.49,212,F,43749,32.0253
12510,P2,BASE,150.00,144.97,215,F,43807,32.0756
12520,P2,BASE,150.00,150.01,210,F,43867,32.0754
12530,P2,BASE,150.00,145.03,216,F,43925,32.1251
12540,P2,BASE,150.00,147.49,213,F,43984,32.1503
12550,P2,BASE,150.00,147.51,213,F,44043,32.1751
12560,P2,BASE,150.00,149.96,211,F,44103,32.1756
12570,P2,BASE,150.00,155.05,205,F,44165,32.1251
12580,P2,BASE,150.00,147.46,213,F,44224,32.1506
12590,P2,BASE,150.00,145.01,216,F,44282,32.2004
12600,P2,BASE,150.00,147.49,214,F,44341,32.2256
12610,P2,BASE,150.00,145.04,217,F,44399,32.2751
12620,P2,BASE,150.00,149.97,212,F,44459,32.2754
12630,P2,BASE,150.00,150.00,211,F,44519,32.2754
12640,P2,BASE,150.00,150.01,211,F,44579,32.2753
12650,P2,BASE,150.00,155.03,206,F,44641,32.2250
12660,P2,BASE,150.00,154.97,206,F,44703,32.1753
12670,P2,BASE,150.00,155.00,205,F,44765,32.1253
12680,P2,BASE,150.00,152.52,208,F,44826,32.1001
12690,P2,BASE,150.00,149.96,210,F,44886,32.1006
12700,P2,BASE,150.00,150.05,210,F,44946,32.1001
12710,P2,BASE,150.00,147.46,213,F,45005,32.1256
12720,P2,BASE,150.00,154.92,205,F,45067,32.0763
12730,P2,BASE,150.00,162.61,197,F,45132,31.9502
12740,P2,BASE,150.00,149.99,209,F,45192,31.9504
12750,P2,BASE,150.00,142.53,217,F,45249,32.0251
12760,P2,BASE,150.00,140.01,221,F,45305,32.1249
12770,P2,BASE,150.00,152.48,208,F,45366,32.1001
12780,P2,BASE,150.00,152.45,208,F,45427,32.0755
12790,P2,BASE,150.00,152.53,207,F,45488,32.0502
12800,P2,BASE,150.00,152.52,207,F,45549,32.0251
12810,P2,BASE,150.00,149.97,210,F,45609,32.0254
12820,P2,BASE,150.00,152.52,207,F,45670,32.0002
12830,P2,BASE,150.00,147.51,212,F,45729,32.0251
12840,P2,BASE,150.00,149.90,210,F,45789,32.0261
12850,P2,BASE,150.00,150.11,210,F,45849,32.0251
12860,P2,BASE,150.00,152.50,207,F,45910,32.0001
12870,P2,BASE,150.00,152.47,207,F,45971,31.9754
12880,P2,BASE,150.00,150.01,209,F,46031,31.9752
12890,P2,BASE,150.00,147.49,212,F,46090,32.0004
12900,P2,BASE,150.00,147.53,212,F,46149,32.0251
12910,P2,BASE,150.00,144.97,215,F,46207,32.0754
12920,P2,BASE,150.00,150.00,210,F,46267,32.0754
12930,P2,BASE,150.00,145.01,216,F,46325,32.1252
12940,P2,BASE,150.00,147.50,213,F,46384,32.1502
12950,P2,BASE,150.00,147.49,213,F,46443,32.1754
12960,P2,BASE,150.00,149.99,211,F,46503,32.1755
12970,P2,BASE,150.00,155.06,205,F,46565,32.1249
12980,P2,BASE,150.00,147.44,213,F,46624,32.1505
12990,P2,BASE,150.00,147.51,213,F,46683,32.1753
13000,P2,BASE,150.00,145.03,216,F,46741,32.2251
13010,P2,BASE,150.00,144.93,217,F,46799,32.2758
13020,P2,BASE,150.00,150.08,211,F,46859,32.2750
13030,P2,BASE,150.00,150.01,211,F,46919,32.2749
13040,P2,BASE,150.00,149.94,212,F,46979,32.2755
13050,P2,BASE,150.00,155.05,206,F,47041,32.2250
13060,P2,BASE,150.00,154.98,206,F,47103,32.1752
13070,P2,BASE,150.00,154.97,205,F,47165,32.1255
13080,P2,BASE,150.00,152.55,208,F,47226,32.1000
13090,P2,BASE,150.00,150.01,210,F,47286,32.0999
13100,P2,BASE,150.00,149.96,210,F,47346,32.1003
13110,P2,BASE,150.00,147.50,213,F,47405,32.1253
13120,P2,BASE,150.00,155.00,205,F,47467,32.0753
13130,P2,BASE,150.00,162.50,197,F,47532,31.9503
13140,P2,BASE,150.00,152.53,207,F,47593,31.9250
13150,P2,BASE,150.00,139.97,220,F,47649,32.0253
13160,P2,BASE,150.00,140.04,221,F,47705,32.1249
13170,P2,BASE,150.00,152.47,208,F,47766,32.1002
13180,P2,BASE,150.00,155.03,205,F,47828,32.0499
13190,P2,BASE,150.00,149.96,210,F,47888,32.0503
13200,P2,BASE,150.00,152.52,207,F,47949,32.0252
13210,P2,BASE,150.00,149.99,210,F,48009,32.0253
13220,P2,BASE,150.00,152.50,207,F,48070,32.0003
13230,P2,BASE,150.00,147.51,212,F,48129,32.0252
13240,P2,BASE,150.00,149.97,210,F,48189,32.0255
13250,P2,BASE,150.00,150.05,210,F,48249,32.0250
13260,P2,BASE,150.00,152.50,207,F,48310,32.0000
13270,P2,BASE,150.00,154.91,204,F,48372,31.9509
13280,P2,BASE,150.00,147.59,212,F,48431,31.9751
13290,P2,BASE,150.00,147.51,212,F,48490,31.9999
13300,P2,BASE,150.00,147.46,212,F,48549,32.0254
13310,P2,BASE,150.00,145.03,215,F,48607,32.0751
13320,P2,BASE,150.00,149.96,210,F,48667,32.0755
13330,P2,BASE,150.00,145.01,216,F,48725,32.1254
13340,P2,BASE,150.00,147.49,213,F,48784,32.1505
13350,P2,BASE,150.00,147.53,213,F,48843,32.1752
13360,P2,BASE,150.00,149.99,211,F,48903,32.1754
13370,P2,BASE,150.00,152.50,208,F,48964,32.1504
13380,P2,BASE,150.00,150.01,211,F,49024,32.1502
13390,P2,BASE,150.00,144.97,216,F,49082,32.2005
13400,P2,BASE,150.00,147.51,214,F,49141,32.2254
13410,P2,BASE,150.00,142.54,219,F,49198,32.2999
13420,P2,BASE,150.00,152.47,209,F,49259,32.2752
13430,P2,BASE,150.00,150.03,211,F,49319,32.2749
13440,P2,BASE,150.00,149.97,212,F,49379,32.2752
13450,P2,BASE,150.00,155.00,206,F,49441,32.2252
13460,P2,BASE,150.00,154.98,206,F,49503,32.1754
13470,P2,BASE,150.00,155.00,205,F,49565,32.1254
13480,P2,BASE,150.00,152.55,208,F,49626,32.0999
13490,P2,BASE,150.00,149.97,210,F,49686,32.1002
13500,P2,BASE,150.00,149.99,210,F,49746,32.1004
13510,P2,BASE,150.00,147.50,213,F,49805,32.1254
13520,P2,BASE,150.00,154.94,205,F,49867,32.0760
13530,P2,BASE,150.00,162.57,197,F,49932,31.9504
13540,P2,BASE,150.00,152.52,207,F,49993,31.9252
13550,P2,BASE,150.00,139.99,220,F,50049,32.0253
13560,P2,BASE,150.00,140.03,221,F,50105,32.1251
13570,P2,BASE,150.00,152.50,208,F,50166,32.1001
13580,P2,BASE,150.00,152.47,208,F,50227,32.0754
13590,P2,BASE,150.00,149.99,210,F,50287,32.0755
13600,P2,BASE,150.00,155.00,205,F,50349,32.0255
13610,P2,BASE,150.00,150.01,210,F,50409,32.0254
13620,P2,BASE,150.00,152.55,207,F,50470,31.9999
13630,P2,BASE,150.00,147.47,212,F,50529,32.0252
13640,P2,BASE,150.00,147.53,213,F,50588,32.0499
13650,P2,BASE,150.00,152.47,207,F,50649,32.0252
13660,P2,BASE,150.00,152.52,207,F,50710,32.0001
13670,P2,BASE,150.00,152.45,207,F,50771,31.9755
13680,P2,BASE,150.00,150.00,210,F,50831,31.9755
13690,P2,BASE,150.00,147.54,212,F,50890,32.0001
13700,P2,BASE,150.00,144.97,215,F,50948,32.0504
13710,P2,BASE,150.00,147.51,213,F,51007,32.0752
13720,P2,BASE,150.00,147.51,213,F,51066,32.1001
13730,P2,BASE,150.00,147.51,213,F,51125,32.1249
13740,P2,BASE,150.00,147.50,213,F,51184,32.1499
13750,P2,BASE,150.00,147.47,213,F,51243,32.1752
13760,P2,BASE,150.00,150.01,211,F,51303,32.1751
13770,P2,BASE,150.00,152.50,208,F,51364,32.1501
13780,P2,BASE,150.00,149.93,211,F,51424,32.1508
13790,P2,BASE,150.00,145.04,216,F,51482,32.2004
13800,P2,BASE,150.00,145.00,216,F,51540,32.2504
13810,P2,BASE,150.00,145.01,217,F,51598,32.3002
13820,P2,BASE,150.00,152.53,209,F,51659,32.2749
13830,P2,BASE,150.00,150.00,211,F,51719,32.2749
13840,P2,BASE,150.00,149.94,212,F,51779,32.2755
13850,P2,BASE,150.00,155.02,206,F,51841,32.2254
13860,P2,BASE,150.00,155.03,206,F,51903,32.1751
13870,P2,BASE,150.00,155.02,205,F,51965,32.1249
13880,P2,BASE,150.00,152.48,208,F,52026,32.1001
13890,P2,BASE,150.00,149.96,210,F,52086,32.1005
13900,P2,BASE,150.00,150.06,210,F,52146,32.0999
13910,P2,BASE,150.00,149.99,210,F,52206,32.1001
13920,P2,BASE,150.00,152.52,208,F,52267,32.0749
13930,P2,BASE,150.00,162.48,197,F,52332,31.9501
13940,P2,BASE,150.00,152.45,207,F,52393,31.9255
13950,P2,BASE,150.00,140.06,220,F,52449,32.0250
13960,P2,BASE,150.00,139.99,221,F,52505,32.1251
13970,P2,BASE,150.00,152.45,208,F,52566,32.1006
13980,P2,BASE,150.00,152.56,208,F,52627,32.0749
13990,P2,BASE,150.00,152.48,207,F,52688,32.0501
14000,P2,BASE,150.00,152.52,207,F,52749,32.0249
14010,P2,BASE,150.00,150.00,210,F,52809,32.0249
14020,P2,BASE,150.00,152.50,207,F,52870,31.9999
14030,P2,BASE,150.00,147.47,212,F,52929,32.0252
14040,P2,BASE,150.00,149.99,210,F,52989,32.0254
14050,P2,BASE,150.00,150.00,210,F,53049,32.0254
14060,P2,BASE,150.00,152.55,207,F,53110,31.9999
14070,P2,BASE,150.00,152.48,207,F,53171,31.9751
14080,P2,BASE,150.00,149.97,210,F,53231,31.9754
14090,P2,BASE,150.00,147.50,212,F,53290,32.0004
14100,P2,BASE,150.00,145.03,215,F,53348,32.0501
14110,P2,BASE,150.00,147.49,213,F,53407,32.0752
14120,P2,BASE,150.00,147.50,213,F,53466,32.1002
14130,P2,BASE,150.00,147.53,213,F,53525,32.1249
14140,P2,BASE,150.00,147.46,213,F,53584,32.1504
14150,P2,BASE,150.00,147.53,213,F,53643,32.1751
14160,P2,BASE,150.00,149.99,211,F,53703,32.1752
14170,P2,BASE,150.00,152.53,208,F,53764,32.1499
14180,P2,BASE,150.00,149.97,211,F,53824,32.1502
14190,P2,BASE,150.00,144.97,216,F,53882,32.2005
14200,P2,BASE,150.00,147.54,214,F,53941,32.2251
14210,P2,BASE,150.00,145.00,217,F,53999,32.2751
14220,P2,BASE,150.00,150.00,211,F,54059,32.2751
14230,P2,BASE,150.00,149.99,211,F,54119,32.2752
14240,P2,BASE,150.00,150.00,211,F,54179,32.2752
14250,P2,BASE,150.00,154.97,206,F,54241,32.2255
14260,P2,BASE,150.00,155.02,206,F,54303,32.1754
14270,P2,BASE,150.00,155.03,205,F,54365,32.1251
14280,P2,BASE,150.00,152.52,208,F,54426,32.0999
14290,P2,BASE,150.00,149.97,210,F,54486,32.1002
14300,P2,BASE,150.00,150.01,210,F,54546,32.1001
14310,P2,BASE,150.00,149.97,210,F,54606,32.1004
14320,P2,BASE,150.00,152.55,208,F,54667,32.0749
14330,P2,BASE,150.00,162.50,197,F,54732,31.9499
14340,P2,BASE,150.00,152.48,207,F,54793,31.9251
14350,P2,BASE,150.00,139.96,220,F,54849,32.0255
14360,P2,BASE,150.00,140.03,221,F,54905,32.1252
14370,P2,BASE,150.00,152.48,208,F,54966,32.1004
14380,P2,BASE,150.00,155.00,205,F,55028,32.0504
14390,P2,BASE,150.00,152.50,207,F,55089,32.0254
14400,P2,BASE,150.00,152.53,207,F,55150,32.0001
14410,P2,BASE,150.00,149.96,210,F,55210,32.0005
14420,P2,BASE,150.00,150.03,210,F,55270,32.0002
14430,P2,BASE,150.00,150.00,210,F,55330,32.0002
14440,P2,BASE,150.00,147.51,212,F,55389,32.0251
14450,P2,BASE,150.00,152.50,207,F,55450,32.0001
14460,P2,BASE,150.00,149.99,210,F,55510,32.0002
14470,P2,BASE,150.00,155.00,204,F,55572,31.9502
14480,P2,BASE,150.00,147.53,212,F,55631,31.9749
14490,P2,BASE,150.00,149.93,210,F,55691,31.9757
14500,P2,BASE,150.00,145.04,215,F,55749,32.0252
14510,P2,BASE,150.00,145.03,215,F,55807,32.0749
14520,P2,BASE,150.00,149.94,210,F,55867,32.0755
14530,P2,BASE,150.00,145.01,216,F,55925,32.1254
14540,P2,BASE,150.00,150.00,210,F,55985,32.1254
14550,P2,BASE,150.00,147.51,213,F,56044,32.1502
14560,P2,BASE,150.00,147.50,213,F,56103,32.1752
14570,P2,BASE,150.00,155.00,205,F,56165,32.1252
14580,P2,BASE,150.00,150.01,210,F,56225,32.1251
14590,P2,BASE,150.00,144.99,216,F,56283,32.1752
14600,P2,BASE,150.00,145.01,216,F,56341,32.2251
14610,P2,BASE,150.00,144.96,217,F,56399,32.2755
14620,P2,BASE,150.00,150.06,211,F,56459,32.2749
14630,P2,BASE,150.00,152.39,209,F,56520,32.2510
14640,P2,BASE,150.00,150.06,211,F,56580,32.2504
14650,P2,BASE,150.00,155.05,206,F,56642,32.1999
14660,P2,BASE,150.00,152.50,208,F,56703,32.1749
14670,P2,BASE,150.00,157.44,203,F,56766,32.1006
14680,P2,BASE,150.00,152.55,208,F,56827,32.0751
14690,P2,BASE,150.00,149.99,210,F,56887,32.0752
14700,P2,BASE,150.00,150.03,210,F,56947,32.0749
14710,P2,BASE,150.00,147.46,213,F,57006,32.1004
14720,P2,BASE,150.00,155.05,205,F,57068,32.0499
14730,P2,BASE,150.00,160.00,199,F,57132,31.9499
14740,P2,BASE,150.00,152.48,207,F,57193,31.9251
14750,P2,BASE,150.00,142.50,217,F,57250,32.0001
14760,P2,BASE,150.00,139.97,221,F,57306,32.1004
14770,P2,BASE,150.00,152.53,208,F,57367,32.0751
14780,P2,BASE,150.00,152.50,207,F,57428,32.0500
14790,P2,BASE,150.00,152.47,207,F,57489,32.0254
14800,P2,BASE,150.00,152.55,207,F,57550,31.9999
14810,P2,BASE,150.00,149.97,210,F,57610,32.0002
14820,P2,BASE,150.00,152.47,207,F,57671,31.9755
14830,P2,BASE,150.00,147.54,212,F,57730,32.0001
14840,P2,BASE,150.00,147.51,212,F,57789,32.0249
14850,P2,BASE,150.00,152.48,207,F,57850,32.0001
14860,P2,BASE,150.00,152.45,207,F,57911,31.9755
14870,P2,BASE,150.00,152.55,207,F,57972,31.9501
14880,P2,BASE,150.00,147.49,212,F,58031,31.9752
14890,P2,BASE,150.00,150.01,209,F,58091,31.9751
14900,P2,BASE,150.00,145.01,215,F,58149,32.0249
14910,P2,BASE,150.00,145.00,215,F,58207,32.0749
14920,P2,BASE,150.00,149.96,210,F,58267,32.0754
14930,P2,BASE,150.00,145.03,216,F,58325,32.1251
14940,P2,BASE,150.00,147.50,213,F,58384,32.1501
14950,P2,BASE,150.00,147.50,213,F,58443,32.1751
14960,P2,BASE,150.00,149.97,211,F,58503,32.1754
14970,P2,BASE,150.00,155.02,205,F,58565,32.1252
14980,P2,BASE,150.00,147.50,213,F,58624,32.1502
14990,P2,BASE,150.00,147.51,213,F,58683,32.1751
15000,P2,BASE,150.00,144.97,216,F,58741,32.2254
15010,P2,BASE,149.85,145.04,216,F,58799,32.2734
15020,P2,BASE,149.70,150.00,211,F,58859,32.2704
15030,P2,BASE,149.55,149.97,211,F,58919,32.2662
15040,P2,BASE,149.40,149.99,211,F,58979,32.2604
15050,P2,BASE,149.25,155.03,205,F,59041,32.2026
15060,P2,BASE,149.10,152.52,207,F,59102,32.1684
15070,P2,BASE,148.95,154.95,204,F,59164,32.1084
15080,P2,BASE,148.80,152.55,206,F,59225,32.0709
15090,P2,BASE,148.65,149.97,209,F,59285,32.0577
15100,P2,BASE,148.50,150.00,208,F,59345,32.0427
15110,P2,BASE,148.35,147.53,211,F,59404,32.0509
15120,P2,BASE,148.20,149.99,208,F,59464,32.0331
15130,P2,BASE,148.05,157.50,200,F,59527,31.9386
15140,P2,BASE,147.90,157.47,199,F,59590,31.8429
15150,P2,BASE,147.75,140.00,217,F,59646,31.9204
15160,P2,BASE,147.60,135.03,223,F,59700,32.0461
15170,P2,BASE,147.45,152.47,205,F,59761,31.9959
15180,P2,BASE,147.30,152.53,204,F,59822,31.9436
15190,P2,BASE,147.15,150.00,206,F,59882,31.9151
15200,P2,BASE,147.00,149.99,206,F,59942,31.8853
15210,P2,BASE,146.85,150.01,205,F,60002,31.8536
15220,P2,BASE,146.70,147.46,208,F,60061,31.8461
15230,P2,BASE,146.55,145.01,210,F,60119,31.8614
15240,P2,BASE,146.40,147.53,208,F,60178,31.8501
15250,P2,BASE,146.25,147.50,207,F,60237,31.8376
15260,P2,BASE,146.10,147.49,207,F,60296,31.8238
15270,P2,BASE,145.95,152.50,201,F,60357,31.7583
15280,P2,BASE,145.80,145.01,209,F,60415,31.7661
15290,P2,BASE,145.65,147.50,206,F,60474,31.7476
15300,P2,BASE,145.50,142.39,211,F,60531,31.7788
15310,P2,BASE,145.35,140.10,214,F,60587,31.8313
15320,P2,BASE,145.20,145.03,209,F,60645,31.8330
15330,P2,BASE,145.05,142.47,211,F,60702,31.8588
15340,P2,BASE,144.90,145.00,209,F,60760,31.8578
15350,P2,BASE,144.75,142.47,211,F,60817,31.8806
15360,P2,BASE,144.60,145.04,208,F,60875,31.8761
15370,P2,BASE,144.45,147.49,206,F,60934,31.8458
15380,P2,BASE,144.30,147.51,205,F,60993,31.8136
15390,P2,BASE,144.15,144.97,208,F,61051,31.8054
15400,P2,BASE,144.00,139.96,213,F,61107,31.8458
15410,P2,BASE,143.85,140.06,213,F,61163,31.8838
15420,P2,BASE,143.70,142.51,210,F,61220,31.8956
15430,P2,BASE,143.55,144.97,207,F,61278,31.8814
15440,P2,BASE,143.40,144.99,207,F,61336,31.8656
15450,P2,BASE,143.25,145.04,207,F,61394,31.8476
15460,P2,BASE,143.10,150.01,201,F,61454,31.7785
15470,P2,BASE,142.95,147.49,203,F,61513,31.7331
15480,P2,BASE,142.80,149.97,200,F,61573,31.6614
15490,P2,BASE,142.65,145.03,205,F,61631,31.6376
15500,P2,BASE,142.50,142.49,207,F,61688,31.6378
15510,P2,BASE,142.35,145.01,204,F,61746,31.6111
15520,P2,BASE,142.20,139.97,210,F,61802,31.6334
15530,P2,BASE,142.05,147.50,201,F,61861,31.5789
15540,P2,BASE,141.90,147.53,201,F,61920,31.5226
15550,P2,BASE,141.75,152.50,195,F,61981,31.4151
15560,P2,BASE,141.60,137.49,210,F,62036,31.4563
15570,P2,BASE,141.45,130.01,218,F,62088,31.5706
15580,P2,BASE,141.30,144.97,203,F,62146,31.5339
15590,P2,BASE,141.15,142.50,205,F,62203,31.5204
15600,P2,BASE,141.00,145.03,202,F,62261,31.4801
15610,P2,BASE,140.85,142.50,204,F,62318,31.4636
15620,P2,BASE,140.70,144.96,202,F,62376,31.4211
15630,P2,BASE,140.55,142.54,204,F,62433,31.4011
15640,P2,BASE,140.40,142.50,203,F,62490,31.3801
15650,P2,BASE,140.25,140.00,206,F,62546,31.3826
15660,P2,BASE,140.10,140.00,206,F,62602,31.3836
15670,P2,BASE,139.95,139.99,206,F,62658,31.3833
15680,P2,BASE,139.80,142.51,203,F,62715,31.3561
15690,P2,BASE,139.65,144.97,200,F,62773,31.3029
15700,P2,BASE,139.50,139.99,205,F,62829,31.2981
15710,P2,BASE,139.35,137.51,207,F,62884,31.3164
15720,P2,BASE,139.20,137.51,207,F,62939,31.3333
15730,P2,BASE,139.05,135.01,210,F,62993,31.3737
15740,P2,BASE,138.90,140.01,204,F,63049,31.3625
15750,P2,BASE,138.75,134.96,210,F,63103,31.4004
15760,P2,BASE,138.60,140.04,204,F,63159,31.3860
15770,P2,BASE,138.45,137.47,207,F,63214,31.3958
15780,P2,BASE,138.30,137.51,207,F,63269,31.4036
15790,P2,BASE,138.15,140.00,204,F,63325,31.3851
15800,P2,BASE,138.00,142.49,201,F,63382,31.3403
15810,P2,BASE,137.85,137.53,206,F,63437,31.3435
15820,P2,BASE,137.70,134.97,208,F,63491,31.3708
15830,P2,BASE,137.55,135.01,208,F,63545,31.3961
15840,P2,BASE,137.40,134.96,208,F,63599,31.4205
15850,P2,BASE,137.25,137.53,206,F,63654,31.4178
15860,P2,BASE,137.10,137.53,205,F,63709,31.4135
15870,P2,BASE,136.95,139.96,203,F,63765,31.3834
15880,P2,BASE,136.80,140.04,202,F,63821,31.3510
15890,P2,BASE,136.65,142.46,199,F,63878,31.2929
15900,P2,BASE,136.50,145.03,196,F,63936,31.2076
15910,P2,BASE,136.35,140.01,200,F,63992,31.1710
15920,P2,BASE,136.20,139.93,200,F,64048,31.1337
15930,P2,BASE,136.05,135.03,205,F,64102,31.1439
15940,P2,BASE,135.90,135.01,205,F,64156,31.1528
15950,P2,BASE,135.75,134.99,205,F,64210,31.1604
15960,P2,BASE,135.60,140.03,199,F,64266,31.1161
15970,P2,BASE,135.45,145.00,194,F,64324,31.0206
15980,P2,BASE,135.30,142.51,195,F,64381,30.9485
15990,P2,BASE,135.15,132.50,206,F,64434,30.9750
16000,P2,BASE,135.00,125.00,214,F,64484,31.0750
16010,P2,BASE,134.85,135.00,203,F,64538,31.0735
16020,P2,BASE,134.70,137.47,201,F,64593,31.0458
16030,P2,BASE,134.55,140.00,197,F,64649,30.9913
16040,P2,BASE,134.40,137.51,200,F,64704,30.9601
16050,P2,BASE,134.25,135.01,202,F,64758,30.9525
16060,P2,BASE,134.10,137.47,199,F,64813,30.9188
16070,P2,BASE,133.95,134.97,201,F,64867,30.9086
16080,P2,BASE,133.80,132.55,204,F,64920,30.9210
16090,P2,BASE,133.65,134.99,201,F,64974,30.9077
16100,P2,BASE,133.50,132.51,204,F,65027,30.9175
16110,P2,BASE,133.35,137.49,198,F,65082,30.8762
16120,P2,BASE,133.20,137.49,198,F,65137,30.8333
16130,P2,BASE,133.05,135.03,200,F,65191,30.8135
16140,P2,BASE,132.90,132.47,202,F,65244,30.8178
16150,P2,BASE,132.75,130.03,205,F,65296,30.8450
16160,P2,BASE,132.60,132.46,202,F,65349,30.8464
16170,P2,BASE,132.45,129.99,205,F,65401,30.8711
16180,P2,BASE,132.30,130.01,205,F,65453,30.8939
16190,P2,BASE,132.15,130.01,205,F,65505,30.9153
16200,P2,BASE,132.00,132.53,202,F,65558,30.9100
16210,P2,BASE,131.85,132.46,202,F,65611,30.9039
16220,P2,BASE,131.70,132.53,202,F,65664,30.8957
16230,P2,BASE,131.55,132.50,201,F,65717,30.8862
16240,P2,BASE,131.40,135.00,198,F,65771,30.8502
16250,P2,BASE,131.25,130.01,203,F,65823,30.8625
16260,P2,BASE,131.10,130.00,203,F,65875,30.8735
16270,P2,BASE,130.95,130.00,203,F,65927,30.8830
16280,P2,BASE,130.80,127.46,206,F,65978,30.9164
16290,P2,BASE,130.65,130.03,203,F,66030,30.9227
16300,P2,BASE,130.50,130.01,203,F,66082,30.9275
16310,P2,BASE,130.35,134.99,198,F,66136,30.8812
16320,P2,BASE,130.20,132.51,200,F,66189,30.8580
16330,P2,BASE,130.05,134.99,197,F,66243,30.8087
16340,P2,BASE,129.90,135.00,196,F,66297,30.7577
16350,P2,BASE,129.75,135.01,196,F,66351,30.7050
16360,P2,BASE,129.60,132.50,198,F,66404,30.6760
16370,P2,BASE,129.45,132.45,198,F,66457,30.6461
16380,P2,BASE,129.30,130.01,200,F,66509,30.6389
16390,P2,BASE,129.15,130.00,200,F,66561,30.6304
16400,P2,BASE,129.00,130.03,200,F,66613,30.6202
16410,P2,BASE,128.85,129.99,199,F,66665,30.6088
16420,P2,BASE,128.70,137.50,191,F,66720,30.5208
16430,P2,BASE,128.55,137.51,190,F,66775,30.4312
16440,P2,BASE,128.40,127.49,200,F,66826,30.4403
16450,P2,BASE,128.25,120.00,208,F,66874,30.5228
16460,P2,BASE,128.10,127.49,201,F,66925,30.5289
16470,P2,BASE,127.95,129.99,198,F,66977,30.5086
16480,P2,BASE,127.80,130.03,197,F,67029,30.4863
16490,P2,BASE,127.65,132.53,194,F,67082,30.4375
16500,P2,BASE,127.50,130.00,197,F,67134,30.4125
16510,P2,BASE,127.35,129.94,196,F,67186,30.3867
16520,P2,BASE,127.20,127.53,199,F,67237,30.3834
16530,P2,BASE,127.05,127.49,199,F,67288,30.3790
16540,P2,BASE,126.90,127.53,198,F,67339,30.3728
16550,P2,BASE,126.75,125.00,201,F,67389,30.3903
16560,P2,BASE,126.60,129.99,195,F,67441,30.3564
16570,P2,BASE,126.45,127.54,198,F,67492,30.3455
16580,P2,BASE,126.30,129.97,195,F,67544,30.3088
16590,P2,BASE,126.15,129.99,194,F,67596,30.2704
16600,P2,BASE,126.00,125.00,199,F,67646,30.2804
16610,P2,BASE,125.85,122.54,202,F,67695,30.3136
16620,P2,BASE,125.70,124.96,199,F,67745,30.3209
16630,P2,BASE,125.55,122.54,202,F,67794,30.3511
16640,P2,BASE,125.40,124.96,199,F,67844,30.3554
16650,P2,BASE,125.25,125.00,199,F,67894,30.3579
16660,P2,BASE,125.10,125.00,199,F,67944,30.3589
16670,P2,BASE,124.95,122.51,202,F,67993,30.3833
16680,P2,BASE,124.80,122.52,202,F,68042,30.4061
16690,P2,BASE,124.65,127.49,196,F,68093,30.3777
16700,P2,BASE,124.50,127.49,196,F,68144,30.3478
16710,P2,BASE,124.35,125.00,198,F,68194,30.3413
16720,P2,BASE,124.20,127.51,195,F,68245,30.3082
16730,P2,BASE,124.05,120.00,203,F,68293,30.3487
16740,P2,BASE,123.90,122.51,200,F,68342,30.3626
16750,P2,BASE,123.75,119.96,203,F,68390,30.4004
16760,P2,BASE,123.60,122.51,200,F,68439,30.4113
16770,P2,BASE,123.45,124.99,198,F,68489,30.3959
16780,P2,BASE,123.30,127.49,195,F,68540,30.3541
16790,P2,BASE,123.15,125.03,197,F,68590,30.3353
16800,P2,BASE,123.00,127.50,194,F,68641,30.2903
16810,P2,BASE,122.85,127.50,193,F,68692,30.2438
16820,P2,BASE,122.70,130.03,190,F,68744,30.1706
16830,P2,BASE,122.55,124.96,195,F,68794,30.1464
16840,P2,BASE,122.40,125.04,195,F,68844,30.1201
16850,P2,BASE,122.25,122.46,197,F,68893,30.1179
16860,P2,BASE,122.10,122.54,197,F,68942,30.1136
16870,P2,BASE,121.95,119.98,199,F,68990,30.1333
16880,P2,BASE,121.80,122.52,197,F,69039,30.1261
16890,P2,BASE,121.65,129.95,188,F,69091,30.0431
16900,P2,BASE,121.50,137.56,179,F,69146,29.8825
16910,P2,BASE,121.35,119.99,197,F,69194,29.8962
16920,P2,BASE,121.20,114.99,203,F,69240,29.9583
16930,P2,BASE,121.05,112.51,206,F,69285,30.0437
16940,P2,BASE,120.90,124.99,192,F,69335,30.0028
16950,P2,BASE,120.75,127.53,189,F,69386,29.9350
16960,P2,BASE,120.60,124.95,191,F,69436,29.8915
16970,P2,BASE,120.45,122.52,194,F,69485,29.8708
16980,P2,BASE,120.30,125.03,191,F,69535,29.8235
16990,P2,BASE,120.15,122.46,193,F,69584,29.8004
17000,P2,BASE,120.00,122.49,193,F,69633,29.7755
17010,P2,BASE,119.85,120.02,195,F,69681,29.7738
17020,P2,BASE,119.70,120.00,195,F,69729,29.7708
17030,P2,BASE,119.55,117.52,197,F,69776,29.7910
17040,P2,BASE,119.40,122.50,192,F,69825,29.7600
17050,P2,BASE,119.25,122.46,191,F,69874,29.7279
17060,P2,BASE,119.10,120.01,194,F,69922,29.7188
17070,P2,BASE,118.95,120.01,194,F,69970,29.7082
17080,P2,BASE,118.80,119.98,193,F,70018,29.6964
17090,P2,BASE,118.65,120.00,193,F,70066,29.6829
17100,P2,BASE,118.50,115.03,198,F,70112,29.7176
17110,P2,BASE,118.35,114.97,198,F,70158,29.7514
17120,P2,BASE,118.20,117.52,196,F,70205,29.7582
17130,P2,BASE,118.05,117.46,196,F,70252,29.7640
17140,P2,BASE,117.90,115.03,198,F,70298,29.7927
17150,P2,BASE,117.75,120.01,193,F,70346,29.7701
17160,P2,BASE,117.60,114.95,198,F,70392,29.7965
17170,P2,BASE,117.45,117.50,195,F,70439,29.7960
17180,P2,BASE,117.30,117.55,195,F,70486,29.7936
17190,P2,BASE,117.15,119.99,192,F,70534,29.7652
17200,P2,BASE,117.00,119.98,192,F,70582,29.7354
17210,P2,BASE,116.85,117.49,194,F,70629,29.7290
17220,P2,BASE,116.70,115.02,197,F,70675,29.7458
17230,P2,BASE,116.55,115.00,197,F,70721,29.7613
17240,P2,BASE,116.40,112.50,199,F,70766,29.8003
17250,P2,BASE,116.25,117.50,194,F,70813,29.7878
17260,P2,BASE,116.10,115.00,196,F,70859,29.7988
17270,P2,BASE,115.95,117.49,194,F,70906,29.7834
17280,P2,BASE,115.80,117.51,193,F,70953,29.7663
17290,P2,BASE,115.65,120.00,190,F,71001,29.7228
17300,P2,BASE,115.50,120.02,190,F,71049,29.6776
17310,P2,BASE,115.35,117.49,192,F,71096,29.6562
17320,P2,BASE,115.20,122.51,186,F,71145,29.5831
17330,P2,BASE,115.05,117.50,191,F,71192,29.5586
17340,P2,BASE,114.90,117.49,191,F,71239,29.5327
17350,P2,BASE,114.75,114.98,193,F,71285,29.5304
17360,P2,BASE,114.60,112.51,196,F,71330,29.5513
17370,P2,BASE,114.45,114.99,193,F,71376,29.5459
17380,P2,BASE,114.30,117.51,190,F,71423,29.5138
17390,P2,BASE,114.15,117.52,190,F,71470,29.4801
17400,P2,BASE,114.00,122.46,184,F,71519,29.3954
17410,P2,BASE,113.85,122.52,183,F,71568,29.3087
17420,P2,BASE,113.70,112.48,193,F,71613,29.3209
17430,P2,BASE,113.55,110.03,196,F,71657,29.3561
17440,P2,BASE,113.40,104.96,201,F,71699,29.4405
17450,P2,BASE,113.25,117.52,188,F,71746,29.3978
17460,P2,BASE,113.10,115.01,191,F,71792,29.3786
17470,P2,BASE,112.95,120.01,185,F,71840,29.3080
17480,P2,BASE,112.80,114.99,190,F,71886,29.2861
17490,P2,BASE,112.65,114.99,189,F,71932,29.2627
17500,P2,BASE,112.50,114.99,189,F,71978,29.2379
17510,P2,BASE,112.35,115.01,189,F,72024,29.2112
17520,P2,BASE,112.20,115.01,188,F,72070,29.1831
17530,P2,BASE,112.05,110.01,193,F,72114,29.2035
17540,P2,BASE,111.90,112.47,191,F,72159,29.1979
17550,P2,BASE,111.75,112.51,190,F,72204,29.1902
17560,P2,BASE,111.60,112.50,190,F,72249,29.1812
17570,P2,BASE,111.45,112.50,190,F,72294,29.1707
17580,P2,BASE,111.30,115.00,187,F,72340,29.1337
17590,P2,BASE,111.15,112.52,189,F,72385,29.1200
17600,P2,BASE,111.00,109.97,192,F,72429,29.1304
17610,P2,BASE,110.85,110.01,192,F,72473,29.1387
17620,P2,BASE,110.70,107.49,194,F,72516,29.1709
17630,P2,BASE,110.55,110.00,192,F,72560,29.1764
17640,P2,BASE,110.40,110.02,192,F,72604,29.1801
17650,P2,BASE,110.25,109.99,191,F,72648,29.1827
17660,P2,BASE,110.10,107.52,194,F,72691,29.2085
17670,P2,BASE,109.95,109.96,191,F,72735,29.2085
17680,P2,BASE,109.80,110.02,191,F,72779,29.2062
17690,P2,BASE,109.65,107.50,194,F,72822,29.2277
17700,P2,BASE,109.50,112.50,188,F,72867,29.1977
17710,P2,BASE,109.35,110.00,191,F,72911,29.1912
17720,P2,BASE,109.20,112.49,188,F,72956,29.1584
17730,P2,BASE,109.05,110.00,190,F,73000,29.1489
17740,P2,BASE,108.90,109.99,190,F,73044,29.1380
17750,P2,BASE,108.75,105.02,195,F,73086,29.1753
17760,P2,BASE,108.60,107.50,192,F,73129,29.1863
17770,P2,BASE,108.45,104.98,195,F,73171,29.2210
17780,P2,BASE,108.30,110.01,190,F,73215,29.2039
17790,P2,BASE,108.15,110.02,189,F,73259,29.1851
17800,P2,BASE,108.00,107.51,192,F,73302,29.1900
17810,P2,BASE,107.85,109.99,189,F,73346,29.1686
17820,P2,BASE,107.70,109.98,189,F,73390,29.1459
17830,P2,BASE,107.55,112.53,186,F,73435,29.0960
17840,P2,BASE,107.40,109.98,188,F,73479,29.0702
17850,P2,BASE,107.25,112.49,185,F,73524,29.0179
17860,P2,BASE,107.10,112.50,184,F,73569,28.9639
17870,P2,BASE,106.95,107.51,189,F,73612,28.9582
17880,P2,BASE,106.80,109.99,186,F,73656,28.9264
17890,P2,BASE,106.65,105.00,191,F,73698,28.9429
17900,P2,BASE,106.50,107.51,188,F,73741,28.9327
17910,P2,BASE,106.35,105.00,191,F,73783,28.9462
17920,P2,BASE,106.20,107.52,188,F,73826,28.9330
17930,P2,BASE,106.05,109.97,185,F,73870,28.8939
17940,P2,BASE,105.90,117.51,177,F,73917,28.7777
17950,P2,BASE,105.75,112.51,181,F,73962,28.7101
17960,P2,BASE,105.60,105.01,189,F,74004,28.7160
17970,P2,BASE,105.45,102.47,191,F,74045,28.7458
17980,P2,BASE,105.30,95.02,199,F,74083,28.8486
17990,P2,BASE,105.15,109.98,184,F,74127,28.8004
18000,P2,BASE,105.00,110.00,183,F,74171,28.7504
18010,P2,BASE,104.85,107.51,185,F,74214,28.7238
18020,P2,BASE,104.70,110.01,182,F,74258,28.6706
18030,P2,BASE,104.55,107.51,185,F,74301,28.6410
18040,P2,BASE,104.40,107.48,184,F,74344,28.6103
18050,P2,BASE,104.25,107.51,184,F,74387,28.5776
18060,P2,BASE,104.10,104.99,186,F,74429,28.5688
18070,P2,BASE,103.95,104.99,186,F,74471,28.5584
18080,P2,BASE,103.80,102.52,188,F,74512,28.5712
18090,P2,BASE,103.65,105.00,186,F,74554,28.5577
18100,P2,BASE,103.50,102.48,188,F,74595,28.5679
18110,P2,BASE,103.35,105.03,185,F,74637,28.5510
18120,P2,BASE,103.20,104.96,185,F,74679,28.5335
18130,P2,BASE,103.05,105.04,185,F,74721,28.5135
18140,P2,BASE,102.90,104.98,185,F,74763,28.4928
18150,P2,BASE,102.75,102.52,187,F,74804,28.4950
18160,P2,BASE,102.60,102.47,187,F,74845,28.4964
18170,P2,BASE,102.45,102.50,187,F,74886,28.4959
18180,P2,BASE,102.30,97.53,192,F,74925,28.5436
18190,P2,BASE,102.15,102.47,187,F,74966,28.5404
18200,P2,BASE,102.00,100.03,189,F,75006,28.5601
18210,P2,BASE,101.85,102.49,186,F,75047,28.5537
18220,P2,BASE,101.70,100.00,189,F,75087,28.5707
18230,P2,BASE,101.55,102.48,186,F,75128,28.5614
18240,P2,BASE,101.40,100.03,189,F,75168,28.5751
18250,P2,BASE,101.25,102.48,186,F,75209,28.5628
18260,P2,BASE,101.10,100.02,188,F,75249,28.5736
18270,P2,BASE,100.95,102.50,185,F,75290,28.5581
18280,P2,BASE,100.80,104.98,183,F,75332,28.5163
18290,P2,BASE,100.65,102.52,185,F,75373,28.4976
18300,P2,BASE,100.50,99.97,187,F,75413,28.5029
18310,P2,BASE,100.35,102.51,184,F,75454,28.4813
18320,P2,BASE,100.20,97.51,189,F,75493,28.5082
18330,P2,BASE,100.05,97.50,189,F,75532,28.5337
18340,P2,BASE,99.90,97.50,190,F,75571,28.5577
18350,P2,BASE,99.75,100.01,187,F,75611,28.5551
18360,P2,BASE,99.60,102.47,184,F,75652,28.5264
18370,P2,BASE,99.45,100.02,186,F,75692,28.5207
18380,P2,BASE,99.30,102.51,183,F,75733,28.4886
18390,P2,BASE,99.15,100.00,186,F,75773,28.4801
18400,P2,BASE,99.00,99.97,185,F,75813,28.4704
18410,P2,BASE,98.85,105.03,180,F,75855,28.4086
18420,P2,BASE,98.70,99.98,185,F,75895,28.3958
18430,P2,BASE,98.55,105.02,179,F,75937,28.3311
18440,P2,BASE,98.40,102.47,181,F,75978,28.2904
18450,P2,BASE,98.25,100.01,183,F,76018,28.2728
18460,P2,BASE,98.10,100.00,183,F,76058,28.2538
18470,P2,BASE,97.95,97.50,186,F,76097,28.2583
18480,P2,BASE,97.80,97.51,185,F,76136,28.2612
18490,P2,BASE,97.65,97.49,185,F,76175,28.2628
18500,P2,BASE,97.50,99.98,182,F,76215,28.2380
18510,P2,BASE,97.35,97.52,185,F,76254,28.2363
18520,P2,BASE,97.20,102.50,179,F,76295,28.1833
18530,P2,BASE,97.05,112.52,168,F,76340,28.0286
18540,P2,BASE,96.90,100.00,180,F,76380,27.9976
18550,P2,BASE,96.75,94.96,185,F,76418,28.0154
18560,P2,BASE,96.60,95.00,185,F,76456,28.0314
18570,P2,BASE,96.45,87.54,193,F,76491,28.1206
18580,P2,BASE,96.30,102.47,178,F,76532,28.0589
18590,P2,BASE,96.15,100.00,180,F,76572,28.0204
18600,P2,BASE,96.00,100.03,179,F,76612,27.9801
18610,P2,BASE,95.85,102.50,176,F,76653,27.9136
18620,P2,BASE,95.70,100.00,178,F,76693,27.8706
18630,P2,BASE,95.55,97.49,180,F,76732,27.8512
18640,P2,BASE,95.40,100.01,177,F,76772,27.8051
18650,P2,BASE,95.25,97.47,180,F,76811,27.7829
18660,P2,BASE,95.10,97.50,179,F,76850,27.7589
18670,P2,BASE,94.95,97.49,179,F,76889,27.7335
18680,P2,BASE,94.80,95.02,181,F,76927,27.7313
18690,P2,BASE,94.65,94.99,181,F,76965,27.7279
18700,P2,BASE,94.50,95.00,181,F,77003,27.7229
18710,P2,BASE,94.35,95.02,181,F,77041,27.7162
18720,P2,BASE,94.20,97.50,178,F,77080,27.6832
18730,P2,BASE,94.05,94.99,180,F,77118,27.6738
18740,P2,BASE,93.90,95.00,180,F,77156,27.6628
18750,P2,BASE,93.75,95.00,180,F,77194,27.6503
18760,P2,BASE,93.60,92.51,182,F,77231,27.6612
18770,P2,BASE,93.45,92.48,182,F,77268,27.6709
18780,P2,BASE,93.30,92.51,182,F,77305,27.6788
18790,P2,BASE,93.15,89.99,185,F,77341,27.7104
18800,P2,BASE,93.00,92.52,182,F,77378,27.7152
18810,P2,BASE,92.85,89.98,185,F,77414,27.7439
18820,P2,BASE,92.70,92.53,182,F,77451,27.7456
18830,P2,BASE,92.55,92.50,182,F,77488,27.7461
18840,P2,BASE,92.40,89.97,184,F,77524,27.7704
18850,P2,BASE,92.25,92.51,182,F,77561,27.7678
18860,P2,BASE,92.10,90.02,184,F,77597,27.7886
18870,P2,BASE,91.95,92.48,181,F,77634,27.7833
18880,P2,BASE,91.80,92.51,181,F,77671,27.7762
18890,P2,BASE,91.65,92.49,181,F,77708,27.7678
18900,P2,BASE,91.50,94.99,178,F,77746,27.7329
18910,P2,BASE,91.35,92.49,180,F,77783,27.7215
18920,P2,BASE,91.20,92.53,180,F,77820,27.7082
18930,P2,BASE,91.05,90.00,183,F,77856,27.7187
18940,P2,BASE,90.90,90.00,183,F,77892,27.7277
18950,P2,BASE,90.75,87.48,185,F,77927,27.7604
18960,P2,BASE,90.60,90.03,182,F,77963,27.7661
18970,P2,BASE,90.45,87.48,185,F,77998,27.7958
18980,P2,BASE,90.30,92.50,180,F,78035,27.7738
18990,P2,BASE,90.15,92.51,179,F,78072,27.7502
19000,P2,BASE,90.00,90.01,182,F,78108,27.7501
19010,P2,BASE,89.85,92.49,179,F,78145,27.7237
19020,P2,BASE,89.70,90.01,181,F,78181,27.7206
19030,P2,BASE,89.55,92.47,178,F,78218,27.6914
19040,P2,BASE,89.40,92.51,178,F,78255,27.6603
19050,P2,BASE,89.25,90.01,180,F,78291,27.6527
19060,P2,BASE,89.10,94.98,175,F,78329,27.5939
19070,P2,BASE,88.95,92.53,177,F,78366,27.5581
19080,P2,BASE,88.80,89.99,179,F,78402,27.5462
19090,P2,BASE,88.65,89.97,179,F,78438,27.5330
19100,P2,BASE,88.50,90.04,179,F,78474,27.5176
19110,P2,BASE,88.35,87.47,181,F,78509,27.5264
19120,P2,BASE,88.20,90.03,178,F,78545,27.5081
19130,P2,BASE,88.05,87.48,181,F,78580,27.5138
19140,P2,BASE,87.90,90.01,178,F,78616,27.4927
19150,P2,BASE,87.75,89.96,178,F,78652,27.4706
19160,P2,BASE,87.60,92.54,175,F,78689,27.4213
19170,P2,BASE,87.45,99.99,166,F,78729,27.2959
19180,P2,BASE,87.30,92.49,173,F,78766,27.2439
19190,P2,BASE,87.15,87.51,178,F,78801,27.2404
19200,P2,BASE,87.00,85.00,181,F,78835,27.2604
19210,P2,BASE,86.85,77.50,189,F,78866,27.3539
19220,P2,BASE,86.70,90.03,176,F,78902,27.3206
19230,P2,BASE,86.55,92.47,173,F,78939,27.2614
19240,P2,BASE,86.40,92.50,172,F,78976,27.2004
19250,P2,BASE,86.25,90.01,174,F,79012,27.1628
19260,P2,BASE,86.10,92.51,171,F,79049,27.0987
19270,P2,BASE,85.95,90.01,173,F,79085,27.0581
19280,P2,BASE,85.80,90.00,173,F,79121,27.0161
19290,P2,BASE,85.65,89.98,172,F,79157,26.9728
19300,P2,BASE,85.50,90.02,172,F,79193,26.9276
19310,P2,BASE,85.35,89.98,171,F,79229,26.8813
19320,P2,BASE,85.20,90.00,171,F,79265,26.8333
19330,P2,BASE,85.05,87.51,173,F,79300,26.8087
19340,P2,BASE,84.90,87.48,173,F,79335,26.7829
19350,P2,BASE,84.75,87.53,172,F,79370,26.7551
19360,P2,BASE,84.60,87.48,172,F,79405,26.7263
19370,P2,BASE,84.45,87.45,172,F,79440,26.6963
19380,P2,BASE,84.30,87.54,171,F,79475,26.6639
19390,P2,BASE,84.15,87.52,171,F,79510,26.6302
19400,P2,BASE,84.00,87.51,171,F,79545,26.5951
19410,P2,BASE,83.85,87.48,170,F,79580,26.5588
19420,P2,BASE,83.70,82.50,175,F,79613,26.5708
19430,P2,BASE,83.55,87.51,170,F,79648,26.5312
19440,P2,BASE,83.40,82.48,175,F,79681,26.5404
19450,P2,BASE,83.25,82.51,175,F,79714,26.5478
19460,P2,BASE,83.10,82.52,174,F,79747,26.5536
19470,P2,BASE,82.95,82.50,174,F,79780,26.5581
19480,P2,BASE,82.80,82.49,174,F,79813,26.5612
19490,P2,BASE,82.65,82.49,174,F,79846,26.5628
19500,P2,BASE,82.50,82.52,174,F,79879,26.5626
19510,P2,BASE,82.35,79.97,177,F,79911,26.5864
19520,P2,BASE,82.20,82.51,174,F,79944,26.5833
19530,P2,BASE,82.05,82.49,174,F,79977,26.5789
19540,P2,BASE,81.90,80.03,176,F,80009,26.5976
19550,P2,BASE,81.75,82.50,173,F,80042,26.5901
19560,P2,BASE,81.60,80.00,176,F,80074,26.6061
19570,P2,BASE,81.45,82.48,173,F,80107,26.5958
19580,P2,BASE,81.30,85.03,170,F,80141,26.5586
19590,P2,BASE,81.15,82.48,172,F,80174,26.5453
19600,P2,BASE,81.00,82.47,172,F,80207,26.5306
19610,P2,BASE,80.85,82.52,172,F,80240,26.5138
19620,P2,BASE,80.70,80.02,174,F,80272,26.5207
19630,P2,BASE,80.55,77.51,177,F,80303,26.5511
19640,P2,BASE,80.40,79.98,174,F,80335,26.5553
19650,P2,BASE,80.25,77.51,177,F,80366,26.5828
19660,P2,BASE,80.10,80.01,174,F,80398,26.5837
19670,P2,BASE,79.95,79.99,174,F,80430,26.5833
19680,P2,BASE,79.80,80.01,174,F,80462,26.5812
19690,P2,BASE,79.65,79.99,174,F,80494,26.5778
19700,P2,BASE,79.50,82.49,171,F,80527,26.5478
19710,P2,BASE,79.35,80.02,173,F,80559,26.5412
19720,P2,BASE,79.20,80.01,173,F,80591,26.5331
19730,P2,BASE,79.05,79.99,173,F,80623,26.5237
19740,P2,BASE,78.90,82.51,170,F,80656,26.4876
19750,P2,BASE,78.75,79.98,172,F,80688,26.4753
19760,P2,BASE,78.60,82.49,169,F,80721,26.4363
19770,P2,BASE,78.45,82.48,169,F,80754,26.3961
19780,P2,BASE,78.30,80.03,171,F,80786,26.3788
19790,P2,BASE,78.15,80.02,171,F,80818,26.3601
19800,P2,BASE,78.00,80.00,170,F,80850,26.3401
19810,P2,BASE,77.85,77.48,173,F,80881,26.3438
19820,P2,BASE,77.70,77.51,173,F,80912,26.3457
19830,P2,BASE,77.55,79.99,170,F,80944,26.3213
19840,P2,BASE,77.40,77.50,172,F,80975,26.3203
19850,P2,BASE,77.25,77.49,172,F,81006,26.3178
19860,P2,BASE,77.10,80.02,169,F,81038,26.2886
19870,P2,BASE,76.95,82.50,166,F,81071,26.2331
19880,P2,BASE,76.80,85.00,163,F,81105,26.1511
19890,P2,BASE,76.65,89.99,157,F,81141,26.0177
19900,P2,BASE,76.50,77.51,169,F,81172,26.0076
19910,P2,BASE,76.35,79.99,166,F,81204,25.9712
19920,P2,BASE,76.20,75.01,171,F,81234,25.9831
19930,P2,BASE,76.05,70.00,177,F,81262,26.0436
19940,P2,BASE,75.90,79.99,166,F,81294,26.0027
19950,P2,BASE,75.75,82.50,163,F,81327,25.9352
19960,P2,BASE,75.60,77.51,168,F,81358,25.9161
19970,P2,BASE,75.45,82.48,162,F,81391,25.8458
19980,P2,BASE,75.30,80.02,164,F,81423,25.7986
19990,P2,BASE,75.15,82.47,161,F,81456,25.7255
20000,P2,BASE,75.00,80.01,163,F,81488,25.6754
20010,P2,BASE,74.85,80.00,163,F,81520,25.6239
20020,P2,BASE,74.70,82.52,159,F,81553,25.5457
20030,P2,BASE,74.55,80.00,161,F,81585,25.4912
20040,P2,BASE,74.40,79.99,161,F,81617,25.4353
20050,P2,BASE,74.25,80.02,160,F,81649,25.3776
20060,P2,BASE,74.10,79.98,160,F,81681,25.3188
20070,P2,BASE,73.95,77.52,162,F,81712,25.2831
20080,P2,BASE,73.80,77.47,162,F,81743,25.2465
20090,P2,BASE,73.65,77.52,161,F,81774,25.2078
20100,P2,BASE,73.50,79.99,158,F,81806,25.1429
20110,P2,BASE,73.35,77.49,160,F,81837,25.1015
20120,P2,BASE,73.20,80.01,157,F,81869,25.0334
20130,P2,BASE,73.05,75.00,162,F,81899,25.0139
20140,P2,BASE,72.90,80.00,156,F,81931,24.9429
20150,P2,BASE,72.75,77.52,158,F,81962,24.8951
20160,P2,BASE,72.60,77.48,158,F,81993,24.8463
20170,P2,BASE,72.45,75.00,160,F,82023,24.8208
20180,P2,BASE,72.30,77.49,157,F,82054,24.7689
20190,P2,BASE,72.15,72.51,162,F,82083,24.7652
20200,P2,BASE,72.00,75.00,159,F,82113,24.7352
20210,P2,BASE,71.85,72.51,161,F,82142,24.7287
20220,P2,BASE,71.70,74.99,158,F,82172,24.6957
20230,P2,BASE,71.55,72.48,161,F,82201,24.6864
20240,P2,BASE,71.40,74.97,158,F,82231,24.6507
20250,P2,BASE,71.25,72.55,160,F,82260,24.6377
20260,P2,BASE,71.10,72.50,160,F,82289,24.6237
20270,P2,BASE,70.95,72.50,160,F,82318,24.6082
20280,P2,BASE,70.80,74.98,157,F,82348,24.5665
20290,P2,BASE,70.65,72.52,159,F,82377,24.5477
20300,P2,BASE,70.50,72.51,159,F,82406,24.5277
20310,P2,BASE,70.35,72.50,158,F,82435,24.5062
20320,P2,BASE,70.20,72.49,158,F,82464,24.4832
20330,P2,BASE,70.05,72.51,158,F,82493,24.4587
20340,P2,BASE,69.90,74.99,155,F,82523,24.4078
20350,P2,BASE,69.75,75.00,154,F,82553,24.3553
20360,P2,BASE,69.60,74.99,154,F,82583,24.3013
20370,P2,BASE,69.45,69.99,159,F,82611,24.2960
20380,P2,BASE,69.30,75.01,153,F,82641,24.2388
20390,P2,BASE,69.15,70.01,158,F,82669,24.2302
20400,P2,BASE,69.00,70.00,158,F,82697,24.2202
20410,P2,BASE,68.85,69.99,157,F,82725,24.2089
20420,P2,BASE,68.70,70.02,157,F,82753,24.1957
20430,P2,BASE,68.55,69.95,157,F,82781,24.1817
20440,P2,BASE,68.40,70.05,157,F,82809,24.1652
20450,P2,BASE,68.25,69.99,156,F,82837,24.1477
20460,P2,BASE,68.10,72.51,153,F,82866,24.1037
20470,P2,BASE,67.95,67.49,158,F,82893,24.1083
20480,P2,BASE,67.80,72.49,153,F,82922,24.0614
20490,P2,BASE,67.65,70.02,155,F,82950,24.0377
20500,P2,BASE,67.50,69.97,155,F,82978,24.0130
20510,P2,BASE,67.35,67.51,157,F,83005,24.0115
20520,P2,BASE,67.20,72.52,151,F,83034,23.9582
20530,P2,BASE,67.05,69.99,154,F,83062,23.9289
20540,P2,BASE,66.90,70.00,153,F,83090,23.8979
20550,P2,BASE,66.75,72.50,150,F,83119,23.8404
20560,P2,BASE,66.60,70.02,152,F,83147,23.8062
20570,P2,BASE,66.45,69.97,152,F,83175,23.7710
20580,P2,BASE,66.30,67.49,154,F,83202,23.7591
20590,P2,BASE,66.15,67.52,154,F,83229,23.7454
20600,P2,BASE,66.00,67.51,154,F,83256,23.7302
20610,P2,BASE,65.85,67.51,154,F,83283,23.7137
20620,P2,BASE,65.70,64.99,156,F,83309,23.7207
20630,P2,BASE,65.55,67.49,153,F,83336,23.7014
20640,P2,BASE,65.40,70.00,150,F,83364,23.6554
20650,P2,BASE,65.25,65.02,155,F,83390,23.6577
20660,P2,BASE,65.10,67.49,152,F,83417,23.6338
20670,P2,BASE,64.95,67.49,152,F,83444,23.6084
20680,P2,BASE,64.80,70.00,149,F,83472,23.5564
20690,P2,BASE,64.65,67.51,151,F,83499,23.5277
20700,P2,BASE,64.50,82.51,135,F,83532,23.3477
20710,P2,BASE,64.35,67.49,149,F,83559,23.3163
20720,P2,BASE,64.20,67.51,149,F,83586,23.2832
20730,P2,BASE,64.05,65.00,151,F,83612,23.2737
20740,P2,BASE,63.90,62.49,154,F,83637,23.2878
20750,P2,BASE,63.75,57.51,159,F,83660,23.3502
20760,P2,BASE,63.60,69.97,146,F,83688,23.2865
20770,P2,BASE,63.45,70.02,145,F,83716,23.2208
20780,P2,BASE,63.30,65.01,150,F,83742,23.2037
20790,P2,BASE,63.15,67.48,147,F,83769,23.1604
20800,P2,BASE,63.00,67.49,147,F,83796,23.1155
20810,P2,BASE,62.85,67.51,146,F,83823,23.0689
20820,P2,BASE,62.70,70.02,143,F,83851,22.9957
20830,P2,BASE,62.55,64.98,148,F,83877,22.9714
20840,P2,BASE,62.40,67.50,145,F,83904,22.9204
20850,P2,BASE,62.25,65.00,147,F,83930,22.8929
20860,P2,BASE,62.10,67.51,144,F,83957,22.8387
20870,P2,BASE,61.95,64.99,146,F,83983,22.8083
20880,P2,BASE,61.80,65.01,146,F,84009,22.7762
20890,P2,BASE,61.65,64.99,145,F,84035,22.7429
20900,P2,BASE,61.50,65.01,145,F,84061,22.7077
20910,P2,BASE,61.35,62.49,147,F,84086,22.6964
20920,P2,BASE,61.20,62.51,147,F,84111,22.6832
20930,P2,BASE,61.05,65.01,144,F,84137,22.6437
20940,P2,BASE,60.90,62.49,146,F,84162,22.6277
20950,P2,BASE,60.75,59.99,149,F,84186,22.6353
20960,P2,BASE,60.60,62.49,146,F,84211,22.6164
20970,P2,BASE,60.45,62.52,146,F,84236,22.5957
20980,P2,BASE,60.30,64.99,143,F,84262,22.5487
20990,P2,BASE,60.15,60.01,148,F,84286,22.5502
21000,P2,BASE,60.00,62.50,145,F,84311,22.5252
21010,P2,BASE,59.85,60.00,147,F,84335,22.5237
21020,P2,BASE,59.70,62.48,144,F,84360,22.4959
21030,P2,BASE,59.55,60.02,147,F,84384,22.4912
21040,P2,BASE,59.40,59.99,147,F,84408,22.4853
21050,P2,BASE,59.25,60.01,146,F,84432,22.4777
21060,P2,BASE,59.10,59.98,146,F,84456,22.4689
21070,P2,BASE,58.95,57.52,149,F,84479,22.4832
21080,P2,BASE,58.80,57.50,149,F,84502,22.4962
21090,P2,BASE,58.65,57.48,149,F,84525,22.5079
21100,P2,BASE,58.50,57.52,148,F,84548,22.5178
21110,P2,BASE,58.35,59.99,146,F,84572,22.5014
21120,P2,BASE,58.20,57.51,148,F,84595,22.5083
21130,P2,BASE,58.05,57.51,148,F,84618,22.5138
21140,P2,BASE,57.90,59.96,145,F,84642,22.4931
21150,P2,BASE,57.75,57.53,147,F,84665,22.4953
21160,P2,BASE,57.60,57.49,147,F,84688,22.4964
21170,P2,BASE,57.45,55.01,150,F,84710,22.5208
21180,P2,BASE,57.30,59.98,145,F,84734,22.4940
21190,P2,BASE,57.15,57.52,147,F,84757,22.4903
21200,P2,BASE,57.00,57.50,147,F,84780,22.4853
21210,P2,BASE,56.85,57.49,146,F,84803,22.4789
21220,P2,BASE,56.70,57.49,146,F,84826,22.4710
21230,P2,BASE,56.55,60.01,143,F,84850,22.4363
21240,P2,BASE,56.40,57.50,146,F,84873,22.4253
21250,P2,BASE,56.25,57.51,145,F,84896,22.4128
21260,P2,BASE,56.10,59.98,142,F,84920,22.3740
21270,P2,BASE,55.95,60.02,142,F,84944,22.3332
21280,P2,BASE,55.80,57.48,144,F,84967,22.3164
21290,P2,BASE,55.65,57.52,144,F,84990,22.2977
21300,P2,BASE,55.50,57.48,144,F,85013,22.2780
21310,P2,BASE,55.35,57.52,143,F,85036,22.2563
21320,P2,BASE,55.20,57.51,143,F,85059,22.2332
21330,P2,BASE,55.05,54.99,146,F,85081,22.2338
21340,P2,BASE,54.90,55.00,145,F,85103,22.2328
21350,P2,BASE,54.75,54.99,145,F,85125,22.2303
21360,P2,BASE,54.60,57.49,142,F,85148,22.2014
21370,P2,BASE,54.45,52.52,147,F,85169,22.2208
21380,P2,BASE,54.30,54.99,145,F,85191,22.2138
21390,P2,BASE,54.15,57.51,142,F,85214,22.1802
21400,P2,BASE,54.00,54.99,144,F,85236,22.1703
21410,P2,BASE,53.85,55.01,144,F,85258,22.1587
21420,P2,BASE,53.70,54.98,144,F,85280,22.1459
21430,P2,BASE,53.55,52.51,146,F,85301,22.1563
21440,P2,BASE,53.40,57.49,141,F,85324,22.1154
21450,P2,BASE,53.25,52.52,146,F,85345,22.1227
21460,P2,BASE,53.10,54.99,143,F,85367,22.1039
21470,P2,BASE,52.95,54.99,142,F,85389,22.0834
21480,P2,BASE,52.80,52.50,145,F,85410,22.0864
21490,P2,BASE,52.65,55.00,142,F,85432,22.0629
21500,P2,BASE,52.50,55.01,142,F,85454,22.0379
21510,P2,BASE,52.35,52.46,144,F,85475,22.0367
21520,P2,BASE,52.20,52.54,144,F,85496,22.0333
21530,P2,BASE,52.05,55.01,141,F,85518,22.0037
21540,P2,BASE,51.90,54.96,141,F,85540,21.9732
21550,P2,BASE,51.75,52.54,143,F,85561,21.9653
21560,P2,BASE,51.60,52.49,143,F,85582,21.9564
21570,P2,BASE,51.45,50.01,145,F,85602,21.9708
21580,P2,BASE,51.30,54.99,140,F,85624,21.9339
21590,P2,BASE,51.15,52.49,142,F,85645,21.9204
21600,P2,BASE,51.00,50.02,145,F,85665,21.9303
21610,P2,BASE,50.85,49.99,144,F,85685,21.9388
21620,P2,BASE,50.70,52.48,142,F,85706,21.9210
21630,P2,BASE,50.55,52.52,141,F,85727,21.9013
21640,P2,BASE,50.40,52.49,141,F,85748,21.8804
21650,P2,BASE,50.25,50.00,143,F,85768,21.8829
21660,P2,BASE,50.10,52.49,141,F,85789,21.8590
21670,P2,BASE,49.95,52.51,140,F,85810,21.8334
21680,P2,BASE,49.80,52.49,140,F,85831,21.8065
21690,P2,BASE,49.65,52.50,140,F,85852,21.7780
21700,P2,BASE,49.50,52.51,139,F,85873,21.7479
21710,P2,BASE,49.35,55.01,136,F,85895,21.6913
21720,P2,BASE,49.20,62.50,128,F,85920,21.5583
21730,P2,BASE,49.05,60.01,129,F,85944,21.4488
21740,P2,BASE,48.90,49.99,139,F,85964,21.4378
21750,P2,BASE,48.75,52.51,136,F,85985,21.4003
21760,P2,BASE,48.60,49.99,139,F,86005,21.3864
21770,P2,BASE,48.45,47.50,141,F,86024,21.3959
21780,P2,BASE,48.30,42.51,146,F,86041,21.4538
21790,P2,BASE,48.15,52.49,136,F,86062,21.4103
21800,P2,BASE,48.00,52.50,135,F,86083,21.3653
21810,P2,BASE,47.85,55.01,132,F,86105,21.2938
21820,P2,BASE,47.70,52.48,134,F,86126,21.2460
21830,P2,BASE,47.55,50.02,136,F,86146,21.2213
21840,P2,BASE,47.40,54.98,131,F,86168,21.1455
21850,P2,BASE,47.25,52.51,133,F,86189,21.0929
21860,P2,BASE,47.10,50.00,135,F,86209,21.0639
21870,P2,BASE,46.95,55.00,129,F,86231,20.9834
21880,P2,BASE,46.80,50.01,134,F,86251,20.9513
21890,P2,BASE,46.65,49.99,133,F,86271,20.9179
21900,P2,BASE,46.50,52.51,130,F,86292,20.8578
21910,P2,BASE,46.35,50.00,133,F,86312,20.8213
21920,P2,BASE,46.20,49.99,132,F,86332,20.7835
21930,P2,BASE,46.05,50.01,132,F,86352,20.7439
21940,P2,BASE,45.90,49.99,131,F,86372,20.7029
21950,P2,BASE,45.75,47.51,134,F,86391,20.6853
21960,P2,BASE,45.60,49.99,131,F,86411,20.6414
21970,P2,BASE,45.45,47.50,133,F,86430,20.6210
21980,P2,BASE,45.30,50.02,130,F,86450,20.5738
21990,P2,BASE,45.15,47.50,132,F,86469,20.5504
22000,P2,BASE,45.00,44.99,134,F,86487,20.5504
22010,P2,BASE,44.85,47.51,132,F,86506,20.5238
22020,P2,BASE,44.70,45.00,134,F,86524,20.5209
22030,P2,BASE,44.55,47.50,131,F,86543,20.4914
22040,P2,BASE,44.40,45.00,133,F,86561,20.4854
22050,P2,BASE,44.25,45.00,133,F,86579,20.4779
22060,P2,BASE,44.10,45.00,133,F,86597,20.4689
22070,P2,BASE,43.95,42.50,136,F,86614,20.4834
22080,P2,BASE,43.80,45.00,133,F,86632,20.4714
22090,P2,BASE,43.65,45.00,132,F,86650,20.4579
22100,P2,BASE,43.50,45.00,132,F,86668,20.4429
22110,P2,BASE,43.35,42.50,135,F,86685,20.4513
22120,P2,BASE,43.20,42.48,135,F,86702,20.4585
22130,P2,BASE,43.05,45.01,132,F,86720,20.4388
22140,P2,BASE,42.90,42.50,134,F,86737,20.4428
22150,P2,BASE,42.75,42.50,134,F,86754,20.4453
22160,P2,BASE,42.60,42.50,134,F,86771,20.4463
22170,P2,BASE,42.45,42.50,134,F,86788,20.4458
22180,P2,BASE,42.30,40.00,136,F,86804,20.4688
22190,P2,BASE,42.15,42.50,134,F,86821,20.4654
22200,P2,BASE,42.00,42.51,133,F,86838,20.4603
22210,P2,BASE,41.85,39.99,136,F,86854,20.4789
22220,P2,BASE,41.70,40.00,136,F,86870,20.4959
22230,P2,BASE,41.55,42.50,133,F,86887,20.4864
22240,P2,BASE,41.40,40.01,136,F,86903,20.5003
22250,P2,BASE,41.25,39.99,136,F,86919,20.5129
22260,P2,BASE,41.10,40.00,135,F,86935,20.5238
22270,P2,BASE,40.95,42.49,133,F,86952,20.5085
22280,P2,BASE,40.80,40.01,135,F,86968,20.5164
22290,P2,BASE,40.65,40.00,135,F,86984,20.5229
22300,P2,BASE,40.50,40.01,135,F,87000,20.5278
22310,P2,BASE,40.35,42.48,132,F,87017,20.5065
22320,P2,BASE,40.20,40.00,134,F,87033,20.5085
22330,P2,BASE,40.05,42.51,132,F,87050,20.4838
22340,P2,BASE,39.90,42.49,131,F,87067,20.4579
22350,P2,BASE,39.75,40.01,134,F,87083,20.4553
22360,P2,BASE,39.60,39.99,133,F,87099,20.4514
22370,P2,BASE,39.45,40.01,133,F,87115,20.4458
22380,P2,BASE,39.30,42.50,130,F,87132,20.4138
22390,P2,BASE,39.15,40.00,133,F,87148,20.4053
22400,P2,BASE,39.00,39.99,132,F,87164,20.3954
22410,P2,BASE,38.85,42.50,129,F,87181,20.3589
22420,P2,BASE,38.70,40.00,132,F,87197,20.3459
22430,P2,BASE,38.55,40.00,132,F,87213,20.3314
22440,P2,BASE,38.40,40.00,131,F,87229,20.3154
22450,P2,BASE,38.25,42.50,128,F,87246,20.2729
22460,P2,BASE,38.10,40.00,131,F,87262,20.2539
22470,P2,BASE,37.95,40.00,130,F,87278,20.2334
22480,P2,BASE,37.80,40.00,130,F,87294,20.2114
22490,P2,BASE,37.65,42.50,127,F,87311,20.1629
22500,P2,BASE,37.50,40.00,129,F,87327,20.1379
22510,P2,BASE,37.35,42.50,126,F,87344,20.0865
22520,P2,BASE,37.20,40.02,128,F,87360,20.0583
22530,P2,BASE,37.05,40.00,128,F,87376,20.0288
22540,P2,BASE,36.90,39.98,128,F,87392,19.9980
22550,P2,BASE,36.75,37.51,130,F,87407,19.9904
22560,P2,BASE,36.60,40.00,127,F,87423,19.9564
22570,P2,BASE,36.45,39.99,127,F,87439,19.9210
22580,P2,BASE,36.30,37.50,129,F,87454,19.9089
22590,P2,BASE,36.15,37.50,129,F,87469,19.8954
22600,P2,BASE,36.00,37.51,129,F,87484,19.8804
22610,P2,BASE,35.85,40.00,126,F,87500,19.8389
22620,P2,BASE,35.70,35.00,131,F,87514,19.8459
22630,P2,BASE,35.55,37.51,128,F,87529,19.8263
22640,P2,BASE,35.40,37.49,127,F,87544,19.8054
22650,P2,BASE,35.25,37.50,127,F,87559,19.7829
22660,P2,BASE,35.10,35.01,130,F,87573,19.7839
22670,P2,BASE,34.95,35.00,129,F,87587,19.7834
22680,P2,BASE,34.80,37.50,127,F,87602,19.7564
22690,P2,BASE,34.65,34.99,129,F,87616,19.7529
22700,P2,BASE,34.50,37.51,126,F,87631,19.7228
22710,P2,BASE,34.35,35.00,128,F,87645,19.7163
22720,P2,BASE,34.20,35.00,128,F,87659,19.7084
22730,P2,BASE,34.05,35.00,128,F,87673,19.6989
22740,P2,BASE,33.90,32.49,130,F,87686,19.7129
22750,P2,BASE,33.75,35.00,128,F,87700,19.7004
22760,P2,BASE,33.60,35.01,127,F,87714,19.6863
22770,P2,BASE,33.45,35.00,127,F,87728,19.6709
22780,P2,BASE,33.30,32.51,130,F,87741,19.6788
22790,P2,BASE,33.15,32.50,129,F,87754,19.6853
22800,P2,BASE,33.00,32.49,129,F,87767,19.6904
22810,P2,BASE,32.85,32.49,129,F,87780,19.6939
22820,P2,BASE,32.70,32.51,129,F,87793,19.6959
22830,P2,BASE,32.55,30.00,132,F,87805,19.7213
22840,P2,BASE,32.40,32.50,129,F,87818,19.7204
22850,P2,BASE,32.25,32.50,129,F,87831,19.7178
22860,P2,BASE,32.10,32.50,129,F,87844,19.7138
22870,P2,BASE,31.95,32.50,128,F,87857,19.7083
22880,P2,BASE,31.80,29.99,131,F,87869,19.7264
22890,P2,BASE,31.65,32.50,128,F,87882,19.7179
22900,P2,BASE,31.50,32.50,128,F,87895,19.7079
22910,P2,BASE,31.35,32.51,128,F,87908,19.6963
22920,P2,BASE,31.20,30.00,130,F,87920,19.7083
22930,P2,BASE,31.05,32.50,127,F,87933,19.6938
22940,P2,BASE,30.90,29.99,130,F,87945,19.7029
22950,P2,BASE,30.75,32.51,127,F,87958,19.6853
22960,P2,BASE,30.60,29.99,129,F,87970,19.6914
22970,P2,BASE,30.45,30.00,129,F,87982,19.6959
22980,P2,BASE,30.30,30.00,129,F,87994,19.6989
22990,P2,BASE,30.15,32.51,126,F,88007,19.6753
23000,P2,BASE,30.00,30.00,129,F,88019,19.6753
23010,P2,BASE,29.85,32.50,126,F,88032,19.6488
23020,P2,BASE,29.70,29.99,128,F,88044,19.6459
23030,P2,BASE,29.55,30.00,128,F,88056,19.6414
23040,P2,BASE,29.40,30.00,128,F,88068,19.6354
23050,P2,BASE,29.25,30.00,128,F,88080,19.6279
23060,P2,BASE,29.10,32.50,125,F,88093,19.5939
23070,P2,BASE,28.95,30.01,127,F,88105,19.5833
23080,P2,BASE,28.80,32.49,124,F,88118,19.5464
23090,P2,BASE,28.65,30.01,126,F,88130,19.5328
23100,P2,BASE,28.50,32.49,123,F,88143,19.4929
23110,P2,BASE,28.35,30.00,126,F,88155,19.4764
23120,P2,BASE,28.20,32.50,123,F,88168,19.4334
23130,P2,BASE,28.05,30.00,125,F,88180,19.4139
23140,P2,BASE,27.90,32.51,122,F,88193,19.3678
23150,P2,BASE,27.75,32.50,122,F,88206,19.3203
23160,P2,BASE,27.60,32.50,121,F,88219,19.2713
23170,P2,BASE,27.45,29.99,123,F,88231,19.2459
23180,P2,BASE,27.30,32.51,120,F,88244,19.1938
23190,P2,BASE,27.15,32.49,120,F,88257,19.1404
23200,P2,BASE,27.00,32.51,119,F,88270,19.0853
23210,P2,BASE,26.85,30.00,121,F,88282,19.0539
23220,P2,BASE,26.70,32.50,118,F,88295,18.9959
23230,P2,BASE,26.55,37.50,112,F,88310,18.8863
23240,P2,BASE,26.40,42.50,106,F,88327,18.7253
23250,P2,BASE,26.25,32.50,116,F,88340,18.6629
23260,P2,BASE,26.10,30.00,118,F,88352,18.6239
23270,P2,BASE,25.95,30.01,117,F,88364,18.5833
23280,P2,BASE,25.80,27.50,120,F,88375,18.5663
23290,P2,BASE,25.65,29.99,117,F,88387,18.5229
23300,P2,BASE,25.50,30.00,116,F,88399,18.4779
23310,P2,BASE,25.35,30.01,116,F,88411,18.4313
23320,P2,BASE,25.20,27.50,118,F,88422,18.4083
23330,P2,BASE,25.05,22.50,123,F,88431,18.4338
23340,P2,BASE,24.90,25.00,120,F,88441,18.4329
23350,P2,BASE,24.75,30.01,115,F,88453,18.3803
23360,P2,BASE,24.60,29.99,114,F,88465,18.3264
23370,P2,BASE,24.45,30.01,114,F,88477,18.2708
23380,P2,BASE,24.30,27.49,116,F,88488,18.2389
23390,P2,BASE,24.15,30.01,113,F,88500,18.1803
23400,P2,BASE,24.00,30.00,112,F,88512,18.1203
23410,P2,BASE,23.85,27.49,115,F,88523,18.0839
23420,P2,BASE,23.70,27.50,114,F,88534,18.0458
23430,P2,BASE,23.55,30.00,111,F,88546,17.9814
23440,P2,BASE,23.40,27.50,113,F,88557,17.9404
23450,P2,BASE,23.25,27.51,113,F,88568,17.8978
23460,P2,BASE,23.10,27.49,112,F,88579,17.8539
23470,P2,BASE,22.95,27.50,112,F,88590,17.8084
23480,P2,BASE,22.80,25.00,114,F,88600,17.7863
23490,P2,BASE,22.65,27.50,111,F,88611,17.7379
23500,P2,BASE,22.50,27.50,111,F,88622,17.6878
23510,P2,BASE,22.35,25.00,113,F,88632,17.6613
23520,P2,BASE,22.20,27.50,110,F,88643,17.6083
23530,P2,BASE,22.05,25.00,112,F,88653,17.5788
23540,P2,BASE,21.90,22.50,114,F,88662,17.5728
23550,P2,BASE,21.75,25.00,111,F,88672,17.5403
23560,P2,BASE,21.60,25.01,111,F,88682,17.5063
23570,P2,BASE,21.45,22.50,113,F,88691,17.4958
23580,P2,BASE,21.30,25.00,110,F,88701,17.4589
23590,P2,BASE,21.15,22.50,113,F,88710,17.4454
23600,P2,BASE,21.00,22.50,112,F,88719,17.4303
23610,P2,BASE,20.85,22.50,112,F,88728,17.4139
23620,P2,BASE,20.70,25.01,109,F,88738,17.3708
23630,P2,BASE,20.55,22.49,111,F,88747,17.3514
23640,P2,BASE,20.40,20.00,114,F,88755,17.3554
23650,P2,BASE,20.25,22.50,111,F,88764,17.3328
23660,P2,BASE,20.10,22.50,111,F,88773,17.3089
23670,P2,BASE,19.95,20.00,113,F,88781,17.3083
23680,P2,BASE,19.80,20.00,113,F,88789,17.3064
23690,P2,BASE,19.65,22.50,110,F,88798,17.2778
23700,P2,BASE,19.50,17.50,115,F,88805,17.2978
23710,P2,BASE,19.35,22.49,110,F,88814,17.2664
23720,P2,BASE,19.20,20.01,112,F,88822,17.2583
23730,P2,BASE,19.05,17.50,115,F,88829,17.2739
23740,P2,BASE,18.90,20.00,112,F,88837,17.2629
23750,P2,BASE,18.75,20.00,112,F,88845,17.2504
23760,P2,BASE,18.60,17.50,114,F,88852,17.2614
23770,P2,BASE,18.45,19.99,111,F,88860,17.2459
23780,P2,BASE,18.30,17.50,114,F,88867,17.2539
23790,P2,BASE,18.15,17.50,114,F,88874,17.2604
23800,P2,BASE,18.00,17.50,113,F,88881,17.2654
23810,P2,BASE,17.85,17.50,113,F,88888,17.2689
23820,P2,BASE,17.70,15.00,116,F,88894,17.2958
23830,P2,BASE,17.55,17.49,113,F,88901,17.2964
23840,P2,BASE,17.40,15.00,116,F,88907,17.3204
23850,P2,BASE,17.25,17.50,113,F,88914,17.3179
23860,P2,BASE,17.10,17.49,113,F,88921,17.3140
23870,P2,BASE,16.95,15.01,115,F,88927,17.3334
23880,P2,BASE,16.80,15.00,115,F,88933,17.3514
23890,P2,BASE,16.65,17.50,113,F,88940,17.3429
23900,P2,BASE,16.50,14.99,115,F,88946,17.3579
23910,P2,BASE,16.35,15.00,115,F,88952,17.3714
23920,P2,BASE,16.20,15.00,115,F,88958,17.3834
23930,P2,BASE,16.05,15.00,115,F,88964,17.3939
23940,P2,BASE,15.90,12.50,117,F,88969,17.4279
23950,P2,BASE,15.75,15.00,115,F,88975,17.4354
23960,P2,BASE,15.60,15.00,115,F,88981,17.4414
23970,P2,BASE,15.45,15.00,115,F,88987,17.4459
23980,P2,BASE,15.30,12.50,117,F,88992,17.4739
23990,P2,BASE,15.15,17.49,112,F,88999,17.4504
24000,P2,BASE,15.00,12.50,117,F,89004,17.4754
24010,P2,BASE,14.85,15.00,114,F,89010,17.4739
24020,P2,BASE,14.70,12.50,117,F,89015,17.4959
24030,P2,BASE,14.55,15.00,114,F,89021,17.4914
24040,P2,BASE,14.40,12.50,116,F,89026,17.5104
24050,P2,BASE,14.25,12.50,116,F,89031,17.5279
24060,P2,BASE,14.10,15.00,114,F,89037,17.5189
24070,P2,BASE,13.95,12.50,116,F,89042,17.5334
24080,P2,BASE,13.80,12.50,116,F,89047,17.5464
24090,P2,BASE,13.65,15.00,113,F,89053,17.5329
24100,P2,BASE,13.50,12.50,116,F,89058,17.5429
24110,P2,BASE,13.35,12.50,116,F,89063,17.5514
24120,P2,BASE,13.20,12.50,116,F,89068,17.5584
24130,P2,BASE,13.05,12.50,115,F,89073,17.5639
24140,P2,BASE,12.90,12.50,115,F,89078,17.5679
24150,P2,BASE,12.75,10.00,118,F,89082,17.5954
24160,P2,BASE,12.60,12.50,115,F,89087,17.5964
24170,P2,BASE,12.45,12.50,115,F,89092,17.5959
24180,P2,BASE,12.30,12.50,115,F,89097,17.5939
24190,P2,BASE,12.15,12.50,115,F,89102,17.5904
24200,P2,BASE,12.00,10.00,117,F,89106,17.6104
24210,P2,BASE,11.85,12.50,114,F,89111,17.6039
24220,P2,BASE,11.70,12.50,114,F,89116,17.5959
24230,P2,BASE,11.55,12.50,114,F,89121,17.5864
24240,P2,BASE,11.40,10.00,117,F,89125,17.6004
24250,P2,BASE,11.25,12.50,114,F,89130,17.5879
24260,P2,BASE,11.10,10.00,116,F,89134,17.5989
24270,P2,BASE,10.95,12.50,113,F,89139,17.5834
24280,P2,BASE,10.80,10.00,116,F,89143,17.5914
24290,P2,BASE,10.65,12.50,113,F,89148,17.5729
24300,P2,BASE,10.50,10.00,115,F,89152,17.5779
24310,P2,BASE,10.35,10.00,115,F,89156,17.5814
24320,P2,BASE,10.20,12.50,112,F,89161,17.5584
24330,P2,BASE,10.05,10.00,115,F,89165,17.5589
24340,P2,BASE,9.90,10.00,115,F,89169,17.5579
24350,P2,BASE,9.75,10.00,115,F,89173,17.5554
24360,P2,BASE,9.60,12.50,112,F,89178,17.5264
24370,P2,BASE,9.45,10.00,114,F,89182,17.5209
24380,P2,BASE,9.30,10.00,114,F,89186,17.5139
24390,P2,BASE,9.15,10.00,114,F,89190,17.5054
24400,P2,BASE,9.00,10.00,113,F,89194,17.4954
24410,P2,BASE,8.85,10.00,113,F,89198,17.4839
24420,P2,BASE,8.70,10.00,113,F,89202,17.4709
24430,P2,BASE,8.55,10.00,113,F,89206,17.4564
24440,P2,BASE,8.40,10.00,112,F,89210,17.4404
24450,P2,BASE,8.25,10.00,112,F,89214,17.4229
24460,P2,BASE,8.10,10.00,112,F,89218,17.4039
24470,P2,BASE,7.95,10.00,112,F,89222,17.3834
24480,P2,BASE,7.80,10.00,111,F,89226,17.3614
24490,P2,BASE,7.65,10.00,111,F,89230,17.3379
24500,P2,BASE,7.50,10.00,111,F,89234,17.3129
24510,P2,BASE,7.35,10.00,110,F,89238,17.2864
24520,P2,BASE,7.20,10.00,110,F,89242,17.2584
24530,P2,BASE,7.05,10.00,110,F,89246,17.2289
24540,P2,BASE,6.90,10.00,109,F,89250,17.1979
24550,P2,BASE,6.75,7.50,112,F,89253,17.1904
24560,P2,BASE,6.60,10.00,109,F,89257,17.1564
24570,P2,BASE,6.45,7.50,111,F,89260,17.1459
24580,P2,BASE,6.30,10.00,108,F,89264,17.1089
24590,P2,BASE,6.15,7.50,110,F,89267,17.0954
24600,P2,BASE,6.00,7.50,110,F,89270,17.0804
24610,P2,BASE,5.85,10.00,107,F,89274,17.0389
24620,P2,BASE,5.70,7.50,109,F,89277,17.0209
24630,P2,BASE,5.55,10.00,106,F,89281,16.9764
24640,P2,BASE,5.40,10.00,106,F,89285,16.9304
24650,P2,BASE,5.25,7.50,108,F,89288,16.9079
24660,P2,BASE,5.10,7.50,108,F,89291,16.8839
24670,P2,BASE,4.95,7.50,108,F,89294,16.8584
24680,P2,BASE,4.80,7.50,107,F,89297,16.8314
24690,P2,BASE,4.65,10.00,104,F,89301,16.7779
24700,P2,BASE,4.50,7.50,106,F,89304,16.7479
24710,P2,BASE,4.35,7.50,106,F,89307,16.7164
24720,P2,BASE,4.20,5.00,108,F,89309,16.7084
24730,P2,BASE,4.05,5.00,108,F,89311,16.6989
24740,P2,BASE,3.90,7.50,105,F,89314,16.6629
24750,P2,BASE,3.75,7.50,105,F,89317,16.6254
24760,P2,BASE,3.60,7.50,104,F,89320,16.5864
24770,P2,BASE,3.45,7.50,104,F,89323,16.5459
24780,P2,BASE,3.30,7.50,104,F,89326,16.5039
24790,P2,BASE,3.15,5.00,106,F,89328,16.4854
24800,P2,BASE,3.00,5.00,106,F,89330,16.4654
24810,P2,BASE,2.85,5.00,105,F,89332,16.4439
24820,P2,BASE,2.70,7.50,102,F,89335,16.3959
24830,P2,BASE,2.55,7.50,102,F,89338,16.3464
24840,P2,BASE,2.40,5.00,104,F,89340,16.3204
24850,P2,BASE,2.25,7.50,101,F,89343,16.2679
24860,P2,BASE,2.10,5.00,103,F,89345,16.2389
24870,P2,BASE,1.95,2.50,106,F,89346,16.2334
24880,P2,BASE,1.80,5.00,103,F,89348,16.2014
24890,P2,BASE,1.65,2.50,105,F,89349,16.1929
24900,P2,BASE,1.50,5.00,102,F,89351,16.1579
24910,P2,BASE,1.35,2.50,104,F,89352,16.1464
24920,P2,BASE,1.20,5.00,101,F,89354,16.1084
24930,P2,BASE,1.05,5.00,101,F,89356,16.0689
24940,P2,BASE,0.90,7.50,98,F,89359,16.0029
24950,P2,BASE,0.75,7.50,97,F,89362,15.9354
24960,P2,BASE,0.60,5.00,99,F,89364,15.8914
24970,P2,BASE,0.45,0.00,104,F,89364,15.8959
24980,P2,BASE,0.30,0.00,104,F,89364,15.8989
24990,P2,BASE,0.15,0.00,104,F,89364,15.9004
25000,P2,BASE,0.00,0.00,104,F,89364,15.9004
25010,P2,BASE,0.00,0.00,104,F,89364,15.9004
25020,P2,BASE,0.00,0.00,104,F,89364,15.9004
25030,P2,BASE,0.00,0.00,104,F,89364,15.9004
25040,P2,BASE,0.00,0.00,104,F,89364,15.9004
25050,P2,BASE,0.00,0.00,104,F,89364,15.9004
25060,P2,BASE,0.00,0.00,104,F,89364,15.9004
25070,P2,BASE,0.00,0.00,104,F,89364,15.9004
25080,P2,BASE,0.00,0.00,104,F,89364,15.9004
25090,P2,BASE,0.00,0.00,104,F,89364,15.9004
25100,P2,BASE,0.00,0.00,104,F,89364,15.9004
25110,P2,BASE,0.00,0.00,104,F,89364,15.9004
25120,P2,BASE,0.00,0.00,104,F,89364,15.9004
25130,P2,BASE,0.00,0.00,104,F,89364,15.9004
25140,P2,BASE,0.00,0.00,104,F,89364,15.9004
25150,P2,BASE,0.00,0.00,104,F,89364,15.9004
25160,P2,BASE,0.00,0.00,104,F,89364,15.9004
25170,P2,BASE,0.00,0.00,104,F,89364,15.9004
25180,P2,BASE,0.00,0.00,104,F,89364,15.9004
25190,P2,BASE,0.00,0.00,104,F,89364,15.9004
25200,P2,BASE,0.00,0.00,104,F,89364,15.9004
25210,P2,BASE,0.00,0.00,104,F,89364,15.9004
25220,P2,BASE,0.00,0.00,104,F,89364,15.9004
25230,P2,BASE,0.00,0.00,104,F,89364,15.9004
25240,P2,BASE,0.00,0.00,104,F,89364,15.9004
25250,P2,BASE,0.00,0.00,104,F,89364,15.9004
25260,P2,BASE,0.00,0.00,104,F,89364,15.9004
25270,P2,BASE,0.00,0.00,104,F,89364,15.9004
25280,P2,BASE,0.00,0.00,104,F,89364,15.9004
25290,P2,BASE,0.00,0.00,104,F,89364,15.9004
25300,P2,BASE,0.00,0.00,104,F,89364,15.9004
25310,P2,BASE,0.00,0.00,104,F,89364,15.9004
25320,P2,BASE,0.00,0.00,104,F,89364,15.9004
25330,P2,BASE,0.00,0.00,104,F,89364,15.9004
25340,P2,BASE,0.00,0.00,104,F,89364,15.9004
25350,P2,BASE,0.00,0.00,104,F,89364,15.9004
25360,P2,BASE,0.00,0.00,104,F,89364,15.9004
25370,P2,BASE,0.00,0.00,104,F,89364,15.9004
25380,P2,BASE,0.00,0.00,104,F,89364,15.9004
25390,P2,BASE,0.00,0.00,104,F,89364,15.9004
25400,P2,BASE,0.00,0.00,104,F,89364,15.9004
25410,P2,BASE,0.00,0.00,104,F,89364,15.9004
25420,P2,BASE,0.00,0.00,104,F,89364,15.9004
25430,P2,BASE,0.00,0.00,104,F,89364,15.9004
25440,P2,BASE,0.00,0.00,104,F,89364,15.9004
25450,P2,BASE,0.00,0.00,104,F,89364,15.9004
25460,P2,BASE,0.00,0.00,104,F,89364,15.9004
25470,P2,BASE,0.00,0.00,104,F,89364,15.9004
25480,P2,BASE,0.00,0.00,104,F,89364,15.9004
25490,P2,BASE,0.00,0.00,104,F,89364,15.9004
25500,P2,BASE,0.00,0.00,104,F,89364,15.9004
25510,P2,BASE,0.00,0.00,104,F,89364,15.9004
25520,P2,BASE,0.00,0.00,104,F,89364,15.9004
25530,P2,BASE,0.00,0.00,104,F,89364,15.9004
25540,P2,BASE,0.00,0.00,104,F,89364,15.9004
25550,P2,BASE,0.00,0.00,104,F,89364,15.9004
25560,P2,BASE,0.00,0.00,104,F,89364,15.9004
25570,P2,BASE,0.00,0.00,104,F,89364,15.9004
25580,P2,BASE,0.00,0.00,104,F,89364,15.9004
25590,P2,BASE,0.00,0.00,104,F,89364,15.9004
25600,P2,BASE,0.00,0.00,104,F,89364,15.9004
25610,P2,BASE,0.00,0.00,104,F,89364,15.9004
25620,P2,BASE,0.00,0.00,104,F,89364,15.9004
25630,P2,BASE,0.00,0.00,104,F,89364,15.9004
25640,P2,BASE,0.00,0.00,104,F,89364,15.9004
25650,P2,BASE,0.00,0.00,104,F,89364,15.9004
25660,P2,BASE,0.00,0.00,104,F,89364,15.9004
25670,P2,BASE,0.00,0.00,104,F,89364,15.9004
25680,P2,BASE,0.00,0.00,104,F,89364,15.9004
25690,P2,BASE,0.00,0.00,104,F,89364,15.9004
25700,P2,BASE,0.00,0.00,104,F,89364,15.9004
25710,P2,BASE,0.00,0.00,104,F,89364,15.9004
25720,P2,BASE,0.00,0.00,104,F,89364,15.9004
25730,P2,BASE,0.00,0.00,104,F,89364,15.9004
25740,P2,BASE,0.00,0.00,104,F,89364,15.9004
25750,P2,BASE,0.00,0.00,104,F,89364,15.9004
25760,P2,BASE,0.00,0.00,104,F,89364,15.9004
25770,P2,BASE,0.00,0.00,104,F,89364,15.9004
25780,P2,BASE,0.00,0.00,104,F,89364,15.9004
25790,P2,BASE,0.00,0.00,104,F,89364,15.9004
25800,P2,BASE,0.00,0.00,104,F,89364,15.9004
25810,P2,BASE,0.00,0.00,104,F,89364,15.9004
25820,P2,BASE,0.00,0.00,104,F,89364,15.9004
25830,P2,BASE,0.00,0.00,104,F,89364,15.9004
25840,P2,BASE,0.00,0.00,104,F,89364,15.9004
25850,P2,BASE,0.00,0.00,104,F,89364,15.9004
25860,P2,BASE,0.00,0.00,104,F,89364,15.9004
25870,P2,BASE,0.00,0.00,104,F,89364,15.9004
25880,P2,BASE,0.00,0.00,104,F,89364,15.9004
25890,P2,BASE,0.00,0.00,104,F,89364,15.9004
25900,P2,BASE,0.00,0.00,104,F,89364,15.9004
25910,P2,BASE,0.00,0.00,104,F,89364,15.9004
25920,P2,BASE,0.00,0.00,104,F,89364,15.9004
25930,P2,BASE,0.00,0.00,104,F,89364,15.9004
25940,P2,BASE,0.00,0.00,104,F,89364,15.9004
25950,P2,BASE,0.00,0.00,104,F,89364,15.9004
25960,P2,BASE,0.00,0.00,104,F,89364,15.9004
25970,P2,BASE,0.00,0.00,104,F,89364,15.9004
25980,P2,BASE,0.00,0.00,104,F,89364,15.9004
25990,P2,BASE,0.00,0.00,104,F,89364,15.9004
26000,P2,BASE,0.00,0.00,104,F,89364,15.9004
26010,P2,BASE,0.00,0.00,104,F,89364,15.9004
26020,P2,BASE,0.00,0.00,104,F,89364,15.9004
26030,P2,BASE,0.00,0.00,104,F,89364,15.9004
26040,P2,BASE,0.00,0.00,104,F,89364,15.9004
26050,P2,BASE,0.00,0.00,104,F,89364,15.9004
26060,P2,BASE,0.00,0.00,104,F,89364,15.9004
26070,P2,BASE,0.00,0.00,104,F,89364,15.9004
26080,P2,BASE,0.00,0.00,104,F,89364,15.9004
26090,P2,BASE,0.00,0.00,104,F,89364,15.9004
26100,P2,BASE,0.00,0.00,104,F,89364,15.9004
26110,P2,BASE,0.00,0.00,104,F,89364,15.9004
26120,P2,BASE,0.00,0.00,104,F,89364,15.9004
26130,P2,BASE,0.00,0.00,104,F,89364,15.9004
26140,P2,BASE,0.00,0.00,104,F,89364,15.9004
26150,P2,BASE,0.00,0.00,104,F,89364,15.9004
26160,P2,BASE,0.00,0.00,104,F,89364,15.9004
26170,P2,BASE,0.00,0.00,104,F,89364,15.9004
26180,P2,BASE,0.00,0.00,104,F,89364,15.9004
26190,P2,BASE,0.00,0.00,104,F,89364,15.9004
26200,P2,BASE,0.00,0.00,104,F,89364,15.9004
26210,P2,BASE,0.00,0.00,104,F,89364,15.9004
26220,P2,BASE,0.00,0.00,104,F,89364,15.9004
26230,P2,BASE,0.00,0.00,104,F,89364,15.9004
26240,P2,BASE,0.00,0.00,104,F,89364,15.9004
26250,P2,BASE,0.00,0.00,104,F,89364,15.9004
26260,P2,BASE,0.00,0.00,104,F,89364,15.9004
26270,P2,BASE,0.00,0.00,104,F,89364,15.9004
26280,P2,BASE,0.00,0.00,104,F,89364,15.9004
26290,P2,BASE,0.00,0.00,104,F,89364,15.9004
26300,P2,BASE,0.00,0.00,104,F,89364,15.9004
26310,P2,BASE,0.00,0.00,104,F,89364,15.9004
26320,P2,BASE,0.00,0.00,104,F,89364,15.9004
26330,P2,BASE,0.00,0.00,104,F,89364,15.9004
26340,P2,BASE,0.00,0.00,104,F,89364,15.9004
26350,P2,BASE,0.00,0.00,104,F,89364,15.9004
26360,P2,BASE,0.00,0.00,104,F,89364,15.9004
26370,P2,BASE,0.00,0.00,104,F,89364,15.9004
26380,P2,BASE,0.00,0.00,104,F,89364,15.9004
26390,P2,BASE,0.00,0.00,104,F,89364,15.9004
26400,P2,BASE,0.00,0.00,104,F,89364,15.9004
26410,P2,BASE,0.00,0.00,104,F,89364,15.9004
26420,P2,BASE,0.00,0.00,104,F,89364,15.9004
26430,P2,BASE,0.00,0.00,104,F,89364,15.9004
26440,P2,BASE,0.00,0.00,104,F,89364,15.9004
26450,P2,BASE,0.00,0.00,104,F,89364,15.9004
26460,P2,BASE,0.00,0.00,104,F,89364,15.9004
26470,P2,BASE,0.00,0.00,104,F,89364,15.9004
26480,P2,BASE,0.00,0.00,104,F,89364,15.9004
26490,P2,BASE,0.00,0.00,104,F,89364,15.9004
26500,P2,BASE,0.00,0.00,104,F,89364,15.9004
26510,P2,BASE,0.00,0.00,104,F,89364,15.9004
26520,P2,BASE,0.00,0.00,104,F,89364,15.9004
26530,P2,BASE,0.00,0.00,104,F,89364,15.9004
26540,P2,BASE,0.00,0.00,104,F,89364,15.9004
26550,P2,BASE,0.00,0.00,104,F,89364,15.9004
26560,P2,BASE,0.00,0.00,104,F,89364,15.9004
26570,P2,BASE,0.00,0.00,104,F,89364,15.9004
26580,P2,BASE,0.00,0.00,104,F,89364,15.9004
26590,P2,BASE,0.00,0.00,104,F,89364,15.9004
26600,P2,BASE,0.00,0.00,104,F,89364,15.9004
26610,P2,BASE,0.00,0.00,104,F,89364,15.9004
26620,P2,BASE,0.00,0.00,104,F,89364,15.9004
26630,P2,BASE,0.00,0.00,104,F,89364,15.9004
26640,P2,BASE,0.00,0.00,104,F,89364,15.9004
26650,P2,BASE,0.00,0.00,104,F,89364,15.9004
26660,P2,BASE,0.00,0.00,104,F,89364,15.9004
26670,P2,BASE,0.00,0.00,104,F,89364,15.9004
26680,P2,BASE,0.00,0.00,104,F,89364,15.9004
26690,P2,BASE,0.00,0.00,104,F,89364,15.9004
26700,P2,BASE,0.00,0.00,104,F,89364,15.9004
26710,P2,BASE,0.00,0.00,104,F,89364,15.9004
26720,P2,BASE,0.00,0.00,104,F,89364,15.9004
26730,P2,BASE,0.00,0.00,104,F,89364,15.9004
26740,P2,BASE,0.00,0.00,104,F,89364,15.9004
26750,P2,BASE,0.00,0.00,104,F,89364,15.9004
26760,P2,BASE,0.00,0.00,104,F,89364,15.9004
26770,P2,BASE,0.00,0.00,104,F,89364,15.9004
26780,P2,BASE,0.00,0.00,104,F,89364,15.9004
26790,P2,BASE,0.00,0.00,104,F,89364,15.9004
26800,P2,BASE,0.00,0.00,104,F,89364,15.9004
26810,P2,BASE,0.00,0.00,104,F,89364,15.9004
26820,P2,BASE,0.00,0.00,104,F,89364,15.9004
26830,P2,BASE,0.00,0.00,104,F,89364,15.9004
26840,P2,BASE,0.00,0.00,104,F,89364,15.9004
26850,P2,BASE,0.00,0.00,104,F,89364,15.9004
26860,P2,BASE,0.00,0.00,104,F,89364,15.9004
26870,P2,BASE,0.00,0.00,104,F,89364,15.9004
26880,P2,BASE,0.00,0.00,104,F,89364,15.9004
26890,P2,BASE,0.00,0.00,104,F,89364,15.9004
26900,P2,BASE,0.00,0.00,104,F,89364,15.9004
26910,P2,BASE,0.00,0.00,104,F,89364,15.9004
26920,P2,BASE,0.00,0.00,104,F,89364,15.9004
26930,P2,BASE,0.00,0.00,104,F,89364,15.9004
26940,P2,BASE,0.00,0.00,104,F,89364,15.9004
26950,P2,BASE,0.00,0.00,104,F,89364,15.9004
26960,P2,BASE,0.00,0.00,104,F,89364,15.9004
26970,P2,BASE,0.00,0.00,104,F,89364,15.9004
26980,P2,BASE,0.00,0.00,104,F,89364,15.9004
26990,P2,BASE,0.00,0.00,104,F,89364,15.9004
27000,P2,BASE,0.00,0.00,104,F,89364,15.9004
27010,P2,BASE,0.00,0.00,104,F,89364,15.9004
27020,P2,BASE,0.00,0.00,104,F,89364,15.9004
27030,P2,BASE,0.00,0.00,104,F,89364,15.9004
27040,P2,BASE,0.00,0.00,104,F,89364,15.9004
27050,P2,BASE,0.00,0.00,104,F,89364,15.9004
27060,P2,BASE,0.00,0.00,104,F,89364,15.9004
27070,P2,BASE,0.00,0.00,104,F,89364,15.9004
27080,P2,BASE,0.00,0.00,104,F,89364,15.9004
27090,P2,BASE,0.00,0.00,104,F,89364,15.9004
27100,P2,BASE,0.00,0.00,104,F,89364,15.9004
27110,P2,BASE,0.00,0.00,104,F,89364,15.9004
27120,P2,BASE,0.00,0.00,104,F,89364,15.9004
27130,P2,BASE,0.00,0.00,104,F,89364,15.9004
27140,P2,BASE,0.00,0.00,104,F,89364,15.9004
27150,P2,BASE,0.00,0.00,104,F,89364,15.9004
27160,P2,BASE,0.00,0.00,104,F,89364,15.9004
27170,P2,BASE,0.00,0.00,104,F,89364,15.9004
27180,P2,BASE,0.00,0.00,104,F,89364,15.9004
27190,P2,BASE,0.00,0.00,104,F,89364,15.9004
27200,P2,BASE,0.00,0.00,104,F,89364,15.9004
27210,P2,BASE,0.00,0.00,104,F,89364,15.9004
27220,P2,BASE,0.00,0.00,104,F,89364,15.9004
27230,P2,BASE,0.00,0.00,104,F,89364,15.9004
27240,P2,BASE,0.00,0.00,104,F,89364,15.9004
27250,P2,BASE,0.00,0.00,104,F,89364,15.9004
27260,P2,BASE,0.00,0.00,104,F,89364,15.9004
27270,P2,BASE,0.00,0.00,104,F,89364,15.9004
27280,P2,BASE,0.00,0.00,104,F,89364,15.9004
27290,P2,BASE,0.00,0.00,104,F,89364,15.9004
27300,P2,BASE,0.00,0.00,104,F,89364,15.9004
27310,P2,BASE,0.00,0.00,104,F,89364,15.9004
27320,P2,BASE,0.00,0.00,104,F,89364,15.9004
27330,P2,BASE,0.00,0.00,104,F,89364,15.9004
27340,P2,BASE,0.00,0.00,104,F,89364,15.9004
27350,P2,BASE,0.00,0.00,104,F,89364,15.9004
27360,P2,BASE,0.00,0.00,104,F,89364,15.9004
27370,P2,BASE,0.00,0.00,104,F,89364,15.9004
27380,P2,BASE,0.00,0.00,104,F,89364,15.9004
27390,P2,BASE,0.00,0.00,104,F,89364,15.9004
27400,P2,BASE,0.00,0.00,104,F,89364,15.9004
27410,P2,BASE,0.00,0.00,104,F,89364,15.9004
27420,P2,BASE,0.00,0.00,104,F,89364,15.9004
27430,P2,BASE,0.00,0.00,104,F,89364,15.9004
27440,P2,BASE,0.00,0.00,104,F,89364,15.9004
27450,P2,BASE,0.00,0.00,104,F,89364,15.9004
27460,P2,BASE,0.00,0.00,104,F,89364,15.9004
27470,P2,BASE,0.00,0.00,104,F,89364,15.9004
27480,P2,BASE,0.00,0.00,104,F,89364,15.9004
27490,P2,BASE,0.00,0.00,104,F,89364,15.9004
27500,P2,BASE,0.00,0.00,104,F,89364,15.9004
27510,P2,BASE,0.00,0.00,104,F,89364,15.9004
27520,P2,BASE,0.00,0.00,104,F,89364,15.9004
27530,P2,BASE,0.00,0.00,104,F,89364,15.9004
27540,P2,BASE,0.00,0.00,104,F,89364,15.9004
27550,P2,BASE,0.00,0.00,104,F,89364,15.9004
27560,P2,BASE,0.00,0.00,104,F,89364,15.9004
27570,P2,BASE,0.00,0.00,104,F,89364,15.9004
27580,P2,BASE,0.00,0.00,104,F,89364,15.9004
27590,P2,BASE,0.00,0.00,104,F,89364,15.9004
27600,P2,BASE,0.00,0.00,104,F,89364,15.9004
27610,P2,BASE,0.00,0.00,104,F,89364,15.9004
27620,P2,BASE,0.00,0.00,104,F,89364,15.9004
27630,P2,BASE,0.00,0.00,104,F,89364,15.9004
27640,P2,BASE,0.00,0.00,104,F,89364,15.9004
27650,P2,BASE,0.00,0.00,104,F,89364,15.9004
27660,P2,BASE,0.00,0.00,104,F,89364,15.9004
27670,P2,BASE,0.00,0.00,104,F,89364,15.9004
27680,P2,BASE,0.00,0.00,104,F,89364,15.9004
27690,P2,BASE,0.00,0.00,104,F,89364,15.9004
27700,P2,BASE,0.00,0.00,104,F,89364,15.9004
27710,P2,BASE,0.00,0.00,104,F,89364,15.9004
27720,P2,BASE,0.00,0.00,104,F,89364,15.9004
27730,P2,BASE,0.00,0.00,104,F,89364,15.9004
27740,P2,BASE,0.00,0.00,104,F,89364,15.9004
27750,P2,BASE,0.00,0.00,104,F,89364,15.9004
27760,P2,BASE,0.00,0.00,104,F,89364,15.9004
27770,P2,BASE,0.00,0.00,104,F,89364,15.9004
27780,P2,BASE,0.00,0.00,104,F,89364,15.9004
27790,P2,BASE,0.00,0.00,104,F,89364,15.9004
27800,P2,BASE,0.00,0.00,104,F,89364,15.9004
27810,P2,BASE,0.00,0.00,104,F,89364,15.9004
27820,P2,BASE,0.00,0.00,104,F,89364,15.9004
27830,P2,BASE,0.00,0.00,104,F,89364,15.9004
27840,P2,BASE,0.00,0.00,104,F,89364,15.9004
27850,P2,BASE,0.00,0.00,104,F,89364,15.9004
27860,P2,BASE,0.00,0.00,104,F,89364,15.9004
27870,P2,BASE,0.00,0.00,104,F,89364,15.9004
27880,P2,BASE,0.00,0.00,104,F,89364,15.9004
27890,P2,BASE,0.00,0.00,104,F,89364,15.9004
27900,P2,BASE,0.00,0.00,104,F,89364,15.9004
27910,P2,BASE,0.00,0.00,104,F,89364,15.9004
27920,P2,BASE,0.00,0.00,104,F,89364,15.9004
27930,P2,BASE,0.00,0.00,104,F,89364,15.9004
27940,P2,BASE,0.00,0.00,104,F,89364,15.9004
27950,P2,BASE,0.00,0.00,104,F,89364,15.9004
27960,P2,BASE,0.00,0.00,104,F,89364,15.9004
27970,P2,BASE,0.00,0.00,104,F,89364,15.9004
27980,P2,BASE,0.00,0.00,104,F,89364,15.9004
27990,P2,BASE,0.00,0.00,104,F,89364,15.9004
28000,P2,BASE,0.00,0.00,104,F,89364,15.9004
28010,P2,BASE,-0.15,0.00,104,F,89364,15.8989
28020,P2,BASE,-0.30,0.00,104,F,89364,15.8959
28030,P2,BASE,-0.45,0.00,103,F,89364,15.8914
28040,P2,BASE,-0.60,0.00,103,F,89364,15.8854
28050,P2,BASE,-0.75,0.00,103,F,89364,15.8779
28060,P2,BASE,-0.90,0.00,103,F,89364,15.8689
28070,P2,BASE,-1.05,0.00,103,F,89364,15.8584
28080,P2,BASE,-1.20,0.00,102,F,89364,15.8464
28090,P2,BASE,-1.35,0.00,102,F,89364,15.8329
28100,P2,BASE,-1.50,0.00,102,F,89364,15.8179
28110,P2,BASE,-1.65,0.00,102,F,89364,15.8014
28120,P2,BASE,-1.80,0.00,101,F,89364,15.7834
28130,P2,BASE,-1.95,0.00,101,F,89364,15.7639
28140,P2,BASE,-2.10,0.00,101,F,89364,15.7429
28150,P2,BASE,-2.25,0.00,100,F,89364,15.7204
28160,P2,BASE,-2.40,0.00,100,F,89364,15.6964
28170,P2,BASE,-2.55,0.00,100,F,89364,15.6709
28180,P2,BASE,-2.70,0.00,99,F,89364,15.6439
28190,P2,BASE,-2.85,0.00,99,F,89364,15.6154
28200,P2,BASE,-3.00,0.00,99,F,89364,15.5854
28210,P2,BASE,-3.15,0.00,98,F,89364,15.5539
28220,P2,BASE,-3.30,0.00,98,F,89364,15.5209
28230,P2,BASE,-3.45,0.00,98,F,89364,15.4864
28240,P2,BASE,-3.60,0.00,97,F,89364,15.4504
28250,P2,BASE,-3.75,0.00,97,F,89364,15.4129
28260,P2,BASE,-3.90,0.00,97,F,89364,15.3739
28270,P2,BASE,-4.05,0.00,96,F,89364,15.3334
28280,P2,BASE,-4.20,0.00,96,F,89364,15.2914
28290,P2,BASE,-4.35,0.00,95,F,89364,15.2479
28300,P2,BASE,-4.50,0.00,95,F,89364,15.2029
28310,P2,BASE,-4.65,0.00,94,F,89364,15.1564
28320,P2,BASE,-4.80,0.00,94,F,89364,15.1084
28330,P2,BASE,-4.95,0.00,93,F,89364,15.0589
28340,P2,BASE,-5.10,0.00,93,F,89364,15.0079
28350,P2,BASE,-5.25,0.00,92,F,89364,14.9554
28360,P2,BASE,-5.40,0.00,92,F,89364,14.9014
28370,P2,BASE,-5.55,0.00,91,F,89364,14.8459
28380,P2,BASE,-5.70,0.00,91,F,89364,14.7889
28390,P2,BASE,-5.85,0.00,90,F,89364,14.7304
28400,P2,BASE,-6.00,0.00,90,F,89364,14.6704
28410,P2,BASE,-6.15,0.00,89,F,89364,14.6089
28420,P2,BASE,-6.30,0.00,89,F,89364,14.5459
28430,P2,BASE,-6.45,0.00,88,F,89364,14.4814
28440,P2,BASE,-6.60,0.00,87,F,89364,14.4154
28450,P2,BASE,-6.75,0.00,87,F,89364,14.3479
28460,P2,BASE,-6.90,0.00,86,F,89364,14.2789
28470,P2,BASE,-7.05,0.00,86,F,89364,14.2084
28480,P2,BASE,-7.20,0.00,85,F,89364,14.1364
28490,P2,BASE,-7.35,0.00,84,F,89364,14.0629
28500,P2,BASE,-7.50,0.00,84,F,89364,13.9879
28510,P2,BASE,-7.65,0.00,83,F,89364,13.9114
28520,P2,BASE,-7.80,0.00,82,F,89364,13.8334
28530,P2,BASE,-7.95,0.00,82,F,89364,13.7539
28540,P2,BASE,-8.10,0.00,81,F,89364,13.6729
28550,P2,BASE,-8.25,0.00,80,F,89364,13.5904
28560,P2,BASE,-8.40,0.00,80,F,89364,13.5064
28570,P2,BASE,-8.55,0.00,79,F,89364,13.4209
28580,P2,BASE,-8.70,0.00,78,F,89364,13.3339
28590,P2,BASE,-8.85,0.00,77,F,89364,13.2454
28600,P2,BASE,-9.00,0.00,77,F,89364,13.1554
28610,P2,BASE,-9.15,0.00,76,F,89364,13.0639
28620,P2,BASE,-9.30,0.00,75,F,89364,12.9709
28630,P2,BASE,-9.45,0.00,74,F,89364,12.8764
28640,P2,BASE,-9.60,0.00,74,F,89364,12.7804
28650,P2,BASE,-9.75,0.00,73,F,89364,12.6829
28660,P2,BASE,-9.90,0.00,72,F,89364,12.5839
28670,P2,BASE,-10.05,0.00,71,F,89364,12.4834
28680,P2,BASE,-10.20,0.00,70,F,89364,12.3814
28690,P2,BASE,-10.35,0.00,70,F,89364,12.2779
28700,P2,BASE,-10.50,0.00,69,F,89364,12.1729
28710,P2,BASE,-10.65,0.00,68,F,89364,12.0664
28720,P2,BASE,-10.80,0.00,67,F,89364,11.9584
28730,P2,BASE,-10.95,0.00,66,F,89364,11.8489
28740,P2,BASE,-11.10,0.00,65,F,89364,11.7379
28750,P2,BASE,-11.25,0.00,64,F,89364,11.6254
28760,P2,BASE,-11.40,0.00,64,F,89364,11.5114
28770,P2,BASE,-11.55,0.00,63,F,89364,11.3959
28780,P2,BASE,-11.70,0.00,62,F,89364,11.2789
28790,P2,BASE,-11.85,0.00,61,F,89364,11.1604
28800,P2,BASE,-12.00,0.00,60,F,89364,11.0404
28810,P2,BASE,-12.15,0.00,59,F,89364,10.9189
28820,P2,BASE,-12.30,0.00,58,F,89364,10.7959
28830,P2,BASE,-12.45,0.00,57,F,89364,10.6714
28840,P2,BASE,-12.60,0.00,56,F,89364,10.5454
28850,P2,BASE,-12.75,0.00,55,F,89364,10.4179
28860,P2,BASE,-12.90,0.00,54,F,89364,10.2889
28870,P2,BASE,-13.05,0.00,53,F,89364,10.1584
28880,P2,BASE,-13.20,0.00,52,F,89364,10.0264
28890,P2,BASE,-13.35,0.00,51,F,89364,9.8929
28900,P2,BASE,-13.50,0.00,50,F,89364,9.7579
28910,P2,BASE,-13.65,0.00,49,F,89364,9.6214
28920,P2,BASE,-13.80,0.00,48,F,89364,9.4834
28930,P2,BASE,-13.95,0.00,47,F,89364,9.3439
28940,P2,BASE,-14.10,0.00,46,F,89364,9.2029
28950,P2,BASE,-14.25,0.00,45,F,89364,9.0604
28960,P2,BASE,-14.40,0.00,43,F,89364,8.9164
28970,P2,BASE,-14.55,0.00,42,F,89364,8.7709
28980,P2,BASE,-14.70,0.00,41,F,89364,8.6239
28990,P2,BASE,-14.85,0.00,40,F,89364,8.4754
29000,P2,BASE,-15.00,0.00,39,F,89364,8.3254
29010,P2,BASE,-15.15,0.00,38,F,89364,8.1739
29020,P2,BASE,-15.30,0.00,37,F,89364,8.0209
29030,P2,BASE,-15.45,0.00,35,F,89364,7.8664
29040,P2,BASE,-15.60,0.00,34,F,89364,7.7104
29050,P2,BASE,-15.75,0.00,33,F,89364,7.5529
29060,P2,BASE,-15.90,0.00,32,F,89364,7.3939
29070,P2,BASE,-16.05,0.00,31,F,89364,7.2334
29080,P2,BASE,-16.20,0.00,29,F,89364,7.0714
29090,P2,BASE,-16.35,0.00,28,F,89364,6.9079
29100,P2,BASE,-16.50,0.00,27,F,89364,6.7429
29110,P2,BASE,-16.65,0.00,26,F,89364,6.5764
29120,P2,BASE,-16.80,0.00,24,F,89364,6.4084
29130,P2,BASE,-16.95,0.00,23,F,89364,6.2389
29140,P2,BASE,-17.10,0.00,22,F,89364,6.0679
29150,P2,BASE,-17.25,0.00,21,F,89364,5.8954
29160,P2,BASE,-17.40,0.00,19,F,89364,5.7214
29170,P2,BASE,-17.55,0.00,18,F,89364,5.5459
29180,P2,BASE,-17.70,0.00,17,F,89364,5.3689
29190,P2,BASE,-17.85,0.00,15,F,89364,5.1904
29200,P2,BASE,-18.00,0.00,14,F,89364,5.0104
29210,P2,BASE,-18.15,0.00,13,F,89364,4.8289
29220,P2,BASE,-18.30,0.00,11,F,89364,4.6459
29230,P2,BASE,-18.45,0.00,10,F,89364,4.4614
29240,P2,BASE,-18.60,0.00,9,F,89364,4.2754
29250,P2,BASE,-18.75,0.00,7,F,89364,4.0879
29260,P2,BASE,-18.90,0.00,6,F,89364,3.8989
29270,P2,BASE,-19.05,0.00,4,F,89364,3.7084
29280,P2,BASE,-19.20,0.00,3,F,89364,3.5164
29290,P2,BASE,-19.35,0.00,2,F,89364,3.3229
29300,P2,BASE,-19.50,0.00,0,N,89364,3.1279
29310,P2,BASE,-19.65,0.00,0,N,89364,2.9314
29320,P2,BASE,-19.80,0.00,-2,R,89364,2.7334
29330,P2,BASE,-19.95,0.00,-3,R,89364,2.5339
29340,P2,BASE,-20.10,0.00,-5,R,89364,2.3329
29350,P2,BASE,-20.25,0.00,-6,R,89364,2.1304
29360,P2,BASE,-20.40,0.00,-8,R,89364,1.9264
29370,P2,BASE,-20.55,0.00,-9,R,89364,1.7209
29380,P2,BASE,-20.70,0.00,-11,R,89364,1.5139
29390,P2,BASE,-20.85,0.00,-12,R,89364,1.3054
29400,P2,BASE,-21.00,0.00,-14,R,89364,1.0954
29410,P2,BASE,-21.15,0.00,-15,R,89364,0.8839
29420,P2,BASE,-21.30,0.00,-17,R,89364,0.6709
29430,P2,BASE,-21.45,0.00,-18,R,89364,0.4564
29440,P2,BASE,-21.60,0.00,-20,R,89364,0.2404
29450,P2,BASE,-21.75,0.00,-21,R,89364,0.0229
29460,P2,BASE,-21.90,0.00,-23,R,89364,-0.1961
29470,P2,BASE,-22.05,0.00,-25,R,89364,-0.4166
29480,P2,BASE,-22.20,0.00,-26,R,89364,-0.6386
29490,P2,BASE,-22.35,0.00,-28,R,89364,-0.8621
29500,P2,BASE,-22.50,0.00,-30,R,89364,-1.0871
29510,P2,BASE,-22.65,0.00,-31,R,89364,-1.3136
29520,P2,BASE,-22.80,0.00,-33,R,89364,-1.5416
29530,P2,BASE,-22.95,0.00,-34,R,89364,-1.7711
29540,P2,BASE,-23.10,0.00,-36,R,89364,-2.0021
29550,P2,BASE,-23.25,0.00,-38,R,89364,-2.2346
29560,P2,BASE,-23.40,0.00,-40,R,89364,-2.4686
29570,P2,BASE,-23.55,0.00,-41,R,89364,-2.7041
29580,P2,BASE,-23.70,0.00,-43,R,89364,-2.9411
29590,P2,BASE,-23.85,0.00,-45,R,89364,-3.1796
29600,P2,BASE,-24.00,0.00,-46,R,89364,-3.4196
29610,P2,BASE,-24.15,0.00,-48,R,89364,-3.6611
29620,P2,BASE,-24.30,0.00,-50,R,89364,-3.9041
29630,P2,BASE,-24.45,0.00,-52,R,89364,-4.1486
29640,P2,BASE,-24.60,0.00,-53,R,89364,-4.3946
29650,P2,BASE,-24.75,0.00,-55,R,89364,-4.6421
29660,P2,BASE,-24.90,0.00,-57,R,89364,-4.8911
29670,P2,BASE,-25.05,0.00,-59,R,89364,-5.1416
29680,P2,BASE,-25.20,0.00,-61,R,89364,-5.3936
29690,P2,BASE,-25.35,0.00,-62,R,89364,-5.6471
29700,P2,BASE,-25.50,0.00,-64,R,89364,-5.9021
29710,P2,BASE,-25.65,0.00,-66,R,89364,-6.1586
29720,P2,BASE,-25.80,0.00,-68,R,89364,-6.4166
29730,P2,BASE,-25.95,0.00,-70,R,89364,-6.6761
29740,P2,BASE,-26.10,0.00,-72,R,89364,-6.9371
29750,P2,BASE,-26.25,0.00,-74,R,89364,-7.1996
29760,P2,BASE,-26.40,0.00,-75,R,89364,-7.4636
29770,P2,BASE,-26.55,0.00,-77,R,89364,-7.7291
29780,P2,BASE,-26.70,0.00,-79,R,89364,-7.9961
29790,P2,BASE,-26.85,0.00,-81,R,89364,-8.2646
29800,P2,BASE,-27.00,0.00,-83,R,89364,-8.5346
29810,P2,BASE,-27.15,0.00,-85,R,89364,-8.8061
29820,P2,BASE,-27.30,0.00,-87,R,89364,-9.0791
29830,P2,BASE,-27.45,0.00,-89,R,89364,-9.3536
29840,P2,BASE,-27.60,0.00,-91,R,89364,-9.6296
29850,P2,BASE,-27.75,0.00,-93,R,89364,-9.9071
29860,P2,BASE,-27.90,0.00,-95,R,89364,-10.1861
29870,P2,BASE,-28.05,0.00,-97,R,89364,-10.4666
29880,P2,BASE,-28.20,0.00,-99,R,89364,-10.7486
29890,P2,BASE,-28.35,0.00,-101,R,89364,-11.0321
29900,P2,BASE,-28.50,0.00,-103,R,89364,-11.3171
29910,P2,BASE,-28.65,0.00,-105,R,89364,-11.6036
29920,P2,BASE,-28.80,0.00,-107,R,89364,-11.8916
29930,P2,BASE,-28.95,0.00,-109,R,89364,-12.1811
29940,P2,BASE,-29.10,0.00,-111,R,89364,-12.4721
29950,P2,BASE,-29.25,0.00,-113,R,89364,-12.7646
29960,P2,BASE,-29.40,0.00,-115,R,89364,-13.0586
29970,P2,BASE,-29.55,0.00,-117,R,89364,-13.3541
29980,P2,BASE,-29.70,0.00,-119,R,89364,-13.6511
29990,P2,BASE,-29.85,0.00,-121,R,89364,-13.9496
30000,P2,BASE,-30.00,0.00,-124,R,89364,-14.2496
30010,P2,BASE,-30.15,0.00,-126,R,89364,-14.5511
30020,P2,BASE,-30.30,-2.50,-125,R,89363,-14.8291
30030,P2,BASE,-30.45,-2.50,-127,R,89362,-15.1086
30040,P2,BASE,-30.60,-7.50,-124,R,89359,-15.3396
30050,P2,BASE,-30.75,-7.50,-125,R,89356,-15.5721
30060,P2,BASE,-30.90,-7.50,-127,R,89353,-15.8061
30070,P2,BASE,-31.05,-12.50,-123,R,89348,-15.9916
30080,P2,BASE,-31.20,-10.00,-127,R,89344,-16.2036
30090,P2,BASE,-31.35,-12.50,-126,R,89339,-16.3921
30100,P2,BASE,-31.50,-12.50,-128,R,89334,-16.5821
30110,P2,BASE,-31.65,-15.00,-126,R,89328,-16.7486
30120,P2,BASE,-31.80,-15.00,-128,R,89322,-16.9166
30130,P2,BASE,-31.95,-15.00,-129,R,89316,-17.0861
30140,P2,BASE,-32.10,-17.50,-128,R,89309,-17.2321
30150,P2,BASE,-32.25,-17.50,-129,R,89302,-17.3796
30160,P2,BASE,-32.40,-17.50,-130,R,89295,-17.5286
30170,P2,BASE,-32.55,-20.00,-128,R,89287,-17.6541
30180,P2,BASE,-32.70,-20.00,-129,R,89279,-17.7811
30190,P2,BASE,-32.85,-20.00,-130,R,89271,-17.9096
30200,P2,BASE,-33.00,-22.50,-129,R,89262,-18.0146
30210,P2,BASE,-33.15,-22.50,-129,R,89253,-18.1211
30220,P2,BASE,-33.30,-22.50,-130,R,89244,-18.2291
30230,P2,BASE,-33.45,-25.00,-128,R,89234,-18.3135
30240,P2,BASE,-33.60,-24.99,-129,R,89224,-18.3996
30250,P2,BASE,-33.75,-25.00,-130,R,89214,-18.4871
30260,P2,BASE,-33.90,-25.01,-131,R,89204,-18.5760
30270,P2,BASE,-34.05,-25.00,-131,R,89194,-18.6666
30280,P2,BASE,-34.20,-27.50,-129,R,89183,-18.7336
30290,P2,BASE,-34.35,-27.51,-130,R,89172,-18.8020
30300,P2,BASE,-34.50,-27.49,-131,R,89161,-18.8721
30310,P2,BASE,-34.65,-30.00,-128,R,89149,-18.9186
30320,P2,BASE,-34.80,-27.51,-132,R,89138,-18.9916
30330,P2,BASE,-34.95,-30.00,-130,R,89126,-19.0410
30340,P2,BASE,-35.10,-29.98,-130,R,89114,-19.0922
30350,P2,BASE,-35.25,-30.01,-131,R,89102,-19.1446
30360,P2,BASE,-35.40,-30.00,-131,R,89090,-19.1986
30370,P2,BASE,-35.55,-30.01,-132,R,89078,-19.2540
30380,P2,BASE,-35.70,-30.00,-132,R,89066,-19.3110
30390,P2,BASE,-35.85,-32.50,-130,R,89053,-19.3445
30400,P2,BASE,-36.00,-32.49,-130,R,89040,-19.3797
30410,P2,BASE,-36.15,-32.51,-131,R,89027,-19.4161
30420,P2,BASE,-36.30,-32.50,-131,R,89014,-19.4541
30430,P2,BASE,-36.45,-32.50,-132,R,89001,-19.4936
30440,P2,BASE,-36.60,-32.50,-132,R,88988,-19.5346
30450,P2,BASE,-36.75,-35.00,-130,R,88974,-19.5521
30460,P2,BASE,-36.90,-32.50,-133,R,88961,-19.5961
30470,P2,BASE,-37.05,-35.01,-130,R,88947,-19.6165
30480,P2,BASE,-37.20,-37.49,-128,R,88932,-19.6136
30490,P2,BASE,-37.35,-35.01,-131,R,88918,-19.6371
30500,P2,BASE,-37.50,-34.99,-131,R,88904,-19.6621
30510,P2,BASE,-37.65,-35.00,-132,R,88890,-19.6887
30520,P2,BASE,-37.80,-37.51,-129,R,88875,-19.6916
30530,P2,BASE,-37.95,-40.00,-127,R,88859,-19.6711
30540,P2,BASE,-38.10,-37.50,-129,R,88844,-19.6771
30550,P2,BASE,-38.25,-37.50,-130,R,88829,-19.6846
30560,P2,BASE,-38.40,-40.00,-127,R,88813,-19.6686
30570,P2,BASE,-38.55,-37.50,-130,R,88798,-19.6790
30580,P2,BASE,-38.70,-39.99,-127,R,88782,-19.6661
30590,P2,BASE,-38.85,-37.49,-130,R,88767,-19.6797
30600,P2,BASE,-39.00,-40.01,-128,R,88751,-19.6696
30610,P2,BASE,-39.15,-42.49,-125,R,88734,-19.6361
30620,P2,BASE,-39.30,-37.50,-130,R,88719,-19.6541
30630,P2,BASE,-39.45,-40.00,-128,R,88703,-19.6486
30640,P2,BASE,-39.60,-40.01,-128,R,88687,-19.6446
30650,P2,BASE,-39.75,-42.50,-126,R,88670,-19.6171
30660,P2,BASE,-39.90,-40.00,-128,R,88654,-19.6161
30670,P2,BASE,-40.05,-40.00,-128,R,88638,-19.6165
30680,P2,BASE,-40.20,-42.49,-126,R,88621,-19.5936
30690,P2,BASE,-40.35,-40.00,-129,R,88605,-19.5971
30700,P2,BASE,-40.50,-42.50,-126,R,88588,-19.5771
30710,P2,BASE,-40.65,-40.00,-129,R,88572,-19.5836
30720,P2,BASE,-40.80,-42.50,-126,R,88555,-19.5666
30730,P2,BASE,-40.95,-42.50,-126,R,88538,-19.5511
30740,P2,BASE,-41.10,-42.51,-126,R,88521,-19.5370
30750,P2,BASE,-41.25,-42.50,-126,R,88504,-19.5246
30760,P2,BASE,-41.40,-42.49,-127,R,88487,-19.5137
30770,P2,BASE,-41.55,-42.52,-127,R,88470,-19.5040
30780,P2,BASE,-41.70,-40.00,-129,R,88454,-19.5211
30790,P2,BASE,-41.85,-42.50,-127,R,88437,-19.5146
30800,P2,BASE,-42.00,-42.50,-127,R,88420,-19.5097
30810,P2,BASE,-42.15,-40.01,-130,R,88404,-19.5310
30820,P2,BASE,-42.30,-40.00,-130,R,88388,-19.5541
30830,P2,BASE,-42.45,-42.50,-128,R,88371,-19.5536
30840,P2,BASE,-42.60,-40.00,-131,R,88355,-19.5795
30850,P2,BASE,-42.75,-40.00,-131,R,88339,-19.6071
30860,P2,BASE,-42.90,-42.50,-129,R,88322,-19.6111
30870,P2,BASE,-43.05,-42.49,-129,R,88305,-19.6167
30880,P2,BASE,-43.20,-37.50,-135,R,88290,-19.6737
30890,P2,BASE,-43.35,-40.01,-132,R,88274,-19.7070
30900,P2,BASE,-43.50,-42.48,-130,R,88257,-19.7172
30910,P2,BASE,-43.65,-42.52,-130,R,88240,-19.7285
30920,P2,BASE,-43.80,-39.99,-133,R,88224,-19.7667
30930,P2,BASE,-43.95,-40.00,-134,R,88208,-19.8061
30940,P2,BASE,-44.10,-42.50,-131,R,88191,-19.8221
30950,P2,BASE,-44.25,-37.49,-137,R,88176,-19.8897
30960,P2,BASE,-44.40,-40.00,-135,R,88160,-19.9337
30970,P2,BASE,-44.55,-42.50,-133,R,88143,-19.9541
30980,P2,BASE,-44.70,-42.51,-133,R,88126,-19.9760
30990,P2,BASE,-44.85,-39.99,-136,R,88110,-20.0246
31000,P2,BASE,-45.00,-40.01,-136,R,88094,-20.0745
31010,P2,BASE,-45.15,-42.49,-134,R,88077,-20.1012
31020,P2,BASE,-45.30,-40.00,-137,R,88061,-20.1541
31030,P2,BASE,-45.45,-40.00,-138,R,88045,-20.2086
31040,P2,BASE,-45.60,-45.00,-133,R,88027,-20.2146
31050,P2,BASE,-45.75,-40.00,-138,R,88011,-20.2722
31060,P2,BASE,-45.90,-42.50,-136,R,87994,-20.3061
31070,P2,BASE,-46.05,-42.50,-137,R,87977,-20.3417
31080,P2,BASE,-46.20,-42.50,-137,R,87960,-20.3787
31090,P2,BASE,-46.35,-42.51,-137,R,87943,-20.4171
31100,P2,BASE,-46.50,-42.49,-138,R,87926,-20.4572
31110,P2,BASE,-46.65,-45.01,-136,R,87908,-20.4736
31120,P2,BASE,-46.80,-42.51,-139,R,87891,-20.5165
31130,P2,BASE,-46.95,-42.50,-139,R,87874,-20.5610
31140,P2,BASE,-47.10,-44.99,-137,R,87856,-20.5822
31150,P2,BASE,-47.25,-45.00,-137,R,87838,-20.6046
31160,P2,BASE,-47.40,-42.50,-140,R,87821,-20.6536
31170,P2,BASE,-47.55,-45.00,-138,R,87803,-20.6791
31180,P2,BASE,-47.70,-44.98,-138,R,87785,-20.7063
31190,P2,BASE,-47.85,-42.52,-141,R,87768,-20.7596
31200,P2,BASE,-48.00,-45.01,-139,R,87750,-20.7895
31210,P2,BASE,-48.15,-45.00,-139,R,87732,-20.8211
31220,P2,BASE,-48.30,-47.50,-137,R,87713,-20.8291
31230,P2,BASE,-48.45,-45.00,-140,R,87695,-20.8637
31240,P2,BASE,-48.60,-47.51,-138,R,87676,-20.8746
31250,P2,BASE,-48.75,-47.50,-138,R,87657,-20.8871
31260,P2,BASE,-48.90,-49.99,-135,R,87637,-20.8762
31270,P2,BASE,-49.05,-45.00,-141,R,87619,-20.9167
31280,P2,BASE,-49.20,-50.02,-136,R,87599,-20.9086
31290,P2,BASE,-49.35,-50.01,-136,R,87579,-20.9020
31300,P2,BASE,-49.50,-45.00,-142,R,87561,-20.9470
31310,P2,BASE,-49.65,-49.99,-137,R,87541,-20.9436
31320,P2,BASE,-49.80,-50.01,-137,R,87521,-20.9415
31330,P2,BASE,-49.95,-47.50,-140,R,87502,-20.9660
31340,P2,BASE,-50.10,-49.99,-137,R,87482,-20.9671
31350,P2,BASE,-50.25,-49.99,-137,R,87462,-20.9697
31360,P2,BASE,-50.40,-50.01,-138,R,87442,-20.9736
31370,P2,BASE,-50.55,-50.01,-138,R,87422,-20.9791
31380,P2,BASE,-50.70,-47.50,-141,R,87403,-21.0110
31390,P2,BASE,-50.85,-50.00,-138,R,87383,-21.0195
31400,P2,BASE,-51.00,-49.99,-139,R,87363,-21.0296
31410,P2,BASE,-51.15,-50.00,-139,R,87343,-21.0411
31420,P2,BASE,-51.30,-49.99,-139,R,87323,-21.0542
31430,P2,BASE,-51.45,-52.51,-137,R,87302,-21.0436
31440,P2,BASE,-51.60,-49.99,-139,R,87282,-21.0596
31450,P2,BASE,-51.75,-49.99,-140,R,87262,-21.0772
31460,P2,BASE,-51.90,-50.01,-140,R,87242,-21.0962
31470,P2,BASE,-52.05,-49.99,-140,R,87222,-21.1167
31480,P2,BASE,-52.20,-47.52,-143,R,87203,-21.1635
31490,P2,BASE,-52.35,-49.99,-141,R,87183,-21.1871
31500,P2,BASE,-52.50,-50.01,-141,R,87163,-21.2120
31510,P2,BASE,-52.65,-47.50,-144,R,87144,-21.2636
31520,P2,BASE,-52.80,-50.00,-142,R,87124,-21.2916
31530,P2,BASE,-52.95,-52.50,-140,R,87103,-21.2961
31540,P2,BASE,-53.10,-47.49,-145,R,87084,-21.3522
31550,P2,BASE,-53.25,-52.51,-141,R,87063,-21.3596
31560,P2,BASE,-53.40,-50.01,-143,R,87043,-21.3936
31570,P2,BASE,-53.55,-52.49,-141,R,87022,-21.4042
31580,P2,BASE,-53.70,-50.01,-144,R,87002,-21.4411
31590,P2,BASE,-53.85,-52.51,-142,R,86981,-21.4545
31600,P2,BASE,-54.00,-52.50,-142,R,86960,-21.4695
31610,P2,BASE,-54.15,-52.50,-142,R,86939,-21.4860
31620,P2,BASE,-54.30,-52.48,-143,R,86918,-21.5042
31630,P2,BASE,-54.45,-52.52,-143,R,86897,-21.5235
31640,P2,BASE,-54.60,-52.50,-143,R,86876,-21.5445
31650,P2,BASE,-54.75,-49.99,-146,R,86856,-21.5921
31660,P2,BASE,-54.90,-55.00,-141,R,86834,-21.5911
31670,P2,BASE,-55.05,-52.49,-144,R,86813,-21.6167
31680,P2,BASE,-55.20,-52.52,-144,R,86792,-21.6436
31690,P2,BASE,-55.35,-52.49,-145,R,86771,-21.6722
31700,P2,BASE,-55.50,-55.00,-142,R,86749,-21.6772
31710,P2,BASE,-55.65,-52.50,-145,R,86728,-21.7087
31720,P2,BASE,-55.80,-52.50,-146,R,86707,-21.7417
31730,P2,BASE,-55.95,-55.01,-143,R,86685,-21.7511
31740,P2,BASE,-56.10,-52.49,-146,R,86664,-21.7872
31750,P2,BASE,-56.25,-52.50,-147,R,86643,-21.8247
31760,P2,BASE,-56.40,-55.00,-144,R,86621,-21.8387
31770,P2,BASE,-56.55,-49.99,-150,R,86601,-21.9042
31780,P2,BASE,-56.70,-55.02,-145,R,86579,-21.9210
31790,P2,BASE,-56.85,-52.48,-148,R,86558,-21.9647
31800,P2,BASE,-57.00,-55.01,-146,R,86536,-21.9846
31810,P2,BASE,-57.15,-55.01,-146,R,86514,-22.0060
31820,P2,BASE,-57.30,-54.99,-147,R,86492,-22.0290
31830,P2,BASE,-57.45,-52.49,-150,R,86471,-22.0786
31840,P2,BASE,-57.60,-57.51,-145,R,86448,-22.0795
31850,P2,BASE,-57.75,-57.50,-145,R,86425,-22.0820
31860,P2,BASE,-57.90,-54.99,-148,R,86403,-22.1111
31870,P2,BASE,-58.05,-57.51,-145,R,86380,-22.1166
31880,P2,BASE,-58.20,-55.01,-148,R,86358,-22.1485
31890,P2,BASE,-58.35,-59.99,-143,R,86334,-22.1321
31900,P2,BASE,-58.50,-57.51,-146,R,86311,-22.1420
31910,P2,BASE,-58.65,-57.49,-146,R,86288,-22.1535
31920,P2,BASE,-58.80,-60.01,-144,R,86264,-22.1415
31930,P2,BASE,-58.95,-54.98,-149,R,86242,-22.1811
31940,P2,BASE,-59.10,-60.00,-144,R,86218,-22.1721
31950,P2,BASE,-59.25,-60.02,-144,R,86194,-22.1644
31960,P2,BASE,-59.40,-57.49,-147,R,86171,-22.1835
31970,P2,BASE,-59.55,-62.51,-142,R,86146,-22.1539
31980,P2,BASE,-59.70,-57.48,-147,R,86123,-22.1761
31990,P2,BASE,-59.85,-62.50,-142,R,86098,-22.1496
32000,P2,BASE,-60.00,-60.00,-145,R,86074,-22.1496
32010,P2,BASE,-60.15,-60.01,-145,R,86050,-22.1511
32020,P2,BASE,-60.30,-60.01,-145,R,86026,-22.1540
32030,P2,BASE,-60.45,-60.01,-145,R,86002,-22.1584
32040,P2,BASE,-60.60,-59.98,-146,R,85978,-22.1646
32050,P2,BASE,-60.75,-60.01,-146,R,85954,-22.1721
32060,P2,BASE,-60.90,-57.49,-149,R,85931,-22.2062
32070,P2,BASE,-61.05,-60.02,-146,R,85907,-22.2165
32080,P2,BASE,-61.20,-57.49,-149,R,85884,-22.2536
32090,P2,BASE,-61.35,-62.49,-144,R,85859,-22.2422
32100,P2,BASE,-61.50,-60.02,-147,R,85835,-22.2570
32110,P2,BASE,-61.65,-57.49,-150,R,85812,-22.2985
32120,P2,BASE,-61.80,-59.99,-148,R,85788,-22.3166
32130,P2,BASE,-61.95,-57.50,-151,R,85765,-22.3611
32140,P2,BASE,-62.10,-62.51,-146,R,85740,-22.3570
32150,P2,BASE,-62.25,-59.98,-149,R,85716,-22.3797
32160,P2,BASE,-62.40,-57.52,-152,R,85693,-22.4285
32170,P2,BASE,-62.55,-60.01,-150,R,85669,-22.4539
32180,P2,BASE,-62.70,-59.98,-150,R,85645,-22.4811
32190,P2,BASE,-62.85,-60.01,-150,R,85621,-22.5096
32200,P2,BASE,-63.00,-60.01,-151,R,85597,-22.5395
32210,P2,BASE,-63.15,-59.99,-151,R,85573,-22.5711
32220,P2,BASE,-63.30,-62.51,-149,R,85548,-22.5790
32230,P2,BASE,-63.45,-60.00,-152,R,85524,-22.6135
32240,P2,BASE,-63.60,-59.98,-152,R,85500,-22.6497
32250,P2,BASE,-63.75,-62.51,-150,R,85475,-22.6621
32260,P2,BASE,-63.90,-60.00,-153,R,85451,-22.7011
32270,P2,BASE,-64.05,-62.49,-150,R,85426,-22.7167
32280,P2,BASE,-64.20,-60.01,-153,R,85402,-22.7586
32290,P2,BASE,-64.35,-60.01,-154,R,85378,-22.8020
32300,P2,BASE,-64.50,-60.00,-154,R,85354,-22.8470
32310,P2,BASE,-64.65,-60.01,-155,R,85330,-22.8935
32320,P2,BASE,-64.80,-62.50,-152,R,85305,-22.9165
32330,P2,BASE,-64.95,-59.99,-155,R,85281,-22.9661
32340,P2,BASE,-65.10,-64.99,-150,R,85255,-22.9671
32350,P2,BASE,-65.25,-65.01,-151,R,85229,-22.9695
32360,P2,BASE,-65.40,-62.51,-153,R,85204,-22.9984
32370,P2,BASE,-65.55,-64.99,-151,R,85178,-23.0041
32380,P2,BASE,-65.70,-59.99,-157,R,85154,-23.0611
32390,P2,BASE,-65.85,-67.51,-149,R,85127,-23.0445
32400,P2,BASE,-66.00,-62.51,-155,R,85102,-23.0794
32410,P2,BASE,-66.15,-65.00,-152,R,85076,-23.0909
32420,P2,BASE,-66.30,-64.99,-153,R,85050,-23.1040
32430,P2,BASE,-66.45,-62.49,-156,R,85025,-23.1436
32440,P2,BASE,-66.60,-65.01,-153,R,84999,-23.1595
32450,P2,BASE,-66.75,-64.99,-154,R,84973,-23.1771
32460,P2,BASE,-66.90,-67.51,-151,R,84946,-23.1710
32470,P2,BASE,-67.05,-62.50,-157,R,84921,-23.2165
32480,P2,BASE,-67.20,-67.49,-152,R,84894,-23.2136
32490,P2,BASE,-67.35,-65.00,-155,R,84868,-23.2371
32500,P2,BASE,-67.50,-65.02,-155,R,84842,-23.2619
32510,P2,BASE,-67.65,-64.99,-155,R,84816,-23.2885
32520,P2,BASE,-67.80,-65.00,-155,R,84790,-23.3165
32530,P2,BASE,-67.95,-62.51,-159,R,84765,-23.3710
32540,P2,BASE,-68.10,-64.99,-156,R,84739,-23.4021
32550,P2,BASE,-68.25,-65.01,-157,R,84713,-23.4345
32560,P2,BASE,-68.40,-62.51,-160,R,84688,-23.4934
32570,P2,BASE,-68.55,-67.50,-155,R,84661,-23.5039
32580,P2,BASE,-68.70,-65.00,-158,R,84635,-23.5409
32590,P2,BASE,-68.85,-67.47,-156,R,84608,-23.5547
32600,P2,BASE,-69.00,-67.52,-156,R,84581,-23.5695
32610,P2,BASE,-69.15,-67.49,-156,R,84554,-23.5861
32620,P2,BASE,-69.30,-70.01,-154,R,84526,-23.5791
32630,P2,BASE,-69.45,-67.51,-156,R,84499,-23.5985
32640,P2,BASE,-69.60,-67.51,-157,R,84472,-23.6194
32650,P2,BASE,-69.75,-67.49,-157,R,84445,-23.6421
32660,P2,BASE,-69.90,-69.99,-155,R,84417,-23.6412
32670,P2,BASE,-70.05,-67.51,-158,R,84390,-23.6666
32680,P2,BASE,-70.20,-70.01,-155,R,84362,-23.6684
32690,P2,BASE,-70.35,-67.49,-158,R,84335,-23.6970
32700,P2,BASE,-70.50,-69.98,-156,R,84307,-23.7022
32710,P2,BASE,-70.65,-70.03,-156,R,84279,-23.7084
32720,P2,BASE,-70.80,-67.49,-159,R,84252,-23.7416
32730,P2,BASE,-70.95,-69.99,-156,R,84224,-23.7511
32740,P2,BASE,-71.10,-67.51,-159,R,84197,-23.7870
32750,P2,BASE,-71.25,-67.50,-160,R,84170,-23.8245
32760,P2,BASE,-71.40,-67.51,-160,R,84143,-23.8634
32770,P2,BASE,-71.55,-69.99,-158,R,84115,-23.8790
32780,P2,BASE,-71.70,-69.97,-158,R,84087,-23.8963
32790,P2,BASE,-71.85,-70.02,-158,R,84059,-23.9146
32800,P2,BASE,-72.00,-70.01,-159,R,84031,-23.9345
32810,P2,BASE,-72.15,-69.99,-159,R,84003,-23.9561
32820,P2,BASE,-72.30,-70.00,-159,R,83975,-23.9791
32830,P2,BASE,-72.45,-72.49,-157,R,83946,-23.9786
32840,P2,BASE,-72.60,-70.02,-160,R,83918,-24.0044
32850,P2,BASE,-72.75,-72.47,-157,R,83889,-24.0072
32860,P2,BASE,-72.90,-72.51,-158,R,83860,-24.0111
32870,P2,BASE,-73.05,-70.00,-161,R,83832,-24.0416
32880,P2,BASE,-73.20,-72.52,-158,R,83803,-24.0484
32890,P2,BASE,-73.35,-72.49,-158,R,83774,-24.0571
32900,P2,BASE,-73.50,-75.01,-156,R,83744,-24.0419
32910,P2,BASE,-73.65,-74.99,-156,R,83714,-24.0286
32920,P2,BASE,-73.80,-74.99,-156,R,83684,-24.0166
32930,P2,BASE,-73.95,-72.52,-159,R,83655,-24.0309
32940,P2,BASE,-74.10,-72.49,-159,R,83626,-24.0470
32950,P2,BASE,-74.25,-72.49,-159,R,83597,-24.0646
32960,P2,BASE,-74.40,-75.00,-157,R,83567,-24.0586
32970,P2,BASE,-74.55,-70.01,-162,R,83539,-24.1041
32980,P2,BASE,-74.70,-75.01,-157,R,83509,-24.1009
32990,P2,BASE,-74.85,-72.49,-160,R,83480,-24.1245
33000,P2,BASE,-75.00,-72.51,-161,R,83451,-24.1494
33010,P2,BASE,-75.15,-72.48,-161,R,83422,-24.1761
33020,P2,BASE,-75.30,-75.01,-159,R,83392,-24.1791
33030,P2,BASE,-75.45,-72.51,-161,R,83363,-24.2085
33040,P2,BASE,-75.60,-75.00,-159,R,83333,-24.2145
33050,P2,BASE,-75.75,-72.50,-162,R,83304,-24.2470
33060,P2,BASE,-75.90,-75.00,-160,R,83274,-24.2560
33070,P2,BASE,-76.05,-72.50,-163,R,83245,-24.2915
33080,P2,BASE,-76.20,-75.01,-160,R,83215,-24.3034
33090,P2,BASE,-76.35,-74.99,-161,R,83185,-24.3170
33100,P2,BASE,-76.50,-74.99,-161,R,83155,-24.3321
33110,P2,BASE,-76.65,-75.02,-161,R,83125,-24.3484
33120,P2,BASE,-76.80,-72.50,-164,R,83096,-24.3914
33130,P2,BASE,-76.95,-74.98,-162,R,83066,-24.4111
33140,P2,BASE,-77.10,-75.01,-162,R,83036,-24.4321
33150,P2,BASE,-77.25,-72.51,-165,R,83007,-24.4795
33160,P2,BASE,-77.40,-74.97,-163,R,82977,-24.5038
33170,P2,BASE,-77.55,-72.54,-166,R,82948,-24.5539
33180,P2,BASE,-77.70,-72.49,-166,R,82919,-24.6060
33190,P2,BASE,-77.85,-75.01,-164,R,82889,-24.6344
33200,P2,BASE,-78.00,-74.97,-165,R,82859,-24.6647
33210,P2,BASE,-78.15,-77.53,-162,R,82828,-24.6709
33220,P2,BASE,-78.30,-75.00,-165,R,82798,-24.7039
33230,P2,BASE,-78.45,-74.95,-166,R,82768,-24.7389
33240,P2,BASE,-78.60,-75.05,-166,R,82738,-24.7745
33250,P2,BASE,-78.75,-74.99,-166,R,82708,-24.8121
33260,P2,BASE,-78.90,-75.01,-167,R,82678,-24.8510
33270,P2,BASE,-79.05,-77.51,-164,R,82647,-24.8664
33280,P2,BASE,-79.20,-74.99,-167,R,82617,-24.9085
33290,P2,BASE,-79.35,-74.99,-168,R,82587,-24.9521
33300,P2,BASE,-79.50,-77.50,-166,R,82556,-24.9721
33310,P2,BASE,-79.65,-75.01,-169,R,82526,-25.0185
33320,P2,BASE,-79.80,-77.49,-166,R,82495,-25.0416
33330,P2,BASE,-79.95,-74.99,-169,R,82465,-25.0911
33340,P2,BASE,-80.10,-75.01,-170,R,82435,-25.1420
33350,P2,BASE,-80.25,-75.01,-170,R,82405,-25.1944
33360,P2,BASE,-80.40,-74.99,-171,R,82375,-25.2485
33370,P2,BASE,-80.55,-72.49,-174,R,82346,-25.3291
33380,P2,BASE,-80.70,-74.99,-172,R,82316,-25.3861
33390,P2,BASE,-80.85,-72.51,-175,R,82287,-25.4696
33400,P2,BASE,-81.00,-77.51,-171,R,82256,-25.5045
33410,P2,BASE,-81.15,-77.51,-171,R,82225,-25.5409
33420,P2,BASE,-81.30,-77.48,-171,R,82194,-25.5791
33430,P2,BASE,-81.45,-74.99,-174,R,82164,-25.6436
33440,P2,BASE,-81.60,-80.01,-170,R,82132,-25.6596
33450,P2,BASE,-81.75,-77.50,-173,R,82101,-25.7021
33460,P2,BASE,-81.90,-77.52,-173,R,82070,-25.7459
33470,P2,BASE,-82.05,-77.48,-174,R,82039,-25.7916
33480,P2,BASE,-82.20,-79.98,-171,R,82007,-25.8137
33490,P2,BASE,-82.35,-77.51,-174,R,81976,-25.8621
33500,P2,BASE,-82.50,-80.01,-172,R,81944,-25.8871
33510,P2,BASE,-82.65,-77.49,-175,R,81913,-25.9386
33520,P2,BASE,-82.80,-80.02,-173,R,81881,-25.9665
33530,P2,BASE,-82.95,-79.98,-173,R,81849,-25.9961
33540,P2,BASE,-83.10,-77.51,-176,R,81818,-26.0521
33550,P2,BASE,-83.25,-77.50,-177,R,81787,-26.1096
33560,P2,BASE,-83.40,-77.49,-177,R,81756,-26.1686
33570,P2,BASE,-83.55,-80.02,-175,R,81724,-26.2039
33580,P2,BASE,-83.70,-79.99,-176,R,81692,-26.2410
33590,P2,BASE,-83.85,-80.00,-176,R,81660,-26.2795
33600,P2,BASE,-84.00,-79.98,-176,R,81628,-26.3197
33610,P2,BASE,-84.15,-80.01,-177,R,81596,-26.3611
33620,P2,BASE,-84.30,-80.02,-177,R,81564,-26.4040
33630,P2,BASE,-84.45,-85.00,-172,R,81530,-26.3985
33640,P2,BASE,-84.60,-80.00,-178,R,81498,-26.4445
33650,P2,BASE,-84.75,-82.51,-176,R,81465,-26.4669
33660,P2,BASE,-84.90,-82.49,-176,R,81432,-26.4910
33670,P2,BASE,-85.05,-82.49,-176,R,81399,-26.5166
33680,P2,BASE,-85.20,-82.50,-177,R,81366,-26.5436
33690,P2,BASE,-85.35,-85.01,-174,R,81332,-26.5470
33700,P2,BASE,-85.50,-85.01,-174,R,81298,-26.5519
33710,P2,BASE,-85.65,-84.95,-175,R,81264,-26.5589
33720,P2,BASE,-85.80,-82.55,-177,R,81231,-26.5914
33730,P2,BASE,-85.95,-82.49,-178,R,81198,-26.6260
33740,P2,BASE,-86.10,-82.50,-178,R,81165,-26.6620
33750,P2,BASE,-86.25,-85.00,-176,R,81131,-26.6745
33760,P2,BASE,-86.40,-82.51,-179,R,81098,-26.7134
33770,P2,BASE,-86.55,-82.49,-179,R,81065,-26.7540
33780,P2,BASE,-86.70,-85.00,-177,R,81031,-26.7710
33790,P2,BASE,-86.85,-84.99,-177,R,80997,-26.7896
33800,P2,BASE,-87.00,-85.00,-178,R,80963,-26.8096
33810,P2,BASE,-87.15,-85.02,-178,R,80929,-26.8309
33820,P2,BASE,-87.30,-84.98,-178,R,80895,-26.8541
33830,P2,BASE,-87.45,-84.99,-179,R,80861,-26.8787
33840,P2,BASE,-87.60,-85.02,-179,R,80827,-26.9045
33850,P2,BASE,-87.75,-87.49,-176,R,80792,-26.9071
33860,P2,BASE,-87.90,-87.49,-177,R,80757,-26.9112
33870,P2,BASE,-88.05,-85.01,-180,R,80723,-26.9416
33880,P2,BASE,-88.20,-87.50,-177,R,80688,-26.9486
33890,P2,BASE,-88.35,-87.49,-177,R,80653,-26.9572
33900,P2,BASE,-88.50,-85.02,-180,R,80619,-26.9920
33910,P2,BASE,-88.65,-85.01,-181,R,80585,-27.0284
33920,P2,BASE,-88.80,-85.00,-181,R,80551,-27.0664
33930,P2,BASE,-88.95,-87.48,-179,R,80516,-27.0811
33940,P2,BASE,-89.10,-85.02,-182,R,80482,-27.1219
33950,P2,BASE,-89.25,-89.97,-177,R,80446,-27.1147
33960,P2,BASE,-89.40,-87.53,-180,R,80411,-27.1334
33970,P2,BASE,-89.55,-87.50,-180,R,80376,-27.1539
33980,P2,BASE,-89.70,-89.96,-178,R,80340,-27.1513
33990,P2,BASE,-89.85,-87.52,-180,R,80305,-27.1746
34000,P2,BASE,-90.00,-89.99,-178,R,80269,-27.1747
34010,P2,BASE,-90.15,-85.02,-184,R,80235,-27.2260
34020,P2,BASE,-90.30,-90.01,-179,R,80199,-27.2289
34030,P2,BASE,-90.45,-87.50,-182,R,80164,-27.2584
34040,P2,BASE,-90.60,-89.99,-179,R,80128,-27.2645
34050,P2,BASE,-90.75,-89.99,-179,R,80092,-27.2721
34060,P2,BASE,-90.90,-87.50,-182,R,80057,-27.3061
34070,P2,BASE,-91.05,-90.00,-180,R,80021,-27.3166
34080,P2,BASE,-91.20,-85.00,-186,R,79987,-27.3786
34090,P2,BASE,-91.35,-87.50,-183,R,79952,-27.4171
34100,P2,BASE,-91.50,-89.99,-181,R,79916,-27.4322
34110,P2,BASE,-91.65,-85.02,-187,R,79882,-27.4985
34120,P2,BASE,-91.80,-92.50,-179,R,79845,-27.4915
34130,P2,BASE,-91.95,-92.48,-179,R,79808,-27.4862
34140,P2,BASE,-92.10,-92.51,-180,R,79771,-27.4821
34150,P2,BASE,-92.25,-92.49,-180,R,79734,-27.4797
34160,P2,BASE,-92.40,-92.53,-180,R,79697,-27.4784
34170,P2,BASE,-92.55,-92.50,-180,R,79660,-27.4789
34180,P2,BASE,-92.70,-94.99,-177,R,79622,-27.4560
34190,P2,BASE,-92.85,-89.98,-183,R,79586,-27.4847
34200,P2,BASE,-93.00,-95.01,-178,R,79548,-27.4646
34210,P2,BASE,-93.15,-92.51,-181,R,79511,-27.4710
34220,P2,BASE,-93.30,-92.47,-181,R,79474,-27.4793
34230,P2,BASE,-93.45,-95.02,-178,R,79436,-27.4636
34240,P2,BASE,-93.60,-90.01,-184,R,79400,-27.4995
34250,P2,BASE,-93.75,-92.51,-181,R,79363,-27.5119
34260,P2,BASE,-93.90,-90.00,-184,R,79327,-27.5509
34270,P2,BASE,-94.05,-92.50,-182,R,79290,-27.5664
34280,P2,BASE,-94.20,-94.98,-180,R,79252,-27.5586
34290,P2,BASE,-94.35,-92.48,-183,R,79215,-27.5773
34300,P2,BASE,-94.50,-92.54,-183,R,79178,-27.5969
34310,P2,BASE,-94.65,-94.96,-180,R,79140,-27.5938
34320,P2,BASE,-94.80,-92.51,-183,R,79103,-27.6167
34330,P2,BASE,-94.95,-95.02,-181,R,79065,-27.6160
34340,P2,BASE,-95.10,-92.49,-184,R,79028,-27.6421
34350,P2,BASE,-95.25,-95.01,-181,R,78990,-27.6445
34360,P2,BASE,-95.40,-94.98,-182,R,78952,-27.6487
34370,P2,BASE,-95.55,-95.03,-182,R,78914,-27.6539
34380,P2,BASE,-95.70,-95.00,-182,R,78876,-27.6609
34390,P2,BASE,-95.85,-94.97,-182,R,78838,-27.6697
34400,P2,BASE,-96.00,-95.02,-182,R,78800,-27.6795
34410,P2,BASE,-96.15,-94.99,-183,R,78762,-27.6911
34420,P2,BASE,-96.30,-95.01,-183,R,78724,-27.7040
34430,P2,BASE,-96.45,-92.48,-186,R,78687,-27.7437
34440,P2,BASE,-96.60,-95.01,-183,R,78649,-27.7596
34450,P2,BASE,-96.75,-95.02,-184,R,78611,-27.7769
34460,P2,BASE,-96.90,-94.98,-184,R,78573,-27.7961
34470,P2,BASE,-97.05,-97.51,-182,R,78534,-27.7915
34480,P2,BASE,-97.20,-97.49,-182,R,78495,-27.7886
34490,P2,BASE,-97.35,-94.99,-185,R,78457,-27.8122
34500,P2,BASE,-97.50,-97.49,-182,R,78418,-27.8123
34510,P2,BASE,-97.65,-97.50,-182,R,78379,-27.8138
34520,P2,BASE,-97.80,-100.03,-180,R,78339,-27.7915
34530,P2,BASE,-97.95,-94.99,-185,R,78301,-27.8211
34540,P2,BASE,-98.10,-97.51,-183,R,78262,-27.8270
34550,P2,BASE,-98.25,-97.51,-183,R,78223,-27.8344
34560,P2,BASE,-98.40,-94.99,-186,R,78185,-27.8685
34570,P2,BASE,-98.55,-95.00,-186,R,78147,-27.9040
34580,P2,BASE,-98.70,-97.51,-184,R,78108,-27.9159
34590,P2,BASE,-98.85,-94.99,-187,R,78070,-27.9545
34600,P2,BASE,-99.00,-99.98,-182,R,78030,-27.9447
34610,P2,BASE,-99.15,-100.01,-182,R,77990,-27.9361
34620,P2,BASE,-99.30,-95.01,-188,R,77952,-27.9790
34630,P2,BASE,-99.45,-97.49,-185,R,77913,-27.9986
34640,P2,BASE,-99.60,-100.02,-183,R,77873,-27.9944
34650,P2,BASE,-99.75,-94.97,-189,R,77835,-28.0422
34660,P2,BASE,-99.90,-100.03,-184,R,77795,-28.0409
34670,P2,BASE,-100.05,-99.99,-184,R,77755,-28.0415
34680,P2,BASE,-100.20,-97.51,-187,R,77716,-28.0684
34690,P2,BASE,-100.35,-99.97,-184,R,77676,-28.0722
34700,P2,BASE,-100.50,-97.52,-187,R,77637,-28.1020
34710,P2,BASE,-100.65,-97.48,-187,R,77598,-28.1337
34720,P2,BASE,-100.80,-97.50,-188,R,77559,-28.1667
34730,P2,BASE,-100.95,-95.03,-191,R,77521,-28.2259
34740,P2,BASE,-101.10,-97.48,-189,R,77482,-28.2621
34750,P2,BASE,-101.25,-102.50,-184,R,77441,-28.2496
34760,P2,BASE,-101.40,-102.49,-184,R,77400,-28.2387
34770,P2,BASE,-101.55,-100.02,-187,R,77360,-28.2540
34780,P2,BASE,-101.70,-102.51,-184,R,77319,-28.2459
34790,P2,BASE,-101.85,-104.97,-182,R,77277,-28.2147
34800,P2,BASE,-102.00,-102.51,-184,R,77236,-28.2096
34810,P2,BASE,-102.15,-102.48,-184,R,77195,-28.2063
34820,P2,BASE,-102.30,-102.51,-185,R,77154,-28.2042
34830,P2,BASE,-102.45,-102.50,-185,R,77113,-28.2037
34840,P2,BASE,-102.60,-102.50,-185,R,77072,-28.2047
34850,P2,BASE,-102.75,-102.49,-185,R,77031,-28.2073
34860,P2,BASE,-102.90,-100.04,-188,R,76991,-28.2359
34870,P2,BASE,-103.05,-100.00,-188,R,76951,-28.2664
34880,P2,BASE,-103.20,-102.47,-186,R,76910,-28.2737
34890,P2,BASE,-103.35,-100.00,-189,R,76870,-28.3072
34900,P2,BASE,-103.50,-104.99,-184,R,76828,-28.2923
34910,P2,BASE,-103.65,-102.54,-187,R,76787,-28.3034
34920,P2,BASE,-103.80,-102.47,-187,R,76746,-28.3167
34930,P2,BASE,-103.95,-102.52,-187,R,76705,-28.3310
34940,P2,BASE,-104.10,-105.01,-185,R,76663,-28.3219
34950,P2,BASE,-104.25,-102.48,-187,R,76622,-28.3396
34960,P2,BASE,-104.40,-102.52,-188,R,76581,-28.3584
34970,P2,BASE,-104.55,-104.99,-185,R,76539,-28.3540
34980,P2,BASE,-104.70,-105.00,-185,R,76497,-28.3510
34990,P2,BASE,-104.85,-102.48,-188,R,76456,-28.3747
35000,P2,BASE,-105.00,-105.02,-186,R,76414,-28.3745
35010,P2,BASE,-105.15,-102.50,-189,R,76373,-28.4010
35020,P2,BASE,-105.30,-105.00,-186,R,76331,-28.4040
35030,P2,BASE,-105.45,-102.51,-189,R,76290,-28.4334
35040,P2,BASE,-105.60,-102.48,-190,R,76249,-28.4646
35050,P2,BASE,-105.75,-105.01,-187,R,76207,-28.4720
35060,P2,BASE,-105.90,-104.97,-188,R,76165,-28.4813
35070,P2,BASE,-106.05,-107.51,-185,R,76122,-28.4667
35080,P2,BASE,-106.20,-102.49,-190,R,76081,-28.5038
35090,P2,BASE,-106.35,-107.54,-185,R,76038,-28.4919
35100,P2,BASE,-106.50,-107.50,-186,R,75995,-28.4819
35110,P2,BASE,-106.65,-104.98,-188,R,75953,-28.4986
35120,P2,BASE,-106.80,-107.52,-186,R,75910,-28.4914
35130,P2,BASE,-106.95,-107.50,-186,R,75867,-28.4859
35140,P2,BASE,-107.10,-104.98,-189,R,75825,-28.5071
35150,P2,BASE,-107.25,-105.02,-189,R,75783,-28.5294
35160,P2,BASE,-107.40,-102.49,-192,R,75742,-28.5785
35170,P2,BASE,-107.55,-107.51,-187,R,75699,-28.5789
35180,P2,BASE,-107.70,-104.99,-190,R,75657,-28.6060
35190,P2,BASE,-107.85,-107.47,-188,R,75614,-28.6098
35200,P2,BASE,-108.00,-105.01,-191,R,75572,-28.6397
35210,P2,BASE,-108.15,-107.52,-188,R,75529,-28.6460
35220,P2,BASE,-108.30,-107.50,-189,R,75486,-28.6540
35230,P2,BASE,-108.45,-105.00,-191,R,75444,-28.6885
35240,P2,BASE,-108.60,-107.48,-189,R,75401,-28.6997
35250,P2,BASE,-108.75,-107.51,-189,R,75358,-28.7121
35260,P2,BASE,-108.90,-110.02,-187,R,75314,-28.7009
35270,P2,BASE,-109.05,-105.00,-192,R,75272,-28.7414
35280,P2,BASE,-109.20,-107.49,-190,R,75229,-28.7585
35290,P2,BASE,-109.35,-104.98,-193,R,75187,-28.8022
35300,P2,BASE,-109.50,-105.00,-194,R,75145,-28.8472
35310,P2,BASE,-109.65,-104.99,-194,R,75103,-28.8938
35320,P2,BASE,-109.80,-110.00,-189,R,75059,-28.8918
35330,P2,BASE,-109.95,-107.52,-192,R,75016,-28.9161
35340,P2,BASE,-110.10,-109.99,-190,R,74972,-28.9172
35350,P2,BASE,-110.25,-112.52,-187,R,74927,-28.8945
35360,P2,BASE,-110.40,-112.49,-187,R,74882,-28.8736
35370,P2,BASE,-110.55,-110.02,-190,R,74838,-28.8789
35380,P2,BASE,-110.70,-112.47,-187,R,74793,-28.8612
35390,P2,BASE,-110.85,-112.50,-187,R,74748,-28.8447
35400,P2,BASE,-111.00,-112.53,-187,R,74703,-28.8294
35410,P2,BASE,-111.15,-110.00,-190,R,74659,-28.8409
35420,P2,BASE,-111.30,-109.97,-190,R,74615,-28.8542
35430,P2,BASE,-111.45,-110.03,-191,R,74571,-28.8684
35440,P2,BASE,-111.60,-107.50,-194,R,74528,-28.9094
35450,P2,BASE,-111.75,-109.98,-191,R,74484,-28.9271
35460,P2,BASE,-111.90,-112.48,-189,R,74439,-28.9213
35470,P2,BASE,-112.05,-110.04,-192,R,74395,-28.9414
35480,P2,BASE,-112.20,-109.97,-192,R,74351,-28.9637
35490,P2,BASE,-112.35,-112.50,-190,R,74306,-28.9622
35500,P2,BASE,-112.50,-112.52,-190,R,74261,-28.9620
35510,P2,BASE,-112.65,-112.51,-190,R,74216,-28.9634
35520,P2,BASE,-112.80,-109.97,-193,R,74172,-28.9917
35530,P2,BASE,-112.95,-112.51,-190,R,74127,-28.9961
35540,P2,BASE,-113.10,-112.50,-191,R,74082,-29.0021
35550,P2,BASE,-113.25,-112.50,-191,R,74037,-29.0096
35560,P2,BASE,-113.40,-112.52,-191,R,73992,-29.0184
35570,P2,BASE,-113.55,-109.97,-194,R,73948,-29.0542
35580,P2,BASE,-113.70,-112.50,-192,R,73903,-29.0662
35590,P2,BASE,-113.85,-112.51,-192,R,73858,-29.0796
35600,P2,BASE,-114.00,-112.50,-192,R,73813,-29.0946
35610,P2,BASE,-114.15,-112.49,-192,R,73768,-29.1112
35620,P2,BASE,-114.30,-115.00,-190,R,73722,-29.1042
35630,P2,BASE,-114.45,-112.53,-193,R,73677,-29.1233
35640,P2,BASE,-114.60,-114.99,-190,R,73631,-29.1195
35650,P2,BASE,-114.75,-114.99,-190,R,73585,-29.1171
35660,P2,BASE,-114.90,-117.50,-188,R,73538,-29.0911
35670,P2,BASE,-115.05,-112.48,-193,R,73493,-29.1168
35680,P2,BASE,-115.20,-115.05,-191,R,73447,-29.1183
35690,P2,BASE,-115.35,-112.48,-194,R,73402,-29.1471
35700,P2,BASE,-115.50,-112.51,-194,R,73357,-29.1770
35710,P2,BASE,-115.65,-112.49,-195,R,73312,-29.2086
35720,P2,BASE,-115.80,-112.51,-195,R,73267,-29.2415
35730,P2,BASE,-115.95,-117.48,-190,R,73220,-29.2262
35740,P2,BASE,-116.10,-115.03,-193,R,73174,-29.2368
35750,P2,BASE,-116.25,-114.98,-193,R,73128,-29.2496
35760,P2,BASE,-116.40,-115.00,-193,R,73082,-29.2636
35770,P2,BASE,-116.55,-112.51,-196,R,73037,-29.3040
35780,P2,BASE,-116.70,-114.99,-194,R,72991,-29.3211
35790,P2,BASE,-116.85,-117.49,-191,R,72944,-29.3147
35800,P2,BASE,-117.00,-115.01,-194,R,72898,-29.3346
35810,P2,BASE,-117.15,-115.02,-194,R,72852,-29.3559
35820,P2,BASE,-117.30,-114.98,-195,R,72806,-29.3791
35830,P2,BASE,-117.45,-112.50,-198,R,72761,-29.4286
35840,P2,BASE,-117.60,-112.48,-198,R,72716,-29.4798
35850,P2,BASE,-117.75,-115.00,-196,R,72670,-29.5073
35860,P2,BASE,-117.90,-117.55,-194,R,72623,-29.5108
35870,P2,BASE,-118.05,-117.45,-194,R,72576,-29.5168
35880,P2,BASE,-118.20,-120.02,-191,R,72528,-29.4986
35890,P2,BASE,-118.35,-119.98,-191,R,72480,-29.4823
35900,P2,BASE,-118.50,-120.01,-191,R,72432,-29.4672
35910,P2,BASE,-118.65,-120.00,-192,R,72384,-29.4537
35920,P2,BASE,-118.80,-120.00,-192,R,72336,-29.4417
35930,P2,BASE,-118.95,-120.04,-192,R,72288,-29.4308
35940,P2,BASE,-119.10,-119.95,-192,R,72240,-29.4223
35950,P2,BASE,-119.25,-115.03,-197,R,72194,-29.4645
35960,P2,BASE,-119.40,-117.46,-195,R,72147,-29.4838
35970,P2,BASE,-119.55,-117.52,-195,R,72100,-29.5041
35980,P2,BASE,-119.70,-120.00,-193,R,72052,-29.5011
35990,P2,BASE,-119.85,-117.49,-196,R,72005,-29.5247
36000,P2,BASE,-120.00,-117.52,-196,R,71958,-29.5495
36010,P2,BASE,-120.15,-120.00,-194,R,71910,-29.5510
36020,P2,BASE,-120.30,-119.96,-194,R,71862,-29.5543
36030,P2,BASE,-120.45,-120.05,-194,R,71814,-29.5583
36040,P2,BASE,-120.60,-117.50,-197,R,71767,-29.5893
36050,P2,BASE,-120.75,-122.50,-192,R,71718,-29.5718
36060,P2,BASE,-120.90,-120.00,-195,R,71670,-29.5808
36070,P2,BASE,-121.05,-119.99,-195,R,71622,-29.5915
36080,P2,BASE,-121.20,-119.96,-195,R,71574,-29.6038
36090,P2,BASE,-121.35,-120.02,-195,R,71526,-29.6171
36100,P2,BASE,-121.50,-117.48,-198,R,71479,-29.6573
36110,P2,BASE,-121.65,-120.02,-196,R,71431,-29.6736
36120,P2,BASE,-121.80,-119.99,-196,R,71383,-29.6917
36130,P2,BASE,-121.95,-122.54,-194,R,71334,-29.6858
36140,P2,BASE,-122.10,-122.50,-194,R,71285,-29.6818
36150,P2,BASE,-122.25,-122.48,-194,R,71236,-29.6796
36160,P2,BASE,-122.40,-122.50,-194,R,71187,-29.6786
36170,P2,BASE,-122.55,-125.03,-192,R,71137,-29.6538
36180,P2,BASE,-122.70,-122.49,-194,R,71088,-29.6559
36190,P2,BASE,-122.85,-122.50,-195,R,71039,-29.6594
36200,P2,BASE,-123.00,-119.98,-198,R,70991,-29.6897
36210,P2,BASE,-123.15,-117.49,-201,R,70944,-29.7463
36220,P2,BASE,-123.30,-122.54,-196,R,70895,-29.7539
36230,P2,BASE,-123.45,-122.48,-196,R,70846,-29.7637
36240,P2,BASE,-123.60,-122.54,-196,R,70797,-29.7743
36250,P2,BASE,-123.75,-122.49,-196,R,70748,-29.7869
36260,P2,BASE,-123.90,-122.48,-197,R,70699,-29.8012
36270,P2,BASE,-124.05,-122.50,-197,R,70650,-29.8167
36280,P2,BASE,-124.20,-122.50,-197,R,70601,-29.8337
36290,P2,BASE,-124.35,-120.00,-200,R,70553,-29.8772
36300,P2,BASE,-124.50,-125.04,-195,R,70503,-29.8718
36310,P2,BASE,-124.65,-122.48,-198,R,70454,-29.8936
36320,P2,BASE,-124.80,-120.01,-201,R,70406,-29.9414
36330,P2,BASE,-124.95,-119.99,-202,R,70358,-29.9911
36340,P2,BASE,-125.10,-122.51,-199,R,70309,-30.0169
36350,P2,BASE,-125.25,-122.49,-200,R,70260,-30.0446
36360,P2,BASE,-125.40,-125.03,-197,R,70210,-30.0483
36370,P2,BASE,-125.55,-125.00,-197,R,70160,-30.0538
36380,P2,BASE,-125.70,-127.47,-195,R,70109,-30.0361
36390,P2,BASE,-125.85,-127.51,-195,R,70058,-30.0194
36400,P2,BASE,-126.00,-129.99,-192,R,70006,-29.9796
36410,P2,BASE,-126.15,-127.47,-195,R,69955,-29.9663
36420,P2,BASE,-126.30,-127.51,-195,R,69904,-29.9542
36430,P2,BASE,-126.45,-125.03,-198,R,69854,-29.9684
36440,P2,BASE,-126.60,-124.99,-198,R,69804,-29.9846
36450,P2,BASE,-126.75,-125.00,-198,R,69754,-30.0021
36460,P2,BASE,-126.90,-124.99,-199,R,69704,-30.0212
36470,P2,BASE,-127.05,-125.04,-199,R,69654,-30.0413
36480,P2,BASE,-127.20,-127.50,-196,R,69603,-30.0383
36490,P2,BASE,-127.35,-125.00,-199,R,69553,-30.0618
36500,P2,BASE,-127.50,-127.50,-197,R,69502,-30.0618
36510,P2,BASE,-127.65,-124.99,-200,R,69452,-30.0884
36520,P2,BASE,-127.80,-130.01,-195,R,69400,-30.0663
36530,P2,BASE,-127.95,-125.00,-200,R,69350,-30.0958
36540,P2,BASE,-128.10,-127.47,-198,R,69299,-30.1021
36550,P2,BASE,-128.25,-127.49,-198,R,69248,-30.1097
36560,P2,BASE,-128.40,-127.53,-198,R,69197,-30.1184
36570,P2,BASE,-128.55,-125.01,-201,R,69147,-30.1538
36580,P2,BASE,-128.70,-127.47,-199,R,69096,-30.1661
36590,P2,BASE,-128.85,-127.53,-199,R,69045,-30.1793
36600,P2,BASE,-129.00,-127.47,-199,R,68994,-30.1946
36610,P2,BASE,-129.15,-127.53,-200,R,68943,-30.2108
36620,P2,BASE,-129.30,-129.96,-197,R,68891,-30.2042
36630,P2,BASE,-129.45,-130.00,-197,R,68839,-30.1987
36640,P2,BASE,-129.60,-130.00,-197,R,68787,-30.1947
36650,P2,BASE,-129.75,-132.51,-195,R,68734,-30.1671
36660,P2,BASE,-129.90,-130.01,-198,R,68682,-30.1659
36670,P2,BASE,-130.05,-127.50,-200,R,68631,-30.1914
36680,P2,BASE,-130.20,-127.47,-201,R,68580,-30.2187
36690,P2,BASE,-130.35,-127.53,-201,R,68529,-30.2469
36700,P2,BASE,-130.50,-127.49,-201,R,68478,-30.2771
36710,P2,BASE,-130.65,-130.01,-199,R,68426,-30.2834
36720,P2,BASE,-130.80,-129.99,-199,R,68374,-30.2916
36730,P2,BASE,-130.95,-130.00,-199,R,68322,-30.3011
36740,P2,BASE,-131.10,-127.47,-202,R,68271,-30.3373
36750,P2,BASE,-131.25,-127.53,-203,R,68220,-30.3746
36760,P2,BASE,-131.40,-130.03,-200,R,68168,-30.3883
36770,P2,BASE,-131.55,-130.00,-201,R,68116,-30.4038
36780,P2,BASE,-131.70,-129.99,-201,R,68064,-30.4209
36790,P2,BASE,-131.85,-127.47,-204,R,68013,-30.4647
36800,P2,BASE,-132.00,-127.49,-204,R,67962,-30.5098
36810,P2,BASE,-132.15,-127.51,-205,R,67911,-30.5562
36820,P2,BASE,-132.30,-130.03,-203,R,67859,-30.5789
36830,P2,BASE,-132.45,-132.41,-200,R,67806,-30.5794
36840,P2,BASE,-132.60,-132.57,-200,R,67753,-30.5797
36850,P2,BASE,-132.75,-135.01,-198,R,67699,-30.5571
36860,P2,BASE,-132.90,-135.00,-198,R,67645,-30.5361
36870,P2,BASE,-133.05,-134.97,-198,R,67591,-30.5168
36880,P2,BASE,-133.20,-137.46,-195,R,67536,-30.4742
36890,P2,BASE,-133.35,-132.54,-201,R,67483,-30.4823
36900,P2,BASE,-133.50,-134.99,-198,R,67429,-30.4675
36910,P2,BASE,-133.65,-130.03,-204,R,67377,-30.5037
36920,P2,BASE,-133.80,-132.50,-201,R,67324,-30.5167
36930,P2,BASE,-133.95,-130.00,-204,R,67272,-30.5562
36940,P2,BASE,-134.10,-135.01,-199,R,67218,-30.5471
36950,P2,BASE,-134.25,-132.53,-202,R,67165,-30.5643
36960,P2,BASE,-134.40,-135.00,-200,R,67111,-30.5583
36970,P2,BASE,-134.55,-132.47,-202,R,67058,-30.5791
36980,P2,BASE,-134.70,-134.99,-200,R,67004,-30.5762
36990,P2,BASE,-134.85,-132.51,-203,R,66951,-30.5996
37000,P2,BASE,-135.00,-134.99,-200,R,66897,-30.5997
37010,P2,BASE,-135.15,-135.00,-201,R,66843,-30.6012
37020,P2,BASE,-135.30,-132.54,-203,R,66790,-30.6288
37030,P2,BASE,-135.45,-134.88,-201,R,66736,-30.6345
37040,P2,BASE,-135.60,-132.59,-204,R,66683,-30.6646
37050,P2,BASE,-135.75,-134.97,-202,R,66629,-30.6724
37060,P2,BASE,-135.90,-132.51,-205,R,66576,-30.7062
37070,P2,BASE,-136.05,-140.03,-197,R,66520,-30.6665
37080,P2,BASE,-136.20,-135.00,-202,R,66466,-30.6785
37090,P2,BASE,-136.35,-137.51,-200,R,66411,-30.6668
37100,P2,BASE,-136.50,-137.49,-200,R,66356,-30.6570
37110,P2,BASE,-136.65,-139.99,-197,R,66300,-30.6236
37120,P2,BASE,-136.80,-135.03,-203,R,66246,-30.6413
37130,P2,BASE,-136.95,-134.99,-203,R,66192,-30.6610
37140,P2,BASE,-137.10,-132.50,-206,R,66139,-30.7070
37150,P2,BASE,-137.25,-135.00,-204,R,66085,-30.7295
37160,P2,BASE,-137.40,-137.47,-201,R,66030,-30.7287
37170,P2,BASE,-137.55,-135.00,-204,R,65976,-30.7542
37180,P2,BASE,-137.70,-137.54,-202,R,65921,-30.7558
37190,P2,BASE,-137.85,-134.99,-205,R,65867,-30.7845
37200,P2,BASE,-138.00,-134.97,-205,R,65813,-30.8147
37210,P2,BASE,-138.15,-137.53,-203,R,65758,-30.8210
37220,P2,BASE,-138.30,-134.97,-206,R,65704,-30.8542
37230,P2,BASE,-138.45,-137.51,-203,R,65649,-30.8636
37240,P2,BASE,-138.60,-135.01,-206,R,65595,-30.8995
37250,P2,BASE,-138.75,-132.47,-209,R,65542,-30.9622
37260,P2,BASE,-138.90,-132.54,-210,R,65489,-31.0258
37270,P2,BASE,-139.05,-137.49,-205,R,65434,-31.0415
37280,P2,BASE,-139.20,-139.99,-203,R,65378,-31.0336
37290,P2,BASE,-139.35,-142.51,-200,R,65321,-31.0020
37300,P2,BASE,-139.50,-142.50,-200,R,65264,-30.9720
37310,P2,BASE,-139.65,-142.51,-200,R,65207,-30.9433
37320,P2,BASE,-139.80,-142.49,-200,R,65150,-30.9165
37330,P2,BASE,-139.95,-142.49,-200,R,65093,-30.8911
37340,P2,BASE,-140.10,-139.93,-203,R,65037,-30.8928
37350,P2,BASE,-140.25,-135.08,-208,R,64983,-30.9445
37360,P2,BASE,-140.40,-139.99,-203,R,64927,-30.9486
37370,P2,BASE,-140.55,-137.49,-206,R,64872,-30.9793
37380,P2,BASE,-140.70,-140.01,-204,R,64816,-30.9861
37390,P2,BASE,-140.85,-137.53,-207,R,64761,-31.0194
37400,P2,BASE,-141.00,-142.49,-202,R,64704,-31.0045
37410,P2,BASE,-141.15,-139.97,-204,R,64648,-31.0163
37420,P2,BASE,-141.30,-140.00,-205,R,64592,-31.0293
37430,P2,BASE,-141.45,-140.01,-205,R,64536,-31.0436
37440,P2,BASE,-141.60,-142.50,-202,R,64479,-31.0346
37450,P2,BASE,-141.75,-140.00,-205,R,64423,-31.0521
37460,P2,BASE,-141.90,-137.51,-208,R,64368,-31.0960
37470,P2,BASE,-142.05,-140.00,-206,R,64312,-31.1165
37480,P2,BASE,-142.20,-139.97,-206,R,64256,-31.1388
37490,P2,BASE,-142.35,-142.50,-204,R,64199,-31.1373
37500,P2,BASE,-142.50,-142.54,-204,R,64142,-31.1369
37510,P2,BASE,-142.65,-139.96,-207,R,64086,-31.1638
37520,P2,BASE,-142.80,-145.04,-202,R,64028,-31.1413
37530,P2,BASE,-142.95,-144.97,-202,R,63970,-31.1211
37540,P2,BASE,-143.10,-144.99,-202,R,63912,-31.1023
37550,P2,BASE,-143.25,-142.53,-205,R,63855,-31.1095
37560,P2,BASE,-143.40,-142.49,-205,R,63798,-31.1186
37570,P2,BASE,-143.55,-137.51,-210,R,63743,-31.1790
37580,P2,BASE,-143.70,-140.00,-208,R,63687,-31.2160
37590,P2,BASE,-143.85,-145.01,-203,R,63629,-31.2043
37600,P2,BASE,-144.00,-142.50,-206,R,63572,-31.2193
37610,P2,BASE,-144.15,-142.49,-206,R,63515,-31.2360
37620,P2,BASE,-144.30,-142.50,-207,R,63458,-31.2540
37630,P2,BASE,-144.45,-140.01,-210,R,63402,-31.2983
37640,P2,BASE,-144.60,-144.93,-205,R,63344,-31.2951
37650,P2,BASE,-144.75,-142.53,-207,R,63287,-31.3173
37660,P2,BASE,-144.90,-142.53,-208,R,63230,-31.3410
37670,P2,BASE,-145.05,-137.51,-214,R,63175,-31.4164
37680,P2,BASE,-145.20,-139.94,-212,R,63119,-31.4689
37690,P2,BASE,-145.35,-142.54,-209,R,63062,-31.4970
37700,P2,BASE,-145.50,-145.00,-207,R,63004,-31.5020
37710,P2,BASE,-145.65,-147.50,-204,R,62945,-31.4835
37720,P2,BASE,-145.80,-147.51,-204,R,62886,-31.4664
37730,P2,BASE,-145.95,-149.85,-202,R,62826,-31.4274
37740,P2,BASE,-146.10,-147.59,-204,R,62767,-31.4125
37750,P2,BASE,-146.25,-147.53,-204,R,62708,-31.3997
37760,P2,BASE,-146.40,-147.50,-205,R,62649,-31.3887
37770,P2,BASE,-146.55,-145.00,-207,R,62591,-31.4042
37780,P2,BASE,-146.70,-144.97,-208,R,62533,-31.4215
37790,P2,BASE,-146.85,-142.53,-211,R,62476,-31.4647
37800,P2,BASE,-147.00,-147.49,-206,R,62417,-31.4598
37810,P2,BASE,-147.15,-145.01,-208,R,62359,-31.4812
37820,P2,BASE,-147.30,-147.51,-206,R,62300,-31.4790
37830,P2,BASE,-147.45,-145.01,-209,R,62242,-31.5034
37840,P2,BASE,-147.60,-147.46,-207,R,62183,-31.5048
37850,P2,BASE,-147.75,-147.54,-207,R,62124,-31.5069
37860,P2,BASE,-147.90,-147.49,-207,R,62065,-31.5110
37870,P2,BASE,-148.05,-147.51,-207,R,62006,-31.5164
37880,P2,BASE,-148.20,-144.94,-210,R,61948,-31.5490
37890,P2,BASE,-148.35,-145.06,-210,R,61890,-31.5819
37900,P2,BASE,-148.50,-147.46,-208,R,61831,-31.5923
37910,P2,BASE,-148.65,-147.51,-208,R,61772,-31.6037
37920,P2,BASE,-148.80,-150.00,-206,R,61712,-31.5917
37930,P2,BASE,-148.95,-147.51,-209,R,61653,-31.6060
37940,P2,BASE,-149.10,-152.45,-203,R,61592,-31.5725
37950,P2,BASE,-149.25,-152.52,-203,R,61531,-31.5398
37960,P2,BASE,-149.40,-147.53,-209,R,61472,-31.5585
37970,P2,BASE,-149.55,-150.01,-206,R,61412,-31.5539
37980,P2,BASE,-149.70,-144.97,-212,R,61354,-31.6012
37990,P2,BASE,-149.85,-145.01,-212,R,61296,-31.6495
38000,P2,BASE,-150.00,-149.99,-207,R,61236,-31.6497
38010,P2,BASE,-150.00,-147.51,-210,R,61177,-31.6745
38020,P2,BASE,-150.00,-149.97,-208,R,61117,-31.6748
38030,P2,BASE,-150.00,-147.53,-210,R,61058,-31.6995
38040,P2,BASE,-150.00,-147.50,-210,R,60999,-31.7245
38050,P2,BASE,-150.00,-149.99,-208,R,60939,-31.7247
38060,P2,BASE,-150.00,-147.53,-211,R,60880,-31.7494
38070,P2,BASE,-150.00,-147.47,-211,R,60821,-31.7747
38080,P2,BASE,-150.00,-144.99,-214,R,60763,-31.8248
38090,P2,BASE,-150.00,-145.01,-214,R,60705,-31.8747
38100,P2,BASE,-150.00,-147.49,-212,R,60646,-31.8998
38110,P2,BASE,-150.00,-150.01,-209,R,60586,-31.8997
38120,P2,BASE,-150.00,-152.47,-206,R,60525,-31.8750
38130,P2,BASE,-150.00,-155.05,-203,R,60463,-31.8245
38140,P2,BASE,-150.00,-152.48,-206,R,60402,-31.7997
38150,P2,BASE,-150.00,-154.98,-203,R,60340,-31.7498
38160,P2,BASE,-150.00,-152.52,-205,R,60279,-31.7247
38170,P2,BASE,-150.00,-149.97,-208,R,60219,-31.7250
38180,P2,BASE,-150.00,-147.53,-211,R,60160,-31.7497
38190,P2,BASE,-150.00,-149.99,-208,R,60100,-31.7498
38200,P2,BASE,-150.00,-149.99,-208,R,60040,-31.7500
38210,P2,BASE,-150.00,-147.54,-211,R,59981,-31.7745
38220,P2,BASE,-150.00,-152.45,-206,R,59920,-31.7500
38230,P2,BASE,-150.00,-147.56,-211,R,59861,-31.7744
38240,P2,BASE,-150.00,-152.48,-205,R,59800,-31.7496
38250,P2,BASE,-150.00,-147.47,-211,R,59741,-31.7749
38260,P2,BASE,-150.00,-149.99,-208,R,59681,-31.7750
38270,P2,BASE,-150.00,-152.52,-205,R,59620,-31.7499
38280,P2,BASE,-150.00,-147.50,-211,R,59561,-31.7749
38290,P2,BASE,-150.00,-147.50,-211,R,59502,-31.7999
38300,P2,BASE,-150.00,-147.53,-211,R,59443,-31.8246
38310,P2,BASE,-150.00,-150.00,-209,R,59383,-31.8246
38320,P2,BASE,-150.00,-152.47,-206,R,59322,-31.7999
38330,P2,BASE,-150.00,-152.55,-206,R,59261,-31.7744
38340,P2,BASE,-150.00,-152.50,-205,R,59200,-31.7494
38350,P2,BASE,-150.00,-152.48,-205,R,59139,-31.7246
38360,P2,BASE,-150.00,-152.48,-205,R,59078,-31.6997
38370,P2,BASE,-150.00,-150.01,-208,R,59018,-31.6996
38380,P2,BASE,-150.00,-144.97,-213,R,58960,-31.7499
38390,P2,BASE,-150.00,-149.96,-208,R,58900,-31.7503
38400,P2,BASE,-150.00,-147.56,-211,R,58841,-31.7747
38410,P2,BASE,-150.00,-150.03,-208,R,58781,-31.7744
38420,P2,BASE,-150.00,-149.99,-208,R,58721,-31.7746
38430,P2,BASE,-150.00,-147.50,-211,R,58662,-31.7996
38440,P2,BASE,-150.00,-149.96,-208,R,58602,-31.8000
38450,P2,BASE,-150.00,-147.53,-211,R,58543,-31.8247
38460,P2,BASE,-150.00,-150.00,-209,R,58483,-31.8247
38470,P2,BASE,-150.00,-147.51,-211,R,58424,-31.8496
38480,P2,BASE,-150.00,-144.99,-214,R,58366,-31.8997
38490,P2,BASE,-150.00,-145.03,-214,R,58308,-31.9494
38500,P2,BASE,-150.00,-147.47,-212,R,58249,-31.9747
38510,P2,BASE,-150.00,-152.53,-207,R,58188,-31.9494
38520,P2,BASE,-150.00,-154.97,-204,R,58126,-31.8997
38530,P2,BASE,-150.00,-150.01,-209,R,58066,-31.8996
38540,P2,BASE,-150.00,-154.97,-204,R,58004,-31.8499
38550,P2,BASE,-150.00,-155.02,-203,R,57942,-31.7997
38560,P2,BASE,-150.00,-152.52,-206,R,57881,-31.7746
38570,P2,BASE,-150.00,-152.52,-205,R,57820,-31.7494
38580,P2,BASE,-150.00,-147.44,-211,R,57761,-31.7750
38590,P2,BASE,-150.00,-147.51,-211,R,57702,-31.7999
38600,P2,BASE,-150.00,-150.05,-208,R,57642,-31.7994
38610,P2,BASE,-150.00,-149.97,-208,R,57582,-31.7997
38620,P2,BASE,-150.00,-152.48,-206,R,57521,-31.7749
38630,P2,BASE,-150.00,-147.53,-211,R,57462,-31.7996
38640,P2,BASE,-150.00,-150.00,-208,R,57402,-31.7996
38650,P2,BASE,-150.00,-150.01,-208,R,57342,-31.7994
38660,P2,BASE,-150.00,-150.00,-208,R,57282,-31.7994
38670,P2,BASE,-150.00,-150.00,-208,R,57222,-31.7994
38680,P2,BASE,-150.00,-147.49,-211,R,57163,-31.8246
38690,P2,BASE,-150.00,-147.47,-211,R,57104,-31.8499
38700,P2,BASE,-150.00,-149.97,-209,R,57044,-31.8502
38710,P2,BASE,-150.00,-147.53,-211,R,56985,-31.8749
38720,P2,BASE,-150.00,-152.53,-206,R,56924,-31.8496
38730,P2,BASE,-150.00,-152.48,-206,R,56863,-31.8247
38740,P2,BASE,-150.00,-152.48,-206,R,56802,-31.7999
38750,P2,BASE,-150.00,-152.53,-206,R,56741,-31.7746
38760,P2,BASE,-150.00,-152.50,-205,R,56680,-31.7496
38770,P2,BASE,-150.00,-149.99,-208,R,56620,-31.7497
38780,P2,BASE,-150.00,-147.49,-211,R,56561,-31.7749
38790,P2,BASE,-150.00,-147.54,-211,R,56502,-31.7994
38800,P2,BASE,-150.00,-150.00,-208,R,56442,-31.7994
38810,P2,BASE,-150.00,-149.99,-208,R,56382,-31.7996
38820,P2,BASE,-150.00,-149.97,-208,R,56322,-31.7999
38830,P2,BASE,-150.00,-147.53,-211,R,56263,-31.8246
38840,P2,BASE,-150.00,-147.51,-211,R,56204,-31.8494
38850,P2,BASE,-150.00,-150.00,-209,R,56144,-31.8494
38860,P2,BASE,-150.00,-149.96,-209,R,56084,-31.8499
38870,P2,BASE,-150.00,-147.50,-211,R,56025,-31.8749
38880,P2,BASE,-150.00,-145.01,-214,R,55967,-31.9247
38890,P2,BASE,-150.00,-145.00,-215,R,55909,-31.9747
38900,P2,BASE,-150.00,-147.47,-212,R,55850,-32.0000
38910,P2,BASE,-150.00,-150.05,-210,R,55790,-31.9996
38920,P2,BASE,-150.00,-154.98,-204,R,55728,-31.9497
38930,P2,BASE,-150.00,-152.48,-207,R,55667,-31.9249
38940,P2,BASE,-150.00,-155.00,-204,R,55605,-31.8749
38950,P2,BASE,-150.00,-155.02,-203,R,55543,-31.8247
38960,P2,BASE,-150.00,-152.52,-206,R,55482,-31.7996
38970,P2,BASE,-150.00,-152.45,-206,R,55421,-31.7750
38980,P2,BASE,-150.00,-147.54,-211,R,55362,-31.7996
38990,P2,BASE,-150.00,-150.00,-208,R,55302,-31.7996
39000,P2,BASE,-150.00,-150.00,-208,R,55242,-31.7996
39010,P2,BASE,-150.00,-147.51,-211,R,55183,-31.8245
39020,P2,BASE,-150.00,-152.47,-206,R,55122,-31.7998
39030,P2,BASE,-150.00,-147.53,-211,R,55063,-31.8245
39040,P2,BASE,-150.00,-149.96,-209,R,55003,-31.8249
39050,P2,BASE,-150.00,-150.03,-208,R,54943,-31.8246
39060,P2,BASE,-150.00,-152.45,-206,R,54882,-31.8001
39070,P2,BASE,-150.00,-150.06,-208,R,54822,-31.7995
39080,P2,BASE,-150.00,-147.50,-211,R,54763,-31.8245
39090,P2,BASE,-150.00,-147.46,-211,R,54704,-31.8499
39100,P2,BASE,-150.00,-150.05,-209,R,54644,-31.8495
39110,P2,BASE,-150.00,-149.96,-209,R,54584,-31.8499
39120,P2,BASE,-150.00,-152.55,-206,R,54523,-31.8245
39130,P2,BASE,-150.00,-150.00,-209,R,54463,-31.8245
39140,P2,BASE,-150.00,-152.50,-206,R,54402,-31.7995
39150,P2,BASE,-150.00,-154.97,-203,R,54340,-31.7498
39160,P2,BASE,-150.00,-152.50,-205,R,54279,-31.7248
39170,P2,BASE,-150.00,-150.01,-208,R,54219,-31.7246
39180,P2,BASE,-150.00,-145.01,-213,R,54161,-31.7745
39190,P2,BASE,-150.00,-149.99,-208,R,54101,-31.7746
39200,P2,BASE,-150.00,-147.51,-211,R,54042,-31.7995
39210,P2,BASE,-150.00,-150.00,-208,R,53982,-31.7995
39220,P2,BASE,-150.00,-149.96,-208,R,53922,-31.7999
39230,P2,BASE,-150.00,-150.01,-208,R,53862,-31.7998
39240,P2,BASE,-150.00,-147.50,-211,R,53803,-31.8248
39250,P2,BASE,-150.00,-150.03,-208,R,53743,-31.8245
39260,P2,BASE,-150.00,-147.44,-211,R,53684,-31.8501
39270,P2,BASE,-150.00,-147.56,-211,R,53625,-31.8745
39280,P2,BASE,-150.00,-144.97,-214,R,53567,-31.9248
39290,P2,BASE,-150.00,-145.00,-215,R,53509,-31.9748
39300,P2,BASE,-150.00,-147.53,-212,R,53450,-31.9995
39310,P2,BASE,-150.00,-152.47,-207,R,53389,-31.9748
39320,P2,BASE,-150.00,-152.53,-207,R,53328,-31.9495
39330,P2,BASE,-150.00,-152.47,-207,R,53267,-31.9248
39340,P2,BASE,-150.00,-155.02,-204,R,53205,-31.8746
39350,P2,BASE,-150.00,-155.02,-203,R,53143,-31.8245
39360,P2,BASE,-150.00,-152.45,-206,R,53082,-31.7999
39370,P2,BASE,-150.00,-152.48,-206,R,53021,-31.7751
39380,P2,BASE,-150.00,-147.50,-211,R,52962,-31.8001
39390,P2,BASE,-150.00,-150.06,-208,R,52902,-31.7995
39400,P2,BASE,-150.00,-149.96,-208,R,52842,-31.7999
39410,P2,BASE,-150.00,-147.51,-211,R,52783,-31.8248
39420,P2,BASE,-150.00,-152.48,-206,R,52722,-31.7999
39430,P2,BASE,-150.00,-147.54,-211,R,52663,-31.8245
39440,P2,BASE,-150.00,-152.50,-206,R,52602,-31.7995
39450,P2,BASE,-150.00,-147.44,-211,R,52543,-31.8251
39460,P2,BASE,-150.00,-150.01,-209,R,52483,-31.8249
39470,P2,BASE,-150.00,-152.48,-206,R,52422,-31.8001
39480,P2,BASE,-150.00,-147.50,-211,R,52363,-31.8251
39490,P2,BASE,-150.00,-147.51,-211,R,52304,-31.8499
39500,P2,BASE,-150.00,-150.03,-209,R,52244,-31.8496
39510,P2,BASE,-150.00,-149.97,-209,R,52184,-31.8499
39520,P2,BASE,-150.00,-152.50,-206,R,52123,-31.8249
39530,P2,BASE,-150.00,-150.00,-209,R,52063,-31.8249
39540,P2,BASE,-150.00,-155.02,-203,R,52001,-31.7748
39550,P2,BASE,-150.00,-152.48,-205,R,51940,-31.7499
39560,P2,BASE,-150.00,-152.52,-205,R,51879,-31.7248
39570,P2,BASE,-150.00,-149.99,-208,R,51819,-31.7249
39580,P2,BASE,-150.00,-145.00,-213,R,51761,-31.7749
39590,P2,BASE,-150.00,-150.03,-208,R,51701,-31.7746
39600,P2,BASE,-150.00,-147.50,-211,R,51642,-31.7996
39610,P2,BASE,-150.00,-150.00,-208,R,51582,-31.7996
39620,P2,BASE,-150.00,-150.00,-208,R,51522,-31.7996
39630,P2,BASE,-150.00,-147.49,-211,R,51463,-31.8248
39640,P2,BASE,-150.00,-150.03,-208,R,51403,-31.8245
39650,P2,BASE,-150.00,-147.46,-211,R,51344,-31.8499
39660,P2,BASE,-150.00,-150.01,-209,R,51284,-31.8498
39670,P2,BASE,-150.00,-147.53,-211,R,51225,-31.8745
39680,P2,BASE,-150.00,-145.00,-214,R,51167,-31.9245
39690,P2,BASE,-150.00,-144.99,-215,R,51109,-31.9746
39700,P2,BASE,-150.00,-147.50,-212,R,51050,-31.9996
39710,P2,BASE,-150.00,-152.48,-207,R,50989,-31.9748
39720,P2,BASE,-150.00,-152.53,-207,R,50928,-31.9495
39730,P2,BASE,-150.00,-152.47,-207,R,50867,-31.9248
39740,P2,BASE,-150.00,-157.52,-201,R,50804,-31.8496
39750,P2,BASE,-150.00,-152.52,-206,R,50743,-31.8245
39760,P2,BASE,-150.00,-152.47,-206,R,50682,-31.7998
39770,P2,BASE,-150.00,-152.52,-206,R,50621,-31.7746
39780,P2,BASE,-150.00,-147.47,-211,R,50562,-31.7999
39790,P2,BASE,-150.00,-150.03,-208,R,50502,-31.7996
39800,P2,BASE,-150.00,-150.00,-208,R,50442,-31.7996
39810,P2,BASE,-150.00,-150.00,-208,R,50382,-31.7996
39820,P2,BASE,-150.00,-149.99,-208,R,50322,-31.7998
39830,P2,BASE,-150.00,-149.99,-208,R,50262,-31.7999
39840,P2,BASE,-150.00,-150.01,-208,R,50202,-31.7998
39850,P2,BASE,-150.00,-147.49,-211,R,50143,-31.8249
39860,P2,BASE,-150.00,-149.99,-209,R,50083,-31.8251
39870,P2,BASE,-150.00,-150.01,-209,R,50023,-31.8249
39880,P2,BASE,-150.00,-150.00,-209,R,49963,-31.8249
39890,P2,BASE,-150.00,-147.54,-211,R,49904,-31.8495
39900,P2,BASE,-150.00,-150.00,-209,R,49844,-31.8495
39910,P2,BASE,-150.00,-149.99,-209,R,49784,-31.8496
39920,P2,BASE,-150.00,-152.47,-206,R,49723,-31.8249
39930,P2,BASE,-150.00,-150.00,-209,R,49663,-31.8249
39940,P2,BASE,-150.00,-152.53,-206,R,49602,-31.7996
39950,P2,BASE,-150.00,-154.97,-203,R,49540,-31.7499
39960,P2,BASE,-150.00,-152.47,-205,R,49479,-31.7252
39970,P2,BASE,-150.00,-150.05,-208,R,49419,-31.7248
39980,P2,BASE,-150.00,-145.00,-213,R,49361,-31.7748
39990,P2,BASE,-150.00,-147.53,-211,R,49302,-31.7995
40000,P2,BASE,-150.00,-149.94,-208,R,49242,-31.8001
40010,P2,BASE,-150.00,-150.05,-208,R,49182,-31.7996
40020,P2,BASE,-150.00,-150.00,-208,R,49122,-31.7996
40030,P2,BASE,-150.00,-147.49,-211,R,49063,-31.8248
40040,P2,BASE,-150.00,-147.53,-211,R,49004,-31.8495
40050,P2,BASE,-150.00,-149.94,-209,R,48944,-31.8501
40060,P2,BASE,-150.00,-150.01,-209,R,48884,-31.8499
40070,P2,BASE,-150.00,-147.50,-211,R,48825,-31.8749
40080,P2,BASE,-150.00,-145.00,-214,R,48767,-31.9249
40090,P2,BASE,-150.00,-145.01,-215,R,48709,-31.9748
40100,P2,BASE,-150.00,-147.47,-212,R,48650,-32.0001
40110,P2,BASE,-150.00,-150.03,-210,R,48590,-31.9998
40120,P2,BASE,-150.00,-155.03,-204,R,48528,-31.9495
40130,P2,BASE,-150.00,-152.45,-207,R,48467,-31.9249
40140,P2,BASE,-150.00,-155.03,-204,R,48405,-31.8746
40150,P2,BASE,-150.00,-154.97,-203,R,48343,-31.8249
40160,P2,BASE,-150.00,-152.53,-206,R,48282,-31.7996
40170,P2,BASE,-150.00,-152.50,-206,R,48221,-31.7746
40180,P2,BASE,-150.00,-147.47,-211,R,48162,-31.7999
40190,P2,BASE,-150.00,-150.00,-208,R,48102,-31.7999
40200,P2,BASE,-150.00,-150.01,-208,R,48042,-31.7998
40210,P2,BASE,-150.00,-147.51,-211,R,47983,-31.8246
40220,P2,BASE,-150.00,-152.50,-206,R,47922,-31.7996
40230,P2,BASE,-150.00,-147.49,-211,R,47863,-31.8248
40240,P2,BASE,-150.00,-149.99,-209,R,47803,-31.8249
40250,P2,BASE,-150.00,-150.01,-209,R,47743,-31.8248
40260,P2,BASE,-150.00,-149.99,-209,R,47683,-31.8249
40270,P2,BASE,-150.00,-152.52,-206,R,47622,-31.7998
40280,P2,BASE,-150.00,-147.53,-211,R,47563,-31.8245
40290,P2,BASE,-150.00,-147.46,-211,R,47504,-31.8499
40300,P2,BASE,-150.00,-150.03,-209,R,47444,-31.8496
40310,P2,BASE,-150.00,-149.96,-209,R,47384,-31.8501
40320,P2,BASE,-150.00,-152.56,-206,R,47323,-31.8245
40330,P2,BASE,-150.00,-150.00,-209,R,47263,-31.8245
40340,P2,BASE,-150.00,-154.98,-203,R,47201,-31.7746
40350,P2,BASE,-150.00,-152.50,-205,R,47140,-31.7496
40360,P2,BASE,-150.00,-152.39,-205,R,47079,-31.7257
40370,P2,BASE,-150.00,-150.06,-208,R,47019,-31.7251
40380,P2,BASE,-150.00,-145.03,-213,R,46961,-31.7748
40390,P2,BASE,-150.00,-147.47,-211,R,46902,-31.8001
40400,P2,BASE,-150.00,-150.00,-208,R,46842,-31.8001
40410,P2,BASE,-150.00,-150.03,-208,R,46782,-31.7998
40420,P2,BASE,-150.00,-150.01,-208,R,46722,-31.7996
40430,P2,BASE,-150.00,-147.50,-211,R,46663,-31.8246
40440,P2,BASE,-150.00,-147.47,-211,R,46604,-31.8499
40450,P2,BASE,-150.00,-150.03,-209,R,46544,-31.8496
40460,P2,BASE,-150.00,-149.96,-209,R,46484,-31.8501
40470,P2,BASE,-150.00,-147.54,-211,R,46425,-31.8746
40480,P2,BASE,-150.00,-144.97,-214,R,46367,-31.9249
40490,P2,BASE,-150.00,-145.04,-215,R,46309,-31.9745
40500,P2,BASE,-150.00,-147.50,-212,R,46250,-31.9995
40510,P2,BASE,-150.00,-149.99,-210,R,46190,-31.9996
40520,P2,BASE,-150.00,-154.95,-204,R,46128,-31.9501
40530,P2,BASE,-150.00,-152.52,-207,R,46067,-31.9249
40540,P2,BASE,-150.00,-155.02,-204,R,46005,-31.8748
40550,P2,BASE,-150.00,-154.98,-203,R,45943,-31.8249
40560,P2,BASE,-150.00,-150.01,-209,R,45883,-31.8248
40570,P2,BASE,-150.00,-152.48,-206,R,45822,-31.7999
40580,P2,BASE,-150.00,-149.99,-208,R,45762,-31.8001
40590,P2,BASE,-150.00,-147.53,-211,R,45703,-31.8248
40600,P2,BASE,-150.00,-149.99,-209,R,45643,-31.8250
40610,P2,BASE,-150.00,-150.01,-209,R,45583,-31.8248
40620,P2,BASE,-150.00,-150.01,-208,R,45523,-31.8247
40630,P2,BASE,-150.00,-150.00,-209,R,45463,-31.8247
40640,P2,BASE,-150.00,-150.01,-208,R,45403,-31.8245
40650,P2,BASE,-150.00,-149.96,-209,R,45343,-31.8250
40660,P2,BASE,-150.00,-150.00,-209,R,45283,-31.8250
40670,P2,BASE,-150.00,-150.05,-208,R,45223,-31.8245
40680,P2,BASE,-150.00,-147.47,-211,R,45164,-31.8498
40690,P2,BASE,-150.00,-150.00,-209,R,45104,-31.8498
40700,P2,BASE,-150.00,-149.91,-209,R,45044,-31.8507
40710,P2,BASE,-150.00,-147.62,-211,R,44985,-31.8745
40720,P2,BASE,-150.00,-152.50,-206,R,44924,-31.8495
40730,P2,BASE,-150.00,-152.50,-206,R,44863,-31.8245
40740,P2,BASE,-150.00,-152.48,-206,R,44802,-31.7997
40750,P2,BASE,-150.00,-152.48,-206,R,44741,-31.7748
40760,P2,BASE,-150.00,-152.48,-205,R,44680,-31.7500
40770,P2,BASE,-150.00,-150.05,-208,R,44620,-31.7495
40780,P2,BASE,-150.00,-147.44,-211,R,44561,-31.7751
40790,P2,BASE,-150.00,-147.53,-211,R,44502,-31.7998
40800,P2,BASE,-150.00,-147.53,-211,R,44443,-31.8245
40810,P2,BASE,-150.00,-150.00,-209,R,44383,-31.8245
40820,P2,BASE,-150.00,-150.00,-209,R,44323,-31.8245
40830,P2,BASE,-150.00,-149.99,-209,R,44263,-31.8247
40840,P2,BASE,-150.00,-147.50,-211,R,44204,-31.8497
40850,P2,BASE,-150.00,-149.97,-209,R,44144,-31.8500
40860,P2,BASE,-150.00,-150.03,-209,R,44084,-31.8497
40870,P2,BASE,-150.00,-147.46,-211,R,44025,-31.8751
40880,P2,BASE,-150.00,-145.04,-214,R,43967,-31.9247
40890,P2,BASE,-150.00,-145.01,-215,R,43909,-31.9745
40900,P2,BASE,-150.00,-147.49,-212,R,43850,-31.9997
40910,P2,BASE,-150.00,-152.39,-207,R,43789,-31.9757
40920,P2,BASE,-150.00,-152.61,-207,R,43728,-31.9497
40930,P2,BASE,-150.00,-152.47,-207,R,43667,-31.9250
40940,P2,BASE,-150.00,-155.00,-204,R,43605,-31.8750
40950,P2,BASE,-150.00,-155.03,-203,R,43543,-31.8247
40960,P2,BASE,-150.00,-152.45,-206,R,43482,-31.8001
40970,P2,BASE,-150.00,-152.55,-206,R,43421,-31.7747
40980,P2,BASE,-150.00,-147.50,-211,R,43362,-31.7997
40990,P2,BASE,-150.00,-149.96,-208,R,43302,-31.8001
41000,P2,BASE,-150.00,-147.53,-211,R,43243,-31.8248
41010,P2,BASE,-150.00,-149.99,-209,R,43183,-31.8250
41020,P2,BASE,-150.00,-152.42,-206,R,43122,-31.8007
41030,P2,BASE,-150.00,-147.60,-211,R,43063,-31.8247
41040,P2,BASE,-150.00,-150.01,-208,R,43003,-31.8246
41050,P2,BASE,-150.00,-149.99,-209,R,42943,-31.8247
41060,P2,BASE,-150.00,-150.00,-209,R,42883,-31.8247
41070,P2,BASE,-150.00,-150.00,-209,R,42823,-31.8247
41080,P2,BASE,-150.00,-149.87,-209,R,42763,-31.8261
41090,P2,BASE,-150.00,-147.60,-211,R,42704,-31.8500
41100,P2,BASE,-150.00,-150.01,-209,R,42644,-31.8499
41110,P2,BASE,-150.00,-149.97,-209,R,42584,-31.8502
41120,P2,BASE,-150.00,-150.01,-209,R,42524,-31.8500
41130,P2,BASE,-150.00,-152.50,-206,R,42463,-31.8250
41140,P2,BASE,-150.00,-152.53,-206,R,42402,-31.7997
41150,P2,BASE,-150.00,-154.97,-203,R,42340,-31.7500
41160,P2,BASE,-150.00,-150.03,-208,R,42280,-31.7497
41170,P2,BASE,-150.00,-152.48,-205,R,42219,-31.7249
41180,P2,BASE,-150.00,-145.01,-213,R,42161,-31.7747
41190,P2,BASE,-150.00,-147.47,-211,R,42102,-31.8000
41200,P2,BASE,-150.00,-150.01,-208,R,42042,-31.7999
41210,P2,BASE,-150.00,-149.99,-208,R,41982,-31.8000
41220,P2,BASE,-150.00,-150.03,-208,R,41922,-31.7997
41230,P2,BASE,-150.00,-147.50,-211,R,41863,-31.8247
41240,P2,BASE,-150.00,-147.51,-211,R,41804,-31.8496
41250,P2,BASE,-150.00,-149.97,-209,R,41744,-31.8499
41260,P2,BASE,-150.00,-149.99,-209,R,41684,-31.8500
41270,P2,BASE,-150.00,-147.54,-211,R,41625,-31.8746
41280,P2,BASE,-150.00,-145.00,-214,R,41567,-31.9246
41290,P2,BASE,-150.00,-144.96,-215,R,41509,-31.9750
41300,P2,BASE,-150.00,-147.51,-212,R,41450,-31.9999
41310,P2,BASE,-150.00,-150.03,-210,R,41390,-31.9996
41320,P2,BASE,-150.00,-154.98,-204,R,41328,-31.9497
41330,P2,BASE,-150.00,-152.45,-207,R,41267,-31.9252
41340,P2,BASE,-150.00,-155.02,-204,R,41205,-31.8750
41350,P2,BASE,-150.00,-154.95,-203,R,41143,-31.8255
41360,P2,BASE,-150.00,-150.08,-208,R,41083,-31.8248
41370,P2,BASE,-150.00,-152.48,-206,R,41022,-31.7999
41380,P2,BASE,-150.00,-149.97,-208,R,40962,-31.8002
41390,P2,BASE,-150.00,-147.54,-211,R,40903,-31.8248
41400,P2,BASE,-150.00,-150.01,-208,R,40843,-31.8246
41410,P2,BASE,-150.00,-147.47,-211,R,40784,-31.8499
41420,P2,BASE,-150.00,-152.48,-206,R,40723,-31.8251
41430,P2,BASE,-150.00,-147.49,-211,R,40664,-31.8502
41440,P2,BASE,-150.00,-150.06,-209,R,40604,-31.8496
41450,P2,BASE,-150.00,-149.99,-209,R,40544,-31.8498
41460,P2,BASE,-150.00,-149.96,-209,R,40484,-31.8502
41470,P2,BASE,-150.00,-150.00,-209,R,40424,-31.8502
41480,P2,BASE,-150.00,-150.03,-209,R,40364,-31.8499
41490,P2,BASE,-150.00,-149.91,-209,R,40304,-31.8508
41500,P2,BASE,-150.00,-147.59,-211,R,40245,-31.8749
41510,P2,BASE,-150.00,-149.99,-209,R,40185,-31.8751
41520,P2,BASE,-150.00,-152.52,-206,R,40124,-31.8499
41530,P2,BASE,-150.00,-149.99,-209,R,40064,-31.8501
41540,P2,BASE,-150.00,-152.48,-206,R,40003,-31.8252
41550,P2,BASE,-150.00,-155.00,-203,R,39941,-31.7752
41560,P2,BASE,-150.00,-150.06,-208,R,39881,-31.7746
41570,P2,BASE,-150.00,-152.44,-206,R,39820,-31.7502
41580,P2,BASE,-150.00,-145.01,-213,R,39762,-31.8001
41590,P2,BASE,-150.00,-149.91,-208,R,39702,-31.8010
41600,P2,BASE,-150.00,-147.63,-211,R,39643,-31.8247
41610,P2,BASE,-150.00,-150.00,-209,R,39583,-31.8247
41620,P2,BASE,-150.00,-150.00,-209,R,39523,-31.8247
41630,P2,BASE,-150.00,-147.50,-211,R,39464,-31.8497
41640,P2,BASE,-150.00,-149.96,-209,R,39404,-31.8501
41650,P2,BASE,-150.00,-147.49,-211,R,39345,-31.8753
41660,P2,BASE,-150.00,-150.06,-209,R,39285,-31.8747
41670,P2,BASE,-150.00,-147.47,-212,R,39226,-31.9000
41680,P2,BASE,-150.00,-144.99,-214,R,39168,-31.9501
41690,P2,BASE,-150.00,-145.04,-215,R,39110,-31.9997
41700,P2,BASE,-150.00,-147.46,-212,R,39051,-32.0251
41710,P2,BASE,-150.00,-152.53,-207,R,38990,-31.9998
41720,P2,BASE,-150.00,-152.48,-207,R,38929,-31.9750
41730,P2,BASE,-150.00,-152.52,-207,R,38868,-31.9498
41740,P2,BASE,-150.00,-154.98,-204,R,38806,-31.9000
41750,P2,BASE,-150.00,-155.02,-204,R,38744,-31.8498
41760,P2,BASE,-150.00,-152.45,-206,R,38683,-31.8253
41770,P2,BASE,-150.00,-152.50,-206,R,38622,-31.8003
41780,P2,BASE,-150.00,-147.50,-211,R,38563,-31.8253
41790,P2,BASE,-150.00,-147.54,-211,R,38504,-31.8498
41800,P2,BASE,-150.00,-149.97,-209,R,38444,-31.8501
41810,P2,BASE,-150.00,-150.00,-209,R,38384,-31.8501
41820,P2,BASE,-150.00,-150.03,-209,R,38324,-31.8498
41830,P2,BASE,-150.00,-149.97,-209,R,38264,-31.8501
41840,P2,BASE,-150.00,-150.01,-209,R,38204,-31.8500
41850,P2,BASE,-150.00,-150.03,-209,R,38144,-31.8497
41860,P2,BASE,-150.00,-149.96,-209,R,38084,-31.8501
41870,P2,BASE,-150.00,-152.42,-206,R,38023,-31.8259
41880,P2,BASE,-150.00,-147.60,-211,R,37964,-31.8498
41890,P2,BASE,-150.00,-147.50,-211,R,37905,-31.8748
41900,P2,BASE,-150.00,-149.97,-209,R,37845,-31.8751
41910,P2,BASE,-150.00,-150.05,-209,R,37785,-31.8747
41920,P2,BASE,-150.00,-150.00,-209,R,37725,-31.8747
41930,P2,BASE,-150.00,-152.47,-206,R,37664,-31.8500
41940,P2,BASE,-150.00,-152.52,-206,R,37603,-31.8248
41950,P2,BASE,-150.00,-152.47,-206,R,37542,-31.8002
41960,P2,BASE,-150.00,-152.52,-206,R,37481,-31.7750
41970,P2,BASE,-150.00,-152.53,-205,R,37420,-31.7497
41980,P2,BASE,-150.00,-144.97,-213,R,37362,-31.8000
41990,P2,BASE,-150.00,-147.49,-211,R,37303,-31.8251
42000,P2,BASE,-150.00,-150.00,-209,R,37243,-31.8251
42010,P2,BASE,-150.00,-150.05,-208,R,37183,-31.8247
42020,P2,BASE,-150.00,-147.50,-211,R,37124,-31.8497
42030,P2,BASE,-150.00,-150.00,-209,R,37064,-31.8497
42040,P2,BASE,-150.00,-149.94,-209,R,37004,-31.8503
42050,P2,BASE,-150.00,-147.56,-211,R,36945,-31.8747
42060,P2,BASE,-150.00,-150.00,-209,R,36885,-31.8747
42070,P2,BASE,-150.00,-147.46,-212,R,36826,-31.9001
42080,P2,BASE,-150.00,-145.00,-214,R,36768,-31.9501
42090,P2,BASE,-150.00,-145.03,-215,R,36710,-31.9998
42100,P2,BASE,-150.00,-147.51,-212,R,36651,-32.0247
42110,P2,BASE,-150.00,-152.45,-207,R,36590,-32.0001
42120,P2,BASE,-150.00,-152.52,-207,R,36529,-31.9750
42130,P2,BASE,-150.00,-152.52,-207,R,36468,-31.9498
42140,P2,BASE,-150.00,-154.98,-204,R,36406,-31.9000
42150,P2,BASE,-150.00,-154.98,-204,R,36344,-31.8502
42160,P2,BASE,-150.00,-152.50,-206,R,36283,-31.8252
42170,P2,BASE,-150.00,-152.53,-206,R,36222,-31.7999
42180,P2,BASE,-150.00,-147.50,-211,R,36163,-31.8249
42190,P2,BASE,-150.00,-149.97,-209,R,36103,-31.8251
42200,P2,BASE,-150.00,-150.05,-208,R,36043,-31.8247
42210,P2,BASE,-150.00,-150.00,-209,R,35983,-31.8247
42220,P2,BASE,-150.00,-149.97,-209,R,35923,-31.8250
42230,P2,BASE,-150.00,-147.53,-211,R,35864,-31.8497
42240,P2,BASE,-150.00,-152.50,-206,R,35803,-31.8247
42250,P2,BASE,-150.00,-149.97,-209,R,35743,-31.8250
42260,P2,BASE,-150.00,-149.93,-209,R,35683,-31.8258
42270,P2,BASE,-150.00,-150.11,-208,R,35623,-31.8247
42280,P2,BASE,-150.00,-147.49,-211,R,35564,-31.8498
42290,P2,BASE,-150.00,-147.47,-211,R,35505,-31.8751
42300,P2,BASE,-150.00,-150.00,-209,R,35445,-31.8751
42310,P2,BASE,-150.00,-150.01,-209,R,35385,-31.8750
42320,P2,BASE,-150.00,-152.42,-206,R,35324,-31.8508
42330,P2,BASE,-150.00,-150.08,-209,R,35264,-31.8500
42340,P2,BASE,-150.00,-152.52,-206,R,35203,-31.8249
42350,P2,BASE,-150.00,-152.50,-206,R,35142,-31.7999
42360,P2,BASE,-150.00,-152.45,-206,R,35081,-31.7753
42370,P2,BASE,-150.00,-152.55,-205,R,35020,-31.7499
42380,P2,BASE,-150.00,-145.00,-213,R,34962,-31.7999
42390,P2,BASE,-150.00,-149.96,-208,R,34902,-31.8003
42400,P2,BASE,-150.00,-147.54,-211,R,34843,-31.8249
42410,P2,BASE,-150.00,-150.01,-208,R,34783,-31.8247
42420,P2,BASE,-150.00,-150.00,-209,R,34723,-31.8247
42430,P2,BASE,-150.00,-147.49,-211,R,34664,-31.8499
42440,P2,BASE,-150.00,-149.97,-209,R,34604,-31.8502
42450,P2,BASE,-150.00,-147.51,-211,R,34545,-31.8750
42460,P2,BASE,-150.00,-149.99,-209,R,34485,-31.8752
42470,P2,BASE,-150.00,-147.54,-212,R,34426,-31.8997
42480,P2,BASE,-150.00,-144.96,-214,R,34368,-31.9502
42490,P2,BASE,-150.00,-145.03,-215,R,34310,-31.9999
42500,P2,BASE,-150.00,-147.50,-212,R,34251,-32.0249
42510,P2,BASE,-150.00,-152.47,-207,R,34190,-32.0002
42520,P2,BASE,-150.00,-152.48,-207,R,34129,-31.9753
42530,P2,BASE,-150.00,-152.56,-207,R,34068,-31.9497
42540,P2,BASE,-150.00,-154.97,-204,R,34006,-31.9000
42550,P2,BASE,-150.00,-154.97,-204,R,33944,-31.8503
42560,P2,BASE,-150.00,-152.52,-206,R,33883,-31.8252
42570,P2,BASE,-150.00,-152.53,-206,R,33822,-31.7999
42580,P2,BASE,-150.00,-147.51,-211,R,33763,-31.8247
42590,P2,BASE,-150.00,-149.97,-209,R,33703,-31.8250
42600,P2,BASE,-150.00,-147.49,-211,R,33644,-31.8502
42610,P2,BASE,-150.00,-150.03,-209,R,33584,-31.8499
42620,P2,BASE,-150.00,-152.50,-206,R,33523,-31.8249
42630,P2,BASE,-150.00,-147.49,-211,R,33464,-31.8500
42640,P2,BASE,-150.00,-150.03,-209,R,33404,-31.8497
42650,P2,BASE,-150.00,-150.00,-209,R,33344,-31.8497
42660,P2,BASE,-150.00,-152.48,-206,R,33283,-31.8249
42670,P2,BASE,-150.00,-149.97,-209,R,33223,-31.8252
42680,P2,BASE,-150.00,-147.54,-211,R,33164,-31.8497
42690,P2,BASE,-150.00,-147.46,-211,R,33105,-31.8752
42700,P2,BASE,-150.00,-150.05,-209,R,33045,-31.8747
42710,P2,BASE,-150.00,-150.00,-209,R,32985,-31.8747
42720,P2,BASE,-150.00,-149.99,-209,R,32925,-31.8749
42730,P2,BASE,-150.00,-152.52,-206,R,32864,-31.8497
42740,P2,BASE,-150.00,-152.45,-206,R,32803,-31.8252
42750,P2,BASE,-150.00,-152.52,-206,R,32742,-31.8000
42760,P2,BASE,-150.00,-152.48,-206,R,32681,-31.7752
42770,P2,BASE,-150.00,-152.53,-205,R,32620,-31.7499
42780,P2,BASE,-150.00,-144.97,-213,R,32562,-31.8002
42790,P2,BASE,-150.00,-147.51,-211,R,32503,-31.8250
42800,P2,BASE,-150.00,-150.03,-208,R,32443,-31.8247
42810,P2,BASE,-150.00,-149.99,-209,R,32383,-31.8249
42820,P2,BASE,-150.00,-147.51,-211,R,32324,-31.8497
42830,P2,BASE,-150.00,-150.00,-209,R,32264,-31.8497
42840,P2,BASE,-150.00,-147.50,-211,R,32205,-31.8747
42850,P2,BASE,-150.00,-149.97,-209,R,32145,-31.8750
42860,P2,BASE,-150.00,-150.01,-209,R,32085,-31.8749
42870,P2,BASE,-150.00,-147.49,-212,R,32026,-31.9000
42880,P2,BASE,-150.00,-145.03,-214,R,31968,-31.9497
42890,P2,BASE,-150.00,-144.94,-215,R,31910,-32.0003
42900,P2,BASE,-150.00,-147.54,-212,R,31851,-32.0249
42910,P2,BASE,-150.00,-152.52,-207,R,31790,-31.9997
42920,P2,BASE,-150.00,-152.45,-207,R,31729,-31.9752
42930,P2,BASE,-150.00,-152.52,-207,R,31668,-31.9500
42940,P2,BASE,-150.00,-154.98,-204,R,31606,-31.9002
42950,P2,BASE,-150.00,-155.03,-204,R,31544,-31.8499
42960,P2,BASE,-150.00,-152.52,-206,R,31483,-31.8247
42970,P2,BASE,-150.00,-152.48,-206,R,31422,-31.7999
42980,P2,BASE,-150.00,-147.51,-211,R,31363,-31.8247
42990,P2,BASE,-150.00,-149.99,-209,R,31303,-31.8249
43000,P2,BASE,-150.00,-147.51,-211,R,31244,-31.8497
43010,P2,BASE,-149.85,-149.96,-209,R,31184,-31.8487
43020,P2,BASE,-149.70,-152.53,-206,R,31123,-31.8204
43030,P2,BASE,-149.55,-147.49,-211,R,31064,-31.8410
43040,P2,BASE,-149.40,-152.52,-205,R,31003,-31.8099
43050,P2,BASE,-149.25,-147.47,-210,R,30944,-31.8277
43060,P2,BASE,-149.10,-150.05,-208,R,30884,-31.8182
43070,P2,BASE,-148.95,-149.96,-207,R,30824,-31.8082
43080,P2,BASE,-148.80,-147.51,-210,R,30765,-31.8210
43090,P2,BASE,-148.65,-147.53,-210,R,30706,-31.8322
43100,P2,BASE,-148.50,-147.46,-210,R,30647,-31.8427
43110,P2,BASE,-148.35,-150.03,-207,R,30587,-31.8259
43120,P2,BASE,-148.20,-152.42,-204,R,30526,-31.7836
43130,P2,BASE,-148.05,-149.96,-206,R,30466,-31.7646
43140,P2,BASE,-147.90,-150.14,-206,R,30406,-31.7422
43150,P2,BASE,-147.75,-152.44,-203,R,30345,-31.6953
43160,P2,BASE,-147.60,-150.03,-205,R,30285,-31.6710
43170,P2,BASE,-147.45,-147.49,-207,R,30226,-31.6707
43180,P2,BASE,-147.30,-145.03,-210,R,30168,-31.6934
43190,P2,BASE,-147.15,-147.49,-207,R,30109,-31.6900
43200,P2,BASE,-147.00,-145.03,-210,R,30051,-31.7097
43210,P2,BASE,-146.85,-149.97,-204,R,29991,-31.6785
43220,P2,BASE,-146.70,-144.99,-209,R,29933,-31.6957
43230,P2,BASE,-146.55,-147.50,-207,R,29874,-31.6862
43240,P2,BASE,-146.40,-145.01,-209,R,29816,-31.7000
43250,P2,BASE,-146.25,-147.51,-206,R,29757,-31.6874
43260,P2,BASE,-146.10,-144.99,-209,R,29699,-31.6985
43270,P2,BASE,-145.95,-144.99,-209,R,29641,-31.7082
43280,P2,BASE,-145.80,-142.50,-211,R,29584,-31.7412
43290,P2,BASE,-145.65,-142.49,-211,R,29527,-31.7728
43300,P2,BASE,-145.50,-142.51,-211,R,29470,-31.8027
43310,P2,BASE,-145.35,-147.53,-206,R,29411,-31.7809
43320,P2,BASE,-145.20,-149.99,-203,R,29351,-31.7330
43330,P2,BASE,-145.05,-147.51,-205,R,29292,-31.7084
43340,P2,BASE,-144.90,-149.97,-202,R,29232,-31.6577
43350,P2,BASE,-144.75,-150.03,-202,R,29172,-31.6049
43360,P2,BASE,-144.60,-150.01,-201,R,29112,-31.5507
43370,P2,BASE,-144.45,-147.49,-203,R,29053,-31.5204
43380,P2,BASE,-144.30,-145.00,-206,R,28995,-31.5134
43390,P2,BASE,-144.15,-142.51,-208,R,28938,-31.5298
43400,P2,BASE,-144.00,-142.50,-208,R,28881,-31.5448
43410,P2,BASE,-143.85,-145.00,-205,R,28823,-31.5333
43420,P2,BASE,-143.70,-144.97,-205,R,28765,-31.5205
43430,P2,BASE,-143.55,-147.50,-202,R,28706,-31.4810
43440,P2,BASE,-143.40,-142.50,-207,R,28649,-31.4900
43450,P2,BASE,-143.25,-145.03,-204,R,28591,-31.4723
43460,P2,BASE,-143.10,-144.93,-204,R,28533,-31.4540
43470,P2,BASE,-142.95,-142.54,-207,R,28476,-31.4580
43480,P2,BASE,-142.80,-144.99,-204,R,28418,-31.4362
43490,P2,BASE,-142.65,-139.99,-209,R,28362,-31.4628
43500,P2,BASE,-142.50,-144.96,-203,R,28304,-31.4383
43510,P2,BASE,-142.35,-140.07,-208,R,28248,-31.4611
43520,P2,BASE,-142.20,-144.99,-203,R,28190,-31.4332
43530,P2,BASE,-142.05,-142.51,-205,R,28133,-31.4286
43540,P2,BASE,-141.90,-145.03,-203,R,28075,-31.3973
43550,P2,BASE,-141.75,-144.97,-202,R,28017,-31.3651
43560,P2,BASE,-141.60,-145.03,-202,R,27959,-31.3308
43570,P2,BASE,-141.45,-144.99,-201,R,27901,-31.2954
43580,P2,BASE,-141.30,-144.99,-201,R,27843,-31.2586
43590,P2,BASE,-141.15,-140.01,-206,R,27787,-31.2699
43600,P2,BASE,-141.00,-137.47,-209,R,27732,-31.3052
43610,P2,BASE,-140.85,-140.01,-206,R,27676,-31.3136
43620,P2,BASE,-140.70,-142.50,-203,R,27619,-31.2956
43630,P2,BASE,-140.55,-142.53,-203,R,27562,-31.2758
43640,P2,BASE,-140.40,-140.00,-205,R,27506,-31.2798
43650,P2,BASE,-140.25,-139.96,-205,R,27450,-31.2827
43660,P2,BASE,-140.10,-140.04,-205,R,27394,-31.2833
43670,P2,BASE,-139.95,-139.97,-205,R,27338,-31.2831
43680,P2,BASE,-139.80,-139.99,-205,R,27282,-31.2812
43690,P2,BASE,-139.65,-140.01,-205,R,27226,-31.2776
43700,P2,BASE,-139.50,-135.00,-210,R,27172,-31.3226
43710,P2,BASE,-139.35,-134.99,-210,R,27118,-31.3662
43720,P2,BASE,-139.20,-137.53,-207,R,27063,-31.3829
43730,P2,BASE,-139.05,-142.49,-202,R,27006,-31.3486
43740,P2,BASE,-138.90,-142.49,-202,R,26949,-31.3127
43750,P2,BASE,-138.75,-142.49,-201,R,26892,-31.2754
43760,P2,BASE,-138.60,-142.56,-201,R,26835,-31.2358
43770,P2,BASE,-138.45,-142.49,-200,R,26778,-31.1954
43780,P2,BASE,-138.30,-145.01,-197,R,26720,-31.1283
43790,P2,BASE,-138.15,-140.00,-202,R,26664,-31.1098
43800,P2,BASE,-138.00,-140.00,-202,R,26608,-31.0898
43810,P2,BASE,-137.85,-137.46,-204,R,26553,-31.0937
43820,P2,BASE,-137.70,-137.54,-204,R,26498,-31.0953
43830,P2,BASE,-137.55,-137.49,-204,R,26443,-31.0959
43840,P2,BASE,-137.40,-140.01,-201,R,26387,-31.0698
43850,P2,BASE,-137.25,-137.45,-203,R,26332,-31.0678
43860,P2,BASE,-137.10,-137.56,-203,R,26277,-31.0633
43870,P2,BASE,-136.95,-139.97,-200,R,26221,-31.0331
43880,P2,BASE,-136.80,-135.03,-205,R,26167,-31.0508
43890,P2,BASE,-136.65,-139.99,-200,R,26111,-31.0174
43900,P2,BASE,-136.50,-137.46,-202,R,26056,-31.0078
43910,P2,BASE,-136.35,-135.05,-205,R,26002,-31.0208
43920,P2,BASE,-136.20,-137.47,-202,R,25947,-31.0081
43930,P2,BASE,-136.05,-135.03,-204,R,25893,-31.0183
43940,P2,BASE,-135.90,-137.47,-202,R,25838,-31.0026
43950,P2,BASE,-135.75,-134.99,-204,R,25784,-31.0102
43960,P2,BASE,-135.60,-140.00,-198,R,25728,-30.9662
43970,P2,BASE,-135.45,-137.53,-201,R,25673,-30.9454
43980,P2,BASE,-135.30,-137.49,-200,R,25618,-30.9236
43990,P2,BASE,-135.15,-140.00,-197,R,25562,-30.8751
44000,P2,BASE,-135.00,-137.53,-200,R,25507,-30.8498
44010,P2,BASE,-134.85,-137.46,-199,R,25452,-30.8237
44020,P2,BASE,-134.70,-135.03,-202,R,25398,-30.8204
44030,P2,BASE,-134.55,-129.99,-207,R,25346,-30.8661
44040,P2,BASE,-134.40,-135.01,-202,R,25292,-30.8599
44050,P2,BASE,-134.25,-134.97,-201,R,25238,-30.8527
44060,P2,BASE,-134.10,-137.50,-198,R,25183,-30.8187
44070,P2,BASE,-133.95,-132.54,-203,R,25130,-30.8328
44080,P2,BASE,-133.80,-132.49,-203,R,25077,-30.8459
44090,P2,BASE,-133.65,-134.97,-201,R,25023,-30.8327
44100,P2,BASE,-133.50,-132.53,-203,R,24970,-30.8424
44110,P2,BASE,-133.35,-134.97,-200,R,24916,-30.8262
44120,P2,BASE,-133.20,-132.53,-203,R,24863,-30.8330
44130,P2,BASE,-133.05,-129.97,-205,R,24811,-30.8637
44140,P2,BASE,-132.90,-130.03,-205,R,24759,-30.8925
44150,P2,BASE,-132.75,-130.00,-205,R,24707,-30.9200
44160,P2,BASE,-132.60,-132.46,-203,R,24654,-30.9214
44170,P2,BASE,-132.45,-135.04,-200,R,24600,-30.8954
44180,P2,BASE,-132.30,-134.96,-200,R,24546,-30.8689
44190,P2,BASE,-132.15,-135.03,-199,R,24492,-30.8401
44200,P2,BASE,-132.00,-137.51,-196,R,24437,-30.7849
44210,P2,BASE,-131.85,-134.99,-198,R,24383,-30.7536
44220,P2,BASE,-131.70,-137.49,-195,R,24328,-30.6957
44230,P2,BASE,-131.55,-135.04,-197,R,24274,-30.6608
44240,P2,BASE,-131.40,-132.46,-200,R,24221,-30.6502
44250,P2,BASE,-131.25,-130.03,-202,R,24169,-30.6624
44260,P2,BASE,-131.10,-132.46,-199,R,24116,-30.6488
44270,P2,BASE,-130.95,-130.01,-202,R,24064,-30.6582
44280,P2,BASE,-130.80,-130.01,-202,R,24012,-30.6661
44290,P2,BASE,-130.65,-132.50,-199,R,23959,-30.6476
44300,P2,BASE,-130.50,-132.53,-199,R,23906,-30.6273
44310,P2,BASE,-130.35,-129.97,-201,R,23854,-30.6311
44320,P2,BASE,-130.20,-132.51,-198,R,23801,-30.6079
44330,P2,BASE,-130.05,-130.00,-201,R,23749,-30.6084
44340,P2,BASE,-129.90,-132.50,-198,R,23696,-30.5824
44350,P2,BASE,-129.75,-130.01,-200,R,23644,-30.5798
44360,P2,BASE,-129.60,-129.97,-200,R,23592,-30.5761
44370,P2,BASE,-129.45,-130.03,-200,R,23540,-30.5703
44380,P2,BASE,-129.30,-129.90,-200,R,23488,-30.5644
44390,P2,BASE,-129.15,-130.09,-199,R,23436,-30.5549
44400,P2,BASE,-129.00,-127.50,-202,R,23385,-30.5699
44410,P2,BASE,-128.85,-132.50,-196,R,23332,-30.5334
44420,P2,BASE,-128.70,-130.01,-199,R,23280,-30.5203
44430,P2,BASE,-128.55,-132.50,-196,R,23227,-30.4808
44440,P2,BASE,-128.40,-130.00,-198,R,23175,-30.4648
44450,P2,BASE,-128.25,-132.49,-195,R,23122,-30.4224
44460,P2,BASE,-128.10,-132.42,-195,R,23069,-30.3792
44470,P2,BASE,-127.95,-127.59,-199,R,23018,-30.3828
44480,P2,BASE,-127.80,-127.47,-199,R,22967,-30.3861
44490,P2,BASE,-127.65,-124.99,-202,R,22917,-30.4127
44500,P2,BASE,-127.50,-124.99,-202,R,22867,-30.4379
44510,P2,BASE,-127.35,-132.51,-194,R,22814,-30.3862
44520,P2,BASE,-127.20,-127.53,-199,R,22763,-30.3830
44530,P2,BASE,-127.05,-127.39,-199,R,22712,-30.3796
44540,P2,BASE,-126.90,-125.09,-201,R,22662,-30.3977
44550,P2,BASE,-126.75,-127.50,-198,R,22611,-30.3902
44560,P2,BASE,-126.60,-127.53,-198,R,22560,-30.3810
44570,P2,BASE,-126.45,-127.49,-198,R,22509,-30.3706
44580,P2,BASE,-126.30,-127.51,-198,R,22458,-30.3585
44590,P2,BASE,-126.15,-122.51,-203,R,22409,-30.3949
44600,P2,BASE,-126.00,-122.48,-203,R,22360,-30.4301
44610,P2,BASE,-125.85,-125.00,-200,R,22310,-30.4386
44620,P2,BASE,-125.70,-125.03,-200,R,22260,-30.4454
44630,P2,BASE,-125.55,-127.46,-197,R,22209,-30.4262
44640,P2,BASE,-125.40,-127.53,-197,R,22158,-30.4050
44650,P2,BASE,-125.25,-130.01,-194,R,22106,-30.3574
44660,P2,BASE,-125.10,-127.50,-196,R,22055,-30.3334
44670,P2,BASE,-124.95,-129.97,-193,R,22003,-30.2831
44680,P2,BASE,-124.80,-127.53,-195,R,21952,-30.2559
44690,P2,BASE,-124.65,-127.45,-195,R,21901,-30.2279
44700,P2,BASE,-124.50,-127.51,-195,R,21850,-30.1977
44710,P2,BASE,-124.35,-125.01,-197,R,21800,-30.1911
44720,P2,BASE,-124.20,-122.49,-200,R,21751,-30.2082
44730,P2,BASE,-124.05,-125.01,-197,R,21701,-30.1986
44740,P2,BASE,-123.90,-125.01,-197,R,21651,-30.1875
44750,P2,BASE,-123.75,-124.96,-196,R,21601,-30.1754
44760,P2,BASE,-123.60,-125.04,-196,R,21551,-30.1610
44770,P2,BASE,-123.45,-122.50,-199,R,21502,-30.1705
44780,P2,BASE,-123.30,-124.98,-196,R,21452,-30.1537
44790,P2,BASE,-123.15,-124.99,-196,R,21402,-30.1354
44800,P2,BASE,-123.00,-125.04,-195,R,21352,-30.1150
44810,P2,BASE,-122.85,-124.96,-195,R,21302,-30.0939
44820,P2,BASE,-122.70,-122.51,-197,R,21253,-30.0957
44830,P2,BASE,-122.55,-122.51,-197,R,21204,-30.0961
44840,P2,BASE,-122.40,-122.51,-197,R,21155,-30.0950
44850,P2,BASE,-122.25,-124.99,-194,R,21105,-30.0676
44860,P2,BASE,-122.10,-119.99,-199,R,21057,-30.0887
44870,P2,BASE,-121.95,-122.50,-197,R,21008,-30.0832
44880,P2,BASE,-121.80,-122.52,-196,R,20959,-30.0760
44890,P2,BASE,-121.65,-124.96,-193,R,20909,-30.0429
44900,P2,BASE,-121.50,-125.04,-193,R,20859,-30.0075
44910,P2,BASE,-121.35,-124.91,-193,R,20809,-29.9719
44920,P2,BASE,-121.20,-122.60,-195,R,20760,-29.9579
44930,P2,BASE,-121.05,-122.50,-195,R,20711,-29.9434
44940,P2,BASE,-120.90,-122.48,-194,R,20662,-29.9276
44950,P2,BASE,-120.75,-122.48,-194,R,20613,-29.9104
44960,P2,BASE,-120.60,-120.01,-197,R,20565,-29.9163
44970,P2,BASE,-120.45,-117.54,-199,R,20518,-29.9454
44980,P2,BASE,-120.30,-120.00,-196,R,20470,-29.9484
44990,P2,BASE,-120.15,-122.49,-194,R,20421,-29.9250
45000,P2,BASE,-120.00,-122.46,-193,R,20372,-29.9004
45010,P2,BASE,-119.85,-120.05,-196,R,20324,-29.8984
45020,P2,BASE,-119.70,-120.00,-196,R,20276,-29.8954
45030,P2,BASE,-119.55,-117.48,-198,R,20229,-29.9161
45040,P2,BASE,-119.40,-120.01,-195,R,20181,-29.9100
45050,P2,BASE,-119.25,-122.51,-192,R,20132,-29.8774
45060,P2,BASE,-119.10,-120.00,-195,R,20084,-29.8684
45070,P2,BASE,-118.95,-117.46,-197,R,20037,-29.8833
45080,P2,BASE,-118.80,-117.51,-197,R,19990,-29.8961
45090,P2,BASE,-118.65,-115.00,-200,R,19944,-29.9326
45100,P2,BASE,-118.50,-114.98,-200,R,19898,-29.9679
45110,P2,BASE,-118.35,-120.02,-195,R,19850,-29.9511
45120,P2,BASE,-118.20,-119.99,-194,R,19802,-29.9333
45130,P2,BASE,-118.05,-122.50,-191,R,19753,-29.8888
45140,P2,BASE,-117.90,-122.51,-191,R,19704,-29.8426
45150,P2,BASE,-117.75,-120.00,-193,R,19656,-29.8201
45160,P2,BASE,-117.60,-122.49,-190,R,19607,-29.7713
45170,P2,BASE,-117.45,-120.00,-192,R,19559,-29.7458
45180,P2,BASE,-117.30,-120.02,-192,R,19511,-29.7185
45190,P2,BASE,-117.15,-119.99,-192,R,19463,-29.6901
45200,P2,BASE,-117.00,-117.51,-194,R,19416,-29.6850
45210,P2,BASE,-116.85,-117.50,-194,R,19369,-29.6785
45220,P2,BASE,-116.70,-115.01,-196,R,19323,-29.6954
45230,P2,BASE,-116.55,-117.48,-194,R,19276,-29.6861
45240,P2,BASE,-116.40,-117.49,-193,R,19229,-29.6753
45250,P2,BASE,-116.25,-117.51,-193,R,19182,-29.6626
45260,P2,BASE,-116.10,-117.48,-193,R,19135,-29.6489
45270,P2,BASE,-115.95,-117.52,-193,R,19088,-29.6331
45280,P2,BASE,-115.80,-115.00,-195,R,19042,-29.6411
45290,P2,BASE,-115.65,-117.52,-192,R,18995,-29.6224
45300,P2,BASE,-115.50,-117.49,-192,R,18948,-29.6025
45310,P2,BASE,-115.35,-117.50,-192,R,18901,-29.5810
45320,P2,BASE,-115.20,-114.99,-194,R,18855,-29.5831
45330,P2,BASE,-115.05,-117.50,-191,R,18808,-29.5586
45340,P2,BASE,-114.90,-114.99,-194,R,18762,-29.5577
45350,P2,BASE,-114.75,-115.03,-193,R,18716,-29.5549
45360,P2,BASE,-114.60,-112.46,-196,R,18671,-29.5763
45370,P2,BASE,-114.45,-115.05,-193,R,18625,-29.5704
45380,P2,BASE,-114.30,-114.95,-193,R,18579,-29.5638
45390,P2,BASE,-114.15,-117.55,-190,R,18532,-29.5299
45400,P2,BASE,-114.00,-114.97,-192,R,18486,-29.5202
45410,P2,BASE,-113.85,-117.50,-189,R,18439,-29.4837
45420,P2,BASE,-113.70,-117.51,-189,R,18392,-29.4456
45430,P2,BASE,-113.55,-114.99,-191,R,18346,-29.4312
45440,P2,BASE,-113.40,-115.03,-191,R,18300,-29.4149
45450,P2,BASE,-113.25,-114.95,-191,R,18254,-29.3978
45460,P2,BASE,-113.10,-115.01,-191,R,18208,-29.3787
45470,P2,BASE,-112.95,-110.01,-196,R,18164,-29.4081
45480,P2,BASE,-112.80,-112.52,-193,R,18119,-29.4109
45490,P2,BASE,-112.65,-110.00,-196,R,18075,-29.4374
45500,P2,BASE,-112.50,-117.46,-187,R,18028,-29.3877
45510,P2,BASE,-112.35,-112.52,-192,R,17983,-29.3860
45520,P2,BASE,-112.20,-112.51,-192,R,17938,-29.3829
45530,P2,BASE,-112.05,-112.48,-192,R,17893,-29.3786
45540,P2,BASE,-111.90,-112.49,-192,R,17848,-29.3727
45550,P2,BASE,-111.75,-112.53,-192,R,17803,-29.3649
45560,P2,BASE,-111.60,-112.46,-191,R,17758,-29.3563
45570,P2,BASE,-111.45,-112.55,-191,R,17713,-29.3454
45580,P2,BASE,-111.30,-112.50,-191,R,17668,-29.3334
45590,P2,BASE,-111.15,-110.00,-193,R,17624,-29.3449
45600,P2,BASE,-111.00,-107.49,-196,R,17581,-29.3800
45610,P2,BASE,-110.85,-107.48,-196,R,17538,-29.4137
45620,P2,BASE,-110.70,-110.03,-193,R,17494,-29.4204
45630,P2,BASE,-110.55,-109.98,-193,R,17450,-29.4261
45640,P2,BASE,-110.40,-112.48,-191,R,17405,-29.4053
45650,P2,BASE,-110.25,-115.03,-187,R,17359,-29.3575
45660,P2,BASE,-110.10,-112.50,-190,R,17314,-29.3335
45670,P2,BASE,-109.95,-112.49,-189,R,17269,-29.3081
45680,P2,BASE,-109.80,-115.02,-186,R,17223,-29.2559
45690,P2,BASE,-109.65,-112.50,-189,R,17178,-29.2274
45700,P2,BASE,-109.50,-112.50,-188,R,17133,-29.1974
45710,P2,BASE,-109.35,-112.47,-188,R,17088,-29.1662
45720,P2,BASE,-109.20,-109.99,-190,R,17044,-29.1583
45730,P2,BASE,-109.05,-110.04,-190,R,17000,-29.1484
45740,P2,BASE,-108.90,-107.47,-192,R,16957,-29.1627
45750,P2,BASE,-108.75,-110.00,-190,R,16913,-29.1502
45760,P2,BASE,-108.60,-107.52,-192,R,16870,-29.1610
45770,P2,BASE,-108.45,-109.96,-189,R,16826,-29.1459
45780,P2,BASE,-108.30,-110.06,-189,R,16782,-29.1284
45790,P2,BASE,-108.15,-110.00,-189,R,16738,-29.1099
45800,P2,BASE,-108.00,-107.49,-191,R,16695,-29.1150
45810,P2,BASE,-107.85,-109.99,-188,R,16651,-29.0936
45820,P2,BASE,-107.70,-110.00,-188,R,16607,-29.0706
45830,P2,BASE,-107.55,-107.49,-190,R,16564,-29.0712
45840,P2,BASE,-107.40,-107.53,-190,R,16521,-29.0699
45850,P2,BASE,-107.25,-109.98,-187,R,16477,-29.0426
45860,P2,BASE,-107.10,-110.01,-187,R,16433,-29.0135
45870,P2,BASE,-106.95,-107.48,-189,R,16390,-29.0082
45880,P2,BASE,-106.80,-105.03,-192,R,16348,-29.0259
45890,P2,BASE,-106.65,-107.47,-189,R,16305,-29.0177
45900,P2,BASE,-106.50,-107.50,-189,R,16262,-29.0077
45910,P2,BASE,-106.35,-107.45,-189,R,16219,-28.9967
45920,P2,BASE,-106.20,-105.06,-191,R,16177,-29.0081
45930,P2,BASE,-106.05,-110.02,-186,R,16133,-28.9684
45940,P2,BASE,-105.90,-104.97,-191,R,16091,-28.9777
45950,P2,BASE,-105.75,-110.01,-185,R,16047,-28.9351
45960,P2,BASE,-105.60,-107.51,-187,R,16004,-28.9160
45970,P2,BASE,-105.45,-107.50,-187,R,15961,-28.8955
45980,P2,BASE,-105.30,-110.01,-184,R,15917,-28.8484
45990,P2,BASE,-105.15,-104.98,-189,R,15875,-28.8501
46000,P2,BASE,-105.00,-107.48,-186,R,15832,-28.8253
46010,P2,BASE,-104.85,-105.04,-189,R,15790,-28.8234
46020,P2,BASE,-104.70,-102.46,-191,R,15749,-28.8458
46030,P2,BASE,-104.55,-105.02,-188,R,15707,-28.8411
46040,P2,BASE,-104.40,-102.51,-191,R,15666,-28.8600
46050,P2,BASE,-104.25,-107.51,-186,R,15623,-28.8274
46060,P2,BASE,-104.10,-104.97,-188,R,15581,-28.8187
46070,P2,BASE,-103.95,-105.03,-188,R,15539,-28.8079
46080,P2,BASE,-103.80,-105.00,-187,R,15497,-28.7959
46090,P2,BASE,-103.65,-104.97,-187,R,15455,-28.7827
46100,P2,BASE,-103.50,-105.02,-187,R,15413,-28.7675
46110,P2,BASE,-103.35,-102.48,-189,R,15372,-28.7762
46120,P2,BASE,-103.20,-104.99,-187,R,15330,-28.7583
46130,P2,BASE,-103.05,-105.03,-186,R,15288,-28.7385
46140,P2,BASE,-102.90,-102.50,-189,R,15247,-28.7425
46150,P2,BASE,-102.75,-100.01,-191,R,15207,-28.7699
46160,P2,BASE,-102.60,-102.47,-189,R,15166,-28.7712
46170,P2,BASE,-102.45,-100.01,-191,R,15126,-28.7956
46180,P2,BASE,-102.30,-100.00,-191,R,15086,-28.8186
46190,P2,BASE,-102.15,-102.52,-188,R,15045,-28.8149
46200,P2,BASE,-102.00,-104.97,-186,R,15003,-28.7852
46210,P2,BASE,-101.85,-105.01,-185,R,14961,-28.7536
46220,P2,BASE,-101.70,-105.00,-185,R,14919,-28.7206
46230,P2,BASE,-101.55,-105.01,-184,R,14877,-28.6860
46240,P2,BASE,-101.40,-105.00,-184,R,14835,-28.6500
46250,P2,BASE,-101.25,-102.48,-186,R,14794,-28.6377
46260,P2,BASE,-101.10,-105.00,-183,R,14752,-28.5987
46270,P2,BASE,-100.95,-105.03,-183,R,14710,-28.5579
46280,P2,BASE,-100.80,-99.99,-188,R,14670,-28.5660
46290,P2,BASE,-100.65,-102.50,-185,R,14629,-28.5475
46300,P2,BASE,-100.50,-100.00,-188,R,14589,-28.5525
46310,P2,BASE,-100.35,-99.98,-187,R,14549,-28.5562
46320,P2,BASE,-100.20,-102.49,-185,R,14508,-28.5333
46330,P2,BASE,-100.05,-100.03,-187,R,14468,-28.5335
46340,P2,BASE,-99.90,-102.48,-184,R,14427,-28.5077
46350,P2,BASE,-99.75,-99.99,-186,R,14387,-28.5053
46360,P2,BASE,-99.60,-102.52,-184,R,14346,-28.4761
46370,P2,BASE,-99.45,-100.02,-186,R,14306,-28.4704
46380,P2,BASE,-99.30,-99.96,-186,R,14266,-28.4638
46390,P2,BASE,-99.15,-102.53,-183,R,14225,-28.4300
46400,P2,BASE,-99.00,-97.48,-188,R,14186,-28.4452
46410,P2,BASE,-98.85,-102.51,-182,R,14145,-28.4086
46420,P2,BASE,-98.70,-102.51,-182,R,14104,-28.3705
46430,P2,BASE,-98.55,-99.98,-184,R,14064,-28.3562
46440,P2,BASE,-98.40,-100.03,-184,R,14024,-28.3399
46450,P2,BASE,-98.25,-97.46,-186,R,13985,-28.3478
46460,P2,BASE,-98.10,-97.51,-186,R,13946,-28.3537
46470,P2,BASE,-97.95,-100.03,-183,R,13906,-28.3329
46480,P2,BASE,-97.80,-94.98,-189,R,13868,-28.3610
46490,P2,BASE,-97.65,-100.01,-183,R,13828,-28.3374
46500,P2,BASE,-97.50,-100.00,-183,R,13788,-28.3124
46510,P2,BASE,-97.35,-97.48,-185,R,13749,-28.3111
46520,P2,BASE,-97.20,-97.52,-185,R,13710,-28.3079
46530,P2,BASE,-97.05,-99.97,-182,R,13670,-28.2787
46540,P2,BASE,-96.90,-97.52,-185,R,13631,-28.2726
46550,P2,BASE,-96.75,-100.02,-182,R,13591,-28.2399
46560,P2,BASE,-96.60,-97.50,-184,R,13552,-28.2309
46570,P2,BASE,-96.45,-100.00,-181,R,13512,-28.1954
46580,P2,BASE,-96.30,-97.49,-183,R,13473,-28.1835
46590,P2,BASE,-96.15,-97.48,-183,R,13434,-28.1701
46600,P2,BASE,-96.00,-95.03,-186,R,13396,-28.1799
46610,P2,BASE,-95.85,-95.00,-185,R,13358,-28.1884
46620,P2,BASE,-95.70,-95.00,-185,R,13320,-28.1954
46630,P2,BASE,-95.55,-95.00,-185,R,13282,-28.2009
46640,P2,BASE,-95.40,-97.46,-182,R,13243,-28.1803
46650,P2,BASE,-95.25,-97.50,-182,R,13204,-28.1578
46660,P2,BASE,-95.10,-95.01,-185,R,13166,-28.1587
46670,P2,BASE,-94.95,-97.52,-182,R,13127,-28.1330
46680,P2,BASE,-94.80,-94.98,-184,R,13089,-28.1311
46690,P2,BASE,-94.65,-95.02,-184,R,13051,-28.1275
46700,P2,BASE,-94.50,-94.99,-184,R,13013,-28.1226
46710,P2,BASE,-94.35,-92.50,-186,R,12976,-28.1411
46720,P2,BASE,-94.20,-97.52,-181,R,12937,-28.1079
46730,P2,BASE,-94.05,-94.97,-183,R,12899,-28.0986
46740,P2,BASE,-93.90,-95.01,-183,R,12861,-28.0875
46750,P2,BASE,-93.75,-92.50,-185,R,12824,-28.1000
46760,P2,BASE,-93.60,-92.52,-185,R,12787,-28.1109
46770,P2,BASE,-93.45,-89.96,-188,R,12751,-28.1457
46780,P2,BASE,-93.30,-92.54,-185,R,12714,-28.1534
46790,P2,BASE,-93.15,-92.48,-185,R,12677,-28.1600
46800,P2,BASE,-93.00,-95.00,-182,R,12639,-28.1400
46810,P2,BASE,-92.85,-94.98,-182,R,12601,-28.1187
46820,P2,BASE,-92.70,-95.04,-182,R,12563,-28.0953
46830,P2,BASE,-92.55,-94.99,-181,R,12525,-28.0709
46840,P2,BASE,-92.40,-95.00,-181,R,12487,-28.0449
46850,P2,BASE,-92.25,-95.00,-181,R,12449,-28.0174
46860,P2,BASE,-92.10,-94.99,-180,R,12411,-27.9885
46870,P2,BASE,-91.95,-95.02,-180,R,12373,-27.9578
46880,P2,BASE,-91.80,-94.98,-180,R,12335,-27.9260
46890,P2,BASE,-91.65,-92.49,-182,R,12298,-27.9176
46900,P2,BASE,-91.50,-92.53,-182,R,12261,-27.9074
46910,P2,BASE,-91.35,-94.99,-179,R,12223,-27.8709
46920,P2,BASE,-91.20,-89.99,-184,R,12187,-27.8830
46930,P2,BASE,-91.05,-89.99,-184,R,12151,-27.8936
46940,P2,BASE,-90.90,-92.52,-181,R,12114,-27.8774
46950,P2,BASE,-90.75,-89.98,-183,R,12078,-27.8851
46960,P2,BASE,-90.60,-95.01,-178,R,12040,-27.8410
46970,P2,BASE,-90.45,-90.00,-183,R,12004,-27.8455
46980,P2,BASE,-90.30,-92.52,-180,R,11967,-27.8233
46990,P2,BASE,-90.15,-92.49,-180,R,11930,-27.7999
47000,P2,BASE,-90.00,-92.51,-179,R,11893,-27.7748
47010,P2,BASE,-89.85,-89.96,-182,R,11857,-27.7737
47020,P2,BASE,-89.70,-92.53,-179,R,11820,-27.7454
47030,P2,BASE,-89.55,-90.01,-181,R,11784,-27.7408
47040,P2,BASE,-89.40,-92.50,-178,R,11747,-27.7098
47050,P2,BASE,-89.25,-92.47,-178,R,11710,-27.6776
47060,P2,BASE,-89.10,-90.02,-180,R,11674,-27.6684
47070,P2,BASE,-88.95,-90.01,-180,R,11638,-27.6578
47080,P2,BASE,-88.80,-89.96,-180,R,11602,-27.6462
47090,P2,BASE,-88.65,-90.03,-180,R,11566,-27.6324
47100,P2,BASE,-88.50,-87.51,-182,R,11531,-27.6423
47110,P2,BASE,-88.35,-89.97,-179,R,11495,-27.6261
47120,P2,BASE,-88.20,-87.53,-182,R,11460,-27.6329
47130,P2,BASE,-88.05,-87.48,-182,R,11425,-27.6385
47140,P2,BASE,-87.90,-90.01,-179,R,11389,-27.6174
47150,P2,BASE,-87.75,-90.01,-178,R,11353,-27.5948
47160,P2,BASE,-87.60,-90.00,-178,R,11317,-27.5708
47170,P2,BASE,-87.45,-87.48,-181,R,11282,-27.5705
47180,P2,BASE,-87.30,-87.50,-180,R,11247,-27.5685
47190,P2,BASE,-87.15,-92.50,-175,R,11210,-27.5150
47200,P2,BASE,-87.00,-87.50,-180,R,11175,-27.5100
47210,P2,BASE,-86.85,-90.01,-177,R,11139,-27.4784
47220,P2,BASE,-86.70,-87.51,-179,R,11104,-27.4703
47230,P2,BASE,-86.55,-89.98,-176,R,11068,-27.4360
47240,P2,BASE,-86.40,-87.51,-178,R,11033,-27.4249
47250,P2,BASE,-86.25,-87.51,-178,R,10998,-27.4124
47260,P2,BASE,-86.10,-82.50,-183,R,10965,-27.4484
47270,P2,BASE,-85.95,-87.48,-178,R,10930,-27.4330
47280,P2,BASE,-85.80,-87.52,-178,R,10895,-27.4158
47290,P2,BASE,-85.65,-84.97,-180,R,10861,-27.4227
47300,P2,BASE,-85.50,-87.52,-177,R,10826,-27.4025
47310,P2,BASE,-85.35,-87.49,-177,R,10791,-27.3811
47320,P2,BASE,-85.20,-87.53,-177,R,10756,-27.3578
47330,P2,BASE,-85.05,-87.48,-177,R,10721,-27.3335
47340,P2,BASE,-84.90,-84.99,-179,R,10687,-27.3326
47350,P2,BASE,-84.75,-85.00,-179,R,10653,-27.3301
47360,P2,BASE,-84.60,-85.02,-179,R,10619,-27.3259
47370,P2,BASE,-84.45,-85.01,-178,R,10585,-27.3203
47380,P2,BASE,-84.30,-87.50,-175,R,10550,-27.2883
47390,P2,BASE,-84.15,-85.00,-178,R,10516,-27.2798
47400,P2,BASE,-84.00,-84.97,-178,R,10482,-27.2701
47410,P2,BASE,-83.85,-85.00,-177,R,10448,-27.2586
47420,P2,BASE,-83.70,-82.52,-180,R,10415,-27.2704
47430,P2,BASE,-83.55,-82.48,-180,R,10382,-27.2811
47440,P2,BASE,-83.40,-82.51,-180,R,10349,-27.2900
47450,P2,BASE,-83.25,-82.51,-180,R,10316,-27.2974
47460,P2,BASE,-83.10,-80.00,-182,R,10284,-27.3284
47470,P2,BASE,-82.95,-85.01,-177,R,10250,-27.3079
47480,P2,BASE,-82.80,-85.00,-176,R,10216,-27.2859
47490,P2,BASE,-82.65,-84.98,-176,R,10182,-27.2625
47500,P2,BASE,-82.50,-85.00,-176,R,10148,-27.2375
47510,P2,BASE,-82.35,-84.99,-176,R,10114,-27.2111
47520,P2,BASE,-82.20,-85.01,-175,R,10080,-27.1830
47530,P2,BASE,-82.05,-85.02,-175,R,10046,-27.1534
47540,P2,BASE,-81.90,-84.99,-174,R,10012,-27.1224
47550,P2,BASE,-81.75,-82.49,-177,R,9979,-27.1150
47560,P2,BASE,-81.60,-87.52,-171,R,9944,-27.0558
47570,P2,BASE,-81.45,-82.50,-176,R,9911,-27.0453
47580,P2,BASE,-81.30,-82.48,-176,R,9878,-27.0335
47590,P2,BASE,-81.15,-82.49,-176,R,9845,-27.0201
47600,P2,BASE,-81.00,-82.50,-175,R,9812,-27.0051
47610,P2,BASE,-80.85,-80.01,-178,R,9780,-27.0135
47620,P2,BASE,-80.70,-80.02,-178,R,9748,-27.0204
47630,P2,BASE,-80.55,-82.49,-175,R,9715,-27.0009
47640,P2,BASE,-80.40,-79.98,-177,R,9683,-27.0052
47650,P2,BASE,-80.25,-82.53,-174,R,9650,-26.9823
47660,P2,BASE,-80.10,-82.48,-174,R,9617,-26.9585
47670,P2,BASE,-79.95,-80.01,-176,R,9585,-26.9579
47680,P2,BASE,-79.80,-82.48,-174,R,9552,-26.9311
47690,P2,BASE,-79.65,-82.52,-173,R,9519,-26.9023
47700,P2,BASE,-79.50,-79.99,-176,R,9487,-26.8974
47710,P2,BASE,-79.35,-79.99,-175,R,9455,-26.8910
47720,P2,BASE,-79.20,-82.52,-173,R,9422,-26.8578
47730,P2,BASE,-79.05,-79.98,-175,R,9390,-26.8486
47740,P2,BASE,-78.90,-82.50,-172,R,9357,-26.8126
47750,P2,BASE,-78.75,-80.02,-174,R,9325,-26.7999
47760,P2,BASE,-78.60,-82.48,-171,R,9292,-26.7611
47770,P2,BASE,-78.45,-80.01,-174,R,9260,-26.7455
47780,P2,BASE,-78.30,-82.51,-171,R,9227,-26.7034
47790,P2,BASE,-78.15,-77.49,-176,R,9196,-26.7100
47800,P2,BASE,-78.00,-80.00,-173,R,9164,-26.6900
47810,P2,BASE,-77.85,-80.01,-172,R,9132,-26.6684
47820,P2,BASE,-77.70,-80.00,-172,R,9100,-26.6454
47830,P2,BASE,-77.55,-74.99,-177,R,9070,-26.6710
47840,P2,BASE,-77.40,-80.02,-172,R,9038,-26.6448
47850,P2,BASE,-77.25,-79.98,-172,R,9006,-26.6176
47860,P2,BASE,-77.10,-77.51,-174,R,8975,-26.6135
47870,P2,BASE,-76.95,-80.00,-171,R,8943,-26.5830
47880,P2,BASE,-76.80,-77.50,-173,R,8912,-26.5760
47890,P2,BASE,-76.65,-77.49,-173,R,8881,-26.5676
47900,P2,BASE,-76.50,-77.50,-173,R,8850,-26.5576
47910,P2,BASE,-76.35,-79.99,-170,R,8818,-26.5212
47920,P2,BASE,-76.20,-77.53,-172,R,8787,-26.5078
47930,P2,BASE,-76.05,-77.48,-172,R,8756,-26.4936
47940,P2,BASE,-75.90,-77.51,-172,R,8725,-26.4775
47950,P2,BASE,-75.75,-77.49,-172,R,8694,-26.4601
47960,P2,BASE,-75.60,-77.48,-171,R,8663,-26.4412
47970,P2,BASE,-75.45,-75.03,-174,R,8633,-26.4454
47980,P2,BASE,-75.30,-74.99,-174,R,8603,-26.4486
47990,P2,BASE,-75.15,-75.00,-173,R,8573,-26.4501
48000,P2,BASE,-75.00,-72.50,-176,R,8544,-26.4751
48010,P2,BASE,-74.85,-77.52,-170,R,8513,-26.4484
48020,P2,BASE,-74.70,-74.93,-173,R,8483,-26.4460
48030,P2,BASE,-74.55,-75.07,-173,R,8453,-26.4409
48040,P2,BASE,-74.40,-77.44,-170,R,8422,-26.4105
48050,P2,BASE,-74.25,-75.03,-172,R,8392,-26.4027
48060,P2,BASE,-74.10,-75.01,-172,R,8362,-26.3935
48070,P2,BASE,-73.95,-77.50,-169,R,8331,-26.3580
48080,P2,BASE,-73.80,-74.99,-171,R,8301,-26.3461
48090,P2,BASE,-73.65,-75.01,-171,R,8271,-26.3324
48100,P2,BASE,-73.50,-72.49,-174,R,8242,-26.3425
48110,P2,BASE,-73.35,-77.50,-168,R,8211,-26.3010
48120,P2,BASE,-73.20,-72.50,-173,R,8182,-26.3080
48130,P2,BASE,-73.05,-77.52,-167,R,8151,-26.2634
48140,P2,BASE,-72.90,-75.00,-170,R,8121,-26.2424
48150,P2,BASE,-72.75,-74.99,-169,R,8091,-26.2199
48160,P2,BASE,-72.60,-72.49,-172,R,8062,-26.2211
48170,P2,BASE,-72.45,-75.00,-169,R,8032,-26.1956
48180,P2,BASE,-72.30,-72.50,-171,R,8003,-26.1936
48190,P2,BASE,-72.15,-70.01,-174,R,7975,-26.2149
48200,P2,BASE,-72.00,-72.49,-171,R,7946,-26.2100
48210,P2,BASE,-71.85,-70.01,-174,R,7918,-26.2284
48220,P2,BASE,-71.70,-72.49,-171,R,7889,-26.2204
48230,P2,BASE,-71.55,-72.49,-171,R,7860,-26.2110
48240,P2,BASE,-71.40,-72.51,-170,R,7831,-26.1999
48250,P2,BASE,-71.25,-72.50,-170,R,7802,-26.1874
48260,P2,BASE,-71.10,-72.49,-170,R,7773,-26.1736
48270,P2,BASE,-70.95,-75.02,-167,R,7743,-26.1329
48280,P2,BASE,-70.80,-72.49,-169,R,7714,-26.1160
48290,P2,BASE,-70.65,-74.99,-166,R,7684,-26.0726
48300,P2,BASE,-70.50,-72.52,-169,R,7655,-26.0524
48310,P2,BASE,-70.35,-74.99,-166,R,7625,-26.0060
48320,P2,BASE,-70.20,-72.51,-168,R,7596,-25.9829
48330,P2,BASE,-70.05,-72.48,-168,R,7567,-25.9586
48340,P2,BASE,-69.90,-72.52,-167,R,7538,-25.9324
48350,P2,BASE,-69.75,-72.49,-167,R,7509,-25.9049
48360,P2,BASE,-69.60,-72.50,-166,R,7480,-25.8759
48370,P2,BASE,-69.45,-72.50,-166,R,7451,-25.8454
48380,P2,BASE,-69.30,-72.50,-166,R,7422,-25.8134
48390,P2,BASE,-69.15,-69.99,-168,R,7394,-25.8051
48400,P2,BASE,-69.00,-70.01,-168,R,7366,-25.7950
48410,P2,BASE,-68.85,-70.01,-168,R,7338,-25.7834
48420,P2,BASE,-68.70,-72.50,-165,R,7309,-25.7454
48430,P2,BASE,-68.55,-67.49,-170,R,7282,-25.7560
48440,P2,BASE,-68.40,-72.50,-164,R,7253,-25.7150
48450,P2,BASE,-68.25,-69.99,-166,R,7225,-25.6976
48460,P2,BASE,-68.10,-72.52,-163,R,7196,-25.6534
48470,P2,BASE,-67.95,-70.00,-166,R,7168,-25.6329
48480,P2,BASE,-67.80,-72.50,-163,R,7139,-25.5859
48490,P2,BASE,-67.65,-72.47,-162,R,7110,-25.5377
48500,P2,BASE,-67.50,-70.01,-164,R,7082,-25.5125
48510,P2,BASE,-67.35,-72.51,-161,R,7053,-25.4609
48520,P2,BASE,-67.20,-72.48,-161,R,7024,-25.4082
48530,P2,BASE,-67.05,-70.01,-163,R,6996,-25.3786
48540,P2,BASE,-66.90,-72.52,-160,R,6967,-25.3224
48550,P2,BASE,-66.75,-72.49,-160,R,6938,-25.2650
48560,P2,BASE,-66.60,-74.99,-156,R,6908,-25.1811
48570,P2,BASE,-66.45,-72.51,-158,R,6879,-25.1204
48580,P2,BASE,-66.30,-69.99,-160,R,6851,-25.0835
48590,P2,BASE,-66.15,-72.51,-157,R,6822,-25.0199
48600,P2,BASE,-66.00,-70.00,-159,R,6794,-24.9799
48610,P2,BASE,-65.85,-72.49,-156,R,6765,-24.9136
48620,P2,BASE,-65.70,-70.01,-158,R,6737,-24.8705
48630,P2,BASE,-65.55,-72.50,-155,R,6708,-24.8010
48640,P2,BASE,-65.40,-67.49,-160,R,6681,-24.7801
48650,P2,BASE,-65.25,-70.01,-157,R,6653,-24.7325
48660,P2,BASE,-65.10,-70.01,-157,R,6625,-24.6834
48670,P2,BASE,-64.95,-70.00,-156,R,6597,-24.6329
48680,P2,BASE,-64.80,-70.00,-156,R,6569,-24.5809
48690,P2,BASE,-64.65,-70.00,-155,R,6541,-24.5274
48700,P2,BASE,-64.50,-67.50,-157,R,6514,-24.4974
48710,P2,BASE,-64.35,-69.98,-154,R,6486,-24.4411
48720,P2,BASE,-64.20,-70.02,-154,R,6458,-24.3829
48730,P2,BASE,-64.05,-67.50,-156,R,6431,-24.3484
48740,P2,BASE,-63.90,-69.98,-153,R,6403,-24.2876
48750,P2,BASE,-63.75,-67.51,-155,R,6376,-24.2499
48760,P2,BASE,-63.60,-67.49,-155,R,6349,-24.2110
48770,P2,BASE,-63.45,-67.50,-154,R,6322,-24.1705
48780,P2,BASE,-63.30,-69.99,-151,R,6294,-24.1036
48790,P2,BASE,-63.15,-65.01,-156,R,6268,-24.0850
48800,P2,BASE,-63.00,-67.49,-153,R,6241,-24.0401
48810,P2,BASE,-62.85,-67.51,-152,R,6214,-23.9935
48820,P2,BASE,-62.70,-65.01,-155,R,6188,-23.9704
48830,P2,BASE,-62.55,-64.99,-154,R,6162,-23.9460
48840,P2,BASE,-62.40,-62.49,-157,R,6137,-23.9451
48850,P2,BASE,-62.25,-67.52,-151,R,6110,-23.8924
48860,P2,BASE,-62.10,-65.00,-153,R,6084,-23.8634
48870,P2,BASE,-61.95,-64.99,-153,R,6058,-23.8329
48880,P2,BASE,-61.80,-67.50,-150,R,6031,-23.7759
48890,P2,BASE,-61.65,-64.99,-152,R,6005,-23.7426
48900,P2,BASE,-61.50,-65.01,-152,R,5979,-23.7074
48910,P2,BASE,-61.35,-65.01,-151,R,5953,-23.6709
48920,P2,BASE,-61.20,-64.98,-151,R,5927,-23.6331
48930,P2,BASE,-61.05,-65.01,-150,R,5901,-23.5935
48940,P2,BASE,-60.90,-65.01,-150,R,5875,-23.5524
48950,P2,BASE,-60.75,-62.49,-152,R,5850,-23.5351
48960,P2,BASE,-60.60,-64.99,-149,R,5824,-23.4911
48970,P2,BASE,-60.45,-65.02,-149,R,5798,-23.4454
48980,P2,BASE,-60.30,-62.50,-151,R,5773,-23.4234
48990,P2,BASE,-60.15,-64.99,-148,R,5747,-23.3750
49000,P2,BASE,-60.00,-62.50,-150,R,5722,-23.3500
49010,P2,BASE,-59.85,-62.51,-150,R,5697,-23.3234
49020,P2,BASE,-59.70,-62.49,-150,R,5672,-23.2955
49030,P2,BASE,-59.55,-62.51,-149,R,5647,-23.2659
49040,P2,BASE,-59.40,-59.99,-152,R,5623,-23.2601
49050,P2,BASE,-59.25,-60.01,-151,R,5599,-23.2525
49060,P2,BASE,-59.10,-60.01,-151,R,5575,-23.2434
49070,P2,BASE,-58.95,-59.99,-151,R,5551,-23.2330
49080,P2,BASE,-58.80,-60.01,-151,R,5527,-23.2209
49090,P2,BASE,-58.65,-57.48,-153,R,5504,-23.2326
49100,P2,BASE,-58.50,-57.52,-153,R,5481,-23.2424
49110,P2,BASE,-58.35,-62.49,-148,R,5456,-23.2010
49120,P2,BASE,-58.20,-57.49,-153,R,5433,-23.2081
49130,P2,BASE,-58.05,-62.52,-147,R,5408,-23.1634
49140,P2,BASE,-57.90,-57.50,-152,R,5385,-23.1674
49150,P2,BASE,-57.75,-62.47,-147,R,5360,-23.1202
49160,P2,BASE,-57.60,-60.02,-149,R,5336,-23.0959
49170,P2,BASE,-57.45,-57.49,-151,R,5313,-23.0955
49180,P2,BASE,-57.30,-60.01,-148,R,5289,-23.0684
49190,P2,BASE,-57.15,-59.99,-148,R,5265,-23.0400
49200,P2,BASE,-57.00,-60.01,-148,R,5241,-23.0099
49210,P2,BASE,-56.85,-59.98,-147,R,5217,-22.9786
49220,P2,BASE,-56.70,-57.49,-150,R,5194,-22.9706
49230,P2,BASE,-56.55,-57.50,-149,R,5171,-22.9611
49240,P2,BASE,-56.40,-60.02,-146,R,5147,-22.9249
49250,P2,BASE,-56.25,-57.51,-149,R,5124,-22.9124
49260,P2,BASE,-56.10,-57.48,-148,R,5101,-22.8986
49270,P2,BASE,-55.95,-57.50,-148,R,5078,-22.8831
49280,P2,BASE,-55.80,-57.50,-148,R,5055,-22.8661
49290,P2,BASE,-55.65,-57.52,-148,R,5032,-22.8474
49300,P2,BASE,-55.50,-54.98,-150,R,5010,-22.8526
49310,P2,BASE,-55.35,-57.52,-147,R,4987,-22.8309
49320,P2,BASE,-55.20,-54.98,-150,R,4965,-22.8331
49330,P2,BASE,-55.05,-55.02,-149,R,4943,-22.8334
49340,P2,BASE,-54.90,-57.48,-147,R,4920,-22.8075
49350,P2,BASE,-54.75,-55.01,-149,R,4898,-22.8049
49360,P2,BASE,-54.60,-57.51,-146,R,4875,-22.7759
49370,P2,BASE,-54.45,-57.48,-146,R,4852,-22.7456
49380,P2,BASE,-54.30,-55.01,-148,R,4830,-22.7384
49390,P2,BASE,-54.15,-54.99,-148,R,4808,-22.7301
49400,P2,BASE,-54.00,-57.52,-145,R,4785,-22.6949
49410,P2,BASE,-53.85,-57.49,-145,R,4762,-22.6585
49420,P2,BASE,-53.70,-57.49,-144,R,4739,-22.6206
49430,P2,BASE,-53.55,-57.51,-144,R,4716,-22.5809
49440,P2,BASE,-53.40,-54.99,-146,R,4694,-22.5650
49450,P2,BASE,-53.25,-55.01,-146,R,4672,-22.5474
49460,P2,BASE,-53.10,-57.49,-143,R,4649,-22.5035
49470,P2,BASE,-52.95,-54.99,-145,R,4627,-22.4830
49480,P2,BASE,-52.80,-57.51,-142,R,4604,-22.4360
49490,P2,BASE,-52.65,-55.01,-144,R,4582,-22.4124
49500,P2,BASE,-52.50,-57.49,-141,R,4559,-22.3625
49510,P2,BASE,-52.35,-55.01,-143,R,4537,-22.3359
49520,P2,BASE,-52.20,-57.49,-140,R,4514,-22.2829
49530,P2,BASE,-52.05,-57.49,-140,R,4491,-22.2286
49540,P2,BASE,-51.90,-55.01,-142,R,4469,-22.1975
49550,P2,BASE,-51.75,-54.96,-142,R,4447,-22.1654
49560,P2,BASE,-51.60,-55.04,-141,R,4425,-22.1311
49570,P2,BASE,-51.45,-52.52,-144,R,4404,-22.1204
49580,P2,BASE,-51.30,-54.98,-141,R,4382,-22.0836
49590,P2,BASE,-51.15,-52.52,-143,R,4361,-22.0699
49600,P2,BASE,-51.00,-52.49,-143,R,4340,-22.0550
49610,P2,BASE,-50.85,-55.00,-140,R,4318,-22.0135
49620,P2,BASE,-50.70,-52.49,-142,R,4297,-21.9956
49630,P2,BASE,-50.55,-49.99,-145,R,4277,-22.0011
49640,P2,BASE,-50.40,-55.02,-139,R,4255,-21.9549
49650,P2,BASE,-50.25,-49.99,-144,R,4235,-21.9575
49660,P2,BASE,-50.10,-52.52,-141,R,4214,-21.9334
49670,P2,BASE,-49.95,-50.00,-143,R,4194,-21.9329
49680,P2,BASE,-49.80,-49.99,-143,R,4174,-21.9310
49690,P2,BASE,-49.65,-52.50,-140,R,4153,-21.9025
49700,P2,BASE,-49.50,-50.01,-143,R,4133,-21.8974
49710,P2,BASE,-49.35,-49.99,-143,R,4113,-21.8910
49720,P2,BASE,-49.20,-49.99,-142,R,4093,-21.8831
49730,P2,BASE,-49.05,-50.02,-142,R,4073,-21.8734
49740,P2,BASE,-48.90,-49.99,-142,R,4053,-21.8625
49750,P2,BASE,-48.75,-50.01,-142,R,4033,-21.8499
49760,P2,BASE,-48.60,-47.50,-144,R,4014,-21.8609
49770,P2,BASE,-48.45,-49.99,-141,R,3994,-21.8456
49780,P2,BASE,-48.30,-47.51,-144,R,3975,-21.8534
49790,P2,BASE,-48.15,-50.00,-141,R,3955,-21.8349
49800,P2,BASE,-48.00,-49.99,-141,R,3935,-21.8150
49810,P2,BASE,-47.85,-50.00,-140,R,3915,-21.7935
49820,P2,BASE,-47.70,-47.50,-143,R,3896,-21.7955
49830,P2,BASE,-47.55,-47.51,-143,R,3877,-21.7959
49840,P2,BASE,-47.40,-47.49,-143,R,3858,-21.7950
49850,P2,BASE,-47.25,-50.00,-140,R,3838,-21.7675
49860,P2,BASE,-47.10,-47.50,-142,R,3819,-21.7635
49870,P2,BASE,-46.95,-47.50,-142,R,3800,-21.7580
49880,P2,BASE,-46.80,-45.01,-144,R,3782,-21.7759
49890,P2,BASE,-46.65,-47.49,-142,R,3763,-21.7675
49900,P2,BASE,-46.50,-47.51,-141,R,3744,-21.7574
49910,P2,BASE,-46.35,-47.50,-141,R,3725,-21.7460
49920,P2,BASE,-46.20,-50.01,-138,R,3705,-21.7079
49930,P2,BASE,-46.05,-45.00,-143,R,3687,-21.7185
49940,P2,BASE,-45.90,-47.50,-140,R,3668,-21.7025
49950,P2,BASE,-45.75,-50.01,-137,R,3648,-21.6599
49960,P2,BASE,-45.60,-50.01,-137,R,3628,-21.6159
49970,P2,BASE,-45.45,-47.50,-139,R,3609,-21.5954
49980,P2,BASE,-45.30,-47.50,-139,R,3590,-21.5734
49990,P2,BASE,-45.15,-47.50,-139,R,3571,-21.5499
50000,P2,BASE,-45.00,-49.99,-136,R,3551,-21.5000
50010,P2,BASE,-44.85,-47.50,-138,R,3532,-21.4735
50020,P2,BASE,-44.70,-47.50,-137,R,3513,-21.4454
50030,P2,BASE,-44.55,-47.50,-137,R,3494,-21.4159
50040,P2,BASE,-44.40,-47.50,-137,R,3475,-21.3849
50050,P2,BASE,-44.25,-47.49,-136,R,3456,-21.3525
50060,P2,BASE,-44.10,-45.00,-139,R,3438,-21.3435
50070,P2,BASE,-43.95,-47.51,-136,R,3419,-21.3079
50080,P2,BASE,-43.80,-47.50,-135,R,3400,-21.2709
50090,P2,BASE,-43.65,-45.00,-138,R,3382,-21.2574
50100,P2,BASE,-43.50,-47.49,-135,R,3363,-21.2175
50110,P2,BASE,-43.35,-47.51,-134,R,3344,-21.1759
50120,P2,BASE,-43.20,-45.00,-137,R,3326,-21.1580
50130,P2,BASE,-43.05,-45.00,-136,R,3308,-21.1384
50140,P2,BASE,-42.90,-47.50,-133,R,3289,-21.0924
50150,P2,BASE,-42.75,-42.49,-138,R,3272,-21.0950
50160,P2,BASE,-42.60,-45.00,-135,R,3254,-21.0710
50170,P2,BASE,-42.45,-45.01,-135,R,3236,-21.0454
50180,P2,BASE,-42.30,-44.98,-135,R,3218,-21.0186
50190,P2,BASE,-42.15,-40.01,-140,R,3202,-21.0400
50200,P2,BASE,-42.00,-42.50,-137,R,3185,-21.0349
50210,P2,BASE,-41.85,-45.00,-134,R,3167,-21.0034
50220,P2,BASE,-41.70,-39.99,-139,R,3151,-21.0205
50230,P2,BASE,-41.55,-42.50,-137,R,3134,-21.0110
50240,P2,BASE,-41.40,-42.51,-136,R,3117,-20.9999
50250,P2,BASE,-41.25,-42.49,-136,R,3100,-20.9875
50260,P2,BASE,-41.10,-40.00,-139,R,3084,-20.9985
50270,P2,BASE,-40.95,-42.50,-136,R,3067,-20.9831
50280,P2,BASE,-40.80,-42.51,-135,R,3050,-20.9659
50290,P2,BASE,-40.65,-39.99,-138,R,3034,-20.9725
50300,P2,BASE,-40.50,-42.51,-135,R,3017,-20.9524
50310,P2,BASE,-40.35,-42.49,-135,R,3000,-20.9310
50320,P2,BASE,-40.20,-40.01,-137,R,2984,-20.9329
50330,P2,BASE,-40.05,-42.49,-134,R,2967,-20.9085
50340,P2,BASE,-39.90,-42.51,-134,R,2950,-20.8824
50350,P2,BASE,-39.75,-42.50,-134,R,2933,-20.8549
50360,P2,BASE,-39.60,-40.00,-136,R,2917,-20.8509
50370,P2,BASE,-39.45,-39.99,-136,R,2901,-20.8455
50380,P2,BASE,-39.30,-40.00,-136,R,2885,-20.8386
50390,P2,BASE,-39.15,-40.01,-135,R,2869,-20.8300
50400,P2,BASE,-39.00,-40.01,-135,R,2853,-20.8199
50410,P2,BASE,-38.85,-40.00,-135,R,2837,-20.8084
50420,P2,BASE,-38.70,-39.99,-135,R,2821,-20.7955
50430,P2,BASE,-38.55,-40.00,-135,R,2805,-20.7810
50440,P2,BASE,-38.40,-40.01,-134,R,2789,-20.7649
50450,P2,BASE,-38.25,-37.50,-137,R,2774,-20.7724
50460,P2,BASE,-38.10,-39.99,-134,R,2758,-20.7535
50470,P2,BASE,-37.95,-40.00,-134,R,2742,-20.7331
50480,P2,BASE,-37.80,-37.52,-136,R,2727,-20.7359
50490,P2,BASE,-37.65,-39.99,-133,R,2711,-20.7125
50500,P2,BASE,-37.50,-37.50,-136,R,2696,-20.7125
50510,P2,BASE,-37.35,-37.50,-135,R,2681,-20.7111
50520,P2,BASE,-37.20,-40.00,-132,R,2665,-20.6830
50530,P2,BASE,-37.05,-37.50,-135,R,2650,-20.6785
50540,P2,BASE,-36.90,-37.50,-135,R,2635,-20.6724
50550,P2,BASE,-36.75,-37.49,-134,R,2620,-20.6650
50560,P2,BASE,-36.60,-37.51,-134,R,2605,-20.6559
50570,P2,BASE,-36.45,-37.49,-134,R,2590,-20.6456
50580,P2,BASE,-36.30,-37.50,-134,R,2575,-20.6335
50590,P2,BASE,-36.15,-37.50,-134,R,2560,-20.6200
50600,P2,BASE,-36.00,-35.01,-136,R,2546,-20.6299
50610,P2,BASE,-35.85,-40.00,-130,R,2530,-20.5884
50620,P2,BASE,-35.70,-37.49,-133,R,2515,-20.5705
50630,P2,BASE,-35.55,-37.50,-132,R,2500,-20.5510
50640,P2,BASE,-35.40,-37.50,-132,R,2485,-20.5300
50650,P2,BASE,-35.25,-37.50,-132,R,2470,-20.5075
50660,P2,BASE,-35.10,-37.49,-132,R,2455,-20.4835
50670,P2,BASE,-34.95,-40.00,-129,R,2439,-20.4330
50680,P2,BASE,-34.80,-35.01,-133,R,2425,-20.4310
50690,P2,BASE,-34.65,-40.00,-128,R,2409,-20.3774
50700,P2,BASE,-34.50,-37.49,-130,R,2394,-20.3475
50710,P2,BASE,-34.35,-37.51,-130,R,2379,-20.3160
50720,P2,BASE,-34.20,-37.50,-129,R,2364,-20.2829
50730,P2,BASE,-34.05,-39.99,-126,R,2348,-20.2235
50740,P2,BASE,-33.90,-37.50,-128,R,2333,-20.1875
50750,P2,BASE,-33.75,-37.50,-128,R,2318,-20.1500
50760,P2,BASE,-33.60,-37.50,-128,R,2303,-20.1110
50770,P2,BASE,-33.45,-37.49,-127,R,2288,-20.0705
50780,P2,BASE,-33.30,-37.51,-127,R,2273,-20.0284
50790,P2,BASE,-33.15,-37.49,-126,R,2258,-19.9850
50800,P2,BASE,-33.00,-37.50,-126,R,2243,-19.9400
50810,P2,BASE,-32.85,-37.50,-125,R,2228,-19.8935
50820,P2,BASE,-32.70,-35.00,-128,R,2214,-19.8705
50830,P2,BASE,-32.55,-37.50,-125,R,2199,-19.8210
50840,P2,BASE,-32.40,-34.99,-127,R,2185,-19.7951
50850,P2,BASE,-32.25,-37.51,-124,R,2170,-19.7425
50860,P2,BASE,-32.10,-37.50,-123,R,2155,-19.6885
50870,P2,BASE,-31.95,-37.51,-123,R,2140,-19.6329
50880,P2,BASE,-31.80,-34.99,-125,R,2126,-19.6010
50890,P2,BASE,-31.65,-37.51,-122,R,2111,-19.5424
50900,P2,BASE,-31.50,-37.47,-121,R,2096,-19.4827
50910,P2,BASE,-31.35,-35.02,-123,R,2082,-19.4460
50920,P2,BASE,-31.20,-32.50,-126,R,2069,-19.4330
50930,P2,BASE,-31.05,-35.00,-123,R,2055,-19.3935
50940,P2,BASE,-30.90,-34.99,-122,R,2041,-19.3525
50950,P2,BASE,-30.75,-32.50,-125,R,2028,-19.3350
50960,P2,BASE,-30.60,-35.00,-122,R,2014,-19.2910
50970,P2,BASE,-30.45,-32.50,-124,R,2001,-19.2705
50980,P2,BASE,-30.30,-32.50,-124,R,1988,-19.2485
50990,P2,BASE,-30.15,-32.50,-123,R,1975,-19.2250
51000,P2,BASE,-30.00,-30.00,-126,R,1963,-19.2250
51010,P2,BASE,-29.85,-32.51,-123,R,1950,-19.1984
51020,P2,BASE,-29.70,-29.99,-125,R,1938,-19.1955
51030,P2,BASE,-29.55,-32.49,-122,R,1925,-19.1661
51040,P2,BASE,-29.40,-30.00,-125,R,1913,-19.1600
51050,P2,BASE,-29.25,-30.01,-125,R,1901,-19.1525
51060,P2,BASE,-29.10,-30.00,-124,R,1889,-19.1434
51070,P2,BASE,-28.95,-27.49,-127,R,1878,-19.1580
51080,P2,BASE,-28.80,-29.99,-124,R,1866,-19.1461
51090,P2,BASE,-28.65,-30.01,-124,R,1854,-19.1325
51100,P2,BASE,-28.50,-30.00,-124,R,1842,-19.1175
51110,P2,BASE,-28.35,-27.49,-126,R,1831,-19.1260
51120,P2,BASE,-28.20,-27.51,-126,R,1820,-19.1329
51130,P2,BASE,-28.05,-27.49,-126,R,1809,-19.1386
51140,P2,BASE,-27.90,-27.51,-126,R,1798,-19.1425
51150,P2,BASE,-27.75,-27.50,-125,R,1787,-19.1450
51160,P2,BASE,-27.60,-27.49,-125,R,1776,-19.1461
51170,P2,BASE,-27.45,-27.50,-125,R,1765,-19.1455
51180,P2,BASE,-27.30,-27.51,-125,R,1754,-19.1435
51190,P2,BASE,-27.15,-25.00,-128,R,1744,-19.1650
51200,P2,BASE,-27.00,-27.50,-125,R,1733,-19.1600
51210,P2,BASE,-26.85,-27.50,-125,R,1722,-19.1535
51220,P2,BASE,-26.70,-25.00,-127,R,1712,-19.1704
51230,P2,BASE,-26.55,-25.00,-127,R,1702,-19.1859
51240,P2,BASE,-26.40,-24.99,-127,R,1692,-19.2000
51250,P2,BASE,-26.25,-25.00,-127,R,1682,-19.2125
51260,P2,BASE,-26.10,-25.01,-127,R,1672,-19.2234
51270,P2,BASE,-25.95,-24.99,-127,R,1662,-19.2330
51280,P2,BASE,-25.80,-25.00,-127,R,1652,-19.2410
51290,P2,BASE,-25.65,-25.00,-127,R,1642,-19.2475
51300,P2,BASE,-25.50,-27.50,-124,R,1631,-19.2275
51310,P2,BASE,-25.35,-25.01,-126,R,1621,-19.2310
51320,P2,BASE,-25.20,-25.00,-126,R,1611,-19.2330
51330,P2,BASE,-25.05,-25.01,-126,R,1601,-19.2335
51340,P2,BASE,-24.90,-22.50,-128,R,1592,-19.2575
51350,P2,BASE,-24.75,-25.00,-126,R,1582,-19.2550
51360,P2,BASE,-24.60,-25.01,-126,R,1572,-19.2510
51370,P2,BASE,-24.45,-25.00,-125,R,1562,-19.2455
51380,P2,BASE,-24.30,-25.01,-125,R,1552,-19.2385
51390,P2,BASE,-24.15,-25.00,-125,R,1542,-19.2299
51400,P2,BASE,-24.00,-24.99,-125,R,1532,-19.2200
51410,P2,BASE,-23.85,-22.50,-127,R,1523,-19.2335
51420,P2,BASE,-23.70,-24.99,-124,R,1513,-19.2205
51430,P2,BASE,-23.55,-25.01,-124,R,1503,-19.2060
51440,P2,BASE,-23.40,-25.00,-124,R,1493,-19.1900
51450,P2,BASE,-23.25,-25.00,-124,R,1483,-19.1725
51460,P2,BASE,-23.10,-22.50,-126,R,1474,-19.1785
51470,P2,BASE,-22.95,-25.01,-123,R,1464,-19.1579
51480,P2,BASE,-22.80,-25.00,-123,R,1454,-19.1360
51490,P2,BASE,-22.65,-25.00,-123,R,1444,-19.1125
51500,P2,BASE,-22.50,-25.00,-122,R,1434,-19.0875
51510,P2,BASE,-22.35,-25.00,-122,R,1424,-19.0609
51520,P2,BASE,-22.20,-22.50,-124,R,1415,-19.0580
51530,P2,BASE,-22.05,-25.00,-121,R,1405,-19.0285
51540,P2,BASE,-21.90,-25.01,-121,R,1395,-18.9974
51550,P2,BASE,-21.75,-22.49,-123,R,1386,-18.9900
51560,P2,BASE,-21.60,-25.01,-121,R,1376,-18.9559
51570,P2,BASE,-21.45,-22.49,-123,R,1367,-18.9455
51580,P2,BASE,-21.30,-25.01,-120,R,1357,-18.9084
51590,P2,BASE,-21.15,-24.99,-120,R,1347,-18.8700
51600,P2,BASE,-21.00,-22.50,-122,R,1338,-18.8550
51610,P2,BASE,-20.85,-25.00,-119,R,1328,-18.8135
51620,P2,BASE,-20.70,-25.00,-118,R,1318,-18.7705
51630,P2,BASE,-20.55,-25.00,-118,R,1308,-18.7260
51640,P2,BASE,-20.40,-22.50,-120,R,1299,-18.7050
51650,P2,BASE,-20.25,-25.00,-117,R,1289,-18.6575
51660,P2,BASE,-20.10,-22.50,-119,R,1280,-18.6335
51670,P2,BASE,-19.95,-25.00,-116,R,1270,-18.5830
51680,P2,BASE,-19.80,-25.00,-116,R,1260,-18.5310
51690,P2,BASE,-19.65,-22.50,-118,R,1251,-18.5025
51700,P2,BASE,-19.50,-24.99,-115,R,1241,-18.4475
51710,P2,BASE,-19.35,-22.50,-117,R,1232,-18.4160
51720,P2,BASE,-19.20,-25.00,-114,R,1222,-18.3580
51730,P2,BASE,-19.05,-22.50,-116,R,1213,-18.3235
51740,P2,BASE,-18.90,-25.00,-113,R,1203,-18.2624
51750,P2,BASE,-18.75,-22.50,-115,R,1194,-18.2250
51760,P2,BASE,-18.60,-22.50,-115,R,1185,-18.1860
51770,P2,BASE,-18.45,-22.50,-115,R,1176,-18.1455
51780,P2,BASE,-18.30,-22.50,-114,R,1167,-18.1035
51790,P2,BASE,-18.15,-20.00,-116,R,1159,-18.0850
51800,P2,BASE,-18.00,-22.51,-113,R,1150,-18.0399
51810,P2,BASE,-17.85,-25.00,-110,R,1140,-17.9685
51820,P2,BASE,-17.70,-20.00,-115,R,1132,-17.9455
51830,P2,BASE,-17.55,-22.50,-112,R,1123,-17.8960
51840,P2,BASE,-17.40,-20.00,-114,R,1115,-17.8700
51850,P2,BASE,-17.25,-22.49,-111,R,1106,-17.8176
51860,P2,BASE,-17.10,-20.01,-113,R,1098,-17.7885
51870,P2,BASE,-16.95,-20.00,-113,R,1090,-17.7580
51880,P2,BASE,-16.80,-20.01,-113,R,1082,-17.7260
51890,P2,BASE,-16.65,-20.00,-112,R,1074,-17.6925
51900,P2,BASE,-16.50,-20.00,-112,R,1066,-17.6575
51910,P2,BASE,-16.35,-17.50,-114,R,1059,-17.6460
51920,P2,BASE,-16.20,-20.00,-111,R,1051,-17.6080
51930,P2,BASE,-16.05,-17.50,-114,R,1044,-17.5935
51940,P2,BASE,-15.90,-17.50,-113,R,1037,-17.5775
51950,P2,BASE,-15.75,-20.00,-110,R,1029,-17.5350
51960,P2,BASE,-15.60,-17.50,-113,R,1022,-17.5160
51970,P2,BASE,-15.45,-19.99,-110,R,1014,-17.4706
51980,P2,BASE,-15.30,-17.51,-112,R,1007,-17.4485
51990,P2,BASE,-15.15,-17.51,-112,R,1000,-17.4250
52000,P2,BASE,-15.00,-15.00,-114,R,994,-17.4250
52010,P2,BASE,-14.85,-17.50,-111,R,987,-17.3985
52020,P2,BASE,-14.70,-15.00,-113,R,981,-17.3955
52030,P2,BASE,-14.55,-17.49,-111,R,974,-17.3660
52040,P2,BASE,-14.40,-15.00,-113,R,968,-17.3600
52050,P2,BASE,-14.25,-17.50,-110,R,961,-17.3275
52060,P2,BASE,-14.10,-15.00,-112,R,955,-17.3185
52070,P2,BASE,-13.95,-17.50,-109,R,948,-17.2830
52080,P2,BASE,-13.80,-15.00,-112,R,942,-17.2710
52090,P2,BASE,-13.65,-15.00,-111,R,936,-17.2575
52100,P2,BASE,-13.50,-15.00,-111,R,930,-17.2425
52110,P2,BASE,-13.35,-12.50,-114,R,925,-17.2510
52120,P2,BASE,-13.20,-15.00,-111,R,919,-17.2330
52130,P2,BASE,-13.05,-12.50,-113,R,914,-17.2385
52140,P2,BASE,-12.90,-15.00,-110,R,908,-17.2175
52150,P2,BASE,-12.75,-15.00,-110,R,902,-17.1950
52160,P2,BASE,-12.60,-12.50,-113,R,897,-17.1960
52170,P2,BASE,-12.45,-12.50,-112,R,892,-17.1955
52180,P2,BASE,-12.30,-15.00,-110,R,886,-17.1685
52190,P2,BASE,-12.15,-12.50,-112,R,881,-17.1650
52200,P2,BASE,-12.00,-10.00,-114,R,877,-17.1850
52210,P2,BASE,-11.85,-15.00,-109,R,871,-17.1535
52220,P2,BASE,-11.70,-12.50,-111,R,866,-17.1455
52230,P2,BASE,-11.55,-10.00,-114,R,862,-17.1610
52240,P2,BASE,-11.40,-12.50,-111,R,857,-17.1500
52250,P2,BASE,-11.25,-12.50,-111,R,852,-17.1375
52260,P2,BASE,-11.10,-12.50,-111,R,847,-17.1235
52270,P2,BASE,-10.95,-12.50,-110,R,842,-17.1080
52280,P2,BASE,-10.80,-10.00,-113,R,838,-17.1160
52290,P2,BASE,-10.65,-12.50,-110,R,833,-17.0975
52300,P2,BASE,-10.50,-10.00,-112,R,829,-17.1025
52310,P2,BASE,-10.35,-12.50,-109,R,824,-17.0810
52320,P2,BASE,-10.20,-10.00,-112,R,820,-17.0830
52330,P2,BASE,-10.05,-10.00,-112,R,816,-17.0835
52340,P2,BASE,-9.90,-12.50,-109,R,811,-17.0575
52350,P2,BASE,-9.75,-10.00,-111,R,807,-17.0550
52360,P2,BASE,-9.60,-7.50,-114,R,804,-17.0760
52370,P2,BASE,-9.45,-10.00,-111,R,800,-17.0705
52380,P2,BASE,-9.30,-12.50,-108,R,795,-17.0385
52390,P2,BASE,-9.15,-10.00,-110,R,791,-17.0300
52400,P2,BASE,-9.00,-10.00,-110,R,787,-17.0200
52410,P2,BASE,-8.85,-7.50,-113,R,784,-17.0335
52420,P2,BASE,-8.70,-10.00,-110,R,780,-17.0205
52430,P2,BASE,-8.55,-10.00,-110,R,776,-17.0060
52440,P2,BASE,-8.40,-10.00,-109,R,772,-16.9900
52450,P2,BASE,-8.25,-7.50,-112,R,769,-16.9975
52460,P2,BASE,-8.10,-10.00,-109,R,765,-16.9785
52470,P2,BASE,-7.95,-7.50,-111,R,762,-16.9830
52480,P2,BASE,-7.80,-7.50,-111,R,759,-16.9860
52490,P2,BASE,-7.65,-10.00,-109,R,755,-16.9625
52500,P2,BASE,-7.50,-10.00,-108,R,751,-16.9375
52510,P2,BASE,-7.35,-5.00,-113,R,749,-16.9610
52520,P2,BASE,-7.20,-7.50,-111,R,746,-16.9580
52530,P2,BASE,-7.05,-7.50,-110,R,743,-16.9535
52540,P2,BASE,-6.90,-10.00,-107,R,739,-16.9225
52550,P2,BASE,-6.75,-10.00,-107,R,735,-16.8900
52560,P2,BASE,-6.60,-7.50,-109,R,732,-16.8810
52570,P2,BASE,-6.45,-7.50,-109,R,729,-16.8705
52580,P2,BASE,-6.30,-5.00,-112,R,727,-16.8835
52590,P2,BASE,-6.15,-5.00,-112,R,725,-16.8950
52600,P2,BASE,-6.00,-7.50,-109,R,722,-16.8800
52610,P2,BASE,-5.85,-7.50,-109,R,719,-16.8635
52620,P2,BASE,-5.70,-10.00,-106,R,715,-16.8205
52630,P2,BASE,-5.55,-5.00,-111,R,713,-16.8260
52640,P2,BASE,-5.40,-7.50,-108,R,710,-16.8050
52650,P2,BASE,-5.25,-5.00,-110,R,708,-16.8075
52660,P2,BASE,-5.10,-5.00,-110,R,706,-16.8085
52670,P2,BASE,-4.95,-5.00,-110,R,704,-16.8080
52680,P2,BASE,-4.80,-7.50,-107,R,701,-16.7810
52690,P2,BASE,-4.65,-5.00,-109,R,699,-16.7775
52700,P2,BASE,-4.50,-7.50,-106,R,696,-16.7475
52710,P2,BASE,-4.35,-5.00,-109,R,694,-16.7410
52720,P2,BASE,-4.20,-5.00,-109,R,692,-16.7330
52730,P2,BASE,-4.05,-5.00,-108,R,690,-16.7235
52740,P2,BASE,-3.90,-2.50,-111,R,689,-16.7375
52750,P2,BASE,-3.75,-2.50,-111,R,688,-16.7500
52760,P2,BASE,-3.60,-5.00,-108,R,686,-16.7360
52770,P2,BASE,-3.45,-2.50,-110,R,685,-16.7455
52780,P2,BASE,-3.30,-7.50,-105,R,682,-16.7035
52790,P2,BASE,-3.15,-5.00,-107,R,680,-16.6850
52800,P2,BASE,-3.00,-5.00,-107,R,678,-16.6650
52810,P2,BASE,-2.85,-5.00,-107,R,676,-16.6435
52820,P2,BASE,-2.70,-5.00,-106,R,674,-16.6205
52830,P2,BASE,-2.55,-2.50,-109,R,673,-16.6210
52840,P2,BASE,-2.40,-2.50,-109,R,672,-16.6200
52850,P2,BASE,-2.25,-2.50,-108,R,671,-16.6175
52860,P2,BASE,-2.10,0.00,-111,R,671,-16.6385
52870,P2,BASE,-1.95,0.00,-111,R,671,-16.6580
52880,P2,BASE,-1.80,0.00,-111,R,671,-16.6760
52890,P2,BASE,-1.65,0.00,-111,R,671,-16.6925
52900,P2,BASE,-1.50,0.00,-111,R,671,-16.7075
52910,P2,BASE,-1.35,0.00,-111,R,671,-16.7210
52920,P2,BASE,-1.20,0.00,-111,R,671,-16.7330
52930,P2,BASE,-1.05,0.00,-111,R,671,-16.7435
52940,P2,BASE,-0.90,0.00,-110,R,671,-16.7525
52950,P2,BASE,-0.75,0.00,-110,R,671,-16.7600
52960,P2,BASE,-0.60,0.00,-110,R,671,-16.7660
52970,P2,BASE,-0.45,0.00,-110,R,671,-16.7705
52980,P2,BASE,-0.30,0.00,-110,R,671,-16.7735
52990,P2,BASE,-0.15,0.00,-110,R,671,-16.7750
