t_ms,profile,controller,ref_rpm,meas_rpm,pwm_cmd,dir,enc_count,integrator
0,P2,BASE,0.00,0.00,0,N,0,0.0000
10,P2,BASE,0.15,0.00,0,N,0,0.0015
20,P2,BASE,0.30,0.00,0,N,0,0.0045
30,P2,BASE,0.45,0.00,0,N,0,0.0090
40,P2,BASE,0.60,0.00,0,N,0,0.0150
50,P2,BASE,0.75,0.00,0,N,0,0.0225
60,P2,BASE,0.90,0.00,1,F,0,0.0315
70,P2,BASE,1.05,0.00,1,F,0,0.0420
80,P2,BASE,1.20,0.00,1,F,0,0.0540
90,P2,BASE,1.35,0.00,1,F,0,0.0675
100,P2,BASE,1.50,0.00,2,F,0,0.0825
110,P2,BASE,1.65,0.00,2,F,0,0.0990
120,P2,BASE,1.80,0.00,2,F,0,0.1170
130,P2,BASE,1.95,0.00,2,F,0,0.1365
140,P2,BASE,2.10,0.00,3,F,0,0.1575
150,P2,BASE,2.25,0.00,3,F,0,0.1800
160,P2,BASE,2.40,0.00,3,F,0,0.2040
170,P2,BASE,2.55,0.00,4,F,0,0.2295
180,P2,BASE,2.70,0.00,4,F,0,0.2565
190,P2,BASE,2.85,0.00,4,F,0,0.2850
200,P2,BASE,3.00,0.00,5,F,0,0.3150
210,P2,BASE,3.15,0.00,5,F,0,0.3465
220,P2,BASE,3.30,0.00,5,F,0,0.3795
230,P2,BASE,3.45,0.00,6,F,0,0.4140
240,P2,BASE,3.60,0.00,6,F,0,0.4500
250,P2,BASE,3.75,0.00,7,F,0,0.4875
260,P2,BASE,3.90,0.00,7,F,0,0.5265
270,P2,BASE,4.05,0.00,7,F,0,0.5670
280,P2,BASE,4.20,0.00,8,F,0,0.6090
290,P2,BASE,4.35,0.00,8,F,0,0.6525
300,P2,BASE,4.50,0.00,9,F,0,0.6975
310,P2,BASE,4.65,0.00,9,F,0,0.7440
320,P2,BASE,4.80,0.00,10,F,0,0.7920
330,P2,BASE,4.95,0.00,10,F,0,0.8415
340,P2,BASE,5.10,0.00,11,F,0,0.8925
350,P2,BASE,5.25,0.00,11,F,0,0.9450
360,P2,BASE,5.40,0.00,12,F,0,0.9990
370,P2,BASE,5.55,0.00,12,F,0,1.0545
380,P2,BASE,5.70,0.00,13,F,0,1.1115
390,P2,BASE,5.85,0.00,13,F,0,1.1700
400,P2,BASE,6.00,0.00,14,F,0,1.2300
410,P2,BASE,6.15,0.00,14,F,0,1.2915
420,P2,BASE,6.30,0.00,15,F,0,1.3545
430,P2,BASE,6.45,0.00,15,F,0,1.4190
440,P2,BASE,6.60,0.00,16,F,0,1.4850
450,P2,BASE,6.75,0.00,17,F,0,1.5525
460,P2,BASE,6.90,0.00,17,F,0,1.6215
470,P2,BASE,7.05,0.00,18,F,0,1.6920
480,P2,BASE,7.20,0.00,18,F,0,1.7640
490,P2,BASE,7.35,0.00,19,F,0,1.8375
500,P2,BASE,7.50,0.00,20,F,0,1.9125
510,P2,BASE,7.65,0.00,20,F,0,1.9890
520,P2,BASE,7.80,0.00,21,F,0,2.0670
530,P2,BASE,7.95,0.00,22,F,0,2.1465
540,P2,BASE,8.10,0.00,22,F,0,2.2275
550,P2,BASE,8.25,0.00,23,F,0,2.3100
560,P2,BASE,8.40,0.00,24,F,0,2.3940
570,P2,BASE,8.55,0.00,24,F,0,2.4795
580,P2,BASE,8.70,0.00,25,F,0,2.5665
590,P2,BASE,8.85,0.00,26,F,0,2.6550
600,P2,BASE,9.00,0.00,27,F,0,2.7450
610,P2,BASE,9.15,0.00,27,F,0,2.8365
620,P2,BASE,9.30,0.00,28,F,0,2.9295
630,P2,BASE,9.45,0.00,29,F,0,3.0240
640,P2,BASE,9.60,0.00,30,F,0,3.1200
650,P2,BASE,9.75,0.00,31,F,0,3.2175
660,P2,BASE,9.90,0.00,31,F,0,3.3165
670,P2,BASE,10.05,0.00,32,F,0,3.4170
680,P2,BASE,10.20,0.00,33,F,0,3.5190
690,P2,BASE,10.35,0.00,34,F,0,3.6225
700,P2,BASE,10.50,0.00,35,F,0,3.7275
710,P2,BASE,10.65,0.00,36,F,0,3.8340
720,P2,BASE,10.80,0.00,36,F,0,3.9420
730,P2,BASE,10.95,0.00,37,F,0,4.0515
740,P2,BASE,11.10,0.00,38,F,0,4.1625
750,P2,BASE,11.25,0.00,39,F,0,4.2750
760,P2,BASE,11.40,0.00,40,F,0,4.3890
770,P2,BASE,11.55,0.00,41,F,0,4.5045
780,P2,BASE,11.70,0.00,42,F,0,4.6215
790,P2,BASE,11.85,0.00,43,F,0,4.7400
800,P2,BASE,12.00,0.00,44,F,0,4.8600
810,P2,BASE,12.15,0.00,45,F,0,4.9815
820,P2,BASE,12.30,0.00,46,F,0,5.1045
830,P2,BASE,12.45,0.00,47,F,0,5.2290
840,P2,BASE,12.60,0.00,47,F,0,5.3550
850,P2,BASE,12.75,0.00,48,F,0,5.4825
860,P2,BASE,12.90,0.00,49,F,0,5.6115
870,P2,BASE,13.05,0.00,50,F,0,5.7420
880,P2,BASE,13.20,0.00,52,F,0,5.8740
890,P2,BASE,13.35,0.00,53,F,0,6.0075
900,P2,BASE,13.50,0.00,54,F,0,6.1425
910,P2,BASE,13.65,0.00,55,F,0,6.2790
920,P2,BASE,13.80,0.00,56,F,0,6.4170
930,P2,BASE,13.95,0.00,57,F,0,6.5565
940,P2,BASE,14.10,0.00,58,F,0,6.6975
950,P2,BASE,14.25,0.00,59,F,0,6.8400
960,P2,BASE,14.40,0.00,60,F,0,6.9840
970,P2,BASE,14.55,0.00,61,F,0,7.1295
980,P2,BASE,14.70,0.00,62,F,0,7.2765
990,P2,BASE,14.85,0.00,63,F,0,7.4250
1000,P2,BASE,15.00,0.00,65,F,0,7.5750
1010,P2,BASE,15.15,0.00,66,F,0,7.7265
1020,P2,BASE,15.30,0.00,67,F,0,7.8795
1030,P2,BASE,15.45,0.00,68,F,0,8.0340
1040,P2,BASE,15.60,0.00,69,F,0,8.1900
1050,P2,BASE,15.75,0.00,70,F,0,8.3475
1060,P2,BASE,15.90,0.00,72,F,0,8.5065
1070,P2,BASE,16.05,0.00,73,F,0,8.6670
1080,P2,BASE,16.20,0.00,74,F,0,8.8290
1090,P2,BASE,16.35,0.00,75,F,0,8.9925
1100,P2,BASE,16.50,0.00,76,F,0,9.1575
1110,P2,BASE,16.65,0.00,78,F,0,9.3240
1120,P2,BASE,16.80,0.00,79,F,0,9.4920
1130,P2,BASE,16.95,0.00,80,F,0,9.6615
1140,P2,BASE,17.10,0.00,81,F,0,9.8325
1150,P2,BASE,17.25,0.00,83,F,0,10.0050
1160,P2,BASE,17.40,0.00,84,F,0,10.1790
1170,P2,BASE,17.55,0.00,85,F,0,10.3545
1180,P2,BASE,17.70,0.00,87,F,0,10.5315
1190,P2,BASE,17.85,0.00,88,F,0,10.7100
1200,P2,BASE,18.00,0.00,89,F,0,10.8900
1210,P2,BASE,18.15,0.00,91,F,0,11.0715
1220,P2,BASE,18.30,0.00,92,F,0,11.2545
1230,P2,BASE,18.45,0.00,93,F,0,11.4390
1240,P2,BASE,18.60,0.00,95,F,0,11.6250
1250,P2,BASE,18.75,0.00,96,F,0,11.8125
1260,P2,BASE,18.90,0.00,98,F,0,12.0015
1270,P2,BASE,19.05,0.00,99,F,0,12.1920
1280,P2,BASE,19.20,0.00,100,F,0,12.3840
1290,P2,BASE,19.35,0.00,102,F,0,12.5775
1300,P2,BASE,19.50,0.00,103,F,0,12.7725
1310,P2,BASE,19.65,0.00,105,F,0,12.9690
1320,P2,BASE,19.80,0.00,106,F,0,13.1670
1330,P2,BASE,19.95,0.00,108,F,0,13.3665
1340,P2,BASE,20.10,0.00,109,F,0,13.5675
1350,P2,BASE,20.25,0.00,111,F,0,13.7700
1360,P2,BASE,20.40,0.00,112,F,0,13.9740
1370,P2,BASE,20.55,0.00,114,F,0,14.1795
1380,P2,BASE,20.70,0.00,115,F,0,14.3865
1390,P2,BASE,20.85,0.00,117,F,0,14.5950
1400,P2,BASE,21.00,0.00,118,F,0,14.8050
1410,P2,BASE,21.15,0.00,120,F,0,15.0165
1420,P2,BASE,21.30,0.00,121,F,0,15.2295
1430,P2,BASE,21.45,0.00,123,F,0,15.4440
1440,P2,BASE,21.60,0.00,124,F,0,15.6600
1450,P2,BASE,21.75,0.00,126,F,0,15.8775
1460,P2,BASE,21.90,0.00,128,F,0,16.0965
1470,P2,BASE,22.05,0.00,129,F,0,16.3170
1480,P2,BASE,22.20,0.00,131,F,0,16.5390
1490,P2,BASE,22.35,10.00,122,F,4,16.6625
1500,P2,BASE,22.50,10.00,122,F,8,16.7875
1510,P2,BASE,22.65,10.00,123,F,12,16.9140
1520,P2,BASE,22.80,12.50,122,F,17,17.0170
1530,P2,BASE,22.95,15.00,120,F,23,17.0965
1540,P2,BASE,23.10,12.50,123,F,28,17.2025
1550,P2,BASE,23.25,15.00,121,F,34,17.2850
1560,P2,BASE,23.40,17.50,119,F,41,17.3440
1570,P2,BASE,23.55,17.50,120,F,48,17.4045
1580,P2,BASE,23.70,17.50,121,F,55,17.4665
1590,P2,BASE,23.85,20.00,118,F,63,17.5050
1600,P2,BASE,24.00,17.50,122,F,70,17.5700
1610,P2,BASE,24.15,20.00,119,F,78,17.6115
1620,P2,BASE,24.30,20.00,120,F,86,17.6545
1630,P2,BASE,24.45,20.00,120,F,94,17.6990
1640,P2,BASE,24.60,20.00,121,F,102,17.7450
1650,P2,BASE,24.75,22.50,118,F,111,17.7675
1660,P2,BASE,24.90,20.00,122,F,119,17.8165
1670,P2,BASE,25.05,25.00,117,F,129,17.8170
1680,P2,BASE,25.20,22.50,119,F,138,17.8440
1690,P2,BASE,25.35,22.50,120,F,147,17.8725
1700,P2,BASE,25.50,22.50,120,F,156,17.9025
1710,P2,BASE,25.65,25.00,118,F,166,17.9090
1720,P2,BASE,25.80,25.01,118,F,176,17.9169
1730,P2,BASE,25.95,25.00,118,F,186,17.9265
1740,P2,BASE,26.10,25.00,118,F,196,17.9375
1750,P2,BASE,26.25,25.00,119,F,206,17.9500
1760,P2,BASE,26.40,25.00,119,F,216,17.9640
1770,P2,BASE,26.55,27.50,116,F,227,17.9545
1780,P2,BASE,26.70,27.49,117,F,238,17.9465
1790,P2,BASE,26.85,27.51,117,F,249,17.9399
1800,P2,BASE,27.00,27.50,117,F,260,17.9349
1810,P2,BASE,27.15,27.50,117,F,271,17.9314
1820,P2,BASE,27.30,27.50,117,F,282,17.9294
1830,P2,BASE,27.45,27.49,117,F,293,17.9290
1840,P2,BASE,27.60,27.51,117,F,304,17.9299
1850,P2,BASE,27.75,27.49,118,F,315,17.9325
1860,P2,BASE,27.90,25.01,120,F,325,17.9615
1870,P2,BASE,28.05,27.50,118,F,336,17.9669
1880,P2,BASE,28.20,30.00,116,F,348,17.9489
1890,P2,BASE,28.35,27.50,118,F,359,17.9575
1900,P2,BASE,28.50,27.49,119,F,370,17.9675
1910,P2,BASE,28.65,30.01,116,F,382,17.9540
1920,P2,BASE,28.80,25.00,122,F,392,17.9920
1930,P2,BASE,28.95,30.01,117,F,404,17.9814
1940,P2,BASE,29.10,27.50,119,F,415,17.9974
1950,P2,BASE,29.25,27.49,120,F,426,18.0150
1960,P2,BASE,29.40,27.51,120,F,437,18.0339
1970,P2,BASE,29.55,27.49,120,F,448,18.0545
1980,P2,BASE,29.70,30.00,118,F,460,18.0515
1990,P2,BASE,29.85,27.50,121,F,471,18.0750
2000,P2,BASE,30.00,30.00,118,F,483,18.0750
2010,P2,BASE,30.15,27.50,121,F,494,18.1015
2020,P2,BASE,30.30,27.50,121,F,505,18.1295
2030,P2,BASE,30.45,30.01,119,F,517,18.1339
2040,P2,BASE,30.60,27.50,122,F,528,18.1649
2050,P2,BASE,30.75,30.00,120,F,540,18.1725
2060,P2,BASE,30.90,27.49,123,F,551,18.2065
2070,P2,BASE,31.05,30.00,120,F,563,18.2170
2080,P2,BASE,31.20,27.51,123,F,574,18.2539
2090,P2,BASE,31.35,29.99,121,F,586,18.2675
2100,P2,BASE,31.50,27.50,124,F,597,18.3075
2110,P2,BASE,31.65,27.51,124,F,608,18.3489
2120,P2,BASE,31.80,27.49,125,F,619,18.3920
2130,P2,BASE,31.95,30.00,122,F,631,18.4115
2140,P2,BASE,32.10,27.50,125,F,642,18.4575
2150,P2,BASE,32.25,30.00,123,F,654,18.4800
2160,P2,BASE,32.40,27.51,126,F,665,18.5289
2170,P2,BASE,32.55,27.50,127,F,676,18.5794
2180,P2,BASE,32.70,27.50,127,F,687,18.6314
2190,P2,BASE,32.85,30.00,125,F,699,18.6599
2200,P2,BASE,33.00,27.50,128,F,710,18.7150
2210,P2,BASE,33.15,30.00,126,F,722,18.7465
2220,P2,BASE,33.30,27.51,129,F,733,18.8044
2230,P2,BASE,33.45,29.99,127,F,745,18.8390
2240,P2,BASE,33.60,29.99,127,F,757,18.8750
2250,P2,BASE,33.75,30.01,128,F,769,18.9124
2260,P2,BASE,33.90,30.00,128,F,781,18.9514
2270,P2,BASE,34.05,30.00,128,F,793,18.9919
2280,P2,BASE,34.20,27.49,132,F,804,19.0590
2290,P2,BASE,34.35,32.51,127,F,817,19.0774
2300,P2,BASE,34.50,30.00,130,F,829,19.1225
2310,P2,BASE,34.65,32.51,127,F,842,19.1439
2320,P2,BASE,34.80,30.00,130,F,854,19.1919
2330,P2,BASE,34.95,32.50,128,F,867,19.2164
2340,P2,BASE,35.10,32.50,129,F,880,19.2425
2350,P2,BASE,35.25,30.01,132,F,892,19.2949
2360,P2,BASE,35.40,34.98,127,F,906,19.2991
2370,P2,BASE,35.55,30.01,132,F,918,19.3546
2380,P2,BASE,35.70,32.50,130,F,931,19.3866
2390,P2,BASE,35.85,32.50,130,F,944,19.4200
2400,P2,BASE,36.00,35.01,128,F,958,19.4299
2410,P2,BASE,36.15,32.50,131,F,971,19.4664
2420,P2,BASE,36.30,34.99,129,F,985,19.4795
2430,P2,BASE,36.45,32.50,132,F,998,19.5190
2440,P2,BASE,36.60,35.01,129,F,1012,19.5349
2450,P2,BASE,36.75,34.99,130,F,1026,19.5525
2460,P2,BASE,36.90,34.99,130,F,1040,19.5717
2470,P2,BASE,37.05,35.01,130,F,1054,19.5920
2480,P2,BASE,37.20,35.01,131,F,1068,19.6140
2490,P2,BASE,37.35,37.50,128,F,1083,19.6125
2500,P2,BASE,37.50,35.00,131,F,1097,19.6375
2510,P2,BASE,37.65,37.50,129,F,1112,19.6390
2520,P2,BASE,37.80,37.50,129,F,1127,19.6420
2530,P2,BASE,37.95,37.50,129,F,1142,19.6465
2540,P2,BASE,38.10,40.00,126,F,1158,19.6275
2550,P2,BASE,38.25,37.51,129,F,1173,19.6350
2560,P2,BASE,38.40,39.99,127,F,1189,19.6190
2570,P2,BASE,38.55,37.51,129,F,1204,19.6295
2580,P2,BASE,38.70,40.00,127,F,1220,19.6165
2590,P2,BASE,38.85,40.01,127,F,1236,19.6049
2600,P2,BASE,39.00,54.99,111,F,1258,19.4450
2610,P2,BASE,39.15,44.99,121,F,1276,19.3866
2620,P2,BASE,39.30,40.01,126,F,1292,19.3794
2630,P2,BASE,39.45,37.50,129,F,1307,19.3989
2640,P2,BASE,39.60,37.50,129,F,1322,19.4199
2650,P2,BASE,39.75,42.50,124,F,1339,19.3925
2660,P2,BASE,39.90,40.00,127,F,1355,19.3915
2670,P2,BASE,40.05,35.01,132,F,1369,19.4420
2680,P2,BASE,40.20,29.99,138,F,1381,19.5440
2690,P2,BASE,40.35,42.50,126,F,1398,19.5226
2700,P2,BASE,40.50,40.01,128,F,1414,19.5275
2710,P2,BASE,40.65,45.00,123,F,1432,19.4840
2720,P2,BASE,40.80,45.01,123,F,1450,19.4419
2730,P2,BASE,40.95,42.48,126,F,1467,19.4266
2740,P2,BASE,41.10,42.51,126,F,1484,19.4125
2750,P2,BASE,41.25,45.00,123,F,1502,19.3750
2760,P2,BASE,41.40,42.50,126,F,1519,19.3640
2770,P2,BASE,41.55,39.99,128,F,1535,19.3795
2780,P2,BASE,41.70,45.01,123,F,1553,19.3464
2790,P2,BASE,41.85,45.00,123,F,1571,19.3150
2800,P2,BASE,42.00,42.49,126,F,1588,19.3101
2810,P2,BASE,42.15,42.52,126,F,1605,19.3064
2820,P2,BASE,42.30,40.00,129,F,1621,19.3294
2830,P2,BASE,42.45,44.99,124,F,1639,19.3040
2840,P2,BASE,42.60,40.00,129,F,1655,19.3300
2850,P2,BASE,42.75,45.01,124,F,1673,19.3074
2860,P2,BASE,42.90,42.48,127,F,1690,19.3116
2870,P2,BASE,43.05,42.50,127,F,1707,19.3170
2880,P2,BASE,43.20,42.51,127,F,1724,19.3240
2890,P2,BASE,43.35,42.50,127,F,1741,19.3324
2900,P2,BASE,43.50,42.50,128,F,1758,19.3424
2910,P2,BASE,43.65,42.50,128,F,1775,19.3539
2920,P2,BASE,43.80,40.00,131,F,1791,19.3920
2930,P2,BASE,43.95,42.50,128,F,1808,19.4064
2940,P2,BASE,44.10,39.99,131,F,1824,19.4475
2950,P2,BASE,44.25,42.50,129,F,1841,19.4650
2960,P2,BASE,44.40,40.00,132,F,1857,19.5089
2970,P2,BASE,44.55,42.50,130,F,1874,19.5295
2980,P2,BASE,44.70,40.00,133,F,1890,19.5765
2990,P2,BASE,44.85,42.50,131,F,1907,19.6000
3000,P2,BASE,45.00,40.00,134,F,1923,19.6500
3010,P2,BASE,45.15,42.50,131,F,1940,19.6765
3020,P2,BASE,45.30,40.00,134,F,1956,19.7294
3030,P2,BASE,45.45,42.49,132,F,1973,19.7590
3040,P2,BASE,45.60,42.51,133,F,1990,19.7899
3050,P2,BASE,45.75,42.50,133,F,2007,19.8224
3060,P2,BASE,45.90,40.00,136,F,2023,19.8815
3070,P2,BASE,46.05,42.50,134,F,2040,19.9170
3080,P2,BASE,46.20,42.50,134,F,2057,19.9540
3090,P2,BASE,46.35,42.50,135,F,2074,19.9925
3100,P2,BASE,46.50,42.49,135,F,2091,20.0325
3110,P2,BASE,46.65,42.50,136,F,2108,20.0740
3120,P2,BASE,46.80,42.51,136,F,2125,20.1169
3130,P2,BASE,46.95,39.98,139,F,2141,20.1866
3140,P2,BASE,47.10,45.01,134,F,2159,20.2075
3150,P2,BASE,47.25,42.50,137,F,2176,20.2550
3160,P2,BASE,47.40,42.50,138,F,2193,20.3040
3170,P2,BASE,47.55,42.51,138,F,2210,20.3544
3180,P2,BASE,47.70,42.50,139,F,2227,20.4065
3190,P2,BASE,47.85,45.00,137,F,2245,20.4350
3200,P2,BASE,48.00,42.50,140,F,2262,20.4900
3210,P2,BASE,48.15,45.00,137,F,2280,20.5215
3220,P2,BASE,48.30,45.00,138,F,2298,20.5545
3230,P2,BASE,48.45,42.50,141,F,2315,20.6140
3240,P2,BASE,48.60,45.00,139,F,2333,20.6499
3250,P2,BASE,48.75,47.49,136,F,2352,20.6625
3260,P2,BASE,48.90,45.00,139,F,2370,20.7015
3270,P2,BASE,49.05,47.51,137,F,2389,20.7169
3280,P2,BASE,49.20,44.99,140,F,2407,20.7590
3290,P2,BASE,49.35,45.00,141,F,2425,20.8025
3300,P2,BASE,49.50,47.50,138,F,2444,20.8225
3310,P2,BASE,49.65,50.00,136,F,2464,20.8190
3320,P2,BASE,49.80,47.50,139,F,2483,20.8420
3330,P2,BASE,49.95,47.50,139,F,2502,20.8665
3340,P2,BASE,50.10,47.51,139,F,2521,20.8924
3350,P2,BASE,50.25,47.50,140,F,2540,20.9199
3360,P2,BASE,50.40,47.50,140,F,2559,20.9489
3370,P2,BASE,50.55,52.50,135,F,2580,20.9294
3380,P2,BASE,50.70,49.99,138,F,2600,20.9366
3390,P2,BASE,50.85,47.50,141,F,2619,20.9700
3400,P2,BASE,51.00,52.51,136,F,2640,20.9549
3410,P2,BASE,51.15,49.99,138,F,2660,20.9665
3420,P2,BASE,51.30,52.49,136,F,2681,20.9546
3430,P2,BASE,51.45,52.50,136,F,2702,20.9441
3440,P2,BASE,51.60,50.01,139,F,2722,20.9600
3450,P2,BASE,51.75,50.00,139,F,2742,20.9775
3460,P2,BASE,51.90,52.50,137,F,2763,20.9715
3470,P2,BASE,52.05,50.01,139,F,2783,20.9919
3480,P2,BASE,52.20,49.98,140,F,2803,21.0141
3490,P2,BASE,52.35,50.01,140,F,2823,21.0375
3500,P2,BASE,52.50,49.99,140,F,2843,21.0625
3510,P2,BASE,52.65,50.00,141,F,2863,21.0890
3520,P2,BASE,52.80,52.50,138,F,2884,21.0920
3530,P2,BASE,52.95,47.50,144,F,2903,21.1465
3540,P2,BASE,53.10,52.52,139,F,2924,21.1524
3550,P2,BASE,53.25,52.48,139,F,2945,21.1601
3560,P2,BASE,53.40,50.02,142,F,2965,21.1939
3570,P2,BASE,53.55,52.48,140,F,2986,21.2046
3580,P2,BASE,53.70,52.52,140,F,3007,21.2164
3590,P2,BASE,53.85,49.99,143,F,3027,21.2549
3600,P2,BASE,54.00,52.49,141,F,3048,21.2700
3610,P2,BASE,54.15,52.49,141,F,3069,21.2866
3620,P2,BASE,54.30,50.01,144,F,3089,21.3295
3630,P2,BASE,54.45,52.51,142,F,3110,21.3489
3640,P2,BASE,54.60,52.51,142,F,3131,21.3699
3650,P2,BASE,54.75,52.49,142,F,3152,21.3925
3660,P2,BASE,54.90,54.99,140,F,3174,21.3916
3670,P2,BASE,55.05,52.49,143,F,3195,21.4171
3680,P2,BASE,55.20,52.51,143,F,3216,21.4440
3690,P2,BASE,55.35,55.01,141,F,3238,21.4475
3700,P2,BASE,55.50,52.51,144,F,3259,21.4774
3710,P2,BASE,55.65,54.99,141,F,3281,21.4840
3720,P2,BASE,55.80,55.01,141,F,3303,21.4919
3730,P2,BASE,55.95,49.99,147,F,3323,21.5515
3740,P2,BASE,56.10,54.99,142,F,3345,21.5625
3750,P2,BASE,56.25,55.01,142,F,3367,21.5749
3760,P2,BASE,56.40,55.00,143,F,3389,21.5889
3770,P2,BASE,56.55,52.49,146,F,3410,21.6295
3780,P2,BASE,56.70,52.51,146,F,3431,21.6714
3790,P2,BASE,56.85,55.00,144,F,3453,21.6899
3800,P2,BASE,57.00,54.98,144,F,3475,21.7101
3810,P2,BASE,57.15,54.99,144,F,3497,21.7316
3820,P2,BASE,57.30,55.01,145,F,3519,21.7546
3830,P2,BASE,57.45,57.51,142,F,3542,21.7540
3840,P2,BASE,57.60,57.51,142,F,3565,21.7549
3850,P2,BASE,57.75,57.50,143,F,3588,21.7574
3860,P2,BASE,57.90,55.00,146,F,3610,21.7864
3870,P2,BASE,58.05,62.50,138,F,3635,21.7419
3880,P2,BASE,58.20,74.98,124,F,3665,21.5742
3890,P2,BASE,58.35,57.51,142,F,3688,21.5825
3900,P2,BASE,58.50,55.01,145,F,3710,21.6174
3910,P2,BASE,58.65,54.99,145,F,3732,21.6540
3920,P2,BASE,58.80,57.51,143,F,3755,21.6669
3930,P2,BASE,58.95,57.48,143,F,3778,21.6816
3940,P2,BASE,59.10,47.51,154,F,3797,21.7975
3950,P2,BASE,59.25,57.49,145,F,3820,21.8151
3960,P2,BASE,59.40,62.49,139,F,3845,21.7841
3970,P2,BASE,59.55,59.99,142,F,3869,21.7797
3980,P2,BASE,59.70,62.52,139,F,3894,21.7515
3990,P2,BASE,59.85,62.49,139,F,3919,21.7251
4000,P2,BASE,60.00,60.01,142,F,3943,21.7250
4010,P2,BASE,60.15,62.49,140,F,3968,21.7015
4020,P2,BASE,60.30,60.00,142,F,3992,21.7045
4030,P2,BASE,60.45,62.49,140,F,4017,21.6841
4040,P2,BASE,60.60,60.00,143,F,4041,21.6901
4050,P2,BASE,60.75,62.51,140,F,4066,21.6725
4060,P2,BASE,60.90,59.98,143,F,4090,21.6816
4070,P2,BASE,61.05,62.52,140,F,4115,21.6669
4080,P2,BASE,61.20,59.99,143,F,4139,21.6790
4090,P2,BASE,61.35,60.01,143,F,4163,21.6924
4100,P2,BASE,61.50,62.49,141,F,4188,21.6825
4110,P2,BASE,61.65,59.99,144,F,4212,21.6991
4120,P2,BASE,61.80,57.51,147,F,4235,21.7421
4130,P2,BASE,61.95,62.51,142,F,4260,21.7364
4140,P2,BASE,62.10,59.99,145,F,4284,21.7576
4150,P2,BASE,62.25,60.01,145,F,4308,21.7800
4160,P2,BASE,62.40,60.00,145,F,4332,21.8040
4170,P2,BASE,62.55,59.99,145,F,4356,21.8296
4180,P2,BASE,62.70,62.52,143,F,4381,21.8314
4190,P2,BASE,62.85,59.99,146,F,4405,21.8600
4200,P2,BASE,63.00,60.00,146,F,4429,21.8900
4210,P2,BASE,63.15,62.49,144,F,4454,21.8966
4220,P2,BASE,63.30,62.51,144,F,4479,21.9045
4230,P2,BASE,63.45,60.00,147,F,4503,21.9390
4240,P2,BASE,63.60,60.01,147,F,4527,21.9749
4250,P2,BASE,63.75,59.99,148,F,4551,22.0125
4260,P2,BASE,63.90,62.48,146,F,4576,22.0267
4270,P2,BASE,64.05,57.52,151,F,4599,22.0920
4280,P2,BASE,64.20,59.98,149,F,4623,22.1342
4290,P2,BASE,64.35,60.01,150,F,4647,22.1776
4300,P2,BASE,64.50,60.01,150,F,4671,22.2226
4310,P2,BASE,64.65,62.51,148,F,4696,22.2440
4320,P2,BASE,64.80,59.98,151,F,4720,22.2921
4330,P2,BASE,64.95,60.01,151,F,4744,22.3415
4340,P2,BASE,65.10,62.50,149,F,4769,22.3675
4350,P2,BASE,65.25,62.49,149,F,4794,22.3951
4360,P2,BASE,65.40,62.51,150,F,4819,22.4240
4370,P2,BASE,65.55,59.99,153,F,4843,22.4796
4380,P2,BASE,65.70,65.01,148,F,4869,22.4865
4390,P2,BASE,65.85,59.99,154,F,4893,22.5451
4400,P2,BASE,66.00,64.99,149,F,4919,22.5552
4410,P2,BASE,66.15,62.51,152,F,4944,22.5916
4420,P2,BASE,66.30,62.51,152,F,4969,22.6296
4430,P2,BASE,66.45,67.51,147,F,4996,22.6190
4440,P2,BASE,66.60,62.50,152,F,5021,22.6600
4450,P2,BASE,66.75,67.51,148,F,5048,22.6524
4460,P2,BASE,66.90,64.98,150,F,5074,22.6716
4470,P2,BASE,67.05,67.51,148,F,5101,22.6670
4480,P2,BASE,67.20,64.99,151,F,5127,22.6891
4490,P2,BASE,67.35,65.01,151,F,5153,22.7125
4500,P2,BASE,67.50,64.98,151,F,5179,22.7377
4510,P2,BASE,67.65,65.00,152,F,5205,22.7642
4520,P2,BASE,67.80,65.03,152,F,5231,22.7919
4530,P2,BASE,67.95,62.49,155,F,5256,22.8466
4540,P2,BASE,68.10,65.01,153,F,5282,22.8775
4550,P2,BASE,68.25,62.49,156,F,5307,22.9351
4560,P2,BASE,68.40,67.51,151,F,5334,22.9440
4570,P2,BASE,68.55,65.00,154,F,5360,22.9795
4580,P2,BASE,68.70,67.51,152,F,5387,22.9914
4590,P2,BASE,68.85,64.97,155,F,5413,23.0302
4600,P2,BASE,69.00,67.52,152,F,5440,23.0450
4610,P2,BASE,69.15,67.50,153,F,5467,23.0615
4620,P2,BASE,69.30,64.99,156,F,5493,23.1046
4630,P2,BASE,69.45,67.51,153,F,5520,23.1240
4640,P2,BASE,69.60,67.49,154,F,5547,23.1450
4650,P2,BASE,69.75,69.96,151,F,5575,23.1430
4660,P2,BASE,69.90,65.05,157,F,5601,23.1915
4670,P2,BASE,70.05,69.98,152,F,5629,23.1922
4680,P2,BASE,70.20,70.03,152,F,5657,23.1939
4690,P2,BASE,70.35,69.98,152,F,5685,23.1976
4700,P2,BASE,70.50,67.51,155,F,5712,23.2275
4710,P2,BASE,70.65,67.48,155,F,5739,23.2592
4720,P2,BASE,70.80,70.03,153,F,5767,23.2669
4730,P2,BASE,70.95,67.48,156,F,5794,23.3016
4740,P2,BASE,71.10,67.51,156,F,5821,23.3375
4750,P2,BASE,71.25,67.48,157,F,5848,23.3752
4760,P2,BASE,71.40,70.03,155,F,5876,23.3889
4770,P2,BASE,71.55,67.47,158,F,5903,23.4297
4780,P2,BASE,71.70,67.51,158,F,5930,23.4716
4790,P2,BASE,71.85,72.50,153,F,5959,23.4651
4800,P2,BASE,72.00,70.02,156,F,5987,23.4849
4810,P2,BASE,72.15,69.99,156,F,6015,23.5065
4820,P2,BASE,72.30,80.02,146,F,6047,23.4294
4830,P2,BASE,72.45,84.98,140,F,6081,23.3041
4840,P2,BASE,72.60,69.99,155,F,6109,23.3301
4850,P2,BASE,72.75,67.51,158,F,6136,23.3826
4860,P2,BASE,72.90,72.51,153,F,6165,23.3865
4870,P2,BASE,73.05,67.49,159,F,6192,23.4421
4880,P2,BASE,73.20,60.01,168,F,6216,23.5740
4890,P2,BASE,73.35,74.99,153,F,6246,23.5577
4900,P2,BASE,73.50,75.01,153,F,6276,23.5425
4910,P2,BASE,73.65,75.00,153,F,6306,23.5290
4920,P2,BASE,73.80,74.99,153,F,6336,23.5171
4930,P2,BASE,73.95,77.52,150,F,6367,23.4814
4940,P2,BASE,74.10,72.50,155,F,6396,23.4974
4950,P2,BASE,74.25,74.99,153,F,6426,23.4901
4960,P2,BASE,74.40,75.01,153,F,6456,23.4840
4970,P2,BASE,74.55,74.99,153,F,6486,23.4796
4980,P2,BASE,74.70,72.50,156,F,6515,23.5016
4990,P2,BASE,74.85,75.00,154,F,6545,23.5001
5000,P2,BASE,75.00,75.01,154,F,6575,23.4999
5010,P2,BASE,75.15,74.99,154,F,6605,23.5016
5020,P2,BASE,75.30,72.51,157,F,6634,23.5294
5030,P2,BASE,75.45,74.97,155,F,6664,23.5342
5040,P2,BASE,75.60,72.51,157,F,6693,23.5651
5050,P2,BASE,75.75,75.01,155,F,6723,23.5725
5060,P2,BASE,75.90,72.49,158,F,6752,23.6066
5070,P2,BASE,76.05,77.49,153,F,6783,23.5922
5080,P2,BASE,76.20,72.51,158,F,6812,23.6290
5090,P2,BASE,76.35,77.48,153,F,6843,23.6177
5100,P2,BASE,76.50,75.00,156,F,6873,23.6327
5110,P2,BASE,76.65,75.03,156,F,6903,23.6489
5120,P2,BASE,76.80,72.48,160,F,6932,23.6922
5130,P2,BASE,76.95,75.00,157,F,6962,23.7117
5140,P2,BASE,77.10,75.02,157,F,6992,23.7324
5150,P2,BASE,77.25,72.49,161,F,7021,23.7800
5160,P2,BASE,77.40,72.49,161,F,7050,23.8292
5170,P2,BASE,77.55,72.51,161,F,7079,23.8796
5180,P2,BASE,77.70,75.01,159,F,7109,23.9065
5190,P2,BASE,77.85,72.49,162,F,7138,23.9601
5200,P2,BASE,78.00,75.00,160,F,7168,23.9901
5210,P2,BASE,78.15,75.01,160,F,7198,24.0214
5220,P2,BASE,78.30,72.49,164,F,7227,24.0796
5230,P2,BASE,78.45,75.01,161,F,7257,24.1139
5240,P2,BASE,78.60,77.47,159,F,7288,24.1252
5250,P2,BASE,78.75,75.01,162,F,7318,24.1626
5260,P2,BASE,78.90,75.01,162,F,7348,24.2015
5270,P2,BASE,79.05,77.49,160,F,7379,24.2171
5280,P2,BASE,79.20,74.99,163,F,7409,24.2592
5290,P2,BASE,79.35,79.97,158,F,7441,24.2530
5300,P2,BASE,79.50,77.55,161,F,7472,24.2724
5310,P2,BASE,79.65,79.99,159,F,7504,24.2690
5320,P2,BASE,79.80,74.99,164,F,7534,24.3172
5330,P2,BASE,79.95,80.00,159,F,7566,24.3167
5340,P2,BASE,80.10,75.00,165,F,7596,24.3677
5350,P2,BASE,80.25,77.51,163,F,7627,24.3951
5360,P2,BASE,80.40,75.01,166,F,7657,24.4490
5370,P2,BASE,80.55,77.48,163,F,7688,24.4797
5380,P2,BASE,80.70,75.02,166,F,7718,24.5364
5390,P2,BASE,80.85,77.50,164,F,7749,24.5699
5400,P2,BASE,81.00,80.00,162,F,7781,24.5799
5410,P2,BASE,81.15,77.49,165,F,7812,24.6165
5420,P2,BASE,81.30,77.49,165,F,7843,24.6546
5430,P2,BASE,81.45,80.00,163,F,7875,24.6691
5440,P2,BASE,81.60,79.98,163,F,7907,24.6853
5450,P2,BASE,81.75,77.50,166,F,7938,24.7278
5460,P2,BASE,81.90,82.52,161,F,7971,24.7215
5470,P2,BASE,82.05,79.99,164,F,8003,24.7421
5480,P2,BASE,82.20,82.52,162,F,8036,24.7389
5490,P2,BASE,82.35,82.50,162,F,8069,24.7374
5500,P2,BASE,82.50,79.99,165,F,8101,24.7625
5510,P2,BASE,82.65,80.00,165,F,8133,24.7890
5520,P2,BASE,82.80,82.49,163,F,8166,24.7921
5530,P2,BASE,82.95,80.01,166,F,8198,24.8215
5540,P2,BASE,83.10,80.00,166,F,8230,24.8525
5550,P2,BASE,83.25,79.99,166,F,8262,24.8851
5560,P2,BASE,83.40,79.98,167,F,8294,24.9193
5570,P2,BASE,83.55,80.01,167,F,8326,24.9547
5580,P2,BASE,83.70,82.49,165,F,8359,24.9668
5590,P2,BASE,83.85,85.01,162,F,8393,24.9552
5600,P2,BASE,84.00,82.52,165,F,8426,24.9700
5610,P2,BASE,84.15,97.51,149,F,8465,24.8364
5620,P2,BASE,84.30,85.00,162,F,8499,24.8294
5630,P2,BASE,84.45,79.99,167,F,8531,24.8740
5640,P2,BASE,84.60,79.98,168,F,8563,24.9202
5650,P2,BASE,84.75,80.02,168,F,8595,24.9676
5660,P2,BASE,84.90,75.00,174,F,8625,25.0666
5670,P2,BASE,85.05,85.00,164,F,8659,25.0671
5680,P2,BASE,85.20,87.51,162,F,8694,25.0440
5690,P2,BASE,85.35,85.00,164,F,8728,25.0475
5700,P2,BASE,85.50,87.50,162,F,8763,25.0275
5710,P2,BASE,85.65,84.99,165,F,8797,25.0341
5720,P2,BASE,85.80,87.50,162,F,8832,25.0171
5730,P2,BASE,85.95,85.01,165,F,8866,25.0265
5740,P2,BASE,86.10,84.99,165,F,8900,25.0376
5750,P2,BASE,86.25,87.50,163,F,8935,25.0251
5760,P2,BASE,86.40,85.02,165,F,8969,25.0389
5770,P2,BASE,86.55,87.47,163,F,9004,25.0297
5780,P2,BASE,86.70,82.50,168,F,9037,25.0717
5790,P2,BASE,86.85,87.50,163,F,9072,25.0652
5800,P2,BASE,87.00,85.01,166,F,9106,25.0851
5810,P2,BASE,87.15,85.00,167,F,9140,25.1066
5820,P2,BASE,87.30,87.50,164,F,9175,25.1046
5830,P2,BASE,87.45,85.02,167,F,9209,25.1289
5840,P2,BASE,87.60,87.49,165,F,9244,25.1300
5850,P2,BASE,87.75,87.48,165,F,9279,25.1327
5860,P2,BASE,87.90,87.51,165,F,9314,25.1366
5870,P2,BASE,88.05,85.00,168,F,9348,25.1671
5880,P2,BASE,88.20,87.52,166,F,9383,25.1739
5890,P2,BASE,88.35,82.50,171,F,9416,25.2324
5900,P2,BASE,88.50,85.00,169,F,9450,25.2674
5910,P2,BASE,88.65,84.98,169,F,9484,25.3041
5920,P2,BASE,88.80,82.49,173,F,9517,25.3671
5930,P2,BASE,88.95,85.03,170,F,9551,25.4064
5940,P2,BASE,89.10,84.97,171,F,9585,25.4476
5950,P2,BASE,89.25,85.00,171,F,9619,25.4901
5960,P2,BASE,89.40,82.52,174,F,9652,25.5589
5970,P2,BASE,89.55,87.48,170,F,9687,25.5796
5980,P2,BASE,89.70,82.51,175,F,9720,25.6515
5990,P2,BASE,89.85,84.99,173,F,9754,25.7001
6000,P2,BASE,90.00,87.48,171,F,9789,25.7253
6010,P2,BASE,90.15,85.02,174,F,9823,25.7766
6020,P2,BASE,90.30,87.51,172,F,9858,25.8045
6030,P2,BASE,90.45,89.99,169,F,9894,25.8091
6040,P2,BASE,90.60,82.48,178,F,9927,25.8903
6050,P2,BASE,90.75,90.03,170,F,9963,25.8975
6060,P2,BASE,90.90,84.98,176,F,9997,25.9567
6070,P2,BASE,91.05,85.01,177,F,10031,26.0171
6080,P2,BASE,91.20,82.49,180,F,10064,26.1041
6090,P2,BASE,91.35,85.02,178,F,10098,26.1675
6100,P2,BASE,91.50,84.98,178,F,10132,26.2326
6110,P2,BASE,91.65,87.53,176,F,10167,26.2739
6120,P2,BASE,91.80,87.48,177,F,10202,26.3171
6130,P2,BASE,91.95,85.02,180,F,10236,26.3864
6140,P2,BASE,92.10,87.47,178,F,10271,26.4327
6150,P2,BASE,92.25,87.51,178,F,10306,26.4801
6160,P2,BASE,92.40,87.52,179,F,10341,26.5289
6170,P2,BASE,92.55,92.50,174,F,10378,26.5294
6180,P2,BASE,92.70,87.49,179,F,10413,26.5815
6190,P2,BASE,92.85,92.51,174,F,10450,26.5849
6200,P2,BASE,93.00,89.97,177,F,10486,26.6152
6210,P2,BASE,93.15,87.52,180,F,10521,26.6715
6220,P2,BASE,93.30,92.50,176,F,10558,26.6795
6230,P2,BASE,93.45,87.51,181,F,10593,26.7389
6240,P2,BASE,93.60,89.99,179,F,10629,26.7750
6250,P2,BASE,93.75,87.51,182,F,10664,26.8374
6260,P2,BASE,93.90,89.99,180,F,10700,26.8765
6270,P2,BASE,94.05,90.00,180,F,10736,26.9170
6280,P2,BASE,94.20,90.00,181,F,10772,26.9590
6290,P2,BASE,94.35,92.49,179,F,10809,26.9776
6300,P2,BASE,94.50,97.52,173,F,10848,26.9474
6310,P2,BASE,94.65,104.96,165,F,10890,26.8443
6320,P2,BASE,94.80,90.02,181,F,10926,26.8921
6330,P2,BASE,94.95,87.51,184,F,10961,26.9665
6340,P2,BASE,95.10,90.01,182,F,10997,27.0174
6350,P2,BASE,95.25,84.97,188,F,11031,27.1203
6360,P2,BASE,95.40,95.04,178,F,11069,27.1239
6370,P2,BASE,95.55,97.49,176,F,11108,27.1045
6380,P2,BASE,95.70,94.98,178,F,11146,27.1117
6390,P2,BASE,95.85,97.52,176,F,11185,27.0950
6400,P2,BASE,96.00,94.99,179,F,11223,27.1051
6410,P2,BASE,96.15,97.49,176,F,11262,27.0917
6420,P2,BASE,96.30,95.03,179,F,11300,27.1044
6430,P2,BASE,96.45,94.98,179,F,11338,27.1191
6440,P2,BASE,96.60,97.49,177,F,11377,27.1102
6450,P2,BASE,96.75,95.03,179,F,11415,27.1274
6460,P2,BASE,96.90,92.49,182,F,11452,27.1715
6470,P2,BASE,97.05,94.98,180,F,11490,27.1922
6480,P2,BASE,97.20,95.01,180,F,11528,27.2141
6490,P2,BASE,97.35,94.99,181,F,11566,27.2377
6500,P2,BASE,97.50,97.53,178,F,11605,27.2374
6510,P2,BASE,97.65,95.00,181,F,11643,27.2639
6520,P2,BASE,97.80,97.46,179,F,11682,27.2673
6530,P2,BASE,97.95,95.04,182,F,11720,27.2964
6540,P2,BASE,98.10,95.00,182,F,11758,27.3274
6550,P2,BASE,98.25,95.00,182,F,11796,27.3599
6560,P2,BASE,98.40,92.47,186,F,11833,27.4192
6570,P2,BASE,98.55,92.51,186,F,11870,27.4796
6580,P2,BASE,98.70,95.01,184,F,11908,27.5165
6590,P2,BASE,98.85,94.98,184,F,11946,27.5552
6600,P2,BASE,99.00,94.99,185,F,11984,27.5953
6610,P2,BASE,99.15,97.47,183,F,12023,27.6121
6620,P2,BASE,99.30,95.04,185,F,12061,27.6547
6630,P2,BASE,99.45,95.03,186,F,12099,27.6989
6640,P2,BASE,99.60,97.50,184,F,12138,27.7199
6650,P2,BASE,99.75,94.96,187,F,12176,27.7678
6660,P2,BASE,99.90,100.00,182,F,12216,27.7668
6670,P2,BASE,100.05,100.04,182,F,12256,27.7669
6680,P2,BASE,100.20,99.96,182,F,12296,27.7693
6690,P2,BASE,100.35,97.54,185,F,12335,27.7974
6700,P2,BASE,100.50,100.00,183,F,12375,27.8024
6710,P2,BASE,100.65,94.97,188,F,12413,27.8592
6720,P2,BASE,100.80,94.99,189,F,12451,27.9173
6730,P2,BASE,100.95,97.54,187,F,12490,27.9514
6740,P2,BASE,101.10,94.96,190,F,12528,28.0128
6750,P2,BASE,101.25,100.02,185,F,12568,28.0251
6760,P2,BASE,101.40,102.52,182,F,12609,28.0139
6770,P2,BASE,101.55,99.98,185,F,12649,28.0296
6780,P2,BASE,101.70,100.00,185,F,12689,28.0466
6790,P2,BASE,101.85,102.50,183,F,12730,28.0401
6800,P2,BASE,102.00,102.52,183,F,12771,28.0349
6810,P2,BASE,102.15,102.49,183,F,12812,28.0315
6820,P2,BASE,102.30,102.50,183,F,12853,28.0295
6830,P2,BASE,102.45,104.98,181,F,12895,28.0042
6840,P2,BASE,102.60,100.03,186,F,12935,28.0299
6850,P2,BASE,102.75,102.47,184,F,12976,28.0327
6860,P2,BASE,102.90,100.02,187,F,13016,28.0615
6870,P2,BASE,103.05,99.98,187,F,13056,28.0922
6880,P2,BASE,103.20,102.53,185,F,13097,28.0989
6890,P2,BASE,103.35,100.00,188,F,13137,28.1324
6900,P2,BASE,103.50,104.98,183,F,13179,28.1176
6910,P2,BASE,103.65,105.02,183,F,13221,28.1039
6920,P2,BASE,103.80,114.95,172,F,13267,27.9923
6930,P2,BASE,103.95,105.02,182,F,13309,27.9816
6940,P2,BASE,104.10,100.02,188,F,13349,28.0224
6950,P2,BASE,104.25,99.96,188,F,13389,28.0653
6960,P2,BASE,104.40,92.53,197,F,13426,28.1840
6970,P2,BASE,104.55,104.99,184,F,13468,28.1797
6980,P2,BASE,104.70,110.01,179,F,13512,28.1265
6990,P2,BASE,104.85,105.01,184,F,13554,28.1249
7000,P2,BASE,105.00,107.49,182,F,13597,28.1000
7010,P2,BASE,105.15,105.01,184,F,13639,28.1014
7020,P2,BASE,105.30,107.47,182,F,13682,28.0798
7030,P2,BASE,105.45,105.02,184,F,13724,28.0841
7040,P2,BASE,105.60,104.99,185,F,13766,28.0902
7050,P2,BASE,105.75,104.98,185,F,13808,28.0979
7060,P2,BASE,105.90,105.04,185,F,13850,28.1064
7070,P2,BASE,106.05,102.46,188,F,13891,28.1424
7080,P2,BASE,106.20,105.03,186,F,13933,28.1540
7090,P2,BASE,106.35,104.98,186,F,13975,28.1678
7100,P2,BASE,106.50,105.01,186,F,14017,28.1826
7110,P2,BASE,106.65,107.52,184,F,14060,28.1739
7120,P2,BASE,106.80,107.48,184,F,14103,28.1671
7130,P2,BASE,106.95,102.49,189,F,14144,28.2118
7140,P2,BASE,107.10,107.52,184,F,14187,28.2075
7150,P2,BASE,107.25,102.49,190,F,14228,28.2551
7160,P2,BASE,107.40,102.51,190,F,14269,28.3040
7170,P2,BASE,107.55,102.48,191,F,14310,28.3547
7180,P2,BASE,107.70,105.00,189,F,14352,28.3817
7190,P2,BASE,107.85,105.02,189,F,14394,28.4100
7200,P2,BASE,108.00,102.51,192,F,14435,28.4649
7210,P2,BASE,108.15,107.49,187,F,14478,28.4715
7220,P2,BASE,108.30,104.99,190,F,14520,28.5046
7230,P2,BASE,108.45,107.48,188,F,14563,28.5144
7240,P2,BASE,108.60,107.51,188,F,14606,28.5252
7250,P2,BASE,108.75,107.50,188,F,14649,28.5377
7260,P2,BASE,108.90,110.02,186,F,14693,28.5265
7270,P2,BASE,109.05,104.97,191,F,14735,28.5673
7280,P2,BASE,109.20,109.95,186,F,14779,28.5599
7290,P2,BASE,109.35,102.59,194,F,14820,28.6275
7300,P2,BASE,109.50,104.98,192,F,14862,28.6727
7310,P2,BASE,109.65,105.01,193,F,14904,28.7191
7320,P2,BASE,109.80,107.50,191,F,14947,28.7421
7330,P2,BASE,109.95,110.00,188,F,14991,28.7416
7340,P2,BASE,110.10,107.51,191,F,15034,28.7675
7350,P2,BASE,110.25,109.98,189,F,15078,28.7702
7360,P2,BASE,110.40,109.99,189,F,15122,28.7743
7370,P2,BASE,110.55,112.53,186,F,15167,28.7545
7380,P2,BASE,110.70,109.99,189,F,15211,28.7616
7390,P2,BASE,110.85,112.49,187,F,15256,28.7452
7400,P2,BASE,111.00,112.49,187,F,15301,28.7303
7410,P2,BASE,111.15,112.53,187,F,15346,28.7165
7420,P2,BASE,111.30,109.97,190,F,15390,28.7298
7430,P2,BASE,111.45,107.51,192,F,15433,28.7692
7440,P2,BASE,111.60,109.99,190,F,15477,28.7853
7450,P2,BASE,111.75,110.02,190,F,15521,28.8026
7460,P2,BASE,111.90,109.99,191,F,15565,28.8217
7470,P2,BASE,112.05,112.52,188,F,15610,28.8170
7480,P2,BASE,112.20,119.99,180,F,15658,28.7391
7490,P2,BASE,112.35,117.48,183,F,15705,28.6878
7500,P2,BASE,112.50,110.03,191,F,15749,28.7125
7510,P2,BASE,112.65,105.00,196,F,15791,28.7890
7520,P2,BASE,112.80,102.47,200,F,15832,28.8923
7530,P2,BASE,112.95,114.99,187,F,15878,28.8719
7540,P2,BASE,113.10,115.03,187,F,15924,28.8526
7550,P2,BASE,113.25,117.48,184,F,15971,28.8103
7560,P2,BASE,113.40,112.52,190,F,16016,28.8191
7570,P2,BASE,113.55,114.98,187,F,16062,28.8048
7580,P2,BASE,113.70,112.52,190,F,16107,28.8166
7590,P2,BASE,113.85,114.98,188,F,16153,28.8053
7600,P2,BASE,114.00,112.49,190,F,16198,28.8204
7610,P2,BASE,114.15,110.01,193,F,16242,28.8618
7620,P2,BASE,114.30,115.00,188,F,16288,28.8548
7630,P2,BASE,114.45,110.01,194,F,16332,28.8992
7640,P2,BASE,114.60,115.00,189,F,16378,28.8952
7650,P2,BASE,114.75,114.99,189,F,16424,28.8928
7660,P2,BASE,114.90,115.00,189,F,16470,28.8918
7670,P2,BASE,115.05,114.99,189,F,16516,28.8924
7680,P2,BASE,115.20,112.50,192,F,16561,28.9194
7690,P2,BASE,115.35,112.52,192,F,16606,28.9477
7700,P2,BASE,115.50,110.00,196,F,16650,29.0027
7710,P2,BASE,115.65,112.49,193,F,16695,29.0343
7720,P2,BASE,115.80,112.51,194,F,16740,29.0672
7730,P2,BASE,115.95,112.49,194,F,16785,29.1018
7740,P2,BASE,116.10,112.50,195,F,16830,29.1378
7750,P2,BASE,116.25,115.03,192,F,16876,29.1500
7760,P2,BASE,116.40,112.48,195,F,16921,29.1892
7770,P2,BASE,116.55,112.50,196,F,16966,29.2297
7780,P2,BASE,116.70,115.00,193,F,17012,29.2467
7790,P2,BASE,116.85,120.01,188,F,17060,29.2151
7800,P2,BASE,117.00,117.48,191,F,17107,29.2103
7810,P2,BASE,117.15,115.01,194,F,17153,29.2317
7820,P2,BASE,117.30,115.02,194,F,17199,29.2545
7830,P2,BASE,117.45,112.50,197,F,17244,29.3040
7840,P2,BASE,117.60,112.48,198,F,17289,29.3552
7850,P2,BASE,117.75,114.95,195,F,17335,29.3831
7860,P2,BASE,117.90,117.55,193,F,17382,29.3867
7870,P2,BASE,118.05,115.02,196,F,17428,29.4169
7880,P2,BASE,118.20,119.92,191,F,17476,29.3998
7890,P2,BASE,118.35,117.57,193,F,17523,29.4076
7900,P2,BASE,118.50,119.99,191,F,17571,29.3927
7910,P2,BASE,118.65,120.00,191,F,17619,29.3792
7920,P2,BASE,118.80,122.52,188,F,17668,29.3420
7930,P2,BASE,118.95,119.99,191,F,17716,29.3316
7940,P2,BASE,119.10,119.99,191,F,17764,29.3227
7950,P2,BASE,119.25,117.52,194,F,17811,29.3400
7960,P2,BASE,119.40,117.49,194,F,17858,29.3591
7970,P2,BASE,119.55,117.45,195,F,17905,29.3800
7980,P2,BASE,119.70,117.54,195,F,17952,29.4017
7990,P2,BASE,119.85,120.02,192,F,18000,29.4000
8000,P2,BASE,120.00,124.96,187,F,18050,29.3503
8010,P2,BASE,120.15,130.00,182,F,18102,29.2518
8020,P2,BASE,120.30,115.01,197,F,18148,29.3047
8030,P2,BASE,120.45,115.01,198,F,18194,29.3591
8040,P2,BASE,120.60,109.97,204,F,18238,29.4654
8050,P2,BASE,120.75,125.05,188,F,18288,29.4224
8060,P2,BASE,120.90,119.99,194,F,18336,29.4316
8070,P2,BASE,121.05,125.01,189,F,18386,29.3919
8080,P2,BASE,121.20,122.50,191,F,18435,29.3789
8090,P2,BASE,121.35,122.48,191,F,18484,29.3677
8100,P2,BASE,121.50,119.99,194,F,18532,29.3828
8110,P2,BASE,121.65,120.01,194,F,18580,29.3992
8120,P2,BASE,121.80,120.01,195,F,18628,29.4170
8130,P2,BASE,121.95,122.51,192,F,18677,29.4114
8140,P2,BASE,122.10,117.49,198,F,18724,29.4575
8150,P2,BASE,122.25,122.48,193,F,18773,29.4553
8160,P2,BASE,122.40,122.50,193,F,18822,29.4543
8170,P2,BASE,122.55,122.50,193,F,18871,29.4548
8180,P2,BASE,122.70,125.01,190,F,18921,29.4317
8190,P2,BASE,122.85,120.02,196,F,18969,29.4599
8200,P2,BASE,123.00,117.49,199,F,19016,29.5150
8210,P2,BASE,123.15,119.99,197,F,19064,29.5467
8220,P2,BASE,123.30,117.52,200,F,19111,29.6044
8230,P2,BASE,123.45,122.46,195,F,19160,29.6143
8240,P2,BASE,123.60,120.02,198,F,19208,29.6501
8250,P2,BASE,123.75,119.99,198,F,19256,29.6877
8260,P2,BASE,123.90,120.02,199,F,19304,29.7264
8270,P2,BASE,124.05,122.46,196,F,19353,29.7423
8280,P2,BASE,124.20,122.49,197,F,19402,29.7594
8290,P2,BASE,124.35,125.04,194,F,19452,29.7525
8300,P2,BASE,124.50,124.98,194,F,19502,29.7478
8310,P2,BASE,124.65,122.54,197,F,19551,29.7689
8320,P2,BASE,124.80,119.96,200,F,19599,29.8173
8330,P2,BASE,124.95,120.00,201,F,19647,29.8668
8340,P2,BASE,125.10,120.00,201,F,19695,29.9178
8350,P2,BASE,125.25,122.50,199,F,19744,29.9453
8360,P2,BASE,125.40,125.01,197,F,19794,29.9492
8370,P2,BASE,125.55,125.00,197,F,19844,29.9547
8380,P2,BASE,125.70,125.01,197,F,19894,29.9615
8390,P2,BASE,125.85,125.01,197,F,19944,29.9699
8400,P2,BASE,126.00,129.97,192,F,19996,29.9302
8410,P2,BASE,126.15,130.00,192,F,20048,29.8917
8420,P2,BASE,126.30,127.49,195,F,20099,29.8798
8430,P2,BASE,126.45,127.54,195,F,20150,29.8689
8440,P2,BASE,126.60,127.47,195,F,20201,29.8602
8450,P2,BASE,126.75,122.51,200,F,20250,29.9026
8460,P2,BASE,126.90,124.99,198,F,20300,29.9217
8470,P2,BASE,127.05,124.99,198,F,20350,29.9423
8480,P2,BASE,127.20,127.53,196,F,20401,29.9390
8490,P2,BASE,127.35,134.99,188,F,20455,29.8627
8500,P2,BASE,127.50,135.00,188,F,20509,29.7877
8510,P2,BASE,127.65,122.51,201,F,20558,29.8391
8520,P2,BASE,127.80,117.48,207,F,20605,29.9423
8530,P2,BASE,127.95,122.51,202,F,20654,29.9967
8540,P2,BASE,128.10,130.01,194,F,20706,29.9775
8550,P2,BASE,128.25,130.01,194,F,20758,29.9599
8560,P2,BASE,128.40,129.99,195,F,20810,29.9440
8570,P2,BASE,128.55,130.00,195,F,20862,29.9295
8580,P2,BASE,128.70,127.51,197,F,20913,29.9414
8590,P2,BASE,128.85,129.96,195,F,20965,29.9303
8600,P2,BASE,129.00,127.51,198,F,21016,29.9452
8610,P2,BASE,129.15,127.51,198,F,21067,29.9615
8620,P2,BASE,129.30,124.96,201,F,21117,30.0049
8630,P2,BASE,129.45,130.05,196,F,21169,29.9989
8640,P2,BASE,129.60,127.49,199,F,21220,30.0200
8650,P2,BASE,129.75,132.47,194,F,21273,29.9928
8660,P2,BASE,129.90,129.99,196,F,21325,29.9919
8670,P2,BASE,130.05,130.03,197,F,21377,29.9922
8680,P2,BASE,130.20,125.03,202,F,21427,30.0439
8690,P2,BASE,130.35,125.00,203,F,21477,30.0974
8700,P2,BASE,130.50,124.96,203,F,21527,30.1528
8710,P2,BASE,130.65,130.01,198,F,21579,30.1592
8720,P2,BASE,130.80,127.41,201,F,21630,30.1931
8730,P2,BASE,130.95,127.58,201,F,21681,30.2268
8740,P2,BASE,131.10,127.49,202,F,21732,30.2629
8750,P2,BASE,131.25,130.05,200,F,21784,30.2749
8760,P2,BASE,131.40,130.00,200,F,21836,30.2889
8770,P2,BASE,131.55,132.50,197,F,21889,30.2794
8780,P2,BASE,131.70,129.96,200,F,21941,30.2968
8790,P2,BASE,131.85,130.04,200,F,21993,30.3149
8800,P2,BASE,132.00,124.99,206,F,22043,30.3850
8810,P2,BASE,132.15,127.51,204,F,22094,30.4314
8820,P2,BASE,132.30,129.97,202,F,22146,30.4547
8830,P2,BASE,132.45,130.00,202,F,22198,30.4792
8840,P2,BASE,132.60,132.53,200,F,22251,30.4799
8850,P2,BASE,132.75,132.49,200,F,22304,30.4825
8860,P2,BASE,132.90,135.00,197,F,22358,30.4615
8870,P2,BASE,133.05,135.01,197,F,22412,30.4419
8880,P2,BASE,133.20,139.92,192,F,22468,30.3747
8890,P2,BASE,133.35,132.58,200,F,22521,30.3824
8900,P2,BASE,133.50,134.97,197,F,22575,30.3677
8910,P2,BASE,133.65,132.49,200,F,22628,30.3793
8920,P2,BASE,133.80,130.04,203,F,22680,30.4169
8930,P2,BASE,133.95,129.96,204,F,22732,30.4568
8940,P2,BASE,134.10,135.00,199,F,22786,30.4478
8950,P2,BASE,134.25,140.04,193,F,22842,30.3899
8960,P2,BASE,134.40,142.47,190,F,22899,30.3092
8970,P2,BASE,134.55,132.50,201,F,22952,30.3297
8980,P2,BASE,134.70,122.51,212,F,23001,30.4516
8990,P2,BASE,134.85,129.99,205,F,23053,30.5002
9000,P2,BASE,135.00,137.51,197,F,23108,30.4751
9010,P2,BASE,135.15,137.39,197,F,23163,30.4527
9020,P2,BASE,135.30,135.09,200,F,23217,30.4547
9030,P2,BASE,135.45,135.00,200,F,23271,30.4592
9040,P2,BASE,135.60,137.46,198,F,23326,30.4406
9050,P2,BASE,135.75,135.07,200,F,23380,30.4475
9060,P2,BASE,135.90,132.49,203,F,23433,30.4816
9070,P2,BASE,136.05,134.99,201,F,23487,30.4922
9080,P2,BASE,136.20,132.50,204,F,23540,30.5292
9090,P2,BASE,136.35,137.50,199,F,23595,30.5177
9100,P2,BASE,136.50,139.90,196,F,23651,30.4837
9110,P2,BASE,136.65,137.57,199,F,23706,30.4745
9120,P2,BASE,136.80,132.54,204,F,23759,30.5171
9130,P2,BASE,136.95,134.99,202,F,23813,30.5368
9140,P2,BASE,137.10,132.50,205,F,23866,30.5828
9150,P2,BASE,137.25,132.51,205,F,23919,30.6301
9160,P2,BASE,137.40,134.99,203,F,23973,30.6543
9170,P2,BASE,137.55,132.49,206,F,24026,30.7049
9180,P2,BASE,137.70,135.03,204,F,24080,30.7316
9190,P2,BASE,137.85,135.00,204,F,24134,30.7601
9200,P2,BASE,138.00,137.39,202,F,24189,30.7662
9210,P2,BASE,138.15,135.07,205,F,24243,30.7970
9220,P2,BASE,138.30,140.06,200,F,24299,30.7795
9230,P2,BASE,138.45,137.50,203,F,24354,30.7890
9240,P2,BASE,138.60,132.50,208,F,24407,30.8500
9250,P2,BASE,138.75,135.00,206,F,24461,30.8875
9260,P2,BASE,138.90,132.50,209,F,24514,30.9515
9270,P2,BASE,139.05,137.49,204,F,24569,30.9671
9280,P2,BASE,139.20,137.51,205,F,24624,30.9840
9290,P2,BASE,139.35,139.94,202,F,24680,30.9780
9300,P2,BASE,139.50,140.01,202,F,24736,30.9729
9310,P2,BASE,139.65,142.53,200,F,24793,30.9441
9320,P2,BASE,139.80,144.97,197,F,24851,30.8924
9330,P2,BASE,139.95,142.50,200,F,24908,30.8669
9340,P2,BASE,140.10,140.01,202,F,24964,30.8678
9350,P2,BASE,140.25,137.53,205,F,25019,30.8950
9360,P2,BASE,140.40,139.96,203,F,25075,30.8994
9370,P2,BASE,140.55,137.49,206,F,25130,30.9300
9380,P2,BASE,140.70,140.03,203,F,25186,30.9368
9390,P2,BASE,140.85,147.53,195,F,25245,30.8700
9400,P2,BASE,141.00,150.00,192,F,25305,30.7800
9410,P2,BASE,141.15,135.00,208,F,25359,30.8415
9420,P2,BASE,141.30,132.50,212,F,25412,30.9295
9430,P2,BASE,141.45,132.49,212,F,25465,31.0191
9440,P2,BASE,141.60,144.97,200,F,25523,30.9854
9450,P2,BASE,141.75,144.99,199,F,25581,30.9530
9460,P2,BASE,141.90,142.54,202,F,25638,30.9466
9470,P2,BASE,142.05,142.49,202,F,25695,30.9423
9480,P2,BASE,142.20,140.00,205,F,25751,30.9643
9490,P2,BASE,142.35,142.50,203,F,25808,30.9628
9500,P2,BASE,142.50,140.03,206,F,25864,30.9875
9510,P2,BASE,142.65,139.99,206,F,25920,31.0141
9520,P2,BASE,142.80,142.47,204,F,25977,31.0174
9530,P2,BASE,142.95,142.49,204,F,26034,31.0220
9540,P2,BASE,143.10,145.04,201,F,26092,31.0026
9550,P2,BASE,143.25,142.51,204,F,26149,31.0100
9560,P2,BASE,143.40,142.46,204,F,26206,31.0194
9570,P2,BASE,143.55,137.53,210,F,26261,31.0796
9580,P2,BASE,143.70,139.99,208,F,26317,31.1168
9590,P2,BASE,143.85,140.00,208,F,26373,31.1553
9600,P2,BASE,144.00,140.03,208,F,26429,31.1950
9610,P2,BASE,144.15,142.44,206,F,26486,31.2120
9620,P2,BASE,144.30,140.01,209,F,26542,31.2549
9630,P2,BASE,144.45,142.51,207,F,26599,31.2743
9640,P2,BASE,144.60,144.99,204,F,26657,31.2704
9650,P2,BASE,144.75,145.04,205,F,26715,31.2675
9660,P2,BASE,144.90,142.46,208,F,26772,31.2919
9670,P2,BASE,145.05,140.00,210,F,26828,31.3424
9680,P2,BASE,145.20,140.04,211,F,26884,31.3940
9690,P2,BASE,145.35,140.00,211,F,26940,31.4475
9700,P2,BASE,145.50,142.46,209,F,26997,31.4779
9710,P2,BASE,145.65,147.54,204,F,27056,31.4590
9720,P2,BASE,145.80,144.96,207,F,27114,31.4674
9730,P2,BASE,145.95,147.54,204,F,27173,31.4515
9740,P2,BASE,146.10,150.00,202,F,27233,31.4125
9750,P2,BASE,146.25,150.00,202,F,27293,31.3750
9760,P2,BASE,146.40,147.50,204,F,27352,31.3640
9770,P2,BASE,146.55,145.00,207,F,27410,31.3795
9780,P2,BASE,146.70,145.00,207,F,27468,31.3965
9790,P2,BASE,146.85,144.96,208,F,27526,31.4154
9800,P2,BASE,147.00,145.04,208,F,27584,31.4350
9810,P2,BASE,147.15,154.95,198,F,27646,31.3569
9820,P2,BASE,147.30,155.00,197,F,27708,31.2799
9830,P2,BASE,147.45,142.47,210,F,27765,31.3297
9840,P2,BASE,147.60,135.04,219,F,27819,31.4553
9850,P2,BASE,147.75,142.53,212,F,27876,31.5075
9860,P2,BASE,147.90,149.97,204,F,27936,31.4868
9870,P2,BASE,148.05,150.03,204,F,27996,31.4670
9880,P2,BASE,148.20,147.47,207,F,28055,31.4743
9890,P2,BASE,148.35,150.01,204,F,28115,31.4577
9900,P2,BASE,148.50,149.99,204,F,28175,31.4428
9910,P2,BASE,148.65,145.03,210,F,28233,31.4790
9920,P2,BASE,148.80,147.47,208,F,28292,31.4923
9930,P2,BASE,148.95,144.99,211,F,28350,31.5320
9940,P2,BASE,149.10,149.99,206,F,28410,31.5231
9950,P2,BASE,149.25,152.52,203,F,28471,31.4905
9960,P2,BASE,149.40,150.00,206,F,28531,31.4845
9970,P2,BASE,149.55,149.97,206,F,28591,31.4803
9980,P2,BASE,149.70,142.57,214,F,28648,31.5515
9990,P2,BASE,149.85,147.46,209,F,28707,31.5755
10000,P2,BASE,150.00,144.99,212,F,28765,31.6256
10010,P2,BASE,150.00,145.01,213,F,28823,31.6755
10020,P2,BASE,150.00,149.99,208,F,28883,31.6756
10030,P2,BASE,150.00,145.06,213,F,28941,31.7251
10040,P2,BASE,150.00,147.46,211,F,29000,31.7505
10050,P2,BASE,150.00,152.52,205,F,29061,31.7253
10060,P2,BASE,150.00,150.03,208,F,29121,31.7250
10070,P2,BASE,150.00,147.47,211,F,29180,31.7503
10080,P2,BASE,150.00,144.99,213,F,29238,31.8005
10090,P2,BASE,150.00,145.04,214,F,29296,31.8501
10100,P2,BASE,150.00,147.49,211,F,29355,31.8752
10110,P2,BASE,150.00,147.51,212,F,29414,31.9001
10120,P2,BASE,150.00,152.48,206,F,29475,31.8752
10130,P2,BASE,150.00,150.00,209,F,29535,31.8752
10140,P2,BASE,150.00,155.00,203,F,29597,31.8252
10150,P2,BASE,150.00,157.48,200,F,29660,31.7504
10160,P2,BASE,150.00,152.53,205,F,29721,31.7251
10170,P2,BASE,150.00,152.47,205,F,29782,31.7004
10180,P2,BASE,150.00,147.47,210,F,29841,31.7257
10190,P2,BASE,150.00,150.05,208,F,29901,31.7252
10200,P2,BASE,150.00,150.01,208,F,29961,31.7251
10210,P2,BASE,150.00,152.47,205,F,30022,31.7004
10220,P2,BASE,150.00,162.53,194,F,30087,31.5750
10230,P2,BASE,150.00,147.46,210,F,30146,31.6005
10240,P2,BASE,150.00,145.01,212,F,30204,31.6503
10250,P2,BASE,150.00,140.03,218,F,30260,31.7501
10260,P2,BASE,150.00,152.47,205,F,30321,31.7254
10270,P2,BASE,150.00,152.48,205,F,30382,31.7005
10280,P2,BASE,150.00,152.48,205,F,30443,31.6757
10290,P2,BASE,150.00,152.52,205,F,30504,31.6505
10300,P2,BASE,150.00,150.00,207,F,30564,31.6505
10310,P2,BASE,150.00,149.99,207,F,30624,31.6507
10320,P2,BASE,150.00,147.53,210,F,30683,31.6754
10330,P2,BASE,150.00,147.50,210,F,30742,31.7004
10340,P2,BASE,150.00,155.00,202,F,30804,31.6504
10350,P2,BASE,150.00,150.00,207,F,30864,31.6504
10360,P2,BASE,150.00,152.48,205,F,30925,31.6255
10370,P2,BASE,150.00,150.03,207,F,30985,31.6252
10380,P2,BASE,150.00,147.49,210,F,31044,31.6504
10390,P2,BASE,150.00,145.00,213,F,31102,31.7004
10400,P2,BASE,150.00,147.50,210,F,31161,31.7254
10410,P2,BASE,150.00,147.53,211,F,31220,31.7501
10420,P2,BASE,150.00,147.50,211,F,31279,31.7751
10430,P2,BASE,150.00,147.46,211,F,31338,31.8005
10440,P2,BASE,150.00,147.49,211,F,31397,31.8257
10450,P2,BASE,150.00,152.44,206,F,31458,31.8013
10460,P2,BASE,150.00,150.06,208,F,31518,31.8007
10470,P2,BASE,150.00,149.94,208,F,31578,31.8013
10480,P2,BASE,150.00,142.59,216,F,31635,31.8754
10490,P2,BASE,150.00,145.01,214,F,31693,31.9253
10500,P2,BASE,150.00,147.51,212,F,31752,31.9501
10510,P2,BASE,150.00,150.00,209,F,31812,31.9501
10520,P2,BASE,150.00,152.50,207,F,31873,31.9251
10530,P2,BASE,150.00,150.00,209,F,31933,31.9251
10540,P2,BASE,150.00,154.98,204,F,31995,31.8753
10550,P2,BASE,150.00,154.97,203,F,32057,31.8256
10560,P2,BASE,150.00,155.02,203,F,32119,31.7754
10570,P2,BASE,150.00,152.48,205,F,32180,31.7506
10580,P2,BASE,150.00,147.53,211,F,32239,31.7753
10590,P2,BASE,150.00,150.00,208,F,32299,31.7753
10600,P2,BASE,150.00,150.00,208,F,32359,31.7753
10610,P2,BASE,150.00,152.50,205,F,32420,31.7503
10620,P2,BASE,150.00,162.52,194,F,32485,31.6251
10630,P2,BASE,150.00,147.47,210,F,32544,31.6504
10640,P2,BASE,150.00,145.00,213,F,32602,31.7004
10650,P2,BASE,150.00,137.49,221,F,32657,31.8256
10660,P2,BASE,150.00,155.00,203,F,32719,31.7756
10670,P2,BASE,150.00,152.55,205,F,32780,31.7501
10680,P2,BASE,150.00,152.50,205,F,32841,31.7251
10690,P2,BASE,150.00,152.47,205,F,32902,31.7004
10700,P2,BASE,150.00,150.03,208,F,32962,31.7001
10710,P2,BASE,150.00,147.49,210,F,33021,31.7253
10720,P2,BASE,150.00,150.00,208,F,33081,31.7253
10730,P2,BASE,150.00,149.96,208,F,33141,31.7257
10740,P2,BASE,150.00,152.53,205,F,33202,31.7004
10750,P2,BASE,150.00,152.53,205,F,33263,31.6751
10760,P2,BASE,150.00,149.96,208,F,33323,31.6756
10770,P2,BASE,150.00,150.05,207,F,33383,31.6751
10780,P2,BASE,150.00,147.47,210,F,33442,31.7004
10790,P2,BASE,150.00,145.01,213,F,33500,31.7502
10800,P2,BASE,150.00,147.46,211,F,33559,31.7757
10810,P2,BASE,150.00,147.54,211,F,33618,31.8002
10820,P2,BASE,150.00,147.50,211,F,33677,31.8252
10830,P2,BASE,150.00,147.51,211,F,33736,31.8501
10840,P2,BASE,150.00,149.96,209,F,33796,31.8506
10850,P2,BASE,150.00,149.99,209,F,33856,31.8507
10860,P2,BASE,150.00,152.55,206,F,33917,31.8252
10870,P2,BASE,150.00,150.01,209,F,33977,31.8251
10880,P2,BASE,150.00,142.47,217,F,34034,31.9004
10890,P2,BASE,150.00,145.01,214,F,34092,31.9502
10900,P2,BASE,150.00,147.51,212,F,34151,31.9751
10910,P2,BASE,150.00,149.99,210,F,34211,31.9752
10920,P2,BASE,150.00,152.50,207,F,34272,31.9502
10930,P2,BASE,150.00,152.52,207,F,34333,31.9251
10940,P2,BASE,150.00,155.00,204,F,34395,31.8751
10950,P2,BASE,150.00,154.94,203,F,34457,31.8257
10960,P2,BASE,150.00,155.02,203,F,34519,31.7756
10970,P2,BASE,150.00,152.53,205,F,34580,31.7502
10980,P2,BASE,150.00,147.51,211,F,34639,31.7751
10990,P2,BASE,150.00,149.91,208,F,34699,31.7760
11000,P2,BASE,150.00,150.05,208,F,34759,31.7755
11010,P2,BASE,150.00,152.52,205,F,34820,31.7504
11020,P2,BASE,150.00,162.52,194,F,34885,31.6252
11030,P2,BASE,150.00,147.51,210,F,34944,31.6501
11040,P2,BASE,150.00,144.97,213,F,35002,31.7004
11050,P2,BASE,150.00,140.03,219,F,35058,31.8001
11060,P2,BASE,150.00,152.48,206,F,35119,31.7752
11070,P2,BASE,150.00,152.47,206,F,35180,31.7506
11080,P2,BASE,150.00,152.53,205,F,35241,31.7253
11090,P2,BASE,150.00,150.00,208,F,35301,31.7253
11100,P2,BASE,150.00,152.50,205,F,35362,31.7003
11110,P2,BASE,150.00,150.00,208,F,35422,31.7003
11120,P2,BASE,150.00,149.88,208,F,35482,31.7015
11130,P2,BASE,150.00,147.59,210,F,35541,31.7256
11140,P2,BASE,150.00,152.50,205,F,35602,31.7006
11150,P2,BASE,150.00,152.50,205,F,35663,31.6756
11160,P2,BASE,150.00,150.05,207,F,35723,31.6751
11170,P2,BASE,150.00,152.50,205,F,35784,31.6501
11180,P2,BASE,150.00,145.00,213,F,35842,31.7001
11190,P2,BASE,150.00,144.99,213,F,35900,31.7503
11200,P2,BASE,150.00,147.50,211,F,35959,31.7753
11210,P2,BASE,150.00,147.46,211,F,36018,31.8007
11220,P2,BASE,150.00,147.54,211,F,36077,31.8253
11230,P2,BASE,150.00,147.50,211,F,36136,31.8503
11240,P2,BASE,150.00,149.99,209,F,36196,31.8504
11250,P2,BASE,150.00,150.01,209,F,36256,31.8503
11260,P2,BASE,150.00,152.52,206,F,36317,31.8251
11270,P2,BASE,150.00,147.50,211,F,36376,31.8501
11280,P2,BASE,150.00,144.99,214,F,36434,31.9002
11290,P2,BASE,150.00,147.43,212,F,36493,31.9260
11300,P2,BASE,150.00,145.07,215,F,36551,31.9753
11310,P2,BASE,150.00,149.97,210,F,36611,31.9756
11320,P2,BASE,150.00,152.53,207,F,36672,31.9503
11330,P2,BASE,150.00,149.97,209,F,36732,31.9506
11340,P2,BASE,150.00,157.52,201,F,36795,31.8754
11350,P2,BASE,150.00,154.97,203,F,36857,31.8257
11360,P2,BASE,150.00,152.52,206,F,36918,31.8006
11370,P2,BASE,150.00,152.53,206,F,36979,31.7753
11380,P2,BASE,150.00,150.01,208,F,37039,31.7751
11390,P2,BASE,150.00,147.44,211,F,37098,31.8007
11400,P2,BASE,150.00,152.42,206,F,37159,31.7765
11410,P2,BASE,150.00,152.61,205,F,37220,31.7504
11420,P2,BASE,150.00,162.48,195,F,37285,31.6255
11430,P2,BASE,150.00,147.54,210,F,37344,31.6501
11440,P2,BASE,150.00,142.49,216,F,37401,31.7252
11450,P2,BASE,150.00,140.01,219,F,37457,31.8251
11460,P2,BASE,150.00,154.98,203,F,37519,31.7753
11470,P2,BASE,150.00,152.52,205,F,37580,31.7501
11480,P2,BASE,150.00,149.96,208,F,37640,31.7506
11490,P2,BASE,150.00,152.55,205,F,37701,31.7251
11500,P2,BASE,150.00,152.47,205,F,37762,31.7004
11510,P2,BASE,150.00,149.99,208,F,37822,31.7006
11520,P2,BASE,150.00,147.51,210,F,37881,31.7254
11530,P2,BASE,150.00,150.00,208,F,37941,31.7254
11540,P2,BASE,150.00,152.50,205,F,38002,31.7004
11550,P2,BASE,150.00,149.97,208,F,38062,31.7007
11560,P2,BASE,150.00,152.52,205,F,38123,31.6756
11570,P2,BASE,150.00,150.03,208,F,38183,31.6753
11580,P2,BASE,150.00,147.47,210,F,38242,31.7006
11590,P2,BASE,150.00,145.04,213,F,38300,31.7501
11600,P2,BASE,150.00,147.44,211,F,38359,31.7757
11610,P2,BASE,150.00,147.53,211,F,38418,31.8004
11620,P2,BASE,150.00,147.50,211,F,38477,31.8254
11630,P2,BASE,150.00,147.53,211,F,38536,31.8501
11640,P2,BASE,150.00,150.00,209,F,38596,31.8501
11650,P2,BASE,150.00,149.96,209,F,38656,31.8506
11660,P2,BASE,150.00,150.05,209,F,38716,31.8501
11670,P2,BASE,150.00,149.96,209,F,38776,31.8506
11680,P2,BASE,150.00,145.01,214,F,38834,31.9004
11690,P2,BASE,150.00,145.01,214,F,38892,31.9503
11700,P2,BASE,150.00,147.49,212,F,38951,31.9754
11710,P2,BASE,150.00,150.03,209,F,39011,31.9751
11720,P2,BASE,150.00,150.00,210,F,39071,31.9751
11730,P2,BASE,150.00,150.00,210,F,39131,31.9751
11740,P2,BASE,150.00,157.47,201,F,39194,31.9004
11750,P2,BASE,150.00,155.00,204,F,39256,31.8504
11760,P2,BASE,150.00,155.02,203,F,39318,31.8003
11770,P2,BASE,150.00,152.47,206,F,39379,31.7756
11780,P2,BASE,150.00,147.54,211,F,39438,31.8001
11790,P2,BASE,150.00,149.94,208,F,39498,31.8007
11800,P2,BASE,150.00,150.01,208,F,39558,31.8006
11810,P2,BASE,150.00,152.53,206,F,39619,31.7753
11820,P2,BASE,150.00,164.92,192,F,39685,31.6261
11830,P2,BASE,150.00,147.56,210,F,39744,31.6505
11840,P2,BASE,150.00,139.99,218,F,39800,31.7507
11850,P2,BASE,150.00,142.50,216,F,39857,31.8257
11860,P2,BASE,150.00,152.52,206,F,39918,31.8005
11870,P2,BASE,150.00,155.00,203,F,39980,31.7505
11880,P2,BASE,150.00,150.03,208,F,40040,31.7502
11890,P2,BASE,150.00,152.50,205,F,40101,31.7252
11900,P2,BASE,150.00,149.96,208,F,40161,31.7257
11910,P2,BASE,150.00,150.05,208,F,40221,31.7252
11920,P2,BASE,150.00,149.97,208,F,40281,31.7255
11930,P2,BASE,150.00,150.01,208,F,40341,31.7254
11940,P2,BASE,150.00,152.47,205,F,40402,31.7007
11950,P2,BASE,150.00,152.55,205,F,40463,31.6752
11960,P2,BASE,150.00,149.97,208,F,40523,31.6755
11970,P2,BASE,150.00,150.03,208,F,40583,31.6752
11980,P2,BASE,150.00,147.44,210,F,40642,31.7008
11990,P2,BASE,150.00,147.56,210,F,40701,31.7252
12000,P2,BASE,150.00,144.99,213,F,40759,31.7754
12010,P2,BASE,150.00,147.51,211,F,40818,31.8002
12020,P2,BASE,150.00,149.88,208,F,40878,31.8014
12030,P2,BASE,150.00,145.09,214,F,40936,31.8505
12040,P2,BASE,150.00,150.01,209,F,40996,31.8504
12050,P2,BASE,150.00,149.96,209,F,41056,31.8508
12060,P2,BASE,150.00,152.52,206,F,41117,31.8257
12070,P2,BASE,150.00,147.53,211,F,41176,31.8504
12080,P2,BASE,150.00,145.01,214,F,41234,31.9002
12090,P2,BASE,150.00,147.49,212,F,41293,31.9254
12100,P2,BASE,150.00,144.97,215,F,41351,31.9757
12110,P2,BASE,150.00,150.05,209,F,41411,31.9752
12120,P2,BASE,150.00,152.47,207,F,41472,31.9505
12130,P2,BASE,150.00,149.97,209,F,41532,31.9508
12140,P2,BASE,150.00,155.05,204,F,41594,31.9004
12150,P2,BASE,150.00,157.47,201,F,41657,31.8257
12160,P2,BASE,150.00,152.50,206,F,41718,31.8007
12170,P2,BASE,150.00,155.03,203,F,41780,31.7504
12180,P2,BASE,150.00,147.47,211,F,41839,31.7757
12190,P2,BASE,150.00,147.54,211,F,41898,31.8002
12200,P2,BASE,150.00,152.42,206,F,41959,31.7760
12210,P2,BASE,150.00,152.52,205,F,42020,31.7508
12220,P2,BASE,150.00,162.55,194,F,42085,31.6253
12230,P2,BASE,150.00,149.88,207,F,42145,31.6265
12240,P2,BASE,150.00,142.59,215,F,42202,31.7007
12250,P2,BASE,150.00,137.51,221,F,42257,31.8256
12260,P2,BASE,150.00,154.98,203,F,42319,31.7757
12270,P2,BASE,150.00,155.02,203,F,42381,31.7256
12280,P2,BASE,150.00,150.00,208,F,42441,31.7256
12290,P2,BASE,150.00,150.01,208,F,42501,31.7254
12300,P2,BASE,150.00,152.48,205,F,42562,31.7006
12310,P2,BASE,150.00,150.03,208,F,42622,31.7003
12320,P2,BASE,150.00,149.97,208,F,42682,31.7006
12330,P2,BASE,150.00,147.49,210,F,42741,31.7257
12340,P2,BASE,150.00,152.50,205,F,42802,31.7007
12350,P2,BASE,150.00,152.52,205,F,42863,31.6756
12360,P2,BASE,150.00,152.48,205,F,42924,31.6507
12370,P2,BASE,150.00,150.01,207,F,42984,31.6506
12380,P2,BASE,150.00,147.51,210,F,43043,31.6754
12390,P2,BASE,150.00,145.01,213,F,43101,31.7253
12400,P2,BASE,150.00,147.44,211,F,43160,31.7509
12410,P2,BASE,150.00,147.54,211,F,43219,31.7754
12420,P2,BASE,150.00,147.47,211,F,43278,31.8007
12430,P2,BASE,150.00,147.54,211,F,43337,31.8253
12440,P2,BASE,150.00,147.50,211,F,43396,31.8503
12450,P2,BASE,150.00,152.44,206,F,43457,31.8259
12460,P2,BASE,150.00,150.00,209,F,43517,31.8259
12470,P2,BASE,150.00,150.01,209,F,43577,31.8257
12480,P2,BASE,150.00,145.00,214,F,43635,31.8757
12490,P2,BASE,150.00,145.00,214,F,43693,31.9257
12500,P2,BASE,150.00,147.47,212,F,43752,31.9510
12510,P2,BASE,150.00,147.57,212,F,43811,31.9753
12520,P2,BASE,150.00,152.45,207,F,43872,31.9507
12530,P2,BASE,150.00,152.53,207,F,43933,31.9254
12540,P2,BASE,150.00,154.98,204,F,43995,31.8756
12550,P2,BASE,150.00,155.00,203,F,44057,31.8256
12560,P2,BASE,150.00,155.02,203,F,44119,31.7754
12570,P2,BASE,150.00,152.48,205,F,44180,31.7506
12580,P2,BASE,150.00,147.53,211,F,44239,31.7753
12590,P2,BASE,150.00,149.94,208,F,44299,31.7759
12600,P2,BASE,150.00,150.00,208,F,44359,31.7759
12610,P2,BASE,150.00,152.56,205,F,44420,31.7503
12620,P2,BASE,150.00,162.48,195,F,44485,31.6254
12630,P2,BASE,150.00,147.51,210,F,44544,31.6503
12640,P2,BASE,150.00,134.99,224,F,44598,31.8004
12650,P2,BASE,150.00,150.01,208,F,44658,31.8003
12660,P2,BASE,150.00,154.98,203,F,44720,31.7504
12670,P2,BASE,150.00,150.00,208,F,44780,31.7504
12680,P2,BASE,150.00,152.52,205,F,44841,31.7253
12690,P2,BASE,150.00,152.48,205,F,44902,31.7004
12700,P2,BASE,150.00,149.96,208,F,44962,31.7009
12710,P2,BASE,150.00,150.05,208,F,45022,31.7004
12720,P2,BASE,150.00,147.50,210,F,45081,31.7254
12730,P2,BASE,150.00,150.00,208,F,45141,31.7254
12740,P2,BASE,150.00,152.47,205,F,45202,31.7007
12750,P2,BASE,150.00,152.52,205,F,45263,31.6756
12760,P2,BASE,150.00,149.97,208,F,45323,31.6759
12770,P2,BASE,150.00,150.01,208,F,45383,31.6757
12780,P2,BASE,150.00,147.54,210,F,45442,31.7003
12790,P2,BASE,150.00,144.94,213,F,45500,31.7509
12800,P2,BASE,150.00,147.51,211,F,45559,31.7757
12810,P2,BASE,150.00,147.51,211,F,45618,31.8006
12820,P2,BASE,150.00,147.47,211,F,45677,31.8259
12830,P2,BASE,150.00,147.51,211,F,45736,31.8507
12840,P2,BASE,150.00,150.05,209,F,45796,31.8503
12850,P2,BASE,150.00,149.99,209,F,45856,31.8504
12860,P2,BASE,150.00,152.47,206,F,45917,31.8257
12870,P2,BASE,150.00,147.53,211,F,45976,31.8504
12880,P2,BASE,150.00,145.00,214,F,46034,31.9004
12890,P2,BASE,150.00,145.01,214,F,46092,31.9503
12900,P2,BASE,150.00,147.47,212,F,46151,31.9756
12910,P2,BASE,150.00,150.01,209,F,46211,31.9754
12920,P2,BASE,150.00,152.45,207,F,46272,31.9509
12930,P2,BASE,150.00,150.06,209,F,46332,31.9503
12940,P2,BASE,150.00,155.00,204,F,46394,31.9003
12950,P2,BASE,150.00,154.98,204,F,46456,31.8504
12960,P2,BASE,150.00,155.02,203,F,46518,31.8003
12970,P2,BASE,150.00,152.50,206,F,46579,31.7753
12980,P2,BASE,150.00,147.50,211,F,46638,31.8003
12990,P2,BASE,150.00,149.91,208,F,46698,31.8012
13000,P2,BASE,150.00,150.01,208,F,46758,31.8010
13010,P2,BASE,150.00,152.56,206,F,46819,31.7754
13020,P2,BASE,150.00,165.02,192,F,46885,31.6253
13030,P2,BASE,150.00,144.97,213,F,46943,31.6755
13040,P2,BASE,150.00,142.49,216,F,47000,31.7507
13050,P2,BASE,150.00,142.50,216,F,47057,31.8257
13060,P2,BASE,150.00,155.03,203,F,47119,31.7754
13070,P2,BASE,150.00,149.99,208,F,47179,31.7755
13080,P2,BASE,150.00,152.50,205,F,47240,31.7505
13090,P2,BASE,150.00,152.50,205,F,47301,31.7255
13100,P2,BASE,150.00,152.47,205,F,47362,31.7008
13110,P2,BASE,150.00,147.53,210,F,47421,31.7255
13120,P2,BASE,150.00,150.03,208,F,47481,31.7252
13130,P2,BASE,150.00,147.47,211,F,47540,31.7505
13140,P2,BASE,150.00,152.50,205,F,47601,31.7255
13150,P2,BASE,150.00,152.47,205,F,47662,31.7008
13160,P2,BASE,150.00,152.56,205,F,47723,31.6752
13170,P2,BASE,150.00,149.94,208,F,47783,31.6758
13180,P2,BASE,150.00,147.51,210,F,47842,31.7007
13190,P2,BASE,150.00,145.03,213,F,47900,31.7504
13200,P2,BASE,150.00,147.50,211,F,47959,31.7754
13210,P2,BASE,150.00,145.01,214,F,48017,31.8252
13220,P2,BASE,150.00,149.96,209,F,48077,31.8257
13230,P2,BASE,150.00,147.54,211,F,48136,31.8503
13240,P2,BASE,150.00,147.46,211,F,48195,31.8757
13250,P2,BASE,150.00,150.05,209,F,48255,31.8752
13260,P2,BASE,150.00,152.50,206,F,48316,31.8502
13270,P2,BASE,150.00,150.00,209,F,48376,31.8502
13280,P2,BASE,150.00,145.00,214,F,48434,31.9002
13290,P2,BASE,150.00,144.97,214,F,48492,31.9505
13300,P2,BASE,150.00,144.99,215,F,48550,32.0007
13310,P2,BASE,150.00,150.05,210,F,48610,32.0002
13320,P2,BASE,150.00,152.45,207,F,48671,31.9757
13330,P2,BASE,150.00,150.01,209,F,48731,31.9755
13340,P2,BASE,150.00,157.48,201,F,48794,31.9007
13350,P2,BASE,150.00,155.05,204,F,48856,31.8502
13360,P2,BASE,150.00,152.45,206,F,48917,31.8257
13370,P2,BASE,150.00,154.97,203,F,48979,31.7760
13380,P2,BASE,150.00,147.54,211,F,49038,31.8006
13390,P2,BASE,150.00,147.53,211,F,49097,31.8253
13400,P2,BASE,150.00,150.00,209,F,49157,31.8253
13410,P2,BASE,150.00,155.00,203,F,49219,31.7753
13420,P2,BASE,150.00,162.48,195,F,49284,31.6504
13430,P2,BASE,150.00,147.46,210,F,49343,31.6759
13440,P2,BASE,150.00,140.03,218,F,49399,31.7756
13450,P2,BASE,150.00,142.47,216,F,49456,31.8509
13460,P2,BASE,150.00,155.00,203,F,49518,31.8009
13470,P2,BASE,150.00,152.50,206,F,49579,31.7759
13480,P2,BASE,150.00,152.52,205,F,49640,31.7507
13490,P2,BASE,150.00,152.52,205,F,49701,31.7256
13500,P2,BASE,150.00,150.03,208,F,49761,31.7253
13510,P2,BASE,150.00,149.99,208,F,49821,31.7254
13520,P2,BASE,150.00,147.50,211,F,49880,31.7504
13530,P2,BASE,150.00,150.00,208,F,49940,31.7504
13540,P2,BASE,150.00,152.45,205,F,50001,31.7259
13550,P2,BASE,150.00,150.03,208,F,50061,31.7256
13560,P2,BASE,150.00,152.47,205,F,50122,31.7009
13570,P2,BASE,150.00,152.47,205,F,50183,31.6762
13580,P2,BASE,150.00,145.06,213,F,50241,31.7256
13590,P2,BASE,150.00,145.03,213,F,50299,31.7753
13600,P2,BASE,150.00,147.50,211,F,50358,31.8003
13610,P2,BASE,150.00,147.46,211,F,50417,31.8258
13620,P2,BASE,150.00,147.51,211,F,50476,31.8506
13630,P2,BASE,150.00,147.50,211,F,50535,31.8756
13640,P2,BASE,150.00,150.01,209,F,50595,31.8755
13650,P2,BASE,150.00,150.00,209,F,50655,31.8755
13660,P2,BASE,150.00,152.47,206,F,50716,31.8508
13670,P2,BASE,150.00,147.50,211,F,50775,31.8758
13680,P2,BASE,150.00,145.04,214,F,50833,31.9253
13690,P2,BASE,150.00,145.00,215,F,50891,31.9753
13700,P2,BASE,150.00,147.47,212,F,50950,32.0006
13710,P2,BASE,150.00,149.99,210,F,51010,32.0008
13720,P2,BASE,150.00,150.03,210,F,51070,32.0005
13730,P2,BASE,150.00,152.38,207,F,51131,31.9767
13740,P2,BASE,150.00,155.09,204,F,51193,31.9258
13750,P2,BASE,150.00,155.02,204,F,51255,31.8756
13760,P2,BASE,150.00,152.47,206,F,51316,31.8509
13770,P2,BASE,150.00,155.03,203,F,51378,31.8006
13780,P2,BASE,150.00,147.53,211,F,51437,31.8253
13790,P2,BASE,150.00,149.97,209,F,51497,31.8256
13800,P2,BASE,150.00,150.00,209,F,51557,31.8256
13810,P2,BASE,150.00,152.50,206,F,51618,31.8006
13820,P2,BASE,150.00,162.50,195,F,51683,31.6756
13830,P2,BASE,150.00,150.03,208,F,51743,31.6753
13840,P2,BASE,150.00,142.49,216,F,51800,31.7504
13850,P2,BASE,150.00,139.97,219,F,51856,31.8507
13860,P2,BASE,150.00,155.03,203,F,51918,31.8004
13870,P2,BASE,150.00,152.52,206,F,51979,31.7753
13880,P2,BASE,150.00,152.39,206,F,52040,31.7513
13890,P2,BASE,150.00,150.06,208,F,52100,31.7507
13900,P2,BASE,150.00,152.50,205,F,52161,31.7257
13910,P2,BASE,150.00,150.05,208,F,52221,31.7253
13920,P2,BASE,150.00,149.94,208,F,52281,31.7259
13930,P2,BASE,150.00,147.51,211,F,52340,31.7507
13940,P2,BASE,150.00,152.50,205,F,52401,31.7257
13950,P2,BASE,150.00,152.55,205,F,52462,31.7003
13960,P2,BASE,150.00,152.47,205,F,52523,31.6756
13970,P2,BASE,150.00,150.00,208,F,52583,31.6756
13980,P2,BASE,150.00,145.03,213,F,52641,31.7253
13990,P2,BASE,150.00,147.50,211,F,52700,31.7503
14000,P2,BASE,150.00,147.49,211,F,52759,31.7754
14010,P2,BASE,150.00,144.97,214,F,52817,31.8257
14020,P2,BASE,150.00,150.05,208,F,52877,31.8253
14030,P2,BASE,150.00,147.43,211,F,52936,31.8510
14040,P2,BASE,150.00,147.53,211,F,52995,31.8757
14050,P2,BASE,150.00,150.00,209,F,53055,31.8757
14060,P2,BASE,150.00,152.50,206,F,53116,31.8507
14070,P2,BASE,150.00,150.00,209,F,53176,31.8507
14080,P2,BASE,150.00,144.91,214,F,53234,31.9016
14090,P2,BASE,150.00,145.07,214,F,53292,31.9509
14100,P2,BASE,150.00,145.04,215,F,53350,32.0004
14110,P2,BASE,150.00,150.00,210,F,53410,32.0004
14120,P2,BASE,150.00,152.50,207,F,53471,31.9754
14130,P2,BASE,150.00,149.96,210,F,53531,31.9759
14140,P2,BASE,150.00,157.55,201,F,53594,31.9004
14150,P2,BASE,150.00,155.00,204,F,53656,31.8504
14160,P2,BASE,150.00,154.91,203,F,53718,31.8013
14170,P2,BASE,150.00,152.59,206,F,53779,31.7754
14180,P2,BASE,150.00,147.47,211,F,53838,31.8007
14190,P2,BASE,150.00,150.00,208,F,53898,31.8007
14200,P2,BASE,150.00,150.01,208,F,53958,31.8006
14210,P2,BASE,150.00,152.53,206,F,54019,31.7753
14220,P2,BASE,150.00,162.45,195,F,54084,31.6508
14230,P2,BASE,150.00,147.51,210,F,54143,31.6756
14240,P2,BASE,150.00,147.47,210,F,54202,31.7009
14250,P2,BASE,150.00,135.04,224,F,54256,31.8505
14260,P2,BASE,150.00,155.00,203,F,54318,31.8005
14270,P2,BASE,150.00,152.47,206,F,54379,31.7758
14280,P2,BASE,150.00,150.03,208,F,54439,31.7755
14290,P2,BASE,150.00,152.48,205,F,54500,31.7507
14300,P2,BASE,150.00,152.52,205,F,54561,31.7255
14310,P2,BASE,150.00,149.99,208,F,54621,31.7257
14320,P2,BASE,150.00,147.51,211,F,54680,31.7505
14330,P2,BASE,150.00,149.99,208,F,54740,31.7507
14340,P2,BASE,150.00,152.53,205,F,54801,31.7254
14350,P2,BASE,150.00,149.99,208,F,54861,31.7255
14360,P2,BASE,150.00,152.50,205,F,54922,31.7005
14370,P2,BASE,150.00,150.01,208,F,54982,31.7004
14380,P2,BASE,150.00,147.47,210,F,55041,31.7256
14390,P2,BASE,150.00,145.03,213,F,55099,31.7754
14400,P2,BASE,150.00,147.47,211,F,55158,31.8007
14410,P2,BASE,150.00,147.50,211,F,55217,31.8257
14420,P2,BASE,150.00,147.50,211,F,55276,31.8507
14430,P2,BASE,150.00,147.49,211,F,55335,31.8758
14440,P2,BASE,150.00,149.99,209,F,55395,31.8760
14450,P2,BASE,150.00,150.00,209,F,55455,31.8760
14460,P2,BASE,150.00,150.03,209,F,55515,31.8757
14470,P2,BASE,150.00,150.01,209,F,55575,31.8755
14480,P2,BASE,150.00,145.00,214,F,55633,31.9255
14490,P2,BASE,150.00,145.00,215,F,55691,31.9755
14500,P2,BASE,150.00,147.51,212,F,55750,32.0004
14510,P2,BASE,150.00,149.97,210,F,55810,32.0007
14520,P2,BASE,150.00,152.53,207,F,55871,31.9753
14530,P2,BASE,150.00,150.00,210,F,55931,31.9753
14540,P2,BASE,150.00,154.94,204,F,55993,31.9260
14550,P2,BASE,150.00,155.06,204,F,56055,31.8753
14560,P2,BASE,150.00,154.98,203,F,56117,31.8255
14570,P2,BASE,150.00,152.52,206,F,56178,31.8004
14580,P2,BASE,150.00,147.46,211,F,56237,31.8258
14590,P2,BASE,150.00,150.05,208,F,56297,31.8253
14600,P2,BASE,150.00,149.96,209,F,56357,31.8258
14610,P2,BASE,150.00,152.53,206,F,56418,31.8005
14620,P2,BASE,150.00,162.45,195,F,56483,31.6760
14630,P2,BASE,150.00,150.03,208,F,56543,31.6757
14640,P2,BASE,150.00,142.50,216,F,56600,31.7507
14650,P2,BASE,150.00,139.97,219,F,56656,31.8510
14660,P2,BASE,150.00,155.03,203,F,56718,31.8006
14670,P2,BASE,150.00,152.53,206,F,56779,31.7753
14680,P2,BASE,150.00,152.45,206,F,56840,31.7508
14690,P2,BASE,150.00,152.42,205,F,56901,31.7266
14700,P2,BASE,150.00,150.09,208,F,56961,31.7257
14710,P2,BASE,150.00,150.01,208,F,57021,31.7255
14720,P2,BASE,150.00,150.01,208,F,57081,31.7254
14730,P2,BASE,150.00,147.49,211,F,57140,31.7505
14740,P2,BASE,150.00,152.50,205,F,57201,31.7255
14750,P2,BASE,150.00,152.47,205,F,57262,31.7008
14760,P2,BASE,150.00,152.50,205,F,57323,31.6758
14770,P2,BASE,150.00,150.05,207,F,57383,31.6754
14780,P2,BASE,150.00,147.49,210,F,57442,31.7005
14790,P2,BASE,150.00,144.99,213,F,57500,31.7507
14800,P2,BASE,150.00,147.46,211,F,57559,31.7761
14810,P2,BASE,150.00,145.06,214,F,57617,31.8255
14820,P2,BASE,150.00,150.01,209,F,57677,31.8254
14830,P2,BASE,150.00,147.47,211,F,57736,31.8507
14840,P2,BASE,150.00,147.53,211,F,57795,31.8754
14850,P2,BASE,150.00,150.00,209,F,57855,31.8754
14860,P2,BASE,150.00,152.45,206,F,57916,31.8508
14870,P2,BASE,150.00,150.03,209,F,57976,31.8505
14880,P2,BASE,150.00,144.99,214,F,58034,31.9007
14890,P2,BASE,150.00,144.99,214,F,58092,31.9508
14900,P2,BASE,150.00,147.54,212,F,58151,31.9754
14910,P2,BASE,150.00,149.88,210,F,58211,31.9766
14920,P2,BASE,150.00,150.09,209,F,58271,31.9757
14930,P2,BASE,150.00,150.03,209,F,58331,31.9754
14940,P2,BASE,150.00,154.95,204,F,58393,31.9258
14950,P2,BASE,150.00,157.50,201,F,58456,31.8508
14960,P2,BASE,150.00,152.50,206,F,58517,31.8258
14970,P2,BASE,150.00,152.55,206,F,58578,31.8004
14980,P2,BASE,150.00,149.96,208,F,58638,31.8008
14990,P2,BASE,150.00,147.51,211,F,58697,31.8257
15000,P2,BASE,150.00,150.00,209,F,58757,31.8257
15010,P2,BASE,149.85,154.97,203,F,58819,31.7745
15020,P2,BASE,149.70,162.52,194,F,58884,31.6463
15030,P2,BASE,149.55,147.53,210,F,58943,31.6665
15040,P2,BASE,149.40,140.00,218,F,58999,31.7605
15050,P2,BASE,149.25,142.51,215,F,59056,31.8279
15060,P2,BASE,149.10,154.97,202,F,59118,31.7692
15070,P2,BASE,148.95,152.50,204,F,59179,31.7337
15080,P2,BASE,148.80,150.00,207,F,59239,31.7217
15090,P2,BASE,148.65,152.53,204,F,59300,31.6829
15100,P2,BASE,148.50,149.94,206,F,59360,31.6685
15110,P2,BASE,148.35,147.53,208,F,59419,31.6767
15120,P2,BASE,148.20,149.99,206,F,59479,31.6589
15130,P2,BASE,148.05,145.04,211,F,59537,31.6889
15140,P2,BASE,147.90,152.45,203,F,59598,31.6434
15150,P2,BASE,147.75,150.01,205,F,59658,31.6207
15160,P2,BASE,147.60,152.48,202,F,59719,31.5719
15170,P2,BASE,147.45,147.49,207,F,59778,31.5715
15180,P2,BASE,147.30,145.03,209,F,59836,31.5942
15190,P2,BASE,147.15,142.51,212,F,59893,31.6406
15200,P2,BASE,147.00,145.00,209,F,59951,31.6606
15210,P2,BASE,146.85,147.47,207,F,60010,31.6544
15220,P2,BASE,146.70,145.04,209,F,60068,31.6710
15230,P2,BASE,146.55,144.96,209,F,60126,31.6869
15240,P2,BASE,146.40,145.01,209,F,60184,31.7007
15250,P2,BASE,146.25,147.51,206,F,60243,31.6881
15260,P2,BASE,146.10,150.01,203,F,60303,31.6489
15270,P2,BASE,145.95,144.96,208,F,60361,31.6589
15280,P2,BASE,145.80,142.53,211,F,60418,31.6916
15290,P2,BASE,145.65,142.51,211,F,60475,31.7230
15300,P2,BASE,145.50,142.47,211,F,60532,31.7532
15310,P2,BASE,145.35,147.51,206,F,60591,31.7316
15320,P2,BASE,145.20,145.00,208,F,60649,31.7336
15330,P2,BASE,145.05,147.51,205,F,60708,31.7089
15340,P2,BASE,144.90,149.97,202,F,60768,31.6582
15350,P2,BASE,144.75,150.00,202,F,60828,31.6057
15360,P2,BASE,144.60,152.53,198,F,60889,31.5264
15370,P2,BASE,144.45,147.46,203,F,60948,31.4964
15380,P2,BASE,144.30,147.54,203,F,61007,31.4639
15390,P2,BASE,144.15,142.47,208,F,61064,31.4807
15400,P2,BASE,144.00,144.99,205,F,61122,31.4709
15410,P2,BASE,143.85,144.99,205,F,61180,31.4595
15420,P2,BASE,143.70,150.05,199,F,61240,31.3961
15430,P2,BASE,143.55,154.97,193,F,61302,31.2819
15440,P2,BASE,143.40,140.00,209,F,61358,31.3159
15450,P2,BASE,143.25,135.03,214,F,61412,31.3981
15460,P2,BASE,143.10,140.01,209,F,61468,31.4290
15470,P2,BASE,142.95,147.44,201,F,61527,31.3841
15480,P2,BASE,142.80,147.56,200,F,61586,31.3365
15490,P2,BASE,142.65,144.99,203,F,61644,31.3131
15500,P2,BASE,142.50,147.49,200,F,61703,31.2633
15510,P2,BASE,142.35,145.01,202,F,61761,31.2366
15520,P2,BASE,142.20,142.49,204,F,61818,31.2338
15530,P2,BASE,142.05,142.50,204,F,61875,31.2293
15540,P2,BASE,141.90,139.99,207,F,61931,31.2484
15550,P2,BASE,141.75,145.03,201,F,61989,31.2156
15560,P2,BASE,141.60,142.49,204,F,62046,31.2067
15570,P2,BASE,141.45,147.49,198,F,62105,31.1464
15580,P2,BASE,141.30,140.00,205,F,62161,31.1594
15590,P2,BASE,141.15,142.44,203,F,62218,31.1465
15600,P2,BASE,141.00,137.57,208,F,62273,31.1808
15610,P2,BASE,140.85,137.50,208,F,62328,31.2143
15620,P2,BASE,140.70,140.03,205,F,62384,31.2210
15630,P2,BASE,140.55,139.99,205,F,62440,31.2266
15640,P2,BASE,140.40,139.99,205,F,62496,31.2308
15650,P2,BASE,140.25,137.50,208,F,62551,31.2583
15660,P2,BASE,140.10,140.01,205,F,62607,31.2591
15670,P2,BASE,139.95,145.01,199,F,62665,31.2085
15680,P2,BASE,139.80,142.46,202,F,62722,31.1819
15690,P2,BASE,139.65,137.50,207,F,62777,31.2034
15700,P2,BASE,139.50,137.54,207,F,62832,31.2230
15710,P2,BASE,139.35,134.96,209,F,62886,31.2669
15720,P2,BASE,139.20,137.51,207,F,62941,31.2838
15730,P2,BASE,139.05,140.01,204,F,62997,31.2741
15740,P2,BASE,138.90,142.51,201,F,63054,31.2380
15750,P2,BASE,138.75,139.96,203,F,63110,31.2259
15760,P2,BASE,138.60,142.53,200,F,63167,31.1866
15770,P2,BASE,138.45,142.51,200,F,63224,31.1460
15780,P2,BASE,138.30,145.00,197,F,63282,31.0790
15790,P2,BASE,138.15,142.46,199,F,63339,31.0359
15800,P2,BASE,138.00,140.00,201,F,63395,31.0159
15810,P2,BASE,137.85,137.54,204,F,63450,31.0190
15820,P2,BASE,137.70,137.46,203,F,63505,31.0214
15830,P2,BASE,137.55,140.04,201,F,63561,30.9965
15840,P2,BASE,137.40,139.97,200,F,63617,30.9708
15850,P2,BASE,137.25,150.01,189,F,63677,30.8431
15860,P2,BASE,137.10,139.99,199,F,63733,30.8143
15870,P2,BASE,136.95,129.99,209,F,63785,30.8839
15880,P2,BASE,136.80,127.54,212,F,63836,30.9765
15890,P2,BASE,136.65,142.46,197,F,63893,30.9184
15900,P2,BASE,136.50,140.03,199,F,63949,30.8832
15910,P2,BASE,136.35,139.99,198,F,64005,30.8468
15920,P2,BASE,136.20,140.00,198,F,64061,30.8088
15930,P2,BASE,136.05,137.50,200,F,64116,30.7943
15940,P2,BASE,135.90,137.53,200,F,64171,30.7780
15950,P2,BASE,135.75,134.97,202,F,64225,30.7858
15960,P2,BASE,135.60,137.51,200,F,64280,30.7667
15970,P2,BASE,135.45,134.97,202,F,64334,30.7714
15980,P2,BASE,135.30,137.50,199,F,64389,30.7494
15990,P2,BASE,135.15,137.54,199,F,64444,30.7255
16000,P2,BASE,135.00,139.96,196,F,64500,30.6759
16010,P2,BASE,134.85,132.51,204,F,64553,30.6993
16020,P2,BASE,134.70,135.01,201,F,64607,30.6962
16030,P2,BASE,134.55,132.50,203,F,64660,30.7167
16040,P2,BASE,134.40,132.50,203,F,64713,30.7357
16050,P2,BASE,134.25,135.00,201,F,64767,30.7282
16060,P2,BASE,134.10,129.97,206,F,64819,30.7694
16070,P2,BASE,133.95,135.00,200,F,64873,30.7589
16080,P2,BASE,133.80,132.54,203,F,64926,30.7715
16090,P2,BASE,133.65,132.45,203,F,64979,30.7836
16100,P2,BASE,133.50,132.51,203,F,65032,30.7934
16110,P2,BASE,133.35,137.54,197,F,65087,30.7515
16120,P2,BASE,133.20,134.97,200,F,65141,30.7338
16130,P2,BASE,133.05,132.51,202,F,65194,30.7391
16140,P2,BASE,132.90,127.50,207,F,65245,30.7931
16150,P2,BASE,132.75,129.97,205,F,65297,30.8209
16160,P2,BASE,132.60,132.53,202,F,65350,30.8216
16170,P2,BASE,132.45,134.99,199,F,65404,30.7963
16180,P2,BASE,132.30,135.03,199,F,65458,30.7690
16190,P2,BASE,132.15,132.47,201,F,65511,30.7658
16200,P2,BASE,132.00,135.03,198,F,65565,30.7355
16210,P2,BASE,131.85,137.45,195,F,65620,30.6796
16220,P2,BASE,131.70,137.51,195,F,65675,30.6214
16230,P2,BASE,131.55,135.03,197,F,65729,30.5866
16240,P2,BASE,131.40,134.99,196,F,65783,30.5508
16250,P2,BASE,131.25,129.97,202,F,65835,30.5635
16260,P2,BASE,131.10,130.04,201,F,65887,30.5741
16270,P2,BASE,130.95,132.49,199,F,65940,30.5588
16280,P2,BASE,130.80,132.50,198,F,65993,30.5418
16290,P2,BASE,130.65,135.00,195,F,66047,30.4983
16300,P2,BASE,130.50,144.99,184,F,66105,30.3534
16310,P2,BASE,130.35,127.54,202,F,66156,30.3815
16320,P2,BASE,130.20,122.49,207,F,66205,30.4587
16330,P2,BASE,130.05,127.47,202,F,66256,30.4844
16340,P2,BASE,129.90,135.04,194,F,66310,30.4330
16350,P2,BASE,129.75,134.99,194,F,66364,30.3806
16360,P2,BASE,129.60,132.43,196,F,66417,30.3523
16370,P2,BASE,129.45,132.58,195,F,66470,30.3210
16380,P2,BASE,129.30,132.47,195,F,66523,30.2893
16390,P2,BASE,129.15,129.99,198,F,66575,30.2809
16400,P2,BASE,129.00,130.04,197,F,66627,30.2705
16410,P2,BASE,128.85,130.00,197,F,66679,30.2590
16420,P2,BASE,128.70,127.49,200,F,66730,30.2712
16430,P2,BASE,128.55,132.42,194,F,66783,30.2324
16440,P2,BASE,128.40,130.07,196,F,66835,30.2158
16450,P2,BASE,128.25,132.51,193,F,66888,30.1732
16460,P2,BASE,128.10,127.51,198,F,66939,30.1790
16470,P2,BASE,127.95,130.00,195,F,66991,30.1585
16480,P2,BASE,127.80,124.98,201,F,67041,30.1868
16490,P2,BASE,127.65,125.01,201,F,67091,30.2132
16500,P2,BASE,127.50,124.99,201,F,67141,30.2383
16510,P2,BASE,127.35,130.03,195,F,67193,30.2115
16520,P2,BASE,127.20,122.50,203,F,67242,30.2585
16530,P2,BASE,127.05,127.47,198,F,67293,30.2543
16540,P2,BASE,126.90,127.53,198,F,67344,30.2480
16550,P2,BASE,126.75,127.47,197,F,67395,30.2408
16560,P2,BASE,126.60,129.91,195,F,67447,30.2077
16570,P2,BASE,126.45,127.59,197,F,67498,30.1963
16580,P2,BASE,126.30,127.53,196,F,67549,30.1840
16590,P2,BASE,126.15,124.98,199,F,67599,30.1958
16600,P2,BASE,126.00,122.50,202,F,67648,30.2308
16610,P2,BASE,125.85,122.49,202,F,67697,30.2644
16620,P2,BASE,125.70,125.00,199,F,67747,30.2714
16630,P2,BASE,125.55,127.54,196,F,67798,30.2515
16640,P2,BASE,125.40,127.46,196,F,67849,30.2309
16650,P2,BASE,125.25,127.51,196,F,67900,30.2083
16660,P2,BASE,125.10,127.51,195,F,67951,30.1842
16670,P2,BASE,124.95,129.97,192,F,68003,30.1339
16680,P2,BASE,124.80,130.03,192,F,68055,30.0817
16690,P2,BASE,124.65,130.01,191,F,68107,30.0280
16700,P2,BASE,124.50,124.98,196,F,68157,30.0233
16710,P2,BASE,124.35,124.99,196,F,68207,30.0169
16720,P2,BASE,124.20,122.50,198,F,68256,30.0339
16730,P2,BASE,124.05,125.03,196,F,68306,30.0242
16740,P2,BASE,123.90,125.01,195,F,68356,30.0130
16750,P2,BASE,123.75,127.45,193,F,68407,29.9760
16760,P2,BASE,123.60,132.53,187,F,68460,29.8868
16770,P2,BASE,123.45,129.99,189,F,68512,29.8214
16780,P2,BASE,123.30,120.04,199,F,68560,29.8540
16790,P2,BASE,123.15,115.00,204,F,68606,29.9355
16800,P2,BASE,123.00,122.48,197,F,68655,29.9408
16810,P2,BASE,122.85,125.03,194,F,68705,29.9190
16820,P2,BASE,122.70,127.47,191,F,68756,29.8713
16830,P2,BASE,122.55,125.03,193,F,68806,29.8465
16840,P2,BASE,122.40,124.99,193,F,68856,29.8207
16850,P2,BASE,122.25,124.98,192,F,68906,29.7934
16860,P2,BASE,122.10,125.04,192,F,68956,29.7640
16870,P2,BASE,121.95,122.48,194,F,69005,29.7588
16880,P2,BASE,121.80,119.99,197,F,69053,29.7769
16890,P2,BASE,121.65,122.52,194,F,69102,29.7682
16900,P2,BASE,121.50,119.98,197,F,69150,29.7834
16910,P2,BASE,121.35,125.04,191,F,69200,29.7465
16920,P2,BASE,121.20,124.99,191,F,69250,29.7087
16930,P2,BASE,121.05,122.49,193,F,69299,29.6943
16940,P2,BASE,120.90,120.02,195,F,69347,29.7030
16950,P2,BASE,120.75,122.49,193,F,69396,29.6857
16960,P2,BASE,120.60,117.49,198,F,69443,29.7168
16970,P2,BASE,120.45,119.99,195,F,69491,29.7214
16980,P2,BASE,120.30,117.51,198,F,69538,29.7493
16990,P2,BASE,120.15,120.02,195,F,69586,29.7505
17000,P2,BASE,120.00,117.45,198,F,69633,29.7760
17010,P2,BASE,119.85,120.02,195,F,69681,29.7743
17020,P2,BASE,119.70,120.01,195,F,69729,29.7711
17030,P2,BASE,119.55,119.98,195,F,69777,29.7669
17040,P2,BASE,119.40,119.99,194,F,69825,29.7610
17050,P2,BASE,119.25,122.51,191,F,69874,29.7284
17060,P2,BASE,119.10,120.02,194,F,69922,29.7191
17070,P2,BASE,118.95,122.50,191,F,69971,29.6836
17080,P2,BASE,118.80,114.98,199,F,70017,29.7219
17090,P2,BASE,118.65,115.01,199,F,70063,29.7583
17100,P2,BASE,118.50,114.98,199,F,70109,29.7935
17110,P2,BASE,118.35,120.05,193,F,70157,29.7765
17120,P2,BASE,118.20,120.00,193,F,70205,29.7585
17130,P2,BASE,118.05,122.49,190,F,70254,29.7141
17140,P2,BASE,117.90,117.49,195,F,70301,29.7183
17150,P2,BASE,117.75,120.02,192,F,70349,29.6955
17160,P2,BASE,117.60,122.50,189,F,70398,29.6465
17170,P2,BASE,117.45,122.46,189,F,70447,29.5964
17180,P2,BASE,117.30,122.52,188,F,70496,29.5441
17190,P2,BASE,117.15,119.98,190,F,70544,29.5159
17200,P2,BASE,117.00,117.54,193,F,70591,29.5105
17210,P2,BASE,116.85,117.45,193,F,70638,29.5045
17220,P2,BASE,116.70,117.51,192,F,70685,29.4964
17230,P2,BASE,116.55,115.01,195,F,70731,29.5118
17240,P2,BASE,116.40,117.48,192,F,70778,29.5010
17250,P2,BASE,116.25,120.02,189,F,70826,29.4633
17260,P2,BASE,116.10,132.50,175,F,70879,29.2993
17270,P2,BASE,115.95,117.49,190,F,70926,29.2839
17280,P2,BASE,115.80,112.50,195,F,70971,29.3169
17290,P2,BASE,115.65,112.50,195,F,71016,29.3484
17300,P2,BASE,115.50,110.02,198,F,71060,29.4032
17310,P2,BASE,115.35,120.01,188,F,71108,29.3565
17320,P2,BASE,115.20,120.00,187,F,71156,29.3085
17330,P2,BASE,115.05,117.49,189,F,71203,29.2842
17340,P2,BASE,114.90,119.98,186,F,71251,29.2334
17350,P2,BASE,114.75,117.54,188,F,71298,29.2055
17360,P2,BASE,114.60,114.97,191,F,71344,29.2019
17370,P2,BASE,114.45,117.54,188,F,71391,29.1710
17380,P2,BASE,114.30,112.48,193,F,71436,29.1893
17390,P2,BASE,114.15,114.99,190,F,71482,29.1809
17400,P2,BASE,114.00,115.02,190,F,71528,29.1706
17410,P2,BASE,113.85,115.00,190,F,71574,29.1591
17420,P2,BASE,113.70,115.00,190,F,71620,29.1461
17430,P2,BASE,113.55,117.48,187,F,71667,29.1069
17440,P2,BASE,113.40,115.00,189,F,71713,29.0909
17450,P2,BASE,113.25,112.51,191,F,71758,29.0983
17460,P2,BASE,113.10,112.49,191,F,71803,29.1044
17470,P2,BASE,112.95,112.52,191,F,71848,29.1087
17480,P2,BASE,112.80,112.46,191,F,71893,29.1121
17490,P2,BASE,112.65,110.00,194,F,71937,29.1386
17500,P2,BASE,112.50,112.51,191,F,71982,29.1385
17510,P2,BASE,112.35,110.02,193,F,72026,29.1618
17520,P2,BASE,112.20,112.52,191,F,72071,29.1585
17530,P2,BASE,112.05,109.99,193,F,72115,29.1792
17540,P2,BASE,111.90,112.47,191,F,72160,29.1735
17550,P2,BASE,111.75,112.53,190,F,72205,29.1657
17560,P2,BASE,111.60,114.98,187,F,72251,29.1319
17570,P2,BASE,111.45,115.00,187,F,72297,29.0964
17580,P2,BASE,111.30,110.02,192,F,72341,29.1092
17590,P2,BASE,111.15,112.50,189,F,72386,29.0957
17600,P2,BASE,111.00,107.50,194,F,72429,29.1307
17610,P2,BASE,110.85,109.99,192,F,72473,29.1393
17620,P2,BASE,110.70,107.52,194,F,72516,29.1711
17630,P2,BASE,110.55,110.00,192,F,72560,29.1766
17640,P2,BASE,110.40,112.47,189,F,72605,29.1559
17650,P2,BASE,110.25,112.51,189,F,72650,29.1333
17660,P2,BASE,110.10,112.48,188,F,72695,29.1095
17670,P2,BASE,109.95,112.52,188,F,72740,29.0838
17680,P2,BASE,109.80,114.97,185,F,72786,29.0321
17690,P2,BASE,109.65,112.52,187,F,72831,29.0034
17700,P2,BASE,109.50,112.51,187,F,72876,28.9733
17710,P2,BASE,109.35,112.49,186,F,72921,28.9419
17720,P2,BASE,109.20,112.51,186,F,72966,28.9088
17730,P2,BASE,109.05,109.92,188,F,73010,28.9001
17740,P2,BASE,108.90,107.58,191,F,73053,28.9133
17750,P2,BASE,108.75,107.52,191,F,73096,28.9256
17760,P2,BASE,108.60,110.00,188,F,73140,28.9116
17770,P2,BASE,108.45,110.00,188,F,73184,28.8961
17780,P2,BASE,108.30,109.99,187,F,73228,28.8792
17790,P2,BASE,108.15,125.00,171,F,73278,28.7107
17800,P2,BASE,108.00,110.00,186,F,73322,28.6907
17810,P2,BASE,107.85,107.50,188,F,73365,28.6942
17820,P2,BASE,107.70,104.98,191,F,73407,28.7214
17830,P2,BASE,107.55,102.49,194,F,73448,28.7720
17840,P2,BASE,107.40,110.04,186,F,73492,28.7456
17850,P2,BASE,107.25,110.00,185,F,73536,28.7181
17860,P2,BASE,107.10,114.97,180,F,73582,28.6394
17870,P2,BASE,106.95,110.00,184,F,73626,28.6089
17880,P2,BASE,106.80,110.02,184,F,73670,28.5767
17890,P2,BASE,106.65,107.47,186,F,73713,28.5685
17900,P2,BASE,106.50,110.03,183,F,73757,28.5332
17910,P2,BASE,106.35,107.50,186,F,73800,28.5217
17920,P2,BASE,106.20,107.50,185,F,73843,28.5087
17930,P2,BASE,106.05,107.47,185,F,73886,28.4945
17940,P2,BASE,105.90,105.04,188,F,73928,28.5031
17950,P2,BASE,105.75,107.46,185,F,73971,28.4860
17960,P2,BASE,105.60,105.03,187,F,74013,28.4917
17970,P2,BASE,105.45,109.97,182,F,74057,28.4465
17980,P2,BASE,105.30,107.53,184,F,74100,28.4242
17990,P2,BASE,105.15,104.97,186,F,74142,28.4260
18000,P2,BASE,105.00,105.02,186,F,74184,28.4258
18010,P2,BASE,104.85,102.52,189,F,74225,28.4491
18020,P2,BASE,104.70,102.47,189,F,74266,28.4714
18030,P2,BASE,104.55,105.02,186,F,74308,28.4667
18040,P2,BASE,104.40,102.51,189,F,74349,28.4856
18050,P2,BASE,104.25,105.00,186,F,74391,28.4781
18060,P2,BASE,104.10,102.50,188,F,74432,28.4941
18070,P2,BASE,103.95,105.00,186,F,74474,28.4836
18080,P2,BASE,103.80,102.47,188,F,74515,28.4969
18090,P2,BASE,103.65,102.51,188,F,74556,28.5083
18100,P2,BASE,103.50,104.99,185,F,74598,28.4934
18110,P2,BASE,103.35,105.00,185,F,74640,28.4769
18120,P2,BASE,103.20,105.03,185,F,74682,28.4586
18130,P2,BASE,103.05,105.00,184,F,74724,28.4391
18140,P2,BASE,102.90,102.48,187,F,74765,28.4433
18150,P2,BASE,102.75,102.51,187,F,74806,28.4457
18160,P2,BASE,102.60,100.00,189,F,74846,28.4717
18170,P2,BASE,102.45,100.00,189,F,74886,28.4962
18180,P2,BASE,102.30,100.01,189,F,74926,28.5191
18190,P2,BASE,102.15,102.47,186,F,74967,28.5159
18200,P2,BASE,102.00,105.00,184,F,75009,28.4859
18210,P2,BASE,101.85,105.03,183,F,75051,28.4541
18220,P2,BASE,101.70,99.99,188,F,75091,28.4712
18230,P2,BASE,101.55,105.00,183,F,75133,28.4367
18240,P2,BASE,101.40,105.01,182,F,75175,28.4006
18250,P2,BASE,101.25,105.00,182,F,75217,28.3631
18260,P2,BASE,101.10,104.97,182,F,75259,28.3244
18270,P2,BASE,100.95,105.01,181,F,75301,28.2838
18280,P2,BASE,100.80,102.48,183,F,75342,28.2670
18290,P2,BASE,100.65,102.53,183,F,75383,28.2482
18300,P2,BASE,100.50,100.01,186,F,75423,28.2531
18310,P2,BASE,100.35,99.98,185,F,75463,28.2568
18320,P2,BASE,100.20,100.01,185,F,75503,28.2587
18330,P2,BASE,100.05,100.00,185,F,75543,28.2592
18340,P2,BASE,99.90,102.50,182,F,75584,28.2332
18350,P2,BASE,99.75,102.51,182,F,75625,28.2056
18360,P2,BASE,99.60,112.48,171,F,75670,28.0768
18370,P2,BASE,99.45,104.99,178,F,75712,28.0214
18380,P2,BASE,99.30,97.51,185,F,75751,28.0393
18390,P2,BASE,99.15,97.48,185,F,75790,28.0560
18400,P2,BASE,99.00,90.02,193,F,75826,28.1459
18410,P2,BASE,98.85,104.99,178,F,75868,28.0845
18420,P2,BASE,98.70,102.49,180,F,75909,28.0466
18430,P2,BASE,98.55,102.54,179,F,75950,28.0067
18440,P2,BASE,98.40,102.48,179,F,75991,27.9659
18450,P2,BASE,98.25,102.50,179,F,76032,27.9234
18460,P2,BASE,98.10,100.02,181,F,76072,27.9042
18470,P2,BASE,97.95,102.50,178,F,76113,27.8587
18480,P2,BASE,97.80,102.45,177,F,76154,27.8122
18490,P2,BASE,97.65,97.55,182,F,76193,27.8132
18500,P2,BASE,97.50,99.96,180,F,76233,27.7886
18510,P2,BASE,97.35,97.50,182,F,76272,27.7871
18520,P2,BASE,97.20,97.51,182,F,76311,27.7840
18530,P2,BASE,97.05,99.94,179,F,76351,27.7551
18540,P2,BASE,96.90,97.56,181,F,76390,27.7485
18550,P2,BASE,96.75,97.51,181,F,76429,27.7409
18560,P2,BASE,96.60,100.00,178,F,76469,27.7069
18570,P2,BASE,96.45,97.48,180,F,76508,27.6966
18580,P2,BASE,96.30,97.52,180,F,76547,27.6844
18590,P2,BASE,96.15,97.49,180,F,76586,27.6710
18600,P2,BASE,96.00,92.53,185,F,76623,27.7057
18610,P2,BASE,95.85,92.48,185,F,76660,27.7394
18620,P2,BASE,95.70,94.98,182,F,76698,27.7466
18630,P2,BASE,95.55,95.02,182,F,76736,27.7519
18640,P2,BASE,95.40,95.02,182,F,76774,27.7557
18650,P2,BASE,95.25,92.50,185,F,76811,27.7832
18660,P2,BASE,95.10,95.00,182,F,76849,27.7842
18670,P2,BASE,94.95,94.97,182,F,76887,27.7840
18680,P2,BASE,94.80,92.52,184,F,76924,27.8068
18690,P2,BASE,94.65,95.01,182,F,76962,27.8032
18700,P2,BASE,94.50,95.00,182,F,77000,27.7982
18710,P2,BASE,94.35,94.98,181,F,77038,27.7919
18720,P2,BASE,94.20,97.48,178,F,77077,27.7591
18730,P2,BASE,94.05,97.51,178,F,77116,27.7245
18740,P2,BASE,93.90,92.51,183,F,77153,27.7384
18750,P2,BASE,93.75,92.49,183,F,77190,27.7510
18760,P2,BASE,93.60,92.53,183,F,77227,27.7617
18770,P2,BASE,93.45,92.50,183,F,77264,27.7712
18780,P2,BASE,93.30,89.97,185,F,77300,27.8045
18790,P2,BASE,93.15,95.01,180,F,77338,27.7859
18800,P2,BASE,93.00,92.49,183,F,77375,27.7910
18810,P2,BASE,92.85,92.50,182,F,77412,27.7945
18820,P2,BASE,92.70,97.44,177,F,77451,27.7471
18830,P2,BASE,92.55,92.55,182,F,77488,27.7471
18840,P2,BASE,92.40,92.52,182,F,77525,27.7459
18850,P2,BASE,92.25,94.99,179,F,77563,27.7185
18860,P2,BASE,92.10,95.02,178,F,77601,27.6893
18870,P2,BASE,91.95,97.51,175,F,77640,27.6338
18880,P2,BASE,91.80,94.99,178,F,77678,27.6018
18890,P2,BASE,91.65,95.00,177,F,77716,27.5683
18900,P2,BASE,91.50,92.47,180,F,77753,27.5586
18910,P2,BASE,91.35,92.53,179,F,77790,27.5468
18920,P2,BASE,91.20,92.51,179,F,77827,27.5338
18930,P2,BASE,91.05,90.00,181,F,77863,27.5443
18940,P2,BASE,90.90,92.47,179,F,77900,27.5285
18950,P2,BASE,90.75,90.02,181,F,77936,27.5359
18960,P2,BASE,90.60,92.50,178,F,77973,27.5169
18970,P2,BASE,90.45,92.48,178,F,78010,27.4965
18980,P2,BASE,90.30,95.01,175,F,78048,27.4494
18990,P2,BASE,90.15,104.99,164,F,78090,27.3010
19000,P2,BASE,90.00,92.49,176,F,78127,27.2761
19010,P2,BASE,89.85,90.00,178,F,78163,27.2746
19020,P2,BASE,89.70,85.01,184,F,78197,27.3216
19030,P2,BASE,89.55,85.02,184,F,78231,27.3669
19040,P2,BASE,89.40,92.47,176,F,78268,27.3362
19050,P2,BASE,89.25,95.00,173,F,78306,27.2787
19060,P2,BASE,89.10,92.52,175,F,78343,27.2445
19070,P2,BASE,88.95,95.02,172,F,78381,27.1838
19080,P2,BASE,88.80,92.49,174,F,78418,27.1469
19090,P2,BASE,88.65,92.50,174,F,78455,27.1084
19100,P2,BASE,88.50,94.98,171,F,78493,27.0436
19110,P2,BASE,88.35,90.02,175,F,78529,27.0269
19120,P2,BASE,88.20,92.51,172,F,78566,26.9838
19130,P2,BASE,88.05,92.48,172,F,78603,26.9395
19140,P2,BASE,87.90,90.00,174,F,78639,26.9185
19150,P2,BASE,87.75,92.44,171,F,78676,26.8715
19160,P2,BASE,87.60,87.57,176,F,78711,26.8718
19170,P2,BASE,87.45,90.00,173,F,78747,26.8463
19180,P2,BASE,87.30,92.48,170,F,78784,26.7945
19190,P2,BASE,87.15,87.52,175,F,78819,26.7908
19200,P2,BASE,87.00,92.46,170,F,78856,26.7362
19210,P2,BASE,86.85,90.00,172,F,78892,26.7047
19220,P2,BASE,86.70,87.50,174,F,78927,26.6967
19230,P2,BASE,86.55,90.03,171,F,78963,26.6619
19240,P2,BASE,86.40,87.47,173,F,78998,26.6512
19250,P2,BASE,86.25,85.00,176,F,79032,26.6637
19260,P2,BASE,86.10,85.02,176,F,79066,26.6745
19270,P2,BASE,85.95,84.98,176,F,79100,26.6842
19280,P2,BASE,85.80,85.00,176,F,79134,26.6922
19290,P2,BASE,85.65,87.52,173,F,79169,26.6735
19300,P2,BASE,85.50,84.99,175,F,79203,26.6786
19310,P2,BASE,85.35,82.49,178,F,79236,26.7072
19320,P2,BASE,85.20,87.52,172,F,79271,26.6840
19330,P2,BASE,85.05,82.49,178,F,79304,26.7096
19340,P2,BASE,84.90,85.02,175,F,79338,26.7084
19350,P2,BASE,84.75,85.01,175,F,79372,26.7059
19360,P2,BASE,84.60,84.97,174,F,79406,26.7021
19370,P2,BASE,84.45,85.02,174,F,79440,26.6964
19380,P2,BASE,84.30,87.47,171,F,79475,26.6647
19390,P2,BASE,84.15,87.51,171,F,79510,26.6311
19400,P2,BASE,84.00,82.52,176,F,79543,26.6459
19410,P2,BASE,83.85,84.98,173,F,79577,26.6346
19420,P2,BASE,83.70,82.52,176,F,79610,26.6465
19430,P2,BASE,83.55,82.49,176,F,79643,26.6570
19440,P2,BASE,83.40,82.48,176,F,79676,26.6662
19450,P2,BASE,83.25,80.01,178,F,79708,26.6986
19460,P2,BASE,83.10,82.49,176,F,79741,26.7047
19470,P2,BASE,82.95,85.03,173,F,79775,26.6839
19480,P2,BASE,82.80,82.50,175,F,79808,26.6869
19490,P2,BASE,82.65,82.47,175,F,79841,26.6887
19500,P2,BASE,82.50,82.52,175,F,79874,26.6885
19510,P2,BASE,82.35,82.50,175,F,79907,26.6870
19520,P2,BASE,82.20,85.01,172,F,79941,26.6589
19530,P2,BASE,82.05,84.99,171,F,79975,26.6295
19540,P2,BASE,81.90,82.51,174,F,80008,26.6234
19550,P2,BASE,81.75,84.97,171,F,80042,26.5912
19560,P2,BASE,81.60,82.52,173,F,80075,26.5820
19570,P2,BASE,81.45,84.99,170,F,80109,26.5466
19580,P2,BASE,81.30,82.52,173,F,80142,26.5345
19590,P2,BASE,81.15,82.51,172,F,80175,26.5209
19600,P2,BASE,81.00,79.98,175,F,80207,26.5310
19610,P2,BASE,80.85,79.99,175,F,80239,26.5396
19620,P2,BASE,80.70,82.51,172,F,80272,26.5215
19630,P2,BASE,80.55,80.00,174,F,80304,26.5270
19640,P2,BASE,80.40,82.51,171,F,80337,26.5059
19650,P2,BASE,80.25,82.50,171,F,80370,26.4834
19660,P2,BASE,80.10,82.48,171,F,80403,26.4597
19670,P2,BASE,79.95,80.00,173,F,80435,26.4592
19680,P2,BASE,79.80,97.51,154,F,80474,26.2821
19690,P2,BASE,79.65,82.52,169,F,80507,26.2534
19700,P2,BASE,79.50,82.48,169,F,80540,26.2235
19710,P2,BASE,79.35,77.50,174,F,80571,26.2420
19720,P2,BASE,79.20,74.99,176,F,80601,26.2842
19730,P2,BASE,79.05,77.52,174,F,80632,26.2994
19740,P2,BASE,78.90,85.01,166,F,80666,26.2383
19750,P2,BASE,78.75,84.98,165,F,80700,26.1760
19760,P2,BASE,78.60,82.49,167,F,80733,26.1371
19770,P2,BASE,78.45,85.00,164,F,80767,26.0716
19780,P2,BASE,78.30,82.49,166,F,80800,26.0297
19790,P2,BASE,78.15,82.51,166,F,80833,25.9861
19800,P2,BASE,78.00,82.52,165,F,80866,25.9409
19810,P2,BASE,77.85,85.00,162,F,80900,25.8694
19820,P2,BASE,77.70,82.49,164,F,80933,25.8214
19830,P2,BASE,77.55,82.50,164,F,80966,25.7719
19840,P2,BASE,77.40,82.48,163,F,80999,25.7211
19850,P2,BASE,77.25,79.99,165,F,81031,25.6937
19860,P2,BASE,77.10,82.52,162,F,81064,25.6395
19870,P2,BASE,76.95,80.00,165,F,81096,25.6090
19880,P2,BASE,76.80,82.49,162,F,81129,25.5521
19890,P2,BASE,76.65,80.01,164,F,81161,25.5185
19900,P2,BASE,76.50,82.50,161,F,81194,25.4585
19910,P2,BASE,76.35,82.50,160,F,81227,25.3970
19920,P2,BASE,76.20,82.51,159,F,81260,25.3339
19930,P2,BASE,76.05,80.00,162,F,81292,25.2944
19940,P2,BASE,75.90,80.01,161,F,81324,25.2534
19950,P2,BASE,75.75,79.97,161,F,81356,25.2112
19960,P2,BASE,75.60,80.03,160,F,81388,25.1669
19970,P2,BASE,75.45,77.50,163,F,81419,25.1464
19980,P2,BASE,75.30,77.48,162,F,81450,25.1246
19990,P2,BASE,75.15,77.52,162,F,81481,25.1009
20000,P2,BASE,75.00,77.50,162,F,81512,25.0759
20010,P2,BASE,74.85,77.50,161,F,81543,25.0494
20020,P2,BASE,74.70,77.48,161,F,81574,25.0215
20030,P2,BASE,74.55,77.49,161,F,81605,24.9921
20040,P2,BASE,74.40,75.01,163,F,81635,24.9859
20050,P2,BASE,74.25,79.98,157,F,81667,24.9286
20060,P2,BASE,74.10,75.01,162,F,81697,24.9195
20070,P2,BASE,73.95,77.52,159,F,81728,24.8839
20080,P2,BASE,73.80,77.48,159,F,81759,24.8470
20090,P2,BASE,73.65,77.51,159,F,81790,24.8084
20100,P2,BASE,73.50,75.00,161,F,81820,24.7934
20110,P2,BASE,73.35,79.98,155,F,81852,24.7271
20120,P2,BASE,73.20,77.49,157,F,81883,24.6842
20130,P2,BASE,73.05,77.52,157,F,81914,24.6394
20140,P2,BASE,72.90,75.00,159,F,81944,24.6184
20150,P2,BASE,72.75,77.51,156,F,81975,24.5709
20160,P2,BASE,72.60,75.00,158,F,82005,24.5469
20170,P2,BASE,72.45,72.49,161,F,82034,24.5465
20180,P2,BASE,72.30,72.50,160,F,82063,24.5445
20190,P2,BASE,72.15,74.99,158,F,82093,24.5161
20200,P2,BASE,72.00,72.51,160,F,82122,24.5109
20210,P2,BASE,71.85,72.49,160,F,82151,24.5046
20220,P2,BASE,71.70,75.01,157,F,82181,24.4715
20230,P2,BASE,71.55,75.00,156,F,82211,24.4370
20240,P2,BASE,71.40,72.49,159,F,82240,24.4262
20250,P2,BASE,71.25,75.00,156,F,82270,24.3887
20260,P2,BASE,71.10,72.52,158,F,82299,24.3744
20270,P2,BASE,70.95,72.48,158,F,82328,24.3592
20280,P2,BASE,70.80,75.01,155,F,82358,24.3170
20290,P2,BASE,70.65,75.01,154,F,82388,24.2734
20300,P2,BASE,70.50,69.99,159,F,82416,24.2785
20310,P2,BASE,70.35,75.01,154,F,82446,24.2319
20320,P2,BASE,70.20,74.99,153,F,82476,24.1841
20330,P2,BASE,70.05,72.50,156,F,82505,24.1596
20340,P2,BASE,69.90,70.01,158,F,82533,24.1585
20350,P2,BASE,69.75,74.99,152,F,82563,24.1061
20360,P2,BASE,69.60,70.01,157,F,82591,24.1020
20370,P2,BASE,69.45,69.99,157,F,82619,24.0966
20380,P2,BASE,69.30,70.00,157,F,82647,24.0896
20390,P2,BASE,69.15,70.01,157,F,82675,24.0809
20400,P2,BASE,69.00,70.01,157,F,82703,24.0709
20410,P2,BASE,68.85,69.98,156,F,82731,24.0596
20420,P2,BASE,68.70,72.50,153,F,82760,24.0216
20430,P2,BASE,68.55,72.51,153,F,82789,23.9819
20440,P2,BASE,68.40,70.00,155,F,82817,23.9659
20450,P2,BASE,68.25,72.49,152,F,82846,23.9235
20460,P2,BASE,68.10,85.01,138,F,82880,23.7544
20470,P2,BASE,67.95,70.01,153,F,82908,23.7339
20480,P2,BASE,67.80,69.99,153,F,82936,23.7120
20490,P2,BASE,67.65,67.49,155,F,82963,23.7136
20500,P2,BASE,67.50,62.50,161,F,82988,23.7636
20510,P2,BASE,67.35,67.51,155,F,83015,23.7620
20520,P2,BASE,67.20,72.51,150,F,83044,23.7088
20530,P2,BASE,67.05,69.98,152,F,83072,23.6796
20540,P2,BASE,66.90,72.51,149,F,83101,23.6234
20550,P2,BASE,66.75,72.51,148,F,83130,23.5658
20560,P2,BASE,66.60,72.49,148,F,83159,23.5070
20570,P2,BASE,66.45,70.01,150,F,83187,23.4714
20580,P2,BASE,66.30,69.98,150,F,83215,23.4346
20590,P2,BASE,66.15,70.01,149,F,83243,23.3960
20600,P2,BASE,66.00,70.01,149,F,83271,23.3558
20610,P2,BASE,65.85,72.49,146,F,83300,23.2894
20620,P2,BASE,65.70,67.49,151,F,83327,23.2715
20630,P2,BASE,65.55,70.01,148,F,83355,23.2268
20640,P2,BASE,65.40,69.99,147,F,83383,23.1809
20650,P2,BASE,65.25,67.49,149,F,83410,23.1585
20660,P2,BASE,65.10,67.49,149,F,83437,23.1346
20670,P2,BASE,64.95,67.53,149,F,83464,23.1088
20680,P2,BASE,64.80,67.47,148,F,83491,23.0821
20690,P2,BASE,64.65,65.03,151,F,83517,23.0784
20700,P2,BASE,64.50,67.49,148,F,83544,23.0484
20710,P2,BASE,64.35,67.51,147,F,83571,23.0169
20720,P2,BASE,64.20,67.50,147,F,83598,22.9839
20730,P2,BASE,64.05,64.98,149,F,83624,22.9746
20740,P2,BASE,63.90,67.51,146,F,83651,22.9385
20750,P2,BASE,63.75,65.01,149,F,83677,22.9259
20760,P2,BASE,63.60,67.49,146,F,83704,22.8870
20770,P2,BASE,63.45,62.51,151,F,83729,22.8964
20780,P2,BASE,63.30,64.99,148,F,83755,22.8796
20790,P2,BASE,63.15,64.99,148,F,83781,22.8611
20800,P2,BASE,63.00,62.51,150,F,83806,22.8660
20810,P2,BASE,62.85,64.99,147,F,83832,22.8446
20820,P2,BASE,62.70,60.01,152,F,83856,22.8714
20830,P2,BASE,62.55,62.51,150,F,83881,22.8719
20840,P2,BASE,62.40,62.48,150,F,83906,22.8711
20850,P2,BASE,62.25,62.51,149,F,83931,22.8686
20860,P2,BASE,62.10,65.01,147,F,83957,22.8395
20870,P2,BASE,61.95,62.49,149,F,83982,22.8341
20880,P2,BASE,61.80,62.49,149,F,84007,22.8271
20890,P2,BASE,61.65,60.02,151,F,84031,22.8434
20900,P2,BASE,61.50,62.49,148,F,84056,22.8336
20910,P2,BASE,61.35,65.01,145,F,84082,22.7969
20920,P2,BASE,61.20,60.01,151,F,84106,22.8089
20930,P2,BASE,61.05,62.48,148,F,84131,22.7946
20940,P2,BASE,60.90,62.52,147,F,84156,22.7784
20950,P2,BASE,60.75,62.49,147,F,84181,22.7610
20960,P2,BASE,60.60,62.50,147,F,84206,22.7420
20970,P2,BASE,60.45,62.51,147,F,84231,22.7214
20980,P2,BASE,60.30,64.99,144,F,84257,22.6746
20990,P2,BASE,60.15,62.52,146,F,84282,22.6509
21000,P2,BASE,60.00,62.48,146,F,84307,22.6261
21010,P2,BASE,59.85,59.99,148,F,84331,22.6246
21020,P2,BASE,59.70,65.01,142,F,84357,22.5716
21030,P2,BASE,59.55,60.01,147,F,84381,22.5670
21040,P2,BASE,59.40,59.99,147,F,84405,22.5611
21050,P2,BASE,59.25,60.02,147,F,84429,22.5535
21060,P2,BASE,59.10,59.99,147,F,84453,22.5446
21070,P2,BASE,58.95,60.00,146,F,84477,22.5341
21080,P2,BASE,58.80,57.52,149,F,84500,22.5469
21090,P2,BASE,58.65,59.99,146,F,84524,22.5335
21100,P2,BASE,58.50,59.99,146,F,84548,22.5186
21110,P2,BASE,58.35,60.01,146,F,84572,22.5020
21120,P2,BASE,58.20,60.00,145,F,84596,22.4840
21130,P2,BASE,58.05,57.49,148,F,84619,22.4895
21140,P2,BASE,57.90,60.01,145,F,84643,22.4684
21150,P2,BASE,57.75,59.98,145,F,84667,22.4461
21160,P2,BASE,57.60,57.52,147,F,84690,22.4469
21170,P2,BASE,57.45,57.50,147,F,84713,22.4464
21180,P2,BASE,57.30,59.98,144,F,84737,22.4196
21190,P2,BASE,57.15,57.51,146,F,84760,22.4160
21200,P2,BASE,57.00,59.99,143,F,84784,22.3861
21210,P2,BASE,56.85,57.51,146,F,84807,22.3795
21220,P2,BASE,56.70,57.51,146,F,84830,22.3714
21230,P2,BASE,56.55,57.49,145,F,84853,22.3620
21240,P2,BASE,56.40,59.99,142,F,84877,22.3261
21250,P2,BASE,56.25,57.49,145,F,84900,22.3137
21260,P2,BASE,56.10,55.01,147,F,84922,22.3245
21270,P2,BASE,55.95,57.49,144,F,84945,22.3091
21280,P2,BASE,55.80,55.01,147,F,84967,22.3170
21290,P2,BASE,55.65,57.50,144,F,84990,22.2985
21300,P2,BASE,55.50,54.99,147,F,85012,22.3037
21310,P2,BASE,55.35,55.02,146,F,85034,22.3070
21320,P2,BASE,55.20,54.99,146,F,85056,22.3090
21330,P2,BASE,55.05,57.51,143,F,85079,22.2845
21340,P2,BASE,54.90,54.99,146,F,85101,22.2835
21350,P2,BASE,54.75,55.00,146,F,85123,22.2810
21360,P2,BASE,54.60,57.50,143,F,85146,22.2520
21370,P2,BASE,54.45,55.00,145,F,85168,22.2465
21380,P2,BASE,54.30,57.51,142,F,85191,22.2144
21390,P2,BASE,54.15,57.49,142,F,85214,22.1810
21400,P2,BASE,54.00,54.99,144,F,85236,22.1711
21410,P2,BASE,53.85,70.02,128,F,85264,22.0094
21420,P2,BASE,53.70,62.49,135,F,85289,21.9215
21430,P2,BASE,53.55,55.00,142,F,85311,21.9070
21440,P2,BASE,53.40,55.01,142,F,85333,21.8909
21450,P2,BASE,53.25,54.98,141,F,85355,21.8736
21460,P2,BASE,53.10,52.51,144,F,85376,21.8795
21470,P2,BASE,52.95,47.50,149,F,85395,21.9341
21480,P2,BASE,52.80,57.49,138,F,85418,21.8871
21490,P2,BASE,52.65,57.52,138,F,85441,21.8385
21500,P2,BASE,52.50,54.99,140,F,85463,21.8135
21510,P2,BASE,52.35,57.49,137,F,85486,21.7621
21520,P2,BASE,52.20,57.49,137,F,85509,21.7091
21530,P2,BASE,52.05,55.01,139,F,85531,21.6795
21540,P2,BASE,51.90,60.00,133,F,85555,21.5985
21550,P2,BASE,51.75,57.49,135,F,85578,21.5411
21560,P2,BASE,51.60,52.51,140,F,85599,21.5321
21570,P2,BASE,51.45,57.49,134,F,85622,21.4716
21580,P2,BASE,51.30,52.52,139,F,85643,21.4594
21590,P2,BASE,51.15,57.48,134,F,85666,21.3962
21600,P2,BASE,51.00,55.02,136,F,85688,21.3559
21610,P2,BASE,50.85,54.98,135,F,85710,21.3146
21620,P2,BASE,50.70,52.52,138,F,85731,21.2964
21630,P2,BASE,50.55,55.00,135,F,85753,21.2519
21640,P2,BASE,50.40,52.49,137,F,85774,21.2310
21650,P2,BASE,50.25,52.49,137,F,85795,21.2086
21660,P2,BASE,50.10,52.52,136,F,85816,21.1844
21670,P2,BASE,49.95,52.50,136,F,85837,21.1589
21680,P2,BASE,49.80,50.00,138,F,85857,21.1569
21690,P2,BASE,49.65,52.49,135,F,85878,21.1285
21700,P2,BASE,49.50,49.99,138,F,85898,21.1236
21710,P2,BASE,49.35,50.02,138,F,85918,21.1169
21720,P2,BASE,49.20,52.49,135,F,85939,21.0840
21730,P2,BASE,49.05,50.01,137,F,85959,21.0744
21740,P2,BASE,48.90,49.99,137,F,85979,21.0635
21750,P2,BASE,48.75,52.49,134,F,86000,21.0261
21760,P2,BASE,48.60,47.50,139,F,86019,21.0371
21770,P2,BASE,48.45,50.01,136,F,86039,21.0215
21780,P2,BASE,48.30,50.01,136,F,86059,21.0045
21790,P2,BASE,48.15,49.99,135,F,86079,20.9861
21800,P2,BASE,48.00,47.50,138,F,86098,20.9911
21810,P2,BASE,47.85,47.50,138,F,86117,20.9946
21820,P2,BASE,47.70,47.51,138,F,86136,20.9965
21830,P2,BASE,47.55,47.50,137,F,86155,20.9970
21840,P2,BASE,47.40,49.99,135,F,86175,20.9711
21850,P2,BASE,47.25,45.00,140,F,86193,20.9936
21860,P2,BASE,47.10,47.51,137,F,86212,20.9895
21870,P2,BASE,46.95,44.99,139,F,86230,21.0091
21880,P2,BASE,46.80,45.01,139,F,86248,21.0270
21890,P2,BASE,46.65,47.50,137,F,86267,21.0185
21900,P2,BASE,46.50,47.50,136,F,86286,21.0085
21910,P2,BASE,46.35,47.50,136,F,86305,20.9970
21920,P2,BASE,46.20,45.00,139,F,86323,21.0091
21930,P2,BASE,46.05,47.50,136,F,86342,20.9945
21940,P2,BASE,45.90,47.50,136,F,86361,20.9785
21950,P2,BASE,45.75,45.00,138,F,86379,20.9860
21960,P2,BASE,45.60,47.50,135,F,86398,20.9670
21970,P2,BASE,45.45,47.49,135,F,86417,20.9466
21980,P2,BASE,45.30,45.00,137,F,86435,20.9496
21990,P2,BASE,45.15,45.00,137,F,86453,20.9511
22000,P2,BASE,45.00,47.50,134,F,86472,20.9261
22010,P2,BASE,44.85,47.50,134,F,86491,20.8996
22020,P2,BASE,44.70,45.00,136,F,86509,20.8966
22030,P2,BASE,44.55,47.51,134,F,86528,20.8670
22040,P2,BASE,44.40,45.00,136,F,86546,20.8610
22050,P2,BASE,44.25,47.50,133,F,86565,20.8285
22060,P2,BASE,44.10,45.00,135,F,86583,20.8196
22070,P2,BASE,43.95,47.50,132,F,86602,20.7841
22080,P2,BASE,43.80,45.00,135,F,86620,20.7721
22090,P2,BASE,43.65,47.51,132,F,86639,20.7335
22100,P2,BASE,43.50,47.50,131,F,86658,20.6935
22110,P2,BASE,43.35,47.50,131,F,86677,20.6520
22120,P2,BASE,43.20,45.00,133,F,86695,20.6340
22130,P2,BASE,43.05,47.50,130,F,86714,20.5895
22140,P2,BASE,42.90,42.48,135,F,86731,20.5936
22150,P2,BASE,42.75,47.51,130,F,86750,20.5460
22160,P2,BASE,42.60,45.00,132,F,86768,20.5220
22170,P2,BASE,42.45,45.00,132,F,86786,20.4966
22180,P2,BASE,42.30,42.50,134,F,86803,20.4946
22190,P2,BASE,42.15,45.00,131,F,86821,20.4661
22200,P2,BASE,42.00,42.51,133,F,86838,20.4610
22210,P2,BASE,41.85,42.49,133,F,86855,20.4546
22220,P2,BASE,41.70,42.51,133,F,86872,20.4465
22230,P2,BASE,41.55,42.49,133,F,86889,20.4370
22240,P2,BASE,41.40,42.51,133,F,86906,20.4260
22250,P2,BASE,41.25,42.49,132,F,86923,20.4136
22260,P2,BASE,41.10,42.50,132,F,86940,20.3996
22270,P2,BASE,40.95,40.01,134,F,86956,20.4090
22280,P2,BASE,40.80,42.49,132,F,86973,20.3921
22290,P2,BASE,40.65,42.50,131,F,86990,20.3736
22300,P2,BASE,40.50,42.48,131,F,87007,20.3538
22310,P2,BASE,40.35,37.53,136,F,87022,20.3820
22320,P2,BASE,40.20,42.49,131,F,87039,20.3591
22330,P2,BASE,40.05,40.00,133,F,87055,20.3596
22340,P2,BASE,39.90,40.00,133,F,87071,20.3586
22350,P2,BASE,39.75,40.00,133,F,87087,20.3561
22360,P2,BASE,39.60,37.50,135,F,87102,20.3770
22370,P2,BASE,39.45,39.99,133,F,87118,20.3716
22380,P2,BASE,39.30,40.00,133,F,87134,20.3646
22390,P2,BASE,39.15,37.50,135,F,87149,20.3811
22400,P2,BASE,39.00,40.01,132,F,87165,20.3710
22410,P2,BASE,38.85,40.00,132,F,87181,20.3595
22420,P2,BASE,38.70,37.50,135,F,87196,20.3716
22430,P2,BASE,38.55,40.00,132,F,87212,20.3571
22440,P2,BASE,38.40,37.51,134,F,87227,20.3660
22450,P2,BASE,38.25,39.99,131,F,87243,20.3486
22460,P2,BASE,38.10,37.50,134,F,87258,20.3546
22470,P2,BASE,37.95,40.00,131,F,87274,20.3341
22480,P2,BASE,37.80,37.51,133,F,87289,20.3370
22490,P2,BASE,37.65,37.50,133,F,87304,20.3386
22500,P2,BASE,37.50,37.50,133,F,87319,20.3385
22510,P2,BASE,37.35,37.50,133,F,87334,20.3370
22520,P2,BASE,37.20,37.50,133,F,87349,20.3340
22530,P2,BASE,37.05,37.50,133,F,87364,20.3295
22540,P2,BASE,36.90,37.50,132,F,87379,20.3236
22550,P2,BASE,36.75,37.50,132,F,87394,20.3161
22560,P2,BASE,36.60,37.50,132,F,87409,20.3071
22570,P2,BASE,36.45,37.50,132,F,87424,20.2966
22580,P2,BASE,36.30,37.50,131,F,87439,20.2846
22590,P2,BASE,36.15,37.50,131,F,87454,20.2711
22600,P2,BASE,36.00,37.51,131,F,87469,20.2560
22610,P2,BASE,35.85,37.50,131,F,87484,20.2396
22620,P2,BASE,35.70,37.49,130,F,87499,20.2217
22630,P2,BASE,35.55,37.52,130,F,87514,20.2020
22640,P2,BASE,35.40,39.98,127,F,87530,20.1562
22650,P2,BASE,35.25,40.02,127,F,87546,20.1085
22660,P2,BASE,35.10,37.49,129,F,87561,20.0846
22670,P2,BASE,34.95,39.98,126,F,87577,20.0343
22680,P2,BASE,34.80,37.51,128,F,87592,20.0072
22690,P2,BASE,34.65,39.98,125,F,87608,19.9538
22700,P2,BASE,34.50,35.02,130,F,87622,19.9486
22710,P2,BASE,34.35,42.50,122,F,87639,19.8672
22720,P2,BASE,34.20,52.51,110,F,87660,19.6841
22730,P2,BASE,34.05,42.50,120,F,87677,19.5996
22740,P2,BASE,33.90,37.50,124,F,87692,19.5636
22750,P2,BASE,33.75,35.00,127,F,87706,19.5511
22760,P2,BASE,33.60,37.50,124,F,87721,19.5121
22770,P2,BASE,33.45,40.01,121,F,87737,19.4465
22780,P2,BASE,33.30,34.99,125,F,87751,19.4296
22790,P2,BASE,33.15,35.00,125,F,87765,19.4111
22800,P2,BASE,33.00,27.49,133,F,87776,19.4662
22810,P2,BASE,32.85,37.51,122,F,87791,19.4196
22820,P2,BASE,32.70,37.51,122,F,87806,19.3715
22830,P2,BASE,32.55,40.00,119,F,87822,19.2970
22840,P2,BASE,32.40,37.49,121,F,87837,19.2461
22850,P2,BASE,32.25,37.51,120,F,87852,19.1935
22860,P2,BASE,32.10,37.49,120,F,87867,19.1397
22870,P2,BASE,31.95,37.51,119,F,87882,19.0840
22880,P2,BASE,31.80,37.49,119,F,87897,19.0272
22890,P2,BASE,31.65,37.51,118,F,87912,18.9685
22900,P2,BASE,31.50,32.50,123,F,87925,18.9586
22910,P2,BASE,31.35,37.50,117,F,87940,18.8971
22920,P2,BASE,31.20,37.50,117,F,87955,18.8341
22930,P2,BASE,31.05,37.51,116,F,87970,18.7695
22940,P2,BASE,30.90,32.50,121,F,87983,18.7535
22950,P2,BASE,30.75,35.00,118,F,87997,18.7111
22960,P2,BASE,30.60,35.00,118,F,88011,18.6670
22970,P2,BASE,30.45,32.50,120,F,88024,18.6466
22980,P2,BASE,30.30,35.00,117,F,88038,18.5996
22990,P2,BASE,30.15,32.51,119,F,88051,18.5760
23000,P2,BASE,30.00,32.49,119,F,88064,18.5511
23010,P2,BASE,29.85,35.01,116,F,88078,18.4995
23020,P2,BASE,29.70,32.50,118,F,88091,18.4715
23030,P2,BASE,29.55,32.50,118,F,88104,18.4421
23040,P2,BASE,29.40,30.00,120,F,88116,18.4361
23050,P2,BASE,29.25,32.50,117,F,88129,18.4035
23060,P2,BASE,29.10,30.00,119,F,88141,18.3945
23070,P2,BASE,28.95,32.51,116,F,88154,18.3590
23080,P2,BASE,28.80,29.99,119,F,88166,18.3470
23090,P2,BASE,28.65,30.00,119,F,88178,18.3336
23100,P2,BASE,28.50,27.51,121,F,88189,18.3435
23110,P2,BASE,28.35,30.00,118,F,88201,18.3270
23120,P2,BASE,28.20,29.99,118,F,88213,18.3091
23130,P2,BASE,28.05,27.50,120,F,88224,18.3146
23140,P2,BASE,27.90,27.50,120,F,88235,18.3186
23150,P2,BASE,27.75,27.50,120,F,88246,18.3211
23160,P2,BASE,27.60,27.50,120,F,88257,18.3221
23170,P2,BASE,27.45,27.51,120,F,88268,18.3215
23180,P2,BASE,27.30,27.50,120,F,88279,18.3195
23190,P2,BASE,27.15,27.49,119,F,88290,18.3161
23200,P2,BASE,27.00,25.01,122,F,88300,18.3360
23210,P2,BASE,26.85,27.50,119,F,88311,18.3295
23220,P2,BASE,26.70,24.99,122,F,88321,18.3466
23230,P2,BASE,26.55,27.51,119,F,88332,18.3370
23240,P2,BASE,26.40,25.00,121,F,88342,18.3510
23250,P2,BASE,26.25,25.00,121,F,88352,18.3636
23260,P2,BASE,26.10,25.00,121,F,88362,18.3745
23270,P2,BASE,25.95,25.00,121,F,88372,18.3841
23280,P2,BASE,25.80,27.51,118,F,88383,18.3670
23290,P2,BASE,25.65,25.00,121,F,88393,18.3735
23300,P2,BASE,25.50,25.00,121,F,88403,18.3785
23310,P2,BASE,25.35,22.50,123,F,88412,18.4070
23320,P2,BASE,25.20,22.50,123,F,88421,18.4340
23330,P2,BASE,25.05,25.01,121,F,88431,18.4345
23340,P2,BASE,24.90,25.00,120,F,88441,18.4335
23350,P2,BASE,24.75,25.00,120,F,88451,18.4311
23360,P2,BASE,24.60,22.50,123,F,88460,18.4520
23370,P2,BASE,24.45,25.00,120,F,88470,18.4465
23380,P2,BASE,24.30,22.50,123,F,88479,18.4645
23390,P2,BASE,24.15,25.00,120,F,88489,18.4560
23400,P2,BASE,24.00,22.50,122,F,88498,18.4710
23410,P2,BASE,23.85,22.50,122,F,88507,18.4845
23420,P2,BASE,23.70,25.00,119,F,88517,18.4715
23430,P2,BASE,23.55,22.50,122,F,88526,18.4821
23440,P2,BASE,23.40,20.00,125,F,88534,18.5161
23450,P2,BASE,23.25,25.00,119,F,88544,18.4985
23460,P2,BASE,23.10,22.50,122,F,88553,18.5045
23470,P2,BASE,22.95,25.00,119,F,88563,18.4840
23480,P2,BASE,22.80,22.50,121,F,88572,18.4871
23490,P2,BASE,22.65,22.51,121,F,88581,18.4885
23500,P2,BASE,22.50,22.50,121,F,88590,18.4885
23510,P2,BASE,22.35,22.50,121,F,88599,18.4870
23520,P2,BASE,22.20,22.50,121,F,88608,18.4840
23530,P2,BASE,22.05,25.00,118,F,88618,18.4545
23540,P2,BASE,21.90,22.50,120,F,88627,18.4486
23550,P2,BASE,21.75,22.50,120,F,88636,18.4410
23560,P2,BASE,21.60,22.50,120,F,88645,18.4320
23570,P2,BASE,21.45,22.50,119,F,88654,18.4215
23580,P2,BASE,21.30,22.49,119,F,88663,18.4096
23590,P2,BASE,21.15,22.50,119,F,88672,18.3961
23600,P2,BASE,21.00,25.01,116,F,88682,18.3560
23610,P2,BASE,20.85,22.50,118,F,88691,18.3395
23620,P2,BASE,20.70,22.50,118,F,88700,18.3215
23630,P2,BASE,20.55,22.50,118,F,88709,18.3020
23640,P2,BASE,20.40,22.49,117,F,88718,18.2811
23650,P2,BASE,20.25,22.51,117,F,88727,18.2585
23660,P2,BASE,20.10,25.00,114,F,88737,18.2096
23670,P2,BASE,19.95,22.50,116,F,88746,18.1841
23680,P2,BASE,19.80,22.50,116,F,88755,18.1571
23690,P2,BASE,19.65,22.50,116,F,88764,18.1285
23700,P2,BASE,19.50,22.50,115,F,88773,18.0985
23710,P2,BASE,19.35,22.50,115,F,88782,18.0670
23720,P2,BASE,19.20,22.50,115,F,88791,18.0341
23730,P2,BASE,19.05,22.51,114,F,88800,17.9995
23740,P2,BASE,18.90,22.50,114,F,88809,17.9635
23750,P2,BASE,18.75,20.00,116,F,88817,17.9510
23760,P2,BASE,18.60,19.99,116,F,88825,17.9371
23770,P2,BASE,18.45,22.50,113,F,88834,17.8966
23780,P2,BASE,18.30,20.00,115,F,88842,17.8795
23790,P2,BASE,18.15,22.50,112,F,88851,17.8360
23800,P2,BASE,18.00,22.50,112,F,88860,17.7910
23810,P2,BASE,17.85,20.00,114,F,88868,17.7696
23820,P2,BASE,17.70,22.50,111,F,88877,17.7215
23830,P2,BASE,17.55,20.00,113,F,88885,17.6970
23840,P2,BASE,17.40,20.00,113,F,88893,17.6710
23850,P2,BASE,17.25,20.00,113,F,88901,17.6435
23860,P2,BASE,17.10,20.00,112,F,88909,17.6145
23870,P2,BASE,16.95,20.00,112,F,88917,17.5841
23880,P2,BASE,16.80,20.00,112,F,88925,17.5521
23890,P2,BASE,16.65,20.01,111,F,88933,17.5185
23900,P2,BASE,16.50,17.50,113,F,88940,17.5085
23910,P2,BASE,16.35,20.00,111,F,88948,17.4721
23920,P2,BASE,16.20,20.00,110,F,88956,17.4341
23930,P2,BASE,16.05,17.50,112,F,88963,17.4196
23940,P2,BASE,15.90,20.00,109,F,88971,17.3786
23950,P2,BASE,15.75,20.00,109,F,88979,17.3360
23960,P2,BASE,15.60,17.50,111,F,88986,17.3170
23970,P2,BASE,15.45,20.01,108,F,88994,17.2715
23980,P2,BASE,15.30,17.50,111,F,89001,17.2495
23990,P2,BASE,15.15,17.49,110,F,89008,17.2260
24000,P2,BASE,15.00,17.50,110,F,89015,17.2010
24010,P2,BASE,14.85,17.50,110,F,89022,17.1745
24020,P2,BASE,14.70,20.00,107,F,89030,17.1215
24030,P2,BASE,14.55,17.51,109,F,89037,17.0920
24040,P2,BASE,14.40,17.49,108,F,89044,17.0610
24050,P2,BASE,14.25,17.50,108,F,89051,17.0286
24060,P2,BASE,14.10,17.50,108,F,89058,16.9946
24070,P2,BASE,13.95,17.50,107,F,89065,16.9590
24080,P2,BASE,13.80,17.51,107,F,89072,16.9220
24090,P2,BASE,13.65,15.00,109,F,89078,16.9085
24100,P2,BASE,13.50,17.49,106,F,89085,16.8685
24110,P2,BASE,13.35,15.00,108,F,89091,16.8520
24120,P2,BASE,13.20,15.00,108,F,89097,16.8340
24130,P2,BASE,13.05,17.50,105,F,89104,16.7895
24140,P2,BASE,12.90,15.00,107,F,89110,16.7686
24150,P2,BASE,12.75,15.00,107,F,89116,16.7461
24160,P2,BASE,12.60,15.00,107,F,89122,16.7220
24170,P2,BASE,12.45,15.00,107,F,89128,16.6965
24180,P2,BASE,12.30,12.50,109,F,89133,16.6945
24190,P2,BASE,12.15,15.00,106,F,89139,16.6661
24200,P2,BASE,12.00,15.00,106,F,89145,16.6360
24210,P2,BASE,11.85,15.00,105,F,89151,16.6046
24220,P2,BASE,11.70,12.50,108,F,89156,16.5965
24230,P2,BASE,11.55,15.00,105,F,89162,16.5620
24240,P2,BASE,11.40,12.50,107,F,89167,16.5511
24250,P2,BASE,11.25,12.50,107,F,89172,16.5385
24260,P2,BASE,11.10,15.00,104,F,89178,16.4995
24270,P2,BASE,10.95,12.50,106,F,89183,16.4841
24280,P2,BASE,10.80,12.50,106,F,89188,16.4670
24290,P2,BASE,10.65,10.00,108,F,89192,16.4735
24300,P2,BASE,10.50,12.50,106,F,89197,16.4535
24310,P2,BASE,10.35,12.50,105,F,89202,16.4321
24320,P2,BASE,10.20,10.00,108,F,89206,16.4340
24330,P2,BASE,10.05,12.50,105,F,89211,16.4095
24340,P2,BASE,9.90,10.00,107,F,89215,16.4086
24350,P2,BASE,9.75,12.50,104,F,89220,16.3811
24360,P2,BASE,9.60,10.00,107,F,89224,16.3771
24370,P2,BASE,9.45,12.50,104,F,89229,16.3466
24380,P2,BASE,9.30,7.50,109,F,89232,16.3645
24390,P2,BASE,9.15,10.00,106,F,89236,16.3561
24400,P2,BASE,9.00,12.50,103,F,89241,16.3211
24410,P2,BASE,8.85,10.00,105,F,89245,16.3096
24420,P2,BASE,8.70,7.50,108,F,89248,16.3216
24430,P2,BASE,8.55,10.00,105,F,89252,16.3071
24440,P2,BASE,8.40,10.00,105,F,89256,16.2911
24450,P2,BASE,8.25,10.00,105,F,89260,16.2736
24460,P2,BASE,8.10,10.00,104,F,89264,16.2546
24470,P2,BASE,7.95,7.50,107,F,89267,16.2591
24480,P2,BASE,7.80,7.50,107,F,89270,16.2621
24490,P2,BASE,7.65,10.00,104,F,89274,16.2386
24500,P2,BASE,7.50,7.50,106,F,89277,16.2386
24510,P2,BASE,7.35,10.00,103,F,89281,16.2121
24520,P2,BASE,7.20,7.50,106,F,89284,16.2091
24530,P2,BASE,7.05,5.00,108,F,89286,16.2296
24540,P2,BASE,6.90,7.50,105,F,89289,16.2236
24550,P2,BASE,6.75,7.50,105,F,89292,16.2161
24560,P2,BASE,6.60,5.00,108,F,89294,16.2321
24570,P2,BASE,6.45,7.50,105,F,89297,16.2216
24580,P2,BASE,6.30,10.00,102,F,89301,16.1846
24590,P2,BASE,6.15,5.00,107,F,89303,16.1961
24600,P2,BASE,6.00,5.00,107,F,89305,16.2061
24610,P2,BASE,5.85,5.00,107,F,89307,16.2146
24620,P2,BASE,5.70,5.00,107,F,89309,16.2216
24630,P2,BASE,5.55,5.00,107,F,89311,16.2271
24640,P2,BASE,5.40,7.50,104,F,89314,16.2061
24650,P2,BASE,5.25,7.50,103,F,89317,16.1836
24660,P2,BASE,5.10,5.00,106,F,89319,16.1846
24670,P2,BASE,4.95,5.00,106,F,89321,16.1841
24680,P2,BASE,4.80,5.00,106,F,89323,16.1821
24690,P2,BASE,4.65,2.50,108,F,89324,16.2036
24700,P2,BASE,4.50,2.50,108,F,89325,16.2236
24710,P2,BASE,4.35,5.00,105,F,89327,16.2171
24720,P2,BASE,4.20,5.00,105,F,89329,16.2091
24730,P2,BASE,4.05,5.00,105,F,89331,16.1996
24740,P2,BASE,3.90,5.00,105,F,89333,16.1886
24750,P2,BASE,3.75,5.00,104,F,89335,16.1761
24760,P2,BASE,3.60,5.00,104,F,89337,16.1621
24770,P2,BASE,3.45,7.50,101,F,89340,16.1216
24780,P2,BASE,3.30,2.50,106,F,89341,16.1296
24790,P2,BASE,3.15,0.00,109,F,89341,16.1611
24800,P2,BASE,3.00,0.00,109,F,89341,16.1911
24810,P2,BASE,2.85,0.00,109,F,89341,16.2196
24820,P2,BASE,2.70,0.00,109,F,89341,16.2466
24830,P2,BASE,2.55,0.00,109,F,89341,16.2721
24840,P2,BASE,2.40,0.00,109,F,89341,16.2961
24850,P2,BASE,2.25,0.00,109,F,89341,16.3186
24860,P2,BASE,2.10,0.00,109,F,89341,16.3396
24870,P2,BASE,1.95,0.00,109,F,89341,16.3591
24880,P2,BASE,1.80,0.00,109,F,89341,16.3771
24890,P2,BASE,1.65,0.00,109,F,89341,16.3936
24900,P2,BASE,1.50,0.00,109,F,89341,16.4086
24910,P2,BASE,1.35,0.00,109,F,89341,16.4221
24920,P2,BASE,1.20,0.00,109,F,89341,16.4341
24930,P2,BASE,1.05,0.00,109,F,89341,16.4446
24940,P2,BASE,0.90,0.00,108,F,89341,16.4536
24950,P2,BASE,0.75,0.00,108,F,89341,16.4611
24960,P2,BASE,0.60,0.00,108,F,89341,16.4671
24970,P2,BASE,0.45,0.00,108,F,89341,16.4716
24980,P2,BASE,0.30,0.00,108,F,89341,16.4746
24990,P2,BASE,0.15,0.00,108,F,89341,16.4761
25000,P2,BASE,0.00,0.00,108,F,89341,16.4761
25010,P2,BASE,0.00,0.00,108,F,89341,16.4761
25020,P2,BASE,0.00,0.00,108,F,89341,16.4761
25030,P2,BASE,0.00,0.00,108,F,89341,16.4761
25040,P2,BASE,0.00,0.00,108,F,89341,16.4761
25050,P2,BASE,0.00,0.00,108,F,89341,16.4761
25060,P2,BASE,0.00,0.00,108,F,89341,16.4761
25070,P2,BASE,0.00,0.00,108,F,89341,16.4761
25080,P2,BASE,0.00,0.00,108,F,89341,16.4761
25090,P2,BASE,0.00,0.00,108,F,89341,16.4761
25100,P2,BASE,0.00,0.00,108,F,89341,16.4761
25110,P2,BASE,0.00,0.00,108,F,89341,16.4761
25120,P2,BASE,0.00,0.00,108,F,89341,16.4761
25130,P2,BASE,0.00,0.00,108,F,89341,16.4761
25140,P2,BASE,0.00,0.00,108,F,89341,16.4761
25150,P2,BASE,0.00,0.00,108,F,89341,16.4761
25160,P2,BASE,0.00,0.00,108,F,89341,16.4761
25170,P2,BASE,0.00,0.00,108,F,89341,16.4761
25180,P2,BASE,0.00,0.00,108,F,89341,16.4761
25190,P2,BASE,0.00,0.00,108,F,89341,16.4761
25200,P2,BASE,0.00,0.00,108,F,89341,16.4761
25210,P2,BASE,0.00,0.00,108,F,89341,16.4761
25220,P2,BASE,0.00,0.00,108,F,89341,16.4761
25230,P2,BASE,0.00,0.00,108,F,89341,16.4761
25240,P2,BASE,0.00,0.00,108,F,89341,16.4761
25250,P2,BASE,0.00,0.00,108,F,89341,16.4761
25260,P2,BASE,0.00,0.00,108,F,89341,16.4761
25270,P2,BASE,0.00,0.00,108,F,89341,16.4761
25280,P2,BASE,0.00,0.00,108,F,89341,16.4761
25290,P2,BASE,0.00,0.00,108,F,89341,16.4761
25300,P2,BASE,0.00,0.00,108,F,89341,16.4761
25310,P2,BASE,0.00,0.00,108,F,89341,16.4761
25320,P2,BASE,0.00,0.00,108,F,89341,16.4761
25330,P2,BASE,0.00,0.00,108,F,89341,16.4761
25340,P2,BASE,0.00,0.00,108,F,89341,16.4761
25350,P2,BASE,0.00,0.00,108,F,89341,16.4761
25360,P2,BASE,0.00,0.00,108,F,89341,16.4761
25370,P2,BASE,0.00,0.00,108,F,89341,16.4761
25380,P2,BASE,0.00,0.00,108,F,89341,16.4761
25390,P2,BASE,0.00,0.00,108,F,89341,16.4761
25400,P2,BASE,0.00,0.00,108,F,89341,16.4761
25410,P2,BASE,0.00,0.00,108,F,89341,16.4761
25420,P2,BASE,0.00,0.00,108,F,89341,16.4761
25430,P2,BASE,0.00,0.00,108,F,89341,16.4761
25440,P2,BASE,0.00,0.00,108,F,89341,16.4761
25450,P2,BASE,0.00,0.00,108,F,89341,16.4761
25460,P2,BASE,0.00,0.00,108,F,89341,16.4761
25470,P2,BASE,0.00,0.00,108,F,89341,16.4761
25480,P2,BASE,0.00,0.00,108,F,89341,16.4761
25490,P2,BASE,0.00,0.00,108,F,89341,16.4761
25500,P2,BASE,0.00,0.00,108,F,89341,16.4761
25510,P2,BASE,0.00,0.00,108,F,89341,16.4761
25520,P2,BASE,0.00,0.00,108,F,89341,16.4761
25530,P2,BASE,0.00,0.00,108,F,89341,16.4761
25540,P2,BASE,0.00,0.00,108,F,89341,16.4761
25550,P2,BASE,0.00,0.00,108,F,89341,16.4761
25560,P2,BASE,0.00,0.00,108,F,89341,16.4761
25570,P2,BASE,0.00,0.00,108,F,89341,16.4761
25580,P2,BASE,0.00,0.00,108,F,89341,16.4761
25590,P2,BASE,0.00,0.00,108,F,89341,16.4761
25600,P2,BASE,0.00,0.00,108,F,89341,16.4761
25610,P2,BASE,0.00,0.00,108,F,89341,16.4761
25620,P2,BASE,0.00,0.00,108,F,89341,16.4761
25630,P2,BASE,0.00,0.00,108,F,89341,16.4761
25640,P2,BASE,0.00,0.00,108,F,89341,16.4761
25650,P2,BASE,0.00,0.00,108,F,89341,16.4761
25660,P2,BASE,0.00,0.00,108,F,89341,16.4761
25670,P2,BASE,0.00,0.00,108,F,89341,16.4761
25680,P2,BASE,0.00,0.00,108,F,89341,16.4761
25690,P2,BASE,0.00,0.00,108,F,89341,16.4761
25700,P2,BASE,0.00,0.00,108,F,89341,16.4761
25710,P2,BASE,0.00,0.00,108,F,89341,16.4761
25720,P2,BASE,0.00,0.00,108,F,89341,16.4761
25730,P2,BASE,0.00,0.00,108,F,89341,16.4761
25740,P2,BASE,0.00,0.00,108,F,89341,16.4761
25750,P2,BASE,0.00,0.00,108,F,89341,16.4761
25760,P2,BASE,0.00,0.00,108,F,89341,16.4761
25770,P2,BASE,0.00,0.00,108,F,89341,16.4761
25780,P2,BASE,0.00,0.00,108,F,89341,16.4761
25790,P2,BASE,0.00,0.00,108,F,89341,16.4761
25800,P2,BASE,0.00,0.00,108,F,89341,16.4761
25810,P2,BASE,0.00,0.00,108,F,89341,16.4761
25820,P2,BASE,0.00,0.00,108,F,89341,16.4761
25830,P2,BASE,0.00,0.00,108,F,89341,16.4761
25840,P2,BASE,0.00,0.00,108,F,89341,16.4761
25850,P2,BASE,0.00,0.00,108,F,89341,16.4761
25860,P2,BASE,0.00,0.00,108,F,89341,16.4761
25870,P2,BASE,0.00,0.00,108,F,89341,16.4761
25880,P2,BASE,0.00,0.00,108,F,89341,16.4761
25890,P2,BASE,0.00,0.00,108,F,89341,16.4761
25900,P2,BASE,0.00,0.00,108,F,89341,16.4761
25910,P2,BASE,0.00,0.00,108,F,89341,16.4761
25920,P2,BASE,0.00,0.00,108,F,89341,16.4761
25930,P2,BASE,0.00,0.00,108,F,89341,16.4761
25940,P2,BASE,0.00,0.00,108,F,89341,16.4761
25950,P2,BASE,0.00,0.00,108,F,89341,16.4761
25960,P2,BASE,0.00,0.00,108,F,89341,16.4761
25970,P2,BASE,0.00,0.00,108,F,89341,16.4761
25980,P2,BASE,0.00,0.00,108,F,89341,16.4761
25990,P2,BASE,0.00,0.00,108,F,89341,16.4761
26000,P2,BASE,0.00,0.00,108,F,89341,16.4761
26010,P2,BASE,0.00,0.00,108,F,89341,16.4761
26020,P2,BASE,0.00,0.00,108,F,89341,16.4761
26030,P2,BASE,0.00,0.00,108,F,89341,16.4761
26040,P2,BASE,0.00,0.00,108,F,89341,16.4761
26050,P2,BASE,0.00,0.00,108,F,89341,16.4761
26060,P2,BASE,0.00,0.00,108,F,89341,16.4761
26070,P2,BASE,0.00,0.00,108,F,89341,16.4761
26080,P2,BASE,0.00,0.00,108,F,89341,16.4761
26090,P2,BASE,0.00,0.00,108,F,89341,16.4761
26100,P2,BASE,0.00,0.00,108,F,89341,16.4761
26110,P2,BASE,0.00,0.00,108,F,89341,16.4761
26120,P2,BASE,0.00,0.00,108,F,89341,16.4761
26130,P2,BASE,0.00,0.00,108,F,89341,16.4761
26140,P2,BASE,0.00,0.00,108,F,89341,16.4761
26150,P2,BASE,0.00,0.00,108,F,89341,16.4761
26160,P2,BASE,0.00,0.00,108,F,89341,16.4761
26170,P2,BASE,0.00,0.00,108,F,89341,16.4761
26180,P2,BASE,0.00,0.00,108,F,89341,16.4761
26190,P2,BASE,0.00,0.00,108,F,89341,16.4761
26200,P2,BASE,0.00,0.00,108,F,89341,16.4761
26210,P2,BASE,0.00,0.00,108,F,89341,16.4761
26220,P2,BASE,0.00,0.00,108,F,89341,16.4761
26230,P2,BASE,0.00,0.00,108,F,89341,16.4761
26240,P2,BASE,0.00,0.00,108,F,89341,16.4761
26250,P2,BASE,0.00,0.00,108,F,89341,16.4761
26260,P2,BASE,0.00,0.00,108,F,89341,16.4761
26270,P2,BASE,0.00,0.00,108,F,89341,16.4761
26280,P2,BASE,0.00,0.00,108,F,89341,16.4761
26290,P2,BASE,0.00,0.00,108,F,89341,16.4761
26300,P2,BASE,0.00,0.00,108,F,89341,16.4761
26310,P2,BASE,0.00,0.00,108,F,89341,16.4761
26320,P2,BASE,0.00,0.00,108,F,89341,16.4761
26330,P2,BASE,0.00,0.00,108,F,89341,16.4761
26340,P2,BASE,0.00,0.00,108,F,89341,16.4761
26350,P2,BASE,0.00,0.00,108,F,89341,16.4761
26360,P2,BASE,0.00,0.00,108,F,89341,16.4761
26370,P2,BASE,0.00,0.00,108,F,89341,16.4761
26380,P2,BASE,0.00,0.00,108,F,89341,16.4761
26390,P2,BASE,0.00,0.00,108,F,89341,16.4761
26400,P2,BASE,0.00,0.00,108,F,89341,16.4761
26410,P2,BASE,0.00,0.00,108,F,89341,16.4761
26420,P2,BASE,0.00,0.00,108,F,89341,16.4761
26430,P2,BASE,0.00,0.00,108,F,89341,16.4761
26440,P2,BASE,0.00,0.00,108,F,89341,16.4761
26450,P2,BASE,0.00,0.00,108,F,89341,16.4761
26460,P2,BASE,0.00,0.00,108,F,89341,16.4761
26470,P2,BASE,0.00,0.00,108,F,89341,16.4761
26480,P2,BASE,0.00,0.00,108,F,89341,16.4761
26490,P2,BASE,0.00,0.00,108,F,89341,16.4761
26500,P2,BASE,0.00,0.00,108,F,89341,16.4761
26510,P2,BASE,0.00,0.00,108,F,89341,16.4761
26520,P2,BASE,0.00,0.00,108,F,89341,16.4761
26530,P2,BASE,0.00,0.00,108,F,89341,16.4761
26540,P2,BASE,0.00,0.00,108,F,89341,16.4761
26550,P2,BASE,0.00,0.00,108,F,89341,16.4761
26560,P2,BASE,0.00,0.00,108,F,89341,16.4761
26570,P2,BASE,0.00,0.00,108,F,89341,16.4761
26580,P2,BASE,0.00,0.00,108,F,89341,16.4761
26590,P2,BASE,0.00,0.00,108,F,89341,16.4761
26600,P2,BASE,0.00,0.00,108,F,89341,16.4761
26610,P2,BASE,0.00,0.00,108,F,89341,16.4761
26620,P2,BASE,0.00,0.00,108,F,89341,16.4761
26630,P2,BASE,0.00,0.00,108,F,89341,16.4761
26640,P2,BASE,0.00,0.00,108,F,89341,16.4761
26650,P2,BASE,0.00,0.00,108,F,89341,16.4761
26660,P2,BASE,0.00,0.00,108,F,89341,16.4761
26670,P2,BASE,0.00,0.00,108,F,89341,16.4761
26680,P2,BASE,0.00,0.00,108,F,89341,16.4761
26690,P2,BASE,0.00,0.00,108,F,89341,16.4761
26700,P2,BASE,0.00,0.00,108,F,89341,16.4761
26710,P2,BASE,0.00,0.00,108,F,89341,16.4761
26720,P2,BASE,0.00,0.00,108,F,89341,16.4761
26730,P2,BASE,0.00,0.00,108,F,89341,16.4761
26740,P2,BASE,0.00,0.00,108,F,89341,16.4761
26750,P2,BASE,0.00,0.00,108,F,89341,16.4761
26760,P2,BASE,0.00,0.00,108,F,89341,16.4761
26770,P2,BASE,0.00,0.00,108,F,89341,16.4761
26780,P2,BASE,0.00,0.00,108,F,89341,16.4761
26790,P2,BASE,0.00,0.00,108,F,89341,16.4761
26800,P2,BASE,0.00,0.00,108,F,89341,16.4761
26810,P2,BASE,0.00,0.00,108,F,89341,16.4761
26820,P2,BASE,0.00,0.00,108,F,89341,16.4761
26830,P2,BASE,0.00,0.00,108,F,89341,16.4761
26840,P2,BASE,0.00,0.00,108,F,89341,16.4761
26850,P2,BASE,0.00,0.00,108,F,89341,16.4761
26860,P2,BASE,0.00,0.00,108,F,89341,16.4761
26870,P2,BASE,0.00,0.00,108,F,89341,16.4761
26880,P2,BASE,0.00,0.00,108,F,89341,16.4761
26890,P2,BASE,0.00,0.00,108,F,89341,16.4761
26900,P2,BASE,0.00,0.00,108,F,89341,16.4761
26910,P2,BASE,0.00,0.00,108,F,89341,16.4761
26920,P2,BASE,0.00,0.00,108,F,89341,16.4761
26930,P2,BASE,0.00,0.00,108,F,89341,16.4761
26940,P2,BASE,0.00,0.00,108,F,89341,16.4761
26950,P2,BASE,0.00,0.00,108,F,89341,16.4761
26960,P2,BASE,0.00,0.00,108,F,89341,16.4761
26970,P2,BASE,0.00,0.00,108,F,89341,16.4761
26980,P2,BASE,0.00,0.00,108,F,89341,16.4761
26990,P2,BASE,0.00,0.00,108,F,89341,16.4761
27000,P2,BASE,0.00,0.00,108,F,89341,16.4761
27010,P2,BASE,0.00,0.00,108,F,89341,16.4761
27020,P2,BASE,0.00,0.00,108,F,89341,16.4761
27030,P2,BASE,0.00,0.00,108,F,89341,16.4761
27040,P2,BASE,0.00,0.00,108,F,89341,16.4761
27050,P2,BASE,0.00,0.00,108,F,89341,16.4761
27060,P2,BASE,0.00,0.00,108,F,89341,16.4761
27070,P2,BASE,0.00,0.00,108,F,89341,16.4761
27080,P2,BASE,0.00,0.00,108,F,89341,16.4761
27090,P2,BASE,0.00,0.00,108,F,89341,16.4761
27100,P2,BASE,0.00,0.00,108,F,89341,16.4761
27110,P2,BASE,0.00,0.00,108,F,89341,16.4761
27120,P2,BASE,0.00,0.00,108,F,89341,16.4761
27130,P2,BASE,0.00,0.00,108,F,89341,16.4761
27140,P2,BASE,0.00,0.00,108,F,89341,16.4761
27150,P2,BASE,0.00,0.00,108,F,89341,16.4761
27160,P2,BASE,0.00,0.00,108,F,89341,16.4761
27170,P2,BASE,0.00,0.00,108,F,89341,16.4761
27180,P2,BASE,0.00,0.00,108,F,89341,16.4761
27190,P2,BASE,0.00,0.00,108,F,89341,16.4761
27200,P2,BASE,0.00,0.00,108,F,89341,16.4761
27210,P2,BASE,0.00,0.00,108,F,89341,16.4761
27220,P2,BASE,0.00,0.00,108,F,89341,16.4761
27230,P2,BASE,0.00,0.00,108,F,89341,16.4761
27240,P2,BASE,0.00,0.00,108,F,89341,16.4761
27250,P2,BASE,0.00,0.00,108,F,89341,16.4761
27260,P2,BASE,0.00,0.00,108,F,89341,16.4761
27270,P2,BASE,0.00,0.00,108,F,89341,16.4761
27280,P2,BASE,0.00,0.00,108,F,89341,16.4761
27290,P2,BASE,0.00,0.00,108,F,89341,16.4761
27300,P2,BASE,0.00,0.00,108,F,89341,16.4761
27310,P2,BASE,0.00,0.00,108,F,89341,16.4761
27320,P2,BASE,0.00,0.00,108,F,89341,16.4761
27330,P2,BASE,0.00,0.00,108,F,89341,16.4761
27340,P2,BASE,0.00,0.00,108,F,89341,16.4761
27350,P2,BASE,0.00,0.00,108,F,89341,16.4761
27360,P2,BASE,0.00,0.00,108,F,89341,16.4761
27370,P2,BASE,0.00,0.00,108,F,89341,16.4761
27380,P2,BASE,0.00,0.00,108,F,89341,16.4761
27390,P2,BASE,0.00,0.00,108,F,89341,16.4761
27400,P2,BASE,0.00,0.00,108,F,89341,16.4761
27410,P2,BASE,0.00,0.00,108,F,89341,16.4761
27420,P2,BASE,0.00,0.00,108,F,89341,16.4761
27430,P2,BASE,0.00,0.00,108,F,89341,16.4761
27440,P2,BASE,0.00,0.00,108,F,89341,16.4761
27450,P2,BASE,0.00,0.00,108,F,89341,16.4761
27460,P2,BASE,0.00,0.00,108,F,89341,16.4761
27470,P2,BASE,0.00,0.00,108,F,89341,16.4761
27480,P2,BASE,0.00,0.00,108,F,89341,16.4761
27490,P2,BASE,0.00,0.00,108,F,89341,16.4761
27500,P2,BASE,0.00,0.00,108,F,89341,16.4761
27510,P2,BASE,0.00,0.00,108,F,89341,16.4761
27520,P2,BASE,0.00,0.00,108,F,89341,16.4761
27530,P2,BASE,0.00,0.00,108,F,89341,16.4761
27540,P2,BASE,0.00,0.00,108,F,89341,16.4761
27550,P2,BASE,0.00,0.00,108,F,89341,16.4761
27560,P2,BASE,0.00,0.00,108,F,89341,16.4761
27570,P2,BASE,0.00,0.00,108,F,89341,16.4761
27580,P2,BASE,0.00,0.00,108,F,89341,16.4761
27590,P2,BASE,0.00,0.00,108,F,89341,16.4761
27600,P2,BASE,0.00,0.00,108,F,89341,16.4761
27610,P2,BASE,0.00,0.00,108,F,89341,16.4761
27620,P2,BASE,0.00,0.00,108,F,89341,16.4761
27630,P2,BASE,0.00,0.00,108,F,89341,16.4761
27640,P2,BASE,0.00,0.00,108,F,89341,16.4761
27650,P2,BASE,0.00,0.00,108,F,89341,16.4761
27660,P2,BASE,0.00,0.00,108,F,89341,16.4761
27670,P2,BASE,0.00,0.00,108,F,89341,16.4761
27680,P2,BASE,0.00,0.00,108,F,89341,16.4761
27690,P2,BASE,0.00,0.00,108,F,89341,16.4761
27700,P2,BASE,0.00,0.00,108,F,89341,16.4761
27710,P2,BASE,0.00,0.00,108,F,89341,16.4761
27720,P2,BASE,0.00,0.00,108,F,89341,16.4761
27730,P2,BASE,0.00,0.00,108,F,89341,16.4761
27740,P2,BASE,0.00,0.00,108,F,89341,16.4761
27750,P2,BASE,0.00,0.00,108,F,89341,16.4761
27760,P2,BASE,0.00,0.00,108,F,89341,16.4761
27770,P2,BASE,0.00,0.00,108,F,89341,16.4761
27780,P2,BASE,0.00,0.00,108,F,89341,16.4761
27790,P2,BASE,0.00,0.00,108,F,89341,16.4761
27800,P2,BASE,0.00,0.00,108,F,89341,16.4761
27810,P2,BASE,0.00,0.00,108,F,89341,16.4761
27820,P2,BASE,0.00,0.00,108,F,89341,16.4761
27830,P2,BASE,0.00,0.00,108,F,89341,16.4761
27840,P2,BASE,0.00,0.00,108,F,89341,16.4761
27850,P2,BASE,0.00,0.00,108,F,89341,16.4761
27860,P2,BASE,0.00,0.00,108,F,89341,16.4761
27870,P2,BASE,0.00,0.00,108,F,89341,16.4761
27880,P2,BASE,0.00,0.00,108,F,89341,16.4761
27890,P2,BASE,0.00,0.00,108,F,89341,16.4761
27900,P2,BASE,0.00,0.00,108,F,89341,16.4761
27910,P2,BASE,0.00,0.00,108,F,89341,16.4761
27920,P2,BASE,0.00,0.00,108,F,89341,16.4761
27930,P2,BASE,0.00,0.00,108,F,89341,16.4761
27940,P2,BASE,0.00,0.00,108,F,89341,16.4761
27950,P2,BASE,0.00,0.00,108,F,89341,16.4761
27960,P2,BASE,0.00,0.00,108,F,89341,16.4761
27970,P2,BASE,0.00,0.00,108,F,89341,16.4761
27980,P2,BASE,0.00,0.00,108,F,89341,16.4761
27990,P2,BASE,0.00,0.00,108,F,89341,16.4761
28000,P2,BASE,0.00,0.00,108,F,89341,16.4761
28010,P2,BASE,-0.15,0.00,108,F,89341,16.4746
28020,P2,BASE,-0.30,0.00,107,F,89341,16.4716
28030,P2,BASE,-0.45,0.00,107,F,89341,16.4671
28040,P2,BASE,-0.60,0.00,107,F,89341,16.4611
28050,P2,BASE,-0.75,0.00,107,F,89341,16.4536
28060,P2,BASE,-0.90,0.00,107,F,89341,16.4446
28070,P2,BASE,-1.05,0.00,106,F,89341,16.4341
28080,P2,BASE,-1.20,0.00,106,F,89341,16.4221
28090,P2,BASE,-1.35,0.00,106,F,89341,16.4086
28100,P2,BASE,-1.50,0.00,106,F,89341,16.3936
28110,P2,BASE,-1.65,0.00,105,F,89341,16.3771
28120,P2,BASE,-1.80,0.00,105,F,89341,16.3591
28130,P2,BASE,-1.95,0.00,105,F,89341,16.3396
28140,P2,BASE,-2.10,0.00,105,F,89341,16.3186
28150,P2,BASE,-2.25,0.00,104,F,89341,16.2961
28160,P2,BASE,-2.40,0.00,104,F,89341,16.2721
28170,P2,BASE,-2.55,0.00,104,F,89341,16.2466
28180,P2,BASE,-2.70,0.00,103,F,89341,16.2196
28190,P2,BASE,-2.85,0.00,103,F,89341,16.1911
28200,P2,BASE,-3.00,0.00,103,F,89341,16.1611
28210,P2,BASE,-3.15,0.00,102,F,89341,16.1296
28220,P2,BASE,-3.30,0.00,102,F,89341,16.0966
28230,P2,BASE,-3.45,0.00,101,F,89341,16.0621
28240,P2,BASE,-3.60,0.00,101,F,89341,16.0261
28250,P2,BASE,-3.75,0.00,101,F,89341,15.9886
28260,P2,BASE,-3.90,0.00,100,F,89341,15.9496
28270,P2,BASE,-4.05,0.00,100,F,89341,15.9091
28280,P2,BASE,-4.20,0.00,99,F,89341,15.8671
28290,P2,BASE,-4.35,0.00,99,F,89341,15.8236
28300,P2,BASE,-4.50,0.00,99,F,89341,15.7786
28310,P2,BASE,-4.65,0.00,98,F,89341,15.7321
28320,P2,BASE,-4.80,0.00,98,F,89341,15.6841
28330,P2,BASE,-4.95,0.00,97,F,89341,15.6346
28340,P2,BASE,-5.10,0.00,97,F,89341,15.5836
28350,P2,BASE,-5.25,0.00,96,F,89341,15.5311
28360,P2,BASE,-5.40,0.00,96,F,89341,15.4771
28370,P2,BASE,-5.55,0.00,95,F,89341,15.4216
28380,P2,BASE,-5.70,0.00,95,F,89341,15.3646
28390,P2,BASE,-5.85,0.00,94,F,89341,15.3061
28400,P2,BASE,-6.00,0.00,94,F,89341,15.2461
28410,P2,BASE,-6.15,0.00,93,F,89341,15.1846
28420,P2,BASE,-6.30,0.00,92,F,89341,15.1216
28430,P2,BASE,-6.45,0.00,92,F,89341,15.0571
28440,P2,BASE,-6.60,0.00,91,F,89341,14.9911
28450,P2,BASE,-6.75,0.00,91,F,89341,14.9236
28460,P2,BASE,-6.90,0.00,90,F,89341,14.8546
28470,P2,BASE,-7.05,0.00,89,F,89341,14.7841
28480,P2,BASE,-7.20,0.00,89,F,89341,14.7121
28490,P2,BASE,-7.35,0.00,88,F,89341,14.6386
28500,P2,BASE,-7.50,0.00,88,F,89341,14.5636
28510,P2,BASE,-7.65,0.00,87,F,89341,14.4871
28520,P2,BASE,-7.80,0.00,86,F,89341,14.4091
28530,P2,BASE,-7.95,0.00,86,F,89341,14.3296
28540,P2,BASE,-8.10,0.00,85,F,89341,14.2486
28550,P2,BASE,-8.25,0.00,84,F,89341,14.1661
28560,P2,BASE,-8.40,0.00,83,F,89341,14.0821
28570,P2,BASE,-8.55,0.00,83,F,89341,13.9966
28580,P2,BASE,-8.70,0.00,82,F,89341,13.9096
28590,P2,BASE,-8.85,0.00,81,F,89341,13.8211
28600,P2,BASE,-9.00,0.00,81,F,89341,13.7311
28610,P2,BASE,-9.15,0.00,80,F,89341,13.6396
28620,P2,BASE,-9.30,0.00,79,F,89341,13.5466
28630,P2,BASE,-9.45,0.00,78,F,89341,13.4521
28640,P2,BASE,-9.60,-2.50,80,F,89340,13.3811
28650,P2,BASE,-9.75,0.00,77,F,89340,13.2836
28660,P2,BASE,-9.90,0.00,76,F,89340,13.1846
28670,P2,BASE,-10.05,0.00,75,F,89340,13.0841
28680,P2,BASE,-10.20,0.00,74,F,89340,12.9821
28690,P2,BASE,-10.35,0.00,74,F,89340,12.8786
28700,P2,BASE,-10.50,0.00,73,F,89340,12.7736
28710,P2,BASE,-10.65,0.00,72,F,89340,12.6671
28720,P2,BASE,-10.80,0.00,71,F,89340,12.5591
28730,P2,BASE,-10.95,0.00,70,F,89340,12.4496
28740,P2,BASE,-11.10,0.00,69,F,89340,12.3386
28750,P2,BASE,-11.25,0.00,68,F,89340,12.2261
28760,P2,BASE,-11.40,0.00,67,F,89340,12.1121
28770,P2,BASE,-11.55,0.00,67,F,89340,11.9966
28780,P2,BASE,-11.70,0.00,66,F,89340,11.8796
28790,P2,BASE,-11.85,0.00,65,F,89340,11.7611
28800,P2,BASE,-12.00,0.00,64,F,89340,11.6411
28810,P2,BASE,-12.15,0.00,63,F,89340,11.5196
28820,P2,BASE,-12.30,0.00,62,F,89340,11.3966
28830,P2,BASE,-12.45,0.00,61,F,89340,11.2721
28840,P2,BASE,-12.60,0.00,60,F,89340,11.1461
28850,P2,BASE,-12.75,0.00,59,F,89340,11.0186
28860,P2,BASE,-12.90,0.00,58,F,89340,10.8896
28870,P2,BASE,-13.05,0.00,57,F,89340,10.7591
28880,P2,BASE,-13.20,0.00,56,F,89340,10.6271
28890,P2,BASE,-13.35,0.00,55,F,89340,10.4936
28900,P2,BASE,-13.50,0.00,54,F,89340,10.3586
28910,P2,BASE,-13.65,0.00,53,F,89340,10.2221
28920,P2,BASE,-13.80,0.00,52,F,89340,10.0841
28930,P2,BASE,-13.95,0.00,51,F,89340,9.9446
28940,P2,BASE,-14.10,0.00,50,F,89340,9.8036
28950,P2,BASE,-14.25,0.00,48,F,89340,9.6611
28960,P2,BASE,-14.40,0.00,47,F,89340,9.5171
28970,P2,BASE,-14.55,0.00,46,F,89340,9.3716
28980,P2,BASE,-14.70,0.00,45,F,89340,9.2246
28990,P2,BASE,-14.85,0.00,44,F,89340,9.0761
29000,P2,BASE,-15.00,0.00,43,F,89340,8.9261
29010,P2,BASE,-15.15,0.00,42,F,89340,8.7746
29020,P2,BASE,-15.30,0.00,41,F,89340,8.6216
29030,P2,BASE,-15.45,0.00,39,F,89340,8.4671
29040,P2,BASE,-15.60,0.00,38,F,89340,8.3111
29050,P2,BASE,-15.75,-2.50,40,F,89339,8.1786
29060,P2,BASE,-15.90,0.00,36,F,89339,8.0196
29070,P2,BASE,-16.05,0.00,35,F,89339,7.8591
29080,P2,BASE,-16.20,0.00,34,F,89339,7.6971
29090,P2,BASE,-16.35,0.00,32,F,89339,7.5336
29100,P2,BASE,-16.50,0.00,31,F,89339,7.3686
29110,P2,BASE,-16.65,0.00,30,F,89339,7.2021
29120,P2,BASE,-16.80,0.00,29,F,89339,7.0341
29130,P2,BASE,-16.95,0.00,27,F,89339,6.8646
29140,P2,BASE,-17.10,0.00,26,F,89339,6.6936
29150,P2,BASE,-17.25,0.00,25,F,89339,6.5211
29160,P2,BASE,-17.40,0.00,23,F,89339,6.3471
29170,P2,BASE,-17.55,0.00,22,F,89339,6.1716
29180,P2,BASE,-17.70,0.00,21,F,89339,5.9946
29190,P2,BASE,-17.85,0.00,20,F,89339,5.8161
29200,P2,BASE,-18.00,0.00,18,F,89339,5.6361
29210,P2,BASE,-18.15,0.00,17,F,89339,5.4546
29220,P2,BASE,-18.30,0.00,15,F,89339,5.2716
29230,P2,BASE,-18.45,0.00,14,F,89339,5.0871
29240,P2,BASE,-18.60,0.00,13,F,89339,4.9011
29250,P2,BASE,-18.75,0.00,11,F,89339,4.7136
29260,P2,BASE,-18.90,0.00,10,F,89339,4.5246
29270,P2,BASE,-19.05,0.00,9,F,89339,4.3341
29280,P2,BASE,-19.20,0.00,7,F,89339,4.1421
29290,P2,BASE,-19.35,0.00,6,F,89339,3.9486
29300,P2,BASE,-19.50,0.00,4,F,89339,3.7536
29310,P2,BASE,-19.65,0.00,3,F,89339,3.5571
29320,P2,BASE,-19.80,0.00,1,F,89339,3.3591
29330,P2,BASE,-19.95,0.00,0,N,89339,3.1596
29340,P2,BASE,-20.10,0.00,-1,R,89339,2.9586
29350,P2,BASE,-20.25,0.00,-2,R,89339,2.7561
29360,P2,BASE,-20.40,0.00,-4,R,89339,2.5521
29370,P2,BASE,-20.55,0.00,-5,R,89339,2.3466
29380,P2,BASE,-20.70,0.00,-7,R,89339,2.1396
29390,P2,BASE,-20.85,0.00,-8,R,89339,1.9311
29400,P2,BASE,-21.00,0.00,-10,R,89339,1.7211
29410,P2,BASE,-21.15,0.00,-11,R,89339,1.5096
29420,P2,BASE,-21.30,0.00,-13,R,89339,1.2966
29430,P2,BASE,-21.45,0.00,-14,R,89339,1.0821
29440,P2,BASE,-21.60,0.00,-16,R,89339,0.8661
29450,P2,BASE,-21.75,0.00,-17,R,89339,0.6486
29460,P2,BASE,-21.90,0.00,-19,R,89339,0.4296
29470,P2,BASE,-22.05,0.00,-21,R,89339,0.2091
29480,P2,BASE,-22.20,0.00,-22,R,89339,-0.0129
29490,P2,BASE,-22.35,0.00,-24,R,89339,-0.2364
29500,P2,BASE,-22.50,0.00,-25,R,89339,-0.4614
29510,P2,BASE,-22.65,0.00,-27,R,89339,-0.6879
29520,P2,BASE,-22.80,0.00,-29,R,89339,-0.9159
29530,P2,BASE,-22.95,0.00,-30,R,89339,-1.1454
29540,P2,BASE,-23.10,0.00,-32,R,89339,-1.3764
29550,P2,BASE,-23.25,0.00,-34,R,89339,-1.6089
29560,P2,BASE,-23.40,0.00,-35,R,89339,-1.8429
29570,P2,BASE,-23.55,0.00,-37,R,89339,-2.0784
29580,P2,BASE,-23.70,0.00,-39,R,89339,-2.3154
29590,P2,BASE,-23.85,0.00,-41,R,89339,-2.5539
29600,P2,BASE,-24.00,0.00,-42,R,89339,-2.7939
29610,P2,BASE,-24.15,0.00,-44,R,89339,-3.0354
29620,P2,BASE,-24.30,0.00,-46,R,89339,-3.2784
29630,P2,BASE,-24.45,0.00,-48,R,89339,-3.5229
29640,P2,BASE,-24.60,0.00,-49,R,89339,-3.7689
29650,P2,BASE,-24.75,0.00,-51,R,89339,-4.0164
29660,P2,BASE,-24.90,0.00,-53,R,89339,-4.2654
29670,P2,BASE,-25.05,0.00,-55,R,89339,-4.5159
29680,P2,BASE,-25.20,0.00,-56,R,89339,-4.7679
29690,P2,BASE,-25.35,0.00,-58,R,89339,-5.0214
29700,P2,BASE,-25.50,0.00,-60,R,89339,-5.2764
29710,P2,BASE,-25.65,0.00,-62,R,89339,-5.5329
29720,P2,BASE,-25.80,0.00,-64,R,89339,-5.7909
29730,P2,BASE,-25.95,0.00,-66,R,89339,-6.0504
29740,P2,BASE,-26.10,0.00,-68,R,89339,-6.3114
29750,P2,BASE,-26.25,0.00,-69,R,89339,-6.5739
29760,P2,BASE,-26.40,0.00,-71,R,89339,-6.8379
29770,P2,BASE,-26.55,0.00,-73,R,89339,-7.1034
29780,P2,BASE,-26.70,0.00,-75,R,89339,-7.3704
29790,P2,BASE,-26.85,0.00,-77,R,89339,-7.6389
29800,P2,BASE,-27.00,0.00,-79,R,89339,-7.9089
29810,P2,BASE,-27.15,0.00,-81,R,89339,-8.1804
29820,P2,BASE,-27.30,0.00,-83,R,89339,-8.4534
29830,P2,BASE,-27.45,0.00,-85,R,89339,-8.7279
29840,P2,BASE,-27.60,0.00,-87,R,89339,-9.0039
29850,P2,BASE,-27.75,0.00,-89,R,89339,-9.2814
29860,P2,BASE,-27.90,0.00,-91,R,89339,-9.5604
29870,P2,BASE,-28.05,0.00,-93,R,89339,-9.8409
29880,P2,BASE,-28.20,0.00,-95,R,89339,-10.1229
29890,P2,BASE,-28.35,0.00,-97,R,89339,-10.4064
29900,P2,BASE,-28.50,0.00,-99,R,89339,-10.6914
29910,P2,BASE,-28.65,0.00,-101,R,89339,-10.9779
29920,P2,BASE,-28.80,0.00,-103,R,89339,-11.2659
29930,P2,BASE,-28.95,0.00,-105,R,89339,-11.5554
29940,P2,BASE,-29.10,0.00,-107,R,89339,-11.8464
29950,P2,BASE,-29.25,0.00,-109,R,89339,-12.1389
29960,P2,BASE,-29.40,-2.50,-108,R,89338,-12.4079
29970,P2,BASE,-29.55,0.00,-113,R,89338,-12.7034
29980,P2,BASE,-29.70,0.00,-115,R,89338,-13.0004
29990,P2,BASE,-29.85,0.00,-117,R,89338,-13.2989
30000,P2,BASE,-30.00,0.00,-119,R,89338,-13.5989
30010,P2,BASE,-30.15,0.00,-121,R,89338,-13.9004
30020,P2,BASE,-30.30,0.00,-124,R,89338,-14.2034
30030,P2,BASE,-30.45,0.00,-126,R,89338,-14.5079
30040,P2,BASE,-30.60,0.00,-128,R,89338,-14.8139
30050,P2,BASE,-30.75,0.00,-130,R,89338,-15.1214
30060,P2,BASE,-30.90,0.00,-132,R,89338,-15.4304
30070,P2,BASE,-31.05,0.00,-134,R,89338,-15.7409
30080,P2,BASE,-31.20,-2.50,-134,R,89337,-16.0279
30090,P2,BASE,-31.35,-2.50,-136,R,89336,-16.3164
30100,P2,BASE,-31.50,0.00,-141,R,89336,-16.6314
30110,P2,BASE,-31.65,-7.50,-135,R,89333,-16.8729
30120,P2,BASE,-31.80,-25.00,-118,R,89323,-16.9410
30130,P2,BASE,-31.95,-25.00,-118,R,89313,-17.0105
30140,P2,BASE,-32.10,-12.50,-132,R,89308,-17.2065
30150,P2,BASE,-32.25,0.00,-147,R,89308,-17.5290
30160,P2,BASE,-32.40,-10.00,-139,R,89304,-17.7530
30170,P2,BASE,-32.55,-20.00,-130,R,89296,-17.8785
30180,P2,BASE,-32.70,-20.00,-131,R,89288,-18.0055
30190,P2,BASE,-32.85,-22.49,-129,R,89279,-18.1090
30200,P2,BASE,-33.00,-22.50,-130,R,89270,-18.2140
30210,P2,BASE,-33.15,-25.01,-128,R,89260,-18.2955
30220,P2,BASE,-33.30,-25.00,-129,R,89250,-18.3785
30230,P2,BASE,-33.45,-25.00,-129,R,89240,-18.4630
30240,P2,BASE,-33.60,-27.50,-127,R,89229,-18.5240
30250,P2,BASE,-33.75,-27.49,-128,R,89218,-18.5865
30260,P2,BASE,-33.90,-27.51,-128,R,89207,-18.6505
30270,P2,BASE,-34.05,-29.99,-126,R,89195,-18.6910
30280,P2,BASE,-34.20,-29.99,-127,R,89183,-18.7331
30290,P2,BASE,-34.35,-27.50,-130,R,89172,-18.8016
30300,P2,BASE,-34.50,-32.50,-125,R,89159,-18.8216
30310,P2,BASE,-34.65,-32.51,-125,R,89146,-18.8430
30320,P2,BASE,-34.80,-32.50,-126,R,89133,-18.8660
30330,P2,BASE,-34.95,-32.49,-126,R,89120,-18.8905
30340,P2,BASE,-35.10,-32.50,-126,R,89107,-18.9165
30350,P2,BASE,-35.25,-32.50,-127,R,89094,-18.9440
30360,P2,BASE,-35.40,-35.00,-124,R,89080,-18.9480
30370,P2,BASE,-35.55,-32.50,-127,R,89067,-18.9785
30380,P2,BASE,-35.70,-32.49,-128,R,89054,-19.0106
30390,P2,BASE,-35.85,-32.51,-128,R,89041,-19.0440
30400,P2,BASE,-36.00,-32.50,-128,R,89028,-19.0790
30410,P2,BASE,-36.15,-35.00,-126,R,89014,-19.0905
30420,P2,BASE,-36.30,-32.50,-129,R,89001,-19.1285
30430,P2,BASE,-36.45,-34.99,-127,R,88987,-19.1430
30440,P2,BASE,-36.60,-35.00,-127,R,88973,-19.1591
30450,P2,BASE,-36.75,-35.00,-127,R,88959,-19.1765
30460,P2,BASE,-36.90,-32.50,-130,R,88946,-19.2205
30470,P2,BASE,-37.05,-35.00,-128,R,88932,-19.2410
30480,P2,BASE,-37.20,-32.50,-131,R,88919,-19.2880
30490,P2,BASE,-37.35,-35.00,-129,R,88905,-19.3115
30500,P2,BASE,-37.50,-35.00,-129,R,88891,-19.3366
30510,P2,BASE,-37.65,-35.00,-129,R,88877,-19.3630
30520,P2,BASE,-37.80,-35.00,-130,R,88863,-19.3910
30530,P2,BASE,-37.95,-34.99,-130,R,88849,-19.4206
30540,P2,BASE,-38.10,-37.52,-128,R,88834,-19.4265
30550,P2,BASE,-38.25,-34.99,-131,R,88820,-19.4590
30560,P2,BASE,-38.40,-35.00,-131,R,88806,-19.4931
30570,P2,BASE,-38.55,-37.50,-129,R,88791,-19.5035
30580,P2,BASE,-38.70,-37.50,-129,R,88776,-19.5155
30590,P2,BASE,-38.85,-35.01,-132,R,88762,-19.5539
30600,P2,BASE,-39.00,-37.50,-130,R,88747,-19.5689
30610,P2,BASE,-39.15,-37.50,-130,R,88732,-19.5854
30620,P2,BASE,-39.30,-37.50,-130,R,88717,-19.6034
30630,P2,BASE,-39.45,-34.99,-133,R,88703,-19.6480
30640,P2,BASE,-39.60,-37.50,-131,R,88688,-19.6690
30650,P2,BASE,-39.75,-40.00,-128,R,88672,-19.6665
30660,P2,BASE,-39.90,-37.50,-131,R,88657,-19.6905
30670,P2,BASE,-40.05,-37.50,-132,R,88642,-19.7160
30680,P2,BASE,-40.20,-37.50,-132,R,88627,-19.7430
30690,P2,BASE,-40.35,-37.49,-132,R,88612,-19.7716
30700,P2,BASE,-40.50,-37.50,-133,R,88597,-19.8016
30710,P2,BASE,-40.65,-37.51,-133,R,88582,-19.8330
30720,P2,BASE,-40.80,-40.00,-131,R,88566,-19.8410
30730,P2,BASE,-40.95,-37.50,-134,R,88551,-19.8755
30740,P2,BASE,-41.10,-40.00,-131,R,88535,-19.8864
30750,P2,BASE,-41.25,-37.50,-134,R,88520,-19.9240
30760,P2,BASE,-41.40,-39.99,-132,R,88504,-19.9381
30770,P2,BASE,-41.55,-40.01,-132,R,88488,-19.9535
30780,P2,BASE,-41.70,-37.50,-135,R,88473,-19.9955
30790,P2,BASE,-41.85,-40.01,-133,R,88457,-20.0139
30800,P2,BASE,-42.00,-39.99,-133,R,88441,-20.0340
30810,P2,BASE,-42.15,-40.00,-133,R,88425,-20.0555
30820,P2,BASE,-42.30,-37.50,-136,R,88410,-20.1035
30830,P2,BASE,-42.45,-40.00,-134,R,88394,-20.1280
30840,P2,BASE,-42.60,-39.99,-135,R,88378,-20.1541
30850,P2,BASE,-42.75,-40.00,-135,R,88362,-20.1815
30860,P2,BASE,-42.90,-40.01,-135,R,88346,-20.2104
30870,P2,BASE,-43.05,-40.00,-136,R,88330,-20.2409
30880,P2,BASE,-43.20,-40.00,-136,R,88314,-20.2729
30890,P2,BASE,-43.35,-42.50,-134,R,88297,-20.2815
30900,P2,BASE,-43.50,-40.00,-136,R,88281,-20.3165
30910,P2,BASE,-43.65,-42.50,-134,R,88264,-20.3280
30920,P2,BASE,-43.80,-42.50,-134,R,88247,-20.3409
30930,P2,BASE,-43.95,-42.50,-135,R,88230,-20.3555
30940,P2,BASE,-44.10,-42.50,-135,R,88213,-20.3714
30950,P2,BASE,-44.25,-42.50,-135,R,88196,-20.3890
30960,P2,BASE,-44.40,-45.00,-133,R,88178,-20.3830
30970,P2,BASE,-44.55,-45.00,-133,R,88160,-20.3786
30980,P2,BASE,-44.70,-42.50,-136,R,88143,-20.4005
30990,P2,BASE,-44.85,-45.01,-133,R,88125,-20.3989
31000,P2,BASE,-45.00,-44.99,-133,R,88107,-20.3991
31010,P2,BASE,-45.15,-45.00,-134,R,88089,-20.4005
31020,P2,BASE,-45.30,-45.01,-134,R,88071,-20.4034
31030,P2,BASE,-45.45,-47.50,-131,R,88052,-20.3829
31040,P2,BASE,-45.60,-44.99,-134,R,88034,-20.3891
31050,P2,BASE,-45.75,-45.00,-134,R,88016,-20.3966
31060,P2,BASE,-45.90,-47.50,-132,R,87997,-20.3806
31070,P2,BASE,-46.05,-47.51,-132,R,87978,-20.3660
31080,P2,BASE,-46.20,-44.99,-135,R,87960,-20.3781
31090,P2,BASE,-46.35,-47.50,-132,R,87941,-20.3666
31100,P2,BASE,-46.50,-45.02,-135,R,87923,-20.3814
31110,P2,BASE,-46.65,-44.99,-135,R,87905,-20.3981
31120,P2,BASE,-46.80,-50.00,-130,R,87885,-20.3661
31130,P2,BASE,-46.95,-47.50,-133,R,87866,-20.3606
31140,P2,BASE,-47.10,-47.50,-133,R,87847,-20.3565
31150,P2,BASE,-47.25,-47.50,-133,R,87828,-20.3541
31160,P2,BASE,-47.40,-50.01,-130,R,87808,-20.3280
31170,P2,BASE,-47.55,-45.00,-136,R,87790,-20.3535
31180,P2,BASE,-47.70,-47.50,-133,R,87771,-20.3554
31190,P2,BASE,-47.85,-47.49,-134,R,87752,-20.3590
31200,P2,BASE,-48.00,-47.51,-134,R,87733,-20.3639
31210,P2,BASE,-48.15,-45.00,-137,R,87715,-20.3954
31220,P2,BASE,-48.30,-47.49,-134,R,87696,-20.4035
31230,P2,BASE,-48.45,-47.51,-135,R,87677,-20.4129
31240,P2,BASE,-48.60,-45.00,-137,R,87659,-20.4489
31250,P2,BASE,-48.75,-47.50,-135,R,87640,-20.4615
31260,P2,BASE,-48.90,-45.00,-138,R,87622,-20.5004
31270,P2,BASE,-49.05,-44.99,-139,R,87604,-20.5410
31280,P2,BASE,-49.20,-47.50,-136,R,87585,-20.5580
31290,P2,BASE,-49.35,-47.50,-137,R,87566,-20.5765
31300,P2,BASE,-49.50,-45.01,-140,R,87548,-20.6214
31310,P2,BASE,-49.65,-47.49,-137,R,87529,-20.6430
31320,P2,BASE,-49.80,-45.00,-140,R,87511,-20.6911
31330,P2,BASE,-49.95,-47.50,-138,R,87492,-20.7156
31340,P2,BASE,-50.10,-47.50,-138,R,87473,-20.7416
31350,P2,BASE,-50.25,-45.01,-141,R,87455,-20.7939
31360,P2,BASE,-50.40,-45.00,-142,R,87437,-20.8479
31370,P2,BASE,-50.55,-47.48,-140,R,87418,-20.8786
31380,P2,BASE,-50.70,-47.51,-140,R,87399,-20.9105
31390,P2,BASE,-50.85,-47.51,-140,R,87380,-20.9439
31400,P2,BASE,-51.00,-45.00,-144,R,87362,-21.0040
31410,P2,BASE,-51.15,-47.50,-141,R,87343,-21.0405
31420,P2,BASE,-51.30,-47.51,-142,R,87324,-21.0784
31430,P2,BASE,-51.45,-47.50,-142,R,87305,-21.1179
31440,P2,BASE,-51.60,-47.50,-143,R,87286,-21.1589
31450,P2,BASE,-51.75,-49.99,-140,R,87266,-21.1766
31460,P2,BASE,-51.90,-47.51,-143,R,87247,-21.2205
31470,P2,BASE,-52.05,-47.50,-144,R,87228,-21.2659
31480,P2,BASE,-52.20,-50.00,-142,R,87208,-21.2879
31490,P2,BASE,-52.35,-49.99,-142,R,87188,-21.3115
31500,P2,BASE,-52.50,-47.50,-145,R,87169,-21.3614
31510,P2,BASE,-52.65,-49.99,-143,R,87149,-21.3880
31520,P2,BASE,-52.80,-47.50,-146,R,87130,-21.4410
31530,P2,BASE,-52.95,-50.00,-144,R,87110,-21.4705
31540,P2,BASE,-53.10,-50.00,-144,R,87090,-21.5015
31550,P2,BASE,-53.25,-49.99,-144,R,87070,-21.5340
31560,P2,BASE,-53.40,-49.99,-145,R,87050,-21.5681
31570,P2,BASE,-53.55,-52.52,-142,R,87029,-21.5784
31580,P2,BASE,-53.70,-49.99,-145,R,87009,-21.6155
31590,P2,BASE,-53.85,-52.51,-143,R,86988,-21.6289
31600,P2,BASE,-54.00,-54.98,-140,R,86966,-21.6191
31610,P2,BASE,-54.15,-52.51,-143,R,86945,-21.6355
31620,P2,BASE,-54.30,-55.01,-141,R,86923,-21.6284
31630,P2,BASE,-54.45,-52.48,-144,R,86902,-21.6481
31640,P2,BASE,-54.60,-52.52,-144,R,86881,-21.6689
31650,P2,BASE,-54.75,-54.98,-142,R,86859,-21.6666
31660,P2,BASE,-54.90,-52.52,-144,R,86838,-21.6904
31670,P2,BASE,-55.05,-54.98,-142,R,86816,-21.6911
31680,P2,BASE,-55.20,-55.00,-142,R,86794,-21.6931
31690,P2,BASE,-55.35,-52.51,-145,R,86773,-21.7215
31700,P2,BASE,-55.50,-54.99,-143,R,86751,-21.7266
31710,P2,BASE,-55.65,-55.00,-143,R,86729,-21.7331
31720,P2,BASE,-55.80,-55.01,-143,R,86707,-21.7410
31730,P2,BASE,-55.95,-55.00,-143,R,86685,-21.7505
31740,P2,BASE,-56.10,-55.01,-144,R,86663,-21.7615
31750,P2,BASE,-56.25,-54.99,-144,R,86641,-21.7740
31760,P2,BASE,-56.40,-57.49,-141,R,86618,-21.7631
31770,P2,BASE,-56.55,-54.99,-144,R,86596,-21.7786
31780,P2,BASE,-56.70,-55.02,-144,R,86574,-21.7954
31790,P2,BASE,-56.85,-54.99,-145,R,86552,-21.8140
31800,P2,BASE,-57.00,-54.99,-145,R,86530,-21.8341
31810,P2,BASE,-57.15,-55.01,-145,R,86508,-21.8555
31820,P2,BASE,-57.30,-52.51,-148,R,86487,-21.9034
31830,P2,BASE,-57.45,-54.98,-146,R,86465,-21.9281
31840,P2,BASE,-57.60,-55.01,-146,R,86443,-21.9540
31850,P2,BASE,-57.75,-54.99,-147,R,86421,-21.9816
31860,P2,BASE,-57.90,-55.02,-147,R,86399,-22.0104
31870,P2,BASE,-58.05,-57.49,-145,R,86376,-22.0161
31880,P2,BASE,-58.20,-57.51,-145,R,86353,-22.0229
31890,P2,BASE,-58.35,-57.50,-145,R,86330,-22.0314
31900,P2,BASE,-58.50,-54.99,-148,R,86308,-22.0665
31910,P2,BASE,-58.65,-57.48,-146,R,86285,-22.0782
31920,P2,BASE,-58.80,-57.51,-146,R,86262,-22.0910
31930,P2,BASE,-58.95,-57.51,-146,R,86239,-22.1054
31940,P2,BASE,-59.10,-57.50,-146,R,86216,-22.1214
31950,P2,BASE,-59.25,-57.50,-147,R,86193,-22.1389
31960,P2,BASE,-59.40,-57.49,-147,R,86170,-22.1580
31970,P2,BASE,-59.55,-59.99,-145,R,86146,-22.1536
31980,P2,BASE,-59.70,-57.50,-147,R,86123,-22.1756
31990,P2,BASE,-59.85,-59.99,-145,R,86099,-22.1741
32000,P2,BASE,-60.00,-57.50,-148,R,86076,-22.1991
32010,P2,BASE,-60.15,-60.01,-145,R,86052,-22.2005
32020,P2,BASE,-60.30,-57.51,-148,R,86029,-22.2284
32030,P2,BASE,-60.45,-59.95,-146,R,86005,-22.2335
32040,P2,BASE,-60.60,-57.53,-149,R,85982,-22.2641
32050,P2,BASE,-60.75,-57.52,-149,R,85959,-22.2965
32060,P2,BASE,-60.90,-57.49,-150,R,85936,-22.3306
32070,P2,BASE,-61.05,-59.99,-147,R,85912,-22.3411
32080,P2,BASE,-61.20,-57.52,-150,R,85889,-22.3780
32090,P2,BASE,-61.35,-59.99,-148,R,85865,-22.3915
32100,P2,BASE,-61.50,-59.98,-148,R,85841,-22.4067
32110,P2,BASE,-61.65,-57.50,-151,R,85818,-22.4482
32120,P2,BASE,-61.80,-60.01,-149,R,85794,-22.4661
32130,P2,BASE,-61.95,-62.51,-146,R,85769,-22.4605
32140,P2,BASE,-62.10,-59.98,-149,R,85745,-22.4817
32150,P2,BASE,-62.25,-62.51,-147,R,85720,-22.4791
32160,P2,BASE,-62.40,-59.99,-150,R,85696,-22.5032
32170,P2,BASE,-62.55,-62.53,-147,R,85671,-22.5034
32180,P2,BASE,-62.70,-62.50,-148,R,85646,-22.5054
32190,P2,BASE,-62.85,-59.98,-150,R,85622,-22.5341
32200,P2,BASE,-63.00,-64.96,-145,R,85596,-22.5145
32210,P2,BASE,-63.15,-60.05,-151,R,85572,-22.5455
32220,P2,BASE,-63.30,-64.99,-146,R,85546,-22.5286
32230,P2,BASE,-63.45,-62.49,-148,R,85521,-22.5382
32240,P2,BASE,-63.60,-62.52,-149,R,85496,-22.5490
32250,P2,BASE,-63.75,-65.00,-146,R,85470,-22.5365
32260,P2,BASE,-63.90,-65.00,-146,R,85444,-22.5255
32270,P2,BASE,-64.05,-64.98,-146,R,85418,-22.5162
32280,P2,BASE,-64.20,-65.01,-147,R,85392,-22.5081
32290,P2,BASE,-64.35,-62.51,-149,R,85367,-22.5265
32300,P2,BASE,-64.50,-64.99,-147,R,85341,-22.5217
32310,P2,BASE,-64.65,-62.50,-150,R,85316,-22.5432
32320,P2,BASE,-64.80,-65.01,-147,R,85290,-22.5411
32330,P2,BASE,-64.95,-62.51,-150,R,85265,-22.5655
32340,P2,BASE,-65.10,-64.98,-148,R,85239,-22.5667
32350,P2,BASE,-65.25,-62.50,-151,R,85214,-22.5942
32360,P2,BASE,-65.40,-65.02,-148,R,85188,-22.5980
32370,P2,BASE,-65.55,-62.49,-151,R,85163,-22.6285
32380,P2,BASE,-65.70,-64.99,-149,R,85137,-22.6357
32390,P2,BASE,-65.85,-62.50,-152,R,85112,-22.6692
32400,P2,BASE,-66.00,-65.02,-149,R,85086,-22.6790
32410,P2,BASE,-66.15,-64.99,-150,R,85060,-22.6905
32420,P2,BASE,-66.30,-62.49,-153,R,85035,-22.7287
32430,P2,BASE,-66.45,-62.52,-153,R,85010,-22.7680
32440,P2,BASE,-66.60,-65.00,-151,R,84984,-22.7840
32450,P2,BASE,-66.75,-64.98,-151,R,84958,-22.8017
32460,P2,BASE,-66.90,-65.00,-151,R,84932,-22.8207
32470,P2,BASE,-67.05,-62.52,-154,R,84907,-22.8660
32480,P2,BASE,-67.20,-67.49,-149,R,84880,-22.8631
32490,P2,BASE,-67.35,-64.99,-152,R,84854,-22.8867
32500,P2,BASE,-67.50,-65.01,-153,R,84828,-22.9116
32510,P2,BASE,-67.65,-62.51,-156,R,84803,-22.9631
32520,P2,BASE,-67.80,-67.50,-151,R,84776,-22.9661
32530,P2,BASE,-67.95,-65.01,-154,R,84750,-22.9955
32540,P2,BASE,-68.10,-62.49,-157,R,84725,-23.0516
32550,P2,BASE,-68.25,-65.00,-154,R,84699,-23.0841
32560,P2,BASE,-68.40,-64.99,-155,R,84673,-23.1182
32570,P2,BASE,-68.55,-65.01,-155,R,84647,-23.1535
32580,P2,BASE,-68.70,-64.99,-156,R,84621,-23.1907
32590,P2,BASE,-68.85,-67.51,-153,R,84594,-23.2040
32600,P2,BASE,-69.00,-67.49,-154,R,84567,-23.2192
32610,P2,BASE,-69.15,-70.01,-151,R,84539,-23.2106
32620,P2,BASE,-69.30,-67.51,-154,R,84512,-23.2285
32630,P2,BASE,-69.45,-64.99,-157,R,84486,-23.2730
32640,P2,BASE,-69.60,-69.99,-152,R,84458,-23.2691
32650,P2,BASE,-69.75,-65.00,-157,R,84432,-23.3166
32660,P2,BASE,-69.90,-70.01,-153,R,84404,-23.3155
32670,P2,BASE,-70.05,-67.49,-155,R,84377,-23.3412
32680,P2,BASE,-70.20,-67.51,-156,R,84350,-23.3680
32690,P2,BASE,-70.35,-67.49,-156,R,84323,-23.3966
32700,P2,BASE,-70.50,-67.50,-156,R,84296,-23.4266
32710,P2,BASE,-70.65,-72.51,-151,R,84267,-23.4080
32720,P2,BASE,-70.80,-67.50,-157,R,84240,-23.4410
32730,P2,BASE,-70.95,-69.99,-154,R,84212,-23.4505
32740,P2,BASE,-71.10,-69.98,-155,R,84184,-23.4617
32750,P2,BASE,-71.25,-67.51,-158,R,84157,-23.4992
32760,P2,BASE,-71.40,-67.50,-158,R,84130,-23.5382
32770,P2,BASE,-71.55,-70.01,-156,R,84102,-23.5535
32780,P2,BASE,-71.70,-67.48,-159,R,84075,-23.5957
32790,P2,BASE,-71.85,-67.50,-159,R,84048,-23.6392
32800,P2,BASE,-72.00,-67.53,-160,R,84021,-23.6840
32810,P2,BASE,-72.15,-69.99,-157,R,83993,-23.7056
32820,P2,BASE,-72.30,-70.00,-158,R,83965,-23.7286
32830,P2,BASE,-72.45,-72.51,-155,R,83936,-23.7280
32840,P2,BASE,-72.60,-70.00,-158,R,83908,-23.7540
32850,P2,BASE,-72.75,-72.48,-156,R,83879,-23.7567
32860,P2,BASE,-72.90,-70.00,-159,R,83851,-23.7857
32870,P2,BASE,-73.05,-72.51,-156,R,83822,-23.7911
32880,P2,BASE,-73.20,-72.51,-157,R,83793,-23.7980
32890,P2,BASE,-73.35,-72.51,-157,R,83764,-23.8065
32900,P2,BASE,-73.50,-72.49,-157,R,83735,-23.8165
32910,P2,BASE,-73.65,-72.50,-157,R,83706,-23.8280
32920,P2,BASE,-73.80,-74.98,-155,R,83676,-23.8163
32930,P2,BASE,-73.95,-72.50,-157,R,83647,-23.8308
32940,P2,BASE,-74.10,-72.53,-158,R,83618,-23.8465
32950,P2,BASE,-74.25,-72.49,-158,R,83589,-23.8640
32960,P2,BASE,-74.40,-72.51,-158,R,83560,-23.8830
32970,P2,BASE,-74.55,-69.97,-161,R,83532,-23.9287
32980,P2,BASE,-74.70,-75.01,-156,R,83502,-23.9256
32990,P2,BASE,-74.85,-69.99,-162,R,83474,-23.9742
33000,P2,BASE,-75.00,-72.52,-160,R,83445,-23.9989
33010,P2,BASE,-75.15,-72.49,-160,R,83416,-24.0256
33020,P2,BASE,-75.30,-74.99,-158,R,83386,-24.0287
33030,P2,BASE,-75.45,-72.51,-160,R,83357,-24.0580
33040,P2,BASE,-75.60,-74.99,-158,R,83327,-24.0642
33050,P2,BASE,-75.75,-72.52,-161,R,83298,-24.0965
33060,P2,BASE,-75.90,-77.48,-156,R,83267,-24.0807
33070,P2,BASE,-76.05,-75.00,-159,R,83237,-24.0912
33080,P2,BASE,-76.20,-72.50,-162,R,83208,-24.1282
33090,P2,BASE,-76.35,-75.01,-159,R,83178,-24.1415
33100,P2,BASE,-76.50,-74.99,-160,R,83148,-24.1566
33110,P2,BASE,-76.65,-77.51,-157,R,83117,-24.1480
33120,P2,BASE,-76.80,-75.00,-160,R,83087,-24.1660
33130,P2,BASE,-76.95,-77.48,-158,R,83056,-24.1607
33140,P2,BASE,-77.10,-80.02,-155,R,83024,-24.1315
33150,P2,BASE,-77.25,-77.48,-158,R,82993,-24.1293
33160,P2,BASE,-77.40,-75.02,-161,R,82963,-24.1530
33170,P2,BASE,-77.55,-77.48,-158,R,82932,-24.1537
33180,P2,BASE,-77.70,-75.02,-161,R,82902,-24.1805
33190,P2,BASE,-77.85,-77.49,-159,R,82871,-24.1840
33200,P2,BASE,-78.00,-77.51,-159,R,82840,-24.1890
33210,P2,BASE,-78.15,-74.97,-162,R,82810,-24.2208
33220,P2,BASE,-78.30,-77.50,-159,R,82779,-24.2288
33230,P2,BASE,-78.45,-77.52,-160,R,82748,-24.2380
33240,P2,BASE,-78.60,-77.48,-160,R,82717,-24.2492
33250,P2,BASE,-78.75,-75.01,-163,R,82687,-24.2865
33260,P2,BASE,-78.90,-79.99,-158,R,82655,-24.2756
33270,P2,BASE,-79.05,-75.01,-163,R,82625,-24.3160
33280,P2,BASE,-79.20,-77.50,-161,R,82594,-24.3330
33290,P2,BASE,-79.35,-77.49,-161,R,82563,-24.3515
33300,P2,BASE,-79.50,-79.99,-159,R,82531,-24.3466
33310,P2,BASE,-79.65,-77.52,-162,R,82500,-24.3680
33320,P2,BASE,-79.80,-79.98,-159,R,82468,-24.3661
33330,P2,BASE,-79.95,-77.51,-162,R,82437,-24.3905
33340,P2,BASE,-80.10,-77.49,-163,R,82406,-24.4166
33350,P2,BASE,-80.25,-77.50,-163,R,82375,-24.4441
33360,P2,BASE,-80.40,-77.52,-163,R,82344,-24.4730
33370,P2,BASE,-80.55,-74.99,-166,R,82314,-24.5285
33380,P2,BASE,-80.70,-77.48,-164,R,82283,-24.5607
33390,P2,BASE,-80.85,-77.51,-164,R,82252,-24.5941
33400,P2,BASE,-81.00,-77.49,-165,R,82221,-24.6292
33410,P2,BASE,-81.15,-77.52,-165,R,82190,-24.6655
33420,P2,BASE,-81.30,-79.99,-163,R,82158,-24.6785
33430,P2,BASE,-81.45,-79.94,-163,R,82126,-24.6937
33440,P2,BASE,-81.60,-75.05,-169,R,82096,-24.7592
33450,P2,BASE,-81.75,-79.99,-164,R,82064,-24.7767
33460,P2,BASE,-81.90,-79.99,-164,R,82032,-24.7958
33470,P2,BASE,-82.05,-77.51,-167,R,82001,-24.8412
33480,P2,BASE,-82.20,-77.50,-168,R,81970,-24.8882
33490,P2,BASE,-82.35,-80.02,-165,R,81938,-24.9115
33500,P2,BASE,-82.50,-77.49,-169,R,81907,-24.9616
33510,P2,BASE,-82.65,-82.48,-164,R,81874,-24.9633
33520,P2,BASE,-82.80,-77.50,-169,R,81843,-25.0163
33530,P2,BASE,-82.95,-80.03,-167,R,81811,-25.0455
33540,P2,BASE,-83.10,-79.98,-167,R,81779,-25.0767
33550,P2,BASE,-83.25,-80.00,-168,R,81747,-25.1092
33560,P2,BASE,-83.40,-77.51,-171,R,81716,-25.1681
33570,P2,BASE,-83.55,-77.48,-171,R,81685,-25.2288
33580,P2,BASE,-83.70,-77.52,-172,R,81654,-25.2906
33590,P2,BASE,-83.85,-77.48,-172,R,81623,-25.3542
33600,P2,BASE,-84.00,-80.01,-170,R,81591,-25.3942
33610,P2,BASE,-84.15,-77.49,-173,R,81560,-25.4607
33620,P2,BASE,-84.30,-82.52,-169,R,81527,-25.4786
33630,P2,BASE,-84.45,-80.01,-172,R,81495,-25.5230
33640,P2,BASE,-84.60,-82.43,-169,R,81462,-25.5447
33650,P2,BASE,-84.75,-80.03,-172,R,81430,-25.5918
33660,P2,BASE,-84.90,-80.02,-173,R,81398,-25.6407
33670,P2,BASE,-85.05,-82.51,-171,R,81365,-25.6661
33680,P2,BASE,-85.20,-82.49,-171,R,81332,-25.6932
33690,P2,BASE,-85.35,-82.50,-171,R,81299,-25.7217
33700,P2,BASE,-85.50,-82.49,-172,R,81266,-25.7518
33710,P2,BASE,-85.65,-82.52,-172,R,81233,-25.7831
33720,P2,BASE,-85.80,-82.49,-172,R,81200,-25.8162
33730,P2,BASE,-85.95,-82.51,-173,R,81167,-25.8506
33740,P2,BASE,-86.10,-80.00,-176,R,81135,-25.9116
33750,P2,BASE,-86.25,-82.48,-174,R,81102,-25.9493
33760,P2,BASE,-86.40,-80.02,-177,R,81070,-26.0131
33770,P2,BASE,-86.55,-82.48,-175,R,81037,-26.0539
33780,P2,BASE,-86.70,-80.02,-178,R,81005,-26.1206
33790,P2,BASE,-86.85,-85.01,-173,R,80971,-26.1390
33800,P2,BASE,-87.00,-82.50,-176,R,80938,-26.1840
33810,P2,BASE,-87.15,-82.47,-177,R,80905,-26.2309
33820,P2,BASE,-87.30,-85.02,-174,R,80871,-26.2537
33830,P2,BASE,-87.45,-82.49,-177,R,80838,-26.3033
33840,P2,BASE,-87.60,-85.01,-175,R,80804,-26.3292
33850,P2,BASE,-87.75,-85.01,-175,R,80770,-26.3566
33860,P2,BASE,-87.90,-85.00,-176,R,80736,-26.3856
33870,P2,BASE,-88.05,-84.93,-176,R,80702,-26.4168
33880,P2,BASE,-88.20,-87.54,-174,R,80667,-26.4233
33890,P2,BASE,-88.35,-85.02,-177,R,80633,-26.4567
33900,P2,BASE,-88.50,-87.49,-174,R,80598,-26.4668
33910,P2,BASE,-88.65,-85.00,-177,R,80564,-26.5033
33920,P2,BASE,-88.80,-85.01,-178,R,80530,-26.5412
33930,P2,BASE,-88.95,-84.99,-178,R,80496,-26.5808
33940,P2,BASE,-89.10,-87.53,-176,R,80461,-26.5965
33950,P2,BASE,-89.25,-84.97,-179,R,80427,-26.6392
33960,P2,BASE,-89.40,-85.02,-179,R,80393,-26.6831
33970,P2,BASE,-89.55,-87.47,-177,R,80358,-26.7038
33980,P2,BASE,-89.70,-87.52,-177,R,80323,-26.7257
33990,P2,BASE,-89.85,-85.01,-180,R,80289,-26.7741
34000,P2,BASE,-90.00,-89.99,-175,R,80253,-26.7742
34010,P2,BASE,-90.15,-87.51,-178,R,80218,-26.8006
34020,P2,BASE,-90.30,-87.51,-179,R,80183,-26.8285
34030,P2,BASE,-90.45,-89.93,-176,R,80147,-26.8337
34040,P2,BASE,-90.60,-87.56,-179,R,80112,-26.8641
34050,P2,BASE,-90.75,-89.98,-177,R,80076,-26.8718
34060,P2,BASE,-90.90,-90.02,-177,R,80040,-26.8806
34070,P2,BASE,-91.05,-87.49,-180,R,80005,-26.9162
34080,P2,BASE,-91.20,-90.02,-178,R,79969,-26.9280
34090,P2,BASE,-91.35,-87.47,-181,R,79934,-26.9668
34100,P2,BASE,-91.50,-87.50,-181,R,79899,-27.0068
34110,P2,BASE,-91.65,-87.51,-181,R,79864,-27.0482
34120,P2,BASE,-91.80,-89.98,-179,R,79828,-27.0664
34130,P2,BASE,-91.95,-87.54,-182,R,79793,-27.1105
34140,P2,BASE,-92.10,-92.50,-177,R,79756,-27.1065
34150,P2,BASE,-92.25,-92.50,-177,R,79719,-27.1040
34160,P2,BASE,-92.40,-87.50,-183,R,79684,-27.1530
34170,P2,BASE,-92.55,-92.47,-178,R,79647,-27.1538
34180,P2,BASE,-92.70,-90.03,-181,R,79611,-27.1805
34190,P2,BASE,-92.85,-92.46,-178,R,79574,-27.1844
34200,P2,BASE,-93.00,-90.03,-181,R,79538,-27.2141
34210,P2,BASE,-93.15,-89.99,-182,R,79502,-27.2457
34220,P2,BASE,-93.30,-92.48,-179,R,79465,-27.2539
34230,P2,BASE,-93.45,-92.54,-179,R,79428,-27.2630
34240,P2,BASE,-93.60,-89.98,-182,R,79392,-27.2992
34250,P2,BASE,-93.75,-92.52,-180,R,79355,-27.3115
34260,P2,BASE,-93.90,-89.97,-183,R,79319,-27.3508
34270,P2,BASE,-94.05,-90.03,-183,R,79283,-27.3910
34280,P2,BASE,-94.20,-89.98,-184,R,79247,-27.4332
34290,P2,BASE,-94.35,-90.02,-184,R,79211,-27.4765
34300,P2,BASE,-94.50,-92.46,-182,R,79174,-27.4969
34310,P2,BASE,-94.65,-95.02,-180,R,79136,-27.4932
34320,P2,BASE,-94.80,-92.52,-183,R,79099,-27.5160
34330,P2,BASE,-94.95,-97.48,-177,R,79060,-27.4907
34340,P2,BASE,-95.10,-95.00,-180,R,79022,-27.4917
34350,P2,BASE,-95.25,-95.01,-180,R,78984,-27.4941
34360,P2,BASE,-95.40,-97.47,-178,R,78945,-27.4734
34370,P2,BASE,-95.55,-95.01,-181,R,78907,-27.4788
34380,P2,BASE,-95.70,-97.53,-178,R,78868,-27.4605
34390,P2,BASE,-95.85,-94.97,-181,R,78830,-27.4693
34400,P2,BASE,-96.00,-95.02,-181,R,78792,-27.4791
34410,P2,BASE,-96.15,-97.48,-179,R,78753,-27.4658
34420,P2,BASE,-96.30,-92.49,-184,R,78716,-27.5039
34430,P2,BASE,-96.45,-95.01,-182,R,78678,-27.5183
34440,P2,BASE,-96.60,-95.03,-182,R,78640,-27.5340
34450,P2,BASE,-96.75,-92.49,-185,R,78603,-27.5766
34460,P2,BASE,-96.90,-97.48,-180,R,78564,-27.5708
34470,P2,BASE,-97.05,-95.03,-183,R,78526,-27.5910
34480,P2,BASE,-97.20,-97.49,-180,R,78487,-27.5881
34490,P2,BASE,-97.35,-97.49,-181,R,78448,-27.5867
34500,P2,BASE,-97.50,-95.02,-183,R,78410,-27.6115
34510,P2,BASE,-97.65,-97.46,-181,R,78371,-27.6134
34520,P2,BASE,-97.80,-97.51,-181,R,78332,-27.6163
34530,P2,BASE,-97.95,-95.03,-184,R,78294,-27.6455
34540,P2,BASE,-98.10,-97.50,-182,R,78255,-27.6515
34550,P2,BASE,-98.25,-100.00,-179,R,78215,-27.6340
34560,P2,BASE,-98.40,-97.48,-182,R,78176,-27.6432
34570,P2,BASE,-98.55,-97.52,-182,R,78137,-27.6535
34580,P2,BASE,-98.70,-97.47,-182,R,78098,-27.6658
34590,P2,BASE,-98.85,-95.02,-185,R,78060,-27.7041
34600,P2,BASE,-99.00,-97.50,-183,R,78021,-27.7191
34610,P2,BASE,-99.15,-97.48,-183,R,77982,-27.7358
34620,P2,BASE,-99.30,-97.52,-184,R,77943,-27.7536
34630,P2,BASE,-99.45,-94.97,-187,R,77905,-27.7984
34640,P2,BASE,-99.60,-102.52,-179,R,77864,-27.7692
34650,P2,BASE,-99.75,-97.49,-184,R,77825,-27.7918
34660,P2,BASE,-99.90,-100.03,-182,R,77785,-27.7905
34670,P2,BASE,-100.05,-99.99,-182,R,77745,-27.7911
34680,P2,BASE,-100.20,-99.99,-182,R,77705,-27.7932
34690,P2,BASE,-100.35,-102.49,-180,R,77664,-27.7718
34700,P2,BASE,-100.50,-97.53,-185,R,77625,-27.8015
34710,P2,BASE,-100.65,-99.97,-183,R,77585,-27.8083
34720,P2,BASE,-100.80,-100.02,-183,R,77545,-27.8161
34730,P2,BASE,-100.95,-97.49,-186,R,77506,-27.8507
34740,P2,BASE,-101.10,-97.50,-186,R,77467,-27.8867
34750,P2,BASE,-101.25,-99.96,-184,R,77427,-27.8996
34760,P2,BASE,-101.40,-97.56,-187,R,77388,-27.9380
34770,P2,BASE,-101.55,-102.49,-182,R,77347,-27.9286
34780,P2,BASE,-101.70,-100.00,-185,R,77307,-27.9456
34790,P2,BASE,-101.85,-102.49,-182,R,77266,-27.9392
34800,P2,BASE,-102.00,-100.02,-185,R,77226,-27.9590
34810,P2,BASE,-102.15,-100.00,-185,R,77186,-27.9805
34820,P2,BASE,-102.30,-99.97,-186,R,77146,-28.0038
34830,P2,BASE,-102.45,-100.01,-186,R,77106,-28.0282
34840,P2,BASE,-102.60,-102.52,-184,R,77065,-28.0290
34850,P2,BASE,-102.75,-99.97,-187,R,77025,-28.0568
34860,P2,BASE,-102.90,-102.53,-184,R,76984,-28.0605
34870,P2,BASE,-103.05,-99.98,-187,R,76944,-28.0912
34880,P2,BASE,-103.20,-100.01,-187,R,76904,-28.1231
34890,P2,BASE,-103.35,-97.50,-191,R,76865,-28.1816
34900,P2,BASE,-103.50,-99.99,-188,R,76825,-28.2167
34910,P2,BASE,-103.65,-102.51,-186,R,76784,-28.2281
34920,P2,BASE,-103.80,-105.00,-184,R,76742,-28.2161
34930,P2,BASE,-103.95,-105.01,-184,R,76700,-28.2055
34940,P2,BASE,-104.10,-104.97,-184,R,76658,-28.1968
34950,P2,BASE,-104.25,-105.00,-184,R,76616,-28.1893
34960,P2,BASE,-104.40,-105.03,-184,R,76574,-28.1830
34970,P2,BASE,-104.55,-107.48,-181,R,76531,-28.1537
34980,P2,BASE,-104.70,-105.02,-184,R,76489,-28.1505
34990,P2,BASE,-104.85,-104.97,-184,R,76447,-28.1493
35000,P2,BASE,-105.00,-105.01,-184,R,76405,-28.1492
35010,P2,BASE,-105.15,-105.02,-185,R,76363,-28.1505
35020,P2,BASE,-105.30,-102.50,-187,R,76322,-28.1785
35030,P2,BASE,-105.45,-102.46,-188,R,76281,-28.2084
35040,P2,BASE,-105.60,-105.01,-185,R,76239,-28.2143
35050,P2,BASE,-105.75,-102.50,-188,R,76198,-28.2468
35060,P2,BASE,-105.90,-105.01,-186,R,76156,-28.2557
35070,P2,BASE,-106.05,-105.02,-186,R,76114,-28.2660
35080,P2,BASE,-106.20,-104.97,-186,R,76072,-28.2783
35090,P2,BASE,-106.35,-105.02,-187,R,76030,-28.2916
35100,P2,BASE,-106.50,-105.01,-187,R,75988,-28.3065
35110,P2,BASE,-106.65,-107.49,-184,R,75945,-28.2981
35120,P2,BASE,-106.80,-102.49,-190,R,75904,-28.3412
35130,P2,BASE,-106.95,-109.98,-182,R,75860,-28.3110
35140,P2,BASE,-107.10,-107.53,-185,R,75817,-28.3066
35150,P2,BASE,-107.25,-104.98,-188,R,75775,-28.3293
35160,P2,BASE,-107.40,-105.03,-188,R,75733,-28.3530
35170,P2,BASE,-107.55,-104.99,-188,R,75691,-28.3786
35180,P2,BASE,-107.70,-107.50,-186,R,75648,-28.3806
35190,P2,BASE,-107.85,-102.51,-192,R,75607,-28.4340
35200,P2,BASE,-108.00,-109.96,-184,R,75563,-28.4145
35210,P2,BASE,-108.15,-107.52,-187,R,75520,-28.4208
35220,P2,BASE,-108.30,-105.01,-190,R,75478,-28.4536
35230,P2,BASE,-108.45,-107.48,-187,R,75435,-28.4634
35240,P2,BASE,-108.60,-110.01,-185,R,75391,-28.4493
35250,P2,BASE,-108.75,-110.01,-185,R,75347,-28.4366
35260,P2,BASE,-108.90,-107.48,-188,R,75304,-28.4509
35270,P2,BASE,-109.05,-110.01,-185,R,75260,-28.4412
35280,P2,BASE,-109.20,-110.02,-185,R,75216,-28.4330
35290,P2,BASE,-109.35,-107.49,-188,R,75173,-28.4516
35300,P2,BASE,-109.50,-104.99,-191,R,75131,-28.4967
35310,P2,BASE,-109.65,-107.52,-189,R,75088,-28.5180
35320,P2,BASE,-109.80,-107.39,-189,R,75045,-28.5421
35330,P2,BASE,-109.95,-105.08,-192,R,75003,-28.5908
35340,P2,BASE,-110.10,-112.49,-185,R,74958,-28.5669
35350,P2,BASE,-110.25,-107.50,-190,R,74915,-28.5944
35360,P2,BASE,-110.40,-110.03,-188,R,74871,-28.5980
35370,P2,BASE,-110.55,-109.99,-188,R,74827,-28.6037
35380,P2,BASE,-110.70,-107.50,-191,R,74784,-28.6357
35390,P2,BASE,-110.85,-107.48,-191,R,74741,-28.6694
35400,P2,BASE,-111.00,-110.02,-189,R,74697,-28.6791
35410,P2,BASE,-111.15,-110.01,-189,R,74653,-28.6905
35420,P2,BASE,-111.30,-109.98,-189,R,74609,-28.7038
35430,P2,BASE,-111.45,-110.00,-190,R,74565,-28.7183
35440,P2,BASE,-111.60,-107.49,-193,R,74522,-28.7594
35450,P2,BASE,-111.75,-105.02,-196,R,74480,-28.8267
35460,P2,BASE,-111.90,-109.99,-191,R,74436,-28.8458
35470,P2,BASE,-112.05,-110.00,-191,R,74392,-28.8663
35480,P2,BASE,-112.20,-112.49,-189,R,74347,-28.8634
35490,P2,BASE,-112.35,-112.51,-189,R,74302,-28.8618
35500,P2,BASE,-112.50,-115.00,-186,R,74256,-28.8368
35510,P2,BASE,-112.65,-112.52,-189,R,74211,-28.8380
35520,P2,BASE,-112.80,-114.98,-187,R,74165,-28.8163
35530,P2,BASE,-112.95,-112.50,-189,R,74120,-28.8208
35540,P2,BASE,-113.10,-114.99,-187,R,74074,-28.8019
35550,P2,BASE,-113.25,-115.01,-187,R,74028,-28.7843
35560,P2,BASE,-113.40,-112.51,-190,R,73983,-28.7932
35570,P2,BASE,-113.55,-112.47,-190,R,73938,-28.8040
35580,P2,BASE,-113.70,-110.03,-193,R,73894,-28.8407
35590,P2,BASE,-113.85,-112.50,-190,R,73849,-28.8542
35600,P2,BASE,-114.00,-109.97,-193,R,73805,-28.8945
35610,P2,BASE,-114.15,-115.01,-188,R,73759,-28.8859
35620,P2,BASE,-114.30,-112.51,-191,R,73714,-28.9038
35630,P2,BASE,-114.45,-115.01,-189,R,73668,-28.8981
35640,P2,BASE,-114.60,-115.00,-189,R,73622,-28.8941
35650,P2,BASE,-114.75,-112.49,-192,R,73577,-28.9168
35660,P2,BASE,-114.90,-112.52,-192,R,73532,-28.9405
35670,P2,BASE,-115.05,-114.99,-190,R,73486,-28.9412
35680,P2,BASE,-115.20,-114.97,-190,R,73440,-28.9435
35690,P2,BASE,-115.35,-115.01,-190,R,73394,-28.9469
35700,P2,BASE,-115.50,-115.02,-190,R,73348,-28.9517
35710,P2,BASE,-115.65,-112.51,-193,R,73303,-28.9830
35720,P2,BASE,-115.80,-114.99,-191,R,73257,-28.9912
35730,P2,BASE,-115.95,-112.49,-194,R,73212,-29.0258
35740,P2,BASE,-116.10,-115.01,-191,R,73166,-29.0367
35750,P2,BASE,-116.25,-115.00,-192,R,73120,-29.0492
35760,P2,BASE,-116.40,-117.51,-189,R,73073,-29.0380
35770,P2,BASE,-116.55,-114.99,-192,R,73027,-29.0536
35780,P2,BASE,-116.70,-117.48,-189,R,72980,-29.0459
35790,P2,BASE,-116.85,-117.54,-190,R,72933,-29.0390
35800,P2,BASE,-117.00,-117.50,-190,R,72886,-29.0340
35810,P2,BASE,-117.15,-117.50,-190,R,72839,-29.0305
35820,P2,BASE,-117.30,-117.48,-190,R,72792,-29.0288
35830,P2,BASE,-117.45,-115.00,-193,R,72746,-29.0533
35840,P2,BASE,-117.60,-115.02,-193,R,72700,-29.0790
35850,P2,BASE,-117.75,-114.97,-193,R,72654,-29.1069
35860,P2,BASE,-117.90,-112.50,-197,R,72609,-29.1609
35870,P2,BASE,-118.05,-120.02,-189,R,72561,-29.1411
35880,P2,BASE,-118.20,-117.48,-192,R,72514,-29.1484
35890,P2,BASE,-118.35,-117.52,-192,R,72467,-29.1566
35900,P2,BASE,-118.50,-117.48,-192,R,72420,-29.1669
35910,P2,BASE,-118.65,-115.01,-195,R,72374,-29.2033
35920,P2,BASE,-118.80,-117.48,-193,R,72327,-29.2165
35930,P2,BASE,-118.95,-117.55,-193,R,72280,-29.2305
35940,P2,BASE,-119.10,-117.46,-193,R,72233,-29.2469
35950,P2,BASE,-119.25,-117.50,-193,R,72186,-29.2644
35960,P2,BASE,-119.40,-115.03,-196,R,72140,-29.3080
35970,P2,BASE,-119.55,-115.00,-197,R,72094,-29.3535
35980,P2,BASE,-119.70,-114.98,-197,R,72048,-29.4008
35990,P2,BASE,-119.85,-117.52,-195,R,72001,-29.4240
36000,P2,BASE,-120.00,-119.96,-193,R,71953,-29.4244
36010,P2,BASE,-120.15,-120.00,-193,R,71905,-29.4259
36020,P2,BASE,-120.30,-125.01,-188,R,71855,-29.3788
36030,P2,BASE,-120.45,-119.99,-193,R,71807,-29.3834
36040,P2,BASE,-120.60,-122.49,-190,R,71758,-29.3645
36050,P2,BASE,-120.75,-122.54,-190,R,71709,-29.3466
36060,P2,BASE,-120.90,-122.49,-191,R,71660,-29.3308
36070,P2,BASE,-121.05,-122.49,-191,R,71611,-29.3164
36080,P2,BASE,-121.20,-120.01,-193,R,71563,-29.3283
36090,P2,BASE,-121.35,-117.52,-196,R,71516,-29.3665
36100,P2,BASE,-121.50,-119.96,-194,R,71468,-29.3819
36110,P2,BASE,-121.65,-120.02,-194,R,71420,-29.3982
36120,P2,BASE,-121.80,-120.01,-195,R,71372,-29.4160
36130,P2,BASE,-121.95,-119.96,-195,R,71324,-29.4359
36140,P2,BASE,-122.10,-122.54,-192,R,71275,-29.4315
36150,P2,BASE,-122.25,-122.48,-193,R,71226,-29.4293
36160,P2,BASE,-122.40,-120.00,-195,R,71178,-29.4533
36170,P2,BASE,-122.55,-122.51,-193,R,71129,-29.4536
36180,P2,BASE,-122.70,-120.01,-196,R,71081,-29.4805
36190,P2,BASE,-122.85,-122.45,-194,R,71032,-29.4845
36200,P2,BASE,-123.00,-122.54,-194,R,70983,-29.4892
36210,P2,BASE,-123.15,-122.51,-194,R,70934,-29.4955
36220,P2,BASE,-123.30,-119.96,-197,R,70886,-29.5289
36230,P2,BASE,-123.45,-122.51,-194,R,70837,-29.5383
36240,P2,BASE,-123.60,-122.52,-195,R,70788,-29.5490
36250,P2,BASE,-123.75,-119.99,-198,R,70740,-29.5866
36260,P2,BASE,-123.90,-122.50,-195,R,70691,-29.6006
36270,P2,BASE,-124.05,-125.01,-193,R,70641,-29.5910
36280,P2,BASE,-124.20,-124.99,-193,R,70591,-29.5831
36290,P2,BASE,-124.35,-125.00,-193,R,70541,-29.5766
36300,P2,BASE,-124.50,-124.98,-193,R,70491,-29.5719
36310,P2,BASE,-124.65,-127.53,-191,R,70440,-29.5431
36320,P2,BASE,-124.80,-122.51,-196,R,70391,-29.5660
36330,P2,BASE,-124.95,-124.91,-194,R,70341,-29.5664
36340,P2,BASE,-125.10,-120.06,-199,R,70293,-29.6168
36350,P2,BASE,-125.25,-119.99,-200,R,70245,-29.6694
36360,P2,BASE,-125.40,-122.51,-197,R,70196,-29.6983
36370,P2,BASE,-125.55,-127.49,-192,R,70145,-29.6789
36380,P2,BASE,-125.70,-125.00,-195,R,70095,-29.6859
36390,P2,BASE,-125.85,-125.00,-195,R,70045,-29.6944
36400,P2,BASE,-126.00,-122.50,-198,R,69996,-29.7294
36410,P2,BASE,-126.15,-125.03,-196,R,69946,-29.7407
36420,P2,BASE,-126.30,-122.49,-199,R,69897,-29.7788
36430,P2,BASE,-126.45,-125.03,-197,R,69847,-29.7930
36440,P2,BASE,-126.60,-124.98,-197,R,69797,-29.8093
36450,P2,BASE,-126.75,-125.01,-197,R,69747,-29.8267
36460,P2,BASE,-126.90,-120.00,-203,R,69699,-29.8957
36470,P2,BASE,-127.05,-122.50,-201,R,69650,-29.9412
36480,P2,BASE,-127.20,-124.99,-199,R,69600,-29.9633
36490,P2,BASE,-127.35,-127.49,-196,R,69549,-29.9619
36500,P2,BASE,-127.50,-127.50,-196,R,69498,-29.9619
36510,P2,BASE,-127.65,-130.03,-194,R,69446,-29.9382
36520,P2,BASE,-127.80,-130.00,-194,R,69394,-29.9162
36530,P2,BASE,-127.95,-130.00,-194,R,69342,-29.8957
36540,P2,BASE,-128.10,-130.00,-194,R,69290,-29.8767
36550,P2,BASE,-128.25,-130.01,-194,R,69238,-29.8590
36560,P2,BASE,-128.40,-127.47,-197,R,69187,-29.8683
36570,P2,BASE,-128.55,-127.49,-197,R,69136,-29.8789
36580,P2,BASE,-128.70,-127.54,-197,R,69085,-29.8905
36590,P2,BASE,-128.85,-127.45,-197,R,69034,-29.9045
36600,P2,BASE,-129.00,-127.50,-198,R,68983,-29.9195
36610,P2,BASE,-129.15,-127.50,-198,R,68932,-29.9360
36620,P2,BASE,-129.30,-127.50,-198,R,68881,-29.9540
36630,P2,BASE,-129.45,-127.55,-198,R,68830,-29.9730
36640,P2,BASE,-129.60,-129.99,-196,R,68778,-29.9692
36650,P2,BASE,-129.75,-127.51,-199,R,68727,-29.9915
36660,P2,BASE,-129.90,-130.00,-196,R,68675,-29.9905
36670,P2,BASE,-130.05,-129.99,-197,R,68623,-29.9912
36680,P2,BASE,-130.20,-130.00,-197,R,68571,-29.9932
36690,P2,BASE,-130.35,-127.49,-200,R,68520,-30.0218
36700,P2,BASE,-130.50,-127.51,-200,R,68469,-30.0517
36710,P2,BASE,-130.65,-127.47,-200,R,68418,-30.0834
36720,P2,BASE,-130.80,-130.01,-198,R,68366,-30.0913
36730,P2,BASE,-130.95,-129.99,-198,R,68314,-30.1009
36740,P2,BASE,-131.10,-132.51,-196,R,68261,-30.0868
36750,P2,BASE,-131.25,-130.00,-198,R,68209,-30.0993
36760,P2,BASE,-131.40,-132.53,-196,R,68156,-30.0880
36770,P2,BASE,-131.55,-129.99,-199,R,68104,-30.1036
36780,P2,BASE,-131.70,-134.99,-194,R,68050,-30.0708
36790,P2,BASE,-131.85,-132.47,-196,R,67997,-30.0645
36800,P2,BASE,-132.00,-130.01,-199,R,67945,-30.0844
36810,P2,BASE,-132.15,-127.53,-202,R,67894,-30.1307
36820,P2,BASE,-132.30,-129.99,-200,R,67842,-30.1538
36830,P2,BASE,-132.45,-130.01,-200,R,67790,-30.1782
36840,P2,BASE,-132.60,-132.49,-198,R,67737,-30.1793
36850,P2,BASE,-132.75,-129.99,-201,R,67685,-30.2069
36860,P2,BASE,-132.90,-132.53,-198,R,67632,-30.2107
36870,P2,BASE,-133.05,-129.97,-201,R,67580,-30.2414
36880,P2,BASE,-133.20,-130.00,-202,R,67528,-30.2734
36890,P2,BASE,-133.35,-132.50,-199,R,67475,-30.2819
36900,P2,BASE,-133.50,-132.45,-200,R,67422,-30.2924
36910,P2,BASE,-133.65,-130.09,-202,R,67370,-30.3280
36920,P2,BASE,-133.80,-130.00,-203,R,67318,-30.3660
36930,P2,BASE,-133.95,-127.50,-206,R,67267,-30.4305
36940,P2,BASE,-134.10,-129.95,-204,R,67215,-30.4721
36950,P2,BASE,-134.25,-135.05,-199,R,67161,-30.4640
36960,P2,BASE,-134.40,-134.99,-199,R,67107,-30.4582
36970,P2,BASE,-134.55,-137.50,-196,R,67052,-30.4287
36980,P2,BASE,-134.70,-135.01,-199,R,66998,-30.4255
36990,P2,BASE,-134.85,-137.46,-196,R,66943,-30.3994
37000,P2,BASE,-135.00,-137.53,-196,R,66888,-30.3742
37010,P2,BASE,-135.15,-137.50,-196,R,66833,-30.3507
37020,P2,BASE,-135.30,-134.97,-199,R,66779,-30.3539
37030,P2,BASE,-135.45,-132.51,-202,R,66726,-30.3833
37040,P2,BASE,-135.60,-132.51,-202,R,66673,-30.4142
37050,P2,BASE,-135.75,-134.97,-200,R,66619,-30.4219
37060,P2,BASE,-135.90,-135.00,-200,R,66565,-30.4309
37070,P2,BASE,-136.05,-135.03,-200,R,66511,-30.4412
37080,P2,BASE,-136.20,-135.00,-201,R,66457,-30.4532
37090,P2,BASE,-136.35,-135.00,-201,R,66403,-30.4667
37100,P2,BASE,-136.50,-134.97,-201,R,66349,-30.4819
37110,P2,BASE,-136.65,-132.54,-204,R,66296,-30.5230
37120,P2,BASE,-136.80,-137.49,-199,R,66241,-30.5162
37130,P2,BASE,-136.95,-137.49,-199,R,66186,-30.5108
37140,P2,BASE,-137.10,-135.03,-202,R,66132,-30.5315
37150,P2,BASE,-137.25,-134.95,-203,R,66078,-30.5546
37160,P2,BASE,-137.40,-135.04,-203,R,66024,-30.5782
37170,P2,BASE,-137.55,-137.49,-200,R,65969,-30.5788
37180,P2,BASE,-137.70,-135.03,-203,R,65915,-30.6055
37190,P2,BASE,-137.85,-139.97,-198,R,65859,-30.5843
37200,P2,BASE,-138.00,-137.50,-201,R,65804,-30.5893
37210,P2,BASE,-138.15,-140.03,-198,R,65748,-30.5705
37220,P2,BASE,-138.30,-137.50,-201,R,65693,-30.5785
37230,P2,BASE,-138.45,-139.99,-199,R,65637,-30.5632
37240,P2,BASE,-138.60,-139.89,-199,R,65581,-30.5503
37250,P2,BASE,-138.75,-135.09,-204,R,65527,-30.5869
37260,P2,BASE,-138.90,-134.97,-205,R,65473,-30.6261
37270,P2,BASE,-139.05,-135.05,-205,R,65419,-30.6661
37280,P2,BASE,-139.20,-139.99,-200,R,65363,-30.6582
37290,P2,BASE,-139.35,-140.00,-200,R,65307,-30.6517
37300,P2,BASE,-139.50,-137.49,-203,R,65252,-30.6719
37310,P2,BASE,-139.65,-137.53,-203,R,65197,-30.6931
37320,P2,BASE,-139.80,-134.99,-206,R,65143,-30.7412
37330,P2,BASE,-139.95,-137.46,-204,R,65088,-30.7661
37340,P2,BASE,-140.10,-140.06,-202,R,65032,-30.7666
37350,P2,BASE,-140.25,-137.50,-205,R,64977,-30.7941
37360,P2,BASE,-140.40,-137.45,-205,R,64922,-30.8236
37370,P2,BASE,-140.55,-135.05,-208,R,64868,-30.8786
37380,P2,BASE,-140.70,-134.99,-208,R,64814,-30.9357
37390,P2,BASE,-140.85,-140.00,-204,R,64758,-30.9442
37400,P2,BASE,-141.00,-144.91,-198,R,64700,-30.9051
37410,P2,BASE,-141.15,-142.57,-201,R,64643,-30.8909
37420,P2,BASE,-141.30,-142.49,-201,R,64586,-30.8790
37430,P2,BASE,-141.45,-145.01,-198,R,64528,-30.8434
37440,P2,BASE,-141.60,-145.03,-198,R,64470,-30.8091
37450,P2,BASE,-141.75,-142.49,-201,R,64413,-30.8017
37460,P2,BASE,-141.90,-142.46,-201,R,64356,-30.7961
37470,P2,BASE,-142.05,-139.96,-204,R,64300,-30.8171
37480,P2,BASE,-142.20,-137.60,-207,R,64245,-30.8631
37490,P2,BASE,-142.35,-142.50,-202,R,64188,-30.8616
37500,P2,BASE,-142.50,-140.00,-205,R,64132,-30.8866
37510,P2,BASE,-142.65,-142.49,-203,R,64075,-30.8882
37520,P2,BASE,-142.80,-139.97,-205,R,64019,-30.9165
37530,P2,BASE,-142.95,-142.51,-203,R,63962,-30.9209
37540,P2,BASE,-143.10,-140.01,-206,R,63906,-30.9517
37550,P2,BASE,-143.25,-145.00,-201,R,63848,-30.9342
37560,P2,BASE,-143.40,-142.49,-204,R,63791,-30.9434
37570,P2,BASE,-143.55,-142.53,-204,R,63734,-30.9536
37580,P2,BASE,-143.70,-139.97,-207,R,63678,-30.9909
37590,P2,BASE,-143.85,-142.49,-205,R,63621,-31.0045
37600,P2,BASE,-144.00,-142.54,-205,R,63564,-31.0191
37610,P2,BASE,-144.15,-142.47,-205,R,63507,-31.0359
37620,P2,BASE,-144.30,-147.43,-200,R,63448,-31.0046
37630,P2,BASE,-144.45,-142.57,-205,R,63391,-31.0234
37640,P2,BASE,-144.60,-147.51,-200,R,63332,-30.9943
37650,P2,BASE,-144.75,-145.01,-203,R,63274,-30.9916
37660,P2,BASE,-144.90,-147.47,-200,R,63215,-30.9659
37670,P2,BASE,-145.05,-145.03,-203,R,63157,-30.9661
37680,P2,BASE,-145.20,-140.00,-209,R,63101,-31.0181
37690,P2,BASE,-145.35,-139.94,-209,R,63045,-31.0722
37700,P2,BASE,-145.50,-145.01,-204,R,62987,-31.0770
37710,P2,BASE,-145.65,-145.00,-204,R,62929,-31.0835
37720,P2,BASE,-145.80,-145.04,-204,R,62871,-31.0911
37730,P2,BASE,-145.95,-142.49,-207,R,62814,-31.1257
37740,P2,BASE,-146.10,-142.47,-208,R,62757,-31.1620
37750,P2,BASE,-146.25,-142.50,-208,R,62700,-31.1995
37760,P2,BASE,-146.40,-147.53,-203,R,62641,-31.1882
37770,P2,BASE,-146.55,-142.51,-209,R,62584,-31.2286
37780,P2,BASE,-146.70,-142.46,-209,R,62527,-31.2710
37790,P2,BASE,-146.85,-142.50,-210,R,62470,-31.3145
37800,P2,BASE,-147.00,-142.53,-210,R,62413,-31.3592
37810,P2,BASE,-147.15,-147.51,-205,R,62354,-31.3556
37820,P2,BASE,-147.30,-147.49,-205,R,62295,-31.3537
37830,P2,BASE,-147.45,-150.01,-203,R,62235,-31.3281
37840,P2,BASE,-147.60,-150.00,-203,R,62175,-31.3041
37850,P2,BASE,-147.75,-149.97,-203,R,62115,-31.2819
37860,P2,BASE,-147.90,-150.01,-203,R,62055,-31.2607
37870,P2,BASE,-148.05,-149.99,-203,R,61995,-31.2414
37880,P2,BASE,-148.20,-147.49,-205,R,61936,-31.2485
37890,P2,BASE,-148.35,-147.54,-206,R,61877,-31.2566
37900,P2,BASE,-148.50,-145.00,-209,R,61819,-31.2916
37910,P2,BASE,-148.65,-149.96,-204,R,61759,-31.2785
37920,P2,BASE,-148.80,-145.00,-209,R,61701,-31.3165
37930,P2,BASE,-148.95,-150.05,-204,R,61641,-31.3056
37940,P2,BASE,-149.10,-147.47,-207,R,61582,-31.3219
37950,P2,BASE,-149.25,-147.50,-207,R,61523,-31.3394
37960,P2,BASE,-149.40,-147.47,-207,R,61464,-31.3587
37970,P2,BASE,-149.55,-150.06,-205,R,61404,-31.3536
37980,P2,BASE,-149.70,-147.44,-208,R,61345,-31.3762
37990,P2,BASE,-149.85,-147.56,-208,R,61286,-31.3991
38000,P2,BASE,-150.00,-147.47,-208,R,61227,-31.4244
38010,P2,BASE,-150.00,-147.50,-209,R,61168,-31.4494
38020,P2,BASE,-150.00,-150.00,-206,R,61108,-31.4494
38030,P2,BASE,-150.00,-150.03,-206,R,61048,-31.4491
38040,P2,BASE,-150.00,-152.45,-203,R,60987,-31.4245
38050,P2,BASE,-150.00,-152.52,-203,R,60926,-31.3994
38060,P2,BASE,-150.00,-152.52,-203,R,60865,-31.3742
38070,P2,BASE,-150.00,-150.00,-206,R,60805,-31.3742
38080,P2,BASE,-150.00,-149.99,-206,R,60745,-31.3744
38090,P2,BASE,-150.00,-145.03,-211,R,60687,-31.4241
38100,P2,BASE,-150.00,-147.49,-209,R,60628,-31.4492
38110,P2,BASE,-150.00,-150.00,-206,R,60568,-31.4492
38120,P2,BASE,-150.00,-150.00,-206,R,60508,-31.4492
38130,P2,BASE,-150.00,-150.01,-206,R,60448,-31.4491
38140,P2,BASE,-150.00,-147.50,-209,R,60389,-31.4741
38150,P2,BASE,-150.00,-147.50,-209,R,60330,-31.4991
38160,P2,BASE,-150.00,-147.50,-209,R,60271,-31.5241
38170,P2,BASE,-150.00,-149.99,-207,R,60211,-31.5242
38180,P2,BASE,-150.00,-147.49,-209,R,60152,-31.5494
38190,P2,BASE,-150.00,-147.53,-209,R,60093,-31.5741
38200,P2,BASE,-150.00,-144.99,-212,R,60035,-31.6242
38210,P2,BASE,-150.00,-147.49,-210,R,59976,-31.6494
38220,P2,BASE,-150.00,-149.99,-207,R,59916,-31.6495
38230,P2,BASE,-150.00,-155.00,-202,R,59854,-31.5995
38240,P2,BASE,-150.00,-152.55,-204,R,59793,-31.5741
38250,P2,BASE,-150.00,-152.45,-204,R,59732,-31.5495
38260,P2,BASE,-150.00,-155.02,-201,R,59670,-31.4994
38270,P2,BASE,-150.00,-152.53,-204,R,59609,-31.4741
38280,P2,BASE,-150.00,-152.45,-204,R,59548,-31.4495
38290,P2,BASE,-150.00,-147.53,-209,R,59489,-31.4742
38300,P2,BASE,-150.00,-147.51,-209,R,59430,-31.4991
38310,P2,BASE,-150.00,-150.00,-206,R,59370,-31.4991
38320,P2,BASE,-150.00,-149.99,-206,R,59310,-31.4992
38330,P2,BASE,-150.00,-150.00,-206,R,59250,-31.4992
38340,P2,BASE,-150.00,-150.01,-206,R,59190,-31.4991
38350,P2,BASE,-150.00,-147.47,-209,R,59131,-31.5244
38360,P2,BASE,-150.00,-150.03,-207,R,59071,-31.5241
38370,P2,BASE,-150.00,-150.00,-207,R,59011,-31.5241
38380,P2,BASE,-150.00,-152.50,-204,R,58950,-31.4991
38390,P2,BASE,-150.00,-147.50,-209,R,58891,-31.5241
38400,P2,BASE,-150.00,-147.44,-209,R,58832,-31.5497
38410,P2,BASE,-150.00,-150.05,-207,R,58772,-31.5492
38420,P2,BASE,-150.00,-149.99,-207,R,58712,-31.5494
38430,P2,BASE,-150.00,-152.48,-204,R,58651,-31.5245
38440,P2,BASE,-150.00,-150.03,-207,R,58591,-31.5242
38450,P2,BASE,-150.00,-154.95,-201,R,58529,-31.4747
38460,P2,BASE,-150.00,-152.53,-203,R,58468,-31.4494
38470,P2,BASE,-150.00,-150.01,-206,R,58408,-31.4492
38480,P2,BASE,-150.00,-152.50,-203,R,58347,-31.4242
38490,P2,BASE,-150.00,-144.96,-211,R,58289,-31.4747
38500,P2,BASE,-150.00,-147.56,-209,R,58230,-31.4991
38510,P2,BASE,-150.00,-149.96,-206,R,58170,-31.4995
38520,P2,BASE,-150.00,-150.00,-206,R,58110,-31.4995
38530,P2,BASE,-150.00,-150.01,-206,R,58050,-31.4994
38540,P2,BASE,-150.00,-147.49,-209,R,57991,-31.5245
38550,P2,BASE,-150.00,-147.51,-209,R,57932,-31.5494
38560,P2,BASE,-150.00,-147.51,-209,R,57873,-31.5742
38570,P2,BASE,-150.00,-150.01,-207,R,57813,-31.5741
38580,P2,BASE,-150.00,-149.99,-207,R,57753,-31.5742
38590,P2,BASE,-150.00,-145.00,-212,R,57695,-31.6242
38600,P2,BASE,-150.00,-145.00,-213,R,57637,-31.6742
38610,P2,BASE,-150.00,-147.47,-210,R,57578,-31.6995
38620,P2,BASE,-150.00,-152.48,-205,R,57517,-31.6747
38630,P2,BASE,-150.00,-152.56,-205,R,57456,-31.6491
38640,P2,BASE,-150.00,-152.50,-205,R,57395,-31.6241
38650,P2,BASE,-150.00,-157.44,-199,R,57332,-31.5497
38660,P2,BASE,-150.00,-155.00,-201,R,57270,-31.4997
38670,P2,BASE,-150.00,-152.53,-204,R,57209,-31.4744
38680,P2,BASE,-150.00,-150.03,-206,R,57149,-31.4741
38690,P2,BASE,-150.00,-147.50,-209,R,57090,-31.4991
38700,P2,BASE,-150.00,-149.96,-206,R,57030,-31.4995
38710,P2,BASE,-150.00,-149.99,-206,R,56970,-31.4997
38720,P2,BASE,-150.00,-150.06,-206,R,56910,-31.4991
38730,P2,BASE,-150.00,-149.97,-206,R,56850,-31.4994
38740,P2,BASE,-150.00,-147.51,-209,R,56791,-31.5242
38750,P2,BASE,-150.00,-150.00,-207,R,56731,-31.5242
38760,P2,BASE,-150.00,-150.00,-207,R,56671,-31.5242
38770,P2,BASE,-150.00,-150.01,-207,R,56611,-31.5241
38780,P2,BASE,-150.00,-152.45,-204,R,56550,-31.4996
38790,P2,BASE,-150.00,-147.54,-209,R,56491,-31.5241
38800,P2,BASE,-150.00,-147.47,-209,R,56432,-31.5494
38810,P2,BASE,-150.00,-150.03,-207,R,56372,-31.5491
38820,P2,BASE,-150.00,-150.00,-207,R,56312,-31.5491
38830,P2,BASE,-150.00,-152.47,-204,R,56251,-31.5244
38840,P2,BASE,-150.00,-150.03,-207,R,56191,-31.5241
38850,P2,BASE,-150.00,-152.48,-204,R,56130,-31.4993
38860,P2,BASE,-150.00,-154.97,-201,R,56068,-31.4496
38870,P2,BASE,-150.00,-150.03,-206,R,56008,-31.4493
38880,P2,BASE,-150.00,-152.47,-203,R,55947,-31.4246
38890,P2,BASE,-150.00,-145.00,-211,R,55889,-31.4746
38900,P2,BASE,-150.00,-147.54,-209,R,55830,-31.4991
38910,P2,BASE,-150.00,-149.99,-206,R,55770,-31.4993
38920,P2,BASE,-150.00,-149.99,-206,R,55710,-31.4994
38930,P2,BASE,-150.00,-149.99,-206,R,55650,-31.4996
38940,P2,BASE,-150.00,-147.53,-209,R,55591,-31.5243
38950,P2,BASE,-150.00,-147.50,-209,R,55532,-31.5493
38960,P2,BASE,-150.00,-147.51,-209,R,55473,-31.5741
38970,P2,BASE,-150.00,-149.97,-207,R,55413,-31.5744
38980,P2,BASE,-150.00,-150.01,-207,R,55353,-31.5743
38990,P2,BASE,-150.00,-144.97,-212,R,55295,-31.6246
39000,P2,BASE,-150.00,-144.99,-213,R,55237,-31.6747
39010,P2,BASE,-150.00,-147.54,-210,R,55178,-31.6993
39020,P2,BASE,-150.00,-152.47,-205,R,55117,-31.6746
39030,P2,BASE,-150.00,-152.52,-205,R,55056,-31.6494
39040,P2,BASE,-150.00,-152.48,-205,R,54995,-31.6246
39050,P2,BASE,-150.00,-157.55,-199,R,54932,-31.5491
39060,P2,BASE,-150.00,-154.97,-201,R,54870,-31.4994
39070,P2,BASE,-150.00,-150.01,-206,R,54810,-31.4993
39080,P2,BASE,-150.00,-152.52,-204,R,54749,-31.4741
39090,P2,BASE,-150.00,-147.46,-209,R,54690,-31.4996
39100,P2,BASE,-150.00,-150.03,-206,R,54630,-31.4993
39110,P2,BASE,-150.00,-149.99,-206,R,54570,-31.4994
39120,P2,BASE,-150.00,-147.49,-209,R,54511,-31.5246
39130,P2,BASE,-150.00,-152.55,-204,R,54450,-31.4991
39140,P2,BASE,-150.00,-147.49,-209,R,54391,-31.5243
39150,P2,BASE,-150.00,-150.00,-207,R,54331,-31.5243
39160,P2,BASE,-150.00,-150.00,-207,R,54271,-31.5243
39170,P2,BASE,-150.00,-150.01,-207,R,54211,-31.5241
39180,P2,BASE,-150.00,-152.50,-204,R,54150,-31.4991
39190,P2,BASE,-150.00,-147.50,-209,R,54091,-31.5241
39200,P2,BASE,-150.00,-149.96,-207,R,54031,-31.5246
39210,P2,BASE,-150.00,-147.54,-209,R,53972,-31.5491
39220,P2,BASE,-150.00,-149.97,-207,R,53912,-31.5494
39230,P2,BASE,-150.00,-152.50,-204,R,53851,-31.5244
39240,P2,BASE,-150.00,-149.99,-207,R,53791,-31.5246
39250,P2,BASE,-150.00,-152.53,-204,R,53730,-31.4993
39260,P2,BASE,-150.00,-155.00,-201,R,53668,-31.4493
39270,P2,BASE,-150.00,-152.52,-203,R,53607,-31.4241
39280,P2,BASE,-150.00,-150.00,-206,R,53547,-31.4241
39290,P2,BASE,-150.00,-144.99,-211,R,53489,-31.4743
39300,P2,BASE,-150.00,-147.51,-209,R,53430,-31.4991
39310,P2,BASE,-150.00,-149.96,-206,R,53370,-31.4996
39320,P2,BASE,-150.00,-150.03,-206,R,53310,-31.4993
39330,P2,BASE,-150.00,-150.00,-206,R,53250,-31.4993
39340,P2,BASE,-150.00,-147.47,-209,R,53191,-31.5246
39350,P2,BASE,-150.00,-147.50,-209,R,53132,-31.5496
39360,P2,BASE,-150.00,-150.05,-207,R,53072,-31.5491
39370,P2,BASE,-150.00,-147.49,-209,R,53013,-31.5742
39380,P2,BASE,-150.00,-150.01,-207,R,52953,-31.5741
39390,P2,BASE,-150.00,-144.96,-212,R,52895,-31.6245
39400,P2,BASE,-150.00,-145.00,-213,R,52837,-31.6745
39410,P2,BASE,-150.00,-147.54,-210,R,52778,-31.6991
39420,P2,BASE,-150.00,-152.47,-205,R,52717,-31.6744
39430,P2,BASE,-150.00,-152.53,-205,R,52656,-31.6491
39440,P2,BASE,-150.00,-152.45,-205,R,52595,-31.6245
39450,P2,BASE,-150.00,-157.50,-199,R,52532,-31.5495
39460,P2,BASE,-150.00,-154.98,-201,R,52470,-31.4997
39470,P2,BASE,-150.00,-150.03,-206,R,52410,-31.4994
39480,P2,BASE,-150.00,-152.52,-204,R,52349,-31.4743
39490,P2,BASE,-150.00,-147.51,-209,R,52290,-31.4991
39500,P2,BASE,-150.00,-150.00,-206,R,52230,-31.4991
39510,P2,BASE,-150.00,-150.00,-206,R,52170,-31.4991
39520,P2,BASE,-150.00,-147.50,-209,R,52111,-31.5241
39530,P2,BASE,-150.00,-152.50,-204,R,52050,-31.4991
39540,P2,BASE,-150.00,-147.46,-209,R,51991,-31.5245
39550,P2,BASE,-150.00,-152.52,-204,R,51930,-31.4994
39560,P2,BASE,-150.00,-147.51,-209,R,51871,-31.5242
39570,P2,BASE,-150.00,-149.97,-207,R,51811,-31.5245
39580,P2,BASE,-150.00,-150.01,-207,R,51751,-31.5244
39590,P2,BASE,-150.00,-150.03,-207,R,51691,-31.5241
39600,P2,BASE,-150.00,-147.49,-209,R,51632,-31.5492
39610,P2,BASE,-150.00,-150.01,-207,R,51572,-31.5491
39620,P2,BASE,-150.00,-150.00,-207,R,51512,-31.5491
39630,P2,BASE,-150.00,-152.47,-204,R,51451,-31.5244
39640,P2,BASE,-150.00,-150.01,-207,R,51391,-31.5242
39650,P2,BASE,-150.00,-154.97,-201,R,51329,-31.4746
39660,P2,BASE,-150.00,-152.48,-204,R,51268,-31.4497
39670,P2,BASE,-150.00,-152.53,-203,R,51207,-31.4244
39680,P2,BASE,-150.00,-149.97,-206,R,51147,-31.4247
39690,P2,BASE,-150.00,-145.06,-211,R,51089,-31.4741
39700,P2,BASE,-150.00,-147.46,-209,R,51030,-31.4996
39710,P2,BASE,-150.00,-150.01,-206,R,50970,-31.4994
39720,P2,BASE,-150.00,-150.00,-206,R,50910,-31.4994
39730,P2,BASE,-150.00,-150.00,-206,R,50850,-31.4994
39740,P2,BASE,-150.00,-150.00,-206,R,50790,-31.4994
39750,P2,BASE,-150.00,-147.51,-209,R,50731,-31.5243
39760,P2,BASE,-150.00,-147.46,-209,R,50672,-31.5497
39770,P2,BASE,-150.00,-147.53,-209,R,50613,-31.5744
39780,P2,BASE,-150.00,-150.00,-207,R,50553,-31.5744
39790,P2,BASE,-150.00,-144.97,-212,R,50495,-31.6247
39800,P2,BASE,-150.00,-145.06,-213,R,50437,-31.6741
39810,P2,BASE,-150.00,-147.46,-210,R,50378,-31.6996
39820,P2,BASE,-150.00,-150.03,-208,R,50318,-31.6993
39830,P2,BASE,-150.00,-154.98,-202,R,50256,-31.6494
39840,P2,BASE,-150.00,-152.52,-205,R,50195,-31.6243
39850,P2,BASE,-150.00,-157.52,-199,R,50132,-31.5491
39860,P2,BASE,-150.00,-152.50,-204,R,50071,-31.5241
39870,P2,BASE,-150.00,-152.50,-204,R,50010,-31.4991
39880,P2,BASE,-150.00,-152.48,-204,R,49949,-31.4743
39890,P2,BASE,-150.00,-149.97,-206,R,49889,-31.4746
39900,P2,BASE,-150.00,-147.53,-209,R,49830,-31.4993
39910,P2,BASE,-150.00,-150.00,-206,R,49770,-31.4993
39920,P2,BASE,-150.00,-147.51,-209,R,49711,-31.5241
39930,P2,BASE,-150.00,-152.44,-204,R,49650,-31.4997
39940,P2,BASE,-150.00,-150.00,-206,R,49590,-31.4997
39950,P2,BASE,-150.00,-147.56,-209,R,49531,-31.5241
39960,P2,BASE,-150.00,-149.97,-207,R,49471,-31.5244
39970,P2,BASE,-150.00,-150.00,-207,R,49411,-31.5244
39980,P2,BASE,-150.00,-152.50,-204,R,49350,-31.4994
39990,P2,BASE,-150.00,-147.50,-209,R,49291,-31.5244
40000,P2,BASE,-150.00,-147.49,-209,R,49232,-31.5496
40010,P2,BASE,-150.00,-150.05,-207,R,49172,-31.5491
40020,P2,BASE,-150.00,-149.99,-207,R,49112,-31.5493
40030,P2,BASE,-150.00,-152.52,-204,R,49051,-31.5241
40040,P2,BASE,-150.00,-149.96,-207,R,48991,-31.5246
40050,P2,BASE,-150.00,-152.50,-204,R,48930,-31.4996
40060,P2,BASE,-150.00,-155.02,-201,R,48868,-31.4494
40070,P2,BASE,-150.00,-150.01,-206,R,48808,-31.4493
40080,P2,BASE,-150.00,-152.48,-203,R,48747,-31.4244
40090,P2,BASE,-150.00,-145.03,-211,R,48689,-31.4741
40100,P2,BASE,-150.00,-147.50,-209,R,48630,-31.4991
40110,P2,BASE,-150.00,-149.97,-206,R,48570,-31.4994
40120,P2,BASE,-150.00,-150.00,-206,R,48510,-31.4994
40130,P2,BASE,-150.00,-150.03,-206,R,48450,-31.4991
40140,P2,BASE,-150.00,-147.46,-209,R,48391,-31.5246
40150,P2,BASE,-150.00,-147.53,-209,R,48332,-31.5493
40160,P2,BASE,-150.00,-147.46,-209,R,48273,-31.5747
40170,P2,BASE,-150.00,-150.00,-207,R,48213,-31.5747
40180,P2,BASE,-150.00,-147.51,-210,R,48154,-31.5996
40190,P2,BASE,-150.00,-145.04,-212,R,48096,-31.6491
40200,P2,BASE,-150.00,-147.49,-210,R,48037,-31.6743
40210,P2,BASE,-150.00,-147.51,-210,R,47978,-31.6992
40220,P2,BASE,-150.00,-149.99,-208,R,47918,-31.6993
40230,P2,BASE,-150.00,-154.97,-202,R,47856,-31.6496
40240,P2,BASE,-150.00,-152.50,-205,R,47795,-31.6246
40250,P2,BASE,-150.00,-155.05,-202,R,47733,-31.5741
40260,P2,BASE,-150.00,-154.97,-201,R,47671,-31.5245
40270,P2,BASE,-150.00,-152.47,-204,R,47610,-31.4998
40280,P2,BASE,-150.00,-150.03,-206,R,47550,-31.4995
40290,P2,BASE,-150.00,-149.99,-206,R,47490,-31.4996
40300,P2,BASE,-150.00,-147.53,-209,R,47431,-31.5243
40310,P2,BASE,-150.00,-150.00,-207,R,47371,-31.5243
40320,P2,BASE,-150.00,-150.01,-207,R,47311,-31.5242
40330,P2,BASE,-150.00,-149.96,-207,R,47251,-31.5246
40340,P2,BASE,-150.00,-150.05,-206,R,47191,-31.5242
40350,P2,BASE,-150.00,-149.97,-207,R,47131,-31.5245
40360,P2,BASE,-150.00,-147.53,-209,R,47072,-31.5492
40370,P2,BASE,-150.00,-152.39,-204,R,47011,-31.5252
40380,P2,BASE,-150.00,-150.08,-206,R,46951,-31.5245
40390,P2,BASE,-150.00,-147.53,-209,R,46892,-31.5492
40400,P2,BASE,-150.00,-147.50,-209,R,46833,-31.5742
40410,P2,BASE,-150.00,-150.00,-207,R,46773,-31.5742
40420,P2,BASE,-150.00,-150.00,-207,R,46713,-31.5742
40430,P2,BASE,-150.00,-149.96,-207,R,46653,-31.5746
40440,P2,BASE,-150.00,-152.52,-204,R,46592,-31.5495
40450,P2,BASE,-150.00,-152.53,-204,R,46531,-31.5242
40460,P2,BASE,-150.00,-152.45,-204,R,46470,-31.4996
40470,P2,BASE,-150.00,-152.50,-204,R,46409,-31.4746
40480,P2,BASE,-150.00,-150.01,-206,R,46349,-31.4745
40490,P2,BASE,-150.00,-147.47,-209,R,46290,-31.4998
40500,P2,BASE,-150.00,-147.56,-209,R,46231,-31.5242
40510,P2,BASE,-150.00,-149.96,-207,R,46171,-31.5246
40520,P2,BASE,-150.00,-150.03,-207,R,46111,-31.5243
40530,P2,BASE,-150.00,-149.99,-207,R,46051,-31.5245
40540,P2,BASE,-150.00,-147.51,-209,R,45992,-31.5494
40550,P2,BASE,-150.00,-149.97,-207,R,45932,-31.5497
40560,P2,BASE,-150.00,-147.51,-209,R,45873,-31.5745
40570,P2,BASE,-150.00,-149.94,-207,R,45813,-31.5751
40580,P2,BASE,-150.00,-147.59,-209,R,45754,-31.5992
40590,P2,BASE,-150.00,-144.97,-212,R,45696,-31.6495
40600,P2,BASE,-150.00,-145.01,-213,R,45638,-31.6994
40610,P2,BASE,-150.00,-147.51,-210,R,45579,-31.7242
40620,P2,BASE,-150.00,-152.44,-205,R,45518,-31.6998
40630,P2,BASE,-150.00,-152.52,-205,R,45457,-31.6747
40640,P2,BASE,-150.00,-152.53,-205,R,45396,-31.6494
40650,P2,BASE,-150.00,-157.39,-199,R,45333,-31.5755
40660,P2,BASE,-150.00,-152.58,-204,R,45272,-31.5497
40670,P2,BASE,-150.00,-152.50,-204,R,45211,-31.5247
40680,P2,BASE,-150.00,-152.55,-204,R,45150,-31.4992
40690,P2,BASE,-150.00,-147.50,-209,R,45091,-31.5242
40700,P2,BASE,-150.00,-149.96,-207,R,45031,-31.5247
40710,P2,BASE,-150.00,-150.01,-207,R,44971,-31.5245
40720,P2,BASE,-150.00,-147.50,-209,R,44912,-31.5495
40730,P2,BASE,-150.00,-152.48,-204,R,44851,-31.5247
40740,P2,BASE,-150.00,-149.99,-207,R,44791,-31.5248
40750,P2,BASE,-150.00,-147.51,-209,R,44732,-31.5497
40760,P2,BASE,-150.00,-150.01,-207,R,44672,-31.5496
40770,P2,BASE,-150.00,-150.01,-207,R,44612,-31.5494
40780,P2,BASE,-150.00,-152.45,-204,R,44551,-31.5249
40790,P2,BASE,-150.00,-147.56,-209,R,44492,-31.5493
40800,P2,BASE,-150.00,-149.97,-207,R,44432,-31.5496
40810,P2,BASE,-150.00,-147.50,-209,R,44373,-31.5746
40820,P2,BASE,-150.00,-150.01,-207,R,44313,-31.5744
40830,P2,BASE,-150.00,-152.48,-204,R,44252,-31.5496
40840,P2,BASE,-150.00,-149.99,-207,R,44192,-31.5497
40850,P2,BASE,-150.00,-152.55,-204,R,44131,-31.5243
40860,P2,BASE,-150.00,-152.47,-204,R,44070,-31.4996
40870,P2,BASE,-150.00,-152.48,-204,R,44009,-31.4747
40880,P2,BASE,-150.00,-152.52,-203,R,43948,-31.4496
40890,P2,BASE,-150.00,-144.99,-211,R,43890,-31.4997
40900,P2,BASE,-150.00,-147.50,-209,R,43831,-31.5247
40910,P2,BASE,-150.00,-150.05,-206,R,43771,-31.5243
40920,P2,BASE,-150.00,-149.99,-207,R,43711,-31.5244
40930,P2,BASE,-150.00,-150.00,-207,R,43651,-31.5244
40940,P2,BASE,-150.00,-147.50,-209,R,43592,-31.5494
40950,P2,BASE,-150.00,-147.51,-209,R,43533,-31.5743
40960,P2,BASE,-150.00,-149.96,-207,R,43473,-31.5747
40970,P2,BASE,-150.00,-147.49,-210,R,43414,-31.5999
40980,P2,BASE,-150.00,-150.03,-207,R,43354,-31.5996
40990,P2,BASE,-150.00,-145.01,-212,R,43296,-31.6494
41000,P2,BASE,-150.00,-145.00,-213,R,43238,-31.6994
41010,P2,BASE,-150.00,-147.51,-210,R,43179,-31.7243
41020,P2,BASE,-150.00,-152.44,-205,R,43118,-31.6999
41030,P2,BASE,-150.00,-155.02,-202,R,43056,-31.6497
41040,P2,BASE,-150.00,-152.55,-205,R,42995,-31.6243
41050,P2,BASE,-150.00,-155.00,-202,R,42933,-31.5743
41060,P2,BASE,-150.00,-154.97,-201,R,42871,-31.5246
41070,P2,BASE,-150.00,-149.97,-207,R,42811,-31.5249
41080,P2,BASE,-150.00,-152.53,-204,R,42750,-31.4996
41090,P2,BASE,-150.00,-147.50,-209,R,42691,-31.5246
41100,P2,BASE,-150.00,-150.01,-207,R,42631,-31.5244
41110,P2,BASE,-150.00,-150.01,-207,R,42571,-31.5243
41120,P2,BASE,-150.00,-150.00,-207,R,42511,-31.5243
41130,P2,BASE,-150.00,-152.39,-204,R,42450,-31.5003
41140,P2,BASE,-150.00,-147.59,-209,R,42391,-31.5245
41150,P2,BASE,-150.00,-149.99,-207,R,42331,-31.5246
41160,P2,BASE,-150.00,-150.00,-207,R,42271,-31.5246
41170,P2,BASE,-150.00,-150.03,-207,R,42211,-31.5243
41180,P2,BASE,-150.00,-149.99,-207,R,42151,-31.5245
41190,P2,BASE,-150.00,-147.50,-209,R,42092,-31.5495
41200,P2,BASE,-150.00,-150.00,-207,R,42032,-31.5495
41210,P2,BASE,-150.00,-149.97,-207,R,41972,-31.5498
41220,P2,BASE,-150.00,-147.51,-209,R,41913,-31.5746
41230,P2,BASE,-150.00,-154.92,-202,R,41851,-31.5254
41240,P2,BASE,-150.00,-150.09,-206,R,41791,-31.5245
41250,P2,BASE,-150.00,-152.47,-204,R,41730,-31.4998
41260,P2,BASE,-150.00,-152.53,-204,R,41669,-31.4745
41270,P2,BASE,-150.00,-152.48,-204,R,41608,-31.4496
41280,P2,BASE,-150.00,-150.00,-206,R,41548,-31.4496
41290,P2,BASE,-150.00,-147.49,-209,R,41489,-31.4748
41300,P2,BASE,-150.00,-147.50,-209,R,41430,-31.4998
41310,P2,BASE,-150.00,-150.03,-206,R,41370,-31.4995
41320,P2,BASE,-150.00,-149.97,-206,R,41310,-31.4998
41330,P2,BASE,-150.00,-150.01,-206,R,41250,-31.4996
41340,P2,BASE,-150.00,-147.53,-209,R,41191,-31.5243
41350,P2,BASE,-150.00,-147.50,-209,R,41132,-31.5493
41360,P2,BASE,-150.00,-147.46,-209,R,41073,-31.5748
41370,P2,BASE,-150.00,-150.03,-207,R,41013,-31.5745
41380,P2,BASE,-150.00,-147.49,-210,R,40954,-31.5996
41390,P2,BASE,-150.00,-144.99,-212,R,40896,-31.6498
41400,P2,BASE,-150.00,-145.01,-213,R,40838,-31.6996
41410,P2,BASE,-150.00,-149.93,-208,R,40778,-31.7004
41420,P2,BASE,-150.00,-150.11,-208,R,40718,-31.6993
41430,P2,BASE,-150.00,-154.95,-202,R,40656,-31.6498
41440,P2,BASE,-150.00,-152.52,-205,R,40595,-31.6246
41450,P2,BASE,-150.00,-154.97,-202,R,40533,-31.5749
41460,P2,BASE,-150.00,-155.02,-201,R,40471,-31.5248
41470,P2,BASE,-150.00,-152.53,-204,R,40410,-31.4995
41480,P2,BASE,-150.00,-152.48,-204,R,40349,-31.4746
41490,P2,BASE,-150.00,-147.51,-209,R,40290,-31.4995
41500,P2,BASE,-150.00,-150.00,-206,R,40230,-31.4995
41510,P2,BASE,-150.00,-149.99,-206,R,40170,-31.4996
41520,P2,BASE,-150.00,-147.47,-209,R,40111,-31.5249
41530,P2,BASE,-150.00,-152.56,-204,R,40050,-31.4993
41540,P2,BASE,-150.00,-147.47,-209,R,39991,-31.5246
41550,P2,BASE,-150.00,-152.47,-204,R,39930,-31.4999
41560,P2,BASE,-150.00,-147.54,-209,R,39871,-31.5245
41570,P2,BASE,-150.00,-149.99,-207,R,39811,-31.5246
41580,P2,BASE,-150.00,-149.99,-207,R,39751,-31.5248
41590,P2,BASE,-150.00,-149.96,-207,R,39691,-31.5252
41600,P2,BASE,-150.00,-147.59,-209,R,39632,-31.5494
41610,P2,BASE,-150.00,-149.97,-207,R,39572,-31.5497
41620,P2,BASE,-150.00,-147.51,-209,R,39513,-31.5745
41630,P2,BASE,-150.00,-154.95,-202,R,39451,-31.5250
41640,P2,BASE,-150.00,-150.05,-206,R,39391,-31.5245
41650,P2,BASE,-150.00,-152.47,-204,R,39330,-31.4998
41660,P2,BASE,-150.00,-155.02,-201,R,39268,-31.4497
41670,P2,BASE,-150.00,-149.99,-206,R,39208,-31.4498
41680,P2,BASE,-150.00,-152.52,-203,R,39147,-31.4247
41690,P2,BASE,-150.00,-145.03,-211,R,39089,-31.4744
41700,P2,BASE,-150.00,-147.49,-209,R,39030,-31.4995
41710,P2,BASE,-150.00,-149.99,-206,R,38970,-31.4997
41720,P2,BASE,-150.00,-149.99,-206,R,38910,-31.4998
41730,P2,BASE,-150.00,-150.01,-206,R,38850,-31.4997
41740,P2,BASE,-150.00,-147.47,-209,R,38791,-31.5250
41750,P2,BASE,-150.00,-147.56,-209,R,38732,-31.5494
41760,P2,BASE,-150.00,-149.96,-207,R,38672,-31.5498
41770,P2,BASE,-150.00,-147.53,-209,R,38613,-31.5745
41780,P2,BASE,-150.00,-149.99,-207,R,38553,-31.5747
41790,P2,BASE,-150.00,-144.97,-212,R,38495,-31.6250
41800,P2,BASE,-150.00,-145.03,-213,R,38437,-31.6747
41810,P2,BASE,-150.00,-147.53,-210,R,38378,-31.6994
41820,P2,BASE,-150.00,-152.45,-205,R,38317,-31.6748
41830,P2,BASE,-150.00,-152.55,-205,R,38256,-31.6494
41840,P2,BASE,-150.00,-152.45,-205,R,38195,-31.6248
41850,P2,BASE,-150.00,-157.52,-199,R,38132,-31.5497
41860,P2,BASE,-150.00,-154.98,-201,R,38070,-31.4998
41870,P2,BASE,-150.00,-150.03,-206,R,38010,-31.4995
41880,P2,BASE,-150.00,-152.48,-204,R,37949,-31.4747
41890,P2,BASE,-150.00,-147.50,-209,R,37890,-31.4997
41900,P2,BASE,-150.00,-150.03,-206,R,37830,-31.4994
41910,P2,BASE,-150.00,-150.00,-206,R,37770,-31.4994
41920,P2,BASE,-150.00,-150.00,-206,R,37710,-31.4994
41930,P2,BASE,-150.00,-149.99,-206,R,37650,-31.4995
41940,P2,BASE,-150.00,-147.51,-209,R,37591,-31.5244
41950,P2,BASE,-150.00,-149.94,-207,R,37531,-31.5250
41960,P2,BASE,-150.00,-150.06,-206,R,37471,-31.5244
41970,P2,BASE,-150.00,-150.00,-207,R,37411,-31.5244
41980,P2,BASE,-150.00,-152.48,-204,R,37350,-31.4996
41990,P2,BASE,-150.00,-147.47,-209,R,37291,-31.5248
42000,P2,BASE,-150.00,-147.54,-209,R,37232,-31.5494
42010,P2,BASE,-150.00,-149.90,-207,R,37172,-31.5505
42020,P2,BASE,-150.00,-147.59,-209,R,37113,-31.5746
42030,P2,BASE,-150.00,-152.48,-204,R,37052,-31.5497
42040,P2,BASE,-150.00,-152.50,-204,R,36991,-31.5247
42050,P2,BASE,-150.00,-152.50,-204,R,36930,-31.4997
42060,P2,BASE,-150.00,-152.52,-204,R,36869,-31.4746
42070,P2,BASE,-150.00,-152.47,-204,R,36808,-31.4499
42080,P2,BASE,-150.00,-149.99,-206,R,36748,-31.4500
42090,P2,BASE,-150.00,-147.51,-209,R,36689,-31.4749
42100,P2,BASE,-150.00,-147.50,-209,R,36630,-31.4999
42110,P2,BASE,-150.00,-150.05,-206,R,36570,-31.4994
42120,P2,BASE,-150.00,-150.00,-206,R,36510,-31.4994
42130,P2,BASE,-150.00,-149.99,-206,R,36450,-31.4996
42140,P2,BASE,-150.00,-147.51,-209,R,36391,-31.5244
42150,P2,BASE,-150.00,-147.50,-209,R,36332,-31.5494
42160,P2,BASE,-150.00,-147.50,-209,R,36273,-31.5744
42170,P2,BASE,-150.00,-149.99,-207,R,36213,-31.5746
42180,P2,BASE,-150.00,-147.47,-210,R,36154,-31.5999
42190,P2,BASE,-150.00,-147.53,-210,R,36095,-31.6246
42200,P2,BASE,-150.00,-145.01,-213,R,36037,-31.6744
42210,P2,BASE,-150.00,-147.50,-210,R,35978,-31.6994
42220,P2,BASE,-150.00,-149.94,-208,R,35918,-31.7000
42230,P2,BASE,-150.00,-155.05,-202,R,35856,-31.6496
42240,P2,BASE,-150.00,-152.47,-205,R,35795,-31.6249
42250,P2,BASE,-150.00,-155.00,-202,R,35733,-31.5749
42260,P2,BASE,-150.00,-155.02,-201,R,35671,-31.5247
42270,P2,BASE,-150.00,-152.53,-204,R,35610,-31.4994
42280,P2,BASE,-150.00,-152.47,-204,R,35549,-31.4747
42290,P2,BASE,-150.00,-147.53,-209,R,35490,-31.4994
42300,P2,BASE,-150.00,-149.90,-206,R,35430,-31.5005
42310,P2,BASE,-150.00,-147.56,-209,R,35371,-31.5249
42320,P2,BASE,-150.00,-150.01,-207,R,35311,-31.5247
42330,P2,BASE,-150.00,-152.50,-204,R,35250,-31.4997
42340,P2,BASE,-150.00,-147.50,-209,R,35191,-31.5247
42350,P2,BASE,-150.00,-149.99,-207,R,35131,-31.5249
42360,P2,BASE,-150.00,-150.03,-207,R,35071,-31.5246
42370,P2,BASE,-150.00,-149.97,-207,R,35011,-31.5249
42380,P2,BASE,-150.00,-150.00,-207,R,34951,-31.5249
42390,P2,BASE,-150.00,-150.01,-207,R,34891,-31.5247
42400,P2,BASE,-150.00,-147.51,-209,R,34832,-31.5496
42410,P2,BASE,-150.00,-149.99,-207,R,34772,-31.5497
42420,P2,BASE,-150.00,-150.00,-207,R,34712,-31.5497
42430,P2,BASE,-150.00,-152.48,-204,R,34651,-31.5249
42440,P2,BASE,-150.00,-150.05,-206,R,34591,-31.5244
42450,P2,BASE,-150.00,-152.47,-204,R,34530,-31.4997
42460,P2,BASE,-150.00,-152.47,-204,R,34469,-31.4750
42470,P2,BASE,-150.00,-152.53,-203,R,34408,-31.4497
42480,P2,BASE,-150.00,-150.03,-206,R,34348,-31.4494
42490,P2,BASE,-150.00,-147.49,-209,R,34289,-31.4746
42500,P2,BASE,-150.00,-147.50,-209,R,34230,-31.4996
42510,P2,BASE,-150.00,-149.97,-206,R,34170,-31.4999
42520,P2,BASE,-150.00,-150.03,-206,R,34110,-31.4996
42530,P2,BASE,-150.00,-147.51,-209,R,34051,-31.5244
42540,P2,BASE,-150.00,-150.00,-207,R,33991,-31.5244
42550,P2,BASE,-150.00,-147.46,-209,R,33932,-31.5499
42560,P2,BASE,-150.00,-147.54,-209,R,33873,-31.5744
42570,P2,BASE,-150.00,-149.97,-207,R,33813,-31.5747
42580,P2,BASE,-150.00,-149.96,-207,R,33753,-31.5752
42590,P2,BASE,-150.00,-145.03,-212,R,33695,-31.6249
42600,P2,BASE,-150.00,-144.99,-213,R,33637,-31.6750
42610,P2,BASE,-150.00,-147.44,-210,R,33578,-31.7006
42620,P2,BASE,-150.00,-150.11,-208,R,33518,-31.6996
42630,P2,BASE,-150.00,-155.00,-202,R,33456,-31.6496
42640,P2,BASE,-150.00,-152.52,-205,R,33395,-31.6244
42650,P2,BASE,-150.00,-155.00,-202,R,33333,-31.5744
42660,P2,BASE,-150.00,-154.97,-201,R,33271,-31.5247
42670,P2,BASE,-150.00,-152.53,-204,R,33210,-31.4994
42680,P2,BASE,-150.00,-152.47,-204,R,33149,-31.4747
42690,P2,BASE,-150.00,-147.50,-209,R,33090,-31.4997
42700,P2,BASE,-150.00,-149.93,-206,R,33030,-31.5005
42710,P2,BASE,-150.00,-147.56,-209,R,32971,-31.5249
42720,P2,BASE,-150.00,-150.00,-207,R,32911,-31.5249
42730,P2,BASE,-150.00,-152.53,-204,R,32850,-31.4996
42740,P2,BASE,-150.00,-147.51,-209,R,32791,-31.5245
42750,P2,BASE,-150.00,-149.99,-207,R,32731,-31.5246
42760,P2,BASE,-150.00,-150.00,-207,R,32671,-31.5246
42770,P2,BASE,-150.00,-149.97,-207,R,32611,-31.5249
42780,P2,BASE,-150.00,-150.03,-207,R,32551,-31.5246
42790,P2,BASE,-150.00,-150.00,-207,R,32491,-31.5246
42800,P2,BASE,-150.00,-147.47,-209,R,32432,-31.5499
42810,P2,BASE,-150.00,-150.05,-207,R,32372,-31.5494
42820,P2,BASE,-150.00,-149.99,-207,R,32312,-31.5496
42830,P2,BASE,-150.00,-152.48,-204,R,32251,-31.5248
42840,P2,BASE,-150.00,-150.00,-207,R,32191,-31.5248
42850,P2,BASE,-150.00,-152.50,-204,R,32130,-31.4998
42860,P2,BASE,-150.00,-155.02,-201,R,32068,-31.4496
42870,P2,BASE,-150.00,-150.00,-206,R,32008,-31.4496
42880,P2,BASE,-150.00,-152.52,-203,R,31947,-31.4244
42890,P2,BASE,-150.00,-145.00,-211,R,31889,-31.4744
42900,P2,BASE,-150.00,-147.46,-209,R,31830,-31.4999
42910,P2,BASE,-150.00,-150.01,-206,R,31770,-31.4997
42920,P2,BASE,-150.00,-150.03,-206,R,31710,-31.4994
42930,P2,BASE,-150.00,-149.88,-207,R,31650,-31.5006
42940,P2,BASE,-150.00,-147.57,-209,R,31591,-31.5249
42950,P2,BASE,-150.00,-147.50,-209,R,31532,-31.5499
42960,P2,BASE,-150.00,-147.51,-209,R,31473,-31.5748
42970,P2,BASE,-150.00,-150.00,-207,R,31413,-31.5748
42980,P2,BASE,-150.00,-149.94,-207,R,31353,-31.5753
42990,P2,BASE,-150.00,-145.04,-212,R,31295,-31.6249
43000,P2,BASE,-150.00,-144.96,-213,R,31237,-31.6753
43010,P2,BASE,-149.85,-145.04,-213,R,31179,-31.7234
43020,P2,BASE,-149.70,-152.52,-205,R,31118,-31.6953
43030,P2,BASE,-149.55,-155.00,-202,R,31056,-31.6408
43040,P2,BASE,-149.40,-152.50,-204,R,30995,-31.6098
43050,P2,BASE,-149.25,-155.00,-201,R,30933,-31.5523
43060,P2,BASE,-149.10,-155.03,-200,R,30871,-31.4929
43070,P2,BASE,-148.95,-149.99,-205,R,30811,-31.4826
43080,P2,BASE,-148.80,-152.48,-202,R,30750,-31.4458
43090,P2,BASE,-148.65,-147.51,-207,R,30691,-31.4571
43100,P2,BASE,-148.50,-147.50,-207,R,30632,-31.4671
43110,P2,BASE,-148.35,-147.51,-207,R,30573,-31.4755
43120,P2,BASE,-148.20,-149.97,-204,R,30513,-31.4578
43130,P2,BASE,-148.05,-147.51,-207,R,30454,-31.4631
43140,P2,BASE,-147.90,-147.49,-207,R,30395,-31.4673
43150,P2,BASE,-147.75,-149.97,-204,R,30335,-31.4451
43160,P2,BASE,-147.60,-147.56,-206,R,30276,-31.4455
43170,P2,BASE,-147.45,-150.00,-203,R,30216,-31.4200
43180,P2,BASE,-147.30,-147.47,-206,R,30157,-31.4183
43190,P2,BASE,-147.15,-145.00,-208,R,30099,-31.4398
43200,P2,BASE,-147.00,-147.49,-205,R,30040,-31.4349
43210,P2,BASE,-146.85,-144.99,-208,R,29982,-31.4536
43220,P2,BASE,-146.70,-147.54,-205,R,29923,-31.4451
43230,P2,BASE,-146.55,-149.99,-202,R,29863,-31.4108
43240,P2,BASE,-146.40,-147.49,-205,R,29804,-31.3999
43250,P2,BASE,-146.25,-150.03,-202,R,29744,-31.3621
43260,P2,BASE,-146.10,-149.96,-201,R,29684,-31.3236
43270,P2,BASE,-145.95,-150.01,-201,R,29624,-31.2829
43280,P2,BASE,-145.80,-147.54,-203,R,29565,-31.2655
43290,P2,BASE,-145.65,-142.49,-208,R,29508,-31.2971
43300,P2,BASE,-145.50,-145.01,-206,R,29450,-31.3020
43310,P2,BASE,-145.35,-142.44,-208,R,29393,-31.3310
43320,P2,BASE,-145.20,-150.01,-200,R,29333,-31.2829
43330,P2,BASE,-145.05,-145.01,-205,R,29275,-31.2832
43340,P2,BASE,-144.90,-145.03,-205,R,29217,-31.2819
43350,P2,BASE,-144.75,-142.47,-207,R,29160,-31.3047
43360,P2,BASE,-144.60,-142.49,-207,R,29103,-31.3259
43370,P2,BASE,-144.45,-147.49,-202,R,29044,-31.2955
43380,P2,BASE,-144.30,-142.50,-207,R,28987,-31.3135
43390,P2,BASE,-144.15,-142.53,-207,R,28930,-31.3297
43400,P2,BASE,-144.00,-140.01,-210,R,28874,-31.3696
43410,P2,BASE,-143.85,-142.46,-207,R,28817,-31.3835
43420,P2,BASE,-143.70,-145.00,-204,R,28759,-31.3705
43430,P2,BASE,-143.55,-145.03,-204,R,28701,-31.3557
43440,P2,BASE,-143.40,-147.53,-201,R,28642,-31.3144
43450,P2,BASE,-143.25,-147.50,-201,R,28583,-31.2719
43460,P2,BASE,-143.10,-149.97,-197,R,28523,-31.2032
43470,P2,BASE,-142.95,-147.49,-200,R,28464,-31.1579
43480,P2,BASE,-142.80,-147.50,-199,R,28405,-31.1109
43490,P2,BASE,-142.65,-145.00,-201,R,28347,-31.0874
43500,P2,BASE,-142.50,-142.53,-204,R,28290,-31.0871
43510,P2,BASE,-142.35,-142.51,-203,R,28233,-31.0855
43520,P2,BASE,-142.20,-142.39,-203,R,28176,-31.0836
43530,P2,BASE,-142.05,-140.11,-206,R,28120,-31.1030
43540,P2,BASE,-141.90,-145.00,-200,R,28062,-31.0720
43550,P2,BASE,-141.75,-139.97,-205,R,28006,-31.0898
43560,P2,BASE,-141.60,-144.99,-200,R,27948,-31.0559
43570,P2,BASE,-141.45,-140.04,-205,R,27892,-31.0700
43580,P2,BASE,-141.30,-142.46,-202,R,27835,-31.0584
43590,P2,BASE,-141.15,-142.49,-202,R,27778,-31.0451
43600,P2,BASE,-141.00,-142.54,-202,R,27721,-31.0296
43610,P2,BASE,-140.85,-139.96,-204,R,27665,-31.0385
43620,P2,BASE,-140.70,-137.54,-207,R,27610,-31.0701
43630,P2,BASE,-140.55,-142.51,-201,R,27553,-31.0505
43640,P2,BASE,-140.40,-142.50,-201,R,27496,-31.0295
43650,P2,BASE,-140.25,-142.46,-201,R,27439,-31.0074
43660,P2,BASE,-140.10,-142.54,-201,R,27382,-30.9830
43670,P2,BASE,-139.95,-144.99,-198,R,27324,-30.9326
43680,P2,BASE,-139.80,-142.50,-200,R,27267,-30.9056
43690,P2,BASE,-139.65,-142.47,-199,R,27210,-30.8774
43700,P2,BASE,-139.50,-142.51,-199,R,27153,-30.8473
43710,P2,BASE,-139.35,-135.00,-207,R,27099,-30.8908
43720,P2,BASE,-139.20,-137.53,-204,R,27044,-30.9075
43730,P2,BASE,-139.05,-140.00,-201,R,26988,-30.8980
43740,P2,BASE,-138.90,-142.49,-199,R,26931,-30.8621
43750,P2,BASE,-138.75,-137.50,-204,R,26876,-30.8746
43760,P2,BASE,-138.60,-140.01,-201,R,26820,-30.8605
43770,P2,BASE,-138.45,-134.99,-206,R,26766,-30.8951
43780,P2,BASE,-138.30,-137.47,-203,R,26711,-30.9034
43790,P2,BASE,-138.15,-140.04,-200,R,26655,-30.8845
43800,P2,BASE,-138.00,-139.97,-200,R,26599,-30.8648
43810,P2,BASE,-137.85,-137.51,-203,R,26544,-30.8681
43820,P2,BASE,-137.70,-132.49,-208,R,26491,-30.9203
43830,P2,BASE,-137.55,-134.99,-205,R,26437,-30.9459
43840,P2,BASE,-137.40,-137.47,-203,R,26382,-30.9452
43850,P2,BASE,-137.25,-137.53,-202,R,26327,-30.9424
43860,P2,BASE,-137.10,-142.51,-197,R,26270,-30.8883
43870,P2,BASE,-136.95,-140.00,-199,R,26214,-30.8578
43880,P2,BASE,-136.80,-142.50,-196,R,26157,-30.8008
43890,P2,BASE,-136.65,-140.03,-198,R,26101,-30.7670
43900,P2,BASE,-136.50,-142.46,-195,R,26044,-30.7074
43910,P2,BASE,-136.35,-137.50,-200,R,25989,-30.6959
43920,P2,BASE,-136.20,-137.49,-200,R,25934,-30.6831
43930,P2,BASE,-136.05,-137.56,-199,R,25879,-30.6680
43940,P2,BASE,-135.90,-134.97,-202,R,25825,-30.6773
43950,P2,BASE,-135.75,-137.50,-199,R,25770,-30.6598
43960,P2,BASE,-135.60,-135.01,-201,R,25716,-30.6656
43970,P2,BASE,-135.45,-140.01,-196,R,25660,-30.6200
43980,P2,BASE,-135.30,-132.46,-204,R,25607,-30.6484
43990,P2,BASE,-135.15,-137.51,-198,R,25552,-30.6248
44000,P2,BASE,-135.00,-134.99,-201,R,25498,-30.6249
44010,P2,BASE,-134.85,-137.47,-198,R,25443,-30.5987
44020,P2,BASE,-134.70,-135.07,-200,R,25389,-30.5950
44030,P2,BASE,-134.55,-135.00,-200,R,25335,-30.5905
44040,P2,BASE,-134.40,-134.95,-200,R,25281,-30.5850
44050,P2,BASE,-134.25,-132.54,-202,R,25228,-30.6021
44060,P2,BASE,-134.10,-135.00,-200,R,25174,-30.5931
44070,P2,BASE,-133.95,-134.96,-199,R,25120,-30.5830
44080,P2,BASE,-133.80,-137.56,-196,R,25065,-30.5455
44090,P2,BASE,-133.65,-135.00,-199,R,25011,-30.5320
44100,P2,BASE,-133.50,-134.97,-198,R,24957,-30.5173
44110,P2,BASE,-133.35,-137.47,-195,R,24902,-30.4760
44120,P2,BASE,-133.20,-135.03,-198,R,24848,-30.4578
44130,P2,BASE,-133.05,-137.51,-195,R,24793,-30.4131
44140,P2,BASE,-132.90,-132.49,-200,R,24740,-30.4173
44150,P2,BASE,-132.75,-130.00,-202,R,24688,-30.4448
44160,P2,BASE,-132.60,-132.49,-200,R,24635,-30.4459
44170,P2,BASE,-132.45,-132.51,-199,R,24582,-30.4453
44180,P2,BASE,-132.30,-135.00,-197,R,24528,-30.4183
44190,P2,BASE,-132.15,-132.53,-199,R,24475,-30.4145
44200,P2,BASE,-132.00,-132.49,-199,R,24422,-30.4096
44210,P2,BASE,-131.85,-129.99,-201,R,24370,-30.4283
44220,P2,BASE,-131.70,-129.99,-201,R,24318,-30.4454
44230,P2,BASE,-131.55,-135.04,-196,R,24264,-30.4105
44240,P2,BASE,-131.40,-129.99,-201,R,24212,-30.4246
44250,P2,BASE,-131.25,-132.47,-198,R,24159,-30.4124
44260,P2,BASE,-131.10,-127.49,-203,R,24108,-30.4485
44270,P2,BASE,-130.95,-127.53,-203,R,24057,-30.4827
44280,P2,BASE,-130.80,-127.50,-203,R,24006,-30.5157
44290,P2,BASE,-130.65,-135.00,-195,R,23952,-30.4722
44300,P2,BASE,-130.50,-132.50,-197,R,23899,-30.4522
44310,P2,BASE,-130.35,-135.01,-194,R,23845,-30.4056
44320,P2,BASE,-130.20,-132.46,-197,R,23792,-30.3830
44330,P2,BASE,-130.05,-137.53,-191,R,23737,-30.3082
44340,P2,BASE,-129.90,-132.53,-196,R,23684,-30.2820
44350,P2,BASE,-129.75,-132.45,-195,R,23631,-30.2550
44360,P2,BASE,-129.60,-132.54,-195,R,23578,-30.2256
44370,P2,BASE,-129.45,-130.01,-197,R,23526,-30.2200
44380,P2,BASE,-129.30,-127.46,-200,R,23475,-30.2383
44390,P2,BASE,-129.15,-132.54,-194,R,23422,-30.2045
44400,P2,BASE,-129.00,-129.99,-197,R,23370,-30.1946
44410,P2,BASE,-128.85,-127.50,-199,R,23319,-30.2081
44420,P2,BASE,-128.70,-132.47,-194,R,23266,-30.1703
44430,P2,BASE,-128.55,-127.50,-199,R,23215,-30.1808
44440,P2,BASE,-128.40,-130.04,-196,R,23163,-30.1645
44450,P2,BASE,-128.25,-127.45,-198,R,23112,-30.1725
44460,P2,BASE,-128.10,-130.03,-196,R,23060,-30.1532
44470,P2,BASE,-127.95,-130.01,-195,R,23008,-30.1326
44480,P2,BASE,-127.80,-129.97,-195,R,22956,-30.1108
44490,P2,BASE,-127.65,-127.54,-197,R,22905,-30.1120
44500,P2,BASE,-127.50,-124.96,-200,R,22855,-30.1373
44510,P2,BASE,-127.35,-127.53,-197,R,22804,-30.1356
44520,P2,BASE,-127.20,-127.50,-197,R,22753,-30.1326
44530,P2,BASE,-127.05,-127.46,-197,R,22702,-30.1285
44540,P2,BASE,-126.90,-132.53,-191,R,22649,-30.0722
44550,P2,BASE,-126.75,-127.49,-196,R,22598,-30.0648
44560,P2,BASE,-126.60,-129.99,-193,R,22546,-30.0309
44570,P2,BASE,-126.45,-130.05,-193,R,22494,-29.9949
44580,P2,BASE,-126.30,-130.00,-192,R,22442,-29.9579
44590,P2,BASE,-126.15,-127.45,-195,R,22391,-29.9449
44600,P2,BASE,-126.00,-125.01,-197,R,22341,-29.9548
44610,P2,BASE,-125.85,-125.00,-197,R,22291,-29.9633
44620,P2,BASE,-125.70,-125.00,-197,R,22241,-29.9703
44630,P2,BASE,-125.55,-124.99,-197,R,22191,-29.9759
44640,P2,BASE,-125.40,-127.55,-194,R,22140,-29.9544
44650,P2,BASE,-125.25,-124.99,-197,R,22090,-29.9570
44660,P2,BASE,-125.10,-127.47,-194,R,22039,-29.9333
44670,P2,BASE,-124.95,-125.00,-196,R,21989,-29.9328
44680,P2,BASE,-124.80,-125.04,-196,R,21939,-29.9304
44690,P2,BASE,-124.65,-125.00,-196,R,21889,-29.9269
44700,P2,BASE,-124.50,-125.00,-196,R,21839,-29.9219
44710,P2,BASE,-124.35,-124.98,-195,R,21789,-29.9157
44720,P2,BASE,-124.20,-122.51,-198,R,21740,-29.9326
44730,P2,BASE,-124.05,-122.51,-198,R,21691,-29.9479
44740,P2,BASE,-123.90,-122.48,-198,R,21642,-29.9622
44750,P2,BASE,-123.75,-122.52,-198,R,21593,-29.9744
44760,P2,BASE,-123.60,-124.96,-195,R,21543,-29.9608
44770,P2,BASE,-123.45,-125.00,-195,R,21493,-29.9453
44780,P2,BASE,-123.30,-127.51,-192,R,21442,-29.9032
44790,P2,BASE,-123.15,-127.50,-191,R,21391,-29.8597
44800,P2,BASE,-123.00,-129.99,-188,R,21339,-29.7898
44810,P2,BASE,-122.85,-127.54,-190,R,21288,-29.7429
44820,P2,BASE,-122.70,-124.95,-192,R,21238,-29.7204
44830,P2,BASE,-122.55,-125.05,-192,R,21188,-29.6954
44840,P2,BASE,-122.40,-122.50,-194,R,21139,-29.6944
44850,P2,BASE,-122.25,-122.50,-194,R,21090,-29.6919
44860,P2,BASE,-122.10,-122.48,-194,R,21041,-29.6882
44870,P2,BASE,-121.95,-122.48,-194,R,20992,-29.6829
44880,P2,BASE,-121.80,-122.54,-194,R,20943,-29.6756
44890,P2,BASE,-121.65,-122.51,-193,R,20894,-29.6669
44900,P2,BASE,-121.50,-125.00,-191,R,20844,-29.6319
44910,P2,BASE,-121.35,-119.99,-196,R,20796,-29.6455
44920,P2,BASE,-121.20,-122.48,-193,R,20747,-29.6328
44930,P2,BASE,-121.05,-120.01,-195,R,20699,-29.6432
44940,P2,BASE,-120.90,-122.51,-192,R,20650,-29.6271
44950,P2,BASE,-120.75,-124.99,-189,R,20600,-29.5847
44960,P2,BASE,-120.60,-122.52,-192,R,20551,-29.5654
44970,P2,BASE,-120.45,-117.49,-197,R,20504,-29.5950
44980,P2,BASE,-120.30,-122.49,-192,R,20455,-29.5732
44990,P2,BASE,-120.15,-117.49,-197,R,20408,-29.5998
45000,P2,BASE,-120.00,-122.49,-191,R,20359,-29.5749
45010,P2,BASE,-119.85,-120.04,-194,R,20311,-29.5730
45020,P2,BASE,-119.70,-122.50,-191,R,20262,-29.5450
45030,P2,BASE,-119.55,-122.51,-190,R,20213,-29.5154
45040,P2,BASE,-119.40,-119.98,-193,R,20165,-29.5097
45050,P2,BASE,-119.25,-122.51,-190,R,20116,-29.4770
45060,P2,BASE,-119.10,-124.99,-187,R,20066,-29.4182
45070,P2,BASE,-118.95,-120.00,-192,R,20018,-29.4077
45080,P2,BASE,-118.80,-120.02,-191,R,19970,-29.3954
45090,P2,BASE,-118.65,-119.99,-191,R,19922,-29.3820
45100,P2,BASE,-118.50,-115.01,-196,R,19876,-29.4169
45110,P2,BASE,-118.35,-117.50,-194,R,19829,-29.4254
45120,P2,BASE,-118.20,-119.99,-191,R,19781,-29.4076
45130,P2,BASE,-118.05,-119.98,-191,R,19733,-29.3883
45140,P2,BASE,-117.90,-117.54,-193,R,19686,-29.3919
45150,P2,BASE,-117.75,-119.96,-190,R,19638,-29.3698
45160,P2,BASE,-117.60,-117.50,-193,R,19591,-29.3708
45170,P2,BASE,-117.45,-117.54,-192,R,19544,-29.3699
45180,P2,BASE,-117.30,-114.99,-195,R,19498,-29.3931
45190,P2,BASE,-117.15,-119.98,-189,R,19450,-29.3648
45200,P2,BASE,-117.00,-117.54,-192,R,19403,-29.3595
45210,P2,BASE,-116.85,-117.46,-192,R,19356,-29.3533
45220,P2,BASE,-116.70,-112.50,-197,R,19311,-29.3953
45230,P2,BASE,-116.55,-115.01,-194,R,19265,-29.4107
45240,P2,BASE,-116.40,-112.49,-197,R,19220,-29.4498
45250,P2,BASE,-116.25,-120.04,-189,R,19172,-29.4119
45260,P2,BASE,-116.10,-117.46,-191,R,19125,-29.3983
45270,P2,BASE,-115.95,-120.04,-188,R,19077,-29.3574
45280,P2,BASE,-115.80,-120.00,-188,R,19029,-29.3154
45290,P2,BASE,-115.65,-117.49,-190,R,18982,-29.2971
45300,P2,BASE,-115.50,-119.98,-187,R,18934,-29.2523
45310,P2,BASE,-115.35,-120.00,-187,R,18886,-29.2058
45320,P2,BASE,-115.20,-117.52,-189,R,18839,-29.1826
45330,P2,BASE,-115.05,-117.49,-189,R,18792,-29.1582
45340,P2,BASE,-114.90,-117.49,-188,R,18745,-29.1323
45350,P2,BASE,-114.75,-115.01,-191,R,18699,-29.1297
45360,P2,BASE,-114.60,-112.50,-193,R,18654,-29.1507
45370,P2,BASE,-114.45,-115.00,-190,R,18608,-29.1452
45380,P2,BASE,-114.30,-117.52,-187,R,18561,-29.1129
45390,P2,BASE,-114.15,-114.99,-190,R,18515,-29.1046
45400,P2,BASE,-114.00,-115.00,-190,R,18469,-29.0946
45410,P2,BASE,-113.85,-114.98,-189,R,18423,-29.0833
45420,P2,BASE,-113.70,-115.03,-189,R,18377,-29.0699
45430,P2,BASE,-113.55,-114.97,-189,R,18331,-29.0558
45440,P2,BASE,-113.40,-112.51,-191,R,18286,-29.0647
45450,P2,BASE,-113.25,-114.99,-189,R,18240,-29.0473
45460,P2,BASE,-113.10,-115.01,-188,R,18194,-29.0282
45470,P2,BASE,-112.95,-114.98,-188,R,18148,-29.0079
45480,P2,BASE,-112.80,-112.55,-190,R,18103,-29.0105
45490,P2,BASE,-112.65,-112.47,-190,R,18058,-29.0123
45500,P2,BASE,-112.50,-110.02,-193,R,18014,-29.0371
45510,P2,BASE,-112.35,-115.00,-187,R,17968,-29.0106
45520,P2,BASE,-112.20,-112.49,-190,R,17923,-29.0077
45530,P2,BASE,-112.05,-112.49,-190,R,17878,-29.0033
45540,P2,BASE,-111.90,-112.51,-189,R,17833,-28.9972
45550,P2,BASE,-111.75,-114.99,-186,R,17787,-28.9648
45560,P2,BASE,-111.60,-115.00,-186,R,17741,-28.9308
45570,P2,BASE,-111.45,-112.50,-188,R,17696,-28.9203
45580,P2,BASE,-111.30,-115.03,-185,R,17650,-28.8830
45590,P2,BASE,-111.15,-112.48,-188,R,17605,-28.8697
45600,P2,BASE,-111.00,-112.52,-187,R,17560,-28.8545
45610,P2,BASE,-110.85,-110.00,-190,R,17516,-28.8630
45620,P2,BASE,-110.70,-110.00,-190,R,17472,-28.8700
45630,P2,BASE,-110.55,-109.97,-190,R,17428,-28.8758
45640,P2,BASE,-110.40,-112.52,-187,R,17383,-28.8546
45650,P2,BASE,-110.25,-112.48,-187,R,17338,-28.8323
45660,P2,BASE,-110.10,-107.51,-192,R,17295,-28.8582
45670,P2,BASE,-109.95,-112.50,-186,R,17250,-28.8327
45680,P2,BASE,-109.80,-109.98,-189,R,17206,-28.8309
45690,P2,BASE,-109.65,-110.01,-188,R,17162,-28.8273
45700,P2,BASE,-109.50,-110.03,-188,R,17118,-28.8220
45710,P2,BASE,-109.35,-109.96,-188,R,17074,-28.8159
45720,P2,BASE,-109.20,-110.02,-188,R,17030,-28.8077
45730,P2,BASE,-109.05,-109.99,-188,R,16986,-28.7983
45740,P2,BASE,-108.90,-107.51,-190,R,16943,-28.8122
45750,P2,BASE,-108.75,-107.51,-190,R,16900,-28.8246
45760,P2,BASE,-108.60,-105.01,-193,R,16858,-28.8605
45770,P2,BASE,-108.45,-107.49,-190,R,16815,-28.8701
45780,P2,BASE,-108.30,-110.00,-187,R,16771,-28.8531
45790,P2,BASE,-108.15,-109.99,-187,R,16727,-28.8347
45800,P2,BASE,-108.00,-109.99,-187,R,16683,-28.8148
45810,P2,BASE,-107.85,-112.53,-184,R,16638,-28.7680
45820,P2,BASE,-107.70,-110.00,-186,R,16594,-28.7450
45830,P2,BASE,-107.55,-112.47,-183,R,16549,-28.6958
45840,P2,BASE,-107.40,-110.03,-185,R,16505,-28.6695
45850,P2,BASE,-107.25,-112.50,-182,R,16460,-28.6170
45860,P2,BASE,-107.10,-110.00,-184,R,16416,-28.5880
45870,P2,BASE,-106.95,-109.92,-184,R,16372,-28.5582
45880,P2,BASE,-106.80,-105.04,-189,R,16330,-28.5758
45890,P2,BASE,-106.65,-107.52,-186,R,16287,-28.5671
45900,P2,BASE,-106.50,-107.50,-186,R,16244,-28.5571
45910,P2,BASE,-106.35,-105.01,-189,R,16202,-28.5705
45920,P2,BASE,-106.20,-109.98,-183,R,16158,-28.5327
45930,P2,BASE,-106.05,-107.48,-185,R,16115,-28.5184
45940,P2,BASE,-105.90,-107.54,-185,R,16072,-28.5020
45950,P2,BASE,-105.75,-107.46,-185,R,16029,-28.4849
45960,P2,BASE,-105.60,-105.04,-187,R,15987,-28.4905
45970,P2,BASE,-105.45,-107.48,-184,R,15944,-28.4702
45980,P2,BASE,-105.30,-105.00,-187,R,15902,-28.4732
45990,P2,BASE,-105.15,-107.50,-184,R,15859,-28.4497
46000,P2,BASE,-105.00,-107.52,-184,R,15816,-28.4245
46010,P2,BASE,-104.85,-104.97,-186,R,15774,-28.4233
46020,P2,BASE,-104.70,-105.01,-186,R,15732,-28.4202
46030,P2,BASE,-104.55,-105.01,-186,R,15690,-28.4156
46040,P2,BASE,-104.40,-107.51,-183,R,15647,-28.3845
46050,P2,BASE,-104.25,-102.48,-188,R,15606,-28.4022
46060,P2,BASE,-104.10,-105.00,-185,R,15564,-28.3932
46070,P2,BASE,-103.95,-104.99,-185,R,15522,-28.3828
46080,P2,BASE,-103.80,-105.00,-185,R,15480,-28.3708
46090,P2,BASE,-103.65,-105.02,-184,R,15438,-28.3571
46100,P2,BASE,-103.50,-105.00,-184,R,15396,-28.3421
46110,P2,BASE,-103.35,-105.00,-184,R,15354,-28.3256
46120,P2,BASE,-103.20,-104.98,-184,R,15312,-28.3078
46130,P2,BASE,-103.05,-107.49,-181,R,15269,-28.2634
46140,P2,BASE,-102.90,-105.01,-183,R,15227,-28.2423
46150,P2,BASE,-102.75,-105.01,-183,R,15185,-28.2197
46160,P2,BASE,-102.60,-102.51,-185,R,15144,-28.2206
46170,P2,BASE,-102.45,-99.97,-188,R,15104,-28.2454
46180,P2,BASE,-102.30,-102.52,-185,R,15063,-28.2432
46190,P2,BASE,-102.15,-102.51,-185,R,15022,-28.2396
46200,P2,BASE,-102.00,-102.49,-184,R,14981,-28.2347
46210,P2,BASE,-101.85,-105.01,-182,R,14939,-28.2031
46220,P2,BASE,-101.70,-102.49,-184,R,14898,-28.1952
46230,P2,BASE,-101.55,-102.48,-184,R,14857,-28.1859
46240,P2,BASE,-101.40,-102.52,-183,R,14816,-28.1747
46250,P2,BASE,-101.25,-102.50,-183,R,14775,-28.1622
46260,P2,BASE,-101.10,-100.01,-186,R,14735,-28.1731
46270,P2,BASE,-100.95,-100.01,-186,R,14695,-28.1825
46280,P2,BASE,-100.80,-102.49,-183,R,14654,-28.1656
46290,P2,BASE,-100.65,-102.51,-182,R,14613,-28.1470
46300,P2,BASE,-100.50,-102.50,-182,R,14572,-28.1270
46310,P2,BASE,-100.35,-97.49,-187,R,14533,-28.1556
46320,P2,BASE,-100.20,-97.49,-187,R,14494,-28.1827
46330,P2,BASE,-100.05,-100.02,-185,R,14454,-28.1830
46340,P2,BASE,-99.90,-97.46,-187,R,14415,-28.2074
46350,P2,BASE,-99.75,-102.52,-182,R,14374,-28.1797
46360,P2,BASE,-99.60,-100.00,-184,R,14334,-28.1757
46370,P2,BASE,-99.45,-102.52,-181,R,14293,-28.1450
46380,P2,BASE,-99.30,-102.46,-181,R,14252,-28.1134
46390,P2,BASE,-99.15,-102.53,-180,R,14211,-28.0796
46400,P2,BASE,-99.00,-102.47,-180,R,14170,-28.0449
46410,P2,BASE,-98.85,-102.53,-180,R,14129,-28.0081
46420,P2,BASE,-98.70,-102.49,-179,R,14088,-27.9702
46430,P2,BASE,-98.55,-102.52,-179,R,14047,-27.9305
46440,P2,BASE,-98.40,-99.96,-181,R,14007,-27.9149
46450,P2,BASE,-98.25,-102.54,-178,R,13966,-27.8720
46460,P2,BASE,-98.10,-97.47,-183,R,13927,-27.8783
46470,P2,BASE,-97.95,-97.51,-183,R,13888,-27.8827
46480,P2,BASE,-97.80,-100.02,-180,R,13848,-27.8605
46490,P2,BASE,-97.65,-97.45,-183,R,13809,-27.8624
46500,P2,BASE,-97.50,-100.04,-180,R,13769,-27.8370
46510,P2,BASE,-97.35,-97.49,-182,R,13730,-27.8356
46520,P2,BASE,-97.20,-97.50,-182,R,13691,-27.8326
46530,P2,BASE,-97.05,-99.99,-179,R,13651,-27.8032
46540,P2,BASE,-96.90,-97.52,-181,R,13612,-27.7970
46550,P2,BASE,-96.75,-95.00,-184,R,13574,-27.8145
46560,P2,BASE,-96.60,-99.99,-179,R,13534,-27.7806
46570,P2,BASE,-96.45,-97.48,-181,R,13495,-27.7703
46580,P2,BASE,-96.30,-97.53,-181,R,13456,-27.7580
46590,P2,BASE,-96.15,-100.01,-178,R,13416,-27.7194
46600,P2,BASE,-96.00,-97.49,-180,R,13377,-27.7045
46610,P2,BASE,-95.85,-97.51,-180,R,13338,-27.6879
46620,P2,BASE,-95.70,-97.46,-179,R,13299,-27.6703
46630,P2,BASE,-95.55,-95.02,-182,R,13261,-27.6756
46640,P2,BASE,-95.40,-95.02,-182,R,13223,-27.6795
46650,P2,BASE,-95.25,-97.47,-179,R,13184,-27.6572
46660,P2,BASE,-95.10,-95.03,-181,R,13146,-27.6580
46670,P2,BASE,-94.95,-94.97,-181,R,13108,-27.6577
46680,P2,BASE,-94.80,-97.49,-178,R,13069,-27.6308
46690,P2,BASE,-94.65,-95.04,-181,R,13031,-27.6270
46700,P2,BASE,-94.50,-94.98,-180,R,12993,-27.6222
46710,P2,BASE,-94.35,-97.50,-178,R,12954,-27.5907
46720,P2,BASE,-94.20,-94.98,-180,R,12916,-27.5828
46730,P2,BASE,-94.05,-97.50,-177,R,12877,-27.5483
46740,P2,BASE,-93.90,-97.54,-176,R,12838,-27.5120
46750,P2,BASE,-93.75,-94.99,-179,R,12800,-27.4995
46760,P2,BASE,-93.60,-95.01,-179,R,12762,-27.4855
46770,P2,BASE,-93.45,-92.47,-181,R,12725,-27.4952
46780,P2,BASE,-93.30,-92.49,-181,R,12688,-27.5033
46790,P2,BASE,-93.15,-92.53,-181,R,12651,-27.5095
46800,P2,BASE,-93.00,-92.48,-181,R,12614,-27.5147
46810,P2,BASE,-92.85,-95.00,-178,R,12576,-27.4932
46820,P2,BASE,-92.70,-94.99,-178,R,12538,-27.4703
46830,P2,BASE,-92.55,-92.51,-180,R,12501,-27.4707
46840,P2,BASE,-92.40,-92.52,-180,R,12464,-27.4695
46850,P2,BASE,-92.25,-94.97,-177,R,12426,-27.4423
46860,P2,BASE,-92.10,-92.54,-179,R,12389,-27.4380
46870,P2,BASE,-91.95,-92.47,-179,R,12352,-27.4327
46880,P2,BASE,-91.80,-90.00,-182,R,12316,-27.4507
46890,P2,BASE,-91.65,-95.01,-176,R,12278,-27.4171
46900,P2,BASE,-91.50,-92.49,-178,R,12241,-27.4072
46910,P2,BASE,-91.35,-92.53,-178,R,12204,-27.3955
46920,P2,BASE,-91.20,-92.50,-178,R,12167,-27.3825
46930,P2,BASE,-91.05,-89.96,-181,R,12131,-27.3933
46940,P2,BASE,-90.90,-90.02,-180,R,12095,-27.4021
46950,P2,BASE,-90.75,-87.49,-183,R,12060,-27.4347
46960,P2,BASE,-90.60,-87.53,-183,R,12025,-27.4655
46970,P2,BASE,-90.45,-92.50,-178,R,11988,-27.4450
46980,P2,BASE,-90.30,-92.50,-177,R,11951,-27.4230
46990,P2,BASE,-90.15,-92.50,-177,R,11914,-27.3995
47000,P2,BASE,-90.00,-92.50,-177,R,11877,-27.3745
47010,P2,BASE,-89.85,-92.47,-176,R,11840,-27.3482
47020,P2,BASE,-89.70,-92.53,-176,R,11803,-27.3200
47030,P2,BASE,-89.55,-94.97,-173,R,11765,-27.2658
47040,P2,BASE,-89.40,-92.53,-175,R,11728,-27.2345
47050,P2,BASE,-89.25,-92.50,-175,R,11691,-27.2020
47060,P2,BASE,-89.10,-92.49,-174,R,11654,-27.1681
47070,P2,BASE,-88.95,-92.47,-174,R,11617,-27.1328
47080,P2,BASE,-88.80,-92.51,-174,R,11580,-27.0958
47090,P2,BASE,-88.65,-90.02,-176,R,11544,-27.0821
47100,P2,BASE,-88.50,-89.98,-176,R,11508,-27.0673
47110,P2,BASE,-88.35,-87.53,-178,R,11473,-27.0755
47120,P2,BASE,-88.20,-92.47,-173,R,11436,-27.0328
47130,P2,BASE,-88.05,-87.52,-178,R,11401,-27.0381
47140,P2,BASE,-87.90,-90.00,-175,R,11365,-27.0171
47150,P2,BASE,-87.75,-89.99,-175,R,11329,-26.9947
47160,P2,BASE,-87.60,-89.99,-174,R,11293,-26.9708
47170,P2,BASE,-87.45,-90.00,-174,R,11257,-26.9453
47180,P2,BASE,-87.30,-87.50,-176,R,11222,-26.9433
47190,P2,BASE,-87.15,-90.03,-173,R,11186,-26.9145
47200,P2,BASE,-87.00,-90.00,-173,R,11150,-26.8845
47210,P2,BASE,-86.85,-87.47,-175,R,11115,-26.8784
47220,P2,BASE,-86.70,-90.04,-172,R,11079,-26.8450
47230,P2,BASE,-86.55,-89.97,-172,R,11043,-26.8108
47240,P2,BASE,-86.40,-90.02,-172,R,11007,-26.7746
47250,P2,BASE,-86.25,-87.47,-174,R,10972,-26.7623
47260,P2,BASE,-86.10,-90.04,-171,R,10936,-26.7230
47270,P2,BASE,-85.95,-87.47,-173,R,10901,-26.7077
47280,P2,BASE,-85.80,-87.51,-173,R,10866,-26.6907
47290,P2,BASE,-85.65,-87.51,-173,R,10831,-26.6721
47300,P2,BASE,-85.50,-87.50,-173,R,10796,-26.6521
47310,P2,BASE,-85.35,-87.48,-172,R,10761,-26.6307
47320,P2,BASE,-85.20,-87.53,-172,R,10726,-26.6075
47330,P2,BASE,-85.05,-84.97,-174,R,10692,-26.6082
47340,P2,BASE,-84.90,-90.03,-169,R,10656,-26.5570
47350,P2,BASE,-84.75,-84.98,-174,R,10622,-26.5546
47360,P2,BASE,-84.60,-87.49,-171,R,10587,-26.5257
47370,P2,BASE,-84.45,-87.51,-170,R,10552,-26.4951
47380,P2,BASE,-84.30,-87.49,-170,R,10517,-26.4632
47390,P2,BASE,-84.15,-87.53,-170,R,10482,-26.4295
47400,P2,BASE,-84.00,-87.47,-169,R,10447,-26.3947
47410,P2,BASE,-83.85,-85.02,-172,R,10413,-26.3831
47420,P2,BASE,-83.70,-87.43,-169,R,10378,-26.3458
47430,P2,BASE,-83.55,-85.07,-171,R,10344,-26.3306
47440,P2,BASE,-83.40,-82.50,-173,R,10311,-26.3396
47450,P2,BASE,-83.25,-84.99,-171,R,10277,-26.3222
47460,P2,BASE,-83.10,-82.51,-173,R,10244,-26.3281
47470,P2,BASE,-82.95,-82.49,-173,R,10211,-26.3327
47480,P2,BASE,-82.80,-87.49,-167,R,10176,-26.2858
47490,P2,BASE,-82.65,-85.02,-170,R,10142,-26.2621
47500,P2,BASE,-82.50,-84.97,-169,R,10108,-26.2373
47510,P2,BASE,-82.35,-82.52,-172,R,10075,-26.2356
47520,P2,BASE,-82.20,-84.97,-169,R,10041,-26.2078
47530,P2,BASE,-82.05,-85.02,-168,R,10007,-26.1782
47540,P2,BASE,-81.90,-82.51,-171,R,9974,-26.1721
47550,P2,BASE,-81.75,-85.01,-168,R,9940,-26.1395
47560,P2,BASE,-81.60,-82.50,-170,R,9907,-26.1305
47570,P2,BASE,-81.45,-84.98,-167,R,9873,-26.0952
47580,P2,BASE,-81.30,-84.98,-167,R,9839,-26.0583
47590,P2,BASE,-81.15,-82.52,-169,R,9806,-26.0446
47600,P2,BASE,-81.00,-82.51,-169,R,9773,-26.0295
47610,P2,BASE,-80.85,-82.48,-169,R,9740,-26.0132
47620,P2,BASE,-80.70,-82.47,-168,R,9707,-25.9955
47630,P2,BASE,-80.55,-77.53,-174,R,9676,-26.0257
47640,P2,BASE,-80.40,-82.51,-168,R,9643,-26.0046
47650,P2,BASE,-80.25,-79.98,-171,R,9611,-26.0074
47660,P2,BASE,-80.10,-82.52,-168,R,9578,-25.9831
47670,P2,BASE,-79.95,-82.49,-167,R,9545,-25.9577
47680,P2,BASE,-79.80,-80.02,-170,R,9513,-25.9555
47690,P2,BASE,-79.65,-84.97,-164,R,9479,-25.9023
47700,P2,BASE,-79.50,-82.49,-166,R,9446,-25.8724
47710,P2,BASE,-79.35,-85.00,-163,R,9412,-25.8159
47720,P2,BASE,-79.20,-82.53,-165,R,9379,-25.7825
47730,P2,BASE,-79.05,-84.97,-162,R,9345,-25.7233
47740,P2,BASE,-78.90,-82.51,-165,R,9312,-25.6872
47750,P2,BASE,-78.75,-82.52,-164,R,9279,-25.6496
47760,P2,BASE,-78.60,-85.00,-161,R,9245,-25.5856
47770,P2,BASE,-78.45,-82.49,-163,R,9212,-25.5451
47780,P2,BASE,-78.30,-82.50,-163,R,9179,-25.5031
47790,P2,BASE,-78.15,-82.45,-162,R,9146,-25.4601
47800,P2,BASE,-78.00,-80.05,-164,R,9114,-25.4396
47810,P2,BASE,-77.85,-80.01,-164,R,9082,-25.4181
47820,P2,BASE,-77.70,-82.49,-161,R,9049,-25.3702
47830,P2,BASE,-77.55,-80.00,-163,R,9017,-25.3457
47840,P2,BASE,-77.40,-82.48,-160,R,8984,-25.2948
47850,P2,BASE,-77.25,-80.01,-163,R,8952,-25.2672
47860,P2,BASE,-77.10,-82.51,-160,R,8919,-25.2132
47870,P2,BASE,-76.95,-79.98,-162,R,8887,-25.1828
47880,P2,BASE,-76.80,-82.52,-159,R,8854,-25.1256
47890,P2,BASE,-76.65,-79.98,-161,R,8822,-25.0923
47900,P2,BASE,-76.50,-82.52,-158,R,8789,-25.0321
47910,P2,BASE,-76.35,-80.00,-160,R,8757,-24.9956
47920,P2,BASE,-76.20,-82.48,-157,R,8724,-24.9328
47930,P2,BASE,-76.05,-80.02,-159,R,8692,-24.8931
47940,P2,BASE,-75.90,-82.51,-156,R,8659,-24.8271
47950,P2,BASE,-75.75,-82.47,-155,R,8626,-24.7599
47960,P2,BASE,-75.60,-80.01,-157,R,8594,-24.7158
47970,P2,BASE,-75.45,-80.02,-157,R,8562,-24.6702
47980,P2,BASE,-75.30,-80.00,-156,R,8530,-24.6232
47990,P2,BASE,-75.15,-80.01,-156,R,8498,-24.5746
48000,P2,BASE,-75.00,-77.49,-158,R,8467,-24.5497
48010,P2,BASE,-74.85,-80.00,-155,R,8435,-24.4981
48020,P2,BASE,-74.70,-77.44,-157,R,8404,-24.4708
48030,P2,BASE,-74.55,-77.57,-157,R,8373,-24.4406
48040,P2,BASE,-74.40,-77.48,-157,R,8342,-24.4097
48050,P2,BASE,-74.25,-77.49,-156,R,8311,-24.3773
48060,P2,BASE,-74.10,-80.02,-153,R,8279,-24.3181
48070,P2,BASE,-73.95,-77.50,-155,R,8248,-24.2826
48080,P2,BASE,-73.80,-74.99,-158,R,8218,-24.2708
48090,P2,BASE,-73.65,-77.51,-155,R,8187,-24.2322
48100,P2,BASE,-73.50,-77.50,-154,R,8156,-24.1922
48110,P2,BASE,-73.35,-77.49,-154,R,8125,-24.1508
48120,P2,BASE,-73.20,-75.02,-156,R,8095,-24.1326
48130,P2,BASE,-73.05,-79.97,-151,R,8063,-24.0634
48140,P2,BASE,-72.90,-75.01,-155,R,8033,-24.0423
48150,P2,BASE,-72.75,-75.01,-155,R,8003,-24.0197
48160,P2,BASE,-72.60,-75.00,-155,R,7973,-23.9957
48170,P2,BASE,-72.45,-75.00,-154,R,7943,-23.9702
48180,P2,BASE,-72.30,-72.50,-157,R,7914,-23.9682
48190,P2,BASE,-72.15,-72.51,-157,R,7885,-23.9647
48200,P2,BASE,-72.00,-72.51,-156,R,7856,-23.9596
48210,P2,BASE,-71.85,-75.00,-153,R,7826,-23.9281
48220,P2,BASE,-71.70,-72.50,-156,R,7797,-23.9201
48230,P2,BASE,-71.55,-75.00,-153,R,7767,-23.8856
48240,P2,BASE,-71.40,-74.97,-153,R,7737,-23.8499
48250,P2,BASE,-71.25,-72.52,-155,R,7708,-23.8372
48260,P2,BASE,-71.10,-72.51,-155,R,7679,-23.8231
48270,P2,BASE,-70.95,-75.00,-152,R,7649,-23.7826
48280,P2,BASE,-70.80,-74.98,-151,R,7619,-23.7408
48290,P2,BASE,-70.65,-72.49,-153,R,7590,-23.7224
48300,P2,BASE,-70.50,-70.03,-156,R,7562,-23.7271
48310,P2,BASE,-70.35,-74.98,-150,R,7532,-23.6808
48320,P2,BASE,-70.20,-70.01,-155,R,7504,-23.6828
48330,P2,BASE,-70.05,-72.49,-152,R,7475,-23.6584
48340,P2,BASE,-69.90,-72.50,-152,R,7446,-23.6324
48350,P2,BASE,-69.75,-72.51,-152,R,7417,-23.6049
48360,P2,BASE,-69.60,-72.49,-151,R,7388,-23.5759
48370,P2,BASE,-69.45,-70.02,-154,R,7360,-23.5702
48380,P2,BASE,-69.30,-70.01,-154,R,7332,-23.5631
48390,P2,BASE,-69.15,-69.98,-153,R,7304,-23.5549
48400,P2,BASE,-69.00,-67.51,-156,R,7277,-23.5698
48410,P2,BASE,-68.85,-70.01,-153,R,7249,-23.5582
48420,P2,BASE,-68.70,-67.49,-156,R,7222,-23.5704
48430,P2,BASE,-68.55,-70.01,-153,R,7194,-23.5557
48440,P2,BASE,-68.40,-69.98,-152,R,7166,-23.5399
48450,P2,BASE,-68.25,-70.01,-152,R,7138,-23.5223
48460,P2,BASE,-68.10,-70.01,-152,R,7110,-23.5033
48470,P2,BASE,-67.95,-70.00,-152,R,7082,-23.4828
48480,P2,BASE,-67.80,-72.51,-149,R,7053,-23.4356
48490,P2,BASE,-67.65,-69.98,-151,R,7025,-23.4123
48500,P2,BASE,-67.50,-67.51,-153,R,6998,-23.4122
48510,P2,BASE,-67.35,-69.98,-150,R,6970,-23.3859
48520,P2,BASE,-67.20,-72.51,-147,R,6941,-23.3328
48530,P2,BASE,-67.05,-67.51,-152,R,6914,-23.3283
48540,P2,BASE,-66.90,-72.50,-147,R,6885,-23.2723
48550,P2,BASE,-66.75,-67.50,-152,R,6858,-23.2648
48560,P2,BASE,-66.60,-70.01,-149,R,6830,-23.2307
48570,P2,BASE,-66.45,-67.49,-151,R,6803,-23.2203
48580,P2,BASE,-66.30,-67.49,-151,R,6776,-23.2084
48590,P2,BASE,-66.15,-67.52,-150,R,6749,-23.1947
48600,P2,BASE,-66.00,-67.50,-150,R,6722,-23.1797
48610,P2,BASE,-65.85,-67.49,-150,R,6695,-23.1633
48620,P2,BASE,-65.70,-65.01,-152,R,6669,-23.1701
48630,P2,BASE,-65.55,-67.48,-150,R,6642,-23.1508
48640,P2,BASE,-65.40,-65.01,-152,R,6616,-23.1548
48650,P2,BASE,-65.25,-67.50,-149,R,6589,-23.1323
48660,P2,BASE,-65.10,-67.50,-149,R,6562,-23.1083
48670,P2,BASE,-64.95,-67.49,-149,R,6535,-23.0829
48680,P2,BASE,-64.80,-65.01,-151,R,6509,-23.0808
48690,P2,BASE,-64.65,-67.51,-148,R,6482,-23.0522
48700,P2,BASE,-64.50,-69.95,-145,R,6454,-22.9977
48710,P2,BASE,-64.35,-65.04,-150,R,6428,-22.9908
48720,P2,BASE,-64.20,-67.49,-147,R,6401,-22.9579
48730,P2,BASE,-64.05,-65.00,-149,R,6375,-22.9484
48740,P2,BASE,-63.90,-67.52,-146,R,6348,-22.9122
48750,P2,BASE,-63.75,-65.00,-149,R,6322,-22.8997
48760,P2,BASE,-63.60,-67.49,-146,R,6295,-22.8607
48770,P2,BASE,-63.45,-70.01,-143,R,6267,-22.7952
48780,P2,BASE,-63.30,-64.97,-147,R,6241,-22.7784
48790,P2,BASE,-63.15,-67.53,-144,R,6214,-22.7347
48800,P2,BASE,-63.00,-67.49,-144,R,6187,-22.6897
48810,P2,BASE,-62.85,-64.99,-146,R,6161,-22.6684
48820,P2,BASE,-62.70,-65.00,-146,R,6135,-22.6454
48830,P2,BASE,-62.55,-65.01,-146,R,6109,-22.6207
48840,P2,BASE,-62.40,-64.98,-145,R,6083,-22.5949
48850,P2,BASE,-62.25,-65.01,-145,R,6057,-22.5674
48860,P2,BASE,-62.10,-64.99,-145,R,6031,-22.5384
48870,P2,BASE,-61.95,-60.00,-150,R,6007,-22.5579
48880,P2,BASE,-61.80,-65.03,-144,R,5981,-22.5257
48890,P2,BASE,-61.65,-62.49,-147,R,5956,-22.5172
48900,P2,BASE,-61.50,-65.01,-144,R,5930,-22.4822
48910,P2,BASE,-61.35,-62.48,-146,R,5905,-22.4709
48920,P2,BASE,-61.20,-62.51,-146,R,5880,-22.4577
48930,P2,BASE,-61.05,-62.49,-145,R,5855,-22.4433
48940,P2,BASE,-60.90,-62.51,-145,R,5830,-22.4272
48950,P2,BASE,-60.75,-62.50,-145,R,5805,-22.4097
48960,P2,BASE,-60.60,-62.50,-145,R,5780,-22.3907
48970,P2,BASE,-60.45,-62.51,-144,R,5755,-22.3702
48980,P2,BASE,-60.30,-59.98,-147,R,5731,-22.3733
48990,P2,BASE,-60.15,-60.01,-147,R,5707,-22.3747
49000,P2,BASE,-60.00,-62.50,-144,R,5682,-22.3497
49010,P2,BASE,-59.85,-62.50,-143,R,5657,-22.3232
49020,P2,BASE,-59.70,-60.00,-146,R,5633,-22.3202
49030,P2,BASE,-59.55,-60.00,-146,R,5609,-22.3157
49040,P2,BASE,-59.40,-62.49,-143,R,5584,-22.2848
49050,P2,BASE,-59.25,-59.99,-145,R,5560,-22.2774
49060,P2,BASE,-59.10,-57.52,-148,R,5537,-22.2932
49070,P2,BASE,-58.95,-59.99,-145,R,5513,-22.2828
49080,P2,BASE,-58.80,-60.01,-145,R,5489,-22.2707
49090,P2,BASE,-58.65,-57.49,-147,R,5466,-22.2823
49100,P2,BASE,-58.50,-59.99,-144,R,5442,-22.2674
49110,P2,BASE,-58.35,-60.01,-144,R,5418,-22.2508
49120,P2,BASE,-58.20,-57.49,-146,R,5395,-22.2579
49130,P2,BASE,-58.05,-62.51,-141,R,5370,-22.2133
49140,P2,BASE,-57.90,-59.99,-143,R,5346,-22.1924
49150,P2,BASE,-57.75,-60.02,-143,R,5322,-22.1697
49160,P2,BASE,-57.60,-59.99,-143,R,5298,-22.1458
49170,P2,BASE,-57.45,-59.99,-142,R,5274,-22.1204
49180,P2,BASE,-57.30,-62.49,-139,R,5249,-22.0684
49190,P2,BASE,-57.15,-60.02,-141,R,5225,-22.0397
49200,P2,BASE,-57.00,-57.49,-144,R,5202,-22.0347
49210,P2,BASE,-56.85,-59.99,-141,R,5178,-22.0034
49220,P2,BASE,-56.70,-57.51,-143,R,5155,-21.9952
49230,P2,BASE,-56.55,-60.01,-140,R,5131,-21.9607
49240,P2,BASE,-56.40,-57.50,-143,R,5108,-21.9497
49250,P2,BASE,-56.25,-59.98,-140,R,5084,-21.9124
49260,P2,BASE,-56.10,-57.51,-142,R,5061,-21.8984
49270,P2,BASE,-55.95,-57.52,-142,R,5038,-21.8827
49280,P2,BASE,-55.80,-57.48,-141,R,5015,-21.8659
49290,P2,BASE,-55.65,-57.51,-141,R,4992,-21.8473
49300,P2,BASE,-55.50,-60.01,-138,R,4968,-21.8022
49310,P2,BASE,-55.35,-54.99,-143,R,4946,-21.8058
49320,P2,BASE,-55.20,-55.01,-143,R,4924,-21.8077
49330,P2,BASE,-55.05,-55.00,-143,R,4902,-21.8082
49340,P2,BASE,-54.90,-54.99,-143,R,4880,-21.8072
49350,P2,BASE,-54.75,-55.01,-142,R,4858,-21.8047
49360,P2,BASE,-54.60,-54.99,-142,R,4836,-21.8008
49370,P2,BASE,-54.45,-55.01,-142,R,4814,-21.7952
49380,P2,BASE,-54.30,-57.48,-139,R,4791,-21.7634
49390,P2,BASE,-54.15,-55.02,-141,R,4769,-21.7547
49400,P2,BASE,-54.00,-55.00,-141,R,4747,-21.7447
49410,P2,BASE,-53.85,-54.99,-141,R,4725,-21.7333
49420,P2,BASE,-53.70,-55.00,-141,R,4703,-21.7203
49430,P2,BASE,-53.55,-57.50,-138,R,4680,-21.6808
49440,P2,BASE,-53.40,-55.00,-140,R,4658,-21.6648
49450,P2,BASE,-53.25,-55.01,-140,R,4636,-21.6472
49460,P2,BASE,-53.10,-54.96,-140,R,4614,-21.6286
49470,P2,BASE,-52.95,-52.54,-142,R,4593,-21.6328
49480,P2,BASE,-52.80,-54.99,-139,R,4571,-21.6108
49490,P2,BASE,-52.65,-54.99,-139,R,4549,-21.5874
49500,P2,BASE,-52.50,-55.02,-139,R,4527,-21.5622
49510,P2,BASE,-52.35,-52.49,-141,R,4506,-21.5608
49520,P2,BASE,-52.20,-54.99,-138,R,4484,-21.5329
49530,P2,BASE,-52.05,-52.52,-140,R,4463,-21.5282
49540,P2,BASE,-51.90,-54.99,-138,R,4441,-21.4973
49550,P2,BASE,-51.75,-52.51,-140,R,4420,-21.4897
49560,P2,BASE,-51.60,-52.50,-140,R,4399,-21.4807
49570,P2,BASE,-51.45,-52.49,-139,R,4378,-21.4703
49580,P2,BASE,-51.30,-52.51,-139,R,4357,-21.4582
49590,P2,BASE,-51.15,-49.99,-142,R,4337,-21.4698
49600,P2,BASE,-51.00,-52.49,-139,R,4316,-21.4548
49610,P2,BASE,-50.85,-52.50,-139,R,4295,-21.4383
49620,P2,BASE,-50.70,-50.00,-141,R,4275,-21.4453
49630,P2,BASE,-50.55,-52.49,-138,R,4254,-21.4259
49640,P2,BASE,-50.40,-52.51,-138,R,4233,-21.4048
49650,P2,BASE,-50.25,-49.99,-140,R,4213,-21.4074
49660,P2,BASE,-50.10,-52.51,-137,R,4192,-21.3833
49670,P2,BASE,-49.95,-52.51,-137,R,4171,-21.3578
49680,P2,BASE,-49.80,-52.49,-137,R,4150,-21.3309
49690,P2,BASE,-49.65,-52.51,-136,R,4129,-21.3023
49700,P2,BASE,-49.50,-50.00,-139,R,4109,-21.2973
49710,P2,BASE,-49.35,-52.51,-136,R,4088,-21.2657
49720,P2,BASE,-49.20,-54.98,-133,R,4066,-21.2079
49730,P2,BASE,-49.05,-52.51,-135,R,4045,-21.1733
49740,P2,BASE,-48.90,-49.99,-137,R,4025,-21.1624
49750,P2,BASE,-48.75,-52.51,-134,R,4004,-21.1248
49760,P2,BASE,-48.60,-52.49,-134,R,3983,-21.0859
49770,P2,BASE,-48.45,-50.01,-136,R,3963,-21.0703
49780,P2,BASE,-48.30,-52.49,-133,R,3942,-21.0284
49790,P2,BASE,-48.15,-50.01,-136,R,3922,-21.0098
49800,P2,BASE,-48.00,-52.49,-133,R,3901,-20.9649
49810,P2,BASE,-47.85,-52.51,-132,R,3880,-20.9183
49820,P2,BASE,-47.70,-52.49,-132,R,3859,-20.8703
49830,P2,BASE,-47.55,-52.50,-131,R,3838,-20.8208
49840,P2,BASE,-47.40,-52.49,-131,R,3817,-20.7699
49850,P2,BASE,-47.25,-50.01,-133,R,3797,-20.7423
49860,P2,BASE,-47.10,-50.01,-133,R,3777,-20.7132
49870,P2,BASE,-46.95,-49.99,-132,R,3757,-20.6828
49880,P2,BASE,-46.80,-49.99,-132,R,3737,-20.6509
49890,P2,BASE,-46.65,-50.01,-131,R,3717,-20.6173
49900,P2,BASE,-46.50,-47.50,-134,R,3698,-20.6073
49910,P2,BASE,-46.35,-49.99,-131,R,3678,-20.5708
49920,P2,BASE,-46.20,-47.51,-133,R,3659,-20.5577
49930,P2,BASE,-46.05,-49.99,-130,R,3639,-20.5184
49940,P2,BASE,-45.90,-45.00,-135,R,3621,-20.5274
49950,P2,BASE,-45.75,-47.51,-132,R,3602,-20.5097
49960,P2,BASE,-45.60,-47.50,-132,R,3583,-20.4908
49970,P2,BASE,-45.45,-47.50,-132,R,3564,-20.4702
49980,P2,BASE,-45.30,-44.99,-134,R,3546,-20.4734
49990,P2,BASE,-45.15,-47.50,-131,R,3527,-20.4499
50000,P2,BASE,-45.00,-45.01,-134,R,3509,-20.4498
50010,P2,BASE,-44.85,-44.99,-134,R,3491,-20.4484
50020,P2,BASE,-44.70,-45.00,-133,R,3473,-20.4453
50030,P2,BASE,-44.55,-45.00,-133,R,3455,-20.4409
50040,P2,BASE,-44.40,-45.01,-133,R,3437,-20.4347
50050,P2,BASE,-44.25,-42.49,-136,R,3420,-20.4524
50060,P2,BASE,-44.10,-45.00,-133,R,3402,-20.4433
50070,P2,BASE,-43.95,-45.01,-133,R,3384,-20.4327
50080,P2,BASE,-43.80,-42.50,-135,R,3367,-20.4458
50090,P2,BASE,-43.65,-44.99,-132,R,3349,-20.4324
50100,P2,BASE,-43.50,-42.51,-135,R,3332,-20.4423
50110,P2,BASE,-43.35,-42.50,-135,R,3315,-20.4509
50120,P2,BASE,-43.20,-42.51,-135,R,3298,-20.4578
50130,P2,BASE,-43.05,-45.00,-132,R,3280,-20.4383
50140,P2,BASE,-42.90,-42.50,-134,R,3263,-20.4424
50150,P2,BASE,-42.75,-42.51,-134,R,3246,-20.4448
50160,P2,BASE,-42.60,-45.00,-131,R,3228,-20.4208
50170,P2,BASE,-42.45,-42.50,-134,R,3211,-20.4203
50180,P2,BASE,-42.30,-42.49,-133,R,3194,-20.4184
50190,P2,BASE,-42.15,-42.52,-133,R,3177,-20.4147
50200,P2,BASE,-42.00,-42.49,-133,R,3160,-20.4098
50210,P2,BASE,-41.85,-42.51,-133,R,3143,-20.4032
50220,P2,BASE,-41.70,-40.00,-135,R,3127,-20.4203
50230,P2,BASE,-41.55,-42.49,-133,R,3110,-20.4109
50240,P2,BASE,-41.40,-42.50,-132,R,3093,-20.3999
50250,P2,BASE,-41.25,-42.50,-132,R,3076,-20.3874
50260,P2,BASE,-41.10,-40.00,-135,R,3060,-20.3984
50270,P2,BASE,-40.95,-45.00,-129,R,3042,-20.3578
50280,P2,BASE,-40.80,-42.50,-131,R,3025,-20.3408
50290,P2,BASE,-40.65,-42.50,-131,R,3008,-20.3223
50300,P2,BASE,-40.50,-42.50,-131,R,2991,-20.3023
50310,P2,BASE,-40.35,-42.50,-131,R,2974,-20.2808
50320,P2,BASE,-40.20,-45.00,-127,R,2956,-20.2328
50330,P2,BASE,-40.05,-42.50,-130,R,2939,-20.2083
50340,P2,BASE,-39.90,-42.49,-129,R,2922,-20.1824
50350,P2,BASE,-39.75,-42.52,-129,R,2905,-20.1547
50360,P2,BASE,-39.60,-42.50,-129,R,2888,-20.1257
50370,P2,BASE,-39.45,-44.99,-126,R,2870,-20.0703
50380,P2,BASE,-39.30,-42.51,-128,R,2853,-20.0382
50390,P2,BASE,-39.15,-42.49,-127,R,2836,-20.0049
50400,P2,BASE,-39.00,-42.51,-127,R,2819,-19.9698
50410,P2,BASE,-38.85,-42.50,-127,R,2802,-19.9333
50420,P2,BASE,-38.70,-40.00,-129,R,2786,-19.9202
50430,P2,BASE,-38.55,-39.99,-129,R,2770,-19.9058
50440,P2,BASE,-38.40,-42.50,-126,R,2753,-19.8648
50450,P2,BASE,-38.25,-42.50,-125,R,2736,-19.8223
50460,P2,BASE,-38.10,-40.00,-128,R,2720,-19.8033
50470,P2,BASE,-37.95,-40.01,-127,R,2704,-19.7827
50480,P2,BASE,-37.80,-42.50,-124,R,2687,-19.7357
50490,P2,BASE,-37.65,-39.98,-127,R,2671,-19.7124
50500,P2,BASE,-37.50,-40.00,-126,R,2655,-19.6874
50510,P2,BASE,-37.35,-40.00,-126,R,2639,-19.6608
50520,P2,BASE,-37.20,-40.01,-126,R,2623,-19.6327
50530,P2,BASE,-37.05,-37.49,-128,R,2608,-19.6283
50540,P2,BASE,-36.90,-40.00,-125,R,2592,-19.5973
50550,P2,BASE,-36.75,-37.50,-127,R,2577,-19.5898
50560,P2,BASE,-36.60,-40.00,-124,R,2561,-19.5559
50570,P2,BASE,-36.45,-37.51,-127,R,2546,-19.5453
50580,P2,BASE,-36.30,-34.99,-129,R,2532,-19.5584
50590,P2,BASE,-36.15,-37.50,-126,R,2517,-19.5448
50600,P2,BASE,-36.00,-37.50,-126,R,2502,-19.5298
50610,P2,BASE,-35.85,-37.50,-126,R,2487,-19.5133
50620,P2,BASE,-35.70,-34.99,-128,R,2473,-19.5204
50630,P2,BASE,-35.55,-37.50,-126,R,2458,-19.5009
50640,P2,BASE,-35.40,-35.00,-128,R,2444,-19.5049
50650,P2,BASE,-35.25,-35.01,-128,R,2430,-19.5072
50660,P2,BASE,-35.10,-35.00,-128,R,2416,-19.5083
50670,P2,BASE,-34.95,-37.50,-125,R,2401,-19.4827
50680,P2,BASE,-34.80,-37.49,-125,R,2386,-19.4559
50690,P2,BASE,-34.65,-35.00,-127,R,2372,-19.4523
50700,P2,BASE,-34.50,-35.00,-127,R,2358,-19.4473
50710,P2,BASE,-34.35,-37.49,-124,R,2343,-19.4159
50720,P2,BASE,-34.20,-35.01,-126,R,2329,-19.4078
50730,P2,BASE,-34.05,-35.00,-126,R,2315,-19.3983
50740,P2,BASE,-33.90,-34.99,-126,R,2301,-19.3874
50750,P2,BASE,-33.75,-35.00,-125,R,2287,-19.3749
50760,P2,BASE,-33.60,-35.01,-125,R,2273,-19.3608
50770,P2,BASE,-33.45,-34.99,-125,R,2259,-19.3454
50780,P2,BASE,-33.30,-32.51,-127,R,2246,-19.3533
50790,P2,BASE,-33.15,-35.00,-125,R,2232,-19.3348
50800,P2,BASE,-33.00,-32.50,-127,R,2219,-19.3398
50810,P2,BASE,-32.85,-35.00,-124,R,2205,-19.3183
50820,P2,BASE,-32.70,-32.49,-127,R,2192,-19.3204
50830,P2,BASE,-32.55,-32.51,-126,R,2179,-19.3208
50840,P2,BASE,-32.40,-34.99,-124,R,2165,-19.2949
50850,P2,BASE,-32.25,-32.51,-126,R,2152,-19.2923
50860,P2,BASE,-32.10,-32.50,-126,R,2139,-19.2883
50870,P2,BASE,-31.95,-32.49,-126,R,2126,-19.2829
50880,P2,BASE,-31.80,-32.50,-125,R,2113,-19.2758
50890,P2,BASE,-31.65,-32.51,-125,R,2100,-19.2673
50900,P2,BASE,-31.50,-32.49,-125,R,2087,-19.2574
50910,P2,BASE,-31.35,-32.51,-125,R,2074,-19.2458
50920,P2,BASE,-31.20,-29.99,-127,R,2062,-19.2579
50930,P2,BASE,-31.05,-32.50,-124,R,2049,-19.2433
50940,P2,BASE,-30.90,-32.51,-124,R,2036,-19.2273
50950,P2,BASE,-30.75,-29.99,-127,R,2024,-19.2349
50960,P2,BASE,-30.60,-30.00,-126,R,2012,-19.2409
50970,P2,BASE,-30.45,-32.50,-124,R,1999,-19.2204
50980,P2,BASE,-30.30,-30.01,-126,R,1987,-19.2233
50990,P2,BASE,-30.15,-32.49,-123,R,1974,-19.1999
51000,P2,BASE,-30.00,-30.00,-126,R,1962,-19.1999
51010,P2,BASE,-29.85,-32.50,-123,R,1949,-19.1733
51020,P2,BASE,-29.70,-27.50,-128,R,1938,-19.1954
51030,P2,BASE,-29.55,-32.51,-122,R,1925,-19.1658
51040,P2,BASE,-29.40,-29.99,-125,R,1913,-19.1598
51050,P2,BASE,-29.25,-32.51,-122,R,1900,-19.1273
51060,P2,BASE,-29.10,-29.99,-124,R,1888,-19.1184
51070,P2,BASE,-28.95,-30.00,-124,R,1876,-19.1079
51080,P2,BASE,-28.80,-30.01,-124,R,1864,-19.0958
51090,P2,BASE,-28.65,-32.49,-121,R,1851,-19.0573
51100,P2,BASE,-28.50,-32.50,-120,R,1838,-19.0173
51110,P2,BASE,-28.35,-30.00,-123,R,1826,-19.0008
51120,P2,BASE,-28.20,-30.00,-122,R,1814,-18.9828
51130,P2,BASE,-28.05,-32.50,-119,R,1801,-18.9383
51140,P2,BASE,-27.90,-32.49,-119,R,1788,-18.8924
51150,P2,BASE,-27.75,-30.01,-121,R,1776,-18.8698
51160,P2,BASE,-27.60,-32.49,-118,R,1763,-18.8209
51170,P2,BASE,-27.45,-30.00,-120,R,1751,-18.7954
51180,P2,BASE,-27.30,-32.51,-117,R,1738,-18.7433
51190,P2,BASE,-27.15,-30.00,-120,R,1726,-18.7148
51200,P2,BASE,-27.00,-29.99,-119,R,1714,-18.6849
51210,P2,BASE,-26.85,-32.51,-116,R,1701,-18.6283
51220,P2,BASE,-26.70,-30.00,-118,R,1689,-18.5953
51230,P2,BASE,-26.55,-32.50,-115,R,1676,-18.5358
51240,P2,BASE,-26.40,-30.01,-117,R,1664,-18.4998
51250,P2,BASE,-26.25,-30.00,-117,R,1652,-18.4623
51260,P2,BASE,-26.10,-29.99,-117,R,1640,-18.4234
51270,P2,BASE,-25.95,-32.50,-113,R,1627,-18.3578
51280,P2,BASE,-25.80,-30.00,-116,R,1615,-18.3158
51290,P2,BASE,-25.65,-30.00,-115,R,1603,-18.2723
51300,P2,BASE,-25.50,-30.01,-115,R,1591,-18.2273
51310,P2,BASE,-25.35,-30.00,-114,R,1579,-18.1808
51320,P2,BASE,-25.20,-27.49,-116,R,1568,-18.1579
51330,P2,BASE,-25.05,-30.00,-113,R,1556,-18.1084
51340,P2,BASE,-24.90,-30.00,-113,R,1544,-18.0574
51350,P2,BASE,-24.75,-27.51,-115,R,1533,-18.0298
51360,P2,BASE,-24.60,-29.99,-112,R,1521,-17.9759
51370,P2,BASE,-24.45,-27.50,-114,R,1510,-17.9454
51380,P2,BASE,-24.30,-27.51,-114,R,1499,-17.9133
51390,P2,BASE,-24.15,-30.00,-111,R,1487,-17.8548
51400,P2,BASE,-24.00,-30.01,-110,R,1475,-17.7948
51410,P2,BASE,-23.85,-27.49,-112,R,1464,-17.7583
51420,P2,BASE,-23.70,-27.50,-112,R,1453,-17.7204
51430,P2,BASE,-23.55,-27.51,-112,R,1442,-17.6808
51440,P2,BASE,-23.40,-27.49,-111,R,1431,-17.6399
51450,P2,BASE,-23.25,-27.51,-111,R,1420,-17.5973
51460,P2,BASE,-23.10,-27.50,-110,R,1409,-17.5533
51470,P2,BASE,-22.95,-25.00,-113,R,1399,-17.5328
51480,P2,BASE,-22.80,-25.00,-112,R,1389,-17.5108
51490,P2,BASE,-22.65,-25.00,-112,R,1379,-17.4873
51500,P2,BASE,-22.50,-24.99,-112,R,1369,-17.4624
51510,P2,BASE,-22.35,-25.00,-111,R,1359,-17.4359
51520,P2,BASE,-22.20,-25.00,-111,R,1349,-17.4079
51530,P2,BASE,-22.05,-25.00,-111,R,1339,-17.3784
51540,P2,BASE,-21.90,-22.50,-113,R,1330,-17.3723
51550,P2,BASE,-21.75,-22.50,-113,R,1321,-17.3648
51560,P2,BASE,-21.60,-25.00,-110,R,1311,-17.3309
51570,P2,BASE,-21.45,-22.50,-112,R,1302,-17.3203
51580,P2,BASE,-21.30,-22.50,-112,R,1293,-17.3083
51590,P2,BASE,-21.15,-22.50,-112,R,1284,-17.2948
51600,P2,BASE,-21.00,-20.00,-114,R,1276,-17.3048
51610,P2,BASE,-20.85,-22.50,-111,R,1267,-17.2883
51620,P2,BASE,-20.70,-20.00,-114,R,1259,-17.2953
51630,P2,BASE,-20.55,-22.50,-111,R,1250,-17.2758
51640,P2,BASE,-20.40,-19.99,-113,R,1242,-17.2798
51650,P2,BASE,-20.25,-20.00,-113,R,1234,-17.2823
51660,P2,BASE,-20.10,-20.00,-113,R,1226,-17.2833
51670,P2,BASE,-19.95,-17.50,-116,R,1219,-17.3078
51680,P2,BASE,-19.80,-20.00,-113,R,1211,-17.3058
51690,P2,BASE,-19.65,-17.50,-115,R,1204,-17.3273
51700,P2,BASE,-19.50,-20.00,-113,R,1196,-17.3223
51710,P2,BASE,-19.35,-19.99,-113,R,1188,-17.3159
51720,P2,BASE,-19.20,-17.51,-115,R,1181,-17.3328
51730,P2,BASE,-19.05,-17.49,-115,R,1174,-17.3484
51740,P2,BASE,-18.90,-20.00,-112,R,1166,-17.3373
51750,P2,BASE,-18.75,-15.00,-117,R,1160,-17.3748
51760,P2,BASE,-18.60,-17.50,-115,R,1153,-17.3859
51770,P2,BASE,-18.45,-20.01,-112,R,1145,-17.3703
51780,P2,BASE,-18.30,-15.00,-117,R,1139,-17.4033
51790,P2,BASE,-18.15,-17.50,-115,R,1132,-17.4098
51800,P2,BASE,-18.00,-17.50,-114,R,1125,-17.4148
51810,P2,BASE,-17.85,-15.00,-117,R,1119,-17.4433
51820,P2,BASE,-17.70,-17.50,-114,R,1112,-17.4453
51830,P2,BASE,-17.55,-15.00,-117,R,1106,-17.4708
51840,P2,BASE,-17.40,-17.50,-114,R,1099,-17.4698
51850,P2,BASE,-17.25,-15.00,-117,R,1093,-17.4923
51860,P2,BASE,-17.10,-14.99,-117,R,1087,-17.5133
51870,P2,BASE,-16.95,-17.51,-114,R,1080,-17.5078
51880,P2,BASE,-16.80,-15.00,-116,R,1074,-17.5258
51890,P2,BASE,-16.65,-15.00,-116,R,1068,-17.5423
51900,P2,BASE,-16.50,-15.00,-116,R,1062,-17.5573
51910,P2,BASE,-16.35,-15.00,-116,R,1056,-17.5708
51920,P2,BASE,-16.20,-15.00,-116,R,1050,-17.5828
51930,P2,BASE,-16.05,-15.00,-116,R,1044,-17.5933
51940,P2,BASE,-15.90,-15.00,-116,R,1038,-17.6023
51950,P2,BASE,-15.75,-15.00,-116,R,1032,-17.6098
51960,P2,BASE,-15.60,-15.00,-116,R,1026,-17.6158
51970,P2,BASE,-15.45,-12.50,-118,R,1021,-17.6453
51980,P2,BASE,-15.30,-15.00,-116,R,1015,-17.6483
51990,P2,BASE,-15.15,-15.00,-116,R,1009,-17.6498
52000,P2,BASE,-15.00,-15.00,-115,R,1003,-17.6498
52010,P2,BASE,-14.85,-15.00,-115,R,997,-17.6483
52020,P2,BASE,-14.70,-12.50,-118,R,992,-17.6703
52030,P2,BASE,-14.55,-15.00,-115,R,986,-17.6658
52040,P2,BASE,-14.40,-15.00,-115,R,980,-17.6598
52050,P2,BASE,-14.25,-12.50,-117,R,975,-17.6773
52060,P2,BASE,-14.10,-15.00,-115,R,969,-17.6683
52070,P2,BASE,-13.95,-15.00,-114,R,963,-17.6578
52080,P2,BASE,-13.80,-12.50,-117,R,958,-17.6708
52090,P2,BASE,-13.65,-14.99,-114,R,952,-17.6573
52100,P2,BASE,-13.50,-15.00,-114,R,946,-17.6423
52110,P2,BASE,-13.35,-15.00,-114,R,940,-17.6258
52120,P2,BASE,-13.20,-12.50,-116,R,935,-17.6328
52130,P2,BASE,-13.05,-12.50,-116,R,930,-17.6383
52140,P2,BASE,-12.90,-15.00,-113,R,924,-17.6173
52150,P2,BASE,-12.75,-12.50,-115,R,919,-17.6198
52160,P2,BASE,-12.60,-15.00,-113,R,913,-17.5958
52170,P2,BASE,-12.45,-12.50,-115,R,908,-17.5953
52180,P2,BASE,-12.30,-15.00,-112,R,902,-17.5683
52190,P2,BASE,-12.15,-12.50,-115,R,897,-17.5648
52200,P2,BASE,-12.00,-15.01,-112,R,891,-17.5348
52210,P2,BASE,-11.85,-12.50,-114,R,886,-17.5283
52220,P2,BASE,-11.70,-15.00,-111,R,880,-17.4953
52230,P2,BASE,-11.55,-12.50,-113,R,875,-17.4858
52240,P2,BASE,-11.40,-15.00,-110,R,869,-17.4498
52250,P2,BASE,-11.25,-12.50,-113,R,864,-17.4373
52260,P2,BASE,-11.10,-15.00,-110,R,858,-17.3983
52270,P2,BASE,-10.95,-12.50,-112,R,853,-17.3828
52280,P2,BASE,-10.80,-12.50,-112,R,848,-17.3658
52290,P2,BASE,-10.65,-15.00,-109,R,842,-17.3223
52300,P2,BASE,-10.50,-12.50,-111,R,837,-17.3023
52310,P2,BASE,-10.35,-12.50,-111,R,832,-17.2808
52320,P2,BASE,-10.20,-12.50,-110,R,827,-17.2578
52330,P2,BASE,-10.05,-14.99,-107,R,821,-17.2083
52340,P2,BASE,-9.90,-12.50,-110,R,816,-17.1823
52350,P2,BASE,-9.75,-12.50,-109,R,811,-17.1548
52360,P2,BASE,-9.60,-12.50,-109,R,806,-17.1258
52370,P2,BASE,-9.45,-12.50,-109,R,801,-17.0953
52380,P2,BASE,-9.30,-12.50,-108,R,796,-17.0633
52390,P2,BASE,-9.15,-12.50,-108,R,791,-17.0298
52400,P2,BASE,-9.00,-12.50,-108,R,786,-16.9948
52410,P2,BASE,-8.85,-12.50,-107,R,781,-16.9583
52420,P2,BASE,-8.70,-15.00,-104,R,775,-16.8953
52430,P2,BASE,-8.55,-12.50,-106,R,770,-16.8558
52440,P2,BASE,-8.40,-10.00,-108,R,766,-16.8398
52450,P2,BASE,-8.25,-12.50,-105,R,761,-16.7973
52460,P2,BASE,-8.10,-12.50,-105,R,756,-16.7533
52470,P2,BASE,-7.95,-12.50,-105,R,751,-16.7078
52480,P2,BASE,-7.80,-12.50,-104,R,746,-16.6608
52490,P2,BASE,-7.65,-10.00,-106,R,742,-16.6373
52500,P2,BASE,-7.50,-12.50,-103,R,737,-16.5873
52510,P2,BASE,-7.35,-10.00,-106,R,733,-16.5608
52520,P2,BASE,-7.20,-12.50,-103,R,728,-16.5078
52530,P2,BASE,-7.05,-10.00,-105,R,724,-16.4783
52540,P2,BASE,-6.90,-12.50,-102,R,719,-16.4223
52550,P2,BASE,-6.75,-10.00,-104,R,715,-16.3898
52560,P2,BASE,-6.60,-10.00,-103,R,711,-16.3558
52570,P2,BASE,-6.45,-10.00,-103,R,707,-16.3203
52580,P2,BASE,-6.30,-10.00,-103,R,703,-16.2833
52590,P2,BASE,-6.15,-12.50,-100,R,698,-16.2198
52600,P2,BASE,-6.00,-10.00,-102,R,694,-16.1798
52610,P2,BASE,-5.85,-10.00,-101,R,690,-16.1383
52620,P2,BASE,-5.70,-10.00,-101,R,686,-16.0953
52630,P2,BASE,-5.55,-10.00,-100,R,682,-16.0508
52640,P2,BASE,-5.40,-10.00,-100,R,678,-16.0048
52650,P2,BASE,-5.25,-10.00,-99,R,674,-15.9573
52660,P2,BASE,-5.10,-7.50,-102,R,671,-15.9333
52670,P2,BASE,-4.95,-7.50,-101,R,668,-15.9078
52680,P2,BASE,-4.80,-10.00,-98,R,664,-15.8558
52690,P2,BASE,-4.65,-10.00,-98,R,660,-15.8023
52700,P2,BASE,-4.50,-10.00,-97,R,656,-15.7473
52710,P2,BASE,-4.35,-7.50,-100,R,653,-15.7158
52720,P2,BASE,-4.20,-7.50,-99,R,650,-15.6828
52730,P2,BASE,-4.05,-7.50,-99,R,647,-15.6483
52740,P2,BASE,-3.90,-7.50,-98,R,644,-15.6123
52750,P2,BASE,-3.75,-7.50,-98,R,641,-15.5748
52760,P2,BASE,-3.60,-10.00,-95,R,637,-15.5108
52770,P2,BASE,-3.45,-7.50,-97,R,634,-15.4703
52780,P2,BASE,-3.30,-5.00,-99,R,632,-15.4533
52790,P2,BASE,-3.15,-7.50,-96,R,629,-15.4098
52800,P2,BASE,-3.00,-5.00,-99,R,627,-15.3898
52810,P2,BASE,-2.85,-5.00,-98,R,625,-15.3683
52820,P2,BASE,-2.70,-7.50,-95,R,622,-15.3203
52830,P2,BASE,-2.55,-7.50,-95,R,619,-15.2708
52840,P2,BASE,-2.40,-7.50,-94,R,616,-15.2198
52850,P2,BASE,-2.25,-5.00,-96,R,614,-15.1923
52860,P2,BASE,-2.10,-5.00,-96,R,612,-15.1633
52870,P2,BASE,-1.95,-5.00,-96,R,610,-15.1328
52880,P2,BASE,-1.80,-2.50,-98,R,609,-15.1258
52890,P2,BASE,-1.65,-2.50,-98,R,608,-15.1173
52900,P2,BASE,-1.50,-5.00,-95,R,606,-15.0823
52910,P2,BASE,-1.35,-5.00,-95,R,604,-15.0458
52920,P2,BASE,-1.20,-5.00,-94,R,602,-15.0078
52930,P2,BASE,-1.05,-7.50,-91,R,599,-14.9433
52940,P2,BASE,-0.90,-5.00,-93,R,597,-14.9023
52950,P2,BASE,-0.75,-5.00,-93,R,595,-14.8598
52960,P2,BASE,-0.60,-2.50,-95,R,594,-14.8408
52970,P2,BASE,-0.45,0.00,-97,R,594,-14.8453
52980,P2,BASE,-0.30,-5.00,-92,R,592,-14.7983
52990,P2,BASE,-0.15,-2.50,-94,R,591,-14.7748
53000,P2,BASE,0.00,0.00,-97,R,591,-14.7748
