t_ms,profile,controller,ref_rpm,meas_rpm,pwm_cmd,dir,enc_count,integrator
0,P2,CASC,0.00,0.00,0,N,0,0.0000
10,P2,CASC,0.15,0.00,30,F,0,0.0015
20,P2,CASC,0.30,0.00,60,F,0,0.0045
30,P2,CASC,0.45,0.00,90,F,0,0.0090
40,P2,CASC,0.60,0.00,120,F,0,0.0150
50,P2,CASC,0.75,0.00,150,F,0,0.0225
60,P2,CASC,0.90,0.00,154,F,0,0.0315
70,P2,CASC,1.05,0.00,154,F,0,0.0420
80,P2,CASC,1.20,0.00,154,F,0,0.0540
90,P2,CASC,1.35,10.00,147,F,4,-0.0325
100,P2,CASC,1.50,15.00,143,F,10,-0.1675
110,P2,CASC,1.65,17.50,140,F,17,-0.3260
120,P2,CASC,1.80,17.50,140,F,24,-0.4830
130,P2,CASC,1.95,20.00,138,F,32,-0.6635
140,P2,CASC,2.10,22.49,136,F,41,-0.8675
150,P2,CASC,2.25,25.00,133,F,51,-1.0950
160,P2,CASC,2.40,25.00,133,F,61,-1.3210
170,P2,CASC,2.55,22.51,134,F,70,-1.5205
180,P2,CASC,2.70,27.49,130,F,81,-1.7684
190,P2,CASC,2.85,25.01,131,F,91,-1.9900
200,P2,CASC,3.00,27.49,129,F,102,-2.2350
210,P2,CASC,3.15,25.00,131,F,112,-2.4535
220,P2,CASC,3.30,30.00,126,F,124,-2.7205
230,P2,CASC,3.45,25.00,130,F,134,-2.9360
240,P2,CASC,3.60,29.99,125,F,146,-3.1999
250,P2,CASC,3.75,27.51,127,F,157,-3.4375
260,P2,CASC,3.90,30.00,124,F,169,-3.6985
270,P2,CASC,4.05,29.99,124,F,181,-3.9579
280,P2,CASC,4.20,27.50,125,F,192,-4.1909
290,P2,CASC,4.35,27.50,125,F,203,-4.4224
300,P2,CASC,4.50,30.00,122,F,215,-4.6774
310,P2,CASC,4.65,27.51,124,F,226,-4.9060
320,P2,CASC,4.80,30.00,121,F,238,-5.1579
330,P2,CASC,4.95,30.00,121,F,250,-5.4085
340,P2,CASC,5.10,30.00,120,F,262,-5.6575
350,P2,CASC,5.25,30.00,120,F,274,-5.9050
360,P2,CASC,5.40,27.49,121,F,285,-6.1259
370,P2,CASC,5.55,30.01,119,F,297,-6.3705
380,P2,CASC,5.70,27.49,120,F,308,-6.5884
390,P2,CASC,5.85,27.51,120,F,319,-6.8050
400,P2,CASC,6.00,27.49,120,F,330,-7.0199
410,P2,CASC,6.15,27.51,119,F,341,-7.2335
420,P2,CASC,6.30,29.99,117,F,353,-7.4704
430,P2,CASC,6.45,27.51,118,F,364,-7.6810
440,P2,CASC,6.60,27.50,118,F,375,-7.8900
450,P2,CASC,6.75,29.99,116,F,387,-8.1224
460,P2,CASC,6.90,25.00,119,F,397,-8.3034
470,P2,CASC,7.05,27.50,117,F,408,-8.5079
480,P2,CASC,7.20,27.51,116,F,419,-8.7110
490,P2,CASC,7.35,27.50,116,F,430,-8.9125
500,P2,CASC,7.50,27.50,116,F,441,-9.1125
510,P2,CASC,7.65,27.50,115,F,452,-9.3110
520,P2,CASC,7.80,25.00,117,F,462,-9.4830
530,P2,CASC,7.95,30.00,113,F,474,-9.7035
540,P2,CASC,8.10,27.50,114,F,485,-9.8975
550,P2,CASC,8.25,27.50,114,F,496,-10.0900
560,P2,CASC,8.40,25.00,115,F,506,-10.2560
570,P2,CASC,8.55,27.49,113,F,517,-10.4454
580,P2,CASC,8.70,27.51,113,F,528,-10.6335
590,P2,CASC,8.85,27.50,113,F,539,-10.8200
600,P2,CASC,9.00,27.50,112,F,550,-11.0050
610,P2,CASC,9.15,27.50,112,F,561,-11.1884
620,P2,CASC,9.30,27.50,111,F,572,-11.3705
630,P2,CASC,9.45,27.50,111,F,583,-11.5510
640,P2,CASC,9.60,30.00,109,F,595,-11.7550
650,P2,CASC,9.75,25.00,112,F,605,-11.9075
660,P2,CASC,9.90,27.50,110,F,616,-12.0835
670,P2,CASC,10.05,25.00,112,F,626,-12.2330
680,P2,CASC,10.20,27.50,110,F,637,-12.4059
690,P2,CASC,10.35,27.49,109,F,648,-12.5774
700,P2,CASC,10.50,27.51,109,F,659,-12.7475
710,P2,CASC,10.65,27.50,109,F,670,-12.9160
720,P2,CASC,10.80,25.00,110,F,680,-13.0580
730,P2,CASC,10.95,25.00,110,F,690,-13.1984
740,P2,CASC,11.10,25.01,110,F,700,-13.3375
750,P2,CASC,11.25,27.50,108,F,711,-13.5000
760,P2,CASC,11.40,24.99,109,F,721,-13.6359
770,P2,CASC,11.55,27.50,107,F,732,-13.7954
780,P2,CASC,11.70,25.01,109,F,742,-13.9285
790,P2,CASC,11.85,25.00,109,F,752,-14.0600
800,P2,CASC,12.00,24.99,109,F,762,-14.1899
810,P2,CASC,12.15,27.51,106,F,773,-14.3435
820,P2,CASC,12.30,24.99,108,F,783,-14.4704
830,P2,CASC,12.45,27.50,106,F,794,-14.6209
840,P2,CASC,12.60,25.01,108,F,804,-14.7450
850,P2,CASC,12.75,25.00,108,F,814,-14.8675
860,P2,CASC,12.90,25.00,107,F,824,-14.9885
870,P2,CASC,13.05,25.00,107,F,834,-15.1080
880,P2,CASC,13.20,25.00,107,F,844,-15.2260
890,P2,CASC,13.35,25.00,107,F,854,-15.3425
900,P2,CASC,13.50,25.00,107,F,864,-15.4575
910,P2,CASC,13.65,25.00,106,F,874,-15.5709
920,P2,CASC,13.80,22.50,108,F,883,-15.6580
930,P2,CASC,13.95,25.00,106,F,893,-15.7684
940,P2,CASC,14.10,25.00,106,F,903,-15.8775
950,P2,CASC,14.25,25.00,106,F,913,-15.9850
960,P2,CASC,14.40,22.49,108,F,922,-16.0659
970,P2,CASC,14.55,22.50,108,F,931,-16.1455
980,P2,CASC,14.70,22.50,108,F,940,-16.2235
990,P2,CASC,14.85,25.00,106,F,950,-16.3249
1000,P2,CASC,15.00,22.50,107,F,959,-16.3999
1010,P2,CASC,15.15,25.00,105,F,969,-16.4984
1020,P2,CASC,15.30,22.50,107,F,978,-16.5704
1030,P2,CASC,15.45,22.50,107,F,987,-16.6410
1040,P2,CASC,15.60,22.50,107,F,996,-16.7100
1050,P2,CASC,15.75,20.00,109,F,1004,-16.7525
1060,P2,CASC,15.90,24.99,105,F,1014,-16.8434
1070,P2,CASC,16.05,20.00,109,F,1022,-16.8829
1080,P2,CASC,16.20,22.50,107,F,1031,-16.9460
1090,P2,CASC,16.35,22.49,107,F,1040,-17.0074
1100,P2,CASC,16.50,20.00,109,F,1048,-17.0424
1110,P2,CASC,16.65,22.50,107,F,1057,-17.1009
1120,P2,CASC,16.80,22.50,107,F,1066,-17.1579
1130,P2,CASC,16.95,22.51,107,F,1075,-17.2135
1140,P2,CASC,17.10,19.99,109,F,1083,-17.2424
1150,P2,CASC,17.25,22.50,107,F,1092,-17.2949
1160,P2,CASC,17.40,20.00,109,F,1100,-17.3210
1170,P2,CASC,17.55,22.49,107,F,1109,-17.3704
1180,P2,CASC,17.70,20.01,109,F,1117,-17.3934
1190,P2,CASC,17.85,20.00,109,F,1125,-17.4149
1200,P2,CASC,18.00,22.51,107,F,1134,-17.4600
1210,P2,CASC,18.15,20.00,109,F,1142,-17.4784
1220,P2,CASC,18.30,20.00,109,F,1150,-17.4955
1230,P2,CASC,18.45,22.50,107,F,1159,-17.5359
1240,P2,CASC,18.60,20.00,109,F,1167,-17.5499
1250,P2,CASC,18.75,20.00,109,F,1175,-17.5624
1260,P2,CASC,18.90,20.00,109,F,1183,-17.5734
1270,P2,CASC,19.05,17.50,104,F,1190,-17.5579
1280,P2,CASC,19.20,22.51,108,F,1199,-17.5909
1290,P2,CASC,19.35,17.50,104,F,1206,-17.5724
1300,P2,CASC,19.50,20.00,110,F,1214,-17.5774
1310,P2,CASC,19.65,17.50,104,F,1221,-17.5559
1320,P2,CASC,19.80,17.50,104,F,1228,-17.5329
1330,P2,CASC,19.95,17.50,105,F,1235,-17.5085
1340,P2,CASC,20.10,17.49,105,F,1242,-17.4824
1350,P2,CASC,20.25,17.50,105,F,1249,-17.4549
1360,P2,CASC,20.40,15.00,106,F,1255,-17.4009
1370,P2,CASC,20.55,17.50,105,F,1262,-17.3705
1380,P2,CASC,20.70,17.49,105,F,1269,-17.3384
1390,P2,CASC,20.85,15.00,106,F,1275,-17.2799
1400,P2,CASC,21.00,15.00,106,F,1281,-17.2199
1410,P2,CASC,21.15,15.00,107,F,1287,-17.1584
1420,P2,CASC,21.30,15.00,107,F,1293,-17.0955
1430,P2,CASC,21.45,15.00,107,F,1299,-17.0309
1440,P2,CASC,21.60,15.00,107,F,1305,-16.9650
1450,P2,CASC,21.75,12.50,108,F,1310,-16.8725
1460,P2,CASC,21.90,15.00,108,F,1316,-16.8034
1470,P2,CASC,22.05,15.00,108,F,1322,-16.7329
1480,P2,CASC,22.20,12.50,109,F,1327,-16.6359
1490,P2,CASC,22.35,12.50,109,F,1332,-16.5374
1500,P2,CASC,22.50,15.00,109,F,1338,-16.4624
1510,P2,CASC,22.65,12.50,110,F,1343,-16.3609
1520,P2,CASC,22.80,12.50,110,F,1348,-16.2579
1530,P2,CASC,22.95,15.00,110,F,1354,-16.1784
1540,P2,CASC,23.10,12.50,111,F,1359,-16.0724
1550,P2,CASC,23.25,12.50,111,F,1364,-15.9649
1560,P2,CASC,23.40,12.50,112,F,1369,-15.8559
1570,P2,CASC,23.55,12.50,112,F,1374,-15.7454
1580,P2,CASC,23.70,15.00,112,F,1380,-15.6584
1590,P2,CASC,23.85,12.50,113,F,1385,-15.5449
1600,P2,CASC,24.00,12.50,113,F,1390,-15.4299
1610,P2,CASC,24.15,15.00,113,F,1396,-15.3384
1620,P2,CASC,24.30,12.50,114,F,1401,-15.2204
1630,P2,CASC,24.45,12.50,114,F,1406,-15.1009
1640,P2,CASC,24.60,12.50,115,F,1411,-14.9799
1650,P2,CASC,24.75,12.50,115,F,1416,-14.8574
1660,P2,CASC,24.90,15.01,115,F,1422,-14.7585
1670,P2,CASC,25.05,12.50,116,F,1427,-14.6329
1680,P2,CASC,25.20,12.50,116,F,1432,-14.5059
1690,P2,CASC,25.35,15.00,116,F,1438,-14.4024
1700,P2,CASC,25.50,15.00,116,F,1444,-14.2974
1710,P2,CASC,25.65,12.50,117,F,1449,-14.1659
1720,P2,CASC,25.80,15.00,117,F,1455,-14.0579
1730,P2,CASC,25.95,17.50,116,F,1462,-13.9735
1740,P2,CASC,26.10,12.50,118,F,1467,-13.8374
1750,P2,CASC,26.25,15.00,118,F,1473,-13.7249
1760,P2,CASC,26.40,15.00,118,F,1479,-13.6109
1770,P2,CASC,26.55,17.50,118,F,1486,-13.5204
1780,P2,CASC,26.70,15.00,119,F,1492,-13.4034
1790,P2,CASC,26.85,15.00,119,F,1498,-13.2849
1800,P2,CASC,27.00,17.50,119,F,1505,-13.1899
1810,P2,CASC,27.15,15.00,120,F,1511,-13.0684
1820,P2,CASC,27.30,17.51,120,F,1518,-12.9705
1830,P2,CASC,27.45,17.50,120,F,1525,-12.8710
1840,P2,CASC,27.60,17.49,120,F,1532,-12.7699
1850,P2,CASC,27.75,17.51,121,F,1539,-12.6675
1860,P2,CASC,27.90,17.49,121,F,1546,-12.5634
1870,P2,CASC,28.05,17.50,121,F,1553,-12.4579
1880,P2,CASC,28.20,20.00,121,F,1561,-12.3759
1890,P2,CASC,28.35,20.01,121,F,1569,-12.2925
1900,P2,CASC,28.50,20.00,121,F,1577,-12.2075
1910,P2,CASC,28.65,19.99,122,F,1585,-12.1209
1920,P2,CASC,28.80,20.00,122,F,1593,-12.0330
1930,P2,CASC,28.95,20.00,122,F,1601,-11.9434
1940,P2,CASC,29.10,20.00,123,F,1609,-11.8525
1950,P2,CASC,29.25,22.49,122,F,1618,-11.7849
1960,P2,CASC,29.40,20.01,123,F,1626,-11.6910
1970,P2,CASC,29.55,22.50,123,F,1635,-11.6204
1980,P2,CASC,29.70,22.50,123,F,1644,-11.5484
1990,P2,CASC,29.85,22.50,123,F,1653,-11.4749
2000,P2,CASC,30.00,22.50,123,F,1662,-11.3999
2010,P2,CASC,30.15,25.01,123,F,1672,-11.3485
2020,P2,CASC,30.30,22.50,124,F,1681,-11.2705
2030,P2,CASC,30.45,25.00,123,F,1691,-11.2160
2040,P2,CASC,30.60,25.00,124,F,1701,-11.1600
2050,P2,CASC,30.75,24.99,124,F,1711,-11.1024
2060,P2,CASC,30.90,25.00,124,F,1721,-11.0434
2070,P2,CASC,31.05,25.00,124,F,1731,-10.9829
2080,P2,CASC,31.20,27.50,124,F,1742,-10.9459
2090,P2,CASC,31.35,27.50,124,F,1753,-10.9074
2100,P2,CASC,31.50,27.50,124,F,1764,-10.8674
2110,P2,CASC,31.65,27.49,124,F,1775,-10.8259
2120,P2,CASC,31.80,27.51,124,F,1786,-10.7829
2130,P2,CASC,31.95,27.50,124,F,1797,-10.7385
2140,P2,CASC,32.10,29.99,124,F,1809,-10.7174
2150,P2,CASC,32.25,27.51,125,F,1820,-10.6700
2160,P2,CASC,32.40,27.50,125,F,1831,-10.6210
2170,P2,CASC,32.55,29.99,124,F,1843,-10.5954
2180,P2,CASC,32.70,30.01,124,F,1855,-10.5685
2190,P2,CASC,32.85,30.00,124,F,1867,-10.5400
2200,P2,CASC,33.00,32.49,124,F,1880,-10.5349
2210,P2,CASC,33.15,30.00,125,F,1892,-10.5034
2220,P2,CASC,33.30,30.00,125,F,1904,-10.4705
2230,P2,CASC,33.45,32.50,124,F,1917,-10.4609
2240,P2,CASC,33.60,32.51,124,F,1930,-10.4500
2250,P2,CASC,33.75,32.50,124,F,1943,-10.4375
2260,P2,CASC,33.90,30.00,125,F,1955,-10.3985
2270,P2,CASC,34.05,32.50,125,F,1968,-10.3830
2280,P2,CASC,34.20,35.00,127,F,1982,-10.3910
2290,P2,CASC,34.35,32.50,125,F,1995,-10.3725
2300,P2,CASC,34.50,34.99,128,F,2009,-10.3774
2310,P2,CASC,34.65,32.51,125,F,2022,-10.3560
2320,P2,CASC,34.80,35.00,128,F,2036,-10.3580
2330,P2,CASC,34.95,37.50,126,F,2051,-10.3835
2340,P2,CASC,35.10,34.99,124,F,2065,-10.3823
2350,P2,CASC,35.25,37.50,126,F,2080,-10.4049
2360,P2,CASC,35.40,35.01,124,F,2094,-10.4010
2370,P2,CASC,35.55,37.50,126,F,2109,-10.4205
2380,P2,CASC,35.70,35.00,124,F,2123,-10.4135
2390,P2,CASC,35.85,34.99,124,F,2137,-10.4049
2400,P2,CASC,36.00,37.50,127,F,2152,-10.4199
2410,P2,CASC,36.15,37.50,127,F,2167,-10.4334
2420,P2,CASC,36.30,37.51,127,F,2182,-10.4455
2430,P2,CASC,36.45,35.00,124,F,2196,-10.4310
2440,P2,CASC,36.60,34.99,124,F,2210,-10.4149
2450,P2,CASC,36.75,37.51,127,F,2225,-10.4225
2460,P2,CASC,36.90,35.00,125,F,2239,-10.4035
2470,P2,CASC,37.05,37.50,128,F,2254,-10.4080
2480,P2,CASC,37.20,34.99,125,F,2268,-10.3859
2490,P2,CASC,37.35,37.50,128,F,2283,-10.3874
2500,P2,CASC,37.50,35.00,125,F,2297,-10.3624
2510,P2,CASC,37.65,35.00,125,F,2311,-10.3359
2520,P2,CASC,37.80,37.49,124,F,2326,-10.3329
2530,P2,CASC,37.95,37.52,124,F,2341,-10.3285
2540,P2,CASC,38.10,37.47,124,F,2356,-10.3222
2550,P2,CASC,38.25,35.02,125,F,2370,-10.2900
2560,P2,CASC,38.40,37.50,125,F,2385,-10.2809
2570,P2,CASC,38.55,35.00,126,F,2399,-10.2455
2580,P2,CASC,38.70,35.00,126,F,2413,-10.2084
2590,P2,CASC,38.85,35.00,126,F,2427,-10.1699
2600,P2,CASC,39.00,37.49,125,F,2442,-10.1548
2610,P2,CASC,39.15,35.01,126,F,2456,-10.1135
2620,P2,CASC,39.30,37.50,125,F,2471,-10.0955
2630,P2,CASC,39.45,32.49,127,F,2484,-10.0259
2640,P2,CASC,39.60,35.00,127,F,2498,-9.9799
2650,P2,CASC,39.75,35.00,127,F,2512,-9.9324
2660,P2,CASC,39.90,35.01,127,F,2526,-9.8835
2670,P2,CASC,40.05,34.99,127,F,2540,-9.8329
2680,P2,CASC,40.20,35.00,127,F,2554,-9.7809
2690,P2,CASC,40.35,35.00,127,F,2568,-9.7274
2700,P2,CASC,40.50,35.00,128,F,2582,-9.6724
2710,P2,CASC,40.65,35.00,128,F,2596,-9.6159
2720,P2,CASC,40.80,35.00,128,F,2610,-9.5579
2730,P2,CASC,40.95,35.00,128,F,2624,-9.4984
2740,P2,CASC,41.10,35.01,129,F,2638,-9.4375
2750,P2,CASC,41.25,37.48,128,F,2653,-9.3998
2760,P2,CASC,41.40,35.02,129,F,2667,-9.3359
2770,P2,CASC,41.55,35.00,129,F,2681,-9.2704
2780,P2,CASC,41.70,35.00,129,F,2695,-9.2035
2790,P2,CASC,41.85,34.99,130,F,2709,-9.1349
2800,P2,CASC,42.00,35.00,130,F,2723,-9.0649
2810,P2,CASC,42.15,35.00,130,F,2737,-8.9934
2820,P2,CASC,42.30,37.51,130,F,2752,-8.9455
2830,P2,CASC,42.45,35.00,131,F,2766,-8.8710
2840,P2,CASC,42.60,37.49,130,F,2781,-8.8199
2850,P2,CASC,42.75,37.51,130,F,2796,-8.7675
2860,P2,CASC,42.90,34.99,131,F,2810,-8.6884
2870,P2,CASC,43.05,35.00,131,F,2824,-8.6079
2880,P2,CASC,43.20,39.99,130,F,2840,-8.5758
2890,P2,CASC,43.35,35.01,132,F,2854,-8.4924
2900,P2,CASC,43.50,37.50,131,F,2869,-8.4325
2910,P2,CASC,43.65,39.98,131,F,2885,-8.3958
2920,P2,CASC,43.80,37.50,132,F,2900,-8.3329
2930,P2,CASC,43.95,39.98,131,F,2916,-8.2932
2940,P2,CASC,44.10,37.53,132,F,2931,-8.2274
2950,P2,CASC,44.25,42.50,131,F,2948,-8.2100
2960,P2,CASC,44.40,40.00,132,F,2964,-8.1660
2970,P2,CASC,44.55,39.99,132,F,2980,-8.1204
2980,P2,CASC,44.70,42.49,131,F,2997,-8.0983
2990,P2,CASC,44.85,42.51,131,F,3014,-8.0749
3000,P2,CASC,45.00,42.50,131,F,3031,-8.0499
3010,P2,CASC,45.15,52.49,128,F,3052,-8.1233
3020,P2,CASC,45.30,52.51,128,F,3073,-8.1954
3030,P2,CASC,45.45,42.50,131,F,3090,-8.1659
3040,P2,CASC,45.60,42.50,131,F,3107,-8.1349
3050,P2,CASC,45.75,45.00,131,F,3125,-8.1273
3060,P2,CASC,45.90,42.50,132,F,3142,-8.0933
3070,P2,CASC,46.05,42.50,132,F,3159,-8.0578
3080,P2,CASC,46.20,42.50,132,F,3176,-8.0208
3090,P2,CASC,46.35,37.50,134,F,3191,-7.9323
3100,P2,CASC,46.50,37.51,134,F,3206,-7.8425
3110,P2,CASC,46.65,45.00,132,F,3224,-7.8259
3120,P2,CASC,46.80,47.49,134,F,3243,-7.8328
3130,P2,CASC,46.95,47.50,134,F,3262,-7.8383
3140,P2,CASC,47.10,47.51,134,F,3281,-7.8425
3150,P2,CASC,47.25,47.49,134,F,3300,-7.8448
3160,P2,CASC,47.40,50.00,132,F,3320,-7.8708
3170,P2,CASC,47.55,45.00,132,F,3338,-7.8454
3180,P2,CASC,47.70,49.99,132,F,3358,-7.8683
3190,P2,CASC,47.85,50.01,132,F,3378,-7.8899
3200,P2,CASC,48.00,47.50,131,F,3397,-7.8850
3210,P2,CASC,48.15,47.50,131,F,3416,-7.8785
3220,P2,CASC,48.30,49.99,133,F,3436,-7.8954
3230,P2,CASC,48.45,44.99,132,F,3454,-7.8608
3240,P2,CASC,48.60,50.02,133,F,3474,-7.8750
3250,P2,CASC,48.75,47.50,132,F,3493,-7.8625
3260,P2,CASC,48.90,47.49,132,F,3512,-7.8483
3270,P2,CASC,49.05,50.01,133,F,3532,-7.8579
3280,P2,CASC,49.20,47.51,132,F,3551,-7.8410
3290,P2,CASC,49.35,47.49,132,F,3570,-7.8223
3300,P2,CASC,49.50,47.51,132,F,3589,-7.8024
3310,P2,CASC,49.65,47.49,132,F,3608,-7.7808
3320,P2,CASC,49.80,47.50,132,F,3627,-7.7578
3330,P2,CASC,49.95,47.50,132,F,3646,-7.7334
3340,P2,CASC,50.10,44.99,133,F,3664,-7.6823
3350,P2,CASC,50.25,50.02,132,F,3684,-7.6799
3360,P2,CASC,50.40,45.00,134,F,3702,-7.6259
3370,P2,CASC,50.55,45.00,134,F,3720,-7.5704
3380,P2,CASC,50.70,47.50,133,F,3739,-7.5385
3390,P2,CASC,50.85,45.00,134,F,3757,-7.4799
3400,P2,CASC,51.00,47.50,134,F,3776,-7.4449
3410,P2,CASC,51.15,47.49,134,F,3795,-7.4083
3420,P2,CASC,51.30,47.50,134,F,3814,-7.3703
3430,P2,CASC,51.45,45.00,135,F,3832,-7.3058
3440,P2,CASC,51.60,47.50,135,F,3851,-7.2649
3450,P2,CASC,51.75,47.50,135,F,3870,-7.2224
3460,P2,CASC,51.90,45.00,136,F,3888,-7.1534
3470,P2,CASC,52.05,47.49,135,F,3907,-7.1078
3480,P2,CASC,52.20,45.01,136,F,3925,-7.0359
3490,P2,CASC,52.35,44.99,137,F,3943,-6.9623
3500,P2,CASC,52.50,47.51,136,F,3962,-6.9125
3510,P2,CASC,52.65,47.50,136,F,3981,-6.8609
3520,P2,CASC,52.80,45.00,137,F,3999,-6.7829
3530,P2,CASC,52.95,45.00,138,F,4017,-6.7034
3540,P2,CASC,53.10,44.99,138,F,4035,-6.6223
3550,P2,CASC,53.25,47.51,138,F,4054,-6.5650
3560,P2,CASC,53.40,45.00,139,F,4072,-6.4809
3570,P2,CASC,53.55,47.49,138,F,4091,-6.4203
3580,P2,CASC,53.70,47.51,138,F,4110,-6.3585
3590,P2,CASC,53.85,44.99,139,F,4128,-6.2699
3600,P2,CASC,54.00,47.51,139,F,4147,-6.2049
3610,P2,CASC,54.15,47.49,139,F,4166,-6.1384
3620,P2,CASC,54.30,47.50,140,F,4185,-6.0704
3630,P2,CASC,54.45,50.01,139,F,4205,-6.0260
3640,P2,CASC,54.60,47.49,140,F,4224,-5.9549
3650,P2,CASC,54.75,47.51,140,F,4243,-5.8825
3660,P2,CASC,54.90,49.99,140,F,4263,-5.8334
3670,P2,CASC,55.05,50.00,140,F,4283,-5.7829
3680,P2,CASC,55.20,47.49,141,F,4302,-5.7058
3690,P2,CASC,55.35,50.01,141,F,4322,-5.6524
3700,P2,CASC,55.50,52.50,140,F,4343,-5.6224
3710,P2,CASC,55.65,47.50,142,F,4362,-5.5409
3720,P2,CASC,55.80,52.51,141,F,4383,-5.5080
3730,P2,CASC,55.95,52.50,141,F,4404,-5.4735
3740,P2,CASC,56.10,50.00,142,F,4424,-5.4125
3750,P2,CASC,56.25,52.49,141,F,4445,-5.3749
3760,P2,CASC,56.40,55.00,141,F,4467,-5.3609
3770,P2,CASC,56.55,55.01,141,F,4489,-5.3455
3780,P2,CASC,56.70,52.50,142,F,4510,-5.3035
3790,P2,CASC,56.85,52.49,142,F,4531,-5.2599
3800,P2,CASC,57.00,52.51,142,F,4552,-5.2150
3810,P2,CASC,57.15,54.99,142,F,4574,-5.1934
3820,P2,CASC,57.30,52.51,142,F,4595,-5.1455
3830,P2,CASC,57.45,52.49,143,F,4616,-5.0959
3840,P2,CASC,57.60,52.52,143,F,4637,-5.0450
3850,P2,CASC,57.75,52.48,143,F,4658,-4.9923
3860,P2,CASC,57.90,55.01,143,F,4680,-4.9634
3870,P2,CASC,58.05,52.50,144,F,4701,-4.9079
3880,P2,CASC,58.20,52.51,144,F,4722,-4.8510
3890,P2,CASC,58.35,52.48,144,F,4743,-4.7923
3900,P2,CASC,58.50,55.01,144,F,4765,-4.7574
3910,P2,CASC,58.65,55.01,144,F,4787,-4.7210
3920,P2,CASC,58.80,54.98,144,F,4809,-4.6828
3930,P2,CASC,58.95,52.51,145,F,4830,-4.6184
3940,P2,CASC,59.10,57.49,144,F,4853,-4.6023
3950,P2,CASC,59.25,55.01,145,F,4875,-4.5598
3960,P2,CASC,59.40,52.51,146,F,4896,-4.4910
3970,P2,CASC,59.55,55.00,145,F,4918,-4.4455
3980,P2,CASC,59.70,55.01,145,F,4940,-4.3985
3990,P2,CASC,59.85,55.00,146,F,4962,-4.3500
4000,P2,CASC,60.00,57.48,145,F,4985,-4.3248
4010,P2,CASC,60.15,55.01,146,F,5007,-4.2734
4020,P2,CASC,60.30,57.49,145,F,5030,-4.2454
4030,P2,CASC,60.45,57.49,146,F,5053,-4.2158
4040,P2,CASC,60.60,57.47,146,F,5076,-4.1845
4050,P2,CASC,60.75,55.03,147,F,5098,-4.1273
4060,P2,CASC,60.90,57.52,146,F,5121,-4.0935
4070,P2,CASC,61.05,55.00,147,F,5143,-4.0330
4080,P2,CASC,61.20,57.49,147,F,5166,-3.9959
4090,P2,CASC,61.35,57.51,147,F,5189,-3.9574
4100,P2,CASC,61.50,54.99,148,F,5211,-3.8923
4110,P2,CASC,61.65,57.51,147,F,5234,-3.8509
4120,P2,CASC,61.80,54.99,148,F,5256,-3.7828
4130,P2,CASC,61.95,57.52,148,F,5279,-3.7385
4140,P2,CASC,62.10,57.50,148,F,5302,-3.6925
4150,P2,CASC,62.25,57.49,148,F,5325,-3.6449
4160,P2,CASC,62.40,60.01,148,F,5349,-3.6210
4170,P2,CASC,62.55,59.98,148,F,5373,-3.5953
4180,P2,CASC,62.70,60.02,148,F,5397,-3.5685
4190,P2,CASC,62.85,57.50,149,F,5420,-3.5150
4200,P2,CASC,63.00,64.99,147,F,5446,-3.5349
4210,P2,CASC,63.15,75.01,139,F,5476,-3.6535
4220,P2,CASC,63.30,62.48,147,F,5501,-3.6453
4230,P2,CASC,63.45,62.47,148,F,5526,-3.6355
4240,P2,CASC,63.60,60.04,148,F,5550,-3.5999
4250,P2,CASC,63.75,57.50,149,F,5573,-3.5374
4260,P2,CASC,63.90,55.01,150,F,5595,-3.4485
4270,P2,CASC,64.05,57.48,150,F,5618,-3.3828
4280,P2,CASC,64.20,62.53,149,F,5643,-3.3660
4290,P2,CASC,64.35,65.00,149,F,5669,-3.3725
4300,P2,CASC,64.50,65.00,149,F,5695,-3.3775
4310,P2,CASC,64.65,67.49,147,F,5722,-3.4059
4320,P2,CASC,64.80,62.51,149,F,5747,-3.3830
4330,P2,CASC,64.95,67.49,148,F,5774,-3.4084
4340,P2,CASC,65.10,65.00,148,F,5800,-3.4074
4350,P2,CASC,65.25,65.00,149,F,5826,-3.4049
4360,P2,CASC,65.40,65.00,149,F,5852,-3.4009
4370,P2,CASC,65.55,65.01,149,F,5878,-3.3955
4380,P2,CASC,65.70,67.48,148,F,5905,-3.4133
4390,P2,CASC,65.85,65.01,149,F,5931,-3.4049
4400,P2,CASC,66.00,65.01,149,F,5957,-3.3950
4410,P2,CASC,66.15,65.00,149,F,5983,-3.3835
4420,P2,CASC,66.30,67.48,149,F,6010,-3.3953
4430,P2,CASC,66.45,62.52,150,F,6035,-3.3560
4440,P2,CASC,66.60,64.98,149,F,6061,-3.3398
4450,P2,CASC,66.75,67.51,150,F,6088,-3.3474
4460,P2,CASC,66.90,62.51,150,F,6113,-3.3035
4470,P2,CASC,67.05,67.49,150,F,6140,-3.3078
4480,P2,CASC,67.20,65.00,150,F,6166,-3.2858
4490,P2,CASC,67.35,65.01,150,F,6192,-3.2625
4500,P2,CASC,67.50,64.98,150,F,6218,-3.2373
4510,P2,CASC,67.65,67.49,150,F,6245,-3.2357
4520,P2,CASC,67.80,67.51,150,F,6272,-3.2328
4530,P2,CASC,67.95,65.01,151,F,6298,-3.2034
4540,P2,CASC,68.10,65.01,151,F,6324,-3.1725
4550,P2,CASC,68.25,64.99,151,F,6350,-3.1398
4560,P2,CASC,68.40,65.00,151,F,6376,-3.1058
4570,P2,CASC,68.55,64.99,151,F,6402,-3.0703
4580,P2,CASC,68.70,65.01,152,F,6428,-3.0333
4590,P2,CASC,68.85,62.51,153,F,6453,-2.9700
4600,P2,CASC,69.00,64.99,152,F,6479,-2.9298
4610,P2,CASC,69.15,65.01,152,F,6505,-2.8884
4620,P2,CASC,69.30,65.01,152,F,6531,-2.8455
4630,P2,CASC,69.45,65.00,153,F,6557,-2.8010
4640,P2,CASC,69.60,65.00,153,F,6583,-2.7550
4650,P2,CASC,69.75,64.97,153,F,6609,-2.7072
4660,P2,CASC,69.90,65.03,153,F,6635,-2.6585
4670,P2,CASC,70.05,64.99,154,F,6661,-2.6078
4680,P2,CASC,70.20,67.51,153,F,6688,-2.5810
4690,P2,CASC,70.35,65.00,154,F,6714,-2.5275
4700,P2,CASC,70.50,67.50,153,F,6741,-2.4975
4710,P2,CASC,70.65,64.98,154,F,6767,-2.4408
4720,P2,CASC,70.80,67.51,154,F,6794,-2.4078
4730,P2,CASC,70.95,67.49,154,F,6821,-2.3732
4740,P2,CASC,71.10,70.01,153,F,6849,-2.3623
4750,P2,CASC,71.25,69.99,154,F,6877,-2.3497
4760,P2,CASC,71.40,67.51,154,F,6904,-2.3108
4770,P2,CASC,71.55,67.51,155,F,6931,-2.2704
4780,P2,CASC,71.70,69.99,154,F,6959,-2.2533
4790,P2,CASC,71.85,67.51,155,F,6986,-2.2099
4800,P2,CASC,72.00,67.49,155,F,7013,-2.1648
4810,P2,CASC,72.15,67.51,155,F,7040,-2.1185
4820,P2,CASC,72.30,67.50,156,F,7067,-2.0705
4830,P2,CASC,72.45,67.50,156,F,7094,-2.0210
4840,P2,CASC,72.60,64.98,157,F,7120,-1.9448
4850,P2,CASC,72.75,70.00,156,F,7148,-1.9173
4860,P2,CASC,72.90,67.52,157,F,7175,-1.8635
4870,P2,CASC,73.05,69.98,156,F,7203,-1.8328
4880,P2,CASC,73.20,67.49,157,F,7230,-1.7757
4890,P2,CASC,73.35,72.51,156,F,7259,-1.7673
4900,P2,CASC,73.50,67.51,157,F,7286,-1.7075
4910,P2,CASC,73.65,69.99,157,F,7314,-1.6709
4920,P2,CASC,73.80,67.51,158,F,7341,-1.6080
4930,P2,CASC,73.95,72.48,157,F,7370,-1.5933
4940,P2,CASC,74.10,70.00,158,F,7398,-1.5523
4950,P2,CASC,74.25,70.01,158,F,7426,-1.5098
4960,P2,CASC,74.40,72.51,157,F,7455,-1.4910
4970,P2,CASC,74.55,72.50,157,F,7484,-1.4705
4980,P2,CASC,74.70,72.49,157,F,7513,-1.4483
4990,P2,CASC,74.85,69.99,158,F,7541,-1.3998
5000,P2,CASC,75.00,72.51,158,F,7570,-1.3749
5010,P2,CASC,75.15,70.00,159,F,7598,-1.3234
5020,P2,CASC,75.30,70.00,159,F,7626,-1.2704
5030,P2,CASC,75.45,69.98,159,F,7654,-1.2157
5040,P2,CASC,75.60,70.01,160,F,7682,-1.1598
5050,P2,CASC,75.75,72.52,159,F,7711,-1.1275
5060,P2,CASC,75.90,70.00,160,F,7739,-1.0685
5070,P2,CASC,76.05,72.50,159,F,7768,-1.0330
5080,P2,CASC,76.20,74.98,159,F,7798,-1.0208
5090,P2,CASC,76.35,72.49,160,F,7827,-0.9822
5100,P2,CASC,76.50,82.51,154,F,7860,-1.0423
5110,P2,CASC,76.65,82.50,154,F,7893,-1.1008
5120,P2,CASC,76.80,72.51,160,F,7922,-1.0579
5130,P2,CASC,76.95,75.00,159,F,7952,-1.0384
5140,P2,CASC,77.10,70.01,161,F,7980,-0.9675
5150,P2,CASC,77.25,67.50,162,F,8007,-0.8700
5160,P2,CASC,77.40,69.99,162,F,8035,-0.7959
5170,P2,CASC,77.55,77.50,160,F,8066,-0.7954
5180,P2,CASC,77.70,77.50,160,F,8097,-0.7934
5190,P2,CASC,77.85,77.49,160,F,8128,-0.7898
5200,P2,CASC,78.00,77.49,160,F,8159,-0.7848
5210,P2,CASC,78.15,80.00,159,F,8191,-0.8033
5220,P2,CASC,78.30,74.99,161,F,8221,-0.7702
5230,P2,CASC,78.45,77.52,160,F,8252,-0.7608
5240,P2,CASC,78.60,79.99,159,F,8284,-0.7748
5250,P2,CASC,78.75,77.52,160,F,8315,-0.7625
5260,P2,CASC,78.90,77.50,160,F,8346,-0.7485
5270,P2,CASC,79.05,77.48,161,F,8377,-0.7328
5280,P2,CASC,79.20,80.02,160,F,8409,-0.7410
5290,P2,CASC,79.35,74.99,162,F,8439,-0.6973
5300,P2,CASC,79.50,77.52,161,F,8470,-0.6775
5310,P2,CASC,79.65,77.49,161,F,8501,-0.6559
5320,P2,CASC,79.80,77.50,161,F,8532,-0.6329
5330,P2,CASC,79.95,77.49,161,F,8563,-0.6083
5340,P2,CASC,80.10,80.02,161,F,8595,-0.6075
5350,P2,CASC,80.25,77.47,162,F,8626,-0.5797
5360,P2,CASC,80.40,79.97,161,F,8658,-0.5754
5370,P2,CASC,80.55,77.55,162,F,8689,-0.5454
5380,P2,CASC,80.70,79.98,162,F,8721,-0.5383
5390,P2,CASC,80.85,75.00,164,F,8751,-0.4798
5400,P2,CASC,81.00,80.00,162,F,8783,-0.4698
5410,P2,CASC,81.15,75.01,164,F,8813,-0.4084
5420,P2,CASC,81.30,77.50,164,F,8844,-0.3704
5430,P2,CASC,81.45,75.00,165,F,8874,-0.3059
5440,P2,CASC,81.60,77.50,164,F,8905,-0.2649
5450,P2,CASC,81.75,77.49,165,F,8936,-0.2223
5460,P2,CASC,81.90,77.52,165,F,8967,-0.1785
5470,P2,CASC,82.05,77.50,165,F,8998,-0.1330
5480,P2,CASC,82.20,74.99,166,F,9028,-0.0608
5490,P2,CASC,82.35,77.51,166,F,9059,-0.0124
5500,P2,CASC,82.50,80.01,165,F,9091,0.0125
5510,P2,CASC,82.65,77.49,166,F,9122,0.0641
5520,P2,CASC,82.80,74.99,167,F,9152,0.1422
5530,P2,CASC,82.95,80.00,166,F,9184,0.1717
5540,P2,CASC,83.10,80.01,166,F,9216,0.2026
5550,P2,CASC,83.25,79.99,167,F,9248,0.2352
5560,P2,CASC,83.40,82.50,166,F,9281,0.2442
5570,P2,CASC,83.55,80.02,167,F,9313,0.2795
5580,P2,CASC,83.70,77.48,168,F,9344,0.3417
5590,P2,CASC,83.85,82.49,167,F,9377,0.3552
5600,P2,CASC,84.00,77.50,169,F,9408,0.4202
5610,P2,CASC,84.15,80.02,168,F,9440,0.4615
5620,P2,CASC,84.30,77.49,169,F,9471,0.5296
5630,P2,CASC,84.45,77.49,170,F,9502,0.5991
5640,P2,CASC,84.60,77.51,170,F,9533,0.6701
5650,P2,CASC,84.75,79.99,170,F,9565,0.7177
5660,P2,CASC,84.90,79.99,170,F,9597,0.7667
5670,P2,CASC,85.05,80.02,170,F,9629,0.8170
5680,P2,CASC,85.20,80.00,171,F,9661,0.8690
5690,P2,CASC,85.35,79.98,171,F,9693,0.9227
5700,P2,CASC,85.50,80.01,171,F,9725,0.9776
5710,P2,CASC,85.65,82.51,171,F,9758,1.0091
5720,P2,CASC,85.80,82.51,171,F,9791,1.0420
5730,P2,CASC,85.95,79.99,172,F,9823,1.1016
5740,P2,CASC,86.10,82.48,172,F,9856,1.1377
5750,P2,CASC,86.25,85.03,171,F,9890,1.1500
5760,P2,CASC,86.40,79.98,173,F,9922,1.2141
5770,P2,CASC,86.55,82.52,172,F,9955,1.2545
5780,P2,CASC,86.70,82.50,173,F,9988,1.2965
5790,P2,CASC,86.85,80.00,174,F,10020,1.3650
5800,P2,CASC,87.00,79.98,174,F,10052,1.4351
5810,P2,CASC,87.15,80.00,175,F,10084,1.5066
5820,P2,CASC,87.30,80.00,175,F,10116,1.5796
5830,P2,CASC,87.45,82.52,175,F,10149,1.6290
5840,P2,CASC,87.60,82.48,175,F,10182,1.6801
5850,P2,CASC,87.75,84.98,174,F,10216,1.7078
5860,P2,CASC,87.90,87.50,174,F,10251,1.7118
5870,P2,CASC,88.05,95.04,168,F,10289,1.6419
5880,P2,CASC,88.20,82.49,176,F,10322,1.6990
5890,P2,CASC,88.35,82.50,176,F,10355,1.7575
5900,P2,CASC,88.50,82.49,176,F,10388,1.8176
5910,P2,CASC,88.65,75.01,179,F,10418,1.9539
5920,P2,CASC,88.80,82.47,177,F,10451,2.0173
5930,P2,CASC,88.95,85.02,177,F,10485,2.0566
5940,P2,CASC,89.10,87.50,176,F,10520,2.0726
5950,P2,CASC,89.25,85.01,177,F,10554,2.1150
5960,P2,CASC,89.40,90.01,175,F,10590,2.1089
5970,P2,CASC,89.55,84.98,178,F,10624,2.1546
5980,P2,CASC,89.70,87.51,177,F,10659,2.1765
5990,P2,CASC,89.85,87.48,177,F,10694,2.2002
6000,P2,CASC,90.00,87.52,178,F,10729,2.2250
6010,P2,CASC,90.15,87.50,178,F,10764,2.2515
6020,P2,CASC,90.30,87.49,178,F,10799,2.2796
6030,P2,CASC,90.45,87.52,178,F,10834,2.3089
6040,P2,CASC,90.60,87.48,179,F,10869,2.3401
6050,P2,CASC,90.75,87.51,179,F,10904,2.3725
6060,P2,CASC,90.90,87.48,179,F,10939,2.4067
6070,P2,CASC,91.05,87.52,179,F,10974,2.4420
6080,P2,CASC,91.20,90.00,179,F,11010,2.4540
6090,P2,CASC,91.35,87.47,180,F,11045,2.4928
6100,P2,CASC,91.50,90.04,179,F,11081,2.5074
6110,P2,CASC,91.65,90.00,179,F,11117,2.5239
6120,P2,CASC,91.80,87.47,180,F,11152,2.5673
6130,P2,CASC,91.95,90.02,180,F,11188,2.5866
6140,P2,CASC,92.10,87.52,181,F,11223,2.6324
6150,P2,CASC,92.25,87.47,181,F,11258,2.6802
6160,P2,CASC,92.40,87.54,182,F,11293,2.7289
6170,P2,CASC,92.55,87.50,182,F,11328,2.7794
6180,P2,CASC,92.70,89.99,181,F,11364,2.8065
6190,P2,CASC,92.85,89.98,182,F,11400,2.8352
6200,P2,CASC,93.00,87.53,183,F,11435,2.8899
6210,P2,CASC,93.15,89.98,182,F,11471,2.9216
6220,P2,CASC,93.30,90.02,182,F,11507,2.9544
6230,P2,CASC,93.45,92.48,182,F,11544,2.9641
6240,P2,CASC,93.60,90.00,183,F,11580,3.0001
6250,P2,CASC,93.75,89.99,183,F,11616,3.0377
6260,P2,CASC,93.90,94.99,180,F,11654,3.0268
6270,P2,CASC,94.05,95.01,180,F,11692,3.0172
6280,P2,CASC,94.20,92.51,183,F,11729,3.0341
6290,P2,CASC,94.35,92.50,183,F,11766,3.0526
6300,P2,CASC,94.50,92.52,183,F,11803,3.0724
6310,P2,CASC,94.65,89.96,184,F,11839,3.1193
6320,P2,CASC,94.80,90.04,185,F,11875,3.1669
6330,P2,CASC,94.95,92.50,184,F,11912,3.1914
6340,P2,CASC,95.10,92.46,184,F,11949,3.2178
6350,P2,CASC,95.25,95.04,184,F,11987,3.2199
6360,P2,CASC,95.40,92.49,185,F,12024,3.2490
6370,P2,CASC,95.55,97.51,181,F,12063,3.2294
6380,P2,CASC,95.70,92.50,185,F,12100,3.2614
6390,P2,CASC,95.85,97.49,182,F,12139,3.2450
6400,P2,CASC,96.00,97.47,182,F,12178,3.2303
6410,P2,CASC,96.15,95.02,185,F,12216,3.2416
6420,P2,CASC,96.30,99.99,181,F,12256,3.2047
6430,P2,CASC,96.45,100.02,181,F,12296,3.1690
6440,P2,CASC,96.60,97.51,183,F,12335,3.1599
6450,P2,CASC,96.75,97.47,183,F,12374,3.1527
6460,P2,CASC,96.90,97.53,183,F,12413,3.1464
6470,P2,CASC,97.05,94.98,186,F,12451,3.1671
6480,P2,CASC,97.20,95.02,186,F,12489,3.1889
6490,P2,CASC,97.35,97.48,184,F,12528,3.1876
6500,P2,CASC,97.50,97.50,184,F,12567,3.1876
6510,P2,CASC,97.65,99.98,183,F,12607,3.1643
6520,P2,CASC,97.80,100.02,183,F,12647,3.1421
6530,P2,CASC,97.95,115.01,171,F,12693,2.9715
6540,P2,CASC,98.10,97.49,186,F,12732,2.9776
6550,P2,CASC,98.25,95.01,187,F,12770,3.0100
6560,P2,CASC,98.40,90.01,188,F,12806,3.0939
6570,P2,CASC,98.55,99.98,184,F,12846,3.0796
6580,P2,CASC,98.70,99.99,184,F,12886,3.0667
6590,P2,CASC,98.85,102.52,182,F,12927,3.0300
6600,P2,CASC,99.00,102.48,182,F,12968,2.9952
6610,P2,CASC,99.15,100.03,184,F,13008,2.9864
6620,P2,CASC,99.30,102.47,183,F,13049,2.9547
6630,P2,CASC,99.45,102.50,183,F,13090,2.9242
6640,P2,CASC,99.60,100.03,185,F,13130,2.9199
6650,P2,CASC,99.75,102.49,183,F,13171,2.8925
6660,P2,CASC,99.90,100.00,185,F,13211,2.8915
6670,P2,CASC,100.05,99.99,187,F,13251,2.8921
6680,P2,CASC,100.20,99.99,187,F,13291,2.8942
6690,P2,CASC,100.35,100.01,187,F,13331,2.8976
6700,P2,CASC,100.50,102.49,184,F,13372,2.8777
6710,P2,CASC,100.65,102.51,185,F,13413,2.8591
6720,P2,CASC,100.80,102.51,185,F,13454,2.8420
6730,P2,CASC,100.95,105.01,183,F,13496,2.8014
6740,P2,CASC,101.10,100.00,187,F,13536,2.8124
6750,P2,CASC,101.25,102.50,185,F,13577,2.7999
6760,P2,CASC,101.40,99.97,188,F,13617,2.8142
6770,P2,CASC,101.55,100.02,188,F,13657,2.8295
6780,P2,CASC,101.70,102.47,186,F,13698,2.8218
6790,P2,CASC,101.85,100.03,188,F,13738,2.8400
6800,P2,CASC,102.00,99.97,188,F,13778,2.8603
6810,P2,CASC,102.15,102.54,187,F,13819,2.8564
6820,P2,CASC,102.30,100.00,189,F,13859,2.8794
6830,P2,CASC,102.45,102.46,187,F,13900,2.8793
6840,P2,CASC,102.60,102.50,188,F,13941,2.8803
6850,P2,CASC,102.75,102.52,188,F,13982,2.8826
6860,P2,CASC,102.90,102.52,189,F,14023,2.8864
6870,P2,CASC,103.05,104.96,186,F,14065,2.8673
6880,P2,CASC,103.20,107.48,184,F,14108,2.8245
6890,P2,CASC,103.35,102.54,189,F,14149,2.8326
6900,P2,CASC,103.50,102.50,189,F,14190,2.8426
6910,P2,CASC,103.65,102.52,189,F,14231,2.8539
6920,P2,CASC,103.80,99.99,190,F,14271,2.8920
6930,P2,CASC,103.95,99.98,190,F,14311,2.9317
6940,P2,CASC,104.10,105.02,188,F,14353,2.9225
6950,P2,CASC,104.25,104.99,188,F,14395,2.9151
6960,P2,CASC,104.40,102.52,190,F,14436,2.9339
6970,P2,CASC,104.55,107.50,186,F,14479,2.9044
6980,P2,CASC,104.70,104.96,188,F,14521,2.9018
6990,P2,CASC,104.85,107.50,187,F,14564,2.8753
7000,P2,CASC,105.00,107.53,187,F,14607,2.8500
7010,P2,CASC,105.15,107.48,187,F,14650,2.8267
7020,P2,CASC,105.30,110.03,185,F,14694,2.7794
7030,P2,CASC,105.45,104.98,190,F,14736,2.7841
7040,P2,CASC,105.60,110.01,185,F,14780,2.7400
7050,P2,CASC,105.75,105.00,190,F,14822,2.7475
7060,P2,CASC,105.90,105.01,190,F,14864,2.7564
7070,P2,CASC,106.05,105.00,191,F,14906,2.7669
7080,P2,CASC,106.20,107.49,188,F,14949,2.7540
7090,P2,CASC,106.35,107.51,188,F,14992,2.7424
7100,P2,CASC,106.50,109.97,187,F,15036,2.7077
7110,P2,CASC,106.65,122.54,177,F,15085,2.5488
7120,P2,CASC,106.80,107.50,189,F,15128,2.5418
7130,P2,CASC,106.95,104.98,191,F,15170,2.5615
7140,P2,CASC,107.10,100.00,193,F,15210,2.6325
7150,P2,CASC,107.25,107.50,189,F,15253,2.6300
7160,P2,CASC,107.40,110.01,188,F,15297,2.6039
7170,P2,CASC,107.55,109.98,188,F,15341,2.5796
7180,P2,CASC,107.70,112.49,186,F,15386,2.5318
7190,P2,CASC,107.85,110.02,188,F,15430,2.5100
7200,P2,CASC,108.00,110.02,188,F,15474,2.4898
7210,P2,CASC,108.15,109.97,188,F,15518,2.4717
7220,P2,CASC,108.30,110.00,189,F,15562,2.4547
7230,P2,CASC,108.45,110.02,189,F,15606,2.4389
7240,P2,CASC,108.60,107.48,191,F,15649,2.4501
7250,P2,CASC,108.75,110.03,189,F,15693,2.4373
7260,P2,CASC,108.90,107.49,192,F,15736,2.4514
7270,P2,CASC,109.05,112.51,188,F,15781,2.4168
7280,P2,CASC,109.20,109.98,190,F,15825,2.4090
7290,P2,CASC,109.35,112.48,188,F,15870,2.3778
7300,P2,CASC,109.50,112.55,188,F,15915,2.3473
7310,P2,CASC,109.65,109.98,190,F,15959,2.3440
7320,P2,CASC,109.80,110.01,190,F,16003,2.3419
7330,P2,CASC,109.95,107.49,192,F,16046,2.3665
7340,P2,CASC,110.10,107.52,192,F,16089,2.3923
7350,P2,CASC,110.25,107.48,193,F,16132,2.4200
7360,P2,CASC,110.40,110.01,192,F,16176,2.4239
7370,P2,CASC,110.55,110.01,192,F,16220,2.4293
7380,P2,CASC,110.70,109.98,192,F,16264,2.4365
7390,P2,CASC,110.85,110.02,193,F,16308,2.4448
7400,P2,CASC,111.00,109.97,193,F,16352,2.4551
7410,P2,CASC,111.15,112.51,191,F,16397,2.4415
7420,P2,CASC,111.30,110.00,193,F,16441,2.4545
7430,P2,CASC,111.45,114.98,189,F,16487,2.4193
7440,P2,CASC,111.60,112.53,191,F,16532,2.4099
7450,P2,CASC,111.75,112.49,191,F,16577,2.4025
7460,P2,CASC,111.90,109.99,194,F,16621,2.4216
7470,P2,CASC,112.05,107.51,195,F,16664,2.4670
7480,P2,CASC,112.20,109.98,194,F,16708,2.4892
7490,P2,CASC,112.35,112.53,192,F,16753,2.4874
7500,P2,CASC,112.50,112.51,193,F,16798,2.4873
7510,P2,CASC,112.65,109.98,194,F,16842,2.5140
7520,P2,CASC,112.80,115.00,191,F,16888,2.4920
7530,P2,CASC,112.95,114.99,191,F,16934,2.4716
7540,P2,CASC,113.10,117.52,189,F,16981,2.4274
7550,P2,CASC,113.25,115.01,192,F,17027,2.4098
7560,P2,CASC,113.40,117.46,190,F,17074,2.3691
7570,P2,CASC,113.55,117.52,190,F,17121,2.3294
7580,P2,CASC,113.70,115.01,192,F,17167,2.3163
7590,P2,CASC,113.85,115.00,192,F,17213,2.3048
7600,P2,CASC,114.00,112.49,194,F,17258,2.3199
7610,P2,CASC,114.15,114.94,193,F,17304,2.3120
7620,P2,CASC,114.30,112.55,195,F,17349,2.3295
7630,P2,CASC,114.45,117.52,191,F,17396,2.2988
7640,P2,CASC,114.60,117.48,191,F,17443,2.2700
7650,P2,CASC,114.75,130.01,181,F,17495,2.1174
7660,P2,CASC,114.90,114.98,193,F,17541,2.1166
7670,P2,CASC,115.05,112.52,195,F,17586,2.1419
7680,P2,CASC,115.20,107.50,197,F,17629,2.2189
7690,P2,CASC,115.35,112.51,196,F,17674,2.2473
7700,P2,CASC,115.50,122.50,188,F,17723,2.1773
7710,P2,CASC,115.65,117.50,192,F,17770,2.1588
7720,P2,CASC,115.80,119.94,191,F,17818,2.1174
7730,P2,CASC,115.95,117.56,193,F,17865,2.1013
7740,P2,CASC,116.10,117.50,193,F,17912,2.0873
7750,P2,CASC,116.25,119.98,191,F,17960,2.0500
7760,P2,CASC,116.40,117.48,193,F,18007,2.0393
7770,P2,CASC,116.55,115.03,195,F,18053,2.0544
7780,P2,CASC,116.70,117.49,194,F,18100,2.0465
7790,P2,CASC,116.85,117.51,194,F,18147,2.0399
7800,P2,CASC,117.00,119.95,192,F,18195,2.0104
7810,P2,CASC,117.15,117.54,194,F,18242,2.0066
7820,P2,CASC,117.30,119.99,192,F,18290,1.9797
7830,P2,CASC,117.45,117.52,194,F,18337,1.9789
7840,P2,CASC,117.60,119.98,193,F,18385,1.9552
7850,P2,CASC,117.75,117.54,195,F,18432,1.9573
7860,P2,CASC,117.90,114.98,196,F,18478,1.9866
7870,P2,CASC,118.05,115.00,197,F,18524,2.0171
7880,P2,CASC,118.20,117.50,196,F,18571,2.0241
7890,P2,CASC,118.35,117.52,196,F,18618,2.0323
7900,P2,CASC,118.50,117.49,196,F,18665,2.0424
7910,P2,CASC,118.65,117.46,197,F,18712,2.0543
7920,P2,CASC,118.80,117.54,197,F,18759,2.0669
7930,P2,CASC,118.95,119.99,195,F,18807,2.0566
7940,P2,CASC,119.10,119.99,195,F,18855,2.0477
7950,P2,CASC,119.25,122.52,193,F,18904,2.0149
7960,P2,CASC,119.40,119.96,195,F,18952,2.0093
7970,P2,CASC,119.55,117.51,197,F,18999,2.0297
7980,P2,CASC,119.70,114.99,198,F,19045,2.0768
7990,P2,CASC,119.85,117.52,198,F,19092,2.1001
8000,P2,CASC,120.00,117.50,198,F,19139,2.1251
8010,P2,CASC,120.15,119.98,197,F,19187,2.1268
8020,P2,CASC,120.30,120.05,198,F,19235,2.1293
8030,P2,CASC,120.45,122.45,195,F,19284,2.1093
8040,P2,CASC,120.60,122.54,195,F,19333,2.0899
8050,P2,CASC,120.75,125.01,194,F,19383,2.0473
8060,P2,CASC,120.90,124.94,194,F,19433,2.0069
8070,P2,CASC,121.05,125.03,194,F,19483,1.9672
8080,P2,CASC,121.20,125.01,194,F,19533,1.9291
8090,P2,CASC,121.35,125.00,194,F,19583,1.8926
8100,P2,CASC,121.50,120.01,198,F,19631,1.9074
8110,P2,CASC,121.65,122.46,196,F,19680,1.8993
8120,P2,CASC,121.80,120.05,198,F,19728,1.9168
8130,P2,CASC,121.95,122.48,197,F,19777,1.9116
8140,P2,CASC,122.10,127.53,193,F,19828,1.8573
8150,P2,CASC,122.25,132.46,189,F,19881,1.7552
8160,P2,CASC,122.40,127.50,193,F,19932,1.7042
8170,P2,CASC,122.55,117.50,199,F,19979,1.7547
8180,P2,CASC,122.70,115.01,200,F,20025,1.8316
8190,P2,CASC,122.85,122.52,198,F,20074,1.8349
8200,P2,CASC,123.00,124.96,196,F,20124,1.8152
8210,P2,CASC,123.15,127.51,194,F,20175,1.7716
8220,P2,CASC,123.30,122.52,199,F,20224,1.7794
8230,P2,CASC,123.45,127.49,195,F,20275,1.7390
8240,P2,CASC,123.60,124.98,197,F,20325,1.7252
8250,P2,CASC,123.75,127.51,195,F,20376,1.6876
8260,P2,CASC,123.90,122.48,199,F,20425,1.7019
8270,P2,CASC,124.05,125.04,197,F,20475,1.6920
8280,P2,CASC,124.20,125.00,198,F,20525,1.6840
8290,P2,CASC,124.35,124.99,198,F,20575,1.6776
8300,P2,CASC,124.50,127.51,196,F,20626,1.6475
8310,P2,CASC,124.65,127.47,196,F,20677,1.6192
8320,P2,CASC,124.80,127.53,196,F,20728,1.5920
8330,P2,CASC,124.95,127.51,196,F,20779,1.5663
8340,P2,CASC,125.10,122.48,200,F,20828,1.5926
8350,P2,CASC,125.25,122.50,200,F,20877,1.6201
8360,P2,CASC,125.40,122.51,200,F,20926,1.6490
8370,P2,CASC,125.55,125.00,200,F,20976,1.6545
8380,P2,CASC,125.70,124.98,200,F,21026,1.6617
8390,P2,CASC,125.85,125.01,200,F,21076,1.6701
8400,P2,CASC,126.00,125.00,200,F,21126,1.6801
8410,P2,CASC,126.15,122.49,201,F,21175,1.7167
8420,P2,CASC,126.30,127.50,199,F,21226,1.7047
8430,P2,CASC,126.45,130.01,197,F,21278,1.6691
8440,P2,CASC,126.60,129.91,197,F,21330,1.6360
8450,P2,CASC,126.75,125.09,201,F,21380,1.6526
8460,P2,CASC,126.90,124.99,201,F,21430,1.6717
8470,P2,CASC,127.05,122.51,202,F,21479,1.7171
8480,P2,CASC,127.20,124.93,201,F,21529,1.7399
8490,P2,CASC,127.35,125.08,202,F,21579,1.7626
8500,P2,CASC,127.50,127.51,200,F,21630,1.7625
8510,P2,CASC,127.65,129.97,199,F,21682,1.7393
8520,P2,CASC,127.80,130.03,199,F,21734,1.7170
8530,P2,CASC,127.95,132.49,197,F,21787,1.6716
8540,P2,CASC,128.10,132.50,197,F,21840,1.6276
8550,P2,CASC,128.25,132.50,197,F,21893,1.5851
8560,P2,CASC,128.40,132.53,197,F,21946,1.5439
8570,P2,CASC,128.55,129.97,199,F,21998,1.5296
8580,P2,CASC,128.70,127.49,202,F,22049,1.5418
8590,P2,CASC,128.85,130.01,200,F,22101,1.5301
8600,P2,CASC,129.00,130.01,200,F,22153,1.5200
8610,P2,CASC,129.15,130.00,200,F,22205,1.5115
8620,P2,CASC,129.30,137.49,194,F,22260,1.4296
8630,P2,CASC,129.45,140.03,192,F,22316,1.3238
8640,P2,CASC,129.60,127.42,202,F,22367,1.3456
8650,P2,CASC,129.75,122.56,204,F,22416,1.4175
8660,P2,CASC,129.90,127.47,202,F,22467,1.4418
8670,P2,CASC,130.05,130.00,202,F,22519,1.4423
8680,P2,CASC,130.20,135.00,198,F,22573,1.3943
8690,P2,CASC,130.35,132.50,200,F,22626,1.3728
8700,P2,CASC,130.50,132.49,200,F,22679,1.3529
8710,P2,CASC,130.65,132.50,200,F,22732,1.3344
8720,P2,CASC,130.80,135.01,198,F,22786,1.2923
8730,P2,CASC,130.95,130.01,202,F,22838,1.3016
8740,P2,CASC,131.10,132.51,200,F,22891,1.2875
8750,P2,CASC,131.25,129.97,203,F,22943,1.3003
8760,P2,CASC,131.40,135.04,199,F,22997,1.2638
8770,P2,CASC,131.55,132.47,201,F,23050,1.2546
8780,P2,CASC,131.70,137.51,197,F,23105,1.1965
8790,P2,CASC,131.85,132.47,201,F,23158,1.1902
8800,P2,CASC,132.00,132.51,201,F,23211,1.1851
8810,P2,CASC,132.15,130.01,203,F,23263,1.2065
8820,P2,CASC,132.30,129.99,203,F,23315,1.2296
8830,P2,CASC,132.45,132.49,202,F,23368,1.2292
8840,P2,CASC,132.60,130.03,204,F,23420,1.2550
8850,P2,CASC,132.75,130.00,204,F,23472,1.2825
8860,P2,CASC,132.90,132.50,203,F,23525,1.2865
8870,P2,CASC,133.05,129.97,204,F,23577,1.3172
8880,P2,CASC,133.20,135.04,202,F,23631,1.2988
8890,P2,CASC,133.35,137.50,200,F,23686,1.2573
8900,P2,CASC,133.50,132.49,204,F,23739,1.2675
8910,P2,CASC,133.65,134.97,202,F,23793,1.2542
8920,P2,CASC,133.80,130.03,205,F,23845,1.2920
8930,P2,CASC,133.95,129.96,205,F,23897,1.3319
8940,P2,CASC,134.10,132.53,205,F,23950,1.3476
8950,P2,CASC,134.25,132.51,205,F,24003,1.3650
8960,P2,CASC,134.40,137.39,201,F,24058,1.3351
8970,P2,CASC,134.55,135.09,203,F,24112,1.3296
8980,P2,CASC,134.70,137.50,202,F,24167,1.3016
8990,P2,CASC,134.85,137.47,202,F,24222,1.2754
9000,P2,CASC,135.00,142.53,198,F,24279,1.2001
9010,P2,CASC,135.15,137.50,202,F,24334,1.1766
9020,P2,CASC,135.30,140.00,200,F,24390,1.1296
9030,P2,CASC,135.45,135.03,205,F,24444,1.1338
9040,P2,CASC,135.60,137.45,203,F,24499,1.1154
9050,P2,CASC,135.75,135.01,205,F,24553,1.1228
9060,P2,CASC,135.90,140.01,201,F,24609,1.0816
9070,P2,CASC,136.05,145.01,197,F,24667,0.9920
9080,P2,CASC,136.20,144.96,197,F,24725,0.9044
9090,P2,CASC,136.35,134.93,205,F,24779,0.9186
9100,P2,CASC,136.50,127.60,207,F,24830,1.0076
9110,P2,CASC,136.65,132.49,206,F,24883,1.0492
9120,P2,CASC,136.80,140.01,202,F,24939,1.0171
9130,P2,CASC,136.95,142.47,200,F,24996,0.9618
9140,P2,CASC,137.10,137.51,204,F,25051,0.9577
9150,P2,CASC,137.25,142.40,201,F,25108,0.9062
9160,P2,CASC,137.40,137.62,204,F,25163,0.9040
9170,P2,CASC,137.55,137.47,205,F,25218,0.9047
9180,P2,CASC,137.70,137.53,205,F,25273,0.9065
9190,P2,CASC,137.85,139.96,203,F,25329,0.8854
9200,P2,CASC,138.00,140.04,203,F,25385,0.8650
9210,P2,CASC,138.15,139.96,204,F,25441,0.8469
9220,P2,CASC,138.30,142.49,202,F,25498,0.8050
9230,P2,CASC,138.45,140.04,204,F,25554,0.7891
9240,P2,CASC,138.60,139.97,204,F,25610,0.7754
9250,P2,CASC,138.75,137.51,206,F,25665,0.7877
9260,P2,CASC,138.90,137.49,206,F,25720,0.8019
9270,P2,CASC,139.05,137.53,206,F,25775,0.8171
9280,P2,CASC,139.20,137.47,206,F,25830,0.8344
9290,P2,CASC,139.35,137.54,207,F,25885,0.8525
9300,P2,CASC,139.50,137.50,207,F,25940,0.8725
9310,P2,CASC,139.65,140.00,206,F,25996,0.8690
9320,P2,CASC,139.80,139.94,206,F,26052,0.8675
9330,P2,CASC,139.95,142.56,204,F,26109,0.8415
9340,P2,CASC,140.10,139.96,207,F,26165,0.8429
9350,P2,CASC,140.25,137.50,208,F,26220,0.8704
9360,P2,CASC,140.40,137.53,208,F,26275,0.8991
9370,P2,CASC,140.55,137.51,208,F,26330,0.9295
9380,P2,CASC,140.70,140.00,207,F,26386,0.9365
9390,P2,CASC,140.85,139.99,208,F,26442,0.9451
9400,P2,CASC,141.00,142.49,206,F,26499,0.9302
9410,P2,CASC,141.15,145.01,204,F,26557,0.8916
9420,P2,CASC,141.30,145.01,204,F,26615,0.8545
9430,P2,CASC,141.45,149.94,200,F,26675,0.7696
9440,P2,CASC,141.60,145.03,204,F,26733,0.7353
9450,P2,CASC,141.75,145.01,204,F,26791,0.7026
9460,P2,CASC,141.90,139.96,208,F,26847,0.7220
9470,P2,CASC,142.05,142.53,207,F,26904,0.7173
9480,P2,CASC,142.20,142.49,207,F,26961,0.7144
9490,P2,CASC,142.35,147.51,203,F,27020,0.6628
9500,P2,CASC,142.50,157.39,195,F,27083,0.5139
9510,P2,CASC,142.65,142.63,207,F,27140,0.5141
9520,P2,CASC,142.80,134.95,210,F,27194,0.5926
9530,P2,CASC,142.95,137.54,209,F,27249,0.6467
9540,P2,CASC,143.10,144.99,206,F,27307,0.6278
9550,P2,CASC,143.25,144.99,206,F,27365,0.6105
9560,P2,CASC,143.40,145.01,206,F,27423,0.5943
9570,P2,CASC,143.55,147.50,205,F,27482,0.5548
9580,P2,CASC,143.70,144.99,207,F,27540,0.5420
9590,P2,CASC,143.85,145.04,207,F,27598,0.5301
9600,P2,CASC,144.00,144.99,207,F,27656,0.5202
9610,P2,CASC,144.15,144.88,207,F,27714,0.5129
9620,P2,CASC,144.30,145.07,207,F,27772,0.5051
9630,P2,CASC,144.45,147.54,206,F,27831,0.4742
9640,P2,CASC,144.60,147.51,206,F,27890,0.4450
9650,P2,CASC,144.75,147.46,206,F,27949,0.4180
9660,P2,CASC,144.90,145.04,208,F,28007,0.4165
9670,P2,CASC,145.05,142.44,209,F,28064,0.4426
9680,P2,CASC,145.20,142.56,210,F,28121,0.4690
9690,P2,CASC,145.35,144.99,209,F,28179,0.4727
9700,P2,CASC,145.50,142.50,210,F,28236,0.5027
9710,P2,CASC,145.65,147.47,207,F,28295,0.4845
9720,P2,CASC,145.80,142.54,210,F,28352,0.5171
9730,P2,CASC,145.95,144.96,210,F,28410,0.5270
9740,P2,CASC,146.10,147.54,208,F,28469,0.5126
9750,P2,CASC,146.25,147.49,208,F,28528,0.5002
9760,P2,CASC,146.40,147.49,209,F,28587,0.4893
9770,P2,CASC,146.55,140.00,212,F,28643,0.5548
9780,P2,CASC,146.70,142.50,211,F,28700,0.5968
9790,P2,CASC,146.85,144.99,211,F,28758,0.6155
9800,P2,CASC,147.00,147.41,210,F,28817,0.6114
9810,P2,CASC,147.15,147.59,210,F,28876,0.6070
9820,P2,CASC,147.30,147.54,210,F,28935,0.6045
9830,P2,CASC,147.45,152.47,206,F,28996,0.5544
9840,P2,CASC,147.60,152.52,206,F,29057,0.5052
9850,P2,CASC,147.75,154.98,205,F,29119,0.4329
9860,P2,CASC,147.90,150.01,209,F,29179,0.4117
9870,P2,CASC,148.05,147.50,211,F,29238,0.4172
9880,P2,CASC,148.20,150.01,209,F,29298,0.3991
9890,P2,CASC,148.35,147.46,211,F,29357,0.4080
9900,P2,CASC,148.50,152.48,207,F,29418,0.3681
9910,P2,CASC,148.65,162.57,199,F,29483,0.2290
9920,P2,CASC,148.80,149.99,209,F,29543,0.2171
9930,P2,CASC,148.95,145.01,212,F,29601,0.2565
9940,P2,CASC,149.10,139.96,214,F,29657,0.3479
9950,P2,CASC,149.25,152.52,208,F,29718,0.3153
9960,P2,CASC,149.40,152.50,208,F,29779,0.2843
9970,P2,CASC,149.55,150.00,211,F,29839,0.2798
9980,P2,CASC,149.70,152.53,209,F,29900,0.2515
9990,P2,CASC,149.85,152.48,209,F,29961,0.2251
10000,P2,CASC,150.00,149.99,211,F,30021,0.2253
10010,P2,CASC,150.00,152.47,209,F,30082,0.2006
10020,P2,CASC,150.00,150.06,211,F,30142,0.2000
10030,P2,CASC,150.00,152.45,209,F,30203,0.1754
10040,P2,CASC,150.00,155.03,207,F,30265,0.1251
10050,P2,CASC,150.00,152.50,209,F,30326,0.1001
10060,P2,CASC,150.00,152.50,209,F,30387,0.0751
10070,P2,CASC,150.00,149.99,211,F,30447,0.0753
10080,P2,CASC,150.00,147.49,212,F,30506,0.1004
10090,P2,CASC,150.00,150.03,211,F,30566,0.1001
10100,P2,CASC,150.00,147.46,212,F,30625,0.1256
10110,P2,CASC,150.00,150.03,211,F,30685,0.1253
10120,P2,CASC,150.00,147.51,212,F,30744,0.1501
10130,P2,CASC,150.00,149.97,211,F,30804,0.1504
10140,P2,CASC,150.00,152.52,209,F,30865,0.1253
10150,P2,CASC,150.00,152.50,209,F,30926,0.1003
10160,P2,CASC,150.00,149.99,211,F,30986,0.1004
10170,P2,CASC,150.00,145.00,212,F,31044,0.1504
10180,P2,CASC,150.00,147.50,212,F,31103,0.1754
10190,P2,CASC,150.00,147.53,212,F,31162,0.2001
10200,P2,CASC,150.00,150.01,211,F,31222,0.2000
10210,P2,CASC,150.00,152.45,209,F,31283,0.1754
10220,P2,CASC,150.00,150.05,211,F,31343,0.1750
10230,P2,CASC,150.00,155.00,207,F,31405,0.1250
10240,P2,CASC,150.00,157.48,205,F,31468,0.0501
10250,P2,CASC,150.00,154.95,207,F,31530,0.0006
10260,P2,CASC,150.00,155.06,206,F,31592,-0.0500
10270,P2,CASC,150.00,149.94,210,F,31652,-0.0494
10280,P2,CASC,150.00,150.05,210,F,31712,-0.0499
10290,P2,CASC,150.00,150.01,210,F,31772,-0.0500
10300,P2,CASC,150.00,157.50,204,F,31835,-0.1250
10310,P2,CASC,150.00,162.47,200,F,31900,-0.2497
10320,P2,CASC,150.00,149.99,210,F,31960,-0.2496
10330,P2,CASC,150.00,142.54,212,F,32017,-0.1750
10340,P2,CASC,150.00,142.46,212,F,32074,-0.0996
10350,P2,CASC,150.00,152.50,208,F,32135,-0.1246
10360,P2,CASC,150.00,152.55,208,F,32196,-0.1500
10370,P2,CASC,150.00,152.48,208,F,32257,-0.1749
10380,P2,CASC,150.00,152.48,208,F,32318,-0.1997
10390,P2,CASC,150.00,152.47,208,F,32379,-0.2244
10400,P2,CASC,150.00,150.06,210,F,32439,-0.2250
10410,P2,CASC,150.00,150.00,210,F,32499,-0.2250
10420,P2,CASC,150.00,149.96,210,F,32559,-0.2245
10430,P2,CASC,150.00,152.52,208,F,32620,-0.2497
10440,P2,CASC,150.00,155.02,206,F,32682,-0.2999
10450,P2,CASC,150.00,149.97,210,F,32742,-0.2996
10460,P2,CASC,150.00,152.48,208,F,32803,-0.3244
10470,P2,CASC,150.00,147.54,210,F,32862,-0.2998
10480,P2,CASC,150.00,147.51,210,F,32921,-0.2750
10490,P2,CASC,150.00,147.46,211,F,32980,-0.2496
10500,P2,CASC,150.00,147.50,211,F,33039,-0.2246
10510,P2,CASC,150.00,150.05,210,F,33099,-0.2250
10520,P2,CASC,150.00,144.96,211,F,33157,-0.1746
10530,P2,CASC,150.00,150.01,210,F,33217,-0.1747
10540,P2,CASC,150.00,152.47,208,F,33278,-0.1994
10550,P2,CASC,150.00,150.01,210,F,33338,-0.1996
10560,P2,CASC,150.00,147.51,211,F,33397,-0.1747
10570,P2,CASC,150.00,145.00,212,F,33455,-0.1247
10580,P2,CASC,150.00,145.01,212,F,33513,-0.0749
10590,P2,CASC,150.00,147.47,211,F,33572,-0.0496
10600,P2,CASC,150.00,150.05,210,F,33632,-0.0500
10610,P2,CASC,150.00,150.00,210,F,33692,-0.0500
10620,P2,CASC,150.00,152.47,208,F,33753,-0.0747
10630,P2,CASC,150.00,152.47,208,F,33814,-0.0994
10640,P2,CASC,150.00,157.56,204,F,33877,-0.1750
10650,P2,CASC,150.00,152.47,208,F,33938,-0.1997
10660,P2,CASC,150.00,152.52,208,F,33999,-0.2249
10670,P2,CASC,150.00,150.01,210,F,34059,-0.2250
10680,P2,CASC,150.00,150.00,210,F,34119,-0.2250
10690,P2,CASC,150.00,149.99,210,F,34179,-0.2249
10700,P2,CASC,150.00,154.97,206,F,34241,-0.2746
10710,P2,CASC,150.00,165.05,198,F,34307,-0.4251
10720,P2,CASC,150.00,145.00,211,F,34365,-0.3751
10730,P2,CASC,150.00,142.47,212,F,34422,-0.2998
10740,P2,CASC,150.00,145.01,211,F,34480,-0.2499
10750,P2,CASC,150.00,152.52,208,F,34541,-0.2751
10760,P2,CASC,150.00,152.48,208,F,34602,-0.2999
10770,P2,CASC,150.00,149.97,210,F,34662,-0.2996
10780,P2,CASC,150.00,154.98,206,F,34724,-0.3495
10790,P2,CASC,150.00,150.05,210,F,34784,-0.3499
10800,P2,CASC,150.00,150.01,210,F,34844,-0.3501
10810,P2,CASC,150.00,149.99,210,F,34904,-0.3499
10820,P2,CASC,150.00,150.01,210,F,34964,-0.3501
10830,P2,CASC,150.00,152.45,208,F,35025,-0.3746
10840,P2,CASC,150.00,155.03,206,F,35087,-0.4249
10850,P2,CASC,150.00,150.00,209,F,35147,-0.4249
10860,P2,CASC,150.00,152.48,207,F,35208,-0.4498
10870,P2,CASC,150.00,147.50,210,F,35267,-0.4248
10880,P2,CASC,150.00,147.50,210,F,35326,-0.3998
10890,P2,CASC,150.00,147.50,210,F,35385,-0.3748
10900,P2,CASC,150.00,147.51,210,F,35444,-0.3499
10910,P2,CASC,150.00,147.50,210,F,35503,-0.3249
10920,P2,CASC,150.00,147.49,210,F,35562,-0.2998
10930,P2,CASC,150.00,147.50,210,F,35621,-0.2748
10940,P2,CASC,150.00,152.52,208,F,35682,-0.2999
10950,P2,CASC,150.00,147.47,210,F,35741,-0.2746
10960,P2,CASC,150.00,150.01,210,F,35801,-0.2748
10970,P2,CASC,150.00,144.90,211,F,35859,-0.2238
10980,P2,CASC,150.00,142.59,212,F,35916,-0.1496
10990,P2,CASC,150.00,147.50,211,F,35975,-0.1246
11000,P2,CASC,150.00,147.51,211,F,36034,-0.0998
11010,P2,CASC,150.00,150.00,210,F,36094,-0.0998
11020,P2,CASC,150.00,152.53,208,F,36155,-0.1251
11030,P2,CASC,150.00,152.47,208,F,36216,-0.1498
11040,P2,CASC,150.00,157.53,204,F,36279,-0.2251
11050,P2,CASC,150.00,152.50,208,F,36340,-0.2501
11060,P2,CASC,150.00,152.48,208,F,36401,-0.2749
11070,P2,CASC,150.00,147.51,211,F,36460,-0.2501
11080,P2,CASC,150.00,149.99,210,F,36520,-0.2499
11090,P2,CASC,150.00,149.96,210,F,36580,-0.2495
11100,P2,CASC,150.00,152.56,208,F,36641,-0.2751
11110,P2,CASC,150.00,164.97,198,F,36707,-0.4248
11120,P2,CASC,150.00,147.51,210,F,36766,-0.3999
11130,P2,CASC,150.00,142.50,212,F,36823,-0.3249
11140,P2,CASC,150.00,144.88,211,F,36881,-0.2737
11150,P2,CASC,150.00,150.14,210,F,36941,-0.2751
11160,P2,CASC,150.00,152.47,208,F,37002,-0.2998
11170,P2,CASC,150.00,152.53,208,F,37063,-0.3251
11180,P2,CASC,150.00,152.50,208,F,37124,-0.3501
11190,P2,CASC,150.00,152.45,208,F,37185,-0.3746
11200,P2,CASC,150.00,147.53,210,F,37244,-0.3499
11210,P2,CASC,150.00,150.01,210,F,37304,-0.3501
11220,P2,CASC,150.00,149.99,210,F,37364,-0.3499
11230,P2,CASC,150.00,152.48,208,F,37425,-0.3748
11240,P2,CASC,150.00,155.02,206,F,37487,-0.4249
11250,P2,CASC,150.00,150.00,209,F,37547,-0.4249
11260,P2,CASC,150.00,150.00,209,F,37607,-0.4249
11270,P2,CASC,150.00,147.47,210,F,37666,-0.3996
11280,P2,CASC,150.00,147.50,210,F,37725,-0.3746
11290,P2,CASC,150.00,147.53,210,F,37784,-0.3499
11300,P2,CASC,150.00,147.46,210,F,37843,-0.3245
11310,P2,CASC,150.00,147.56,210,F,37902,-0.3001
11320,P2,CASC,150.00,144.97,211,F,37960,-0.2498
11330,P2,CASC,150.00,150.01,210,F,38020,-0.2499
11340,P2,CASC,150.00,152.42,208,F,38081,-0.2742
11350,P2,CASC,150.00,147.57,210,F,38140,-0.2499
11360,P2,CASC,150.00,147.50,211,F,38199,-0.2249
11370,P2,CASC,150.00,145.01,211,F,38257,-0.1751
11380,P2,CASC,150.00,142.50,212,F,38314,-0.1001
11390,P2,CASC,150.00,147.50,211,F,38373,-0.0751
11400,P2,CASC,150.00,149.88,210,F,38433,-0.0739
11410,P2,CASC,150.00,150.08,210,F,38493,-0.0746
11420,P2,CASC,150.00,150.03,210,F,38553,-0.0749
11430,P2,CASC,150.00,152.52,208,F,38614,-0.1001
11440,P2,CASC,150.00,157.48,204,F,38677,-0.1749
11450,P2,CASC,150.00,152.47,208,F,38738,-0.1996
11460,P2,CASC,150.00,152.48,208,F,38799,-0.2245
11470,P2,CASC,150.00,150.01,210,F,38859,-0.2246
11480,P2,CASC,150.00,150.05,210,F,38919,-0.2251
11490,P2,CASC,150.00,150.00,210,F,38979,-0.2251
11500,P2,CASC,150.00,157.41,204,F,39042,-0.2991
11510,P2,CASC,150.00,162.58,200,F,39107,-0.4249
11520,P2,CASC,150.00,145.01,211,F,39165,-0.3751
11530,P2,CASC,150.00,142.50,212,F,39222,-0.3001
11540,P2,CASC,150.00,147.47,210,F,39281,-0.2748
11550,P2,CASC,150.00,150.01,210,F,39341,-0.2749
11560,P2,CASC,150.00,152.47,208,F,39402,-0.2996
11570,P2,CASC,150.00,152.55,208,F,39463,-0.3251
11580,P2,CASC,150.00,152.50,208,F,39524,-0.3501
11590,P2,CASC,150.00,152.50,208,F,39585,-0.3751
11600,P2,CASC,150.00,149.99,209,F,39645,-0.3749
11610,P2,CASC,150.00,150.00,210,F,39705,-0.3749
11620,P2,CASC,150.00,149.99,209,F,39765,-0.3748
11630,P2,CASC,150.00,152.48,208,F,39826,-0.3996
11640,P2,CASC,150.00,155.03,206,F,39888,-0.4499
11650,P2,CASC,150.00,150.01,209,F,39948,-0.4501
11660,P2,CASC,150.00,152.47,207,F,40009,-0.4748
11670,P2,CASC,150.00,147.49,210,F,40068,-0.4496
11680,P2,CASC,150.00,147.53,210,F,40127,-0.4249
11690,P2,CASC,150.00,147.47,210,F,40186,-0.3996
11700,P2,CASC,150.00,147.54,210,F,40245,-0.3751
11710,P2,CASC,150.00,147.44,210,F,40304,-0.3495
11720,P2,CASC,150.00,147.50,210,F,40363,-0.3245
11730,P2,CASC,150.00,147.56,210,F,40422,-0.3001
11740,P2,CASC,150.00,152.50,208,F,40483,-0.3251
11750,P2,CASC,150.00,147.50,210,F,40542,-0.3001
11760,P2,CASC,150.00,149.94,210,F,40602,-0.2995
11770,P2,CASC,150.00,145.00,211,F,40660,-0.2495
11780,P2,CASC,150.00,142.51,212,F,40717,-0.1746
11790,P2,CASC,150.00,147.53,211,F,40776,-0.1499
11800,P2,CASC,150.00,149.99,210,F,40836,-0.1498
11810,P2,CASC,150.00,149.99,210,F,40896,-0.1496
11820,P2,CASC,150.00,152.50,208,F,40957,-0.1746
11830,P2,CASC,150.00,152.55,208,F,41018,-0.2001
11840,P2,CASC,150.00,157.47,204,F,41081,-0.2748
11850,P2,CASC,150.00,152.52,208,F,41142,-0.2999
11860,P2,CASC,150.00,152.52,208,F,41203,-0.3251
11870,P2,CASC,150.00,147.50,210,F,41262,-0.3001
11880,P2,CASC,150.00,149.99,210,F,41322,-0.2999
11890,P2,CASC,150.00,152.47,208,F,41383,-0.3246
11900,P2,CASC,150.00,155.05,206,F,41445,-0.3751
11910,P2,CASC,150.00,162.47,200,F,41510,-0.4997
11920,P2,CASC,150.00,147.50,210,F,41569,-0.4747
11930,P2,CASC,150.00,140.03,212,F,41625,-0.3750
11940,P2,CASC,150.00,147.50,210,F,41684,-0.3500
11950,P2,CASC,150.00,149.96,210,F,41744,-0.3496
11960,P2,CASC,150.00,152.55,208,F,41805,-0.3750
11970,P2,CASC,150.00,152.45,208,F,41866,-0.3996
11980,P2,CASC,150.00,152.50,208,F,41927,-0.4246
11990,P2,CASC,150.00,152.50,207,F,41988,-0.4496
12000,P2,CASC,150.00,147.53,210,F,42047,-0.4249
12010,P2,CASC,150.00,150.00,209,F,42107,-0.4249
12020,P2,CASC,150.00,150.01,209,F,42167,-0.4250
12030,P2,CASC,150.00,152.48,207,F,42228,-0.4499
12040,P2,CASC,150.00,155.02,205,F,42290,-0.5000
12050,P2,CASC,150.00,149.97,209,F,42350,-0.4997
12060,P2,CASC,150.00,150.00,209,F,42410,-0.4997
12070,P2,CASC,150.00,147.51,210,F,42469,-0.4749
12080,P2,CASC,150.00,145.01,211,F,42527,-0.4250
12090,P2,CASC,150.00,149.99,209,F,42587,-0.4249
12100,P2,CASC,150.00,144.99,211,F,42645,-0.3747
12110,P2,CASC,150.00,147.51,210,F,42704,-0.3499
12120,P2,CASC,150.00,147.47,210,F,42763,-0.3246
12130,P2,CASC,150.00,147.51,210,F,42822,-0.2997
12140,P2,CASC,150.00,152.53,208,F,42883,-0.3250
12150,P2,CASC,150.00,147.46,210,F,42942,-0.2996
12160,P2,CASC,150.00,150.01,210,F,43002,-0.2997
12170,P2,CASC,150.00,145.01,211,F,43060,-0.2499
12180,P2,CASC,150.00,142.50,212,F,43117,-0.1749
12190,P2,CASC,150.00,147.51,211,F,43176,-0.1500
12200,P2,CASC,150.00,147.50,211,F,43235,-0.1250
12210,P2,CASC,150.00,149.99,210,F,43295,-0.1249
12220,P2,CASC,150.00,152.52,208,F,43356,-0.1500
12230,P2,CASC,150.00,152.47,208,F,43417,-0.1747
12240,P2,CASC,150.00,157.52,204,F,43480,-0.2499
12250,P2,CASC,150.00,152.50,208,F,43541,-0.2749
12260,P2,CASC,150.00,152.50,208,F,43602,-0.2999
12270,P2,CASC,150.00,147.50,210,F,43661,-0.2749
12280,P2,CASC,150.00,150.01,210,F,43721,-0.2750
12290,P2,CASC,150.00,149.97,210,F,43781,-0.2747
12300,P2,CASC,150.00,154.98,206,F,43843,-0.3246
12310,P2,CASC,150.00,165.00,198,F,43909,-0.4746
12320,P2,CASC,150.00,147.53,210,F,43968,-0.4499
12330,P2,CASC,150.00,142.47,212,F,44025,-0.3746
12340,P2,CASC,150.00,142.50,212,F,44082,-0.2996
12350,P2,CASC,150.00,152.50,208,F,44143,-0.3246
12360,P2,CASC,150.00,152.53,208,F,44204,-0.3499
12370,P2,CASC,150.00,149.96,210,F,44264,-0.3494
12380,P2,CASC,150.00,154.95,206,F,44326,-0.3990
12390,P2,CASC,150.00,150.08,209,F,44386,-0.3997
12400,P2,CASC,150.00,150.01,210,F,44446,-0.3999
12410,P2,CASC,150.00,149.97,209,F,44506,-0.3996
12420,P2,CASC,150.00,150.05,209,F,44566,-0.4000
12430,P2,CASC,150.00,152.50,208,F,44627,-0.4250
12440,P2,CASC,150.00,152.45,207,F,44688,-0.4496
12450,P2,CASC,150.00,150.01,209,F,44748,-0.4497
12460,P2,CASC,150.00,152.52,207,F,44809,-0.4749
12470,P2,CASC,150.00,147.47,210,F,44868,-0.4496
12480,P2,CASC,150.00,145.00,211,F,44926,-0.3996
12490,P2,CASC,150.00,150.05,209,F,44986,-0.4000
12500,P2,CASC,150.00,144.99,211,F,45044,-0.3499
12510,P2,CASC,150.00,147.51,210,F,45103,-0.3250
12520,P2,CASC,150.00,147.44,210,F,45162,-0.2994
12530,P2,CASC,150.00,147.54,210,F,45221,-0.2749
12540,P2,CASC,150.00,152.48,208,F,45282,-0.2997
12550,P2,CASC,150.00,147.47,210,F,45341,-0.2744
12560,P2,CASC,150.00,150.05,210,F,45401,-0.2749
12570,P2,CASC,150.00,142.49,212,F,45458,-0.1997
12580,P2,CASC,150.00,144.99,212,F,45516,-0.1496
12590,P2,CASC,150.00,147.51,211,F,45575,-0.1247
12600,P2,CASC,150.00,147.53,211,F,45634,-0.1000
12610,P2,CASC,150.00,149.99,210,F,45694,-0.0999
12620,P2,CASC,150.00,152.52,208,F,45755,-0.1250
12630,P2,CASC,150.00,152.47,208,F,45816,-0.1497
12640,P2,CASC,150.00,157.48,204,F,45879,-0.2246
12650,P2,CASC,150.00,152.53,208,F,45940,-0.2499
12660,P2,CASC,150.00,152.45,208,F,46001,-0.2744
12670,P2,CASC,150.00,147.54,211,F,46060,-0.2499
12680,P2,CASC,150.00,149.99,210,F,46120,-0.2497
12690,P2,CASC,150.00,152.42,208,F,46181,-0.2740
12700,P2,CASC,150.00,157.59,204,F,46244,-0.3499
12710,P2,CASC,150.00,160.00,202,F,46308,-0.4499
12720,P2,CASC,150.00,145.00,211,F,46366,-0.3999
12730,P2,CASC,150.00,145.00,211,F,46424,-0.3499
12740,P2,CASC,150.00,142.51,212,F,46481,-0.2750
12750,P2,CASC,150.00,152.48,208,F,46542,-0.2999
12760,P2,CASC,150.00,152.47,208,F,46603,-0.3246
12770,P2,CASC,150.00,150.01,210,F,46663,-0.3247
12780,P2,CASC,150.00,152.53,208,F,46724,-0.3500
12790,P2,CASC,150.00,152.44,208,F,46785,-0.3744
12800,P2,CASC,150.00,150.05,210,F,46845,-0.3749
12810,P2,CASC,150.00,149.97,209,F,46905,-0.3746
12820,P2,CASC,150.00,150.01,210,F,46965,-0.3747
12830,P2,CASC,150.00,152.47,208,F,47026,-0.3994
12840,P2,CASC,150.00,155.03,206,F,47088,-0.4497
12850,P2,CASC,150.00,150.00,209,F,47148,-0.4497
12860,P2,CASC,150.00,149.97,209,F,47208,-0.4494
12870,P2,CASC,150.00,147.56,210,F,47267,-0.4250
12880,P2,CASC,150.00,147.50,210,F,47326,-0.4000
12890,P2,CASC,150.00,149.96,209,F,47386,-0.3996
12900,P2,CASC,150.00,145.03,211,F,47444,-0.3499
12910,P2,CASC,150.00,147.46,210,F,47503,-0.3244
12920,P2,CASC,150.00,147.50,210,F,47562,-0.2994
12930,P2,CASC,150.00,147.56,210,F,47621,-0.2750
12940,P2,CASC,150.00,154.95,206,F,47683,-0.3246
12950,P2,CASC,150.00,147.54,210,F,47742,-0.3000
12960,P2,CASC,150.00,147.44,210,F,47801,-0.2744
12970,P2,CASC,150.00,145.03,211,F,47859,-0.2247
12980,P2,CASC,150.00,142.51,212,F,47916,-0.1498
12990,P2,CASC,150.00,147.49,211,F,47975,-0.1247
13000,P2,CASC,150.00,147.47,211,F,48034,-0.0994
13010,P2,CASC,150.00,150.05,210,F,48094,-0.0998
13020,P2,CASC,150.00,152.52,208,F,48155,-0.1250
13030,P2,CASC,150.00,152.44,208,F,48216,-0.1494
13040,P2,CASC,150.00,157.52,204,F,48279,-0.2245
13050,P2,CASC,150.00,152.53,208,F,48340,-0.2499
13060,P2,CASC,150.00,152.47,208,F,48401,-0.2745
13070,P2,CASC,150.00,147.53,211,F,48460,-0.2498
13080,P2,CASC,150.00,150.01,210,F,48520,-0.2500
13090,P2,CASC,150.00,149.97,210,F,48580,-0.2497
13100,P2,CASC,150.00,155.03,206,F,48642,-0.3000
13110,P2,CASC,150.00,164.97,198,F,48708,-0.4497
13120,P2,CASC,150.00,145.03,211,F,48766,-0.4000
13130,P2,CASC,150.00,142.47,212,F,48823,-0.3247
13140,P2,CASC,150.00,144.99,211,F,48881,-0.2745
13150,P2,CASC,150.00,152.52,208,F,48942,-0.2997
13160,P2,CASC,150.00,152.50,208,F,49003,-0.3247
13170,P2,CASC,150.00,150.00,210,F,49063,-0.3247
13180,P2,CASC,150.00,152.48,208,F,49124,-0.3495
13190,P2,CASC,150.00,152.53,208,F,49185,-0.3748
13200,P2,CASC,150.00,150.00,210,F,49245,-0.3748
13210,P2,CASC,150.00,147.51,210,F,49304,-0.3500
13220,P2,CASC,150.00,152.45,208,F,49365,-0.3745
13230,P2,CASC,150.00,149.99,209,F,49425,-0.3744
13240,P2,CASC,150.00,155.05,206,F,49487,-0.4248
13250,P2,CASC,150.00,149.97,209,F,49547,-0.4245
13260,P2,CASC,150.00,152.52,207,F,49608,-0.4497
13270,P2,CASC,150.00,147.49,210,F,49667,-0.4245
13280,P2,CASC,150.00,145.00,211,F,49725,-0.3745
13290,P2,CASC,150.00,147.50,210,F,49784,-0.3495
13300,P2,CASC,150.00,147.50,210,F,49843,-0.3245
13310,P2,CASC,150.00,147.49,210,F,49902,-0.2994
13320,P2,CASC,150.00,147.51,210,F,49961,-0.2745
13330,P2,CASC,150.00,147.54,211,F,50020,-0.2500
13340,P2,CASC,150.00,152.50,208,F,50081,-0.2750
13350,P2,CASC,150.00,147.44,211,F,50140,-0.2494
13360,P2,CASC,150.00,150.06,210,F,50200,-0.2500
13370,P2,CASC,150.00,142.44,212,F,50257,-0.1744
13380,P2,CASC,150.00,145.01,212,F,50315,-0.1246
13390,P2,CASC,150.00,147.53,211,F,50374,-0.0999
13400,P2,CASC,150.00,149.88,210,F,50434,-0.0987
13410,P2,CASC,150.00,150.09,210,F,50494,-0.0996
13420,P2,CASC,150.00,150.03,210,F,50554,-0.0999
13430,P2,CASC,150.00,154.98,206,F,50616,-0.1497
13440,P2,CASC,150.00,157.50,204,F,50679,-0.2247
13450,P2,CASC,150.00,152.52,208,F,50740,-0.2499
13460,P2,CASC,150.00,152.50,208,F,50801,-0.2749
13470,P2,CASC,150.00,147.49,211,F,50860,-0.2497
13480,P2,CASC,150.00,150.00,210,F,50920,-0.2497
13490,P2,CASC,150.00,150.03,210,F,50980,-0.2500
13500,P2,CASC,150.00,154.95,206,F,51042,-0.2996
13510,P2,CASC,150.00,165.00,198,F,51108,-0.4496
13520,P2,CASC,150.00,147.51,210,F,51167,-0.4247
13530,P2,CASC,150.00,140.03,212,F,51223,-0.3250
13540,P2,CASC,150.00,145.00,211,F,51281,-0.2750
13550,P2,CASC,150.00,152.48,208,F,51342,-0.2998
13560,P2,CASC,150.00,152.48,208,F,51403,-0.3247
13570,P2,CASC,150.00,150.00,210,F,51463,-0.3247
13580,P2,CASC,150.00,152.52,208,F,51524,-0.3498
13590,P2,CASC,150.00,152.47,208,F,51585,-0.3745
13600,P2,CASC,150.00,147.50,210,F,51644,-0.3495
13610,P2,CASC,150.00,150.00,210,F,51704,-0.3495
13620,P2,CASC,150.00,152.53,208,F,51765,-0.3748
13630,P2,CASC,150.00,149.97,209,F,51825,-0.3745
13640,P2,CASC,150.00,155.03,206,F,51887,-0.4248
13650,P2,CASC,150.00,149.96,209,F,51947,-0.4244
13660,P2,CASC,150.00,152.56,207,F,52008,-0.4500
13670,P2,CASC,150.00,147.46,210,F,52067,-0.4246
13680,P2,CASC,150.00,145.04,211,F,52125,-0.3750
13690,P2,CASC,150.00,149.94,209,F,52185,-0.3744
13700,P2,CASC,150.00,145.01,211,F,52243,-0.3245
13710,P2,CASC,150.00,147.50,210,F,52302,-0.2995
13720,P2,CASC,150.00,147.50,210,F,52361,-0.2745
13730,P2,CASC,150.00,147.54,211,F,52420,-0.2500
13740,P2,CASC,150.00,154.89,206,F,52482,-0.2989
13750,P2,CASC,150.00,147.56,210,F,52541,-0.2745
13760,P2,CASC,150.00,147.51,211,F,52600,-0.2496
13770,P2,CASC,150.00,145.00,211,F,52658,-0.1996
13780,P2,CASC,150.00,142.53,212,F,52715,-0.1249
13790,P2,CASC,150.00,147.47,211,F,52774,-0.0996
13800,P2,CASC,150.00,149.97,210,F,52834,-0.0993
13810,P2,CASC,150.00,150.03,210,F,52894,-0.0996
13820,P2,CASC,150.00,150.00,210,F,52954,-0.0996
13830,P2,CASC,150.00,155.02,206,F,53016,-0.1498
13840,P2,CASC,150.00,154.95,206,F,53078,-0.1993
13850,P2,CASC,150.00,152.52,208,F,53139,-0.2245
13860,P2,CASC,150.00,154.98,206,F,53201,-0.2743
13870,P2,CASC,150.00,147.53,211,F,53260,-0.2496
13880,P2,CASC,150.00,149.97,210,F,53320,-0.2493
13890,P2,CASC,150.00,150.01,210,F,53380,-0.2495
13900,P2,CASC,150.00,157.53,204,F,53443,-0.3248
13910,P2,CASC,150.00,162.48,200,F,53508,-0.4496
13920,P2,CASC,150.00,147.46,210,F,53567,-0.4242
13930,P2,CASC,150.00,137.56,213,F,53622,-0.2997
13940,P2,CASC,150.00,147.47,210,F,53681,-0.2744
13950,P2,CASC,150.00,152.53,208,F,53742,-0.2997
13960,P2,CASC,150.00,152.47,208,F,53803,-0.3244
13970,P2,CASC,150.00,150.05,210,F,53863,-0.3249
13980,P2,CASC,150.00,152.47,208,F,53924,-0.3496
13990,P2,CASC,150.00,152.47,208,F,53985,-0.3743
14000,P2,CASC,150.00,150.05,210,F,54045,-0.3747
14010,P2,CASC,150.00,149.99,209,F,54105,-0.3746
14020,P2,CASC,150.00,152.47,208,F,54166,-0.3993
14030,P2,CASC,150.00,150.00,210,F,54226,-0.3993
14040,P2,CASC,150.00,157.52,204,F,54289,-0.4744
14050,P2,CASC,150.00,150.00,209,F,54349,-0.4744
14060,P2,CASC,150.00,150.03,209,F,54409,-0.4747
14070,P2,CASC,150.00,147.49,210,F,54468,-0.4496
14080,P2,CASC,150.00,147.53,210,F,54527,-0.4249
14090,P2,CASC,150.00,149.99,209,F,54587,-0.4247
14100,P2,CASC,150.00,145.01,211,F,54645,-0.3749
14110,P2,CASC,150.00,147.50,210,F,54704,-0.3499
14120,P2,CASC,150.00,150.00,210,F,54764,-0.3499
14130,P2,CASC,150.00,147.46,210,F,54823,-0.3244
14140,P2,CASC,150.00,152.50,208,F,54884,-0.3494
14150,P2,CASC,150.00,149.91,210,F,54944,-0.3485
14160,P2,CASC,150.00,147.59,210,F,55003,-0.3244
14170,P2,CASC,150.00,145.01,211,F,55061,-0.2746
14180,P2,CASC,150.00,144.99,211,F,55119,-0.2244
14190,P2,CASC,150.00,147.53,211,F,55178,-0.1997
14200,P2,CASC,150.00,147.49,211,F,55237,-0.1746
14210,P2,CASC,150.00,152.44,208,F,55298,-0.1989
14220,P2,CASC,150.00,150.03,210,F,55358,-0.1992
14230,P2,CASC,150.00,152.55,208,F,55419,-0.2247
14240,P2,CASC,150.00,157.45,204,F,55482,-0.2992
14250,P2,CASC,150.00,152.55,208,F,55543,-0.3247
14260,P2,CASC,150.00,152.48,208,F,55604,-0.3495
14270,P2,CASC,150.00,150.01,210,F,55664,-0.3497
14280,P2,CASC,150.00,149.99,210,F,55724,-0.3495
14290,P2,CASC,150.00,150.01,210,F,55784,-0.3497
14300,P2,CASC,150.00,157.50,204,F,55847,-0.4247
14310,P2,CASC,150.00,162.47,200,F,55912,-0.5494
14320,P2,CASC,150.00,147.49,210,F,55971,-0.5242
14330,P2,CASC,150.00,142.53,211,F,56028,-0.4495
14340,P2,CASC,150.00,142.53,212,F,56085,-0.3748
14350,P2,CASC,150.00,152.48,208,F,56146,-0.3996
14360,P2,CASC,150.00,152.47,208,F,56207,-0.4243
14370,P2,CASC,150.00,152.53,207,F,56268,-0.4496
14380,P2,CASC,150.00,150.00,209,F,56328,-0.4496
14390,P2,CASC,150.00,152.45,207,F,56389,-0.4742
14400,P2,CASC,150.00,150.00,209,F,56449,-0.4742
14410,P2,CASC,150.00,147.53,210,F,56508,-0.4495
14420,P2,CASC,150.00,152.48,207,F,56569,-0.4743
14430,P2,CASC,150.00,150.03,209,F,56629,-0.4746
14440,P2,CASC,150.00,154.97,205,F,56691,-0.5243
14450,P2,CASC,150.00,150.01,209,F,56751,-0.5245
14460,P2,CASC,150.00,150.00,209,F,56811,-0.5245
14470,P2,CASC,150.00,147.53,210,F,56870,-0.4998
14480,P2,CASC,150.00,144.99,211,F,56928,-0.4496
14490,P2,CASC,150.00,149.97,209,F,56988,-0.4493
14500,P2,CASC,150.00,145.01,211,F,57046,-0.3995
14510,P2,CASC,150.00,147.53,210,F,57105,-0.3747
14520,P2,CASC,150.00,147.44,210,F,57164,-0.3492
14530,P2,CASC,150.00,147.54,210,F,57223,-0.3246
14540,P2,CASC,150.00,152.50,208,F,57284,-0.3496
14550,P2,CASC,150.00,147.47,210,F,57343,-0.3243
14560,P2,CASC,150.00,147.50,210,F,57402,-0.2993
14570,P2,CASC,150.00,145.03,211,F,57460,-0.2496
14580,P2,CASC,150.00,144.99,211,F,57518,-0.1994
14590,P2,CASC,150.00,147.47,211,F,57577,-0.1742
14600,P2,CASC,150.00,147.51,211,F,57636,-0.1493
14610,P2,CASC,150.00,149.99,210,F,57696,-0.1492
14620,P2,CASC,150.00,150.01,210,F,57756,-0.1493
14630,P2,CASC,150.00,155.00,206,F,57818,-0.1993
14640,P2,CASC,150.00,155.05,206,F,57880,-0.2498
14650,P2,CASC,150.00,152.45,208,F,57941,-0.2743
14660,P2,CASC,150.00,152.55,208,F,58002,-0.2998
14670,P2,CASC,150.00,150.00,210,F,58062,-0.2998
14680,P2,CASC,150.00,149.99,210,F,58122,-0.2996
14690,P2,CASC,150.00,149.99,210,F,58182,-0.2995
14700,P2,CASC,150.00,157.39,204,F,58245,-0.3734
14710,P2,CASC,150.00,162.63,200,F,58310,-0.4997
14720,P2,CASC,150.00,144.96,211,F,58368,-0.4492
14730,P2,CASC,150.00,140.03,212,F,58424,-0.3495
14740,P2,CASC,150.00,147.51,210,F,58483,-0.3247
14750,P2,CASC,150.00,152.52,208,F,58544,-0.3498
14760,P2,CASC,150.00,152.47,208,F,58605,-0.3745
14770,P2,CASC,150.00,149.99,209,F,58665,-0.3744
14780,P2,CASC,150.00,152.55,208,F,58726,-0.3998
14790,P2,CASC,150.00,152.50,208,F,58787,-0.4248
14800,P2,CASC,150.00,147.47,210,F,58846,-0.3995
14810,P2,CASC,150.00,149.99,209,F,58906,-0.3994
14820,P2,CASC,150.00,152.52,208,F,58967,-0.4245
14830,P2,CASC,150.00,149.99,209,F,59027,-0.4244
14840,P2,CASC,150.00,155.05,205,F,59089,-0.4748
14850,P2,CASC,150.00,149.97,209,F,59149,-0.4745
14860,P2,CASC,150.00,150.01,209,F,59209,-0.4747
14870,P2,CASC,150.00,147.47,210,F,59268,-0.4494
14880,P2,CASC,150.00,147.54,210,F,59327,-0.4248
14890,P2,CASC,150.00,147.50,210,F,59386,-0.3998
14900,P2,CASC,150.00,147.47,210,F,59445,-0.3745
14910,P2,CASC,150.00,147.53,210,F,59504,-0.3498
14920,P2,CASC,150.00,147.44,210,F,59563,-0.3242
14930,P2,CASC,150.00,147.53,210,F,59622,-0.2995
14940,P2,CASC,150.00,152.48,208,F,59683,-0.3244
14950,P2,CASC,150.00,147.53,210,F,59742,-0.2997
14960,P2,CASC,150.00,147.47,210,F,59801,-0.2744
14970,P2,CASC,150.00,145.01,211,F,59859,-0.2245
14980,P2,CASC,150.00,145.00,211,F,59917,-0.1745
14990,P2,CASC,150.00,147.50,211,F,59976,-0.1495
15000,P2,CASC,150.00,147.49,211,F,60035,-0.1244
15010,P2,CASC,149.85,150.05,210,F,60095,-0.1263
15020,P2,CASC,149.70,149.97,210,F,60155,-0.1290
15030,P2,CASC,149.55,155.00,206,F,60217,-0.1835
15040,P2,CASC,149.40,155.00,205,F,60279,-0.2395
15050,P2,CASC,149.25,152.53,207,F,60340,-0.2723
15060,P2,CASC,149.10,152.47,207,F,60401,-0.3060
15070,P2,CASC,148.95,149.99,208,F,60461,-0.3164
15080,P2,CASC,148.80,147.53,209,F,60520,-0.3037
15090,P2,CASC,148.65,149.99,208,F,60580,-0.3170
15100,P2,CASC,148.50,157.52,202,F,60643,-0.4072
15110,P2,CASC,148.35,160.02,199,F,60707,-0.5238
15120,P2,CASC,148.20,145.00,209,F,60765,-0.4918
15130,P2,CASC,148.05,142.44,210,F,60822,-0.4358
15140,P2,CASC,147.90,142.53,210,F,60879,-0.3821
15150,P2,CASC,147.75,149.97,206,F,60939,-0.4043
15160,P2,CASC,147.60,152.50,204,F,61000,-0.4533
15170,P2,CASC,147.45,147.56,208,F,61059,-0.4544
15180,P2,CASC,147.30,149.97,206,F,61119,-0.4811
15190,P2,CASC,147.15,150.01,205,F,61179,-0.5097
15200,P2,CASC,147.00,147.47,207,F,61238,-0.5144
15210,P2,CASC,146.85,147.54,207,F,61297,-0.5214
15220,P2,CASC,146.70,144.94,207,F,61355,-0.5038
15230,P2,CASC,146.55,150.05,204,F,61415,-0.5387
15240,P2,CASC,146.40,149.97,204,F,61475,-0.5744
15250,P2,CASC,146.25,150.05,204,F,61535,-0.6124
15260,P2,CASC,146.10,147.47,205,F,61594,-0.6261
15270,P2,CASC,145.95,142.47,207,F,61651,-0.5913
15280,P2,CASC,145.80,142.56,207,F,61708,-0.5589
15290,P2,CASC,145.65,144.97,206,F,61766,-0.5521
15300,P2,CASC,145.50,142.51,207,F,61823,-0.5222
15310,P2,CASC,145.35,142.50,207,F,61880,-0.4937
15320,P2,CASC,145.20,142.47,207,F,61937,-0.4664
15330,P2,CASC,145.05,142.49,207,F,61994,-0.4408
15340,P2,CASC,144.90,145.04,206,F,62052,-0.4422
15350,P2,CASC,144.75,147.49,204,F,62111,-0.4696
15360,P2,CASC,144.60,142.53,206,F,62168,-0.4489
15370,P2,CASC,144.45,140.00,207,F,62224,-0.4044
15380,P2,CASC,144.30,139.97,207,F,62280,-0.3611
15390,P2,CASC,144.15,140.00,207,F,62336,-0.3196
15400,P2,CASC,144.00,142.51,206,F,62393,-0.3047
15410,P2,CASC,143.85,142.51,206,F,62450,-0.2914
15420,P2,CASC,143.70,144.96,205,F,62508,-0.3039
15430,P2,CASC,143.55,145.03,204,F,62566,-0.3187
15440,P2,CASC,143.40,145.00,204,F,62624,-0.3347
15450,P2,CASC,143.25,149.96,200,F,62684,-0.4018
15460,P2,CASC,143.10,145.00,204,F,62742,-0.4208
15470,P2,CASC,142.95,147.53,201,F,62801,-0.4666
15480,P2,CASC,142.80,140.00,205,F,62857,-0.4386
15490,P2,CASC,142.65,142.49,205,F,62914,-0.4369
15500,P2,CASC,142.50,142.51,205,F,62971,-0.4371
15510,P2,CASC,142.35,145.01,202,F,63029,-0.4637
15520,P2,CASC,142.20,154.95,194,F,63091,-0.5912
15530,P2,CASC,142.05,144.94,202,F,63149,-0.6202
15540,P2,CASC,141.90,135.11,206,F,63203,-0.5522
15550,P2,CASC,141.75,129.97,207,F,63255,-0.4345
15560,P2,CASC,141.60,145.01,201,F,63313,-0.4686
15570,P2,CASC,141.45,142.47,203,F,63370,-0.4788
15580,P2,CASC,141.30,142.51,203,F,63427,-0.4910
15590,P2,CASC,141.15,142.51,203,F,63484,-0.5046
15600,P2,CASC,141.00,142.50,202,F,63541,-0.5196
15610,P2,CASC,140.85,142.46,202,F,63598,-0.5357
15620,P2,CASC,140.70,140.03,203,F,63654,-0.5290
15630,P2,CASC,140.55,140.00,203,F,63710,-0.5235
15640,P2,CASC,140.40,140.03,203,F,63766,-0.5198
15650,P2,CASC,140.25,139.97,203,F,63822,-0.5170
15660,P2,CASC,140.10,145.00,199,F,63880,-0.5660
15670,P2,CASC,139.95,140.01,203,F,63936,-0.5666
15680,P2,CASC,139.80,142.50,200,F,63993,-0.5936
15690,P2,CASC,139.65,135.01,204,F,64047,-0.5473
15700,P2,CASC,139.50,137.46,203,F,64102,-0.5268
15710,P2,CASC,139.35,135.01,204,F,64156,-0.4835
15720,P2,CASC,139.20,137.51,203,F,64211,-0.4666
15730,P2,CASC,139.05,135.01,203,F,64265,-0.4263
15740,P2,CASC,138.90,137.46,203,F,64320,-0.4118
15750,P2,CASC,138.75,135.00,203,F,64374,-0.3743
15760,P2,CASC,138.60,135.01,203,F,64428,-0.3385
15770,P2,CASC,138.45,142.53,199,F,64485,-0.3793
15780,P2,CASC,138.30,134.95,203,F,64539,-0.3457
15790,P2,CASC,138.15,137.56,202,F,64594,-0.3398
15800,P2,CASC,138.00,132.47,204,F,64647,-0.2845
15810,P2,CASC,137.85,132.47,204,F,64700,-0.2307
15820,P2,CASC,137.70,132.53,204,F,64753,-0.1790
15830,P2,CASC,137.55,137.51,202,F,64808,-0.1786
15840,P2,CASC,137.40,135.01,203,F,64862,-0.1548
15850,P2,CASC,137.25,137.49,202,F,64917,-0.1571
15860,P2,CASC,137.10,140.00,200,F,64973,-0.1861
15870,P2,CASC,136.95,139.89,199,F,65029,-0.2155
15880,P2,CASC,136.80,140.11,199,F,65085,-0.2486
15890,P2,CASC,136.65,139.97,199,F,65141,-0.2819
15900,P2,CASC,136.50,137.53,200,F,65196,-0.2921
15910,P2,CASC,136.35,135.01,201,F,65250,-0.2788
15920,P2,CASC,136.20,135.00,201,F,65304,-0.2668
15930,P2,CASC,136.05,137.46,200,F,65359,-0.2809
15940,P2,CASC,135.90,137.50,200,F,65414,-0.2969
15950,P2,CASC,135.75,145.01,193,F,65472,-0.3895
15960,P2,CASC,135.60,139.97,197,F,65528,-0.4332
15970,P2,CASC,135.45,132.53,201,F,65581,-0.4040
15980,P2,CASC,135.30,125.03,203,F,65631,-0.3012
15990,P2,CASC,135.15,132.50,201,F,65684,-0.2747
16000,P2,CASC,135.00,134.95,200,F,65738,-0.2742
16010,P2,CASC,134.85,137.56,198,F,65793,-0.3013
16020,P2,CASC,134.70,137.46,198,F,65848,-0.3288
16030,P2,CASC,134.55,135.00,199,F,65902,-0.3333
16040,P2,CASC,134.40,135.03,199,F,65956,-0.3396
16050,P2,CASC,134.25,135.00,199,F,66010,-0.3471
16060,P2,CASC,134.10,130.01,201,F,66062,-0.3062
16070,P2,CASC,133.95,134.95,199,F,66116,-0.3162
16080,P2,CASC,133.80,132.53,200,F,66169,-0.3035
16090,P2,CASC,133.65,135.00,198,F,66223,-0.3170
16100,P2,CASC,133.50,135.01,198,F,66277,-0.3321
16110,P2,CASC,133.35,135.01,198,F,66331,-0.3487
16120,P2,CASC,133.20,135.00,197,F,66385,-0.3667
16130,P2,CASC,133.05,129.92,200,F,66437,-0.3355
16140,P2,CASC,132.90,127.58,200,F,66488,-0.2822
16150,P2,CASC,132.75,129.97,200,F,66540,-0.2545
16160,P2,CASC,132.60,129.97,199,F,66592,-0.2282
16170,P2,CASC,132.45,127.50,200,F,66643,-0.1787
16180,P2,CASC,132.30,130.04,199,F,66695,-0.1561
16190,P2,CASC,132.15,129.99,199,F,66747,-0.1345
16200,P2,CASC,132.00,127.53,200,F,66798,-0.0897
16210,P2,CASC,131.85,132.46,198,F,66851,-0.0958
16220,P2,CASC,131.70,132.51,198,F,66904,-0.1040
16230,P2,CASC,131.55,127.50,200,F,66955,-0.0635
16240,P2,CASC,131.40,127.50,200,F,67006,-0.0245
16250,P2,CASC,131.25,127.47,200,F,67057,0.0133
16260,P2,CASC,131.10,125.05,200,F,67107,0.0738
16270,P2,CASC,130.95,127.49,200,F,67158,0.1084
16280,P2,CASC,130.80,130.01,199,F,67210,0.1163
16290,P2,CASC,130.65,129.99,199,F,67262,0.1229
16300,P2,CASC,130.50,127.50,199,F,67313,0.1529
16310,P2,CASC,130.35,132.47,197,F,67366,0.1317
16320,P2,CASC,130.20,132.53,196,F,67419,0.1084
16330,P2,CASC,130.05,135.01,194,F,67473,0.0588
16340,P2,CASC,129.90,129.99,198,F,67525,0.0579
16350,P2,CASC,129.75,132.47,196,F,67578,0.0307
16360,P2,CASC,129.60,127.50,198,F,67629,0.0517
16370,P2,CASC,129.45,127.49,198,F,67680,0.0713
16380,P2,CASC,129.30,127.54,198,F,67731,0.0889
16390,P2,CASC,129.15,129.97,197,F,67783,0.0807
16400,P2,CASC,129.00,132.51,194,F,67836,0.0456
16410,P2,CASC,128.85,139.99,188,F,67892,-0.0658
16420,P2,CASC,128.70,130.04,196,F,67944,-0.0792
16430,P2,CASC,128.55,122.50,198,F,67993,-0.0187
16440,P2,CASC,128.40,119.96,199,F,68041,0.0657
16450,P2,CASC,128.25,125.01,198,F,68091,0.0980
16460,P2,CASC,128.10,129.97,195,F,68143,0.0793
16470,P2,CASC,127.95,130.01,195,F,68195,0.0587
16480,P2,CASC,127.80,130.01,195,F,68247,0.0365
16490,P2,CASC,127.65,127.51,196,F,68298,0.0379
16500,P2,CASC,127.50,127.50,196,F,68349,0.0379
16510,P2,CASC,127.35,127.47,196,F,68400,0.0367
16520,P2,CASC,127.20,125.00,197,F,68450,0.0587
16530,P2,CASC,127.05,127.53,196,F,68501,0.0539
16540,P2,CASC,126.90,124.98,196,F,68551,0.0732
16550,P2,CASC,126.75,129.99,193,F,68603,0.0408
16560,P2,CASC,126.60,125.01,196,F,68653,0.0567
16570,P2,CASC,126.45,130.04,193,F,68705,0.0208
16580,P2,CASC,126.30,122.48,197,F,68754,0.0590
16590,P2,CASC,126.15,127.50,194,F,68805,0.0455
16600,P2,CASC,126.00,122.50,196,F,68854,0.0805
16610,P2,CASC,125.85,122.52,196,F,68903,0.1138
16620,P2,CASC,125.70,119.95,197,F,68951,0.1713
16630,P2,CASC,125.55,125.04,195,F,69001,0.1764
16640,P2,CASC,125.40,119.98,197,F,69049,0.2306
16650,P2,CASC,125.25,122.52,196,F,69098,0.2579
16660,P2,CASC,125.10,122.46,196,F,69147,0.2842
16670,P2,CASC,124.95,122.51,196,F,69196,0.3086
16680,P2,CASC,124.80,122.52,196,F,69245,0.3314
16690,P2,CASC,124.65,125.00,195,F,69295,0.3279
16700,P2,CASC,124.50,122.48,196,F,69344,0.3481
16710,P2,CASC,124.35,122.49,196,F,69393,0.3667
16720,P2,CASC,124.20,120.04,196,F,69441,0.4084
16730,P2,CASC,124.05,117.48,197,F,69488,0.4741
16740,P2,CASC,123.90,119.93,196,F,69536,0.5138
16750,P2,CASC,123.75,120.11,196,F,69584,0.5503
16760,P2,CASC,123.60,122.48,196,F,69633,0.5615
16770,P2,CASC,123.45,122.52,195,F,69682,0.5708
16780,P2,CASC,123.30,122.50,195,F,69731,0.5788
16790,P2,CASC,123.15,124.99,193,F,69781,0.5604
16800,P2,CASC,123.00,125.00,193,F,69831,0.5404
16810,P2,CASC,122.85,127.51,191,F,69882,0.4938
16820,P2,CASC,122.70,122.48,194,F,69931,0.4960
16830,P2,CASC,122.55,125.00,192,F,69981,0.4715
16840,P2,CASC,122.40,120.01,195,F,70029,0.4954
16850,P2,CASC,122.25,119.98,195,F,70077,0.5181
16860,P2,CASC,122.10,120.04,195,F,70125,0.5388
16870,P2,CASC,121.95,122.48,193,F,70174,0.5335
16880,P2,CASC,121.80,122.50,193,F,70223,0.5265
16890,P2,CASC,121.65,127.49,189,F,70274,0.4681
16900,P2,CASC,121.50,130.00,187,F,70326,0.3831
16910,P2,CASC,121.35,117.54,194,F,70373,0.4213
16920,P2,CASC,121.20,114.97,195,F,70419,0.4836
16930,P2,CASC,121.05,115.02,195,F,70465,0.5439
16940,P2,CASC,120.90,122.51,192,F,70514,0.5278
16950,P2,CASC,120.75,122.50,192,F,70563,0.5103
16960,P2,CASC,120.60,119.99,193,F,70611,0.5164
16970,P2,CASC,120.45,119.98,193,F,70659,0.5211
16980,P2,CASC,120.30,122.50,191,F,70708,0.4991
16990,P2,CASC,120.15,122.50,191,F,70757,0.4756
17000,P2,CASC,120.00,117.54,193,F,70804,0.5003
17010,P2,CASC,119.85,119.96,192,F,70852,0.4991
17020,P2,CASC,119.70,117.52,193,F,70899,0.5209
17030,P2,CASC,119.55,117.50,193,F,70946,0.5414
17040,P2,CASC,119.40,122.50,190,F,70995,0.5104
17050,P2,CASC,119.25,117.48,193,F,71042,0.5281
17060,P2,CASC,119.10,122.54,189,F,71091,0.4938
17070,P2,CASC,118.95,117.50,192,F,71138,0.5083
17080,P2,CASC,118.80,119.99,191,F,71186,0.4964
17090,P2,CASC,118.65,114.98,193,F,71232,0.5331
17100,P2,CASC,118.50,115.01,193,F,71278,0.5680
17110,P2,CASC,118.35,115.02,193,F,71324,0.6013
17120,P2,CASC,118.20,114.99,193,F,71370,0.6334
17130,P2,CASC,118.05,115.01,193,F,71416,0.6638
17140,P2,CASC,117.90,114.98,193,F,71462,0.6930
17150,P2,CASC,117.75,115.00,193,F,71508,0.7205
17160,P2,CASC,117.60,115.02,193,F,71554,0.7463
17170,P2,CASC,117.45,117.50,191,F,71601,0.7458
17180,P2,CASC,117.30,114.97,192,F,71647,0.7691
17190,P2,CASC,117.15,119.99,189,F,71695,0.7407
17200,P2,CASC,117.00,112.53,193,F,71740,0.7854
17210,P2,CASC,116.85,117.48,191,F,71787,0.7791
17220,P2,CASC,116.70,112.49,193,F,71832,0.8213
17230,P2,CASC,116.55,110.01,193,F,71876,0.8866
17240,P2,CASC,116.40,112.49,193,F,71921,0.9258
17250,P2,CASC,116.25,112.51,193,F,71966,0.9631
17260,P2,CASC,116.10,115.00,192,F,72012,0.9741
17270,P2,CASC,115.95,115.01,192,F,72058,0.9835
17280,P2,CASC,115.80,115.02,192,F,72104,0.9913
17290,P2,CASC,115.65,114.97,192,F,72150,0.9981
17300,P2,CASC,115.50,119.99,187,F,72198,0.9533
17310,P2,CASC,115.35,117.55,189,F,72245,0.9313
17320,P2,CASC,115.20,117.48,189,F,72292,0.9085
17330,P2,CASC,115.05,115.00,191,F,72338,0.9090
17340,P2,CASC,114.90,117.49,188,F,72385,0.8831
17350,P2,CASC,114.75,112.51,191,F,72430,0.9055
17360,P2,CASC,114.60,115.00,190,F,72476,0.9015
17370,P2,CASC,114.45,112.49,191,F,72521,0.9211
17380,P2,CASC,114.30,115.00,189,F,72567,0.9141
17390,P2,CASC,114.15,115.00,189,F,72613,0.9056
17400,P2,CASC,114.00,117.52,187,F,72660,0.8704
17410,P2,CASC,113.85,124.99,181,F,72710,0.7590
17420,P2,CASC,113.70,112.52,190,F,72755,0.7708
17430,P2,CASC,113.55,107.48,191,F,72798,0.8315
17440,P2,CASC,113.40,104.98,192,F,72840,0.9157
17450,P2,CASC,113.25,112.53,190,F,72885,0.9229
17460,P2,CASC,113.10,114.99,188,F,72931,0.9040
17470,P2,CASC,112.95,117.48,185,F,72978,0.8588
17480,P2,CASC,112.80,112.51,189,F,73023,0.8616
17490,P2,CASC,112.65,112.49,189,F,73068,0.8633
17500,P2,CASC,112.50,115.05,187,F,73114,0.8378
17510,P2,CASC,112.35,112.47,188,F,73159,0.8366
17520,P2,CASC,112.20,112.51,188,F,73204,0.8335
17530,P2,CASC,112.05,110.01,189,F,73248,0.8539
17540,P2,CASC,111.90,112.48,188,F,73293,0.8481
17550,P2,CASC,111.75,110.02,189,F,73337,0.8654
17560,P2,CASC,111.60,112.48,187,F,73382,0.8566
17570,P2,CASC,111.45,110.01,189,F,73426,0.8710
17580,P2,CASC,111.30,115.00,185,F,73472,0.8340
17590,P2,CASC,111.15,112.49,187,F,73517,0.8206
17600,P2,CASC,111.00,107.52,189,F,73560,0.8554
17610,P2,CASC,110.85,110.00,188,F,73604,0.8639
17620,P2,CASC,110.70,110.01,188,F,73648,0.8708
17630,P2,CASC,110.55,104.99,189,F,73690,0.9264
17640,P2,CASC,110.40,107.51,189,F,73733,0.9553
17650,P2,CASC,110.25,107.48,189,F,73776,0.9830
17660,P2,CASC,110.10,107.48,189,F,73819,1.0092
17670,P2,CASC,109.95,107.52,188,F,73862,1.0335
17680,P2,CASC,109.80,107.51,188,F,73905,1.0564
17690,P2,CASC,109.65,107.49,188,F,73948,1.0780
17700,P2,CASC,109.50,107.52,188,F,73991,1.0978
17710,P2,CASC,109.35,107.47,188,F,74034,1.1166
17720,P2,CASC,109.20,110.03,186,F,74078,1.1083
17730,P2,CASC,109.05,109.97,186,F,74122,1.0991
17740,P2,CASC,108.90,105.03,189,F,74164,1.1378
17750,P2,CASC,108.75,105.00,189,F,74206,1.1753
17760,P2,CASC,108.60,104.98,188,F,74248,1.2115
17770,P2,CASC,108.45,104.98,188,F,74290,1.2462
17780,P2,CASC,108.30,102.52,189,F,74331,1.3040
17790,P2,CASC,108.15,105.02,188,F,74373,1.3353
17800,P2,CASC,108.00,107.46,188,F,74416,1.3408
17810,P2,CASC,107.85,107.54,187,F,74459,1.3438
17820,P2,CASC,107.70,104.99,188,F,74501,1.3709
17830,P2,CASC,107.55,107.51,187,F,74544,1.3713
17840,P2,CASC,107.40,109.97,185,F,74588,1.3456
17850,P2,CASC,107.25,107.51,186,F,74631,1.3430
17860,P2,CASC,107.10,110.02,184,F,74675,1.3138
17870,P2,CASC,106.95,107.50,186,F,74718,1.3083
17880,P2,CASC,106.80,107.49,186,F,74761,1.3014
17890,P2,CASC,106.65,107.49,185,F,74804,1.2930
17900,P2,CASC,106.50,102.51,188,F,74845,1.3329
17910,P2,CASC,106.35,104.98,187,F,74887,1.3466
17920,P2,CASC,106.20,105.00,187,F,74929,1.3586
17930,P2,CASC,106.05,107.51,185,F,74972,1.3440
17940,P2,CASC,105.90,107.49,184,F,75015,1.3281
17950,P2,CASC,105.75,112.51,180,F,75060,1.2605
17960,P2,CASC,105.60,115.00,178,F,75106,1.1665
17970,P2,CASC,105.45,102.50,186,F,75147,1.1960
17980,P2,CASC,105.30,102.49,186,F,75188,1.2241
17990,P2,CASC,105.15,97.50,188,F,75227,1.3006
18000,P2,CASC,105.00,102.52,186,F,75268,1.3254
18010,P2,CASC,104.85,107.50,183,F,75311,1.2989
18020,P2,CASC,104.70,105.00,184,F,75353,1.2959
18030,P2,CASC,104.55,107.51,182,F,75396,1.2663
18040,P2,CASC,104.40,107.46,182,F,75439,1.2358
18050,P2,CASC,104.25,105.03,184,F,75481,1.2279
18060,P2,CASC,104.10,105.00,183,F,75523,1.2189
18070,P2,CASC,103.95,105.00,183,F,75565,1.2084
18080,P2,CASC,103.80,102.51,185,F,75606,1.2213
18090,P2,CASC,103.65,102.48,185,F,75647,1.2330
18100,P2,CASC,103.50,105.01,183,F,75689,1.2179
18110,P2,CASC,103.35,99.97,185,F,75729,1.2517
18120,P2,CASC,103.20,105.02,182,F,75771,1.2335
18130,P2,CASC,103.05,105.02,182,F,75813,1.2138
18140,P2,CASC,102.90,102.50,184,F,75854,1.2178
18150,P2,CASC,102.75,104.97,181,F,75896,1.1956
18160,P2,CASC,102.60,100.00,184,F,75936,1.2216
18170,P2,CASC,102.45,102.50,183,F,75977,1.2211
18180,P2,CASC,102.30,100.01,184,F,76017,1.2440
18190,P2,CASC,102.15,100.01,184,F,76057,1.2654
18200,P2,CASC,102.00,99.99,184,F,76097,1.2855
18210,P2,CASC,101.85,97.51,185,F,76136,1.3289
18220,P2,CASC,101.70,100.00,184,F,76176,1.3459
18230,P2,CASC,101.55,97.49,185,F,76215,1.3865
18240,P2,CASC,101.40,97.49,185,F,76254,1.4256
18250,P2,CASC,101.25,100.03,184,F,76294,1.4378
18260,P2,CASC,101.10,99.98,184,F,76334,1.4490
18270,P2,CASC,100.95,97.52,184,F,76373,1.4833
18280,P2,CASC,100.80,99.97,183,F,76413,1.4916
18290,P2,CASC,100.65,100.01,183,F,76453,1.4980
18300,P2,CASC,100.50,102.50,181,F,76494,1.4780
18310,P2,CASC,100.35,97.51,184,F,76533,1.5064
18320,P2,CASC,100.20,99.99,183,F,76573,1.5085
18330,P2,CASC,100.05,97.49,184,F,76612,1.5341
18340,P2,CASC,99.90,95.01,184,F,76650,1.5830
18350,P2,CASC,99.75,97.52,183,F,76689,1.6053
18360,P2,CASC,99.60,94.98,184,F,76727,1.6515
18370,P2,CASC,99.45,97.52,183,F,76766,1.6708
18380,P2,CASC,99.30,97.47,183,F,76805,1.6891
18390,P2,CASC,99.15,97.46,183,F,76844,1.7060
18400,P2,CASC,99.00,97.54,183,F,76883,1.7206
18410,P2,CASC,98.85,97.49,183,F,76922,1.7342
18420,P2,CASC,98.70,97.51,183,F,76961,1.7461
18430,P2,CASC,98.55,100.02,180,F,77001,1.7314
18440,P2,CASC,98.40,99.97,180,F,77041,1.7157
18450,P2,CASC,98.25,100.02,180,F,77081,1.6980
18460,P2,CASC,98.10,99.98,180,F,77121,1.6792
18470,P2,CASC,97.95,97.54,182,F,77160,1.6833
18480,P2,CASC,97.80,97.50,182,F,77199,1.6863
18490,P2,CASC,97.65,94.98,182,F,77237,1.7130
18500,P2,CASC,97.50,97.50,181,F,77276,1.7130
18510,P2,CASC,97.35,95.02,182,F,77314,1.7363
18520,P2,CASC,97.20,97.47,180,F,77353,1.7336
18530,P2,CASC,97.05,97.50,180,F,77392,1.7291
18540,P2,CASC,96.90,95.00,182,F,77430,1.7481
18550,P2,CASC,96.75,102.53,176,F,77471,1.6903
18560,P2,CASC,96.60,107.48,171,F,77514,1.5815
18570,P2,CASC,96.45,97.50,179,F,77553,1.5710
18580,P2,CASC,96.30,90.02,182,F,77589,1.6339
18590,P2,CASC,96.15,87.47,183,F,77624,1.7206
18600,P2,CASC,96.00,97.50,178,F,77663,1.7056
18610,P2,CASC,95.85,100.01,176,F,77703,1.6640
18620,P2,CASC,95.70,94.99,180,F,77741,1.6711
18630,P2,CASC,95.55,100.03,175,F,77781,1.6263
18640,P2,CASC,95.40,97.49,177,F,77820,1.6054
18650,P2,CASC,95.25,94.97,179,F,77858,1.6082
18660,P2,CASC,95.10,100.00,175,F,77898,1.5592
18670,P2,CASC,94.95,95.03,178,F,77936,1.5584
18680,P2,CASC,94.80,97.51,176,F,77975,1.5313
18690,P2,CASC,94.65,95.00,178,F,78013,1.5278
18700,P2,CASC,94.50,94.96,177,F,78051,1.5232
18710,P2,CASC,94.35,97.50,175,F,78090,1.4917
18720,P2,CASC,94.20,92.54,179,F,78127,1.5083
18730,P2,CASC,94.05,94.97,177,F,78165,1.4991
18740,P2,CASC,93.90,97.52,174,F,78204,1.4629
18750,P2,CASC,93.75,92.49,178,F,78241,1.4755
18760,P2,CASC,93.60,97.52,174,F,78280,1.4363
18770,P2,CASC,93.45,95.00,176,F,78318,1.4208
18780,P2,CASC,93.30,92.49,177,F,78355,1.4289
18790,P2,CASC,93.15,95.00,175,F,78393,1.4104
18800,P2,CASC,93.00,92.49,177,F,78430,1.4155
18810,P2,CASC,92.85,90.00,178,F,78466,1.4440
18820,P2,CASC,92.70,90.02,178,F,78502,1.4708
18830,P2,CASC,92.55,89.97,178,F,78538,1.4966
18840,P2,CASC,92.40,92.49,176,F,78575,1.4957
18850,P2,CASC,92.25,90.04,177,F,78611,1.5178
18860,P2,CASC,92.10,89.97,177,F,78647,1.5391
18870,P2,CASC,91.95,92.50,175,F,78684,1.5336
18880,P2,CASC,91.80,87.51,178,F,78719,1.5765
18890,P2,CASC,91.65,90.02,177,F,78755,1.5928
18900,P2,CASC,91.50,92.46,175,F,78792,1.5832
18910,P2,CASC,91.35,90.01,176,F,78828,1.5966
18920,P2,CASC,91.20,92.50,174,F,78865,1.5836
18930,P2,CASC,91.05,92.51,174,F,78902,1.5690
18940,P2,CASC,90.90,87.50,177,F,78937,1.6030
18950,P2,CASC,90.75,92.52,174,F,78974,1.5853
18960,P2,CASC,90.60,87.48,176,F,79009,1.6165
18970,P2,CASC,90.45,87.50,176,F,79044,1.6460
18980,P2,CASC,90.30,87.52,176,F,79079,1.6738
18990,P2,CASC,90.15,87.45,176,F,79114,1.7008
19000,P2,CASC,90.00,87.52,176,F,79149,1.7257
19010,P2,CASC,89.85,87.53,176,F,79184,1.7489
19020,P2,CASC,89.70,89.98,174,F,79220,1.7461
19030,P2,CASC,89.55,87.52,176,F,79255,1.7664
19040,P2,CASC,89.40,89.93,174,F,79291,1.7611
19050,P2,CASC,89.25,87.57,175,F,79326,1.7779
19060,P2,CASC,89.10,87.50,175,F,79361,1.7939
19070,P2,CASC,88.95,92.48,171,F,79398,1.7586
19080,P2,CASC,88.80,87.50,175,F,79433,1.7716
19090,P2,CASC,88.65,92.50,171,F,79470,1.7331
19100,P2,CASC,88.50,89.99,172,F,79506,1.7182
19110,P2,CASC,88.35,87.52,174,F,79541,1.7265
19120,P2,CASC,88.20,90.02,172,F,79577,1.7084
19130,P2,CASC,88.05,87.50,174,F,79612,1.7139
19140,P2,CASC,87.90,84.99,175,F,79646,1.7429
19150,P2,CASC,87.75,87.51,174,F,79681,1.7454
19160,P2,CASC,87.60,87.49,174,F,79716,1.7464
19170,P2,CASC,87.45,87.50,173,F,79751,1.7459
19180,P2,CASC,87.30,87.50,172,F,79786,1.7439
19190,P2,CASC,87.15,87.48,172,F,79821,1.7406
19200,P2,CASC,87.00,90.03,170,F,79857,1.7103
19210,P2,CASC,86.85,102.49,160,F,79898,1.5539
19220,P2,CASC,86.70,87.48,171,F,79933,1.5461
19230,P2,CASC,86.55,85.01,173,F,79967,1.5615
19240,P2,CASC,86.40,82.52,173,F,80000,1.6004
19250,P2,CASC,86.25,82.47,173,F,80033,1.6382
19260,P2,CASC,86.10,87.52,170,F,80068,1.6240
19270,P2,CASC,85.95,90.00,168,F,80104,1.5835
19280,P2,CASC,85.80,89.95,168,F,80140,1.5421
19290,P2,CASC,85.65,90.06,167,F,80176,1.4979
19300,P2,CASC,85.50,89.98,167,F,80212,1.4531
19310,P2,CASC,85.35,87.50,169,F,80247,1.4316
19320,P2,CASC,85.20,90.01,166,F,80283,1.3835
19330,P2,CASC,85.05,90.01,166,F,80319,1.3339
19340,P2,CASC,84.90,87.51,168,F,80354,1.3078
19350,P2,CASC,84.75,89.99,165,F,80390,1.2554
19360,P2,CASC,84.60,87.49,167,F,80425,1.2265
19370,P2,CASC,84.45,87.52,167,F,80460,1.1959
19380,P2,CASC,84.30,87.47,166,F,80495,1.1641
19390,P2,CASC,84.15,87.50,166,F,80530,1.1306
19400,P2,CASC,84.00,87.52,166,F,80565,1.0954
19410,P2,CASC,83.85,90.00,163,F,80601,1.0339
19420,P2,CASC,83.70,87.49,165,F,80636,0.9960
19430,P2,CASC,83.55,89.99,163,F,80672,0.9316
19440,P2,CASC,83.40,87.53,164,F,80707,0.8904
19450,P2,CASC,83.25,85.00,166,F,80741,0.8729
19460,P2,CASC,83.10,87.50,164,F,80776,0.8289
19470,P2,CASC,82.95,85.00,165,F,80810,0.8084
19480,P2,CASC,82.80,87.47,163,F,80845,0.7616
19490,P2,CASC,82.65,82.52,167,F,80878,0.7629
19500,P2,CASC,82.50,84.97,164,F,80912,0.7381
19510,P2,CASC,82.35,82.52,166,F,80945,0.7365
19520,P2,CASC,82.20,85.01,164,F,80979,0.7084
19530,P2,CASC,82.05,84.97,164,F,81013,0.6791
19540,P2,CASC,81.90,80.02,167,F,81045,0.6980
19550,P2,CASC,81.75,87.48,161,F,81080,0.6406
19560,P2,CASC,81.60,82.52,165,F,81113,0.6314
19570,P2,CASC,81.45,82.48,164,F,81146,0.6211
19580,P2,CASC,81.30,82.52,164,F,81179,0.6089
19590,P2,CASC,81.15,85.00,162,F,81213,0.5704
19600,P2,CASC,81.00,84.97,162,F,81247,0.5306
19610,P2,CASC,80.85,85.01,161,F,81281,0.4891
19620,P2,CASC,80.70,84.99,161,F,81315,0.4461
19630,P2,CASC,80.55,80.02,164,F,81347,0.4514
19640,P2,CASC,80.40,84.99,160,F,81381,0.4055
19650,P2,CASC,80.25,79.99,164,F,81413,0.4081
19660,P2,CASC,80.10,80.00,164,F,81445,0.4091
19670,P2,CASC,79.95,82.52,161,F,81478,0.3834
19680,P2,CASC,79.80,77.48,164,F,81509,0.4066
19690,P2,CASC,79.65,82.52,161,F,81542,0.3780
19700,P2,CASC,79.50,79.99,163,F,81574,0.3731
19710,P2,CASC,79.35,82.50,161,F,81607,0.3416
19720,P2,CASC,79.20,80.02,162,F,81639,0.3334
19730,P2,CASC,79.05,82.48,160,F,81672,0.2991
19740,P2,CASC,78.90,80.01,162,F,81704,0.2880
19750,P2,CASC,78.75,79.98,162,F,81736,0.2757
19760,P2,CASC,78.60,82.52,160,F,81769,0.2366
19770,P2,CASC,78.45,82.50,159,F,81802,0.1961
19780,P2,CASC,78.30,79.99,161,F,81834,0.1791
19790,P2,CASC,78.15,82.51,159,F,81867,0.1356
19800,P2,CASC,78.00,82.50,159,F,81900,0.0906
19810,P2,CASC,77.85,79.99,160,F,81932,0.0691
19820,P2,CASC,77.70,80.02,160,F,81964,0.0459
19830,P2,CASC,77.55,80.00,160,F,81996,0.0214
19840,P2,CASC,77.40,77.49,162,F,82027,0.0205
19850,P2,CASC,77.25,80.00,160,F,82059,-0.0070
19860,P2,CASC,77.10,77.49,161,F,82090,-0.0110
19870,P2,CASC,76.95,77.50,161,F,82121,-0.0165
19880,P2,CASC,76.80,80.00,159,F,82153,-0.0485
19890,P2,CASC,76.65,80.00,159,F,82185,-0.0820
19900,P2,CASC,76.50,80.01,158,F,82217,-0.1170
19910,P2,CASC,76.35,77.49,160,F,82248,-0.1285
19920,P2,CASC,76.20,97.50,144,F,82287,-0.3415
19930,P2,CASC,76.05,77.49,159,F,82318,-0.3559
19940,P2,CASC,75.90,80.02,157,F,82350,-0.3971
19950,P2,CASC,75.75,74.99,160,F,82380,-0.3895
19960,P2,CASC,75.60,70.01,162,F,82408,-0.3336
19970,P2,CASC,75.45,77.50,159,F,82439,-0.3541
19980,P2,CASC,75.30,79.96,157,F,82471,-0.4007
19990,P2,CASC,75.15,80.02,156,F,82503,-0.4494
20000,P2,CASC,75.00,80.00,156,F,82535,-0.4994
20010,P2,CASC,74.85,82.52,154,F,82568,-0.5761
20020,P2,CASC,74.70,77.47,157,F,82599,-0.6038
20030,P2,CASC,74.55,80.01,155,F,82631,-0.6584
20040,P2,CASC,74.40,77.51,157,F,82662,-0.6895
20050,P2,CASC,74.25,82.50,153,F,82695,-0.7720
20060,P2,CASC,74.10,77.49,156,F,82726,-0.8059
20070,P2,CASC,73.95,80.01,154,F,82758,-0.8665
20080,P2,CASC,73.80,77.50,156,F,82789,-0.9035
20090,P2,CASC,73.65,77.51,155,F,82820,-0.9420
20100,P2,CASC,73.50,77.48,155,F,82851,-0.9819
20110,P2,CASC,73.35,77.50,155,F,82882,-1.0234
20120,P2,CASC,73.20,75.00,157,F,82912,-1.0414
20130,P2,CASC,73.05,77.52,154,F,82943,-1.0861
20140,P2,CASC,72.90,75.00,156,F,82973,-1.1071
20150,P2,CASC,72.75,80.00,152,F,83005,-1.1796
20160,P2,CASC,72.60,74.99,155,F,83035,-1.2035
20170,P2,CASC,72.45,77.49,153,F,83066,-1.2540
20180,P2,CASC,72.30,77.52,153,F,83097,-1.3061
20190,P2,CASC,72.15,74.98,155,F,83127,-1.3344
20200,P2,CASC,72.00,72.50,156,F,83156,-1.3394
20210,P2,CASC,71.85,77.50,152,F,83187,-1.3959
20220,P2,CASC,71.70,72.50,156,F,83216,-1.4039
20230,P2,CASC,71.55,72.51,156,F,83245,-1.4135
20240,P2,CASC,71.40,72.49,156,F,83274,-1.4244
20250,P2,CASC,71.25,72.51,155,F,83303,-1.4370
20260,P2,CASC,71.10,69.99,156,F,83331,-1.4258
20270,P2,CASC,70.95,75.03,153,F,83361,-1.4666
20280,P2,CASC,70.80,72.50,155,F,83390,-1.4836
20290,P2,CASC,70.65,72.49,155,F,83419,-1.5020
20300,P2,CASC,70.50,70.01,156,F,83447,-1.4971
20310,P2,CASC,70.35,72.48,154,F,83476,-1.5184
20320,P2,CASC,70.20,72.49,154,F,83505,-1.5413
20330,P2,CASC,70.05,72.53,154,F,83534,-1.5661
20340,P2,CASC,69.90,69.99,156,F,83562,-1.5671
20350,P2,CASC,69.75,72.48,153,F,83591,-1.5943
20360,P2,CASC,69.60,72.51,153,F,83620,-1.6235
20370,P2,CASC,69.45,72.49,153,F,83649,-1.6539
20380,P2,CASC,69.30,75.01,151,F,83679,-1.7110
20390,P2,CASC,69.15,72.51,152,F,83708,-1.7446
20400,P2,CASC,69.00,69.98,154,F,83736,-1.7544
20410,P2,CASC,68.85,72.52,152,F,83765,-1.7911
20420,P2,CASC,68.70,72.50,152,F,83794,-1.8291
20430,P2,CASC,68.55,67.50,154,F,83821,-1.8186
20440,P2,CASC,68.40,69.99,153,F,83849,-1.8345
20450,P2,CASC,68.25,70.00,153,F,83877,-1.8520
20460,P2,CASC,68.10,67.51,154,F,83904,-1.8461
20470,P2,CASC,67.95,69.99,153,F,83932,-1.8666
20480,P2,CASC,67.80,70.01,152,F,83960,-1.8886
20490,P2,CASC,67.65,70.00,152,F,83988,-1.9121
20500,P2,CASC,67.50,69.99,152,F,84016,-1.9371
20510,P2,CASC,67.35,67.49,154,F,84043,-1.9385
20520,P2,CASC,67.20,69.99,152,F,84071,-1.9664
20530,P2,CASC,67.05,70.00,151,F,84099,-1.9959
20540,P2,CASC,66.90,67.50,153,F,84126,-2.0019
20550,P2,CASC,66.75,70.00,151,F,84154,-2.0344
20560,P2,CASC,66.60,70.01,151,F,84182,-2.0685
20570,P2,CASC,66.45,67.49,153,F,84209,-2.0789
20580,P2,CASC,66.30,70.02,150,F,84237,-2.1161
20590,P2,CASC,66.15,72.48,148,F,84266,-2.1794
20600,P2,CASC,66.00,67.50,152,F,84293,-2.1944
20610,P2,CASC,65.85,70.01,150,F,84321,-2.2360
20620,P2,CASC,65.70,67.51,151,F,84348,-2.2541
20630,P2,CASC,65.55,67.49,151,F,84375,-2.2734
20640,P2,CASC,65.40,67.51,151,F,84402,-2.2946
20650,P2,CASC,65.25,64.99,152,F,84428,-2.2919
20660,P2,CASC,65.10,67.52,150,F,84455,-2.3161
20670,P2,CASC,64.95,67.48,150,F,84482,-2.3414
20680,P2,CASC,64.80,67.50,150,F,84509,-2.3684
20690,P2,CASC,64.65,65.01,152,F,84535,-2.3721
20700,P2,CASC,64.50,67.51,150,F,84562,-2.4021
20710,P2,CASC,64.35,67.47,149,F,84589,-2.4334
20720,P2,CASC,64.20,67.52,149,F,84616,-2.4666
20730,P2,CASC,64.05,67.51,149,F,84643,-2.5011
20740,P2,CASC,63.90,79.99,139,F,84675,-2.6621
20750,P2,CASC,63.75,74.99,142,F,84705,-2.7744
20760,P2,CASC,63.60,65.01,150,F,84731,-2.7885
20770,P2,CASC,63.45,64.99,149,F,84757,-2.8040
20780,P2,CASC,63.30,65.01,149,F,84783,-2.8211
20790,P2,CASC,63.15,57.49,151,F,84806,-2.7645
20800,P2,CASC,63.00,67.51,147,F,84833,-2.8096
20810,P2,CASC,62.85,70.00,145,F,84861,-2.8811
20820,P2,CASC,62.70,67.48,146,F,84888,-2.9289
20830,P2,CASC,62.55,67.51,146,F,84915,-2.9785
20840,P2,CASC,62.40,67.50,146,F,84942,-3.0295
20850,P2,CASC,62.25,69.99,144,F,84970,-3.1070
20860,P2,CASC,62.10,67.49,145,F,84997,-3.1608
20870,P2,CASC,61.95,67.51,145,F,85024,-3.2165
20880,P2,CASC,61.80,67.49,145,F,85051,-3.2734
20890,P2,CASC,61.65,67.50,144,F,85078,-3.3319
20900,P2,CASC,61.50,67.50,144,F,85105,-3.3919
20910,P2,CASC,61.35,65.02,146,F,85131,-3.4286
20920,P2,CASC,61.20,67.49,143,F,85158,-3.4915
20930,P2,CASC,61.05,67.47,143,F,85185,-3.5557
20940,P2,CASC,60.90,65.02,145,F,85211,-3.5969
20950,P2,CASC,60.75,62.49,146,F,85236,-3.6143
20960,P2,CASC,60.60,65.01,144,F,85262,-3.6585
20970,P2,CASC,60.45,64.99,144,F,85288,-3.7039
20980,P2,CASC,60.30,65.00,144,F,85314,-3.7509
20990,P2,CASC,60.15,62.51,145,F,85339,-3.7745
21000,P2,CASC,60.00,65.00,143,F,85365,-3.8245
21010,P2,CASC,59.85,62.50,145,F,85390,-3.8510
21020,P2,CASC,59.70,65.00,143,F,85416,-3.9040
21030,P2,CASC,59.55,62.51,144,F,85441,-3.9335
21040,P2,CASC,59.40,64.99,142,F,85467,-3.9895
21050,P2,CASC,59.25,62.51,144,F,85492,-4.0220
21060,P2,CASC,59.10,62.49,144,F,85517,-4.0560
21070,P2,CASC,58.95,60.00,145,F,85541,-4.0665
21080,P2,CASC,58.80,62.49,143,F,85566,-4.1034
21090,P2,CASC,58.65,62.48,143,F,85591,-4.1417
21100,P2,CASC,58.50,57.53,145,F,85614,-4.1321
21110,P2,CASC,58.35,59.99,145,F,85638,-4.1484
21120,P2,CASC,58.20,57.49,144,F,85661,-4.1413
21130,P2,CASC,58.05,60.02,144,F,85685,-4.1611
21140,P2,CASC,57.90,60.00,144,F,85709,-4.1821
21150,P2,CASC,57.75,57.49,144,F,85732,-4.1795
21160,P2,CASC,57.60,60.01,144,F,85756,-4.2036
21170,P2,CASC,57.45,59.99,143,F,85780,-4.2289
21180,P2,CASC,57.30,59.99,143,F,85804,-4.2558
21190,P2,CASC,57.15,60.00,143,F,85828,-4.2843
21200,P2,CASC,57.00,57.52,145,F,85851,-4.2896
21210,P2,CASC,56.85,59.99,143,F,85875,-4.3210
21220,P2,CASC,56.70,57.49,144,F,85898,-4.3289
21230,P2,CASC,56.55,57.51,144,F,85921,-4.3385
21240,P2,CASC,56.40,59.99,142,F,85945,-4.3744
21250,P2,CASC,56.25,57.52,144,F,85968,-4.3870
21260,P2,CASC,56.10,59.99,141,F,85992,-4.4260
21270,P2,CASC,55.95,57.51,143,F,86015,-4.4415
21280,P2,CASC,55.80,59.99,141,F,86039,-4.4835
21290,P2,CASC,55.65,60.00,141,F,86063,-4.5270
21300,P2,CASC,55.50,60.01,140,F,86087,-4.5720
21310,P2,CASC,55.35,57.48,142,F,86110,-4.5934
21320,P2,CASC,55.20,57.51,142,F,86133,-4.6164
21330,P2,CASC,55.05,60.00,140,F,86157,-4.6659
21340,P2,CASC,54.90,57.49,141,F,86180,-4.6919
21350,P2,CASC,54.75,55.02,143,F,86202,-4.6945
21360,P2,CASC,54.60,57.50,141,F,86225,-4.7235
21370,P2,CASC,54.45,54.98,143,F,86247,-4.7289
21380,P2,CASC,54.30,57.52,141,F,86270,-4.7610
21390,P2,CASC,54.15,54.98,142,F,86292,-4.7694
21400,P2,CASC,54.00,55.00,142,F,86314,-4.7794
21410,P2,CASC,53.85,54.99,142,F,86336,-4.7908
21420,P2,CASC,53.70,55.02,142,F,86358,-4.8040
21430,P2,CASC,53.55,57.49,140,F,86381,-4.8434
21440,P2,CASC,53.40,54.99,141,F,86403,-4.8594
21450,P2,CASC,53.25,55.02,141,F,86425,-4.8770
21460,P2,CASC,53.10,54.98,141,F,86447,-4.8959
21470,P2,CASC,52.95,55.00,141,F,86469,-4.9164
21480,P2,CASC,52.80,52.51,141,F,86490,-4.9134
21490,P2,CASC,52.65,54.99,140,F,86512,-4.9369
21500,P2,CASC,52.50,55.00,140,F,86534,-4.9619
21510,P2,CASC,52.35,52.52,142,F,86555,-4.9635
21520,P2,CASC,52.20,54.99,140,F,86577,-4.9915
21530,P2,CASC,52.05,54.99,140,F,86599,-5.0209
21540,P2,CASC,51.90,52.49,141,F,86620,-5.0269
21550,P2,CASC,51.75,52.51,141,F,86641,-5.0345
21560,P2,CASC,51.60,55.01,139,F,86663,-5.0685
21570,P2,CASC,51.45,54.98,139,F,86685,-5.1039
21580,P2,CASC,51.30,52.51,140,F,86706,-5.1160
21590,P2,CASC,51.15,49.99,140,F,86726,-5.1044
21600,P2,CASC,51.00,52.49,140,F,86747,-5.1194
21610,P2,CASC,50.85,52.50,140,F,86768,-5.1359
21620,P2,CASC,50.70,52.52,140,F,86789,-5.1540
21630,P2,CASC,50.55,49.99,139,F,86809,-5.1485
21640,P2,CASC,50.40,52.50,139,F,86830,-5.1695
21650,P2,CASC,50.25,49.99,139,F,86850,-5.1669
21660,P2,CASC,50.10,50.01,139,F,86870,-5.1660
21670,P2,CASC,49.95,52.49,139,F,86891,-5.1914
21680,P2,CASC,49.80,50.01,141,F,86911,-5.1935
21690,P2,CASC,49.65,52.50,138,F,86932,-5.2220
21700,P2,CASC,49.50,52.49,138,F,86953,-5.2519
21710,P2,CASC,49.35,50.00,140,F,86973,-5.2584
21720,P2,CASC,49.20,52.50,138,F,86994,-5.2914
21730,P2,CASC,49.05,52.49,138,F,87015,-5.3259
21740,P2,CASC,48.90,50.01,140,F,87035,-5.3369
21750,P2,CASC,48.75,57.49,133,F,87058,-5.4244
21760,P2,CASC,48.60,67.52,125,F,87085,-5.6136
21770,P2,CASC,48.45,52.49,136,F,87106,-5.6540
21780,P2,CASC,48.30,50.01,138,F,87126,-5.6711
21790,P2,CASC,48.15,49.99,138,F,87146,-5.6895
21800,P2,CASC,48.00,52.48,136,F,87167,-5.7344
21810,P2,CASC,47.85,47.51,137,F,87186,-5.7309
21820,P2,CASC,47.70,45.00,138,F,87204,-5.7040
21830,P2,CASC,47.55,52.49,136,F,87225,-5.7534
21840,P2,CASC,47.40,54.99,133,F,87247,-5.8294
21850,P2,CASC,47.25,55.00,133,F,87269,-5.9069
21860,P2,CASC,47.10,50.01,137,F,87289,-5.9359
21870,P2,CASC,46.95,54.99,133,F,87311,-6.0164
21880,P2,CASC,46.80,50.01,136,F,87331,-6.0485
21890,P2,CASC,46.65,52.50,134,F,87352,-6.1070
21900,P2,CASC,46.50,55.00,132,F,87374,-6.1920
21910,P2,CASC,46.35,52.49,133,F,87395,-6.2534
21920,P2,CASC,46.20,52.51,133,F,87416,-6.3165
21930,P2,CASC,46.05,52.49,133,F,87437,-6.3810
21940,P2,CASC,45.90,49.99,135,F,87457,-6.4219
21950,P2,CASC,45.75,54.99,130,F,87479,-6.5144
21960,P2,CASC,45.60,52.51,132,F,87500,-6.5834
21970,P2,CASC,45.45,50.00,134,F,87520,-6.6289
21980,P2,CASC,45.30,49.99,133,F,87540,-6.6759
21990,P2,CASC,45.15,52.49,131,F,87561,-6.7493
22000,P2,CASC,45.00,50.00,133,F,87581,-6.7993
22010,P2,CASC,44.85,50.02,133,F,87601,-6.8510
22020,P2,CASC,44.70,49.99,132,F,87621,-6.9039
22030,P2,CASC,44.55,47.50,134,F,87640,-6.9334
22040,P2,CASC,44.40,50.02,132,F,87660,-6.9895
22050,P2,CASC,44.25,49.99,132,F,87680,-7.0469
22060,P2,CASC,44.10,47.50,133,F,87699,-7.0809
22070,P2,CASC,43.95,47.50,133,F,87718,-7.1164
22080,P2,CASC,43.80,47.51,133,F,87737,-7.1535
22090,P2,CASC,43.65,47.49,133,F,87756,-7.1918
22100,P2,CASC,43.50,47.52,133,F,87775,-7.2320
22110,P2,CASC,43.35,47.49,132,F,87794,-7.2734
22120,P2,CASC,43.20,47.50,132,F,87813,-7.3164
22130,P2,CASC,43.05,45.00,134,F,87831,-7.3359
22140,P2,CASC,42.90,47.50,132,F,87850,-7.3819
22150,P2,CASC,42.75,47.50,132,F,87869,-7.4294
22160,P2,CASC,42.60,47.50,131,F,87888,-7.4784
22170,P2,CASC,42.45,44.99,133,F,87906,-7.5038
22180,P2,CASC,42.30,45.01,133,F,87924,-7.5310
22190,P2,CASC,42.15,44.99,133,F,87942,-7.5594
22200,P2,CASC,42.00,45.01,133,F,87960,-7.5895
22210,P2,CASC,41.85,45.00,132,F,87978,-7.6209
22220,P2,CASC,41.70,45.01,132,F,87996,-7.6540
22230,P2,CASC,41.55,42.50,134,F,88013,-7.6635
22240,P2,CASC,41.40,44.99,132,F,88031,-7.6994
22250,P2,CASC,41.25,42.50,134,F,88048,-7.7119
22260,P2,CASC,41.10,42.51,133,F,88065,-7.7260
22270,P2,CASC,40.95,45.00,131,F,88083,-7.7665
22280,P2,CASC,40.80,42.49,133,F,88100,-7.7834
22290,P2,CASC,40.65,42.50,133,F,88117,-7.8019
22300,P2,CASC,40.50,45.00,131,F,88135,-7.8469
22310,P2,CASC,40.35,42.50,133,F,88152,-7.8684
22320,P2,CASC,40.20,45.00,130,F,88170,-7.9165
22330,P2,CASC,40.05,42.50,132,F,88187,-7.9409
22340,P2,CASC,39.90,45.00,130,F,88205,-7.9919
22350,P2,CASC,39.75,42.50,132,F,88222,-8.0194
22360,P2,CASC,39.60,42.50,131,F,88239,-8.0484
22370,P2,CASC,39.45,42.49,131,F,88256,-8.0788
22380,P2,CASC,39.30,45.00,129,F,88274,-8.1359
22390,P2,CASC,39.15,42.50,131,F,88291,-8.1694
22400,P2,CASC,39.00,42.51,131,F,88308,-8.2045
22410,P2,CASC,38.85,42.49,130,F,88325,-8.2409
22420,P2,CASC,38.70,45.00,128,F,88343,-8.3038
22430,P2,CASC,38.55,40.01,132,F,88359,-8.3185
22440,P2,CASC,38.40,44.99,128,F,88377,-8.3844
22450,P2,CASC,38.25,42.51,130,F,88394,-8.4270
22460,P2,CASC,38.10,42.50,129,F,88411,-8.4710
22470,P2,CASC,37.95,42.49,129,F,88428,-8.5164
22480,P2,CASC,37.80,42.50,129,F,88445,-8.5633
22490,P2,CASC,37.65,45.02,127,F,88463,-8.6370
22500,P2,CASC,37.50,44.99,126,F,88481,-8.7119
22510,P2,CASC,37.35,42.50,128,F,88498,-8.7635
22520,P2,CASC,37.20,42.50,128,F,88515,-8.8165
22530,P2,CASC,37.05,40.00,129,F,88531,-8.8460
22540,P2,CASC,36.90,42.50,127,F,88548,-8.9020
22550,P2,CASC,36.75,42.50,127,F,88565,-8.9595
22560,P2,CASC,36.60,42.49,127,F,88582,-9.0184
22570,P2,CASC,36.45,40.00,129,F,88598,-9.0539
22580,P2,CASC,36.30,40.00,128,F,88614,-9.0909
22590,P2,CASC,36.15,40.01,128,F,88630,-9.1295
22600,P2,CASC,36.00,40.00,128,F,88646,-9.1695
22610,P2,CASC,35.85,40.00,128,F,88662,-9.2110
22620,P2,CASC,35.70,40.00,127,F,88678,-9.2540
22630,P2,CASC,35.55,39.99,127,F,88694,-9.2984
22640,P2,CASC,35.40,37.50,129,F,88709,-9.3194
22650,P2,CASC,35.25,37.51,129,F,88724,-9.3420
22660,P2,CASC,35.10,39.99,127,F,88740,-9.3909
22670,P2,CASC,34.95,40.00,126,F,88756,-9.4414
22680,P2,CASC,34.80,37.50,128,F,88771,-9.4684
22690,P2,CASC,34.65,37.50,128,F,88786,-9.4970
22700,P2,CASC,34.50,37.49,128,F,88801,-9.5269
22710,P2,CASC,34.35,37.51,128,F,88816,-9.5584
22720,P2,CASC,34.20,37.50,127,F,88831,-9.5914
22730,P2,CASC,34.05,37.50,127,F,88846,-9.6259
22740,P2,CASC,33.90,37.50,127,F,88861,-9.6620
22750,P2,CASC,33.75,34.99,129,F,88875,-9.6744
22760,P2,CASC,33.60,35.00,129,F,88889,-9.6884
22770,P2,CASC,33.45,35.01,128,F,88903,-9.7040
22780,P2,CASC,33.30,35.00,128,F,88917,-9.7210
22790,P2,CASC,33.15,37.49,126,F,88932,-9.7644
22800,P2,CASC,33.00,32.50,126,F,88945,-9.7594
22810,P2,CASC,32.85,35.00,128,F,88959,-9.7809
22820,P2,CASC,32.70,35.01,128,F,88973,-9.8039
22830,P2,CASC,32.55,35.00,127,F,88987,-9.8285
22840,P2,CASC,32.40,34.99,127,F,89001,-9.8544
22850,P2,CASC,32.25,32.50,129,F,89014,-9.8569
22860,P2,CASC,32.10,35.01,127,F,89028,-9.8859
22870,P2,CASC,31.95,32.50,129,F,89041,-9.8915
22880,P2,CASC,31.80,34.99,127,F,89055,-9.9233
22890,P2,CASC,31.65,32.51,128,F,89068,-9.9319
22900,P2,CASC,31.50,34.99,126,F,89082,-9.9668
22910,P2,CASC,31.35,32.50,128,F,89095,-9.9784
22920,P2,CASC,31.20,32.51,128,F,89108,-9.9914
22930,P2,CASC,31.05,32.49,128,F,89121,-10.0059
22940,P2,CASC,30.90,32.50,128,F,89134,-10.0219
22950,P2,CASC,30.75,32.50,127,F,89147,-10.0393
22960,P2,CASC,30.60,32.51,127,F,89160,-10.0584
22970,P2,CASC,30.45,32.50,127,F,89173,-10.0789
22980,P2,CASC,30.30,32.50,127,F,89186,-10.1009
22990,P2,CASC,30.15,32.49,127,F,89199,-10.1244
23000,P2,CASC,30.00,32.48,127,F,89212,-10.1492
23010,P2,CASC,29.85,30.03,128,F,89224,-10.1509
23020,P2,CASC,29.70,32.50,126,F,89237,-10.1789
23030,P2,CASC,29.55,32.50,126,F,89250,-10.2084
23040,P2,CASC,29.40,32.49,126,F,89263,-10.2393
23050,P2,CASC,29.25,32.50,126,F,89276,-10.2718
23060,P2,CASC,29.10,32.50,126,F,89289,-10.3058
23070,P2,CASC,28.95,32.50,125,F,89302,-10.3413
23080,P2,CASC,28.80,32.51,125,F,89315,-10.3784
23090,P2,CASC,28.65,34.99,123,F,89329,-10.4419
23100,P2,CASC,28.50,32.50,125,F,89342,-10.4818
23110,P2,CASC,28.35,35.01,122,F,89356,-10.5484
23120,P2,CASC,28.20,32.49,124,F,89369,-10.5914
23130,P2,CASC,28.05,32.50,124,F,89382,-10.6358
23140,P2,CASC,27.90,35.01,122,F,89396,-10.7070
23150,P2,CASC,27.75,32.49,123,F,89409,-10.7544
23160,P2,CASC,27.60,35.00,121,F,89423,-10.8284
23170,P2,CASC,27.45,32.50,123,F,89436,-10.8789
23180,P2,CASC,27.30,34.99,121,F,89450,-10.9559
23190,P2,CASC,27.15,47.51,110,F,89469,-11.1595
23200,P2,CASC,27.00,39.98,116,F,89485,-11.2893
23210,P2,CASC,26.85,32.51,121,F,89498,-11.3459
23220,P2,CASC,26.70,32.51,121,F,89511,-11.4040
23230,P2,CASC,26.55,32.49,121,F,89524,-11.4634
23240,P2,CASC,26.40,32.50,120,F,89537,-11.5244
23250,P2,CASC,26.25,32.50,120,F,89550,-11.5869
23260,P2,CASC,26.10,32.51,120,F,89563,-11.6510
23270,P2,CASC,25.95,30.00,122,F,89575,-11.6914
23280,P2,CASC,25.80,22.50,121,F,89584,-11.6584
23290,P2,CASC,25.65,34.99,117,F,89598,-11.7519
23300,P2,CASC,25.50,32.51,119,F,89611,-11.8220
23310,P2,CASC,25.35,34.99,117,F,89625,-11.9184
23320,P2,CASC,25.20,32.50,118,F,89638,-11.9914
23330,P2,CASC,25.05,34.99,116,F,89652,-12.0908
23340,P2,CASC,24.90,32.50,118,F,89665,-12.1668
23350,P2,CASC,24.75,32.51,117,F,89678,-12.2444
23360,P2,CASC,24.60,32.49,117,F,89691,-12.3234
23370,P2,CASC,24.45,32.51,117,F,89704,-12.4039
23380,P2,CASC,24.30,32.49,116,F,89717,-12.4858
23390,P2,CASC,24.15,32.51,116,F,89730,-12.5694
23400,P2,CASC,24.00,30.00,118,F,89742,-12.6294
23410,P2,CASC,23.85,32.49,116,F,89755,-12.7159
23420,P2,CASC,23.70,32.50,115,F,89768,-12.8039
23430,P2,CASC,23.55,32.50,115,F,89781,-12.8933
23440,P2,CASC,23.40,30.00,117,F,89793,-12.9593
23450,P2,CASC,23.25,30.00,116,F,89805,-13.0268
23460,P2,CASC,23.10,32.50,114,F,89818,-13.1209
23470,P2,CASC,22.95,30.00,116,F,89830,-13.1914
23480,P2,CASC,22.80,30.00,115,F,89842,-13.2634
23490,P2,CASC,22.65,30.01,115,F,89854,-13.3369
23500,P2,CASC,22.50,29.99,115,F,89866,-13.4119
23510,P2,CASC,22.35,27.51,116,F,89877,-13.4634
23520,P2,CASC,22.20,29.99,114,F,89889,-13.5413
23530,P2,CASC,22.05,30.00,114,F,89901,-13.6208
23540,P2,CASC,21.90,27.50,116,F,89912,-13.6769
23550,P2,CASC,21.75,27.50,115,F,89923,-13.7344
23560,P2,CASC,21.60,30.00,113,F,89935,-13.8184
23570,P2,CASC,21.45,25.00,117,F,89945,-13.8539
23580,P2,CASC,21.30,30.00,113,F,89957,-13.9409
23590,P2,CASC,21.15,25.00,116,F,89967,-13.9794
23600,P2,CASC,21.00,27.49,114,F,89978,-14.0443
23610,P2,CASC,20.85,27.50,114,F,89989,-14.1109
23620,P2,CASC,20.70,25.00,115,F,89999,-14.1539
23630,P2,CASC,20.55,25.01,115,F,90009,-14.1984
23640,P2,CASC,20.40,24.99,115,F,90019,-14.2444
23650,P2,CASC,20.25,25.00,115,F,90029,-14.2919
23660,P2,CASC,20.10,25.00,114,F,90039,-14.3409
23670,P2,CASC,19.95,22.50,116,F,90048,-14.3664
23680,P2,CASC,19.80,25.00,114,F,90058,-14.4184
23690,P2,CASC,19.65,25.00,114,F,90068,-14.4719
23700,P2,CASC,19.50,22.51,116,F,90077,-14.5019
23710,P2,CASC,19.35,24.99,113,F,90087,-14.5583
23720,P2,CASC,19.20,22.51,115,F,90096,-14.5914
23730,P2,CASC,19.05,20.00,117,F,90104,-14.6009
23740,P2,CASC,18.90,22.50,115,F,90113,-14.6368
23750,P2,CASC,18.75,22.50,115,F,90122,-14.6743
23760,P2,CASC,18.60,20.00,116,F,90130,-14.6883
23770,P2,CASC,18.45,22.50,114,F,90139,-14.7288
23780,P2,CASC,18.30,22.50,114,F,90148,-14.7708
23790,P2,CASC,18.15,20.00,116,F,90156,-14.7894
23800,P2,CASC,18.00,20.00,116,F,90164,-14.8094
23810,P2,CASC,17.85,22.50,113,F,90173,-14.8559
23820,P2,CASC,17.70,20.00,115,F,90181,-14.8789
23830,P2,CASC,17.55,20.00,115,F,90189,-14.9034
23840,P2,CASC,17.40,20.00,115,F,90197,-14.9294
23850,P2,CASC,17.25,20.00,115,F,90205,-14.9569
23860,P2,CASC,17.10,20.00,114,F,90213,-14.9859
23870,P2,CASC,16.95,17.50,116,F,90220,-14.9914
23880,P2,CASC,16.80,19.99,114,F,90228,-15.0233
23890,P2,CASC,16.65,17.50,116,F,90235,-15.0319
23900,P2,CASC,16.50,20.00,114,F,90243,-15.0669
23910,P2,CASC,16.35,17.50,116,F,90250,-15.0784
23920,P2,CASC,16.20,19.99,113,F,90258,-15.1163
23930,P2,CASC,16.05,17.50,115,F,90265,-15.1308
23940,P2,CASC,15.90,17.50,115,F,90272,-15.1469
23950,P2,CASC,15.75,20.00,113,F,90280,-15.1893
23960,P2,CASC,15.60,17.50,115,F,90287,-15.2084
23970,P2,CASC,15.45,17.49,115,F,90294,-15.2288
23980,P2,CASC,15.30,17.51,114,F,90301,-15.2509
23990,P2,CASC,15.15,17.50,114,F,90308,-15.2744
24000,P2,CASC,15.00,17.50,114,F,90315,-15.2994
24010,P2,CASC,14.85,17.49,114,F,90322,-15.3258
24020,P2,CASC,14.70,15.00,116,F,90328,-15.3289
24030,P2,CASC,14.55,17.50,113,F,90335,-15.3583
24040,P2,CASC,14.40,15.00,115,F,90341,-15.3643
24050,P2,CASC,14.25,17.51,113,F,90348,-15.3969
24060,P2,CASC,14.10,17.50,113,F,90355,-15.4309
24070,P2,CASC,13.95,17.50,113,F,90362,-15.4664
24080,P2,CASC,13.80,17.50,113,F,90369,-15.5034
24090,P2,CASC,13.65,17.50,112,F,90376,-15.5419
24100,P2,CASC,13.50,17.50,112,F,90383,-15.5819
24110,P2,CASC,13.35,15.00,114,F,90389,-15.5984
24120,P2,CASC,13.20,17.50,112,F,90396,-15.6414
24130,P2,CASC,13.05,15.00,114,F,90402,-15.6609
24140,P2,CASC,12.90,17.50,111,F,90409,-15.7069
24150,P2,CASC,12.75,15.00,113,F,90415,-15.7294
24160,P2,CASC,12.60,17.49,111,F,90422,-15.7783
24170,P2,CASC,12.45,17.50,111,F,90429,-15.8288
24180,P2,CASC,12.30,15.00,112,F,90435,-15.8558
24190,P2,CASC,12.15,17.51,110,F,90442,-15.9094
24200,P2,CASC,12.00,15.00,112,F,90448,-15.9394
24210,P2,CASC,11.85,15.00,112,F,90454,-15.9709
24220,P2,CASC,11.70,17.50,110,F,90461,-16.0289
24230,P2,CASC,11.55,15.00,111,F,90467,-16.0633
24240,P2,CASC,11.40,17.50,109,F,90474,-16.1243
24250,P2,CASC,11.25,15.00,111,F,90480,-16.1619
24260,P2,CASC,11.10,17.50,109,F,90487,-16.2259
24270,P2,CASC,10.95,15.00,110,F,90493,-16.2663
24280,P2,CASC,10.80,17.50,108,F,90500,-16.3333
24290,P2,CASC,10.65,15.00,110,F,90506,-16.3768
24300,P2,CASC,10.50,15.01,110,F,90512,-16.4219
24310,P2,CASC,10.35,15.00,109,F,90518,-16.4684
24320,P2,CASC,10.20,17.50,107,F,90525,-16.5414
24330,P2,CASC,10.05,15.00,109,F,90531,-16.5909
24340,P2,CASC,9.90,15.00,109,F,90537,-16.6419
24350,P2,CASC,9.75,17.50,106,F,90544,-16.7193
24360,P2,CASC,9.60,15.00,108,F,90550,-16.7734
24370,P2,CASC,9.45,15.00,108,F,90556,-16.8288
24380,P2,CASC,9.30,15.00,108,F,90562,-16.8858
24390,P2,CASC,9.15,15.00,107,F,90568,-16.9443
24400,P2,CASC,9.00,15.00,107,F,90574,-17.0044
24410,P2,CASC,8.85,15.00,107,F,90580,-17.0659
24420,P2,CASC,8.70,15.00,107,F,90586,-17.1289
24430,P2,CASC,8.55,15.00,106,F,90592,-17.1934
24440,P2,CASC,8.40,15.00,106,F,90598,-17.2594
24450,P2,CASC,8.25,15.00,106,F,90604,-17.3269
24460,P2,CASC,8.10,12.50,107,F,90609,-17.3709
24470,P2,CASC,7.95,12.50,107,F,90614,-17.4164
24480,P2,CASC,7.80,15.00,105,F,90620,-17.4883
24490,P2,CASC,7.65,15.00,105,F,90626,-17.5619
24500,P2,CASC,7.50,12.50,106,F,90631,-17.6119
24510,P2,CASC,7.35,12.50,106,F,90636,-17.6634
24520,P2,CASC,7.20,15.00,104,F,90642,-17.7413
24530,P2,CASC,7.05,12.50,106,F,90647,-17.7959
24540,P2,CASC,6.90,12.50,105,F,90652,-17.8518
24550,P2,CASC,6.75,12.50,105,F,90657,-17.9093
24560,P2,CASC,6.60,15.00,103,F,90663,-17.9934
24570,P2,CASC,6.45,12.50,104,F,90668,-18.0538
24580,P2,CASC,6.30,12.50,104,F,90673,-18.1159
24590,P2,CASC,6.15,12.50,104,F,90678,-18.1794
24600,P2,CASC,6.00,12.50,104,F,90683,-18.2444
24610,P2,CASC,5.85,12.50,103,F,90688,-18.3109
24620,P2,CASC,5.70,10.00,105,F,90692,-18.3539
24630,P2,CASC,5.55,12.50,103,F,90697,-18.4234
24640,P2,CASC,5.40,12.50,103,F,90702,-18.4944
24650,P2,CASC,5.25,10.00,104,F,90706,-18.5419
24660,P2,CASC,5.10,12.50,102,F,90711,-18.6158
24670,P2,CASC,4.95,10.00,104,F,90715,-18.6664
24680,P2,CASC,4.80,12.50,102,F,90720,-18.7434
24690,P2,CASC,4.65,10.00,103,F,90724,-18.7969
24700,P2,CASC,4.50,10.00,103,F,90728,-18.8519
24710,P2,CASC,4.35,10.00,103,F,90732,-18.9084
24720,P2,CASC,4.20,12.50,100,F,90737,-18.9914
24730,P2,CASC,4.05,10.00,102,F,90741,-19.0509
24740,P2,CASC,3.90,10.00,102,F,90745,-19.1119
24750,P2,CASC,3.75,10.00,102,F,90749,-19.1744
24760,P2,CASC,3.60,7.50,103,F,90752,-19.2134
24770,P2,CASC,3.45,12.50,99,F,90757,-19.3039
24780,P2,CASC,3.30,7.50,103,F,90760,-19.3459
24790,P2,CASC,3.15,10.00,101,F,90764,-19.4144
24800,P2,CASC,3.00,7.50,102,F,90767,-19.4594
24810,P2,CASC,2.85,10.00,100,F,90771,-19.5309
24820,P2,CASC,2.70,10.00,100,F,90775,-19.6039
24830,P2,CASC,2.55,10.00,99,F,90779,-19.6784
24840,P2,CASC,2.40,7.50,101,F,90782,-19.7294
24850,P2,CASC,2.25,7.50,101,F,90785,-19.7819
24860,P2,CASC,2.10,7.50,101,F,90788,-19.8359
24870,P2,CASC,1.95,10.00,98,F,90792,-19.9164
24880,P2,CASC,1.80,10.00,98,F,90796,-19.9983
24890,P2,CASC,1.65,7.50,100,F,90799,-20.0569
24900,P2,CASC,1.50,5.00,101,F,90801,-20.0919
24910,P2,CASC,1.35,7.50,99,F,90804,-20.1534
24920,P2,CASC,1.20,7.50,99,F,90807,-20.2163
24930,P2,CASC,1.05,7.50,99,F,90810,-20.2809
24940,P2,CASC,0.90,7.50,98,F,90813,-20.3468
24950,P2,CASC,0.75,7.50,98,F,90816,-20.4143
24960,P2,CASC,0.60,5.00,100,F,90818,-20.4583
24970,P2,CASC,0.45,7.50,98,F,90821,-20.5288
24980,P2,CASC,0.30,2.50,101,F,90822,-20.5508
24990,P2,CASC,0.15,7.50,97,F,90825,-20.6244
25000,P2,CASC,0.00,5.00,67,F,90827,-20.6744
25010,P2,CASC,0.00,7.50,37,F,90830,-20.7493
25020,P2,CASC,0.00,5.00,7,F,90832,-20.7993
25030,P2,CASC,0.00,2.50,-22,R,90833,-20.8243
25040,P2,CASC,0.00,0.00,-51,R,90833,-20.8243
25050,P2,CASC,0.00,0.00,-51,R,90833,-20.8243
25060,P2,CASC,0.00,0.00,-51,R,90833,-20.8243
25070,P2,CASC,0.00,0.00,-51,R,90833,-20.8243
25080,P2,CASC,0.00,0.00,-51,R,90833,-20.8243
25090,P2,CASC,0.00,0.00,-51,R,90833,-20.8243
25100,P2,CASC,0.00,0.00,-51,R,90833,-20.8243
25110,P2,CASC,0.00,0.00,-51,R,90833,-20.8243
25120,P2,CASC,0.00,0.00,-51,R,90833,-20.8243
25130,P2,CASC,0.00,0.00,-51,R,90833,-20.8243
25140,P2,CASC,0.00,0.00,-51,R,90833,-20.8243
25150,P2,CASC,0.00,0.00,-51,R,90833,-20.8243
25160,P2,CASC,0.00,0.00,-51,R,90833,-20.8243
25170,P2,CASC,0.00,0.00,-51,R,90833,-20.8243
25180,P2,CASC,0.00,0.00,-51,R,90833,-20.8243
25190,P2,CASC,0.00,0.00,-51,R,90833,-20.8243
25200,P2,CASC,0.00,0.00,-51,R,90833,-20.8243
25210,P2,CASC,0.00,0.00,-51,R,90833,-20.8243
25220,P2,CASC,0.00,0.00,-51,R,90833,-20.8243
25230,P2,CASC,0.00,0.00,-51,R,90833,-20.8243
25240,P2,CASC,0.00,0.00,-51,R,90833,-20.8243
25250,P2,CASC,0.00,0.00,-51,R,90833,-20.8243
25260,P2,CASC,0.00,0.00,-51,R,90833,-20.8243
25270,P2,CASC,0.00,0.00,-51,R,90833,-20.8243
25280,P2,CASC,0.00,0.00,-51,R,90833,-20.8243
25290,P2,CASC,0.00,0.00,-51,R,90833,-20.8243
25300,P2,CASC,0.00,0.00,-51,R,90833,-20.8243
25310,P2,CASC,0.00,0.00,-51,R,90833,-20.8243
25320,P2,CASC,0.00,0.00,-51,R,90833,-20.8243
25330,P2,CASC,0.00,0.00,-51,R,90833,-20.8243
25340,P2,CASC,0.00,0.00,-51,R,90833,-20.8243
25350,P2,CASC,0.00,0.00,-51,R,90833,-20.8243
25360,P2,CASC,0.00,0.00,-51,R,90833,-20.8243
25370,P2,CASC,0.00,0.00,-51,R,90833,-20.8243
25380,P2,CASC,0.00,0.00,-51,R,90833,-20.8243
25390,P2,CASC,0.00,0.00,-51,R,90833,-20.8243
25400,P2,CASC,0.00,0.00,-51,R,90833,-20.8243
25410,P2,CASC,0.00,0.00,-51,R,90833,-20.8243
25420,P2,CASC,0.00,0.00,-51,R,90833,-20.8243
25430,P2,CASC,0.00,0.00,-51,R,90833,-20.8243
25440,P2,CASC,0.00,0.00,-51,R,90833,-20.8243
25450,P2,CASC,0.00,0.00,-51,R,90833,-20.8243
25460,P2,CASC,0.00,0.00,-51,R,90833,-20.8243
25470,P2,CASC,0.00,0.00,-51,R,90833,-20.8243
25480,P2,CASC,0.00,0.00,-51,R,90833,-20.8243
25490,P2,CASC,0.00,0.00,-51,R,90833,-20.8243
25500,P2,CASC,0.00,0.00,-51,R,90833,-20.8243
25510,P2,CASC,0.00,0.00,-51,R,90833,-20.8243
25520,P2,CASC,0.00,0.00,-51,R,90833,-20.8243
25530,P2,CASC,0.00,0.00,-51,R,90833,-20.8243
25540,P2,CASC,0.00,0.00,-51,R,90833,-20.8243
25550,P2,CASC,0.00,0.00,-51,R,90833,-20.8243
25560,P2,CASC,0.00,0.00,-51,R,90833,-20.8243
25570,P2,CASC,0.00,0.00,-51,R,90833,-20.8243
25580,P2,CASC,0.00,0.00,-51,R,90833,-20.8243
25590,P2,CASC,0.00,0.00,-51,R,90833,-20.8243
25600,P2,CASC,0.00,0.00,-51,R,90833,-20.8243
25610,P2,CASC,0.00,0.00,-51,R,90833,-20.8243
25620,P2,CASC,0.00,0.00,-51,R,90833,-20.8243
25630,P2,CASC,0.00,0.00,-51,R,90833,-20.8243
25640,P2,CASC,0.00,0.00,-51,R,90833,-20.8243
25650,P2,CASC,0.00,0.00,-51,R,90833,-20.8243
25660,P2,CASC,0.00,0.00,-51,R,90833,-20.8243
25670,P2,CASC,0.00,0.00,-51,R,90833,-20.8243
25680,P2,CASC,0.00,0.00,-51,R,90833,-20.8243
25690,P2,CASC,0.00,0.00,-51,R,90833,-20.8243
25700,P2,CASC,0.00,0.00,-51,R,90833,-20.8243
25710,P2,CASC,0.00,0.00,-51,R,90833,-20.8243
25720,P2,CASC,0.00,0.00,-51,R,90833,-20.8243
25730,P2,CASC,0.00,0.00,-51,R,90833,-20.8243
25740,P2,CASC,0.00,0.00,-51,R,90833,-20.8243
25750,P2,CASC,0.00,0.00,-51,R,90833,-20.8243
25760,P2,CASC,0.00,0.00,-51,R,90833,-20.8243
25770,P2,CASC,0.00,0.00,-51,R,90833,-20.8243
25780,P2,CASC,0.00,0.00,-51,R,90833,-20.8243
25790,P2,CASC,0.00,0.00,-51,R,90833,-20.8243
25800,P2,CASC,0.00,0.00,-51,R,90833,-20.8243
25810,P2,CASC,0.00,0.00,-51,R,90833,-20.8243
25820,P2,CASC,0.00,0.00,-51,R,90833,-20.8243
25830,P2,CASC,0.00,0.00,-51,R,90833,-20.8243
25840,P2,CASC,0.00,0.00,-51,R,90833,-20.8243
25850,P2,CASC,0.00,0.00,-51,R,90833,-20.8243
25860,P2,CASC,0.00,0.00,-51,R,90833,-20.8243
25870,P2,CASC,0.00,0.00,-51,R,90833,-20.8243
25880,P2,CASC,0.00,0.00,-51,R,90833,-20.8243
25890,P2,CASC,0.00,0.00,-51,R,90833,-20.8243
25900,P2,CASC,0.00,0.00,-51,R,90833,-20.8243
25910,P2,CASC,0.00,0.00,-51,R,90833,-20.8243
25920,P2,CASC,0.00,0.00,-51,R,90833,-20.8243
25930,P2,CASC,0.00,0.00,-51,R,90833,-20.8243
25940,P2,CASC,0.00,0.00,-51,R,90833,-20.8243
25950,P2,CASC,0.00,0.00,-51,R,90833,-20.8243
25960,P2,CASC,0.00,0.00,-51,R,90833,-20.8243
25970,P2,CASC,0.00,0.00,-51,R,90833,-20.8243
25980,P2,CASC,0.00,0.00,-51,R,90833,-20.8243
25990,P2,CASC,0.00,0.00,-51,R,90833,-20.8243
26000,P2,CASC,0.00,0.00,-51,R,90833,-20.8243
26010,P2,CASC,0.00,0.00,-51,R,90833,-20.8243
26020,P2,CASC,0.00,0.00,-51,R,90833,-20.8243
26030,P2,CASC,0.00,0.00,-51,R,90833,-20.8243
26040,P2,CASC,0.00,0.00,-51,R,90833,-20.8243
26050,P2,CASC,0.00,0.00,-51,R,90833,-20.8243
26060,P2,CASC,0.00,0.00,-51,R,90833,-20.8243
26070,P2,CASC,0.00,0.00,-51,R,90833,-20.8243
26080,P2,CASC,0.00,0.00,-51,R,90833,-20.8243
26090,P2,CASC,0.00,0.00,-51,R,90833,-20.8243
26100,P2,CASC,0.00,0.00,-51,R,90833,-20.8243
26110,P2,CASC,0.00,0.00,-51,R,90833,-20.8243
26120,P2,CASC,0.00,0.00,-51,R,90833,-20.8243
26130,P2,CASC,0.00,0.00,-51,R,90833,-20.8243
26140,P2,CASC,0.00,0.00,-51,R,90833,-20.8243
26150,P2,CASC,0.00,0.00,-51,R,90833,-20.8243
26160,P2,CASC,0.00,0.00,-51,R,90833,-20.8243
26170,P2,CASC,0.00,0.00,-51,R,90833,-20.8243
26180,P2,CASC,0.00,0.00,-51,R,90833,-20.8243
26190,P2,CASC,0.00,0.00,-51,R,90833,-20.8243
26200,P2,CASC,0.00,0.00,-51,R,90833,-20.8243
26210,P2,CASC,0.00,0.00,-51,R,90833,-20.8243
26220,P2,CASC,0.00,0.00,-51,R,90833,-20.8243
26230,P2,CASC,0.00,0.00,-51,R,90833,-20.8243
26240,P2,CASC,0.00,0.00,-51,R,90833,-20.8243
26250,P2,CASC,0.00,0.00,-51,R,90833,-20.8243
26260,P2,CASC,0.00,0.00,-51,R,90833,-20.8243
26270,P2,CASC,0.00,0.00,-51,R,90833,-20.8243
26280,P2,CASC,0.00,0.00,-51,R,90833,-20.8243
26290,P2,CASC,0.00,0.00,-51,R,90833,-20.8243
26300,P2,CASC,0.00,0.00,-51,R,90833,-20.8243
26310,P2,CASC,0.00,0.00,-51,R,90833,-20.8243
26320,P2,CASC,0.00,0.00,-51,R,90833,-20.8243
26330,P2,CASC,0.00,0.00,-51,R,90833,-20.8243
26340,P2,CASC,0.00,0.00,-51,R,90833,-20.8243
26350,P2,CASC,0.00,0.00,-51,R,90833,-20.8243
26360,P2,CASC,0.00,0.00,-51,R,90833,-20.8243
26370,P2,CASC,0.00,0.00,-51,R,90833,-20.8243
26380,P2,CASC,0.00,0.00,-51,R,90833,-20.8243
26390,P2,CASC,0.00,0.00,-51,R,90833,-20.8243
26400,P2,CASC,0.00,0.00,-51,R,90833,-20.8243
26410,P2,CASC,0.00,0.00,-51,R,90833,-20.8243
26420,P2,CASC,0.00,0.00,-51,R,90833,-20.8243
26430,P2,CASC,0.00,0.00,-51,R,90833,-20.8243
26440,P2,CASC,0.00,0.00,-51,R,90833,-20.8243
26450,P2,CASC,0.00,0.00,-51,R,90833,-20.8243
26460,P2,CASC,0.00,0.00,-51,R,90833,-20.8243
26470,P2,CASC,0.00,0.00,-51,R,90833,-20.8243
26480,P2,CASC,0.00,0.00,-51,R,90833,-20.8243
26490,P2,CASC,0.00,0.00,-51,R,90833,-20.8243
26500,P2,CASC,0.00,0.00,-51,R,90833,-20.8243
26510,P2,CASC,0.00,0.00,-51,R,90833,-20.8243
26520,P2,CASC,0.00,0.00,-51,R,90833,-20.8243
26530,P2,CASC,0.00,0.00,-51,R,90833,-20.8243
26540,P2,CASC,0.00,0.00,-51,R,90833,-20.8243
26550,P2,CASC,0.00,0.00,-51,R,90833,-20.8243
26560,P2,CASC,0.00,0.00,-51,R,90833,-20.8243
26570,P2,CASC,0.00,0.00,-51,R,90833,-20.8243
26580,P2,CASC,0.00,0.00,-51,R,90833,-20.8243
26590,P2,CASC,0.00,0.00,-51,R,90833,-20.8243
26600,P2,CASC,0.00,0.00,-51,R,90833,-20.8243
26610,P2,CASC,0.00,0.00,-51,R,90833,-20.8243
26620,P2,CASC,0.00,0.00,-51,R,90833,-20.8243
26630,P2,CASC,0.00,0.00,-51,R,90833,-20.8243
26640,P2,CASC,0.00,0.00,-51,R,90833,-20.8243
26650,P2,CASC,0.00,0.00,-51,R,90833,-20.8243
26660,P2,CASC,0.00,0.00,-51,R,90833,-20.8243
26670,P2,CASC,0.00,0.00,-51,R,90833,-20.8243
26680,P2,CASC,0.00,0.00,-51,R,90833,-20.8243
26690,P2,CASC,0.00,0.00,-51,R,90833,-20.8243
26700,P2,CASC,0.00,0.00,-51,R,90833,-20.8243
26710,P2,CASC,0.00,0.00,-51,R,90833,-20.8243
26720,P2,CASC,0.00,0.00,-51,R,90833,-20.8243
26730,P2,CASC,0.00,0.00,-51,R,90833,-20.8243
26740,P2,CASC,0.00,0.00,-51,R,90833,-20.8243
26750,P2,CASC,0.00,0.00,-51,R,90833,-20.8243
26760,P2,CASC,0.00,0.00,-51,R,90833,-20.8243
26770,P2,CASC,0.00,0.00,-51,R,90833,-20.8243
26780,P2,CASC,0.00,0.00,-51,R,90833,-20.8243
26790,P2,CASC,0.00,0.00,-51,R,90833,-20.8243
26800,P2,CASC,0.00,0.00,-51,R,90833,-20.8243
26810,P2,CASC,0.00,0.00,-51,R,90833,-20.8243
26820,P2,CASC,0.00,0.00,-51,R,90833,-20.8243
26830,P2,CASC,0.00,0.00,-51,R,90833,-20.8243
26840,P2,CASC,0.00,0.00,-51,R,90833,-20.8243
26850,P2,CASC,0.00,0.00,-51,R,90833,-20.8243
26860,P2,CASC,0.00,0.00,-51,R,90833,-20.8243
26870,P2,CASC,0.00,0.00,-51,R,90833,-20.8243
26880,P2,CASC,0.00,0.00,-51,R,90833,-20.8243
26890,P2,CASC,0.00,0.00,-51,R,90833,-20.8243
26900,P2,CASC,0.00,0.00,-51,R,90833,-20.8243
26910,P2,CASC,0.00,0.00,-51,R,90833,-20.8243
26920,P2,CASC,0.00,0.00,-51,R,90833,-20.8243
26930,P2,CASC,0.00,0.00,-51,R,90833,-20.8243
26940,P2,CASC,0.00,0.00,-51,R,90833,-20.8243
26950,P2,CASC,0.00,0.00,-51,R,90833,-20.8243
26960,P2,CASC,0.00,0.00,-51,R,90833,-20.8243
26970,P2,CASC,0.00,0.00,-51,R,90833,-20.8243
26980,P2,CASC,0.00,0.00,-51,R,90833,-20.8243
26990,P2,CASC,0.00,0.00,-51,R,90833,-20.8243
27000,P2,CASC,0.00,0.00,-51,R,90833,-20.8243
27010,P2,CASC,0.00,0.00,-51,R,90833,-20.8243
27020,P2,CASC,0.00,0.00,-51,R,90833,-20.8243
27030,P2,CASC,0.00,0.00,-51,R,90833,-20.8243
27040,P2,CASC,0.00,0.00,-51,R,90833,-20.8243
27050,P2,CASC,0.00,0.00,-51,R,90833,-20.8243
27060,P2,CASC,0.00,0.00,-51,R,90833,-20.8243
27070,P2,CASC,0.00,0.00,-51,R,90833,-20.8243
27080,P2,CASC,0.00,0.00,-51,R,90833,-20.8243
27090,P2,CASC,0.00,0.00,-51,R,90833,-20.8243
27100,P2,CASC,0.00,0.00,-51,R,90833,-20.8243
27110,P2,CASC,0.00,0.00,-51,R,90833,-20.8243
27120,P2,CASC,0.00,0.00,-51,R,90833,-20.8243
27130,P2,CASC,0.00,0.00,-51,R,90833,-20.8243
27140,P2,CASC,0.00,0.00,-51,R,90833,-20.8243
27150,P2,CASC,0.00,0.00,-51,R,90833,-20.8243
27160,P2,CASC,0.00,0.00,-51,R,90833,-20.8243
27170,P2,CASC,0.00,0.00,-51,R,90833,-20.8243
27180,P2,CASC,0.00,0.00,-51,R,90833,-20.8243
27190,P2,CASC,0.00,0.00,-51,R,90833,-20.8243
27200,P2,CASC,0.00,0.00,-51,R,90833,-20.8243
27210,P2,CASC,0.00,0.00,-51,R,90833,-20.8243
27220,P2,CASC,0.00,0.00,-51,R,90833,-20.8243
27230,P2,CASC,0.00,0.00,-51,R,90833,-20.8243
27240,P2,CASC,0.00,0.00,-51,R,90833,-20.8243
27250,P2,CASC,0.00,0.00,-51,R,90833,-20.8243
27260,P2,CASC,0.00,0.00,-51,R,90833,-20.8243
27270,P2,CASC,0.00,0.00,-51,R,90833,-20.8243
27280,P2,CASC,0.00,0.00,-51,R,90833,-20.8243
27290,P2,CASC,0.00,0.00,-51,R,90833,-20.8243
27300,P2,CASC,0.00,0.00,-51,R,90833,-20.8243
27310,P2,CASC,0.00,0.00,-51,R,90833,-20.8243
27320,P2,CASC,0.00,0.00,-51,R,90833,-20.8243
27330,P2,CASC,0.00,0.00,-51,R,90833,-20.8243
27340,P2,CASC,0.00,0.00,-51,R,90833,-20.8243
27350,P2,CASC,0.00,0.00,-51,R,90833,-20.8243
27360,P2,CASC,0.00,0.00,-51,R,90833,-20.8243
27370,P2,CASC,0.00,0.00,-51,R,90833,-20.8243
27380,P2,CASC,0.00,0.00,-51,R,90833,-20.8243
27390,P2,CASC,0.00,0.00,-51,R,90833,-20.8243
27400,P2,CASC,0.00,0.00,-51,R,90833,-20.8243
27410,P2,CASC,0.00,0.00,-51,R,90833,-20.8243
27420,P2,CASC,0.00,0.00,-51,R,90833,-20.8243
27430,P2,CASC,0.00,0.00,-51,R,90833,-20.8243
27440,P2,CASC,0.00,0.00,-51,R,90833,-20.8243
27450,P2,CASC,0.00,0.00,-51,R,90833,-20.8243
27460,P2,CASC,0.00,0.00,-51,R,90833,-20.8243
27470,P2,CASC,0.00,0.00,-51,R,90833,-20.8243
27480,P2,CASC,0.00,0.00,-51,R,90833,-20.8243
27490,P2,CASC,0.00,0.00,-51,R,90833,-20.8243
27500,P2,CASC,0.00,0.00,-51,R,90833,-20.8243
27510,P2,CASC,0.00,0.00,-51,R,90833,-20.8243
27520,P2,CASC,0.00,0.00,-51,R,90833,-20.8243
27530,P2,CASC,0.00,0.00,-51,R,90833,-20.8243
27540,P2,CASC,0.00,0.00,-51,R,90833,-20.8243
27550,P2,CASC,0.00,0.00,-51,R,90833,-20.8243
27560,P2,CASC,0.00,0.00,-51,R,90833,-20.8243
27570,P2,CASC,0.00,0.00,-51,R,90833,-20.8243
27580,P2,CASC,0.00,0.00,-51,R,90833,-20.8243
27590,P2,CASC,0.00,0.00,-51,R,90833,-20.8243
27600,P2,CASC,0.00,0.00,-51,R,90833,-20.8243
27610,P2,CASC,0.00,0.00,-51,R,90833,-20.8243
27620,P2,CASC,0.00,0.00,-51,R,90833,-20.8243
27630,P2,CASC,0.00,0.00,-51,R,90833,-20.8243
27640,P2,CASC,0.00,0.00,-51,R,90833,-20.8243
27650,P2,CASC,0.00,0.00,-51,R,90833,-20.8243
27660,P2,CASC,0.00,0.00,-51,R,90833,-20.8243
27670,P2,CASC,0.00,0.00,-51,R,90833,-20.8243
27680,P2,CASC,0.00,0.00,-51,R,90833,-20.8243
27690,P2,CASC,0.00,0.00,-51,R,90833,-20.8243
27700,P2,CASC,0.00,0.00,-51,R,90833,-20.8243
27710,P2,CASC,0.00,0.00,-51,R,90833,-20.8243
27720,P2,CASC,0.00,0.00,-51,R,90833,-20.8243
27730,P2,CASC,0.00,0.00,-51,R,90833,-20.8243
27740,P2,CASC,0.00,0.00,-51,R,90833,-20.8243
27750,P2,CASC,0.00,0.00,-51,R,90833,-20.8243
27760,P2,CASC,0.00,0.00,-51,R,90833,-20.8243
27770,P2,CASC,0.00,0.00,-51,R,90833,-20.8243
27780,P2,CASC,0.00,0.00,-51,R,90833,-20.8243
27790,P2,CASC,0.00,0.00,-51,R,90833,-20.8243
27800,P2,CASC,0.00,0.00,-51,R,90833,-20.8243
27810,P2,CASC,0.00,0.00,-51,R,90833,-20.8243
27820,P2,CASC,0.00,0.00,-51,R,90833,-20.8243
27830,P2,CASC,0.00,0.00,-51,R,90833,-20.8243
27840,P2,CASC,0.00,0.00,-51,R,90833,-20.8243
27850,P2,CASC,0.00,0.00,-51,R,90833,-20.8243
27860,P2,CASC,0.00,0.00,-51,R,90833,-20.8243
27870,P2,CASC,0.00,0.00,-51,R,90833,-20.8243
27880,P2,CASC,0.00,0.00,-51,R,90833,-20.8243
27890,P2,CASC,0.00,0.00,-51,R,90833,-20.8243
27900,P2,CASC,0.00,0.00,-51,R,90833,-20.8243
27910,P2,CASC,0.00,0.00,-51,R,90833,-20.8243
27920,P2,CASC,0.00,0.00,-51,R,90833,-20.8243
27930,P2,CASC,0.00,0.00,-51,R,90833,-20.8243
27940,P2,CASC,0.00,0.00,-51,R,90833,-20.8243
27950,P2,CASC,0.00,0.00,-51,R,90833,-20.8243
27960,P2,CASC,0.00,0.00,-51,R,90833,-20.8243
27970,P2,CASC,0.00,0.00,-51,R,90833,-20.8243
27980,P2,CASC,0.00,0.00,-51,R,90833,-20.8243
27990,P2,CASC,0.00,0.00,-51,R,90833,-20.8243
28000,P2,CASC,0.00,0.00,-51,R,90833,-20.8243
28010,P2,CASC,-0.15,0.00,-81,R,90833,-20.8258
28020,P2,CASC,-0.30,0.00,-111,R,90833,-20.8288
28030,P2,CASC,-0.45,0.00,-141,R,90833,-20.8333
28040,P2,CASC,-0.60,0.00,-171,R,90833,-20.8393
28050,P2,CASC,-0.75,0.00,-199,R,90833,-20.8468
28060,P2,CASC,-0.90,-2.50,-190,R,90832,-20.8308
28070,P2,CASC,-1.05,-25.00,-175,R,90822,-20.5914
28080,P2,CASC,-1.20,-35.00,-168,R,90808,-20.2534
28090,P2,CASC,-1.35,-42.50,-162,R,90791,-19.8419
28100,P2,CASC,-1.50,-42.51,-161,R,90774,-19.4317
28110,P2,CASC,-1.65,-42.49,-160,R,90757,-19.0233
28120,P2,CASC,-1.80,-47.50,-156,R,90738,-18.5663
28130,P2,CASC,-1.95,-44.99,-157,R,90720,-18.1359
28140,P2,CASC,-2.10,-47.50,-154,R,90701,-17.6819
28150,P2,CASC,-2.25,-47.51,-153,R,90682,-17.2293
28160,P2,CASC,-2.40,-49.99,-151,R,90662,-16.7533
28170,P2,CASC,-2.55,-50.01,-150,R,90642,-16.2787
28180,P2,CASC,-2.70,-47.50,-151,R,90623,-15.8308
28190,P2,CASC,-2.85,-52.49,-146,R,90602,-15.3344
28200,P2,CASC,-3.00,-52.50,-145,R,90581,-14.8394
28210,P2,CASC,-3.15,-52.50,-144,R,90560,-14.3459
28220,P2,CASC,-3.30,-52.49,-143,R,90539,-13.8539
28230,P2,CASC,-3.45,-52.52,-142,R,90518,-13.3633
28240,P2,CASC,-3.60,-52.49,-141,R,90497,-12.8743
28250,P2,CASC,-3.75,-54.99,-138,R,90475,-12.3619
28260,P2,CASC,-3.90,-52.51,-139,R,90454,-11.8758
28270,P2,CASC,-4.05,-54.99,-136,R,90432,-11.3664
28280,P2,CASC,-4.20,-52.51,-137,R,90411,-10.8833
28290,P2,CASC,-4.35,-52.50,-136,R,90390,-10.4018
28300,P2,CASC,-4.50,-55.00,-133,R,90368,-9.8968
28310,P2,CASC,-4.65,-55.00,-132,R,90346,-9.3933
28320,P2,CASC,-4.80,-52.48,-133,R,90325,-8.9164
28330,P2,CASC,-4.95,-52.50,-132,R,90304,-8.4409
28340,P2,CASC,-5.10,-52.52,-131,R,90283,-7.9668
28350,P2,CASC,-5.25,-52.51,-130,R,90262,-7.4942
28360,P2,CASC,-5.40,-49.99,-131,R,90242,-7.0484
28370,P2,CASC,-5.55,-52.51,-128,R,90221,-6.5788
28380,P2,CASC,-5.70,-50.00,-129,R,90201,-6.1358
28390,P2,CASC,-5.85,-49.99,-128,R,90181,-5.6944
28400,P2,CASC,-6.00,-50.01,-127,R,90161,-5.2543
28410,P2,CASC,-6.15,-47.50,-128,R,90142,-4.8408
28420,P2,CASC,-6.30,-47.49,-127,R,90123,-4.4289
28430,P2,CASC,-6.45,-50.01,-124,R,90103,-3.9934
28440,P2,CASC,-6.60,-45.00,-127,R,90085,-3.6093
28450,P2,CASC,-6.75,-50.01,-123,R,90065,-3.1768
28460,P2,CASC,-6.90,-47.49,-123,R,90046,-2.7709
28470,P2,CASC,-7.05,-45.01,-124,R,90028,-2.3912
28480,P2,CASC,-7.20,-47.50,-122,R,90009,-1.9882
28490,P2,CASC,-7.35,-47.50,-121,R,89990,-1.5868
28500,P2,CASC,-7.50,-47.50,-120,R,89971,-1.1868
28510,P2,CASC,-7.65,-45.00,-121,R,89953,-0.8133
28520,P2,CASC,-7.80,-45.00,-120,R,89935,-0.4413
28530,P2,CASC,-7.95,-44.99,-119,R,89917,-0.0709
28540,P2,CASC,-8.10,-42.50,-120,R,89900,0.2732
28550,P2,CASC,-8.25,-47.50,-116,R,89881,0.6657
28560,P2,CASC,-8.40,-42.49,-119,R,89864,1.0066
28570,P2,CASC,-8.55,-45.00,-117,R,89846,1.3711
28580,P2,CASC,-8.70,-42.51,-118,R,89829,1.7093
28590,P2,CASC,-8.85,-42.50,-117,R,89812,2.0457
28600,P2,CASC,-9.00,-42.50,-116,R,89795,2.3808
28610,P2,CASC,-9.15,-42.48,-116,R,89778,2.7141
28620,P2,CASC,-9.30,-42.50,-115,R,89761,3.0461
28630,P2,CASC,-9.45,-40.00,-116,R,89745,3.3516
28640,P2,CASC,-9.60,-40.00,-115,R,89729,3.6557
28650,P2,CASC,-9.75,-40.00,-115,R,89713,3.9582
28660,P2,CASC,-9.90,-42.50,-112,R,89696,4.2843
28670,P2,CASC,-10.05,-39.99,-113,R,89680,4.5837
28680,P2,CASC,-10.20,-40.00,-113,R,89664,4.8817
28690,P2,CASC,-10.35,-40.00,-112,R,89648,5.1782
28700,P2,CASC,-10.50,-37.50,-113,R,89633,5.4482
28710,P2,CASC,-10.65,-37.50,-113,R,89618,5.7168
28720,P2,CASC,-10.80,-37.49,-112,R,89603,5.9836
28730,P2,CASC,-10.95,-37.52,-112,R,89588,6.2493
28740,P2,CASC,-11.10,-37.49,-111,R,89573,6.5132
28750,P2,CASC,-11.25,-35.00,-113,R,89559,6.7507
28760,P2,CASC,-11.40,-34.99,-112,R,89545,6.9866
28770,P2,CASC,-11.55,-35.01,-112,R,89531,7.2213
28780,P2,CASC,-11.70,-32.50,-113,R,89518,7.4292
28790,P2,CASC,-11.85,-35.00,-111,R,89504,7.6607
28800,P2,CASC,-12.00,-32.50,-112,R,89491,7.8657
28810,P2,CASC,-12.15,-30.00,-113,R,89479,8.0442
28820,P2,CASC,-12.30,-32.51,-111,R,89466,8.2463
28830,P2,CASC,-12.45,-32.49,-111,R,89453,8.4467
28840,P2,CASC,-12.60,-30.01,-112,R,89441,8.6207
28850,P2,CASC,-12.75,-30.00,-112,R,89429,8.7933
28860,P2,CASC,-12.90,-27.50,-114,R,89418,8.9393
28870,P2,CASC,-13.05,-30.00,-112,R,89406,9.1088
28880,P2,CASC,-13.20,-29.99,-111,R,89394,9.2767
28890,P2,CASC,-13.35,-27.51,-113,R,89383,9.4182
28900,P2,CASC,-13.50,-27.49,-112,R,89372,9.5582
28910,P2,CASC,-13.65,-25.01,-114,R,89362,9.6717
28920,P2,CASC,-13.80,-27.50,-112,R,89351,9.8087
28930,P2,CASC,-13.95,-25.00,-114,R,89341,9.9192
28940,P2,CASC,-14.10,-27.50,-112,R,89330,10.0532
28950,P2,CASC,-14.25,-25.00,-113,R,89320,10.1607
28960,P2,CASC,-14.40,-25.00,-113,R,89310,10.2667
28970,P2,CASC,-14.55,-22.50,-115,R,89301,10.3462
28980,P2,CASC,-14.70,-24.99,-113,R,89291,10.4491
28990,P2,CASC,-14.85,-25.00,-113,R,89281,10.5506
29000,P2,CASC,-15.00,-22.51,-114,R,89272,10.6257
29010,P2,CASC,-15.15,-22.50,-114,R,89263,10.6992
29020,P2,CASC,-15.30,-22.50,-114,R,89254,10.7712
29030,P2,CASC,-15.45,-22.50,-114,R,89245,10.8417
29040,P2,CASC,-15.60,-22.50,-114,R,89236,10.9107
29050,P2,CASC,-15.75,-20.00,-116,R,89228,10.9532
29060,P2,CASC,-15.90,-22.50,-114,R,89219,11.0192
29070,P2,CASC,-16.05,-22.50,-114,R,89210,11.0837
29080,P2,CASC,-16.20,-20.00,-116,R,89202,11.1217
29090,P2,CASC,-16.35,-20.00,-116,R,89194,11.1582
29100,P2,CASC,-16.50,-20.00,-116,R,89186,11.1932
29110,P2,CASC,-16.65,-22.50,-114,R,89177,11.2517
29120,P2,CASC,-16.80,-20.00,-116,R,89169,11.2837
29130,P2,CASC,-16.95,-22.50,-114,R,89160,11.3392
29140,P2,CASC,-17.10,-20.00,-116,R,89152,11.3682
29150,P2,CASC,-17.25,-20.00,-116,R,89144,11.3957
29160,P2,CASC,-17.40,-20.00,-116,R,89136,11.4217
29170,P2,CASC,-17.55,-20.00,-116,R,89128,11.4462
29180,P2,CASC,-17.70,-20.00,-116,R,89120,11.4692
29190,P2,CASC,-17.85,-20.00,-116,R,89112,11.4907
29200,P2,CASC,-18.00,-20.00,-116,R,89104,11.5107
29210,P2,CASC,-18.15,-22.50,-114,R,89095,11.5542
29220,P2,CASC,-18.30,-20.00,-116,R,89087,11.5712
29230,P2,CASC,-18.45,-20.00,-116,R,89079,11.5867
29240,P2,CASC,-18.60,-20.00,-116,R,89071,11.6006
29250,P2,CASC,-18.75,-20.01,-116,R,89063,11.6132
29260,P2,CASC,-18.90,-20.00,-116,R,89055,11.6242
29270,P2,CASC,-19.05,-22.50,-115,R,89046,11.6587
29280,P2,CASC,-19.20,-20.00,-116,R,89038,11.6667
29290,P2,CASC,-19.35,-20.00,-116,R,89030,11.6732
29300,P2,CASC,-19.50,-22.50,-115,R,89021,11.7032
29310,P2,CASC,-19.65,-20.00,-116,R,89013,11.7067
29320,P2,CASC,-19.80,-20.01,-117,R,89005,11.7087
29330,P2,CASC,-19.95,-22.49,-115,R,88996,11.7342
29340,P2,CASC,-20.10,-20.00,-112,R,88988,11.7332
29350,P2,CASC,-20.25,-22.50,-115,R,88979,11.7557
29360,P2,CASC,-20.40,-20.00,-112,R,88971,11.7517
29370,P2,CASC,-20.55,-22.50,-115,R,88962,11.7712
29380,P2,CASC,-20.70,-20.01,-112,R,88954,11.7642
29390,P2,CASC,-20.85,-22.50,-115,R,88945,11.7807
29400,P2,CASC,-21.00,-20.00,-112,R,88937,11.7707
29410,P2,CASC,-21.15,-22.48,-116,R,88928,11.7840
29420,P2,CASC,-21.30,-20.01,-112,R,88920,11.7712
29430,P2,CASC,-21.45,-20.00,-112,R,88912,11.7567
29440,P2,CASC,-21.60,-22.50,-116,R,88903,11.7657
29450,P2,CASC,-21.75,-20.00,-113,R,88895,11.7482
29460,P2,CASC,-21.90,-22.50,-116,R,88886,11.7542
29470,P2,CASC,-22.05,-22.50,-116,R,88877,11.7586
29480,P2,CASC,-22.20,-22.50,-116,R,88868,11.7617
29490,P2,CASC,-22.35,-22.50,-116,R,88859,11.7632
29500,P2,CASC,-22.50,-22.50,-117,R,88850,11.7632
29510,P2,CASC,-22.65,-24.99,-115,R,88840,11.7866
29520,P2,CASC,-22.80,-22.50,-112,R,88831,11.7836
29530,P2,CASC,-22.95,-22.50,-112,R,88822,11.7792
29540,P2,CASC,-23.10,-22.50,-112,R,88813,11.7732
29550,P2,CASC,-23.25,-22.50,-112,R,88804,11.7656
29560,P2,CASC,-23.40,-25.01,-115,R,88794,11.7817
29570,P2,CASC,-23.55,-25.00,-116,R,88784,11.7962
29580,P2,CASC,-23.70,-24.99,-116,R,88774,11.8091
29590,P2,CASC,-23.85,-22.50,-112,R,88765,11.7956
29600,P2,CASC,-24.00,-25.00,-116,R,88755,11.8056
29610,P2,CASC,-24.15,-25.00,-116,R,88745,11.8141
29620,P2,CASC,-24.30,-25.01,-116,R,88735,11.8212
29630,P2,CASC,-24.45,-25.00,-116,R,88725,11.8267
29640,P2,CASC,-24.60,-25.00,-116,R,88715,11.8307
29650,P2,CASC,-24.75,-25.00,-116,R,88705,11.8332
29660,P2,CASC,-24.90,-22.50,-113,R,88696,11.8091
29670,P2,CASC,-25.05,-27.50,-115,R,88685,11.8336
29680,P2,CASC,-25.20,-25.00,-112,R,88675,11.8316
29690,P2,CASC,-25.35,-27.50,-115,R,88664,11.8531
29700,P2,CASC,-25.50,-25.00,-112,R,88654,11.8481
29710,P2,CASC,-25.65,-25.01,-112,R,88644,11.8417
29720,P2,CASC,-25.80,-25.00,-112,R,88634,11.8337
29730,P2,CASC,-25.95,-25.00,-112,R,88624,11.8242
29740,P2,CASC,-26.10,-25.00,-112,R,88614,11.8131
29750,P2,CASC,-26.25,-25.00,-112,R,88604,11.8007
29760,P2,CASC,-26.40,-25.00,-112,R,88594,11.7867
29770,P2,CASC,-26.55,-24.99,-112,R,88584,11.7711
29780,P2,CASC,-26.70,-22.50,-113,R,88575,11.7291
29790,P2,CASC,-26.85,-27.51,-116,R,88564,11.7357
29800,P2,CASC,-27.00,-22.50,-113,R,88555,11.6907
29810,P2,CASC,-27.15,-27.50,-117,R,88544,11.6941
29820,P2,CASC,-27.30,-22.50,-114,R,88535,11.6461
29830,P2,CASC,-27.45,-25.01,-113,R,88525,11.6217
29840,P2,CASC,-27.60,-22.50,-114,R,88516,11.5707
29850,P2,CASC,-27.75,-25.00,-113,R,88506,11.5432
29860,P2,CASC,-27.90,-25.00,-113,R,88496,11.5141
29870,P2,CASC,-28.05,-25.01,-114,R,88486,11.4837
29880,P2,CASC,-28.20,-25.00,-114,R,88476,11.4517
29890,P2,CASC,-28.35,-25.00,-114,R,88466,11.4182
29900,P2,CASC,-28.50,-22.50,-115,R,88457,11.3582
29910,P2,CASC,-28.65,-25.00,-114,R,88447,11.3217
29920,P2,CASC,-28.80,-25.00,-114,R,88437,11.2836
29930,P2,CASC,-28.95,-25.01,-114,R,88427,11.2442
29940,P2,CASC,-29.10,-22.50,-115,R,88418,11.1782
29950,P2,CASC,-29.25,-25.00,-115,R,88408,11.1357
29960,P2,CASC,-29.40,-22.50,-116,R,88399,11.0667
29970,P2,CASC,-29.55,-25.00,-115,R,88389,11.0212
29980,P2,CASC,-29.70,-22.50,-116,R,88380,10.9492
29990,P2,CASC,-29.85,-25.01,-116,R,88370,10.9007
30000,P2,CASC,-30.00,-24.99,-116,R,88360,10.8506
30010,P2,CASC,-30.15,-22.51,-117,R,88351,10.7742
30020,P2,CASC,-30.30,-22.50,-117,R,88342,10.6962
30030,P2,CASC,-30.45,-25.00,-116,R,88332,10.6417
30040,P2,CASC,-30.60,-22.50,-117,R,88323,10.5607
30050,P2,CASC,-30.75,-24.99,-117,R,88313,10.5031
30060,P2,CASC,-30.90,-22.50,-118,R,88304,10.4191
30070,P2,CASC,-31.05,-22.51,-118,R,88295,10.3337
30080,P2,CASC,-31.20,-25.00,-118,R,88285,10.2717
30090,P2,CASC,-31.35,-22.50,-118,R,88276,10.1832
30100,P2,CASC,-31.50,-25.00,-118,R,88266,10.1182
30110,P2,CASC,-31.65,-22.50,-119,R,88257,10.0267
30120,P2,CASC,-31.80,-25.00,-119,R,88247,9.9587
30130,P2,CASC,-31.95,-25.00,-119,R,88237,9.8892
30140,P2,CASC,-32.10,-22.50,-120,R,88228,9.7932
30150,P2,CASC,-32.25,-22.50,-120,R,88219,9.6957
30160,P2,CASC,-32.40,-25.00,-120,R,88209,9.6217
30170,P2,CASC,-32.55,-27.50,-119,R,88198,9.5712
30180,P2,CASC,-32.70,-25.00,-120,R,88188,9.4942
30190,P2,CASC,-32.85,-25.00,-120,R,88178,9.4157
30200,P2,CASC,-33.00,-22.50,-121,R,88169,9.3107
30210,P2,CASC,-33.15,-27.49,-120,R,88158,9.2541
30220,P2,CASC,-33.30,-25.01,-121,R,88148,9.1711
30230,P2,CASC,-33.45,-25.00,-121,R,88138,9.0866
30240,P2,CASC,-33.60,-25.01,-122,R,88128,9.0007
30250,P2,CASC,-33.75,-24.99,-122,R,88118,8.9131
30260,P2,CASC,-33.90,-25.00,-122,R,88108,8.8241
30270,P2,CASC,-34.05,-27.51,-122,R,88097,8.7587
30280,P2,CASC,-34.20,-27.49,-122,R,88086,8.6916
30290,P2,CASC,-34.35,-25.00,-123,R,88076,8.5981
30300,P2,CASC,-34.50,-27.51,-122,R,88065,8.5282
30310,P2,CASC,-34.65,-24.99,-123,R,88055,8.4316
30320,P2,CASC,-34.80,-25.01,-124,R,88045,8.3337
30330,P2,CASC,-34.95,-27.50,-123,R,88034,8.2591
30340,P2,CASC,-35.10,-27.49,-124,R,88023,8.1831
30350,P2,CASC,-35.25,-27.51,-124,R,88012,8.1057
30360,P2,CASC,-35.40,-25.00,-125,R,88002,8.0017
30370,P2,CASC,-35.55,-27.50,-124,R,87991,7.9212
30380,P2,CASC,-35.70,-27.49,-125,R,87980,7.8391
30390,P2,CASC,-35.85,-27.51,-125,R,87969,7.7557
30400,P2,CASC,-36.00,-27.50,-125,R,87958,7.6706
30410,P2,CASC,-36.15,-30.00,-125,R,87946,7.6091
30420,P2,CASC,-36.30,-27.50,-126,R,87935,7.5211
30430,P2,CASC,-36.45,-27.51,-126,R,87924,7.4317
30440,P2,CASC,-36.60,-27.50,-126,R,87913,7.3406
30450,P2,CASC,-36.75,-30.00,-126,R,87901,7.2731
30460,P2,CASC,-36.90,-30.00,-126,R,87889,7.2041
30470,P2,CASC,-37.05,-27.50,-127,R,87878,7.1086
30480,P2,CASC,-37.20,-30.01,-126,R,87866,7.0366
30490,P2,CASC,-37.35,-30.00,-127,R,87854,6.9631
30500,P2,CASC,-37.50,-30.00,-127,R,87842,6.8881
30510,P2,CASC,-37.65,-30.00,-127,R,87830,6.8117
30520,P2,CASC,-37.80,-29.99,-127,R,87818,6.7336
30530,P2,CASC,-37.95,-30.00,-128,R,87806,6.6541
30540,P2,CASC,-38.10,-30.00,-128,R,87794,6.5731
30550,P2,CASC,-38.25,-32.51,-128,R,87781,6.5157
30560,P2,CASC,-38.40,-30.00,-128,R,87769,6.4317
30570,P2,CASC,-38.55,-32.50,-128,R,87756,6.3711
30580,P2,CASC,-38.70,-32.51,-128,R,87743,6.3092
30590,P2,CASC,-38.85,-32.50,-128,R,87730,6.2457
30600,P2,CASC,-39.00,-32.50,-129,R,87717,6.1807
30610,P2,CASC,-39.15,-32.50,-129,R,87704,6.1142
30620,P2,CASC,-39.30,-32.49,-129,R,87691,6.0461
30630,P2,CASC,-39.45,-35.01,-129,R,87677,6.0017
30640,P2,CASC,-39.60,-35.00,-129,R,87663,5.9557
30650,P2,CASC,-39.75,-35.00,-129,R,87649,5.9082
30660,P2,CASC,-39.90,-34.99,-129,R,87635,5.8591
30670,P2,CASC,-40.05,-35.01,-129,R,87621,5.8087
30680,P2,CASC,-40.20,-35.00,-129,R,87607,5.7567
30690,P2,CASC,-40.35,-37.49,-129,R,87592,5.7281
30700,P2,CASC,-40.50,-40.00,-128,R,87576,5.7231
30710,P2,CASC,-40.65,-35.00,-130,R,87562,5.6666
30720,P2,CASC,-40.80,-40.01,-129,R,87546,5.6587
30730,P2,CASC,-40.95,-37.49,-129,R,87531,5.6241
30740,P2,CASC,-41.10,-37.51,-129,R,87516,5.5882
30750,P2,CASC,-41.25,-37.50,-130,R,87501,5.5507
30760,P2,CASC,-41.40,-42.50,-130,R,87484,5.5616
30770,P2,CASC,-41.55,-40.01,-129,R,87468,5.5462
30780,P2,CASC,-41.70,-40.00,-129,R,87452,5.5292
30790,P2,CASC,-41.85,-40.00,-129,R,87436,5.5106
30800,P2,CASC,-42.00,-40.01,-129,R,87420,5.4907
30810,P2,CASC,-42.15,-42.50,-131,R,87403,5.4942
30820,P2,CASC,-42.30,-42.49,-131,R,87386,5.4961
30830,P2,CASC,-42.45,-40.01,-129,R,87370,5.4717
30840,P2,CASC,-42.60,-42.50,-129,R,87353,5.4707
30850,P2,CASC,-42.75,-42.50,-129,R,87336,5.4682
30860,P2,CASC,-42.90,-42.50,-129,R,87319,5.4642
30870,P2,CASC,-43.05,-42.49,-129,R,87302,5.4586
30880,P2,CASC,-43.20,-45.00,-130,R,87284,5.4766
30890,P2,CASC,-43.35,-42.50,-129,R,87267,5.4681
30900,P2,CASC,-43.50,-45.00,-130,R,87249,5.4831
30910,P2,CASC,-43.65,-45.00,-130,R,87231,5.4966
30920,P2,CASC,-43.80,-42.51,-129,R,87214,5.4837
30930,P2,CASC,-43.95,-45.00,-130,R,87196,5.4942
30940,P2,CASC,-44.10,-45.00,-130,R,87178,5.5032
30950,P2,CASC,-44.25,-42.50,-129,R,87161,5.4857
30960,P2,CASC,-44.40,-44.98,-131,R,87143,5.4915
30970,P2,CASC,-44.55,-42.50,-129,R,87126,5.4711
30980,P2,CASC,-44.70,-45.01,-131,R,87108,5.4742
30990,P2,CASC,-44.85,-42.49,-130,R,87091,5.4506
31000,P2,CASC,-45.00,-45.01,-131,R,87073,5.4507
31010,P2,CASC,-45.15,-42.50,-130,R,87056,5.4242
31020,P2,CASC,-45.30,-42.50,-130,R,87039,5.3962
31030,P2,CASC,-45.45,-42.49,-130,R,87022,5.3666
31040,P2,CASC,-45.60,-42.51,-130,R,87005,5.3357
31050,P2,CASC,-45.75,-44.99,-129,R,86987,5.3281
31060,P2,CASC,-45.90,-42.50,-130,R,86970,5.2941
31070,P2,CASC,-46.05,-42.50,-130,R,86953,5.2586
31080,P2,CASC,-46.20,-42.50,-130,R,86936,5.2216
31090,P2,CASC,-46.35,-42.50,-131,R,86919,5.1831
31100,P2,CASC,-46.50,-40.00,-131,R,86903,5.1181
31110,P2,CASC,-46.65,-42.50,-131,R,86886,5.0766
31120,P2,CASC,-46.80,-42.49,-131,R,86869,5.0336
31130,P2,CASC,-46.95,-42.50,-131,R,86852,4.9891
31140,P2,CASC,-47.10,-40.00,-132,R,86836,4.9181
31150,P2,CASC,-47.25,-42.51,-132,R,86819,4.8707
31160,P2,CASC,-47.40,-42.50,-132,R,86802,4.8216
31170,P2,CASC,-47.55,-39.99,-133,R,86786,4.7461
31180,P2,CASC,-47.70,-42.50,-132,R,86769,4.6941
31190,P2,CASC,-47.85,-40.00,-133,R,86753,4.6156
31200,P2,CASC,-48.00,-42.51,-133,R,86736,4.5607
31210,P2,CASC,-48.15,-39.99,-134,R,86720,4.4791
31220,P2,CASC,-48.30,-42.49,-133,R,86703,4.4210
31230,P2,CASC,-48.45,-42.51,-133,R,86686,4.3617
31240,P2,CASC,-48.60,-42.49,-134,R,86669,4.3006
31250,P2,CASC,-48.75,-42.50,-134,R,86652,4.2380
31260,P2,CASC,-48.90,-40.00,-135,R,86636,4.1490
31270,P2,CASC,-49.05,-45.01,-134,R,86618,4.1086
31280,P2,CASC,-49.20,-42.50,-134,R,86601,4.0416
31290,P2,CASC,-49.35,-42.51,-135,R,86584,3.9732
31300,P2,CASC,-49.50,-42.49,-135,R,86567,3.9031
31310,P2,CASC,-49.65,-42.50,-135,R,86550,3.8316
31320,P2,CASC,-49.80,-42.51,-135,R,86533,3.7587
31330,P2,CASC,-49.95,-42.49,-135,R,86516,3.6841
31340,P2,CASC,-50.10,-42.51,-136,R,86499,3.6082
31350,P2,CASC,-50.25,-42.50,-136,R,86482,3.5306
31360,P2,CASC,-50.40,-45.00,-136,R,86464,3.4767
31370,P2,CASC,-50.55,-45.00,-136,R,86446,3.4212
31380,P2,CASC,-50.70,-44.99,-136,R,86428,3.3641
31390,P2,CASC,-50.85,-45.00,-137,R,86410,3.3056
31400,P2,CASC,-51.00,-47.50,-136,R,86391,3.2706
31410,P2,CASC,-51.15,-47.51,-136,R,86372,3.2342
31420,P2,CASC,-51.30,-45.00,-137,R,86354,3.1712
31430,P2,CASC,-51.45,-47.50,-137,R,86335,3.1317
31440,P2,CASC,-51.60,-47.49,-137,R,86316,3.0906
31450,P2,CASC,-51.75,-45.01,-138,R,86298,3.0232
31460,P2,CASC,-51.90,-50.00,-137,R,86278,3.0042
31470,P2,CASC,-52.05,-47.49,-138,R,86259,2.9586
31480,P2,CASC,-52.20,-47.51,-138,R,86240,2.9117
31490,P2,CASC,-52.35,-49.99,-138,R,86220,2.8881
31500,P2,CASC,-52.50,-50.01,-138,R,86200,2.8631
31510,P2,CASC,-52.65,-47.50,-139,R,86181,2.8116
31520,P2,CASC,-52.80,-50.02,-138,R,86161,2.7837
31530,P2,CASC,-52.95,-50.00,-139,R,86141,2.7542
31540,P2,CASC,-53.10,-47.50,-140,R,86122,2.6982
31550,P2,CASC,-53.25,-50.00,-139,R,86102,2.6657
31560,P2,CASC,-53.40,-52.49,-139,R,86081,2.6566
31570,P2,CASC,-53.55,-50.00,-139,R,86061,2.6211
31580,P2,CASC,-53.70,-50.00,-140,R,86041,2.5841
31590,P2,CASC,-53.85,-50.00,-140,R,86021,2.5456
31600,P2,CASC,-54.00,-52.52,-140,R,86000,2.5307
31610,P2,CASC,-54.15,-49.99,-140,R,85980,2.4892
31620,P2,CASC,-54.30,-49.99,-141,R,85960,2.4461
31630,P2,CASC,-54.45,-49.99,-141,R,85940,2.4015
31640,P2,CASC,-54.60,-52.50,-140,R,85919,2.3805
31650,P2,CASC,-54.75,-47.51,-142,R,85900,2.3082
31660,P2,CASC,-54.90,-49.99,-142,R,85880,2.2590
31670,P2,CASC,-55.05,-52.51,-141,R,85859,2.2336
31680,P2,CASC,-55.20,-50.01,-142,R,85839,2.1817
31690,P2,CASC,-55.35,-50.01,-142,R,85819,2.1282
31700,P2,CASC,-55.50,-52.49,-142,R,85798,2.0981
31710,P2,CASC,-55.65,-52.51,-142,R,85777,2.0667
31720,P2,CASC,-55.80,-52.48,-142,R,85756,2.0336
31730,P2,CASC,-55.95,-55.02,-142,R,85734,2.0242
31740,P2,CASC,-56.10,-49.99,-143,R,85714,1.9631
31750,P2,CASC,-56.25,-55.01,-142,R,85692,1.9507
31760,P2,CASC,-56.40,-52.48,-143,R,85671,1.9116
31770,P2,CASC,-56.55,-52.50,-143,R,85650,1.8711
31780,P2,CASC,-56.70,-55.01,-143,R,85628,1.8542
31790,P2,CASC,-56.85,-52.48,-144,R,85607,1.8105
31800,P2,CASC,-57.00,-55.02,-143,R,85585,1.7907
31810,P2,CASC,-57.15,-55.01,-144,R,85563,1.7693
31820,P2,CASC,-57.30,-54.97,-144,R,85541,1.7459
31830,P2,CASC,-57.45,-52.53,-145,R,85520,1.6967
31840,P2,CASC,-57.60,-54.98,-144,R,85498,1.6706
31850,P2,CASC,-57.75,-55.00,-144,R,85476,1.6431
31860,P2,CASC,-57.90,-55.00,-145,R,85454,1.6141
31870,P2,CASC,-58.05,-55.01,-145,R,85432,1.5837
31880,P2,CASC,-58.20,-55.00,-145,R,85410,1.5517
31890,P2,CASC,-58.35,-55.01,-145,R,85388,1.5182
31900,P2,CASC,-58.50,-54.99,-145,R,85366,1.4832
31910,P2,CASC,-58.65,-54.99,-146,R,85344,1.4466
31920,P2,CASC,-58.80,-55.01,-146,R,85322,1.4087
31930,P2,CASC,-58.95,-54.98,-146,R,85300,1.3690
31940,P2,CASC,-59.10,-55.01,-146,R,85278,1.3281
31950,P2,CASC,-59.25,-57.49,-146,R,85255,1.3106
31960,P2,CASC,-59.40,-57.51,-146,R,85232,1.2917
31970,P2,CASC,-59.55,-54.99,-147,R,85210,1.2461
31980,P2,CASC,-59.70,-60.00,-146,R,85186,1.2491
31990,P2,CASC,-59.85,-57.50,-147,R,85163,1.2256
32000,P2,CASC,-60.00,-57.50,-147,R,85140,1.2006
32010,P2,CASC,-60.15,-57.51,-147,R,85117,1.1742
32020,P2,CASC,-60.30,-60.01,-147,R,85093,1.1713
32030,P2,CASC,-60.45,-59.98,-147,R,85069,1.1666
32040,P2,CASC,-60.60,-60.01,-147,R,85045,1.1606
32050,P2,CASC,-60.75,-57.51,-148,R,85022,1.1282
32060,P2,CASC,-60.90,-62.49,-146,R,84997,1.1441
32070,P2,CASC,-61.05,-60.00,-147,R,84973,1.1336
32080,P2,CASC,-61.20,-60.00,-148,R,84949,1.1216
32090,P2,CASC,-61.35,-60.00,-148,R,84925,1.1081
32100,P2,CASC,-61.50,-62.51,-147,R,84900,1.1182
32110,P2,CASC,-61.65,-64.99,-146,R,84874,1.1516
32120,P2,CASC,-61.80,-62.51,-147,R,84849,1.1587
32130,P2,CASC,-61.95,-62.51,-148,R,84824,1.1643
32140,P2,CASC,-62.10,-62.48,-148,R,84799,1.1681
32150,P2,CASC,-62.25,-62.51,-148,R,84774,1.1706
32160,P2,CASC,-62.40,-62.51,-148,R,84749,1.1718
32170,P2,CASC,-62.55,-62.50,-148,R,84724,1.1713
32180,P2,CASC,-62.70,-62.49,-148,R,84699,1.1692
32190,P2,CASC,-62.85,-62.51,-148,R,84674,1.1658
32200,P2,CASC,-63.00,-64.98,-147,R,84648,1.1856
32210,P2,CASC,-63.15,-60.01,-149,R,84624,1.1541
32220,P2,CASC,-63.30,-62.49,-149,R,84599,1.1461
32230,P2,CASC,-63.45,-64.99,-148,R,84573,1.1614
32240,P2,CASC,-63.60,-60.03,-150,R,84549,1.1257
32250,P2,CASC,-63.75,-64.98,-148,R,84523,1.1380
32260,P2,CASC,-63.90,-60.01,-150,R,84499,1.0991
32270,P2,CASC,-64.05,-65.00,-149,R,84473,1.1086
32280,P2,CASC,-64.20,-62.51,-150,R,84448,1.0917
32290,P2,CASC,-64.35,-59.99,-150,R,84424,1.0481
32300,P2,CASC,-64.50,-65.00,-149,R,84398,1.0531
32310,P2,CASC,-64.65,-62.49,-150,R,84373,1.0315
32320,P2,CASC,-64.80,-62.53,-150,R,84348,1.0087
32330,P2,CASC,-64.95,-62.50,-150,R,84323,0.9842
32340,P2,CASC,-65.10,-65.00,-150,R,84297,0.9832
32350,P2,CASC,-65.25,-64.99,-150,R,84271,0.9807
32360,P2,CASC,-65.40,-62.50,-151,R,84246,0.9517
32370,P2,CASC,-65.55,-62.48,-151,R,84221,0.9210
32380,P2,CASC,-65.70,-65.02,-151,R,84195,0.9142
32390,P2,CASC,-65.85,-62.49,-151,R,84170,0.8805
32400,P2,CASC,-66.00,-62.50,-152,R,84145,0.8455
32410,P2,CASC,-66.15,-62.51,-152,R,84120,0.8092
32420,P2,CASC,-66.30,-62.49,-152,R,84095,0.7711
32430,P2,CASC,-66.45,-62.49,-152,R,84070,0.7315
32440,P2,CASC,-66.60,-65.01,-152,R,84044,0.7156
32450,P2,CASC,-66.75,-62.51,-153,R,84019,0.6732
32460,P2,CASC,-66.90,-67.49,-152,R,83992,0.6792
32470,P2,CASC,-67.05,-64.99,-152,R,83966,0.6586
32480,P2,CASC,-67.20,-67.49,-152,R,83939,0.6615
32490,P2,CASC,-67.35,-62.51,-153,R,83914,0.6130
32500,P2,CASC,-67.50,-65.01,-153,R,83888,0.5881
32510,P2,CASC,-67.65,-67.50,-153,R,83861,0.5866
32520,P2,CASC,-67.80,-67.49,-153,R,83834,0.5836
32530,P2,CASC,-67.95,-65.01,-154,R,83808,0.5542
32540,P2,CASC,-68.10,-64.99,-154,R,83782,0.5231
32550,P2,CASC,-68.25,-67.51,-153,R,83755,0.5157
32560,P2,CASC,-68.40,-67.49,-153,R,83728,0.5066
32570,P2,CASC,-68.55,-65.01,-154,R,83702,0.4711
32580,P2,CASC,-68.70,-70.01,-153,R,83674,0.4842
32590,P2,CASC,-68.85,-67.50,-154,R,83647,0.4707
32600,P2,CASC,-69.00,-67.49,-154,R,83620,0.4556
32610,P2,CASC,-69.15,-67.49,-154,R,83593,0.4390
32620,P2,CASC,-69.30,-67.51,-154,R,83566,0.4211
32630,P2,CASC,-69.45,-64.99,-155,R,83540,0.3765
32640,P2,CASC,-69.60,-67.51,-155,R,83513,0.3557
32650,P2,CASC,-69.75,-65.01,-156,R,83487,0.3082
32660,P2,CASC,-69.90,-67.49,-155,R,83460,0.2842
32670,P2,CASC,-70.05,-65.00,-156,R,83434,0.2337
32680,P2,CASC,-70.20,-67.50,-156,R,83407,0.2067
32690,P2,CASC,-70.35,-67.49,-156,R,83380,0.1781
32700,P2,CASC,-70.50,-69.99,-155,R,83352,0.1729
32710,P2,CASC,-70.65,-67.51,-156,R,83325,0.1415
32720,P2,CASC,-70.80,-70.00,-156,R,83297,0.1335
32730,P2,CASC,-70.95,-70.01,-156,R,83269,0.1242
32740,P2,CASC,-71.10,-70.00,-156,R,83241,0.1132
32750,P2,CASC,-71.25,-70.00,-156,R,83213,0.1007
32760,P2,CASC,-71.40,-69.99,-156,R,83185,0.0866
32770,P2,CASC,-71.55,-72.49,-156,R,83156,0.0959
32780,P2,CASC,-71.70,-70.01,-157,R,83128,0.0790
32790,P2,CASC,-71.85,-72.51,-156,R,83099,0.0857
32800,P2,CASC,-72.00,-69.99,-157,R,83071,0.0656
32810,P2,CASC,-72.15,-72.51,-156,R,83042,0.0692
32820,P2,CASC,-72.30,-72.47,-157,R,83013,0.0709
32830,P2,CASC,-72.45,-70.01,-157,R,82985,0.0465
32840,P2,CASC,-72.60,-72.50,-157,R,82956,0.0455
32850,P2,CASC,-72.75,-70.01,-158,R,82928,0.0181
32860,P2,CASC,-72.90,-69.99,-158,R,82900,-0.0110
32870,P2,CASC,-73.05,-70.00,-158,R,82872,-0.0415
32880,P2,CASC,-73.20,-72.50,-158,R,82843,-0.0485
32890,P2,CASC,-73.35,-70.01,-159,R,82815,-0.0819
32900,P2,CASC,-73.50,-74.99,-157,R,82785,-0.0671
32910,P2,CASC,-73.65,-72.50,-158,R,82756,-0.0786
32920,P2,CASC,-73.80,-72.52,-158,R,82727,-0.0914
32930,P2,CASC,-73.95,-72.49,-159,R,82698,-0.1059
32940,P2,CASC,-74.10,-75.01,-158,R,82668,-0.0968
32950,P2,CASC,-74.25,-72.50,-159,R,82639,-0.1143
32960,P2,CASC,-74.40,-74.99,-158,R,82609,-0.1084
32970,P2,CASC,-74.55,-72.51,-159,R,82580,-0.1289
32980,P2,CASC,-74.70,-74.98,-158,R,82550,-0.1261
32990,P2,CASC,-74.85,-75.03,-159,R,82520,-0.1243
33000,P2,CASC,-75.00,-77.49,-157,R,82489,-0.0994
33010,P2,CASC,-75.15,-74.99,-159,R,82459,-0.1010
33020,P2,CASC,-75.30,-77.52,-157,R,82428,-0.0788
33030,P2,CASC,-75.45,-75.00,-159,R,82398,-0.0833
33040,P2,CASC,-75.60,-77.48,-158,R,82367,-0.0644
33050,P2,CASC,-75.75,-75.00,-159,R,82337,-0.0719
33060,P2,CASC,-75.90,-74.99,-159,R,82307,-0.0810
33070,P2,CASC,-76.05,-74.99,-160,R,82277,-0.0916
33080,P2,CASC,-76.20,-77.53,-159,R,82246,-0.0783
33090,P2,CASC,-76.35,-72.50,-161,R,82217,-0.1168
33100,P2,CASC,-76.50,-77.47,-159,R,82186,-0.1071
33110,P2,CASC,-76.65,-77.53,-159,R,82155,-0.0983
33120,P2,CASC,-76.80,-75.00,-160,R,82125,-0.1163
33130,P2,CASC,-76.95,-75.00,-161,R,82095,-0.1358
33140,P2,CASC,-77.10,-77.48,-160,R,82064,-0.1319
33150,P2,CASC,-77.25,-77.48,-160,R,82033,-0.1296
33160,P2,CASC,-77.40,-75.01,-161,R,82003,-0.1534
33170,P2,CASC,-77.55,-77.51,-160,R,81972,-0.1539
33180,P2,CASC,-77.70,-77.48,-161,R,81941,-0.1561
33190,P2,CASC,-77.85,-75.01,-161,R,81911,-0.1844
33200,P2,CASC,-78.00,-79.98,-159,R,81879,-0.1646
33210,P2,CASC,-78.15,-77.52,-161,R,81848,-0.1709
33220,P2,CASC,-78.30,-77.50,-161,R,81817,-0.1789
33230,P2,CASC,-78.45,-74.99,-162,R,81787,-0.2134
33240,P2,CASC,-78.60,-77.51,-162,R,81756,-0.2244
33250,P2,CASC,-78.75,-75.00,-162,R,81726,-0.2619
33260,P2,CASC,-78.90,-77.48,-162,R,81695,-0.2760
33270,P2,CASC,-79.05,-75.01,-163,R,81665,-0.3164
33280,P2,CASC,-79.20,-77.49,-162,R,81634,-0.3335
33290,P2,CASC,-79.35,-75.01,-163,R,81604,-0.3769
33300,P2,CASC,-79.50,-79.99,-162,R,81572,-0.3719
33310,P2,CASC,-79.65,-80.02,-162,R,81540,-0.3683
33320,P2,CASC,-79.80,-75.00,-164,R,81510,-0.4163
33330,P2,CASC,-79.95,-79.98,-162,R,81478,-0.4160
33340,P2,CASC,-80.10,-77.49,-163,R,81447,-0.4421
33350,P2,CASC,-80.25,-80.02,-163,R,81415,-0.4444
33360,P2,CASC,-80.40,-77.52,-164,R,81384,-0.4733
33370,P2,CASC,-80.55,-77.48,-164,R,81353,-0.5040
33380,P2,CASC,-80.70,-77.52,-164,R,81322,-0.5359
33390,P2,CASC,-80.85,-79.98,-164,R,81290,-0.5445
33400,P2,CASC,-81.00,-77.50,-165,R,81259,-0.5795
33410,P2,CASC,-81.15,-82.48,-163,R,81226,-0.5662
33420,P2,CASC,-81.30,-77.52,-165,R,81195,-0.6040
33430,P2,CASC,-81.45,-80.00,-165,R,81163,-0.6185
33440,P2,CASC,-81.60,-75.01,-166,R,81133,-0.6844
33450,P2,CASC,-81.75,-77.51,-166,R,81102,-0.7268
33460,P2,CASC,-81.90,-77.48,-166,R,81071,-0.7710
33470,P2,CASC,-82.05,-77.51,-166,R,81040,-0.8164
33480,P2,CASC,-82.20,-77.51,-166,R,81009,-0.8633
33490,P2,CASC,-82.35,-77.49,-167,R,80978,-0.9119
33500,P2,CASC,-82.50,-79.98,-166,R,80946,-0.9370
33510,P2,CASC,-82.65,-80.01,-167,R,80914,-0.9635
33520,P2,CASC,-82.80,-82.52,-166,R,80881,-0.9663
33530,P2,CASC,-82.95,-79.93,-167,R,80849,-0.9965
33540,P2,CASC,-83.10,-80.06,-167,R,80817,-1.0269
33550,P2,CASC,-83.25,-80.01,-167,R,80785,-1.0593
33560,P2,CASC,-83.40,-82.48,-167,R,80752,-1.0685
33570,P2,CASC,-83.55,-80.02,-168,R,80720,-1.1039
33580,P2,CASC,-83.70,-82.49,-167,R,80687,-1.1160
33590,P2,CASC,-83.85,-82.52,-168,R,80654,-1.1293
33600,P2,CASC,-84.00,-82.48,-168,R,80621,-1.1445
33610,P2,CASC,-84.15,-79.98,-169,R,80589,-1.1861
33620,P2,CASC,-84.30,-80.02,-169,R,80557,-1.2290
33630,P2,CASC,-84.45,-80.00,-169,R,80525,-1.2735
33640,P2,CASC,-84.60,-80.01,-169,R,80493,-1.3194
33650,P2,CASC,-84.75,-80.01,-170,R,80461,-1.3668
33660,P2,CASC,-84.90,-80.00,-170,R,80429,-1.4158
33670,P2,CASC,-85.05,-82.48,-170,R,80396,-1.4415
33680,P2,CASC,-85.20,-80.02,-170,R,80364,-1.4933
33690,P2,CASC,-85.35,-82.47,-170,R,80331,-1.5221
33700,P2,CASC,-85.50,-80.03,-171,R,80299,-1.5768
33710,P2,CASC,-85.65,-82.50,-171,R,80266,-1.6083
33720,P2,CASC,-85.80,-82.48,-171,R,80233,-1.6416
33730,P2,CASC,-85.95,-82.52,-171,R,80200,-1.6759
33740,P2,CASC,-86.10,-80.01,-172,R,80168,-1.7368
33750,P2,CASC,-86.25,-82.47,-172,R,80135,-1.7747
33760,P2,CASC,-86.40,-82.53,-172,R,80102,-1.8133
33770,P2,CASC,-86.55,-85.00,-171,R,80068,-1.8288
33780,P2,CASC,-86.70,-82.48,-172,R,80035,-1.8710
33790,P2,CASC,-86.85,-84.98,-172,R,80001,-1.8897
33800,P2,CASC,-87.00,-82.51,-173,R,79968,-1.9346
33810,P2,CASC,-87.15,-82.50,-173,R,79935,-1.9811
33820,P2,CASC,-87.30,-82.52,-173,R,79902,-2.0288
33830,P2,CASC,-87.45,-82.50,-173,R,79869,-2.0783
33840,P2,CASC,-87.60,-82.49,-174,R,79836,-2.1294
33850,P2,CASC,-87.75,-82.50,-174,R,79803,-2.1819
33860,P2,CASC,-87.90,-82.50,-174,R,79770,-2.2359
33870,P2,CASC,-88.05,-82.48,-175,R,79737,-2.2917
33880,P2,CASC,-88.20,-82.51,-175,R,79704,-2.3486
33890,P2,CASC,-88.35,-85.01,-175,R,79670,-2.3820
33900,P2,CASC,-88.50,-84.95,-175,R,79636,-2.4175
33910,P2,CASC,-88.65,-82.57,-176,R,79603,-2.4783
33920,P2,CASC,-88.80,-84.97,-175,R,79569,-2.5166
33930,P2,CASC,-88.95,-82.51,-176,R,79536,-2.5810
33940,P2,CASC,-89.10,-84.99,-176,R,79502,-2.6221
33950,P2,CASC,-89.25,-85.02,-176,R,79468,-2.6644
33960,P2,CASC,-89.40,-84.99,-176,R,79434,-2.7085
33970,P2,CASC,-89.55,-85.01,-177,R,79400,-2.7539
33980,P2,CASC,-89.70,-85.00,-177,R,79366,-2.8009
33990,P2,CASC,-89.85,-85.01,-177,R,79332,-2.8493
34000,P2,CASC,-90.00,-82.49,-178,R,79299,-2.9244
34010,P2,CASC,-90.15,-82.49,-178,R,79266,-3.0010
34020,P2,CASC,-90.30,-85.00,-178,R,79232,-3.0540
34030,P2,CASC,-90.45,-85.00,-178,R,79198,-3.1085
34040,P2,CASC,-90.60,-87.50,-178,R,79163,-3.1395
34050,P2,CASC,-90.75,-87.50,-178,R,79128,-3.1720
34060,P2,CASC,-90.90,-84.99,-179,R,79094,-3.2311
34070,P2,CASC,-91.05,-87.50,-179,R,79059,-3.2666
34080,P2,CASC,-91.20,-87.52,-179,R,79024,-3.3034
34090,P2,CASC,-91.35,-87.47,-179,R,78989,-3.3422
34100,P2,CASC,-91.50,-85.01,-180,R,78955,-3.4071
34110,P2,CASC,-91.65,-87.49,-180,R,78920,-3.4487
34120,P2,CASC,-91.80,-87.50,-180,R,78885,-3.4917
34130,P2,CASC,-91.95,-90.04,-180,R,78849,-3.5108
34140,P2,CASC,-92.10,-87.50,-181,R,78814,-3.5568
34150,P2,CASC,-92.25,-89.99,-180,R,78778,-3.5794
34160,P2,CASC,-92.40,-87.49,-181,R,78743,-3.6285
34170,P2,CASC,-92.55,-87.50,-181,R,78708,-3.6790
34180,P2,CASC,-92.70,-84.99,-182,R,78674,-3.7561
34190,P2,CASC,-92.85,-87.53,-182,R,78639,-3.8093
34200,P2,CASC,-93.00,-89.97,-182,R,78603,-3.8396
34210,P2,CASC,-93.15,-90.01,-182,R,78567,-3.8710
34220,P2,CASC,-93.30,-92.52,-181,R,78530,-3.8788
34230,P2,CASC,-93.45,-92.49,-182,R,78493,-3.8884
34240,P2,CASC,-93.60,-92.48,-182,R,78456,-3.8996
34250,P2,CASC,-93.75,-95.00,-179,R,78418,-3.8871
34260,P2,CASC,-93.90,-92.53,-182,R,78381,-3.9008
34270,P2,CASC,-94.05,-94.96,-180,R,78343,-3.8917
34280,P2,CASC,-94.20,-95.03,-180,R,78305,-3.8834
34290,P2,CASC,-94.35,-94.97,-180,R,78267,-3.8772
34300,P2,CASC,-94.50,-95.01,-180,R,78229,-3.8721
34310,P2,CASC,-94.65,-95.02,-180,R,78191,-3.8684
34320,P2,CASC,-94.80,-92.48,-183,R,78154,-3.8916
34330,P2,CASC,-94.95,-95.03,-181,R,78116,-3.8908
34340,P2,CASC,-95.10,-92.48,-183,R,78079,-3.9170
34350,P2,CASC,-95.25,-95.01,-183,R,78041,-3.9194
34360,P2,CASC,-95.40,-92.47,-184,R,78004,-3.9487
34370,P2,CASC,-95.55,-97.51,-180,R,77965,-3.9291
34380,P2,CASC,-95.70,-95.01,-183,R,77927,-3.9360
34390,P2,CASC,-95.85,-95.01,-183,R,77889,-3.9444
34400,P2,CASC,-96.00,-97.49,-181,R,77850,-3.9295
34410,P2,CASC,-96.15,-95.00,-184,R,77812,-3.9410
34420,P2,CASC,-96.30,-95.01,-184,R,77774,-3.9539
34430,P2,CASC,-96.45,-97.49,-181,R,77735,-3.9435
34440,P2,CASC,-96.60,-97.49,-182,R,77696,-3.9346
34450,P2,CASC,-96.75,-99.98,-180,R,77656,-3.9023
34460,P2,CASC,-96.90,-97.55,-182,R,77617,-3.8958
34470,P2,CASC,-97.05,-97.48,-182,R,77578,-3.8915
34480,P2,CASC,-97.20,-95.02,-185,R,77540,-3.9133
34490,P2,CASC,-97.35,-97.46,-183,R,77501,-3.9122
34500,P2,CASC,-97.50,-97.51,-183,R,77462,-3.9121
34510,P2,CASC,-97.65,-95.01,-185,R,77424,-3.9385
34520,P2,CASC,-97.80,-97.49,-185,R,77385,-3.9416
34530,P2,CASC,-97.95,-97.50,-185,R,77346,-3.9461
34540,P2,CASC,-98.10,-100.02,-182,R,77306,-3.9269
34550,P2,CASC,-98.25,-100.01,-182,R,77266,-3.9093
34560,P2,CASC,-98.40,-97.49,-185,R,77227,-3.9184
34570,P2,CASC,-98.55,-99.99,-182,R,77187,-3.9040
34580,P2,CASC,-98.70,-99.98,-183,R,77147,-3.8912
34590,P2,CASC,-98.85,-100.03,-183,R,77107,-3.8794
34600,P2,CASC,-99.00,-102.48,-181,R,77066,-3.8446
34610,P2,CASC,-99.15,-100.02,-183,R,77026,-3.8359
34620,P2,CASC,-99.30,-97.48,-186,R,76987,-3.8541
34630,P2,CASC,-99.45,-100.01,-184,R,76947,-3.8485
34640,P2,CASC,-99.60,-97.50,-186,R,76908,-3.8695
34650,P2,CASC,-99.75,-97.52,-186,R,76869,-3.8918
34660,P2,CASC,-99.90,-99.98,-184,R,76829,-3.8910
34670,P2,CASC,-100.05,-102.52,-183,R,76788,-3.8663
34680,P2,CASC,-100.20,-100.00,-186,R,76748,-3.8683
34690,P2,CASC,-100.35,-99.99,-186,R,76708,-3.8719
34700,P2,CASC,-100.50,-99.99,-186,R,76668,-3.8770
34710,P2,CASC,-100.65,-102.50,-184,R,76627,-3.8585
34720,P2,CASC,-100.80,-100.01,-187,R,76587,-3.8664
34730,P2,CASC,-100.95,-99.99,-187,R,76547,-3.8760
34740,P2,CASC,-101.10,-100.01,-187,R,76507,-3.8869
34750,P2,CASC,-101.25,-102.51,-184,R,76466,-3.8743
34760,P2,CASC,-101.40,-102.47,-185,R,76425,-3.8636
34770,P2,CASC,-101.55,-102.50,-185,R,76384,-3.8541
34780,P2,CASC,-101.70,-100.01,-187,R,76344,-3.8710
34790,P2,CASC,-101.85,-100.00,-187,R,76304,-3.8895
34800,P2,CASC,-102.00,-97.50,-188,R,76265,-3.9345
34810,P2,CASC,-102.15,-100.01,-188,R,76225,-3.9559
34820,P2,CASC,-102.30,-102.51,-186,R,76184,-3.9538
34830,P2,CASC,-102.45,-102.49,-186,R,76143,-3.9534
34840,P2,CASC,-102.60,-102.49,-188,R,76102,-3.9545
34850,P2,CASC,-102.75,-105.00,-185,R,76060,-3.9320
34860,P2,CASC,-102.90,-107.51,-183,R,76017,-3.8859
34870,P2,CASC,-103.05,-104.99,-185,R,75975,-3.8665
34880,P2,CASC,-103.20,-105.02,-185,R,75933,-3.8483
34890,P2,CASC,-103.35,-105.00,-185,R,75891,-3.8318
34900,P2,CASC,-103.50,-107.48,-184,R,75848,-3.7920
34910,P2,CASC,-103.65,-102.50,-188,R,75807,-3.8035
34920,P2,CASC,-103.80,-107.51,-184,R,75764,-3.7664
34930,P2,CASC,-103.95,-102.47,-188,R,75723,-3.7812
34940,P2,CASC,-104.10,-102.52,-189,R,75682,-3.7970
34950,P2,CASC,-104.25,-105.00,-186,R,75640,-3.7895
34960,P2,CASC,-104.40,-104.99,-187,R,75598,-3.7836
34970,P2,CASC,-104.55,-105.02,-187,R,75556,-3.7789
34980,P2,CASC,-104.70,-102.51,-189,R,75515,-3.8008
34990,P2,CASC,-104.85,-109.99,-184,R,75471,-3.7494
35000,P2,CASC,-105.00,-104.98,-189,R,75429,-3.7496
35010,P2,CASC,-105.15,-104.99,-189,R,75387,-3.7512
35020,P2,CASC,-105.30,-107.53,-186,R,75344,-3.7289
35030,P2,CASC,-105.45,-107.48,-186,R,75301,-3.7086
35040,P2,CASC,-105.60,-107.44,-186,R,75258,-3.6903
35050,P2,CASC,-105.75,-107.58,-186,R,75215,-3.6720
35060,P2,CASC,-105.90,-105.01,-189,R,75173,-3.6809
35070,P2,CASC,-106.05,-107.49,-187,R,75130,-3.6665
35080,P2,CASC,-106.20,-105.02,-189,R,75088,-3.6783
35090,P2,CASC,-106.35,-107.48,-187,R,75045,-3.6670
35100,P2,CASC,-106.50,-104.98,-190,R,75003,-3.6822
35110,P2,CASC,-106.65,-107.52,-187,R,74960,-3.6735
35120,P2,CASC,-106.80,-107.47,-188,R,74917,-3.6668
35130,P2,CASC,-106.95,-107.54,-188,R,74874,-3.6609
35140,P2,CASC,-107.10,-107.48,-188,R,74831,-3.6571
35150,P2,CASC,-107.25,-109.99,-187,R,74787,-3.6297
35160,P2,CASC,-107.40,-110.01,-187,R,74743,-3.6036
35170,P2,CASC,-107.55,-107.51,-190,R,74700,-3.6040
35180,P2,CASC,-107.70,-110.01,-187,R,74656,-3.5809
35190,P2,CASC,-107.85,-109.98,-187,R,74612,-3.5596
35200,P2,CASC,-108.00,-110.00,-187,R,74568,-3.5396
35210,P2,CASC,-108.15,-107.51,-190,R,74525,-3.5460
35220,P2,CASC,-108.30,-105.02,-191,R,74483,-3.5788
35230,P2,CASC,-108.45,-109.98,-188,R,74439,-3.5635
35240,P2,CASC,-108.60,-107.49,-191,R,74396,-3.5746
35250,P2,CASC,-108.75,-110.03,-188,R,74352,-3.5618
35260,P2,CASC,-108.90,-110.00,-188,R,74308,-3.5508
35270,P2,CASC,-109.05,-110.00,-189,R,74264,-3.5413
35280,P2,CASC,-109.20,-109.98,-189,R,74220,-3.5335
35290,P2,CASC,-109.35,-107.49,-191,R,74177,-3.5521
35300,P2,CASC,-109.50,-107.49,-191,R,74134,-3.5722
35310,P2,CASC,-109.65,-110.04,-189,R,74090,-3.5683
35320,P2,CASC,-109.80,-109.97,-190,R,74046,-3.5666
35330,P2,CASC,-109.95,-109.99,-190,R,74002,-3.5662
35340,P2,CASC,-110.10,-110.02,-191,R,73958,-3.5670
35350,P2,CASC,-110.25,-107.52,-192,R,73915,-3.5943
35360,P2,CASC,-110.40,-107.46,-192,R,73872,-3.6237
35370,P2,CASC,-110.55,-107.53,-193,R,73829,-3.6539
35380,P2,CASC,-110.70,-110.00,-192,R,73785,-3.6609
35390,P2,CASC,-110.85,-112.48,-190,R,73740,-3.6446
35400,P2,CASC,-111.00,-112.51,-190,R,73695,-3.6295
35410,P2,CASC,-111.15,-114.99,-188,R,73649,-3.5911
35420,P2,CASC,-111.30,-112.53,-190,R,73604,-3.5788
35430,P2,CASC,-111.45,-117.48,-187,R,73557,-3.5185
35440,P2,CASC,-111.60,-112.50,-190,R,73512,-3.5095
35450,P2,CASC,-111.75,-115.00,-189,R,73466,-3.4770
35460,P2,CASC,-111.90,-115.02,-189,R,73420,-3.4458
35470,P2,CASC,-112.05,-114.98,-189,R,73374,-3.4165
35480,P2,CASC,-112.20,-110.02,-193,R,73330,-3.4383
35490,P2,CASC,-112.35,-112.50,-191,R,73285,-3.4368
35500,P2,CASC,-112.50,-112.50,-191,R,73240,-3.4368
35510,P2,CASC,-112.65,-114.98,-190,R,73194,-3.4135
35520,P2,CASC,-112.80,-112.48,-193,R,73149,-3.4168
35530,P2,CASC,-112.95,-112.52,-193,R,73104,-3.4210
35540,P2,CASC,-113.10,-117.52,-188,R,73057,-3.3768
35550,P2,CASC,-113.25,-112.49,-193,R,73012,-3.3844
35560,P2,CASC,-113.40,-114.98,-190,R,72966,-3.3686
35570,P2,CASC,-113.55,-115.03,-191,R,72920,-3.3538
35580,P2,CASC,-113.70,-115.00,-191,R,72874,-3.3408
35590,P2,CASC,-113.85,-117.45,-189,R,72827,-3.3048
35600,P2,CASC,-114.00,-115.05,-191,R,72781,-3.2943
35610,P2,CASC,-114.15,-112.49,-194,R,72736,-3.3109
35620,P2,CASC,-114.30,-115.01,-191,R,72690,-3.3038
35630,P2,CASC,-114.45,-114.98,-192,R,72644,-3.2985
35640,P2,CASC,-114.60,-112.50,-194,R,72599,-3.3195
35650,P2,CASC,-114.75,-114.98,-192,R,72553,-3.3173
35660,P2,CASC,-114.90,-115.03,-192,R,72507,-3.3159
35670,P2,CASC,-115.05,-117.48,-191,R,72460,-3.2917
35680,P2,CASC,-115.20,-117.54,-191,R,72413,-3.2683
35690,P2,CASC,-115.35,-117.50,-191,R,72366,-3.2468
35700,P2,CASC,-115.50,-117.45,-191,R,72319,-3.2273
35710,P2,CASC,-115.65,-120.04,-190,R,72271,-3.1834
35720,P2,CASC,-115.80,-117.51,-191,R,72224,-3.1663
35730,P2,CASC,-115.95,-114.95,-194,R,72178,-3.1763
35740,P2,CASC,-116.10,-117.46,-192,R,72131,-3.1626
35750,P2,CASC,-116.25,-112.58,-195,R,72086,-3.1993
35760,P2,CASC,-116.40,-117.45,-192,R,72039,-3.1888
35770,P2,CASC,-116.55,-115.03,-195,R,71993,-3.2039
35780,P2,CASC,-116.70,-120.00,-191,R,71945,-3.1709
35790,P2,CASC,-116.85,-114.99,-195,R,71899,-3.1896
35800,P2,CASC,-117.00,-120.00,-191,R,71851,-3.1596
35810,P2,CASC,-117.15,-117.49,-193,R,71804,-3.1562
35820,P2,CASC,-117.30,-115.03,-195,R,71758,-3.1788
35830,P2,CASC,-117.45,-115.00,-195,R,71712,-3.2033
35840,P2,CASC,-117.60,-119.96,-192,R,71664,-3.1797
35850,P2,CASC,-117.75,-117.51,-195,R,71617,-3.1821
35860,P2,CASC,-117.90,-117.50,-195,R,71570,-3.1861
35870,P2,CASC,-118.05,-115.01,-196,R,71524,-3.2165
35880,P2,CASC,-118.20,-115.00,-196,R,71478,-3.2485
35890,P2,CASC,-118.35,-117.46,-196,R,71431,-3.2573
35900,P2,CASC,-118.50,-117.55,-196,R,71384,-3.2668
35910,P2,CASC,-118.65,-122.44,-192,R,71335,-3.2290
35920,P2,CASC,-118.80,-120.05,-194,R,71287,-3.2165
35930,P2,CASC,-118.95,-122.46,-192,R,71238,-3.1813
35940,P2,CASC,-119.10,-122.44,-192,R,71189,-3.1480
35950,P2,CASC,-119.25,-122.59,-192,R,71140,-3.1146
35960,P2,CASC,-119.40,-122.49,-193,R,71091,-3.0837
35970,P2,CASC,-119.55,-122.54,-193,R,71042,-3.0538
35980,P2,CASC,-119.70,-122.46,-193,R,70993,-3.0262
35990,P2,CASC,-119.85,-120.04,-195,R,70945,-3.0244
36000,P2,CASC,-120.00,-122.49,-193,R,70896,-2.9995
36010,P2,CASC,-120.15,-120.00,-196,R,70848,-3.0010
36020,P2,CASC,-120.30,-120.01,-196,R,70800,-3.0039
36030,P2,CASC,-120.45,-122.48,-194,R,70751,-2.9836
36040,P2,CASC,-120.60,-119.99,-196,R,70703,-2.9897
36050,P2,CASC,-120.75,-124.99,-192,R,70653,-2.9473
36060,P2,CASC,-120.90,-120.00,-197,R,70605,-2.9563
36070,P2,CASC,-121.05,-122.54,-194,R,70556,-2.9415
36080,P2,CASC,-121.20,-120.01,-197,R,70508,-2.9534
36090,P2,CASC,-121.35,-124.96,-193,R,70458,-2.9172
36100,P2,CASC,-121.50,-124.99,-193,R,70408,-2.8824
36110,P2,CASC,-121.65,-122.50,-195,R,70359,-2.8739
36120,P2,CASC,-121.80,-122.50,-195,R,70310,-2.8669
36130,P2,CASC,-121.95,-120.04,-197,R,70262,-2.8860
36140,P2,CASC,-122.10,-119.98,-197,R,70214,-2.9072
36150,P2,CASC,-122.25,-125.00,-194,R,70164,-2.8797
36160,P2,CASC,-122.40,-122.51,-196,R,70115,-2.8786
36170,P2,CASC,-122.55,-124.99,-194,R,70065,-2.8542
36180,P2,CASC,-122.70,-125.01,-195,R,70015,-2.8311
36190,P2,CASC,-122.85,-124.99,-195,R,69965,-2.8097
36200,P2,CASC,-123.00,-125.01,-195,R,69915,-2.7896
36210,P2,CASC,-123.15,-125.01,-195,R,69865,-2.7710
36220,P2,CASC,-123.30,-127.51,-193,R,69814,-2.7289
36230,P2,CASC,-123.45,-124.96,-195,R,69764,-2.7137
36240,P2,CASC,-123.60,-122.54,-198,R,69715,-2.7244
36250,P2,CASC,-123.75,-122.46,-198,R,69666,-2.7372
36260,P2,CASC,-123.90,-122.50,-198,R,69617,-2.7512
36270,P2,CASC,-124.05,-127.42,-194,R,69566,-2.7175
36280,P2,CASC,-124.20,-122.61,-198,R,69517,-2.7334
36290,P2,CASC,-124.35,-127.49,-195,R,69466,-2.7020
36300,P2,CASC,-124.50,-122.48,-198,R,69417,-2.7223
36310,P2,CASC,-124.65,-125.03,-197,R,69367,-2.7185
36320,P2,CASC,-124.80,-125.01,-197,R,69317,-2.7164
36330,P2,CASC,-124.95,-124.99,-197,R,69267,-2.7160
36340,P2,CASC,-125.10,-124.99,-198,R,69217,-2.7171
36350,P2,CASC,-125.25,-124.99,-198,R,69167,-2.7198
36360,P2,CASC,-125.40,-122.51,-199,R,69118,-2.7487
36370,P2,CASC,-125.55,-122.49,-200,R,69069,-2.7793
36380,P2,CASC,-125.70,-122.52,-200,R,69020,-2.8110
36390,P2,CASC,-125.85,-127.51,-197,R,68969,-2.7944
36400,P2,CASC,-126.00,-127.50,-197,R,68918,-2.7794
36410,P2,CASC,-126.15,-130.00,-195,R,68866,-2.7409
36420,P2,CASC,-126.30,-129.95,-196,R,68814,-2.7044
36430,P2,CASC,-126.45,-130.03,-196,R,68762,-2.6687
36440,P2,CASC,-126.60,-130.03,-196,R,68710,-2.6344
36450,P2,CASC,-126.75,-129.97,-196,R,68658,-2.6022
36460,P2,CASC,-126.90,-130.03,-196,R,68606,-2.5709
36470,P2,CASC,-127.05,-129.96,-196,R,68554,-2.5418
36480,P2,CASC,-127.20,-127.49,-198,R,68503,-2.5389
36490,P2,CASC,-127.35,-127.55,-198,R,68452,-2.5369
36500,P2,CASC,-127.50,-127.50,-198,R,68401,-2.5369
36510,P2,CASC,-127.65,-129.91,-197,R,68349,-2.5143
36520,P2,CASC,-127.80,-127.58,-200,R,68298,-2.5166
36530,P2,CASC,-127.95,-127.51,-200,R,68247,-2.5209
36540,P2,CASC,-128.10,-129.96,-197,R,68195,-2.5023
36550,P2,CASC,-128.25,-130.03,-198,R,68143,-2.4846
36560,P2,CASC,-128.40,-129.99,-198,R,68091,-2.4687
36570,P2,CASC,-128.55,-129.97,-198,R,68039,-2.4544
36580,P2,CASC,-128.70,-130.01,-198,R,67987,-2.4413
36590,P2,CASC,-128.85,-130.01,-198,R,67935,-2.4297
36600,P2,CASC,-129.00,-127.47,-200,R,67884,-2.4449
36610,P2,CASC,-129.15,-130.04,-199,R,67832,-2.4360
36620,P2,CASC,-129.30,-129.97,-199,R,67780,-2.4293
36630,P2,CASC,-129.45,-130.00,-199,R,67728,-2.4238
36640,P2,CASC,-129.60,-130.03,-199,R,67676,-2.4195
36650,P2,CASC,-129.75,-132.47,-198,R,67623,-2.3923
36660,P2,CASC,-129.90,-132.51,-198,R,67570,-2.3662
36670,P2,CASC,-130.05,-132.49,-198,R,67517,-2.3418
36680,P2,CASC,-130.20,-135.04,-196,R,67463,-2.2934
36690,P2,CASC,-130.35,-132.50,-198,R,67410,-2.2719
36700,P2,CASC,-130.50,-132.47,-198,R,67357,-2.2522
36710,P2,CASC,-130.65,-127.50,-201,R,67306,-2.2837
36720,P2,CASC,-130.80,-130.03,-201,R,67254,-2.2914
36730,P2,CASC,-130.95,-129.99,-201,R,67202,-2.3010
36740,P2,CASC,-131.10,-135.00,-197,R,67148,-2.2620
36750,P2,CASC,-131.25,-130.01,-201,R,67096,-2.2744
36760,P2,CASC,-131.40,-132.46,-199,R,67043,-2.2638
36770,P2,CASC,-131.55,-130.01,-202,R,66991,-2.2792
36780,P2,CASC,-131.70,-132.49,-200,R,66938,-2.2713
36790,P2,CASC,-131.85,-130.00,-202,R,66886,-2.2898
36800,P2,CASC,-132.00,-132.53,-200,R,66833,-2.2845
36810,P2,CASC,-132.15,-132.50,-200,R,66780,-2.2810
36820,P2,CASC,-132.30,-130.01,-202,R,66728,-2.3039
36830,P2,CASC,-132.45,-127.49,-203,R,66677,-2.3535
36840,P2,CASC,-132.60,-129.99,-203,R,66625,-2.3797
36850,P2,CASC,-132.75,-132.53,-202,R,66572,-2.3819
36860,P2,CASC,-132.90,-132.47,-202,R,66519,-2.3862
36870,P2,CASC,-133.05,-137.51,-198,R,66464,-2.3415
36880,P2,CASC,-133.20,-137.50,-199,R,66409,-2.2985
36890,P2,CASC,-133.35,-137.46,-199,R,66354,-2.2575
36900,P2,CASC,-133.50,-137.50,-199,R,66299,-2.2175
36910,P2,CASC,-133.65,-137.54,-199,R,66244,-2.1785
36920,P2,CASC,-133.80,-137.50,-199,R,66189,-2.1415
36930,P2,CASC,-133.95,-134.97,-201,R,66135,-2.1313
36940,P2,CASC,-134.10,-132.50,-203,R,66082,-2.1473
36950,P2,CASC,-134.25,-135.04,-201,R,66028,-2.1394
36960,P2,CASC,-134.40,-137.46,-200,R,65973,-2.1088
36970,P2,CASC,-134.55,-135.00,-201,R,65919,-2.1043
36980,P2,CASC,-134.70,-137.50,-200,R,65864,-2.0763
36990,P2,CASC,-134.85,-135.01,-202,R,65810,-2.0747
37000,P2,CASC,-135.00,-135.01,-202,R,65756,-2.0745
37010,P2,CASC,-135.15,-134.97,-203,R,65702,-2.0763
37020,P2,CASC,-135.30,-137.51,-201,R,65647,-2.0542
37030,P2,CASC,-135.45,-137.47,-201,R,65592,-2.0340
37040,P2,CASC,-135.60,-137.50,-201,R,65537,-2.0150
37050,P2,CASC,-135.75,-135.01,-203,R,65483,-2.0223
37060,P2,CASC,-135.90,-135.04,-203,R,65429,-2.0309
37070,P2,CASC,-136.05,-137.50,-202,R,65374,-2.0164
37080,P2,CASC,-136.20,-134.99,-204,R,65320,-2.0285
37090,P2,CASC,-136.35,-140.01,-200,R,65264,-1.9919
37100,P2,CASC,-136.50,-140.00,-200,R,65208,-1.9569
37110,P2,CASC,-136.65,-139.96,-200,R,65152,-1.9238
37120,P2,CASC,-136.80,-140.03,-201,R,65096,-1.8915
37130,P2,CASC,-136.95,-140.00,-201,R,65040,-1.8610
37140,P2,CASC,-137.10,-140.00,-201,R,64984,-1.8320
37150,P2,CASC,-137.25,-137.47,-203,R,64929,-1.8298
37160,P2,CASC,-137.40,-135.03,-204,R,64875,-1.8536
37170,P2,CASC,-137.55,-137.50,-204,R,64820,-1.8541
37180,P2,CASC,-137.70,-139.97,-202,R,64764,-1.8313
37190,P2,CASC,-137.85,-137.53,-204,R,64709,-1.8346
37200,P2,CASC,-138.00,-139.97,-202,R,64653,-1.8148
37210,P2,CASC,-138.15,-137.51,-204,R,64598,-1.8212
37220,P2,CASC,-138.30,-137.50,-204,R,64543,-1.8292
37230,P2,CASC,-138.45,-137.50,-204,R,64488,-1.8387
37240,P2,CASC,-138.60,-140.00,-203,R,64432,-1.8247
37250,P2,CASC,-138.75,-137.53,-205,R,64377,-1.8369
37260,P2,CASC,-138.90,-134.95,-206,R,64323,-1.8765
37270,P2,CASC,-139.05,-137.53,-205,R,64268,-1.8917
37280,P2,CASC,-139.20,-134.99,-206,R,64214,-1.9338
37290,P2,CASC,-139.35,-140.03,-204,R,64158,-1.9270
37300,P2,CASC,-139.50,-142.49,-202,R,64101,-1.8972
37310,P2,CASC,-139.65,-144.90,-201,R,64043,-1.8447
37320,P2,CASC,-139.80,-140.10,-204,R,63987,-1.8417
37330,P2,CASC,-139.95,-145.01,-201,R,63929,-1.7911
37340,P2,CASC,-140.10,-144.99,-201,R,63871,-1.7422
37350,P2,CASC,-140.25,-145.01,-201,R,63813,-1.6946
37360,P2,CASC,-140.40,-142.47,-203,R,63756,-1.6739
37370,P2,CASC,-140.55,-140.01,-205,R,63700,-1.6792
37380,P2,CASC,-140.70,-142.49,-203,R,63643,-1.6614
37390,P2,CASC,-140.85,-142.54,-203,R,63586,-1.6444
37400,P2,CASC,-141.00,-139.99,-206,R,63530,-1.6546
37410,P2,CASC,-141.15,-144.96,-202,R,63472,-1.6165
37420,P2,CASC,-141.30,-140.04,-206,R,63416,-1.6291
37430,P2,CASC,-141.45,-142.49,-204,R,63359,-1.6187
37440,P2,CASC,-141.60,-140.01,-206,R,63303,-1.6346
37450,P2,CASC,-141.75,-144.97,-203,R,63245,-1.6024
37460,P2,CASC,-141.90,-142.54,-205,R,63188,-1.5960
37470,P2,CASC,-142.05,-142.50,-205,R,63131,-1.5915
37480,P2,CASC,-142.20,-142.49,-205,R,63074,-1.5886
37490,P2,CASC,-142.35,-142.41,-205,R,63017,-1.5880
37500,P2,CASC,-142.50,-142.56,-205,R,62960,-1.5874
37510,P2,CASC,-142.65,-142.54,-206,R,62903,-1.5885
37520,P2,CASC,-142.80,-147.47,-203,R,62844,-1.5417
37530,P2,CASC,-142.95,-145.00,-204,R,62786,-1.5212
37540,P2,CASC,-143.10,-147.43,-203,R,62727,-1.4780
37550,P2,CASC,-143.25,-147.56,-203,R,62668,-1.4349
37560,P2,CASC,-143.40,-145.04,-205,R,62610,-1.4185
37570,P2,CASC,-143.55,-147.49,-203,R,62551,-1.3791
37580,P2,CASC,-143.70,-139.97,-207,R,62495,-1.4164
37590,P2,CASC,-143.85,-142.51,-207,R,62438,-1.4297
37600,P2,CASC,-144.00,-144.99,-205,R,62380,-1.4199
37610,P2,CASC,-144.15,-145.00,-206,R,62322,-1.4114
37620,P2,CASC,-144.30,-145.03,-206,R,62264,-1.4041
37630,P2,CASC,-144.45,-144.99,-206,R,62206,-1.3987
37640,P2,CASC,-144.60,-142.51,-207,R,62149,-1.4196
37650,P2,CASC,-144.75,-145.01,-206,R,62091,-1.4170
37660,P2,CASC,-144.90,-144.97,-207,R,62033,-1.4162
37670,P2,CASC,-145.05,-145.03,-207,R,61975,-1.4165
37680,P2,CASC,-145.20,-139.97,-209,R,61919,-1.4687
37690,P2,CASC,-145.35,-142.53,-208,R,61862,-1.4970
37700,P2,CASC,-145.50,-142.46,-209,R,61805,-1.5274
37710,P2,CASC,-145.65,-145.03,-208,R,61747,-1.5336
37720,P2,CASC,-145.80,-150.01,-205,R,61687,-1.4914
37730,P2,CASC,-145.95,-147.46,-206,R,61628,-1.4764
37740,P2,CASC,-146.10,-152.53,-203,R,61567,-1.4121
37750,P2,CASC,-146.25,-150.00,-205,R,61507,-1.3746
37760,P2,CASC,-146.40,-152.47,-203,R,61446,-1.3139
37770,P2,CASC,-146.55,-149.94,-205,R,61386,-1.2800
37780,P2,CASC,-146.70,-145.07,-208,R,61328,-1.2963
37790,P2,CASC,-146.85,-147.49,-207,R,61269,-1.2899
37800,P2,CASC,-147.00,-147.53,-207,R,61210,-1.2846
37810,P2,CASC,-147.15,-149.97,-206,R,61150,-1.2564
37820,P2,CASC,-147.30,-147.53,-208,R,61091,-1.2541
37830,P2,CASC,-147.45,-147.50,-208,R,61032,-1.2536
37840,P2,CASC,-147.60,-149.99,-206,R,60972,-1.2298
37850,P2,CASC,-147.75,-147.50,-208,R,60913,-1.2323
37860,P2,CASC,-147.90,-150.01,-207,R,60853,-1.2111
37870,P2,CASC,-148.05,-149.99,-207,R,60793,-1.1918
37880,P2,CASC,-148.20,-147.49,-209,R,60734,-1.1989
37890,P2,CASC,-148.35,-147.54,-209,R,60675,-1.2070
37900,P2,CASC,-148.50,-147.47,-209,R,60616,-1.2173
37910,P2,CASC,-148.65,-152.47,-206,R,60555,-1.1791
37920,P2,CASC,-148.80,-147.53,-209,R,60496,-1.1918
37930,P2,CASC,-148.95,-152.52,-206,R,60435,-1.1561
37940,P2,CASC,-149.10,-152.47,-206,R,60374,-1.1224
37950,P2,CASC,-149.25,-152.53,-206,R,60313,-1.0896
37960,P2,CASC,-149.40,-154.98,-205,R,60251,-1.0338
37970,P2,CASC,-149.55,-152.48,-207,R,60190,-1.0044
37980,P2,CASC,-149.70,-150.00,-208,R,60130,-1.0014
37990,P2,CASC,-149.85,-147.50,-210,R,60071,-1.0249
38000,P2,CASC,-150.00,-150.01,-209,R,60011,-1.0248
38010,P2,CASC,-150.00,-152.48,-207,R,59950,-0.9999
38020,P2,CASC,-150.00,-150.00,-209,R,59890,-0.9999
38030,P2,CASC,-150.00,-150.00,-209,R,59830,-0.9999
38040,P2,CASC,-150.00,-150.05,-209,R,59770,-0.9995
38050,P2,CASC,-150.00,-149.96,-209,R,59710,-0.9999
38060,P2,CASC,-150.00,-150.05,-209,R,59650,-0.9995
38070,P2,CASC,-150.00,-150.00,-209,R,59590,-0.9995
38080,P2,CASC,-150.00,-147.44,-210,R,59531,-1.0251
38090,P2,CASC,-150.00,-147.53,-210,R,59472,-1.0498
38100,P2,CASC,-150.00,-147.51,-210,R,59413,-1.0746
38110,P2,CASC,-150.00,-152.38,-207,R,59352,-1.0508
38120,P2,CASC,-150.00,-152.59,-207,R,59291,-1.0249
38130,P2,CASC,-150.00,-152.55,-207,R,59230,-0.9995
38140,P2,CASC,-150.00,-154.98,-205,R,59168,-0.9496
38150,P2,CASC,-150.00,-155.00,-205,R,59106,-0.8996
38160,P2,CASC,-150.00,-154.98,-205,R,59044,-0.8498
38170,P2,CASC,-150.00,-154.97,-205,R,58982,-0.8001
38180,P2,CASC,-150.00,-150.01,-208,R,58922,-0.7999
38190,P2,CASC,-150.00,-152.48,-207,R,58861,-0.7751
38200,P2,CASC,-150.00,-150.05,-208,R,58801,-0.7746
38210,P2,CASC,-150.00,-149.99,-209,R,58741,-0.7748
38220,P2,CASC,-150.00,-152.50,-207,R,58680,-0.7498
38230,P2,CASC,-150.00,-150.00,-208,R,58620,-0.7498
38240,P2,CASC,-150.00,-152.48,-207,R,58559,-0.7249
38250,P2,CASC,-150.00,-150.05,-208,R,58499,-0.7245
38260,P2,CASC,-150.00,-152.50,-206,R,58438,-0.6995
38270,P2,CASC,-150.00,-150.00,-208,R,58378,-0.6995
38280,P2,CASC,-150.00,-149.97,-208,R,58318,-0.6998
38290,P2,CASC,-150.00,-150.03,-208,R,58258,-0.6995
38300,P2,CASC,-150.00,-150.00,-208,R,58198,-0.6995
38310,P2,CASC,-150.00,-149.96,-208,R,58138,-0.6999
38320,P2,CASC,-150.00,-152.55,-206,R,58077,-0.6745
38330,P2,CASC,-150.00,-152.48,-206,R,58016,-0.6496
38340,P2,CASC,-150.00,-152.47,-206,R,57955,-0.6249
38350,P2,CASC,-150.00,-152.52,-206,R,57894,-0.5998
38360,P2,CASC,-150.00,-154.98,-205,R,57832,-0.5500
38370,P2,CASC,-150.00,-152.53,-206,R,57771,-0.5246
38380,P2,CASC,-150.00,-147.50,-209,R,57712,-0.5496
38390,P2,CASC,-150.00,-149.97,-208,R,57652,-0.5499
38400,P2,CASC,-150.00,-149.93,-208,R,57592,-0.5507
38410,P2,CASC,-150.00,-150.08,-208,R,57532,-0.5499
38420,P2,CASC,-150.00,-150.03,-208,R,57472,-0.5496
38430,P2,CASC,-150.00,-150.01,-208,R,57412,-0.5495
38440,P2,CASC,-150.00,-149.99,-208,R,57352,-0.5496
38450,P2,CASC,-150.00,-147.47,-209,R,57293,-0.5749
38460,P2,CASC,-150.00,-150.03,-208,R,57233,-0.5746
38470,P2,CASC,-150.00,-149.99,-208,R,57173,-0.5748
38480,P2,CASC,-150.00,-144.97,-209,R,57115,-0.6251
38490,P2,CASC,-150.00,-145.03,-210,R,57057,-0.6748
38500,P2,CASC,-150.00,-147.49,-209,R,56998,-0.6999
38510,P2,CASC,-150.00,-150.05,-208,R,56938,-0.6995
38520,P2,CASC,-150.00,-154.92,-205,R,56876,-0.6503
38530,P2,CASC,-150.00,-150.03,-208,R,56816,-0.6500
38540,P2,CASC,-150.00,-155.05,-205,R,56754,-0.5995
38550,P2,CASC,-150.00,-154.97,-205,R,56692,-0.5498
38560,P2,CASC,-150.00,-155.00,-204,R,56630,-0.4998
38570,P2,CASC,-150.00,-152.50,-206,R,56569,-0.4748
38580,P2,CASC,-150.00,-150.00,-208,R,56509,-0.4748
38590,P2,CASC,-150.00,-149.99,-208,R,56449,-0.4750
38600,P2,CASC,-150.00,-150.01,-208,R,56389,-0.4748
38610,P2,CASC,-150.00,-150.01,-208,R,56329,-0.4747
38620,P2,CASC,-150.00,-152.52,-206,R,56268,-0.4495
38630,P2,CASC,-150.00,-149.99,-208,R,56208,-0.4497
38640,P2,CASC,-150.00,-150.00,-208,R,56148,-0.4497
38650,P2,CASC,-150.00,-149.97,-208,R,56088,-0.4500
38660,P2,CASC,-150.00,-152.52,-206,R,56027,-0.4248
38670,P2,CASC,-150.00,-150.01,-207,R,55967,-0.4247
38680,P2,CASC,-150.00,-150.00,-207,R,55907,-0.4247
38690,P2,CASC,-150.00,-150.01,-207,R,55847,-0.4245
38700,P2,CASC,-150.00,-147.46,-208,R,55788,-0.4499
38710,P2,CASC,-150.00,-149.99,-208,R,55728,-0.4501
38720,P2,CASC,-150.00,-152.56,-206,R,55667,-0.4245
38730,P2,CASC,-150.00,-150.00,-207,R,55607,-0.4245
38740,P2,CASC,-150.00,-154.95,-204,R,55545,-0.3749
38750,P2,CASC,-150.00,-152.53,-206,R,55484,-0.3496
38760,P2,CASC,-150.00,-152.47,-206,R,55423,-0.3249
38770,P2,CASC,-150.00,-152.48,-206,R,55362,-0.3001
38780,P2,CASC,-150.00,-147.53,-208,R,55303,-0.3248
38790,P2,CASC,-150.00,-147.50,-208,R,55244,-0.3498
38800,P2,CASC,-150.00,-149.99,-207,R,55184,-0.3500
38810,P2,CASC,-150.00,-150.05,-207,R,55124,-0.3495
38820,P2,CASC,-150.00,-149.96,-207,R,55064,-0.3500
38830,P2,CASC,-150.00,-147.51,-208,R,55005,-0.3748
38840,P2,CASC,-150.00,-150.00,-207,R,54945,-0.3748
38850,P2,CASC,-150.00,-147.53,-208,R,54886,-0.3995
38860,P2,CASC,-150.00,-149.99,-208,R,54826,-0.3997
38870,P2,CASC,-150.00,-147.51,-208,R,54767,-0.4245
38880,P2,CASC,-150.00,-145.00,-209,R,54709,-0.4745
38890,P2,CASC,-150.00,-144.99,-209,R,54651,-0.5247
38900,P2,CASC,-150.00,-144.97,-209,R,54593,-0.5749
38910,P2,CASC,-150.00,-150.00,-208,R,54533,-0.5749
38920,P2,CASC,-150.00,-152.48,-206,R,54472,-0.5501
38930,P2,CASC,-150.00,-150.03,-208,R,54412,-0.5498
38940,P2,CASC,-150.00,-155.02,-204,R,54350,-0.4996
38950,P2,CASC,-150.00,-154.98,-204,R,54288,-0.4498
38960,P2,CASC,-150.00,-152.53,-206,R,54227,-0.4245
38970,P2,CASC,-150.00,-152.48,-206,R,54166,-0.3996
38980,P2,CASC,-150.00,-149.97,-208,R,54106,-0.3999
38990,P2,CASC,-150.00,-150.01,-207,R,54046,-0.3998
39000,P2,CASC,-150.00,-150.00,-207,R,53986,-0.3998
39010,P2,CASC,-150.00,-150.03,-207,R,53926,-0.3995
39020,P2,CASC,-150.00,-152.44,-206,R,53865,-0.3751
39030,P2,CASC,-150.00,-147.50,-208,R,53806,-0.4001
39040,P2,CASC,-150.00,-150.01,-207,R,53746,-0.4000
39050,P2,CASC,-150.00,-150.05,-207,R,53686,-0.3995
39060,P2,CASC,-150.00,-149.96,-208,R,53626,-0.4000
39070,P2,CASC,-150.00,-152.52,-206,R,53565,-0.3748
39080,P2,CASC,-150.00,-147.53,-208,R,53506,-0.3995
39090,P2,CASC,-150.00,-149.97,-208,R,53446,-0.3998
39100,P2,CASC,-150.00,-147.50,-208,R,53387,-0.4248
39110,P2,CASC,-150.00,-150.01,-207,R,53327,-0.4247
39120,P2,CASC,-150.00,-152.48,-206,R,53266,-0.3998
39130,P2,CASC,-150.00,-150.00,-207,R,53206,-0.3998
39140,P2,CASC,-150.00,-155.02,-204,R,53144,-0.3497
39150,P2,CASC,-150.00,-152.48,-206,R,53083,-0.3248
39160,P2,CASC,-150.00,-152.53,-206,R,53022,-0.2995
39170,P2,CASC,-150.00,-152.47,-206,R,52961,-0.2748
39180,P2,CASC,-150.00,-145.00,-209,R,52903,-0.3248
39190,P2,CASC,-150.00,-149.99,-207,R,52843,-0.3250
39200,P2,CASC,-150.00,-150.01,-207,R,52783,-0.3248
39210,P2,CASC,-150.00,-149.99,-207,R,52723,-0.3250
39220,P2,CASC,-150.00,-150.03,-207,R,52663,-0.3247
39230,P2,CASC,-150.00,-147.51,-208,R,52604,-0.3495
39240,P2,CASC,-150.00,-149.99,-207,R,52544,-0.3497
39250,P2,CASC,-150.00,-147.47,-208,R,52485,-0.3750
39260,P2,CASC,-150.00,-150.05,-207,R,52425,-0.3745
39270,P2,CASC,-150.00,-147.49,-208,R,52366,-0.3997
39280,P2,CASC,-150.00,-144.97,-209,R,52308,-0.4499
39290,P2,CASC,-150.00,-145.03,-209,R,52250,-0.4997
39300,P2,CASC,-150.00,-145.00,-209,R,52192,-0.5497
39310,P2,CASC,-150.00,-150.00,-208,R,52132,-0.5497
39320,P2,CASC,-150.00,-152.45,-206,R,52071,-0.5251
39330,P2,CASC,-150.00,-152.55,-206,R,52010,-0.4997
39340,P2,CASC,-150.00,-152.52,-206,R,51949,-0.4745
39350,P2,CASC,-150.00,-154.95,-204,R,51887,-0.4250
39360,P2,CASC,-150.00,-152.55,-206,R,51826,-0.3995
39370,P2,CASC,-150.00,-152.48,-206,R,51765,-0.3747
39380,P2,CASC,-150.00,-149.96,-208,R,51705,-0.3751
39390,P2,CASC,-150.00,-150.01,-207,R,51645,-0.3750
39400,P2,CASC,-150.00,-150.05,-207,R,51585,-0.3745
39410,P2,CASC,-150.00,-149.99,-208,R,51525,-0.3747
39420,P2,CASC,-150.00,-152.47,-206,R,51464,-0.3500
39430,P2,CASC,-150.00,-147.50,-208,R,51405,-0.3750
39440,P2,CASC,-150.00,-152.50,-206,R,51344,-0.3500
39450,P2,CASC,-150.00,-147.51,-208,R,51285,-0.3748
39460,P2,CASC,-150.00,-152.50,-206,R,51224,-0.3498
39470,P2,CASC,-150.00,-150.00,-207,R,51164,-0.3498
39480,P2,CASC,-150.00,-147.49,-208,R,51105,-0.3750
39490,P2,CASC,-150.00,-150.00,-207,R,51045,-0.3750
39500,P2,CASC,-150.00,-147.50,-208,R,50986,-0.4000
39510,P2,CASC,-150.00,-150.00,-207,R,50926,-0.4000
39520,P2,CASC,-150.00,-152.52,-206,R,50865,-0.3748
39530,P2,CASC,-150.00,-150.03,-207,R,50805,-0.3745
39540,P2,CASC,-150.00,-152.47,-206,R,50744,-0.3498
39550,P2,CASC,-150.00,-155.00,-204,R,50682,-0.2998
39560,P2,CASC,-150.00,-152.53,-205,R,50621,-0.2745
39570,P2,CASC,-150.00,-149.97,-207,R,50561,-0.2748
39580,P2,CASC,-150.00,-147.51,-208,R,50502,-0.2997
39590,P2,CASC,-150.00,-149.96,-207,R,50442,-0.3001
39600,P2,CASC,-150.00,-147.54,-208,R,50383,-0.3247
39610,P2,CASC,-150.00,-150.00,-207,R,50323,-0.3247
39620,P2,CASC,-150.00,-150.01,-207,R,50263,-0.3245
39630,P2,CASC,-150.00,-149.93,-207,R,50203,-0.3253
39640,P2,CASC,-150.00,-147.54,-208,R,50144,-0.3498
39650,P2,CASC,-150.00,-147.49,-208,R,50085,-0.3750
39660,P2,CASC,-150.00,-150.05,-207,R,50025,-0.3745
39670,P2,CASC,-150.00,-147.47,-208,R,49966,-0.3998
39680,P2,CASC,-150.00,-145.03,-209,R,49908,-0.4495
39690,P2,CASC,-150.00,-144.97,-209,R,49850,-0.4998
39700,P2,CASC,-150.00,-144.99,-209,R,49792,-0.5500
39710,P2,CASC,-150.00,-150.01,-208,R,49732,-0.5498
39720,P2,CASC,-150.00,-152.53,-206,R,49671,-0.5245
39730,P2,CASC,-150.00,-149.96,-208,R,49611,-0.5250
39740,P2,CASC,-150.00,-155.00,-204,R,49549,-0.4750
39750,P2,CASC,-150.00,-154.91,-204,R,49487,-0.4259
39760,P2,CASC,-150.00,-152.61,-206,R,49426,-0.3998
39770,P2,CASC,-150.00,-152.48,-206,R,49365,-0.3750
39780,P2,CASC,-150.00,-147.50,-208,R,49306,-0.4000
39790,P2,CASC,-150.00,-152.47,-206,R,49245,-0.3753
39800,P2,CASC,-150.00,-147.57,-208,R,49186,-0.3995
39810,P2,CASC,-150.00,-150.00,-207,R,49126,-0.3995
39820,P2,CASC,-150.00,-152.44,-206,R,49065,-0.3752
39830,P2,CASC,-150.00,-147.56,-208,R,49006,-0.3996
39840,P2,CASC,-150.00,-152.45,-206,R,48945,-0.3750
39850,P2,CASC,-150.00,-147.54,-208,R,48886,-0.3996
39860,P2,CASC,-150.00,-152.45,-206,R,48825,-0.3750
39870,P2,CASC,-150.00,-150.05,-207,R,48765,-0.3746
39880,P2,CASC,-150.00,-147.50,-208,R,48706,-0.3996
39890,P2,CASC,-150.00,-149.97,-208,R,48646,-0.3999
39900,P2,CASC,-150.00,-147.47,-208,R,48587,-0.4252
39910,P2,CASC,-150.00,-150.03,-207,R,48527,-0.4249
39920,P2,CASC,-150.00,-150.01,-207,R,48467,-0.4247
39930,P2,CASC,-150.00,-152.48,-206,R,48406,-0.3999
39940,P2,CASC,-150.00,-152.53,-206,R,48345,-0.3746
39950,P2,CASC,-150.00,-152.50,-206,R,48284,-0.3496
39960,P2,CASC,-150.00,-155.00,-204,R,48222,-0.2996
39970,P2,CASC,-150.00,-149.94,-207,R,48162,-0.3002
39980,P2,CASC,-150.00,-147.51,-208,R,48103,-0.3250
39990,P2,CASC,-150.00,-150.03,-207,R,48043,-0.3247
40000,P2,CASC,-150.00,-147.50,-208,R,47984,-0.3497
40010,P2,CASC,-150.00,-150.01,-207,R,47924,-0.3496
40020,P2,CASC,-150.00,-152.38,-206,R,47863,-0.3258
40030,P2,CASC,-150.00,-147.60,-208,R,47804,-0.3498
40040,P2,CASC,-150.00,-147.51,-208,R,47745,-0.3746
40050,P2,CASC,-150.00,-147.46,-208,R,47686,-0.4001
40060,P2,CASC,-150.00,-150.03,-207,R,47626,-0.3998
40070,P2,CASC,-150.00,-147.49,-208,R,47567,-0.4249
40080,P2,CASC,-150.00,-144.99,-209,R,47509,-0.4751
40090,P2,CASC,-150.00,-145.04,-209,R,47451,-0.5246
40100,P2,CASC,-150.00,-145.00,-209,R,47393,-0.5746
40110,P2,CASC,-150.00,-149.97,-208,R,47333,-0.5749
40120,P2,CASC,-150.00,-152.52,-206,R,47272,-0.5498
40130,P2,CASC,-150.00,-150.01,-208,R,47212,-0.5496
40140,P2,CASC,-150.00,-154.97,-204,R,47150,-0.4999
40150,P2,CASC,-150.00,-155.03,-204,R,47088,-0.4496
40160,P2,CASC,-150.00,-152.47,-206,R,47027,-0.4249
40170,P2,CASC,-150.00,-152.53,-206,R,46966,-0.3996
40180,P2,CASC,-150.00,-149.97,-208,R,46906,-0.3999
40190,P2,CASC,-150.00,-149.99,-208,R,46846,-0.4001
40200,P2,CASC,-150.00,-149.99,-208,R,46786,-0.4002
40210,P2,CASC,-150.00,-147.56,-208,R,46727,-0.4246
40220,P2,CASC,-150.00,-152.45,-206,R,46666,-0.4001
40230,P2,CASC,-150.00,-149.99,-208,R,46606,-0.4002
40240,P2,CASC,-150.00,-152.56,-206,R,46545,-0.3746
40250,P2,CASC,-150.00,-147.46,-208,R,46486,-0.4001
40260,P2,CASC,-150.00,-152.53,-206,R,46425,-0.3748
40270,P2,CASC,-150.00,-149.99,-208,R,46365,-0.3749
40280,P2,CASC,-150.00,-147.51,-208,R,46306,-0.3998
40290,P2,CASC,-150.00,-149.97,-208,R,46246,-0.4001
40300,P2,CASC,-150.00,-147.50,-208,R,46187,-0.4251
40310,P2,CASC,-150.00,-152.52,-206,R,46126,-0.3999
40320,P2,CASC,-150.00,-149.99,-208,R,46066,-0.4001
40330,P2,CASC,-150.00,-152.52,-206,R,46005,-0.3749
40340,P2,CASC,-150.00,-152.48,-206,R,45944,-0.3501
40350,P2,CASC,-150.00,-152.52,-206,R,45883,-0.3249
40360,P2,CASC,-150.00,-154.92,-204,R,45821,-0.2757
40370,P2,CASC,-150.00,-150.09,-207,R,45761,-0.2748
40380,P2,CASC,-150.00,-147.49,-208,R,45702,-0.2999
40390,P2,CASC,-150.00,-149.97,-207,R,45642,-0.3002
40400,P2,CASC,-150.00,-147.54,-208,R,45583,-0.3248
40410,P2,CASC,-150.00,-149.97,-207,R,45523,-0.3251
40420,P2,CASC,-150.00,-152.45,-206,R,45462,-0.3005
40430,P2,CASC,-150.00,-147.57,-208,R,45403,-0.3248
40440,P2,CASC,-150.00,-147.51,-208,R,45344,-0.3497
40450,P2,CASC,-150.00,-147.50,-208,R,45285,-0.3747
40460,P2,CASC,-150.00,-149.96,-208,R,45225,-0.3751
40470,P2,CASC,-150.00,-147.53,-208,R,45166,-0.3998
40480,P2,CASC,-150.00,-144.97,-209,R,45108,-0.4501
40490,P2,CASC,-150.00,-145.03,-209,R,45050,-0.4998
40500,P2,CASC,-150.00,-145.01,-209,R,44992,-0.5497
40510,P2,CASC,-150.00,-149.97,-208,R,44932,-0.5500
40520,P2,CASC,-150.00,-152.52,-206,R,44871,-0.5248
40530,P2,CASC,-150.00,-152.47,-206,R,44810,-0.5001
40540,P2,CASC,-150.00,-155.00,-204,R,44748,-0.4501
40550,P2,CASC,-150.00,-152.55,-206,R,44687,-0.4247
40560,P2,CASC,-150.00,-154.98,-204,R,44625,-0.3748
40570,P2,CASC,-150.00,-152.48,-206,R,44564,-0.3500
40580,P2,CASC,-150.00,-147.47,-208,R,44505,-0.3753
40590,P2,CASC,-150.00,-150.03,-207,R,44445,-0.3750
40600,P2,CASC,-150.00,-150.01,-207,R,44385,-0.3748
40610,P2,CASC,-150.00,-149.99,-208,R,44325,-0.3750
40620,P2,CASC,-150.00,-152.50,-206,R,44264,-0.3500
40630,P2,CASC,-150.00,-147.50,-208,R,44205,-0.3750
40640,P2,CASC,-150.00,-152.53,-206,R,44144,-0.3497
40650,P2,CASC,-150.00,-147.46,-208,R,44085,-0.3751
40660,P2,CASC,-150.00,-152.55,-206,R,44024,-0.3496
40670,P2,CASC,-150.00,-149.99,-207,R,43964,-0.3498
40680,P2,CASC,-150.00,-147.50,-208,R,43905,-0.3748
40690,P2,CASC,-150.00,-150.00,-207,R,43845,-0.3748
40700,P2,CASC,-150.00,-147.49,-208,R,43786,-0.3999
40710,P2,CASC,-150.00,-149.99,-208,R,43726,-0.4001
40720,P2,CASC,-150.00,-152.53,-206,R,43665,-0.3748
40730,P2,CASC,-150.00,-152.52,-206,R,43604,-0.3496
40740,P2,CASC,-150.00,-152.45,-206,R,43543,-0.3251
40750,P2,CASC,-150.00,-152.50,-206,R,43482,-0.3001
40760,P2,CASC,-150.00,-152.52,-205,R,43421,-0.2749
40770,P2,CASC,-150.00,-152.48,-205,R,43360,-0.2501
40780,P2,CASC,-150.00,-147.49,-208,R,43301,-0.2752
40790,P2,CASC,-150.00,-147.54,-208,R,43242,-0.2998
40800,P2,CASC,-150.00,-150.00,-207,R,43182,-0.2998
40810,P2,CASC,-150.00,-149.97,-207,R,43122,-0.3001
40820,P2,CASC,-150.00,-150.00,-207,R,43062,-0.3001
40830,P2,CASC,-150.00,-147.53,-208,R,43003,-0.3248
40840,P2,CASC,-150.00,-149.96,-207,R,42943,-0.3252
40850,P2,CASC,-150.00,-147.56,-208,R,42884,-0.3497
40860,P2,CASC,-150.00,-147.50,-208,R,42825,-0.3747
40870,P2,CASC,-150.00,-149.97,-208,R,42765,-0.3750
40880,P2,CASC,-150.00,-144.94,-209,R,42707,-0.4255
40890,P2,CASC,-150.00,-142.59,-210,R,42650,-0.4997
40900,P2,CASC,-150.00,-147.46,-209,R,42591,-0.5251
40910,P2,CASC,-150.00,-150.00,-208,R,42531,-0.5251
40920,P2,CASC,-150.00,-152.48,-206,R,42470,-0.5003
40930,P2,CASC,-150.00,-150.03,-208,R,42410,-0.5000
40940,P2,CASC,-150.00,-155.03,-204,R,42348,-0.4497
40950,P2,CASC,-150.00,-155.00,-204,R,42286,-0.3997
40960,P2,CASC,-150.00,-152.50,-206,R,42225,-0.3747
40970,P2,CASC,-150.00,-152.50,-206,R,42164,-0.3497
40980,P2,CASC,-150.00,-150.00,-207,R,42104,-0.3497
40990,P2,CASC,-150.00,-149.99,-207,R,42044,-0.3498
41000,P2,CASC,-150.00,-149.93,-207,R,41984,-0.3506
41010,P2,CASC,-150.00,-147.54,-208,R,41925,-0.3751
41020,P2,CASC,-150.00,-152.52,-206,R,41864,-0.3500
41030,P2,CASC,-150.00,-147.47,-208,R,41805,-0.3753
41040,P2,CASC,-150.00,-152.52,-206,R,41744,-0.3501
41050,P2,CASC,-150.00,-147.51,-208,R,41685,-0.3750
41060,P2,CASC,-150.00,-150.00,-207,R,41625,-0.3750
41070,P2,CASC,-150.00,-152.53,-206,R,41564,-0.3497
41080,P2,CASC,-150.00,-147.46,-208,R,41505,-0.3751
41090,P2,CASC,-150.00,-150.00,-207,R,41445,-0.3751
41100,P2,CASC,-150.00,-147.54,-208,R,41386,-0.3997
41110,P2,CASC,-150.00,-149.94,-208,R,41326,-0.4003
41120,P2,CASC,-150.00,-150.06,-207,R,41266,-0.3997
41130,P2,CASC,-150.00,-152.50,-206,R,41205,-0.3747
41140,P2,CASC,-150.00,-152.44,-206,R,41144,-0.3503
41150,P2,CASC,-150.00,-152.56,-206,R,41083,-0.3247
41160,P2,CASC,-150.00,-152.47,-206,R,41022,-0.3000
41170,P2,CASC,-150.00,-152.48,-206,R,40961,-0.2751
41180,P2,CASC,-150.00,-147.54,-208,R,40902,-0.2997
41190,P2,CASC,-150.00,-149.97,-207,R,40842,-0.3000
41200,P2,CASC,-150.00,-147.50,-208,R,40783,-0.3250
41210,P2,CASC,-150.00,-149.99,-207,R,40723,-0.3251
41220,P2,CASC,-150.00,-149.99,-207,R,40663,-0.3253
41230,P2,CASC,-150.00,-150.05,-207,R,40603,-0.3248
41240,P2,CASC,-150.00,-147.51,-208,R,40544,-0.3497
41250,P2,CASC,-150.00,-147.50,-208,R,40485,-0.3747
41260,P2,CASC,-150.00,-149.99,-208,R,40425,-0.3748
41270,P2,CASC,-150.00,-147.50,-208,R,40366,-0.3998
41280,P2,CASC,-150.00,-144.97,-209,R,40308,-0.4501
41290,P2,CASC,-150.00,-145.00,-209,R,40250,-0.5001
41300,P2,CASC,-150.00,-145.01,-209,R,40192,-0.5500
41310,P2,CASC,-150.00,-150.00,-208,R,40132,-0.5500
41320,P2,CASC,-150.00,-152.52,-206,R,40071,-0.5248
41330,P2,CASC,-150.00,-152.47,-206,R,40010,-0.5001
41340,P2,CASC,-150.00,-155.05,-204,R,39948,-0.4497
41350,P2,CASC,-150.00,-152.50,-206,R,39887,-0.4247
41360,P2,CASC,-150.00,-152.47,-206,R,39826,-0.4000
41370,P2,CASC,-150.00,-152.52,-206,R,39765,-0.3748
41380,P2,CASC,-150.00,-150.00,-207,R,39705,-0.3748
41390,P2,CASC,-150.00,-150.01,-207,R,39645,-0.3747
41400,P2,CASC,-150.00,-149.97,-208,R,39585,-0.3750
41410,P2,CASC,-150.00,-150.01,-207,R,39525,-0.3748
41420,P2,CASC,-150.00,-152.45,-206,R,39464,-0.3503
41430,P2,CASC,-150.00,-147.54,-208,R,39405,-0.3748
41440,P2,CASC,-150.00,-149.97,-208,R,39345,-0.3751
41450,P2,CASC,-150.00,-150.01,-207,R,39285,-0.3750
41460,P2,CASC,-150.00,-150.03,-207,R,39225,-0.3747
41470,P2,CASC,-150.00,-152.47,-206,R,39164,-0.3500
41480,P2,CASC,-150.00,-147.51,-208,R,39105,-0.3748
41490,P2,CASC,-150.00,-150.01,-207,R,39045,-0.3747
41500,P2,CASC,-150.00,-147.50,-208,R,38986,-0.3997
41510,P2,CASC,-150.00,-149.97,-208,R,38926,-0.4000
41520,P2,CASC,-150.00,-150.00,-207,R,38866,-0.4000
41530,P2,CASC,-150.00,-152.50,-206,R,38805,-0.3750
41540,P2,CASC,-150.00,-152.47,-206,R,38744,-0.3503
41550,P2,CASC,-150.00,-152.53,-206,R,38683,-0.3250
41560,P2,CASC,-150.00,-155.00,-204,R,38621,-0.2750
41570,P2,CASC,-150.00,-150.03,-207,R,38561,-0.2747
41580,P2,CASC,-150.00,-147.47,-208,R,38502,-0.3000
41590,P2,CASC,-150.00,-149.99,-207,R,38442,-0.3001
41600,P2,CASC,-150.00,-150.01,-207,R,38382,-0.3000
41610,P2,CASC,-150.00,-150.03,-207,R,38322,-0.2997
41620,P2,CASC,-150.00,-149.88,-207,R,38262,-0.3009
41630,P2,CASC,-150.00,-147.60,-208,R,38203,-0.3248
41640,P2,CASC,-150.00,-147.51,-208,R,38144,-0.3497
41650,P2,CASC,-150.00,-149.94,-207,R,38084,-0.3503
41660,P2,CASC,-150.00,-147.51,-208,R,38025,-0.3752
41670,P2,CASC,-150.00,-150.03,-207,R,37965,-0.3749
41680,P2,CASC,-150.00,-142.46,-210,R,37908,-0.4503
41690,P2,CASC,-150.00,-145.06,-209,R,37850,-0.4997
41700,P2,CASC,-150.00,-147.47,-209,R,37791,-0.5250
41710,P2,CASC,-150.00,-150.00,-208,R,37731,-0.5250
41720,P2,CASC,-150.00,-152.50,-206,R,37670,-0.5000
41730,P2,CASC,-150.00,-150.01,-208,R,37610,-0.4998
41740,P2,CASC,-150.00,-155.00,-204,R,37548,-0.4498
41750,P2,CASC,-150.00,-155.02,-204,R,37486,-0.3997
41760,P2,CASC,-150.00,-152.48,-206,R,37425,-0.3748
41770,P2,CASC,-150.00,-152.52,-206,R,37364,-0.3497
41780,P2,CASC,-150.00,-149.99,-207,R,37304,-0.3498
41790,P2,CASC,-150.00,-149.99,-207,R,37244,-0.3500
41800,P2,CASC,-150.00,-149.99,-207,R,37184,-0.3501
41810,P2,CASC,-150.00,-150.03,-207,R,37124,-0.3498
41820,P2,CASC,-150.00,-149.96,-207,R,37064,-0.3503
41830,P2,CASC,-150.00,-150.06,-207,R,37004,-0.3497
41840,P2,CASC,-150.00,-150.00,-207,R,36944,-0.3497
41850,P2,CASC,-150.00,-149.94,-207,R,36884,-0.3503
41860,P2,CASC,-150.00,-150.03,-207,R,36824,-0.3500
41870,P2,CASC,-150.00,-152.48,-206,R,36763,-0.3251
41880,P2,CASC,-150.00,-147.54,-208,R,36704,-0.3497
41890,P2,CASC,-150.00,-147.46,-208,R,36645,-0.3751
41900,P2,CASC,-150.00,-150.05,-207,R,36585,-0.3747
41910,P2,CASC,-150.00,-150.00,-207,R,36525,-0.3747
41920,P2,CASC,-150.00,-149.94,-208,R,36465,-0.3753
41930,P2,CASC,-150.00,-152.56,-206,R,36404,-0.3497
41940,P2,CASC,-150.00,-152.48,-206,R,36343,-0.3248
41950,P2,CASC,-150.00,-152.48,-206,R,36282,-0.3000
41960,P2,CASC,-150.00,-152.52,-205,R,36221,-0.2748
41970,P2,CASC,-150.00,-152.48,-205,R,36160,-0.2500
41980,P2,CASC,-150.00,-147.53,-208,R,36101,-0.2747
41990,P2,CASC,-150.00,-147.50,-208,R,36042,-0.2997
42000,P2,CASC,-150.00,-149.96,-207,R,35982,-0.3001
42010,P2,CASC,-150.00,-150.00,-207,R,35922,-0.3001
42020,P2,CASC,-150.00,-150.03,-207,R,35862,-0.2998
42030,P2,CASC,-150.00,-147.49,-208,R,35803,-0.3250
42040,P2,CASC,-150.00,-150.01,-207,R,35743,-0.3248
42050,P2,CASC,-150.00,-147.46,-208,R,35684,-0.3503
42060,P2,CASC,-150.00,-150.01,-207,R,35624,-0.3501
42070,P2,CASC,-150.00,-147.54,-208,R,35565,-0.3747
42080,P2,CASC,-150.00,-145.00,-209,R,35507,-0.4247
42090,P2,CASC,-150.00,-142.49,-210,R,35450,-0.4998
42100,P2,CASC,-150.00,-147.49,-209,R,35391,-0.5250
42110,P2,CASC,-150.00,-149.99,-208,R,35331,-0.5251
42120,P2,CASC,-150.00,-150.05,-208,R,35271,-0.5247
42130,P2,CASC,-150.00,-152.45,-206,R,35210,-0.5001
42140,P2,CASC,-150.00,-155.03,-204,R,35148,-0.4498
42150,P2,CASC,-150.00,-155.00,-204,R,35086,-0.3998
42160,P2,CASC,-150.00,-152.50,-206,R,35025,-0.3748
42170,P2,CASC,-150.00,-152.48,-206,R,34964,-0.3500
42180,P2,CASC,-150.00,-150.01,-207,R,34904,-0.3498
42190,P2,CASC,-150.00,-150.01,-207,R,34844,-0.3497
42200,P2,CASC,-150.00,-149.97,-207,R,34784,-0.3500
42210,P2,CASC,-150.00,-150.00,-207,R,34724,-0.3500
42220,P2,CASC,-150.00,-150.00,-207,R,34664,-0.3500
42230,P2,CASC,-150.00,-150.00,-207,R,34604,-0.3500
42240,P2,CASC,-150.00,-150.03,-207,R,34544,-0.3497
42250,P2,CASC,-150.00,-150.00,-207,R,34484,-0.3497
42260,P2,CASC,-150.00,-149.99,-207,R,34424,-0.3498
42270,P2,CASC,-150.00,-149.99,-207,R,34364,-0.3500
42280,P2,CASC,-150.00,-150.01,-207,R,34304,-0.3498
42290,P2,CASC,-150.00,-150.01,-207,R,34244,-0.3497
42300,P2,CASC,-150.00,-147.50,-208,R,34185,-0.3747
42310,P2,CASC,-150.00,-149.99,-208,R,34125,-0.3748
42320,P2,CASC,-150.00,-150.00,-207,R,34065,-0.3748
42330,P2,CASC,-150.00,-152.50,-206,R,34004,-0.3498
42340,P2,CASC,-150.00,-152.52,-206,R,33943,-0.3247
42350,P2,CASC,-150.00,-154.94,-204,R,33881,-0.2753
42360,P2,CASC,-150.00,-152.52,-205,R,33820,-0.2501
42370,P2,CASC,-150.00,-150.01,-207,R,33760,-0.2500
42380,P2,CASC,-150.00,-147.53,-208,R,33701,-0.2747
42390,P2,CASC,-150.00,-149.99,-207,R,33641,-0.2748
42400,P2,CASC,-150.00,-149.99,-207,R,33581,-0.2750
42410,P2,CASC,-150.00,-149.99,-207,R,33521,-0.2751
42420,P2,CASC,-150.00,-150.00,-207,R,33461,-0.2751
42430,P2,CASC,-150.00,-147.54,-208,R,33402,-0.2997
42440,P2,CASC,-150.00,-147.49,-208,R,33343,-0.3248
42450,P2,CASC,-150.00,-150.00,-207,R,33283,-0.3248
42460,P2,CASC,-150.00,-149.99,-207,R,33223,-0.3250
42470,P2,CASC,-150.00,-147.50,-208,R,33164,-0.3500
42480,P2,CASC,-150.00,-145.00,-209,R,33106,-0.4000
42490,P2,CASC,-150.00,-142.51,-210,R,33049,-0.4749
42500,P2,CASC,-150.00,-147.49,-208,R,32990,-0.5000
42510,P2,CASC,-150.00,-150.03,-208,R,32930,-0.4997
42520,P2,CASC,-150.00,-149.97,-208,R,32870,-0.5000
42530,P2,CASC,-150.00,-152.48,-206,R,32809,-0.4752
42540,P2,CASC,-150.00,-155.00,-204,R,32747,-0.4252
42550,P2,CASC,-150.00,-155.00,-204,R,32685,-0.3752
42560,P2,CASC,-150.00,-152.55,-206,R,32624,-0.3497
42570,P2,CASC,-150.00,-152.45,-206,R,32563,-0.3252
42580,P2,CASC,-150.00,-150.03,-207,R,32503,-0.3249
42590,P2,CASC,-150.00,-149.96,-207,R,32443,-0.3253
42600,P2,CASC,-150.00,-150.05,-207,R,32383,-0.3249
42610,P2,CASC,-150.00,-149.99,-207,R,32323,-0.3250
42620,P2,CASC,-150.00,-150.01,-207,R,32263,-0.3249
42630,P2,CASC,-150.00,-150.01,-207,R,32203,-0.3247
42640,P2,CASC,-150.00,-150.00,-207,R,32143,-0.3247
42650,P2,CASC,-150.00,-149.96,-207,R,32083,-0.3252
42660,P2,CASC,-150.00,-150.03,-207,R,32023,-0.3249
42670,P2,CASC,-150.00,-152.50,-206,R,31962,-0.2999
42680,P2,CASC,-150.00,-147.46,-208,R,31903,-0.3253
42690,P2,CASC,-150.00,-150.03,-207,R,31843,-0.3250
42700,P2,CASC,-150.00,-147.53,-208,R,31784,-0.3497
42710,P2,CASC,-150.00,-149.96,-207,R,31724,-0.3502
42720,P2,CASC,-150.00,-152.50,-206,R,31663,-0.3252
42730,P2,CASC,-150.00,-150.00,-207,R,31603,-0.3252
42740,P2,CASC,-150.00,-152.53,-206,R,31542,-0.2998
42750,P2,CASC,-150.00,-154.91,-204,R,31480,-0.2508
42760,P2,CASC,-150.00,-152.58,-205,R,31419,-0.2250
42770,P2,CASC,-150.00,-150.01,-207,R,31359,-0.2249
42780,P2,CASC,-150.00,-147.50,-208,R,31300,-0.2499
42790,P2,CASC,-150.00,-149.97,-207,R,31240,-0.2502
42800,P2,CASC,-150.00,-147.54,-208,R,31181,-0.2747
42810,P2,CASC,-150.00,-149.96,-207,R,31121,-0.2752
42820,P2,CASC,-150.00,-150.00,-207,R,31061,-0.2752
42830,P2,CASC,-150.00,-150.01,-207,R,31001,-0.2750
42840,P2,CASC,-150.00,-147.50,-208,R,30942,-0.3000
42850,P2,CASC,-150.00,-147.51,-208,R,30883,-0.3249
42860,P2,CASC,-150.00,-150.01,-207,R,30823,-0.3247
42870,P2,CASC,-150.00,-147.47,-208,R,30764,-0.3500
42880,P2,CASC,-150.00,-145.03,-209,R,30706,-0.3997
42890,P2,CASC,-150.00,-144.99,-209,R,30648,-0.4499
42900,P2,CASC,-150.00,-144.97,-209,R,30590,-0.5002
42910,P2,CASC,-150.00,-150.05,-208,R,30530,-0.4997
42920,P2,CASC,-150.00,-152.47,-206,R,30469,-0.4750
42930,P2,CASC,-150.00,-152.50,-206,R,30408,-0.4500
42940,P2,CASC,-150.00,-152.53,-206,R,30347,-0.4247
42950,P2,CASC,-150.00,-154.97,-204,R,30285,-0.3750
42960,P2,CASC,-150.00,-152.48,-206,R,30224,-0.3502
42970,P2,CASC,-150.00,-152.53,-206,R,30163,-0.3249
42980,P2,CASC,-150.00,-150.00,-207,R,30103,-0.3249
42990,P2,CASC,-150.00,-150.00,-207,R,30043,-0.3249
43000,P2,CASC,-150.00,-150.01,-207,R,29983,-0.3247
43010,P2,CASC,-149.85,-149.99,-207,R,29923,-0.3234
43020,P2,CASC,-149.70,-152.48,-205,R,29862,-0.2955
43030,P2,CASC,-149.55,-147.49,-208,R,29803,-0.3162
43040,P2,CASC,-149.40,-150.05,-206,R,29743,-0.3097
43050,P2,CASC,-149.25,-149.99,-206,R,29683,-0.3024
43060,P2,CASC,-149.10,-150.01,-206,R,29623,-0.2932
43070,P2,CASC,-148.95,-149.97,-206,R,29563,-0.2830
43080,P2,CASC,-148.80,-147.50,-207,R,29504,-0.2960
43090,P2,CASC,-148.65,-149.99,-205,R,29444,-0.2827
43100,P2,CASC,-148.50,-147.54,-207,R,29385,-0.2922
43110,P2,CASC,-148.35,-147.49,-206,R,29326,-0.3009
43120,P2,CASC,-148.20,-152.52,-203,R,29265,-0.2577
43130,P2,CASC,-148.05,-147.47,-206,R,29206,-0.2635
43140,P2,CASC,-147.90,-152.48,-203,R,29145,-0.2177
43150,P2,CASC,-147.75,-152.55,-202,R,29084,-0.1697
43160,P2,CASC,-147.60,-149.96,-204,R,29024,-0.1462
43170,P2,CASC,-147.45,-150.05,-204,R,28964,-0.1202
43180,P2,CASC,-147.30,-144.96,-206,R,28906,-0.1436
43190,P2,CASC,-147.15,-145.04,-206,R,28848,-0.1647
43200,P2,CASC,-147.00,-147.46,-205,R,28789,-0.1602
43210,P2,CASC,-146.85,-147.50,-204,R,28730,-0.1537
43220,P2,CASC,-146.70,-147.49,-204,R,28671,-0.1458
43230,P2,CASC,-146.55,-145.00,-205,R,28613,-0.1613
43240,P2,CASC,-146.40,-145.03,-205,R,28555,-0.1750
43250,P2,CASC,-146.25,-144.99,-205,R,28497,-0.1877
43260,P2,CASC,-146.10,-144.99,-205,R,28439,-0.1988
43270,P2,CASC,-145.95,-145.00,-205,R,28381,-0.2083
43280,P2,CASC,-145.80,-140.04,-206,R,28325,-0.2659
43290,P2,CASC,-145.65,-142.49,-205,R,28268,-0.2975
43300,P2,CASC,-145.50,-139.92,-206,R,28212,-0.3534
43310,P2,CASC,-145.35,-145.07,-205,R,28154,-0.3561
43320,P2,CASC,-145.20,-145.01,-205,R,28096,-0.3580
43330,P2,CASC,-145.05,-147.49,-203,R,28037,-0.3336
43340,P2,CASC,-144.90,-147.53,-202,R,27978,-0.3073
43350,P2,CASC,-144.75,-150.00,-200,R,27918,-0.2548
43360,P2,CASC,-144.60,-147.50,-202,R,27859,-0.2258
43370,P2,CASC,-144.45,-147.49,-202,R,27800,-0.1955
43380,P2,CASC,-144.30,-144.99,-203,R,27742,-0.1886
43390,P2,CASC,-144.15,-142.51,-204,R,27685,-0.2050
43400,P2,CASC,-144.00,-145.00,-203,R,27627,-0.1950
43410,P2,CASC,-143.85,-145.03,-202,R,27569,-0.1832
43420,P2,CASC,-143.70,-139.94,-204,R,27513,-0.2208
43430,P2,CASC,-143.55,-147.56,-200,R,27454,-0.1807
43440,P2,CASC,-143.40,-142.46,-203,R,27397,-0.1901
43450,P2,CASC,-143.25,-142.53,-203,R,27340,-0.1973
43460,P2,CASC,-143.10,-142.46,-203,R,27283,-0.2037
43470,P2,CASC,-142.95,-142.53,-203,R,27226,-0.2080
43480,P2,CASC,-142.80,-142.49,-203,R,27169,-0.2111
43490,P2,CASC,-142.65,-142.51,-203,R,27112,-0.2125
43500,P2,CASC,-142.50,-140.01,-203,R,27056,-0.2373
43510,P2,CASC,-142.35,-142.37,-202,R,26999,-0.2371
43520,P2,CASC,-142.20,-140.11,-203,R,26943,-0.2580
43530,P2,CASC,-142.05,-142.47,-202,R,26886,-0.2538
43540,P2,CASC,-141.90,-142.53,-202,R,26829,-0.2475
43550,P2,CASC,-141.75,-142.50,-201,R,26772,-0.2400
43560,P2,CASC,-141.60,-145.03,-200,R,26714,-0.2057
43570,P2,CASC,-141.45,-144.99,-199,R,26656,-0.1703
43580,P2,CASC,-141.30,-142.50,-201,R,26599,-0.1583
43590,P2,CASC,-141.15,-140.01,-202,R,26543,-0.1697
43600,P2,CASC,-141.00,-137.49,-202,R,26488,-0.2048
43610,P2,CASC,-140.85,-139.96,-202,R,26432,-0.2138
43620,P2,CASC,-140.70,-140.03,-201,R,26376,-0.2205
43630,P2,CASC,-140.55,-139.99,-201,R,26320,-0.2261
43640,P2,CASC,-140.40,-140.01,-201,R,26264,-0.2300
43650,P2,CASC,-140.25,-137.49,-202,R,26209,-0.2576
43660,P2,CASC,-140.10,-137.53,-202,R,26154,-0.2833
43670,P2,CASC,-139.95,-137.50,-202,R,26099,-0.3078
43680,P2,CASC,-139.80,-137.51,-202,R,26044,-0.3307
43690,P2,CASC,-139.65,-137.46,-202,R,25989,-0.3526
43700,P2,CASC,-139.50,-135.00,-202,R,25935,-0.3976
43710,P2,CASC,-139.35,-134.93,-202,R,25881,-0.4418
43720,P2,CASC,-139.20,-132.61,-203,R,25828,-0.5077
43730,P2,CASC,-139.05,-137.46,-201,R,25773,-0.5236
43740,P2,CASC,-138.90,-137.46,-201,R,25718,-0.5380
43750,P2,CASC,-138.75,-140.04,-200,R,25662,-0.5251
43760,P2,CASC,-138.60,-140.03,-200,R,25606,-0.5108
43770,P2,CASC,-138.45,-139.99,-199,R,25550,-0.4955
43780,P2,CASC,-138.30,-142.51,-198,R,25493,-0.4533
43790,P2,CASC,-138.15,-139.97,-199,R,25437,-0.4351
43800,P2,CASC,-138.00,-137.50,-200,R,25382,-0.4401
43810,P2,CASC,-137.85,-137.50,-200,R,25327,-0.4436
43820,P2,CASC,-137.70,-137.53,-200,R,25272,-0.4454
43830,P2,CASC,-137.55,-135.00,-201,R,25218,-0.4709
43840,P2,CASC,-137.40,-137.51,-200,R,25163,-0.4697
43850,P2,CASC,-137.25,-137.45,-200,R,25108,-0.4678
43860,P2,CASC,-137.10,-137.56,-199,R,25053,-0.4632
43870,P2,CASC,-136.95,-134.96,-200,R,24999,-0.4831
43880,P2,CASC,-136.80,-137.49,-199,R,24944,-0.4763
43890,P2,CASC,-136.65,-135.00,-200,R,24890,-0.4928
43900,P2,CASC,-136.50,-137.56,-199,R,24835,-0.4822
43910,P2,CASC,-136.35,-135.00,-200,R,24781,-0.4957
43920,P2,CASC,-136.20,-134.99,-200,R,24727,-0.5078
43930,P2,CASC,-136.05,-135.01,-199,R,24673,-0.5182
43940,P2,CASC,-135.90,-132.46,-200,R,24620,-0.5526
43950,P2,CASC,-135.75,-135.04,-199,R,24566,-0.5597
43960,P2,CASC,-135.60,-134.99,-199,R,24512,-0.5658
43970,P2,CASC,-135.45,-137.46,-197,R,24457,-0.5457
43980,P2,CASC,-135.30,-135.03,-199,R,24403,-0.5485
43990,P2,CASC,-135.15,-134.99,-199,R,24349,-0.5501
44000,P2,CASC,-135.00,-137.50,-197,R,24294,-0.5251
44010,P2,CASC,-134.85,-137.43,-197,R,24239,-0.4993
44020,P2,CASC,-134.70,-135.11,-198,R,24185,-0.4952
44030,P2,CASC,-134.55,-132.47,-199,R,24132,-0.5160
44040,P2,CASC,-134.40,-129.99,-199,R,24080,-0.5601
44050,P2,CASC,-134.25,-132.49,-199,R,24027,-0.5777
44060,P2,CASC,-134.10,-135.01,-197,R,23973,-0.5686
44070,P2,CASC,-133.95,-132.53,-198,R,23920,-0.5828
44080,P2,CASC,-133.80,-132.47,-198,R,23867,-0.5961
44090,P2,CASC,-133.65,-132.54,-198,R,23814,-0.6072
44100,P2,CASC,-133.50,-130.00,-199,R,23762,-0.6422
44110,P2,CASC,-133.35,-129.95,-199,R,23710,-0.6762
44120,P2,CASC,-133.20,-132.54,-198,R,23657,-0.6828
44130,P2,CASC,-133.05,-130.00,-199,R,23605,-0.7133
44140,P2,CASC,-132.90,-130.00,-199,R,23553,-0.7423
44150,P2,CASC,-132.75,-127.47,-199,R,23502,-0.7951
44160,P2,CASC,-132.60,-127.53,-199,R,23451,-0.8458
44170,P2,CASC,-132.45,-127.49,-199,R,23400,-0.8955
44180,P2,CASC,-132.30,-130.00,-199,R,23348,-0.9185
44190,P2,CASC,-132.15,-132.49,-197,R,23295,-0.9151
44200,P2,CASC,-132.00,-135.03,-195,R,23241,-0.8848
44210,P2,CASC,-131.85,-129.99,-198,R,23189,-0.9035
44220,P2,CASC,-131.70,-135.00,-195,R,23135,-0.8705
44230,P2,CASC,-131.55,-135.00,-195,R,23081,-0.8360
44240,P2,CASC,-131.40,-132.51,-196,R,23028,-0.8248
44250,P2,CASC,-131.25,-132.50,-196,R,22975,-0.8123
44260,P2,CASC,-131.10,-130.00,-197,R,22923,-0.8233
44270,P2,CASC,-130.95,-129.99,-197,R,22871,-0.8329
44280,P2,CASC,-130.80,-127.53,-198,R,22820,-0.8657
44290,P2,CASC,-130.65,-132.47,-195,R,22767,-0.8475
44300,P2,CASC,-130.50,-127.49,-197,R,22716,-0.8776
44310,P2,CASC,-130.35,-132.50,-195,R,22663,-0.8561
44320,P2,CASC,-130.20,-127.53,-197,R,22612,-0.8828
44330,P2,CASC,-130.05,-129.99,-197,R,22560,-0.8835
44340,P2,CASC,-129.90,-127.51,-197,R,22509,-0.9073
44350,P2,CASC,-129.75,-130.00,-196,R,22457,-0.9048
44360,P2,CASC,-129.60,-129.99,-196,R,22405,-0.9010
44370,P2,CASC,-129.45,-130.01,-195,R,22353,-0.8953
44380,P2,CASC,-129.30,-125.00,-197,R,22303,-0.9383
44390,P2,CASC,-129.15,-127.51,-197,R,22252,-0.9547
44400,P2,CASC,-129.00,-127.47,-196,R,22201,-0.9700
44410,P2,CASC,-128.85,-127.51,-196,R,22150,-0.9833
44420,P2,CASC,-128.70,-127.51,-196,R,22099,-0.9952
44430,P2,CASC,-128.55,-129.97,-195,R,22047,-0.9810
44440,P2,CASC,-128.40,-127.53,-196,R,21996,-0.9897
44450,P2,CASC,-128.25,-129.97,-194,R,21944,-0.9725
44460,P2,CASC,-128.10,-130.01,-194,R,21892,-0.9533
44470,P2,CASC,-127.95,-129.99,-194,R,21840,-0.9330
44480,P2,CASC,-127.80,-127.50,-195,R,21789,-0.9360
44490,P2,CASC,-127.65,-127.51,-195,R,21738,-0.9373
44500,P2,CASC,-127.50,-125.00,-196,R,21688,-0.9623
44510,P2,CASC,-127.35,-125.00,-196,R,21638,-0.9858
44520,P2,CASC,-127.20,-124.98,-196,R,21588,-1.0081
44530,P2,CASC,-127.05,-127.54,-194,R,21537,-1.0032
44540,P2,CASC,-126.90,-124.96,-195,R,21487,-1.0226
44550,P2,CASC,-126.75,-125.03,-195,R,21437,-1.0398
44560,P2,CASC,-126.60,-125.00,-195,R,21387,-1.0558
44570,P2,CASC,-126.45,-124.98,-195,R,21337,-1.0706
44580,P2,CASC,-126.30,-122.50,-196,R,21288,-1.1086
44590,P2,CASC,-126.15,-125.00,-195,R,21238,-1.1201
44600,P2,CASC,-126.00,-125.01,-195,R,21188,-1.1300
44610,P2,CASC,-125.85,-119.98,-196,R,21140,-1.1887
44620,P2,CASC,-125.70,-120.01,-196,R,21092,-1.2456
44630,P2,CASC,-125.55,-122.54,-195,R,21043,-1.2757
44640,P2,CASC,-125.40,-119.99,-196,R,20995,-1.3298
44650,P2,CASC,-125.25,-124.98,-195,R,20945,-1.3326
44660,P2,CASC,-125.10,-125.03,-195,R,20895,-1.3333
44670,P2,CASC,-124.95,-124.98,-194,R,20845,-1.3331
44680,P2,CASC,-124.80,-125.04,-194,R,20795,-1.3307
44690,P2,CASC,-124.65,-127.49,-192,R,20744,-1.3023
44700,P2,CASC,-124.50,-127.51,-192,R,20693,-1.2722
44710,P2,CASC,-124.35,-124.98,-193,R,20643,-1.2660
44720,P2,CASC,-124.20,-124.99,-193,R,20593,-1.2581
44730,P2,CASC,-124.05,-125.00,-193,R,20543,-1.2486
44740,P2,CASC,-123.90,-122.54,-194,R,20494,-1.2622
44750,P2,CASC,-123.75,-122.49,-194,R,20445,-1.2748
44760,P2,CASC,-123.60,-125.00,-192,R,20395,-1.2608
44770,P2,CASC,-123.45,-119.98,-194,R,20347,-1.2956
44780,P2,CASC,-123.30,-122.54,-194,R,20298,-1.3032
44790,P2,CASC,-123.15,-125.00,-192,R,20248,-1.2847
44800,P2,CASC,-123.00,-122.46,-193,R,20199,-1.2901
44810,P2,CASC,-122.85,-122.52,-193,R,20150,-1.2933
44820,P2,CASC,-122.70,-119.98,-194,R,20102,-1.3206
44830,P2,CASC,-122.55,-122.50,-193,R,20053,-1.3211
44840,P2,CASC,-122.40,-122.50,-192,R,20004,-1.3201
44850,P2,CASC,-122.25,-122.54,-192,R,19955,-1.3172
44860,P2,CASC,-122.10,-119.98,-193,R,19907,-1.3384
44870,P2,CASC,-121.95,-120.01,-193,R,19859,-1.3578
44880,P2,CASC,-121.80,-117.46,-194,R,19812,-1.4012
44890,P2,CASC,-121.65,-122.54,-192,R,19763,-1.3923
44900,P2,CASC,-121.50,-119.99,-193,R,19715,-1.4074
44910,P2,CASC,-121.35,-122.52,-191,R,19666,-1.3957
44920,P2,CASC,-121.20,-119.98,-193,R,19618,-1.4079
44930,P2,CASC,-121.05,-122.50,-191,R,19569,-1.3934
44940,P2,CASC,-120.90,-122.48,-191,R,19520,-1.3777
44950,P2,CASC,-120.75,-122.51,-190,R,19471,-1.3600
44960,P2,CASC,-120.60,-122.54,-190,R,19422,-1.3407
44970,P2,CASC,-120.45,-120.00,-192,R,19374,-1.3452
44980,P2,CASC,-120.30,-117.46,-192,R,19327,-1.3735
44990,P2,CASC,-120.15,-117.52,-192,R,19280,-1.3998
45000,P2,CASC,-120.00,-119.93,-192,R,19232,-1.4005
45010,P2,CASC,-119.85,-117.55,-192,R,19185,-1.4235
45020,P2,CASC,-119.70,-120.01,-191,R,19137,-1.4204
45030,P2,CASC,-119.55,-117.52,-192,R,19090,-1.4407
45040,P2,CASC,-119.40,-117.49,-192,R,19043,-1.4598
45050,P2,CASC,-119.25,-117.49,-192,R,18996,-1.4774
45060,P2,CASC,-119.10,-117.49,-192,R,18949,-1.4935
45070,P2,CASC,-118.95,-117.50,-192,R,18902,-1.5080
45080,P2,CASC,-118.80,-117.51,-192,R,18855,-1.5209
45090,P2,CASC,-118.65,-117.50,-191,R,18808,-1.5324
45100,P2,CASC,-118.50,-117.51,-191,R,18761,-1.5423
45110,P2,CASC,-118.35,-112.51,-193,R,18716,-1.6007
45120,P2,CASC,-118.20,-112.47,-193,R,18671,-1.6580
45130,P2,CASC,-118.05,-112.52,-193,R,18626,-1.7133
45140,P2,CASC,-117.90,-117.48,-191,R,18579,-1.7175
45150,P2,CASC,-117.75,-117.51,-191,R,18532,-1.7199
45160,P2,CASC,-117.60,-117.50,-191,R,18485,-1.7209
45170,P2,CASC,-117.45,-119.96,-189,R,18437,-1.6958
45180,P2,CASC,-117.30,-117.55,-190,R,18390,-1.6933
45190,P2,CASC,-117.15,-119.98,-188,R,18342,-1.6651
45200,P2,CASC,-117.00,-117.49,-190,R,18295,-1.6602
45210,P2,CASC,-116.85,-117.55,-189,R,18248,-1.6532
45220,P2,CASC,-116.70,-119.95,-187,R,18200,-1.6207
45230,P2,CASC,-116.55,-115.05,-190,R,18154,-1.6357
45240,P2,CASC,-116.40,-114.99,-190,R,18108,-1.6498
45250,P2,CASC,-116.25,-114.99,-190,R,18062,-1.6625
45260,P2,CASC,-116.10,-114.97,-190,R,18016,-1.6738
45270,P2,CASC,-115.95,-115.01,-190,R,17970,-1.6832
45280,P2,CASC,-115.80,-115.02,-190,R,17924,-1.6910
45290,P2,CASC,-115.65,-117.50,-188,R,17877,-1.6725
45300,P2,CASC,-115.50,-112.51,-190,R,17832,-1.7023
45310,P2,CASC,-115.35,-114.98,-190,R,17786,-1.7061
45320,P2,CASC,-115.20,-115.00,-190,R,17740,-1.7081
45330,P2,CASC,-115.05,-115.02,-189,R,17694,-1.7083
45340,P2,CASC,-114.90,-115.00,-189,R,17648,-1.7073
45350,P2,CASC,-114.75,-115.00,-188,R,17602,-1.7048
45360,P2,CASC,-114.60,-114.99,-188,R,17556,-1.7010
45370,P2,CASC,-114.45,-112.50,-190,R,17511,-1.7205
45380,P2,CASC,-114.30,-112.50,-189,R,17466,-1.7385
45390,P2,CASC,-114.15,-109.98,-190,R,17422,-1.7802
45400,P2,CASC,-114.00,-115.03,-188,R,17376,-1.7698
45410,P2,CASC,-113.85,-112.48,-189,R,17331,-1.7836
45420,P2,CASC,-113.70,-112.52,-189,R,17286,-1.7953
45430,P2,CASC,-113.55,-115.00,-187,R,17240,-1.7808
45440,P2,CASC,-113.40,-112.49,-189,R,17195,-1.7899
45450,P2,CASC,-113.25,-115.02,-187,R,17149,-1.7722
45460,P2,CASC,-113.10,-112.48,-189,R,17104,-1.7784
45470,P2,CASC,-112.95,-114.99,-186,R,17058,-1.7581
45480,P2,CASC,-112.80,-112.53,-188,R,17013,-1.7607
45490,P2,CASC,-112.65,-114.95,-186,R,16967,-1.7377
45500,P2,CASC,-112.50,-110.02,-189,R,16923,-1.7625
45510,P2,CASC,-112.35,-107.50,-189,R,16880,-1.8110
45520,P2,CASC,-112.20,-112.52,-187,R,16835,-1.8077
45530,P2,CASC,-112.05,-109.98,-188,R,16791,-1.8284
45540,P2,CASC,-111.90,-112.50,-187,R,16746,-1.8224
45550,P2,CASC,-111.75,-109.98,-188,R,16702,-1.8402
45560,P2,CASC,-111.60,-110.01,-188,R,16658,-1.8561
45570,P2,CASC,-111.45,-110.02,-188,R,16614,-1.8703
45580,P2,CASC,-111.30,-107.47,-189,R,16571,-1.9087
45590,P2,CASC,-111.15,-110.01,-188,R,16527,-1.9201
45600,P2,CASC,-111.00,-112.51,-186,R,16482,-1.9049
45610,P2,CASC,-110.85,-107.50,-188,R,16439,-1.9384
45620,P2,CASC,-110.70,-109.99,-188,R,16395,-1.9455
45630,P2,CASC,-110.55,-107.53,-188,R,16352,-1.9757
45640,P2,CASC,-110.40,-107.46,-188,R,16309,-2.0052
45650,P2,CASC,-110.25,-105.01,-189,R,16267,-2.0576
45660,P2,CASC,-110.10,-105.00,-189,R,16225,-2.1086
45670,P2,CASC,-109.95,-107.49,-188,R,16182,-2.1332
45680,P2,CASC,-109.80,-110.03,-186,R,16138,-2.1308
45690,P2,CASC,-109.65,-109.98,-186,R,16094,-2.1275
45700,P2,CASC,-109.50,-107.50,-188,R,16051,-2.1475
45710,P2,CASC,-109.35,-110.02,-186,R,16007,-2.1408
45720,P2,CASC,-109.20,-112.49,-184,R,15962,-2.1079
45730,P2,CASC,-109.05,-110.01,-185,R,15918,-2.0983
45740,P2,CASC,-108.90,-112.50,-183,R,15873,-2.0623
45750,P2,CASC,-108.75,-109.98,-185,R,15829,-2.0501
45760,P2,CASC,-108.60,-107.51,-187,R,15786,-2.0609
45770,P2,CASC,-108.45,-107.50,-186,R,15743,-2.0704
45780,P2,CASC,-108.30,-107.52,-186,R,15700,-2.0782
45790,P2,CASC,-108.15,-107.49,-186,R,15657,-2.0848
45800,P2,CASC,-108.00,-104.99,-187,R,15615,-2.1149
45810,P2,CASC,-107.85,-110.02,-184,R,15571,-2.0932
45820,P2,CASC,-107.70,-107.48,-186,R,15528,-2.0954
45830,P2,CASC,-107.55,-107.52,-186,R,15485,-2.0957
45840,P2,CASC,-107.40,-104.97,-186,R,15443,-2.1200
45850,P2,CASC,-107.25,-107.51,-185,R,15400,-2.1174
45860,P2,CASC,-107.10,-107.48,-184,R,15357,-2.1136
45870,P2,CASC,-106.95,-102.53,-187,R,15316,-2.1578
45880,P2,CASC,-106.80,-110.00,-182,R,15272,-2.1258
45890,P2,CASC,-106.65,-107.49,-184,R,15229,-2.1174
45900,P2,CASC,-106.50,-105.01,-186,R,15187,-2.1323
45910,P2,CASC,-106.35,-107.51,-184,R,15144,-2.1207
45920,P2,CASC,-106.20,-104.99,-185,R,15102,-2.1328
45930,P2,CASC,-106.05,-104.97,-185,R,15060,-2.1437
45940,P2,CASC,-105.90,-102.51,-186,R,15019,-2.1775
45950,P2,CASC,-105.75,-105.02,-185,R,14977,-2.1848
45960,P2,CASC,-105.60,-105.00,-185,R,14935,-2.1908
45970,P2,CASC,-105.45,-104.97,-185,R,14893,-2.1957
45980,P2,CASC,-105.30,-105.02,-185,R,14851,-2.1984
45990,P2,CASC,-105.15,-107.46,-182,R,14808,-2.1754
46000,P2,CASC,-105.00,-105.06,-184,R,14766,-2.1747
46010,P2,CASC,-104.85,-104.99,-183,R,14724,-2.1733
46020,P2,CASC,-104.70,-104.98,-183,R,14682,-2.1706
46030,P2,CASC,-104.55,-104.99,-183,R,14640,-2.1662
46040,P2,CASC,-104.40,-105.02,-183,R,14598,-2.1600
46050,P2,CASC,-104.25,-105.02,-183,R,14556,-2.1522
46060,P2,CASC,-104.10,-99.99,-185,R,14516,-2.1933
46070,P2,CASC,-103.95,-102.47,-184,R,14475,-2.2081
46080,P2,CASC,-103.80,-102.54,-184,R,14434,-2.2207
46090,P2,CASC,-103.65,-100.00,-185,R,14394,-2.2572
46100,P2,CASC,-103.50,-104.98,-182,R,14352,-2.2424
46110,P2,CASC,-103.35,-102.47,-184,R,14311,-2.2513
46120,P2,CASC,-103.20,-102.54,-184,R,14270,-2.2578
46130,P2,CASC,-103.05,-102.50,-184,R,14229,-2.2633
46140,P2,CASC,-102.90,-100.01,-184,R,14189,-2.2922
46150,P2,CASC,-102.75,-102.42,-183,R,14148,-2.2956
46160,P2,CASC,-102.60,-100.08,-184,R,14108,-2.3208
46170,P2,CASC,-102.45,-102.48,-182,R,14067,-2.3205
46180,P2,CASC,-102.30,-100.00,-184,R,14027,-2.3435
46190,P2,CASC,-102.15,-100.02,-184,R,13987,-2.3648
46200,P2,CASC,-102.00,-99.98,-184,R,13947,-2.3850
46210,P2,CASC,-101.85,-97.50,-184,R,13908,-2.4285
46220,P2,CASC,-101.70,-97.52,-184,R,13869,-2.4703
46230,P2,CASC,-101.55,-97.46,-184,R,13830,-2.5112
46240,P2,CASC,-101.40,-100.02,-183,R,13790,-2.5250
46250,P2,CASC,-101.25,-99.99,-183,R,13750,-2.5376
46260,P2,CASC,-101.10,-100.03,-183,R,13710,-2.5483
46270,P2,CASC,-100.95,-102.49,-181,R,13669,-2.5329
46280,P2,CASC,-100.80,-99.99,-183,R,13629,-2.5410
46290,P2,CASC,-100.65,-99.98,-183,R,13589,-2.5477
46300,P2,CASC,-100.50,-105.04,-179,R,13547,-2.5022
46310,P2,CASC,-100.35,-100.00,-182,R,13507,-2.5057
46320,P2,CASC,-100.20,-102.50,-180,R,13466,-2.4827
46330,P2,CASC,-100.05,-102.49,-180,R,13425,-2.4583
46340,P2,CASC,-99.90,-99.97,-181,R,13385,-2.4576
46350,P2,CASC,-99.75,-97.51,-182,R,13346,-2.4801
46360,P2,CASC,-99.60,-99.99,-181,R,13306,-2.4762
46370,P2,CASC,-99.45,-97.50,-182,R,13267,-2.4957
46380,P2,CASC,-99.30,-100.01,-180,R,13227,-2.4886
46390,P2,CASC,-99.15,-97.51,-182,R,13188,-2.5050
46400,P2,CASC,-99.00,-99.99,-180,R,13148,-2.4951
46410,P2,CASC,-98.85,-97.53,-182,R,13109,-2.5083
46420,P2,CASC,-98.70,-99.96,-179,R,13069,-2.4957
46430,P2,CASC,-98.55,-97.54,-181,R,13030,-2.5058
46440,P2,CASC,-98.40,-97.49,-181,R,12991,-2.5149
46450,P2,CASC,-98.25,-99.97,-179,R,12951,-2.4977
46460,P2,CASC,-98.10,-95.02,-182,R,12913,-2.5285
46470,P2,CASC,-97.95,-99.99,-178,R,12873,-2.5081
46480,P2,CASC,-97.80,-100.03,-178,R,12833,-2.4858
46490,P2,CASC,-97.65,-97.49,-181,R,12794,-2.4874
46500,P2,CASC,-97.50,-97.51,-179,R,12755,-2.4873
46510,P2,CASC,-97.35,-97.50,-179,R,12716,-2.4858
46520,P2,CASC,-97.20,-94.96,-181,R,12678,-2.5082
46530,P2,CASC,-97.05,-97.54,-179,R,12639,-2.5033
46540,P2,CASC,-96.90,-94.97,-181,R,12601,-2.5226
46550,P2,CASC,-96.75,-97.50,-178,R,12562,-2.5151
46560,P2,CASC,-96.60,-95.03,-180,R,12524,-2.5308
46570,P2,CASC,-96.45,-97.50,-178,R,12485,-2.5203
46580,P2,CASC,-96.30,-94.98,-180,R,12447,-2.5335
46590,P2,CASC,-96.15,-97.49,-178,R,12408,-2.5201
46600,P2,CASC,-96.00,-97.50,-177,R,12369,-2.5051
46610,P2,CASC,-95.85,-95.03,-180,R,12331,-2.5133
46620,P2,CASC,-95.70,-97.50,-177,R,12292,-2.4953
46630,P2,CASC,-95.55,-97.46,-177,R,12253,-2.4762
46640,P2,CASC,-95.40,-95.02,-179,R,12215,-2.4800
46650,P2,CASC,-95.25,-95.01,-179,R,12177,-2.4824
46660,P2,CASC,-95.10,-92.48,-179,R,12140,-2.5086
46670,P2,CASC,-94.95,-94.98,-178,R,12102,-2.5083
46680,P2,CASC,-94.80,-92.53,-179,R,12065,-2.5310
46690,P2,CASC,-94.65,-92.50,-179,R,12028,-2.5525
46700,P2,CASC,-94.50,-94.99,-177,R,11990,-2.5476
46710,P2,CASC,-94.35,-92.52,-179,R,11953,-2.5659
46720,P2,CASC,-94.20,-92.51,-179,R,11916,-2.5828
46730,P2,CASC,-94.05,-94.96,-177,R,11878,-2.5737
46740,P2,CASC,-93.90,-92.51,-178,R,11841,-2.5876
46750,P2,CASC,-93.75,-95.02,-176,R,11803,-2.5749
46760,P2,CASC,-93.60,-90.01,-179,R,11767,-2.6108
46770,P2,CASC,-93.45,-92.47,-178,R,11730,-2.6206
46780,P2,CASC,-93.30,-94.99,-176,R,11692,-2.6037
46790,P2,CASC,-93.15,-92.54,-178,R,11655,-2.6098
46800,P2,CASC,-93.00,-92.42,-178,R,11618,-2.6156
46810,P2,CASC,-92.85,-90.06,-178,R,11582,-2.6435
46820,P2,CASC,-92.70,-90.01,-178,R,11546,-2.6704
46830,P2,CASC,-92.55,-90.00,-178,R,11510,-2.6959
46840,P2,CASC,-92.40,-87.48,-179,R,11475,-2.7451
46850,P2,CASC,-92.25,-90.01,-178,R,11439,-2.7675
46860,P2,CASC,-92.10,-90.01,-178,R,11403,-2.7884
46870,P2,CASC,-91.95,-90.01,-178,R,11367,-2.8078
46880,P2,CASC,-91.80,-89.99,-178,R,11331,-2.8259
46890,P2,CASC,-91.65,-92.47,-176,R,11294,-2.8177
46900,P2,CASC,-91.50,-92.54,-175,R,11257,-2.8073
46910,P2,CASC,-91.35,-92.48,-175,R,11220,-2.7960
46920,P2,CASC,-91.20,-89.99,-177,R,11184,-2.8081
46930,P2,CASC,-91.05,-94.99,-173,R,11146,-2.7687
46940,P2,CASC,-90.90,-90.03,-177,R,11110,-2.7774
46950,P2,CASC,-90.75,-95.00,-173,R,11072,-2.7349
46960,P2,CASC,-90.60,-89.98,-176,R,11036,-2.7411
46970,P2,CASC,-90.45,-92.51,-174,R,10999,-2.7205
46980,P2,CASC,-90.30,-89.99,-176,R,10963,-2.7236
46990,P2,CASC,-90.15,-90.01,-176,R,10927,-2.7250
47000,P2,CASC,-90.00,-90.02,-175,R,10891,-2.7248
47010,P2,CASC,-89.85,-90.00,-175,R,10855,-2.7233
47020,P2,CASC,-89.70,-87.50,-176,R,10820,-2.7453
47030,P2,CASC,-89.55,-89.97,-174,R,10784,-2.7411
47040,P2,CASC,-89.40,-90.03,-174,R,10748,-2.7348
47050,P2,CASC,-89.25,-89.97,-174,R,10712,-2.7276
47060,P2,CASC,-89.10,-90.02,-173,R,10676,-2.7184
47070,P2,CASC,-88.95,-89.95,-173,R,10640,-2.7085
47080,P2,CASC,-88.80,-90.05,-173,R,10604,-2.6960
47090,P2,CASC,-88.65,-90.00,-173,R,10568,-2.6825
47100,P2,CASC,-88.50,-87.51,-175,R,10533,-2.6924
47110,P2,CASC,-88.35,-89.99,-172,R,10497,-2.6760
47120,P2,CASC,-88.20,-90.02,-172,R,10461,-2.6578
47130,P2,CASC,-88.05,-92.49,-170,R,10424,-2.6134
47140,P2,CASC,-87.90,-89.99,-172,R,10388,-2.5925
47150,P2,CASC,-87.75,-90.00,-171,R,10352,-2.5700
47160,P2,CASC,-87.60,-87.52,-174,R,10317,-2.5708
47170,P2,CASC,-87.45,-89.99,-171,R,10281,-2.5454
47180,P2,CASC,-87.30,-90.00,-171,R,10245,-2.5184
47190,P2,CASC,-87.15,-84.99,-174,R,10211,-2.5400
47200,P2,CASC,-87.00,-90.00,-170,R,10175,-2.5100
47210,P2,CASC,-86.85,-87.50,-172,R,10140,-2.5035
47220,P2,CASC,-86.70,-90.00,-170,R,10104,-2.4705
47230,P2,CASC,-86.55,-87.52,-171,R,10069,-2.4608
47240,P2,CASC,-86.40,-89.97,-169,R,10033,-2.4251
47250,P2,CASC,-86.25,-87.51,-171,R,9998,-2.4125
47260,P2,CASC,-86.10,-89.99,-169,R,9962,-2.3736
47270,P2,CASC,-85.95,-87.51,-170,R,9927,-2.3580
47280,P2,CASC,-85.80,-90.00,-168,R,9891,-2.3160
47290,P2,CASC,-85.65,-89.95,-168,R,9855,-2.2731
47300,P2,CASC,-85.50,-87.55,-169,R,9820,-2.2525
47310,P2,CASC,-85.35,-87.52,-169,R,9785,-2.2309
47320,P2,CASC,-85.20,-87.48,-169,R,9750,-2.2080
47330,P2,CASC,-85.05,-85.01,-171,R,9716,-2.2084
47340,P2,CASC,-84.90,-84.99,-170,R,9682,-2.2075
47350,P2,CASC,-84.75,-87.49,-168,R,9647,-2.1801
47360,P2,CASC,-84.60,-85.03,-169,R,9613,-2.1759
47370,P2,CASC,-84.45,-87.48,-168,R,9578,-2.1455
47380,P2,CASC,-84.30,-87.50,-167,R,9543,-2.1135
47390,P2,CASC,-84.15,-85.02,-169,R,9509,-2.1049
47400,P2,CASC,-84.00,-89.97,-165,R,9473,-2.0451
47410,P2,CASC,-83.85,-85.01,-168,R,9439,-2.0336
47420,P2,CASC,-83.70,-87.52,-166,R,9404,-1.9954
47430,P2,CASC,-83.55,-84.98,-168,R,9370,-1.9810
47440,P2,CASC,-83.40,-87.51,-166,R,9335,-1.9400
47450,P2,CASC,-83.25,-84.99,-167,R,9301,-1.9225
47460,P2,CASC,-83.10,-87.46,-165,R,9266,-1.8790
47470,P2,CASC,-82.95,-85.06,-166,R,9232,-1.8579
47480,P2,CASC,-82.80,-84.99,-166,R,9198,-1.8360
47490,P2,CASC,-82.65,-87.47,-164,R,9163,-1.7877
47500,P2,CASC,-82.50,-82.52,-167,R,9130,-1.7875
47510,P2,CASC,-82.35,-82.50,-167,R,9097,-1.7860
47520,P2,CASC,-82.20,-82.49,-167,R,9064,-1.7831
47530,P2,CASC,-82.05,-82.51,-167,R,9031,-1.7785
47540,P2,CASC,-81.90,-85.01,-165,R,8997,-1.7474
47550,P2,CASC,-81.75,-84.97,-165,R,8963,-1.7152
47560,P2,CASC,-81.60,-85.01,-164,R,8929,-1.6811
47570,P2,CASC,-81.45,-85.02,-164,R,8895,-1.6454
47580,P2,CASC,-81.30,-87.50,-162,R,8860,-1.5834
47590,P2,CASC,-81.15,-84.99,-163,R,8826,-1.5450
47600,P2,CASC,-81.00,-84.99,-163,R,8792,-1.5051
47610,P2,CASC,-80.85,-87.50,-161,R,8757,-1.4386
47620,P2,CASC,-80.70,-87.48,-161,R,8722,-1.3707
47630,P2,CASC,-80.55,-87.52,-160,R,8687,-1.3011
47640,P2,CASC,-80.40,-84.99,-162,R,8653,-1.2552
47650,P2,CASC,-80.25,-85.00,-161,R,8619,-1.2077
47660,P2,CASC,-80.10,-85.03,-161,R,8585,-1.1584
47670,P2,CASC,-79.95,-84.99,-161,R,8551,-1.1080
47680,P2,CASC,-79.80,-84.99,-160,R,8517,-1.0561
47690,P2,CASC,-79.65,-82.52,-162,R,8484,-1.0274
47700,P2,CASC,-79.50,-84.99,-160,R,8450,-0.9725
47710,P2,CASC,-79.35,-80.00,-163,R,8418,-0.9660
47720,P2,CASC,-79.20,-87.49,-158,R,8383,-0.8831
47730,P2,CASC,-79.05,-82.52,-161,R,8350,-0.8484
47740,P2,CASC,-78.90,-82.47,-160,R,8317,-0.8127
47750,P2,CASC,-78.75,-85.01,-158,R,8283,-0.7502
47760,P2,CASC,-78.60,-85.00,-158,R,8249,-0.6862
47770,P2,CASC,-78.45,-82.52,-159,R,8216,-0.6454
47780,P2,CASC,-78.30,-82.48,-159,R,8183,-0.6037
47790,P2,CASC,-78.15,-84.99,-157,R,8149,-0.5352
47800,P2,CASC,-78.00,-82.52,-158,R,8116,-0.4901
47810,P2,CASC,-77.85,-85.02,-156,R,8082,-0.4184
47820,P2,CASC,-77.70,-84.93,-156,R,8048,-0.3461
47830,P2,CASC,-77.55,-82.55,-157,R,8015,-0.2961
47840,P2,CASC,-77.40,-82.51,-157,R,7982,-0.2450
47850,P2,CASC,-77.25,-82.49,-157,R,7949,-0.1926
47860,P2,CASC,-77.10,-82.49,-157,R,7916,-0.1387
47870,P2,CASC,-76.95,-80.00,-158,R,7884,-0.1082
47880,P2,CASC,-76.80,-82.50,-156,R,7851,-0.0512
47890,P2,CASC,-76.65,-80.02,-157,R,7819,-0.0175
47900,P2,CASC,-76.50,-82.50,-155,R,7786,0.0425
47910,P2,CASC,-76.35,-79.98,-157,R,7754,0.0788
47920,P2,CASC,-76.20,-80.02,-156,R,7722,0.1171
47930,P2,CASC,-76.05,-79.97,-156,R,7690,0.1562
47940,P2,CASC,-75.90,-80.02,-156,R,7658,0.1974
47950,P2,CASC,-75.75,-80.02,-156,R,7626,0.2401
47960,P2,CASC,-75.60,-79.97,-155,R,7594,0.2837
47970,P2,CASC,-75.45,-80.01,-155,R,7562,0.3293
47980,P2,CASC,-75.30,-80.01,-155,R,7530,0.3764
47990,P2,CASC,-75.15,-80.00,-154,R,7498,0.4249
48000,P2,CASC,-75.00,-80.02,-154,R,7466,0.4751
48010,P2,CASC,-74.85,-79.99,-154,R,7434,0.5265
48020,P2,CASC,-74.70,-77.51,-155,R,7403,0.5546
48030,P2,CASC,-74.55,-79.98,-153,R,7371,0.6089
48040,P2,CASC,-74.40,-75.01,-156,R,7341,0.6150
48050,P2,CASC,-74.25,-77.48,-154,R,7310,0.6472
48060,P2,CASC,-74.10,-75.01,-156,R,7280,0.6563
48070,P2,CASC,-73.95,-77.49,-154,R,7249,0.6917
48080,P2,CASC,-73.80,-75.03,-155,R,7219,0.7040
48090,P2,CASC,-73.65,-77.48,-153,R,7188,0.7424
48100,P2,CASC,-73.50,-77.51,-153,R,7157,0.7825
48110,P2,CASC,-73.35,-79.99,-151,R,7125,0.8489
48120,P2,CASC,-73.20,-74.99,-154,R,7095,0.8668
48130,P2,CASC,-73.05,-77.52,-152,R,7064,0.9115
48140,P2,CASC,-72.90,-77.50,-152,R,7033,0.9575
48150,P2,CASC,-72.75,-74.99,-153,R,7003,0.9800
48160,P2,CASC,-72.60,-75.00,-153,R,6973,1.0040
48170,P2,CASC,-72.45,-77.50,-151,R,6942,1.0545
48180,P2,CASC,-72.30,-72.51,-154,R,6913,1.0565
48190,P2,CASC,-72.15,-77.49,-151,R,6882,1.1100
48200,P2,CASC,-72.00,-75.00,-152,R,6852,1.1400
48210,P2,CASC,-71.85,-75.01,-152,R,6822,1.1715
48220,P2,CASC,-71.70,-74.99,-152,R,6792,1.2044
48230,P2,CASC,-71.55,-74.99,-151,R,6762,1.2388
48240,P2,CASC,-71.40,-72.49,-153,R,6733,1.2497
48250,P2,CASC,-71.25,-72.51,-153,R,6704,1.2623
48260,P2,CASC,-71.10,-70.01,-153,R,6676,1.2515
48270,P2,CASC,-70.95,-72.50,-152,R,6647,1.2670
48280,P2,CASC,-70.80,-69.99,-153,R,6619,1.2588
48290,P2,CASC,-70.65,-74.99,-150,R,6589,1.3022
48300,P2,CASC,-70.50,-72.53,-151,R,6560,1.3225
48310,P2,CASC,-70.35,-74.99,-150,R,6530,1.3689
48320,P2,CASC,-70.20,-72.51,-151,R,6501,1.3920
48330,P2,CASC,-70.05,-75.00,-149,R,6471,1.4415
48340,P2,CASC,-69.90,-72.50,-150,R,6442,1.4675
48350,P2,CASC,-69.75,-72.49,-150,R,6413,1.4950
48360,P2,CASC,-69.60,-72.51,-150,R,6384,1.5240
48370,P2,CASC,-69.45,-74.99,-148,R,6354,1.5795
48380,P2,CASC,-69.30,-72.50,-149,R,6325,1.6114
48390,P2,CASC,-69.15,-72.49,-149,R,6296,1.6448
48400,P2,CASC,-69.00,-72.50,-149,R,6267,1.6798
48410,P2,CASC,-68.85,-72.51,-148,R,6238,1.7164
48420,P2,CASC,-68.70,-70.00,-150,R,6210,1.7294
48430,P2,CASC,-68.55,-72.50,-148,R,6181,1.7689
48440,P2,CASC,-68.40,-69.99,-149,R,6153,1.7848
48450,P2,CASC,-68.25,-69.99,-149,R,6125,1.8022
48460,P2,CASC,-68.10,-70.02,-149,R,6097,1.8214
48470,P2,CASC,-67.95,-70.01,-149,R,6069,1.8420
48480,P2,CASC,-67.80,-70.00,-148,R,6041,1.8640
48490,P2,CASC,-67.65,-67.48,-149,R,6014,1.8623
48500,P2,CASC,-67.50,-72.50,-146,R,5985,1.9123
48510,P2,CASC,-67.35,-67.51,-149,R,5958,1.9140
48520,P2,CASC,-67.20,-69.99,-148,R,5930,1.9418
48530,P2,CASC,-67.05,-70.00,-147,R,5902,1.9713
48540,P2,CASC,-66.90,-72.52,-145,R,5873,2.0275
48550,P2,CASC,-66.75,-67.50,-148,R,5846,2.0350
48560,P2,CASC,-66.60,-69.99,-147,R,5818,2.0690
48570,P2,CASC,-66.45,-69.99,-146,R,5790,2.1043
48580,P2,CASC,-66.30,-70.01,-146,R,5762,2.1415
48590,P2,CASC,-66.15,-67.50,-147,R,5735,2.1550
48600,P2,CASC,-66.00,-70.01,-145,R,5707,2.1950
48610,P2,CASC,-65.85,-72.49,-144,R,5678,2.2614
48620,P2,CASC,-65.70,-69.99,-145,R,5650,2.3043
48630,P2,CASC,-65.55,-70.01,-145,R,5622,2.3489
48640,P2,CASC,-65.40,-67.50,-146,R,5595,2.3699
48650,P2,CASC,-65.25,-70.01,-144,R,5567,2.4175
48660,P2,CASC,-65.10,-67.49,-145,R,5540,2.4415
48670,P2,CASC,-64.95,-69.99,-143,R,5512,2.4918
48680,P2,CASC,-64.80,-67.52,-145,R,5485,2.5190
48690,P2,CASC,-64.65,-67.49,-145,R,5458,2.5475
48700,P2,CASC,-64.50,-65.01,-146,R,5432,2.5525
48710,P2,CASC,-64.35,-67.48,-144,R,5405,2.5838
48720,P2,CASC,-64.20,-67.51,-144,R,5378,2.6169
48730,P2,CASC,-64.05,-64.99,-145,R,5352,2.6264
48740,P2,CASC,-63.90,-67.51,-143,R,5325,2.6625
48750,P2,CASC,-63.75,-65.00,-145,R,5299,2.6750
48760,P2,CASC,-63.60,-67.44,-143,R,5272,2.7134
48770,P2,CASC,-63.45,-62.53,-145,R,5247,2.7042
48780,P2,CASC,-63.30,-65.00,-144,R,5221,2.7212
48790,P2,CASC,-63.15,-65.02,-144,R,5195,2.7399
48800,P2,CASC,-63.00,-65.01,-144,R,5169,2.7600
48810,P2,CASC,-62.85,-67.48,-142,R,5142,2.8063
48820,P2,CASC,-62.70,-62.52,-144,R,5117,2.8045
48830,P2,CASC,-62.55,-65.00,-143,R,5091,2.8290
48840,P2,CASC,-62.40,-62.49,-144,R,5066,2.8299
48850,P2,CASC,-62.25,-64.99,-143,R,5040,2.8573
48860,P2,CASC,-62.10,-62.50,-144,R,5015,2.8613
48870,P2,CASC,-61.95,-62.52,-144,R,4990,2.8670
48880,P2,CASC,-61.80,-64.98,-142,R,4964,2.8988
48890,P2,CASC,-61.65,-59.99,-143,R,4940,2.8822
48900,P2,CASC,-61.50,-62.51,-143,R,4915,2.8923
48910,P2,CASC,-61.35,-60.00,-143,R,4891,2.8788
48920,P2,CASC,-61.20,-62.50,-143,R,4866,2.8918
48930,P2,CASC,-61.05,-62.51,-143,R,4841,2.9065
48940,P2,CASC,-60.90,-59.98,-143,R,4817,2.8972
48950,P2,CASC,-60.75,-62.51,-142,R,4792,2.9148
48960,P2,CASC,-60.60,-62.49,-142,R,4767,2.9337
48970,P2,CASC,-60.45,-62.53,-142,R,4742,2.9545
48980,P2,CASC,-60.30,-62.49,-141,R,4717,2.9764
48990,P2,CASC,-60.15,-62.49,-141,R,4692,2.9998
49000,P2,CASC,-60.00,-62.50,-141,R,4667,3.0248
49010,P2,CASC,-59.85,-62.51,-141,R,4642,3.0513
49020,P2,CASC,-59.70,-59.99,-142,R,4618,3.0543
49030,P2,CASC,-59.55,-60.01,-142,R,4594,3.0588
49040,P2,CASC,-59.40,-62.51,-140,R,4569,3.0900
49050,P2,CASC,-59.25,-62.48,-140,R,4544,3.1222
49060,P2,CASC,-59.10,-60.02,-141,R,4520,3.1315
49070,P2,CASC,-58.95,-59.98,-141,R,4496,3.1418
49080,P2,CASC,-58.80,-62.51,-139,R,4471,3.1789
49090,P2,CASC,-58.65,-59.99,-141,R,4447,3.1923
49100,P2,CASC,-58.50,-60.00,-140,R,4423,3.2073
49110,P2,CASC,-58.35,-60.00,-140,R,4399,3.2238
49120,P2,CASC,-58.20,-60.00,-140,R,4375,3.2418
49130,P2,CASC,-58.05,-57.51,-140,R,4352,3.2364
49140,P2,CASC,-57.90,-57.49,-140,R,4329,3.2323
49150,P2,CASC,-57.75,-60.01,-139,R,4305,3.2550
49160,P2,CASC,-57.60,-55.00,-140,R,4283,3.2290
49170,P2,CASC,-57.45,-57.49,-141,R,4260,3.2293
49180,P2,CASC,-57.30,-57.50,-140,R,4237,3.2313
49190,P2,CASC,-57.15,-55.01,-140,R,4215,3.2100
49200,P2,CASC,-57.00,-59.99,-138,R,4191,3.2398
49210,P2,CASC,-56.85,-57.51,-140,R,4168,3.2465
49220,P2,CASC,-56.70,-57.50,-140,R,4145,3.2545
49230,P2,CASC,-56.55,-57.49,-139,R,4122,3.2639
49240,P2,CASC,-56.40,-57.50,-139,R,4099,3.2749
49250,P2,CASC,-56.25,-57.49,-139,R,4076,3.2873
49260,P2,CASC,-56.10,-57.51,-139,R,4053,3.3014
49270,P2,CASC,-55.95,-57.49,-138,R,4030,3.3168
49280,P2,CASC,-55.80,-57.50,-138,R,4007,3.3338
49290,P2,CASC,-55.65,-57.51,-138,R,3984,3.3524
49300,P2,CASC,-55.50,-57.49,-138,R,3961,3.3723
49310,P2,CASC,-55.35,-55.00,-138,R,3939,3.3688
49320,P2,CASC,-55.20,-57.51,-137,R,3916,3.3919
49330,P2,CASC,-55.05,-54.99,-137,R,3894,3.3913
49340,P2,CASC,-54.90,-55.02,-139,R,3872,3.3925
49350,P2,CASC,-54.75,-57.50,-137,R,3849,3.4200
49360,P2,CASC,-54.60,-54.98,-138,R,3827,3.4238
49370,P2,CASC,-54.45,-55.01,-138,R,3805,3.4293
49380,P2,CASC,-54.30,-55.01,-138,R,3783,3.4364
49390,P2,CASC,-54.15,-54.98,-138,R,3761,3.4447
49400,P2,CASC,-54.00,-52.51,-137,R,3740,3.4298
49410,P2,CASC,-53.85,-54.99,-137,R,3718,3.4413
49420,P2,CASC,-53.70,-52.51,-137,R,3697,3.4294
49430,P2,CASC,-53.55,-52.51,-137,R,3676,3.4189
49440,P2,CASC,-53.40,-55.00,-137,R,3654,3.4349
49450,P2,CASC,-53.25,-54.99,-136,R,3632,3.4524
49460,P2,CASC,-53.10,-52.49,-136,R,3611,3.4463
49470,P2,CASC,-52.95,-55.01,-136,R,3589,3.4669
49480,P2,CASC,-52.80,-52.48,-136,R,3568,3.4637
49490,P2,CASC,-52.65,-55.00,-136,R,3546,3.4872
49500,P2,CASC,-52.50,-55.02,-135,R,3524,3.5125
49510,P2,CASC,-52.35,-52.49,-137,R,3503,3.5139
49520,P2,CASC,-52.20,-55.01,-135,R,3481,3.5420
49530,P2,CASC,-52.05,-54.98,-135,R,3459,3.5712
49540,P2,CASC,-51.90,-55.01,-134,R,3437,3.6023
49550,P2,CASC,-51.75,-52.49,-136,R,3416,3.6097
49560,P2,CASC,-51.60,-55.00,-134,R,3394,3.6437
49570,P2,CASC,-51.45,-55.01,-134,R,3372,3.6793
49580,P2,CASC,-51.30,-52.50,-135,R,3351,3.6913
49590,P2,CASC,-51.15,-55.01,-133,R,3329,3.7299
49600,P2,CASC,-51.00,-52.51,-135,R,3308,3.7450
49610,P2,CASC,-50.85,-54.98,-133,R,3286,3.7862
49620,P2,CASC,-50.70,-55.01,-132,R,3264,3.8293
49630,P2,CASC,-50.55,-55.01,-132,R,3242,3.8739
49640,P2,CASC,-50.40,-55.00,-132,R,3220,3.9199
49650,P2,CASC,-50.25,-54.99,-131,R,3198,3.9673
49660,P2,CASC,-50.10,-52.49,-133,R,3177,3.9913
49670,P2,CASC,-49.95,-52.51,-133,R,3156,4.0169
49680,P2,CASC,-49.80,-52.49,-132,R,3135,4.0438
49690,P2,CASC,-49.65,-52.51,-132,R,3114,4.0724
49700,P2,CASC,-49.50,-52.51,-132,R,3093,4.1024
49710,P2,CASC,-49.35,-49.99,-134,R,3073,4.1088
49720,P2,CASC,-49.20,-52.49,-132,R,3052,4.1418
49730,P2,CASC,-49.05,-50.01,-133,R,3032,4.1514
49740,P2,CASC,-48.90,-49.99,-133,R,3012,4.1623
49750,P2,CASC,-48.75,-52.51,-131,R,2991,4.1998
49760,P2,CASC,-48.60,-47.50,-133,R,2972,4.1888
49770,P2,CASC,-48.45,-50.02,-133,R,2952,4.2045
49780,P2,CASC,-48.30,-49.99,-133,R,2932,4.2214
49790,P2,CASC,-48.15,-47.50,-132,R,2913,4.2149
49800,P2,CASC,-48.00,-49.99,-133,R,2893,4.2349
49810,P2,CASC,-47.85,-49.99,-132,R,2873,4.2563
49820,P2,CASC,-47.70,-47.50,-132,R,2854,4.2543
49830,P2,CASC,-47.55,-47.50,-132,R,2835,4.2538
49840,P2,CASC,-47.40,-47.51,-134,R,2816,4.2549
49850,P2,CASC,-47.25,-47.50,-134,R,2797,4.2574
49860,P2,CASC,-47.10,-47.49,-133,R,2778,4.2613
49870,P2,CASC,-46.95,-47.50,-133,R,2759,4.2668
49880,P2,CASC,-46.80,-47.51,-133,R,2740,4.2739
49890,P2,CASC,-46.65,-47.49,-133,R,2721,4.2823
49900,P2,CASC,-46.50,-47.51,-133,R,2702,4.2923
49910,P2,CASC,-46.35,-47.50,-133,R,2683,4.3039
49920,P2,CASC,-46.20,-44.99,-132,R,2665,4.2918
49930,P2,CASC,-46.05,-47.51,-133,R,2646,4.3064
49940,P2,CASC,-45.90,-44.99,-132,R,2628,4.2973
49950,P2,CASC,-45.75,-47.51,-132,R,2609,4.3149
49960,P2,CASC,-45.60,-45.00,-132,R,2591,4.3089
49970,P2,CASC,-45.45,-47.49,-132,R,2572,4.3293
49980,P2,CASC,-45.30,-45.01,-132,R,2554,4.3264
49990,P2,CASC,-45.15,-45.00,-132,R,2536,4.3249
50000,P2,CASC,-45.00,-45.01,-134,R,2518,4.3249
50010,P2,CASC,-44.85,-44.98,-134,R,2500,4.3263
50020,P2,CASC,-44.70,-45.00,-133,R,2482,4.3293
50030,P2,CASC,-44.55,-45.00,-133,R,2464,4.3338
50040,P2,CASC,-44.40,-47.50,-131,R,2445,4.3648
50050,P2,CASC,-44.25,-45.01,-133,R,2427,4.3724
50060,P2,CASC,-44.10,-45.00,-133,R,2409,4.3814
50070,P2,CASC,-43.95,-49.99,-129,R,2389,4.4418
50080,P2,CASC,-43.80,-47.51,-131,R,2370,4.4788
50090,P2,CASC,-43.65,-44.99,-132,R,2352,4.4923
50100,P2,CASC,-43.50,-47.51,-131,R,2333,4.5324
50110,P2,CASC,-43.35,-45.01,-132,R,2315,4.5489
50120,P2,CASC,-43.20,-47.49,-130,R,2296,4.5918
50130,P2,CASC,-43.05,-47.50,-130,R,2277,4.6363
50140,P2,CASC,-42.90,-47.50,-130,R,2258,4.6823
50150,P2,CASC,-42.75,-47.51,-130,R,2239,4.7299
50160,P2,CASC,-42.60,-45.00,-131,R,2221,4.7539
50170,P2,CASC,-42.45,-47.49,-129,R,2202,4.8043
50180,P2,CASC,-42.30,-45.00,-131,R,2184,4.8313
50190,P2,CASC,-42.15,-47.50,-129,R,2165,4.8848
50200,P2,CASC,-42.00,-45.00,-130,R,2147,4.9148
50210,P2,CASC,-41.85,-45.00,-130,R,2129,4.9463
50220,P2,CASC,-41.70,-47.50,-128,R,2110,5.0044
50230,P2,CASC,-41.55,-45.00,-130,R,2092,5.0389
50240,P2,CASC,-41.40,-47.50,-128,R,2073,5.0999
50250,P2,CASC,-41.25,-45.00,-129,R,2055,5.1374
50260,P2,CASC,-41.10,-44.99,-129,R,2037,5.1763
50270,P2,CASC,-40.95,-45.01,-129,R,2019,5.2169
50280,P2,CASC,-40.80,-44.99,-129,R,2001,5.2588
50290,P2,CASC,-40.65,-45.01,-129,R,1983,5.3024
50300,P2,CASC,-40.50,-44.99,-128,R,1965,5.3473
50310,P2,CASC,-40.35,-42.51,-130,R,1948,5.3689
50320,P2,CASC,-40.20,-42.49,-130,R,1931,5.3918
50330,P2,CASC,-40.05,-42.51,-129,R,1914,5.4164
50340,P2,CASC,-39.90,-42.50,-129,R,1897,5.4424
50350,P2,CASC,-39.75,-42.50,-129,R,1880,5.4699
50360,P2,CASC,-39.60,-42.50,-129,R,1863,5.4989
50370,P2,CASC,-39.45,-42.49,-129,R,1846,5.5293
50380,P2,CASC,-39.30,-40.01,-130,R,1830,5.5364
50390,P2,CASC,-39.15,-42.49,-129,R,1813,5.5698
50400,P2,CASC,-39.00,-45.00,-127,R,1795,5.6298
50410,P2,CASC,-38.85,-42.50,-128,R,1778,5.6663
50420,P2,CASC,-38.70,-42.51,-128,R,1761,5.7044
50430,P2,CASC,-38.55,-39.99,-129,R,1745,5.7188
50440,P2,CASC,-38.40,-42.51,-128,R,1728,5.7599
50450,P2,CASC,-38.25,-42.50,-127,R,1711,5.8024
50460,P2,CASC,-38.10,-42.49,-127,R,1694,5.8463
50470,P2,CASC,-37.95,-42.52,-127,R,1677,5.8919
50480,P2,CASC,-37.80,-40.00,-129,R,1661,5.9139
50490,P2,CASC,-37.65,-42.49,-127,R,1644,5.9623
50500,P2,CASC,-37.50,-40.01,-128,R,1628,5.9874
50510,P2,CASC,-37.35,-39.99,-128,R,1612,6.0138
50520,P2,CASC,-37.20,-40.01,-128,R,1596,6.0419
50530,P2,CASC,-37.05,-39.99,-128,R,1580,6.0713
50540,P2,CASC,-36.90,-42.50,-126,R,1563,6.1273
50550,P2,CASC,-36.75,-40.00,-127,R,1547,6.1598
50560,P2,CASC,-36.60,-40.00,-127,R,1531,6.1938
50570,P2,CASC,-36.45,-37.50,-129,R,1516,6.2043
50580,P2,CASC,-36.30,-42.50,-125,R,1499,6.2664
50590,P2,CASC,-36.15,-37.50,-128,R,1484,6.2799
50600,P2,CASC,-36.00,-39.99,-126,R,1468,6.3198
50610,P2,CASC,-35.85,-37.50,-128,R,1453,6.3364
50620,P2,CASC,-35.70,-40.00,-126,R,1437,6.3794
50630,P2,CASC,-35.55,-37.49,-128,R,1422,6.3988
50640,P2,CASC,-35.40,-37.51,-127,R,1407,6.4199
50650,P2,CASC,-35.25,-39.99,-126,R,1391,6.4673
50660,P2,CASC,-35.10,-37.52,-127,R,1376,6.4914
50670,P2,CASC,-34.95,-37.49,-127,R,1361,6.5168
50680,P2,CASC,-34.80,-37.51,-127,R,1346,6.5439
50690,P2,CASC,-34.65,-37.49,-127,R,1331,6.5723
50700,P2,CASC,-34.50,-37.51,-126,R,1316,6.6024
50710,P2,CASC,-34.35,-39.98,-125,R,1300,6.6586
50720,P2,CASC,-34.20,-35.02,-128,R,1286,6.6669
50730,P2,CASC,-34.05,-39.99,-124,R,1270,6.7263
50740,P2,CASC,-33.90,-37.50,-126,R,1255,6.7622
50750,P2,CASC,-33.75,-37.51,-125,R,1240,6.7998
50760,P2,CASC,-33.60,-37.50,-125,R,1225,6.8388
50770,P2,CASC,-33.45,-37.50,-125,R,1210,6.8793
50780,P2,CASC,-33.30,-40.00,-123,R,1194,6.9463
50790,P2,CASC,-33.15,-37.50,-125,R,1179,6.9898
50800,P2,CASC,-33.00,-37.50,-124,R,1164,7.0348
50810,P2,CASC,-32.85,-40.00,-123,R,1148,7.1062
50820,P2,CASC,-32.70,-40.00,-122,R,1132,7.1793
50830,P2,CASC,-32.55,-37.51,-124,R,1117,7.2288
50840,P2,CASC,-32.40,-37.50,-124,R,1102,7.2798
50850,P2,CASC,-32.25,-39.99,-122,R,1086,7.3573
50860,P2,CASC,-32.10,-37.50,-123,R,1071,7.4113
50870,P2,CASC,-31.95,-40.01,-121,R,1055,7.4918
50880,P2,CASC,-31.80,-37.50,-123,R,1040,7.5488
50890,P2,CASC,-31.65,-37.51,-122,R,1025,7.6074
50900,P2,CASC,-31.50,-40.00,-120,R,1009,7.6924
50910,P2,CASC,-31.35,-37.49,-122,R,994,7.7537
50920,P2,CASC,-31.20,-40.01,-120,R,978,7.8419
50930,P2,CASC,-31.05,-37.50,-121,R,963,7.9064
50940,P2,CASC,-30.90,-37.50,-121,R,948,7.9724
50950,P2,CASC,-30.75,-37.50,-121,R,933,8.0399
50960,P2,CASC,-30.60,-37.49,-120,R,918,8.1088
50970,P2,CASC,-30.45,-37.50,-120,R,903,8.1792
50980,P2,CASC,-30.30,-40.01,-118,R,887,8.2763
50990,P2,CASC,-30.15,-37.49,-120,R,872,8.3497
51000,P2,CASC,-30.00,-37.52,-119,R,857,8.4249
51010,P2,CASC,-29.85,-39.99,-117,R,841,8.5263
51020,P2,CASC,-29.70,-37.50,-119,R,826,8.6043
51030,P2,CASC,-29.55,-37.49,-118,R,811,8.6837
51040,P2,CASC,-29.40,-35.01,-120,R,797,8.7398
51050,P2,CASC,-29.25,-37.50,-118,R,782,8.8223
51060,P2,CASC,-29.10,-35.00,-119,R,768,8.8813
51070,P2,CASC,-28.95,-37.49,-117,R,753,8.9668
51080,P2,CASC,-28.80,-35.00,-119,R,739,9.0288
51090,P2,CASC,-28.65,-35.01,-119,R,725,9.0923
51100,P2,CASC,-28.50,-35.00,-118,R,711,9.1574
51110,P2,CASC,-28.35,-35.00,-118,R,697,9.2239
51120,P2,CASC,-28.20,-32.49,-119,R,684,9.2668
51130,P2,CASC,-28.05,-35.01,-118,R,670,9.3364
51140,P2,CASC,-27.90,-32.50,-119,R,657,9.3824
51150,P2,CASC,-27.75,-32.50,-119,R,644,9.4299
51160,P2,CASC,-27.60,-32.49,-119,R,631,9.4788
51170,P2,CASC,-27.45,-32.51,-118,R,618,9.5294
51180,P2,CASC,-27.30,-32.50,-118,R,605,9.5814
51190,P2,CASC,-27.15,-32.50,-118,R,592,9.6349
51200,P2,CASC,-27.00,-30.00,-119,R,580,9.6648
51210,P2,CASC,-26.85,-30.00,-119,R,568,9.6964
51220,P2,CASC,-26.70,-32.50,-117,R,555,9.7543
51230,P2,CASC,-26.55,-29.99,-119,R,543,9.7888
51240,P2,CASC,-26.40,-30.01,-119,R,531,9.8249
51250,P2,CASC,-26.25,-27.50,-120,R,520,9.8374
51260,P2,CASC,-26.10,-29.99,-118,R,508,9.8763
51270,P2,CASC,-25.95,-30.00,-118,R,496,9.9168
51280,P2,CASC,-25.80,-27.51,-120,R,485,9.9339
51290,P2,CASC,-25.65,-29.99,-118,R,473,9.9773
51300,P2,CASC,-25.50,-27.50,-119,R,462,9.9973
51310,P2,CASC,-25.35,-27.50,-119,R,451,10.0188
51320,P2,CASC,-25.20,-27.50,-119,R,440,10.0418
51330,P2,CASC,-25.05,-25.01,-117,R,430,10.0414
51340,P2,CASC,-24.90,-27.50,-119,R,419,10.0673
51350,P2,CASC,-24.75,-27.49,-119,R,408,10.0948
51360,P2,CASC,-24.60,-25.01,-120,R,398,10.0988
51370,P2,CASC,-24.45,-27.50,-118,R,387,10.1294
51380,P2,CASC,-24.30,-25.00,-120,R,377,10.1363
51390,P2,CASC,-24.15,-25.00,-120,R,367,10.1448
51400,P2,CASC,-24.00,-27.51,-118,R,356,10.1799
51410,P2,CASC,-23.85,-25.00,-119,R,346,10.1913
51420,P2,CASC,-23.70,-25.00,-119,R,336,10.2043
51430,P2,CASC,-23.55,-25.00,-119,R,326,10.2188
51440,P2,CASC,-23.40,-25.00,-119,R,316,10.2348
51450,P2,CASC,-23.25,-25.01,-119,R,306,10.2524
51460,P2,CASC,-23.10,-25.00,-119,R,296,10.2714
51470,P2,CASC,-22.95,-24.99,-119,R,286,10.2918
51480,P2,CASC,-22.80,-25.00,-118,R,276,10.3138
51490,P2,CASC,-22.65,-25.01,-118,R,266,10.3373
51500,P2,CASC,-22.50,-25.00,-118,R,256,10.3623
51510,P2,CASC,-22.35,-25.00,-118,R,246,10.3888
51520,P2,CASC,-22.20,-25.01,-118,R,236,10.4169
51530,P2,CASC,-22.05,-25.00,-118,R,226,10.4463
51540,P2,CASC,-21.90,-22.50,-119,R,217,10.4523
51550,P2,CASC,-21.75,-25.00,-117,R,207,10.4848
51560,P2,CASC,-21.60,-24.99,-117,R,197,10.5188
51570,P2,CASC,-21.45,-25.01,-117,R,187,10.5543
51580,P2,CASC,-21.30,-25.00,-117,R,177,10.5913
51590,P2,CASC,-21.15,-25.00,-117,R,167,10.6298
51600,P2,CASC,-21.00,-25.01,-116,R,157,10.6698
51610,P2,CASC,-20.85,-24.99,-116,R,147,10.7113
51620,P2,CASC,-20.70,-25.01,-116,R,137,10.7543
51630,P2,CASC,-20.55,-22.50,-118,R,128,10.7738
51640,P2,CASC,-20.40,-25.00,-116,R,118,10.8198
51650,P2,CASC,-20.25,-25.01,-116,R,108,10.8674
51660,P2,CASC,-20.10,-25.00,-115,R,98,10.9164
51670,P2,CASC,-19.95,-24.99,-115,R,88,10.9668
51680,P2,CASC,-19.80,-25.01,-115,R,78,11.0188
51690,P2,CASC,-19.65,-25.00,-115,R,68,11.0723
51700,P2,CASC,-19.50,-25.01,-114,R,58,11.1274
51710,P2,CASC,-19.35,-25.00,-114,R,48,11.1839
51720,P2,CASC,-19.20,-27.49,-112,R,37,11.2667
51730,P2,CASC,-19.05,-22.50,-115,R,28,11.3013
51740,P2,CASC,-18.90,-25.00,-114,R,18,11.3623
51750,P2,CASC,-18.75,-25.01,-113,R,8,11.4248
51760,P2,CASC,-18.60,-27.50,-111,R,-3,11.5138
51770,P2,CASC,-18.45,-25.00,-113,R,-13,11.5793
51780,P2,CASC,-18.30,-25.00,-112,R,-23,11.6463
51790,P2,CASC,-18.15,-25.00,-112,R,-33,11.7148
51800,P2,CASC,-18.00,-25.00,-112,R,-43,11.7848
51810,P2,CASC,-17.85,-27.50,-110,R,-54,11.8813
51820,P2,CASC,-17.70,-25.00,-111,R,-64,11.9543
51830,P2,CASC,-17.55,-25.00,-111,R,-74,12.0288
51840,P2,CASC,-17.40,-22.50,-113,R,-83,12.0798
51850,P2,CASC,-17.25,-25.00,-111,R,-93,12.1573
51860,P2,CASC,-17.10,-25.00,-110,R,-103,12.2363
51870,P2,CASC,-16.95,-25.01,-110,R,-113,12.3168
51880,P2,CASC,-16.80,-24.99,-110,R,-123,12.3988
51890,P2,CASC,-16.65,-25.00,-109,R,-133,12.4823
51900,P2,CASC,-16.50,-22.51,-111,R,-142,12.5423
51910,P2,CASC,-16.35,-24.99,-109,R,-152,12.6288
51920,P2,CASC,-16.20,-22.50,-110,R,-161,12.6918
51930,P2,CASC,-16.05,-25.00,-108,R,-171,12.7813
51940,P2,CASC,-15.90,-22.50,-110,R,-180,12.8473
51950,P2,CASC,-15.75,-22.50,-110,R,-189,12.9148
51960,P2,CASC,-15.60,-25.00,-108,R,-199,13.0088
51970,P2,CASC,-15.45,-19.99,-111,R,-207,13.0542
51980,P2,CASC,-15.30,-22.50,-109,R,-216,13.1263
51990,P2,CASC,-15.15,-22.50,-108,R,-225,13.1998
52000,P2,CASC,-15.00,-22.50,-108,R,-234,13.2748
52010,P2,CASC,-14.85,-22.50,-108,R,-243,13.3513
52020,P2,CASC,-14.70,-20.00,-109,R,-251,13.4043
52030,P2,CASC,-14.55,-22.50,-107,R,-260,13.4838
52040,P2,CASC,-14.40,-20.00,-109,R,-268,13.5398
52050,P2,CASC,-14.25,-20.00,-109,R,-276,13.5973
52060,P2,CASC,-14.10,-20.00,-108,R,-284,13.6563
52070,P2,CASC,-13.95,-22.50,-106,R,-293,13.7418
52080,P2,CASC,-13.80,-20.00,-108,R,-301,13.8038
52090,P2,CASC,-13.65,-20.00,-108,R,-309,13.8673
52100,P2,CASC,-13.50,-19.99,-107,R,-317,13.9323
52110,P2,CASC,-13.35,-20.01,-107,R,-325,13.9988
52120,P2,CASC,-13.20,-17.50,-109,R,-332,14.0418
52130,P2,CASC,-13.05,-20.00,-107,R,-340,14.1113
52140,P2,CASC,-12.90,-20.00,-106,R,-348,14.1823
52150,P2,CASC,-12.75,-17.50,-108,R,-355,14.2298
52160,P2,CASC,-12.60,-17.50,-108,R,-362,14.2788
52170,P2,CASC,-12.45,-20.00,-106,R,-370,14.3543
52180,P2,CASC,-12.30,-17.50,-107,R,-377,14.4063
52190,P2,CASC,-12.15,-17.50,-107,R,-384,14.4598
52200,P2,CASC,-12.00,-17.50,-107,R,-391,14.5148
52210,P2,CASC,-11.85,-17.50,-106,R,-398,14.5713
52220,P2,CASC,-11.70,-15.00,-108,R,-404,14.6043
52230,P2,CASC,-11.55,-17.50,-106,R,-411,14.6638
52240,P2,CASC,-11.40,-17.50,-106,R,-418,14.7248
52250,P2,CASC,-11.25,-15.00,-107,R,-424,14.7623
52260,P2,CASC,-11.10,-17.50,-105,R,-431,14.8263
52270,P2,CASC,-10.95,-15.00,-107,R,-437,14.8668
52280,P2,CASC,-10.80,-15.00,-107,R,-443,14.9088
52290,P2,CASC,-10.65,-15.00,-106,R,-449,14.9523
52300,P2,CASC,-10.50,-15.00,-106,R,-455,14.9973
52310,P2,CASC,-10.35,-15.00,-106,R,-461,15.0438
52320,P2,CASC,-10.20,-15.00,-106,R,-467,15.0918
52330,P2,CASC,-10.05,-15.00,-106,R,-473,15.1413
52340,P2,CASC,-9.90,-12.50,-107,R,-478,15.1673
52350,P2,CASC,-9.75,-15.00,-105,R,-484,15.2198
52360,P2,CASC,-9.60,-15.00,-105,R,-490,15.2738
52370,P2,CASC,-9.45,-12.50,-106,R,-495,15.3043
52380,P2,CASC,-9.30,-12.50,-106,R,-500,15.3363
52390,P2,CASC,-9.15,-15.00,-104,R,-506,15.3948
52400,P2,CASC,-9.00,-12.50,-106,R,-511,15.4298
52410,P2,CASC,-8.85,-12.50,-106,R,-516,15.4663
52420,P2,CASC,-8.70,-12.50,-106,R,-521,15.5043
52430,P2,CASC,-8.55,-12.50,-105,R,-526,15.5438
52440,P2,CASC,-8.40,-12.50,-105,R,-531,15.5848
52450,P2,CASC,-8.25,-12.50,-105,R,-536,15.6273
52460,P2,CASC,-8.10,-12.50,-105,R,-541,15.6712
52470,P2,CASC,-7.95,-12.50,-105,R,-546,15.7167
52480,P2,CASC,-7.80,-10.00,-106,R,-550,15.7388
52490,P2,CASC,-7.65,-12.50,-104,R,-555,15.7873
52500,P2,CASC,-7.50,-10.00,-106,R,-559,15.8123
52510,P2,CASC,-7.35,-10.00,-106,R,-563,15.8388
52520,P2,CASC,-7.20,-12.50,-104,R,-568,15.8918
52530,P2,CASC,-7.05,-10.00,-105,R,-572,15.9213
52540,P2,CASC,-6.90,-10.00,-105,R,-576,15.9523
52550,P2,CASC,-6.75,-10.00,-105,R,-580,15.9848
52560,P2,CASC,-6.60,-10.00,-105,R,-584,16.0188
52570,P2,CASC,-6.45,-10.00,-104,R,-588,16.0543
52580,P2,CASC,-6.30,-10.00,-104,R,-592,16.0913
52590,P2,CASC,-6.15,-10.00,-104,R,-596,16.1298
52600,P2,CASC,-6.00,-10.00,-104,R,-600,16.1698
52610,P2,CASC,-5.85,-10.00,-104,R,-604,16.2113
52620,P2,CASC,-5.70,-10.00,-103,R,-608,16.2543
52630,P2,CASC,-5.55,-7.50,-105,R,-611,16.2738
52640,P2,CASC,-5.40,-10.00,-103,R,-615,16.3198
52650,P2,CASC,-5.25,-7.50,-105,R,-618,16.3423
52660,P2,CASC,-5.10,-10.00,-103,R,-622,16.3913
52670,P2,CASC,-4.95,-7.50,-104,R,-625,16.4168
52680,P2,CASC,-4.80,-7.50,-104,R,-628,16.4438
52690,P2,CASC,-4.65,-7.50,-104,R,-631,16.4723
52700,P2,CASC,-4.50,-7.50,-104,R,-634,16.5023
52710,P2,CASC,-4.35,-7.50,-104,R,-637,16.5338
52720,P2,CASC,-4.20,-10.00,-102,R,-641,16.5918
52730,P2,CASC,-4.05,-7.50,-103,R,-644,16.6263
52740,P2,CASC,-3.90,-7.50,-103,R,-647,16.6623
52750,P2,CASC,-3.75,-5.00,-105,R,-649,16.6748
52760,P2,CASC,-3.60,-5.00,-104,R,-651,16.6888
52770,P2,CASC,-3.45,-5.00,-104,R,-653,16.7043
52780,P2,CASC,-3.30,-7.50,-102,R,-656,16.7463
52790,P2,CASC,-3.15,-7.50,-102,R,-659,16.7898
52800,P2,CASC,-3.00,-7.50,-102,R,-662,16.8348
52810,P2,CASC,-2.85,-5.00,-104,R,-664,16.8563
52820,P2,CASC,-2.70,-5.00,-103,R,-666,16.8793
52830,P2,CASC,-2.55,-5.00,-103,R,-668,16.9038
52840,P2,CASC,-2.40,-5.00,-103,R,-670,16.9298
52850,P2,CASC,-2.25,-2.50,-105,R,-671,16.9323
52860,P2,CASC,-2.10,-2.50,-104,R,-672,16.9363
52870,P2,CASC,-1.95,-5.00,-103,R,-674,16.9668
52880,P2,CASC,-1.80,-2.50,-104,R,-675,16.9738
52890,P2,CASC,-1.65,-7.50,-101,R,-678,17.0323
52900,P2,CASC,-1.50,-5.00,-102,R,-680,17.0673
52910,P2,CASC,-1.35,-5.00,-102,R,-682,17.1038
52920,P2,CASC,-1.20,-5.00,-102,R,-684,17.1418
52930,P2,CASC,-1.05,-5.00,-102,R,-686,17.1813
52940,P2,CASC,-0.90,0.00,-98,R,-686,17.1723
52950,P2,CASC,-0.75,-2.50,-103,R,-687,17.1898
52960,P2,CASC,-0.60,-2.50,-103,R,-688,17.2088
52970,P2,CASC,-0.45,0.00,-98,R,-688,17.2043
52980,P2,CASC,-0.30,-2.50,-103,R,-689,17.2263
52990,P2,CASC,-0.15,0.00,-98,R,-689,17.2248
