t_ms,profile,controller,ref_rpm,meas_rpm,pwm_cmd,dir,enc_count,integrator
0,P2,BASE,0.00,0.00,0,N,0,0.0000
10,P2,BASE,0.15,0.00,0,N,0,0.0015
20,P2,BASE,0.30,0.00,0,N,0,0.0045
30,P2,BASE,0.45,0.00,0,N,0,0.0090
40,P2,BASE,0.60,0.00,0,N,0,0.0150
50,P2,BASE,0.75,0.00,0,N,0,0.0225
60,P2,BASE,0.90,0.00,1,F,0,0.0315
70,P2,BASE,1.05,0.00,1,F,0,0.0420
80,P2,BASE,1.20,0.00,1,F,0,0.0540
90,P2,BASE,1.35,0.00,1,F,0,0.0675
100,P2,BASE,1.50,0.00,2,F,0,0.0825
110,P2,BASE,1.65,0.00,2,F,0,0.0990
120,P2,BASE,1.80,0.00,2,F,0,0.1170
130,P2,BASE,1.95,0.00,2,F,0,0.1365
140,P2,BASE,2.10,0.00,3,F,0,0.1575
150,P2,BASE,2.25,0.00,3,F,0,0.1800
160,P2,BASE,2.40,0.00,3,F,0,0.2040
170,P2,BASE,2.55,0.00,4,F,0,0.2295
180,P2,BASE,2.70,0.00,4,F,0,0.2565
190,P2,BASE,2.85,0.00,4,F,0,0.2850
200,P2,BASE,3.00,0.00,5,F,0,0.3150
210,P2,BASE,3.15,0.00,5,F,0,0.3465
220,P2,BASE,3.30,0.00,5,F,0,0.3795
230,P2,BASE,3.45,0.00,6,F,0,0.4140
240,P2,BASE,3.60,0.00,6,F,0,0.4500
250,P2,BASE,3.75,0.00,7,F,0,0.4875
260,P2,BASE,3.90,0.00,7,F,0,0.5265
270,P2,BASE,4.05,0.00,7,F,0,0.5670
280,P2,BASE,4.20,0.00,8,F,0,0.6090
290,P2,BASE,4.35,0.00,8,F,0,0.6525
300,P2,BASE,4.50,0.00,9,F,0,0.6975
310,P2,BASE,4.65,0.00,9,F,0,0.7440
320,P2,BASE,4.80,0.00,10,F,0,0.7920
330,P2,BASE,4.95,0.00,10,F,0,0.8415
340,P2,BASE,5.10,0.00,11,F,0,0.8925
350,P2,BASE,5.25,0.00,11,F,0,0.9450
360,P2,BASE,5.40,0.00,12,F,0,0.9990
370,P2,BASE,5.55,0.00,12,F,0,1.0545
380,P2,BASE,5.70,0.00,13,F,0,1.1115
390,P2,BASE,5.85,0.00,13,F,0,1.1700
400,P2,BASE,6.00,0.00,14,F,0,1.2300
410,P2,BASE,6.15,0.00,14,F,0,1.2915
420,P2,BASE,6.30,0.00,15,F,0,1.3545
430,P2,BASE,6.45,0.00,15,F,0,1.4190
440,P2,BASE,6.60,0.00,16,F,0,1.4850
450,P2,BASE,6.75,0.00,17,F,0,1.5525
460,P2,BASE,6.90,0.00,17,F,0,1.6215
470,P2,BASE,7.05,0.00,18,F,0,1.6920
480,P2,BASE,7.20,0.00,18,F,0,1.7640
490,P2,BASE,7.35,0.00,19,F,0,1.8375
500,P2,BASE,7.50,0.00,20,F,0,1.9125
510,P2,BASE,7.65,0.00,20,F,0,1.9890
520,P2,BASE,7.80,0.00,21,F,0,2.0670
530,P2,BASE,7.95,0.00,22,F,0,2.1465
540,P2,BASE,8.10,0.00,22,F,0,2.2275
550,P2,BASE,8.25,0.00,23,F,0,2.3100
560,P2,BASE,8.40,0.00,24,F,0,2.3940
570,P2,BASE,8.55,0.00,24,F,0,2.4795
580,P2,BASE,8.70,0.00,25,F,0,2.5665
590,P2,BASE,8.85,0.00,26,F,0,2.6550
600,P2,BASE,9.00,0.00,27,F,0,2.7450
610,P2,BASE,9.15,0.00,27,F,0,2.8365
620,P2,BASE,9.30,0.00,28,F,0,2.9295
630,P2,BASE,9.45,0.00,29,F,0,3.0240
640,P2,BASE,9.60,0.00,30,F,0,3.1200
650,P2,BASE,9.75,0.00,31,F,0,3.2175
660,P2,BASE,9.90,0.00,31,F,0,3.3165
670,P2,BASE,10.05,0.00,32,F,0,3.4170
680,P2,BASE,10.20,0.00,33,F,0,3.5190
690,P2,BASE,10.35,0.00,34,F,0,3.6225
700,P2,BASE,10.50,0.00,35,F,0,3.7275
710,P2,BASE,10.65,0.00,36,F,0,3.8340
720,P2,BASE,10.80,0.00,36,F,0,3.9420
730,P2,BASE,10.95,0.00,37,F,0,4.0515
740,P2,BASE,11.10,0.00,38,F,0,4.1625
750,P2,BASE,11.25,0.00,39,F,0,4.2750
760,P2,BASE,11.40,0.00,40,F,0,4.3890
770,P2,BASE,11.55,0.00,41,F,0,4.5045
780,P2,BASE,11.70,0.00,42,F,0,4.6215
790,P2,BASE,11.85,0.00,43,F,0,4.7400
800,P2,BASE,12.00,0.00,44,F,0,4.8600
810,P2,BASE,12.15,0.00,45,F,0,4.9815
820,P2,BASE,12.30,0.00,46,F,0,5.1045
830,P2,BASE,12.45,0.00,47,F,0,5.2290
840,P2,BASE,12.60,0.00,47,F,0,5.3550
850,P2,BASE,12.75,0.00,48,F,0,5.4825
860,P2,BASE,12.90,0.00,49,F,0,5.6115
870,P2,BASE,13.05,0.00,50,F,0,5.7420
880,P2,BASE,13.20,0.00,52,F,0,5.8740
890,P2,BASE,13.35,0.00,53,F,0,6.0075
900,P2,BASE,13.50,0.00,54,F,0,6.1425
910,P2,BASE,13.65,0.00,55,F,0,6.2790
920,P2,BASE,13.80,0.00,56,F,0,6.4170
930,P2,BASE,13.95,0.00,57,F,0,6.5565
940,P2,BASE,14.10,0.00,58,F,0,6.6975
950,P2,BASE,14.25,0.00,59,F,0,6.8400
960,P2,BASE,14.40,0.00,60,F,0,6.9840
970,P2,BASE,14.55,0.00,61,F,0,7.1295
980,P2,BASE,14.70,0.00,62,F,0,7.2765
990,P2,BASE,14.85,0.00,63,F,0,7.4250
1000,P2,BASE,15.00,0.00,65,F,0,7.5750
1010,P2,BASE,15.15,0.00,66,F,0,7.7265
1020,P2,BASE,15.30,0.00,67,F,0,7.8795
1030,P2,BASE,15.45,0.00,68,F,0,8.0340
1040,P2,BASE,15.60,0.00,69,F,0,8.1900
1050,P2,BASE,15.75,0.00,70,F,0,8.3475
1060,P2,BASE,15.90,0.00,72,F,0,8.5065
1070,P2,BASE,16.05,0.00,73,F,0,8.6670
1080,P2,BASE,16.20,0.00,74,F,0,8.8290
1090,P2,BASE,16.35,0.00,75,F,0,8.9925
1100,P2,BASE,16.50,0.00,76,F,0,9.1575
1110,P2,BASE,16.65,0.00,78,F,0,9.3240
1120,P2,BASE,16.80,0.00,79,F,0,9.4920
1130,P2,BASE,16.95,0.00,80,F,0,9.6615
1140,P2,BASE,17.10,0.00,81,F,0,9.8325
1150,P2,BASE,17.25,0.00,83,F,0,10.0050
1160,P2,BASE,17.40,0.00,84,F,0,10.1790
1170,P2,BASE,17.55,0.00,85,F,0,10.3545
1180,P2,BASE,17.70,0.00,87,F,0,10.5315
1190,P2,BASE,17.85,0.00,88,F,0,10.7100
1200,P2,BASE,18.00,0.00,89,F,0,10.8900
1210,P2,BASE,18.15,0.00,91,F,0,11.0715
1220,P2,BASE,18.30,0.00,92,F,0,11.2545
1230,P2,BASE,18.45,0.00,93,F,0,11.4390
1240,P2,BASE,18.60,0.00,95,F,0,11.6250
1250,P2,BASE,18.75,0.00,96,F,0,11.8125
1260,P2,BASE,18.90,0.00,98,F,0,12.0015
1270,P2,BASE,19.05,0.00,99,F,0,12.1920
1280,P2,BASE,19.20,0.00,100,F,0,12.3840
1290,P2,BASE,19.35,0.00,102,F,0,12.5775
1300,P2,BASE,19.50,0.00,103,F,0,12.7725
1310,P2,BASE,19.65,0.00,105,F,0,12.9690
1320,P2,BASE,19.80,0.00,106,F,0,13.1670
1330,P2,BASE,19.95,0.00,108,F,0,13.3665
1340,P2,BASE,20.10,0.00,109,F,0,13.5675
1350,P2,BASE,20.25,0.00,111,F,0,13.7700
1360,P2,BASE,20.40,0.00,112,F,0,13.9740
1370,P2,BASE,20.55,0.00,114,F,0,14.1795
1380,P2,BASE,20.70,0.00,115,F,0,14.3865
1390,P2,BASE,20.85,0.00,117,F,0,14.5950
1400,P2,BASE,21.00,0.00,118,F,0,14.8050
1410,P2,BASE,21.15,0.00,120,F,0,15.0165
1420,P2,BASE,21.30,0.00,121,F,0,15.2295
1430,P2,BASE,21.45,0.00,123,F,0,15.4440
1440,P2,BASE,21.60,0.00,124,F,0,15.6600
1450,P2,BASE,21.75,0.00,126,F,0,15.8775
1460,P2,BASE,21.90,0.00,128,F,0,16.0965
1470,P2,BASE,22.05,0.00,129,F,0,16.3170
1480,P2,BASE,22.20,10.00,120,F,4,16.4390
1490,P2,BASE,22.35,7.50,124,F,7,16.5875
1500,P2,BASE,22.50,10.00,122,F,11,16.7125
1510,P2,BASE,22.65,10.00,123,F,15,16.8390
1520,P2,BASE,22.80,15.00,119,F,21,16.9170
1530,P2,BASE,22.95,12.50,122,F,26,17.0215
1540,P2,BASE,23.10,15.00,120,F,32,17.1025
1550,P2,BASE,23.25,15.00,121,F,38,17.1850
1560,P2,BASE,23.40,15.00,121,F,44,17.2690
1570,P2,BASE,23.55,17.49,119,F,51,17.3295
1580,P2,BASE,23.70,15.00,123,F,57,17.4165
1590,P2,BASE,23.85,20.00,118,F,65,17.4550
1600,P2,BASE,24.00,20.00,118,F,73,17.4950
1610,P2,BASE,24.15,17.49,122,F,80,17.5615
1620,P2,BASE,24.30,20.01,119,F,88,17.6045
1630,P2,BASE,24.45,20.00,120,F,96,17.6490
1640,P2,BASE,24.60,20.00,120,F,104,17.6950
1650,P2,BASE,24.75,22.50,118,F,113,17.7176
1660,P2,BASE,24.90,20.01,121,F,121,17.7665
1670,P2,BASE,25.05,22.50,119,F,130,17.7920
1680,P2,BASE,25.20,22.51,119,F,139,17.8190
1690,P2,BASE,25.35,22.50,120,F,148,17.8475
1700,P2,BASE,25.50,22.49,120,F,157,17.8775
1710,P2,BASE,25.65,25.01,118,F,167,17.8840
1720,P2,BASE,25.80,22.50,121,F,176,17.9170
1730,P2,BASE,25.95,24.99,118,F,186,17.9265
1740,P2,BASE,26.10,25.00,118,F,196,17.9375
1750,P2,BASE,26.25,25.00,119,F,206,17.9500
1760,P2,BASE,26.40,22.50,122,F,215,17.9890
1770,P2,BASE,26.55,25.01,119,F,225,18.0045
1780,P2,BASE,26.70,25.00,120,F,235,18.0215
1790,P2,BASE,26.85,25.01,120,F,245,18.0400
1800,P2,BASE,27.00,25.00,120,F,255,18.0600
1810,P2,BASE,27.15,27.50,118,F,266,18.0565
1820,P2,BASE,27.30,25.00,121,F,276,18.0795
1830,P2,BASE,27.45,27.49,118,F,287,18.0791
1840,P2,BASE,27.60,25.01,121,F,297,18.1050
1850,P2,BASE,27.75,24.99,121,F,307,18.1325
1860,P2,BASE,27.90,27.51,119,F,318,18.1365
1870,P2,BASE,28.05,25.00,122,F,328,18.1670
1880,P2,BASE,28.20,27.49,120,F,339,18.1740
1890,P2,BASE,28.35,25.00,122,F,349,18.2076
1900,P2,BASE,28.50,27.51,120,F,360,18.2175
1910,P2,BASE,28.65,27.49,120,F,371,18.2291
1920,P2,BASE,28.80,27.51,121,F,382,18.2420
1930,P2,BASE,28.95,27.50,121,F,393,18.2565
1940,P2,BASE,29.10,25.00,124,F,403,18.2975
1950,P2,BASE,29.25,27.51,122,F,414,18.3150
1960,P2,BASE,29.40,27.49,122,F,425,18.3341
1970,P2,BASE,29.55,27.51,122,F,436,18.3545
1980,P2,BASE,29.70,29.99,120,F,448,18.3516
1990,P2,BASE,29.85,27.50,123,F,459,18.3751
2000,P2,BASE,30.00,27.51,123,F,470,18.4000
2010,P2,BASE,30.15,27.50,123,F,481,18.4265
2020,P2,BASE,30.30,27.50,124,F,492,18.4545
2030,P2,BASE,30.45,27.50,124,F,503,18.4840
2040,P2,BASE,30.60,27.49,124,F,514,18.5151
2050,P2,BASE,30.75,27.51,125,F,525,18.5475
2060,P2,BASE,30.90,27.48,125,F,536,18.5817
2070,P2,BASE,31.05,27.52,125,F,547,18.6170
2080,P2,BASE,31.20,27.49,126,F,558,18.6540
2090,P2,BASE,31.35,27.51,126,F,569,18.6925
2100,P2,BASE,31.50,27.49,127,F,580,18.7325
2110,P2,BASE,31.65,27.50,127,F,591,18.7740
2120,P2,BASE,31.80,30.00,125,F,603,18.7920
2130,P2,BASE,31.95,27.49,128,F,614,18.8366
2140,P2,BASE,32.10,27.50,128,F,625,18.8826
2150,P2,BASE,32.25,27.51,129,F,636,18.9300
2160,P2,BASE,32.40,30.00,126,F,648,18.9540
2170,P2,BASE,32.55,30.00,127,F,660,18.9795
2180,P2,BASE,32.70,29.99,127,F,672,19.0066
2190,P2,BASE,32.85,30.00,127,F,684,19.0350
2200,P2,BASE,33.00,30.01,128,F,696,19.0650
2210,P2,BASE,33.15,27.49,131,F,707,19.1215
2220,P2,BASE,33.30,30.01,129,F,719,19.1545
2230,P2,BASE,33.45,32.49,126,F,732,19.1640
2240,P2,BASE,33.60,32.49,127,F,745,19.1751
2250,P2,BASE,33.75,30.00,129,F,757,19.2126
2260,P2,BASE,33.90,30.01,130,F,769,19.2515
2270,P2,BASE,34.05,32.50,128,F,782,19.2670
2280,P2,BASE,34.20,32.50,128,F,795,19.2840
2290,P2,BASE,34.35,30.00,131,F,807,19.3275
2300,P2,BASE,34.50,32.49,129,F,820,19.3476
2310,P2,BASE,34.65,32.51,129,F,833,19.3690
2320,P2,BASE,34.80,32.50,129,F,846,19.3920
2330,P2,BASE,34.95,32.50,130,F,859,19.4165
2340,P2,BASE,35.10,32.49,130,F,872,19.4425
2350,P2,BASE,35.25,35.00,127,F,886,19.4450
2360,P2,BASE,35.40,32.50,130,F,899,19.4740
2370,P2,BASE,35.55,32.50,131,F,912,19.5045
2380,P2,BASE,35.70,34.99,128,F,926,19.5116
2390,P2,BASE,35.85,35.00,129,F,940,19.5201
2400,P2,BASE,36.00,35.01,129,F,954,19.5300
2410,P2,BASE,36.15,35.00,129,F,968,19.5415
2420,P2,BASE,36.30,35.00,129,F,982,19.5545
2430,P2,BASE,36.45,37.49,127,F,997,19.5441
2440,P2,BASE,36.60,35.01,130,F,1011,19.5600
2450,P2,BASE,36.75,37.50,127,F,1026,19.5525
2460,P2,BASE,36.90,35.00,130,F,1040,19.5715
2470,P2,BASE,37.05,40.00,125,F,1056,19.5420
2480,P2,BASE,37.20,37.49,128,F,1071,19.5391
2490,P2,BASE,37.35,37.51,128,F,1086,19.5375
2500,P2,BASE,37.50,40.00,125,F,1102,19.5125
2510,P2,BASE,37.65,37.50,128,F,1117,19.5140
2520,P2,BASE,37.80,40.00,125,F,1133,19.4920
2530,P2,BASE,37.95,52.49,112,F,1154,19.3466
2540,P2,BASE,38.10,47.50,116,F,1173,19.2526
2550,P2,BASE,38.25,40.01,124,F,1189,19.2350
2560,P2,BASE,38.40,34.99,130,F,1203,19.2691
2570,P2,BASE,38.55,40.01,124,F,1219,19.2545
2580,P2,BASE,38.70,37.50,127,F,1234,19.2665
2590,P2,BASE,38.85,39.99,125,F,1250,19.2551
2600,P2,BASE,39.00,37.50,128,F,1265,19.2701
2610,P2,BASE,39.15,35.00,131,F,1279,19.3115
2620,P2,BASE,39.30,32.50,134,F,1292,19.3795
2630,P2,BASE,39.45,40.00,126,F,1308,19.3740
2640,P2,BASE,39.60,42.48,124,F,1325,19.3452
2650,P2,BASE,39.75,42.50,124,F,1342,19.3176
2660,P2,BASE,39.90,42.50,124,F,1359,19.2916
2670,P2,BASE,40.05,42.50,124,F,1376,19.2671
2680,P2,BASE,40.20,42.51,124,F,1393,19.2440
2690,P2,BASE,40.35,45.00,121,F,1411,19.1975
2700,P2,BASE,40.50,39.99,126,F,1427,19.2026
2710,P2,BASE,40.65,42.50,124,F,1444,19.1841
2720,P2,BASE,40.80,42.50,124,F,1461,19.1671
2730,P2,BASE,40.95,42.50,124,F,1478,19.1517
2740,P2,BASE,41.10,42.50,124,F,1495,19.1376
2750,P2,BASE,41.25,40.00,127,F,1511,19.1501
2760,P2,BASE,41.40,42.51,124,F,1528,19.1390
2770,P2,BASE,41.55,39.99,127,F,1544,19.1546
2780,P2,BASE,41.70,42.51,124,F,1561,19.1465
2790,P2,BASE,41.85,42.49,125,F,1578,19.1401
2800,P2,BASE,42.00,42.50,125,F,1595,19.1350
2810,P2,BASE,42.15,40.00,127,F,1611,19.1565
2820,P2,BASE,42.30,42.49,125,F,1628,19.1546
2830,P2,BASE,42.45,40.00,128,F,1644,19.1791
2840,P2,BASE,42.60,42.49,126,F,1661,19.1802
2850,P2,BASE,42.75,40.02,128,F,1677,19.2075
2860,P2,BASE,42.90,42.50,126,F,1694,19.2115
2870,P2,BASE,43.05,39.99,129,F,1710,19.2421
2880,P2,BASE,43.20,40.00,129,F,1726,19.2741
2890,P2,BASE,43.35,40.01,130,F,1742,19.3075
2900,P2,BASE,43.50,40.00,130,F,1758,19.3425
2910,P2,BASE,43.65,42.49,128,F,1775,19.3541
2920,P2,BASE,43.80,40.00,131,F,1791,19.3921
2930,P2,BASE,43.95,40.00,131,F,1807,19.4316
2940,P2,BASE,44.10,40.00,132,F,1823,19.4726
2950,P2,BASE,44.25,40.00,132,F,1839,19.5151
2960,P2,BASE,44.40,42.51,130,F,1856,19.5340
2970,P2,BASE,44.55,40.00,133,F,1872,19.5795
2980,P2,BASE,44.70,42.50,130,F,1889,19.6015
2990,P2,BASE,44.85,40.00,133,F,1905,19.6500
3000,P2,BASE,45.00,39.99,134,F,1921,19.7001
3010,P2,BASE,45.15,40.01,134,F,1937,19.7515
3020,P2,BASE,45.30,44.99,130,F,1955,19.7546
3030,P2,BASE,45.45,40.01,135,F,1971,19.8090
3040,P2,BASE,45.60,42.50,133,F,1988,19.8400
3050,P2,BASE,45.75,40.00,136,F,2004,19.8975
3060,P2,BASE,45.90,42.50,134,F,2021,19.9315
3070,P2,BASE,46.05,40.00,137,F,2037,19.9920
3080,P2,BASE,46.20,42.49,135,F,2054,20.0291
3090,P2,BASE,46.35,42.50,135,F,2071,20.0676
3100,P2,BASE,46.50,42.50,136,F,2088,20.1076
3110,P2,BASE,46.65,40.00,139,F,2104,20.1741
3120,P2,BASE,46.80,42.51,137,F,2121,20.2170
3130,P2,BASE,46.95,42.50,137,F,2138,20.2615
3140,P2,BASE,47.10,42.50,138,F,2155,20.3075
3150,P2,BASE,47.25,42.50,138,F,2172,20.3550
3160,P2,BASE,47.40,45.00,136,F,2190,20.3790
3170,P2,BASE,47.55,42.49,139,F,2207,20.4297
3180,P2,BASE,47.70,42.50,139,F,2224,20.4816
3190,P2,BASE,47.85,45.00,137,F,2242,20.5101
3200,P2,BASE,48.00,47.51,135,F,2261,20.5150
3210,P2,BASE,48.15,45.00,138,F,2279,20.5466
3220,P2,BASE,48.30,45.01,138,F,2297,20.5795
3230,P2,BASE,48.45,45.00,138,F,2315,20.6140
3240,P2,BASE,48.60,45.00,139,F,2333,20.6500
3250,P2,BASE,48.75,44.99,139,F,2351,20.6876
3260,P2,BASE,48.90,50.02,134,F,2371,20.6765
3270,P2,BASE,49.05,45.00,140,F,2389,20.7170
3280,P2,BASE,49.20,47.49,137,F,2408,20.7341
3290,P2,BASE,49.35,47.51,138,F,2427,20.7525
3300,P2,BASE,49.50,47.50,138,F,2446,20.7725
3310,P2,BASE,49.65,47.49,138,F,2465,20.7941
3320,P2,BASE,49.80,49.99,136,F,2485,20.7922
3330,P2,BASE,49.95,50.01,136,F,2505,20.7916
3340,P2,BASE,50.10,50.01,136,F,2525,20.7925
3350,P2,BASE,50.25,50.00,136,F,2545,20.7950
3360,P2,BASE,50.40,49.99,137,F,2565,20.7991
3370,P2,BASE,50.55,52.51,134,F,2586,20.7796
3380,P2,BASE,50.70,50.00,137,F,2606,20.7866
3390,P2,BASE,50.85,49.99,137,F,2626,20.7951
3400,P2,BASE,51.00,50.02,137,F,2646,20.8050
3410,P2,BASE,51.15,52.49,135,F,2667,20.7915
3420,P2,BASE,51.30,47.50,140,F,2686,20.8295
3430,P2,BASE,51.45,49.98,138,F,2706,20.8442
3440,P2,BASE,51.60,50.00,138,F,2726,20.8602
3450,P2,BASE,51.75,47.50,141,F,2745,20.9026
3460,P2,BASE,51.90,52.52,136,F,2766,20.8965
3470,P2,BASE,52.05,49.99,139,F,2786,20.9170
3480,P2,BASE,52.20,47.50,142,F,2805,20.9640
3490,P2,BASE,52.35,50.00,140,F,2825,20.9875
3500,P2,BASE,52.50,52.49,137,F,2846,20.9876
3510,P2,BASE,52.65,49.99,140,F,2866,21.0142
3520,P2,BASE,52.80,52.51,138,F,2887,21.0171
3530,P2,BASE,52.95,50.01,141,F,2907,21.0465
3540,P2,BASE,53.10,49.99,141,F,2927,21.0776
3550,P2,BASE,53.25,50.01,141,F,2947,21.1100
3560,P2,BASE,53.40,52.48,139,F,2968,21.1191
3570,P2,BASE,53.55,49.99,142,F,2988,21.1547
3580,P2,BASE,53.70,50.00,142,F,3008,21.1917
3590,P2,BASE,53.85,52.51,140,F,3029,21.2051
3600,P2,BASE,54.00,50.01,143,F,3049,21.2451
3610,P2,BASE,54.15,52.51,141,F,3070,21.2615
3620,P2,BASE,54.30,52.49,141,F,3091,21.2796
3630,P2,BASE,54.45,52.47,141,F,3112,21.2994
3640,P2,BASE,54.60,52.53,142,F,3133,21.3201
3650,P2,BASE,54.75,52.49,142,F,3154,21.3427
3660,P2,BASE,54.90,52.52,142,F,3175,21.3665
3670,P2,BASE,55.05,52.49,143,F,3196,21.3921
3680,P2,BASE,55.20,52.50,143,F,3217,21.4191
3690,P2,BASE,55.35,52.50,143,F,3238,21.4476
3700,P2,BASE,55.50,52.49,144,F,3259,21.4777
3710,P2,BASE,55.65,52.52,144,F,3280,21.5090
3720,P2,BASE,55.80,52.49,144,F,3301,21.5421
3730,P2,BASE,55.95,52.51,145,F,3322,21.5765
3740,P2,BASE,56.10,52.50,145,F,3343,21.6125
3750,P2,BASE,56.25,55.00,143,F,3365,21.6250
3760,P2,BASE,56.40,52.49,146,F,3386,21.6641
3770,P2,BASE,56.55,55.01,143,F,3408,21.6795
3780,P2,BASE,56.70,54.98,144,F,3430,21.6967
3790,P2,BASE,56.85,55.01,144,F,3452,21.7151
3800,P2,BASE,57.00,57.51,142,F,3475,21.7101
3810,P2,BASE,57.15,57.50,142,F,3498,21.7066
3820,P2,BASE,57.30,57.51,142,F,3521,21.7045
3830,P2,BASE,57.45,72.51,126,F,3550,21.5539
3840,P2,BASE,57.60,59.98,138,F,3574,21.5301
3850,P2,BASE,57.75,55.01,144,F,3596,21.5575
3860,P2,BASE,57.90,57.51,142,F,3619,21.5614
3870,P2,BASE,58.05,55.00,144,F,3641,21.5919
3880,P2,BASE,58.20,54.99,145,F,3663,21.6240
3890,P2,BASE,58.35,52.50,148,F,3684,21.6825
3900,P2,BASE,58.50,50.01,151,F,3704,21.7675
3910,P2,BASE,58.65,57.49,144,F,3727,21.7790
3920,P2,BASE,58.80,62.48,139,F,3752,21.7422
3930,P2,BASE,58.95,60.02,141,F,3776,21.7315
3940,P2,BASE,59.10,62.49,139,F,3801,21.6976
3950,P2,BASE,59.25,60.01,141,F,3825,21.6900
3960,P2,BASE,59.40,59.99,141,F,3849,21.6841
3970,P2,BASE,59.55,62.51,139,F,3874,21.6545
3980,P2,BASE,59.70,60.00,141,F,3898,21.6515
3990,P2,BASE,59.85,60.00,142,F,3922,21.6500
4000,P2,BASE,60.00,59.99,142,F,3946,21.6501
4010,P2,BASE,60.15,60.01,142,F,3970,21.6515
4020,P2,BASE,60.30,62.49,139,F,3995,21.6296
4030,P2,BASE,60.45,59.99,142,F,4019,21.6342
4040,P2,BASE,60.60,60.02,142,F,4043,21.6400
4050,P2,BASE,60.75,59.99,142,F,4067,21.6476
4060,P2,BASE,60.90,60.00,143,F,4091,21.6566
4070,P2,BASE,61.05,60.01,143,F,4115,21.6670
4080,P2,BASE,61.20,57.50,146,F,4138,21.7040
4090,P2,BASE,61.35,60.00,144,F,4162,21.7175
4100,P2,BASE,61.50,59.99,144,F,4186,21.7326
4110,P2,BASE,61.65,59.98,144,F,4210,21.7493
4120,P2,BASE,61.80,57.53,147,F,4233,21.7920
4130,P2,BASE,61.95,59.98,145,F,4257,21.8117
4140,P2,BASE,62.10,60.00,145,F,4281,21.8327
4150,P2,BASE,62.25,62.52,143,F,4306,21.8300
4160,P2,BASE,62.40,57.48,148,F,4329,21.8791
4170,P2,BASE,62.55,62.51,143,F,4354,21.8796
4180,P2,BASE,62.70,59.99,146,F,4378,21.9066
4190,P2,BASE,62.85,60.01,146,F,4402,21.9351
4200,P2,BASE,63.00,57.51,150,F,4425,21.9900
4210,P2,BASE,63.15,59.98,147,F,4449,22.0216
4220,P2,BASE,63.30,60.02,148,F,4473,22.0545
4230,P2,BASE,63.45,57.48,151,F,4496,22.1141
4240,P2,BASE,63.60,60.01,149,F,4520,22.1501
4250,P2,BASE,63.75,59.98,149,F,4544,22.1878
4260,P2,BASE,63.90,57.51,152,F,4567,22.2516
4270,P2,BASE,64.05,60.01,150,F,4591,22.2921
4280,P2,BASE,64.20,57.51,153,F,4614,22.3590
4290,P2,BASE,64.35,59.99,151,F,4638,22.4025
4300,P2,BASE,64.50,62.49,149,F,4663,22.4226
4310,P2,BASE,64.65,60.00,152,F,4687,22.4691
4320,P2,BASE,64.80,60.01,152,F,4711,22.5170
4330,P2,BASE,64.95,60.00,153,F,4735,22.5665
4340,P2,BASE,65.10,62.49,151,F,4760,22.5926
4350,P2,BASE,65.25,62.51,151,F,4785,22.6200
4360,P2,BASE,65.40,60.00,154,F,4809,22.6740
4370,P2,BASE,65.55,62.50,152,F,4834,22.7045
4380,P2,BASE,65.70,62.49,152,F,4859,22.7366
4390,P2,BASE,65.85,62.51,152,F,4884,22.7700
4400,P2,BASE,66.00,64.95,150,F,4910,22.7804
4410,P2,BASE,66.15,62.53,153,F,4935,22.8167
4420,P2,BASE,66.30,67.51,148,F,4962,22.8046
4430,P2,BASE,66.45,65.01,151,F,4988,22.8190
4440,P2,BASE,66.60,64.99,151,F,5014,22.8351
4450,P2,BASE,66.75,62.51,154,F,5039,22.8775
4460,P2,BASE,66.90,67.51,149,F,5066,22.8715
4470,P2,BASE,67.05,62.49,155,F,5091,22.9171
4480,P2,BASE,67.20,65.00,152,F,5117,22.9391
4490,P2,BASE,67.35,62.50,155,F,5142,22.9876
4500,P2,BASE,67.50,64.99,153,F,5168,23.0127
4510,P2,BASE,67.65,62.52,156,F,5193,23.0640
4520,P2,BASE,67.80,64.99,154,F,5219,23.0921
4530,P2,BASE,67.95,65.00,154,F,5245,23.1216
4540,P2,BASE,68.10,65.00,155,F,5271,23.1526
4550,P2,BASE,68.25,65.01,155,F,5297,23.1850
4560,P2,BASE,68.40,64.99,155,F,5323,23.2191
4570,P2,BASE,68.55,67.49,153,F,5350,23.2297
4580,P2,BASE,68.70,65.01,156,F,5376,23.2665
4590,P2,BASE,68.85,65.01,156,F,5402,23.3050
4600,P2,BASE,69.00,67.49,154,F,5429,23.3201
4610,P2,BASE,69.15,65.00,157,F,5455,23.3616
4620,P2,BASE,69.30,70.00,152,F,5483,23.3546
4630,P2,BASE,69.45,65.01,158,F,5509,23.3990
4640,P2,BASE,69.60,69.99,153,F,5537,23.3951
4650,P2,BASE,69.75,67.49,156,F,5564,23.4177
4660,P2,BASE,69.90,67.52,156,F,5591,23.4415
4670,P2,BASE,70.05,67.50,156,F,5618,23.4670
4680,P2,BASE,70.20,67.48,157,F,5645,23.4942
4690,P2,BASE,70.35,67.50,157,F,5672,23.5227
4700,P2,BASE,70.50,67.50,157,F,5699,23.5527
4710,P2,BASE,70.65,67.51,158,F,5726,23.5841
4720,P2,BASE,70.80,67.49,158,F,5753,23.6172
4730,P2,BASE,70.95,67.50,158,F,5780,23.6517
4740,P2,BASE,71.10,67.50,159,F,5807,23.6877
4750,P2,BASE,71.25,67.51,159,F,5834,23.7251
4760,P2,BASE,71.40,72.50,154,F,5863,23.7141
4770,P2,BASE,71.55,69.99,157,F,5891,23.7297
4780,P2,BASE,71.70,72.50,154,F,5920,23.7217
4790,P2,BASE,71.85,84.95,141,F,5954,23.5907
4800,P2,BASE,72.00,72.54,154,F,5983,23.5853
4810,P2,BASE,72.15,70.00,157,F,6011,23.6068
4820,P2,BASE,72.30,67.50,160,F,6038,23.6548
4830,P2,BASE,72.45,70.02,157,F,6066,23.6791
4840,P2,BASE,72.60,70.00,158,F,6094,23.7051
4850,P2,BASE,72.75,57.50,172,F,6117,23.8576
4860,P2,BASE,72.90,74.98,154,F,6147,23.8368
4870,P2,BASE,73.05,74.96,154,F,6177,23.8177
4880,P2,BASE,73.20,72.54,157,F,6206,23.8243
4890,P2,BASE,73.35,72.50,157,F,6235,23.8328
4900,P2,BASE,73.50,77.52,152,F,6266,23.7926
4910,P2,BASE,73.65,72.49,157,F,6295,23.8042
4920,P2,BASE,73.80,72.51,157,F,6324,23.8171
4930,P2,BASE,73.95,75.00,155,F,6354,23.8066
4940,P2,BASE,74.10,74.99,155,F,6384,23.7977
4950,P2,BASE,74.25,75.01,155,F,6414,23.7901
4960,P2,BASE,74.40,72.47,158,F,6443,23.8093
4970,P2,BASE,74.55,75.02,155,F,6473,23.8046
4980,P2,BASE,74.70,74.99,156,F,6503,23.8017
4990,P2,BASE,74.85,72.50,158,F,6532,23.8252
5000,P2,BASE,75.00,72.49,159,F,6561,23.8503
5010,P2,BASE,75.15,75.02,156,F,6591,23.8515
5020,P2,BASE,75.30,72.49,159,F,6620,23.8797
5030,P2,BASE,75.45,72.51,160,F,6649,23.9090
5040,P2,BASE,75.60,74.99,157,F,6679,23.9151
5050,P2,BASE,75.75,75.00,157,F,6709,23.9226
5060,P2,BASE,75.90,74.99,158,F,6739,23.9317
5070,P2,BASE,76.05,75.00,158,F,6769,23.9422
5080,P2,BASE,76.20,75.01,158,F,6799,23.9540
5090,P2,BASE,76.35,74.98,158,F,6829,23.9678
5100,P2,BASE,76.50,72.50,161,F,6858,24.0078
5110,P2,BASE,76.65,75.00,159,F,6888,24.0243
5120,P2,BASE,76.80,72.51,162,F,6917,24.0672
5130,P2,BASE,76.95,72.51,162,F,6946,24.1116
5140,P2,BASE,77.10,72.49,163,F,6975,24.1577
5150,P2,BASE,77.25,72.50,163,F,7004,24.2052
5160,P2,BASE,77.40,72.51,164,F,7033,24.2541
5170,P2,BASE,77.55,75.01,162,F,7063,24.2795
5180,P2,BASE,77.70,74.99,162,F,7093,24.3067
5190,P2,BASE,77.85,72.51,165,F,7122,24.3601
5200,P2,BASE,78.00,72.49,165,F,7151,24.4152
5210,P2,BASE,78.15,77.50,161,F,7182,24.4217
5220,P2,BASE,78.30,72.50,166,F,7211,24.4797
5230,P2,BASE,78.45,75.00,164,F,7241,24.5142
5240,P2,BASE,78.60,74.99,164,F,7271,24.5503
5250,P2,BASE,78.75,77.52,162,F,7302,24.5627
5260,P2,BASE,78.90,77.50,162,F,7333,24.5767
5270,P2,BASE,79.05,77.49,163,F,7364,24.5923
5280,P2,BASE,79.20,80.01,160,F,7396,24.5842
5290,P2,BASE,79.35,75.01,166,F,7426,24.6276
5300,P2,BASE,79.50,77.49,163,F,7457,24.6477
5310,P2,BASE,79.65,77.52,164,F,7488,24.6690
5320,P2,BASE,79.80,74.97,167,F,7518,24.7173
5330,P2,BASE,79.95,75.01,167,F,7548,24.7668
5340,P2,BASE,80.10,77.52,165,F,7579,24.7926
5350,P2,BASE,80.25,74.98,168,F,7609,24.8453
5360,P2,BASE,80.40,77.52,166,F,7640,24.8741
5370,P2,BASE,80.55,77.49,166,F,7671,24.9047
5380,P2,BASE,80.70,77.52,167,F,7702,24.9365
5390,P2,BASE,80.85,77.48,167,F,7733,24.9702
5400,P2,BASE,81.00,79.99,165,F,7765,24.9803
5410,P2,BASE,81.15,77.52,168,F,7796,25.0166
5420,P2,BASE,81.30,77.50,168,F,7827,25.0546
5430,P2,BASE,81.45,80.01,166,F,7859,25.0690
5440,P2,BASE,81.60,79.98,166,F,7891,25.0852
5450,P2,BASE,81.75,80.00,166,F,7923,25.1027
5460,P2,BASE,81.90,80.02,166,F,7955,25.1215
5470,P2,BASE,82.05,82.48,164,F,7988,25.1172
5480,P2,BASE,82.20,77.52,170,F,8019,25.1640
5490,P2,BASE,82.35,79.97,167,F,8051,25.1879
5500,P2,BASE,82.50,82.51,165,F,8084,25.1878
5510,P2,BASE,82.65,77.50,171,F,8115,25.2393
5520,P2,BASE,82.80,77.51,171,F,8146,25.2922
5530,P2,BASE,82.95,80.01,169,F,8178,25.3216
5540,P2,BASE,83.10,79.98,169,F,8210,25.3529
5550,P2,BASE,83.25,80.01,170,F,8242,25.3853
5560,P2,BASE,83.40,80.02,170,F,8274,25.4190
5570,P2,BASE,83.55,82.50,168,F,8307,25.4295
5580,P2,BASE,83.70,87.50,162,F,8342,25.3915
5590,P2,BASE,83.85,92.50,157,F,8379,25.3050
5600,P2,BASE,84.00,80.00,170,F,8411,25.3450
5610,P2,BASE,84.15,82.49,168,F,8444,25.3616
5620,P2,BASE,84.30,79.98,171,F,8476,25.4048
5630,P2,BASE,84.45,75.00,177,F,8506,25.4993
5640,P2,BASE,84.60,75.01,177,F,8536,25.5951
5650,P2,BASE,84.75,82.51,170,F,8569,25.6175
5660,P2,BASE,84.90,87.47,165,F,8604,25.5918
5670,P2,BASE,85.05,82.50,170,F,8637,25.6173
5680,P2,BASE,85.20,87.51,165,F,8672,25.5942
5690,P2,BASE,85.35,82.49,171,F,8705,25.6228
5700,P2,BASE,85.50,85.03,168,F,8739,25.6275
5710,P2,BASE,85.65,84.99,169,F,8773,25.6341
5720,P2,BASE,85.80,85.01,169,F,8807,25.6420
5730,P2,BASE,85.95,84.98,169,F,8841,25.6517
5740,P2,BASE,86.10,85.01,169,F,8875,25.6626
5750,P2,BASE,86.25,85.01,169,F,8909,25.6750
5760,P2,BASE,86.40,82.50,172,F,8942,25.7140
5770,P2,BASE,86.55,84.98,170,F,8976,25.7297
5780,P2,BASE,86.70,82.50,173,F,9009,25.7717
5790,P2,BASE,86.85,85.02,171,F,9043,25.7900
5800,P2,BASE,87.00,84.97,171,F,9077,25.8103
5810,P2,BASE,87.15,84.99,171,F,9111,25.8319
5820,P2,BASE,87.30,85.03,172,F,9145,25.8545
5830,P2,BASE,87.45,87.47,169,F,9180,25.8544
5840,P2,BASE,87.60,85.01,172,F,9214,25.8803
5850,P2,BASE,87.75,82.51,175,F,9247,25.9327
5860,P2,BASE,87.90,85.02,173,F,9281,25.9616
5870,P2,BASE,88.05,82.48,176,F,9314,26.0172
5880,P2,BASE,88.20,82.52,177,F,9347,26.0741
5890,P2,BASE,88.35,82.50,177,F,9380,26.1326
5900,P2,BASE,88.50,82.48,178,F,9413,26.1928
5910,P2,BASE,88.65,82.52,178,F,9446,26.2541
5920,P2,BASE,88.80,82.49,179,F,9479,26.3172
5930,P2,BASE,88.95,85.01,177,F,9513,26.3566
5940,P2,BASE,89.10,82.45,180,F,9546,26.4231
5950,P2,BASE,89.25,85.03,178,F,9580,26.4653
5960,P2,BASE,89.40,82.51,181,F,9613,26.5342
5970,P2,BASE,89.55,82.52,181,F,9646,26.6045
5980,P2,BASE,89.70,87.48,177,F,9681,26.6267
5990,P2,BASE,89.85,84.98,180,F,9715,26.6754
6000,P2,BASE,90.00,90.02,175,F,9751,26.6752
6010,P2,BASE,90.15,87.48,178,F,9786,26.7019
6020,P2,BASE,90.30,87.51,178,F,9821,26.7298
6030,P2,BASE,90.45,85.00,181,F,9855,26.7843
6040,P2,BASE,90.60,87.50,179,F,9890,26.8153
6050,P2,BASE,90.75,85.02,182,F,9924,26.8726
6060,P2,BASE,90.90,84.98,182,F,9958,26.9318
6070,P2,BASE,91.05,85.03,183,F,9992,26.9920
6080,P2,BASE,91.20,84.98,184,F,10026,27.0542
6090,P2,BASE,91.35,90.01,179,F,10062,27.0676
6100,P2,BASE,91.50,87.49,182,F,10097,27.1077
6110,P2,BASE,91.65,90.00,179,F,10133,27.1242
6120,P2,BASE,91.80,90.00,180,F,10169,27.1422
6130,P2,BASE,91.95,87.52,183,F,10204,27.1865
6140,P2,BASE,92.10,89.97,180,F,10240,27.2078
6150,P2,BASE,92.25,92.52,178,F,10277,27.2051
6160,P2,BASE,92.40,89.98,181,F,10313,27.2293
6170,P2,BASE,92.55,95.01,176,F,10351,27.2047
6180,P2,BASE,92.70,92.51,178,F,10388,27.2066
6190,P2,BASE,92.85,90.00,181,F,10424,27.2351
6200,P2,BASE,93.00,92.47,179,F,10461,27.2404
6210,P2,BASE,93.15,90.02,182,F,10497,27.2717
6220,P2,BASE,93.30,87.50,185,F,10532,27.3297
6230,P2,BASE,93.45,89.99,183,F,10568,27.3643
6240,P2,BASE,93.60,92.50,180,F,10605,27.3753
6250,P2,BASE,93.75,92.53,181,F,10642,27.3875
6260,P2,BASE,93.90,92.46,181,F,10679,27.4019
6270,P2,BASE,94.05,92.52,181,F,10716,27.4172
6280,P2,BASE,94.20,107.52,165,F,10759,27.2840
6290,P2,BASE,94.35,94.99,178,F,10797,27.2776
6300,P2,BASE,94.50,92.51,181,F,10834,27.2975
6310,P2,BASE,94.65,89.97,184,F,10870,27.3443
6320,P2,BASE,94.80,85.03,190,F,10904,27.4420
6330,P2,BASE,94.95,89.99,185,F,10940,27.4916
6340,P2,BASE,95.10,97.51,177,F,10979,27.4675
6350,P2,BASE,95.25,97.50,177,F,11018,27.4450
6360,P2,BASE,95.40,95.00,180,F,11056,27.4490
6370,P2,BASE,95.55,97.50,178,F,11095,27.4295
6380,P2,BASE,95.70,97.50,178,F,11134,27.4115
6390,P2,BASE,95.85,95.00,180,F,11172,27.4200
6400,P2,BASE,96.00,97.49,178,F,11211,27.4051
6410,P2,BASE,96.15,94.99,181,F,11249,27.4167
6420,P2,BASE,96.30,95.00,181,F,11287,27.4297
6430,P2,BASE,96.45,94.99,181,F,11325,27.4443
6440,P2,BASE,96.60,94.99,181,F,11363,27.4604
6450,P2,BASE,96.75,95.03,182,F,11401,27.4776
6460,P2,BASE,96.90,95.00,182,F,11439,27.4966
6470,P2,BASE,97.05,94.98,182,F,11477,27.5173
6480,P2,BASE,97.20,95.02,183,F,11515,27.5391
6490,P2,BASE,97.35,97.49,180,F,11554,27.5377
6500,P2,BASE,97.50,97.50,180,F,11593,27.5377
6510,P2,BASE,97.65,95.01,183,F,11631,27.5641
6520,P2,BASE,97.80,94.97,184,F,11669,27.5924
6530,P2,BASE,97.95,92.54,187,F,11706,27.6465
6540,P2,BASE,98.10,95.00,184,F,11744,27.6775
6550,P2,BASE,98.25,92.48,188,F,11781,27.7352
6560,P2,BASE,98.40,95.02,185,F,11819,27.7690
6570,P2,BASE,98.55,97.48,183,F,11858,27.7797
6580,P2,BASE,98.70,94.98,186,F,11896,27.8169
6590,P2,BASE,98.85,95.03,186,F,11934,27.8551
6600,P2,BASE,99.00,97.51,184,F,11973,27.8700
6610,P2,BASE,99.15,95.00,187,F,12011,27.9115
6620,P2,BASE,99.30,94.97,188,F,12049,27.9548
6630,P2,BASE,99.45,100.00,183,F,12089,27.9493
6640,P2,BASE,99.60,97.52,185,F,12128,27.9701
6650,P2,BASE,99.75,102.48,180,F,12169,27.9428
6660,P2,BASE,99.90,100.00,183,F,12209,27.9418
6670,P2,BASE,100.05,97.52,186,F,12248,27.9671
6680,P2,BASE,100.20,97.51,186,F,12287,27.9940
6690,P2,BASE,100.35,97.47,186,F,12326,28.0228
6700,P2,BASE,100.50,95.01,189,F,12364,28.0777
6710,P2,BASE,100.65,97.50,187,F,12403,28.1092
6720,P2,BASE,100.80,97.49,188,F,12442,28.1423
6730,P2,BASE,100.95,100.02,185,F,12482,28.1516
6740,P2,BASE,101.10,100.00,186,F,12522,28.1626
6750,P2,BASE,101.25,100.01,186,F,12562,28.1750
6760,P2,BASE,101.40,99.97,186,F,12602,28.1893
6770,P2,BASE,101.55,102.49,184,F,12643,28.1799
6780,P2,BASE,101.70,102.50,184,F,12684,28.1719
6790,P2,BASE,101.85,102.51,184,F,12725,28.1653
6800,P2,BASE,102.00,105.00,181,F,12767,28.1353
6810,P2,BASE,102.15,102.52,184,F,12808,28.1316
6820,P2,BASE,102.30,100.00,187,F,12848,28.1546
6830,P2,BASE,102.45,102.51,184,F,12889,28.1540
6840,P2,BASE,102.60,99.96,187,F,12929,28.1804
6850,P2,BASE,102.75,100.03,188,F,12969,28.2076
6860,P2,BASE,102.90,99.99,188,F,13009,28.2367
6870,P2,BASE,103.05,102.51,186,F,13050,28.2421
6880,P2,BASE,103.20,102.48,186,F,13091,28.2493
6890,P2,BASE,103.35,107.53,181,F,13134,28.2075
6900,P2,BASE,103.50,117.46,170,F,13181,28.0678
6910,P2,BASE,103.65,100.02,188,F,13221,28.1041
6920,P2,BASE,103.80,97.48,191,F,13260,28.1673
6930,P2,BASE,103.95,97.52,191,F,13299,28.2316
6940,P2,BASE,104.10,102.51,187,F,13340,28.2475
6950,P2,BASE,104.25,102.50,187,F,13381,28.2650
6960,P2,BASE,104.40,107.50,182,F,13424,28.2340
6970,P2,BASE,104.55,107.49,182,F,13467,28.2046
6980,P2,BASE,104.70,104.99,184,F,13509,28.2017
6990,P2,BASE,104.85,105.00,185,F,13551,28.2002
7000,P2,BASE,105.00,107.52,182,F,13594,28.1750
7010,P2,BASE,105.15,102.50,187,F,13635,28.2015
7020,P2,BASE,105.30,104.97,185,F,13677,28.2048
7030,P2,BASE,105.45,105.01,185,F,13719,28.2092
7040,P2,BASE,105.60,102.50,188,F,13760,28.2402
7050,P2,BASE,105.75,102.51,188,F,13801,28.2726
7060,P2,BASE,105.90,102.49,189,F,13842,28.3067
7070,P2,BASE,106.05,107.48,184,F,13885,28.2925
7080,P2,BASE,106.20,102.53,189,F,13926,28.3291
7090,P2,BASE,106.35,107.51,184,F,13969,28.3175
7100,P2,BASE,106.50,107.49,184,F,14012,28.3076
7110,P2,BASE,106.65,102.49,190,F,14053,28.3492
7120,P2,BASE,106.80,105.00,188,F,14095,28.3672
7130,P2,BASE,106.95,102.51,191,F,14136,28.4116
7140,P2,BASE,107.10,102.49,191,F,14177,28.4577
7150,P2,BASE,107.25,102.50,192,F,14218,28.5052
7160,P2,BASE,107.40,105.00,189,F,14260,28.5292
7170,P2,BASE,107.55,105.01,190,F,14302,28.5546
7180,P2,BASE,107.70,102.48,193,F,14343,28.6068
7190,P2,BASE,107.85,107.50,188,F,14386,28.6103
7200,P2,BASE,108.00,105.02,191,F,14428,28.6401
7210,P2,BASE,108.15,105.00,191,F,14470,28.6716
7220,P2,BASE,108.30,107.51,189,F,14513,28.6795
7230,P2,BASE,108.45,110.00,186,F,14557,28.6640
7240,P2,BASE,108.60,109.97,186,F,14601,28.6504
7250,P2,BASE,108.75,104.99,192,F,14643,28.6880
7260,P2,BASE,108.90,107.51,189,F,14686,28.7019
7270,P2,BASE,109.05,105.01,192,F,14728,28.7423
7280,P2,BASE,109.20,105.02,193,F,14770,28.7840
7290,P2,BASE,109.35,104.99,193,F,14812,28.8276
7300,P2,BASE,109.50,107.50,191,F,14855,28.8476
7310,P2,BASE,109.65,109.97,189,F,14899,28.8445
7320,P2,BASE,109.80,107.51,191,F,14942,28.8674
7330,P2,BASE,109.95,107.53,192,F,14985,28.8915
7340,P2,BASE,110.10,109.98,189,F,15029,28.8928
7350,P2,BASE,110.25,112.49,187,F,15074,28.8704
7360,P2,BASE,110.40,112.53,187,F,15119,28.8490
7370,P2,BASE,110.55,112.47,187,F,15164,28.8299
7380,P2,BASE,110.70,112.50,187,F,15209,28.8119
7390,P2,BASE,110.85,110.02,190,F,15253,28.8202
7400,P2,BASE,111.00,110.01,190,F,15297,28.8300
7410,P2,BASE,111.15,107.47,193,F,15340,28.8669
7420,P2,BASE,111.30,109.99,191,F,15384,28.8800
7430,P2,BASE,111.45,107.52,193,F,15427,28.9193
7440,P2,BASE,111.60,112.52,188,F,15472,28.9100
7450,P2,BASE,111.75,112.47,189,F,15517,28.9029
7460,P2,BASE,111.90,122.51,178,F,15566,28.7968
7470,P2,BASE,112.05,115.00,185,F,15612,28.7673
7480,P2,BASE,112.20,107.50,194,F,15655,28.8143
7490,P2,BASE,112.35,107.49,194,F,15698,28.8629
7500,P2,BASE,112.50,102.50,200,F,15739,28.9629
7510,P2,BASE,112.65,112.51,190,F,15784,28.9643
7520,P2,BASE,112.80,115.02,187,F,15830,28.9420
7530,P2,BASE,112.95,114.99,187,F,15876,28.9216
7540,P2,BASE,113.10,114.97,187,F,15922,28.9030
7550,P2,BASE,113.25,112.50,190,F,15967,28.9105
7560,P2,BASE,113.40,115.00,188,F,16013,28.8945
7570,P2,BASE,113.55,112.52,190,F,16058,28.9048
7580,P2,BASE,113.70,112.50,191,F,16103,28.9168
7590,P2,BASE,113.85,110.00,194,F,16147,28.9553
7600,P2,BASE,114.00,112.49,191,F,16192,28.9704
7610,P2,BASE,114.15,112.52,192,F,16237,28.9866
7620,P2,BASE,114.30,112.50,192,F,16282,29.0046
7630,P2,BASE,114.45,114.99,189,F,16328,28.9993
7640,P2,BASE,114.60,114.99,190,F,16374,28.9954
7650,P2,BASE,114.75,115.02,190,F,16420,28.9926
7660,P2,BASE,114.90,112.48,193,F,16465,29.0169
7670,P2,BASE,115.05,112.51,193,F,16510,29.0423
7680,P2,BASE,115.20,110.02,196,F,16554,29.0940
7690,P2,BASE,115.35,112.48,194,F,16599,29.1228
7700,P2,BASE,115.50,112.52,194,F,16644,29.1525
7710,P2,BASE,115.65,112.46,194,F,16689,29.1845
7720,P2,BASE,115.80,112.51,195,F,16734,29.2174
7730,P2,BASE,115.95,112.50,195,F,16779,29.2519
7740,P2,BASE,116.10,114.97,193,F,16825,29.2632
7750,P2,BASE,116.25,112.57,196,F,16870,29.3000
7760,P2,BASE,116.40,114.97,193,F,16916,29.3144
7770,P2,BASE,116.55,117.52,191,F,16963,29.3047
7780,P2,BASE,116.70,117.50,191,F,17010,29.2967
7790,P2,BASE,116.85,114.98,194,F,17056,29.3154
7800,P2,BASE,117.00,112.51,197,F,17101,29.3603
7810,P2,BASE,117.15,112.49,197,F,17146,29.4069
7820,P2,BASE,117.30,112.51,198,F,17191,29.4548
7830,P2,BASE,117.45,115.01,196,F,17237,29.4792
7840,P2,BASE,117.60,117.50,193,F,17284,29.4802
7850,P2,BASE,117.75,114.99,196,F,17330,29.5078
7860,P2,BASE,117.90,117.49,194,F,17377,29.5119
7870,P2,BASE,118.05,117.52,194,F,17424,29.5172
7880,P2,BASE,118.20,119.99,191,F,17472,29.4993
7890,P2,BASE,118.35,120.00,191,F,17520,29.4828
7900,P2,BASE,118.50,122.48,189,F,17569,29.4430
7910,P2,BASE,118.65,120.05,191,F,17617,29.4290
7920,P2,BASE,118.80,117.45,194,F,17664,29.4425
7930,P2,BASE,118.95,117.43,195,F,17711,29.4577
7940,P2,BASE,119.10,115.09,197,F,17757,29.4978
7950,P2,BASE,119.25,117.52,195,F,17804,29.5151
7960,P2,BASE,119.40,117.50,195,F,17851,29.5341
7970,P2,BASE,119.55,119.98,193,F,17899,29.5298
7980,P2,BASE,119.70,124.98,188,F,17949,29.4770
7990,P2,BASE,119.85,127.53,185,F,18000,29.4003
8000,P2,BASE,120.00,117.52,195,F,18047,29.4251
8010,P2,BASE,120.15,112.47,201,F,18092,29.5019
8020,P2,BASE,120.30,110.01,204,F,18136,29.6048
8030,P2,BASE,120.45,122.48,192,F,18185,29.5845
8040,P2,BASE,120.60,120.02,194,F,18233,29.5903
8050,P2,BASE,120.75,125.00,189,F,18283,29.5478
8060,P2,BASE,120.90,122.45,192,F,18332,29.5323
8070,P2,BASE,121.05,120.04,195,F,18380,29.5424
8080,P2,BASE,121.20,122.52,192,F,18429,29.5292
8090,P2,BASE,121.35,119.96,195,F,18477,29.5430
8100,P2,BASE,121.50,120.01,195,F,18525,29.5579
8110,P2,BASE,121.65,120.00,195,F,18573,29.5744
8120,P2,BASE,121.80,119.96,196,F,18621,29.5928
8130,P2,BASE,121.95,120.07,196,F,18669,29.6116
8140,P2,BASE,122.10,122.50,194,F,18718,29.6076
8150,P2,BASE,122.25,122.48,194,F,18767,29.6053
8160,P2,BASE,122.40,125.01,191,F,18817,29.5792
8170,P2,BASE,122.55,119.99,197,F,18865,29.6048
8180,P2,BASE,122.70,120.00,197,F,18913,29.6318
8190,P2,BASE,122.85,117.52,200,F,18960,29.6851
8200,P2,BASE,123.00,119.96,198,F,19008,29.7154
8210,P2,BASE,123.15,120.01,198,F,19056,29.7468
8220,P2,BASE,123.30,120.00,198,F,19104,29.7798
8230,P2,BASE,123.45,119.99,199,F,19152,29.8144
8240,P2,BASE,123.60,120.01,199,F,19200,29.8503
8250,P2,BASE,123.75,122.48,197,F,19249,29.8630
8260,P2,BASE,123.90,122.52,197,F,19298,29.8768
8270,P2,BASE,124.05,122.50,197,F,19347,29.8923
8280,P2,BASE,124.20,127.49,192,F,19398,29.8594
8290,P2,BASE,124.35,120.04,200,F,19446,29.9026
8300,P2,BASE,124.50,122.50,198,F,19495,29.9226
8310,P2,BASE,124.65,119.99,201,F,19543,29.9692
8320,P2,BASE,124.80,119.99,202,F,19591,30.0173
8330,P2,BASE,124.95,119.98,202,F,19639,30.0670
8340,P2,BASE,125.10,125.00,197,F,19689,30.0680
8350,P2,BASE,125.25,125.01,197,F,19739,30.0704
8360,P2,BASE,125.40,125.00,197,F,19789,30.0744
8370,P2,BASE,125.55,125.04,198,F,19839,30.0795
8380,P2,BASE,125.70,129.96,192,F,19891,30.0369
8390,P2,BASE,125.85,127.53,195,F,19942,30.0202
8400,P2,BASE,126.00,130.00,192,F,19994,29.9802
8410,P2,BASE,126.15,125.01,198,F,20044,29.9916
8420,P2,BASE,126.30,124.96,198,F,20094,30.0049
8430,P2,BASE,126.45,122.51,201,F,20143,30.0443
8440,P2,BASE,126.60,127.53,196,F,20194,30.0350
8450,P2,BASE,126.75,124.99,199,F,20244,30.0527
8460,P2,BASE,126.90,125.00,199,F,20294,30.0717
8470,P2,BASE,127.05,135.01,188,F,20348,29.9920
8480,P2,BASE,127.20,134.95,188,F,20402,29.9146
8490,P2,BASE,127.35,122.54,201,F,20451,29.9627
8500,P2,BASE,127.50,120.00,204,F,20499,30.0377
8510,P2,BASE,127.65,119.94,205,F,20547,30.1148
8520,P2,BASE,127.80,127.53,198,F,20598,30.1176
8530,P2,BASE,127.95,127.53,198,F,20649,30.1218
8540,P2,BASE,128.10,130.00,195,F,20701,30.1028
8550,P2,BASE,128.25,130.00,195,F,20753,30.0853
8560,P2,BASE,128.40,129.99,195,F,20805,30.0694
8570,P2,BASE,128.55,127.51,198,F,20856,30.0798
8580,P2,BASE,128.70,127.50,198,F,20907,30.0918
8590,P2,BASE,128.85,127.41,199,F,20958,30.1062
8600,P2,BASE,129.00,125.09,201,F,21008,30.1453
8610,P2,BASE,129.15,127.49,199,F,21059,30.1619
8620,P2,BASE,129.30,129.99,197,F,21111,30.1551
8630,P2,BASE,129.45,132.54,194,F,21164,30.1242
8640,P2,BASE,129.60,130.00,197,F,21216,30.1202
8650,P2,BASE,129.75,127.50,200,F,21267,30.1427
8660,P2,BASE,129.90,124.96,203,F,21317,30.1921
8670,P2,BASE,130.05,125.05,203,F,21367,30.2421
8680,P2,BASE,130.20,127.49,201,F,21418,30.2692
8690,P2,BASE,130.35,127.50,201,F,21469,30.2977
8700,P2,BASE,130.50,127.49,202,F,21520,30.3278
8710,P2,BASE,130.65,127.51,202,F,21571,30.3592
8720,P2,BASE,130.80,127.45,203,F,21622,30.3927
8730,P2,BASE,130.95,125.06,205,F,21672,30.4516
8740,P2,BASE,131.10,132.42,198,F,21725,30.4384
8750,P2,BASE,131.25,132.57,198,F,21778,30.4252
8760,P2,BASE,131.40,129.99,201,F,21830,30.4393
8770,P2,BASE,131.55,130.01,201,F,21882,30.4547
8780,P2,BASE,131.70,127.51,204,F,21933,30.4966
8790,P2,BASE,131.85,124.98,207,F,21983,30.5653
8800,P2,BASE,132.00,127.51,205,F,22034,30.6102
8810,P2,BASE,132.15,132.47,200,F,22087,30.6070
8820,P2,BASE,132.30,130.03,203,F,22139,30.6297
8830,P2,BASE,132.45,135.01,198,F,22193,30.6041
8840,P2,BASE,132.60,132.50,201,F,22246,30.6051
8850,P2,BASE,132.75,134.99,198,F,22300,30.5827
8860,P2,BASE,132.90,137.49,195,F,22355,30.5368
8870,P2,BASE,133.05,135.03,198,F,22409,30.5171
8880,P2,BASE,133.20,134.97,198,F,22463,30.4993
8890,P2,BASE,133.35,130.00,203,F,22515,30.5328
8900,P2,BASE,133.50,129.99,204,F,22567,30.5680
8910,P2,BASE,133.65,132.53,201,F,22620,30.5792
8920,P2,BASE,133.80,132.51,202,F,22673,30.5921
8930,P2,BASE,133.95,137.45,197,F,22728,30.5571
8940,P2,BASE,134.10,147.53,186,F,22787,30.4228
8950,P2,BASE,134.25,130.00,204,F,22839,30.4653
8960,P2,BASE,134.40,124.99,210,F,22889,30.5594
8970,P2,BASE,134.55,127.51,208,F,22940,30.6298
8980,P2,BASE,134.70,134.97,200,F,22994,30.6271
8990,P2,BASE,134.85,135.03,200,F,23048,30.6253
9000,P2,BASE,135.00,137.49,198,F,23103,30.6005
9010,P2,BASE,135.15,135.01,201,F,23157,30.6018
9020,P2,BASE,135.30,137.49,198,F,23212,30.5800
9030,P2,BASE,135.45,135.03,201,F,23266,30.5842
9040,P2,BASE,135.60,135.01,201,F,23320,30.5901
9050,P2,BASE,135.75,132.49,204,F,23373,30.6227
9060,P2,BASE,135.90,132.51,204,F,23426,30.6566
9070,P2,BASE,136.05,134.97,202,F,23480,30.6673
9080,P2,BASE,136.20,137.50,200,F,23535,30.6543
9090,P2,BASE,136.35,137.50,200,F,23590,30.6428
9100,P2,BASE,136.50,135.03,202,F,23644,30.6576
9110,P2,BASE,136.65,134.97,203,F,23698,30.6743
9120,P2,BASE,136.80,132.50,206,F,23751,30.7173
9130,P2,BASE,136.95,132.53,206,F,23804,30.7616
9140,P2,BASE,137.10,134.96,204,F,23858,30.7830
9150,P2,BASE,137.25,132.53,207,F,23911,30.8302
9160,P2,BASE,137.40,132.51,207,F,23964,30.8791
9170,P2,BASE,137.55,134.97,205,F,24018,30.9048
9180,P2,BASE,137.70,132.51,208,F,24071,30.9567
9190,P2,BASE,137.85,137.50,203,F,24126,30.9602
9200,P2,BASE,138.00,139.97,201,F,24182,30.9405
9210,P2,BASE,138.15,137.54,203,F,24237,30.9466
9220,P2,BASE,138.30,134.99,206,F,24291,30.9797
9230,P2,BASE,138.45,132.50,209,F,24344,31.0392
9240,P2,BASE,138.60,132.49,210,F,24397,31.1003
9250,P2,BASE,138.75,137.51,205,F,24452,31.1127
9260,P2,BASE,138.90,137.46,205,F,24507,31.1271
9270,P2,BASE,139.05,140.03,203,F,24563,31.1173
9280,P2,BASE,139.20,137.50,206,F,24618,31.1343
9290,P2,BASE,139.35,139.99,203,F,24674,31.1280
9300,P2,BASE,139.50,142.54,201,F,24731,31.0975
9310,P2,BASE,139.65,144.94,198,F,24789,31.0446
9320,P2,BASE,139.80,140.01,203,F,24845,31.0425
9330,P2,BASE,139.95,139.99,203,F,24901,31.0421
9340,P2,BASE,140.10,135.05,209,F,24955,31.0926
9350,P2,BASE,140.25,140.00,204,F,25011,31.0951
9360,P2,BASE,140.40,137.50,207,F,25066,31.1241
9370,P2,BASE,140.55,144.96,199,F,25124,31.0800
9380,P2,BASE,140.70,152.52,191,F,25185,30.9619
9390,P2,BASE,140.85,137.49,206,F,25240,30.9955
9400,P2,BASE,141.00,135.04,210,F,25294,31.0551
9410,P2,BASE,141.15,127.45,218,F,25345,31.1921
9420,P2,BASE,141.30,142.50,203,F,25402,31.1801
9430,P2,BASE,141.45,145.06,200,F,25460,31.1440
9440,P2,BASE,141.60,140.00,206,F,25516,31.1600
9450,P2,BASE,141.75,145.00,201,F,25574,31.1275
9460,P2,BASE,141.90,142.43,203,F,25631,31.1222
9470,P2,BASE,142.05,140.07,206,F,25687,31.1420
9480,P2,BASE,142.20,139.96,206,F,25743,31.1645
9490,P2,BASE,142.35,140.04,207,F,25799,31.1875
9500,P2,BASE,142.50,139.97,207,F,25855,31.2128
9510,P2,BASE,142.65,145.01,202,F,25913,31.1892
9520,P2,BASE,142.80,144.99,202,F,25971,31.1673
9530,P2,BASE,142.95,142.47,205,F,26028,31.1721
9540,P2,BASE,143.10,142.56,205,F,26085,31.1775
9550,P2,BASE,143.25,139.96,208,F,26141,31.2105
9560,P2,BASE,143.40,137.54,211,F,26196,31.2691
9570,P2,BASE,143.55,137.50,211,F,26251,31.3296
9580,P2,BASE,143.70,142.50,207,F,26308,31.3416
9590,P2,BASE,143.85,137.47,212,F,26363,31.4053
9600,P2,BASE,144.00,142.51,207,F,26420,31.4202
9610,P2,BASE,144.15,139.97,210,F,26476,31.4620
9620,P2,BASE,144.30,145.04,205,F,26534,31.4545
9630,P2,BASE,144.45,144.97,206,F,26592,31.4493
9640,P2,BASE,144.60,142.49,208,F,26649,31.4705
9650,P2,BASE,144.75,142.49,209,F,26706,31.4931
9660,P2,BASE,144.90,137.54,214,F,26761,31.5667
9670,P2,BASE,145.05,140.01,212,F,26817,31.6171
9680,P2,BASE,145.20,142.46,210,F,26874,31.6445
9690,P2,BASE,145.35,145.01,208,F,26932,31.6478
9700,P2,BASE,145.50,147.43,205,F,26991,31.6286
9710,P2,BASE,145.65,145.09,208,F,27049,31.6342
9720,P2,BASE,145.80,149.96,203,F,27109,31.5927
9730,P2,BASE,145.95,150.03,203,F,27169,31.5519
9740,P2,BASE,146.10,147.53,205,F,27228,31.5376
9750,P2,BASE,146.25,149.96,203,F,27288,31.5005
9760,P2,BASE,146.40,142.53,211,F,27345,31.5392
9770,P2,BASE,146.55,145.01,208,F,27403,31.5546
9780,P2,BASE,146.70,145.00,209,F,27461,31.5716
9790,P2,BASE,146.85,150.00,203,F,27521,31.5401
9800,P2,BASE,147.00,159.97,193,F,27585,31.4104
9810,P2,BASE,147.15,142.50,211,F,27642,31.4569
9820,P2,BASE,147.30,142.49,211,F,27699,31.5050
9830,P2,BASE,147.45,135.01,220,F,27753,31.6294
9840,P2,BASE,147.60,147.49,207,F,27812,31.6306
9850,P2,BASE,147.75,152.50,202,F,27873,31.5831
9860,P2,BASE,147.90,145.03,210,F,27931,31.6118
9870,P2,BASE,148.05,150.00,205,F,27991,31.5923
9880,P2,BASE,148.20,147.51,208,F,28050,31.5991
9890,P2,BASE,148.35,150.00,205,F,28110,31.5826
9900,P2,BASE,148.50,144.96,211,F,28168,31.6180
9910,P2,BASE,148.65,147.53,208,F,28227,31.6293
9920,P2,BASE,148.80,147.50,209,F,28286,31.6423
9930,P2,BASE,148.95,150.01,206,F,28346,31.6316
9940,P2,BASE,149.10,152.50,204,F,28407,31.5976
9950,P2,BASE,149.25,147.49,209,F,28466,31.6152
9960,P2,BASE,149.40,145.01,212,F,28524,31.6591
9970,P2,BASE,149.55,145.00,212,F,28582,31.7046
9980,P2,BASE,149.70,144.94,213,F,28640,31.7522
9990,P2,BASE,149.85,147.50,211,F,28699,31.7757
10000,P2,BASE,150.00,142.53,216,F,28756,31.8504
10010,P2,BASE,150.00,147.50,211,F,28815,31.8754
10020,P2,BASE,150.00,147.51,212,F,28874,31.9003
10030,P2,BASE,150.00,150.00,209,F,28934,31.9003
10040,P2,BASE,150.00,152.48,206,F,28995,31.8754
10050,P2,BASE,150.00,147.53,212,F,29054,31.9001
10060,P2,BASE,150.00,147.46,212,F,29113,31.9256
10070,P2,BASE,150.00,145.01,215,F,29171,31.9754
10080,P2,BASE,150.00,142.49,218,F,29228,32.0505
10090,P2,BASE,150.00,152.53,207,F,29289,32.0252
10100,P2,BASE,150.00,147.50,213,F,29348,32.0502
10110,P2,BASE,150.00,152.52,207,F,29409,32.0251
10120,P2,BASE,150.00,152.50,207,F,29470,32.0001
10130,P2,BASE,150.00,154.94,204,F,29532,31.9507
10140,P2,BASE,150.00,155.02,204,F,29594,31.9006
10150,P2,BASE,150.00,152.55,206,F,29655,31.8751
10160,P2,BASE,150.00,149.96,209,F,29715,31.8755
10170,P2,BASE,150.00,149.99,209,F,29775,31.8757
10180,P2,BASE,150.00,147.50,212,F,29834,31.9007
10190,P2,BASE,150.00,152.53,206,F,29895,31.8754
10200,P2,BASE,150.00,162.50,195,F,29960,31.7504
10210,P2,BASE,150.00,152.52,205,F,30021,31.7252
10220,P2,BASE,150.00,142.49,216,F,30078,31.8004
10230,P2,BASE,150.00,140.01,219,F,30134,31.9002
10240,P2,BASE,150.00,149.99,209,F,30194,31.9004
10250,P2,BASE,150.00,152.53,206,F,30255,31.8751
10260,P2,BASE,150.00,152.47,206,F,30316,31.8504
10270,P2,BASE,150.00,150.00,209,F,30376,31.8504
10280,P2,BASE,150.00,152.53,206,F,30437,31.8251
10290,P2,BASE,150.00,149.97,209,F,30497,31.8254
10300,P2,BASE,150.00,147.51,211,F,30556,31.8502
10310,P2,BASE,150.00,149.97,209,F,30616,31.8505
10320,P2,BASE,150.00,150.03,209,F,30676,31.8502
10330,P2,BASE,150.00,152.50,206,F,30737,31.8252
10340,P2,BASE,150.00,155.00,203,F,30799,31.7752
10350,P2,BASE,150.00,149.97,208,F,30859,31.7755
10360,P2,BASE,150.00,147.53,211,F,30918,31.8002
10370,P2,BASE,150.00,145.00,214,F,30976,31.8502
10380,P2,BASE,150.00,147.49,211,F,31035,31.8754
10390,P2,BASE,150.00,147.53,212,F,31094,31.9001
10400,P2,BASE,150.00,144.99,214,F,31152,31.9502
10410,P2,BASE,150.00,147.51,212,F,31211,31.9751
10420,P2,BASE,150.00,147.49,212,F,31270,32.0002
10430,P2,BASE,150.00,150.01,210,F,31330,32.0001
10440,P2,BASE,150.00,154.97,204,F,31392,31.9504
10450,P2,BASE,150.00,147.49,212,F,31451,31.9755
10460,P2,BASE,150.00,147.50,212,F,31510,32.0005
10470,P2,BASE,150.00,145.01,215,F,31568,32.0504
10480,P2,BASE,150.00,144.99,215,F,31626,32.1005
10490,P2,BASE,150.00,150.05,210,F,31686,32.1001
10500,P2,BASE,150.00,149.94,210,F,31746,32.1007
10510,P2,BASE,150.00,150.00,210,F,31806,32.1007
10520,P2,BASE,150.00,152.53,208,F,31867,32.0754
10530,P2,BASE,150.00,155.00,205,F,31929,32.0254
10540,P2,BASE,150.00,157.50,202,F,31992,31.9504
10550,P2,BASE,150.00,152.50,207,F,32053,31.9254
10560,P2,BASE,150.00,150.00,209,F,32113,31.9254
10570,P2,BASE,150.00,147.47,212,F,32172,31.9507
10580,P2,BASE,150.00,150.06,209,F,32232,31.9501
10590,P2,BASE,150.00,149.94,209,F,32292,31.9507
10600,P2,BASE,150.00,157.53,201,F,32355,31.8754
10610,P2,BASE,150.00,160.03,198,F,32419,31.7750
10620,P2,BASE,150.00,142.47,216,F,32476,31.8503
10630,P2,BASE,150.00,137.53,222,F,32531,31.9751
10640,P2,BASE,150.00,152.48,207,F,32592,31.9502
10650,P2,BASE,150.00,152.47,207,F,32653,31.9255
10660,P2,BASE,150.00,150.01,209,F,32713,31.9254
10670,P2,BASE,150.00,152.50,206,F,32774,31.9004
10680,P2,BASE,150.00,152.53,206,F,32835,31.8751
10690,P2,BASE,150.00,149.97,209,F,32895,31.8754
10700,P2,BASE,150.00,147.50,212,F,32954,31.9004
10710,P2,BASE,150.00,150.01,209,F,33014,31.9002
10720,P2,BASE,150.00,150.01,209,F,33074,31.9001
10730,P2,BASE,150.00,152.44,206,F,33135,31.8757
10740,P2,BASE,150.00,155.06,203,F,33197,31.8250
10750,P2,BASE,150.00,147.46,211,F,33256,31.8505
10760,P2,BASE,150.00,150.00,209,F,33316,31.8505
10770,P2,BASE,150.00,145.04,214,F,33374,31.9001
10780,P2,BASE,150.00,147.50,212,F,33433,31.9251
10790,P2,BASE,150.00,147.50,212,F,33492,31.9501
10800,P2,BASE,150.00,147.46,212,F,33551,31.9755
10810,P2,BASE,150.00,147.51,212,F,33610,32.0003
10820,P2,BASE,150.00,147.51,212,F,33669,32.0252
10830,P2,BASE,150.00,150.00,210,F,33729,32.0252
10840,P2,BASE,150.00,152.45,207,F,33790,32.0007
10850,P2,BASE,150.00,150.03,210,F,33850,32.0004
10860,P2,BASE,150.00,145.00,215,F,33908,32.0504
10870,P2,BASE,150.00,147.50,213,F,33967,32.0754
10880,P2,BASE,150.00,144.99,216,F,34025,32.1255
10890,P2,BASE,150.00,150.03,210,F,34085,32.1252
10900,P2,BASE,150.00,149.94,211,F,34145,32.1258
10910,P2,BASE,150.00,150.06,210,F,34205,32.1252
10920,P2,BASE,150.00,154.98,205,F,34267,32.0754
10930,P2,BASE,150.00,152.50,207,F,34328,32.0504
10940,P2,BASE,150.00,157.52,202,F,34391,31.9752
10950,P2,BASE,150.00,152.47,207,F,34452,31.9505
10960,P2,BASE,150.00,152.52,207,F,34513,31.9253
10970,P2,BASE,150.00,147.51,212,F,34572,31.9502
10980,P2,BASE,150.00,150.00,209,F,34632,31.9502
10990,P2,BASE,150.00,150.00,209,F,34692,31.9502
11000,P2,BASE,150.00,164.97,193,F,34758,31.8005
11010,P2,BASE,150.00,152.53,206,F,34819,31.7752
11020,P2,BASE,150.00,144.97,214,F,34877,31.8255
11030,P2,BASE,150.00,137.53,222,F,34932,31.9502
11040,P2,BASE,150.00,152.45,207,F,34993,31.9257
11050,P2,BASE,150.00,152.53,206,F,35054,31.9004
11060,P2,BASE,150.00,152.47,206,F,35115,31.8757
11070,P2,BASE,150.00,152.52,206,F,35176,31.8505
11080,P2,BASE,150.00,150.03,209,F,35236,31.8502
11090,P2,BASE,150.00,152.50,206,F,35297,31.8252
11100,P2,BASE,150.00,147.51,211,F,35356,31.8501
11110,P2,BASE,150.00,149.99,209,F,35416,31.8503
11120,P2,BASE,150.00,149.96,209,F,35476,31.8507
11130,P2,BASE,150.00,152.52,206,F,35537,31.8255
11140,P2,BASE,150.00,155.03,203,F,35599,31.7752
11150,P2,BASE,150.00,150.01,208,F,35659,31.7751
11160,P2,BASE,150.00,147.50,211,F,35718,31.8001
11170,P2,BASE,150.00,144.97,214,F,35776,31.8504
11180,P2,BASE,150.00,147.53,211,F,35835,31.8751
11190,P2,BASE,150.00,147.47,212,F,35894,31.9004
11200,P2,BASE,150.00,144.99,214,F,35952,31.9505
11210,P2,BASE,150.00,150.05,209,F,36012,31.9501
11220,P2,BASE,150.00,147.44,212,F,36071,31.9757
11230,P2,BASE,150.00,147.56,212,F,36130,32.0001
11240,P2,BASE,150.00,155.00,204,F,36192,31.9501
11250,P2,BASE,150.00,147.44,212,F,36251,31.9757
11260,P2,BASE,150.00,147.56,212,F,36310,32.0001
11270,P2,BASE,150.00,144.99,215,F,36368,32.0502
11280,P2,BASE,150.00,144.99,215,F,36426,32.1004
11290,P2,BASE,150.00,149.99,210,F,36486,32.1005
11300,P2,BASE,150.00,150.01,210,F,36546,32.1004
11310,P2,BASE,150.00,150.03,210,F,36606,32.1001
11320,P2,BASE,150.00,154.94,205,F,36668,32.0507
11330,P2,BASE,150.00,152.50,207,F,36729,32.0257
11340,P2,BASE,150.00,157.55,202,F,36792,31.9502
11350,P2,BASE,150.00,152.47,207,F,36853,31.9255
11360,P2,BASE,150.00,150.05,209,F,36913,31.9251
11370,P2,BASE,150.00,149.99,209,F,36973,31.9252
11380,P2,BASE,150.00,147.51,212,F,37032,31.9501
11390,P2,BASE,150.00,152.48,207,F,37093,31.9252
11400,P2,BASE,150.00,162.45,196,F,37158,31.8007
11410,P2,BASE,150.00,152.52,206,F,37219,31.7755
11420,P2,BASE,150.00,147.50,211,F,37278,31.8005
11430,P2,BASE,150.00,139.99,219,F,37334,31.9007
11440,P2,BASE,150.00,145.03,214,F,37392,31.9504
11450,P2,BASE,150.00,152.52,207,F,37453,31.9252
11460,P2,BASE,150.00,152.47,206,F,37514,31.9006
11470,P2,BASE,150.00,152.52,206,F,37575,31.8754
11480,P2,BASE,150.00,150.03,209,F,37635,31.8751
11490,P2,BASE,150.00,152.50,206,F,37696,31.8501
11500,P2,BASE,150.00,147.47,211,F,37755,31.8754
11510,P2,BASE,150.00,150.01,209,F,37815,31.8752
11520,P2,BASE,150.00,150.01,209,F,37875,31.8751
11530,P2,BASE,150.00,152.50,206,F,37936,31.8501
11540,P2,BASE,150.00,154.94,203,F,37998,31.8007
11550,P2,BASE,150.00,147.56,211,F,38057,31.8251
11560,P2,BASE,150.00,149.97,209,F,38117,31.8254
11570,P2,BASE,150.00,145.01,214,F,38175,31.8753
11580,P2,BASE,150.00,147.51,212,F,38234,31.9001
11590,P2,BASE,150.00,147.46,212,F,38293,31.9256
11600,P2,BASE,150.00,145.01,215,F,38351,31.9754
11610,P2,BASE,150.00,150.03,209,F,38411,31.9751
11620,P2,BASE,150.00,147.44,212,F,38470,32.0007
11630,P2,BASE,150.00,147.51,212,F,38529,32.0256
11640,P2,BASE,150.00,154.98,204,F,38591,31.9757
11650,P2,BASE,150.00,147.53,212,F,38650,32.0004
11660,P2,BASE,150.00,147.53,212,F,38709,32.0251
11670,P2,BASE,150.00,144.99,215,F,38767,32.0753
11680,P2,BASE,150.00,145.00,216,F,38825,32.1253
11690,P2,BASE,150.00,150.00,210,F,38885,32.1253
11700,P2,BASE,150.00,149.99,211,F,38945,32.1254
11710,P2,BASE,150.00,150.03,210,F,39005,32.1251
11720,P2,BASE,150.00,154.97,205,F,39067,32.0754
11730,P2,BASE,150.00,152.48,207,F,39128,32.0506
11740,P2,BASE,150.00,157.50,202,F,39191,31.9756
11750,P2,BASE,150.00,152.48,207,F,39252,31.9507
11760,P2,BASE,150.00,150.06,209,F,39312,31.9501
11770,P2,BASE,150.00,149.94,209,F,39372,31.9507
11780,P2,BASE,150.00,147.53,212,F,39431,31.9754
11790,P2,BASE,150.00,150.00,210,F,39491,31.9754
11800,P2,BASE,150.00,162.50,196,F,39556,31.8504
11810,P2,BASE,150.00,154.98,203,F,39618,31.8006
11820,P2,BASE,150.00,145.01,214,F,39676,31.8505
11830,P2,BASE,150.00,140.01,220,F,39732,31.9503
11840,P2,BASE,150.00,147.50,212,F,39791,31.9753
11850,P2,BASE,150.00,150.00,210,F,39851,31.9753
11860,P2,BASE,150.00,154.95,204,F,39913,31.9258
11870,P2,BASE,150.00,152.50,206,F,39974,31.9008
11880,P2,BASE,150.00,150.05,209,F,40034,31.9003
11890,P2,BASE,150.00,152.45,206,F,40095,31.8758
11900,P2,BASE,150.00,147.53,212,F,40154,31.9005
11910,P2,BASE,150.00,147.53,212,F,40213,31.9252
11920,P2,BASE,150.00,152.50,206,F,40274,31.9002
11930,P2,BASE,150.00,149.94,209,F,40334,31.9008
11940,P2,BASE,150.00,155.06,204,F,40396,31.8502
11950,P2,BASE,150.00,149.96,209,F,40456,31.8506
11960,P2,BASE,150.00,149.99,209,F,40516,31.8508
11970,P2,BASE,150.00,145.04,214,F,40574,31.9003
11980,P2,BASE,150.00,147.49,212,F,40633,31.9255
11990,P2,BASE,150.00,147.49,212,F,40692,31.9506
12000,P2,BASE,150.00,145.00,215,F,40750,32.0006
12010,P2,BASE,150.00,150.00,210,F,40810,32.0006
12020,P2,BASE,150.00,147.53,212,F,40869,32.0253
12030,P2,BASE,150.00,150.01,210,F,40929,32.0252
12040,P2,BASE,150.00,152.50,207,F,40990,32.0002
12050,P2,BASE,150.00,149.97,210,F,41050,32.0005
12060,P2,BASE,150.00,147.51,212,F,41109,32.0253
12070,P2,BASE,150.00,145.01,215,F,41167,32.0752
12080,P2,BASE,150.00,145.00,216,F,41225,32.1252
12090,P2,BASE,150.00,149.97,211,F,41285,32.1255
12100,P2,BASE,150.00,150.01,210,F,41345,32.1253
12110,P2,BASE,150.00,152.50,208,F,41406,32.1003
12120,P2,BASE,150.00,152.45,208,F,41467,32.0758
12130,P2,BASE,150.00,155.00,205,F,41529,32.0258
12140,P2,BASE,150.00,157.53,202,F,41592,31.9505
12150,P2,BASE,150.00,152.52,207,F,41653,31.9253
12160,P2,BASE,150.00,149.96,209,F,41713,31.9258
12170,P2,BASE,150.00,150.06,209,F,41773,31.9252
12180,P2,BASE,150.00,147.44,212,F,41832,31.9508
12190,P2,BASE,150.00,152.52,207,F,41893,31.9256
12200,P2,BASE,150.00,160.05,198,F,41957,31.8251
12210,P2,BASE,150.00,154.95,203,F,42019,31.7756
12220,P2,BASE,150.00,147.51,211,F,42078,31.8005
12230,P2,BASE,150.00,140.03,219,F,42134,31.9002
12240,P2,BASE,150.00,144.97,214,F,42192,31.9505
12250,P2,BASE,150.00,152.52,207,F,42253,31.9253
12260,P2,BASE,150.00,152.48,206,F,42314,31.9005
12270,P2,BASE,150.00,152.52,206,F,42375,31.8753
12280,P2,BASE,150.00,152.52,206,F,42436,31.8502
12290,P2,BASE,150.00,149.97,209,F,42496,31.8505
12300,P2,BASE,150.00,147.50,211,F,42555,31.8755
12310,P2,BASE,150.00,149.97,209,F,42615,31.8758
12320,P2,BASE,150.00,152.50,206,F,42676,31.8508
12330,P2,BASE,150.00,150.03,209,F,42736,31.8505
12340,P2,BASE,150.00,154.97,203,F,42798,31.8008
12350,P2,BASE,150.00,150.06,208,F,42858,31.8002
12360,P2,BASE,150.00,147.46,211,F,42917,31.8256
12370,P2,BASE,150.00,145.01,214,F,42975,31.8755
12380,P2,BASE,150.00,147.47,212,F,43034,31.9008
12390,P2,BASE,150.00,147.53,212,F,43093,31.9255
12400,P2,BASE,150.00,147.51,212,F,43152,31.9503
12410,P2,BASE,150.00,147.51,212,F,43211,31.9752
12420,P2,BASE,150.00,147.49,212,F,43270,32.0003
12430,P2,BASE,150.00,150.01,210,F,43330,32.0002
12440,P2,BASE,150.00,154.95,204,F,43392,31.9506
12450,P2,BASE,150.00,147.54,212,F,43451,31.9752
12460,P2,BASE,150.00,147.47,212,F,43510,32.0005
12470,P2,BASE,150.00,145.03,215,F,43568,32.0502
12480,P2,BASE,150.00,144.99,215,F,43626,32.1003
12490,P2,BASE,150.00,152.52,208,F,43687,32.0752
12500,P2,BASE,150.00,149.88,210,F,43747,32.0764
12510,P2,BASE,150.00,150.08,210,F,43807,32.0756
12520,P2,BASE,150.00,152.55,207,F,43868,32.0502
12530,P2,BASE,150.00,154.97,205,F,43930,32.0005
12540,P2,BASE,150.00,157.52,202,F,43993,31.9253
12550,P2,BASE,150.00,152.45,207,F,44054,31.9008
12560,P2,BASE,150.00,150.05,209,F,44114,31.9003
12570,P2,BASE,150.00,147.50,212,F,44173,31.9253
12580,P2,BASE,150.00,149.99,209,F,44233,31.9255
12590,P2,BASE,150.00,150.01,209,F,44293,31.9253
12600,P2,BASE,150.00,164.98,193,F,44359,31.7755
12610,P2,BASE,150.00,152.52,205,F,44420,31.7503
12620,P2,BASE,150.00,145.01,213,F,44478,31.8002
12630,P2,BASE,150.00,139.96,219,F,44534,31.9006
12640,P2,BASE,150.00,147.50,212,F,44593,31.9256
12650,P2,BASE,150.00,152.48,206,F,44654,31.9008
12660,P2,BASE,150.00,152.50,206,F,44715,31.8758
12670,P2,BASE,150.00,152.56,206,F,44776,31.8502
12680,P2,BASE,150.00,149.99,209,F,44836,31.8503
12690,P2,BASE,150.00,152.50,206,F,44897,31.8253
12700,P2,BASE,150.00,147.51,211,F,44956,31.8502
12710,P2,BASE,150.00,149.90,209,F,45016,31.8512
12720,P2,BASE,150.00,150.05,209,F,45076,31.8508
12730,P2,BASE,150.00,150.05,209,F,45136,31.8503
12740,P2,BASE,150.00,154.97,203,F,45198,31.8006
12750,P2,BASE,150.00,150.01,208,F,45258,31.8005
12760,P2,BASE,150.00,147.53,211,F,45317,31.8252
12770,P2,BASE,150.00,144.94,214,F,45375,31.8758
12780,P2,BASE,150.00,147.51,212,F,45434,31.9006
12790,P2,BASE,150.00,147.50,212,F,45493,31.9256
12800,P2,BASE,150.00,147.49,212,F,45552,31.9508
12810,P2,BASE,150.00,147.51,212,F,45611,31.9756
12820,P2,BASE,150.00,147.54,212,F,45670,32.0002
12830,P2,BASE,150.00,149.99,210,F,45730,32.0003
12840,P2,BASE,150.00,152.50,207,F,45791,31.9753
12850,P2,BASE,150.00,149.97,210,F,45851,31.9756
12860,P2,BASE,150.00,147.50,212,F,45910,32.0006
12870,P2,BASE,150.00,145.04,215,F,45968,32.0502
12880,P2,BASE,150.00,145.00,215,F,46026,32.1002
12890,P2,BASE,150.00,149.97,210,F,46086,32.1005
12900,P2,BASE,150.00,147.50,213,F,46145,32.1255
12910,P2,BASE,150.00,152.53,208,F,46206,32.1002
12920,P2,BASE,150.00,154.97,205,F,46268,32.0505
12930,P2,BASE,150.00,152.48,207,F,46329,32.0256
12940,P2,BASE,150.00,157.53,202,F,46392,31.9503
12950,P2,BASE,150.00,152.52,207,F,46453,31.9252
12960,P2,BASE,150.00,149.96,209,F,46513,31.9256
12970,P2,BASE,150.00,147.51,212,F,46572,31.9505
12980,P2,BASE,150.00,147.51,212,F,46631,31.9753
12990,P2,BASE,150.00,152.48,207,F,46692,31.9505
13000,P2,BASE,150.00,162.50,196,F,46757,31.8255
13010,P2,BASE,150.00,155.00,203,F,46819,31.7755
13020,P2,BASE,150.00,142.53,216,F,46876,31.8502
13030,P2,BASE,150.00,139.99,220,F,46932,31.9503
13040,P2,BASE,150.00,147.51,212,F,46991,31.9752
13050,P2,BASE,150.00,154.94,204,F,47053,31.9258
13060,P2,BASE,150.00,152.53,206,F,47114,31.9005
13070,P2,BASE,150.00,152.52,206,F,47175,31.8754
13080,P2,BASE,150.00,149.97,209,F,47235,31.8757
13090,P2,BASE,150.00,150.00,209,F,47295,31.8757
13100,P2,BASE,150.00,149.96,209,F,47355,31.8761
13110,P2,BASE,150.00,147.59,211,F,47414,31.9002
13120,P2,BASE,150.00,149.97,209,F,47474,31.9005
13130,P2,BASE,150.00,152.53,206,F,47535,31.8752
13140,P2,BASE,150.00,154.95,203,F,47597,31.8257
13150,P2,BASE,150.00,147.51,211,F,47656,31.8505
13160,P2,BASE,150.00,150.00,209,F,47716,31.8505
13170,P2,BASE,150.00,145.01,214,F,47774,31.9004
13180,P2,BASE,150.00,147.49,212,F,47833,31.9255
13190,P2,BASE,150.00,147.49,212,F,47892,31.9507
13200,P2,BASE,150.00,147.43,212,F,47951,31.9764
13210,P2,BASE,150.00,147.59,212,F,48010,32.0005
13220,P2,BASE,150.00,147.51,212,F,48069,32.0254
13230,P2,BASE,150.00,150.00,210,F,48129,32.0254
13240,P2,BASE,150.00,152.48,207,F,48190,32.0005
13250,P2,BASE,150.00,150.03,210,F,48250,32.0002
13260,P2,BASE,150.00,147.49,212,F,48309,32.0254
13270,P2,BASE,150.00,145.00,215,F,48367,32.0754
13280,P2,BASE,150.00,144.96,216,F,48425,32.1258
13290,P2,BASE,150.00,150.03,210,F,48485,32.1255
13300,P2,BASE,150.00,150.03,210,F,48545,32.1252
13310,P2,BASE,150.00,149.99,211,F,48605,32.1254
13320,P2,BASE,150.00,155.00,205,F,48667,32.0754
13330,P2,BASE,150.00,152.47,207,F,48728,32.0507
13340,P2,BASE,150.00,157.52,202,F,48791,31.9755
13350,P2,BASE,150.00,152.52,207,F,48852,31.9504
13360,P2,BASE,150.00,152.50,207,F,48913,31.9254
13370,P2,BASE,150.00,147.50,212,F,48972,31.9504
13380,P2,BASE,150.00,147.47,212,F,49031,31.9756
13390,P2,BASE,150.00,152.52,207,F,49092,31.9505
13400,P2,BASE,150.00,164.98,193,F,49158,31.8007
13410,P2,BASE,150.00,152.52,206,F,49219,31.7755
13420,P2,BASE,150.00,142.53,216,F,49276,31.8502
13430,P2,BASE,150.00,139.99,220,F,49332,31.9504
13440,P2,BASE,150.00,149.96,209,F,49392,31.9508
13450,P2,BASE,150.00,155.06,204,F,49454,31.9002
13460,P2,BASE,150.00,152.45,206,F,49515,31.8757
13470,P2,BASE,150.00,152.52,206,F,49576,31.8505
13480,P2,BASE,150.00,150.01,209,F,49636,31.8503
13490,P2,BASE,150.00,149.97,209,F,49696,31.8506
13500,P2,BASE,150.00,150.00,209,F,49756,31.8506
13510,P2,BASE,150.00,149.97,209,F,49816,31.8509
13520,P2,BASE,150.00,150.08,209,F,49876,31.8502
13530,P2,BASE,150.00,152.50,206,F,49937,31.8252
13540,P2,BASE,150.00,152.47,206,F,49998,31.8005
13550,P2,BASE,150.00,149.99,208,F,50058,31.8007
13560,P2,BASE,150.00,150.05,208,F,50118,31.8002
13570,P2,BASE,150.00,144.94,214,F,50176,31.8508
13580,P2,BASE,150.00,147.53,211,F,50235,31.8755
13590,P2,BASE,150.00,147.49,212,F,50294,31.9006
13600,P2,BASE,150.00,145.01,214,F,50352,31.9505
13610,P2,BASE,150.00,150.01,209,F,50412,31.9503
13620,P2,BASE,150.00,144.97,215,F,50470,32.0006
13630,P2,BASE,150.00,150.01,210,F,50530,32.0005
13640,P2,BASE,150.00,155.00,204,F,50592,31.9505
13650,P2,BASE,150.00,147.51,212,F,50651,31.9753
13660,P2,BASE,150.00,147.50,212,F,50710,32.0003
13670,P2,BASE,150.00,144.97,215,F,50768,32.0506
13680,P2,BASE,150.00,145.03,215,F,50826,32.1003
13690,P2,BASE,150.00,150.00,210,F,50886,32.1003
13700,P2,BASE,150.00,150.00,210,F,50946,32.1003
13710,P2,BASE,150.00,150.00,210,F,51006,32.1003
13720,P2,BASE,150.00,155.00,205,F,51068,32.0503
13730,P2,BASE,150.00,152.50,207,F,51129,32.0253
13740,P2,BASE,150.00,157.48,202,F,51192,31.9505
13750,P2,BASE,150.00,152.52,207,F,51253,31.9253
13760,P2,BASE,150.00,149.96,209,F,51313,31.9258
13770,P2,BASE,150.00,150.05,209,F,51373,31.9253
13780,P2,BASE,150.00,147.49,212,F,51432,31.9505
13790,P2,BASE,150.00,152.52,207,F,51493,31.9253
13800,P2,BASE,150.00,162.52,196,F,51558,31.8002
13810,P2,BASE,150.00,152.47,206,F,51619,31.7755
13820,P2,BASE,150.00,145.03,214,F,51677,31.8252
13830,P2,BASE,150.00,142.46,217,F,51734,31.9006
13840,P2,BASE,150.00,145.04,214,F,51792,31.9502
13850,P2,BASE,150.00,152.50,207,F,51853,31.9252
13860,P2,BASE,150.00,152.47,206,F,51914,31.9005
13870,P2,BASE,150.00,152.53,206,F,51975,31.8752
13880,P2,BASE,150.00,149.96,209,F,52035,31.8756
13890,P2,BASE,150.00,152.55,206,F,52096,31.8502
13900,P2,BASE,150.00,147.44,211,F,52155,31.8758
13910,P2,BASE,150.00,150.03,209,F,52215,31.8755
13920,P2,BASE,150.00,150.00,209,F,52275,31.8755
13930,P2,BASE,150.00,152.50,206,F,52336,31.8505
13940,P2,BASE,150.00,154.94,203,F,52398,31.8011
13950,P2,BASE,150.00,147.57,211,F,52457,31.8253
13960,P2,BASE,150.00,150.00,209,F,52517,31.8253
13970,P2,BASE,150.00,144.97,214,F,52575,31.8756
13980,P2,BASE,150.00,147.53,212,F,52634,31.9003
13990,P2,BASE,150.00,147.47,212,F,52693,31.9256
14000,P2,BASE,150.00,144.99,215,F,52751,31.9758
14010,P2,BASE,150.00,150.03,209,F,52811,31.9755
14020,P2,BASE,150.00,147.53,212,F,52870,32.0002
14030,P2,BASE,150.00,149.96,210,F,52930,32.0006
14040,P2,BASE,150.00,152.50,207,F,52991,31.9756
14050,P2,BASE,150.00,150.05,209,F,53051,31.9752
14060,P2,BASE,150.00,147.46,212,F,53110,32.0006
14070,P2,BASE,150.00,145.04,215,F,53168,32.0502
14080,P2,BASE,150.00,144.97,215,F,53226,32.1005
14090,P2,BASE,150.00,150.01,210,F,53286,32.1003
14100,P2,BASE,150.00,150.00,210,F,53346,32.1003
14110,P2,BASE,150.00,149.97,210,F,53406,32.1006
14120,P2,BASE,150.00,155.00,205,F,53468,32.0506
14130,P2,BASE,150.00,152.52,207,F,53529,32.0255
14140,P2,BASE,150.00,157.50,202,F,53592,31.9505
14150,P2,BASE,150.00,152.47,207,F,53653,31.9258
14160,P2,BASE,150.00,150.03,209,F,53713,31.9255
14170,P2,BASE,150.00,150.01,209,F,53773,31.9253
14180,P2,BASE,150.00,147.46,212,F,53832,31.9508
14190,P2,BASE,150.00,152.55,207,F,53893,31.9253
14200,P2,BASE,150.00,160.00,198,F,53957,31.8253
14210,P2,BASE,150.00,157.50,200,F,54020,31.7503
14220,P2,BASE,150.00,144.97,213,F,54078,31.8006
14230,P2,BASE,150.00,140.00,219,F,54134,31.9006
14240,P2,BASE,150.00,145.00,214,F,54192,31.9506
14250,P2,BASE,150.00,152.50,207,F,54253,31.9256
14260,P2,BASE,150.00,152.50,206,F,54314,31.9006
14270,P2,BASE,150.00,152.52,206,F,54375,31.8755
14280,P2,BASE,150.00,150.03,209,F,54435,31.8752
14290,P2,BASE,150.00,152.48,206,F,54496,31.8503
14300,P2,BASE,150.00,147.51,211,F,54555,31.8752
14310,P2,BASE,150.00,149.99,209,F,54615,31.8753
14320,P2,BASE,150.00,150.01,209,F,54675,31.8752
14330,P2,BASE,150.00,152.48,206,F,54736,31.8503
14340,P2,BASE,150.00,152.45,206,F,54797,31.8258
14350,P2,BASE,150.00,150.01,209,F,54857,31.8256
14360,P2,BASE,150.00,149.94,209,F,54917,31.8262
14370,P2,BASE,150.00,145.09,214,F,54975,31.8753
14380,P2,BASE,150.00,147.51,212,F,55034,31.9002
14390,P2,BASE,150.00,147.50,212,F,55093,31.9252
14400,P2,BASE,150.00,145.00,215,F,55151,31.9752
14410,P2,BASE,150.00,149.96,210,F,55211,31.9757
14420,P2,BASE,150.00,147.49,212,F,55270,32.0008
14430,P2,BASE,150.00,150.00,210,F,55330,32.0008
14440,P2,BASE,150.00,154.97,204,F,55392,31.9511
14450,P2,BASE,150.00,147.57,212,F,55451,31.9754
14460,P2,BASE,150.00,147.49,212,F,55510,32.0005
14470,P2,BASE,150.00,145.03,215,F,55568,32.0502
14480,P2,BASE,150.00,144.97,215,F,55626,32.1005
14490,P2,BASE,150.00,150.03,210,F,55686,32.1002
14500,P2,BASE,150.00,149.99,210,F,55746,32.1004
14510,P2,BASE,150.00,152.45,208,F,55807,32.0758
14520,P2,BASE,150.00,152.55,207,F,55868,32.0504
14530,P2,BASE,150.00,155.00,205,F,55930,32.0004
14540,P2,BASE,150.00,157.47,202,F,55993,31.9257
14550,P2,BASE,150.00,152.55,206,F,56054,31.9002
14560,P2,BASE,150.00,150.00,209,F,56114,31.9002
14570,P2,BASE,150.00,147.46,212,F,56173,31.9257
14580,P2,BASE,150.00,147.51,212,F,56232,31.9505
14590,P2,BASE,150.00,152.47,207,F,56293,31.9258
14600,P2,BASE,150.00,165.03,193,F,56359,31.7755
14610,P2,BASE,150.00,152.50,205,F,56420,31.7505
14620,P2,BASE,150.00,145.00,213,F,56478,31.8005
14630,P2,BASE,150.00,137.49,222,F,56533,31.9256
14640,P2,BASE,150.00,150.03,209,F,56593,31.9253
14650,P2,BASE,150.00,154.95,204,F,56655,31.8758
14660,P2,BASE,150.00,150.05,209,F,56715,31.8753
14670,P2,BASE,150.00,152.48,206,F,56776,31.8505
14680,P2,BASE,150.00,152.48,206,F,56837,31.8256
14690,P2,BASE,150.00,152.50,206,F,56898,31.8006
14700,P2,BASE,150.00,147.50,211,F,56957,31.8256
14710,P2,BASE,150.00,147.51,211,F,57016,31.8505
14720,P2,BASE,150.00,152.48,206,F,57077,31.8257
14730,P2,BASE,150.00,150.03,208,F,57137,31.8254
14740,P2,BASE,150.00,155.00,203,F,57199,31.7754
14750,P2,BASE,150.00,150.00,208,F,57259,31.7754
14760,P2,BASE,150.00,147.51,211,F,57318,31.8002
14770,P2,BASE,150.00,144.97,214,F,57376,31.8505
14780,P2,BASE,150.00,147.50,211,F,57435,31.8755
14790,P2,BASE,150.00,147.53,212,F,57494,31.9002
14800,P2,BASE,150.00,145.00,214,F,57552,31.9502
14810,P2,BASE,150.00,150.00,209,F,57612,31.9502
14820,P2,BASE,150.00,144.99,215,F,57670,32.0003
14830,P2,BASE,150.00,152.48,207,F,57731,31.9755
14840,P2,BASE,150.00,152.52,207,F,57792,31.9503
14850,P2,BASE,150.00,147.49,212,F,57851,31.9755
14860,P2,BASE,150.00,147.53,212,F,57910,32.0002
14870,P2,BASE,150.00,144.97,215,F,57968,32.0505
14880,P2,BASE,150.00,145.03,215,F,58026,32.1002
14890,P2,BASE,150.00,149.97,210,F,58086,32.1005
14900,P2,BASE,150.00,150.03,210,F,58146,32.1002
14910,P2,BASE,150.00,152.38,208,F,58207,32.0764
14920,P2,BASE,150.00,152.62,207,F,58268,32.0502
14930,P2,BASE,150.00,152.45,207,F,58329,32.0257
14940,P2,BASE,150.00,157.52,202,F,58392,31.9505
14950,P2,BASE,150.00,152.48,207,F,58453,31.9256
14960,P2,BASE,150.00,150.01,209,F,58513,31.9255
14970,P2,BASE,150.00,150.01,209,F,58573,31.9253
14980,P2,BASE,150.00,147.51,212,F,58632,31.9502
14990,P2,BASE,150.00,152.50,207,F,58693,31.9252
15000,P2,BASE,150.00,162.47,196,F,58758,31.8005
15010,P2,BASE,149.85,152.48,206,F,58819,31.7742
15020,P2,BASE,149.70,142.54,216,F,58876,31.8457
15030,P2,BASE,149.55,139.97,219,F,58932,31.9415
15040,P2,BASE,149.40,150.00,209,F,58992,31.9355
15050,P2,BASE,149.25,155.02,203,F,59054,31.8779
15060,P2,BASE,149.10,150.01,208,F,59114,31.8687
15070,P2,BASE,148.95,152.50,205,F,59175,31.8332
15080,P2,BASE,148.80,149.97,207,F,59235,31.8215
15090,P2,BASE,148.65,152.52,204,F,59296,31.7829
15100,P2,BASE,148.50,147.47,209,F,59355,31.7932
15110,P2,BASE,148.35,147.51,209,F,59414,31.8015
15120,P2,BASE,148.20,149.94,206,F,59474,31.7841
15130,P2,BASE,148.05,150.03,206,F,59534,31.7643
15140,P2,BASE,147.90,152.55,203,F,59595,31.7179
15150,P2,BASE,147.75,147.49,208,F,59654,31.7205
15160,P2,BASE,147.60,147.49,208,F,59713,31.7217
15170,P2,BASE,147.45,142.50,213,F,59770,31.7712
15180,P2,BASE,147.30,145.04,211,F,59828,31.7937
15190,P2,BASE,147.15,147.47,208,F,59887,31.7905
15200,P2,BASE,147.00,144.99,210,F,59945,31.8107
15210,P2,BASE,146.85,145.03,210,F,60003,31.8289
15220,P2,BASE,146.70,145.01,210,F,60061,31.8457
15230,P2,BASE,146.55,147.41,208,F,60120,31.8371
15240,P2,BASE,146.40,150.06,205,F,60180,31.8005
15250,P2,BASE,146.25,144.97,210,F,60238,31.8133
15260,P2,BASE,146.10,147.53,207,F,60297,31.7990
15270,P2,BASE,145.95,142.51,212,F,60354,31.8334
15280,P2,BASE,145.80,140.00,215,F,60410,31.8914
15290,P2,BASE,145.65,147.50,207,F,60469,31.8729
15300,P2,BASE,145.50,145.01,209,F,60527,31.8777
15310,P2,BASE,145.35,149.96,204,F,60587,31.8317
15320,P2,BASE,145.20,147.49,206,F,60646,31.8088
15330,P2,BASE,145.05,150.05,203,F,60706,31.7589
15340,P2,BASE,144.90,152.47,200,F,60767,31.6832
15350,P2,BASE,144.75,150.05,202,F,60827,31.6302
15360,P2,BASE,144.60,147.46,204,F,60886,31.6017
15370,P2,BASE,144.45,142.53,209,F,60943,31.6209
15380,P2,BASE,144.30,144.96,206,F,61001,31.6143
15390,P2,BASE,144.15,147.51,203,F,61060,31.5807
15400,P2,BASE,144.00,147.53,203,F,61119,31.5454
15410,P2,BASE,143.85,159.95,189,F,61183,31.3843
15420,P2,BASE,143.70,142.54,207,F,61240,31.3959
15430,P2,BASE,143.55,137.47,212,F,61295,31.4567
15440,P2,BASE,143.40,132.50,218,F,61348,31.5657
15450,P2,BASE,143.25,150.03,199,F,61408,31.4979
15460,P2,BASE,143.10,147.49,202,F,61467,31.4540
15470,P2,BASE,142.95,145.00,204,F,61525,31.4335
15480,P2,BASE,142.80,147.50,201,F,61584,31.3865
15490,P2,BASE,142.65,144.99,203,F,61642,31.3632
15500,P2,BASE,142.50,144.99,203,F,61700,31.3383
15510,P2,BASE,142.35,142.51,205,F,61757,31.3367
15520,P2,BASE,142.20,142.51,205,F,61814,31.3335
15530,P2,BASE,142.05,142.53,205,F,61871,31.3288
15540,P2,BASE,141.90,144.99,202,F,61929,31.2979
15550,P2,BASE,141.75,147.51,199,F,61988,31.2403
15560,P2,BASE,141.60,142.44,204,F,62045,31.2318
15570,P2,BASE,141.45,142.51,203,F,62102,31.2212
15580,P2,BASE,141.30,137.54,209,F,62157,31.2588
15590,P2,BASE,141.15,139.94,206,F,62213,31.2708
15600,P2,BASE,141.00,140.01,206,F,62269,31.2807
15610,P2,BASE,140.85,137.50,209,F,62324,31.3142
15620,P2,BASE,140.70,140.01,206,F,62380,31.3211
15630,P2,BASE,140.55,140.01,206,F,62436,31.3264
15640,P2,BASE,140.40,139.97,206,F,62492,31.3307
15650,P2,BASE,140.25,142.54,203,F,62549,31.3078
15660,P2,BASE,140.10,142.49,203,F,62606,31.2839
15670,P2,BASE,139.95,139.99,205,F,62662,31.2835
15680,P2,BASE,139.80,137.49,207,F,62717,31.3067
15690,P2,BASE,139.65,137.50,207,F,62772,31.3282
15700,P2,BASE,139.50,135.00,210,F,62826,31.3732
15710,P2,BASE,139.35,140.00,205,F,62882,31.3667
15720,P2,BASE,139.20,140.03,205,F,62938,31.3584
15730,P2,BASE,139.05,142.50,202,F,62995,31.3239
15740,P2,BASE,138.90,142.46,201,F,63052,31.2883
15750,P2,BASE,138.75,142.56,201,F,63109,31.2503
15760,P2,BASE,138.60,147.46,195,F,63168,31.1617
15770,P2,BASE,138.45,142.51,200,F,63225,31.1211
15780,P2,BASE,138.30,142.49,199,F,63282,31.0792
15790,P2,BASE,138.15,137.50,204,F,63337,31.0857
15800,P2,BASE,138.00,137.54,204,F,63392,31.0903
15810,P2,BASE,137.85,137.46,204,F,63447,31.0942
15820,P2,BASE,137.70,140.00,201,F,63503,31.0712
15830,P2,BASE,137.55,152.55,187,F,63564,30.9212
15840,P2,BASE,137.40,139.99,200,F,63620,30.8954
15850,P2,BASE,137.25,132.50,208,F,63673,30.9429
15860,P2,BASE,137.10,127.49,213,F,63724,31.0390
15870,P2,BASE,136.95,140.01,200,F,63780,31.0084
15880,P2,BASE,136.80,139.99,200,F,63836,30.9765
15890,P2,BASE,136.65,142.53,197,F,63893,30.9177
15900,P2,BASE,136.50,137.50,201,F,63948,30.9077
15910,P2,BASE,136.35,140.00,199,F,64004,30.8712
15920,P2,BASE,136.20,139.99,198,F,64060,30.8334
15930,P2,BASE,136.05,135.01,203,F,64114,30.8437
15940,P2,BASE,135.90,137.38,200,F,64169,30.8290
15950,P2,BASE,135.75,132.61,205,F,64222,30.8604
15960,P2,BASE,135.60,137.49,200,F,64277,30.8415
15970,P2,BASE,135.45,139.97,197,F,64333,30.7963
15980,P2,BASE,135.30,137.51,199,F,64388,30.7742
15990,P2,BASE,135.15,135.00,202,F,64442,30.7757
16000,P2,BASE,135.00,137.51,199,F,64497,30.7506
16010,P2,BASE,134.85,132.51,204,F,64550,30.7739
16020,P2,BASE,134.70,132.46,204,F,64603,30.7963
16030,P2,BASE,134.55,132.51,204,F,64656,30.8167
16040,P2,BASE,134.40,132.53,204,F,64709,30.8354
16050,P2,BASE,134.25,132.46,204,F,64762,30.8533
16060,P2,BASE,134.10,132.55,204,F,64815,30.8688
16070,P2,BASE,133.95,132.46,204,F,64868,30.8837
16080,P2,BASE,133.80,134.99,201,F,64922,30.8718
16090,P2,BASE,133.65,137.54,198,F,64977,30.8329
16100,P2,BASE,133.50,134.99,200,F,65031,30.8180
16110,P2,BASE,133.35,135.01,200,F,65085,30.8014
16120,P2,BASE,133.20,127.51,208,F,65136,30.8583
16130,P2,BASE,133.05,132.49,203,F,65189,30.8639
16140,P2,BASE,132.90,130.01,205,F,65241,30.8928
16150,P2,BASE,132.75,132.50,203,F,65294,30.8953
16160,P2,BASE,132.60,134.96,200,F,65348,30.8717
16170,P2,BASE,132.45,135.00,199,F,65402,30.8462
16180,P2,BASE,132.30,135.04,199,F,65456,30.8188
16190,P2,BASE,132.15,137.45,196,F,65511,30.7658
16200,P2,BASE,132.00,137.56,196,F,65566,30.7103
16210,P2,BASE,131.85,134.97,198,F,65620,30.6790
16220,P2,BASE,131.70,137.49,195,F,65675,30.6212
16230,P2,BASE,131.55,130.01,202,F,65727,30.6366
16240,P2,BASE,131.40,132.49,200,F,65780,30.6257
16250,P2,BASE,131.25,130.01,202,F,65832,30.6381
16260,P2,BASE,131.10,132.49,199,F,65885,30.6242
16270,P2,BASE,130.95,137.53,194,F,65940,30.5584
16280,P2,BASE,130.80,144.96,185,F,65998,30.4168
16290,P2,BASE,130.65,127.54,203,F,66049,30.4480
16300,P2,BASE,130.50,127.51,203,F,66100,30.4778
16310,P2,BASE,130.35,122.50,208,F,66149,30.5563
16320,P2,BASE,130.20,132.46,198,F,66202,30.5337
16330,P2,BASE,130.05,135.01,195,F,66256,30.4841
16340,P2,BASE,129.90,132.49,197,F,66309,30.4582
16350,P2,BASE,129.75,132.51,197,F,66362,30.4306
16360,P2,BASE,129.60,135.00,194,F,66416,30.3766
16370,P2,BASE,129.45,130.00,198,F,66468,30.3711
16380,P2,BASE,129.30,130.01,198,F,66520,30.3640
16390,P2,BASE,129.15,129.97,198,F,66572,30.3557
16400,P2,BASE,129.00,127.50,200,F,66623,30.3707
16410,P2,BASE,128.85,132.43,195,F,66676,30.3349
16420,P2,BASE,128.70,130.08,197,F,66728,30.3211
16430,P2,BASE,128.55,132.49,194,F,66781,30.2817
16440,P2,BASE,128.40,127.51,199,F,66832,30.2906
16450,P2,BASE,128.25,130.03,197,F,66884,30.2729
16460,P2,BASE,128.10,127.50,199,F,66935,30.2789
16470,P2,BASE,127.95,124.99,202,F,66985,30.3085
16480,P2,BASE,127.80,124.98,202,F,67035,30.3367
16490,P2,BASE,127.65,127.49,199,F,67086,30.3384
16500,P2,BASE,127.50,125.01,201,F,67136,30.3632
16510,P2,BASE,127.35,127.49,199,F,67187,30.3619
16520,P2,BASE,127.20,127.50,199,F,67238,30.3589
16530,P2,BASE,127.05,125.04,201,F,67288,30.3790
16540,P2,BASE,126.90,127.50,198,F,67339,30.3730
16550,P2,BASE,126.75,132.47,193,F,67392,30.3158
16560,P2,BASE,126.60,127.53,198,F,67443,30.3065
16570,P2,BASE,126.45,125.01,200,F,67493,30.3209
16580,P2,BASE,126.30,122.50,203,F,67542,30.3589
16590,P2,BASE,126.15,125.00,200,F,67592,30.3704
16600,P2,BASE,126.00,124.99,200,F,67642,30.3805
16610,P2,BASE,125.85,127.47,197,F,67693,30.3643
16620,P2,BASE,125.70,127.51,197,F,67744,30.3461
16630,P2,BASE,125.55,127.47,197,F,67795,30.3269
16640,P2,BASE,125.40,130.03,194,F,67847,30.2806
16650,P2,BASE,125.25,129.97,193,F,67899,30.2334
16660,P2,BASE,125.10,130.00,193,F,67951,30.1844
16670,P2,BASE,124.95,130.05,192,F,68003,30.1334
16680,P2,BASE,124.80,127.50,194,F,68054,30.1064
16690,P2,BASE,124.65,124.98,197,F,68104,30.1031
16700,P2,BASE,124.50,125.00,197,F,68154,30.0981
16710,P2,BASE,124.35,124.98,196,F,68204,30.0919
16720,P2,BASE,124.20,125.05,196,F,68254,30.0834
16730,P2,BASE,124.05,127.49,193,F,68305,30.0490
16740,P2,BASE,123.90,134.97,185,F,68359,29.9383
16750,P2,BASE,123.75,127.50,192,F,68410,29.9008
16760,P2,BASE,123.60,120.01,200,F,68458,29.9366
16770,P2,BASE,123.45,122.50,197,F,68507,29.9461
16780,P2,BASE,123.30,114.99,205,F,68553,30.0292
16790,P2,BASE,123.15,125.01,195,F,68603,30.0106
16800,P2,BASE,123.00,127.51,192,F,68654,29.9655
16810,P2,BASE,122.85,127.47,191,F,68705,29.9193
16820,P2,BASE,122.70,125.03,193,F,68755,29.8960
16830,P2,BASE,122.55,124.96,193,F,68805,29.8719
16840,P2,BASE,122.40,125.04,193,F,68855,29.8455
16850,P2,BASE,122.25,124.98,193,F,68905,29.8183
16860,P2,BASE,122.10,120.02,198,F,68953,29.8390
16870,P2,BASE,121.95,122.50,195,F,69002,29.8335
16880,P2,BASE,121.80,122.48,195,F,69051,29.8268
16890,P2,BASE,121.65,125.00,192,F,69101,29.7933
16900,P2,BASE,121.50,122.54,194,F,69150,29.7829
16910,P2,BASE,121.35,124.98,191,F,69200,29.7466
16920,P2,BASE,121.20,119.99,196,F,69248,29.7588
16930,P2,BASE,121.05,122.54,193,F,69297,29.7439
16940,P2,BASE,120.90,119.99,196,F,69345,29.7530
16950,P2,BASE,120.75,117.50,198,F,69392,29.7855
16960,P2,BASE,120.60,117.50,198,F,69439,29.8165
16970,P2,BASE,120.45,122.49,193,F,69488,29.7961
16980,P2,BASE,120.30,117.52,198,F,69535,29.8239
16990,P2,BASE,120.15,119.99,196,F,69583,29.8255
17000,P2,BASE,120.00,119.98,195,F,69631,29.8258
17010,P2,BASE,119.85,117.51,198,F,69678,29.8491
17020,P2,BASE,119.70,119.99,195,F,69726,29.8463
17030,P2,BASE,119.55,125.00,190,F,69776,29.7918
17040,P2,BASE,119.40,120.04,194,F,69824,29.7854
17050,P2,BASE,119.25,119.96,194,F,69872,29.7783
17060,P2,BASE,119.10,117.50,197,F,69919,29.7943
17070,P2,BASE,118.95,115.00,199,F,69965,29.8338
17080,P2,BASE,118.80,117.51,197,F,70012,29.8466
17090,P2,BASE,118.65,117.52,197,F,70059,29.8579
17100,P2,BASE,118.50,122.49,191,F,70108,29.8180
17110,P2,BASE,118.35,119.99,194,F,70156,29.8016
17120,P2,BASE,118.20,120.00,193,F,70204,29.7836
17130,P2,BASE,118.05,119.98,193,F,70252,29.7644
17140,P2,BASE,117.90,122.51,190,F,70301,29.7183
17150,P2,BASE,117.75,122.50,190,F,70350,29.6708
17160,P2,BASE,117.60,122.51,189,F,70399,29.6216
17170,P2,BASE,117.45,120.01,191,F,70447,29.5960
17180,P2,BASE,117.30,119.96,191,F,70495,29.5694
17190,P2,BASE,117.15,115.03,196,F,70541,29.5905
17200,P2,BASE,117.00,117.46,193,F,70588,29.5859
17210,P2,BASE,116.85,117.54,193,F,70635,29.5790
17220,P2,BASE,116.70,117.49,193,F,70682,29.5712
17230,P2,BASE,116.55,122.50,187,F,70731,29.5117
17240,P2,BASE,116.40,132.50,176,F,70784,29.3507
17250,P2,BASE,116.25,115.02,194,F,70830,29.3629
17260,P2,BASE,116.10,112.48,196,F,70875,29.3991
17270,P2,BASE,115.95,110.01,199,F,70919,29.4585
17280,P2,BASE,115.80,114.98,194,F,70965,29.4668
17290,P2,BASE,115.65,120.04,188,F,71013,29.4229
17300,P2,BASE,115.50,119.98,188,F,71061,29.3781
17310,P2,BASE,115.35,120.00,187,F,71109,29.3316
17320,P2,BASE,115.20,117.51,190,F,71156,29.3085
17330,P2,BASE,115.05,117.49,189,F,71203,29.2841
17340,P2,BASE,114.90,117.50,189,F,71250,29.2582
17350,P2,BASE,114.75,117.48,189,F,71297,29.2309
17360,P2,BASE,114.60,112.53,194,F,71342,29.2515
17370,P2,BASE,114.45,115.01,191,F,71388,29.2459
17380,P2,BASE,114.30,114.99,191,F,71434,29.2390
17390,P2,BASE,114.15,115.01,191,F,71480,29.2304
17400,P2,BASE,114.00,117.48,188,F,71527,29.1957
17410,P2,BASE,113.85,117.51,187,F,71574,29.1590
17420,P2,BASE,113.70,115.00,190,F,71620,29.1460
17430,P2,BASE,113.55,112.50,192,F,71665,29.1565
17440,P2,BASE,113.40,112.47,192,F,71710,29.1659
17450,P2,BASE,113.25,112.52,192,F,71755,29.1732
17460,P2,BASE,113.10,112.48,192,F,71800,29.1794
17470,P2,BASE,112.95,110.02,194,F,71844,29.2087
17480,P2,BASE,112.80,112.49,192,F,71889,29.2118
17490,P2,BASE,112.65,110.01,194,F,71933,29.2382
17500,P2,BASE,112.50,114.98,189,F,71979,29.2134
17510,P2,BASE,112.35,110.03,194,F,72023,29.2366
17520,P2,BASE,112.20,110.00,194,F,72067,29.2586
17530,P2,BASE,112.05,115.00,188,F,72113,29.2291
17540,P2,BASE,111.90,114.98,188,F,72159,29.1983
17550,P2,BASE,111.75,115.00,188,F,72205,29.1658
17560,P2,BASE,111.60,110.03,193,F,72249,29.1815
17570,P2,BASE,111.45,112.47,190,F,72294,29.1713
17580,P2,BASE,111.30,110.03,192,F,72338,29.1840
17590,P2,BASE,111.15,107.49,195,F,72381,29.2206
17600,P2,BASE,111.00,110.00,192,F,72425,29.2306
17610,P2,BASE,110.85,109.99,192,F,72469,29.2392
17620,P2,BASE,110.70,112.48,190,F,72514,29.2214
17630,P2,BASE,110.55,112.55,189,F,72559,29.2015
17640,P2,BASE,110.40,112.49,189,F,72604,29.1806
17650,P2,BASE,110.25,112.50,189,F,72649,29.1581
17660,P2,BASE,110.10,114.97,186,F,72695,29.1094
17670,P2,BASE,109.95,112.52,188,F,72740,29.0837
17680,P2,BASE,109.80,115.02,185,F,72786,29.0315
17690,P2,BASE,109.65,112.49,187,F,72831,29.0031
17700,P2,BASE,109.50,110.00,189,F,72875,28.9981
17710,P2,BASE,109.35,109.97,189,F,72919,28.9919
17720,P2,BASE,109.20,110.03,189,F,72963,28.9836
17730,P2,BASE,109.05,107.50,192,F,73006,28.9991
17740,P2,BASE,108.90,109.99,189,F,73050,28.9882
17750,P2,BASE,108.75,112.50,186,F,73095,28.9507
17760,P2,BASE,108.60,114.98,183,F,73141,28.8869
17770,P2,BASE,108.45,120.04,177,F,73189,28.7711
17780,P2,BASE,108.30,110.01,187,F,73233,28.7540
17790,P2,BASE,108.15,104.98,192,F,73275,28.7857
17800,P2,BASE,108.00,102.51,195,F,73316,28.8406
17810,P2,BASE,107.85,104.97,192,F,73358,28.8694
17820,P2,BASE,107.70,112.51,184,F,73403,28.8213
17830,P2,BASE,107.55,112.44,183,F,73448,28.7723
17840,P2,BASE,107.40,112.57,183,F,73493,28.7207
17850,P2,BASE,107.25,109.98,185,F,73537,28.6934
17860,P2,BASE,107.10,110.01,185,F,73581,28.6643
17870,P2,BASE,106.95,110.00,184,F,73625,28.6338
17880,P2,BASE,106.80,107.50,187,F,73668,28.6268
17890,P2,BASE,106.65,107.52,187,F,73711,28.6180
17900,P2,BASE,106.50,107.49,186,F,73754,28.6082
17910,P2,BASE,106.35,107.50,186,F,73797,28.5967
17920,P2,BASE,106.20,104.99,189,F,73839,28.6088
17930,P2,BASE,106.05,107.52,186,F,73882,28.5940
17940,P2,BASE,105.90,107.49,186,F,73925,28.5781
17950,P2,BASE,105.75,110.02,183,F,73969,28.5354
17960,P2,BASE,105.60,107.50,185,F,74012,28.5164
17970,P2,BASE,105.45,105.00,187,F,74054,28.5209
17980,P2,BASE,105.30,104.97,187,F,74096,28.5242
17990,P2,BASE,105.15,105.00,187,F,74138,28.5257
18000,P2,BASE,105.00,102.49,190,F,74179,28.5508
18010,P2,BASE,104.85,102.51,190,F,74220,28.5742
18020,P2,BASE,104.70,105.03,187,F,74262,28.5709
18030,P2,BASE,104.55,104.98,187,F,74304,28.5666
18040,P2,BASE,104.40,100.02,192,F,74344,28.6104
18050,P2,BASE,104.25,107.47,184,F,74387,28.5783
18060,P2,BASE,104.10,102.51,189,F,74428,28.5942
18070,P2,BASE,103.95,102.48,189,F,74469,28.6089
18080,P2,BASE,103.80,105.03,186,F,74511,28.5965
18090,P2,BASE,103.65,109.99,180,F,74555,28.5332
18100,P2,BASE,103.50,104.98,185,F,74597,28.5184
18110,P2,BASE,103.35,102.53,188,F,74638,28.5266
18120,P2,BASE,103.20,107.46,182,F,74681,28.4840
18130,P2,BASE,103.05,100.03,190,F,74721,28.5142
18140,P2,BASE,102.90,100.00,190,F,74761,28.5432
18150,P2,BASE,102.75,102.50,187,F,74802,28.5457
18160,P2,BASE,102.60,102.49,187,F,74843,28.5468
18170,P2,BASE,102.45,102.52,187,F,74884,28.5461
18180,P2,BASE,102.30,102.47,187,F,74925,28.5444
18190,P2,BASE,102.15,107.49,181,F,74968,28.4910
18200,P2,BASE,102.00,100.02,189,F,75008,28.5108
18210,P2,BASE,101.85,105.01,183,F,75050,28.4792
18220,P2,BASE,101.70,107.50,180,F,75093,28.4212
18230,P2,BASE,101.55,105.00,182,F,75135,28.3867
18240,P2,BASE,101.40,105.01,182,F,75177,28.3506
18250,P2,BASE,101.25,104.98,182,F,75219,28.3133
18260,P2,BASE,101.10,102.53,184,F,75260,28.2990
18270,P2,BASE,100.95,102.47,184,F,75301,28.2838
18280,P2,BASE,100.80,97.52,189,F,75340,28.3166
18290,P2,BASE,100.65,102.48,183,F,75381,28.2983
18300,P2,BASE,100.50,100.03,186,F,75421,28.3030
18310,P2,BASE,100.35,102.49,183,F,75462,28.2816
18320,P2,BASE,100.20,102.50,183,F,75503,28.2586
18330,P2,BASE,100.05,107.47,177,F,75546,28.1844
18340,P2,BASE,99.90,110.01,174,F,75590,28.0833
18350,P2,BASE,99.75,102.44,181,F,75631,28.0564
18360,P2,BASE,99.60,95.07,189,F,75669,28.1018
18370,P2,BASE,99.45,95.01,189,F,75707,28.1462
18380,P2,BASE,99.30,97.50,186,F,75746,28.1642
18390,P2,BASE,99.15,102.51,181,F,75787,28.1306
18400,P2,BASE,99.00,102.50,180,F,75828,28.0956
18410,P2,BASE,98.85,104.97,177,F,75870,28.0344
18420,P2,BASE,98.70,102.53,179,F,75911,27.9961
18430,P2,BASE,98.55,99.99,182,F,75951,27.9817
18440,P2,BASE,98.40,102.50,179,F,75992,27.9407
18450,P2,BASE,98.25,99.98,181,F,76032,27.9234
18460,P2,BASE,98.10,100.03,181,F,76072,27.9041
18470,P2,BASE,97.95,99.96,181,F,76112,27.8840
18480,P2,BASE,97.80,97.51,183,F,76151,27.8869
18490,P2,BASE,97.65,100.00,180,F,76191,27.8634
18500,P2,BASE,97.50,97.52,182,F,76230,27.8632
18510,P2,BASE,97.35,97.48,182,F,76269,27.8619
18520,P2,BASE,97.20,100.00,179,F,76309,27.8339
18530,P2,BASE,97.05,100.02,179,F,76349,27.8042
18540,P2,BASE,96.90,97.48,181,F,76388,27.7984
18550,P2,BASE,96.75,97.51,181,F,76427,27.7908
18560,P2,BASE,96.60,97.50,181,F,76466,27.7818
18570,P2,BASE,96.45,95.00,184,F,76504,27.7963
18580,P2,BASE,96.30,95.00,183,F,76542,27.8093
18590,P2,BASE,96.15,92.52,186,F,76579,27.8456
18600,P2,BASE,96.00,94.97,183,F,76617,27.8559
18610,P2,BASE,95.85,95.00,183,F,76655,27.8644
18620,P2,BASE,95.70,97.45,181,F,76694,27.8469
18630,P2,BASE,95.55,92.55,186,F,76731,27.8769
18640,P2,BASE,95.40,95.01,183,F,76769,27.8808
18650,P2,BASE,95.25,95.00,183,F,76807,27.8833
18660,P2,BASE,95.10,94.99,183,F,76845,27.8844
18670,P2,BASE,94.95,95.02,183,F,76883,27.8837
18680,P2,BASE,94.80,94.98,182,F,76921,27.8819
18690,P2,BASE,94.65,97.50,180,F,76960,27.8534
18700,P2,BASE,94.50,97.53,179,F,76999,27.8231
18710,P2,BASE,94.35,94.96,182,F,77037,27.8170
18720,P2,BASE,94.20,97.52,179,F,77076,27.7838
18730,P2,BASE,94.05,89.99,186,F,77112,27.8244
18740,P2,BASE,93.90,92.51,184,F,77149,27.8383
18750,P2,BASE,93.75,95.02,181,F,77187,27.8256
18760,P2,BASE,93.60,89.99,186,F,77223,27.8617
18770,P2,BASE,93.45,94.99,181,F,77261,27.8463
18780,P2,BASE,93.30,95.02,181,F,77299,27.8291
18790,P2,BASE,93.15,92.48,183,F,77336,27.8358
18800,P2,BASE,93.00,97.48,177,F,77375,27.7910
18810,P2,BASE,92.85,92.54,182,F,77412,27.7941
18820,P2,BASE,92.70,94.98,180,F,77450,27.7713
18830,P2,BASE,92.55,97.51,177,F,77489,27.7217
18840,P2,BASE,92.40,94.97,179,F,77527,27.6960
18850,P2,BASE,92.25,97.51,176,F,77566,27.6434
18860,P2,BASE,92.10,95.00,178,F,77604,27.6144
18870,P2,BASE,91.95,92.50,180,F,77641,27.6089
18880,P2,BASE,91.80,95.00,177,F,77679,27.5769
18890,P2,BASE,91.65,92.50,180,F,77716,27.5684
18900,P2,BASE,91.50,90.01,182,F,77752,27.5833
18910,P2,BASE,91.35,94.99,177,F,77790,27.5469
18920,P2,BASE,91.20,90.01,182,F,77826,27.5588
18930,P2,BASE,91.05,92.49,179,F,77863,27.5444
18940,P2,BASE,90.90,95.01,176,F,77901,27.5033
18950,P2,BASE,90.75,97.52,173,F,77940,27.4356
18960,P2,BASE,90.60,104.96,164,F,77982,27.2920
18970,P2,BASE,90.45,90.04,179,F,78018,27.2962
18980,P2,BASE,90.30,89.97,179,F,78054,27.2994
18990,P2,BASE,90.15,92.51,176,F,78091,27.2758
19000,P2,BASE,90.00,80.00,189,F,78123,27.3758
19010,P2,BASE,89.85,92.52,176,F,78160,27.3492
19020,P2,BASE,89.70,95.00,173,F,78198,27.2962
19030,P2,BASE,89.55,94.99,173,F,78236,27.2418
19040,P2,BASE,89.40,94.97,172,F,78274,27.1860
19050,P2,BASE,89.25,95.03,172,F,78312,27.1283
19060,P2,BASE,89.10,92.49,174,F,78349,27.0943
19070,P2,BASE,88.95,95.01,171,F,78387,27.0338
19080,P2,BASE,88.80,92.49,173,F,78424,26.9968
19090,P2,BASE,88.65,92.49,173,F,78461,26.9584
19100,P2,BASE,88.50,92.52,172,F,78498,26.9183
19110,P2,BASE,88.35,90.00,175,F,78534,26.9018
19120,P2,BASE,88.20,92.49,172,F,78571,26.8588
19130,P2,BASE,88.05,90.02,174,F,78607,26.8392
19140,P2,BASE,87.90,92.46,171,F,78644,26.7935
19150,P2,BASE,87.75,90.04,173,F,78680,26.7707
19160,P2,BASE,87.60,92.50,170,F,78717,26.7217
19170,P2,BASE,87.45,92.50,170,F,78754,26.6712
19180,P2,BASE,87.30,89.97,172,F,78790,26.6444
19190,P2,BASE,87.15,90.02,171,F,78826,26.6158
19200,P2,BASE,87.00,89.97,171,F,78862,26.5860
19210,P2,BASE,86.85,87.51,173,F,78897,26.5794
19220,P2,BASE,86.70,87.53,173,F,78932,26.5712
19230,P2,BASE,86.55,84.97,176,F,78966,26.5869
19240,P2,BASE,86.40,87.53,173,F,79001,26.5757
19250,P2,BASE,86.25,84.97,175,F,79035,26.5885
19260,P2,BASE,86.10,85.01,175,F,79069,26.5994
19270,P2,BASE,85.95,87.52,172,F,79104,26.5838
19280,P2,BASE,85.80,84.96,175,F,79138,26.5922
19290,P2,BASE,85.65,85.02,175,F,79172,26.5985
19300,P2,BASE,85.50,85.03,175,F,79206,26.6032
19310,P2,BASE,85.35,84.98,175,F,79240,26.6068
19320,P2,BASE,85.20,84.99,174,F,79274,26.6089
19330,P2,BASE,85.05,85.02,174,F,79308,26.6093
19340,P2,BASE,84.90,87.49,171,F,79343,26.5833
19350,P2,BASE,84.75,87.52,171,F,79378,26.5557
19360,P2,BASE,84.60,84.99,173,F,79412,26.5518
19370,P2,BASE,84.45,84.97,173,F,79446,26.5465
19380,P2,BASE,84.30,85.00,173,F,79480,26.5395
19390,P2,BASE,84.15,82.52,176,F,79513,26.5558
19400,P2,BASE,84.00,82.50,176,F,79546,26.5708
19410,P2,BASE,83.85,82.49,175,F,79579,26.5844
19420,P2,BASE,83.70,80.00,178,F,79611,26.6214
19430,P2,BASE,83.55,85.03,173,F,79645,26.6067
19440,P2,BASE,83.40,82.48,175,F,79678,26.6159
19450,P2,BASE,83.25,84.99,172,F,79712,26.5985
19460,P2,BASE,83.10,82.53,175,F,79745,26.6042
19470,P2,BASE,82.95,84.96,172,F,79779,26.5841
19480,P2,BASE,82.80,80.01,177,F,79811,26.6120
19490,P2,BASE,82.65,85.02,172,F,79845,26.5883
19500,P2,BASE,82.50,85.02,171,F,79879,26.5632
19510,P2,BASE,82.35,82.48,174,F,79912,26.5618
19520,P2,BASE,82.20,87.50,168,F,79947,26.5088
19530,P2,BASE,82.05,85.02,170,F,79981,26.4792
19540,P2,BASE,81.90,82.50,173,F,80014,26.4732
19550,P2,BASE,81.75,82.50,173,F,80047,26.4657
19560,P2,BASE,81.60,84.97,170,F,80081,26.4319
19570,P2,BASE,81.45,80.02,175,F,80113,26.4463
19580,P2,BASE,81.30,82.48,172,F,80146,26.4344
19590,P2,BASE,81.15,82.51,172,F,80179,26.4208
19600,P2,BASE,81.00,79.99,174,F,80211,26.4309
19610,P2,BASE,80.85,82.52,171,F,80244,26.4142
19620,P2,BASE,80.70,82.48,171,F,80277,26.3963
19630,P2,BASE,80.55,82.49,171,F,80310,26.3769
19640,P2,BASE,80.40,84.99,168,F,80344,26.3310
19650,P2,BASE,80.25,97.52,154,F,80383,26.1583
19660,P2,BASE,80.10,80.00,171,F,80415,26.1593
19670,P2,BASE,79.95,82.50,169,F,80448,26.1338
19680,P2,BASE,79.80,80.01,171,F,80480,26.1317
19690,P2,BASE,79.65,77.50,173,F,80511,26.1532
19700,P2,BASE,79.50,75.01,176,F,80541,26.1982
19710,P2,BASE,79.35,82.48,168,F,80574,26.1668
19720,P2,BASE,79.20,85.00,165,F,80608,26.1088
19730,P2,BASE,79.05,85.01,165,F,80642,26.0492
19740,P2,BASE,78.90,84.98,164,F,80676,25.9884
19750,P2,BASE,78.75,82.52,166,F,80709,25.9507
19760,P2,BASE,78.60,82.50,166,F,80742,25.9117
19770,P2,BASE,78.45,84.98,163,F,80776,25.8463
19780,P2,BASE,78.30,85.00,162,F,80810,25.7793
19790,P2,BASE,78.15,82.49,164,F,80843,25.7359
19800,P2,BASE,78.00,82.50,164,F,80876,25.6909
19810,P2,BASE,77.85,82.52,163,F,80909,25.6443
19820,P2,BASE,77.70,82.49,163,F,80942,25.5963
19830,P2,BASE,77.55,82.50,162,F,80975,25.5468
19840,P2,BASE,77.40,80.01,164,F,81007,25.5208
19850,P2,BASE,77.25,82.50,161,F,81040,25.4683
19860,P2,BASE,77.10,82.48,161,F,81073,25.4144
19870,P2,BASE,76.95,82.49,160,F,81106,25.3590
19880,P2,BASE,76.80,80.02,163,F,81138,25.3268
19890,P2,BASE,76.65,82.50,160,F,81171,25.2683
19900,P2,BASE,76.50,82.51,159,F,81204,25.2083
19910,P2,BASE,76.35,80.01,161,F,81236,25.1717
19920,P2,BASE,76.20,79.98,161,F,81268,25.1338
19930,P2,BASE,76.05,80.02,160,F,81300,25.0942
19940,P2,BASE,75.90,77.48,163,F,81331,25.0784
19950,P2,BASE,75.75,77.50,162,F,81362,25.0609
19960,P2,BASE,75.60,77.50,162,F,81393,25.0419
19970,P2,BASE,75.45,77.49,162,F,81424,25.0215
19980,P2,BASE,75.30,77.53,161,F,81455,24.9992
19990,P2,BASE,75.15,77.48,161,F,81486,24.9758
20000,P2,BASE,75.00,77.50,161,F,81517,24.9508
20010,P2,BASE,74.85,74.99,163,F,81547,24.9495
20020,P2,BASE,74.70,80.02,158,F,81579,24.8963
20030,P2,BASE,74.55,75.00,163,F,81609,24.8918
20040,P2,BASE,74.40,77.49,160,F,81640,24.8609
20050,P2,BASE,74.25,77.52,159,F,81671,24.8282
20060,P2,BASE,74.10,77.50,159,F,81702,24.7942
20070,P2,BASE,73.95,77.48,159,F,81733,24.7589
20080,P2,BASE,73.80,77.52,158,F,81764,24.7217
20090,P2,BASE,73.65,80.00,155,F,81796,24.6582
20100,P2,BASE,73.50,74.99,160,F,81826,24.6433
20110,P2,BASE,73.35,77.50,157,F,81857,24.6018
20120,P2,BASE,73.20,75.01,159,F,81887,24.5837
20130,P2,BASE,73.05,74.99,159,F,81917,24.5643
20140,P2,BASE,72.90,72.50,161,F,81946,24.5683
20150,P2,BASE,72.75,75.00,158,F,81976,24.5458
20160,P2,BASE,72.60,72.50,161,F,82005,24.5468
20170,P2,BASE,72.45,74.99,158,F,82035,24.5214
20180,P2,BASE,72.30,72.52,160,F,82064,24.5192
20190,P2,BASE,72.15,74.98,157,F,82094,24.4909
20200,P2,BASE,72.00,74.99,157,F,82124,24.4610
20210,P2,BASE,71.85,75.01,157,F,82154,24.4294
20220,P2,BASE,71.70,72.52,159,F,82183,24.4212
20230,P2,BASE,71.55,72.49,159,F,82212,24.4118
20240,P2,BASE,71.40,72.51,159,F,82241,24.4007
20250,P2,BASE,71.25,77.48,153,F,82272,24.3384
20260,P2,BASE,71.10,72.51,158,F,82301,24.3243
20270,P2,BASE,70.95,72.50,158,F,82330,24.3088
20280,P2,BASE,70.80,75.00,155,F,82360,24.2668
20290,P2,BASE,70.65,74.99,154,F,82390,24.2234
20300,P2,BASE,70.50,72.50,156,F,82419,24.2034
20310,P2,BASE,70.35,72.49,156,F,82448,24.1819
20320,P2,BASE,70.20,72.51,156,F,82477,24.1589
20330,P2,BASE,70.05,70.01,158,F,82505,24.1593
20340,P2,BASE,69.90,69.99,158,F,82533,24.1584
20350,P2,BASE,69.75,69.99,158,F,82561,24.1559
20360,P2,BASE,69.60,70.01,158,F,82589,24.1518
20370,P2,BASE,69.45,69.99,158,F,82617,24.1464
20380,P2,BASE,69.30,72.49,155,F,82646,24.1144
20390,P2,BASE,69.15,70.02,157,F,82674,24.1057
20400,P2,BASE,69.00,72.50,154,F,82703,24.0707
20410,P2,BASE,68.85,72.49,154,F,82732,24.0344
20420,P2,BASE,68.70,82.50,142,F,82765,23.8964
20430,P2,BASE,68.55,77.52,147,F,82796,23.8067
20440,P2,BASE,68.40,67.47,157,F,82823,23.8160
20450,P2,BASE,68.25,70.01,154,F,82851,23.7983
20460,P2,BASE,68.10,70.00,154,F,82879,23.7793
20470,P2,BASE,67.95,62.50,162,F,82904,23.8338
20480,P2,BASE,67.80,67.49,156,F,82931,23.8370
20490,P2,BASE,67.65,72.52,151,F,82960,23.7883
20500,P2,BASE,67.50,70.00,153,F,82988,23.7633
20510,P2,BASE,67.35,75.01,147,F,83018,23.6867
20520,P2,BASE,67.20,70.00,152,F,83046,23.6587
20530,P2,BASE,67.05,72.49,149,F,83075,23.6043
20540,P2,BASE,66.90,70.01,151,F,83103,23.5732
20550,P2,BASE,66.75,72.50,148,F,83132,23.5157
20560,P2,BASE,66.60,69.99,150,F,83160,23.4818
20570,P2,BASE,66.45,70.01,150,F,83188,23.4463
20580,P2,BASE,66.30,69.99,149,F,83216,23.4093
20590,P2,BASE,66.15,70.01,149,F,83244,23.3708
20600,P2,BASE,66.00,70.01,149,F,83272,23.3307
20610,P2,BASE,65.85,70.00,148,F,83300,23.2892
20620,P2,BASE,65.70,67.49,151,F,83327,23.2713
20630,P2,BASE,65.55,67.50,150,F,83354,23.2518
20640,P2,BASE,65.40,67.51,150,F,83381,23.2307
20650,P2,BASE,65.25,67.47,150,F,83408,23.2085
20660,P2,BASE,65.10,67.47,149,F,83435,23.1848
20670,P2,BASE,64.95,65.05,152,F,83461,23.1838
20680,P2,BASE,64.80,67.51,149,F,83488,23.1567
20690,P2,BASE,64.65,67.49,149,F,83515,23.1283
20700,P2,BASE,64.50,65.00,151,F,83541,23.1233
20710,P2,BASE,64.35,67.50,148,F,83568,23.0918
20720,P2,BASE,64.20,67.49,148,F,83595,23.0588
20730,P2,BASE,64.05,64.99,150,F,83621,23.0495
20740,P2,BASE,63.90,65.02,150,F,83647,23.0383
20750,P2,BASE,63.75,64.99,149,F,83673,23.0258
20760,P2,BASE,63.60,62.49,152,F,83698,23.0369
20770,P2,BASE,63.45,65.01,149,F,83724,23.0213
20780,P2,BASE,63.30,60.01,154,F,83748,23.0542
20790,P2,BASE,63.15,62.49,152,F,83773,23.0608
20800,P2,BASE,63.00,65.01,149,F,83799,23.0407
20810,P2,BASE,62.85,60.00,154,F,83823,23.0692
20820,P2,BASE,62.70,64.97,149,F,83849,23.0465
20830,P2,BASE,62.55,62.50,151,F,83874,23.0470
20840,P2,BASE,62.40,62.51,151,F,83899,23.0459
20850,P2,BASE,62.25,62.51,151,F,83924,23.0433
20860,P2,BASE,62.10,62.49,150,F,83949,23.0394
20870,P2,BASE,61.95,62.51,150,F,83974,23.0338
20880,P2,BASE,61.80,62.51,150,F,83999,23.0268
20890,P2,BASE,61.65,62.49,150,F,84024,23.0183
20900,P2,BASE,61.50,62.51,150,F,84049,23.0083
20910,P2,BASE,61.35,62.50,149,F,84074,22.9968
20920,P2,BASE,61.20,62.51,149,F,84099,22.9837
20930,P2,BASE,61.05,62.49,149,F,84124,22.9693
20940,P2,BASE,60.90,64.99,146,F,84150,22.9283
20950,P2,BASE,60.75,62.50,148,F,84175,22.9108
20960,P2,BASE,60.60,64.99,145,F,84201,22.8669
20970,P2,BASE,60.45,60.00,150,F,84225,22.8714
20980,P2,BASE,60.30,62.50,147,F,84250,22.8494
20990,P2,BASE,60.15,62.51,147,F,84275,22.8258
21000,P2,BASE,60.00,59.99,149,F,84299,22.8260
21010,P2,BASE,59.85,62.51,147,F,84324,22.7994
21020,P2,BASE,59.70,57.51,152,F,84347,22.8213
21030,P2,BASE,59.55,62.49,146,F,84372,22.7919
21040,P2,BASE,59.40,57.51,151,F,84395,22.8107
21050,P2,BASE,59.25,59.98,149,F,84419,22.8034
21060,P2,BASE,59.10,60.01,148,F,84443,22.7944
21070,P2,BASE,58.95,60.01,148,F,84467,22.7837
21080,P2,BASE,58.80,59.98,148,F,84491,22.7719
21090,P2,BASE,58.65,60.02,148,F,84515,22.7582
21100,P2,BASE,58.50,59.99,147,F,84539,22.7434
21110,P2,BASE,58.35,60.01,147,F,84563,22.7267
21120,P2,BASE,58.20,57.48,150,F,84586,22.7340
21130,P2,BASE,58.05,60.00,147,F,84610,22.7145
21140,P2,BASE,57.90,57.51,149,F,84633,22.7184
21150,P2,BASE,57.75,60.01,146,F,84657,22.6958
21160,P2,BASE,57.60,59.99,146,F,84681,22.6719
21170,P2,BASE,57.45,57.51,148,F,84704,22.6713
21180,P2,BASE,57.30,59.96,146,F,84728,22.6447
21190,P2,BASE,57.15,60.02,145,F,84752,22.6160
21200,P2,BASE,57.00,57.50,147,F,84775,22.6110
21210,P2,BASE,56.85,57.52,147,F,84798,22.6042
21220,P2,BASE,56.70,57.50,147,F,84821,22.5962
21230,P2,BASE,56.55,57.50,147,F,84844,22.5867
21240,P2,BASE,56.40,57.48,147,F,84867,22.5760
21250,P2,BASE,56.25,57.50,146,F,84890,22.5635
21260,P2,BASE,56.10,55.01,149,F,84912,22.5744
21270,P2,BASE,55.95,57.50,146,F,84935,22.5589
21280,P2,BASE,55.80,55.02,149,F,84957,22.5668
21290,P2,BASE,55.65,57.50,146,F,84980,22.5483
21300,P2,BASE,55.50,55.00,148,F,85002,22.5533
21310,P2,BASE,55.35,57.49,145,F,85025,22.5319
21320,P2,BASE,55.20,57.50,145,F,85048,22.5089
21330,P2,BASE,55.05,57.51,145,F,85071,22.4843
21340,P2,BASE,54.90,57.50,144,F,85094,22.4583
21350,P2,BASE,54.75,57.51,144,F,85117,22.4308
21360,P2,BASE,54.60,57.50,144,F,85140,22.4018
21370,P2,BASE,54.45,72.49,127,F,85169,22.2213
21380,P2,BASE,54.30,60.01,139,F,85193,22.1643
21390,P2,BASE,54.15,55.00,144,F,85215,22.1558
21400,P2,BASE,54.00,54.98,144,F,85237,22.1460
21410,P2,BASE,53.85,57.52,141,F,85260,22.1093
21420,P2,BASE,53.70,54.98,143,F,85282,22.0964
21430,P2,BASE,53.55,47.50,151,F,85301,22.1569
21440,P2,BASE,53.40,54.99,143,F,85323,22.1409
21450,P2,BASE,53.25,60.02,138,F,85347,22.0733
21460,P2,BASE,53.10,59.99,137,F,85371,22.0044
21470,P2,BASE,52.95,55.01,142,F,85393,21.9838
21480,P2,BASE,52.80,59.99,136,F,85417,21.9118
21490,P2,BASE,52.65,55.01,141,F,85439,21.8883
21500,P2,BASE,52.50,57.50,138,F,85462,21.8383
21510,P2,BASE,52.35,57.49,137,F,85485,21.7869
21520,P2,BASE,52.20,57.51,137,F,85508,21.7338
21530,P2,BASE,52.05,54.99,139,F,85530,21.7044
21540,P2,BASE,51.90,57.51,136,F,85553,21.6484
21550,P2,BASE,51.75,54.99,138,F,85575,21.6159
21560,P2,BASE,51.60,57.52,135,F,85598,21.5568
21570,P2,BASE,51.45,54.99,137,F,85620,21.5214
21580,P2,BASE,51.30,55.00,137,F,85642,21.4844
21590,P2,BASE,51.15,54.99,136,F,85664,21.4460
21600,P2,BASE,51.00,52.52,139,F,85685,21.4308
21610,P2,BASE,50.85,54.99,136,F,85707,21.3894
21620,P2,BASE,50.70,52.50,138,F,85728,21.3714
21630,P2,BASE,50.55,52.52,138,F,85749,21.3518
21640,P2,BASE,50.40,52.49,137,F,85770,21.3308
21650,P2,BASE,50.25,52.49,137,F,85791,21.3084
21660,P2,BASE,50.10,50.01,140,F,85811,21.3093
21670,P2,BASE,49.95,52.51,137,F,85832,21.2838
21680,P2,BASE,49.80,49.99,139,F,85852,21.2818
21690,P2,BASE,49.65,52.50,136,F,85873,21.2533
21700,P2,BASE,49.50,49.99,139,F,85893,21.2484
21710,P2,BASE,49.35,49.99,138,F,85913,21.2420
21720,P2,BASE,49.20,52.52,135,F,85934,21.2088
21730,P2,BASE,49.05,49.99,138,F,85954,21.1993
21740,P2,BASE,48.90,50.00,138,F,85974,21.1883
21750,P2,BASE,48.75,50.00,137,F,85994,21.1758
21760,P2,BASE,48.60,49.99,137,F,86014,21.1619
21770,P2,BASE,48.45,47.51,140,F,86033,21.1713
21780,P2,BASE,48.30,47.49,139,F,86052,21.1794
21790,P2,BASE,48.15,50.02,137,F,86072,21.1608
21800,P2,BASE,48.00,47.49,139,F,86091,21.1659
21810,P2,BASE,47.85,47.50,139,F,86110,21.1694
21820,P2,BASE,47.70,47.50,139,F,86129,21.1714
21830,P2,BASE,47.55,47.50,139,F,86148,21.1719
21840,P2,BASE,47.40,47.50,138,F,86167,21.1709
21850,P2,BASE,47.25,47.50,138,F,86186,21.1683
21860,P2,BASE,47.10,47.49,138,F,86205,21.1644
21870,P2,BASE,46.95,45.00,141,F,86223,21.1839
21880,P2,BASE,46.80,50.01,135,F,86243,21.1518
21890,P2,BASE,46.65,47.49,138,F,86262,21.1434
21900,P2,BASE,46.50,47.50,137,F,86281,21.1335
21910,P2,BASE,46.35,47.51,137,F,86300,21.1219
21920,P2,BASE,46.20,47.50,137,F,86319,21.1089
21930,P2,BASE,46.05,45.00,139,F,86337,21.1194
21940,P2,BASE,45.90,50.00,134,F,86357,21.0784
21950,P2,BASE,45.75,47.50,136,F,86376,21.0609
21960,P2,BASE,45.60,47.49,136,F,86395,21.0420
21970,P2,BASE,45.45,47.50,135,F,86414,21.0214
21980,P2,BASE,45.30,47.51,135,F,86433,20.9993
21990,P2,BASE,45.15,44.99,138,F,86451,21.0009
22000,P2,BASE,45.00,47.50,135,F,86470,20.9759
22010,P2,BASE,44.85,47.51,134,F,86489,20.9493
22020,P2,BASE,44.70,47.49,134,F,86508,20.9214
22030,P2,BASE,44.55,47.50,134,F,86527,20.8919
22040,P2,BASE,44.40,49.98,131,F,86547,20.8361
22050,P2,BASE,44.25,47.51,133,F,86566,20.8035
22060,P2,BASE,44.10,47.51,132,F,86585,20.7693
22070,P2,BASE,43.95,47.49,132,F,86604,20.7339
22080,P2,BASE,43.80,45.00,134,F,86622,20.7219
22090,P2,BASE,43.65,47.49,131,F,86641,20.6836
22100,P2,BASE,43.50,45.03,134,F,86659,20.6683
22110,P2,BASE,43.35,47.50,131,F,86678,20.6268
22120,P2,BASE,43.20,44.99,133,F,86696,20.6089
22130,P2,BASE,43.05,42.50,135,F,86713,20.6144
22140,P2,BASE,42.90,45.00,133,F,86731,20.5933
22150,P2,BASE,42.75,45.00,132,F,86749,20.5708
22160,P2,BASE,42.60,44.99,132,F,86767,20.5469
22170,P2,BASE,42.45,42.50,134,F,86784,20.5464
22180,P2,BASE,42.30,42.51,134,F,86801,20.5443
22190,P2,BASE,42.15,42.48,134,F,86818,20.5410
22200,P2,BASE,42.00,45.00,131,F,86836,20.5109
22210,P2,BASE,41.85,42.50,134,F,86853,20.5044
22220,P2,BASE,41.70,42.50,133,F,86870,20.4964
22230,P2,BASE,41.55,45.00,130,F,86888,20.4619
22240,P2,BASE,41.40,42.50,133,F,86905,20.4509
22250,P2,BASE,41.25,40.01,135,F,86921,20.4633
22260,P2,BASE,41.10,40.00,135,F,86937,20.4743
22270,P2,BASE,40.95,44.99,130,F,86955,20.4339
22280,P2,BASE,40.80,40.01,135,F,86971,20.4418
22290,P2,BASE,40.65,39.98,134,F,86987,20.4485
22300,P2,BASE,40.50,40.02,134,F,87003,20.4533
22310,P2,BASE,40.35,39.99,134,F,87019,20.4569
22320,P2,BASE,40.20,40.00,134,F,87035,20.4589
22330,P2,BASE,40.05,40.00,134,F,87051,20.4594
22340,P2,BASE,39.90,42.50,131,F,87068,20.4334
22350,P2,BASE,39.75,40.00,133,F,87084,20.4309
22360,P2,BASE,39.60,37.49,136,F,87099,20.4520
22370,P2,BASE,39.45,40.01,133,F,87115,20.4464
22380,P2,BASE,39.30,39.99,133,F,87131,20.4395
22390,P2,BASE,39.15,40.01,133,F,87147,20.4308
22400,P2,BASE,39.00,40.00,133,F,87163,20.4208
22410,P2,BASE,38.85,40.00,132,F,87179,20.4093
22420,P2,BASE,38.70,37.50,135,F,87194,20.4213
22430,P2,BASE,38.55,40.00,132,F,87210,20.4068
22440,P2,BASE,38.40,34.99,137,F,87224,20.4409
22450,P2,BASE,38.25,40.01,132,F,87240,20.4233
22460,P2,BASE,38.10,37.50,134,F,87255,20.4293
22470,P2,BASE,37.95,39.99,131,F,87271,20.4090
22480,P2,BASE,37.80,37.50,134,F,87286,20.4119
22490,P2,BASE,37.65,37.51,134,F,87301,20.4133
22500,P2,BASE,37.50,37.50,134,F,87316,20.4133
22510,P2,BASE,37.35,37.49,133,F,87331,20.4119
22520,P2,BASE,37.20,37.50,133,F,87346,20.4089
22530,P2,BASE,37.05,40.00,130,F,87362,20.3795
22540,P2,BASE,36.90,37.51,133,F,87377,20.3733
22550,P2,BASE,36.75,39.99,130,F,87393,20.3409
22560,P2,BASE,36.60,37.50,132,F,87408,20.3319
22570,P2,BASE,36.45,40.00,129,F,87424,20.2964
22580,P2,BASE,36.30,37.50,132,F,87439,20.2844
22590,P2,BASE,36.15,40.00,129,F,87455,20.2459
22600,P2,BASE,36.00,40.00,128,F,87471,20.2059
22610,P2,BASE,35.85,40.00,128,F,87487,20.1644
22620,P2,BASE,35.70,37.51,130,F,87502,20.1463
22630,P2,BASE,35.55,39.99,127,F,87518,20.1019
22640,P2,BASE,35.40,40.01,127,F,87534,20.0558
22650,P2,BASE,35.25,52.49,113,F,87555,19.8834
22660,P2,BASE,35.10,45.00,119,F,87573,19.7845
22670,P2,BASE,34.95,40.01,124,F,87589,19.7338
22680,P2,BASE,34.80,35.00,129,F,87603,19.7319
22690,P2,BASE,34.65,39.99,123,F,87619,19.6784
22700,P2,BASE,34.50,37.50,125,F,87634,19.6484
22710,P2,BASE,34.35,37.51,125,F,87649,19.6169
22720,P2,BASE,34.20,37.50,125,F,87664,19.5838
22730,P2,BASE,34.05,35.00,127,F,87678,19.5743
22740,P2,BASE,33.90,29.99,132,F,87690,19.6134
22750,P2,BASE,33.75,37.50,124,F,87705,19.5759
22760,P2,BASE,33.60,40.00,121,F,87721,19.5119
22770,P2,BASE,33.45,37.50,123,F,87736,19.4714
22780,P2,BASE,33.30,40.01,120,F,87752,19.4043
22790,P2,BASE,33.15,37.49,122,F,87767,19.3610
22800,P2,BASE,33.00,37.51,122,F,87782,19.3158
22810,P2,BASE,32.85,37.50,121,F,87797,19.2693
22820,P2,BASE,32.70,40.00,118,F,87813,19.1963
22830,P2,BASE,32.55,35.00,123,F,87827,19.1718
22840,P2,BASE,32.40,37.50,120,F,87842,19.1208
22850,P2,BASE,32.25,37.50,119,F,87857,19.0683
22860,P2,BASE,32.10,37.50,119,F,87872,19.0143
22870,P2,BASE,31.95,35.00,121,F,87886,18.9838
22880,P2,BASE,31.80,34.99,121,F,87900,18.9520
22890,P2,BASE,31.65,37.50,118,F,87915,18.8934
22900,P2,BASE,31.50,35.00,120,F,87929,18.8584
22910,P2,BASE,31.35,32.50,122,F,87942,18.8469
22920,P2,BASE,31.20,35.00,119,F,87956,18.8089
22930,P2,BASE,31.05,34.99,119,F,87970,18.7694
22940,P2,BASE,30.90,35.00,118,F,87984,18.7284
22950,P2,BASE,30.75,32.50,121,F,87997,18.7109
22960,P2,BASE,30.60,35.00,118,F,88011,18.6669
22970,P2,BASE,30.45,32.50,120,F,88024,18.6464
22980,P2,BASE,30.30,32.50,120,F,88037,18.6244
22990,P2,BASE,30.15,32.51,119,F,88050,18.6008
23000,P2,BASE,30.00,32.50,119,F,88063,18.5759
23010,P2,BASE,29.85,30.00,121,F,88075,18.5744
23020,P2,BASE,29.70,30.00,121,F,88087,18.5714
23030,P2,BASE,29.55,32.50,118,F,88100,18.5419
23040,P2,BASE,29.40,30.01,121,F,88112,18.5358
23050,P2,BASE,29.25,30.00,120,F,88124,18.5283
23060,P2,BASE,29.10,27.49,123,F,88135,18.5444
23070,P2,BASE,28.95,30.01,120,F,88147,18.5338
23080,P2,BASE,28.80,30.00,120,F,88159,18.5219
23090,P2,BASE,28.65,30.00,120,F,88171,18.5084
23100,P2,BASE,28.50,27.50,122,F,88182,18.5183
23110,P2,BASE,28.35,27.49,122,F,88193,18.5269
23120,P2,BASE,28.20,27.51,122,F,88204,18.5338
23130,P2,BASE,28.05,27.50,122,F,88215,18.5394
23140,P2,BASE,27.90,27.50,122,F,88226,18.5433
23150,P2,BASE,27.75,27.50,122,F,88237,18.5459
23160,P2,BASE,27.60,27.50,121,F,88248,18.5468
23170,P2,BASE,27.45,27.50,121,F,88259,18.5463
23180,P2,BASE,27.30,27.49,121,F,88270,18.5444
23190,P2,BASE,27.15,25.01,124,F,88280,18.5658
23200,P2,BASE,27.00,27.50,121,F,88291,18.5609
23210,P2,BASE,26.85,27.50,121,F,88302,18.5544
23220,P2,BASE,26.70,25.00,123,F,88312,18.5713
23230,P2,BASE,26.55,25.00,123,F,88322,18.5868
23240,P2,BASE,26.40,24.99,123,F,88332,18.6009
23250,P2,BASE,26.25,27.51,120,F,88343,18.5884
23260,P2,BASE,26.10,25.00,123,F,88353,18.5994
23270,P2,BASE,25.95,25.00,123,F,88363,18.6089
23280,P2,BASE,25.80,25.00,123,F,88373,18.6169
23290,P2,BASE,25.65,25.01,122,F,88383,18.6233
23300,P2,BASE,25.50,25.00,122,F,88393,18.6283
23310,P2,BASE,25.35,24.99,122,F,88403,18.6319
23320,P2,BASE,25.20,25.00,122,F,88413,18.6339
23330,P2,BASE,25.05,25.00,122,F,88423,18.6344
23340,P2,BASE,24.90,22.50,124,F,88432,18.6584
23350,P2,BASE,24.75,25.00,122,F,88442,18.6559
23360,P2,BASE,24.60,24.99,122,F,88452,18.6520
23370,P2,BASE,24.45,22.51,124,F,88461,18.6714
23380,P2,BASE,24.30,25.00,121,F,88471,18.6644
23390,P2,BASE,24.15,27.51,118,F,88482,18.6308
23400,P2,BASE,24.00,22.50,123,F,88491,18.6458
23410,P2,BASE,23.85,22.49,123,F,88500,18.6594
23420,P2,BASE,23.70,25.01,121,F,88510,18.6463
23430,P2,BASE,23.55,25.00,120,F,88520,18.6318
23440,P2,BASE,23.40,22.50,123,F,88529,18.6409
23450,P2,BASE,23.25,25.00,120,F,88539,18.6234
23460,P2,BASE,23.10,22.50,122,F,88548,18.6293
23470,P2,BASE,22.95,25.00,120,F,88558,18.6089
23480,P2,BASE,22.80,25.00,119,F,88568,18.5868
23490,P2,BASE,22.65,24.99,119,F,88578,18.5634
23500,P2,BASE,22.50,22.50,121,F,88587,18.5634
23510,P2,BASE,22.35,25.01,119,F,88597,18.5368
23520,P2,BASE,22.20,25.00,118,F,88607,18.5088
23530,P2,BASE,22.05,22.50,121,F,88616,18.5043
23540,P2,BASE,21.90,25.00,118,F,88626,18.4734
23550,P2,BASE,21.75,25.00,117,F,88636,18.4409
23560,P2,BASE,21.60,25.01,117,F,88646,18.4068
23570,P2,BASE,21.45,25.00,117,F,88656,18.3714
23580,P2,BASE,21.30,22.50,119,F,88665,18.3593
23590,P2,BASE,21.15,24.99,116,F,88675,18.3209
23600,P2,BASE,21.00,25.00,115,F,88685,18.2809
23610,P2,BASE,20.85,25.00,115,F,88695,18.2394
23620,P2,BASE,20.70,22.50,117,F,88704,18.2214
23630,P2,BASE,20.55,22.50,117,F,88713,18.2019
23640,P2,BASE,20.40,22.50,117,F,88722,18.1809
23650,P2,BASE,20.25,22.50,116,F,88731,18.1583
23660,P2,BASE,20.10,25.00,113,F,88741,18.1094
23670,P2,BASE,19.95,22.50,116,F,88750,18.0839
23680,P2,BASE,19.80,22.51,115,F,88759,18.0568
23690,P2,BASE,19.65,25.00,112,F,88769,18.0033
23700,P2,BASE,19.50,22.50,114,F,88778,17.9734
23710,P2,BASE,19.35,22.50,114,F,88787,17.9418
23720,P2,BASE,19.20,20.00,116,F,88795,17.9339
23730,P2,BASE,19.05,22.50,114,F,88804,17.8994
23740,P2,BASE,18.90,22.50,113,F,88813,17.8633
23750,P2,BASE,18.75,22.50,113,F,88822,17.8258
23760,P2,BASE,18.60,20.00,115,F,88830,17.8118
23770,P2,BASE,18.45,22.50,112,F,88839,17.7714
23780,P2,BASE,18.30,20.00,114,F,88847,17.7544
23790,P2,BASE,18.15,22.50,111,F,88856,17.7109
23800,P2,BASE,18.00,20.00,114,F,88864,17.6909
23810,P2,BASE,17.85,20.00,113,F,88872,17.6694
23820,P2,BASE,17.70,22.50,110,F,88881,17.6214
23830,P2,BASE,17.55,20.00,113,F,88889,17.5969
23840,P2,BASE,17.40,22.51,110,F,88898,17.5459
23850,P2,BASE,17.25,20.00,112,F,88906,17.5183
23860,P2,BASE,17.10,20.00,111,F,88914,17.4893
23870,P2,BASE,16.95,20.00,111,F,88922,17.4588
23880,P2,BASE,16.80,20.00,111,F,88930,17.4268
23890,P2,BASE,16.65,20.00,110,F,88938,17.3933
23900,P2,BASE,16.50,20.00,110,F,88946,17.3583
23910,P2,BASE,16.35,20.00,110,F,88954,17.3219
23920,P2,BASE,16.20,20.00,109,F,88962,17.2839
23930,P2,BASE,16.05,20.00,109,F,88970,17.2444
23940,P2,BASE,15.90,17.50,111,F,88977,17.2284
23950,P2,BASE,15.75,20.00,108,F,88985,17.1859
23960,P2,BASE,15.60,20.00,108,F,88993,17.1419
23970,P2,BASE,15.45,17.50,110,F,89000,17.1214
23980,P2,BASE,15.30,17.50,110,F,89007,17.0994
23990,P2,BASE,15.15,17.50,109,F,89014,17.0759
24000,P2,BASE,15.00,17.50,109,F,89021,17.0509
24010,P2,BASE,14.85,17.50,109,F,89028,17.0244
24020,P2,BASE,14.70,17.50,108,F,89035,16.9964
24030,P2,BASE,14.55,15.00,111,F,89041,16.9919
24040,P2,BASE,14.40,20.00,105,F,89049,16.9359
24050,P2,BASE,14.25,15.00,110,F,89055,16.9284
24060,P2,BASE,14.10,17.51,107,F,89062,16.8944
24070,P2,BASE,13.95,15.00,109,F,89068,16.8839
24080,P2,BASE,13.80,17.50,106,F,89075,16.8468
24090,P2,BASE,13.65,15.00,109,F,89081,16.8333
24100,P2,BASE,13.50,15.00,108,F,89087,16.8183
24110,P2,BASE,13.35,15.00,108,F,89093,16.8019
24120,P2,BASE,13.20,12.50,111,F,89098,16.8089
24130,P2,BASE,13.05,15.00,108,F,89104,16.7894
24140,P2,BASE,12.90,15.00,107,F,89110,16.7684
24150,P2,BASE,12.75,15.00,107,F,89116,16.7459
24160,P2,BASE,12.60,12.50,110,F,89121,16.7469
24170,P2,BASE,12.45,15.00,107,F,89127,16.7214
24180,P2,BASE,12.30,12.50,109,F,89132,16.7194
24190,P2,BASE,12.15,12.50,109,F,89137,16.7159
24200,P2,BASE,12.00,15.00,106,F,89143,16.6859
24210,P2,BASE,11.85,12.50,108,F,89148,16.6794
24220,P2,BASE,11.70,12.50,108,F,89153,16.6714
24230,P2,BASE,11.55,12.50,108,F,89158,16.6619
24240,P2,BASE,11.40,12.50,108,F,89163,16.6509
24250,P2,BASE,11.25,12.50,108,F,89168,16.6384
24260,P2,BASE,11.10,12.50,107,F,89173,16.6244
24270,P2,BASE,10.95,10.00,110,F,89177,16.6339
24280,P2,BASE,10.80,12.50,107,F,89182,16.6169
24290,P2,BASE,10.65,12.50,107,F,89187,16.5984
24300,P2,BASE,10.50,10.00,109,F,89191,16.6034
24310,P2,BASE,10.35,10.00,109,F,89195,16.6069
24320,P2,BASE,10.20,10.00,109,F,89199,16.6089
24330,P2,BASE,10.05,12.50,106,F,89204,16.5844
24340,P2,BASE,9.90,10.00,108,F,89208,16.5834
24350,P2,BASE,9.75,10.00,108,F,89212,16.5809
24360,P2,BASE,9.60,7.50,111,F,89215,16.6019
24370,P2,BASE,9.45,12.50,105,F,89220,16.5714
24380,P2,BASE,9.30,10.00,108,F,89224,16.5644
24390,P2,BASE,9.15,7.50,110,F,89227,16.5809
24400,P2,BASE,9.00,10.00,107,F,89231,16.5709
24410,P2,BASE,8.85,7.50,110,F,89234,16.5844
24420,P2,BASE,8.70,10.00,107,F,89238,16.5714
24430,P2,BASE,8.55,10.00,107,F,89242,16.5569
24440,P2,BASE,8.40,10.00,107,F,89246,16.5409
24450,P2,BASE,8.25,5.00,112,F,89248,16.5734
24460,P2,BASE,8.10,7.50,109,F,89251,16.5794
24470,P2,BASE,7.95,7.50,109,F,89254,16.5839
24480,P2,BASE,7.80,7.50,109,F,89257,16.5869
24490,P2,BASE,7.65,10.00,106,F,89261,16.5634
24500,P2,BASE,7.50,7.50,108,F,89264,16.5634
24510,P2,BASE,7.35,7.50,108,F,89267,16.5619
24520,P2,BASE,7.20,5.00,111,F,89269,16.5839
24530,P2,BASE,7.05,7.50,108,F,89272,16.5794
24540,P2,BASE,6.90,7.50,108,F,89275,16.5734
24550,P2,BASE,6.75,7.50,108,F,89278,16.5659
24560,P2,BASE,6.60,7.50,107,F,89281,16.5569
24570,P2,BASE,6.45,7.50,107,F,89284,16.5464
24580,P2,BASE,6.30,5.00,110,F,89286,16.5594
24590,P2,BASE,6.15,5.00,110,F,89288,16.5709
24600,P2,BASE,6.00,2.50,112,F,89289,16.6059
24610,P2,BASE,5.85,7.50,107,F,89292,16.5894
24620,P2,BASE,5.70,5.00,109,F,89294,16.5964
24630,P2,BASE,5.55,5.00,109,F,89296,16.6019
24640,P2,BASE,5.40,7.50,106,F,89299,16.5809
24650,P2,BASE,5.25,7.50,106,F,89302,16.5584
24660,P2,BASE,5.10,5.00,108,F,89304,16.5594
24670,P2,BASE,4.95,2.50,111,F,89305,16.5839
24680,P2,BASE,4.80,5.00,108,F,89307,16.5819
24690,P2,BASE,4.65,0.00,113,F,89307,16.6284
24700,P2,BASE,4.50,2.50,111,F,89308,16.6484
24710,P2,BASE,4.35,2.50,111,F,89309,16.6669
24720,P2,BASE,4.20,5.00,108,F,89311,16.6589
24730,P2,BASE,4.05,5.00,108,F,89313,16.6494
24740,P2,BASE,3.90,5.00,108,F,89315,16.6384
24750,P2,BASE,3.75,5.00,107,F,89317,16.6259
24760,P2,BASE,3.60,5.00,107,F,89319,16.6119
24770,P2,BASE,3.45,5.00,107,F,89321,16.5964
24780,P2,BASE,3.30,2.50,109,F,89322,16.6044
24790,P2,BASE,3.15,0.00,112,F,89322,16.6359
24800,P2,BASE,3.00,0.00,112,F,89322,16.6659
24810,P2,BASE,2.85,0.00,112,F,89322,16.6944
24820,P2,BASE,2.70,0.00,112,F,89322,16.7214
24830,P2,BASE,2.55,0.00,112,F,89322,16.7469
24840,P2,BASE,2.40,0.00,112,F,89322,16.7709
24850,P2,BASE,2.25,0.00,112,F,89322,16.7934
24860,P2,BASE,2.10,0.00,112,F,89322,16.8144
24870,P2,BASE,1.95,0.00,112,F,89322,16.8339
24880,P2,BASE,1.80,0.00,112,F,89322,16.8519
24890,P2,BASE,1.65,0.00,112,F,89322,16.8684
24900,P2,BASE,1.50,0.00,112,F,89322,16.8834
24910,P2,BASE,1.35,0.00,112,F,89322,16.8969
24920,P2,BASE,1.20,0.00,112,F,89322,16.9089
24930,P2,BASE,1.05,0.00,112,F,89322,16.9194
24940,P2,BASE,0.90,0.00,112,F,89322,16.9284
24950,P2,BASE,0.75,0.00,111,F,89322,16.9359
24960,P2,BASE,0.60,0.00,111,F,89322,16.9419
24970,P2,BASE,0.45,0.00,111,F,89322,16.9464
24980,P2,BASE,0.30,0.00,111,F,89322,16.9494
24990,P2,BASE,0.15,0.00,111,F,89322,16.9509
25000,P2,BASE,0.00,0.00,111,F,89322,16.9509
25010,P2,BASE,0.00,0.00,111,F,89322,16.9509
25020,P2,BASE,0.00,0.00,111,F,89322,16.9509
25030,P2,BASE,0.00,0.00,111,F,89322,16.9509
25040,P2,BASE,0.00,0.00,111,F,89322,16.9509
25050,P2,BASE,0.00,0.00,111,F,89322,16.9509
25060,P2,BASE,0.00,0.00,111,F,89322,16.9509
25070,P2,BASE,0.00,0.00,111,F,89322,16.9509
25080,P2,BASE,0.00,0.00,111,F,89322,16.9509
25090,P2,BASE,0.00,0.00,111,F,89322,16.9509
25100,P2,BASE,0.00,0.00,111,F,89322,16.9509
25110,P2,BASE,0.00,0.00,111,F,89322,16.9509
25120,P2,BASE,0.00,0.00,111,F,89322,16.9509
25130,P2,BASE,0.00,0.00,111,F,89322,16.9509
25140,P2,BASE,0.00,0.00,111,F,89322,16.9509
25150,P2,BASE,0.00,0.00,111,F,89322,16.9509
25160,P2,BASE,0.00,0.00,111,F,89322,16.9509
25170,P2,BASE,0.00,0.00,111,F,89322,16.9509
25180,P2,BASE,0.00,0.00,111,F,89322,16.9509
25190,P2,BASE,0.00,0.00,111,F,89322,16.9509
25200,P2,BASE,0.00,0.00,111,F,89322,16.9509
25210,P2,BASE,0.00,0.00,111,F,89322,16.9509
25220,P2,BASE,0.00,0.00,111,F,89322,16.9509
25230,P2,BASE,0.00,0.00,111,F,89322,16.9509
25240,P2,BASE,0.00,0.00,111,F,89322,16.9509
25250,P2,BASE,0.00,0.00,111,F,89322,16.9509
25260,P2,BASE,0.00,0.00,111,F,89322,16.9509
25270,P2,BASE,0.00,0.00,111,F,89322,16.9509
25280,P2,BASE,0.00,0.00,111,F,89322,16.9509
25290,P2,BASE,0.00,0.00,111,F,89322,16.9509
25300,P2,BASE,0.00,0.00,111,F,89322,16.9509
25310,P2,BASE,0.00,0.00,111,F,89322,16.9509
25320,P2,BASE,0.00,0.00,111,F,89322,16.9509
25330,P2,BASE,0.00,0.00,111,F,89322,16.9509
25340,P2,BASE,0.00,0.00,111,F,89322,16.9509
25350,P2,BASE,0.00,0.00,111,F,89322,16.9509
25360,P2,BASE,0.00,0.00,111,F,89322,16.9509
25370,P2,BASE,0.00,0.00,111,F,89322,16.9509
25380,P2,BASE,0.00,0.00,111,F,89322,16.9509
25390,P2,BASE,0.00,0.00,111,F,89322,16.9509
25400,P2,BASE,0.00,0.00,111,F,89322,16.9509
25410,P2,BASE,0.00,0.00,111,F,89322,16.9509
25420,P2,BASE,0.00,0.00,111,F,89322,16.9509
25430,P2,BASE,0.00,0.00,111,F,89322,16.9509
25440,P2,BASE,0.00,0.00,111,F,89322,16.9509
25450,P2,BASE,0.00,0.00,111,F,89322,16.9509
25460,P2,BASE,0.00,0.00,111,F,89322,16.9509
25470,P2,BASE,0.00,0.00,111,F,89322,16.9509
25480,P2,BASE,0.00,0.00,111,F,89322,16.9509
25490,P2,BASE,0.00,0.00,111,F,89322,16.9509
25500,P2,BASE,0.00,0.00,111,F,89322,16.9509
25510,P2,BASE,0.00,0.00,111,F,89322,16.9509
25520,P2,BASE,0.00,0.00,111,F,89322,16.9509
25530,P2,BASE,0.00,0.00,111,F,89322,16.9509
25540,P2,BASE,0.00,0.00,111,F,89322,16.9509
25550,P2,BASE,0.00,0.00,111,F,89322,16.9509
25560,P2,BASE,0.00,0.00,111,F,89322,16.9509
25570,P2,BASE,0.00,0.00,111,F,89322,16.9509
25580,P2,BASE,0.00,0.00,111,F,89322,16.9509
25590,P2,BASE,0.00,0.00,111,F,89322,16.9509
25600,P2,BASE,0.00,0.00,111,F,89322,16.9509
25610,P2,BASE,0.00,0.00,111,F,89322,16.9509
25620,P2,BASE,0.00,0.00,111,F,89322,16.9509
25630,P2,BASE,0.00,0.00,111,F,89322,16.9509
25640,P2,BASE,0.00,0.00,111,F,89322,16.9509
25650,P2,BASE,0.00,0.00,111,F,89322,16.9509
25660,P2,BASE,0.00,0.00,111,F,89322,16.9509
25670,P2,BASE,0.00,0.00,111,F,89322,16.9509
25680,P2,BASE,0.00,0.00,111,F,89322,16.9509
25690,P2,BASE,0.00,0.00,111,F,89322,16.9509
25700,P2,BASE,0.00,0.00,111,F,89322,16.9509
25710,P2,BASE,0.00,0.00,111,F,89322,16.9509
25720,P2,BASE,0.00,0.00,111,F,89322,16.9509
25730,P2,BASE,0.00,0.00,111,F,89322,16.9509
25740,P2,BASE,0.00,0.00,111,F,89322,16.9509
25750,P2,BASE,0.00,0.00,111,F,89322,16.9509
25760,P2,BASE,0.00,0.00,111,F,89322,16.9509
25770,P2,BASE,0.00,0.00,111,F,89322,16.9509
25780,P2,BASE,0.00,0.00,111,F,89322,16.9509
25790,P2,BASE,0.00,0.00,111,F,89322,16.9509
25800,P2,BASE,0.00,0.00,111,F,89322,16.9509
25810,P2,BASE,0.00,0.00,111,F,89322,16.9509
25820,P2,BASE,0.00,0.00,111,F,89322,16.9509
25830,P2,BASE,0.00,0.00,111,F,89322,16.9509
25840,P2,BASE,0.00,0.00,111,F,89322,16.9509
25850,P2,BASE,0.00,0.00,111,F,89322,16.9509
25860,P2,BASE,0.00,0.00,111,F,89322,16.9509
25870,P2,BASE,0.00,0.00,111,F,89322,16.9509
25880,P2,BASE,0.00,0.00,111,F,89322,16.9509
25890,P2,BASE,0.00,0.00,111,F,89322,16.9509
25900,P2,BASE,0.00,0.00,111,F,89322,16.9509
25910,P2,BASE,0.00,0.00,111,F,89322,16.9509
25920,P2,BASE,0.00,0.00,111,F,89322,16.9509
25930,P2,BASE,0.00,0.00,111,F,89322,16.9509
25940,P2,BASE,0.00,0.00,111,F,89322,16.9509
25950,P2,BASE,0.00,0.00,111,F,89322,16.9509
25960,P2,BASE,0.00,0.00,111,F,89322,16.9509
25970,P2,BASE,0.00,0.00,111,F,89322,16.9509
25980,P2,BASE,0.00,0.00,111,F,89322,16.9509
25990,P2,BASE,0.00,0.00,111,F,89322,16.9509
26000,P2,BASE,0.00,0.00,111,F,89322,16.9509
26010,P2,BASE,0.00,0.00,111,F,89322,16.9509
26020,P2,BASE,0.00,0.00,111,F,89322,16.9509
26030,P2,BASE,0.00,0.00,111,F,89322,16.9509
26040,P2,BASE,0.00,0.00,111,F,89322,16.9509
26050,P2,BASE,0.00,0.00,111,F,89322,16.9509
26060,P2,BASE,0.00,0.00,111,F,89322,16.9509
26070,P2,BASE,0.00,0.00,111,F,89322,16.9509
26080,P2,BASE,0.00,0.00,111,F,89322,16.9509
26090,P2,BASE,0.00,0.00,111,F,89322,16.9509
26100,P2,BASE,0.00,0.00,111,F,89322,16.9509
26110,P2,BASE,0.00,0.00,111,F,89322,16.9509
26120,P2,BASE,0.00,0.00,111,F,89322,16.9509
26130,P2,BASE,0.00,0.00,111,F,89322,16.9509
26140,P2,BASE,0.00,0.00,111,F,89322,16.9509
26150,P2,BASE,0.00,0.00,111,F,89322,16.9509
26160,P2,BASE,0.00,0.00,111,F,89322,16.9509
26170,P2,BASE,0.00,0.00,111,F,89322,16.9509
26180,P2,BASE,0.00,0.00,111,F,89322,16.9509
26190,P2,BASE,0.00,0.00,111,F,89322,16.9509
26200,P2,BASE,0.00,0.00,111,F,89322,16.9509
26210,P2,BASE,0.00,0.00,111,F,89322,16.9509
26220,P2,BASE,0.00,0.00,111,F,89322,16.9509
26230,P2,BASE,0.00,0.00,111,F,89322,16.9509
26240,P2,BASE,0.00,0.00,111,F,89322,16.9509
26250,P2,BASE,0.00,0.00,111,F,89322,16.9509
26260,P2,BASE,0.00,0.00,111,F,89322,16.9509
26270,P2,BASE,0.00,0.00,111,F,89322,16.9509
26280,P2,BASE,0.00,0.00,111,F,89322,16.9509
26290,P2,BASE,0.00,0.00,111,F,89322,16.9509
26300,P2,BASE,0.00,0.00,111,F,89322,16.9509
26310,P2,BASE,0.00,0.00,111,F,89322,16.9509
26320,P2,BASE,0.00,0.00,111,F,89322,16.9509
26330,P2,BASE,0.00,0.00,111,F,89322,16.9509
26340,P2,BASE,0.00,0.00,111,F,89322,16.9509
26350,P2,BASE,0.00,0.00,111,F,89322,16.9509
26360,P2,BASE,0.00,0.00,111,F,89322,16.9509
26370,P2,BASE,0.00,0.00,111,F,89322,16.9509
26380,P2,BASE,0.00,0.00,111,F,89322,16.9509
26390,P2,BASE,0.00,0.00,111,F,89322,16.9509
26400,P2,BASE,0.00,0.00,111,F,89322,16.9509
26410,P2,BASE,0.00,0.00,111,F,89322,16.9509
26420,P2,BASE,0.00,0.00,111,F,89322,16.9509
26430,P2,BASE,0.00,0.00,111,F,89322,16.9509
26440,P2,BASE,0.00,0.00,111,F,89322,16.9509
26450,P2,BASE,0.00,0.00,111,F,89322,16.9509
26460,P2,BASE,0.00,0.00,111,F,89322,16.9509
26470,P2,BASE,0.00,0.00,111,F,89322,16.9509
26480,P2,BASE,0.00,0.00,111,F,89322,16.9509
26490,P2,BASE,0.00,0.00,111,F,89322,16.9509
26500,P2,BASE,0.00,0.00,111,F,89322,16.9509
26510,P2,BASE,0.00,0.00,111,F,89322,16.9509
26520,P2,BASE,0.00,0.00,111,F,89322,16.9509
26530,P2,BASE,0.00,0.00,111,F,89322,16.9509
26540,P2,BASE,0.00,0.00,111,F,89322,16.9509
26550,P2,BASE,0.00,0.00,111,F,89322,16.9509
26560,P2,BASE,0.00,0.00,111,F,89322,16.9509
26570,P2,BASE,0.00,0.00,111,F,89322,16.9509
26580,P2,BASE,0.00,0.00,111,F,89322,16.9509
26590,P2,BASE,0.00,0.00,111,F,89322,16.9509
26600,P2,BASE,0.00,0.00,111,F,89322,16.9509
26610,P2,BASE,0.00,0.00,111,F,89322,16.9509
26620,P2,BASE,0.00,0.00,111,F,89322,16.9509
26630,P2,BASE,0.00,0.00,111,F,89322,16.9509
26640,P2,BASE,0.00,0.00,111,F,89322,16.9509
26650,P2,BASE,0.00,0.00,111,F,89322,16.9509
26660,P2,BASE,0.00,0.00,111,F,89322,16.9509
26670,P2,BASE,0.00,0.00,111,F,89322,16.9509
26680,P2,BASE,0.00,0.00,111,F,89322,16.9509
26690,P2,BASE,0.00,0.00,111,F,89322,16.9509
26700,P2,BASE,0.00,0.00,111,F,89322,16.9509
26710,P2,BASE,0.00,0.00,111,F,89322,16.9509
26720,P2,BASE,0.00,0.00,111,F,89322,16.9509
26730,P2,BASE,0.00,0.00,111,F,89322,16.9509
26740,P2,BASE,0.00,0.00,111,F,89322,16.9509
26750,P2,BASE,0.00,0.00,111,F,89322,16.9509
26760,P2,BASE,0.00,0.00,111,F,89322,16.9509
26770,P2,BASE,0.00,0.00,111,F,89322,16.9509
26780,P2,BASE,0.00,0.00,111,F,89322,16.9509
26790,P2,BASE,0.00,0.00,111,F,89322,16.9509
26800,P2,BASE,0.00,0.00,111,F,89322,16.9509
26810,P2,BASE,0.00,0.00,111,F,89322,16.9509
26820,P2,BASE,0.00,0.00,111,F,89322,16.9509
26830,P2,BASE,0.00,0.00,111,F,89322,16.9509
26840,P2,BASE,0.00,0.00,111,F,89322,16.9509
26850,P2,BASE,0.00,0.00,111,F,89322,16.9509
26860,P2,BASE,0.00,0.00,111,F,89322,16.9509
26870,P2,BASE,0.00,0.00,111,F,89322,16.9509
26880,P2,BASE,0.00,0.00,111,F,89322,16.9509
26890,P2,BASE,0.00,0.00,111,F,89322,16.9509
26900,P2,BASE,0.00,0.00,111,F,89322,16.9509
26910,P2,BASE,0.00,0.00,111,F,89322,16.9509
26920,P2,BASE,0.00,0.00,111,F,89322,16.9509
26930,P2,BASE,0.00,0.00,111,F,89322,16.9509
26940,P2,BASE,0.00,0.00,111,F,89322,16.9509
26950,P2,BASE,0.00,0.00,111,F,89322,16.9509
26960,P2,BASE,0.00,0.00,111,F,89322,16.9509
26970,P2,BASE,0.00,0.00,111,F,89322,16.9509
26980,P2,BASE,0.00,0.00,111,F,89322,16.9509
26990,P2,BASE,0.00,0.00,111,F,89322,16.9509
27000,P2,BASE,0.00,0.00,111,F,89322,16.9509
27010,P2,BASE,0.00,0.00,111,F,89322,16.9509
27020,P2,BASE,0.00,0.00,111,F,89322,16.9509
27030,P2,BASE,0.00,0.00,111,F,89322,16.9509
27040,P2,BASE,0.00,0.00,111,F,89322,16.9509
27050,P2,BASE,0.00,0.00,111,F,89322,16.9509
27060,P2,BASE,0.00,0.00,111,F,89322,16.9509
27070,P2,BASE,0.00,0.00,111,F,89322,16.9509
27080,P2,BASE,0.00,0.00,111,F,89322,16.9509
27090,P2,BASE,0.00,0.00,111,F,89322,16.9509
27100,P2,BASE,0.00,0.00,111,F,89322,16.9509
27110,P2,BASE,0.00,0.00,111,F,89322,16.9509
27120,P2,BASE,0.00,0.00,111,F,89322,16.9509
27130,P2,BASE,0.00,0.00,111,F,89322,16.9509
27140,P2,BASE,0.00,0.00,111,F,89322,16.9509
27150,P2,BASE,0.00,0.00,111,F,89322,16.9509
27160,P2,BASE,0.00,0.00,111,F,89322,16.9509
27170,P2,BASE,0.00,0.00,111,F,89322,16.9509
27180,P2,BASE,0.00,0.00,111,F,89322,16.9509
27190,P2,BASE,0.00,0.00,111,F,89322,16.9509
27200,P2,BASE,0.00,0.00,111,F,89322,16.9509
27210,P2,BASE,0.00,0.00,111,F,89322,16.9509
27220,P2,BASE,0.00,0.00,111,F,89322,16.9509
27230,P2,BASE,0.00,0.00,111,F,89322,16.9509
27240,P2,BASE,0.00,0.00,111,F,89322,16.9509
27250,P2,BASE,0.00,0.00,111,F,89322,16.9509
27260,P2,BASE,0.00,0.00,111,F,89322,16.9509
27270,P2,BASE,0.00,0.00,111,F,89322,16.9509
27280,P2,BASE,0.00,0.00,111,F,89322,16.9509
27290,P2,BASE,0.00,0.00,111,F,89322,16.9509
27300,P2,BASE,0.00,0.00,111,F,89322,16.9509
27310,P2,BASE,0.00,0.00,111,F,89322,16.9509
27320,P2,BASE,0.00,0.00,111,F,89322,16.9509
27330,P2,BASE,0.00,0.00,111,F,89322,16.9509
27340,P2,BASE,0.00,0.00,111,F,89322,16.9509
27350,P2,BASE,0.00,0.00,111,F,89322,16.9509
27360,P2,BASE,0.00,0.00,111,F,89322,16.9509
27370,P2,BASE,0.00,0.00,111,F,89322,16.9509
27380,P2,BASE,0.00,0.00,111,F,89322,16.9509
27390,P2,BASE,0.00,0.00,111,F,89322,16.9509
27400,P2,BASE,0.00,0.00,111,F,89322,16.9509
27410,P2,BASE,0.00,0.00,111,F,89322,16.9509
27420,P2,BASE,0.00,0.00,111,F,89322,16.9509
27430,P2,BASE,0.00,0.00,111,F,89322,16.9509
27440,P2,BASE,0.00,0.00,111,F,89322,16.9509
27450,P2,BASE,0.00,0.00,111,F,89322,16.9509
27460,P2,BASE,0.00,0.00,111,F,89322,16.9509
27470,P2,BASE,0.00,0.00,111,F,89322,16.9509
27480,P2,BASE,0.00,0.00,111,F,89322,16.9509
27490,P2,BASE,0.00,0.00,111,F,89322,16.9509
27500,P2,BASE,0.00,0.00,111,F,89322,16.9509
27510,P2,BASE,0.00,0.00,111,F,89322,16.9509
27520,P2,BASE,0.00,0.00,111,F,89322,16.9509
27530,P2,BASE,0.00,0.00,111,F,89322,16.9509
27540,P2,BASE,0.00,0.00,111,F,89322,16.9509
27550,P2,BASE,0.00,0.00,111,F,89322,16.9509
27560,P2,BASE,0.00,0.00,111,F,89322,16.9509
27570,P2,BASE,0.00,0.00,111,F,89322,16.9509
27580,P2,BASE,0.00,0.00,111,F,89322,16.9509
27590,P2,BASE,0.00,0.00,111,F,89322,16.9509
27600,P2,BASE,0.00,0.00,111,F,89322,16.9509
27610,P2,BASE,0.00,0.00,111,F,89322,16.9509
27620,P2,BASE,0.00,0.00,111,F,89322,16.9509
27630,P2,BASE,0.00,0.00,111,F,89322,16.9509
27640,P2,BASE,0.00,0.00,111,F,89322,16.9509
27650,P2,BASE,0.00,0.00,111,F,89322,16.9509
27660,P2,BASE,0.00,0.00,111,F,89322,16.9509
27670,P2,BASE,0.00,0.00,111,F,89322,16.9509
27680,P2,BASE,0.00,0.00,111,F,89322,16.9509
27690,P2,BASE,0.00,0.00,111,F,89322,16.9509
27700,P2,BASE,0.00,0.00,111,F,89322,16.9509
27710,P2,BASE,0.00,0.00,111,F,89322,16.9509
27720,P2,BASE,0.00,0.00,111,F,89322,16.9509
27730,P2,BASE,0.00,0.00,111,F,89322,16.9509
27740,P2,BASE,0.00,0.00,111,F,89322,16.9509
27750,P2,BASE,0.00,0.00,111,F,89322,16.9509
27760,P2,BASE,0.00,0.00,111,F,89322,16.9509
27770,P2,BASE,0.00,0.00,111,F,89322,16.9509
27780,P2,BASE,0.00,0.00,111,F,89322,16.9509
27790,P2,BASE,0.00,0.00,111,F,89322,16.9509
27800,P2,BASE,0.00,0.00,111,F,89322,16.9509
27810,P2,BASE,0.00,0.00,111,F,89322,16.9509
27820,P2,BASE,0.00,0.00,111,F,89322,16.9509
27830,P2,BASE,0.00,0.00,111,F,89322,16.9509
27840,P2,BASE,0.00,0.00,111,F,89322,16.9509
27850,P2,BASE,0.00,0.00,111,F,89322,16.9509
27860,P2,BASE,0.00,0.00,111,F,89322,16.9509
27870,P2,BASE,0.00,0.00,111,F,89322,16.9509
27880,P2,BASE,0.00,0.00,111,F,89322,16.9509
27890,P2,BASE,0.00,0.00,111,F,89322,16.9509
27900,P2,BASE,0.00,0.00,111,F,89322,16.9509
27910,P2,BASE,0.00,0.00,111,F,89322,16.9509
27920,P2,BASE,0.00,0.00,111,F,89322,16.9509
27930,P2,BASE,0.00,0.00,111,F,89322,16.9509
27940,P2,BASE,0.00,0.00,111,F,89322,16.9509
27950,P2,BASE,0.00,0.00,111,F,89322,16.9509
27960,P2,BASE,0.00,0.00,111,F,89322,16.9509
27970,P2,BASE,0.00,0.00,111,F,89322,16.9509
27980,P2,BASE,0.00,0.00,111,F,89322,16.9509
27990,P2,BASE,0.00,0.00,111,F,89322,16.9509
28000,P2,BASE,0.00,0.00,111,F,89322,16.9509
28010,P2,BASE,-0.15,0.00,111,F,89322,16.9494
28020,P2,BASE,-0.30,0.00,110,F,89322,16.9464
28030,P2,BASE,-0.45,0.00,110,F,89322,16.9419
28040,P2,BASE,-0.60,0.00,110,F,89322,16.9359
28050,P2,BASE,-0.75,0.00,110,F,89322,16.9284
28060,P2,BASE,-0.90,0.00,110,F,89322,16.9194
28070,P2,BASE,-1.05,0.00,109,F,89322,16.9089
28080,P2,BASE,-1.20,0.00,109,F,89322,16.8969
28090,P2,BASE,-1.35,0.00,109,F,89322,16.8834
28100,P2,BASE,-1.50,0.00,109,F,89322,16.8684
28110,P2,BASE,-1.65,0.00,108,F,89322,16.8519
28120,P2,BASE,-1.80,0.00,108,F,89322,16.8339
28130,P2,BASE,-1.95,0.00,108,F,89322,16.8144
28140,P2,BASE,-2.10,0.00,108,F,89322,16.7934
28150,P2,BASE,-2.25,0.00,107,F,89322,16.7709
28160,P2,BASE,-2.40,0.00,107,F,89322,16.7469
28170,P2,BASE,-2.55,0.00,107,F,89322,16.7214
28180,P2,BASE,-2.70,0.00,106,F,89322,16.6944
28190,P2,BASE,-2.85,0.00,106,F,89322,16.6659
28200,P2,BASE,-3.00,0.00,106,F,89322,16.6359
28210,P2,BASE,-3.15,0.00,105,F,89322,16.6044
28220,P2,BASE,-3.30,0.00,105,F,89322,16.5714
28230,P2,BASE,-3.45,0.00,105,F,89322,16.5369
28240,P2,BASE,-3.60,0.00,104,F,89322,16.5009
28250,P2,BASE,-3.75,0.00,104,F,89322,16.4634
28260,P2,BASE,-3.90,0.00,103,F,89322,16.4244
28270,P2,BASE,-4.05,0.00,103,F,89322,16.3839
28280,P2,BASE,-4.20,0.00,103,F,89322,16.3419
28290,P2,BASE,-4.35,0.00,102,F,89322,16.2984
28300,P2,BASE,-4.50,0.00,102,F,89322,16.2534
28310,P2,BASE,-4.65,0.00,101,F,89322,16.2069
28320,P2,BASE,-4.80,0.00,101,F,89322,16.1589
28330,P2,BASE,-4.95,0.00,100,F,89322,16.1094
28340,P2,BASE,-5.10,0.00,100,F,89322,16.0584
28350,P2,BASE,-5.25,0.00,99,F,89322,16.0059
28360,P2,BASE,-5.40,0.00,99,F,89322,15.9519
28370,P2,BASE,-5.55,0.00,98,F,89322,15.8964
28380,P2,BASE,-5.70,0.00,98,F,89322,15.8394
28390,P2,BASE,-5.85,0.00,97,F,89322,15.7809
28400,P2,BASE,-6.00,0.00,97,F,89322,15.7209
28410,P2,BASE,-6.15,0.00,96,F,89322,15.6594
28420,P2,BASE,-6.30,0.00,96,F,89322,15.5964
28430,P2,BASE,-6.45,0.00,95,F,89322,15.5319
28440,P2,BASE,-6.60,0.00,94,F,89322,15.4659
28450,P2,BASE,-6.75,0.00,94,F,89322,15.3984
28460,P2,BASE,-6.90,0.00,93,F,89322,15.3294
28470,P2,BASE,-7.05,0.00,93,F,89322,15.2589
28480,P2,BASE,-7.20,0.00,92,F,89322,15.1869
28490,P2,BASE,-7.35,0.00,91,F,89322,15.1134
28500,P2,BASE,-7.50,0.00,91,F,89322,15.0384
28510,P2,BASE,-7.65,0.00,90,F,89322,14.9619
28520,P2,BASE,-7.80,0.00,89,F,89322,14.8839
28530,P2,BASE,-7.95,0.00,89,F,89322,14.8044
28540,P2,BASE,-8.10,0.00,88,F,89322,14.7234
28550,P2,BASE,-8.25,0.00,87,F,89322,14.6409
28560,P2,BASE,-8.40,0.00,87,F,89322,14.5569
28570,P2,BASE,-8.55,0.00,86,F,89322,14.4714
28580,P2,BASE,-8.70,0.00,85,F,89322,14.3844
28590,P2,BASE,-8.85,0.00,84,F,89322,14.2959
28600,P2,BASE,-9.00,0.00,84,F,89322,14.2059
28610,P2,BASE,-9.15,0.00,83,F,89322,14.1144
28620,P2,BASE,-9.30,0.00,82,F,89322,14.0214
28630,P2,BASE,-9.45,0.00,81,F,89322,13.9269
28640,P2,BASE,-9.60,0.00,81,F,89322,13.8309
28650,P2,BASE,-9.75,0.00,80,F,89322,13.7334
28660,P2,BASE,-9.90,0.00,79,F,89322,13.6344
28670,P2,BASE,-10.05,0.00,78,F,89322,13.5339
28680,P2,BASE,-10.20,0.00,77,F,89322,13.4319
28690,P2,BASE,-10.35,0.00,77,F,89322,13.3284
28700,P2,BASE,-10.50,0.00,76,F,89322,13.2234
28710,P2,BASE,-10.65,0.00,75,F,89322,13.1169
28720,P2,BASE,-10.80,0.00,74,F,89322,13.0089
28730,P2,BASE,-10.95,0.00,73,F,89322,12.8994
28740,P2,BASE,-11.10,0.00,72,F,89322,12.7884
28750,P2,BASE,-11.25,0.00,71,F,89322,12.6759
28760,P2,BASE,-11.40,0.00,70,F,89322,12.5619
28770,P2,BASE,-11.55,0.00,69,F,89322,12.4464
28780,P2,BASE,-11.70,0.00,69,F,89322,12.3294
28790,P2,BASE,-11.85,0.00,68,F,89322,12.2109
28800,P2,BASE,-12.00,0.00,67,F,89322,12.0909
28810,P2,BASE,-12.15,0.00,66,F,89322,11.9694
28820,P2,BASE,-12.30,0.00,65,F,89322,11.8464
28830,P2,BASE,-12.45,0.00,64,F,89322,11.7219
28840,P2,BASE,-12.60,0.00,63,F,89322,11.5959
28850,P2,BASE,-12.75,0.00,62,F,89322,11.4684
28860,P2,BASE,-12.90,0.00,61,F,89322,11.3394
28870,P2,BASE,-13.05,0.00,60,F,89322,11.2089
28880,P2,BASE,-13.20,0.00,59,F,89322,11.0769
28890,P2,BASE,-13.35,0.00,58,F,89322,10.9434
28900,P2,BASE,-13.50,0.00,57,F,89322,10.8084
28910,P2,BASE,-13.65,-2.50,58,F,89321,10.6969
28920,P2,BASE,-13.80,0.00,55,F,89321,10.5589
28930,P2,BASE,-13.95,0.00,54,F,89321,10.4194
28940,P2,BASE,-14.10,0.00,53,F,89321,10.2784
28950,P2,BASE,-14.25,0.00,52,F,89321,10.1359
28960,P2,BASE,-14.40,0.00,50,F,89321,9.9919
28970,P2,BASE,-14.55,0.00,49,F,89321,9.8464
28980,P2,BASE,-14.70,0.00,48,F,89321,9.6994
28990,P2,BASE,-14.85,0.00,47,F,89321,9.5509
29000,P2,BASE,-15.00,0.00,46,F,89321,9.4009
29010,P2,BASE,-15.15,0.00,45,F,89321,9.2494
29020,P2,BASE,-15.30,0.00,44,F,89321,9.0964
29030,P2,BASE,-15.45,0.00,43,F,89321,8.9419
29040,P2,BASE,-15.60,0.00,41,F,89321,8.7859
29050,P2,BASE,-15.75,0.00,40,F,89321,8.6284
29060,P2,BASE,-15.90,0.00,39,F,89321,8.4694
29070,P2,BASE,-16.05,0.00,38,F,89321,8.3089
29080,P2,BASE,-16.20,0.00,37,F,89321,8.1469
29090,P2,BASE,-16.35,0.00,35,F,89321,7.9834
29100,P2,BASE,-16.50,0.00,34,F,89321,7.8184
29110,P2,BASE,-16.65,0.00,33,F,89321,7.6519
29120,P2,BASE,-16.80,0.00,32,F,89321,7.4839
29130,P2,BASE,-16.95,0.00,30,F,89321,7.3144
29140,P2,BASE,-17.10,0.00,29,F,89321,7.1434
29150,P2,BASE,-17.25,0.00,28,F,89321,6.9709
29160,P2,BASE,-17.40,0.00,26,F,89321,6.7969
29170,P2,BASE,-17.55,0.00,25,F,89321,6.6214
29180,P2,BASE,-17.70,0.00,24,F,89321,6.4444
29190,P2,BASE,-17.85,0.00,22,F,89321,6.2659
29200,P2,BASE,-18.00,0.00,21,F,89321,6.0859
29210,P2,BASE,-18.15,0.00,20,F,89321,5.9044
29220,P2,BASE,-18.30,0.00,18,F,89321,5.7214
29230,P2,BASE,-18.45,0.00,17,F,89321,5.5369
29240,P2,BASE,-18.60,0.00,16,F,89321,5.3509
29250,P2,BASE,-18.75,0.00,14,F,89321,5.1634
29260,P2,BASE,-18.90,0.00,13,F,89321,4.9744
29270,P2,BASE,-19.05,0.00,12,F,89321,4.7839
29280,P2,BASE,-19.20,0.00,10,F,89321,4.5919
29290,P2,BASE,-19.35,0.00,9,F,89321,4.3984
29300,P2,BASE,-19.50,0.00,7,F,89321,4.2034
29310,P2,BASE,-19.65,0.00,6,F,89321,4.0069
29320,P2,BASE,-19.80,0.00,4,F,89321,3.8089
29330,P2,BASE,-19.95,0.00,3,F,89321,3.6094
29340,P2,BASE,-20.10,0.00,1,F,89321,3.4084
29350,P2,BASE,-20.25,0.00,0,N,89321,3.2059
29360,P2,BASE,-20.40,0.00,-1,R,89321,3.0019
29370,P2,BASE,-20.55,0.00,-2,R,89321,2.7964
29380,P2,BASE,-20.70,0.00,-4,R,89321,2.5894
29390,P2,BASE,-20.85,0.00,-5,R,89321,2.3809
29400,P2,BASE,-21.00,0.00,-7,R,89321,2.1709
29410,P2,BASE,-21.15,0.00,-8,R,89321,1.9594
29420,P2,BASE,-21.30,0.00,-10,R,89321,1.7464
29430,P2,BASE,-21.45,0.00,-11,R,89321,1.5319
29440,P2,BASE,-21.60,0.00,-13,R,89321,1.3159
29450,P2,BASE,-21.75,0.00,-14,R,89321,1.0984
29460,P2,BASE,-21.90,0.00,-16,R,89321,0.8794
29470,P2,BASE,-22.05,0.00,-18,R,89321,0.6589
29480,P2,BASE,-22.20,0.00,-19,R,89321,0.4369
29490,P2,BASE,-22.35,0.00,-21,R,89321,0.2134
29500,P2,BASE,-22.50,0.00,-22,R,89321,-0.0116
29510,P2,BASE,-22.65,0.00,-24,R,89321,-0.2381
29520,P2,BASE,-22.80,0.00,-26,R,89321,-0.4661
29530,P2,BASE,-22.95,0.00,-27,R,89321,-0.6956
29540,P2,BASE,-23.10,0.00,-29,R,89321,-0.9266
29550,P2,BASE,-23.25,0.00,-31,R,89321,-1.1591
29560,P2,BASE,-23.40,0.00,-32,R,89321,-1.3931
29570,P2,BASE,-23.55,0.00,-34,R,89321,-1.6286
29580,P2,BASE,-23.70,0.00,-36,R,89321,-1.8656
29590,P2,BASE,-23.85,0.00,-38,R,89321,-2.1041
29600,P2,BASE,-24.00,0.00,-39,R,89321,-2.3441
29610,P2,BASE,-24.15,0.00,-41,R,89321,-2.5856
29620,P2,BASE,-24.30,0.00,-43,R,89321,-2.8286
29630,P2,BASE,-24.45,0.00,-45,R,89321,-3.0731
29640,P2,BASE,-24.60,0.00,-46,R,89321,-3.3191
29650,P2,BASE,-24.75,0.00,-48,R,89321,-3.5666
29660,P2,BASE,-24.90,0.00,-50,R,89321,-3.8156
29670,P2,BASE,-25.05,0.00,-52,R,89321,-4.0661
29680,P2,BASE,-25.20,0.00,-54,R,89321,-4.3181
29690,P2,BASE,-25.35,0.00,-55,R,89321,-4.5716
29700,P2,BASE,-25.50,0.00,-57,R,89321,-4.8266
29710,P2,BASE,-25.65,0.00,-59,R,89321,-5.0831
29720,P2,BASE,-25.80,0.00,-61,R,89321,-5.3411
29730,P2,BASE,-25.95,0.00,-63,R,89321,-5.6006
29740,P2,BASE,-26.10,0.00,-65,R,89321,-5.8616
29750,P2,BASE,-26.25,0.00,-66,R,89321,-6.1241
29760,P2,BASE,-26.40,0.00,-68,R,89321,-6.3881
29770,P2,BASE,-26.55,0.00,-70,R,89321,-6.6536
29780,P2,BASE,-26.70,0.00,-72,R,89321,-6.9206
29790,P2,BASE,-26.85,0.00,-74,R,89321,-7.1891
29800,P2,BASE,-27.00,0.00,-76,R,89321,-7.4591
29810,P2,BASE,-27.15,0.00,-78,R,89321,-7.7306
29820,P2,BASE,-27.30,0.00,-80,R,89321,-8.0036
29830,P2,BASE,-27.45,0.00,-82,R,89321,-8.2781
29840,P2,BASE,-27.60,0.00,-84,R,89321,-8.5541
29850,P2,BASE,-27.75,0.00,-86,R,89321,-8.8316
29860,P2,BASE,-27.90,0.00,-88,R,89321,-9.1106
29870,P2,BASE,-28.05,0.00,-90,R,89321,-9.3911
29880,P2,BASE,-28.20,0.00,-92,R,89321,-9.6731
29890,P2,BASE,-28.35,0.00,-94,R,89321,-9.9566
29900,P2,BASE,-28.50,0.00,-96,R,89321,-10.2416
29910,P2,BASE,-28.65,0.00,-98,R,89321,-10.5281
29920,P2,BASE,-28.80,0.00,-100,R,89321,-10.8161
29930,P2,BASE,-28.95,0.00,-102,R,89321,-11.1056
29940,P2,BASE,-29.10,0.00,-104,R,89321,-11.3966
29950,P2,BASE,-29.25,0.00,-106,R,89321,-11.6891
29960,P2,BASE,-29.40,0.00,-108,R,89321,-11.9831
29970,P2,BASE,-29.55,0.00,-110,R,89321,-12.2786
29980,P2,BASE,-29.70,0.00,-112,R,89321,-12.5756
29990,P2,BASE,-29.85,0.00,-114,R,89321,-12.8741
30000,P2,BASE,-30.00,0.00,-117,R,89321,-13.1741
30010,P2,BASE,-30.15,0.00,-119,R,89321,-13.4756
30020,P2,BASE,-30.30,0.00,-121,R,89321,-13.7786
30030,P2,BASE,-30.45,0.00,-123,R,89321,-14.0831
30040,P2,BASE,-30.60,0.00,-125,R,89321,-14.3891
30050,P2,BASE,-30.75,0.00,-127,R,89321,-14.6966
30060,P2,BASE,-30.90,0.00,-130,R,89321,-15.0056
30070,P2,BASE,-31.05,0.00,-132,R,89321,-15.3161
30080,P2,BASE,-31.20,0.00,-134,R,89321,-15.6281
30090,P2,BASE,-31.35,0.00,-136,R,89321,-15.9416
30100,P2,BASE,-31.50,0.00,-138,R,89321,-16.2566
30110,P2,BASE,-31.65,0.00,-141,R,89321,-16.5731
30120,P2,BASE,-31.80,-7.50,-135,R,89318,-16.8161
30130,P2,BASE,-31.95,-10.00,-134,R,89314,-17.0356
30140,P2,BASE,-32.10,-12.50,-133,R,89309,-17.2317
30150,P2,BASE,-32.25,-15.00,-131,R,89303,-17.4041
30160,P2,BASE,-32.40,-17.50,-130,R,89296,-17.5531
30170,P2,BASE,-32.55,-17.50,-131,R,89289,-17.7036
30180,P2,BASE,-32.70,-19.99,-130,R,89281,-17.8307
30190,P2,BASE,-32.85,-20.01,-131,R,89273,-17.9591
30200,P2,BASE,-33.00,-20.00,-132,R,89265,-18.0891
30210,P2,BASE,-33.15,-19.99,-133,R,89257,-18.2207
30220,P2,BASE,-33.30,-25.00,-128,R,89247,-18.3036
30230,P2,BASE,-33.45,-25.00,-129,R,89237,-18.3881
30240,P2,BASE,-33.60,-25.00,-130,R,89227,-18.4742
30250,P2,BASE,-33.75,-25.00,-130,R,89217,-18.5617
30260,P2,BASE,-33.90,-27.51,-128,R,89206,-18.6256
30270,P2,BASE,-34.05,-27.49,-129,R,89195,-18.6912
30280,P2,BASE,-34.20,-30.01,-127,R,89183,-18.7331
30290,P2,BASE,-34.35,-27.49,-130,R,89172,-18.8016
30300,P2,BASE,-34.50,-32.51,-125,R,89159,-18.8216
30310,P2,BASE,-34.65,-27.50,-131,R,89148,-18.8931
30320,P2,BASE,-34.80,-32.50,-126,R,89135,-18.9161
30330,P2,BASE,-34.95,-30.00,-129,R,89123,-18.9656
30340,P2,BASE,-35.10,-32.50,-127,R,89110,-18.9916
30350,P2,BASE,-35.25,-32.50,-127,R,89097,-19.0191
30360,P2,BASE,-35.40,-30.00,-130,R,89085,-19.0731
30370,P2,BASE,-35.55,-32.50,-128,R,89072,-19.1036
30380,P2,BASE,-35.70,-37.49,-123,R,89057,-19.0857
30390,P2,BASE,-35.85,-35.01,-126,R,89043,-19.0941
30400,P2,BASE,-36.00,-34.99,-126,R,89029,-19.1041
30410,P2,BASE,-36.15,-32.51,-129,R,89016,-19.1406
30420,P2,BASE,-36.30,-34.99,-127,R,89002,-19.1537
30430,P2,BASE,-36.45,-37.50,-124,R,88987,-19.1432
30440,P2,BASE,-36.60,-35.00,-127,R,88973,-19.1592
30450,P2,BASE,-36.75,-35.00,-127,R,88959,-19.1767
30460,P2,BASE,-36.90,-32.51,-130,R,88946,-19.2206
30470,P2,BASE,-37.05,-34.99,-128,R,88932,-19.2412
30480,P2,BASE,-37.20,-35.01,-128,R,88918,-19.2631
30490,P2,BASE,-37.35,-35.00,-129,R,88904,-19.2866
30500,P2,BASE,-37.50,-35.00,-129,R,88890,-19.3116
30510,P2,BASE,-37.65,-37.49,-127,R,88875,-19.3132
30520,P2,BASE,-37.80,-35.00,-129,R,88861,-19.3412
30530,P2,BASE,-37.95,-35.01,-130,R,88847,-19.3706
30540,P2,BASE,-38.10,-34.99,-130,R,88833,-19.4016
30550,P2,BASE,-38.25,-35.00,-130,R,88819,-19.4341
30560,P2,BASE,-38.40,-35.00,-131,R,88805,-19.4682
30570,P2,BASE,-38.55,-35.00,-131,R,88791,-19.5037
30580,P2,BASE,-38.70,-37.50,-129,R,88776,-19.5157
30590,P2,BASE,-38.85,-35.00,-132,R,88762,-19.5541
30600,P2,BASE,-39.00,-37.51,-130,R,88747,-19.5691
30610,P2,BASE,-39.15,-35.00,-133,R,88733,-19.6106
30620,P2,BASE,-39.30,-35.00,-133,R,88719,-19.6536
30630,P2,BASE,-39.45,-37.49,-131,R,88704,-19.6732
30640,P2,BASE,-39.60,-37.50,-131,R,88689,-19.6942
30650,P2,BASE,-39.75,-37.51,-131,R,88674,-19.7166
30660,P2,BASE,-39.90,-37.50,-132,R,88659,-19.7406
30670,P2,BASE,-40.05,-40.01,-129,R,88643,-19.7411
30680,P2,BASE,-40.20,-37.50,-132,R,88628,-19.7681
30690,P2,BASE,-40.35,-37.50,-132,R,88613,-19.7966
30700,P2,BASE,-40.50,-37.50,-133,R,88598,-19.8266
30710,P2,BASE,-40.65,-37.50,-133,R,88583,-19.8581
30720,P2,BASE,-40.80,-40.00,-131,R,88567,-19.8662
30730,P2,BASE,-40.95,-37.50,-134,R,88552,-19.9007
30740,P2,BASE,-41.10,-37.51,-134,R,88537,-19.9366
30750,P2,BASE,-41.25,-40.00,-132,R,88521,-19.9491
30760,P2,BASE,-41.40,-39.96,-132,R,88505,-19.9634
30770,P2,BASE,-41.55,-37.53,-135,R,88490,-20.0036
30780,P2,BASE,-41.70,-37.49,-135,R,88475,-20.0457
30790,P2,BASE,-41.85,-42.50,-130,R,88458,-20.0392
30800,P2,BASE,-42.00,-40.00,-133,R,88442,-20.0592
30810,P2,BASE,-42.15,-37.51,-136,R,88427,-20.1056
30820,P2,BASE,-42.30,-39.99,-134,R,88411,-20.1287
30830,P2,BASE,-42.45,-40.00,-134,R,88395,-20.1532
30840,P2,BASE,-42.60,-40.01,-135,R,88379,-20.1791
30850,P2,BASE,-42.75,-39.98,-135,R,88363,-20.2067
30860,P2,BASE,-42.90,-40.01,-135,R,88347,-20.2356
30870,P2,BASE,-43.05,-42.50,-133,R,88330,-20.2411
30880,P2,BASE,-43.20,-40.00,-136,R,88314,-20.2731
30890,P2,BASE,-43.35,-39.99,-136,R,88298,-20.3067
30900,P2,BASE,-43.50,-40.01,-137,R,88282,-20.3416
30910,P2,BASE,-43.65,-42.49,-134,R,88265,-20.3532
30920,P2,BASE,-43.80,-40.01,-137,R,88249,-20.3911
30930,P2,BASE,-43.95,-42.50,-135,R,88232,-20.4057
30940,P2,BASE,-44.10,-42.49,-135,R,88215,-20.4218
30950,P2,BASE,-44.25,-42.52,-136,R,88198,-20.4391
30960,P2,BASE,-44.40,-40.00,-139,R,88182,-20.4831
30970,P2,BASE,-44.55,-44.99,-134,R,88164,-20.4787
30980,P2,BASE,-44.70,-42.50,-136,R,88147,-20.5007
30990,P2,BASE,-44.85,-42.50,-137,R,88130,-20.5242
31000,P2,BASE,-45.00,-42.49,-137,R,88113,-20.5493
31010,P2,BASE,-45.15,-47.51,-132,R,88094,-20.5257
31020,P2,BASE,-45.30,-45.00,-135,R,88076,-20.5286
31030,P2,BASE,-45.45,-45.00,-135,R,88058,-20.5331
31040,P2,BASE,-45.60,-45.00,-135,R,88040,-20.5391
31050,P2,BASE,-45.75,-47.49,-133,R,88021,-20.5217
31060,P2,BASE,-45.90,-45.01,-135,R,88003,-20.5306
31070,P2,BASE,-46.05,-44.99,-135,R,87985,-20.5412
31080,P2,BASE,-46.20,-49.98,-130,R,87965,-20.5035
31090,P2,BASE,-46.35,-45.04,-136,R,87947,-20.5166
31100,P2,BASE,-46.50,-47.50,-133,R,87928,-20.5067
31110,P2,BASE,-46.65,-47.50,-133,R,87909,-20.4982
31120,P2,BASE,-46.80,-47.50,-133,R,87890,-20.4912
31130,P2,BASE,-46.95,-47.50,-133,R,87871,-20.4857
31140,P2,BASE,-47.10,-47.49,-134,R,87852,-20.4818
31150,P2,BASE,-47.25,-47.50,-134,R,87833,-20.4792
31160,P2,BASE,-47.40,-47.50,-134,R,87814,-20.4782
31170,P2,BASE,-47.55,-47.50,-134,R,87795,-20.4788
31180,P2,BASE,-47.70,-50.01,-131,R,87775,-20.4557
31190,P2,BASE,-47.85,-49.99,-132,R,87755,-20.4342
31200,P2,BASE,-48.00,-50.01,-132,R,87735,-20.4141
31210,P2,BASE,-48.15,-47.49,-134,R,87716,-20.4207
31220,P2,BASE,-48.30,-50.00,-132,R,87696,-20.4037
31230,P2,BASE,-48.45,-47.50,-135,R,87677,-20.4132
31240,P2,BASE,-48.60,-49.99,-132,R,87657,-20.3993
31250,P2,BASE,-48.75,-47.50,-135,R,87638,-20.4117
31260,P2,BASE,-48.90,-47.51,-135,R,87619,-20.4257
31270,P2,BASE,-49.05,-49.99,-133,R,87599,-20.4163
31280,P2,BASE,-49.20,-47.50,-135,R,87580,-20.4333
31290,P2,BASE,-49.35,-47.50,-136,R,87561,-20.4518
31300,P2,BASE,-49.50,-50.02,-133,R,87541,-20.4466
31310,P2,BASE,-49.65,-45.00,-139,R,87523,-20.4931
31320,P2,BASE,-49.80,-47.50,-137,R,87504,-20.5161
31330,P2,BASE,-49.95,-49.99,-134,R,87484,-20.5158
31340,P2,BASE,-50.10,-47.51,-137,R,87465,-20.5417
31350,P2,BASE,-50.25,-47.50,-137,R,87446,-20.5691
31360,P2,BASE,-50.40,-47.50,-138,R,87427,-20.5981
31370,P2,BASE,-50.55,-47.50,-138,R,87408,-20.6287
31380,P2,BASE,-50.70,-47.49,-138,R,87389,-20.6608
31390,P2,BASE,-50.85,-49.99,-136,R,87369,-20.6693
31400,P2,BASE,-51.00,-47.51,-139,R,87350,-20.7042
31410,P2,BASE,-51.15,-45.00,-142,R,87332,-20.7656
31420,P2,BASE,-51.30,-49.99,-137,R,87312,-20.7788
31430,P2,BASE,-51.45,-47.50,-140,R,87293,-20.8182
31440,P2,BASE,-51.60,-45.01,-143,R,87275,-20.8841
31450,P2,BASE,-51.75,-49.99,-139,R,87255,-20.9017
31460,P2,BASE,-51.90,-49.99,-139,R,87235,-20.9208
31470,P2,BASE,-52.05,-47.50,-142,R,87216,-20.9663
31480,P2,BASE,-52.20,-47.50,-142,R,87197,-21.0133
31490,P2,BASE,-52.35,-50.00,-140,R,87177,-21.0368
31500,P2,BASE,-52.50,-50.00,-140,R,87157,-21.0618
31510,P2,BASE,-52.65,-47.50,-143,R,87138,-21.1133
31520,P2,BASE,-52.80,-50.01,-141,R,87118,-21.1412
31530,P2,BASE,-52.95,-50.01,-142,R,87098,-21.1707
31540,P2,BASE,-53.10,-47.49,-145,R,87079,-21.2268
31550,P2,BASE,-53.25,-50.01,-142,R,87059,-21.2592
31560,P2,BASE,-53.40,-49.99,-143,R,87039,-21.2933
31570,P2,BASE,-53.55,-50.01,-143,R,87019,-21.3288
31580,P2,BASE,-53.70,-50.00,-144,R,86999,-21.3658
31590,P2,BASE,-53.85,-50.00,-144,R,86979,-21.4043
31600,P2,BASE,-54.00,-50.00,-144,R,86959,-21.4443
31610,P2,BASE,-54.15,-52.51,-142,R,86938,-21.4607
31620,P2,BASE,-54.30,-52.50,-142,R,86917,-21.4787
31630,P2,BASE,-54.45,-52.51,-143,R,86896,-21.4981
31640,P2,BASE,-54.60,-54.95,-140,R,86874,-21.4946
31650,P2,BASE,-54.75,-52.53,-143,R,86853,-21.5168
31660,P2,BASE,-54.90,-52.49,-143,R,86832,-21.5408
31670,P2,BASE,-55.05,-55.01,-141,R,86810,-21.5412
31680,P2,BASE,-55.20,-52.51,-144,R,86789,-21.5682
31690,P2,BASE,-55.35,-54.99,-142,R,86767,-21.5718
31700,P2,BASE,-55.50,-55.01,-142,R,86745,-21.5767
31710,P2,BASE,-55.65,-54.99,-142,R,86723,-21.5832
31720,P2,BASE,-55.80,-52.51,-145,R,86702,-21.6161
31730,P2,BASE,-55.95,-54.98,-143,R,86680,-21.6259
31740,P2,BASE,-56.10,-55.02,-143,R,86658,-21.6367
31750,P2,BASE,-56.25,-55.01,-143,R,86636,-21.6491
31760,P2,BASE,-56.40,-54.99,-143,R,86614,-21.6632
31770,P2,BASE,-56.55,-54.99,-143,R,86592,-21.6788
31780,P2,BASE,-56.70,-57.52,-141,R,86569,-21.6706
31790,P2,BASE,-56.85,-54.98,-144,R,86547,-21.6893
31800,P2,BASE,-57.00,-55.01,-144,R,86525,-21.7092
31810,P2,BASE,-57.15,-54.99,-144,R,86503,-21.7308
31820,P2,BASE,-57.30,-57.51,-142,R,86480,-21.7287
31830,P2,BASE,-57.45,-54.99,-145,R,86458,-21.7533
31840,P2,BASE,-57.60,-55.01,-145,R,86436,-21.7792
31850,P2,BASE,-57.75,-54.99,-146,R,86414,-21.8068
31860,P2,BASE,-57.90,-54.99,-146,R,86392,-21.8358
31870,P2,BASE,-58.05,-55.02,-146,R,86370,-21.8661
31880,P2,BASE,-58.20,-54.98,-147,R,86348,-21.8983
31890,P2,BASE,-58.35,-55.01,-147,R,86326,-21.9317
31900,P2,BASE,-58.50,-55.01,-147,R,86304,-21.9666
31910,P2,BASE,-58.65,-57.49,-145,R,86281,-21.9782
31920,P2,BASE,-58.80,-57.51,-145,R,86258,-21.9911
31930,P2,BASE,-58.95,-57.49,-146,R,86235,-22.0057
31940,P2,BASE,-59.10,-57.51,-146,R,86212,-22.0216
31950,P2,BASE,-59.25,-57.50,-146,R,86189,-22.0391
31960,P2,BASE,-59.40,-59.99,-144,R,86165,-22.0332
31970,P2,BASE,-59.55,-55.01,-149,R,86143,-22.0787
31980,P2,BASE,-59.70,-60.01,-144,R,86119,-22.0756
31990,P2,BASE,-59.85,-57.49,-147,R,86096,-22.0992
32000,P2,BASE,-60.00,-60.01,-145,R,86072,-22.0992
32010,P2,BASE,-60.15,-59.99,-145,R,86048,-22.1007
32020,P2,BASE,-60.30,-57.49,-148,R,86025,-22.1288
32030,P2,BASE,-60.45,-60.00,-145,R,86001,-22.1333
32040,P2,BASE,-60.60,-60.02,-145,R,85977,-22.1391
32050,P2,BASE,-60.75,-57.48,-148,R,85954,-22.1718
32060,P2,BASE,-60.90,-60.02,-146,R,85930,-22.1806
32070,P2,BASE,-61.05,-57.49,-149,R,85907,-22.2162
32080,P2,BASE,-61.20,-60.01,-147,R,85883,-22.2281
32090,P2,BASE,-61.35,-57.49,-150,R,85860,-22.2667
32100,P2,BASE,-61.50,-59.98,-147,R,85836,-22.2818
32110,P2,BASE,-61.65,-57.50,-150,R,85813,-22.3233
32120,P2,BASE,-61.80,-60.00,-148,R,85789,-22.3413
32130,P2,BASE,-61.95,-60.02,-148,R,85765,-22.3606
32140,P2,BASE,-62.10,-60.00,-149,R,85741,-22.3816
32150,P2,BASE,-62.25,-57.48,-152,R,85718,-22.4293
32160,P2,BASE,-62.40,-62.51,-147,R,85693,-22.4282
32170,P2,BASE,-62.55,-62.49,-147,R,85668,-22.4288
32180,P2,BASE,-62.70,-60.00,-150,R,85644,-22.4558
32190,P2,BASE,-62.85,-62.51,-147,R,85619,-22.4593
32200,P2,BASE,-63.00,-60.02,-150,R,85595,-22.4891
32210,P2,BASE,-63.15,-64.99,-145,R,85569,-22.4707
32220,P2,BASE,-63.30,-62.49,-148,R,85544,-22.4787
32230,P2,BASE,-63.45,-59.99,-151,R,85520,-22.5133
32240,P2,BASE,-63.60,-65.01,-146,R,85494,-22.4992
32250,P2,BASE,-63.75,-60.00,-151,R,85470,-22.5367
32260,P2,BASE,-63.90,-65.01,-146,R,85444,-22.5257
32270,P2,BASE,-64.05,-62.50,-149,R,85419,-22.5411
32280,P2,BASE,-64.20,-65.00,-147,R,85393,-22.5331
32290,P2,BASE,-64.35,-65.01,-147,R,85367,-22.5266
32300,P2,BASE,-64.50,-64.99,-147,R,85341,-22.5217
32310,P2,BASE,-64.65,-65.00,-147,R,85315,-22.5182
32320,P2,BASE,-64.80,-64.99,-147,R,85289,-22.5162
32330,P2,BASE,-64.95,-65.01,-147,R,85263,-22.5156
32340,P2,BASE,-65.10,-64.96,-148,R,85237,-22.5170
32350,P2,BASE,-65.25,-62.53,-150,R,85212,-22.5442
32360,P2,BASE,-65.40,-64.99,-148,R,85186,-22.5483
32370,P2,BASE,-65.55,-65.01,-148,R,85160,-22.5537
32380,P2,BASE,-65.70,-65.00,-148,R,85134,-22.5607
32390,P2,BASE,-65.85,-60.01,-154,R,85110,-22.6191
32400,P2,BASE,-66.00,-67.49,-146,R,85083,-22.6042
32410,P2,BASE,-66.15,-62.49,-152,R,85058,-22.6408
32420,P2,BASE,-66.30,-65.00,-150,R,85032,-22.6538
32430,P2,BASE,-66.45,-62.49,-153,R,85007,-22.6934
32440,P2,BASE,-66.60,-65.02,-150,R,84981,-22.7092
32450,P2,BASE,-66.75,-67.49,-148,R,84954,-22.7018
32460,P2,BASE,-66.90,-62.50,-153,R,84929,-22.7458
32470,P2,BASE,-67.05,-65.01,-151,R,84903,-22.7662
32480,P2,BASE,-67.20,-62.49,-154,R,84878,-22.8133
32490,P2,BASE,-67.35,-65.02,-152,R,84852,-22.8366
32500,P2,BASE,-67.50,-64.99,-152,R,84826,-22.8617
32510,P2,BASE,-67.65,-64.99,-153,R,84800,-22.8883
32520,P2,BASE,-67.80,-67.51,-150,R,84773,-22.8912
32530,P2,BASE,-67.95,-64.99,-153,R,84747,-22.9207
32540,P2,BASE,-68.10,-65.01,-153,R,84721,-22.9516
32550,P2,BASE,-68.25,-64.99,-154,R,84695,-22.9842
32560,P2,BASE,-68.40,-64.99,-154,R,84669,-23.0182
32570,P2,BASE,-68.55,-65.01,-155,R,84643,-23.0537
32580,P2,BASE,-68.70,-65.01,-155,R,84617,-23.0906
32590,P2,BASE,-68.85,-64.99,-155,R,84591,-23.1292
32600,P2,BASE,-69.00,-64.99,-156,R,84565,-23.1693
32610,P2,BASE,-69.15,-67.47,-153,R,84538,-23.1861
32620,P2,BASE,-69.30,-65.02,-156,R,84512,-23.2289
32630,P2,BASE,-69.45,-67.53,-154,R,84485,-23.2482
32640,P2,BASE,-69.60,-67.49,-154,R,84458,-23.2693
32650,P2,BASE,-69.75,-70.02,-152,R,84430,-23.2666
32660,P2,BASE,-69.90,-67.46,-155,R,84403,-23.2910
32670,P2,BASE,-70.05,-67.52,-155,R,84376,-23.3163
32680,P2,BASE,-70.20,-67.50,-156,R,84349,-23.3433
32690,P2,BASE,-70.35,-67.52,-156,R,84322,-23.3716
32700,P2,BASE,-70.50,-69.97,-154,R,84294,-23.3769
32710,P2,BASE,-70.65,-67.53,-156,R,84267,-23.4081
32720,P2,BASE,-70.80,-69.97,-154,R,84239,-23.4164
32730,P2,BASE,-70.95,-67.51,-157,R,84212,-23.4508
32740,P2,BASE,-71.10,-70.01,-155,R,84184,-23.4617
32750,P2,BASE,-71.25,-69.99,-155,R,84156,-23.4742
32760,P2,BASE,-71.40,-69.99,-155,R,84128,-23.4883
32770,P2,BASE,-71.55,-70.00,-155,R,84100,-23.5038
32780,P2,BASE,-71.70,-69.98,-156,R,84072,-23.5210
32790,P2,BASE,-71.85,-67.52,-159,R,84045,-23.5643
32800,P2,BASE,-72.00,-67.52,-159,R,84018,-23.6091
32810,P2,BASE,-72.15,-69.97,-157,R,83990,-23.6309
32820,P2,BASE,-72.30,-67.51,-160,R,83963,-23.6788
32830,P2,BASE,-72.45,-70.01,-158,R,83935,-23.7031
32840,P2,BASE,-72.60,-67.49,-161,R,83908,-23.7542
32850,P2,BASE,-72.75,-72.48,-156,R,83879,-23.7569
32860,P2,BASE,-72.90,-70.00,-159,R,83851,-23.7859
32870,P2,BASE,-73.05,-72.53,-156,R,83822,-23.7911
32880,P2,BASE,-73.20,-69.97,-159,R,83794,-23.8234
32890,P2,BASE,-73.35,-75.03,-154,R,83764,-23.8066
32900,P2,BASE,-73.50,-72.49,-157,R,83735,-23.8167
32910,P2,BASE,-73.65,-72.49,-157,R,83706,-23.8283
32920,P2,BASE,-73.80,-70.00,-160,R,83678,-23.8663
32930,P2,BASE,-73.95,-75.00,-155,R,83648,-23.8558
32940,P2,BASE,-74.10,-72.52,-158,R,83619,-23.8716
32950,P2,BASE,-74.25,-74.98,-155,R,83589,-23.8643
32960,P2,BASE,-74.40,-72.52,-158,R,83560,-23.8831
32970,P2,BASE,-74.55,-74.98,-156,R,83530,-23.8788
32980,P2,BASE,-74.70,-72.51,-159,R,83501,-23.9007
32990,P2,BASE,-74.85,-72.50,-159,R,83472,-23.9242
33000,P2,BASE,-75.00,-72.51,-159,R,83443,-23.9491
33010,P2,BASE,-75.15,-72.48,-160,R,83414,-23.9758
33020,P2,BASE,-75.30,-72.51,-160,R,83385,-24.0037
33030,P2,BASE,-75.45,-72.49,-160,R,83356,-24.0333
33040,P2,BASE,-75.60,-75.01,-158,R,83326,-24.0391
33050,P2,BASE,-75.75,-72.50,-161,R,83297,-24.0716
33060,P2,BASE,-75.90,-75.00,-159,R,83267,-24.0806
33070,P2,BASE,-76.05,-74.99,-159,R,83237,-24.0912
33080,P2,BASE,-76.20,-72.48,-162,R,83208,-24.1284
33090,P2,BASE,-76.35,-77.50,-157,R,83177,-24.1169
33100,P2,BASE,-76.50,-75.02,-159,R,83147,-24.1317
33110,P2,BASE,-76.65,-74.99,-160,R,83117,-24.1483
33120,P2,BASE,-76.80,-75.00,-160,R,83087,-24.1663
33130,P2,BASE,-76.95,-75.02,-160,R,83057,-24.1856
33140,P2,BASE,-77.10,-74.97,-161,R,83027,-24.2069
33150,P2,BASE,-77.25,-77.52,-158,R,82996,-24.2042
33160,P2,BASE,-77.40,-77.48,-158,R,82965,-24.2034
33170,P2,BASE,-77.55,-77.52,-158,R,82934,-24.2037
33180,P2,BASE,-77.70,-80.01,-156,R,82902,-24.1806
33190,P2,BASE,-77.85,-74.99,-161,R,82872,-24.2092
33200,P2,BASE,-78.00,-77.51,-159,R,82841,-24.2142
33210,P2,BASE,-78.15,-77.48,-159,R,82810,-24.2208
33220,P2,BASE,-78.30,-75.01,-162,R,82780,-24.2537
33230,P2,BASE,-78.45,-77.49,-160,R,82749,-24.2632
33240,P2,BASE,-78.60,-77.48,-160,R,82718,-24.2745
33250,P2,BASE,-78.75,-77.51,-160,R,82687,-24.2869
33260,P2,BASE,-78.90,-75.02,-163,R,82657,-24.3257
33270,P2,BASE,-79.05,-79.98,-158,R,82625,-24.3163
33280,P2,BASE,-79.20,-75.01,-164,R,82595,-24.3583
33290,P2,BASE,-79.35,-77.51,-161,R,82564,-24.3767
33300,P2,BASE,-79.50,-77.51,-162,R,82533,-24.3966
33310,P2,BASE,-79.65,-77.47,-162,R,82502,-24.4184
33320,P2,BASE,-79.80,-75.03,-165,R,82472,-24.4661
33330,P2,BASE,-79.95,-79.98,-160,R,82440,-24.4658
33340,P2,BASE,-80.10,-77.52,-163,R,82409,-24.4916
33350,P2,BASE,-80.25,-77.49,-163,R,82378,-24.5192
33360,P2,BASE,-80.40,-79.99,-161,R,82346,-24.5233
33370,P2,BASE,-80.55,-77.51,-164,R,82315,-24.5537
33380,P2,BASE,-80.70,-77.48,-164,R,82284,-24.5858
33390,P2,BASE,-80.85,-77.49,-165,R,82253,-24.6194
33400,P2,BASE,-81.00,-75.02,-168,R,82223,-24.6792
33410,P2,BASE,-81.15,-77.49,-166,R,82192,-24.7158
33420,P2,BASE,-81.30,-75.01,-169,R,82162,-24.7787
33430,P2,BASE,-81.45,-77.50,-167,R,82131,-24.8182
33440,P2,BASE,-81.60,-77.50,-167,R,82100,-24.8592
33450,P2,BASE,-81.75,-79.98,-165,R,82068,-24.8769
33460,P2,BASE,-81.90,-80.01,-165,R,82036,-24.8959
33470,P2,BASE,-82.05,-75.02,-171,R,82006,-24.9661
33480,P2,BASE,-82.20,-79.99,-166,R,81974,-24.9882
33490,P2,BASE,-82.35,-77.50,-169,R,81943,-25.0367
33500,P2,BASE,-82.50,-79.99,-167,R,81911,-25.0618
33510,P2,BASE,-82.65,-77.48,-170,R,81880,-25.1135
33520,P2,BASE,-82.80,-77.51,-170,R,81849,-25.1664
33530,P2,BASE,-82.95,-77.52,-171,R,81818,-25.2207
33540,P2,BASE,-83.10,-80.01,-168,R,81786,-25.2516
33550,P2,BASE,-83.25,-77.49,-172,R,81755,-25.3092
33560,P2,BASE,-83.40,-79.99,-169,R,81723,-25.3433
33570,P2,BASE,-83.55,-77.49,-173,R,81692,-25.4039
33580,P2,BASE,-83.70,-80.01,-170,R,81660,-25.4408
33590,P2,BASE,-83.85,-77.50,-173,R,81629,-25.5043
33600,P2,BASE,-84.00,-77.52,-174,R,81598,-25.5691
33610,P2,BASE,-84.15,-77.49,-175,R,81567,-25.6357
33620,P2,BASE,-84.30,-77.49,-175,R,81536,-25.7038
33630,P2,BASE,-84.45,-75.01,-179,R,81506,-25.7981
33640,P2,BASE,-84.60,-82.48,-171,R,81473,-25.8194
33650,P2,BASE,-84.75,-79.99,-174,R,81441,-25.8670
33660,P2,BASE,-84.90,-80.02,-175,R,81409,-25.9157
33670,P2,BASE,-85.05,-82.50,-172,R,81376,-25.9412
33680,P2,BASE,-85.20,-80.01,-175,R,81344,-25.9932
33690,P2,BASE,-85.35,-84.97,-171,R,81310,-25.9969
33700,P2,BASE,-85.50,-79.99,-176,R,81278,-26.0520
33710,P2,BASE,-85.65,-85.03,-171,R,81244,-26.0582
33720,P2,BASE,-85.80,-79.98,-177,R,81212,-26.1165
33730,P2,BASE,-85.95,-85.02,-172,R,81178,-26.1258
33740,P2,BASE,-86.10,-82.51,-175,R,81145,-26.1617
33750,P2,BASE,-86.25,-82.48,-175,R,81112,-26.1994
33760,P2,BASE,-86.40,-85.01,-173,R,81078,-26.2133
33770,P2,BASE,-86.55,-79.98,-179,R,81046,-26.2790
33780,P2,BASE,-86.70,-85.01,-174,R,81012,-26.2959
33790,P2,BASE,-86.85,-80.01,-180,R,80980,-26.3643
33800,P2,BASE,-87.00,-85.01,-175,R,80946,-26.3842
33810,P2,BASE,-87.15,-82.49,-178,R,80913,-26.4308
33820,P2,BASE,-87.30,-85.00,-176,R,80879,-26.4538
33830,P2,BASE,-87.45,-84.99,-176,R,80845,-26.4784
33840,P2,BASE,-87.60,-85.01,-176,R,80811,-26.5043
33850,P2,BASE,-87.75,-85.02,-177,R,80777,-26.5316
33860,P2,BASE,-87.90,-84.97,-177,R,80743,-26.5609
33870,P2,BASE,-88.05,-85.02,-177,R,80709,-26.5912
33880,P2,BASE,-88.20,-84.98,-178,R,80675,-26.6234
33890,P2,BASE,-88.35,-87.49,-175,R,80640,-26.6320
33900,P2,BASE,-88.50,-85.01,-178,R,80606,-26.6669
33910,P2,BASE,-88.65,-87.52,-176,R,80571,-26.6782
33920,P2,BASE,-88.80,-87.48,-176,R,80536,-26.6914
33930,P2,BASE,-88.95,-87.50,-176,R,80501,-26.7059
33940,P2,BASE,-89.10,-87.53,-177,R,80466,-26.7216
33950,P2,BASE,-89.25,-84.97,-180,R,80432,-26.7644
33960,P2,BASE,-89.40,-87.51,-177,R,80397,-26.7833
33970,P2,BASE,-89.55,-87.49,-178,R,80362,-26.8039
33980,P2,BASE,-89.70,-84.99,-181,R,80328,-26.8510
33990,P2,BASE,-89.85,-87.53,-178,R,80293,-26.8742
34000,P2,BASE,-90.00,-87.48,-179,R,80258,-26.8994
34010,P2,BASE,-90.15,-90.01,-176,R,80222,-26.9008
34020,P2,BASE,-90.30,-84.98,-182,R,80188,-26.9539
34030,P2,BASE,-90.45,-92.53,-174,R,80151,-26.9332
34040,P2,BASE,-90.60,-85.01,-182,R,80117,-26.9891
34050,P2,BASE,-90.75,-89.97,-178,R,80081,-26.9969
34060,P2,BASE,-90.90,-92.51,-175,R,80044,-26.9808
34070,P2,BASE,-91.05,-87.52,-181,R,80009,-27.0161
34080,P2,BASE,-91.20,-92.48,-176,R,79972,-27.0033
34090,P2,BASE,-91.35,-90.00,-178,R,79936,-27.0168
34100,P2,BASE,-91.50,-90.01,-179,R,79900,-27.0317
34110,P2,BASE,-91.65,-87.50,-182,R,79865,-27.0732
34120,P2,BASE,-91.80,-90.00,-179,R,79829,-27.0912
34130,P2,BASE,-91.95,-87.50,-182,R,79794,-27.1357
34140,P2,BASE,-92.10,-90.01,-180,R,79758,-27.1566
34150,P2,BASE,-92.25,-87.50,-183,R,79723,-27.2041
34160,P2,BASE,-92.40,-92.47,-178,R,79686,-27.2034
34170,P2,BASE,-92.55,-92.52,-178,R,79649,-27.2037
34180,P2,BASE,-92.70,-92.50,-178,R,79612,-27.2057
34190,P2,BASE,-92.85,-89.97,-181,R,79576,-27.2345
34200,P2,BASE,-93.00,-90.00,-182,R,79540,-27.2645
34210,P2,BASE,-93.15,-92.50,-179,R,79503,-27.2710
34220,P2,BASE,-93.30,-87.52,-185,R,79468,-27.3288
34230,P2,BASE,-93.45,-92.50,-180,R,79431,-27.3383
34240,P2,BASE,-93.60,-92.52,-180,R,79394,-27.3491
34250,P2,BASE,-93.75,-92.49,-180,R,79357,-27.3617
34260,P2,BASE,-93.90,-92.48,-181,R,79320,-27.3759
34270,P2,BASE,-94.05,-90.00,-184,R,79284,-27.4164
34280,P2,BASE,-94.20,-92.53,-181,R,79247,-27.4331
34290,P2,BASE,-94.35,-89.99,-184,R,79211,-27.4767
34300,P2,BASE,-94.50,-90.01,-185,R,79175,-27.5216
34310,P2,BASE,-94.65,-89.97,-185,R,79139,-27.5684
34320,P2,BASE,-94.80,-92.50,-183,R,79102,-27.5914
34330,P2,BASE,-94.95,-95.03,-181,R,79064,-27.5906
34340,P2,BASE,-95.10,-94.98,-181,R,79026,-27.5918
34350,P2,BASE,-95.25,-95.00,-181,R,78988,-27.5943
34360,P2,BASE,-95.40,-94.98,-181,R,78950,-27.5985
34370,P2,BASE,-95.55,-95.01,-181,R,78912,-27.6039
34380,P2,BASE,-95.70,-97.49,-179,R,78873,-27.5860
34390,P2,BASE,-95.85,-95.02,-182,R,78835,-27.5943
34400,P2,BASE,-96.00,-97.51,-179,R,78796,-27.5792
34410,P2,BASE,-96.15,-94.98,-182,R,78758,-27.5909
34420,P2,BASE,-96.30,-97.50,-179,R,78719,-27.5789
34430,P2,BASE,-96.45,-95.01,-182,R,78681,-27.5933
34440,P2,BASE,-96.60,-95.02,-182,R,78643,-27.6091
34450,P2,BASE,-96.75,-94.96,-183,R,78605,-27.6270
34460,P2,BASE,-96.90,-92.51,-186,R,78568,-27.6709
34470,P2,BASE,-97.05,-95.01,-183,R,78530,-27.6913
34480,P2,BASE,-97.20,-97.49,-181,R,78491,-27.6884
34490,P2,BASE,-97.35,-95.00,-184,R,78453,-27.7119
34500,P2,BASE,-97.50,-97.50,-182,R,78414,-27.7119
34510,P2,BASE,-97.65,-97.50,-182,R,78375,-27.7134
34520,P2,BASE,-97.80,-95.03,-185,R,78337,-27.7411
34530,P2,BASE,-97.95,-97.50,-182,R,78298,-27.7456
34540,P2,BASE,-98.10,-97.48,-182,R,78259,-27.7518
34550,P2,BASE,-98.25,-95.00,-185,R,78221,-27.7843
34560,P2,BASE,-98.40,-100.01,-180,R,78181,-27.7682
34570,P2,BASE,-98.55,-97.51,-183,R,78142,-27.7786
34580,P2,BASE,-98.70,-99.99,-181,R,78102,-27.7657
34590,P2,BASE,-98.85,-97.48,-183,R,78063,-27.7794
34600,P2,BASE,-99.00,-95.01,-186,R,78025,-27.8193
34610,P2,BASE,-99.15,-97.50,-184,R,77986,-27.8358
34620,P2,BASE,-99.30,-97.49,-184,R,77947,-27.8539
34630,P2,BASE,-99.45,-97.53,-185,R,77908,-27.8731
34640,P2,BASE,-99.60,-99.98,-182,R,77868,-27.8693
34650,P2,BASE,-99.75,-97.50,-185,R,77829,-27.8918
34660,P2,BASE,-99.90,-97.51,-185,R,77790,-27.9157
34670,P2,BASE,-100.05,-99.97,-183,R,77750,-27.9165
34680,P2,BASE,-100.20,-100.01,-183,R,77710,-27.9184
34690,P2,BASE,-100.35,-97.52,-186,R,77671,-27.9467
34700,P2,BASE,-100.50,-102.49,-181,R,77630,-27.9268
34710,P2,BASE,-100.65,-100.02,-184,R,77590,-27.9331
34720,P2,BASE,-100.80,-99.96,-184,R,77550,-27.9415
34730,P2,BASE,-100.95,-100.00,-184,R,77510,-27.9510
34740,P2,BASE,-101.10,-100.04,-184,R,77470,-27.9616
34750,P2,BASE,-101.25,-100.00,-184,R,77430,-27.9741
34760,P2,BASE,-101.40,-97.49,-187,R,77391,-28.0132
34770,P2,BASE,-101.55,-97.49,-188,R,77352,-28.0538
34780,P2,BASE,-101.70,-99.98,-186,R,77312,-28.0710
34790,P2,BASE,-101.85,-102.53,-183,R,77271,-28.0642
34800,P2,BASE,-102.00,-99.99,-186,R,77231,-28.0843
34810,P2,BASE,-102.15,-100.01,-186,R,77191,-28.1057
34820,P2,BASE,-102.30,-102.48,-184,R,77150,-28.1039
34830,P2,BASE,-102.45,-100.01,-187,R,77110,-28.1283
34840,P2,BASE,-102.60,-99.99,-187,R,77070,-28.1544
34850,P2,BASE,-102.75,-102.51,-185,R,77029,-28.1568
34860,P2,BASE,-102.90,-100.01,-188,R,76989,-28.1857
34870,P2,BASE,-103.05,-102.51,-185,R,76948,-28.1911
34880,P2,BASE,-103.20,-99.99,-188,R,76908,-28.2232
34890,P2,BASE,-103.35,-102.51,-186,R,76867,-28.2316
34900,P2,BASE,-103.50,-100.00,-189,R,76827,-28.2666
34910,P2,BASE,-103.65,-99.99,-189,R,76787,-28.3032
34920,P2,BASE,-103.80,-99.98,-190,R,76747,-28.3414
34930,P2,BASE,-103.95,-100.01,-190,R,76707,-28.3808
34940,P2,BASE,-104.10,-105.01,-185,R,76665,-28.3717
34950,P2,BASE,-104.25,-107.48,-182,R,76622,-28.3394
34960,P2,BASE,-104.40,-105.01,-185,R,76580,-28.3333
34970,P2,BASE,-104.55,-105.02,-185,R,76538,-28.3286
34980,P2,BASE,-104.70,-104.97,-185,R,76496,-28.3259
34990,P2,BASE,-104.85,-105.01,-185,R,76454,-28.3243
35000,P2,BASE,-105.00,-107.45,-183,R,76411,-28.2998
35010,P2,BASE,-105.15,-105.04,-185,R,76369,-28.3009
35020,P2,BASE,-105.30,-107.51,-183,R,76326,-28.2788
35030,P2,BASE,-105.45,-102.51,-188,R,76285,-28.3082
35040,P2,BASE,-105.60,-105.00,-186,R,76243,-28.3142
35050,P2,BASE,-105.75,-104.99,-186,R,76201,-28.3218
35060,P2,BASE,-105.90,-102.50,-189,R,76160,-28.3558
35070,P2,BASE,-106.05,-102.50,-190,R,76119,-28.3913
35080,P2,BASE,-106.20,-107.51,-185,R,76076,-28.3782
35090,P2,BASE,-106.35,-105.01,-187,R,76034,-28.3916
35100,P2,BASE,-106.50,-104.96,-188,R,75992,-28.4070
35110,P2,BASE,-106.65,-107.53,-185,R,75949,-28.3982
35120,P2,BASE,-106.80,-104.97,-188,R,75907,-28.4165
35130,P2,BASE,-106.95,-107.45,-186,R,75864,-28.4115
35140,P2,BASE,-107.10,-105.08,-188,R,75822,-28.4317
35150,P2,BASE,-107.25,-107.51,-186,R,75779,-28.4291
35160,P2,BASE,-107.40,-107.46,-186,R,75736,-28.4285
35170,P2,BASE,-107.55,-105.03,-189,R,75694,-28.4537
35180,P2,BASE,-107.70,-107.48,-187,R,75651,-28.4559
35190,P2,BASE,-107.85,-105.01,-189,R,75609,-28.4843
35200,P2,BASE,-108.00,-107.50,-187,R,75566,-28.4893
35210,P2,BASE,-108.15,-105.01,-190,R,75524,-28.5207
35220,P2,BASE,-108.30,-107.48,-188,R,75481,-28.5289
35230,P2,BASE,-108.45,-107.50,-188,R,75438,-28.5384
35240,P2,BASE,-108.60,-105.01,-191,R,75396,-28.5743
35250,P2,BASE,-108.75,-110.02,-186,R,75352,-28.5616
35260,P2,BASE,-108.90,-110.00,-186,R,75308,-28.5506
35270,P2,BASE,-109.05,-107.46,-189,R,75265,-28.5665
35280,P2,BASE,-109.20,-110.00,-186,R,75221,-28.5585
35290,P2,BASE,-109.35,-110.04,-186,R,75177,-28.5516
35300,P2,BASE,-109.50,-107.49,-189,R,75134,-28.5717
35310,P2,BASE,-109.65,-110.01,-187,R,75090,-28.5681
35320,P2,BASE,-109.80,-107.50,-190,R,75047,-28.5911
35330,P2,BASE,-109.95,-105.00,-193,R,75005,-28.6406
35340,P2,BASE,-110.10,-107.50,-190,R,74962,-28.6666
35350,P2,BASE,-110.25,-107.50,-191,R,74919,-28.6941
35360,P2,BASE,-110.40,-112.49,-186,R,74874,-28.6732
35370,P2,BASE,-110.55,-109.98,-188,R,74830,-28.6789
35380,P2,BASE,-110.70,-107.53,-191,R,74787,-28.7106
35390,P2,BASE,-110.85,-112.49,-186,R,74742,-28.6942
35400,P2,BASE,-111.00,-109.98,-189,R,74698,-28.7044
35410,P2,BASE,-111.15,-107.50,-192,R,74655,-28.7409
35420,P2,BASE,-111.30,-107.53,-192,R,74612,-28.7786
35430,P2,BASE,-111.45,-109.96,-190,R,74568,-28.7936
35440,P2,BASE,-111.60,-110.04,-190,R,74524,-28.8091
35450,P2,BASE,-111.75,-109.96,-191,R,74480,-28.8271
35460,P2,BASE,-111.90,-107.54,-194,R,74437,-28.8706
35470,P2,BASE,-112.05,-109.99,-191,R,74393,-28.8912
35480,P2,BASE,-112.20,-107.50,-194,R,74350,-28.9382
35490,P2,BASE,-112.35,-109.99,-192,R,74306,-28.9618
35500,P2,BASE,-112.50,-112.51,-190,R,74261,-28.9617
35510,P2,BASE,-112.65,-112.48,-190,R,74216,-28.9635
35520,P2,BASE,-112.80,-115.03,-187,R,74170,-28.9411
35530,P2,BASE,-112.95,-112.50,-190,R,74125,-28.9456
35540,P2,BASE,-113.10,-114.98,-188,R,74079,-28.9268
35550,P2,BASE,-113.25,-115.02,-188,R,74033,-28.9091
35560,P2,BASE,-113.40,-115.00,-188,R,73987,-28.8931
35570,P2,BASE,-113.55,-115.00,-188,R,73941,-28.8786
35580,P2,BASE,-113.70,-112.47,-191,R,73896,-28.8909
35590,P2,BASE,-113.85,-112.52,-191,R,73851,-28.9042
35600,P2,BASE,-114.00,-112.51,-191,R,73806,-28.9191
35610,P2,BASE,-114.15,-112.47,-191,R,73761,-28.9359
35620,P2,BASE,-114.30,-110.00,-194,R,73717,-28.9789
35630,P2,BASE,-114.45,-117.50,-187,R,73670,-28.9484
35640,P2,BASE,-114.60,-112.52,-192,R,73625,-28.9692
35650,P2,BASE,-114.75,-112.48,-192,R,73580,-28.9919
35660,P2,BASE,-114.90,-115.01,-190,R,73534,-28.9908
35670,P2,BASE,-115.05,-112.51,-193,R,73489,-29.0162
35680,P2,BASE,-115.20,-114.97,-190,R,73443,-29.0186
35690,P2,BASE,-115.35,-112.53,-193,R,73398,-29.0467
35700,P2,BASE,-115.50,-117.48,-188,R,73351,-29.0270
35710,P2,BASE,-115.65,-115.02,-191,R,73305,-29.0332
35720,P2,BASE,-115.80,-114.99,-191,R,73259,-29.0413
35730,P2,BASE,-115.95,-115.01,-191,R,73213,-29.0507
35740,P2,BASE,-116.10,-112.51,-194,R,73168,-29.0866
35750,P2,BASE,-116.25,-112.49,-195,R,73123,-29.1242
35760,P2,BASE,-116.40,-117.51,-190,R,73076,-29.1131
35770,P2,BASE,-116.55,-114.98,-192,R,73030,-29.1288
35780,P2,BASE,-116.70,-115.00,-193,R,72984,-29.1458
35790,P2,BASE,-116.85,-117.52,-190,R,72937,-29.1391
35800,P2,BASE,-117.00,-117.50,-190,R,72890,-29.1341
35810,P2,BASE,-117.15,-117.48,-190,R,72843,-29.1308
35820,P2,BASE,-117.30,-115.02,-193,R,72797,-29.1536
35830,P2,BASE,-117.45,-119.95,-188,R,72749,-29.1286
35840,P2,BASE,-117.60,-115.01,-194,R,72703,-29.1545
35850,P2,BASE,-117.75,-117.51,-191,R,72656,-29.1569
35860,P2,BASE,-117.90,-115.00,-194,R,72610,-29.1859
35870,P2,BASE,-118.05,-114.98,-195,R,72564,-29.2166
35880,P2,BASE,-118.20,-115.03,-195,R,72518,-29.2482
35890,P2,BASE,-118.35,-120.00,-190,R,72470,-29.2317
35900,P2,BASE,-118.50,-117.46,-193,R,72423,-29.2421
35910,P2,BASE,-118.65,-115.03,-195,R,72377,-29.2782
35920,P2,BASE,-118.80,-117.48,-193,R,72330,-29.2915
35930,P2,BASE,-118.95,-117.50,-193,R,72283,-29.3060
35940,P2,BASE,-119.10,-117.51,-194,R,72236,-29.3219
35950,P2,BASE,-119.25,-117.52,-194,R,72189,-29.3391
35960,P2,BASE,-119.40,-117.46,-194,R,72142,-29.3585
35970,P2,BASE,-119.55,-117.54,-195,R,72095,-29.3786
35980,P2,BASE,-119.70,-117.45,-195,R,72048,-29.4011
35990,P2,BASE,-119.85,-115.00,-198,R,72002,-29.4496
36000,P2,BASE,-120.00,-115.05,-198,R,71956,-29.4991
36010,P2,BASE,-120.15,-117.50,-196,R,71909,-29.5256
36020,P2,BASE,-120.30,-119.99,-194,R,71861,-29.5288
36030,P2,BASE,-120.45,-120.01,-194,R,71813,-29.5331
36040,P2,BASE,-120.60,-124.99,-189,R,71763,-29.4893
36050,P2,BASE,-120.75,-120.00,-194,R,71715,-29.4968
36060,P2,BASE,-120.90,-122.50,-191,R,71666,-29.4808
36070,P2,BASE,-121.05,-122.48,-192,R,71617,-29.4665
36080,P2,BASE,-121.20,-125.04,-189,R,71567,-29.4281
36090,P2,BASE,-121.35,-122.48,-192,R,71518,-29.4169
36100,P2,BASE,-121.50,-119.98,-194,R,71470,-29.4321
36110,P2,BASE,-121.65,-120.04,-195,R,71422,-29.4483
36120,P2,BASE,-121.80,-117.48,-198,R,71375,-29.4915
36130,P2,BASE,-121.95,-122.51,-193,R,71326,-29.4859
36140,P2,BASE,-122.10,-122.49,-193,R,71277,-29.4820
36150,P2,BASE,-122.25,-119.99,-196,R,71229,-29.5046
36160,P2,BASE,-122.40,-122.52,-193,R,71180,-29.5034
36170,P2,BASE,-122.55,-119.98,-196,R,71132,-29.5291
36180,P2,BASE,-122.70,-122.52,-194,R,71083,-29.5309
36190,P2,BASE,-122.85,-122.48,-194,R,71034,-29.5346
36200,P2,BASE,-123.00,-120.00,-197,R,70986,-29.5646
36210,P2,BASE,-123.15,-122.52,-194,R,70937,-29.5709
36220,P2,BASE,-123.30,-122.50,-195,R,70888,-29.5789
36230,P2,BASE,-123.45,-122.51,-195,R,70839,-29.5882
36240,P2,BASE,-123.60,-122.51,-195,R,70790,-29.5991
36250,P2,BASE,-123.75,-122.49,-195,R,70741,-29.6117
36260,P2,BASE,-123.90,-122.48,-196,R,70692,-29.6260
36270,P2,BASE,-124.05,-120.04,-198,R,70644,-29.6661
36280,P2,BASE,-124.20,-122.46,-196,R,70595,-29.6835
36290,P2,BASE,-124.35,-125.03,-194,R,70545,-29.6767
36300,P2,BASE,-124.50,-125.00,-194,R,70495,-29.6717
36310,P2,BASE,-124.65,-125.01,-194,R,70445,-29.6681
36320,P2,BASE,-124.80,-124.96,-194,R,70395,-29.6665
36330,P2,BASE,-124.95,-127.53,-192,R,70344,-29.6407
36340,P2,BASE,-125.10,-122.50,-197,R,70295,-29.6667
36350,P2,BASE,-125.25,-125.01,-195,R,70245,-29.6691
36360,P2,BASE,-125.40,-119.98,-200,R,70197,-29.7233
36370,P2,BASE,-125.55,-122.50,-198,R,70148,-29.7538
36380,P2,BASE,-125.70,-125.00,-196,R,70098,-29.7608
36390,P2,BASE,-125.85,-125.00,-196,R,70048,-29.7693
36400,P2,BASE,-126.00,-125.03,-196,R,69998,-29.7791
36410,P2,BASE,-126.15,-124.99,-196,R,69948,-29.7907
36420,P2,BASE,-126.30,-124.99,-197,R,69898,-29.8038
36430,P2,BASE,-126.45,-122.52,-199,R,69849,-29.8431
36440,P2,BASE,-126.60,-122.46,-200,R,69800,-29.8845
36450,P2,BASE,-126.75,-127.49,-195,R,69749,-29.8771
36460,P2,BASE,-126.90,-125.05,-198,R,69699,-29.8956
36470,P2,BASE,-127.05,-124.95,-198,R,69649,-29.9166
36480,P2,BASE,-127.20,-122.55,-201,R,69600,-29.9631
36490,P2,BASE,-127.35,-122.44,-202,R,69551,-30.0122
36500,P2,BASE,-127.50,-122.55,-202,R,69502,-30.0617
36510,P2,BASE,-127.65,-129.94,-194,R,69450,-30.0389
36520,P2,BASE,-127.80,-127.56,-197,R,69399,-30.0412
36530,P2,BASE,-127.95,-129.99,-195,R,69347,-30.0209
36540,P2,BASE,-128.10,-130.01,-195,R,69295,-30.0017
36550,P2,BASE,-128.25,-129.99,-195,R,69243,-29.9844
36560,P2,BASE,-128.40,-129.99,-195,R,69191,-29.9685
36570,P2,BASE,-128.55,-129.99,-195,R,69139,-29.9541
36580,P2,BASE,-128.70,-130.04,-195,R,69087,-29.9407
36590,P2,BASE,-128.85,-127.47,-198,R,69036,-29.9545
36600,P2,BASE,-129.00,-127.50,-198,R,68985,-29.9695
36610,P2,BASE,-129.15,-127.54,-198,R,68934,-29.9856
36620,P2,BASE,-129.30,-127.49,-198,R,68883,-30.0037
36630,P2,BASE,-129.45,-127.47,-199,R,68832,-30.0235
36640,P2,BASE,-129.60,-130.00,-196,R,68780,-30.0195
36650,P2,BASE,-129.75,-127.51,-199,R,68729,-30.0419
36660,P2,BASE,-129.90,-127.50,-199,R,68678,-30.0659
36670,P2,BASE,-130.05,-130.00,-197,R,68626,-30.0664
36680,P2,BASE,-130.20,-129.99,-197,R,68574,-30.0685
36690,P2,BASE,-130.35,-127.51,-200,R,68523,-30.0969
36700,P2,BASE,-130.50,-130.00,-198,R,68471,-30.1019
36710,P2,BASE,-130.65,-129.99,-198,R,68419,-30.1085
36720,P2,BASE,-130.80,-127.54,-201,R,68368,-30.1411
36730,P2,BASE,-130.95,-127.50,-201,R,68317,-30.1756
36740,P2,BASE,-131.10,-132.46,-196,R,68264,-30.1620
36750,P2,BASE,-131.25,-129.99,-199,R,68212,-30.1746
36760,P2,BASE,-131.40,-132.51,-196,R,68159,-30.1635
36770,P2,BASE,-131.55,-130.01,-199,R,68107,-30.1789
36780,P2,BASE,-131.70,-132.49,-197,R,68054,-30.1710
36790,P2,BASE,-131.85,-132.43,-197,R,68001,-30.1652
36800,P2,BASE,-132.00,-132.59,-197,R,67948,-30.1592
36810,P2,BASE,-132.15,-132.46,-197,R,67895,-30.1561
36820,P2,BASE,-132.30,-130.01,-200,R,67843,-30.1790
36830,P2,BASE,-132.45,-129.99,-200,R,67791,-30.2036
36840,P2,BASE,-132.60,-130.03,-201,R,67739,-30.2294
36850,P2,BASE,-132.75,-130.01,-201,R,67687,-30.2567
36860,P2,BASE,-132.90,-132.51,-199,R,67634,-30.2606
36870,P2,BASE,-133.05,-129.96,-202,R,67582,-30.2915
36880,P2,BASE,-133.20,-132.53,-199,R,67529,-30.2982
36890,P2,BASE,-133.35,-130.00,-202,R,67477,-30.3317
36900,P2,BASE,-133.50,-132.49,-200,R,67424,-30.3419
36910,P2,BASE,-133.65,-132.50,-200,R,67371,-30.3534
36920,P2,BASE,-133.80,-132.53,-200,R,67318,-30.3661
36930,P2,BASE,-133.95,-129.97,-203,R,67266,-30.4059
36940,P2,BASE,-134.10,-130.01,-204,R,67214,-30.4467
36950,P2,BASE,-134.25,-129.97,-204,R,67162,-30.4895
36960,P2,BASE,-134.40,-130.01,-204,R,67110,-30.5334
36970,P2,BASE,-134.55,-135.03,-200,R,67056,-30.5286
36980,P2,BASE,-134.70,-134.96,-200,R,67002,-30.5260
36990,P2,BASE,-134.85,-137.50,-197,R,66947,-30.4995
37000,P2,BASE,-135.00,-137.53,-197,R,66892,-30.4742
37010,P2,BASE,-135.15,-137.49,-197,R,66837,-30.4509
37020,P2,BASE,-135.30,-137.50,-197,R,66782,-30.4289
37030,P2,BASE,-135.45,-137.51,-197,R,66727,-30.4082
37040,P2,BASE,-135.60,-134.97,-200,R,66673,-30.4145
37050,P2,BASE,-135.75,-132.50,-203,R,66620,-30.4470
37060,P2,BASE,-135.90,-135.00,-200,R,66566,-30.4560
37070,P2,BASE,-136.05,-132.50,-203,R,66513,-30.4915
37080,P2,BASE,-136.20,-137.54,-198,R,66458,-30.4781
37090,P2,BASE,-136.35,-134.99,-201,R,66404,-30.4917
37100,P2,BASE,-136.50,-137.50,-199,R,66349,-30.4817
37110,P2,BASE,-136.65,-132.51,-204,R,66296,-30.5231
37120,P2,BASE,-136.80,-134.99,-202,R,66242,-30.5412
37130,P2,BASE,-136.95,-135.01,-202,R,66188,-30.5606
37140,P2,BASE,-137.10,-134.99,-203,R,66134,-30.5817
37150,P2,BASE,-137.25,-137.46,-200,R,66079,-30.5796
37160,P2,BASE,-137.40,-137.56,-200,R,66024,-30.5781
37170,P2,BASE,-137.55,-135.00,-203,R,65970,-30.6036
37180,P2,BASE,-137.70,-135.00,-203,R,65916,-30.6306
37190,P2,BASE,-137.85,-137.40,-201,R,65861,-30.6350
37200,P2,BASE,-138.00,-135.04,-204,R,65807,-30.6646
37210,P2,BASE,-138.15,-140.03,-199,R,65751,-30.6459
37220,P2,BASE,-138.30,-137.49,-202,R,65696,-30.6540
37230,P2,BASE,-138.45,-140.01,-199,R,65640,-30.6384
37240,P2,BASE,-138.60,-140.03,-199,R,65584,-30.6241
37250,P2,BASE,-138.75,-139.97,-199,R,65528,-30.6119
37260,P2,BASE,-138.90,-139.99,-199,R,65472,-30.6010
37270,P2,BASE,-139.05,-135.00,-205,R,65418,-30.6415
37280,P2,BASE,-139.20,-134.97,-205,R,65364,-30.6838
37290,P2,BASE,-139.35,-135.01,-206,R,65310,-30.7271
37300,P2,BASE,-139.50,-140.01,-201,R,65254,-30.7220
37310,P2,BASE,-139.65,-140.03,-201,R,65198,-30.7182
37320,P2,BASE,-139.80,-137.50,-204,R,65143,-30.7412
37330,P2,BASE,-139.95,-137.49,-204,R,65088,-30.7659
37340,P2,BASE,-140.10,-137.49,-204,R,65033,-30.7920
37350,P2,BASE,-140.25,-137.50,-205,R,64978,-30.8195
37360,P2,BASE,-140.40,-137.53,-205,R,64923,-30.8482
37370,P2,BASE,-140.55,-140.00,-203,R,64867,-30.8537
37380,P2,BASE,-140.70,-137.39,-206,R,64812,-30.8868
37390,P2,BASE,-140.85,-135.08,-209,R,64758,-30.9445
37400,P2,BASE,-141.00,-137.45,-207,R,64703,-30.9801
37410,P2,BASE,-141.15,-140.08,-204,R,64647,-30.9907
37420,P2,BASE,-141.30,-142.50,-202,R,64590,-30.9787
37430,P2,BASE,-141.45,-144.96,-199,R,64532,-30.9436
37440,P2,BASE,-141.60,-142.51,-202,R,64475,-30.9345
37450,P2,BASE,-141.75,-145.00,-199,R,64417,-30.9020
37460,P2,BASE,-141.90,-145.03,-199,R,64359,-30.8707
37470,P2,BASE,-142.05,-145.00,-199,R,64301,-30.8412
37480,P2,BASE,-142.20,-139.99,-204,R,64245,-30.8634
37490,P2,BASE,-142.35,-139.97,-205,R,64189,-30.8871
37500,P2,BASE,-142.50,-142.50,-202,R,64132,-30.8871
37510,P2,BASE,-142.65,-140.01,-205,R,64076,-30.9135
37520,P2,BASE,-142.80,-142.43,-203,R,64019,-30.9172
37530,P2,BASE,-142.95,-142.61,-203,R,63962,-30.9206
37540,P2,BASE,-143.10,-139.96,-206,R,63906,-30.9520
37550,P2,BASE,-143.25,-140.03,-206,R,63850,-30.9842
37560,P2,BASE,-143.40,-142.51,-204,R,63793,-30.9931
37570,P2,BASE,-143.55,-142.47,-204,R,63736,-31.0039
37580,P2,BASE,-143.70,-142.51,-204,R,63679,-31.0157
37590,P2,BASE,-143.85,-142.47,-205,R,63622,-31.0295
37600,P2,BASE,-144.00,-142.50,-205,R,63565,-31.0445
37610,P2,BASE,-144.15,-139.99,-208,R,63509,-31.0861
37620,P2,BASE,-144.30,-145.03,-203,R,63451,-31.0788
37630,P2,BASE,-144.45,-142.49,-206,R,63394,-31.0985
37640,P2,BASE,-144.60,-147.41,-201,R,63335,-31.0704
37650,P2,BASE,-144.75,-142.59,-206,R,63278,-31.0920
37660,P2,BASE,-144.90,-147.54,-201,R,63219,-31.0656
37670,P2,BASE,-145.05,-147.50,-201,R,63160,-31.0411
37680,P2,BASE,-145.20,-144.99,-204,R,63102,-31.0432
37690,P2,BASE,-145.35,-144.99,-204,R,63044,-31.0469
37700,P2,BASE,-145.50,-142.47,-207,R,62987,-31.0771
37710,P2,BASE,-145.65,-142.51,-207,R,62930,-31.1085
37720,P2,BASE,-145.80,-145.01,-205,R,62872,-31.1164
37730,P2,BASE,-145.95,-145.00,-205,R,62814,-31.1259
37740,P2,BASE,-146.10,-145.00,-205,R,62756,-31.1369
37750,P2,BASE,-146.25,-142.53,-208,R,62699,-31.1741
37760,P2,BASE,-146.40,-142.46,-209,R,62642,-31.2135
37770,P2,BASE,-146.55,-145.00,-206,R,62584,-31.2290
37780,P2,BASE,-146.70,-145.01,-206,R,62526,-31.2459
37790,P2,BASE,-146.85,-144.97,-207,R,62468,-31.2646
37800,P2,BASE,-147.00,-142.51,-210,R,62411,-31.3095
37810,P2,BASE,-147.15,-139.99,-213,R,62355,-31.3811
37820,P2,BASE,-147.30,-145.06,-208,R,62297,-31.4036
37830,P2,BASE,-147.45,-147.50,-206,R,62238,-31.4031
37840,P2,BASE,-147.60,-150.00,-203,R,62178,-31.3791
37850,P2,BASE,-147.75,-149.97,-203,R,62118,-31.3569
37860,P2,BASE,-147.90,-150.01,-203,R,62058,-31.3357
37870,P2,BASE,-148.05,-152.47,-201,R,61997,-31.2915
37880,P2,BASE,-148.20,-150.03,-203,R,61937,-31.2732
37890,P2,BASE,-148.35,-147.47,-206,R,61878,-31.2820
37900,P2,BASE,-148.50,-147.50,-206,R,61819,-31.2920
37910,P2,BASE,-148.65,-147.51,-206,R,61760,-31.3034
37920,P2,BASE,-148.80,-144.99,-209,R,61702,-31.3415
37930,P2,BASE,-148.95,-150.03,-204,R,61642,-31.3307
37940,P2,BASE,-149.10,-147.50,-207,R,61583,-31.3467
37950,P2,BASE,-149.25,-147.49,-207,R,61524,-31.3644
37960,P2,BASE,-149.40,-147.47,-208,R,61465,-31.3836
37970,P2,BASE,-149.55,-147.51,-208,R,61406,-31.4040
37980,P2,BASE,-149.70,-147.53,-208,R,61347,-31.4257
37990,P2,BASE,-149.85,-149.97,-206,R,61287,-31.4245
38000,P2,BASE,-150.00,-150.01,-206,R,61227,-31.4244
38010,P2,BASE,-150.00,-147.50,-209,R,61168,-31.4494
38020,P2,BASE,-150.00,-147.47,-209,R,61109,-31.4747
38030,P2,BASE,-150.00,-150.05,-206,R,61049,-31.4742
38040,P2,BASE,-150.00,-147.51,-209,R,60990,-31.4991
38050,P2,BASE,-150.00,-152.45,-204,R,60929,-31.4745
38060,P2,BASE,-150.00,-152.52,-203,R,60868,-31.4494
38070,P2,BASE,-150.00,-152.47,-203,R,60807,-31.4247
38080,P2,BASE,-150.00,-152.56,-203,R,60746,-31.3991
38090,P2,BASE,-150.00,-149.96,-206,R,60686,-31.3995
38100,P2,BASE,-150.00,-147.51,-208,R,60627,-31.4244
38110,P2,BASE,-150.00,-145.00,-211,R,60569,-31.4744
38120,P2,BASE,-150.00,-150.03,-206,R,60509,-31.4741
38130,P2,BASE,-150.00,-150.00,-206,R,60449,-31.4741
38140,P2,BASE,-150.00,-150.00,-206,R,60389,-31.4741
38150,P2,BASE,-150.00,-147.46,-209,R,60330,-31.4995
38160,P2,BASE,-150.00,-147.53,-209,R,60271,-31.5242
38170,P2,BASE,-150.00,-147.49,-209,R,60212,-31.5494
38180,P2,BASE,-150.00,-147.50,-209,R,60153,-31.5744
38190,P2,BASE,-150.00,-150.00,-207,R,60093,-31.5744
38200,P2,BASE,-150.00,-147.50,-210,R,60034,-31.5994
38210,P2,BASE,-150.00,-144.99,-212,R,59976,-31.6495
38220,P2,BASE,-150.00,-145.00,-213,R,59918,-31.6995
38230,P2,BASE,-150.00,-152.52,-205,R,59857,-31.6743
38240,P2,BASE,-150.00,-150.03,-207,R,59797,-31.6740
38250,P2,BASE,-150.00,-154.95,-202,R,59735,-31.6245
38260,P2,BASE,-150.00,-152.55,-204,R,59674,-31.5991
38270,P2,BASE,-150.00,-152.45,-204,R,59613,-31.5745
38280,P2,BASE,-150.00,-155.03,-201,R,59551,-31.5242
38290,P2,BASE,-150.00,-152.48,-204,R,59490,-31.4994
38300,P2,BASE,-150.00,-150.03,-206,R,59430,-31.4991
38310,P2,BASE,-150.00,-147.47,-209,R,59371,-31.5243
38320,P2,BASE,-150.00,-147.47,-209,R,59312,-31.5496
38330,P2,BASE,-150.00,-152.55,-204,R,59251,-31.5242
38340,P2,BASE,-150.00,-147.51,-209,R,59192,-31.5490
38350,P2,BASE,-150.00,-152.47,-204,R,59131,-31.5243
38360,P2,BASE,-150.00,-147.49,-209,R,59072,-31.5495
38370,P2,BASE,-150.00,-147.51,-209,R,59013,-31.5743
38380,P2,BASE,-150.00,-149.99,-207,R,58953,-31.5745
38390,P2,BASE,-150.00,-150.01,-207,R,58893,-31.5743
38400,P2,BASE,-150.00,-150.01,-207,R,58833,-31.5742
38410,P2,BASE,-150.00,-147.49,-210,R,58774,-31.5993
38420,P2,BASE,-150.00,-150.01,-207,R,58714,-31.5992
38430,P2,BASE,-150.00,-150.01,-207,R,58654,-31.5990
38440,P2,BASE,-150.00,-149.97,-207,R,58594,-31.5993
38450,P2,BASE,-150.00,-152.48,-204,R,58533,-31.5745
38460,P2,BASE,-150.00,-150.00,-207,R,58473,-31.5745
38470,P2,BASE,-150.00,-152.55,-204,R,58412,-31.5490
38480,P2,BASE,-150.00,-154.97,-201,R,58350,-31.4993
38490,P2,BASE,-150.00,-150.01,-206,R,58290,-31.4992
38500,P2,BASE,-150.00,-150.00,-206,R,58230,-31.4992
38510,P2,BASE,-150.00,-144.99,-212,R,58172,-31.5493
38520,P2,BASE,-150.00,-147.51,-209,R,58113,-31.5742
38530,P2,BASE,-150.00,-152.52,-204,R,58052,-31.5490
38540,P2,BASE,-150.00,-147.50,-209,R,57993,-31.5740
38550,P2,BASE,-150.00,-149.99,-207,R,57933,-31.5742
38560,P2,BASE,-150.00,-147.49,-210,R,57874,-31.5993
38570,P2,BASE,-150.00,-147.47,-210,R,57815,-31.6246
38580,P2,BASE,-150.00,-150.00,-207,R,57755,-31.6246
38590,P2,BASE,-150.00,-150.05,-207,R,57695,-31.6242
38600,P2,BASE,-150.00,-147.47,-210,R,57636,-31.6495
38610,P2,BASE,-150.00,-145.03,-213,R,57578,-31.6992
38620,P2,BASE,-150.00,-144.99,-213,R,57520,-31.7493
38630,P2,BASE,-150.00,-152.53,-205,R,57459,-31.7240
38640,P2,BASE,-150.00,-149.97,-208,R,57399,-31.7243
38650,P2,BASE,-150.00,-155.00,-202,R,57337,-31.6743
38660,P2,BASE,-150.00,-152.52,-205,R,57276,-31.6492
38670,P2,BASE,-150.00,-154.95,-202,R,57214,-31.5996
38680,P2,BASE,-150.00,-152.52,-204,R,57153,-31.5745
38690,P2,BASE,-150.00,-152.50,-204,R,57092,-31.5495
38700,P2,BASE,-150.00,-150.01,-207,R,57032,-31.5493
38710,P2,BASE,-150.00,-150.00,-207,R,56972,-31.5493
38720,P2,BASE,-150.00,-147.50,-209,R,56913,-31.5743
38730,P2,BASE,-150.00,-152.47,-204,R,56852,-31.5496
38740,P2,BASE,-150.00,-147.54,-209,R,56793,-31.5742
38750,P2,BASE,-150.00,-149.99,-207,R,56733,-31.5744
38760,P2,BASE,-150.00,-150.00,-207,R,56673,-31.5744
38770,P2,BASE,-150.00,-150.01,-207,R,56613,-31.5742
38780,P2,BASE,-150.00,-150.01,-207,R,56553,-31.5741
38790,P2,BASE,-150.00,-149.97,-207,R,56493,-31.5744
38800,P2,BASE,-150.00,-150.00,-207,R,56433,-31.5744
38810,P2,BASE,-150.00,-147.49,-210,R,56374,-31.5995
38820,P2,BASE,-150.00,-147.53,-210,R,56315,-31.6242
38830,P2,BASE,-150.00,-152.52,-204,R,56254,-31.5991
38840,P2,BASE,-150.00,-149.94,-207,R,56194,-31.5996
38850,P2,BASE,-150.00,-152.52,-204,R,56133,-31.5745
38860,P2,BASE,-150.00,-150.03,-207,R,56073,-31.5742
38870,P2,BASE,-150.00,-152.48,-204,R,56012,-31.5494
38880,P2,BASE,-150.00,-154.98,-201,R,55950,-31.4995
38890,P2,BASE,-150.00,-150.05,-206,R,55890,-31.4991
38900,P2,BASE,-150.00,-149.87,-207,R,55830,-31.5004
38910,P2,BASE,-150.00,-145.13,-212,R,55772,-31.5491
38920,P2,BASE,-150.00,-147.49,-209,R,55713,-31.5742
38930,P2,BASE,-150.00,-152.52,-204,R,55652,-31.5491
38940,P2,BASE,-150.00,-147.50,-209,R,55593,-31.5741
38950,P2,BASE,-150.00,-149.96,-207,R,55533,-31.5745
38960,P2,BASE,-150.00,-147.53,-210,R,55474,-31.5992
38970,P2,BASE,-150.00,-147.46,-210,R,55415,-31.6247
38980,P2,BASE,-150.00,-152.45,-205,R,55354,-31.6001
38990,P2,BASE,-150.00,-147.57,-210,R,55295,-31.6244
39000,P2,BASE,-150.00,-147.51,-210,R,55236,-31.6493
39010,P2,BASE,-150.00,-145.01,-213,R,55178,-31.6991
39020,P2,BASE,-150.00,-147.37,-211,R,55119,-31.7254
39030,P2,BASE,-150.00,-150.12,-208,R,55059,-31.7242
39040,P2,BASE,-150.00,-152.52,-205,R,54998,-31.6991
39050,P2,BASE,-150.00,-152.47,-205,R,54937,-31.6744
39060,P2,BASE,-150.00,-152.53,-205,R,54876,-31.6491
39070,P2,BASE,-150.00,-154.98,-202,R,54814,-31.5992
39080,P2,BASE,-150.00,-154.95,-202,R,54752,-31.5497
39090,P2,BASE,-150.00,-152.52,-204,R,54691,-31.5246
39100,P2,BASE,-150.00,-150.01,-207,R,54631,-31.5244
39110,P2,BASE,-150.00,-147.49,-209,R,54572,-31.5496
39120,P2,BASE,-150.00,-150.00,-207,R,54512,-31.5496
39130,P2,BASE,-150.00,-152.52,-204,R,54451,-31.5244
39140,P2,BASE,-150.00,-147.47,-209,R,54392,-31.5497
39150,P2,BASE,-150.00,-150.03,-207,R,54332,-31.5494
39160,P2,BASE,-150.00,-149.99,-207,R,54272,-31.5496
39170,P2,BASE,-150.00,-150.00,-207,R,54212,-31.5496
39180,P2,BASE,-150.00,-149.99,-207,R,54152,-31.5497
39190,P2,BASE,-150.00,-150.01,-207,R,54092,-31.5496
39200,P2,BASE,-150.00,-150.03,-207,R,54032,-31.5493
39210,P2,BASE,-150.00,-147.50,-209,R,53973,-31.5743
39220,P2,BASE,-150.00,-147.49,-210,R,53914,-31.5994
39230,P2,BASE,-150.00,-152.47,-204,R,53853,-31.5747
39240,P2,BASE,-150.00,-149.93,-207,R,53793,-31.5755
39250,P2,BASE,-150.00,-152.56,-204,R,53732,-31.5498
39260,P2,BASE,-150.00,-150.06,-207,R,53672,-31.5492
39270,P2,BASE,-150.00,-152.50,-204,R,53611,-31.5242
39280,P2,BASE,-150.00,-152.50,-204,R,53550,-31.4992
39290,P2,BASE,-150.00,-152.45,-204,R,53489,-31.4747
39300,P2,BASE,-150.00,-147.53,-209,R,53430,-31.4994
39310,P2,BASE,-150.00,-147.51,-209,R,53371,-31.5243
39320,P2,BASE,-150.00,-147.51,-209,R,53312,-31.5491
39330,P2,BASE,-150.00,-152.45,-204,R,53251,-31.5246
39340,P2,BASE,-150.00,-147.51,-209,R,53192,-31.5494
39350,P2,BASE,-150.00,-150.01,-207,R,53132,-31.5493
39360,P2,BASE,-150.00,-147.49,-209,R,53073,-31.5744
39370,P2,BASE,-150.00,-147.50,-210,R,53014,-31.5994
39380,P2,BASE,-150.00,-149.99,-207,R,52954,-31.5996
39390,P2,BASE,-150.00,-150.03,-207,R,52894,-31.5993
39400,P2,BASE,-150.00,-147.50,-210,R,52835,-31.6243
39410,P2,BASE,-150.00,-144.99,-213,R,52777,-31.6744
39420,P2,BASE,-150.00,-144.97,-213,R,52719,-31.7247
39430,P2,BASE,-150.00,-150.05,-208,R,52659,-31.7243
39440,P2,BASE,-150.00,-152.48,-205,R,52598,-31.6994
39450,P2,BASE,-150.00,-154.97,-202,R,52536,-31.6497
39460,P2,BASE,-150.00,-152.53,-205,R,52475,-31.6244
39470,P2,BASE,-150.00,-155.02,-202,R,52413,-31.5743
39480,P2,BASE,-150.00,-152.50,-204,R,52352,-31.5493
39490,P2,BASE,-150.00,-152.48,-204,R,52291,-31.5244
39500,P2,BASE,-150.00,-150.01,-207,R,52231,-31.5243
39510,P2,BASE,-150.00,-149.97,-207,R,52171,-31.5246
39520,P2,BASE,-150.00,-147.53,-209,R,52112,-31.5493
39530,P2,BASE,-150.00,-152.47,-204,R,52051,-31.5246
39540,P2,BASE,-150.00,-147.50,-209,R,51992,-31.5496
39550,P2,BASE,-150.00,-152.53,-204,R,51931,-31.5243
39560,P2,BASE,-150.00,-147.51,-209,R,51872,-31.5491
39570,P2,BASE,-150.00,-149.97,-207,R,51812,-31.5494
39580,P2,BASE,-150.00,-150.03,-207,R,51752,-31.5491
39590,P2,BASE,-150.00,-150.00,-207,R,51692,-31.5491
39600,P2,BASE,-150.00,-149.97,-207,R,51632,-31.5494
39610,P2,BASE,-150.00,-147.51,-209,R,51573,-31.5743
39620,P2,BASE,-150.00,-147.47,-210,R,51514,-31.5996
39630,P2,BASE,-150.00,-152.44,-204,R,51453,-31.5752
39640,P2,BASE,-150.00,-147.54,-210,R,51394,-31.5997
39650,P2,BASE,-150.00,-155.06,-202,R,51332,-31.5491
39660,P2,BASE,-150.00,-149.94,-207,R,51272,-31.5497
39670,P2,BASE,-150.00,-152.52,-204,R,51211,-31.5246
39680,P2,BASE,-150.00,-152.50,-204,R,51150,-31.4996
39690,P2,BASE,-150.00,-152.55,-204,R,51089,-31.4741
39700,P2,BASE,-150.00,-149.96,-206,R,51029,-31.4745
39710,P2,BASE,-150.00,-145.04,-212,R,50971,-31.5241
39720,P2,BASE,-150.00,-147.49,-209,R,50912,-31.5493
39730,P2,BASE,-150.00,-152.47,-204,R,50851,-31.5246
39740,P2,BASE,-150.00,-150.03,-207,R,50791,-31.5243
39750,P2,BASE,-150.00,-147.51,-209,R,50732,-31.5491
39760,P2,BASE,-150.00,-147.47,-209,R,50673,-31.5744
39770,P2,BASE,-150.00,-147.53,-210,R,50614,-31.5991
39780,P2,BASE,-150.00,-149.96,-207,R,50554,-31.5996
39790,P2,BASE,-150.00,-150.05,-207,R,50494,-31.5991
39800,P2,BASE,-150.00,-144.96,-212,R,50436,-31.6496
39810,P2,BASE,-150.00,-145.00,-213,R,50378,-31.6996
39820,P2,BASE,-150.00,-147.51,-210,R,50319,-31.7244
39830,P2,BASE,-150.00,-150.03,-208,R,50259,-31.7241
39840,P2,BASE,-150.00,-152.47,-205,R,50198,-31.6994
39850,P2,BASE,-150.00,-155.02,-202,R,50136,-31.6493
39860,P2,BASE,-150.00,-149.96,-207,R,50076,-31.6497
39870,P2,BASE,-150.00,-155.06,-202,R,50014,-31.5991
39880,P2,BASE,-150.00,-154.94,-202,R,49952,-31.5497
39890,P2,BASE,-150.00,-152.56,-204,R,49891,-31.5241
39900,P2,BASE,-150.00,-149.94,-207,R,49831,-31.5247
39910,P2,BASE,-150.00,-147.54,-209,R,49772,-31.5493
39920,P2,BASE,-150.00,-147.47,-209,R,49713,-31.5745
39930,P2,BASE,-150.00,-152.48,-204,R,49652,-31.5497
39940,P2,BASE,-150.00,-150.05,-207,R,49592,-31.5492
39950,P2,BASE,-150.00,-149.97,-207,R,49532,-31.5495
39960,P2,BASE,-150.00,-147.53,-209,R,49473,-31.5743
39970,P2,BASE,-150.00,-150.00,-207,R,49413,-31.5743
39980,P2,BASE,-150.00,-149.99,-207,R,49353,-31.5744
39990,P2,BASE,-150.00,-150.00,-207,R,49293,-31.5744
40000,P2,BASE,-150.00,-149.97,-207,R,49233,-31.5747
40010,P2,BASE,-150.00,-147.51,-210,R,49174,-31.5996
40020,P2,BASE,-150.00,-150.01,-207,R,49114,-31.5994
40030,P2,BASE,-150.00,-150.01,-207,R,49054,-31.5993
40040,P2,BASE,-150.00,-149.96,-207,R,48994,-31.5997
40050,P2,BASE,-150.00,-152.55,-204,R,48933,-31.5742
40060,P2,BASE,-150.00,-149.96,-207,R,48873,-31.5747
40070,P2,BASE,-150.00,-152.56,-204,R,48812,-31.5491
40080,P2,BASE,-150.00,-154.95,-201,R,48750,-31.4996
40090,P2,BASE,-150.00,-152.53,-204,R,48689,-31.4742
40100,P2,BASE,-150.00,-147.51,-209,R,48630,-31.4991
40110,P2,BASE,-150.00,-145.00,-212,R,48572,-31.5491
40120,P2,BASE,-150.00,-147.50,-209,R,48513,-31.5741
40130,P2,BASE,-150.00,-152.48,-204,R,48452,-31.5493
40140,P2,BASE,-150.00,-150.00,-207,R,48392,-31.5493
40150,P2,BASE,-150.00,-149.96,-207,R,48332,-31.5497
40160,P2,BASE,-150.00,-145.03,-212,R,48274,-31.5994
40170,P2,BASE,-150.00,-147.50,-210,R,48215,-31.6244
40180,P2,BASE,-150.00,-152.53,-204,R,48154,-31.5991
40190,P2,BASE,-150.00,-147.46,-210,R,48095,-31.6245
40200,P2,BASE,-150.00,-147.54,-210,R,48036,-31.6491
40210,P2,BASE,-150.00,-144.96,-213,R,47978,-31.6995
40220,P2,BASE,-150.00,-145.01,-213,R,47920,-31.7494
40230,P2,BASE,-150.00,-149.99,-208,R,47860,-31.7495
40240,P2,BASE,-150.00,-152.53,-205,R,47799,-31.7242
40250,P2,BASE,-150.00,-155.00,-202,R,47737,-31.6742
40260,P2,BASE,-150.00,-152.50,-205,R,47676,-31.6492
40270,P2,BASE,-150.00,-154.88,-202,R,47614,-31.6005
40280,P2,BASE,-150.00,-152.62,-204,R,47553,-31.5743
40290,P2,BASE,-150.00,-152.47,-204,R,47492,-31.5496
40300,P2,BASE,-150.00,-150.00,-207,R,47432,-31.5496
40310,P2,BASE,-150.00,-147.50,-209,R,47373,-31.5746
40320,P2,BASE,-150.00,-150.00,-207,R,47313,-31.5746
40330,P2,BASE,-150.00,-150.03,-207,R,47253,-31.5743
40340,P2,BASE,-150.00,-150.00,-207,R,47193,-31.5743
40350,P2,BASE,-150.00,-149.99,-207,R,47133,-31.5744
40360,P2,BASE,-150.00,-149.99,-207,R,47073,-31.5746
40370,P2,BASE,-150.00,-149.96,-207,R,47013,-31.5750
40380,P2,BASE,-150.00,-147.54,-210,R,46954,-31.5996
40390,P2,BASE,-150.00,-152.52,-204,R,46893,-31.5744
40400,P2,BASE,-150.00,-149.97,-207,R,46833,-31.5747
40410,P2,BASE,-150.00,-147.53,-210,R,46774,-31.5994
40420,P2,BASE,-150.00,-147.51,-210,R,46715,-31.6243
40430,P2,BASE,-150.00,-150.01,-207,R,46655,-31.6241
40440,P2,BASE,-150.00,-149.97,-207,R,46595,-31.6244
40450,P2,BASE,-150.00,-155.00,-202,R,46533,-31.5744
40460,P2,BASE,-150.00,-150.03,-207,R,46473,-31.5741
40470,P2,BASE,-150.00,-152.50,-204,R,46412,-31.5491
40480,P2,BASE,-150.00,-154.94,-201,R,46350,-31.4997
40490,P2,BASE,-150.00,-150.05,-206,R,46290,-31.4993
40500,P2,BASE,-150.00,-150.00,-206,R,46230,-31.4993
40510,P2,BASE,-150.00,-144.97,-212,R,46172,-31.5496
40520,P2,BASE,-150.00,-147.51,-209,R,46113,-31.5744
40530,P2,BASE,-150.00,-150.00,-207,R,46053,-31.5744
40540,P2,BASE,-150.00,-150.03,-207,R,45993,-31.5741
40550,P2,BASE,-150.00,-149.96,-207,R,45933,-31.5746
40560,P2,BASE,-150.00,-147.51,-210,R,45874,-31.5994
40570,P2,BASE,-150.00,-147.50,-210,R,45815,-31.6244
40580,P2,BASE,-150.00,-150.01,-207,R,45755,-31.6243
40590,P2,BASE,-150.00,-150.00,-207,R,45695,-31.6243
40600,P2,BASE,-150.00,-147.51,-210,R,45636,-31.6491
40610,P2,BASE,-150.00,-145.00,-213,R,45578,-31.6991
40620,P2,BASE,-150.00,-144.94,-213,R,45520,-31.7497
40630,P2,BASE,-150.00,-150.05,-208,R,45460,-31.7493
40640,P2,BASE,-150.00,-152.50,-205,R,45399,-31.7243
40650,P2,BASE,-150.00,-154.98,-202,R,45337,-31.6744
40660,P2,BASE,-150.00,-152.52,-205,R,45276,-31.6493
40670,P2,BASE,-150.00,-155.02,-202,R,45214,-31.5991
40680,P2,BASE,-150.00,-152.48,-204,R,45153,-31.5743
40690,P2,BASE,-150.00,-152.45,-204,R,45092,-31.5497
40700,P2,BASE,-150.00,-150.00,-207,R,45032,-31.5497
40710,P2,BASE,-150.00,-147.54,-209,R,44973,-31.5743
40720,P2,BASE,-150.00,-149.99,-207,R,44913,-31.5744
40730,P2,BASE,-150.00,-149.97,-207,R,44853,-31.5747
40740,P2,BASE,-150.00,-150.03,-207,R,44793,-31.5744
40750,P2,BASE,-150.00,-152.50,-204,R,44732,-31.5494
40760,P2,BASE,-150.00,-147.53,-209,R,44673,-31.5741
40770,P2,BASE,-150.00,-149.96,-207,R,44613,-31.5746
40780,P2,BASE,-150.00,-150.03,-207,R,44553,-31.5743
40790,P2,BASE,-150.00,-149.97,-207,R,44493,-31.5746
40800,P2,BASE,-150.00,-150.05,-207,R,44433,-31.5741
40810,P2,BASE,-150.00,-147.49,-210,R,44374,-31.5993
40820,P2,BASE,-150.00,-147.50,-210,R,44315,-31.6243
40830,P2,BASE,-150.00,-149.96,-207,R,44255,-31.6247
40840,P2,BASE,-150.00,-150.01,-207,R,44195,-31.6246
40850,P2,BASE,-150.00,-155.05,-202,R,44133,-31.5741
40860,P2,BASE,-150.00,-149.97,-207,R,44073,-31.5744
40870,P2,BASE,-150.00,-152.53,-204,R,44012,-31.5491
40880,P2,BASE,-150.00,-155.00,-201,R,43950,-31.4991
40890,P2,BASE,-150.00,-149.96,-206,R,43890,-31.4996
40900,P2,BASE,-150.00,-150.01,-206,R,43830,-31.4994
40910,P2,BASE,-150.00,-144.97,-212,R,43772,-31.5497
40920,P2,BASE,-150.00,-147.51,-209,R,43713,-31.5746
40930,P2,BASE,-150.00,-152.50,-204,R,43652,-31.5496
40940,P2,BASE,-150.00,-147.50,-209,R,43593,-31.5746
40950,P2,BASE,-150.00,-150.01,-207,R,43533,-31.5744
40960,P2,BASE,-150.00,-147.49,-210,R,43474,-31.5996
40970,P2,BASE,-150.00,-147.54,-210,R,43415,-31.6241
40980,P2,BASE,-150.00,-149.96,-207,R,43355,-31.6246
40990,P2,BASE,-150.00,-150.00,-207,R,43295,-31.6246
41000,P2,BASE,-150.00,-147.50,-210,R,43236,-31.6496
41010,P2,BASE,-150.00,-145.04,-213,R,43178,-31.6991
41020,P2,BASE,-150.00,-144.96,-213,R,43120,-31.7496
41030,P2,BASE,-150.00,-150.01,-208,R,43060,-31.7494
41040,P2,BASE,-150.00,-152.52,-205,R,42999,-31.7243
41050,P2,BASE,-150.00,-155.02,-202,R,42937,-31.6741
41060,P2,BASE,-150.00,-152.48,-205,R,42876,-31.6493
41070,P2,BASE,-150.00,-154.98,-202,R,42814,-31.5994
41080,P2,BASE,-150.00,-152.52,-204,R,42753,-31.5743
41090,P2,BASE,-150.00,-152.50,-204,R,42692,-31.5493
41100,P2,BASE,-150.00,-150.00,-207,R,42632,-31.5493
41110,P2,BASE,-150.00,-147.47,-209,R,42573,-31.5746
41120,P2,BASE,-150.00,-150.03,-207,R,42513,-31.5743
41130,P2,BASE,-150.00,-149.96,-207,R,42453,-31.5747
41140,P2,BASE,-150.00,-150.05,-207,R,42393,-31.5743
41150,P2,BASE,-150.00,-152.52,-204,R,42332,-31.5491
41160,P2,BASE,-150.00,-149.87,-207,R,42272,-31.5505
41170,P2,BASE,-150.00,-147.59,-209,R,42213,-31.5746
41180,P2,BASE,-150.00,-150.01,-207,R,42153,-31.5744
41190,P2,BASE,-150.00,-150.03,-207,R,42093,-31.5741
41200,P2,BASE,-150.00,-149.96,-207,R,42033,-31.5746
41210,P2,BASE,-150.00,-147.53,-210,R,41974,-31.5993
41220,P2,BASE,-150.00,-147.49,-210,R,41915,-31.6244
41230,P2,BASE,-150.00,-152.53,-204,R,41854,-31.5991
41240,P2,BASE,-150.00,-149.96,-207,R,41794,-31.5996
41250,P2,BASE,-150.00,-152.55,-204,R,41733,-31.5741
41260,P2,BASE,-150.00,-149.97,-207,R,41673,-31.5744
41270,P2,BASE,-150.00,-152.47,-204,R,41612,-31.5497
41280,P2,BASE,-150.00,-152.56,-204,R,41551,-31.5241
41290,P2,BASE,-150.00,-152.48,-204,R,41490,-31.4993
41300,P2,BASE,-150.00,-149.99,-206,R,41430,-31.4994
41310,P2,BASE,-150.00,-145.01,-212,R,41372,-31.5493
41320,P2,BASE,-150.00,-147.47,-209,R,41313,-31.5746
41330,P2,BASE,-150.00,-152.53,-204,R,41252,-31.5493
41340,P2,BASE,-150.00,-147.46,-209,R,41193,-31.5747
41350,P2,BASE,-150.00,-150.00,-207,R,41133,-31.5747
41360,P2,BASE,-150.00,-147.56,-210,R,41074,-31.5991
41370,P2,BASE,-150.00,-147.44,-210,R,41015,-31.6247
41380,P2,BASE,-150.00,-150.06,-207,R,40955,-31.6241
41390,P2,BASE,-150.00,-149.96,-207,R,40895,-31.6245
41400,P2,BASE,-150.00,-145.04,-213,R,40837,-31.6741
41410,P2,BASE,-150.00,-144.97,-213,R,40779,-31.7244
41420,P2,BASE,-150.00,-147.53,-211,R,40720,-31.7491
41430,P2,BASE,-150.00,-149.96,-208,R,40660,-31.7496
41440,P2,BASE,-150.00,-152.50,-205,R,40599,-31.7246
41450,P2,BASE,-150.00,-155.02,-202,R,40537,-31.6744
41460,P2,BASE,-150.00,-149.99,-208,R,40477,-31.6745
41470,P2,BASE,-150.00,-155.02,-202,R,40415,-31.6244
41480,P2,BASE,-150.00,-155.00,-202,R,40353,-31.5744
41490,P2,BASE,-150.00,-152.52,-204,R,40292,-31.5492
41500,P2,BASE,-150.00,-150.00,-207,R,40232,-31.5492
41510,P2,BASE,-150.00,-147.49,-209,R,40173,-31.5744
41520,P2,BASE,-150.00,-147.51,-210,R,40114,-31.5992
41530,P2,BASE,-150.00,-152.45,-204,R,40053,-31.5747
41540,P2,BASE,-150.00,-149.96,-207,R,39993,-31.5752
41550,P2,BASE,-150.00,-150.09,-207,R,39933,-31.5743
41560,P2,BASE,-150.00,-147.49,-210,R,39874,-31.5994
41570,P2,BASE,-150.00,-149.99,-207,R,39814,-31.5996
41580,P2,BASE,-150.00,-150.01,-207,R,39754,-31.5994
41590,P2,BASE,-150.00,-150.01,-207,R,39694,-31.5992
41600,P2,BASE,-150.00,-149.99,-207,R,39634,-31.5994
41610,P2,BASE,-150.00,-147.51,-210,R,39575,-31.6243
41620,P2,BASE,-150.00,-149.96,-207,R,39515,-31.6247
41630,P2,BASE,-150.00,-150.05,-207,R,39455,-31.6243
41640,P2,BASE,-150.00,-149.97,-207,R,39395,-31.6246
41650,P2,BASE,-150.00,-150.00,-207,R,39335,-31.6246
41660,P2,BASE,-150.00,-152.52,-204,R,39274,-31.5994
41670,P2,BASE,-150.00,-152.52,-204,R,39213,-31.5742
41680,P2,BASE,-150.00,-152.52,-204,R,39152,-31.5491
41690,P2,BASE,-150.00,-152.50,-204,R,39091,-31.5241
41700,P2,BASE,-150.00,-147.47,-209,R,39032,-31.5494
41710,P2,BASE,-150.00,-147.50,-209,R,38973,-31.5744
41720,P2,BASE,-150.00,-147.49,-210,R,38914,-31.5995
41730,P2,BASE,-150.00,-149.99,-207,R,38854,-31.5997
41740,P2,BASE,-150.00,-150.05,-207,R,38794,-31.5992
41750,P2,BASE,-150.00,-147.47,-210,R,38735,-31.6245
41760,P2,BASE,-150.00,-150.01,-207,R,38675,-31.6244
41770,P2,BASE,-150.00,-147.53,-210,R,38616,-31.6491
41780,P2,BASE,-150.00,-149.97,-207,R,38556,-31.6494
41790,P2,BASE,-150.00,-147.49,-210,R,38497,-31.6745
41800,P2,BASE,-150.00,-147.50,-210,R,38438,-31.6995
41810,P2,BASE,-150.00,-144.99,-213,R,38380,-31.7497
41820,P2,BASE,-150.00,-147.53,-211,R,38321,-31.7744
41830,P2,BASE,-150.00,-149.99,-208,R,38261,-31.7745
41840,P2,BASE,-150.00,-152.55,-205,R,38200,-31.7491
41850,P2,BASE,-150.00,-152.48,-205,R,38139,-31.7242
41860,P2,BASE,-150.00,-152.45,-205,R,38078,-31.6997
41870,P2,BASE,-150.00,-155.02,-202,R,38016,-31.6495
41880,P2,BASE,-150.00,-154.97,-202,R,37954,-31.5998
41890,P2,BASE,-150.00,-150.05,-207,R,37894,-31.5994
41900,P2,BASE,-150.00,-150.00,-207,R,37834,-31.5994
41910,P2,BASE,-150.00,-150.00,-207,R,37774,-31.5994
41920,P2,BASE,-150.00,-147.47,-210,R,37715,-31.6247
41930,P2,BASE,-150.00,-152.55,-204,R,37654,-31.5992
41940,P2,BASE,-150.00,-147.51,-210,R,37595,-31.6241
41950,P2,BASE,-150.00,-152.45,-205,R,37534,-31.5995
41960,P2,BASE,-150.00,-147.50,-210,R,37475,-31.6245
41970,P2,BASE,-150.00,-150.01,-207,R,37415,-31.6244
41980,P2,BASE,-150.00,-150.03,-207,R,37355,-31.6241
41990,P2,BASE,-150.00,-149.99,-207,R,37295,-31.6242
42000,P2,BASE,-150.00,-149.97,-207,R,37235,-31.6245
42010,P2,BASE,-150.00,-150.00,-207,R,37175,-31.6245
42020,P2,BASE,-150.00,-147.54,-210,R,37116,-31.6491
42030,P2,BASE,-150.00,-149.97,-207,R,37056,-31.6494
42040,P2,BASE,-150.00,-150.01,-207,R,36996,-31.6492
42050,P2,BASE,-150.00,-150.00,-207,R,36936,-31.6492
42060,P2,BASE,-150.00,-152.52,-205,R,36875,-31.6241
42070,P2,BASE,-150.00,-152.45,-205,R,36814,-31.5996
42080,P2,BASE,-150.00,-154.98,-202,R,36752,-31.5497
42090,P2,BASE,-150.00,-150.01,-207,R,36692,-31.5496
42100,P2,BASE,-150.00,-150.00,-207,R,36632,-31.5496
42110,P2,BASE,-150.00,-147.54,-209,R,36573,-31.5741
42120,P2,BASE,-150.00,-147.46,-210,R,36514,-31.5996
42130,P2,BASE,-150.00,-150.03,-207,R,36454,-31.5993
42140,P2,BASE,-150.00,-150.01,-207,R,36394,-31.5991
42150,P2,BASE,-150.00,-149.88,-207,R,36334,-31.6003
42160,P2,BASE,-150.00,-147.60,-210,R,36275,-31.6243
42170,P2,BASE,-150.00,-147.46,-210,R,36216,-31.6497
42180,P2,BASE,-150.00,-150.05,-207,R,36156,-31.6493
42190,P2,BASE,-150.00,-150.01,-207,R,36096,-31.6491
42200,P2,BASE,-150.00,-147.37,-210,R,36037,-31.6754
42210,P2,BASE,-150.00,-142.60,-216,R,35980,-31.7494
42220,P2,BASE,-150.00,-147.53,-211,R,35921,-31.7741
42230,P2,BASE,-150.00,-149.97,-208,R,35861,-31.7744
42240,P2,BASE,-150.00,-152.52,-205,R,35800,-31.7493
42250,P2,BASE,-150.00,-152.47,-205,R,35739,-31.7246
42260,P2,BASE,-150.00,-152.50,-205,R,35678,-31.6996
42270,P2,BASE,-150.00,-155.02,-202,R,35616,-31.6494
42280,P2,BASE,-150.00,-155.03,-202,R,35554,-31.5991
42290,P2,BASE,-150.00,-152.45,-204,R,35493,-31.5746
42300,P2,BASE,-150.00,-150.05,-207,R,35433,-31.5741
42310,P2,BASE,-150.00,-147.47,-210,R,35374,-31.5994
42320,P2,BASE,-150.00,-150.00,-207,R,35314,-31.5994
42330,P2,BASE,-150.00,-150.01,-207,R,35254,-31.5993
42340,P2,BASE,-150.00,-149.99,-207,R,35194,-31.5994
42350,P2,BASE,-150.00,-149.99,-207,R,35134,-31.5996
42360,P2,BASE,-150.00,-150.01,-207,R,35074,-31.5994
42370,P2,BASE,-150.00,-147.51,-210,R,35015,-31.6243
42380,P2,BASE,-150.00,-149.99,-207,R,34955,-31.6244
42390,P2,BASE,-150.00,-152.48,-205,R,34894,-31.5996
42400,P2,BASE,-150.00,-147.54,-210,R,34835,-31.6242
42410,P2,BASE,-150.00,-149.97,-207,R,34775,-31.6245
42420,P2,BASE,-150.00,-147.51,-210,R,34716,-31.6493
42430,P2,BASE,-150.00,-149.96,-207,R,34656,-31.6498
42440,P2,BASE,-150.00,-150.00,-207,R,34596,-31.6498
42450,P2,BASE,-150.00,-152.53,-205,R,34535,-31.6244
42460,P2,BASE,-150.00,-152.48,-205,R,34474,-31.5996
42470,P2,BASE,-150.00,-152.53,-204,R,34413,-31.5743
42480,P2,BASE,-150.00,-152.48,-204,R,34352,-31.5494
42490,P2,BASE,-150.00,-152.53,-204,R,34291,-31.5241
42500,P2,BASE,-150.00,-149.94,-207,R,34231,-31.5247
42510,P2,BASE,-150.00,-145.01,-212,R,34173,-31.5746
42520,P2,BASE,-150.00,-147.54,-210,R,34114,-31.5992
42530,P2,BASE,-150.00,-150.00,-207,R,34054,-31.5992
42540,P2,BASE,-150.00,-149.96,-207,R,33994,-31.5996
42550,P2,BASE,-150.00,-150.01,-207,R,33934,-31.5995
42560,P2,BASE,-150.00,-147.50,-210,R,33875,-31.6245
42570,P2,BASE,-150.00,-147.50,-210,R,33816,-31.6495
42580,P2,BASE,-150.00,-149.97,-207,R,33756,-31.6498
42590,P2,BASE,-150.00,-150.05,-207,R,33696,-31.6493
42600,P2,BASE,-150.00,-147.46,-210,R,33637,-31.6747
42610,P2,BASE,-150.00,-142.51,-216,R,33580,-31.7496
42620,P2,BASE,-150.00,-147.49,-211,R,33521,-31.7748
42630,P2,BASE,-150.00,-147.56,-211,R,33462,-31.7992
42640,P2,BASE,-150.00,-154.95,-203,R,33400,-31.7496
42650,P2,BASE,-150.00,-152.52,-205,R,33339,-31.7245
42660,P2,BASE,-150.00,-152.52,-205,R,33278,-31.6993
42670,P2,BASE,-150.00,-154.98,-202,R,33216,-31.6495
42680,P2,BASE,-150.00,-155.03,-202,R,33154,-31.5992
42690,P2,BASE,-150.00,-152.48,-204,R,33093,-31.5743
42700,P2,BASE,-150.00,-150.00,-207,R,33033,-31.5743
42710,P2,BASE,-150.00,-147.50,-210,R,32974,-31.5993
42720,P2,BASE,-150.00,-147.50,-210,R,32915,-31.6243
42730,P2,BASE,-150.00,-150.00,-207,R,32855,-31.6243
42740,P2,BASE,-150.00,-150.00,-207,R,32795,-31.6243
42750,P2,BASE,-150.00,-152.52,-204,R,32734,-31.5992
42760,P2,BASE,-150.00,-147.50,-210,R,32675,-31.6242
42770,P2,BASE,-150.00,-149.99,-207,R,32615,-31.6243
42780,P2,BASE,-150.00,-149.99,-207,R,32555,-31.6245
42790,P2,BASE,-150.00,-149.99,-207,R,32495,-31.6246
42800,P2,BASE,-150.00,-150.01,-207,R,32435,-31.6245
42810,P2,BASE,-150.00,-147.49,-210,R,32376,-31.6496
42820,P2,BASE,-150.00,-150.03,-207,R,32316,-31.6493
42830,P2,BASE,-150.00,-149.90,-207,R,32256,-31.6504
42840,P2,BASE,-150.00,-147.60,-210,R,32197,-31.6743
42850,P2,BASE,-150.00,-152.50,-205,R,32136,-31.6493
42860,P2,BASE,-150.00,-152.47,-205,R,32075,-31.6246
42870,P2,BASE,-150.00,-152.55,-204,R,32014,-31.5992
42880,P2,BASE,-150.00,-152.45,-204,R,31953,-31.5746
42890,P2,BASE,-150.00,-152.55,-204,R,31892,-31.5492
42900,P2,BASE,-150.00,-149.99,-207,R,31832,-31.5493
42910,P2,BASE,-150.00,-144.99,-212,R,31774,-31.5995
42920,P2,BASE,-150.00,-147.50,-210,R,31715,-31.6245
42930,P2,BASE,-150.00,-152.52,-204,R,31654,-31.5993
42940,P2,BASE,-150.00,-147.51,-210,R,31595,-31.6242
42950,P2,BASE,-150.00,-150.00,-207,R,31535,-31.6242
42960,P2,BASE,-150.00,-149.94,-207,R,31475,-31.6248
42970,P2,BASE,-150.00,-147.51,-210,R,31416,-31.6496
42980,P2,BASE,-150.00,-150.00,-207,R,31356,-31.6496
42990,P2,BASE,-150.00,-147.51,-210,R,31297,-31.6745
43000,P2,BASE,-150.00,-147.49,-210,R,31238,-31.6996
43010,P2,BASE,-149.85,-144.99,-213,R,31180,-31.7483
43020,P2,BASE,-149.70,-145.03,-213,R,31122,-31.7950
43030,P2,BASE,-149.55,-150.00,-208,R,31062,-31.7905
43040,P2,BASE,-149.40,-152.53,-205,R,31001,-31.7592
43050,P2,BASE,-149.25,-152.47,-205,R,30940,-31.7270
43060,P2,BASE,-149.10,-152.53,-204,R,30879,-31.6927
43070,P2,BASE,-148.95,-154.97,-201,R,30817,-31.6325
43080,P2,BASE,-148.80,-154.98,-201,R,30755,-31.5706
43090,P2,BASE,-148.65,-152.53,-203,R,30694,-31.5318
43100,P2,BASE,-148.50,-147.49,-208,R,30635,-31.5420
43110,P2,BASE,-148.35,-147.51,-208,R,30576,-31.5503
43120,P2,BASE,-148.20,-147.46,-208,R,30517,-31.5578
43130,P2,BASE,-148.05,-150.06,-205,R,30457,-31.5377
43140,P2,BASE,-147.90,-149.97,-204,R,30397,-31.5170
43150,P2,BASE,-147.75,-147.53,-207,R,30338,-31.5192
43160,P2,BASE,-147.60,-147.47,-207,R,30279,-31.5205
43170,P2,BASE,-147.45,-149.97,-204,R,30219,-31.4953
43180,P2,BASE,-147.30,-147.53,-206,R,30160,-31.4930
43190,P2,BASE,-147.15,-147.50,-206,R,30101,-31.4895
43200,P2,BASE,-147.00,-147.50,-206,R,30042,-31.4845
43210,P2,BASE,-146.85,-147.50,-206,R,29983,-31.4780
43220,P2,BASE,-146.70,-145.03,-208,R,29925,-31.4947
43230,P2,BASE,-146.55,-147.49,-205,R,29866,-31.4853
43240,P2,BASE,-146.40,-147.49,-205,R,29807,-31.4745
43250,P2,BASE,-146.25,-149.93,-202,R,29747,-31.4377
43260,P2,BASE,-146.10,-147.59,-204,R,29688,-31.4229
43270,P2,BASE,-145.95,-150.01,-201,R,29628,-31.3822
43280,P2,BASE,-145.80,-149.90,-201,R,29568,-31.3413
43290,P2,BASE,-145.65,-145.09,-206,R,29510,-31.3469
43300,P2,BASE,-145.50,-147.47,-203,R,29451,-31.3272
43310,P2,BASE,-145.35,-142.50,-208,R,29394,-31.3557
43320,P2,BASE,-145.20,-145.04,-206,R,29336,-31.3572
43330,P2,BASE,-145.05,-144.97,-206,R,29278,-31.3580
43340,P2,BASE,-144.90,-145.03,-205,R,29220,-31.3567
43350,P2,BASE,-144.75,-147.38,-203,R,29161,-31.3304
43360,P2,BASE,-144.60,-142.59,-207,R,29104,-31.3506
43370,P2,BASE,-144.45,-142.49,-208,R,29047,-31.3702
43380,P2,BASE,-144.30,-145.03,-205,R,28989,-31.3629
43390,P2,BASE,-144.15,-145.01,-205,R,28931,-31.3543
43400,P2,BASE,-144.00,-144.97,-204,R,28873,-31.3446
43410,P2,BASE,-143.85,-139.99,-210,R,28817,-31.3832
43420,P2,BASE,-143.70,-139.99,-210,R,28761,-31.4203
43430,P2,BASE,-143.55,-142.51,-207,R,28704,-31.4307
43440,P2,BASE,-143.40,-144.99,-204,R,28646,-31.4148
43450,P2,BASE,-143.25,-147.51,-201,R,28587,-31.3722
43460,P2,BASE,-143.10,-147.50,-201,R,28528,-31.3282
43470,P2,BASE,-142.95,-147.50,-200,R,28469,-31.2827
43480,P2,BASE,-142.80,-147.50,-200,R,28410,-31.2357
43490,P2,BASE,-142.65,-147.54,-199,R,28351,-31.1868
43500,P2,BASE,-142.50,-145.00,-202,R,28293,-31.1618
43510,P2,BASE,-142.35,-142.50,-204,R,28236,-31.1603
43520,P2,BASE,-142.20,-142.47,-204,R,28179,-31.1575
43530,P2,BASE,-142.05,-142.51,-204,R,28122,-31.1529
43540,P2,BASE,-141.90,-144.93,-201,R,28064,-31.1226
43550,P2,BASE,-141.75,-140.03,-206,R,28008,-31.1398
43560,P2,BASE,-141.60,-145.04,-200,R,27950,-31.1054
43570,P2,BASE,-141.45,-139.97,-205,R,27894,-31.1202
43580,P2,BASE,-141.30,-145.01,-200,R,27836,-31.0830
43590,P2,BASE,-141.15,-140.03,-205,R,27780,-31.0943
43600,P2,BASE,-141.00,-142.47,-202,R,27723,-31.0795
43610,P2,BASE,-140.85,-142.49,-202,R,27666,-31.0632
43620,P2,BASE,-140.70,-140.00,-204,R,27610,-31.0702
43630,P2,BASE,-140.55,-140.00,-204,R,27554,-31.0757
43640,P2,BASE,-140.40,-140.00,-204,R,27498,-31.0797
43650,P2,BASE,-140.25,-140.04,-204,R,27442,-31.0818
43660,P2,BASE,-140.10,-142.46,-201,R,27385,-31.0582
43670,P2,BASE,-139.95,-142.53,-201,R,27328,-31.0324
43680,P2,BASE,-139.80,-142.49,-200,R,27271,-31.0055
43690,P2,BASE,-139.65,-142.47,-200,R,27214,-30.9773
43700,P2,BASE,-139.50,-145.01,-197,R,27156,-30.9222
43710,P2,BASE,-139.35,-140.04,-202,R,27100,-30.9153
43720,P2,BASE,-139.20,-139.97,-202,R,27044,-30.9075
43730,P2,BASE,-139.05,-137.51,-204,R,26989,-30.9229
43740,P2,BASE,-138.90,-137.49,-204,R,26934,-30.9370
43750,P2,BASE,-138.75,-140.01,-201,R,26878,-30.9244
43760,P2,BASE,-138.60,-140.01,-201,R,26822,-30.9103
43770,P2,BASE,-138.45,-140.00,-201,R,26766,-30.8948
43780,P2,BASE,-138.30,-137.47,-203,R,26711,-30.9030
43790,P2,BASE,-138.15,-137.49,-203,R,26656,-30.9097
43800,P2,BASE,-138.00,-135.03,-206,R,26602,-30.9394
43810,P2,BASE,-137.85,-139.97,-200,R,26546,-30.9182
43820,P2,BASE,-137.70,-137.50,-203,R,26491,-30.9202
43830,P2,BASE,-137.55,-135.01,-205,R,26437,-30.9456
43840,P2,BASE,-137.40,-134.99,-205,R,26383,-30.9697
43850,P2,BASE,-137.25,-135.03,-205,R,26329,-30.9919
43860,P2,BASE,-137.10,-137.50,-203,R,26274,-30.9879
43870,P2,BASE,-136.95,-137.51,-202,R,26219,-30.9823
43880,P2,BASE,-136.80,-142.47,-197,R,26162,-30.9256
43890,P2,BASE,-136.65,-139.99,-199,R,26106,-30.8922
43900,P2,BASE,-136.50,-142.53,-196,R,26049,-30.8319
43910,P2,BASE,-136.35,-142.51,-195,R,25992,-30.7703
43920,P2,BASE,-136.20,-139.94,-198,R,25936,-30.7328
43930,P2,BASE,-136.05,-137.53,-200,R,25881,-30.7181
43940,P2,BASE,-135.90,-137.50,-200,R,25826,-30.7021
43950,P2,BASE,-135.75,-134.97,-202,R,25772,-30.7098
43960,P2,BASE,-135.60,-135.01,-202,R,25718,-30.7157
43970,P2,BASE,-135.45,-137.54,-199,R,25663,-30.6948
43980,P2,BASE,-135.30,-137.46,-199,R,25608,-30.6732
43990,P2,BASE,-135.15,-137.50,-198,R,25553,-30.6497
44000,P2,BASE,-135.00,-135.04,-201,R,25499,-30.6493
44010,P2,BASE,-134.85,-135.00,-201,R,25445,-30.6478
44020,P2,BASE,-134.70,-134.97,-200,R,25391,-30.6451
44030,P2,BASE,-134.55,-137.53,-198,R,25336,-30.6153
44040,P2,BASE,-134.40,-134.96,-200,R,25282,-30.6097
44050,P2,BASE,-134.25,-135.03,-200,R,25228,-30.6019
44060,P2,BASE,-134.10,-132.49,-202,R,25175,-30.6181
44070,P2,BASE,-133.95,-135.01,-199,R,25121,-30.6074
44080,P2,BASE,-133.80,-135.00,-199,R,25067,-30.5954
44090,P2,BASE,-133.65,-132.50,-202,R,25014,-30.6069
44100,P2,BASE,-133.50,-137.50,-196,R,24959,-30.5669
44110,P2,BASE,-133.35,-134.97,-198,R,24905,-30.5507
44120,P2,BASE,-133.20,-137.50,-195,R,24850,-30.5077
44130,P2,BASE,-133.05,-135.03,-198,R,24796,-30.4879
44140,P2,BASE,-132.90,-137.49,-195,R,24741,-30.4421
44150,P2,BASE,-132.75,-132.51,-200,R,24688,-30.4444
44160,P2,BASE,-132.60,-132.47,-200,R,24635,-30.4457
44170,P2,BASE,-132.45,-132.53,-199,R,24582,-30.4449
44180,P2,BASE,-132.30,-132.43,-199,R,24529,-30.4436
44190,P2,BASE,-132.15,-132.54,-199,R,24476,-30.4397
44200,P2,BASE,-132.00,-132.51,-199,R,24423,-30.4346
44210,P2,BASE,-131.85,-132.51,-199,R,24370,-30.4279
44220,P2,BASE,-131.70,-132.51,-198,R,24317,-30.4198
44230,P2,BASE,-131.55,-129.96,-201,R,24265,-30.4357
44240,P2,BASE,-131.40,-130.01,-201,R,24213,-30.4496
44250,P2,BASE,-131.25,-132.49,-198,R,24160,-30.4372
44260,P2,BASE,-131.10,-130.04,-201,R,24108,-30.4478
44270,P2,BASE,-130.95,-132.47,-198,R,24055,-30.4326
44280,P2,BASE,-130.80,-127.53,-203,R,24004,-30.4653
44290,P2,BASE,-130.65,-129.99,-200,R,23952,-30.4719
44300,P2,BASE,-130.50,-127.49,-203,R,23901,-30.5021
44310,P2,BASE,-130.35,-132.51,-197,R,23848,-30.4804
44320,P2,BASE,-130.20,-132.51,-197,R,23795,-30.4573
44330,P2,BASE,-130.05,-134.96,-194,R,23741,-30.4082
44340,P2,BASE,-129.90,-135.04,-194,R,23687,-30.3568
44350,P2,BASE,-129.75,-134.97,-193,R,23633,-30.3046
44360,P2,BASE,-129.60,-132.49,-195,R,23580,-30.2757
44370,P2,BASE,-129.45,-132.51,-195,R,23527,-30.2451
44380,P2,BASE,-129.30,-132.50,-195,R,23474,-30.2131
44390,P2,BASE,-129.15,-129.99,-197,R,23422,-30.2047
44400,P2,BASE,-129.00,-127.49,-200,R,23371,-30.2198
44410,P2,BASE,-128.85,-130.04,-197,R,23319,-30.2079
44420,P2,BASE,-128.70,-129.97,-197,R,23267,-30.1952
44430,P2,BASE,-128.55,-130.04,-196,R,23215,-30.1803
44440,P2,BASE,-128.40,-130.00,-196,R,23163,-30.1643
44450,P2,BASE,-128.25,-127.47,-198,R,23112,-30.1721
44460,P2,BASE,-128.10,-130.01,-196,R,23060,-30.1529
44470,P2,BASE,-127.95,-127.50,-198,R,23009,-30.1574
44480,P2,BASE,-127.80,-129.97,-195,R,22957,-30.1357
44490,P2,BASE,-127.65,-130.00,-195,R,22905,-30.1122
44500,P2,BASE,-127.50,-130.01,-195,R,22853,-30.0871
44510,P2,BASE,-127.35,-125.00,-200,R,22803,-30.1106
44520,P2,BASE,-127.20,-127.49,-197,R,22752,-30.1077
44530,P2,BASE,-127.05,-125.03,-199,R,22702,-30.1279
44540,P2,BASE,-126.90,-130.00,-194,R,22650,-30.0969
44550,P2,BASE,-126.75,-127.51,-196,R,22599,-30.0893
44560,P2,BASE,-126.60,-129.97,-193,R,22547,-30.0556
44570,P2,BASE,-126.45,-127.53,-196,R,22496,-30.0448
44580,P2,BASE,-126.30,-129.96,-193,R,22444,-30.0082
44590,P2,BASE,-126.15,-127.50,-195,R,22393,-29.9947
44600,P2,BASE,-126.00,-130.04,-192,R,22341,-29.9543
44610,P2,BASE,-125.85,-127.47,-194,R,22290,-29.9381
44620,P2,BASE,-125.70,-127.51,-194,R,22239,-29.9199
44630,P2,BASE,-125.55,-122.51,-199,R,22190,-29.9503
44640,P2,BASE,-125.40,-124.99,-197,R,22140,-29.9545
44650,P2,BASE,-125.25,-124.99,-197,R,22090,-29.9571
44660,P2,BASE,-125.10,-127.47,-194,R,22039,-29.9333
44670,P2,BASE,-124.95,-125.01,-196,R,21989,-29.9327
44680,P2,BASE,-124.80,-127.49,-193,R,21938,-29.9058
44690,P2,BASE,-124.65,-124.96,-196,R,21888,-29.9027
44700,P2,BASE,-124.50,-122.57,-198,R,21839,-29.9220
44710,P2,BASE,-124.35,-124.96,-195,R,21789,-29.9158
44720,P2,BASE,-124.20,-125.03,-195,R,21739,-29.9076
44730,P2,BASE,-124.05,-124.93,-195,R,21689,-29.8988
44740,P2,BASE,-123.90,-122.55,-197,R,21640,-29.9124
44750,P2,BASE,-123.75,-120.02,-200,R,21592,-29.9496
44760,P2,BASE,-123.60,-122.48,-197,R,21543,-29.9609
44770,P2,BASE,-123.45,-122.52,-197,R,21494,-29.9701
44780,P2,BASE,-123.30,-125.03,-194,R,21444,-29.9529
44790,P2,BASE,-123.15,-125.00,-194,R,21394,-29.9344
44800,P2,BASE,-123.00,-127.47,-191,R,21343,-29.8896
44810,P2,BASE,-122.85,-127.50,-191,R,21292,-29.8431
44820,P2,BASE,-122.70,-127.49,-190,R,21241,-29.7953
44830,P2,BASE,-122.55,-125.03,-193,R,21191,-29.7705
44840,P2,BASE,-122.40,-127.51,-189,R,21140,-29.7194
44850,P2,BASE,-122.25,-124.99,-192,R,21090,-29.6920
44860,P2,BASE,-122.10,-122.48,-194,R,21041,-29.6882
44870,P2,BASE,-121.95,-122.50,-194,R,20992,-29.6827
44880,P2,BASE,-121.80,-122.54,-194,R,20943,-29.6754
44890,P2,BASE,-121.65,-119.96,-196,R,20895,-29.6922
44900,P2,BASE,-121.50,-125.04,-191,R,20845,-29.6569
44910,P2,BASE,-121.35,-122.46,-193,R,20796,-29.6457
44920,P2,BASE,-121.20,-122.51,-193,R,20747,-29.6326
44930,P2,BASE,-121.05,-120.02,-195,R,20699,-29.6429
44940,P2,BASE,-120.90,-125.00,-190,R,20649,-29.6019
44950,P2,BASE,-120.75,-119.96,-195,R,20601,-29.6097
44960,P2,BASE,-120.60,-122.49,-192,R,20552,-29.5908
44970,P2,BASE,-120.45,-122.52,-192,R,20503,-29.5701
44980,P2,BASE,-120.30,-122.48,-191,R,20454,-29.5483
44990,P2,BASE,-120.15,-117.50,-196,R,20407,-29.5748
45000,P2,BASE,-120.00,-122.49,-191,R,20358,-29.5500
45010,P2,BASE,-119.85,-117.52,-196,R,20311,-29.5732
45020,P2,BASE,-119.70,-120.01,-193,R,20263,-29.5701
45030,P2,BASE,-119.55,-122.51,-190,R,20214,-29.5405
45040,P2,BASE,-119.40,-120.00,-193,R,20166,-29.5345
45050,P2,BASE,-119.25,-122.41,-190,R,20117,-29.5028
45060,P2,BASE,-119.10,-120.10,-192,R,20069,-29.4929
45070,P2,BASE,-118.95,-122.49,-189,R,20020,-29.4575
45080,P2,BASE,-118.80,-122.51,-189,R,19971,-29.4204
45090,P2,BASE,-118.65,-119.98,-191,R,19923,-29.4071
45100,P2,BASE,-118.50,-119.98,-191,R,19875,-29.3924
45110,P2,BASE,-118.35,-117.55,-193,R,19828,-29.4004
45120,P2,BASE,-118.20,-117.45,-193,R,19781,-29.4079
45130,P2,BASE,-118.05,-117.54,-193,R,19734,-29.4130
45140,P2,BASE,-117.90,-117.48,-193,R,19687,-29.4172
45150,P2,BASE,-117.75,-120.02,-190,R,19639,-29.3945
45160,P2,BASE,-117.60,-117.46,-193,R,19592,-29.3959
45170,P2,BASE,-117.45,-117.54,-192,R,19545,-29.3950
45180,P2,BASE,-117.30,-117.49,-192,R,19498,-29.3931
45190,P2,BASE,-117.15,-117.52,-192,R,19451,-29.3894
45200,P2,BASE,-117.00,-114.98,-195,R,19405,-29.4096
45210,P2,BASE,-116.85,-117.52,-192,R,19358,-29.4029
45220,P2,BASE,-116.70,-117.48,-192,R,19311,-29.3951
45230,P2,BASE,-116.55,-117.49,-192,R,19264,-29.3857
45240,P2,BASE,-116.40,-115.01,-194,R,19218,-29.3996
45250,P2,BASE,-116.25,-112.50,-197,R,19173,-29.4371
45260,P2,BASE,-116.10,-115.01,-194,R,19127,-29.4480
45270,P2,BASE,-115.95,-117.51,-191,R,19080,-29.4324
45280,P2,BASE,-115.80,-119.95,-188,R,19032,-29.3909
45290,P2,BASE,-115.65,-117.55,-190,R,18985,-29.3719
45300,P2,BASE,-115.50,-119.98,-188,R,18937,-29.3271
45310,P2,BASE,-115.35,-117.48,-190,R,18890,-29.3059
45320,P2,BASE,-115.20,-120.04,-187,R,18842,-29.2575
45330,P2,BASE,-115.05,-120.01,-186,R,18794,-29.2079
45340,P2,BASE,-114.90,-117.49,-189,R,18747,-29.1820
45350,P2,BASE,-114.75,-117.50,-188,R,18700,-29.1545
45360,P2,BASE,-114.60,-117.46,-188,R,18653,-29.1259
45370,P2,BASE,-114.45,-112.55,-193,R,18608,-29.1449
45380,P2,BASE,-114.30,-114.95,-190,R,18562,-29.1384
45390,P2,BASE,-114.15,-115.03,-190,R,18516,-29.1295
45400,P2,BASE,-114.00,-117.48,-187,R,18469,-29.0948
45410,P2,BASE,-113.85,-112.49,-192,R,18424,-29.1084
45420,P2,BASE,-113.70,-117.55,-187,R,18377,-29.0699
45430,P2,BASE,-113.55,-112.46,-192,R,18332,-29.0809
45440,P2,BASE,-113.40,-115.01,-189,R,18286,-29.0647
45450,P2,BASE,-113.25,-115.03,-188,R,18240,-29.0469
45460,P2,BASE,-113.10,-114.98,-188,R,18194,-29.0281
45470,P2,BASE,-112.95,-115.02,-188,R,18148,-29.0074
45480,P2,BASE,-112.80,-112.46,-190,R,18103,-29.0108
45490,P2,BASE,-112.65,-115.05,-187,R,18057,-28.9869
45500,P2,BASE,-112.50,-112.46,-190,R,18012,-28.9873
45510,P2,BASE,-112.35,-112.55,-190,R,17967,-28.9854
45520,P2,BASE,-112.20,-109.98,-192,R,17923,-29.0076
45530,P2,BASE,-112.05,-114.98,-187,R,17877,-28.9783
45540,P2,BASE,-111.90,-112.55,-189,R,17832,-28.9719
45550,P2,BASE,-111.75,-112.46,-189,R,17787,-28.9648
45560,P2,BASE,-111.60,-112.51,-189,R,17742,-28.9557
45570,P2,BASE,-111.45,-115.00,-186,R,17696,-28.9202
45580,P2,BASE,-111.30,-112.51,-188,R,17651,-28.9081
45590,P2,BASE,-111.15,-114.98,-185,R,17605,-28.8698
45600,P2,BASE,-111.00,-112.50,-187,R,17560,-28.8548
45610,P2,BASE,-110.85,-115.02,-184,R,17514,-28.8131
45620,P2,BASE,-110.70,-110.00,-189,R,17470,-28.8201
45630,P2,BASE,-110.55,-109.99,-189,R,17426,-28.8257
45640,P2,BASE,-110.40,-110.02,-189,R,17382,-28.8295
45650,P2,BASE,-110.25,-109.97,-189,R,17338,-28.8323
45660,P2,BASE,-110.10,-107.52,-192,R,17295,-28.8581
45670,P2,BASE,-109.95,-112.52,-186,R,17250,-28.8324
45680,P2,BASE,-109.80,-112.47,-186,R,17205,-28.8057
45690,P2,BASE,-109.65,-110.03,-188,R,17161,-28.8019
45700,P2,BASE,-109.50,-109.98,-188,R,17117,-28.7971
45710,P2,BASE,-109.35,-107.50,-191,R,17074,-28.8156
45720,P2,BASE,-109.20,-112.44,-185,R,17029,-28.7832
45730,P2,BASE,-109.05,-107.56,-190,R,16986,-28.7980
45740,P2,BASE,-108.90,-109.98,-187,R,16942,-28.7873
45750,P2,BASE,-108.75,-110.01,-187,R,16898,-28.7746
45760,P2,BASE,-108.60,-110.00,-187,R,16854,-28.7606
45770,P2,BASE,-108.45,-105.00,-192,R,16812,-28.7951
45780,P2,BASE,-108.30,-104.98,-192,R,16770,-28.8284
45790,P2,BASE,-108.15,-105.02,-192,R,16728,-28.8596
45800,P2,BASE,-108.00,-109.98,-187,R,16684,-28.8399
45810,P2,BASE,-107.85,-110.03,-187,R,16640,-28.8180
45820,P2,BASE,-107.70,-109.97,-186,R,16596,-28.7954
45830,P2,BASE,-107.55,-112.53,-183,R,16551,-28.7455
45840,P2,BASE,-107.40,-110.01,-185,R,16507,-28.7194
45850,P2,BASE,-107.25,-110.00,-185,R,16463,-28.6919
45860,P2,BASE,-107.10,-110.00,-185,R,16419,-28.6629
45870,P2,BASE,-106.95,-112.50,-182,R,16374,-28.6074
45880,P2,BASE,-106.80,-109.99,-184,R,16330,-28.5755
45890,P2,BASE,-106.65,-107.48,-186,R,16287,-28.5672
45900,P2,BASE,-106.50,-107.52,-186,R,16244,-28.5570
45910,P2,BASE,-106.35,-107.48,-186,R,16201,-28.5457
45920,P2,BASE,-106.20,-105.02,-188,R,16159,-28.5575
45930,P2,BASE,-106.05,-107.48,-186,R,16116,-28.5432
45940,P2,BASE,-105.90,-107.51,-185,R,16073,-28.5271
45950,P2,BASE,-105.75,-105.00,-188,R,16031,-28.5346
45960,P2,BASE,-105.60,-107.48,-185,R,15988,-28.5159
45970,P2,BASE,-105.45,-107.53,-185,R,15945,-28.4950
45980,P2,BASE,-105.30,-105.01,-187,R,15903,-28.4979
45990,P2,BASE,-105.15,-107.48,-184,R,15860,-28.4746
46000,P2,BASE,-105.00,-105.02,-186,R,15818,-28.4744
46010,P2,BASE,-104.85,-107.47,-184,R,15775,-28.4483
46020,P2,BASE,-104.70,-107.45,-183,R,15732,-28.4208
46030,P2,BASE,-104.55,-105.05,-186,R,15690,-28.4158
46040,P2,BASE,-104.40,-105.03,-185,R,15648,-28.4095
46050,P2,BASE,-104.25,-104.96,-185,R,15606,-28.4024
46060,P2,BASE,-104.10,-102.53,-188,R,15565,-28.4181
46070,P2,BASE,-103.95,-102.49,-188,R,15524,-28.4327
46080,P2,BASE,-103.80,-105.01,-185,R,15482,-28.4206
46090,P2,BASE,-103.65,-104.98,-185,R,15440,-28.4073
46100,P2,BASE,-103.50,-104.99,-184,R,15398,-28.3924
46110,P2,BASE,-103.35,-105.01,-184,R,15356,-28.3758
46120,P2,BASE,-103.20,-105.02,-184,R,15314,-28.3576
46130,P2,BASE,-103.05,-104.99,-184,R,15272,-28.3382
46140,P2,BASE,-102.90,-105.02,-183,R,15230,-28.3170
46150,P2,BASE,-102.75,-104.98,-183,R,15188,-28.2947
46160,P2,BASE,-102.60,-105.02,-183,R,15146,-28.2705
46170,P2,BASE,-102.45,-102.49,-185,R,15105,-28.2701
46180,P2,BASE,-102.30,-104.99,-182,R,15063,-28.2432
46190,P2,BASE,-102.15,-100.00,-187,R,15023,-28.2647
46200,P2,BASE,-102.00,-102.49,-185,R,14982,-28.2598
46210,P2,BASE,-101.85,-100.01,-187,R,14942,-28.2782
46220,P2,BASE,-101.70,-102.50,-184,R,14901,-28.2702
46230,P2,BASE,-101.55,-102.49,-184,R,14860,-28.2608
46240,P2,BASE,-101.40,-105.02,-181,R,14818,-28.2246
46250,P2,BASE,-101.25,-100.01,-186,R,14778,-28.2370
46260,P2,BASE,-101.10,-102.47,-183,R,14737,-28.2233
46270,P2,BASE,-100.95,-100.02,-186,R,14697,-28.2326
46280,P2,BASE,-100.80,-102.50,-183,R,14656,-28.2156
46290,P2,BASE,-100.65,-99.98,-186,R,14616,-28.2223
46300,P2,BASE,-100.50,-102.53,-183,R,14575,-28.2020
46310,P2,BASE,-100.35,-99.97,-185,R,14535,-28.2058
46320,P2,BASE,-100.20,-100.02,-185,R,14495,-28.2076
46330,P2,BASE,-100.05,-100.00,-185,R,14455,-28.2081
46340,P2,BASE,-99.90,-97.48,-187,R,14416,-28.2323
46350,P2,BASE,-99.75,-100.00,-185,R,14376,-28.2298
46360,P2,BASE,-99.60,-97.52,-187,R,14337,-28.2506
46370,P2,BASE,-99.45,-100.00,-184,R,14297,-28.2451
46380,P2,BASE,-99.30,-99.99,-184,R,14257,-28.2382
46390,P2,BASE,-99.15,-100.00,-184,R,14217,-28.2297
46400,P2,BASE,-99.00,-102.48,-181,R,14176,-28.1949
46410,P2,BASE,-98.85,-102.53,-181,R,14135,-28.1581
46420,P2,BASE,-98.70,-102.51,-180,R,14094,-28.1200
46430,P2,BASE,-98.55,-102.50,-180,R,14053,-28.0805
46440,P2,BASE,-98.40,-99.98,-182,R,14013,-28.0647
46450,P2,BASE,-98.25,-102.49,-179,R,13972,-28.0223
46460,P2,BASE,-98.10,-102.50,-179,R,13931,-27.9783
46470,P2,BASE,-97.95,-100.03,-181,R,13891,-27.9575
46480,P2,BASE,-97.80,-97.50,-183,R,13852,-27.9605
46490,P2,BASE,-97.65,-97.47,-183,R,13813,-27.9622
46500,P2,BASE,-97.50,-97.52,-183,R,13774,-27.9621
46510,P2,BASE,-97.35,-100.01,-180,R,13734,-27.9355
46520,P2,BASE,-97.20,-97.50,-183,R,13695,-27.9325
46530,P2,BASE,-97.05,-97.50,-182,R,13656,-27.9280
46540,P2,BASE,-96.90,-99.99,-180,R,13616,-27.8971
46550,P2,BASE,-96.75,-97.51,-182,R,13577,-27.8895
46560,P2,BASE,-96.60,-99.98,-179,R,13537,-27.8557
46570,P2,BASE,-96.45,-97.51,-181,R,13498,-27.8451
46580,P2,BASE,-96.30,-97.49,-181,R,13459,-27.8332
46590,P2,BASE,-96.15,-94.99,-184,R,13421,-27.8448
46600,P2,BASE,-96.00,-99.99,-178,R,13381,-27.8049
46610,P2,BASE,-95.85,-97.51,-180,R,13342,-27.7883
46620,P2,BASE,-95.70,-97.53,-180,R,13303,-27.7700
46630,P2,BASE,-95.55,-97.50,-180,R,13264,-27.7505
46640,P2,BASE,-95.40,-94.96,-182,R,13226,-27.7548
46650,P2,BASE,-95.25,-97.54,-179,R,13187,-27.7320
46660,P2,BASE,-95.10,-94.96,-182,R,13149,-27.7333
46670,P2,BASE,-94.95,-95.03,-182,R,13111,-27.7325
46680,P2,BASE,-94.80,-97.51,-179,R,13072,-27.7054
46690,P2,BASE,-94.65,-94.98,-181,R,13034,-27.7021
46700,P2,BASE,-94.50,-95.00,-181,R,12996,-27.6971
46710,P2,BASE,-94.35,-97.52,-178,R,12957,-27.6654
46720,P2,BASE,-94.20,-95.00,-180,R,12919,-27.6574
46730,P2,BASE,-94.05,-94.96,-180,R,12881,-27.6483
46740,P2,BASE,-93.90,-97.52,-177,R,12842,-27.6121
46750,P2,BASE,-93.75,-95.02,-179,R,12804,-27.5994
46760,P2,BASE,-93.60,-97.46,-177,R,12765,-27.5608
46770,P2,BASE,-93.45,-92.53,-182,R,12728,-27.5700
46780,P2,BASE,-93.30,-94.98,-179,R,12690,-27.5532
46790,P2,BASE,-93.15,-95.03,-178,R,12652,-27.5345
46800,P2,BASE,-93.00,-92.47,-181,R,12615,-27.5397
46810,P2,BASE,-92.85,-90.03,-183,R,12579,-27.5680
46820,P2,BASE,-92.70,-94.97,-178,R,12541,-27.5452
46830,P2,BASE,-92.55,-92.51,-180,R,12504,-27.5457
46840,P2,BASE,-92.40,-95.01,-178,R,12466,-27.5196
46850,P2,BASE,-92.25,-92.51,-180,R,12429,-27.5170
46860,P2,BASE,-92.10,-92.48,-180,R,12392,-27.5132
46870,P2,BASE,-91.95,-95.02,-177,R,12354,-27.4825
46880,P2,BASE,-91.80,-92.47,-179,R,12317,-27.4757
46890,P2,BASE,-91.65,-92.50,-179,R,12280,-27.4672
46900,P2,BASE,-91.50,-90.00,-182,R,12244,-27.4822
46910,P2,BASE,-91.35,-92.51,-179,R,12207,-27.4706
46920,P2,BASE,-91.20,-92.49,-179,R,12170,-27.4577
46930,P2,BASE,-91.05,-92.52,-178,R,12133,-27.4431
46940,P2,BASE,-90.90,-92.49,-178,R,12096,-27.4272
46950,P2,BASE,-90.75,-89.99,-180,R,12060,-27.4347
46960,P2,BASE,-90.60,-90.02,-180,R,12024,-27.4406
46970,P2,BASE,-90.45,-90.01,-180,R,11988,-27.4450
46980,P2,BASE,-90.30,-87.49,-183,R,11953,-27.4731
46990,P2,BASE,-90.15,-87.51,-183,R,11918,-27.4995
47000,P2,BASE,-90.00,-92.49,-177,R,11881,-27.4746
47010,P2,BASE,-89.85,-92.49,-177,R,11844,-27.4482
47020,P2,BASE,-89.70,-92.50,-177,R,11807,-27.4202
47030,P2,BASE,-89.55,-92.52,-176,R,11770,-27.3905
47040,P2,BASE,-89.40,-92.48,-176,R,11733,-27.3597
47050,P2,BASE,-89.25,-92.50,-176,R,11696,-27.3272
47060,P2,BASE,-89.10,-92.52,-175,R,11659,-27.2930
47070,P2,BASE,-88.95,-92.49,-175,R,11622,-27.2576
47080,P2,BASE,-88.80,-92.49,-175,R,11585,-27.2207
47090,P2,BASE,-88.65,-92.51,-174,R,11548,-27.1821
47100,P2,BASE,-88.50,-92.48,-174,R,11511,-27.1422
47110,P2,BASE,-88.35,-89.99,-176,R,11475,-27.1258
47120,P2,BASE,-88.20,-90.04,-176,R,11439,-27.1075
47130,P2,BASE,-88.05,-89.97,-175,R,11403,-27.0882
47140,P2,BASE,-87.90,-87.51,-178,R,11368,-27.0922
47150,P2,BASE,-87.75,-90.02,-175,R,11332,-27.0695
47160,P2,BASE,-87.60,-89.98,-175,R,11296,-27.0457
47170,P2,BASE,-87.45,-90.02,-174,R,11260,-27.0200
47180,P2,BASE,-87.30,-89.96,-174,R,11224,-26.9934
47190,P2,BASE,-87.15,-87.53,-176,R,11189,-26.9897
47200,P2,BASE,-87.00,-90.00,-174,R,11153,-26.9597
47210,P2,BASE,-86.85,-87.50,-176,R,11118,-26.9532
47220,P2,BASE,-86.70,-90.01,-173,R,11082,-26.9201
47230,P2,BASE,-86.55,-89.98,-173,R,11046,-26.8857
47240,P2,BASE,-86.40,-87.53,-175,R,11011,-26.8745
47250,P2,BASE,-86.25,-89.99,-172,R,10975,-26.8371
47260,P2,BASE,-86.10,-90.00,-172,R,10939,-26.7981
47270,P2,BASE,-85.95,-87.49,-174,R,10904,-26.7827
47280,P2,BASE,-85.80,-90.00,-171,R,10868,-26.7407
47290,P2,BASE,-85.65,-87.50,-173,R,10833,-26.7222
47300,P2,BASE,-85.50,-87.49,-173,R,10798,-26.7023
47310,P2,BASE,-85.35,-87.53,-173,R,10763,-26.6805
47320,P2,BASE,-85.20,-87.49,-172,R,10728,-26.6576
47330,P2,BASE,-85.05,-87.48,-172,R,10693,-26.6333
47340,P2,BASE,-84.90,-87.47,-172,R,10658,-26.6076
47350,P2,BASE,-84.75,-87.54,-171,R,10623,-26.5797
47360,P2,BASE,-84.60,-85.02,-174,R,10589,-26.5755
47370,P2,BASE,-84.45,-87.49,-171,R,10554,-26.5451
47380,P2,BASE,-84.30,-87.49,-170,R,10519,-26.5132
47390,P2,BASE,-84.15,-84.99,-173,R,10485,-26.5048
47400,P2,BASE,-84.00,-87.51,-170,R,10450,-26.4697
47410,P2,BASE,-83.85,-87.50,-169,R,10415,-26.4332
47420,P2,BASE,-83.70,-87.51,-169,R,10380,-26.3951
47430,P2,BASE,-83.55,-87.50,-169,R,10345,-26.3556
47440,P2,BASE,-83.40,-85.00,-171,R,10311,-26.3396
47450,P2,BASE,-83.25,-85.00,-171,R,10277,-26.3221
47460,P2,BASE,-83.10,-85.00,-170,R,10243,-26.3031
47470,P2,BASE,-82.95,-85.01,-170,R,10209,-26.2825
47480,P2,BASE,-82.80,-82.48,-172,R,10176,-26.2857
47490,P2,BASE,-82.65,-82.50,-172,R,10143,-26.2872
47500,P2,BASE,-82.50,-82.51,-172,R,10110,-26.2872
47510,P2,BASE,-82.35,-87.49,-167,R,10075,-26.2357
47520,P2,BASE,-82.20,-85.03,-169,R,10041,-26.2075
47530,P2,BASE,-82.05,-82.48,-171,R,10008,-26.2032
47540,P2,BASE,-81.90,-84.99,-168,R,9974,-26.1723
47550,P2,BASE,-81.75,-85.03,-168,R,9940,-26.1395
47560,P2,BASE,-81.60,-82.49,-170,R,9907,-26.1306
47570,P2,BASE,-81.45,-82.50,-170,R,9874,-26.1201
47580,P2,BASE,-81.30,-84.99,-167,R,9840,-26.0832
47590,P2,BASE,-81.15,-82.52,-169,R,9807,-26.0695
47600,P2,BASE,-81.00,-84.99,-166,R,9773,-26.0296
47610,P2,BASE,-80.85,-82.50,-169,R,9740,-26.0131
47620,P2,BASE,-80.70,-82.48,-168,R,9707,-25.9953
47630,P2,BASE,-80.55,-85.02,-165,R,9673,-25.9507
47640,P2,BASE,-80.40,-80.02,-170,R,9641,-25.9545
47650,P2,BASE,-80.25,-82.50,-168,R,9608,-25.9320
47660,P2,BASE,-80.10,-80.00,-170,R,9576,-25.9330
47670,P2,BASE,-79.95,-79.98,-170,R,9544,-25.9327
47680,P2,BASE,-79.80,-77.50,-172,R,9513,-25.9557
47690,P2,BASE,-79.65,-85.00,-164,R,9479,-25.9022
47700,P2,BASE,-79.50,-80.02,-169,R,9447,-25.8970
47710,P2,BASE,-79.35,-82.49,-166,R,9414,-25.8656
47720,P2,BASE,-79.20,-84.98,-163,R,9380,-25.8077
47730,P2,BASE,-79.05,-82.47,-165,R,9347,-25.7736
47740,P2,BASE,-78.90,-82.53,-165,R,9314,-25.7372
47750,P2,BASE,-78.75,-82.52,-164,R,9281,-25.6995
47760,P2,BASE,-78.60,-85.00,-161,R,9247,-25.6355
47770,P2,BASE,-78.45,-82.48,-163,R,9214,-25.5952
47780,P2,BASE,-78.30,-85.00,-160,R,9180,-25.5282
47790,P2,BASE,-78.15,-82.49,-162,R,9147,-25.4847
47800,P2,BASE,-78.00,-82.52,-162,R,9114,-25.4396
47810,P2,BASE,-77.85,-82.49,-162,R,9081,-25.3932
47820,P2,BASE,-77.70,-80.02,-164,R,9049,-25.3700
47830,P2,BASE,-77.55,-79.98,-163,R,9017,-25.3457
47840,P2,BASE,-77.40,-82.49,-160,R,8984,-25.2948
47850,P2,BASE,-77.25,-80.01,-163,R,8952,-25.2672
47860,P2,BASE,-77.10,-80.02,-162,R,8920,-25.2380
47870,P2,BASE,-76.95,-82.48,-159,R,8887,-25.1827
47880,P2,BASE,-76.80,-80.02,-161,R,8855,-25.1505
47890,P2,BASE,-76.65,-79.99,-161,R,8823,-25.1171
47900,P2,BASE,-76.50,-82.45,-158,R,8790,-25.0576
47910,P2,BASE,-76.35,-82.53,-157,R,8757,-24.9958
47920,P2,BASE,-76.20,-80.02,-160,R,8725,-24.9575
47930,P2,BASE,-76.05,-80.00,-159,R,8693,-24.9180
47940,P2,BASE,-75.90,-80.00,-159,R,8661,-24.8770
47950,P2,BASE,-75.75,-79.99,-158,R,8629,-24.8346
47960,P2,BASE,-75.60,-79.99,-158,R,8597,-24.7907
47970,P2,BASE,-75.45,-82.51,-155,R,8564,-24.7201
47980,P2,BASE,-75.30,-82.49,-154,R,8531,-24.6482
47990,P2,BASE,-75.15,-79.98,-156,R,8499,-24.5998
48000,P2,BASE,-75.00,-80.03,-156,R,8467,-24.5495
48010,P2,BASE,-74.85,-77.49,-158,R,8436,-24.5231
48020,P2,BASE,-74.70,-79.98,-155,R,8404,-24.4703
48030,P2,BASE,-74.55,-77.53,-157,R,8373,-24.4405
48040,P2,BASE,-74.40,-79.98,-154,R,8341,-24.3847
48050,P2,BASE,-74.25,-75.00,-159,R,8311,-24.3772
48060,P2,BASE,-74.10,-80.01,-153,R,8279,-24.3181
48070,P2,BASE,-73.95,-77.49,-155,R,8248,-24.2827
48080,P2,BASE,-73.80,-77.50,-155,R,8217,-24.2457
48090,P2,BASE,-73.65,-77.48,-155,R,8186,-24.2073
48100,P2,BASE,-73.50,-77.52,-154,R,8155,-24.1671
48110,P2,BASE,-73.35,-75.00,-156,R,8125,-24.1506
48120,P2,BASE,-73.20,-77.51,-153,R,8094,-24.1075
48130,P2,BASE,-73.05,-77.46,-153,R,8063,-24.0634
48140,P2,BASE,-72.90,-75.03,-155,R,8033,-24.0421
48150,P2,BASE,-72.75,-75.01,-155,R,8003,-24.0195
48160,P2,BASE,-72.60,-77.48,-152,R,7972,-23.9707
48170,P2,BASE,-72.45,-75.00,-154,R,7942,-23.9452
48180,P2,BASE,-72.30,-75.01,-154,R,7912,-23.9181
48190,P2,BASE,-72.15,-75.00,-153,R,7882,-23.8896
48200,P2,BASE,-72.00,-74.99,-153,R,7852,-23.8597
48210,P2,BASE,-71.85,-72.49,-156,R,7823,-23.8533
48220,P2,BASE,-71.70,-72.51,-155,R,7794,-23.8452
48230,P2,BASE,-71.55,-72.49,-155,R,7765,-23.8358
48240,P2,BASE,-71.40,-75.02,-152,R,7735,-23.7996
48250,P2,BASE,-71.25,-72.51,-154,R,7706,-23.7870
48260,P2,BASE,-71.10,-74.97,-152,R,7676,-23.7483
48270,P2,BASE,-70.95,-72.53,-154,R,7647,-23.7326
48280,P2,BASE,-70.80,-75.00,-151,R,7617,-23.6906
48290,P2,BASE,-70.65,-72.48,-153,R,7588,-23.6723
48300,P2,BASE,-70.50,-72.51,-153,R,7559,-23.6522
48310,P2,BASE,-70.35,-75.01,-150,R,7529,-23.6055
48320,P2,BASE,-70.20,-72.50,-152,R,7500,-23.5825
48330,P2,BASE,-70.05,-69.98,-154,R,7472,-23.5833
48340,P2,BASE,-69.90,-72.50,-152,R,7443,-23.5573
48350,P2,BASE,-69.75,-72.52,-151,R,7414,-23.5295
48360,P2,BASE,-69.60,-72.49,-151,R,7385,-23.5006
48370,P2,BASE,-69.45,-72.49,-151,R,7356,-23.4703
48380,P2,BASE,-69.30,-72.49,-150,R,7327,-23.4383
48390,P2,BASE,-69.15,-70.01,-152,R,7299,-23.4297
48400,P2,BASE,-69.00,-72.49,-150,R,7270,-23.3948
48410,P2,BASE,-68.85,-70.02,-152,R,7242,-23.3831
48420,P2,BASE,-68.70,-70.01,-152,R,7214,-23.3701
48430,P2,BASE,-68.55,-67.50,-154,R,7187,-23.3806
48440,P2,BASE,-68.40,-69.99,-151,R,7159,-23.3646
48450,P2,BASE,-68.25,-67.49,-154,R,7132,-23.3723
48460,P2,BASE,-68.10,-67.52,-154,R,7105,-23.3781
48470,P2,BASE,-67.95,-69.99,-151,R,7077,-23.3576
48480,P2,BASE,-67.80,-70.01,-151,R,7049,-23.3356
48490,P2,BASE,-67.65,-69.99,-150,R,7021,-23.3122
48500,P2,BASE,-67.50,-72.46,-147,R,6992,-23.2626
48510,P2,BASE,-67.35,-70.04,-149,R,6964,-23.2358
48520,P2,BASE,-67.20,-70.01,-149,R,6936,-23.2077
48530,P2,BASE,-67.05,-70.01,-149,R,6908,-23.1781
48540,P2,BASE,-66.90,-67.49,-151,R,6881,-23.1722
48550,P2,BASE,-66.75,-72.51,-145,R,6852,-23.1146
48560,P2,BASE,-66.60,-67.49,-150,R,6825,-23.1056
48570,P2,BASE,-66.45,-70.00,-147,R,6797,-23.0701
48580,P2,BASE,-66.30,-70.01,-147,R,6769,-23.0331
48590,P2,BASE,-66.15,-67.47,-149,R,6742,-23.0198
48600,P2,BASE,-66.00,-70.03,-146,R,6714,-22.9796
48610,P2,BASE,-65.85,-67.47,-149,R,6687,-22.9633
48620,P2,BASE,-65.70,-67.51,-148,R,6660,-22.9453
48630,P2,BASE,-65.55,-65.01,-151,R,6634,-22.9506
48640,P2,BASE,-65.40,-67.48,-148,R,6607,-22.9298
48650,P2,BASE,-65.25,-65.03,-150,R,6581,-22.9321
48660,P2,BASE,-65.10,-67.50,-148,R,6554,-22.9081
48670,P2,BASE,-64.95,-64.99,-150,R,6528,-22.9076
48680,P2,BASE,-64.80,-67.50,-147,R,6501,-22.8806
48690,P2,BASE,-64.65,-67.49,-147,R,6474,-22.8523
48700,P2,BASE,-64.50,-65.01,-149,R,6448,-22.8471
48710,P2,BASE,-64.35,-67.50,-146,R,6421,-22.8156
48720,P2,BASE,-64.20,-64.99,-148,R,6395,-22.8077
48730,P2,BASE,-64.05,-70.01,-143,R,6367,-22.7481
48740,P2,BASE,-63.90,-64.99,-148,R,6341,-22.7371
48750,P2,BASE,-63.75,-65.00,-147,R,6315,-22.7246
48760,P2,BASE,-63.60,-67.49,-145,R,6288,-22.6858
48770,P2,BASE,-63.45,-67.52,-144,R,6261,-22.6451
48780,P2,BASE,-63.30,-64.98,-146,R,6235,-22.6283
48790,P2,BASE,-63.15,-65.01,-146,R,6209,-22.6096
48800,P2,BASE,-63.00,-67.49,-143,R,6182,-22.5647
48810,P2,BASE,-62.85,-67.50,-143,R,6155,-22.5182
48820,P2,BASE,-62.70,-67.49,-142,R,6128,-22.4703
48830,P2,BASE,-62.55,-65.01,-144,R,6102,-22.4456
48840,P2,BASE,-62.40,-65.01,-144,R,6076,-22.4196
48850,P2,BASE,-62.25,-67.49,-141,R,6049,-22.3671
48860,P2,BASE,-62.10,-62.51,-146,R,6024,-22.3631
48870,P2,BASE,-61.95,-64.99,-143,R,5998,-22.3326
48880,P2,BASE,-61.80,-62.49,-145,R,5973,-22.3258
48890,P2,BASE,-61.65,-65.00,-142,R,5947,-22.2923
48900,P2,BASE,-61.50,-62.52,-145,R,5922,-22.2821
48910,P2,BASE,-61.35,-62.49,-145,R,5897,-22.2707
48920,P2,BASE,-61.20,-64.99,-142,R,5871,-22.2328
48930,P2,BASE,-61.05,-60.01,-147,R,5847,-22.2433
48940,P2,BASE,-60.90,-62.52,-144,R,5822,-22.2271
48950,P2,BASE,-60.75,-62.48,-144,R,5797,-22.2098
48960,P2,BASE,-60.60,-62.51,-143,R,5772,-22.1907
48970,P2,BASE,-60.45,-62.51,-143,R,5747,-22.1701
48980,P2,BASE,-60.30,-59.99,-145,R,5723,-22.1732
48990,P2,BASE,-60.15,-60.00,-145,R,5699,-22.1747
49000,P2,BASE,-60.00,-60.01,-145,R,5675,-22.1746
49010,P2,BASE,-59.85,-62.50,-142,R,5650,-22.1481
49020,P2,BASE,-59.70,-59.99,-145,R,5626,-22.1451
49030,P2,BASE,-59.55,-59.99,-144,R,5602,-22.1408
49040,P2,BASE,-59.40,-62.52,-142,R,5577,-22.1096
49050,P2,BASE,-59.25,-59.96,-144,R,5553,-22.1025
49060,P2,BASE,-59.10,-59.98,-144,R,5529,-22.0937
49070,P2,BASE,-58.95,-57.56,-146,R,5506,-22.1076
49080,P2,BASE,-58.80,-59.99,-143,R,5482,-22.0957
49090,P2,BASE,-58.65,-59.99,-143,R,5458,-22.0823
49100,P2,BASE,-58.50,-57.51,-146,R,5435,-22.0922
49110,P2,BASE,-58.35,-57.51,-146,R,5412,-22.1006
49120,P2,BASE,-58.20,-57.50,-145,R,5389,-22.1076
49130,P2,BASE,-58.05,-59.98,-143,R,5365,-22.0883
49140,P2,BASE,-57.90,-57.50,-145,R,5342,-22.0923
49150,P2,BASE,-57.75,-57.52,-145,R,5319,-22.0946
49160,P2,BASE,-57.60,-59.98,-142,R,5295,-22.0708
49170,P2,BASE,-57.45,-60.00,-142,R,5271,-22.0453
49180,P2,BASE,-57.30,-60.02,-141,R,5247,-22.0181
49190,P2,BASE,-57.15,-59.98,-141,R,5223,-21.9898
49200,P2,BASE,-57.00,-57.51,-143,R,5200,-21.9847
49210,P2,BASE,-56.85,-59.99,-140,R,5176,-21.9532
49220,P2,BASE,-56.70,-60.00,-140,R,5152,-21.9202
49230,P2,BASE,-56.55,-57.51,-142,R,5129,-21.9106
49240,P2,BASE,-56.40,-59.98,-140,R,5105,-21.8749
49250,P2,BASE,-56.25,-57.52,-142,R,5082,-21.8621
49260,P2,BASE,-56.10,-57.50,-142,R,5059,-21.8481
49270,P2,BASE,-55.95,-57.48,-141,R,5036,-21.8328
49280,P2,BASE,-55.80,-57.51,-141,R,5013,-21.8157
49290,P2,BASE,-55.65,-59.99,-138,R,4989,-21.7723
49300,P2,BASE,-55.50,-57.52,-140,R,4966,-21.7521
49310,P2,BASE,-55.35,-57.49,-140,R,4943,-21.7307
49320,P2,BASE,-55.20,-57.50,-140,R,4920,-21.7077
49330,P2,BASE,-55.05,-57.51,-139,R,4897,-21.6831
49340,P2,BASE,-54.90,-54.99,-142,R,4875,-21.6822
49350,P2,BASE,-54.75,-57.51,-139,R,4852,-21.6546
49360,P2,BASE,-54.60,-54.98,-141,R,4830,-21.6508
49370,P2,BASE,-54.45,-55.01,-141,R,4808,-21.6453
49380,P2,BASE,-54.30,-54.99,-141,R,4786,-21.6383
49390,P2,BASE,-54.15,-55.01,-141,R,4764,-21.6298
49400,P2,BASE,-54.00,-54.99,-140,R,4742,-21.6198
49410,P2,BASE,-53.85,-52.50,-143,R,4721,-21.6333
49420,P2,BASE,-53.70,-55.01,-140,R,4699,-21.6202
49430,P2,BASE,-53.55,-57.49,-137,R,4676,-21.5808
49440,P2,BASE,-53.40,-54.99,-140,R,4654,-21.5648
49450,P2,BASE,-53.25,-55.02,-139,R,4632,-21.5471
49460,P2,BASE,-53.10,-54.98,-139,R,4610,-21.5283
49470,P2,BASE,-52.95,-55.01,-139,R,4588,-21.5077
49480,P2,BASE,-52.80,-55.00,-138,R,4566,-21.4857
49490,P2,BASE,-52.65,-54.98,-138,R,4544,-21.4624
49500,P2,BASE,-52.50,-55.01,-138,R,4522,-21.4373
49510,P2,BASE,-52.35,-55.01,-137,R,4500,-21.4108
49520,P2,BASE,-52.20,-52.50,-140,R,4479,-21.4078
49530,P2,BASE,-52.05,-57.51,-134,R,4456,-21.3532
49540,P2,BASE,-51.90,-52.50,-139,R,4435,-21.3472
49550,P2,BASE,-51.75,-55.01,-136,R,4413,-21.3146
49560,P2,BASE,-51.60,-52.48,-139,R,4392,-21.3059
49570,P2,BASE,-51.45,-55.01,-136,R,4370,-21.2703
49580,P2,BASE,-51.30,-52.51,-138,R,4349,-21.2582
49590,P2,BASE,-51.15,-52.50,-138,R,4328,-21.2447
49600,P2,BASE,-51.00,-52.50,-137,R,4307,-21.2297
49610,P2,BASE,-50.85,-52.49,-137,R,4286,-21.2133
49620,P2,BASE,-50.70,-52.51,-137,R,4265,-21.1952
49630,P2,BASE,-50.55,-50.00,-139,R,4245,-21.2007
49640,P2,BASE,-50.40,-52.49,-136,R,4224,-21.1798
49650,P2,BASE,-50.25,-52.51,-136,R,4203,-21.1572
49660,P2,BASE,-50.10,-50.00,-139,R,4183,-21.1582
49670,P2,BASE,-49.95,-50.01,-138,R,4163,-21.1577
49680,P2,BASE,-49.80,-52.49,-136,R,4142,-21.1308
49690,P2,BASE,-49.65,-50.01,-138,R,4122,-21.1273
49700,P2,BASE,-49.50,-52.49,-135,R,4101,-21.0973
49710,P2,BASE,-49.35,-52.51,-135,R,4080,-21.0657
49720,P2,BASE,-49.20,-52.50,-134,R,4059,-21.0327
49730,P2,BASE,-49.05,-49.99,-137,R,4039,-21.0233
49740,P2,BASE,-48.90,-52.51,-134,R,4018,-20.9872
49750,P2,BASE,-48.75,-49.99,-136,R,3998,-20.9748
49760,P2,BASE,-48.60,-55.02,-130,R,3976,-20.9106
49770,P2,BASE,-48.45,-52.48,-132,R,3955,-20.8703
49780,P2,BASE,-48.30,-49.99,-135,R,3935,-20.8533
49790,P2,BASE,-48.15,-50.00,-134,R,3915,-20.8348
49800,P2,BASE,-48.00,-52.50,-131,R,3894,-20.7898
49810,P2,BASE,-47.85,-52.52,-131,R,3873,-20.7432
49820,P2,BASE,-47.70,-49.99,-133,R,3853,-20.7203
49830,P2,BASE,-47.55,-52.51,-130,R,3832,-20.6708
49840,P2,BASE,-47.40,-47.50,-135,R,3813,-20.6698
49850,P2,BASE,-47.25,-52.52,-130,R,3792,-20.6172
49860,P2,BASE,-47.10,-52.50,-129,R,3771,-20.5632
49870,P2,BASE,-46.95,-52.51,-129,R,3750,-20.5076
49880,P2,BASE,-46.80,-49.99,-131,R,3730,-20.4757
49890,P2,BASE,-46.65,-50.00,-130,R,3710,-20.4422
49900,P2,BASE,-46.50,-50.01,-130,R,3690,-20.4071
49910,P2,BASE,-46.35,-49.99,-130,R,3670,-20.3708
49920,P2,BASE,-46.20,-50.02,-129,R,3650,-20.3326
49930,P2,BASE,-46.05,-47.50,-131,R,3631,-20.3181
49940,P2,BASE,-45.90,-49.98,-129,R,3611,-20.2773
49950,P2,BASE,-45.75,-47.51,-131,R,3592,-20.2597
49960,P2,BASE,-45.60,-47.49,-131,R,3573,-20.2408
49970,P2,BASE,-45.45,-47.52,-130,R,3554,-20.2201
49980,P2,BASE,-45.30,-47.48,-130,R,3535,-20.1983
49990,P2,BASE,-45.15,-45.01,-132,R,3517,-20.1997
50000,P2,BASE,-45.00,-47.50,-129,R,3498,-20.1747
50010,P2,BASE,-44.85,-45.00,-132,R,3480,-20.1733
50020,P2,BASE,-44.70,-45.01,-132,R,3462,-20.1701
50030,P2,BASE,-44.55,-47.48,-129,R,3443,-20.1408
50040,P2,BASE,-44.40,-45.02,-131,R,3425,-20.1346
50050,P2,BASE,-44.25,-42.49,-134,R,3408,-20.1522
50060,P2,BASE,-44.10,-45.00,-131,R,3390,-20.1432
50070,P2,BASE,-43.95,-45.00,-131,R,3372,-20.1326
50080,P2,BASE,-43.80,-44.99,-130,R,3354,-20.1207
50090,P2,BASE,-43.65,-42.50,-133,R,3337,-20.1323
50100,P2,BASE,-43.50,-42.51,-133,R,3320,-20.1421
50110,P2,BASE,-43.35,-45.00,-130,R,3302,-20.1257
50120,P2,BASE,-43.20,-42.50,-132,R,3285,-20.1327
50130,P2,BASE,-43.05,-42.50,-132,R,3268,-20.1381
50140,P2,BASE,-42.90,-42.49,-132,R,3251,-20.1423
50150,P2,BASE,-42.75,-42.50,-132,R,3234,-20.1448
50160,P2,BASE,-42.60,-40.00,-135,R,3218,-20.1708
50170,P2,BASE,-42.45,-42.50,-132,R,3201,-20.1702
50180,P2,BASE,-42.30,-42.51,-132,R,3184,-20.1681
50190,P2,BASE,-42.15,-42.50,-132,R,3167,-20.1646
50200,P2,BASE,-42.00,-42.50,-131,R,3150,-20.1597
50210,P2,BASE,-41.85,-42.50,-131,R,3133,-20.1532
50220,P2,BASE,-41.70,-39.99,-134,R,3117,-20.1703
50230,P2,BASE,-41.55,-42.51,-131,R,3100,-20.1607
50240,P2,BASE,-41.40,-42.49,-131,R,3083,-20.1498
50250,P2,BASE,-41.25,-40.01,-133,R,3067,-20.1622
50260,P2,BASE,-41.10,-42.50,-130,R,3050,-20.1482
50270,P2,BASE,-40.95,-40.00,-133,R,3034,-20.1577
50280,P2,BASE,-40.80,-42.50,-130,R,3017,-20.1408
50290,P2,BASE,-40.65,-40.01,-132,R,3001,-20.1472
50300,P2,BASE,-40.50,-42.49,-130,R,2984,-20.1272
50310,P2,BASE,-40.35,-40.00,-132,R,2968,-20.1307
50320,P2,BASE,-40.20,-42.50,-129,R,2951,-20.1077
50330,P2,BASE,-40.05,-42.50,-129,R,2934,-20.0833
50340,P2,BASE,-39.90,-40.01,-131,R,2918,-20.0822
50350,P2,BASE,-39.75,-42.49,-128,R,2901,-20.0548
50360,P2,BASE,-39.60,-42.51,-128,R,2884,-20.0257
50370,P2,BASE,-39.45,-42.49,-128,R,2867,-19.9953
50380,P2,BASE,-39.30,-42.51,-127,R,2850,-19.9632
50390,P2,BASE,-39.15,-42.50,-127,R,2833,-19.9297
50400,P2,BASE,-39.00,-42.50,-127,R,2816,-19.8947
50410,P2,BASE,-38.85,-40.00,-129,R,2800,-19.8832
50420,P2,BASE,-38.70,-42.49,-126,R,2783,-19.8453
50430,P2,BASE,-38.55,-42.51,-126,R,2766,-19.8057
50440,P2,BASE,-38.40,-42.49,-125,R,2749,-19.7648
50450,P2,BASE,-38.25,-42.51,-125,R,2732,-19.7222
50460,P2,BASE,-38.10,-40.00,-127,R,2716,-19.7032
50470,P2,BASE,-37.95,-39.99,-127,R,2700,-19.6828
50480,P2,BASE,-37.80,-42.51,-124,R,2683,-19.6357
50490,P2,BASE,-37.65,-37.51,-129,R,2668,-19.6372
50500,P2,BASE,-37.50,-42.50,-123,R,2651,-19.5872
50510,P2,BASE,-37.35,-39.99,-125,R,2635,-19.5608
50520,P2,BASE,-37.20,-40.01,-125,R,2619,-19.5327
50530,P2,BASE,-37.05,-40.00,-125,R,2603,-19.5032
50540,P2,BASE,-36.90,-40.00,-124,R,2587,-19.4722
50550,P2,BASE,-36.75,-39.99,-124,R,2571,-19.4398
50560,P2,BASE,-36.60,-37.51,-126,R,2556,-19.4307
50570,P2,BASE,-36.45,-39.99,-123,R,2540,-19.3953
50580,P2,BASE,-36.30,-37.50,-126,R,2525,-19.3833
50590,P2,BASE,-36.15,-37.50,-125,R,2510,-19.3698
50600,P2,BASE,-36.00,-40.01,-122,R,2494,-19.3297
50610,P2,BASE,-35.85,-37.50,-125,R,2479,-19.3132
50620,P2,BASE,-35.70,-37.49,-124,R,2464,-19.2953
50630,P2,BASE,-35.55,-37.51,-124,R,2449,-19.2757
50640,P2,BASE,-35.40,-34.99,-127,R,2435,-19.2798
50650,P2,BASE,-35.25,-37.50,-124,R,2420,-19.2573
50660,P2,BASE,-35.10,-35.00,-126,R,2406,-19.2582
50670,P2,BASE,-34.95,-35.01,-126,R,2392,-19.2577
50680,P2,BASE,-34.80,-34.99,-126,R,2378,-19.2558
50690,P2,BASE,-34.65,-37.50,-123,R,2363,-19.2273
50700,P2,BASE,-34.50,-35.00,-125,R,2349,-19.2223
50710,P2,BASE,-34.35,-35.01,-125,R,2335,-19.2157
50720,P2,BASE,-34.20,-32.50,-128,R,2322,-19.2327
50730,P2,BASE,-34.05,-35.00,-125,R,2308,-19.2232
50740,P2,BASE,-33.90,-37.50,-122,R,2293,-19.1872
50750,P2,BASE,-33.75,-35.00,-124,R,2279,-19.1747
50760,P2,BASE,-33.60,-35.00,-124,R,2265,-19.1607
50770,P2,BASE,-33.45,-34.99,-124,R,2251,-19.1453
50780,P2,BASE,-33.30,-32.51,-126,R,2238,-19.1532
50790,P2,BASE,-33.15,-35.00,-123,R,2224,-19.1348
50800,P2,BASE,-33.00,-32.51,-126,R,2211,-19.1397
50810,P2,BASE,-32.85,-35.00,-123,R,2197,-19.1182
50820,P2,BASE,-32.70,-34.99,-123,R,2183,-19.0953
50830,P2,BASE,-32.55,-35.00,-122,R,2169,-19.0707
50840,P2,BASE,-32.40,-32.49,-125,R,2156,-19.0698
50850,P2,BASE,-32.25,-32.50,-124,R,2143,-19.0673
50860,P2,BASE,-32.10,-32.51,-124,R,2130,-19.0632
50870,P2,BASE,-31.95,-32.51,-124,R,2117,-19.0577
50880,P2,BASE,-31.80,-32.49,-124,R,2104,-19.0508
50890,P2,BASE,-31.65,-32.51,-124,R,2091,-19.0422
50900,P2,BASE,-31.50,-29.99,-126,R,2079,-19.0573
50910,P2,BASE,-31.35,-35.00,-121,R,2065,-19.0208
50920,P2,BASE,-31.20,-30.01,-126,R,2053,-19.0327
50930,P2,BASE,-31.05,-32.50,-123,R,2040,-19.0182
50940,P2,BASE,-30.90,-30.00,-125,R,2028,-19.0273
50950,P2,BASE,-30.75,-32.50,-123,R,2015,-19.0098
50960,P2,BASE,-30.60,-30.01,-125,R,2003,-19.0157
50970,P2,BASE,-30.45,-32.49,-122,R,1990,-18.9953
50980,P2,BASE,-30.30,-30.01,-125,R,1978,-18.9982
50990,P2,BASE,-30.15,-30.00,-124,R,1966,-18.9997
51000,P2,BASE,-30.00,-32.49,-122,R,1953,-18.9748
51010,P2,BASE,-29.85,-30.00,-124,R,1941,-18.9733
51020,P2,BASE,-29.70,-30.00,-124,R,1929,-18.9703
51030,P2,BASE,-29.55,-30.00,-124,R,1917,-18.9658
51040,P2,BASE,-29.40,-30.00,-123,R,1905,-18.9598
51050,P2,BASE,-29.25,-30.00,-123,R,1893,-18.9522
51060,P2,BASE,-29.10,-30.00,-123,R,1881,-18.9432
51070,P2,BASE,-28.95,-30.00,-123,R,1869,-18.9327
51080,P2,BASE,-28.80,-30.00,-123,R,1857,-18.9207
51090,P2,BASE,-28.65,-30.00,-122,R,1845,-18.9072
51100,P2,BASE,-28.50,-30.00,-122,R,1833,-18.8923
51110,P2,BASE,-28.35,-27.50,-125,R,1822,-18.9008
51120,P2,BASE,-28.20,-30.01,-122,R,1810,-18.8827
51130,P2,BASE,-28.05,-29.99,-121,R,1798,-18.8633
51140,P2,BASE,-27.90,-30.00,-121,R,1786,-18.8423
51150,P2,BASE,-27.75,-30.01,-121,R,1774,-18.8197
51160,P2,BASE,-27.60,-30.00,-121,R,1762,-18.7957
51170,P2,BASE,-27.45,-30.00,-120,R,1750,-18.7703
51180,P2,BASE,-27.30,-30.00,-120,R,1738,-18.7432
51190,P2,BASE,-27.15,-30.00,-120,R,1726,-18.7147
51200,P2,BASE,-27.00,-29.99,-119,R,1714,-18.6848
51210,P2,BASE,-26.85,-30.00,-119,R,1702,-18.6532
51220,P2,BASE,-26.70,-29.99,-118,R,1690,-18.6203
51230,P2,BASE,-26.55,-30.00,-118,R,1678,-18.5858
51240,P2,BASE,-26.40,-32.49,-115,R,1665,-18.5249
51250,P2,BASE,-26.25,-27.51,-120,R,1654,-18.5122
51260,P2,BASE,-26.10,-29.99,-117,R,1642,-18.4733
51270,P2,BASE,-25.95,-30.01,-116,R,1630,-18.4327
51280,P2,BASE,-25.80,-30.00,-116,R,1618,-18.3907
51290,P2,BASE,-25.65,-29.99,-116,R,1606,-18.3473
51300,P2,BASE,-25.50,-30.01,-115,R,1594,-18.3022
51310,P2,BASE,-25.35,-29.99,-115,R,1582,-18.2558
51320,P2,BASE,-25.20,-30.01,-114,R,1570,-18.2078
51330,P2,BASE,-25.05,-30.00,-114,R,1558,-18.1583
51340,P2,BASE,-24.90,-27.49,-116,R,1547,-18.1323
51350,P2,BASE,-24.75,-29.99,-113,R,1535,-18.0799
51360,P2,BASE,-24.60,-27.51,-115,R,1524,-18.0508
51370,P2,BASE,-24.45,-30.01,-112,R,1512,-17.9952
51380,P2,BASE,-24.30,-29.99,-112,R,1500,-17.9383
51390,P2,BASE,-24.15,-27.51,-114,R,1489,-17.9047
51400,P2,BASE,-24.00,-27.49,-113,R,1478,-17.8698
51410,P2,BASE,-23.85,-27.50,-113,R,1467,-17.8333
51420,P2,BASE,-23.70,-30.01,-110,R,1455,-17.7703
51430,P2,BASE,-23.55,-27.50,-112,R,1444,-17.7308
51440,P2,BASE,-23.40,-27.50,-112,R,1433,-17.6898
51450,P2,BASE,-23.25,-25.00,-114,R,1423,-17.6723
51460,P2,BASE,-23.10,-27.50,-111,R,1412,-17.6283
51470,P2,BASE,-22.95,-27.50,-110,R,1401,-17.5828
51480,P2,BASE,-22.80,-27.51,-110,R,1390,-17.5357
51490,P2,BASE,-22.65,-27.50,-109,R,1379,-17.4872
51500,P2,BASE,-22.50,-25.00,-112,R,1369,-17.4622
51510,P2,BASE,-22.35,-25.00,-111,R,1359,-17.4357
51520,P2,BASE,-22.20,-27.50,-108,R,1348,-17.3827
51530,P2,BASE,-22.05,-27.49,-108,R,1337,-17.3283
51540,P2,BASE,-21.90,-25.00,-110,R,1327,-17.2973
51550,P2,BASE,-21.75,-25.01,-110,R,1317,-17.2648
51560,P2,BASE,-21.60,-25.00,-109,R,1307,-17.2307
51570,P2,BASE,-21.45,-22.50,-112,R,1298,-17.2202
51580,P2,BASE,-21.30,-24.99,-109,R,1288,-17.1833
51590,P2,BASE,-21.15,-25.01,-108,R,1278,-17.1448
51600,P2,BASE,-21.00,-22.50,-110,R,1269,-17.1298
51610,P2,BASE,-20.85,-25.00,-108,R,1259,-17.0883
51620,P2,BASE,-20.70,-22.50,-110,R,1250,-17.0702
51630,P2,BASE,-20.55,-19.99,-112,R,1242,-17.0758
51640,P2,BASE,-20.40,-22.50,-109,R,1233,-17.0548
51650,P2,BASE,-20.25,-22.50,-109,R,1224,-17.0323
51660,P2,BASE,-20.10,-20.00,-111,R,1216,-17.0333
51670,P2,BASE,-19.95,-22.50,-109,R,1207,-17.0077
51680,P2,BASE,-19.80,-20.00,-111,R,1199,-17.0057
51690,P2,BASE,-19.65,-20.00,-111,R,1191,-17.0022
51700,P2,BASE,-19.50,-19.99,-111,R,1183,-16.9973
51710,P2,BASE,-19.35,-20.01,-110,R,1175,-16.9907
51720,P2,BASE,-19.20,-19.99,-110,R,1167,-16.9828
51730,P2,BASE,-19.05,-20.01,-110,R,1159,-16.9732
51740,P2,BASE,-18.90,-17.50,-112,R,1152,-16.9872
51750,P2,BASE,-18.75,-20.00,-110,R,1144,-16.9748
51760,P2,BASE,-18.60,-17.50,-112,R,1137,-16.9857
51770,P2,BASE,-18.45,-17.50,-112,R,1130,-16.9953
51780,P2,BASE,-18.30,-17.50,-112,R,1123,-17.0033
51790,P2,BASE,-18.15,-15.00,-115,R,1117,-17.0347
51800,P2,BASE,-18.00,-17.50,-112,R,1110,-17.0398
51810,P2,BASE,-17.85,-17.50,-112,R,1103,-17.0432
51820,P2,BASE,-17.70,-17.49,-112,R,1096,-17.0453
51830,P2,BASE,-17.55,-17.50,-112,R,1089,-17.0458
51840,P2,BASE,-17.40,-17.50,-111,R,1082,-17.0448
51850,P2,BASE,-17.25,-15.00,-114,R,1076,-17.0672
51860,P2,BASE,-17.10,-17.49,-111,R,1069,-17.0633
51870,P2,BASE,-16.95,-15.00,-114,R,1063,-17.0828
51880,P2,BASE,-16.80,-15.00,-114,R,1057,-17.1008
51890,P2,BASE,-16.65,-17.50,-111,R,1050,-17.0923
51900,P2,BASE,-16.50,-15.00,-113,R,1044,-17.1073
51910,P2,BASE,-16.35,-15.00,-113,R,1038,-17.1208
51920,P2,BASE,-16.20,-15.00,-113,R,1032,-17.1328
51930,P2,BASE,-16.05,-15.00,-113,R,1026,-17.1433
51940,P2,BASE,-15.90,-15.00,-113,R,1020,-17.1523
51950,P2,BASE,-15.75,-12.50,-116,R,1015,-17.1848
51960,P2,BASE,-15.60,-15.00,-113,R,1009,-17.1908
51970,P2,BASE,-15.45,-15.00,-113,R,1003,-17.1952
51980,P2,BASE,-15.30,-12.50,-115,R,998,-17.2233
51990,P2,BASE,-15.15,-15.00,-113,R,992,-17.2248
52000,P2,BASE,-15.00,-15.00,-113,R,986,-17.2248
52010,P2,BASE,-14.85,-15.00,-112,R,980,-17.2233
52020,P2,BASE,-14.70,-12.50,-115,R,975,-17.2453
52030,P2,BASE,-14.55,-15.00,-112,R,969,-17.2408
52040,P2,BASE,-14.40,-12.50,-115,R,964,-17.2598
52050,P2,BASE,-14.25,-12.50,-115,R,959,-17.2773
52060,P2,BASE,-14.10,-15.00,-112,R,953,-17.2683
52070,P2,BASE,-13.95,-12.50,-114,R,948,-17.2828
52080,P2,BASE,-13.80,-12.50,-114,R,943,-17.2957
52090,P2,BASE,-13.65,-12.50,-114,R,938,-17.3073
52100,P2,BASE,-13.50,-12.50,-114,R,933,-17.3173
52110,P2,BASE,-13.35,-15.00,-111,R,927,-17.3008
52120,P2,BASE,-13.20,-12.50,-114,R,922,-17.3078
52130,P2,BASE,-13.05,-10.00,-116,R,918,-17.3383
52140,P2,BASE,-12.90,-15.00,-111,R,912,-17.3173
52150,P2,BASE,-12.75,-12.50,-114,R,907,-17.3198
52160,P2,BASE,-12.60,-12.50,-113,R,902,-17.3208
52170,P2,BASE,-12.45,-12.50,-113,R,897,-17.3203
52180,P2,BASE,-12.30,-12.50,-113,R,892,-17.3183
52190,P2,BASE,-12.15,-12.50,-113,R,887,-17.3148
52200,P2,BASE,-12.00,-12.50,-113,R,882,-17.3098
52210,P2,BASE,-11.85,-10.00,-115,R,878,-17.3283
52220,P2,BASE,-11.70,-12.50,-112,R,873,-17.3203
52230,P2,BASE,-11.55,-12.50,-112,R,868,-17.3108
52240,P2,BASE,-11.40,-12.50,-112,R,863,-17.2998
52250,P2,BASE,-11.25,-12.50,-112,R,858,-17.2873
52260,P2,BASE,-11.10,-12.50,-112,R,853,-17.2733
52270,P2,BASE,-10.95,-12.50,-111,R,848,-17.2578
52280,P2,BASE,-10.80,-12.50,-111,R,843,-17.2408
52290,P2,BASE,-10.65,-12.50,-111,R,838,-17.2223
52300,P2,BASE,-10.50,-10.00,-113,R,834,-17.2273
52310,P2,BASE,-10.35,-10.00,-113,R,830,-17.2308
52320,P2,BASE,-10.20,-12.50,-110,R,825,-17.2078
52330,P2,BASE,-10.05,-12.50,-110,R,820,-17.1833
52340,P2,BASE,-9.90,-10.00,-112,R,816,-17.1823
52350,P2,BASE,-9.75,-10.00,-112,R,812,-17.1798
52360,P2,BASE,-9.60,-12.50,-109,R,807,-17.1508
52370,P2,BASE,-9.45,-12.50,-109,R,802,-17.1203
52380,P2,BASE,-9.30,-12.50,-108,R,797,-17.0883
52390,P2,BASE,-9.15,-10.00,-111,R,793,-17.0798
52400,P2,BASE,-9.00,-10.00,-111,R,789,-17.0698
52410,P2,BASE,-8.85,-12.50,-108,R,784,-17.0333
52420,P2,BASE,-8.70,-12.50,-107,R,779,-16.9953
52430,P2,BASE,-8.55,-10.00,-110,R,775,-16.9808
52440,P2,BASE,-8.40,-10.00,-109,R,771,-16.9648
52450,P2,BASE,-8.25,-12.50,-106,R,766,-16.9223
52460,P2,BASE,-8.10,-10.00,-109,R,762,-16.9033
52470,P2,BASE,-7.95,-10.00,-108,R,758,-16.8828
52480,P2,BASE,-7.80,-10.00,-108,R,754,-16.8608
52490,P2,BASE,-7.65,-10.00,-108,R,750,-16.8373
52500,P2,BASE,-7.50,-10.00,-107,R,746,-16.8123
52510,P2,BASE,-7.35,-10.00,-107,R,742,-16.7858
52520,P2,BASE,-7.20,-10.00,-107,R,738,-16.7578
52530,P2,BASE,-7.05,-10.00,-106,R,734,-16.7283
52540,P2,BASE,-6.90,-10.00,-106,R,730,-16.6973
52550,P2,BASE,-6.75,-10.00,-106,R,726,-16.6648
52560,P2,BASE,-6.60,-12.50,-103,R,721,-16.6058
52570,P2,BASE,-6.45,-7.50,-107,R,718,-16.5953
52580,P2,BASE,-6.30,-10.00,-104,R,714,-16.5583
52590,P2,BASE,-6.15,-7.50,-107,R,711,-16.5448
52600,P2,BASE,-6.00,-10.00,-104,R,707,-16.5048
52610,P2,BASE,-5.85,-10.00,-103,R,703,-16.4633
52620,P2,BASE,-5.70,-10.00,-103,R,699,-16.4203
52630,P2,BASE,-5.55,-10.00,-103,R,695,-16.3758
52640,P2,BASE,-5.40,-7.50,-105,R,692,-16.3548
52650,P2,BASE,-5.25,-7.50,-104,R,689,-16.3323
52660,P2,BASE,-5.10,-10.00,-101,R,685,-16.2833
52670,P2,BASE,-4.95,-10.00,-101,R,681,-16.2328
52680,P2,BASE,-4.80,-10.00,-100,R,677,-16.1808
52690,P2,BASE,-4.65,-7.50,-103,R,674,-16.1523
52700,P2,BASE,-4.50,-7.50,-102,R,671,-16.1223
52710,P2,BASE,-4.35,-7.50,-102,R,668,-16.0908
52720,P2,BASE,-4.20,-7.50,-102,R,665,-16.0578
52730,P2,BASE,-4.05,-10.00,-99,R,661,-15.9983
52740,P2,BASE,-3.90,-7.50,-101,R,658,-15.9623
52750,P2,BASE,-3.75,-7.50,-100,R,655,-15.9248
52760,P2,BASE,-3.60,-7.50,-100,R,652,-15.8858
52770,P2,BASE,-3.45,-5.00,-102,R,650,-15.8703
52780,P2,BASE,-3.30,-7.50,-99,R,647,-15.8283
52790,P2,BASE,-3.15,-7.50,-99,R,644,-15.7848
52800,P2,BASE,-3.00,-7.50,-98,R,641,-15.7398
52810,P2,BASE,-2.85,-7.50,-98,R,638,-15.6933
52820,P2,BASE,-2.70,-7.50,-97,R,635,-15.6453
52830,P2,BASE,-2.55,-5.00,-100,R,633,-15.6208
52840,P2,BASE,-2.40,-2.50,-102,R,632,-15.6198
52850,P2,BASE,-2.25,-7.50,-96,R,629,-15.5673
52860,P2,BASE,-2.10,-5.00,-99,R,627,-15.5383
52870,P2,BASE,-1.95,-7.50,-96,R,624,-15.4828
52880,P2,BASE,-1.80,-7.50,-95,R,621,-15.4258
52890,P2,BASE,-1.65,-5.00,-97,R,619,-15.3923
52900,P2,BASE,-1.50,-5.00,-97,R,617,-15.3573
52910,P2,BASE,-1.35,-5.00,-96,R,615,-15.3208
52920,P2,BASE,-1.20,-2.50,-99,R,614,-15.3078
52930,P2,BASE,-1.05,-2.50,-98,R,613,-15.2933
52940,P2,BASE,-0.90,-2.50,-98,R,612,-15.2773
52950,P2,BASE,-0.75,-2.50,-98,R,611,-15.2598
52960,P2,BASE,-0.60,-5.00,-95,R,609,-15.2158
52970,P2,BASE,-0.45,-5.00,-95,R,607,-15.1703
52980,P2,BASE,-0.30,-5.00,-94,R,605,-15.1233
52990,P2,BASE,-0.15,-7.50,-91,R,602,-15.0498
53000,P2,BASE,0.00,-2.50,-96,R,601,-15.0248
