t_ms,profile,controller,ref_rpm,meas_rpm,pwm_cmd,dir,enc_count,integrator
0,P2,BASE,0.00,0.00,0,N,0,0.0000
10,P2,BASE,0.15,0.00,0,N,0,0.0015
20,P2,BASE,0.30,0.00,0,N,0,0.0045
30,P2,BASE,0.45,0.00,0,N,0,0.0090
40,P2,BASE,0.60,0.00,0,N,0,0.0150
50,P2,BASE,0.75,0.00,0,N,0,0.0225
60,P2,BASE,0.90,0.00,1,F,0,0.0315
70,P2,BASE,1.05,0.00,1,F,0,0.0420
80,P2,BASE,1.20,0.00,1,F,0,0.0540
90,P2,BASE,1.35,0.00,1,F,0,0.0675
100,P2,BASE,1.50,0.00,2,F,0,0.0825
110,P2,BASE,1.65,0.00,2,F,0,0.0990
120,P2,BASE,1.80,0.00,2,F,0,0.1170
130,P2,BASE,1.95,0.00,2,F,0,0.1365
140,P2,BASE,2.10,0.00,3,F,0,0.1575
150,P2,BASE,2.25,0.00,3,F,0,0.1800
160,P2,BASE,2.40,0.00,3,F,0,0.2040
170,P2,BASE,2.55,0.00,4,F,0,0.2295
180,P2,BASE,2.70,0.00,4,F,0,0.2565
190,P2,BASE,2.85,0.00,4,F,0,0.2850
200,P2,BASE,3.00,0.00,5,F,0,0.3150
210,P2,BASE,3.15,0.00,5,F,0,0.3465
220,P2,BASE,3.30,0.00,5,F,0,0.3795
230,P2,BASE,3.45,0.00,6,F,0,0.4140
240,P2,BASE,3.60,0.00,6,F,0,0.4500
250,P2,BASE,3.75,0.00,7,F,0,0.4875
260,P2,BASE,3.90,0.00,7,F,0,0.5265
270,P2,BASE,4.05,0.00,7,F,0,0.5670
280,P2,BASE,4.20,0.00,8,F,0,0.6090
290,P2,BASE,4.35,0.00,8,F,0,0.6525
300,P2,BASE,4.50,0.00,9,F,0,0.6975
310,P2,BASE,4.65,0.00,9,F,0,0.7440
320,P2,BASE,4.80,0.00,10,F,0,0.7920
330,P2,BASE,4.95,0.00,10,F,0,0.8415
340,P2,BASE,5.10,0.00,11,F,0,0.8925
350,P2,BASE,5.25,0.00,11,F,0,0.9450
360,P2,BASE,5.40,0.00,12,F,0,0.9990
370,P2,BASE,5.55,0.00,12,F,0,1.0545
380,P2,BASE,5.70,0.00,13,F,0,1.1115
390,P2,BASE,5.85,0.00,13,F,0,1.1700
400,P2,BASE,6.00,0.00,14,F,0,1.2300
410,P2,BASE,6.15,0.00,14,F,0,1.2915
420,P2,BASE,6.30,0.00,15,F,0,1.3545
430,P2,BASE,6.45,0.00,15,F,0,1.4190
440,P2,BASE,6.60,0.00,16,F,0,1.4850
450,P2,BASE,6.75,0.00,17,F,0,1.5525
460,P2,BASE,6.90,0.00,17,F,0,1.6215
470,P2,BASE,7.05,0.00,18,F,0,1.6920
480,P2,BASE,7.20,0.00,18,F,0,1.7640
490,P2,BASE,7.35,0.00,19,F,0,1.8375
500,P2,BASE,7.50,0.00,20,F,0,1.9125
510,P2,BASE,7.65,0.00,20,F,0,1.9890
520,P2,BASE,7.80,0.00,21,F,0,2.0670
530,P2,BASE,7.95,0.00,22,F,0,2.1465
540,P2,BASE,8.10,0.00,22,F,0,2.2275
550,P2,BASE,8.25,0.00,23,F,0,2.3100
560,P2,BASE,8.40,0.00,24,F,0,2.3940
570,P2,BASE,8.55,0.00,24,F,0,2.4795
580,P2,BASE,8.70,0.00,25,F,0,2.5665
590,P2,BASE,8.85,0.00,26,F,0,2.6550
600,P2,BASE,9.00,0.00,27,F,0,2.7450
610,P2,BASE,9.15,0.00,27,F,0,2.8365
620,P2,BASE,9.30,0.00,28,F,0,2.9295
630,P2,BASE,9.45,0.00,29,F,0,3.0240
640,P2,BASE,9.60,0.00,30,F,0,3.1200
650,P2,BASE,9.75,0.00,31,F,0,3.2175
660,P2,BASE,9.90,0.00,31,F,0,3.3165
670,P2,BASE,10.05,0.00,32,F,0,3.4170
680,P2,BASE,10.20,0.00,33,F,0,3.5190
690,P2,BASE,10.35,0.00,34,F,0,3.6225
700,P2,BASE,10.50,0.00,35,F,0,3.7275
710,P2,BASE,10.65,0.00,36,F,0,3.8340
720,P2,BASE,10.80,0.00,36,F,0,3.9420
730,P2,BASE,10.95,0.00,37,F,0,4.0515
740,P2,BASE,11.10,0.00,38,F,0,4.1625
750,P2,BASE,11.25,0.00,39,F,0,4.2750
760,P2,BASE,11.40,0.00,40,F,0,4.3890
770,P2,BASE,11.55,0.00,41,F,0,4.5045
780,P2,BASE,11.70,0.00,42,F,0,4.6215
790,P2,BASE,11.85,0.00,43,F,0,4.7400
800,P2,BASE,12.00,0.00,44,F,0,4.8600
810,P2,BASE,12.15,0.00,45,F,0,4.9815
820,P2,BASE,12.30,0.00,46,F,0,5.1045
830,P2,BASE,12.45,0.00,47,F,0,5.2290
840,P2,BASE,12.60,0.00,47,F,0,5.3550
850,P2,BASE,12.75,0.00,48,F,0,5.4825
860,P2,BASE,12.90,0.00,49,F,0,5.6115
870,P2,BASE,13.05,0.00,50,F,0,5.7420
880,P2,BASE,13.20,0.00,52,F,0,5.8740
890,P2,BASE,13.35,0.00,53,F,0,6.0075
900,P2,BASE,13.50,0.00,54,F,0,6.1425
910,P2,BASE,13.65,0.00,55,F,0,6.2790
920,P2,BASE,13.80,0.00,56,F,0,6.4170
930,P2,BASE,13.95,0.00,57,F,0,6.5565
940,P2,BASE,14.10,0.00,58,F,0,6.6975
950,P2,BASE,14.25,0.00,59,F,0,6.8400
960,P2,BASE,14.40,0.00,60,F,0,6.9840
970,P2,BASE,14.55,0.00,61,F,0,7.1295
980,P2,BASE,14.70,0.00,62,F,0,7.2765
990,P2,BASE,14.85,0.00,63,F,0,7.4250
1000,P2,BASE,15.00,0.00,65,F,0,7.5750
1010,P2,BASE,15.15,0.00,66,F,0,7.7265
1020,P2,BASE,15.30,0.00,67,F,0,7.8795
1030,P2,BASE,15.45,0.00,68,F,0,8.0340
1040,P2,BASE,15.60,0.00,69,F,0,8.1900
1050,P2,BASE,15.75,0.00,70,F,0,8.3475
1060,P2,BASE,15.90,0.00,72,F,0,8.5065
1070,P2,BASE,16.05,0.00,73,F,0,8.6670
1080,P2,BASE,16.20,0.00,74,F,0,8.8290
1090,P2,BASE,16.35,0.00,75,F,0,8.9925
1100,P2,BASE,16.50,0.00,76,F,0,9.1575
1110,P2,BASE,16.65,0.00,78,F,0,9.3240
1120,P2,BASE,16.80,0.00,79,F,0,9.4920
1130,P2,BASE,16.95,0.00,80,F,0,9.6615
1140,P2,BASE,17.10,0.00,81,F,0,9.8325
1150,P2,BASE,17.25,0.00,83,F,0,10.0050
1160,P2,BASE,17.40,0.00,84,F,0,10.1790
1170,P2,BASE,17.55,0.00,85,F,0,10.3545
1180,P2,BASE,17.70,0.00,87,F,0,10.5315
1190,P2,BASE,17.85,0.00,88,F,0,10.7100
1200,P2,BASE,18.00,0.00,89,F,0,10.8900
1210,P2,BASE,18.15,0.00,91,F,0,11.0715
1220,P2,BASE,18.30,0.00,92,F,0,11.2545
1230,P2,BASE,18.45,5.00,88,F,2,11.3890
1240,P2,BASE,18.60,2.50,92,F,3,11.5500
1250,P2,BASE,18.75,2.50,93,F,4,11.7125
1260,P2,BASE,18.90,0.00,97,F,4,11.9015
1270,P2,BASE,19.05,0.00,98,F,4,12.0920
1280,P2,BASE,19.20,0.00,100,F,4,12.2840
1290,P2,BASE,19.35,0.00,101,F,4,12.4775
1300,P2,BASE,19.50,0.00,103,F,4,12.6725
1310,P2,BASE,19.65,0.00,104,F,4,12.8690
1320,P2,BASE,19.80,0.00,105,F,4,13.0670
1330,P2,BASE,19.95,0.00,107,F,4,13.2665
1340,P2,BASE,20.10,0.00,108,F,4,13.4675
1350,P2,BASE,20.25,0.00,110,F,4,13.6700
1360,P2,BASE,20.40,0.00,111,F,4,13.8740
1370,P2,BASE,20.55,0.00,113,F,4,14.0795
1380,P2,BASE,20.70,0.00,114,F,4,14.2865
1390,P2,BASE,20.85,0.00,116,F,4,14.4950
1400,P2,BASE,21.00,0.00,117,F,4,14.7050
1410,P2,BASE,21.15,0.00,119,F,4,14.9165
1420,P2,BASE,21.30,0.00,121,F,4,15.1295
1430,P2,BASE,21.45,0.00,122,F,4,15.3440
1440,P2,BASE,21.60,0.00,124,F,4,15.5600
1450,P2,BASE,21.75,0.00,125,F,4,15.7775
1460,P2,BASE,21.90,0.00,127,F,4,15.9965
1470,P2,BASE,22.05,0.00,128,F,4,16.2170
1480,P2,BASE,22.20,0.00,130,F,4,16.4390
1490,P2,BASE,22.35,0.00,132,F,4,16.6625
1500,P2,BASE,22.50,0.00,133,F,4,16.8875
1510,P2,BASE,22.65,0.00,135,F,4,17.1140
1520,P2,BASE,22.80,0.00,137,F,4,17.3420
1530,P2,BASE,22.95,0.00,138,F,4,17.5715
1540,P2,BASE,23.10,0.00,140,F,4,17.8025
1550,P2,BASE,23.25,0.00,142,F,4,18.0350
1560,P2,BASE,23.40,0.00,143,F,4,18.2690
1570,P2,BASE,23.55,0.00,145,F,4,18.5045
1580,P2,BASE,23.70,0.00,147,F,4,18.7415
1590,P2,BASE,23.85,0.00,148,F,4,18.9800
1600,P2,BASE,24.00,0.00,150,F,4,19.2200
1610,P2,BASE,24.15,0.00,152,F,4,19.4615
1620,P2,BASE,24.30,0.00,154,F,4,19.7045
1630,P2,BASE,24.45,0.00,155,F,4,19.9490
1640,P2,BASE,24.60,0.00,157,F,4,20.1950
1650,P2,BASE,24.75,0.00,159,F,4,20.4425
1660,P2,BASE,24.90,2.50,158,F,5,20.6665
1670,P2,BASE,25.05,5.00,157,F,7,20.8670
1680,P2,BASE,25.20,10.00,153,F,11,21.0190
1690,P2,BASE,25.35,12.51,151,F,16,21.1475
1700,P2,BASE,25.50,17.49,147,F,23,21.2275
1710,P2,BASE,25.65,17.50,148,F,30,21.3090
1720,P2,BASE,25.80,17.50,148,F,37,21.3920
1730,P2,BASE,25.95,22.49,144,F,46,21.4265
1740,P2,BASE,26.10,22.51,144,F,55,21.4625
1750,P2,BASE,26.25,25.00,142,F,65,21.4750
1760,P2,BASE,26.40,25.00,142,F,75,21.4890
1770,P2,BASE,26.55,30.00,137,F,87,21.4545
1780,P2,BASE,26.70,27.50,140,F,98,21.4465
1790,P2,BASE,26.85,27.50,140,F,109,21.4400
1800,P2,BASE,27.00,32.50,134,F,122,21.3850
1810,P2,BASE,27.15,30.00,137,F,134,21.3565
1820,P2,BASE,27.30,32.51,134,F,147,21.3044
1830,P2,BASE,27.45,32.50,134,F,160,21.2540
1840,P2,BASE,27.60,35.00,131,F,174,21.1800
1850,P2,BASE,27.75,32.51,133,F,187,21.1324
1860,P2,BASE,27.90,37.49,128,F,202,21.0365
1870,P2,BASE,28.05,35.00,130,F,216,20.9671
1880,P2,BASE,28.20,32.50,133,F,229,20.9241
1890,P2,BASE,28.35,37.50,127,F,244,20.8325
1900,P2,BASE,28.50,35.00,129,F,258,20.7676
1910,P2,BASE,28.65,37.50,126,F,273,20.6791
1920,P2,BASE,28.80,35.00,129,F,287,20.6171
1930,P2,BASE,28.95,37.50,126,F,302,20.5315
1940,P2,BASE,29.10,35.00,128,F,316,20.4725
1950,P2,BASE,29.25,35.00,128,F,330,20.4150
1960,P2,BASE,29.40,35.00,128,F,344,20.3590
1970,P2,BASE,29.55,35.00,127,F,358,20.3045
1980,P2,BASE,29.70,35.00,127,F,372,20.2515
1990,P2,BASE,29.85,37.50,124,F,387,20.1751
2000,P2,BASE,30.00,35.00,127,F,401,20.1251
2010,P2,BASE,30.15,35.00,126,F,415,20.0765
2020,P2,BASE,30.30,35.00,126,F,429,20.0295
2030,P2,BASE,30.45,35.01,126,F,443,19.9839
2040,P2,BASE,30.60,37.50,123,F,458,19.9150
2050,P2,BASE,30.75,35.00,126,F,472,19.8725
2060,P2,BASE,30.90,34.99,126,F,486,19.8316
2070,P2,BASE,31.05,37.51,123,F,501,19.7670
2080,P2,BASE,31.20,34.99,125,F,515,19.7290
2090,P2,BASE,31.35,35.01,125,F,529,19.6925
2100,P2,BASE,31.50,35.00,125,F,543,19.6575
2110,P2,BASE,31.65,37.50,122,F,558,19.5991
2120,P2,BASE,31.80,37.51,122,F,573,19.5420
2130,P2,BASE,31.95,35.00,125,F,587,19.5114
2140,P2,BASE,32.10,37.50,122,F,602,19.4575
2150,P2,BASE,32.25,35.00,124,F,616,19.4300
2160,P2,BASE,32.40,35.00,124,F,630,19.4040
2170,P2,BASE,32.55,37.48,122,F,645,19.3547
2180,P2,BASE,32.70,32.51,127,F,658,19.3565
2190,P2,BASE,32.85,37.50,122,F,673,19.3101
2200,P2,BASE,33.00,35.00,124,F,687,19.2901
2210,P2,BASE,33.15,37.50,121,F,702,19.2466
2220,P2,BASE,33.30,35.01,124,F,716,19.2295
2230,P2,BASE,33.45,34.99,124,F,730,19.2141
2240,P2,BASE,33.60,35.01,124,F,744,19.2000
2250,P2,BASE,33.75,37.50,122,F,759,19.1625
2260,P2,BASE,33.90,35.00,124,F,773,19.1515
2270,P2,BASE,34.05,37.50,122,F,788,19.1170
2280,P2,BASE,34.20,37.50,121,F,803,19.0840
2290,P2,BASE,34.35,37.50,121,F,818,19.0525
2300,P2,BASE,34.50,34.99,124,F,832,19.0476
2310,P2,BASE,34.65,37.51,121,F,847,19.0190
2320,P2,BASE,34.80,37.49,121,F,862,18.9921
2330,P2,BASE,34.95,37.50,121,F,877,18.9666
2340,P2,BASE,35.10,37.50,121,F,892,18.9426
2350,P2,BASE,35.25,37.51,121,F,907,18.9200
2360,P2,BASE,35.40,37.50,121,F,922,18.8990
2370,P2,BASE,35.55,35.00,124,F,936,18.9045
2380,P2,BASE,35.70,35.00,124,F,950,18.9115
2390,P2,BASE,35.85,37.49,122,F,965,18.8950
2400,P2,BASE,36.00,35.00,125,F,979,18.9050
2410,P2,BASE,36.15,37.49,122,F,994,18.8916
2420,P2,BASE,36.30,35.00,125,F,1008,18.9046
2430,P2,BASE,36.45,35.01,125,F,1022,18.9190
2440,P2,BASE,36.60,35.00,125,F,1036,18.9351
2450,P2,BASE,36.75,37.50,123,F,1051,18.9275
2460,P2,BASE,36.90,35.00,126,F,1065,18.9465
2470,P2,BASE,37.05,35.00,126,F,1079,18.9670
2480,P2,BASE,37.20,35.00,126,F,1093,18.9890
2490,P2,BASE,37.35,35.01,127,F,1107,19.0125
2500,P2,BASE,37.50,34.99,127,F,1121,19.0376
2510,P2,BASE,37.65,35.00,127,F,1135,19.0641
2520,P2,BASE,37.80,35.00,128,F,1149,19.0920
2530,P2,BASE,37.95,37.51,125,F,1164,19.0965
2540,P2,BASE,38.10,35.00,128,F,1178,19.1275
2550,P2,BASE,38.25,34.99,129,F,1192,19.1601
2560,P2,BASE,38.40,37.51,126,F,1207,19.1690
2570,P2,BASE,38.55,35.00,129,F,1221,19.2045
2580,P2,BASE,38.70,35.00,130,F,1235,19.2415
2590,P2,BASE,38.85,34.99,130,F,1249,19.2800
2600,P2,BASE,39.00,35.00,130,F,1263,19.3201
2610,P2,BASE,39.15,37.50,128,F,1278,19.3366
2620,P2,BASE,39.30,35.01,131,F,1292,19.3795
2630,P2,BASE,39.45,34.99,132,F,1306,19.4240
2640,P2,BASE,39.60,35.00,132,F,1320,19.4700
2650,P2,BASE,39.75,34.99,133,F,1334,19.5176
2660,P2,BASE,39.90,35.00,133,F,1348,19.5665
2670,P2,BASE,40.05,35.01,133,F,1362,19.6170
2680,P2,BASE,40.20,37.49,131,F,1377,19.6441
2690,P2,BASE,40.35,37.50,132,F,1392,19.6725
2700,P2,BASE,40.50,35.00,135,F,1406,19.7275
2710,P2,BASE,40.65,37.50,132,F,1421,19.7590
2720,P2,BASE,40.80,35.01,136,F,1435,19.8170
2730,P2,BASE,40.95,37.49,133,F,1450,19.8516
2740,P2,BASE,41.10,37.50,134,F,1465,19.8875
2750,P2,BASE,41.25,37.49,134,F,1480,19.9251
2760,P2,BASE,41.40,37.52,135,F,1495,19.9640
2770,P2,BASE,41.55,37.50,135,F,1510,20.0045
2780,P2,BASE,41.70,40.00,133,F,1526,20.0215
2790,P2,BASE,41.85,37.49,136,F,1541,20.0651
2800,P2,BASE,42.00,37.50,136,F,1556,20.1101
2810,P2,BASE,42.15,37.50,137,F,1571,20.1566
2820,P2,BASE,42.30,40.01,134,F,1587,20.1795
2830,P2,BASE,42.45,40.00,135,F,1603,20.2040
2840,P2,BASE,42.60,37.50,138,F,1618,20.2550
2850,P2,BASE,42.75,40.00,136,F,1634,20.2826
2860,P2,BASE,42.90,40.01,136,F,1650,20.3115
2870,P2,BASE,43.05,37.49,139,F,1665,20.3671
2880,P2,BASE,43.20,42.50,134,F,1682,20.3740
2890,P2,BASE,43.35,40.01,137,F,1698,20.4075
2900,P2,BASE,43.50,42.50,135,F,1715,20.4175
2910,P2,BASE,43.65,40.00,138,F,1731,20.4540
2920,P2,BASE,43.80,42.50,135,F,1748,20.4670
2930,P2,BASE,43.95,44.99,133,F,1766,20.4566
2940,P2,BASE,44.10,42.50,136,F,1783,20.4726
2950,P2,BASE,44.25,45.00,133,F,1801,20.4651
2960,P2,BASE,44.40,45.01,133,F,1819,20.4590
2970,P2,BASE,44.55,42.49,136,F,1836,20.4796
2980,P2,BASE,44.70,45.00,134,F,1854,20.4766
2990,P2,BASE,44.85,50.01,128,F,1874,20.4250
3000,P2,BASE,45.00,59.98,117,F,1898,20.2752
3010,P2,BASE,45.15,47.51,130,F,1917,20.2516
3020,P2,BASE,45.30,42.50,136,F,1934,20.2796
3030,P2,BASE,45.45,42.51,136,F,1951,20.3090
3040,P2,BASE,45.60,42.49,136,F,1968,20.3401
3050,P2,BASE,45.75,42.50,137,F,1985,20.3726
3060,P2,BASE,45.90,37.50,142,F,2000,20.4566
3070,P2,BASE,46.05,47.50,132,F,2019,20.4421
3080,P2,BASE,46.20,45.00,135,F,2037,20.4541
3090,P2,BASE,46.35,47.49,133,F,2056,20.4427
3100,P2,BASE,46.50,50.01,130,F,2076,20.4076
3110,P2,BASE,46.65,49.99,130,F,2096,20.3742
3120,P2,BASE,46.80,47.51,133,F,2115,20.3670
3130,P2,BASE,46.95,49.99,130,F,2135,20.3366
3140,P2,BASE,47.10,47.50,133,F,2154,20.3326
3150,P2,BASE,47.25,47.50,133,F,2173,20.3301
3160,P2,BASE,47.40,50.00,130,F,2193,20.3041
3170,P2,BASE,47.55,50.00,130,F,2213,20.2796
3180,P2,BASE,47.70,47.50,133,F,2232,20.2816
3190,P2,BASE,47.85,47.50,133,F,2251,20.2852
3200,P2,BASE,48.00,47.50,133,F,2270,20.2902
3210,P2,BASE,48.15,47.51,133,F,2289,20.2966
3220,P2,BASE,48.30,50.00,131,F,2309,20.2796
3230,P2,BASE,48.45,47.49,134,F,2328,20.2892
3240,P2,BASE,48.60,47.50,134,F,2347,20.3001
3250,P2,BASE,48.75,47.50,134,F,2366,20.3126
3260,P2,BASE,48.90,49.99,132,F,2386,20.3017
3270,P2,BASE,49.05,47.50,135,F,2405,20.3171
3280,P2,BASE,49.20,47.51,135,F,2424,20.3340
3290,P2,BASE,49.35,47.49,135,F,2443,20.3526
3300,P2,BASE,49.50,45.00,138,F,2461,20.3976
3310,P2,BASE,49.65,47.50,136,F,2480,20.4191
3320,P2,BASE,49.80,47.49,136,F,2499,20.4422
3330,P2,BASE,49.95,47.50,136,F,2518,20.4667
3340,P2,BASE,50.10,45.00,139,F,2536,20.5177
3350,P2,BASE,50.25,47.50,137,F,2555,20.5452
3360,P2,BASE,50.40,47.51,138,F,2574,20.5741
3370,P2,BASE,50.55,47.50,138,F,2593,20.6047
3380,P2,BASE,50.70,47.51,138,F,2612,20.6366
3390,P2,BASE,50.85,47.49,139,F,2631,20.6702
3400,P2,BASE,51.00,47.51,139,F,2650,20.7051
3410,P2,BASE,51.15,47.50,139,F,2669,20.7416
3420,P2,BASE,51.30,47.49,140,F,2688,20.7797
3430,P2,BASE,51.45,47.51,140,F,2707,20.8191
3440,P2,BASE,51.60,47.51,141,F,2726,20.8600
3450,P2,BASE,51.75,47.49,141,F,2745,20.9026
3460,P2,BASE,51.90,47.50,142,F,2764,20.9466
3470,P2,BASE,52.05,47.49,142,F,2783,20.9922
3480,P2,BASE,52.20,47.51,142,F,2802,21.0391
3490,P2,BASE,52.35,47.50,143,F,2821,21.0876
3500,P2,BASE,52.50,47.50,143,F,2840,21.1377
3510,P2,BASE,52.65,47.50,144,F,2859,21.1892
3520,P2,BASE,52.80,47.51,144,F,2878,21.2421
3530,P2,BASE,52.95,47.49,145,F,2897,21.2967
3540,P2,BASE,53.10,49.99,143,F,2917,21.3277
3550,P2,BASE,53.25,47.51,146,F,2936,21.3851
3560,P2,BASE,53.40,50.00,144,F,2956,21.4191
3570,P2,BASE,53.55,50.01,144,F,2976,21.4546
3580,P2,BASE,53.70,49.99,144,F,2996,21.4917
3590,P2,BASE,53.85,50.00,145,F,3016,21.5302
3600,P2,BASE,54.00,50.02,145,F,3036,21.5700
3610,P2,BASE,54.15,49.99,146,F,3056,21.6116
3620,P2,BASE,54.30,50.01,146,F,3076,21.6545
3630,P2,BASE,54.45,54.99,141,F,3098,21.6491
3640,P2,BASE,54.60,50.00,147,F,3118,21.6951
3650,P2,BASE,54.75,52.51,144,F,3139,21.7176
3660,P2,BASE,54.90,52.49,145,F,3160,21.7417
3670,P2,BASE,55.05,49.99,148,F,3180,21.7922
3680,P2,BASE,55.20,55.01,143,F,3202,21.7941
3690,P2,BASE,55.35,54.99,143,F,3224,21.7977
3700,P2,BASE,55.50,52.51,146,F,3245,21.8276
3710,P2,BASE,55.65,54.99,144,F,3267,21.8342
3720,P2,BASE,55.80,55.01,144,F,3289,21.8421
3730,P2,BASE,55.95,55.00,144,F,3311,21.8516
3740,P2,BASE,56.10,54.99,144,F,3333,21.8627
3750,P2,BASE,56.25,55.00,144,F,3355,21.8752
3760,P2,BASE,56.40,54.99,145,F,3377,21.8892
3770,P2,BASE,56.55,55.01,145,F,3399,21.9047
3780,P2,BASE,56.70,52.51,148,F,3420,21.9466
3790,P2,BASE,56.85,55.01,146,F,3442,21.9650
3800,P2,BASE,57.00,54.98,146,F,3464,21.9852
3810,P2,BASE,57.15,52.52,149,F,3485,22.0315
3820,P2,BASE,57.30,55.00,147,F,3507,22.0545
3830,P2,BASE,57.45,52.49,150,F,3528,22.1041
3840,P2,BASE,57.60,55.00,147,F,3550,22.1301
3850,P2,BASE,57.75,54.99,148,F,3572,22.1577
3860,P2,BASE,57.90,55.01,148,F,3594,22.1866
3870,P2,BASE,58.05,57.50,146,F,3617,22.1921
3880,P2,BASE,58.20,52.51,151,F,3638,22.2491
3890,P2,BASE,58.35,57.49,147,F,3661,22.2577
3900,P2,BASE,58.50,57.51,147,F,3684,22.2676
3910,P2,BASE,58.65,52.50,152,F,3705,22.3291
3920,P2,BASE,58.80,54.99,150,F,3727,22.3671
3930,P2,BASE,58.95,57.51,148,F,3750,22.3816
3940,P2,BASE,59.10,55.00,151,F,3772,22.4226
3950,P2,BASE,59.25,57.49,149,F,3795,22.4402
3960,P2,BASE,59.40,57.52,149,F,3818,22.4590
3970,P2,BASE,59.55,57.49,149,F,3841,22.4796
3980,P2,BASE,59.70,57.49,150,F,3864,22.5018
3990,P2,BASE,59.85,59.98,147,F,3888,22.5004
4000,P2,BASE,60.00,57.50,150,F,3911,22.5254
4010,P2,BASE,60.15,57.52,150,F,3934,22.5517
4020,P2,BASE,60.30,55.01,153,F,3956,22.6047
4030,P2,BASE,60.45,57.50,151,F,3979,22.6341
4040,P2,BASE,60.60,60.00,149,F,4003,22.6402
4050,P2,BASE,60.75,57.49,152,F,4026,22.6727
4060,P2,BASE,60.90,55.01,155,F,4048,22.7316
4070,P2,BASE,61.05,57.49,153,F,4071,22.7672
4080,P2,BASE,61.20,60.01,150,F,4095,22.7791
4090,P2,BASE,61.35,57.49,153,F,4118,22.8177
4100,P2,BASE,61.50,60.01,151,F,4142,22.8326
4110,P2,BASE,61.65,59.99,151,F,4166,22.8491
4120,P2,BASE,61.80,59.99,152,F,4190,22.8672
4130,P2,BASE,61.95,62.52,149,F,4215,22.8615
4140,P2,BASE,62.10,59.99,152,F,4239,22.8826
4150,P2,BASE,62.25,62.51,150,F,4264,22.8801
4160,P2,BASE,62.40,77.48,133,F,4295,22.7292
4170,P2,BASE,62.55,65.01,146,F,4321,22.7046
4180,P2,BASE,62.70,60.01,152,F,4345,22.7315
4190,P2,BASE,62.85,59.98,152,F,4369,22.7602
4200,P2,BASE,63.00,57.51,155,F,4392,22.8151
4210,P2,BASE,63.15,49.99,164,F,4412,22.9467
4220,P2,BASE,63.30,62.51,151,F,4437,22.9545
4230,P2,BASE,63.45,64.99,149,F,4463,22.9391
4240,P2,BASE,63.60,64.99,149,F,4489,22.9252
4250,P2,BASE,63.75,67.50,146,F,4516,22.8877
4260,P2,BASE,63.90,65.00,149,F,4542,22.8767
4270,P2,BASE,64.05,65.00,149,F,4568,22.8672
4280,P2,BASE,64.20,67.49,146,F,4595,22.8343
4290,P2,BASE,64.35,62.51,151,F,4620,22.8527
4300,P2,BASE,64.50,65.00,149,F,4646,22.8477
4310,P2,BASE,64.65,65.01,149,F,4672,22.8440
4320,P2,BASE,64.80,64.98,149,F,4698,22.8422
4330,P2,BASE,64.95,65.01,149,F,4724,22.8417
4340,P2,BASE,65.10,65.00,150,F,4750,22.8427
4350,P2,BASE,65.25,64.99,150,F,4776,22.8453
4360,P2,BASE,65.40,65.03,150,F,4802,22.8490
4370,P2,BASE,65.55,64.97,150,F,4828,22.8548
4380,P2,BASE,65.70,62.51,153,F,4853,22.8867
4390,P2,BASE,65.85,65.02,151,F,4879,22.8950
4400,P2,BASE,66.00,64.99,151,F,4905,22.9052
4410,P2,BASE,66.15,62.51,154,F,4930,22.9415
4420,P2,BASE,66.30,65.00,152,F,4956,22.9545
4430,P2,BASE,66.45,62.49,155,F,4981,22.9942
4440,P2,BASE,66.60,65.01,152,F,5007,23.0101
4450,P2,BASE,66.75,65.00,153,F,5033,23.0276
4460,P2,BASE,66.90,65.00,153,F,5059,23.0466
4470,P2,BASE,67.05,64.99,153,F,5085,23.0672
4480,P2,BASE,67.20,65.01,153,F,5111,23.0891
4490,P2,BASE,67.35,64.99,154,F,5137,23.1127
4500,P2,BASE,67.50,62.50,157,F,5162,23.1627
4510,P2,BASE,67.65,65.02,154,F,5188,23.1890
4520,P2,BASE,67.80,64.97,155,F,5214,23.2173
4530,P2,BASE,67.95,62.51,158,F,5239,23.2717
4540,P2,BASE,68.10,65.00,156,F,5265,23.3027
4550,P2,BASE,68.25,62.50,159,F,5290,23.3602
4560,P2,BASE,68.40,62.51,159,F,5315,23.4191
4570,P2,BASE,68.55,64.99,157,F,5341,23.4547
4580,P2,BASE,68.70,65.00,158,F,5367,23.4917
4590,P2,BASE,68.85,65.00,158,F,5393,23.5302
4600,P2,BASE,69.00,64.99,158,F,5419,23.5703
4610,P2,BASE,69.15,65.03,159,F,5445,23.6116
4620,P2,BASE,69.30,64.99,159,F,5471,23.6547
4630,P2,BASE,69.45,67.50,157,F,5498,23.6742
4640,P2,BASE,69.60,64.99,160,F,5524,23.7202
4650,P2,BASE,69.75,65.01,160,F,5550,23.7676
4660,P2,BASE,69.90,67.51,158,F,5577,23.7916
4670,P2,BASE,70.05,67.47,159,F,5604,23.8173
4680,P2,BASE,70.20,67.51,159,F,5631,23.8443
4690,P2,BASE,70.35,67.52,159,F,5658,23.8726
4700,P2,BASE,70.50,72.50,154,F,5687,23.8526
4710,P2,BASE,70.65,69.99,157,F,5715,23.8592
4720,P2,BASE,70.80,67.51,160,F,5742,23.8921
4730,P2,BASE,70.95,67.50,160,F,5769,23.9266
4740,P2,BASE,71.10,69.99,158,F,5797,23.9378
4750,P2,BASE,71.25,67.50,161,F,5824,23.9753
4760,P2,BASE,71.40,67.51,161,F,5851,24.0142
4770,P2,BASE,71.55,67.51,162,F,5878,24.0546
4780,P2,BASE,71.70,70.00,159,F,5906,24.0716
4790,P2,BASE,71.85,65.00,165,F,5932,24.1401
4800,P2,BASE,72.00,67.49,163,F,5959,24.1852
4810,P2,BASE,72.15,69.99,161,F,5987,24.2068
4820,P2,BASE,72.30,70.01,161,F,6015,24.2297
4830,P2,BASE,72.45,67.51,164,F,6042,24.2791
4840,P2,BASE,72.60,72.47,159,F,6071,24.2804
4850,P2,BASE,72.75,70.03,162,F,6099,24.3076
4860,P2,BASE,72.90,67.51,165,F,6126,24.3616
4870,P2,BASE,73.05,72.43,160,F,6155,24.3677
4880,P2,BASE,73.20,70.06,163,F,6183,24.3992
4890,P2,BASE,73.35,72.51,161,F,6212,24.4076
4900,P2,BASE,73.50,69.98,164,F,6240,24.4428
4910,P2,BASE,73.65,72.51,161,F,6269,24.4542
4920,P2,BASE,73.80,72.49,162,F,6298,24.4673
4930,P2,BASE,73.95,72.50,162,F,6327,24.4818
4940,P2,BASE,74.10,70.01,165,F,6355,24.5227
4950,P2,BASE,74.25,72.49,162,F,6384,24.5404
4960,P2,BASE,74.40,72.53,163,F,6413,24.5591
4970,P2,BASE,74.55,69.96,166,F,6441,24.6050
4980,P2,BASE,74.70,70.02,166,F,6469,24.6518
4990,P2,BASE,74.85,70.00,167,F,6497,24.7003
5000,P2,BASE,75.00,72.52,164,F,6526,24.7251
5010,P2,BASE,75.15,72.50,165,F,6555,24.7516
5020,P2,BASE,75.30,72.48,165,F,6584,24.7798
5030,P2,BASE,75.45,75.01,163,F,6614,24.7842
5040,P2,BASE,75.60,72.49,166,F,6643,24.8153
5050,P2,BASE,75.75,79.98,158,F,6675,24.7729
5060,P2,BASE,75.90,87.52,150,F,6710,24.6568
5070,P2,BASE,76.05,72.51,165,F,6739,24.6921
5080,P2,BASE,76.20,74.99,163,F,6769,24.7042
5090,P2,BASE,76.35,69.99,169,F,6797,24.7678
5100,P2,BASE,76.50,62.49,177,F,6822,24.9078
5110,P2,BASE,76.65,75.03,165,F,6852,24.9240
5120,P2,BASE,76.80,77.48,162,F,6883,24.9173
5130,P2,BASE,76.95,80.00,160,F,6915,24.8868
5140,P2,BASE,77.10,77.50,163,F,6946,24.8828
5150,P2,BASE,77.25,77.49,163,F,6977,24.8803
5160,P2,BASE,77.40,80.02,160,F,7009,24.8542
5170,P2,BASE,77.55,77.52,163,F,7040,24.8545
5180,P2,BASE,77.70,74.99,166,F,7070,24.8816
5190,P2,BASE,77.85,79.99,161,F,7102,24.8602
5200,P2,BASE,78.00,77.48,163,F,7133,24.8653
5210,P2,BASE,78.15,77.53,163,F,7164,24.8715
5220,P2,BASE,78.30,77.48,164,F,7195,24.8798
5230,P2,BASE,78.45,80.02,161,F,7227,24.8640
5240,P2,BASE,78.60,74.98,167,F,7257,24.9002
5250,P2,BASE,78.75,77.52,164,F,7288,24.9125
5260,P2,BASE,78.90,77.48,165,F,7319,24.9268
5270,P2,BASE,79.05,77.50,165,F,7350,24.9422
5280,P2,BASE,79.20,77.52,165,F,7381,24.9591
5290,P2,BASE,79.35,77.48,165,F,7412,24.9778
5300,P2,BASE,79.50,77.51,166,F,7443,24.9977
5310,P2,BASE,79.65,80.02,163,F,7475,24.9940
5320,P2,BASE,79.80,77.49,166,F,7506,25.0171
5330,P2,BASE,79.95,79.99,164,F,7538,25.0167
5340,P2,BASE,80.10,75.01,169,F,7568,25.0676
5350,P2,BASE,80.25,77.48,167,F,7599,25.0953
5360,P2,BASE,80.40,77.52,167,F,7630,25.1241
5370,P2,BASE,80.55,75.00,171,F,7660,25.1796
5380,P2,BASE,80.70,75.00,171,F,7690,25.2366
5390,P2,BASE,80.85,77.51,169,F,7721,25.2700
5400,P2,BASE,81.00,75.00,172,F,7751,25.3300
5410,P2,BASE,81.15,77.50,170,F,7782,25.3665
5420,P2,BASE,81.30,75.00,173,F,7812,25.4295
5430,P2,BASE,81.45,77.49,171,F,7843,25.4691
5440,P2,BASE,81.60,75.00,174,F,7873,25.5351
5450,P2,BASE,81.75,77.48,172,F,7904,25.5777
5460,P2,BASE,81.90,75.02,175,F,7934,25.6465
5470,P2,BASE,82.05,77.47,173,F,7965,25.6923
5480,P2,BASE,82.20,77.50,173,F,7996,25.7393
5490,P2,BASE,82.35,77.52,174,F,8027,25.7876
5500,P2,BASE,82.50,77.50,174,F,8058,25.8376
5510,P2,BASE,82.65,82.50,169,F,8091,25.8391
5520,P2,BASE,82.80,80.00,172,F,8123,25.8671
5530,P2,BASE,82.95,77.51,175,F,8154,25.9215
5540,P2,BASE,83.10,77.48,176,F,8185,25.9778
5550,P2,BASE,83.25,80.00,174,F,8217,26.0103
5560,P2,BASE,83.40,75.02,179,F,8247,26.0940
5570,P2,BASE,83.55,77.47,177,F,8278,26.1548
5580,P2,BASE,83.70,77.52,178,F,8309,26.2166
5590,P2,BASE,83.85,77.51,179,F,8340,26.2800
5600,P2,BASE,84.00,77.48,179,F,8371,26.3452
5610,P2,BASE,84.15,80.01,177,F,8403,26.3866
5620,P2,BASE,84.30,80.01,177,F,8435,26.4295
5630,P2,BASE,84.45,79.98,178,F,8467,26.4742
5640,P2,BASE,84.60,82.52,176,F,8500,26.4950
5650,P2,BASE,84.75,79.99,179,F,8532,26.5426
5660,P2,BASE,84.90,79.98,179,F,8564,26.5918
5670,P2,BASE,85.05,85.01,174,F,8598,26.5922
5680,P2,BASE,85.20,82.49,177,F,8631,26.6193
5690,P2,BASE,85.35,85.01,175,F,8665,26.6227
5700,P2,BASE,85.50,82.49,178,F,8698,26.6528
5710,P2,BASE,85.65,85.00,175,F,8732,26.6593
5720,P2,BASE,85.80,82.51,178,F,8765,26.6922
5730,P2,BASE,85.95,82.52,179,F,8798,26.7265
5740,P2,BASE,86.10,82.49,179,F,8831,26.7626
5750,P2,BASE,86.25,82.48,179,F,8864,26.8003
5760,P2,BASE,86.40,82.51,180,F,8897,26.8392
5770,P2,BASE,86.55,82.52,180,F,8930,26.8795
5780,P2,BASE,86.70,84.98,178,F,8964,26.8967
5790,P2,BASE,86.85,85.00,178,F,8998,26.9152
5800,P2,BASE,87.00,84.99,178,F,9032,26.9353
5810,P2,BASE,87.15,87.53,176,F,9067,26.9315
5820,P2,BASE,87.30,99.98,163,F,9107,26.8047
5830,P2,BASE,87.45,84.98,178,F,9141,26.8294
5840,P2,BASE,87.60,85.01,179,F,9175,26.8553
5850,P2,BASE,87.75,77.51,187,F,9206,26.9577
5860,P2,BASE,87.90,79.99,185,F,9238,27.0368
5870,P2,BASE,88.05,90.00,175,F,9274,27.0173
5880,P2,BASE,88.20,90.02,175,F,9310,26.9991
5890,P2,BASE,88.35,92.48,172,F,9347,26.9578
5900,P2,BASE,88.50,90.00,175,F,9383,26.9428
5910,P2,BASE,88.65,87.49,178,F,9418,26.9544
5920,P2,BASE,88.80,90.02,175,F,9454,26.9422
5930,P2,BASE,88.95,90.02,175,F,9490,26.9315
5940,P2,BASE,89.10,89.99,175,F,9526,26.9226
5950,P2,BASE,89.25,87.48,178,F,9561,26.9403
5960,P2,BASE,89.40,90.00,176,F,9597,26.9343
5970,P2,BASE,89.55,87.53,179,F,9632,26.9545
5980,P2,BASE,89.70,87.47,179,F,9667,26.9768
5990,P2,BASE,89.85,90.01,177,F,9703,26.9752
6000,P2,BASE,90.00,87.52,179,F,9738,27.0000
6010,P2,BASE,90.15,87.50,180,F,9773,27.0265
6020,P2,BASE,90.30,90.00,177,F,9809,27.0295
6030,P2,BASE,90.45,87.47,180,F,9844,27.0593
6040,P2,BASE,90.60,90.00,178,F,9880,27.0653
6050,P2,BASE,90.75,89.99,178,F,9916,27.0729
6060,P2,BASE,90.90,87.51,181,F,9951,27.1068
6070,P2,BASE,91.05,87.53,181,F,9986,27.1420
6080,P2,BASE,91.20,87.50,182,F,10021,27.1790
6090,P2,BASE,91.35,87.48,182,F,10056,27.2177
6100,P2,BASE,91.50,85.02,185,F,10090,27.2825
6110,P2,BASE,91.65,89.99,180,F,10126,27.2991
6120,P2,BASE,91.80,87.48,183,F,10161,27.3423
6130,P2,BASE,91.95,87.50,184,F,10196,27.3868
6140,P2,BASE,92.10,90.01,182,F,10232,27.4077
6150,P2,BASE,92.25,87.49,185,F,10267,27.4553
6160,P2,BASE,92.40,90.01,182,F,10303,27.4792
6170,P2,BASE,92.55,89.99,183,F,10339,27.5048
6180,P2,BASE,92.70,90.01,183,F,10375,27.5317
6190,P2,BASE,92.85,92.52,181,F,10412,27.5350
6200,P2,BASE,93.00,89.98,184,F,10448,27.5652
6210,P2,BASE,93.15,92.49,181,F,10485,27.5718
6220,P2,BASE,93.30,95.02,179,F,10523,27.5546
6230,P2,BASE,93.45,90.01,184,F,10559,27.5890
6240,P2,BASE,93.60,92.47,182,F,10596,27.6003
6250,P2,BASE,93.75,90.03,185,F,10632,27.6375
6260,P2,BASE,93.90,87.50,188,F,10667,27.7015
6270,P2,BASE,94.05,92.46,183,F,10704,27.7174
6280,P2,BASE,94.20,87.51,189,F,10739,27.7843
6290,P2,BASE,94.35,92.53,184,F,10776,27.8025
6300,P2,BASE,94.50,94.96,182,F,10814,27.7979
6310,P2,BASE,94.65,90.03,187,F,10850,27.8441
6320,P2,BASE,94.80,97.51,179,F,10889,27.8170
6330,P2,BASE,94.95,92.46,185,F,10926,27.8419
6340,P2,BASE,95.10,95.04,182,F,10964,27.8425
6350,P2,BASE,95.25,97.50,180,F,11003,27.8200
6360,P2,BASE,95.40,94.92,183,F,11041,27.8248
6370,P2,BASE,95.55,97.58,180,F,11080,27.8045
6380,P2,BASE,95.70,94.99,183,F,11118,27.8116
6390,P2,BASE,95.85,95.00,183,F,11156,27.8201
6400,P2,BASE,96.00,97.49,181,F,11195,27.8052
6410,P2,BASE,96.15,92.49,186,F,11232,27.8418
6420,P2,BASE,96.30,95.00,184,F,11270,27.8548
6430,P2,BASE,96.45,95.03,184,F,11308,27.8690
6440,P2,BASE,96.60,92.47,187,F,11345,27.9103
6450,P2,BASE,96.75,97.53,182,F,11384,27.9025
6460,P2,BASE,96.90,97.50,182,F,11423,27.8965
6470,P2,BASE,97.05,92.48,188,F,11460,27.9422
6480,P2,BASE,97.20,109.96,169,F,11504,27.8146
6490,P2,BASE,97.35,102.54,177,F,11545,27.7627
6500,P2,BASE,97.50,92.51,187,F,11582,27.8126
6510,P2,BASE,97.65,90.01,190,F,11618,27.8890
6520,P2,BASE,97.80,92.50,188,F,11655,27.9420
6530,P2,BASE,97.95,99.98,181,F,11695,27.9217
6540,P2,BASE,98.10,102.49,178,F,11736,27.8778
6550,P2,BASE,98.25,100.03,181,F,11776,27.8600
6560,P2,BASE,98.40,99.98,181,F,11816,27.8442
6570,P2,BASE,98.55,97.49,184,F,11855,27.8548
6580,P2,BASE,98.70,100.00,181,F,11895,27.8418
6590,P2,BASE,98.85,97.50,184,F,11934,27.8553
6600,P2,BASE,99.00,100.02,181,F,11974,27.8451
6610,P2,BASE,99.15,97.50,184,F,12013,27.8616
6620,P2,BASE,99.30,97.47,184,F,12052,27.8799
6630,P2,BASE,99.45,97.51,185,F,12091,27.8993
6640,P2,BASE,99.60,95.02,188,F,12129,27.9451
6650,P2,BASE,99.75,97.50,185,F,12168,27.9676
6660,P2,BASE,99.90,99.99,183,F,12208,27.9667
6670,P2,BASE,100.05,100.02,183,F,12248,27.9670
6680,P2,BASE,100.20,99.99,183,F,12288,27.9691
6690,P2,BASE,100.35,99.99,184,F,12328,27.9727
6700,P2,BASE,100.50,94.98,189,F,12366,28.0279
6710,P2,BASE,100.65,100.04,184,F,12406,28.0340
6720,P2,BASE,100.80,97.48,187,F,12445,28.0672
6730,P2,BASE,100.95,95.00,190,F,12483,28.1267
6740,P2,BASE,101.10,99.99,185,F,12523,28.1378
6750,P2,BASE,101.25,97.50,188,F,12562,28.1753
6760,P2,BASE,101.40,97.53,189,F,12601,28.2140
6770,P2,BASE,101.55,97.48,189,F,12640,28.2547
6780,P2,BASE,101.70,100.01,187,F,12680,28.2716
6790,P2,BASE,101.85,100.00,187,F,12720,28.2901
6800,P2,BASE,102.00,99.99,187,F,12760,28.3102
6810,P2,BASE,102.15,97.48,190,F,12799,28.3569
6820,P2,BASE,102.30,100.04,188,F,12839,28.3795
6830,P2,BASE,102.45,104.97,183,F,12881,28.3543
6840,P2,BASE,102.60,102.52,186,F,12922,28.3551
6850,P2,BASE,102.75,100.00,189,F,12962,28.3826
6860,P2,BASE,102.90,102.49,186,F,13003,28.3867
6870,P2,BASE,103.05,97.50,192,F,13042,28.4422
6880,P2,BASE,103.20,100.02,190,F,13082,28.4740
6890,P2,BASE,103.35,97.49,193,F,13121,28.5326
6900,P2,BASE,103.50,100.01,191,F,13161,28.5675
6910,P2,BASE,103.65,102.46,188,F,13202,28.5794
6920,P2,BASE,103.80,102.54,189,F,13243,28.5920
6930,P2,BASE,103.95,104.99,186,F,13285,28.5816
6940,P2,BASE,104.10,102.49,189,F,13326,28.5977
6950,P2,BASE,104.25,105.00,187,F,13368,28.5902
6960,P2,BASE,104.40,105.02,187,F,13410,28.5840
6970,P2,BASE,104.55,105.00,187,F,13452,28.5795
6980,P2,BASE,104.70,107.46,184,F,13495,28.5519
6990,P2,BASE,104.85,105.03,187,F,13537,28.5501
7000,P2,BASE,105.00,104.98,187,F,13579,28.5503
7010,P2,BASE,105.15,104.99,187,F,13621,28.5519
7020,P2,BASE,105.30,100.01,193,F,13661,28.6048
7030,P2,BASE,105.45,105.03,188,F,13703,28.6090
7040,P2,BASE,105.60,102.48,191,F,13744,28.6402
7050,P2,BASE,105.75,105.01,188,F,13786,28.6476
7060,P2,BASE,105.90,107.49,186,F,13829,28.6317
7070,P2,BASE,106.05,104.99,189,F,13871,28.6423
7080,P2,BASE,106.20,122.54,170,F,13920,28.4790
7090,P2,BASE,106.35,102.50,191,F,13961,28.5175
7100,P2,BASE,106.50,99.98,194,F,14001,28.5827
7110,P2,BASE,106.65,97.52,197,F,14040,28.6740
7120,P2,BASE,106.80,110.00,184,F,14084,28.6420
7130,P2,BASE,106.95,109.99,184,F,14128,28.6116
7140,P2,BASE,107.10,109.99,184,F,14172,28.5827
7150,P2,BASE,107.25,107.50,187,F,14215,28.5802
7160,P2,BASE,107.40,107.52,187,F,14258,28.5790
7170,P2,BASE,107.55,107.49,187,F,14301,28.5796
7180,P2,BASE,107.70,107.47,187,F,14344,28.5819
7190,P2,BASE,107.85,107.52,188,F,14387,28.5852
7200,P2,BASE,108.00,105.01,190,F,14429,28.6151
7210,P2,BASE,108.15,104.99,191,F,14471,28.6467
7220,P2,BASE,108.30,107.52,188,F,14514,28.6545
7230,P2,BASE,108.45,107.48,189,F,14557,28.6642
7240,P2,BASE,108.60,105.01,192,F,14599,28.7001
7250,P2,BASE,108.75,107.48,189,F,14642,28.7128
7260,P2,BASE,108.90,112.47,184,F,14687,28.6771
7270,P2,BASE,109.05,107.56,189,F,14730,28.6920
7280,P2,BASE,109.20,104.98,193,F,14772,28.7342
7290,P2,BASE,109.35,110.02,187,F,14816,28.7275
7300,P2,BASE,109.50,104.96,193,F,14858,28.7729
7310,P2,BASE,109.65,105.02,193,F,14900,28.8192
7320,P2,BASE,109.80,105.00,194,F,14942,28.8672
7330,P2,BASE,109.95,107.50,192,F,14985,28.8917
7340,P2,BASE,110.10,107.50,192,F,15028,28.9177
7350,P2,BASE,110.25,105.00,195,F,15070,28.9702
7360,P2,BASE,110.40,109.98,190,F,15114,28.9744
7370,P2,BASE,110.55,110.04,190,F,15158,28.9795
7380,P2,BASE,110.70,107.49,193,F,15201,29.0116
7390,P2,BASE,110.85,107.48,194,F,15244,29.0453
7400,P2,BASE,111.00,115.01,186,F,15290,29.0052
7410,P2,BASE,111.15,110.00,191,F,15334,29.0167
7420,P2,BASE,111.30,110.02,191,F,15378,29.0295
7430,P2,BASE,111.45,107.47,194,F,15421,29.0693
7440,P2,BASE,111.60,107.52,195,F,15464,29.1101
7450,P2,BASE,111.75,109.98,193,F,15508,29.1278
7460,P2,BASE,111.90,105.00,198,F,15550,29.1968
7470,P2,BASE,112.05,112.49,191,F,15595,29.1924
7480,P2,BASE,112.20,110.01,194,F,15639,29.2143
7490,P2,BASE,112.35,115.02,188,F,15685,29.1876
7500,P2,BASE,112.50,109.98,194,F,15729,29.2128
7510,P2,BASE,112.65,115.01,189,F,15775,29.1892
7520,P2,BASE,112.80,115.02,189,F,15821,29.1669
7530,P2,BASE,112.95,114.98,189,F,15867,29.1467
7540,P2,BASE,113.10,114.99,189,F,15913,29.1278
7550,P2,BASE,113.25,112.51,192,F,15958,29.1352
7560,P2,BASE,113.40,114.99,189,F,16004,29.1193
7570,P2,BASE,113.55,112.49,192,F,16049,29.1299
7580,P2,BASE,113.70,110.03,195,F,16093,29.1666
7590,P2,BASE,113.85,112.51,193,F,16138,29.1800
7600,P2,BASE,114.00,114.95,190,F,16184,29.1704
7610,P2,BASE,114.15,112.53,193,F,16229,29.1866
7620,P2,BASE,114.30,114.98,190,F,16275,29.1798
7630,P2,BASE,114.45,127.53,177,F,16326,29.0491
7640,P2,BASE,114.60,112.48,193,F,16371,29.0703
7650,P2,BASE,114.75,107.52,198,F,16414,29.1426
7660,P2,BASE,114.90,107.47,199,F,16457,29.2169
7670,P2,BASE,115.05,117.54,189,F,16504,29.1920
7680,P2,BASE,115.20,117.49,189,F,16551,29.1691
7690,P2,BASE,115.35,117.52,189,F,16598,29.1474
7700,P2,BASE,115.50,114.97,192,F,16644,29.1528
7710,P2,BASE,115.65,117.50,189,F,16691,29.1343
7720,P2,BASE,115.80,115.00,192,F,16737,29.1423
7730,P2,BASE,115.95,117.50,189,F,16784,29.1268
7740,P2,BASE,116.10,115.03,192,F,16830,29.1374
7750,P2,BASE,116.25,112.48,195,F,16875,29.1751
7760,P2,BASE,116.40,115.01,193,F,16921,29.1890
7770,P2,BASE,116.55,112.51,196,F,16966,29.2294
7780,P2,BASE,116.70,117.48,191,F,17013,29.2216
7790,P2,BASE,116.85,117.49,191,F,17060,29.2153
7800,P2,BASE,117.00,117.54,191,F,17107,29.2099
7810,P2,BASE,117.15,117.48,191,F,17154,29.2066
7820,P2,BASE,117.30,115.02,194,F,17200,29.2294
7830,P2,BASE,117.45,112.50,197,F,17245,29.2789
7840,P2,BASE,117.60,112.48,197,F,17290,29.3301
7850,P2,BASE,117.75,115.00,195,F,17336,29.3576
7860,P2,BASE,117.90,115.02,195,F,17382,29.3864
7870,P2,BASE,118.05,114.97,196,F,17428,29.4173
7880,P2,BASE,118.20,112.53,199,F,17473,29.4739
7890,P2,BASE,118.35,117.50,194,F,17520,29.4824
7900,P2,BASE,118.50,114.99,197,F,17566,29.5175
7910,P2,BASE,118.65,117.48,195,F,17613,29.5293
7920,P2,BASE,118.80,117.51,195,F,17660,29.5422
7930,P2,BASE,118.95,120.01,192,F,17708,29.5315
7940,P2,BASE,119.10,117.46,195,F,17755,29.5479
7950,P2,BASE,119.25,120.01,193,F,17803,29.5403
7960,P2,BASE,119.40,112.53,201,F,17848,29.6089
7970,P2,BASE,119.55,114.98,199,F,17894,29.6547
7980,P2,BASE,119.70,115.01,199,F,17940,29.7015
7990,P2,BASE,119.85,117.50,197,F,17987,29.7250
8000,P2,BASE,120.00,117.49,197,F,18034,29.7502
8010,P2,BASE,120.15,119.98,195,F,18082,29.7519
8020,P2,BASE,120.30,120.00,195,F,18130,29.7549
8030,P2,BASE,120.45,120.05,195,F,18178,29.7589
8040,P2,BASE,120.60,122.49,193,F,18227,29.7400
8050,P2,BASE,120.75,125.01,190,F,18277,29.6974
8060,P2,BASE,120.90,124.98,190,F,18327,29.6567
8070,P2,BASE,121.05,120.00,195,F,18375,29.6672
8080,P2,BASE,121.20,120.01,196,F,18423,29.6791
8090,P2,BASE,121.35,117.49,199,F,18470,29.7177
8100,P2,BASE,121.50,120.02,196,F,18518,29.7324
8110,P2,BASE,121.65,119.96,197,F,18566,29.7493
8120,P2,BASE,121.80,120.02,197,F,18614,29.7670
8130,P2,BASE,121.95,124.96,192,F,18664,29.7369
8140,P2,BASE,122.10,135.01,181,F,18718,29.6078
8150,P2,BASE,122.25,117.51,199,F,18765,29.6552
8160,P2,BASE,122.40,114.99,202,F,18811,29.7293
8170,P2,BASE,122.55,114.99,203,F,18857,29.8049
8180,P2,BASE,122.70,125.01,193,F,18907,29.7818
8190,P2,BASE,122.85,125.01,193,F,18957,29.7601
8200,P2,BASE,123.00,125.00,193,F,19007,29.7401
8210,P2,BASE,123.15,125.03,193,F,19057,29.7214
8220,P2,BASE,123.30,122.46,196,F,19106,29.7298
8230,P2,BASE,123.45,122.52,196,F,19155,29.7390
8240,P2,BASE,123.60,122.46,196,F,19204,29.7504
8250,P2,BASE,123.75,122.55,196,F,19253,29.7624
8260,P2,BASE,123.90,122.46,197,F,19302,29.7768
8270,P2,BASE,124.05,120.01,199,F,19350,29.8171
8280,P2,BASE,124.20,122.51,197,F,19399,29.8340
8290,P2,BASE,124.35,125.01,195,F,19449,29.8274
8300,P2,BASE,124.50,124.98,195,F,19499,29.8227
8310,P2,BASE,124.65,124.99,195,F,19549,29.8193
8320,P2,BASE,124.80,122.51,198,F,19598,29.8422
8330,P2,BASE,124.95,122.49,198,F,19647,29.8668
8340,P2,BASE,125.10,117.50,204,F,19694,29.9428
8350,P2,BASE,125.25,122.52,199,F,19743,29.9700
8360,P2,BASE,125.40,122.50,199,F,19792,29.9990
8370,P2,BASE,125.55,122.51,200,F,19841,30.0294
8380,P2,BASE,125.70,122.48,200,F,19890,30.0617
8390,P2,BASE,125.85,122.50,201,F,19939,30.0952
8400,P2,BASE,126.00,122.50,201,F,19988,30.1302
8410,P2,BASE,126.15,122.49,201,F,20037,30.1668
8420,P2,BASE,126.30,127.51,196,F,20088,30.1546
8430,P2,BASE,126.45,127.53,196,F,20139,30.1439
8440,P2,BASE,126.60,124.98,199,F,20189,30.1601
8450,P2,BASE,126.75,122.51,202,F,20238,30.2025
8460,P2,BASE,126.90,120.01,205,F,20286,30.2714
8470,P2,BASE,127.05,122.48,203,F,20335,30.3171
8480,P2,BASE,127.20,122.51,204,F,20384,30.3640
8490,P2,BASE,127.35,127.49,199,F,20435,30.3627
8500,P2,BASE,127.50,127.51,199,F,20486,30.3625
8510,P2,BASE,127.65,127.47,199,F,20537,30.3643
8520,P2,BASE,127.80,127.49,199,F,20588,30.3674
8530,P2,BASE,127.95,130.04,197,F,20640,30.3465
8540,P2,BASE,128.10,134.99,191,F,20694,30.2777
8550,P2,BASE,128.25,127.49,199,F,20745,30.2853
8560,P2,BASE,128.40,130.04,197,F,20797,30.2689
8570,P2,BASE,128.55,125.00,202,F,20847,30.3044
8580,P2,BASE,128.70,127.47,200,F,20898,30.3166
8590,P2,BASE,128.85,127.53,200,F,20949,30.3299
8600,P2,BASE,129.00,127.50,200,F,21000,30.3449
8610,P2,BASE,129.15,129.96,198,F,21052,30.3368
8620,P2,BASE,129.30,135.04,193,F,21106,30.2794
8630,P2,BASE,129.45,134.99,192,F,21160,30.2240
8640,P2,BASE,129.60,122.51,206,F,21209,30.2949
8650,P2,BASE,129.75,119.96,209,F,21257,30.3927
8660,P2,BASE,129.90,132.53,196,F,21310,30.3665
8670,P2,BASE,130.05,127.51,202,F,21361,30.3919
8680,P2,BASE,130.20,132.47,197,F,21414,30.3691
8690,P2,BASE,130.35,132.50,197,F,21467,30.3476
8700,P2,BASE,130.50,130.01,199,F,21519,30.3525
8710,P2,BASE,130.65,130.01,200,F,21571,30.3589
8720,P2,BASE,130.80,129.97,200,F,21623,30.3671
8730,P2,BASE,130.95,127.49,203,F,21674,30.4017
8740,P2,BASE,131.10,130.04,200,F,21726,30.4124
8750,P2,BASE,131.25,129.95,201,F,21778,30.4254
8760,P2,BASE,131.40,132.50,198,F,21831,30.4144
8770,P2,BASE,131.55,132.54,198,F,21884,30.4045
8780,P2,BASE,131.70,129.97,201,F,21936,30.4217
8790,P2,BASE,131.85,130.04,201,F,21988,30.4399
8800,P2,BASE,132.00,129.99,202,F,22040,30.4600
8810,P2,BASE,132.15,127.51,205,F,22091,30.5064
8820,P2,BASE,132.30,127.46,205,F,22142,30.5547
8830,P2,BASE,132.45,130.01,203,F,22194,30.5791
8840,P2,BASE,132.60,129.99,203,F,22246,30.6052
8850,P2,BASE,132.75,130.01,203,F,22298,30.6326
8860,P2,BASE,132.90,129.99,204,F,22350,30.6617
8870,P2,BASE,133.05,127.50,207,F,22401,30.7172
8880,P2,BASE,133.20,132.50,202,F,22454,30.7242
8890,P2,BASE,133.35,137.50,197,F,22509,30.6827
8900,P2,BASE,133.50,130.00,205,F,22561,30.7177
8910,P2,BASE,133.65,132.51,202,F,22614,30.7291
8920,P2,BASE,133.80,125.00,211,F,22664,30.8171
8930,P2,BASE,133.95,129.99,206,F,22716,30.8567
8940,P2,BASE,134.10,130.04,207,F,22768,30.8973
8950,P2,BASE,134.25,132.50,204,F,22821,30.9148
8960,P2,BASE,134.40,132.50,205,F,22874,30.9338
8970,P2,BASE,134.55,134.99,202,F,22928,30.9295
8980,P2,BASE,134.70,137.46,200,F,22983,30.9019
8990,P2,BASE,134.85,137.51,200,F,23038,30.8753
9000,P2,BASE,135.00,140.00,197,F,23094,30.8253
9010,P2,BASE,135.15,135.03,202,F,23148,30.8265
9020,P2,BASE,135.30,137.50,200,F,23203,30.8045
9030,P2,BASE,135.45,132.50,205,F,23256,30.8340
9040,P2,BASE,135.60,132.46,205,F,23309,30.8654
9050,P2,BASE,135.75,132.55,206,F,23362,30.8974
9060,P2,BASE,135.90,137.47,201,F,23417,30.8816
9070,P2,BASE,136.05,137.51,201,F,23472,30.8670
9080,P2,BASE,136.20,147.50,190,F,23531,30.7540
9090,P2,BASE,136.35,132.49,206,F,23584,30.7926
9100,P2,BASE,136.50,124.99,214,F,23634,30.9077
9110,P2,BASE,136.65,135.04,204,F,23688,30.9238
9120,P2,BASE,136.80,137.50,202,F,23743,30.9168
9130,P2,BASE,136.95,140.00,199,F,23799,30.8863
9140,P2,BASE,137.10,137.46,202,F,23854,30.8828
9150,P2,BASE,137.25,137.50,202,F,23909,30.8803
9160,P2,BASE,137.40,135.04,205,F,23963,30.9038
9170,P2,BASE,137.55,137.47,203,F,24018,30.9046
9180,P2,BASE,137.70,135.01,205,F,24072,30.9315
9190,P2,BASE,137.85,135.00,206,F,24126,30.9600
9200,P2,BASE,138.00,137.51,203,F,24181,30.9648
9210,P2,BASE,138.15,137.49,204,F,24236,30.9715
9220,P2,BASE,138.30,140.01,201,F,24292,30.9543
9230,P2,BASE,138.45,139.99,201,F,24348,30.9390
9240,P2,BASE,138.60,137.51,204,F,24403,30.9498
9250,P2,BASE,138.75,132.49,210,F,24456,31.0125
9260,P2,BASE,138.90,135.00,207,F,24510,31.0515
9270,P2,BASE,139.05,134.97,208,F,24564,31.0922
9280,P2,BASE,139.20,135.01,208,F,24618,31.1341
9290,P2,BASE,139.35,135.00,209,F,24672,31.1776
9300,P2,BASE,139.50,137.47,206,F,24727,31.1979
9310,P2,BASE,139.65,135.01,209,F,24781,31.2443
9320,P2,BASE,139.80,137.54,207,F,24836,31.2668
9330,P2,BASE,139.95,142.47,202,F,24893,31.2416
9340,P2,BASE,140.10,140.03,205,F,24949,31.2423
9350,P2,BASE,140.25,137.49,208,F,25004,31.2700
9360,P2,BASE,140.40,135.01,211,F,25058,31.3239
9370,P2,BASE,140.55,134.96,211,F,25112,31.3798
9380,P2,BASE,140.70,135.01,212,F,25166,31.4366
9390,P2,BASE,140.85,140.00,207,F,25222,31.4451
9400,P2,BASE,141.00,140.03,207,F,25278,31.4548
9410,P2,BASE,141.15,140.00,207,F,25334,31.4663
9420,P2,BASE,141.30,144.97,202,F,25392,31.4296
9430,P2,BASE,141.45,142.51,205,F,25449,31.4190
9440,P2,BASE,141.60,147.46,200,F,25508,31.3604
9450,P2,BASE,141.75,142.54,205,F,25565,31.3525
9460,P2,BASE,141.90,142.47,205,F,25622,31.3468
9470,P2,BASE,142.05,140.00,208,F,25678,31.3673
9480,P2,BASE,142.20,140.00,208,F,25734,31.3893
9490,P2,BASE,142.35,142.53,205,F,25791,31.3875
9500,P2,BASE,142.50,145.00,203,F,25849,31.3625
9510,P2,BASE,142.65,152.48,195,F,25910,31.2642
9520,P2,BASE,142.80,140.00,208,F,25966,31.2922
9530,P2,BASE,142.95,132.50,216,F,26019,31.3967
9540,P2,BASE,143.10,137.49,212,F,26074,31.4528
9550,P2,BASE,143.25,144.93,204,F,26132,31.4360
9560,P2,BASE,143.40,145.10,204,F,26190,31.4190
9570,P2,BASE,143.55,142.47,207,F,26247,31.4298
9580,P2,BASE,143.70,145.04,204,F,26305,31.4163
9590,P2,BASE,143.85,142.50,207,F,26362,31.4298
9600,P2,BASE,144.00,145.00,205,F,26420,31.4198
9610,P2,BASE,144.15,139.97,210,F,26476,31.4616
9620,P2,BASE,144.30,142.50,208,F,26533,31.4796
9630,P2,BASE,144.45,145.03,206,F,26591,31.4738
9640,P2,BASE,144.60,144.97,206,F,26649,31.4701
9650,P2,BASE,144.75,147.49,203,F,26708,31.4428
9660,P2,BASE,144.90,142.53,209,F,26765,31.4665
9670,P2,BASE,145.05,144.97,206,F,26823,31.4673
9680,P2,BASE,145.20,140.01,212,F,26879,31.5191
9690,P2,BASE,145.35,140.03,212,F,26935,31.5724
9700,P2,BASE,145.50,142.49,210,F,26992,31.6025
9710,P2,BASE,145.65,142.51,210,F,27049,31.6339
9720,P2,BASE,145.80,142.44,211,F,27106,31.6674
9730,P2,BASE,145.95,142.53,211,F,27163,31.7016
9740,P2,BASE,146.10,142.53,212,F,27220,31.7374
9750,P2,BASE,146.25,147.43,207,F,27279,31.7256
9760,P2,BASE,146.40,145.03,209,F,27337,31.7393
9770,P2,BASE,146.55,144.99,210,F,27395,31.7550
9780,P2,BASE,146.70,140.03,215,F,27451,31.8217
9790,P2,BASE,146.85,142.47,213,F,27508,31.8655
9800,P2,BASE,147.00,140.01,216,F,27564,31.9353
9810,P2,BASE,147.15,145.03,212,F,27622,31.9565
9820,P2,BASE,147.30,149.93,207,F,27682,31.9303
9830,P2,BASE,147.45,145.09,212,F,27740,31.9539
9840,P2,BASE,147.60,152.38,204,F,27801,31.9061
9850,P2,BASE,147.75,150.09,207,F,27861,31.8827
9860,P2,BASE,147.90,152.53,204,F,27922,31.8364
9870,P2,BASE,148.05,150.00,206,F,27982,31.8169
9880,P2,BASE,148.20,147.49,209,F,28041,31.8241
9890,P2,BASE,148.35,145.00,212,F,28099,31.8576
9900,P2,BASE,148.50,144.99,213,F,28157,31.8927
9910,P2,BASE,148.65,150.01,207,F,28217,31.8791
9920,P2,BASE,148.80,152.48,205,F,28278,31.8422
9930,P2,BASE,148.95,159.98,197,F,28342,31.7319
9940,P2,BASE,149.10,142.54,215,F,28399,31.7974
9950,P2,BASE,149.25,137.46,221,F,28454,31.9154
9960,P2,BASE,149.40,150.01,208,F,28514,31.9092
9970,P2,BASE,149.55,150.03,209,F,28574,31.9044
9980,P2,BASE,149.70,152.50,206,F,28635,31.8764
9990,P2,BASE,149.85,147.47,211,F,28694,31.9002
10000,P2,BASE,150.00,150.01,209,F,28754,31.9000
10010,P2,BASE,150.00,149.99,209,F,28814,31.9002
10020,P2,BASE,150.00,147.53,212,F,28873,31.9249
10030,P2,BASE,150.00,149.96,209,F,28933,31.9254
10040,P2,BASE,150.00,150.03,209,F,28993,31.9251
10050,P2,BASE,150.00,149.97,209,F,29053,31.9254
10060,P2,BASE,150.00,155.03,204,F,29115,31.8750
10070,P2,BASE,150.00,147.49,212,F,29174,31.9002
10080,P2,BASE,150.00,149.99,209,F,29234,31.9003
10090,P2,BASE,150.00,145.01,214,F,29292,31.9502
10100,P2,BASE,150.00,147.53,212,F,29351,31.9749
10110,P2,BASE,150.00,147.47,212,F,29410,32.0002
10120,P2,BASE,150.00,145.01,215,F,29468,32.0500
10130,P2,BASE,150.00,147.49,213,F,29527,32.0752
10140,P2,BASE,150.00,147.53,213,F,29586,32.0999
10150,P2,BASE,150.00,149.96,210,F,29646,32.1003
10160,P2,BASE,150.00,152.50,208,F,29707,32.0753
10170,P2,BASE,150.00,147.51,213,F,29766,32.1002
10180,P2,BASE,150.00,147.51,213,F,29825,32.1251
10190,P2,BASE,150.00,144.99,216,F,29883,32.1752
10200,P2,BASE,150.00,145.03,216,F,29941,32.2249
10210,P2,BASE,150.00,150.00,211,F,30001,32.2249
10220,P2,BASE,150.00,147.50,214,F,30060,32.2499
10230,P2,BASE,150.00,152.50,209,F,30121,32.2249
10240,P2,BASE,150.00,152.47,208,F,30182,32.2002
10250,P2,BASE,150.00,155.03,206,F,30244,32.1499
10260,P2,BASE,150.00,155.00,205,F,30306,32.0999
10270,P2,BASE,150.00,152.50,208,F,30367,32.0749
10280,P2,BASE,150.00,152.50,207,F,30428,32.0499
10290,P2,BASE,150.00,147.50,213,F,30487,32.0749
10300,P2,BASE,150.00,150.00,210,F,30547,32.0749
10310,P2,BASE,150.00,149.99,210,F,30607,32.0751
10320,P2,BASE,150.00,152.48,207,F,30668,32.0502
10330,P2,BASE,150.00,165.03,194,F,30734,31.8999
10340,P2,BASE,150.00,144.99,214,F,30792,31.9500
10350,P2,BASE,150.00,137.47,223,F,30847,32.0753
10360,P2,BASE,150.00,152.52,207,F,30908,32.0501
10370,P2,BASE,150.00,152.50,207,F,30969,32.0251
10380,P2,BASE,150.00,152.53,207,F,31030,31.9998
10390,P2,BASE,150.00,149.94,210,F,31090,32.0004
10400,P2,BASE,150.00,150.06,210,F,31150,31.9998
10410,P2,BASE,150.00,152.44,207,F,31211,31.9754
10420,P2,BASE,150.00,147.54,212,F,31270,32.0000
10430,P2,BASE,150.00,149.96,210,F,31330,32.0004
10440,P2,BASE,150.00,150.03,210,F,31390,32.0001
10450,P2,BASE,150.00,152.53,207,F,31451,31.9748
10460,P2,BASE,150.00,154.97,204,F,31513,31.9251
10470,P2,BASE,150.00,150.00,209,F,31573,31.9251
10480,P2,BASE,150.00,147.53,212,F,31632,31.9499
10490,P2,BASE,150.00,147.44,212,F,31691,31.9754
10500,P2,BASE,150.00,145.06,215,F,31749,32.0249
10510,P2,BASE,150.00,147.44,213,F,31808,32.0505
10520,P2,BASE,150.00,147.56,213,F,31867,32.0749
10530,P2,BASE,150.00,147.47,213,F,31926,32.1002
10540,P2,BASE,150.00,147.51,213,F,31985,32.1250
10550,P2,BASE,150.00,149.99,211,F,32045,32.1252
10560,P2,BASE,150.00,152.48,208,F,32106,32.1003
10570,P2,BASE,150.00,147.50,213,F,32165,32.1253
10580,P2,BASE,150.00,147.54,213,F,32224,32.1499
10590,P2,BASE,150.00,147.46,213,F,32283,32.1753
10600,P2,BASE,150.00,142.54,219,F,32340,32.2499
10610,P2,BASE,150.00,149.96,211,F,32400,32.2503
10620,P2,BASE,150.00,147.54,214,F,32459,32.2749
10630,P2,BASE,150.00,152.48,209,F,32520,32.2500
10640,P2,BASE,150.00,152.52,209,F,32581,32.2249
10650,P2,BASE,150.00,154.97,206,F,32643,32.1752
10660,P2,BASE,150.00,157.50,203,F,32706,32.1002
10670,P2,BASE,150.00,152.52,208,F,32767,32.0751
10680,P2,BASE,150.00,149.97,210,F,32827,32.0754
10690,P2,BASE,150.00,149.99,210,F,32887,32.0755
10700,P2,BASE,150.00,147.56,213,F,32946,32.0999
10710,P2,BASE,150.00,152.48,208,F,33007,32.0751
10720,P2,BASE,150.00,154.98,205,F,33069,32.0252
10730,P2,BASE,150.00,162.45,196,F,33134,31.9007
10740,P2,BASE,150.00,142.57,217,F,33191,31.9750
10750,P2,BASE,150.00,137.46,223,F,33246,32.1004
10760,P2,BASE,150.00,155.02,205,F,33308,32.0502
10770,P2,BASE,150.00,150.01,210,F,33368,32.0501
10780,P2,BASE,150.00,152.47,207,F,33429,32.0254
10790,P2,BASE,150.00,152.52,207,F,33490,32.0002
10800,P2,BASE,150.00,150.00,210,F,33550,32.0002
10810,P2,BASE,150.00,152.50,207,F,33611,31.9752
10820,P2,BASE,150.00,147.51,212,F,33670,32.0001
10830,P2,BASE,150.00,150.01,210,F,33730,31.9999
10840,P2,BASE,150.00,150.00,210,F,33790,31.9999
10850,P2,BASE,150.00,152.47,207,F,33851,31.9753
10860,P2,BASE,150.00,152.48,207,F,33912,31.9504
10870,P2,BASE,150.00,150.03,209,F,33972,31.9501
10880,P2,BASE,150.00,150.00,209,F,34032,31.9501
10890,P2,BASE,150.00,147.51,212,F,34091,31.9750
10900,P2,BASE,150.00,145.00,215,F,34149,32.0250
10910,P2,BASE,150.00,147.49,213,F,34208,32.0501
10920,P2,BASE,150.00,147.51,213,F,34267,32.0750
10930,P2,BASE,150.00,147.50,213,F,34326,32.1000
10940,P2,BASE,150.00,147.47,213,F,34385,32.1253
10950,P2,BASE,150.00,150.00,210,F,34445,32.1253
10960,P2,BASE,150.00,152.48,208,F,34506,32.1004
10970,P2,BASE,150.00,150.00,210,F,34566,32.1004
10980,P2,BASE,150.00,147.54,213,F,34625,32.1250
10990,P2,BASE,150.00,144.99,216,F,34683,32.1751
11000,P2,BASE,150.00,145.01,216,F,34741,32.2250
11010,P2,BASE,150.00,147.46,214,F,34800,32.2504
11020,P2,BASE,150.00,150.05,211,F,34860,32.2500
11030,P2,BASE,150.00,152.48,209,F,34921,32.2251
11040,P2,BASE,150.00,152.50,208,F,34982,32.2001
11050,P2,BASE,150.00,154.97,206,F,35044,32.1504
11060,P2,BASE,150.00,154.98,205,F,35106,32.1006
11070,P2,BASE,150.00,152.53,208,F,35167,32.0753
11080,P2,BASE,150.00,152.53,207,F,35228,32.0500
11090,P2,BASE,150.00,147.49,213,F,35287,32.0751
11100,P2,BASE,150.00,150.00,210,F,35347,32.0751
11110,P2,BASE,150.00,150.00,210,F,35407,32.0751
11120,P2,BASE,150.00,155.00,205,F,35469,32.0251
11130,P2,BASE,150.00,162.50,196,F,35534,31.9001
11140,P2,BASE,150.00,145.00,214,F,35592,31.9501
11150,P2,BASE,150.00,137.49,223,F,35647,32.0752
11160,P2,BASE,150.00,152.48,207,F,35708,32.0504
11170,P2,BASE,150.00,152.50,207,F,35769,32.0254
11180,P2,BASE,150.00,152.53,207,F,35830,32.0001
11190,P2,BASE,150.00,152.45,207,F,35891,31.9755
11200,P2,BASE,150.00,150.06,209,F,35951,31.9749
11210,P2,BASE,150.00,152.50,207,F,36012,31.9499
11220,P2,BASE,150.00,147.47,212,F,36071,31.9752
11230,P2,BASE,150.00,150.01,209,F,36131,31.9751
11240,P2,BASE,150.00,147.51,212,F,36190,31.9999
11250,P2,BASE,150.00,152.48,207,F,36251,31.9751
11260,P2,BASE,150.00,155.02,204,F,36313,31.9249
11270,P2,BASE,150.00,147.47,212,F,36372,31.9502
11280,P2,BASE,150.00,150.00,209,F,36432,31.9502
11290,P2,BASE,150.00,147.50,212,F,36491,31.9752
11300,P2,BASE,150.00,145.01,215,F,36549,32.0251
11310,P2,BASE,150.00,150.00,210,F,36609,32.0251
11320,P2,BASE,150.00,145.01,215,F,36667,32.0749
11330,P2,BASE,150.00,147.46,213,F,36726,32.1004
11340,P2,BASE,150.00,147.53,213,F,36785,32.1251
11350,P2,BASE,150.00,149.99,211,F,36845,32.1252
11360,P2,BASE,150.00,152.48,208,F,36906,32.1004
11370,P2,BASE,150.00,150.03,210,F,36966,32.1001
11380,P2,BASE,150.00,147.49,213,F,37025,32.1252
11390,P2,BASE,150.00,144.99,216,F,37083,32.1754
11400,P2,BASE,150.00,145.01,216,F,37141,32.2252
11410,P2,BASE,150.00,147.50,214,F,37200,32.2502
11420,P2,BASE,150.00,149.99,211,F,37260,32.2504
11430,P2,BASE,150.00,152.50,209,F,37321,32.2254
11440,P2,BASE,150.00,152.55,208,F,37382,32.1999
11450,P2,BASE,150.00,154.97,206,F,37444,32.1502
11460,P2,BASE,150.00,155.03,205,F,37506,32.0999
11470,P2,BASE,150.00,152.47,208,F,37567,32.0752
11480,P2,BASE,150.00,152.48,207,F,37628,32.0504
11490,P2,BASE,150.00,147.53,213,F,37687,32.0751
11500,P2,BASE,150.00,149.99,210,F,37747,32.0752
11510,P2,BASE,150.00,149.97,210,F,37807,32.0755
11520,P2,BASE,150.00,157.50,202,F,37870,32.0005
11530,P2,BASE,150.00,160.02,199,F,37934,31.9004
11540,P2,BASE,150.00,145.04,214,F,37992,31.9499
11550,P2,BASE,150.00,137.46,223,F,38047,32.0753
11560,P2,BASE,150.00,152.52,207,F,38108,32.0502
11570,P2,BASE,150.00,152.53,207,F,38169,32.0249
11580,P2,BASE,150.00,152.45,207,F,38230,32.0003
11590,P2,BASE,150.00,150.05,210,F,38290,31.9999
11600,P2,BASE,150.00,152.50,207,F,38351,31.9749
11610,P2,BASE,150.00,149.99,210,F,38411,31.9750
11620,P2,BASE,150.00,149.97,210,F,38471,31.9753
11630,P2,BASE,150.00,150.03,209,F,38531,31.9750
11640,P2,BASE,150.00,150.01,209,F,38591,31.9749
11650,P2,BASE,150.00,150.00,210,F,38651,31.9749
11660,P2,BASE,150.00,154.95,204,F,38713,31.9254
11670,P2,BASE,150.00,149.99,209,F,38773,31.9255
11680,P2,BASE,150.00,147.53,212,F,38832,31.9502
11690,P2,BASE,150.00,147.50,212,F,38891,31.9752
11700,P2,BASE,150.00,147.47,212,F,38950,32.0005
11710,P2,BASE,150.00,147.56,212,F,39009,32.0249
11720,P2,BASE,150.00,145.00,215,F,39067,32.0749
11730,P2,BASE,150.00,147.47,213,F,39126,32.1002
11740,P2,BASE,150.00,150.01,210,F,39186,32.1001
11750,P2,BASE,150.00,147.50,213,F,39245,32.1251
11760,P2,BASE,150.00,152.50,208,F,39306,32.1001
11770,P2,BASE,150.00,150.01,210,F,39366,32.0999
11780,P2,BASE,150.00,147.46,213,F,39425,32.1254
11790,P2,BASE,150.00,144.99,216,F,39483,32.1755
11800,P2,BASE,150.00,145.03,216,F,39541,32.2252
11810,P2,BASE,150.00,149.99,211,F,39601,32.2254
11820,P2,BASE,150.00,147.54,214,F,39660,32.2499
11830,P2,BASE,150.00,152.48,209,F,39721,32.2251
11840,P2,BASE,150.00,152.50,208,F,39782,32.2001
11850,P2,BASE,150.00,154.98,206,F,39844,32.1502
11860,P2,BASE,150.00,157.48,203,F,39907,32.0754
11870,P2,BASE,150.00,152.50,207,F,39968,32.0504
11880,P2,BASE,150.00,152.53,207,F,40029,32.0251
11890,P2,BASE,150.00,147.51,213,F,40088,32.0499
11900,P2,BASE,150.00,147.50,213,F,40147,32.0749
11910,P2,BASE,150.00,152.48,207,F,40208,32.0501
11920,P2,BASE,150.00,155.00,205,F,40270,32.0001
11930,P2,BASE,150.00,159.98,199,F,40334,31.9002
11940,P2,BASE,150.00,144.99,214,F,40392,31.9504
11950,P2,BASE,150.00,137.54,223,F,40447,32.0750
11960,P2,BASE,150.00,155.00,205,F,40509,32.0250
11970,P2,BASE,150.00,149.99,210,F,40569,32.0251
11980,P2,BASE,150.00,152.48,207,F,40630,32.0003
11990,P2,BASE,150.00,152.52,207,F,40691,31.9751
12000,P2,BASE,150.00,149.97,210,F,40751,31.9754
12010,P2,BASE,150.00,152.55,207,F,40812,31.9500
12020,P2,BASE,150.00,147.47,212,F,40871,31.9753
12030,P2,BASE,150.00,150.00,210,F,40931,31.9753
12040,P2,BASE,150.00,149.99,210,F,40991,31.9754
12050,P2,BASE,150.00,152.50,207,F,41052,31.9504
12060,P2,BASE,150.00,155.02,204,F,41114,31.9002
12070,P2,BASE,150.00,150.03,209,F,41174,31.8999
12080,P2,BASE,150.00,147.50,212,F,41233,31.9249
12090,P2,BASE,150.00,147.44,212,F,41292,31.9505
12100,P2,BASE,150.00,145.00,215,F,41350,32.0005
12110,P2,BASE,150.00,150.03,210,F,41410,32.0002
12120,P2,BASE,150.00,145.00,215,F,41468,32.0502
12130,P2,BASE,150.00,147.51,213,F,41527,32.0751
12140,P2,BASE,150.00,150.00,210,F,41587,32.0751
12150,P2,BASE,150.00,147.50,213,F,41646,32.1001
12160,P2,BASE,150.00,155.00,205,F,41708,32.0501
12170,P2,BASE,150.00,147.50,213,F,41767,32.0751
12180,P2,BASE,150.00,147.47,213,F,41826,32.1004
12190,P2,BASE,150.00,145.04,216,F,41884,32.1500
12200,P2,BASE,150.00,144.99,216,F,41942,32.2001
12210,P2,BASE,150.00,150.00,211,F,42002,32.2001
12220,P2,BASE,150.00,150.01,211,F,42062,32.1999
12230,P2,BASE,150.00,150.00,211,F,42122,32.1999
12240,P2,BASE,150.00,152.47,208,F,42183,32.1753
12250,P2,BASE,150.00,155.03,205,F,42245,32.1249
12260,P2,BASE,150.00,157.48,202,F,42308,32.0501
12270,P2,BASE,150.00,152.47,207,F,42369,32.0254
12280,P2,BASE,150.00,150.03,210,F,42429,32.0251
12290,P2,BASE,150.00,147.47,213,F,42488,32.0504
12300,P2,BASE,150.00,150.03,210,F,42548,32.0501
12310,P2,BASE,150.00,149.99,210,F,42608,32.0502
12320,P2,BASE,150.00,155.00,205,F,42670,32.0002
12330,P2,BASE,150.00,162.53,196,F,42735,31.8749
12340,P2,BASE,150.00,145.00,214,F,42793,31.9249
12350,P2,BASE,150.00,137.49,223,F,42848,32.0501
12360,P2,BASE,150.00,152.52,207,F,42909,32.0249
12370,P2,BASE,150.00,152.50,207,F,42970,31.9999
12380,P2,BASE,150.00,152.48,207,F,43031,31.9751
12390,P2,BASE,150.00,152.45,207,F,43092,31.9505
12400,P2,BASE,150.00,150.06,209,F,43152,31.9499
12410,P2,BASE,150.00,149.99,209,F,43212,31.9501
12420,P2,BASE,150.00,150.01,209,F,43272,31.9499
12430,P2,BASE,150.00,149.88,209,F,43332,31.9511
12440,P2,BASE,150.00,147.57,212,F,43391,31.9754
12450,P2,BASE,150.00,152.55,207,F,43452,31.9499
12460,P2,BASE,150.00,152.50,207,F,43513,31.9249
12470,P2,BASE,150.00,149.99,209,F,43573,31.9251
12480,P2,BASE,150.00,149.97,209,F,43633,31.9254
12490,P2,BASE,150.00,145.00,215,F,43691,31.9754
12500,P2,BASE,150.00,147.53,212,F,43750,32.0001
12510,P2,BASE,150.00,147.47,212,F,43809,32.0254
12520,P2,BASE,150.00,145.03,215,F,43867,32.0751
12530,P2,BASE,150.00,150.00,210,F,43927,32.0751
12540,P2,BASE,150.00,147.50,213,F,43986,32.1001
12550,P2,BASE,150.00,147.50,213,F,44045,32.1251
12560,P2,BASE,150.00,152.50,208,F,44106,32.1001
12570,P2,BASE,150.00,150.00,210,F,44166,32.1001
12580,P2,BASE,150.00,147.49,213,F,44225,32.1252
12590,P2,BASE,150.00,145.01,216,F,44283,32.1751
12600,P2,BASE,150.00,145.01,216,F,44341,32.2249
12610,P2,BASE,150.00,147.50,214,F,44400,32.2499
12620,P2,BASE,150.00,149.94,211,F,44460,32.2505
12630,P2,BASE,150.00,152.52,209,F,44521,32.2254
12640,P2,BASE,150.00,152.52,208,F,44582,32.2002
12650,P2,BASE,150.00,154.95,206,F,44644,32.1507
12660,P2,BASE,150.00,155.08,205,F,44706,32.0999
12670,P2,BASE,150.00,152.50,208,F,44767,32.0749
12680,P2,BASE,150.00,152.48,207,F,44828,32.0501
12690,P2,BASE,150.00,147.47,213,F,44887,32.0754
12700,P2,BASE,150.00,149.99,210,F,44947,32.0755
12710,P2,BASE,150.00,150.06,210,F,45007,32.0749
12720,P2,BASE,150.00,152.47,207,F,45068,32.0502
12730,P2,BASE,150.00,162.48,196,F,45133,31.9254
12740,P2,BASE,150.00,150.01,209,F,45193,31.9252
12750,P2,BASE,150.00,137.50,223,F,45248,32.0502
12760,P2,BASE,150.00,147.53,213,F,45307,32.0749
12770,P2,BASE,150.00,152.48,207,F,45368,32.0501
12780,P2,BASE,150.00,155.02,205,F,45430,31.9999
12790,P2,BASE,150.00,150.00,210,F,45490,31.9999
12800,P2,BASE,150.00,152.48,207,F,45551,31.9751
12810,P2,BASE,150.00,150.01,209,F,45611,31.9749
12820,P2,BASE,150.00,149.97,210,F,45671,31.9752
12830,P2,BASE,150.00,150.01,209,F,45731,31.9751
12840,P2,BASE,150.00,147.49,212,F,45790,32.0002
12850,P2,BASE,150.00,152.50,207,F,45851,31.9752
12860,P2,BASE,150.00,155.03,204,F,45913,31.9249
12870,P2,BASE,150.00,147.46,212,F,45972,31.9504
12880,P2,BASE,150.00,150.01,209,F,46032,31.9502
12890,P2,BASE,150.00,147.50,212,F,46091,31.9752
12900,P2,BASE,150.00,145.01,215,F,46149,32.0251
12910,P2,BASE,150.00,147.49,213,F,46208,32.0502
12920,P2,BASE,150.00,147.49,213,F,46267,32.0754
12930,P2,BASE,150.00,147.49,213,F,46326,32.1005
12940,P2,BASE,150.00,147.54,213,F,46385,32.1251
12950,P2,BASE,150.00,149.97,211,F,46445,32.1254
12960,P2,BASE,150.00,152.53,208,F,46506,32.1001
12970,P2,BASE,150.00,147.49,213,F,46565,32.1252
12980,P2,BASE,150.00,149.99,211,F,46625,32.1254
12990,P2,BASE,150.00,145.00,216,F,46683,32.1754
13000,P2,BASE,150.00,145.01,216,F,46741,32.2252
13010,P2,BASE,150.00,147.51,214,F,46800,32.2501
13020,P2,BASE,150.00,150.01,211,F,46860,32.2499
13030,P2,BASE,150.00,149.99,211,F,46920,32.2501
13040,P2,BASE,150.00,152.48,209,F,46981,32.2252
13050,P2,BASE,150.00,155.02,206,F,47043,32.1751
13060,P2,BASE,150.00,157.50,203,F,47106,32.1001
13070,P2,BASE,150.00,152.50,208,F,47167,32.0751
13080,P2,BASE,150.00,152.52,207,F,47228,32.0499
13090,P2,BASE,150.00,147.47,213,F,47287,32.0752
13100,P2,BASE,150.00,149.97,210,F,47347,32.0755
13110,P2,BASE,150.00,150.06,210,F,47407,32.0749
13120,P2,BASE,150.00,154.95,205,F,47469,32.0254
13130,P2,BASE,150.00,164.98,194,F,47535,31.8755
13140,P2,BASE,150.00,142.54,217,F,47592,31.9501
13150,P2,BASE,150.00,137.49,223,F,47647,32.0752
13160,P2,BASE,150.00,152.52,207,F,47708,32.0501
13170,P2,BASE,150.00,154.95,205,F,47770,32.0005
13180,P2,BASE,150.00,152.56,207,F,47831,31.9749
13190,P2,BASE,150.00,149.96,210,F,47891,31.9754
13200,P2,BASE,150.00,152.52,207,F,47952,31.9502
13210,P2,BASE,150.00,149.99,209,F,48012,31.9504
13220,P2,BASE,150.00,150.00,209,F,48072,31.9504
13230,P2,BASE,150.00,150.01,209,F,48132,31.9502
13240,P2,BASE,150.00,147.53,212,F,48191,31.9749
13250,P2,BASE,150.00,152.48,207,F,48252,31.9501
13260,P2,BASE,150.00,155.02,204,F,48314,31.8999
13270,P2,BASE,150.00,147.47,212,F,48373,31.9252
13280,P2,BASE,150.00,150.00,209,F,48433,31.9252
13290,P2,BASE,150.00,147.51,212,F,48492,31.9501
13300,P2,BASE,150.00,144.97,215,F,48550,32.0004
13310,P2,BASE,150.00,147.50,212,F,48609,32.0254
13320,P2,BASE,150.00,147.53,213,F,48668,32.0501
13330,P2,BASE,150.00,147.50,213,F,48727,32.0751
13340,P2,BASE,150.00,147.47,213,F,48786,32.1004
13350,P2,BASE,150.00,147.54,213,F,48845,32.1249
13360,P2,BASE,150.00,155.00,205,F,48907,32.0749
13370,P2,BASE,150.00,147.46,213,F,48966,32.1004
13380,P2,BASE,150.00,150.00,210,F,49026,32.1004
13390,P2,BASE,150.00,142.51,218,F,49083,32.1752
13400,P2,BASE,150.00,145.01,216,F,49141,32.2251
13410,P2,BASE,150.00,149.88,211,F,49201,32.2263
13420,P2,BASE,150.00,147.59,214,F,49260,32.2504
13430,P2,BASE,150.00,152.55,209,F,49321,32.2249
13440,P2,BASE,150.00,152.45,208,F,49382,32.2004
13450,P2,BASE,150.00,155.02,206,F,49444,32.1502
13460,P2,BASE,150.00,157.50,203,F,49507,32.0752
13470,P2,BASE,150.00,152.50,207,F,49568,32.0502
13480,P2,BASE,150.00,149.99,210,F,49628,32.0504
13490,P2,BASE,150.00,149.96,210,F,49688,32.0508
13500,P2,BASE,150.00,147.53,213,F,49747,32.0755
13510,P2,BASE,150.00,152.50,207,F,49808,32.0505
13520,P2,BASE,150.00,152.56,207,F,49869,32.0249
13530,P2,BASE,150.00,162.47,196,F,49934,31.9003
13540,P2,BASE,150.00,147.50,212,F,49993,31.9253
13550,P2,BASE,150.00,137.49,223,F,50048,32.0504
13560,P2,BASE,150.00,150.00,210,F,50108,32.0504
13570,P2,BASE,150.00,152.53,207,F,50169,32.0251
13580,P2,BASE,150.00,155.00,204,F,50231,31.9751
13590,P2,BASE,150.00,150.00,210,F,50291,31.9751
13600,P2,BASE,150.00,152.47,207,F,50352,31.9504
13610,P2,BASE,150.00,150.01,209,F,50412,31.9502
13620,P2,BASE,150.00,147.53,212,F,50471,31.9749
13630,P2,BASE,150.00,149.96,210,F,50531,31.9754
13640,P2,BASE,150.00,150.01,209,F,50591,31.9752
13650,P2,BASE,150.00,152.48,207,F,50652,31.9504
13660,P2,BASE,150.00,155.03,204,F,50714,31.9001
13670,P2,BASE,150.00,149.94,209,F,50774,31.9007
13680,P2,BASE,150.00,147.56,212,F,50833,31.9251
13690,P2,BASE,150.00,147.49,212,F,50892,31.9502
13700,P2,BASE,150.00,144.99,215,F,50950,32.0004
13710,P2,BASE,150.00,150.01,210,F,51010,32.0002
13720,P2,BASE,150.00,144.97,215,F,51068,32.0505
13730,P2,BASE,150.00,147.51,213,F,51127,32.0754
13740,P2,BASE,150.00,147.54,213,F,51186,32.0999
13750,P2,BASE,150.00,149.96,210,F,51246,32.1004
13760,P2,BASE,150.00,154.98,205,F,51308,32.0505
13770,P2,BASE,150.00,147.50,213,F,51367,32.0755
13780,P2,BASE,150.00,147.54,213,F,51426,32.1001
13790,P2,BASE,150.00,144.99,216,F,51484,32.1502
13800,P2,BASE,150.00,145.01,216,F,51542,32.2001
13810,P2,BASE,150.00,149.97,211,F,51602,32.2004
13820,P2,BASE,150.00,150.00,211,F,51662,32.2004
13830,P2,BASE,150.00,150.03,211,F,51722,32.2001
13840,P2,BASE,150.00,152.52,208,F,51783,32.1749
13850,P2,BASE,150.00,155.00,205,F,51845,32.1250
13860,P2,BASE,150.00,157.50,202,F,51908,32.0499
13870,P2,BASE,150.00,152.45,207,F,51969,32.0254
13880,P2,BASE,150.00,152.50,207,F,52030,32.0004
13890,P2,BASE,150.00,147.53,212,F,52089,32.0251
13900,P2,BASE,150.00,147.50,213,F,52148,32.0501
13910,P2,BASE,150.00,152.39,207,F,52209,32.0262
13920,P2,BASE,150.00,155.12,204,F,52271,31.9749
13930,P2,BASE,150.00,160.00,199,F,52335,31.8749
13940,P2,BASE,150.00,144.97,214,F,52393,31.9252
13950,P2,BASE,150.00,137.47,223,F,52448,32.0505
13960,P2,BASE,150.00,152.52,207,F,52509,32.0253
13970,P2,BASE,150.00,150.00,210,F,52569,32.0253
13980,P2,BASE,150.00,155.05,204,F,52631,31.9749
13990,P2,BASE,150.00,149.99,210,F,52691,31.9750
14000,P2,BASE,150.00,149.99,210,F,52751,31.9752
14010,P2,BASE,150.00,152.53,207,F,52812,31.9499
14020,P2,BASE,150.00,147.47,212,F,52871,31.9752
14030,P2,BASE,150.00,150.01,209,F,52931,31.9750
14040,P2,BASE,150.00,149.97,210,F,52991,31.9753
14050,P2,BASE,150.00,152.53,207,F,53052,31.9500
14060,P2,BASE,150.00,152.52,207,F,53113,31.9249
14070,P2,BASE,150.00,150.00,209,F,53173,31.9249
14080,P2,BASE,150.00,150.00,209,F,53233,31.9249
14090,P2,BASE,150.00,147.47,212,F,53292,31.9502
14100,P2,BASE,150.00,144.97,215,F,53350,32.0005
14110,P2,BASE,150.00,147.51,212,F,53409,32.0253
14120,P2,BASE,150.00,147.51,213,F,53468,32.0502
14130,P2,BASE,150.00,147.49,213,F,53527,32.0753
14140,P2,BASE,150.00,147.53,213,F,53586,32.1000
14150,P2,BASE,150.00,149.99,210,F,53646,32.1002
14160,P2,BASE,150.00,152.53,208,F,53707,32.0748
14170,P2,BASE,150.00,147.44,213,F,53766,32.1004
14180,P2,BASE,150.00,147.54,213,F,53825,32.1250
14190,P2,BASE,150.00,147.51,213,F,53884,32.1498
14200,P2,BASE,150.00,142.47,219,F,53941,32.2251
14210,P2,BASE,150.00,149.97,211,F,54001,32.2254
14220,P2,BASE,150.00,150.01,211,F,54061,32.2253
14230,P2,BASE,150.00,150.00,211,F,54121,32.2253
14240,P2,BASE,150.00,152.55,208,F,54182,32.1998
14250,P2,BASE,150.00,155.00,206,F,54244,32.1498
14260,P2,BASE,150.00,157.48,203,F,54307,32.0750
14270,P2,BASE,150.00,152.52,207,F,54368,32.0498
14280,P2,BASE,150.00,152.47,207,F,54429,32.0251
14290,P2,BASE,150.00,147.49,213,F,54488,32.0503
14300,P2,BASE,150.00,150.01,210,F,54548,32.0501
14310,P2,BASE,150.00,150.01,210,F,54608,32.0500
14320,P2,BASE,150.00,160.02,199,F,54672,31.9498
14330,P2,BASE,150.00,157.44,201,F,54735,31.8755
14340,P2,BASE,150.00,142.53,217,F,54792,31.9502
14350,P2,BASE,150.00,140.00,220,F,54848,32.0502
14360,P2,BASE,150.00,152.47,207,F,54909,32.0255
14370,P2,BASE,150.00,152.45,207,F,54970,32.0009
14380,P2,BASE,150.00,152.55,207,F,55031,31.9755
14390,P2,BASE,150.00,150.00,210,F,55091,31.9755
14400,P2,BASE,150.00,150.06,209,F,55151,31.9749
14410,P2,BASE,150.00,152.48,207,F,55212,31.9500
14420,P2,BASE,150.00,147.46,212,F,55271,31.9755
14430,P2,BASE,150.00,150.03,209,F,55331,31.9752
14440,P2,BASE,150.00,150.03,209,F,55391,31.9749
14450,P2,BASE,150.00,152.47,207,F,55452,31.9502
14460,P2,BASE,150.00,154.95,204,F,55514,31.9006
14470,P2,BASE,150.00,147.54,212,F,55573,31.9252
14480,P2,BASE,150.00,149.97,209,F,55633,31.9255
14490,P2,BASE,150.00,147.54,212,F,55692,31.9500
14500,P2,BASE,150.00,144.96,215,F,55750,32.0005
14510,P2,BASE,150.00,150.03,210,F,55810,32.0002
14520,P2,BASE,150.00,145.03,215,F,55868,32.0499
14530,P2,BASE,150.00,147.46,213,F,55927,32.0753
14540,P2,BASE,150.00,150.01,210,F,55987,32.0752
14550,P2,BASE,150.00,147.47,213,F,56046,32.1005
14560,P2,BASE,150.00,155.06,205,F,56108,32.0499
14570,P2,BASE,150.00,147.44,213,F,56167,32.0754
14580,P2,BASE,150.00,150.01,210,F,56227,32.0753
14590,P2,BASE,150.00,145.03,216,F,56285,32.1250
14600,P2,BASE,150.00,144.96,216,F,56343,32.1754
14610,P2,BASE,150.00,147.51,214,F,56402,32.2003
14620,P2,BASE,150.00,150.03,211,F,56462,32.2000
14630,P2,BASE,150.00,152.50,208,F,56523,32.1750
14640,P2,BASE,150.00,152.48,208,F,56584,32.1501
14650,P2,BASE,150.00,155.00,205,F,56646,32.1001
14660,P2,BASE,150.00,157.42,202,F,56709,32.0259
14670,P2,BASE,150.00,152.48,207,F,56770,32.0011
14680,P2,BASE,150.00,150.11,210,F,56830,32.0000
14690,P2,BASE,150.00,147.47,212,F,56889,32.0253
14700,P2,BASE,150.00,150.00,210,F,56949,32.0253
14710,P2,BASE,150.00,152.50,207,F,57010,32.0003
14720,P2,BASE,150.00,157.41,202,F,57073,31.9263
14730,P2,BASE,150.00,157.61,201,F,57136,31.8502
14740,P2,BASE,150.00,144.97,214,F,57194,31.9005
14750,P2,BASE,150.00,140.01,220,F,57250,32.0003
14760,P2,BASE,150.00,150.00,210,F,57310,32.0003
14770,P2,BASE,150.00,152.55,207,F,57371,31.9749
14780,P2,BASE,150.00,152.50,207,F,57432,31.9499
14790,P2,BASE,150.00,152.36,207,F,57493,31.9262
14800,P2,BASE,150.00,150.11,209,F,57553,31.9252
14810,P2,BASE,150.00,152.50,206,F,57614,31.9002
14820,P2,BASE,150.00,147.47,212,F,57673,31.9255
14830,P2,BASE,150.00,150.01,209,F,57733,31.9253
14840,P2,BASE,150.00,150.01,209,F,57793,31.9252
14850,P2,BASE,150.00,152.47,206,F,57854,31.9005
14860,P2,BASE,150.00,152.52,206,F,57915,31.8753
14870,P2,BASE,150.00,150.01,209,F,57975,31.8752
14880,P2,BASE,150.00,150.01,209,F,58035,31.8750
14890,P2,BASE,150.00,145.00,214,F,58093,31.9250
14900,P2,BASE,150.00,145.00,215,F,58151,31.9750
14910,P2,BASE,150.00,149.97,210,F,58211,31.9753
14920,P2,BASE,150.00,145.00,215,F,58269,32.0253
14930,P2,BASE,150.00,150.05,210,F,58329,32.0249
14940,P2,BASE,150.00,147.46,213,F,58388,32.0503
14950,P2,BASE,150.00,147.54,213,F,58447,32.0749
14960,P2,BASE,150.00,155.00,205,F,58509,32.0249
14970,P2,BASE,150.00,147.50,213,F,58568,32.0499
14980,P2,BASE,150.00,147.46,213,F,58627,32.0753
14990,P2,BASE,150.00,145.00,216,F,58685,32.1253
15000,P2,BASE,150.00,147.50,213,F,58744,32.1503
15010,P2,BASE,149.85,147.54,213,F,58803,32.1734
15020,P2,BASE,149.70,147.46,213,F,58862,32.1958
15030,P2,BASE,149.55,152.53,208,F,58923,32.1660
15040,P2,BASE,149.40,154.97,205,F,58985,32.1103
15050,P2,BASE,149.25,152.53,207,F,59046,32.0775
15060,P2,BASE,149.10,157.50,201,F,59109,31.9935
15070,P2,BASE,148.95,150.00,208,F,59169,31.9830
15080,P2,BASE,148.80,152.52,206,F,59230,31.9459
15090,P2,BASE,148.65,147.50,211,F,59289,31.9574
15100,P2,BASE,148.50,147.46,211,F,59348,31.9678
15110,P2,BASE,148.35,150.00,208,F,59408,31.9513
15120,P2,BASE,148.20,152.53,205,F,59469,31.9080
15130,P2,BASE,148.05,162.52,193,F,59534,31.7633
15140,P2,BASE,147.90,142.44,214,F,59591,31.8179
15150,P2,BASE,147.75,137.56,220,F,59646,31.9199
15160,P2,BASE,147.60,152.47,204,F,59707,31.8712
15170,P2,BASE,147.45,150.00,206,F,59767,31.8457
15180,P2,BASE,147.30,152.50,203,F,59828,31.7937
15190,P2,BASE,147.15,150.03,205,F,59888,31.7649
15200,P2,BASE,147.00,147.46,208,F,59947,31.7603
15210,P2,BASE,146.85,150.05,205,F,60007,31.7284
15220,P2,BASE,146.70,147.47,207,F,60066,31.7207
15230,P2,BASE,146.55,147.51,207,F,60125,31.7110
15240,P2,BASE,146.40,144.96,209,F,60183,31.7254
15250,P2,BASE,146.25,150.06,204,F,60243,31.6873
15260,P2,BASE,146.10,149.99,203,F,60303,31.6485
15270,P2,BASE,145.95,147.47,206,F,60362,31.6333
15280,P2,BASE,145.80,147.54,205,F,60421,31.6158
15290,P2,BASE,145.65,142.47,211,F,60478,31.6476
15300,P2,BASE,145.50,142.51,211,F,60535,31.6775
15310,P2,BASE,145.35,145.01,208,F,60593,31.6808
15320,P2,BASE,145.20,142.50,210,F,60650,31.7078
15330,P2,BASE,145.05,144.99,208,F,60708,31.7085
15340,P2,BASE,144.90,142.47,210,F,60765,31.7328
15350,P2,BASE,144.75,142.49,210,F,60822,31.7554
15360,P2,BASE,144.60,147.54,205,F,60881,31.7260
15370,P2,BASE,144.45,147.49,205,F,60940,31.6956
15380,P2,BASE,144.30,142.49,210,F,60997,31.7138
15390,P2,BASE,144.15,142.53,210,F,61054,31.7300
15400,P2,BASE,144.00,139.96,212,F,61110,31.7704
15410,P2,BASE,143.85,140.04,212,F,61166,31.8085
15420,P2,BASE,143.70,145.01,207,F,61224,31.7953
15430,P2,BASE,143.55,144.94,207,F,61282,31.7814
15440,P2,BASE,143.40,145.01,206,F,61340,31.7653
15450,P2,BASE,143.25,150.05,201,F,61400,31.6973
15460,P2,BASE,143.10,147.46,203,F,61459,31.6538
15470,P2,BASE,142.95,150.01,200,F,61519,31.5831
15480,P2,BASE,142.80,147.47,202,F,61578,31.5364
15490,P2,BASE,142.65,142.53,207,F,61635,31.5376
15500,P2,BASE,142.50,142.51,207,F,61692,31.5375
15510,P2,BASE,142.35,142.49,206,F,61749,31.5361
15520,P2,BASE,142.20,145.01,204,F,61807,31.5080
15530,P2,BASE,142.05,147.47,201,F,61866,31.4538
15540,P2,BASE,141.90,155.03,192,F,61928,31.3225
15550,P2,BASE,141.75,139.96,207,F,61984,31.3404
15560,P2,BASE,141.60,130.05,218,F,62036,31.4559
15570,P2,BASE,141.45,144.99,202,F,62094,31.4205
15580,P2,BASE,141.30,144.99,202,F,62152,31.3836
15590,P2,BASE,141.15,144.97,201,F,62210,31.3454
15600,P2,BASE,141.00,142.51,204,F,62267,31.3303
15610,P2,BASE,140.85,145.04,201,F,62325,31.2884
15620,P2,BASE,140.70,142.46,203,F,62382,31.2708
15630,P2,BASE,140.55,142.50,203,F,62439,31.2513
15640,P2,BASE,140.40,140.00,205,F,62495,31.2553
15650,P2,BASE,140.25,139.99,205,F,62551,31.2579
15660,P2,BASE,140.10,142.56,202,F,62608,31.2334
15670,P2,BASE,139.95,142.49,202,F,62665,31.2080
15680,P2,BASE,139.80,142.50,202,F,62722,31.1810
15690,P2,BASE,139.65,139.99,204,F,62778,31.1776
15700,P2,BASE,139.50,140.00,204,F,62834,31.1726
15710,P2,BASE,139.35,137.49,206,F,62889,31.1913
15720,P2,BASE,139.20,135.04,209,F,62943,31.2329
15730,P2,BASE,139.05,139.97,204,F,62999,31.2236
15740,P2,BASE,138.90,137.49,206,F,63054,31.2378
15750,P2,BASE,138.75,137.49,206,F,63109,31.2504
15760,P2,BASE,138.60,137.51,206,F,63164,31.2613
15770,P2,BASE,138.45,137.51,206,F,63219,31.2707
15780,P2,BASE,138.30,139.97,203,F,63275,31.2539
15790,P2,BASE,138.15,142.54,200,F,63332,31.2100
15800,P2,BASE,138.00,137.51,205,F,63387,31.2149
15810,P2,BASE,137.85,134.99,208,F,63441,31.2435
15820,P2,BASE,137.70,135.01,208,F,63495,31.2704
15830,P2,BASE,137.55,132.46,210,F,63548,31.3213
15840,P2,BASE,137.40,137.54,205,F,63603,31.3198
15850,P2,BASE,137.25,137.46,205,F,63658,31.3178
15860,P2,BASE,137.10,140.01,202,F,63714,31.2886
15870,P2,BASE,136.95,142.44,199,F,63771,31.2337
15880,P2,BASE,136.80,140.08,201,F,63827,31.2009
15890,P2,BASE,136.65,144.97,195,F,63885,31.1176
15900,P2,BASE,136.50,140.01,200,F,63941,31.0825
15910,P2,BASE,136.35,139.97,200,F,63997,31.0463
15920,P2,BASE,136.20,137.51,202,F,64052,31.0331
15930,P2,BASE,136.05,135.01,204,F,64106,31.0435
15940,P2,BASE,135.90,135.00,204,F,64160,31.0525
15950,P2,BASE,135.75,140.01,199,F,64216,31.0099
15960,P2,BASE,135.60,140.00,198,F,64272,30.9659
15970,P2,BASE,135.45,147.46,190,F,64331,30.8458
15980,P2,BASE,135.30,135.03,202,F,64385,30.8485
15990,P2,BASE,135.15,124.99,213,F,64435,30.9502
16000,P2,BASE,135.00,135.01,203,F,64489,30.9500
16010,P2,BASE,134.85,140.00,197,F,64545,30.8985
16020,P2,BASE,134.70,140.00,197,F,64601,30.8455
16030,P2,BASE,134.55,134.97,202,F,64655,30.8413
16040,P2,BASE,134.40,137.50,199,F,64710,30.8103
16050,P2,BASE,134.25,135.01,201,F,64764,30.8027
16060,P2,BASE,134.10,137.51,198,F,64819,30.7685
16070,P2,BASE,133.95,132.46,203,F,64872,30.7834
16080,P2,BASE,133.80,135.03,200,F,64926,30.7712
16090,P2,BASE,133.65,135.01,200,F,64980,30.7575
16100,P2,BASE,133.50,137.47,197,F,65035,30.7178
16110,P2,BASE,133.35,137.49,197,F,65090,30.6764
16120,P2,BASE,133.20,135.03,199,F,65144,30.6582
16130,P2,BASE,133.05,135.00,199,F,65198,30.6387
16140,P2,BASE,132.90,130.01,204,F,65250,30.6675
16150,P2,BASE,132.75,130.01,204,F,65302,30.6949
16160,P2,BASE,132.60,129.97,204,F,65354,30.7212
16170,P2,BASE,132.45,132.53,201,F,65407,30.7204
16180,P2,BASE,132.30,129.97,204,F,65459,30.7437
16190,P2,BASE,132.15,132.53,201,F,65512,30.7399
16200,P2,BASE,132.00,132.46,201,F,65565,30.7353
16210,P2,BASE,131.85,132.49,201,F,65618,30.7289
16220,P2,BASE,131.70,132.55,200,F,65671,30.7204
16230,P2,BASE,131.55,134.96,198,F,65725,30.6863
16240,P2,BASE,131.40,130.01,203,F,65777,30.7002
16250,P2,BASE,131.25,130.00,202,F,65829,30.7127
16260,P2,BASE,131.10,127.53,205,F,65880,30.7484
16270,P2,BASE,130.95,127.50,205,F,65931,30.7829
16280,P2,BASE,130.80,129.99,203,F,65983,30.7910
16290,P2,BASE,130.65,132.47,200,F,66036,30.7728
16300,P2,BASE,130.50,132.53,199,F,66089,30.7525
16310,P2,BASE,130.35,132.49,199,F,66142,30.7312
16320,P2,BASE,130.20,135.01,196,F,66196,30.6830
16330,P2,BASE,130.05,134.97,196,F,66250,30.6338
16340,P2,BASE,129.90,135.00,195,F,66304,30.5828
16350,P2,BASE,129.75,132.51,197,F,66357,30.5552
16360,P2,BASE,129.60,134.99,194,F,66411,30.5013
16370,P2,BASE,129.45,127.53,202,F,66462,30.5206
16380,P2,BASE,129.30,130.01,199,F,66514,30.5134
16390,P2,BASE,129.15,127.50,202,F,66565,30.5299
16400,P2,BASE,129.00,132.46,196,F,66618,30.4953
16410,P2,BASE,128.85,132.51,196,F,66671,30.4587
16420,P2,BASE,128.70,142.53,185,F,66728,30.3204
16430,P2,BASE,128.55,127.46,200,F,66779,30.3313
16440,P2,BASE,128.40,120.01,208,F,66827,30.4152
16450,P2,BASE,128.25,130.03,197,F,66879,30.3974
16460,P2,BASE,128.10,129.95,197,F,66931,30.3789
16470,P2,BASE,127.95,132.51,194,F,66984,30.3333
16480,P2,BASE,127.80,130.00,196,F,67036,30.3113
16490,P2,BASE,127.65,130.04,196,F,67088,30.2874
16500,P2,BASE,127.50,129.97,196,F,67140,30.2627
16510,P2,BASE,127.35,130.03,195,F,67192,30.2359
16520,P2,BASE,127.20,127.46,198,F,67243,30.2333
16530,P2,BASE,127.05,127.49,198,F,67294,30.2289
16540,P2,BASE,126.90,125.03,200,F,67344,30.2477
16550,P2,BASE,126.75,129.99,195,F,67396,30.2153
16560,P2,BASE,126.60,127.53,197,F,67447,30.2060
16570,P2,BASE,126.45,130.01,194,F,67499,30.1704
16580,P2,BASE,126.30,129.97,194,F,67551,30.1337
16590,P2,BASE,126.15,127.47,196,F,67602,30.1204
16600,P2,BASE,126.00,122.54,201,F,67651,30.1551
16610,P2,BASE,125.85,122.51,201,F,67700,30.1884
16620,P2,BASE,125.70,124.99,199,F,67750,30.1956
16630,P2,BASE,125.55,124.99,198,F,67800,30.2012
16640,P2,BASE,125.40,125.00,198,F,67850,30.2052
16650,P2,BASE,125.25,122.50,201,F,67899,30.2327
16660,P2,BASE,125.10,125.03,198,F,67949,30.2334
16670,P2,BASE,124.95,124.99,198,F,67999,30.2331
16680,P2,BASE,124.80,125.00,198,F,68049,30.2311
16690,P2,BASE,124.65,127.49,195,F,68100,30.2027
16700,P2,BASE,124.50,127.49,195,F,68151,30.1728
16710,P2,BASE,124.35,125.03,197,F,68201,30.1661
16720,P2,BASE,124.20,119.98,202,F,68249,30.2083
16730,P2,BASE,124.05,122.54,200,F,68298,30.2234
16740,P2,BASE,123.90,120.00,202,F,68346,30.2624
16750,P2,BASE,123.75,122.49,200,F,68395,30.2751
16760,P2,BASE,123.60,124.99,197,F,68445,30.2612
16770,P2,BASE,123.45,127.51,194,F,68496,30.2206
16780,P2,BASE,123.30,125.01,196,F,68546,30.2034
16790,P2,BASE,123.15,127.47,193,F,68597,30.1602
16800,P2,BASE,123.00,127.49,193,F,68648,30.1153
16810,P2,BASE,122.85,130.00,190,F,68700,30.0438
16820,P2,BASE,122.70,125.00,194,F,68750,30.0208
16830,P2,BASE,122.55,125.03,194,F,68800,29.9961
16840,P2,BASE,122.40,122.46,196,F,68849,29.9954
16850,P2,BASE,122.25,120.01,199,F,68897,30.0178
16860,P2,BASE,122.10,122.50,196,F,68946,30.0138
16870,P2,BASE,121.95,125.04,193,F,68996,29.9829
16880,P2,BASE,121.80,124.96,193,F,69046,29.9513
16890,P2,BASE,121.65,127.53,190,F,69097,29.8926
16900,P2,BASE,121.50,129.96,187,F,69149,29.8079
16910,P2,BASE,121.35,117.51,199,F,69196,29.8463
16920,P2,BASE,121.20,110.03,208,F,69240,29.9580
16930,P2,BASE,121.05,127.50,189,F,69291,29.8935
16940,P2,BASE,120.90,122.50,194,F,69340,29.8775
16950,P2,BASE,120.75,125.00,191,F,69390,29.8350
16960,P2,BASE,120.60,122.50,193,F,69439,29.8160
16970,P2,BASE,120.45,125.00,190,F,69489,29.7705
16980,P2,BASE,120.30,122.46,193,F,69538,29.7489
16990,P2,BASE,120.15,122.50,192,F,69587,29.7254
17000,P2,BASE,120.00,120.00,195,F,69635,29.7254
17010,P2,BASE,119.85,117.51,197,F,69682,29.7487
17020,P2,BASE,119.70,120.02,195,F,69730,29.7455
17030,P2,BASE,119.55,122.46,192,F,69779,29.7164
17040,P2,BASE,119.40,122.52,191,F,69828,29.6851
17050,P2,BASE,119.25,119.98,194,F,69876,29.6779
17060,P2,BASE,119.10,122.54,191,F,69925,29.6435
17070,P2,BASE,118.95,117.48,196,F,69972,29.6582
17080,P2,BASE,118.80,122.49,190,F,70021,29.6214
17090,P2,BASE,118.65,115.03,198,F,70067,29.6575
17100,P2,BASE,118.50,117.46,195,F,70114,29.6679
17110,P2,BASE,118.35,115.01,198,F,70160,29.7012
17120,P2,BASE,118.20,117.51,195,F,70207,29.7081
17130,P2,BASE,118.05,117.50,195,F,70254,29.7136
17140,P2,BASE,117.90,117.51,195,F,70301,29.7175
17150,P2,BASE,117.75,117.49,195,F,70348,29.7201
17160,P2,BASE,117.60,117.44,195,F,70395,29.7217
17170,P2,BASE,117.45,117.52,195,F,70442,29.7210
17180,P2,BASE,117.30,120.02,192,F,70490,29.6937
17190,P2,BASE,117.15,119.99,191,F,70538,29.6654
17200,P2,BASE,117.00,117.50,194,F,70585,29.6604
17210,P2,BASE,116.85,115.02,196,F,70631,29.6786
17220,P2,BASE,116.70,112.51,199,F,70676,29.7205
17230,P2,BASE,116.55,115.00,196,F,70722,29.7360
17240,P2,BASE,116.40,115.00,196,F,70768,29.7500
17250,P2,BASE,116.25,117.48,194,F,70815,29.7378
17260,P2,BASE,116.10,117.51,193,F,70862,29.7236
17270,P2,BASE,115.95,117.51,193,F,70909,29.7080
17280,P2,BASE,115.80,117.50,193,F,70956,29.6910
17290,P2,BASE,115.65,119.99,190,F,71004,29.6476
17300,P2,BASE,115.50,119.98,189,F,71052,29.6029
17310,P2,BASE,115.35,122.54,186,F,71101,29.5310
17320,P2,BASE,115.20,117.48,191,F,71148,29.5082
17330,P2,BASE,115.05,117.52,191,F,71195,29.4835
17340,P2,BASE,114.90,114.97,193,F,71241,29.4829
17350,P2,BASE,114.75,115.00,193,F,71287,29.4804
17360,P2,BASE,114.60,115.01,193,F,71333,29.4762
17370,P2,BASE,114.45,115.01,192,F,71379,29.4706
17380,P2,BASE,114.30,117.50,190,F,71426,29.4386
17390,P2,BASE,114.15,117.48,189,F,71473,29.4054
17400,P2,BASE,114.00,127.53,178,F,71524,29.2701
17410,P2,BASE,113.85,112.48,193,F,71569,29.2838
17420,P2,BASE,113.70,107.45,199,F,71612,29.3464
17430,P2,BASE,113.55,110.08,196,F,71656,29.3811
17440,P2,BASE,113.40,119.98,185,F,71704,29.3153
17450,P2,BASE,113.25,117.50,187,F,71751,29.2728
17460,P2,BASE,113.10,117.52,187,F,71798,29.2286
17470,P2,BASE,112.95,115.00,189,F,71844,29.2081
17480,P2,BASE,112.80,115.00,189,F,71890,29.1861
17490,P2,BASE,112.65,117.49,186,F,71937,29.1377
17500,P2,BASE,112.50,115.02,188,F,71983,29.1125
17510,P2,BASE,112.35,112.48,191,F,72028,29.1112
17520,P2,BASE,112.20,112.52,190,F,72073,29.1080
17530,P2,BASE,112.05,112.47,190,F,72118,29.1038
17540,P2,BASE,111.90,112.49,190,F,72163,29.0979
17550,P2,BASE,111.75,112.52,190,F,72208,29.0902
17560,P2,BASE,111.60,112.50,190,F,72253,29.0812
17570,P2,BASE,111.45,115.00,187,F,72299,29.0457
17580,P2,BASE,111.30,114.98,186,F,72345,29.0090
17590,P2,BASE,111.15,110.03,191,F,72389,29.0201
17600,P2,BASE,111.00,109.98,191,F,72433,29.0303
17610,P2,BASE,110.85,110.00,191,F,72477,29.0388
17620,P2,BASE,110.70,110.02,191,F,72521,29.0456
17630,P2,BASE,110.55,107.49,194,F,72564,29.0762
17640,P2,BASE,110.40,110.02,191,F,72608,29.0800
17650,P2,BASE,110.25,109.98,191,F,72652,29.0827
17660,P2,BASE,110.10,110.00,191,F,72696,29.0837
17670,P2,BASE,109.95,107.51,193,F,72739,29.1081
17680,P2,BASE,109.80,109.98,190,F,72783,29.1063
17690,P2,BASE,109.65,109.99,190,F,72827,29.1030
17700,P2,BASE,109.50,112.55,187,F,72872,29.0725
17710,P2,BASE,109.35,112.48,187,F,72917,29.0412
17720,P2,BASE,109.20,107.49,192,F,72960,29.0583
17730,P2,BASE,109.05,112.51,187,F,73005,29.0237
17740,P2,BASE,108.90,104.99,194,F,73047,29.0628
17750,P2,BASE,108.75,107.50,192,F,73090,29.0753
17760,P2,BASE,108.60,105.03,194,F,73132,29.1110
17770,P2,BASE,108.45,110.00,189,F,73176,29.0955
17780,P2,BASE,108.30,109.96,189,F,73220,29.0790
17790,P2,BASE,108.15,107.53,191,F,73263,29.0851
17800,P2,BASE,108.00,109.99,188,F,73307,29.0652
17810,P2,BASE,107.85,110.02,188,F,73351,29.0435
17820,P2,BASE,107.70,112.50,185,F,73396,28.9955
17830,P2,BASE,107.55,109.98,187,F,73440,28.9712
17840,P2,BASE,107.40,112.48,184,F,73485,28.9205
17850,P2,BASE,107.25,112.55,184,F,73530,28.8675
17860,P2,BASE,107.10,107.48,189,F,73573,28.8637
17870,P2,BASE,106.95,110.02,186,F,73617,28.8330
17880,P2,BASE,106.80,104.99,191,F,73659,28.8511
17890,P2,BASE,106.65,107.51,188,F,73702,28.8425
17900,P2,BASE,106.50,107.49,188,F,73745,28.8326
17910,P2,BASE,106.35,107.49,188,F,73788,28.8212
17920,P2,BASE,106.20,107.50,187,F,73831,28.8082
17930,P2,BASE,106.05,110.00,184,F,73875,28.7687
17940,P2,BASE,105.90,122.50,170,F,73924,28.6027
17950,P2,BASE,105.75,104.98,188,F,73966,28.6104
17960,P2,BASE,105.60,100.02,193,F,74006,28.6662
17970,P2,BASE,105.45,100.01,194,F,74046,28.7206
17980,P2,BASE,105.30,112.48,180,F,74091,28.6489
17990,P2,BASE,105.15,107.51,185,F,74134,28.6252
18000,P2,BASE,105.00,110.02,182,F,74178,28.5750
18010,P2,BASE,104.85,110.00,182,F,74222,28.5235
18020,P2,BASE,104.70,107.47,184,F,74265,28.4958
18030,P2,BASE,104.55,107.53,183,F,74308,28.4660
18040,P2,BASE,104.40,107.49,183,F,74351,28.4351
18050,P2,BASE,104.25,107.49,183,F,74394,28.4027
18060,P2,BASE,104.10,105.00,185,F,74436,28.3937
18070,P2,BASE,103.95,105.00,185,F,74478,28.3832
18080,P2,BASE,103.80,105.01,185,F,74520,28.3711
18090,P2,BASE,103.65,102.48,187,F,74561,28.3828
18100,P2,BASE,103.50,105.03,184,F,74603,28.3675
18110,P2,BASE,103.35,105.00,184,F,74645,28.3510
18120,P2,BASE,103.20,107.46,181,F,74688,28.3085
18130,P2,BASE,103.05,105.04,183,F,74730,28.2885
18140,P2,BASE,102.90,102.47,186,F,74771,28.2928
18150,P2,BASE,102.75,105.03,183,F,74813,28.2700
18160,P2,BASE,102.60,100.00,188,F,74853,28.2960
18170,P2,BASE,102.45,100.00,188,F,74893,28.3205
18180,P2,BASE,102.30,99.96,188,F,74933,28.3439
18190,P2,BASE,102.15,100.03,188,F,74973,28.3651
18200,P2,BASE,102.00,102.51,185,F,75014,28.3600
18210,P2,BASE,101.85,99.98,188,F,75054,28.3787
18220,P2,BASE,101.70,102.52,185,F,75095,28.3705
18230,P2,BASE,101.55,99.99,188,F,75135,28.3861
18240,P2,BASE,101.40,99.97,187,F,75175,28.4004
18250,P2,BASE,101.25,102.54,185,F,75216,28.3875
18260,P2,BASE,101.10,102.49,184,F,75257,28.3736
18270,P2,BASE,100.95,105.01,181,F,75299,28.3330
18280,P2,BASE,100.80,102.48,184,F,75340,28.3162
18290,P2,BASE,100.65,100.00,186,F,75380,28.3227
18300,P2,BASE,100.50,100.01,186,F,75420,28.3276
18310,P2,BASE,100.35,97.51,189,F,75459,28.3560
18320,P2,BASE,100.20,97.47,189,F,75498,28.3833
18330,P2,BASE,100.05,97.51,189,F,75537,28.4087
18340,P2,BASE,99.90,99.99,186,F,75577,28.4078
18350,P2,BASE,99.75,100.03,186,F,75617,28.4050
18360,P2,BASE,99.60,100.00,186,F,75657,28.4010
18370,P2,BASE,99.45,102.48,183,F,75698,28.3707
18380,P2,BASE,99.30,99.98,185,F,75738,28.3639
18390,P2,BASE,99.15,102.54,182,F,75779,28.3300
18400,P2,BASE,99.00,102.49,182,F,75820,28.2951
18410,P2,BASE,98.85,104.98,179,F,75862,28.2338
18420,P2,BASE,98.70,102.52,181,F,75903,28.1956
18430,P2,BASE,98.55,100.01,183,F,75943,28.1810
18440,P2,BASE,98.40,99.97,183,F,75983,28.1653
18450,P2,BASE,98.25,100.00,183,F,76023,28.1478
18460,P2,BASE,98.10,97.51,185,F,76062,28.1537
18470,P2,BASE,97.95,99.99,182,F,76102,28.1333
18480,P2,BASE,97.80,97.50,185,F,76141,28.1363
18490,P2,BASE,97.65,100.01,182,F,76181,28.1127
18500,P2,BASE,97.50,97.49,184,F,76220,28.1128
18510,P2,BASE,97.35,100.02,181,F,76260,28.0861
18520,P2,BASE,97.20,112.44,167,F,76305,27.9337
18530,P2,BASE,97.05,100.04,180,F,76345,27.9038
18540,P2,BASE,96.90,95.00,185,F,76383,27.9228
18550,P2,BASE,96.75,90.00,190,F,76419,27.9903
18560,P2,BASE,96.60,97.52,182,F,76458,27.9811
18570,P2,BASE,96.45,102.48,177,F,76499,27.9208
18580,P2,BASE,96.30,99.99,179,F,76539,27.8839
18590,P2,BASE,96.15,100.03,178,F,76579,27.8451
18600,P2,BASE,96.00,99.99,178,F,76619,27.8052
18610,P2,BASE,95.85,99.98,178,F,76659,27.7639
18620,P2,BASE,95.70,100.01,177,F,76699,27.7208
18630,P2,BASE,95.55,97.49,179,F,76738,27.7014
18640,P2,BASE,95.40,100.01,176,F,76778,27.6553
18650,P2,BASE,95.25,97.49,179,F,76817,27.6329
18660,P2,BASE,95.10,95.03,181,F,76855,27.6336
18670,P2,BASE,94.95,97.47,178,F,76894,27.6084
18680,P2,BASE,94.80,95.03,181,F,76932,27.6061
18690,P2,BASE,94.65,97.50,178,F,76971,27.5776
18700,P2,BASE,94.50,97.50,177,F,77010,27.5476
18710,P2,BASE,94.35,94.97,180,F,77048,27.5414
18720,P2,BASE,94.20,97.50,177,F,77087,27.5084
18730,P2,BASE,94.05,97.53,176,F,77126,27.4736
18740,P2,BASE,93.90,92.49,181,F,77163,27.4877
18750,P2,BASE,93.75,97.48,176,F,77202,27.4504
18760,P2,BASE,93.60,92.51,181,F,77239,27.4613
18770,P2,BASE,93.45,90.00,184,F,77275,27.4958
18780,P2,BASE,93.30,94.96,178,F,77313,27.4792
18790,P2,BASE,93.15,90.04,183,F,77349,27.5103
18800,P2,BASE,93.00,92.50,181,F,77386,27.5153
18810,P2,BASE,92.85,92.49,181,F,77423,27.5189
18820,P2,BASE,92.70,90.02,183,F,77459,27.5457
18830,P2,BASE,92.55,92.48,180,F,77496,27.5464
18840,P2,BASE,92.40,92.51,180,F,77533,27.5453
18850,P2,BASE,92.25,90.02,183,F,77569,27.5676
18860,P2,BASE,92.10,92.50,180,F,77606,27.5636
18870,P2,BASE,91.95,92.46,180,F,77643,27.5585
18880,P2,BASE,91.80,95.00,177,F,77681,27.5265
18890,P2,BASE,91.65,92.51,179,F,77718,27.5179
18900,P2,BASE,91.50,90.03,182,F,77754,27.5326
18910,P2,BASE,91.35,94.98,176,F,77792,27.4963
18920,P2,BASE,91.20,89.98,181,F,77828,27.5085
18930,P2,BASE,91.05,87.53,184,F,77863,27.5437
18940,P2,BASE,90.90,89.98,181,F,77899,27.5529
18950,P2,BASE,90.75,87.50,184,F,77934,27.5854
18960,P2,BASE,90.60,90.02,181,F,77970,27.5912
18970,P2,BASE,90.45,89.98,181,F,78006,27.5959
18980,P2,BASE,90.30,90.03,181,F,78042,27.5986
18990,P2,BASE,90.15,92.50,178,F,78079,27.5751
19000,P2,BASE,90.00,89.97,181,F,78115,27.5754
19010,P2,BASE,89.85,92.52,178,F,78152,27.5487
19020,P2,BASE,89.70,90.00,180,F,78188,27.5457
19030,P2,BASE,89.55,92.50,177,F,78225,27.5162
19040,P2,BASE,89.40,92.48,177,F,78262,27.4854
19050,P2,BASE,89.25,92.51,176,F,78299,27.4528
19060,P2,BASE,89.10,92.50,176,F,78336,27.4188
19070,P2,BASE,88.95,89.99,178,F,78372,27.4084
19080,P2,BASE,88.80,90.03,178,F,78408,27.3961
19090,P2,BASE,88.65,87.49,181,F,78443,27.4077
19100,P2,BASE,88.50,87.51,181,F,78478,27.4176
19110,P2,BASE,88.35,89.99,178,F,78514,27.4012
19120,P2,BASE,88.20,89.99,178,F,78550,27.3833
19130,P2,BASE,88.05,87.48,180,F,78585,27.3890
19140,P2,BASE,87.90,92.54,174,F,78622,27.3426
19150,P2,BASE,87.75,85.00,182,F,78656,27.3701
19160,P2,BASE,87.60,100.00,166,F,78696,27.2461
19170,P2,BASE,87.45,99.99,165,F,78736,27.1207
19180,P2,BASE,87.30,87.48,177,F,78771,27.1189
19190,P2,BASE,87.15,85.00,180,F,78805,27.1404
19200,P2,BASE,87.00,80.00,185,F,78837,27.2104
19210,P2,BASE,86.85,90.00,175,F,78873,27.1789
19220,P2,BASE,86.70,92.50,172,F,78910,27.1209
19230,P2,BASE,86.55,92.51,171,F,78947,27.0613
19240,P2,BASE,86.40,90.02,173,F,78983,27.0251
19250,P2,BASE,86.25,92.49,170,F,79020,26.9627
19260,P2,BASE,86.10,89.99,172,F,79056,26.9238
19270,P2,BASE,85.95,89.99,172,F,79092,26.8834
19280,P2,BASE,85.80,90.01,172,F,79128,26.8413
19290,P2,BASE,85.65,90.01,171,F,79164,26.7977
19300,P2,BASE,85.50,90.00,171,F,79200,26.7527
19310,P2,BASE,85.35,90.01,170,F,79236,26.7061
19320,P2,BASE,85.20,87.49,172,F,79271,26.6832
19330,P2,BASE,85.05,90.00,169,F,79307,26.6337
19340,P2,BASE,84.90,87.47,172,F,79342,26.6080
19350,P2,BASE,84.75,87.53,171,F,79377,26.5802
19360,P2,BASE,84.60,89.99,168,F,79413,26.5263
19370,P2,BASE,84.45,87.49,170,F,79448,26.4959
19380,P2,BASE,84.30,90.00,167,F,79484,26.4389
19390,P2,BASE,84.15,87.51,170,F,79519,26.4053
19400,P2,BASE,84.00,87.52,169,F,79554,26.3701
19410,P2,BASE,83.85,87.49,169,F,79589,26.3337
19420,P2,BASE,83.70,84.98,171,F,79623,26.3209
19430,P2,BASE,83.55,85.02,171,F,79657,26.3062
19440,P2,BASE,83.40,85.00,171,F,79691,26.2902
19450,P2,BASE,83.25,85.00,170,F,79725,26.2727
19460,P2,BASE,83.10,82.48,173,F,79758,26.2789
19470,P2,BASE,82.95,85.02,170,F,79792,26.2582
19480,P2,BASE,82.80,84.98,170,F,79826,26.2364
19490,P2,BASE,82.65,82.51,172,F,79859,26.2378
19500,P2,BASE,82.50,82.49,172,F,79892,26.2379
19510,P2,BASE,82.35,85.01,169,F,79926,26.2113
19520,P2,BASE,82.20,82.51,171,F,79959,26.2082
19530,P2,BASE,82.05,82.50,171,F,79992,26.2037
19540,P2,BASE,81.90,84.98,168,F,80026,26.1729
19550,P2,BASE,81.75,85.02,168,F,80060,26.1402
19560,P2,BASE,81.60,84.98,168,F,80094,26.1064
19570,P2,BASE,81.45,87.51,164,F,80129,26.0458
19580,P2,BASE,81.30,80.00,172,F,80161,26.0588
19590,P2,BASE,81.15,87.49,164,F,80196,25.9954
19600,P2,BASE,81.00,80.02,171,F,80228,26.0051
19610,P2,BASE,80.85,82.49,169,F,80261,25.9887
19620,P2,BASE,80.70,80.01,171,F,80293,25.9956
19630,P2,BASE,80.55,79.99,171,F,80325,26.0012
19640,P2,BASE,80.40,82.51,168,F,80358,25.9801
19650,P2,BASE,80.25,80.00,170,F,80390,25.9826
19660,P2,BASE,80.10,82.49,168,F,80423,25.9587
19670,P2,BASE,79.95,82.49,167,F,80456,25.9333
19680,P2,BASE,79.80,82.52,167,F,80489,25.9061
19690,P2,BASE,79.65,79.98,169,F,80521,25.9028
19700,P2,BASE,79.50,82.52,166,F,80554,25.8726
19710,P2,BASE,79.35,82.50,166,F,80587,25.8411
19720,P2,BASE,79.20,84.97,163,F,80621,25.7835
19730,P2,BASE,79.05,82.51,165,F,80654,25.7489
19740,P2,BASE,78.90,85.02,162,F,80688,25.6877
19750,P2,BASE,78.75,82.51,164,F,80721,25.6501
19760,P2,BASE,78.60,79.98,166,F,80753,25.6363
19770,P2,BASE,78.45,82.52,163,F,80786,25.5956
19780,P2,BASE,78.30,82.50,163,F,80819,25.5536
19790,P2,BASE,78.15,80.00,165,F,80851,25.5351
19800,P2,BASE,78.00,79.98,165,F,80883,25.5154
19810,P2,BASE,77.85,80.02,165,F,80915,25.4937
19820,P2,BASE,77.70,79.98,164,F,80947,25.4709
19830,P2,BASE,77.55,80.00,164,F,80979,25.4464
19840,P2,BASE,77.40,82.51,161,F,81012,25.3953
19850,P2,BASE,77.25,79.99,163,F,81044,25.3679
19860,P2,BASE,77.10,82.50,160,F,81077,25.3139
19870,P2,BASE,76.95,97.52,143,F,81116,25.1082
19880,P2,BASE,76.80,80.01,161,F,81148,25.0761
19890,P2,BASE,76.65,77.48,163,F,81179,25.0678
19900,P2,BASE,76.50,69.99,171,F,81207,25.1328
19910,P2,BASE,76.35,80.01,161,F,81239,25.0962
19920,P2,BASE,76.20,82.51,157,F,81272,25.0332
19930,P2,BASE,76.05,82.50,157,F,81305,24.9687
19940,P2,BASE,75.90,82.49,156,F,81338,24.9027
19950,P2,BASE,75.75,80.00,158,F,81370,24.8602
19960,P2,BASE,75.60,82.49,155,F,81403,24.7913
19970,P2,BASE,75.45,80.02,157,F,81435,24.7457
19980,P2,BASE,75.30,79.99,157,F,81467,24.6987
19990,P2,BASE,75.15,79.98,156,F,81499,24.6504
20000,P2,BASE,75.00,80.01,156,F,81531,24.6003
20010,P2,BASE,74.85,80.00,155,F,81563,24.5488
20020,P2,BASE,74.70,82.46,152,F,81596,24.4712
20030,P2,BASE,74.55,77.56,157,F,81627,24.4411
20040,P2,BASE,74.40,77.48,157,F,81658,24.4104
20050,P2,BASE,74.25,77.51,156,F,81689,24.3778
20060,P2,BASE,74.10,77.49,156,F,81720,24.3439
20070,P2,BASE,73.95,77.52,156,F,81751,24.3082
20080,P2,BASE,73.80,77.51,155,F,81782,24.2711
20090,P2,BASE,73.65,79.98,152,F,81814,24.2078
20100,P2,BASE,73.50,75.01,157,F,81844,24.1927
20110,P2,BASE,73.35,77.48,154,F,81875,24.1514
20120,P2,BASE,73.20,77.53,153,F,81906,24.1081
20130,P2,BASE,73.05,77.48,153,F,81937,24.0639
20140,P2,BASE,72.90,72.50,158,F,81966,24.0679
20150,P2,BASE,72.75,77.50,152,F,81997,24.0204
20160,P2,BASE,72.60,72.50,157,F,82026,24.0214
20170,P2,BASE,72.45,75.01,154,F,82056,23.9957
20180,P2,BASE,72.30,72.50,157,F,82085,23.9937
20190,P2,BASE,72.15,72.50,157,F,82114,23.9902
20200,P2,BASE,72.00,72.48,157,F,82143,23.9854
20210,P2,BASE,71.85,72.53,156,F,82172,23.9786
20220,P2,BASE,71.70,72.50,156,F,82201,23.9706
20230,P2,BASE,71.55,72.47,156,F,82230,23.9614
20240,P2,BASE,71.40,72.52,156,F,82259,23.9502
20250,P2,BASE,71.25,72.49,155,F,82288,23.9379
20260,P2,BASE,71.10,72.52,155,F,82317,23.9236
20270,P2,BASE,70.95,72.50,155,F,82346,23.9081
20280,P2,BASE,70.80,69.98,157,F,82374,23.9163
20290,P2,BASE,70.65,72.51,155,F,82403,23.8977
20300,P2,BASE,70.50,74.96,152,F,82433,23.8531
20310,P2,BASE,70.35,72.53,154,F,82462,23.8313
20320,P2,BASE,70.20,75.00,151,F,82492,23.7833
20330,P2,BASE,70.05,72.49,153,F,82521,23.7589
20340,P2,BASE,69.90,72.52,153,F,82550,23.7326
20350,P2,BASE,69.75,69.99,155,F,82578,23.7302
20360,P2,BASE,69.60,72.49,152,F,82607,23.7013
20370,P2,BASE,69.45,70.01,155,F,82635,23.6956
20380,P2,BASE,69.30,70.00,154,F,82663,23.6886
20390,P2,BASE,69.15,69.98,154,F,82691,23.6804
20400,P2,BASE,69.00,67.49,157,F,82718,23.6954
20410,P2,BASE,68.85,70.01,154,F,82746,23.6839
20420,P2,BASE,68.70,70.01,154,F,82774,23.6707
20430,P2,BASE,68.55,70.01,153,F,82802,23.6561
20440,P2,BASE,68.40,69.96,153,F,82830,23.6406
20450,P2,BASE,68.25,67.53,156,F,82857,23.6478
20460,P2,BASE,68.10,69.99,153,F,82885,23.6289
20470,P2,BASE,67.95,67.51,155,F,82912,23.6334
20480,P2,BASE,67.80,70.01,152,F,82940,23.6113
20490,P2,BASE,67.65,70.01,152,F,82968,23.5877
20500,P2,BASE,67.50,69.99,152,F,82996,23.5628
20510,P2,BASE,67.35,67.50,154,F,83023,23.5613
20520,P2,BASE,67.20,70.01,151,F,83051,23.5332
20530,P2,BASE,67.05,69.99,151,F,83079,23.5038
20540,P2,BASE,66.90,69.99,151,F,83107,23.4729
20550,P2,BASE,66.75,67.53,153,F,83134,23.4652
20560,P2,BASE,66.60,67.50,153,F,83161,23.4562
20570,P2,BASE,66.45,69.99,150,F,83189,23.4207
20580,P2,BASE,66.30,67.51,152,F,83216,23.4087
20590,P2,BASE,66.15,64.99,155,F,83242,23.4203
20600,P2,BASE,66.00,65.01,154,F,83268,23.4302
20610,P2,BASE,65.85,67.50,152,F,83295,23.4137
20620,P2,BASE,65.70,67.49,151,F,83322,23.3958
20630,P2,BASE,65.55,64.99,154,F,83348,23.4014
20640,P2,BASE,65.40,67.50,151,F,83375,23.3804
20650,P2,BASE,65.25,67.51,151,F,83402,23.3577
20660,P2,BASE,65.10,67.51,150,F,83429,23.3337
20670,P2,BASE,64.95,64.99,153,F,83455,23.3333
20680,P2,BASE,64.80,74.99,142,F,83485,23.2314
20690,P2,BASE,64.65,80.01,135,F,83517,23.0778
20700,P2,BASE,64.50,64.99,151,F,83543,23.0729
20710,P2,BASE,64.35,65.02,150,F,83569,23.0662
20720,P2,BASE,64.20,59.98,156,F,83593,23.1083
20730,P2,BASE,64.05,62.52,153,F,83618,23.1237
20740,P2,BASE,63.90,67.49,147,F,83645,23.0877
20750,P2,BASE,63.75,70.00,144,F,83673,23.0252
20760,P2,BASE,63.60,67.51,146,F,83700,22.9862
20770,P2,BASE,63.45,69.98,143,F,83728,22.9209
20780,P2,BASE,63.30,67.52,145,F,83755,22.8787
20790,P2,BASE,63.15,67.48,145,F,83782,22.8354
20800,P2,BASE,63.00,70.02,142,F,83810,22.7652
20810,P2,BASE,62.85,64.99,147,F,83836,22.7438
20820,P2,BASE,62.70,67.50,144,F,83863,22.6958
20830,P2,BASE,62.55,67.51,143,F,83890,22.6461
20840,P2,BASE,62.40,67.50,143,F,83917,22.5951
20850,P2,BASE,62.25,64.98,145,F,83943,22.5678
20860,P2,BASE,62.10,65.01,145,F,83969,22.5387
20870,P2,BASE,61.95,67.50,142,F,83996,22.4832
20880,P2,BASE,61.80,64.99,144,F,84022,22.4513
20890,P2,BASE,61.65,64.96,143,F,84048,22.4182
20900,P2,BASE,61.50,62.55,146,F,84073,22.4077
20910,P2,BASE,61.35,64.97,143,F,84099,22.3714
20920,P2,BASE,61.20,60.02,148,F,84123,22.3832
20930,P2,BASE,61.05,65.00,142,F,84149,22.3437
20940,P2,BASE,60.90,62.49,145,F,84174,22.3278
20950,P2,BASE,60.75,62.51,144,F,84199,22.3102
20960,P2,BASE,60.60,64.99,141,F,84225,22.2664
20970,P2,BASE,60.45,60.01,146,F,84249,22.2708
20980,P2,BASE,60.30,62.49,143,F,84274,22.2489
20990,P2,BASE,60.15,62.51,143,F,84299,22.2253
21000,P2,BASE,60.00,62.51,143,F,84324,22.2002
21010,P2,BASE,59.85,60.00,145,F,84348,22.1987
21020,P2,BASE,59.70,57.50,148,F,84371,22.2207
21030,P2,BASE,59.55,62.48,142,F,84396,22.1914
21040,P2,BASE,59.40,60.01,145,F,84420,22.1853
21050,P2,BASE,59.25,57.49,147,F,84443,22.2029
21060,P2,BASE,59.10,57.50,147,F,84466,22.2189
21070,P2,BASE,58.95,57.51,147,F,84489,22.2333
21080,P2,BASE,58.80,59.99,144,F,84513,22.2213
21090,P2,BASE,58.65,57.51,147,F,84536,22.2327
21100,P2,BASE,58.50,57.50,147,F,84559,22.2427
21110,P2,BASE,58.35,60.00,144,F,84583,22.2262
21120,P2,BASE,58.20,57.50,146,F,84606,22.2332
21130,P2,BASE,58.05,57.49,146,F,84629,22.2388
21140,P2,BASE,57.90,57.51,146,F,84652,22.2428
21150,P2,BASE,57.75,57.50,146,F,84675,22.2453
21160,P2,BASE,57.60,59.99,143,F,84699,22.2214
21170,P2,BASE,57.45,57.51,145,F,84722,22.2208
21180,P2,BASE,57.30,57.51,145,F,84745,22.2188
21190,P2,BASE,57.15,57.49,145,F,84768,22.2154
21200,P2,BASE,57.00,57.51,145,F,84791,22.2103
21210,P2,BASE,56.85,57.51,145,F,84814,22.2037
21220,P2,BASE,56.70,57.48,144,F,84837,22.1959
21230,P2,BASE,56.55,57.51,144,F,84860,22.1863
21240,P2,BASE,56.40,60.01,141,F,84884,22.1502
21250,P2,BASE,56.25,59.99,141,F,84908,22.1128
21260,P2,BASE,56.10,57.48,143,F,84931,22.0989
21270,P2,BASE,55.95,57.51,143,F,84954,22.0834
21280,P2,BASE,55.80,57.49,143,F,84977,22.0664
21290,P2,BASE,55.65,57.52,142,F,85000,22.0477
21300,P2,BASE,55.50,54.99,145,F,85022,22.0528
21310,P2,BASE,55.35,55.00,145,F,85044,22.0563
21320,P2,BASE,55.20,54.99,145,F,85066,22.0584
21330,P2,BASE,55.05,57.52,142,F,85089,22.0337
21340,P2,BASE,54.90,54.98,144,F,85111,22.0329
21350,P2,BASE,54.75,52.51,147,F,85132,22.0553
21360,P2,BASE,54.60,55.00,144,F,85154,22.0513
21370,P2,BASE,54.45,55.01,144,F,85176,22.0458
21380,P2,BASE,54.30,55.01,144,F,85198,22.0387
21390,P2,BASE,54.15,54.99,143,F,85220,22.0303
21400,P2,BASE,54.00,54.98,143,F,85242,22.0204
21410,P2,BASE,53.85,52.52,146,F,85263,22.0337
21420,P2,BASE,53.70,57.49,140,F,85286,21.9958
21430,P2,BASE,53.55,52.49,145,F,85307,22.0064
21440,P2,BASE,53.40,52.50,145,F,85328,22.0154
21450,P2,BASE,53.25,55.01,142,F,85350,21.9978
21460,P2,BASE,53.10,52.51,145,F,85371,22.0037
21470,P2,BASE,52.95,54.99,142,F,85393,21.9833
21480,P2,BASE,52.80,55.01,141,F,85415,21.9613
21490,P2,BASE,52.65,52.49,144,F,85436,21.9629
21500,P2,BASE,52.50,52.50,144,F,85457,21.9629
21510,P2,BASE,52.35,55.02,141,F,85479,21.9362
21520,P2,BASE,52.20,52.48,143,F,85500,21.9334
21530,P2,BASE,52.05,52.52,143,F,85521,21.9288
21540,P2,BASE,51.90,52.50,143,F,85542,21.9228
21550,P2,BASE,51.75,52.49,143,F,85563,21.9153
21560,P2,BASE,51.60,52.51,142,F,85584,21.9063
21570,P2,BASE,51.45,52.50,142,F,85605,21.8958
21580,P2,BASE,51.30,50.00,145,F,85625,21.9088
21590,P2,BASE,51.15,50.01,145,F,85645,21.9202
21600,P2,BASE,51.00,52.48,142,F,85666,21.9054
21610,P2,BASE,50.85,50.01,144,F,85686,21.9138
21620,P2,BASE,50.70,52.51,141,F,85707,21.8958
21630,P2,BASE,50.55,52.50,141,F,85728,21.8763
21640,P2,BASE,50.40,50.00,144,F,85748,21.8803
21650,P2,BASE,50.25,52.49,141,F,85769,21.8578
21660,P2,BASE,50.10,52.49,140,F,85790,21.8339
21670,P2,BASE,49.95,55.02,137,F,85812,21.7833
21680,P2,BASE,49.80,50.01,142,F,85832,21.7812
21690,P2,BASE,49.65,52.48,139,F,85853,21.7529
21700,P2,BASE,49.50,55.01,136,F,85875,21.6978
21710,P2,BASE,49.35,67.51,122,F,85902,21.5162
21720,P2,BASE,49.20,52.50,137,F,85923,21.4832
21730,P2,BASE,49.05,50.00,140,F,85943,21.4737
21740,P2,BASE,48.90,49.99,139,F,85963,21.4627
21750,P2,BASE,48.75,49.99,139,F,85983,21.4504
21760,P2,BASE,48.60,42.51,147,F,86000,21.5113
21770,P2,BASE,48.45,55.00,134,F,86022,21.4458
21780,P2,BASE,48.30,52.51,136,F,86043,21.4037
21790,P2,BASE,48.15,52.49,135,F,86064,21.3603
21800,P2,BASE,48.00,55.01,132,F,86086,21.2902
21810,P2,BASE,47.85,50.00,137,F,86106,21.2687
21820,P2,BASE,47.70,55.00,131,F,86128,21.1957
21830,P2,BASE,47.55,49.99,136,F,86148,21.1714
21840,P2,BASE,47.40,52.51,133,F,86169,21.1203
21850,P2,BASE,47.25,52.51,133,F,86190,21.0677
21860,P2,BASE,47.10,52.49,132,F,86211,21.0138
21870,P2,BASE,46.95,50.02,134,F,86231,20.9832
21880,P2,BASE,46.80,52.50,131,F,86252,20.9262
21890,P2,BASE,46.65,50.00,133,F,86272,20.8927
21900,P2,BASE,46.50,49.98,133,F,86292,20.8579
21910,P2,BASE,46.35,52.48,130,F,86313,20.7965
21920,P2,BASE,46.20,47.52,135,F,86332,20.7833
21930,P2,BASE,46.05,50.01,132,F,86352,20.7437
21940,P2,BASE,45.90,49.99,131,F,86372,20.7028
21950,P2,BASE,45.75,47.50,134,F,86391,20.6853
21960,P2,BASE,45.60,49.99,131,F,86411,20.6413
21970,P2,BASE,45.45,47.51,133,F,86430,20.6207
21980,P2,BASE,45.30,47.50,133,F,86449,20.5988
21990,P2,BASE,45.15,45.00,135,F,86467,20.6002
22000,P2,BASE,45.00,47.49,132,F,86486,20.5753
22010,P2,BASE,44.85,47.50,132,F,86505,20.5488
22020,P2,BASE,44.70,45.00,134,F,86523,20.5458
22030,P2,BASE,44.55,45.00,134,F,86541,20.5413
22040,P2,BASE,44.40,47.50,131,F,86560,20.5103
22050,P2,BASE,44.25,44.99,133,F,86578,20.5029
22060,P2,BASE,44.10,45.01,133,F,86596,20.4938
22070,P2,BASE,43.95,45.01,133,F,86614,20.4832
22080,P2,BASE,43.80,44.99,133,F,86632,20.4713
22090,P2,BASE,43.65,42.51,135,F,86649,20.4827
22100,P2,BASE,43.50,45.00,132,F,86667,20.4678
22110,P2,BASE,43.35,44.99,132,F,86685,20.4514
22120,P2,BASE,43.20,42.50,135,F,86702,20.4583
22130,P2,BASE,43.05,42.50,134,F,86719,20.4638
22140,P2,BASE,42.90,44.99,132,F,86737,20.4429
22150,P2,BASE,42.75,40.02,137,F,86753,20.4702
22160,P2,BASE,42.60,42.50,134,F,86770,20.4712
22170,P2,BASE,42.45,42.50,134,F,86787,20.4708
22180,P2,BASE,42.30,42.50,134,F,86804,20.4688
22190,P2,BASE,42.15,42.51,134,F,86821,20.4652
22200,P2,BASE,42.00,39.99,136,F,86837,20.4853
22210,P2,BASE,41.85,42.49,133,F,86854,20.4789
22220,P2,BASE,41.70,40.00,136,F,86870,20.4959
22230,P2,BASE,41.55,40.02,136,F,86886,20.5112
22240,P2,BASE,41.40,42.50,133,F,86903,20.5002
22250,P2,BASE,41.25,42.49,133,F,86920,20.4879
22260,P2,BASE,41.10,40.00,135,F,86936,20.4988
22270,P2,BASE,40.95,40.00,135,F,86952,20.5084
22280,P2,BASE,40.80,42.50,132,F,86969,20.4914
22290,P2,BASE,40.65,42.50,132,F,86986,20.4729
22300,P2,BASE,40.50,40.01,134,F,87002,20.4778
22310,P2,BASE,40.35,42.50,132,F,87019,20.4563
22320,P2,BASE,40.20,40.00,134,F,87035,20.4583
22330,P2,BASE,40.05,42.50,131,F,87052,20.4338
22340,P2,BASE,39.90,40.00,134,F,87068,20.4328
22350,P2,BASE,39.75,42.49,131,F,87085,20.4054
22360,P2,BASE,39.60,40.02,133,F,87101,20.4013
22370,P2,BASE,39.45,42.49,130,F,87118,20.3709
22380,P2,BASE,39.30,40.00,133,F,87134,20.3638
22390,P2,BASE,39.15,39.99,132,F,87150,20.3554
22400,P2,BASE,39.00,42.50,129,F,87167,20.3203
22410,P2,BASE,38.85,40.00,132,F,87183,20.3088
22420,P2,BASE,38.70,40.01,131,F,87199,20.2958
22430,P2,BASE,38.55,42.49,129,F,87216,20.2564
22440,P2,BASE,38.40,40.01,131,F,87232,20.2403
22450,P2,BASE,38.25,40.00,131,F,87248,20.2228
22460,P2,BASE,38.10,42.49,128,F,87265,20.1789
22470,P2,BASE,37.95,42.51,127,F,87282,20.1333
22480,P2,BASE,37.80,39.99,129,F,87298,20.1114
22490,P2,BASE,37.65,42.51,126,F,87315,20.0628
22500,P2,BASE,37.50,40.00,129,F,87331,20.0378
22510,P2,BASE,37.35,40.00,128,F,87347,20.0113
22520,P2,BASE,37.20,37.49,131,F,87362,20.0083
22530,P2,BASE,37.05,42.50,125,F,87379,19.9538
22540,P2,BASE,36.90,40.00,127,F,87395,19.9228
22550,P2,BASE,36.75,37.49,130,F,87410,19.9154
22560,P2,BASE,36.60,37.50,129,F,87425,19.9063
22570,P2,BASE,36.45,37.50,129,F,87440,19.8959
22580,P2,BASE,36.30,37.51,129,F,87455,19.8838
22590,P2,BASE,36.15,37.50,129,F,87470,19.8703
22600,P2,BASE,36.00,37.49,128,F,87485,19.8554
22610,P2,BASE,35.85,37.51,128,F,87500,19.8388
22620,P2,BASE,35.70,37.50,128,F,87515,19.8208
22630,P2,BASE,35.55,34.99,130,F,87529,19.8264
22640,P2,BASE,35.40,35.01,130,F,87543,19.8303
22650,P2,BASE,35.25,37.50,127,F,87558,19.8078
22660,P2,BASE,35.10,34.99,130,F,87572,19.8088
22670,P2,BASE,34.95,35.01,130,F,87586,19.8083
22680,P2,BASE,34.80,37.50,127,F,87601,19.7813
22690,P2,BASE,34.65,34.99,129,F,87615,19.7778
22700,P2,BASE,34.50,35.00,129,F,87629,19.7728
22710,P2,BASE,34.35,32.50,131,F,87642,19.7913
22720,P2,BASE,34.20,35.00,129,F,87656,19.7833
22730,P2,BASE,34.05,35.00,128,F,87670,19.7738
22740,P2,BASE,33.90,35.00,128,F,87684,19.7628
22750,P2,BASE,33.75,32.51,131,F,87697,19.7753
22760,P2,BASE,33.60,32.49,131,F,87710,19.7863
22770,P2,BASE,33.45,32.50,130,F,87723,19.7958
22780,P2,BASE,33.30,32.51,130,F,87736,19.8038
22790,P2,BASE,33.15,35.00,128,F,87750,19.7853
22800,P2,BASE,33.00,30.00,133,F,87762,19.8153
22810,P2,BASE,32.85,32.49,130,F,87775,19.8189
22820,P2,BASE,32.70,35.01,127,F,87789,19.7958
22830,P2,BASE,32.55,32.49,130,F,87802,19.7964
22840,P2,BASE,32.40,32.51,129,F,87815,19.7953
22850,P2,BASE,32.25,30.00,132,F,87827,19.8178
22860,P2,BASE,32.10,30.00,132,F,87839,19.8388
22870,P2,BASE,31.95,32.50,129,F,87852,19.8333
22880,P2,BASE,31.80,32.50,129,F,87865,19.8263
22890,P2,BASE,31.65,32.50,129,F,87878,19.8178
22900,P2,BASE,31.50,32.50,129,F,87891,19.8078
22910,P2,BASE,31.35,29.99,131,F,87903,19.8213
22920,P2,BASE,31.20,32.51,128,F,87916,19.8082
22930,P2,BASE,31.05,30.00,131,F,87928,19.8187
22940,P2,BASE,30.90,29.99,131,F,87940,19.8279
22950,P2,BASE,30.75,30.01,131,F,87952,19.8352
22960,P2,BASE,30.60,32.49,128,F,87965,19.8163
22970,P2,BASE,30.45,30.01,130,F,87977,19.8208
22980,P2,BASE,30.30,32.50,127,F,87990,19.7988
22990,P2,BASE,30.15,30.00,130,F,88002,19.8003
23000,P2,BASE,30.00,32.49,127,F,88015,19.7753
23010,P2,BASE,29.85,30.00,129,F,88027,19.7738
23020,P2,BASE,29.70,30.00,129,F,88039,19.7708
23030,P2,BASE,29.55,32.49,126,F,88052,19.7414
23040,P2,BASE,29.40,30.01,128,F,88064,19.7353
23050,P2,BASE,29.25,29.99,128,F,88076,19.7279
23060,P2,BASE,29.10,32.51,125,F,88089,19.6938
23070,P2,BASE,28.95,32.49,125,F,88102,19.6584
23080,P2,BASE,28.80,32.51,125,F,88115,19.6213
23090,P2,BASE,28.65,30.00,127,F,88127,19.6078
23100,P2,BASE,28.50,32.50,124,F,88140,19.5678
23110,P2,BASE,28.35,29.99,126,F,88152,19.5514
23120,P2,BASE,28.20,32.51,123,F,88165,19.5083
23130,P2,BASE,28.05,32.49,123,F,88178,19.4638
23140,P2,BASE,27.90,32.50,122,F,88191,19.4179
23150,P2,BASE,27.75,32.50,122,F,88204,19.3703
23160,P2,BASE,27.60,32.51,121,F,88217,19.3213
23170,P2,BASE,27.45,32.50,121,F,88230,19.2708
23180,P2,BASE,27.30,32.50,120,F,88243,19.2188
23190,P2,BASE,27.15,30.00,123,F,88255,19.1903
23200,P2,BASE,27.00,37.50,114,F,88270,19.0853
23210,P2,BASE,26.85,42.50,108,F,88287,18.9288
23220,P2,BASE,26.70,35.00,115,F,88301,18.8459
23230,P2,BASE,26.55,30.01,120,F,88313,18.8113
23240,P2,BASE,26.40,30.00,119,F,88325,18.7753
23250,P2,BASE,26.25,29.99,119,F,88337,18.7378
23260,P2,BASE,26.10,30.01,118,F,88349,18.6988
23270,P2,BASE,25.95,27.50,121,F,88360,18.6833
23280,P2,BASE,25.80,27.49,120,F,88371,18.6664
23290,P2,BASE,25.65,22.50,126,F,88380,18.6979
23300,P2,BASE,25.50,27.50,120,F,88391,18.6779
23310,P2,BASE,25.35,32.50,114,F,88404,18.6064
23320,P2,BASE,25.20,32.50,114,F,88417,18.5334
23330,P2,BASE,25.05,30.00,116,F,88429,18.4839
23340,P2,BASE,24.90,30.00,115,F,88441,18.4329
23350,P2,BASE,24.75,30.01,115,F,88453,18.3803
23360,P2,BASE,24.60,29.99,114,F,88465,18.3264
23370,P2,BASE,24.45,30.01,114,F,88477,18.2708
23380,P2,BASE,24.30,27.50,116,F,88488,18.2388
23390,P2,BASE,24.15,27.50,116,F,88499,18.2053
23400,P2,BASE,24.00,30.00,113,F,88511,18.1453
23410,P2,BASE,23.85,27.49,115,F,88522,18.1089
23420,P2,BASE,23.70,27.51,114,F,88533,18.0708
23430,P2,BASE,23.55,27.50,114,F,88544,18.0313
23440,P2,BASE,23.40,27.49,113,F,88555,17.9904
23450,P2,BASE,23.25,27.51,113,F,88566,17.9478
23460,P2,BASE,23.10,27.49,113,F,88577,17.9039
23470,P2,BASE,22.95,25.01,115,F,88587,17.8833
23480,P2,BASE,22.80,27.50,112,F,88598,17.8363
23490,P2,BASE,22.65,25.00,114,F,88608,17.8128
23500,P2,BASE,22.50,25.00,114,F,88618,17.7879
23510,P2,BASE,22.35,25.00,113,F,88628,17.7614
23520,P2,BASE,22.20,27.51,110,F,88639,17.7083
23530,P2,BASE,22.05,22.49,115,F,88648,17.7039
23540,P2,BASE,21.90,25.01,112,F,88658,17.6728
23550,P2,BASE,21.75,22.49,115,F,88667,17.6653
23560,P2,BASE,21.60,25.01,112,F,88677,17.6313
23570,P2,BASE,21.45,22.50,114,F,88686,17.6208
23580,P2,BASE,21.30,25.01,111,F,88696,17.5838
23590,P2,BASE,21.15,22.49,114,F,88705,17.5703
23600,P2,BASE,21.00,22.51,113,F,88714,17.5553
23610,P2,BASE,20.85,25.00,110,F,88724,17.5138
23620,P2,BASE,20.70,20.00,115,F,88732,17.5208
23630,P2,BASE,20.55,22.50,112,F,88741,17.5013
23640,P2,BASE,20.40,22.50,112,F,88750,17.4803
23650,P2,BASE,20.25,19.99,115,F,88758,17.4828
23660,P2,BASE,20.10,20.00,114,F,88766,17.4838
23670,P2,BASE,19.95,22.51,112,F,88775,17.4583
23680,P2,BASE,19.80,20.00,114,F,88783,17.4563
23690,P2,BASE,19.65,20.00,114,F,88791,17.4528
23700,P2,BASE,19.50,20.00,114,F,88799,17.4478
23710,P2,BASE,19.35,20.00,113,F,88807,17.4413
23720,P2,BASE,19.20,19.99,113,F,88815,17.4333
23730,P2,BASE,19.05,20.00,113,F,88823,17.4238
23740,P2,BASE,18.90,17.51,115,F,88830,17.4378
23750,P2,BASE,18.75,20.00,113,F,88838,17.4253
23760,P2,BASE,18.60,17.50,115,F,88845,17.4363
23770,P2,BASE,18.45,17.50,115,F,88852,17.4458
23780,P2,BASE,18.30,17.50,115,F,88859,17.4538
23790,P2,BASE,18.15,17.50,115,F,88866,17.4603
23800,P2,BASE,18.00,17.50,115,F,88873,17.4653
23810,P2,BASE,17.85,17.51,115,F,88880,17.4688
23820,P2,BASE,17.70,17.50,114,F,88887,17.4708
23830,P2,BASE,17.55,17.49,114,F,88894,17.4713
23840,P2,BASE,17.40,17.50,114,F,88901,17.4703
23850,P2,BASE,17.25,15.00,117,F,88907,17.4928
23860,P2,BASE,17.10,17.49,114,F,88914,17.4888
23870,P2,BASE,16.95,15.01,116,F,88920,17.5083
23880,P2,BASE,16.80,15.00,116,F,88926,17.5263
23890,P2,BASE,16.65,17.51,114,F,88933,17.5178
23900,P2,BASE,16.50,15.00,116,F,88939,17.5328
23910,P2,BASE,16.35,15.00,116,F,88945,17.5463
23920,P2,BASE,16.20,15.00,116,F,88951,17.5583
23930,P2,BASE,16.05,17.50,113,F,88958,17.5438
23940,P2,BASE,15.90,12.50,118,F,88963,17.5778
23950,P2,BASE,15.75,15.00,116,F,88969,17.5853
23960,P2,BASE,15.60,15.00,116,F,88975,17.5913
23970,P2,BASE,15.45,15.00,116,F,88981,17.5958
23980,P2,BASE,15.30,15.00,115,F,88987,17.5988
23990,P2,BASE,15.15,12.50,118,F,88992,17.6253
24000,P2,BASE,15.00,15.00,115,F,88998,17.6253
24010,P2,BASE,14.85,15.00,115,F,89004,17.6238
24020,P2,BASE,14.70,15.00,115,F,89010,17.6208
24030,P2,BASE,14.55,12.50,117,F,89015,17.6413
24040,P2,BASE,14.40,15.00,115,F,89021,17.6353
24050,P2,BASE,14.25,12.50,117,F,89026,17.6528
24060,P2,BASE,14.10,12.50,117,F,89031,17.6688
24070,P2,BASE,13.95,15.00,114,F,89037,17.6583
24080,P2,BASE,13.80,12.50,117,F,89042,17.6713
24090,P2,BASE,13.65,12.50,117,F,89047,17.6828
24100,P2,BASE,13.50,12.50,117,F,89052,17.6928
24110,P2,BASE,13.35,12.50,117,F,89057,17.7013
24120,P2,BASE,13.20,12.50,117,F,89062,17.7083
24130,P2,BASE,13.05,12.50,116,F,89067,17.7138
24140,P2,BASE,12.90,15.00,114,F,89073,17.6928
24150,P2,BASE,12.75,12.50,116,F,89078,17.6953
24160,P2,BASE,12.60,12.50,116,F,89083,17.6963
24170,P2,BASE,12.45,12.50,116,F,89088,17.6958
24180,P2,BASE,12.30,12.50,116,F,89093,17.6938
24190,P2,BASE,12.15,12.50,115,F,89098,17.6903
24200,P2,BASE,12.00,12.50,115,F,89103,17.6853
24210,P2,BASE,11.85,10.00,118,F,89107,17.7038
24220,P2,BASE,11.70,12.50,115,F,89112,17.6958
24230,P2,BASE,11.55,12.50,115,F,89117,17.6863
24240,P2,BASE,11.40,12.50,114,F,89122,17.6753
24250,P2,BASE,11.25,12.50,114,F,89127,17.6628
24260,P2,BASE,11.10,10.00,117,F,89131,17.6738
24270,P2,BASE,10.95,12.50,114,F,89136,17.6583
24280,P2,BASE,10.80,15.00,111,F,89142,17.6163
24290,P2,BASE,10.65,10.00,116,F,89146,17.6228
24300,P2,BASE,10.50,10.00,116,F,89150,17.6278
24310,P2,BASE,10.35,12.50,113,F,89155,17.6063
24320,P2,BASE,10.20,10.00,115,F,89159,17.6083
24330,P2,BASE,10.05,12.50,112,F,89164,17.5838
24340,P2,BASE,9.90,10.00,115,F,89168,17.5828
24350,P2,BASE,9.75,12.50,112,F,89173,17.5553
24360,P2,BASE,9.60,12.50,112,F,89178,17.5263
24370,P2,BASE,9.45,12.50,111,F,89183,17.4958
24380,P2,BASE,9.30,10.00,114,F,89187,17.4888
24390,P2,BASE,9.15,12.50,111,F,89192,17.4553
24400,P2,BASE,9.00,12.50,110,F,89197,17.4203
24410,P2,BASE,8.85,12.50,110,F,89202,17.3838
24420,P2,BASE,8.70,10.00,112,F,89206,17.3708
24430,P2,BASE,8.55,10.00,112,F,89210,17.3563
24440,P2,BASE,8.40,10.00,112,F,89214,17.3403
24450,P2,BASE,8.25,12.50,109,F,89219,17.2978
24460,P2,BASE,8.10,10.00,111,F,89223,17.2788
24470,P2,BASE,7.95,10.00,111,F,89227,17.2583
24480,P2,BASE,7.80,10.00,110,F,89231,17.2363
24490,P2,BASE,7.65,10.00,110,F,89235,17.2128
24500,P2,BASE,7.50,12.50,107,F,89240,17.1628
24510,P2,BASE,7.35,10.00,109,F,89244,17.1363
24520,P2,BASE,7.20,10.00,109,F,89248,17.1083
24530,P2,BASE,7.05,10.00,109,F,89252,17.0788
24540,P2,BASE,6.90,10.00,108,F,89256,17.0478
24550,P2,BASE,6.75,10.00,108,F,89260,17.0153
24560,P2,BASE,6.60,10.00,108,F,89264,16.9813
24570,P2,BASE,6.45,7.50,110,F,89267,16.9708
24580,P2,BASE,6.30,10.00,107,F,89271,16.9338
24590,P2,BASE,6.15,7.50,109,F,89274,16.9203
24600,P2,BASE,6.00,10.00,106,F,89278,16.8803
24610,P2,BASE,5.85,10.00,106,F,89282,16.8388
24620,P2,BASE,5.70,10.00,105,F,89286,16.7958
24630,P2,BASE,5.55,7.50,108,F,89289,16.7763
24640,P2,BASE,5.40,10.00,105,F,89293,16.7303
24650,P2,BASE,5.25,7.50,107,F,89296,16.7078
24660,P2,BASE,5.10,10.00,104,F,89300,16.6588
24670,P2,BASE,4.95,10.00,103,F,89304,16.6083
24680,P2,BASE,4.80,5.00,108,F,89306,16.6063
24690,P2,BASE,4.65,10.00,103,F,89310,16.5528
24700,P2,BASE,4.50,7.50,105,F,89313,16.5228
24710,P2,BASE,4.35,7.50,105,F,89316,16.4913
24720,P2,BASE,4.20,10.00,102,F,89320,16.4333
24730,P2,BASE,4.05,7.50,104,F,89323,16.3988
24740,P2,BASE,3.90,7.50,103,F,89326,16.3628
24750,P2,BASE,3.75,5.00,106,F,89328,16.3503
24760,P2,BASE,3.60,7.50,103,F,89331,16.3113
24770,P2,BASE,3.45,7.50,102,F,89334,16.2708
24780,P2,BASE,3.30,7.50,102,F,89337,16.2288
24790,P2,BASE,3.15,7.50,101,F,89340,16.1853
24800,P2,BASE,3.00,5.00,104,F,89342,16.1653
24810,P2,BASE,2.85,5.00,103,F,89344,16.1438
24820,P2,BASE,2.70,5.00,103,F,89346,16.1208
24830,P2,BASE,2.55,2.50,105,F,89347,16.1213
24840,P2,BASE,2.40,7.50,100,F,89350,16.0703
24850,P2,BASE,2.25,5.00,102,F,89352,16.0428
24860,P2,BASE,2.10,5.00,102,F,89354,16.0138
24870,P2,BASE,1.95,7.50,99,F,89357,15.9583
24880,P2,BASE,1.80,7.50,98,F,89360,15.9013
24890,P2,BASE,1.65,5.00,100,F,89362,15.8678
24900,P2,BASE,1.50,2.50,103,F,89363,15.8578
24910,P2,BASE,1.35,2.50,102,F,89364,15.8463
24920,P2,BASE,1.20,0.00,105,F,89364,15.8583
24930,P2,BASE,1.05,0.00,105,F,89364,15.8688
24940,P2,BASE,0.90,0.00,105,F,89364,15.8778
24950,P2,BASE,0.75,0.00,105,F,89364,15.8853
24960,P2,BASE,0.60,0.00,104,F,89364,15.8913
24970,P2,BASE,0.45,0.00,104,F,89364,15.8958
24980,P2,BASE,0.30,0.00,104,F,89364,15.8988
24990,P2,BASE,0.15,0.00,104,F,89364,15.9003
25000,P2,BASE,0.00,0.00,104,F,89364,15.9003
25010,P2,BASE,0.00,0.00,104,F,89364,15.9003
25020,P2,BASE,0.00,0.00,104,F,89364,15.9003
25030,P2,BASE,0.00,0.00,104,F,89364,15.9003
25040,P2,BASE,0.00,0.00,104,F,89364,15.9003
25050,P2,BASE,0.00,0.00,104,F,89364,15.9003
25060,P2,BASE,0.00,0.00,104,F,89364,15.9003
25070,P2,BASE,0.00,0.00,104,F,89364,15.9003
25080,P2,BASE,0.00,0.00,104,F,89364,15.9003
25090,P2,BASE,0.00,0.00,104,F,89364,15.9003
25100,P2,BASE,0.00,0.00,104,F,89364,15.9003
25110,P2,BASE,0.00,0.00,104,F,89364,15.9003
25120,P2,BASE,0.00,0.00,104,F,89364,15.9003
25130,P2,BASE,0.00,0.00,104,F,89364,15.9003
25140,P2,BASE,0.00,0.00,104,F,89364,15.9003
25150,P2,BASE,0.00,0.00,104,F,89364,15.9003
25160,P2,BASE,0.00,0.00,104,F,89364,15.9003
25170,P2,BASE,0.00,0.00,104,F,89364,15.9003
25180,P2,BASE,0.00,0.00,104,F,89364,15.9003
25190,P2,BASE,0.00,0.00,104,F,89364,15.9003
25200,P2,BASE,0.00,0.00,104,F,89364,15.9003
25210,P2,BASE,0.00,0.00,104,F,89364,15.9003
25220,P2,BASE,0.00,0.00,104,F,89364,15.9003
25230,P2,BASE,0.00,0.00,104,F,89364,15.9003
25240,P2,BASE,0.00,0.00,104,F,89364,15.9003
25250,P2,BASE,0.00,0.00,104,F,89364,15.9003
25260,P2,BASE,0.00,0.00,104,F,89364,15.9003
25270,P2,BASE,0.00,0.00,104,F,89364,15.9003
25280,P2,BASE,0.00,0.00,104,F,89364,15.9003
25290,P2,BASE,0.00,0.00,104,F,89364,15.9003
25300,P2,BASE,0.00,0.00,104,F,89364,15.9003
25310,P2,BASE,0.00,0.00,104,F,89364,15.9003
25320,P2,BASE,0.00,0.00,104,F,89364,15.9003
25330,P2,BASE,0.00,0.00,104,F,89364,15.9003
25340,P2,BASE,0.00,0.00,104,F,89364,15.9003
25350,P2,BASE,0.00,0.00,104,F,89364,15.9003
25360,P2,BASE,0.00,0.00,104,F,89364,15.9003
25370,P2,BASE,0.00,0.00,104,F,89364,15.9003
25380,P2,BASE,0.00,0.00,104,F,89364,15.9003
25390,P2,BASE,0.00,0.00,104,F,89364,15.9003
25400,P2,BASE,0.00,0.00,104,F,89364,15.9003
25410,P2,BASE,0.00,0.00,104,F,89364,15.9003
25420,P2,BASE,0.00,0.00,104,F,89364,15.9003
25430,P2,BASE,0.00,0.00,104,F,89364,15.9003
25440,P2,BASE,0.00,0.00,104,F,89364,15.9003
25450,P2,BASE,0.00,0.00,104,F,89364,15.9003
25460,P2,BASE,0.00,0.00,104,F,89364,15.9003
25470,P2,BASE,0.00,0.00,104,F,89364,15.9003
25480,P2,BASE,0.00,0.00,104,F,89364,15.9003
25490,P2,BASE,0.00,0.00,104,F,89364,15.9003
25500,P2,BASE,0.00,0.00,104,F,89364,15.9003
25510,P2,BASE,0.00,0.00,104,F,89364,15.9003
25520,P2,BASE,0.00,0.00,104,F,89364,15.9003
25530,P2,BASE,0.00,0.00,104,F,89364,15.9003
25540,P2,BASE,0.00,0.00,104,F,89364,15.9003
25550,P2,BASE,0.00,0.00,104,F,89364,15.9003
25560,P2,BASE,0.00,0.00,104,F,89364,15.9003
25570,P2,BASE,0.00,0.00,104,F,89364,15.9003
25580,P2,BASE,0.00,0.00,104,F,89364,15.9003
25590,P2,BASE,0.00,0.00,104,F,89364,15.9003
25600,P2,BASE,0.00,0.00,104,F,89364,15.9003
25610,P2,BASE,0.00,0.00,104,F,89364,15.9003
25620,P2,BASE,0.00,0.00,104,F,89364,15.9003
25630,P2,BASE,0.00,0.00,104,F,89364,15.9003
25640,P2,BASE,0.00,0.00,104,F,89364,15.9003
25650,P2,BASE,0.00,0.00,104,F,89364,15.9003
25660,P2,BASE,0.00,0.00,104,F,89364,15.9003
25670,P2,BASE,0.00,0.00,104,F,89364,15.9003
25680,P2,BASE,0.00,0.00,104,F,89364,15.9003
25690,P2,BASE,0.00,0.00,104,F,89364,15.9003
25700,P2,BASE,0.00,0.00,104,F,89364,15.9003
25710,P2,BASE,0.00,0.00,104,F,89364,15.9003
25720,P2,BASE,0.00,0.00,104,F,89364,15.9003
25730,P2,BASE,0.00,0.00,104,F,89364,15.9003
25740,P2,BASE,0.00,0.00,104,F,89364,15.9003
25750,P2,BASE,0.00,0.00,104,F,89364,15.9003
25760,P2,BASE,0.00,0.00,104,F,89364,15.9003
25770,P2,BASE,0.00,0.00,104,F,89364,15.9003
25780,P2,BASE,0.00,0.00,104,F,89364,15.9003
25790,P2,BASE,0.00,0.00,104,F,89364,15.9003
25800,P2,BASE,0.00,0.00,104,F,89364,15.9003
25810,P2,BASE,0.00,0.00,104,F,89364,15.9003
25820,P2,BASE,0.00,0.00,104,F,89364,15.9003
25830,P2,BASE,0.00,0.00,104,F,89364,15.9003
25840,P2,BASE,0.00,0.00,104,F,89364,15.9003
25850,P2,BASE,0.00,0.00,104,F,89364,15.9003
25860,P2,BASE,0.00,0.00,104,F,89364,15.9003
25870,P2,BASE,0.00,0.00,104,F,89364,15.9003
25880,P2,BASE,0.00,0.00,104,F,89364,15.9003
25890,P2,BASE,0.00,0.00,104,F,89364,15.9003
25900,P2,BASE,0.00,0.00,104,F,89364,15.9003
25910,P2,BASE,0.00,0.00,104,F,89364,15.9003
25920,P2,BASE,0.00,0.00,104,F,89364,15.9003
25930,P2,BASE,0.00,0.00,104,F,89364,15.9003
25940,P2,BASE,0.00,0.00,104,F,89364,15.9003
25950,P2,BASE,0.00,0.00,104,F,89364,15.9003
25960,P2,BASE,0.00,0.00,104,F,89364,15.9003
25970,P2,BASE,0.00,0.00,104,F,89364,15.9003
25980,P2,BASE,0.00,0.00,104,F,89364,15.9003
25990,P2,BASE,0.00,0.00,104,F,89364,15.9003
26000,P2,BASE,0.00,0.00,104,F,89364,15.9003
26010,P2,BASE,0.00,0.00,104,F,89364,15.9003
26020,P2,BASE,0.00,0.00,104,F,89364,15.9003
26030,P2,BASE,0.00,0.00,104,F,89364,15.9003
26040,P2,BASE,0.00,0.00,104,F,89364,15.9003
26050,P2,BASE,0.00,0.00,104,F,89364,15.9003
26060,P2,BASE,0.00,0.00,104,F,89364,15.9003
26070,P2,BASE,0.00,0.00,104,F,89364,15.9003
26080,P2,BASE,0.00,0.00,104,F,89364,15.9003
26090,P2,BASE,0.00,0.00,104,F,89364,15.9003
26100,P2,BASE,0.00,0.00,104,F,89364,15.9003
26110,P2,BASE,0.00,0.00,104,F,89364,15.9003
26120,P2,BASE,0.00,0.00,104,F,89364,15.9003
26130,P2,BASE,0.00,0.00,104,F,89364,15.9003
26140,P2,BASE,0.00,0.00,104,F,89364,15.9003
26150,P2,BASE,0.00,0.00,104,F,89364,15.9003
26160,P2,BASE,0.00,0.00,104,F,89364,15.9003
26170,P2,BASE,0.00,0.00,104,F,89364,15.9003
26180,P2,BASE,0.00,0.00,104,F,89364,15.9003
26190,P2,BASE,0.00,0.00,104,F,89364,15.9003
26200,P2,BASE,0.00,0.00,104,F,89364,15.9003
26210,P2,BASE,0.00,0.00,104,F,89364,15.9003
26220,P2,BASE,0.00,0.00,104,F,89364,15.9003
26230,P2,BASE,0.00,0.00,104,F,89364,15.9003
26240,P2,BASE,0.00,0.00,104,F,89364,15.9003
26250,P2,BASE,0.00,0.00,104,F,89364,15.9003
26260,P2,BASE,0.00,0.00,104,F,89364,15.9003
26270,P2,BASE,0.00,0.00,104,F,89364,15.9003
26280,P2,BASE,0.00,0.00,104,F,89364,15.9003
26290,P2,BASE,0.00,0.00,104,F,89364,15.9003
26300,P2,BASE,0.00,0.00,104,F,89364,15.9003
26310,P2,BASE,0.00,0.00,104,F,89364,15.9003
26320,P2,BASE,0.00,0.00,104,F,89364,15.9003
26330,P2,BASE,0.00,0.00,104,F,89364,15.9003
26340,P2,BASE,0.00,0.00,104,F,89364,15.9003
26350,P2,BASE,0.00,0.00,104,F,89364,15.9003
26360,P2,BASE,0.00,0.00,104,F,89364,15.9003
26370,P2,BASE,0.00,0.00,104,F,89364,15.9003
26380,P2,BASE,0.00,0.00,104,F,89364,15.9003
26390,P2,BASE,0.00,0.00,104,F,89364,15.9003
26400,P2,BASE,0.00,0.00,104,F,89364,15.9003
26410,P2,BASE,0.00,0.00,104,F,89364,15.9003
26420,P2,BASE,0.00,0.00,104,F,89364,15.9003
26430,P2,BASE,0.00,0.00,104,F,89364,15.9003
26440,P2,BASE,0.00,0.00,104,F,89364,15.9003
26450,P2,BASE,0.00,0.00,104,F,89364,15.9003
26460,P2,BASE,0.00,0.00,104,F,89364,15.9003
26470,P2,BASE,0.00,0.00,104,F,89364,15.9003
26480,P2,BASE,0.00,0.00,104,F,89364,15.9003
26490,P2,BASE,0.00,0.00,104,F,89364,15.9003
26500,P2,BASE,0.00,0.00,104,F,89364,15.9003
26510,P2,BASE,0.00,0.00,104,F,89364,15.9003
26520,P2,BASE,0.00,0.00,104,F,89364,15.9003
26530,P2,BASE,0.00,0.00,104,F,89364,15.9003
26540,P2,BASE,0.00,0.00,104,F,89364,15.9003
26550,P2,BASE,0.00,0.00,104,F,89364,15.9003
26560,P2,BASE,0.00,0.00,104,F,89364,15.9003
26570,P2,BASE,0.00,0.00,104,F,89364,15.9003
26580,P2,BASE,0.00,0.00,104,F,89364,15.9003
26590,P2,BASE,0.00,0.00,104,F,89364,15.9003
26600,P2,BASE,0.00,0.00,104,F,89364,15.9003
26610,P2,BASE,0.00,0.00,104,F,89364,15.9003
26620,P2,BASE,0.00,0.00,104,F,89364,15.9003
26630,P2,BASE,0.00,0.00,104,F,89364,15.9003
26640,P2,BASE,0.00,0.00,104,F,89364,15.9003
26650,P2,BASE,0.00,0.00,104,F,89364,15.9003
26660,P2,BASE,0.00,0.00,104,F,89364,15.9003
26670,P2,BASE,0.00,0.00,104,F,89364,15.9003
26680,P2,BASE,0.00,0.00,104,F,89364,15.9003
26690,P2,BASE,0.00,0.00,104,F,89364,15.9003
26700,P2,BASE,0.00,0.00,104,F,89364,15.9003
26710,P2,BASE,0.00,0.00,104,F,89364,15.9003
26720,P2,BASE,0.00,0.00,104,F,89364,15.9003
26730,P2,BASE,0.00,0.00,104,F,89364,15.9003
26740,P2,BASE,0.00,0.00,104,F,89364,15.9003
26750,P2,BASE,0.00,0.00,104,F,89364,15.9003
26760,P2,BASE,0.00,0.00,104,F,89364,15.9003
26770,P2,BASE,0.00,0.00,104,F,89364,15.9003
26780,P2,BASE,0.00,0.00,104,F,89364,15.9003
26790,P2,BASE,0.00,0.00,104,F,89364,15.9003
26800,P2,BASE,0.00,0.00,104,F,89364,15.9003
26810,P2,BASE,0.00,0.00,104,F,89364,15.9003
26820,P2,BASE,0.00,0.00,104,F,89364,15.9003
26830,P2,BASE,0.00,0.00,104,F,89364,15.9003
26840,P2,BASE,0.00,0.00,104,F,89364,15.9003
26850,P2,BASE,0.00,0.00,104,F,89364,15.9003
26860,P2,BASE,0.00,0.00,104,F,89364,15.9003
26870,P2,BASE,0.00,0.00,104,F,89364,15.9003
26880,P2,BASE,0.00,0.00,104,F,89364,15.9003
26890,P2,BASE,0.00,0.00,104,F,89364,15.9003
26900,P2,BASE,0.00,0.00,104,F,89364,15.9003
26910,P2,BASE,0.00,0.00,104,F,89364,15.9003
26920,P2,BASE,0.00,0.00,104,F,89364,15.9003
26930,P2,BASE,0.00,0.00,104,F,89364,15.9003
26940,P2,BASE,0.00,0.00,104,F,89364,15.9003
26950,P2,BASE,0.00,0.00,104,F,89364,15.9003
26960,P2,BASE,0.00,0.00,104,F,89364,15.9003
26970,P2,BASE,0.00,0.00,104,F,89364,15.9003
26980,P2,BASE,0.00,0.00,104,F,89364,15.9003
26990,P2,BASE,0.00,0.00,104,F,89364,15.9003
27000,P2,BASE,0.00,0.00,104,F,89364,15.9003
27010,P2,BASE,0.00,0.00,104,F,89364,15.9003
27020,P2,BASE,0.00,0.00,104,F,89364,15.9003
27030,P2,BASE,0.00,0.00,104,F,89364,15.9003
27040,P2,BASE,0.00,0.00,104,F,89364,15.9003
27050,P2,BASE,0.00,0.00,104,F,89364,15.9003
27060,P2,BASE,0.00,0.00,104,F,89364,15.9003
27070,P2,BASE,0.00,0.00,104,F,89364,15.9003
27080,P2,BASE,0.00,0.00,104,F,89364,15.9003
27090,P2,BASE,0.00,0.00,104,F,89364,15.9003
27100,P2,BASE,0.00,0.00,104,F,89364,15.9003
27110,P2,BASE,0.00,0.00,104,F,89364,15.9003
27120,P2,BASE,0.00,0.00,104,F,89364,15.9003
27130,P2,BASE,0.00,0.00,104,F,89364,15.9003
27140,P2,BASE,0.00,0.00,104,F,89364,15.9003
27150,P2,BASE,0.00,0.00,104,F,89364,15.9003
27160,P2,BASE,0.00,0.00,104,F,89364,15.9003
27170,P2,BASE,0.00,0.00,104,F,89364,15.9003
27180,P2,BASE,0.00,0.00,104,F,89364,15.9003
27190,P2,BASE,0.00,0.00,104,F,89364,15.9003
27200,P2,BASE,0.00,0.00,104,F,89364,15.9003
27210,P2,BASE,0.00,0.00,104,F,89364,15.9003
27220,P2,BASE,0.00,0.00,104,F,89364,15.9003
27230,P2,BASE,0.00,0.00,104,F,89364,15.9003
27240,P2,BASE,0.00,0.00,104,F,89364,15.9003
27250,P2,BASE,0.00,0.00,104,F,89364,15.9003
27260,P2,BASE,0.00,0.00,104,F,89364,15.9003
27270,P2,BASE,0.00,0.00,104,F,89364,15.9003
27280,P2,BASE,0.00,0.00,104,F,89364,15.9003
27290,P2,BASE,0.00,0.00,104,F,89364,15.9003
27300,P2,BASE,0.00,0.00,104,F,89364,15.9003
27310,P2,BASE,0.00,0.00,104,F,89364,15.9003
27320,P2,BASE,0.00,0.00,104,F,89364,15.9003
27330,P2,BASE,0.00,0.00,104,F,89364,15.9003
27340,P2,BASE,0.00,0.00,104,F,89364,15.9003
27350,P2,BASE,0.00,0.00,104,F,89364,15.9003
27360,P2,BASE,0.00,0.00,104,F,89364,15.9003
27370,P2,BASE,0.00,0.00,104,F,89364,15.9003
27380,P2,BASE,0.00,0.00,104,F,89364,15.9003
27390,P2,BASE,0.00,0.00,104,F,89364,15.9003
27400,P2,BASE,0.00,0.00,104,F,89364,15.9003
27410,P2,BASE,0.00,0.00,104,F,89364,15.9003
27420,P2,BASE,0.00,0.00,104,F,89364,15.9003
27430,P2,BASE,0.00,0.00,104,F,89364,15.9003
27440,P2,BASE,0.00,0.00,104,F,89364,15.9003
27450,P2,BASE,0.00,0.00,104,F,89364,15.9003
27460,P2,BASE,0.00,0.00,104,F,89364,15.9003
27470,P2,BASE,0.00,0.00,104,F,89364,15.9003
27480,P2,BASE,0.00,0.00,104,F,89364,15.9003
27490,P2,BASE,0.00,0.00,104,F,89364,15.9003
27500,P2,BASE,0.00,0.00,104,F,89364,15.9003
27510,P2,BASE,0.00,0.00,104,F,89364,15.9003
27520,P2,BASE,0.00,0.00,104,F,89364,15.9003
27530,P2,BASE,0.00,0.00,104,F,89364,15.9003
27540,P2,BASE,0.00,0.00,104,F,89364,15.9003
27550,P2,BASE,0.00,0.00,104,F,89364,15.9003
27560,P2,BASE,0.00,0.00,104,F,89364,15.9003
27570,P2,BASE,0.00,0.00,104,F,89364,15.9003
27580,P2,BASE,0.00,0.00,104,F,89364,15.9003
27590,P2,BASE,0.00,0.00,104,F,89364,15.9003
27600,P2,BASE,0.00,0.00,104,F,89364,15.9003
27610,P2,BASE,0.00,0.00,104,F,89364,15.9003
27620,P2,BASE,0.00,0.00,104,F,89364,15.9003
27630,P2,BASE,0.00,0.00,104,F,89364,15.9003
27640,P2,BASE,0.00,0.00,104,F,89364,15.9003
27650,P2,BASE,0.00,0.00,104,F,89364,15.9003
27660,P2,BASE,0.00,0.00,104,F,89364,15.9003
27670,P2,BASE,0.00,0.00,104,F,89364,15.9003
27680,P2,BASE,0.00,0.00,104,F,89364,15.9003
27690,P2,BASE,0.00,0.00,104,F,89364,15.9003
27700,P2,BASE,0.00,0.00,104,F,89364,15.9003
27710,P2,BASE,0.00,0.00,104,F,89364,15.9003
27720,P2,BASE,0.00,0.00,104,F,89364,15.9003
27730,P2,BASE,0.00,0.00,104,F,89364,15.9003
27740,P2,BASE,0.00,0.00,104,F,89364,15.9003
27750,P2,BASE,0.00,0.00,104,F,89364,15.9003
27760,P2,BASE,0.00,0.00,104,F,89364,15.9003
27770,P2,BASE,0.00,0.00,104,F,89364,15.9003
27780,P2,BASE,0.00,0.00,104,F,89364,15.9003
27790,P2,BASE,0.00,0.00,104,F,89364,15.9003
27800,P2,BASE,0.00,0.00,104,F,89364,15.9003
27810,P2,BASE,0.00,0.00,104,F,89364,15.9003
27820,P2,BASE,0.00,0.00,104,F,89364,15.9003
27830,P2,BASE,0.00,0.00,104,F,89364,15.9003
27840,P2,BASE,0.00,0.00,104,F,89364,15.9003
27850,P2,BASE,0.00,0.00,104,F,89364,15.9003
27860,P2,BASE,0.00,0.00,104,F,89364,15.9003
27870,P2,BASE,0.00,0.00,104,F,89364,15.9003
27880,P2,BASE,0.00,0.00,104,F,89364,15.9003
27890,P2,BASE,0.00,0.00,104,F,89364,15.9003
27900,P2,BASE,0.00,0.00,104,F,89364,15.9003
27910,P2,BASE,0.00,0.00,104,F,89364,15.9003
27920,P2,BASE,0.00,0.00,104,F,89364,15.9003
27930,P2,BASE,0.00,0.00,104,F,89364,15.9003
27940,P2,BASE,0.00,0.00,104,F,89364,15.9003
27950,P2,BASE,0.00,0.00,104,F,89364,15.9003
27960,P2,BASE,0.00,0.00,104,F,89364,15.9003
27970,P2,BASE,0.00,0.00,104,F,89364,15.9003
27980,P2,BASE,0.00,0.00,104,F,89364,15.9003
27990,P2,BASE,0.00,0.00,104,F,89364,15.9003
28000,P2,BASE,0.00,0.00,104,F,89364,15.9003
28010,P2,BASE,-0.15,0.00,104,F,89364,15.8988
28020,P2,BASE,-0.30,0.00,104,F,89364,15.8958
28030,P2,BASE,-0.45,0.00,103,F,89364,15.8913
28040,P2,BASE,-0.60,0.00,103,F,89364,15.8853
28050,P2,BASE,-0.75,0.00,103,F,89364,15.8778
28060,P2,BASE,-0.90,0.00,103,F,89364,15.8688
28070,P2,BASE,-1.05,0.00,103,F,89364,15.8583
28080,P2,BASE,-1.20,0.00,102,F,89364,15.8463
28090,P2,BASE,-1.35,0.00,102,F,89364,15.8328
28100,P2,BASE,-1.50,0.00,102,F,89364,15.8178
28110,P2,BASE,-1.65,0.00,102,F,89364,15.8013
28120,P2,BASE,-1.80,0.00,101,F,89364,15.7833
28130,P2,BASE,-1.95,0.00,101,F,89364,15.7638
28140,P2,BASE,-2.10,0.00,101,F,89364,15.7428
28150,P2,BASE,-2.25,0.00,100,F,89364,15.7203
28160,P2,BASE,-2.40,0.00,100,F,89364,15.6963
28170,P2,BASE,-2.55,0.00,100,F,89364,15.6708
28180,P2,BASE,-2.70,0.00,99,F,89364,15.6438
28190,P2,BASE,-2.85,0.00,99,F,89364,15.6153
28200,P2,BASE,-3.00,0.00,99,F,89364,15.5853
28210,P2,BASE,-3.15,0.00,98,F,89364,15.5538
28220,P2,BASE,-3.30,0.00,98,F,89364,15.5208
28230,P2,BASE,-3.45,0.00,98,F,89364,15.4863
28240,P2,BASE,-3.60,0.00,97,F,89364,15.4503
28250,P2,BASE,-3.75,0.00,97,F,89364,15.4128
28260,P2,BASE,-3.90,0.00,97,F,89364,15.3738
28270,P2,BASE,-4.05,0.00,96,F,89364,15.3333
28280,P2,BASE,-4.20,0.00,96,F,89364,15.2913
28290,P2,BASE,-4.35,0.00,95,F,89364,15.2478
28300,P2,BASE,-4.50,0.00,95,F,89364,15.2028
28310,P2,BASE,-4.65,0.00,94,F,89364,15.1563
28320,P2,BASE,-4.80,0.00,94,F,89364,15.1083
28330,P2,BASE,-4.95,0.00,93,F,89364,15.0588
28340,P2,BASE,-5.10,0.00,93,F,89364,15.0078
28350,P2,BASE,-5.25,0.00,92,F,89364,14.9553
28360,P2,BASE,-5.40,0.00,92,F,89364,14.9013
28370,P2,BASE,-5.55,0.00,91,F,89364,14.8458
28380,P2,BASE,-5.70,0.00,91,F,89364,14.7888
28390,P2,BASE,-5.85,0.00,90,F,89364,14.7303
28400,P2,BASE,-6.00,0.00,90,F,89364,14.6703
28410,P2,BASE,-6.15,0.00,89,F,89364,14.6088
28420,P2,BASE,-6.30,0.00,89,F,89364,14.5458
28430,P2,BASE,-6.45,0.00,88,F,89364,14.4813
28440,P2,BASE,-6.60,0.00,87,F,89364,14.4153
28450,P2,BASE,-6.75,0.00,87,F,89364,14.3478
28460,P2,BASE,-6.90,0.00,86,F,89364,14.2788
28470,P2,BASE,-7.05,0.00,86,F,89364,14.2083
28480,P2,BASE,-7.20,0.00,85,F,89364,14.1363
28490,P2,BASE,-7.35,0.00,84,F,89364,14.0628
28500,P2,BASE,-7.50,0.00,84,F,89364,13.9878
28510,P2,BASE,-7.65,0.00,83,F,89364,13.9113
28520,P2,BASE,-7.80,0.00,82,F,89364,13.8333
28530,P2,BASE,-7.95,0.00,82,F,89364,13.7538
28540,P2,BASE,-8.10,0.00,81,F,89364,13.6728
28550,P2,BASE,-8.25,0.00,80,F,89364,13.5903
28560,P2,BASE,-8.40,0.00,80,F,89364,13.5063
28570,P2,BASE,-8.55,0.00,79,F,89364,13.4208
28580,P2,BASE,-8.70,0.00,78,F,89364,13.3338
28590,P2,BASE,-8.85,0.00,77,F,89364,13.2453
28600,P2,BASE,-9.00,0.00,77,F,89364,13.1553
28610,P2,BASE,-9.15,0.00,76,F,89364,13.0638
28620,P2,BASE,-9.30,0.00,75,F,89364,12.9708
28630,P2,BASE,-9.45,0.00,74,F,89364,12.8763
28640,P2,BASE,-9.60,0.00,74,F,89364,12.7803
28650,P2,BASE,-9.75,0.00,73,F,89364,12.6828
28660,P2,BASE,-9.90,0.00,72,F,89364,12.5838
28670,P2,BASE,-10.05,0.00,71,F,89364,12.4833
28680,P2,BASE,-10.20,0.00,70,F,89364,12.3813
28690,P2,BASE,-10.35,0.00,70,F,89364,12.2778
28700,P2,BASE,-10.50,0.00,69,F,89364,12.1728
28710,P2,BASE,-10.65,0.00,68,F,89364,12.0663
28720,P2,BASE,-10.80,0.00,67,F,89364,11.9583
28730,P2,BASE,-10.95,0.00,66,F,89364,11.8488
28740,P2,BASE,-11.10,0.00,65,F,89364,11.7378
28750,P2,BASE,-11.25,0.00,64,F,89364,11.6253
28760,P2,BASE,-11.40,0.00,64,F,89364,11.5113
28770,P2,BASE,-11.55,0.00,63,F,89364,11.3958
28780,P2,BASE,-11.70,0.00,62,F,89364,11.2788
28790,P2,BASE,-11.85,0.00,61,F,89364,11.1603
28800,P2,BASE,-12.00,0.00,60,F,89364,11.0403
28810,P2,BASE,-12.15,0.00,59,F,89364,10.9188
28820,P2,BASE,-12.30,0.00,58,F,89364,10.7958
28830,P2,BASE,-12.45,0.00,57,F,89364,10.6713
28840,P2,BASE,-12.60,0.00,56,F,89364,10.5453
28850,P2,BASE,-12.75,0.00,55,F,89364,10.4178
28860,P2,BASE,-12.90,0.00,54,F,89364,10.2888
28870,P2,BASE,-13.05,0.00,53,F,89364,10.1583
28880,P2,BASE,-13.20,0.00,52,F,89364,10.0263
28890,P2,BASE,-13.35,0.00,51,F,89364,9.8928
28900,P2,BASE,-13.50,0.00,50,F,89364,9.7578
28910,P2,BASE,-13.65,0.00,49,F,89364,9.6213
28920,P2,BASE,-13.80,0.00,48,F,89364,9.4833
28930,P2,BASE,-13.95,0.00,47,F,89364,9.3438
28940,P2,BASE,-14.10,0.00,46,F,89364,9.2028
28950,P2,BASE,-14.25,0.00,45,F,89364,9.0603
28960,P2,BASE,-14.40,0.00,43,F,89364,8.9163
28970,P2,BASE,-14.55,0.00,42,F,89364,8.7708
28980,P2,BASE,-14.70,0.00,41,F,89364,8.6238
28990,P2,BASE,-14.85,0.00,40,F,89364,8.4753
29000,P2,BASE,-15.00,0.00,39,F,89364,8.3253
29010,P2,BASE,-15.15,0.00,38,F,89364,8.1738
29020,P2,BASE,-15.30,0.00,37,F,89364,8.0208
29030,P2,BASE,-15.45,0.00,35,F,89364,7.8663
29040,P2,BASE,-15.60,0.00,34,F,89364,7.7103
29050,P2,BASE,-15.75,0.00,33,F,89364,7.5528
29060,P2,BASE,-15.90,0.00,32,F,89364,7.3938
29070,P2,BASE,-16.05,0.00,31,F,89364,7.2333
29080,P2,BASE,-16.20,0.00,29,F,89364,7.0713
29090,P2,BASE,-16.35,0.00,28,F,89364,6.9078
29100,P2,BASE,-16.50,0.00,27,F,89364,6.7428
29110,P2,BASE,-16.65,0.00,26,F,89364,6.5763
29120,P2,BASE,-16.80,0.00,24,F,89364,6.4083
29130,P2,BASE,-16.95,0.00,23,F,89364,6.2388
29140,P2,BASE,-17.10,0.00,22,F,89364,6.0678
29150,P2,BASE,-17.25,0.00,21,F,89364,5.8953
29160,P2,BASE,-17.40,0.00,19,F,89364,5.7213
29170,P2,BASE,-17.55,0.00,18,F,89364,5.5458
29180,P2,BASE,-17.70,0.00,17,F,89364,5.3688
29190,P2,BASE,-17.85,0.00,15,F,89364,5.1903
29200,P2,BASE,-18.00,0.00,14,F,89364,5.0103
29210,P2,BASE,-18.15,0.00,13,F,89364,4.8288
29220,P2,BASE,-18.30,0.00,11,F,89364,4.6458
29230,P2,BASE,-18.45,0.00,10,F,89364,4.4613
29240,P2,BASE,-18.60,0.00,9,F,89364,4.2753
29250,P2,BASE,-18.75,0.00,7,F,89364,4.0878
29260,P2,BASE,-18.90,0.00,6,F,89364,3.8988
29270,P2,BASE,-19.05,0.00,4,F,89364,3.7083
29280,P2,BASE,-19.20,0.00,3,F,89364,3.5163
29290,P2,BASE,-19.35,0.00,2,F,89364,3.3228
29300,P2,BASE,-19.50,0.00,0,N,89364,3.1278
29310,P2,BASE,-19.65,0.00,0,N,89364,2.9313
29320,P2,BASE,-19.80,0.00,-2,R,89364,2.7333
29330,P2,BASE,-19.95,0.00,-3,R,89364,2.5338
29340,P2,BASE,-20.10,0.00,-5,R,89364,2.3328
29350,P2,BASE,-20.25,0.00,-6,R,89364,2.1303
29360,P2,BASE,-20.40,0.00,-8,R,89364,1.9263
29370,P2,BASE,-20.55,0.00,-9,R,89364,1.7208
29380,P2,BASE,-20.70,0.00,-11,R,89364,1.5138
29390,P2,BASE,-20.85,0.00,-12,R,89364,1.3053
29400,P2,BASE,-21.00,0.00,-14,R,89364,1.0953
29410,P2,BASE,-21.15,0.00,-15,R,89364,0.8838
29420,P2,BASE,-21.30,0.00,-17,R,89364,0.6708
29430,P2,BASE,-21.45,0.00,-18,R,89364,0.4563
29440,P2,BASE,-21.60,0.00,-20,R,89364,0.2403
29450,P2,BASE,-21.75,0.00,-21,R,89364,0.0228
29460,P2,BASE,-21.90,0.00,-23,R,89364,-0.1962
29470,P2,BASE,-22.05,0.00,-25,R,89364,-0.4167
29480,P2,BASE,-22.20,0.00,-26,R,89364,-0.6387
29490,P2,BASE,-22.35,0.00,-28,R,89364,-0.8622
29500,P2,BASE,-22.50,0.00,-30,R,89364,-1.0872
29510,P2,BASE,-22.65,0.00,-31,R,89364,-1.3137
29520,P2,BASE,-22.80,0.00,-33,R,89364,-1.5417
29530,P2,BASE,-22.95,0.00,-34,R,89364,-1.7712
29540,P2,BASE,-23.10,0.00,-36,R,89364,-2.0022
29550,P2,BASE,-23.25,0.00,-38,R,89364,-2.2347
29560,P2,BASE,-23.40,0.00,-40,R,89364,-2.4687
29570,P2,BASE,-23.55,0.00,-41,R,89364,-2.7042
29580,P2,BASE,-23.70,0.00,-43,R,89364,-2.9412
29590,P2,BASE,-23.85,0.00,-45,R,89364,-3.1797
29600,P2,BASE,-24.00,0.00,-46,R,89364,-3.4197
29610,P2,BASE,-24.15,0.00,-48,R,89364,-3.6612
29620,P2,BASE,-24.30,0.00,-50,R,89364,-3.9042
29630,P2,BASE,-24.45,0.00,-52,R,89364,-4.1487
29640,P2,BASE,-24.60,0.00,-53,R,89364,-4.3947
29650,P2,BASE,-24.75,0.00,-55,R,89364,-4.6422
29660,P2,BASE,-24.90,0.00,-57,R,89364,-4.8912
29670,P2,BASE,-25.05,0.00,-59,R,89364,-5.1417
29680,P2,BASE,-25.20,0.00,-61,R,89364,-5.3937
29690,P2,BASE,-25.35,0.00,-62,R,89364,-5.6472
29700,P2,BASE,-25.50,0.00,-64,R,89364,-5.9022
29710,P2,BASE,-25.65,0.00,-66,R,89364,-6.1587
29720,P2,BASE,-25.80,0.00,-68,R,89364,-6.4167
29730,P2,BASE,-25.95,0.00,-70,R,89364,-6.6762
29740,P2,BASE,-26.10,0.00,-72,R,89364,-6.9372
29750,P2,BASE,-26.25,0.00,-74,R,89364,-7.1997
29760,P2,BASE,-26.40,0.00,-75,R,89364,-7.4637
29770,P2,BASE,-26.55,0.00,-77,R,89364,-7.7292
29780,P2,BASE,-26.70,0.00,-79,R,89364,-7.9962
29790,P2,BASE,-26.85,0.00,-81,R,89364,-8.2647
29800,P2,BASE,-27.00,0.00,-83,R,89364,-8.5347
29810,P2,BASE,-27.15,0.00,-85,R,89364,-8.8062
29820,P2,BASE,-27.30,0.00,-87,R,89364,-9.0792
29830,P2,BASE,-27.45,0.00,-89,R,89364,-9.3537
29840,P2,BASE,-27.60,0.00,-91,R,89364,-9.6297
29850,P2,BASE,-27.75,0.00,-93,R,89364,-9.9072
29860,P2,BASE,-27.90,0.00,-95,R,89364,-10.1862
29870,P2,BASE,-28.05,0.00,-97,R,89364,-10.4667
29880,P2,BASE,-28.20,0.00,-99,R,89364,-10.7487
29890,P2,BASE,-28.35,0.00,-101,R,89364,-11.0322
29900,P2,BASE,-28.50,0.00,-103,R,89364,-11.3172
29910,P2,BASE,-28.65,0.00,-105,R,89364,-11.6037
29920,P2,BASE,-28.80,0.00,-107,R,89364,-11.8917
29930,P2,BASE,-28.95,0.00,-109,R,89364,-12.1812
29940,P2,BASE,-29.10,0.00,-111,R,89364,-12.4722
29950,P2,BASE,-29.25,0.00,-113,R,89364,-12.7647
29960,P2,BASE,-29.40,0.00,-115,R,89364,-13.0587
29970,P2,BASE,-29.55,0.00,-117,R,89364,-13.3542
29980,P2,BASE,-29.70,0.00,-119,R,89364,-13.6512
29990,P2,BASE,-29.85,0.00,-121,R,89364,-13.9497
30000,P2,BASE,-30.00,0.00,-124,R,89364,-14.2497
30010,P2,BASE,-30.15,0.00,-126,R,89364,-14.5512
30020,P2,BASE,-30.30,0.00,-128,R,89364,-14.8542
30030,P2,BASE,-30.45,0.00,-130,R,89364,-15.1587
30040,P2,BASE,-30.60,0.00,-132,R,89364,-15.4647
30050,P2,BASE,-30.75,0.00,-134,R,89364,-15.7722
30060,P2,BASE,-30.90,0.00,-137,R,89364,-16.0812
30070,P2,BASE,-31.05,0.00,-139,R,89364,-16.3917
30080,P2,BASE,-31.20,-7.50,-133,R,89361,-16.6287
30090,P2,BASE,-31.35,-12.50,-129,R,89356,-16.8173
30100,P2,BASE,-31.50,-12.49,-131,R,89351,-17.0073
30110,P2,BASE,-31.65,-12.51,-132,R,89346,-17.1987
30120,P2,BASE,-31.80,-15.00,-131,R,89340,-17.3668
30130,P2,BASE,-31.95,-17.51,-129,R,89333,-17.5112
30140,P2,BASE,-32.10,-17.50,-130,R,89326,-17.6572
30150,P2,BASE,-32.25,-17.50,-131,R,89319,-17.8047
30160,P2,BASE,-32.40,-20.00,-130,R,89311,-17.9287
30170,P2,BASE,-32.55,-20.00,-131,R,89303,-18.0542
30180,P2,BASE,-32.70,-20.00,-132,R,89295,-18.1812
30190,P2,BASE,-32.85,-22.50,-130,R,89286,-18.2848
30200,P2,BASE,-33.00,-20.00,-134,R,89278,-18.4147
30210,P2,BASE,-33.15,-25.00,-129,R,89268,-18.4962
30220,P2,BASE,-33.30,-22.50,-133,R,89259,-18.6042
30230,P2,BASE,-33.45,-25.00,-131,R,89249,-18.6887
30240,P2,BASE,-33.60,-27.50,-129,R,89238,-18.7497
30250,P2,BASE,-33.75,-24.99,-132,R,89228,-18.8373
30260,P2,BASE,-33.90,-25.01,-133,R,89218,-18.9262
30270,P2,BASE,-34.05,-27.50,-131,R,89207,-18.9917
30280,P2,BASE,-34.20,-27.49,-131,R,89196,-19.0588
30290,P2,BASE,-34.35,-30.01,-129,R,89184,-19.1022
30300,P2,BASE,-34.50,-29.99,-130,R,89172,-19.1473
30310,P2,BASE,-34.65,-27.50,-133,R,89161,-19.2188
30320,P2,BASE,-34.80,-30.01,-131,R,89149,-19.2667
30330,P2,BASE,-34.95,-29.99,-131,R,89137,-19.3163
30340,P2,BASE,-35.10,-32.50,-129,R,89124,-19.3422
30350,P2,BASE,-35.25,-29.99,-132,R,89112,-19.3948
30360,P2,BASE,-35.40,-32.51,-130,R,89099,-19.4237
30370,P2,BASE,-35.55,-29.99,-133,R,89087,-19.4792
30380,P2,BASE,-35.70,-32.51,-131,R,89074,-19.5112
30390,P2,BASE,-35.85,-32.50,-131,R,89061,-19.5447
30400,P2,BASE,-36.00,-35.00,-129,R,89047,-19.5547
30410,P2,BASE,-36.15,-32.49,-132,R,89034,-19.5913
30420,P2,BASE,-36.30,-32.51,-132,R,89021,-19.6292
30430,P2,BASE,-36.45,-34.99,-130,R,89007,-19.6438
30440,P2,BASE,-36.60,-35.00,-130,R,88993,-19.6598
30450,P2,BASE,-36.75,-32.51,-133,R,88980,-19.7022
30460,P2,BASE,-36.90,-35.00,-131,R,88966,-19.7212
30470,P2,BASE,-37.05,-34.99,-131,R,88952,-19.7418
30480,P2,BASE,-37.20,-37.50,-129,R,88937,-19.7388
30490,P2,BASE,-37.35,-35.00,-132,R,88923,-19.7623
30500,P2,BASE,-37.50,-35.00,-132,R,88909,-19.7872
30510,P2,BASE,-37.65,-37.50,-130,R,88894,-19.7888
30520,P2,BASE,-37.80,-37.50,-130,R,88879,-19.7918
30530,P2,BASE,-37.95,-37.51,-130,R,88864,-19.7962
30540,P2,BASE,-38.10,-37.50,-130,R,88849,-19.8022
30550,P2,BASE,-38.25,-37.50,-130,R,88834,-19.8097
30560,P2,BASE,-38.40,-39.99,-128,R,88818,-19.7938
30570,P2,BASE,-38.55,-40.00,-128,R,88802,-19.7793
30580,P2,BASE,-38.70,-40.00,-128,R,88786,-19.7663
30590,P2,BASE,-38.85,-40.02,-128,R,88770,-19.7547
30600,P2,BASE,-39.00,-40.00,-128,R,88754,-19.7447
30610,P2,BASE,-39.15,-39.98,-128,R,88738,-19.7363
30620,P2,BASE,-39.30,-40.01,-128,R,88722,-19.7292
30630,P2,BASE,-39.45,-42.51,-126,R,88705,-19.6987
30640,P2,BASE,-39.60,-42.49,-126,R,88688,-19.6698
30650,P2,BASE,-39.75,-40.00,-128,R,88672,-19.6672
30660,P2,BASE,-39.90,-40.00,-129,R,88656,-19.6663
30670,P2,BASE,-40.05,-42.51,-126,R,88639,-19.6417
30680,P2,BASE,-40.20,-42.49,-126,R,88622,-19.6187
30690,P2,BASE,-40.35,-39.99,-129,R,88606,-19.6223
30700,P2,BASE,-40.50,-42.51,-126,R,88589,-19.6022
30710,P2,BASE,-40.65,-42.50,-126,R,88572,-19.5837
30720,P2,BASE,-40.80,-42.50,-126,R,88555,-19.5667
30730,P2,BASE,-40.95,-42.49,-126,R,88538,-19.5513
30740,P2,BASE,-41.10,-42.50,-126,R,88521,-19.5373
30750,P2,BASE,-41.25,-45.00,-124,R,88503,-19.4998
30760,P2,BASE,-41.40,-40.00,-129,R,88487,-19.5137
30770,P2,BASE,-41.55,-45.00,-124,R,88469,-19.4793
30780,P2,BASE,-41.70,-42.50,-127,R,88452,-19.4712
30790,P2,BASE,-41.85,-42.50,-127,R,88435,-19.4648
30800,P2,BASE,-42.00,-42.50,-127,R,88418,-19.4598
30810,P2,BASE,-42.15,-42.51,-127,R,88401,-19.4562
30820,P2,BASE,-42.30,-42.50,-127,R,88384,-19.4542
30830,P2,BASE,-42.45,-42.50,-127,R,88367,-19.4538
30840,P2,BASE,-42.60,-40.00,-130,R,88351,-19.4797
30850,P2,BASE,-42.75,-42.51,-128,R,88334,-19.4822
30860,P2,BASE,-42.90,-42.48,-128,R,88317,-19.4863
30870,P2,BASE,-43.05,-40.00,-131,R,88301,-19.5168
30880,P2,BASE,-43.20,-42.50,-128,R,88284,-19.5238
30890,P2,BASE,-43.35,-42.51,-129,R,88267,-19.5322
30900,P2,BASE,-43.50,-40.00,-132,R,88251,-19.5672
30910,P2,BASE,-43.65,-39.99,-132,R,88235,-19.6038
30920,P2,BASE,-43.80,-42.50,-130,R,88218,-19.6168
30930,P2,BASE,-43.95,-40.01,-133,R,88202,-19.6562
30940,P2,BASE,-44.10,-39.99,-133,R,88186,-19.6973
30950,P2,BASE,-44.25,-42.50,-131,R,88169,-19.7148
30960,P2,BASE,-44.40,-40.01,-134,R,88153,-19.7587
30970,P2,BASE,-44.55,-40.00,-134,R,88137,-19.8042
30980,P2,BASE,-44.70,-42.50,-132,R,88120,-19.8262
30990,P2,BASE,-44.85,-40.00,-135,R,88104,-19.8747
31000,P2,BASE,-45.00,-42.48,-133,R,88087,-19.8998
31010,P2,BASE,-45.15,-40.02,-136,R,88071,-19.9512
31020,P2,BASE,-45.30,-42.48,-134,R,88054,-19.9793
31030,P2,BASE,-45.45,-40.02,-137,R,88038,-20.0337
31040,P2,BASE,-45.60,-42.49,-134,R,88021,-20.0648
31050,P2,BASE,-45.75,-40.00,-138,R,88005,-20.1223
31060,P2,BASE,-45.90,-42.50,-135,R,87988,-20.1563
31070,P2,BASE,-46.05,-42.50,-136,R,87971,-20.1918
31080,P2,BASE,-46.20,-42.51,-136,R,87954,-20.2287
31090,P2,BASE,-46.35,-40.00,-139,R,87938,-20.2922
31100,P2,BASE,-46.50,-45.00,-134,R,87920,-20.3072
31110,P2,BASE,-46.65,-42.49,-137,R,87903,-20.3489
31120,P2,BASE,-46.80,-42.52,-138,R,87886,-20.3917
31130,P2,BASE,-46.95,-45.00,-136,R,87868,-20.4112
31140,P2,BASE,-47.10,-42.50,-139,R,87851,-20.4572
31150,P2,BASE,-47.25,-42.50,-139,R,87834,-20.5047
31160,P2,BASE,-47.40,-44.99,-137,R,87816,-20.5288
31170,P2,BASE,-47.55,-45.00,-137,R,87798,-20.5544
31180,P2,BASE,-47.70,-45.01,-137,R,87780,-20.5812
31190,P2,BASE,-47.85,-42.50,-140,R,87763,-20.6348
31200,P2,BASE,-48.00,-45.00,-138,R,87745,-20.6648
31210,P2,BASE,-48.15,-45.01,-139,R,87727,-20.6962
31220,P2,BASE,-48.30,-42.50,-142,R,87710,-20.7542
31230,P2,BASE,-48.45,-44.99,-140,R,87692,-20.7888
31240,P2,BASE,-48.60,-47.50,-137,R,87673,-20.7999
31250,P2,BASE,-48.75,-47.52,-137,R,87654,-20.8122
31260,P2,BASE,-48.90,-45.00,-140,R,87636,-20.8512
31270,P2,BASE,-49.05,-47.49,-138,R,87617,-20.8668
31280,P2,BASE,-49.20,-50.01,-136,R,87597,-20.8587
31290,P2,BASE,-49.35,-47.50,-139,R,87578,-20.8773
31300,P2,BASE,-49.50,-47.50,-139,R,87559,-20.8972
31310,P2,BASE,-49.65,-49.99,-136,R,87539,-20.8938
31320,P2,BASE,-49.80,-47.50,-139,R,87520,-20.9168
31330,P2,BASE,-49.95,-50.01,-137,R,87500,-20.9162
31340,P2,BASE,-50.10,-50.01,-137,R,87480,-20.9172
31350,P2,BASE,-50.25,-47.49,-140,R,87461,-20.9448
31360,P2,BASE,-50.40,-50.01,-137,R,87441,-20.9487
31370,P2,BASE,-50.55,-52.48,-135,R,87420,-20.9294
31380,P2,BASE,-50.70,-47.50,-140,R,87401,-20.9614
31390,P2,BASE,-50.85,-50.02,-138,R,87381,-20.9697
31400,P2,BASE,-51.00,-52.49,-136,R,87360,-20.9548
31410,P2,BASE,-51.15,-47.50,-141,R,87341,-20.9913
31420,P2,BASE,-51.30,-50.01,-139,R,87321,-21.0043
31430,P2,BASE,-51.45,-52.51,-136,R,87300,-20.9937
31440,P2,BASE,-51.60,-50.01,-139,R,87280,-21.0097
31450,P2,BASE,-51.75,-52.49,-137,R,87259,-21.0023
31460,P2,BASE,-51.90,-50.01,-139,R,87239,-21.0212
31470,P2,BASE,-52.05,-50.00,-140,R,87219,-21.0417
31480,P2,BASE,-52.20,-49.98,-140,R,87199,-21.0639
31490,P2,BASE,-52.35,-50.02,-140,R,87179,-21.0872
31500,P2,BASE,-52.50,-49.99,-141,R,87159,-21.1122
31510,P2,BASE,-52.65,-49.99,-141,R,87139,-21.1388
31520,P2,BASE,-52.80,-50.01,-141,R,87119,-21.1668
31530,P2,BASE,-52.95,-50.01,-142,R,87099,-21.1962
31540,P2,BASE,-53.10,-50.01,-142,R,87079,-21.2272
31550,P2,BASE,-53.25,-49.99,-142,R,87059,-21.2597
31560,P2,BASE,-53.40,-49.99,-143,R,87039,-21.2938
31570,P2,BASE,-53.55,-52.51,-140,R,87018,-21.3042
31580,P2,BASE,-53.70,-52.49,-141,R,86997,-21.3163
31590,P2,BASE,-53.85,-49.99,-144,R,86977,-21.3548
31600,P2,BASE,-54.00,-52.50,-141,R,86956,-21.3698
31610,P2,BASE,-54.15,-52.50,-142,R,86935,-21.3863
31620,P2,BASE,-54.30,-52.50,-142,R,86914,-21.4043
31630,P2,BASE,-54.45,-52.51,-142,R,86893,-21.4238
31640,P2,BASE,-54.60,-52.51,-142,R,86872,-21.4447
31650,P2,BASE,-54.75,-54.99,-140,R,86850,-21.4423
31660,P2,BASE,-54.90,-52.49,-143,R,86829,-21.4663
31670,P2,BASE,-55.05,-52.50,-143,R,86808,-21.4918
31680,P2,BASE,-55.20,-52.51,-144,R,86787,-21.5187
31690,P2,BASE,-55.35,-55.01,-141,R,86765,-21.5222
31700,P2,BASE,-55.50,-52.49,-144,R,86744,-21.5522
31710,P2,BASE,-55.65,-54.98,-142,R,86722,-21.5589
31720,P2,BASE,-55.80,-55.02,-142,R,86700,-21.5667
31730,P2,BASE,-55.95,-52.49,-145,R,86679,-21.6013
31740,P2,BASE,-56.10,-55.00,-143,R,86657,-21.6123
31750,P2,BASE,-56.25,-52.51,-145,R,86636,-21.6497
31760,P2,BASE,-56.40,-55.01,-143,R,86614,-21.6637
31770,P2,BASE,-56.55,-52.49,-146,R,86593,-21.7042
31780,P2,BASE,-56.70,-54.99,-144,R,86571,-21.7213
31790,P2,BASE,-56.85,-52.51,-147,R,86550,-21.7648
31800,P2,BASE,-57.00,-55.01,-145,R,86528,-21.7847
31810,P2,BASE,-57.15,-54.98,-145,R,86506,-21.8064
31820,P2,BASE,-57.30,-55.01,-145,R,86484,-21.8293
31830,P2,BASE,-57.45,-57.48,-143,R,86461,-21.8291
31840,P2,BASE,-57.60,-52.53,-148,R,86440,-21.8797
31850,P2,BASE,-57.75,-57.50,-143,R,86417,-21.8822
31860,P2,BASE,-57.90,-57.49,-144,R,86394,-21.8863
31870,P2,BASE,-58.05,-57.51,-144,R,86371,-21.8917
31880,P2,BASE,-58.20,-57.49,-144,R,86348,-21.8988
31890,P2,BASE,-58.35,-55.01,-147,R,86326,-21.9322
31900,P2,BASE,-58.50,-57.49,-145,R,86303,-21.9423
31910,P2,BASE,-58.65,-60.01,-142,R,86279,-21.9287
31920,P2,BASE,-58.80,-57.49,-145,R,86256,-21.9419
31930,P2,BASE,-58.95,-57.50,-145,R,86233,-21.9564
31940,P2,BASE,-59.10,-60.00,-143,R,86209,-21.9473
31950,P2,BASE,-59.25,-60.01,-143,R,86185,-21.9397
31960,P2,BASE,-59.40,-57.50,-146,R,86162,-21.9587
31970,P2,BASE,-59.55,-59.98,-143,R,86138,-21.9544
31980,P2,BASE,-59.70,-60.02,-143,R,86114,-21.9512
31990,P2,BASE,-59.85,-62.49,-141,R,86089,-21.9248
32000,P2,BASE,-60.00,-60.01,-143,R,86065,-21.9247
32010,P2,BASE,-60.15,-62.46,-141,R,86040,-21.9016
32020,P2,BASE,-60.30,-60.03,-144,R,86016,-21.9043
32030,P2,BASE,-60.45,-60.01,-144,R,85992,-21.9087
32040,P2,BASE,-60.60,-59.99,-144,R,85968,-21.9149
32050,P2,BASE,-60.75,-60.01,-144,R,85944,-21.9223
32060,P2,BASE,-60.90,-60.00,-144,R,85920,-21.9313
32070,P2,BASE,-61.05,-57.50,-147,R,85897,-21.9668
32080,P2,BASE,-61.20,-62.51,-142,R,85872,-21.9537
32090,P2,BASE,-61.35,-57.49,-148,R,85849,-21.9922
32100,P2,BASE,-61.50,-60.01,-146,R,85825,-22.0072
32110,P2,BASE,-61.65,-59.98,-146,R,85801,-22.0239
32120,P2,BASE,-61.80,-60.01,-146,R,85777,-22.0417
32130,P2,BASE,-61.95,-59.98,-146,R,85753,-22.0614
32140,P2,BASE,-62.10,-60.02,-147,R,85729,-22.0822
32150,P2,BASE,-62.25,-60.01,-147,R,85705,-22.1047
32160,P2,BASE,-62.40,-59.98,-147,R,85681,-22.1289
32170,P2,BASE,-62.55,-60.00,-148,R,85657,-22.1544
32180,P2,BASE,-62.70,-60.01,-148,R,85633,-22.1812
32190,P2,BASE,-62.85,-60.00,-148,R,85609,-22.2097
32200,P2,BASE,-63.00,-59.99,-149,R,85585,-22.2399
32210,P2,BASE,-63.15,-60.02,-149,R,85561,-22.2712
32220,P2,BASE,-63.30,-59.99,-149,R,85537,-22.3042
32230,P2,BASE,-63.45,-60.00,-150,R,85513,-22.3387
32240,P2,BASE,-63.60,-62.49,-147,R,85488,-22.3499
32250,P2,BASE,-63.75,-60.00,-150,R,85464,-22.3874
32260,P2,BASE,-63.90,-62.50,-148,R,85439,-22.4014
32270,P2,BASE,-64.05,-60.01,-151,R,85415,-22.4418
32280,P2,BASE,-64.20,-59.99,-151,R,85391,-22.4839
32290,P2,BASE,-64.35,-62.51,-149,R,85366,-22.5023
32300,P2,BASE,-64.50,-57.51,-155,R,85343,-22.5723
32310,P2,BASE,-64.65,-62.51,-150,R,85318,-22.5937
32320,P2,BASE,-64.80,-60.00,-153,R,85294,-22.6417
32330,P2,BASE,-64.95,-62.50,-151,R,85269,-22.6662
32340,P2,BASE,-65.10,-60.00,-154,R,85245,-22.7172
32350,P2,BASE,-65.25,-62.48,-152,R,85220,-22.7449
32360,P2,BASE,-65.40,-67.53,-147,R,85193,-22.7237
32370,P2,BASE,-65.55,-62.49,-152,R,85168,-22.7543
32380,P2,BASE,-65.70,-65.01,-150,R,85142,-22.7612
32390,P2,BASE,-65.85,-59.99,-155,R,85118,-22.8197
32400,P2,BASE,-66.00,-65.00,-150,R,85092,-22.8297
32410,P2,BASE,-66.15,-64.99,-151,R,85066,-22.8413
32420,P2,BASE,-66.30,-64.99,-151,R,85040,-22.8544
32430,P2,BASE,-66.45,-65.02,-151,R,85014,-22.8687
32440,P2,BASE,-66.60,-62.49,-154,R,84989,-22.9097
32450,P2,BASE,-66.75,-67.49,-149,R,84962,-22.9024
32460,P2,BASE,-66.90,-65.01,-152,R,84936,-22.9212
32470,P2,BASE,-67.05,-65.00,-152,R,84910,-22.9417
32480,P2,BASE,-67.20,-65.01,-153,R,84884,-22.9637
32490,P2,BASE,-67.35,-67.48,-150,R,84857,-22.9624
32500,P2,BASE,-67.50,-65.01,-153,R,84831,-22.9873
32510,P2,BASE,-67.65,-65.01,-153,R,84805,-23.0137
32520,P2,BASE,-67.80,-64.99,-154,R,84779,-23.0417
32530,P2,BASE,-67.95,-62.49,-157,R,84754,-23.0963
32540,P2,BASE,-68.10,-64.99,-155,R,84728,-23.1274
32550,P2,BASE,-68.25,-65.02,-155,R,84702,-23.1597
32560,P2,BASE,-68.40,-65.00,-155,R,84676,-23.1937
32570,P2,BASE,-68.55,-62.49,-158,R,84651,-23.2544
32580,P2,BASE,-68.70,-65.01,-156,R,84625,-23.2912
32590,P2,BASE,-68.85,-67.50,-154,R,84598,-23.3047
32600,P2,BASE,-69.00,-67.49,-154,R,84571,-23.3199
32610,P2,BASE,-69.15,-67.50,-154,R,84544,-23.3364
32620,P2,BASE,-69.30,-67.51,-155,R,84517,-23.3543
32630,P2,BASE,-69.45,-70.01,-152,R,84489,-23.3487
32640,P2,BASE,-69.60,-67.51,-155,R,84462,-23.3697
32650,P2,BASE,-69.75,-67.48,-155,R,84435,-23.3924
32660,P2,BASE,-69.90,-67.51,-156,R,84408,-23.4163
32670,P2,BASE,-70.05,-70.01,-153,R,84380,-23.4167
32680,P2,BASE,-70.20,-67.49,-156,R,84353,-23.4439
32690,P2,BASE,-70.35,-70.01,-154,R,84325,-23.4473
32700,P2,BASE,-70.50,-70.00,-154,R,84297,-23.4523
32710,P2,BASE,-70.65,-70.00,-154,R,84269,-23.4588
32720,P2,BASE,-70.80,-67.49,-157,R,84242,-23.4919
32730,P2,BASE,-70.95,-70.02,-155,R,84214,-23.5011
32740,P2,BASE,-71.10,-69.99,-155,R,84186,-23.5122
32750,P2,BASE,-71.25,-67.49,-158,R,84159,-23.5498
32760,P2,BASE,-71.40,-67.51,-158,R,84132,-23.5887
32770,P2,BASE,-71.55,-67.49,-159,R,84105,-23.6293
32780,P2,BASE,-71.70,-70.01,-157,R,84077,-23.6461
32790,P2,BASE,-71.85,-70.00,-157,R,84049,-23.6646
32800,P2,BASE,-72.00,-70.00,-157,R,84021,-23.6846
32810,P2,BASE,-72.15,-72.49,-155,R,83992,-23.6813
32820,P2,BASE,-72.30,-67.51,-160,R,83965,-23.7292
32830,P2,BASE,-72.45,-70.00,-158,R,83937,-23.7537
32840,P2,BASE,-72.60,-72.49,-156,R,83908,-23.7548
32850,P2,BASE,-72.75,-72.50,-156,R,83879,-23.7573
32860,P2,BASE,-72.90,-72.51,-156,R,83850,-23.7612
32870,P2,BASE,-73.05,-69.99,-159,R,83822,-23.7918
32880,P2,BASE,-73.20,-72.49,-157,R,83793,-23.7989
32890,P2,BASE,-73.35,-72.53,-157,R,83764,-23.8071
32900,P2,BASE,-73.50,-72.49,-157,R,83735,-23.8173
32910,P2,BASE,-73.65,-75.01,-154,R,83705,-23.8037
32920,P2,BASE,-73.80,-75.01,-155,R,83675,-23.7916
32930,P2,BASE,-73.95,-74.98,-155,R,83645,-23.7814
32940,P2,BASE,-74.10,-72.51,-157,R,83616,-23.7973
32950,P2,BASE,-74.25,-72.50,-158,R,83587,-23.8148
32960,P2,BASE,-74.40,-72.49,-158,R,83558,-23.8339
32970,P2,BASE,-74.55,-75.02,-156,R,83528,-23.8291
32980,P2,BASE,-74.70,-72.49,-158,R,83499,-23.8513
32990,P2,BASE,-74.85,-72.49,-159,R,83470,-23.8749
33000,P2,BASE,-75.00,-72.51,-159,R,83441,-23.8998
33010,P2,BASE,-75.15,-74.96,-157,R,83411,-23.9017
33020,P2,BASE,-75.30,-72.52,-159,R,83382,-23.9295
33030,P2,BASE,-75.45,-72.51,-160,R,83353,-23.9589
33040,P2,BASE,-75.60,-72.51,-160,R,83324,-23.9898
33050,P2,BASE,-75.75,-74.99,-158,R,83294,-23.9974
33060,P2,BASE,-75.90,-72.53,-161,R,83265,-24.0312
33070,P2,BASE,-76.05,-74.98,-158,R,83235,-24.0419
33080,P2,BASE,-76.20,-75.02,-159,R,83205,-24.0537
33090,P2,BASE,-76.35,-74.98,-159,R,83175,-24.0674
33100,P2,BASE,-76.50,-72.50,-162,R,83146,-24.1074
33110,P2,BASE,-76.65,-75.01,-160,R,83116,-24.1237
33120,P2,BASE,-76.80,-74.98,-160,R,83086,-24.1420
33130,P2,BASE,-76.95,-75.02,-160,R,83056,-24.1612
33140,P2,BASE,-77.10,-75.01,-160,R,83026,-24.1822
33150,P2,BASE,-77.25,-75.00,-161,R,82996,-24.2047
33160,P2,BASE,-77.40,-74.99,-161,R,82966,-24.2287
33170,P2,BASE,-77.55,-72.49,-164,R,82937,-24.2793
33180,P2,BASE,-77.70,-72.50,-165,R,82908,-24.3313
33190,P2,BASE,-77.85,-74.99,-162,R,82878,-24.3600
33200,P2,BASE,-78.00,-75.02,-163,R,82848,-24.3897
33210,P2,BASE,-78.15,-72.49,-166,R,82819,-24.4463
33220,P2,BASE,-78.30,-77.50,-161,R,82788,-24.4543
33230,P2,BASE,-78.45,-77.51,-161,R,82757,-24.4637
33240,P2,BASE,-78.60,-74.99,-164,R,82727,-24.4998
33250,P2,BASE,-78.75,-75.00,-164,R,82697,-24.5373
33260,P2,BASE,-78.90,-77.48,-162,R,82666,-24.5515
33270,P2,BASE,-79.05,-75.03,-165,R,82636,-24.5917
33280,P2,BASE,-79.20,-77.50,-163,R,82605,-24.6087
33290,P2,BASE,-79.35,-74.99,-166,R,82575,-24.6523
33300,P2,BASE,-79.50,-77.49,-164,R,82544,-24.6724
33310,P2,BASE,-79.65,-77.52,-164,R,82513,-24.6937
33320,P2,BASE,-79.80,-77.48,-164,R,82482,-24.7169
33330,P2,BASE,-79.95,-77.49,-164,R,82451,-24.7415
33340,P2,BASE,-80.10,-77.50,-165,R,82420,-24.7675
33350,P2,BASE,-80.25,-75.01,-168,R,82390,-24.8198
33360,P2,BASE,-80.40,-77.50,-166,R,82359,-24.8488
33370,P2,BASE,-80.55,-75.01,-169,R,82329,-24.9042
33380,P2,BASE,-80.70,-72.49,-172,R,82300,-24.9864
33390,P2,BASE,-80.85,-77.52,-167,R,82269,-25.0196
33400,P2,BASE,-81.00,-72.48,-173,R,82240,-25.1049
33410,P2,BASE,-81.15,-77.49,-168,R,82209,-25.1414
33420,P2,BASE,-81.30,-80.03,-166,R,82177,-25.1541
33430,P2,BASE,-81.45,-77.48,-169,R,82146,-25.1938
33440,P2,BASE,-81.60,-77.52,-169,R,82115,-25.2346
33450,P2,BASE,-81.75,-79.99,-167,R,82083,-25.2522
33460,P2,BASE,-81.90,-77.49,-170,R,82052,-25.2963
33470,P2,BASE,-82.05,-80.01,-168,R,82020,-25.3167
33480,P2,BASE,-82.20,-80.00,-168,R,81988,-25.3387
33490,P2,BASE,-82.35,-80.00,-168,R,81956,-25.3622
33500,P2,BASE,-82.50,-79.99,-169,R,81924,-25.3873
33510,P2,BASE,-82.65,-79.99,-169,R,81892,-25.4139
33520,P2,BASE,-82.80,-80.00,-169,R,81860,-25.4419
33530,P2,BASE,-82.95,-80.01,-170,R,81828,-25.4713
33540,P2,BASE,-83.10,-80.02,-170,R,81796,-25.5021
33550,P2,BASE,-83.25,-79.98,-171,R,81764,-25.5349
33560,P2,BASE,-83.40,-77.51,-174,R,81733,-25.5938
33570,P2,BASE,-83.55,-77.51,-174,R,81702,-25.6542
33580,P2,BASE,-83.70,-79.99,-172,R,81670,-25.6913
33590,P2,BASE,-83.85,-80.00,-172,R,81638,-25.7298
33600,P2,BASE,-84.00,-80.02,-173,R,81606,-25.7696
33610,P2,BASE,-84.15,-79.99,-173,R,81574,-25.8112
33620,P2,BASE,-84.30,-79.99,-174,R,81542,-25.8543
33630,P2,BASE,-84.45,-80.02,-174,R,81510,-25.8986
33640,P2,BASE,-84.60,-82.47,-172,R,81477,-25.9200
33650,P2,BASE,-84.75,-80.02,-175,R,81445,-25.9673
33660,P2,BASE,-84.90,-80.02,-175,R,81413,-26.0161
33670,P2,BASE,-85.05,-82.48,-173,R,81380,-26.0418
33680,P2,BASE,-85.20,-79.99,-176,R,81348,-26.0939
33690,P2,BASE,-85.35,-82.52,-174,R,81315,-26.1221
33700,P2,BASE,-85.50,-84.99,-172,R,81281,-26.1272
33710,P2,BASE,-85.65,-82.50,-175,R,81248,-26.1587
33720,P2,BASE,-85.80,-82.49,-175,R,81215,-26.1918
33730,P2,BASE,-85.95,-82.50,-175,R,81182,-26.2263
33740,P2,BASE,-86.10,-82.49,-176,R,81149,-26.2624
33750,P2,BASE,-86.25,-82.50,-176,R,81116,-26.2999
33760,P2,BASE,-86.40,-82.51,-176,R,81083,-26.3388
33770,P2,BASE,-86.55,-82.50,-177,R,81050,-26.3793
33780,P2,BASE,-86.70,-82.51,-177,R,81017,-26.4212
33790,P2,BASE,-86.85,-82.51,-178,R,80984,-26.4646
33800,P2,BASE,-87.00,-82.49,-178,R,80951,-26.5097
33810,P2,BASE,-87.15,-82.49,-179,R,80918,-26.5563
33820,P2,BASE,-87.30,-87.51,-174,R,80883,-26.5542
33830,P2,BASE,-87.45,-82.50,-179,R,80850,-26.6037
33840,P2,BASE,-87.60,-85.00,-177,R,80816,-26.6297
33850,P2,BASE,-87.75,-85.00,-177,R,80782,-26.6572
33860,P2,BASE,-87.90,-84.98,-178,R,80748,-26.6864
33870,P2,BASE,-88.05,-87.52,-175,R,80713,-26.6917
33880,P2,BASE,-88.20,-85.01,-178,R,80679,-26.7236
33890,P2,BASE,-88.35,-84.98,-179,R,80645,-26.7573
33900,P2,BASE,-88.50,-85.02,-179,R,80611,-26.7921
33910,P2,BASE,-88.65,-87.48,-177,R,80576,-26.8038
33920,P2,BASE,-88.80,-82.51,-182,R,80543,-26.8667
33930,P2,BASE,-88.95,-85.00,-180,R,80509,-26.9062
33940,P2,BASE,-89.10,-85.00,-181,R,80475,-26.9472
33950,P2,BASE,-89.25,-85.00,-181,R,80441,-26.9897
33960,P2,BASE,-89.40,-90.00,-176,R,80405,-26.9837
33970,P2,BASE,-89.55,-87.50,-179,R,80370,-27.0042
33980,P2,BASE,-89.70,-87.48,-179,R,80335,-27.0264
33990,P2,BASE,-89.85,-87.50,-180,R,80300,-27.0499
34000,P2,BASE,-90.00,-87.53,-180,R,80265,-27.0746
34010,P2,BASE,-90.15,-87.50,-180,R,80230,-27.1011
34020,P2,BASE,-90.30,-87.48,-181,R,80195,-27.1293
34030,P2,BASE,-90.45,-89.99,-178,R,80159,-27.1339
34040,P2,BASE,-90.60,-87.53,-181,R,80124,-27.1646
34050,P2,BASE,-90.75,-90.00,-179,R,80088,-27.1721
34060,P2,BASE,-90.90,-90.00,-179,R,80052,-27.1811
34070,P2,BASE,-91.05,-87.49,-182,R,80017,-27.2167
34080,P2,BASE,-91.20,-87.51,-182,R,79982,-27.2536
34090,P2,BASE,-91.35,-87.48,-183,R,79947,-27.2923
34100,P2,BASE,-91.50,-85.01,-186,R,79913,-27.3572
34110,P2,BASE,-91.65,-87.51,-184,R,79878,-27.3986
34120,P2,BASE,-91.80,-87.48,-184,R,79843,-27.4418
34130,P2,BASE,-91.95,-92.52,-179,R,79806,-27.4361
34140,P2,BASE,-92.10,-89.99,-182,R,79770,-27.4572
34150,P2,BASE,-92.25,-92.51,-180,R,79733,-27.4546
34160,P2,BASE,-92.40,-92.48,-180,R,79696,-27.4538
34170,P2,BASE,-92.55,-92.49,-180,R,79659,-27.4544
34180,P2,BASE,-92.70,-92.53,-180,R,79622,-27.4561
34190,P2,BASE,-92.85,-94.97,-178,R,79584,-27.4349
34200,P2,BASE,-93.00,-92.51,-180,R,79547,-27.4398
34210,P2,BASE,-93.15,-95.01,-178,R,79509,-27.4212
34220,P2,BASE,-93.30,-92.49,-180,R,79472,-27.4293
34230,P2,BASE,-93.45,-92.50,-181,R,79435,-27.4388
34240,P2,BASE,-93.60,-92.48,-181,R,79398,-27.4500
34250,P2,BASE,-93.75,-92.51,-181,R,79361,-27.4624
34260,P2,BASE,-93.90,-92.51,-181,R,79324,-27.4763
34270,P2,BASE,-94.05,-89.99,-184,R,79288,-27.5169
34280,P2,BASE,-94.20,-92.53,-182,R,79251,-27.5336
34290,P2,BASE,-94.35,-92.48,-182,R,79214,-27.5523
34300,P2,BASE,-94.50,-92.52,-183,R,79177,-27.5721
34310,P2,BASE,-94.65,-92.48,-183,R,79140,-27.5938
34320,P2,BASE,-94.80,-95.01,-181,R,79102,-27.5917
34330,P2,BASE,-94.95,-95.00,-181,R,79064,-27.5912
34340,P2,BASE,-95.10,-92.49,-184,R,79027,-27.6173
34350,P2,BASE,-95.25,-92.51,-184,R,78990,-27.6447
34360,P2,BASE,-95.40,-95.00,-181,R,78952,-27.6487
34370,P2,BASE,-95.55,-97.49,-179,R,78913,-27.6293
34380,P2,BASE,-95.70,-95.01,-182,R,78875,-27.6362
34390,P2,BASE,-95.85,-94.99,-182,R,78837,-27.6448
34400,P2,BASE,-96.00,-94.99,-182,R,78799,-27.6549
34410,P2,BASE,-96.15,-95.02,-182,R,78761,-27.6662
34420,P2,BASE,-96.30,-95.01,-183,R,78723,-27.6791
34430,P2,BASE,-96.45,-92.49,-186,R,78686,-27.7187
34440,P2,BASE,-96.60,-95.00,-183,R,78648,-27.7347
34450,P2,BASE,-96.75,-94.98,-184,R,78610,-27.7524
34460,P2,BASE,-96.90,-95.02,-184,R,78572,-27.7712
34470,P2,BASE,-97.05,-95.00,-184,R,78534,-27.7917
34480,P2,BASE,-97.20,-97.50,-182,R,78495,-27.7887
34490,P2,BASE,-97.35,-95.00,-185,R,78457,-27.8122
34500,P2,BASE,-97.50,-97.50,-182,R,78418,-27.8122
34510,P2,BASE,-97.65,-97.49,-182,R,78379,-27.8138
34520,P2,BASE,-97.80,-97.50,-182,R,78340,-27.8168
34530,P2,BASE,-97.95,-97.51,-183,R,78301,-27.8212
34540,P2,BASE,-98.10,-97.50,-183,R,78262,-27.8272
34550,P2,BASE,-98.25,-97.50,-183,R,78223,-27.8347
34560,P2,BASE,-98.40,-97.50,-183,R,78184,-27.8437
34570,P2,BASE,-98.55,-94.99,-186,R,78146,-27.8793
34580,P2,BASE,-98.70,-94.99,-187,R,78108,-27.9164
34590,P2,BASE,-98.85,-97.50,-184,R,78069,-27.9299
34600,P2,BASE,-99.00,-95.02,-187,R,78031,-27.9697
34610,P2,BASE,-99.15,-99.99,-182,R,77991,-27.9613
34620,P2,BASE,-99.30,-97.51,-185,R,77952,-27.9792
34630,P2,BASE,-99.45,-97.50,-185,R,77913,-27.9987
34640,P2,BASE,-99.60,-100.01,-183,R,77873,-27.9946
34650,P2,BASE,-99.75,-97.49,-186,R,77834,-28.0172
34660,P2,BASE,-99.90,-97.50,-186,R,77795,-28.0412
34670,P2,BASE,-100.05,-99.99,-184,R,77755,-28.0418
34680,P2,BASE,-100.20,-97.52,-187,R,77716,-28.0686
34690,P2,BASE,-100.35,-99.99,-184,R,77676,-28.0722
34700,P2,BASE,-100.50,-97.48,-187,R,77637,-28.1024
34710,P2,BASE,-100.65,-100.02,-185,R,77597,-28.1087
34720,P2,BASE,-100.80,-95.00,-190,R,77559,-28.1667
34730,P2,BASE,-100.95,-97.50,-188,R,77520,-28.2012
34740,P2,BASE,-101.10,-97.51,-189,R,77481,-28.2371
34750,P2,BASE,-101.25,-97.48,-189,R,77442,-28.2748
34760,P2,BASE,-101.40,-100.02,-187,R,77402,-28.2886
34770,P2,BASE,-101.55,-102.48,-184,R,77361,-28.2793
34780,P2,BASE,-101.70,-102.50,-184,R,77320,-28.2713
34790,P2,BASE,-101.85,-102.50,-184,R,77279,-28.2648
34800,P2,BASE,-102.00,-102.50,-185,R,77238,-28.2598
34810,P2,BASE,-102.15,-102.51,-185,R,77197,-28.2562
34820,P2,BASE,-102.30,-104.98,-182,R,77155,-28.2294
34830,P2,BASE,-102.45,-105.03,-182,R,77113,-28.2036
34840,P2,BASE,-102.60,-102.50,-185,R,77072,-28.2046
34850,P2,BASE,-102.75,-102.48,-185,R,77031,-28.2073
34860,P2,BASE,-102.90,-102.49,-185,R,76990,-28.2114
34870,P2,BASE,-103.05,-100.00,-188,R,76950,-28.2419
34880,P2,BASE,-103.20,-100.03,-188,R,76910,-28.2736
34890,P2,BASE,-103.35,-102.50,-186,R,76869,-28.2821
34900,P2,BASE,-103.50,-102.48,-186,R,76828,-28.2923
34910,P2,BASE,-103.65,-102.50,-187,R,76787,-28.3038
34920,P2,BASE,-103.80,-102.49,-187,R,76746,-28.3169
34930,P2,BASE,-103.95,-102.51,-187,R,76705,-28.3313
34940,P2,BASE,-104.10,-104.98,-185,R,76663,-28.3225
34950,P2,BASE,-104.25,-102.52,-187,R,76622,-28.3398
34960,P2,BASE,-104.40,-102.50,-188,R,76581,-28.3588
34970,P2,BASE,-104.55,-102.52,-188,R,76540,-28.3791
34980,P2,BASE,-104.70,-104.96,-186,R,76498,-28.3765
34990,P2,BASE,-104.85,-105.02,-186,R,76456,-28.3748
35000,P2,BASE,-105.00,-105.00,-186,R,76414,-28.3748
35010,P2,BASE,-105.15,-104.99,-186,R,76372,-28.3764
35020,P2,BASE,-105.30,-102.52,-189,R,76331,-28.4042
35030,P2,BASE,-105.45,-102.51,-189,R,76290,-28.4336
35040,P2,BASE,-105.60,-102.48,-190,R,76249,-28.4648
35050,P2,BASE,-105.75,-104.98,-187,R,76207,-28.4725
35060,P2,BASE,-105.90,-105.02,-187,R,76165,-28.4813
35070,P2,BASE,-106.05,-105.00,-188,R,76123,-28.4918
35080,P2,BASE,-106.20,-107.52,-185,R,76080,-28.4786
35090,P2,BASE,-106.35,-104.98,-188,R,76038,-28.4923
35100,P2,BASE,-106.50,-105.02,-188,R,75996,-28.5071
35110,P2,BASE,-106.65,-107.49,-186,R,75953,-28.4987
35120,P2,BASE,-106.80,-107.48,-186,R,75910,-28.4919
35130,P2,BASE,-106.95,-107.53,-186,R,75867,-28.4861
35140,P2,BASE,-107.10,-104.97,-189,R,75825,-28.5074
35150,P2,BASE,-107.25,-105.01,-189,R,75783,-28.5298
35160,P2,BASE,-107.40,-105.02,-189,R,75741,-28.5536
35170,P2,BASE,-107.55,-104.97,-190,R,75699,-28.5794
35180,P2,BASE,-107.70,-105.00,-190,R,75657,-28.6064
35190,P2,BASE,-107.85,-105.00,-190,R,75615,-28.6349
35200,P2,BASE,-108.00,-107.53,-188,R,75572,-28.6396
35210,P2,BASE,-108.15,-107.47,-188,R,75529,-28.6464
35220,P2,BASE,-108.30,-107.52,-188,R,75486,-28.6542
35230,P2,BASE,-108.45,-107.48,-189,R,75443,-28.6639
35240,P2,BASE,-108.60,-105.01,-192,R,75401,-28.6998
35250,P2,BASE,-108.75,-107.51,-189,R,75358,-28.7122
35260,P2,BASE,-108.90,-107.50,-190,R,75315,-28.7262
35270,P2,BASE,-109.05,-109.99,-187,R,75271,-28.7168
35280,P2,BASE,-109.20,-105.02,-193,R,75229,-28.7586
35290,P2,BASE,-109.35,-107.47,-190,R,75186,-28.7774
35300,P2,BASE,-109.50,-105.03,-193,R,75144,-28.8221
35310,P2,BASE,-109.65,-104.99,-194,R,75102,-28.8687
35320,P2,BASE,-109.80,-107.48,-192,R,75059,-28.8919
35330,P2,BASE,-109.95,-107.50,-192,R,75016,-28.9164
35340,P2,BASE,-110.10,-110.03,-189,R,74972,-28.9171
35350,P2,BASE,-110.25,-112.48,-187,R,74927,-28.8948
35360,P2,BASE,-110.40,-112.51,-187,R,74882,-28.8737
35370,P2,BASE,-110.55,-110.00,-190,R,74838,-28.8792
35380,P2,BASE,-110.70,-112.51,-187,R,74793,-28.8611
35390,P2,BASE,-110.85,-109.98,-190,R,74749,-28.8698
35400,P2,BASE,-111.00,-114.98,-185,R,74703,-28.8301
35410,P2,BASE,-111.15,-112.50,-187,R,74658,-28.8166
35420,P2,BASE,-111.30,-110.02,-190,R,74614,-28.8293
35430,P2,BASE,-111.45,-110.00,-190,R,74570,-28.8438
35440,P2,BASE,-111.60,-110.00,-191,R,74526,-28.8598
35450,P2,BASE,-111.75,-109.97,-191,R,74482,-28.8777
35460,P2,BASE,-111.90,-107.53,-194,R,74439,-28.9213
35470,P2,BASE,-112.05,-112.49,-189,R,74394,-28.9170
35480,P2,BASE,-112.20,-112.46,-189,R,74349,-28.9144
35490,P2,BASE,-112.35,-110.06,-192,R,74305,-28.9374
35500,P2,BASE,-112.50,-110.00,-192,R,74261,-28.9624
35510,P2,BASE,-112.65,-112.50,-190,R,74216,-28.9639
35520,P2,BASE,-112.80,-112.48,-190,R,74171,-28.9671
35530,P2,BASE,-112.95,-112.53,-190,R,74126,-28.9712
35540,P2,BASE,-113.10,-112.50,-190,R,74081,-28.9772
35550,P2,BASE,-113.25,-114.94,-188,R,74035,-28.9603
35560,P2,BASE,-113.40,-110.07,-193,R,73991,-28.9937
35570,P2,BASE,-113.55,-112.48,-191,R,73946,-29.0044
35580,P2,BASE,-113.70,-110.01,-194,R,73902,-29.0413
35590,P2,BASE,-113.85,-112.47,-192,R,73857,-29.0551
35600,P2,BASE,-114.00,-112.55,-192,R,73812,-29.0697
35610,P2,BASE,-114.15,-112.47,-192,R,73767,-29.0865
35620,P2,BASE,-114.30,-112.51,-192,R,73722,-29.1044
35630,P2,BASE,-114.45,-117.48,-187,R,73675,-29.0741
35640,P2,BASE,-114.60,-112.51,-193,R,73630,-29.0950
35650,P2,BASE,-114.75,-115.02,-190,R,73584,-29.0923
35660,P2,BASE,-114.90,-114.99,-190,R,73538,-29.0914
35670,P2,BASE,-115.05,-117.48,-188,R,73491,-29.0671
35680,P2,BASE,-115.20,-115.03,-191,R,73445,-29.0688
35690,P2,BASE,-115.35,-115.00,-191,R,73399,-29.0723
35700,P2,BASE,-115.50,-112.49,-194,R,73354,-29.1024
35710,P2,BASE,-115.65,-109.99,-197,R,73310,-29.1590
35720,P2,BASE,-115.80,-114.99,-192,R,73264,-29.1671
35730,P2,BASE,-115.95,-112.52,-195,R,73219,-29.2014
35740,P2,BASE,-116.10,-117.48,-190,R,73172,-29.1876
35750,P2,BASE,-116.25,-115.01,-193,R,73126,-29.2000
35760,P2,BASE,-116.40,-115.01,-193,R,73080,-29.2139
35770,P2,BASE,-116.55,-115.01,-193,R,73034,-29.2293
35780,P2,BASE,-116.70,-115.00,-193,R,72988,-29.2463
35790,P2,BASE,-116.85,-114.98,-194,R,72942,-29.2650
35800,P2,BASE,-117.00,-117.52,-191,R,72895,-29.2598
35810,P2,BASE,-117.15,-115.01,-194,R,72849,-29.2812
35820,P2,BASE,-117.30,-114.97,-194,R,72803,-29.3045
35830,P2,BASE,-117.45,-112.53,-197,R,72758,-29.3537
35840,P2,BASE,-117.60,-112.48,-198,R,72713,-29.4049
35850,P2,BASE,-117.75,-115.00,-196,R,72667,-29.4324
35860,P2,BASE,-117.90,-114.98,-196,R,72621,-29.4616
35870,P2,BASE,-118.05,-117.51,-194,R,72574,-29.4670
35880,P2,BASE,-118.20,-117.51,-194,R,72527,-29.4739
35890,P2,BASE,-118.35,-119.98,-191,R,72479,-29.4576
35900,P2,BASE,-118.50,-120.05,-191,R,72431,-29.4422
35910,P2,BASE,-118.65,-120.00,-191,R,72383,-29.4287
35920,P2,BASE,-118.80,-119.98,-192,R,72335,-29.4169
35930,P2,BASE,-118.95,-122.48,-189,R,72286,-29.3816
35940,P2,BASE,-119.10,-120.04,-191,R,72238,-29.3723
35950,P2,BASE,-119.25,-117.51,-194,R,72191,-29.3897
35960,P2,BASE,-119.40,-117.48,-195,R,72144,-29.4089
35970,P2,BASE,-119.55,-114.99,-198,R,72098,-29.4545
35980,P2,BASE,-119.70,-120.00,-193,R,72050,-29.4515
35990,P2,BASE,-119.85,-120.02,-193,R,72002,-29.4498
36000,P2,BASE,-120.00,-114.99,-198,R,71956,-29.4999
36010,P2,BASE,-120.15,-120.00,-193,R,71908,-29.5014
36020,P2,BASE,-120.30,-120.01,-194,R,71860,-29.5043
36030,P2,BASE,-120.45,-119.99,-194,R,71812,-29.5089
36040,P2,BASE,-120.60,-120.01,-194,R,71764,-29.5148
36050,P2,BASE,-120.75,-120.01,-194,R,71716,-29.5221
36060,P2,BASE,-120.90,-119.99,-194,R,71668,-29.5313
36070,P2,BASE,-121.05,-120.00,-195,R,71620,-29.5418
36080,P2,BASE,-121.20,-120.01,-195,R,71572,-29.5536
36090,P2,BASE,-121.35,-119.99,-195,R,71524,-29.5673
36100,P2,BASE,-121.50,-117.50,-198,R,71477,-29.6073
36110,P2,BASE,-121.65,-117.46,-198,R,71430,-29.6491
36120,P2,BASE,-121.80,-122.55,-193,R,71381,-29.6416
36130,P2,BASE,-121.95,-119.99,-196,R,71333,-29.6612
36140,P2,BASE,-122.10,-122.50,-194,R,71284,-29.6572
36150,P2,BASE,-122.25,-122.49,-194,R,71235,-29.6549
36160,P2,BASE,-122.40,-122.51,-194,R,71186,-29.6537
36170,P2,BASE,-122.55,-122.48,-194,R,71137,-29.6545
36180,P2,BASE,-122.70,-125.01,-192,R,71087,-29.6314
36190,P2,BASE,-122.85,-122.52,-194,R,71038,-29.6346
36200,P2,BASE,-123.00,-122.45,-195,R,70989,-29.6401
36210,P2,BASE,-123.15,-117.52,-200,R,70942,-29.6964
36220,P2,BASE,-123.30,-120.02,-198,R,70894,-29.7291
36230,P2,BASE,-123.45,-120.00,-198,R,70846,-29.7636
36240,P2,BASE,-123.60,-125.00,-193,R,70796,-29.7496
36250,P2,BASE,-123.75,-122.46,-196,R,70747,-29.7625
36260,P2,BASE,-123.90,-122.52,-196,R,70698,-29.7763
36270,P2,BASE,-124.05,-122.51,-197,R,70649,-29.7916
36280,P2,BASE,-124.20,-120.00,-200,R,70601,-29.8336
36290,P2,BASE,-124.35,-122.46,-197,R,70552,-29.8525
36300,P2,BASE,-124.50,-125.04,-195,R,70502,-29.8471
36310,P2,BASE,-124.65,-122.49,-198,R,70453,-29.8688
36320,P2,BASE,-124.80,-122.46,-198,R,70404,-29.8921
36330,P2,BASE,-124.95,-120.05,-201,R,70356,-29.9411
36340,P2,BASE,-125.10,-119.96,-202,R,70308,-29.9925
36350,P2,BASE,-125.25,-120.01,-202,R,70260,-30.0449
36360,P2,BASE,-125.40,-122.49,-200,R,70211,-30.0740
36370,P2,BASE,-125.55,-127.51,-195,R,70160,-30.0544
36380,P2,BASE,-125.70,-127.49,-195,R,70109,-30.0365
36390,P2,BASE,-125.85,-127.49,-195,R,70058,-30.0201
36400,P2,BASE,-126.00,-127.54,-195,R,70007,-30.0047
36410,P2,BASE,-126.15,-127.46,-195,R,69956,-29.9916
36420,P2,BASE,-126.30,-129.94,-193,R,69904,-29.9553
36430,P2,BASE,-126.45,-127.58,-195,R,69853,-29.9440
36440,P2,BASE,-126.60,-125.00,-198,R,69803,-29.9600
36450,P2,BASE,-126.75,-125.01,-198,R,69753,-29.9774
36460,P2,BASE,-126.90,-125.03,-198,R,69703,-29.9961
36470,P2,BASE,-127.05,-124.96,-199,R,69653,-30.0170
36480,P2,BASE,-127.20,-127.51,-196,R,69602,-30.0139
36490,P2,BASE,-127.35,-124.98,-199,R,69552,-30.0376
36500,P2,BASE,-127.50,-127.46,-197,R,69501,-30.0380
36510,P2,BASE,-127.65,-125.08,-200,R,69451,-30.0638
36520,P2,BASE,-127.80,-127.50,-197,R,69400,-30.0668
36530,P2,BASE,-127.95,-127.51,-197,R,69349,-30.0711
36540,P2,BASE,-128.10,-124.96,-200,R,69299,-30.1025
36550,P2,BASE,-128.25,-127.51,-198,R,69248,-30.1099
36560,P2,BASE,-128.40,-127.47,-198,R,69197,-30.1191
36570,P2,BASE,-128.55,-127.51,-198,R,69146,-30.1295
36580,P2,BASE,-128.70,-125.00,-201,R,69096,-30.1665
36590,P2,BASE,-128.85,-127.51,-199,R,69045,-30.1799
36600,P2,BASE,-129.00,-127.53,-199,R,68994,-30.1946
36610,P2,BASE,-129.15,-127.47,-200,R,68943,-30.2114
36620,P2,BASE,-129.30,-129.97,-197,R,68891,-30.2046
36630,P2,BASE,-129.45,-127.50,-200,R,68840,-30.2241
36640,P2,BASE,-129.60,-132.51,-195,R,68787,-30.1950
36650,P2,BASE,-129.75,-130.01,-198,R,68735,-30.1924
36660,P2,BASE,-129.90,-130.03,-198,R,68683,-30.1911
36670,P2,BASE,-130.05,-132.46,-195,R,68630,-30.1670
36680,P2,BASE,-130.20,-129.99,-198,R,68578,-30.1691
36690,P2,BASE,-130.35,-125.03,-203,R,68528,-30.2224
36700,P2,BASE,-130.50,-127.51,-201,R,68477,-30.2523
36710,P2,BASE,-130.65,-127.51,-202,R,68426,-30.2836
36720,P2,BASE,-130.80,-129.97,-199,R,68374,-30.2919
36730,P2,BASE,-130.95,-130.03,-199,R,68322,-30.3011
36740,P2,BASE,-131.10,-129.97,-200,R,68270,-30.3124
36750,P2,BASE,-131.25,-127.47,-203,R,68219,-30.3502
36760,P2,BASE,-131.40,-130.05,-200,R,68167,-30.3636
36770,P2,BASE,-131.55,-129.97,-201,R,68115,-30.3794
36780,P2,BASE,-131.70,-130.01,-201,R,68063,-30.3963
36790,P2,BASE,-131.85,-129.97,-201,R,68011,-30.4150
36800,P2,BASE,-132.00,-127.50,-204,R,67960,-30.4600
36810,P2,BASE,-132.15,-127.51,-205,R,67909,-30.5064
36820,P2,BASE,-132.30,-127.53,-205,R,67858,-30.5541
36830,P2,BASE,-132.45,-130.00,-203,R,67806,-30.5786
36840,P2,BASE,-132.60,-132.47,-200,R,67753,-30.5799
36850,P2,BASE,-132.75,-135.01,-198,R,67699,-30.5573
36860,P2,BASE,-132.90,-132.47,-201,R,67646,-30.5615
36870,P2,BASE,-133.05,-137.51,-195,R,67591,-30.5169
36880,P2,BASE,-133.20,-134.99,-198,R,67537,-30.4990
36890,P2,BASE,-133.35,-135.03,-198,R,67483,-30.4823
36900,P2,BASE,-133.50,-135.01,-198,R,67429,-30.4671
36910,P2,BASE,-133.65,-134.97,-198,R,67375,-30.4539
36920,P2,BASE,-133.80,-130.00,-204,R,67323,-30.4919
36930,P2,BASE,-133.95,-132.51,-201,R,67270,-30.5063
36940,P2,BASE,-134.10,-132.47,-202,R,67217,-30.5225
36950,P2,BASE,-134.25,-132.46,-202,R,67164,-30.5404
36960,P2,BASE,-134.40,-132.53,-202,R,67111,-30.5592
36970,P2,BASE,-134.55,-132.53,-202,R,67058,-30.5794
36980,P2,BASE,-134.70,-134.99,-200,R,67004,-30.5765
36990,P2,BASE,-134.85,-132.54,-203,R,66951,-30.5996
37000,P2,BASE,-135.00,-134.97,-200,R,66897,-30.5999
37010,P2,BASE,-135.15,-134.99,-201,R,66843,-30.6016
37020,P2,BASE,-135.30,-132.51,-204,R,66790,-30.6294
37030,P2,BASE,-135.45,-135.00,-201,R,66736,-30.6339
37040,P2,BASE,-135.60,-132.50,-204,R,66683,-30.6649
37050,P2,BASE,-135.75,-132.50,-204,R,66630,-30.6974
37060,P2,BASE,-135.90,-135.01,-202,R,66576,-30.7063
37070,P2,BASE,-136.05,-135.01,-202,R,66522,-30.7166
37080,P2,BASE,-136.20,-137.50,-200,R,66467,-30.7036
37090,P2,BASE,-136.35,-134.99,-203,R,66413,-30.7173
37100,P2,BASE,-136.50,-139.97,-197,R,66357,-30.6826
37110,P2,BASE,-136.65,-137.51,-200,R,66302,-30.6739
37120,P2,BASE,-136.80,-137.50,-200,R,66247,-30.6669
37130,P2,BASE,-136.95,-134.99,-203,R,66193,-30.6866
37140,P2,BASE,-137.10,-134.99,-203,R,66139,-30.7077
37150,P2,BASE,-137.25,-132.54,-206,R,66086,-30.7548
37160,P2,BASE,-137.40,-132.49,-207,R,66033,-30.8039
37170,P2,BASE,-137.55,-137.50,-202,R,65978,-30.8044
37180,P2,BASE,-137.70,-137.51,-202,R,65923,-30.8063
37190,P2,BASE,-137.85,-137.47,-202,R,65868,-30.8101
37200,P2,BASE,-138.00,-135.03,-205,R,65814,-30.8398
37210,P2,BASE,-138.15,-135.00,-205,R,65760,-30.8713
37220,P2,BASE,-138.30,-137.50,-203,R,65705,-30.8793
37230,P2,BASE,-138.45,-137.47,-203,R,65650,-30.8891
37240,P2,BASE,-138.60,-135.01,-206,R,65596,-30.9249
37250,P2,BASE,-138.75,-132.53,-209,R,65543,-30.9872
37260,P2,BASE,-138.90,-134.95,-207,R,65489,-31.0267
37270,P2,BASE,-139.05,-132.55,-210,R,65436,-31.0917
37280,P2,BASE,-139.20,-139.94,-203,R,65380,-31.0842
37290,P2,BASE,-139.35,-137.54,-206,R,65325,-31.1023
37300,P2,BASE,-139.50,-142.49,-201,R,65268,-31.0725
37310,P2,BASE,-139.65,-142.51,-200,R,65211,-31.0438
37320,P2,BASE,-139.80,-142.46,-201,R,65154,-31.0173
37330,P2,BASE,-139.95,-145.03,-198,R,65096,-30.9665
37340,P2,BASE,-140.10,-140.00,-203,R,65040,-30.9675
37350,P2,BASE,-140.25,-140.01,-203,R,64984,-30.9698
37360,P2,BASE,-140.40,-139.99,-203,R,64928,-30.9740
37370,P2,BASE,-140.55,-137.49,-206,R,64873,-31.0046
37380,P2,BASE,-140.70,-137.53,-207,R,64818,-31.0363
37390,P2,BASE,-140.85,-140.00,-204,R,64762,-31.0448
37400,P2,BASE,-141.00,-139.99,-204,R,64706,-31.0550
37410,P2,BASE,-141.15,-142.47,-202,R,64649,-31.0417
37420,P2,BASE,-141.30,-140.01,-205,R,64593,-31.0546
37430,P2,BASE,-141.45,-137.54,-208,R,64538,-31.0937
37440,P2,BASE,-141.60,-142.46,-203,R,64481,-31.0851
37450,P2,BASE,-141.75,-142.53,-203,R,64424,-31.0773
37460,P2,BASE,-141.90,-139.99,-206,R,64368,-31.0965
37470,P2,BASE,-142.05,-139.99,-206,R,64312,-31.1171
37480,P2,BASE,-142.20,-140.03,-206,R,64256,-31.1388
37490,P2,BASE,-142.35,-139.96,-207,R,64200,-31.1628
37500,P2,BASE,-142.50,-142.54,-204,R,64143,-31.1623
37510,P2,BASE,-142.65,-142.47,-204,R,64086,-31.1641
37520,P2,BASE,-142.80,-142.54,-204,R,64029,-31.1667
37530,P2,BASE,-142.95,-145.00,-202,R,63971,-31.1462
37540,P2,BASE,-143.10,-144.94,-202,R,63913,-31.1278
37550,P2,BASE,-143.25,-142.54,-205,R,63856,-31.1348
37560,P2,BASE,-143.40,-144.99,-202,R,63798,-31.1190
37570,P2,BASE,-143.55,-140.00,-208,R,63742,-31.1545
37580,P2,BASE,-143.70,-140.03,-208,R,63686,-31.1912
37590,P2,BASE,-143.85,-139.97,-209,R,63630,-31.2300
37600,P2,BASE,-144.00,-142.53,-206,R,63573,-31.2447
37610,P2,BASE,-144.15,-144.94,-204,R,63515,-31.2368
37620,P2,BASE,-144.30,-142.43,-207,R,63458,-31.2555
37630,P2,BASE,-144.45,-140.11,-209,R,63402,-31.2989
37640,P2,BASE,-144.60,-142.49,-207,R,63345,-31.3200
37650,P2,BASE,-144.75,-145.03,-205,R,63287,-31.3172
37660,P2,BASE,-144.90,-142.47,-208,R,63230,-31.3415
37670,P2,BASE,-145.05,-142.53,-208,R,63173,-31.3667
37680,P2,BASE,-145.20,-137.45,-214,R,63118,-31.4443
37690,P2,BASE,-145.35,-140.01,-212,R,63062,-31.4976
37700,P2,BASE,-145.50,-142.50,-210,R,63005,-31.5276
37710,P2,BASE,-145.65,-147.53,-205,R,62946,-31.5088
37720,P2,BASE,-145.80,-147.47,-205,R,62887,-31.4921
37730,P2,BASE,-145.95,-147.49,-205,R,62828,-31.4768
37740,P2,BASE,-146.10,-150.05,-202,R,62768,-31.4373
37750,P2,BASE,-146.25,-150.00,-202,R,62708,-31.3998
37760,P2,BASE,-146.40,-150.00,-202,R,62648,-31.3638
37770,P2,BASE,-146.55,-144.97,-207,R,62590,-31.3796
37780,P2,BASE,-146.70,-145.01,-207,R,62532,-31.3965
37790,P2,BASE,-146.85,-145.01,-208,R,62474,-31.4148
37800,P2,BASE,-147.00,-144.96,-208,R,62416,-31.4353
37810,P2,BASE,-147.15,-145.04,-208,R,62358,-31.4563
37820,P2,BASE,-147.30,-147.51,-206,R,62299,-31.4542
37830,P2,BASE,-147.45,-144.97,-209,R,62241,-31.4790
37840,P2,BASE,-147.60,-147.51,-206,R,62182,-31.4798
37850,P2,BASE,-147.75,-142.50,-212,R,62125,-31.5323
37860,P2,BASE,-147.90,-150.01,-204,R,62065,-31.5112
37870,P2,BASE,-148.05,-147.46,-207,R,62006,-31.5171
37880,P2,BASE,-148.20,-145.03,-210,R,61948,-31.5488
37890,P2,BASE,-148.35,-147.51,-208,R,61889,-31.5572
37900,P2,BASE,-148.50,-144.97,-211,R,61831,-31.5925
37910,P2,BASE,-148.65,-147.49,-208,R,61772,-31.6041
37920,P2,BASE,-148.80,-147.53,-208,R,61713,-31.6168
37930,P2,BASE,-148.95,-149.96,-206,R,61653,-31.6068
37940,P2,BASE,-149.10,-150.01,-206,R,61593,-31.5976
37950,P2,BASE,-149.25,-150.05,-206,R,61533,-31.5897
37960,P2,BASE,-149.40,-152.48,-204,R,61472,-31.5588
37970,P2,BASE,-149.55,-150.01,-206,R,61412,-31.5542
37980,P2,BASE,-149.70,-147.47,-209,R,61353,-31.5765
37990,P2,BASE,-149.85,-144.99,-212,R,61295,-31.6251
38000,P2,BASE,-150.00,-147.51,-210,R,61236,-31.6500
38010,P2,BASE,-150.00,-150.03,-207,R,61176,-31.6497
38020,P2,BASE,-150.00,-147.44,-210,R,61117,-31.6753
38030,P2,BASE,-150.00,-147.56,-210,R,61058,-31.6997
38040,P2,BASE,-150.00,-147.46,-210,R,60999,-31.7251
38050,P2,BASE,-150.00,-150.01,-208,R,60939,-31.7250
38060,P2,BASE,-150.00,-150.03,-208,R,60879,-31.7247
38070,P2,BASE,-150.00,-147.46,-211,R,60820,-31.7501
38080,P2,BASE,-150.00,-145.03,-213,R,60762,-31.7998
38090,P2,BASE,-150.00,-145.01,-214,R,60704,-31.8497
38100,P2,BASE,-150.00,-144.96,-214,R,60646,-31.9001
38110,P2,BASE,-150.00,-150.00,-209,R,60586,-31.9001
38120,P2,BASE,-150.00,-152.52,-206,R,60525,-31.8750
38130,P2,BASE,-150.00,-155.02,-203,R,60463,-31.8248
38140,P2,BASE,-150.00,-152.48,-206,R,60402,-31.7999
38150,P2,BASE,-150.00,-152.53,-206,R,60341,-31.7746
38160,P2,BASE,-150.00,-154.97,-203,R,60279,-31.7250
38170,P2,BASE,-150.00,-152.48,-205,R,60218,-31.7001
38180,P2,BASE,-150.00,-150.05,-208,R,60158,-31.6997
38190,P2,BASE,-150.00,-147.50,-210,R,60099,-31.7247
38200,P2,BASE,-150.00,-149.99,-208,R,60039,-31.7248
38210,P2,BASE,-150.00,-150.00,-208,R,59979,-31.7248
38220,P2,BASE,-150.00,-149.93,-208,R,59919,-31.7256
38230,P2,BASE,-150.00,-150.09,-208,R,59859,-31.7247
38240,P2,BASE,-150.00,-147.46,-211,R,59800,-31.7501
38250,P2,BASE,-150.00,-150.03,-208,R,59740,-31.7498
38260,P2,BASE,-150.00,-149.96,-208,R,59680,-31.7502
38270,P2,BASE,-150.00,-150.05,-208,R,59620,-31.7498
38280,P2,BASE,-150.00,-149.96,-208,R,59560,-31.7502
38290,P2,BASE,-150.00,-147.54,-211,R,59501,-31.7748
38300,P2,BASE,-150.00,-150.01,-208,R,59441,-31.7747
38310,P2,BASE,-150.00,-149.90,-208,R,59381,-31.7757
38320,P2,BASE,-150.00,-150.01,-208,R,59321,-31.7756
38330,P2,BASE,-150.00,-150.08,-208,R,59261,-31.7748
38340,P2,BASE,-150.00,-152.52,-205,R,59200,-31.7497
38350,P2,BASE,-150.00,-152.47,-205,R,59139,-31.7250
38360,P2,BASE,-150.00,-152.48,-205,R,59078,-31.7001
38370,P2,BASE,-150.00,-152.48,-205,R,59017,-31.6753
38380,P2,BASE,-150.00,-147.56,-210,R,58958,-31.6997
38390,P2,BASE,-150.00,-147.50,-210,R,58899,-31.7247
38400,P2,BASE,-150.00,-147.49,-211,R,58840,-31.7498
38410,P2,BASE,-150.00,-150.00,-208,R,58780,-31.7498
38420,P2,BASE,-150.00,-147.49,-211,R,58721,-31.7750
38430,P2,BASE,-150.00,-150.00,-208,R,58661,-31.7750
38440,P2,BASE,-150.00,-150.01,-208,R,58601,-31.7748
38450,P2,BASE,-150.00,-147.47,-211,R,58542,-31.8001
38460,P2,BASE,-150.00,-150.03,-208,R,58482,-31.7998
38470,P2,BASE,-150.00,-149.96,-208,R,58422,-31.8003
38480,P2,BASE,-150.00,-147.50,-211,R,58363,-31.8253
38490,P2,BASE,-150.00,-142.51,-217,R,58306,-31.9001
38500,P2,BASE,-150.00,-145.04,-214,R,58248,-31.9497
38510,P2,BASE,-150.00,-149.97,-209,R,58188,-31.9500
38520,P2,BASE,-150.00,-152.50,-207,R,58127,-31.9250
38530,P2,BASE,-150.00,-152.50,-206,R,58066,-31.9000
38540,P2,BASE,-150.00,-152.48,-206,R,58005,-31.8751
38550,P2,BASE,-150.00,-155.00,-203,R,57943,-31.8251
38560,P2,BASE,-150.00,-155.03,-203,R,57881,-31.7748
38570,P2,BASE,-150.00,-152.47,-206,R,57820,-31.7501
38580,P2,BASE,-150.00,-150.00,-208,R,57760,-31.7501
38590,P2,BASE,-150.00,-147.50,-211,R,57701,-31.7751
38600,P2,BASE,-150.00,-150.00,-208,R,57641,-31.7751
38610,P2,BASE,-150.00,-150.05,-208,R,57581,-31.7747
38620,P2,BASE,-150.00,-147.49,-211,R,57522,-31.7998
38630,P2,BASE,-150.00,-152.50,-206,R,57461,-31.7748
38640,P2,BASE,-150.00,-150.00,-208,R,57401,-31.7748
38650,P2,BASE,-150.00,-147.50,-211,R,57342,-31.7998
38660,P2,BASE,-150.00,-149.99,-208,R,57282,-31.8000
38670,P2,BASE,-150.00,-149.97,-208,R,57222,-31.8003
38680,P2,BASE,-150.00,-150.05,-208,R,57162,-31.7998
38690,P2,BASE,-150.00,-149.99,-208,R,57102,-31.8000
38700,P2,BASE,-150.00,-147.51,-211,R,57043,-31.8248
38710,P2,BASE,-150.00,-147.51,-211,R,56984,-31.8497
38720,P2,BASE,-150.00,-149.97,-209,R,56924,-31.8500
38730,P2,BASE,-150.00,-152.50,-206,R,56863,-31.8250
38740,P2,BASE,-150.00,-152.48,-206,R,56802,-31.8001
38750,P2,BASE,-150.00,-152.55,-206,R,56741,-31.7747
38760,P2,BASE,-150.00,-152.50,-205,R,56680,-31.7497
38770,P2,BASE,-150.00,-152.48,-205,R,56619,-31.7248
38780,P2,BASE,-150.00,-149.99,-208,R,56559,-31.7250
38790,P2,BASE,-150.00,-144.99,-213,R,56501,-31.7751
38800,P2,BASE,-150.00,-147.49,-211,R,56442,-31.8003
38810,P2,BASE,-150.00,-152.52,-206,R,56381,-31.7751
38820,P2,BASE,-150.00,-147.50,-211,R,56322,-31.8001
38830,P2,BASE,-150.00,-150.01,-208,R,56262,-31.8000
38840,P2,BASE,-150.00,-150.03,-208,R,56202,-31.7997
38850,P2,BASE,-150.00,-147.46,-211,R,56143,-31.8251
38860,P2,BASE,-150.00,-150.01,-209,R,56083,-31.8250
38870,P2,BASE,-150.00,-150.01,-209,R,56023,-31.8248
38880,P2,BASE,-150.00,-147.51,-211,R,55964,-31.8497
38890,P2,BASE,-150.00,-142.46,-217,R,55907,-31.9251
38900,P2,BASE,-150.00,-147.53,-212,R,55848,-31.9498
38910,P2,BASE,-150.00,-147.50,-212,R,55789,-31.9748
38920,P2,BASE,-150.00,-152.47,-207,R,55728,-31.9501
38930,P2,BASE,-150.00,-155.05,-204,R,55666,-31.8996
38940,P2,BASE,-150.00,-152.48,-206,R,55605,-31.8748
38950,P2,BASE,-150.00,-154.98,-203,R,55543,-31.8250
38960,P2,BASE,-150.00,-155.02,-203,R,55481,-31.7748
38970,P2,BASE,-150.00,-152.50,-205,R,55420,-31.7498
38980,P2,BASE,-150.00,-150.01,-208,R,55360,-31.7496
38990,P2,BASE,-150.00,-147.49,-211,R,55301,-31.7748
39000,P2,BASE,-150.00,-150.00,-208,R,55241,-31.7748
39010,P2,BASE,-150.00,-150.00,-208,R,55181,-31.7748
39020,P2,BASE,-150.00,-147.46,-211,R,55122,-31.8002
39030,P2,BASE,-150.00,-152.50,-206,R,55061,-31.7752
39040,P2,BASE,-150.00,-147.54,-211,R,55002,-31.7998
39050,P2,BASE,-150.00,-150.00,-208,R,54942,-31.7998
39060,P2,BASE,-150.00,-150.01,-208,R,54882,-31.7996
39070,P2,BASE,-150.00,-152.47,-206,R,54821,-31.7750
39080,P2,BASE,-150.00,-147.51,-211,R,54762,-31.7998
39090,P2,BASE,-150.00,-149.97,-208,R,54702,-31.8001
39100,P2,BASE,-150.00,-147.54,-211,R,54643,-31.8247
39110,P2,BASE,-150.00,-149.96,-209,R,54583,-31.8251
39120,P2,BASE,-150.00,-149.99,-209,R,54523,-31.8253
39130,P2,BASE,-150.00,-152.55,-206,R,54462,-31.7998
39140,P2,BASE,-150.00,-150.00,-208,R,54402,-31.7998
39150,P2,BASE,-150.00,-155.02,-203,R,54340,-31.7496
39160,P2,BASE,-150.00,-152.48,-205,R,54279,-31.7248
39170,P2,BASE,-150.00,-152.52,-205,R,54218,-31.6996
39180,P2,BASE,-150.00,-150.00,-208,R,54158,-31.6996
39190,P2,BASE,-150.00,-144.97,-213,R,54100,-31.7499
39200,P2,BASE,-150.00,-147.53,-211,R,54041,-31.7746
39210,P2,BASE,-150.00,-152.47,-206,R,53980,-31.7499
39220,P2,BASE,-150.00,-147.51,-211,R,53921,-31.7748
39230,P2,BASE,-150.00,-149.97,-208,R,53861,-31.7751
39240,P2,BASE,-150.00,-150.01,-208,R,53801,-31.7749
39250,P2,BASE,-150.00,-147.53,-211,R,53742,-31.7997
39260,P2,BASE,-150.00,-149.99,-208,R,53682,-31.7998
39270,P2,BASE,-150.00,-150.00,-208,R,53622,-31.7998
39280,P2,BASE,-150.00,-147.47,-211,R,53563,-31.8251
39290,P2,BASE,-150.00,-142.51,-217,R,53506,-31.9000
39300,P2,BASE,-150.00,-145.03,-214,R,53448,-31.9497
39310,P2,BASE,-150.00,-149.96,-209,R,53388,-31.9501
39320,P2,BASE,-150.00,-152.53,-207,R,53327,-31.9248
39330,P2,BASE,-150.00,-154.98,-204,R,53265,-31.8750
39340,P2,BASE,-150.00,-152.47,-206,R,53204,-31.8503
39350,P2,BASE,-150.00,-155.03,-203,R,53142,-31.8000
39360,P2,BASE,-150.00,-152.50,-206,R,53081,-31.7750
39370,P2,BASE,-150.00,-155.03,-203,R,53019,-31.7247
39380,P2,BASE,-150.00,-149.96,-208,R,52959,-31.7251
39390,P2,BASE,-150.00,-147.50,-211,R,52900,-31.7501
39400,P2,BASE,-150.00,-150.01,-208,R,52840,-31.7500
39410,P2,BASE,-150.00,-150.00,-208,R,52780,-31.7500
39420,P2,BASE,-150.00,-147.49,-211,R,52721,-31.7751
39430,P2,BASE,-150.00,-152.48,-205,R,52660,-31.7503
39440,P2,BASE,-150.00,-150.05,-208,R,52600,-31.7498
39450,P2,BASE,-150.00,-147.50,-211,R,52541,-31.7748
39460,P2,BASE,-150.00,-149.99,-208,R,52481,-31.7750
39470,P2,BASE,-150.00,-152.52,-205,R,52420,-31.7498
39480,P2,BASE,-150.00,-147.49,-211,R,52361,-31.7749
39490,P2,BASE,-150.00,-150.03,-208,R,52301,-31.7746
39500,P2,BASE,-150.00,-147.46,-211,R,52242,-31.8001
39510,P2,BASE,-150.00,-150.03,-208,R,52182,-31.7998
39520,P2,BASE,-150.00,-150.00,-208,R,52122,-31.7998
39530,P2,BASE,-150.00,-149.97,-208,R,52062,-31.8001
39540,P2,BASE,-150.00,-152.53,-206,R,52001,-31.7748
39550,P2,BASE,-150.00,-152.50,-205,R,51940,-31.7498
39560,P2,BASE,-150.00,-154.88,-203,R,51878,-31.7010
39570,P2,BASE,-150.00,-150.12,-208,R,51818,-31.6998
39580,P2,BASE,-150.00,-147.51,-210,R,51759,-31.7247
39590,P2,BASE,-150.00,-147.47,-211,R,51700,-31.7500
39600,P2,BASE,-150.00,-147.51,-211,R,51641,-31.7748
39610,P2,BASE,-150.00,-149.99,-208,R,51581,-31.7750
39620,P2,BASE,-150.00,-150.01,-208,R,51521,-31.7748
39630,P2,BASE,-150.00,-150.01,-208,R,51461,-31.7747
39640,P2,BASE,-150.00,-147.46,-211,R,51402,-31.8001
39650,P2,BASE,-150.00,-149.99,-208,R,51342,-31.8003
39660,P2,BASE,-150.00,-150.01,-208,R,51282,-31.8001
39670,P2,BASE,-150.00,-147.50,-211,R,51223,-31.8251
39680,P2,BASE,-150.00,-147.54,-211,R,51164,-31.8497
39690,P2,BASE,-150.00,-144.96,-214,R,51106,-31.9001
39700,P2,BASE,-150.00,-145.04,-214,R,51048,-31.9497
39710,P2,BASE,-150.00,-147.49,-212,R,50989,-31.9748
39720,P2,BASE,-150.00,-152.52,-207,R,50928,-31.9497
39730,P2,BASE,-150.00,-152.48,-207,R,50867,-31.9248
39740,P2,BASE,-150.00,-154.91,-204,R,50805,-31.8757
39750,P2,BASE,-150.00,-155.09,-203,R,50743,-31.8248
39760,P2,BASE,-150.00,-152.52,-206,R,50682,-31.7997
39770,P2,BASE,-150.00,-152.50,-206,R,50621,-31.7747
39780,P2,BASE,-150.00,-149.94,-208,R,50561,-31.7753
39790,P2,BASE,-150.00,-150.01,-208,R,50501,-31.7751
39800,P2,BASE,-150.00,-147.54,-211,R,50442,-31.7997
39810,P2,BASE,-150.00,-152.47,-206,R,50381,-31.7750
39820,P2,BASE,-150.00,-147.50,-211,R,50322,-31.8000
39830,P2,BASE,-150.00,-149.97,-208,R,50262,-31.8003
39840,P2,BASE,-150.00,-150.05,-208,R,50202,-31.7998
39850,P2,BASE,-150.00,-149.97,-208,R,50142,-31.8001
39860,P2,BASE,-150.00,-150.03,-208,R,50082,-31.7998
39870,P2,BASE,-150.00,-150.01,-208,R,50022,-31.7997
39880,P2,BASE,-150.00,-150.00,-208,R,49962,-31.7997
39890,P2,BASE,-150.00,-147.46,-211,R,49903,-31.8251
39900,P2,BASE,-150.00,-147.50,-211,R,49844,-31.8501
39910,P2,BASE,-150.00,-150.05,-209,R,49784,-31.8497
39920,P2,BASE,-150.00,-149.97,-209,R,49724,-31.8500
39930,P2,BASE,-150.00,-152.47,-206,R,49663,-31.8253
39940,P2,BASE,-150.00,-150.06,-208,R,49603,-31.8247
39950,P2,BASE,-150.00,-152.44,-206,R,49542,-31.8003
39960,P2,BASE,-150.00,-155.00,-203,R,49480,-31.7503
39970,P2,BASE,-150.00,-152.56,-205,R,49419,-31.7247
39980,P2,BASE,-150.00,-147.46,-211,R,49360,-31.7501
39990,P2,BASE,-150.00,-147.54,-211,R,49301,-31.7747
40000,P2,BASE,-150.00,-147.50,-211,R,49242,-31.7997
40010,P2,BASE,-150.00,-149.94,-208,R,49182,-31.8003
40020,P2,BASE,-150.00,-150.05,-208,R,49122,-31.7998
40030,P2,BASE,-150.00,-149.96,-208,R,49062,-31.8003
40040,P2,BASE,-150.00,-147.53,-211,R,49003,-31.8250
40050,P2,BASE,-150.00,-150.03,-208,R,48943,-31.8247
40060,P2,BASE,-150.00,-149.94,-209,R,48883,-31.8253
40070,P2,BASE,-150.00,-147.51,-211,R,48824,-31.8501
40080,P2,BASE,-150.00,-147.51,-211,R,48765,-31.8750
40090,P2,BASE,-150.00,-144.99,-214,R,48707,-31.9251
40100,P2,BASE,-150.00,-145.03,-215,R,48649,-31.9748
40110,P2,BASE,-150.00,-147.47,-212,R,48590,-32.0001
40120,P2,BASE,-150.00,-152.55,-207,R,48529,-31.9747
40130,P2,BASE,-150.00,-155.00,-204,R,48467,-31.9247
40140,P2,BASE,-150.00,-152.47,-206,R,48406,-31.9000
40150,P2,BASE,-150.00,-155.00,-204,R,48344,-31.8500
40160,P2,BASE,-150.00,-155.00,-203,R,48282,-31.8000
40170,P2,BASE,-150.00,-152.50,-206,R,48221,-31.7750
40180,P2,BASE,-150.00,-150.00,-208,R,48161,-31.7750
40190,P2,BASE,-150.00,-149.99,-208,R,48101,-31.7751
40200,P2,BASE,-150.00,-147.50,-211,R,48042,-31.8001
40210,P2,BASE,-150.00,-150.05,-208,R,47982,-31.7997
40220,P2,BASE,-150.00,-150.00,-208,R,47922,-31.7997
40230,P2,BASE,-150.00,-149.97,-208,R,47862,-31.8000
40240,P2,BASE,-150.00,-150.00,-208,R,47802,-31.8000
40250,P2,BASE,-150.00,-150.03,-208,R,47742,-31.7997
40260,P2,BASE,-150.00,-149.96,-208,R,47682,-31.8001
40270,P2,BASE,-150.00,-150.05,-208,R,47622,-31.7997
40280,P2,BASE,-150.00,-149.99,-208,R,47562,-31.7998
40290,P2,BASE,-150.00,-147.49,-211,R,47503,-31.8250
40300,P2,BASE,-150.00,-147.53,-211,R,47444,-31.8497
40310,P2,BASE,-150.00,-149.97,-209,R,47384,-31.8500
40320,P2,BASE,-150.00,-150.00,-209,R,47324,-31.8500
40330,P2,BASE,-150.00,-152.47,-206,R,47263,-31.8253
40340,P2,BASE,-150.00,-150.01,-209,R,47203,-31.8251
40350,P2,BASE,-150.00,-152.55,-206,R,47142,-31.7997
40360,P2,BASE,-150.00,-154.97,-203,R,47080,-31.7500
40370,P2,BASE,-150.00,-152.50,-205,R,47019,-31.7250
40380,P2,BASE,-150.00,-150.00,-208,R,46959,-31.7250
40390,P2,BASE,-150.00,-145.01,-213,R,46901,-31.7748
40400,P2,BASE,-150.00,-147.50,-211,R,46842,-31.7998
40410,P2,BASE,-150.00,-152.50,-206,R,46781,-31.7748
40420,P2,BASE,-150.00,-147.51,-211,R,46722,-31.7997
40430,P2,BASE,-150.00,-149.99,-208,R,46662,-31.7998
40440,P2,BASE,-150.00,-150.00,-208,R,46602,-31.7998
40450,P2,BASE,-150.00,-147.51,-211,R,46543,-31.8247
40460,P2,BASE,-150.00,-150.00,-209,R,46483,-31.8247
40470,P2,BASE,-150.00,-149.90,-209,R,46423,-31.8257
40480,P2,BASE,-150.00,-145.10,-214,R,46365,-31.8747
40490,P2,BASE,-150.00,-144.97,-214,R,46307,-31.9250
40500,P2,BASE,-150.00,-144.99,-215,R,46249,-31.9752
40510,P2,BASE,-150.00,-149.99,-210,R,46189,-31.9753
40520,P2,BASE,-150.00,-152.55,-207,R,46128,-31.9499
40530,P2,BASE,-150.00,-154.95,-204,R,46066,-31.9003
40540,P2,BASE,-150.00,-152.55,-206,R,46005,-31.8749
40550,P2,BASE,-150.00,-155.00,-203,R,45943,-31.8249
40560,P2,BASE,-150.00,-154.97,-203,R,45881,-31.7752
40570,P2,BASE,-150.00,-152.50,-205,R,45820,-31.7502
40580,P2,BASE,-150.00,-150.03,-208,R,45760,-31.7499
40590,P2,BASE,-150.00,-147.49,-211,R,45701,-31.7750
40600,P2,BASE,-150.00,-147.47,-211,R,45642,-31.8003
40610,P2,BASE,-150.00,-152.56,-206,R,45581,-31.7747
40620,P2,BASE,-150.00,-147.46,-211,R,45522,-31.8002
40630,P2,BASE,-150.00,-150.05,-208,R,45462,-31.7997
40640,P2,BASE,-150.00,-152.45,-206,R,45401,-31.7752
40650,P2,BASE,-150.00,-149.99,-208,R,45341,-31.7753
40660,P2,BASE,-150.00,-147.53,-211,R,45282,-31.8000
40670,P2,BASE,-150.00,-149.97,-208,R,45222,-31.8003
40680,P2,BASE,-150.00,-150.05,-208,R,45162,-31.7999
40690,P2,BASE,-150.00,-149.97,-208,R,45102,-31.8002
40700,P2,BASE,-150.00,-147.50,-211,R,45043,-31.8252
40710,P2,BASE,-150.00,-147.53,-211,R,44984,-31.8499
40720,P2,BASE,-150.00,-149.99,-209,R,44924,-31.8500
40730,P2,BASE,-150.00,-152.48,-206,R,44863,-31.8252
40740,P2,BASE,-150.00,-152.53,-206,R,44802,-31.7999
40750,P2,BASE,-150.00,-152.48,-206,R,44741,-31.7750
40760,P2,BASE,-150.00,-152.53,-205,R,44680,-31.7497
40770,P2,BASE,-150.00,-152.50,-205,R,44619,-31.7247
40780,P2,BASE,-150.00,-149.94,-208,R,44559,-31.7253
40790,P2,BASE,-150.00,-145.01,-213,R,44501,-31.7752
40800,P2,BASE,-150.00,-147.54,-211,R,44442,-31.7997
40810,P2,BASE,-150.00,-150.00,-208,R,44382,-31.7997
40820,P2,BASE,-150.00,-149.94,-208,R,44322,-31.8003
40830,P2,BASE,-150.00,-150.06,-208,R,44262,-31.7997
40840,P2,BASE,-150.00,-147.49,-211,R,44203,-31.8249
40850,P2,BASE,-150.00,-149.99,-209,R,44143,-31.8250
40860,P2,BASE,-150.00,-150.00,-209,R,44083,-31.8250
40870,P2,BASE,-150.00,-147.47,-211,R,44024,-31.8503
40880,P2,BASE,-150.00,-147.56,-211,R,43965,-31.8747
40890,P2,BASE,-150.00,-144.97,-214,R,43907,-31.9250
40900,P2,BASE,-150.00,-145.00,-215,R,43849,-31.9750
40910,P2,BASE,-150.00,-150.03,-209,R,43789,-31.9747
40920,P2,BASE,-150.00,-152.48,-207,R,43728,-31.9499
40930,P2,BASE,-150.00,-152.50,-207,R,43667,-31.9249
40940,P2,BASE,-150.00,-152.48,-206,R,43606,-31.9000
40950,P2,BASE,-150.00,-154.98,-204,R,43544,-31.8502
40960,P2,BASE,-150.00,-155.02,-203,R,43482,-31.8000
40970,P2,BASE,-150.00,-152.48,-206,R,43421,-31.7752
40980,P2,BASE,-150.00,-149.99,-208,R,43361,-31.7753
40990,P2,BASE,-150.00,-147.53,-211,R,43302,-31.8000
41000,P2,BASE,-150.00,-150.01,-208,R,43242,-31.7999
41010,P2,BASE,-150.00,-152.47,-206,R,43181,-31.7752
41020,P2,BASE,-150.00,-147.53,-211,R,43122,-31.7999
41030,P2,BASE,-150.00,-149.99,-208,R,43062,-31.8000
41040,P2,BASE,-150.00,-152.50,-206,R,43001,-31.7750
41050,P2,BASE,-150.00,-147.49,-211,R,42942,-31.8002
41060,P2,BASE,-150.00,-150.05,-208,R,42882,-31.7997
41070,P2,BASE,-150.00,-152.50,-206,R,42821,-31.7747
41080,P2,BASE,-150.00,-150.00,-208,R,42761,-31.7747
41090,P2,BASE,-150.00,-147.47,-211,R,42702,-31.8000
41100,P2,BASE,-150.00,-147.49,-211,R,42643,-31.8252
41110,P2,BASE,-150.00,-150.03,-208,R,42583,-31.8249
41120,P2,BASE,-150.00,-150.00,-209,R,42523,-31.8249
41130,P2,BASE,-150.00,-152.48,-206,R,42462,-31.8000
41140,P2,BASE,-150.00,-152.47,-206,R,42401,-31.7753
41150,P2,BASE,-150.00,-152.52,-205,R,42340,-31.7502
41160,P2,BASE,-150.00,-155.05,-203,R,42278,-31.6997
41170,P2,BASE,-150.00,-150.00,-208,R,42218,-31.6997
41180,P2,BASE,-150.00,-150.00,-208,R,42158,-31.6997
41190,P2,BASE,-150.00,-147.46,-210,R,42099,-31.7252
41200,P2,BASE,-150.00,-147.54,-211,R,42040,-31.7497
41210,P2,BASE,-150.00,-149.97,-208,R,41980,-31.7500
41220,P2,BASE,-150.00,-150.01,-208,R,41920,-31.7499
41230,P2,BASE,-150.00,-150.01,-208,R,41860,-31.7497
41240,P2,BASE,-150.00,-147.46,-211,R,41801,-31.7752
41250,P2,BASE,-150.00,-147.50,-211,R,41742,-31.8002
41260,P2,BASE,-150.00,-152.50,-206,R,41681,-31.7752
41270,P2,BASE,-150.00,-147.50,-211,R,41622,-31.8002
41280,P2,BASE,-150.00,-147.53,-211,R,41563,-31.8249
41290,P2,BASE,-150.00,-144.96,-214,R,41505,-31.8753
41300,P2,BASE,-150.00,-145.01,-214,R,41447,-31.9252
41310,P2,BASE,-150.00,-150.03,-209,R,41387,-31.9249
41320,P2,BASE,-150.00,-150.01,-209,R,41327,-31.9247
41330,P2,BASE,-150.00,-155.00,-204,R,41265,-31.8747
41340,P2,BASE,-150.00,-152.45,-206,R,41204,-31.8502
41350,P2,BASE,-150.00,-155.00,-203,R,41142,-31.8002
41360,P2,BASE,-150.00,-152.52,-206,R,41081,-31.7750
41370,P2,BASE,-150.00,-155.00,-203,R,41019,-31.7250
41380,P2,BASE,-150.00,-149.97,-208,R,40959,-31.7253
41390,P2,BASE,-150.00,-147.53,-211,R,40900,-31.7500
41400,P2,BASE,-150.00,-150.00,-208,R,40840,-31.7500
41410,P2,BASE,-150.00,-150.03,-208,R,40780,-31.7497
41420,P2,BASE,-150.00,-150.00,-208,R,40720,-31.7497
41430,P2,BASE,-150.00,-149.99,-208,R,40660,-31.7499
41440,P2,BASE,-150.00,-149.97,-208,R,40600,-31.7502
41450,P2,BASE,-150.00,-147.49,-211,R,40541,-31.7753
41460,P2,BASE,-150.00,-150.01,-208,R,40481,-31.7752
41470,P2,BASE,-150.00,-152.55,-205,R,40420,-31.7497
41480,P2,BASE,-150.00,-147.47,-211,R,40361,-31.7750
41490,P2,BASE,-150.00,-149.99,-208,R,40301,-31.7752
41500,P2,BASE,-150.00,-147.53,-211,R,40242,-31.7999
41510,P2,BASE,-150.00,-149.97,-208,R,40182,-31.8002
41520,P2,BASE,-150.00,-150.01,-208,R,40122,-31.8000
41530,P2,BASE,-150.00,-150.00,-208,R,40062,-31.8000
41540,P2,BASE,-150.00,-152.52,-206,R,40001,-31.7749
41550,P2,BASE,-150.00,-152.47,-206,R,39940,-31.7502
41560,P2,BASE,-150.00,-155.02,-203,R,39878,-31.7000
41570,P2,BASE,-150.00,-152.48,-205,R,39817,-31.6752
41580,P2,BASE,-150.00,-147.50,-210,R,39758,-31.7002
41590,P2,BASE,-150.00,-147.51,-210,R,39699,-31.7250
41600,P2,BASE,-150.00,-147.40,-211,R,39640,-31.7510
41610,P2,BASE,-150.00,-150.09,-208,R,39580,-31.7501
41620,P2,BASE,-150.00,-150.05,-208,R,39520,-31.7497
41630,P2,BASE,-150.00,-147.50,-211,R,39461,-31.7747
41640,P2,BASE,-150.00,-150.00,-208,R,39401,-31.7747
41650,P2,BASE,-150.00,-147.49,-211,R,39342,-31.7998
41660,P2,BASE,-150.00,-149.99,-208,R,39282,-31.8000
41670,P2,BASE,-150.00,-150.03,-208,R,39222,-31.7997
41680,P2,BASE,-150.00,-147.50,-211,R,39163,-31.8247
41690,P2,BASE,-150.00,-142.49,-217,R,39106,-31.8998
41700,P2,BASE,-150.00,-144.99,-214,R,39048,-31.9500
41710,P2,BASE,-150.00,-150.00,-209,R,38988,-31.9500
41720,P2,BASE,-150.00,-152.52,-207,R,38927,-31.9248
41730,P2,BASE,-150.00,-154.95,-204,R,38865,-31.8753
41740,P2,BASE,-150.00,-152.56,-206,R,38804,-31.8497
41750,P2,BASE,-150.00,-155.00,-203,R,38742,-31.7997
41760,P2,BASE,-150.00,-152.48,-206,R,38681,-31.7748
41770,P2,BASE,-150.00,-154.91,-203,R,38619,-31.7258
41780,P2,BASE,-150.00,-150.05,-208,R,38559,-31.7253
41790,P2,BASE,-150.00,-147.51,-211,R,38500,-31.7502
41800,P2,BASE,-150.00,-150.03,-208,R,38440,-31.7499
41810,P2,BASE,-150.00,-149.97,-208,R,38380,-31.7502
41820,P2,BASE,-150.00,-150.01,-208,R,38320,-31.7500
41830,P2,BASE,-150.00,-149.99,-208,R,38260,-31.7502
41840,P2,BASE,-150.00,-150.01,-208,R,38200,-31.7500
41850,P2,BASE,-150.00,-147.53,-211,R,38141,-31.7747
41860,P2,BASE,-150.00,-149.97,-208,R,38081,-31.7750
41870,P2,BASE,-150.00,-152.53,-205,R,38020,-31.7497
41880,P2,BASE,-150.00,-149.99,-208,R,37960,-31.7499
41890,P2,BASE,-150.00,-147.51,-211,R,37901,-31.7747
41900,P2,BASE,-150.00,-147.49,-211,R,37842,-31.7999
41910,P2,BASE,-150.00,-150.01,-208,R,37782,-31.7997
41920,P2,BASE,-150.00,-149.99,-208,R,37722,-31.7999
41930,P2,BASE,-150.00,-152.52,-206,R,37661,-31.7747
41940,P2,BASE,-150.00,-152.50,-205,R,37600,-31.7497
41950,P2,BASE,-150.00,-152.48,-205,R,37539,-31.7249
41960,P2,BASE,-150.00,-152.50,-205,R,37478,-31.6999
41970,P2,BASE,-150.00,-152.50,-205,R,37417,-31.6749
41980,P2,BASE,-150.00,-147.49,-210,R,37358,-31.7000
41990,P2,BASE,-150.00,-147.47,-210,R,37299,-31.7253
42000,P2,BASE,-150.00,-147.51,-211,R,37240,-31.7502
42010,P2,BASE,-150.00,-150.03,-208,R,37180,-31.7499
42020,P2,BASE,-150.00,-149.97,-208,R,37120,-31.7502
42030,P2,BASE,-150.00,-150.03,-208,R,37060,-31.7499
42040,P2,BASE,-150.00,-147.50,-211,R,37001,-31.7749
42050,P2,BASE,-150.00,-149.97,-208,R,36941,-31.7752
42060,P2,BASE,-150.00,-150.00,-208,R,36881,-31.7752
42070,P2,BASE,-150.00,-149.99,-208,R,36821,-31.7753
42080,P2,BASE,-150.00,-145.01,-214,R,36763,-31.8252
42090,P2,BASE,-150.00,-145.03,-214,R,36705,-31.8749
42100,P2,BASE,-150.00,-145.00,-214,R,36647,-31.9249
42110,P2,BASE,-150.00,-150.01,-209,R,36587,-31.9247
42120,P2,BASE,-150.00,-152.47,-206,R,36526,-31.9000
42130,P2,BASE,-150.00,-152.48,-206,R,36465,-31.8752
42140,P2,BASE,-150.00,-154.94,-203,R,36403,-31.8258
42150,P2,BASE,-150.00,-152.56,-206,R,36342,-31.8002
42160,P2,BASE,-150.00,-155.03,-203,R,36280,-31.7499
42170,P2,BASE,-150.00,-152.48,-205,R,36219,-31.7250
42180,P2,BASE,-150.00,-150.00,-208,R,36159,-31.7250
42190,P2,BASE,-150.00,-149.91,-208,R,36099,-31.7259
42200,P2,BASE,-150.00,-147.57,-210,R,36040,-31.7502
42210,P2,BASE,-150.00,-152.42,-205,R,35979,-31.7260
42220,P2,BASE,-150.00,-147.60,-210,R,35920,-31.7499
42230,P2,BASE,-150.00,-149.97,-208,R,35860,-31.7502
42240,P2,BASE,-150.00,-150.03,-208,R,35800,-31.7499
42250,P2,BASE,-150.00,-147.47,-211,R,35741,-31.7752
42260,P2,BASE,-150.00,-152.55,-205,R,35680,-31.7498
42270,P2,BASE,-150.00,-149.96,-208,R,35620,-31.7502
42280,P2,BASE,-150.00,-150.05,-208,R,35560,-31.7498
42290,P2,BASE,-150.00,-147.44,-211,R,35501,-31.7754
42300,P2,BASE,-150.00,-147.53,-211,R,35442,-31.8001
42310,P2,BASE,-150.00,-150.01,-208,R,35382,-31.7999
42320,P2,BASE,-150.00,-149.99,-208,R,35322,-31.8001
42330,P2,BASE,-150.00,-152.53,-206,R,35261,-31.7748
42340,P2,BASE,-150.00,-152.45,-206,R,35200,-31.7502
42350,P2,BASE,-150.00,-152.48,-205,R,35139,-31.7254
42360,P2,BASE,-150.00,-155.03,-202,R,35077,-31.6751
42370,P2,BASE,-150.00,-150.00,-208,R,35017,-31.6751
42380,P2,BASE,-150.00,-150.01,-208,R,34957,-31.6749
42390,P2,BASE,-150.00,-147.51,-210,R,34898,-31.6998
42400,P2,BASE,-150.00,-147.49,-210,R,34839,-31.7249
42410,P2,BASE,-150.00,-149.99,-208,R,34779,-31.7251
42420,P2,BASE,-150.00,-150.03,-208,R,34719,-31.7248
42430,P2,BASE,-150.00,-147.50,-211,R,34660,-31.7498
42440,P2,BASE,-150.00,-149.96,-208,R,34600,-31.7502
42450,P2,BASE,-150.00,-150.05,-208,R,34540,-31.7498
42460,P2,BASE,-150.00,-149.96,-208,R,34480,-31.7502
42470,P2,BASE,-150.00,-150.05,-208,R,34420,-31.7498
42480,P2,BASE,-150.00,-144.94,-214,R,34362,-31.8003
42490,P2,BASE,-150.00,-145.06,-214,R,34304,-31.8498
42500,P2,BASE,-150.00,-144.94,-214,R,34246,-31.9003
42510,P2,BASE,-150.00,-150.01,-209,R,34186,-31.9002
42520,P2,BASE,-150.00,-152.48,-206,R,34125,-31.8753
42530,P2,BASE,-150.00,-152.53,-206,R,34064,-31.8500
42540,P2,BASE,-150.00,-155.00,-203,R,34002,-31.8000
42550,P2,BASE,-150.00,-152.50,-206,R,33941,-31.7750
42560,P2,BASE,-150.00,-155.00,-203,R,33879,-31.7250
42570,P2,BASE,-150.00,-152.47,-205,R,33818,-31.7003
42580,P2,BASE,-150.00,-152.56,-205,R,33757,-31.6747
42590,P2,BASE,-150.00,-147.47,-210,R,33698,-31.7000
42600,P2,BASE,-150.00,-147.51,-210,R,33639,-31.7249
42610,P2,BASE,-150.00,-150.01,-208,R,33579,-31.7247
42620,P2,BASE,-150.00,-149.94,-208,R,33519,-31.7253
42630,P2,BASE,-150.00,-150.01,-208,R,33459,-31.7252
42640,P2,BASE,-150.00,-150.01,-208,R,33399,-31.7250
42650,P2,BASE,-150.00,-150.00,-208,R,33339,-31.7250
42660,P2,BASE,-150.00,-150.01,-208,R,33279,-31.7249
42670,P2,BASE,-150.00,-149.99,-208,R,33219,-31.7250
42680,P2,BASE,-150.00,-150.00,-208,R,33159,-31.7250
42690,P2,BASE,-150.00,-147.51,-211,R,33100,-31.7499
42700,P2,BASE,-150.00,-147.49,-211,R,33041,-31.7750
42710,P2,BASE,-150.00,-149.99,-208,R,32981,-31.7752
42720,P2,BASE,-150.00,-152.53,-205,R,32920,-31.7499
42730,P2,BASE,-150.00,-152.48,-205,R,32859,-31.7250
42740,P2,BASE,-150.00,-150.00,-208,R,32799,-31.7250
42750,P2,BASE,-150.00,-152.52,-205,R,32738,-31.6999
42760,P2,BASE,-150.00,-152.48,-205,R,32677,-31.6750
42770,P2,BASE,-150.00,-152.52,-205,R,32616,-31.6499
42780,P2,BASE,-150.00,-150.00,-207,R,32556,-31.6499
42790,P2,BASE,-150.00,-144.99,-213,R,32498,-31.7000
42800,P2,BASE,-150.00,-147.47,-210,R,32439,-31.7253
42810,P2,BASE,-150.00,-152.56,-205,R,32378,-31.6997
42820,P2,BASE,-150.00,-147.46,-210,R,32319,-31.7251
42830,P2,BASE,-150.00,-150.03,-208,R,32259,-31.7248
42840,P2,BASE,-150.00,-147.50,-211,R,32200,-31.7498
42850,P2,BASE,-150.00,-149.97,-208,R,32140,-31.7501
42860,P2,BASE,-150.00,-150.01,-208,R,32080,-31.7500
42870,P2,BASE,-150.00,-147.50,-211,R,32021,-31.7750
42880,P2,BASE,-150.00,-147.53,-211,R,31962,-31.7997
42890,P2,BASE,-150.00,-145.00,-214,R,31904,-31.8497
42900,P2,BASE,-150.00,-145.00,-214,R,31846,-31.8997
42910,P2,BASE,-150.00,-149.90,-209,R,31786,-31.9007
42920,P2,BASE,-150.00,-150.08,-209,R,31726,-31.9000
42930,P2,BASE,-150.00,-155.00,-204,R,31664,-31.8500
42940,P2,BASE,-150.00,-152.52,-206,R,31603,-31.8248
42950,P2,BASE,-150.00,-155.02,-203,R,31541,-31.7747
42960,P2,BASE,-150.00,-154.94,-203,R,31479,-31.7253
42970,P2,BASE,-150.00,-152.53,-205,R,31418,-31.7000
42980,P2,BASE,-150.00,-150.00,-208,R,31358,-31.7000
42990,P2,BASE,-150.00,-147.53,-210,R,31299,-31.7247
43000,P2,BASE,-150.00,-149.96,-208,R,31239,-31.7252
43010,P2,BASE,-149.85,-149.99,-208,R,31179,-31.7238
43020,P2,BASE,-149.70,-147.54,-210,R,31120,-31.7454
43030,P2,BASE,-149.55,-150.00,-208,R,31060,-31.7409
43040,P2,BASE,-149.40,-149.97,-207,R,31000,-31.7352
43050,P2,BASE,-149.25,-149.99,-207,R,30940,-31.7278
43060,P2,BASE,-149.10,-150.01,-207,R,30880,-31.7187
43070,P2,BASE,-148.95,-149.99,-207,R,30820,-31.7083
43080,P2,BASE,-148.80,-150.00,-206,R,30760,-31.6963
43090,P2,BASE,-148.65,-147.56,-209,R,30701,-31.7072
43100,P2,BASE,-148.50,-147.41,-209,R,30642,-31.7181
43110,P2,BASE,-148.35,-147.59,-209,R,30583,-31.7257
43120,P2,BASE,-148.20,-147.46,-209,R,30524,-31.7332
43130,P2,BASE,-148.05,-152.55,-203,R,30463,-31.6882
43140,P2,BASE,-147.90,-149.94,-205,R,30403,-31.6678
43150,P2,BASE,-147.75,-152.53,-202,R,30342,-31.6200
43160,P2,BASE,-147.60,-150.01,-205,R,30282,-31.5959
43170,P2,BASE,-147.45,-150.01,-204,R,30222,-31.5702
43180,P2,BASE,-147.30,-147.49,-207,R,30163,-31.5683
43190,P2,BASE,-147.15,-144.99,-209,R,30105,-31.5900
43200,P2,BASE,-147.00,-144.97,-209,R,30047,-31.6103
43210,P2,BASE,-146.85,-150.01,-204,R,29987,-31.5786
43220,P2,BASE,-146.70,-145.00,-209,R,29929,-31.5956
43230,P2,BASE,-146.55,-147.50,-206,R,29870,-31.5861
43240,P2,BASE,-146.40,-147.44,-206,R,29811,-31.5757
43250,P2,BASE,-146.25,-145.07,-208,R,29753,-31.5875
43260,P2,BASE,-146.10,-147.47,-205,R,29694,-31.5738
43270,P2,BASE,-145.95,-145.03,-208,R,29636,-31.5830
43280,P2,BASE,-145.80,-144.97,-208,R,29578,-31.5913
43290,P2,BASE,-145.65,-140.04,-213,R,29522,-31.6474
43300,P2,BASE,-145.50,-142.49,-211,R,29465,-31.6775
43310,P2,BASE,-145.35,-142.50,-211,R,29408,-31.7060
43320,P2,BASE,-145.20,-147.50,-205,R,29349,-31.6830
43330,P2,BASE,-145.05,-149.99,-202,R,29289,-31.6337
43340,P2,BASE,-144.90,-150.01,-202,R,29229,-31.5825
43350,P2,BASE,-144.75,-150.01,-201,R,29169,-31.5299
43360,P2,BASE,-144.60,-149.96,-201,R,29109,-31.4763
43370,P2,BASE,-144.45,-147.54,-203,R,29050,-31.4454
43380,P2,BASE,-144.30,-147.49,-203,R,28991,-31.4135
43390,P2,BASE,-144.15,-145.00,-205,R,28933,-31.4050
43400,P2,BASE,-144.00,-142.50,-207,R,28876,-31.4200
43410,P2,BASE,-143.85,-144.99,-205,R,28818,-31.4087
43420,P2,BASE,-143.70,-142.54,-207,R,28761,-31.4202
43430,P2,BASE,-143.55,-144.99,-204,R,28703,-31.4059
43440,P2,BASE,-143.40,-145.00,-204,R,28645,-31.3899
43450,P2,BASE,-143.25,-144.96,-204,R,28587,-31.3728
43460,P2,BASE,-143.10,-142.54,-206,R,28530,-31.3784
43470,P2,BASE,-142.95,-145.01,-203,R,28472,-31.3577
43480,P2,BASE,-142.80,-144.97,-203,R,28414,-31.3360
43490,P2,BASE,-142.65,-142.49,-205,R,28357,-31.3377
43500,P2,BASE,-142.50,-140.04,-208,R,28301,-31.3623
43510,P2,BASE,-142.35,-142.46,-205,R,28244,-31.3612
43520,P2,BASE,-142.20,-142.54,-205,R,28187,-31.3578
43530,P2,BASE,-142.05,-142.50,-205,R,28130,-31.3533
43540,P2,BASE,-141.90,-147.41,-199,R,28071,-31.2981
43550,P2,BASE,-141.75,-142.59,-204,R,28014,-31.2898
43560,P2,BASE,-141.60,-144.97,-201,R,27956,-31.2561
43570,P2,BASE,-141.45,-144.99,-201,R,27898,-31.2207
43580,P2,BASE,-141.30,-145.04,-200,R,27840,-31.1833
43590,P2,BASE,-141.15,-142.50,-203,R,27783,-31.1698
43600,P2,BASE,-141.00,-137.49,-208,R,27728,-31.2049
43610,P2,BASE,-140.85,-140.00,-205,R,27672,-31.2134
43620,P2,BASE,-140.70,-139.97,-205,R,27616,-31.2207
43630,P2,BASE,-140.55,-142.50,-202,R,27559,-31.2012
43640,P2,BASE,-140.40,-140.01,-205,R,27503,-31.2051
43650,P2,BASE,-140.25,-142.50,-202,R,27446,-31.1826
43660,P2,BASE,-140.10,-137.49,-207,R,27391,-31.2087
43670,P2,BASE,-139.95,-142.49,-202,R,27334,-31.1833
43680,P2,BASE,-139.80,-140.01,-204,R,27278,-31.1812
43690,P2,BASE,-139.65,-140.03,-204,R,27222,-31.1774
43700,P2,BASE,-139.50,-137.51,-206,R,27167,-31.1973
43710,P2,BASE,-139.35,-134.96,-209,R,27113,-31.2412
43720,P2,BASE,-139.20,-137.43,-207,R,27058,-31.2589
43730,P2,BASE,-139.05,-137.57,-206,R,27003,-31.2737
43740,P2,BASE,-138.90,-140.03,-204,R,26947,-31.2624
43750,P2,BASE,-138.75,-145.00,-198,R,26889,-31.1999
43760,P2,BASE,-138.60,-142.51,-200,R,26832,-31.1608
43770,P2,BASE,-138.45,-142.46,-200,R,26775,-31.1207
43780,P2,BASE,-138.30,-145.01,-197,R,26717,-31.0535
43790,P2,BASE,-138.15,-142.50,-199,R,26660,-31.0100
43800,P2,BASE,-138.00,-140.00,-201,R,26604,-30.9900
43810,P2,BASE,-137.85,-137.53,-203,R,26549,-30.9933
43820,P2,BASE,-137.70,-137.46,-203,R,26494,-30.9957
43830,P2,BASE,-137.55,-137.49,-203,R,26439,-30.9963
43840,P2,BASE,-137.40,-140.01,-200,R,26383,-30.9702
43850,P2,BASE,-137.25,-137.50,-203,R,26328,-30.9677
43860,P2,BASE,-137.10,-140.03,-200,R,26272,-30.9384
43870,P2,BASE,-136.95,-137.50,-202,R,26217,-30.9329
43880,P2,BASE,-136.80,-137.49,-202,R,26162,-30.9260
43890,P2,BASE,-136.65,-137.53,-202,R,26107,-30.9173
43900,P2,BASE,-136.50,-137.47,-202,R,26052,-30.9075
43910,P2,BASE,-136.35,-137.50,-201,R,25997,-30.8960
43920,P2,BASE,-136.20,-137.51,-201,R,25942,-30.8829
43930,P2,BASE,-136.05,-135.00,-203,R,25888,-30.8934
43940,P2,BASE,-135.90,-132.50,-206,R,25835,-30.9274
43950,P2,BASE,-135.75,-137.47,-201,R,25780,-30.9102
43960,P2,BASE,-135.60,-137.53,-200,R,25725,-30.8909
43970,P2,BASE,-135.45,-140.01,-197,R,25669,-30.8453
43980,P2,BASE,-135.30,-137.50,-200,R,25614,-30.8233
43990,P2,BASE,-135.15,-137.49,-199,R,25559,-30.7999
44000,P2,BASE,-135.00,-139.97,-196,R,25503,-30.7502
44010,P2,BASE,-134.85,-137.54,-199,R,25448,-30.7233
44020,P2,BASE,-134.70,-134.97,-201,R,25394,-30.7205
44030,P2,BASE,-134.55,-132.53,-203,R,25341,-30.7408
44040,P2,BASE,-134.40,-134.99,-201,R,25287,-30.7349
44050,P2,BASE,-134.25,-132.49,-203,R,25234,-30.7525
44060,P2,BASE,-134.10,-135.00,-200,R,25180,-30.7435
44070,P2,BASE,-133.95,-135.03,-200,R,25126,-30.7328
44080,P2,BASE,-133.80,-134.96,-200,R,25072,-30.7212
44090,P2,BASE,-133.65,-135.03,-200,R,25018,-30.7074
44100,P2,BASE,-133.50,-132.50,-202,R,24965,-30.7174
44110,P2,BASE,-133.35,-134.99,-199,R,24911,-30.7010
44120,P2,BASE,-133.20,-132.47,-202,R,24858,-30.7083
44130,P2,BASE,-133.05,-132.50,-202,R,24805,-30.7138
44140,P2,BASE,-132.90,-130.05,-204,R,24753,-30.7423
44150,P2,BASE,-132.75,-127.50,-207,R,24702,-30.7948
44160,P2,BASE,-132.60,-132.39,-202,R,24649,-30.7968
44170,P2,BASE,-132.45,-132.58,-202,R,24596,-30.7955
44180,P2,BASE,-132.30,-134.99,-199,R,24542,-30.7687
44190,P2,BASE,-132.15,-137.54,-196,R,24487,-30.7148
44200,P2,BASE,-132.00,-134.96,-198,R,24433,-30.6852
44210,P2,BASE,-131.85,-137.49,-195,R,24378,-30.6288
44220,P2,BASE,-131.70,-135.03,-197,R,24324,-30.5955
44230,P2,BASE,-131.55,-134.99,-197,R,24270,-30.5612
44240,P2,BASE,-131.40,-135.04,-196,R,24216,-30.5248
44250,P2,BASE,-131.25,-132.49,-199,R,24163,-30.5124
44260,P2,BASE,-131.10,-130.01,-201,R,24111,-30.5233
44270,P2,BASE,-130.95,-132.46,-198,R,24058,-30.5082
44280,P2,BASE,-130.80,-132.54,-198,R,24005,-30.4908
44290,P2,BASE,-130.65,-130.00,-200,R,23953,-30.4973
44300,P2,BASE,-130.50,-132.49,-198,R,23900,-30.4774
44310,P2,BASE,-130.35,-130.01,-200,R,23848,-30.4808
44320,P2,BASE,-130.20,-129.96,-200,R,23796,-30.4832
44330,P2,BASE,-130.05,-130.00,-200,R,23744,-30.4837
44340,P2,BASE,-129.90,-132.51,-197,R,23691,-30.4575
44350,P2,BASE,-129.75,-132.51,-197,R,23638,-30.4299
44360,P2,BASE,-129.60,-130.01,-199,R,23586,-30.4258
44370,P2,BASE,-129.45,-129.96,-199,R,23534,-30.4207
44380,P2,BASE,-129.30,-130.00,-199,R,23482,-30.4137
44390,P2,BASE,-129.15,-127.53,-201,R,23431,-30.4299
44400,P2,BASE,-129.00,-130.01,-198,R,23379,-30.4198
44410,P2,BASE,-128.85,-130.00,-198,R,23327,-30.4083
44420,P2,BASE,-128.70,-132.49,-195,R,23274,-30.3704
44430,P2,BASE,-128.55,-130.01,-197,R,23222,-30.3558
44440,P2,BASE,-128.40,-129.95,-197,R,23170,-30.3403
44450,P2,BASE,-128.25,-132.53,-194,R,23117,-30.2975
44460,P2,BASE,-128.10,-130.03,-196,R,23065,-30.2783
44470,P2,BASE,-127.95,-130.00,-196,R,23013,-30.2578
44480,P2,BASE,-127.80,-127.47,-199,R,22962,-30.2610
44490,P2,BASE,-127.65,-125.01,-201,R,22912,-30.2874
44500,P2,BASE,-127.50,-127.51,-198,R,22861,-30.2873
44510,P2,BASE,-127.35,-127.50,-198,R,22810,-30.2858
44520,P2,BASE,-127.20,-129.99,-195,R,22758,-30.2579
44530,P2,BASE,-127.05,-127.49,-198,R,22707,-30.2535
44540,P2,BASE,-126.90,-127.49,-198,R,22656,-30.2477
44550,P2,BASE,-126.75,-125.03,-200,R,22606,-30.2649
44560,P2,BASE,-126.60,-127.46,-197,R,22555,-30.2563
44570,P2,BASE,-126.45,-127.55,-197,R,22504,-30.2453
44580,P2,BASE,-126.30,-127.50,-197,R,22453,-30.2333
44590,P2,BASE,-126.15,-124.99,-199,R,22403,-30.2449
44600,P2,BASE,-126.00,-122.48,-202,R,22354,-30.2802
44610,P2,BASE,-125.85,-122.50,-202,R,22305,-30.3137
44620,P2,BASE,-125.70,-125.00,-199,R,22255,-30.3207
44630,P2,BASE,-125.55,-125.01,-199,R,22205,-30.3260
44640,P2,BASE,-125.40,-127.49,-196,R,22154,-30.3052
44650,P2,BASE,-125.25,-130.03,-193,R,22102,-30.2574
44660,P2,BASE,-125.10,-127.49,-196,R,22051,-30.2335
44670,P2,BASE,-124.95,-127.47,-195,R,22000,-30.2083
44680,P2,BASE,-124.80,-130.00,-192,R,21948,-30.1563
44690,P2,BASE,-124.65,-130.01,-192,R,21896,-30.1027
44700,P2,BASE,-124.50,-127.54,-194,R,21845,-30.0723
44710,P2,BASE,-124.35,-127.46,-194,R,21794,-30.0412
44720,P2,BASE,-124.20,-125.04,-196,R,21744,-30.0328
44730,P2,BASE,-124.05,-122.49,-198,R,21695,-30.0484
44740,P2,BASE,-123.90,-122.50,-198,R,21646,-30.0624
44750,P2,BASE,-123.75,-127.49,-193,R,21595,-30.0250
44760,P2,BASE,-123.60,-124.99,-195,R,21545,-30.0112
44770,P2,BASE,-123.45,-125.04,-195,R,21495,-29.9953
44780,P2,BASE,-123.30,-122.46,-197,R,21446,-30.0036
44790,P2,BASE,-123.15,-125.01,-195,R,21396,-29.9850
44800,P2,BASE,-123.00,-124.98,-194,R,21346,-29.9653
44810,P2,BASE,-122.85,-122.52,-197,R,21297,-29.9685
44820,P2,BASE,-122.70,-124.99,-194,R,21247,-29.9456
44830,P2,BASE,-122.55,-125.03,-193,R,21197,-29.9209
44840,P2,BASE,-122.40,-122.51,-196,R,21148,-29.9198
44850,P2,BASE,-122.25,-122.48,-196,R,21099,-29.9175
44860,P2,BASE,-122.10,-122.52,-196,R,21050,-29.9133
44870,P2,BASE,-121.95,-122.45,-195,R,21001,-29.9083
44880,P2,BASE,-121.80,-122.54,-195,R,20952,-29.9009
44890,P2,BASE,-121.65,-122.50,-195,R,20903,-29.8924
44900,P2,BASE,-121.50,-124.99,-192,R,20853,-29.8575
44910,P2,BASE,-121.35,-122.49,-194,R,20804,-29.8461
44920,P2,BASE,-121.20,-125.00,-191,R,20754,-29.8081
44930,P2,BASE,-121.05,-125.04,-191,R,20704,-29.7683
44940,P2,BASE,-120.90,-122.49,-193,R,20655,-29.7524
44950,P2,BASE,-120.75,-122.49,-193,R,20606,-29.7350
44960,P2,BASE,-120.60,-119.99,-195,R,20558,-29.7411
44970,P2,BASE,-120.45,-120.04,-195,R,20510,-29.7453
44980,P2,BASE,-120.30,-119.98,-195,R,20462,-29.7485
44990,P2,BASE,-120.15,-117.51,-198,R,20415,-29.7749
45000,P2,BASE,-120.00,-125.01,-190,R,20365,-29.7248
45010,P2,BASE,-119.85,-119.93,-195,R,20317,-29.7240
45020,P2,BASE,-119.70,-120.07,-194,R,20269,-29.7203
45030,P2,BASE,-119.55,-120.00,-194,R,20221,-29.7158
45040,P2,BASE,-119.40,-119.99,-194,R,20173,-29.7099
45050,P2,BASE,-119.25,-117.50,-197,R,20126,-29.7274
45060,P2,BASE,-119.10,-122.49,-191,R,20077,-29.6935
45070,P2,BASE,-118.95,-120.01,-193,R,20029,-29.6829
45080,P2,BASE,-118.80,-117.51,-196,R,19982,-29.6958
45090,P2,BASE,-118.65,-114.97,-199,R,19936,-29.7326
45100,P2,BASE,-118.50,-117.51,-196,R,19889,-29.7425
45110,P2,BASE,-118.35,-115.00,-198,R,19843,-29.7760
45120,P2,BASE,-118.20,-119.98,-193,R,19795,-29.7582
45130,P2,BASE,-118.05,-120.02,-193,R,19747,-29.7385
45140,P2,BASE,-117.90,-122.49,-190,R,19698,-29.6926
45150,P2,BASE,-117.75,-120.04,-192,R,19650,-29.6698
45160,P2,BASE,-117.60,-119.99,-192,R,19602,-29.6459
45170,P2,BASE,-117.45,-122.50,-189,R,19553,-29.5954
45180,P2,BASE,-117.30,-122.48,-188,R,19504,-29.5436
45190,P2,BASE,-117.15,-120.04,-190,R,19456,-29.5148
45200,P2,BASE,-117.00,-119.98,-190,R,19408,-29.4850
45210,P2,BASE,-116.85,-115.02,-195,R,19362,-29.5033
45220,P2,BASE,-116.70,-117.48,-192,R,19315,-29.4955
45230,P2,BASE,-116.55,-117.48,-192,R,19268,-29.4862
45240,P2,BASE,-116.40,-117.44,-192,R,19221,-29.4758
45250,P2,BASE,-116.25,-115.09,-194,R,19175,-29.4874
45260,P2,BASE,-116.10,-117.51,-192,R,19128,-29.4733
45270,P2,BASE,-115.95,-119.95,-189,R,19080,-29.4333
45280,P2,BASE,-115.80,-115.02,-194,R,19034,-29.4410
45290,P2,BASE,-115.65,-114.99,-194,R,18988,-29.4477
45300,P2,BASE,-115.50,-117.54,-191,R,18941,-29.4273
45310,P2,BASE,-115.35,-117.46,-190,R,18894,-29.4062
45320,P2,BASE,-115.20,-117.52,-190,R,18847,-29.3829
45330,P2,BASE,-115.05,-114.99,-193,R,18801,-29.3835
45340,P2,BASE,-114.90,-117.46,-190,R,18754,-29.3579
45350,P2,BASE,-114.75,-112.55,-195,R,18709,-29.3799
45360,P2,BASE,-114.60,-114.98,-192,R,18663,-29.3762
45370,P2,BASE,-114.45,-115.02,-192,R,18617,-29.3704
45380,P2,BASE,-114.30,-114.99,-192,R,18571,-29.3636
45390,P2,BASE,-114.15,-115.00,-191,R,18525,-29.3551
45400,P2,BASE,-114.00,-117.52,-188,R,18478,-29.3198
45410,P2,BASE,-113.85,-114.98,-191,R,18432,-29.3086
45420,P2,BASE,-113.70,-114.99,-191,R,18386,-29.2957
45430,P2,BASE,-113.55,-117.50,-188,R,18339,-29.2562
45440,P2,BASE,-113.40,-117.54,-187,R,18292,-29.2148
45450,P2,BASE,-113.25,-114.97,-190,R,18246,-29.1977
45460,P2,BASE,-113.10,-112.49,-192,R,18201,-29.2038
45470,P2,BASE,-112.95,-112.53,-192,R,18156,-29.2079
45480,P2,BASE,-112.80,-112.48,-192,R,18111,-29.2112
45490,P2,BASE,-112.65,-112.53,-191,R,18066,-29.2123
45500,P2,BASE,-112.50,-112.46,-191,R,18021,-29.2128
45510,P2,BASE,-112.35,-115.02,-188,R,17975,-29.1860
45520,P2,BASE,-112.20,-112.50,-191,R,17930,-29.1830
45530,P2,BASE,-112.05,-112.51,-191,R,17885,-29.1784
45540,P2,BASE,-111.90,-110.01,-193,R,17841,-29.1973
45550,P2,BASE,-111.75,-112.47,-190,R,17796,-29.1902
45560,P2,BASE,-111.60,-112.50,-190,R,17751,-29.1812
45570,P2,BASE,-111.45,-112.50,-190,R,17706,-29.1707
45580,P2,BASE,-111.30,-112.53,-190,R,17661,-29.1583
45590,P2,BASE,-111.15,-112.49,-190,R,17616,-29.1449
45600,P2,BASE,-111.00,-109.98,-192,R,17572,-29.1552
45610,P2,BASE,-110.85,-107.51,-195,R,17529,-29.1885
45620,P2,BASE,-110.70,-107.49,-195,R,17486,-29.2207
45630,P2,BASE,-110.55,-107.53,-195,R,17443,-29.2508
45640,P2,BASE,-110.40,-112.50,-189,R,17398,-29.2298
45650,P2,BASE,-110.25,-114.98,-186,R,17352,-29.1826
45660,P2,BASE,-110.10,-112.50,-189,R,17307,-29.1586
45670,P2,BASE,-109.95,-115.02,-186,R,17261,-29.1078
45680,P2,BASE,-109.80,-112.49,-188,R,17216,-29.0809
45690,P2,BASE,-109.65,-114.97,-185,R,17170,-29.0278
45700,P2,BASE,-109.50,-112.51,-187,R,17125,-28.9977
45710,P2,BASE,-109.35,-112.51,-187,R,17080,-28.9661
45720,P2,BASE,-109.20,-112.48,-186,R,17035,-28.9333
45730,P2,BASE,-109.05,-110.04,-188,R,16991,-28.9233
45740,P2,BASE,-108.90,-109.98,-188,R,16947,-28.9126
45750,P2,BASE,-108.75,-107.52,-191,R,16904,-28.9249
45760,P2,BASE,-108.60,-110.00,-188,R,16860,-28.9109
45770,P2,BASE,-108.45,-109.97,-188,R,16816,-28.8957
45780,P2,BASE,-108.30,-107.51,-190,R,16773,-28.9036
45790,P2,BASE,-108.15,-107.48,-190,R,16730,-28.9103
45800,P2,BASE,-108.00,-112.50,-184,R,16685,-28.8653
45810,P2,BASE,-107.85,-107.53,-189,R,16642,-28.8685
45820,P2,BASE,-107.70,-107.51,-189,R,16599,-28.8704
45830,P2,BASE,-107.55,-109.98,-186,R,16555,-28.8461
45840,P2,BASE,-107.40,-110.00,-186,R,16511,-28.8201
45850,P2,BASE,-107.25,-110.01,-186,R,16467,-28.7925
45860,P2,BASE,-107.10,-107.50,-188,R,16424,-28.7885
45870,P2,BASE,-106.95,-107.51,-188,R,16381,-28.7829
45880,P2,BASE,-106.80,-107.48,-188,R,16338,-28.7761
45890,P2,BASE,-106.65,-104.98,-190,R,16296,-28.7928
45900,P2,BASE,-106.50,-107.53,-187,R,16253,-28.7825
45910,P2,BASE,-106.35,-107.48,-187,R,16210,-28.7712
45920,P2,BASE,-106.20,-105.00,-190,R,16168,-28.7832
45930,P2,BASE,-106.05,-107.50,-187,R,16125,-28.7687
45940,P2,BASE,-105.90,-110.02,-184,R,16081,-28.7275
45950,P2,BASE,-105.75,-105.00,-189,R,16039,-28.7350
45960,P2,BASE,-105.60,-107.47,-186,R,15996,-28.7163
45970,P2,BASE,-105.45,-110.01,-183,R,15952,-28.6707
45980,P2,BASE,-105.30,-107.51,-185,R,15909,-28.6486
45990,P2,BASE,-105.15,-107.52,-185,R,15866,-28.6248
46000,P2,BASE,-105.00,-104.96,-188,R,15824,-28.6253
46010,P2,BASE,-104.85,-107.50,-185,R,15781,-28.5988
46020,P2,BASE,-104.70,-102.52,-190,R,15740,-28.6206
46030,P2,BASE,-104.55,-102.51,-190,R,15699,-28.6410
46040,P2,BASE,-104.40,-107.45,-184,R,15656,-28.6105
46050,P2,BASE,-104.25,-102.56,-189,R,15615,-28.6274
46060,P2,BASE,-104.10,-107.49,-184,R,15572,-28.5935
46070,P2,BASE,-103.95,-105.01,-186,R,15530,-28.5829
46080,P2,BASE,-103.80,-105.00,-186,R,15488,-28.5709
46090,P2,BASE,-103.65,-104.97,-186,R,15446,-28.5577
46100,P2,BASE,-103.50,-102.50,-188,R,15405,-28.5677
46110,P2,BASE,-103.35,-104.99,-185,R,15363,-28.5513
46120,P2,BASE,-103.20,-102.53,-188,R,15322,-28.5580
46130,P2,BASE,-103.05,-104.97,-185,R,15280,-28.5388
46140,P2,BASE,-102.90,-105.02,-185,R,15238,-28.5176
46150,P2,BASE,-102.75,-102.52,-187,R,15197,-28.5199
46160,P2,BASE,-102.60,-99.96,-190,R,15157,-28.5463
46170,P2,BASE,-102.45,-100.02,-190,R,15117,-28.5706
46180,P2,BASE,-102.30,-100.00,-190,R,15077,-28.5936
46190,P2,BASE,-102.15,-99.99,-190,R,15037,-28.6152
46200,P2,BASE,-102.00,-105.03,-184,R,14995,-28.5849
46210,P2,BASE,-101.85,-104.98,-184,R,14953,-28.5536
46220,P2,BASE,-101.70,-104.99,-183,R,14911,-28.5207
46230,P2,BASE,-101.55,-105.01,-183,R,14869,-28.4861
46240,P2,BASE,-101.40,-105.02,-183,R,14827,-28.4499
46250,P2,BASE,-101.25,-104.98,-182,R,14785,-28.4126
46260,P2,BASE,-101.10,-105.02,-182,R,14743,-28.3734
46270,P2,BASE,-100.95,-105.00,-181,R,14701,-28.3329
46280,P2,BASE,-100.80,-102.50,-184,R,14660,-28.3159
46290,P2,BASE,-100.65,-102.49,-183,R,14619,-28.2975
46300,P2,BASE,-100.50,-102.51,-183,R,14578,-28.2774
46310,P2,BASE,-100.35,-100.00,-186,R,14538,-28.2809
46320,P2,BASE,-100.20,-99.97,-185,R,14498,-28.2832
46330,P2,BASE,-100.05,-102.52,-183,R,14457,-28.2585
46340,P2,BASE,-99.90,-100.01,-185,R,14417,-28.2574
46350,P2,BASE,-99.75,-99.97,-185,R,14377,-28.2552
46360,P2,BASE,-99.60,-100.02,-185,R,14337,-28.2510
46370,P2,BASE,-99.45,-102.51,-182,R,14296,-28.2204
46380,P2,BASE,-99.30,-100.00,-184,R,14256,-28.2134
46390,P2,BASE,-99.15,-99.97,-184,R,14216,-28.2052
46400,P2,BASE,-99.00,-100.02,-184,R,14176,-28.1950
46410,P2,BASE,-98.85,-100.01,-183,R,14136,-28.1834
46420,P2,BASE,-98.70,-102.49,-180,R,14095,-28.1455
46430,P2,BASE,-98.55,-99.99,-183,R,14055,-28.1311
46440,P2,BASE,-98.40,-100.01,-183,R,14015,-28.1150
46450,P2,BASE,-98.25,-100.01,-182,R,13975,-28.0974
46460,P2,BASE,-98.10,-97.46,-185,R,13936,-28.1038
46470,P2,BASE,-97.95,-97.54,-185,R,13897,-28.1079
46480,P2,BASE,-97.80,-99.97,-182,R,13857,-28.0862
46490,P2,BASE,-97.65,-97.53,-184,R,13818,-28.0874
46500,P2,BASE,-97.50,-97.47,-184,R,13779,-28.0877
46510,P2,BASE,-97.35,-100.02,-181,R,13739,-28.0610
46520,P2,BASE,-97.20,-99.97,-181,R,13699,-28.0333
46530,P2,BASE,-97.05,-97.50,-183,R,13660,-28.0288
46540,P2,BASE,-96.90,-97.50,-183,R,13621,-28.0228
46550,P2,BASE,-96.75,-100.04,-180,R,13581,-27.9899
46560,P2,BASE,-96.60,-97.46,-182,R,13542,-27.9813
46570,P2,BASE,-96.45,-100.02,-179,R,13502,-27.9456
46580,P2,BASE,-96.30,-99.99,-179,R,13462,-27.9087
46590,P2,BASE,-96.15,-97.49,-181,R,13423,-27.8953
46600,P2,BASE,-96.00,-95.04,-184,R,13385,-27.9049
46610,P2,BASE,-95.85,-94.99,-184,R,13347,-27.9135
46620,P2,BASE,-95.70,-94.98,-184,R,13309,-27.9207
46630,P2,BASE,-95.55,-97.51,-181,R,13270,-27.9011
46640,P2,BASE,-95.40,-92.51,-186,R,13233,-27.9300
46650,P2,BASE,-95.25,-100.01,-178,R,13193,-27.8824
46660,P2,BASE,-95.10,-97.49,-180,R,13154,-27.8585
46670,P2,BASE,-94.95,-95.01,-182,R,13116,-27.8579
46680,P2,BASE,-94.80,-95.00,-182,R,13078,-27.8559
46690,P2,BASE,-94.65,-97.47,-179,R,13039,-27.8277
46700,P2,BASE,-94.50,-95.02,-182,R,13001,-27.8225
46710,P2,BASE,-94.35,-94.99,-182,R,12963,-27.8161
46720,P2,BASE,-94.20,-95.01,-181,R,12925,-27.8080
46730,P2,BASE,-94.05,-97.47,-178,R,12886,-27.7738
46740,P2,BASE,-93.90,-92.52,-183,R,12849,-27.7876
46750,P2,BASE,-93.75,-94.99,-181,R,12811,-27.7752
46760,P2,BASE,-93.60,-92.51,-183,R,12774,-27.7861
46770,P2,BASE,-93.45,-92.49,-183,R,12737,-27.7957
46780,P2,BASE,-93.30,-90.00,-186,R,12701,-27.8287
46790,P2,BASE,-93.15,-92.52,-183,R,12664,-27.8350
46800,P2,BASE,-93.00,-90.01,-186,R,12628,-27.8649
46810,P2,BASE,-92.85,-95.00,-180,R,12590,-27.8434
46820,P2,BASE,-92.70,-97.46,-177,R,12551,-27.7958
46830,P2,BASE,-92.55,-95.02,-179,R,12513,-27.7711
46840,P2,BASE,-92.40,-94.99,-179,R,12475,-27.7452
46850,P2,BASE,-92.25,-95.00,-179,R,12437,-27.7177
46860,P2,BASE,-92.10,-95.01,-178,R,12399,-27.6886
46870,P2,BASE,-91.95,-95.00,-178,R,12361,-27.6581
46880,P2,BASE,-91.80,-95.01,-178,R,12323,-27.6260
46890,P2,BASE,-91.65,-95.00,-177,R,12285,-27.5925
46900,P2,BASE,-91.50,-94.97,-177,R,12247,-27.5578
46910,P2,BASE,-91.35,-92.53,-179,R,12210,-27.5460
46920,P2,BASE,-91.20,-92.51,-179,R,12173,-27.5329
46930,P2,BASE,-91.05,-92.47,-179,R,12136,-27.5187
46940,P2,BASE,-90.90,-90.03,-181,R,12100,-27.5274
46950,P2,BASE,-90.75,-92.46,-178,R,12063,-27.5103
46960,P2,BASE,-90.60,-90.03,-181,R,12027,-27.5160
46970,P2,BASE,-90.45,-92.48,-178,R,11990,-27.4957
46980,P2,BASE,-90.30,-92.52,-178,R,11953,-27.4735
46990,P2,BASE,-90.15,-89.98,-180,R,11917,-27.4752
47000,P2,BASE,-90.00,-95.01,-175,R,11879,-27.4251
47010,P2,BASE,-89.85,-89.99,-179,R,11843,-27.4237
47020,P2,BASE,-89.70,-90.02,-179,R,11807,-27.4205
47030,P2,BASE,-89.55,-92.51,-176,R,11770,-27.3909
47040,P2,BASE,-89.40,-89.99,-179,R,11734,-27.3850
47050,P2,BASE,-89.25,-92.48,-176,R,11697,-27.3527
47060,P2,BASE,-89.10,-92.53,-175,R,11660,-27.3184
47070,P2,BASE,-88.95,-90.00,-178,R,11624,-27.3079
47080,P2,BASE,-88.80,-92.50,-175,R,11587,-27.2709
47090,P2,BASE,-88.65,-89.99,-177,R,11551,-27.2575
47100,P2,BASE,-88.50,-90.01,-177,R,11515,-27.2424
47110,P2,BASE,-88.35,-90.00,-177,R,11479,-27.2259
47120,P2,BASE,-88.20,-87.49,-179,R,11444,-27.2330
47130,P2,BASE,-88.05,-89.98,-176,R,11408,-27.2137
47140,P2,BASE,-87.90,-87.51,-179,R,11373,-27.2176
47150,P2,BASE,-87.75,-89.98,-176,R,11337,-27.1953
47160,P2,BASE,-87.60,-90.02,-175,R,11301,-27.1711
47170,P2,BASE,-87.45,-87.48,-178,R,11266,-27.1708
47180,P2,BASE,-87.30,-90.01,-175,R,11230,-27.1437
47190,P2,BASE,-87.15,-90.03,-175,R,11194,-27.1149
47200,P2,BASE,-87.00,-89.99,-174,R,11158,-27.0850
47210,P2,BASE,-86.85,-87.48,-177,R,11123,-27.0787
47220,P2,BASE,-86.70,-92.53,-171,R,11086,-27.0204
47230,P2,BASE,-86.55,-87.48,-176,R,11051,-27.0111
47240,P2,BASE,-86.40,-87.49,-176,R,11016,-27.0002
47250,P2,BASE,-86.25,-90.00,-173,R,10980,-26.9627
47260,P2,BASE,-86.10,-85.02,-178,R,10946,-26.9735
47270,P2,BASE,-85.95,-84.98,-178,R,10912,-26.9832
47280,P2,BASE,-85.80,-87.52,-175,R,10877,-26.9660
47290,P2,BASE,-85.65,-85.00,-177,R,10843,-26.9725
47300,P2,BASE,-85.50,-90.00,-172,R,10807,-26.9275
47310,P2,BASE,-85.35,-87.50,-174,R,10772,-26.9060
47320,P2,BASE,-85.20,-87.47,-174,R,10737,-26.8833
47330,P2,BASE,-85.05,-85.01,-176,R,10703,-26.8837
47340,P2,BASE,-84.90,-87.50,-173,R,10668,-26.8577
47350,P2,BASE,-84.75,-87.51,-173,R,10633,-26.8301
47360,P2,BASE,-84.60,-85.01,-175,R,10599,-26.8260
47370,P2,BASE,-84.45,-87.51,-172,R,10564,-26.7954
47380,P2,BASE,-84.30,-84.98,-175,R,10530,-26.7886
47390,P2,BASE,-84.15,-90.00,-169,R,10494,-26.7301
47400,P2,BASE,-84.00,-85.00,-174,R,10460,-26.7201
47410,P2,BASE,-83.85,-84.98,-174,R,10426,-26.7088
47420,P2,BASE,-83.70,-85.03,-173,R,10392,-26.6954
47430,P2,BASE,-83.55,-85.00,-173,R,10358,-26.6809
47440,P2,BASE,-83.40,-82.48,-176,R,10325,-26.6902
47450,P2,BASE,-83.25,-82.52,-176,R,10292,-26.6975
47460,P2,BASE,-83.10,-82.49,-175,R,10259,-26.7036
47470,P2,BASE,-82.95,-82.48,-175,R,10226,-26.7083
47480,P2,BASE,-82.80,-85.03,-173,R,10192,-26.6860
47490,P2,BASE,-82.65,-84.97,-172,R,10158,-26.6628
47500,P2,BASE,-82.50,-85.03,-172,R,10124,-26.6374
47510,P2,BASE,-82.35,-84.98,-172,R,10090,-26.6111
47520,P2,BASE,-82.20,-87.49,-169,R,10055,-26.5582
47530,P2,BASE,-82.05,-85.00,-171,R,10021,-26.5287
47540,P2,BASE,-81.90,-87.52,-168,R,9986,-26.4725
47550,P2,BASE,-81.75,-85.00,-170,R,9952,-26.4400
47560,P2,BASE,-81.60,-87.48,-167,R,9917,-26.3812
47570,P2,BASE,-81.45,-85.03,-169,R,9883,-26.3454
47580,P2,BASE,-81.30,-87.47,-166,R,9848,-26.2837
47590,P2,BASE,-81.15,-85.01,-168,R,9814,-26.2451
47600,P2,BASE,-81.00,-87.49,-165,R,9779,-26.1802
47610,P2,BASE,-80.85,-82.52,-170,R,9746,-26.1634
47620,P2,BASE,-80.70,-84.98,-167,R,9712,-26.1206
47630,P2,BASE,-80.55,-82.50,-169,R,9679,-26.1011
47640,P2,BASE,-80.40,-85.00,-166,R,9645,-26.0551
47650,P2,BASE,-80.25,-85.01,-165,R,9611,-26.0075
47660,P2,BASE,-80.10,-84.94,-165,R,9577,-25.9591
47670,P2,BASE,-79.95,-85.05,-164,R,9543,-25.9081
47680,P2,BASE,-79.80,-82.52,-167,R,9510,-25.8809
47690,P2,BASE,-79.65,-87.49,-161,R,9475,-25.8025
47700,P2,BASE,-79.50,-82.49,-166,R,9442,-25.7726
47710,P2,BASE,-79.35,-84.99,-163,R,9408,-25.7162
47720,P2,BASE,-79.20,-85.01,-162,R,9374,-25.6581
47730,P2,BASE,-79.05,-82.52,-164,R,9341,-25.6234
47740,P2,BASE,-78.90,-87.47,-159,R,9306,-25.5378
47750,P2,BASE,-78.75,-85.03,-160,R,9272,-25.4750
47760,P2,BASE,-78.60,-84.98,-160,R,9238,-25.4111
47770,P2,BASE,-78.45,-85.02,-159,R,9204,-25.3455
47780,P2,BASE,-78.30,-82.47,-161,R,9171,-25.3038
47790,P2,BASE,-78.15,-85.03,-158,R,9137,-25.2350
47800,P2,BASE,-78.00,-82.50,-160,R,9104,-25.1900
47810,P2,BASE,-77.85,-82.49,-160,R,9071,-25.1436
47820,P2,BASE,-77.70,-80.01,-162,R,9039,-25.1205
47830,P2,BASE,-77.55,-85.00,-156,R,9005,-25.0460
47840,P2,BASE,-77.40,-80.00,-161,R,8973,-25.0200
47850,P2,BASE,-77.25,-82.51,-158,R,8940,-24.9675
47860,P2,BASE,-77.10,-82.50,-158,R,8907,-24.9135
47870,P2,BASE,-76.95,-82.50,-157,R,8874,-24.8580
47880,P2,BASE,-76.80,-79.98,-159,R,8842,-24.8262
47890,P2,BASE,-76.65,-82.52,-156,R,8809,-24.7675
47900,P2,BASE,-76.50,-79.98,-158,R,8777,-24.7328
47910,P2,BASE,-76.35,-80.00,-158,R,8745,-24.6963
47920,P2,BASE,-76.20,-82.52,-155,R,8712,-24.6331
47930,P2,BASE,-76.05,-80.00,-157,R,8680,-24.5936
47940,P2,BASE,-75.90,-82.45,-154,R,8647,-24.5281
47950,P2,BASE,-75.75,-77.55,-159,R,8616,-24.5101
47960,P2,BASE,-75.60,-80.00,-156,R,8584,-24.4661
47970,P2,BASE,-75.45,-77.52,-158,R,8553,-24.4455
47980,P2,BASE,-75.30,-77.49,-158,R,8522,-24.4236
47990,P2,BASE,-75.15,-75.00,-160,R,8492,-24.4251
48000,P2,BASE,-75.00,-80.01,-154,R,8460,-24.3750
48010,P2,BASE,-74.85,-74.99,-159,R,8430,-24.3735
48020,P2,BASE,-74.70,-80.01,-154,R,8398,-24.3205
48030,P2,BASE,-74.55,-77.50,-156,R,8367,-24.2910
48040,P2,BASE,-74.40,-77.49,-156,R,8336,-24.2600
48050,P2,BASE,-74.25,-77.51,-155,R,8305,-24.2275
48060,P2,BASE,-74.10,-77.48,-155,R,8274,-24.1936
48070,P2,BASE,-73.95,-77.48,-155,R,8243,-24.1583
48080,P2,BASE,-73.80,-77.53,-154,R,8212,-24.1210
48090,P2,BASE,-73.65,-74.98,-156,R,8182,-24.1077
48100,P2,BASE,-73.50,-77.52,-153,R,8151,-24.0675
48110,P2,BASE,-73.35,-75.00,-156,R,8121,-24.0510
48120,P2,BASE,-73.20,-77.49,-153,R,8090,-24.0080
48130,P2,BASE,-73.05,-77.48,-152,R,8059,-23.9638
48140,P2,BASE,-72.90,-75.01,-155,R,8029,-23.9427
48150,P2,BASE,-72.75,-74.99,-154,R,7999,-23.9203
48160,P2,BASE,-72.60,-72.51,-157,R,7970,-23.9211
48170,P2,BASE,-72.45,-72.50,-157,R,7941,-23.9206
48180,P2,BASE,-72.30,-72.50,-156,R,7912,-23.9186
48190,P2,BASE,-72.15,-72.49,-156,R,7883,-23.9152
48200,P2,BASE,-72.00,-72.51,-156,R,7854,-23.9101
48210,P2,BASE,-71.85,-72.51,-156,R,7825,-23.9036
48220,P2,BASE,-71.70,-72.50,-156,R,7796,-23.8956
48230,P2,BASE,-71.55,-74.99,-153,R,7766,-23.8612
48240,P2,BASE,-71.40,-72.51,-155,R,7737,-23.8501
48250,P2,BASE,-71.25,-75.01,-152,R,7707,-23.8125
48260,P2,BASE,-71.10,-72.49,-154,R,7678,-23.7986
48270,P2,BASE,-70.95,-74.99,-151,R,7648,-23.7582
48280,P2,BASE,-70.80,-72.50,-154,R,7619,-23.7412
48290,P2,BASE,-70.65,-75.01,-151,R,7589,-23.6976
48300,P2,BASE,-70.50,-72.51,-153,R,7560,-23.6775
48310,P2,BASE,-70.35,-72.49,-153,R,7531,-23.6561
48320,P2,BASE,-70.20,-75.01,-150,R,7501,-23.6080
48330,P2,BASE,-70.05,-72.45,-152,R,7472,-23.5840
48340,P2,BASE,-69.90,-70.04,-154,R,7444,-23.5826
48350,P2,BASE,-69.75,-72.48,-151,R,7415,-23.5553
48360,P2,BASE,-69.60,-72.52,-151,R,7386,-23.5261
48370,P2,BASE,-69.45,-70.01,-153,R,7358,-23.5205
48380,P2,BASE,-69.30,-69.99,-153,R,7330,-23.5136
48390,P2,BASE,-69.15,-67.51,-156,R,7303,-23.5300
48400,P2,BASE,-69.00,-72.47,-150,R,7274,-23.4953
48410,P2,BASE,-68.85,-70.01,-153,R,7246,-23.4837
48420,P2,BASE,-68.70,-70.00,-152,R,7218,-23.4707
48430,P2,BASE,-68.55,-70.01,-152,R,7190,-23.4561
48440,P2,BASE,-68.40,-69.99,-152,R,7162,-23.4402
48450,P2,BASE,-68.25,-70.01,-152,R,7134,-23.4226
48460,P2,BASE,-68.10,-72.51,-149,R,7105,-23.3785
48470,P2,BASE,-67.95,-69.99,-151,R,7077,-23.3581
48480,P2,BASE,-67.80,-70.00,-151,R,7049,-23.3361
48490,P2,BASE,-67.65,-69.99,-150,R,7021,-23.3127
48500,P2,BASE,-67.50,-70.02,-150,R,6993,-23.2875
48510,P2,BASE,-67.35,-69.99,-150,R,6965,-23.2611
48520,P2,BASE,-67.20,-70.01,-149,R,6937,-23.2330
48530,P2,BASE,-67.05,-72.46,-146,R,6908,-23.1789
48540,P2,BASE,-66.90,-70.04,-148,R,6880,-23.1475
48550,P2,BASE,-66.75,-69.99,-148,R,6852,-23.1152
48560,P2,BASE,-66.60,-70.01,-148,R,6824,-23.0811
48570,P2,BASE,-66.45,-70.00,-147,R,6796,-23.0456
48580,P2,BASE,-66.30,-69.98,-147,R,6768,-23.0088
48590,P2,BASE,-66.15,-67.51,-149,R,6741,-22.9952
48600,P2,BASE,-66.00,-67.51,-149,R,6714,-22.9801
48610,P2,BASE,-65.85,-69.98,-146,R,6686,-22.9388
48620,P2,BASE,-65.70,-67.51,-148,R,6659,-22.9207
48630,P2,BASE,-65.55,-65.00,-151,R,6633,-22.9262
48640,P2,BASE,-65.40,-69.99,-145,R,6605,-22.8802
48650,P2,BASE,-65.25,-64.99,-150,R,6579,-22.8828
48660,P2,BASE,-65.10,-67.51,-147,R,6552,-22.8587
48670,P2,BASE,-64.95,-65.01,-150,R,6526,-22.8582
48680,P2,BASE,-64.80,-67.51,-147,R,6499,-22.8311
48690,P2,BASE,-64.65,-67.49,-146,R,6472,-22.8027
48700,P2,BASE,-64.50,-65.01,-149,R,6446,-22.7977
48710,P2,BASE,-64.35,-65.01,-149,R,6420,-22.7911
48720,P2,BASE,-64.20,-67.49,-146,R,6393,-22.7582
48730,P2,BASE,-64.05,-65.01,-148,R,6367,-22.7486
48740,P2,BASE,-63.90,-64.99,-148,R,6341,-22.7377
48750,P2,BASE,-63.75,-65.00,-147,R,6315,-22.7252
48760,P2,BASE,-63.60,-67.51,-145,R,6288,-22.6861
48770,P2,BASE,-63.45,-62.49,-150,R,6263,-22.6957
48780,P2,BASE,-63.30,-65.00,-147,R,6237,-22.6787
48790,P2,BASE,-63.15,-65.01,-146,R,6211,-22.6601
48800,P2,BASE,-63.00,-65.00,-146,R,6185,-22.6401
48810,P2,BASE,-62.85,-62.49,-149,R,6160,-22.6437
48820,P2,BASE,-62.70,-62.52,-148,R,6135,-22.6455
48830,P2,BASE,-62.55,-62.49,-148,R,6110,-22.6461
48840,P2,BASE,-62.40,-62.49,-148,R,6085,-22.6452
48850,P2,BASE,-62.25,-62.51,-148,R,6060,-22.6425
48860,P2,BASE,-62.10,-62.48,-148,R,6035,-22.6388
48870,P2,BASE,-61.95,-65.01,-145,R,6009,-22.6082
48880,P2,BASE,-61.80,-62.51,-147,R,5984,-22.6011
48890,P2,BASE,-61.65,-65.01,-144,R,5958,-22.5675
48900,P2,BASE,-61.50,-62.48,-147,R,5933,-22.5577
48910,P2,BASE,-61.35,-62.49,-146,R,5908,-22.5463
48920,P2,BASE,-61.20,-65.01,-143,R,5882,-22.5082
48930,P2,BASE,-61.05,-65.01,-143,R,5856,-22.4685
48940,P2,BASE,-60.90,-62.49,-145,R,5831,-22.4526
48950,P2,BASE,-60.75,-62.49,-145,R,5806,-22.4352
48960,P2,BASE,-60.60,-62.50,-145,R,5781,-22.4162
48970,P2,BASE,-60.45,-62.51,-144,R,5756,-22.3956
48980,P2,BASE,-60.30,-62.50,-144,R,5731,-22.3736
48990,P2,BASE,-60.15,-62.49,-144,R,5706,-22.3502
49000,P2,BASE,-60.00,-62.51,-144,R,5681,-22.3251
49010,P2,BASE,-59.85,-62.49,-143,R,5656,-22.2987
49020,P2,BASE,-59.70,-60.01,-146,R,5632,-22.2956
49030,P2,BASE,-59.55,-59.99,-145,R,5608,-22.2912
49040,P2,BASE,-59.40,-62.51,-143,R,5583,-22.2602
49050,P2,BASE,-59.25,-57.51,-148,R,5560,-22.2776
49060,P2,BASE,-59.10,-60.00,-145,R,5536,-22.2686
49070,P2,BASE,-58.95,-57.49,-147,R,5513,-22.2832
49080,P2,BASE,-58.80,-60.00,-145,R,5489,-22.2712
49090,P2,BASE,-58.65,-60.01,-144,R,5465,-22.2575
49100,P2,BASE,-58.50,-57.49,-147,R,5442,-22.2676
49110,P2,BASE,-58.35,-60.00,-144,R,5418,-22.2511
49120,P2,BASE,-58.20,-57.51,-146,R,5395,-22.2580
49130,P2,BASE,-58.05,-62.49,-141,R,5370,-22.2137
49140,P2,BASE,-57.90,-57.49,-146,R,5347,-22.2177
49150,P2,BASE,-57.75,-60.00,-143,R,5323,-22.1952
49160,P2,BASE,-57.60,-62.52,-140,R,5298,-22.1460
49170,P2,BASE,-57.45,-57.48,-145,R,5275,-22.1457
49180,P2,BASE,-57.30,-59.99,-142,R,5251,-22.1188
49190,P2,BASE,-57.15,-60.00,-142,R,5227,-22.0903
49200,P2,BASE,-57.00,-57.52,-144,R,5204,-22.0851
49210,P2,BASE,-56.85,-62.49,-138,R,5179,-22.0287
49220,P2,BASE,-56.70,-57.51,-143,R,5156,-22.0207
49230,P2,BASE,-56.55,-57.49,-143,R,5133,-22.0112
49240,P2,BASE,-56.40,-60.02,-140,R,5109,-21.9750
49250,P2,BASE,-56.25,-57.49,-142,R,5086,-21.9626
49260,P2,BASE,-56.10,-57.49,-142,R,5063,-21.9487
49270,P2,BASE,-55.95,-57.50,-142,R,5040,-21.9332
49280,P2,BASE,-55.80,-57.51,-142,R,5017,-21.9161
49290,P2,BASE,-55.65,-57.51,-141,R,4994,-21.8975
49300,P2,BASE,-55.50,-54.98,-144,R,4972,-21.9027
49310,P2,BASE,-55.35,-57.50,-141,R,4949,-21.8812
49320,P2,BASE,-55.20,-55.01,-143,R,4927,-21.8831
49330,P2,BASE,-55.05,-54.99,-143,R,4905,-21.8837
49340,P2,BASE,-54.90,-57.52,-140,R,4882,-21.8575
49350,P2,BASE,-54.75,-54.99,-143,R,4860,-21.8551
49360,P2,BASE,-54.60,-55.01,-143,R,4838,-21.8511
49370,P2,BASE,-54.45,-57.49,-140,R,4815,-21.8207
49380,P2,BASE,-54.30,-57.51,-139,R,4792,-21.7886
49390,P2,BASE,-54.15,-54.99,-142,R,4770,-21.7802
49400,P2,BASE,-54.00,-57.51,-139,R,4747,-21.7451
49410,P2,BASE,-53.85,-54.99,-141,R,4725,-21.7336
49420,P2,BASE,-53.70,-57.51,-138,R,4702,-21.6955
49430,P2,BASE,-53.55,-57.49,-138,R,4679,-21.6561
49440,P2,BASE,-53.40,-54.98,-140,R,4657,-21.6402
49450,P2,BASE,-53.25,-57.50,-137,R,4634,-21.5977
49460,P2,BASE,-53.10,-55.02,-139,R,4612,-21.5785
49470,P2,BASE,-52.95,-54.98,-139,R,4590,-21.5582
49480,P2,BASE,-52.80,-57.52,-136,R,4567,-21.5110
49490,P2,BASE,-52.65,-55.00,-138,R,4545,-21.4875
49500,P2,BASE,-52.50,-54.98,-138,R,4523,-21.4627
49510,P2,BASE,-52.35,-57.51,-135,R,4500,-21.4111
49520,P2,BASE,-52.20,-57.50,-134,R,4477,-21.3581
49530,P2,BASE,-52.05,-57.51,-134,R,4454,-21.3035
49540,P2,BASE,-51.90,-54.98,-136,R,4432,-21.2727
49550,P2,BASE,-51.75,-55.02,-136,R,4410,-21.2401
49560,P2,BASE,-51.60,-54.99,-135,R,4388,-21.2062
49570,P2,BASE,-51.45,-54.99,-135,R,4366,-21.1707
49580,P2,BASE,-51.30,-52.51,-137,R,4345,-21.1586
49590,P2,BASE,-51.15,-55.01,-134,R,4323,-21.1201
49600,P2,BASE,-51.00,-52.49,-137,R,4302,-21.1052
49610,P2,BASE,-50.85,-52.51,-136,R,4281,-21.0886
49620,P2,BASE,-50.70,-52.51,-136,R,4260,-21.0706
49630,P2,BASE,-50.55,-50.00,-138,R,4240,-21.0761
49640,P2,BASE,-50.40,-52.49,-136,R,4219,-21.0551
49650,P2,BASE,-50.25,-52.51,-135,R,4198,-21.0326
49660,P2,BASE,-50.10,-52.49,-135,R,4177,-21.0086
49670,P2,BASE,-49.95,-49.99,-137,R,4157,-21.0082
49680,P2,BASE,-49.80,-49.99,-137,R,4137,-21.0062
49690,P2,BASE,-49.65,-50.02,-137,R,4117,-21.0026
49700,P2,BASE,-49.50,-52.51,-134,R,4096,-20.9725
49710,P2,BASE,-49.35,-49.98,-137,R,4076,-20.9662
49720,P2,BASE,-49.20,-47.51,-139,R,4057,-20.9831
49730,P2,BASE,-49.05,-50.01,-136,R,4037,-20.9735
49740,P2,BASE,-48.90,-49.98,-136,R,4017,-20.9627
49750,P2,BASE,-48.75,-47.52,-139,R,3998,-20.9750
49760,P2,BASE,-48.60,-49.99,-136,R,3978,-20.9611
49770,P2,BASE,-48.45,-50.00,-135,R,3958,-20.9456
49780,P2,BASE,-48.30,-47.50,-138,R,3939,-20.9536
49790,P2,BASE,-48.15,-47.50,-138,R,3920,-20.9600
49800,P2,BASE,-48.00,-49.99,-135,R,3900,-20.9402
49810,P2,BASE,-47.85,-47.50,-137,R,3881,-20.9437
49820,P2,BASE,-47.70,-50.02,-135,R,3861,-20.9205
49830,P2,BASE,-47.55,-47.49,-137,R,3842,-20.9211
49840,P2,BASE,-47.40,-47.50,-137,R,3823,-20.9201
49850,P2,BASE,-47.25,-47.50,-137,R,3804,-20.9176
49860,P2,BASE,-47.10,-47.50,-136,R,3785,-20.9136
49870,P2,BASE,-46.95,-47.51,-136,R,3766,-20.9080
49880,P2,BASE,-46.80,-45.00,-139,R,3748,-20.9260
49890,P2,BASE,-46.65,-47.50,-136,R,3729,-20.9176
49900,P2,BASE,-46.50,-47.49,-136,R,3710,-20.9077
49910,P2,BASE,-46.35,-45.00,-138,R,3692,-20.9212
49920,P2,BASE,-46.20,-47.50,-135,R,3673,-20.9081
49930,P2,BASE,-46.05,-47.51,-135,R,3654,-20.8935
49940,P2,BASE,-45.90,-47.50,-135,R,3635,-20.8775
49950,P2,BASE,-45.75,-47.48,-135,R,3616,-20.8602
49960,P2,BASE,-45.60,-50.02,-132,R,3596,-20.8160
49970,P2,BASE,-45.45,-47.48,-134,R,3577,-20.7957
49980,P2,BASE,-45.30,-47.51,-134,R,3558,-20.7736
49990,P2,BASE,-45.15,-47.49,-133,R,3539,-20.7502
50000,P2,BASE,-45.00,-47.50,-133,R,3520,-20.7252
50010,P2,BASE,-44.85,-50.01,-130,R,3500,-20.6737
50020,P2,BASE,-44.70,-47.50,-132,R,3481,-20.6457
50030,P2,BASE,-44.55,-47.50,-132,R,3462,-20.6161
50040,P2,BASE,-44.40,-47.51,-132,R,3443,-20.5850
50050,P2,BASE,-44.25,-44.99,-134,R,3425,-20.5777
50060,P2,BASE,-44.10,-47.50,-131,R,3406,-20.5437
50070,P2,BASE,-43.95,-45.01,-133,R,3388,-20.5331
50080,P2,BASE,-43.80,-47.50,-130,R,3369,-20.4961
50090,P2,BASE,-43.65,-47.50,-130,R,3350,-20.4576
50100,P2,BASE,-43.50,-45.00,-132,R,3332,-20.4426
50110,P2,BASE,-43.35,-47.50,-129,R,3313,-20.4011
50120,P2,BASE,-43.20,-45.00,-132,R,3295,-20.3831
50130,P2,BASE,-43.05,-45.00,-131,R,3277,-20.3636
50140,P2,BASE,-42.90,-47.50,-128,R,3258,-20.3176
50150,P2,BASE,-42.75,-45.00,-130,R,3240,-20.2951
50160,P2,BASE,-42.60,-42.50,-133,R,3223,-20.2961
50170,P2,BASE,-42.45,-45.00,-130,R,3205,-20.2705
50180,P2,BASE,-42.30,-42.49,-132,R,3188,-20.2687
50190,P2,BASE,-42.15,-42.51,-132,R,3171,-20.2651
50200,P2,BASE,-42.00,-42.50,-132,R,3154,-20.2601
50210,P2,BASE,-41.85,-42.50,-132,R,3137,-20.2536
50220,P2,BASE,-41.70,-42.49,-132,R,3120,-20.2457
50230,P2,BASE,-41.55,-40.00,-134,R,3104,-20.2612
50240,P2,BASE,-41.40,-42.51,-131,R,3087,-20.2501
50250,P2,BASE,-41.25,-42.50,-131,R,3070,-20.2376
50260,P2,BASE,-41.10,-40.00,-134,R,3054,-20.2486
50270,P2,BASE,-40.95,-40.00,-134,R,3038,-20.2581
50280,P2,BASE,-40.80,-44.97,-128,R,3020,-20.2164
50290,P2,BASE,-40.65,-40.02,-133,R,3004,-20.2227
50300,P2,BASE,-40.50,-42.51,-130,R,2987,-20.2026
50310,P2,BASE,-40.35,-39.99,-133,R,2971,-20.2062
50320,P2,BASE,-40.20,-42.50,-130,R,2954,-20.1831
50330,P2,BASE,-40.05,-40.01,-132,R,2938,-20.1836
50340,P2,BASE,-39.90,-42.49,-129,R,2921,-20.1576
50350,P2,BASE,-39.75,-42.50,-129,R,2904,-20.1302
50360,P2,BASE,-39.60,-40.01,-131,R,2888,-20.1261
50370,P2,BASE,-39.45,-40.00,-131,R,2872,-20.1206
50380,P2,BASE,-39.30,-40.00,-131,R,2856,-20.1136
50390,P2,BASE,-39.15,-40.00,-131,R,2840,-20.1051
50400,P2,BASE,-39.00,-39.99,-130,R,2824,-20.0952
50410,P2,BASE,-38.85,-40.01,-130,R,2808,-20.0836
50420,P2,BASE,-38.70,-40.00,-130,R,2792,-20.0706
50430,P2,BASE,-38.55,-39.98,-130,R,2776,-20.0563
50440,P2,BASE,-38.40,-37.53,-132,R,2761,-20.0651
50450,P2,BASE,-38.25,-37.49,-132,R,2746,-20.0727
50460,P2,BASE,-38.10,-40.01,-129,R,2730,-20.0536
50470,P2,BASE,-37.95,-40.00,-129,R,2714,-20.0331
50480,P2,BASE,-37.80,-37.50,-131,R,2699,-20.0361
50490,P2,BASE,-37.65,-37.49,-131,R,2684,-20.0377
50500,P2,BASE,-37.50,-40.00,-128,R,2668,-20.0127
50510,P2,BASE,-37.35,-37.51,-131,R,2653,-20.0111
50520,P2,BASE,-37.20,-37.50,-131,R,2638,-20.0081
50530,P2,BASE,-37.05,-37.49,-130,R,2623,-20.0037
50540,P2,BASE,-36.90,-37.50,-130,R,2608,-19.9977
50550,P2,BASE,-36.75,-37.51,-130,R,2593,-19.9901
50560,P2,BASE,-36.60,-37.50,-130,R,2578,-19.9811
50570,P2,BASE,-36.45,-37.49,-130,R,2563,-19.9707
50580,P2,BASE,-36.30,-37.51,-129,R,2548,-19.9586
50590,P2,BASE,-36.15,-37.49,-129,R,2533,-19.9452
50600,P2,BASE,-36.00,-37.50,-129,R,2518,-19.9302
50610,P2,BASE,-35.85,-35.00,-131,R,2504,-19.9387
50620,P2,BASE,-35.70,-37.51,-128,R,2489,-19.9206
50630,P2,BASE,-35.55,-37.49,-128,R,2474,-19.9012
50640,P2,BASE,-35.40,-37.50,-128,R,2459,-19.8802
50650,P2,BASE,-35.25,-37.50,-128,R,2444,-19.8577
50660,P2,BASE,-35.10,-37.51,-127,R,2429,-19.8337
50670,P2,BASE,-34.95,-40.00,-124,R,2413,-19.7831
50680,P2,BASE,-34.80,-37.49,-127,R,2398,-19.7562
50690,P2,BASE,-34.65,-37.51,-126,R,2383,-19.7276
50700,P2,BASE,-34.50,-37.50,-126,R,2368,-19.6976
50710,P2,BASE,-34.35,-37.49,-125,R,2353,-19.6662
50720,P2,BASE,-34.20,-37.51,-125,R,2338,-19.6331
50730,P2,BASE,-34.05,-37.49,-125,R,2323,-19.5987
50740,P2,BASE,-33.90,-40.01,-122,R,2307,-19.5376
50750,P2,BASE,-33.75,-37.50,-124,R,2292,-19.5001
50760,P2,BASE,-33.60,-37.50,-123,R,2277,-19.4611
50770,P2,BASE,-33.45,-37.50,-123,R,2262,-19.4206
50780,P2,BASE,-33.30,-37.49,-123,R,2247,-19.3787
50790,P2,BASE,-33.15,-37.51,-122,R,2232,-19.3351
50800,P2,BASE,-33.00,-37.50,-122,R,2217,-19.2901
50810,P2,BASE,-32.85,-37.50,-121,R,2202,-19.2436
50820,P2,BASE,-32.70,-37.49,-121,R,2187,-19.1957
50830,P2,BASE,-32.55,-37.50,-120,R,2172,-19.1462
50840,P2,BASE,-32.40,-35.00,-122,R,2158,-19.1202
50850,P2,BASE,-32.25,-37.50,-119,R,2143,-19.0676
50860,P2,BASE,-32.10,-35.00,-122,R,2129,-19.0387
50870,P2,BASE,-31.95,-37.50,-119,R,2114,-18.9832
50880,P2,BASE,-31.80,-37.50,-118,R,2099,-18.9262
50890,P2,BASE,-31.65,-35.01,-120,R,2085,-18.8926
50900,P2,BASE,-31.50,-37.50,-117,R,2070,-18.8327
50910,P2,BASE,-31.35,-34.99,-119,R,2056,-18.7962
50920,P2,BASE,-31.20,-37.52,-116,R,2041,-18.7331
50930,P2,BASE,-31.05,-34.99,-118,R,2027,-18.6937
50940,P2,BASE,-30.90,-32.50,-121,R,2014,-18.6777
50950,P2,BASE,-30.75,-35.00,-118,R,2000,-18.6352
50960,P2,BASE,-30.60,-35.00,-117,R,1986,-18.5912
50970,P2,BASE,-30.45,-32.50,-119,R,1973,-18.5707
50980,P2,BASE,-30.30,-32.50,-119,R,1960,-18.5486
50990,P2,BASE,-30.15,-35.00,-116,R,1946,-18.5002
51000,P2,BASE,-30.00,-32.50,-118,R,1933,-18.4751
51010,P2,BASE,-29.85,-30.00,-121,R,1921,-18.4736
51020,P2,BASE,-29.70,-32.49,-118,R,1908,-18.4457
51030,P2,BASE,-29.55,-30.00,-120,R,1896,-18.4412
51040,P2,BASE,-29.40,-32.50,-117,R,1883,-18.4102
51050,P2,BASE,-29.25,-30.00,-120,R,1871,-18.4027
51060,P2,BASE,-29.10,-30.01,-119,R,1859,-18.3936
51070,P2,BASE,-28.95,-29.99,-119,R,1847,-18.3832
51080,P2,BASE,-28.80,-27.51,-122,R,1836,-18.3961
51090,P2,BASE,-28.65,-29.99,-119,R,1824,-18.3827
51100,P2,BASE,-28.50,-30.00,-119,R,1812,-18.3677
51110,P2,BASE,-28.35,-27.50,-121,R,1801,-18.3762
51120,P2,BASE,-28.20,-27.51,-121,R,1790,-18.3831
51130,P2,BASE,-28.05,-27.50,-121,R,1779,-18.3886
51140,P2,BASE,-27.90,-30.00,-118,R,1767,-18.3676
51150,P2,BASE,-27.75,-25.00,-123,R,1757,-18.3952
51160,P2,BASE,-27.60,-27.50,-120,R,1746,-18.3962
51170,P2,BASE,-27.45,-27.49,-120,R,1735,-18.3957
51180,P2,BASE,-27.30,-25.01,-123,R,1725,-18.4186
51190,P2,BASE,-27.15,-27.49,-120,R,1714,-18.4152
51200,P2,BASE,-27.00,-25.00,-123,R,1704,-18.4352
51210,P2,BASE,-26.85,-27.50,-120,R,1693,-18.4287
51220,P2,BASE,-26.70,-25.00,-122,R,1683,-18.4457
51230,P2,BASE,-26.55,-25.00,-122,R,1673,-18.4612
51240,P2,BASE,-26.40,-25.00,-122,R,1663,-18.4752
51250,P2,BASE,-26.25,-25.00,-122,R,1653,-18.4877
51260,P2,BASE,-26.10,-22.51,-125,R,1644,-18.5237
51270,P2,BASE,-25.95,-25.00,-122,R,1634,-18.5331
51280,P2,BASE,-25.80,-25.00,-122,R,1624,-18.5411
51290,P2,BASE,-25.65,-25.00,-122,R,1614,-18.5477
51300,P2,BASE,-25.50,-25.00,-122,R,1604,-18.5527
51310,P2,BASE,-25.35,-22.50,-124,R,1595,-18.5811
51320,P2,BASE,-25.20,-25.00,-122,R,1585,-18.5832
51330,P2,BASE,-25.05,-25.00,-122,R,1575,-18.5837
51340,P2,BASE,-24.90,-25.00,-121,R,1565,-18.5827
51350,P2,BASE,-24.75,-25.01,-121,R,1555,-18.5801
51360,P2,BASE,-24.60,-22.49,-124,R,1546,-18.6012
51370,P2,BASE,-24.45,-22.51,-124,R,1537,-18.6206
51380,P2,BASE,-24.30,-24.99,-121,R,1527,-18.6137
51390,P2,BASE,-24.15,-25.01,-121,R,1517,-18.6052
51400,P2,BASE,-24.00,-25.00,-121,R,1507,-18.5952
51410,P2,BASE,-23.85,-25.01,-120,R,1497,-18.5837
51420,P2,BASE,-23.70,-22.50,-123,R,1488,-18.5957
51430,P2,BASE,-23.55,-25.00,-120,R,1478,-18.5812
51440,P2,BASE,-23.40,-25.00,-120,R,1468,-18.5652
51450,P2,BASE,-23.25,-22.50,-122,R,1459,-18.5727
51460,P2,BASE,-23.10,-25.00,-119,R,1449,-18.5537
51470,P2,BASE,-22.95,-25.01,-119,R,1439,-18.5332
51480,P2,BASE,-22.80,-22.50,-122,R,1430,-18.5362
51490,P2,BASE,-22.65,-25.01,-119,R,1420,-18.5126
51500,P2,BASE,-22.50,-22.50,-121,R,1411,-18.5127
51510,P2,BASE,-22.35,-25.00,-118,R,1401,-18.4862
51520,P2,BASE,-22.20,-25.00,-118,R,1391,-18.4582
51530,P2,BASE,-22.05,-25.00,-118,R,1381,-18.4286
51540,P2,BASE,-21.90,-22.49,-120,R,1372,-18.4227
51550,P2,BASE,-21.75,-25.01,-117,R,1362,-18.3901
51560,P2,BASE,-21.60,-25.00,-117,R,1352,-18.3561
51570,P2,BASE,-21.45,-22.50,-119,R,1343,-18.3456
51580,P2,BASE,-21.30,-25.00,-116,R,1333,-18.3086
51590,P2,BASE,-21.15,-22.50,-118,R,1324,-18.2952
51600,P2,BASE,-21.00,-25.01,-115,R,1314,-18.2551
51610,P2,BASE,-20.85,-22.50,-118,R,1305,-18.2387
51620,P2,BASE,-20.70,-25.00,-115,R,1295,-18.1957
51630,P2,BASE,-20.55,-25.00,-114,R,1285,-18.1512
51640,P2,BASE,-20.40,-22.50,-116,R,1276,-18.1302
51650,P2,BASE,-20.25,-25.00,-113,R,1266,-18.0826
51660,P2,BASE,-20.10,-24.99,-113,R,1256,-18.0337
51670,P2,BASE,-19.95,-22.50,-115,R,1247,-18.0082
51680,P2,BASE,-19.80,-22.51,-115,R,1238,-17.9811
51690,P2,BASE,-19.65,-25.00,-112,R,1228,-17.9276
51700,P2,BASE,-19.50,-24.99,-111,R,1218,-17.8727
51710,P2,BASE,-19.35,-25.01,-111,R,1208,-17.8161
51720,P2,BASE,-19.20,-22.49,-113,R,1199,-17.7832
51730,P2,BASE,-19.05,-25.01,-110,R,1189,-17.7236
51740,P2,BASE,-18.90,-22.49,-112,R,1180,-17.6877
51750,P2,BASE,-18.75,-22.50,-112,R,1171,-17.6502
51760,P2,BASE,-18.60,-25.00,-108,R,1161,-17.5862
51770,P2,BASE,-18.45,-22.50,-111,R,1152,-17.5456
51780,P2,BASE,-18.30,-22.50,-110,R,1143,-17.5037
51790,P2,BASE,-18.15,-22.50,-110,R,1134,-17.4601
51800,P2,BASE,-18.00,-20.00,-112,R,1126,-17.4402
51810,P2,BASE,-17.85,-22.50,-109,R,1117,-17.3937
51820,P2,BASE,-17.70,-22.51,-109,R,1108,-17.3456
51830,P2,BASE,-17.55,-22.50,-108,R,1099,-17.2961
51840,P2,BASE,-17.40,-22.50,-108,R,1090,-17.2451
51850,P2,BASE,-17.25,-22.49,-107,R,1081,-17.1927
51860,P2,BASE,-17.10,-20.00,-109,R,1073,-17.1637
51870,P2,BASE,-16.95,-20.01,-109,R,1065,-17.1331
51880,P2,BASE,-16.80,-20.00,-109,R,1057,-17.1011
51890,P2,BASE,-16.65,-22.49,-105,R,1048,-17.0427
51900,P2,BASE,-16.50,-17.50,-110,R,1041,-17.0327
51910,P2,BASE,-16.35,-20.00,-107,R,1033,-16.9961
51920,P2,BASE,-16.20,-20.00,-107,R,1025,-16.9582
51930,P2,BASE,-16.05,-20.00,-107,R,1017,-16.9187
51940,P2,BASE,-15.90,-17.50,-109,R,1010,-16.9027
51950,P2,BASE,-15.75,-20.00,-106,R,1002,-16.8602
51960,P2,BASE,-15.60,-15.00,-111,R,996,-16.8662
51970,P2,BASE,-15.45,-20.00,-105,R,988,-16.8207
51980,P2,BASE,-15.30,-17.51,-108,R,981,-16.7987
51990,P2,BASE,-15.15,-17.49,-107,R,974,-16.7752
52000,P2,BASE,-15.00,-17.51,-107,R,967,-16.7502
52010,P2,BASE,-14.85,-17.50,-107,R,960,-16.7237
52020,P2,BASE,-14.70,-15.00,-109,R,954,-16.7207
52030,P2,BASE,-14.55,-17.50,-106,R,947,-16.6912
52040,P2,BASE,-14.40,-15.00,-108,R,941,-16.6852
52050,P2,BASE,-14.25,-17.50,-106,R,934,-16.6527
52060,P2,BASE,-14.10,-15.00,-108,R,928,-16.6437
52070,P2,BASE,-13.95,-15.00,-108,R,922,-16.6332
52080,P2,BASE,-13.80,-17.50,-105,R,915,-16.5962
52090,P2,BASE,-13.65,-15.00,-107,R,909,-16.5827
52100,P2,BASE,-13.50,-15.01,-107,R,903,-16.5677
52110,P2,BASE,-13.35,-15.00,-107,R,897,-16.5512
52120,P2,BASE,-13.20,-12.50,-109,R,892,-16.5582
52130,P2,BASE,-13.05,-15.00,-106,R,886,-16.5387
52140,P2,BASE,-12.90,-15.00,-106,R,880,-16.5177
52150,P2,BASE,-12.75,-12.50,-108,R,875,-16.5202
52160,P2,BASE,-12.60,-12.50,-108,R,870,-16.5212
52170,P2,BASE,-12.45,-15.00,-105,R,864,-16.4957
52180,P2,BASE,-12.30,-12.50,-108,R,859,-16.4937
52190,P2,BASE,-12.15,-12.50,-107,R,854,-16.4902
52200,P2,BASE,-12.00,-12.50,-107,R,849,-16.4852
52210,P2,BASE,-11.85,-15.00,-104,R,843,-16.4537
52220,P2,BASE,-11.70,-10.00,-109,R,839,-16.4707
52230,P2,BASE,-11.55,-12.50,-107,R,834,-16.4612
52240,P2,BASE,-11.40,-12.50,-106,R,829,-16.4502
52250,P2,BASE,-11.25,-12.50,-106,R,824,-16.4377
52260,P2,BASE,-11.10,-10.00,-109,R,820,-16.4487
52270,P2,BASE,-10.95,-10.00,-109,R,816,-16.4582
52280,P2,BASE,-10.80,-12.50,-106,R,811,-16.4412
52290,P2,BASE,-10.65,-12.50,-105,R,806,-16.4227
52300,P2,BASE,-10.50,-10.00,-108,R,802,-16.4277
52310,P2,BASE,-10.35,-10.00,-108,R,798,-16.4312
52320,P2,BASE,-10.20,-10.00,-108,R,794,-16.4332
52330,P2,BASE,-10.05,-12.50,-105,R,789,-16.4087
52340,P2,BASE,-9.90,-10.00,-107,R,785,-16.4077
52350,P2,BASE,-9.75,-10.00,-107,R,781,-16.4052
52360,P2,BASE,-9.60,-10.00,-107,R,777,-16.4012
52370,P2,BASE,-9.45,-10.00,-107,R,773,-16.3957
52380,P2,BASE,-9.30,-10.00,-106,R,769,-16.3887
52390,P2,BASE,-9.15,-10.00,-106,R,765,-16.3802
52400,P2,BASE,-9.00,-7.50,-109,R,762,-16.3952
52410,P2,BASE,-8.85,-10.00,-106,R,758,-16.3837
52420,P2,BASE,-8.70,-7.50,-108,R,755,-16.3957
52430,P2,BASE,-8.55,-10.00,-106,R,751,-16.3812
52440,P2,BASE,-8.40,-10.00,-105,R,747,-16.3652
52450,P2,BASE,-8.25,-7.50,-108,R,744,-16.3727
52460,P2,BASE,-8.10,-7.50,-108,R,741,-16.3787
52470,P2,BASE,-7.95,-10.00,-105,R,737,-16.3582
52480,P2,BASE,-7.80,-7.50,-107,R,734,-16.3612
52490,P2,BASE,-7.65,-10.00,-104,R,730,-16.3377
52500,P2,BASE,-7.50,-10.00,-104,R,726,-16.3127
52510,P2,BASE,-7.35,-5.00,-109,R,724,-16.3362
52520,P2,BASE,-7.20,-7.50,-106,R,721,-16.3332
52530,P2,BASE,-7.05,-7.50,-106,R,718,-16.3287
52540,P2,BASE,-6.90,-7.50,-106,R,715,-16.3227
52550,P2,BASE,-6.75,-7.50,-106,R,712,-16.3152
52560,P2,BASE,-6.60,-7.50,-106,R,709,-16.3062
52570,P2,BASE,-6.45,-7.50,-105,R,706,-16.2957
52580,P2,BASE,-6.30,-5.00,-108,R,704,-16.3087
52590,P2,BASE,-6.15,-7.50,-105,R,701,-16.2952
52600,P2,BASE,-6.00,-5.00,-108,R,699,-16.3052
52610,P2,BASE,-5.85,-7.50,-105,R,696,-16.2887
52620,P2,BASE,-5.70,-10.00,-102,R,692,-16.2457
52630,P2,BASE,-5.55,-5.00,-107,R,690,-16.2512
52640,P2,BASE,-5.40,-7.50,-104,R,687,-16.2302
52650,P2,BASE,-5.25,-5.00,-106,R,685,-16.2327
52660,P2,BASE,-5.10,-5.00,-106,R,683,-16.2337
52670,P2,BASE,-4.95,-5.00,-106,R,681,-16.2332
52680,P2,BASE,-4.80,-5.00,-106,R,679,-16.2312
52690,P2,BASE,-4.65,-5.00,-106,R,677,-16.2277
52700,P2,BASE,-4.50,-7.50,-103,R,674,-16.1977
52710,P2,BASE,-4.35,-7.50,-102,R,671,-16.1662
52720,P2,BASE,-4.20,-5.00,-105,R,669,-16.1582
52730,P2,BASE,-4.05,-5.00,-105,R,667,-16.1487
52740,P2,BASE,-3.90,-2.50,-107,R,666,-16.1627
52750,P2,BASE,-3.75,-5.00,-104,R,664,-16.1502
52760,P2,BASE,-3.60,0.00,-109,R,664,-16.1862
52770,P2,BASE,-3.45,-5.00,-104,R,662,-16.1707
52780,P2,BASE,-3.30,-2.50,-107,R,661,-16.1787
52790,P2,BASE,-3.15,-5.00,-104,R,659,-16.1602
52800,P2,BASE,-3.00,-7.50,-101,R,656,-16.1152
52810,P2,BASE,-2.85,-5.00,-103,R,654,-16.0937
52820,P2,BASE,-2.70,-5.00,-103,R,652,-16.0707
52830,P2,BASE,-2.55,-2.50,-105,R,651,-16.0712
52840,P2,BASE,-2.40,-2.50,-105,R,650,-16.0702
52850,P2,BASE,-2.25,-2.50,-105,R,649,-16.0677
52860,P2,BASE,-2.10,-2.50,-105,R,648,-16.0637
52870,P2,BASE,-1.95,-2.50,-104,R,647,-16.0582
52880,P2,BASE,-1.80,0.00,-107,R,647,-16.0762
52890,P2,BASE,-1.65,0.00,-107,R,647,-16.0927
52900,P2,BASE,-1.50,0.00,-107,R,647,-16.1077
52910,P2,BASE,-1.35,0.00,-107,R,647,-16.1212
52920,P2,BASE,-1.20,0.00,-107,R,647,-16.1332
52930,P2,BASE,-1.05,0.00,-107,R,647,-16.1437
52940,P2,BASE,-0.90,0.00,-107,R,647,-16.1527
52950,P2,BASE,-0.75,0.00,-106,R,647,-16.1602
52960,P2,BASE,-0.60,0.00,-106,R,647,-16.1662
52970,P2,BASE,-0.45,0.00,-106,R,647,-16.1707
52980,P2,BASE,-0.30,0.00,-106,R,647,-16.1737
52990,P2,BASE,-0.15,0.00,-106,R,647,-16.1752
53000,P2,BASE,0.00,0.00,-106,R,647,-16.1752
