ISO-10303-21;
HEADER;
FILE_DESCRIPTION (( 'STEP AP214' ),
    '1' );
FILE_NAME ('Orange-Johnson motor 12V 300 RPM Grade-A.STEP',
    '2021-06-06T03:26:50',
    ( 'MERCURY' ),
    ( '' ),
    'SwSTEP 2.0',
    'SolidWorks 2013',
    '' );
FILE_SCHEMA (( 'AUTOMOTIVE_DESIGN' ));
ENDSEC;

DATA;
#1 = CONICAL_SURFACE ( 'NONE', #1367, 18.30000000000005000, 0.7853981633974396200 ) ;
#2 = FACE_OUTER_BOUND ( 'NONE', #1939, .T. ) ;
#3 = CARTESIAN_POINT ( 'NONE',  ( 0.0000000000000000000, 0.0000000000000000000, 0.0000000000000000000 ) ) ;
#4 = CARTESIAN_POINT ( 'NONE',  ( -15.50000000000000000, 0.0000000000000000000, 22.50000000000000000 ) ) ;
#5 = EDGE_LOOP ( 'NONE', ( #834, #1948, #870, #1620 ) ) ;
#6 = ORIENTED_EDGE ( 'NONE', *, *, #574, .F. ) ;
#7 = VERTEX_POINT ( 'NONE', #1957 ) ;
#8 = SURFACE_STYLE_USAGE ( .BOTH. , #964 ) ;
#9 = EDGE_CURVE ( 'NONE', #1642, #2012, #1519, .T. ) ;
#10 = DIRECTION ( 'NONE',  ( 0.0000000000000000000, 1.807003620809174600E-016, -1.000000000000000000 ) ) ;
#11 = ORIENTED_EDGE ( 'NONE', *, *, #1612, .F. ) ;
#12 = CARTESIAN_POINT ( 'NONE',  ( 15.50000000000000000, 0.0000000000000000000, 19.00000000000000000 ) ) ;
#13 = CARTESIAN_POINT ( 'NONE',  ( 11.50000000000000000, 0.3201142746380725200, -42.86512203727812700 ) ) ;
#14 = VERTEX_POINT ( 'NONE', #1791 ) ;
#15 = CYLINDRICAL_SURFACE ( 'NONE', #424, 18.50000000000000000 ) ;
#16 = AXIS2_PLACEMENT_3D ( 'NONE', #1058, #1391, #418 ) ;
#17 = VECTOR ( 'NONE', #311, 1000.000000000000000 ) ;
#18 = ADVANCED_FACE ( 'NONE', ( #666 ), #1477, .F. ) ;
#19 = DIRECTION ( 'NONE',  ( 1.000000000000000000, 0.0000000000000000000, 0.0000000000000000000 ) ) ;
#20 = ORIENTED_EDGE ( 'NONE', *, *, #320, .T. ) ;
#21 = CARTESIAN_POINT ( 'NONE',  ( 0.0000000000000000000, 0.0000000000000000000, -49.80000000000000400 ) ) ;
#22 = VERTEX_POINT ( 'NONE', #1716 ) ;
#23 = CARTESIAN_POINT ( 'NONE',  ( 0.0000000000000000000, 3.999999999999999100, 52.39999999999999900 ) ) ;
#24 = DIRECTION ( 'NONE',  ( 0.0000000000000000000, 0.0000000000000000000, 1.000000000000000000 ) ) ;
#25 = EDGE_LOOP ( 'NONE', ( #1652, #2056, #114, #1487 ) ) ;
#26 = STYLED_ITEM ( 'NONE', ( #1044 ), #1653 ) ;
#27 = CARTESIAN_POINT ( 'NONE',  ( 13.89999999999999700, 1.959434878635766500E-016, 19.00000000000000000 ) ) ;
#28 = CARTESIAN_POINT ( 'NONE',  ( 12.00000000000000000, -1.499999999999998000, -37.79999999999999700 ) ) ;
#29 = FACE_OUTER_BOUND ( 'NONE', #836, .T. ) ;
#30 = CARTESIAN_POINT ( 'NONE',  ( -0.4213152265526048400, 9.972100772320281700, 52.34715949772445500 ) ) ;
#31 = CIRCLE ( 'NONE', #1508, 0.5000000000000004400 ) ;
#32 = DIRECTION ( 'NONE',  ( 1.000000000000000000, -0.0000000000000000000, -0.0000000000000000000 ) ) ;
#33 = DIRECTION ( 'NONE',  ( 1.000000000000000000, 0.0000000000000000000, 0.0000000000000000000 ) ) ;
#34 = CARTESIAN_POINT ( 'NONE',  ( -1.515951280166079500, 9.589220197690179900, 50.27762121865607300 ) ) ;
#35 = ORIENTED_EDGE ( 'NONE', *, *, #1838, .F. ) ;
#36 = AXIS2_PLACEMENT_3D ( 'NONE', #548, #1686, #711 ) ;
#37 = ORIENTED_EDGE ( 'NONE', *, *, #356, .T. ) ;
#38 = DIRECTION ( 'NONE',  ( -0.0000000000000000000, -0.0000000000000000000, -1.000000000000000000 ) ) ;
#39 = EDGE_CURVE ( 'NONE', #844, #701, #1917, .T. ) ;
#40 = ORIENTED_EDGE ( 'NONE', *, *, #252, .T. ) ;
#41 = ORIENTED_EDGE ( 'NONE', *, *, #995, .F. ) ;
#42 = EDGE_CURVE ( 'NONE', #1935, #767, #292, .T. ) ;
#43 = DIRECTION ( 'NONE',  ( -0.0000000000000000000, -0.0000000000000000000, -1.000000000000000000 ) ) ;
#44 = VECTOR ( 'NONE', #940, 1000.000000000000000 ) ;
#45 = DIRECTION ( 'NONE',  ( -1.000000000000000000, 0.0000000000000000000, 0.0000000000000000000 ) ) ;
#46 = FACE_OUTER_BOUND ( 'NONE', #1235, .T. ) ;
#47 = ORIENTED_EDGE ( 'NONE', *, *, #970, .F. ) ;
#48 = AXIS2_PLACEMENT_3D ( 'NONE', #338, #1803, #1313 ) ;
#49 = EDGE_CURVE ( 'NONE', #223, #1059, #1037, .T. ) ;
#50 = FACE_OUTER_BOUND ( 'NONE', #1123, .T. ) ;
#51 = AXIS2_PLACEMENT_3D ( 'NONE', #169, #1288, #319 ) ;
#52 = ORIENTED_EDGE ( 'NONE', *, *, #1311, .T. ) ;
#53 = ORIENTED_EDGE ( 'NONE', *, *, #164, .F. ) ;
#54 = VECTOR ( 'NONE', #726, 1000.000000000000000 ) ;
#55 = FACE_BOUND ( 'NONE', #1308, .T. ) ;
#56 = DIRECTION ( 'NONE',  ( -0.0000000000000000000, -0.0000000000000000000, -1.000000000000000000 ) ) ;
#57 = AXIS2_PLACEMENT_3D ( 'NONE', #2032, #97, #1213 ) ;
#58 = ORIENTED_EDGE ( 'NONE', *, *, #1936, .T. ) ;
#59 = DIRECTION ( 'NONE',  ( -0.0000000000000000000, 0.0000000000000000000, 1.000000000000000000 ) ) ;
#60 = ORIENTED_EDGE ( 'NONE', *, *, #1526, .T. ) ;
#61 = DIRECTION ( 'NONE',  ( -0.0000000000000000000, -0.0000000000000000000, 1.000000000000000000 ) ) ;
#62 = VERTEX_POINT ( 'NONE', #760 ) ;
#63 = DIRECTION ( 'NONE',  ( -1.000000000000000000, -0.0000000000000000000, -0.0000000000000000000 ) ) ;
#64 = DIRECTION ( 'NONE',  ( -1.000000000000000000, 4.336808689942014300E-016, 0.0000000000000000000 ) ) ;
#65 = ORIENTED_EDGE ( 'NONE', *, *, #738, .F. ) ;
#66 = EDGE_CURVE ( 'NONE', #203, #1558, #613, .T. ) ;
#67 = VECTOR ( 'NONE', #387, 1000.000000000000000 ) ;
#68 = LINE ( 'NONE', #623, #861 ) ;
#69 = CARTESIAN_POINT ( 'NONE',  ( 11.50000000000000000, 1.500000000000000000, -44.29999999999999700 ) ) ;
#70 = VERTEX_POINT ( 'NONE', #113 ) ;
#71 = DIRECTION ( 'NONE',  ( 1.000000000000000000, 0.0000000000000000000, 0.0000000000000000000 ) ) ;
#72 = VERTEX_POINT ( 'NONE', #921 ) ;
#73 = DIRECTION ( 'NONE',  ( 1.000000000000000000, 0.0000000000000000000, 0.0000000000000000000 ) ) ;
#74 = DIRECTION ( 'NONE',  ( 0.0000000000000000000, 0.0000000000000000000, 1.000000000000000000 ) ) ;
#75 = CIRCLE ( 'NONE', #489, 1.600000000000000800 ) ;
#76 = EDGE_CURVE ( 'NONE', #1761, #844, #525, .T. ) ;
#77 = LINE ( 'NONE', #1307, #1745 ) ;
#78 = CARTESIAN_POINT ( 'NONE',  ( 11.50000000000000000, -0.3201142746380727400, -41.66512203727812400 ) ) ;
#79 = DIRECTION ( 'NONE',  ( 1.000000000000000000, 0.0000000000000000000, 0.0000000000000000000 ) ) ;
#80 = CARTESIAN_POINT ( 'NONE',  ( -9.349999999999962300, 13.42339375865881700, 19.00000000000000000 ) ) ;
#81 = CARTESIAN_POINT ( 'NONE',  ( -11.50000000000000000, -0.3201142746380725200, -42.86512203727812700 ) ) ;
#82 = ORIENTED_EDGE ( 'NONE', *, *, #1990, .T. ) ;
#83 = CARTESIAN_POINT ( 'NONE',  ( 0.8138404487519833600, 4.105754675272154800, 52.19341232173187000 ) ) ;
#84 = ORIENTED_EDGE ( 'NONE', *, *, #148, .F. ) ;
#85 = CARTESIAN_POINT ( 'NONE',  ( 0.0000000000000000000, 7.000000000000000000, 58.59999999999999400 ) ) ;
#86 = EDGE_LOOP ( 'NONE', ( #142, #658 ) ) ;
#87 = ORIENTED_EDGE ( 'NONE', *, *, #1705, .T. ) ;
#88 = CARTESIAN_POINT ( 'NONE',  ( 0.0000000000000000000, 0.0000000000000000000, 22.50000000000000000 ) ) ;
#89 = DIRECTION ( 'NONE',  ( 1.000000000000000000, 0.0000000000000000000, -0.0000000000000000000 ) ) ;
#90 = VECTOR ( 'NONE', #194, 1000.000000000000000 ) ;
#91 = AXIS2_PLACEMENT_3D ( 'NONE', #1684, #710, #1855 ) ;
#92 = CARTESIAN_POINT ( 'NONE',  ( 1.276579830759398100, 4.280667538464259200, 49.81395951744730900 ) ) ;
#93 = CONICAL_SURFACE ( 'NONE', #1052, 2.799999999999997200, 0.7853981633974418400 ) ;
#94 = DIRECTION ( 'NONE',  ( 1.000000000000000000, 0.0000000000000000000, 0.0000000000000000000 ) ) ;
#95 = EDGE_CURVE ( 'NONE', #1320, #7, #1970, .T. ) ;
#96 = EDGE_LOOP ( 'NONE', ( #1650, #115, #213, #1251 ) ) ;
#97 = DIRECTION ( 'NONE',  ( -0.0000000000000000000, 0.0000000000000000000, 1.000000000000000000 ) ) ;
#98 = CARTESIAN_POINT ( 'NONE',  ( 0.0000000000000000000, 1.000000000000000000, -43.79999999999999700 ) ) ;
#99 = CARTESIAN_POINT ( 'NONE',  ( -2.743216834476374800E-013, 3.999999999998662400, 49.19999999999748800 ) ) ;
#100 = DIRECTION ( 'NONE',  ( 0.0000000000000000000, 0.0000000000000000000, -1.000000000000000000 ) ) ;
#101 = CIRCLE ( 'NONE', #547, 1.600000000000000800 ) ;
#102 = ORIENTED_EDGE ( 'NONE', *, *, #634, .T. ) ;
#103 = CIRCLE ( 'NONE', #1149, 3.000000000000000000 ) ;
#104 = FACE_OUTER_BOUND ( 'NONE', #139, .T. ) ;
#105 = EDGE_CURVE ( 'NONE', #854, #242, #1428, .T. ) ;
#106 = CARTESIAN_POINT ( 'NONE',  ( 1.555400643294790900, 9.566943482575192400, 50.37153073542742700 ) ) ;
#107 = EDGE_CURVE ( 'NONE', #450, #1533, #201, .T. ) ;
#108 = DIRECTION ( 'NONE',  ( -0.0000000000000000000, -0.0000000000000000000, 1.000000000000000000 ) ) ;
#109 = DIRECTION ( 'NONE',  ( 1.000000000000000000, 0.0000000000000000000, 0.0000000000000000000 ) ) ;
#110 = ORIENTED_EDGE ( 'NONE', *, *, #491, .T. ) ;
#111 = DIRECTION ( 'NONE',  ( 1.000000000000000000, 0.0000000000000000000, 0.0000000000000000000 ) ) ;
#112 = ORIENTED_EDGE ( 'NONE', *, *, #1967, .T. ) ;
#113 = CARTESIAN_POINT ( 'NONE',  ( 5.800000000000012300, 7.000000000000000900, 28.80000000000000100 ) ) ;
#114 = ORIENTED_EDGE ( 'NONE', *, *, #1004, .T. ) ;
#115 = ORIENTED_EDGE ( 'NONE', *, *, #754, .F. ) ;
#116 = AXIS2_PLACEMENT_3D ( 'NONE', #1830, #846, #1995 ) ;
#117 = FILL_AREA_STYLE ('',( #2054 ) ) ;
#118 = CIRCLE ( 'NONE', #1778, 0.3201142746380725200 ) ;
#119 = FACE_OUTER_BOUND ( 'NONE', #380, .T. ) ;
#120 = EDGE_CURVE ( 'NONE', #1891, #916, #1860, .T. ) ;
#121 = ORIENTED_EDGE ( 'NONE', *, *, #1341, .T. ) ;
#122 = DIRECTION ( 'NONE',  ( 1.000000000000000000, 0.0000000000000000000, 0.0000000000000000000 ) ) ;
#123 = EDGE_LOOP ( 'NONE', ( #1586, #493, #1030, #1134 ) ) ;
#124 = CARTESIAN_POINT ( 'NONE',  ( -1.589460689089684700, 4.455551350717645000, 51.01184548445022700 ) ) ;
#125 = CARTESIAN_POINT ( 'NONE',  ( -11.50000000000000000, -1.626303258728256700E-016, -41.66512203727812400 ) ) ;
#126 = DIRECTION ( 'NONE',  ( 1.000000000000000000, -0.0000000000000000000, -0.0000000000000000000 ) ) ;
#127 = AXIS2_PLACEMENT_3D ( 'NONE', #2059, #1069, #122 ) ;
#128 = DIRECTION ( 'NONE',  ( -0.0000000000000000000, -0.0000000000000000000, 1.000000000000000000 ) ) ;
#129 = ADVANCED_FACE ( 'NONE', ( #990 ), #93, .T. ) ;
#131 = DIRECTION ( 'NONE',  ( 1.000000000000000000, 0.0000000000000000000, -0.0000000000000000000 ) ) ;
#130 = VECTOR ( 'NONE', #1427, 1000.000000000000000 ) ;
#132 = VECTOR ( 'NONE', #1013, 1000.000000000000000 ) ;
#133 = DIRECTION ( 'NONE',  ( 0.0000000000000000000, 0.0000000000000000000, -1.000000000000000000 ) ) ;
#134 = PRESENTATION_LAYER_ASSIGNMENT (  '', '', ( #26 ) ) ;
#135 = CARTESIAN_POINT ( 'NONE',  ( 5.000000000000000000, 0.0000000000000000000, -40.80000000000000400 ) ) ;
#136 = CARTESIAN_POINT ( 'NONE',  ( 1.060383119346018000, 9.807438622781870000, 52.00254587622720200 ) ) ;
#137 = DIRECTION ( 'NONE',  ( 1.000000000000000000, -4.336808689942014300E-016, -0.0000000000000000000 ) ) ;
#138 = ORIENTED_EDGE ( 'NONE', *, *, #1950, .T. ) ;
#139 = EDGE_LOOP ( 'NONE', ( #1964, #852 ) ) ;
#140 = ADVANCED_FACE ( 'NONE', ( #1817 ), #1265, .T. ) ;
#141 = DIRECTION ( 'NONE',  ( 1.000000000000000000, 0.0000000000000000000, 0.0000000000000000000 ) ) ;
#142 = ORIENTED_EDGE ( 'NONE', *, *, #1666, .T. ) ;
#143 = DIRECTION ( 'NONE',  ( 1.000000000000000000, 0.0000000000000000000, 0.0000000000000000000 ) ) ;
#144 = CYLINDRICAL_SURFACE ( 'NONE', #2037, 1.600000000000000800 ) ;
#145 = AXIS2_PLACEMENT_3D ( 'NONE', #2010, #1179, #1842 ) ;
#146 = CARTESIAN_POINT ( 'NONE',  ( -2.743216834476374800E-013, 3.999999999998662400, 49.19999999999748800 ) ) ;
#147 = FACE_OUTER_BOUND ( 'NONE', #633, .T. ) ;
#148 = EDGE_CURVE ( 'NONE', #538, #355, #942, .T. ) ;
#149 = DIRECTION ( 'NONE',  ( -0.0000000000000000000, -0.0000000000000000000, 1.000000000000000000 ) ) ;
#150 = ORIENTED_EDGE ( 'NONE', *, *, #1758, .F. ) ;
#151 = DIRECTION ( 'NONE',  ( -1.000000000000000000, 0.0000000000000000000, 0.0000000000000000000 ) ) ;
#152 = ORIENTED_EDGE ( 'NONE', *, *, #862, .T. ) ;
#153 = EDGE_CURVE ( 'NONE', #752, #1918, #514, .T. ) ;
#154 = CARTESIAN_POINT ( 'NONE',  ( 12.00000000000000000, -0.9999999999999983300, -43.79999999999999700 ) ) ;
#155 = DIRECTION ( 'NONE',  ( 1.000000000000000000, 0.0000000000000000000, 0.0000000000000000000 ) ) ;
#156 = ADVANCED_FACE ( 'NONE', ( #147 ), #1584, .F. ) ;
#157 = CARTESIAN_POINT ( 'NONE',  ( 0.0000000000000000000, 0.0000000000000000000, -37.79999999999999700 ) ) ;
#159 = DIRECTION ( 'NONE',  ( -0.0000000000000000000, -0.0000000000000000000, 1.000000000000000000 ) ) ;
#158 = FACE_OUTER_BOUND ( 'NONE', #1205, .T. ) ;
#160 = DIRECTION ( 'NONE',  ( 0.0000000000000000000, 0.0000000000000000000, 1.000000000000000000 ) ) ;
#161 = VECTOR ( 'NONE', #2021, 1000.000000000000000 ) ;
#162 = AXIS2_PLACEMENT_3D ( 'NONE', #3, #1458, #490 ) ;
#163 = AXIS2_PLACEMENT_3D ( 'NONE', #1136, #346, #1144 ) ;
#164 = EDGE_CURVE ( 'NONE', #916, #1727, #1327, .T. ) ;
#165 = DIRECTION ( 'NONE',  ( 1.000000000000000000, 0.0000000000000000000, 0.0000000000000000000 ) ) ;
#166 = ADVANCED_FACE ( 'NONE', ( #555 ), #1701, .F. ) ;
#167 = ORIENTED_EDGE ( 'NONE', *, *, #378, .T. ) ;
#168 = AXIS2_PLACEMENT_3D ( 'NONE', #157, #1597, #629 ) ;
#169 = CARTESIAN_POINT ( 'NONE',  ( 0.0000000000000000000, 0.0000000000000000000, 0.0000000000000000000 ) ) ;
#170 = ORIENTED_EDGE ( 'NONE', *, *, #1594, .T. ) ;
#171 = DIRECTION ( 'NONE',  ( -0.0000000000000000000, -0.0000000000000000000, 1.000000000000000000 ) ) ;
#172 = B_SPLINE_CURVE_WITH_KNOTS ( 'NONE', 3,
 ( #1804, #662, #979, #30, #1147, #197, #1319, #347, #1474, #506, #1637, #668, #1810, #830, #1974, #987, #34, #1154, #202, #1323, #352, #1481, #512, #1641, #673, #1818 ),
 .UNSPECIFIED., .F., .F.,
 ( 4, 2, 2, 2, 2, 2, 2, 2, 2, 2, 2, 2, 4 ),
 ( 0.0000000000000000000, 0.0003189553522823037000, 0.0006379107045646073900, 0.001275821409129206100, 0.001913732113693804600, 0.002232687465976104200, 0.002551642818258403500, 0.002870598170540702500, 0.003189553522823001800, 0.003827464227387620500, 0.004465374931952239600, 0.004784330284234548900, 0.005103285636516859100 ),
 .UNSPECIFIED. ) ;
#173 = AXIS2_PLACEMENT_3D ( 'NONE', #1009, #59, #1173 ) ;
#174 = ORIENTED_EDGE ( 'NONE', *, *, #429, .F. ) ;
#175 = ORIENTED_EDGE ( 'NONE', *, *, #164, .T. ) ;
#176 = DIRECTION ( 'NONE',  ( 0.0000000000000000000, 0.0000000000000000000, -1.000000000000000000 ) ) ;
#177 = LINE ( 'NONE', #1676, #1397 ) ;
#178 = DIRECTION ( 'NONE',  ( 1.000000000000000000, 0.0000000000000000000, 0.0000000000000000000 ) ) ;
#179 = FACE_BOUND ( 'NONE', #1243, .T. ) ;
#180 = VERTEX_POINT ( 'NONE', #1268 ) ;
#181 = VERTEX_POINT ( 'NONE', #303 ) ;
#182 =( NAMED_UNIT ( * ) PLANE_ANGLE_UNIT ( ) SI_UNIT ( $, .RADIAN. ) );
#183 = EDGE_CURVE ( 'NONE', #181, #752, #1277, .T. ) ;
#184 = DIRECTION ( 'NONE',  ( -0.0000000000000000000, -0.0000000000000000000, 1.000000000000000000 ) ) ;
#185 = ADVANCED_FACE ( 'NONE', ( #46, #462 ), #1048, .T. ) ;
#186 = CYLINDRICAL_SURFACE ( 'NONE', #376, 1.599999999999997200 ) ;
#187 = VECTOR ( 'NONE', #1606, 1000.000000000000000 ) ;
#188 = FACE_OUTER_BOUND ( 'NONE', #1913, .T. ) ;
#189 = ORIENTED_EDGE ( 'NONE', *, *, #1440, .T. ) ;
#190 = AXIS2_PLACEMENT_3D ( 'NONE', #21, #1138, #332 ) ;
#191 = CARTESIAN_POINT ( 'NONE',  ( -12.00000000000000000, 0.3201142746380724000, -41.66512203727812400 ) ) ;
#192 = EDGE_LOOP ( 'NONE', ( #481, #669, #1976, #1267 ) ) ;
#193 = EDGE_CURVE ( 'NONE', #1877, #70, #885, .T. ) ;
#194 = DIRECTION ( 'NONE',  ( 0.0000000000000000000, -9.035018104045873200E-017, 1.000000000000000000 ) ) ;
#195 = ORIENTED_EDGE ( 'NONE', *, *, #1486, .T. ) ;
#196 = DIRECTION ( 'NONE',  ( 0.0000000000000000000, 0.0000000000000000000, -1.000000000000000000 ) ) ;
#197 = CARTESIAN_POINT ( 'NONE',  ( -0.8138404487519834700, 9.894245324727844300, 52.19341232173187000 ) ) ;
#198 = ORIENTED_EDGE ( 'NONE', *, *, #76, .F. ) ;
#199 = LINE ( 'NONE', #1627, #988 ) ;
#200 = DIRECTION ( 'NONE',  ( -0.0000000000000000000, -0.0000000000000000000, -1.000000000000000000 ) ) ;
#201 = CIRCLE ( 'NONE', #840, 18.50000000000000000 ) ;
#202 = CARTESIAN_POINT ( 'NONE',  ( -1.276579830759398300, 9.719332461535739000, 49.81395951744731600 ) ) ;
#203 = VERTEX_POINT ( 'NONE', #723 ) ;
#204 = AXIS2_PLACEMENT_3D ( 'NONE', #396, #1522, #552 ) ;
#205 = CARTESIAN_POINT ( 'NONE',  ( -12.00000000000000000, -0.3201142746380725200, -42.86512203727812700 ) ) ;
#206 = AXIS2_PLACEMENT_3D ( 'NONE', #2070, #1084, #133 ) ;
#207 = ORIENTED_EDGE ( 'NONE', *, *, #263, .F. ) ;
#208 = DIRECTION ( 'NONE',  ( -4.336808689942014300E-016, 1.000000000000000000, 0.0000000000000000000 ) ) ;
#209 = VECTOR ( 'NONE', #273, 1000.000000000000000 ) ;
#210 = CIRCLE ( 'NONE', #91, 0.5000000000000004400 ) ;
#211 = VERTEX_POINT ( 'NONE', #1535 ) ;
#212 = VERTEX_POINT ( 'NONE', #567 ) ;
#213 = ORIENTED_EDGE ( 'NONE', *, *, #1111, .T. ) ;
#214 = EDGE_CURVE ( 'NONE', #1328, #1558, #2097, .T. ) ;
#215 = VERTEX_POINT ( 'NONE', #1054 ) ;
#216 = EDGE_CURVE ( 'NONE', #1229, #1918, #1759, .T. ) ;
#217 = EDGE_LOOP ( 'NONE', ( #823, #549 ) ) ;
#218 = DIRECTION ( 'NONE',  ( -0.0000000000000000000, -0.0000000000000000000, 1.000000000000000000 ) ) ;
#219 = VECTOR ( 'NONE', #137, 1000.000000000000000 ) ;
#220 = PLANE ( 'NONE',  #1183 ) ;
#221 = CARTESIAN_POINT ( 'NONE',  ( 11.50000000000000000, -0.9999999999999985600, -43.79999999999999700 ) ) ;
#222 = FACE_OUTER_BOUND ( 'NONE', #1249, .T. ) ;
#223 = VERTEX_POINT ( 'NONE', #367 ) ;
#224 = ORIENTED_EDGE ( 'NONE', *, *, #1649, .T. ) ;
#225 = DIRECTION ( 'NONE',  ( -0.0000000000000000000, -0.0000000000000000000, 1.000000000000000000 ) ) ;
#226 = AXIS2_PLACEMENT_3D ( 'NONE', #878, #2024, #1039 ) ;
#227 = CARTESIAN_POINT ( 'NONE',  ( -7.749999999999966200, 13.42339375865881700, 22.50000000000000000 ) ) ;
#228 = EDGE_CURVE ( 'NONE', #767, #1935, #406, .T. ) ;
#229 = CLOSED_SHELL ( 'NONE', ( #1411, #796, #1733, #1278, #782, #1746, #1573, #1562, #656, #1098, #443, #1312, #454, #331, #614, #598, #1436, #968, #302, #1767, #2071, #1240, #314, #1934, #929, #293, #497, #1423, #1585, #944, #431, #166, #1911, #18, #1922, #588, #1115, #761, #185, #2084, #341, #2094, #283, #1130, #140, #1141, #953, #814, #976, #625, #918, #1788, #771, #1801, #156, #1075, #1444, #1088, #1963, #1756, #1897, #1601, #1253, #1462, #1263, #2058, #464, #129, #1618 ) ) ;
#230 = FACE_OUTER_BOUND ( 'NONE', #516, .T. ) ;
#231 = FACE_OUTER_BOUND ( 'NONE', #757, .T. ) ;
#232 = DIRECTION ( 'NONE',  ( 0.0000000000000000000, 0.0000000000000000000, -1.000000000000000000 ) ) ;
#233 = LINE ( 'NONE', #1342, #597 ) ;
#234 = AXIS2_PLACEMENT_3D ( 'NONE', #1441, #739, #577 ) ;
#235 = DIRECTION ( 'NONE',  ( -0.0000000000000000000, -0.0000000000000000000, 1.000000000000000000 ) ) ;
#236 = EDGE_LOOP ( 'NONE', ( #1077, #1987 ) ) ;
#237 = CARTESIAN_POINT ( 'NONE',  ( 12.00000000000000000, 0.3201142746380725200, -42.86512203727812700 ) ) ;
#238 = VERTEX_POINT ( 'NONE', #1337 ) ;
#239 = CARTESIAN_POINT ( 'NONE',  ( -11.50000000000000000, -1.626303258728256700E-016, -41.34500776264005100 ) ) ;
#240 = EDGE_LOOP ( 'NONE', ( #400, #643, #207, #335, #58, #1953 ) ) ;
#241 = MECHANICAL_DESIGN_GEOMETRIC_PRESENTATION_REPRESENTATION (  '', ( #26 ), #344 ) ;
#242 = VERTEX_POINT ( 'NONE', #1832 ) ;
#243 = CIRCLE ( 'NONE', #1592, 3.000000000000000000 ) ;
#244 = DIRECTION ( 'NONE',  ( 0.0000000000000000000, 0.0000000000000000000, 1.000000000000000000 ) ) ;
#245 = VECTOR ( 'NONE', #903, 1000.000000000000000 ) ;
#246 = CARTESIAN_POINT ( 'NONE',  ( 1.277484156859368400, 4.281102146699560700, 51.78485587289659300 ) ) ;
#247 = ORIENTED_EDGE ( 'NONE', *, *, #1121, .T. ) ;
#248 = DIRECTION ( 'NONE',  ( 1.000000000000000000, 0.0000000000000000000, 0.0000000000000000000 ) ) ;
#249 = EDGE_CURVE ( 'NONE', #507, #985, #2040, .T. ) ;
#250 = VECTOR ( 'NONE', #1888, 1000.000000000000000 ) ;
#251 = CARTESIAN_POINT ( 'NONE',  ( 0.8118376830431004400, 4.105265426277222600, 49.40559739819672600 ) ) ;
#252 = EDGE_CURVE ( 'NONE', #1331, #426, #1648, .T. ) ;
#253 = CIRCLE ( 'NONE', #1738, 1.000000000000000000 ) ;
#254 = VECTOR ( 'NONE', #1841, 1000.000000000000000 ) ;
#255 = DIRECTION ( 'NONE',  ( 1.000000000000000000, -0.0000000000000000000, -0.0000000000000000000 ) ) ;
#256 = EDGE_LOOP ( 'NONE', ( #420, #6 ) ) ;
#257 = CARTESIAN_POINT ( 'NONE',  ( -0.2146354334283645800, 4.005868434100855200, 49.21092944320851400 ) ) ;
#258 = ORIENTED_EDGE ( 'NONE', *, *, #993, .T. ) ;
#259 = DIRECTION ( 'NONE',  ( -4.336808689942013800E-016, -1.000000000000000000, 0.0000000000000000000 ) ) ;
#260 = AXIS2_PLACEMENT_3D ( 'NONE', #1317, #1582, #618 ) ;
#261 = DIRECTION ( 'NONE',  ( -0.0000000000000000000, -0.0000000000000000000, 1.000000000000000000 ) ) ;
#262 = ORIENTED_EDGE ( 'NONE', *, *, #363, .T. ) ;
#263 = EDGE_CURVE ( 'NONE', #578, #1208, #1600, .T. ) ;
#264 = ORIENTED_EDGE ( 'NONE', *, *, #1580, .F. ) ;
#265 = FACE_OUTER_BOUND ( 'NONE', #1210, .T. ) ;
#266 = PLANE ( 'NONE',  #16 ) ;
#267 = VECTOR ( 'NONE', #1195, 1000.000000000000000 ) ;
#268 = CARTESIAN_POINT ( 'NONE',  ( 17.10000000000000100, 0.0000000000000000000, 22.50000000000000000 ) ) ;
#269 = DIRECTION ( 'NONE',  ( 1.000000000000000000, -0.0000000000000000000, -0.0000000000000000000 ) ) ;
#270 = AXIS2_PLACEMENT_3D ( 'NONE', #533, #1667, #693 ) ;
#271 = ORIENTED_EDGE ( 'NONE', *, *, #1409, .T. ) ;
#272 = ORIENTED_EDGE ( 'NONE', *, *, #416, .F. ) ;
#273 = DIRECTION ( 'NONE',  ( -0.0000000000000000000, -0.0000000000000000000, 1.000000000000000000 ) ) ;
#274 = SURFACE_STYLE_USAGE ( .BOTH. , #1236 ) ;
#275 = CIRCLE ( 'NONE', #1921, 0.3201142746380725200 ) ;
#276 = VECTOR ( 'NONE', #1754, 1000.000000000000000 ) ;
#277 = AXIS2_PLACEMENT_3D ( 'NONE', #1510, #235, #384 ) ;
#278 = EDGE_CURVE ( 'NONE', #70, #1877, #1166, .T. ) ;
#279 = CARTESIAN_POINT ( 'NONE',  ( 15.50000000000000000, 0.0000000000000000000, 19.00000000000000000 ) ) ;
#280 = CARTESIAN_POINT ( 'NONE',  ( -1.516682984781769500, 4.411207555618973200, 51.32032448037676200 ) ) ;
#281 = DIRECTION ( 'NONE',  ( 0.0000000000000000000, 0.0000000000000000000, -1.000000000000000000 ) ) ;
#282 = DIRECTION ( 'NONE',  ( -0.0000000000000000000, -0.0000000000000000000, 1.000000000000000000 ) ) ;
#283 = ADVANCED_FACE ( 'NONE', ( #316 ), #687, .T. ) ;
#284 = ORIENTED_EDGE ( 'NONE', *, *, #472, .T. ) ;
#285 = ORIENTED_EDGE ( 'NONE', *, *, #1188, .F. ) ;
#286 = ORIENTED_EDGE ( 'NONE', *, *, #413, .F. ) ;
#287 = AXIS2_PLACEMENT_3D ( 'NONE', #1629, #1959, #661 ) ;
#288 = DIRECTION ( 'NONE',  ( 0.0000000000000000000, -9.035018104045873200E-017, 1.000000000000000000 ) ) ;
#289 = LINE ( 'NONE', #1982, #664 ) ;
#290 = EDGE_CURVE ( 'NONE', #1564, #908, #1543, .T. ) ;
#291 = CARTESIAN_POINT ( 'NONE',  ( 0.8100618189284478600, 9.889959903472954400, 52.18365608126029500 ) ) ;
#292 = CIRCLE ( 'NONE', #307, 2.799999999999997200 ) ;
#293 = ADVANCED_FACE ( 'NONE', ( #1993 ), #1063, .F. ) ;
#294 = EDGE_LOOP ( 'NONE', ( #1194, #1566, #1368, #2045 ) ) ;
#295 = DIRECTION ( 'NONE',  ( 0.0000000000000000000, 0.0000000000000000000, -1.000000000000000000 ) ) ;
#296 = CARTESIAN_POINT ( 'NONE',  ( 11.50000000000000000, -0.3201142746380725200, -42.86512203727812700 ) ) ;
#297 = LINE ( 'NONE', #1879, #1099 ) ;
#298 = CARTESIAN_POINT ( 'NONE',  ( -15.50000000000000000, 0.0000000000000000000, 22.50000000000000000 ) ) ;
#299 = ORIENTED_EDGE ( 'NONE', *, *, #685, .T. ) ;
#300 = FACE_OUTER_BOUND ( 'NONE', #1946, .T. ) ;
#301 = VECTOR ( 'NONE', #1836, 1000.000000000000000 ) ;
#302 = ADVANCED_FACE ( 'NONE', ( #1120, #1944 ), #1024, .F. ) ;
#303 = CARTESIAN_POINT ( 'NONE',  ( 6.149999999999970200, -13.42339375865881500, 19.00000000000000000 ) ) ;
#304 = DIRECTION ( 'NONE',  ( 0.0000000000000000000, 0.0000000000000000000, 1.000000000000000000 ) ) ;
#305 = CARTESIAN_POINT ( 'NONE',  ( 11.50000000000000000, 1.000000000000000000, -43.79999999999999700 ) ) ;
#306 = VERTEX_POINT ( 'NONE', #863 ) ;
#307 = AXIS2_PLACEMENT_3D ( 'NONE', #788, #1933, #949 ) ;
#308 = VERTEX_POINT ( 'NONE', #1358 ) ;
#309 = ORIENTED_EDGE ( 'NONE', *, *, #1990, .F. ) ;
#310 = CARTESIAN_POINT ( 'NONE',  ( -17.10000000000000100, 1.959434878635768700E-016, 22.50000000000000000 ) ) ;
#311 = DIRECTION ( 'NONE',  ( -1.000000000000000000, -4.336808689942013800E-016, 0.0000000000000000000 ) ) ;
#312 = CARTESIAN_POINT ( 'NONE',  ( -5.000000000000000000, 6.123233995736766300E-016, -37.79999999999999700 ) ) ;
#313 = ORIENTED_EDGE ( 'NONE', *, *, #1330, .F. ) ;
#314 = ADVANCED_FACE ( 'NONE', ( #222, #640 ), #1682, .F. ) ;
#315 = CIRCLE ( 'NONE', #1002, 1.000000000000000000 ) ;
#316 = FACE_OUTER_BOUND ( 'NONE', #1670, .T. ) ;
#317 = EDGE_CURVE ( 'NONE', #2060, #1059, #1452, .T. ) ;
#318 = ORIENTED_EDGE ( 'NONE', *, *, #1188, .T. ) ;
#319 = DIRECTION ( 'NONE',  ( 1.000000000000000000, 0.0000000000000000000, 0.0000000000000000000 ) ) ;
#320 = EDGE_CURVE ( 'NONE', #1918, #752, #1885, .T. ) ;
#321 = ORIENTED_EDGE ( 'NONE', *, *, #1871, .F. ) ;
#322 = ORIENTED_EDGE ( 'NONE', *, *, #1740, .F. ) ;
#323 =( LENGTH_UNIT ( ) NAMED_UNIT ( * ) SI_UNIT ( .MILLI., .METRE. ) );
#324 = CIRCLE ( 'NONE', #1425, 0.5000000000000004400 ) ;
#325 = LINE ( 'NONE', #1639, #694 ) ;
#326 = DIRECTION ( 'NONE',  ( 1.000000000000000000, 0.0000000000000000000, -0.0000000000000000000 ) ) ;
#327 = LINE ( 'NONE', #1416, #2004 ) ;
#328 = AXIS2_PLACEMENT_3D ( 'NONE', #1647, #679, #1824 ) ;
#329 = ORIENTED_EDGE ( 'NONE', *, *, #105, .T. ) ;
#330 = EDGE_CURVE ( 'NONE', #72, #1401, #1010, .T. ) ;
#331 = ADVANCED_FACE ( 'NONE', ( #582 ), #963, .F. ) ;
#332 = DIRECTION ( 'NONE',  ( 1.000000000000000000, 0.0000000000000000000, 0.0000000000000000000 ) ) ;
#333 = ORIENTED_EDGE ( 'NONE', *, *, #902, .F. ) ;
#334 = AXIS2_PLACEMENT_3D ( 'NONE', #1223, #2052, #1545 ) ;
#335 = ORIENTED_EDGE ( 'NONE', *, *, #1036, .T. ) ;
#336 = CARTESIAN_POINT ( 'NONE',  ( -9.349999999999962300, 13.42339375865881700, 22.50000000000000000 ) ) ;
#337 = VERTEX_POINT ( 'NONE', #1480 ) ;
#338 = CARTESIAN_POINT ( 'NONE',  ( 7.750000000000061300, 13.42339375865876500, 19.00000000000000000 ) ) ;
#339 = PLANE ( 'NONE',  #1485 ) ;
#340 = FACE_OUTER_BOUND ( 'NONE', #905, .T. ) ;
#341 = ADVANCED_FACE ( 'NONE', ( #1398, #179 ), #1787, .T. ) ;
#342 = ORIENTED_EDGE ( 'NONE', *, *, #1871, .T. ) ;
#343 = DIRECTION ( 'NONE',  ( -1.000000000000000000, -0.0000000000000000000, -0.0000000000000000000 ) ) ;
#344 =( GEOMETRIC_REPRESENTATION_CONTEXT ( 3 ) GLOBAL_UNCERTAINTY_ASSIGNED_CONTEXT ( ( #1724 ) ) GLOBAL_UNIT_ASSIGNED_CONTEXT ( ( #1400, #425, #1553 ) ) REPRESENTATION_CONTEXT ( 'NONE', 'WORKASPACE' ) );
#345 = ORIENTED_EDGE ( 'NONE', *, *, #66, .T. ) ;
#346 = DIRECTION ( 'NONE',  ( -0.0000000000000000000, -0.0000000000000000000, 1.000000000000000000 ) ) ;
#347 = CARTESIAN_POINT ( 'NONE',  ( -1.277484156859367600, 9.718897853300443800, 51.78485587289659300 ) ) ;
#348 = CARTESIAN_POINT ( 'NONE',  ( 11.50000000000000000, 1.500000000000000000, -37.79999999999999700 ) ) ;
#349 = CIRCLE ( 'NONE', #1800, 0.3201142746380725200 ) ;
#350 = CYLINDRICAL_SURFACE ( 'NONE', #1962, 3.000000000000000000 ) ;
#351 = DIRECTION ( 'NONE',  ( -1.000000000000000000, 0.0000000000000000000, 0.0000000000000000000 ) ) ;
#352 = CARTESIAN_POINT ( 'NONE',  ( -0.8118376830431006700, 9.894734573722777400, 49.40559739819674000 ) ) ;
#353 = CARTESIAN_POINT ( 'NONE',  ( -12.00000000000000000, 1.499999999999999100, -44.29999999999999700 ) ) ;
#354 = EDGE_CURVE ( 'NONE', #914, #1161, #534, .T. ) ;
#355 = VERTEX_POINT ( 'NONE', #833 ) ;
#356 = EDGE_CURVE ( 'NONE', #1514, #22, #912, .T. ) ;
#357 = ORIENTED_EDGE ( 'NONE', *, *, #651, .F. ) ;
#358 = EDGE_LOOP ( 'NONE', ( #982, #410, #1346, #959 ) ) ;
#359 = CIRCLE ( 'NONE', #797, 5.000000000000000000 ) ;
#360 = VECTOR ( 'NONE', #1495, 1000.000000000000000 ) ;
#361 = PRODUCT_DEFINITION ( 'UNKNOWN', '', #469, #1386 ) ;
#362 = AXIS2_PLACEMENT_3D ( 'NONE', #786, #1931, #947 ) ;
#363 = EDGE_CURVE ( 'NONE', #767, #337, #1496, .T. ) ;
#364 = EDGE_LOOP ( 'NONE', ( #329, #1984 ) ) ;
#365 = CARTESIAN_POINT ( 'NONE',  ( 12.00000000000000000, 1.500000000000000000, -44.29999999999999700 ) ) ;
#366 = VERTEX_POINT ( 'NONE', #1588 ) ;
#367 = CARTESIAN_POINT ( 'NONE',  ( 12.00000000000000000, 0.3201142746380724000, -41.66512203727812400 ) ) ;
#368 = CIRCLE ( 'NONE', #984, 1.600000000000002500 ) ;
#369 = AXIS2_PLACEMENT_3D ( 'NONE', #1001, #56, #1169 ) ;
#370 = DIRECTION ( 'NONE',  ( -1.000000000000000000, -0.0000000000000000000, -0.0000000000000000000 ) ) ;
#371 = DIRECTION ( 'NONE',  ( 0.0000000000000000000, 0.0000000000000000000, -1.000000000000000000 ) ) ;
#372 = CYLINDRICAL_SURFACE ( 'NONE', #1689, 1.600000000000000800 ) ;
#373 = VECTOR ( 'NONE', #1908, 1000.000000000000000 ) ;
#374 = ORIENTED_EDGE ( 'NONE', *, *, #1663, .F. ) ;
#375 = ORIENTED_EDGE ( 'NONE', *, *, #1372, .F. ) ;
#376 = AXIS2_PLACEMENT_3D ( 'NONE', #1680, #1028, #698 ) ;
#377 = DIRECTION ( 'NONE',  ( 1.000000000000000000, 0.0000000000000000000, 0.0000000000000000000 ) ) ;
#378 = EDGE_CURVE ( 'NONE', #1220, #2030, #1352, .T. ) ;
#379 = ORIENTED_EDGE ( 'NONE', *, *, #1612, .T. ) ;
#380 = EDGE_LOOP ( 'NONE', ( #980, #1122, #1672, #527 ) ) ;
#381 = CARTESIAN_POINT ( 'NONE',  ( -2.799999999999997200, 7.000000000000000000, 58.79999999999999700 ) ) ;
#382 = DIRECTION ( 'NONE',  ( -0.0000000000000000000, -0.0000000000000000000, 1.000000000000000000 ) ) ;
#383 = VECTOR ( 'NONE', #108, 1000.000000000000000 ) ;
#384 = DIRECTION ( 'NONE',  ( 1.000000000000000000, 0.0000000000000000000, 0.0000000000000000000 ) ) ;
#385 = EDGE_LOOP ( 'NONE', ( #333, #945, #1493, #284 ) ) ;
#386 = EDGE_LOOP ( 'NONE', ( #1906, #2043 ) ) ;
#387 = DIRECTION ( 'NONE',  ( -0.0000000000000000000, -0.0000000000000000000, 1.000000000000000000 ) ) ;
#388 = EDGE_LOOP ( 'NONE', ( #981, #37, #689, #2106, #379, #110 ) ) ;
#389 = AXIS2_PLACEMENT_3D ( 'NONE', #1635, #667, #1809 ) ;
#390 = CARTESIAN_POINT ( 'NONE',  ( 0.0000000000000000000, 3.999999999999999100, 52.39999999999999900 ) ) ;
#391 = EDGE_CURVE ( 'NONE', #1877, #473, #68, .T. ) ;
#392 = CIRCLE ( 'NONE', #1135, 1.600000000000002500 ) ;
#393 = SURFACE_STYLE_FILL_AREA ( #1949 ) ;
#394 = CARTESIAN_POINT ( 'NONE',  ( -9.350000000000065400, -13.42339375865876100, 22.50000000000000000 ) ) ;
#395 = CYLINDRICAL_SURFACE ( 'NONE', #1846, 0.3201142746380725200 ) ;
#396 = CARTESIAN_POINT ( 'NONE',  ( 0.0000000000000000000, 0.0000000000000000000, -40.80000000000000400 ) ) ;
#397 = CARTESIAN_POINT ( 'NONE',  ( 1.515429884588104000, 4.410481810121801500, 51.32369607591212500 ) ) ;
#398 = EDGE_LOOP ( 'NONE', ( #709, #2093, #1806, #642 ) ) ;
#399 = EDGE_LOOP ( 'NONE', ( #546, #271, #813, #112, #1972 ) ) ;
#400 = ORIENTED_EDGE ( 'NONE', *, *, #1096, .F. ) ;
#401 = PLANE ( 'NONE',  #946 ) ;
#402 = ORIENTED_EDGE ( 'NONE', *, *, #1865, .F. ) ;
#403 = CARTESIAN_POINT ( 'NONE',  ( 0.4213215110320954200, 4.027873585926970500, 49.25279026058167600 ) ) ;
#404 = CIRCLE ( 'NONE', #572, 0.3201142746380725200 ) ;
#405 = AXIS2_PLACEMENT_3D ( 'NONE', #811, #1022, #412 ) ;
#406 = CIRCLE ( 'NONE', #173, 2.799999999999997200 ) ;
#407 = CARTESIAN_POINT ( 'NONE',  ( 0.2146354334283650200, 9.994131565899149200, 49.21092944320850600 ) ) ;
#408 = ORIENTED_EDGE ( 'NONE', *, *, #2039, .T. ) ;
#409 = CARTESIAN_POINT ( 'NONE',  ( -0.5233983328127535000, 4.044337022739763500, 49.28434923548169900 ) ) ;
#410 = ORIENTED_EDGE ( 'NONE', *, *, #1440, .F. ) ;
#411 = DIRECTION ( 'NONE',  ( -1.000000000000000000, 4.336808689942014300E-016, 0.0000000000000000000 ) ) ;
#412 = DIRECTION ( 'NONE',  ( 1.000000000000000000, 0.0000000000000000000, 0.0000000000000000000 ) ) ;
#413 = EDGE_CURVE ( 'NONE', #1161, #1066, #1304, .T. ) ;
#414 = LINE ( 'NONE', #1266, #1609 ) ;
#415 = ORIENTED_EDGE ( 'NONE', *, *, #1372, .T. ) ;
#416 = EDGE_CURVE ( 'NONE', #242, #854, #433, .T. ) ;
#417 = LINE ( 'NONE', #1886, #1289 ) ;
#418 = DIRECTION ( 'NONE',  ( 1.000000000000000000, 0.0000000000000000000, -0.0000000000000000000 ) ) ;
#419 = LINE ( 'NONE', #1866, #1660 ) ;
#420 = ORIENTED_EDGE ( 'NONE', *, *, #1549, .F. ) ;
#421 = DIRECTION ( 'NONE',  ( 0.0000000000000000000, 0.0000000000000000000, -1.000000000000000000 ) ) ;
#422 = ORIENTED_EDGE ( 'NONE', *, *, #850, .T. ) ;
#423 = DIRECTION ( 'NONE',  ( 1.000000000000000000, 0.0000000000000000000, 0.0000000000000000000 ) ) ;
#424 = AXIS2_PLACEMENT_3D ( 'NONE', #88, #1859, #45 ) ;
#425 =( NAMED_UNIT ( * ) PLANE_ANGLE_UNIT ( ) SI_UNIT ( $, .RADIAN. ) );
#426 = VERTEX_POINT ( 'NONE', #1112 ) ;
#427 = ORIENTED_EDGE ( 'NONE', *, *, #49, .F. ) ;
#428 = DIRECTION ( 'NONE',  ( 0.0000000000000000000, 0.0000000000000000000, -1.000000000000000000 ) ) ;
#429 = EDGE_CURVE ( 'NONE', #1470, #2072, #818, .T. ) ;
#430 = CIRCLE ( 'NONE', #328, 0.3201142746380725200 ) ;
#431 = ADVANCED_FACE ( 'NONE', ( #1247 ), #266, .T. ) ;
#432 = DIRECTION ( 'NONE',  ( 1.000000000000000000, 0.0000000000000000000, 0.0000000000000000000 ) ) ;
#433 = CIRCLE ( 'NONE', #1554, 1.599999999999999900 ) ;
#434 = CARTESIAN_POINT ( 'NONE',  ( -1.277769151386503300, 4.281213153318130800, 51.78459218596583500 ) ) ;
#435 = DIRECTION ( 'NONE',  ( 1.000000000000000000, -0.0000000000000000000, -0.0000000000000000000 ) ) ;
#436 = CARTESIAN_POINT ( 'NONE',  ( 7.749999999999970700, -13.42339375865881500, 19.00000000000000000 ) ) ;
#437 = AXIS2_PLACEMENT_3D ( 'NONE', #1232, #421, #1894 ) ;
#438 = ORIENTED_EDGE ( 'NONE', *, *, #685, .F. ) ;
#439 = ORIENTED_EDGE ( 'NONE', *, *, #785, .T. ) ;
#440 = DIRECTION ( 'NONE',  ( -0.0000000000000000000, -0.0000000000000000000, 1.000000000000000000 ) ) ;
#441 = CARTESIAN_POINT ( 'NONE',  ( -4.336808689942025600E-016, -1.000000000000002700, -44.29999999999999700 ) ) ;
#442 = CARTESIAN_POINT ( 'NONE',  ( 0.0000000000000000000, 0.0000000000000000000, -37.79999999999999700 ) ) ;
#443 = ADVANCED_FACE ( 'NONE', ( #119 ), #762, .T. ) ;
#444 = CIRCLE ( 'NONE', #915, 1.600000000000000800 ) ;
#445 = AXIS2_PLACEMENT_3D ( 'NONE', #1074, #126, #1246 ) ;
#446 = LINE ( 'NONE', #353, #1260 ) ;
#447 = CARTESIAN_POINT ( 'NONE',  ( 0.4290249459771843800, 9.975648502126834000, 52.35543493860989600 ) ) ;
#448 = DIRECTION ( 'NONE',  ( 0.0000000000000000000, 0.0000000000000000000, -1.000000000000000000 ) ) ;
#449 = DIRECTION ( 'NONE',  ( 0.0000000000000000000, 0.0000000000000000000, 1.000000000000000000 ) ) ;
#450 = VERTEX_POINT ( 'NONE', #1884 ) ;
#451 = DIRECTION ( 'NONE',  ( 0.0000000000000000000, 0.0000000000000000000, 1.000000000000000000 ) ) ;
#452 = CARTESIAN_POINT ( 'NONE',  ( 12.00000000000000000, 0.0000000000000000000, -42.86512203727812700 ) ) ;
#453 = EDGE_LOOP ( 'NONE', ( #1489, #865, #1632, #1854 ) ) ;
#454 = ADVANCED_FACE ( 'NONE', ( #340 ), #2014, .F. ) ;
#455 = ORIENTED_EDGE ( 'NONE', *, *, #2006, .F. ) ;
#456 = DIRECTION ( 'NONE',  ( 1.000000000000000000, 0.0000000000000000000, 0.0000000000000000000 ) ) ;
#457 = EDGE_CURVE ( 'NONE', #308, #486, #2065, .T. ) ;
#458 = CIRCLE ( 'NONE', #362, 18.50000000000000000 ) ;
#459 = CARTESIAN_POINT ( 'NONE',  ( -11.50000000000000000, -0.3201142746380725200, -42.86512203727812700 ) ) ;
#460 = EDGE_CURVE ( 'NONE', #604, #14, #1625, .T. ) ;
#461 = DIRECTION ( 'NONE',  ( 0.0000000000000000000, 0.0000000000000000000, -1.000000000000000000 ) ) ;
#462 = FACE_BOUND ( 'NONE', #386, .T. ) ;
#463 = ORIENTED_EDGE ( 'NONE', *, *, #228, .F. ) ;
#464 = ADVANCED_FACE ( 'NONE', ( #1675 ), #1517, .T. ) ;
#465 = PLANE ( 'NONE',  #168 ) ;
#466 = DIRECTION ( 'NONE',  ( 0.7071067811865414700, 8.659560562354857700E-017, -0.7071067811865536800 ) ) ;
#467 = CARTESIAN_POINT ( 'NONE',  ( -17.10000000000000100, 1.959434878635767400E-016, 19.00000000000000000 ) ) ;
#468 = CARTESIAN_POINT ( 'NONE',  ( 15.50000000000000000, 0.0000000000000000000, 22.50000000000000000 ) ) ;
#469 = PRODUCT_DEFINITION_FORMATION_WITH_SPECIFIED_SOURCE ( 'ANY', '', #508, .NOT_KNOWN. ) ;
#470 = VECTOR ( 'NONE', #282, 1000.000000000000000 ) ;
#471 = AXIS2_PLACEMENT_3D ( 'NONE', #477, #1607, #638 ) ;
#472 = EDGE_CURVE ( 'NONE', #1045, #1016, #1969, .T. ) ;
#473 = VERTEX_POINT ( 'NONE', #1557 ) ;
#474 = CYLINDRICAL_SURFACE ( 'NONE', #1476, 0.5000000000000000000 ) ;
#475 = FACE_BOUND ( 'NONE', #935, .T. ) ;
#476 = DIRECTION ( 'NONE',  ( 1.000000000000000000, 0.0000000000000000000, 0.0000000000000000000 ) ) ;
#477 = CARTESIAN_POINT ( 'NONE',  ( 0.0000000000000000000, 0.0000000000000000000, -37.79999999999999700 ) ) ;
#478 = CARTESIAN_POINT ( 'NONE',  ( 0.0000000000000000000, 0.0000000000000000000, -49.80000000000000400 ) ) ;
#479 = EDGE_LOOP ( 'NONE', ( #438, #550, #1080, #2098 ) ) ;
#480 = AXIS2_PLACEMENT_3D ( 'NONE', #690, #1835, #851 ) ;
#481 = ORIENTED_EDGE ( 'NONE', *, *, #2039, .F. ) ;
#482 =( NAMED_UNIT ( * ) SI_UNIT ( $, .STERADIAN. ) SOLID_ANGLE_UNIT ( ) );
#483 = CARTESIAN_POINT ( 'NONE',  ( -7.750000000000064800, -13.42339375865876100, 22.50000000000000000 ) ) ;
#484 = ORIENTED_EDGE ( 'NONE', *, *, #76, .T. ) ;
#485 = CARTESIAN_POINT ( 'NONE',  ( 5.000000000000000000, 0.0000000000000000000, -40.80000000000000400 ) ) ;
#486 = VERTEX_POINT ( 'NONE', #594 ) ;
#487 = FACE_OUTER_BOUND ( 'NONE', #1269, .T. ) ;
#488 = VECTOR ( 'NONE', #1272, 999.9999999999998900 ) ;
#489 = AXIS2_PLACEMENT_3D ( 'NONE', #1114, #160, #1284 ) ;
#490 = DIRECTION ( 'NONE',  ( 1.000000000000000000, 0.0000000000000000000, 0.0000000000000000000 ) ) ;
#491 = EDGE_CURVE ( 'NONE', #1066, #1082, #705, .T. ) ;
#492 = CARTESIAN_POINT ( 'NONE',  ( 0.0000000000000000000, 7.000000000000000000, 58.59999999999999400 ) ) ;
#493 = ORIENTED_EDGE ( 'NONE', *, *, #1294, .F. ) ;
#494 = PLANE ( 'NONE',  #2067 ) ;
#495 = ORIENTED_EDGE ( 'NONE', *, *, #9, .T. ) ;
#496 = CARTESIAN_POINT ( 'NONE',  ( 13.89999999999999700, 1.959434878635766500E-016, 22.50000000000000000 ) ) ;
#497 = ADVANCED_FACE ( 'NONE', ( #1143 ), #339, .T. ) ;
#498 = CARTESIAN_POINT ( 'NONE',  ( 6.150000000000061600, 13.42339375865876500, 22.50000000000000000 ) ) ;
#499 = VECTOR ( 'NONE', #1262, 1000.000000000000000 ) ;
#500 = DIRECTION ( 'NONE',  ( 0.0000000000000000000, 0.0000000000000000000, 1.000000000000000000 ) ) ;
#501 = AXIS2_PLACEMENT_3D ( 'NONE', #85, #1202, #248 ) ;
#502 = FACE_OUTER_BOUND ( 'NONE', #1942, .T. ) ;
#503 = CARTESIAN_POINT ( 'NONE',  ( 11.50000000000000000, -1.499999999999998200, -37.79999999999999700 ) ) ;
#504 = EDGE_CURVE ( 'NONE', #701, #212, #172, .T. ) ;
#505 = DIRECTION ( 'NONE',  ( 0.0000000000000000000, 0.0000000000000000000, 1.000000000000000000 ) ) ;
#506 = CARTESIAN_POINT ( 'NONE',  ( -1.515429884588104000, 9.589518189878196700, 51.32369607591211700 ) ) ;
#507 = VERTEX_POINT ( 'NONE', #835 ) ;
#508 = PRODUCT ( 'Orange-Johnson motor 12V 300 RPM Grade-A', 'Orange-Johnson motor 12V 300 RPM Grade-A', '', ( #1617 ) ) ;
#509 = ORIENTED_EDGE ( 'NONE', *, *, #2102, .F. ) ;
#510 = ORIENTED_EDGE ( 'NONE', *, *, #278, .T. ) ;
#511 = CARTESIAN_POINT ( 'NONE',  ( 0.0000000000000000000, 7.000000000000000000, 58.79999999999999700 ) ) ;
#512 = CARTESIAN_POINT ( 'NONE',  ( -0.4213215110320939200, 9.972126414073027700, 49.25279026058166900 ) ) ;
#513 = CYLINDRICAL_SURFACE ( 'NONE', #48, 1.599999999999999900 ) ;
#514 = CIRCLE ( 'NONE', #1490, 1.600000000000000800 ) ;
#515 = AXIS2_PLACEMENT_3D ( 'NONE', #81, #1690, #715 ) ;
#516 = EDGE_LOOP ( 'NONE', ( #1856, #1960, #1280, #1395 ) ) ;
#517 = AXIS2_PLACEMENT_3D ( 'NONE', #442, #1299, #2035 ) ;
#518 = CARTESIAN_POINT ( 'NONE',  ( -15.50000000000000000, 0.0000000000000000000, 19.00000000000000000 ) ) ;
#519 = FACE_OUTER_BOUND ( 'NONE', #1185, .T. ) ;
#520 = FACE_BOUND ( 'NONE', #749, .T. ) ;
#521 = CARTESIAN_POINT ( 'NONE',  ( 0.0000000000000000000, 0.0000000000000000000, 22.50000000000000000 ) ) ;
#522 = CARTESIAN_POINT ( 'NONE',  ( -11.50000000000000000, 1.499999999999999100, -44.29999999999999700 ) ) ;
#523 = EDGE_CURVE ( 'NONE', #1345, #1467, #289, .T. ) ;
#524 = VERTEX_POINT ( 'NONE', #1968 ) ;
#525 = B_SPLINE_CURVE_WITH_KNOTS ( 'NONE', 3,
 ( #99, #1215, #257, #1383, #409, #1538, #569, #1710, #1414, #747, #1895, #913, #2061, #1071, #124, #1244, #280, #1406, #434, #1622, #655, #1796, #819, #1961, #974, #23 ),
 .UNSPECIFIED., .F., .F.,
 ( 4, 2, 2, 2, 2, 2, 2, 2, 2, 2, 2, 2, 4 ),
 ( 0.005103285636516862600, 0.005421538618761429300, 0.005739791601005996000, 0.006058044583250562700, 0.006376297565495128500, 0.007012803529984262800, 0.007649309494473396200, 0.007967562476717973300, 0.008285815458962550500, 0.008922321423451687300, 0.009240574405696248800, 0.009558827387940808600, 0.01019533335242993000 ),
 .UNSPECIFIED. ) ;
#526 = EDGE_CURVE ( 'NONE', #904, #1677, #1090, .T. ) ;
#527 = ORIENTED_EDGE ( 'NONE', *, *, #1004, .F. ) ;
#528 = EDGE_LOOP ( 'NONE', ( #1706, #1834 ) ) ;
#529 = DIRECTION ( 'NONE',  ( 0.0000000000000000000, -1.000000000000000000, -0.0000000000000000000 ) ) ;
#530 = CARTESIAN_POINT ( 'NONE',  ( -11.50000000000000000, 1.499999999999999100, -37.79999999999999700 ) ) ;
#531 = ORIENTED_EDGE ( 'NONE', *, *, #363, .F. ) ;
#532 = VECTOR ( 'NONE', #1191, 1000.000000000000000 ) ;
#533 = CARTESIAN_POINT ( 'NONE',  ( 12.00000000000000000, 1.000000000000000000, -43.79999999999999700 ) ) ;
#534 = LINE ( 'NONE', #671, #1837 ) ;
#535 = ORIENTED_EDGE ( 'NONE', *, *, #153, .F. ) ;
#536 = DIRECTION ( 'NONE',  ( -1.000000000000000000, -0.0000000000000000000, -0.0000000000000000000 ) ) ;
#537 = DIRECTION ( 'NONE',  ( -0.0000000000000000000, -0.0000000000000000000, 1.000000000000000000 ) ) ;
#538 = VERTEX_POINT ( 'NONE', #1454 ) ;
#539 = EDGE_CURVE ( 'NONE', #2060, #524, #1475, .T. ) ;
#540 = AXIS2_PLACEMENT_3D ( 'NONE', #1735, #756, #1903 ) ;
#541 = CARTESIAN_POINT ( 'NONE',  ( 12.00000000000000000, -1.499999999999998000, -44.29999999999999700 ) ) ;
#542 = CYLINDRICAL_SURFACE ( 'NONE', #812, 0.5000000000000004400 ) ;
#543 = CIRCLE ( 'NONE', #1274, 1.000000000000000000 ) ;
#544 = VECTOR ( 'NONE', #63, 1000.000000000000000 ) ;
#545 = CARTESIAN_POINT ( 'NONE',  ( -12.00000000000000000, -1.626303258728256700E-016, -41.66512203727812400 ) ) ;
#546 = ORIENTED_EDGE ( 'NONE', *, *, #539, .T. ) ;
#547 = AXIS2_PLACEMENT_3D ( 'NONE', #436, #1560, #596 ) ;
#548 = CARTESIAN_POINT ( 'NONE',  ( -7.749999999999966200, 13.42339375865881700, 19.00000000000000000 ) ) ;
#549 = ORIENTED_EDGE ( 'NONE', *, *, #460, .T. ) ;
#550 = ORIENTED_EDGE ( 'NONE', *, *, #193, .F. ) ;
#551 = CARTESIAN_POINT ( 'NONE',  ( -11.50000000000000000, -1.499999999999997300, -37.79999999999999700 ) ) ;
#552 = DIRECTION ( 'NONE',  ( -1.000000000000000000, 0.0000000000000000000, 0.0000000000000000000 ) ) ;
#553 = LINE ( 'NONE', #977, #90 ) ;
#554 = CARTESIAN_POINT ( 'NONE',  ( 1.589158874382120300, 4.455362442111165500, 51.01391194268615700 ) ) ;
#555 = FACE_OUTER_BOUND ( 'NONE', #779, .T. ) ;
#556 = CARTESIAN_POINT ( 'NONE',  ( 0.0000000000000000000, 0.0000000000000000000, -37.79999999999999700 ) ) ;
#557 = ORIENTED_EDGE ( 'NONE', *, *, #1151, .F. ) ;
#558 = EDGE_CURVE ( 'NONE', #7, #306, #1567, .T. ) ;
#559 = DIRECTION ( 'NONE',  ( 1.000000000000000000, 0.0000000000000000000, -0.0000000000000000000 ) ) ;
#560 = DIRECTION ( 'NONE',  ( -0.0000000000000000000, -0.0000000000000000000, 1.000000000000000000 ) ) ;
#561 = CARTESIAN_POINT ( 'NONE',  ( 0.1066880849424227800, 3.999999999999980900, 49.19999999999996700 ) ) ;
#562 = EDGE_CURVE ( 'NONE', #337, #1354, #243, .T. ) ;
#563 = CARTESIAN_POINT ( 'NONE',  ( -12.00000000000000000, 1.499999999999999100, -37.79999999999999700 ) ) ;
#564 = ORIENTED_EDGE ( 'NONE', *, *, #1643, .T. ) ;
#565 = FACE_BOUND ( 'NONE', #822, .T. ) ;
#566 = CIRCLE ( 'NONE', #204, 5.000000000000000000 ) ;
#567 = CARTESIAN_POINT ( 'NONE',  ( 2.747135710161824400E-013, 10.00000000000133800, 49.19999999999748800 ) ) ;
#568 = CARTESIAN_POINT ( 'NONE',  ( 0.5233983328127538300, 9.955662977260235600, 49.28434923548169900 ) ) ;
#569 = CARTESIAN_POINT ( 'NONE',  ( -0.8091581716997406900, 4.109789738442938900, 49.41582600963498400 ) ) ;
#570 = PRODUCT_RELATED_PRODUCT_CATEGORY ( 'part', '', ( #508 ) ) ;
#571 = DIRECTION ( 'NONE',  ( -4.336808689942013800E-016, 1.000000000000000000, 0.0000000000000000000 ) ) ;
#572 = AXIS2_PLACEMENT_3D ( 'NONE', #1771, #793, #1940 ) ;
#573 = ORIENTED_EDGE ( 'NONE', *, *, #1429, .T. ) ;
#574 = EDGE_CURVE ( 'NONE', #1467, #1937, #610, .T. ) ;
#575 = VERTEX_POINT ( 'NONE', #1303 ) ;
#576 = ORIENTED_EDGE ( 'NONE', *, *, #799, .F. ) ;
#577 = DIRECTION ( 'NONE',  ( -1.000000000000000000, 0.0000000000000000000, 0.0000000000000000000 ) ) ;
#578 = VERTEX_POINT ( 'NONE', #965 ) ;
#579 = DIRECTION ( 'NONE',  ( 0.0000000000000000000, 0.0000000000000000000, -1.000000000000000000 ) ) ;
#580 = DIRECTION ( 'NONE',  ( 1.000000000000000000, 0.0000000000000000000, 0.0000000000000000000 ) ) ;
#581 = LINE ( 'NONE', #1025, #532 ) ;
#582 = FACE_OUTER_BOUND ( 'NONE', #1145, .T. ) ;
#583 = ORIENTED_EDGE ( 'NONE', *, *, #1663, .T. ) ;
#584 = ORIENTED_EDGE ( 'NONE', *, *, #562, .F. ) ;
#585 = CARTESIAN_POINT ( 'NONE',  ( 0.0000000000000000000, 0.0000000000000000000, 22.30000000000004700 ) ) ;
#586 = ORIENTED_EDGE ( 'NONE', *, *, #713, .T. ) ;
#587 = CARTESIAN_POINT ( 'NONE',  ( -5.000000000000000000, 6.123233995736766300E-016, -40.80000000000000400 ) ) ;
#588 = ADVANCED_FACE ( 'NONE', ( #1858 ), #144, .F. ) ;
#589 = AXIS2_PLACEMENT_3D ( 'NONE', #724, #890, #2034 ) ;
#590 = EDGE_CURVE ( 'NONE', #215, #1658, #199, .T. ) ;
#591 = CARTESIAN_POINT ( 'NONE',  ( 0.0000000000000000000, 0.0000000000000000000, 22.50000000000000000 ) ) ;
#593 = DIRECTION ( 'NONE',  ( -1.000000000000000000, 0.0000000000000000000, 0.0000000000000000000 ) ) ;
#592 = CIRCLE ( 'NONE', #36, 1.599999999999997200 ) ;
#594 = CARTESIAN_POINT ( 'NONE',  ( -18.50000000000000000, 0.0000000000000000000, 22.30000000000004700 ) ) ;
#595 = CONICAL_SURFACE ( 'NONE', #1938, 18.30000000000005000, 0.7853981633974396200 ) ;
#596 = DIRECTION ( 'NONE',  ( 1.000000000000000000, 0.0000000000000000000, 0.0000000000000000000 ) ) ;
#597 = VECTOR ( 'NONE', #370, 1000.000000000000000 ) ;
#598 = ADVANCED_FACE ( 'NONE', ( #1424 ), #513, .F. ) ;
#599 = CARTESIAN_POINT ( 'NONE',  ( 0.0000000000000000000, 0.0000000000000000000, -49.80000000000000400 ) ) ;
#600 = ORIENTED_EDGE ( 'NONE', *, *, #2074, .T. ) ;
#601 = AXIS2_PLACEMENT_3D ( 'NONE', #556, #1695, #720 ) ;
#602 = CARTESIAN_POINT ( 'NONE',  ( -7.750000000000064800, -13.42339375865876100, 19.00000000000000000 ) ) ;
#603 = ORIENTED_EDGE ( 'NONE', *, *, #1078, .F. ) ;
#604 = VERTEX_POINT ( 'NONE', #27 ) ;
#605 = ORIENTED_EDGE ( 'NONE', *, *, #95, .F. ) ;
#606 = DIRECTION ( 'NONE',  ( -1.000000000000000000, 4.336808689942013800E-016, -0.0000000000000000000 ) ) ;
#607 = EDGE_CURVE ( 'NONE', #1642, #1012, #553, .T. ) ;
#608 = CARTESIAN_POINT ( 'NONE',  ( 0.0000000000000000000, 9.999999999999998200, 52.39999999999999900 ) ) ;
#609 = CARTESIAN_POINT ( 'NONE',  ( -12.00000000000000000, -1.499999999999997100, -43.79999999999999700 ) ) ;
#610 = CIRCLE ( 'NONE', #1704, 6.000000000000000900 ) ;
#611 = CARTESIAN_POINT ( 'NONE',  ( 0.0000000000000000000, 0.0000000000000000000, -49.80000000000000400 ) ) ;
#612 = CARTESIAN_POINT ( 'NONE',  ( -11.50000000000000000, -1.626303258728256700E-016, -41.66512203727812400 ) ) ;
#613 = CIRCLE ( 'NONE', #517, 5.000000000000000000 ) ;
#614 = ADVANCED_FACE ( 'NONE', ( #1815 ), #884, .F. ) ;
#615 = DIRECTION ( 'NONE',  ( 0.0000000000000000000, -1.000000000000000000, -1.807003620809174600E-016 ) ) ;
#616 = ORIENTED_EDGE ( 'NONE', *, *, #850, .F. ) ;
#617 = DIRECTION ( 'NONE',  ( 0.0000000000000000000, 0.0000000000000000000, -1.000000000000000000 ) ) ;
#618 = DIRECTION ( 'NONE',  ( -1.000000000000000000, 0.0000000000000000000, -0.0000000000000000000 ) ) ;
#619 = CARTESIAN_POINT ( 'NONE',  ( 18.30000000000005000, 2.241103642439662200E-015, 22.50000000000000000 ) ) ;
#620 = CARTESIAN_POINT ( 'NONE',  ( -15.50000000000000000, 0.0000000000000000000, 19.00000000000000000 ) ) ;
#622 = CARTESIAN_POINT ( 'NONE',  ( 0.0000000000000000000, 0.0000000000000000000, -37.79999999999999700 ) ) ;
#621 = VECTOR ( 'NONE', #1531, 1000.000000000000000 ) ;
#623 = CARTESIAN_POINT ( 'NONE',  ( -5.800000000000012300, 7.000000000000000000, 28.80000000000000100 ) ) ;
#624 = CIRCLE ( 'NONE', #1751, 1.599999999999999900 ) ;
#625 = ADVANCED_FACE ( 'NONE', ( #938 ), #1472, .T. ) ;
#626 = AXIS2_PLACEMENT_3D ( 'NONE', #545, #1683, #706 ) ;
#627 = ORIENTED_EDGE ( 'NONE', *, *, #892, .F. ) ;
#628 = ORIENTED_EDGE ( 'NONE', *, *, #676, .F. ) ;
#629 = DIRECTION ( 'NONE',  ( -1.000000000000000000, 0.0000000000000000000, -0.0000000000000000000 ) ) ;
#630 = ORIENTED_EDGE ( 'NONE', *, *, #42, .F. ) ;
#631 = DIRECTION ( 'NONE',  ( 1.000000000000000000, 0.0000000000000000000, 0.0000000000000000000 ) ) ;
#632 = ORIENTED_EDGE ( 'NONE', *, *, #1294, .T. ) ;
#633 = EDGE_LOOP ( 'NONE', ( #1881, #725, #1355, #2048 ) ) ;
#634 = EDGE_CURVE ( 'NONE', #2030, #366, #1326, .T. ) ;
#635 = FACE_BOUND ( 'NONE', #399, .T. ) ;
#636 = CARTESIAN_POINT ( 'NONE',  ( 11.50000000000000000, -0.9999999999999985600, -44.29999999999999700 ) ) ;
#637 = EDGE_CURVE ( 'NONE', #985, #1514, #1374, .T. ) ;
#638 = DIRECTION ( 'NONE',  ( -1.000000000000000000, 0.0000000000000000000, 0.0000000000000000000 ) ) ;
#639 = CARTESIAN_POINT ( 'NONE',  ( 7.750000000000061300, 13.42339375865876500, 19.00000000000000000 ) ) ;
#640 = FACE_BOUND ( 'NONE', #1443, .T. ) ;
#641 = PRODUCT_DEFINITION_SHAPE ( 'NONE', 'NONE',  #361 ) ;
#642 = ORIENTED_EDGE ( 'NONE', *, *, #1211, .T. ) ;
#643 = ORIENTED_EDGE ( 'NONE', *, *, #2026, .T. ) ;
#644 = APPLICATION_PROTOCOL_DEFINITION ( 'draft international standard', 'automotive_design', 1998, #805 ) ;
#645 = DIRECTION ( 'NONE',  ( 1.000000000000000000, 0.0000000000000000000, 0.0000000000000000000 ) ) ;
#646 = DIRECTION ( 'NONE',  ( -0.0000000000000000000, -0.0000000000000000000, 1.000000000000000000 ) ) ;
#647 = AXIS2_PLACEMENT_3D ( 'NONE', #518, #842, #1329 ) ;
#648 = CYLINDRICAL_SURFACE ( 'NONE', #145, 1.599999999999997200 ) ;
#649 = FACE_BOUND ( 'NONE', #881, .T. ) ;
#650 = APPLICATION_CONTEXT ( 'automotive_design' ) ;
#651 = EDGE_CURVE ( 'NONE', #1533, #450, #458, .T. ) ;
#653 = DIRECTION ( 'NONE',  ( 1.000000000000000000, 0.0000000000000000000, 0.0000000000000000000 ) ) ;
#652 = CYLINDRICAL_SURFACE ( 'NONE', #647, 1.600000000000002500 ) ;
#654 = DIRECTION ( 'NONE',  ( 0.0000000000000000000, 0.0000000000000000000, 1.000000000000000000 ) ) ;
#655 = CARTESIAN_POINT ( 'NONE',  ( -0.9815146604649969100, 4.163682428665763900, 52.06780648088992100 ) ) ;
#656 = ADVANCED_FACE ( 'NONE', ( #1698 ), #2095, .T. ) ;
#657 = DIRECTION ( 'NONE',  ( -0.0000000000000000000, -0.0000000000000000000, -1.000000000000000000 ) ) ;
#658 = ORIENTED_EDGE ( 'NONE', *, *, #1693, .T. ) ;
#659 = DIRECTION ( 'NONE',  ( 1.000000000000000000, 0.0000000000000000000, 0.0000000000000000000 ) ) ;
#660 = ORIENTED_EDGE ( 'NONE', *, *, #989, .F. ) ;
#661 = DIRECTION ( 'NONE',  ( -0.0000000000000000000, 0.0000000000000000000, 1.000000000000000000 ) ) ;
#662 = CARTESIAN_POINT ( 'NONE',  ( -0.1079805483745366300, 9.999999999999996400, 52.39999999999999100 ) ) ;
#663 = ORIENTED_EDGE ( 'NONE', *, *, #107, .T. ) ;
#664 = VECTOR ( 'NONE', #43, 1000.000000000000000 ) ;
#665 = AXIS2_PLACEMENT_3D ( 'NONE', #920, #2068, #1081 ) ;
#666 = FACE_OUTER_BOUND ( 'NONE', #1792, .T. ) ;
#667 = DIRECTION ( 'NONE',  ( 0.0000000000000000000, 0.0000000000000000000, 1.000000000000000000 ) ) ;
#668 = CARTESIAN_POINT ( 'NONE',  ( -1.589158874382120100, 9.544637557888833600, 51.01391194268617800 ) ) ;
#669 = ORIENTED_EDGE ( 'NONE', *, *, #429, .T. ) ;
#670 = DIRECTION ( 'NONE',  ( -1.000000000000000000, -0.0000000000000000000, -0.0000000000000000000 ) ) ;
#671 = CARTESIAN_POINT ( 'NONE',  ( 12.00000000000000000, 1.500000000000000000, -37.79999999999999700 ) ) ;
#672 = CIRCLE ( 'NONE', #665, 1.600000000000000800 ) ;
#673 = CARTESIAN_POINT ( 'NONE',  ( -0.1066880849424220500, 10.00000000000001800, 49.19999999999995300 ) ) ;
#674 = CYLINDRICAL_SURFACE ( 'NONE', #190, 1.000000000000000000 ) ;
#675 = CYLINDRICAL_SURFACE ( 'NONE', #2087, 0.3201142746380725200 ) ;
#676 = EDGE_CURVE ( 'NONE', #744, #1331, #837, .T. ) ;
#677 = EDGE_CURVE ( 'NONE', #1721, #1602, #404, .T. ) ;
#678 = ORIENTED_EDGE ( 'NONE', *, *, #216, .T. ) ;
#679 = DIRECTION ( 'NONE',  ( 1.000000000000000000, 0.0000000000000000000, 0.0000000000000000000 ) ) ;
#680 = ORIENTED_EDGE ( 'NONE', *, *, #1311, .F. ) ;
#681 = EDGE_LOOP ( 'NONE', ( #1719, #53, #728, #876, #1839 ) ) ;
#682 = ORIENTED_EDGE ( 'NONE', *, *, #107, .F. ) ;
#683 = AXIS2_PLACEMENT_3D ( 'NONE', #622, #1587, #1763 ) ;
#684 = FACE_OUTER_BOUND ( 'NONE', #1083, .T. ) ;
#685 = EDGE_CURVE ( 'NONE', #70, #1345, #1275, .T. ) ;
#686 = DIRECTION ( 'NONE',  ( -0.0000000000000000000, 0.0000000000000000000, 1.000000000000000000 ) ) ;
#687 = CYLINDRICAL_SURFACE ( 'NONE', #804, 5.000000000000000000 ) ;
#688 = VERTEX_POINT ( 'NONE', #954 ) ;
#689 = ORIENTED_EDGE ( 'NONE', *, *, #1216, .F. ) ;
#690 = CARTESIAN_POINT ( 'NONE',  ( 0.0000000000000000000, 7.000000000000000000, 28.80000000000000100 ) ) ;
#691 = DIRECTION ( 'NONE',  ( -0.0000000000000000000, -0.0000000000000000000, -1.000000000000000000 ) ) ;
#692 = PLANE ( 'NONE',  #1861 ) ;
#693 = DIRECTION ( 'NONE',  ( 0.0000000000000000000, 0.0000000000000000000, 1.000000000000000000 ) ) ;
#694 = VECTOR ( 'NONE', #537, 1000.000000000000000 ) ;
#695 = CIRCLE ( 'NONE', #1827, 1.600000000000002500 ) ;
#696 = DIRECTION ( 'NONE',  ( -1.000000000000000000, -0.0000000000000000000, -0.0000000000000000000 ) ) ;
#697 = AXIS2_PLACEMENT_3D ( 'NONE', #777, #1925, #941 ) ;
#698 = DIRECTION ( 'NONE',  ( 1.000000000000000000, 0.0000000000000000000, 0.0000000000000000000 ) ) ;
#699 = ORIENTED_EDGE ( 'NONE', *, *, #558, .F. ) ;
#700 = DIRECTION ( 'NONE',  ( 0.0000000000000000000, -1.000000000000000000, 0.0000000000000000000 ) ) ;
#701 = VERTEX_POINT ( 'NONE', #2103 ) ;
#702 = DIRECTION ( 'NONE',  ( 0.0000000000000000000, 0.0000000000000000000, -1.000000000000000000 ) ) ;
#703 = ORIENTED_EDGE ( 'NONE', *, *, #1651, .F. ) ;
#704 = DIRECTION ( 'NONE',  ( 0.0000000000000000000, 0.0000000000000000000, 1.000000000000000000 ) ) ;
#705 = LINE ( 'NONE', #919, #1190 ) ;
#706 = DIRECTION ( 'NONE',  ( 0.0000000000000000000, 0.0000000000000000000, -1.000000000000000000 ) ) ;
#707 = PLANE ( 'NONE',  #226 ) ;
#708 = AXIS2_PLACEMENT_3D ( 'NONE', #2029, #1043, #94 ) ;
#709 = ORIENTED_EDGE ( 'NONE', *, *, #1108, .F. ) ;
#710 = DIRECTION ( 'NONE',  ( 1.000000000000000000, 0.0000000000000000000, 0.0000000000000000000 ) ) ;
#711 = DIRECTION ( 'NONE',  ( 1.000000000000000000, 0.0000000000000000000, 0.0000000000000000000 ) ) ;
#712 = ORIENTED_EDGE ( 'NONE', *, *, #460, .F. ) ;
#713 = EDGE_CURVE ( 'NONE', #744, #1753, #1646, .T. ) ;
#714 = VERTEX_POINT ( 'NONE', #1290 ) ;
#715 = DIRECTION ( 'NONE',  ( 0.0000000000000000000, -1.807003620809174600E-016, 1.000000000000000000 ) ) ;
#716 = CIRCLE ( 'NONE', #1563, 6.000000000000000900 ) ;
#717 = CARTESIAN_POINT ( 'NONE',  ( 1.600124453214650100, 4.462362958132869700, 50.69504847990058500 ) ) ;
#718 = LINE ( 'NONE', #817, #1155 ) ;
#719 = FACE_OUTER_BOUND ( 'NONE', #1819, .T. ) ;
#720 = DIRECTION ( 'NONE',  ( -1.000000000000000000, 0.0000000000000000000, 0.0000000000000000000 ) ) ;
#721 = ORIENTED_EDGE ( 'NONE', *, *, #120, .T. ) ;
#722 = AXIS2_PLACEMENT_3D ( 'NONE', #880, #867, #89 ) ;
#723 = CARTESIAN_POINT ( 'NONE',  ( 5.000000000000000000, 0.0000000000000000000, -37.79999999999999700 ) ) ;
#724 = CARTESIAN_POINT ( 'NONE',  ( 11.50000000000000000, 0.3201142746380725200, -42.86512203727812700 ) ) ;
#725 = ORIENTED_EDGE ( 'NONE', *, *, #1649, .F. ) ;
#726 = DIRECTION ( 'NONE',  ( -0.0000000000000000000, 1.807003620809174600E-016, -1.000000000000000000 ) ) ;
#727 = AXIS2_PLACEMENT_3D ( 'NONE', #2019, #1031, #79 ) ;
#728 = ORIENTED_EDGE ( 'NONE', *, *, #120, .F. ) ;
#729 = ORIENTED_EDGE ( 'NONE', *, *, #1341, .F. ) ;
#730 = FACE_OUTER_BOUND ( 'NONE', #25, .T. ) ;
#731 = DIRECTION ( 'NONE',  ( -0.0000000000000000000, 0.0000000000000000000, 1.000000000000000000 ) ) ;
#732 = CARTESIAN_POINT ( 'NONE',  ( 0.8091581716997406900, 9.890210261557060200, 49.41582600963499800 ) ) ;
#733 = VECTOR ( 'NONE', #1338, 1000.000000000000000 ) ;
#734 = CARTESIAN_POINT ( 'NONE',  ( -11.50000000000000000, 0.3201142746380725200, -42.86512203727812700 ) ) ;
#735 = ORIENTED_EDGE ( 'NONE', *, *, #1501, .T. ) ;
#736 = ORIENTED_EDGE ( 'NONE', *, *, #504, .T. ) ;
#737 = CARTESIAN_POINT ( 'NONE',  ( 0.0000000000000000000, -18.50000000000000000, 52.39999999999999900 ) ) ;
#738 = EDGE_CURVE ( 'NONE', #1989, #1328, #359, .T. ) ;
#739 = DIRECTION ( 'NONE',  ( -0.0000000000000000000, -0.0000000000000000000, -1.000000000000000000 ) ) ;
#740 = DIRECTION ( 'NONE',  ( 1.000000000000000000, -0.0000000000000000000, -0.0000000000000000000 ) ) ;
#741 = FACE_OUTER_BOUND ( 'NONE', #1694, .T. ) ;
#742 = VECTOR ( 'NONE', #758, 1000.000000000000000 ) ;
#743 = CIRCLE ( 'NONE', #1707, 0.5000000000000004400 ) ;
#744 = VERTEX_POINT ( 'NONE', #1447 ) ;
#745 = CARTESIAN_POINT ( 'NONE',  ( 0.0000000000000000000, 0.0000000000000000000, -40.80000000000000400 ) ) ;
#746 = DIRECTION ( 'NONE',  ( 1.000000000000000000, 0.0000000000000000000, 0.0000000000000000000 ) ) ;
#747 = CARTESIAN_POINT ( 'NONE',  ( -1.277748561568832700, 4.281225398482452400, 49.81547445562080200 ) ) ;
#748 = CARTESIAN_POINT ( 'NONE',  ( -14.50000000000000000, 1.775737858763662000E-015, 0.0000000000000000000 ) ) ;
#749 = EDGE_LOOP ( 'NONE', ( #832, #535 ) ) ;
#750 = AXIS2_PLACEMENT_3D ( 'NONE', #1988, #208, #1334 ) ;
#751 = ORIENTED_EDGE ( 'NONE', *, *, #1889, .F. ) ;
#752 = VERTEX_POINT ( 'NONE', #2096 ) ;
#753 = DIRECTION ( 'NONE',  ( 1.000000000000000000, 0.0000000000000000000, -0.0000000000000000000 ) ) ;
#754 = EDGE_CURVE ( 'NONE', #14, #604, #1595, .T. ) ;
#755 = VERTEX_POINT ( 'NONE', #1242 ) ;
#756 = DIRECTION ( 'NONE',  ( 0.0000000000000000000, 0.0000000000000000000, 1.000000000000000000 ) ) ;
#757 = EDGE_LOOP ( 'NONE', ( #2007, #627, #1833, #1109 ) ) ;
#758 = DIRECTION ( 'NONE',  ( -0.0000000000000000000, -0.0000000000000000000, 1.000000000000000000 ) ) ;
#759 = CARTESIAN_POINT ( 'NONE',  ( 11.50000000000000000, 0.0000000000000000000, -43.18523631191619900 ) ) ;
#760 = CARTESIAN_POINT ( 'NONE',  ( -6.149999999999969300, 13.42339375865881700, 19.00000000000000000 ) ) ;
#761 = ADVANCED_FACE ( 'NONE', ( #730 ), #1991, .T. ) ;
#762 = CYLINDRICAL_SURFACE ( 'NONE', #234, 6.000000000000000900 ) ;
#763 = DIRECTION ( 'NONE',  ( 0.0000000000000000000, 9.035018104045873200E-017, -1.000000000000000000 ) ) ;
#764 = CARTESIAN_POINT ( 'NONE',  ( 1.589460689089685400, 9.544448649282356800, 51.01184548445022000 ) ) ;
#765 = ORIENTED_EDGE ( 'NONE', *, *, #330, .T. ) ;
#766 = DIRECTION ( 'NONE',  ( -1.000000000000000000, 0.0000000000000000000, 0.0000000000000000000 ) ) ;
#767 = VERTEX_POINT ( 'NONE', #1902 ) ;
#768 = DIRECTION ( 'NONE',  ( 1.000000000000000000, 0.0000000000000000000, 0.0000000000000000000 ) ) ;
#769 = AXIS2_PLACEMENT_3D ( 'NONE', #602, #1744, #768 ) ;
#770 = CARTESIAN_POINT ( 'NONE',  ( 12.00000000000000000, -1.499999999999998000, -43.79999999999999700 ) ) ;
#771 = ADVANCED_FACE ( 'NONE', ( #1212 ), #2064, .F. ) ;
#772 = VECTOR ( 'NONE', #1786, 1000.000000000000000 ) ;
#773 = EDGE_CURVE ( 'NONE', #1449, #211, #315, .T. ) ;
#774 = DIRECTION ( 'NONE',  ( 0.0000000000000000000, 0.0000000000000000000, -1.000000000000000000 ) ) ;
#775 = CIRCLE ( 'NONE', #389, 1.599999999999999900 ) ;
#776 = DIRECTION ( 'NONE',  ( 1.000000000000000000, 0.0000000000000000000, 0.0000000000000000000 ) ) ;
#777 = CARTESIAN_POINT ( 'NONE',  ( 7.750000000000061300, 13.42339375865876500, 22.50000000000000000 ) ) ;
#778 = ORIENTED_EDGE ( 'NONE', *, *, #1875, .F. ) ;
#779 = EDGE_LOOP ( 'NONE', ( #961, #1053, #439, #1603 ) ) ;
#780 = ORIENTED_EDGE ( 'NONE', *, *, #1924, .T. ) ;
#781 = EDGE_CURVE ( 'NONE', #575, #578, #1164, .T. ) ;
#782 = ADVANCED_FACE ( 'NONE', ( #265 ), #1494, .F. ) ;
#783 = ORIENTED_EDGE ( 'NONE', *, *, #290, .T. ) ;
#784 = DIRECTION ( 'NONE',  ( 1.000000000000000000, 0.0000000000000000000, 0.0000000000000000000 ) ) ;
#785 = EDGE_CURVE ( 'NONE', #1812, #1677, #1943, .T. ) ;
#786 = CARTESIAN_POINT ( 'NONE',  ( 0.0000000000000000000, 0.0000000000000000000, 0.0000000000000000000 ) ) ;
#787 = DIRECTION ( 'NONE',  ( -0.7071067811865414700, 0.0000000000000000000, -0.7071067811865536800 ) ) ;
#788 = CARTESIAN_POINT ( 'NONE',  ( 0.0000000000000000000, 7.000000000000000000, 58.79999999999999700 ) ) ;
#789 = VECTOR ( 'NONE', #466, 1000.000000000000000 ) ;
#790 = VECTOR ( 'NONE', #61, 1000.000000000000000 ) ;
#791 = EDGE_LOOP ( 'NONE', ( #966, #1966 ) ) ;
#792 = CARTESIAN_POINT ( 'NONE',  ( 0.0000000000000000000, 0.0000000000000000000, 58.79999999999999700 ) ) ;
#793 = DIRECTION ( 'NONE',  ( 1.000000000000000000, 0.0000000000000000000, 0.0000000000000000000 ) ) ;
#794 = DIRECTION ( 'NONE',  ( 1.000000000000000000, 0.0000000000000000000, 0.0000000000000000000 ) ) ;
#795 = ORIENTED_EDGE ( 'NONE', *, *, #2028, .T. ) ;
#796 = ADVANCED_FACE ( 'NONE', ( #684 ), #1008, .T. ) ;
#797 = AXIS2_PLACEMENT_3D ( 'NONE', #745, #1893, #911 ) ;
#798 = ORIENTED_EDGE ( 'NONE', *, *, #472, .F. ) ;
#799 = EDGE_CURVE ( 'NONE', #1631, #1564, #1450, .T. ) ;
#800 = DIRECTION ( 'NONE',  ( 0.0000000000000000000, 0.0000000000000000000, 1.000000000000000000 ) ) ;
#801 = CYLINDRICAL_SURFACE ( 'NONE', #1198, 0.3201142746380725200 ) ;
#802 = LINE ( 'NONE', #1559, #742 ) ;
#803 = VECTOR ( 'NONE', #440, 1000.000000000000000 ) ;
#804 = AXIS2_PLACEMENT_3D ( 'NONE', #1661, #218, #1999 ) ;
#805 = APPLICATION_CONTEXT ( 'automotive_design' ) ;
#806 = ORIENTED_EDGE ( 'NONE', *, *, #317, .F. ) ;
#807 = CARTESIAN_POINT ( 'NONE',  ( 17.10000000000000100, 0.0000000000000000000, 19.00000000000000000 ) ) ;
#808 = ORIENTED_EDGE ( 'NONE', *, *, #677, .F. ) ;
#809 = CARTESIAN_POINT ( 'NONE',  ( 0.0000000000000000000, 0.9999999999999991100, -43.79999999999999700 ) ) ;
#810 = EDGE_LOOP ( 'NONE', ( #1392, #1570, #40, #1750 ) ) ;
#811 = CARTESIAN_POINT ( 'NONE',  ( 7.749999999999970700, -13.42339375865881500, 19.00000000000000000 ) ) ;
#812 = AXIS2_PLACEMENT_3D ( 'NONE', #98, #1049, #1747 ) ;
#813 = ORIENTED_EDGE ( 'NONE', *, *, #677, .T. ) ;
#814 = ADVANCED_FACE ( 'NONE', ( #635, #1062 ), #1017, .F. ) ;
#815 = B_SPLINE_CURVE_WITH_KNOTS ( 'NONE', 3,
 ( #1214, #1867, #407, #1537, #568, #1709, #732, #1874, #895, #2042, #1056, #106, #1222, #1741, #764, #1910, #925, #2075, #1087, #136, #1254, #291, #1418, #447, #1572, #608 ),
 .UNSPECIFIED., .F., .F.,
 ( 4, 2, 2, 2, 2, 2, 2, 2, 2, 2, 2, 2, 4 ),
 ( 0.005103285636516859100, 0.005421538618761436200, 0.005739791601006013300, 0.006058044583250590500, 0.006376297565495167600, 0.007012803529984321800, 0.007649309494473476000, 0.007967562476718042700, 0.008285815458962609400, 0.008922321423451723800, 0.009240574405696273100, 0.009558827387940824200, 0.01019533335242992500 ),
 .UNSPECIFIED. ) ;
#816 = CARTESIAN_POINT ( 'NONE',  ( 15.50000000000000000, 0.0000000000000000000, 19.00000000000000000 ) ) ;
#817 = CARTESIAN_POINT ( 'NONE',  ( 12.00000000000000000, 1.500000000000000000, -44.29999999999999700 ) ) ;
#818 = LINE ( 'NONE', #467, #383 ) ;
#819 = CARTESIAN_POINT ( 'NONE',  ( -0.7171428376011168600, 4.085322873181747000, 52.23407329436371100 ) ) ;
#820 = ORIENTED_EDGE ( 'NONE', *, *, #193, .T. ) ;
#821 = CARTESIAN_POINT ( 'NONE',  ( -11.50000000000000000, 0.3201142746380724000, -41.66512203727812400 ) ) ;
#822 = EDGE_LOOP ( 'NONE', ( #375, #557 ) ) ;
#823 = ORIENTED_EDGE ( 'NONE', *, *, #754, .T. ) ;
#824 = CARTESIAN_POINT ( 'NONE',  ( 11.50000000000000000, -0.3201142746380725200, -42.86512203727812700 ) ) ;
#825 = CYLINDRICAL_SURFACE ( 'NONE', #1357, 5.000000000000000000 ) ;
#826 = COLOUR_RGB ( '',0.7921568627450980000, 0.8196078431372548800, 0.9333333333333333500 ) ;
#827 = EDGE_CURVE ( 'NONE', #1935, #1354, #2038, .T. ) ;
#828 = LINE ( 'NONE', #807, #1581 ) ;
#829 = DIRECTION ( 'NONE',  ( -0.0000000000000000000, -0.0000000000000000000, 1.000000000000000000 ) ) ;
#830 = CARTESIAN_POINT ( 'NONE',  ( -1.600124453214650800, 9.537637041867132100, 50.69504847990059900 ) ) ;
#831 = DIRECTION ( 'NONE',  ( 1.000000000000000000, 0.0000000000000000000, 0.0000000000000000000 ) ) ;
#832 = ORIENTED_EDGE ( 'NONE', *, *, #320, .F. ) ;
#833 = CARTESIAN_POINT ( 'NONE',  ( -18.30000000000005000, 0.0000000000000000000, 22.50000000000000000 ) ) ;
#834 = ORIENTED_EDGE ( 'NONE', *, *, #1332, .F. ) ;
#835 = CARTESIAN_POINT ( 'NONE',  ( 12.00000000000000000, 1.000000000000000000, -44.29999999999999700 ) ) ;
#836 = EDGE_LOOP ( 'NONE', ( #1863, #795, #1872, #1628 ) ) ;
#837 = LINE ( 'NONE', #1282, #1757 ) ;
#838 = AXIS2_PLACEMENT_3D ( 'NONE', #1403, #428, #1555 ) ;
#839 = VECTOR ( 'NONE', #560, 1000.000000000000000 ) ;
#840 = AXIS2_PLACEMENT_3D ( 'NONE', #1421, #449, #1574 ) ;
#841 = ORIENTED_EDGE ( 'NONE', *, *, #1324, .T. ) ;
#842 = DIRECTION ( 'NONE',  ( -0.0000000000000000000, -0.0000000000000000000, 1.000000000000000000 ) ) ;
#843 = ORIENTED_EDGE ( 'NONE', *, *, #1865, .T. ) ;
#844 = VERTEX_POINT ( 'NONE', #1507 ) ;
#845 = VECTOR ( 'NONE', #288, 1000.000000000000000 ) ;
#846 = DIRECTION ( 'NONE',  ( 0.0000000000000000000, 0.0000000000000000000, 1.000000000000000000 ) ) ;
#847 = DIRECTION ( 'NONE',  ( -0.0000000000000000000, -0.0000000000000000000, 1.000000000000000000 ) ) ;
#848 = LINE ( 'NONE', #1233, #209 ) ;
#849 = LINE ( 'NONE', #1248, #803 ) ;
#850 = EDGE_CURVE ( 'NONE', #1051, #575, #177, .T. ) ;
#851 = DIRECTION ( 'NONE',  ( 1.000000000000000000, 0.0000000000000000000, 0.0000000000000000000 ) ) ;
#852 = ORIENTED_EDGE ( 'NONE', *, *, #148, .T. ) ;
#853 = DIRECTION ( 'NONE',  ( 1.000000000000000000, -0.0000000000000000000, -0.0000000000000000000 ) ) ;
#854 = VERTEX_POINT ( 'NONE', #866 ) ;
#855 = CARTESIAN_POINT ( 'NONE',  ( 0.0000000000000000000, 0.0000000000000000000, -40.80000000000000400 ) ) ;
#856 = ORIENTED_EDGE ( 'NONE', *, *, #1171, .T. ) ;
#857 = ORIENTED_EDGE ( 'NONE', *, *, #1594, .F. ) ;
#858 = AXIS2_PLACEMENT_3D ( 'NONE', #1314, #343, #1469 ) ;
#859 = FACE_OUTER_BOUND ( 'NONE', #5, .T. ) ;
#860 = CARTESIAN_POINT ( 'NONE',  ( -12.00000000000000000, 1.499999999999999100, -43.79999999999999700 ) ) ;
#861 = VECTOR ( 'NONE', #787, 1000.000000000000000 ) ;
#862 = EDGE_CURVE ( 'NONE', #854, #180, #581, .T. ) ;
#863 = CARTESIAN_POINT ( 'NONE',  ( -12.00000000000000000, -0.3201142746380725700, -42.86512203727812700 ) ) ;
#864 = ORIENTED_EDGE ( 'NONE', *, *, #1396, .T. ) ;
#865 = ORIENTED_EDGE ( 'NONE', *, *, #378, .F. ) ;
#866 = CARTESIAN_POINT ( 'NONE',  ( 9.350000000000061800, 13.42339375865876500, 19.00000000000000000 ) ) ;
#867 = DIRECTION ( 'NONE',  ( 0.0000000000000000000, 0.0000000000000000000, 1.000000000000000000 ) ) ;
#868 = CARTESIAN_POINT ( 'NONE',  ( 3.000000000000000000, 7.000000000000000000, 58.79999999999999700 ) ) ;
#869 = VECTOR ( 'NONE', #155, 1000.000000000000000 ) ;
#870 = ORIENTED_EDGE ( 'NONE', *, *, #1096, .T. ) ;
#871 = DIRECTION ( 'NONE',  ( 1.000000000000000000, -0.0000000000000000000, -0.0000000000000000000 ) ) ;
#872 = CIRCLE ( 'NONE', #1305, 0.3201142746380725200 ) ;
#873 = PLANE ( 'NONE',  #515 ) ;
#874 = AXIS2_PLACEMENT_3D ( 'NONE', #1914, #1568, #1729 ) ;
#875 = CARTESIAN_POINT ( 'NONE',  ( 0.2137819673928407800, 4.005807823240207500, 52.38918416237443400 ) ) ;
#876 = ORIENTED_EDGE ( 'NONE', *, *, #1324, .F. ) ;
#877 = EDGE_CURVE ( 'NONE', #1027, #223, #962, .T. ) ;
#878 = CARTESIAN_POINT ( 'NONE',  ( -12.00000000000000000, 1.499999999999999100, -44.29999999999999700 ) ) ;
#879 = ORIENTED_EDGE ( 'NONE', *, *, #1534, .T. ) ;
#880 = CARTESIAN_POINT ( 'NONE',  ( -7.750000000000064800, -13.42339375865876100, 19.00000000000000000 ) ) ;
#881 = EDGE_LOOP ( 'NONE', ( #286, #1238, #1430, #1117 ) ) ;
#882 = CARTESIAN_POINT ( 'NONE',  ( 1.547377537721357200, 4.429741904663944600, 50.37950195690268600 ) ) ;
#883 = CARTESIAN_POINT ( 'NONE',  ( 12.00000000000000000, 1.500000000000000000, -37.79999999999999700 ) ) ;
#884 = CYLINDRICAL_SURFACE ( 'NONE', #163, 1.600000000000002500 ) ;
#885 = CIRCLE ( 'NONE', #1712, 5.800000000000012300 ) ;
#886 = EDGE_CURVE ( 'NONE', #1727, #1642, #118, .T. ) ;
#887 = PLANE ( 'NONE',  #1279 ) ;
#888 = ORIENTED_EDGE ( 'NONE', *, *, #1780, .T. ) ;
#889 = DIRECTION ( 'NONE',  ( 1.000000000000000000, 0.0000000000000000000, 0.0000000000000000000 ) ) ;
#890 = DIRECTION ( 'NONE',  ( 0.0000000000000000000, 1.000000000000000000, 9.035018104045873200E-017 ) ) ;
#891 = ORIENTED_EDGE ( 'NONE', *, *, #1064, .F. ) ;
#892 = EDGE_CURVE ( 'NONE', #355, #538, #1349, .T. ) ;
#893 = LINE ( 'NONE', #530, #301 ) ;
#894 = CARTESIAN_POINT ( 'NONE',  ( -5.000000000000000000, 6.123233995736766300E-016, -40.80000000000000400 ) ) ;
#895 = CARTESIAN_POINT ( 'NONE',  ( 1.060902909228469600, 9.807236932875921900, 49.59793178200148800 ) ) ;
#896 = ORIENTED_EDGE ( 'NONE', *, *, #66, .F. ) ;
#897 = VECTOR ( 'NONE', #1407, 1000.000000000000000 ) ;
#898 = DIRECTION ( 'NONE',  ( 0.0000000000000000000, 0.0000000000000000000, 1.000000000000000000 ) ) ;
#899 = FACE_BOUND ( 'NONE', #1347, .T. ) ;
#900 = CARTESIAN_POINT ( 'NONE',  ( 4.336808689942029100E-016, -1.000000000000003600, -43.79999999999999700 ) ) ;
#901 = AXIS2_PLACEMENT_3D ( 'NONE', #279, #1405, #432 ) ;
#902 = EDGE_CURVE ( 'NONE', #755, #1016, #910, .T. ) ;
#903 = DIRECTION ( 'NONE',  ( -0.0000000000000000000, 1.000000000000000000, -0.0000000000000000000 ) ) ;
#904 = VERTEX_POINT ( 'NONE', #394 ) ;
#905 = EDGE_LOOP ( 'NONE', ( #1713, #1239, #956, #1569 ) ) ;
#906 = CARTESIAN_POINT ( 'NONE',  ( 15.50000000000000000, 0.0000000000000000000, 19.00000000000000000 ) ) ;
#907 = AXIS2_PLACEMENT_3D ( 'NONE', #1348, #225, #889 ) ;
#908 = VERTEX_POINT ( 'NONE', #551 ) ;
#909 = ORIENTED_EDGE ( 'NONE', *, *, #42, .T. ) ;
#910 = LINE ( 'NONE', #80, #67 ) ;
#911 = DIRECTION ( 'NONE',  ( -1.000000000000000000, 0.0000000000000000000, 0.0000000000000000000 ) ) ;
#912 = CIRCLE ( 'NONE', #1457, 0.5000000000000004400 ) ;
#913 = CARTESIAN_POINT ( 'NONE',  ( -1.555400643294790400, 4.433056517424808400, 50.37153073542743400 ) ) ;
#914 = VERTEX_POINT ( 'NONE', #1521 ) ;
#915 = AXIS2_PLACEMENT_3D ( 'NONE', #468, #1599, #631 ) ;
#916 = VERTEX_POINT ( 'NONE', #1032 ) ;
#917 = CARTESIAN_POINT ( 'NONE',  ( -6.000000000000000900, 7.000000000000000000, 22.50000000000000000 ) ) ;
#918 = ADVANCED_FACE ( 'NONE', ( #859 ), #707, .F. ) ;
#919 = CARTESIAN_POINT ( 'NONE',  ( 11.50000000000000000, 1.500000000000000000, -37.79999999999999700 ) ) ;
#920 = CARTESIAN_POINT ( 'NONE',  ( 7.749999999999970700, -13.42339375865881500, 19.00000000000000000 ) ) ;
#921 = CARTESIAN_POINT ( 'NONE',  ( 3.000000000000000000, 7.000000000000000000, 28.80000000000000100 ) ) ;
#922 = FACE_OUTER_BOUND ( 'NONE', #1665, .T. ) ;
#923 = CARTESIAN_POINT ( 'NONE',  ( 11.50000000000000000, 0.3201142746380725200, -42.86512203727812700 ) ) ;
#924 = VECTOR ( 'NONE', #691, 1000.000000000000000 ) ;
#925 = CARTESIAN_POINT ( 'NONE',  ( 1.516682984781769800, 9.588792444381027700, 51.32032448037676200 ) ) ;
#926 = DIRECTION ( 'NONE',  ( 0.0000000000000000000, 0.0000000000000000000, 1.000000000000000000 ) ) ;
#927 = AXIS2_PLACEMENT_3D ( 'NONE', #855, #2005, #1015 ) ;
#928 = CARTESIAN_POINT ( 'NONE',  ( -12.00000000000000000, 0.3201142746380725200, -42.86512203727812700 ) ) ;
#929 = ADVANCED_FACE ( 'NONE', ( #1302 ), #15, .T. ) ;
#930 = ORIENTED_EDGE ( 'NONE', *, *, #1380, .T. ) ;
#931 = CARTESIAN_POINT ( 'NONE',  ( -1.000000000000000000, 1.224646799147353200E-016, -49.80000000000000400 ) ) ;
#932 = EDGE_CURVE ( 'NONE', #1520, #2060, #430, .T. ) ;
#933 = VERTEX_POINT ( 'NONE', #1688 ) ;
#934 = CARTESIAN_POINT ( 'NONE',  ( 6.000000000000000900, 7.000000000000000900, 22.50000000000000000 ) ) ;
#935 = EDGE_LOOP ( 'NONE', ( #1589, #1402 ) ) ;
#936 = DIRECTION ( 'NONE',  ( 1.000000000000000000, -0.0000000000000000000, -0.0000000000000000000 ) ) ;
#937 = DIRECTION ( 'NONE',  ( -0.0000000000000000000, -0.0000000000000000000, 1.000000000000000000 ) ) ;
#938 = FACE_OUTER_BOUND ( 'NONE', #967, .T. ) ;
#939 = CARTESIAN_POINT ( 'NONE',  ( -12.00000000000000000, 0.9999999999999991100, -43.79999999999999700 ) ) ;
#940 = DIRECTION ( 'NONE',  ( -1.000000000000000000, -0.0000000000000000000, -0.0000000000000000000 ) ) ;
#941 = DIRECTION ( 'NONE',  ( 1.000000000000000000, 0.0000000000000000000, 0.0000000000000000000 ) ) ;
#942 = CIRCLE ( 'NONE', #1285, 18.30000000000005000 ) ;
#943 = AXIS2_PLACEMENT_3D ( 'NONE', #792, #1446, #476 ) ;
#944 = ADVANCED_FACE ( 'NONE', ( #1674 ), #652, .F. ) ;
#945 = ORIENTED_EDGE ( 'NONE', *, *, #1439, .F. ) ;
#946 = AXIS2_PLACEMENT_3D ( 'NONE', #1204, #1529, #559 ) ;
#947 = DIRECTION ( 'NONE',  ( 1.000000000000000000, 0.0000000000000000000, 0.0000000000000000000 ) ) ;
#948 = DIRECTION ( 'NONE',  ( 1.000000000000000000, 4.336808689942014300E-016, -0.0000000000000000000 ) ) ;
#949 = DIRECTION ( 'NONE',  ( 1.000000000000000000, 0.0000000000000000000, 0.0000000000000000000 ) ) ;
#950 = AXIS2_PLACEMENT_3D ( 'NONE', #1919, #936, #2085 ) ;
#951 = FACE_OUTER_BOUND ( 'NONE', #453, .T. ) ;
#952 = FACE_OUTER_BOUND ( 'NONE', #86, .T. ) ;
#953 = ADVANCED_FACE ( 'NONE', ( #487 ), #1165, .F. ) ;
#954 = CARTESIAN_POINT ( 'NONE',  ( -9.350000000000065400, -13.42339375865876100, 19.00000000000000000 ) ) ;
#955 = DIRECTION ( 'NONE',  ( -0.0000000000000000000, 0.0000000000000000000, 1.000000000000000000 ) ) ;
#956 = ORIENTED_EDGE ( 'NONE', *, *, #153, .T. ) ;
#957 = ORIENTED_EDGE ( 'NONE', *, *, #1121, .F. ) ;
#958 = EDGE_CURVE ( 'NONE', #238, #1470, #1463, .T. ) ;
#959 = ORIENTED_EDGE ( 'NONE', *, *, #1451, .F. ) ;
#960 = DIRECTION ( 'NONE',  ( 0.0000000000000000000, 0.0000000000000000000, -1.000000000000000000 ) ) ;
#961 = ORIENTED_EDGE ( 'NONE', *, *, #1950, .F. ) ;
#962 = LINE ( 'NONE', #237, #1783 ) ;
#963 = CYLINDRICAL_SURFACE ( 'NONE', #1669, 1.599999999999999900 ) ;
#964 = SURFACE_SIDE_STYLE ('',( #393 ) ) ;
#965 = CARTESIAN_POINT ( 'NONE',  ( -12.00000000000000000, -0.9999999999999974500, -44.29999999999999700 ) ) ;
#966 = ORIENTED_EDGE ( 'NONE', *, *, #738, .T. ) ;
#967 = EDGE_LOOP ( 'NONE', ( #1621, #60, #247, #1057 ) ) ;
#968 = ADVANCED_FACE ( 'NONE', ( #1023 ), #1847, .T. ) ;
#969 = DIRECTION ( 'NONE',  ( -1.000000000000000000, -0.0000000000000000000, -0.0000000000000000000 ) ) ;
#970 = EDGE_CURVE ( 'NONE', #916, #7, #233, .T. ) ;
#971 = DIRECTION ( 'NONE',  ( -0.0000000000000000000, 0.0000000000000000000, 1.000000000000000000 ) ) ;
#972 = LINE ( 'NONE', #2083, #130 ) ;
#973 = FACE_OUTER_BOUND ( 'NONE', #1997, .T. ) ;
#974 = CARTESIAN_POINT ( 'NONE',  ( -0.2154855298630250800, 3.999999999999999100, 52.39999999999999900 ) ) ;
#975 = FACE_OUTER_BOUND ( 'NONE', #398, .T. ) ;
#976 = ADVANCED_FACE ( 'NONE', ( #975 ), #220, .F. ) ;
#977 = CARTESIAN_POINT ( 'NONE',  ( -11.50000000000000000, 0.3201142746380725200, -42.86512203727812700 ) ) ;
#978 = CARTESIAN_POINT ( 'NONE',  ( 12.00000000000000000, 0.0000000000000000000, -43.18523631191619900 ) ) ;
#979 = CARTESIAN_POINT ( 'NONE',  ( -0.2137819673928409200, 9.994192176759792500, 52.38918416237444800 ) ) ;
#980 = ORIENTED_EDGE ( 'NONE', *, *, #1849, .T. ) ;
#981 = ORIENTED_EDGE ( 'NONE', *, *, #1816, .F. ) ;
#982 = ORIENTED_EDGE ( 'NONE', *, *, #1983, .F. ) ;
#983 = CARTESIAN_POINT ( 'NONE',  ( -12.00000000000000000, 0.0000000000000000000, -42.86512203727812700 ) ) ;
#984 = AXIS2_PLACEMENT_3D ( 'NONE', #298, #1432, #456 ) ;
#985 = VERTEX_POINT ( 'NONE', #1499 ) ;
#986 = DIRECTION ( 'NONE',  ( -0.0000000000000000000, 0.0000000000000000000, 1.000000000000000000 ) ) ;
#987 = CARTESIAN_POINT ( 'NONE',  ( -1.547377537721357200, 9.570258095336056300, 50.37950195690268600 ) ) ;
#988 = VECTOR ( 'NONE', #659, 1000.000000000000000 ) ;
#989 = EDGE_CURVE ( 'NONE', #355, #486, #1410, .T. ) ;
#990 = FACE_OUTER_BOUND ( 'NONE', #1163, .T. ) ;
#991 = CARTESIAN_POINT ( 'NONE',  ( -11.50000000000000000, 0.0000000000000000000, -42.86512203727812700 ) ) ;
#992 = ORIENTED_EDGE ( 'NONE', *, *, #1330, .T. ) ;
#993 = EDGE_CURVE ( 'NONE', #1891, #1320, #1901, .T. ) ;
#994 = ORIENTED_EDGE ( 'NONE', *, *, #391, .F. ) ;
#995 = EDGE_CURVE ( 'NONE', #1354, #1401, #1802, .T. ) ;
#996 = LINE ( 'NONE', #563, #1825 ) ;
#997 = LINE ( 'NONE', #1516, #161 ) ;
#998 = DIRECTION ( 'NONE',  ( -1.000000000000000000, 0.0000000000000000000, 0.0000000000000000000 ) ) ;
#999 = ORIENTED_EDGE ( 'NONE', *, *, #773, .T. ) ;
#1000 = ORIENTED_EDGE ( 'NONE', *, *, #228, .T. ) ;
#1001 = CARTESIAN_POINT ( 'NONE',  ( 0.0000000000000000000, 0.0000000000000000000, 0.0000000000000000000 ) ) ;
#1002 = AXIS2_PLACEMENT_3D ( 'NONE', #599, #1743, #766 ) ;
#1003 = VERTEX_POINT ( 'NONE', #496 ) ;
#1004 = EDGE_CURVE ( 'NONE', #473, #1937, #77, .T. ) ;
#1005 = CARTESIAN_POINT ( 'NONE',  ( -18.30000000000005000, 0.0000000000000000000, 22.50000000000000000 ) ) ;
#1006 = CARTESIAN_POINT ( 'NONE',  ( 12.00000000000000000, -0.3201142746380725200, -42.86512203727812700 ) ) ;
#1007 = ORIENTED_EDGE ( 'NONE', *, *, #2055, .F. ) ;
#1008 = CONICAL_SURFACE ( 'NONE', #1547, 2.799999999999997200, 0.7853981633974418400 ) ;
#1009 = CARTESIAN_POINT ( 'NONE',  ( 0.0000000000000000000, 7.000000000000000000, 58.79999999999999700 ) ) ;
#1010 = CIRCLE ( 'NONE', #1350, 3.000000000000000000 ) ;
#1011 = AXIS2_PLACEMENT_3D ( 'NONE', #1843, #73, #1189 ) ;
#1012 = VERTEX_POINT ( 'NONE', #821 ) ;
#1013 = DIRECTION ( 'NONE',  ( -0.7071067811865414700, 0.0000000000000000000, -0.7071067811865536800 ) ) ;
#1014 = DIRECTION ( 'NONE',  ( 4.336808689942014300E-016, 1.000000000000000000, 0.0000000000000000000 ) ) ;
#1015 = DIRECTION ( 'NONE',  ( -1.000000000000000000, 0.0000000000000000000, 0.0000000000000000000 ) ) ;
#1016 = VERTEX_POINT ( 'NONE', #336 ) ;
#1017 = PLANE ( 'NONE',  #1887 ) ;
#1018 = LINE ( 'NONE', #2091, #499 ) ;
#1019 = FACE_OUTER_BOUND ( 'NONE', #2018, .T. ) ;
#1020 = AXIS2_PLACEMENT_3D ( 'NONE', #1941, #955, #2104 ) ;
#1021 = CARTESIAN_POINT ( 'NONE',  ( 11.50000000000000000, 0.0000000000000000000, -42.86512203727812700 ) ) ;
#1022 = DIRECTION ( 'NONE',  ( -0.0000000000000000000, -0.0000000000000000000, 1.000000000000000000 ) ) ;
#1023 = FACE_OUTER_BOUND ( 'NONE', #1168, .T. ) ;
#1024 = PLANE ( 'NONE',  #1011 ) ;
#1025 = CARTESIAN_POINT ( 'NONE',  ( 9.350000000000061800, 13.42339375865876500, 19.00000000000000000 ) ) ;
#1026 = CARTESIAN_POINT ( 'NONE',  ( -7.750000000000064800, -13.42339375865876100, 19.00000000000000000 ) ) ;
#1027 = VERTEX_POINT ( 'NONE', #1965 ) ;
#1028 = DIRECTION ( 'NONE',  ( -0.0000000000000000000, -0.0000000000000000000, 1.000000000000000000 ) ) ;
#1029 = ORIENTED_EDGE ( 'NONE', *, *, #9, .F. ) ;
#1030 = ORIENTED_EDGE ( 'NONE', *, *, #1967, .F. ) ;
#1031 = DIRECTION ( 'NONE',  ( 0.0000000000000000000, 0.0000000000000000000, 1.000000000000000000 ) ) ;
#1032 = CARTESIAN_POINT ( 'NONE',  ( -11.50000000000000000, -0.3201142746380727900, -41.66512203727812400 ) ) ;
#1033 = AXIS2_PLACEMENT_3D ( 'NONE', #1050, #100, #1218 ) ;
#1034 = VECTOR ( 'NONE', #1951, 1000.000000000000000 ) ;
#1035 = CARTESIAN_POINT ( 'NONE',  ( 0.5240515118176070100, 4.044476682227810600, 52.31537241513644400 ) ) ;
#1036 = EDGE_CURVE ( 'NONE', #578, #1631, #1316, .T. ) ;
#1037 = CIRCLE ( 'NONE', #206, 0.3201142746380725200 ) ;
#1038 = ORIENTED_EDGE ( 'NONE', *, *, #781, .T. ) ;
#1039 = DIRECTION ( 'NONE',  ( 0.0000000000000000000, -0.0000000000000000000, -1.000000000000000000 ) ) ;
#1040 = PLANE ( 'NONE',  #722 ) ;
#1041 = CARTESIAN_POINT ( 'NONE',  ( 1.394283453788841100, 4.342058745128776200, 49.98764222744355100 ) ) ;
#1042 = AXIS2_PLACEMENT_3D ( 'NONE', #1774, #800, #1945 ) ;
#1043 = DIRECTION ( 'NONE',  ( 0.0000000000000000000, 0.0000000000000000000, 1.000000000000000000 ) ) ;
#1044 = PRESENTATION_STYLE_ASSIGNMENT (( #274 ) ) ;
#1045 = VERTEX_POINT ( 'NONE', #1797 ) ;
#1046 = CIRCLE ( 'NONE', #708, 1.599999999999999900 ) ;
#1047 = VECTOR ( 'NONE', #696, 1000.000000000000000 ) ;
#1048 = PLANE ( 'NONE',  #57 ) ;
#1049 = DIRECTION ( 'NONE',  ( -1.000000000000000000, 0.0000000000000000000, 0.0000000000000000000 ) ) ;
#1050 = CARTESIAN_POINT ( 'NONE',  ( 0.0000000000000000000, 0.0000000000000000000, -40.80000000000000400 ) ) ;
#1051 = VERTEX_POINT ( 'NONE', #1624 ) ;
#1052 = AXIS2_PLACEMENT_3D ( 'NONE', #1852, #1515, #1257 ) ;
#1053 = ORIENTED_EDGE ( 'NONE', *, *, #1723, .F. ) ;
#1054 = CARTESIAN_POINT ( 'NONE',  ( -12.00000000000000000, 1.499999999999999100, -37.79999999999999700 ) ) ;
#1055 = VERTEX_POINT ( 'NONE', #191 ) ;
#1056 = CARTESIAN_POINT ( 'NONE',  ( 1.395128836210329800, 9.657458472727562100, 49.98977003127530600 ) ) ;
#1057 = ORIENTED_EDGE ( 'NONE', *, *, #2092, .T. ) ;
#1058 = CARTESIAN_POINT ( 'NONE',  ( -15.50000000000000000, 0.0000000000000000000, 19.00000000000000000 ) ) ;
#1059 = VERTEX_POINT ( 'NONE', #1142 ) ;
#1060 = DIRECTION ( 'NONE',  ( -0.0000000000000000000, 0.0000000000000000000, 1.000000000000000000 ) ) ;
#1061 = DIRECTION ( 'NONE',  ( 0.0000000000000000000, 0.0000000000000000000, -1.000000000000000000 ) ) ;
#1062 = FACE_OUTER_BOUND ( 'NONE', #388, .T. ) ;
#1063 = CYLINDRICAL_SURFACE ( 'NONE', #907, 1.599999999999997200 ) ;
#1064 = EDGE_CURVE ( 'NONE', #306, #2012, #872, .T. ) ;
#1065 = ORIENTED_EDGE ( 'NONE', *, *, #526, .T. ) ;
#1066 = VERTEX_POINT ( 'NONE', #503 ) ;
#1067 = CARTESIAN_POINT ( 'NONE',  ( -11.50000000000000000, 1.499999999999999100, -37.79999999999999700 ) ) ;
#1068 = LINE ( 'NONE', #868, #1127 ) ;
#1069 = DIRECTION ( 'NONE',  ( 0.0000000000000000000, 0.0000000000000000000, 1.000000000000000000 ) ) ;
#1070 = VECTOR ( 'NONE', #1270, 1000.000000000000000 ) ;
#1071 = CARTESIAN_POINT ( 'NONE',  ( -1.600155697571245000, 4.462382657259086100, 50.90373208242203200 ) ) ;
#1072 = CARTESIAN_POINT ( 'NONE',  ( 11.50000000000000000, 0.0000000000000000000, -43.18523631191619900 ) ) ;
#1073 = AXIS2_PLACEMENT_3D ( 'NONE', #521, #1654, #998 ) ;
#1074 = CARTESIAN_POINT ( 'NONE',  ( -12.00000000000000000, -1.626303258728256700E-016, -41.66512203727812400 ) ) ;
#1075 = ADVANCED_FACE ( 'NONE', ( #188 ), #1687, .F. ) ;
#1076 = CARTESIAN_POINT ( 'NONE',  ( -11.50000000000000000, 0.3201142746380725200, -42.86512203727812700 ) ) ;
#1077 = ORIENTED_EDGE ( 'NONE', *, *, #1539, .F. ) ;
#1078 = EDGE_CURVE ( 'NONE', #1051, #1994, #31, .T. ) ;
#1079 = DIRECTION ( 'NONE',  ( 0.0000000000000000000, 0.0000000000000000000, 1.000000000000000000 ) ) ;
#1080 = ORIENTED_EDGE ( 'NONE', *, *, #391, .T. ) ;
#1081 = DIRECTION ( 'NONE',  ( 1.000000000000000000, 0.0000000000000000000, 0.0000000000000000000 ) ) ;
#1082 = VERTEX_POINT ( 'NONE', #348 ) ;
#1083 = EDGE_LOOP ( 'NONE', ( #463, #262, #2031, #1722 ) ) ;
#1084 = DIRECTION ( 'NONE',  ( 1.000000000000000000, 0.0000000000000000000, 0.0000000000000000000 ) ) ;
#1085 = ORIENTED_EDGE ( 'NONE', *, *, #1203, .F. ) ;
#1086 = CARTESIAN_POINT ( 'NONE',  ( 1.959434878635763500E-016, -18.50000000000000000, 49.20000000000000300 ) ) ;
#1087 = CARTESIAN_POINT ( 'NONE',  ( 1.277769151386503300, 9.718786846681871000, 51.78459218596582000 ) ) ;
#1088 = ADVANCED_FACE ( 'NONE', ( #502 ), #395, .F. ) ;
#1089 = CARTESIAN_POINT ( 'NONE',  ( -6.150000000000065200, -13.42339375865876100, 19.00000000000000000 ) ) ;
#1090 = CIRCLE ( 'NONE', #1379, 1.599999999999999900 ) ;
#1091 = VECTOR ( 'NONE', #969, 1000.000000000000000 ) ;
#1092 = DIRECTION ( 'NONE',  ( 0.0000000000000000000, 0.0000000000000000000, 1.000000000000000000 ) ) ;
#1093 = EDGE_LOOP ( 'NONE', ( #1325, #1851, #318, #857 ) ) ;
#1094 = DIRECTION ( 'NONE',  ( 0.0000000000000000000, 0.0000000000000000000, -1.000000000000000000 ) ) ;
#1095 = CARTESIAN_POINT ( 'NONE',  ( -17.10000000000000100, 1.959434878635768700E-016, 19.00000000000000000 ) ) ;
#1096 = EDGE_CURVE ( 'NONE', #1593, #215, #446, .T. ) ;
#1097 = DIRECTION ( 'NONE',  ( -0.0000000000000000000, -0.0000000000000000000, 1.000000000000000000 ) ) ;
#1098 = ADVANCED_FACE ( 'NONE', ( #1638, #1362 ), #350, .T. ) ;
#1099 = VECTOR ( 'NONE', #269, 1000.000000000000000 ) ;
#1100 = SHAPE_DEFINITION_REPRESENTATION ( #641, #1497 ) ;
#1101 = DIRECTION ( 'NONE',  ( 0.0000000000000000000, 1.807003620809174600E-016, -1.000000000000000000 ) ) ;
#1102 = EDGE_LOOP ( 'NONE', ( #680, #1309, #152, #195 ) ) ;
#1103 = DIRECTION ( 'NONE',  ( 0.0000000000000000000, 0.0000000000000000000, -1.000000000000000000 ) ) ;
#1104 = FACE_OUTER_BOUND ( 'NONE', #1491, .T. ) ;
#1105 = CARTESIAN_POINT ( 'NONE',  ( 2.799999999999997200, 7.000000000000000000, 58.79999999999999700 ) ) ;
#1106 = CARTESIAN_POINT ( 'NONE',  ( 12.00000000000000000, 1.000000000000000000, -44.29999999999999700 ) ) ;
#1107 = LINE ( 'NONE', #1351, #1047 ) ;
#1108 = EDGE_CURVE ( 'NONE', #985, #914, #2082, .T. ) ;
#1109 = ORIENTED_EDGE ( 'NONE', *, *, #457, .F. ) ;
#1110 = DIRECTION ( 'NONE',  ( 0.0000000000000000000, 0.0000000000000000000, -1.000000000000000000 ) ) ;
#1111 = EDGE_CURVE ( 'NONE', #14, #1264, #828, .T. ) ;
#1112 = CARTESIAN_POINT ( 'NONE',  ( 14.50000000000000000, 0.0000000000000000000, 0.0000000000000000000 ) ) ;
#1113 = ORIENTED_EDGE ( 'NONE', *, *, #2055, .T. ) ;
#1114 = CARTESIAN_POINT ( 'NONE',  ( 15.50000000000000000, 0.0000000000000000000, 22.50000000000000000 ) ) ;
#1115 = ADVANCED_FACE ( 'NONE', ( #2025 ), #494, .T. ) ;
#1116 = EDGE_LOOP ( 'NONE', ( #699, #47, #175, #1113 ) ) ;
#1117 = ORIENTED_EDGE ( 'NONE', *, *, #491, .F. ) ;
#1118 = VECTOR ( 'NONE', #1412, 1000.000000000000000 ) ;
#1119 = DIRECTION ( 'NONE',  ( -0.0000000000000000000, -0.0000000000000000000, 1.000000000000000000 ) ) ;
#1120 = FACE_OUTER_BOUND ( 'NONE', #240, .T. ) ;
#1121 = EDGE_CURVE ( 'NONE', #507, #366, #718, .T. ) ;
#1122 = ORIENTED_EDGE ( 'NONE', *, *, #523, .T. ) ;
#1123 = EDGE_LOOP ( 'NONE', ( #808, #992, #1561, #703 ) ) ;
#1124 = CARTESIAN_POINT ( 'NONE',  ( 0.0000000000000000000, 0.0000000000000000000, -49.80000000000000400 ) ) ;
#1125 = DIRECTION ( 'NONE',  ( 0.0000000000000000000, 0.0000000000000000000, 1.000000000000000000 ) ) ;
#1126 = AXIS2_PLACEMENT_3D ( 'NONE', #1473, #505, #1634 ) ;
#1127 = VECTOR ( 'NONE', #2016, 1000.000000000000000 ) ;
#1128 = FACE_BOUND ( 'NONE', #2099, .T. ) ;
#1129 =( LENGTH_UNIT ( ) NAMED_UNIT ( * ) SI_UNIT ( .MILLI., .METRE. ) );
#1130 = ADVANCED_FACE ( 'NONE', ( #300 ), #674, .T. ) ;
#1131 = CARTESIAN_POINT ( 'NONE',  ( 12.00000000000000000, 1.500000000000000000, -44.29999999999999700 ) ) ;
#1132 = CARTESIAN_POINT ( 'NONE',  ( 11.50000000000000000, -1.499999999999998200, -44.29999999999999700 ) ) ;
#1133 = ORIENTED_EDGE ( 'NONE', *, *, #183, .F. ) ;
#1134 = ORIENTED_EDGE ( 'NONE', *, *, #1651, .T. ) ;
#1135 = AXIS2_PLACEMENT_3D ( 'NONE', #4, #1125, #178 ) ;
#1136 = CARTESIAN_POINT ( 'NONE',  ( -15.50000000000000000, 0.0000000000000000000, 19.00000000000000000 ) ) ;
#1137 = ORIENTED_EDGE ( 'NONE', *, *, #1875, .T. ) ;
#1138 = DIRECTION ( 'NONE',  ( -0.0000000000000000000, -0.0000000000000000000, 1.000000000000000000 ) ) ;
#1139 = DIRECTION ( 'NONE',  ( -0.0000000000000000000, 1.000000000000000000, -0.0000000000000000000 ) ) ;
#1140 = ORIENTED_EDGE ( 'NONE', *, *, #95, .T. ) ;
#1141 = ADVANCED_FACE ( 'NONE', ( #1980, #1104 ), #1465, .F. ) ;
#1142 = CARTESIAN_POINT ( 'NONE',  ( 12.00000000000000000, -0.3201142746380727400, -41.66512203727812400 ) ) ;
#1143 = FACE_OUTER_BOUND ( 'NONE', #528, .T. ) ;
#1144 = DIRECTION ( 'NONE',  ( 1.000000000000000000, 0.0000000000000000000, 0.0000000000000000000 ) ) ;
#1145 = EDGE_LOOP ( 'NONE', ( #402, #138, #1065, #2063 ) ) ;
#1146 = CARTESIAN_POINT ( 'NONE',  ( 0.0000000000000000000, 0.0000000000000000000, -40.80000000000000400 ) ) ;
#1147 = CARTESIAN_POINT ( 'NONE',  ( -0.5240515118176070100, 9.955523317772192000, 52.31537241513643000 ) ) ;
#1148 = ORIENTED_EDGE ( 'NONE', *, *, #249, .T. ) ;
#1149 = AXIS2_PLACEMENT_3D ( 'NONE', #2046, #1060, #109 ) ;
#1150 = DIRECTION ( 'NONE',  ( 0.0000000000000000000, 0.0000000000000000000, -1.000000000000000000 ) ) ;
#1151 = EDGE_CURVE ( 'NONE', #933, #2057, #253, .T. ) ;
#1152 = DIRECTION ( 'NONE',  ( 1.000000000000000000, 0.0000000000000000000, 0.0000000000000000000 ) ) ;
#1153 = COLOUR_RGB ( '',0.7921568627450980000, 0.8196078431372548800, 0.9333333333333333500 ) ;
#1154 = CARTESIAN_POINT ( 'NONE',  ( -1.394283453788840900, 9.657941254871222000, 49.98764222744354400 ) ) ;
#1155 = VECTOR ( 'NONE', #1952, 1000.000000000000000 ) ;
#1156 = VECTOR ( 'NONE', #536, 1000.000000000000000 ) ;
#1157 = CARTESIAN_POINT ( 'NONE',  ( 0.0000000000000000000, 7.000000000000000000, 58.79999999999999700 ) ) ;
#1158 = AXIS2_PLACEMENT_3D ( 'NONE', #1776, #1119, #165 ) ;
#1159 = VERTEX_POINT ( 'NONE', #498 ) ;
#1160 = EDGE_CURVE ( 'NONE', #1159, #180, #775, .T. ) ;
#1161 = VERTEX_POINT ( 'NONE', #28 ) ;
#1162 = VERTEX_POINT ( 'NONE', #978 ) ;
#1163 = EDGE_LOOP ( 'NONE', ( #531, #630, #1681, #584 ) ) ;
#1164 = LINE ( 'NONE', #441, #1118 ) ;
#1165 = PLANE ( 'NONE',  #750 ) ;
#1166 = CIRCLE ( 'NONE', #480, 5.800000000000012300 ) ;
#1167 = ORIENTED_EDGE ( 'NONE', *, *, #214, .F. ) ;
#1168 = EDGE_LOOP ( 'NONE', ( #1186, #1296, #1478, #729 ) ) ;
#1169 = DIRECTION ( 'NONE',  ( 1.000000000000000000, 0.0000000000000000000, 0.0000000000000000000 ) ) ;
#1170 = CARTESIAN_POINT ( 'NONE',  ( 13.89999999999999700, 1.959434878635767400E-016, 19.00000000000000000 ) ) ;
#1171 = EDGE_CURVE ( 'NONE', #1354, #337, #1527, .T. ) ;
#1172 = LINE ( 'NONE', #1170, #1550 ) ;
#1173 = DIRECTION ( 'NONE',  ( 1.000000000000000000, 0.0000000000000000000, 0.0000000000000000000 ) ) ;
#1174 = LINE ( 'NONE', #1904, #897 ) ;
#1175 = VECTOR ( 'NONE', #2073, 1000.000000000000000 ) ;
#1176 = CARTESIAN_POINT ( 'NONE',  ( -11.50000000000000000, -1.499999999999997300, -44.29999999999999700 ) ) ;
#1177 = CARTESIAN_POINT ( 'NONE',  ( -3.000000000000000000, 7.000000000000000000, 58.79999999999999700 ) ) ;
#1178 = CARTESIAN_POINT ( 'NONE',  ( 11.50000000000000000, 0.0000000000000000000, -42.86512203727812700 ) ) ;
#1179 = DIRECTION ( 'NONE',  ( -0.0000000000000000000, 1.000000000000000000, -0.0000000000000000000 ) ) ;
#1180 = ORIENTED_EDGE ( 'NONE', *, *, #504, .F. ) ;
#1181 = EDGE_LOOP ( 'NONE', ( #313, #2090, #224, #564 ) ) ;
#1182 = DIRECTION ( 'NONE',  ( 1.000000000000000000, 0.0000000000000000000, 0.0000000000000000000 ) ) ;
#1183 = AXIS2_PLACEMENT_3D ( 'NONE', #365, #529, #1664 ) ;
#1184 = UNCERTAINTY_MEASURE_WITH_UNIT (LENGTH_MEASURE( 1.000000000000000100E-005 ), #323, 'distance_accuracy_value', 'NONE');
#1185 = EDGE_LOOP ( 'NONE', ( #84, #735, #1445, #660 ) ) ;
#1186 = ORIENTED_EDGE ( 'NONE', *, *, #1992, .T. ) ;
#1187 = DIRECTION ( 'NONE',  ( 0.0000000000000000000, 0.0000000000000000000, -1.000000000000000000 ) ) ;
#1188 = EDGE_CURVE ( 'NONE', #1558, #203, #1483, .T. ) ;
#1189 = DIRECTION ( 'NONE',  ( 0.0000000000000000000, 0.0000000000000000000, -1.000000000000000000 ) ) ;
#1190 = VECTOR ( 'NONE', #1139, 1000.000000000000000 ) ;
#1191 = DIRECTION ( 'NONE',  ( -0.0000000000000000000, -0.0000000000000000000, 1.000000000000000000 ) ) ;
#1192 = ORIENTED_EDGE ( 'NONE', *, *, #877, .F. ) ;
#1193 = DIRECTION ( 'NONE',  ( 1.000000000000000000, 0.0000000000000000000, 0.0000000000000000000 ) ) ;
#1194 = ORIENTED_EDGE ( 'NONE', *, *, #1429, .F. ) ;
#1195 = DIRECTION ( 'NONE',  ( 1.000000000000000000, -0.0000000000000000000, -0.0000000000000000000 ) ) ;
#1196 = CARTESIAN_POINT ( 'NONE',  ( 0.0000000000000000000, 0.0000000000000000000, 22.50000000000000000 ) ) ;
#1197 = VECTOR ( 'NONE', #261, 1000.000000000000000 ) ;
#1198 = AXIS2_PLACEMENT_3D ( 'NONE', #2077, #1259, #295 ) ;
#1199 = CARTESIAN_POINT ( 'NONE',  ( 0.9883779501259929400, 4.163191875467574300, 52.07476111060479000 ) ) ;
#1200 = ORIENTED_EDGE ( 'NONE', *, *, #2100, .F. ) ;
#1201 = VECTOR ( 'NONE', #184, 1000.000000000000000 ) ;
#1202 = DIRECTION ( 'NONE',  ( 0.0000000000000000000, 0.0000000000000000000, -1.000000000000000000 ) ) ;
#1203 = EDGE_CURVE ( 'NONE', #1677, #904, #1046, .T. ) ;
#1204 = CARTESIAN_POINT ( 'NONE',  ( 7.749999999999970700, -13.42339375865881500, 19.00000000000000000 ) ) ;
#1205 = EDGE_LOOP ( 'NONE', ( #778, #576, #1985, #1306 ) ) ;
#1206 = CARTESIAN_POINT ( 'NONE',  ( 0.9871085807068205000, 4.162740450618116500, 49.52424589068684900 ) ) ;
#1207 = ORIENTED_EDGE ( 'NONE', *, *, #1849, .F. ) ;
#1208 = VERTEX_POINT ( 'NONE', #1373 ) ;
#1209 = CARTESIAN_POINT ( 'NONE',  ( 11.50000000000000000, -1.499999999999998200, -43.79999999999999700 ) ) ;
#1210 = EDGE_LOOP ( 'NONE', ( #841, #258, #374, #35 ) ) ;
#1211 = EDGE_CURVE ( 'NONE', #1082, #914, #1868, .T. ) ;
#1212 = FACE_OUTER_BOUND ( 'NONE', #1777, .T. ) ;
#1213 = DIRECTION ( 'NONE',  ( 1.000000000000000000, 0.0000000000000000000, 0.0000000000000000000 ) ) ;
#1214 = CARTESIAN_POINT ( 'NONE',  ( 2.747135710161824400E-013, 10.00000000000133800, 49.19999999999748800 ) ) ;
#1215 = CARTESIAN_POINT ( 'NONE',  ( -0.1064531476279315900, 4.000000000000018700, 49.20000000000003100 ) ) ;
#1216 = EDGE_CURVE ( 'NONE', #1344, #22, #1928, .T. ) ;
#1217 = VECTOR ( 'NONE', #1097, 1000.000000000000000 ) ;
#1218 = DIRECTION ( 'NONE',  ( -1.000000000000000000, 0.0000000000000000000, -0.0000000000000000000 ) ) ;
#1219 = DIRECTION ( 'NONE',  ( 0.0000000000000000000, 0.0000000000000000000, 1.000000000000000000 ) ) ;
#1220 = VERTEX_POINT ( 'NONE', #1209 ) ;
#1221 = EDGE_LOOP ( 'NONE', ( #1509, #408 ) ) ;
#1222 = CARTESIAN_POINT ( 'NONE',  ( 1.599683319629259200, 9.537915171060028300, 50.58541276255743200 ) ) ;
#1223 = CARTESIAN_POINT ( 'NONE',  ( 7.749999999999970700, -13.42339375865881500, 19.00000000000000000 ) ) ;
#1224 = CARTESIAN_POINT ( 'NONE',  ( 12.00000000000000000, -0.3201142746380725200, -42.86512203727812700 ) ) ;
#1225 = FACE_OUTER_BOUND ( 'NONE', #1909, .T. ) ;
#1226 = AXIS2_PLACEMENT_3D ( 'NONE', #1241, #1556, #593 ) ;
#1227 = CARTESIAN_POINT ( 'NONE',  ( 11.50000000000000000, 0.3201142746380725200, -42.86512203727812700 ) ) ;
#1228 = EDGE_CURVE ( 'NONE', #1404, #215, #996, .T. ) ;
#1229 = VERTEX_POINT ( 'NONE', #1703 ) ;
#1230 = FACE_OUTER_BOUND ( 'NONE', #1390, .T. ) ;
#1231 = LINE ( 'NONE', #923, #373 ) ;
#1232 = CARTESIAN_POINT ( 'NONE',  ( 0.0000000000000000000, 7.000000000000000000, 28.80000000000000100 ) ) ;
#1233 = CARTESIAN_POINT ( 'NONE',  ( 6.150000000000062500, 13.42339375865876500, 19.00000000000000000 ) ) ;
#1234 = ORIENTED_EDGE ( 'NONE', *, *, #1838, .T. ) ;
#1235 = EDGE_LOOP ( 'NONE', ( #820, #510 ) ) ;
#1236 = SURFACE_SIDE_STYLE ('',( #1482 ) ) ;
#1237 = AXIS2_PLACEMENT_3D ( 'NONE', #1512, #704, #1850 ) ;
#1238 = ORIENTED_EDGE ( 'NONE', *, *, #354, .F. ) ;
#1239 = ORIENTED_EDGE ( 'NONE', *, *, #183, .T. ) ;
#1240 = ADVANCED_FACE ( 'NONE', ( #1384, #565 ), #2036, .T. ) ;
#1241 = CARTESIAN_POINT ( 'NONE',  ( 0.0000000000000000000, 7.000000000000000000, 28.80000000000000100 ) ) ;
#1242 = CARTESIAN_POINT ( 'NONE',  ( -9.349999999999962300, 13.42339375865881700, 19.00000000000000000 ) ) ;
#1243 = EDGE_LOOP ( 'NONE', ( #189, #484 ) ) ;
#1244 = CARTESIAN_POINT ( 'NONE',  ( -1.547553861396862700, 4.429848008955127100, 51.21992956256861600 ) ) ;
#1245 = DIRECTION ( 'NONE',  ( 1.000000000000000000, -0.0000000000000000000, -0.0000000000000000000 ) ) ;
#1246 = DIRECTION ( 'NONE',  ( 0.0000000000000000000, 0.0000000000000000000, -1.000000000000000000 ) ) ;
#1247 = FACE_OUTER_BOUND ( 'NONE', #1221, .T. ) ;
#1248 = CARTESIAN_POINT ( 'NONE',  ( -9.350000000000065400, -13.42339375865876100, 19.00000000000000000 ) ) ;
#1249 = EDGE_LOOP ( 'NONE', ( #682, #357 ) ) ;
#1250 = CARTESIAN_POINT ( 'NONE',  ( -11.50000000000000000, -1.626303258728256700E-016, -41.66512203727812400 ) ) ;
#1251 = ORIENTED_EDGE ( 'NONE', *, *, #1539, .T. ) ;
#1252 = CARTESIAN_POINT ( 'NONE',  ( -3.000000000000000000, 7.000000000000000000, 58.59999999999999400 ) ) ;
#1253 = ADVANCED_FACE ( 'NONE', ( #158 ), #1770, .T. ) ;
#1254 = CARTESIAN_POINT ( 'NONE',  ( 0.9815146604649978000, 9.836317571334239700, 52.06780648088994900 ) ) ;
#1256 = DIRECTION ( 'NONE',  ( -1.000000000000000000, 0.0000000000000000000, 0.0000000000000000000 ) ) ;
#1255 = FACE_OUTER_BOUND ( 'NONE', #364, .T. ) ;
#1257 = DIRECTION ( 'NONE',  ( -1.000000000000000000, 0.0000000000000000000, 0.0000000000000000000 ) ) ;
#1258 = AXIS2_PLACEMENT_3D ( 'NONE', #1387, #411, #259 ) ;
#1259 = DIRECTION ( 'NONE',  ( 1.000000000000000000, -0.0000000000000000000, -0.0000000000000000000 ) ) ;
#1260 = VECTOR ( 'NONE', #646, 1000.000000000000000 ) ;
#1261 = EDGE_CURVE ( 'NONE', #1401, #72, #103, .T. ) ;
#1262 = DIRECTION ( 'NONE',  ( -0.0000000000000000000, -0.0000000000000000000, 1.000000000000000000 ) ) ;
#1263 = ADVANCED_FACE ( 'NONE', ( #951 ), #474, .T. ) ;
#1264 = VERTEX_POINT ( 'NONE', #268 ) ;
#1265 = PLANE ( 'NONE',  #1389 ) ;
#1266 = CARTESIAN_POINT ( 'NONE',  ( 1.000000000000000000, 0.0000000000000000000, -49.80000000000000400 ) ) ;
#1267 = ORIENTED_EDGE ( 'NONE', *, *, #1396, .F. ) ;
#1268 = CARTESIAN_POINT ( 'NONE',  ( 9.350000000000061800, 13.42339375865876500, 22.50000000000000000 ) ) ;
#1269 = EDGE_LOOP ( 'NONE', ( #11, #167, #342, #1696 ) ) ;
#1270 = DIRECTION ( 'NONE',  ( -1.000000000000000000, -0.0000000000000000000, -0.0000000000000000000 ) ) ;
#1271 = DIRECTION ( 'NONE',  ( 1.000000000000000000, 0.0000000000000000000, 0.0000000000000000000 ) ) ;
#1272 = DIRECTION ( 'NONE',  ( 0.7071067811865430200, 8.659560562354878600E-017, -0.7071067811865521200 ) ) ;
#1273 = CARTESIAN_POINT ( 'NONE',  ( 11.50000000000000000, 1.500000000000000000, -43.79999999999999700 ) ) ;
#1274 = AXIS2_PLACEMENT_3D ( 'NONE', #1124, #176, #1293 ) ;
#1275 = LINE ( 'NONE', #1598, #789 ) ;
#1276 = EDGE_CURVE ( 'NONE', #1059, #1781, #1335, .T. ) ;
#1277 = LINE ( 'NONE', #1699, #839 ) ;
#1278 = ADVANCED_FACE ( 'NONE', ( #519 ), #1, .T. ) ;
#1279 = AXIS2_PLACEMENT_3D ( 'NONE', #591, #1731, #753 ) ;
#1280 = ORIENTED_EDGE ( 'NONE', *, *, #249, .F. ) ;
#1281 = CARTESIAN_POINT ( 'NONE',  ( 11.50000000000000000, -0.3201142746380727400, -41.66512203727812400 ) ) ;
#1282 = CARTESIAN_POINT ( 'NONE',  ( -14.50000000000000000, 1.775737858763662000E-015, -37.79999999999999700 ) ) ;
#1283 = CARTESIAN_POINT ( 'NONE',  ( 12.00000000000000000, -1.499999999999998000, -37.79999999999999700 ) ) ;
#1284 = DIRECTION ( 'NONE',  ( 1.000000000000000000, 0.0000000000000000000, 0.0000000000000000000 ) ) ;
#1285 = AXIS2_PLACEMENT_3D ( 'NONE', #2080, #1092, #141 ) ;
#1286 = FACE_BOUND ( 'NONE', #681, .T. ) ;
#1287 = UNCERTAINTY_MEASURE_WITH_UNIT (LENGTH_MEASURE( 1.000000000000000100E-005 ), #1129, 'distance_accuracy_value', 'NONE');
#1288 = DIRECTION ( 'NONE',  ( -0.0000000000000000000, -0.0000000000000000000, -1.000000000000000000 ) ) ;
#1290 = CARTESIAN_POINT ( 'NONE',  ( -13.89999999999999700, 0.0000000000000000000, 22.50000000000000000 ) ) ;
#1289 = VECTOR ( 'NONE', #740, 1000.000000000000000 ) ;
#1291 = CARTESIAN_POINT ( 'NONE',  ( -11.50000000000000000, -1.499999999999997300, -43.79999999999999700 ) ) ;
#1292 = CIRCLE ( 'NONE', #1596, 0.3201142746380725200 ) ;
#1293 = DIRECTION ( 'NONE',  ( -1.000000000000000000, 0.0000000000000000000, 0.0000000000000000000 ) ) ;
#1294 = EDGE_CURVE ( 'NONE', #1520, #223, #417, .T. ) ;
#1295 = ORIENTED_EDGE ( 'NONE', *, *, #590, .F. ) ;
#1296 = ORIENTED_EDGE ( 'NONE', *, *, #1479, .T. ) ;
#1297 = DIRECTION ( 'NONE',  ( 0.0000000000000000000, 0.0000000000000000000, 1.000000000000000000 ) ) ;
#1298 = EDGE_LOOP ( 'NONE', ( #2033, #1748, #583, #1140, #1668 ) ) ;
#1299 = DIRECTION ( 'NONE',  ( 0.0000000000000000000, 0.0000000000000000000, -1.000000000000000000 ) ) ;
#1300 = EDGE_LOOP ( 'NONE', ( #1200, #1645, #930, #1890 ) ) ;
#1301 =( NAMED_UNIT ( * ) SI_UNIT ( $, .STERADIAN. ) SOLID_ANGLE_UNIT ( ) );
#1302 = FACE_OUTER_BOUND ( 'NONE', #1779, .T. ) ;
#1303 = CARTESIAN_POINT ( 'NONE',  ( -11.50000000000000000, -0.9999999999999978900, -44.29999999999999700 ) ) ;
#1304 = LINE ( 'NONE', #1283, #17 ) ;
#1305 = AXIS2_PLACEMENT_3D ( 'NONE', #983, #32, #1150 ) ;
#1306 = ORIENTED_EDGE ( 'NONE', *, *, #781, .F. ) ;
#1307 = CARTESIAN_POINT ( 'NONE',  ( -6.000000000000000900, 7.000000000000000000, 28.80000000000000100 ) ) ;
#1308 = EDGE_LOOP ( 'NONE', ( #798, #1513 ) ) ;
#1309 = ORIENTED_EDGE ( 'NONE', *, *, #105, .F. ) ;
#1310 = ORIENTED_EDGE ( 'NONE', *, *, #1983, .T. ) ;
#1311 = EDGE_CURVE ( 'NONE', #242, #1159, #848, .T. ) ;
#1312 = ADVANCED_FACE ( 'NONE', ( #1230 ), #372, .F. ) ;
#1313 = DIRECTION ( 'NONE',  ( 1.000000000000000000, 0.0000000000000000000, 0.0000000000000000000 ) ) ;
#1314 = CARTESIAN_POINT ( 'NONE',  ( -12.00000000000000000, -0.9999999999999974500, -43.79999999999999700 ) ) ;
#1315 = LINE ( 'NONE', #1106, #869 ) ;
#1317 = CARTESIAN_POINT ( 'NONE',  ( 0.0000000000000000000, 0.0000000000000000000, -44.29999999999999700 ) ) ;
#1316 = CIRCLE ( 'NONE', #858, 0.5000000000000004400 ) ;
#1318 = DIRECTION ( 'NONE',  ( -1.000000000000000000, 0.0000000000000000000, 0.0000000000000000000 ) ) ;
#1319 = CARTESIAN_POINT ( 'NONE',  ( -0.9883779501259926100, 9.836808124532426600, 52.07476111060478300 ) ) ;
#1320 = VERTEX_POINT ( 'NONE', #1728 ) ;
#1321 = AXIS2_PLACEMENT_3D ( 'NONE', #612, #1422, #1576 ) ;
#1322 = ORIENTED_EDGE ( 'NONE', *, *, #354, .T. ) ;
#1323 = CARTESIAN_POINT ( 'NONE',  ( -0.9871085807068200600, 9.837259549381885300, 49.52424589068685600 ) ) ;
#1324 = EDGE_CURVE ( 'NONE', #1012, #1891, #1659, .T. ) ;
#1325 = ORIENTED_EDGE ( 'NONE', *, *, #1892, .F. ) ;
#1326 = CIRCLE ( 'NONE', #1822, 0.5000000000000004400 ) ;
#1327 = LINE ( 'NONE', #2088, #1375 ) ;
#1328 = VERTEX_POINT ( 'NONE', #587 ) ;
#1329 = DIRECTION ( 'NONE',  ( 1.000000000000000000, 0.0000000000000000000, 0.0000000000000000000 ) ) ;
#1330 = EDGE_CURVE ( 'NONE', #1721, #1162, #2051, .T. ) ;
#1331 = VERTEX_POINT ( 'NONE', #748 ) ;
#1332 = EDGE_CURVE ( 'NONE', #1994, #1658, #802, .T. ) ;
#1333 = CIRCLE ( 'NONE', #769, 1.599999999999999900 ) ;
#1334 = DIRECTION ( 'NONE',  ( -1.000000000000000000, -4.336808689942014300E-016, 0.0000000000000000000 ) ) ;
#1335 = LINE ( 'NONE', #1224, #54 ) ;
#1336 = FACE_BOUND ( 'NONE', #1831, .T. ) ;
#1337 = CARTESIAN_POINT ( 'NONE',  ( -13.89999999999999700, 0.0000000000000000000, 19.00000000000000000 ) ) ;
#1338 = DIRECTION ( 'NONE',  ( -0.0000000000000000000, 1.000000000000000000, -0.0000000000000000000 ) ) ;
#1339 = AXIS2_PLACEMENT_3D ( 'NONE', #1734, #1079, #131 ) ;
#1340 = ORIENTED_EDGE ( 'NONE', *, *, #1936, .F. ) ;
#1341 = EDGE_CURVE ( 'NONE', #486, #450, #1174, .T. ) ;
#1342 = CARTESIAN_POINT ( 'NONE',  ( -11.50000000000000000, -0.3201142746380727400, -41.66512203727812400 ) ) ;
#1343 = DIRECTION ( 'NONE',  ( -1.000000000000000000, -0.0000000000000000000, -0.0000000000000000000 ) ) ;
#1344 = VERTEX_POINT ( 'NONE', #1737 ) ;
#1345 = VERTEX_POINT ( 'NONE', #2066 ) ;
#1346 = ORIENTED_EDGE ( 'NONE', *, *, #39, .T. ) ;
#1347 = EDGE_LOOP ( 'NONE', ( #150, #264 ) ) ;
#1348 = CARTESIAN_POINT ( 'NONE',  ( -7.749999999999966200, 13.42339375865881700, 19.00000000000000000 ) ) ;
#1349 = CIRCLE ( 'NONE', #2000, 18.30000000000005000 ) ;
#1350 = AXIS2_PLACEMENT_3D ( 'NONE', #1973, #986, #33 ) ;
#1351 = CARTESIAN_POINT ( 'NONE',  ( -11.50000000000000000, 0.3201142746380724000, -41.66512203727812400 ) ) ;
#1352 = LINE ( 'NONE', #1764, #1730 ) ;
#1353 = DIRECTION ( 'NONE',  ( 0.0000000000000000000, 0.0000000000000000000, 1.000000000000000000 ) ) ;
#1354 = VERTEX_POINT ( 'NONE', #1252 ) ;
#1355 = ORIENTED_EDGE ( 'NONE', *, *, #539, .F. ) ;
#1356 = DIRECTION ( 'NONE',  ( -0.7071067811865430200, 0.0000000000000000000, -0.7071067811865521200 ) ) ;
#1357 = AXIS2_PLACEMENT_3D ( 'NONE', #1772, #1765, #794 ) ;
#1358 = CARTESIAN_POINT ( 'NONE',  ( 18.50000000000000000, 2.265596578422603000E-015, 22.30000000000004700 ) ) ;
#1359 = VECTOR ( 'NONE', #1583, 1000.000000000000000 ) ;
#1360 = CYLINDRICAL_SURFACE ( 'NONE', #1158, 14.50000000000000000 ) ;
#1361 = DIRECTION ( 'NONE',  ( 0.0000000000000000000, -9.035018104045873200E-017, 1.000000000000000000 ) ) ;
#1362 = FACE_OUTER_BOUND ( 'NONE', #1377, .T. ) ;
#1363 = CARTESIAN_POINT ( 'NONE',  ( -5.800000000000012300, 7.000000000000000000, 28.80000000000000100 ) ) ;
#1364 = CARTESIAN_POINT ( 'NONE',  ( 0.1079805483745367900, 3.999999999999999100, 52.39999999999999100 ) ) ;
#1365 = ORIENTED_EDGE ( 'NONE', *, *, #278, .F. ) ;
#1366 = DIRECTION ( 'NONE',  ( 1.000000000000000000, 0.0000000000000000000, 0.0000000000000000000 ) ) ;
#1367 = AXIS2_PLACEMENT_3D ( 'NONE', #1393, #579, #1717 ) ;
#1368 = ORIENTED_EDGE ( 'NONE', *, *, #995, .T. ) ;
#1369 = CARTESIAN_POINT ( 'NONE',  ( 9.349999999999971200, -13.42339375865881500, 22.50000000000000000 ) ) ;
#1370 = EDGE_LOOP ( 'NONE', ( #1295, #1506, #309, #1691 ) ) ;
#1371 = CARTESIAN_POINT ( 'NONE',  ( 1.394808708982557600, 4.342362434680470800, 51.61095617974111600 ) ) ;
#1372 = EDGE_CURVE ( 'NONE', #2057, #933, #1551, .T. ) ;
#1373 = CARTESIAN_POINT ( 'NONE',  ( -12.00000000000000000, 0.9999999999999991100, -44.29999999999999700 ) ) ;
#1374 = LINE ( 'NONE', #1755, #44 ) ;
#1375 = VECTOR ( 'NONE', #1101, 1000.000000000000000 ) ;
#1376 = CARTESIAN_POINT ( 'NONE',  ( 0.5236071356344295100, 4.044415838367750200, 49.28451482112366500 ) ) ;
#1377 = EDGE_LOOP ( 'NONE', ( #856, #573, #765, #41 ) ) ;
#1378 =( GEOMETRIC_REPRESENTATION_CONTEXT ( 3 ) GLOBAL_UNCERTAINTY_ASSIGNED_CONTEXT ( ( #1184 ) ) GLOBAL_UNIT_ASSIGNED_CONTEXT ( ( #323, #1453, #482 ) ) REPRESENTATION_CONTEXT ( 'NONE', 'WORKASPACE' ) );
#1379 = AXIS2_PLACEMENT_3D ( 'NONE', #483, #1613, #645 ) ;
#1380 = EDGE_CURVE ( 'NONE', #1016, #1045, #1714, .T. ) ;
#1381 = AXIS2_PLACEMENT_3D ( 'NONE', #2081, #1094, #143 ) ;
#1382 = ORIENTED_EDGE ( 'NONE', *, *, #290, .F. ) ;
#1383 = CARTESIAN_POINT ( 'NONE',  ( -0.4221878494541746500, 4.028022607257935500, 49.25307691738797200 ) ) ;
#1384 = FACE_OUTER_BOUND ( 'NONE', #791, .T. ) ;
#1385 = CIRCLE ( 'NONE', #838, 14.50000000000000000 ) ;
#1386 = PRODUCT_DEFINITION_CONTEXT ( 'detailed design', #650, 'design' ) ;
#1387 = CARTESIAN_POINT ( 'NONE',  ( -4.336808689942025600E-016, -1.000000000000002700, -43.79999999999999700 ) ) ;
#1388 = DIRECTION ( 'NONE',  ( -0.0000000000000000000, 1.000000000000000000, -0.0000000000000000000 ) ) ;
#1389 = AXIS2_PLACEMENT_3D ( 'NONE', #611, #774, #1431 ) ;
#1390 = EDGE_LOOP ( 'NONE', ( #712, #888, #879, #1546 ) ) ;
#1391 = DIRECTION ( 'NONE',  ( 0.0000000000000000000, 0.0000000000000000000, 1.000000000000000000 ) ) ;
#1392 = ORIENTED_EDGE ( 'NONE', *, *, #713, .F. ) ;
#1393 = CARTESIAN_POINT ( 'NONE',  ( 0.0000000000000000000, 0.0000000000000000000, 22.50000000000000000 ) ) ;
#1394 = ORIENTED_EDGE ( 'NONE', *, *, #1666, .F. ) ;
#1395 = ORIENTED_EDGE ( 'NONE', *, *, #1526, .F. ) ;
#1396 = EDGE_CURVE ( 'NONE', #238, #714, #325, .T. ) ;
#1397 = VECTOR ( 'NONE', #700, 1000.000000000000000 ) ;
#1398 = FACE_OUTER_BOUND ( 'NONE', #294, .T. ) ;
#1399 = DIRECTION ( 'NONE',  ( -0.0000000000000000000, -0.0000000000000000000, 1.000000000000000000 ) ) ;
#1400 =( LENGTH_UNIT ( ) NAMED_UNIT ( * ) SI_UNIT ( .MILLI., .METRE. ) );
#1401 = VERTEX_POINT ( 'NONE', #1505 ) ;
#1402 = ORIENTED_EDGE ( 'NONE', *, *, #1160, .F. ) ;
#1403 = CARTESIAN_POINT ( 'NONE',  ( 0.0000000000000000000, 0.0000000000000000000, -37.79999999999999700 ) ) ;
#1404 = VERTEX_POINT ( 'NONE', #1673 ) ;
#1405 = DIRECTION ( 'NONE',  ( 0.0000000000000000000, 0.0000000000000000000, 1.000000000000000000 ) ) ;
#1406 = CARTESIAN_POINT ( 'NONE',  ( -1.394919226970374100, 4.342389280599924500, 51.61145530687264200 ) ) ;
#1407 = DIRECTION ( 'NONE',  ( -0.0000000000000000000, -0.0000000000000000000, -1.000000000000000000 ) ) ;
#1408 = LINE ( 'NONE', #619, #1359 ) ;
#1409 = EDGE_CURVE ( 'NONE', #524, #1721, #275, .T. ) ;
#1410 = LINE ( 'NONE', #1005, #132 ) ;
#1411 = ADVANCED_FACE ( 'NONE', ( #2003 ), #648, .F. ) ;
#1412 = DIRECTION ( 'NONE',  ( -1.000000000000000000, 4.336808689942014300E-016, 0.0000000000000000000 ) ) ;
#1413 = CARTESIAN_POINT ( 'NONE',  ( -11.50000000000000000, -0.3201142746380725200, -42.86512203727812700 ) ) ;
#1414 = CARTESIAN_POINT ( 'NONE',  ( -1.060902909228469000, 4.192763067124079900, 49.59793178200146000 ) ) ;
#1415 = ORIENTED_EDGE ( 'NONE', *, *, #1643, .F. ) ;
#1416 = CARTESIAN_POINT ( 'NONE',  ( -12.00000000000000000, -1.499999999999997100, -37.79999999999999700 ) ) ;
#1417 = ORIENTED_EDGE ( 'NONE', *, *, #1723, .T. ) ;
#1418 = CARTESIAN_POINT ( 'NONE',  ( 0.7171428376011176300, 9.914677126818254700, 52.23407329436370400 ) ) ;
#1419 = CARTESIAN_POINT ( 'NONE',  ( 0.0000000000000000000, 7.000000000000000000, 58.79999999999999700 ) ) ;
#1420 = ORIENTED_EDGE ( 'NONE', *, *, #1758, .T. ) ;
#1421 = CARTESIAN_POINT ( 'NONE',  ( 0.0000000000000000000, 0.0000000000000000000, 0.0000000000000000000 ) ) ;
#1422 = DIRECTION ( 'NONE',  ( -1.000000000000000000, -0.0000000000000000000, -0.0000000000000000000 ) ) ;
#1423 = ADVANCED_FACE ( 'NONE', ( #1954 ), #1899, .F. ) ;
#1424 = FACE_OUTER_BOUND ( 'NONE', #1442, .T. ) ;
#1425 = AXIS2_PLACEMENT_3D ( 'NONE', #221, #1343, #371 ) ;
#1426 = CARTESIAN_POINT ( 'NONE',  ( 7.749999999999970700, -13.42339375865881500, 22.50000000000000000 ) ) ;
#1427 = DIRECTION ( 'NONE',  ( -0.0000000000000000000, -0.0000000000000000000, -1.000000000000000000 ) ) ;
#1428 = CIRCLE ( 'NONE', #727, 1.599999999999999900 ) ;
#1429 = EDGE_CURVE ( 'NONE', #337, #72, #1068, .T. ) ;
#1430 = ORIENTED_EDGE ( 'NONE', *, *, #1211, .F. ) ;
#1431 = DIRECTION ( 'NONE',  ( -1.000000000000000000, 0.0000000000000000000, -0.0000000000000000000 ) ) ;
#1432 = DIRECTION ( 'NONE',  ( 0.0000000000000000000, 0.0000000000000000000, 1.000000000000000000 ) ) ;
#1433 = CARTESIAN_POINT ( 'NONE',  ( 0.0000000000000000000, 0.0000000000000000000, 22.50000000000000000 ) ) ;
#1434 = DIRECTION ( 'NONE',  ( -1.000000000000000000, -0.0000000000000000000, -0.0000000000000000000 ) ) ;
#1435 = CARTESIAN_POINT ( 'NONE',  ( 11.50000000000000000, 0.3201142746380725200, -41.66512203727812400 ) ) ;
#1436 = ADVANCED_FACE ( 'NONE', ( #1503 ), #186, .F. ) ;
#1437 = VECTOR ( 'NONE', #255, 1000.000000000000000 ) ;
#1438 = VECTOR ( 'NONE', #382, 1000.000000000000000 ) ;
#1439 = EDGE_CURVE ( 'NONE', #62, #755, #592, .T. ) ;
#1440 = EDGE_CURVE ( 'NONE', #844, #1761, #1883, .T. ) ;
#1441 = CARTESIAN_POINT ( 'NONE',  ( 0.0000000000000000000, 7.000000000000000000, 28.80000000000000100 ) ) ;
#1442 = EDGE_LOOP ( 'NONE', ( #272, #52, #2062, #1775 ) ) ;
#1443 = EDGE_LOOP ( 'NONE', ( #1840, #1975 ) ) ;
#1444 = ADVANCED_FACE ( 'NONE', ( #1460 ), #1518, .F. ) ;
#1445 = ORIENTED_EDGE ( 'NONE', *, *, #1992, .F. ) ;
#1446 = DIRECTION ( 'NONE',  ( -0.0000000000000000000, 0.0000000000000000000, 1.000000000000000000 ) ) ;
#1447 = CARTESIAN_POINT ( 'NONE',  ( -14.50000000000000000, 1.775737858763662000E-015, -37.79999999999999700 ) ) ;
#1448 = DIRECTION ( 'NONE',  ( 1.000000000000000000, 0.0000000000000000000, 0.0000000000000000000 ) ) ;
#1449 = VERTEX_POINT ( 'NONE', #1857 ) ;
#1450 = LINE ( 'NONE', #609, #219 ) ;
#1451 = EDGE_CURVE ( 'NONE', #212, #701, #815, .T. ) ;
#1452 = LINE ( 'NONE', #78, #267 ) ;
#1453 =( NAMED_UNIT ( * ) PLANE_ANGLE_UNIT ( ) SI_UNIT ( $, .RADIAN. ) );
#1454 = CARTESIAN_POINT ( 'NONE',  ( 18.30000000000005000, 2.253350110431132800E-015, 22.50000000000000000 ) ) ;
#1455 = ORIENTED_EDGE ( 'NONE', *, *, #263, .T. ) ;
#1456 = ORIENTED_EDGE ( 'NONE', *, *, #1782, .T. ) ;
#1457 = AXIS2_PLACEMENT_3D ( 'NONE', #305, #1434, #461 ) ;
#1458 = DIRECTION ( 'NONE',  ( 0.0000000000000000000, 0.0000000000000000000, 1.000000000000000000 ) ) ;
#1459 = DIRECTION ( 'NONE',  ( -0.0000000000000000000, -0.0000000000000000000, 1.000000000000000000 ) ) ;
#1460 = FACE_OUTER_BOUND ( 'NONE', #123, .T. ) ;
#1461 = FACE_BOUND ( 'NONE', #1370, .T. ) ;
#1462 = ADVANCED_FACE ( 'NONE', ( #230 ), #542, .T. ) ;
#1463 = CIRCLE ( 'NONE', #116, 1.600000000000002500 ) ;
#1464 = AXIS2_PLACEMENT_3D ( 'NONE', #478, #171, #1448 ) ;
#1465 = PLANE ( 'NONE',  #287 ) ;
#1466 = CARTESIAN_POINT ( 'NONE',  ( -7.749999999999966200, 13.42339375865881700, 19.00000000000000000 ) ) ;
#1467 = VERTEX_POINT ( 'NONE', #934 ) ;
#1468 = ORIENTED_EDGE ( 'NONE', *, *, #49, .T. ) ;
#1469 = DIRECTION ( 'NONE',  ( 0.0000000000000000000, 0.0000000000000000000, -1.000000000000000000 ) ) ;
#1470 = VERTEX_POINT ( 'NONE', #1095 ) ;
#1471 = EDGE_LOOP ( 'NONE', ( #1417, #843 ) ) ;
#1472 = PLANE ( 'NONE',  #260 ) ;
#1473 = CARTESIAN_POINT ( 'NONE',  ( 7.749999999999970700, -13.42339375865881500, 22.50000000000000000 ) ) ;
#1474 = CARTESIAN_POINT ( 'NONE',  ( -1.394808708982557600, 9.657637565319525700, 51.61095617974110900 ) ) ;
#1475 = LINE ( 'NONE', #824, #1034 ) ;
#1476 = AXIS2_PLACEMENT_3D ( 'NONE', #900, #1878, #571 ) ;
#1477 = CYLINDRICAL_SURFACE ( 'NONE', #405, 1.600000000000000800 ) ;
#1478 = ORIENTED_EDGE ( 'NONE', *, *, #651, .T. ) ;
#1479 = EDGE_CURVE ( 'NONE', #308, #1533, #972, .T. ) ;
#1480 = CARTESIAN_POINT ( 'NONE',  ( 3.000000000000000000, 7.000000000000000000, 58.59999999999999400 ) ) ;
#1481 = CARTESIAN_POINT ( 'NONE',  ( -0.5236071356344290700, 9.955584161632248900, 49.28451482112366500 ) ) ;
#1482 = SURFACE_STYLE_FILL_AREA ( #117 ) ;
#1483 = CIRCLE ( 'NONE', #601, 5.000000000000000000 ) ;
#1484 = CIRCLE ( 'NONE', #1979, 6.000000000000000900 ) ;
#1485 = AXIS2_PLACEMENT_3D ( 'NONE', #1466, #500, #1630 ) ;
#1486 = EDGE_CURVE ( 'NONE', #180, #1159, #1844, .T. ) ;
#1487 = ORIENTED_EDGE ( 'NONE', *, *, #1549, .T. ) ;
#1488 = AXIS2_PLACEMENT_3D ( 'NONE', #1076, #1739, #763 ) ;
#1489 = ORIENTED_EDGE ( 'NONE', *, *, #634, .F. ) ;
#1490 = AXIS2_PLACEMENT_3D ( 'NONE', #1426, #451, #1578 ) ;
#1491 = EDGE_LOOP ( 'NONE', ( #957, #1148, #1760, #1322, #321, #102 ) ) ;
#1492 = PLANE ( 'NONE',  #1523 ) ;
#1493 = ORIENTED_EDGE ( 'NONE', *, *, #1511, .T. ) ;
#1494 = CYLINDRICAL_SURFACE ( 'NONE', #1662, 0.3201142746380725200 ) ;
#1495 = DIRECTION ( 'NONE',  ( -0.0000000000000000000, -0.0000000000000000000, 1.000000000000000000 ) ) ;
#1496 = LINE ( 'NONE', #1105, #488 ) ;
#1497 = ADVANCED_BREP_SHAPE_REPRESENTATION ( 'Orange-Johnson motor 12V 300 RPM Grade-A', ( #1653, #162 ), #1378 ) ;
#1498 = EDGE_LOOP ( 'NONE', ( #736, #1927 ) ) ;
#1499 = CARTESIAN_POINT ( 'NONE',  ( 12.00000000000000000, 1.500000000000000000, -43.79999999999999700 ) ) ;
#1500 = EDGE_LOOP ( 'NONE', ( #198, #1310, #1180, #1820 ) ) ;
#1501 = EDGE_CURVE ( 'NONE', #538, #308, #1408, .T. ) ;
#1502 = CARTESIAN_POINT ( 'NONE',  ( 11.50000000000000000, 1.500000000000000000, -44.29999999999999700 ) ) ;
#1503 = FACE_OUTER_BOUND ( 'NONE', #1300, .T. ) ;
#1504 = FACE_OUTER_BOUND ( 'NONE', #1828, .T. ) ;
#1505 = CARTESIAN_POINT ( 'NONE',  ( -3.000000000000000000, 7.000000000000000000, 28.80000000000000100 ) ) ;
#1506 = ORIENTED_EDGE ( 'NONE', *, *, #1228, .F. ) ;
#1507 = CARTESIAN_POINT ( 'NONE',  ( 0.0000000000000000000, 3.999999999999999100, 52.39999999999999900 ) ) ;
#1508 = AXIS2_PLACEMENT_3D ( 'NONE', #1814, #831, #1977 ) ;
#1509 = ORIENTED_EDGE ( 'NONE', *, *, #958, .T. ) ;
#1510 = CARTESIAN_POINT ( 'NONE',  ( 7.750000000000061300, 13.42339375865876500, 19.00000000000000000 ) ) ;
#1511 = EDGE_CURVE ( 'NONE', #62, #1045, #1018, .T. ) ;
#1512 = CARTESIAN_POINT ( 'NONE',  ( 0.0000000000000000000, 0.0000000000000000000, 0.0000000000000000000 ) ) ;
#1513 = ORIENTED_EDGE ( 'NONE', *, *, #1380, .F. ) ;
#1514 = VERTEX_POINT ( 'NONE', #1273 ) ;
#1515 = DIRECTION ( 'NONE',  ( 0.0000000000000000000, 0.0000000000000000000, -1.000000000000000000 ) ) ;
#1516 = CARTESIAN_POINT ( 'NONE',  ( 0.0000000000000000000, 0.9999999999999991100, -44.29999999999999700 ) ) ;
#1517 = CONICAL_SURFACE ( 'NONE', #437, 5.800000000000012300, 0.7853981633974396200 ) ;
#1518 = PLANE ( 'NONE',  #589 ) ;
#1519 = LINE ( 'NONE', #2011, #1091 ) ;
#1520 = VERTEX_POINT ( 'NONE', #1435 ) ;
#1521 = CARTESIAN_POINT ( 'NONE',  ( 12.00000000000000000, 1.500000000000000000, -37.79999999999999700 ) ) ;
#1522 = DIRECTION ( 'NONE',  ( 0.0000000000000000000, 0.0000000000000000000, -1.000000000000000000 ) ) ;
#1523 = AXIS2_PLACEMENT_3D ( 'NONE', #522, #1655, #686 ) ;
#1524 = CARTESIAN_POINT ( 'NONE',  ( 1.547178713916089100, 4.429621767861614300, 51.22121523530871200 ) ) ;
#1525 = LINE ( 'NONE', #1227, #250 ) ;
#1526 = EDGE_CURVE ( 'NONE', #22, #507, #1315, .T. ) ;
#1527 = CIRCLE ( 'NONE', #501, 3.000000000000000000 ) ;
#1528 = LINE ( 'NONE', #860, #1156 ) ;
#1529 = DIRECTION ( 'NONE',  ( 0.0000000000000000000, 0.0000000000000000000, 1.000000000000000000 ) ) ;
#1530 = CARTESIAN_POINT ( 'NONE',  ( 0.2122852217877812500, 4.005674997349238700, 49.21056463546962300 ) ) ;
#1531 = DIRECTION ( 'NONE',  ( -0.0000000000000000000, 1.000000000000000000, -0.0000000000000000000 ) ) ;
#1532 = ORIENTED_EDGE ( 'NONE', *, *, #958, .F. ) ;
#1533 = VERTEX_POINT ( 'NONE', #1590 ) ;
#1534 = EDGE_CURVE ( 'NONE', #1003, #1264, #75, .T. ) ;
#1535 = CARTESIAN_POINT ( 'NONE',  ( 1.000000000000000000, 0.0000000000000000000, -49.80000000000000400 ) ) ;
#1536 = ORIENTED_EDGE ( 'NONE', *, *, #1479, .F. ) ;
#1537 = CARTESIAN_POINT ( 'NONE',  ( 0.4221878494541749800, 9.971977392742063600, 49.25307691738799300 ) ) ;
#1538 = CARTESIAN_POINT ( 'NONE',  ( -0.7179862740695915900, 4.085487148735540900, 49.36625010374063300 ) ) ;
#1539 = EDGE_CURVE ( 'NONE', #1264, #1003, #444, .T. ) ;
#1540 = ORIENTED_EDGE ( 'NONE', *, *, #1078, .T. ) ;
#1541 = CARTESIAN_POINT ( 'NONE',  ( -12.00000000000000000, -1.499999999999997100, -43.79999999999999700 ) ) ;
#1542 = VECTOR ( 'NONE', #2076, 1000.000000000000000 ) ;
#1543 = LINE ( 'NONE', #1176, #790 ) ;
#1544 = ORIENTED_EDGE ( 'NONE', *, *, #1276, .F. ) ;
#1545 = DIRECTION ( 'NONE',  ( 1.000000000000000000, 0.0000000000000000000, 0.0000000000000000000 ) ) ;
#1546 = ORIENTED_EDGE ( 'NONE', *, *, #1111, .F. ) ;
#1547 = AXIS2_PLACEMENT_3D ( 'NONE', #1419, #448, #1256 ) ;
#1548 = CARTESIAN_POINT ( 'NONE',  ( 12.00000000000000000, 0.0000000000000000000, -42.86512203727812700 ) ) ;
#1549 = EDGE_CURVE ( 'NONE', #1937, #1467, #1742, .T. ) ;
#1550 = VECTOR ( 'NONE', #847, 1000.000000000000000 ) ;
#1551 = CIRCLE ( 'NONE', #927, 1.000000000000000000 ) ;
#1552 = LINE ( 'NONE', #931, #276 ) ;
#1553 =( NAMED_UNIT ( * ) SI_UNIT ( $, .STERADIAN. ) SOLID_ANGLE_UNIT ( ) );
#1554 = AXIS2_PLACEMENT_3D ( 'NONE', #1876, #898, #2044 ) ;
#1555 = DIRECTION ( 'NONE',  ( -1.000000000000000000, 0.0000000000000000000, 0.0000000000000000000 ) ) ;
#1556 = DIRECTION ( 'NONE',  ( -0.0000000000000000000, -0.0000000000000000000, -1.000000000000000000 ) ) ;
#1557 = CARTESIAN_POINT ( 'NONE',  ( -6.000000000000000900, 7.000000000000000000, 28.60000000000000900 ) ) ;
#1558 = VERTEX_POINT ( 'NONE', #312 ) ;
#1559 = CARTESIAN_POINT ( 'NONE',  ( -11.50000000000000000, 1.499999999999999100, -44.29999999999999700 ) ) ;
#1560 = DIRECTION ( 'NONE',  ( 0.0000000000000000000, 0.0000000000000000000, 1.000000000000000000 ) ) ;
#1561 = ORIENTED_EDGE ( 'NONE', *, *, #2006, .T. ) ;
#1562 = ADVANCED_FACE ( 'NONE', ( #1798 ), #825, .T. ) ;
#1563 = AXIS2_PLACEMENT_3D ( 'NONE', #2047, #1061, #111 ) ;
#1564 = VERTEX_POINT ( 'NONE', #1291 ) ;
#1565 = PLANE ( 'NONE',  #1488 ) ;
#1566 = ORIENTED_EDGE ( 'NONE', *, *, #562, .T. ) ;
#1567 = LINE ( 'NONE', #205, #1915 ) ;
#1568 = DIRECTION ( 'NONE',  ( 0.0000000000000000000, 0.0000000000000000000, -1.000000000000000000 ) ) ;
#1569 = ORIENTED_EDGE ( 'NONE', *, *, #216, .F. ) ;
#1570 = ORIENTED_EDGE ( 'NONE', *, *, #676, .T. ) ;
#1571 = CARTESIAN_POINT ( 'NONE',  ( -12.00000000000000000, 0.3201142746380725200, -42.86512203727812700 ) ) ;
#1572 = CARTESIAN_POINT ( 'NONE',  ( 0.2154855298630246600, 10.00000000000000000, 52.40000000000000600 ) ) ;
#1573 = ADVANCED_FACE ( 'NONE', ( #29 ), #2078, .T. ) ;
#1574 = DIRECTION ( 'NONE',  ( 1.000000000000000000, 0.0000000000000000000, 0.0000000000000000000 ) ) ;
#1575 = AXIS2_PLACEMENT_3D ( 'NONE', #125, #1245, #281 ) ;
#1576 = DIRECTION ( 'NONE',  ( 0.0000000000000000000, 0.0000000000000000000, 1.000000000000000000 ) ) ;
#1577 = CYLINDRICAL_SURFACE ( 'NONE', #1907, 0.5000000000000004400 ) ;
#1578 = DIRECTION ( 'NONE',  ( 1.000000000000000000, 0.0000000000000000000, 0.0000000000000000000 ) ) ;
#1579 = DIRECTION ( 'NONE',  ( 1.000000000000000000, 0.0000000000000000000, 0.0000000000000000000 ) ) ;
#1580 = EDGE_CURVE ( 'NONE', #2072, #714, #392, .T. ) ;
#1582 = DIRECTION ( 'NONE',  ( 0.0000000000000000000, 0.0000000000000000000, -1.000000000000000000 ) ) ;
#1581 = VECTOR ( 'NONE', #1459, 1000.000000000000000 ) ;
#1583 = DIRECTION ( 'NONE',  ( 0.7071067811865414700, 8.659560562354860100E-017, -0.7071067811865536800 ) ) ;
#1584 = PLANE ( 'NONE',  #1829 ) ;
#1585 = ADVANCED_FACE ( 'NONE', ( #1255 ), #1947, .T. ) ;
#1586 = ORIENTED_EDGE ( 'NONE', *, *, #877, .T. ) ;
#1587 = DIRECTION ( 'NONE',  ( -0.0000000000000000000, -0.0000000000000000000, 1.000000000000000000 ) ) ;
#1588 = CARTESIAN_POINT ( 'NONE',  ( 12.00000000000000000, -0.9999999999999983300, -44.29999999999999700 ) ) ;
#1589 = ORIENTED_EDGE ( 'NONE', *, *, #1486, .F. ) ;
#1590 = CARTESIAN_POINT ( 'NONE',  ( 18.50000000000000000, 2.265596578422603000E-015, 0.0000000000000000000 ) ) ;
#1591 = STYLED_ITEM ( 'NONE', ( #2079 ), #1497 ) ;
#1592 = AXIS2_PLACEMENT_3D ( 'NONE', #492, #1619, #653 ) ;
#1593 = VERTEX_POINT ( 'NONE', #1614 ) ;
#1594 = EDGE_CURVE ( 'NONE', #1989, #203, #1685, .T. ) ;
#1595 = CIRCLE ( 'NONE', #901, 1.600000000000000800 ) ;
#1596 = AXIS2_PLACEMENT_3D ( 'NONE', #452, #1579, #617 ) ;
#1597 = DIRECTION ( 'NONE',  ( 0.0000000000000000000, 0.0000000000000000000, -1.000000000000000000 ) ) ;
#1598 = CARTESIAN_POINT ( 'NONE',  ( 5.800000000000012300, 7.000000000000000900, 28.80000000000000100 ) ) ;
#1599 = DIRECTION ( 'NONE',  ( 0.0000000000000000000, 0.0000000000000000000, 1.000000000000000000 ) ) ;
#1600 = LINE ( 'NONE', #1657, #733 ) ;
#1601 = ADVANCED_FACE ( 'NONE', ( #922 ), #1577, .T. ) ;
#1602 = VERTEX_POINT ( 'NONE', #13 ) ;
#1603 = ORIENTED_EDGE ( 'NONE', *, *, #1203, .T. ) ;
#1604 = ORIENTED_EDGE ( 'NONE', *, *, #1766, .T. ) ;
#1605 = FILL_AREA_STYLE_COLOUR ( '', #826 ) ;
#1606 = DIRECTION ( 'NONE',  ( -1.000000000000000000, -4.336808689942014300E-016, 0.0000000000000000000 ) ) ;
#1607 = DIRECTION ( 'NONE',  ( 0.0000000000000000000, 0.0000000000000000000, -1.000000000000000000 ) ) ;
#1608 = DIRECTION ( 'NONE',  ( 1.000000000000000000, 0.0000000000000000000, -0.0000000000000000000 ) ) ;
#1609 = VECTOR ( 'NONE', #937, 1000.000000000000000 ) ;
#1610 = VECTOR ( 'NONE', #435, 1000.000000000000000 ) ;
#1611 = CIRCLE ( 'NONE', #1381, 18.50000000000000000 ) ;
#1612 = EDGE_CURVE ( 'NONE', #1220, #1066, #2023, .T. ) ;
#1613 = DIRECTION ( 'NONE',  ( 0.0000000000000000000, 0.0000000000000000000, 1.000000000000000000 ) ) ;
#1614 = CARTESIAN_POINT ( 'NONE',  ( -12.00000000000000000, 1.499999999999999100, -43.79999999999999700 ) ) ;
#1615 = ORIENTED_EDGE ( 'NONE', *, *, #607, .T. ) ;
#1616 = ORIENTED_EDGE ( 'NONE', *, *, #526, .F. ) ;
#1617 = PRODUCT_CONTEXT ( 'NONE', #805, 'mechanical' ) ;
#1618 = ADVANCED_FACE ( 'NONE', ( #1636 ), #1978, .F. ) ;
#1619 = DIRECTION ( 'NONE',  ( 0.0000000000000000000, 0.0000000000000000000, -1.000000000000000000 ) ) ;
#1620 = ORIENTED_EDGE ( 'NONE', *, *, #590, .T. ) ;
#1621 = ORIENTED_EDGE ( 'NONE', *, *, #1216, .T. ) ;
#1622 = CARTESIAN_POINT ( 'NONE',  ( -1.060383119346017400, 4.192561377218133600, 52.00254587622714600 ) ) ;
#1623 = AXIS2_PLACEMENT_3D ( 'NONE', #1805, #1633, #1971 ) ;
#1624 = CARTESIAN_POINT ( 'NONE',  ( -11.50000000000000000, 0.9999999999999991100, -44.29999999999999700 ) ) ;
#1625 = CIRCLE ( 'NONE', #127, 1.600000000000000800 ) ;
#1626 = EDGE_CURVE ( 'NONE', #1345, #473, #716, .T. ) ;
#1627 = CARTESIAN_POINT ( 'NONE',  ( -12.00000000000000000, 1.499999999999999100, -37.79999999999999700 ) ) ;
#1628 = ORIENTED_EDGE ( 'NONE', *, *, #1766, .F. ) ;
#1629 = CARTESIAN_POINT ( 'NONE',  ( 12.00000000000000000, 1.500000000000000000, -44.29999999999999700 ) ) ;
#1630 = DIRECTION ( 'NONE',  ( 1.000000000000000000, 0.0000000000000000000, -0.0000000000000000000 ) ) ;
#1631 = VERTEX_POINT ( 'NONE', #1541 ) ;
#1632 = ORIENTED_EDGE ( 'NONE', *, *, #1769, .F. ) ;
#1633 = DIRECTION ( 'NONE',  ( 1.000000000000000000, -0.0000000000000000000, -0.0000000000000000000 ) ) ;
#1634 = DIRECTION ( 'NONE',  ( 1.000000000000000000, 0.0000000000000000000, 0.0000000000000000000 ) ) ;
#1635 = CARTESIAN_POINT ( 'NONE',  ( 7.750000000000061300, 13.42339375865876500, 22.50000000000000000 ) ) ;
#1636 = FACE_OUTER_BOUND ( 'NONE', #358, .T. ) ;
#1637 = CARTESIAN_POINT ( 'NONE',  ( -1.547178713916087300, 9.570378232138384800, 51.22121523530871900 ) ) ;
#1638 = FACE_BOUND ( 'NONE', #1498, .T. ) ;
#1639 = CARTESIAN_POINT ( 'NONE',  ( -13.89999999999999700, 0.0000000000000000000, 19.00000000000000000 ) ) ;
#1640 = DIRECTION ( 'NONE',  ( 0.0000000000000000000, -1.000000000000000000, 0.0000000000000000000 ) ) ;
#1641 = CARTESIAN_POINT ( 'NONE',  ( -0.2122852217877802500, 9.994325002650763100, 49.21056463546962300 ) ) ;
#1642 = VERTEX_POINT ( 'NONE', #734 ) ;
#1643 = EDGE_CURVE ( 'NONE', #1781, #1162, #349, .T. ) ;
#1644 = ORIENTED_EDGE ( 'NONE', *, *, #1332, .T. ) ;
#1645 = ORIENTED_EDGE ( 'NONE', *, *, #902, .T. ) ;
#1646 = CIRCLE ( 'NONE', #471, 14.50000000000000000 ) ;
#1647 = CARTESIAN_POINT ( 'NONE',  ( 11.50000000000000000, -1.626303258728256700E-016, -41.66512203727812400 ) ) ;
#1648 = CIRCLE ( 'NONE', #369, 14.50000000000000000 ) ;
#1649 = EDGE_CURVE ( 'NONE', #524, #1781, #297, .T. ) ;
#1650 = ORIENTED_EDGE ( 'NONE', *, *, #1780, .F. ) ;
#1651 = EDGE_CURVE ( 'NONE', #1602, #1027, #1525, .T. ) ;
#1652 = ORIENTED_EDGE ( 'NONE', *, *, #523, .F. ) ;
#1653 = MANIFOLD_SOLID_BREP ( 'Cut-Extrude3', #229 ) ;
#1654 = DIRECTION ( 'NONE',  ( -0.0000000000000000000, -0.0000000000000000000, -1.000000000000000000 ) ) ;
#1655 = DIRECTION ( 'NONE',  ( -1.000000000000000000, 0.0000000000000000000, -0.0000000000000000000 ) ) ;
#1656 = CONICAL_SURFACE ( 'NONE', #874, 5.800000000000012300, 0.7853981633974396200 ) ;
#1657 = CARTESIAN_POINT ( 'NONE',  ( -12.00000000000000000, 1.499999999999999100, -44.29999999999999700 ) ) ;
#1658 = VERTEX_POINT ( 'NONE', #1067 ) ;
#1659 = CIRCLE ( 'NONE', #1575, 0.3201142746380725200 ) ;
#1660 = VECTOR ( 'NONE', #128, 1000.000000000000000 ) ;
#1661 = CARTESIAN_POINT ( 'NONE',  ( 0.0000000000000000000, 0.0000000000000000000, -40.80000000000000400 ) ) ;
#1662 = AXIS2_PLACEMENT_3D ( 'NONE', #1250, #1912, #926 ) ;
#1663 = EDGE_CURVE ( 'NONE', #1055, #1320, #1926, .T. ) ;
#1664 = DIRECTION ( 'NONE',  ( 0.0000000000000000000, 0.0000000000000000000, -1.000000000000000000 ) ) ;
#1665 = EDGE_LOOP ( 'NONE', ( #1736, #1920, #603, #751 ) ) ;
#1666 = EDGE_CURVE ( 'NONE', #1229, #181, #101, .T. ) ;
#1667 = DIRECTION ( 'NONE',  ( 1.000000000000000000, 0.0000000000000000000, 0.0000000000000000000 ) ) ;
#1668 = ORIENTED_EDGE ( 'NONE', *, *, #558, .T. ) ;
#1669 = AXIS2_PLACEMENT_3D ( 'NONE', #1807, #829, #1152 ) ;
#1670 = EDGE_LOOP ( 'NONE', ( #1167, #65, #170, #345 ) ) ;
#1671 = CARTESIAN_POINT ( 'NONE',  ( -6.150000000000065200, -13.42339375865876100, 19.00000000000000000 ) ) ;
#1672 = ORIENTED_EDGE ( 'NONE', *, *, #574, .T. ) ;
#1673 = CARTESIAN_POINT ( 'NONE',  ( -12.00000000000000000, -1.499999999999997100, -37.79999999999999700 ) ) ;
#1674 = FACE_OUTER_BOUND ( 'NONE', #2009, .T. ) ;
#1675 = FACE_OUTER_BOUND ( 'NONE', #479, .T. ) ;
#1676 = CARTESIAN_POINT ( 'NONE',  ( -11.50000000000000000, 1.499999999999999100, -44.29999999999999700 ) ) ;
#1677 = VERTEX_POINT ( 'NONE', #1896 ) ;
#1678 = CARTESIAN_POINT ( 'NONE',  ( 0.0000000000000000000, 7.000000000000000000, 28.60000000000000900 ) ) ;
#1679 = AXIS2_PLACEMENT_3D ( 'NONE', #639, #1297, #326 ) ;
#1680 = CARTESIAN_POINT ( 'NONE',  ( -7.749999999999966200, 13.42339375865881700, 19.00000000000000000 ) ) ;
#1681 = ORIENTED_EDGE ( 'NONE', *, *, #827, .T. ) ;
#1682 = PLANE ( 'NONE',  #1237 ) ;
#1683 = DIRECTION ( 'NONE',  ( 1.000000000000000000, -0.0000000000000000000, -0.0000000000000000000 ) ) ;
#1684 = CARTESIAN_POINT ( 'NONE',  ( -11.50000000000000000, -0.9999999999999976700, -43.79999999999999700 ) ) ;
#1685 = LINE ( 'NONE', #485, #772 ) ;
#1686 = DIRECTION ( 'NONE',  ( 0.0000000000000000000, 0.0000000000000000000, 1.000000000000000000 ) ) ;
#1687 = CYLINDRICAL_SURFACE ( 'NONE', #1623, 0.3201142746380725200 ) ;
#1688 = CARTESIAN_POINT ( 'NONE',  ( -1.000000000000000000, 1.224646799147353200E-016, -40.80000000000000400 ) ) ;
#1689 = AXIS2_PLACEMENT_3D ( 'NONE', #906, #1399, #423 ) ;
#1690 = DIRECTION ( 'NONE',  ( -0.0000000000000000000, 1.000000000000000000, 1.807003620809174600E-016 ) ) ;
#1691 = ORIENTED_EDGE ( 'NONE', *, *, #1782, .F. ) ;
#1692 = CARTESIAN_POINT ( 'NONE',  ( 1.599873336707743600, 4.462204632259865600, 50.90871243644721000 ) ) ;
#1693 = EDGE_CURVE ( 'NONE', #181, #1229, #672, .T. ) ;
#1694 = EDGE_LOOP ( 'NONE', ( #616, #1540, #1644, #1456, #1382, #1137 ) ) ;
#1695 = DIRECTION ( 'NONE',  ( 0.0000000000000000000, 0.0000000000000000000, -1.000000000000000000 ) ) ;
#1696 = ORIENTED_EDGE ( 'NONE', *, *, #413, .T. ) ;
#1697 = CARTESIAN_POINT ( 'NONE',  ( -2.799999999999997200, 7.000000000000000000, 58.79999999999999700 ) ) ;
#1698 = FACE_OUTER_BOUND ( 'NONE', #810, .T. ) ;
#1699 = CARTESIAN_POINT ( 'NONE',  ( 6.149999999999970200, -13.42339375865881500, 19.00000000000000000 ) ) ;
#1700 = CARTESIAN_POINT ( 'NONE',  ( -2.743216834476374800E-013, 3.999999999998662400, 49.19999999999748800 ) ) ;
#1701 = CYLINDRICAL_SURFACE ( 'NONE', #2049, 1.599999999999999900 ) ;
#1702 = PRESENTATION_LAYER_ASSIGNMENT (  '', '', ( #1591 ) ) ;
#1703 = CARTESIAN_POINT ( 'NONE',  ( 9.349999999999971200, -13.42339375865881500, 19.00000000000000000 ) ) ;
#1704 = AXIS2_PLACEMENT_3D ( 'NONE', #1958, #971, #19 ) ;
#1705 = EDGE_CURVE ( 'NONE', #1753, #426, #1768, .T. ) ;
#1706 = ORIENTED_EDGE ( 'NONE', *, *, #1439, .T. ) ;
#1707 = AXIS2_PLACEMENT_3D ( 'NONE', #939, #2089, #1103 ) ;
#1708 = CARTESIAN_POINT ( 'NONE',  ( 0.0000000000000000000, 7.000000000000000000, 28.80000000000000100 ) ) ;
#1709 = CARTESIAN_POINT ( 'NONE',  ( 0.7179862740695922600, 9.914512851264460000, 49.36625010374064000 ) ) ;
#1710 = CARTESIAN_POINT ( 'NONE',  ( -0.9804582896953972800, 4.163319925510495300, 49.53138811112339800 ) ) ;
#1711 = FACE_OUTER_BOUND ( 'NONE', #1790, .T. ) ;
#1712 = AXIS2_PLACEMENT_3D ( 'NONE', #1708, #731, #1873 ) ;
#1713 = ORIENTED_EDGE ( 'NONE', *, *, #1693, .F. ) ;
#1714 = CIRCLE ( 'NONE', #1813, 1.599999999999997200 ) ;
#1715 = FACE_BOUND ( 'NONE', #256, .T. ) ;
#1716 = CARTESIAN_POINT ( 'NONE',  ( 11.50000000000000000, 1.000000000000000000, -44.29999999999999700 ) ) ;
#1717 = DIRECTION ( 'NONE',  ( -1.000000000000000000, 0.0000000000000000000, 0.0000000000000000000 ) ) ;
#1718 = ORIENTED_EDGE ( 'NONE', *, *, #932, .F. ) ;
#1719 = ORIENTED_EDGE ( 'NONE', *, *, #886, .F. ) ;
#1720 = DIRECTION ( 'NONE',  ( 0.0000000000000000000, 0.0000000000000000000, -1.000000000000000000 ) ) ;
#1721 = VERTEX_POINT ( 'NONE', #759 ) ;
#1722 = ORIENTED_EDGE ( 'NONE', *, *, #827, .F. ) ;
#1723 = EDGE_CURVE ( 'NONE', #1812, #688, #1333, .T. ) ;
#1724 = UNCERTAINTY_MEASURE_WITH_UNIT (LENGTH_MEASURE( 1.000000000000000100E-005 ), #1400, 'distance_accuracy_value', 'NONE');
#1725 = ORIENTED_EDGE ( 'NONE', *, *, #2102, .T. ) ;
#1726 = DIRECTION ( 'NONE',  ( 0.0000000000000000000, 0.0000000000000000000, -1.000000000000000000 ) ) ;
#1727 = VERTEX_POINT ( 'NONE', #1413 ) ;
#1728 = CARTESIAN_POINT ( 'NONE',  ( -12.00000000000000000, -1.626303258728256700E-016, -41.34500776264005100 ) ) ;
#1729 = DIRECTION ( 'NONE',  ( -1.000000000000000000, 0.0000000000000000000, 0.0000000000000000000 ) ) ;
#1730 = VECTOR ( 'NONE', #948, 1000.000000000000000 ) ;
#1731 = DIRECTION ( 'NONE',  ( 0.0000000000000000000, 0.0000000000000000000, 1.000000000000000000 ) ) ;
#1732 = ORIENTED_EDGE ( 'NONE', *, *, #970, .T. ) ;
#1733 = ADVANCED_FACE ( 'NONE', ( #1711 ), #1656, .T. ) ;
#1734 = CARTESIAN_POINT ( 'NONE',  ( 0.0000000000000000000, 0.0000000000000000000, -44.29999999999999700 ) ) ;
#1735 = CARTESIAN_POINT ( 'NONE',  ( -7.749999999999966200, 13.42339375865881700, 22.50000000000000000 ) ) ;
#1736 = ORIENTED_EDGE ( 'NONE', *, *, #2026, .F. ) ;
#1737 = CARTESIAN_POINT ( 'NONE',  ( 11.50000000000000000, -0.9999999999999986700, -44.29999999999999700 ) ) ;
#1738 = AXIS2_PLACEMENT_3D ( 'NONE', #1146, #196, #1318 ) ;
#1739 = DIRECTION ( 'NONE',  ( 0.0000000000000000000, -1.000000000000000000, -9.035018104045873200E-017 ) ) ;
#1740 = EDGE_CURVE ( 'NONE', #2012, #1055, #2105, .T. ) ;
#1741 = CARTESIAN_POINT ( 'NONE',  ( 1.600155697571245600, 9.537617342740921000, 50.90373208242203200 ) ) ;
#1743 = DIRECTION ( 'NONE',  ( 0.0000000000000000000, 0.0000000000000000000, -1.000000000000000000 ) ) ;
#1742 = CIRCLE ( 'NONE', #1020, 6.000000000000000900 ) ;
#1744 = DIRECTION ( 'NONE',  ( 0.0000000000000000000, 0.0000000000000000000, 1.000000000000000000 ) ) ;
#1745 = VECTOR ( 'NONE', #657, 1000.000000000000000 ) ;
#1746 = ADVANCED_FACE ( 'NONE', ( #50 ), #801, .F. ) ;
#1747 = DIRECTION ( 'NONE',  ( 0.0000000000000000000, 0.0000000000000000000, 1.000000000000000000 ) ) ;
#1748 = ORIENTED_EDGE ( 'NONE', *, *, #1740, .T. ) ;
#1749 = CARTESIAN_POINT ( 'NONE',  ( 14.50000000000000000, 0.0000000000000000000, -37.79999999999999700 ) ) ;
#1750 = ORIENTED_EDGE ( 'NONE', *, *, #1705, .F. ) ;
#1751 = AXIS2_PLACEMENT_3D ( 'NONE', #1026, #74, #1193 ) ;
#1752 = DIRECTION ( 'NONE',  ( 0.0000000000000000000, 1.807003620809174600E-016, -1.000000000000000000 ) ) ;
#1753 = VERTEX_POINT ( 'NONE', #1749 ) ;
#1754 = DIRECTION ( 'NONE',  ( -0.0000000000000000000, -0.0000000000000000000, 1.000000000000000000 ) ) ;
#1755 = CARTESIAN_POINT ( 'NONE',  ( 11.50000000000000000, 1.500000000000000000, -43.79999999999999700 ) ) ;
#1756 = ADVANCED_FACE ( 'NONE', ( #1225 ), #2050, .F. ) ;
#1757 = VECTOR ( 'NONE', #159, 1000.000000000000000 ) ;
#1758 = EDGE_CURVE ( 'NONE', #714, #2072, #368, .T. ) ;
#1759 = LINE ( 'NONE', #2041, #360 ) ;
#1760 = ORIENTED_EDGE ( 'NONE', *, *, #1108, .T. ) ;
#1761 = VERTEX_POINT ( 'NONE', #146 ) ;
#1762 = DIRECTION ( 'NONE',  ( 0.0000000000000000000, 0.0000000000000000000, 1.000000000000000000 ) ) ;
#1763 = DIRECTION ( 'NONE',  ( 1.000000000000000000, 0.0000000000000000000, 0.0000000000000000000 ) ) ;
#1764 = CARTESIAN_POINT ( 'NONE',  ( 12.00000000000000000, -1.499999999999998000, -43.79999999999999700 ) ) ;
#1765 = DIRECTION ( 'NONE',  ( -0.0000000000000000000, -0.0000000000000000000, 1.000000000000000000 ) ) ;
#1766 = EDGE_CURVE ( 'NONE', #211, #2057, #414, .T. ) ;
#1767 = ADVANCED_FACE ( 'NONE', ( #741, #1286 ), #1492, .F. ) ;
#1768 = LINE ( 'NONE', #1905, #470 ) ;
#1769 = EDGE_CURVE ( 'NONE', #1344, #1220, #324, .T. ) ;
#1771 = CARTESIAN_POINT ( 'NONE',  ( 11.50000000000000000, 0.0000000000000000000, -42.86512203727812700 ) ) ;
#1770 = CYLINDRICAL_SURFACE ( 'NONE', #1258, 0.5000000000000000000 ) ;
#1772 = CARTESIAN_POINT ( 'NONE',  ( 0.0000000000000000000, 0.0000000000000000000, -40.80000000000000400 ) ) ;
#1773 = FACE_BOUND ( 'NONE', #236, .T. ) ;
#1774 = CARTESIAN_POINT ( 'NONE',  ( -7.749999999999966200, 13.42339375865881700, 19.00000000000000000 ) ) ;
#1775 = ORIENTED_EDGE ( 'NONE', *, *, #862, .F. ) ;
#1776 = CARTESIAN_POINT ( 'NONE',  ( 0.0000000000000000000, 0.0000000000000000000, -37.79999999999999700 ) ) ;
#1777 = EDGE_LOOP ( 'NONE', ( #1455, #2013, #422, #1038 ) ) ;
#1778 = AXIS2_PLACEMENT_3D ( 'NONE', #1853, #871, #2020 ) ;
#1779 = EDGE_LOOP ( 'NONE', ( #1536, #2086, #121, #663 ) ) ;
#1780 = EDGE_CURVE ( 'NONE', #604, #1003, #1172, .T. ) ;
#1781 = VERTEX_POINT ( 'NONE', #1006 ) ;
#1782 = EDGE_CURVE ( 'NONE', #1658, #908, #893, .T. ) ;
#1783 = VECTOR ( 'NONE', #1361, 1000.000000000000000 ) ;
#1784 = DIRECTION ( 'NONE',  ( 1.000000000000000000, 0.0000000000000000000, 0.0000000000000000000 ) ) ;
#1785 = DIRECTION ( 'NONE',  ( -1.000000000000000000, 0.0000000000000000000, 0.0000000000000000000 ) ) ;
#1786 = DIRECTION ( 'NONE',  ( -0.0000000000000000000, -0.0000000000000000000, 1.000000000000000000 ) ) ;
#1787 = CYLINDRICAL_SURFACE ( 'NONE', #1789, 3.000000000000000000 ) ;
#1788 = ADVANCED_FACE ( 'NONE', ( #719 ), #692, .F. ) ;
#1789 = AXIS2_PLACEMENT_3D ( 'NONE', #511, #200, #351 ) ;
#1790 = EDGE_LOOP ( 'NONE', ( #1365, #299, #1207, #994 ) ) ;
#1791 = CARTESIAN_POINT ( 'NONE',  ( 17.10000000000000100, 0.0000000000000000000, 19.00000000000000000 ) ) ;
#1792 = EDGE_LOOP ( 'NONE', ( #1133, #1394, #678, #20 ) ) ;
#1793 = APPLICATION_PROTOCOL_DEFINITION ( 'draft international standard', 'automotive_design', 1998, #650 ) ;
#1794 = DIRECTION ( 'NONE',  ( -0.0000000000000000000, -0.0000000000000000000, 1.000000000000000000 ) ) ;
#1795 = DIRECTION ( 'NONE',  ( 1.000000000000000000, 0.0000000000000000000, -0.0000000000000000000 ) ) ;
#1796 = CARTESIAN_POINT ( 'NONE',  ( -0.8100618189284475300, 4.110040096527050000, 52.18365608126029500 ) ) ;
#1797 = CARTESIAN_POINT ( 'NONE',  ( -6.149999999999969300, 13.42339375865881700, 22.50000000000000000 ) ) ;
#1798 = FACE_OUTER_BOUND ( 'NONE', #1093, .T. ) ;
#1799 = CIRCLE ( 'NONE', #1042, 1.599999999999997200 ) ;
#1800 = AXIS2_PLACEMENT_3D ( 'NONE', #1548, #580, #1720 ) ;
#1801 = ADVANCED_FACE ( 'NONE', ( #1981 ), #675, .F. ) ;
#1803 = DIRECTION ( 'NONE',  ( -0.0000000000000000000, -0.0000000000000000000, 1.000000000000000000 ) ) ;
#1802 = LINE ( 'NONE', #1177, #924 ) ;
#1804 = CARTESIAN_POINT ( 'NONE',  ( 0.0000000000000000000, 9.999999999999998200, 52.39999999999999900 ) ) ;
#1805 = CARTESIAN_POINT ( 'NONE',  ( 11.50000000000000000, -1.626303258728256700E-016, -41.66512203727812400 ) ) ;
#1806 = ORIENTED_EDGE ( 'NONE', *, *, #1816, .T. ) ;
#1807 = CARTESIAN_POINT ( 'NONE',  ( -7.750000000000064800, -13.42339375865876100, 19.00000000000000000 ) ) ;
#1808 = EDGE_LOOP ( 'NONE', ( #1192, #455, #1415, #1544, #427 ) ) ;
#1809 = DIRECTION ( 'NONE',  ( 1.000000000000000000, 0.0000000000000000000, 0.0000000000000000000 ) ) ;
#1810 = CARTESIAN_POINT ( 'NONE',  ( -1.599873336707744000, 9.537795367740130800, 50.90871243644722500 ) ) ;
#1811 = ORIENTED_EDGE ( 'NONE', *, *, #2028, .F. ) ;
#1812 = VERTEX_POINT ( 'NONE', #1671 ) ;
#1813 = AXIS2_PLACEMENT_3D ( 'NONE', #227, #1353, #377 ) ;
#1814 = CARTESIAN_POINT ( 'NONE',  ( -11.50000000000000000, 0.9999999999999991100, -43.79999999999999700 ) ) ;
#1815 = FACE_OUTER_BOUND ( 'NONE', #192, .T. ) ;
#1816 = EDGE_CURVE ( 'NONE', #1514, #1082, #1998, .T. ) ;
#1817 = FACE_OUTER_BOUND ( 'NONE', #2017, .T. ) ;
#1818 = CARTESIAN_POINT ( 'NONE',  ( 2.747135710161824400E-013, 10.00000000000133800, 49.19999999999748800 ) ) ;
#1819 = EDGE_LOOP ( 'NONE', ( #1340, #1898, #783, #82 ) ) ;
#1820 = ORIENTED_EDGE ( 'NONE', *, *, #39, .F. ) ;
#1821 = MECHANICAL_DESIGN_GEOMETRIC_PRESENTATION_REPRESENTATION (  '', ( #1591 ), #1932 ) ;
#1822 = AXIS2_PLACEMENT_3D ( 'NONE', #154, #1271, #304 ) ;
#1823 = EDGE_CURVE ( 'NONE', #1994, #1593, #1528, .T. ) ;
#1824 = DIRECTION ( 'NONE',  ( 0.0000000000000000000, 0.0000000000000000000, -1.000000000000000000 ) ) ;
#1825 = VECTOR ( 'NONE', #1870, 1000.000000000000000 ) ;
#1826 = FACE_OUTER_BOUND ( 'NONE', #1116, .T. ) ;
#1827 = AXIS2_PLACEMENT_3D ( 'NONE', #620, #1762, #784 ) ;
#1828 = EDGE_LOOP ( 'NONE', ( #909, #1000 ) ) ;
#1829 = AXIS2_PLACEMENT_3D ( 'NONE', #296, #615, #1752 ) ;
#1830 = CARTESIAN_POINT ( 'NONE',  ( -15.50000000000000000, 0.0000000000000000000, 19.00000000000000000 ) ) ;
#1831 = EDGE_LOOP ( 'NONE', ( #1085, #1616 ) ) ;
#1832 = CARTESIAN_POINT ( 'NONE',  ( 6.150000000000061600, 13.42339375865876500, 19.00000000000000000 ) ) ;
#1833 = ORIENTED_EDGE ( 'NONE', *, *, #989, .T. ) ;
#1834 = ORIENTED_EDGE ( 'NONE', *, *, #2100, .T. ) ;
#1835 = DIRECTION ( 'NONE',  ( -0.0000000000000000000, 0.0000000000000000000, 1.000000000000000000 ) ) ;
#1836 = DIRECTION ( 'NONE',  ( 0.0000000000000000000, -1.000000000000000000, 0.0000000000000000000 ) ) ;
#1837 = VECTOR ( 'NONE', #1640, 1000.000000000000000 ) ;
#1838 = EDGE_CURVE ( 'NONE', #1012, #1055, #1107, .T. ) ;
#1839 = ORIENTED_EDGE ( 'NONE', *, *, #607, .F. ) ;
#1840 = ORIENTED_EDGE ( 'NONE', *, *, #2074, .F. ) ;
#1841 = DIRECTION ( 'NONE',  ( -0.0000000000000000000, -0.0000000000000000000, 1.000000000000000000 ) ) ;
#1842 = DIRECTION ( 'NONE',  ( 0.0000000000000000000, 0.0000000000000000000, 1.000000000000000000 ) ) ;
#1843 = CARTESIAN_POINT ( 'NONE',  ( -12.00000000000000000, 1.499999999999999100, -44.29999999999999700 ) ) ;
#1844 = CIRCLE ( 'NONE', #697, 1.599999999999999900 ) ;
#1845 = LINE ( 'NONE', #636, #187 ) ;
#1846 = AXIS2_PLACEMENT_3D ( 'NONE', #991, #670, #24 ) ;
#1847 = CYLINDRICAL_SURFACE ( 'NONE', #1073, 18.50000000000000000 ) ;
#1848 = DIRECTION ( 'NONE',  ( 1.000000000000000000, 0.0000000000000000000, 0.0000000000000000000 ) ) ;
#1849 = EDGE_CURVE ( 'NONE', #473, #1345, #1484, .T. ) ;
#1850 = DIRECTION ( 'NONE',  ( 1.000000000000000000, 0.0000000000000000000, -0.0000000000000000000 ) ) ;
#1851 = ORIENTED_EDGE ( 'NONE', *, *, #214, .T. ) ;
#1852 = CARTESIAN_POINT ( 'NONE',  ( 0.0000000000000000000, 7.000000000000000000, 58.79999999999999700 ) ) ;
#1853 = CARTESIAN_POINT ( 'NONE',  ( -11.50000000000000000, 0.0000000000000000000, -42.86512203727812700 ) ) ;
#1854 = ORIENTED_EDGE ( 'NONE', *, *, #2092, .F. ) ;
#1855 = DIRECTION ( 'NONE',  ( 0.0000000000000000000, 0.0000000000000000000, 1.000000000000000000 ) ) ;
#1856 = ORIENTED_EDGE ( 'NONE', *, *, #356, .F. ) ;
#1857 = CARTESIAN_POINT ( 'NONE',  ( -1.000000000000000000, 1.224646799147353200E-016, -49.80000000000000400 ) ) ;
#1858 = FACE_OUTER_BOUND ( 'NONE', #96, .T. ) ;
#1859 = DIRECTION ( 'NONE',  ( -0.0000000000000000000, -0.0000000000000000000, -1.000000000000000000 ) ) ;
#1860 = CIRCLE ( 'NONE', #950, 0.3201142746380725200 ) ;
#1861 = AXIS2_PLACEMENT_3D ( 'NONE', #1996, #1014, #64 ) ;
#1862 = CARTESIAN_POINT ( 'NONE',  ( 1.589276116551132000, 4.455436118655044600, 50.58693363978929400 ) ) ;
#1863 = ORIENTED_EDGE ( 'NONE', *, *, #773, .F. ) ;
#1864 = CARTESIAN_POINT ( 'NONE',  ( 11.50000000000000000, 1.500000000000000000, -44.29999999999999700 ) ) ;
#1865 = EDGE_CURVE ( 'NONE', #688, #1812, #624, .T. ) ;
#1866 = CARTESIAN_POINT ( 'NONE',  ( -12.00000000000000000, -1.499999999999997100, -44.29999999999999700 ) ) ;
#1867 = CARTESIAN_POINT ( 'NONE',  ( 0.1064531476279322200, 9.999999999999984000, 49.20000000000003800 ) ) ;
#1868 = LINE ( 'NONE', #883, #1437 ) ;
#1869 = FACE_OUTER_BOUND ( 'NONE', #1471, .T. ) ;
#1870 = DIRECTION ( 'NONE',  ( -0.0000000000000000000, 1.000000000000000000, -0.0000000000000000000 ) ) ;
#1871 = EDGE_CURVE ( 'NONE', #2030, #1161, #1929, .T. ) ;
#1872 = ORIENTED_EDGE ( 'NONE', *, *, #1151, .T. ) ;
#1873 = DIRECTION ( 'NONE',  ( 1.000000000000000000, 0.0000000000000000000, 0.0000000000000000000 ) ) ;
#1874 = CARTESIAN_POINT ( 'NONE',  ( 0.9804582896953979400, 9.836680074489507300, 49.53138811112342700 ) ) ;
#1875 = EDGE_CURVE ( 'NONE', #1564, #575, #210, .T. ) ;
#1876 = CARTESIAN_POINT ( 'NONE',  ( 7.750000000000061300, 13.42339375865876500, 19.00000000000000000 ) ) ;
#1877 = VERTEX_POINT ( 'NONE', #1363 ) ;
#1878 = DIRECTION ( 'NONE',  ( 1.000000000000000000, 4.336808689942014300E-016, 0.0000000000000000000 ) ) ;
#1879 = CARTESIAN_POINT ( 'NONE',  ( 11.50000000000000000, -0.3201142746380725200, -42.86512203727812700 ) ) ;
#1880 = ORIENTED_EDGE ( 'NONE', *, *, #993, .F. ) ;
#1881 = ORIENTED_EDGE ( 'NONE', *, *, #1276, .T. ) ;
#1882 = VECTOR ( 'NONE', #1356, 999.9999999999998900 ) ;
#1883 = B_SPLINE_CURVE_WITH_KNOTS ( 'NONE', 3,
 ( #390, #1364, #875, #2022, #1035, #83, #1199, #246, #1371, #397, #1524, #554, #1692, #717, #1862, #882, #2027, #1041, #92, #1206, #251, #1376, #403, #1530, #561, #1700 ),
 .UNSPECIFIED., .F., .F.,
 ( 4, 2, 2, 2, 2, 2, 2, 2, 2, 2, 2, 2, 4 ),
 ( 0.0000000000000000000, 0.0003189553522823041300, 0.0006379107045646082600, 0.001275821409129207600, 0.001913732113693807000, 0.002232687465976106800, 0.002551642818258407000, 0.002870598170540706800, 0.003189553522823007500, 0.003827464227387625300, 0.004465374931952243900, 0.004784330284234553300, 0.005103285636516862600 ),
 .UNSPECIFIED. ) ;
#1884 = CARTESIAN_POINT ( 'NONE',  ( -18.50000000000000000, 0.0000000000000000000, 0.0000000000000000000 ) ) ;
#1885 = CIRCLE ( 'NONE', #1126, 1.600000000000000800 ) ;
#1886 = CARTESIAN_POINT ( 'NONE',  ( 11.50000000000000000, 0.3201142746380724000, -41.66512203727812400 ) ) ;
#1887 = AXIS2_PLACEMENT_3D ( 'NONE', #69, #1182, #232 ) ;
#1888 = DIRECTION ( 'NONE',  ( 1.000000000000000000, -0.0000000000000000000, -0.0000000000000000000 ) ) ;
#1889 = EDGE_CURVE ( 'NONE', #1208, #1051, #997, .T. ) ;
#1890 = ORIENTED_EDGE ( 'NONE', *, *, #1511, .F. ) ;
#1891 = VERTEX_POINT ( 'NONE', #239 ) ;
#1892 = EDGE_CURVE ( 'NONE', #1328, #1989, #566, .T. ) ;
#1893 = DIRECTION ( 'NONE',  ( 0.0000000000000000000, 0.0000000000000000000, -1.000000000000000000 ) ) ;
#1894 = DIRECTION ( 'NONE',  ( -1.000000000000000000, 0.0000000000000000000, 0.0000000000000000000 ) ) ;
#1895 = CARTESIAN_POINT ( 'NONE',  ( -1.395128836210329600, 4.342541527272437900, 49.98977003127530600 ) ) ;
#1896 = CARTESIAN_POINT ( 'NONE',  ( -6.150000000000065200, -13.42339375865876100, 22.50000000000000000 ) ) ;
#1897 = ADVANCED_FACE ( 'NONE', ( #1826 ), #873, .T. ) ;
#1898 = ORIENTED_EDGE ( 'NONE', *, *, #799, .T. ) ;
#1899 = CYLINDRICAL_SURFACE ( 'NONE', #277, 1.599999999999999900 ) ;
#1900 = CIRCLE ( 'NONE', #51, 14.50000000000000000 ) ;
#1901 = LINE ( 'NONE', #2001, #544 ) ;
#1902 = CARTESIAN_POINT ( 'NONE',  ( 2.799999999999997200, 7.000000000000000000, 58.79999999999999700 ) ) ;
#1903 = DIRECTION ( 'NONE',  ( 1.000000000000000000, 0.0000000000000000000, 0.0000000000000000000 ) ) ;
#1904 = CARTESIAN_POINT ( 'NONE',  ( -18.50000000000000000, 0.0000000000000000000, 22.50000000000000000 ) ) ;
#1905 = CARTESIAN_POINT ( 'NONE',  ( 14.50000000000000000, 0.0000000000000000000, -37.79999999999999700 ) ) ;
#1906 = ORIENTED_EDGE ( 'NONE', *, *, #1261, .F. ) ;
#1907 = AXIS2_PLACEMENT_3D ( 'NONE', #809, #1608, #960 ) ;
#1908 = DIRECTION ( 'NONE',  ( 0.0000000000000000000, -9.035018104045873200E-017, 1.000000000000000000 ) ) ;
#1909 = EDGE_LOOP ( 'NONE', ( #1880, #721, #1732, #605 ) ) ;
#1910 = CARTESIAN_POINT ( 'NONE',  ( 1.547553861396864900, 9.570151991044872000, 51.21992956256861600 ) ) ;
#1911 = ADVANCED_FACE ( 'NONE', ( #1869 ), #1040, .T. ) ;
#1912 = DIRECTION ( 'NONE',  ( -1.000000000000000000, -0.0000000000000000000, -0.0000000000000000000 ) ) ;
#1913 = EDGE_LOOP ( 'NONE', ( #1468, #806, #1718, #632 ) ) ;
#1914 = CARTESIAN_POINT ( 'NONE',  ( 0.0000000000000000000, 7.000000000000000000, 28.80000000000000100 ) ) ;
#1915 = VECTOR ( 'NONE', #10, 1000.000000000000000 ) ;
#1916 = CARTESIAN_POINT ( 'NONE',  ( -11.50000000000000000, 1.499999999999999100, -43.79999999999999700 ) ) ;
#1917 = LINE ( 'NONE', #737, #245 ) ;
#1918 = VERTEX_POINT ( 'NONE', #1369 ) ;
#1919 = CARTESIAN_POINT ( 'NONE',  ( -11.50000000000000000, -1.626303258728256700E-016, -41.66512203727812400 ) ) ;
#1920 = ORIENTED_EDGE ( 'NONE', *, *, #1823, .F. ) ;
#1921 = AXIS2_PLACEMENT_3D ( 'NONE', #1021, #71, #1187 ) ;
#1922 = ADVANCED_FACE ( 'NONE', ( #952 ), #401, .T. ) ;
#1923 = CARTESIAN_POINT ( 'NONE',  ( -7.750000000000064800, -13.42339375865876100, 19.00000000000000000 ) ) ;
#1924 = EDGE_CURVE ( 'NONE', #1753, #744, #1385, .T. ) ;
#1925 = DIRECTION ( 'NONE',  ( 0.0000000000000000000, 0.0000000000000000000, 1.000000000000000000 ) ) ;
#1926 = CIRCLE ( 'NONE', #445, 0.3201142746380725200 ) ;
#1927 = ORIENTED_EDGE ( 'NONE', *, *, #1451, .T. ) ;
#1928 = LINE ( 'NONE', #1864, #621 ) ;
#1929 = LINE ( 'NONE', #541, #1438 ) ;
#1930 = CARTESIAN_POINT ( 'NONE',  ( 1.000000000000000000, 0.0000000000000000000, -40.80000000000000400 ) ) ;
#1931 = DIRECTION ( 'NONE',  ( 0.0000000000000000000, 0.0000000000000000000, 1.000000000000000000 ) ) ;
#1932 =( GEOMETRIC_REPRESENTATION_CONTEXT ( 3 ) GLOBAL_UNCERTAINTY_ASSIGNED_CONTEXT ( ( #1287 ) ) GLOBAL_UNIT_ASSIGNED_CONTEXT ( ( #1129, #182, #1301 ) ) REPRESENTATION_CONTEXT ( 'NONE', 'WORKASPACE' ) );
#1933 = DIRECTION ( 'NONE',  ( -0.0000000000000000000, 0.0000000000000000000, 1.000000000000000000 ) ) ;
#1934 = ADVANCED_FACE ( 'NONE', ( #104, #1773, #520, #1336, #899, #475, #55, #1715 ), #887, .T. ) ;
#1935 = VERTEX_POINT ( 'NONE', #1697 ) ;
#1936 = EDGE_CURVE ( 'NONE', #1631, #1404, #419, .T. ) ;
#1937 = VERTEX_POINT ( 'NONE', #917 ) ;
#1938 = AXIS2_PLACEMENT_3D ( 'NONE', #1433, #1110, #151 ) ;
#1939 = EDGE_LOOP ( 'NONE', ( #322, #1029, #1615, #1234 ) ) ;
#1940 = DIRECTION ( 'NONE',  ( 0.0000000000000000000, 0.0000000000000000000, -1.000000000000000000 ) ) ;
#1941 = CARTESIAN_POINT ( 'NONE',  ( 0.0000000000000000000, 7.000000000000000000, 22.50000000000000000 ) ) ;
#1942 = EDGE_LOOP ( 'NONE', ( #891, #1007, #1986, #495 ) ) ;
#1943 = LINE ( 'NONE', #1089, #1542 ) ;
#1944 = FACE_BOUND ( 'NONE', #1298, .T. ) ;
#1945 = DIRECTION ( 'NONE',  ( 1.000000000000000000, 0.0000000000000000000, 0.0000000000000000000 ) ) ;
#1946 = EDGE_LOOP ( 'NONE', ( #1811, #509, #1604, #415 ) ) ;
#1947 = PLANE ( 'NONE',  #1679 ) ;
#1948 = ORIENTED_EDGE ( 'NONE', *, *, #1823, .T. ) ;
#1949 = FILL_AREA_STYLE ('',( #1605 ) ) ;
#1950 = EDGE_CURVE ( 'NONE', #688, #904, #849, .T. ) ;
#1951 = DIRECTION ( 'NONE',  ( -0.0000000000000000000, 1.807003620809174600E-016, -1.000000000000000000 ) ) ;
#1952 = DIRECTION ( 'NONE',  ( 0.0000000000000000000, -1.000000000000000000, 0.0000000000000000000 ) ) ;
#1953 = ORIENTED_EDGE ( 'NONE', *, *, #1228, .T. ) ;
#1954 = FACE_OUTER_BOUND ( 'NONE', #1102, .T. ) ;
#1955 = CARTESIAN_POINT ( 'NONE',  ( 0.0000000000000000000, -18.50000000000000000, 50.79999999999999700 ) ) ;
#1956 = LINE ( 'NONE', #459, #1070 ) ;
#1957 = CARTESIAN_POINT ( 'NONE',  ( -12.00000000000000000, -0.3201142746380727400, -41.66512203727812400 ) ) ;
#1958 = CARTESIAN_POINT ( 'NONE',  ( 0.0000000000000000000, 7.000000000000000000, 22.50000000000000000 ) ) ;
#1959 = DIRECTION ( 'NONE',  ( -1.000000000000000000, 0.0000000000000000000, -0.0000000000000000000 ) ) ;
#1960 = ORIENTED_EDGE ( 'NONE', *, *, #637, .F. ) ;
#1961 = CARTESIAN_POINT ( 'NONE',  ( -0.4290249459771836600, 4.024351497873169600, 52.35543493860988900 ) ) ;
#1962 = AXIS2_PLACEMENT_3D ( 'NONE', #1157, #38, #1785 ) ;
#1963 = ADVANCED_FACE ( 'NONE', ( #2 ), #1565, .T. ) ;
#1964 = ORIENTED_EDGE ( 'NONE', *, *, #892, .T. ) ;
#1965 = CARTESIAN_POINT ( 'NONE',  ( 12.00000000000000000, 0.3201142746380726300, -42.86512203727812700 ) ) ;
#1966 = ORIENTED_EDGE ( 'NONE', *, *, #1892, .T. ) ;
#1967 = EDGE_CURVE ( 'NONE', #1602, #1520, #1231, .T. ) ;
#1968 = CARTESIAN_POINT ( 'NONE',  ( 11.50000000000000000, -0.3201142746380725200, -42.86512203727812700 ) ) ;
#1969 = CIRCLE ( 'NONE', #540, 1.599999999999997200 ) ;
#1970 = CIRCLE ( 'NONE', #626, 0.3201142746380725200 ) ;
#1971 = DIRECTION ( 'NONE',  ( 0.0000000000000000000, 0.0000000000000000000, -1.000000000000000000 ) ) ;
#1972 = ORIENTED_EDGE ( 'NONE', *, *, #932, .T. ) ;
#1973 = CARTESIAN_POINT ( 'NONE',  ( 0.0000000000000000000, 7.000000000000000000, 28.80000000000000100 ) ) ;
#1974 = CARTESIAN_POINT ( 'NONE',  ( -1.589276116551132400, 9.544563881344954500, 50.58693363978931500 ) ) ;
#1975 = ORIENTED_EDGE ( 'NONE', *, *, #252, .F. ) ;
#1976 = ORIENTED_EDGE ( 'NONE', *, *, #1580, .T. ) ;
#1977 = DIRECTION ( 'NONE',  ( 0.0000000000000000000, 0.0000000000000000000, 1.000000000000000000 ) ) ;
#1978 = CYLINDRICAL_SURFACE ( 'NONE', #2015, 1.599999999999997200 ) ;
#1979 = AXIS2_PLACEMENT_3D ( 'NONE', #1678, #702, #1848 ) ;
#1980 = FACE_BOUND ( 'NONE', #1808, .T. ) ;
#1981 = FACE_OUTER_BOUND ( 'NONE', #1181, .T. ) ;
#1982 = CARTESIAN_POINT ( 'NONE',  ( 6.000000000000000900, 7.000000000000000900, 28.80000000000000100 ) ) ;
#1983 = EDGE_CURVE ( 'NONE', #1761, #212, #2053, .T. ) ;
#1984 = ORIENTED_EDGE ( 'NONE', *, *, #416, .T. ) ;
#1985 = ORIENTED_EDGE ( 'NONE', *, *, #1036, .F. ) ;
#1986 = ORIENTED_EDGE ( 'NONE', *, *, #886, .T. ) ;
#1987 = ORIENTED_EDGE ( 'NONE', *, *, #1534, .F. ) ;
#1988 = CARTESIAN_POINT ( 'NONE',  ( 12.00000000000000000, -1.499999999999998000, -44.29999999999999700 ) ) ;
#1989 = VERTEX_POINT ( 'NONE', #135 ) ;
#1990 = EDGE_CURVE ( 'NONE', #908, #1404, #327, .T. ) ;
#1991 = CYLINDRICAL_SURFACE ( 'NONE', #1226, 6.000000000000000900 ) ;
#1992 = EDGE_CURVE ( 'NONE', #486, #308, #1611, .T. ) ;
#1993 = FACE_OUTER_BOUND ( 'NONE', #385, .T. ) ;
#1994 = VERTEX_POINT ( 'NONE', #1916 ) ;
#1995 = DIRECTION ( 'NONE',  ( 1.000000000000000000, 0.0000000000000000000, 0.0000000000000000000 ) ) ;
#1996 = CARTESIAN_POINT ( 'NONE',  ( -12.00000000000000000, -1.499999999999997100, -44.29999999999999700 ) ) ;
#1997 = EDGE_LOOP ( 'NONE', ( #628, #2069, #87, #600 ) ) ;
#1998 = LINE ( 'NONE', #1502, #254 ) ;
#1999 = DIRECTION ( 'NONE',  ( 1.000000000000000000, 0.0000000000000000000, 0.0000000000000000000 ) ) ;
#2000 = AXIS2_PLACEMENT_3D ( 'NONE', #1196, #244, #1366 ) ;
#2001 = CARTESIAN_POINT ( 'NONE',  ( -11.50000000000000000, -1.626303258728256700E-016, -41.34500776264005100 ) ) ;
#2002 = DIRECTION ( 'NONE',  ( 0.0000000000000000000, 0.0000000000000000000, -1.000000000000000000 ) ) ;
#2003 = FACE_OUTER_BOUND ( 'NONE', #1500, .T. ) ;
#2004 = VECTOR ( 'NONE', #606, 1000.000000000000000 ) ;
#2005 = DIRECTION ( 'NONE',  ( 0.0000000000000000000, 0.0000000000000000000, -1.000000000000000000 ) ) ;
#2006 = EDGE_CURVE ( 'NONE', #1162, #1027, #1292, .T. ) ;
#2007 = ORIENTED_EDGE ( 'NONE', *, *, #1501, .F. ) ;
#2008 = AXIS2_PLACEMENT_3D ( 'NONE', #585, #1726, #746 ) ;
#2009 = EDGE_LOOP ( 'NONE', ( #174, #1532, #864, #1420 ) ) ;
#2010 = CARTESIAN_POINT ( 'NONE',  ( 0.0000000000000000000, -18.50000000000000000, 50.79999999999999700 ) ) ;
#2011 = CARTESIAN_POINT ( 'NONE',  ( -11.50000000000000000, 0.3201142746380725200, -42.86512203727812700 ) ) ;
#2012 = VERTEX_POINT ( 'NONE', #1571 ) ;
#2013 = ORIENTED_EDGE ( 'NONE', *, *, #1889, .T. ) ;
#2014 = CYLINDRICAL_SURFACE ( 'NONE', #334, 1.600000000000000800 ) ;
#2015 = AXIS2_PLACEMENT_3D ( 'NONE', #1955, #1388, #1219 ) ;
#2016 = DIRECTION ( 'NONE',  ( -0.0000000000000000000, -0.0000000000000000000, -1.000000000000000000 ) ) ;
#2017 = EDGE_LOOP ( 'NONE', ( #1725, #999 ) ) ;
#2018 = EDGE_LOOP ( 'NONE', ( #780, #586 ) ) ;
#2019 = CARTESIAN_POINT ( 'NONE',  ( 7.750000000000061300, 13.42339375865876500, 19.00000000000000000 ) ) ;
#2020 = DIRECTION ( 'NONE',  ( 0.0000000000000000000, 0.0000000000000000000, -1.000000000000000000 ) ) ;
#2021 = DIRECTION ( 'NONE',  ( 1.000000000000000000, 0.0000000000000000000, -0.0000000000000000000 ) ) ;
#2022 = CARTESIAN_POINT ( 'NONE',  ( 0.4213152265526048900, 4.027899227679716500, 52.34715949772445500 ) ) ;
#2023 = LINE ( 'NONE', #1132, #1197 ) ;
#2024 = DIRECTION ( 'NONE',  ( 0.0000000000000000000, -1.000000000000000000, 0.0000000000000000000 ) ) ;
#2025 = FACE_OUTER_BOUND ( 'NONE', #217, .T. ) ;
#2026 = EDGE_CURVE ( 'NONE', #1593, #1208, #743, .T. ) ;
#2027 = CARTESIAN_POINT ( 'NONE',  ( 1.515951280166079300, 4.410779802309822800, 50.27762121865605800 ) ) ;
#2028 = EDGE_CURVE ( 'NONE', #1449, #933, #1552, .T. ) ;
#2029 = CARTESIAN_POINT ( 'NONE',  ( -7.750000000000064800, -13.42339375865876100, 22.50000000000000000 ) ) ;
#2030 = VERTEX_POINT ( 'NONE', #770 ) ;
#2031 = ORIENTED_EDGE ( 'NONE', *, *, #1171, .F. ) ;
#2032 = CARTESIAN_POINT ( 'NONE',  ( 0.0000000000000000000, 0.0000000000000000000, 28.80000000000000100 ) ) ;
#2033 = ORIENTED_EDGE ( 'NONE', *, *, #1064, .T. ) ;
#2034 = DIRECTION ( 'NONE',  ( 0.0000000000000000000, -9.035018104045873200E-017, 1.000000000000000000 ) ) ;
#2035 = DIRECTION ( 'NONE',  ( -1.000000000000000000, 0.0000000000000000000, 0.0000000000000000000 ) ) ;
#2036 = PLANE ( 'NONE',  #1033 ) ;
#2037 = AXIS2_PLACEMENT_3D ( 'NONE', #816, #1794, #1784 ) ;
#2038 = LINE ( 'NONE', #381, #1882 ) ;
#2039 = EDGE_CURVE ( 'NONE', #1470, #238, #695, .T. ) ;
#2040 = CIRCLE ( 'NONE', #270, 0.5000000000000004400 ) ;
#2041 = CARTESIAN_POINT ( 'NONE',  ( 9.349999999999971200, -13.42339375865881500, 19.00000000000000000 ) ) ;
#2042 = CARTESIAN_POINT ( 'NONE',  ( 1.277748561568833300, 9.718774601517546700, 49.81547445562080200 ) ) ;
#2043 = ORIENTED_EDGE ( 'NONE', *, *, #330, .F. ) ;
#2044 = DIRECTION ( 'NONE',  ( 1.000000000000000000, 0.0000000000000000000, 0.0000000000000000000 ) ) ;
#2045 = ORIENTED_EDGE ( 'NONE', *, *, #1261, .T. ) ;
#2046 = CARTESIAN_POINT ( 'NONE',  ( 0.0000000000000000000, 7.000000000000000000, 28.80000000000000100 ) ) ;
#2047 = CARTESIAN_POINT ( 'NONE',  ( 0.0000000000000000000, 7.000000000000000000, 28.60000000000000900 ) ) ;
#2048 = ORIENTED_EDGE ( 'NONE', *, *, #317, .T. ) ;
#2049 = AXIS2_PLACEMENT_3D ( 'NONE', #1923, #149, #776 ) ;
#2050 = CYLINDRICAL_SURFACE ( 'NONE', #1321, 0.3201142746380725200 ) ;
#2051 = LINE ( 'NONE', #1072, #1610 ) ;
#2052 = DIRECTION ( 'NONE',  ( -0.0000000000000000000, -0.0000000000000000000, 1.000000000000000000 ) ) ;
#2053 = LINE ( 'NONE', #1086, #1175 ) ;
#2054 = FILL_AREA_STYLE_COLOUR ( '', #1153 ) ;
#2055 = EDGE_CURVE ( 'NONE', #1727, #306, #1956, .T. ) ;
#2056 = ORIENTED_EDGE ( 'NONE', *, *, #1626, .T. ) ;
#2057 = VERTEX_POINT ( 'NONE', #1930 ) ;
#2058 = ADVANCED_FACE ( 'NONE', ( #231 ), #595, .T. ) ;
#2059 = CARTESIAN_POINT ( 'NONE',  ( 15.50000000000000000, 0.0000000000000000000, 19.00000000000000000 ) ) ;
#2060 = VERTEX_POINT ( 'NONE', #1281 ) ;
#2061 = CARTESIAN_POINT ( 'NONE',  ( -1.599683319629259500, 4.462084828939976200, 50.58541276255742500 ) ) ;
#2062 = ORIENTED_EDGE ( 'NONE', *, *, #1160, .T. ) ;
#2063 = ORIENTED_EDGE ( 'NONE', *, *, #785, .F. ) ;
#2064 = PLANE ( 'NONE',  #1339 ) ;
#2065 = CIRCLE ( 'NONE', #2008, 18.50000000000000000 ) ;
#2066 = CARTESIAN_POINT ( 'NONE',  ( 6.000000000000000900, 7.000000000000000900, 28.60000000000000900 ) ) ;
#2067 = AXIS2_PLACEMENT_3D ( 'NONE', #12, #654, #1795 ) ;
#2068 = DIRECTION ( 'NONE',  ( 0.0000000000000000000, 0.0000000000000000000, 1.000000000000000000 ) ) ;
#2069 = ORIENTED_EDGE ( 'NONE', *, *, #1924, .F. ) ;
#2070 = CARTESIAN_POINT ( 'NONE',  ( 12.00000000000000000, -1.626303258728256700E-016, -41.66512203727812400 ) ) ;
#2071 = ADVANCED_FACE ( 'NONE', ( #649, #1019, #1128, #1461 ), #465, .T. ) ;
#2072 = VERTEX_POINT ( 'NONE', #310 ) ;
#2073 = DIRECTION ( 'NONE',  ( -0.0000000000000000000, 1.000000000000000000, -0.0000000000000000000 ) ) ;
#2074 = EDGE_CURVE ( 'NONE', #426, #1331, #1900, .T. ) ;
#2075 = CARTESIAN_POINT ( 'NONE',  ( 1.394919226970374300, 9.657610719400079100, 51.61145530687264900 ) ) ;
#2076 = DIRECTION ( 'NONE',  ( -0.0000000000000000000, -0.0000000000000000000, 1.000000000000000000 ) ) ;
#2077 = CARTESIAN_POINT ( 'NONE',  ( 11.50000000000000000, 0.0000000000000000000, -42.86512203727812700 ) ) ;
#2078 = CYLINDRICAL_SURFACE ( 'NONE', #1464, 1.000000000000000000 ) ;
#2079 = PRESENTATION_STYLE_ASSIGNMENT (( #8 ) ) ;
#2080 = CARTESIAN_POINT ( 'NONE',  ( 0.0000000000000000000, 0.0000000000000000000, 22.50000000000000000 ) ) ;
#2081 = CARTESIAN_POINT ( 'NONE',  ( 0.0000000000000000000, 0.0000000000000000000, 22.30000000000004700 ) ) ;
#2082 = LINE ( 'NONE', #1131, #1201 ) ;
#2083 = CARTESIAN_POINT ( 'NONE',  ( 18.50000000000000000, 2.265596578422603000E-015, 22.50000000000000000 ) ) ;
#2084 = ADVANCED_FACE ( 'NONE', ( #1504 ), #2101, .T. ) ;
#2085 = DIRECTION ( 'NONE',  ( 0.0000000000000000000, 0.0000000000000000000, -1.000000000000000000 ) ) ;
#2086 = ORIENTED_EDGE ( 'NONE', *, *, #457, .T. ) ;
#2087 = AXIS2_PLACEMENT_3D ( 'NONE', #1178, #853, #2002 ) ;
#2088 = CARTESIAN_POINT ( 'NONE',  ( -11.50000000000000000, -0.3201142746380725200, -42.86512203727812700 ) ) ;
#2089 = DIRECTION ( 'NONE',  ( -1.000000000000000000, -0.0000000000000000000, -0.0000000000000000000 ) ) ;
#2090 = ORIENTED_EDGE ( 'NONE', *, *, #1409, .F. ) ;
#2091 = CARTESIAN_POINT ( 'NONE',  ( -6.149999999999969300, 13.42339375865881700, 19.00000000000000000 ) ) ;
#2092 = EDGE_CURVE ( 'NONE', #366, #1344, #1845, .T. ) ;
#2093 = ORIENTED_EDGE ( 'NONE', *, *, #637, .T. ) ;
#2094 = ADVANCED_FACE ( 'NONE', ( #973 ), #1360, .T. ) ;
#2095 = CYLINDRICAL_SURFACE ( 'NONE', #683, 14.50000000000000000 ) ;
#2096 = CARTESIAN_POINT ( 'NONE',  ( 6.149999999999970200, -13.42339375865881500, 22.50000000000000000 ) ) ;
#2097 = LINE ( 'NONE', #894, #1217 ) ;
#2098 = ORIENTED_EDGE ( 'NONE', *, *, #1626, .F. ) ;
#2099 = EDGE_LOOP ( 'NONE', ( #896, #285 ) ) ;
#2100 = EDGE_CURVE ( 'NONE', #755, #62, #1799, .T. ) ;
#2101 = PLANE ( 'NONE',  #943 ) ;
#2102 = EDGE_CURVE ( 'NONE', #211, #1449, #543, .T. ) ;
#2103 = CARTESIAN_POINT ( 'NONE',  ( 0.0000000000000000000, 9.999999999999998200, 52.39999999999999900 ) ) ;
#2104 = DIRECTION ( 'NONE',  ( 1.000000000000000000, 0.0000000000000000000, 0.0000000000000000000 ) ) ;
#2105 = LINE ( 'NONE', #928, #845 ) ;
#2106 = ORIENTED_EDGE ( 'NONE', *, *, #1769, .T. ) ;
ENDSEC;
END-ISO-10303-21;
