# step_response_v2 ready
# Total trials: 46
# Send 'GO' to start the full sequence
# Send 'STOP' between trials to halt
# === SEQUENCE START ===
# Trial 1 of 46: step_up_fwd_200_run01
=== START step_up_fwd_200_run01 ===
t_ms,pwm_cmd,dir,enc_count,rpm
0,0,N,0,0.00
10,0,N,0,0.00
20,0,N,0,0.00
30,0,N,0,0.00
40,0,N,0,0.00
50,0,N,0,0.00
60,0,N,0,0.00
70,0,N,0,0.00
80,0,N,0,0.00
90,0,N,0,0.00
100,0,N,0,0.00
110,0,N,0,0.00
120,0,N,0,0.00
130,0,N,0,0.00
140,0,N,0,0.00
150,0,N,0,0.00
160,0,N,0,0.00
170,0,N,0,0.00
180,0,N,0,0.00
190,0,N,0,0.00
200,0,N,0,0.00
210,0,N,0,0.00
220,0,N,0,0.00
230,0,N,0,0.00
240,0,N,0,0.00
250,0,N,0,0.00
260,0,N,0,0.00
270,0,N,0,0.00
280,0,N,0,0.00
290,0,N,0,0.00
300,0,N,0,0.00
310,0,N,0,0.00
320,0,N,0,0.00
330,0,N,0,0.00
340,0,N,0,0.00
350,0,N,0,0.00
360,0,N,0,0.00
370,0,N,0,0.00
380,0,N,0,0.00
390,0,N,0,0.00
400,0,N,0,0.00
410,0,N,0,0.00
420,0,N,0,0.00
430,0,N,0,0.00
440,0,N,0,0.00
450,0,N,0,0.00
460,0,N,0,0.00
470,0,N,0,0.00
480,0,N,0,0.00
490,0,N,0,0.00
500,200,F,0,0.00
510,200,F,0,0.00
520,200,F,5,12.50
530,200,F,15,24.99
540,200,F,28,32.51
550,200,F,43,37.50
560,200,F,61,45.00
570,200,F,81,49.97
580,200,F,102,52.52
590,200,F,126,59.99
600,200,F,152,65.01
610,200,F,179,67.50
620,200,F,209,75.00
630,200,F,239,75.01
640,200,F,271,80.01
650,200,F,303,79.98
660,200,F,337,85.03
670,200,F,371,84.98
680,200,F,406,87.51
690,200,F,442,90.00
700,200,F,478,90.00
710,200,F,515,92.50
720,200,F,553,95.00
730,200,F,591,94.99
740,200,F,630,97.52
750,200,F,668,94.96
760,200,F,707,97.52
770,200,F,748,102.52
780,200,F,788,99.98
790,200,F,830,105.00
800,200,F,871,102.52
810,200,F,913,104.97
820,200,F,954,102.52
830,200,F,996,105.00
840,200,F,1037,102.50
850,200,F,1079,105.00
860,200,F,1130,127.49
870,200,F,1174,110.00
880,200,F,1216,105.00
890,200,F,1260,110.02
900,200,F,1303,107.47
910,200,F,1346,107.51
920,200,F,1390,110.00
930,200,F,1428,94.99
940,200,F,1473,112.51
950,200,F,1517,110.02
960,200,F,1562,112.49
970,200,F,1606,110.01
980,200,F,1651,112.49
990,200,F,1696,112.51
1000,200,F,1742,114.97
1010,200,F,1787,112.51
1020,200,F,1832,112.52
1030,200,F,1877,112.50
1040,200,F,1923,114.99
1050,200,F,1969,114.99
1060,200,F,2015,114.99
1070,200,F,2061,115.01
1080,200,F,2106,112.48
1090,200,F,2152,115.05
1100,200,F,2197,112.48
1110,200,F,2242,112.47
1120,200,F,2285,107.51
1130,200,F,2330,112.50
1140,200,F,2374,110.01
1150,200,F,2417,107.52
1160,200,F,2461,109.98
1170,200,F,2505,110.03
1180,200,F,2551,115.00
1190,200,F,2596,112.50
1200,200,F,2642,114.99
1210,200,F,2687,112.48
1220,200,F,2733,114.95
1230,200,F,2777,110.08
1240,200,F,2822,112.48
1250,200,F,2866,110.00
1260,200,F,2912,115.01
1270,200,F,2957,112.49
1280,200,F,3002,112.52
1290,200,F,3046,109.99
1300,200,F,3092,115.01
1310,200,F,3137,112.49
1320,200,F,3183,114.93
1330,200,F,3229,115.06
1340,200,F,3275,114.99
1350,200,F,3320,112.53
1360,200,F,3365,112.50
1370,200,F,3410,112.43
1380,200,F,3455,112.57
1390,200,F,3500,112.49
1400,200,F,3554,134.97
1410,200,F,3599,112.50
1420,200,F,3645,115.03
1430,200,F,3690,112.47
1440,200,F,3736,115.01
1450,200,F,3781,112.51
1460,200,F,3826,112.51
1470,200,F,3868,105.00
1480,200,F,3914,114.97
1490,200,F,3960,115.01
1500,200,F,4005,112.48
1510,200,F,4052,117.55
1520,200,F,4099,117.46
1530,200,F,4146,117.51
1540,200,F,4192,115.02
1550,200,F,4240,120.00
1560,200,F,4286,114.92
1570,200,F,4333,117.57
1580,200,F,4380,117.50
1590,200,F,4427,117.50
1600,200,F,4475,120.01
1610,200,F,4522,117.49
1620,200,F,4568,114.99
1630,200,F,4613,112.51
1640,200,F,4660,117.51
1650,200,F,4704,109.99
1660,200,F,4750,114.99
1670,200,F,4794,110.02
1680,200,F,4840,114.97
1690,200,F,4884,110.00
1700,200,F,4930,115.01
1710,200,F,4976,115.00
1720,200,F,5023,117.51
1730,200,F,5070,117.51
1740,200,F,5116,115.00
1750,200,F,5162,114.98
1760,200,F,5207,112.52
1770,200,F,5254,117.50
1780,200,F,5300,114.99
1790,200,F,5346,114.97
1800,200,F,5391,112.55
1810,200,F,5438,117.50
1820,200,F,5483,112.47
1830,200,F,5530,117.51
1840,200,F,5576,114.99
1850,200,F,5623,117.51
1860,200,F,5670,117.50
1870,200,F,5716,115.01
1880,200,F,5762,115.00
1890,200,F,5808,114.98
1900,200,F,5854,115.01
1910,200,F,5901,117.49
1920,200,F,5954,132.54
1930,200,F,6000,115.00
1940,200,F,6047,117.48
1950,200,F,6093,115.02
1960,200,F,6138,112.47
1970,200,F,6183,112.52
1980,200,F,6225,104.99
1990,200,F,6272,117.51
2000,200,F,6319,117.50
2010,200,F,6365,114.99
2020,200,F,6411,115.02
2030,200,F,6458,117.50
2040,200,F,6505,117.46
2050,200,F,6552,117.49
2060,200,F,6598,115.05
2070,200,F,6645,117.50
2080,200,F,6692,117.50
2090,200,F,6739,117.43
2100,200,F,6785,115.05
2110,200,F,6833,120.01
2120,200,F,6881,119.98
2130,200,F,6927,115.00
2140,200,F,6973,115.00
2150,200,F,7019,115.03
2160,200,F,7065,115.00
2170,200,F,7110,112.49
2180,200,F,7155,112.50
2190,200,F,7199,109.99
2200,200,F,7244,112.51
2210,200,F,7289,112.50
2220,200,F,7335,115.01
2230,200,F,7380,112.48
2240,200,F,7428,119.99
2250,200,F,7474,115.03
2260,200,F,7520,114.97
2270,200,F,7566,115.01
2280,200,F,7612,115.01
2290,200,F,7658,115.00
2300,200,F,7704,115.00
2310,200,F,7751,117.51
2320,200,F,7796,112.50
2330,200,F,7842,114.99
2340,200,F,7889,117.48
2350,200,F,7935,114.99
2360,200,F,7981,115.03
2370,200,F,8029,120.01
2380,200,F,8075,114.98
2390,200,F,8122,117.50
2400,200,F,8168,115.02
2410,200,F,8213,112.50
2420,200,F,8260,117.49
2430,200,F,8309,122.49
2440,200,F,8361,129.97
2450,200,F,8407,115.01
2460,200,F,8454,117.54
2470,200,F,8500,114.99
2480,200,F,8545,112.49
2490,200,F,8585,100.00
2500,200,F,8632,117.51
2510,200,F,8680,119.96
2520,200,F,8727,117.51
2530,200,F,8774,117.54
2540,200,F,8821,117.49
2550,200,F,8868,117.48
2560,200,F,8916,120.04
2570,200,F,8963,117.50
2580,200,F,9009,114.98
2590,200,F,9056,117.51
2600,200,F,9102,115.01
2610,200,F,9150,120.00
2620,200,F,9197,117.50
2630,200,F,9245,120.00
2640,200,F,9292,117.50
2650,200,F,9340,119.99
2660,200,F,9386,115.00
2670,200,F,9432,114.98
2680,200,F,9477,112.53
2690,200,F,9524,117.45
2700,200,F,9569,112.52
2710,200,F,9614,112.51
2720,200,F,9659,112.48
2730,200,F,9705,115.03
2740,200,F,9752,117.48
2750,200,F,9798,114.98
2760,200,F,9846,119.98
2770,200,F,9892,115.05
2780,200,F,9939,117.52
2790,200,F,9985,114.98
2800,200,F,10032,117.51
2810,200,F,10077,112.50
2820,200,F,10124,117.50
2830,200,F,10170,115.01
2840,200,F,10217,117.48
2850,200,F,10262,112.50
2860,200,F,10309,117.49
2870,200,F,10356,117.52
2880,200,F,10405,122.48
2890,200,F,10452,117.51
2900,200,F,10499,117.52
2910,200,F,10547,119.99
2920,200,F,10593,114.98
2930,200,F,10640,117.51
2940,200,F,10686,115.01
2950,200,F,10734,120.00
2960,200,F,10780,115.00
2970,200,F,10828,120.01
2980,200,F,10874,114.97
2990,200,F,10921,117.52
3000,200,F,10968,117.46
3010,200,F,11016,120.01
3020,200,F,11064,120.01
3030,200,F,11111,117.52
3040,200,F,11158,117.50
3050,200,F,11205,117.46
3060,200,F,11253,120.01
3070,200,F,11300,117.48
3080,200,F,11347,117.51
3090,200,F,11393,114.99
3100,200,F,11440,117.51
3110,200,F,11486,115.02
3120,200,F,11533,117.49
3130,200,F,11580,117.49
3140,200,F,11628,120.01
3150,200,F,11675,117.52
3160,200,F,11721,114.99
3170,200,F,11767,115.01
3180,200,F,11812,112.48
3190,200,F,11857,112.50
3200,200,F,11901,109.99
3210,200,F,11946,112.52
3220,200,F,11990,109.98
3230,200,F,12036,115.01
3240,200,F,12081,112.52
3250,200,F,12127,115.00
3260,200,F,12173,114.98
3270,200,F,12221,120.01
3280,200,F,12268,117.45
3290,200,F,12314,115.06
3300,200,F,12360,115.00
3310,200,F,12407,117.46
3320,200,F,12453,115.00
3330,200,F,12500,117.50
3340,200,F,12547,117.51
3350,200,F,12593,115.01
3360,200,F,12640,117.48
3370,200,F,12687,117.52
3380,200,F,12735,119.98
3390,200,F,12783,120.04
3400,200,F,12832,122.50
3410,200,F,12880,119.92
3420,200,F,12928,120.07
3430,200,F,12975,117.49
3440,200,F,13022,117.49
3450,200,F,13069,117.52
3460,200,F,13117,119.99
3470,200,F,13164,117.49
3480,200,F,13212,120.04
3490,200,F,13258,114.99
3500,200,F,13305,117.49
3510,200,F,13353,120.01
3520,200,F,13401,120.01
3530,200,F,13449,119.99
3540,200,F,13496,117.50
3550,200,F,13545,122.48
3560,200,F,13592,117.51
3570,200,F,13640,120.01
3580,200,F,13687,117.48
3590,200,F,13735,120.02
3600,200,F,13782,117.49
3610,200,F,13829,117.52
3620,200,F,13875,114.99
3630,200,F,13922,117.48
3640,200,F,13970,120.00
3650,200,F,14018,120.02
3660,200,F,14066,120.00
3670,200,F,14112,114.98
3680,200,F,14158,115.00
3690,200,F,14204,115.03
3700,200,F,14250,114.99
3710,200,F,14294,110.01
3720,200,F,14339,112.48
3730,200,F,14384,112.51
3740,200,F,14430,115.00
3750,200,F,14474,110.00
3760,200,F,14520,115.00
3770,200,F,14567,117.48
3780,200,F,14614,117.50
3790,200,F,14662,120.00
3800,200,F,14708,115.03
3810,200,F,14755,117.48
3820,200,F,14801,114.99
3830,200,F,14848,117.52
3840,200,F,14895,117.51
3850,200,F,14942,117.46
3860,200,F,14988,115.00
3870,200,F,15035,117.54
3880,200,F,15082,117.46
3890,200,F,15130,120.02
3900,200,F,15178,119.98
3910,200,F,15227,122.50
3920,200,F,15274,117.50
3930,200,F,15322,120.00
3940,200,F,15369,117.49
3950,200,F,15416,117.55
3960,200,F,15464,120.00
3970,200,F,15511,117.50
3980,200,F,15559,120.00
3990,200,F,15605,115.00
4000,200,F,15652,117.49
4010,200,F,15699,117.50
4020,200,F,15747,120.00
4030,200,F,15794,117.48
4040,200,F,15842,120.04
4050,200,F,15889,117.48
4060,200,F,15937,120.02
4070,200,F,15985,119.96
4080,200,F,16032,117.52
4090,200,F,16080,119.95
4100,200,F,16127,117.54
4110,200,F,16174,117.52
4120,200,F,16221,117.49
4130,200,F,16267,115.00
4140,200,F,16314,117.50
4150,200,F,16362,119.98
4160,200,F,16410,120.01
4170,200,F,16458,120.00
4180,200,F,16504,114.99
4190,200,F,16551,117.51
4200,200,F,16597,115.02
4210,200,F,16642,112.48
4220,200,F,16686,109.98
4230,200,F,16731,112.51
4240,200,F,16776,112.52
4250,200,F,16821,112.51
4260,200,F,16866,112.49
4270,200,F,16911,112.49
4280,200,F,16958,117.52
4290,200,F,17006,119.98
4300,200,F,17053,117.52
4310,200,F,17099,115.00
4320,200,F,17145,114.97
4330,200,F,17192,117.54
4340,200,F,17239,117.49
4350,200,F,17285,114.98
4360,200,F,17332,117.52
4370,200,F,17378,115.00
4380,200,F,17426,119.98
4390,200,F,17472,115.02
4400,200,F,17519,117.50
4410,200,F,17567,119.93
4420,200,F,17615,120.07
4430,200,F,17664,122.48
4440,200,F,17711,117.54
4450,200,F,17758,117.49
4460,200,F,17805,117.51
4470,200,F,17853,119.98
4480,200,F,17904,127.49
4490,200,F,17954,125.04
4500,200,F,17993,97.48
4510,200,F,18040,117.52
4520,200,F,18087,117.46
4530,200,F,18134,117.54
4540,200,F,18181,117.45
4550,200,F,18229,120.05
4560,200,F,18277,119.96
4570,200,F,18325,120.01
4580,200,F,18372,117.50
4590,200,F,18420,120.01
4600,200,F,18467,117.50
4610,200,F,18515,120.00
4620,200,F,18562,117.51
4630,200,F,18609,117.48
4640,200,F,18656,117.49
4650,200,F,18702,115.03
4660,200,F,18751,122.43
4670,200,F,18798,117.57
4680,200,F,18846,120.00
4690,200,F,18892,115.00
4700,200,F,18940,120.00
4710,200,F,18985,112.48
4720,200,F,19031,114.99
4730,200,F,19075,110.02
4740,200,F,19120,112.49
4750,200,F,19165,112.51
4760,200,F,19209,110.00
4770,200,F,19254,112.48
4780,200,F,19300,115.02
4790,200,F,19346,114.99
4800,200,F,19393,117.51
4810,200,F,19441,119.98
4820,200,F,19487,115.02
4830,200,F,19534,117.51
4840,200,F,19580,114.97
4850,200,F,19627,117.49
4860,200,F,19672,112.52
4870,200,F,19719,117.52
4880,200,F,19766,117.49
4890,200,F,19813,117.50
4900,200,F,19859,114.93
4910,200,F,19905,115.07
4920,200,F,19953,120.00
4930,200,F,20001,119.99
4940,200,F,20049,120.00
4950,200,F,20096,117.49
4960,200,F,20144,120.00
4970,200,F,20191,117.51
4980,200,F,20238,117.51
4990,200,F,20289,127.51
5000,200,F,20340,127.49
5010,200,F,20382,104.98
5020,200,F,20426,110.03
5030,200,F,20472,115.00
5040,200,F,20519,117.49
5050,200,F,20566,117.49
5060,200,F,20614,120.01
5070,200,F,20662,119.98
5080,200,F,20710,120.04
5090,200,F,20757,117.50
5100,200,F,20804,117.50
5110,200,F,20852,119.99
5120,200,F,20899,117.46
5130,200,F,20947,120.01
5140,200,F,20994,117.50
5150,200,F,21041,117.50
5160,200,F,21087,115.00
5170,200,F,21135,120.00
5180,200,F,21182,117.51
5190,200,F,21230,119.99
5200,200,F,21277,117.51
5210,200,F,21324,117.51
5220,200,F,21370,114.98
5230,200,F,21415,112.52
5240,200,F,21460,112.50
5250,200,F,21504,110.00
5260,200,F,21549,112.48
5270,200,F,21593,110.03
5280,200,F,21638,112.48
5290,200,F,21684,114.99
5300,200,F,21730,115.03
5310,200,F,21776,115.00
5320,200,F,21824,119.99
5330,200,F,21870,114.99
5340,200,F,21917,117.48
5350,200,F,21963,115.03
5360,200,F,22009,114.98
5370,200,F,22055,115.00
5380,200,F,22102,117.54
5390,200,F,22148,114.97
5400,200,F,22194,115.03
5410,200,F,22241,117.48
5420,200,F,22287,115.01
5430,200,F,22335,119.99
5440,200,F,22382,117.52
5450,200,F,22431,122.48
5460,200,F,22478,117.51
5470,200,F,22526,120.01
5480,200,F,22573,117.45
5490,200,F,22620,117.52
=== END ===
# Trial 2 of 46: step_up_fwd_200_run02
=== START step_up_fwd_200_run02 ===
t_ms,pwm_cmd,dir,enc_count,rpm
0,0,N,0,0.00
10,0,N,0,0.00
20,0,N,0,0.00
30,0,N,0,0.00
40,0,N,0,0.00
50,0,N,0,0.00
60,0,N,0,0.00
70,0,N,0,0.00
80,0,N,0,0.00
90,0,N,0,0.00
100,0,N,0,0.00
110,0,N,0,0.00
120,0,N,0,0.00
130,0,N,0,0.00
140,0,N,0,0.00
150,0,N,0,0.00
160,0,N,0,0.00
170,0,N,0,0.00
180,0,N,0,0.00
190,0,N,0,0.00
200,0,N,0,0.00
210,0,N,0,0.00
220,0,N,0,0.00
230,0,N,0,0.00
240,0,N,0,0.00
250,0,N,0,0.00
260,0,N,0,0.00
270,0,N,0,0.00
280,0,N,0,0.00
290,0,N,0,0.00
300,0,N,0,0.00
310,0,N,0,0.00
320,0,N,0,0.00
330,0,N,0,0.00
340,0,N,0,0.00
350,0,N,0,0.00
360,0,N,0,0.00
370,0,N,0,0.00
380,0,N,0,0.00
390,0,N,0,0.00
400,0,N,0,0.00
410,0,N,0,0.00
420,0,N,0,0.00
430,0,N,0,0.00
440,0,N,0,0.00
450,0,N,0,0.00
460,0,N,0,0.00
470,0,N,0,0.00
480,0,N,0,0.00
490,0,N,0,0.00
500,200,F,0,0.00
510,200,F,2,5.00
520,200,F,7,12.50
530,200,F,15,19.99
540,200,F,27,30.01
550,200,F,42,37.49
560,200,F,59,42.51
570,200,F,79,49.99
580,200,F,101,55.02
590,200,F,125,60.00
600,200,F,151,64.98
610,200,F,179,70.01
620,200,F,208,72.51
630,200,F,239,77.48
640,200,F,272,82.52
650,200,F,306,85.00
660,200,F,342,89.97
670,200,F,378,89.97
680,200,F,414,90.07
690,200,F,451,92.46
700,200,F,489,95.03
710,200,F,527,94.98
720,200,F,565,95.03
730,200,F,603,95.00
740,200,F,643,100.00
750,200,F,683,99.98
760,200,F,722,97.48
770,200,F,763,102.52
780,200,F,804,102.50
790,200,F,846,105.01
800,200,F,889,107.51
810,200,F,933,109.98
820,200,F,978,112.52
830,200,F,1021,107.47
840,200,F,1066,112.53
850,200,F,1110,109.96
860,200,F,1155,112.50
870,200,F,1199,110.04
880,200,F,1244,112.47
890,200,F,1289,112.52
900,200,F,1334,112.48
910,200,F,1380,114.99
920,200,F,1425,112.55
930,200,F,1472,117.50
940,200,F,1518,115.00
950,200,F,1566,119.96
960,200,F,1613,117.50
970,200,F,1660,117.54
980,200,F,1706,114.99
990,200,F,1754,120.01
1000,200,F,1807,132.46
1010,200,F,1855,120.02
1020,200,F,1902,117.50
1030,200,F,1947,112.50
1040,200,F,1987,99.98
1050,200,F,2033,115.02
1060,200,F,2081,120.01
1070,200,F,2129,120.00
1080,200,F,2177,119.99
1090,200,F,2224,117.49
1100,200,F,2273,122.50
1110,200,F,2320,117.50
1120,200,F,2368,120.00
1130,200,F,2415,117.52
1140,200,F,2463,119.96
1150,200,F,2511,120.04
1160,200,F,2559,119.98
1170,200,F,2605,114.98
1180,200,F,2653,120.01
1190,200,F,2701,120.02
1200,200,F,2750,122.50
1210,200,F,2798,120.00
1220,200,F,2845,117.51
1230,200,F,2892,117.46
1240,200,F,2938,115.03
1250,200,F,2984,114.99
1260,200,F,3029,112.51
1270,200,F,3075,114.99
1280,200,F,3120,112.51
1290,200,F,3166,114.98
1300,200,F,3212,115.01
1310,200,F,3258,115.01
1320,200,F,3305,117.48
1330,200,F,3354,122.51
1340,200,F,3401,117.49
1350,200,F,3449,120.02
1360,200,F,3495,114.97
1370,200,F,3542,117.51
1380,200,F,3589,117.50
1390,200,F,3637,120.01
1400,200,F,3684,117.49
1410,200,F,3731,117.50
1420,200,F,3778,117.48
1430,200,F,3825,117.52
1440,200,F,3874,122.51
1450,200,F,3922,120.00
1460,200,F,3971,122.48
1470,200,F,4018,117.50
1480,200,F,4067,122.54
1490,200,F,4114,117.45
1500,200,F,4163,122.55
1510,200,F,4216,132.49
1520,200,F,4265,122.48
1530,200,F,4312,117.49
1540,200,F,4353,102.52
1550,200,F,4399,114.99
1560,200,F,4447,120.00
1570,200,F,4495,120.00
1580,200,F,4543,120.02
1590,200,F,4591,120.01
1600,200,F,4639,119.99
1610,200,F,4687,120.00
1620,200,F,4735,119.99
1630,200,F,4783,120.00
1640,200,F,4831,120.00
1650,200,F,4879,120.02
1660,200,F,4926,117.49
1670,200,F,4974,120.00
1680,200,F,5021,117.46
1690,200,F,5069,120.04
1700,200,F,5117,120.01
1710,200,F,5165,119.98
1720,200,F,5213,120.02
1730,200,F,5261,119.93
1740,200,F,5307,115.06
1750,200,F,5352,112.51
1760,200,F,5398,114.99
1770,200,F,5443,112.50
1780,200,F,5488,112.50
1790,200,F,5533,112.50
1800,200,F,5579,114.93
1810,200,F,5625,115.07
1820,200,F,5672,117.51
1830,200,F,5718,114.99
1840,200,F,5767,122.48
1850,200,F,5813,115.00
1860,200,F,5861,120.00
1870,200,F,5908,117.50
1880,200,F,5955,117.51
1890,200,F,6001,114.99
1900,200,F,6048,117.51
1910,200,F,6096,119.99
1920,200,F,6143,117.51
1930,200,F,6190,117.43
1940,200,F,6237,117.56
1950,200,F,6285,120.04
1960,200,F,6334,122.50
1970,200,F,6382,119.96
1980,200,F,6430,120.04
1990,200,F,6479,122.48
2000,200,F,6526,117.52
2010,200,F,6575,122.50
2020,200,F,6629,134.96
2030,200,F,6677,120.04
2040,200,F,6723,114.99
2050,200,F,6764,102.50
2060,200,F,6810,114.97
2070,200,F,6858,120.01
2080,200,F,6906,120.00
2090,200,F,6954,120.02
2100,200,F,7003,122.51
2110,200,F,7051,120.00
2120,200,F,7099,119.99
2130,200,F,7147,120.00
2140,200,F,7195,120.00
2150,200,F,7243,120.00
2160,200,F,7291,119.98
2170,200,F,7338,117.50
2180,200,F,7386,120.04
2190,200,F,7433,117.46
2200,200,F,7482,122.52
2210,200,F,7530,119.98
2220,200,F,7578,120.02
2230,200,F,7625,117.48
2240,200,F,7674,122.52
2250,200,F,7720,114.97
2260,200,F,7765,112.51
2270,200,F,7810,112.53
2280,200,F,7856,114.98
2290,200,F,7901,112.49
2300,200,F,7947,115.01
2310,200,F,7992,112.50
2320,200,F,8038,115.01
2330,200,F,8085,117.50
2340,200,F,8133,120.00
2350,200,F,8181,119.98
2360,200,F,8228,117.52
2370,200,F,8275,117.51
2380,200,F,8322,117.48
2390,200,F,8369,117.50
2400,200,F,8416,117.46
2410,200,F,8463,117.55
2420,200,F,8510,117.50
2430,200,F,8558,119.98
2440,200,F,8604,115.00
2450,200,F,8652,119.99
2460,200,F,8700,119.94
2470,200,F,8748,120.08
2480,200,F,8797,122.52
2490,200,F,8845,119.96
2500,200,F,8892,117.52
2510,200,F,8941,122.51
2520,200,F,8993,130.00
2530,200,F,9042,122.50
2540,200,F,9091,122.49
2550,200,F,9136,112.49
2560,200,F,9177,102.52
2570,200,F,9223,115.00
2580,200,F,9271,119.99
2590,200,F,9318,117.50
2600,200,F,9367,122.48
2610,200,F,9414,117.51
2620,200,F,9463,122.50
2630,200,F,9510,117.51
2640,200,F,9558,119.98
2650,200,F,9606,120.00
2660,200,F,9654,120.04
2670,200,F,9702,119.96
2680,200,F,9749,117.50
2690,200,F,9796,117.54
2700,200,F,9844,119.96
2710,200,F,9892,120.04
2720,200,F,9940,119.99
2730,200,F,9988,119.99
2740,200,F,10035,117.50
2750,200,F,10083,120.01
2760,200,F,10129,114.98
2770,200,F,10174,112.51
2780,200,F,10219,112.51
2790,200,F,10264,112.47
2800,200,F,10309,112.53
2810,200,F,10355,114.98
2820,200,F,10400,112.52
2830,200,F,10446,114.98
2840,200,F,10492,115.01
2850,200,F,10541,122.52
2860,200,F,10588,117.48
2870,200,F,10635,117.49
2880,200,F,10681,115.01
2890,200,F,10728,117.51
2900,200,F,10775,117.46
2910,200,F,10821,115.05
2920,200,F,10869,119.96
2930,200,F,10915,115.03
2940,200,F,10963,119.88
2950,200,F,11009,115.09
2960,200,F,11056,117.52
2970,200,F,11104,119.98
2980,200,F,11152,119.99
2990,200,F,11201,122.52
3000,200,F,11248,117.49
3010,200,F,11295,117.49
3020,200,F,11343,120.04
3030,200,F,11396,132.47
3040,200,F,11444,119.98
3050,200,F,11492,120.01
3060,200,F,11538,115.01
3070,200,F,11578,99.99
3080,200,F,11624,115.02
3090,200,F,11672,120.01
3100,200,F,11719,117.50
3110,200,F,11767,119.96
3120,200,F,11815,120.02
3130,200,F,11863,120.00
3140,200,F,11911,119.96
3150,200,F,11958,117.52
3160,200,F,12006,120.00
3170,200,F,12054,120.00
3180,200,F,12101,117.49
3190,200,F,12148,117.51
3200,200,F,12195,117.52
3210,200,F,12242,117.46
3220,200,F,12290,120.02
3230,200,F,12338,120.01
3240,200,F,12386,119.95
3250,200,F,12433,117.52
3260,200,F,12480,117.50
3270,200,F,12526,114.99
3280,200,F,12572,115.01
3290,200,F,12616,109.99
3300,200,F,12661,112.53
3310,200,F,12706,112.49
3320,200,F,12752,115.00
3330,200,F,12796,109.98
3340,200,F,12842,115.03
3350,200,F,12889,117.49
3360,200,F,12936,117.51
3370,200,F,12984,119.96
3380,200,F,13030,115.02
3390,200,F,13077,117.50
3400,200,F,13123,114.98
3410,200,F,13170,117.50
3420,200,F,13216,115.01
3430,200,F,13263,117.51
3440,200,F,13309,114.99
3450,200,F,13356,117.51
3460,200,F,13402,115.01
3470,200,F,13449,117.50
3480,200,F,13496,117.48
3490,200,F,13544,120.01
3500,200,F,13592,119.98
3510,200,F,13639,117.50
3520,200,F,13686,117.51
3530,200,F,13733,117.50
3540,200,F,13783,125.01
3550,200,F,13834,127.49
3560,200,F,13881,117.49
3570,200,F,13928,117.49
3580,200,F,13969,102.52
3590,200,F,14012,107.49
3600,200,F,14059,117.50
3610,200,F,14106,117.51
3620,200,F,14154,119.98
3630,200,F,14202,119.99
3640,200,F,14249,117.56
3650,200,F,14296,117.48
3660,200,F,14343,117.50
3670,200,F,14391,120.02
3680,200,F,14438,117.46
3690,200,F,14486,120.00
3700,200,F,14532,115.01
3710,200,F,14579,117.50
3720,200,F,14626,117.50
3730,200,F,14674,120.02
3740,200,F,14721,117.49
3750,200,F,14769,119.98
3760,200,F,14816,117.52
3770,200,F,14864,119.99
3780,200,F,14909,112.52
3790,200,F,14955,115.00
3800,200,F,15000,112.50
3810,200,F,15045,112.47
3820,200,F,15090,112.53
3830,200,F,15134,109.99
3840,200,F,15179,112.51
3850,200,F,15225,114.99
3860,200,F,15272,117.48
3870,200,F,15318,115.02
3880,200,F,15366,120.00
3890,200,F,15412,115.01
3900,200,F,15460,119.99
3910,200,F,15506,114.98
3920,200,F,15552,115.03
3930,200,F,15598,114.99
3940,200,F,15645,117.48
3950,200,F,15692,117.49
3960,200,F,15739,117.55
3970,200,F,15785,114.97
3980,200,F,15832,117.52
3990,200,F,15880,120.00
4000,200,F,15927,117.49
4010,200,F,15976,122.51
4020,200,F,16023,117.50
4030,200,F,16071,119.98
4040,200,F,16117,115.03
4050,200,F,16165,119.98
4060,200,F,16219,135.03
4070,200,F,16266,117.50
4080,200,F,16314,119.96
4090,200,F,16357,107.51
4100,200,F,16399,105.01
4110,200,F,16445,115.00
4120,200,F,16493,120.01
4130,200,F,16541,119.99
4140,200,F,16589,120.00
4150,200,F,16636,117.49
4160,200,F,16684,120.02
4170,200,F,16731,117.50
4180,200,F,16779,119.99
4190,200,F,16827,119.99
4200,200,F,16875,120.01
4210,200,F,16922,117.50
4220,200,F,16969,117.49
4230,200,F,17015,115.02
4240,200,F,17063,119.99
4250,200,F,17110,117.51
4260,200,F,17159,122.49
4270,200,F,17206,117.48
4280,200,F,17253,117.50
4290,200,F,17299,115.00
4300,200,F,17345,115.01
4310,200,F,17390,112.52
4320,200,F,17435,112.47
4330,200,F,17480,112.51
4340,200,F,17524,110.01
4350,200,F,17569,112.49
4360,200,F,17615,115.01
4370,200,F,17661,115.01
4380,200,F,17707,115.00
4390,200,F,17755,119.98
4400,200,F,17802,117.50
4410,200,F,17849,117.50
4420,200,F,17895,115.02
4430,200,F,17941,114.99
4440,200,F,17987,114.98
4450,200,F,18034,117.51
4460,200,F,18081,117.52
4470,200,F,18127,115.00
4480,200,F,18174,117.46
4490,200,F,18220,115.00
4500,200,F,18268,120.02
4510,200,F,18315,117.46
4520,200,F,18363,120.04
4530,200,F,18410,117.51
4540,200,F,18458,119.96
4550,200,F,18504,115.03
4560,200,F,18551,117.46
4570,200,F,18604,132.51
4580,200,F,18652,120.01
4590,200,F,18700,119.99
4600,200,F,18744,110.01
4610,200,F,18784,99.98
4620,200,F,18830,115.00
4630,200,F,18878,120.01
4640,200,F,18925,117.51
4650,200,F,18972,117.51
4660,200,F,19019,117.50
4670,200,F,19068,122.46
4680,200,F,19115,117.52
4690,200,F,19162,117.50
4700,200,F,19209,117.48
4710,200,F,19256,117.50
4720,200,F,19303,117.49
4730,200,F,19350,117.54
4740,200,F,19396,115.00
4750,200,F,19443,117.50
4760,200,F,19491,119.98
4770,200,F,19538,117.51
4780,200,F,19586,119.99
4790,200,F,19632,115.03
4800,200,F,19679,117.49
4810,200,F,19725,114.99
4820,200,F,19769,109.98
4830,200,F,19814,112.50
4840,200,F,19858,110.03
4850,200,F,19903,112.51
4860,200,F,19947,110.00
4870,200,F,19992,112.46
4880,200,F,20037,112.51
4890,200,F,20083,115.02
4900,200,F,20130,117.51
4910,200,F,20177,117.46
4920,200,F,20223,115.01
4930,200,F,20270,117.52
4940,200,F,20316,114.97
4950,200,F,20362,115.00
4960,200,F,20407,112.51
4970,200,F,20454,117.50
4980,200,F,20500,115.00
4990,200,F,20547,117.51
5000,200,F,20592,112.48
5010,200,F,20639,117.52
5020,200,F,20686,117.49
5030,200,F,20733,117.49
5040,200,F,20781,120.01
5050,200,F,20828,117.50
5060,200,F,20875,117.50
5070,200,F,20921,115.02
5080,200,F,20969,119.96
5090,200,F,21022,132.54
5100,200,F,21069,117.49
5110,200,F,21115,115.00
5120,200,F,21157,104.98
5130,200,F,21199,105.03
5140,200,F,21246,117.49
5150,200,F,21292,114.97
5160,200,F,21340,120.00
5170,200,F,21387,117.55
5180,200,F,21434,117.46
5190,200,F,21482,119.93
5200,200,F,21528,115.06
5210,200,F,21576,120.02
5220,200,F,21623,117.49
5230,200,F,21670,117.54
5240,200,F,21717,117.46
5250,200,F,21764,117.50
5260,200,F,21810,114.99
5270,200,F,21857,117.54
5280,200,F,21904,117.50
5290,200,F,21952,119.99
5300,200,F,22000,119.98
5310,200,F,22046,115.02
5320,200,F,22092,115.00
5330,200,F,22137,112.51
5340,200,F,22183,114.95
5350,200,F,22227,109.97
5360,200,F,22271,110.09
5370,200,F,22315,109.97
5380,200,F,22360,112.51
5390,200,F,22405,112.51
5400,200,F,22450,112.49
5410,200,F,22496,115.02
5420,200,F,22544,120.00
5430,200,F,22591,117.45
5440,200,F,22636,112.55
5450,200,F,22682,114.99
5460,200,F,22728,114.99
5470,200,F,22775,117.49
5480,200,F,22820,112.52
5490,200,F,22867,117.48
5500,200,F,22913,115.02
=== END ===
# Trial 3 of 46: step_up_fwd_240_run01
=== START step_up_fwd_240_run01 ===
t_ms,pwm_cmd,dir,enc_count,rpm
0,0,N,0,0.00
10,0,N,0,0.00
20,0,N,0,0.00
30,0,N,0,0.00
40,0,N,0,0.00
50,0,N,0,0.00
60,0,N,0,0.00
70,0,N,0,0.00
80,0,N,0,0.00
90,0,N,0,0.00
100,0,N,0,0.00
110,0,N,0,0.00
120,0,N,0,0.00
130,0,N,0,0.00
140,0,N,0,0.00
150,0,N,0,0.00
160,0,N,0,0.00
170,0,N,0,0.00
180,0,N,0,0.00
190,0,N,0,0.00
200,0,N,0,0.00
210,0,N,0,0.00
220,0,N,0,0.00
230,0,N,0,0.00
240,0,N,0,0.00
250,0,N,0,0.00
260,0,N,0,0.00
270,0,N,0,0.00
280,0,N,0,0.00
290,0,N,0,0.00
300,0,N,0,0.00
310,0,N,0,0.00
320,0,N,0,0.00
330,0,N,0,0.00
340,0,N,0,0.00
350,0,N,0,0.00
360,0,N,0,0.00
370,0,N,0,0.00
380,0,N,0,0.00
390,0,N,0,0.00
400,0,N,0,0.00
410,0,N,0,0.00
420,0,N,0,0.00
430,0,N,0,0.00
440,0,N,0,0.00
450,0,N,0,0.00
460,0,N,0,0.00
470,0,N,0,0.00
480,0,N,0,0.00
490,0,N,0,0.00
500,240,F,0,0.00
510,240,F,0,0.00
520,240,F,4,10.00
530,240,F,12,20.00
540,240,F,22,25.00
550,240,F,34,30.00
560,240,F,49,37.49
570,240,F,66,42.50
580,240,F,85,47.51
590,240,F,107,54.98
600,240,F,132,62.52
610,240,F,159,67.48
620,240,F,187,70.01
630,240,F,219,80.02
640,240,F,252,82.48
650,240,F,289,92.52
660,240,F,327,95.00
670,240,F,367,100.00
680,240,F,409,105.00
690,240,F,453,109.99
700,240,F,499,115.01
710,240,F,548,122.48
720,240,F,597,122.50
730,240,F,649,130.00
740,240,F,702,132.54
750,240,F,758,139.97
760,240,F,815,142.53
770,240,F,875,149.99
780,240,F,934,147.49
790,240,F,994,150.01
800,240,F,1055,152.41
810,240,F,1115,150.09
820,240,F,1176,152.47
830,240,F,1238,155.03
840,240,F,1302,159.98
850,240,F,1368,165.03
860,240,F,1436,169.97
870,240,F,1504,170.03
880,240,F,1572,170.00
890,240,F,1641,172.50
900,240,F,1711,174.93
910,240,F,1782,177.55
920,240,F,1853,177.48
930,240,F,1925,180.02
940,240,F,1998,182.48
950,240,F,2073,187.50
960,240,F,2148,187.54
970,240,F,2222,185.00
980,240,F,2303,202.46
990,240,F,2378,187.50
1000,240,F,2448,174.98
1010,240,F,2517,172.52
1020,240,F,2592,187.54
1030,240,F,2669,192.46
1040,240,F,2746,192.46
1050,240,F,2821,187.58
1060,240,F,2898,192.50
1070,240,F,2976,194.94
1080,240,F,3053,192.56
1090,240,F,3130,192.48
1100,240,F,3208,194.96
1110,240,F,3288,199.98
1120,240,F,3365,192.58
1130,240,F,3440,187.50
1140,240,F,3515,187.44
1150,240,F,3590,187.50
1160,240,F,3664,185.00
1170,240,F,3740,190.06
1180,240,F,3819,197.50
1190,240,F,3896,192.44
1200,240,F,3974,195.02
1210,240,F,4051,192.50
1220,240,F,4129,195.04
1230,240,F,4207,194.84
1240,240,F,4285,195.08
1250,240,F,4365,200.02
1260,240,F,4445,200.04
1270,240,F,4525,199.94
1280,240,F,4604,197.52
1290,240,F,4688,210.00
1300,240,F,4770,205.06
1310,240,F,4846,189.94
1320,240,F,4917,177.52
1330,240,F,4996,197.50
1340,240,F,5076,200.02
1350,240,F,5156,199.98
1360,240,F,5235,197.52
1370,240,F,5315,200.02
1380,240,F,5395,199.96
1390,240,F,5475,199.98
1400,240,F,5555,200.02
1410,240,F,5636,202.52
1420,240,F,5716,200.00
1430,240,F,5795,197.46
1440,240,F,5873,195.02
1450,240,F,5948,187.54
1460,240,F,6024,189.94
1470,240,F,6101,192.52
1480,240,F,6179,194.98
1490,240,F,6259,200.00
1500,240,F,6338,197.50
1510,240,F,6416,195.06
1520,240,F,6495,197.48
1530,240,F,6574,197.48
1540,240,F,6653,197.54
1550,240,F,6733,199.98
1560,240,F,6814,202.48
1570,240,F,6895,202.48
1580,240,F,6976,202.52
1590,240,F,7057,202.46
1600,240,F,7143,215.04
1610,240,F,7221,195.04
1620,240,F,7292,177.45
1630,240,F,7371,197.54
1640,240,F,7451,200.02
1650,240,F,7532,202.42
1660,240,F,7612,200.04
1670,240,F,7692,200.00
1680,240,F,7773,202.50
1690,240,F,7853,200.00
1700,240,F,7933,199.96
1710,240,F,8014,202.56
1720,240,F,8096,204.94
1730,240,F,8175,197.58
1740,240,F,8254,197.46
1750,240,F,8331,192.40
1760,240,F,8406,187.63
1770,240,F,8483,192.48
1780,240,F,8562,197.48
1790,240,F,8642,200.02
1800,240,F,8721,197.48
1810,240,F,8801,199.98
1820,240,F,8879,195.00
1830,240,F,8959,200.02
1840,240,F,9039,200.04
1850,240,F,9118,197.42
1860,240,F,9199,202.58
1870,240,F,9282,207.44
1880,240,F,9362,200.06
1890,240,F,9442,200.00
1900,240,F,9529,217.46
1910,240,F,9609,199.98
1920,240,F,9681,180.05
1930,240,F,9760,197.44
1940,240,F,9840,200.04
1950,240,F,9921,202.50
1960,240,F,10002,202.52
1970,240,F,10082,199.98
1980,240,F,10163,202.48
1990,240,F,10244,202.52
2000,240,F,10323,197.50
2010,240,F,10405,204.96
2020,240,F,10488,207.56
2030,240,F,10568,199.94
2040,240,F,10646,195.00
2050,240,F,10723,192.50
2060,240,F,10800,192.52
2070,240,F,10877,192.48
2080,240,F,10956,197.54
2090,240,F,11036,199.98
2100,240,F,11115,197.50
2110,240,F,11195,200.02
2120,240,F,11274,197.52
2130,240,F,11354,200.00
2140,240,F,11434,200.00
2150,240,F,11513,197.44
2160,240,F,11595,205.02
2170,240,F,11677,204.98
2180,240,F,11759,205.04
2190,240,F,11839,199.98
2200,240,F,11926,217.52
2210,240,F,12006,199.98
2220,240,F,12077,177.50
2230,240,F,12156,197.50
2240,240,F,12237,202.50
2250,240,F,12317,200.04
2260,240,F,12398,202.48
2270,240,F,12479,202.50
2280,240,F,12560,202.36
2290,240,F,12640,200.10
2300,240,F,12719,197.50
2310,240,F,12801,205.00
2320,240,F,12884,207.50
2330,240,F,12964,200.02
2340,240,F,13042,194.98
2350,240,F,13119,192.52
2360,240,F,13196,192.52
2370,240,F,13273,192.40
2380,240,F,13352,197.58
2390,240,F,13432,200.04
2400,240,F,13511,197.48
2410,240,F,13591,199.96
2420,240,F,13670,197.48
2430,240,F,13750,200.08
2440,240,F,13830,199.90
2450,240,F,13909,197.56
2460,240,F,13990,202.48
2470,240,F,14073,207.54
2480,240,F,14154,202.46
2490,240,F,14235,202.54
2500,240,F,14321,215.02
2510,240,F,14402,202.48
2520,240,F,14473,177.46
2530,240,F,14552,197.52
2540,240,F,14632,200.02
2550,240,F,14712,200.02
2560,240,F,14793,202.48
2570,240,F,14874,202.46
2580,240,F,14955,202.56
2590,240,F,15035,199.98
2600,240,F,15115,200.02
2610,240,F,15197,204.92
2620,240,F,15280,207.54
2630,240,F,15361,202.50
2640,240,F,15440,197.52
2650,240,F,15518,194.98
2660,240,F,15596,195.00
2670,240,F,15674,194.98
2680,240,F,15755,202.56
2690,240,F,15837,204.98
2700,240,F,15918,202.48
2710,240,F,16000,205.04
2720,240,F,16081,202.32
2730,240,F,16163,205.12
2740,240,F,16245,205.02
2750,240,F,16327,205.04
2760,240,F,16411,209.96
2770,240,F,16496,212.52
2780,240,F,16580,210.00
2790,240,F,16663,207.52
2800,240,F,16753,224.93
2810,240,F,16833,200.02
2820,240,F,16908,187.50
2830,240,F,16990,205.00
2840,240,F,17075,212.50
2850,240,F,17158,207.50
2860,240,F,17241,207.48
2870,240,F,17325,210.02
2880,240,F,17408,207.48
2890,240,F,17492,210.04
2900,240,F,17577,212.50
2910,240,F,17662,212.48
2920,240,F,17746,210.02
2930,240,F,17828,204.98
2940,240,F,17908,200.02
2950,240,F,17988,200.02
2960,240,F,18068,199.90
2970,240,F,18149,202.56
2980,240,F,18233,210.04
2990,240,F,18315,204.94
3000,240,F,18398,207.54
3010,240,F,18480,204.96
3020,240,F,18563,207.54
3030,240,F,18647,209.98
3040,240,F,18729,205.00
3050,240,F,18814,212.54
3060,240,F,18899,212.42
3070,240,F,18983,210.04
3080,240,F,19067,210.00
3090,240,F,19158,227.39
3100,240,F,19238,200.14
3110,240,F,19313,187.50
3120,240,F,19396,207.44
3130,240,F,19481,212.52
3140,240,F,19565,210.04
3150,240,F,19648,207.50
3160,240,F,19732,210.00
3170,240,F,19815,207.44
3180,240,F,19899,210.00
3190,240,F,19983,210.02
3200,240,F,20069,215.02
3210,240,F,20154,212.48
3220,240,F,20235,202.50
3230,240,F,20315,200.00
3240,240,F,20395,200.04
3250,240,F,20475,199.94
3260,240,F,20557,205.00
3270,240,F,20641,210.04
3280,240,F,20723,204.98
3290,240,F,20806,207.52
3300,240,F,20888,204.96
3310,240,F,20971,207.54
3320,240,F,21054,207.44
3330,240,F,21138,210.06
3340,240,F,21223,212.52
3350,240,F,21308,212.46
3360,240,F,21392,209.98
3370,240,F,21476,210.00
3380,240,F,21566,225.02
3390,240,F,21643,192.52
3400,240,F,21722,197.52
3410,240,F,21806,210.00
3420,240,F,21890,209.96
3430,240,F,21973,207.48
3440,240,F,22057,210.06
3450,240,F,22141,209.92
3460,240,F,22224,207.54
3470,240,F,22307,207.52
3480,240,F,22391,210.00
3490,240,F,22477,214.98
3500,240,F,22561,210.02
3510,240,F,22642,202.48
3520,240,F,22722,200.02
3530,240,F,22801,197.46
3540,240,F,22881,200.06
3550,240,F,22963,204.96
3560,240,F,23046,207.50
3570,240,F,23128,204.98
3580,240,F,23210,205.02
3590,240,F,23292,204.96
3600,240,F,23375,207.50
3610,240,F,23457,205.06
3620,240,F,23541,210.00
3630,240,F,23625,209.94
3640,240,F,23710,212.59
3650,240,F,23793,207.44
3660,240,F,23877,210.04
3670,240,F,23967,224.98
3680,240,F,24046,197.50
3690,240,F,24122,189.98
3700,240,F,24205,207.56
3710,240,F,24289,209.98
3720,240,F,24372,207.50
3730,240,F,24455,207.52
3740,240,F,24539,210.00
3750,240,F,24622,207.48
3760,240,F,24705,207.48
3770,240,F,24789,210.02
3780,240,F,24875,214.96
3790,240,F,24959,209.96
3800,240,F,25040,202.58
3810,240,F,25120,199.98
3820,240,F,25199,197.50
3830,240,F,25279,200.04
3840,240,F,25360,202.48
3850,240,F,25444,209.98
3860,240,F,25527,207.52
3870,240,F,25608,202.50
3880,240,F,25691,207.50
3890,240,F,25774,207.52
3900,240,F,25856,204.92
3910,240,F,25940,210.04
3920,240,F,26025,212.52
3930,240,F,26109,210.02
3940,240,F,26194,212.31
3950,240,F,26280,215.17
3960,240,F,26368,219.96
3970,240,F,26449,202.52
3980,240,F,26524,187.48
3990,240,F,26607,207.54
4000,240,F,26692,212.46
4010,240,F,26776,210.00
4020,240,F,26860,209.96
4030,240,F,26944,210.08
4040,240,F,27028,210.00
4050,240,F,27112,209.83
4060,240,F,27196,210.17
4070,240,F,27283,217.50
4080,240,F,27367,209.96
4090,240,F,27448,202.52
4100,240,F,27529,202.52
4110,240,F,27608,197.52
4120,240,F,27689,202.50
4130,240,F,27772,207.46
4140,240,F,27856,209.98
4150,240,F,27939,207.52
4160,240,F,28021,205.02
4170,240,F,28104,207.50
4180,240,F,28187,207.52
4190,240,F,28271,209.96
4200,240,F,28355,210.00
4210,240,F,28441,214.98
4220,240,F,28526,212.56
4230,240,F,28611,212.33
4240,240,F,28700,222.57
4250,240,F,28786,215.06
4260,240,F,28865,197.52
4270,240,F,28942,192.50
4280,240,F,29027,212.48
4290,240,F,29111,210.02
4300,240,F,29195,209.98
4310,240,F,29280,212.50
4320,240,F,29365,212.54
4330,240,F,29449,209.96
4340,240,F,29533,209.98
4350,240,F,29619,215.00
4360,240,F,29704,212.52
4370,240,F,29788,210.02
4380,240,F,29870,205.00
4390,240,F,29950,200.00
4400,240,F,30030,200.02
4410,240,F,30111,202.48
4420,240,F,30194,207.46
4430,240,F,30279,212.54
4440,240,F,30362,207.50
4450,240,F,30445,207.46
4460,240,F,30528,207.52
4470,240,F,30611,207.50
4480,240,F,30695,210.04
4490,240,F,30779,210.00
4500,240,F,30866,217.48
4510,240,F,30951,212.44
4520,240,F,31035,210.08
4530,240,F,31123,219.93
4540,240,F,31210,217.54
4550,240,F,31285,187.50
4560,240,F,31368,207.46
4570,240,F,31452,210.04
4580,240,F,31537,212.48
4590,240,F,31621,209.98
4600,240,F,31705,210.02
4610,240,F,31790,212.48
4620,240,F,31874,210.02
4630,240,F,31959,212.46
4640,240,F,32045,214.89
4650,240,F,32129,210.11
4660,240,F,32213,210.08
4670,240,F,32293,199.96
4680,240,F,32374,202.50
4690,240,F,32455,202.48
4700,240,F,32535,200.06
4710,240,F,32620,212.44
4720,240,F,32703,207.52
4730,240,F,32786,207.50
4740,240,F,32869,207.52
4750,240,F,32952,207.48
4760,240,F,33036,209.96
4770,240,F,33119,207.54
4780,240,F,33204,212.50
4790,240,F,33291,217.48
4800,240,F,33375,210.00
4810,240,F,33459,210.02
4820,240,F,33542,207.50
4830,240,F,33625,207.48
4840,240,F,33708,207.38
4850,240,F,33791,207.65
4860,240,F,33875,209.98
4870,240,F,33959,209.98
4880,240,F,34043,210.08
4890,240,F,34128,212.46
4900,240,F,34211,207.50
4910,240,F,34295,210.02
4920,240,F,34380,212.44
4930,240,F,34466,215.02
4940,240,F,34551,212.54
4950,240,F,34633,204.84
4960,240,F,34713,200.02
4970,240,F,34793,200.12
4980,240,F,34873,200.00
4990,240,F,34955,205.00
5000,240,F,35039,210.02
5010,240,F,35123,209.96
5020,240,F,35205,205.00
5030,240,F,35288,207.56
5040,240,F,35371,207.44
5050,240,F,35454,207.50
5060,240,F,35538,210.06
5070,240,F,35624,214.94
5080,240,F,35709,212.56
5090,240,F,35794,212.50
5100,240,F,35878,209.96
5110,240,F,35969,227.48
5120,240,F,36045,189.98
5130,240,F,36126,202.56
5140,240,F,36210,209.94
5150,240,F,36294,210.06
5160,240,F,36379,212.39
5170,240,F,36463,210.13
5180,240,F,36547,209.94
5190,240,F,36631,210.02
5200,240,F,36715,209.90
5210,240,F,36800,212.54
5220,240,F,36886,215.06
5230,240,F,36970,209.98
5240,240,F,37052,205.06
5250,240,F,37132,199.98
5260,240,F,37212,200.00
5270,240,F,37293,202.48
5280,240,F,37375,205.04
5290,240,F,37460,212.46
5300,240,F,37544,209.98
5310,240,F,37626,205.00
5320,240,F,37709,207.52
5330,240,F,37793,210.00
5340,240,F,37877,210.04
5350,240,F,37962,212.50
5360,240,F,38048,214.96
5370,240,F,38134,215.00
5380,240,F,38219,212.52
5390,240,F,38304,212.46
5400,240,F,38395,227.57
5410,240,F,38468,182.46
5420,240,F,38552,210.04
5430,240,F,38637,212.50
5440,240,F,38722,212.44
5450,240,F,38807,212.54
5460,240,F,38891,210.00
5470,240,F,38976,212.50
5480,240,F,39060,209.94
5490,240,F,39145,212.54
5500,240,F,39231,215.02
=== END ===
# Trial 4 of 46: step_up_fwd_240_run02
=== START step_up_fwd_240_run02 ===
t_ms,pwm_cmd,dir,enc_count,rpm
0,0,N,0,0.00
10,0,N,0,0.00
20,0,N,0,0.00
30,0,N,0,0.00
40,0,N,0,0.00
50,0,N,0,0.00
60,0,N,0,0.00
70,0,N,0,0.00
80,0,N,0,0.00
90,0,N,0,0.00
100,0,N,0,0.00
110,0,N,0,0.00
120,0,N,0,0.00
130,0,N,0,0.00
140,0,N,0,0.00
150,0,N,0,0.00
160,0,N,0,0.00
170,0,N,0,0.00
180,0,N,0,0.00
190,0,N,0,0.00
200,0,N,0,0.00
210,0,N,0,0.00
220,0,N,0,0.00
230,0,N,0,0.00
240,0,N,0,0.00
250,0,N,0,0.00
260,0,N,0,0.00
270,0,N,0,0.00
280,0,N,0,0.00
290,0,N,0,0.00
300,0,N,0,0.00
310,0,N,0,0.00
320,0,N,0,0.00
330,0,N,0,0.00
340,0,N,0,0.00
350,0,N,0,0.00
360,0,N,0,0.00
370,0,N,0,0.00
380,0,N,0,0.00
390,0,N,0,0.00
400,0,N,0,0.00
410,0,N,0,0.00
420,0,N,0,0.00
430,0,N,0,0.00
440,0,N,0,0.00
450,0,N,0,0.00
460,0,N,0,0.00
470,0,N,0,0.00
480,0,N,0,0.00
490,0,N,0,0.00
500,240,F,0,0.00
510,240,F,3,7.50
520,240,F,11,20.00
530,240,F,24,32.50
540,240,F,39,37.50
550,240,F,60,52.48
560,240,F,84,60.02
570,240,F,111,67.49
580,240,F,144,82.51
590,240,F,179,87.49
600,240,F,218,97.48
610,240,F,261,107.53
620,240,F,306,112.50
630,240,F,356,124.98
640,240,F,407,127.53
650,240,F,461,134.99
660,240,F,517,139.99
670,240,F,577,150.01
680,240,F,639,155.00
690,240,F,702,157.50
700,240,F,767,162.50
710,240,F,831,159.97
720,240,F,896,162.48
730,240,F,962,165.02
740,240,F,1028,165.05
750,240,F,1096,169.95
760,240,F,1167,177.52
770,240,F,1240,182.50
780,240,F,1314,185.00
790,240,F,1387,182.50
800,240,F,1462,187.48
810,240,F,1538,190.06
820,240,F,1614,189.98
830,240,F,1691,192.48
840,240,F,1770,197.54
850,240,F,1850,200.00
860,240,F,1930,199.98
870,240,F,2010,200.02
880,240,F,2097,217.46
890,240,F,2178,202.50
900,240,F,2256,195.04
910,240,F,2328,179.95
920,240,F,2410,204.88
930,240,F,2492,205.12
940,240,F,2574,205.00
950,240,F,2657,207.54
960,240,F,2739,204.94
970,240,F,2821,205.08
980,240,F,2904,207.42
990,240,F,2988,210.08
1000,240,F,3073,212.46
1010,240,F,3157,209.96
1020,240,F,3238,202.52
1030,240,F,3318,200.04
1040,240,F,3397,197.50
1050,240,F,3478,202.52
1060,240,F,3560,205.00
1070,240,F,3644,209.92
1080,240,F,3727,207.52
1090,240,F,3810,207.54
1100,240,F,3892,204.98
1110,240,F,3976,210.00
1120,240,F,4060,209.98
1130,240,F,4144,210.04
1140,240,F,4231,217.33
1150,240,F,4316,212.67
1160,240,F,4401,212.46
1170,240,F,4491,225.07
1180,240,F,4578,217.43
1190,240,F,4660,205.02
1200,240,F,4735,187.48
1210,240,F,4821,215.02
1220,240,F,4906,212.52
1230,240,F,4991,212.48
1240,240,F,5076,212.50
1250,240,F,5162,214.98
1260,240,F,5247,212.52
1270,240,F,5331,210.04
1280,240,F,5418,217.50
1290,240,F,5504,214.94
1300,240,F,5589,212.56
1310,240,F,5672,207.48
1320,240,F,5753,202.52
1330,240,F,5835,204.92
1340,240,F,5916,202.54
1350,240,F,6000,210.00
1360,240,F,6086,214.98
1370,240,F,6170,210.04
1380,240,F,6254,209.96
1390,240,F,6338,210.00
1400,240,F,6423,212.54
1410,240,F,6507,210.02
1420,240,F,6594,217.41
1430,240,F,6682,220.09
1440,240,F,6768,214.98
1450,240,F,6853,212.52
1460,240,F,6946,232.38
1470,240,F,7029,207.54
1480,240,F,7106,192.50
1490,240,F,7190,210.04
1500,240,F,7277,217.48
1510,240,F,7363,215.04
1520,240,F,7448,212.46
1530,240,F,7534,215.00
1540,240,F,7619,212.54
1550,240,F,7705,214.96
1560,240,F,7791,214.98
1570,240,F,7879,220.02
1580,240,F,7965,215.04
1590,240,F,8048,207.46
1600,240,F,8130,204.98
1610,240,F,8211,202.52
1620,240,F,8293,205.00
1630,240,F,8377,210.04
1640,240,F,8464,217.50
1650,240,F,8548,209.98
1660,240,F,8632,209.98
1670,240,F,8716,210.02
1680,240,F,8801,212.46
1690,240,F,8886,212.54
1700,240,F,8972,214.94
1710,240,F,9060,220.02
1720,240,F,9147,217.57
1730,240,F,9233,214.91
1740,240,F,9324,227.59
1750,240,F,9410,214.91
1760,240,F,9488,195.08
1770,240,F,9571,207.46
1780,240,F,9657,214.96
1790,240,F,9743,215.06
1800,240,F,9828,212.48
1810,240,F,9914,215.04
1820,240,F,10000,214.94
1830,240,F,10085,212.56
1840,240,F,10172,217.46
1850,240,F,10260,220.02
1860,240,F,10346,214.98
1870,240,F,10430,210.04
1880,240,F,10512,204.94
1890,240,F,10594,205.06
1900,240,F,10676,204.92
1910,240,F,10760,210.04
1920,240,F,10845,212.48
1930,240,F,10930,212.52
1940,240,F,11014,209.98
1950,240,F,11098,210.04
1960,240,F,11183,212.48
1970,240,F,11268,212.48
1980,240,F,11355,217.54
1990,240,F,11442,217.43
2000,240,F,11529,217.54
2010,240,F,11615,214.98
2020,240,F,11704,222.52
2030,240,F,11793,222.50
2040,240,F,11872,197.54
2050,240,F,11954,204.96
2060,240,F,12039,212.50
2070,240,F,12125,215.04
2080,240,F,12210,212.48
2090,240,F,12296,215.00
2100,240,F,12383,217.50
2110,240,F,12468,212.52
2120,240,F,12554,214.96
2130,240,F,12641,217.48
2140,240,F,12728,217.37
2150,240,F,12813,212.61
2160,240,F,12895,205.06
2170,240,F,12977,205.02
2180,240,F,13059,204.94
2190,240,F,13142,207.54
2200,240,F,13227,212.50
2210,240,F,13312,212.46
2220,240,F,13396,210.04
2230,240,F,13480,209.96
2240,240,F,13566,215.00
2250,240,F,13650,210.04
2260,240,F,13736,214.96
2270,240,F,13823,217.57
2280,240,F,13910,217.46
2290,240,F,13996,214.96
2300,240,F,14084,220.00
2310,240,F,14175,227.55
2320,240,F,14257,205.00
2330,240,F,14336,197.36
2340,240,F,14421,212.63
2350,240,F,14506,212.52
2360,240,F,14593,217.50
2370,240,F,14679,215.00
2380,240,F,14765,215.02
2390,240,F,14851,214.98
2400,240,F,14936,212.54
2410,240,F,15024,219.96
2420,240,F,15110,215.00
2430,240,F,15196,215.00
2440,240,F,15279,207.50
2450,240,F,15361,205.02
2460,240,F,15443,204.96
2470,240,F,15525,205.06
2480,240,F,15610,212.46
2490,240,F,15695,212.54
2500,240,F,15780,212.50
2510,240,F,15864,209.94
2520,240,F,15949,212.54
2530,240,F,16034,212.48
2540,240,F,16119,212.52
2550,240,F,16206,217.46
2560,240,F,16294,220.07
2570,240,F,16380,214.91
2580,240,F,16466,214.91
2590,240,F,16558,230.16
2600,240,F,16641,207.46
2610,240,F,16719,195.02
2620,240,F,16804,212.48
2630,240,F,16890,215.00
2640,240,F,16976,215.06
2650,240,F,17062,214.98
2660,240,F,17148,215.02
2670,240,F,17233,212.46
2680,240,F,17318,212.52
2690,240,F,17406,220.02
2700,240,F,17494,219.80
2710,240,F,17578,210.19
2720,240,F,17662,209.96
2730,240,F,17744,205.02
2740,240,F,17825,202.48
2750,240,F,17907,205.02
2760,240,F,17992,212.46
2770,240,F,18078,215.00
2780,240,F,18162,210.00
2790,240,F,18246,210.02
2800,240,F,18331,212.52
2810,240,F,18415,209.98
2820,240,F,18500,212.50
2830,240,F,18586,214.98
2840,240,F,18675,222.43
2850,240,F,18761,215.06
2860,240,F,18846,212.48
2870,240,F,18939,232.52
2880,240,F,19023,209.98
2890,240,F,19100,192.56
2900,240,F,19185,212.52
2910,240,F,19271,214.96
2920,240,F,19357,214.98
2930,240,F,19442,212.48
2940,240,F,19528,215.09
2950,240,F,19614,214.96
2960,240,F,19699,212.50
2970,240,F,19786,217.50
2980,240,F,19874,220.04
2990,240,F,19960,214.98
3000,240,F,20044,209.98
3010,240,F,20126,205.04
3020,240,F,20207,202.48
3030,240,F,20289,204.98
3040,240,F,20373,209.98
3050,240,F,20460,217.41
3060,240,F,20544,210.13
3070,240,F,20628,209.98
3080,240,F,20713,212.50
3090,240,F,20797,210.00
3100,240,F,20883,215.04
3110,240,F,20969,214.96
3120,240,F,21057,219.98
3130,240,F,21144,217.54
3140,240,F,21229,212.48
3150,240,F,21320,227.55
3160,240,F,21407,217.43
3170,240,F,21484,192.54
3180,240,F,21569,212.50
3190,240,F,21654,212.52
3200,240,F,21740,214.96
3210,240,F,21825,212.52
3220,240,F,21911,214.94
3230,240,F,21997,215.06
3240,240,F,22083,214.98
3250,240,F,22170,217.48
3260,240,F,22257,217.50
3270,240,F,22344,217.50
3280,240,F,22428,210.06
3290,240,F,22510,204.96
3300,240,F,22592,205.00
3310,240,F,22674,205.00
3320,240,F,22758,209.98
3330,240,F,22844,215.00
3340,240,F,22929,212.50
3350,240,F,23013,209.92
3360,240,F,23097,210.15
3370,240,F,23182,212.46
3380,240,F,23267,212.48
3390,240,F,23353,215.06
3400,240,F,23441,219.93
3410,240,F,23528,217.48
3420,240,F,23614,215.06
3430,240,F,23704,225.00
3440,240,F,23793,222.30
3450,240,F,23871,195.18
3460,240,F,23953,204.96
3470,240,F,24039,215.04
3480,240,F,24125,215.02
3490,240,F,24211,214.96
3500,240,F,24297,214.85
3510,240,F,24383,215.13
3520,240,F,24468,212.50
3530,240,F,24555,217.54
3540,240,F,24642,217.52
3550,240,F,24729,217.43
3560,240,F,24814,212.56
3570,240,F,24897,207.48
3580,240,F,24979,205.00
3590,240,F,25061,205.02
3600,240,F,25144,207.46
3610,240,F,25230,214.98
3620,240,F,25315,212.48
3630,240,F,25399,210.02
3640,240,F,25483,210.02
3650,240,F,25569,214.98
3660,240,F,25654,212.56
3670,240,F,25739,212.50
3680,240,F,25827,219.93
3690,240,F,25913,215.04
3700,240,F,25999,215.00
3710,240,F,26087,220.00
3720,240,F,26178,227.52
3730,240,F,26258,199.94
3740,240,F,26338,200.04
3750,240,F,26424,215.02
3760,240,F,26509,212.50
3770,240,F,26595,214.83
3780,240,F,26680,212.67
3790,240,F,26766,214.96
3800,240,F,26851,212.50
3810,240,F,26936,212.50
3820,240,F,27023,217.46
3830,240,F,27109,215.02
3840,240,F,27195,215.04
3850,240,F,27278,207.52
3860,240,F,27359,202.48
3870,240,F,27440,202.46
3880,240,F,27522,205.02
3890,240,F,27606,209.98
3900,240,F,27691,212.56
3910,240,F,27775,209.96
3920,240,F,27859,209.87
3930,240,F,27942,207.65
3940,240,F,28027,212.46
3950,240,F,28111,210.00
3960,240,F,28197,215.02
3970,240,F,28284,217.48
3980,240,F,28370,214.87
3990,240,F,28454,210.19
4000,240,F,28547,232.43
4010,240,F,28629,205.06
4020,240,F,28706,192.46
4030,240,F,28790,209.98
4040,240,F,28876,215.06
4050,240,F,28961,212.44
4060,240,F,29046,212.50
4070,240,F,29131,212.56
4080,240,F,29216,212.46
4090,240,F,29301,212.52
4100,240,F,29387,215.02
4110,240,F,29475,219.93
4120,240,F,29560,212.54
4130,240,F,29643,207.48
4140,240,F,29725,205.00
4150,240,F,29805,200.04
4160,240,F,29887,205.00
4170,240,F,29971,209.96
4180,240,F,30056,212.48
4190,240,F,30140,210.06
4200,240,F,30223,207.48
4210,240,F,30307,209.98
4220,240,F,30391,210.02
4230,240,F,30476,212.46
4240,240,F,30562,215.00
4250,240,F,30648,215.00
4260,240,F,30735,217.50
4270,240,F,30819,210.04
4280,240,F,30909,224.91
4290,240,F,30997,220.07
4300,240,F,31074,192.48
4310,240,F,31156,205.00
4320,240,F,31241,212.52
4330,240,F,31326,212.54
4340,240,F,31411,212.48
4350,240,F,31496,212.48
4360,240,F,31581,212.50
4370,240,F,31666,212.50
4380,240,F,31751,212.54
4390,240,F,31838,217.46
4400,240,F,31924,215.04
4410,240,F,32008,209.98
4420,240,F,32090,204.92
4430,240,F,32171,202.52
4440,240,F,32252,202.52
4450,240,F,32334,205.00
4460,240,F,32419,212.39
4470,240,F,32502,207.67
4480,240,F,32586,210.00
4490,240,F,32669,207.42
4500,240,F,32753,210.04
4510,240,F,32838,212.46
4520,240,F,32922,210.04
4530,240,F,33007,212.52
4540,240,F,33094,217.50
4550,240,F,33179,212.52
4560,240,F,33264,212.42
4570,240,F,33355,227.55
4580,240,F,33437,205.00
4590,240,F,33514,192.50
4600,240,F,33598,210.00
4610,240,F,33684,215.02
4620,240,F,33768,210.00
4630,240,F,33853,212.46
4640,240,F,33938,212.56
4650,240,F,34023,212.44
4660,240,F,34108,212.52
4670,240,F,34193,212.54
4680,240,F,34281,219.98
4690,240,F,34366,212.33
4700,240,F,34448,205.16
4710,240,F,34530,204.96
4720,240,F,34610,200.04
4730,240,F,34692,205.02
4740,240,F,34775,207.38
4750,240,F,34860,212.56
4760,240,F,34943,207.52
4770,240,F,35026,207.54
4780,240,F,35110,209.98
4790,240,F,35193,207.52
4800,240,F,35278,212.46
4810,240,F,35363,212.54
4820,240,F,35450,217.46
4830,240,F,35536,215.00
4840,240,F,35619,207.48
4850,240,F,35709,224.89
4860,240,F,35796,217.65
4870,240,F,35875,197.48
4880,240,F,35955,200.04
4890,240,F,36039,209.94
4900,240,F,36124,212.54
4910,240,F,36209,212.52
4920,240,F,36294,212.50
4930,240,F,36379,212.50
4940,240,F,36464,212.48
4950,240,F,36549,212.33
4960,240,F,36635,215.11
4970,240,F,36721,215.06
4980,240,F,36805,209.98
4990,240,F,36886,202.54
5000,240,F,36968,205.00
5010,240,F,37049,202.50
5020,240,F,37130,202.46
5030,240,F,37214,210.00
5040,240,F,37298,210.04
5050,240,F,37382,209.94
5060,240,F,37465,207.56
5070,240,F,37549,209.92
5080,240,F,37633,210.08
5090,240,F,37717,209.96
5100,240,F,37803,215.00
5110,240,F,37890,217.46
5120,240,F,37975,212.54
5130,240,F,38059,210.00
5140,240,F,38151,229.98
5150,240,F,38233,205.02
5160,240,F,38310,192.54
5170,240,F,38394,209.98
5180,240,F,38480,214.96
5190,240,F,38565,212.54
5200,240,F,38650,212.50
5210,240,F,38735,212.52
5220,240,F,38819,209.94
5230,240,F,38904,212.48
5240,240,F,38990,215.09
5250,240,F,39077,217.48
5260,240,F,39163,215.02
5270,240,F,39245,204.92
5280,240,F,39327,205.06
5290,240,F,39407,200.02
5300,240,F,39489,204.96
5310,240,F,39572,207.50
5320,240,F,39657,212.52
5330,240,F,39741,209.94
5340,240,F,39824,207.54
5350,240,F,39908,209.98
5360,240,F,39992,210.04
5370,240,F,40076,209.98
5380,240,F,40162,214.98
5390,240,F,40248,215.02
5400,240,F,40334,215.00
5410,240,F,40419,212.52
5420,240,F,40506,217.48
5430,240,F,40596,225.02
5440,240,F,40672,189.98
5450,240,F,40755,207.48
5460,240,F,40839,210.02
5470,240,F,40924,212.52
5480,240,F,41010,214.94
5490,240,F,41095,212.56
=== END ===
# Trial 5 of 46: step_up_rev_200_run01
=== START step_up_rev_200_run01 ===
t_ms,pwm_cmd,dir,enc_count,rpm
0,0,N,0,0.00
10,0,N,0,0.00
20,0,N,0,0.00
30,0,N,0,0.00
40,0,N,0,0.00
50,0,N,0,0.00
60,0,N,0,0.00
70,0,N,0,0.00
80,0,N,0,0.00
90,0,N,0,0.00
100,0,N,0,0.00
110,0,N,0,0.00
120,0,N,0,0.00
130,0,N,0,0.00
140,0,N,0,0.00
150,0,N,0,0.00
160,0,N,0,0.00
170,0,N,0,0.00
180,0,N,0,0.00
190,0,N,0,0.00
200,0,N,0,0.00
210,0,N,0,0.00
220,0,N,0,0.00
230,0,N,0,0.00
240,0,N,0,0.00
250,0,N,0,0.00
260,0,N,0,0.00
270,0,N,0,0.00
280,0,N,0,0.00
290,0,N,0,0.00
300,0,N,0,0.00
310,0,N,0,0.00
320,0,N,0,0.00
330,0,N,0,0.00
340,0,N,0,0.00
350,0,N,0,0.00
360,0,N,0,0.00
370,0,N,0,0.00
380,0,N,0,0.00
390,0,N,0,0.00
400,0,N,0,0.00
410,0,N,0,0.00
420,0,N,0,0.00
430,0,N,0,0.00
440,0,N,0,0.00
450,0,N,0,0.00
460,0,N,0,0.00
470,0,N,0,0.00
480,0,N,0,0.00
490,0,N,0,0.00
500,200,R,0,0.00
510,200,R,-2,-5.00
520,200,R,-10,-20.00
530,200,R,-23,-32.49
540,200,R,-39,-40.01
550,200,R,-61,-54.98
560,200,R,-85,-60.02
570,200,R,-112,-67.48
580,200,R,-142,-75.01
590,200,R,-174,-80.00
600,200,R,-208,-85.00
610,200,R,-245,-92.51
620,200,R,-283,-95.00
630,200,R,-323,-100.00
640,200,R,-364,-102.48
650,200,R,-406,-105.03
660,200,R,-449,-107.50
670,200,R,-492,-107.48
680,200,R,-536,-109.99
690,200,R,-587,-127.49
700,200,R,-634,-117.51
710,200,R,-681,-117.49
720,200,R,-728,-117.54
730,200,R,-775,-117.51
740,200,R,-822,-117.50
750,200,R,-864,-104.99
760,200,R,-912,-119.99
770,200,R,-960,-120.01
780,200,R,-1009,-122.48
790,200,R,-1058,-122.50
800,200,R,-1106,-120.00
810,200,R,-1153,-117.54
820,200,R,-1200,-117.48
830,200,R,-1249,-122.51
840,200,R,-1298,-122.51
850,200,R,-1348,-124.98
860,200,R,-1398,-124.99
870,200,R,-1448,-125.00
880,200,R,-1499,-127.54
890,200,R,-1550,-127.45
900,200,R,-1601,-127.54
910,200,R,-1652,-127.50
920,200,R,-1702,-125.00
930,200,R,-1752,-125.01
940,200,R,-1801,-122.49
950,200,R,-1852,-127.47
960,200,R,-1902,-125.00
970,200,R,-1952,-125.00
980,200,R,-2003,-127.50
990,200,R,-2053,-125.04
1000,200,R,-2103,-124.99
1010,200,R,-2155,-130.01
1020,200,R,-2206,-127.46
1030,200,R,-2257,-127.53
1040,200,R,-2307,-124.98
1050,200,R,-2357,-125.03
1060,200,R,-2407,-124.98
1070,200,R,-2457,-125.03
1080,200,R,-2508,-127.49
1090,200,R,-2559,-127.50
1100,200,R,-2610,-127.50
1110,200,R,-2662,-129.97
1120,200,R,-2713,-127.53
1130,200,R,-2765,-130.03
1140,200,R,-2817,-130.00
1150,200,R,-2868,-127.47
1160,200,R,-2919,-127.49
1170,200,R,-2970,-127.51
1180,200,R,-3029,-147.53
1190,200,R,-3081,-129.95
1200,200,R,-3132,-127.54
1210,200,R,-3183,-127.50
1220,200,R,-3231,-119.99
1230,200,R,-3279,-119.99
1240,200,R,-3329,-125.00
1250,200,R,-3380,-127.54
1260,200,R,-3431,-127.47
1270,200,R,-3481,-125.00
1280,200,R,-3530,-122.52
1290,200,R,-3579,-122.46
1300,200,R,-3628,-122.54
1310,200,R,-3678,-124.99
1320,200,R,-3729,-127.51
1330,200,R,-3780,-127.46
1340,200,R,-3830,-125.00
1350,200,R,-3882,-130.04
1360,200,R,-3934,-129.99
1370,200,R,-3985,-127.49
1380,200,R,-4036,-127.49
1390,200,R,-4086,-125.01
1400,200,R,-4136,-125.01
1410,200,R,-4186,-125.00
1420,200,R,-4237,-127.49
1430,200,R,-4287,-124.99
1440,200,R,-4337,-125.04
1450,200,R,-4387,-124.99
1460,200,R,-4437,-124.99
1470,200,R,-4487,-125.03
1480,200,R,-4538,-127.47
1490,200,R,-4588,-125.00
1500,200,R,-4639,-127.53
1510,200,R,-4689,-124.98
1520,200,R,-4739,-125.01
1530,200,R,-4788,-122.46
1540,200,R,-4838,-125.05
1550,200,R,-4888,-125.00
1560,200,R,-4939,-127.39
1570,200,R,-4989,-125.01
1580,200,R,-5039,-125.10
1590,200,R,-5090,-127.50
1600,200,R,-5142,-129.99
1610,200,R,-5193,-127.47
1620,200,R,-5244,-127.49
1630,200,R,-5293,-122.55
1640,200,R,-5344,-127.49
1650,200,R,-5396,-129.96
1660,200,R,-5453,-142.53
1670,200,R,-5504,-127.51
1680,200,R,-5553,-122.46
1690,200,R,-5603,-125.04
1700,200,R,-5650,-117.51
1710,200,R,-5697,-117.49
1720,200,R,-5747,-124.99
1730,200,R,-5798,-127.53
1740,200,R,-5848,-124.98
1750,200,R,-5897,-122.50
1760,200,R,-5945,-119.98
1770,200,R,-5993,-120.04
1780,200,R,-6042,-122.48
1790,200,R,-6091,-122.52
1800,200,R,-6142,-127.51
1810,200,R,-6192,-125.00
1820,200,R,-6243,-127.47
1830,200,R,-6294,-127.49
1840,200,R,-6345,-127.54
1850,200,R,-6396,-127.50
1860,200,R,-6447,-127.50
1870,200,R,-6497,-124.98
1880,200,R,-6546,-122.50
1890,200,R,-6596,-125.00
1900,200,R,-6646,-125.00
1910,200,R,-6696,-124.99
1920,200,R,-6746,-125.00
1930,200,R,-6796,-125.00
1940,200,R,-6846,-125.01
1950,200,R,-6895,-122.51
1960,200,R,-6946,-127.47
1970,200,R,-6996,-125.01
1980,200,R,-7047,-127.49
1990,200,R,-7096,-122.50
2000,200,R,-7145,-122.52
2010,200,R,-7194,-122.49
2020,200,R,-7244,-125.00
2030,200,R,-7294,-124.98
2040,200,R,-7345,-127.51
2050,200,R,-7395,-125.01
2060,200,R,-7445,-125.03
2070,200,R,-7496,-127.49
2080,200,R,-7547,-127.50
2090,200,R,-7598,-127.47
2100,200,R,-7649,-127.53
2110,200,R,-7698,-122.50
2120,200,R,-7748,-125.01
2130,200,R,-7799,-127.49
2140,200,R,-7857,-145.00
2150,200,R,-7908,-127.51
2160,200,R,-7958,-124.99
2170,200,R,-8008,-124.99
2180,200,R,-8055,-117.49
2190,200,R,-8100,-112.51
2200,200,R,-8151,-127.53
2210,200,R,-8201,-125.00
2220,200,R,-8252,-127.50
2230,200,R,-8300,-120.00
2240,200,R,-8348,-120.00
2250,200,R,-8396,-119.96
2260,200,R,-8445,-122.51
2270,200,R,-8494,-122.51
2280,200,R,-8545,-127.47
2290,200,R,-8595,-124.99
2300,200,R,-8646,-127.53
2310,200,R,-8697,-127.51
2320,200,R,-8748,-127.49
2330,200,R,-8799,-127.50
2340,200,R,-8850,-127.47
2350,200,R,-8899,-122.54
2360,200,R,-8949,-125.01
2370,200,R,-8998,-122.48
2380,200,R,-9048,-125.00
2390,200,R,-9098,-125.03
2400,200,R,-9148,-124.95
2410,200,R,-9198,-125.03
2420,200,R,-9248,-125.03
2430,200,R,-9297,-122.48
2440,200,R,-9348,-127.49
2450,200,R,-9398,-125.00
2460,200,R,-9449,-127.54
2470,200,R,-9498,-122.48
2480,200,R,-9548,-125.03
2490,200,R,-9596,-119.99
2500,200,R,-9647,-127.49
2510,200,R,-9696,-122.52
2520,200,R,-9747,-127.49
2530,200,R,-9797,-124.98
2540,200,R,-9848,-127.42
2550,200,R,-9898,-125.11
2560,200,R,-9950,-129.96
2570,200,R,-10000,-125.01
2580,200,R,-10051,-127.50
2590,200,R,-10101,-124.98
2600,200,R,-10150,-122.54
2610,200,R,-10200,-125.01
2620,200,R,-10258,-144.99
2630,200,R,-10310,-129.97
2640,200,R,-10360,-125.00
2650,200,R,-10410,-125.01
2660,200,R,-10455,-112.49
2670,200,R,-10503,-119.99
2680,200,R,-10553,-125.04
2690,200,R,-10604,-127.49
2700,200,R,-10654,-125.01
2710,200,R,-10702,-120.00
2720,200,R,-10750,-120.01
2730,200,R,-10798,-119.98
2740,200,R,-10847,-122.50
2750,200,R,-10897,-125.01
2760,200,R,-10947,-125.00
2770,200,R,-10997,-125.00
2780,200,R,-11048,-127.51
2790,200,R,-11099,-127.50
2800,200,R,-11150,-127.46
2810,200,R,-11201,-127.50
2820,200,R,-11252,-127.54
2830,200,R,-11301,-122.45
2840,200,R,-11351,-125.03
2850,200,R,-11400,-122.50
2860,200,R,-11450,-124.99
2870,200,R,-11500,-125.00
2880,200,R,-11550,-124.99
2890,200,R,-11600,-125.04
2900,200,R,-11650,-124.99
2910,200,R,-11699,-122.50
2920,200,R,-11750,-127.49
2930,200,R,-11800,-125.01
2940,200,R,-11851,-127.51
2950,200,R,-11900,-122.48
2960,200,R,-11950,-125.03
2970,200,R,-11998,-120.00
2980,200,R,-12049,-127.47
2990,200,R,-12098,-122.51
3000,200,R,-12149,-127.53
3010,200,R,-12199,-125.00
3020,200,R,-12249,-124.98
3030,200,R,-12300,-127.49
3040,200,R,-12351,-127.54
3050,200,R,-12402,-127.47
3060,200,R,-12453,-127.50
3070,200,R,-12502,-122.50
3080,200,R,-12552,-125.00
3090,200,R,-12602,-125.01
3100,200,R,-12661,-147.47
3110,200,R,-12712,-127.51
3120,200,R,-12762,-125.00
3130,200,R,-12811,-122.51
3140,200,R,-12856,-112.50
3150,200,R,-12905,-122.46
3160,200,R,-12955,-125.01
3170,200,R,-13006,-127.47
3180,200,R,-13055,-122.52
3190,200,R,-13104,-122.54
3200,200,R,-13152,-120.00
3210,200,R,-13200,-119.98
3220,200,R,-13249,-122.49
3230,200,R,-13299,-125.00
3240,200,R,-13349,-125.03
3250,200,R,-13399,-125.01
3260,200,R,-13450,-127.45
3270,200,R,-13501,-127.55
3280,200,R,-13552,-127.49
3290,200,R,-13603,-127.50
3300,200,R,-13654,-127.50
3310,200,R,-13704,-125.00
3320,200,R,-13753,-122.49
3330,200,R,-13803,-125.03
3340,200,R,-13853,-124.98
3350,200,R,-13902,-122.51
3360,200,R,-13953,-127.50
3370,200,R,-14003,-124.98
3380,200,R,-14053,-125.04
3390,200,R,-14102,-122.49
3400,200,R,-14153,-127.49
3410,200,R,-14204,-127.53
3420,200,R,-14254,-124.98
3430,200,R,-14304,-124.99
3440,200,R,-14353,-122.54
3450,200,R,-14402,-122.49
3460,200,R,-14453,-127.50
3470,200,R,-14502,-122.51
3480,200,R,-14553,-127.49
3490,200,R,-14603,-125.00
3500,200,R,-14654,-127.46
3510,200,R,-14704,-125.00
3520,200,R,-14756,-130.01
3530,200,R,-14807,-127.54
3540,200,R,-14858,-127.46
3550,200,R,-14908,-125.03
3560,200,R,-14958,-124.99
3570,200,R,-15009,-127.53
3580,200,R,-15068,-147.49
3590,200,R,-15119,-127.50
3600,200,R,-15169,-124.99
3610,200,R,-15219,-124.99
3620,200,R,-15262,-107.53
3630,200,R,-15312,-124.96
3640,200,R,-15363,-127.49
3650,200,R,-15413,-125.00
3660,200,R,-15463,-125.04
3670,200,R,-15511,-119.98
3680,200,R,-15560,-122.49
3690,200,R,-15608,-120.05
3700,200,R,-15658,-124.99
3710,200,R,-15707,-122.48
3720,200,R,-15757,-125.01
3730,200,R,-15808,-127.47
3740,200,R,-15859,-127.55
3750,200,R,-15910,-127.46
3760,200,R,-15961,-127.50
3770,200,R,-16012,-127.54
3780,200,R,-16062,-125.00
3790,200,R,-16112,-124.98
3800,200,R,-16162,-124.98
3810,200,R,-16212,-125.01
3820,200,R,-16261,-122.54
3830,200,R,-16311,-124.98
3840,200,R,-16361,-124.99
3850,200,R,-16411,-125.04
3860,200,R,-16461,-125.00
3870,200,R,-16511,-124.98
3880,200,R,-16561,-124.99
3890,200,R,-16611,-125.01
3900,200,R,-16662,-127.53
3910,200,R,-16711,-122.49
3920,200,R,-16761,-124.96
3930,200,R,-16810,-122.55
3940,200,R,-16860,-124.95
3950,200,R,-16909,-122.51
3960,200,R,-16960,-127.50
3970,200,R,-17010,-125.01
3980,200,R,-17061,-127.50
3990,200,R,-17111,-125.00
4000,200,R,-17163,-130.00
4010,200,R,-17213,-125.00
4020,200,R,-17264,-127.50
4030,200,R,-17313,-122.50
4040,200,R,-17363,-124.99
4050,200,R,-17417,-135.03
4060,200,R,-17473,-139.99
4070,200,R,-17523,-124.98
4080,200,R,-17573,-125.01
4090,200,R,-17622,-122.54
4100,200,R,-17666,-110.00
4110,200,R,-17716,-124.98
4120,200,R,-17766,-125.01
4130,200,R,-17817,-127.46
4140,200,R,-17866,-122.52
4150,200,R,-17915,-122.51
4160,200,R,-17963,-119.98
4170,200,R,-18011,-120.04
4180,200,R,-18060,-122.45
4190,200,R,-18110,-125.01
4200,200,R,-18160,-125.03
4210,200,R,-18211,-127.49
4220,200,R,-18262,-127.50
4230,200,R,-18313,-127.49
4240,200,R,-18364,-127.53
4250,200,R,-18415,-127.49
4260,200,R,-18465,-124.99
4270,200,R,-18515,-125.03
4280,200,R,-18565,-125.00
4290,200,R,-18614,-122.51
4300,200,R,-18664,-125.00
4310,200,R,-18714,-124.94
4320,200,R,-18763,-122.56
4330,200,R,-18814,-127.49
4340,200,R,-18864,-124.98
4350,200,R,-18914,-125.01
4360,200,R,-18964,-125.00
4370,200,R,-19015,-127.53
4380,200,R,-19065,-125.00
4390,200,R,-19114,-122.45
4400,200,R,-19164,-125.05
4410,200,R,-19214,-124.98
4420,200,R,-19263,-122.52
4430,200,R,-19313,-125.00
4440,200,R,-19363,-124.96
4450,200,R,-19414,-127.50
4460,200,R,-19465,-127.54
4470,200,R,-19516,-127.47
4480,200,R,-19567,-127.51
4490,200,R,-19617,-124.98
4500,200,R,-19668,-127.54
4510,200,R,-19717,-122.50
4520,200,R,-19768,-127.49
4530,200,R,-19823,-137.50
4540,200,R,-19878,-137.51
4550,200,R,-19927,-122.49
4560,200,R,-19978,-127.49
4570,200,R,-20026,-120.00
4580,200,R,-20071,-112.50
4590,200,R,-20121,-124.93
4600,200,R,-20171,-125.06
4610,200,R,-20221,-125.01
4620,200,R,-20271,-125.03
4630,200,R,-20319,-119.98
4640,200,R,-20368,-122.43
4650,200,R,-20416,-120.05
4660,200,R,-20465,-122.55
4670,200,R,-20515,-124.96
4680,200,R,-20565,-125.00
4690,200,R,-20616,-127.42
4700,200,R,-20667,-127.61
4710,200,R,-20718,-127.49
4720,200,R,-20768,-124.99
4730,200,R,-20819,-127.49
4740,200,R,-20869,-124.99
4750,200,R,-20919,-125.01
4760,200,R,-20969,-125.04
4770,200,R,-21018,-122.46
4780,200,R,-21068,-125.00
4790,200,R,-21117,-122.51
4800,200,R,-21167,-125.03
4810,200,R,-21217,-124.96
4820,200,R,-21267,-125.03
4830,200,R,-21317,-125.00
4840,200,R,-21367,-125.00
4850,200,R,-21417,-125.01
4860,200,R,-21467,-124.95
4870,200,R,-21517,-125.03
4880,200,R,-21567,-124.98
4890,200,R,-21616,-122.55
4900,200,R,-21665,-122.48
4910,200,R,-21715,-125.03
4920,200,R,-21765,-125.00
4930,200,R,-21815,-124.95
4940,200,R,-21866,-127.53
4950,200,R,-21917,-127.50
4960,200,R,-21968,-127.49
4970,200,R,-22018,-125.00
4980,200,R,-22068,-125.03
4990,200,R,-22117,-122.51
5000,200,R,-22168,-127.50
5010,200,R,-22220,-129.96
5020,200,R,-22278,-145.03
5030,200,R,-22327,-122.49
5040,200,R,-22377,-125.01
5050,200,R,-22425,-119.96
5060,200,R,-22470,-112.51
5070,200,R,-22520,-125.00
5080,200,R,-22570,-125.04
5090,200,R,-22620,-124.95
5100,200,R,-22669,-122.54
5110,200,R,-22717,-119.98
5120,200,R,-22766,-122.52
5130,200,R,-22813,-117.51
5140,200,R,-22863,-124.95
5150,200,R,-22912,-122.51
5160,200,R,-22962,-125.03
5170,200,R,-23013,-127.50
5180,200,R,-23064,-127.49
5190,200,R,-23114,-125.01
5200,200,R,-23165,-127.51
5210,200,R,-23216,-127.42
5220,200,R,-23266,-125.04
5230,200,R,-23315,-122.51
5240,200,R,-23365,-125.01
5250,200,R,-23414,-122.49
5260,200,R,-23464,-124.99
5270,200,R,-23513,-122.54
5280,200,R,-23563,-124.96
5290,200,R,-23613,-125.00
5300,200,R,-23662,-122.51
5310,200,R,-23712,-125.00
5320,200,R,-23762,-125.00
5330,200,R,-23812,-125.03
5340,200,R,-23863,-127.46
5350,200,R,-23912,-122.50
5360,200,R,-23961,-122.50
5370,200,R,-24010,-122.50
5380,200,R,-24060,-125.04
5390,200,R,-24109,-122.50
5400,200,R,-24159,-124.96
5410,200,R,-24209,-125.04
5420,200,R,-24260,-127.47
5430,200,R,-24310,-124.98
5440,200,R,-24361,-127.53
5450,200,R,-24412,-127.51
5460,200,R,-24462,-124.98
5470,200,R,-24511,-122.54
5480,200,R,-24561,-124.99
5490,200,R,-24616,-137.51
=== END ===
# Trial 6 of 46: step_up_rev_200_run02
=== START step_up_rev_200_run02 ===
t_ms,pwm_cmd,dir,enc_count,rpm
0,0,N,0,0.00
10,0,N,0,0.00
20,0,N,0,0.00
30,0,N,0,0.00
40,0,N,0,0.00
50,0,N,0,0.00
60,0,N,0,0.00
70,0,N,0,0.00
80,0,N,0,0.00
90,0,N,0,0.00
100,0,N,0,0.00
110,0,N,0,0.00
120,0,N,0,0.00
130,0,N,0,0.00
140,0,N,0,0.00
150,0,N,0,0.00
160,0,N,0,0.00
170,0,N,0,0.00
180,0,N,0,0.00
190,0,N,0,0.00
200,0,N,0,0.00
210,0,N,0,0.00
220,0,N,0,0.00
230,0,N,0,0.00
240,0,N,0,0.00
250,0,N,0,0.00
260,0,N,0,0.00
270,0,N,0,0.00
280,0,N,0,0.00
290,0,N,0,0.00
300,0,N,0,0.00
310,0,N,0,0.00
320,0,N,0,0.00
330,0,N,0,0.00
340,0,N,0,0.00
350,0,N,0,0.00
360,0,N,0,0.00
370,0,N,0,0.00
380,0,N,0,0.00
390,0,N,0,0.00
400,0,N,0,0.00
410,0,N,0,0.00
420,0,N,0,0.00
430,0,N,0,0.00
440,0,N,0,0.00
450,0,N,0,0.00
460,0,N,0,0.00
470,0,N,0,0.00
480,0,N,0,0.00
490,0,N,0,0.00
500,200,R,0,0.00
510,200,R,-4,-10.00
520,200,R,-12,-20.01
530,200,R,-25,-32.49
540,200,R,-42,-42.52
550,200,R,-64,-54.98
560,200,R,-88,-60.00
570,200,R,-116,-70.02
580,200,R,-147,-77.50
590,200,R,-180,-82.48
600,200,R,-215,-87.52
610,200,R,-252,-92.47
620,200,R,-291,-97.51
630,200,R,-331,-100.03
640,200,R,-372,-102.49
650,200,R,-413,-102.51
660,200,R,-457,-109.99
670,200,R,-501,-109.96
680,200,R,-545,-110.03
690,200,R,-590,-112.49
700,200,R,-637,-117.52
710,200,R,-684,-117.49
720,200,R,-732,-119.99
730,200,R,-779,-117.51
740,200,R,-829,-125.01
750,200,R,-878,-122.48
760,200,R,-928,-125.03
770,200,R,-977,-122.49
780,200,R,-1027,-124.98
790,200,R,-1075,-120.01
800,200,R,-1126,-127.51
810,200,R,-1176,-124.98
820,200,R,-1228,-130.01
830,200,R,-1279,-127.50
840,200,R,-1330,-127.53
850,200,R,-1382,-130.01
860,200,R,-1434,-129.99
870,200,R,-1487,-132.49
880,200,R,-1539,-130.00
890,200,R,-1590,-127.51
900,200,R,-1642,-130.01
910,200,R,-1701,-147.37
920,200,R,-1755,-135.12
930,200,R,-1807,-129.96
940,200,R,-1859,-130.04
950,200,R,-1910,-127.50
960,200,R,-1955,-112.48
970,200,R,-2008,-132.50
980,200,R,-2060,-129.99
990,200,R,-2112,-130.04
1000,200,R,-2163,-127.50
1010,200,R,-2213,-124.98
1020,200,R,-2263,-125.00
1030,200,R,-2314,-127.53
1040,200,R,-2366,-129.99
1050,200,R,-2418,-129.96
1060,200,R,-2471,-132.47
1070,200,R,-2524,-132.57
1080,200,R,-2576,-130.01
1090,200,R,-2630,-135.00
1100,200,R,-2683,-132.50
1110,200,R,-2736,-132.45
1120,200,R,-2788,-130.01
1130,200,R,-2840,-130.04
1140,200,R,-2892,-130.00
1150,200,R,-2944,-129.99
1160,200,R,-2996,-130.00
1170,200,R,-3048,-130.00
1180,200,R,-3101,-132.50
1190,200,R,-3153,-130.00
1200,200,R,-3205,-129.97
1210,200,R,-3258,-132.51
1220,200,R,-3311,-132.47
1230,200,R,-3363,-130.03
1240,200,R,-3414,-127.50
1250,200,R,-3466,-129.97
1260,200,R,-3519,-132.54
1270,200,R,-3570,-127.47
1280,200,R,-3623,-132.50
1290,200,R,-3676,-132.51
1300,200,R,-3729,-132.51
1310,200,R,-3782,-132.49
1320,200,R,-3836,-134.95
1330,200,R,-3889,-132.58
1340,200,R,-3942,-132.47
1350,200,R,-3994,-129.99
1360,200,R,-4046,-129.99
1370,200,R,-4103,-142.50
1380,200,R,-4162,-147.54
1390,200,R,-4213,-127.49
1400,200,R,-4266,-132.51
1410,200,R,-4317,-127.51
1420,200,R,-4364,-117.49
1430,200,R,-4417,-132.46
1440,200,R,-4470,-132.50
1450,200,R,-4522,-130.03
1460,200,R,-4573,-127.53
1470,200,R,-4624,-127.46
1480,200,R,-4674,-125.03
1490,200,R,-4725,-127.47
1500,200,R,-4777,-130.04
1510,200,R,-4831,-134.97
1520,200,R,-4883,-130.00
1530,200,R,-4937,-134.97
1540,200,R,-4990,-132.55
1550,200,R,-5044,-134.96
1560,200,R,-5097,-132.51
1570,200,R,-5150,-132.50
1580,200,R,-5202,-130.00
1590,200,R,-5255,-132.49
1600,200,R,-5307,-130.00
1610,200,R,-5359,-130.03
1620,200,R,-5412,-132.51
1630,200,R,-5464,-129.96
1640,200,R,-5516,-129.99
1650,200,R,-5569,-132.54
1660,200,R,-5622,-132.47
1670,200,R,-5675,-132.51
1680,200,R,-5728,-132.50
1690,200,R,-5780,-130.03
1700,200,R,-5832,-129.96
1710,200,R,-5883,-127.51
1720,200,R,-5936,-132.50
1730,200,R,-5988,-130.03
1740,200,R,-6041,-132.49
1750,200,R,-6094,-132.51
1760,200,R,-6147,-132.46
1770,200,R,-6201,-134.99
1780,200,R,-6254,-132.51
1790,200,R,-6307,-132.54
1800,200,R,-6360,-132.49
1810,200,R,-6412,-129.99
1820,200,R,-6466,-134.99
1830,200,R,-6523,-142.54
1840,200,R,-6580,-142.50
1850,200,R,-6632,-129.96
1860,200,R,-6685,-132.53
1870,200,R,-6735,-125.00
1880,200,R,-6782,-117.51
1890,200,R,-6835,-132.46
1900,200,R,-6888,-132.54
1910,200,R,-6941,-132.49
1920,200,R,-6991,-125.00
1930,200,R,-7042,-127.50
1940,200,R,-7092,-125.00
1950,200,R,-7144,-130.01
1960,200,R,-7196,-129.96
1970,200,R,-7249,-132.54
1980,200,R,-7302,-132.46
1990,200,R,-7355,-132.49
2000,200,R,-7409,-135.04
2010,200,R,-7463,-135.01
2020,200,R,-7516,-132.50
2030,200,R,-7568,-129.96
2040,200,R,-7620,-130.00
2050,200,R,-7672,-130.01
2060,200,R,-7725,-132.51
2070,200,R,-7777,-130.00
2080,200,R,-7830,-132.47
2090,200,R,-7882,-130.03
2100,200,R,-7934,-129.96
2110,200,R,-7986,-130.01
2120,200,R,-8040,-135.03
2130,200,R,-8093,-132.50
2140,200,R,-8145,-129.99
2150,200,R,-8197,-129.99
2160,200,R,-8249,-130.00
2170,200,R,-8301,-130.04
2180,200,R,-8353,-129.99
2190,200,R,-8406,-132.49
2200,200,R,-8458,-130.00
2210,200,R,-8511,-132.51
2220,200,R,-8564,-132.47
2230,200,R,-8618,-135.00
2240,200,R,-8672,-134.92
2250,200,R,-8725,-132.62
2260,200,R,-8777,-130.00
2270,200,R,-8829,-129.99
2280,200,R,-8884,-137.47
2290,200,R,-8944,-150.03
2300,200,R,-8997,-132.49
2310,200,R,-9049,-130.00
2320,200,R,-9100,-127.53
2330,200,R,-9147,-117.49
2340,200,R,-9199,-130.00
2350,200,R,-9251,-130.00
2360,200,R,-9304,-132.50
2370,200,R,-9355,-127.50
2380,200,R,-9406,-127.49
2390,200,R,-9457,-127.46
2400,200,R,-9507,-125.05
2410,200,R,-9559,-129.99
2420,200,R,-9612,-132.47
2430,200,R,-9664,-130.04
2440,200,R,-9717,-132.50
2450,200,R,-9770,-132.49
2460,200,R,-9824,-135.01
2470,200,R,-9877,-132.50
2480,200,R,-9931,-135.01
2490,200,R,-9983,-130.00
2500,200,R,-10035,-129.95
2510,200,R,-10087,-130.00
2520,200,R,-10139,-130.01
2530,200,R,-10191,-130.01
2540,200,R,-10243,-130.03
2550,200,R,-10296,-132.47
2560,200,R,-10348,-130.00
2570,200,R,-10401,-132.41
2580,200,R,-10453,-130.12
2590,200,R,-10506,-132.49
2600,200,R,-10558,-130.00
2610,200,R,-10610,-130.00
2620,200,R,-10662,-130.00
2630,200,R,-10714,-129.99
2640,200,R,-10767,-132.51
2650,200,R,-10819,-129.99
2660,200,R,-10871,-130.00
2670,200,R,-10924,-132.49
2680,200,R,-10977,-132.53
2690,200,R,-11031,-135.01
2700,200,R,-11084,-132.47
2710,200,R,-11137,-132.51
2720,200,R,-11189,-129.99
2730,200,R,-11242,-132.51
2740,200,R,-11299,-142.49
2750,200,R,-11356,-142.47
2760,200,R,-11408,-130.05
2770,200,R,-11461,-132.47
2780,200,R,-11512,-127.47
2790,200,R,-11558,-115.05
2800,200,R,-11610,-129.99
2810,200,R,-11663,-132.49
2820,200,R,-11715,-130.00
2830,200,R,-11766,-127.50
2840,200,R,-11816,-125.00
2850,200,R,-11866,-125.00
2860,200,R,-11918,-129.99
2870,200,R,-11970,-130.00
2880,200,R,-12022,-130.03
2890,200,R,-12074,-129.99
2900,200,R,-12127,-132.50
2910,200,R,-12180,-132.50
2920,200,R,-12234,-134.99
2930,200,R,-12287,-132.53
2940,200,R,-12339,-129.97
2950,200,R,-12391,-130.00
2960,200,R,-12443,-130.04
2970,200,R,-12495,-129.97
2980,200,R,-12547,-130.00
2990,200,R,-12599,-130.01
3000,200,R,-12651,-129.99
3010,200,R,-12703,-130.00
3020,200,R,-12755,-130.01
3030,200,R,-12807,-130.01
3040,200,R,-12860,-132.46
3050,200,R,-12913,-132.49
3060,200,R,-12964,-127.53
3070,200,R,-13016,-129.99
3080,200,R,-13067,-127.53
3090,200,R,-13120,-132.38
3100,200,R,-13171,-127.63
3110,200,R,-13224,-132.47
3120,200,R,-13276,-130.03
3130,200,R,-13329,-132.43
3140,200,R,-13381,-130.07
3150,200,R,-13435,-134.97
3160,200,R,-13488,-132.53
3170,200,R,-13541,-132.45
3180,200,R,-13592,-127.53
3190,200,R,-13644,-130.03
3200,200,R,-13699,-137.50
3210,200,R,-13759,-149.96
3220,200,R,-13810,-127.54
3230,200,R,-13863,-132.47
3240,200,R,-13912,-122.48
3250,200,R,-13960,-120.02
3260,200,R,-14013,-132.50
3270,200,R,-14065,-129.99
3280,200,R,-14118,-132.50
3290,200,R,-14168,-125.04
3300,200,R,-14219,-127.49
3310,200,R,-14269,-125.01
3320,200,R,-14320,-127.47
3330,200,R,-14372,-130.01
3340,200,R,-14425,-132.51
3350,200,R,-14477,-129.99
3360,200,R,-14530,-132.49
3370,200,R,-14583,-132.53
3380,200,R,-14637,-134.95
3390,200,R,-14690,-132.55
3400,200,R,-14743,-132.47
3410,200,R,-14795,-129.99
3420,200,R,-14847,-130.01
3430,200,R,-14899,-130.01
3440,200,R,-14951,-129.99
3450,200,R,-15003,-130.00
3460,200,R,-15055,-130.01
3470,200,R,-15107,-129.97
3480,200,R,-15160,-132.50
3490,200,R,-15212,-130.03
3500,200,R,-15265,-132.50
3510,200,R,-15318,-132.46
3520,200,R,-15370,-130.04
3530,200,R,-15422,-130.00
3540,200,R,-15473,-127.50
3550,200,R,-15526,-132.50
3560,200,R,-15578,-129.96
3570,200,R,-15631,-132.55
3580,200,R,-15683,-129.96
3590,200,R,-15736,-132.50
3600,200,R,-15789,-132.51
3610,200,R,-15843,-135.01
3620,200,R,-15896,-132.50
3630,200,R,-15949,-132.47
3640,200,R,-16001,-130.00
3650,200,R,-16054,-132.51
3660,200,R,-16112,-145.00
3670,200,R,-16168,-140.01
3680,200,R,-16220,-129.97
3690,200,R,-16272,-130.00
3700,200,R,-16321,-122.50
3710,200,R,-16370,-122.50
3720,200,R,-16423,-132.54
3730,200,R,-16476,-132.46
3740,200,R,-16528,-130.01
3750,200,R,-16579,-127.47
3760,200,R,-16630,-127.51
3770,200,R,-16679,-122.52
3780,200,R,-16731,-130.00
3790,200,R,-16783,-130.00
3800,200,R,-16836,-132.51
3810,200,R,-16889,-132.49
3820,200,R,-16942,-132.50
3830,200,R,-16996,-135.00
3840,200,R,-17049,-132.49
3850,200,R,-17102,-132.49
3860,200,R,-17155,-132.50
3870,200,R,-17207,-130.04
3880,200,R,-17259,-129.95
3890,200,R,-17311,-130.03
3900,200,R,-17364,-132.49
3910,200,R,-17416,-130.00
3920,200,R,-17468,-130.00
3930,200,R,-17520,-130.03
3940,200,R,-17572,-129.99
3950,200,R,-17625,-132.50
3960,200,R,-17678,-132.49
3970,200,R,-17731,-132.54
3980,200,R,-17783,-129.97
3990,200,R,-17834,-127.49
4000,200,R,-17886,-130.01
4010,200,R,-17938,-129.99
4020,200,R,-17990,-130.00
4030,200,R,-18043,-132.53
4040,200,R,-18095,-129.99
4050,200,R,-18149,-135.01
4060,200,R,-18202,-132.51
4070,200,R,-18255,-132.50
4080,200,R,-18309,-134.96
4090,200,R,-18361,-130.01
4100,200,R,-18412,-127.53
4110,200,R,-18467,-137.49
4120,200,R,-18527,-149.99
4130,200,R,-18580,-132.47
4140,200,R,-18632,-130.04
4150,200,R,-18684,-129.99
4160,200,R,-18732,-120.02
4170,200,R,-18782,-125.00
4180,200,R,-18834,-129.96
4190,200,R,-18887,-132.54
4200,200,R,-18939,-129.96
4210,200,R,-18990,-127.51
4220,200,R,-19040,-124.98
4230,200,R,-19090,-125.03
4240,200,R,-19142,-130.01
4250,200,R,-19194,-129.96
4260,200,R,-19247,-132.54
4270,200,R,-19299,-129.99
4280,200,R,-19353,-135.01
4290,200,R,-19406,-132.47
4300,200,R,-19460,-134.92
4310,200,R,-19513,-132.61
4320,200,R,-19565,-130.00
4330,200,R,-19616,-127.51
4340,200,R,-19669,-132.49
4350,200,R,-19721,-129.99
4360,200,R,-19773,-129.99
4370,200,R,-19825,-130.01
4380,200,R,-19877,-129.99
4390,200,R,-19929,-130.03
4400,200,R,-19981,-129.97
4410,200,R,-20034,-132.50
4420,200,R,-20087,-132.51
4430,200,R,-20140,-132.50
4440,200,R,-20191,-127.50
4450,200,R,-20243,-130.00
4460,200,R,-20295,-129.99
4470,200,R,-20347,-130.01
4480,200,R,-20399,-129.99
4490,200,R,-20451,-130.00
4500,200,R,-20504,-132.53
4510,200,R,-20557,-132.49
4520,200,R,-20610,-132.50
4530,200,R,-20664,-134.99
4540,200,R,-20717,-132.49
4550,200,R,-20769,-130.03
4560,200,R,-20821,-130.03
4570,200,R,-20876,-137.47
4580,200,R,-20936,-150.03
4590,200,R,-20988,-129.99
4600,200,R,-21041,-132.49
4610,200,R,-21092,-127.51
4620,200,R,-21140,-119.98
4630,200,R,-21189,-122.51
4640,200,R,-21243,-135.03
4650,200,R,-21295,-129.96
4660,200,R,-21347,-129.99
4670,200,R,-21397,-125.03
4680,200,R,-21448,-127.47
4690,200,R,-21498,-125.00
4700,200,R,-21550,-130.01
4710,200,R,-21602,-130.03
4720,200,R,-21655,-132.47
4730,200,R,-21707,-130.03
4740,200,R,-21761,-135.00
4750,200,R,-21814,-132.51
4760,200,R,-21868,-134.96
4770,200,R,-21921,-132.50
4780,200,R,-21973,-130.01
4790,200,R,-22025,-129.99
4800,200,R,-22076,-127.54
4810,200,R,-22129,-132.46
4820,200,R,-22180,-127.51
4830,200,R,-22233,-132.49
4840,200,R,-22285,-130.01
4850,200,R,-22337,-130.01
4860,200,R,-22389,-129.97
4870,200,R,-22442,-132.51
4880,200,R,-22494,-130.00
4890,200,R,-22547,-132.50
4900,200,R,-22599,-130.01
4910,200,R,-22651,-129.97
4920,200,R,-22702,-127.50
4930,200,R,-22754,-130.03
4940,200,R,-22806,-130.01
4950,200,R,-22859,-132.50
4960,200,R,-22911,-129.97
4970,200,R,-22964,-132.51
4980,200,R,-23018,-134.97
4990,200,R,-23071,-132.53
5000,200,R,-23124,-132.51
5010,200,R,-23176,-129.95
5020,200,R,-23228,-130.05
5030,200,R,-23285,-142.47
5040,200,R,-23342,-142.50
5050,200,R,-23394,-130.01
5060,200,R,-23447,-132.47
5070,200,R,-23498,-127.53
5080,200,R,-23544,-114.97
5090,200,R,-23596,-130.05
5100,200,R,-23649,-132.47
5110,200,R,-23701,-130.00
5120,200,R,-23753,-129.99
5130,200,R,-23803,-125.03
5140,200,R,-23854,-127.50
5150,200,R,-23904,-125.00
5160,200,R,-23956,-129.97
5170,200,R,-24009,-132.53
5180,200,R,-24061,-129.99
5190,200,R,-24114,-132.49
5200,200,R,-24167,-132.50
5210,200,R,-24220,-132.51
5220,200,R,-24274,-134.97
5230,200,R,-24327,-132.53
5240,200,R,-24379,-130.00
5250,200,R,-24431,-130.00
5260,200,R,-24482,-127.49
5270,200,R,-24535,-132.50
5280,200,R,-24587,-129.97
5290,200,R,-24639,-130.04
5300,200,R,-24691,-130.01
5310,200,R,-24743,-130.01
5320,200,R,-24795,-129.99
5330,200,R,-24848,-132.50
5340,200,R,-24901,-132.51
5350,200,R,-24953,-129.95
5360,200,R,-25005,-130.03
5370,200,R,-25056,-127.49
5380,200,R,-25108,-130.00
5390,200,R,-25160,-130.00
5400,200,R,-25213,-132.46
5410,200,R,-25265,-130.07
5420,200,R,-25317,-130.00
5430,200,R,-25370,-132.47
5440,200,R,-25424,-135.03
5450,200,R,-25477,-132.51
5460,200,R,-25530,-132.50
5470,200,R,-25581,-127.49
5480,200,R,-25634,-132.51
5490,200,R,-25691,-142.50
=== END ===
# Trial 7 of 46: step_up_rev_240_run01
=== START step_up_rev_240_run01 ===
t_ms,pwm_cmd,dir,enc_count,rpm
0,0,N,0,0.00
10,0,N,0,0.00
20,0,N,0,0.00
30,0,N,0,0.00
40,0,N,0,0.00
50,0,N,0,0.00
60,0,N,0,0.00
70,0,N,0,0.00
80,0,N,0,0.00
90,0,N,0,0.00
100,0,N,0,0.00
110,0,N,0,0.00
120,0,N,0,0.00
130,0,N,0,0.00
140,0,N,0,0.00
150,0,N,0,0.00
160,0,N,0,0.00
170,0,N,0,0.00
180,0,N,0,0.00
190,0,N,0,0.00
200,0,N,0,0.00
210,0,N,0,0.00
220,0,N,0,0.00
230,0,N,0,0.00
240,0,N,0,0.00
250,0,N,0,0.00
260,0,N,0,0.00
270,0,N,0,0.00
280,0,N,0,0.00
290,0,N,0,0.00
300,0,N,0,0.00
310,0,N,0,0.00
320,0,N,0,0.00
330,0,N,0,0.00
340,0,N,0,0.00
350,0,N,0,0.00
360,0,N,0,0.00
370,0,N,0,0.00
380,0,N,0,0.00
390,0,N,0,0.00
400,0,N,0,0.00
410,0,N,0,0.00
420,0,N,0,0.00
430,0,N,0,0.00
440,0,N,0,0.00
450,0,N,0,0.00
460,0,N,0,0.00
470,0,N,0,0.00
480,0,N,0,0.00
490,0,N,0,0.00
500,240,R,0,0.00
510,240,R,-3,-7.50
520,240,R,-11,-20.01
530,240,R,-24,-32.50
540,240,R,-41,-42.50
550,240,R,-64,-57.48
560,240,R,-92,-70.01
570,240,R,-123,-77.51
580,240,R,-160,-92.49
590,240,R,-202,-105.01
600,240,R,-247,-112.50
610,240,R,-295,-120.02
620,240,R,-346,-127.47
630,240,R,-401,-137.50
640,240,R,-459,-144.99
650,240,R,-518,-147.49
660,240,R,-581,-157.53
670,240,R,-645,-159.98
680,240,R,-711,-165.03
690,240,R,-781,-174.98
700,240,R,-851,-175.00
710,240,R,-923,-179.98
720,240,R,-996,-182.46
730,240,R,-1069,-182.54
740,240,R,-1145,-190.06
750,240,R,-1224,-197.42
760,240,R,-1303,-197.52
770,240,R,-1384,-202.52
780,240,R,-1466,-205.04
790,240,R,-1546,-200.00
800,240,R,-1631,-212.46
810,240,R,-1720,-222.54
820,240,R,-1803,-207.46
830,240,R,-1883,-199.98
840,240,R,-1962,-197.52
850,240,R,-2046,-210.00
860,240,R,-2128,-205.02
870,240,R,-2210,-204.98
880,240,R,-2294,-209.96
890,240,R,-2380,-214.94
900,240,R,-2467,-217.59
910,240,R,-2555,-220.02
920,240,R,-2643,-220.00
930,240,R,-2731,-220.02
940,240,R,-2817,-215.00
950,240,R,-2905,-220.00
960,240,R,-2991,-214.96
970,240,R,-3079,-220.00
980,240,R,-3166,-217.54
990,240,R,-3254,-219.96
1000,240,R,-3341,-217.48
1010,240,R,-3427,-215.04
1020,240,R,-3515,-220.02
1030,240,R,-3604,-222.50
1040,240,R,-3693,-222.46
1050,240,R,-3783,-225.00
1060,240,R,-3873,-224.98
1070,240,R,-3960,-217.52
1080,240,R,-4055,-237.57
1090,240,R,-4146,-227.48
1100,240,R,-4233,-217.52
1110,240,R,-4316,-207.50
1120,240,R,-4402,-214.98
1130,240,R,-4489,-217.46
1140,240,R,-4574,-212.52
1150,240,R,-4659,-212.52
1160,240,R,-4747,-219.98
1170,240,R,-4836,-222.54
1180,240,R,-4925,-222.50
1190,240,R,-5016,-227.45
1200,240,R,-5105,-222.50
1210,240,R,-5194,-222.50
1220,240,R,-5282,-220.02
1230,240,R,-5371,-222.39
1240,240,R,-5458,-217.57
1250,240,R,-5547,-222.57
1260,240,R,-5636,-222.48
1270,240,R,-5724,-220.00
1280,240,R,-5810,-215.00
1290,240,R,-5899,-222.50
1300,240,R,-5988,-222.43
1310,240,R,-6077,-222.57
1320,240,R,-6168,-227.48
1330,240,R,-6258,-225.05
1340,240,R,-6346,-219.96
1350,240,R,-6440,-235.05
1360,240,R,-6532,-229.95
1370,240,R,-6620,-220.00
1380,240,R,-6704,-210.02
1390,240,R,-6789,-212.46
1400,240,R,-6877,-220.07
1410,240,R,-6961,-210.00
1420,240,R,-7046,-212.46
1430,240,R,-7134,-219.87
1440,240,R,-7223,-222.61
1450,240,R,-7312,-222.54
1460,240,R,-7403,-227.43
1470,240,R,-7492,-222.57
1480,240,R,-7580,-220.02
1490,240,R,-7668,-219.96
1500,240,R,-7756,-219.98
1510,240,R,-7844,-220.07
1520,240,R,-7931,-217.41
1530,240,R,-8020,-222.52
1540,240,R,-8108,-220.07
1550,240,R,-8195,-217.50
1560,240,R,-8282,-217.43
1570,240,R,-8371,-222.52
1580,240,R,-8459,-220.02
1590,240,R,-8550,-227.45
1600,240,R,-8640,-225.07
1610,240,R,-8728,-219.96
1620,240,R,-8819,-227.48
1630,240,R,-8914,-237.57
1640,240,R,-9000,-215.00
1650,240,R,-9086,-214.94
1660,240,R,-9169,-207.50
1670,240,R,-9257,-219.89
1680,240,R,-9341,-210.11
1690,240,R,-9425,-210.00
1700,240,R,-9512,-217.57
1710,240,R,-9601,-222.43
1720,240,R,-9690,-222.54
1730,240,R,-9780,-224.98
1740,240,R,-9869,-222.52
1750,240,R,-9957,-220.00
1760,240,R,-10045,-220.00
1770,240,R,-10132,-217.52
1780,240,R,-10221,-222.50
1790,240,R,-10308,-217.48
1800,240,R,-10397,-222.34
1810,240,R,-10485,-220.15
1820,240,R,-10572,-217.48
1830,240,R,-10659,-217.52
1840,240,R,-10747,-219.98
1850,240,R,-10835,-220.00
1860,240,R,-10924,-222.50
1870,240,R,-11015,-227.50
1880,240,R,-11104,-222.50
1890,240,R,-11192,-220.02
1900,240,R,-11289,-242.50
1910,240,R,-11376,-217.46
1920,240,R,-11462,-215.04
1930,240,R,-11544,-204.96
1940,240,R,-11632,-220.07
1950,240,R,-11717,-212.42
1960,240,R,-11801,-210.02
1970,240,R,-11887,-215.06
1980,240,R,-11975,-220.00
1990,240,R,-12064,-222.46
2000,240,R,-12154,-224.98
2010,240,R,-12243,-222.57
2020,240,R,-12332,-222.46
2030,240,R,-12419,-217.48
2040,240,R,-12508,-222.46
2050,240,R,-12595,-217.57
2060,240,R,-12683,-220.04
2070,240,R,-12770,-217.48
2080,240,R,-12859,-222.50
2090,240,R,-12946,-217.48
2100,240,R,-13033,-217.43
2110,240,R,-13120,-217.57
2120,240,R,-13208,-220.04
2130,240,R,-13298,-224.93
2140,240,R,-13388,-225.02
2150,240,R,-13477,-222.50
2160,240,R,-13564,-217.54
2170,240,R,-13661,-242.43
2180,240,R,-13749,-220.07
2190,240,R,-13836,-217.48
2200,240,R,-13917,-202.48
2210,240,R,-14005,-219.87
2220,240,R,-14091,-215.13
2230,240,R,-14176,-212.50
2240,240,R,-14260,-210.04
2250,240,R,-14348,-219.96
2260,240,R,-14436,-219.98
2270,240,R,-14525,-222.57
2280,240,R,-14615,-224.91
2290,240,R,-14704,-222.57
2300,240,R,-14792,-219.96
2310,240,R,-14879,-217.54
2320,240,R,-14967,-219.96
2330,240,R,-15054,-217.54
2340,240,R,-15142,-219.98
2350,240,R,-15230,-219.96
2360,240,R,-15318,-219.93
2370,240,R,-15404,-215.15
2380,240,R,-15491,-217.48
2390,240,R,-15580,-222.48
2400,240,R,-15668,-220.02
2410,240,R,-15758,-225.00
2420,240,R,-15848,-225.00
2430,240,R,-15936,-220.00
2440,240,R,-16027,-227.52
2450,240,R,-16120,-232.45
2460,240,R,-16208,-219.89
2470,240,R,-16291,-207.58
2480,240,R,-16375,-210.00
2490,240,R,-16462,-217.54
2500,240,R,-16546,-210.02
2510,240,R,-16631,-212.44
2520,240,R,-16717,-214.98
2530,240,R,-16805,-220.04
2540,240,R,-16894,-222.52
2550,240,R,-16984,-225.00
2560,240,R,-17073,-222.43
2570,240,R,-17160,-217.52
2580,240,R,-17248,-220.07
2590,240,R,-17335,-217.48
2600,240,R,-17424,-222.52
2610,240,R,-17510,-214.94
2620,240,R,-17598,-220.07
2630,240,R,-17687,-222.32
2640,240,R,-17773,-215.15
2650,240,R,-17860,-217.52
2660,240,R,-17947,-217.43
2670,240,R,-18035,-220.07
2680,240,R,-18124,-222.43
2690,240,R,-18214,-225.07
2700,240,R,-18303,-222.41
2710,240,R,-18390,-217.59
2720,240,R,-18487,-242.45
2730,240,R,-18574,-217.52
2740,240,R,-18658,-209.96
2750,240,R,-18740,-205.00
2760,240,R,-18828,-220.04
2770,240,R,-18914,-215.00
2780,240,R,-18998,-209.92
2790,240,R,-19083,-212.56
2800,240,R,-19170,-217.50
2810,240,R,-19258,-220.00
2820,240,R,-19348,-225.00
2830,240,R,-19437,-222.48
2840,240,R,-19525,-220.00
2850,240,R,-19612,-217.57
2860,240,R,-19700,-220.00
2870,240,R,-19787,-217.43
2880,240,R,-19875,-220.00
2890,240,R,-19962,-217.57
2900,240,R,-20050,-219.98
2910,240,R,-20137,-217.48
2920,240,R,-20223,-214.98
2930,240,R,-20311,-220.04
2940,240,R,-20399,-219.98
2950,240,R,-20488,-222.48
2960,240,R,-20577,-222.50
2970,240,R,-20666,-222.57
2980,240,R,-20754,-220.00
2990,240,R,-20849,-237.45
3000,240,R,-20937,-219.98
3010,240,R,-21024,-217.54
3020,240,R,-21107,-207.48
3030,240,R,-21192,-212.50
3040,240,R,-21279,-217.48
3050,240,R,-21362,-207.50
3060,240,R,-21447,-212.50
3070,240,R,-21533,-215.02
3080,240,R,-21621,-219.98
3090,240,R,-21710,-222.57
3100,240,R,-21800,-225.00
3110,240,R,-21888,-220.00
3120,240,R,-21976,-219.96
3130,240,R,-22063,-217.52
3140,240,R,-22150,-217.50
3150,240,R,-22238,-219.96
3160,240,R,-22324,-215.02
3170,240,R,-22412,-220.02
3180,240,R,-22500,-220.00
3190,240,R,-22586,-214.98
3200,240,R,-22673,-217.52
3210,240,R,-22761,-219.82
3220,240,R,-22848,-217.65
3230,240,R,-22938,-224.98
3240,240,R,-23027,-222.52
3250,240,R,-23115,-220.00
3260,240,R,-23205,-225.05
3270,240,R,-23300,-237.43
3280,240,R,-23386,-215.04
3290,240,R,-23472,-215.02
3300,240,R,-23553,-202.48
3310,240,R,-23640,-217.46
3320,240,R,-23725,-212.54
3330,240,R,-23808,-207.46
3340,240,R,-23894,-215.00
3350,240,R,-23981,-217.48
3360,240,R,-24070,-222.59
3370,240,R,-24159,-222.48
3380,240,R,-24248,-222.50
3390,240,R,-24336,-219.93
3400,240,R,-24423,-217.59
3410,240,R,-24511,-220.00
3420,240,R,-24597,-215.00
3430,240,R,-24685,-220.00
3440,240,R,-24772,-217.50
3450,240,R,-24860,-220.00
3460,240,R,-24946,-214.96
3470,240,R,-25032,-214.98
3480,240,R,-25119,-217.50
3490,240,R,-25207,-220.04
3500,240,R,-25296,-222.52
3510,240,R,-25386,-224.93
3520,240,R,-25474,-220.02
3530,240,R,-25561,-217.50
3540,240,R,-25658,-242.52
3550,240,R,-25744,-214.98
3560,240,R,-25831,-217.54
3570,240,R,-25915,-209.94
3580,240,R,-25999,-210.06
3590,240,R,-26085,-214.94
3600,240,R,-26168,-207.56
3610,240,R,-26253,-212.46
3620,240,R,-26339,-214.98
3630,240,R,-26426,-217.57
3640,240,R,-26515,-222.48
3650,240,R,-26604,-222.50
3660,240,R,-26692,-219.98
3670,240,R,-26779,-217.52
3680,240,R,-26866,-217.52
3690,240,R,-26953,-217.46
3700,240,R,-27039,-215.04
3710,240,R,-27125,-214.96
3720,240,R,-27213,-219.98
3730,240,R,-27300,-217.50
3740,240,R,-27386,-215.06
3750,240,R,-27472,-214.94
3760,240,R,-27559,-217.50
3770,240,R,-27646,-217.54
3780,240,R,-27735,-222.50
3790,240,R,-27824,-222.46
3800,240,R,-27912,-219.93
3810,240,R,-27999,-217.63
3820,240,R,-28095,-239.93
3830,240,R,-28181,-215.00
3840,240,R,-28265,-210.00
3850,240,R,-28346,-202.56
3860,240,R,-28433,-217.43
3870,240,R,-28518,-212.54
3880,240,R,-28601,-207.46
3890,240,R,-28686,-212.52
3900,240,R,-28773,-217.50
3910,240,R,-28860,-217.50
3920,240,R,-28949,-222.50
3930,240,R,-29038,-222.34
3940,240,R,-29125,-217.63
3950,240,R,-29211,-215.06
3960,240,R,-29298,-217.50
3970,240,R,-29385,-217.50
3980,240,R,-29472,-217.41
3990,240,R,-29558,-215.06
4000,240,R,-29646,-220.02
4010,240,R,-29732,-214.98
4020,240,R,-29817,-212.50
4030,240,R,-29904,-217.50
4040,240,R,-29991,-217.50
4050,240,R,-30079,-220.00
4060,240,R,-30168,-222.52
4070,240,R,-30257,-222.48
4080,240,R,-30343,-215.02
4090,240,R,-30436,-232.45
4100,240,R,-30526,-225.02
4110,240,R,-30611,-212.52
4120,240,R,-30695,-210.00
4130,240,R,-30777,-205.00
4140,240,R,-30864,-217.46
4150,240,R,-30947,-207.52
4160,240,R,-31031,-210.02
4170,240,R,-31116,-212.50
4180,240,R,-31203,-217.48
4190,240,R,-31291,-220.00
4200,240,R,-31380,-222.46
4210,240,R,-31468,-220.02
4220,240,R,-31554,-215.02
4230,240,R,-31641,-217.50
4240,240,R,-31727,-215.00
4250,240,R,-31814,-217.46
4260,240,R,-31900,-214.98
4270,240,R,-31987,-217.59
4280,240,R,-32074,-217.48
4290,240,R,-32159,-212.46
4300,240,R,-32245,-215.06
4310,240,R,-32331,-214.94
4320,240,R,-32419,-220.02
4330,240,R,-32507,-220.00
4340,240,R,-32595,-220.00
4350,240,R,-32684,-222.50
4360,240,R,-32769,-212.48
4370,240,R,-32866,-242.50
4380,240,R,-32952,-215.04
4390,240,R,-33038,-214.98
4400,240,R,-33118,-199.98
4410,240,R,-33204,-215.00
4420,240,R,-33289,-212.52
4430,240,R,-33372,-207.50
4440,240,R,-33456,-210.04
4450,240,R,-33542,-214.96
4460,240,R,-33629,-217.54
4470,240,R,-33717,-219.93
4480,240,R,-33806,-222.52
4490,240,R,-33893,-217.52
4500,240,R,-33980,-217.50
4510,240,R,-34066,-215.00
4520,240,R,-34153,-217.52
4530,240,R,-34239,-214.96
4540,240,R,-34325,-214.98
4550,240,R,-34413,-220.02
4560,240,R,-34500,-217.54
4570,240,R,-34586,-214.96
4580,240,R,-34671,-212.50
4590,240,R,-34759,-219.87
4600,240,R,-34846,-217.65
4610,240,R,-34934,-220.00
4620,240,R,-35023,-222.52
4630,240,R,-35111,-219.98
4640,240,R,-35198,-217.52
4650,240,R,-35294,-239.93
4660,240,R,-35380,-215.06
4670,240,R,-35466,-214.98
4680,240,R,-35546,-200.00
4690,240,R,-35633,-217.50
4700,240,R,-35718,-212.46
4710,240,R,-35801,-207.48
4720,240,R,-35886,-212.52
4730,240,R,-35973,-217.57
4740,240,R,-36060,-217.48
4750,240,R,-36149,-222.50
4760,240,R,-36238,-222.46
4770,240,R,-36325,-217.54
4780,240,R,-36412,-217.46
4790,240,R,-36499,-217.54
4800,240,R,-36586,-217.50
4810,240,R,-36673,-217.52
4820,240,R,-36759,-214.96
4830,240,R,-36847,-220.02
4840,240,R,-36933,-215.00
4850,240,R,-37019,-214.98
4860,240,R,-37106,-217.48
4870,240,R,-37193,-217.54
4880,240,R,-37281,-220.02
4890,240,R,-37370,-222.43
4900,240,R,-37459,-222.52
4910,240,R,-37546,-217.48
4920,240,R,-37637,-227.50
4930,240,R,-37729,-229.98
4940,240,R,-37815,-215.04
4950,240,R,-37897,-205.02
4960,240,R,-37981,-210.00
4970,240,R,-38068,-217.41
4980,240,R,-38151,-207.58
4990,240,R,-38234,-207.46
5000,240,R,-38320,-215.02
5010,240,R,-38407,-217.50
5020,240,R,-38496,-222.54
5030,240,R,-38584,-219.98
5040,240,R,-38673,-222.48
5050,240,R,-38759,-214.96
5060,240,R,-38846,-217.59
5070,240,R,-38933,-217.50
5080,240,R,-39020,-217.48
5090,240,R,-39106,-214.98
5100,240,R,-39194,-219.82
5110,240,R,-39281,-217.72
5120,240,R,-39367,-215.00
5130,240,R,-39453,-214.96
5140,240,R,-39539,-214.98
5150,240,R,-39627,-220.07
5160,240,R,-39715,-219.91
5170,240,R,-39804,-222.54
5180,240,R,-39892,-219.98
5190,240,R,-39979,-217.57
5200,240,R,-40075,-240.00
5210,240,R,-40162,-217.50
5220,240,R,-40248,-214.81
5230,240,R,-40326,-195.14
5240,240,R,-40414,-219.98
5250,240,R,-40499,-212.56
5260,240,R,-40583,-209.87
5270,240,R,-40666,-207.56
5280,240,R,-40753,-217.57
5290,240,R,-40840,-217.48
5300,240,R,-40929,-222.46
5310,240,R,-41017,-220.07
5320,240,R,-41105,-219.93
5330,240,R,-41192,-217.54
5340,240,R,-41278,-215.02
5350,240,R,-41365,-217.48
5360,240,R,-41451,-215.00
5370,240,R,-41538,-217.50
5380,240,R,-41625,-217.46
5390,240,R,-41712,-217.43
5400,240,R,-41797,-212.59
5410,240,R,-41883,-215.02
5420,240,R,-41971,-219.89
5430,240,R,-42057,-215.09
5440,240,R,-42147,-225.00
5450,240,R,-42236,-222.39
5460,240,R,-42322,-215.11
5470,240,R,-42411,-222.50
5480,240,R,-42506,-237.52
5490,240,R,-42592,-214.96
=== END ===
# Trial 8 of 46: step_up_rev_240_run02
=== START step_up_rev_240_run02 ===
t_ms,pwm_cmd,dir,enc_count,rpm
0,0,N,0,0.00
10,0,N,0,0.00
20,0,N,0,0.00
30,0,N,0,0.00
40,0,N,0,0.00
50,0,N,0,0.00
60,0,N,0,0.00
70,0,N,0,0.00
80,0,N,0,0.00
90,0,N,0,0.00
100,0,N,0,0.00
110,0,N,0,0.00
120,0,N,0,0.00
130,0,N,0,0.00
140,0,N,0,0.00
150,0,N,0,0.00
160,0,N,0,0.00
170,0,N,0,0.00
180,0,N,0,0.00
190,0,N,0,0.00
200,0,N,0,0.00
210,0,N,0,0.00
220,0,N,0,0.00
230,0,N,0,0.00
240,0,N,0,0.00
250,0,N,0,0.00
260,0,N,0,0.00
270,0,N,0,0.00
280,0,N,0,0.00
290,0,N,0,0.00
300,0,N,0,0.00
310,0,N,0,0.00
320,0,N,0,0.00
330,0,N,0,0.00
340,0,N,0,0.00
350,0,N,0,0.00
360,0,N,0,0.00
370,0,N,0,0.00
380,0,N,0,0.00
390,0,N,0,0.00
400,0,N,0,0.00
410,0,N,0,0.00
420,0,N,0,0.00
430,0,N,0,0.00
440,0,N,0,0.00
450,0,N,0,0.00
460,0,N,0,0.00
470,0,N,0,0.00
480,0,N,0,0.00
490,0,N,0,0.00
500,240,R,0,0.00
510,240,R,-2,-5.00
520,240,R,-9,-17.50
530,240,R,-23,-35.01
540,240,R,-41,-44.99
550,240,R,-63,-55.00
560,240,R,-91,-69.97
570,240,R,-123,-80.04
580,240,R,-159,-90.03
590,240,R,-200,-102.50
600,240,R,-244,-109.98
610,240,R,-291,-117.50
620,240,R,-342,-127.53
630,240,R,-395,-132.49
640,240,R,-454,-147.51
650,240,R,-521,-167.47
660,240,R,-580,-147.53
670,240,R,-639,-147.50
680,240,R,-705,-164.95
690,240,R,-772,-167.52
700,240,R,-841,-172.52
710,240,R,-909,-169.95
720,240,R,-978,-172.50
730,240,R,-1051,-182.55
740,240,R,-1126,-187.48
750,240,R,-1202,-190.02
760,240,R,-1281,-197.48
770,240,R,-1361,-200.00
780,240,R,-1441,-200.02
790,240,R,-1521,-200.02
800,240,R,-1602,-202.46
810,240,R,-1683,-202.52
820,240,R,-1764,-202.46
830,240,R,-1847,-207.50
840,240,R,-1930,-207.56
850,240,R,-2014,-209.96
860,240,R,-2097,-207.50
870,240,R,-2180,-207.52
880,240,R,-2266,-214.94
890,240,R,-2350,-210.04
900,240,R,-2437,-217.54
910,240,R,-2525,-220.00
920,240,R,-2612,-217.48
930,240,R,-2698,-215.02
940,240,R,-2788,-224.93
950,240,R,-2880,-230.07
960,240,R,-2967,-217.50
970,240,R,-3049,-204.98
980,240,R,-3132,-207.52
990,240,R,-3219,-217.46
1000,240,R,-3303,-209.98
1010,240,R,-3386,-207.52
1020,240,R,-3472,-214.96
1030,240,R,-3560,-220.04
1040,240,R,-3648,-220.04
1050,240,R,-3738,-224.96
1060,240,R,-3826,-220.04
1070,240,R,-3913,-217.48
1080,240,R,-4001,-219.96
1090,240,R,-4088,-217.52
1100,240,R,-4176,-220.02
1110,240,R,-4263,-217.43
1120,240,R,-4351,-220.00
1130,240,R,-4440,-222.52
1140,240,R,-4526,-215.00
1150,240,R,-4613,-217.52
1160,240,R,-4700,-217.54
1170,240,R,-4789,-222.50
1180,240,R,-4878,-222.46
1190,240,R,-4968,-225.02
1200,240,R,-5057,-222.52
1210,240,R,-5144,-217.46
1220,240,R,-5241,-242.50
1230,240,R,-5329,-220.02
1240,240,R,-5415,-215.02
1250,240,R,-5496,-202.50
1260,240,R,-5584,-220.00
1270,240,R,-5669,-212.50
1280,240,R,-5754,-212.31
1290,240,R,-5839,-212.67
1300,240,R,-5927,-219.93
1310,240,R,-6014,-217.59
1320,240,R,-6105,-227.50
1330,240,R,-6194,-222.48
1340,240,R,-6282,-219.98
1350,240,R,-6369,-217.50
1360,240,R,-6458,-222.41
1370,240,R,-6545,-217.63
1380,240,R,-6633,-219.91
1390,240,R,-6720,-217.54
1400,240,R,-6808,-220.00
1410,240,R,-6895,-217.54
1420,240,R,-6981,-214.94
1430,240,R,-7069,-220.07
1440,240,R,-7157,-219.96
1450,240,R,-7246,-222.54
1460,240,R,-7336,-224.96
1470,240,R,-7425,-222.52
1480,240,R,-7512,-217.48
1490,240,R,-7604,-229.86
1500,240,R,-7697,-232.62
1510,240,R,-7783,-215.02
1520,240,R,-7866,-207.50
1530,240,R,-7951,-212.52
1540,240,R,-8038,-217.52
1550,240,R,-8122,-209.98
1560,240,R,-8206,-209.96
1570,240,R,-8292,-215.02
1580,240,R,-8380,-220.00
1590,240,R,-8469,-222.50
1600,240,R,-8559,-224.91
1610,240,R,-8647,-220.13
1620,240,R,-8734,-217.46
1630,240,R,-8822,-220.04
1640,240,R,-8908,-214.98
1650,240,R,-8995,-217.52
1660,240,R,-9082,-217.39
1670,240,R,-9170,-220.09
1680,240,R,-9257,-217.50
1690,240,R,-9343,-215.00
1700,240,R,-9430,-217.52
1710,240,R,-9517,-217.50
1720,240,R,-9605,-219.93
1730,240,R,-9694,-222.52
1740,240,R,-9783,-222.54
1750,240,R,-9871,-220.00
1760,240,R,-9959,-220.00
1770,240,R,-10055,-239.90
1780,240,R,-10142,-217.54
1790,240,R,-10226,-210.00
1800,240,R,-10308,-205.04
1810,240,R,-10395,-217.43
1820,240,R,-10480,-212.50
1830,240,R,-10563,-207.48
1840,240,R,-10648,-212.56
1850,240,R,-10735,-217.50
1860,240,R,-10823,-219.98
1870,240,R,-10912,-222.54
1880,240,R,-11001,-222.48
1890,240,R,-11089,-219.93
1900,240,R,-11175,-215.06
1910,240,R,-11262,-217.46
1920,240,R,-11349,-217.50
1930,240,R,-11436,-217.52
1940,240,R,-11522,-215.02
1950,240,R,-11609,-217.48
1960,240,R,-11695,-215.02
1970,240,R,-11780,-212.52
1980,240,R,-11868,-219.98
1990,240,R,-11955,-217.46
2000,240,R,-12043,-220.04
2010,240,R,-12132,-222.48
2020,240,R,-12220,-219.98
2030,240,R,-12306,-215.00
2040,240,R,-12396,-225.00
2050,240,R,-12489,-232.55
2060,240,R,-12575,-214.94
2070,240,R,-12659,-210.06
2080,240,R,-12741,-205.00
2090,240,R,-12827,-215.02
2100,240,R,-12910,-207.44
2110,240,R,-12994,-210.02
2120,240,R,-13079,-212.52
2130,240,R,-13166,-217.43
2140,240,R,-13255,-222.59
2150,240,R,-13343,-220.00
2160,240,R,-13432,-222.46
2170,240,R,-13518,-215.02
2180,240,R,-13605,-217.39
2190,240,R,-13690,-212.63
2200,240,R,-13777,-217.43
2210,240,R,-13864,-217.52
2220,240,R,-13951,-217.48
2230,240,R,-14038,-217.54
2240,240,R,-14123,-212.48
2250,240,R,-14209,-214.98
2260,240,R,-14295,-215.04
2270,240,R,-14383,-219.93
2280,240,R,-14471,-220.04
2290,240,R,-14560,-222.52
2300,240,R,-14648,-219.98
2310,240,R,-14734,-214.98
2320,240,R,-14827,-232.55
2330,240,R,-14917,-225.00
2340,240,R,-15002,-212.46
2350,240,R,-15082,-200.04
2360,240,R,-15169,-217.50
2370,240,R,-15254,-212.46
2380,240,R,-15337,-207.50
2390,240,R,-15421,-210.06
2400,240,R,-15508,-217.39
2410,240,R,-15594,-215.09
2420,240,R,-15683,-222.50
2430,240,R,-15772,-222.52
2440,240,R,-15860,-219.85
2450,240,R,-15946,-215.15
2460,240,R,-16033,-217.50
2470,240,R,-16120,-217.48
2480,240,R,-16206,-214.98
2490,240,R,-16292,-215.00
2500,240,R,-16380,-219.98
2510,240,R,-16466,-215.04
2520,240,R,-16552,-215.00
2530,240,R,-16638,-214.98
2540,240,R,-16726,-220.02
2550,240,R,-16813,-217.46
2560,240,R,-16902,-222.57
2570,240,R,-16991,-222.48
2580,240,R,-17078,-217.46
2590,240,R,-17165,-217.54
2600,240,R,-17260,-237.50
2610,240,R,-17346,-215.00
2620,240,R,-17431,-212.50
2630,240,R,-17512,-202.52
2640,240,R,-17599,-217.46
2650,240,R,-17683,-210.04
2660,240,R,-17765,-204.98
2670,240,R,-17851,-215.02
2680,240,R,-17937,-214.94
2690,240,R,-18025,-220.04
2700,240,R,-18114,-222.52
2710,240,R,-18202,-219.96
2720,240,R,-18289,-217.50
2730,240,R,-18375,-214.98
2740,240,R,-18462,-217.54
2750,240,R,-18548,-215.02
2760,240,R,-18635,-217.41
2770,240,R,-18722,-217.57
2780,240,R,-18809,-217.50
2790,240,R,-18895,-214.87
2800,240,R,-18979,-210.15
2810,240,R,-19067,-220.00
2820,240,R,-19154,-217.41
2830,240,R,-19241,-217.57
2840,240,R,-19330,-222.52
2850,240,R,-19419,-222.48
2860,240,R,-19505,-215.02
2870,240,R,-19595,-224.91
2880,240,R,-19688,-232.59
2890,240,R,-19774,-215.00
2900,240,R,-19856,-205.00
2910,240,R,-19940,-210.00
2920,240,R,-20026,-214.96
2930,240,R,-20110,-210.00
2940,240,R,-20193,-207.54
2950,240,R,-20278,-212.50
2960,240,R,-20365,-217.50
2970,240,R,-20454,-222.41
2980,240,R,-20542,-220.09
2990,240,R,-20631,-222.50
3000,240,R,-20717,-214.98
3010,240,R,-20804,-217.48
3020,240,R,-20890,-215.04
3030,240,R,-20977,-217.41
3040,240,R,-21063,-215.06
3050,240,R,-21151,-220.02
3060,240,R,-21239,-219.87
3070,240,R,-21324,-212.63
3080,240,R,-21410,-215.00
3090,240,R,-21496,-214.96
3100,240,R,-21584,-220.02
3110,240,R,-21672,-220.00
3120,240,R,-21762,-224.98
3130,240,R,-21850,-220.04
3140,240,R,-21937,-217.48
3150,240,R,-22029,-229.98
3160,240,R,-22119,-225.05
3170,240,R,-22205,-214.96
3180,240,R,-22284,-197.54
3190,240,R,-22372,-219.96
3200,240,R,-22457,-212.50
3210,240,R,-22541,-210.02
3220,240,R,-22625,-209.94
3230,240,R,-22712,-217.57
3240,240,R,-22799,-217.48
3250,240,R,-22889,-224.98
3260,240,R,-22977,-220.07
3270,240,R,-23065,-219.98
3280,240,R,-23153,-220.00
3290,240,R,-23239,-214.96
3300,240,R,-23327,-220.00
3310,240,R,-23413,-215.06
3320,240,R,-23500,-217.48
3330,240,R,-23588,-219.96
3340,240,R,-23675,-217.57
3350,240,R,-23761,-214.96
3360,240,R,-23847,-215.02
3370,240,R,-23935,-220.02
3380,240,R,-24023,-220.00
3390,240,R,-24112,-222.46
3400,240,R,-24201,-222.48
3410,240,R,-24289,-219.93
3420,240,R,-24376,-217.59
3430,240,R,-24471,-237.48
3440,240,R,-24559,-220.04
3450,240,R,-24643,-209.98
3460,240,R,-24725,-205.04
3470,240,R,-24812,-217.43
3480,240,R,-24896,-210.00
3490,240,R,-24979,-207.56
3500,240,R,-25066,-217.48
3510,240,R,-25153,-217.48
3520,240,R,-25242,-222.50
3530,240,R,-25331,-222.43
3540,240,R,-25419,-220.07
3550,240,R,-25507,-220.02
3560,240,R,-25594,-217.52
3570,240,R,-25681,-217.46
3580,240,R,-25768,-217.52
3590,240,R,-25855,-217.43
3600,240,R,-25942,-217.59
3610,240,R,-26030,-220.00
3620,240,R,-26116,-214.91
3630,240,R,-26202,-215.09
3640,240,R,-26289,-217.43
3650,240,R,-26377,-220.04
3660,240,R,-26465,-219.98
3670,240,R,-26555,-224.98
3680,240,R,-26644,-222.52
3690,240,R,-26730,-215.00
3700,240,R,-26820,-225.00
3710,240,R,-26914,-234.98
3720,240,R,-26999,-212.56
3730,240,R,-27080,-202.48
3740,240,R,-27167,-217.46
3750,240,R,-27253,-215.06
3760,240,R,-27337,-209.96
3770,240,R,-27420,-207.48
3780,240,R,-27507,-217.54
3790,240,R,-27595,-219.96
3800,240,R,-27684,-222.39
3810,240,R,-27773,-222.68
3820,240,R,-27861,-219.96
3830,240,R,-27948,-217.54
3840,240,R,-28035,-217.28
3850,240,R,-28122,-217.65
3860,240,R,-28208,-215.06
3870,240,R,-28295,-217.50
3880,240,R,-28383,-220.00
3890,240,R,-28470,-217.46
3900,240,R,-28556,-214.98
3910,240,R,-28642,-215.04
3920,240,R,-28730,-219.98
3930,240,R,-28818,-220.02
3940,240,R,-28907,-222.43
3950,240,R,-28996,-222.50
3960,240,R,-29083,-217.52
3970,240,R,-29171,-220.07
3980,240,R,-29267,-239.98
3990,240,R,-29353,-214.96
4000,240,R,-29438,-212.52
4010,240,R,-29519,-202.54
4020,240,R,-29606,-217.48
4030,240,R,-29690,-210.00
4040,240,R,-29773,-207.52
4050,240,R,-29859,-214.98
4060,240,R,-29945,-214.96
4070,240,R,-30034,-222.54
4080,240,R,-30123,-222.48
4090,240,R,-30212,-222.54
4100,240,R,-30299,-217.41
4110,240,R,-30385,-215.04
4120,240,R,-30472,-217.50
4130,240,R,-30559,-217.52
4140,240,R,-30646,-217.50
4150,240,R,-30732,-214.94
4160,240,R,-30820,-220.02
4170,240,R,-30906,-215.00
4180,240,R,-30992,-215.06
4190,240,R,-31078,-214.91
4200,240,R,-31166,-220.07
4210,240,R,-31255,-222.52
4220,240,R,-31344,-222.43
4230,240,R,-31432,-220.00
4240,240,R,-31518,-215.06
4250,240,R,-31610,-229.93
4260,240,R,-31701,-227.50
4270,240,R,-31788,-217.57
4280,240,R,-31869,-202.46
4290,240,R,-31954,-212.54
4300,240,R,-32040,-215.00
4310,240,R,-32123,-207.46
4320,240,R,-32207,-210.02
4330,240,R,-32293,-214.96
4340,240,R,-32380,-217.57
4350,240,R,-32469,-222.43
4360,240,R,-32558,-222.54
4370,240,R,-32646,-220.00
4380,240,R,-32733,-217.48
4390,240,R,-32819,-215.02
4400,240,R,-32906,-217.48
4410,240,R,-32993,-217.54
4420,240,R,-33079,-214.96
4430,240,R,-33166,-217.48
4440,240,R,-33253,-217.48
4450,240,R,-33339,-215.00
4460,240,R,-33425,-215.02
4470,240,R,-33512,-217.50
4480,240,R,-33600,-219.91
4490,240,R,-33688,-220.09
4500,240,R,-33777,-222.48
4510,240,R,-33865,-220.02
4520,240,R,-33952,-217.57
4530,240,R,-34047,-237.50
4540,240,R,-34134,-217.50
4550,240,R,-34220,-214.85
4560,240,R,-34300,-200.00
4570,240,R,-34386,-215.06
4580,240,R,-34471,-212.59
4590,240,R,-34554,-207.42
4600,240,R,-34639,-212.54
4610,240,R,-34726,-217.48
4620,240,R,-34813,-217.54
4630,240,R,-34902,-222.50
4640,240,R,-34991,-222.43
4650,240,R,-35079,-220.04
4660,240,R,-35165,-215.00
4670,240,R,-35252,-217.54
4680,240,R,-35339,-217.50
4690,240,R,-35425,-215.00
4700,240,R,-35512,-217.43
4710,240,R,-35600,-219.93
4720,240,R,-35686,-215.13
4730,240,R,-35771,-212.50
4740,240,R,-35858,-217.43
4750,240,R,-35945,-217.54
4760,240,R,-36034,-222.52
4770,240,R,-36123,-222.48
4780,240,R,-36211,-219.98
4790,240,R,-36298,-217.54
4800,240,R,-36386,-220.00
4810,240,R,-36482,-239.93
4820,240,R,-36568,-215.04
4830,240,R,-36651,-207.50
4840,240,R,-36734,-207.40
4850,240,R,-36820,-215.11
4860,240,R,-36904,-209.96
4870,240,R,-36986,-205.02
4880,240,R,-37072,-215.02
4890,240,R,-37160,-219.82
4900,240,R,-37248,-220.13
4910,240,R,-37337,-222.57
4920,240,R,-37425,-219.93
4930,240,R,-37511,-215.06
4940,240,R,-37599,-219.93
4950,240,R,-37685,-215.04
4960,240,R,-37772,-217.52
4970,240,R,-37859,-217.50
4980,240,R,-37946,-217.50
4990,240,R,-38034,-219.98
5000,240,R,-38119,-212.46
5010,240,R,-38205,-215.02
5020,240,R,-38291,-214.96
5030,240,R,-38379,-220.04
5040,240,R,-38467,-220.00
5050,240,R,-38557,-224.98
5060,240,R,-38645,-220.04
5070,240,R,-38731,-215.00
5080,240,R,-38823,-229.95
5090,240,R,-38914,-227.57
5100,240,R,-39000,-214.94
5110,240,R,-39079,-197.56
5120,240,R,-39167,-219.98
5130,240,R,-39252,-212.42
5140,240,R,-39335,-207.56
5150,240,R,-39419,-209.98
5160,240,R,-39505,-215.06
5170,240,R,-39592,-217.48
5180,240,R,-39681,-222.52
5190,240,R,-39770,-222.50
5200,240,R,-39858,-219.96
5210,240,R,-39945,-217.52
5220,240,R,-40031,-215.02
5230,240,R,-40118,-217.48
5240,240,R,-40205,-217.43
5250,240,R,-40291,-215.04
5260,240,R,-40379,-220.02
5270,240,R,-40466,-217.50
5280,240,R,-40552,-215.02
5290,240,R,-40638,-214.96
5300,240,R,-40725,-217.52
5310,240,R,-40812,-217.52
5320,240,R,-40901,-222.46
5330,240,R,-40990,-222.46
5340,240,R,-41077,-217.50
5350,240,R,-41165,-220.07
5360,240,R,-41260,-237.45
5370,240,R,-41346,-215.06
5380,240,R,-41432,-214.91
5390,240,R,-41512,-200.04
5400,240,R,-41599,-217.48
5410,240,R,-41683,-210.00
5420,240,R,-41766,-207.50
5430,240,R,-41851,-212.50
5440,240,R,-41938,-217.54
5450,240,R,-42026,-219.96
5460,240,R,-42115,-222.50
5470,240,R,-42203,-220.04
5480,240,R,-42291,-220.00
5490,240,R,-42376,-212.50
=== END ===
# Trial 9 of 46: step_up_fwd_180_run01
=== START step_up_fwd_180_run01 ===
t_ms,pwm_cmd,dir,enc_count,rpm
0,0,N,0,0.00
10,0,N,0,0.00
20,0,N,0,0.00
30,0,N,0,0.00
40,0,N,0,0.00
50,0,N,0,0.00
60,0,N,0,0.00
70,0,N,0,0.00
80,0,N,0,0.00
90,0,N,0,0.00
100,0,N,0,0.00
110,0,N,0,0.00
120,0,N,0,0.00
130,0,N,0,0.00
140,0,N,0,0.00
150,0,N,0,0.00
160,0,N,0,0.00
170,0,N,0,0.00
180,0,N,0,0.00
190,0,N,0,0.00
200,0,N,0,0.00
210,0,N,0,0.00
220,0,N,0,0.00
230,0,N,0,0.00
240,0,N,0,0.00
250,0,N,0,0.00
260,0,N,0,0.00
270,0,N,0,0.00
280,0,N,0,0.00
290,0,N,0,0.00
300,0,N,0,0.00
310,0,N,0,0.00
320,0,N,0,0.00
330,0,N,0,0.00
340,0,N,0,0.00
350,0,N,0,0.00
360,0,N,0,0.00
370,0,N,0,0.00
380,0,N,0,0.00
390,0,N,0,0.00
400,0,N,0,0.00
410,0,N,0,0.00
420,0,N,0,0.00
430,0,N,0,0.00
440,0,N,0,0.00
450,0,N,0,0.00
460,0,N,0,0.00
470,0,N,0,0.00
480,0,N,0,0.00
490,0,N,0,0.00
500,180,F,0,0.00
510,180,F,0,0.00
520,180,F,0,0.00
530,180,F,6,15.00
540,180,F,18,30.00
550,180,F,33,37.50
560,180,F,49,40.00
570,180,F,67,45.00
580,180,F,87,50.01
590,180,F,107,49.99
600,180,F,130,57.52
610,180,F,153,57.49
620,180,F,177,59.99
630,180,F,202,62.51
640,180,F,228,65.00
650,180,F,256,69.98
660,180,F,284,70.01
670,180,F,313,72.49
680,180,F,343,75.02
690,180,F,373,74.99
700,180,F,403,75.00
710,180,F,434,77.50
720,180,F,464,75.01
730,180,F,495,77.51
740,180,F,525,74.99
750,180,F,557,80.01
760,180,F,588,77.47
770,180,F,619,77.52
780,180,F,651,80.02
790,180,F,683,79.99
800,180,F,714,77.50
810,180,F,747,82.51
820,180,F,778,77.48
830,180,F,810,80.02
840,180,F,842,80.00
850,180,F,876,84.99
860,180,F,908,80.01
870,180,F,942,85.00
880,180,F,975,82.50
890,180,F,1008,82.49
900,180,F,1041,82.48
910,180,F,1075,84.99
920,180,F,1107,80.02
930,180,F,1140,82.50
940,180,F,1174,84.99
950,180,F,1210,89.98
960,180,F,1250,100.02
970,180,F,1284,84.99
980,180,F,1318,85.02
990,180,F,1351,82.49
1000,180,F,1384,82.49
1010,180,F,1410,65.01
1020,180,F,1444,85.01
1030,180,F,1479,87.49
1040,180,F,1514,87.52
1050,180,F,1549,87.48
1060,180,F,1584,87.52
1070,180,F,1618,85.00
1080,180,F,1654,90.00
1090,180,F,1689,87.49
1100,180,F,1724,87.48
1110,180,F,1758,85.00
1120,180,F,1793,87.52
1130,180,F,1828,87.51
1140,180,F,1863,87.49
1150,180,F,1898,87.50
1160,180,F,1932,84.99
1170,180,F,1968,90.02
1180,180,F,2001,82.49
1190,180,F,2036,87.50
1200,180,F,2071,87.51
1210,180,F,2106,87.50
1220,180,F,2142,89.98
1230,180,F,2177,87.52
1240,180,F,2212,87.47
1250,180,F,2246,85.01
1260,180,F,2280,85.01
1270,180,F,2314,84.98
1280,180,F,2347,82.50
1290,180,F,2381,85.01
1300,180,F,2414,82.50
1310,180,F,2447,82.49
1320,180,F,2480,82.51
1330,180,F,2512,80.01
1340,180,F,2546,84.98
1350,180,F,2579,82.48
1360,180,F,2612,82.54
1370,180,F,2645,82.50
1380,180,F,2680,87.51
1390,180,F,2714,84.97
1400,180,F,2749,87.50
1410,180,F,2784,87.50
1420,180,F,2818,85.01
1430,180,F,2853,87.49
1440,180,F,2886,82.52
1450,180,F,2920,85.01
1460,180,F,2954,84.97
1470,180,F,2988,85.02
1480,180,F,3022,84.98
1490,180,F,3056,85.03
1500,180,F,3090,85.00
1510,180,F,3124,85.01
1520,180,F,3158,84.98
1530,180,F,3191,82.52
1540,180,F,3225,84.99
1550,180,F,3259,85.01
1560,180,F,3293,84.99
1570,180,F,3328,87.50
1580,180,F,3362,85.01
1590,180,F,3397,87.49
1600,180,F,3430,82.49
1610,180,F,3465,87.51
1620,180,F,3498,82.49
1630,180,F,3531,82.50
1640,180,F,3566,87.46
1650,180,F,3601,87.54
1660,180,F,3642,102.52
1670,180,F,3676,84.99
1680,180,F,3711,87.49
1690,180,F,3743,80.02
1700,180,F,3778,87.49
1710,180,F,3809,77.51
1720,180,F,3837,69.99
1730,180,F,3872,87.52
1740,180,F,3907,87.48
1750,180,F,3942,87.51
1760,180,F,3977,87.47
1770,180,F,4012,87.53
1780,180,F,4047,87.49
1790,180,F,4081,85.02
1800,180,F,4116,87.50
1810,180,F,4150,85.00
1820,180,F,4185,87.50
1830,180,F,4219,84.97
1840,180,F,4254,87.52
1850,180,F,4289,87.51
1860,180,F,4323,85.00
1870,180,F,4358,87.50
1880,180,F,4391,82.50
1890,180,F,4425,85.01
1900,180,F,4460,87.48
1910,180,F,4494,85.00
1920,180,F,4529,87.51
1930,180,F,4564,87.48
1940,180,F,4598,85.03
1950,180,F,4631,82.50
1960,180,F,4666,87.49
1970,180,F,4698,80.01
1980,180,F,4732,84.99
1990,180,F,4765,82.51
2000,180,F,4797,79.98
2010,180,F,4829,80.02
2020,180,F,4862,82.50
2030,180,F,4894,79.98
2040,180,F,4926,80.01
2050,180,F,4959,82.49
2060,180,F,4991,79.99
2070,180,F,5024,82.52
2080,180,F,5058,85.00
2090,180,F,5091,82.52
2100,180,F,5125,85.00
2110,180,F,5160,87.48
2120,180,F,5194,85.00
2130,180,F,5227,82.52
2140,180,F,5262,87.45
2150,180,F,5295,82.55
2160,180,F,5328,82.48
2170,180,F,5362,85.02
2180,180,F,5395,82.51
2190,180,F,5429,84.97
2200,180,F,5462,82.52
2210,180,F,5496,84.97
2220,180,F,5529,82.51
2230,180,F,5563,85.03
2240,180,F,5596,82.48
2250,180,F,5629,82.50
2260,180,F,5663,85.02
2270,180,F,5697,84.97
2280,180,F,5732,87.54
2290,180,F,5766,84.98
2300,180,F,5800,85.02
2310,180,F,5834,84.98
2320,180,F,5868,85.01
2330,180,F,5901,82.51
2340,180,F,5935,84.97
2350,180,F,5969,85.01
2360,180,F,6005,90.00
2370,180,F,6046,102.50
2380,180,F,6080,85.02
2390,180,F,6114,84.97
2400,180,F,6148,85.01
2410,180,F,6182,84.99
2420,180,F,6209,67.51
2430,180,F,6241,80.00
2440,180,F,6277,90.01
2450,180,F,6312,87.48
2460,180,F,6347,87.48
2470,180,F,6382,87.53
2480,180,F,6417,87.50
2490,180,F,6452,87.49
2500,180,F,6487,87.51
2510,180,F,6521,85.01
2520,180,F,6556,87.48
2530,180,F,6591,87.48
2540,180,F,6626,87.50
2550,180,F,6661,87.53
2560,180,F,6696,87.49
2570,180,F,6730,85.02
2580,180,F,6765,87.50
2590,180,F,6799,84.98
2600,180,F,6833,85.02
2610,180,F,6868,87.47
2620,180,F,6902,85.03
2630,180,F,6938,89.99
2640,180,F,6972,85.00
2650,180,F,7007,87.51
2660,180,F,7041,84.99
2670,180,F,7075,85.01
2680,180,F,7108,82.50
2690,180,F,7142,84.97
2700,180,F,7175,82.52
2710,180,F,7207,79.98
2720,180,F,7241,85.00
2730,180,F,7273,80.02
2740,180,F,7306,82.48
2750,180,F,7339,82.49
2760,180,F,7372,82.52
2770,180,F,7404,80.00
2780,180,F,7438,85.00
2790,180,F,7472,84.97
2800,180,F,7506,85.00
2810,180,F,7541,87.53
2820,180,F,7576,87.51
2830,180,F,7610,84.97
2840,180,F,7644,85.03
2850,180,F,7678,84.98
2860,180,F,7712,85.02
2870,180,F,7746,84.99
2880,180,F,7780,85.00
2890,180,F,7814,85.00
2900,180,F,7848,84.99
2910,180,F,7882,84.99
2920,180,F,7916,85.01
2930,180,F,7951,87.47
2940,180,F,7984,82.53
2950,180,F,8017,82.48
2960,180,F,8052,87.52
2970,180,F,8086,84.99
2980,180,F,8120,85.00
2990,180,F,8155,87.50
3000,180,F,8190,87.50
3010,180,F,8223,82.50
3020,180,F,8258,87.53
3030,180,F,8292,84.99
3040,180,F,8326,85.01
3050,180,F,8360,84.98
3060,180,F,8395,87.49
3070,180,F,8437,105.03
3080,180,F,8471,85.00
3090,180,F,8506,87.47
3100,180,F,8540,85.00
3110,180,F,8574,85.02
3120,180,F,8604,75.00
3130,180,F,8633,72.51
3140,180,F,8668,87.48
3150,180,F,8704,89.95
3160,180,F,8739,87.57
3170,180,F,8774,87.50
3180,180,F,8809,87.48
3190,180,F,8844,87.52
3200,180,F,8879,87.50
3210,180,F,8914,87.50
3220,180,F,8949,87.49
3230,180,F,8984,87.49
3240,180,F,9018,84.99
3250,180,F,9054,90.01
3260,180,F,9089,87.50
3270,180,F,9124,87.50
3280,180,F,9159,87.49
3290,180,F,9193,85.00
3300,180,F,9227,85.02
3310,180,F,9263,89.98
3320,180,F,9298,87.53
3330,180,F,9333,87.48
3340,180,F,9369,90.02
3350,180,F,9404,87.50
3360,180,F,9438,84.97
3370,180,F,9473,87.52
3380,180,F,9507,84.98
3390,180,F,9541,85.00
3400,180,F,9575,85.03
3410,180,F,9608,82.49
3420,180,F,9642,84.98
3430,180,F,9676,84.99
3440,180,F,9709,82.52
3450,180,F,9743,85.00
3460,180,F,9776,82.52
3470,180,F,9810,85.00
3480,180,F,9844,84.97
3490,180,F,9880,90.03
3500,180,F,9914,85.00
3510,180,F,9950,89.99
3520,180,F,9986,89.98
3530,180,F,10021,87.52
3540,180,F,10057,89.98
3550,180,F,10091,85.02
3560,180,F,10126,87.51
3570,180,F,10161,87.49
3580,180,F,10195,84.99
3590,180,F,10231,90.02
3600,180,F,10266,87.47
3610,180,F,10301,87.51
3620,180,F,10335,85.00
3630,180,F,10370,87.52
3640,180,F,10405,87.47
3650,180,F,10440,87.53
3660,180,F,10476,90.00
3670,180,F,10510,84.97
3680,180,F,10546,90.01
3690,180,F,10582,90.01
3700,180,F,10616,84.99
3710,180,F,10652,90.00
3720,180,F,10687,87.50
3730,180,F,10722,87.49
3740,180,F,10757,87.47
3750,180,F,10793,90.06
3760,180,F,10836,107.47
3770,180,F,10871,87.52
3780,180,F,10906,87.49
3790,180,F,10941,87.50
3800,180,F,10975,85.00
3810,180,F,11007,80.01
3820,180,F,11036,72.48
3830,180,F,11072,90.02
3840,180,F,11108,90.01
3850,180,F,11144,89.99
3860,180,F,11180,89.99
3870,180,F,11215,87.49
3880,180,F,11252,92.54
3890,180,F,11287,87.48
3900,180,F,11322,87.52
3910,180,F,11357,87.47
3920,180,F,11393,90.03
3930,180,F,11429,89.98
3940,180,F,11464,87.49
3950,180,F,11500,90.01
3960,180,F,11535,87.50
3970,180,F,11571,90.03
3980,180,F,11606,87.49
3990,180,F,11641,87.51
4000,180,F,11678,92.42
4010,180,F,11713,87.57
4020,180,F,11749,90.01
4030,180,F,11785,89.97
4040,180,F,11820,87.51
4050,180,F,11856,90.00
4060,180,F,11891,87.51
4070,180,F,11926,87.51
4080,180,F,11960,84.99
4090,180,F,11994,85.00
4100,180,F,12028,85.00
4110,180,F,12062,84.99
4120,180,F,12096,85.00
4130,180,F,12130,85.01
4140,180,F,12164,84.97
4150,180,F,12198,85.01
4160,180,F,12233,87.49
4170,180,F,12268,87.54
4180,180,F,12303,87.49
4190,180,F,12339,90.00
4200,180,F,12375,89.99
4210,180,F,12410,87.50
4220,180,F,12446,90.01
4230,180,F,12481,87.51
4240,180,F,12517,89.97
4250,180,F,12552,87.52
4260,180,F,12586,84.99
4270,180,F,12622,90.02
4280,180,F,12657,87.47
4290,180,F,12693,90.02
4300,180,F,12727,85.00
4310,180,F,12763,89.98
4320,180,F,12797,85.00
4330,180,F,12832,87.52
4340,180,F,12869,92.46
4350,180,F,12904,87.54
4360,180,F,12940,89.97
4370,180,F,12976,90.04
4380,180,F,13011,87.48
4390,180,F,13047,90.00
4400,180,F,13082,87.52
4410,180,F,13118,89.98
4420,180,F,13152,84.99
4430,180,F,13189,92.52
4440,180,F,13232,107.51
4450,180,F,13268,89.99
4460,180,F,13304,90.01
4470,180,F,13339,87.50
4480,180,F,13375,89.98
4490,180,F,13406,77.49
4500,180,F,13436,75.00
4510,180,F,13473,92.52
4520,180,F,13509,90.00
4530,180,F,13546,92.48
4540,180,F,13582,90.01
4550,180,F,13618,89.99
4560,180,F,13656,94.99
4570,180,F,13692,90.03
4580,180,F,13728,89.97
4590,180,F,13764,90.04
4600,180,F,13800,89.99
4610,180,F,13837,92.49
4620,180,F,13874,92.50
4630,180,F,13910,90.01
4640,180,F,13946,90.00
4650,180,F,13981,87.50
4660,180,F,14017,90.00
4670,180,F,14053,90.01
4680,180,F,14090,92.50
4690,180,F,14126,89.99
4700,180,F,14163,92.50
4710,180,F,14199,89.99
4720,180,F,14234,87.49
4730,180,F,14270,90.01
4740,180,F,14305,87.52
4750,180,F,14340,87.49
4760,180,F,14375,87.51
4770,180,F,14408,82.48
4780,180,F,14443,87.52
4790,180,F,14477,85.00
4800,180,F,14510,82.51
4810,180,F,14545,87.47
4820,180,F,14579,85.03
4830,180,F,14614,87.44
4840,180,F,14648,85.03
4850,180,F,14684,90.00
4860,180,F,14719,87.52
4870,180,F,14756,92.46
4880,180,F,14792,90.03
4890,180,F,14827,87.48
4900,180,F,14863,90.02
4910,180,F,14897,84.99
4920,180,F,14932,87.53
4930,180,F,14968,89.97
4940,180,F,15002,85.01
4950,180,F,15038,90.00
4960,180,F,15073,87.49
4970,180,F,15108,87.50
4980,180,F,15143,87.52
4990,180,F,15178,87.48
5000,180,F,15213,87.52
5010,180,F,15248,87.49
5020,180,F,15284,90.00
5030,180,F,15319,87.52
5040,180,F,15355,89.98
5050,180,F,15391,90.00
5060,180,F,15426,87.50
5070,180,F,15462,89.98
5080,180,F,15496,85.03
5090,180,F,15531,87.47
5100,180,F,15566,87.51
5110,180,F,15604,95.01
5120,180,F,15645,102.51
5130,180,F,15681,89.99
5140,180,F,15717,90.00
5150,180,F,15752,87.51
5160,180,F,15787,87.51
5170,180,F,15817,74.99
5180,180,F,15849,79.98
5190,180,F,15886,92.52
5200,180,F,15922,90.01
5210,180,F,15958,90.01
5220,180,F,15995,92.49
5230,180,F,16031,89.99
5240,180,F,16068,92.50
5250,180,F,16103,87.49
5260,180,F,16139,90.03
5270,180,F,16176,92.50
5280,180,F,16212,89.99
5290,180,F,16249,92.50
5300,180,F,16285,89.97
5310,180,F,16320,87.51
5320,180,F,16357,92.51
5330,180,F,16392,87.51
5340,180,F,16428,90.01
5350,180,F,16464,89.97
5360,180,F,16500,90.02
5370,180,F,16537,92.51
5380,180,F,16573,89.96
5390,180,F,16609,90.04
5400,180,F,16645,89.98
5410,180,F,16680,87.51
5420,180,F,16715,87.48
5430,180,F,16750,87.53
5440,180,F,16785,87.49
5450,180,F,16818,82.51
5460,180,F,16853,87.48
5470,180,F,16887,84.99
5480,180,F,16920,82.50
5490,180,F,16955,87.53
=== END ===
# Trial 10 of 46: step_up_fwd_180_run02
=== START step_up_fwd_180_run02 ===
t_ms,pwm_cmd,dir,enc_count,rpm
0,0,N,0,0.00
10,0,N,0,0.00
20,0,N,0,0.00
30,0,N,0,0.00
40,0,N,0,0.00
50,0,N,0,0.00
60,0,N,0,0.00
70,0,N,0,0.00
80,0,N,0,0.00
90,0,N,0,0.00
100,0,N,0,0.00
110,0,N,0,0.00
120,0,N,0,0.00
130,0,N,0,0.00
140,0,N,0,0.00
150,0,N,0,0.00
160,0,N,0,0.00
170,0,N,0,0.00
180,0,N,0,0.00
190,0,N,0,0.00
200,0,N,0,0.00
210,0,N,0,0.00
220,0,N,0,0.00
230,0,N,0,0.00
240,0,N,0,0.00
250,0,N,0,0.00
260,0,N,0,0.00
270,0,N,0,0.00
280,0,N,0,0.00
290,0,N,0,0.00
300,0,N,0,0.00
310,0,N,0,0.00
320,0,N,0,0.00
330,0,N,0,0.00
340,0,N,0,0.00
350,0,N,0,0.00
360,0,N,0,0.00
370,0,N,0,0.00
380,0,N,0,0.00
390,0,N,0,0.00
400,0,N,0,0.00
410,0,N,0,0.00
420,0,N,0,0.00
430,0,N,0,0.00
440,0,N,0,0.00
450,0,N,0,0.00
460,0,N,0,0.00
470,0,N,0,0.00
480,0,N,0,0.00
490,0,N,0,0.00
500,180,F,0,0.00
510,180,F,1,2.50
520,180,F,7,15.00
530,180,F,16,22.50
540,180,F,28,29.99
550,180,F,42,35.01
560,180,F,58,40.00
570,180,F,77,47.49
580,180,F,97,50.02
590,180,F,118,52.48
600,180,F,141,57.52
610,180,F,164,57.48
620,180,F,189,62.52
630,180,F,215,64.99
640,180,F,241,64.99
650,180,F,268,67.51
660,180,F,296,69.99
670,180,F,325,72.51
680,180,F,354,72.51
690,180,F,384,75.00
700,180,F,415,77.49
710,180,F,446,77.51
720,180,F,476,75.00
730,180,F,508,79.97
740,180,F,540,80.03
750,180,F,571,77.50
760,180,F,603,79.99
770,180,F,636,82.48
780,180,F,675,97.52
790,180,F,710,87.51
800,180,F,744,85.00
810,180,F,777,82.49
820,180,F,811,84.99
830,180,F,843,80.01
840,180,F,870,67.51
850,180,F,904,85.00
860,180,F,939,87.47
870,180,F,974,87.50
880,180,F,1009,87.54
890,180,F,1045,89.96
900,180,F,1080,87.52
910,180,F,1115,87.50
920,180,F,1150,87.50
930,180,F,1185,87.50
940,180,F,1221,89.99
950,180,F,1257,90.03
960,180,F,1293,89.97
970,180,F,1328,87.52
980,180,F,1364,89.99
990,180,F,1399,87.52
1000,180,F,1435,90.00
1010,180,F,1470,87.49
1020,180,F,1506,90.01
1030,180,F,1542,90.00
1040,180,F,1578,89.98
1050,180,F,1615,92.49
1060,180,F,1651,90.00
1070,180,F,1686,87.49
1080,180,F,1722,90.03
1090,180,F,1757,87.51
1100,180,F,1792,87.50
1110,180,F,1827,87.49
1120,180,F,1861,85.01
1130,180,F,1895,85.00
1140,180,F,1930,87.49
1150,180,F,1963,82.51
1160,180,F,1999,89.99
1170,180,F,2033,84.99
1180,180,F,2068,87.51
1190,180,F,2103,87.49
1200,180,F,2139,90.02
1210,180,F,2175,89.98
1220,180,F,2212,92.52
1230,180,F,2248,89.98
1240,180,F,2284,89.99
1250,180,F,2320,90.03
1260,180,F,2356,89.99
1270,180,F,2391,87.50
1280,180,F,2427,90.00
1290,180,F,2463,90.01
1300,180,F,2499,89.97
1310,180,F,2535,90.02
1320,180,F,2571,89.99
1330,180,F,2607,90.02
1340,180,F,2642,87.50
1350,180,F,2678,90.00
1360,180,F,2715,92.48
1370,180,F,2751,90.02
1380,180,F,2788,92.50
1390,180,F,2824,89.98
1400,180,F,2860,89.99
1410,180,F,2897,92.50
1420,180,F,2933,90.00
1430,180,F,2969,90.01
1440,180,F,3005,90.00
1450,180,F,3042,92.51
1460,180,F,3085,107.48
1470,180,F,3122,92.49
1480,180,F,3159,92.51
1490,180,F,3195,90.00
1500,180,F,3230,87.50
1510,180,F,3260,75.01
1520,180,F,3295,87.52
1530,180,F,3333,94.96
1540,180,F,3370,92.52
1550,180,F,3408,94.99
1560,180,F,3446,95.03
1570,180,F,3483,92.48
1580,180,F,3520,92.50
1590,180,F,3557,92.50
1600,180,F,3595,94.98
1610,180,F,3632,92.52
1620,180,F,3669,92.51
1630,180,F,3707,94.97
1640,180,F,3745,95.01
1650,180,F,3781,89.99
1660,180,F,3819,95.04
1670,180,F,3855,90.00
1680,180,F,3893,95.00
1690,180,F,3931,94.97
1700,180,F,3968,92.50
1710,180,F,4006,95.03
1720,180,F,4043,92.49
1730,180,F,4080,92.49
1740,180,F,4118,95.02
1750,180,F,4153,87.49
1760,180,F,4190,92.48
1770,180,F,4226,90.03
1780,180,F,4261,87.47
1790,180,F,4297,90.01
1800,180,F,4332,87.49
1810,180,F,4367,87.53
1820,180,F,4403,89.97
1830,180,F,4438,87.53
1840,180,F,4473,87.47
1850,180,F,4510,92.54
1860,180,F,4547,92.47
1870,180,F,4584,92.52
1880,180,F,4621,92.49
1890,180,F,4658,92.48
1900,180,F,4695,92.52
1910,180,F,4731,90.01
1920,180,F,4768,92.49
1930,180,F,4805,92.48
1940,180,F,4841,90.04
1950,180,F,4878,92.49
1960,180,F,4914,90.00
1970,180,F,4951,92.49
1980,180,F,4987,90.00
1990,180,F,5023,90.00
2000,180,F,5060,92.51
2010,180,F,5096,90.00
2020,180,F,5133,92.47
2030,180,F,5170,92.52
2040,180,F,5208,95.01
2050,180,F,5245,92.51
2060,180,F,5281,89.98
2070,180,F,5318,92.50
2080,180,F,5354,90.00
2090,180,F,5390,89.98
2100,180,F,5427,92.52
2110,180,F,5469,105.00
2120,180,F,5508,97.49
2130,180,F,5545,92.50
2140,180,F,5582,92.53
2150,180,F,5619,92.43
2160,180,F,5653,85.06
2170,180,F,5682,72.49
2180,180,F,5720,95.01
2190,180,F,5757,92.51
2200,180,F,5795,94.98
2210,180,F,5833,95.00
2220,180,F,5870,92.50
2230,180,F,5908,95.01
2240,180,F,5945,92.50
2250,180,F,5982,92.49
2260,180,F,6020,95.01
2270,180,F,6057,92.50
2280,180,F,6095,95.00
2290,180,F,6133,95.01
2300,180,F,6169,90.01
2310,180,F,6207,95.00
2320,180,F,6243,90.00
2330,180,F,6280,92.49
2340,180,F,6318,94.99
2350,180,F,6355,92.52
2360,180,F,6393,94.97
2370,180,F,6430,92.50
2380,180,F,6467,92.52
2390,180,F,6504,92.50
2400,180,F,6540,90.01
2410,180,F,6577,92.48
2420,180,F,6612,87.49
2430,180,F,6647,87.53
2440,180,F,6683,90.00
2450,180,F,6718,87.50
2460,180,F,6753,87.47
2470,180,F,6788,87.49
2480,180,F,6823,87.51
2490,180,F,6859,90.01
2500,180,F,6895,89.99
2510,180,F,6932,92.52
2520,180,F,6968,89.99
2530,180,F,7006,94.99
2540,180,F,7043,92.50
2550,180,F,7079,90.03
2560,180,F,7116,92.47
2570,180,F,7152,90.02
2580,180,F,7189,92.48
2590,180,F,7225,90.00
2600,180,F,7261,90.03
2610,180,F,7298,92.49
2620,180,F,7335,92.49
2630,180,F,7371,90.01
2640,180,F,7408,92.49
2650,180,F,7444,89.94
2660,180,F,7480,90.06
2670,180,F,7517,92.51
2680,180,F,7553,90.01
2690,180,F,7591,94.97
2700,180,F,7628,92.52
2710,180,F,7664,89.97
2720,180,F,7702,95.03
2730,180,F,7738,90.00
2740,180,F,7774,89.98
2750,180,F,7811,92.50
2760,180,F,7849,95.02
2770,180,F,7892,107.48
2780,180,F,7929,92.51
2790,180,F,7966,92.52
2800,180,F,8002,90.00
2810,180,F,8038,89.98
2820,180,F,8067,72.50
2830,180,F,8104,92.49
2840,180,F,8141,92.51
2850,180,F,8179,95.00
2860,180,F,8217,95.00
2870,180,F,8255,95.01
2880,180,F,8293,95.00
2890,180,F,8330,92.49
2900,180,F,8368,95.02
2910,180,F,8405,92.46
2920,180,F,8442,92.52
2930,180,F,8480,94.99
2940,180,F,8518,94.99
2950,180,F,8555,92.54
2960,180,F,8593,94.97
2970,180,F,8630,92.52
2980,180,F,8667,92.47
2990,180,F,8704,92.51
3000,180,F,8742,95.01
3010,180,F,8780,94.98
3020,180,F,8818,95.01
3030,180,F,8856,95.03
3040,180,F,8892,90.00
3050,180,F,8929,92.48
3060,180,F,8965,90.02
3070,180,F,9001,89.97
3080,180,F,9037,89.99
3090,180,F,9072,87.50
3100,180,F,9108,90.01
3110,180,F,9143,87.50
3120,180,F,9177,85.03
3130,180,F,9213,90.00
3140,180,F,9248,87.47
3150,180,F,9284,90.01
3160,180,F,9321,92.50
3170,180,F,9357,89.98
3180,180,F,9394,92.51
3190,180,F,9431,92.51
3200,180,F,9467,90.02
3210,180,F,9504,92.47
3220,180,F,9540,90.02
3230,180,F,9576,89.99
3240,180,F,9612,89.99
3250,180,F,9648,90.01
3260,180,F,9684,89.99
3270,180,F,9721,92.47
3280,180,F,9756,87.55
3290,180,F,9793,92.42
3300,180,F,9828,87.55
3310,180,F,9864,90.01
3320,180,F,9900,90.01
3330,180,F,9936,89.99
3340,180,F,9972,90.02
3350,180,F,10009,92.49
3360,180,F,10045,89.99
3370,180,F,10081,90.02
3380,180,F,10118,92.49
3390,180,F,10153,87.49
3400,180,F,10188,87.52
3410,180,F,10225,92.48
3420,180,F,10266,102.49
3430,180,F,10305,97.53
3440,180,F,10341,89.98
3450,180,F,10377,90.02
3460,180,F,10413,89.98
3470,180,F,10448,87.52
3480,180,F,10477,72.47
3490,180,F,10513,90.02
3500,180,F,10549,90.02
3510,180,F,10587,94.98
3520,180,F,10624,92.49
3530,180,F,10661,92.51
3540,180,F,10698,92.52
3550,180,F,10735,92.49
3560,180,F,10771,90.01
3570,180,F,10808,92.49
3580,180,F,10845,92.47
3590,180,F,10882,92.52
3600,180,F,10919,92.50
3610,180,F,10956,92.50
3620,180,F,10992,90.02
3630,180,F,11029,92.49
3640,180,F,11065,89.99
3650,180,F,11102,92.50
3660,180,F,11139,92.48
3670,180,F,11176,92.53
3680,180,F,11213,92.50
3690,180,F,11250,92.51
3700,180,F,11286,89.99
3710,180,F,11323,92.47
3720,180,F,11358,87.52
3730,180,F,11393,87.50
3740,180,F,11429,90.02
3750,180,F,11463,84.97
3760,180,F,11498,87.53
3770,180,F,11533,87.48
3780,180,F,11567,84.99
3790,180,F,11602,87.51
3800,180,F,11636,85.00
3810,180,F,11672,89.99
3820,180,F,11708,90.03
3830,180,F,11743,87.50
3840,180,F,11780,92.49
3850,180,F,11817,92.47
3860,180,F,11853,90.02
3870,180,F,11889,89.99
3880,180,F,11924,87.50
3890,180,F,11960,90.00
3900,180,F,11996,89.99
3910,180,F,12031,87.51
3920,180,F,12067,90.00
3930,180,F,12103,90.01
3940,180,F,12139,90.00
3950,180,F,12174,87.52
3960,180,F,12210,89.99
3970,180,F,12245,87.48
3980,180,F,12281,90.03
3990,180,F,12317,89.98
4000,180,F,12352,87.49
4010,180,F,12389,92.51
4020,180,F,12425,90.01
4030,180,F,12461,89.98
4040,180,F,12497,89.99
4050,180,F,12532,87.51
4060,180,F,12568,90.01
4070,180,F,12603,87.49
4080,180,F,12639,90.00
4090,180,F,12682,107.50
4100,180,F,12719,92.50
4110,180,F,12755,90.01
4120,180,F,12790,87.52
4130,180,F,12825,87.48
4140,180,F,12854,72.49
4150,180,F,12890,90.01
4160,180,F,12926,90.01
4170,180,F,12962,89.99
4180,180,F,12999,92.49
4190,180,F,13037,95.01
4200,180,F,13073,90.00
4210,180,F,13110,92.52
4220,180,F,13146,89.99
4230,180,F,13182,89.98
4240,180,F,13219,92.53
4250,180,F,13255,89.99
4260,180,F,13292,92.49
4270,180,F,13329,92.52
4280,180,F,13365,89.99
4290,180,F,13402,92.47
4300,180,F,13438,90.02
4310,180,F,13474,90.02
4320,180,F,13510,89.97
4330,180,F,13547,92.51
4340,180,F,13584,92.49
4350,180,F,13620,89.99
4360,180,F,13657,92.53
4370,180,F,13692,87.50
4380,180,F,13728,89.99
4390,180,F,13763,87.48
4400,180,F,13799,90.03
4410,180,F,13834,87.49
4420,180,F,13868,84.99
4430,180,F,13903,87.50
4440,180,F,13937,85.02
4450,180,F,13971,85.00
4460,180,F,14006,87.47
4470,180,F,14040,85.01
4480,180,F,14075,87.50
4490,180,F,14111,89.99
4500,180,F,14147,90.02
4510,180,F,14183,90.02
4520,180,F,14220,92.48
4530,180,F,14255,87.51
4540,180,F,14292,92.50
4550,180,F,14327,87.50
4560,180,F,14363,89.99
4570,180,F,14398,87.51
4580,180,F,14434,89.98
4590,180,F,14469,87.53
4600,180,F,14505,89.99
4610,180,F,14541,89.99
4620,180,F,14576,87.49
4630,180,F,14612,90.02
4640,180,F,14647,87.47
4650,180,F,14682,87.54
4660,180,F,14719,92.47
4670,180,F,14754,87.50
4680,180,F,14791,92.51
4690,180,F,14827,90.02
4700,180,F,14862,87.50
4710,180,F,14898,89.99
4720,180,F,14934,90.01
4730,180,F,14969,87.49
4740,180,F,15005,89.99
4750,180,F,15041,90.01
4760,180,F,15083,105.00
4770,180,F,15120,92.51
4780,180,F,15156,89.99
4790,180,F,15191,87.48
4800,180,F,15226,87.51
4810,180,F,15257,77.50
4820,180,F,15291,85.00
4830,180,F,15328,92.52
4840,180,F,15364,89.98
4850,180,F,15401,92.48
4860,180,F,15438,92.53
4870,180,F,15474,89.99
4880,180,F,15512,95.01
4890,180,F,15548,89.99
4900,180,F,15584,89.98
4910,180,F,15621,92.53
4920,180,F,15658,92.50
4930,180,F,15695,92.47
4940,180,F,15732,92.53
4950,180,F,15768,89.96
4960,180,F,15804,90.02
4970,180,F,15840,89.99
4980,180,F,15876,90.01
4990,180,F,15913,92.50
5000,180,F,15949,90.00
5010,180,F,15987,95.03
5020,180,F,16023,89.98
5030,180,F,16060,92.49
5040,180,F,16095,87.53
5050,180,F,16131,89.99
5060,180,F,16167,90.00
5070,180,F,16202,87.49
5080,180,F,16237,87.50
5090,180,F,16271,85.01
5100,180,F,16306,87.51
5110,180,F,16340,84.97
5120,180,F,16374,85.03
5130,180,F,16409,87.49
5140,180,F,16443,84.99
5150,180,F,16478,87.49
5160,180,F,16514,90.03
5170,180,F,16550,89.99
5180,180,F,16586,89.97
5190,180,F,16623,92.52
5200,180,F,16658,87.51
5210,180,F,16694,90.01
5220,180,F,16730,89.97
5230,180,F,16765,87.51
5240,180,F,16801,90.02
5250,180,F,16836,87.48
5260,180,F,16872,90.00
5270,180,F,16907,87.51
5280,180,F,16943,90.00
5290,180,F,16978,87.47
5300,180,F,17013,87.53
5310,180,F,17048,87.50
5320,180,F,17084,90.00
5330,180,F,17120,90.01
5340,180,F,17155,87.47
5350,180,F,17192,92.50
5360,180,F,17228,90.03
5370,180,F,17263,87.48
5380,180,F,17299,90.00
5390,180,F,17334,87.51
5400,180,F,17370,89.97
5410,180,F,17405,87.53
5420,180,F,17441,89.98
5430,180,F,17484,107.53
5440,180,F,17520,89.98
5450,180,F,17556,90.01
5460,180,F,17591,87.49
5470,180,F,17627,89.99
5480,180,F,17659,80.02
5490,180,F,17690,77.48
5500,180,F,17727,92.52
=== END ===
# Trial 11 of 46: step_up_fwd_180_run03
=== START step_up_fwd_180_run03 ===
t_ms,pwm_cmd,dir,enc_count,rpm
0,0,N,0,0.00
10,0,N,0,0.00
20,0,N,0,0.00
30,0,N,0,0.00
40,0,N,0,0.00
50,0,N,0,0.00
60,0,N,0,0.00
70,0,N,0,0.00
80,0,N,0,0.00
90,0,N,0,0.00
100,0,N,0,0.00
110,0,N,0,0.00
120,0,N,0,0.00
130,0,N,0,0.00
140,0,N,0,0.00
150,0,N,0,0.00
160,0,N,0,0.00
170,0,N,0,0.00
180,0,N,0,0.00
190,0,N,0,0.00
200,0,N,0,0.00
210,0,N,0,0.00
220,0,N,0,0.00
230,0,N,0,0.00
240,0,N,0,0.00
250,0,N,0,0.00
260,0,N,0,0.00
270,0,N,0,0.00
280,0,N,0,0.00
290,0,N,0,0.00
300,0,N,0,0.00
310,0,N,0,0.00
320,0,N,0,0.00
330,0,N,0,0.00
340,0,N,0,0.00
350,0,N,0,0.00
360,0,N,0,0.00
370,0,N,0,0.00
380,0,N,0,0.00
390,0,N,0,0.00
400,0,N,0,0.00
410,0,N,0,0.00
420,0,N,0,0.00
430,0,N,0,0.00
440,0,N,0,0.00
450,0,N,0,0.00
460,0,N,0,0.00
470,0,N,0,0.00
480,0,N,0,0.00
490,0,N,0,0.00
500,180,F,0,0.00
510,180,F,3,7.50
520,180,F,9,15.00
530,180,F,19,25.00
540,180,F,32,32.50
550,180,F,47,37.51
560,180,F,64,42.49
570,180,F,83,47.50
580,180,F,104,52.51
590,180,F,126,55.01
600,180,F,149,57.49
610,180,F,173,60.01
620,180,F,199,65.00
630,180,F,226,67.48
640,180,F,254,70.00
650,180,F,282,70.01
660,180,F,311,72.49
670,180,F,341,75.00
680,180,F,370,72.51
690,180,F,401,77.49
700,180,F,430,72.49
710,180,F,461,77.52
720,180,F,492,77.50
730,180,F,523,77.50
740,180,F,553,75.01
750,180,F,584,77.50
760,180,F,616,79.98
770,180,F,647,77.51
780,180,F,679,79.99
790,180,F,710,77.51
800,180,F,743,82.48
810,180,F,775,80.02
820,180,F,809,85.00
830,180,F,842,82.48
840,180,F,877,87.50
850,180,F,911,85.01
860,180,F,945,85.02
870,180,F,979,84.99
880,180,F,1013,84.98
890,180,F,1047,85.02
900,180,F,1081,85.00
910,180,F,1116,87.44
920,180,F,1150,85.05
930,180,F,1184,85.00
940,180,F,1219,87.51
950,180,F,1253,85.01
960,180,F,1288,87.48
970,180,F,1322,85.00
980,180,F,1356,85.01
990,180,F,1392,90.00
1000,180,F,1426,84.97
1010,180,F,1462,90.03
1020,180,F,1498,90.01
1030,180,F,1534,89.98
1040,180,F,1568,84.99
1050,180,F,1604,90.02
1060,180,F,1639,87.51
1070,180,F,1674,87.49
1080,180,F,1710,90.00
1090,180,F,1747,92.51
1100,180,F,1789,105.00
1110,180,F,1825,89.98
1120,180,F,1860,87.50
1130,180,F,1896,89.99
1140,180,F,1930,85.02
1150,180,F,1959,72.50
1160,180,F,1996,92.49
1170,180,F,2032,89.99
1180,180,F,2069,92.52
1190,180,F,2106,92.50
1200,180,F,2143,92.50
1210,180,F,2180,92.50
1220,180,F,2216,89.98
1230,180,F,2253,92.51
1240,180,F,2290,92.50
1250,180,F,2327,92.49
1260,180,F,2363,90.00
1270,180,F,2401,94.94
1280,180,F,2437,90.08
1290,180,F,2474,92.47
1300,180,F,2511,92.48
1310,180,F,2547,90.03
1320,180,F,2583,90.02
1330,180,F,2621,94.97
1340,180,F,2657,90.02
1350,180,F,2695,95.00
1360,180,F,2732,92.49
1370,180,F,2768,90.02
1380,180,F,2805,92.47
1390,180,F,2840,87.51
1400,180,F,2876,89.99
1410,180,F,2912,90.02
1420,180,F,2946,85.00
1430,180,F,2981,87.48
1440,180,F,3016,87.50
1450,180,F,3050,85.03
1460,180,F,3086,89.97
1470,180,F,3121,87.52
1480,180,F,3156,87.49
1490,180,F,3192,90.02
1500,180,F,3228,89.99
1510,180,F,3265,92.50
1520,180,F,3302,92.51
1530,180,F,3338,90.00
1540,180,F,3375,92.50
1550,180,F,3411,89.99
1560,180,F,3447,90.00
1570,180,F,3483,89.98
1580,180,F,3519,90.02
1590,180,F,3555,89.98
1600,180,F,3591,90.00
1610,180,F,3627,90.01
1620,180,F,3663,90.00
1630,180,F,3699,90.02
1640,180,F,3735,89.96
1650,180,F,3771,90.04
1660,180,F,3808,92.47
1670,180,F,3843,87.53
1680,180,F,3881,95.00
1690,180,F,3917,89.98
1700,180,F,3953,90.02
1710,180,F,3990,92.47
1720,180,F,4026,90.03
1730,180,F,4062,89.99
1740,180,F,4098,89.99
1750,180,F,4135,92.51
1760,180,F,4178,107.50
1770,180,F,4215,92.48
1780,180,F,4251,89.99
1790,180,F,4287,90.02
1800,180,F,4323,90.01
1810,180,F,4353,75.01
1820,180,F,4388,87.50
1830,180,F,4426,95.00
1840,180,F,4463,92.50
1850,180,F,4500,92.48
1860,180,F,4538,95.00
1870,180,F,4575,92.49
1880,180,F,4612,92.51
1890,180,F,4649,92.50
1900,180,F,4686,92.48
1910,180,F,4723,92.52
1920,180,F,4761,95.00
1930,180,F,4798,92.49
1940,180,F,4835,92.51
1950,180,F,4872,92.50
1960,180,F,4909,92.49
1970,180,F,4946,92.44
1980,180,F,4983,92.58
1990,180,F,5020,92.50
2000,180,F,5057,92.49
2010,180,F,5095,94.98
2020,180,F,5132,92.50
2030,180,F,5168,89.99
2040,180,F,5205,92.53
2050,180,F,5241,90.01
2060,180,F,5276,87.47
2070,180,F,5312,90.01
2080,180,F,5347,87.52
2090,180,F,5382,87.47
2100,180,F,5417,87.53
2110,180,F,5452,87.47
2120,180,F,5487,87.53
2130,180,F,5522,87.49
2140,180,F,5558,89.98
2150,180,F,5594,90.03
2160,180,F,5630,89.97
2170,180,F,5667,92.52
2180,180,F,5704,92.48
2190,180,F,5740,90.02
2200,180,F,5777,92.49
2210,180,F,5813,90.02
2220,180,F,5849,89.99
2230,180,F,5885,89.99
2240,180,F,5921,89.99
2250,180,F,5957,90.03
2260,180,F,5993,90.00
2270,180,F,6030,92.47
2280,180,F,6065,87.52
2290,180,F,6102,92.48
2300,180,F,6137,87.53
2310,180,F,6173,89.97
2320,180,F,6210,92.53
2330,180,F,6246,89.97
2340,180,F,6283,92.50
2350,180,F,6320,92.51
2360,180,F,6356,90.00
2370,180,F,6393,92.51
2380,180,F,6429,90.01
2390,180,F,6465,89.97
2400,180,F,6501,90.02
2410,180,F,6539,94.99
2420,180,F,6582,107.48
2430,180,F,6619,92.52
2440,180,F,6655,90.00
2450,180,F,6691,90.01
2460,180,F,6727,90.00
2470,180,F,6756,72.49
2480,180,F,6793,92.50
2490,180,F,6830,92.51
2500,180,F,6867,92.50
2510,180,F,6904,92.51
2520,180,F,6942,94.98
2530,180,F,6979,92.52
2540,180,F,7016,92.48
2550,180,F,7054,95.00
2560,180,F,7091,92.49
2570,180,F,7128,92.50
2580,180,F,7166,95.02
2590,180,F,7203,92.49
2600,180,F,7241,95.02
2610,180,F,7277,90.00
2620,180,F,7315,94.99
2630,180,F,7352,92.44
2640,180,F,7388,90.03
2650,180,F,7426,95.03
2660,180,F,7463,92.50
2670,180,F,7501,94.99
2680,180,F,7539,94.99
2690,180,F,7575,90.01
2700,180,F,7612,92.50
2710,180,F,7648,89.99
2720,180,F,7684,90.00
2730,180,F,7720,90.03
2740,180,F,7755,87.48
2750,180,F,7790,87.50
2760,180,F,7826,89.99
2770,180,F,7860,85.02
2780,180,F,7896,89.99
2790,180,F,7931,87.48
2800,180,F,7967,90.02
2810,180,F,8004,92.50
2820,180,F,8040,89.99
2830,180,F,8077,92.53
2840,180,F,8115,94.97
2850,180,F,8151,90.00
2860,180,F,8188,92.52
2870,180,F,8224,89.98
2880,180,F,8260,90.00
2890,180,F,8297,92.50
2900,180,F,8333,90.03
2910,180,F,8370,92.49
2920,180,F,8406,90.01
2930,180,F,8442,89.98
2940,180,F,8479,92.49
2950,180,F,8515,90.02
2960,180,F,8551,89.98
2970,180,F,8588,92.51
2980,180,F,8624,90.01
2990,180,F,8661,92.50
3000,180,F,8698,92.49
3010,180,F,8735,92.52
3020,180,F,8771,89.97
3030,180,F,8809,94.99
3040,180,F,8844,87.50
3050,180,F,8880,90.02
3060,180,F,8917,92.49
3070,180,F,8958,102.53
3080,180,F,8998,99.96
3090,180,F,9035,92.51
3100,180,F,9071,90.00
3110,180,F,9108,92.51
3120,180,F,9142,84.98
3130,180,F,9173,77.53
3140,180,F,9211,94.99
3150,180,F,9248,92.49
3160,180,F,9286,94.96
3170,180,F,9323,92.53
3180,180,F,9360,92.52
3190,180,F,9399,97.50
3200,180,F,9436,92.48
3210,180,F,9473,92.50
3220,180,F,9510,92.50
3230,180,F,9548,95.03
3240,180,F,9585,92.47
3250,180,F,9623,95.03
3260,180,F,9660,92.47
3270,180,F,9697,92.52
3280,180,F,9734,92.47
3290,180,F,9770,90.01
3300,180,F,9808,95.03
3310,180,F,9845,92.50
3320,180,F,9883,94.98
3330,180,F,9921,95.00
3340,180,F,9957,90.02
3350,180,F,9995,94.99
3360,180,F,10030,87.51
3370,180,F,10067,92.49
3380,180,F,10103,89.98
3390,180,F,10137,85.03
3400,180,F,10173,89.97
3410,180,F,10208,87.50
3420,180,F,10243,87.52
3430,180,F,10278,87.51
3440,180,F,10313,87.48
3450,180,F,10349,90.00
3460,180,F,10385,89.99
3470,180,F,10421,90.02
3480,180,F,10458,92.49
3490,180,F,10495,92.50
3500,180,F,10532,92.51
3510,180,F,10568,89.99
3520,180,F,10605,92.48
3530,180,F,10641,90.03
3540,180,F,10677,89.98
3550,180,F,10713,90.03
3560,180,F,10749,89.97
3570,180,F,10786,92.53
3580,180,F,10822,89.99
3590,180,F,10858,90.01
3600,180,F,10894,89.98
3610,180,F,10930,90.01
3620,180,F,10966,90.01
3630,180,F,11003,92.47
3640,180,F,11039,90.01
3650,180,F,11076,92.51
3660,180,F,11113,92.49
3670,180,F,11149,90.01
3680,180,F,11186,92.49
3690,180,F,11222,90.00
3700,180,F,11258,90.01
3710,180,F,11294,90.01
3720,180,F,11331,92.49
3730,180,F,11374,107.49
3740,180,F,11411,92.51
3750,180,F,11447,90.00
3760,180,F,11483,89.99
3770,180,F,11519,90.01
3780,180,F,11548,72.49
3790,180,F,11585,92.52
3800,180,F,11623,94.99
3810,180,F,11659,89.98
3820,180,F,11697,95.03
3830,180,F,11735,94.97
3840,180,F,11771,90.02
3850,180,F,11809,95.01
3860,180,F,11846,92.50
3870,180,F,11883,92.49
3880,180,F,11920,92.49
3890,180,F,11957,92.51
3900,180,F,11995,95.00
3910,180,F,12032,92.52
3920,180,F,12068,89.97
3930,180,F,12106,94.99
3940,180,F,12142,90.03
3950,180,F,12179,92.49
3960,180,F,12217,94.94
3970,180,F,12253,90.05
3980,180,F,12291,95.02
3990,180,F,12328,92.51
4000,180,F,12364,89.99
4010,180,F,12402,94.99
4020,180,F,12437,87.51
4030,180,F,12473,90.00
4040,180,F,12509,89.97
4050,180,F,12544,87.51
4060,180,F,12579,87.51
4070,180,F,12614,87.52
4080,180,F,12648,84.98
4090,180,F,12684,90.02
4100,180,F,12719,87.50
4110,180,F,12754,87.48
4120,180,F,12790,90.02
4130,180,F,12826,90.00
4140,180,F,12863,92.49
4150,180,F,12900,92.49
4160,180,F,12937,92.48
4170,180,F,12973,90.02
4180,180,F,13010,92.52
4190,180,F,13046,89.97
4200,180,F,13082,90.00
4210,180,F,13118,90.03
4220,180,F,13154,89.98
4230,180,F,13190,89.99
4240,180,F,13227,92.53
4250,180,F,13263,89.92
4260,180,F,13299,90.08
4270,180,F,13335,90.00
4280,180,F,13371,89.99
4290,180,F,13408,92.50
4300,180,F,13444,90.00
4310,180,F,13481,92.50
4320,180,F,13518,92.48
4330,180,F,13554,89.99
4340,180,F,13591,92.52
4350,180,F,13627,90.00
4360,180,F,13663,90.01
4370,180,F,13699,89.98
4380,180,F,13736,92.51
4390,180,F,13780,110.02
4400,180,F,13817,92.47
4410,180,F,13853,90.01
4420,180,F,13889,89.98
4430,180,F,13924,87.52
4440,180,F,13954,74.99
4450,180,F,13991,92.51
4460,180,F,14029,95.00
4470,180,F,14066,92.51
4480,180,F,14103,92.49
4490,180,F,14141,95.01
4500,180,F,14178,92.48
4510,180,F,14216,95.00
4520,180,F,14253,92.50
4530,180,F,14290,92.50
4540,180,F,14327,92.53
4550,180,F,14365,94.98
4560,180,F,14402,92.52
4570,180,F,14439,92.50
4580,180,F,14476,92.47
4590,180,F,14513,92.50
4600,180,F,14550,92.50
4610,180,F,14587,92.49
4620,180,F,14625,95.01
4630,180,F,14662,92.51
4640,180,F,14699,92.52
4650,180,F,14737,95.00
4660,180,F,14773,90.00
4670,180,F,14810,92.49
4680,180,F,14846,90.00
4690,180,F,14882,90.00
4700,180,F,14918,89.99
4710,180,F,14952,85.01
4720,180,F,14988,90.00
4730,180,F,15023,87.47
4740,180,F,15057,85.01
4750,180,F,15093,90.01
4760,180,F,15127,84.99
4770,180,F,15163,90.01
4780,180,F,15200,92.45
4790,180,F,15235,87.56
4800,180,F,15273,94.99
4810,180,F,15310,92.51
4820,180,F,15346,89.98
4830,180,F,15383,92.52
4840,180,F,15418,87.47
4850,180,F,15455,92.52
4860,180,F,15491,90.01
4870,180,F,15526,87.50
4880,180,F,15563,92.50
4890,180,F,15599,89.99
4900,180,F,15635,89.99
4910,180,F,15671,90.03
4920,180,F,15707,89.93
4930,180,F,15743,90.05
4940,180,F,15778,87.51
4950,180,F,15815,92.51
4960,180,F,15851,90.00
4970,180,F,15888,92.49
4980,180,F,15925,92.49
4990,180,F,15960,87.48
5000,180,F,15997,92.52
5010,180,F,16033,90.01
5020,180,F,16068,87.49
5030,180,F,16104,90.02
5040,180,F,16143,97.48
5050,180,F,16185,105.00
5060,180,F,16221,89.98
5070,180,F,16257,90.02
5080,180,F,16293,90.01
5090,180,F,16328,87.51
5100,180,F,16357,72.49
5110,180,F,16394,92.48
5120,180,F,16431,92.50
5130,180,F,16468,92.50
5140,180,F,16505,92.50
5150,180,F,16542,92.52
5160,180,F,16580,94.98
5170,180,F,16616,90.00
5180,180,F,16653,92.53
5190,180,F,16690,92.47
5200,180,F,16727,92.51
5210,180,F,16764,92.51
5220,180,F,16801,92.48
5230,180,F,16838,92.51
5240,180,F,16875,92.49
5250,180,F,16911,90.02
5260,180,F,16948,92.49
5270,180,F,16984,89.99
5280,180,F,17022,94.99
5290,180,F,17058,90.04
5300,180,F,17096,94.94
5310,180,F,17133,92.47
5320,180,F,17168,87.56
5330,180,F,17205,92.51
5340,180,F,17240,87.49
5350,180,F,17276,90.00
5360,180,F,17312,90.02
5370,180,F,17346,84.97
5380,180,F,17381,87.52
5390,180,F,17416,87.49
5400,180,F,17449,82.52
5410,180,F,17484,87.47
5420,180,F,17519,87.53
5430,180,F,17554,87.50
5440,180,F,17589,87.47
5450,180,F,17625,90.02
5460,180,F,17661,90.01
5470,180,F,17698,92.49
5480,180,F,17734,89.99
5490,180,F,17770,90.00
5500,180,F,17806,90.03
=== END ===
# Trial 12 of 46: step_up_fwd_180_run04
=== START step_up_fwd_180_run04 ===
t_ms,pwm_cmd,dir,enc_count,rpm
0,0,N,0,0.00
10,0,N,0,0.00
20,0,N,0,0.00
30,0,N,0,0.00
40,0,N,0,0.00
50,0,N,0,0.00
60,0,N,0,0.00
70,0,N,0,0.00
80,0,N,0,0.00
90,0,N,0,0.00
100,0,N,0,0.00
110,0,N,0,0.00
120,0,N,0,0.00
130,0,N,0,0.00
140,0,N,0,0.00
150,0,N,0,0.00
160,0,N,0,0.00
170,0,N,0,0.00
180,0,N,0,0.00
190,0,N,0,0.00
200,0,N,0,0.00
210,0,N,0,0.00
220,0,N,0,0.00
230,0,N,0,0.00
240,0,N,0,0.00
250,0,N,0,0.00
260,0,N,0,0.00
270,0,N,0,0.00
280,0,N,0,0.00
290,0,N,0,0.00
300,0,N,0,0.00
310,0,N,0,0.00
320,0,N,0,0.00
330,0,N,0,0.00
340,0,N,0,0.00
350,0,N,0,0.00
360,0,N,0,0.00
370,0,N,0,0.00
380,0,N,0,0.00
390,0,N,0,0.00
400,0,N,0,0.00
410,0,N,0,0.00
420,0,N,0,0.00
430,0,N,0,0.00
440,0,N,0,0.00
450,0,N,0,0.00
460,0,N,0,0.00
470,0,N,0,0.00
480,0,N,0,0.00
490,0,N,0,0.00
500,180,F,0,0.00
510,180,F,1,2.50
520,180,F,6,12.50
530,180,F,14,20.00
540,180,F,26,30.00
550,180,F,40,35.00
560,180,F,56,40.00
570,180,F,73,42.50
580,180,F,94,52.49
590,180,F,116,55.00
600,180,F,139,57.52
610,180,F,164,62.48
620,180,F,188,60.01
630,180,F,215,67.49
640,180,F,242,67.51
650,180,F,270,70.01
660,180,F,298,70.00
670,180,F,327,72.48
680,180,F,357,75.00
690,180,F,392,87.52
700,180,F,425,82.48
710,180,F,456,77.50
720,180,F,488,80.02
730,180,F,519,77.50
740,180,F,551,80.00
750,180,F,576,62.49
760,180,F,608,80.02
770,180,F,642,84.98
780,180,F,675,82.50
790,180,F,709,85.00
800,180,F,742,82.52
810,180,F,777,87.49
820,180,F,811,84.97
830,180,F,845,85.03
840,180,F,879,85.01
850,180,F,913,84.93
860,180,F,947,85.07
870,180,F,981,84.99
880,180,F,1017,89.99
890,180,F,1051,85.00
900,180,F,1086,87.52
910,180,F,1120,85.00
920,180,F,1154,84.99
930,180,F,1189,87.51
940,180,F,1223,84.98
950,180,F,1259,90.02
960,180,F,1293,85.01
970,180,F,1329,89.99
980,180,F,1364,87.48
990,180,F,1398,85.01
1000,180,F,1434,90.00
1010,180,F,1468,85.02
1020,180,F,1502,84.97
1030,180,F,1536,85.02
1040,180,F,1569,82.49
1050,180,F,1603,85.01
1060,180,F,1637,84.99
1070,180,F,1670,82.50
1080,180,F,1703,82.49
1090,180,F,1737,85.01
1100,180,F,1770,82.48
1110,180,F,1804,85.02
1120,180,F,1839,87.50
1130,180,F,1874,87.49
1140,180,F,1910,90.01
1150,180,F,1945,87.51
1160,180,F,1980,87.48
1170,180,F,2015,87.50
1180,180,F,2050,87.52
1190,180,F,2085,87.51
1200,180,F,2120,87.48
1210,180,F,2155,87.52
1220,180,F,2189,84.97
1230,180,F,2225,90.01
1240,180,F,2260,87.51
1250,180,F,2294,85.01
1260,180,F,2330,89.99
1270,180,F,2364,84.98
1280,180,F,2399,87.54
1290,180,F,2435,90.00
1300,180,F,2469,84.99
1310,180,F,2506,92.48
1320,180,F,2541,87.50
1330,180,F,2577,90.02
1340,180,F,2612,87.49
1350,180,F,2648,90.00
1360,180,F,2682,84.99
1370,180,F,2717,87.51
1380,180,F,2753,90.02
1390,180,F,2792,97.46
1400,180,F,2832,100.02
1410,180,F,2867,87.51
1420,180,F,2902,87.50
1430,180,F,2938,90.00
1440,180,F,2969,77.49
1450,180,F,3001,80.00
1460,180,F,3037,90.00
1470,180,F,3073,90.02
1480,180,F,3110,92.48
1490,180,F,3146,90.00
1500,180,F,3182,89.99
1510,180,F,3219,92.53
1520,180,F,3255,90.00
1530,180,F,3291,90.00
1540,180,F,3327,90.00
1550,180,F,3364,92.47
1560,180,F,3400,90.02
1570,180,F,3437,92.49
1580,180,F,3473,90.00
1590,180,F,3509,89.99
1600,180,F,3545,90.01
1610,180,F,3581,90.02
1620,180,F,3617,90.00
1630,180,F,3653,90.00
1640,180,F,3689,89.98
1650,180,F,3726,92.50
1660,180,F,3762,89.98
1670,180,F,3798,90.02
1680,180,F,3834,90.00
1690,180,F,3869,87.51
1700,180,F,3904,87.50
1710,180,F,3939,87.49
1720,180,F,3973,85.01
1730,180,F,4008,87.48
1740,180,F,4042,85.03
1750,180,F,4076,84.99
1760,180,F,4109,82.51
1770,180,F,4144,87.47
1780,180,F,4178,84.99
1790,180,F,4213,87.52
1800,180,F,4249,89.99
1810,180,F,4284,87.51
1820,180,F,4320,90.02
1830,180,F,4356,89.97
1840,180,F,4391,87.52
1850,180,F,4427,90.00
1860,180,F,4462,87.51
1870,180,F,4497,87.47
1880,180,F,4533,90.02
1890,180,F,4567,85.01
1900,180,F,4603,89.98
1910,180,F,4638,87.51
1920,180,F,4673,87.50
1930,180,F,4709,90.01
1940,180,F,4744,87.47
1950,180,F,4779,87.49
1960,180,F,4814,87.52
1970,180,F,4850,90.02
1980,180,F,4885,87.50
1990,180,F,4921,89.97
2000,180,F,4957,90.00
2010,180,F,4993,90.03
2020,180,F,5029,89.98
2030,180,F,5064,87.52
2040,180,F,5099,87.48
2050,180,F,5134,87.50
2060,180,F,5171,92.51
2070,180,F,5213,104.99
2080,180,F,5250,92.49
2090,180,F,5285,87.51
2100,180,F,5320,87.51
2110,180,F,5355,87.50
2120,180,F,5387,79.98
2130,180,F,5419,80.01
2140,180,F,5456,92.51
2150,180,F,5492,90.01
2160,180,F,5529,92.46
2170,180,F,5566,92.51
2180,180,F,5602,90.01
2190,180,F,5639,92.50
2200,180,F,5675,90.02
2210,180,F,5711,89.98
2220,180,F,5748,92.50
2230,180,F,5784,89.99
2240,180,F,5821,92.53
2250,180,F,5857,89.97
2260,180,F,5893,90.02
2270,180,F,5930,92.47
2280,180,F,5965,87.51
2290,180,F,6001,90.02
2300,180,F,6038,92.48
2310,180,F,6074,90.03
2320,180,F,6111,92.50
2330,180,F,6147,89.98
2340,180,F,6183,90.02
2350,180,F,6219,89.99
2360,180,F,6255,90.01
2370,180,F,6290,87.48
2380,180,F,6325,87.52
2390,180,F,6360,87.49
2400,180,F,6394,84.98
2410,180,F,6428,85.03
2420,180,F,6462,84.98
2430,180,F,6496,85.01
2440,180,F,6530,84.99
2450,180,F,6564,85.02
2460,180,F,6599,87.48
2470,180,F,6634,87.49
2480,180,F,6670,90.00
2490,180,F,6706,90.01
2500,180,F,6742,89.98
2510,180,F,6777,87.51
2520,180,F,6813,90.02
2530,180,F,6848,87.48
2540,180,F,6884,90.02
2550,180,F,6919,87.51
2560,180,F,6954,87.48
2570,180,F,6989,87.50
2580,180,F,7024,87.52
2590,180,F,7060,90.00
2600,180,F,7094,84.98
2610,180,F,7130,90.00
2620,180,F,7165,87.52
2630,180,F,7200,87.49
2640,180,F,7236,89.98
2650,180,F,7270,85.01
2660,180,F,7307,92.52
2670,180,F,7343,89.99
2680,180,F,7378,87.50
2690,180,F,7413,87.49
2700,180,F,7449,89.99
2710,180,F,7484,87.52
2720,180,F,7519,87.50
2730,180,F,7554,87.48
2740,180,F,7594,100.01
2750,180,F,7633,97.49
2760,180,F,7669,90.02
2770,180,F,7704,87.49
2780,180,F,7740,90.00
2790,180,F,7774,85.02
2800,180,F,7802,69.99
2810,180,F,7839,92.47
2820,180,F,7874,87.52
2830,180,F,7911,92.52
2840,180,F,7947,89.98
2850,180,F,7983,90.00
2860,180,F,8020,92.51
2870,180,F,8056,89.98
2880,180,F,8092,90.00
2890,180,F,8128,90.02
2900,180,F,8164,90.01
2910,180,F,8200,89.99
2920,180,F,8237,92.50
2930,180,F,8273,90.01
2940,180,F,8309,89.99
2950,180,F,8345,89.97
2960,180,F,8380,87.51
2970,180,F,8416,90.00
2980,180,F,8453,92.53
2990,180,F,8489,89.99
3000,180,F,8525,89.99
3010,180,F,8562,92.49
3020,180,F,8597,87.53
3030,180,F,8634,92.48
3040,180,F,8669,87.50
3050,180,F,8704,87.52
3060,180,F,8739,87.47
3070,180,F,8773,85.01
3080,180,F,8808,87.52
3090,180,F,8842,84.99
3100,180,F,8876,84.99
3110,180,F,8910,85.00
3120,180,F,8945,87.52
3130,180,F,8979,84.99
3140,180,F,9014,87.51
3150,180,F,9051,92.49
3160,180,F,9086,87.51
3170,180,F,9122,90.00
3180,180,F,9159,92.50
3190,180,F,9194,87.51
3200,180,F,9231,92.46
3210,180,F,9266,87.53
3220,180,F,9301,87.47
3230,180,F,9337,90.02
3240,180,F,9372,87.52
3250,180,F,9408,89.98
3260,180,F,9444,90.02
3270,180,F,9479,87.50
3280,180,F,9515,89.97
3290,180,F,9550,87.51
3300,180,F,9586,90.01
3310,180,F,9622,90.01
3320,180,F,9658,89.98
3330,180,F,9694,90.00
3340,180,F,9731,92.52
3350,180,F,9767,89.99
3360,180,F,9802,87.49
3370,180,F,9839,92.51
3380,180,F,9874,87.48
3390,180,F,9910,90.03
3400,180,F,9946,89.98
3410,180,F,9985,97.51
3420,180,F,10026,102.51
3430,180,F,10062,89.97
3440,180,F,10098,90.01
3450,180,F,10134,89.99
3460,180,F,10169,87.52
3470,180,F,10199,74.99
3480,180,F,10235,89.99
3490,180,F,10271,90.03
3500,180,F,10308,92.48
3510,180,F,10345,92.51
3520,180,F,10382,92.50
3530,180,F,10419,92.50
3540,180,F,10456,92.50
3550,180,F,10493,92.50
3560,180,F,10529,90.01
3570,180,F,10566,92.47
3580,180,F,10603,92.52
3590,180,F,10640,92.47
3600,180,F,10677,92.51
3610,180,F,10713,90.02
3620,180,F,10750,92.49
3630,180,F,10786,89.99
3640,180,F,10823,92.52
3650,180,F,10860,92.50
3660,180,F,10896,89.99
3670,180,F,10933,92.49
3680,180,F,10970,92.53
3690,180,F,11006,89.96
3700,180,F,11043,92.53
3710,180,F,11078,87.51
3720,180,F,11113,87.47
3730,180,F,11149,90.04
3740,180,F,11183,85.00
3750,180,F,11218,87.47
3760,180,F,11253,87.49
3770,180,F,11287,84.97
3780,180,F,11322,87.49
3790,180,F,11356,85.07
3800,180,F,11391,87.48
3810,180,F,11426,87.52
3820,180,F,11462,89.98
3830,180,F,11498,90.02
3840,180,F,11535,92.48
3850,180,F,11571,89.99
3860,180,F,11607,90.01
3870,180,F,11643,90.00
3880,180,F,11678,87.52
3890,180,F,11714,90.00
3900,180,F,11750,89.97
3910,180,F,11785,87.51
3920,180,F,11821,90.01
3930,180,F,11857,90.00
3940,180,F,11893,89.96
3950,180,F,11929,90.05
3960,180,F,11964,87.51
3970,180,F,11999,87.47
3980,180,F,12036,92.50
3990,180,F,12072,90.03
4000,180,F,12109,92.47
4010,180,F,12145,90.02
4020,180,F,12181,90.00
4030,180,F,12217,89.99
4040,180,F,12253,90.01
4050,180,F,12288,87.50
4060,180,F,12324,89.99
4070,180,F,12360,90.01
4080,180,F,12403,107.49
4090,180,F,12440,92.44
4100,180,F,12476,90.07
4110,180,F,12512,89.98
4120,180,F,12548,90.02
4130,180,F,12582,84.98
4140,180,F,12612,75.01
4150,180,F,12649,92.49
4160,180,F,12685,90.00
4170,180,F,12723,95.01
4180,180,F,12760,92.48
4190,180,F,12796,90.02
4200,180,F,12834,94.98
4210,180,F,12871,92.52
4220,180,F,12907,89.99
4230,180,F,12944,92.48
4240,180,F,12981,92.52
4250,180,F,13018,92.49
4260,180,F,13056,95.02
4270,180,F,13092,89.97
4280,180,F,13129,92.53
4290,180,F,13165,89.97
4300,180,F,13202,92.50
4310,180,F,13239,92.51
4320,180,F,13275,90.02
4330,180,F,13313,94.96
4340,180,F,13350,92.54
4350,180,F,13387,92.49
4360,180,F,13423,90.01
4370,180,F,13459,89.97
4380,180,F,13495,90.03
4390,180,F,13530,87.47
4400,180,F,13566,90.01
4410,180,F,13600,84.98
4420,180,F,13635,87.52
4430,180,F,13670,87.52
4440,180,F,13704,84.97
4450,180,F,13740,90.00
4460,180,F,13774,85.01
4470,180,F,13809,87.49
4480,180,F,13846,92.51
4490,180,F,13882,89.98
4500,180,F,13918,90.03
4510,180,F,13955,92.49
4520,180,F,13991,90.01
4530,180,F,14028,92.50
4540,180,F,14063,87.49
4550,180,F,14099,90.01
4560,180,F,14135,89.97
4570,180,F,14170,87.51
4580,180,F,14206,90.02
4590,180,F,14242,90.00
4600,180,F,14278,90.00
4610,180,F,14314,89.98
4620,180,F,14349,87.50
4630,180,F,14385,90.00
4640,180,F,14421,90.02
4650,180,F,14457,89.98
4660,180,F,14493,90.00
4670,180,F,14530,92.49
4680,180,F,14567,92.51
4690,180,F,14602,87.51
4700,180,F,14639,92.51
4710,180,F,14674,87.48
4720,180,F,14709,87.50
4730,180,F,14746,92.49
4740,180,F,14784,95.01
4750,180,F,14826,105.03
4760,180,F,14862,90.00
4770,180,F,14898,90.00
4780,180,F,14934,89.99
4790,180,F,14969,87.47
4800,180,F,14999,75.01
4810,180,F,15035,90.02
4820,180,F,15071,89.98
4830,180,F,15109,95.03
4840,180,F,15146,92.44
4850,180,F,15182,90.04
4860,180,F,15220,95.00
4870,180,F,15256,90.03
4880,180,F,15293,92.50
4890,180,F,15330,92.49
4900,180,F,15367,92.48
4910,180,F,15404,92.51
4920,180,F,15441,92.50
4930,180,F,15478,92.52
4940,180,F,15514,89.97
4950,180,F,15551,92.49
4960,180,F,15587,90.04
4970,180,F,15623,89.98
4980,180,F,15661,94.99
4990,180,F,15697,90.00
5000,180,F,15735,95.01
5010,180,F,15772,92.51
5020,180,F,15808,90.01
5030,180,F,15845,92.50
5040,180,F,15880,87.48
5050,180,F,15915,87.48
5060,180,F,15951,90.03
5070,180,F,15986,87.43
5080,180,F,16021,87.58
5090,180,F,16056,87.48
5100,180,F,16089,82.51
5110,180,F,16125,89.98
5120,180,F,16159,85.00
5130,180,F,16194,87.53
5140,180,F,16230,89.99
5150,180,F,16266,90.00
5160,180,F,16303,92.48
5170,180,F,16339,90.03
5180,180,F,16376,92.48
5190,180,F,16412,89.99
5200,180,F,16448,89.96
5210,180,F,16483,87.55
5220,180,F,16519,89.98
5230,180,F,16555,90.01
5240,180,F,16590,87.50
5250,180,F,16626,90.00
5260,180,F,16662,89.98
5270,180,F,16698,90.04
5280,180,F,16734,90.00
5290,180,F,16769,87.48
5300,180,F,16805,90.00
5310,180,F,16841,90.01
5320,180,F,16877,89.99
5330,180,F,16914,92.49
5340,180,F,16950,90.02
5350,180,F,16986,90.01
5360,180,F,17022,89.98
5370,180,F,17058,90.00
5380,180,F,17094,90.02
5390,180,F,17129,87.47
5400,180,F,17166,92.50
5410,180,F,17209,107.50
5420,180,F,17246,92.52
5430,180,F,17282,89.99
5440,180,F,17318,90.02
5450,180,F,17354,89.97
5460,180,F,17387,82.52
5470,180,F,17419,79.99
5480,180,F,17456,92.50
5490,180,F,17492,89.98
=== END ===
# Trial 13 of 46: step_up_fwd_180_run05
=== START step_up_fwd_180_run05 ===
t_ms,pwm_cmd,dir,enc_count,rpm
0,0,N,0,0.00
10,0,N,0,0.00
20,0,N,0,0.00
30,0,N,0,0.00
40,0,N,0,0.00
50,0,N,0,0.00
60,0,N,0,0.00
70,0,N,0,0.00
80,0,N,0,0.00
90,0,N,0,0.00
100,0,N,0,0.00
110,0,N,0,0.00
120,0,N,0,0.00
130,0,N,0,0.00
140,0,N,0,0.00
150,0,N,0,0.00
160,0,N,0,0.00
170,0,N,0,0.00
180,0,N,0,0.00
190,0,N,0,0.00
200,0,N,0,0.00
210,0,N,0,0.00
220,0,N,0,0.00
230,0,N,0,0.00
240,0,N,0,0.00
250,0,N,0,0.00
260,0,N,0,0.00
270,0,N,0,0.00
280,0,N,0,0.00
290,0,N,0,0.00
300,0,N,0,0.00
310,0,N,0,0.00
320,0,N,0,0.00
330,0,N,0,0.00
340,0,N,0,0.00
350,0,N,0,0.00
360,0,N,0,0.00
370,0,N,0,0.00
380,0,N,0,0.00
390,0,N,0,0.00
400,0,N,0,0.00
410,0,N,0,0.00
420,0,N,0,0.00
430,0,N,0,0.00
440,0,N,0,0.00
450,0,N,0,0.00
460,0,N,0,0.00
470,0,N,0,0.00
480,0,N,0,0.00
490,0,N,0,0.00
500,180,F,0,0.00
510,180,F,2,5.00
520,180,F,8,15.00
530,180,F,17,22.50
540,180,F,28,27.50
550,180,F,43,37.49
560,180,F,59,40.00
570,180,F,78,47.49
580,180,F,98,50.01
590,180,F,120,55.00
600,180,F,144,60.02
610,180,F,168,59.99
620,180,F,194,65.01
630,180,F,220,64.99
640,180,F,248,69.99
650,180,F,275,67.51
660,180,F,304,72.51
670,180,F,333,72.48
680,180,F,361,70.01
690,180,F,391,74.99
700,180,F,421,75.01
710,180,F,450,72.49
720,180,F,480,75.01
730,180,F,511,77.48
740,180,F,542,77.51
750,180,F,572,75.00
760,180,F,604,80.02
770,180,F,635,77.45
780,180,F,667,80.04
790,180,F,699,79.98
800,180,F,733,85.02
810,180,F,766,82.48
820,180,F,800,85.01
830,180,F,834,84.99
840,180,F,867,82.51
850,180,F,902,87.52
860,180,F,935,82.48
870,180,F,969,85.00
880,180,F,1003,85.01
890,180,F,1037,85.00
900,180,F,1071,85.01
910,180,F,1105,84.98
920,180,F,1140,87.48
930,180,F,1174,85.02
940,180,F,1209,87.50
950,180,F,1242,82.52
960,180,F,1276,84.98
970,180,F,1312,90.00
980,180,F,1346,85.02
990,180,F,1382,89.97
1000,180,F,1417,87.53
1010,180,F,1452,87.49
1020,180,F,1487,87.48
1030,180,F,1523,90.02
1040,180,F,1557,84.98
1050,180,F,1592,87.52
1060,180,F,1627,87.51
1070,180,F,1665,95.00
1080,180,F,1706,102.48
1090,180,F,1741,87.51
1100,180,F,1776,87.49
1110,180,F,1812,89.99
1120,180,F,1846,85.00
1130,180,F,1875,72.50
1140,180,F,1912,92.48
1150,180,F,1948,90.03
1160,180,F,1984,90.01
1170,180,F,2021,92.49
1180,180,F,2058,92.50
1190,180,F,2094,90.00
1200,180,F,2130,90.00
1210,180,F,2167,92.49
1220,180,F,2203,90.03
1230,180,F,2239,89.97
1240,180,F,2276,92.51
1250,180,F,2313,92.50
1260,180,F,2349,89.99
1270,180,F,2385,90.03
1280,180,F,2422,92.49
1290,180,F,2457,87.48
1300,180,F,2493,90.01
1310,180,F,2530,92.51
1320,180,F,2566,89.98
1330,180,F,2604,95.03
1340,180,F,2640,90.00
1350,180,F,2676,89.99
1360,180,F,2713,92.48
1370,180,F,2748,87.53
1380,180,F,2783,87.47
1390,180,F,2819,90.02
1400,180,F,2853,84.98
1410,180,F,2888,87.51
1420,180,F,2923,87.49
1430,180,F,2957,85.00
1440,180,F,2991,85.02
1450,180,F,3026,87.49
1460,180,F,3060,85.01
1470,180,F,3096,89.94
1480,180,F,3132,90.04
1490,180,F,3167,87.51
1500,180,F,3204,92.51
1510,180,F,3241,92.50
1520,180,F,3276,87.52
1530,180,F,3313,92.47
1540,180,F,3348,87.52
1550,180,F,3383,87.51
1560,180,F,3419,89.98
1570,180,F,3455,90.00
1580,180,F,3491,89.99
1590,180,F,3527,90.02
1600,180,F,3562,87.50
1610,180,F,3598,89.99
1620,180,F,3633,87.49
1630,180,F,3669,89.99
1640,180,F,3704,87.51
1650,180,F,3740,90.02
1660,180,F,3776,89.99
1670,180,F,3813,92.52
1680,180,F,3849,89.98
1690,180,F,3885,89.99
1700,180,F,3921,90.02
1710,180,F,3956,87.48
1720,180,F,3992,90.02
1730,180,F,4028,90.01
1740,180,F,4065,92.47
1750,180,F,4107,105.02
1760,180,F,4144,92.51
1770,180,F,4179,87.50
1780,180,F,4215,89.98
1790,180,F,4249,85.02
1800,180,F,4279,75.00
1810,180,F,4316,92.47
1820,180,F,4352,90.01
1830,180,F,4389,92.50
1840,180,F,4426,92.49
1850,180,F,4463,92.50
1860,180,F,4500,92.49
1870,180,F,4536,90.02
1880,180,F,4573,92.52
1890,180,F,4609,90.00
1900,180,F,4646,92.47
1910,180,F,4683,92.51
1920,180,F,4720,92.49
1930,180,F,4757,92.51
1940,180,F,4793,90.00
1950,180,F,4830,92.51
1960,180,F,4866,89.99
1970,180,F,4903,92.52
1980,180,F,4940,92.48
1990,180,F,4976,90.02
2000,180,F,5014,94.98
2010,180,F,5051,92.50
2020,180,F,5087,90.00
2030,180,F,5124,92.52
2040,180,F,5159,87.48
2050,180,F,5195,89.97
2060,180,F,5230,87.52
2070,180,F,5265,87.53
2080,180,F,5300,87.47
2090,180,F,5335,87.50
2100,180,F,5369,85.01
2110,180,F,5404,87.51
2120,180,F,5438,84.98
2130,180,F,5474,90.02
2140,180,F,5509,87.51
2150,180,F,5545,89.98
2160,180,F,5582,92.50
2170,180,F,5619,92.49
2180,180,F,5655,90.03
2190,180,F,5691,90.00
2200,180,F,5727,90.00
2210,180,F,5763,89.97
2220,180,F,5799,89.99
2230,180,F,5834,87.51
2240,180,F,5870,90.01
2250,180,F,5906,90.00
2260,180,F,5942,89.99
2270,180,F,5977,87.50
2280,180,F,6014,92.50
2290,180,F,6049,87.51
2300,180,F,6084,87.51
2310,180,F,6121,92.51
2320,180,F,6157,89.98
2330,180,F,6194,92.50
2340,180,F,6230,90.01
2350,180,F,6266,89.99
2360,180,F,6302,90.01
2370,180,F,6338,89.98
2380,180,F,6374,90.01
2390,180,F,6409,87.49
2400,180,F,6445,90.02
2410,180,F,6487,104.99
2420,180,F,6526,97.49
2430,180,F,6562,90.00
2440,180,F,6597,87.52
2450,180,F,6633,90.01
2460,180,F,6662,72.50
2470,180,F,6698,89.98
2480,180,F,6735,92.49
2490,180,F,6771,90.01
2500,180,F,6809,94.99
2510,180,F,6846,92.50
2520,180,F,6882,90.03
2530,180,F,6920,95.00
2540,180,F,6956,90.00
2550,180,F,6993,92.48
2560,180,F,7030,92.48
2570,180,F,7067,92.52
2580,180,F,7104,92.52
2590,180,F,7141,92.47
2600,180,F,7177,90.01
2610,180,F,7214,92.50
2620,180,F,7250,90.02
2630,180,F,7287,92.49
2640,180,F,7324,92.49
2650,180,F,7360,90.00
2660,180,F,7398,95.01
2670,180,F,7435,92.47
2680,180,F,7471,90.04
2690,180,F,7508,92.49
2700,180,F,7543,87.48
2710,180,F,7579,90.01
2720,180,F,7615,90.02
2730,180,F,7650,87.48
2740,180,F,7684,85.01
2750,180,F,7719,87.48
2760,180,F,7754,87.52
2770,180,F,7788,84.97
2780,180,F,7823,87.54
2790,180,F,7858,87.50
2800,180,F,7894,90.00
2810,180,F,7930,89.98
2820,180,F,7966,89.99
2830,180,F,8003,92.51
2840,180,F,8040,92.50
2850,180,F,8076,89.99
2860,180,F,8112,90.02
2870,180,F,8148,90.00
2880,180,F,8184,90.00
2890,180,F,8220,90.01
2900,180,F,8256,89.98
2910,180,F,8292,90.01
2920,180,F,8328,90.00
2930,180,F,8364,90.00
2940,180,F,8401,92.51
2950,180,F,8436,87.48
2960,180,F,8472,90.01
2970,180,F,8509,92.49
2980,180,F,8545,90.01
2990,180,F,8582,92.51
3000,180,F,8619,92.46
3010,180,F,8656,92.51
3020,180,F,8691,87.49
3030,180,F,8728,92.52
3040,180,F,8763,87.49
3050,180,F,8799,90.00
3060,180,F,8836,92.51
3070,180,F,8872,90.01
3080,180,F,8909,92.51
3090,180,F,8946,92.47
3100,180,F,8981,87.52
3110,180,F,9018,92.51
3120,180,F,9054,89.98
3130,180,F,9091,92.50
3140,180,F,9128,92.50
3150,180,F,9165,92.52
3160,180,F,9202,92.48
3170,180,F,9240,95.02
3180,180,F,9276,89.99
3190,180,F,9314,95.01
3200,180,F,9350,90.00
3210,180,F,9386,90.00
3220,180,F,9423,92.48
3230,180,F,9460,92.52
3240,180,F,9497,92.48
3250,180,F,9534,92.52
3260,180,F,9570,89.99
3270,180,F,9606,89.99
3280,180,F,9642,89.98
3290,180,F,9677,87.54
3300,180,F,9714,92.48
3310,180,F,9750,89.99
3320,180,F,9786,90.00
3330,180,F,9823,92.51
3340,180,F,9859,90.00
3350,180,F,9894,87.50
3360,180,F,9930,90.01
3370,180,F,9965,87.51
3380,180,F,10000,87.43
3390,180,F,10034,85.06
3400,180,F,10068,84.99
3410,180,F,10102,85.00
3420,180,F,10136,85.00
3430,180,F,10170,85.00
3440,180,F,10205,87.51
3450,180,F,10239,85.00
3460,180,F,10273,84.99
3470,180,F,10309,90.00
3480,180,F,10344,87.51
3490,180,F,10381,92.50
3500,180,F,10417,89.99
3510,180,F,10453,90.00
3520,180,F,10489,89.96
3530,180,F,10524,87.53
3540,180,F,10560,90.01
3550,180,F,10596,90.01
3560,180,F,10632,90.01
3570,180,F,10667,87.50
3580,180,F,10703,89.99
3590,180,F,10740,92.51
3600,180,F,10775,87.49
3610,180,F,10812,92.47
3620,180,F,10847,87.53
3630,180,F,10883,90.01
3640,180,F,10921,94.96
3650,180,F,10957,90.01
3660,180,F,10995,95.00
3670,180,F,11032,92.50
3680,180,F,11068,90.03
3690,180,F,11106,95.00
3700,180,F,11142,89.99
3710,180,F,11178,89.99
3720,180,F,11214,90.00
3730,180,F,11250,89.99
3740,180,F,11288,95.02
3750,180,F,11325,92.49
3760,180,F,11361,90.00
3770,180,F,11398,92.51
3780,180,F,11434,90.01
3790,180,F,11472,94.99
3800,180,F,11509,92.47
3810,180,F,11546,92.51
3820,180,F,11584,95.01
3830,180,F,11621,92.50
3840,180,F,11659,95.02
3850,180,F,11696,92.49
3860,180,F,11733,92.48
3870,180,F,11771,95.03
3880,180,F,11808,92.47
3890,180,F,11845,92.52
3900,180,F,11882,92.47
3910,180,F,11920,95.01
3920,180,F,11956,90.00
3930,180,F,11993,92.53
3940,180,F,12030,92.46
3950,180,F,12066,90.04
3960,180,F,12102,89.98
3970,180,F,12140,95.00
3980,180,F,12176,90.02
3990,180,F,12213,92.50
4000,180,F,12250,92.48
4010,180,F,12286,90.01
4020,180,F,12323,92.44
4030,180,F,12358,87.54
4040,180,F,12393,87.50
4050,180,F,12428,87.53
4060,180,F,12462,84.99
4070,180,F,12497,87.50
4080,180,F,12532,87.50
4090,180,F,12566,85.00
4100,180,F,12601,87.49
4110,180,F,12636,87.52
4120,180,F,12671,87.49
4130,180,F,12707,90.00
4140,180,F,12742,87.50
4150,180,F,12779,92.51
4160,180,F,12816,92.48
4170,180,F,12853,92.50
4180,180,F,12889,90.02
4190,180,F,12925,90.00
4200,180,F,12961,89.96
4210,180,F,12997,90.02
4220,180,F,13033,90.00
4230,180,F,13069,90.01
4240,180,F,13106,92.50
4250,180,F,13142,89.99
4260,180,F,13178,90.01
4270,180,F,13214,90.01
4280,180,F,13250,89.98
4290,180,F,13287,92.49
4300,180,F,13324,92.52
4310,180,F,13361,92.48
4320,180,F,13398,92.50
4330,180,F,13436,95.03
4340,180,F,13472,90.00
4350,180,F,13510,94.98
4360,180,F,13547,92.45
4370,180,F,13583,90.05
4380,180,F,13620,92.51
4390,180,F,13656,89.97
4400,180,F,13694,95.01
4410,180,F,13732,95.01
4420,180,F,13767,87.46
4430,180,F,13804,92.56
4440,180,F,13841,92.50
4450,180,F,13877,89.97
4460,180,F,13915,95.00
4470,180,F,13952,92.52
4480,180,F,13991,97.49
4490,180,F,14028,92.51
4500,180,F,14065,92.49
4510,180,F,14103,95.02
4520,180,F,14140,92.48
4530,180,F,14178,94.98
4540,180,F,14215,92.52
4550,180,F,14252,92.50
4560,180,F,14290,95.01
4570,180,F,14327,92.50
4580,180,F,14364,92.48
4590,180,F,14401,92.49
4600,180,F,14437,90.02
4610,180,F,14474,92.51
4620,180,F,14511,92.49
4630,180,F,14548,92.50
4640,180,F,14585,92.48
4650,180,F,14622,92.53
4660,180,F,14659,92.51
4670,180,F,14695,89.99
4680,180,F,14731,89.99
4690,180,F,14767,90.01
4700,180,F,14802,87.50
4710,180,F,14837,87.50
4720,180,F,14872,87.49
4730,180,F,14907,87.48
4740,180,F,14941,85.03
4750,180,F,14976,87.48
4760,180,F,15011,87.52
4770,180,F,15045,85.00
4780,180,F,15081,90.00
4790,180,F,15117,89.99
4800,180,F,15153,90.01
4810,180,F,15190,92.49
4820,180,F,15227,92.50
4830,180,F,15263,90.01
4840,180,F,15300,92.47
4850,180,F,15335,87.52
4860,180,F,15371,90.01
4870,180,F,15408,92.48
4880,180,F,15443,87.50
4890,180,F,15480,92.51
4900,180,F,15516,89.99
4910,180,F,15553,92.50
4920,180,F,15589,90.01
4930,180,F,15625,89.98
4940,180,F,15661,90.01
4950,180,F,15698,92.49
4960,180,F,15735,92.49
4970,180,F,15772,92.54
4980,180,F,15809,92.46
4990,180,F,15846,92.52
5000,180,F,15883,92.50
5010,180,F,15920,92.51
5020,180,F,15956,89.98
5030,180,F,15993,92.50
5040,180,F,16030,92.50
5050,180,F,16072,105.01
5060,180,F,16111,97.49
5070,180,F,16148,92.49
5080,180,F,16183,87.51
5090,180,F,16214,77.51
5100,180,F,16250,90.01
5110,180,F,16287,92.48
5120,180,F,16325,95.03
5130,180,F,16362,92.50
5140,180,F,16401,97.45
5150,180,F,16438,92.52
5160,180,F,16475,92.49
5170,180,F,16514,97.51
5180,180,F,16551,92.51
5190,180,F,16588,92.52
5200,180,F,16626,94.97
5210,180,F,16663,92.51
5220,180,F,16701,95.02
5230,180,F,16738,92.49
5240,180,F,16775,92.47
5250,180,F,16812,92.51
5260,180,F,16848,90.00
5270,180,F,16885,92.53
5280,180,F,16923,94.98
5290,180,F,16959,90.01
5300,180,F,16997,94.99
5310,180,F,17034,92.50
5320,180,F,17070,90.02
5330,180,F,17107,92.47
5340,180,F,17143,90.03
5350,180,F,17179,89.97
5360,180,F,17214,87.53
5370,180,F,17249,87.49
5380,180,F,17284,87.49
5390,180,F,17319,87.51
5400,180,F,17354,87.50
5410,180,F,17389,87.50
5420,180,F,17424,87.49
5430,180,F,17459,87.51
5440,180,F,17495,90.01
5450,180,F,17531,89.97
5460,180,F,17567,90.00
5470,180,F,17605,95.00
5480,180,F,17642,92.49
5490,180,F,17678,90.02
5500,180,F,17714,90.01
=== END ===
# Trial 14 of 46: step_up_fwd_220_run01
=== START step_up_fwd_220_run01 ===
t_ms,pwm_cmd,dir,enc_count,rpm
0,0,N,0,0.00
10,0,N,0,0.00
20,0,N,0,0.00
30,0,N,0,0.00
40,0,N,0,0.00
50,0,N,0,0.00
60,0,N,0,0.00
70,0,N,0,0.00
80,0,N,0,0.00
90,0,N,0,0.00
100,0,N,0,0.00
110,0,N,0,0.00
120,0,N,0,0.00
130,0,N,0,0.00
140,0,N,0,0.00
150,0,N,0,0.00
160,0,N,0,0.00
170,0,N,0,0.00
180,0,N,0,0.00
190,0,N,0,0.00
200,0,N,0,0.00
210,0,N,0,0.00
220,0,N,0,0.00
230,0,N,0,0.00
240,0,N,0,0.00
250,0,N,0,0.00
260,0,N,0,0.00
270,0,N,0,0.00
280,0,N,0,0.00
290,0,N,0,0.00
300,0,N,0,0.00
310,0,N,0,0.00
320,0,N,0,0.00
330,0,N,0,0.00
340,0,N,0,0.00
350,0,N,0,0.00
360,0,N,0,0.00
370,0,N,0,0.00
380,0,N,0,0.00
390,0,N,0,0.00
400,0,N,0,0.00
410,0,N,0,0.00
420,0,N,0,0.00
430,0,N,0,0.00
440,0,N,0,0.00
450,0,N,0,0.00
460,0,N,0,0.00
470,0,N,0,0.00
480,0,N,0,0.00
490,0,N,0,0.00
500,220,F,0,0.00
510,220,F,3,7.50
520,220,F,12,22.50
530,220,F,26,34.99
540,220,F,45,47.50
550,220,F,68,57.51
560,220,F,97,72.50
570,220,F,129,80.02
580,220,F,165,89.98
590,220,F,204,97.52
600,220,F,246,105.00
610,220,F,290,109.98
620,220,F,337,117.51
630,220,F,393,139.99
640,220,F,442,122.51
650,220,F,495,132.47
660,220,F,545,125.00
670,220,F,596,127.50
680,220,F,654,144.99
690,220,F,713,147.50
700,220,F,772,147.51
710,220,F,833,152.50
720,220,F,893,149.99
730,220,F,956,157.56
740,220,F,1019,157.47
750,220,F,1082,157.53
760,220,F,1145,157.48
770,220,F,1209,160.02
780,220,F,1274,162.44
790,220,F,1341,167.57
800,220,F,1407,165.00
810,220,F,1472,162.50
820,220,F,1537,162.47
830,220,F,1601,160.00
840,220,F,1664,157.52
850,220,F,1729,162.52
860,220,F,1793,160.00
870,220,F,1860,167.47
880,220,F,1928,169.98
890,220,F,1995,167.55
900,220,F,2062,167.47
910,220,F,2129,167.53
920,220,F,2197,169.95
930,220,F,2265,170.02
940,220,F,2333,170.02
950,220,F,2401,170.00
960,220,F,2471,174.98
970,220,F,2542,177.52
980,220,F,2612,174.95
990,220,F,2681,172.53
1000,220,F,2752,177.54
1010,220,F,2828,189.98
1020,220,F,2896,170.02
1030,220,F,2958,155.00
1040,220,F,3027,172.50
1050,220,F,3097,174.97
1060,220,F,3167,174.98
1070,220,F,3237,175.00
1080,220,F,3306,172.55
1090,220,F,3377,177.48
1100,220,F,3447,174.97
1110,220,F,3517,175.00
1120,220,F,3586,172.52
1130,220,F,3657,177.50
1140,220,F,3728,177.52
1150,220,F,3798,174.97
1160,220,F,3868,174.98
1170,220,F,3936,170.03
1180,220,F,4003,167.48
1190,220,F,4069,165.02
1200,220,F,4136,167.48
1210,220,F,4204,170.02
1220,220,F,4273,172.52
1230,220,F,4344,177.46
1240,220,F,4413,172.55
1250,220,F,4481,170.00
1260,220,F,4550,172.47
1270,220,F,4619,172.53
1280,220,F,4689,174.84
1290,220,F,4758,172.62
1300,220,F,4829,177.50
1310,220,F,4900,177.50
1320,220,F,4972,180.04
1330,220,F,5043,177.46
1340,220,F,5112,172.52
1350,220,F,5189,192.46
1360,220,F,5261,180.04
1370,220,F,5328,167.50
1380,220,F,5391,157.50
1390,220,F,5462,177.52
1400,220,F,5533,177.48
1410,220,F,5604,177.52
1420,220,F,5674,174.95
1430,220,F,5745,177.52
1440,220,F,5815,174.98
1450,220,F,5885,175.02
1460,220,F,5956,177.54
1470,220,F,6026,175.00
1480,220,F,6097,177.48
1490,220,F,6169,179.96
1500,220,F,6239,175.05
1510,220,F,6308,172.45
1520,220,F,6375,167.50
1530,220,F,6443,170.05
1540,220,F,6510,167.47
1550,220,F,6577,167.48
1560,220,F,6646,172.52
1570,220,F,6716,175.02
1580,220,F,6786,174.97
1590,220,F,6855,172.48
1600,220,F,6925,174.91
1610,220,F,6994,172.64
1620,220,F,7063,172.48
1630,220,F,7133,175.04
1640,220,F,7203,174.98
1650,220,F,7274,177.50
1660,220,F,7346,180.00
1670,220,F,7417,177.46
1680,220,F,7487,175.05
1690,220,F,7560,182.46
1700,220,F,7636,190.02
1710,220,F,7705,172.52
1720,220,F,7767,154.98
1730,220,F,7837,175.02
1740,220,F,7908,177.45
1750,220,F,7978,175.04
1760,220,F,8049,177.52
1770,220,F,8119,174.97
1780,220,F,8190,177.54
1790,220,F,8261,177.50
1800,220,F,8332,177.50
1810,220,F,8401,172.45
1820,220,F,8472,177.48
1830,220,F,8545,182.55
1840,220,F,8615,174.95
1850,220,F,8685,175.05
1860,220,F,8753,169.95
1870,220,F,8820,167.52
1880,220,F,8887,167.48
1890,220,F,8954,167.52
1900,220,F,9023,172.53
1910,220,F,9093,175.02
1920,220,F,9164,177.46
1930,220,F,9233,172.47
1940,220,F,9301,170.00
1950,220,F,9371,175.07
1960,220,F,9441,175.00
1970,220,F,9511,174.98
1980,220,F,9580,172.50
1990,220,F,9651,177.48
2000,220,F,9723,179.98
2010,220,F,9794,177.55
2020,220,F,9865,177.43
2030,220,F,9935,175.02
2040,220,F,10014,197.52
2050,220,F,10083,172.52
2060,220,F,10149,164.98
2070,220,F,10214,162.52
2080,220,F,10285,177.50
2090,220,F,10357,180.00
2100,220,F,10428,177.50
2110,220,F,10497,172.52
2120,220,F,10568,177.48
2130,220,F,10639,177.48
2140,220,F,10709,175.00
2150,220,F,10779,174.98
2160,220,F,10851,179.98
2170,220,F,10922,177.57
2180,220,F,10993,177.45
2190,220,F,11063,175.04
2200,220,F,11132,172.48
2210,220,F,11199,167.52
2220,220,F,11266,167.48
2230,220,F,11334,169.88
2240,220,F,11401,167.65
2250,220,F,11471,174.93
2260,220,F,11542,177.55
2270,220,F,11611,172.52
2280,220,F,11680,172.45
2290,220,F,11749,172.53
2300,220,F,11818,172.47
2310,220,F,11888,175.02
2320,220,F,11958,175.00
2330,220,F,12029,177.48
2340,220,F,12100,177.55
2350,220,F,12172,179.98
2360,220,F,12243,177.52
2370,220,F,12313,175.00
2380,220,F,12388,187.48
2390,220,F,12462,185.00
2400,220,F,12529,167.47
2410,220,F,12592,157.50
2420,220,F,12663,177.50
2430,220,F,12734,177.52
2440,220,F,12805,177.54
2450,220,F,12875,174.97
2460,220,F,12946,177.52
2470,220,F,13017,177.50
2480,220,F,13087,174.97
2490,220,F,13158,177.55
2500,220,F,13229,177.38
2510,220,F,13300,177.61
2520,220,F,13372,180.00
2530,220,F,13442,175.00
2540,220,F,13511,172.48
2550,220,F,13579,169.98
2560,220,F,13646,167.50
2570,220,F,13714,170.02
2580,220,F,13781,167.47
2590,220,F,13850,172.52
2600,220,F,13921,177.52
2610,220,F,13991,174.98
2620,220,F,14060,172.55
2630,220,F,14129,172.48
2640,220,F,14199,174.98
2650,220,F,14268,172.50
2660,220,F,14338,175.02
2670,220,F,14408,175.00
2680,220,F,14479,177.52
2690,220,F,14552,182.43
2700,220,F,14623,177.52
2710,220,F,14694,177.41
2720,220,F,14767,182.63
2730,220,F,14843,189.96
2740,220,F,14911,170.00
2750,220,F,14973,155.02
2760,220,F,15044,177.46
2770,220,F,15115,177.54
2780,220,F,15186,177.48
2790,220,F,15257,177.50
2800,220,F,15327,174.98
2810,220,F,15398,177.55
2820,220,F,15469,177.52
2830,220,F,15539,174.97
2840,220,F,15609,175.04
2850,220,F,15681,180.00
2860,220,F,15753,179.98
2870,220,F,15824,177.46
2880,220,F,15893,172.52
2890,220,F,15961,170.02
2900,220,F,16029,169.98
2910,220,F,16095,165.03
2920,220,F,16163,169.97
2930,220,F,16232,172.52
2940,220,F,16302,174.97
2950,220,F,16372,175.05
2960,220,F,16442,174.95
2970,220,F,16511,172.55
2980,220,F,16580,172.47
2990,220,F,16650,175.00
3000,220,F,16720,174.98
3010,220,F,16790,174.93
3020,220,F,16861,177.57
3030,220,F,16933,180.02
3040,220,F,17005,179.98
3050,220,F,17075,175.04
3060,220,F,17146,177.48
3070,220,F,17224,195.04
3080,220,F,17294,175.00
3090,220,F,17355,152.45
3100,220,F,17426,177.54
3110,220,F,17497,177.48
3120,220,F,17568,177.50
3130,220,F,17639,177.46
3140,220,F,17709,175.02
3150,220,F,17780,177.54
3160,220,F,17851,177.46
3170,220,F,17922,177.50
3180,220,F,17992,174.90
3190,220,F,18062,175.16
3200,220,F,18135,182.48
3210,220,F,18205,175.02
3220,220,F,18275,174.98
3230,220,F,18344,172.48
3240,220,F,18412,169.93
3250,220,F,18478,165.07
3260,220,F,18546,169.88
3270,220,F,18614,170.12
3280,220,F,18684,174.98
3290,220,F,18755,177.48
3300,220,F,18824,172.55
3310,220,F,18893,172.47
3320,220,F,18962,172.50
3330,220,F,19032,175.00
3340,220,F,19102,175.02
3350,220,F,19172,175.00
3360,220,F,19243,177.46
3370,220,F,19315,180.04
3380,220,F,19386,177.46
3390,220,F,19458,180.04
3400,220,F,19528,174.98
3410,220,F,19605,192.54
3420,220,F,19676,177.48
3430,220,F,19741,162.53
3440,220,F,19807,164.95
3450,220,F,19878,177.50
3460,220,F,19950,180.00
3470,220,F,20021,177.50
3480,220,F,20091,175.04
3490,220,F,20161,175.02
3500,220,F,20233,179.95
3510,220,F,20303,175.02
3520,220,F,20373,174.98
3530,220,F,20445,179.93
3540,220,F,20516,177.62
3550,220,F,20587,177.45
3560,220,F,20657,175.02
3570,220,F,20726,172.52
3580,220,F,20794,169.98
3590,220,F,20861,167.52
3600,220,F,20929,170.02
3610,220,F,20996,167.47
3620,220,F,21066,175.04
3630,220,F,21137,177.50
3640,220,F,21206,172.48
3650,220,F,21276,175.02
3660,220,F,21345,172.47
3670,220,F,21414,172.48
3680,220,F,21484,175.04
3690,220,F,21554,174.97
3700,220,F,21625,177.55
3710,220,F,21697,180.00
3720,220,F,21769,180.00
3730,220,F,21840,177.45
3740,220,F,21910,175.05
3750,220,F,21985,187.50
3760,220,F,22059,184.94
3770,220,F,22125,165.00
3780,220,F,22190,162.52
3790,220,F,22261,177.50
3800,220,F,22333,179.87
3810,220,F,22403,175.14
3820,220,F,22474,177.50
3830,220,F,22545,177.52
3840,220,F,22616,177.48
3850,220,F,22686,175.00
3860,220,F,22757,177.50
3870,220,F,22827,174.97
3880,220,F,22899,180.02
3890,220,F,22971,180.00
3900,220,F,23042,177.52
3910,220,F,23110,169.97
3920,220,F,23179,172.50
3930,220,F,23246,167.52
3940,220,F,23313,167.50
3950,220,F,23381,170.03
3960,220,F,23450,172.47
3970,220,F,23521,177.50
3980,220,F,23591,175.02
3990,220,F,23660,172.50
4000,220,F,23730,175.02
4010,220,F,23799,172.45
4020,220,F,23869,175.05
4030,220,F,23939,174.95
4040,220,F,24009,175.04
4050,220,F,24081,180.02
4060,220,F,24153,179.98
4070,220,F,24225,180.00
4080,220,F,24295,174.98
4090,220,F,24368,182.54
4100,220,F,24445,192.46
4110,220,F,24512,167.50
4120,220,F,24576,160.02
4130,220,F,24647,177.48
4140,220,F,24718,177.46
4150,220,F,24788,175.05
4160,220,F,24859,177.48
4170,220,F,24930,177.54
4180,220,F,25001,177.43
4190,220,F,25072,177.57
4200,220,F,25142,174.97
4210,220,F,25212,175.02
4220,220,F,25284,179.96
4230,220,F,25356,180.04
4240,220,F,25427,177.48
4250,220,F,25496,172.53
4260,220,F,25564,169.98
4270,220,F,25632,169.95
4280,220,F,25699,167.53
4290,220,F,25766,167.53
4300,220,F,25836,174.98
4310,220,F,25906,174.98
4320,220,F,25976,174.98
4330,220,F,26045,172.55
4340,220,F,26115,174.93
4350,220,F,26184,172.53
4360,220,F,26254,174.98
4370,220,F,26325,177.45
4380,220,F,26394,172.60
4390,220,F,26465,177.46
4400,220,F,26538,182.50
4410,220,F,26610,180.02
4420,220,F,26680,175.00
4430,220,F,26751,177.50
4440,220,F,26829,194.96
4450,220,F,26898,172.52
4460,220,F,26961,157.53
4470,220,F,27032,177.41
4480,220,F,27103,177.57
4490,220,F,27174,177.48
4500,220,F,27245,177.54
4510,220,F,27315,175.00
4520,220,F,27386,177.45
4530,220,F,27457,177.54
4540,220,F,27528,177.50
4550,220,F,27597,172.52
4560,220,F,27669,180.00
4570,220,F,27741,180.00
4580,220,F,27812,177.43
4590,220,F,27882,175.04
4600,220,F,27951,172.48
4610,220,F,28018,167.53
4620,220,F,28085,167.47
4630,220,F,28152,167.48
4640,220,F,28221,172.57
4650,220,F,28291,174.97
4660,220,F,28362,177.50
4670,220,F,28432,175.04
4680,220,F,28501,172.48
4690,220,F,28570,172.47
4700,220,F,28640,175.00
4710,220,F,28710,175.02
4720,220,F,28780,175.02
4730,220,F,28851,177.52
4740,220,F,28924,182.39
4750,220,F,28995,177.59
4760,220,F,29066,177.48
4770,220,F,29137,177.54
4780,220,F,29214,192.44
4790,220,F,29285,177.52
4800,220,F,29347,155.03
4810,220,F,29417,174.93
4820,220,F,29488,177.52
4830,220,F,29560,180.05
4840,220,F,29631,177.46
4850,220,F,29701,175.02
4860,220,F,29772,177.46
4870,220,F,29843,177.50
4880,220,F,29913,175.04
4890,220,F,29984,177.48
4900,220,F,30055,177.48
4910,220,F,30127,180.00
4920,220,F,30198,177.52
4930,220,F,30268,175.02
4940,220,F,30337,172.52
4950,220,F,30405,169.97
4960,220,F,30472,167.50
4970,220,F,30539,167.48
4980,220,F,30608,172.53
4990,220,F,30677,172.50
5000,220,F,30749,179.95
5010,220,F,30819,175.07
5020,220,F,30888,172.48
5030,220,F,30957,172.50
5040,220,F,31027,174.97
5050,220,F,31097,175.04
5060,220,F,31167,175.00
5070,220,F,31238,177.48
5080,220,F,31310,180.00
5090,220,F,31382,179.98
5100,220,F,31453,177.50
5110,220,F,31523,175.04
5120,220,F,31600,192.48
5130,220,F,31673,182.48
5140,220,F,31737,160.00
5150,220,F,31804,167.55
5160,220,F,31876,179.96
5170,220,F,31948,180.04
5180,220,F,32019,177.46
5190,220,F,32089,175.02
5200,220,F,32160,177.48
5210,220,F,32231,177.52
5220,220,F,32301,174.97
5230,220,F,32372,177.55
5240,220,F,32443,177.46
5250,220,F,32515,179.96
5260,220,F,32586,177.57
5270,220,F,32657,177.48
5280,220,F,32726,172.50
5290,220,F,32794,170.00
5300,220,F,32862,169.93
5310,220,F,32930,169.97
5320,220,F,32997,167.55
5330,220,F,33067,175.00
5340,220,F,33138,177.55
5350,220,F,33208,174.97
5360,220,F,33277,172.52
5370,220,F,33347,175.02
5380,220,F,33417,174.93
5390,220,F,33486,172.59
5400,220,F,33557,177.48
5410,220,F,33628,177.52
5420,220,F,33700,179.95
5430,220,F,33772,180.00
5440,220,F,33843,177.55
5450,220,F,33913,174.98
5460,220,F,33990,192.46
5470,220,F,34064,185.02
5480,220,F,34130,165.00
5490,220,F,34194,159.97
5500,220,F,34266,179.95
=== END ===
# Trial 15 of 46: step_up_fwd_220_run02
=== START step_up_fwd_220_run02 ===
t_ms,pwm_cmd,dir,enc_count,rpm
0,0,N,0,0.00
10,0,N,0,0.00
20,0,N,0,0.00
30,0,N,0,0.00
40,0,N,0,0.00
50,0,N,0,0.00
60,0,N,0,0.00
70,0,N,0,0.00
80,0,N,0,0.00
90,0,N,0,0.00
100,0,N,0,0.00
110,0,N,0,0.00
120,0,N,0,0.00
130,0,N,0,0.00
140,0,N,0,0.00
150,0,N,0,0.00
160,0,N,0,0.00
170,0,N,0,0.00
180,0,N,0,0.00
190,0,N,0,0.00
200,0,N,0,0.00
210,0,N,0,0.00
220,0,N,0,0.00
230,0,N,0,0.00
240,0,N,0,0.00
250,0,N,0,0.00
260,0,N,0,0.00
270,0,N,0,0.00
280,0,N,0,0.00
290,0,N,0,0.00
300,0,N,0,0.00
310,0,N,0,0.00
320,0,N,0,0.00
330,0,N,0,0.00
340,0,N,0,0.00
350,0,N,0,0.00
360,0,N,0,0.00
370,0,N,0,0.00
380,0,N,0,0.00
390,0,N,0,0.00
400,0,N,0,0.00
410,0,N,0,0.00
420,0,N,0,0.00
430,0,N,0,0.00
440,0,N,0,0.00
450,0,N,0,0.00
460,0,N,0,0.00
470,0,N,0,0.00
480,0,N,0,0.00
490,0,N,0,0.00
500,220,F,0,0.00
510,220,F,3,7.50
520,220,F,12,22.50
530,220,F,25,32.50
540,220,F,43,45.00
550,220,F,66,57.51
560,220,F,92,64.99
570,220,F,123,77.52
580,220,F,157,84.99
590,220,F,195,95.01
600,220,F,236,102.48
610,220,F,279,107.52
620,220,F,325,115.00
630,220,F,372,117.49
640,220,F,423,127.51
650,220,F,475,130.00
660,220,F,530,137.50
670,220,F,586,139.96
680,220,F,643,142.50
690,220,F,701,145.03
700,220,F,762,152.52
710,220,F,827,162.50
720,220,F,888,152.44
730,220,F,944,140.03
740,220,F,1003,147.50
750,220,F,1067,159.98
760,220,F,1132,162.50
770,220,F,1196,160.03
780,220,F,1262,164.93
790,220,F,1327,162.55
800,220,F,1393,165.02
810,220,F,1460,167.48
820,220,F,1527,167.48
830,220,F,1593,165.05
840,220,F,1661,169.95
850,220,F,1731,174.98
860,220,F,1799,170.07
870,220,F,1866,167.45
880,220,F,1933,167.52
890,220,F,1999,165.02
900,220,F,2064,162.48
910,220,F,2130,164.98
920,220,F,2196,165.00
930,220,F,2264,170.02
940,220,F,2334,175.00
950,220,F,2402,170.03
960,220,F,2471,172.34
970,220,F,2539,170.14
980,220,F,2607,169.98
990,220,F,2676,172.52
1000,220,F,2745,172.47
1010,220,F,2815,175.05
1020,220,F,2886,177.45
1030,220,F,2958,180.05
1040,220,F,3029,177.48
1050,220,F,3099,174.88
1060,220,F,3172,182.59
1070,220,F,3247,187.52
1080,220,F,3315,170.02
1090,220,F,3382,167.47
1100,220,F,3448,165.05
1110,220,F,3519,177.43
1120,220,F,3589,175.04
1130,220,F,3660,177.54
1140,220,F,3731,177.45
1150,220,F,3802,177.45
1160,220,F,3872,175.07
1170,220,F,3943,177.45
1180,220,F,4013,175.02
1190,220,F,4084,177.52
1200,220,F,4157,182.41
1210,220,F,4227,175.14
1220,220,F,4296,172.47
1230,220,F,4364,170.00
1240,220,F,4432,169.98
1250,220,F,4499,167.52
1260,220,F,4567,169.98
1270,220,F,4636,172.50
1280,220,F,4706,175.05
1290,220,F,4776,175.00
1300,220,F,4846,174.98
1310,220,F,4915,172.48
1320,220,F,4984,172.48
1330,220,F,5054,175.00
1340,220,F,5124,175.04
1350,220,F,5194,175.02
1360,220,F,5265,177.48
1370,220,F,5338,182.50
1380,220,F,5409,177.46
1390,220,F,5480,177.55
1400,220,F,5551,177.48
1410,220,F,5629,194.96
1420,220,F,5698,172.50
1430,220,F,5767,172.53
1440,220,F,5832,162.45
1450,220,F,5903,177.52
1460,220,F,5974,177.54
1470,220,F,6044,174.98
1480,220,F,6115,177.52
1490,220,F,6186,177.48
1500,220,F,6258,179.98
1510,220,F,6329,177.50
1520,220,F,6399,175.04
1530,220,F,6470,177.48
1540,220,F,6543,182.52
1550,220,F,6614,177.52
1560,220,F,6684,174.93
1570,220,F,6753,172.53
1580,220,F,6820,167.48
1590,220,F,6887,167.50
1600,220,F,6955,170.05
1610,220,F,7024,172.50
1620,220,F,7094,174.98
1630,220,F,7165,177.50
1640,220,F,7235,175.02
1650,220,F,7304,172.45
1660,220,F,7373,172.52
1670,220,F,7443,174.97
1680,220,F,7514,177.57
1690,220,F,7583,172.48
1700,220,F,7654,177.50
1710,220,F,7727,182.48
1720,220,F,7799,180.02
1730,220,F,7869,174.97
1740,220,F,7941,180.04
1750,220,F,8019,195.00
1760,220,F,8089,175.00
1770,220,F,8157,169.95
1780,220,F,8221,160.03
1790,220,F,8293,180.04
1800,220,F,8365,179.84
1810,220,F,8435,175.12
1820,220,F,8506,177.48
1830,220,F,8577,177.54
1840,220,F,8649,179.98
1850,220,F,8719,175.04
1860,220,F,8790,177.50
1870,220,F,8861,177.50
1880,220,F,8934,182.46
1890,220,F,9005,177.48
1900,220,F,9075,175.05
1910,220,F,9144,172.48
1920,220,F,9212,170.02
1930,220,F,9279,167.45
1940,220,F,9347,170.03
1950,220,F,9416,172.52
1960,220,F,9486,175.00
1970,220,F,9557,177.43
1980,220,F,9627,175.07
1990,220,F,9696,172.50
2000,220,F,9765,172.48
2010,220,F,9836,177.50
2020,220,F,9906,174.98
2030,220,F,9976,174.98
2040,220,F,10047,177.52
2050,220,F,10119,180.00
2060,220,F,10191,180.04
2070,220,F,10262,177.48
2080,220,F,10333,177.48
2090,220,F,10411,195.00
2100,220,F,10482,177.54
2110,220,F,10550,169.97
2120,220,F,10613,157.48
2130,220,F,10685,179.93
2140,220,F,10757,180.09
2150,220,F,10828,177.48
2160,220,F,10898,175.00
2170,220,F,10969,177.54
2180,220,F,11041,180.00
2190,220,F,11111,174.97
2200,220,F,11182,177.54
2210,220,F,11254,179.96
2220,220,F,11326,180.02
2230,220,F,11397,177.50
2240,220,F,11468,177.50
2250,220,F,11537,172.48
2260,220,F,11605,170.05
2270,220,F,11672,167.50
2280,220,F,11740,169.95
2290,220,F,11808,170.02
2300,220,F,11878,175.00
2310,220,F,11950,179.96
2320,220,F,12020,175.04
2330,220,F,12088,169.98
2340,220,F,12158,174.98
2350,220,F,12228,175.04
2360,220,F,12298,174.98
2370,220,F,12368,175.02
2380,220,F,12440,180.04
2390,220,F,12512,179.98
2400,220,F,12583,177.52
2410,220,F,12655,180.00
2420,220,F,12725,174.95
2430,220,F,12803,195.02
2440,220,F,12875,180.00
2450,220,F,12944,172.47
2460,220,F,13007,157.53
2470,220,F,13078,177.45
2480,220,F,13149,177.57
2490,220,F,13220,177.52
2500,220,F,13291,177.46
2510,220,F,13362,177.54
2520,220,F,13433,177.46
2530,220,F,13503,174.98
2540,220,F,13574,177.55
2550,220,F,13646,179.98
2560,220,F,13718,180.02
2570,220,F,13789,177.46
2580,220,F,13860,177.54
2590,220,F,13929,172.50
2600,220,F,13997,169.97
2610,220,F,14064,167.48
2620,220,F,14132,170.03
2630,220,F,14200,170.00
2640,220,F,14270,175.00
2650,220,F,14341,177.46
2660,220,F,14411,175.05
2670,220,F,14480,172.45
2680,220,F,14549,172.52
2690,220,F,14619,175.00
2700,220,F,14689,174.98
2710,220,F,14759,175.05
2720,220,F,14830,177.46
2730,220,F,14902,180.02
2740,220,F,14974,179.96
2750,220,F,15045,177.54
2760,220,F,15115,175.00
2770,220,F,15191,190.00
2780,220,F,15266,187.46
2790,220,F,15333,167.53
2800,220,F,15397,159.98
2810,220,F,15467,175.02
2820,220,F,15539,179.98
2830,220,F,15610,177.52
2840,220,F,15681,177.46
2850,220,F,15752,177.55
2860,220,F,15823,177.50
2870,220,F,15893,174.93
2880,220,F,15964,177.57
2890,220,F,16035,177.46
2900,220,F,16107,180.02
2910,220,F,16179,180.00
2920,220,F,16249,174.98
2930,220,F,16319,175.04
2940,220,F,16387,170.00
2950,220,F,16455,169.98
2960,220,F,16522,167.52
2970,220,F,16590,169.95
2980,220,F,16659,172.53
2990,220,F,16731,180.00
3000,220,F,16800,172.48
3010,220,F,16870,174.98
3020,220,F,16939,172.52
3030,220,F,17009,174.98
3040,220,F,17079,175.02
3050,220,F,17149,175.02
3060,220,F,17220,177.46
3070,220,F,17291,177.50
3080,220,F,17364,182.52
3090,220,F,17435,177.46
3100,220,F,17505,175.04
3110,220,F,17580,187.50
3120,220,F,17655,187.54
3130,220,F,17723,169.97
3140,220,F,17788,162.52
3150,220,F,17857,172.47
3160,220,F,17928,177.54
3170,220,F,18000,180.00
3180,220,F,18071,177.43
3190,220,F,18141,175.04
3200,220,F,18212,177.54
3210,220,F,18283,177.48
3220,220,F,18354,177.46
3230,220,F,18424,175.07
3240,220,F,18497,182.43
3250,220,F,18569,180.05
3260,220,F,18640,177.39
3270,220,F,18709,172.60
3280,220,F,18777,169.97
3290,220,F,18845,170.03
3300,220,F,18912,167.48
3310,220,F,18980,170.02
3320,220,F,19050,174.97
3330,220,F,19120,175.05
3340,220,F,19190,174.95
3350,220,F,19259,172.53
3360,220,F,19329,175.00
3370,220,F,19399,174.95
3380,220,F,19468,172.57
3390,220,F,19538,174.95
3400,220,F,19609,177.52
3410,220,F,19680,177.48
3420,220,F,19753,182.54
3430,220,F,19824,177.52
3440,220,F,19894,174.98
3450,220,F,19967,182.46
3460,220,F,20044,192.48
3470,220,F,20113,172.57
3480,220,F,20181,170.00
3490,220,F,20246,162.50
3500,220,F,20317,177.48
3510,220,F,20388,177.48
3520,220,F,20459,177.52
3530,220,F,20530,177.46
3540,220,F,20601,177.50
3550,220,F,20672,177.50
3560,220,F,20743,177.55
3570,220,F,20813,174.97
3580,220,F,20885,180.04
3590,220,F,20957,179.98
3600,220,F,21028,177.48
3610,220,F,21098,174.88
3620,220,F,21166,170.15
3630,220,F,21234,169.97
3640,220,F,21301,167.52
3650,220,F,21369,170.00
3660,220,F,21438,172.48
3670,220,F,21508,174.97
3680,220,F,21579,177.43
3690,220,F,21648,172.59
3700,220,F,21718,174.95
3710,220,F,21787,172.60
3720,220,F,21857,174.95
3730,220,F,21927,175.02
3740,220,F,21997,175.02
3750,220,F,22068,177.52
3760,220,F,22141,182.46
3770,220,F,22212,177.48
3780,220,F,22283,177.55
3790,220,F,22354,177.45
3800,220,F,22432,195.00
3810,220,F,22501,172.50
3820,220,F,22570,172.55
3830,220,F,22634,160.00
3840,220,F,22705,177.46
3850,220,F,22776,177.50
3860,220,F,22847,177.54
3870,220,F,22917,174.98
3880,220,F,22988,177.52
3890,220,F,23060,179.98
3900,220,F,23131,177.43
3910,220,F,23200,172.55
3920,220,F,23272,180.00
3930,220,F,23344,180.00
3940,220,F,23415,177.54
3950,220,F,23485,174.97
3960,220,F,23554,172.50
3970,220,F,23622,170.03
3980,220,F,23688,164.98
3990,220,F,23756,169.97
4000,220,F,23825,172.50
4010,220,F,23895,175.05
4020,220,F,23966,177.48
4030,220,F,24036,174.88
4040,220,F,24104,170.09
4050,220,F,24174,175.00
4060,220,F,24244,175.02
4070,220,F,24314,175.04
4080,220,F,24383,172.47
4090,220,F,24454,177.54
4100,220,F,24527,182.50
4110,220,F,24598,177.48
4120,220,F,24669,177.48
4130,220,F,24740,177.48
4140,220,F,24818,195.04
4150,220,F,24889,177.52
4160,220,F,24957,169.98
4170,220,F,25020,157.50
4180,220,F,25092,179.98
4190,220,F,25163,177.50
4200,220,F,25234,177.48
4210,220,F,25304,175.04
4220,220,F,25375,177.50
4230,220,F,25446,177.48
4240,220,F,25517,177.54
4250,220,F,25587,174.98
4260,220,F,25659,180.00
4270,220,F,25731,180.02
4280,220,F,25802,177.46
4290,220,F,25872,174.98
4300,220,F,25941,172.52
4310,220,F,26009,169.98
4320,220,F,26076,167.52
4330,220,F,26143,167.48
4340,220,F,26212,172.53
4350,220,F,26282,175.02
4360,220,F,26353,177.48
4370,220,F,26423,175.00
4380,220,F,26492,172.47
4390,220,F,26561,172.48
4400,220,F,26631,175.02
4410,220,F,26701,175.04
4420,220,F,26771,175.00
4430,220,F,26843,179.93
4440,220,F,26914,177.52
4450,220,F,26985,177.55
4460,220,F,27057,179.95
4470,220,F,27127,175.02
4480,220,F,27203,190.04
4490,220,F,27277,185.00
4500,220,F,27345,169.95
4510,220,F,27408,157.55
4520,220,F,27479,177.52
4530,220,F,27551,180.00
4540,220,F,27622,177.45
4550,220,F,27692,175.00
4560,220,F,27763,177.48
4570,220,F,27834,177.54
4580,220,F,27904,175.00
4590,220,F,27975,177.52
4600,220,F,28047,180.00
4610,220,F,28119,179.86
4620,220,F,28190,177.57
4630,220,F,28260,175.04
4640,220,F,28330,175.05
4650,220,F,28398,169.90
4660,220,F,28465,167.60
4670,220,F,28533,169.97
4680,220,F,28600,167.52
4690,220,F,28670,174.98
4700,220,F,28741,177.46
4710,220,F,28811,175.07
4720,220,F,28880,172.45
4730,220,F,28949,172.48
4740,220,F,29019,175.00
4750,220,F,29089,175.05
4760,220,F,29159,175.00
4770,220,F,29230,177.46
4780,220,F,29302,180.00
4790,220,F,29373,177.54
4800,220,F,29445,179.98
4810,220,F,29515,175.02
4820,220,F,29588,182.48
4830,220,F,29665,192.50
4840,220,F,29733,170.02
4850,220,F,29799,164.97
4860,220,F,29866,167.50
4870,220,F,29938,180.05
4880,220,F,30009,177.46
4890,220,F,30080,177.50
4900,220,F,30150,175.00
4910,220,F,30222,180.04
4920,220,F,30292,174.97
4930,220,F,30363,177.46
4940,220,F,30434,177.50
4950,220,F,30506,180.02
4960,220,F,30578,179.98
4970,220,F,30648,175.04
4980,220,F,30718,175.02
4990,220,F,30786,169.98
5000,220,F,30854,170.02
5010,220,F,30921,167.50
5020,220,F,30989,169.95
5030,220,F,31058,172.57
5040,220,F,31129,177.46
5050,220,F,31199,175.04
5060,220,F,31269,174.97
5070,220,F,31338,172.50
5080,220,F,31408,175.00
5090,220,F,31477,172.52
5100,220,F,31547,174.97
5110,220,F,31618,177.52
5120,220,F,31690,180.04
5130,220,F,31762,180.00
5140,220,F,31834,179.98
5150,220,F,31903,172.47
5160,220,F,31976,182.48
5170,220,F,32053,192.54
5180,220,F,32122,172.52
5190,220,F,32188,164.98
5200,220,F,32256,169.95
5210,220,F,32327,177.54
5220,220,F,32398,177.50
5230,220,F,32468,174.98
5240,220,F,32539,177.52
5250,220,F,32610,177.54
5260,220,F,32681,177.52
5270,220,F,32751,175.00
5280,220,F,32822,177.43
5290,220,F,32894,180.07
5300,220,F,32967,182.48
5310,220,F,33037,174.97
5320,220,F,33106,172.50
5330,220,F,33175,172.52
5340,220,F,33243,170.03
5350,220,F,33310,167.45
5360,220,F,33378,170.03
5370,220,F,33447,172.47
5380,220,F,33517,175.05
5390,220,F,33587,175.00
5400,220,F,33657,175.00
5410,220,F,33727,174.93
5420,220,F,33796,172.55
5430,220,F,33866,174.97
5440,220,F,33935,172.55
5450,220,F,34006,177.45
5460,220,F,34077,177.50
5470,220,F,34150,182.52
5480,220,F,34221,177.52
5490,220,F,34291,174.97
=== END ===
# Trial 16 of 46: step_up_fwd_220_run03
=== START step_up_fwd_220_run03 ===
t_ms,pwm_cmd,dir,enc_count,rpm
0,0,N,0,0.00
10,0,N,0,0.00
20,0,N,0,0.00
30,0,N,0,0.00
40,0,N,0,0.00
50,0,N,0,0.00
60,0,N,0,0.00
70,0,N,0,0.00
80,0,N,0,0.00
90,0,N,0,0.00
100,0,N,0,0.00
110,0,N,0,0.00
120,0,N,0,0.00
130,0,N,0,0.00
140,0,N,0,0.00
150,0,N,0,0.00
160,0,N,0,0.00
170,0,N,0,0.00
180,0,N,0,0.00
190,0,N,0,0.00
200,0,N,0,0.00
210,0,N,0,0.00
220,0,N,0,0.00
230,0,N,0,0.00
240,0,N,0,0.00
250,0,N,0,0.00
260,0,N,0,0.00
270,0,N,0,0.00
280,0,N,0,0.00
290,0,N,0,0.00
300,0,N,0,0.00
310,0,N,0,0.00
320,0,N,0,0.00
330,0,N,0,0.00
340,0,N,0,0.00
350,0,N,0,0.00
360,0,N,0,0.00
370,0,N,0,0.00
380,0,N,0,0.00
390,0,N,0,0.00
400,0,N,0,0.00
410,0,N,0,0.00
420,0,N,0,0.00
430,0,N,0,0.00
440,0,N,0,0.00
450,0,N,0,0.00
460,0,N,0,0.00
470,0,N,0,0.00
480,0,N,0,0.00
490,0,N,0,0.00
500,220,F,0,0.00
510,220,F,3,7.50
520,220,F,11,20.01
530,220,F,24,32.49
540,220,F,42,45.01
550,220,F,63,52.49
560,220,F,90,67.52
570,220,F,120,75.00
580,220,F,155,87.50
590,220,F,193,94.99
600,220,F,235,104.99
610,220,F,278,107.51
620,220,F,324,114.99
630,220,F,371,117.49
640,220,F,420,122.50
650,220,F,471,127.54
660,220,F,525,134.99
670,220,F,579,135.00
680,220,F,636,142.50
690,220,F,692,139.97
700,220,F,752,150.00
710,220,F,813,152.48
720,220,F,875,155.03
730,220,F,937,155.02
740,220,F,999,154.97
750,220,F,1062,157.53
760,220,F,1128,164.98
770,220,F,1198,175.02
780,220,F,1261,157.48
790,220,F,1319,145.01
800,220,F,1386,167.47
810,220,F,1453,167.50
820,220,F,1519,165.03
830,220,F,1586,167.45
840,220,F,1654,170.07
850,220,F,1722,169.93
860,220,F,1790,170.02
870,220,F,1858,169.97
880,220,F,1926,169.97
890,220,F,1995,172.62
900,220,F,2065,174.93
910,220,F,2135,174.98
920,220,F,2203,170.09
930,220,F,2270,167.50
940,220,F,2337,167.42
950,220,F,2402,162.55
960,220,F,2469,167.48
970,220,F,2537,170.00
980,220,F,2606,172.52
990,220,F,2676,175.04
1000,220,F,2745,172.47
1010,220,F,2813,170.00
1020,220,F,2882,172.52
1030,220,F,2951,172.48
1040,220,F,3021,175.00
1050,220,F,3090,172.48
1060,220,F,3161,177.54
1070,220,F,3232,177.50
1080,220,F,3303,177.50
1090,220,F,3374,177.46
1100,220,F,3444,175.05
1110,220,F,3518,184.98
1120,220,F,3594,189.94
1130,220,F,3661,167.52
1140,220,F,3724,157.50
1150,220,F,3796,179.89
1160,220,F,3867,177.59
1170,220,F,3938,177.52
1180,220,F,4008,175.00
1190,220,F,4079,177.52
1200,220,F,4150,177.52
1210,220,F,4220,175.02
1220,220,F,4291,177.45
1230,220,F,4362,177.54
1240,220,F,4434,179.95
1250,220,F,4505,177.55
1260,220,F,4576,177.50
1270,220,F,4645,172.47
1280,220,F,4713,170.05
1290,220,F,4781,169.97
1300,220,F,4849,170.00
1310,220,F,4917,170.00
1320,220,F,4986,172.53
1330,220,F,5058,180.00
1340,220,F,5128,174.97
1350,220,F,5197,172.50
1360,220,F,5266,172.47
1370,220,F,5336,175.07
1380,220,F,5406,174.95
1390,220,F,5476,174.98
1400,220,F,5547,177.52
1410,220,F,5619,180.04
1420,220,F,5691,179.86
1430,220,F,5762,177.64
1440,220,F,5832,175.02
1450,220,F,5905,182.46
1460,220,F,5982,192.48
1470,220,F,6050,170.03
1480,220,F,6114,159.98
1490,220,F,6184,175.04
1500,220,F,6256,179.95
1510,220,F,6327,177.52
1520,220,F,6397,174.98
1530,220,F,6468,177.54
1540,220,F,6539,177.52
1550,220,F,6610,177.46
1560,220,F,6680,175.00
1570,220,F,6752,179.87
1580,220,F,6824,180.13
1590,220,F,6895,177.48
1600,220,F,6966,177.52
1610,220,F,7035,172.53
1620,220,F,7103,169.95
1630,220,F,7172,172.50
1640,220,F,7239,167.52
1650,220,F,7306,167.50
1660,220,F,7376,175.02
1670,220,F,7447,177.46
1680,220,F,7517,174.98
1690,220,F,7586,172.57
1700,220,F,7656,174.95
1710,220,F,7725,172.52
1720,220,F,7795,175.00
1730,220,F,7865,175.00
1740,220,F,7936,177.48
1750,220,F,8008,180.04
1760,220,F,8080,179.95
1770,220,F,8151,177.57
1780,220,F,8221,174.95
1790,220,F,8293,180.00
1800,220,F,8371,195.06
1810,220,F,8440,172.50
1820,220,F,8507,167.45
1830,220,F,8574,167.53
1840,220,F,8645,177.52
1850,220,F,8716,177.48
1860,220,F,8787,177.46
1870,220,F,8858,177.55
1880,220,F,8929,177.45
1890,220,F,9000,177.50
1900,220,F,9070,175.05
1910,220,F,9141,177.45
1920,220,F,9213,180.04
1930,220,F,9286,182.48
1940,220,F,9357,177.46
1950,220,F,9426,172.53
1960,220,F,9494,170.00
1970,220,F,9563,172.53
1980,220,F,9630,167.45
1990,220,F,9698,170.05
2000,220,F,9768,174.98
2010,220,F,9838,174.98
2020,220,F,9908,175.00
2030,220,F,9978,175.04
2040,220,F,10047,172.45
2050,220,F,10117,175.02
2060,220,F,10187,175.00
2070,220,F,10257,175.02
2080,220,F,10327,175.00
2090,220,F,10399,180.00
2100,220,F,10472,182.48
2110,220,F,10543,177.48
2120,220,F,10613,175.00
2130,220,F,10686,182.54
2140,220,F,10763,192.52
2150,220,F,10832,172.45
2160,220,F,10900,170.05
2170,220,F,10966,164.95
2180,220,F,11037,177.50
2190,220,F,11108,177.55
2200,220,F,11180,179.93
2210,220,F,11250,175.05
2220,220,F,11321,177.52
2230,220,F,11392,177.50
2240,220,F,11463,177.45
2250,220,F,11534,177.55
2260,220,F,11606,179.93
2270,220,F,11679,182.54
2280,220,F,11750,177.52
2290,220,F,11819,172.47
2300,220,F,11888,172.48
2310,220,F,11956,170.03
2320,220,F,12023,167.52
2330,220,F,12091,170.02
2340,220,F,12161,174.95
2350,220,F,12231,175.00
2360,220,F,12301,175.02
2370,220,F,12371,175.02
2380,220,F,12441,174.98
2390,220,F,12511,175.02
2400,220,F,12581,174.97
2410,220,F,12651,174.98
2420,220,F,12721,175.02
2430,220,F,12792,177.55
2440,220,F,12865,182.48
2450,220,F,12937,180.02
2460,220,F,13007,174.98
2470,220,F,13079,180.00
2480,220,F,13156,192.52
2490,220,F,13226,174.97
2500,220,F,13295,172.50
2510,220,F,13360,162.44
2520,220,F,13431,177.55
2530,220,F,13502,177.52
2540,220,F,13573,177.52
2550,220,F,13643,174.98
2560,220,F,13714,177.52
2570,220,F,13786,179.95
2580,220,F,13856,175.05
2590,220,F,13927,177.46
2600,220,F,13999,180.02
2610,220,F,14072,182.50
2620,220,F,14143,177.48
2630,220,F,14213,175.00
2640,220,F,14281,170.05
2650,220,F,14349,170.00
2660,220,F,14416,167.45
2670,220,F,14484,170.03
2680,220,F,14554,175.00
2690,220,F,14624,174.95
2700,220,F,14694,175.05
2710,220,F,14764,174.98
2720,220,F,14834,174.97
2730,220,F,14903,172.53
2740,220,F,14974,177.50
2750,220,F,15044,175.02
2760,220,F,15114,175.02
2770,220,F,15185,177.48
2780,220,F,15258,182.48
2790,220,F,15329,177.50
2800,220,F,15400,177.50
2810,220,F,15471,177.48
2820,220,F,15549,195.00
2830,220,F,15619,175.05
2840,220,F,15688,172.47
2850,220,F,15752,159.98
2860,220,F,15823,177.50
2870,220,F,15894,177.54
2880,220,F,15965,177.52
2890,220,F,16036,177.50
2900,220,F,16107,177.48
2910,220,F,16178,177.48
2920,220,F,16249,177.52
2930,220,F,16320,177.43
2940,220,F,16391,177.52
2950,220,F,16464,182.52
2960,220,F,16535,177.55
2970,220,F,16605,174.97
2980,220,F,16674,172.48
2990,220,F,16742,170.05
3000,220,F,16809,167.47
3010,220,F,16877,169.97
3020,220,F,16946,172.57
3030,220,F,17017,177.50
3040,220,F,17087,175.00
3050,220,F,17157,174.93
3060,220,F,17226,172.52
3070,220,F,17295,172.50
3080,220,F,17366,177.54
3090,220,F,17436,175.02
3100,220,F,17506,175.00
3110,220,F,17577,177.45
3120,220,F,17650,182.54
3130,220,F,17721,177.46
3140,220,F,17792,177.52
3150,220,F,17863,177.54
3160,220,F,17940,192.48
3170,220,F,18011,177.52
3180,220,F,18080,172.50
3190,220,F,18144,160.00
3200,220,F,18215,177.45
3210,220,F,18287,179.95
3220,220,F,18357,175.07
3230,220,F,18427,175.04
3240,220,F,18498,177.48
3250,220,F,18570,179.98
3260,220,F,18641,177.48
3270,220,F,18711,175.05
3280,220,F,18782,177.46
3290,220,F,18855,182.50
3300,220,F,18926,177.54
3310,220,F,18997,177.43
3320,220,F,19066,172.52
3330,220,F,19134,170.02
3340,220,F,19201,167.53
3350,220,F,19268,167.47
3360,220,F,19338,175.00
3370,220,F,19408,175.00
3380,220,F,19479,177.54
3390,220,F,19549,174.88
3400,220,F,19617,170.05
3410,220,F,19687,175.07
3420,220,F,19757,174.95
3430,220,F,19827,175.02
3440,220,F,19897,174.98
3450,220,F,19968,177.52
3460,220,F,20041,182.52
3470,220,F,20112,177.46
3480,220,F,20183,177.54
3490,220,F,20254,177.52
3500,220,F,20330,189.96
3510,220,F,20403,182.52
3520,220,F,20471,169.98
3530,220,F,20535,160.00
3540,220,F,20606,177.50
3550,220,F,20678,180.04
3560,220,F,20749,177.45
3570,220,F,20819,175.04
3580,220,F,20890,177.52
3590,220,F,20962,179.96
3600,220,F,21032,175.00
3610,220,F,21103,177.46
3620,220,F,21175,179.93
3630,220,F,21247,180.13
3640,220,F,21318,177.46
3650,220,F,21389,177.46
3660,220,F,21458,172.59
3670,220,F,21526,169.97
3680,220,F,21593,167.47
3690,220,F,21661,170.07
3700,220,F,21729,170.00
3710,220,F,21799,174.93
3720,220,F,21871,180.04
3730,220,F,21941,174.98
3740,220,F,22010,172.55
3750,220,F,22079,172.50
3760,220,F,22150,177.36
3770,220,F,22219,172.60
3780,220,F,22290,177.48
3790,220,F,22361,177.48
3800,220,F,22433,180.02
3810,220,F,22505,179.95
3820,220,F,22576,177.57
3830,220,F,22646,175.04
3840,220,F,22721,187.44
3850,220,F,22796,187.52
3860,220,F,22864,170.00
3870,220,F,22928,160.03
3880,220,F,22999,177.46
3890,220,F,23071,180.02
3900,220,F,23142,177.52
3910,220,F,23212,174.98
3920,220,F,23283,177.48
3930,220,F,23355,179.91
3940,220,F,23425,175.07
3950,220,F,23496,177.55
3960,220,F,23568,179.96
3970,220,F,23640,180.00
3980,220,F,23711,177.46
3990,220,F,23782,177.57
4000,220,F,23851,172.43
4010,220,F,23919,170.07
4020,220,F,23987,170.00
4030,220,F,24055,169.97
4040,220,F,24123,170.02
4050,220,F,24193,174.97
4060,220,F,24264,177.50
4070,220,F,24334,175.00
4080,220,F,24403,172.52
4090,220,F,24473,175.02
4100,220,F,24543,174.97
4110,220,F,24613,175.04
4120,220,F,24683,174.97
4130,220,F,24754,177.55
4140,220,F,24826,179.96
4150,220,F,24898,180.00
4160,220,F,24969,177.52
4170,220,F,25039,174.97
4180,220,F,25114,187.50
4190,220,F,25189,187.50
4200,220,F,25258,172.50
4210,220,F,25321,157.52
4220,220,F,25392,177.54
4230,220,F,25464,179.95
4240,220,F,25535,177.52
4250,220,F,25605,175.00
4260,220,F,25676,177.52
4270,220,F,25747,177.52
4280,220,F,25818,177.50
4290,220,F,25888,175.00
4300,220,F,25960,179.98
4310,220,F,26032,179.96
4320,220,F,26103,177.52
4330,220,F,26174,177.54
4340,220,F,26244,174.97
4350,220,F,26312,170.00
4360,220,F,26380,169.97
4370,220,F,26447,167.55
4380,220,F,26515,170.00
4390,220,F,26585,174.97
4400,220,F,26656,177.55
4410,220,F,26726,174.95
4420,220,F,26796,174.90
4430,220,F,26865,172.62
4440,220,F,26935,174.91
4450,220,F,27004,172.62
4460,220,F,27075,177.38
4470,220,F,27146,177.61
4480,220,F,27218,179.96
4490,220,F,27289,177.54
4500,220,F,27361,179.96
4510,220,F,27431,175.04
4520,220,F,27504,182.50
4530,220,F,27581,192.46
4540,220,F,27649,170.05
4550,220,F,27713,160.00
4560,220,F,27784,177.45
4570,220,F,27855,177.45
4580,220,F,27926,177.61
4590,220,F,27996,174.98
4600,220,F,28067,177.45
4610,220,F,28138,177.57
4620,220,F,28209,177.50
4630,220,F,28280,177.50
4640,220,F,28351,177.50
4650,220,F,28423,179.95
4660,220,F,28495,180.04
4670,220,F,28566,177.45
4680,220,F,28635,172.52
4690,220,F,28703,170.05
4700,220,F,28771,169.97
4710,220,F,28839,170.00
4720,220,F,28906,167.53
4730,220,F,28976,175.00
4740,220,F,29047,177.50
4750,220,F,29117,175.00
4760,220,F,29186,172.48
4770,220,F,29256,174.98
4780,220,F,29325,172.53
4790,220,F,29395,174.98
4800,220,F,29465,174.95
4810,220,F,29536,177.50
4820,220,F,29608,180.04
4830,220,F,29680,180.02
4840,220,F,29751,177.50
4850,220,F,29821,175.02
4860,220,F,29893,180.00
4870,220,F,29971,194.94
4880,220,F,30040,172.50
4890,220,F,30106,165.00
4900,220,F,30174,170.00
4910,220,F,30245,177.54
4920,220,F,30316,177.45
4930,220,F,30387,177.57
4940,220,F,30458,177.48
4950,220,F,30529,177.48
4960,220,F,30600,177.46
4970,220,F,30670,175.05
4980,220,F,30741,177.48
4990,220,F,30813,180.02
5000,220,F,30886,182.48
5010,220,F,30957,177.48
5020,220,F,31026,172.53
5030,220,F,31094,169.98
5040,220,F,31163,172.53
5050,220,F,31230,167.43
5060,220,F,31298,170.03
5070,220,F,31368,175.00
5080,220,F,31438,175.02
5090,220,F,31508,174.98
5100,220,F,31578,174.98
5110,220,F,31648,174.98
5120,220,F,31717,172.55
5130,220,F,31787,175.02
5140,220,F,31857,174.95
5150,220,F,31928,177.45
5160,220,F,31999,177.54
5170,220,F,32072,182.57
5180,220,F,32143,177.50
5190,220,F,32213,174.95
5200,220,F,32286,182.50
5210,220,F,32363,192.52
5220,220,F,32432,172.52
5230,220,F,32498,165.00
5240,220,F,32566,169.97
5250,220,F,32637,177.50
5260,220,F,32708,177.45
5270,220,F,32779,177.55
5280,220,F,32849,175.02
5290,220,F,32921,180.02
5300,220,F,32991,174.98
5310,220,F,33062,177.52
5320,220,F,33132,174.97
5330,220,F,33204,180.04
5340,220,F,33277,182.50
5350,220,F,33348,177.46
5360,220,F,33417,172.53
5370,220,F,33486,172.45
5380,220,F,33554,170.05
5390,220,F,33621,167.45
5400,220,F,33688,167.57
5410,220,F,33758,174.98
5420,220,F,33828,175.02
5430,220,F,33898,174.95
5440,220,F,33968,175.00
5450,220,F,34037,172.53
5460,220,F,34107,174.98
5470,220,F,34177,174.98
5480,220,F,34247,175.02
5490,220,F,34317,175.02
=== END ===
# Trial 17 of 46: step_up_fwd_220_run04
=== START step_up_fwd_220_run04 ===
t_ms,pwm_cmd,dir,enc_count,rpm
0,0,N,0,0.00
10,0,N,0,0.00
20,0,N,0,0.00
30,0,N,0,0.00
40,0,N,0,0.00
50,0,N,0,0.00
60,0,N,0,0.00
70,0,N,0,0.00
80,0,N,0,0.00
90,0,N,0,0.00
100,0,N,0,0.00
110,0,N,0,0.00
120,0,N,0,0.00
130,0,N,0,0.00
140,0,N,0,0.00
150,0,N,0,0.00
160,0,N,0,0.00
170,0,N,0,0.00
180,0,N,0,0.00
190,0,N,0,0.00
200,0,N,0,0.00
210,0,N,0,0.00
220,0,N,0,0.00
230,0,N,0,0.00
240,0,N,0,0.00
250,0,N,0,0.00
260,0,N,0,0.00
270,0,N,0,0.00
280,0,N,0,0.00
290,0,N,0,0.00
300,0,N,0,0.00
310,0,N,0,0.00
320,0,N,0,0.00
330,0,N,0,0.00
340,0,N,0,0.00
350,0,N,0,0.00
360,0,N,0,0.00
370,0,N,0,0.00
380,0,N,0,0.00
390,0,N,0,0.00
400,0,N,0,0.00
410,0,N,0,0.00
420,0,N,0,0.00
430,0,N,0,0.00
440,0,N,0,0.00
450,0,N,0,0.00
460,0,N,0,0.00
470,0,N,0,0.00
480,0,N,0,0.00
490,0,N,0,0.00
500,220,F,0,0.00
510,220,F,3,7.50
520,220,F,11,20.00
530,220,F,25,35.00
540,220,F,43,45.00
550,220,F,65,54.99
560,220,F,91,65.01
570,220,F,121,75.01
580,220,F,155,84.98
590,220,F,191,89.98
600,220,F,230,97.53
610,220,F,271,102.50
620,220,F,314,107.51
630,220,F,360,115.00
640,220,F,409,122.49
650,220,F,460,127.51
660,220,F,513,132.49
670,220,F,568,137.51
680,220,F,624,139.96
690,220,F,680,140.03
700,220,F,738,144.97
710,220,F,796,145.03
720,220,F,857,152.47
730,220,F,917,150.00
740,220,F,979,155.00
750,220,F,1042,157.50
760,220,F,1106,160.00
770,220,F,1172,165.03
780,220,F,1237,162.50
790,220,F,1302,162.48
800,220,F,1367,162.52
810,220,F,1440,182.46
820,220,F,1507,167.53
830,220,F,1573,164.97
840,220,F,1632,147.54
850,220,F,1699,167.50
860,220,F,1769,174.88
870,220,F,1837,170.10
880,220,F,1904,167.50
890,220,F,1972,170.00
900,220,F,2042,174.97
910,220,F,2110,169.98
920,220,F,2179,172.52
930,220,F,2249,175.04
940,220,F,2319,175.00
950,220,F,2389,174.98
960,220,F,2458,172.48
970,220,F,2526,170.05
980,220,F,2593,167.45
990,220,F,2660,167.52
1000,220,F,2726,165.00
1010,220,F,2793,167.48
1020,220,F,2862,172.52
1030,220,F,2931,172.52
1040,220,F,3000,172.50
1050,220,F,3069,172.47
1060,220,F,3138,172.52
1070,220,F,3207,172.48
1080,220,F,3276,172.55
1090,220,F,3345,172.43
1100,220,F,3415,175.05
1110,220,F,3486,177.36
1120,220,F,3557,177.66
1130,220,F,3628,177.48
1140,220,F,3698,174.98
1150,220,F,3769,177.50
1160,220,F,3846,192.50
1170,220,F,3916,175.04
1180,220,F,3985,172.50
1190,220,F,4048,157.47
1200,220,F,4119,177.39
1210,220,F,4189,175.12
1220,220,F,4260,177.50
1230,220,F,4330,174.98
1240,220,F,4400,175.00
1250,220,F,4471,177.52
1260,220,F,4542,177.50
1270,220,F,4612,174.98
1280,220,F,4683,177.54
1290,220,F,4756,182.46
1300,220,F,4827,177.43
1310,220,F,4896,172.60
1320,220,F,4965,172.48
1330,220,F,5032,167.50
1340,220,F,5099,167.47
1350,220,F,5167,170.05
1360,220,F,5236,172.45
1370,220,F,5305,172.50
1380,220,F,5376,177.55
1390,220,F,5445,172.48
1400,220,F,5514,172.50
1410,220,F,5583,172.48
1420,220,F,5653,175.02
1430,220,F,5723,175.00
1440,220,F,5793,175.00
1450,220,F,5863,174.97
1460,220,F,5936,182.50
1470,220,F,6007,177.55
1480,220,F,6077,175.00
1490,220,F,6148,177.48
1500,220,F,6224,189.98
1510,220,F,6296,180.04
1520,220,F,6365,172.45
1530,220,F,6431,164.93
1540,220,F,6498,167.58
1550,220,F,6570,179.98
1560,220,F,6641,177.50
1570,220,F,6710,172.55
1580,220,F,6781,177.46
1590,220,F,6853,180.02
1600,220,F,6923,175.02
1610,220,F,6994,177.46
1620,220,F,7065,177.54
1630,220,F,7137,179.96
1640,220,F,7208,177.54
1650,220,F,7278,174.97
1660,220,F,7348,175.02
1670,220,F,7415,167.50
1680,220,F,7482,167.50
1690,220,F,7550,169.95
1700,220,F,7618,170.07
1710,220,F,7687,172.47
1720,220,F,7758,177.54
1730,220,F,7828,174.98
1740,220,F,7897,172.48
1750,220,F,7966,172.53
1760,220,F,8036,174.97
1770,220,F,8105,172.52
1780,220,F,8175,174.97
1790,220,F,8246,177.52
1800,220,F,8318,180.02
1810,220,F,8389,177.48
1820,220,F,8460,177.54
1830,220,F,8530,174.98
1840,220,F,8603,182.48
1850,220,F,8679,190.00
1860,220,F,8749,175.04
1870,220,F,8815,165.00
1880,220,F,8881,165.00
1890,220,F,8953,179.95
1900,220,F,9024,177.54
1910,220,F,9094,175.00
1920,220,F,9164,175.00
1930,220,F,9235,177.50
1940,220,F,9306,177.50
1950,220,F,9376,175.00
1960,220,F,9448,179.87
1970,220,F,9519,177.59
1980,220,F,9591,180.02
1990,220,F,9661,175.04
2000,220,F,9730,172.45
2010,220,F,9798,170.05
2020,220,F,9866,170.00
2030,220,F,9933,167.47
2040,220,F,10001,170.02
2050,220,F,10070,172.47
2060,220,F,10141,177.52
2070,220,F,10211,175.04
2080,220,F,10280,172.47
2090,220,F,10349,172.53
2100,220,F,10418,172.47
2110,220,F,10488,174.98
2120,220,F,10558,175.00
2130,220,F,10628,175.04
2140,220,F,10700,180.02
2150,220,F,10772,179.95
2160,220,F,10843,177.48
2170,220,F,10913,175.04
2180,220,F,10984,177.52
2190,220,F,11062,195.02
2200,220,F,11130,169.98
2210,220,F,11199,172.48
2220,220,F,11264,162.48
2230,220,F,11334,175.05
2240,220,F,11405,177.48
2250,220,F,11476,177.45
2260,220,F,11546,175.04
2270,220,F,11617,177.54
2280,220,F,11688,177.50
2290,220,F,11758,174.95
2300,220,F,11829,177.45
2310,220,F,11900,177.55
2320,220,F,11973,182.55
2330,220,F,12044,177.48
2340,220,F,12112,169.97
2350,220,F,12181,172.52
2360,220,F,12249,170.03
2370,220,F,12315,164.97
2380,220,F,12383,169.98
2390,220,F,12452,172.55
2400,220,F,12522,174.95
2410,220,F,12592,175.00
2420,220,F,12662,175.00
2430,220,F,12731,172.52
2440,220,F,12800,172.52
2450,220,F,12870,175.02
2460,220,F,12940,174.86
2470,220,F,13009,172.60
2480,220,F,13080,177.48
2490,220,F,13152,180.05
2500,220,F,13224,179.98
2510,220,F,13294,174.95
2520,220,F,13364,175.00
2530,220,F,13442,195.04
2540,220,F,13512,175.00
2550,220,F,13581,172.50
2560,220,F,13644,157.48
2570,220,F,13715,177.52
2580,220,F,13786,177.48
2590,220,F,13857,177.52
2600,220,F,13927,175.02
2610,220,F,13997,175.00
2620,220,F,14069,180.02
2630,220,F,14140,177.45
2640,220,F,14209,172.53
2650,220,F,14281,179.98
2660,220,F,14353,180.04
2670,220,F,14424,177.45
2680,220,F,14494,175.02
2690,220,F,14563,172.53
2700,220,F,14630,167.50
2710,220,F,14697,167.48
2720,220,F,14765,169.98
2730,220,F,14834,172.48
2740,220,F,14904,174.90
2750,220,F,14974,175.14
2760,220,F,15044,175.00
2770,220,F,15112,170.02
2780,220,F,15181,172.50
2790,220,F,15252,177.45
2800,220,F,15321,172.52
2810,220,F,15391,175.04
2820,220,F,15462,177.45
2830,220,F,15534,180.05
2840,220,F,15605,177.48
2850,220,F,15676,177.52
2860,220,F,15746,175.00
2870,220,F,15820,184.94
2880,220,F,15895,187.43
2890,220,F,15964,172.59
2900,220,F,16027,157.52
2910,220,F,16096,172.47
2920,220,F,16168,180.05
2930,220,F,16239,177.45
2940,220,F,16308,172.55
2950,220,F,16379,177.45
2960,220,F,16451,179.98
2970,220,F,16521,175.04
2980,220,F,16591,175.00
2990,220,F,16663,179.93
3000,220,F,16734,177.59
3010,220,F,16805,177.50
3020,220,F,16875,175.02
3030,220,F,16945,174.84
3040,220,F,17012,167.60
3050,220,F,17080,170.05
3060,220,F,17147,167.47
3070,220,F,17215,170.03
3080,220,F,17284,172.47
3090,220,F,17355,177.50
3100,220,F,17425,174.98
3110,220,F,17494,172.53
3120,220,F,17562,170.00
3130,220,F,17632,174.98
3140,220,F,17701,172.53
3150,220,F,17771,174.98
3160,220,F,17842,177.50
3170,220,F,17914,179.98
3180,220,F,17985,177.52
3190,220,F,18057,180.00
3200,220,F,18126,172.45
3210,220,F,18198,180.02
3220,220,F,18275,192.54
3230,220,F,18344,172.50
3240,220,F,18410,164.97
3250,220,F,18476,165.02
3260,220,F,18548,179.96
3270,220,F,18619,177.57
3280,220,F,18689,174.98
3290,220,F,18759,175.02
3300,220,F,18830,177.48
3310,220,F,18901,177.39
3320,220,F,18971,175.05
3330,220,F,19042,177.55
3340,220,F,19113,177.48
3350,220,F,19185,180.00
3360,220,F,19256,177.52
3370,220,F,19325,172.47
3380,220,F,19393,169.98
3390,220,F,19461,170.07
3400,220,F,19527,164.95
3410,220,F,19595,169.98
3420,220,F,19664,172.57
3430,220,F,19735,177.43
3440,220,F,19804,172.53
3450,220,F,19873,172.48
3460,220,F,19943,175.04
3470,220,F,20012,172.47
3480,220,F,20081,172.50
3490,220,F,20151,175.05
3500,220,F,20221,174.98
3510,220,F,20292,177.45
3520,220,F,20364,180.07
3530,220,F,20436,179.96
3540,220,F,20505,172.53
3550,220,F,20576,177.48
3560,220,F,20654,194.98
3570,220,F,20723,172.52
3580,220,F,20792,172.52
3590,220,F,20856,159.97
3600,220,F,20927,177.46
3610,220,F,20997,175.07
3620,220,F,21068,177.45
3630,220,F,21138,175.04
3640,220,F,21209,177.46
3650,220,F,21280,177.52
3660,220,F,21350,174.97
3670,220,F,21420,175.04
3680,220,F,21492,179.87
3690,220,F,21564,180.16
3700,220,F,21635,177.45
3710,220,F,21704,172.53
3720,220,F,21772,170.00
3730,220,F,21840,170.02
3740,220,F,21907,167.48
3750,220,F,21974,167.52
3760,220,F,22043,172.50
3770,220,F,22113,174.98
3780,220,F,22183,174.95
3790,220,F,22252,172.55
3800,220,F,22321,172.47
3810,220,F,22390,172.52
3820,220,F,22460,175.04
3830,220,F,22530,175.00
3840,220,F,22599,172.47
3850,220,F,22670,177.50
3860,220,F,22742,179.98
3870,220,F,22813,177.54
3880,220,F,22883,174.95
3890,220,F,22954,177.54
3900,220,F,23030,190.00
3910,220,F,23102,180.02
3920,220,F,23171,172.50
3930,220,F,23236,162.47
3940,220,F,23304,170.05
3950,220,F,23375,177.45
3960,220,F,23446,177.55
3970,220,F,23515,172.50
3980,220,F,23586,177.50
3990,220,F,23657,177.45
4000,220,F,23727,175.04
4010,220,F,23798,177.52
4020,220,F,23869,177.50
4030,220,F,23941,180.00
4040,220,F,24011,175.00
4050,220,F,24082,177.46
4060,220,F,24151,172.52
4070,220,F,24219,170.00
4080,220,F,24285,164.98
4090,220,F,24353,169.90
4100,220,F,24421,170.09
4110,220,F,24490,172.53
4120,220,F,24561,177.50
4130,220,F,24631,175.00
4140,220,F,24699,169.98
4150,220,F,24768,172.52
4160,220,F,24838,174.98
4170,220,F,24908,174.97
4180,220,F,24978,175.02
4190,220,F,25048,175.04
4200,220,F,25120,180.02
4210,220,F,25191,177.48
4220,220,F,25262,177.48
4230,220,F,25332,174.98
4240,220,F,25406,184.98
4250,220,F,25481,187.50
4260,220,F,25550,172.52
4270,220,F,25618,170.00
4280,220,F,25682,160.02
4290,220,F,25754,179.98
4300,220,F,25825,177.54
4310,220,F,25895,174.97
4320,220,F,25965,174.98
4330,220,F,26036,177.54
4340,220,F,26106,175.00
4350,220,F,26177,177.39
4360,220,F,26248,177.62
4370,220,F,26320,179.86
4380,220,F,26391,177.62
4390,220,F,26461,174.98
4400,220,F,26530,172.53
4410,220,F,26598,170.02
4420,220,F,26666,169.98
4430,220,F,26733,167.50
4440,220,F,26800,167.48
4450,220,F,26870,175.00
4460,220,F,26940,174.98
4470,220,F,27010,175.05
4480,220,F,27079,172.48
4490,220,F,27148,172.52
4500,220,F,27218,174.97
4510,220,F,27287,172.53
4520,220,F,27357,174.98
4530,220,F,27427,175.02
4540,220,F,27499,179.89
4550,220,F,27571,180.11
4560,220,F,27642,177.45
4570,220,F,27711,172.50
4580,220,F,27783,179.98
4590,220,F,27860,192.54
4600,220,F,27929,172.48
4610,220,F,27998,172.55
4620,220,F,28062,159.98
4630,220,F,28133,177.45
4640,220,F,28204,177.54
4650,220,F,28275,177.48
4660,220,F,28345,175.04
4670,220,F,28416,177.52
4680,220,F,28487,177.48
4690,220,F,28557,174.97
4700,220,F,28627,175.05
4710,220,F,28699,179.98
4720,220,F,28771,179.95
4730,220,F,28842,177.55
4740,220,F,28911,172.45
4750,220,F,28980,172.48
4760,220,F,29047,167.53
4770,220,F,29114,167.52
4780,220,F,29182,169.98
4790,220,F,29251,172.50
4800,220,F,29321,175.04
4810,220,F,29391,175.02
4820,220,F,29461,175.00
4830,220,F,29530,172.48
4840,220,F,29599,172.48
4850,220,F,29669,174.98
4860,220,F,29739,175.04
4870,220,F,29809,174.98
4880,220,F,29879,175.00
4890,220,F,29952,182.48
4900,220,F,30023,177.50
4910,220,F,30094,177.39
4920,220,F,30164,175.14
4930,220,F,30241,192.46
4940,220,F,30311,175.02
4950,220,F,30381,174.98
4960,220,F,30444,157.53
4970,220,F,30515,177.48
4980,220,F,30586,177.50
4990,220,F,30656,175.00
5000,220,F,30726,175.04
5010,220,F,30796,175.00
5020,220,F,30868,179.95
5030,220,F,30939,177.52
5040,220,F,31008,172.48
5050,220,F,31080,179.95
5060,220,F,31152,180.11
5070,220,F,31223,177.46
5080,220,F,31293,174.97
5090,220,F,31362,172.52
5100,220,F,31429,167.50
5110,220,F,31496,167.50
5120,220,F,31563,167.55
5130,220,F,31632,172.43
5140,220,F,31702,175.07
5150,220,F,31773,177.50
5160,220,F,31842,172.50
5170,220,F,31911,172.48
5180,220,F,31980,172.52
5190,220,F,32050,174.97
5200,220,F,32120,175.02
5210,220,F,32190,174.91
5220,220,F,32260,175.09
5230,220,F,32332,179.98
5240,220,F,32403,177.54
5250,220,F,32474,177.45
5260,220,F,32544,175.00
5270,220,F,32618,185.02
5280,220,F,32693,187.50
5290,220,F,32762,172.48
5300,220,F,32825,157.52
5310,220,F,32895,174.98
5320,220,F,32967,180.04
5330,220,F,33038,177.48
5340,220,F,33107,172.53
5350,220,F,33178,177.50
5360,220,F,33249,177.50
5370,220,F,33319,174.98
5380,220,F,33390,177.50
5390,220,F,33461,177.52
5400,220,F,33533,179.96
5410,220,F,33604,177.46
5420,220,F,33675,177.54
5430,220,F,33744,172.52
5440,220,F,33811,167.47
5450,220,F,33879,169.98
5460,220,F,33946,167.52
5470,220,F,34014,169.98
5480,220,F,34083,172.50
5490,220,F,34154,177.57
5500,220,F,34224,174.98
=== END ===
# Trial 18 of 46: step_up_fwd_220_run05
=== START step_up_fwd_220_run05 ===
t_ms,pwm_cmd,dir,enc_count,rpm
0,0,N,0,0.00
10,0,N,0,0.00
20,0,N,0,0.00
30,0,N,0,0.00
40,0,N,0,0.00
50,0,N,0,0.00
60,0,N,0,0.00
70,0,N,0,0.00
80,0,N,0,0.00
90,0,N,0,0.00
100,0,N,0,0.00
110,0,N,0,0.00
120,0,N,0,0.00
130,0,N,0,0.00
140,0,N,0,0.00
150,0,N,0,0.00
160,0,N,0,0.00
170,0,N,0,0.00
180,0,N,0,0.00
190,0,N,0,0.00
200,0,N,0,0.00
210,0,N,0,0.00
220,0,N,0,0.00
230,0,N,0,0.00
240,0,N,0,0.00
250,0,N,0,0.00
260,0,N,0,0.00
270,0,N,0,0.00
280,0,N,0,0.00
290,0,N,0,0.00
300,0,N,0,0.00
310,0,N,0,0.00
320,0,N,0,0.00
330,0,N,0,0.00
340,0,N,0,0.00
350,0,N,0,0.00
360,0,N,0,0.00
370,0,N,0,0.00
380,0,N,0,0.00
390,0,N,0,0.00
400,0,N,0,0.00
410,0,N,0,0.00
420,0,N,0,0.00
430,0,N,0,0.00
440,0,N,0,0.00
450,0,N,0,0.00
460,0,N,0,0.00
470,0,N,0,0.00
480,0,N,0,0.00
490,0,N,0,0.00
500,220,F,0,0.00
510,220,F,3,7.50
520,220,F,12,22.50
530,220,F,25,32.49
540,220,F,43,45.00
550,220,F,66,57.50
560,220,F,93,67.51
570,220,F,124,77.49
580,220,F,158,85.00
590,220,F,196,94.99
600,220,F,236,100.00
610,220,F,279,107.52
620,220,F,326,117.51
630,220,F,374,119.98
640,220,F,425,127.49
650,220,F,476,127.50
660,220,F,529,132.49
670,220,F,583,135.05
680,220,F,637,134.96
690,220,F,693,140.01
700,220,F,748,137.49
710,220,F,806,144.99
720,220,F,864,145.01
730,220,F,924,150.05
740,220,F,986,155.00
750,220,F,1049,157.50
760,220,F,1112,157.48
770,220,F,1175,157.52
780,220,F,1238,157.48
790,220,F,1303,162.47
800,220,F,1367,160.05
810,220,F,1433,164.97
820,220,F,1500,167.52
830,220,F,1568,170.02
840,220,F,1637,172.45
850,220,F,1704,167.50
860,220,F,1771,167.53
870,220,F,1840,172.50
880,220,F,1916,189.96
890,220,F,1983,167.55
900,220,F,2051,169.95
910,220,F,2112,152.53
920,220,F,2182,174.97
930,220,F,2251,172.53
940,220,F,2321,175.02
950,220,F,2390,172.47
960,220,F,2460,174.97
970,220,F,2530,175.05
980,220,F,2600,174.95
990,220,F,2669,172.57
1000,220,F,2740,177.46
1010,220,F,2812,179.87
1020,220,F,2882,175.11
1030,220,F,2951,172.50
1040,220,F,3020,172.50
1050,220,F,3087,167.55
1060,220,F,3154,167.50
1070,220,F,3221,167.43
1080,220,F,3289,170.07
1090,220,F,3359,174.93
1100,220,F,3429,175.05
1110,220,F,3499,174.95
1120,220,F,3567,170.03
1130,220,F,3636,172.48
1140,220,F,3706,174.98
1150,220,F,3775,172.52
1160,220,F,3845,175.02
1170,220,F,3916,177.48
1180,220,F,3988,180.04
1190,220,F,4059,177.46
1200,220,F,4130,177.52
1210,220,F,4200,175.04
1220,220,F,4273,182.48
1230,220,F,4348,187.50
1240,220,F,4418,174.95
1250,220,F,4485,167.53
1260,220,F,4551,164.98
1270,220,F,4623,180.05
1280,220,F,4694,177.48
1290,220,F,4763,172.48
1300,220,F,4834,177.50
1310,220,F,4905,177.52
1320,220,F,4975,174.97
1330,220,F,5046,177.52
1340,220,F,5117,177.54
1350,220,F,5189,179.95
1360,220,F,5260,177.55
1370,220,F,5331,177.50
1380,220,F,5400,172.47
1390,220,F,5468,170.02
1400,220,F,5535,167.48
1410,220,F,5603,170.03
1420,220,F,5670,167.45
1430,220,F,5740,175.04
1440,220,F,5811,177.50
1450,220,F,5880,172.47
1460,220,F,5950,175.04
1470,220,F,6019,172.41
1480,220,F,6088,172.60
1490,220,F,6158,174.98
1500,220,F,6228,174.90
1510,220,F,6299,177.54
1520,220,F,6370,177.55
1530,220,F,6442,179.98
1540,220,F,6513,177.48
1550,220,F,6583,174.95
1560,220,F,6654,177.61
1570,220,F,6732,194.98
1580,220,F,6801,172.48
1590,220,F,6869,169.95
1600,220,F,6934,162.55
1610,220,F,7005,177.52
1620,220,F,7076,177.46
1630,220,F,7147,177.52
1640,220,F,7217,175.00
1650,220,F,7288,177.54
1660,220,F,7359,177.46
1670,220,F,7429,175.02
1680,220,F,7500,177.50
1690,220,F,7572,180.04
1700,220,F,7644,179.95
1710,220,F,7715,177.50
1720,220,F,7784,172.50
1730,220,F,7852,170.05
1740,220,F,7920,169.97
1750,220,F,7987,167.50
1760,220,F,8054,167.52
1770,220,F,8124,174.97
1780,220,F,8194,175.02
1790,220,F,8264,175.04
1800,220,F,8333,172.48
1810,220,F,8403,174.97
1820,220,F,8472,172.50
1830,220,F,8542,175.02
1840,220,F,8611,172.50
1850,220,F,8682,177.54
1860,220,F,8753,177.50
1870,220,F,8826,182.50
1880,220,F,8897,177.45
1890,220,F,8967,174.98
1900,220,F,9038,177.54
1910,220,F,9115,192.52
1920,220,F,9185,174.98
1930,220,F,9254,172.50
1940,220,F,9318,160.02
1950,220,F,9389,177.48
1960,220,F,9460,177.52
1970,220,F,9531,177.48
1980,220,F,9601,175.02
1990,220,F,9672,177.52
2000,220,F,9743,177.45
2010,220,F,9813,175.05
2020,220,F,9884,177.39
2030,220,F,9955,177.61
2040,220,F,10027,179.96
2050,220,F,10099,180.00
2060,220,F,10168,172.52
2070,220,F,10236,170.00
2080,220,F,10304,170.02
2090,220,F,10371,167.47
2100,220,F,10438,167.52
2110,220,F,10507,172.52
2120,220,F,10577,174.97
2130,220,F,10647,175.02
2140,220,F,10717,174.98
2150,220,F,10786,172.48
2160,220,F,10855,172.50
2170,220,F,10926,177.50
2180,220,F,10996,175.04
2190,220,F,11065,172.52
2200,220,F,11136,177.43
2210,220,F,11208,180.00
2220,220,F,11280,180.07
2230,220,F,11350,174.95
2240,220,F,11420,175.02
2250,220,F,11495,187.52
2260,220,F,11568,182.46
2270,220,F,11636,170.05
2280,220,F,11701,162.47
2290,220,F,11772,177.48
2300,220,F,11843,177.55
2310,220,F,11914,177.45
2320,220,F,11984,175.04
2330,220,F,12055,177.45
2340,220,F,12126,177.54
2350,220,F,12196,175.00
2360,220,F,12266,175.02
2370,220,F,12338,179.86
2380,220,F,12410,180.16
2390,220,F,12481,177.45
2400,220,F,12551,175.02
2410,220,F,12620,172.52
2420,220,F,12688,169.98
2430,220,F,12755,167.40
2440,220,F,12822,167.63
2450,220,F,12891,172.47
2460,220,F,12960,172.52
2470,220,F,13032,180.00
2480,220,F,13101,172.52
2490,220,F,13170,172.45
2500,220,F,13239,172.55
2510,220,F,13309,174.98
2520,220,F,13379,174.98
2530,220,F,13449,174.98
2540,220,F,13520,177.55
2550,220,F,13592,180.00
2560,220,F,13663,177.43
2570,220,F,13734,177.55
2580,220,F,13805,177.52
2590,220,F,13878,182.45
2600,220,F,13954,190.02
2610,220,F,14022,170.02
2620,220,F,14085,157.48
2630,220,F,14157,180.00
2640,220,F,14228,177.52
2650,220,F,14299,177.52
2660,220,F,14369,174.98
2670,220,F,14440,177.50
2680,220,F,14511,177.52
2690,220,F,14581,174.97
2700,220,F,14652,177.48
2710,220,F,14723,177.50
2720,220,F,14795,180.02
2730,220,F,14866,177.50
2740,220,F,14937,177.50
2750,220,F,15006,172.53
2760,220,F,15074,169.93
2770,220,F,15141,167.52
2780,220,F,15209,170.05
2790,220,F,15277,169.90
2800,220,F,15346,172.59
2810,220,F,15418,179.86
2820,220,F,15487,172.60
2830,220,F,15556,172.50
2840,220,F,15625,172.55
2850,220,F,15695,174.97
2860,220,F,15765,174.98
2870,220,F,15835,175.00
2880,220,F,15906,177.55
2890,220,F,15977,177.48
2900,220,F,16049,179.98
2910,220,F,16120,177.48
2920,220,F,16190,175.05
2930,220,F,16263,182.46
2940,220,F,16340,192.48
2950,220,F,16408,170.02
2960,220,F,16473,162.53
2970,220,F,16542,172.47
2980,220,F,16613,177.52
2990,220,F,16684,177.45
3000,220,F,16755,177.52
3010,220,F,16825,175.02
3020,220,F,16896,177.54
3030,220,F,16966,174.98
3040,220,F,17037,177.46
3050,220,F,17108,177.52
3060,220,F,17180,179.98
3070,220,F,17251,177.50
3080,220,F,17322,177.52
3090,220,F,17391,172.53
3100,220,F,17459,169.98
3110,220,F,17527,169.98
3120,220,F,17594,167.53
3130,220,F,17661,167.45
3140,220,F,17731,175.05
3150,220,F,17802,177.46
3160,220,F,17871,172.50
3170,220,F,17941,175.00
3180,220,F,18010,172.50
3190,220,F,18080,174.95
3200,220,F,18149,172.59
3210,220,F,18219,174.95
3220,220,F,18290,177.48
3230,220,F,18361,177.52
3240,220,F,18433,179.98
3250,220,F,18504,177.55
3260,220,F,18574,174.97
3270,220,F,18645,177.50
3280,220,F,18723,195.04
3290,220,F,18792,172.48
3300,220,F,18859,167.48
3310,220,F,18926,167.55
3320,220,F,18996,174.98
3330,220,F,19067,177.48
3340,220,F,19138,177.50
3350,220,F,19208,175.00
3360,220,F,19279,177.54
3370,220,F,19350,177.46
3380,220,F,19420,175.04
3390,220,F,19490,174.93
3400,220,F,19562,180.04
3410,220,F,19635,182.45
3420,220,F,19705,175.05
3430,220,F,19774,172.53
3440,220,F,19843,172.47
3450,220,F,19910,167.50
3460,220,F,19977,167.52
3470,220,F,20045,169.93
3480,220,F,20114,172.55
3490,220,F,20184,174.98
3500,220,F,20254,175.00
3510,220,F,20323,172.52
3520,220,F,20392,172.52
3530,220,F,20462,175.00
3540,220,F,20532,174.95
3550,220,F,20601,172.52
3560,220,F,20671,175.05
3570,220,F,20742,177.46
3580,220,F,20815,182.46
3590,220,F,20886,177.52
3600,220,F,20956,175.05
3610,220,F,21026,174.98
3620,220,F,21104,194.96
3630,220,F,21174,175.02
3640,220,F,21242,169.98
3650,220,F,21307,162.50
3660,220,F,21378,177.55
3670,220,F,21448,175.00
3680,220,F,21519,177.45
3690,220,F,21589,175.00
3700,220,F,21660,177.52
3710,220,F,21731,177.48
3720,220,F,21802,177.54
3730,220,F,21872,174.97
3740,220,F,21943,177.54
3750,220,F,22015,179.96
3760,220,F,22086,177.54
3770,220,F,22156,175.02
3780,220,F,22225,172.48
3790,220,F,22293,169.92
3800,220,F,22359,165.10
3810,220,F,22427,169.97
3820,220,F,22496,172.48
3830,220,F,22566,175.00
3840,220,F,22636,175.04
3850,220,F,22706,175.00
3860,220,F,22774,170.00
3870,220,F,22844,174.95
3880,220,F,22914,175.04
3890,220,F,22984,175.02
3900,220,F,23053,172.50
3910,220,F,23124,177.48
3920,220,F,23196,180.02
3930,220,F,23267,177.46
3940,220,F,23338,177.50
3950,220,F,23408,175.02
3960,220,F,23482,184.96
3970,220,F,23557,187.54
3980,220,F,23625,169.98
3990,220,F,23689,160.02
4000,220,F,23760,177.52
4010,220,F,23831,177.50
4020,220,F,23902,177.46
4030,220,F,23971,172.53
4040,220,F,24042,177.48
4050,220,F,24114,180.00
4060,220,F,24184,174.98
4070,220,F,24255,177.50
4080,220,F,24326,177.54
4090,220,F,24398,179.95
4100,220,F,24469,177.55
4110,220,F,24539,174.97
4120,220,F,24609,175.04
4130,220,F,24676,167.52
4140,220,F,24744,169.95
4150,220,F,24811,167.52
4160,220,F,24879,170.03
4170,220,F,24948,172.50
4180,220,F,25020,179.93
4190,220,F,25089,172.55
4200,220,F,25158,172.48
4210,220,F,25227,172.52
4220,220,F,25297,174.98
4230,220,F,25367,175.00
4240,220,F,25437,174.98
4250,220,F,25508,177.50
4260,220,F,25579,177.55
4270,220,F,25651,180.00
4280,220,F,25722,177.48
4290,220,F,25792,174.93
4300,220,F,25864,180.07
4310,220,F,25941,192.44
4320,220,F,26009,170.03
4330,220,F,26072,157.52
4340,220,F,26143,177.46
4350,220,F,26215,180.05
4360,220,F,26286,177.46
4370,220,F,26356,175.00
4380,220,F,26426,174.98
4390,220,F,26497,177.54
4400,220,F,26568,177.46
4410,220,F,26638,175.04
4420,220,F,26709,177.50
4430,220,F,26781,180.00
4440,220,F,26852,177.50
4450,220,F,26923,177.48
4460,220,F,26992,172.47
4470,220,F,27060,170.03
4480,220,F,27128,170.00
4490,220,F,27195,167.48
4500,220,F,27262,167.53
4510,220,F,27332,174.97
4520,220,F,27403,177.52
4530,220,F,27472,172.47
4540,220,F,27542,175.07
4550,220,F,27611,172.47
4560,220,F,27680,172.52
4570,220,F,27750,175.02
4580,220,F,27820,174.97
4590,220,F,27890,175.00
4600,220,F,27962,180.02
4610,220,F,28034,179.96
4620,220,F,28105,177.50
4630,220,F,28175,175.02
4640,220,F,28246,177.52
4650,220,F,28324,195.00
4660,220,F,28392,169.97
4670,220,F,28460,170.03
4680,220,F,28526,165.02
4690,220,F,28597,177.45
4700,220,F,28668,177.54
4710,220,F,28739,177.52
4720,220,F,28809,174.95
4730,220,F,28880,177.52
4740,220,F,28951,177.52
4750,220,F,29021,175.02
4760,220,F,29092,177.48
4770,220,F,29164,180.02
4780,220,F,29236,179.95
4790,220,F,29307,177.48
4800,220,F,29376,172.52
4810,220,F,29444,170.03
4820,220,F,29513,172.45
4830,220,F,29579,165.05
4840,220,F,29647,169.98
4850,220,F,29717,174.98
4860,220,F,29787,175.02
4870,220,F,29857,174.93
4880,220,F,29926,172.60
4890,220,F,29996,174.98
4900,220,F,30065,172.47
4910,220,F,30135,175.05
4920,220,F,30204,172.47
4930,220,F,30275,177.52
4940,220,F,30346,177.50
4950,220,F,30418,180.02
4960,220,F,30490,179.93
4970,220,F,30560,175.07
4980,220,F,30631,177.43
4990,220,F,30708,192.58
5000,220,F,30778,175.00
5010,220,F,30846,169.98
5020,220,F,30911,162.52
5030,220,F,30982,177.45
5040,220,F,31053,177.52
5050,220,F,31124,177.48
5060,220,F,31194,175.04
5070,220,F,31265,177.48
5080,220,F,31336,177.48
5090,220,F,31407,177.50
5100,220,F,31477,175.00
5110,220,F,31549,180.00
5120,220,F,31621,180.05
5130,220,F,31692,177.46
5140,220,F,31762,175.04
5150,220,F,31831,172.45
5160,220,F,31899,170.05
5170,220,F,31965,164.98
5180,220,F,32033,169.97
5190,220,F,32102,172.55
5200,220,F,32172,174.98
5210,220,F,32243,177.50
5220,220,F,32312,172.48
5230,220,F,32381,172.50
5240,220,F,32450,172.52
5250,220,F,32521,177.48
5260,220,F,32591,175.00
5270,220,F,32660,172.53
5280,220,F,32731,177.45
5290,220,F,32804,182.54
5300,220,F,32875,177.50
5310,220,F,32946,177.46
5320,220,F,33016,175.00
5330,220,F,33092,190.06
5340,220,F,33165,182.37
5350,220,F,33232,167.62
5360,220,F,33296,159.98
5370,220,F,33367,177.48
5380,220,F,33439,180.00
5390,220,F,33510,177.54
5400,220,F,33580,174.93
5410,220,F,33651,177.45
5420,220,F,33722,177.61
5430,220,F,33792,175.02
5440,220,F,33862,175.00
5450,220,F,33933,177.46
5460,220,F,34006,182.54
5470,220,F,34076,174.98
5480,220,F,34147,177.46
5490,220,F,34216,172.53
5500,220,F,34283,167.50
=== END ===
# Trial 19 of 46: step_up_rev_180_run01
=== START step_up_rev_180_run01 ===
t_ms,pwm_cmd,dir,enc_count,rpm
0,0,N,0,0.00
10,0,N,0,0.00
20,0,N,0,0.00
30,0,N,0,0.00
40,0,N,0,0.00
50,0,N,0,0.00
60,0,N,0,0.00
70,0,N,0,0.00
80,0,N,0,0.00
90,0,N,0,0.00
100,0,N,0,0.00
110,0,N,0,0.00
120,0,N,0,0.00
130,0,N,0,0.00
140,0,N,0,0.00
150,0,N,0,0.00
160,0,N,0,0.00
170,0,N,0,0.00
180,0,N,0,0.00
190,0,N,0,0.00
200,0,N,0,0.00
210,0,N,0,0.00
220,0,N,0,0.00
230,0,N,0,0.00
240,0,N,0,0.00
250,0,N,0,0.00
260,0,N,0,0.00
270,0,N,0,0.00
280,0,N,0,0.00
290,0,N,0,0.00
300,0,N,0,0.00
310,0,N,0,0.00
320,0,N,0,0.00
330,0,N,0,0.00
340,0,N,0,0.00
350,0,N,0,0.00
360,0,N,0,0.00
370,0,N,0,0.00
380,0,N,0,0.00
390,0,N,0,0.00
400,0,N,0,0.00
410,0,N,0,0.00
420,0,N,0,0.00
430,0,N,0,0.00
440,0,N,0,0.00
450,0,N,0,0.00
460,0,N,0,0.00
470,0,N,0,0.00
480,0,N,0,0.00
490,0,N,0,0.00
500,180,R,0,0.00
510,180,R,-2,-5.00
520,180,R,-9,-17.51
530,180,R,-18,-22.50
540,180,R,-31,-32.50
550,180,R,-47,-40.00
560,180,R,-66,-47.50
570,180,R,-86,-49.99
580,180,R,-108,-55.02
590,180,R,-132,-60.00
600,180,R,-157,-62.49
610,180,R,-184,-67.49
620,180,R,-212,-70.01
630,180,R,-241,-72.50
640,180,R,-270,-72.49
650,180,R,-301,-77.51
660,180,R,-332,-77.49
670,180,R,-365,-82.50
680,180,R,-397,-80.02
690,180,R,-431,-84.95
700,180,R,-464,-82.55
710,180,R,-498,-84.99
720,180,R,-532,-85.02
730,180,R,-566,-85.00
740,180,R,-602,-89.99
750,180,R,-644,-104.99
760,180,R,-679,-87.49
770,180,R,-715,-90.01
780,180,R,-751,-90.02
790,180,R,-786,-87.47
800,180,R,-823,-92.53
810,180,R,-859,-89.98
820,180,R,-893,-85.00
830,180,R,-925,-80.02
840,180,R,-961,-90.00
850,180,R,-999,-94.97
860,180,R,-1035,-90.02
870,180,R,-1072,-92.51
880,180,R,-1108,-89.97
890,180,R,-1144,-90.02
900,180,R,-1179,-87.49
910,180,R,-1215,-90.02
920,180,R,-1251,-89.97
930,180,R,-1288,-92.52
940,180,R,-1325,-92.49
950,180,R,-1362,-92.51
960,180,R,-1400,-94.99
970,180,R,-1437,-92.52
980,180,R,-1475,-95.00
990,180,R,-1513,-94.98
1000,180,R,-1551,-95.00
1010,180,R,-1589,-95.00
1020,180,R,-1627,-95.01
1030,180,R,-1665,-94.98
1040,180,R,-1702,-92.51
1050,180,R,-1739,-92.50
1060,180,R,-1776,-92.48
1070,180,R,-1813,-92.52
1080,180,R,-1850,-92.51
1090,180,R,-1887,-92.51
1100,180,R,-1924,-92.48
1110,180,R,-1961,-92.52
1120,180,R,-1999,-95.00
1130,180,R,-2035,-89.99
1140,180,R,-2073,-94.99
1150,180,R,-2111,-94.99
1160,180,R,-2148,-92.50
1170,180,R,-2186,-95.02
1180,180,R,-2224,-95.01
1190,180,R,-2262,-95.00
1200,180,R,-2300,-94.97
1210,180,R,-2337,-92.53
1220,180,R,-2375,-94.97
1230,180,R,-2412,-92.50
1240,180,R,-2449,-92.49
1250,180,R,-2487,-95.03
1260,180,R,-2525,-94.98
1270,180,R,-2561,-90.01
1280,180,R,-2600,-97.51
1290,180,R,-2637,-92.51
1300,180,R,-2675,-95.00
1310,180,R,-2713,-94.98
1320,180,R,-2751,-95.00
1330,180,R,-2789,-95.00
1340,180,R,-2827,-94.99
1350,180,R,-2866,-97.52
1360,180,R,-2904,-94.99
1370,180,R,-2941,-92.50
1380,180,R,-2978,-92.51
1390,180,R,-3016,-94.99
1400,180,R,-3054,-95.00
1410,180,R,-3099,-112.50
1420,180,R,-3139,-100.02
1430,180,R,-3176,-92.49
1440,180,R,-3215,-97.50
1450,180,R,-3253,-94.98
1460,180,R,-3287,-85.00
1470,180,R,-3322,-87.52
1480,180,R,-3360,-94.99
1490,180,R,-3399,-97.51
1500,180,R,-3437,-94.98
1510,180,R,-3475,-95.03
1520,180,R,-3512,-92.50
1530,180,R,-3549,-92.49
1540,180,R,-3586,-92.49
1550,180,R,-3622,-89.98
1560,180,R,-3660,-95.01
1570,180,R,-3698,-94.99
1580,180,R,-3736,-95.01
1590,180,R,-3774,-95.00
1600,180,R,-3812,-95.03
1610,180,R,-3851,-97.49
1620,180,R,-3890,-97.50
1630,180,R,-3928,-95.01
1640,180,R,-3967,-97.49
1650,180,R,-4006,-97.49
1660,180,R,-4044,-95.00
1670,180,R,-4083,-97.51
1680,180,R,-4120,-92.50
1690,180,R,-4158,-95.00
1700,180,R,-4195,-92.48
1710,180,R,-4233,-95.01
1720,180,R,-4271,-94.99
1730,180,R,-4308,-92.51
1740,180,R,-4345,-92.52
1750,180,R,-4383,-94.99
1760,180,R,-4420,-92.48
1770,180,R,-4458,-95.03
1780,180,R,-4496,-94.96
1790,180,R,-4533,-92.51
1800,180,R,-4572,-97.50
1810,180,R,-4610,-95.02
1820,180,R,-4648,-95.00
1830,180,R,-4687,-97.51
1840,180,R,-4724,-92.48
1850,180,R,-4762,-94.99
1860,180,R,-4799,-92.51
1870,180,R,-4836,-92.51
1880,180,R,-4875,-97.50
1890,180,R,-4912,-92.50
1900,180,R,-4949,-92.51
1910,180,R,-4987,-94.97
1920,180,R,-5025,-95.01
1930,180,R,-5063,-95.02
1940,180,R,-5101,-94.97
1950,180,R,-5139,-95.02
1960,180,R,-5177,-94.99
1970,180,R,-5215,-94.98
1980,180,R,-5253,-95.02
1990,180,R,-5291,-94.99
2000,180,R,-5329,-95.00
2010,180,R,-5366,-92.47
2020,180,R,-5404,-94.98
2030,180,R,-5440,-90.07
2040,180,R,-5480,-99.98
2050,180,R,-5523,-107.51
2060,180,R,-5563,-100.01
2070,180,R,-5602,-97.50
2080,180,R,-5639,-92.47
2090,180,R,-5676,-92.51
2100,180,R,-5708,-79.99
2110,180,R,-5746,-95.02
2120,180,R,-5785,-97.48
2130,180,R,-5823,-95.01
2140,180,R,-5861,-94.99
2150,180,R,-5899,-95.01
2160,180,R,-5935,-90.02
2170,180,R,-5972,-92.50
2180,180,R,-6009,-92.50
2190,180,R,-6045,-89.98
2200,180,R,-6083,-94.99
2210,180,R,-6122,-97.50
2220,180,R,-6159,-92.50
2230,180,R,-6198,-97.50
2240,180,R,-6236,-95.03
2250,180,R,-6274,-94.98
2260,180,R,-6314,-100.02
2270,180,R,-6352,-94.99
2280,180,R,-6391,-97.48
2290,180,R,-6430,-97.45
2300,180,R,-6468,-95.01
2310,180,R,-6506,-95.06
2320,180,R,-6543,-92.50
2330,180,R,-6580,-92.48
2340,180,R,-6618,-94.99
2350,180,R,-6655,-92.52
2360,180,R,-6693,-95.00
2370,180,R,-6731,-95.00
2380,180,R,-6768,-92.50
2390,180,R,-6806,-95.02
2400,180,R,-6843,-92.47
2410,180,R,-6880,-92.50
2420,180,R,-6918,-95.03
2430,180,R,-6956,-94.99
2440,180,R,-6994,-95.00
2450,180,R,-7033,-97.49
2460,180,R,-7071,-95.01
2470,180,R,-7109,-95.01
2480,180,R,-7147,-94.99
2490,180,R,-7184,-92.51
2500,180,R,-7222,-94.98
2510,180,R,-7259,-92.50
2520,180,R,-7296,-92.48
2530,180,R,-7334,-95.02
2540,180,R,-7372,-95.00
2550,180,R,-7409,-92.50
2560,180,R,-7447,-95.00
2570,180,R,-7485,-95.00
2580,180,R,-7523,-94.98
2590,180,R,-7561,-95.01
2600,180,R,-7599,-95.03
2610,180,R,-7638,-97.47
2620,180,R,-7676,-95.02
2630,180,R,-7714,-94.98
2640,180,R,-7751,-92.49
2650,180,R,-7788,-92.53
2660,180,R,-7826,-94.97
2670,180,R,-7864,-95.02
2680,180,R,-7904,-100.02
2690,180,R,-7948,-110.00
2700,180,R,-7987,-97.47
2710,180,R,-8026,-97.51
2720,180,R,-8063,-92.50
2730,180,R,-8095,-79.99
2740,180,R,-8133,-95.02
2750,180,R,-8172,-97.49
2760,180,R,-8210,-95.00
2770,180,R,-8249,-97.51
2780,180,R,-8287,-94.99
2790,180,R,-8324,-92.51
2800,180,R,-8361,-92.49
2810,180,R,-8398,-92.50
2820,180,R,-8434,-90.00
2830,180,R,-8472,-95.02
2840,180,R,-8511,-97.50
2850,180,R,-8549,-94.98
2860,180,R,-8588,-97.50
2870,180,R,-8626,-94.98
2880,180,R,-8665,-97.52
2890,180,R,-8704,-97.49
2900,180,R,-8742,-95.02
2910,180,R,-8782,-99.99
2920,180,R,-8821,-97.50
2930,180,R,-8859,-95.01
2940,180,R,-8898,-97.48
2950,180,R,-8935,-92.53
2960,180,R,-8973,-95.00
2970,180,R,-9011,-95.00
2980,180,R,-9048,-92.50
2990,180,R,-9087,-97.49
3000,180,R,-9124,-92.50
3010,180,R,-9161,-92.51
3020,180,R,-9199,-94.99
3030,180,R,-9237,-95.00
3040,180,R,-9275,-94.99
3050,180,R,-9313,-94.99
3060,180,R,-9350,-92.51
3070,180,R,-9389,-97.51
3080,180,R,-9428,-97.48
3090,180,R,-9466,-94.99
3100,180,R,-9505,-97.53
3110,180,R,-9542,-92.50
3120,180,R,-9579,-92.48
3130,180,R,-9618,-97.50
3140,180,R,-9655,-92.50
3150,180,R,-9692,-92.51
3160,180,R,-9731,-97.48
3170,180,R,-9768,-92.47
3180,180,R,-9806,-95.06
3190,180,R,-9844,-94.97
3200,180,R,-9881,-92.54
3210,180,R,-9920,-97.49
3220,180,R,-9958,-94.99
3230,180,R,-9997,-97.52
3240,180,R,-10035,-94.98
3250,180,R,-10073,-95.02
3260,180,R,-10111,-94.99
3270,180,R,-10149,-94.99
3280,180,R,-10186,-92.49
3290,180,R,-10224,-95.01
3300,180,R,-10262,-95.02
3310,180,R,-10304,-104.96
3320,180,R,-10348,-110.04
3330,180,R,-10385,-92.50
3340,180,R,-10424,-97.49
3350,180,R,-10462,-95.00
3360,180,R,-10496,-85.00
3370,180,R,-10533,-92.49
3380,180,R,-10571,-94.99
3390,180,R,-10610,-97.50
3400,180,R,-10648,-95.01
3410,180,R,-10687,-97.51
3420,180,R,-10724,-92.47
3430,180,R,-10761,-92.54
3440,180,R,-10798,-92.46
3450,180,R,-10835,-92.54
3460,180,R,-10874,-97.46
3470,180,R,-10912,-95.03
3480,180,R,-10950,-94.98
3490,180,R,-10989,-97.53
3500,180,R,-11028,-97.48
3510,180,R,-11067,-97.50
3520,180,R,-11106,-97.52
3530,180,R,-11145,-97.48
3540,180,R,-11185,-99.99
3550,180,R,-11224,-97.51
3560,180,R,-11263,-97.52
3570,180,R,-11302,-97.49
3580,180,R,-11340,-94.99
3590,180,R,-11377,-92.49
3600,180,R,-11416,-97.53
3610,180,R,-11453,-92.50
3620,180,R,-11492,-97.46
3630,180,R,-11530,-95.01
3640,180,R,-11567,-92.50
3650,180,R,-11606,-97.50
3660,180,R,-11644,-95.00
3670,180,R,-11682,-95.01
3680,180,R,-11720,-95.01
3690,180,R,-11759,-97.48
3700,180,R,-11798,-97.53
3710,180,R,-11836,-95.00
3720,180,R,-11875,-97.50
3730,180,R,-11914,-97.50
3740,180,R,-11952,-94.98
3750,180,R,-11990,-95.02
3760,180,R,-12028,-94.97
3770,180,R,-12066,-95.00
3780,180,R,-12104,-95.03
3790,180,R,-12142,-95.00
3800,180,R,-12180,-94.98
3810,180,R,-12218,-94.99
3820,180,R,-12257,-97.52
3830,180,R,-12295,-94.98
3840,180,R,-12333,-95.00
3850,180,R,-12372,-97.53
3860,180,R,-12411,-97.46
3870,180,R,-12449,-95.04
3880,180,R,-12488,-97.47
3890,180,R,-12526,-95.02
3900,180,R,-12563,-92.51
3910,180,R,-12602,-97.49
3920,180,R,-12639,-92.49
3930,180,R,-12679,-99.99
3940,180,R,-12723,-110.02
3950,180,R,-12764,-102.49
3960,180,R,-12803,-97.52
3970,180,R,-12840,-92.50
3980,180,R,-12877,-92.50
3990,180,R,-12911,-84.97
4000,180,R,-12948,-92.50
4010,180,R,-12987,-97.51
4020,180,R,-13026,-97.50
4030,180,R,-13065,-97.49
4040,180,R,-13103,-95.02
4050,180,R,-13140,-92.48
4060,180,R,-13177,-92.53
4070,180,R,-13214,-92.48
4080,180,R,-13251,-92.50
4090,180,R,-13290,-97.51
4100,180,R,-13329,-97.48
4110,180,R,-13367,-95.00
4120,180,R,-13406,-97.53
4130,180,R,-13445,-97.50
4140,180,R,-13484,-97.49
4150,180,R,-13523,-97.51
4160,180,R,-13563,-100.00
4170,180,R,-13602,-97.49
4180,180,R,-13641,-97.47
4190,180,R,-13680,-97.51
4200,180,R,-13718,-95.03
4210,180,R,-13757,-97.49
4220,180,R,-13795,-95.00
4230,180,R,-13833,-95.00
4240,180,R,-13871,-95.01
4250,180,R,-13909,-95.00
4260,180,R,-13947,-94.99
4270,180,R,-13986,-97.49
4280,180,R,-14023,-92.49
4290,180,R,-14062,-97.51
4300,180,R,-14100,-95.02
4310,180,R,-14138,-94.96
4320,180,R,-14177,-97.54
4330,180,R,-14216,-97.46
4340,180,R,-14255,-97.50
4350,180,R,-14294,-97.52
4360,180,R,-14332,-95.00
4370,180,R,-14371,-97.51
4380,180,R,-14409,-94.98
4390,180,R,-14446,-92.50
4400,180,R,-14485,-97.50
4410,180,R,-14523,-95.01
4420,180,R,-14561,-95.00
4430,180,R,-14600,-97.52
4440,180,R,-14637,-92.50
4450,180,R,-14675,-94.99
4460,180,R,-14715,-100.01
4470,180,R,-14753,-94.97
4480,180,R,-14792,-97.53
4490,180,R,-14830,-94.97
4500,180,R,-14869,-97.52
4510,180,R,-14908,-97.44
4520,180,R,-14945,-92.56
4530,180,R,-14983,-94.97
4540,180,R,-15021,-95.01
4550,180,R,-15059,-95.00
4560,180,R,-15101,-105.01
4570,180,R,-15145,-110.00
4580,180,R,-15183,-95.01
4590,180,R,-15222,-97.49
4600,180,R,-15260,-94.99
4610,180,R,-15294,-84.99
4620,180,R,-15332,-95.02
4630,180,R,-15369,-92.51
4640,180,R,-15408,-97.46
4650,180,R,-15447,-97.51
4660,180,R,-15485,-95.01
4670,180,R,-15523,-95.00
4680,180,R,-15560,-92.52
4690,180,R,-15597,-92.48
4700,180,R,-15634,-92.49
4710,180,R,-15673,-97.52
4720,180,R,-15711,-95.00
4730,180,R,-15750,-97.48
4740,180,R,-15789,-97.51
4750,180,R,-15827,-95.00
4760,180,R,-15867,-100.01
4770,180,R,-15906,-97.49
4780,180,R,-15945,-97.50
4790,180,R,-15985,-100.01
4800,180,R,-16024,-97.49
4810,180,R,-16063,-97.44
4820,180,R,-16102,-97.56
4830,180,R,-16140,-95.00
4840,180,R,-16177,-92.52
4850,180,R,-16216,-97.50
4860,180,R,-16253,-92.46
4870,180,R,-16291,-95.01
4880,180,R,-16329,-95.01
4890,180,R,-16367,-95.01
4900,180,R,-16405,-95.00
4910,180,R,-16443,-95.01
4920,180,R,-16481,-94.98
4930,180,R,-16520,-97.50
4940,180,R,-16558,-95.00
4950,180,R,-16597,-97.48
4960,180,R,-16635,-95.02
4970,180,R,-16674,-97.49
4980,180,R,-16713,-97.49
4990,180,R,-16751,-95.03
5000,180,R,-16788,-92.48
5010,180,R,-16826,-95.01
5020,180,R,-16864,-94.99
5030,180,R,-16902,-95.00
5040,180,R,-16940,-95.01
5050,180,R,-16978,-95.01
5060,180,R,-17015,-92.48
5070,180,R,-17054,-97.52
5080,180,R,-17092,-94.99
5090,180,R,-17130,-95.00
5100,180,R,-17168,-95.02
5110,180,R,-17207,-97.48
5120,180,R,-17245,-95.00
5130,180,R,-17284,-97.50
5140,180,R,-17322,-95.01
5150,180,R,-17359,-92.51
5160,180,R,-17397,-94.98
5170,180,R,-17435,-94.99
5180,180,R,-17474,-97.50
5190,180,R,-17519,-112.52
5200,180,R,-17558,-97.48
5210,180,R,-17598,-99.99
5220,180,R,-17636,-95.04
5230,180,R,-17673,-92.50
5240,180,R,-17706,-82.50
5250,180,R,-17744,-94.98
5260,180,R,-17783,-97.51
5270,180,R,-17822,-97.51
5280,180,R,-17860,-95.00
5290,180,R,-17898,-94.98
5300,180,R,-17936,-95.00
5310,180,R,-17973,-92.49
5320,180,R,-18010,-92.51
5330,180,R,-18047,-92.48
5340,180,R,-18086,-97.53
5350,180,R,-18125,-97.48
5360,180,R,-18163,-95.00
5370,180,R,-18203,-99.99
5380,180,R,-18242,-97.52
5390,180,R,-18281,-97.51
5400,180,R,-18320,-97.50
5410,180,R,-18360,-100.01
5420,180,R,-18399,-97.48
5430,180,R,-18438,-97.52
5440,180,R,-18478,-100.00
5450,180,R,-18516,-94.98
5460,180,R,-18555,-97.49
5470,180,R,-18593,-95.02
5480,180,R,-18631,-94.99
5490,180,R,-18669,-95.01
=== END ===
# Trial 20 of 46: step_up_rev_180_run02
=== START step_up_rev_180_run02 ===
t_ms,pwm_cmd,dir,enc_count,rpm
0,0,N,0,0.00
10,0,N,0,0.00
20,0,N,0,0.00
30,0,N,0,0.00
40,0,N,0,0.00
50,0,N,0,0.00
60,0,N,0,0.00
70,0,N,0,0.00
80,0,N,0,0.00
90,0,N,0,0.00
100,0,N,0,0.00
110,0,N,0,0.00
120,0,N,0,0.00
130,0,N,0,0.00
140,0,N,0,0.00
150,0,N,0,0.00
160,0,N,0,0.00
170,0,N,0,0.00
180,0,N,0,0.00
190,0,N,0,0.00
200,0,N,0,0.00
210,0,N,0,0.00
220,0,N,0,0.00
230,0,N,0,0.00
240,0,N,0,0.00
250,0,N,0,0.00
260,0,N,0,0.00
270,0,N,0,0.00
280,0,N,0,0.00
290,0,N,0,0.00
300,0,N,0,0.00
310,0,N,0,0.00
320,0,N,0,0.00
330,0,N,0,0.00
340,0,N,0,0.00
350,0,N,0,0.00
360,0,N,0,0.00
370,0,N,0,0.00
380,0,N,0,0.00
390,0,N,0,0.00
400,0,N,0,0.00
410,0,N,0,0.00
420,0,N,0,0.00
430,0,N,0,0.00
440,0,N,0,0.00
450,0,N,0,0.00
460,0,N,0,0.00
470,0,N,0,0.00
480,0,N,0,0.00
490,0,N,0,0.00
500,180,R,0,0.00
510,180,R,-1,-2.50
520,180,R,-8,-17.50
530,180,R,-17,-22.50
540,180,R,-30,-32.49
550,180,R,-45,-37.50
560,180,R,-64,-47.51
570,180,R,-84,-49.99
580,180,R,-105,-52.51
590,180,R,-129,-60.01
600,180,R,-154,-62.48
610,180,R,-180,-65.01
620,180,R,-207,-67.50
630,180,R,-235,-70.01
640,180,R,-265,-74.99
650,180,R,-294,-72.50
660,180,R,-325,-77.52
670,180,R,-356,-77.49
680,180,R,-389,-82.48
690,180,R,-421,-80.00
700,180,R,-455,-85.02
710,180,R,-488,-82.48
720,180,R,-522,-85.03
730,180,R,-556,-84.97
740,180,R,-590,-85.03
750,180,R,-624,-84.99
760,180,R,-658,-85.01
770,180,R,-693,-87.50
780,180,R,-728,-87.49
790,180,R,-764,-89.99
800,180,R,-804,-99.99
810,180,R,-845,-102.49
820,180,R,-881,-90.04
830,180,R,-916,-87.47
840,180,R,-946,-75.01
850,180,R,-983,-92.52
860,180,R,-1019,-89.99
870,180,R,-1057,-95.00
880,180,R,-1094,-92.50
890,180,R,-1130,-89.99
900,180,R,-1167,-92.50
910,180,R,-1202,-87.50
920,180,R,-1238,-90.03
930,180,R,-1274,-89.99
940,180,R,-1309,-87.51
950,180,R,-1347,-94.97
960,180,R,-1384,-92.53
970,180,R,-1421,-92.48
980,180,R,-1459,-95.02
990,180,R,-1496,-92.50
1000,180,R,-1534,-94.98
1010,180,R,-1573,-97.50
1020,180,R,-1610,-92.50
1030,180,R,-1649,-97.51
1040,180,R,-1687,-94.99
1050,180,R,-1725,-95.02
1060,180,R,-1763,-94.98
1070,180,R,-1800,-92.49
1080,180,R,-1837,-92.51
1090,180,R,-1875,-95.00
1100,180,R,-1912,-92.51
1110,180,R,-1950,-94.98
1120,180,R,-1987,-92.51
1130,180,R,-2025,-95.01
1140,180,R,-2063,-94.99
1150,180,R,-2100,-92.52
1160,180,R,-2139,-97.48
1170,180,R,-2177,-95.01
1180,180,R,-2214,-92.50
1190,180,R,-2253,-97.48
1200,180,R,-2291,-95.00
1210,180,R,-2329,-95.00
1220,180,R,-2368,-97.52
1230,180,R,-2406,-94.98
1240,180,R,-2443,-92.52
1250,180,R,-2482,-97.51
1260,180,R,-2519,-92.47
1270,180,R,-2557,-95.00
1280,180,R,-2595,-95.00
1290,180,R,-2632,-92.52
1300,180,R,-2671,-97.51
1310,180,R,-2708,-92.48
1320,180,R,-2746,-94.99
1330,180,R,-2785,-97.52
1340,180,R,-2823,-94.98
1350,180,R,-2862,-97.53
1360,180,R,-2900,-95.00
1370,180,R,-2939,-97.44
1380,180,R,-2977,-94.96
1390,180,R,-3014,-92.56
1400,180,R,-3051,-92.50
1410,180,R,-3089,-95.00
1420,180,R,-3127,-95.03
1430,180,R,-3166,-97.49
1440,180,R,-3210,-109.97
1450,180,R,-3251,-102.53
1460,180,R,-3290,-97.48
1470,180,R,-3327,-92.52
1480,180,R,-3359,-79.99
1490,180,R,-3397,-95.02
1500,180,R,-3436,-97.47
1510,180,R,-3474,-95.03
1520,180,R,-3512,-94.99
1530,180,R,-3550,-95.00
1540,180,R,-3588,-94.97
1550,180,R,-3625,-92.53
1560,180,R,-3662,-92.50
1570,180,R,-3699,-92.51
1580,180,R,-3737,-94.96
1590,180,R,-3775,-95.01
1600,180,R,-3814,-97.51
1610,180,R,-3853,-97.49
1620,180,R,-3892,-97.51
1630,180,R,-3930,-95.02
1640,180,R,-3970,-99.96
1650,180,R,-4008,-95.03
1660,180,R,-4048,-100.00
1670,180,R,-4087,-97.49
1680,180,R,-4126,-97.50
1690,180,R,-4165,-97.48
1700,180,R,-4203,-95.01
1710,180,R,-4240,-92.53
1720,180,R,-4279,-97.47
1730,180,R,-4317,-94.95
1740,180,R,-4355,-95.06
1750,180,R,-4393,-94.99
1760,180,R,-4430,-92.51
1770,180,R,-4469,-97.50
1780,180,R,-4507,-94.98
1790,180,R,-4544,-92.50
1800,180,R,-4583,-97.51
1810,180,R,-4621,-95.03
1820,180,R,-4660,-97.48
1830,180,R,-4699,-97.52
1840,180,R,-4738,-97.46
1850,180,R,-4776,-95.02
1860,180,R,-4814,-95.02
1870,180,R,-4852,-94.99
1880,180,R,-4890,-95.00
1890,180,R,-4928,-95.01
1900,180,R,-4965,-92.50
1910,180,R,-5004,-97.47
1920,180,R,-5043,-97.50
1930,180,R,-5081,-95.02
1940,180,R,-5119,-94.98
1950,180,R,-5158,-97.49
1960,180,R,-5196,-95.03
1970,180,R,-5235,-97.48
1980,180,R,-5274,-97.53
1990,180,R,-5312,-95.00
2000,180,R,-5351,-97.47
2010,180,R,-5389,-95.03
2020,180,R,-5426,-92.47
2030,180,R,-5465,-97.53
2040,180,R,-5512,-117.49
2050,180,R,-5551,-97.51
2060,180,R,-5589,-94.96
2070,180,R,-5628,-97.54
2080,180,R,-5666,-94.97
2090,180,R,-5704,-95.01
2100,180,R,-5737,-82.50
2110,180,R,-5773,-90.02
2120,180,R,-5812,-97.47
2130,180,R,-5851,-97.53
2140,180,R,-5890,-97.50
2150,180,R,-5928,-94.98
2160,180,R,-5967,-97.46
2170,180,R,-6004,-92.54
2180,180,R,-6040,-90.00
2190,180,R,-6078,-95.01
2200,180,R,-6114,-89.98
2210,180,R,-6152,-95.03
2220,180,R,-6190,-94.99
2230,180,R,-6228,-95.00
2240,180,R,-6267,-97.50
2250,180,R,-6305,-94.99
2260,180,R,-6343,-94.99
2270,180,R,-6382,-97.52
2280,180,R,-6420,-94.98
2290,180,R,-6459,-97.50
2300,180,R,-6497,-95.02
2310,180,R,-6535,-94.99
2320,180,R,-6573,-95.01
2330,180,R,-6611,-94.98
2340,180,R,-6647,-90.00
2350,180,R,-6685,-94.99
2360,180,R,-6722,-92.53
2370,180,R,-6759,-92.51
2380,180,R,-6797,-94.99
2390,180,R,-6834,-92.51
2400,180,R,-6871,-92.47
2410,180,R,-6908,-92.50
2420,180,R,-6945,-92.50
2430,180,R,-6983,-95.03
2440,180,R,-7021,-94.99
2450,180,R,-7059,-95.01
2460,180,R,-7097,-94.99
2470,180,R,-7135,-94.99
2480,180,R,-7173,-94.98
2490,180,R,-7210,-92.51
2500,180,R,-7247,-92.51
2510,180,R,-7285,-94.98
2520,180,R,-7322,-92.51
2530,180,R,-7360,-94.99
2540,180,R,-7398,-95.01
2550,180,R,-7435,-92.52
2560,180,R,-7473,-94.99
2570,180,R,-7510,-92.50
2580,180,R,-7548,-94.99
2590,180,R,-7587,-97.52
2600,180,R,-7624,-92.49
2610,180,R,-7663,-97.52
2620,180,R,-7701,-94.97
2630,180,R,-7740,-97.52
2640,180,R,-7778,-95.01
2650,180,R,-7815,-92.50
2660,180,R,-7853,-95.00
2670,180,R,-7892,-97.50
2680,180,R,-7936,-109.97
2690,180,R,-7976,-100.00
2700,180,R,-8014,-95.02
2710,180,R,-8052,-94.98
2720,180,R,-8091,-97.50
2730,180,R,-8125,-85.03
2740,180,R,-8159,-84.99
2750,180,R,-8197,-95.00
2760,180,R,-8236,-97.50
2770,180,R,-8275,-97.50
2780,180,R,-8314,-97.49
2790,180,R,-8352,-94.99
2800,180,R,-8389,-92.51
2810,180,R,-8426,-92.50
2820,180,R,-8462,-90.01
2830,180,R,-8499,-92.49
2840,180,R,-8536,-92.48
2850,180,R,-8574,-95.03
2860,180,R,-8612,-94.98
2870,180,R,-8651,-97.50
2880,180,R,-8689,-95.01
2890,180,R,-8727,-94.99
2900,180,R,-8766,-97.50
2910,180,R,-8804,-95.02
2920,180,R,-8843,-97.51
2930,180,R,-8881,-94.97
2940,180,R,-8920,-97.53
2950,180,R,-8958,-95.00
2960,180,R,-8995,-92.46
2970,180,R,-9033,-95.04
2980,180,R,-9070,-92.48
2990,180,R,-9107,-92.50
3000,180,R,-9145,-95.02
3010,180,R,-9182,-92.46
3020,180,R,-9219,-92.51
3030,180,R,-9257,-95.01
3040,180,R,-9294,-92.50
3050,180,R,-9332,-94.99
3060,180,R,-9369,-92.51
3070,180,R,-9407,-95.02
3080,180,R,-9445,-94.97
3090,180,R,-9483,-95.00
3100,180,R,-9521,-94.99
3110,180,R,-9559,-95.01
3120,180,R,-9597,-94.94
3130,180,R,-9634,-92.56
3140,180,R,-9671,-92.52
3150,180,R,-9708,-92.48
3160,180,R,-9747,-97.52
3170,180,R,-9784,-92.48
3180,180,R,-9821,-92.49
3190,180,R,-9860,-97.51
3200,180,R,-9897,-92.50
3210,180,R,-9935,-95.02
3220,180,R,-9973,-94.98
3230,180,R,-10011,-95.02
3240,180,R,-10050,-97.48
3250,180,R,-10088,-94.98
3260,180,R,-10126,-95.03
3270,180,R,-10164,-94.99
3280,180,R,-10202,-94.99
3290,180,R,-10239,-92.50
3300,180,R,-10277,-95.02
3310,180,R,-10314,-92.48
3320,180,R,-10354,-100.00
3330,180,R,-10395,-102.52
3340,180,R,-10437,-104.98
3350,180,R,-10476,-97.50
3360,180,R,-10511,-87.50
3370,180,R,-10545,-85.03
3380,180,R,-10583,-95.00
3390,180,R,-10621,-94.97
3400,180,R,-10660,-97.53
3410,180,R,-10699,-97.47
3420,180,R,-10737,-94.99
3430,180,R,-10774,-92.51
3440,180,R,-10811,-92.52
3450,180,R,-10847,-90.00
3460,180,R,-10884,-92.51
3470,180,R,-10921,-92.48
3480,180,R,-10958,-92.52
3490,180,R,-10997,-97.50
3500,180,R,-11035,-95.00
3510,180,R,-11073,-94.99
3520,180,R,-11111,-94.98
3530,180,R,-11149,-95.03
3540,180,R,-11188,-97.49
3550,180,R,-11227,-97.50
3560,180,R,-11265,-94.99
3570,180,R,-11304,-97.51
3580,180,R,-11342,-94.98
3590,180,R,-11379,-92.51
3600,180,R,-11417,-95.00
3610,180,R,-11454,-92.50
3620,180,R,-11491,-92.51
3630,180,R,-11529,-95.01
3640,180,R,-11566,-92.49
3650,180,R,-11604,-94.98
3660,180,R,-11641,-92.51
3670,180,R,-11678,-92.49
3680,180,R,-11716,-95.03
3690,180,R,-11754,-94.99
3700,180,R,-11791,-92.50
3710,180,R,-11829,-95.00
3720,180,R,-11867,-95.01
3730,180,R,-11905,-94.97
3740,180,R,-11943,-94.99
3750,180,R,-11981,-95.01
3760,180,R,-12019,-95.00
3770,180,R,-12056,-92.51
3780,180,R,-12093,-92.51
3790,180,R,-12131,-94.99
3800,180,R,-12168,-92.51
3810,180,R,-12206,-94.98
3820,180,R,-12244,-95.01
3830,180,R,-12281,-92.50
3840,180,R,-12319,-94.99
3850,180,R,-12357,-95.00
3860,180,R,-12395,-94.99
3870,180,R,-12433,-95.02
3880,180,R,-12471,-95.02
3890,180,R,-12509,-95.00
3900,180,R,-12547,-94.97
3910,180,R,-12584,-92.51
3920,180,R,-12621,-92.49
3930,180,R,-12659,-95.03
3940,180,R,-12696,-92.47
3950,180,R,-12734,-95.00
3960,180,R,-12772,-95.00
3970,180,R,-12815,-107.53
3980,180,R,-12855,-99.99
3990,180,R,-12892,-92.51
4000,180,R,-12925,-82.49
4010,180,R,-12963,-94.97
4020,180,R,-13000,-92.53
4030,180,R,-13038,-95.00
4040,180,R,-13076,-94.97
4050,180,R,-13115,-97.47
4060,180,R,-13152,-92.54
4070,180,R,-13189,-92.53
4080,180,R,-13225,-90.00
4090,180,R,-13262,-92.48
4100,180,R,-13298,-89.99
4110,180,R,-13335,-92.53
4120,180,R,-13372,-92.49
4130,180,R,-13410,-94.95
4140,180,R,-13448,-95.06
4150,180,R,-13486,-94.97
4160,180,R,-13523,-92.51
4170,180,R,-13562,-97.51
4180,180,R,-13600,-95.00
4190,180,R,-13638,-94.98
4200,180,R,-13676,-95.00
4210,180,R,-13714,-94.99
4220,180,R,-13752,-95.01
4230,180,R,-13789,-92.52
4240,180,R,-13827,-94.91
4250,180,R,-13863,-90.07
4260,180,R,-13900,-92.50
4270,180,R,-13938,-94.98
4280,180,R,-13974,-90.03
4290,180,R,-14011,-92.48
4300,180,R,-14049,-95.03
4310,180,R,-14086,-92.45
4320,180,R,-14123,-92.55
4330,180,R,-14160,-92.48
4340,180,R,-14197,-92.49
4350,180,R,-14235,-95.00
4360,180,R,-14273,-95.00
4370,180,R,-14310,-92.49
4380,180,R,-14348,-95.03
4390,180,R,-14385,-92.51
4400,180,R,-14423,-95.00
4410,180,R,-14460,-92.49
4420,180,R,-14496,-89.98
4430,180,R,-14534,-95.00
4440,180,R,-14571,-92.50
4450,180,R,-14608,-92.51
4460,180,R,-14645,-92.51
4470,180,R,-14682,-92.49
4480,180,R,-14720,-94.98
4490,180,R,-14757,-92.53
4500,180,R,-14795,-94.99
4510,180,R,-14833,-95.02
4520,180,R,-14871,-95.00
4530,180,R,-14908,-92.49
4540,180,R,-14946,-94.98
4550,180,R,-14984,-95.02
4560,180,R,-15021,-92.50
4570,180,R,-15058,-92.51
4580,180,R,-15095,-92.49
4590,180,R,-15132,-92.50
4600,180,R,-15171,-97.48
4610,180,R,-15213,-105.03
4620,180,R,-15253,-100.00
4630,180,R,-15291,-95.00
4640,180,R,-15323,-79.96
4650,180,R,-15361,-95.03
4660,180,R,-15398,-92.52
4670,180,R,-15436,-94.97
4680,180,R,-15474,-95.02
4690,180,R,-15512,-94.98
4700,180,R,-15550,-95.02
4710,180,R,-15586,-90.00
4720,180,R,-15623,-92.50
4730,180,R,-15659,-89.99
4740,180,R,-15695,-89.99
4750,180,R,-15732,-92.50
4760,180,R,-15769,-92.50
4770,180,R,-15807,-94.99
4780,180,R,-15845,-95.02
4790,180,R,-15883,-94.99
4800,180,R,-15920,-92.53
4810,180,R,-15959,-97.49
4820,180,R,-15997,-94.97
4830,180,R,-16035,-95.01
4840,180,R,-16073,-95.01
4850,180,R,-16111,-95.02
4860,180,R,-16149,-94.99
4870,180,R,-16186,-92.50
4880,180,R,-16224,-95.01
4890,180,R,-16260,-89.98
4900,180,R,-16297,-92.50
4910,180,R,-16335,-95.01
4920,180,R,-16371,-90.01
4930,180,R,-16409,-94.99
4940,180,R,-16446,-92.51
4950,180,R,-16483,-92.47
4960,180,R,-16520,-92.50
4970,180,R,-16557,-92.53
4980,180,R,-16594,-92.49
4990,180,R,-16632,-95.01
5000,180,R,-16670,-94.97
5010,180,R,-16707,-92.52
5020,180,R,-16745,-95.01
5030,180,R,-16782,-92.50
5040,180,R,-16820,-94.99
5050,180,R,-16857,-92.48
5060,180,R,-16893,-90.03
5070,180,R,-16931,-95.00
5080,180,R,-16968,-92.49
5090,180,R,-17005,-92.50
5100,180,R,-17042,-92.48
5110,180,R,-17079,-92.51
5120,180,R,-17117,-95.00
5130,180,R,-17154,-92.49
5140,180,R,-17192,-95.00
5150,180,R,-17230,-95.02
5160,180,R,-17267,-92.47
5170,180,R,-17305,-95.01
5180,180,R,-17343,-95.00
5190,180,R,-17380,-92.51
5200,180,R,-17417,-92.50
5210,180,R,-17453,-89.99
5220,180,R,-17491,-95.01
5230,180,R,-17527,-90.02
5240,180,R,-17566,-97.50
5250,180,R,-17607,-102.46
5260,180,R,-17649,-105.02
5270,180,R,-17687,-95.01
5280,180,R,-17720,-82.49
5290,180,R,-17755,-87.52
5300,180,R,-17793,-94.98
5310,180,R,-17830,-92.51
5320,180,R,-17868,-94.98
5330,180,R,-17906,-95.03
5340,180,R,-17944,-94.96
5350,180,R,-17980,-90.04
5360,180,R,-18017,-92.46
5370,180,R,-18053,-90.01
5380,180,R,-18089,-89.99
5390,180,R,-18125,-90.02
5400,180,R,-18162,-92.52
5410,180,R,-18200,-95.00
5420,180,R,-18237,-92.47
5430,180,R,-18275,-95.00
5440,180,R,-18313,-95.02
5450,180,R,-18351,-94.98
5460,180,R,-18389,-95.02
5470,180,R,-18427,-95.00
5480,180,R,-18465,-94.97
5490,180,R,-18503,-95.01
=== END ===
# Trial 21 of 46: step_up_rev_180_run03
=== START step_up_rev_180_run03 ===
t_ms,pwm_cmd,dir,enc_count,rpm
0,0,N,0,0.00
10,0,N,0,0.00
20,0,N,0,0.00
30,0,N,0,0.00
40,0,N,0,0.00
50,0,N,0,0.00
60,0,N,0,0.00
70,0,N,0,0.00
80,0,N,0,0.00
90,0,N,0,0.00
100,0,N,0,0.00
110,0,N,0,0.00
120,0,N,0,0.00
130,0,N,0,0.00
140,0,N,0,0.00
150,0,N,0,0.00
160,0,N,0,0.00
170,0,N,0,0.00
180,0,N,0,0.00
190,0,N,0,0.00
200,0,N,0,0.00
210,0,N,0,0.00
220,0,N,0,0.00
230,0,N,0,0.00
240,0,N,0,0.00
250,0,N,0,0.00
260,0,N,0,0.00
270,0,N,0,0.00
280,0,N,0,0.00
290,0,N,0,0.00
300,0,N,0,0.00
310,0,N,0,0.00
320,0,N,0,0.00
330,0,N,0,0.00
340,0,N,0,0.00
350,0,N,0,0.00
360,0,N,0,0.00
370,0,N,0,0.00
380,0,N,0,0.00
390,0,N,0,0.00
400,0,N,0,0.00
410,0,N,0,0.00
420,0,N,0,0.00
430,0,N,0,0.00
440,0,N,0,0.00
450,0,N,0,0.00
460,0,N,0,0.00
470,0,N,0,0.00
480,0,N,0,0.00
490,0,N,0,0.00
500,180,R,0,0.00
510,180,R,-3,-7.50
520,180,R,-10,-17.49
530,180,R,-20,-25.01
540,180,R,-34,-35.00
550,180,R,-51,-42.50
560,180,R,-70,-47.50
570,180,R,-91,-52.51
580,180,R,-114,-57.50
590,180,R,-138,-60.00
600,180,R,-164,-64.99
610,180,R,-191,-67.49
620,180,R,-219,-70.01
630,180,R,-248,-72.49
640,180,R,-277,-72.51
650,180,R,-306,-72.49
660,180,R,-337,-77.52
670,180,R,-367,-74.99
680,180,R,-399,-80.02
690,180,R,-431,-80.00
700,180,R,-463,-80.00
710,180,R,-495,-79.98
720,180,R,-529,-85.01
730,180,R,-562,-82.50
740,180,R,-596,-85.01
750,180,R,-629,-82.49
760,180,R,-664,-87.53
770,180,R,-698,-84.99
780,180,R,-734,-90.00
790,180,R,-769,-87.51
800,180,R,-804,-87.50
810,180,R,-839,-87.49
820,180,R,-874,-87.50
830,180,R,-909,-87.51
840,180,R,-944,-87.49
850,180,R,-979,-87.48
860,180,R,-1015,-90.00
870,180,R,-1052,-92.47
880,180,R,-1092,-100.05
890,180,R,-1132,-99.98
900,180,R,-1167,-87.51
910,180,R,-1198,-77.50
920,180,R,-1233,-87.52
930,180,R,-1271,-95.00
940,180,R,-1307,-90.00
950,180,R,-1344,-92.48
960,180,R,-1381,-92.48
970,180,R,-1418,-92.51
980,180,R,-1453,-87.52
990,180,R,-1489,-89.98
1000,180,R,-1524,-87.50
1010,180,R,-1560,-90.00
1020,180,R,-1595,-87.50
1030,180,R,-1631,-89.99
1040,180,R,-1669,-95.04
1050,180,R,-1705,-89.97
1060,180,R,-1742,-92.52
1070,180,R,-1779,-92.51
1080,180,R,-1816,-92.46
1090,180,R,-1855,-97.52
1100,180,R,-1892,-92.50
1110,180,R,-1929,-92.49
1120,180,R,-1967,-95.01
1130,180,R,-2004,-92.51
1140,180,R,-2042,-94.98
1150,180,R,-2078,-89.99
1160,180,R,-2114,-90.04
1170,180,R,-2151,-92.49
1180,180,R,-2187,-89.99
1190,180,R,-2225,-95.02
1200,180,R,-2262,-92.42
1210,180,R,-2298,-90.08
1220,180,R,-2336,-94.98
1230,180,R,-2373,-92.50
1240,180,R,-2410,-92.52
1250,180,R,-2447,-92.50
1260,180,R,-2484,-92.50
1270,180,R,-2522,-94.99
1280,180,R,-2559,-92.49
1290,180,R,-2597,-94.98
1300,180,R,-2635,-95.01
1310,180,R,-2672,-92.49
1320,180,R,-2709,-92.54
1330,180,R,-2746,-92.49
1340,180,R,-2783,-92.48
1350,180,R,-2821,-95.00
1360,180,R,-2858,-92.51
1370,180,R,-2895,-92.50
1380,180,R,-2932,-92.51
1390,180,R,-2969,-92.47
1400,180,R,-3007,-95.03
1410,180,R,-3044,-92.50
1420,180,R,-3082,-95.00
1430,180,R,-3120,-94.98
1440,180,R,-3158,-95.00
1450,180,R,-3195,-92.51
1460,180,R,-3233,-95.02
1470,180,R,-3270,-92.49
1480,180,R,-3306,-90.01
1490,180,R,-3343,-92.47
1500,180,R,-3380,-92.50
1510,180,R,-3418,-95.02
1520,180,R,-3457,-97.48
1530,180,R,-3501,-110.00
1540,180,R,-3540,-97.50
1550,180,R,-3576,-90.02
1560,180,R,-3608,-79.99
1570,180,R,-3645,-92.50
1580,180,R,-3683,-94.99
1590,180,R,-3721,-95.00
1600,180,R,-3759,-95.02
1610,180,R,-3796,-92.48
1620,180,R,-3834,-95.01
1630,180,R,-3870,-90.02
1640,180,R,-3906,-89.96
1650,180,R,-3943,-92.53
1660,180,R,-3978,-87.49
1670,180,R,-4016,-95.02
1680,180,R,-4053,-92.49
1690,180,R,-4090,-92.49
1700,180,R,-4129,-97.43
1710,180,R,-4166,-92.57
1720,180,R,-4204,-94.97
1730,180,R,-4242,-95.02
1740,180,R,-4280,-95.01
1750,180,R,-4318,-94.99
1760,180,R,-4356,-95.01
1770,180,R,-4394,-95.01
1780,180,R,-4432,-95.00
1790,180,R,-4469,-92.50
1800,180,R,-4506,-92.49
1810,180,R,-4543,-92.51
1820,180,R,-4579,-89.98
1830,180,R,-4617,-94.99
1840,180,R,-4654,-92.51
1850,180,R,-4691,-92.52
1860,180,R,-4729,-94.97
1870,180,R,-4766,-92.52
1880,180,R,-4803,-92.51
1890,180,R,-4841,-94.99
1900,180,R,-4878,-92.49
1910,180,R,-4916,-94.99
1920,180,R,-4953,-92.52
1930,180,R,-4991,-94.97
1940,180,R,-5029,-95.04
1950,180,R,-5066,-92.50
1960,180,R,-5103,-92.49
1970,180,R,-5140,-92.48
1980,180,R,-5177,-92.49
1990,180,R,-5215,-95.01
2000,180,R,-5252,-92.50
2010,180,R,-5288,-90.01
2020,180,R,-5326,-95.00
2030,180,R,-5363,-92.49
2040,180,R,-5401,-94.95
2050,180,R,-5438,-92.56
2060,180,R,-5475,-92.52
2070,180,R,-5513,-94.98
2080,180,R,-5551,-95.00
2090,180,R,-5589,-94.99
2100,180,R,-5627,-95.03
2110,180,R,-5664,-92.48
2120,180,R,-5700,-89.99
2130,180,R,-5737,-92.51
2140,180,R,-5774,-92.48
2150,180,R,-5812,-94.95
2160,180,R,-5850,-95.06
2170,180,R,-5893,-107.51
2180,180,R,-5933,-100.01
2190,180,R,-5969,-89.98
2200,180,R,-6001,-80.00
2210,180,R,-6038,-92.51
2220,180,R,-6076,-94.99
2230,180,R,-6114,-95.02
2240,180,R,-6152,-95.01
2250,180,R,-6189,-92.49
2260,180,R,-6227,-94.98
2270,180,R,-6263,-90.02
2280,180,R,-6300,-92.51
2290,180,R,-6336,-89.97
2300,180,R,-6371,-87.50
2310,180,R,-6408,-92.50
2320,180,R,-6446,-95.02
2330,180,R,-6483,-92.51
2340,180,R,-6521,-94.99
2350,180,R,-6559,-94.98
2360,180,R,-6596,-92.50
2370,180,R,-6634,-95.00
2380,180,R,-6672,-95.02
2390,180,R,-6711,-97.48
2400,180,R,-6749,-95.01
2410,180,R,-6786,-92.50
2420,180,R,-6824,-95.02
2430,180,R,-6861,-92.46
2440,180,R,-6898,-92.54
2450,180,R,-6935,-92.47
2460,180,R,-6972,-92.49
2470,180,R,-7009,-92.52
2480,180,R,-7046,-92.50
2490,180,R,-7083,-92.52
2500,180,R,-7120,-92.49
2510,180,R,-7157,-92.50
2520,180,R,-7194,-92.50
2530,180,R,-7232,-95.00
2540,180,R,-7269,-92.50
2550,180,R,-7307,-95.01
2560,180,R,-7344,-92.50
2570,180,R,-7382,-94.98
2580,180,R,-7420,-94.98
2590,180,R,-7457,-92.51
2600,180,R,-7494,-92.50
2610,180,R,-7531,-92.52
2620,180,R,-7568,-92.50
2630,180,R,-7605,-92.48
2640,180,R,-7642,-92.53
2650,180,R,-7679,-92.49
2660,180,R,-7717,-94.94
2670,180,R,-7754,-92.54
2680,180,R,-7791,-92.53
2690,180,R,-7828,-92.48
2700,180,R,-7866,-94.98
2710,180,R,-7904,-95.04
2720,180,R,-7942,-94.97
2730,180,R,-7979,-92.51
2740,180,R,-8017,-95.01
2750,180,R,-8054,-92.50
2760,180,R,-8091,-92.48
2770,180,R,-8128,-92.52
2780,180,R,-8165,-92.47
2790,180,R,-8202,-92.54
2800,180,R,-8241,-97.47
2810,180,R,-8282,-102.53
2820,180,R,-8324,-105.00
2830,180,R,-8362,-94.99
2840,180,R,-8395,-82.50
2850,180,R,-8429,-85.01
2860,180,R,-8467,-94.99
2870,180,R,-8505,-94.99
2880,180,R,-8543,-95.01
2890,180,R,-8581,-94.99
2900,180,R,-8618,-92.51
2910,180,R,-8655,-92.48
2920,180,R,-8692,-92.48
2930,180,R,-8727,-87.53
2940,180,R,-8764,-92.49
2950,180,R,-8800,-90.02
2960,180,R,-8837,-92.50
2970,180,R,-8875,-94.99
2980,180,R,-8913,-94.99
2990,180,R,-8950,-92.49
3000,180,R,-8989,-97.53
3010,180,R,-9026,-92.48
3020,180,R,-9065,-97.53
3030,180,R,-9103,-94.97
3040,180,R,-9141,-95.02
3050,180,R,-9179,-95.01
3060,180,R,-9217,-94.98
3070,180,R,-9254,-92.49
3080,180,R,-9291,-92.52
3090,180,R,-9327,-90.00
3100,180,R,-9365,-95.01
3110,180,R,-9401,-89.97
3120,180,R,-9438,-92.53
3130,180,R,-9476,-95.00
3140,180,R,-9512,-89.98
3150,180,R,-9550,-95.01
3160,180,R,-9587,-92.49
3170,180,R,-9624,-92.50
3180,180,R,-9661,-92.52
3190,180,R,-9698,-92.47
3200,180,R,-9736,-95.00
3210,180,R,-9774,-95.00
3220,180,R,-9811,-92.50
3230,180,R,-9849,-95.03
3240,180,R,-9886,-92.46
3250,180,R,-9923,-92.53
3260,180,R,-9960,-92.48
3270,180,R,-9997,-92.53
3280,180,R,-10034,-92.47
3290,180,R,-10071,-92.50
3300,180,R,-10108,-92.52
3310,180,R,-10145,-92.51
3320,180,R,-10183,-94.94
3330,180,R,-10220,-92.56
3340,180,R,-10258,-94.97
3350,180,R,-10295,-92.51
3360,180,R,-10333,-95.00
3370,180,R,-10371,-94.99
3380,180,R,-10409,-94.98
3390,180,R,-10446,-92.53
3400,180,R,-10483,-92.52
3410,180,R,-10519,-89.98
3420,180,R,-10557,-94.98
3430,180,R,-10593,-90.01
3440,180,R,-10632,-97.50
3450,180,R,-10674,-105.03
3460,180,R,-10716,-104.97
3470,180,R,-10753,-92.53
3480,180,R,-10791,-94.97
3490,180,R,-10821,-75.02
3500,180,R,-10859,-94.99
3510,180,R,-10896,-92.48
3520,180,R,-10935,-97.51
3530,180,R,-10973,-95.02
3540,180,R,-11010,-92.50
3550,180,R,-11047,-92.46
3560,180,R,-11083,-90.04
3570,180,R,-11119,-89.97
3580,180,R,-11156,-92.50
3590,180,R,-11192,-90.01
3600,180,R,-11229,-92.49
3610,180,R,-11267,-94.99
3620,180,R,-11305,-95.03
3630,180,R,-11343,-95.00
3640,180,R,-11381,-95.01
3650,180,R,-11418,-92.49
3660,180,R,-11457,-97.49
3670,180,R,-11495,-95.02
3680,180,R,-11533,-94.97
3690,180,R,-11572,-97.49
3700,180,R,-11609,-92.54
3710,180,R,-11647,-94.99
3720,180,R,-11685,-95.00
3730,180,R,-11721,-90.00
3740,180,R,-11759,-95.01
3750,180,R,-11795,-89.97
3760,180,R,-11833,-94.99
3770,180,R,-11870,-92.54
3780,180,R,-11907,-92.48
3790,180,R,-11945,-95.00
3800,180,R,-11982,-92.51
3810,180,R,-12019,-92.47
3820,180,R,-12057,-95.02
3830,180,R,-12094,-92.49
3840,180,R,-12132,-95.00
3850,180,R,-12170,-95.02
3860,180,R,-12208,-95.00
3870,180,R,-12246,-94.98
3880,180,R,-12283,-92.50
3890,180,R,-12320,-92.52
3900,180,R,-12358,-94.99
3910,180,R,-12394,-90.02
3920,180,R,-12432,-95.00
3930,180,R,-12469,-92.49
3940,180,R,-12506,-92.50
3950,180,R,-12544,-94.99
3960,180,R,-12581,-92.50
3970,180,R,-12618,-92.50
3980,180,R,-12657,-97.51
3990,180,R,-12694,-92.49
4000,180,R,-12733,-97.50
4010,180,R,-12770,-92.52
4020,180,R,-12808,-94.98
4030,180,R,-12846,-94.99
4040,180,R,-12883,-92.51
4050,180,R,-12920,-92.49
4060,180,R,-12958,-94.99
4070,180,R,-12995,-92.54
4080,180,R,-13035,-99.96
4090,180,R,-13080,-112.55
4100,180,R,-13118,-94.99
4110,180,R,-13156,-94.98
4120,180,R,-13194,-95.03
4130,180,R,-13228,-84.99
4140,180,R,-13262,-84.99
4150,180,R,-13299,-92.50
4160,180,R,-13338,-97.50
4170,180,R,-13376,-95.02
4180,180,R,-13414,-94.99
4190,180,R,-13451,-92.51
4200,180,R,-13488,-92.50
4210,180,R,-13524,-89.98
4220,180,R,-13561,-92.52
4230,180,R,-13597,-89.99
4240,180,R,-13635,-95.01
4250,180,R,-13673,-94.99
4260,180,R,-13711,-94.98
4270,180,R,-13749,-95.03
4280,180,R,-13787,-94.96
4290,180,R,-13825,-95.02
4300,180,R,-13864,-97.48
4310,180,R,-13902,-95.01
4320,180,R,-13940,-95.02
4330,180,R,-13979,-97.50
4340,180,R,-14017,-94.99
4350,180,R,-14054,-92.51
4360,180,R,-14092,-94.99
4370,180,R,-14129,-92.51
4380,180,R,-14166,-92.50
4390,180,R,-14203,-92.51
4400,180,R,-14241,-94.98
4410,180,R,-14278,-92.52
4420,180,R,-14316,-94.97
4430,180,R,-14353,-92.53
4440,180,R,-14390,-92.50
4450,180,R,-14428,-95.00
4460,180,R,-14465,-92.47
4470,180,R,-14503,-95.00
4480,180,R,-14541,-94.99
4490,180,R,-14579,-95.01
4500,180,R,-14617,-95.02
4510,180,R,-14655,-94.99
4520,180,R,-14692,-92.52
4530,180,R,-14729,-92.48
4540,180,R,-14766,-92.50
4550,180,R,-14803,-92.51
4560,180,R,-14840,-92.48
4570,180,R,-14878,-94.99
4580,180,R,-14915,-92.52
4590,180,R,-14952,-92.51
4600,180,R,-14990,-94.99
4610,180,R,-15027,-92.48
4620,180,R,-15065,-95.01
4630,180,R,-15102,-92.50
4640,180,R,-15140,-95.03
4650,180,R,-15178,-94.96
4660,180,R,-15216,-95.04
4670,180,R,-15254,-94.98
4680,180,R,-15290,-89.99
4690,180,R,-15327,-92.53
4700,180,R,-15365,-94.97
4710,180,R,-15401,-90.02
4720,180,R,-15440,-97.51
4730,180,R,-15482,-104.97
4740,180,R,-15525,-107.51
4750,180,R,-15562,-92.51
4760,180,R,-15599,-92.50
4770,180,R,-15629,-74.99
4780,180,R,-15668,-97.49
4790,180,R,-15705,-92.53
4800,180,R,-15744,-97.48
4810,180,R,-15782,-95.01
4820,180,R,-15819,-92.48
4830,180,R,-15856,-92.50
4840,180,R,-15893,-92.51
4850,180,R,-15929,-90.01
4860,180,R,-15965,-90.00
4870,180,R,-16002,-92.48
4880,180,R,-16040,-95.00
4890,180,R,-16077,-92.51
4900,180,R,-16116,-97.51
4910,180,R,-16153,-92.51
4920,180,R,-16191,-95.00
4930,180,R,-16230,-97.48
4940,180,R,-16268,-94.99
4950,180,R,-16306,-95.01
4960,180,R,-16345,-97.50
4970,180,R,-16383,-95.00
4980,180,R,-16421,-95.02
4990,180,R,-16458,-92.46
5000,180,R,-16496,-95.02
5010,180,R,-16533,-92.49
5020,180,R,-16570,-92.53
5030,180,R,-16607,-92.49
5040,180,R,-16644,-92.50
5050,180,R,-16681,-92.48
5060,180,R,-16719,-95.00
5070,180,R,-16756,-92.50
5080,180,R,-16794,-94.99
5090,180,R,-16831,-92.51
5100,180,R,-16868,-92.51
5110,180,R,-16906,-94.98
5120,180,R,-16944,-95.04
5130,180,R,-16982,-94.98
5140,180,R,-17020,-95.02
5150,180,R,-17058,-94.95
5160,180,R,-17095,-92.54
5170,180,R,-17132,-92.50
5180,180,R,-17169,-92.47
5190,180,R,-17207,-95.03
5200,180,R,-17244,-92.51
5210,180,R,-17281,-92.47
5220,180,R,-17318,-92.50
5230,180,R,-17355,-92.51
5240,180,R,-17393,-95.00
5250,180,R,-17430,-92.49
5260,180,R,-17468,-95.01
5270,180,R,-17506,-95.01
5280,180,R,-17544,-95.00
5290,180,R,-17582,-94.99
5300,180,R,-17620,-94.99
5310,180,R,-17657,-92.52
5320,180,R,-17694,-92.48
5330,180,R,-17731,-92.51
5340,180,R,-17769,-95.01
5350,180,R,-17806,-92.49
5360,180,R,-17849,-107.52
5370,180,R,-17892,-107.48
5380,180,R,-17929,-92.49
5390,180,R,-17967,-95.02
5400,180,R,-18004,-92.51
5410,180,R,-18039,-87.48
5420,180,R,-18073,-85.01
5430,180,R,-18110,-92.48
5440,180,R,-18148,-95.01
5450,180,R,-18186,-94.99
5460,180,R,-18224,-95.00
5470,180,R,-18260,-89.99
5480,180,R,-18297,-92.54
5490,180,R,-18334,-92.49
5500,180,R,-18370,-90.00
=== END ===
# Trial 22 of 46: step_up_rev_180_run04
=== START step_up_rev_180_run04 ===
t_ms,pwm_cmd,dir,enc_count,rpm
0,0,N,0,0.00
10,0,N,0,0.00
20,0,N,0,0.00
30,0,N,0,0.00
40,0,N,0,0.00
50,0,N,0,0.00
60,0,N,0,0.00
70,0,N,0,0.00
80,0,N,0,0.00
90,0,N,0,0.00
100,0,N,0,0.00
110,0,N,0,0.00
120,0,N,0,0.00
130,0,N,0,0.00
140,0,N,0,0.00
150,0,N,0,0.00
160,0,N,0,0.00
170,0,N,0,0.00
180,0,N,0,0.00
190,0,N,0,0.00
200,0,N,0,0.00
210,0,N,0,0.00
220,0,N,0,0.00
230,0,N,0,0.00
240,0,N,0,0.00
250,0,N,0,0.00
260,0,N,0,0.00
270,0,N,0,0.00
280,0,N,0,0.00
290,0,N,0,0.00
300,0,N,0,0.00
310,0,N,0,0.00
320,0,N,0,0.00
330,0,N,0,0.00
340,0,N,0,0.00
350,0,N,0,0.00
360,0,N,0,0.00
370,0,N,0,0.00
380,0,N,0,0.00
390,0,N,0,0.00
400,0,N,0,0.00
410,0,N,0,0.00
420,0,N,0,0.00
430,0,N,0,0.00
440,0,N,0,0.00
450,0,N,0,0.00
460,0,N,0,0.00
470,0,N,0,0.00
480,0,N,0,0.00
490,0,N,0,0.00
500,180,R,0,0.00
510,180,R,-3,-7.50
520,180,R,-10,-17.50
530,180,R,-21,-27.49
540,180,R,-35,-35.00
550,180,R,-51,-40.00
560,180,R,-70,-47.51
570,180,R,-90,-50.01
580,180,R,-112,-54.99
590,180,R,-136,-60.00
600,180,R,-161,-62.50
610,180,R,-187,-64.99
620,180,R,-215,-70.02
630,180,R,-243,-69.98
640,180,R,-273,-74.99
650,180,R,-303,-74.96
660,180,R,-333,-75.05
670,180,R,-365,-80.02
680,180,R,-396,-77.48
690,180,R,-429,-82.50
700,180,R,-461,-80.02
710,180,R,-494,-82.48
720,180,R,-527,-82.52
730,180,R,-562,-87.50
740,180,R,-596,-84.97
750,180,R,-631,-87.52
760,180,R,-666,-87.45
770,180,R,-700,-85.04
780,180,R,-735,-87.49
790,180,R,-769,-85.03
800,180,R,-804,-87.50
810,180,R,-838,-84.98
820,180,R,-873,-87.52
830,180,R,-908,-87.49
840,180,R,-943,-87.49
850,180,R,-979,-89.98
860,180,R,-1014,-87.53
870,180,R,-1050,-89.99
880,180,R,-1086,-89.98
890,180,R,-1122,-90.01
900,180,R,-1159,-92.52
910,180,R,-1195,-89.98
920,180,R,-1231,-90.00
930,180,R,-1268,-92.52
940,180,R,-1304,-89.98
950,180,R,-1340,-90.01
960,180,R,-1376,-89.99
970,180,R,-1412,-90.02
980,180,R,-1449,-92.51
990,180,R,-1486,-92.50
1000,180,R,-1530,-109.97
1010,180,R,-1569,-97.51
1020,180,R,-1606,-92.49
1030,180,R,-1642,-90.03
1040,180,R,-1672,-74.99
1050,180,R,-1710,-95.02
1060,180,R,-1747,-92.48
1070,180,R,-1784,-92.52
1080,180,R,-1822,-94.98
1090,180,R,-1859,-92.51
1100,180,R,-1895,-89.99
1110,180,R,-1931,-90.01
1120,180,R,-1967,-90.00
1130,180,R,-2003,-89.98
1140,180,R,-2039,-90.02
1150,180,R,-2076,-92.51
1160,180,R,-2114,-94.96
1170,180,R,-2151,-92.51
1180,180,R,-2188,-92.52
1190,180,R,-2226,-94.99
1200,180,R,-2264,-94.98
1210,180,R,-2302,-95.01
1220,180,R,-2340,-95.01
1230,180,R,-2378,-95.00
1240,180,R,-2416,-94.99
1250,180,R,-2454,-95.03
1260,180,R,-2492,-94.97
1270,180,R,-2529,-92.51
1280,180,R,-2565,-90.00
1290,180,R,-2603,-94.99
1300,180,R,-2639,-90.01
1310,180,R,-2676,-92.48
1320,180,R,-2713,-92.52
1330,180,R,-2750,-92.48
1340,180,R,-2787,-92.52
1350,180,R,-2824,-92.52
1360,180,R,-2861,-92.49
1370,180,R,-2899,-95.01
1380,180,R,-2936,-92.47
1390,180,R,-2974,-95.01
1400,180,R,-3012,-94.98
1410,180,R,-3049,-92.52
1420,180,R,-3087,-95.00
1430,180,R,-3124,-92.51
1440,180,R,-3161,-92.49
1450,180,R,-3198,-92.48
1460,180,R,-3235,-92.53
1470,180,R,-3272,-92.49
1480,180,R,-3309,-92.51
1490,180,R,-3346,-92.49
1500,180,R,-3384,-94.99
1510,180,R,-3420,-90.00
1520,180,R,-3458,-95.03
1530,180,R,-3496,-94.99
1540,180,R,-3533,-92.49
1550,180,R,-3571,-95.01
1560,180,R,-3609,-95.00
1570,180,R,-3647,-94.98
1580,180,R,-3684,-92.51
1590,180,R,-3721,-92.49
1600,180,R,-3758,-92.50
1610,180,R,-3795,-92.51
1620,180,R,-3832,-92.50
1630,180,R,-3873,-102.44
1640,180,R,-3917,-110.06
1650,180,R,-3955,-95.00
1660,180,R,-3992,-92.51
1670,180,R,-4031,-97.49
1680,180,R,-4065,-85.00
1690,180,R,-4098,-82.52
1700,180,R,-4136,-94.92
1710,180,R,-4174,-95.05
1720,180,R,-4212,-95.03
1730,180,R,-4249,-92.49
1740,180,R,-4287,-95.02
1750,180,R,-4323,-90.00
1760,180,R,-4359,-90.00
1770,180,R,-4396,-92.47
1780,180,R,-4432,-90.00
1790,180,R,-4470,-94.99
1800,180,R,-4508,-95.04
1810,180,R,-4545,-92.50
1820,180,R,-4583,-95.00
1830,180,R,-4622,-97.48
1840,180,R,-4659,-92.52
1850,180,R,-4698,-97.50
1860,180,R,-4736,-94.99
1870,180,R,-4775,-97.50
1880,180,R,-4813,-95.00
1890,180,R,-4851,-94.99
1900,180,R,-4889,-95.00
1910,180,R,-4926,-92.50
1920,180,R,-4963,-92.49
1930,180,R,-5001,-94.99
1940,180,R,-5037,-90.02
1950,180,R,-5075,-94.99
1960,180,R,-5112,-92.52
1970,180,R,-5149,-92.50
1980,180,R,-5186,-92.50
1990,180,R,-5224,-94.95
2000,180,R,-5260,-90.05
2010,180,R,-5298,-95.00
2020,180,R,-5336,-94.99
2030,180,R,-5374,-94.98
2040,180,R,-5412,-95.03
2050,180,R,-5449,-92.47
2060,180,R,-5488,-97.52
2070,180,R,-5525,-92.47
2080,180,R,-5562,-92.50
2090,180,R,-5599,-92.52
2100,180,R,-5636,-92.52
2110,180,R,-5673,-92.47
2120,180,R,-5711,-95.00
2130,180,R,-5747,-90.01
2140,180,R,-5785,-94.99
2150,180,R,-5822,-92.53
2160,180,R,-5860,-94.96
2170,180,R,-5898,-95.04
2180,180,R,-5935,-92.50
2190,180,R,-5973,-94.99
2200,180,R,-6011,-94.97
2210,180,R,-6049,-95.03
2220,180,R,-6087,-94.99
2230,180,R,-6123,-90.00
2240,180,R,-6160,-92.51
2250,180,R,-6198,-94.98
2260,180,R,-6235,-92.50
2270,180,R,-6275,-100.00
2280,180,R,-6320,-112.53
2290,180,R,-6358,-94.99
2300,180,R,-6395,-92.49
2310,180,R,-6433,-94.99
2320,180,R,-6468,-87.51
2330,180,R,-6501,-82.49
2340,180,R,-6538,-92.50
2350,180,R,-6576,-95.03
2360,180,R,-6615,-97.49
2370,180,R,-6652,-92.51
2380,180,R,-6689,-92.50
2390,180,R,-6726,-92.48
2400,180,R,-6762,-90.00
2410,180,R,-6799,-92.51
2420,180,R,-6835,-89.98
2430,180,R,-6873,-94.99
2440,180,R,-6911,-95.02
2450,180,R,-6948,-92.50
2460,180,R,-6986,-95.00
2470,180,R,-7024,-95.02
2480,180,R,-7062,-94.98
2490,180,R,-7101,-97.51
2500,180,R,-7139,-95.01
2510,180,R,-7178,-97.49
2520,180,R,-7216,-95.00
2530,180,R,-7254,-95.01
2540,180,R,-7292,-94.99
2550,180,R,-7329,-92.48
2560,180,R,-7366,-92.50
2570,180,R,-7403,-92.50
2580,180,R,-7440,-92.51
2590,180,R,-7477,-92.52
2600,180,R,-7515,-94.99
2610,180,R,-7552,-92.47
2620,180,R,-7589,-92.54
2630,180,R,-7626,-92.47
2640,180,R,-7663,-92.51
2650,180,R,-7701,-94.99
2660,180,R,-7739,-95.03
2670,180,R,-7776,-92.47
2680,180,R,-7814,-95.00
2690,180,R,-7852,-95.02
2700,180,R,-7890,-94.98
2710,180,R,-7927,-92.51
2720,180,R,-7964,-92.50
2730,180,R,-8001,-92.52
2740,180,R,-8038,-92.47
2750,180,R,-8075,-92.53
2760,180,R,-8113,-95.00
2770,180,R,-8149,-89.98
2780,180,R,-8187,-95.01
2790,180,R,-8224,-92.48
2800,180,R,-8261,-92.50
2810,180,R,-8299,-95.00
2820,180,R,-8336,-92.52
2830,180,R,-8374,-94.98
2840,180,R,-8412,-95.03
2850,180,R,-8449,-92.48
2860,180,R,-8487,-94.98
2870,180,R,-8523,-90.04
2880,180,R,-8560,-92.47
2890,180,R,-8597,-92.53
2900,180,R,-8634,-92.46
2910,180,R,-8674,-100.04
2920,180,R,-8716,-105.00
2930,180,R,-8757,-102.47
2940,180,R,-8794,-92.53
2950,180,R,-8831,-92.47
2960,180,R,-8865,-85.02
2970,180,R,-8900,-87.48
2980,180,R,-8936,-90.03
2990,180,R,-8975,-97.49
3000,180,R,-9013,-94.98
3010,180,R,-9050,-92.52
3020,180,R,-9087,-92.51
3030,180,R,-9123,-90.00
3040,180,R,-9160,-92.50
3050,180,R,-9196,-89.97
3060,180,R,-9232,-90.03
3070,180,R,-9270,-94.98
3080,180,R,-9308,-94.99
3090,180,R,-9345,-92.53
3100,180,R,-9383,-94.96
3110,180,R,-9421,-95.02
3120,180,R,-9459,-95.00
3130,180,R,-9498,-97.52
3140,180,R,-9536,-94.99
3150,180,R,-9574,-94.98
3160,180,R,-9613,-97.53
3170,180,R,-9650,-92.47
3180,180,R,-9688,-95.03
3190,180,R,-9726,-94.97
3200,180,R,-9762,-90.02
3210,180,R,-9800,-94.98
3220,180,R,-9837,-92.52
3230,180,R,-9874,-92.51
3240,180,R,-9912,-94.97
3250,180,R,-9948,-90.03
3260,180,R,-9986,-94.99
3270,180,R,-10023,-92.49
3280,180,R,-10060,-92.52
3290,180,R,-10098,-94.98
3300,180,R,-10136,-95.00
3310,180,R,-10174,-94.99
3320,180,R,-10212,-95.00
3330,180,R,-10250,-95.02
3340,180,R,-10288,-94.98
3350,180,R,-10325,-92.51
3360,180,R,-10362,-92.49
3370,180,R,-10400,-95.00
3380,180,R,-10437,-92.48
3390,180,R,-10474,-92.54
3400,180,R,-10512,-94.97
3410,180,R,-10548,-90.00
3420,180,R,-10586,-95.02
3430,180,R,-10623,-92.49
3440,180,R,-10661,-95.00
3450,180,R,-10699,-95.02
3460,180,R,-10736,-92.49
3470,180,R,-10775,-97.50
3480,180,R,-10813,-95.00
3490,180,R,-10850,-92.50
3500,180,R,-10888,-95.02
3510,180,R,-10925,-92.47
3520,180,R,-10962,-92.50
3530,180,R,-10999,-92.51
3540,180,R,-11036,-92.52
3550,180,R,-11076,-99.99
3560,180,R,-11118,-104.97
3570,180,R,-11160,-105.04
3580,180,R,-11197,-92.50
3590,180,R,-11235,-95.00
3600,180,R,-11269,-84.97
3610,180,R,-11303,-85.03
3620,180,R,-11340,-92.48
3630,180,R,-11379,-97.49
3640,180,R,-11417,-95.01
3650,180,R,-11454,-92.51
3660,180,R,-11491,-92.49
3670,180,R,-11528,-92.51
3680,180,R,-11564,-90.01
3690,180,R,-11601,-92.47
3700,180,R,-11638,-92.52
3710,180,R,-11675,-92.48
3720,180,R,-11713,-95.01
3730,180,R,-11751,-95.00
3740,180,R,-11789,-95.00
3750,180,R,-11827,-95.01
3760,180,R,-11865,-94.99
3770,180,R,-11904,-97.51
3780,180,R,-11943,-97.48
3790,180,R,-11981,-95.00
3800,180,R,-12019,-95.00
3810,180,R,-12057,-95.03
3820,180,R,-12095,-95.00
3830,180,R,-12132,-92.49
3840,180,R,-12169,-92.47
3850,180,R,-12207,-95.00
3860,180,R,-12244,-92.53
3870,180,R,-12281,-92.51
3880,180,R,-12319,-94.98
3890,180,R,-12356,-92.52
3900,180,R,-12393,-92.48
3910,180,R,-12431,-95.00
3920,180,R,-12468,-92.52
3930,180,R,-12506,-94.96
3940,180,R,-12543,-92.51
3950,180,R,-12581,-95.03
3960,180,R,-12619,-95.00
3970,180,R,-12657,-95.00
3980,180,R,-12695,-94.96
3990,180,R,-12732,-92.51
4000,180,R,-12769,-92.53
4010,180,R,-12807,-94.97
4020,180,R,-12844,-92.52
4030,180,R,-12881,-92.50
4040,180,R,-12918,-92.48
4050,180,R,-12956,-94.99
4060,180,R,-12993,-92.51
4070,180,R,-13030,-92.52
4080,180,R,-13068,-95.00
4090,180,R,-13106,-94.98
4100,180,R,-13143,-92.52
4110,180,R,-13181,-94.98
4120,180,R,-13219,-95.02
4130,180,R,-13257,-94.99
4140,180,R,-13295,-94.99
4150,180,R,-13331,-90.03
4160,180,R,-13368,-92.50
4170,180,R,-13406,-94.97
4180,180,R,-13443,-92.50
4190,180,R,-13482,-97.53
4200,180,R,-13524,-105.00
4210,180,R,-13566,-105.00
4220,180,R,-13604,-94.98
4230,180,R,-13641,-92.52
4240,180,R,-13673,-79.98
4250,180,R,-13709,-90.01
4260,180,R,-13747,-95.02
4270,180,R,-13785,-94.98
4280,180,R,-13823,-95.00
4290,180,R,-13860,-92.51
4300,180,R,-13897,-92.51
4310,180,R,-13934,-92.50
4320,180,R,-13970,-89.96
4330,180,R,-14006,-90.04
4340,180,R,-14043,-92.49
4350,180,R,-14080,-92.49
4360,180,R,-14118,-95.00
4370,180,R,-14156,-95.02
4380,180,R,-14194,-95.00
4390,180,R,-14232,-94.97
4400,180,R,-14270,-95.02
4410,180,R,-14308,-95.01
4420,180,R,-14346,-95.00
4430,180,R,-14384,-94.99
4440,180,R,-14423,-97.49
4450,180,R,-14460,-92.50
4460,180,R,-14498,-94.98
4470,180,R,-14535,-92.50
4480,180,R,-14572,-92.52
4490,180,R,-14609,-92.49
4500,180,R,-14646,-92.52
4510,180,R,-14683,-92.51
4520,180,R,-14720,-92.48
4530,180,R,-14757,-92.51
4540,180,R,-14794,-92.49
4550,180,R,-14831,-92.50
4560,180,R,-14868,-92.51
4570,180,R,-14906,-95.01
4580,180,R,-14943,-92.48
4590,180,R,-14981,-95.02
4600,180,R,-15018,-92.49
4610,180,R,-15056,-94.97
4620,180,R,-15094,-95.01
4630,180,R,-15131,-92.49
4640,180,R,-15168,-92.52
4650,180,R,-15205,-92.49
4660,180,R,-15242,-92.47
4670,180,R,-15278,-90.05
4680,180,R,-15316,-94.95
4690,180,R,-15352,-90.01
4700,180,R,-15389,-92.51
4710,180,R,-15427,-95.00
4720,180,R,-15463,-90.02
4730,180,R,-15501,-95.00
4740,180,R,-15539,-94.95
4750,180,R,-15577,-95.01
4760,180,R,-15614,-92.53
4770,180,R,-15652,-95.00
4780,180,R,-15689,-92.50
4790,180,R,-15725,-90.01
4800,180,R,-15762,-92.47
4810,180,R,-15800,-95.01
4820,180,R,-15836,-90.02
4830,180,R,-15876,-99.98
4840,180,R,-15920,-110.02
4850,180,R,-15959,-97.50
4860,180,R,-15996,-92.50
4870,180,R,-16034,-95.00
4880,180,R,-16067,-82.51
4890,180,R,-16102,-87.50
4900,180,R,-16139,-92.47
4910,180,R,-16177,-95.00
4920,180,R,-16215,-95.01
4930,180,R,-16252,-92.52
4940,180,R,-16289,-92.49
4950,180,R,-16326,-92.48
4960,180,R,-16362,-89.99
4970,180,R,-16398,-90.00
4980,180,R,-16434,-90.03
4990,180,R,-16472,-95.01
5000,180,R,-16510,-94.97
5010,180,R,-16547,-92.53
5020,180,R,-16585,-94.98
5030,180,R,-16623,-94.99
5040,180,R,-16661,-95.02
5050,180,R,-16700,-97.49
5060,180,R,-16738,-95.00
5070,180,R,-16776,-95.01
5080,180,R,-16815,-97.48
5090,180,R,-16852,-92.50
5100,180,R,-16890,-95.03
5110,180,R,-16927,-92.47
5120,180,R,-16964,-92.52
5130,180,R,-17002,-94.99
5140,180,R,-17038,-89.99
5150,180,R,-17076,-95.03
5160,180,R,-17113,-92.47
5170,180,R,-17150,-92.50
5180,180,R,-17187,-92.50
5190,180,R,-17224,-92.50
5200,180,R,-17261,-92.53
5210,180,R,-17299,-94.99
5220,180,R,-17336,-92.48
5230,180,R,-17374,-95.00
5240,180,R,-17412,-95.03
5250,180,R,-17449,-92.50
5260,180,R,-17487,-94.98
5270,180,R,-17524,-92.50
5280,180,R,-17561,-92.52
5290,180,R,-17599,-94.92
5300,180,R,-17635,-90.06
5310,180,R,-17672,-92.48
5320,180,R,-17709,-92.51
5330,180,R,-17746,-92.51
5340,180,R,-17783,-92.50
5350,180,R,-17820,-92.48
5360,180,R,-17857,-92.52
5370,180,R,-17895,-94.98
5380,180,R,-17932,-92.51
5390,180,R,-17970,-95.02
5400,180,R,-18008,-94.96
5410,180,R,-18045,-92.53
5420,180,R,-18083,-94.98
5430,180,R,-18119,-90.02
5440,180,R,-18156,-92.50
5450,180,R,-18193,-92.49
5460,180,R,-18230,-92.50
5470,180,R,-18268,-94.99
5480,180,R,-18308,-100.02
5490,180,R,-18352,-109.99
5500,180,R,-18390,-95.01
=== END ===
# Trial 23 of 46: step_up_rev_180_run05
=== START step_up_rev_180_run05 ===
t_ms,pwm_cmd,dir,enc_count,rpm
0,0,N,0,0.00
10,0,N,0,0.00
20,0,N,0,0.00
30,0,N,0,0.00
40,0,N,0,0.00
50,0,N,0,0.00
60,0,N,0,0.00
70,0,N,0,0.00
80,0,N,0,0.00
90,0,N,0,0.00
100,0,N,0,0.00
110,0,N,0,0.00
120,0,N,0,0.00
130,0,N,0,0.00
140,0,N,0,0.00
150,0,N,0,0.00
160,0,N,0,0.00
170,0,N,0,0.00
180,0,N,0,0.00
190,0,N,0,0.00
200,0,N,0,0.00
210,0,N,0,0.00
220,0,N,0,0.00
230,0,N,0,0.00
240,0,N,0,0.00
250,0,N,0,0.00
260,0,N,0,0.00
270,0,N,0,0.00
280,0,N,0,0.00
290,0,N,0,0.00
300,0,N,0,0.00
310,0,N,0,0.00
320,0,N,0,0.00
330,0,N,0,0.00
340,0,N,0,0.00
350,0,N,0,0.00
360,0,N,0,0.00
370,0,N,0,0.00
380,0,N,0,0.00
390,0,N,0,0.00
400,0,N,0,0.00
410,0,N,0,0.00
420,0,N,0,0.00
430,0,N,0,0.00
440,0,N,0,0.00
450,0,N,0,0.00
460,0,N,0,0.00
470,0,N,0,0.00
480,0,N,0,0.00
490,0,N,0,0.00
500,180,R,0,0.00
510,180,R,-2,-5.00
520,180,R,-9,-17.50
530,180,R,-18,-22.50
540,180,R,-30,-30.00
550,180,R,-45,-37.51
560,180,R,-64,-47.50
570,180,R,-83,-47.50
580,180,R,-105,-55.00
590,180,R,-129,-60.01
600,180,R,-153,-60.01
610,180,R,-180,-67.50
620,180,R,-207,-67.50
630,180,R,-235,-69.99
640,180,R,-265,-75.01
650,180,R,-295,-75.00
660,180,R,-326,-77.50
670,180,R,-358,-79.99
680,180,R,-389,-77.50
690,180,R,-422,-82.49
700,180,R,-455,-82.52
710,180,R,-488,-82.49
720,180,R,-521,-82.48
730,180,R,-554,-82.52
740,180,R,-587,-82.50
750,180,R,-621,-85.00
760,180,R,-655,-84.96
770,180,R,-689,-85.02
780,180,R,-723,-85.02
790,180,R,-757,-85.00
800,180,R,-793,-89.99
810,180,R,-827,-85.00
820,180,R,-863,-90.00
830,180,R,-898,-87.50
840,180,R,-933,-87.49
850,180,R,-970,-92.51
860,180,R,-1006,-90.02
870,180,R,-1041,-87.48
880,180,R,-1078,-92.51
890,180,R,-1114,-90.00
900,180,R,-1150,-89.99
910,180,R,-1186,-90.01
920,180,R,-1222,-89.94
930,180,R,-1257,-87.57
940,180,R,-1293,-89.99
950,180,R,-1330,-92.50
960,180,R,-1365,-87.52
970,180,R,-1402,-92.50
980,180,R,-1438,-90.00
990,180,R,-1474,-89.97
1000,180,R,-1512,-95.03
1010,180,R,-1548,-89.98
1020,180,R,-1586,-95.02
1030,180,R,-1622,-89.99
1040,180,R,-1660,-94.98
1050,180,R,-1697,-92.51
1060,180,R,-1733,-90.01
1070,180,R,-1769,-89.99
1080,180,R,-1806,-92.49
1090,180,R,-1842,-90.00
1100,180,R,-1880,-95.00
1110,180,R,-1918,-95.01
1120,180,R,-1963,-112.49
1130,180,R,-2001,-95.01
1140,180,R,-2038,-92.51
1150,180,R,-2074,-90.00
1160,180,R,-2105,-77.51
1170,180,R,-2142,-92.45
1180,180,R,-2179,-92.55
1190,180,R,-2217,-94.97
1200,180,R,-2254,-92.53
1210,180,R,-2291,-92.50
1220,180,R,-2327,-90.00
1230,180,R,-2363,-89.97
1240,180,R,-2399,-90.00
1250,180,R,-2435,-90.00
1260,180,R,-2472,-92.53
1270,180,R,-2509,-92.50
1280,180,R,-2546,-92.49
1290,180,R,-2584,-95.01
1300,180,R,-2621,-92.50
1310,180,R,-2659,-94.97
1320,180,R,-2697,-95.01
1330,180,R,-2735,-94.99
1340,180,R,-2773,-95.03
1350,180,R,-2811,-94.98
1360,180,R,-2849,-95.01
1370,180,R,-2886,-92.48
1380,180,R,-2923,-92.49
1390,180,R,-2960,-92.53
1400,180,R,-2997,-92.50
1410,180,R,-3034,-92.50
1420,180,R,-3071,-92.49
1430,180,R,-3108,-92.50
1440,180,R,-3145,-92.44
1450,180,R,-3182,-92.56
1460,180,R,-3219,-92.49
1470,180,R,-3256,-92.50
1480,180,R,-3293,-92.50
1490,180,R,-3330,-92.50
1500,180,R,-3368,-95.01
1510,180,R,-3405,-92.50
1520,180,R,-3443,-95.01
1530,180,R,-3480,-92.48
1540,180,R,-3518,-94.99
1550,180,R,-3555,-92.53
1560,180,R,-3592,-92.47
1570,180,R,-3628,-90.02
1580,180,R,-3665,-92.49
1590,180,R,-3702,-92.52
1600,180,R,-3739,-92.48
1610,180,R,-3776,-92.52
1620,180,R,-3813,-92.47
1630,180,R,-3850,-92.49
1640,180,R,-3888,-95.04
1650,180,R,-3925,-92.46
1660,180,R,-3963,-95.03
1670,180,R,-4000,-92.50
1680,180,R,-4038,-94.98
1690,180,R,-4075,-92.49
1700,180,R,-4112,-92.50
1710,180,R,-4149,-92.53
1720,180,R,-4185,-89.98
1730,180,R,-4223,-95.00
1740,180,R,-4260,-92.50
1750,180,R,-4298,-95.01
1760,180,R,-4341,-107.50
1770,180,R,-4382,-102.51
1780,180,R,-4419,-92.48
1790,180,R,-4456,-92.49
1800,180,R,-4486,-75.01
1810,180,R,-4524,-95.01
1820,180,R,-4561,-92.50
1830,180,R,-4599,-94.99
1840,180,R,-4637,-95.01
1850,180,R,-4674,-92.50
1860,180,R,-4710,-90.01
1870,180,R,-4747,-92.49
1880,180,R,-4783,-90.01
1890,180,R,-4819,-89.96
1900,180,R,-4855,-90.03
1910,180,R,-4892,-92.50
1920,180,R,-4930,-95.00
1930,180,R,-4967,-92.48
1940,180,R,-5005,-95.00
1950,180,R,-5043,-95.02
1960,180,R,-5080,-92.50
1970,180,R,-5119,-97.51
1980,180,R,-5157,-94.99
1990,180,R,-5195,-95.01
2000,180,R,-5233,-95.00
2010,180,R,-5270,-92.48
2020,180,R,-5308,-94.99
2030,180,R,-5345,-92.53
2040,180,R,-5381,-89.97
2050,180,R,-5419,-94.99
2060,180,R,-5455,-90.04
2070,180,R,-5492,-92.47
2080,180,R,-5529,-92.50
2090,180,R,-5565,-90.02
2100,180,R,-5603,-95.00
2110,180,R,-5640,-92.47
2120,180,R,-5676,-90.02
2130,180,R,-5714,-95.00
2140,180,R,-5751,-92.52
2150,180,R,-5788,-92.49
2160,180,R,-5826,-95.01
2170,180,R,-5863,-92.48
2180,180,R,-5901,-94.99
2190,180,R,-5938,-92.49
2200,180,R,-5974,-90.00
2210,180,R,-6012,-95.04
2220,180,R,-6047,-87.49
2230,180,R,-6085,-94.98
2240,180,R,-6122,-92.51
2250,180,R,-6158,-90.01
2260,180,R,-6196,-95.00
2270,180,R,-6232,-90.00
2280,180,R,-6269,-92.51
2290,180,R,-6306,-92.49
2300,180,R,-6343,-92.50
2310,180,R,-6381,-95.00
2320,180,R,-6419,-95.00
2330,180,R,-6456,-92.51
2340,180,R,-6493,-92.49
2350,180,R,-6530,-92.48
2360,180,R,-6566,-90.01
2370,180,R,-6603,-92.52
2380,180,R,-6640,-92.48
2390,180,R,-6679,-97.52
2400,180,R,-6722,-107.47
2410,180,R,-6762,-100.03
2420,180,R,-6799,-92.48
2430,180,R,-6836,-92.50
2440,180,R,-6872,-90.01
2450,180,R,-6904,-79.98
2460,180,R,-6941,-92.53
2470,180,R,-6979,-95.00
2480,180,R,-7016,-92.47
2490,180,R,-7053,-92.51
2500,180,R,-7090,-92.50
2510,180,R,-7127,-92.51
2520,180,R,-7163,-90.01
2530,180,R,-7199,-89.97
2540,180,R,-7235,-90.02
2550,180,R,-7272,-92.50
2560,180,R,-7309,-92.51
2570,180,R,-7346,-92.49
2580,180,R,-7384,-95.00
2590,180,R,-7422,-95.00
2600,180,R,-7460,-94.96
2610,180,R,-7498,-95.02
2620,180,R,-7535,-92.51
2630,180,R,-7574,-97.49
2640,180,R,-7612,-94.99
2650,180,R,-7649,-92.52
2660,180,R,-7687,-94.98
2670,180,R,-7724,-92.53
2680,180,R,-7761,-92.49
2690,180,R,-7798,-92.49
2700,180,R,-7835,-92.53
2710,180,R,-7872,-92.49
2720,180,R,-7908,-90.01
2730,180,R,-7945,-92.50
2740,180,R,-7983,-95.00
2750,180,R,-8019,-89.97
2760,180,R,-8056,-92.53
2770,180,R,-8093,-92.50
2780,180,R,-8130,-92.50
2790,180,R,-8168,-94.98
2800,180,R,-8205,-92.51
2810,180,R,-8243,-94.98
2820,180,R,-8280,-92.53
2830,180,R,-8318,-94.98
2840,180,R,-8355,-92.50
2850,180,R,-8391,-90.02
2860,180,R,-8428,-92.49
2870,180,R,-8465,-92.48
2880,180,R,-8502,-92.49
2890,180,R,-8538,-90.04
2900,180,R,-8575,-92.49
2910,180,R,-8612,-92.50
2920,180,R,-8649,-92.50
2930,180,R,-8686,-92.50
2940,180,R,-8724,-94.97
2950,180,R,-8761,-92.54
2960,180,R,-8799,-94.99
2970,180,R,-8836,-92.51
2980,180,R,-8874,-94.97
2990,180,R,-8911,-92.52
3000,180,R,-8947,-89.98
3010,180,R,-8984,-92.51
3020,180,R,-9022,-95.02
3030,180,R,-9058,-89.99
3040,180,R,-9097,-97.51
3050,180,R,-9139,-104.97
3060,180,R,-9181,-104.96
3070,180,R,-9218,-92.55
3080,180,R,-9255,-92.52
3090,180,R,-9287,-79.98
3100,180,R,-9322,-87.49
3110,180,R,-9360,-95.02
3120,180,R,-9397,-92.49
3130,180,R,-9435,-95.01
3140,180,R,-9472,-92.48
3150,180,R,-9509,-92.51
3160,180,R,-9545,-90.01
3170,180,R,-9581,-89.99
3180,180,R,-9617,-90.01
3190,180,R,-9653,-90.01
3200,180,R,-9691,-94.98
3210,180,R,-9728,-92.49
3220,180,R,-9766,-95.01
3230,180,R,-9803,-92.50
3240,180,R,-9841,-94.99
3250,180,R,-9879,-95.01
3260,180,R,-9917,-95.02
3270,180,R,-9955,-95.00
3280,180,R,-9993,-94.96
3290,180,R,-10032,-97.54
3300,180,R,-10069,-92.50
3310,180,R,-10107,-94.98
3320,180,R,-10144,-92.52
3330,180,R,-10180,-89.98
3340,180,R,-10218,-95.02
3350,180,R,-10254,-90.00
3360,180,R,-10291,-92.48
3370,180,R,-10329,-94.99
3380,180,R,-10365,-90.00
3390,180,R,-10403,-95.02
3400,180,R,-10440,-92.49
3410,180,R,-10477,-92.50
3420,180,R,-10514,-92.49
3430,180,R,-10552,-95.02
3440,180,R,-10589,-92.49
3450,180,R,-10627,-95.00
3460,180,R,-10665,-95.02
3470,180,R,-10703,-94.97
3480,180,R,-10740,-92.49
3490,180,R,-10777,-92.51
3500,180,R,-10814,-92.52
3510,180,R,-10851,-92.49
3520,180,R,-10888,-92.50
3530,180,R,-10925,-92.52
3540,180,R,-10962,-92.48
3550,180,R,-11000,-94.99
3560,180,R,-11037,-92.52
3570,180,R,-11074,-92.49
3580,180,R,-11112,-95.01
3590,180,R,-11149,-92.49
3600,180,R,-11187,-95.02
3610,180,R,-11225,-94.97
3620,180,R,-11262,-92.53
3630,180,R,-11300,-94.97
3640,180,R,-11336,-90.03
3650,180,R,-11373,-92.49
3660,180,R,-11411,-95.01
3670,180,R,-11447,-90.00
3680,180,R,-11486,-97.48
3690,180,R,-11525,-97.52
3700,180,R,-11570,-112.49
3710,180,R,-11607,-92.49
3720,180,R,-11644,-92.49
3730,180,R,-11675,-77.49
3740,180,R,-11713,-95.02
3750,180,R,-11750,-92.50
3760,180,R,-11789,-97.51
3770,180,R,-11826,-92.47
3780,180,R,-11864,-95.02
3790,180,R,-11901,-92.49
3800,180,R,-11937,-90.02
3810,180,R,-11973,-89.99
3820,180,R,-12009,-90.01
3830,180,R,-12045,-89.99
3840,180,R,-12083,-94.98
3850,180,R,-12121,-95.04
3860,180,R,-12158,-92.47
3870,180,R,-12196,-95.01
3880,180,R,-12234,-94.98
3890,180,R,-12271,-92.54
3900,180,R,-12310,-97.50
3910,180,R,-12348,-94.99
3920,180,R,-12386,-94.99
3930,180,R,-12424,-95.02
3940,180,R,-12462,-94.98
3950,180,R,-12500,-94.99
3960,180,R,-12536,-90.03
3970,180,R,-12573,-92.49
3980,180,R,-12611,-95.01
3990,180,R,-12647,-89.99
4000,180,R,-12685,-94.98
4010,180,R,-12721,-90.03
4020,180,R,-12758,-92.48
4030,180,R,-12796,-95.01
4040,180,R,-12832,-89.99
4050,180,R,-12870,-95.01
4060,180,R,-12907,-92.50
4070,180,R,-12944,-92.48
4080,180,R,-12982,-95.01
4090,180,R,-13020,-95.01
4100,180,R,-13057,-92.50
4110,180,R,-13095,-95.00
4120,180,R,-13132,-92.47
4130,180,R,-13169,-92.53
4140,180,R,-13206,-92.50
4150,180,R,-13242,-89.97
4160,180,R,-13280,-95.03
4170,180,R,-13317,-92.48
4180,180,R,-13353,-90.02
4190,180,R,-13391,-94.98
4200,180,R,-13428,-92.53
4210,180,R,-13465,-92.46
4220,180,R,-13502,-92.52
4230,180,R,-13539,-92.50
4240,180,R,-13577,-95.01
4250,180,R,-13615,-94.97
4260,180,R,-13652,-92.54
4270,180,R,-13690,-95.00
4280,180,R,-13726,-89.98
4290,180,R,-13763,-92.52
4300,180,R,-13800,-92.49
4310,180,R,-13836,-90.01
4320,180,R,-13874,-94.96
4330,180,R,-13913,-97.52
4340,180,R,-13958,-112.52
4350,180,R,-13996,-94.98
4360,180,R,-14033,-92.50
4370,180,R,-14068,-87.52
4380,180,R,-14101,-82.50
4390,180,R,-14138,-92.50
4400,180,R,-14176,-94.98
4410,180,R,-14214,-94.98
4420,180,R,-14251,-92.54
4430,180,R,-14288,-92.49
4440,180,R,-14324,-89.97
4450,180,R,-14360,-90.04
4460,180,R,-14397,-92.50
4470,180,R,-14433,-90.00
4480,180,R,-14470,-92.50
4490,180,R,-14507,-92.48
4500,180,R,-14545,-94.97
4510,180,R,-14583,-95.05
4520,180,R,-14620,-92.46
4530,180,R,-14658,-95.04
4540,180,R,-14697,-97.49
4550,180,R,-14734,-92.50
4560,180,R,-14773,-97.48
4570,180,R,-14811,-95.01
4580,180,R,-14849,-95.00
4590,180,R,-14887,-94.99
4600,180,R,-14924,-92.53
4610,180,R,-14961,-92.49
4620,180,R,-14998,-92.47
4630,180,R,-15035,-92.51
4640,180,R,-15072,-92.50
4650,180,R,-15109,-92.51
4660,180,R,-15146,-92.49
4670,180,R,-15184,-95.03
4680,180,R,-15221,-92.47
4690,180,R,-15258,-92.51
4700,180,R,-15295,-92.49
4710,180,R,-15332,-92.53
4720,180,R,-15370,-94.99
4730,180,R,-15408,-94.98
4740,180,R,-15445,-92.51
4750,180,R,-15484,-97.48
4760,180,R,-15521,-92.52
4770,180,R,-15558,-92.52
4780,180,R,-15595,-92.48
4790,180,R,-15632,-92.50
4800,180,R,-15669,-92.49
4810,180,R,-15706,-92.50
4820,180,R,-15743,-92.52
4830,180,R,-15781,-94.92
4840,180,R,-15818,-92.51
4850,180,R,-15855,-92.57
4860,180,R,-15892,-92.48
4870,180,R,-15930,-94.97
4880,180,R,-15967,-92.55
4890,180,R,-16005,-94.97
4900,180,R,-16043,-95.02
4910,180,R,-16080,-92.51
4920,180,R,-16117,-92.48
4930,180,R,-16154,-92.49
4940,180,R,-16191,-92.51
4950,180,R,-16228,-92.50
4960,180,R,-16266,-95.01
4970,180,R,-16304,-95.00
4980,180,R,-16348,-110.00
4990,180,R,-16388,-100.00
5000,180,R,-16426,-95.00
5010,180,R,-16463,-92.51
5020,180,R,-16493,-74.97
5030,180,R,-16531,-95.03
5040,180,R,-16569,-95.00
5050,180,R,-16607,-95.00
5060,180,R,-16644,-92.48
5070,180,R,-16682,-95.00
5080,180,R,-16718,-90.03
5090,180,R,-16755,-92.49
5100,180,R,-16791,-89.98
5110,180,R,-16827,-90.02
5120,180,R,-16864,-92.47
5130,180,R,-16901,-92.53
5140,180,R,-16939,-94.97
5150,180,R,-16977,-95.01
5160,180,R,-17015,-95.00
5170,180,R,-17053,-95.02
5180,180,R,-17091,-94.99
5190,180,R,-17129,-95.01
5200,180,R,-17167,-95.01
5210,180,R,-17205,-95.00
5220,180,R,-17243,-94.98
5230,180,R,-17282,-97.43
5240,180,R,-17319,-92.56
5250,180,R,-17356,-92.50
5260,180,R,-17393,-92.51
5270,180,R,-17430,-92.49
5280,180,R,-17467,-92.49
5290,180,R,-17504,-92.52
5300,180,R,-17541,-92.49
5310,180,R,-17578,-92.49
5320,180,R,-17615,-92.50
5330,180,R,-17652,-92.51
5340,180,R,-17689,-92.51
5350,180,R,-17726,-92.50
5360,180,R,-17764,-94.97
5370,180,R,-17802,-95.04
5380,180,R,-17839,-92.49
5390,180,R,-17877,-95.01
5400,180,R,-17915,-95.00
5410,180,R,-17952,-92.48
5420,180,R,-17989,-92.50
5430,180,R,-18025,-89.99
5440,180,R,-18063,-95.03
5450,180,R,-18100,-92.47
5460,180,R,-18136,-90.01
5470,180,R,-18174,-94.99
5480,180,R,-18210,-90.03
5490,180,R,-18248,-94.97
5500,180,R,-18285,-92.53
=== END ===
# Trial 24 of 46: step_up_rev_220_run01
=== START step_up_rev_220_run01 ===
t_ms,pwm_cmd,dir,enc_count,rpm
0,0,N,0,0.00
10,0,N,0,0.00
20,0,N,0,0.00
30,0,N,0,0.00
40,0,N,0,0.00
50,0,N,0,0.00
60,0,N,0,0.00
70,0,N,0,0.00
80,0,N,0,0.00
90,0,N,0,0.00
100,0,N,0,0.00
110,0,N,0,0.00
120,0,N,0,0.00
130,0,N,0,0.00
140,0,N,0,0.00
150,0,N,0,0.00
160,0,N,0,0.00
170,0,N,0,0.00
180,0,N,0,0.00
190,0,N,0,0.00
200,0,N,0,0.00
210,0,N,0,0.00
220,0,N,0,0.00
230,0,N,0,0.00
240,0,N,0,0.00
250,0,N,0,0.00
260,0,N,0,0.00
270,0,N,0,0.00
280,0,N,0,0.00
290,0,N,0,0.00
300,0,N,0,0.00
310,0,N,0,0.00
320,0,N,0,0.00
330,0,N,0,0.00
340,0,N,0,0.00
350,0,N,0,0.00
360,0,N,0,0.00
370,0,N,0,0.00
380,0,N,0,0.00
390,0,N,0,0.00
400,0,N,0,0.00
410,0,N,0,0.00
420,0,N,0,0.00
430,0,N,0,0.00
440,0,N,0,0.00
450,0,N,0,0.00
460,0,N,0,0.00
470,0,N,0,0.00
480,0,N,0,0.00
490,0,N,0,0.00
500,220,R,0,0.00
510,220,R,-1,-2.50
520,220,R,-9,-20.00
530,220,R,-23,-35.01
540,220,R,-42,-47.50
550,220,R,-67,-62.48
560,220,R,-96,-72.50
570,220,R,-129,-82.49
580,220,R,-164,-87.52
590,220,R,-197,-82.51
600,220,R,-241,-109.99
610,220,R,-287,-115.02
620,220,R,-335,-119.95
630,220,R,-385,-125.03
640,220,R,-435,-125.00
650,220,R,-487,-130.01
660,220,R,-541,-135.01
670,220,R,-597,-140.00
680,220,R,-656,-147.49
690,220,R,-716,-149.96
700,220,R,-778,-155.05
710,220,R,-841,-157.48
720,220,R,-906,-162.48
730,220,R,-971,-162.48
740,220,R,-1036,-162.55
750,220,R,-1102,-164.95
760,220,R,-1167,-162.55
770,220,R,-1233,-164.95
780,220,R,-1300,-167.50
790,220,R,-1367,-167.52
800,220,R,-1434,-167.52
810,220,R,-1502,-170.00
820,220,R,-1571,-172.52
830,220,R,-1639,-169.97
840,220,R,-1708,-172.52
850,220,R,-1776,-170.00
860,220,R,-1845,-172.53
870,220,R,-1915,-174.97
880,220,R,-1985,-175.00
890,220,R,-2057,-180.02
900,220,R,-2129,-180.02
910,220,R,-2200,-177.48
920,220,R,-2271,-177.45
930,220,R,-2341,-175.00
940,220,R,-2416,-187.52
950,220,R,-2492,-189.91
960,220,R,-2562,-175.14
970,220,R,-2625,-157.48
980,220,R,-2696,-177.46
990,220,R,-2766,-175.00
1000,220,R,-2835,-172.52
1010,220,R,-2903,-170.00
1020,220,R,-2972,-172.47
1030,220,R,-3043,-177.52
1040,220,R,-3114,-177.54
1050,220,R,-3186,-179.96
1060,220,R,-3259,-182.55
1070,220,R,-3332,-182.45
1080,220,R,-3405,-182.50
1090,220,R,-3476,-177.50
1100,220,R,-3547,-177.54
1110,220,R,-3619,-179.96
1120,220,R,-3690,-177.50
1130,220,R,-3761,-177.55
1140,220,R,-3832,-177.50
1150,220,R,-3903,-177.50
1160,220,R,-3975,-179.95
1170,220,R,-4047,-180.00
1180,220,R,-4118,-177.52
1190,220,R,-4189,-177.52
1200,220,R,-4260,-177.52
1210,220,R,-4332,-180.00
1220,220,R,-4404,-179.96
1230,220,R,-4477,-182.48
1240,220,R,-4550,-182.55
1250,220,R,-4623,-182.48
1260,220,R,-4694,-177.46
1270,220,R,-4767,-182.50
1280,220,R,-4842,-187.56
1290,220,R,-4918,-189.98
1300,220,R,-4988,-174.95
1310,220,R,-5053,-162.57
1320,220,R,-5125,-179.95
1330,220,R,-5196,-177.54
1340,220,R,-5265,-172.50
1350,220,R,-5333,-169.97
1360,220,R,-5403,-175.05
1370,220,R,-5475,-179.95
1380,220,R,-5547,-180.05
1390,220,R,-5621,-185.00
1400,220,R,-5694,-182.43
1410,220,R,-5767,-182.52
1420,220,R,-5840,-182.50
1430,220,R,-5911,-177.54
1440,220,R,-5983,-180.00
1450,220,R,-6054,-177.46
1460,220,R,-6126,-180.05
1470,220,R,-6197,-177.48
1480,220,R,-6269,-180.02
1490,220,R,-6341,-179.95
1500,220,R,-6413,-179.98
1510,220,R,-6483,-175.07
1520,220,R,-6554,-177.48
1530,220,R,-6626,-180.00
1540,220,R,-6698,-180.00
1550,220,R,-6770,-180.00
1560,220,R,-6843,-182.48
1570,220,R,-6916,-182.54
1580,220,R,-6989,-182.46
1590,220,R,-7061,-180.04
1600,220,R,-7134,-182.46
1610,220,R,-7213,-197.54
1620,220,R,-7286,-182.46
1630,220,R,-7356,-175.00
1640,220,R,-7423,-167.48
1650,220,R,-7492,-172.48
1660,220,R,-7563,-177.57
1670,220,R,-7633,-174.98
1680,220,R,-7702,-172.50
1690,220,R,-7771,-172.50
1700,220,R,-7842,-177.48
1710,220,R,-7914,-180.00
1720,220,R,-7986,-180.04
1730,220,R,-8060,-184.96
1740,220,R,-8134,-185.02
1750,220,R,-8207,-182.46
1760,220,R,-8278,-177.52
1770,220,R,-8350,-179.98
1780,220,R,-8422,-179.91
1790,220,R,-8493,-177.59
1800,220,R,-8565,-179.89
1810,220,R,-8636,-177.61
1820,220,R,-8707,-177.50
1830,220,R,-8779,-180.05
1840,220,R,-8851,-180.00
1850,220,R,-8922,-177.45
1860,220,R,-8994,-180.04
1870,220,R,-9065,-177.48
1880,220,R,-9137,-179.98
1890,220,R,-9210,-182.55
1900,220,R,-9283,-182.48
1910,220,R,-9356,-182.50
1920,220,R,-9429,-182.52
1930,220,R,-9500,-177.48
1940,220,R,-9576,-190.02
1950,220,R,-9654,-194.96
1960,220,R,-9725,-177.48
1970,220,R,-9795,-175.04
1980,220,R,-9860,-162.50
1990,220,R,-9933,-182.48
2000,220,R,-10003,-174.98
2010,220,R,-10072,-172.50
2020,220,R,-10140,-170.05
2030,220,R,-10211,-177.43
2040,220,R,-10283,-180.04
2050,220,R,-10356,-182.50
2060,220,R,-10429,-182.48
2070,220,R,-10502,-182.55
2080,220,R,-10576,-185.00
2090,220,R,-10648,-179.95
2100,220,R,-10720,-180.02
2110,220,R,-10792,-180.04
2120,220,R,-10863,-177.46
2130,220,R,-10935,-179.98
2140,220,R,-11007,-180.02
2150,220,R,-11078,-177.54
2160,220,R,-11150,-180.00
2170,220,R,-11222,-179.98
2180,220,R,-11293,-177.48
2190,220,R,-11364,-177.52
2200,220,R,-11437,-182.39
2210,220,R,-11509,-180.11
2220,220,R,-11580,-177.46
2230,220,R,-11654,-185.00
2240,220,R,-11727,-182.55
2250,220,R,-11800,-182.46
2260,220,R,-11872,-180.04
2270,220,R,-11944,-180.00
2280,220,R,-12024,-199.94
2290,220,R,-12097,-182.55
2300,220,R,-12169,-179.95
2310,220,R,-12234,-162.52
2320,220,R,-12304,-175.02
2330,220,R,-12375,-177.48
2340,220,R,-12445,-175.02
2350,220,R,-12514,-172.50
2360,220,R,-12584,-175.00
2370,220,R,-12655,-177.50
2380,220,R,-12728,-182.52
2390,220,R,-12800,-179.98
2400,220,R,-12874,-184.96
2410,220,R,-12948,-185.06
2420,220,R,-13020,-179.98
2430,220,R,-13092,-179.98
2440,220,R,-13164,-180.02
2450,220,R,-13236,-179.95
2460,220,R,-13308,-180.02
2470,220,R,-13379,-177.55
2480,220,R,-13450,-177.48
2490,220,R,-13523,-182.50
2500,220,R,-13595,-179.96
2510,220,R,-13667,-180.02
2520,220,R,-13737,-175.04
2530,220,R,-13809,-179.98
2540,220,R,-13881,-179.95
2550,220,R,-13954,-182.52
2560,220,R,-14027,-182.50
2570,220,R,-14101,-184.96
2580,220,R,-14174,-182.57
2590,220,R,-14246,-179.96
2600,220,R,-14318,-180.04
2610,220,R,-14391,-182.46
2620,220,R,-14472,-202.56
2630,220,R,-14543,-177.46
2640,220,R,-14611,-170.02
2650,220,R,-14679,-170.00
2660,220,R,-14751,-180.00
2670,220,R,-14821,-174.97
2680,220,R,-14889,-170.05
2690,220,R,-14958,-172.47
2700,220,R,-15030,-179.96
2710,220,R,-15103,-182.54
2720,220,R,-15175,-180.02
2730,220,R,-15248,-182.50
2740,220,R,-15322,-185.00
2750,220,R,-15396,-184.96
2760,220,R,-15468,-180.05
2770,220,R,-15539,-177.46
2780,220,R,-15611,-180.04
2790,220,R,-15683,-179.96
2800,220,R,-15754,-177.46
2810,220,R,-15826,-180.04
2820,220,R,-15898,-180.04
2830,220,R,-15970,-179.98
2840,220,R,-16042,-179.98
2850,220,R,-16113,-177.52
2860,220,R,-16184,-177.52
2870,220,R,-16256,-180.00
2880,220,R,-16328,-179.96
2890,220,R,-16401,-182.48
2900,220,R,-16474,-182.50
2910,220,R,-16548,-185.04
2920,220,R,-16621,-182.50
2930,220,R,-16691,-175.00
2940,220,R,-16763,-180.00
2950,220,R,-16839,-190.02
2960,220,R,-16918,-197.48
2970,220,R,-16983,-162.52
2980,220,R,-17052,-172.50
2990,220,R,-17125,-182.34
3000,220,R,-17195,-175.12
3010,220,R,-17264,-172.53
3020,220,R,-17333,-172.45
3030,220,R,-17403,-174.98
3040,220,R,-17475,-180.04
3050,220,R,-17547,-180.02
3060,220,R,-17621,-184.87
3070,220,R,-17694,-182.59
3080,220,R,-17767,-182.52
3090,220,R,-17839,-180.02
3100,220,R,-17911,-180.02
3110,220,R,-17983,-180.00
3120,220,R,-18054,-177.43
3130,220,R,-18125,-177.57
3140,220,R,-18197,-180.00
3150,220,R,-18268,-177.46
3160,220,R,-18341,-182.54
3170,220,R,-18413,-179.96
3180,220,R,-18483,-175.02
3190,220,R,-18554,-177.46
3200,220,R,-18626,-180.05
3210,220,R,-18698,-180.00
3220,220,R,-18770,-179.95
3230,220,R,-18843,-182.50
3240,220,R,-18917,-184.98
3250,220,R,-18990,-182.57
3260,220,R,-19061,-177.43
3270,220,R,-19134,-182.52
3280,220,R,-19209,-187.54
3290,220,R,-19286,-192.52
3300,220,R,-19356,-175.00
3310,220,R,-19422,-165.00
3320,220,R,-19493,-177.43
3330,220,R,-19564,-177.52
3340,220,R,-19634,-175.02
3350,220,R,-19703,-172.48
3360,220,R,-19772,-172.55
3370,220,R,-19843,-177.45
3380,220,R,-19915,-180.04
3390,220,R,-19988,-182.46
3400,220,R,-20061,-182.52
3410,220,R,-20135,-184.98
3420,220,R,-20208,-182.54
3430,220,R,-20280,-179.96
3440,220,R,-20351,-177.48
3450,220,R,-20423,-180.05
3460,220,R,-20495,-180.00
3470,220,R,-20566,-177.48
3480,220,R,-20638,-179.89
3490,220,R,-20709,-177.62
3500,220,R,-20781,-179.96
3510,220,R,-20853,-180.04
3520,220,R,-20924,-177.48
3530,220,R,-20996,-179.87
3540,220,R,-21066,-175.14
3550,220,R,-21139,-182.52
3560,220,R,-21212,-182.45
3570,220,R,-21285,-182.52
3580,220,R,-21358,-182.50
3590,220,R,-21431,-182.54
3600,220,R,-21502,-177.50
3610,220,R,-21577,-187.44
3620,220,R,-21656,-197.52
3630,220,R,-21727,-177.52
3640,220,R,-21797,-174.97
3650,220,R,-21862,-162.50
3660,220,R,-21935,-182.54
3670,220,R,-22005,-174.97
3680,220,R,-22074,-172.53
3690,220,R,-22142,-169.98
3700,220,R,-22213,-177.48
3710,220,R,-22285,-180.04
3720,220,R,-22358,-182.48
3730,220,R,-22431,-182.54
3740,220,R,-22504,-182.48
3750,220,R,-22578,-184.91
3760,220,R,-22650,-180.09
3770,220,R,-22722,-180.02
3780,220,R,-22794,-179.98
3790,220,R,-22865,-177.46
3800,220,R,-22937,-180.00
3810,220,R,-23008,-177.55
3820,220,R,-23080,-179.96
3830,220,R,-23152,-180.00
3840,220,R,-23224,-180.04
3850,220,R,-23295,-177.46
3860,220,R,-23366,-177.52
3870,220,R,-23438,-179.95
3880,220,R,-23510,-180.07
3890,220,R,-23582,-179.93
3900,220,R,-23655,-182.54
3910,220,R,-23729,-185.00
3920,220,R,-23802,-182.48
3930,220,R,-23873,-177.48
3940,220,R,-23945,-180.02
3950,220,R,-24021,-190.02
3960,220,R,-24098,-192.54
3970,220,R,-24169,-177.48
3980,220,R,-24233,-159.98
3990,220,R,-24306,-182.45
4000,220,R,-24377,-177.52
4010,220,R,-24446,-172.52
4020,220,R,-24514,-170.02
4030,220,R,-24584,-174.98
4040,220,R,-24655,-177.54
4050,220,R,-24728,-182.50
4060,220,R,-24801,-182.46
4070,220,R,-24874,-182.55
4080,220,R,-24948,-184.91
4090,220,R,-25020,-180.05
4100,220,R,-25092,-179.98
4110,220,R,-25164,-180.04
4120,220,R,-25236,-179.96
4130,220,R,-25308,-180.04
4140,220,R,-25379,-177.46
4150,220,R,-25450,-177.55
4160,220,R,-25522,-179.98
4170,220,R,-25595,-182.39
4180,220,R,-25666,-177.59
4190,220,R,-25737,-177.50
4200,220,R,-25808,-177.48
4210,220,R,-25880,-180.02
4220,220,R,-25953,-182.52
4230,220,R,-26026,-182.46
4240,220,R,-26099,-182.50
4250,220,R,-26173,-185.02
4260,220,R,-26245,-180.00
4270,220,R,-26317,-180.04
4280,220,R,-26389,-179.93
4290,220,R,-26466,-192.52
4300,220,R,-26542,-190.00
4310,220,R,-26606,-160.00
4320,220,R,-26678,-180.00
4330,220,R,-26750,-180.02
4340,220,R,-26820,-174.98
4350,220,R,-26888,-170.00
4360,220,R,-26957,-172.52
4370,220,R,-27029,-180.02
4380,220,R,-27101,-179.96
4390,220,R,-27174,-182.48
4400,220,R,-27247,-182.52
4410,220,R,-27321,-185.04
4420,220,R,-27394,-182.48
4430,220,R,-27467,-182.37
4440,220,R,-27538,-177.61
4450,220,R,-27610,-179.96
4460,220,R,-27681,-177.55
4470,220,R,-27753,-180.04
4480,220,R,-27824,-177.45
4490,220,R,-27896,-180.00
4500,220,R,-27968,-180.05
4510,220,R,-28040,-179.95
4520,220,R,-28111,-177.54
4530,220,R,-28183,-180.02
4540,220,R,-28254,-177.46
4550,220,R,-28326,-179.98
4560,220,R,-28399,-182.50
4570,220,R,-28472,-182.55
4580,220,R,-28546,-184.98
4590,220,R,-28619,-182.45
4600,220,R,-28690,-177.52
4610,220,R,-28764,-185.06
4620,220,R,-28844,-199.98
4630,220,R,-28915,-177.46
4640,220,R,-28986,-177.52
4650,220,R,-29051,-162.48
4660,220,R,-29123,-180.02
4670,220,R,-29194,-177.54
4680,220,R,-29263,-172.50
4690,220,R,-29332,-172.48
4700,220,R,-29402,-174.98
4710,220,R,-29473,-177.52
4720,220,R,-29546,-182.52
4730,220,R,-29619,-182.50
4740,220,R,-29693,-184.98
4750,220,R,-29766,-182.50
4760,220,R,-29839,-182.37
4770,220,R,-29910,-177.61
4780,220,R,-29982,-179.98
4790,220,R,-30054,-179.98
4800,220,R,-30125,-177.54
4810,220,R,-30196,-177.46
4820,220,R,-30268,-180.07
4830,220,R,-30340,-179.95
4840,220,R,-30412,-180.04
4850,220,R,-30483,-177.46
4860,220,R,-30554,-177.50
4870,220,R,-30626,-180.02
4880,220,R,-30698,-180.02
4890,220,R,-30770,-179.96
4900,220,R,-30843,-182.52
4910,220,R,-30917,-185.04
4920,220,R,-30990,-182.46
4930,220,R,-31062,-180.02
4940,220,R,-31135,-182.52
4950,220,R,-31215,-200.00
4960,220,R,-31287,-180.00
4970,220,R,-31358,-177.46
4980,220,R,-31427,-172.48
4990,220,R,-31494,-167.48
5000,220,R,-31565,-177.54
5010,220,R,-31635,-174.98
5020,220,R,-31704,-172.50
5030,220,R,-31773,-172.55
5040,220,R,-31845,-179.93
5050,220,R,-31917,-179.91
5060,220,R,-31989,-180.14
5070,220,R,-32063,-185.00
5080,220,R,-32137,-184.98
5090,220,R,-32210,-182.52
5100,220,R,-32281,-177.48
5110,220,R,-32352,-177.50
5120,220,R,-32425,-182.54
5130,220,R,-32497,-179.95
5140,220,R,-32568,-177.52
5150,220,R,-32639,-177.48
5160,220,R,-32711,-180.00
5170,220,R,-32783,-180.00
5180,220,R,-32855,-180.04
5190,220,R,-32926,-177.46
5200,220,R,-32997,-177.50
5210,220,R,-33068,-177.50
5220,220,R,-33141,-182.54
5230,220,R,-33214,-182.52
5240,220,R,-33287,-182.50
5250,220,R,-33360,-182.48
5260,220,R,-33433,-182.52
5270,220,R,-33504,-177.48
5280,220,R,-33577,-182.52
5290,220,R,-33656,-197.42
5300,220,R,-33729,-182.52
5310,220,R,-33797,-170.00
5320,220,R,-33864,-167.53
5330,220,R,-33936,-180.00
5340,220,R,-34007,-177.48
5350,220,R,-34076,-172.53
5360,220,R,-34144,-169.95
5370,220,R,-34215,-177.54
5380,220,R,-34287,-180.00
5390,220,R,-34360,-182.50
5400,220,R,-34433,-182.48
5410,220,R,-34506,-182.52
5420,220,R,-34580,-184.94
5430,220,R,-34652,-180.04
5440,220,R,-34724,-180.04
5450,220,R,-34796,-180.00
5460,220,R,-34867,-177.46
5470,220,R,-34939,-179.98
5480,220,R,-35010,-177.52
5490,220,R,-35082,-179.98
=== END ===
# Trial 25 of 46: step_up_rev_220_run02
=== START step_up_rev_220_run02 ===
t_ms,pwm_cmd,dir,enc_count,rpm
0,0,N,0,0.00
10,0,N,0,0.00
20,0,N,0,0.00
30,0,N,0,0.00
40,0,N,0,0.00
50,0,N,0,0.00
60,0,N,0,0.00
70,0,N,0,0.00
80,0,N,0,0.00
90,0,N,0,0.00
100,0,N,0,0.00
110,0,N,0,0.00
120,0,N,0,0.00
130,0,N,0,0.00
140,0,N,0,0.00
150,0,N,0,0.00
160,0,N,0,0.00
170,0,N,0,0.00
180,0,N,0,0.00
190,0,N,0,0.00
200,0,N,0,0.00
210,0,N,0,0.00
220,0,N,0,0.00
230,0,N,0,0.00
240,0,N,0,0.00
250,0,N,0,0.00
260,0,N,0,0.00
270,0,N,0,0.00
280,0,N,0,0.00
290,0,N,0,0.00
300,0,N,0,0.00
310,0,N,0,0.00
320,0,N,0,0.00
330,0,N,0,0.00
340,0,N,0,0.00
350,0,N,0,0.00
360,0,N,0,0.00
370,0,N,0,0.00
380,0,N,0,0.00
390,0,N,0,0.00
400,0,N,0,0.00
410,0,N,0,0.00
420,0,N,0,0.00
430,0,N,0,0.00
440,0,N,0,0.00
450,0,N,0,0.00
460,0,N,0,0.00
470,0,N,0,0.00
480,0,N,0,0.00
490,0,N,0,0.00
500,220,R,0,0.00
510,220,R,-2,-5.00
520,220,R,-10,-20.00
530,220,R,-23,-32.50
540,220,R,-41,-45.00
550,220,R,-63,-55.02
560,220,R,-89,-64.99
570,220,R,-121,-80.00
580,220,R,-156,-87.52
590,220,R,-194,-95.00
600,220,R,-237,-107.50
610,220,R,-282,-112.49
620,220,R,-330,-120.01
630,220,R,-380,-125.00
640,220,R,-434,-134.97
650,220,R,-489,-137.50
660,220,R,-545,-139.99
670,220,R,-602,-142.54
680,220,R,-660,-144.94
690,220,R,-719,-147.51
700,220,R,-780,-152.55
710,220,R,-842,-154.97
720,220,R,-904,-155.02
730,220,R,-968,-160.02
740,220,R,-1032,-160.00
750,220,R,-1097,-162.47
760,220,R,-1163,-164.97
770,220,R,-1228,-162.55
780,220,R,-1294,-165.00
790,220,R,-1362,-169.95
800,220,R,-1430,-170.00
810,220,R,-1498,-170.05
820,220,R,-1568,-174.98
830,220,R,-1638,-175.00
840,220,R,-1709,-177.48
850,220,R,-1779,-175.02
860,220,R,-1848,-172.48
870,220,R,-1918,-175.04
880,220,R,-1991,-182.50
890,220,R,-2068,-192.48
900,220,R,-2135,-167.50
910,220,R,-2200,-162.50
920,220,R,-2271,-177.48
930,220,R,-2340,-172.55
940,220,R,-2408,-169.98
950,220,R,-2476,-170.00
960,220,R,-2545,-172.48
970,220,R,-2616,-177.48
980,220,R,-2688,-180.02
990,220,R,-2761,-182.46
1000,220,R,-2834,-182.57
1010,220,R,-2906,-179.95
1020,220,R,-2979,-182.50
1030,220,R,-3050,-177.52
1040,220,R,-3121,-177.48
1050,220,R,-3193,-180.02
1060,220,R,-3264,-177.54
1070,220,R,-3334,-174.98
1080,220,R,-3406,-180.02
1090,220,R,-3478,-179.98
1100,220,R,-3550,-179.98
1110,220,R,-3621,-177.52
1120,220,R,-3692,-177.41
1130,220,R,-3763,-177.57
1140,220,R,-3836,-182.41
1150,220,R,-3908,-180.11
1160,220,R,-3981,-182.46
1170,220,R,-4054,-182.55
1180,220,R,-4127,-182.43
1190,220,R,-4199,-180.05
1200,220,R,-4272,-182.46
1210,220,R,-4346,-185.06
1220,220,R,-4425,-197.44
1230,220,R,-4496,-177.54
1240,220,R,-4564,-169.98
1250,220,R,-4632,-170.02
1260,220,R,-4704,-179.96
1270,220,R,-4774,-175.04
1280,220,R,-4843,-172.52
1290,220,R,-4912,-172.48
1300,220,R,-4983,-177.45
1310,220,R,-5055,-180.05
1320,220,R,-5128,-182.50
1330,220,R,-5202,-185.02
1340,220,R,-5276,-184.98
1350,220,R,-5349,-182.46
1360,220,R,-5421,-180.04
1370,220,R,-5493,-179.96
1380,220,R,-5565,-180.05
1390,220,R,-5637,-179.96
1400,220,R,-5709,-180.04
1410,220,R,-5780,-177.50
1420,220,R,-5852,-179.96
1430,220,R,-5925,-182.54
1440,220,R,-5997,-179.93
1450,220,R,-6068,-177.54
1460,220,R,-6140,-180.02
1470,220,R,-6211,-177.48
1480,220,R,-6284,-182.54
1490,220,R,-6357,-182.48
1500,220,R,-6431,-184.94
1510,220,R,-6504,-182.54
1520,220,R,-6577,-182.50
1530,220,R,-6649,-179.98
1540,220,R,-6725,-190.06
1550,220,R,-6804,-197.44
1560,220,R,-6875,-177.50
1570,220,R,-6945,-175.00
1580,220,R,-7011,-165.02
1590,220,R,-7083,-180.00
1600,220,R,-7154,-177.52
1610,220,R,-7223,-172.47
1620,220,R,-7291,-169.98
1630,220,R,-7363,-180.05
1640,220,R,-7436,-182.35
1650,220,R,-7508,-180.13
1660,220,R,-7581,-182.50
1670,220,R,-7655,-185.02
1680,220,R,-7729,-185.00
1690,220,R,-7802,-182.52
1700,220,R,-7873,-177.46
1710,220,R,-7945,-179.98
1720,220,R,-8017,-180.04
1730,220,R,-8089,-180.00
1740,220,R,-8160,-177.50
1750,220,R,-8232,-179.98
1760,220,R,-8305,-182.52
1770,220,R,-8377,-180.00
1780,220,R,-8448,-177.50
1790,220,R,-8519,-177.52
1800,220,R,-8591,-180.00
1810,220,R,-8663,-179.96
1820,220,R,-8736,-182.48
1830,220,R,-8810,-185.02
1840,220,R,-8884,-185.04
1850,220,R,-8957,-182.48
1860,220,R,-9028,-177.50
1870,220,R,-9103,-187.52
1880,220,R,-9182,-197.48
1890,220,R,-9254,-180.02
1900,220,R,-9324,-174.98
1910,220,R,-9390,-164.97
1920,220,R,-9462,-180.05
1930,220,R,-9533,-177.46
1940,220,R,-9603,-174.88
1950,220,R,-9671,-170.10
1960,220,R,-9742,-177.54
1970,220,R,-9813,-177.45
1980,220,R,-9886,-182.55
1990,220,R,-9960,-185.02
2000,220,R,-10034,-184.98
2010,220,R,-10107,-182.52
2020,220,R,-10180,-182.45
2030,220,R,-10252,-180.04
2040,220,R,-10324,-179.96
2050,220,R,-10396,-180.05
2060,220,R,-10467,-177.50
2070,220,R,-10539,-179.95
2080,220,R,-10611,-180.02
2090,220,R,-10684,-182.48
2100,220,R,-10757,-182.46
2110,220,R,-10828,-177.54
2120,220,R,-10899,-177.46
2130,220,R,-10971,-180.09
2140,220,R,-11044,-182.45
2150,220,R,-11116,-179.98
2160,220,R,-11189,-182.55
2170,220,R,-11264,-187.52
2180,220,R,-11337,-182.50
2190,220,R,-11409,-179.95
2200,220,R,-11482,-182.54
2210,220,R,-11559,-192.48
2220,220,R,-11635,-189.98
2230,220,R,-11707,-180.00
2240,220,R,-11773,-165.03
2250,220,R,-11844,-177.50
2260,220,R,-11916,-179.96
2270,220,R,-11986,-175.04
2280,220,R,-12055,-172.50
2290,220,R,-12125,-175.02
2300,220,R,-12197,-179.96
2310,220,R,-12270,-182.52
2320,220,R,-12343,-182.48
2330,220,R,-12417,-185.02
2340,220,R,-12491,-184.94
2350,220,R,-12565,-185.02
2360,220,R,-12637,-179.98
2370,220,R,-12709,-180.04
2380,220,R,-12782,-182.52
2390,220,R,-12854,-179.96
2400,220,R,-12925,-177.50
2410,220,R,-12997,-179.98
2420,220,R,-13070,-182.52
2430,220,R,-13143,-182.50
2440,220,R,-13214,-177.48
2450,220,R,-13285,-177.57
2460,220,R,-13358,-182.45
2470,220,R,-13430,-180.02
2480,220,R,-13503,-182.48
2490,220,R,-13577,-184.98
2500,220,R,-13651,-185.02
2510,220,R,-13725,-185.04
2520,220,R,-13797,-179.98
2530,220,R,-13870,-182.50
2540,220,R,-13946,-190.02
2550,220,R,-14024,-194.96
2560,220,R,-14096,-180.04
2570,220,R,-14162,-165.02
2580,220,R,-14233,-177.50
2590,220,R,-14304,-177.46
2600,220,R,-14375,-177.50
2610,220,R,-14444,-172.52
2620,220,R,-14514,-175.02
2630,220,R,-14586,-179.95
2640,220,R,-14658,-180.05
2650,220,R,-14731,-182.45
2660,220,R,-14806,-187.56
2670,220,R,-14880,-184.98
2680,220,R,-14954,-185.02
2690,220,R,-15025,-177.46
2700,220,R,-15097,-180.02
2710,220,R,-15170,-182.52
2720,220,R,-15242,-180.00
2730,220,R,-15314,-179.98
2740,220,R,-15386,-180.02
2750,220,R,-15459,-182.48
2760,220,R,-15531,-179.98
2770,220,R,-15603,-180.04
2780,220,R,-15675,-179.98
2790,220,R,-15746,-177.50
2800,220,R,-15819,-182.46
2810,220,R,-15892,-182.50
2820,220,R,-15965,-182.54
2830,220,R,-16040,-187.46
2840,220,R,-16113,-182.52
2850,220,R,-16186,-182.54
2860,220,R,-16259,-182.41
2870,220,R,-16334,-187.59
2880,220,R,-16413,-197.50
2890,220,R,-16484,-177.46
2900,220,R,-16552,-170.02
2910,220,R,-16621,-172.52
2920,220,R,-16693,-179.98
2930,220,R,-16763,-174.97
2940,220,R,-16833,-175.02
2950,220,R,-16902,-172.48
2960,220,R,-16974,-180.02
2970,220,R,-17047,-182.50
2980,220,R,-17119,-180.00
2990,220,R,-17193,-185.00
3000,220,R,-17268,-187.50
3010,220,R,-17341,-182.52
3020,220,R,-17414,-182.46
3030,220,R,-17486,-179.98
3040,220,R,-17558,-180.07
3050,220,R,-17630,-179.98
3060,220,R,-17702,-180.00
3070,220,R,-17774,-180.02
3080,220,R,-17846,-180.00
3090,220,R,-17919,-182.45
3100,220,R,-17991,-180.04
3110,220,R,-18063,-180.02
3120,220,R,-18135,-179.98
3130,220,R,-18206,-177.48
3140,220,R,-18279,-182.48
3150,220,R,-18353,-185.02
3160,220,R,-18427,-185.00
3170,220,R,-18501,-185.02
3180,220,R,-18574,-182.46
3190,220,R,-18645,-177.55
3200,220,R,-18720,-187.50
3210,220,R,-18799,-197.44
3220,220,R,-18872,-182.54
3230,220,R,-18940,-169.98
3240,220,R,-19008,-170.02
3250,220,R,-19081,-182.52
3260,220,R,-19152,-177.50
3270,220,R,-19221,-172.47
3280,220,R,-19290,-172.50
3290,220,R,-19362,-179.96
3300,220,R,-19435,-182.54
3310,220,R,-19507,-180.04
3320,220,R,-19581,-184.98
3330,220,R,-19655,-184.94
3340,220,R,-19729,-185.04
3350,220,R,-19802,-182.50
3360,220,R,-19874,-180.02
3370,220,R,-19946,-180.02
3380,220,R,-20018,-179.96
3390,220,R,-20090,-180.02
3400,220,R,-20162,-179.98
3410,220,R,-20235,-182.52
3420,220,R,-20307,-180.02
3430,220,R,-20380,-182.48
3440,220,R,-20451,-177.50
3450,220,R,-20523,-179.98
3460,220,R,-20595,-179.98
3470,220,R,-20668,-182.55
3480,220,R,-20741,-182.50
3490,220,R,-20815,-184.96
3500,220,R,-20889,-185.04
3510,220,R,-20963,-184.94
3520,220,R,-21034,-177.55
3530,220,R,-21108,-184.94
3540,220,R,-21184,-190.04
3550,220,R,-21262,-195.00
3560,220,R,-21330,-170.00
3570,220,R,-21397,-167.52
3580,220,R,-21470,-182.46
3590,220,R,-21542,-179.87
3600,220,R,-21611,-172.59
3610,220,R,-21680,-172.55
3620,220,R,-21751,-177.52
3630,220,R,-21823,-179.96
3640,220,R,-21896,-182.46
3650,220,R,-21970,-185.06
3660,220,R,-22044,-185.00
3670,220,R,-22118,-184.96
3680,220,R,-22191,-182.50
3690,220,R,-22263,-179.98
3700,220,R,-22335,-180.04
3710,220,R,-22407,-180.00
3720,220,R,-22479,-180.02
3730,220,R,-22551,-179.98
3740,220,R,-22623,-180.02
3750,220,R,-22696,-182.52
3760,220,R,-22768,-179.93
3770,220,R,-22840,-180.05
3780,220,R,-22911,-177.52
3790,220,R,-22984,-182.45
3800,220,R,-23056,-180.02
3810,220,R,-23129,-182.54
3820,220,R,-23202,-182.48
3830,220,R,-23277,-187.52
3840,220,R,-23350,-182.46
3850,220,R,-23422,-180.00
3860,220,R,-23495,-182.52
3870,220,R,-23569,-185.02
3880,220,R,-23649,-199.98
3890,220,R,-23721,-180.00
3900,220,R,-23785,-159.98
3910,220,R,-23857,-180.00
3920,220,R,-23928,-177.48
3930,220,R,-23998,-175.05
3940,220,R,-24067,-172.43
3950,220,R,-24137,-175.07
3960,220,R,-24209,-179.98
3970,220,R,-24282,-182.48
3980,220,R,-24356,-184.96
3990,220,R,-24430,-185.04
4000,220,R,-24503,-182.50
4010,220,R,-24577,-185.02
4020,220,R,-24649,-179.96
4030,220,R,-24721,-180.04
4040,220,R,-24792,-177.46
4050,220,R,-24865,-182.54
4060,220,R,-24936,-177.50
4070,220,R,-25008,-179.96
4080,220,R,-25081,-182.55
4090,220,R,-25154,-182.45
4100,220,R,-25225,-177.54
4110,220,R,-25296,-177.46
4120,220,R,-25369,-182.54
4130,220,R,-25441,-179.95
4140,220,R,-25514,-182.57
4150,220,R,-25587,-182.48
4160,220,R,-25662,-187.46
4170,220,R,-25735,-182.54
4180,220,R,-25807,-180.00
4190,220,R,-25880,-182.45
4200,220,R,-25954,-185.06
4210,220,R,-26034,-199.96
4220,220,R,-26106,-180.02
4230,220,R,-26172,-165.03
4240,220,R,-26243,-177.46
4250,220,R,-26315,-179.98
4260,220,R,-26384,-172.50
4270,220,R,-26454,-174.91
4280,220,R,-26523,-172.64
4290,220,R,-26595,-179.95
4300,220,R,-26668,-182.50
4310,220,R,-26742,-185.02
4320,220,R,-26815,-182.54
4330,220,R,-26889,-184.98
4340,220,R,-26963,-185.00
4350,220,R,-27034,-177.50
4360,220,R,-27106,-180.00
4370,220,R,-27179,-182.52
4380,220,R,-27251,-179.93
4390,220,R,-27323,-179.98
4400,220,R,-27394,-177.55
4410,220,R,-27467,-182.48
4420,220,R,-27540,-182.50
4430,220,R,-27612,-180.02
4440,220,R,-27683,-177.54
4450,220,R,-27755,-180.00
4460,220,R,-27827,-179.96
4470,220,R,-27900,-182.50
4480,220,R,-27974,-185.02
4490,220,R,-28047,-182.48
4500,220,R,-28121,-185.02
4510,220,R,-28194,-182.46
4520,220,R,-28266,-180.05
4530,220,R,-28340,-184.93
4540,220,R,-28421,-202.56
4550,220,R,-28492,-177.48
4560,220,R,-28561,-172.48
4570,220,R,-28629,-170.02
4580,220,R,-28701,-180.02
4590,220,R,-28771,-174.97
4600,220,R,-28840,-172.53
4610,220,R,-28909,-172.50
4620,220,R,-28981,-180.00
4630,220,R,-29054,-182.48
4640,220,R,-29126,-180.00
4650,220,R,-29201,-187.52
4660,220,R,-29275,-185.02
4670,220,R,-29349,-184.98
4680,220,R,-29421,-180.00
4690,220,R,-29492,-177.46
4700,220,R,-29565,-182.55
4710,220,R,-29637,-180.00
4720,220,R,-29709,-179.98
4730,220,R,-29781,-179.86
4740,220,R,-29853,-180.14
4750,220,R,-29925,-180.02
4760,220,R,-29998,-182.45
4770,220,R,-30069,-177.54
4780,220,R,-30141,-180.00
4790,220,R,-30212,-177.48
4800,220,R,-30285,-182.52
4810,220,R,-30359,-184.96
4820,220,R,-30433,-185.02
4830,220,R,-30506,-182.50
4840,220,R,-30579,-182.48
4850,220,R,-30651,-180.04
4860,220,R,-30728,-192.37
4870,220,R,-30806,-195.10
4880,220,R,-30877,-177.52
4890,220,R,-30947,-175.00
4900,220,R,-31013,-164.98
4910,220,R,-31086,-182.54
4920,220,R,-31157,-177.46
4930,220,R,-31225,-170.05
4940,220,R,-31294,-172.47
4950,220,R,-31366,-179.98
4960,220,R,-31438,-180.05
4970,220,R,-31511,-182.46
4980,220,R,-31585,-185.02
4990,220,R,-31659,-184.98
5000,220,R,-31733,-185.04
5010,220,R,-31805,-179.98
5020,220,R,-31877,-179.98
5030,220,R,-31949,-179.98
5040,220,R,-32021,-180.00
5050,220,R,-32093,-180.04
5060,220,R,-32165,-179.96
5070,220,R,-32237,-180.04
5080,220,R,-32309,-180.02
5090,220,R,-32381,-179.98
5100,220,R,-32453,-179.98
5110,220,R,-32524,-177.48
5120,220,R,-32596,-180.00
5130,220,R,-32669,-182.46
5140,220,R,-32742,-182.57
5150,220,R,-32815,-182.46
5160,220,R,-32889,-185.00
5170,220,R,-32962,-182.55
5180,220,R,-33033,-177.48
5190,220,R,-33106,-182.46
5200,220,R,-33183,-192.52
5210,220,R,-33260,-192.52
5220,220,R,-33330,-175.00
5230,220,R,-33395,-162.52
5240,220,R,-33468,-182.48
5250,220,R,-33539,-177.48
5260,220,R,-33608,-172.52
5270,220,R,-33676,-169.98
5280,220,R,-33747,-177.54
5290,220,R,-33819,-180.00
5300,220,R,-33892,-182.46
5310,220,R,-33965,-182.50
5320,220,R,-34039,-184.98
5330,220,R,-34112,-182.50
5340,220,R,-34185,-182.52
5350,220,R,-34257,-180.02
5360,220,R,-34329,-179.98
5370,220,R,-34400,-177.54
5380,220,R,-34472,-179.93
5390,220,R,-34544,-180.04
5400,220,R,-34616,-180.02
5410,220,R,-34688,-179.98
5420,220,R,-34761,-182.48
5430,220,R,-34832,-177.55
5440,220,R,-34903,-177.45
5450,220,R,-34975,-180.05
5460,220,R,-35048,-182.45
5470,220,R,-35120,-180.02
5480,220,R,-35193,-182.48
5490,220,R,-35267,-185.00
5500,220,R,-35341,-185.06
=== END ===
# Trial 26 of 46: step_up_rev_220_run03
=== START step_up_rev_220_run03 ===
t_ms,pwm_cmd,dir,enc_count,rpm
0,0,N,0,0.00
10,0,N,0,0.00
20,0,N,0,0.00
30,0,N,0,0.00
40,0,N,0,0.00
50,0,N,0,0.00
60,0,N,0,0.00
70,0,N,0,0.00
80,0,N,0,0.00
90,0,N,0,0.00
100,0,N,0,0.00
110,0,N,0,0.00
120,0,N,0,0.00
130,0,N,0,0.00
140,0,N,0,0.00
150,0,N,0,0.00
160,0,N,0,0.00
170,0,N,0,0.00
180,0,N,0,0.00
190,0,N,0,0.00
200,0,N,0,0.00
210,0,N,0,0.00
220,0,N,0,0.00
230,0,N,0,0.00
240,0,N,0,0.00
250,0,N,0,0.00
260,0,N,0,0.00
270,0,N,0,0.00
280,0,N,0,0.00
290,0,N,0,0.00
300,0,N,0,0.00
310,0,N,0,0.00
320,0,N,0,0.00
330,0,N,0,0.00
340,0,N,0,0.00
350,0,N,0,0.00
360,0,N,0,0.00
370,0,N,0,0.00
380,0,N,0,0.00
390,0,N,0,0.00
400,0,N,0,0.00
410,0,N,0,0.00
420,0,N,0,0.00
430,0,N,0,0.00
440,0,N,0,0.00
450,0,N,0,0.00
460,0,N,0,0.00
470,0,N,0,0.00
480,0,N,0,0.00
490,0,N,0,0.00
500,220,R,0,0.00
510,220,R,-4,-10.00
520,220,R,-13,-22.50
530,220,R,-28,-37.50
540,220,R,-47,-47.51
550,220,R,-71,-59.99
560,220,R,-101,-75.01
570,220,R,-133,-80.01
580,220,R,-170,-92.50
590,220,R,-210,-100.00
600,220,R,-253,-107.49
610,220,R,-299,-114.98
620,220,R,-347,-120.04
630,220,R,-398,-127.49
640,220,R,-451,-132.49
650,220,R,-506,-137.50
660,220,R,-562,-140.01
670,220,R,-619,-142.51
680,220,R,-677,-145.00
690,220,R,-737,-149.96
700,220,R,-799,-155.02
710,220,R,-861,-155.02
720,220,R,-926,-162.52
730,220,R,-991,-162.45
740,220,R,-1057,-165.02
750,220,R,-1124,-167.50
760,220,R,-1189,-162.52
770,220,R,-1256,-167.52
780,220,R,-1326,-175.00
790,220,R,-1401,-187.44
800,220,R,-1468,-167.53
810,220,R,-1532,-159.97
820,220,R,-1598,-165.02
830,220,R,-1667,-172.52
840,220,R,-1734,-167.52
850,220,R,-1801,-167.47
860,220,R,-1867,-165.03
870,220,R,-1937,-174.95
880,220,R,-2007,-175.00
890,220,R,-2078,-177.48
900,220,R,-2150,-180.04
910,220,R,-2222,-180.00
920,220,R,-2295,-182.50
930,220,R,-2366,-177.54
940,220,R,-2437,-177.50
950,220,R,-2508,-177.48
960,220,R,-2578,-175.02
970,220,R,-2650,-179.95
980,220,R,-2721,-177.55
990,220,R,-2792,-177.46
1000,220,R,-2864,-179.98
1010,220,R,-2935,-177.52
1020,220,R,-3006,-177.54
1030,220,R,-3076,-174.95
1040,220,R,-3148,-180.00
1050,220,R,-3220,-180.02
1060,220,R,-3292,-180.02
1070,220,R,-3365,-182.50
1080,220,R,-3439,-184.98
1090,220,R,-3512,-182.54
1100,220,R,-3583,-177.50
1110,220,R,-3656,-182.50
1120,220,R,-3733,-192.46
1130,220,R,-3808,-187.52
1140,220,R,-3880,-179.98
1150,220,R,-3944,-160.00
1160,220,R,-4016,-179.98
1170,220,R,-4087,-177.50
1180,220,R,-4157,-175.02
1190,220,R,-4225,-170.03
1200,220,R,-4294,-172.45
1210,220,R,-4366,-180.02
1220,220,R,-4438,-180.04
1230,220,R,-4511,-182.46
1240,220,R,-4585,-185.02
1250,220,R,-4658,-182.46
1260,220,R,-4731,-182.52
1270,220,R,-4803,-180.00
1280,220,R,-4875,-180.04
1290,220,R,-4947,-179.89
1300,220,R,-5018,-177.57
1310,220,R,-5090,-180.00
1320,220,R,-5161,-177.46
1330,220,R,-5234,-182.52
1340,220,R,-5306,-180.00
1350,220,R,-5377,-177.55
1360,220,R,-5448,-177.45
1370,220,R,-5519,-177.48
1380,220,R,-5591,-180.07
1390,220,R,-5664,-182.50
1400,220,R,-5738,-184.85
1410,220,R,-5811,-182.65
1420,220,R,-5884,-182.48
1430,220,R,-5957,-182.45
1440,220,R,-6029,-180.05
1450,220,R,-6105,-189.96
1460,220,R,-6183,-195.06
1470,220,R,-6254,-177.50
1480,220,R,-6323,-172.47
1490,220,R,-6390,-167.50
1500,220,R,-6462,-179.96
1510,220,R,-6532,-175.05
1520,220,R,-6601,-172.38
1530,220,R,-6669,-170.12
1540,220,R,-6741,-179.98
1550,220,R,-6813,-180.04
1560,220,R,-6885,-179.95
1570,220,R,-6959,-185.06
1580,220,R,-7033,-185.00
1590,220,R,-7106,-182.45
1600,220,R,-7179,-182.50
1610,220,R,-7250,-177.54
1620,220,R,-7322,-179.98
1630,220,R,-7394,-180.02
1640,220,R,-7465,-177.48
1650,220,R,-7537,-180.00
1660,220,R,-7609,-180.04
1670,220,R,-7681,-179.98
1680,220,R,-7753,-180.00
1690,220,R,-7824,-177.52
1700,220,R,-7895,-177.46
1710,220,R,-7966,-177.50
1720,220,R,-8039,-182.48
1730,220,R,-8112,-182.46
1740,220,R,-8185,-182.59
1750,220,R,-8259,-184.96
1760,220,R,-8332,-182.54
1770,220,R,-8402,-174.97
1780,220,R,-8477,-187.46
1790,220,R,-8555,-195.02
1800,220,R,-8627,-180.05
1810,220,R,-8699,-179.95
1820,220,R,-8763,-160.05
1830,220,R,-8836,-182.48
1840,220,R,-8907,-177.52
1850,220,R,-8976,-172.47
1860,220,R,-9044,-170.03
1870,220,R,-9114,-174.95
1880,220,R,-9186,-180.02
1890,220,R,-9258,-180.02
1900,220,R,-9332,-185.00
1910,220,R,-9406,-184.89
1920,220,R,-9478,-180.13
1930,220,R,-9551,-182.45
1940,220,R,-9623,-180.04
1950,220,R,-9695,-180.02
1960,220,R,-9766,-177.46
1970,220,R,-9838,-180.04
1980,220,R,-9909,-177.46
1990,220,R,-9980,-177.50
2000,220,R,-10053,-182.48
2010,220,R,-10125,-180.00
2020,220,R,-10196,-177.48
2030,220,R,-10266,-175.02
2040,220,R,-10338,-180.04
2050,220,R,-10411,-182.48
2060,220,R,-10483,-179.96
2070,220,R,-10556,-182.54
2080,220,R,-10630,-185.00
2090,220,R,-10703,-182.48
2100,220,R,-10774,-177.50
2110,220,R,-10847,-182.55
2120,220,R,-10923,-189.98
2130,220,R,-11000,-192.48
2140,220,R,-11071,-177.46
2150,220,R,-11137,-165.02
2160,220,R,-11207,-175.02
2170,220,R,-11278,-177.50
2180,220,R,-11348,-174.98
2190,220,R,-11416,-170.03
2200,220,R,-11485,-172.47
2210,220,R,-11556,-177.54
2220,220,R,-11628,-179.96
2230,220,R,-11701,-182.54
2240,220,R,-11774,-182.46
2250,220,R,-11848,-185.06
2260,220,R,-11921,-182.46
2270,220,R,-11993,-180.00
2280,220,R,-12064,-177.50
2290,220,R,-12136,-179.98
2300,220,R,-12207,-177.54
2310,220,R,-12278,-177.48
2320,220,R,-12350,-179.98
2330,220,R,-12421,-177.50
2340,220,R,-12494,-182.50
2350,220,R,-12565,-177.52
2360,220,R,-12636,-177.48
2370,220,R,-12707,-177.50
2380,220,R,-12778,-177.54
2390,220,R,-12851,-182.48
2400,220,R,-12924,-182.54
2410,220,R,-12997,-182.50
2420,220,R,-13070,-182.48
2430,220,R,-13143,-182.50
2440,220,R,-13213,-175.02
2450,220,R,-13286,-182.46
2460,220,R,-13362,-190.00
2470,220,R,-13440,-194.86
2480,220,R,-13508,-170.12
2490,220,R,-13574,-165.02
2500,220,R,-13646,-180.00
2510,220,R,-13717,-177.46
2520,220,R,-13785,-170.03
2530,220,R,-13853,-169.98
2540,220,R,-13924,-177.52
2550,220,R,-13996,-180.02
2560,220,R,-14068,-179.95
2570,220,R,-14141,-182.55
2580,220,R,-14214,-182.45
2590,220,R,-14287,-182.55
2600,220,R,-14360,-182.50
2610,220,R,-14431,-177.46
2620,220,R,-14503,-179.98
2630,220,R,-14574,-177.52
2640,220,R,-14645,-177.54
2650,220,R,-14717,-179.96
2660,220,R,-14789,-179.98
2670,220,R,-14860,-177.54
2680,220,R,-14932,-179.96
2690,220,R,-15003,-177.48
2700,220,R,-15073,-175.05
2710,220,R,-15145,-180.00
2720,220,R,-15217,-180.02
2730,220,R,-15289,-179.96
2740,220,R,-15362,-182.54
2750,220,R,-15436,-184.93
2760,220,R,-15509,-182.52
2770,220,R,-15580,-177.55
2780,220,R,-15652,-180.00
2790,220,R,-15725,-182.50
2800,220,R,-15805,-199.98
2810,220,R,-15876,-177.50
2820,220,R,-15941,-162.40
2830,220,R,-16012,-177.62
2840,220,R,-16083,-177.48
2850,220,R,-16153,-174.88
2860,220,R,-16221,-170.14
2870,220,R,-16290,-172.47
2880,220,R,-16361,-177.50
2890,220,R,-16433,-179.89
2900,220,R,-16505,-180.14
2910,220,R,-16579,-184.93
2920,220,R,-16652,-182.52
2930,220,R,-16725,-182.54
2940,220,R,-16797,-179.86
2950,220,R,-16867,-175.12
2960,220,R,-16939,-180.00
2970,220,R,-17011,-180.02
2980,220,R,-17082,-177.50
2990,220,R,-17153,-177.52
3000,220,R,-17225,-179.98
3010,220,R,-17297,-179.98
3020,220,R,-17369,-179.89
3030,220,R,-17440,-177.55
3040,220,R,-17511,-177.43
3050,220,R,-17582,-177.61
3060,220,R,-17654,-180.00
3070,220,R,-17727,-182.52
3080,220,R,-17800,-182.54
3090,220,R,-17873,-182.50
3100,220,R,-17945,-179.98
3110,220,R,-18016,-177.52
3120,220,R,-18090,-184.93
3130,220,R,-18164,-185.07
3140,220,R,-18242,-194.94
3150,220,R,-18310,-170.02
3160,220,R,-18377,-167.47
3170,220,R,-18449,-180.04
3180,220,R,-18519,-175.04
3190,220,R,-18587,-170.00
3200,220,R,-18655,-169.95
3210,220,R,-18726,-177.50
3220,220,R,-18798,-180.05
3230,220,R,-18870,-179.96
3240,220,R,-18943,-182.52
3250,220,R,-19016,-182.45
3260,220,R,-19090,-185.02
3270,220,R,-19162,-180.00
3280,220,R,-19233,-177.52
3290,220,R,-19305,-180.04
3300,220,R,-19376,-177.45
3310,220,R,-19447,-177.55
3320,220,R,-19519,-179.93
3330,220,R,-19590,-177.52
3340,220,R,-19662,-180.05
3350,220,R,-19734,-180.00
3360,220,R,-19804,-174.97
3370,220,R,-19875,-177.52
3380,220,R,-19947,-179.96
3390,220,R,-20019,-180.05
3400,220,R,-20091,-179.98
3410,220,R,-20164,-182.48
3420,220,R,-20238,-185.00
3430,220,R,-20311,-182.50
3440,220,R,-20382,-177.54
3450,220,R,-20454,-179.96
3460,220,R,-20528,-185.02
3470,220,R,-20607,-197.52
3480,220,R,-20678,-177.48
3490,220,R,-20742,-159.98
3500,220,R,-20814,-180.02
3510,220,R,-20885,-177.48
3520,220,R,-20954,-172.50
3530,220,R,-21022,-170.03
3540,220,R,-21091,-172.50
3550,220,R,-21162,-177.45
3560,220,R,-21234,-180.02
3570,220,R,-21307,-182.54
3580,220,R,-21380,-182.45
3590,220,R,-21454,-185.06
3600,220,R,-21527,-182.45
3610,220,R,-21598,-177.54
3620,220,R,-21669,-177.46
3630,220,R,-21741,-180.02
3640,220,R,-21813,-179.98
3650,220,R,-21883,-175.02
3660,220,R,-21954,-177.52
3670,220,R,-22026,-180.02
3680,220,R,-22098,-179.98
3690,220,R,-22169,-177.46
3700,220,R,-22240,-177.52
3710,220,R,-22311,-177.50
3720,220,R,-22382,-177.52
3730,220,R,-22454,-179.98
3740,220,R,-22527,-182.54
3750,220,R,-22600,-182.48
3760,220,R,-22673,-182.48
3770,220,R,-22746,-182.46
3780,220,R,-22816,-175.02
3790,220,R,-22888,-180.05
3800,220,R,-22969,-202.46
3810,220,R,-23041,-180.04
3820,220,R,-23110,-172.50
3830,220,R,-23176,-164.98
3840,220,R,-23248,-179.98
3850,220,R,-23318,-175.04
3860,220,R,-23386,-169.98
3870,220,R,-23454,-169.97
3880,220,R,-23525,-177.50
3890,220,R,-23596,-177.55
3900,220,R,-23668,-180.00
3910,220,R,-23741,-182.46
3920,220,R,-23814,-182.54
3930,220,R,-23887,-182.45
3940,220,R,-23959,-180.02
3950,220,R,-24031,-179.91
3960,220,R,-24102,-177.57
3970,220,R,-24172,-175.04
3980,220,R,-24244,-179.96
3990,220,R,-24315,-177.54
4000,220,R,-24386,-177.50
4010,220,R,-24458,-179.96
4020,220,R,-24530,-180.02
4030,220,R,-24600,-175.02
4040,220,R,-24670,-175.02
4050,220,R,-24742,-179.96
4060,220,R,-24813,-177.54
4070,220,R,-24885,-179.96
4080,220,R,-24958,-182.48
4090,220,R,-25031,-182.55
4100,220,R,-25104,-182.50
4110,220,R,-25175,-177.48
4120,220,R,-25247,-179.96
4130,220,R,-25318,-177.52
4140,220,R,-25398,-200.04
4150,220,R,-25469,-177.46
4160,220,R,-25534,-162.48
4170,220,R,-25605,-177.54
4180,220,R,-25676,-177.50
4190,220,R,-25745,-172.48
4200,220,R,-25813,-170.03
4210,220,R,-25882,-172.47
4220,220,R,-25953,-177.52
4230,220,R,-26024,-177.48
4240,220,R,-26096,-179.98
4250,220,R,-26169,-182.50
4260,220,R,-26242,-182.50
4270,220,R,-26315,-182.50
4280,220,R,-26386,-177.54
4290,220,R,-26457,-177.46
4300,220,R,-26529,-179.98
4310,220,R,-26600,-177.54
4320,220,R,-26671,-177.50
4330,220,R,-26742,-177.50
4340,220,R,-26814,-180.00
4350,220,R,-26885,-177.48
4360,220,R,-26956,-177.50
4370,220,R,-27027,-177.52
4380,220,R,-27098,-177.48
4390,220,R,-27168,-175.00
4400,220,R,-27240,-180.00
4410,220,R,-27313,-182.50
4420,220,R,-27386,-182.41
4430,220,R,-27459,-182.59
4440,220,R,-27531,-180.05
4450,220,R,-27602,-177.34
4460,220,R,-27673,-177.62
4470,220,R,-27748,-187.50
4480,220,R,-27827,-197.42
4490,220,R,-27895,-170.03
4500,220,R,-27960,-162.55
4510,220,R,-28032,-180.02
4520,220,R,-28102,-175.00
4530,220,R,-28171,-172.47
4540,220,R,-28239,-169.98
4550,220,R,-28308,-172.50
4560,220,R,-28379,-177.54
4570,220,R,-28451,-179.95
4580,220,R,-28524,-182.55
4590,220,R,-28597,-182.45
4600,220,R,-28669,-180.04
4610,220,R,-28742,-182.48
4620,220,R,-28813,-177.54
4630,220,R,-28884,-177.48
4640,220,R,-28955,-177.54
4650,220,R,-29026,-177.45
4660,220,R,-29097,-177.54
4670,220,R,-29167,-174.98
4680,220,R,-29239,-180.00
4690,220,R,-29311,-179.98
4700,220,R,-29381,-175.00
4710,220,R,-29451,-175.02
4720,220,R,-29522,-177.50
4730,220,R,-29594,-179.91
4740,220,R,-29665,-177.57
4750,220,R,-29738,-182.54
4760,220,R,-29811,-182.50
4770,220,R,-29884,-182.45
4780,220,R,-29955,-177.55
4790,220,R,-30026,-177.46
4800,220,R,-30098,-180.00
4810,220,R,-30177,-197.52
4820,220,R,-30250,-182.52
4830,220,R,-30316,-165.00
4840,220,R,-30385,-172.47
4850,220,R,-30457,-180.02
4860,220,R,-30526,-172.53
4870,220,R,-30594,-169.95
4880,220,R,-30662,-169.98
4890,220,R,-30733,-177.52
4900,220,R,-30804,-177.55
4910,220,R,-30876,-180.00
4920,220,R,-30949,-182.45
4930,220,R,-31022,-182.50
4940,220,R,-31095,-182.54
4950,220,R,-31167,-179.96
4960,220,R,-31239,-180.00
4970,220,R,-31310,-177.54
4980,220,R,-31381,-177.50
4990,220,R,-31453,-180.02
5000,220,R,-31524,-177.45
5010,220,R,-31596,-179.91
5020,220,R,-31667,-177.62
5030,220,R,-31739,-179.98
5040,220,R,-31810,-177.38
5050,220,R,-31881,-177.54
5060,220,R,-31952,-177.57
5070,220,R,-32024,-179.98
5080,220,R,-32096,-180.04
5090,220,R,-32169,-182.54
5100,220,R,-32243,-184.98
5110,220,R,-32316,-182.45
5120,220,R,-32387,-177.55
5130,220,R,-32458,-177.48
5140,220,R,-32533,-187.48
5150,220,R,-32611,-195.04
5160,220,R,-32682,-177.50
5170,220,R,-32747,-162.48
5180,220,R,-32819,-180.04
5190,220,R,-32890,-177.50
5200,220,R,-32959,-172.45
5210,220,R,-33027,-170.00
5220,220,R,-33097,-175.02
5230,220,R,-33167,-174.98
5240,220,R,-33240,-182.50
5250,220,R,-33313,-182.55
5260,220,R,-33386,-182.50
5270,220,R,-33459,-182.50
5280,220,R,-33532,-182.46
5290,220,R,-33603,-177.48
5300,220,R,-33675,-180.02
5310,220,R,-33746,-177.52
5320,220,R,-33818,-180.00
5330,220,R,-33889,-177.52
5340,220,R,-33960,-177.50
5350,220,R,-34032,-179.93
5360,220,R,-34104,-180.02
5370,220,R,-34175,-177.52
5380,220,R,-34246,-177.52
5390,220,R,-34317,-177.50
5400,220,R,-34388,-177.46
5410,220,R,-34461,-182.50
5420,220,R,-34534,-182.54
5430,220,R,-34607,-182.52
5440,220,R,-34680,-182.43
5450,220,R,-34753,-182.45
5460,220,R,-34824,-177.54
5470,220,R,-34895,-177.59
5480,220,R,-34973,-194.94
5490,220,R,-35048,-187.50
=== END ===
# Trial 27 of 46: step_up_rev_220_run04
=== START step_up_rev_220_run04 ===
t_ms,pwm_cmd,dir,enc_count,rpm
0,0,N,0,0.00
10,0,N,0,0.00
20,0,N,0,0.00
30,0,N,0,0.00
40,0,N,0,0.00
50,0,N,0,0.00
60,0,N,0,0.00
70,0,N,0,0.00
80,0,N,0,0.00
90,0,N,0,0.00
100,0,N,0,0.00
110,0,N,0,0.00
120,0,N,0,0.00
130,0,N,0,0.00
140,0,N,0,0.00
150,0,N,0,0.00
160,0,N,0,0.00
170,0,N,0,0.00
180,0,N,0,0.00
190,0,N,0,0.00
200,0,N,0,0.00
210,0,N,0,0.00
220,0,N,0,0.00
230,0,N,0,0.00
240,0,N,0,0.00
250,0,N,0,0.00
260,0,N,0,0.00
270,0,N,0,0.00
280,0,N,0,0.00
290,0,N,0,0.00
300,0,N,0,0.00
310,0,N,0,0.00
320,0,N,0,0.00
330,0,N,0,0.00
340,0,N,0,0.00
350,0,N,0,0.00
360,0,N,0,0.00
370,0,N,0,0.00
380,0,N,0,0.00
390,0,N,0,0.00
400,0,N,0,0.00
410,0,N,0,0.00
420,0,N,0,0.00
430,0,N,0,0.00
440,0,N,0,0.00
450,0,N,0,0.00
460,0,N,0,0.00
470,0,N,0,0.00
480,0,N,0,0.00
490,0,N,0,0.00
500,220,R,0,0.00
510,220,R,-3,-7.50
520,220,R,-12,-22.50
530,220,R,-25,-32.50
540,220,R,-45,-50.00
550,220,R,-69,-59.99
560,220,R,-98,-72.52
570,220,R,-131,-82.47
580,220,R,-167,-90.01
590,220,R,-206,-97.52
600,220,R,-249,-107.47
610,220,R,-294,-112.52
620,220,R,-342,-119.99
630,220,R,-392,-124.95
640,220,R,-444,-130.09
650,220,R,-499,-137.47
660,220,R,-556,-142.51
670,220,R,-615,-147.51
680,220,R,-675,-149.97
690,220,R,-736,-152.52
700,220,R,-796,-149.97
710,220,R,-859,-157.52
720,220,R,-923,-160.02
730,220,R,-991,-169.98
740,220,R,-1060,-172.50
750,220,R,-1120,-150.03
760,220,R,-1184,-159.95
770,220,R,-1251,-167.55
780,220,R,-1317,-165.00
790,220,R,-1381,-159.98
800,220,R,-1446,-162.47
810,220,R,-1513,-167.50
820,220,R,-1581,-170.05
830,220,R,-1651,-174.97
840,220,R,-1721,-174.98
850,220,R,-1792,-177.52
860,220,R,-1864,-180.00
870,220,R,-1935,-177.48
880,220,R,-2004,-172.50
890,220,R,-2074,-175.00
900,220,R,-2145,-177.55
910,220,R,-2216,-177.45
920,220,R,-2286,-175.00
930,220,R,-2357,-177.50
940,220,R,-2427,-175.04
950,220,R,-2499,-180.02
960,220,R,-2570,-177.48
970,220,R,-2641,-177.50
980,220,R,-2712,-177.46
990,220,R,-2782,-175.00
1000,220,R,-2855,-182.50
1010,220,R,-2927,-180.02
1020,220,R,-3000,-182.52
1030,220,R,-3073,-182.52
1040,220,R,-3146,-182.48
1050,220,R,-3217,-177.46
1060,220,R,-3289,-180.05
1070,220,R,-3368,-197.48
1080,220,R,-3443,-187.48
1090,220,R,-3511,-170.00
1100,220,R,-3578,-167.48
1110,220,R,-3651,-182.54
1120,220,R,-3722,-177.48
1130,220,R,-3790,-169.97
1140,220,R,-3859,-172.53
1150,220,R,-3930,-177.48
1160,220,R,-4002,-180.00
1170,220,R,-4074,-179.98
1180,220,R,-4148,-185.07
1190,220,R,-4222,-184.89
1200,220,R,-4295,-182.59
1210,220,R,-4368,-182.52
1220,220,R,-4440,-179.98
1230,220,R,-4512,-180.02
1240,220,R,-4583,-177.46
1250,220,R,-4656,-182.50
1260,220,R,-4728,-179.95
1270,220,R,-4799,-177.57
1280,220,R,-4872,-182.52
1290,220,R,-4944,-179.95
1300,220,R,-5015,-177.50
1310,220,R,-5086,-177.54
1320,220,R,-5159,-182.48
1330,220,R,-5231,-180.02
1340,220,R,-5303,-180.02
1350,220,R,-5377,-185.00
1360,220,R,-5451,-184.93
1370,220,R,-5524,-182.55
1380,220,R,-5596,-180.02
1390,220,R,-5669,-182.46
1400,220,R,-5741,-180.04
1410,220,R,-5823,-204.96
1420,220,R,-5894,-177.54
1430,220,R,-5959,-162.47
1440,220,R,-6031,-180.04
1450,220,R,-6102,-177.50
1460,220,R,-6172,-174.93
1470,220,R,-6241,-172.52
1480,220,R,-6311,-175.02
1490,220,R,-6382,-177.48
1500,220,R,-6455,-182.55
1510,220,R,-6529,-184.96
1520,220,R,-6602,-182.50
1530,220,R,-6676,-184.98
1540,220,R,-6749,-182.55
1550,220,R,-6821,-179.96
1560,220,R,-6893,-180.02
1570,220,R,-6965,-179.96
1580,220,R,-7037,-180.00
1590,220,R,-7108,-177.50
1600,220,R,-7180,-180.00
1610,220,R,-7253,-182.54
1620,220,R,-7326,-182.46
1630,220,R,-7397,-177.50
1640,220,R,-7467,-175.04
1650,220,R,-7540,-182.37
1660,220,R,-7612,-180.13
1670,220,R,-7685,-182.46
1680,220,R,-7758,-182.54
1690,220,R,-7832,-185.00
1700,220,R,-7905,-182.50
1710,220,R,-7978,-182.48
1720,220,R,-8051,-182.52
1730,220,R,-8122,-177.46
1740,220,R,-8202,-200.02
1750,220,R,-8276,-185.02
1760,220,R,-8340,-160.02
1770,220,R,-8412,-179.95
1780,220,R,-8484,-180.02
1790,220,R,-8554,-175.02
1800,220,R,-8623,-172.47
1810,220,R,-8692,-172.50
1820,220,R,-8763,-177.55
1830,220,R,-8836,-182.45
1840,220,R,-8909,-182.52
1850,220,R,-8983,-185.00
1860,220,R,-9057,-185.02
1870,220,R,-9130,-182.46
1880,220,R,-9202,-180.04
1890,220,R,-9273,-177.45
1900,220,R,-9346,-182.54
1910,220,R,-9418,-180.00
1920,220,R,-9489,-177.50
1930,220,R,-9561,-180.00
1940,220,R,-9633,-180.04
1950,220,R,-9705,-180.00
1960,220,R,-9777,-179.96
1970,220,R,-9848,-177.52
1980,220,R,-9920,-180.02
1990,220,R,-9992,-179.98
2000,220,R,-10064,-179.98
2010,220,R,-10138,-185.02
2020,220,R,-10212,-184.98
2030,220,R,-10285,-182.54
2040,220,R,-10358,-182.48
2050,220,R,-10430,-180.00
2060,220,R,-10502,-180.02
2070,220,R,-10579,-192.35
2080,220,R,-10656,-192.62
2090,220,R,-10722,-165.00
2100,220,R,-10792,-174.98
2110,220,R,-10865,-182.55
2120,220,R,-10935,-174.93
2130,220,R,-11004,-172.53
2140,220,R,-11072,-170.00
2150,220,R,-11144,-180.00
2160,220,R,-11216,-180.04
2170,220,R,-11289,-182.50
2180,220,R,-11362,-182.50
2190,220,R,-11437,-187.44
2200,220,R,-11510,-182.54
2210,220,R,-11583,-182.50
2220,220,R,-11655,-179.96
2230,220,R,-11726,-177.52
2240,220,R,-11798,-180.04
2250,220,R,-11870,-179.95
2260,220,R,-11942,-180.05
2270,220,R,-12014,-179.96
2280,220,R,-12087,-182.54
2290,220,R,-12158,-177.46
2300,220,R,-12230,-180.04
2310,220,R,-12301,-177.48
2320,220,R,-12373,-179.89
2330,220,R,-12445,-180.09
2340,220,R,-12518,-182.50
2350,220,R,-12592,-185.04
2360,220,R,-12666,-184.98
2370,220,R,-12739,-182.52
2380,220,R,-12810,-177.48
2390,220,R,-12883,-182.48
2400,220,R,-12956,-182.52
2410,220,R,-13037,-202.48
2420,220,R,-13105,-169.98
2430,220,R,-13172,-167.53
2440,220,R,-13245,-182.50
2450,220,R,-13316,-177.45
2460,220,R,-13385,-172.57
2470,220,R,-13453,-169.97
2480,220,R,-13524,-177.48
2490,220,R,-13596,-180.00
2500,220,R,-13668,-180.02
2510,220,R,-13742,-185.00
2520,220,R,-13816,-185.02
2530,220,R,-13890,-184.94
2540,220,R,-13962,-180.05
2550,220,R,-14035,-182.45
2560,220,R,-14107,-179.95
2570,220,R,-14178,-177.61
2580,220,R,-14250,-179.96
2590,220,R,-14322,-180.04
2600,220,R,-14394,-179.98
2610,220,R,-14467,-182.54
2620,220,R,-14539,-180.00
2630,220,R,-14610,-177.50
2640,220,R,-14681,-177.46
2650,220,R,-14754,-182.50
2660,220,R,-14827,-182.54
2670,220,R,-14899,-179.98
2680,220,R,-14972,-182.48
2690,220,R,-15047,-187.50
2700,220,R,-15120,-182.48
2710,220,R,-15192,-180.04
2720,220,R,-15265,-182.46
2730,220,R,-15337,-180.05
2740,220,R,-15418,-202.46
2750,220,R,-15491,-182.48
2760,220,R,-15555,-160.05
2770,220,R,-15627,-179.96
2780,220,R,-15699,-179.96
2790,220,R,-15768,-172.55
2800,220,R,-15837,-172.45
2810,220,R,-15907,-175.04
2820,220,R,-15978,-177.52
2830,220,R,-16051,-182.46
2840,220,R,-16124,-182.52
2850,220,R,-16198,-185.00
2860,220,R,-16272,-184.91
2870,220,R,-16344,-180.11
2880,220,R,-16416,-180.02
2890,220,R,-16488,-179.95
2900,220,R,-16560,-180.05
2910,220,R,-16632,-179.93
2920,220,R,-16703,-177.55
2930,220,R,-16775,-179.96
2940,220,R,-16848,-182.54
2950,220,R,-16920,-179.95
2960,220,R,-16991,-177.50
2970,220,R,-17062,-177.57
2980,220,R,-17134,-179.96
2990,220,R,-17207,-182.37
3000,220,R,-17279,-180.11
3010,220,R,-17353,-184.91
3020,220,R,-17426,-182.59
3030,220,R,-17500,-185.04
3040,220,R,-17572,-179.96
3050,220,R,-17645,-182.52
3060,220,R,-17718,-182.50
3070,220,R,-17798,-200.02
3080,220,R,-17870,-179.98
3090,220,R,-17936,-165.02
3100,220,R,-18007,-177.50
3110,220,R,-18079,-179.95
3120,220,R,-18149,-175.02
3130,220,R,-18218,-172.50
3140,220,R,-18287,-172.52
3150,220,R,-18358,-177.52
3160,220,R,-18431,-182.48
3170,220,R,-18504,-182.48
3180,220,R,-18578,-184.93
3190,220,R,-18652,-185.11
3200,220,R,-18725,-182.50
3210,220,R,-18797,-180.02
3220,220,R,-18869,-179.98
3230,220,R,-18941,-179.96
3240,220,R,-19013,-180.05
3250,220,R,-19085,-179.95
3260,220,R,-19156,-177.52
3270,220,R,-19228,-180.02
3280,220,R,-19301,-182.52
3290,220,R,-19373,-179.95
3300,220,R,-19444,-177.55
3310,220,R,-19516,-179.93
3320,220,R,-19587,-177.55
3330,220,R,-19660,-182.50
3340,220,R,-19734,-184.98
3350,220,R,-19807,-182.54
3360,220,R,-19881,-184.96
3370,220,R,-19954,-182.52
3380,220,R,-20026,-179.96
3390,220,R,-20099,-182.52
3400,220,R,-20176,-192.50
3410,220,R,-20253,-192.48
3420,220,R,-20320,-167.52
3430,220,R,-20388,-170.03
3440,220,R,-20461,-182.50
3450,220,R,-20532,-177.50
3460,220,R,-20600,-170.00
3470,220,R,-20669,-172.47
3480,220,R,-20741,-179.96
3490,220,R,-20813,-180.04
3500,220,R,-20885,-180.00
3510,220,R,-20959,-184.98
3520,220,R,-21034,-187.50
3530,220,R,-21107,-182.48
3540,220,R,-21180,-182.52
3550,220,R,-21252,-180.05
3560,220,R,-21324,-180.00
3570,220,R,-21396,-179.98
3580,220,R,-21468,-179.98
3590,220,R,-21540,-180.02
3600,220,R,-21612,-180.00
3610,220,R,-21685,-182.52
3620,220,R,-21757,-179.95
3630,220,R,-21828,-177.55
3640,220,R,-21900,-179.95
3650,220,R,-21971,-177.55
3660,220,R,-22044,-182.45
3670,220,R,-22117,-182.50
3680,220,R,-22191,-185.00
3690,220,R,-22265,-185.06
3700,220,R,-22339,-184.98
3710,220,R,-22410,-177.52
3720,220,R,-22483,-182.48
3730,220,R,-22558,-187.44
3740,220,R,-22638,-199.90
3750,220,R,-22706,-170.10
3760,220,R,-22773,-167.50
3770,220,R,-22846,-182.55
3780,220,R,-22917,-177.48
3790,220,R,-22986,-172.52
3800,220,R,-23055,-172.50
3810,220,R,-23126,-177.48
3820,220,R,-23198,-179.95
3830,220,R,-23271,-182.57
3840,220,R,-23344,-182.46
3850,220,R,-23418,-184.98
3860,220,R,-23492,-185.04
3870,220,R,-23565,-182.48
3880,220,R,-23637,-180.04
3890,220,R,-23709,-179.96
3900,220,R,-23780,-177.50
3910,220,R,-23853,-182.50
3920,220,R,-23925,-180.00
3930,220,R,-23997,-179.96
3940,220,R,-24069,-180.02
3950,220,R,-24141,-180.05
3960,220,R,-24212,-177.48
3970,220,R,-24284,-180.00
3980,220,R,-24356,-180.02
3990,220,R,-24429,-182.48
4000,220,R,-24502,-182.52
4010,220,R,-24575,-182.46
4020,220,R,-24650,-187.50
4030,220,R,-24723,-182.50
4040,220,R,-24795,-180.02
4050,220,R,-24867,-179.96
4060,220,R,-24943,-190.00
4070,220,R,-25022,-197.52
4080,220,R,-25093,-177.52
4090,220,R,-25159,-164.93
4100,220,R,-25231,-180.02
4110,220,R,-25302,-177.55
4120,220,R,-25371,-172.50
4130,220,R,-25440,-172.50
4140,220,R,-25511,-177.43
4150,220,R,-25582,-177.57
4160,220,R,-25655,-182.48
4170,220,R,-25729,-184.98
4180,220,R,-25803,-185.06
4190,220,R,-25876,-182.45
4200,220,R,-25950,-184.98
4210,220,R,-26022,-180.02
4220,220,R,-26094,-180.05
4230,220,R,-26166,-179.98
4240,220,R,-26238,-179.98
4250,220,R,-26309,-177.52
4260,220,R,-26382,-182.46
4270,220,R,-26455,-182.52
4280,220,R,-26527,-180.00
4290,220,R,-26599,-179.96
4300,220,R,-26670,-177.52
4310,220,R,-26742,-180.02
4320,220,R,-26815,-182.54
4330,220,R,-26887,-180.00
4340,220,R,-26961,-185.00
4350,220,R,-27035,-184.98
4360,220,R,-27109,-185.00
4370,220,R,-27181,-180.02
4380,220,R,-27254,-182.43
4390,220,R,-27327,-182.57
4400,220,R,-27408,-202.50
4410,220,R,-27478,-174.98
4420,220,R,-27544,-165.02
4430,220,R,-27616,-179.98
4440,220,R,-27688,-180.02
4450,220,R,-27758,-174.98
4460,220,R,-27827,-172.47
4470,220,R,-27896,-172.48
4480,220,R,-27967,-177.55
4490,220,R,-28040,-182.52
4500,220,R,-28113,-182.50
4510,220,R,-28187,-184.98
4520,220,R,-28261,-185.02
4530,220,R,-28335,-184.98
4540,220,R,-28406,-177.50
4550,220,R,-28478,-180.02
4560,220,R,-28551,-182.48
4570,220,R,-28623,-179.98
4580,220,R,-28694,-177.50
4590,220,R,-28766,-180.00
4600,220,R,-28839,-182.52
4610,220,R,-28911,-180.02
4620,220,R,-28983,-180.00
4630,220,R,-29054,-177.45
4640,220,R,-29126,-180.05
4650,220,R,-29198,-179.93
4660,220,R,-29271,-182.57
4670,220,R,-29344,-182.43
4680,220,R,-29418,-185.06
4690,220,R,-29492,-184.98
4700,220,R,-29564,-180.02
4710,220,R,-29636,-180.02
4720,220,R,-29708,-179.98
4730,220,R,-29785,-192.50
4740,220,R,-29862,-192.52
4750,220,R,-29927,-162.47
4760,220,R,-29999,-180.00
4770,220,R,-30071,-180.04
4780,220,R,-30141,-174.97
4790,220,R,-30209,-170.02
4800,220,R,-30278,-172.52
4810,220,R,-30350,-179.96
4820,220,R,-30423,-182.54
4830,220,R,-30495,-179.95
4840,220,R,-30569,-185.00
4850,220,R,-30643,-184.98
4860,220,R,-30717,-185.00
4870,220,R,-30789,-180.02
4880,220,R,-30860,-177.54
4890,220,R,-30932,-180.02
4900,220,R,-31005,-182.48
4910,220,R,-31076,-177.50
4920,220,R,-31148,-179.96
4930,220,R,-31220,-179.98
4940,220,R,-31292,-180.04
4950,220,R,-31364,-179.96
4960,220,R,-31435,-177.54
4970,220,R,-31507,-180.00
4980,220,R,-31578,-177.52
4990,220,R,-31651,-182.48
5000,220,R,-31724,-182.54
5010,220,R,-31798,-185.00
5020,220,R,-31871,-182.48
5030,220,R,-31944,-182.48
5040,220,R,-32016,-179.96
5050,220,R,-32087,-177.52
5060,220,R,-32164,-192.56
5070,220,R,-32243,-197.46
5080,220,R,-32310,-167.50
5090,220,R,-32378,-169.98
5100,220,R,-32451,-182.48
5110,220,R,-32522,-177.54
5120,220,R,-32590,-169.98
5130,220,R,-32659,-172.52
5140,220,R,-32730,-177.52
5150,220,R,-32802,-180.00
5160,220,R,-32875,-182.48
5170,220,R,-32948,-182.48
5180,220,R,-33022,-185.04
5190,220,R,-33096,-184.96
5200,220,R,-33169,-182.55
5210,220,R,-33241,-179.95
5220,220,R,-33313,-180.02
5230,220,R,-33385,-179.91
5240,220,R,-33457,-180.11
5250,220,R,-33529,-180.00
5260,220,R,-33601,-180.00
5270,220,R,-33673,-179.96
5280,220,R,-33745,-180.02
5290,220,R,-33817,-179.96
5300,220,R,-33889,-180.04
5310,220,R,-33961,-180.00
5320,220,R,-34033,-180.04
5330,220,R,-34106,-182.46
5340,220,R,-34179,-182.54
5350,220,R,-34254,-187.46
5360,220,R,-34327,-182.54
5370,220,R,-34399,-180.00
5380,220,R,-34471,-180.00
5390,220,R,-34545,-185.00
5400,220,R,-34625,-199.96
5410,220,R,-34696,-177.54
5420,220,R,-34761,-162.47
5430,220,R,-34834,-182.52
5440,220,R,-34905,-177.48
5450,220,R,-34974,-172.52
5460,220,R,-35043,-172.47
5470,220,R,-35113,-175.02
5480,220,R,-35185,-180.02
5490,220,R,-35258,-182.45
=== END ===
# Trial 28 of 46: step_up_rev_220_run05
=== START step_up_rev_220_run05 ===
t_ms,pwm_cmd,dir,enc_count,rpm
0,0,N,0,0.00
10,0,N,0,0.00
20,0,N,0,0.00
30,0,N,0,0.00
40,0,N,0,0.00
50,0,N,0,0.00
60,0,N,0,0.00
70,0,N,0,0.00
80,0,N,0,0.00
90,0,N,0,0.00
100,0,N,0,0.00
110,0,N,0,0.00
120,0,N,0,0.00
130,0,N,0,0.00
140,0,N,0,0.00
150,0,N,0,0.00
160,0,N,0,0.00
170,0,N,0,0.00
180,0,N,0,0.00
190,0,N,0,0.00
200,0,N,0,0.00
210,0,N,0,0.00
220,0,N,0,0.00
230,0,N,0,0.00
240,0,N,0,0.00
250,0,N,0,0.00
260,0,N,0,0.00
270,0,N,0,0.00
280,0,N,0,0.00
290,0,N,0,0.00
300,0,N,0,0.00
310,0,N,0,0.00
320,0,N,0,0.00
330,0,N,0,0.00
340,0,N,0,0.00
350,0,N,0,0.00
360,0,N,0,0.00
370,0,N,0,0.00
380,0,N,0,0.00
390,0,N,0,0.00
400,0,N,0,0.00
410,0,N,0,0.00
420,0,N,0,0.00
430,0,N,0,0.00
440,0,N,0,0.00
450,0,N,0,0.00
460,0,N,0,0.00
470,0,N,0,0.00
480,0,N,0,0.00
490,0,N,0,0.00
500,220,R,0,0.00
510,220,R,-3,-7.50
520,220,R,-12,-22.50
530,220,R,-27,-37.50
540,220,R,-47,-50.00
550,220,R,-72,-62.50
560,220,R,-102,-75.02
570,220,R,-135,-82.47
580,220,R,-171,-90.04
590,220,R,-211,-99.99
600,220,R,-254,-107.48
610,220,R,-301,-117.52
620,220,R,-353,-129.99
630,220,R,-409,-139.99
640,220,R,-455,-115.02
650,220,R,-509,-135.00
660,220,R,-565,-140.00
670,220,R,-623,-145.01
680,220,R,-681,-144.96
690,220,R,-739,-145.04
700,220,R,-798,-147.50
710,220,R,-857,-147.46
720,220,R,-920,-157.55
730,220,R,-984,-159.97
740,220,R,-1049,-162.48
750,220,R,-1116,-167.53
760,220,R,-1184,-169.98
770,220,R,-1251,-167.48
780,220,R,-1319,-170.05
790,220,R,-1386,-167.47
800,220,R,-1454,-169.98
810,220,R,-1522,-169.98
820,220,R,-1591,-172.53
830,220,R,-1660,-172.47
840,220,R,-1728,-170.03
850,220,R,-1798,-174.98
860,220,R,-1867,-172.55
870,220,R,-1937,-174.98
880,220,R,-2007,-174.98
890,220,R,-2076,-172.53
900,220,R,-2146,-175.00
910,220,R,-2217,-177.46
920,220,R,-2288,-177.48
930,220,R,-2360,-180.02
940,220,R,-2434,-185.02
950,220,R,-2506,-180.00
960,220,R,-2576,-175.00
970,220,R,-2647,-177.50
980,220,R,-2719,-180.02
990,220,R,-2799,-200.00
1000,220,R,-2869,-174.97
1010,220,R,-2934,-162.52
1020,220,R,-3006,-180.02
1030,220,R,-3077,-177.48
1040,220,R,-3145,-170.02
1050,220,R,-3214,-172.50
1060,220,R,-3284,-174.95
1070,220,R,-3355,-177.50
1080,220,R,-3427,-180.00
1090,220,R,-3500,-182.55
1100,220,R,-3574,-184.98
1110,220,R,-3647,-182.45
1120,220,R,-3720,-182.54
1130,220,R,-3791,-177.52
1140,220,R,-3863,-180.02
1150,220,R,-3935,-179.96
1160,220,R,-4007,-180.02
1170,220,R,-4078,-177.50
1180,220,R,-4150,-179.96
1190,220,R,-4222,-180.05
1200,220,R,-4294,-179.95
1210,220,R,-4365,-177.55
1220,220,R,-4436,-177.43
1230,220,R,-4508,-180.02
1240,220,R,-4580,-180.05
1250,220,R,-4653,-182.48
1260,220,R,-4726,-182.50
1270,220,R,-4800,-184.98
1280,220,R,-4873,-182.48
1290,220,R,-4945,-180.04
1300,220,R,-5017,-179.96
1310,220,R,-5090,-182.54
1320,220,R,-5166,-189.96
1330,220,R,-5243,-192.48
1340,220,R,-5307,-160.05
1350,220,R,-5379,-179.98
1360,220,R,-5451,-179.96
1370,220,R,-5521,-175.07
1380,220,R,-5590,-172.38
1390,220,R,-5659,-172.59
1400,220,R,-5730,-177.48
1410,220,R,-5803,-182.43
1420,220,R,-5875,-180.07
1430,220,R,-5949,-185.06
1440,220,R,-6023,-184.91
1450,220,R,-6096,-182.54
1460,220,R,-6168,-180.04
1470,220,R,-6239,-177.48
1480,220,R,-6312,-182.37
1490,220,R,-6384,-180.13
1500,220,R,-6455,-177.50
1510,220,R,-6527,-179.93
1520,220,R,-6598,-177.57
1530,220,R,-6670,-180.04
1540,220,R,-6742,-179.98
1550,220,R,-6813,-177.48
1560,220,R,-6885,-180.04
1570,220,R,-6956,-177.48
1580,220,R,-7029,-182.52
1590,220,R,-7102,-182.45
1600,220,R,-7175,-182.50
1610,220,R,-7248,-182.55
1620,220,R,-7321,-182.50
1630,220,R,-7392,-177.46
1640,220,R,-7464,-179.98
1650,220,R,-7539,-187.52
1660,220,R,-7619,-200.00
1670,220,R,-7686,-167.52
1680,220,R,-7754,-170.00
1690,220,R,-7827,-182.48
1700,220,R,-7897,-175.02
1710,220,R,-7966,-172.50
1720,220,R,-8034,-169.98
1730,220,R,-8105,-177.50
1740,220,R,-8177,-180.04
1750,220,R,-8250,-182.48
1760,220,R,-8323,-182.48
1770,220,R,-8397,-185.02
1780,220,R,-8470,-182.52
1790,220,R,-8543,-182.50
1800,220,R,-8615,-180.00
1810,220,R,-8687,-180.00
1820,220,R,-8758,-177.46
1830,220,R,-8830,-179.98
1840,220,R,-8902,-180.04
1850,220,R,-8974,-180.00
1860,220,R,-9046,-179.91
1870,220,R,-9118,-180.04
1880,220,R,-9189,-177.57
1890,220,R,-9260,-177.50
1900,220,R,-9332,-179.95
1910,220,R,-9404,-180.02
1920,220,R,-9477,-182.46
1930,220,R,-9550,-182.52
1940,220,R,-9624,-185.00
1950,220,R,-9697,-182.48
1960,220,R,-9769,-179.96
1970,220,R,-9840,-177.55
1980,220,R,-9914,-185.02
1990,220,R,-9994,-200.02
2000,220,R,-10066,-180.00
2010,220,R,-10130,-160.00
2020,220,R,-10202,-179.96
2030,220,R,-10273,-177.52
2040,220,R,-10343,-175.02
2050,220,R,-10411,-170.02
2060,220,R,-10481,-175.00
2070,220,R,-10553,-180.00
2080,220,R,-10626,-182.35
2090,220,R,-10699,-182.57
2100,220,R,-10772,-182.52
2110,220,R,-10846,-185.06
2120,220,R,-10919,-182.48
2130,220,R,-10991,-179.98
2140,220,R,-11063,-180.02
2150,220,R,-11135,-179.98
2160,220,R,-11207,-180.00
2170,220,R,-11278,-177.50
2180,220,R,-11350,-180.04
2190,220,R,-11422,-179.95
2200,220,R,-11495,-182.55
2210,220,R,-11566,-177.45
2220,220,R,-11637,-177.52
2230,220,R,-11709,-180.04
2240,220,R,-11781,-179.93
2250,220,R,-11854,-182.52
2260,220,R,-11927,-182.55
2270,220,R,-12001,-185.00
2280,220,R,-12075,-184.96
2290,220,R,-12147,-180.02
2300,220,R,-12219,-179.98
2310,220,R,-12292,-182.50
2320,220,R,-12371,-197.54
2330,220,R,-12445,-184.94
2340,220,R,-12510,-162.55
2350,220,R,-12581,-177.46
2360,220,R,-12652,-177.54
2370,220,R,-12722,-174.95
2380,220,R,-12791,-172.50
2390,220,R,-12860,-172.52
2400,220,R,-12932,-179.98
2410,220,R,-13004,-180.05
2420,220,R,-13077,-182.48
2430,220,R,-13151,-185.00
2440,220,R,-13225,-185.00
2450,220,R,-13299,-184.96
2460,220,R,-13371,-180.00
2470,220,R,-13443,-180.02
2480,220,R,-13515,-180.04
2490,220,R,-13587,-180.00
2500,220,R,-13659,-179.96
2510,220,R,-13730,-177.48
2520,220,R,-13802,-180.00
2530,220,R,-13875,-182.50
2540,220,R,-13947,-179.96
2550,220,R,-14018,-177.59
2560,220,R,-14090,-179.98
2570,220,R,-14161,-177.46
2580,220,R,-14234,-182.52
2590,220,R,-14307,-182.48
2600,220,R,-14381,-184.98
2610,220,R,-14454,-182.57
2620,220,R,-14527,-182.43
2630,220,R,-14598,-177.57
2640,220,R,-14670,-179.98
2650,220,R,-14748,-194.98
2660,220,R,-14825,-192.48
2670,220,R,-14892,-167.55
2680,220,R,-14960,-169.95
2690,220,R,-15032,-179.98
2700,220,R,-15103,-177.57
2710,220,R,-15172,-172.45
2720,220,R,-15240,-170.03
2730,220,R,-15312,-179.96
2740,220,R,-15384,-180.00
2750,220,R,-15456,-180.05
2760,220,R,-15530,-184.96
2770,220,R,-15604,-185.04
2780,220,R,-15678,-185.00
2790,220,R,-15751,-182.46
2800,220,R,-15823,-179.98
2810,220,R,-15894,-177.54
2820,220,R,-15966,-179.98
2830,220,R,-16038,-179.98
2840,220,R,-16110,-180.02
2850,220,R,-16182,-180.04
2860,220,R,-16254,-179.96
2870,220,R,-16326,-179.96
2880,220,R,-16398,-180.07
2890,220,R,-16469,-177.48
2900,220,R,-16541,-179.98
2910,220,R,-16614,-182.41
2920,220,R,-16686,-180.09
2930,220,R,-16760,-184.93
2940,220,R,-16834,-185.07
2950,220,R,-16907,-182.48
2960,220,R,-16978,-177.50
2970,220,R,-17050,-180.02
2980,220,R,-17125,-187.54
2990,220,R,-17205,-199.98
3000,220,R,-17273,-169.98
3010,220,R,-17340,-167.47
3020,220,R,-17413,-182.55
3030,220,R,-17484,-177.52
3040,220,R,-17553,-172.47
3050,220,R,-17622,-172.50
3060,220,R,-17693,-177.52
3070,220,R,-17764,-177.50
3080,220,R,-17837,-182.48
3090,220,R,-17910,-182.54
3100,220,R,-17984,-185.00
3110,220,R,-18058,-185.00
3120,220,R,-18131,-182.48
3130,220,R,-18203,-179.98
3140,220,R,-18275,-180.00
3150,220,R,-18346,-177.50
3160,220,R,-18418,-180.02
3170,220,R,-18490,-179.96
3180,220,R,-18562,-180.05
3190,220,R,-18634,-179.98
3200,220,R,-18707,-182.48
3210,220,R,-18778,-177.54
3220,220,R,-18849,-177.50
3230,220,R,-18921,-179.98
3240,220,R,-18994,-182.48
3250,220,R,-19066,-180.04
3260,220,R,-19139,-182.48
3270,220,R,-19214,-187.48
3280,220,R,-19287,-182.52
3290,220,R,-19359,-179.96
3300,220,R,-19431,-180.05
3310,220,R,-19505,-185.00
3320,220,R,-19585,-200.00
3330,220,R,-19656,-177.48
3340,220,R,-19721,-162.50
3350,220,R,-19794,-182.35
3360,220,R,-19865,-177.61
3370,220,R,-19934,-172.52
3380,220,R,-20003,-172.53
3390,220,R,-20073,-174.97
3400,220,R,-20144,-177.52
3410,220,R,-20217,-182.52
3420,220,R,-20290,-182.45
3430,220,R,-20364,-185.04
3440,220,R,-20437,-182.50
3450,220,R,-20511,-185.02
3460,220,R,-20582,-177.46
3470,220,R,-20654,-180.00
3480,220,R,-20726,-179.98
3490,220,R,-20798,-180.02
3500,220,R,-20870,-180.04
3510,220,R,-20941,-177.45
3520,220,R,-21013,-180.02
3530,220,R,-21086,-182.52
3540,220,R,-21157,-177.48
3550,220,R,-21228,-177.52
3560,220,R,-21299,-177.48
3570,220,R,-21371,-179.98
3580,220,R,-21444,-182.48
3590,220,R,-21518,-185.00
3600,220,R,-21591,-182.57
3610,220,R,-21665,-184.83
3620,220,R,-21737,-180.11
3630,220,R,-21808,-177.54
3640,220,R,-21881,-182.52
3650,220,R,-21957,-190.00
3660,220,R,-22035,-194.96
3670,220,R,-22098,-157.50
3680,220,R,-22170,-179.98
3690,220,R,-22243,-182.43
3700,220,R,-22312,-172.57
3710,220,R,-22381,-172.50
3720,220,R,-22450,-172.50
3730,220,R,-22521,-177.50
3740,220,R,-22594,-182.55
3750,220,R,-22667,-182.35
3760,220,R,-22740,-182.59
3770,220,R,-22814,-185.06
3780,220,R,-22888,-184.96
3790,220,R,-22960,-179.98
3800,220,R,-23032,-179.98
3810,220,R,-23103,-177.54
3820,220,R,-23176,-182.54
3830,220,R,-23247,-177.46
3840,220,R,-23319,-180.00
3850,220,R,-23391,-180.04
3860,220,R,-23464,-182.48
3870,220,R,-23535,-177.50
3880,220,R,-23607,-179.98
3890,220,R,-23678,-177.52
3900,220,R,-23750,-179.89
3910,220,R,-23822,-180.09
3920,220,R,-23895,-182.54
3930,220,R,-23969,-185.00
3940,220,R,-24043,-184.98
3950,220,R,-24116,-182.39
3960,220,R,-24187,-177.57
3970,220,R,-24259,-180.04
3980,220,R,-24335,-189.96
3990,220,R,-24413,-195.00
4000,220,R,-24482,-172.52
4010,220,R,-24549,-167.45
4020,220,R,-24621,-180.05
4030,220,R,-24692,-177.48
4040,220,R,-24761,-172.53
4050,220,R,-24830,-172.48
4060,220,R,-24900,-174.98
4070,220,R,-24973,-182.54
4080,220,R,-25045,-180.02
4090,220,R,-25119,-185.00
4100,220,R,-25193,-184.96
4110,220,R,-25266,-182.54
4120,220,R,-25339,-182.46
4130,220,R,-25411,-180.00
4140,220,R,-25483,-179.98
4150,220,R,-25555,-180.04
4160,220,R,-25627,-180.00
4170,220,R,-25699,-180.02
4180,220,R,-25771,-180.00
4190,220,R,-25843,-179.98
4200,220,R,-25915,-180.02
4210,220,R,-25986,-177.45
4220,220,R,-26057,-177.52
4230,220,R,-26130,-182.48
4240,220,R,-26202,-180.05
4250,220,R,-26274,-180.00
4260,220,R,-26348,-185.00
4270,220,R,-26422,-184.94
4280,220,R,-26495,-182.48
4290,220,R,-26567,-180.02
4300,220,R,-26639,-180.04
4310,220,R,-26712,-182.50
4320,220,R,-26793,-202.48
4330,220,R,-26865,-179.98
4340,220,R,-26929,-160.05
4350,220,R,-27001,-179.96
4360,220,R,-27072,-177.48
4370,220,R,-27141,-172.53
4380,220,R,-27210,-172.47
4390,220,R,-27280,-175.05
4400,220,R,-27352,-179.95
4410,220,R,-27425,-182.55
4420,220,R,-27498,-182.48
4430,220,R,-27572,-184.96
4440,220,R,-27645,-182.54
4450,220,R,-27718,-182.50
4460,220,R,-27790,-180.02
4470,220,R,-27862,-179.96
4480,220,R,-27935,-182.52
4490,220,R,-28007,-179.98
4500,220,R,-28078,-177.52
4510,220,R,-28149,-177.50
4520,220,R,-28222,-182.52
4530,220,R,-28295,-182.50
4540,220,R,-28366,-177.45
4550,220,R,-28437,-177.50
4560,220,R,-28509,-180.00
4570,220,R,-28581,-179.98
4580,220,R,-28653,-180.05
4590,220,R,-28727,-185.02
4600,220,R,-28800,-182.46
4610,220,R,-28874,-184.98
4620,220,R,-28946,-180.02
4630,220,R,-29018,-180.02
4640,220,R,-29091,-182.46
4650,220,R,-29172,-202.52
4660,220,R,-29243,-177.54
4670,220,R,-29309,-164.97
4680,220,R,-29379,-175.00
4690,220,R,-29451,-180.04
4700,220,R,-29520,-172.43
4710,220,R,-29589,-172.55
4720,220,R,-29659,-174.90
4730,220,R,-29730,-177.55
4740,220,R,-29803,-182.52
4750,220,R,-29875,-180.05
4760,220,R,-29949,-184.98
4770,220,R,-30023,-185.02
4780,220,R,-30097,-184.96
4790,220,R,-30169,-180.00
4800,220,R,-30240,-177.50
4810,220,R,-30313,-182.50
4820,220,R,-30385,-180.02
4830,220,R,-30457,-180.02
4840,220,R,-30528,-177.50
4850,220,R,-30600,-179.96
4860,220,R,-30672,-180.00
4870,220,R,-30744,-179.98
4880,220,R,-30816,-180.05
4890,220,R,-30888,-179.98
4900,220,R,-30959,-177.50
4910,220,R,-31032,-182.52
4920,220,R,-31105,-182.45
4930,220,R,-31179,-185.00
4940,220,R,-31252,-182.55
4950,220,R,-31325,-182.46
4960,220,R,-31396,-177.54
4970,220,R,-31468,-179.96
4980,220,R,-31549,-202.52
4990,220,R,-31623,-184.98
5000,220,R,-31691,-169.98
5010,220,R,-31758,-167.53
5020,220,R,-31830,-179.98
5030,220,R,-31901,-177.52
5040,220,R,-31970,-172.45
5050,220,R,-32038,-170.05
5060,220,R,-32109,-177.46
5070,220,R,-32182,-182.55
5080,220,R,-32254,-180.00
5090,220,R,-32327,-182.48
5100,220,R,-32401,-184.96
5110,220,R,-32475,-185.06
5120,220,R,-32548,-182.46
5130,220,R,-32620,-180.02
5140,220,R,-32691,-177.46
5150,220,R,-32763,-180.05
5160,220,R,-32835,-179.95
5170,220,R,-32907,-180.04
5180,220,R,-32979,-179.98
5190,220,R,-33051,-180.02
5200,220,R,-33123,-179.98
5210,220,R,-33194,-177.54
5220,220,R,-33266,-179.95
5230,220,R,-33337,-177.50
5240,220,R,-33410,-182.50
5250,220,R,-33482,-180.04
5260,220,R,-33556,-184.96
5270,220,R,-33630,-185.04
5280,220,R,-33703,-182.52
5290,220,R,-33774,-177.46
5300,220,R,-33847,-182.48
5310,220,R,-33922,-187.50
5320,220,R,-34001,-197.54
5330,220,R,-34071,-174.98
5340,220,R,-34136,-162.50
5350,220,R,-34208,-180.04
5360,220,R,-34279,-177.43
5370,220,R,-34348,-172.53
5380,220,R,-34417,-172.53
5390,220,R,-34487,-174.97
5400,220,R,-34559,-180.02
5410,220,R,-34632,-182.45
5420,220,R,-34705,-182.57
5430,220,R,-34779,-184.94
5440,220,R,-34852,-182.55
5450,220,R,-34925,-182.46
5460,220,R,-34997,-180.02
5470,220,R,-35069,-179.96
5480,220,R,-35141,-180.04
5490,220,R,-35213,-179.95
=== END ===
# Trial 29 of 46: step_down_fwd_240to100_run01
=== START step_down_fwd_240to100_run01 ===
t_ms,pwm_cmd,dir,enc_count,rpm
0,240,F,0,0.00
10,240,F,0,0.00
20,240,F,3,7.50
30,240,F,16,32.50
40,240,F,34,45.00
50,240,F,56,54.99
60,240,F,83,67.51
70,240,F,115,79.99
80,240,F,149,85.01
90,240,F,187,95.00
100,240,F,230,107.48
110,240,F,275,112.53
120,240,F,324,122.50
130,240,F,375,127.47
140,240,F,430,137.51
150,240,F,486,140.01
160,240,F,546,149.99
170,240,F,610,159.95
180,240,F,673,157.56
190,240,F,740,167.45
200,240,F,806,164.98
210,240,F,874,170.05
220,240,F,954,199.90
230,240,F,1024,175.07
240,240,F,1094,175.04
250,240,F,1161,167.48
260,240,F,1237,190.00
270,240,F,1313,189.98
280,240,F,1389,189.91
290,240,F,1466,192.60
300,240,F,1546,200.04
310,240,F,1625,197.44
320,240,F,1705,199.86
330,240,F,1786,202.68
340,240,F,1869,207.52
350,240,F,1950,202.46
360,240,F,2031,202.52
370,240,F,2110,197.52
380,240,F,2188,194.96
390,240,F,2268,200.02
400,240,F,2350,205.02
410,240,F,2433,207.46
420,240,F,2517,209.98
430,240,F,2599,204.92
440,240,F,2682,207.60
450,240,F,2765,207.46
460,240,F,2850,212.54
470,240,F,2936,215.02
480,240,F,3023,217.48
490,240,F,3110,217.48
500,240,F,3195,212.56
510,240,F,3281,214.91
520,240,F,3376,237.57
530,240,F,3460,209.98
540,240,F,3541,202.48
550,240,F,3625,210.02
560,240,F,3712,217.50
570,240,F,3798,215.04
580,240,F,3885,217.48
590,240,F,3972,217.52
600,240,F,4059,217.46
610,240,F,4147,220.00
620,240,F,4236,222.52
630,240,F,4324,219.93
640,240,F,4409,212.50
650,240,F,4494,212.54
660,240,F,4577,207.50
670,240,F,4660,207.50
680,240,F,4746,215.02
690,240,F,4833,217.52
700,240,F,4920,217.46
710,240,F,5005,212.50
720,240,F,5092,217.54
730,240,F,5178,214.96
740,240,F,5265,217.48
750,240,F,5353,220.07
760,240,F,5443,224.98
770,240,F,5532,222.52
780,240,F,5619,217.46
790,240,F,5708,222.48
800,240,F,5803,237.55
810,240,F,5889,214.98
820,240,F,5969,199.86
830,240,F,6058,222.68
840,240,F,6146,220.00
850,240,F,6234,219.96
860,240,F,6322,220.00
870,240,F,6410,220.07
880,240,F,6498,219.93
890,240,F,6588,224.96
900,240,F,6677,222.57
910,240,F,6765,219.98
920,240,F,6852,217.48
930,240,F,6937,212.59
940,240,F,7021,210.00
950,240,F,7105,209.94
960,240,F,7193,220.07
970,240,F,7280,217.43
980,240,F,7367,217.52
990,240,F,7453,214.98
1000,240,F,7541,220.07
1010,240,F,7629,219.93
1020,240,F,7717,220.02
1030,240,F,7807,225.05
1040,240,F,7897,224.89
1050,240,F,7985,220.09
1060,240,F,8074,222.50
1070,240,F,8171,242.48
1080,240,F,8257,215.02
1090,240,F,8341,209.98
1100,240,F,8426,212.52
1110,240,F,8515,222.50
1120,240,F,8603,219.89
1130,240,F,8692,222.59
1140,240,F,8780,220.04
1150,240,F,8869,222.46
1160,240,F,8958,222.54
1170,240,F,9049,227.50
1180,240,F,9138,222.50
1190,240,F,9225,217.46
1200,240,F,9311,214.91
1210,240,F,9394,207.56
1220,240,F,9480,214.87
1230,240,F,9566,215.19
1240,240,F,9655,222.48
1250,240,F,9742,217.48
1260,240,F,9829,217.48
1270,240,F,9916,217.50
1280,240,F,10004,220.07
1290,240,F,10091,217.46
1300,240,F,10181,225.05
1310,240,F,10271,224.96
1320,240,F,10361,224.98
1330,240,F,10450,222.50
1340,240,F,10546,240.05
1350,240,F,10633,217.50
1360,240,F,10717,210.00
1370,240,F,10801,209.98
1380,240,F,10890,222.50
1390,240,F,10979,222.52
1400,240,F,11067,219.98
1410,240,F,11156,222.52
1420,240,F,11245,222.48
1430,240,F,11334,222.46
1440,240,F,11424,225.09
1450,240,F,11514,224.96
1460,240,F,11601,217.54
1470,240,F,11687,214.98
1480,240,F,11772,212.50
1490,240,F,11856,210.00
1500,240,F,11943,217.46
1510,240,F,12031,220.04
1520,240,F,12119,219.96
1530,240,F,12205,215.02
1540,240,F,12293,219.98
1550,240,F,12380,217.50
1560,240,F,12468,220.00
1570,240,F,12557,222.50
1580,240,F,12648,227.50
1590,240,F,12738,225.00
1600,240,F,12826,220.00
1610,240,F,12917,227.52
1620,240,F,13011,235.00
1630,240,F,13097,215.00
1640,240,F,13178,202.54
1650,240,F,13268,224.98
1660,240,F,13357,222.48
1670,240,F,13446,222.52
1680,240,F,13535,222.50
1690,240,F,13624,222.48
1700,240,F,13712,219.98
1710,240,F,13803,227.57
1720,240,F,13892,222.50
1730,240,F,13981,222.46
1740,240,F,14067,215.00
1750,240,F,14153,215.00
1760,240,F,14237,210.02
1770,240,F,14323,215.00
1780,240,F,14411,219.96
1790,240,F,14499,220.00
1800,240,F,14586,217.57
1810,240,F,14673,217.46
1820,240,F,14761,219.98
1830,240,F,14849,220.07
1840,240,F,14938,222.48
1850,240,F,15029,227.50
1860,240,F,15119,225.02
1870,240,F,15206,217.48
1880,240,F,15297,227.45
1890,240,F,15392,237.57
1900,240,F,15479,217.50
1910,240,F,15560,202.32
1920,240,F,15650,225.16
1930,240,F,15739,222.48
1940,240,F,15827,220.02
1950,240,F,15917,224.96
1960,240,F,16005,220.02
1970,240,F,16094,222.39
1980,240,F,16184,225.09
1990,240,F,16275,227.59
2000,240,F,16363,219.98
2010,240,F,16450,217.43
2020,240,F,16536,215.06
2030,240,F,16620,209.96
2040,240,F,16706,215.04
2050,240,F,16794,220.00
2060,240,F,16882,220.02
2070,240,F,16969,217.46
2080,240,F,17056,217.54
2090,240,F,17144,219.98
2100,240,F,17232,220.00
2110,240,F,17321,222.50
2120,240,F,17412,227.43
2130,240,F,17502,225.07
2140,240,F,17590,219.98
2150,240,F,17680,225.02
2160,240,F,17777,242.45
2170,240,F,17864,217.41
2180,240,F,17944,200.14
2190,240,F,18034,224.96
2200,240,F,18123,222.54
2210,240,F,18211,219.96
2220,240,F,18301,225.00
2230,240,F,18389,219.96
2240,240,F,18478,222.57
2250,240,F,18568,225.02
2260,240,F,18659,227.43
2270,240,F,18748,222.50
2280,240,F,18835,217.50
2290,240,F,18921,215.00
2300,240,F,19005,210.02
2310,240,F,19090,212.48
2320,240,F,19178,220.04
2330,240,F,19267,222.50
2340,240,F,19354,217.48
2350,240,F,19441,217.50
2360,240,F,19529,220.02
2370,240,F,19617,220.02
2380,240,F,19705,219.93
2390,240,F,19796,227.55
2400,240,F,19886,225.02
2410,240,F,19975,222.50
2420,240,F,20064,222.50
2430,240,F,20162,244.90
2440,240,F,20249,217.52
2450,240,F,20332,207.54
2460,240,F,20418,214.98
2470,240,F,20508,224.98
2480,240,F,20596,220.00
2490,240,F,20685,222.50
2500,240,F,20774,222.57
2510,240,F,20863,222.50
2520,240,F,20953,224.96
2530,240,F,21044,227.55
2540,240,F,21134,224.98
2550,240,F,21221,217.46
2560,240,F,21307,215.06
2570,240,F,21391,209.96
2580,240,F,21477,215.04
2590,240,F,21564,217.37
2600,240,F,21653,222.61
2610,240,F,21740,217.50
2620,240,F,21827,217.52
2630,240,F,21915,219.91
2640,240,F,22003,220.02
2650,240,F,22091,220.04
2660,240,F,22181,225.02
2670,240,F,22271,225.00
2680,240,F,22361,224.96
2690,240,F,22450,222.54
2700,240,F,22548,244.85
2710,240,F,22635,217.57
2720,240,F,22720,212.54
2730,240,F,22804,210.02
2740,240,F,22893,222.48
2750,240,F,22982,222.52
2760,240,F,23071,222.43
2770,240,F,23161,225.00
2780,240,F,23250,222.54
2790,240,F,23339,222.50
2800,240,F,23430,227.45
2810,240,F,23520,225.05
2820,240,F,23607,217.48
2830,240,F,23694,217.54
2840,240,F,23778,209.92
2850,240,F,23863,212.59
2860,240,F,23950,217.48
2870,240,F,24039,222.50
2880,240,F,24127,219.93
2890,240,F,24214,217.59
2900,240,F,24302,219.96
2910,240,F,24389,217.52
2920,240,F,24478,222.50
2930,240,F,24567,222.48
2940,240,F,24659,230.05
2950,240,F,24748,222.48
2960,240,F,24837,222.50
2970,240,F,24934,242.45
2980,240,F,25022,220.04
2990,240,F,25109,217.48
3000,100,F,25191,204.98
3010,100,F,25280,222.52
3020,100,F,25366,215.00
3030,100,F,25450,210.04
3040,100,F,25534,209.98
3050,100,F,25615,202.46
3060,100,F,25693,195.06
3070,100,F,25771,194.96
3080,100,F,25849,195.00
3090,100,F,25924,187.54
3100,100,F,25994,174.97
3110,100,F,26063,172.50
3120,100,F,26130,167.53
3130,100,F,26193,157.45
3140,100,F,26256,157.53
3150,100,F,26319,157.52
3160,100,F,26382,157.45
3170,100,F,26443,152.53
3180,100,F,26502,147.51
3190,100,F,26559,142.46
3200,100,F,26616,142.53
3210,100,F,26670,135.01
3220,100,F,26724,134.97
3230,100,F,26776,130.03
3240,100,F,26827,127.45
3250,100,F,26877,125.03
3260,100,F,26926,122.52
3270,100,F,26974,119.90
3280,100,F,27021,117.59
3290,100,F,27067,114.98
3300,100,F,27111,110.01
3310,100,F,27154,107.41
3320,100,F,27194,100.08
3330,100,F,27235,102.50
3340,100,F,27274,97.50
3350,100,F,27320,114.97
3360,100,F,27360,100.01
3370,100,F,27396,90.03
3380,100,F,27431,87.47
3390,100,F,27465,85.01
3400,100,F,27497,79.98
3410,100,F,27523,65.01
3420,100,F,27555,80.01
3430,100,F,27588,82.46
3440,100,F,27619,77.54
3450,100,F,27649,74.99
3460,100,F,27678,72.49
3470,100,F,27707,72.51
3480,100,F,27735,70.02
3490,100,F,27762,67.47
3500,100,F,27788,65.02
3510,100,F,27813,62.49
3520,100,F,27838,62.51
3530,100,F,27862,59.99
3540,100,F,27886,59.98
3550,100,F,27909,57.52
3560,100,F,27931,55.01
3570,100,F,27952,52.49
3580,100,F,27973,52.49
3590,100,F,27992,47.51
3600,100,F,28012,49.99
3610,100,F,28031,47.51
3620,100,F,28048,42.50
3630,100,F,28066,45.00
3640,100,F,28083,42.50
3650,100,F,28099,40.00
3660,100,F,28115,40.00
3670,100,F,28130,37.49
3680,100,F,28145,37.51
3690,100,F,28159,34.99
3700,100,F,28172,32.50
3710,100,F,28186,35.01
3720,100,F,28199,32.50
3730,100,F,28211,30.00
3740,100,F,28223,30.00
3750,100,F,28234,27.49
3760,100,F,28245,27.51
3770,100,F,28255,25.00
3780,100,F,28266,27.50
3790,100,F,28275,22.49
3800,100,F,28284,22.50
3810,100,F,28293,22.49
3820,100,F,28302,22.50
3830,100,F,28310,20.00
3840,100,F,28318,20.00
3850,100,F,28326,20.00
3860,100,F,28333,17.50
3870,100,F,28340,17.50
3880,100,F,28347,17.50
3890,100,F,28353,15.00
3900,100,F,28360,17.50
3910,100,F,28366,15.00
3920,100,F,28372,15.00
3930,100,F,28378,15.00
3940,100,F,28383,12.50
3950,100,F,28389,15.00
3960,100,F,28393,10.00
3970,100,F,28399,15.00
3980,100,F,28404,12.50
3990,100,F,28408,10.00
4000,100,F,28413,12.50
4010,100,F,28418,12.50
4020,100,F,28422,10.00
4030,100,F,28427,12.50
4040,100,F,28431,10.00
4050,100,F,28435,10.00
4060,100,F,28440,12.50
4070,100,F,28444,10.00
4080,100,F,28447,7.50
4090,100,F,28451,10.00
4100,100,F,28454,7.50
4110,100,F,28458,10.00
4120,100,F,28462,10.00
4130,100,F,28465,7.50
4140,100,F,28468,7.50
4150,100,F,28471,7.50
4160,100,F,28475,10.00
4170,100,F,28479,10.00
4180,100,F,28482,7.50
4190,100,F,28484,5.00
4200,100,F,28488,10.00
4210,100,F,28491,7.50
4220,100,F,28494,7.50
4230,100,F,28498,10.00
4240,100,F,28501,7.50
4250,100,F,28503,5.00
4260,100,F,28506,7.50
4270,100,F,28508,5.00
4280,100,F,28511,7.50
4290,100,F,28515,10.00
4300,100,F,28518,7.50
4310,100,F,28520,5.00
4320,100,F,28523,7.50
4330,100,F,28525,5.00
4340,100,F,28528,7.50
4350,100,F,28531,7.50
4360,100,F,28534,7.50
4370,100,F,28538,10.00
4380,100,F,28540,5.00
4390,100,F,28543,7.50
4400,100,F,28545,5.00
4410,100,F,28547,5.00
4420,100,F,28550,7.50
4430,100,F,28554,10.00
4440,100,F,28557,7.50
4450,100,F,28559,5.00
4460,100,F,28562,7.50
4470,100,F,28564,5.00
4480,100,F,28567,7.50
4490,100,F,28570,7.50
4500,100,F,28573,7.50
4510,100,F,28576,7.50
4520,100,F,28578,5.00
4530,100,F,28581,7.50
4540,100,F,28583,5.00
4550,100,F,28586,7.50
4560,100,F,28589,7.50
4570,100,F,28592,7.50
4580,100,F,28596,10.00
4590,100,F,28598,5.00
4600,100,F,28601,7.50
4610,100,F,28604,7.50
4620,100,F,28607,7.50
4630,100,F,28610,7.50
4640,100,F,28614,10.00
4650,100,F,28617,7.50
4660,100,F,28619,5.00
4670,100,F,28622,7.50
4680,100,F,28625,7.50
4690,100,F,28628,7.50
4700,100,F,28631,7.50
4710,100,F,28634,7.50
4720,100,F,28637,7.50
4730,100,F,28640,7.50
4740,100,F,28643,7.50
4750,100,F,28647,10.00
4760,100,F,28650,7.50
4770,100,F,28654,10.00
4780,100,F,28657,7.50
4790,100,F,28660,7.50
4800,100,F,28663,7.50
4810,100,F,28667,10.00
4820,100,F,28670,7.50
4830,100,F,28674,10.00
4840,100,F,28677,7.50
4850,100,F,28680,7.50
4860,100,F,28684,10.00
4870,100,F,28687,7.50
4880,100,F,28691,10.00
4890,100,F,28695,10.00
4900,100,F,28698,7.50
4910,100,F,28701,7.50
4920,100,F,28705,10.00
4930,100,F,28710,12.50
4940,100,F,28713,7.50
4950,100,F,28717,10.00
4960,100,F,28720,7.50
4970,100,F,28724,10.00
4980,100,F,28729,12.50
4990,100,F,28733,10.00
5000,100,F,28736,7.50
5010,100,F,28740,10.00
5020,100,F,28743,7.50
5030,100,F,28747,10.00
5040,100,F,28751,10.00
5050,100,F,28755,10.00
5060,100,F,28759,10.00
5070,100,F,28763,10.00
5080,100,F,28767,10.00
5090,100,F,28771,10.00
5100,100,F,28775,10.00
5110,100,F,28779,10.00
5120,100,F,28783,10.00
5130,100,F,28788,12.50
5140,100,F,28792,10.00
5150,100,F,28796,10.00
5160,100,F,28800,10.00
5170,100,F,28804,10.00
5180,100,F,28808,10.00
5190,100,F,28813,12.50
5200,100,F,28816,7.50
5210,100,F,28820,10.00
5220,100,F,28825,12.50
5230,100,F,28829,10.00
5240,100,F,28833,10.00
5250,100,F,28837,10.00
5260,100,F,28841,10.00
5270,100,F,28845,10.00
5280,100,F,28850,12.50
5290,100,F,28854,10.00
5300,100,F,28857,7.50
5310,100,F,28861,10.00
5320,100,F,28864,7.50
5330,100,F,28868,10.00
5340,100,F,28872,10.00
5350,100,F,28876,10.00
5360,100,F,28879,7.50
5370,100,F,28883,10.00
5380,100,F,28888,12.50
5390,100,F,28891,7.50
5400,100,F,28895,10.00
5410,100,F,28898,7.50
5420,100,F,28902,10.00
5430,100,F,28906,10.00
5440,100,F,28910,10.00
5450,100,F,28913,7.50
5460,100,F,28916,7.50
5470,100,F,28919,7.50
5480,100,F,28923,10.00
5490,100,F,28926,7.50
5500,100,F,28930,10.00
5510,100,F,28933,7.50
5520,100,F,28935,5.00
5530,100,F,28938,7.50
5540,100,F,28942,10.00
5550,100,F,28945,7.50
5560,100,F,28949,10.00
5570,100,F,28952,7.50
5580,100,F,28954,5.00
5590,100,F,28957,7.50
5600,100,F,28959,5.00
5610,100,F,28962,7.50
5620,100,F,28966,10.00
5630,100,F,28969,7.50
5640,100,F,28971,5.00
5650,100,F,28974,7.50
5660,100,F,28975,2.50
5670,100,F,28978,7.50
5680,100,F,28980,5.00
5690,100,F,28982,5.00
5700,100,F,28985,7.50
5710,100,F,28988,7.50
5720,100,F,28990,5.00
5730,100,F,28992,5.00
5740,100,F,28993,2.50
5750,100,F,28994,2.50
5760,100,F,28996,5.00
5770,100,F,28998,5.00
5780,100,F,29000,5.00
5790,100,F,29002,5.00
5800,100,F,29005,7.50
5810,100,F,29007,5.00
5820,100,F,29009,5.00
5830,100,F,29010,2.50
5840,100,F,29010,0.00
5850,100,F,29010,0.00
5860,100,F,29010,0.00
5870,100,F,29010,0.00
5880,100,F,29010,0.00
5890,100,F,29010,0.00
5900,100,F,29010,0.00
5910,100,F,29010,0.00
5920,100,F,29010,0.00
5930,100,F,29010,0.00
5940,100,F,29010,0.00
5950,100,F,29010,0.00
5960,100,F,29010,0.00
5970,100,F,29010,0.00
5980,100,F,29010,0.00
5990,100,F,29010,0.00
6000,100,F,29010,0.00
6010,100,F,29010,0.00
6020,100,F,29010,0.00
6030,100,F,29010,0.00
6040,100,F,29010,0.00
6050,100,F,29010,0.00
6060,100,F,29010,0.00
6070,100,F,29010,0.00
6080,100,F,29010,0.00
6090,100,F,29010,0.00
6100,100,F,29010,0.00
6110,100,F,29010,0.00
6120,100,F,29010,0.00
6130,100,F,29010,0.00
6140,100,F,29010,0.00
6150,100,F,29010,0.00
6160,100,F,29010,0.00
6170,100,F,29010,0.00
6180,100,F,29010,0.00
6190,100,F,29010,0.00
6200,100,F,29010,0.00
6210,100,F,29010,0.00
6220,100,F,29010,0.00
6230,100,F,29010,0.00
6240,100,F,29010,0.00
6250,100,F,29010,0.00
6260,100,F,29010,0.00
6270,100,F,29010,0.00
6280,100,F,29010,0.00
6290,100,F,29010,0.00
6300,100,F,29010,0.00
6310,100,F,29010,0.00
6320,100,F,29010,0.00
6330,100,F,29010,0.00
6340,100,F,29010,0.00
6350,100,F,29010,0.00
6360,100,F,29010,0.00
6370,100,F,29010,0.00
6380,100,F,29010,0.00
6390,100,F,29010,0.00
6400,100,F,29010,0.00
6410,100,F,29010,0.00
6420,100,F,29010,0.00
6430,100,F,29010,0.00
6440,100,F,29010,0.00
6450,100,F,29010,0.00
6460,100,F,29010,0.00
6470,100,F,29010,0.00
6480,100,F,29010,0.00
6490,100,F,29010,0.00
6500,100,F,29010,0.00
6510,100,F,29010,0.00
6520,100,F,29010,0.00
6530,100,F,29010,0.00
6540,100,F,29010,0.00
6550,100,F,29010,0.00
6560,100,F,29010,0.00
6570,100,F,29010,0.00
6580,100,F,29010,0.00
6590,100,F,29010,0.00
6600,100,F,29010,0.00
6610,100,F,29010,0.00
6620,100,F,29010,0.00
6630,100,F,29010,0.00
6640,100,F,29010,0.00
6650,100,F,29010,0.00
6660,100,F,29010,0.00
6670,100,F,29010,0.00
6680,100,F,29010,0.00
6690,100,F,29010,0.00
6700,100,F,29010,0.00
6710,100,F,29010,0.00
6720,100,F,29010,0.00
6730,100,F,29010,0.00
6740,100,F,29010,0.00
6750,100,F,29010,0.00
6760,100,F,29010,0.00
6770,100,F,29010,0.00
6780,100,F,29010,0.00
6790,100,F,29010,0.00
6800,100,F,29010,0.00
6810,100,F,29010,0.00
6820,100,F,29010,0.00
6830,100,F,29010,0.00
6840,100,F,29010,0.00
6850,100,F,29010,0.00
6860,100,F,29010,0.00
6870,100,F,29010,0.00
6880,100,F,29010,0.00
6890,100,F,29010,0.00
6900,100,F,29010,0.00
6910,100,F,29010,0.00
6920,100,F,29010,0.00
6930,100,F,29010,0.00
6940,100,F,29010,0.00
6950,100,F,29010,0.00
6960,100,F,29010,0.00
6970,100,F,29010,0.00
6980,100,F,29010,0.00
6990,100,F,29010,0.00
7000,100,F,29010,0.00
7010,100,F,29010,0.00
7020,100,F,29010,0.00
7030,100,F,29010,0.00
7040,100,F,29010,0.00
7050,100,F,29010,0.00
7060,100,F,29010,0.00
7070,100,F,29010,0.00
7080,100,F,29010,0.00
7090,100,F,29010,0.00
7100,100,F,29010,0.00
7110,100,F,29010,0.00
7120,100,F,29010,0.00
7130,100,F,29010,0.00
7140,100,F,29010,0.00
7150,100,F,29010,0.00
7160,100,F,29010,0.00
7170,100,F,29010,0.00
7180,100,F,29010,0.00
7190,100,F,29010,0.00
7200,100,F,29010,0.00
7210,100,F,29010,0.00
7220,100,F,29010,0.00
7230,100,F,29010,0.00
7240,100,F,29010,0.00
7250,100,F,29010,0.00
7260,100,F,29010,0.00
7270,100,F,29010,0.00
7280,100,F,29010,0.00
7290,100,F,29010,0.00
7300,100,F,29010,0.00
7310,100,F,29010,0.00
7320,100,F,29010,0.00
7330,100,F,29010,0.00
7340,100,F,29010,0.00
7350,100,F,29010,0.00
7360,100,F,29010,0.00
7370,100,F,29010,0.00
7380,100,F,29010,0.00
7390,100,F,29010,0.00
7400,100,F,29010,0.00
7410,100,F,29010,0.00
7420,100,F,29010,0.00
7430,100,F,29010,0.00
7440,100,F,29010,0.00
7450,100,F,29010,0.00
7460,100,F,29010,0.00
7470,100,F,29010,0.00
7480,100,F,29010,0.00
7490,100,F,29010,0.00
7500,100,F,29010,0.00
7510,100,F,29010,0.00
7520,100,F,29010,0.00
7530,100,F,29010,0.00
7540,100,F,29010,0.00
7550,100,F,29010,0.00
7560,100,F,29010,0.00
7570,100,F,29010,0.00
7580,100,F,29010,0.00
7590,100,F,29010,0.00
7600,100,F,29010,0.00
7610,100,F,29010,0.00
7620,100,F,29010,0.00
7630,100,F,29010,0.00
7640,100,F,29010,0.00
7650,100,F,29010,0.00
7660,100,F,29010,0.00
7670,100,F,29010,0.00
7680,100,F,29010,0.00
7690,100,F,29010,0.00
7700,100,F,29010,0.00
7710,100,F,29010,0.00
7720,100,F,29010,0.00
7730,100,F,29010,0.00
7740,100,F,29010,0.00
7750,100,F,29010,0.00
7760,100,F,29010,0.00
7770,100,F,29010,0.00
7780,100,F,29010,0.00
7790,100,F,29010,0.00
7800,100,F,29010,0.00
7810,100,F,29010,0.00
7820,100,F,29010,0.00
7830,100,F,29010,0.00
7840,100,F,29010,0.00
7850,100,F,29010,0.00
7860,100,F,29010,0.00
7870,100,F,29010,0.00
7880,100,F,29010,0.00
7890,100,F,29010,0.00
7900,100,F,29010,0.00
7910,100,F,29010,0.00
7920,100,F,29010,0.00
7930,100,F,29010,0.00
7940,100,F,29010,0.00
7950,100,F,29010,0.00
7960,100,F,29010,0.00
7970,100,F,29010,0.00
7980,100,F,29010,0.00
7990,100,F,29010,0.00
8000,100,F,29010,0.00
=== END ===
# Trial 30 of 46: step_down_fwd_240to100_run02
=== START step_down_fwd_240to100_run02 ===
t_ms,pwm_cmd,dir,enc_count,rpm
0,240,F,0,0.00
10,240,F,2,5.00
20,240,F,10,20.00
30,240,F,22,30.01
40,240,F,38,40.00
50,240,F,60,55.00
60,240,F,86,64.99
70,240,F,116,75.01
80,240,F,150,84.99
90,240,F,188,94.98
100,240,F,230,105.01
110,240,F,276,115.03
120,240,F,327,127.49
130,240,F,380,132.49
140,240,F,436,139.97
150,240,F,495,147.51
160,240,F,555,150.03
170,240,F,618,157.42
180,240,F,683,162.53
190,240,F,757,185.04
200,240,F,825,170.00
210,240,F,892,167.48
220,240,F,956,160.00
230,240,F,1031,187.43
240,240,F,1105,185.13
250,240,F,1180,187.50
260,240,F,1256,190.00
270,240,F,1335,197.44
280,240,F,1414,197.50
290,240,F,1493,197.46
300,240,F,1574,202.54
310,240,F,1657,207.56
320,240,F,1738,202.46
330,240,F,1819,202.46
340,240,F,1899,200.00
350,240,F,1977,195.04
360,240,F,2058,202.48
370,240,F,2140,205.00
380,240,F,2224,209.98
390,240,F,2308,210.08
400,240,F,2391,207.50
410,240,F,2475,209.96
420,240,F,2559,210.04
430,240,F,2644,212.46
440,240,F,2731,217.48
450,240,F,2819,220.04
460,240,F,2907,220.00
470,240,F,2993,214.94
480,240,F,3081,220.07
490,240,F,3175,234.98
500,240,F,3261,214.98
510,240,F,3340,197.56
520,240,F,3428,219.96
530,240,F,3516,219.98
540,240,F,3603,217.50
550,240,F,3691,220.02
560,240,F,3779,220.02
570,240,F,3867,219.91
580,240,F,3955,220.11
590,240,F,4046,227.45
600,240,F,4134,219.98
610,240,F,4220,215.02
620,240,F,4305,212.48
630,240,F,4389,210.02
640,240,F,4474,212.54
650,240,F,4560,214.94
660,240,F,4649,222.50
670,240,F,4735,215.02
680,240,F,4822,217.48
690,240,F,4909,217.57
700,240,F,4997,219.98
710,240,F,5084,217.50
720,240,F,5174,225.02
730,240,F,5264,225.00
740,240,F,5354,224.98
750,240,F,5443,222.43
760,240,F,5538,237.60
770,240,F,5627,222.46
780,240,F,5711,210.00
790,240,F,5795,209.98
800,240,F,5884,222.50
810,240,F,5973,222.50
820,240,F,6061,220.02
830,240,F,6151,225.02
840,240,F,6239,219.93
850,240,F,6329,225.05
860,240,F,6419,225.05
870,240,F,6509,224.98
880,240,F,6596,217.48
890,240,F,6682,214.96
900,240,F,6767,212.59
910,240,F,6852,212.50
920,240,F,6939,217.48
930,240,F,7027,220.00
940,240,F,7115,219.96
950,240,F,7202,217.57
960,240,F,7289,217.43
970,240,F,7377,220.07
980,240,F,7465,219.98
990,240,F,7555,224.82
1000,240,F,7646,227.70
1010,240,F,7735,222.43
1020,240,F,7824,222.52
1030,240,F,7919,237.48
1040,240,F,8009,225.07
1050,240,F,8095,214.98
1060,240,F,8177,205.02
1070,240,F,8267,225.00
1080,240,F,8356,222.50
1090,240,F,8445,222.41
1100,240,F,8534,222.54
1110,240,F,8623,222.48
1120,240,F,8712,222.50
1130,240,F,8803,227.48
1140,240,F,8892,222.57
1150,240,F,8981,222.43
1160,240,F,9067,215.09
1170,240,F,9153,214.98
1180,240,F,9237,210.00
1190,240,F,9324,217.48
1200,240,F,9412,220.04
1210,240,F,9500,219.96
1220,240,F,9587,217.52
1230,240,F,9674,217.52
1240,240,F,9762,219.91
1250,240,F,9850,220.04
1260,240,F,9939,222.50
1270,240,F,10030,227.55
1280,240,F,10121,227.34
1290,240,F,10208,217.63
1300,240,F,10301,232.52
1310,240,F,10395,234.93
1320,240,F,10481,214.98
1330,240,F,10562,202.50
1340,240,F,10653,227.59
1350,240,F,10741,219.98
1360,240,F,10830,222.52
1370,240,F,10919,222.48
1380,240,F,11008,222.50
1390,240,F,11097,222.48
1400,240,F,11187,225.00
1410,240,F,11277,224.98
1420,240,F,11366,222.57
1430,240,F,11453,217.48
1440,240,F,11539,214.89
1450,240,F,11623,210.11
1460,240,F,11709,214.83
1470,240,F,11797,220.15
1480,240,F,11885,220.04
1490,240,F,11972,217.48
1500,240,F,12059,217.46
1510,240,F,12147,220.00
1520,240,F,12235,219.98
1530,240,F,12324,222.59
1540,240,F,12415,227.48
1550,240,F,12505,224.98
1560,240,F,12594,222.34
1570,240,F,12685,227.68
1580,240,F,12779,234.98
1590,240,F,12867,220.02
1600,240,F,12947,199.98
1610,240,F,13037,225.02
1620,240,F,13126,222.46
1630,240,F,13215,222.57
1640,240,F,13304,222.48
1650,240,F,13393,222.52
1660,240,F,13482,222.43
1670,240,F,13572,225.00
1680,240,F,13663,227.50
1690,240,F,13751,220.07
1700,240,F,13839,219.89
1710,240,F,13924,212.56
1720,240,F,14008,210.00
1730,240,F,14094,215.02
1740,240,F,14182,220.00
1750,240,F,14270,219.96
1760,240,F,14357,217.57
1770,240,F,14444,217.46
1780,240,F,14532,220.04
1790,240,F,14620,219.96
1800,240,F,14709,222.54
1810,240,F,14800,227.43
1820,240,F,14890,225.07
1830,240,F,14979,222.43
1840,240,F,15069,225.00
1850,240,F,15165,240.07
1860,240,F,15253,219.93
1870,240,F,15336,207.50
1880,240,F,15423,217.50
1890,240,F,15513,225.02
1900,240,F,15601,219.96
1910,240,F,15690,222.59
1920,240,F,15779,222.48
1930,240,F,15868,222.48
1940,240,F,15957,222.50
1950,240,F,16049,230.05
1960,240,F,16138,222.48
1970,240,F,16225,217.46
1980,240,F,16311,215.00
1990,240,F,16395,210.00
2000,240,F,16481,214.98
2010,240,F,16568,217.54
2020,240,F,16657,222.54
2030,240,F,16744,217.43
2040,240,F,16832,220.04
2050,240,F,16919,217.48
2060,240,F,17008,222.48
2070,240,F,17096,220.02
2080,240,F,17187,227.34
2090,240,F,17277,225.20
2100,240,F,17366,222.41
2110,240,F,17456,225.09
2120,240,F,17552,239.95
2130,240,F,17640,220.04
2140,240,F,17723,207.44
2150,240,F,17809,215.00
2160,240,F,17899,225.07
2170,240,F,17987,220.00
2180,240,F,18076,222.43
2190,240,F,18166,225.07
2200,240,F,18254,219.96
2210,240,F,18344,224.96
2220,240,F,18435,227.52
2230,240,F,18525,225.05
2240,240,F,18612,217.48
2250,240,F,18698,214.98
2260,240,F,18782,210.06
2270,240,F,18867,212.44
2280,240,F,18954,217.54
2290,240,F,19043,222.50
2300,240,F,19130,217.46
2310,240,F,19218,220.04
2320,240,F,19305,217.50
2330,240,F,19393,220.02
2340,240,F,19481,220.00
2350,240,F,19571,224.96
2360,240,F,19662,227.50
2370,240,F,19751,222.52
2380,240,F,19841,224.98
2390,240,F,19937,240.00
2400,240,F,20025,220.04
2410,240,F,20111,214.91
2420,240,F,20194,207.54
2430,240,F,20283,222.48
2440,240,F,20372,222.57
2450,240,F,20461,222.48
2460,240,F,20550,222.43
2470,240,F,20639,222.59
2480,240,F,20729,224.89
2490,240,F,20819,225.11
2500,240,F,20909,224.93
2510,240,F,20996,217.57
2520,240,F,21083,217.41
2530,240,F,21167,210.00
2540,240,F,21252,212.54
2550,240,F,21339,217.46
2560,240,F,21428,222.50
2570,240,F,21516,220.02
2580,240,F,21603,217.48
2590,240,F,21690,217.57
2600,240,F,21778,219.93
2610,240,F,21866,220.04
2620,240,F,21956,224.84
2630,240,F,22047,227.66
2640,240,F,22137,225.05
2650,240,F,22226,222.46
2660,240,F,22322,239.98
2670,240,F,22411,222.57
2680,240,F,22497,214.98
2690,240,F,22580,207.48
2700,240,F,22669,222.54
2710,240,F,22758,222.43
2720,240,F,22847,222.57
2730,240,F,22937,224.98
2740,240,F,23026,222.52
2750,240,F,23115,222.50
2760,240,F,23206,227.43
2770,240,F,23296,225.02
2780,240,F,23384,219.98
2790,240,F,23471,217.50
2800,240,F,23556,212.56
2810,240,F,23640,209.96
2820,240,F,23727,217.48
2830,240,F,23816,222.50
2840,240,F,23904,220.04
2850,240,F,23991,217.48
2860,240,F,24078,217.48
2870,240,F,24166,220.07
2880,240,F,24255,222.43
2890,240,F,24344,222.57
2900,240,F,24436,229.93
2910,240,F,24526,225.00
2920,240,F,24614,220.00
2930,240,F,24709,237.50
2940,240,F,24800,227.52
2950,240,F,24887,217.48
2960,240,F,24970,207.56
2970,240,F,25059,222.48
2980,240,F,25148,222.50
2990,240,F,25237,222.46
3000,100,F,25326,222.52
3010,100,F,25415,222.48
3020,100,F,25500,212.52
3030,100,F,25587,217.54
3040,100,F,25670,207.48
3050,100,F,25751,202.44
3060,100,F,25829,195.08
3070,100,F,25903,184.98
3080,100,F,25974,177.50
3090,100,F,26044,175.00
3100,100,F,26115,177.50
3110,100,F,26185,175.02
3120,100,F,26253,170.00
3130,100,F,26319,164.95
3140,100,F,26383,160.00
3150,100,F,26446,157.50
3160,100,F,26508,155.05
3170,100,F,26568,149.94
3180,100,F,26627,147.53
3190,100,F,26685,145.01
3200,100,F,26742,142.49
3210,100,F,26799,142.50
3220,100,F,26853,135.01
3230,100,F,26906,132.49
3240,100,F,26957,127.51
3250,100,F,27006,122.46
3260,100,F,27054,120.05
3270,100,F,27108,134.96
3280,100,F,27157,122.51
3290,100,F,27201,110.00
3300,100,F,27245,110.00
3310,100,F,27286,102.48
3320,100,F,27326,100.03
3330,100,F,27361,87.48
3340,100,F,27401,100.01
3350,100,F,27441,99.99
3360,100,F,27478,92.53
3370,100,F,27515,92.47
3380,100,F,27551,90.02
3390,100,F,27585,84.98
3400,100,F,27619,85.00
3410,100,F,27652,82.52
3420,100,F,27684,79.98
3430,100,F,27715,77.50
3440,100,F,27746,77.52
3450,100,F,27774,69.98
3460,100,F,27803,72.51
3470,100,F,27830,67.51
3480,100,F,27856,65.01
3490,100,F,27882,64.99
3500,100,F,27907,62.49
3510,100,F,27931,60.01
3520,100,F,27954,57.50
3530,100,F,27977,57.51
3540,100,F,27999,54.99
3550,100,F,28020,52.52
3560,100,F,28041,52.48
3570,100,F,28061,50.02
3580,100,F,28079,45.00
3590,100,F,28097,45.00
3600,100,F,28115,45.01
3610,100,F,28131,40.00
3620,100,F,28147,40.00
3630,100,F,28162,37.50
3640,100,F,28178,40.00
3650,100,F,28191,32.51
3660,100,F,28205,35.00
3670,100,F,28219,35.00
3680,100,F,28232,32.50
3690,100,F,28244,30.00
3700,100,F,28255,27.50
3710,100,F,28267,30.00
3720,100,F,28278,27.50
3730,100,F,28289,27.50
3740,100,F,28299,25.00
3750,100,F,28309,25.00
3760,100,F,28319,25.01
3770,100,F,28328,22.50
3780,100,F,28337,22.50
3790,100,F,28346,22.50
3800,100,F,28354,20.00
3810,100,F,28362,20.00
3820,100,F,28370,20.00
3830,100,F,28377,17.50
3840,100,F,28385,19.99
3850,100,F,28392,17.50
3860,100,F,28399,17.50
3870,100,F,28406,17.50
3880,100,F,28413,17.50
3890,100,F,28419,15.00
3900,100,F,28426,17.50
3910,100,F,28431,12.50
3920,100,F,28438,17.50
3930,100,F,28444,15.00
3940,100,F,28449,12.50
3950,100,F,28455,15.00
3960,100,F,28461,15.00
3970,100,F,28466,12.50
3980,100,F,28471,12.50
3990,100,F,28476,12.50
4000,100,F,28482,15.00
4010,100,F,28487,12.50
4020,100,F,28491,10.00
4030,100,F,28496,12.50
4040,100,F,28501,12.50
4050,100,F,28506,12.50
4060,100,F,28510,10.00
4070,100,F,28515,12.50
4080,100,F,28520,12.50
4090,100,F,28524,10.00
4100,100,F,28529,12.50
4110,100,F,28533,10.00
4120,100,F,28537,10.00
4130,100,F,28541,10.00
4140,100,F,28545,10.00
4150,100,F,28549,10.00
4160,100,F,28552,7.50
4170,100,F,28557,12.50
4180,100,F,28561,10.00
4190,100,F,28565,10.00
4200,100,F,28568,7.50
4210,100,F,28572,10.00
4220,100,F,28576,10.00
4230,100,F,28580,10.00
4240,100,F,28584,10.00
4250,100,F,28587,7.50
4260,100,F,28591,10.00
4270,100,F,28594,7.50
4280,100,F,28598,10.00
4290,100,F,28602,10.00
4300,100,F,28605,7.50
4310,100,F,28608,7.50
4320,100,F,28612,10.00
4330,100,F,28615,7.50
4340,100,F,28619,10.00
4350,100,F,28623,10.00
4360,100,F,28626,7.50
4370,100,F,28629,7.50
4380,100,F,28632,7.50
4390,100,F,28635,7.50
4400,100,F,28638,7.50
4410,100,F,28642,10.00
4420,100,F,28645,7.50
4430,100,F,28648,7.50
4440,100,F,28650,5.00
4450,100,F,28653,7.50
4460,100,F,28656,7.50
4470,100,F,28659,7.50
4480,100,F,28662,7.50
4490,100,F,28665,7.50
4500,100,F,28667,5.00
4510,100,F,28670,7.50
4520,100,F,28672,5.00
4530,100,F,28675,7.50
4540,100,F,28678,7.50
4550,100,F,28681,7.50
4560,100,F,28684,7.50
4570,100,F,28686,5.00
4580,100,F,28688,5.00
4590,100,F,28690,5.00
4600,100,F,28693,7.50
4610,100,F,28695,5.00
4620,100,F,28698,7.50
4630,100,F,28701,7.50
4640,100,F,28704,7.50
4650,100,F,28706,5.00
4660,100,F,28708,5.00
4670,100,F,28709,2.50
4680,100,F,28711,5.00
4690,100,F,28713,5.00
4700,100,F,28716,7.50
4710,100,F,28718,5.00
4720,100,F,28721,7.50
4730,100,F,28723,5.00
4740,100,F,28724,2.50
4750,100,F,28726,5.00
4760,100,F,28727,2.50
4770,100,F,28728,2.50
4780,100,F,28729,2.50
4790,100,F,28731,5.00
4800,100,F,28732,2.50
4810,100,F,28735,7.50
4820,100,F,28737,5.00
4830,100,F,28739,5.00
4840,100,F,28742,7.50
4850,100,F,28743,2.50
4860,100,F,28744,2.50
4870,100,F,28746,5.00
4880,100,F,28746,0.00
4890,100,F,28746,0.00
4900,100,F,28746,0.00
4910,100,F,28746,0.00
4920,100,F,28746,0.00
4930,100,F,28746,0.00
4940,100,F,28746,0.00
4950,100,F,28746,0.00
4960,100,F,28746,0.00
4970,100,F,28746,0.00
4980,100,F,28746,0.00
4990,100,F,28746,0.00
5000,100,F,28746,0.00
5010,100,F,28746,0.00
5020,100,F,28746,0.00
5030,100,F,28746,0.00
5040,100,F,28746,0.00
5050,100,F,28746,0.00
5060,100,F,28746,0.00
5070,100,F,28746,0.00
5080,100,F,28746,0.00
5090,100,F,28746,0.00
5100,100,F,28746,0.00
5110,100,F,28746,0.00
5120,100,F,28746,0.00
5130,100,F,28746,0.00
5140,100,F,28746,0.00
5150,100,F,28746,0.00
5160,100,F,28746,0.00
5170,100,F,28746,0.00
5180,100,F,28746,0.00
5190,100,F,28746,0.00
5200,100,F,28746,0.00
5210,100,F,28746,0.00
5220,100,F,28746,0.00
5230,100,F,28746,0.00
5240,100,F,28746,0.00
5250,100,F,28746,0.00
5260,100,F,28746,0.00
5270,100,F,28746,0.00
5280,100,F,28746,0.00
5290,100,F,28746,0.00
5300,100,F,28746,0.00
5310,100,F,28746,0.00
5320,100,F,28746,0.00
5330,100,F,28746,0.00
5340,100,F,28746,0.00
5350,100,F,28746,0.00
5360,100,F,28746,0.00
5370,100,F,28746,0.00
5380,100,F,28746,0.00
5390,100,F,28746,0.00
5400,100,F,28746,0.00
5410,100,F,28746,0.00
5420,100,F,28746,0.00
5430,100,F,28746,0.00
5440,100,F,28746,0.00
5450,100,F,28746,0.00
5460,100,F,28746,0.00
5470,100,F,28746,0.00
5480,100,F,28746,0.00
5490,100,F,28746,0.00
5500,100,F,28746,0.00
5510,100,F,28746,0.00
5520,100,F,28746,0.00
5530,100,F,28746,0.00
5540,100,F,28746,0.00
5550,100,F,28746,0.00
5560,100,F,28746,0.00
5570,100,F,28746,0.00
5580,100,F,28746,0.00
5590,100,F,28746,0.00
5600,100,F,28746,0.00
5610,100,F,28746,0.00
5620,100,F,28746,0.00
5630,100,F,28746,0.00
5640,100,F,28746,0.00
5650,100,F,28746,0.00
5660,100,F,28746,0.00
5670,100,F,28746,0.00
5680,100,F,28746,0.00
5690,100,F,28746,0.00
5700,100,F,28746,0.00
5710,100,F,28746,0.00
5720,100,F,28746,0.00
5730,100,F,28746,0.00
5740,100,F,28746,0.00
5750,100,F,28746,0.00
5760,100,F,28746,0.00
5770,100,F,28746,0.00
5780,100,F,28746,0.00
5790,100,F,28746,0.00
5800,100,F,28746,0.00
5810,100,F,28746,0.00
5820,100,F,28746,0.00
5830,100,F,28746,0.00
5840,100,F,28746,0.00
5850,100,F,28746,0.00
5860,100,F,28746,0.00
5870,100,F,28746,0.00
5880,100,F,28746,0.00
5890,100,F,28746,0.00
5900,100,F,28746,0.00
5910,100,F,28746,0.00
5920,100,F,28746,0.00
5930,100,F,28746,0.00
5940,100,F,28746,0.00
5950,100,F,28746,0.00
5960,100,F,28746,0.00
5970,100,F,28746,0.00
5980,100,F,28746,0.00
5990,100,F,28746,0.00
6000,100,F,28746,0.00
6010,100,F,28746,0.00
6020,100,F,28746,0.00
6030,100,F,28746,0.00
6040,100,F,28746,0.00
6050,100,F,28746,0.00
6060,100,F,28746,0.00
6070,100,F,28746,0.00
6080,100,F,28746,0.00
6090,100,F,28746,0.00
6100,100,F,28746,0.00
6110,100,F,28746,0.00
6120,100,F,28746,0.00
6130,100,F,28746,0.00
6140,100,F,28746,0.00
6150,100,F,28746,0.00
6160,100,F,28746,0.00
6170,100,F,28746,0.00
6180,100,F,28746,0.00
6190,100,F,28746,0.00
6200,100,F,28746,0.00
6210,100,F,28746,0.00
6220,100,F,28746,0.00
6230,100,F,28746,0.00
6240,100,F,28746,0.00
6250,100,F,28746,0.00
6260,100,F,28746,0.00
6270,100,F,28746,0.00
6280,100,F,28746,0.00
6290,100,F,28746,0.00
6300,100,F,28746,0.00
6310,100,F,28746,0.00
6320,100,F,28746,0.00
6330,100,F,28746,0.00
6340,100,F,28746,0.00
6350,100,F,28746,0.00
6360,100,F,28746,0.00
6370,100,F,28746,0.00
6380,100,F,28746,0.00
6390,100,F,28746,0.00
6400,100,F,28746,0.00
6410,100,F,28746,0.00
6420,100,F,28746,0.00
6430,100,F,28746,0.00
6440,100,F,28746,0.00
6450,100,F,28746,0.00
6460,100,F,28746,0.00
6470,100,F,28746,0.00
6480,100,F,28746,0.00
6490,100,F,28746,0.00
6500,100,F,28746,0.00
6510,100,F,28746,0.00
6520,100,F,28746,0.00
6530,100,F,28746,0.00
6540,100,F,28746,0.00
6550,100,F,28746,0.00
6560,100,F,28746,0.00
6570,100,F,28746,0.00
6580,100,F,28746,0.00
6590,100,F,28746,0.00
6600,100,F,28746,0.00
6610,100,F,28746,0.00
6620,100,F,28746,0.00
6630,100,F,28746,0.00
6640,100,F,28746,0.00
6650,100,F,28746,0.00
6660,100,F,28746,0.00
6670,100,F,28746,0.00
6680,100,F,28746,0.00
6690,100,F,28746,0.00
6700,100,F,28746,0.00
6710,100,F,28746,0.00
6720,100,F,28746,0.00
6730,100,F,28746,0.00
6740,100,F,28746,0.00
6750,100,F,28746,0.00
6760,100,F,28746,0.00
6770,100,F,28746,0.00
6780,100,F,28746,0.00
6790,100,F,28746,0.00
6800,100,F,28746,0.00
6810,100,F,28746,0.00
6820,100,F,28746,0.00
6830,100,F,28746,0.00
6840,100,F,28746,0.00
6850,100,F,28746,0.00
6860,100,F,28746,0.00
6870,100,F,28746,0.00
6880,100,F,28746,0.00
6890,100,F,28746,0.00
6900,100,F,28746,0.00
6910,100,F,28746,0.00
6920,100,F,28746,0.00
6930,100,F,28746,0.00
6940,100,F,28746,0.00
6950,100,F,28746,0.00
6960,100,F,28746,0.00
6970,100,F,28746,0.00
6980,100,F,28746,0.00
6990,100,F,28746,0.00
7000,100,F,28746,0.00
7010,100,F,28746,0.00
7020,100,F,28746,0.00
7030,100,F,28746,0.00
7040,100,F,28746,0.00
7050,100,F,28746,0.00
7060,100,F,28746,0.00
7070,100,F,28746,0.00
7080,100,F,28746,0.00
7090,100,F,28746,0.00
7100,100,F,28746,0.00
7110,100,F,28746,0.00
7120,100,F,28746,0.00
7130,100,F,28746,0.00
7140,100,F,28746,0.00
7150,100,F,28746,0.00
7160,100,F,28746,0.00
7170,100,F,28746,0.00
7180,100,F,28746,0.00
7190,100,F,28746,0.00
7200,100,F,28746,0.00
7210,100,F,28746,0.00
7220,100,F,28746,0.00
7230,100,F,28746,0.00
7240,100,F,28746,0.00
7250,100,F,28746,0.00
7260,100,F,28746,0.00
7270,100,F,28746,0.00
7280,100,F,28746,0.00
7290,100,F,28746,0.00
7300,100,F,28746,0.00
7310,100,F,28746,0.00
7320,100,F,28746,0.00
7330,100,F,28746,0.00
7340,100,F,28746,0.00
7350,100,F,28746,0.00
7360,100,F,28746,0.00
7370,100,F,28746,0.00
7380,100,F,28746,0.00
7390,100,F,28746,0.00
7400,100,F,28746,0.00
7410,100,F,28746,0.00
7420,100,F,28746,0.00
7430,100,F,28746,0.00
7440,100,F,28746,0.00
7450,100,F,28746,0.00
7460,100,F,28746,0.00
7470,100,F,28746,0.00
7480,100,F,28746,0.00
7490,100,F,28746,0.00
7500,100,F,28746,0.00
7510,100,F,28746,0.00
7520,100,F,28746,0.00
7530,100,F,28746,0.00
7540,100,F,28746,0.00
7550,100,F,28746,0.00
7560,100,F,28746,0.00
7570,100,F,28746,0.00
7580,100,F,28746,0.00
7590,100,F,28746,0.00
7600,100,F,28746,0.00
7610,100,F,28746,0.00
7620,100,F,28746,0.00
7630,100,F,28746,0.00
7640,100,F,28746,0.00
7650,100,F,28746,0.00
7660,100,F,28746,0.00
7670,100,F,28746,0.00
7680,100,F,28746,0.00
7690,100,F,28746,0.00
7700,100,F,28746,0.00
7710,100,F,28746,0.00
7720,100,F,28746,0.00
7730,100,F,28746,0.00
7740,100,F,28746,0.00
7750,100,F,28746,0.00
7760,100,F,28746,0.00
7770,100,F,28746,0.00
7780,100,F,28746,0.00
7790,100,F,28746,0.00
7800,100,F,28746,0.00
7810,100,F,28746,0.00
7820,100,F,28746,0.00
7830,100,F,28746,0.00
7840,100,F,28746,0.00
7850,100,F,28746,0.00
7860,100,F,28746,0.00
7870,100,F,28746,0.00
7880,100,F,28746,0.00
7890,100,F,28746,0.00
7900,100,F,28746,0.00
7910,100,F,28746,0.00
7920,100,F,28746,0.00
7930,100,F,28746,0.00
7940,100,F,28746,0.00
7950,100,F,28746,0.00
7960,100,F,28746,0.00
7970,100,F,28746,0.00
7980,100,F,28746,0.00
7990,100,F,28746,0.00
8000,100,F,28746,0.00
=== END ===
# Trial 31 of 46: step_down_fwd_240to100_run03
=== START step_down_fwd_240to100_run03 ===
t_ms,pwm_cmd,dir,enc_count,rpm
0,240,F,0,0.00
10,240,F,2,5.00
20,240,F,10,20.00
30,240,F,23,32.50
40,240,F,40,42.50
50,240,F,62,54.98
60,240,F,88,65.01
70,240,F,118,75.00
80,240,F,153,87.52
90,240,F,192,97.47
100,240,F,234,105.00
110,240,F,280,115.00
120,240,F,329,122.50
130,240,F,383,135.01
140,240,F,439,140.00
150,240,F,498,147.49
160,240,F,559,152.55
170,240,F,621,154.97
180,240,F,686,162.47
190,240,F,755,172.52
200,240,F,828,182.48
210,240,F,897,172.55
220,240,F,964,167.48
230,240,F,1033,172.50
240,240,F,1108,187.48
250,240,F,1184,190.02
260,240,F,1259,187.50
270,240,F,1337,195.00
280,240,F,1416,197.50
290,240,F,1495,197.54
300,240,F,1575,200.00
310,240,F,1657,205.00
320,240,F,1739,204.94
330,240,F,1821,204.88
340,240,F,1901,200.18
350,240,F,1981,199.94
360,240,F,2060,197.52
370,240,F,2140,200.04
380,240,F,2223,207.44
390,240,F,2307,210.02
400,240,F,2390,207.48
410,240,F,2474,210.02
420,240,F,2558,209.98
430,240,F,2642,210.00
440,240,F,2727,212.52
450,240,F,2814,217.50
460,240,F,2903,222.37
470,240,F,2989,215.09
480,240,F,3076,217.52
490,240,F,3168,230.07
500,240,F,3256,219.96
510,240,F,3342,214.89
520,240,F,3421,197.64
530,240,F,3510,222.48
540,240,F,3596,215.00
550,240,F,3684,219.98
560,240,F,3772,219.98
570,240,F,3859,217.50
580,240,F,3946,217.50
590,240,F,4035,222.50
600,240,F,4125,225.05
610,240,F,4212,217.52
620,240,F,4298,214.96
630,240,F,4383,212.48
640,240,F,4466,207.54
650,240,F,4551,212.42
660,240,F,4638,217.59
670,240,F,4725,217.52
680,240,F,4811,215.00
690,240,F,4897,215.00
700,240,F,4985,219.91
710,240,F,5072,217.59
720,240,F,5160,219.93
730,240,F,5250,225.05
740,240,F,5339,222.48
750,240,F,5428,222.48
760,240,F,5517,222.54
770,240,F,5613,239.83
780,240,F,5700,217.67
790,240,F,5783,207.48
800,240,F,5868,212.52
810,240,F,5957,222.50
820,240,F,6045,220.00
830,240,F,6133,219.98
840,240,F,6222,222.52
850,240,F,6310,219.93
860,240,F,6400,224.98
870,240,F,6490,225.09
880,240,F,6579,222.43
890,240,F,6666,217.57
900,240,F,6752,214.94
910,240,F,6835,207.50
920,240,F,6920,212.54
930,240,F,7006,214.96
940,240,F,7095,222.50
950,240,F,7182,217.57
960,240,F,7269,217.41
970,240,F,7356,217.59
980,240,F,7443,217.46
990,240,F,7530,217.54
1000,240,F,7620,225.00
1010,240,F,7711,227.45
1020,240,F,7800,222.48
1030,240,F,7888,220.07
1040,240,F,7983,237.41
1050,240,F,8073,225.02
1060,240,F,8158,212.50
1070,240,F,8241,207.42
1080,240,F,8329,220.07
1090,240,F,8418,222.57
1100,240,F,8506,220.02
1110,240,F,8596,225.00
1120,240,F,8684,219.85
1130,240,F,8772,220.15
1140,240,F,8862,224.96
1150,240,F,8952,225.00
1160,240,F,9040,220.04
1170,240,F,9126,214.91
1180,240,F,9210,210.08
1190,240,F,9294,210.00
1200,240,F,9381,217.50
1210,240,F,9469,220.00
1220,240,F,9557,219.91
1230,240,F,9643,215.02
1240,240,F,9730,217.57
1250,240,F,9817,217.43
1260,240,F,9905,220.04
1270,240,F,9994,222.48
1280,240,F,10085,227.48
1290,240,F,10175,224.98
1300,240,F,10262,217.59
1310,240,F,10354,229.95
1320,240,F,10447,232.48
1330,240,F,10534,217.52
1340,240,F,10616,205.04
1350,240,F,10705,222.50
1360,240,F,10793,219.93
1370,240,F,10882,222.54
1380,240,F,10971,222.46
1390,240,F,11060,222.54
1400,240,F,11148,220.02
1410,240,F,11238,224.93
1420,240,F,11328,225.00
1430,240,F,11417,222.48
1440,240,F,11503,215.06
1450,240,F,11589,214.96
1460,240,F,11673,210.00
1470,240,F,11758,212.56
1480,240,F,11846,220.00
1490,240,F,11934,219.85
1500,240,F,12021,217.63
1510,240,F,12107,214.98
1520,240,F,12195,220.04
1530,240,F,12283,219.96
1540,240,F,12372,222.48
1550,240,F,12462,225.05
1560,240,F,12552,224.96
1570,240,F,12640,220.00
1580,240,F,12731,227.57
1590,240,F,12826,237.43
1600,240,F,12913,217.52
1610,240,F,12994,202.52
1620,240,F,13083,222.50
1630,240,F,13172,222.50
1640,240,F,13260,219.98
1650,240,F,13349,222.48
1660,240,F,13438,222.41
1670,240,F,13526,220.11
1680,240,F,13615,222.48
1690,240,F,13707,230.02
1700,240,F,13795,219.98
1710,240,F,13882,217.48
1720,240,F,13968,215.04
1730,240,F,14052,209.96
1740,240,F,14137,212.52
1750,240,F,14224,217.48
1760,240,F,14313,222.59
1770,240,F,14400,217.48
1780,240,F,14486,215.00
1790,240,F,14574,219.96
1800,240,F,14662,219.98
1810,240,F,14750,220.02
1820,240,F,14840,225.00
1830,240,F,14930,225.02
1840,240,F,15019,222.50
1850,240,F,15108,222.48
1860,240,F,15205,242.52
1870,240,F,15292,217.48
1880,240,F,15375,207.54
1890,240,F,15461,214.98
1900,240,F,15550,222.50
1910,240,F,15638,219.96
1920,240,F,15727,222.59
1930,240,F,15816,222.43
1940,240,F,15905,222.50
1950,240,F,15994,222.52
1960,240,F,16085,227.55
1970,240,F,16174,222.50
1980,240,F,16261,217.50
1990,240,F,16348,217.43
2000,240,F,16431,207.50
2010,240,F,16516,212.50
2020,240,F,16603,217.52
2030,240,F,16692,222.41
2040,240,F,16779,217.63
2050,240,F,16865,214.98
2060,240,F,16953,220.02
2070,240,F,17040,217.48
2080,240,F,17128,219.98
2090,240,F,17217,222.52
2100,240,F,17308,227.50
2110,240,F,17398,224.82
2120,240,F,17486,220.18
2130,240,F,17580,234.95
2140,240,F,17670,225.00
2150,240,F,17756,214.98
2160,240,F,17839,207.56
2170,240,F,17927,219.96
2180,240,F,18016,222.54
2190,240,F,18104,219.93
2200,240,F,18194,225.07
2210,240,F,18282,219.96
2220,240,F,18371,222.57
2230,240,F,18461,225.00
2240,240,F,18551,224.93
2250,240,F,18639,220.04
2260,240,F,18725,214.96
2270,240,F,18810,212.56
2280,240,F,18893,207.50
2290,240,F,18980,217.48
2300,240,F,19068,220.02
2310,240,F,19155,217.46
2320,240,F,19241,215.04
2330,240,F,19328,217.43
2340,240,F,19415,217.52
2350,240,F,19503,220.00
2360,240,F,19592,222.46
2370,240,F,19683,227.55
2380,240,F,19773,224.91
2390,240,F,19860,217.63
2400,240,F,19951,227.43
2410,240,F,20045,235.00
2420,240,F,20132,217.57
2430,240,F,20213,202.44
2440,240,F,20302,222.50
2450,240,F,20390,220.07
2460,240,F,20478,219.98
2470,240,F,20568,224.98
2480,240,F,20656,219.96
2490,240,F,20744,220.04
2500,240,F,20834,225.05
2510,240,F,20924,224.96
2520,240,F,21013,222.50
2530,240,F,21100,217.50
2540,240,F,21185,212.52
2550,240,F,21269,210.00
2560,240,F,21354,212.42
2570,240,F,21441,217.54
2580,240,F,21529,220.07
2590,240,F,21616,217.46
2600,240,F,21702,215.04
2610,240,F,21790,219.96
2620,240,F,21877,217.52
2630,240,F,21966,222.46
2640,240,F,22056,225.02
2650,240,F,22146,224.98
2660,240,F,22234,220.04
2670,240,F,22323,222.48
2680,240,F,22420,242.45
2690,240,F,22507,217.50
2700,240,F,22589,205.00
2710,240,F,22676,217.57
2720,240,F,22766,224.89
2730,240,F,22853,217.57
2740,240,F,22942,222.54
2750,240,F,23030,220.00
2760,240,F,23119,222.48
2770,240,F,23208,222.52
2780,240,F,23299,227.50
2790,240,F,23388,222.46
2800,240,F,23475,217.50
2810,240,F,23561,215.06
2820,240,F,23645,209.94
2830,240,F,23730,212.52
2840,240,F,23816,215.00
2850,240,F,23905,222.52
2860,240,F,23992,217.43
2870,240,F,24079,217.59
2880,240,F,24166,217.39
2890,240,F,24254,220.02
2900,240,F,24341,217.54
2910,240,F,24431,225.00
2920,240,F,24521,225.05
2930,240,F,24610,222.48
2940,240,F,24699,222.52
2950,240,F,24793,234.93
2960,240,F,24884,227.48
2970,240,F,24968,210.02
2980,240,F,25052,209.87
2990,240,F,25140,220.20
3000,100,F,25229,222.43
3010,100,F,25316,217.57
3020,100,F,25403,217.50
3030,100,F,25486,207.44
3040,100,F,25568,205.00
3050,100,F,25650,205.04
3060,100,F,25730,200.02
3070,100,F,25806,189.98
3080,100,F,25880,185.00
3090,100,F,25951,177.46
3100,100,F,26019,170.00
3110,100,F,26085,165.00
3120,100,F,26152,167.55
3130,100,F,26218,165.00
3140,100,F,26283,162.48
3150,100,F,26346,157.48
3160,100,F,26407,152.50
3170,100,F,26467,150.00
3180,100,F,26525,145.01
3190,100,F,26583,145.01
3200,100,F,26638,137.47
3210,100,F,26693,137.50
3220,100,F,26746,132.49
3230,100,F,26799,132.54
3240,100,F,26851,129.99
3250,100,F,26902,127.47
3260,100,F,26951,122.52
3270,100,F,26998,117.48
3280,100,F,27043,112.50
3290,100,F,27087,110.01
3300,100,F,27131,109.99
3310,100,F,27181,125.03
3320,100,F,27223,105.01
3330,100,F,27263,99.98
3340,100,F,27303,100.02
3350,100,F,27339,89.99
3360,100,F,27370,77.48
3370,100,F,27405,87.52
3380,100,F,27442,92.51
3390,100,F,27477,87.49
3400,100,F,27511,85.02
3410,100,F,27543,79.98
3420,100,F,27576,82.52
3430,100,F,27606,75.01
3440,100,F,27636,74.99
3450,100,F,27665,72.51
3460,100,F,27694,72.50
3470,100,F,27722,69.98
3480,100,F,27749,67.51
3490,100,F,27775,64.99
3500,100,F,27800,62.51
3510,100,F,27824,59.99
3520,100,F,27847,57.52
3530,100,F,27871,59.99
3540,100,F,27892,52.49
3550,100,F,27913,52.51
3560,100,F,27934,52.50
3570,100,F,27954,49.99
3580,100,F,27973,47.50
3590,100,F,27992,47.50
3600,100,F,28010,44.99
3610,100,F,28027,42.51
3620,100,F,28044,42.50
3630,100,F,28061,42.50
3640,100,F,28076,37.49
3650,100,F,28091,37.51
3660,100,F,28106,37.50
3670,100,F,28120,35.00
3680,100,F,28132,30.00
3690,100,F,28145,32.51
3700,100,F,28158,32.50
3710,100,F,28170,30.00
3720,100,F,28182,30.00
3730,100,F,28192,25.00
3740,100,F,28202,25.00
3750,100,F,28213,27.49
3760,100,F,28222,22.50
3770,100,F,28232,25.00
3780,100,F,28241,22.50
3790,100,F,28249,20.00
3800,100,F,28258,22.50
3810,100,F,28266,20.00
3820,100,F,28274,20.00
3830,100,F,28282,20.00
3840,100,F,28289,17.50
3850,100,F,28297,20.00
3860,100,F,28303,15.00
3870,100,F,28310,17.50
3880,100,F,28316,15.00
3890,100,F,28323,17.50
3900,100,F,28329,15.00
3910,100,F,28335,15.00
3920,100,F,28340,12.50
3930,100,F,28347,17.50
3940,100,F,28352,12.50
3950,100,F,28357,12.50
3960,100,F,28362,12.50
3970,100,F,28367,12.50
3980,100,F,28372,12.50
3990,100,F,28377,12.50
4000,100,F,28382,12.50
4010,100,F,28386,10.00
4020,100,F,28391,12.50
4030,100,F,28395,10.00
4040,100,F,28399,10.00
4050,100,F,28404,12.50
4060,100,F,28408,10.00
4070,100,F,28411,7.50
4080,100,F,28415,10.00
4090,100,F,28419,10.00
4100,100,F,28423,10.00
4110,100,F,28426,7.50
4120,100,F,28429,7.50
4130,100,F,28433,10.00
4140,100,F,28437,10.00
4150,100,F,28441,10.00
4160,100,F,28444,7.50
4170,100,F,28447,7.50
4180,100,F,28451,10.00
4190,100,F,28454,7.50
4200,100,F,28458,10.00
4210,100,F,28462,10.00
4220,100,F,28465,7.50
4230,100,F,28468,7.50
4240,100,F,28471,7.50
4250,100,F,28474,7.50
4260,100,F,28477,7.50
4270,100,F,28481,10.00
4280,100,F,28483,5.00
4290,100,F,28486,7.50
4300,100,F,28489,7.50
4310,100,F,28492,7.50
4320,100,F,28496,10.00
4330,100,F,28499,7.50
4340,100,F,28502,7.50
4350,100,F,28504,5.00
4360,100,F,28507,7.50
4370,100,F,28510,7.50
4380,100,F,28513,7.50
4390,100,F,28517,10.00
4400,100,F,28520,7.50
4410,100,F,28523,7.50
4420,100,F,28525,5.00
4430,100,F,28528,7.50
4440,100,F,28531,7.50
4450,100,F,28534,7.50
4460,100,F,28538,10.00
4470,100,F,28541,7.50
4480,100,F,28543,5.00
4490,100,F,28546,7.50
4500,100,F,28549,7.50
4510,100,F,28552,7.50
4520,100,F,28556,10.00
4530,100,F,28559,7.50
4540,100,F,28562,7.50
4550,100,F,28564,5.00
4560,100,F,28567,7.50
4570,100,F,28571,10.00
4580,100,F,28574,7.50
4590,100,F,28578,10.00
4600,100,F,28581,7.50
4610,100,F,28583,5.00
4620,100,F,28586,7.50
4630,100,F,28589,7.50
4640,100,F,28592,7.50
4650,100,F,28595,7.50
4660,100,F,28598,7.50
4670,100,F,28601,7.50
4680,100,F,28604,7.50
4690,100,F,28607,7.50
4700,100,F,28610,7.50
4710,100,F,28613,7.50
4720,100,F,28617,10.00
4730,100,F,28620,7.50
4740,100,F,28622,5.00
4750,100,F,28625,7.50
4760,100,F,28628,7.50
4770,100,F,28632,10.00
4780,100,F,28635,7.50
4790,100,F,28639,10.00
4800,100,F,28642,7.50
4810,100,F,28645,7.50
4820,100,F,28648,7.50
4830,100,F,28651,7.50
4840,100,F,28654,7.50
4850,100,F,28658,10.00
4860,100,F,28661,7.50
4870,100,F,28664,7.50
4880,100,F,28667,7.50
4890,100,F,28670,7.50
4900,100,F,28673,7.50
4910,100,F,28677,10.00
4920,100,F,28680,7.50
4930,100,F,28683,7.50
4940,100,F,28686,7.50
4950,100,F,28689,7.50
4960,100,F,28692,7.50
4970,100,F,28696,10.00
4980,100,F,28699,7.50
4990,100,F,28702,7.50
5000,100,F,28704,5.00
5010,100,F,28707,7.50
5020,100,F,28710,7.50
5030,100,F,28713,7.50
5040,100,F,28716,7.50
5050,100,F,28719,7.50
5060,100,F,28721,5.00
5070,100,F,28724,7.50
5080,100,F,28727,7.50
5090,100,F,28730,7.50
5100,100,F,28733,7.50
5110,100,F,28736,7.50
5120,100,F,28739,7.50
5130,100,F,28741,5.00
5140,100,F,28744,7.50
5150,100,F,28746,5.00
5160,100,F,28749,7.50
5170,100,F,28752,7.50
5180,100,F,28755,7.50
5190,100,F,28758,7.50
5200,100,F,28760,5.00
5210,100,F,28762,5.00
5220,100,F,28764,5.00
5230,100,F,28767,7.50
5240,100,F,28769,5.00
5250,100,F,28772,7.50
5260,100,F,28775,7.50
5270,100,F,28777,5.00
5280,100,F,28779,5.00
5290,100,F,28781,5.00
5300,100,F,28782,2.50
5310,100,F,28784,5.00
5320,100,F,28786,5.00
5330,100,F,28788,5.00
5340,100,F,28790,5.00
5350,100,F,28793,7.50
5360,100,F,28796,7.50
5370,100,F,28798,5.00
5380,100,F,28799,2.50
5390,100,F,28801,5.00
5400,100,F,28802,2.50
5410,100,F,28802,0.00
5420,100,F,28804,5.00
5430,100,F,28805,2.50
5440,100,F,28807,5.00
5450,100,F,28809,5.00
5460,100,F,28812,7.50
5470,100,F,28814,5.00
5480,100,F,28816,5.00
5490,100,F,28817,2.50
5500,100,F,28817,0.00
5510,100,F,28817,0.00
5520,100,F,28817,0.00
5530,100,F,28817,0.00
5540,100,F,28817,0.00
5550,100,F,28817,0.00
5560,100,F,28817,0.00
5570,100,F,28817,0.00
5580,100,F,28817,0.00
5590,100,F,28817,0.00
5600,100,F,28817,0.00
5610,100,F,28817,0.00
5620,100,F,28817,0.00
5630,100,F,28817,0.00
5640,100,F,28817,0.00
5650,100,F,28817,0.00
5660,100,F,28817,0.00
5670,100,F,28817,0.00
5680,100,F,28817,0.00
5690,100,F,28817,0.00
5700,100,F,28817,0.00
5710,100,F,28817,0.00
5720,100,F,28817,0.00
5730,100,F,28817,0.00
5740,100,F,28817,0.00
5750,100,F,28817,0.00
5760,100,F,28817,0.00
5770,100,F,28817,0.00
5780,100,F,28817,0.00
5790,100,F,28817,0.00
5800,100,F,28817,0.00
5810,100,F,28817,0.00
5820,100,F,28817,0.00
5830,100,F,28817,0.00
5840,100,F,28817,0.00
5850,100,F,28817,0.00
5860,100,F,28817,0.00
5870,100,F,28817,0.00
5880,100,F,28817,0.00
5890,100,F,28817,0.00
5900,100,F,28817,0.00
5910,100,F,28817,0.00
5920,100,F,28817,0.00
5930,100,F,28817,0.00
5940,100,F,28817,0.00
5950,100,F,28817,0.00
5960,100,F,28817,0.00
5970,100,F,28817,0.00
5980,100,F,28817,0.00
5990,100,F,28817,0.00
6000,100,F,28817,0.00
6010,100,F,28817,0.00
6020,100,F,28817,0.00
6030,100,F,28817,0.00
6040,100,F,28817,0.00
6050,100,F,28817,0.00
6060,100,F,28817,0.00
6070,100,F,28817,0.00
6080,100,F,28817,0.00
6090,100,F,28817,0.00
6100,100,F,28817,0.00
6110,100,F,28817,0.00
6120,100,F,28817,0.00
6130,100,F,28817,0.00
6140,100,F,28817,0.00
6150,100,F,28817,0.00
6160,100,F,28817,0.00
6170,100,F,28817,0.00
6180,100,F,28817,0.00
6190,100,F,28817,0.00
6200,100,F,28817,0.00
6210,100,F,28817,0.00
6220,100,F,28817,0.00
6230,100,F,28817,0.00
6240,100,F,28817,0.00
6250,100,F,28817,0.00
6260,100,F,28817,0.00
6270,100,F,28817,0.00
6280,100,F,28817,0.00
6290,100,F,28817,0.00
6300,100,F,28817,0.00
6310,100,F,28817,0.00
6320,100,F,28817,0.00
6330,100,F,28817,0.00
6340,100,F,28817,0.00
6350,100,F,28817,0.00
6360,100,F,28817,0.00
6370,100,F,28817,0.00
6380,100,F,28817,0.00
6390,100,F,28817,0.00
6400,100,F,28817,0.00
6410,100,F,28817,0.00
6420,100,F,28817,0.00
6430,100,F,28817,0.00
6440,100,F,28817,0.00
6450,100,F,28817,0.00
6460,100,F,28817,0.00
6470,100,F,28817,0.00
6480,100,F,28817,0.00
6490,100,F,28817,0.00
6500,100,F,28817,0.00
6510,100,F,28817,0.00
6520,100,F,28817,0.00
6530,100,F,28817,0.00
6540,100,F,28817,0.00
6550,100,F,28817,0.00
6560,100,F,28817,0.00
6570,100,F,28817,0.00
6580,100,F,28817,0.00
6590,100,F,28817,0.00
6600,100,F,28817,0.00
6610,100,F,28817,0.00
6620,100,F,28817,0.00
6630,100,F,28817,0.00
6640,100,F,28817,0.00
6650,100,F,28817,0.00
6660,100,F,28817,0.00
6670,100,F,28817,0.00
6680,100,F,28817,0.00
6690,100,F,28817,0.00
6700,100,F,28817,0.00
6710,100,F,28817,0.00
6720,100,F,28817,0.00
6730,100,F,28817,0.00
6740,100,F,28817,0.00
6750,100,F,28817,0.00
6760,100,F,28817,0.00
6770,100,F,28817,0.00
6780,100,F,28817,0.00
6790,100,F,28817,0.00
6800,100,F,28817,0.00
6810,100,F,28817,0.00
6820,100,F,28817,0.00
6830,100,F,28817,0.00
6840,100,F,28817,0.00
6850,100,F,28817,0.00
6860,100,F,28817,0.00
6870,100,F,28817,0.00
6880,100,F,28817,0.00
6890,100,F,28817,0.00
6900,100,F,28817,0.00
6910,100,F,28817,0.00
6920,100,F,28817,0.00
6930,100,F,28817,0.00
6940,100,F,28817,0.00
6950,100,F,28817,0.00
6960,100,F,28817,0.00
6970,100,F,28817,0.00
6980,100,F,28817,0.00
6990,100,F,28817,0.00
7000,100,F,28817,0.00
7010,100,F,28817,0.00
7020,100,F,28817,0.00
7030,100,F,28817,0.00
7040,100,F,28817,0.00
7050,100,F,28817,0.00
7060,100,F,28817,0.00
7070,100,F,28817,0.00
7080,100,F,28817,0.00
7090,100,F,28817,0.00
7100,100,F,28817,0.00
7110,100,F,28817,0.00
7120,100,F,28817,0.00
7130,100,F,28817,0.00
7140,100,F,28817,0.00
7150,100,F,28817,0.00
7160,100,F,28817,0.00
7170,100,F,28817,0.00
7180,100,F,28817,0.00
7190,100,F,28817,0.00
7200,100,F,28817,0.00
7210,100,F,28817,0.00
7220,100,F,28817,0.00
7230,100,F,28817,0.00
7240,100,F,28817,0.00
7250,100,F,28817,0.00
7260,100,F,28817,0.00
7270,100,F,28817,0.00
7280,100,F,28817,0.00
7290,100,F,28817,0.00
7300,100,F,28817,0.00
7310,100,F,28817,0.00
7320,100,F,28817,0.00
7330,100,F,28817,0.00
7340,100,F,28817,0.00
7350,100,F,28817,0.00
7360,100,F,28817,0.00
7370,100,F,28817,0.00
7380,100,F,28817,0.00
7390,100,F,28817,0.00
7400,100,F,28817,0.00
7410,100,F,28817,0.00
7420,100,F,28817,0.00
7430,100,F,28817,0.00
7440,100,F,28817,0.00
7450,100,F,28817,0.00
7460,100,F,28817,0.00
7470,100,F,28817,0.00
7480,100,F,28817,0.00
7490,100,F,28817,0.00
7500,100,F,28817,0.00
7510,100,F,28817,0.00
7520,100,F,28817,0.00
7530,100,F,28817,0.00
7540,100,F,28817,0.00
7550,100,F,28817,0.00
7560,100,F,28817,0.00
7570,100,F,28817,0.00
7580,100,F,28817,0.00
7590,100,F,28817,0.00
7600,100,F,28817,0.00
7610,100,F,28817,0.00
7620,100,F,28817,0.00
7630,100,F,28817,0.00
7640,100,F,28817,0.00
7650,100,F,28817,0.00
7660,100,F,28817,0.00
7670,100,F,28817,0.00
7680,100,F,28817,0.00
7690,100,F,28817,0.00
7700,100,F,28817,0.00
7710,100,F,28817,0.00
7720,100,F,28817,0.00
7730,100,F,28817,0.00
7740,100,F,28817,0.00
7750,100,F,28817,0.00
7760,100,F,28817,0.00
7770,100,F,28817,0.00
7780,100,F,28817,0.00
7790,100,F,28817,0.00
7800,100,F,28817,0.00
7810,100,F,28817,0.00
7820,100,F,28817,0.00
7830,100,F,28817,0.00
7840,100,F,28817,0.00
7850,100,F,28817,0.00
7860,100,F,28817,0.00
7870,100,F,28817,0.00
7880,100,F,28817,0.00
7890,100,F,28817,0.00
7900,100,F,28817,0.00
7910,100,F,28817,0.00
7920,100,F,28817,0.00
7930,100,F,28817,0.00
7940,100,F,28817,0.00
7950,100,F,28817,0.00
7960,100,F,28817,0.00
7970,100,F,28817,0.00
7980,100,F,28817,0.00
7990,100,F,28817,0.00
=== END ===
# Trial 32 of 46: step_down_fwd_240to180_run01
=== START step_down_fwd_240to180_run01 ===
t_ms,pwm_cmd,dir,enc_count,rpm
0,240,F,0,0.00
10,240,F,2,5.00
20,240,F,10,20.01
30,240,F,21,27.49
40,240,F,38,42.51
50,240,F,59,52.50
60,240,F,83,59.98
70,240,F,113,75.02
80,240,F,147,85.00
90,240,F,185,95.00
100,240,F,226,102.47
110,240,F,271,112.53
120,240,F,320,122.49
130,240,F,372,129.97
140,240,F,427,137.54
150,240,F,486,147.49
160,240,F,546,149.97
170,240,F,607,152.52
180,240,F,670,157.50
190,240,F,738,169.98
200,240,F,811,182.54
210,240,F,879,169.97
220,240,F,947,170.05
230,240,F,1014,167.50
240,240,F,1088,184.93
250,240,F,1163,187.54
260,240,F,1238,187.50
270,240,F,1315,192.46
280,240,F,1394,197.52
290,240,F,1472,195.04
300,240,F,1551,197.50
310,240,F,1633,204.98
320,240,F,1715,205.00
330,240,F,1796,202.48
340,240,F,1877,202.54
350,240,F,1956,197.48
360,240,F,2035,197.54
370,240,F,2115,200.00
380,240,F,2197,205.00
390,240,F,2281,210.00
400,240,F,2364,207.46
410,240,F,2447,207.46
420,240,F,2530,207.54
430,240,F,2614,210.02
440,240,F,2699,212.52
450,240,F,2785,214.98
460,240,F,2874,222.52
470,240,F,2961,217.43
480,240,F,3046,212.48
490,240,F,3134,220.09
500,240,F,3227,232.36
510,240,F,3313,215.13
520,240,F,3392,197.50
530,240,F,3480,219.98
540,240,F,3567,217.50
550,240,F,3654,217.52
560,240,F,3742,219.93
570,240,F,3829,217.57
580,240,F,3916,217.46
590,240,F,4005,222.50
600,240,F,4095,225.00
610,240,F,4182,217.52
620,240,F,4269,217.46
630,240,F,4354,212.56
640,240,F,4437,207.44
650,240,F,4521,210.04
660,240,F,4608,217.52
670,240,F,4696,219.91
680,240,F,4782,215.09
690,240,F,4869,217.37
700,240,F,4955,215.11
710,240,F,5043,219.93
720,240,F,5130,217.54
730,240,F,5220,225.00
740,240,F,5309,222.54
750,240,F,5398,222.48
760,240,F,5486,219.98
770,240,F,5581,237.55
780,240,F,5670,222.48
790,240,F,5754,210.02
800,240,F,5838,209.98
810,240,F,5927,222.52
820,240,F,6016,222.30
830,240,F,6104,220.00
840,240,F,6193,222.63
850,240,F,6281,220.02
860,240,F,6370,222.48
870,240,F,6460,225.00
880,240,F,6549,222.54
890,240,F,6636,217.52
900,240,F,6722,215.00
910,240,F,6807,212.29
920,240,F,6891,210.17
930,240,F,6978,217.46
940,240,F,7066,220.00
950,240,F,7153,217.59
960,240,F,7239,214.94
970,240,F,7327,220.00
980,240,F,7414,217.52
990,240,F,7502,220.00
1000,240,F,7591,222.54
1010,240,F,7682,227.45
1020,240,F,7771,222.48
1030,240,F,7859,220.00
1040,240,F,7951,230.05
1050,240,F,8044,232.45
1060,240,F,8131,217.48
1070,240,F,8212,202.52
1080,240,F,8302,225.02
1090,240,F,8390,219.98
1100,240,F,8479,222.46
1110,240,F,8568,222.54
1120,240,F,8656,219.98
1130,240,F,8744,220.02
1140,240,F,8835,227.55
1150,240,F,8925,224.82
1160,240,F,9013,220.13
1170,240,F,9099,215.04
1180,240,F,9185,214.96
1190,240,F,9269,210.02
1200,240,F,9355,214.96
1210,240,F,9442,217.52
1220,240,F,9530,220.07
1230,240,F,9617,217.46
1240,240,F,9704,217.50
1250,240,F,9792,220.02
1260,240,F,9879,217.46
1270,240,F,9969,224.91
1280,240,F,10059,225.07
1290,240,F,10149,225.07
1300,240,F,10237,219.96
1310,240,F,10326,222.50
1320,240,F,10423,242.52
1330,240,F,10509,214.98
1340,240,F,10590,202.50
1350,240,F,10680,225.05
1360,240,F,10768,219.96
1370,240,F,10857,222.37
1380,240,F,10946,222.68
1390,240,F,11034,220.02
1400,240,F,11122,220.00
1410,240,F,11212,225.00
1420,240,F,11303,227.41
1430,240,F,11392,222.57
1440,240,F,11479,217.52
1450,240,F,11564,212.44
1460,240,F,11648,210.06
1470,240,F,11733,212.44
1480,240,F,11821,219.98
1490,240,F,11909,220.02
1500,240,F,11996,217.57
1510,240,F,12083,217.48
1520,240,F,12171,220.00
1530,240,F,12259,220.00
1540,240,F,12348,222.37
1550,240,F,12438,225.11
1560,240,F,12528,225.02
1570,240,F,12617,222.48
1580,240,F,12705,219.96
1590,240,F,12802,242.50
1600,240,F,12890,220.07
1610,240,F,12971,202.50
1620,240,F,13059,219.93
1630,240,F,13149,225.07
1640,240,F,13236,217.46
1650,240,F,13325,222.54
1660,240,F,13414,222.43
1670,240,F,13503,222.59
1680,240,F,13592,222.41
1690,240,F,13684,230.00
1700,240,F,13773,222.37
1710,240,F,13860,217.72
1720,240,F,13945,212.50
1730,240,F,14029,209.96
1740,240,F,14114,212.52
1750,240,F,14201,217.48
1760,240,F,14290,222.52
1770,240,F,14377,217.52
1780,240,F,14464,217.48
1790,240,F,14551,217.46
1800,240,F,14639,220.00
1810,240,F,14727,220.02
1820,240,F,14817,224.98
1830,240,F,14907,225.02
1840,240,F,14996,222.54
1850,240,F,15086,224.91
1860,240,F,15181,237.57
1870,240,F,15270,222.46
1880,240,F,15355,212.54
1890,240,F,15439,209.96
1900,240,F,15528,222.57
1910,240,F,15617,222.41
1920,240,F,15705,220.02
1930,240,F,15795,225.00
1940,240,F,15883,220.02
1950,240,F,15973,225.00
1960,240,F,16063,225.00
1970,240,F,16153,225.02
1980,240,F,16240,217.43
1990,240,F,16326,215.09
2000,240,F,16410,210.00
2010,240,F,16495,212.48
2020,240,F,16582,217.50
2030,240,F,16670,219.96
2040,240,F,16758,220.00
2050,240,F,16844,215.06
2060,240,F,16932,219.93
2070,240,F,17019,217.57
2080,240,F,17107,219.96
2090,240,F,17197,224.96
2100,240,F,17288,227.52
2110,240,F,17377,222.52
2120,240,F,17466,222.48
2130,240,F,17557,227.57
2140,240,F,17651,235.00
2150,240,F,17737,214.96
2160,240,F,17819,204.96
2170,240,F,17909,225.07
2180,240,F,17997,220.02
2190,240,F,18086,222.48
2200,240,F,18176,224.98
2210,240,F,18264,220.02
2220,240,F,18353,222.46
2230,240,F,18443,225.00
2240,240,F,18533,225.07
2250,240,F,18622,222.50
2260,240,F,18708,214.98
2270,240,F,18793,212.48
2280,240,F,18877,210.00
2290,240,F,18964,217.48
2300,240,F,19052,220.00
2310,240,F,19140,220.02
2320,240,F,19226,214.98
2330,240,F,19313,217.52
2340,240,F,19401,219.98
2350,240,F,19489,220.00
2360,240,F,19578,222.57
2370,240,F,19669,227.50
2380,240,F,19759,224.96
2390,240,F,19847,219.98
2400,240,F,19936,222.52
2410,240,F,20033,242.55
2420,240,F,20120,217.41
2430,240,F,20200,200.08
2440,240,F,20291,227.50
2450,240,F,20379,219.96
2460,240,F,20467,220.00
2470,240,F,20557,225.00
2480,240,F,20645,220.02
2490,240,F,20734,222.48
2500,240,F,20824,224.98
2510,240,F,20914,225.00
2520,240,F,21003,222.57
2530,240,F,21089,215.00
2540,240,F,21175,214.98
2550,240,F,21259,209.96
2560,240,F,21344,212.54
2570,240,F,21432,220.00
2580,240,F,21520,219.87
2590,240,F,21607,217.61
2600,240,F,21693,215.02
2610,240,F,21781,220.00
2620,240,F,21868,217.50
2630,240,F,21957,222.52
2640,240,F,22048,227.45
2650,240,F,22138,225.02
2660,240,F,22226,219.96
2670,240,F,22314,220.04
2680,240,F,22411,242.50
2690,240,F,22498,217.50
2700,240,F,22583,212.46
2710,240,F,22668,212.56
2720,240,F,22757,222.34
2730,240,F,22844,217.63
2740,240,F,22933,222.52
2750,240,F,23022,222.50
2760,240,F,23110,219.98
2770,240,F,23199,222.46
2780,240,F,23290,227.57
2790,240,F,23379,222.43
2800,240,F,23466,217.54
2810,240,F,23551,212.46
2820,240,F,23635,210.06
2830,240,F,23720,212.31
2840,240,F,23807,217.63
2850,240,F,23895,220.04
2860,240,F,23982,217.50
2870,240,F,24069,217.52
2880,240,F,24156,217.48
2890,240,F,24244,220.00
2900,240,F,24332,219.91
2910,240,F,24422,225.11
2920,240,F,24512,224.82
2930,240,F,24601,222.68
2940,240,F,24689,219.93
2950,240,F,24784,237.55
2960,240,F,24874,224.98
2970,240,F,24959,212.48
2980,240,F,25042,207.54
2990,240,F,25131,222.52
3000,180,F,25219,219.96
3010,180,F,25307,219.96
3020,180,F,25394,217.57
3030,180,F,25479,212.44
3040,180,F,25563,210.04
3050,180,F,25646,207.52
3060,180,F,25728,205.00
3070,180,F,25807,197.50
3080,180,F,25884,192.48
3090,180,F,25958,185.04
3100,180,F,26030,179.95
3110,180,F,26102,180.05
3120,180,F,26174,180.00
3130,180,F,26247,182.45
3140,180,F,26318,177.41
3150,180,F,26387,172.59
3160,180,F,26456,172.55
3170,180,F,26524,169.98
3180,180,F,26591,167.45
3190,180,F,26657,165.02
3200,180,F,26723,165.00
3210,180,F,26788,162.53
3220,180,F,26855,167.52
3230,180,F,26919,159.98
3240,180,F,26983,160.00
3250,180,F,27044,152.47
3260,180,F,27106,155.02
3270,180,F,27175,172.53
3280,180,F,27235,149.99
3290,180,F,27294,147.50
3300,180,F,27350,140.00
3310,180,F,27403,132.47
3320,180,F,27462,147.53
3330,180,F,27520,145.01
3340,180,F,27577,142.50
3350,180,F,27634,142.50
3360,180,F,27690,139.99
3370,180,F,27746,140.00
3380,180,F,27801,137.49
3390,180,F,27856,137.49
3400,180,F,27910,135.01
3410,180,F,27964,134.99
3420,180,F,28018,135.00
3430,180,F,28073,137.53
3440,180,F,28125,129.97
3450,180,F,28178,132.51
3460,180,F,28228,125.03
3470,180,F,28279,127.49
3480,180,F,28328,122.49
3490,180,F,28377,122.51
3500,180,F,28424,117.51
3510,180,F,28472,120.00
3520,180,F,28520,119.96
3530,180,F,28570,125.04
3540,180,F,28618,120.00
3550,180,F,28668,124.99
3560,180,F,28716,120.00
3570,180,F,28764,120.00
3580,180,F,28811,117.49
3590,180,F,28859,120.01
3600,180,F,28905,114.98
3610,180,F,28953,120.00
3620,180,F,28999,115.01
3630,180,F,29046,117.50
3640,180,F,29092,115.02
3650,180,F,29138,114.97
3660,180,F,29185,117.51
3670,180,F,29232,117.52
3680,180,F,29278,114.98
3690,180,F,29324,114.99
3700,180,F,29370,115.02
3710,180,F,29414,110.01
3720,180,F,29459,112.49
3730,180,F,29503,110.01
3740,180,F,29552,122.49
3750,180,F,29601,122.48
3760,180,F,29645,110.01
3770,180,F,29689,109.99
3780,180,F,29732,107.50
3790,180,F,29770,95.00
3800,180,F,29813,107.53
3810,180,F,29858,112.49
3820,180,F,29902,110.00
3830,180,F,29947,112.49
3840,180,F,29990,107.49
3850,180,F,30034,110.01
3860,180,F,30078,110.01
3870,180,F,30121,107.51
3880,180,F,30165,110.00
3890,180,F,30208,107.50
3900,180,F,30251,107.48
3910,180,F,30293,105.00
3920,180,F,30336,107.52
3930,180,F,30380,109.97
3940,180,F,30422,105.00
3950,180,F,30466,110.00
3960,180,F,30508,105.00
3970,180,F,30551,107.46
3980,180,F,30592,102.54
3990,180,F,30632,100.02
4000,180,F,30673,102.48
4010,180,F,30713,100.03
4020,180,F,30753,99.96
4030,180,F,30793,100.04
4040,180,F,30832,97.49
4050,180,F,30871,97.51
4060,180,F,30911,99.99
4070,180,F,30951,99.98
4080,180,F,30991,100.00
4090,180,F,31033,105.02
4100,180,F,31074,102.48
4110,180,F,31114,100.01
4120,180,F,31155,102.51
4130,180,F,31195,99.99
4140,180,F,31235,100.01
4150,180,F,31275,99.98
4160,180,F,31315,100.00
4170,180,F,31355,100.01
4180,180,F,31395,100.01
4190,180,F,31435,99.98
4200,180,F,31474,97.49
4210,180,F,31513,97.54
4220,180,F,31554,102.47
4230,180,F,31593,97.53
4240,180,F,31634,102.48
4250,180,F,31674,100.02
4260,180,F,31713,97.48
4270,180,F,31753,99.99
4280,180,F,31792,97.51
4290,180,F,31830,95.02
4300,180,F,31869,97.47
4310,180,F,31908,97.50
4320,180,F,31952,109.99
4330,180,F,31995,107.53
4340,180,F,32034,97.50
4350,180,F,32074,99.98
4360,180,F,32112,95.03
4370,180,F,32148,89.99
4380,180,F,32183,87.50
4390,180,F,32223,99.99
4400,180,F,32263,99.99
4410,180,F,32302,97.50
4420,180,F,32343,102.52
4430,180,F,32382,97.50
4440,180,F,32421,97.50
4450,180,F,32461,99.99
4460,180,F,32500,97.52
4470,180,F,32540,99.99
4480,180,F,32580,99.98
4490,180,F,32618,95.01
4500,180,F,32658,99.99
4510,180,F,32696,95.00
4520,180,F,32735,97.53
4530,180,F,32775,99.97
4540,180,F,32814,97.51
4550,180,F,32854,100.01
4560,180,F,32894,100.00
4570,180,F,32932,94.97
4580,180,F,32971,97.52
4590,180,F,33009,95.01
4600,180,F,33046,92.50
4610,180,F,33084,94.99
4620,180,F,33121,92.50
4630,180,F,33158,92.51
4640,180,F,33195,92.48
4650,180,F,33231,90.03
4660,180,F,33267,89.97
4670,180,F,33305,95.03
4680,180,F,33342,92.48
4690,180,F,33380,94.99
4700,180,F,33419,97.52
4710,180,F,33457,95.00
4720,180,F,33496,97.48
4730,180,F,33534,95.01
4740,180,F,33572,95.00
4750,180,F,33610,94.99
4760,180,F,33648,95.03
4770,180,F,33685,92.47
4780,180,F,33724,97.46
4790,180,F,33762,95.05
4800,180,F,33799,92.51
4810,180,F,33837,95.00
4820,180,F,33874,92.49
4830,180,F,33912,95.02
4840,180,F,33950,94.97
4850,180,F,33988,95.02
4860,180,F,34027,97.47
4870,180,F,34065,95.03
4880,180,F,34103,94.98
4890,180,F,34142,97.51
4900,180,F,34179,92.52
4910,180,F,34217,94.97
4920,180,F,34254,92.52
4930,180,F,34291,92.49
4940,180,F,34331,99.96
4950,180,F,34376,112.55
4960,180,F,34414,95.02
4970,180,F,34453,97.50
4980,180,F,34491,94.98
4990,180,F,34527,90.01
5000,180,F,34559,80.00
5010,180,F,34597,94.97
5020,180,F,34637,100.02
5030,180,F,34676,97.52
5040,180,F,34715,97.47
5050,180,F,34755,100.00
5060,180,F,34793,95.00
5070,180,F,34831,95.03
5080,180,F,34870,97.48
5090,180,F,34909,97.49
5100,180,F,34948,97.52
5110,180,F,34987,97.50
5120,180,F,35025,94.98
5130,180,F,35064,97.51
5140,180,F,35102,95.02
5150,180,F,35140,95.00
5160,180,F,35180,99.99
5170,180,F,35218,94.98
5180,180,F,35258,100.01
5190,180,F,35297,97.49
5200,180,F,35335,95.01
5210,180,F,35373,95.01
5220,180,F,35410,92.49
5230,180,F,35448,95.02
5240,180,F,35485,92.49
5250,180,F,35522,92.51
5260,180,F,35558,89.96
5270,180,F,35595,92.52
5280,180,F,35631,90.00
5290,180,F,35667,90.00
5300,180,F,35704,92.49
5310,180,F,35742,95.01
5320,180,F,35780,94.99
5330,180,F,35818,95.03
5340,180,F,35857,97.49
5350,180,F,35895,95.01
5360,180,F,35933,94.96
5370,180,F,35971,95.01
5380,180,F,36009,95.01
5390,180,F,36047,94.99
5400,180,F,36084,92.52
5410,180,F,36123,97.50
5420,180,F,36161,95.01
5430,180,F,36198,92.50
5440,180,F,36237,97.49
5450,180,F,36274,92.51
5460,180,F,36311,92.50
5470,180,F,36350,97.49
5480,180,F,36388,94.98
5490,180,F,36427,97.52
5500,180,F,36465,95.00
5510,180,F,36503,94.99
5520,180,F,36541,95.01
5530,180,F,36579,95.00
5540,180,F,36616,92.51
5550,180,F,36654,94.97
5560,180,F,36691,92.53
5570,180,F,36730,97.47
5580,180,F,36776,114.99
5590,180,F,36814,95.03
5600,180,F,36852,95.01
5610,180,F,36891,97.48
5620,180,F,36927,90.02
5630,180,F,36959,79.98
5640,180,F,36997,94.99
5650,180,F,37037,100.01
5660,180,F,37077,100.00
5670,180,F,37115,94.99
5680,180,F,37155,100.02
5690,180,F,37193,94.99
5700,180,F,37232,97.49
5710,180,F,37271,97.51
5720,180,F,37309,95.01
5730,180,F,37349,99.99
5740,180,F,37387,94.99
5750,180,F,37426,97.53
5760,180,F,37464,95.00
5770,180,F,37502,94.97
5780,180,F,37541,97.52
5790,180,F,37581,99.98
5800,180,F,37619,95.00
5810,180,F,37659,100.02
5820,180,F,37698,97.50
5830,180,F,37736,95.00
5840,180,F,37774,94.98
5850,180,F,37811,92.50
5860,180,F,37849,94.95
5870,180,F,37886,92.55
5880,180,F,37922,90.03
5890,180,F,37959,92.50
5900,180,F,37996,92.50
5910,180,F,38032,89.97
5920,180,F,38068,90.02
5930,180,F,38105,92.48
5940,180,F,38142,92.52
5950,180,F,38180,94.99
5960,180,F,38218,95.00
5970,180,F,38257,97.50
5980,180,F,38295,95.02
5990,180,F,38333,94.98
6000,180,F,38371,95.01
6010,180,F,38408,92.48
6020,180,F,38446,95.00
6030,180,F,38483,92.50
6040,180,F,38522,97.53
6050,180,F,38559,92.48
6060,180,F,38596,92.49
6070,180,F,38635,97.52
6080,180,F,38672,92.51
6090,180,F,38709,92.48
6100,180,F,38747,94.99
6110,180,F,38785,95.01
6120,180,F,38823,94.99
6130,180,F,38862,97.49
6140,180,F,38899,92.52
6150,180,F,38937,95.01
6160,180,F,38975,95.01
6170,180,F,39012,92.48
6180,180,F,39049,92.52
6190,180,F,39087,94.98
6200,180,F,39125,95.01
6210,180,F,39171,114.99
6220,180,F,39209,94.99
6230,180,F,39246,92.52
6240,180,F,39284,94.99
6250,180,F,39321,92.52
6260,180,F,39353,79.98
6270,180,F,39391,95.01
6280,180,F,39430,97.48
6290,180,F,39469,97.51
6300,180,F,39507,94.99
6310,180,F,39547,100.03
6320,180,F,39585,94.98
6330,180,F,39623,95.02
6340,180,F,39662,97.47
6350,180,F,39700,95.03
6360,180,F,39740,99.99
6370,180,F,39778,95.01
6380,180,F,39816,94.97
6390,180,F,39855,97.53
6400,180,F,39893,95.00
6410,180,F,39931,94.99
6420,180,F,39970,97.50
6430,180,F,40009,97.51
6440,180,F,40048,97.50
6450,180,F,40087,97.49
6460,180,F,40124,92.50
6470,180,F,40163,97.50
6480,180,F,40200,92.48
6490,180,F,40237,92.53
6500,180,F,40274,92.49
6510,180,F,40311,92.49
6520,180,F,40347,90.02
6530,180,F,40384,92.48
6540,180,F,40419,87.51
6550,180,F,40456,92.49
6560,180,F,40492,89.99
6570,180,F,40529,92.52
6580,180,F,40567,94.99
6590,180,F,40605,94.98
6600,180,F,40643,95.04
6610,180,F,40682,97.49
6620,180,F,40719,92.49
6630,180,F,40757,95.02
6640,180,F,40794,92.46
6650,180,F,40832,95.04
6660,180,F,40870,94.98
6670,180,F,40907,92.51
6680,180,F,40945,94.99
6690,180,F,40983,95.01
6700,180,F,41020,92.49
6710,180,F,41057,92.52
6720,180,F,41094,92.47
6730,180,F,41132,95.02
6740,180,F,41170,95.01
6750,180,F,41208,94.97
6760,180,F,41246,95.02
6770,180,F,41285,97.48
6780,180,F,41322,92.50
6790,180,F,41360,95.03
6800,180,F,41397,92.50
6810,180,F,41434,92.48
6820,180,F,41472,95.02
6830,180,F,41508,90.00
6840,180,F,41551,107.47
6850,180,F,41594,107.50
6860,180,F,41630,90.03
6870,180,F,41669,97.48
6880,180,F,41706,92.50
6890,180,F,41739,82.52
6900,180,F,41775,89.97
6910,180,F,41812,92.52
6920,180,F,41852,100.00
6930,180,F,41891,97.49
6940,180,F,41929,95.01
6950,180,F,41968,97.50
6960,180,F,42006,94.98
6970,180,F,42044,95.02
6980,180,F,42083,97.51
6990,180,F,42122,97.43
7000,180,F,42160,95.04
7010,180,F,42199,97.50
7020,180,F,42237,95.03
7030,180,F,42275,95.00
7040,180,F,42313,94.98
7050,180,F,42352,97.52
7060,180,F,42390,95.00
7070,180,F,42430,99.99
7080,180,F,42469,97.50
7090,180,F,42507,94.98
7100,180,F,42546,97.50
7110,180,F,42583,92.49
7120,180,F,42621,95.00
7130,180,F,42658,92.52
7140,180,F,42694,90.02
7150,180,F,42732,94.96
7160,180,F,42768,90.00
7170,180,F,42804,90.01
7180,180,F,42841,92.44
7190,180,F,42877,90.08
7200,180,F,42914,92.48
7210,180,F,42952,95.02
7220,180,F,42989,92.48
7230,180,F,43028,97.48
7240,180,F,43067,97.50
7250,180,F,43104,92.51
7260,180,F,43143,97.53
7270,180,F,43181,94.97
7280,180,F,43218,92.50
7290,180,F,43257,97.51
7300,180,F,43294,92.49
7310,180,F,43332,95.02
7320,180,F,43371,97.50
7330,180,F,43408,92.51
7340,180,F,43447,97.45
7350,180,F,43484,92.52
7360,180,F,43521,92.49
7370,180,F,43560,97.53
7380,180,F,43598,95.01
7390,180,F,43637,97.48
7400,180,F,43676,97.50
7410,180,F,43714,95.00
7420,180,F,43752,95.02
7430,180,F,43790,94.98
7440,180,F,43827,92.52
7450,180,F,43865,94.99
7460,180,F,43903,94.95
7470,180,F,43944,102.53
7480,180,F,43989,112.50
7490,180,F,44025,90.02
7500,180,F,44065,99.98
7510,180,F,44103,94.95
7520,180,F,44138,87.57
7530,180,F,44172,84.97
7540,180,F,44210,95.02
7550,180,F,44250,99.98
7560,180,F,44290,100.02
7570,180,F,44329,97.49
7580,180,F,44368,97.49
7590,180,F,44406,95.03
7600,180,F,44445,97.47
7610,180,F,44484,97.50
7620,180,F,44523,97.51
7630,180,F,44563,100.00
7640,180,F,44602,97.50
7650,180,F,44640,94.99
7660,180,F,44679,97.50
7670,180,F,44718,97.44
7680,180,F,44756,95.05
7690,180,F,44795,97.54
7700,180,F,44835,100.00
7710,180,F,44874,97.50
7720,180,F,44913,97.50
7730,180,F,44952,97.48
7740,180,F,44990,94.99
7750,180,F,45027,92.52
7760,180,F,45065,94.99
7770,180,F,45102,92.52
7780,180,F,45139,92.46
7790,180,F,45176,92.50
7800,180,F,45212,90.00
7810,180,F,45249,92.53
7820,180,F,45286,92.48
7830,180,F,45323,92.51
7840,180,F,45361,94.98
7850,180,F,45399,95.01
7860,180,F,45438,97.53
7870,180,F,45477,97.49
7880,180,F,45515,95.00
7890,180,F,45554,97.48
7900,180,F,45592,95.03
7910,180,F,45630,95.00
7920,180,F,45668,94.96
7930,180,F,45706,95.02
7940,180,F,45744,94.99
7950,180,F,45782,95.00
7960,180,F,45820,94.99
7970,180,F,45858,95.04
7980,180,F,45896,95.00
7990,180,F,45934,94.98
=== END ===
# Trial 33 of 46: step_down_fwd_240to180_run02
=== START step_down_fwd_240to180_run02 ===
t_ms,pwm_cmd,dir,enc_count,rpm
0,240,F,0,0.00
10,240,F,1,2.50
20,240,F,7,15.00
30,240,F,20,32.50
40,240,F,37,42.49
50,240,F,58,52.50
60,240,F,83,62.50
70,240,F,111,70.01
80,240,F,140,72.50
90,240,F,179,97.49
100,240,F,222,107.50
110,240,F,269,117.49
120,240,F,318,122.52
130,240,F,370,129.99
140,240,F,425,137.50
150,240,F,482,142.47
160,240,F,542,150.05
170,240,F,603,152.48
180,240,F,666,157.50
190,240,F,732,165.03
200,240,F,800,169.97
210,240,F,871,177.54
220,240,F,941,174.98
230,240,F,1011,174.97
240,240,F,1082,177.54
250,240,F,1153,177.52
260,240,F,1225,179.95
270,240,F,1298,182.43
280,240,F,1373,187.59
290,240,F,1451,194.96
300,240,F,1529,195.02
310,240,F,1606,192.50
320,240,F,1685,197.52
330,240,F,1765,199.98
340,240,F,1845,200.00
350,240,F,1927,205.00
360,240,F,2011,210.00
370,240,F,2094,207.50
380,240,F,2178,210.04
390,240,F,2262,209.92
400,240,F,2350,220.04
410,240,F,2437,217.52
420,240,F,2519,205.00
430,240,F,2597,194.86
440,240,F,2683,215.17
450,240,F,2768,212.46
460,240,F,2853,212.48
470,240,F,2939,215.02
480,240,F,3024,212.52
490,240,F,3110,215.04
500,240,F,3197,217.48
510,240,F,3285,219.98
520,240,F,3371,215.04
530,240,F,3456,212.46
540,240,F,3539,207.46
550,240,F,3621,205.02
560,240,F,3704,207.48
570,240,F,3790,215.00
580,240,F,3877,217.59
590,240,F,3962,212.50
600,240,F,4047,212.50
610,240,F,4133,214.98
620,240,F,4219,214.96
630,240,F,4305,215.02
640,240,F,4394,222.48
650,240,F,4483,222.57
660,240,F,4571,219.98
670,240,F,4659,219.98
680,240,F,4749,225.02
690,240,F,4841,229.95
700,240,F,4926,212.56
710,240,F,5007,202.48
720,240,F,5095,220.00
730,240,F,5183,219.93
740,240,F,5271,220.02
750,240,F,5359,220.04
760,240,F,5446,217.52
770,240,F,5533,217.46
780,240,F,5623,225.00
790,240,F,5712,222.39
800,240,F,5799,217.57
810,240,F,5884,212.59
820,240,F,5968,209.98
830,240,F,6051,207.46
840,240,F,6137,214.87
850,240,F,6223,215.19
860,240,F,6310,217.46
870,240,F,6396,215.04
880,240,F,6482,214.98
890,240,F,6569,217.50
900,240,F,6656,217.46
910,240,F,6744,220.07
920,240,F,6834,224.96
930,240,F,6923,222.52
940,240,F,7010,217.52
950,240,F,7098,219.96
960,240,F,7195,242.45
970,240,F,7281,215.02
980,240,F,7362,202.52
990,240,F,7449,217.46
1000,240,F,7537,220.04
1010,240,F,7624,217.50
1020,240,F,7713,222.50
1030,240,F,7800,217.54
1040,240,F,7888,220.00
1050,240,F,7976,219.98
1060,240,F,8066,225.02
1070,240,F,8154,219.93
1080,240,F,8240,215.00
1090,240,F,8325,212.50
1100,240,F,8408,207.52
1110,240,F,8492,210.04
1120,240,F,8578,214.96
1130,240,F,8666,220.02
1140,240,F,8753,217.48
1150,240,F,8839,215.00
1160,240,F,8925,215.04
1170,240,F,9012,217.50
1180,240,F,9099,217.43
1190,240,F,9188,222.54
1200,240,F,9278,224.98
1210,240,F,9367,222.52
1220,240,F,9454,217.50
1230,240,F,9545,227.50
1240,240,F,9637,229.95
1250,240,F,9722,212.56
1260,240,F,9804,205.00
1270,240,F,9892,220.00
1280,240,F,9981,222.46
1290,240,F,10069,219.98
1300,240,F,10157,219.98
1310,240,F,10245,220.02
1320,240,F,10332,217.54
1330,240,F,10422,225.02
1340,240,F,10510,219.96
1350,240,F,10598,219.98
1360,240,F,10683,212.48
1370,240,F,10768,212.39
1380,240,F,10851,207.65
1390,240,F,10936,212.50
1400,240,F,11023,217.52
1410,240,F,11110,217.52
1420,240,F,11196,214.91
1430,240,F,11282,215.04
1440,240,F,11369,217.48
1450,240,F,11456,217.52
1460,240,F,11544,220.02
1470,240,F,11634,224.98
1480,240,F,11723,222.48
1490,240,F,11811,219.98
1500,240,F,11898,217.54
1510,240,F,11995,242.50
1520,240,F,12081,215.00
1530,240,F,12163,205.00
1540,240,F,12249,215.00
1550,240,F,12338,222.54
1560,240,F,12425,217.46
1570,240,F,12513,220.04
1580,240,F,12601,220.00
1590,240,F,12688,217.46
1600,240,F,12777,222.50
1610,240,F,12867,225.02
1620,240,F,12955,220.02
1630,240,F,13041,214.91
1640,240,F,13126,212.52
1650,240,F,13209,207.52
1660,240,F,13293,210.00
1670,240,F,13379,215.02
1680,240,F,13467,219.96
1690,240,F,13553,215.04
1700,240,F,13640,217.35
1710,240,F,13726,215.09
1720,240,F,13813,217.57
1730,240,F,13899,215.00
1740,240,F,13988,222.48
1750,240,F,14079,227.34
1760,240,F,14167,220.18
1770,240,F,14255,219.82
1780,240,F,14345,225.20
1790,240,F,14438,232.45
1800,240,F,14523,212.46
1810,240,F,14605,205.00
1820,240,F,14693,220.04
1830,240,F,14782,222.50
1840,240,F,14869,217.48
1850,240,F,14958,222.54
1860,240,F,15046,219.96
1870,240,F,15133,217.57
1880,240,F,15223,225.00
1890,240,F,15312,222.43
1900,240,F,15400,220.07
1910,240,F,15485,212.44
1920,240,F,15570,212.54
1930,240,F,15653,207.52
1940,240,F,15739,214.98
1950,240,F,15826,217.46
1960,240,F,15913,217.52
1970,240,F,16000,217.37
1980,240,F,16086,215.17
1990,240,F,16173,217.48
2000,240,F,16261,219.96
2010,240,F,16349,220.02
2020,240,F,16439,225.02
2030,240,F,16529,224.96
2040,240,F,16616,217.50
2050,240,F,16705,222.50
2060,240,F,16802,242.52
2070,240,F,16889,217.54
2080,240,F,16968,197.46
2090,240,F,17057,222.50
2100,240,F,17146,222.50
2110,240,F,17233,217.52
2120,240,F,17321,220.02
2130,240,F,17409,219.96
2140,240,F,17497,220.02
2150,240,F,17586,222.48
2160,240,F,17677,227.48
2170,240,F,17765,219.93
2180,240,F,17851,215.11
2190,240,F,17936,212.50
2200,240,F,18019,207.48
2210,240,F,18103,210.00
2220,240,F,18190,217.54
2230,240,F,18278,219.91
2240,240,F,18365,217.59
2250,240,F,18451,214.96
2260,240,F,18538,217.54
2270,240,F,18626,219.80
2280,240,F,18713,217.65
2290,240,F,18802,222.48
2300,240,F,18892,225.07
2310,240,F,18980,219.91
2320,240,F,19069,222.52
2330,240,F,19163,235.05
2340,240,F,19253,225.00
2350,240,F,19336,207.48
2360,240,F,19420,209.98
2370,240,F,19509,222.52
2380,240,F,19597,220.02
2390,240,F,19685,219.98
2400,240,F,19773,219.98
2410,240,F,19861,220.02
2420,240,F,19950,222.50
2430,240,F,20040,225.02
2440,240,F,20129,222.50
2450,240,F,20215,214.98
2460,240,F,20301,215.04
2470,240,F,20385,209.98
2480,240,F,20469,210.02
2490,240,F,20555,214.96
2500,240,F,20643,220.02
2510,240,F,20730,217.48
2520,240,F,20816,214.96
2530,240,F,20903,217.50
2540,240,F,20989,215.02
2550,240,F,21077,220.00
2560,240,F,21165,220.02
2570,240,F,21256,227.52
2580,240,F,21345,222.48
2590,240,F,21432,217.50
2600,240,F,21521,222.50
2610,240,F,21617,239.98
2620,240,F,21704,217.43
2630,240,F,21783,197.56
2640,240,F,21873,225.02
2650,240,F,21961,219.98
2660,240,F,22049,220.07
2670,240,F,22137,219.96
2680,240,F,22225,220.04
2690,240,F,22313,220.00
2700,240,F,22402,222.43
2710,240,F,22492,225.02
2720,240,F,22580,220.02
2730,240,F,22666,215.02
2740,240,F,22750,209.96
2750,240,F,22834,209.98
2760,240,F,22918,210.06
2770,240,F,23005,217.46
2780,240,F,23092,217.50
2790,240,F,23179,217.54
2800,240,F,23265,214.98
2810,240,F,23352,217.48
2820,240,F,23439,217.52
2830,240,F,23527,220.00
2840,240,F,23617,224.96
2850,240,F,23706,222.54
2860,240,F,23794,219.98
2870,240,F,23882,219.98
2880,240,F,23978,239.98
2890,240,F,24066,220.04
2900,240,F,24148,205.02
2910,240,F,24234,214.85
2920,240,F,24322,220.18
2930,240,F,24409,217.50
2940,240,F,24498,222.50
2950,240,F,24586,220.00
2960,240,F,24674,219.93
2970,240,F,24763,222.50
2980,240,F,24853,225.00
2990,240,F,24942,222.57
3000,180,F,25028,215.00
3010,180,F,25112,209.98
3020,180,F,25194,204.96
3030,180,F,25274,200.02
3040,180,F,25356,205.02
3050,180,F,25437,202.46
3060,180,F,25517,200.04
3070,180,F,25595,194.84
3080,180,F,25671,190.17
3090,180,F,25747,189.96
3100,180,F,25822,187.46
3110,180,F,25895,182.57
3120,180,F,25970,187.35
3130,180,F,26044,185.11
3140,180,F,26116,180.02
3150,180,F,26186,174.98
3160,180,F,26256,175.04
3170,180,F,26326,175.00
3180,180,F,26400,184.98
3190,180,F,26466,164.97
3200,180,F,26529,157.50
3210,180,F,26588,147.54
3220,180,F,26654,164.95
3230,180,F,26718,160.05
3240,180,F,26780,154.98
3250,180,F,26843,157.47
3260,180,F,26904,152.55
3270,180,F,26966,155.00
3280,180,F,27026,149.94
3290,180,F,27085,147.56
3300,180,F,27145,150.00
3310,180,F,27204,147.49
3320,180,F,27263,147.47
3330,180,F,27321,144.96
3340,180,F,27377,140.03
3350,180,F,27432,137.56
3360,180,F,27485,132.49
3370,180,F,27539,134.97
3380,180,F,27590,127.53
3390,180,F,27642,129.99
3400,180,F,27694,130.03
3410,180,F,27746,129.95
3420,180,F,27799,132.51
3430,180,F,27852,132.54
3440,180,F,27903,127.46
3450,180,F,27954,127.54
3460,180,F,28005,127.50
3470,180,F,28055,125.00
3480,180,F,28105,125.00
3490,180,F,28155,124.99
3500,180,F,28204,122.49
3510,180,F,28253,122.51
3520,180,F,28302,122.46
3530,180,F,28352,125.03
3540,180,F,28401,122.51
3550,180,F,28450,122.50
3560,180,F,28499,122.45
3570,180,F,28547,120.02
3580,180,F,28594,117.54
3590,180,F,28641,117.50
3600,180,F,28687,114.98
3610,180,F,28737,124.99
3620,180,F,28790,132.49
3630,180,F,28836,115.00
3640,180,F,28881,112.55
3650,180,F,28925,109.99
3660,180,F,28965,99.99
3670,180,F,29011,115.00
3680,180,F,29058,117.50
3690,180,F,29103,112.51
3700,180,F,29149,115.01
3710,180,F,29194,112.50
3720,180,F,29239,112.48
3730,180,F,29284,112.48
3740,180,F,29329,112.55
3750,180,F,29374,112.46
3760,180,F,29418,110.02
3770,180,F,29462,110.00
3780,180,F,29505,107.50
3790,180,F,29550,112.51
3800,180,F,29594,109.99
3810,180,F,29638,110.00
3820,180,F,29682,110.02
3830,180,F,29725,107.48
3840,180,F,29767,105.01
3850,180,F,29809,105.00
3860,180,F,29851,104.99
3870,180,F,29892,102.49
3880,180,F,29932,100.00
3890,180,F,29972,100.00
3900,180,F,30012,100.02
3910,180,F,30052,100.00
3920,180,F,30092,100.00
3930,180,F,30133,102.50
3940,180,F,30174,102.49
3950,180,F,30216,105.02
3960,180,F,30258,104.98
3970,180,F,30299,102.51
3980,180,F,30340,102.51
3990,180,F,30380,99.97
4000,180,F,30421,102.49
4010,180,F,30461,100.01
4020,180,F,30502,102.52
4030,180,F,30542,100.01
4040,180,F,30582,99.99
4050,180,F,30622,100.01
4060,180,F,30662,99.98
4070,180,F,30701,97.48
4080,180,F,30742,102.50
4090,180,F,30782,100.02
4100,180,F,30823,102.52
4110,180,F,30864,102.47
4120,180,F,30903,97.49
4130,180,F,30943,100.02
4140,180,F,30982,97.52
4150,180,F,31021,97.48
4160,180,F,31061,99.99
4170,180,F,31100,97.52
4180,180,F,31145,112.51
4190,180,F,31188,107.47
4200,180,F,31228,100.01
4210,180,F,31267,97.52
4220,180,F,31305,94.98
4230,180,F,31339,85.02
4240,180,F,31377,95.00
4250,180,F,31417,99.98
4260,180,F,31458,102.52
4270,180,F,31497,97.47
4280,180,F,31538,102.52
4290,180,F,31577,97.48
4300,180,F,31617,100.01
4310,180,F,31657,99.98
4320,180,F,31697,100.04
4330,180,F,31737,99.99
4340,180,F,31776,97.49
4350,180,F,31815,97.48
4360,180,F,31855,100.04
4370,180,F,31894,97.47
4380,180,F,31933,97.49
4390,180,F,31973,100.04
4400,180,F,32013,99.99
4410,180,F,32053,99.98
4420,180,F,32092,97.50
4430,180,F,32131,97.53
4440,180,F,32169,94.99
4450,180,F,32208,97.51
4460,180,F,32245,92.47
4470,180,F,32282,92.51
4480,180,F,32320,95.01
4490,180,F,32357,92.50
4500,180,F,32393,89.98
4510,180,F,32431,95.03
4520,180,F,32467,90.00
4530,180,F,32505,94.97
4540,180,F,32543,95.02
4550,180,F,32581,95.00
4560,180,F,32620,97.49
4570,180,F,32659,97.49
4580,180,F,32697,95.03
4590,180,F,32736,97.47
4600,180,F,32774,95.03
4610,180,F,32812,94.98
4620,180,F,32850,95.02
4630,180,F,32888,94.97
4640,180,F,32926,94.99
4650,180,F,32964,95.04
4660,180,F,33001,92.50
4670,180,F,33040,97.48
4680,180,F,33077,92.52
4690,180,F,33115,94.98
4700,180,F,33154,97.49
4710,180,F,33192,95.02
4720,180,F,33231,97.50
4730,180,F,33269,95.01
4740,180,F,33307,94.99
4750,180,F,33345,95.00
4760,180,F,33382,92.51
4770,180,F,33420,94.99
4780,180,F,33458,94.98
4790,180,F,33495,92.51
4800,180,F,33538,107.48
4810,180,F,33580,105.02
4820,180,F,33619,97.52
4830,180,F,33657,94.98
4840,180,F,33694,92.52
4850,180,F,33729,87.48
4860,180,F,33763,84.98
4870,180,F,33801,95.00
4880,180,F,33841,100.04
4890,180,F,33880,97.48
4900,180,F,33919,97.49
4910,180,F,33957,95.02
4920,180,F,33996,97.49
4930,180,F,34034,94.99
4940,180,F,34073,97.49
4950,180,F,34112,97.52
4960,180,F,34151,97.52
4970,180,F,34189,94.99
4980,180,F,34227,94.99
4990,180,F,34265,94.99
5000,180,F,34303,94.99
5010,180,F,34342,97.52
5020,180,F,34380,95.02
5030,180,F,34419,97.47
5040,180,F,34458,97.53
5050,180,F,34496,94.98
5060,180,F,34535,97.51
5070,180,F,34572,92.49
5080,180,F,34609,92.49
5090,180,F,34646,92.52
5100,180,F,34682,89.99
5110,180,F,34719,92.49
5120,180,F,34755,90.00
5130,180,F,34791,90.00
5140,180,F,34827,90.03
5150,180,F,34863,89.99
5160,180,F,34900,92.48
5170,180,F,34937,92.52
5180,180,F,34974,92.48
5190,180,F,35013,97.52
5200,180,F,35051,94.99
5210,180,F,35088,92.52
5220,180,F,35126,95.00
5230,180,F,35163,92.50
5240,180,F,35200,92.49
5250,180,F,35238,94.97
5260,180,F,35275,92.51
5270,180,F,35312,92.51
5280,180,F,35350,95.02
5290,180,F,35386,90.00
5300,180,F,35424,94.98
5310,180,F,35460,89.98
5320,180,F,35497,92.51
5330,180,F,35535,95.03
5340,180,F,35572,92.47
5350,180,F,35610,95.03
5360,180,F,35648,94.97
5370,180,F,35685,92.50
5380,180,F,35723,95.03
5390,180,F,35760,92.48
5400,180,F,35797,92.47
5410,180,F,35833,90.05
5420,180,F,35870,92.47
5430,180,F,35907,92.51
5440,180,F,35952,112.50
5450,180,F,35990,94.99
5460,180,F,36029,97.53
5470,180,F,36066,92.50
5480,180,F,36102,89.98
5490,180,F,36136,85.00
5500,180,F,36170,85.01
5510,180,F,36208,95.01
5520,180,F,36246,94.98
5530,180,F,36285,97.50
5540,180,F,36323,95.01
5550,180,F,36361,94.99
5560,180,F,36399,95.01
5570,180,F,36437,95.00
5580,180,F,36475,95.01
5590,180,F,36513,95.00
5600,180,F,36551,94.99
5610,180,F,36589,94.99
5620,180,F,36626,92.52
5630,180,F,36664,94.98
5640,180,F,36701,92.50
5650,180,F,36739,95.02
5660,180,F,36777,94.99
5670,180,F,36816,97.48
5680,180,F,36854,95.03
5690,180,F,36892,94.99
5700,180,F,36929,92.51
5710,180,F,36966,92.47
5720,180,F,37003,92.51
5730,180,F,37039,90.00
5740,180,F,37075,89.99
5750,180,F,37112,92.53
5760,180,F,37147,87.48
5770,180,F,37183,89.99
5780,180,F,37218,87.51
5790,180,F,37254,90.02
5800,180,F,37290,90.00
5810,180,F,37327,92.46
5820,180,F,37364,92.52
5830,180,F,37401,92.49
5840,180,F,37439,95.01
5850,180,F,37477,95.00
5860,180,F,37514,92.50
5870,180,F,37551,92.50
5880,180,F,37588,92.49
5890,180,F,37625,92.53
5900,180,F,37661,89.99
5910,180,F,37698,92.47
5920,180,F,37735,92.54
5930,180,F,37772,92.48
5940,180,F,37809,92.51
5950,180,F,37845,89.99
5960,180,F,37882,92.50
5970,180,F,37919,92.49
5980,180,F,37957,95.01
5990,180,F,37993,90.01
6000,180,F,38032,97.47
6010,180,F,38069,92.53
6020,180,F,38106,92.49
6030,180,F,38143,92.49
6040,180,F,38179,90.01
6050,180,F,38216,92.50
6060,180,F,38253,92.51
6070,180,F,38289,89.99
6080,180,F,38329,99.98
6090,180,F,38373,110.03
6100,180,F,38410,92.48
6110,180,F,38448,95.01
6120,180,F,38484,90.02
6130,180,F,38520,89.99
6140,180,F,38551,77.48
6150,180,F,38589,94.98
6160,180,F,38627,95.03
6170,180,F,38666,97.51
6180,180,F,38703,92.48
6190,180,F,38742,97.51
6200,180,F,38779,92.51
6210,180,F,38817,94.99
6220,180,F,38855,94.98
6230,180,F,38893,95.01
6240,180,F,38931,94.99
6250,180,F,38969,95.01
6260,180,F,39006,92.51
6270,180,F,39045,97.48
6280,180,F,39081,90.03
6290,180,F,39119,95.01
6300,180,F,39158,97.49
6310,180,F,39195,92.50
6320,180,F,39234,97.51
6330,180,F,39272,94.98
6340,180,F,39309,92.50
6350,180,F,39348,97.50
6360,180,F,39384,90.02
6370,180,F,39420,89.97
6380,180,F,39457,92.52
6390,180,F,39493,89.97
6400,180,F,39529,90.03
6410,180,F,39565,90.00
6420,180,F,39600,87.49
6430,180,F,39637,92.49
6440,180,F,39672,87.49
6450,180,F,39709,92.51
6460,180,F,39747,95.02
6470,180,F,39784,92.49
6480,180,F,39822,95.01
6490,180,F,39860,94.99
6500,180,F,39897,92.49
6510,180,F,39935,95.01
6520,180,F,39972,92.49
6530,180,F,40009,92.51
6540,180,F,40046,92.50
6550,180,F,40083,92.52
6560,180,F,40121,94.98
6570,180,F,40158,92.52
6580,180,F,40195,92.47
6590,180,F,40233,95.01
6600,180,F,40269,90.01
6610,180,F,40306,92.50
6620,180,F,40344,95.01
6630,180,F,40381,92.50
6640,180,F,40419,94.98
6650,180,F,40457,94.99
6660,180,F,40494,92.50
6670,180,F,40532,95.00
6680,180,F,40569,92.53
6690,180,F,40606,92.50
6700,180,F,40643,92.48
6710,180,F,40680,92.51
6720,180,F,40719,97.48
6730,180,F,40764,112.53
6740,180,F,40802,94.99
6750,180,F,40840,94.99
6760,180,F,40877,92.49
6770,180,F,40913,89.99
6780,180,F,40945,80.02
6790,180,F,40982,92.48
6800,180,F,41021,97.53
6810,180,F,41060,97.47
6820,180,F,41098,95.00
6830,180,F,41138,100.01
6840,180,F,41175,92.52
6850,180,F,41213,94.98
6860,180,F,41252,97.49
6870,180,F,41290,95.00
6880,180,F,41329,97.52
6890,180,F,41367,95.00
6900,180,F,41405,94.98
6910,180,F,41444,97.50
6920,180,F,41481,92.50
6930,180,F,41519,95.01
6940,180,F,41558,97.49
6950,180,F,41596,95.02
6960,180,F,41636,99.97
6970,180,F,41674,95.01
6980,180,F,41712,95.03
6990,180,F,41750,94.98
7000,180,F,41787,92.49
7010,180,F,41824,92.51
7020,180,F,41861,92.49
7030,180,F,41897,90.01
7040,180,F,41934,92.52
7050,180,F,41970,90.00
7060,180,F,42005,87.48
7070,180,F,42042,92.49
7080,180,F,42078,90.01
7090,180,F,42115,92.51
7100,180,F,42153,94.98
7110,180,F,42190,92.52
7120,180,F,42229,97.49
7130,180,F,42267,95.02
7140,180,F,42304,92.48
7150,180,F,42342,95.01
7160,180,F,42379,92.50
7170,180,F,42416,92.49
7180,180,F,42454,95.00
7190,180,F,42491,92.48
7200,180,F,42529,95.04
7210,180,F,42566,92.49
7220,180,F,42603,92.51
7230,180,F,42641,94.97
7240,180,F,42678,92.51
7250,180,F,42715,92.51
7260,180,F,42753,95.01
7270,180,F,42790,92.48
7280,180,F,42829,97.52
7290,180,F,42867,95.00
7300,180,F,42904,92.49
7310,180,F,42942,95.01
7320,180,F,42979,92.47
7330,180,F,43016,92.50
7340,180,F,43054,95.01
7350,180,F,43090,90.02
7360,180,F,43132,104.97
7370,180,F,43175,107.53
7380,180,F,43212,92.47
7390,180,F,43251,97.50
7400,180,F,43288,92.50
7410,180,F,43324,90.02
7420,180,F,43356,80.00
7430,180,F,43394,95.01
7440,180,F,43433,97.50
7450,180,F,43473,99.98
7460,180,F,43511,94.99
7470,180,F,43550,97.53
7480,180,F,43588,95.00
7490,180,F,43626,95.00
7500,180,F,43665,97.47
7510,180,F,43703,95.00
7520,180,F,43742,97.53
7530,180,F,43780,94.97
7540,180,F,43818,95.01
7550,180,F,43857,97.43
7560,180,F,43895,95.09
7570,180,F,43933,94.98
7580,180,F,43971,95.00
7590,180,F,44010,97.48
7600,180,F,44049,97.51
7610,180,F,44087,95.02
7620,180,F,44125,94.99
7630,180,F,44162,92.49
7640,180,F,44200,95.01
7650,180,F,44236,90.00
7660,180,F,44273,92.50
7670,180,F,44309,89.99
7680,180,F,44345,90.00
7690,180,F,44381,90.01
7700,180,F,44417,90.02
7710,180,F,44453,89.97
7720,180,F,44489,90.01
7730,180,F,44526,92.49
7740,180,F,44563,92.49
7750,180,F,44601,95.03
7760,180,F,44639,94.98
7770,180,F,44677,95.02
7780,180,F,44714,92.51
7790,180,F,44752,94.97
7800,180,F,44789,92.49
7810,180,F,44826,92.54
7820,180,F,44863,92.47
7830,180,F,44900,92.50
7840,180,F,44937,92.53
7850,180,F,44974,92.50
7860,180,F,45011,92.46
7870,180,F,45048,92.54
7880,180,F,45085,92.47
7890,180,F,45122,92.51
7900,180,F,45160,95.02
7910,180,F,45197,92.48
7920,180,F,45235,94.99
7930,180,F,45273,95.03
7940,180,F,45310,92.48
7950,180,F,45348,94.96
7960,180,F,45384,90.05
7970,180,F,45421,92.48
7980,180,F,45458,92.50
7990,180,F,45495,92.48
=== END ===
# Trial 34 of 46: step_down_fwd_240to180_run03
=== START step_down_fwd_240to180_run03 ===
t_ms,pwm_cmd,dir,enc_count,rpm
0,240,F,0,0.00
10,240,F,3,7.50
20,240,F,11,20.00
30,240,F,23,30.01
40,240,F,41,44.99
50,240,F,62,52.51
60,240,F,88,64.98
70,240,F,118,74.99
80,240,F,154,90.02
90,240,F,192,94.99
100,240,F,234,105.00
110,240,F,280,115.02
120,240,F,328,120.00
130,240,F,381,132.47
140,240,F,436,137.54
150,240,F,495,147.49
160,240,F,555,149.99
170,240,F,617,155.03
180,240,F,680,157.34
190,240,F,743,157.64
200,240,F,808,162.52
210,240,F,874,164.95
220,240,F,942,170.02
230,240,F,1013,177.52
240,240,F,1088,187.37
250,240,F,1162,185.13
260,240,F,1236,184.98
270,240,F,1312,190.00
280,240,F,1389,192.54
290,240,F,1468,197.50
300,240,F,1546,194.94
310,240,F,1628,205.00
320,240,F,1711,207.56
330,240,F,1794,207.46
340,240,F,1876,205.04
350,240,F,1959,207.44
360,240,F,2051,230.00
370,240,F,2133,205.02
380,240,F,2215,204.98
390,240,F,2295,199.98
400,240,F,2381,215.02
410,240,F,2465,210.02
420,240,F,2551,214.98
430,240,F,2637,215.04
440,240,F,2723,215.02
450,240,F,2810,217.46
460,240,F,2899,222.50
470,240,F,2986,217.54
480,240,F,3071,212.48
490,240,F,3156,212.46
500,240,F,3238,205.04
510,240,F,3322,209.98
520,240,F,3407,212.46
530,240,F,3495,220.07
540,240,F,3582,217.46
550,240,F,3667,212.54
560,240,F,3754,217.46
570,240,F,3840,215.04
580,240,F,3928,219.96
590,240,F,4016,219.98
600,240,F,4107,227.52
610,240,F,4196,222.50
620,240,F,4284,220.02
630,240,F,4375,227.52
640,240,F,4469,234.95
650,240,F,4555,215.04
660,240,F,4637,205.02
670,240,F,4726,222.43
680,240,F,4815,222.57
690,240,F,4903,220.00
700,240,F,4992,222.46
710,240,F,5081,222.50
720,240,F,5169,220.00
730,240,F,5259,225.00
740,240,F,5349,225.05
750,240,F,5437,219.96
760,240,F,5523,214.98
770,240,F,5608,212.50
780,240,F,5692,210.06
790,240,F,5778,214.91
800,240,F,5866,220.04
810,240,F,5954,219.96
820,240,F,6041,217.50
830,240,F,6128,217.54
840,240,F,6216,220.00
850,240,F,6304,219.96
860,240,F,6394,224.93
870,240,F,6484,225.11
880,240,F,6574,224.98
890,240,F,6662,220.02
900,240,F,6751,222.48
910,240,F,6849,245.07
920,240,F,6936,217.43
930,240,F,7019,207.52
940,240,F,7107,220.04
950,240,F,7196,222.46
960,240,F,7285,222.34
970,240,F,7374,222.68
980,240,F,7462,220.02
990,240,F,7551,222.43
1000,240,F,7641,225.07
1010,240,F,7732,227.43
1020,240,F,7820,220.04
1030,240,F,7907,217.50
1040,240,F,7993,215.00
1050,240,F,8077,209.98
1060,240,F,8162,212.48
1070,240,F,8251,222.46
1080,240,F,8338,217.54
1090,240,F,8426,220.07
1100,240,F,8513,217.46
1110,240,F,8601,220.00
1120,240,F,8689,220.02
1130,240,F,8778,222.50
1140,240,F,8869,227.52
1150,240,F,8959,224.93
1160,240,F,9047,220.07
1170,240,F,9136,222.48
1180,240,F,9235,247.48
1190,240,F,9322,217.50
1200,240,F,9405,207.50
1210,240,F,9492,217.48
1220,240,F,9582,225.02
1230,240,F,9670,220.02
1240,240,F,9759,222.48
1250,240,F,9848,222.52
1260,240,F,9937,222.34
1270,240,F,10026,222.66
1280,240,F,10117,227.52
1290,240,F,10206,222.46
1300,240,F,10293,217.54
1310,240,F,10379,214.96
1320,240,F,10463,210.02
1330,240,F,10548,212.52
1340,240,F,10636,219.85
1350,240,F,10724,220.09
1360,240,F,10812,220.04
1370,240,F,10899,217.46
1380,240,F,10987,220.04
1390,240,F,11075,219.98
1400,240,F,11163,219.98
1410,240,F,11254,227.55
1420,240,F,11344,224.98
1430,240,F,11433,222.52
1440,240,F,11522,222.48
1450,240,F,11620,245.00
1460,240,F,11708,220.02
1470,240,F,11794,215.02
1480,240,F,11878,209.98
1490,240,F,11967,222.50
1500,240,F,12055,220.00
1510,240,F,12145,225.02
1520,240,F,12234,222.43
1530,240,F,12322,220.07
1540,240,F,12412,224.93
1550,240,F,12503,227.52
1560,240,F,12593,225.02
1570,240,F,12680,217.46
1580,240,F,12766,215.04
1590,240,F,12850,209.98
1600,240,F,12935,212.52
1610,240,F,13022,217.48
1620,240,F,13111,222.52
1630,240,F,13198,217.48
1640,240,F,13286,220.04
1650,240,F,13373,217.48
1660,240,F,13461,220.00
1670,240,F,13549,220.02
1680,240,F,13639,224.93
1690,240,F,13730,227.52
1700,240,F,13819,222.50
1710,240,F,13908,222.52
1720,240,F,14003,237.50
1730,240,F,14094,227.45
1740,240,F,14179,212.52
1750,240,F,14263,209.98
1760,240,F,14352,222.57
1770,240,F,14441,222.48
1780,240,F,14530,222.46
1790,240,F,14619,222.57
1800,240,F,14707,219.96
1810,240,F,14797,225.02
1820,240,F,14888,227.43
1830,240,F,14978,225.00
1840,240,F,15064,215.02
1850,240,F,15151,217.50
1860,240,F,15235,210.00
1870,240,F,15320,212.50
1880,240,F,15407,217.52
1890,240,F,15496,222.54
1900,240,F,15583,217.41
1910,240,F,15670,217.52
1920,240,F,15758,220.07
1930,240,F,15845,217.46
1940,240,F,15933,220.02
1950,240,F,16023,225.02
1960,240,F,16115,229.84
1970,240,F,16204,222.61
1980,240,F,16293,222.54
1990,240,F,16386,232.43
2000,240,F,16478,230.02
2010,240,F,16565,217.54
2020,240,F,16647,204.94
2030,240,F,16737,225.02
2040,240,F,16826,222.54
2050,240,F,16915,222.43
2060,240,F,17005,225.00
2070,240,F,17093,220.00
2080,240,F,17182,222.57
2090,240,F,17273,227.48
2100,240,F,17363,224.93
2110,240,F,17451,220.00
2120,240,F,17537,215.06
2130,240,F,17622,212.46
2140,240,F,17707,212.54
2150,240,F,17794,217.50
2160,240,F,17882,219.96
2170,240,F,17970,220.07
2180,240,F,18057,217.43
2190,240,F,18145,220.04
2200,240,F,18232,217.52
2210,240,F,18321,222.37
2220,240,F,18410,222.57
2230,240,F,18501,227.52
2240,240,F,18591,224.96
2250,240,F,18679,220.09
2260,240,F,18769,224.96
2270,240,F,18866,242.50
2280,240,F,18953,217.54
2290,240,F,19034,202.48
2300,240,F,19125,227.48
2310,240,F,19213,220.04
2320,240,F,19302,222.50
2330,240,F,19391,222.46
2340,240,F,19480,222.50
2350,240,F,19568,220.02
2360,240,F,19659,227.52
2370,240,F,19749,225.00
2380,240,F,19838,222.48
2390,240,F,19924,214.98
2400,240,F,20009,212.50
2410,240,F,20093,210.02
2420,240,F,20180,217.52
2430,240,F,20268,219.98
2440,240,F,20356,220.00
2450,240,F,20443,217.48
2460,240,F,20530,217.52
2470,240,F,20618,219.93
2480,240,F,20706,220.09
2490,240,F,20795,222.50
2500,240,F,20886,227.41
2510,240,F,20976,225.07
2520,240,F,21064,219.96
2530,240,F,21153,222.50
2540,240,F,21251,245.07
2550,240,F,21338,217.48
2560,240,F,21421,207.46
2570,240,F,21509,220.00
2580,240,F,21598,222.54
2590,240,F,21686,219.96
2600,240,F,21776,225.07
2610,240,F,21864,219.96
2620,240,F,21953,222.50
2630,240,F,22043,225.00
2640,240,F,22134,227.48
2650,240,F,22222,220.07
2660,240,F,22309,217.43
2670,240,F,22395,215.02
2680,240,F,22479,210.02
2690,240,F,22564,212.48
2700,240,F,22653,222.50
2710,240,F,22741,220.02
2720,240,F,22828,217.46
2730,240,F,22915,217.50
2740,240,F,23003,220.00
2750,240,F,23091,220.07
2760,240,F,23180,222.43
2770,240,F,23271,227.52
2780,240,F,23361,225.05
2790,240,F,23450,222.46
2800,240,F,23538,220.04
2810,240,F,23636,244.95
2820,240,F,23724,220.02
2830,240,F,23808,209.90
2840,240,F,23894,215.11
2850,240,F,23984,224.96
2860,240,F,24071,217.54
2870,240,F,24161,225.02
2880,240,F,24250,222.50
2890,240,F,24338,219.91
2900,240,F,24428,225.09
2910,240,F,24519,227.50
2920,240,F,24608,222.43
2930,240,F,24695,217.57
2940,240,F,24781,214.98
2950,240,F,24865,209.98
2960,240,F,24950,212.52
2970,240,F,25038,220.02
2980,240,F,25126,220.00
2990,240,F,25213,217.50
3000,180,F,25300,217.48
3010,180,F,25388,219.96
3020,180,F,25474,215.04
3030,180,F,25558,210.02
3040,180,F,25643,212.44
3050,180,F,25727,209.98
3060,180,F,25809,205.04
3070,180,F,25888,197.50
3080,180,F,25968,200.02
3090,180,F,26053,212.52
3100,180,F,26128,187.48
3110,180,F,26198,174.97
3120,180,F,26268,175.02
3130,180,F,26342,185.04
3140,180,F,26414,180.00
3150,180,F,26485,177.45
3160,180,F,26555,175.04
3170,180,F,26625,174.98
3180,180,F,26693,170.03
3190,180,F,26760,167.47
3200,180,F,26827,167.48
3210,180,F,26895,170.03
3220,180,F,26960,162.50
3230,180,F,27024,160.00
3240,180,F,27086,154.97
3250,180,F,27146,150.05
3260,180,F,27206,149.96
3270,180,F,27263,142.54
3280,180,F,27321,144.97
3290,180,F,27380,147.47
3300,180,F,27438,145.04
3310,180,F,27497,147.46
3320,180,F,27555,145.03
3330,180,F,27611,140.00
3340,180,F,27667,140.00
3350,180,F,27723,140.01
3360,180,F,27778,137.50
3370,180,F,27833,137.51
3380,180,F,27887,134.99
3390,180,F,27941,135.00
3400,180,F,27996,137.47
3410,180,F,28050,135.04
3420,180,F,28104,135.00
3430,180,F,28157,132.46
3440,180,F,28210,132.49
3450,180,F,28261,127.53
3460,180,F,28312,127.49
3470,180,F,28364,130.00
3480,180,F,28423,147.54
3490,180,F,28474,127.46
3500,180,F,28523,122.52
3510,180,F,28571,120.00
3520,180,F,28614,107.47
3530,180,F,28665,127.51
3540,180,F,28715,124.99
3550,180,F,28764,122.51
3560,180,F,28813,122.50
3570,180,F,28861,120.04
3580,180,F,28909,120.00
3590,180,F,28958,122.50
3600,180,F,29006,119.99
3610,180,F,29053,117.48
3620,180,F,29100,117.50
3630,180,F,29147,117.51
3640,180,F,29195,120.00
3650,180,F,29241,115.01
3660,180,F,29289,120.01
3670,180,F,29335,115.00
3680,180,F,29382,117.49
3690,180,F,29426,110.01
3700,180,F,29470,110.00
3710,180,F,29514,109.99
3720,180,F,29558,110.00
3730,180,F,29600,104.98
3740,180,F,29642,105.00
3750,180,F,29685,107.51
3760,180,F,29727,104.98
3770,180,F,29770,107.53
3780,180,F,29814,109.97
3790,180,F,29858,110.01
3800,180,F,29902,110.01
3810,180,F,29944,104.99
3820,180,F,29988,110.02
3830,180,F,30030,105.01
3840,180,F,30073,107.47
3850,180,F,30115,105.00
3860,180,F,30157,105.03
3870,180,F,30199,104.97
3880,180,F,30241,105.02
3890,180,F,30283,105.01
3900,180,F,30325,104.99
3910,180,F,30366,102.47
3920,180,F,30408,105.01
3930,180,F,30451,107.50
3940,180,F,30493,105.01
3950,180,F,30534,102.51
3960,180,F,30576,105.00
3970,180,F,30617,102.51
3980,180,F,30657,99.98
3990,180,F,30698,102.50
4000,180,F,30739,102.50
4010,180,F,30785,115.02
4020,180,F,30830,112.46
4030,180,F,30870,100.04
4040,180,F,30911,102.50
4050,180,F,30951,99.96
4060,180,F,30989,95.02
4070,180,F,31025,90.01
4080,180,F,31066,102.51
4090,180,F,31108,104.99
4100,180,F,31149,102.50
4110,180,F,31190,102.51
4120,180,F,31231,102.49
4130,180,F,31271,99.98
4140,180,F,31312,102.53
4150,180,F,31353,102.48
4160,180,F,31394,102.49
4170,180,F,31434,100.03
4180,180,F,31475,102.47
4190,180,F,31514,97.51
4200,180,F,31555,102.45
4210,180,F,31595,100.06
4220,180,F,31636,102.47
4230,180,F,31677,102.54
4240,180,F,31717,99.98
4250,180,F,31757,100.02
4260,180,F,31797,99.99
4270,180,F,31835,94.99
4280,180,F,31874,97.52
4290,180,F,31912,94.97
4300,180,F,31950,95.03
4310,180,F,31988,94.99
4320,180,F,32025,92.51
4330,180,F,32063,94.99
4340,180,F,32100,92.48
4350,180,F,32138,95.00
4360,180,F,32177,97.53
4370,180,F,32216,97.47
4380,180,F,32256,100.00
4390,180,F,32295,97.51
4400,180,F,32334,97.49
4410,180,F,32373,97.49
4420,180,F,32412,97.52
4430,180,F,32450,95.01
4440,180,F,32489,97.50
4450,180,F,32527,95.00
4460,180,F,32566,97.50
4470,180,F,32605,97.50
4480,180,F,32642,92.50
4490,180,F,32681,97.48
4500,180,F,32719,95.03
4510,180,F,32757,95.00
4520,180,F,32797,99.96
4530,180,F,32835,95.02
4540,180,F,32874,97.52
4550,180,F,32913,97.50
4560,180,F,32951,95.00
4570,180,F,32990,97.47
4580,180,F,33028,95.01
4590,180,F,33065,92.52
4600,180,F,33104,97.49
4610,180,F,33141,92.50
4620,180,F,33186,112.51
4630,180,F,33227,102.48
4640,180,F,33266,97.50
4650,180,F,33304,94.99
4660,180,F,33342,95.02
4670,180,F,33378,89.97
4680,180,F,33411,82.52
4690,180,F,33451,99.98
4700,180,F,33490,97.51
4710,180,F,33529,97.48
4720,180,F,33569,100.01
4730,180,F,33608,97.53
4740,180,F,33646,94.98
4750,180,F,33685,97.48
4760,180,F,33724,97.53
4770,180,F,33764,99.99
4780,180,F,33803,97.49
4790,180,F,33841,95.02
4800,180,F,33880,97.51
4810,180,F,33918,95.00
4820,180,F,33957,97.48
4830,180,F,33996,97.51
4840,180,F,34035,97.49
4850,180,F,34074,97.49
4860,180,F,34113,97.50
4870,180,F,34151,95.02
4880,180,F,34191,99.93
4890,180,F,34228,92.57
4900,180,F,34265,92.49
4910,180,F,34303,95.01
4920,180,F,34339,89.97
4930,180,F,34376,92.53
4940,180,F,34413,92.47
4950,180,F,34448,87.51
4960,180,F,34485,92.49
4970,180,F,34522,92.51
4980,180,F,34559,92.51
4990,180,F,34598,97.43
5000,180,F,34635,92.56
5010,180,F,34674,97.51
5020,180,F,34712,94.97
5030,180,F,34750,95.01
5040,180,F,34788,95.01
5050,180,F,34826,95.01
5060,180,F,34863,92.46
5070,180,F,34901,95.03
5080,180,F,34939,94.99
5090,180,F,34977,95.02
5100,180,F,35014,92.50
5110,180,F,35052,94.99
5120,180,F,35089,92.48
5130,180,F,35127,95.02
5140,180,F,35164,92.50
5150,180,F,35202,95.00
5160,180,F,35241,97.50
5170,180,F,35279,94.99
5180,180,F,35317,95.02
5190,180,F,35355,94.98
5200,180,F,35393,95.02
5210,180,F,35430,92.49
5220,180,F,35467,92.51
5230,180,F,35504,92.49
5240,180,F,35541,92.50
5250,180,F,35584,107.51
5260,180,F,35626,104.98
5270,180,F,35664,95.02
5280,180,F,35702,94.97
5290,180,F,35739,92.51
5300,180,F,35776,92.49
5310,180,F,35808,80.01
5320,180,F,35846,94.99
5330,180,F,35885,97.50
5340,180,F,35924,97.50
5350,180,F,35963,97.51
5360,180,F,36001,95.00
5370,180,F,36039,94.99
5380,180,F,36077,95.00
5390,180,F,36116,97.52
5400,180,F,36155,97.49
5410,180,F,36193,94.99
5420,180,F,36231,95.00
5430,180,F,36270,97.51
5440,180,F,36307,92.48
5450,180,F,36345,95.02
5460,180,F,36384,97.52
5470,180,F,36422,94.99
5480,180,F,36461,97.50
5490,180,F,36500,97.49
5500,180,F,36537,92.52
5510,180,F,36576,97.50
5520,180,F,36613,92.47
5530,180,F,36650,92.50
5540,180,F,36687,92.52
5550,180,F,36723,90.00
5560,180,F,36760,92.48
5570,180,F,36796,90.03
5580,180,F,36831,87.48
5590,180,F,36868,92.49
5600,180,F,36903,87.53
5610,180,F,36940,92.48
5620,180,F,36977,92.51
5630,180,F,37015,95.00
5640,180,F,37053,94.97
5650,180,F,37091,95.01
5660,180,F,37128,92.50
5670,180,F,37166,95.01
5680,180,F,37203,92.52
5690,180,F,37240,92.49
5700,180,F,37278,94.98
5710,180,F,37315,92.50
5720,180,F,37353,95.00
5730,180,F,37390,92.50
5740,180,F,37427,92.53
5750,180,F,37465,95.00
5760,180,F,37501,90.00
5770,180,F,37538,92.46
5780,180,F,37576,95.03
5790,180,F,37613,92.49
5800,180,F,37652,97.44
5810,180,F,37689,92.56
5820,180,F,37727,95.00
5830,180,F,37765,94.98
5840,180,F,37802,92.53
5850,180,F,37839,92.46
5860,180,F,37875,90.04
5870,180,F,37912,92.48
5880,180,F,37950,95.01
5890,180,F,37995,112.48
5900,180,F,38034,97.53
5910,180,F,38072,95.00
5920,180,F,38109,92.50
5930,180,F,38146,92.48
5940,180,F,38183,92.52
5950,180,F,38214,77.48
5960,180,F,38253,97.50
5970,180,F,38291,95.01
5980,180,F,38330,97.50
5990,180,F,38369,97.50
6000,180,F,38407,95.01
6010,180,F,38445,94.98
6020,180,F,38483,95.00
6030,180,F,38522,97.52
6040,180,F,38560,94.98
6050,180,F,38599,97.49
6060,180,F,38637,95.04
6070,180,F,38675,94.97
6080,180,F,38713,94.97
6090,180,F,38750,92.56
6100,180,F,38789,97.48
6110,180,F,38827,95.01
6120,180,F,38866,97.50
6130,180,F,38905,97.49
6140,180,F,38942,92.51
6150,180,F,38981,97.49
6160,180,F,39018,92.49
6170,180,F,39054,90.02
6180,180,F,39092,94.98
6190,180,F,39128,89.99
6200,180,F,39164,90.02
6210,180,F,39201,92.50
6220,180,F,39236,87.50
6230,180,F,39272,89.99
6240,180,F,39308,90.02
6250,180,F,39344,89.97
6260,180,F,39382,95.04
6270,180,F,39419,92.47
6280,180,F,39458,97.51
6290,180,F,39496,94.96
6300,180,F,39533,92.53
6310,180,F,39571,95.02
6320,180,F,39608,92.48
6330,180,F,39645,92.52
6340,180,F,39682,92.50
6350,180,F,39719,92.48
6360,180,F,39757,95.02
6370,180,F,39794,92.51
6380,180,F,39831,92.47
6390,180,F,39868,92.51
6400,180,F,39905,92.52
6410,180,F,39942,92.46
6420,180,F,39980,95.00
6430,180,F,40016,90.03
6440,180,F,40055,97.48
6450,180,F,40092,92.52
6460,180,F,40130,95.00
6470,180,F,40167,92.50
6480,180,F,40204,92.47
6490,180,F,40241,92.54
6500,180,F,40278,92.48
6510,180,F,40314,89.99
6520,180,F,40352,95.00
6530,180,F,40396,110.01
6540,180,F,40436,99.99
6550,180,F,40473,92.51
6560,180,F,40510,92.48
6570,180,F,40547,92.51
6580,180,F,40583,90.00
6590,180,F,40614,77.51
6600,180,F,40653,97.52
6610,180,F,40691,94.98
6620,180,F,40729,95.00
6630,180,F,40768,97.50
6640,180,F,40806,94.93
6650,180,F,40843,92.56
6660,180,F,40881,95.02
6670,180,F,40919,95.00
6680,180,F,40958,97.47
6690,180,F,40996,94.94
6700,180,F,41033,92.57
6710,180,F,41071,94.99
6720,180,F,41108,92.51
6730,180,F,41146,94.98
6740,180,F,41184,95.03
6750,180,F,41221,92.47
6760,180,F,41260,97.53
6770,180,F,41298,94.97
6780,180,F,41335,92.50
6790,180,F,41373,95.01
6800,180,F,41410,92.51
6810,180,F,41447,92.50
6820,180,F,41483,89.98
6830,180,F,41519,90.02
6840,180,F,41555,89.98
6850,180,F,41591,89.99
6860,180,F,41626,87.53
6870,180,F,41661,87.51
6880,180,F,41697,90.00
6890,180,F,41733,89.97
6900,180,F,41769,90.03
6910,180,F,41806,92.49
6920,180,F,41844,94.98
6930,180,F,41881,92.50
6940,180,F,41919,95.01
6950,180,F,41955,90.01
6960,180,F,41992,92.49
6970,180,F,42029,92.51
6980,180,F,42066,92.50
6990,180,F,42102,89.99
7000,180,F,42139,92.51
7010,180,F,42176,92.49
7020,180,F,42212,89.99
7030,180,F,42249,92.50
7040,180,F,42285,89.99
7050,180,F,42322,92.53
7060,180,F,42358,89.99
7070,180,F,42395,92.50
7080,180,F,42432,92.52
7090,180,F,42470,94.96
7100,180,F,42507,92.50
7110,180,F,42543,90.01
7120,180,F,42581,95.02
7130,180,F,42617,89.99
7140,180,F,42653,89.99
7150,180,F,42690,92.51
7160,180,F,42726,90.00
7170,180,F,42763,92.51
7180,180,F,42809,115.00
7190,180,F,42846,92.48
7200,180,F,42883,92.50
7210,180,F,42920,92.53
7220,180,F,42956,89.98
7230,180,F,42991,87.49
7240,180,F,43024,82.51
7250,180,F,43062,94.99
7260,180,F,43100,95.03
7270,180,F,43137,92.48
7280,180,F,43176,97.49
7290,180,F,43214,95.01
7300,180,F,43251,92.52
7310,180,F,43289,94.97
7320,180,F,43326,92.52
7330,180,F,43364,95.00
7340,180,F,43402,95.00
7350,180,F,43439,92.51
7360,180,F,43477,94.97
7370,180,F,43514,92.50
7380,180,F,43551,92.52
7390,180,F,43589,95.01
7400,180,F,43627,94.98
7410,180,F,43665,95.02
7420,180,F,43703,94.99
7430,180,F,43740,92.49
7440,180,F,43778,94.99
7450,180,F,43814,90.00
7460,180,F,43851,92.47
7470,180,F,43887,90.02
7480,180,F,43922,87.50
7490,180,F,43959,92.54
7500,180,F,43994,87.47
7510,180,F,44029,87.52
7520,180,F,44065,89.98
7530,180,F,44100,87.51
7540,180,F,44136,89.98
7550,180,F,44173,92.51
7560,180,F,44209,90.02
7570,180,F,44247,95.00
7580,180,F,44284,92.51
7590,180,F,44321,92.47
7600,180,F,44358,92.50
7610,180,F,44395,92.52
7620,180,F,44432,92.49
7630,180,F,44469,92.51
7640,180,F,44505,89.99
7650,180,F,44542,92.52
7660,180,F,44579,92.49
7670,180,F,44616,92.51
7680,180,F,44652,89.98
7690,180,F,44688,90.00
7700,180,F,44725,92.49
7710,180,F,44762,92.45
7720,180,F,44799,92.56
7730,180,F,44836,92.49
7740,180,F,44873,92.51
7750,180,F,44911,94.98
7760,180,F,44947,90.01
7770,180,F,44984,92.52
7780,180,F,45020,89.97
7790,180,F,45057,92.53
7800,180,F,45093,89.99
7810,180,F,45130,92.49
7820,180,F,45168,94.99
7830,180,F,45213,112.52
7840,180,F,45250,92.48
7850,180,F,45288,95.01
7860,180,F,45324,89.99
7870,180,F,45360,90.02
7880,180,F,45395,87.47
7890,180,F,45428,82.51
7900,180,F,45466,95.03
7910,180,F,45505,97.49
7920,180,F,45542,92.49
7930,180,F,45581,97.51
7940,180,F,45618,92.49
7950,180,F,45655,92.50
7960,180,F,45693,95.00
7970,180,F,45731,95.00
7980,180,F,45769,94.99
7990,180,F,45807,95.01
8000,180,F,45844,92.52
=== END ===
# Trial 35 of 46: step_down_fwd_240to220_run01
=== START step_down_fwd_240to220_run01 ===
t_ms,pwm_cmd,dir,enc_count,rpm
0,240,F,0,0.00
10,240,F,3,7.50
20,240,F,10,17.50
30,240,F,23,32.50
40,240,F,41,45.00
50,240,F,63,55.00
60,240,F,88,62.49
70,240,F,118,74.99
80,240,F,152,85.00
90,240,F,188,89.99
100,240,F,229,102.51
110,240,F,273,110.01
120,240,F,321,119.99
130,240,F,373,130.01
140,240,F,428,137.50
150,240,F,484,140.00
160,240,F,544,149.99
170,240,F,603,147.49
180,240,F,666,157.41
190,240,F,730,160.11
200,240,F,796,165.03
210,240,F,864,169.98
220,240,F,933,172.50
230,240,F,1006,182.50
240,240,F,1079,182.50
250,240,F,1153,185.02
260,240,F,1227,184.98
270,240,F,1302,187.48
280,240,F,1389,217.52
290,240,F,1465,189.98
300,240,F,1540,187.54
310,240,F,1614,184.94
320,240,F,1694,200.02
330,240,F,1775,202.50
340,240,F,1855,200.00
350,240,F,1937,205.00
360,240,F,2019,205.04
370,240,F,2101,205.00
380,240,F,2185,209.87
390,240,F,2270,212.59
400,240,F,2354,210.04
410,240,F,2436,204.94
420,240,F,2517,202.52
430,240,F,2597,200.04
440,240,F,2678,202.50
450,240,F,2761,207.44
460,240,F,2846,212.52
470,240,F,2930,210.00
480,240,F,3013,207.50
490,240,F,3097,210.02
500,240,F,3181,210.00
510,240,F,3266,212.48
520,240,F,3353,217.48
530,240,F,3441,220.02
540,240,F,3528,217.48
550,240,F,3614,214.91
560,240,F,3700,215.11
570,240,F,3796,240.00
580,240,F,3881,212.48
590,240,F,3962,202.52
600,240,F,4046,210.00
610,240,F,4133,217.46
620,240,F,4219,215.09
630,240,F,4306,217.50
640,240,F,4393,217.46
650,240,F,4479,214.98
660,240,F,4567,220.04
670,240,F,4656,222.50
680,240,F,4744,220.00
690,240,F,4829,212.46
700,240,F,4913,210.06
710,240,F,4995,204.96
720,240,F,5079,210.00
730,240,F,5164,212.48
740,240,F,5251,217.50
750,240,F,5337,215.02
760,240,F,5422,212.50
770,240,F,5508,214.96
780,240,F,5594,215.09
790,240,F,5681,217.48
800,240,F,5768,217.46
810,240,F,5858,225.07
820,240,F,5946,219.96
830,240,F,6033,217.52
840,240,F,6121,219.98
850,240,F,6216,237.55
860,240,F,6302,215.00
870,240,F,6384,205.00
880,240,F,6470,215.00
890,240,F,6557,217.48
900,240,F,6644,217.46
910,240,F,6732,220.04
920,240,F,6819,217.48
930,240,F,6906,217.50
940,240,F,6995,222.46
950,240,F,7084,222.54
960,240,F,7171,217.52
970,240,F,7256,212.52
980,240,F,7340,209.94
990,240,F,7423,207.56
1000,240,F,7507,209.96
1010,240,F,7593,214.98
1020,240,F,7680,217.54
1030,240,F,7766,214.96
1040,240,F,7852,214.91
1050,240,F,7937,212.61
1060,240,F,8024,217.48
1070,240,F,8111,217.50
1080,240,F,8199,220.02
1090,240,F,8288,222.48
1100,240,F,8376,220.00
1110,240,F,8463,217.52
1120,240,F,8555,230.00
1130,240,F,8647,230.00
1140,240,F,8731,210.02
1150,240,F,8812,202.44
1160,240,F,8900,220.02
1170,240,F,8987,217.50
1180,240,F,9074,217.48
1190,240,F,9162,220.07
1200,240,F,9249,217.52
1210,240,F,9337,219.85
1220,240,F,9426,222.61
1230,240,F,9514,220.04
1240,240,F,9601,217.41
1250,240,F,9685,210.02
1260,240,F,9769,210.00
1270,240,F,9852,207.54
1280,240,F,9937,212.50
1290,240,F,10023,215.02
1300,240,F,10110,217.48
1310,240,F,10196,214.83
1320,240,F,10281,212.61
1330,240,F,10368,217.54
1340,240,F,10454,215.04
1350,240,F,10542,219.93
1360,240,F,10631,222.50
1370,240,F,10720,222.50
1380,240,F,10807,217.39
1390,240,F,10893,215.11
1400,240,F,10991,245.00
1410,240,F,11076,212.48
1420,240,F,11161,212.54
1430,240,F,11244,207.48
1440,240,F,11332,220.07
1450,240,F,11418,214.96
1460,240,F,11506,219.98
1470,240,F,11594,219.91
1480,240,F,11681,217.65
1490,240,F,11769,219.98
1500,240,F,11859,225.02
1510,240,F,11947,220.00
1520,240,F,12032,212.46
1530,240,F,12117,212.54
1540,240,F,12200,207.50
1550,240,F,12283,207.44
1560,240,F,12369,215.02
1570,240,F,12457,220.02
1580,240,F,12543,214.94
1590,240,F,12629,215.04
1600,240,F,12715,215.02
1610,240,F,12801,215.02
1620,240,F,12888,217.50
1630,240,F,12976,219.96
1640,240,F,13066,224.96
1650,240,F,13155,222.43
1660,240,F,13242,217.46
1670,240,F,13330,220.15
1680,240,F,13425,237.52
1690,240,F,13511,214.98
1700,240,F,13593,204.98
1710,240,F,13680,217.52
1720,240,F,13767,217.50
1730,240,F,13854,217.48
1740,240,F,13942,220.02
1750,240,F,14030,220.02
1760,240,F,14117,217.48
1770,240,F,14206,222.50
1780,240,F,14294,220.02
1790,240,F,14382,220.02
1800,240,F,14468,214.94
1810,240,F,14552,210.02
1820,240,F,14635,207.50
1830,240,F,14719,210.00
1840,240,F,14806,217.52
1850,240,F,14892,215.02
1860,240,F,14979,217.43
1870,240,F,15064,212.50
1880,240,F,15151,217.57
1890,240,F,15238,217.46
1900,240,F,15325,217.52
1910,240,F,15414,222.50
1920,240,F,15503,222.46
1930,240,F,15591,220.04
1940,240,F,15678,217.46
1950,240,F,15774,239.98
1960,240,F,15861,217.59
1970,240,F,15946,212.31
1980,240,F,16028,205.16
1990,240,F,16116,220.02
2000,240,F,16203,217.46
2010,240,F,16291,220.04
2020,240,F,16379,219.93
2030,240,F,16466,217.48
2040,240,F,16554,220.09
2050,240,F,16643,222.48
2060,240,F,16732,222.46
2070,240,F,16817,212.54
2080,240,F,16902,212.48
2090,240,F,16986,209.96
2100,240,F,17069,207.52
2110,240,F,17155,215.06
2120,240,F,17242,217.46
2130,240,F,17329,217.46
2140,240,F,17414,212.50
2150,240,F,17500,215.09
2160,240,F,17586,215.00
2170,240,F,17673,217.46
2180,240,F,17761,219.98
2190,240,F,17850,222.57
2200,240,F,17939,222.41
2210,240,F,18025,215.09
2220,240,F,18114,222.46
2230,240,F,18209,237.50
2240,240,F,18295,214.98
2250,240,F,18378,207.52
2260,240,F,18463,212.48
2270,240,F,18550,217.48
2280,240,F,18637,217.50
2290,240,F,18725,220.00
2300,240,F,18812,217.52
2310,240,F,18899,217.54
2320,240,F,18987,220.00
2330,240,F,19077,224.96
2340,240,F,19164,217.57
2350,240,F,19250,214.94
2360,240,F,19334,210.04
2370,240,F,19417,207.46
2380,240,F,19500,207.56
2390,240,F,19586,214.96
2400,240,F,19674,219.98
2410,240,F,19760,215.06
2420,240,F,19846,214.94
2430,240,F,19931,212.52
2440,240,F,20018,217.48
2450,240,F,20104,215.04
2460,240,F,20193,222.50
2470,240,F,20283,224.91
2480,240,F,20371,220.02
2490,240,F,20458,217.54
2500,240,F,20548,224.98
2510,240,F,20641,232.52
2520,240,F,20725,210.04
2530,240,F,20807,204.98
2540,240,F,20895,219.98
2550,240,F,20982,217.50
2560,240,F,21070,220.04
2570,240,F,21158,219.89
2580,240,F,21245,217.61
2590,240,F,21332,217.50
2600,240,F,21421,222.41
2610,240,F,21509,220.09
2620,240,F,21596,217.41
2630,240,F,21681,212.54
2640,240,F,21765,210.02
2650,240,F,21848,207.46
2660,240,F,21933,212.48
2670,240,F,22020,217.52
2680,240,F,22106,215.04
2690,240,F,22192,215.02
2700,240,F,22278,214.98
2710,240,F,22365,217.43
2720,240,F,22451,214.98
2730,240,F,22538,217.61
2740,240,F,22628,224.98
2750,240,F,22716,220.00
2760,240,F,22804,220.00
2770,240,F,22891,217.50
2780,240,F,22988,242.45
2790,240,F,23074,215.04
2800,240,F,23158,209.98
2810,240,F,23241,207.46
2820,240,F,23330,222.50
2830,240,F,23416,215.06
2840,240,F,23504,219.98
2850,240,F,23591,217.52
2860,240,F,23678,217.46
2870,240,F,23767,222.57
2880,240,F,23856,222.46
2890,240,F,23945,222.48
2900,240,F,24030,212.56
2910,240,F,24115,212.50
2920,240,F,24198,207.50
2930,240,F,24281,207.48
2940,240,F,24368,217.50
2950,240,F,24455,217.52
2960,240,F,24541,214.91
2970,240,F,24627,215.02
2980,240,F,24713,215.06
2990,240,F,24799,214.91
3000,220,F,24886,217.57
3010,220,F,24974,219.98
3020,220,F,25062,220.00
3030,220,F,25148,215.02
3040,220,F,25230,204.96
3050,220,F,25313,207.56
3060,220,F,25404,227.48
3070,220,F,25484,199.96
3080,220,F,25560,190.02
3090,220,F,25635,187.54
3100,220,F,25714,197.50
3110,220,F,25792,194.96
3120,220,F,25869,192.52
3130,220,F,25946,192.50
3140,220,F,26023,192.46
3150,220,F,26098,187.50
3160,220,F,26174,190.06
3170,220,F,26251,192.46
3180,220,F,26326,187.50
3190,220,F,26400,184.98
3200,220,F,26472,179.95
3210,220,F,26543,177.61
3220,220,F,26612,172.45
3230,220,F,26682,175.05
3240,220,F,26753,177.48
3250,220,F,26826,182.46
3260,220,F,26897,177.54
3270,220,F,26968,177.46
3280,220,F,27039,177.52
3290,220,F,27110,177.50
3300,220,F,27181,177.50
3310,220,F,27252,177.48
3320,220,F,27324,180.05
3330,220,F,27396,179.96
3340,220,F,27469,182.50
3350,220,F,27541,180.02
3360,220,F,27611,175.00
3370,220,F,27682,177.52
3380,220,F,27759,192.42
3390,220,F,27833,185.02
3400,220,F,27903,175.02
3410,220,F,27970,167.53
3420,220,F,28037,167.48
3430,220,F,28109,179.96
3440,220,F,28180,177.55
3450,220,F,28250,174.93
3460,220,F,28321,177.55
3470,220,F,28392,177.50
3480,220,F,28462,175.02
3490,220,F,28533,177.50
3500,220,F,28605,179.98
3510,220,F,28677,180.00
3520,220,F,28748,177.52
3530,220,F,28817,172.45
3540,220,F,28885,170.03
3550,220,F,28953,170.00
3560,220,F,29019,165.00
3570,220,F,29087,170.02
3580,220,F,29156,172.50
3590,220,F,29226,174.97
3600,220,F,29295,172.52
3610,220,F,29365,175.00
3620,220,F,29434,172.52
3630,220,F,29503,172.48
3640,220,F,29573,175.00
3650,220,F,29642,172.47
3660,220,F,29712,175.02
3670,220,F,29783,177.50
3680,220,F,29855,179.98
3690,220,F,29926,177.48
3700,220,F,29996,175.04
3710,220,F,30065,172.53
3720,220,F,30138,182.45
3730,220,F,30215,192.56
3740,220,F,30284,172.47
3750,220,F,30351,167.53
3760,220,F,30416,162.48
3770,220,F,30487,177.52
3780,220,F,30558,177.45
3790,220,F,30627,172.55
3800,220,F,30697,175.00
3810,220,F,30768,177.45
3820,220,F,30839,177.52
3830,220,F,30908,172.47
3840,220,F,30979,177.52
3850,220,F,31051,179.98
3860,220,F,31122,177.54
3870,220,F,31191,172.50
3880,220,F,31260,172.50
3890,220,F,31327,167.53
3900,220,F,31394,167.47
3910,220,F,31461,167.48
3920,220,F,31529,170.03
3930,220,F,31598,172.50
3940,220,F,31669,177.45
3950,220,F,31738,172.53
3960,220,F,31806,169.98
3970,220,F,31875,172.55
3980,220,F,31945,174.98
3990,220,F,32014,172.50
4000,220,F,32083,172.48
4010,220,F,32154,177.50
4020,220,F,32225,177.50
4030,220,F,32296,177.46
4040,220,F,32367,177.54
4050,220,F,32437,174.98
4060,220,F,32506,172.50
4070,220,F,32586,200.04
4080,220,F,32656,174.95
4090,220,F,32723,167.57
4100,220,F,32787,159.97
4110,220,F,32858,177.52
4120,220,F,32929,177.52
4130,220,F,32999,174.95
4140,220,F,33069,175.02
4150,220,F,33139,175.02
4160,220,F,33209,174.98
4170,220,F,33279,175.04
4180,220,F,33350,177.50
4190,220,F,33422,179.96
4200,220,F,33493,177.46
4210,220,F,33563,175.07
4220,220,F,33631,169.98
4230,220,F,33699,169.97
4240,220,F,33767,169.95
4250,220,F,33833,165.10
4260,220,F,33900,167.47
4270,220,F,33969,172.48
4280,220,F,34039,175.00
4290,220,F,34108,172.55
4300,220,F,34177,172.45
4310,220,F,34246,172.53
4320,220,F,34315,172.47
4330,220,F,34384,172.53
4340,220,F,34453,172.50
4350,220,F,34523,175.00
4360,220,F,34594,177.52
4370,220,F,34666,180.00
4380,220,F,34737,177.48
4390,220,F,34806,172.50
4400,220,F,34876,175.00
4410,220,F,34950,184.98
4420,220,F,35025,187.50
4430,220,F,35094,172.53
4440,220,F,35160,164.95
4450,220,F,35227,167.52
4460,220,F,35297,175.02
4470,220,F,35368,177.45
4480,220,F,35437,172.57
4490,220,F,35508,177.45
4500,220,F,35578,175.02
4510,220,F,35648,174.98
4520,220,F,35718,175.05
4530,220,F,35789,177.48
4540,220,F,35861,179.98
4550,220,F,35932,177.52
4560,220,F,36001,172.48
4570,220,F,36069,170.00
4580,220,F,36136,167.50
4590,220,F,36202,165.02
4600,220,F,36269,167.48
4610,220,F,36338,172.41
4620,220,F,36407,172.59
4630,220,F,36477,175.04
4640,220,F,36546,172.45
4650,220,F,36614,170.00
4660,220,F,36683,172.55
4670,220,F,36753,174.97
4680,220,F,36822,172.47
4690,220,F,36891,172.55
4700,220,F,36961,174.98
4710,220,F,37033,180.02
4720,220,F,37104,177.50
4730,220,F,37174,174.97
4740,220,F,37244,175.04
4750,220,F,37313,172.48
4760,220,F,37393,200.02
4770,220,F,37462,172.47
4780,220,F,37530,170.05
4790,220,F,37595,162.48
4800,220,F,37665,175.02
4810,220,F,37735,174.98
4820,220,F,37804,172.50
4830,220,F,37875,177.46
4840,220,F,37945,175.02
4850,220,F,38015,175.02
4860,220,F,38085,174.97
4870,220,F,38156,177.55
4880,220,F,38228,179.98
4890,220,F,38298,175.02
4900,220,F,38369,177.43
4910,220,F,38437,170.05
4920,220,F,38505,169.97
4930,220,F,38572,167.55
4940,220,F,38639,167.45
4950,220,F,38706,167.55
4960,220,F,38775,172.43
4970,220,F,38845,175.05
4980,220,F,38915,175.02
4990,220,F,38983,169.95
5000,220,F,39052,172.53
5010,220,F,39121,172.47
5020,220,F,39190,172.48
5030,220,F,39260,175.05
5040,220,F,39330,174.98
5050,220,F,39401,177.48
5060,220,F,39473,180.00
5070,220,F,39544,177.55
5080,220,F,39613,172.48
5090,220,F,39682,172.47
5100,220,F,39759,192.40
5110,220,F,39832,182.63
5120,220,F,39901,172.52
5130,220,F,39967,164.98
5140,220,F,40034,167.45
5150,220,F,40104,175.02
5160,220,F,40175,177.54
5170,220,F,40245,174.98
5180,220,F,40316,177.50
5190,220,F,40386,175.00
5200,220,F,40456,175.00
5210,220,F,40526,175.04
5220,220,F,40597,177.48
5230,220,F,40670,182.50
5240,220,F,40741,177.48
5250,220,F,40809,169.98
5260,220,F,40877,170.00
5270,220,F,40945,169.98
5280,220,F,41011,165.07
5290,220,F,41079,169.95
5300,220,F,41148,172.52
5310,220,F,41218,175.00
5320,220,F,41287,172.50
5330,220,F,41357,174.93
5340,220,F,41425,170.09
5350,220,F,41494,172.45
5360,220,F,41564,175.04
5370,220,F,41634,174.98
5380,220,F,41703,172.53
5390,220,F,41774,177.52
5400,220,F,41846,180.00
5410,220,F,41918,179.98
5420,220,F,41988,174.97
5430,220,F,42058,175.04
5440,220,F,42130,179.96
5450,220,F,42208,195.04
5460,220,F,42276,169.97
5470,220,F,42345,172.53
5480,220,F,42409,160.00
5490,220,F,42481,179.96
5500,220,F,42551,175.04
5510,220,F,42621,174.98
5520,220,F,42692,177.52
5530,220,F,42763,177.48
5540,220,F,42833,175.00
5550,220,F,42903,175.04
5560,220,F,42974,177.48
5570,220,F,43046,179.95
5580,220,F,43117,177.55
5590,220,F,43187,175.00
5600,220,F,43256,172.50
5610,220,F,43324,169.97
5620,220,F,43391,167.53
5630,220,F,43458,167.47
5640,220,F,43526,170.00
5650,220,F,43596,175.04
5660,220,F,43667,177.52
5670,220,F,43736,172.50
5680,220,F,43805,172.45
5690,220,F,43874,172.55
5700,220,F,43944,174.97
5710,220,F,44013,172.53
5720,220,F,44083,175.00
5730,220,F,44154,177.46
5740,220,F,44226,179.95
5750,220,F,44297,177.50
5760,220,F,44368,177.54
5770,220,F,44437,172.52
5780,220,F,44507,175.00
5790,220,F,44588,202.52
5800,220,F,44657,172.47
5810,220,F,44725,170.05
5820,220,F,44791,164.97
5830,220,F,44860,172.53
5840,220,F,44931,177.48
5850,220,F,45001,174.97
5860,220,F,45072,177.45
5870,220,F,45143,177.43
5880,220,F,45212,172.62
5890,220,F,45282,175.00
5900,220,F,45354,180.04
5910,220,F,45425,177.45
5920,220,F,45496,177.57
5930,220,F,45567,177.48
5940,220,F,45636,172.48
5950,220,F,45704,169.97
5960,220,F,45772,170.02
5970,220,F,45839,167.53
5980,220,F,45906,167.48
5990,220,F,45975,172.53
6000,220,F,46046,177.50
6010,220,F,46116,174.98
6020,220,F,46185,172.52
6030,220,F,46254,172.50
6040,220,F,46323,172.43
6050,220,F,46392,172.57
6060,220,F,46462,174.98
6070,220,F,46533,177.52
6080,220,F,46604,177.46
6090,220,F,46676,179.98
6100,220,F,46748,180.04
6110,220,F,46817,172.48
6120,220,F,46887,175.04
6130,220,F,46966,197.50
6140,220,F,47037,177.48
6150,220,F,47106,172.50
6160,220,F,47173,167.47
6170,220,F,47240,167.50
6180,220,F,47311,177.55
6190,220,F,47382,177.38
6200,220,F,47452,175.07
6210,220,F,47523,177.52
6220,220,F,47593,175.04
6230,220,F,47663,174.98
6240,220,F,47734,177.52
6250,220,F,47806,179.93
6260,220,F,47878,180.02
6270,220,F,47949,177.55
6280,220,F,48017,170.00
6290,220,F,48086,172.47
6300,220,F,48154,170.03
6310,220,F,48220,164.93
6320,220,F,48288,170.05
6330,220,F,48357,172.50
6340,220,F,48427,175.00
6350,220,F,48497,174.97
6360,220,F,48566,172.55
6370,220,F,48636,174.97
6380,220,F,48705,172.53
6390,220,F,48775,174.98
6400,220,F,48844,172.52
6410,220,F,48914,175.00
6420,220,F,48986,179.95
6430,220,F,49058,180.02
6440,220,F,49130,179.98
6450,220,F,49200,175.02
6460,220,F,49269,172.52
6470,220,F,49343,185.00
6480,220,F,49420,192.46
6490,220,F,49489,172.52
6500,220,F,49559,174.97
6510,220,F,49623,160.06
6520,220,F,49694,177.45
6530,220,F,49765,177.52
6540,220,F,49835,175.02
6550,220,F,49906,177.50
6560,220,F,49977,177.46
6570,220,F,50047,175.04
6580,220,F,50117,174.97
6590,220,F,50189,180.05
6600,220,F,50262,182.43
6610,220,F,50333,177.55
6620,220,F,50402,172.47
6630,220,F,50471,172.50
6640,220,F,50539,170.00
6650,220,F,50605,165.03
6660,220,F,50673,170.02
6670,220,F,50742,172.47
6680,220,F,50812,175.02
6690,220,F,50882,175.02
6700,220,F,50951,172.45
6710,220,F,51020,172.52
6720,220,F,51089,172.48
6730,220,F,51160,177.52
6740,220,F,51230,175.04
6750,220,F,51299,172.48
6760,220,F,51370,177.52
6770,220,F,51442,179.98
6780,220,F,51514,179.87
6790,220,F,51584,175.07
6800,220,F,51654,175.04
6810,220,F,51725,177.50
6820,220,F,51804,197.54
6830,220,F,51873,172.50
6840,220,F,51943,175.00
6850,220,F,52008,162.48
6860,220,F,52078,174.97
6870,220,F,52149,177.54
6880,220,F,52218,172.52
6890,220,F,52289,177.45
6900,220,F,52361,180.02
6910,220,F,52431,174.98
6920,220,F,52501,175.04
6930,220,F,52573,179.91
6940,220,F,52645,180.07
6950,220,F,52716,177.50
6960,220,F,52786,174.98
6970,220,F,52855,172.55
6980,220,F,52923,169.98
6990,220,F,52990,167.48
7000,220,F,53057,167.52
7010,220,F,53126,172.45
7020,220,F,53196,175.04
7030,220,F,53266,174.98
7040,220,F,53336,175.00
7050,220,F,53405,172.53
7060,220,F,53474,172.50
7070,220,F,53544,175.00
7080,220,F,53614,175.02
7090,220,F,53684,174.97
7100,220,F,53755,177.52
7110,220,F,53827,179.96
7120,220,F,53898,177.50
7130,220,F,53969,177.55
7140,220,F,54039,174.97
7150,220,F,54109,175.04
7160,220,F,54190,202.48
7170,220,F,54259,172.52
7180,220,F,54328,172.45
7190,220,F,54397,172.50
7200,220,F,54463,165.00
7210,220,F,54535,180.00
7220,220,F,54604,172.50
7230,220,F,54675,177.55
7240,220,F,54746,177.48
7250,220,F,54816,174.95
7260,220,F,54886,175.07
7270,220,F,54958,179.95
7280,220,F,55030,180.04
7290,220,F,55101,177.52
7300,220,F,55172,177.45
7310,220,F,55241,172.55
7320,220,F,55309,169.93
7330,220,F,55376,167.55
7340,220,F,55443,167.52
7350,220,F,55511,169.90
7360,220,F,55580,172.57
7370,220,F,55651,177.52
7380,220,F,55721,174.97
7390,220,F,55790,172.52
7400,220,F,55858,170.02
7410,220,F,55928,174.97
7420,220,F,55997,172.50
7430,220,F,56067,175.00
7440,220,F,56138,177.50
7450,220,F,56210,180.05
7460,220,F,56281,177.46
7470,220,F,56353,179.96
7480,220,F,56422,172.57
7490,220,F,56492,175.00
7500,220,F,56572,199.94
7510,220,F,56643,177.55
7520,220,F,56711,169.98
7530,220,F,56781,175.02
7540,220,F,56846,162.47
7550,220,F,56917,177.46
7560,220,F,56987,175.02
7570,220,F,57057,175.05
7580,220,F,57128,177.46
7590,220,F,57199,177.48
7600,220,F,57269,175.00
7610,220,F,57340,177.55
7620,220,F,57412,180.00
7630,220,F,57484,179.96
7640,220,F,57554,175.02
7650,220,F,57623,172.45
7660,220,F,57692,172.57
7670,220,F,57759,167.47
7680,220,F,57826,167.48
7690,220,F,57893,167.53
7700,220,F,57963,174.84
7710,220,F,58033,175.16
7720,220,F,58102,172.47
7730,220,F,58172,175.00
7740,220,F,58241,172.53
7750,220,F,58310,172.50
7760,220,F,58379,172.52
7770,220,F,58449,175.00
7780,220,F,58519,174.98
7790,220,F,58591,180.02
7800,220,F,58663,179.96
7810,220,F,58734,177.48
7820,220,F,58804,175.05
7830,220,F,58874,174.95
7840,220,F,58949,187.52
7850,220,F,59024,187.50
7860,220,F,59093,172.48
7870,220,F,59163,175.04
7880,220,F,59226,157.52
7890,220,F,59297,177.45
7900,220,F,59368,177.52
7910,220,F,59438,175.02
7920,220,F,59509,177.48
7930,220,F,59580,177.54
7940,220,F,59650,175.00
7950,220,F,59720,174.97
7960,220,F,59792,180.00
7970,220,F,59864,180.02
7980,220,F,59935,177.46
7990,220,F,60004,172.53
8000,220,F,60072,170.00
=== END ===
# Trial 36 of 46: step_down_fwd_240to220_run02
=== START step_down_fwd_240to220_run02 ===
t_ms,pwm_cmd,dir,enc_count,rpm
0,240,F,0,0.00
10,240,F,1,2.50
20,240,F,9,20.00
30,240,F,21,30.01
40,240,F,41,49.99
50,240,F,65,60.00
60,240,F,93,70.01
70,240,F,126,82.48
80,240,F,164,95.01
90,240,F,203,97.52
100,240,F,246,107.49
110,240,F,296,125.00
120,240,F,348,129.97
130,240,F,403,137.51
140,240,F,460,142.51
150,240,F,519,147.47
160,240,F,581,155.03
170,240,F,644,157.47
180,240,F,709,162.50
190,240,F,778,172.55
200,240,F,848,174.98
210,240,F,919,177.46
220,240,F,991,180.00
230,240,F,1063,180.00
240,240,F,1135,180.00
250,240,F,1206,177.55
260,240,F,1279,182.46
270,240,F,1355,190.00
280,240,F,1432,192.54
290,240,F,1510,194.98
300,240,F,1589,197.46
310,240,F,1668,197.52
320,240,F,1748,200.02
330,240,F,1828,199.96
340,240,F,1910,205.06
350,240,F,1993,207.46
360,240,F,2078,212.48
370,240,F,2162,210.06
380,240,F,2245,207.46
390,240,F,2329,209.98
400,240,F,2423,235.00
410,240,F,2506,207.56
420,240,F,2589,207.31
430,240,F,2668,197.62
440,240,F,2754,215.06
450,240,F,2838,210.00
460,240,F,2924,214.96
470,240,F,3010,215.04
480,240,F,3096,214.96
490,240,F,3183,217.52
500,240,F,3271,219.98
510,240,F,3358,217.48
520,240,F,3443,212.39
530,240,F,3526,207.65
540,240,F,3609,207.50
550,240,F,3692,207.46
560,240,F,3777,212.52
570,240,F,3864,217.54
580,240,F,3950,214.94
590,240,F,4035,212.50
600,240,F,4120,212.52
610,240,F,4206,214.98
620,240,F,4293,217.52
630,240,F,4381,220.04
640,240,F,4471,224.98
650,240,F,4559,220.00
660,240,F,4646,217.43
670,240,F,4734,220.02
680,240,F,4830,240.07
690,240,F,4916,215.00
700,240,F,5003,217.41
710,240,F,5085,205.06
720,240,F,5173,219.96
730,240,F,5260,217.57
740,240,F,5348,219.98
750,240,F,5435,217.50
760,240,F,5523,219.96
770,240,F,5611,220.00
780,240,F,5701,225.02
790,240,F,5789,220.04
800,240,F,5875,214.94
810,240,F,5959,210.04
820,240,F,6042,207.48
830,240,F,6126,210.02
840,240,F,6213,217.52
850,240,F,6301,219.96
860,240,F,6387,215.00
870,240,F,6473,215.00
880,240,F,6560,217.50
890,240,F,6647,217.48
900,240,F,6734,217.46
910,240,F,6823,222.59
920,240,F,6912,222.52
930,240,F,7001,222.48
940,240,F,7088,217.43
950,240,F,7181,232.59
960,240,F,7273,229.93
970,240,F,7358,212.54
980,240,F,7440,204.98
990,240,F,7528,220.02
1000,240,F,7616,219.98
1010,240,F,7704,220.04
1020,240,F,7792,219.98
1030,240,F,7879,217.46
1040,240,F,7968,222.52
1050,240,F,8057,222.50
1060,240,F,8146,222.48
1070,240,F,8233,217.37
1080,240,F,8318,212.65
1090,240,F,8402,210.04
1100,240,F,8485,207.50
1110,240,F,8572,217.48
1120,240,F,8659,217.48
1130,240,F,8746,217.48
1140,240,F,8832,214.96
1150,240,F,8918,215.02
1160,240,F,9004,215.06
1170,240,F,9092,219.96
1180,240,F,9180,220.04
1190,240,F,9270,225.00
1200,240,F,9359,222.50
1210,240,F,9446,217.43
1220,240,F,9535,222.43
1230,240,F,9631,240.12
1240,240,F,9718,217.50
1250,240,F,9803,212.50
1260,240,F,9886,207.50
1270,240,F,9975,222.52
1280,240,F,10062,217.48
1290,240,F,10150,219.96
1300,240,F,10237,217.52
1310,240,F,10325,220.00
1320,240,F,10414,222.48
1330,240,F,10504,225.02
1340,240,F,10591,217.50
1350,240,F,10677,215.00
1360,240,F,10762,212.56
1370,240,F,10845,207.50
1380,240,F,10929,209.92
1390,240,F,11015,215.02
1400,240,F,11103,220.07
1410,240,F,11189,214.96
1420,240,F,11275,215.04
1430,240,F,11362,217.46
1440,240,F,11449,217.54
1450,240,F,11536,217.41
1460,240,F,11625,222.54
1470,240,F,11714,222.48
1480,240,F,11802,220.02
1490,240,F,11890,220.04
1500,240,F,11982,230.00
1510,240,F,12074,230.00
1520,240,F,12159,212.46
1530,240,F,12242,207.50
1540,240,F,12329,217.52
1550,240,F,12417,219.98
1560,240,F,12504,217.52
1570,240,F,12593,222.46
1580,240,F,12680,217.48
1590,240,F,12768,220.02
1600,240,F,12857,222.57
1610,240,F,12946,222.46
1620,240,F,13032,215.00
1630,240,F,13118,215.02
1640,240,F,13202,210.02
1650,240,F,13285,207.44
1660,240,F,13371,215.00
1670,240,F,13458,217.57
1680,240,F,13545,217.48
1690,240,F,13630,212.50
1700,240,F,13717,217.35
1710,240,F,13803,215.17
1720,240,F,13890,217.43
1730,240,F,13979,222.54
1740,240,F,14068,222.43
1750,240,F,14157,222.59
1760,240,F,14244,217.50
1770,240,F,14332,219.96
1780,240,F,14429,242.52
1790,240,F,14515,215.00
1800,240,F,14601,215.02
1810,240,F,14684,207.44
1820,240,F,14772,220.00
1830,240,F,14859,217.50
1840,240,F,14947,220.02
1850,240,F,15034,217.52
1860,240,F,15122,220.02
1870,240,F,15211,222.48
1880,240,F,15301,225.00
1890,240,F,15388,217.52
1900,240,F,15475,217.41
1910,240,F,15559,210.04
1920,240,F,15642,207.54
1930,240,F,15726,209.96
1940,240,F,15812,215.04
1950,240,F,15900,220.00
1960,240,F,15987,217.30
1970,240,F,16072,212.63
1980,240,F,16159,217.52
1990,240,F,16246,217.52
2000,240,F,16333,217.52
2010,240,F,16422,222.46
2020,240,F,16511,222.54
2030,240,F,16600,222.50
2040,240,F,16687,217.50
2050,240,F,16779,229.93
2060,240,F,16871,230.02
2070,240,F,16956,212.54
2080,240,F,17039,207.50
2090,240,F,17126,217.46
2100,240,F,17214,220.00
2110,240,F,17301,217.48
2120,240,F,17389,220.04
2130,240,F,17477,219.91
2140,240,F,17565,220.07
2150,240,F,17654,222.50
2160,240,F,17743,222.48
2170,240,F,17829,215.06
2180,240,F,17915,214.87
2190,240,F,17999,210.04
2200,240,F,18081,205.04
2210,240,F,18167,215.04
2220,240,F,18254,217.43
2230,240,F,18341,217.57
2240,240,F,18426,212.44
2250,240,F,18512,215.00
2260,240,F,18599,217.50
2270,240,F,18686,217.37
2280,240,F,18774,220.18
2290,240,F,18863,222.43
2300,240,F,18952,222.57
2310,240,F,19039,217.48
2320,240,F,19126,217.54
2330,240,F,19224,244.98
2340,240,F,19309,212.52
2350,240,F,19396,217.48
2360,240,F,19478,204.98
2370,240,F,19566,220.00
2380,240,F,19652,215.02
2390,240,F,19740,219.96
2400,240,F,19828,219.98
2410,240,F,19916,219.87
2420,240,F,20004,220.13
2430,240,F,20094,225.07
2440,240,F,20182,219.82
2450,240,F,20268,215.09
2460,240,F,20352,210.04
2470,240,F,20435,207.56
2480,240,F,20519,209.96
2490,240,F,20605,214.98
2500,240,F,20693,220.07
2510,240,F,20780,217.41
2520,240,F,20866,214.91
2530,240,F,20952,215.17
2540,240,F,21039,217.50
2550,240,F,21126,217.50
2560,240,F,21215,222.41
2570,240,F,21304,222.54
2580,240,F,21393,222.54
2590,240,F,21480,217.50
2600,240,F,21571,227.41
2610,240,F,21664,232.57
2620,240,F,21750,214.98
2630,240,F,21834,210.00
2640,240,F,21920,215.02
2650,240,F,22007,217.48
2660,240,F,22095,220.00
2670,240,F,22184,222.37
2680,240,F,22271,217.67
2690,240,F,22359,220.00
2700,240,F,22448,222.46
2710,240,F,22537,222.50
2720,240,F,22624,217.48
2730,240,F,22709,212.54
2740,240,F,22794,212.35
2750,240,F,22877,207.54
2760,240,F,22962,212.63
2770,240,F,23049,217.46
2780,240,F,23136,217.48
2790,240,F,23222,215.00
2800,240,F,23308,215.00
2810,240,F,23395,217.57
2820,240,F,23482,217.43
2830,240,F,23570,220.04
2840,240,F,23660,224.98
2850,240,F,23749,222.50
2860,240,F,23836,217.50
2870,240,F,23924,220.00
2880,240,F,24021,242.52
2890,240,F,24108,217.52
2900,240,F,24194,214.87
2910,240,F,24276,205.08
2920,240,F,24364,220.04
2930,240,F,24451,217.48
2940,240,F,24539,219.96
2950,240,F,24626,217.57
2960,240,F,24714,219.98
2970,240,F,24803,222.46
2980,240,F,24893,224.98
2990,240,F,24981,219.96
3000,220,F,25067,215.06
3010,220,F,25150,207.52
3020,220,F,25232,205.02
3030,220,F,25313,202.48
3040,220,F,25395,205.02
3050,220,F,25478,207.52
3060,220,F,25559,202.46
3070,220,F,25638,197.50
3080,220,F,25717,197.44
3090,220,F,25795,195.04
3100,220,F,25873,195.06
3110,220,F,25952,197.42
3120,220,F,26030,195.02
3130,220,F,26108,194.98
3140,220,F,26186,195.04
3150,220,F,26261,187.50
3160,220,F,26337,190.00
3170,220,F,26421,209.98
3180,220,F,26495,185.06
3190,220,F,26568,182.48
3200,220,F,26636,170.02
3210,220,F,26710,184.96
3220,220,F,26784,185.00
3230,220,F,26857,182.54
3240,220,F,26931,184.94
3250,220,F,27004,182.52
3260,220,F,27076,180.00
3270,220,F,27149,182.54
3280,220,F,27223,184.98
3290,220,F,27297,184.96
3300,220,F,27370,182.55
3310,220,F,27440,175.00
3320,220,F,27510,175.00
3330,220,F,27579,172.45
3340,220,F,27647,170.03
3350,220,F,27716,172.45
3360,220,F,27786,175.07
3370,220,F,27858,179.96
3380,220,F,27928,175.00
3390,220,F,27998,175.04
3400,220,F,28068,174.97
3410,220,F,28138,174.98
3420,220,F,28208,175.02
3430,220,F,28279,177.54
3440,220,F,28350,177.48
3450,220,F,28422,179.98
3460,220,F,28495,182.46
3470,220,F,28567,180.04
3480,220,F,28637,175.00
3490,220,F,28708,177.45
3500,220,F,28785,192.56
3510,220,F,28858,182.50
3520,220,F,28928,175.04
3530,220,F,28998,174.97
3540,220,F,29063,162.40
3550,220,F,29134,177.59
3560,220,F,29204,175.02
3570,220,F,29275,177.48
3580,220,F,29346,177.48
3590,220,F,29417,177.57
3600,220,F,29487,174.97
3610,220,F,29558,177.48
3620,220,F,29630,180.05
3630,220,F,29703,182.46
3640,220,F,29774,177.41
3650,220,F,29842,170.12
3660,220,F,29911,172.45
3670,220,F,29979,170.02
3680,220,F,30046,167.50
3690,220,F,30113,167.50
3700,220,F,30183,175.00
3710,220,F,30253,174.97
3720,220,F,30323,175.02
3730,220,F,30392,172.50
3740,220,F,30462,175.02
3750,220,F,30531,172.53
3760,220,F,30600,172.47
3770,220,F,30670,174.97
3780,220,F,30741,177.52
3790,220,F,30812,177.55
3800,220,F,30885,182.46
3810,220,F,30956,177.46
3820,220,F,31026,175.00
3830,220,F,31096,175.05
3840,220,F,31171,187.52
3850,220,F,31246,187.46
3860,220,F,31315,172.52
3870,220,F,31386,177.48
3880,220,F,31449,157.50
3890,220,F,31520,177.48
3900,220,F,31591,177.55
3910,220,F,31661,174.97
3920,220,F,31732,177.54
3930,220,F,31803,177.38
3940,220,F,31873,175.07
3950,220,F,31943,175.05
3960,220,F,32015,179.96
3970,220,F,32087,179.98
3980,220,F,32158,177.55
3990,220,F,32227,172.47
4000,220,F,32295,170.02
4010,220,F,32363,170.02
4020,220,F,32429,165.00
4030,220,F,32497,169.98
4040,220,F,32566,172.48
4050,220,F,32636,174.98
4060,220,F,32705,172.52
4070,220,F,32775,175.04
4080,220,F,32844,172.48
4090,220,F,32913,172.47
4100,220,F,32983,175.05
4110,220,F,33053,174.98
4120,220,F,33122,172.50
4130,220,F,33193,177.46
4140,220,F,33266,182.52
4150,220,F,33337,177.52
4160,220,F,33408,177.52
4170,220,F,33478,174.97
4180,220,F,33549,177.50
4190,220,F,33628,197.50
4200,220,F,33698,175.00
4210,220,F,33767,172.50
4220,220,F,33831,159.98
4230,220,F,33902,177.50
4240,220,F,33973,177.55
4250,220,F,34043,175.00
4260,220,F,34114,177.50
4270,220,F,34185,177.50
4280,220,F,34256,177.45
4290,220,F,34326,175.04
4300,220,F,34397,177.48
4310,220,F,34470,182.45
4320,220,F,34540,175.09
4330,220,F,34610,174.97
4340,220,F,34679,172.48
4350,220,F,34747,170.02
4360,220,F,34814,167.52
4370,220,F,34881,167.47
4380,220,F,34950,172.53
4390,220,F,35020,175.00
4400,220,F,35090,175.00
4410,220,F,35160,175.02
4420,220,F,35228,169.95
4430,220,F,35298,175.00
4440,220,F,35368,175.04
4450,220,F,35437,172.50
4460,220,F,35507,174.97
4470,220,F,35578,177.52
4480,220,F,35650,180.00
4490,220,F,35721,177.50
4500,220,F,35792,177.54
4510,220,F,35862,174.97
4520,220,F,35932,175.02
4530,220,F,36013,202.52
4540,220,F,36081,170.00
4550,220,F,36151,175.00
4560,220,F,36218,167.45
4570,220,F,36286,170.00
4580,220,F,36357,177.52
4590,220,F,36426,172.50
4600,220,F,36497,177.54
4610,220,F,36568,177.43
4620,220,F,36638,175.05
4630,220,F,36708,174.97
4640,220,F,36780,180.05
4650,220,F,36852,179.98
4660,220,F,36923,177.50
4670,220,F,36993,175.02
4680,220,F,37062,172.47
4690,220,F,37130,170.00
4700,220,F,37198,170.02
4710,220,F,37265,167.50
4720,220,F,37332,167.45
4730,220,F,37402,175.00
4740,220,F,37473,177.55
4750,220,F,37542,172.52
4760,220,F,37611,172.48
4770,220,F,37680,172.52
4780,220,F,37750,175.00
4790,220,F,37819,172.47
4800,220,F,37889,175.04
4810,220,F,37960,177.50
4820,220,F,38032,180.00
4830,220,F,38103,177.45
4840,220,F,38174,177.55
4850,220,F,38244,174.95
4860,220,F,38314,175.02
4870,220,F,38394,199.96
4880,220,F,38464,175.02
4890,220,F,38533,172.52
4900,220,F,38602,172.47
4910,220,F,38667,162.52
4920,220,F,38738,177.55
4930,220,F,38809,177.48
4940,220,F,38879,175.02
4950,220,F,38950,177.45
4960,220,F,39020,175.04
4970,220,F,39090,175.02
4980,220,F,39161,177.46
4990,220,F,39233,179.98
5000,220,F,39305,180.05
5010,220,F,39375,174.93
5020,220,F,39444,172.57
5030,220,F,39513,172.47
5040,220,F,39581,169.97
5050,220,F,39647,165.00
5060,220,F,39714,167.53
5070,220,F,39784,175.02
5080,220,F,39854,174.98
5090,220,F,39924,175.04
5100,220,F,39993,172.45
5110,220,F,40062,172.53
5120,220,F,40132,174.97
5130,220,F,40201,172.53
5140,220,F,40271,174.93
5150,220,F,40341,175.09
5160,220,F,40412,177.46
5170,220,F,40484,180.00
5180,220,F,40556,180.02
5190,220,F,40625,172.47
5200,220,F,40695,175.00
5210,220,F,40770,187.52
5220,220,F,40845,187.52
5230,220,F,40915,174.97
5240,220,F,40984,172.53
5250,220,F,41048,160.02
5260,220,F,41119,177.39
5270,220,F,41190,177.57
5280,220,F,41260,174.88
5290,220,F,41330,175.14
5300,220,F,41400,174.98
5310,220,F,41471,177.48
5320,220,F,41541,174.97
5330,220,F,41612,177.57
5340,220,F,41684,180.00
5350,220,F,41755,177.52
5360,220,F,41824,172.45
5370,220,F,41892,170.03
5380,220,F,41960,170.02
5390,220,F,42026,164.95
5400,220,F,42093,167.55
5410,220,F,42162,172.50
5420,220,F,42231,172.50
5430,220,F,42301,174.98
5440,220,F,42370,172.52
5450,220,F,42438,169.95
5460,220,F,42507,172.50
5470,220,F,42577,175.02
5480,220,F,42646,172.50
5490,220,F,42715,172.52
5500,220,F,42786,177.50
5510,220,F,42858,180.00
5520,220,F,42928,175.00
5530,220,F,42999,177.45
5540,220,F,43068,172.52
5550,220,F,43138,175.04
5560,220,F,43218,199.98
5570,220,F,43287,172.48
5580,220,F,43355,170.00
5590,220,F,43421,165.00
5600,220,F,43490,172.53
5610,220,F,43561,177.45
5620,220,F,43630,172.43
5630,220,F,43700,175.09
5640,220,F,43771,177.52
5650,220,F,43840,172.47
5660,220,F,43910,175.05
5670,220,F,43981,177.46
5680,220,F,44052,177.55
5690,220,F,44123,177.45
5700,220,F,44193,175.00
5710,220,F,44262,172.50
5720,220,F,44329,167.55
5730,220,F,44396,167.50
5740,220,F,44463,167.47
5750,220,F,44530,167.53
5760,220,F,44599,172.50
5770,220,F,44669,174.97
5780,220,F,44738,172.48
5790,220,F,44807,172.50
5800,220,F,44875,169.98
5810,220,F,44944,172.55
5820,220,F,45013,172.50
5830,220,F,45082,172.52
5840,220,F,45152,174.97
5850,220,F,45223,177.52
5860,220,F,45295,179.96
5870,220,F,45366,177.45
5880,220,F,45435,172.55
5890,220,F,45504,172.55
5900,220,F,45580,189.98
5910,220,F,45653,182.46
5920,220,F,45722,172.53
5930,220,F,45790,169.98
5940,220,F,45855,162.53
5950,220,F,45925,174.97
5960,220,F,45995,175.04
5970,220,F,46065,174.95
5980,220,F,46136,177.52
5990,220,F,46206,175.02
6000,220,F,46275,172.52
6010,220,F,46345,174.95
6020,220,F,46416,177.54
6030,220,F,46488,179.96
6040,220,F,46559,177.55
6050,220,F,46627,169.95
6060,220,F,46695,170.00
6070,220,F,46763,170.03
6080,220,F,46829,165.00
6090,220,F,46896,167.52
6100,220,F,46964,169.95
6110,220,F,47034,174.98
6120,220,F,47103,172.52
6130,220,F,47172,172.52
6140,220,F,47240,170.00
6150,220,F,47309,172.53
6160,220,F,47379,174.97
6170,220,F,47448,172.48
6180,220,F,47517,172.50
6190,220,F,47587,175.05
6200,220,F,47659,179.96
6210,220,F,47730,177.48
6220,220,F,47800,175.00
6230,220,F,47870,174.98
6240,220,F,47939,172.55
6250,220,F,48018,197.52
6260,220,F,48088,175.00
6270,220,F,48156,169.97
6280,220,F,48220,159.98
6290,220,F,48290,174.98
6300,220,F,48361,177.54
6310,220,F,48429,170.02
6320,220,F,48500,177.46
6330,220,F,48570,175.00
6340,220,F,48640,175.04
6350,220,F,48710,174.97
6360,220,F,48781,177.45
6370,220,F,48852,177.57
6380,220,F,48922,175.00
6390,220,F,48992,175.04
6400,220,F,49061,172.48
6410,220,F,49128,167.47
6420,220,F,49196,170.05
6430,220,F,49262,164.97
6440,220,F,49329,167.50
6450,220,F,49398,172.48
6460,220,F,49468,175.02
6470,220,F,49538,174.90
6480,220,F,49606,170.12
6490,220,F,49675,172.47
6500,220,F,49744,172.53
6510,220,F,49813,172.48
6520,220,F,49882,172.48
6530,220,F,49953,177.54
6540,220,F,50024,177.48
6550,220,F,50096,180.02
6560,220,F,50167,177.46
6570,220,F,50236,172.50
6580,220,F,50306,175.02
6590,220,F,50383,192.48
6600,220,F,50455,180.04
6610,220,F,50525,174.97
6620,220,F,50593,170.00
6630,220,F,50658,162.50
6640,220,F,50729,177.54
6650,220,F,50799,174.97
6660,220,F,50870,177.41
6670,220,F,50940,175.07
6680,220,F,51011,177.52
6690,220,F,51081,175.05
6700,220,F,51151,175.00
6710,220,F,51223,180.00
6720,220,F,51295,179.96
6730,220,F,51366,177.54
6740,220,F,51434,169.97
6750,220,F,51503,172.53
6760,220,F,51571,169.95
6770,220,F,51637,165.05
6780,220,F,51704,167.48
6790,220,F,51774,175.02
6800,220,F,51843,172.43
6810,220,F,51913,175.05
6820,220,F,51982,172.48
6830,220,F,52051,172.52
6840,220,F,52121,174.93
6850,220,F,52190,172.57
6860,220,F,52260,174.97
6870,220,F,52329,172.52
6880,220,F,52400,177.48
6890,220,F,52473,182.52
6900,220,F,52544,177.50
6910,220,F,52614,174.98
6920,220,F,52684,175.05
6930,220,F,52756,179.95
6940,220,F,52834,194.98
6950,220,F,52903,172.53
6960,220,F,52973,174.98
6970,220,F,53036,157.50
6980,220,F,53107,177.54
6990,220,F,53178,177.46
7000,220,F,53248,175.02
7010,220,F,53318,175.02
7020,220,F,53389,177.52
7030,220,F,53460,177.48
7040,220,F,53529,172.45
7050,220,F,53601,179.98
7060,220,F,53673,180.02
7070,220,F,53744,177.50
7080,220,F,53813,172.57
7090,220,F,53882,172.50
7100,220,F,53950,169.98
7110,220,F,54016,164.97
7120,220,F,54083,167.50
7130,220,F,54152,172.50
7140,220,F,54221,172.53
7150,220,F,54292,177.52
7160,220,F,54361,172.48
7170,220,F,54429,170.00
7180,220,F,54498,172.47
7190,220,F,54568,175.04
7200,220,F,54638,174.97
7210,220,F,54707,172.52
7220,220,F,54778,177.48
7230,220,F,54850,180.05
7240,220,F,54921,177.38
7250,220,F,54991,175.07
7260,220,F,55061,175.02
7270,220,F,55131,175.02
7280,220,F,55212,202.52
7290,220,F,55280,169.98
7300,220,F,55349,172.52
7310,220,F,55417,169.97
7320,220,F,55484,167.50
7330,220,F,55555,177.52
7340,220,F,55624,172.52
7350,220,F,55695,177.50
7360,220,F,55766,177.46
7370,220,F,55836,175.02
7380,220,F,55906,174.95
7390,220,F,55977,177.54
7400,220,F,56049,179.98
7410,220,F,56120,177.52
7420,220,F,56190,175.04
7430,220,F,56259,172.47
7440,220,F,56327,170.00
7450,220,F,56395,170.00
7460,220,F,56461,165.02
7470,220,F,56528,167.47
7480,220,F,56598,175.05
7490,220,F,56668,175.00
7500,220,F,56738,174.98
7510,220,F,56807,172.50
7520,220,F,56875,169.97
7530,220,F,56945,174.98
7540,220,F,57014,172.52
7550,220,F,57084,175.04
7560,220,F,57154,174.98
7570,220,F,57226,180.00
7580,220,F,57298,180.00
7590,220,F,57369,177.48
7600,220,F,57438,172.52
7610,220,F,57508,174.97
7620,220,F,57586,194.94
7630,220,F,57658,180.11
7640,220,F,57727,172.52
7650,220,F,57796,172.48
7660,220,F,57860,159.97
7670,220,F,57931,177.54
7680,220,F,58002,177.36
7690,220,F,58072,175.14
7700,220,F,58143,177.52
7710,220,F,58213,174.97
7720,220,F,58283,175.04
7730,220,F,58353,174.97
7740,220,F,58425,179.98
7750,220,F,58497,180.05
7760,220,F,58568,177.50
7770,220,F,58636,169.98
7780,220,F,58704,170.00
7790,220,F,58772,169.98
7800,220,F,58839,167.52
7810,220,F,58906,167.48
7820,220,F,58975,172.47
7830,220,F,59045,175.02
7840,220,F,59114,172.53
7850,220,F,59184,175.02
7860,220,F,59253,172.47
7870,220,F,59322,172.48
7880,220,F,59391,172.50
7890,220,F,59461,175.04
7900,220,F,59530,172.52
7910,220,F,59601,177.46
7920,220,F,59674,182.48
7930,220,F,59745,177.54
7940,220,F,59815,175.02
7950,220,F,59884,172.50
7960,220,F,59957,182.46
7970,220,F,60034,192.52
7980,220,F,60104,174.95
7990,220,F,60173,172.57
=== END ===
# Trial 37 of 46: step_down_fwd_240to220_run03
=== START step_down_fwd_240to220_run03 ===
t_ms,pwm_cmd,dir,enc_count,rpm
0,240,F,0,0.00
10,240,F,3,7.50
20,240,F,12,22.50
30,240,F,25,32.51
40,240,F,44,47.50
50,240,F,68,60.00
60,240,F,97,72.49
70,240,F,131,84.99
80,240,F,168,92.50
90,240,F,211,107.53
100,240,F,257,114.98
110,240,F,307,124.99
120,240,F,358,127.53
130,240,F,414,140.00
140,240,F,473,147.51
150,240,F,535,154.95
160,240,F,599,160.02
170,240,F,663,159.98
180,240,F,730,167.48
190,240,F,799,172.57
200,240,F,877,194.94
210,240,F,948,177.54
220,240,F,1017,172.50
230,240,F,1086,172.47
240,240,F,1163,192.52
250,240,F,1238,187.50
260,240,F,1315,192.48
270,240,F,1393,195.06
280,240,F,1471,194.98
290,240,F,1551,199.98
300,240,F,1632,202.46
310,240,F,1715,207.58
320,240,F,1798,207.33
330,240,F,1880,205.08
340,240,F,1960,200.08
350,240,F,2041,202.48
360,240,F,2121,199.98
370,240,F,2202,202.50
380,240,F,2287,212.50
390,240,F,2371,210.02
400,240,F,2456,212.46
410,240,F,2540,210.04
420,240,F,2626,215.02
430,240,F,2712,214.96
440,240,F,2798,214.94
450,240,F,2887,222.57
460,240,F,2975,220.00
470,240,F,3063,220.02
480,240,F,3150,217.52
490,240,F,3243,232.45
500,240,F,3335,230.05
510,240,F,3420,212.48
520,240,F,3503,207.44
530,240,F,3592,222.52
540,240,F,3681,222.52
550,240,F,3769,219.96
560,240,F,3858,222.59
570,240,F,3946,219.96
580,240,F,4036,225.02
590,240,F,4127,227.52
600,240,F,4217,224.93
610,240,F,4304,217.52
620,240,F,4390,214.98
630,240,F,4475,212.54
640,240,F,4560,212.50
650,240,F,4647,217.46
660,240,F,4737,225.07
670,240,F,4825,219.96
680,240,F,4912,217.52
690,240,F,5000,220.00
700,240,F,5088,219.93
710,240,F,5176,220.04
720,240,F,5267,227.55
730,240,F,5359,229.95
740,240,F,5449,225.00
750,240,F,5538,222.54
760,240,F,5631,232.50
770,240,F,5726,237.41
780,240,F,5812,215.02
790,240,F,5896,209.98
800,240,F,5986,225.09
810,240,F,6076,224.98
820,240,F,6165,222.46
830,240,F,6255,225.05
840,240,F,6343,220.02
850,240,F,6434,227.48
860,240,F,6525,227.48
870,240,F,6616,227.48
880,240,F,6703,217.54
890,240,F,6790,217.50
900,240,F,6875,212.50
910,240,F,6961,214.94
920,240,F,7048,217.57
930,240,F,7138,225.02
940,240,F,7226,219.98
950,240,F,7314,220.02
960,240,F,7402,219.96
970,240,F,7491,222.50
980,240,F,7579,219.98
990,240,F,7670,227.52
1000,240,F,7762,230.02
1010,240,F,7852,224.98
1020,240,F,7941,222.50
1030,240,F,8035,234.86
1040,240,F,8130,237.69
1050,240,F,8216,215.00
1060,240,F,8300,209.98
1070,240,F,8390,224.96
1080,240,F,8480,225.02
1090,240,F,8569,222.52
1100,240,F,8659,224.96
1110,240,F,8748,222.54
1120,240,F,8839,227.50
1130,240,F,8930,227.52
1140,240,F,9021,227.43
1150,240,F,9108,217.50
1160,240,F,9195,217.52
1170,240,F,9280,212.54
1180,240,F,9366,215.00
1190,240,F,9454,220.00
1200,240,F,9544,224.89
1210,240,F,9632,219.96
1220,240,F,9719,217.59
1230,240,F,9808,222.52
1240,240,F,9897,222.46
1250,240,F,9985,220.00
1260,240,F,10076,227.55
1270,240,F,10168,230.00
1280,240,F,10258,225.02
1290,240,F,10347,222.50
1300,240,F,10442,237.52
1310,240,F,10535,232.41
1320,240,F,10623,219.91
1330,240,F,10706,207.58
1340,240,F,10797,227.52
1350,240,F,10886,222.50
1360,240,F,10975,222.52
1370,240,F,11065,224.96
1380,240,F,11155,225.05
1390,240,F,11245,225.05
1400,240,F,11337,229.95
1410,240,F,11428,227.48
1420,240,F,11515,217.50
1430,240,F,11602,217.54
1440,240,F,11687,212.46
1450,240,F,11773,215.02
1460,240,F,11861,220.02
1470,240,F,11951,224.98
1480,240,F,12038,217.52
1490,240,F,12126,220.02
1500,240,F,12215,222.43
1510,240,F,12304,222.54
1520,240,F,12392,220.00
1530,240,F,12484,230.00
1540,240,F,12575,227.45
1550,240,F,12665,225.05
1560,240,F,12754,222.50
1570,240,F,12850,239.95
1580,240,F,12943,232.57
1590,240,F,13029,215.00
1600,240,F,13114,212.44
1610,240,F,13204,225.05
1620,240,F,13293,222.46
1630,240,F,13383,225.07
1640,240,F,13473,224.98
1650,240,F,13562,222.50
1660,240,F,13653,227.48
1670,240,F,13745,229.98
1680,240,F,13835,225.07
1690,240,F,13923,219.98
1700,240,F,14009,215.00
1710,240,F,14094,212.52
1720,240,F,14180,214.96
1730,240,F,14268,219.98
1740,240,F,14358,225.05
1750,240,F,14446,219.98
1760,240,F,14534,220.04
1770,240,F,14623,222.48
1780,240,F,14712,222.48
1790,240,F,14800,220.04
1800,240,F,14892,229.95
1810,240,F,14983,227.48
1820,240,F,15073,225.05
1830,240,F,15162,222.50
1840,240,F,15260,245.00
1850,240,F,15350,225.02
1860,240,F,15437,217.50
1870,240,F,15522,212.48
1880,240,F,15613,227.36
1890,240,F,15701,220.09
1900,240,F,15791,225.02
1910,240,F,15881,224.87
1920,240,F,15970,222.68
1930,240,F,16061,227.41
1940,240,F,16153,230.02
1950,240,F,16242,222.50
1960,240,F,16330,220.00
1970,240,F,16417,217.52
1980,240,F,16502,212.48
1990,240,F,16587,212.48
2000,240,F,16676,222.57
2010,240,F,16765,222.50
2020,240,F,16853,219.96
2030,240,F,16941,220.02
2040,240,F,17030,222.48
2050,240,F,17119,222.52
2060,240,F,17209,225.00
2070,240,F,17300,227.55
2080,240,F,17391,227.43
2090,240,F,17481,225.05
2100,240,F,17570,222.52
2110,240,F,17669,247.43
2120,240,F,17758,222.57
2130,240,F,17845,217.41
2140,240,F,17929,210.04
2150,240,F,18020,227.52
2160,240,F,18108,219.96
2170,240,F,18199,227.50
2180,240,F,18288,222.54
2190,240,F,18377,222.50
2200,240,F,18468,227.50
2210,240,F,18560,229.98
2220,240,F,18649,222.46
2230,240,F,18737,220.07
2240,240,F,18823,215.00
2250,240,F,18909,214.96
2260,240,F,18994,212.50
2270,240,F,19083,222.52
2280,240,F,19172,222.48
2290,240,F,19260,220.07
2300,240,F,19348,220.00
2310,240,F,19437,222.50
2320,240,F,19525,219.93
2330,240,F,19615,225.07
2340,240,F,19707,229.93
2350,240,F,19798,227.50
2360,240,F,19887,222.48
2370,240,F,19977,225.07
2380,240,F,20076,247.48
2390,240,F,20164,220.02
2400,240,F,20251,217.46
2410,240,F,20336,212.52
2420,240,F,20426,225.02
2430,240,F,20515,222.46
2440,240,F,20605,225.00
2450,240,F,20694,222.50
2460,240,F,20784,225.07
2470,240,F,20875,227.45
2480,240,F,20966,227.52
2490,240,F,21056,224.98
2500,240,F,21143,217.48
2510,240,F,21230,217.54
2520,240,F,21315,212.48
2530,240,F,21400,212.50
2540,240,F,21490,225.00
2550,240,F,21578,220.04
2560,240,F,21667,222.43
2570,240,F,21754,217.52
2580,240,F,21843,222.48
2590,240,F,21931,220.02
2600,240,F,22022,227.36
2610,240,F,22113,227.66
2620,240,F,22204,227.43
2630,240,F,22293,222.59
2640,240,F,22383,225.00
2650,240,F,22482,247.43
2660,240,F,22570,220.00
2670,240,F,22657,217.50
2680,240,F,22742,212.48
2690,240,F,22832,225.07
2700,240,F,22921,222.48
2710,240,F,23011,224.98
2720,240,F,23100,222.48
2730,240,F,23189,222.57
2740,240,F,23280,227.45
2750,240,F,23371,227.57
2760,240,F,23461,224.96
2770,240,F,23548,217.50
2780,240,F,23635,217.43
2790,240,F,23719,210.06
2800,240,F,23805,214.98
2810,240,F,23894,222.57
2820,240,F,23983,222.43
2830,240,F,24071,220.04
2840,240,F,24158,217.48
2850,240,F,24247,222.50
2860,240,F,24335,220.04
2870,240,F,24426,227.34
2880,240,F,24517,227.64
2890,240,F,24608,227.43
2900,240,F,24697,222.54
2910,240,F,24786,222.48
2920,240,F,24885,247.50
2930,240,F,24973,220.07
2940,240,F,25060,217.46
2950,240,F,25146,215.04
2960,240,F,25235,222.41
2970,240,F,25324,222.57
2980,240,F,25414,224.98
2990,240,F,25504,224.84
3000,220,F,25593,222.66
3010,220,F,25683,224.98
3020,220,F,25772,222.52
3030,220,F,25859,217.54
3040,220,F,25942,207.48
3050,220,F,26023,202.46
3060,220,F,26102,197.56
3070,220,F,26181,197.46
3080,220,F,26261,200.00
3090,220,F,26342,202.48
3100,220,F,26421,197.50
3110,220,F,26499,195.00
3120,220,F,26576,192.52
3130,220,F,26653,192.50
3140,220,F,26730,192.54
3150,220,F,26808,194.94
3160,220,F,26886,195.04
3170,220,F,26963,192.48
3180,220,F,27040,192.48
3190,220,F,27115,187.54
3200,220,F,27190,187.46
3210,220,F,27275,212.37
3220,220,F,27348,182.61
3230,220,F,27421,182.50
3240,220,F,27490,172.53
3250,220,F,27564,184.98
3260,220,F,27637,182.54
3270,220,F,27711,184.94
3280,220,F,27785,185.02
3290,220,F,27858,182.50
3300,220,F,27931,182.48
3310,220,F,28004,182.50
3320,220,F,28078,185.00
3330,220,F,28154,190.06
3340,220,F,28227,182.50
3350,220,F,28298,177.48
3360,220,F,28368,175.02
3370,220,F,28439,177.41
3380,220,F,28507,170.05
3390,220,F,28576,172.48
3400,220,F,28647,177.52
3410,220,F,28720,182.50
3420,220,F,28791,177.48
3430,220,F,28862,177.52
3440,220,F,28933,177.52
3450,220,F,29004,177.45
3460,220,F,29075,177.54
3470,220,F,29147,180.02
3480,220,F,29219,180.02
3490,220,F,29293,184.87
3500,220,F,29366,182.63
3510,220,F,29438,179.95
3520,220,F,29510,180.04
3530,220,F,29581,177.50
3540,220,F,29663,205.02
3550,220,F,29734,177.45
3560,220,F,29803,172.55
3570,220,F,29874,177.46
3580,220,F,29942,170.03
3590,220,F,30015,182.45
3600,220,F,30086,177.50
3610,220,F,30158,180.02
3620,220,F,30230,180.02
3630,220,F,30301,177.46
3640,220,F,30373,180.00
3650,220,F,30446,182.50
3660,220,F,30519,182.55
3670,220,F,30591,179.95
3680,220,F,30662,177.52
3690,220,F,30733,177.48
3700,220,F,30802,172.55
3710,220,F,30870,169.93
3720,220,F,30938,170.05
3730,220,F,31007,172.47
3740,220,F,31078,177.54
3750,220,F,31150,179.96
3760,220,F,31221,177.54
3770,220,F,31291,174.86
3780,220,F,31361,175.12
3790,220,F,31432,177.54
3800,220,F,31503,177.46
3810,220,F,31573,175.04
3820,220,F,31646,182.34
3830,220,F,31719,182.61
3840,220,F,31792,182.54
3850,220,F,31863,177.48
3860,220,F,31935,180.04
3870,220,F,32008,182.43
3880,220,F,32087,197.52
3890,220,F,32157,175.00
3900,220,F,32228,177.54
3910,220,F,32295,167.50
3920,220,F,32366,177.38
3930,220,F,32437,177.61
3940,220,F,32509,180.04
3950,220,F,32581,179.96
3960,220,F,32653,180.00
3970,220,F,32724,177.50
3980,220,F,32796,179.96
3990,220,F,32868,180.07
4000,220,F,32942,184.96
4010,220,F,33014,179.98
4020,220,F,33085,177.52
4030,220,F,33154,172.50
4040,220,F,33223,172.53
4050,220,F,33291,169.93
4060,220,F,33359,170.07
4070,220,F,33430,177.45
4080,220,F,33501,177.50
4090,220,F,33571,175.02
4100,220,F,33643,179.91
4110,220,F,33713,175.07
4120,220,F,33783,175.02
4130,220,F,33854,177.50
4140,220,F,33925,177.48
4150,220,F,33996,177.55
4160,220,F,34068,179.96
4170,220,F,34142,184.98
4180,220,F,34215,182.54
4190,220,F,34285,174.98
4200,220,F,34357,180.02
4210,220,F,34434,192.48
4220,220,F,34509,187.52
4230,220,F,34580,177.48
4240,220,F,34651,177.54
4250,220,F,34716,162.48
4260,220,F,34788,179.98
4270,220,F,34860,179.98
4280,220,F,34932,180.00
4290,220,F,35004,179.98
4300,220,F,35076,179.98
4310,220,F,35147,177.55
4320,220,F,35219,180.04
4330,220,F,35292,182.46
4340,220,F,35366,185.00
4350,220,F,35437,177.50
4360,220,F,35507,174.98
4370,220,F,35577,175.00
4380,220,F,35646,172.53
4390,220,F,35714,169.97
4400,220,F,35782,170.05
4410,220,F,35853,177.46
4420,220,F,35925,179.98
4430,220,F,35995,175.04
4440,220,F,36066,177.52
4450,220,F,36136,174.95
4460,220,F,36207,177.39
4470,220,F,36277,175.14
4480,220,F,36348,177.52
4490,220,F,36420,179.98
4500,220,F,36493,182.48
4510,220,F,36566,182.54
4520,220,F,36638,179.95
4530,220,F,36709,177.55
4540,220,F,36780,177.50
4550,220,F,36862,204.98
4560,220,F,36933,177.48
4570,220,F,37002,172.53
4580,220,F,37074,179.96
4590,220,F,37140,165.03
4600,220,F,37213,182.45
4610,220,F,37284,177.48
4620,220,F,37355,177.50
4630,220,F,37427,180.02
4640,220,F,37499,180.05
4650,220,F,37570,177.46
4660,220,F,37643,182.50
4670,220,F,37716,182.52
4680,220,F,37788,179.96
4690,220,F,37860,180.05
4700,220,F,37930,175.00
4710,220,F,37999,172.47
4720,220,F,38067,170.00
4730,220,F,38135,170.00
4740,220,F,38205,175.02
4750,220,F,38276,177.52
4760,220,F,38348,179.95
4770,220,F,38418,175.02
4780,220,F,38488,175.00
4790,220,F,38558,175.04
4800,220,F,38630,179.96
4810,220,F,38700,174.98
4820,220,F,38771,177.50
4830,220,F,38843,180.02
4840,220,F,38917,185.04
4850,220,F,38989,180.00
4860,220,F,39061,179.95
4870,220,F,39132,177.48
4880,220,F,39204,180.02
4890,220,F,39284,200.06
4900,220,F,39355,177.48
4910,220,F,39425,175.00
4920,220,F,39496,177.52
4930,220,F,39563,167.47
4940,220,F,39635,180.04
4950,220,F,39706,177.34
4960,220,F,39777,177.64
4970,220,F,39850,182.46
4980,220,F,39922,180.00
4990,220,F,39993,177.38
5000,220,F,40065,180.14
5010,220,F,40139,185.04
5020,220,F,40211,179.93
5030,220,F,40282,177.55
5040,220,F,40351,172.52
5050,220,F,40420,172.50
5060,220,F,40487,167.50
5070,220,F,40556,172.45
5080,220,F,40626,175.04
5090,220,F,40697,177.46
5100,220,F,40768,177.39
5110,220,F,40839,177.55
5120,220,F,40909,174.95
5130,220,F,40979,175.14
5140,220,F,41050,177.48
5150,220,F,41120,174.97
5160,220,F,41191,177.54
5170,220,F,41263,180.02
5180,220,F,41337,185.00
5190,220,F,41409,180.00
5200,220,F,41480,177.45
5210,220,F,41551,177.54
5220,220,F,41627,190.04
5230,220,F,41704,192.42
5240,220,F,41774,175.07
5250,220,F,41845,177.46
5260,220,F,41909,159.98
5270,220,F,41982,182.50
5280,220,F,42054,180.02
5290,220,F,42125,177.52
5300,220,F,42197,180.02
5310,220,F,42269,179.87
5320,220,F,42340,177.62
5330,220,F,42412,180.00
5340,220,F,42485,182.45
5350,220,F,42558,182.55
5360,220,F,42630,179.98
5370,220,F,42700,174.98
5380,220,F,42769,172.48
5390,220,F,42839,175.02
5400,220,F,42906,167.50
5410,220,F,42975,172.53
5420,220,F,43045,174.97
5430,220,F,43117,180.04
5440,220,F,43187,174.98
5450,220,F,43258,177.45
5460,220,F,43328,175.07
5470,220,F,43398,174.98
5480,220,F,43469,177.50
5490,220,F,43540,177.50
5500,220,F,43611,177.48
5510,220,F,43684,182.54
5520,220,F,43757,182.50
5530,220,F,43829,180.00
5540,220,F,43900,177.45
5550,220,F,43971,177.55
5560,220,F,44052,202.44
5570,220,F,44123,177.52
5580,220,F,44193,174.98
5590,220,F,44265,180.05
5600,220,F,44330,162.48
5610,220,F,44403,182.37
5620,220,F,44474,177.61
5630,220,F,44545,177.54
5640,220,F,44617,179.96
5650,220,F,44688,177.46
5660,220,F,44760,180.02
5670,220,F,44832,180.00
5680,220,F,44905,182.55
5690,220,F,44977,180.00
5700,220,F,45049,179.96
5710,220,F,45119,175.00
5720,220,F,45188,172.47
5730,220,F,45257,172.57
5740,220,F,45325,169.98
5750,220,F,45393,169.97
5760,220,F,45464,177.54
5770,220,F,45536,179.95
5780,220,F,45607,177.52
5790,220,F,45676,172.55
5800,220,F,45746,175.00
5810,220,F,45817,177.48
5820,220,F,45888,177.46
5830,220,F,45959,177.54
5840,220,F,46031,179.95
5850,220,F,46104,182.54
5860,220,F,46176,180.00
5870,220,F,46248,180.02
5880,220,F,46319,177.52
5890,220,F,46391,179.95
5900,220,F,46472,202.50
5910,220,F,46542,175.04
5920,220,F,46613,177.50
5930,220,F,46683,175.00
5940,220,F,46750,167.50
5950,220,F,46822,179.96
5960,220,F,46893,177.52
5970,220,F,46964,177.52
5980,220,F,47037,182.52
5990,220,F,47108,177.46
6000,220,F,47180,180.02
6010,220,F,47252,180.02
6020,220,F,47325,182.50
6030,220,F,47397,179.95
6040,220,F,47468,177.55
6050,220,F,47539,177.48
6060,220,F,47607,169.98
6070,220,F,47675,170.00
6080,220,F,47743,169.98
6090,220,F,47813,175.05
6100,220,F,47884,177.45
6110,220,F,47955,177.54
6120,220,F,48026,177.48
6130,220,F,48096,175.04
6140,220,F,48165,172.48
6150,220,F,48237,180.02
6160,220,F,48308,177.48
6170,220,F,48378,175.02
6180,220,F,48450,180.00
6190,220,F,48524,184.94
6200,220,F,48596,180.02
6210,220,F,48668,180.04
6220,220,F,48739,177.50
6230,220,F,48812,182.50
6240,220,F,48891,197.44
6250,220,F,48961,175.00
6260,220,F,49033,180.04
6270,220,F,49101,169.98
6280,220,F,49169,170.00
6290,220,F,49241,180.04
6300,220,F,49312,177.43
6310,220,F,49384,180.04
6320,220,F,49456,180.00
6330,220,F,49528,180.00
6340,220,F,49599,177.54
6350,220,F,49672,182.48
6360,220,F,49745,182.50
6370,220,F,49818,182.50
6380,220,F,49888,175.00
6390,220,F,49957,172.50
6400,220,F,50027,174.86
6410,220,F,50094,167.62
6420,220,F,50162,170.00
6430,220,F,50233,177.54
6440,220,F,50304,177.48
6450,220,F,50374,175.00
6460,220,F,50445,177.48
6470,220,F,50515,175.00
6480,220,F,50586,177.50
6490,220,F,50656,175.00
6500,220,F,50727,177.46
6510,220,F,50798,177.54
6520,220,F,50871,182.52
6530,220,F,50944,182.50
6540,220,F,51017,182.50
6550,220,F,51087,174.98
6560,220,F,51158,177.52
6570,220,F,51235,192.50
6580,220,F,51311,190.00
6590,220,F,51381,174.95
6600,220,F,51452,177.55
6610,220,F,51517,162.52
6620,220,F,51589,180.00
6630,220,F,51660,177.46
6640,220,F,51732,179.96
6650,220,F,51804,180.07
6660,220,F,51875,177.46
6670,220,F,51947,180.04
6680,220,F,52018,177.43
6690,220,F,52091,182.52
6700,220,F,52164,182.54
6710,220,F,52236,179.98
6720,220,F,52306,175.02
6730,220,F,52375,172.48
6740,220,F,52444,172.53
6750,220,F,52512,169.98
6760,220,F,52580,170.00
6770,220,F,52650,174.97
6780,220,F,52722,180.00
6790,220,F,52793,177.55
6800,220,F,52863,174.98
6810,220,F,52933,175.00
6820,220,F,53004,177.50
6830,220,F,53074,175.00
6840,220,F,53145,177.50
6850,220,F,53217,180.02
6860,220,F,53290,182.46
6870,220,F,53363,182.39
6880,220,F,53435,180.13
6890,220,F,53506,177.50
6900,220,F,53577,177.52
6910,220,F,53659,204.94
6920,220,F,53730,177.50
6930,220,F,53799,172.52
6940,220,F,53871,180.02
6950,220,F,53937,164.97
6960,220,F,54009,180.00
6970,220,F,54080,177.52
6980,220,F,54152,180.04
6990,220,F,54224,179.98
7000,220,F,54295,177.48
7010,220,F,54367,180.00
7020,220,F,54440,182.52
7030,220,F,54513,182.50
7040,220,F,54585,179.95
7050,220,F,54657,180.05
7060,220,F,54728,177.48
7070,220,F,54797,172.50
7080,220,F,54865,170.00
7090,220,F,54933,169.97
7100,220,F,55003,175.05
7110,220,F,55074,177.46
7120,220,F,55146,180.04
7130,220,F,55217,177.48
7140,220,F,55287,175.00
7150,220,F,55357,174.97
7160,220,F,55429,180.07
7170,220,F,55500,177.45
7180,220,F,55570,175.02
7190,220,F,55643,182.50
7200,220,F,55717,185.04
7210,220,F,55789,179.96
7220,220,F,55861,179.98
7230,220,F,55933,180.04
7240,220,F,56005,180.00
7250,220,F,56085,199.98
7260,220,F,56156,177.50
7270,220,F,56227,177.54
7280,220,F,56297,174.98
7290,220,F,56365,170.00
7300,220,F,56437,179.98
7310,220,F,56508,177.52
7320,220,F,56580,179.95
7330,220,F,56653,182.50
7340,220,F,56725,180.04
7350,220,F,56796,177.52
7360,220,F,56869,182.50
7370,220,F,56943,185.02
7380,220,F,57015,179.95
7390,220,F,57086,177.52
7400,220,F,57156,175.04
7410,220,F,57225,172.50
7420,220,F,57293,169.98
7430,220,F,57362,172.45
7440,220,F,57433,177.54
7450,220,F,57505,180.04
7460,220,F,57576,177.36
7470,220,F,57647,177.62
7480,220,F,57717,174.97
7490,220,F,57788,177.55
7500,220,F,57859,177.46
7510,220,F,57930,177.52
7520,220,F,58002,180.00
7530,220,F,58075,182.48
7540,220,F,58149,185.04
7550,220,F,58222,182.50
7560,220,F,58293,177.48
7570,220,F,58365,179.98
7580,220,F,58444,197.54
7590,220,F,58518,184.96
7600,220,F,58589,177.54
7610,220,F,58659,174.98
7620,220,F,58726,167.45
7630,220,F,58799,182.54
7640,220,F,58871,179.98
7650,220,F,58943,180.02
7660,220,F,59015,180.00
7670,220,F,59087,180.00
7680,220,F,59159,180.04
7690,220,F,59232,182.50
7700,220,F,59305,182.43
7710,220,F,59378,182.50
7720,220,F,59450,180.07
7730,220,F,59521,177.45
7740,220,F,59591,175.05
7750,220,F,59660,172.45
7760,220,F,59728,170.00
7770,220,F,59798,175.00
7780,220,F,59869,177.48
7790,220,F,59941,180.07
7800,220,F,60012,177.45
7810,220,F,60082,175.00
7820,220,F,60153,177.52
7830,220,F,60225,180.00
7840,220,F,60296,177.54
7850,220,F,60367,177.50
7860,220,F,60439,179.93
7870,220,F,60513,185.04
7880,220,F,60586,182.50
7890,220,F,60658,180.00
7900,220,F,60730,180.02
7910,220,F,60802,180.02
7920,220,F,60883,202.48
7930,220,F,60953,175.02
7940,220,F,61024,177.48
7950,220,F,61092,170.00
7960,220,F,61163,177.50
7970,220,F,61235,179.96
7980,220,F,61307,179.91
7990,220,F,61379,180.11
=== END ===
# Trial 38 of 46: step_down_rev_240to100_run01
=== START step_down_rev_240to100_run01 ===
t_ms,pwm_cmd,dir,enc_count,rpm
0,240,R,0,0.00
10,240,R,-2,-5.00
20,240,R,-12,-25.00
30,240,R,-27,-37.51
40,240,R,-49,-54.99
50,240,R,-76,-67.49
60,240,R,-108,-79.99
70,240,R,-145,-92.50
80,240,R,-186,-102.47
90,240,R,-230,-110.08
100,240,R,-280,-124.98
110,240,R,-332,-129.99
120,240,R,-384,-130.04
130,240,R,-442,-144.96
140,240,R,-505,-157.55
150,240,R,-570,-162.45
160,240,R,-635,-162.55
170,240,R,-701,-165.00
180,240,R,-772,-177.45
190,240,R,-844,-180.02
200,240,R,-920,-190.00
210,240,R,-997,-192.50
220,240,R,-1077,-199.98
230,240,R,-1157,-200.04
240,240,R,-1238,-202.52
250,240,R,-1319,-202.44
260,240,R,-1401,-205.02
270,240,R,-1484,-207.48
280,240,R,-1568,-209.92
290,240,R,-1652,-209.98
300,240,R,-1738,-215.13
310,240,R,-1824,-214.98
320,240,R,-1910,-215.02
330,240,R,-1997,-217.54
340,240,R,-2085,-219.93
350,240,R,-2173,-220.00
360,240,R,-2264,-227.57
370,240,R,-2356,-229.98
380,240,R,-2445,-222.46
390,240,R,-2536,-227.52
400,240,R,-2633,-242.50
410,240,R,-2725,-230.05
420,240,R,-2808,-207.44
430,240,R,-2897,-222.52
440,240,R,-2985,-220.04
450,240,R,-3071,-214.98
460,240,R,-3160,-222.52
470,240,R,-3251,-227.48
480,240,R,-3343,-230.02
490,240,R,-3437,-234.86
500,240,R,-3531,-235.14
510,240,R,-3624,-232.41
520,240,R,-3716,-230.05
530,240,R,-3807,-227.52
540,240,R,-3899,-229.95
550,240,R,-3991,-230.07
560,240,R,-4083,-230.00
570,240,R,-4175,-229.95
580,240,R,-4267,-230.05
590,240,R,-4359,-229.93
600,240,R,-4450,-227.57
610,240,R,-4544,-235.00
620,240,R,-4638,-234.93
630,240,R,-4733,-237.55
640,240,R,-4827,-234.86
650,240,R,-4920,-232.62
660,240,R,-5017,-242.52
670,240,R,-5115,-245.00
680,240,R,-5202,-217.52
690,240,R,-5291,-222.46
700,240,R,-5381,-225.00
710,240,R,-5469,-220.02
720,240,R,-5559,-225.00
730,240,R,-5652,-232.45
740,240,R,-5746,-235.02
750,240,R,-5840,-235.05
760,240,R,-5936,-240.00
770,240,R,-6030,-234.93
780,240,R,-6122,-230.00
790,240,R,-6215,-232.41
800,240,R,-6307,-230.12
810,240,R,-6400,-232.50
820,240,R,-6492,-230.02
830,240,R,-6586,-235.02
840,240,R,-6677,-227.43
850,240,R,-6770,-232.52
860,240,R,-6862,-229.98
870,240,R,-6956,-234.98
880,240,R,-7050,-235.02
890,240,R,-7146,-240.02
900,240,R,-7239,-232.55
910,240,R,-7332,-232.43
920,240,R,-7430,-245.02
930,240,R,-7527,-242.45
940,240,R,-7611,-210.06
950,240,R,-7703,-229.98
960,240,R,-7793,-225.00
970,240,R,-7882,-222.54
980,240,R,-7973,-227.45
990,240,R,-8065,-230.02
1000,240,R,-8159,-234.95
1010,240,R,-8254,-237.57
1020,240,R,-8349,-237.45
1030,240,R,-8443,-235.00
1040,240,R,-8535,-229.98
1050,240,R,-8629,-235.07
1060,240,R,-8721,-229.93
1070,240,R,-8813,-230.02
1080,240,R,-8906,-232.55
1090,240,R,-9000,-234.95
1100,240,R,-9092,-229.98
1110,240,R,-9184,-230.05
1120,240,R,-9277,-232.45
1130,240,R,-9370,-232.52
1140,240,R,-9466,-240.02
1150,240,R,-9561,-237.45
1160,240,R,-9654,-232.52
1170,240,R,-9748,-235.00
1180,240,R,-9847,-247.50
1190,240,R,-9942,-237.52
1200,240,R,-10027,-212.52
1210,240,R,-10120,-232.41
1220,240,R,-10209,-222.57
1230,240,R,-10298,-222.32
1240,240,R,-10389,-227.68
1250,240,R,-10482,-232.52
1260,240,R,-10576,-234.91
1270,240,R,-10672,-240.00
1280,240,R,-10767,-237.50
1290,240,R,-10860,-232.50
1300,240,R,-10953,-232.59
1310,240,R,-11046,-232.50
1320,240,R,-11138,-229.93
1330,240,R,-11230,-229.98
1340,240,R,-11324,-235.07
1350,240,R,-11417,-232.52
1360,240,R,-11509,-229.93
1370,240,R,-11601,-230.02
1380,240,R,-11695,-235.05
1390,240,R,-11789,-234.91
1400,240,R,-11884,-237.55
1410,240,R,-11979,-237.55
1420,240,R,-12071,-230.00
1430,240,R,-12166,-237.50
1440,240,R,-12266,-250.00
1450,240,R,-12359,-232.41
1460,240,R,-12444,-212.56
1470,240,R,-12536,-229.95
1480,240,R,-12625,-222.57
1490,240,R,-12714,-222.46
1500,240,R,-12806,-230.05
1510,240,R,-12899,-232.45
1520,240,R,-12994,-237.50
1530,240,R,-13089,-237.55
1540,240,R,-13184,-237.43
1550,240,R,-13277,-232.52
1560,240,R,-13370,-232.55
1570,240,R,-13463,-232.48
1580,240,R,-13556,-232.48
1590,240,R,-13648,-229.95
1600,240,R,-13741,-232.52
1610,240,R,-13834,-232.50
1620,240,R,-13926,-230.00
1630,240,R,-14019,-232.55
1640,240,R,-14112,-232.52
1650,240,R,-14207,-237.50
1660,240,R,-14302,-237.45
1670,240,R,-14397,-237.48
1680,240,R,-14489,-230.07
1690,240,R,-14584,-237.43
1700,240,R,-14686,-255.03
1710,240,R,-14775,-222.52
1720,240,R,-14862,-217.48
1730,240,R,-14954,-230.05
1740,240,R,-15042,-219.91
1750,240,R,-15131,-222.57
1760,240,R,-15224,-232.50
1770,240,R,-15318,-235.00
1780,240,R,-15412,-234.93
1790,240,R,-15508,-240.07
1800,240,R,-15602,-235.00
1810,240,R,-15695,-232.50
1820,240,R,-15788,-232.50
1830,240,R,-15881,-232.48
1840,240,R,-15973,-229.95
1850,240,R,-16066,-232.57
1860,240,R,-16159,-232.50
1870,240,R,-16251,-230.00
1880,240,R,-16343,-230.02
1890,240,R,-16436,-232.45
1900,240,R,-16530,-234.84
1910,240,R,-16624,-235.16
1920,240,R,-16719,-237.48
1930,240,R,-16813,-235.02
1940,240,R,-16906,-232.50
1950,240,R,-17002,-240.00
1960,240,R,-17102,-250.05
1970,240,R,-17189,-217.48
1980,240,R,-17278,-222.48
1990,240,R,-17369,-227.55
2000,240,R,-17457,-219.98
2010,240,R,-17547,-225.00
2020,240,R,-17639,-229.93
2030,240,R,-17733,-235.05
2040,240,R,-17828,-237.48
2050,240,R,-17923,-237.48
2060,240,R,-18017,-235.09
2070,240,R,-18110,-232.45
2080,240,R,-18202,-230.05
2090,240,R,-18296,-234.93
2100,240,R,-18388,-230.07
2110,240,R,-18480,-230.00
2120,240,R,-18573,-232.48
2130,240,R,-18666,-232.52
2140,240,R,-18758,-229.95
2150,240,R,-18850,-230.00
2160,240,R,-18944,-234.98
2170,240,R,-19038,-235.02
2180,240,R,-19133,-237.48
2190,240,R,-19227,-235.05
2200,240,R,-19320,-232.50
2210,240,R,-19415,-237.50
2220,240,R,-19516,-252.30
2230,240,R,-19601,-212.63
2240,240,R,-19692,-227.52
2250,240,R,-19782,-224.98
2260,240,R,-19870,-220.04
2270,240,R,-19961,-227.52
2280,240,R,-20053,-229.95
2290,240,R,-20147,-235.02
2300,240,R,-20242,-237.50
2310,240,R,-20337,-237.45
2320,240,R,-20431,-235.00
2330,240,R,-20524,-232.55
2340,240,R,-20616,-229.95
2350,240,R,-20709,-232.55
2360,240,R,-20802,-232.50
2370,240,R,-20894,-229.98
2380,240,R,-20988,-235.05
2390,240,R,-21080,-229.93
2400,240,R,-21172,-230.05
2410,240,R,-21265,-232.50
2420,240,R,-21358,-232.48
2430,240,R,-21453,-237.55
2440,240,R,-21548,-237.43
2450,240,R,-21642,-235.07
2460,240,R,-21734,-230.00
2470,240,R,-21833,-247.48
2480,240,R,-21930,-242.43
2490,240,R,-22015,-212.56
2500,240,R,-22107,-230.02
2510,240,R,-22197,-224.96
2520,240,R,-22285,-219.98
2530,240,R,-22376,-227.52
2540,240,R,-22469,-232.50
2550,240,R,-22562,-232.48
2560,240,R,-22658,-240.00
2570,240,R,-22753,-237.55
2580,240,R,-22847,-234.95
2590,240,R,-22939,-230.05
2600,240,R,-23032,-232.50
2610,240,R,-23125,-232.50
2620,240,R,-23217,-230.00
2630,240,R,-23310,-232.43
2640,240,R,-23403,-232.52
2650,240,R,-23495,-230.02
2660,240,R,-23587,-230.00
2670,240,R,-23680,-232.48
2680,240,R,-23774,-235.07
2690,240,R,-23869,-237.43
2700,240,R,-23964,-237.52
2710,240,R,-24057,-232.52
2720,240,R,-24151,-234.98
2730,240,R,-24250,-247.48
2740,240,R,-24345,-237.55
2750,240,R,-24429,-210.02
2760,240,R,-24522,-232.50
2770,240,R,-24611,-222.50
2780,240,R,-24700,-222.30
2790,240,R,-24791,-227.70
2800,240,R,-24884,-232.48
2810,240,R,-24978,-235.02
2820,240,R,-25074,-239.86
2830,240,R,-25169,-237.60
2840,240,R,-25262,-232.48
2850,240,R,-25354,-230.07
2860,240,R,-25447,-232.50
2870,240,R,-25540,-232.48
2880,240,R,-25632,-229.98
2890,240,R,-25725,-232.45
2900,240,R,-25818,-232.55
2910,240,R,-25911,-232.50
2920,240,R,-26003,-229.98
2930,240,R,-26096,-232.52
2940,240,R,-26190,-235.00
2950,240,R,-26285,-237.55
2960,240,R,-26380,-237.48
2970,240,R,-26472,-230.02
2980,240,R,-26566,-235.00
2990,240,R,-26667,-252.42
3000,100,R,-26758,-227.52
3010,100,R,-26844,-215.02
3020,100,R,-26933,-222.46
3030,100,R,-27017,-210.04
3040,100,R,-27099,-205.00
3050,100,R,-27181,-204.98
3060,100,R,-27264,-207.50
3070,100,R,-27345,-202.48
3080,100,R,-27424,-197.54
3090,100,R,-27503,-197.46
3100,100,R,-27580,-192.48
3110,100,R,-27653,-182.52
3120,100,R,-27724,-177.54
3130,100,R,-27793,-172.48
3140,100,R,-27861,-169.98
3150,100,R,-27927,-165.05
3160,100,R,-27992,-162.50
3170,100,R,-28055,-157.48
3180,100,R,-28117,-155.00
3190,100,R,-28178,-152.52
3200,100,R,-28236,-144.97
3210,100,R,-28293,-142.49
3220,100,R,-28348,-137.49
3230,100,R,-28402,-135.05
3240,100,R,-28454,-129.99
3250,100,R,-28506,-129.96
3260,100,R,-28557,-127.55
3270,100,R,-28606,-122.49
3280,100,R,-28654,-119.99
3290,100,R,-28702,-120.01
3300,100,R,-28747,-112.49
3310,100,R,-28791,-110.02
3320,100,R,-28833,-105.00
3330,100,R,-28874,-102.50
3340,100,R,-28914,-100.00
3350,100,R,-28953,-97.49
3360,100,R,-28993,-99.98
3370,100,R,-29034,-102.53
3380,100,R,-29076,-104.98
3390,100,R,-29111,-87.52
3400,100,R,-29141,-74.98
3410,100,R,-29170,-72.51
3420,100,R,-29203,-82.49
3430,100,R,-29234,-77.52
3440,100,R,-29265,-77.48
3450,100,R,-29295,-74.99
3460,100,R,-29324,-72.52
3470,100,R,-29352,-69.99
3480,100,R,-29379,-67.51
3490,100,R,-29404,-62.49
3500,100,R,-29429,-62.50
3510,100,R,-29454,-62.50
3520,100,R,-29477,-57.51
3530,100,R,-29500,-57.49
3540,100,R,-29523,-57.51
3550,100,R,-29545,-55.01
3560,100,R,-29567,-55.00
3570,100,R,-29588,-52.48
3580,100,R,-29608,-50.02
3590,100,R,-29628,-49.99
3600,100,R,-29647,-47.51
3610,100,R,-29666,-47.48
3620,100,R,-29684,-45.01
3630,100,R,-29701,-42.50
3640,100,R,-29718,-42.50
3650,100,R,-29734,-40.00
3660,100,R,-29750,-39.99
3670,100,R,-29765,-37.51
3680,100,R,-29779,-35.00
3690,100,R,-29794,-37.51
3700,100,R,-29808,-34.99
3710,100,R,-29820,-30.00
3720,100,R,-29833,-32.51
3730,100,R,-29845,-30.00
3740,100,R,-29857,-30.00
3750,100,R,-29868,-27.50
3760,100,R,-29879,-27.50
3770,100,R,-29890,-27.50
3780,100,R,-29900,-25.00
3790,100,R,-29910,-25.00
3800,100,R,-29919,-22.50
3810,100,R,-29928,-22.50
3820,100,R,-29937,-22.50
3830,100,R,-29945,-20.00
3840,100,R,-29953,-20.00
3850,100,R,-29961,-20.00
3860,100,R,-29969,-20.00
3870,100,R,-29976,-17.50
3880,100,R,-29984,-20.00
3890,100,R,-29991,-17.50
3900,100,R,-29997,-15.00
3910,100,R,-30004,-17.50
3920,100,R,-30010,-15.00
3930,100,R,-30016,-15.00
3940,100,R,-30022,-15.00
3950,100,R,-30028,-15.00
3960,100,R,-30034,-15.00
3970,100,R,-30039,-12.50
3980,100,R,-30045,-15.00
3990,100,R,-30051,-15.00
4000,100,R,-30055,-10.00
4010,100,R,-30061,-15.00
4020,100,R,-30066,-12.50
4030,100,R,-30071,-12.50
4040,100,R,-30076,-12.50
4050,100,R,-30081,-12.50
4060,100,R,-30086,-12.50
4070,100,R,-30091,-12.50
4080,100,R,-30095,-10.00
4090,100,R,-30100,-12.50
4100,100,R,-30106,-15.00
4110,100,R,-30110,-10.00
4120,100,R,-30115,-12.50
4130,100,R,-30119,-10.00
4140,100,R,-30124,-12.50
4150,100,R,-30128,-10.00
4160,100,R,-30133,-12.50
4170,100,R,-30137,-10.00
4180,100,R,-30142,-12.50
4190,100,R,-30147,-12.50
4200,100,R,-30152,-12.50
4210,100,R,-30156,-10.00
4220,100,R,-30161,-12.50
4230,100,R,-30166,-12.50
4240,100,R,-30170,-10.00
4250,100,R,-30175,-12.50
4260,100,R,-30180,-12.50
4270,100,R,-30184,-10.00
4280,100,R,-30189,-12.50
4290,100,R,-30193,-10.00
4300,100,R,-30198,-12.50
4310,100,R,-30203,-12.50
4320,100,R,-30208,-12.50
4330,100,R,-30212,-10.00
4340,100,R,-30217,-12.50
4350,100,R,-30223,-15.00
4360,100,R,-30228,-12.50
4370,100,R,-30232,-10.00
4380,100,R,-30237,-12.50
4390,100,R,-30242,-12.50
4400,100,R,-30247,-12.50
4410,100,R,-30252,-12.50
4420,100,R,-30257,-12.50
4430,100,R,-30262,-12.50
4440,100,R,-30267,-12.50
4450,100,R,-30273,-15.00
4460,100,R,-30278,-12.50
4470,100,R,-30283,-12.50
4480,100,R,-30289,-15.01
4490,100,R,-30294,-12.50
4500,100,R,-30299,-12.50
4510,100,R,-30304,-12.50
4520,100,R,-30309,-12.50
4530,100,R,-30314,-12.50
4540,100,R,-30320,-15.00
4550,100,R,-30325,-12.50
4560,100,R,-30331,-15.00
4570,100,R,-30336,-12.50
4580,100,R,-30342,-15.00
4590,100,R,-30347,-12.50
4600,100,R,-30352,-12.50
4610,100,R,-30358,-15.00
4620,100,R,-30364,-15.00
4630,100,R,-30369,-12.50
4640,100,R,-30374,-12.50
4650,100,R,-30380,-15.00
4660,100,R,-30386,-15.00
4670,100,R,-30391,-12.50
4680,100,R,-30397,-15.00
4690,100,R,-30402,-12.50
4700,100,R,-30408,-15.00
4710,100,R,-30413,-12.50
4720,100,R,-30419,-15.00
4730,100,R,-30424,-12.50
4740,100,R,-30430,-15.00
4750,100,R,-30435,-12.50
4760,100,R,-30440,-12.50
4770,100,R,-30446,-15.00
4780,100,R,-30451,-12.50
4790,100,R,-30457,-15.00
4800,100,R,-30462,-12.50
4810,100,R,-30468,-15.00
4820,100,R,-30473,-12.50
4830,100,R,-30478,-12.50
4840,100,R,-30483,-12.50
4850,100,R,-30488,-12.50
4860,100,R,-30493,-12.50
4870,100,R,-30498,-12.50
4880,100,R,-30503,-12.50
4890,100,R,-30508,-12.51
4900,100,R,-30513,-12.50
4910,100,R,-30518,-12.50
4920,100,R,-30523,-12.50
4930,100,R,-30528,-12.50
4940,100,R,-30532,-10.00
4950,100,R,-30536,-10.00
4960,100,R,-30541,-12.50
4970,100,R,-30546,-12.50
4980,100,R,-30550,-10.00
4990,100,R,-30554,-10.00
5000,100,R,-30558,-10.00
5010,100,R,-30563,-12.49
5020,100,R,-30567,-10.01
5030,100,R,-30571,-10.00
5040,100,R,-30574,-7.50
5050,100,R,-30578,-10.00
5060,100,R,-30582,-10.00
5070,100,R,-30586,-10.00
5080,100,R,-30589,-7.50
5090,100,R,-30593,-10.00
5100,100,R,-30596,-7.50
5110,100,R,-30599,-7.50
5120,100,R,-30603,-10.00
5130,100,R,-30606,-7.50
5140,100,R,-30609,-7.50
5150,100,R,-30611,-5.00
5160,100,R,-30614,-7.50
5170,100,R,-30616,-5.00
5180,100,R,-30619,-7.50
5190,100,R,-30622,-7.50
5200,100,R,-30625,-7.50
5210,100,R,-30627,-5.00
5220,100,R,-30630,-7.50
5230,100,R,-30631,-2.50
5240,100,R,-30633,-5.00
5250,100,R,-30635,-5.00
5260,100,R,-30638,-7.50
5270,100,R,-30641,-7.50
5280,100,R,-30643,-5.00
5290,100,R,-30646,-7.50
5300,100,R,-30647,-2.50
5310,100,R,-30649,-5.00
5320,100,R,-30650,-2.50
5330,100,R,-30650,0.00
5340,100,R,-30650,0.00
5350,100,R,-30650,0.00
5360,100,R,-30650,0.00
5370,100,R,-30650,0.00
5380,100,R,-30650,0.00
5390,100,R,-30650,0.00
5400,100,R,-30650,0.00
5410,100,R,-30650,0.00
5420,100,R,-30650,0.00
5430,100,R,-30650,0.00
5440,100,R,-30650,0.00
5450,100,R,-30650,0.00
5460,100,R,-30650,0.00
5470,100,R,-30650,0.00
5480,100,R,-30650,0.00
5490,100,R,-30650,0.00
5500,100,R,-30650,0.00
5510,100,R,-30650,0.00
5520,100,R,-30650,0.00
5530,100,R,-30650,0.00
5540,100,R,-30650,0.00
5550,100,R,-30650,0.00
5560,100,R,-30650,0.00
5570,100,R,-30650,0.00
5580,100,R,-30650,0.00
5590,100,R,-30650,0.00
5600,100,R,-30650,0.00
5610,100,R,-30650,0.00
5620,100,R,-30650,0.00
5630,100,R,-30650,0.00
5640,100,R,-30650,0.00
5650,100,R,-30650,0.00
5660,100,R,-30650,0.00
5670,100,R,-30650,0.00
5680,100,R,-30650,0.00
5690,100,R,-30650,0.00
5700,100,R,-30650,0.00
5710,100,R,-30650,0.00
5720,100,R,-30650,0.00
5730,100,R,-30650,0.00
5740,100,R,-30650,0.00
5750,100,R,-30650,0.00
5760,100,R,-30650,0.00
5770,100,R,-30650,0.00
5780,100,R,-30650,0.00
5790,100,R,-30650,0.00
5800,100,R,-30650,0.00
5810,100,R,-30650,0.00
5820,100,R,-30650,0.00
5830,100,R,-30650,0.00
5840,100,R,-30650,0.00
5850,100,R,-30650,0.00
5860,100,R,-30650,0.00
5870,100,R,-30650,0.00
5880,100,R,-30650,0.00
5890,100,R,-30650,0.00
5900,100,R,-30650,0.00
5910,100,R,-30650,0.00
5920,100,R,-30650,0.00
5930,100,R,-30650,0.00
5940,100,R,-30650,0.00
5950,100,R,-30650,0.00
5960,100,R,-30650,0.00
5970,100,R,-30650,0.00
5980,100,R,-30650,0.00
5990,100,R,-30650,0.00
6000,100,R,-30650,0.00
6010,100,R,-30650,0.00
6020,100,R,-30650,0.00
6030,100,R,-30650,0.00
6040,100,R,-30650,0.00
6050,100,R,-30650,0.00
6060,100,R,-30650,0.00
6070,100,R,-30650,0.00
6080,100,R,-30650,0.00
6090,100,R,-30650,0.00
6100,100,R,-30650,0.00
6110,100,R,-30650,0.00
6120,100,R,-30650,0.00
6130,100,R,-30650,0.00
6140,100,R,-30650,0.00
6150,100,R,-30650,0.00
6160,100,R,-30650,0.00
6170,100,R,-30650,0.00
6180,100,R,-30650,0.00
6190,100,R,-30650,0.00
6200,100,R,-30650,0.00
6210,100,R,-30650,0.00
6220,100,R,-30650,0.00
6230,100,R,-30650,0.00
6240,100,R,-30650,0.00
6250,100,R,-30650,0.00
6260,100,R,-30650,0.00
6270,100,R,-30650,0.00
6280,100,R,-30650,0.00
6290,100,R,-30650,0.00
6300,100,R,-30650,0.00
6310,100,R,-30650,0.00
6320,100,R,-30650,0.00
6330,100,R,-30650,0.00
6340,100,R,-30650,0.00
6350,100,R,-30650,0.00
6360,100,R,-30650,0.00
6370,100,R,-30650,0.00
6380,100,R,-30650,0.00
6390,100,R,-30650,0.00
6400,100,R,-30650,0.00
6410,100,R,-30650,0.00
6420,100,R,-30650,0.00
6430,100,R,-30650,0.00
6440,100,R,-30650,0.00
6450,100,R,-30650,0.00
6460,100,R,-30650,0.00
6470,100,R,-30650,0.00
6480,100,R,-30650,0.00
6490,100,R,-30650,0.00
6500,100,R,-30650,0.00
6510,100,R,-30650,0.00
6520,100,R,-30650,0.00
6530,100,R,-30650,0.00
6540,100,R,-30650,0.00
6550,100,R,-30650,0.00
6560,100,R,-30650,0.00
6570,100,R,-30650,0.00
6580,100,R,-30650,0.00
6590,100,R,-30650,0.00
6600,100,R,-30650,0.00
6610,100,R,-30650,0.00
6620,100,R,-30650,0.00
6630,100,R,-30650,0.00
6640,100,R,-30650,0.00
6650,100,R,-30650,0.00
6660,100,R,-30650,0.00
6670,100,R,-30650,0.00
6680,100,R,-30650,0.00
6690,100,R,-30650,0.00
6700,100,R,-30650,0.00
6710,100,R,-30650,0.00
6720,100,R,-30650,0.00
6730,100,R,-30650,0.00
6740,100,R,-30650,0.00
6750,100,R,-30650,0.00
6760,100,R,-30650,0.00
6770,100,R,-30650,0.00
6780,100,R,-30650,0.00
6790,100,R,-30650,0.00
6800,100,R,-30650,0.00
6810,100,R,-30650,0.00
6820,100,R,-30650,0.00
6830,100,R,-30650,0.00
6840,100,R,-30650,0.00
6850,100,R,-30650,0.00
6860,100,R,-30650,0.00
6870,100,R,-30650,0.00
6880,100,R,-30650,0.00
6890,100,R,-30650,0.00
6900,100,R,-30650,0.00
6910,100,R,-30650,0.00
6920,100,R,-30650,0.00
6930,100,R,-30650,0.00
6940,100,R,-30650,0.00
6950,100,R,-30650,0.00
6960,100,R,-30650,0.00
6970,100,R,-30650,0.00
6980,100,R,-30650,0.00
6990,100,R,-30650,0.00
7000,100,R,-30650,0.00
7010,100,R,-30650,0.00
7020,100,R,-30650,0.00
7030,100,R,-30650,0.00
7040,100,R,-30650,0.00
7050,100,R,-30650,0.00
7060,100,R,-30650,0.00
7070,100,R,-30650,0.00
7080,100,R,-30650,0.00
7090,100,R,-30650,0.00
7100,100,R,-30650,0.00
7110,100,R,-30650,0.00
7120,100,R,-30650,0.00
7130,100,R,-30650,0.00
7140,100,R,-30650,0.00
7150,100,R,-30650,0.00
7160,100,R,-30650,0.00
7170,100,R,-30650,0.00
7180,100,R,-30650,0.00
7190,100,R,-30650,0.00
7200,100,R,-30650,0.00
7210,100,R,-30650,0.00
7220,100,R,-30650,0.00
7230,100,R,-30650,0.00
7240,100,R,-30650,0.00
7250,100,R,-30650,0.00
7260,100,R,-30650,0.00
7270,100,R,-30650,0.00
7280,100,R,-30650,0.00
7290,100,R,-30650,0.00
7300,100,R,-30650,0.00
7310,100,R,-30650,0.00
7320,100,R,-30650,0.00
7330,100,R,-30650,0.00
7340,100,R,-30650,0.00
7350,100,R,-30650,0.00
7360,100,R,-30650,0.00
7370,100,R,-30650,0.00
7380,100,R,-30650,0.00
7390,100,R,-30650,0.00
7400,100,R,-30650,0.00
7410,100,R,-30650,0.00
7420,100,R,-30650,0.00
7430,100,R,-30650,0.00
7440,100,R,-30650,0.00
7450,100,R,-30650,0.00
7460,100,R,-30650,0.00
7470,100,R,-30650,0.00
7480,100,R,-30650,0.00
7490,100,R,-30650,0.00
7500,100,R,-30650,0.00
7510,100,R,-30650,0.00
7520,100,R,-30650,0.00
7530,100,R,-30650,0.00
7540,100,R,-30650,0.00
7550,100,R,-30650,0.00
7560,100,R,-30650,0.00
7570,100,R,-30650,0.00
7580,100,R,-30650,0.00
7590,100,R,-30650,0.00
7600,100,R,-30650,0.00
7610,100,R,-30650,0.00
7620,100,R,-30650,0.00
7630,100,R,-30650,0.00
7640,100,R,-30650,0.00
7650,100,R,-30650,0.00
7660,100,R,-30650,0.00
7670,100,R,-30650,0.00
7680,100,R,-30650,0.00
7690,100,R,-30650,0.00
7700,100,R,-30650,0.00
7710,100,R,-30650,0.00
7720,100,R,-30650,0.00
7730,100,R,-30650,0.00
7740,100,R,-30650,0.00
7750,100,R,-30650,0.00
7760,100,R,-30650,0.00
7770,100,R,-30650,0.00
7780,100,R,-30650,0.00
7790,100,R,-30650,0.00
7800,100,R,-30650,0.00
7810,100,R,-30650,0.00
7820,100,R,-30650,0.00
7830,100,R,-30650,0.00
7840,100,R,-30650,0.00
7850,100,R,-30650,0.00
7860,100,R,-30650,0.00
7870,100,R,-30650,0.00
7880,100,R,-30650,0.00
7890,100,R,-30650,0.00
7900,100,R,-30650,0.00
7910,100,R,-30650,0.00
7920,100,R,-30650,0.00
7930,100,R,-30650,0.00
7940,100,R,-30650,0.00
7950,100,R,-30650,0.00
7960,100,R,-30650,0.00
7970,100,R,-30650,0.00
7980,100,R,-30650,0.00
7990,100,R,-30650,0.00
8000,100,R,-30650,0.00
=== END ===
# Trial 39 of 46: step_down_rev_240to100_run02
=== START step_down_rev_240to100_run02 ===
t_ms,pwm_cmd,dir,enc_count,rpm
0,240,R,0,0.00
10,240,R,-3,-7.50
20,240,R,-12,-22.50
30,240,R,-27,-37.49
40,240,R,-48,-52.49
50,240,R,-74,-65.03
60,240,R,-105,-77.48
70,240,R,-141,-90.02
80,240,R,-182,-102.49
90,240,R,-228,-115.00
100,240,R,-276,-119.99
110,240,R,-329,-132.50
120,240,R,-386,-142.50
130,240,R,-446,-150.05
140,240,R,-509,-157.47
150,240,R,-573,-160.00
160,240,R,-638,-162.52
170,240,R,-706,-169.97
180,240,R,-780,-185.02
190,240,R,-859,-197.54
200,240,R,-925,-164.95
210,240,R,-997,-180.04
220,240,R,-1072,-187.52
230,240,R,-1147,-187.46
240,240,R,-1221,-184.98
250,240,R,-1297,-190.00
260,240,R,-1377,-200.06
270,240,R,-1458,-202.50
280,240,R,-1541,-207.50
290,240,R,-1626,-212.46
300,240,R,-1711,-212.54
310,240,R,-1796,-212.50
320,240,R,-1880,-210.00
330,240,R,-1965,-212.44
340,240,R,-2052,-217.50
350,240,R,-2138,-215.06
360,240,R,-2224,-214.94
370,240,R,-2312,-220.02
380,240,R,-2399,-217.54
390,240,R,-2486,-217.46
400,240,R,-2575,-222.48
410,240,R,-2663,-220.00
420,240,R,-2753,-225.07
430,240,R,-2844,-227.48
440,240,R,-2936,-230.00
450,240,R,-3024,-220.00
460,240,R,-3114,-224.96
470,240,R,-3213,-247.52
480,240,R,-3301,-220.00
490,240,R,-3385,-210.00
500,240,R,-3474,-222.50
510,240,R,-3561,-217.52
520,240,R,-3647,-214.98
530,240,R,-3735,-220.00
540,240,R,-3826,-227.48
550,240,R,-3917,-227.55
560,240,R,-4011,-234.93
570,240,R,-4104,-232.59
580,240,R,-4195,-227.48
590,240,R,-4286,-227.48
600,240,R,-4377,-227.48
610,240,R,-4468,-227.52
620,240,R,-4558,-225.05
630,240,R,-4649,-227.50
640,240,R,-4741,-230.00
650,240,R,-4831,-224.93
660,240,R,-4922,-227.48
670,240,R,-5012,-225.02
680,240,R,-5104,-230.05
690,240,R,-5197,-232.52
700,240,R,-5291,-234.98
710,240,R,-5383,-230.02
720,240,R,-5474,-227.48
730,240,R,-5568,-235.00
740,240,R,-5666,-244.95
750,240,R,-5748,-204.98
760,240,R,-5839,-227.59
770,240,R,-5928,-222.46
780,240,R,-6015,-217.54
790,240,R,-6103,-220.00
800,240,R,-6194,-227.41
810,240,R,-6286,-230.05
820,240,R,-6379,-232.50
830,240,R,-6473,-234.86
840,240,R,-6565,-230.18
850,240,R,-6656,-227.43
860,240,R,-6747,-227.55
870,240,R,-6839,-229.95
880,240,R,-6929,-225.02
890,240,R,-7019,-225.05
900,240,R,-7111,-229.98
910,240,R,-7202,-227.52
920,240,R,-7291,-222.46
930,240,R,-7383,-229.98
940,240,R,-7474,-227.50
950,240,R,-7567,-232.57
960,240,R,-7660,-232.45
970,240,R,-7753,-232.52
980,240,R,-7843,-224.96
990,240,R,-7935,-230.00
1000,240,R,-8035,-250.05
1010,240,R,-8121,-215.00
1020,240,R,-8208,-217.46
1030,240,R,-8298,-225.02
1040,240,R,-8385,-217.48
1050,240,R,-8472,-217.57
1060,240,R,-8563,-227.50
1070,240,R,-8654,-227.43
1080,240,R,-8747,-232.52
1090,240,R,-8840,-232.48
1100,240,R,-8933,-232.50
1110,240,R,-9024,-227.57
1120,240,R,-9115,-227.48
1130,240,R,-9206,-227.48
1140,240,R,-9297,-227.48
1150,240,R,-9386,-222.54
1160,240,R,-9478,-229.89
1170,240,R,-9568,-225.09
1180,240,R,-9659,-227.50
1190,240,R,-9749,-225.02
1200,240,R,-9840,-227.52
1210,240,R,-9931,-227.45
1220,240,R,-10024,-232.55
1230,240,R,-10117,-232.45
1240,240,R,-10208,-227.55
1250,240,R,-10298,-225.00
1260,240,R,-10394,-240.00
1270,240,R,-10489,-237.45
1280,240,R,-10572,-207.48
1290,240,R,-10662,-225.02
1300,240,R,-10750,-220.04
1310,240,R,-10836,-215.00
1320,240,R,-10925,-222.39
1330,240,R,-11015,-225.05
1340,240,R,-11106,-227.50
1350,240,R,-11199,-232.55
1360,240,R,-11292,-232.50
1370,240,R,-11383,-227.52
1380,240,R,-11474,-227.50
1390,240,R,-11564,-224.93
1400,240,R,-11656,-229.95
1410,240,R,-11745,-222.54
1420,240,R,-11835,-225.02
1430,240,R,-11926,-227.45
1440,240,R,-12016,-225.09
1450,240,R,-12106,-224.93
1460,240,R,-12196,-225.07
1470,240,R,-12287,-227.45
1480,240,R,-12379,-230.00
1490,240,R,-12471,-230.02
1500,240,R,-12563,-230.00
1510,240,R,-12653,-224.96
1520,240,R,-12744,-227.52
1530,240,R,-12844,-250.00
1540,240,R,-12927,-207.54
1550,240,R,-13016,-222.50
1560,240,R,-13105,-222.41
1570,240,R,-13191,-215.02
1580,240,R,-13277,-215.02
1590,240,R,-13368,-227.43
1600,240,R,-13458,-225.11
1610,240,R,-13550,-229.98
1620,240,R,-13643,-232.45
1630,240,R,-13735,-230.02
1640,240,R,-13825,-225.05
1650,240,R,-13916,-227.43
1660,240,R,-14007,-227.48
1670,240,R,-14097,-225.07
1680,240,R,-14186,-222.43
1690,240,R,-14277,-227.57
1700,240,R,-14367,-224.93
1710,240,R,-14457,-225.07
1720,240,R,-14547,-224.96
1730,240,R,-14637,-225.02
1740,240,R,-14728,-227.55
1750,240,R,-14821,-232.36
1760,240,R,-14913,-230.12
1770,240,R,-15003,-224.93
1780,240,R,-15094,-227.57
1790,240,R,-15187,-232.52
1800,240,R,-15283,-239.90
1810,240,R,-15365,-205.06
1820,240,R,-15455,-224.96
1830,240,R,-15542,-217.57
1840,240,R,-15628,-215.00
1850,240,R,-15716,-219.96
1860,240,R,-15806,-224.96
1870,240,R,-15897,-227.57
1880,240,R,-15989,-230.02
1890,240,R,-16082,-232.43
1900,240,R,-16173,-227.52
1910,240,R,-16264,-227.55
1920,240,R,-16354,-224.96
1930,240,R,-16445,-227.50
1940,240,R,-16534,-222.54
1950,240,R,-16625,-227.27
1960,240,R,-16715,-225.16
1970,240,R,-16805,-224.98
1980,240,R,-16894,-222.57
1990,240,R,-16985,-227.32
2000,240,R,-17075,-225.20
2010,240,R,-17167,-230.00
2020,240,R,-17260,-232.38
2030,240,R,-17352,-230.07
2040,240,R,-17441,-222.50
2050,240,R,-17533,-230.00
2060,240,R,-17632,-247.52
2070,240,R,-17718,-215.00
2080,240,R,-17804,-214.96
2090,240,R,-17893,-222.57
2100,240,R,-17980,-217.46
2110,240,R,-18067,-217.50
2120,240,R,-18156,-222.48
2130,240,R,-18247,-227.57
2140,240,R,-18338,-227.45
2150,240,R,-18431,-232.52
2160,240,R,-18524,-232.50
2170,240,R,-18614,-224.93
2180,240,R,-18705,-227.39
2190,240,R,-18795,-225.14
2200,240,R,-18885,-224.98
2210,240,R,-18975,-225.02
2220,240,R,-19065,-225.05
2230,240,R,-19156,-227.43
2240,240,R,-19246,-225.00
2250,240,R,-19335,-222.52
2260,240,R,-19426,-227.55
2270,240,R,-19517,-227.45
2280,240,R,-19609,-230.00
2290,240,R,-19702,-232.55
2300,240,R,-19792,-224.96
2310,240,R,-19883,-227.57
2320,240,R,-19977,-234.91
2330,240,R,-20073,-240.05
2340,240,R,-20154,-202.54
2350,240,R,-20245,-227.50
2360,240,R,-20332,-217.46
2370,240,R,-20418,-215.00
2380,240,R,-20506,-220.02
2390,240,R,-20596,-225.02
2400,240,R,-20687,-227.48
2410,240,R,-20779,-229.98
2420,240,R,-20872,-232.48
2430,240,R,-20963,-227.57
2440,240,R,-21054,-227.36
2450,240,R,-21144,-225.07
2460,240,R,-21234,-225.02
2470,240,R,-21324,-224.96
2480,240,R,-21413,-222.54
2490,240,R,-21504,-227.50
2500,240,R,-21594,-225.02
2510,240,R,-21683,-222.46
2520,240,R,-21774,-227.39
2530,240,R,-21864,-225.11
2540,240,R,-21955,-227.57
2550,240,R,-22048,-232.50
2560,240,R,-22140,-229.93
2570,240,R,-22229,-222.48
2580,240,R,-22320,-227.52
2590,240,R,-22416,-240.07
2600,240,R,-22506,-225.00
2610,240,R,-22591,-212.42
2620,240,R,-22681,-225.02
2630,240,R,-22767,-215.00
2640,240,R,-22853,-214.98
2650,240,R,-22941,-220.00
2660,240,R,-23032,-227.59
2670,240,R,-23123,-227.50
2680,240,R,-23215,-229.91
2690,240,R,-23308,-232.48
2700,240,R,-23398,-225.09
2710,240,R,-23488,-224.98
2720,240,R,-23579,-227.45
2730,240,R,-23668,-222.57
2740,240,R,-23757,-222.43
2750,240,R,-23847,-225.05
2760,240,R,-23938,-227.55
2770,240,R,-24027,-222.50
2780,240,R,-24117,-224.98
2790,240,R,-24206,-222.50
2800,240,R,-24297,-227.43
2810,240,R,-24388,-227.50
2820,240,R,-24481,-232.50
2830,240,R,-24572,-227.55
2840,240,R,-24662,-225.05
2850,240,R,-24753,-227.41
2860,240,R,-24852,-247.55
2870,240,R,-24933,-202.50
2880,240,R,-25022,-222.52
2890,240,R,-25110,-219.98
2900,240,R,-25197,-217.52
2910,240,R,-25283,-214.96
2920,240,R,-25373,-225.02
2930,240,R,-25463,-225.05
2940,240,R,-25555,-229.98
2950,240,R,-25647,-229.98
2960,240,R,-25739,-230.05
2970,240,R,-25829,-225.00
2980,240,R,-25920,-227.45
2990,240,R,-26010,-224.98
3000,100,R,-26100,-225.07
3010,100,R,-26188,-220.00
3020,100,R,-26276,-219.98
3030,100,R,-26361,-212.52
3040,100,R,-26444,-207.48
3050,100,R,-26525,-202.52
3060,100,R,-26603,-194.98
3070,100,R,-26682,-197.44
3080,100,R,-26759,-192.58
3090,100,R,-26834,-187.48
3100,100,R,-26908,-184.98
3110,100,R,-26978,-175.04
3120,100,R,-27046,-169.97
3130,100,R,-27113,-167.48
3140,100,R,-27182,-172.50
3150,100,R,-27252,-175.04
3160,100,R,-27310,-144.97
3170,100,R,-27366,-140.01
3180,100,R,-27425,-147.50
3190,100,R,-27482,-142.53
3200,100,R,-27536,-135.00
3210,100,R,-27588,-129.99
3220,100,R,-27639,-127.41
3230,100,R,-27688,-122.59
3240,100,R,-27738,-125.00
3250,100,R,-27787,-122.50
3260,100,R,-27836,-122.50
3270,100,R,-27882,-115.00
3280,100,R,-27928,-115.00
3290,100,R,-27972,-109.98
3300,100,R,-28016,-110.01
3310,100,R,-28058,-104.98
3320,100,R,-28099,-102.51
3330,100,R,-28139,-100.01
3340,100,R,-28176,-92.49
3350,100,R,-28213,-92.50
3360,100,R,-28248,-87.49
3370,100,R,-28282,-85.01
3380,100,R,-28316,-85.03
3390,100,R,-28349,-82.49
3400,100,R,-28381,-79.98
3410,100,R,-28411,-75.01
3420,100,R,-28442,-77.49
3430,100,R,-28470,-70.02
3440,100,R,-28498,-69.98
3450,100,R,-28525,-67.51
3460,100,R,-28553,-69.94
3470,100,R,-28578,-62.54
3480,100,R,-28604,-65.01
3490,100,R,-28629,-62.52
3500,100,R,-28652,-57.48
3510,100,R,-28676,-60.00
3520,100,R,-28698,-55.01
3530,100,R,-28720,-55.01
3540,100,R,-28742,-54.99
3550,100,R,-28762,-50.00
3560,100,R,-28781,-47.50
3570,100,R,-28800,-47.51
3580,100,R,-28818,-45.00
3590,100,R,-28836,-45.00
3600,100,R,-28852,-40.00
3610,100,R,-28868,-40.00
3620,100,R,-28883,-37.49
3630,100,R,-28898,-37.50
3640,100,R,-28913,-37.51
3650,100,R,-28927,-35.00
3660,100,R,-28940,-32.50
3670,100,R,-28953,-32.51
3680,100,R,-28965,-29.99
3690,100,R,-28977,-30.01
3700,100,R,-28987,-24.99
3710,100,R,-28998,-27.51
3720,100,R,-29008,-25.00
3730,100,R,-29018,-25.00
3740,100,R,-29028,-25.00
3750,100,R,-29037,-22.50
3760,100,R,-29045,-20.00
3770,100,R,-29053,-20.01
3780,100,R,-29061,-20.00
3790,100,R,-29068,-17.50
3800,100,R,-29075,-17.50
3810,100,R,-29082,-17.50
3820,100,R,-29089,-17.49
3830,100,R,-29095,-15.00
3840,100,R,-29101,-15.00
3850,100,R,-29106,-12.50
3860,100,R,-29111,-12.50
3870,100,R,-29117,-15.00
3880,100,R,-29121,-10.00
3890,100,R,-29125,-10.00
3900,100,R,-29130,-12.50
3910,100,R,-29135,-12.50
3920,100,R,-29139,-10.00
3930,100,R,-29142,-7.50
3940,100,R,-29145,-7.50
3950,100,R,-29149,-10.00
3960,100,R,-29153,-10.00
3970,100,R,-29156,-7.50
3980,100,R,-29159,-7.50
3990,100,R,-29162,-7.50
4000,100,R,-29164,-5.00
4010,100,R,-29166,-5.00
4020,100,R,-29168,-5.00
4030,100,R,-29171,-7.50
4040,100,R,-29174,-7.50
4050,100,R,-29176,-5.00
4060,100,R,-29178,-5.00
4070,100,R,-29179,-2.50
4080,100,R,-29181,-5.00
4090,100,R,-29182,-2.50
4100,100,R,-29182,0.00
4110,100,R,-29182,0.00
4120,100,R,-29182,0.00
4130,100,R,-29182,0.00
4140,100,R,-29182,0.00
4150,100,R,-29182,0.00
4160,100,R,-29182,0.00
4170,100,R,-29182,0.00
4180,100,R,-29182,0.00
4190,100,R,-29182,0.00
4200,100,R,-29182,0.00
4210,100,R,-29182,0.00
4220,100,R,-29182,0.00
4230,100,R,-29182,0.00
4240,100,R,-29182,0.00
4250,100,R,-29182,0.00
4260,100,R,-29182,0.00
4270,100,R,-29182,0.00
4280,100,R,-29182,0.00
4290,100,R,-29182,0.00
4300,100,R,-29182,0.00
4310,100,R,-29182,0.00
4320,100,R,-29182,0.00
4330,100,R,-29182,0.00
4340,100,R,-29182,0.00
4350,100,R,-29182,0.00
4360,100,R,-29182,0.00
4370,100,R,-29182,0.00
4380,100,R,-29182,0.00
4390,100,R,-29182,0.00
4400,100,R,-29182,0.00
4410,100,R,-29182,0.00
4420,100,R,-29182,0.00
4430,100,R,-29182,0.00
4440,100,R,-29182,0.00
4450,100,R,-29182,0.00
4460,100,R,-29182,0.00
4470,100,R,-29182,0.00
4480,100,R,-29182,0.00
4490,100,R,-29182,0.00
4500,100,R,-29182,0.00
4510,100,R,-29182,0.00
4520,100,R,-29182,0.00
4530,100,R,-29182,0.00
4540,100,R,-29182,0.00
4550,100,R,-29182,0.00
4560,100,R,-29182,0.00
4570,100,R,-29182,0.00
4580,100,R,-29182,0.00
4590,100,R,-29182,0.00
4600,100,R,-29182,0.00
4610,100,R,-29182,0.00
4620,100,R,-29182,0.00
4630,100,R,-29182,0.00
4640,100,R,-29182,0.00
4650,100,R,-29182,0.00
4660,100,R,-29182,0.00
4670,100,R,-29182,0.00
4680,100,R,-29182,0.00
4690,100,R,-29182,0.00
4700,100,R,-29182,0.00
4710,100,R,-29182,0.00
4720,100,R,-29182,0.00
4730,100,R,-29182,0.00
4740,100,R,-29182,0.00
4750,100,R,-29182,0.00
4760,100,R,-29182,0.00
4770,100,R,-29182,0.00
4780,100,R,-29182,0.00
4790,100,R,-29182,0.00
4800,100,R,-29182,0.00
4810,100,R,-29182,0.00
4820,100,R,-29182,0.00
4830,100,R,-29182,0.00
4840,100,R,-29182,0.00
4850,100,R,-29182,0.00
4860,100,R,-29182,0.00
4870,100,R,-29182,0.00
4880,100,R,-29182,0.00
4890,100,R,-29182,0.00
4900,100,R,-29182,0.00
4910,100,R,-29182,0.00
4920,100,R,-29182,0.00
4930,100,R,-29182,0.00
4940,100,R,-29182,0.00
4950,100,R,-29182,0.00
4960,100,R,-29182,0.00
4970,100,R,-29182,0.00
4980,100,R,-29182,0.00
4990,100,R,-29182,0.00
5000,100,R,-29182,0.00
5010,100,R,-29182,0.00
5020,100,R,-29182,0.00
5030,100,R,-29182,0.00
5040,100,R,-29182,0.00
5050,100,R,-29182,0.00
5060,100,R,-29182,0.00
5070,100,R,-29182,0.00
5080,100,R,-29182,0.00
5090,100,R,-29182,0.00
5100,100,R,-29182,0.00
5110,100,R,-29182,0.00
5120,100,R,-29182,0.00
5130,100,R,-29182,0.00
5140,100,R,-29182,0.00
5150,100,R,-29182,0.00
5160,100,R,-29182,0.00
5170,100,R,-29182,0.00
5180,100,R,-29182,0.00
5190,100,R,-29182,0.00
5200,100,R,-29182,0.00
5210,100,R,-29182,0.00
5220,100,R,-29182,0.00
5230,100,R,-29182,0.00
5240,100,R,-29182,0.00
5250,100,R,-29182,0.00
5260,100,R,-29182,0.00
5270,100,R,-29182,0.00
5280,100,R,-29182,0.00
5290,100,R,-29182,0.00
5300,100,R,-29182,0.00
5310,100,R,-29182,0.00
5320,100,R,-29182,0.00
5330,100,R,-29182,0.00
5340,100,R,-29182,0.00
5350,100,R,-29182,0.00
5360,100,R,-29182,0.00
5370,100,R,-29182,0.00
5380,100,R,-29182,0.00
5390,100,R,-29182,0.00
5400,100,R,-29182,0.00
5410,100,R,-29182,0.00
5420,100,R,-29182,0.00
5430,100,R,-29182,0.00
5440,100,R,-29182,0.00
5450,100,R,-29182,0.00
5460,100,R,-29182,0.00
5470,100,R,-29182,0.00
5480,100,R,-29182,0.00
5490,100,R,-29182,0.00
5500,100,R,-29182,0.00
5510,100,R,-29182,0.00
5520,100,R,-29182,0.00
5530,100,R,-29182,0.00
5540,100,R,-29182,0.00
5550,100,R,-29182,0.00
5560,100,R,-29182,0.00
5570,100,R,-29182,0.00
5580,100,R,-29182,0.00
5590,100,R,-29182,0.00
5600,100,R,-29182,0.00
5610,100,R,-29182,0.00
5620,100,R,-29182,0.00
5630,100,R,-29182,0.00
5640,100,R,-29182,0.00
5650,100,R,-29182,0.00
5660,100,R,-29182,0.00
5670,100,R,-29182,0.00
5680,100,R,-29182,0.00
5690,100,R,-29182,0.00
5700,100,R,-29182,0.00
5710,100,R,-29182,0.00
5720,100,R,-29182,0.00
5730,100,R,-29182,0.00
5740,100,R,-29182,0.00
5750,100,R,-29182,0.00
5760,100,R,-29182,0.00
5770,100,R,-29182,0.00
5780,100,R,-29182,0.00
5790,100,R,-29182,0.00
5800,100,R,-29182,0.00
5810,100,R,-29182,0.00
5820,100,R,-29182,0.00
5830,100,R,-29182,0.00
5840,100,R,-29182,0.00
5850,100,R,-29182,0.00
5860,100,R,-29182,0.00
5870,100,R,-29182,0.00
5880,100,R,-29182,0.00
5890,100,R,-29182,0.00
5900,100,R,-29182,0.00
5910,100,R,-29182,0.00
5920,100,R,-29182,0.00
5930,100,R,-29182,0.00
5940,100,R,-29182,0.00
5950,100,R,-29182,0.00
5960,100,R,-29182,0.00
5970,100,R,-29182,0.00
5980,100,R,-29182,0.00
5990,100,R,-29182,0.00
6000,100,R,-29182,0.00
6010,100,R,-29182,0.00
6020,100,R,-29182,0.00
6030,100,R,-29182,0.00
6040,100,R,-29182,0.00
6050,100,R,-29182,0.00
6060,100,R,-29182,0.00
6070,100,R,-29182,0.00
6080,100,R,-29182,0.00
6090,100,R,-29182,0.00
6100,100,R,-29182,0.00
6110,100,R,-29182,0.00
6120,100,R,-29182,0.00
6130,100,R,-29182,0.00
6140,100,R,-29182,0.00
6150,100,R,-29182,0.00
6160,100,R,-29182,0.00
6170,100,R,-29182,0.00
6180,100,R,-29182,0.00
6190,100,R,-29182,0.00
6200,100,R,-29182,0.00
6210,100,R,-29182,0.00
6220,100,R,-29182,0.00
6230,100,R,-29182,0.00
6240,100,R,-29182,0.00
6250,100,R,-29182,0.00
6260,100,R,-29182,0.00
6270,100,R,-29182,0.00
6280,100,R,-29182,0.00
6290,100,R,-29182,0.00
6300,100,R,-29182,0.00
6310,100,R,-29182,0.00
6320,100,R,-29182,0.00
6330,100,R,-29182,0.00
6340,100,R,-29182,0.00
6350,100,R,-29182,0.00
6360,100,R,-29182,0.00
6370,100,R,-29182,0.00
6380,100,R,-29182,0.00
6390,100,R,-29182,0.00
6400,100,R,-29182,0.00
6410,100,R,-29182,0.00
6420,100,R,-29182,0.00
6430,100,R,-29182,0.00
6440,100,R,-29182,0.00
6450,100,R,-29182,0.00
6460,100,R,-29182,0.00
6470,100,R,-29182,0.00
6480,100,R,-29182,0.00
6490,100,R,-29182,0.00
6500,100,R,-29182,0.00
6510,100,R,-29182,0.00
6520,100,R,-29182,0.00
6530,100,R,-29182,0.00
6540,100,R,-29182,0.00
6550,100,R,-29182,0.00
6560,100,R,-29182,0.00
6570,100,R,-29182,0.00
6580,100,R,-29182,0.00
6590,100,R,-29182,0.00
6600,100,R,-29182,0.00
6610,100,R,-29182,0.00
6620,100,R,-29182,0.00
6630,100,R,-29182,0.00
6640,100,R,-29182,0.00
6650,100,R,-29182,0.00
6660,100,R,-29182,0.00
6670,100,R,-29182,0.00
6680,100,R,-29182,0.00
6690,100,R,-29182,0.00
6700,100,R,-29182,0.00
6710,100,R,-29182,0.00
6720,100,R,-29182,0.00
6730,100,R,-29182,0.00
6740,100,R,-29182,0.00
6750,100,R,-29182,0.00
6760,100,R,-29182,0.00
6770,100,R,-29182,0.00
6780,100,R,-29182,0.00
6790,100,R,-29182,0.00
6800,100,R,-29182,0.00
6810,100,R,-29182,0.00
6820,100,R,-29182,0.00
6830,100,R,-29182,0.00
6840,100,R,-29182,0.00
6850,100,R,-29182,0.00
6860,100,R,-29182,0.00
6870,100,R,-29182,0.00
6880,100,R,-29182,0.00
6890,100,R,-29182,0.00
6900,100,R,-29182,0.00
6910,100,R,-29182,0.00
6920,100,R,-29182,0.00
6930,100,R,-29182,0.00
6940,100,R,-29182,0.00
6950,100,R,-29182,0.00
6960,100,R,-29182,0.00
6970,100,R,-29182,0.00
6980,100,R,-29182,0.00
6990,100,R,-29182,0.00
7000,100,R,-29182,0.00
7010,100,R,-29182,0.00
7020,100,R,-29182,0.00
7030,100,R,-29182,0.00
7040,100,R,-29182,0.00
7050,100,R,-29182,0.00
7060,100,R,-29182,0.00
7070,100,R,-29182,0.00
7080,100,R,-29182,0.00
7090,100,R,-29182,0.00
7100,100,R,-29182,0.00
7110,100,R,-29182,0.00
7120,100,R,-29182,0.00
7130,100,R,-29182,0.00
7140,100,R,-29182,0.00
7150,100,R,-29182,0.00
7160,100,R,-29182,0.00
7170,100,R,-29182,0.00
7180,100,R,-29182,0.00
7190,100,R,-29182,0.00
7200,100,R,-29182,0.00
7210,100,R,-29182,0.00
7220,100,R,-29182,0.00
7230,100,R,-29182,0.00
7240,100,R,-29182,0.00
7250,100,R,-29182,0.00
7260,100,R,-29182,0.00
7270,100,R,-29182,0.00
7280,100,R,-29182,0.00
7290,100,R,-29182,0.00
7300,100,R,-29182,0.00
7310,100,R,-29182,0.00
7320,100,R,-29182,0.00
7330,100,R,-29182,0.00
7340,100,R,-29182,0.00
7350,100,R,-29182,0.00
7360,100,R,-29182,0.00
7370,100,R,-29182,0.00
7380,100,R,-29182,0.00
7390,100,R,-29182,0.00
7400,100,R,-29182,0.00
7410,100,R,-29182,0.00
7420,100,R,-29182,0.00
7430,100,R,-29182,0.00
7440,100,R,-29182,0.00
7450,100,R,-29182,0.00
7460,100,R,-29182,0.00
7470,100,R,-29182,0.00
7480,100,R,-29182,0.00
7490,100,R,-29182,0.00
7500,100,R,-29182,0.00
7510,100,R,-29182,0.00
7520,100,R,-29182,0.00
7530,100,R,-29182,0.00
7540,100,R,-29182,0.00
7550,100,R,-29182,0.00
7560,100,R,-29182,0.00
7570,100,R,-29182,0.00
7580,100,R,-29182,0.00
7590,100,R,-29182,0.00
7600,100,R,-29182,0.00
7610,100,R,-29182,0.00
7620,100,R,-29182,0.00
7630,100,R,-29182,0.00
7640,100,R,-29182,0.00
7650,100,R,-29182,0.00
7660,100,R,-29182,0.00
7670,100,R,-29182,0.00
7680,100,R,-29182,0.00
7690,100,R,-29182,0.00
7700,100,R,-29182,0.00
7710,100,R,-29182,0.00
7720,100,R,-29182,0.00
7730,100,R,-29182,0.00
7740,100,R,-29182,0.00
7750,100,R,-29182,0.00
7760,100,R,-29182,0.00
7770,100,R,-29182,0.00
7780,100,R,-29182,0.00
7790,100,R,-29182,0.00
7800,100,R,-29182,0.00
7810,100,R,-29182,0.00
7820,100,R,-29182,0.00
7830,100,R,-29182,0.00
7840,100,R,-29182,0.00
7850,100,R,-29182,0.00
7860,100,R,-29182,0.00
7870,100,R,-29182,0.00
7880,100,R,-29182,0.00
7890,100,R,-29182,0.00
7900,100,R,-29182,0.00
7910,100,R,-29182,0.00
7920,100,R,-29182,0.00
7930,100,R,-29182,0.00
7940,100,R,-29182,0.00
7950,100,R,-29182,0.00
7960,100,R,-29182,0.00
7970,100,R,-29182,0.00
7980,100,R,-29182,0.00
7990,100,R,-29182,0.00
8000,100,R,-29182,0.00
=== END ===
# Trial 40 of 46: step_down_rev_240to100_run03
=== START step_down_rev_240to100_run03 ===
t_ms,pwm_cmd,dir,enc_count,rpm
0,240,R,0,0.00
10,240,R,-4,-10.00
20,240,R,-14,-25.00
30,240,R,-30,-40.00
40,240,R,-52,-54.99
50,240,R,-80,-69.96
60,240,R,-112,-80.05
70,240,R,-150,-94.98
80,240,R,-192,-104.99
90,240,R,-238,-115.02
100,240,R,-288,-125.03
110,240,R,-342,-134.99
120,240,R,-400,-144.97
130,240,R,-466,-165.00
140,240,R,-523,-142.54
150,240,R,-588,-162.45
160,240,R,-655,-167.53
170,240,R,-723,-170.02
180,240,R,-792,-172.34
190,240,R,-862,-175.14
200,240,R,-935,-182.48
210,240,R,-1011,-190.00
220,240,R,-1090,-197.46
230,240,R,-1171,-202.58
240,240,R,-1253,-204.94
250,240,R,-1336,-207.50
260,240,R,-1420,-210.06
270,240,R,-1502,-204.98
280,240,R,-1587,-212.52
290,240,R,-1672,-212.44
300,240,R,-1758,-215.02
310,240,R,-1844,-214.98
320,240,R,-1931,-217.50
330,240,R,-2018,-217.57
340,240,R,-2105,-217.50
350,240,R,-2194,-222.41
360,240,R,-2283,-222.50
370,240,R,-2374,-227.57
380,240,R,-2466,-229.98
390,240,R,-2558,-230.02
400,240,R,-2648,-224.96
410,240,R,-2739,-227.57
420,240,R,-2836,-242.48
430,240,R,-2927,-227.50
440,240,R,-3012,-212.50
450,240,R,-3103,-227.52
460,240,R,-3191,-219.89
470,240,R,-3279,-220.11
480,240,R,-3369,-225.00
490,240,R,-3461,-229.95
500,240,R,-3555,-234.84
510,240,R,-3649,-235.14
520,240,R,-3743,-235.07
530,240,R,-3836,-232.43
540,240,R,-3928,-230.02
550,240,R,-4021,-232.45
560,240,R,-4113,-230.07
570,240,R,-4205,-229.95
580,240,R,-4298,-232.57
590,240,R,-4390,-229.95
600,240,R,-4483,-232.50
610,240,R,-4574,-227.48
620,240,R,-4667,-232.57
630,240,R,-4761,-234.91
640,240,R,-4856,-237.60
650,240,R,-4951,-237.48
660,240,R,-5044,-232.45
670,240,R,-5137,-232.50
680,240,R,-5235,-245.05
690,240,R,-5331,-239.98
700,240,R,-5416,-212.48
710,240,R,-5508,-230.00
720,240,R,-5597,-222.52
730,240,R,-5686,-222.48
740,240,R,-5778,-230.05
750,240,R,-5871,-232.52
760,240,R,-5966,-237.45
770,240,R,-6061,-237.55
780,240,R,-6156,-237.45
790,240,R,-6249,-232.50
800,240,R,-6343,-235.02
810,240,R,-6435,-229.98
820,240,R,-6528,-232.45
830,240,R,-6620,-230.07
840,240,R,-6713,-232.45
850,240,R,-6806,-232.52
860,240,R,-6898,-230.02
870,240,R,-6991,-232.48
880,240,R,-7084,-232.52
890,240,R,-7178,-235.00
900,240,R,-7273,-237.50
910,240,R,-7368,-237.45
920,240,R,-7460,-229.98
930,240,R,-7555,-237.55
940,240,R,-7656,-252.47
950,240,R,-7743,-217.52
960,240,R,-7833,-225.05
970,240,R,-7924,-227.50
980,240,R,-8013,-222.43
990,240,R,-8102,-222.48
1000,240,R,-8195,-232.52
1010,240,R,-8288,-232.50
1020,240,R,-8383,-237.57
1030,240,R,-8478,-237.43
1040,240,R,-8573,-237.50
1050,240,R,-8666,-232.48
1060,240,R,-8759,-232.55
1070,240,R,-8852,-232.48
1080,240,R,-8944,-230.07
1090,240,R,-9037,-232.36
1100,240,R,-9130,-232.62
1110,240,R,-9222,-230.02
1120,240,R,-9314,-229.93
1130,240,R,-9407,-232.57
1140,240,R,-9500,-232.45
1150,240,R,-9595,-237.50
1160,240,R,-9690,-237.48
1170,240,R,-9784,-235.05
1180,240,R,-9877,-232.50
1190,240,R,-9971,-234.95
1200,240,R,-10072,-252.50
1210,240,R,-10156,-210.06
1220,240,R,-10250,-234.79
1230,240,R,-10340,-225.14
1240,240,R,-10429,-222.57
1250,240,R,-10519,-224.91
1260,240,R,-10611,-230.07
1270,240,R,-10705,-234.98
1280,240,R,-10799,-235.02
1290,240,R,-10895,-239.98
1300,240,R,-10989,-235.00
1310,240,R,-11082,-232.50
1320,240,R,-11175,-232.50
1330,240,R,-11268,-232.55
1340,240,R,-11360,-230.00
1350,240,R,-11453,-232.48
1360,240,R,-11546,-232.45
1370,240,R,-11638,-230.07
1380,240,R,-11730,-230.00
1390,240,R,-11823,-232.38
1400,240,R,-11917,-235.05
1410,240,R,-12011,-235.07
1420,240,R,-12106,-237.43
1430,240,R,-12200,-235.07
1440,240,R,-12293,-232.50
1450,240,R,-12389,-239.93
1460,240,R,-12489,-250.08
1470,240,R,-12572,-207.44
1480,240,R,-12666,-234.91
1490,240,R,-12756,-225.07
1500,240,R,-12844,-220.02
1510,240,R,-12935,-227.57
1520,240,R,-13027,-229.93
1530,240,R,-13121,-235.07
1540,240,R,-13216,-237.41
1550,240,R,-13311,-237.57
1560,240,R,-13405,-234.98
1570,240,R,-13498,-232.50
1580,240,R,-13591,-232.48
1590,240,R,-13684,-232.52
1600,240,R,-13776,-229.98
1610,240,R,-13869,-232.52
1620,240,R,-13962,-232.55
1630,240,R,-14054,-229.98
1640,240,R,-14147,-232.50
1650,240,R,-14239,-230.00
1660,240,R,-14332,-232.48
1670,240,R,-14427,-237.55
1680,240,R,-14523,-239.93
1690,240,R,-14616,-232.57
1700,240,R,-14709,-232.45
1710,240,R,-14804,-237.50
1720,240,R,-14904,-250.00
1730,240,R,-14988,-209.92
1740,240,R,-15080,-230.07
1750,240,R,-15170,-224.98
1760,240,R,-15258,-220.07
1770,240,R,-15349,-227.52
1780,240,R,-15442,-232.45
1790,240,R,-15535,-232.52
1800,240,R,-15631,-240.02
1810,240,R,-15726,-237.43
1820,240,R,-15820,-234.86
1830,240,R,-15912,-230.21
1840,240,R,-16005,-232.48
1850,240,R,-16098,-232.50
1860,240,R,-16190,-229.98
1870,240,R,-16283,-232.48
1880,240,R,-16376,-232.50
1890,240,R,-16467,-227.55
1900,240,R,-16560,-232.36
1910,240,R,-16653,-232.59
1920,240,R,-16746,-232.55
1930,240,R,-16841,-237.52
1940,240,R,-16936,-237.45
1950,240,R,-17029,-232.55
1960,240,R,-17122,-232.50
1970,240,R,-17220,-244.95
1980,240,R,-17316,-239.86
1990,240,R,-17401,-212.63
2000,240,R,-17493,-229.98
2010,240,R,-17582,-222.50
2020,240,R,-17671,-222.52
2030,240,R,-17763,-230.02
2040,240,R,-17856,-232.50
2050,240,R,-17950,-235.00
2060,240,R,-18045,-237.50
2070,240,R,-18140,-237.45
2080,240,R,-18233,-232.55
2090,240,R,-18326,-232.52
2100,240,R,-18419,-232.34
2110,240,R,-18511,-230.07
2120,240,R,-18603,-230.09
2130,240,R,-18696,-232.48
2140,240,R,-18788,-229.98
2150,240,R,-18881,-232.48
2160,240,R,-18973,-230.02
2170,240,R,-19066,-232.52
2180,240,R,-19160,-234.98
2190,240,R,-19255,-237.50
2200,240,R,-19350,-237.55
2210,240,R,-19442,-229.93
2220,240,R,-19535,-232.48
2230,240,R,-19634,-247.55
2240,240,R,-19727,-232.48
2250,240,R,-19814,-217.52
2260,240,R,-19906,-230.00
2270,240,R,-19995,-222.46
2280,240,R,-20084,-222.52
2290,240,R,-20176,-230.05
2300,240,R,-20269,-232.45
2310,240,R,-20363,-235.07
2320,240,R,-20458,-237.50
2330,240,R,-20553,-237.50
2340,240,R,-20646,-232.50
2350,240,R,-20739,-232.43
2360,240,R,-20832,-232.52
2370,240,R,-20925,-232.55
2380,240,R,-21016,-227.48
2390,240,R,-21109,-232.52
2400,240,R,-21202,-232.48
2410,240,R,-21294,-229.93
2420,240,R,-21387,-232.55
2430,240,R,-21480,-232.52
2440,240,R,-21574,-234.95
2450,240,R,-21669,-237.52
2460,240,R,-21764,-237.52
2470,240,R,-21856,-229.98
2480,240,R,-21950,-235.02
2490,240,R,-22050,-250.00
2500,240,R,-22142,-229.93
2510,240,R,-22229,-217.54
2520,240,R,-22320,-227.55
2530,240,R,-22409,-222.48
2540,240,R,-22498,-222.48
2550,240,R,-22591,-232.45
2560,240,R,-22684,-232.59
2570,240,R,-22778,-234.98
2580,240,R,-22873,-237.50
2590,240,R,-22968,-237.50
2600,240,R,-23061,-232.50
2610,240,R,-23154,-232.52
2620,240,R,-23247,-232.48
2630,240,R,-23339,-229.95
2640,240,R,-23431,-230.07
2650,240,R,-23525,-235.00
2660,240,R,-23617,-229.98
2670,240,R,-23708,-227.52
2680,240,R,-23801,-232.41
2690,240,R,-23894,-232.59
2700,240,R,-23989,-237.48
2710,240,R,-24084,-237.52
2720,240,R,-24179,-237.45
2730,240,R,-24271,-229.95
2740,240,R,-24365,-235.07
2750,240,R,-24467,-254.97
2760,240,R,-24551,-210.00
2770,240,R,-24643,-229.95
2780,240,R,-24734,-227.52
2790,240,R,-24823,-222.57
2800,240,R,-24912,-222.48
2810,240,R,-25004,-229.98
2820,240,R,-25098,-235.00
2830,240,R,-25193,-237.45
2840,240,R,-25288,-237.55
2850,240,R,-25382,-235.00
2860,240,R,-25475,-232.48
2870,240,R,-25568,-232.57
2880,240,R,-25661,-232.43
2890,240,R,-25753,-230.00
2900,240,R,-25846,-232.52
2910,240,R,-25939,-232.45
2920,240,R,-26031,-230.09
2930,240,R,-26123,-229.91
2940,240,R,-26215,-230.09
2950,240,R,-26309,-234.98
2960,240,R,-26403,-234.95
2970,240,R,-26499,-240.07
2980,240,R,-26592,-232.43
2990,240,R,-26685,-232.57
3000,100,R,-26781,-239.93
3010,100,R,-26880,-247.50
3020,100,R,-26963,-207.52
3030,100,R,-27048,-212.46
3040,100,R,-27131,-207.56
3050,100,R,-27212,-202.46
3060,100,R,-27290,-195.04
3070,100,R,-27369,-197.50
3080,100,R,-27448,-197.48
3090,100,R,-27524,-189.96
3100,100,R,-27600,-190.04
3110,100,R,-27675,-187.50
3120,100,R,-27747,-179.96
3130,100,R,-27817,-175.07
3140,100,R,-27884,-167.45
3150,100,R,-27950,-165.00
3160,100,R,-28013,-157.55
3170,100,R,-28077,-159.97
3180,100,R,-28137,-149.99
3190,100,R,-28195,-145.03
3200,100,R,-28254,-147.49
3210,100,R,-28310,-140.03
3220,100,R,-28366,-139.96
3230,100,R,-28419,-132.51
3240,100,R,-28471,-130.03
3250,100,R,-28521,-124.99
3260,100,R,-28570,-122.51
3270,100,R,-28618,-119.99
3280,100,R,-28665,-117.51
3290,100,R,-28710,-112.49
3300,100,R,-28754,-109.98
3310,100,R,-28797,-107.50
3320,100,R,-28840,-107.53
3330,100,R,-28881,-102.48
3340,100,R,-28920,-97.51
3350,100,R,-28958,-95.01
3360,100,R,-28995,-92.48
3370,100,R,-29030,-87.50
3380,100,R,-29064,-84.98
3390,100,R,-29097,-82.51
3400,100,R,-29131,-84.97
3410,100,R,-29163,-80.06
3420,100,R,-29195,-80.00
3430,100,R,-29231,-89.98
3440,100,R,-29263,-79.99
3450,100,R,-29288,-62.49
3460,100,R,-29310,-55.01
3470,100,R,-29337,-67.50
3480,100,R,-29363,-65.01
3490,100,R,-29389,-65.00
3500,100,R,-29413,-60.00
3510,100,R,-29438,-62.49
3520,100,R,-29461,-57.49
3530,100,R,-29483,-55.01
3540,100,R,-29505,-54.99
3550,100,R,-29525,-49.99
3560,100,R,-29545,-50.02
3570,100,R,-29564,-47.49
3580,100,R,-29582,-45.00
3590,100,R,-29600,-45.00
3600,100,R,-29618,-45.00
3610,100,R,-29635,-42.50
3620,100,R,-29651,-40.00
3630,100,R,-29667,-40.00
3640,100,R,-29682,-37.50
3650,100,R,-29697,-37.50
3660,100,R,-29711,-35.01
3670,100,R,-29726,-37.49
3680,100,R,-29740,-35.01
3690,100,R,-29753,-32.50
3700,100,R,-29766,-32.49
3710,100,R,-29778,-30.01
3720,100,R,-29790,-29.99
3730,100,R,-29801,-27.50
3740,100,R,-29812,-27.50
3750,100,R,-29823,-27.50
3760,100,R,-29833,-25.00
3770,100,R,-29843,-25.00
3780,100,R,-29853,-25.00
3790,100,R,-29862,-22.50
3800,100,R,-29870,-20.00
3810,100,R,-29879,-22.50
3820,100,R,-29887,-20.00
3830,100,R,-29894,-17.49
3840,100,R,-29902,-20.01
3850,100,R,-29909,-17.50
3860,100,R,-29916,-17.50
3870,100,R,-29922,-15.00
3880,100,R,-29928,-15.00
3890,100,R,-29934,-15.00
3900,100,R,-29939,-12.50
3910,100,R,-29945,-15.00
3920,100,R,-29951,-15.00
3930,100,R,-29955,-10.00
3940,100,R,-29960,-12.50
3950,100,R,-29964,-10.00
3960,100,R,-29969,-12.50
3970,100,R,-29973,-10.00
3980,100,R,-29977,-10.00
3990,100,R,-29980,-7.50
4000,100,R,-29983,-7.50
4010,100,R,-29987,-10.00
4020,100,R,-29990,-7.50
4030,100,R,-29992,-5.00
4040,100,R,-29995,-7.50
4050,100,R,-29997,-5.00
4060,100,R,-29998,-2.50
4070,100,R,-30000,-5.00
4080,100,R,-30002,-5.00
4090,100,R,-30005,-7.50
4100,100,R,-30007,-5.00
4110,100,R,-30009,-5.00
4120,100,R,-30011,-5.00
4130,100,R,-30013,-5.00
4140,100,R,-30013,0.00
4150,100,R,-30014,-2.50
4160,100,R,-30015,-2.50
4170,100,R,-30015,0.00
4180,100,R,-30016,-2.50
4190,100,R,-30016,0.00
4200,100,R,-30016,0.00
4210,100,R,-30016,0.00
4220,100,R,-30016,0.00
4230,100,R,-30016,0.00
4240,100,R,-30016,0.00
4250,100,R,-30016,0.00
4260,100,R,-30016,0.00
4270,100,R,-30016,0.00
4280,100,R,-30016,0.00
4290,100,R,-30016,0.00
4300,100,R,-30016,0.00
4310,100,R,-30016,0.00
4320,100,R,-30016,0.00
4330,100,R,-30016,0.00
4340,100,R,-30016,0.00
4350,100,R,-30016,0.00
4360,100,R,-30016,0.00
4370,100,R,-30016,0.00
4380,100,R,-30016,0.00
4390,100,R,-30016,0.00
4400,100,R,-30016,0.00
4410,100,R,-30016,0.00
4420,100,R,-30016,0.00
4430,100,R,-30016,0.00
4440,100,R,-30016,0.00
4450,100,R,-30016,0.00
4460,100,R,-30016,0.00
4470,100,R,-30016,0.00
4480,100,R,-30016,0.00
4490,100,R,-30016,0.00
4500,100,R,-30016,0.00
4510,100,R,-30016,0.00
4520,100,R,-30016,0.00
4530,100,R,-30016,0.00
4540,100,R,-30016,0.00
4550,100,R,-30016,0.00
4560,100,R,-30016,0.00
4570,100,R,-30016,0.00
4580,100,R,-30016,0.00
4590,100,R,-30016,0.00
4600,100,R,-30016,0.00
4610,100,R,-30016,0.00
4620,100,R,-30016,0.00
4630,100,R,-30016,0.00
4640,100,R,-30016,0.00
4650,100,R,-30016,0.00
4660,100,R,-30016,0.00
4670,100,R,-30016,0.00
4680,100,R,-30016,0.00
4690,100,R,-30016,0.00
4700,100,R,-30016,0.00
4710,100,R,-30016,0.00
4720,100,R,-30016,0.00
4730,100,R,-30016,0.00
4740,100,R,-30016,0.00
4750,100,R,-30016,0.00
4760,100,R,-30016,0.00
4770,100,R,-30016,0.00
4780,100,R,-30016,0.00
4790,100,R,-30016,0.00
4800,100,R,-30016,0.00
4810,100,R,-30016,0.00
4820,100,R,-30016,0.00
4830,100,R,-30016,0.00
4840,100,R,-30016,0.00
4850,100,R,-30016,0.00
4860,100,R,-30016,0.00
4870,100,R,-30016,0.00
4880,100,R,-30016,0.00
4890,100,R,-30016,0.00
4900,100,R,-30016,0.00
4910,100,R,-30016,0.00
4920,100,R,-30016,0.00
4930,100,R,-30016,0.00
4940,100,R,-30016,0.00
4950,100,R,-30016,0.00
4960,100,R,-30016,0.00
4970,100,R,-30016,0.00
4980,100,R,-30016,0.00
4990,100,R,-30016,0.00
5000,100,R,-30016,0.00
5010,100,R,-30016,0.00
5020,100,R,-30016,0.00
5030,100,R,-30016,0.00
5040,100,R,-30016,0.00
5050,100,R,-30016,0.00
5060,100,R,-30016,0.00
5070,100,R,-30016,0.00
5080,100,R,-30016,0.00
5090,100,R,-30016,0.00
5100,100,R,-30016,0.00
5110,100,R,-30016,0.00
5120,100,R,-30016,0.00
5130,100,R,-30016,0.00
5140,100,R,-30016,0.00
5150,100,R,-30016,0.00
5160,100,R,-30016,0.00
5170,100,R,-30016,0.00
5180,100,R,-30016,0.00
5190,100,R,-30016,0.00
5200,100,R,-30016,0.00
5210,100,R,-30016,0.00
5220,100,R,-30016,0.00
5230,100,R,-30016,0.00
5240,100,R,-30016,0.00
5250,100,R,-30016,0.00
5260,100,R,-30016,0.00
5270,100,R,-30016,0.00
5280,100,R,-30016,0.00
5290,100,R,-30016,0.00
5300,100,R,-30016,0.00
5310,100,R,-30016,0.00
5320,100,R,-30016,0.00
5330,100,R,-30016,0.00
5340,100,R,-30016,0.00
5350,100,R,-30016,0.00
5360,100,R,-30016,0.00
5370,100,R,-30016,0.00
5380,100,R,-30016,0.00
5390,100,R,-30016,0.00
5400,100,R,-30016,0.00
5410,100,R,-30016,0.00
5420,100,R,-30016,0.00
5430,100,R,-30016,0.00
5440,100,R,-30016,0.00
5450,100,R,-30016,0.00
5460,100,R,-30016,0.00
5470,100,R,-30016,0.00
5480,100,R,-30016,0.00
5490,100,R,-30016,0.00
5500,100,R,-30016,0.00
5510,100,R,-30016,0.00
5520,100,R,-30016,0.00
5530,100,R,-30016,0.00
5540,100,R,-30016,0.00
5550,100,R,-30016,0.00
5560,100,R,-30016,0.00
5570,100,R,-30016,0.00
5580,100,R,-30016,0.00
5590,100,R,-30016,0.00
5600,100,R,-30015,2.50
5610,100,R,-30015,0.00
5620,100,R,-30015,0.00
5630,100,R,-30015,0.00
5640,100,R,-30015,0.00
5650,100,R,-30015,0.00
5660,100,R,-30015,0.00
5670,100,R,-30015,0.00
5680,100,R,-30015,0.00
5690,100,R,-30015,0.00
5700,100,R,-30015,0.00
5710,100,R,-30015,0.00
5720,100,R,-30015,0.00
5730,100,R,-30015,0.00
5740,100,R,-30015,0.00
5750,100,R,-30015,0.00
5760,100,R,-30015,0.00
5770,100,R,-30015,0.00
5780,100,R,-30015,0.00
5790,100,R,-30015,0.00
5800,100,R,-30015,0.00
5810,100,R,-30015,0.00
5820,100,R,-30015,0.00
5830,100,R,-30015,0.00
5840,100,R,-30015,0.00
5850,100,R,-30015,0.00
5860,100,R,-30015,0.00
5870,100,R,-30015,0.00
5880,100,R,-30015,0.00
5890,100,R,-30015,0.00
5900,100,R,-30015,0.00
5910,100,R,-30015,0.00
5920,100,R,-30015,0.00
5930,100,R,-30015,0.00
5940,100,R,-30015,0.00
5950,100,R,-30015,0.00
5960,100,R,-30015,0.00
5970,100,R,-30015,0.00
5980,100,R,-30015,0.00
5990,100,R,-30015,0.00
6000,100,R,-30015,0.00
6010,100,R,-30015,0.00
6020,100,R,-30015,0.00
6030,100,R,-30015,0.00
6040,100,R,-30015,0.00
6050,100,R,-30015,0.00
6060,100,R,-30015,0.00
6070,100,R,-30015,0.00
6080,100,R,-30015,0.00
6090,100,R,-30015,0.00
6100,100,R,-30015,0.00
6110,100,R,-30015,0.00
6120,100,R,-30015,0.00
6130,100,R,-30015,0.00
6140,100,R,-30015,0.00
6150,100,R,-30015,0.00
6160,100,R,-30015,0.00
6170,100,R,-30015,0.00
6180,100,R,-30015,0.00
6190,100,R,-30015,0.00
6200,100,R,-30015,0.00
6210,100,R,-30015,0.00
6220,100,R,-30015,0.00
6230,100,R,-30015,0.00
6240,100,R,-30015,0.00
6250,100,R,-30015,0.00
6260,100,R,-30015,0.00
6270,100,R,-30015,0.00
6280,100,R,-30015,0.00
6290,100,R,-30015,0.00
6300,100,R,-30015,0.00
6310,100,R,-30015,0.00
6320,100,R,-30015,0.00
6330,100,R,-30015,0.00
6340,100,R,-30015,0.00
6350,100,R,-30015,0.00
6360,100,R,-30015,0.00
6370,100,R,-30015,0.00
6380,100,R,-30015,0.00
6390,100,R,-30015,0.00
6400,100,R,-30015,0.00
6410,100,R,-30015,0.00
6420,100,R,-30015,0.00
6430,100,R,-30015,0.00
6440,100,R,-30015,0.00
6450,100,R,-30015,0.00
6460,100,R,-30015,0.00
6470,100,R,-30015,0.00
6480,100,R,-30015,0.00
6490,100,R,-30015,0.00
6500,100,R,-30015,0.00
6510,100,R,-30015,0.00
6520,100,R,-30015,0.00
6530,100,R,-30015,0.00
6540,100,R,-30015,0.00
6550,100,R,-30015,0.00
6560,100,R,-30015,0.00
6570,100,R,-30015,0.00
6580,100,R,-30015,0.00
6590,100,R,-30015,0.00
6600,100,R,-30015,0.00
6610,100,R,-30015,0.00
6620,100,R,-30015,0.00
6630,100,R,-30015,0.00
6640,100,R,-30015,0.00
6650,100,R,-30015,0.00
6660,100,R,-30015,0.00
6670,100,R,-30015,0.00
6680,100,R,-30015,0.00
6690,100,R,-30015,0.00
6700,100,R,-30015,0.00
6710,100,R,-30015,0.00
6720,100,R,-30015,0.00
6730,100,R,-30015,0.00
6740,100,R,-30015,0.00
6750,100,R,-30015,0.00
6760,100,R,-30015,0.00
6770,100,R,-30015,0.00
6780,100,R,-30015,0.00
6790,100,R,-30015,0.00
6800,100,R,-30015,0.00
6810,100,R,-30015,0.00
6820,100,R,-30015,0.00
6830,100,R,-30015,0.00
6840,100,R,-30015,0.00
6850,100,R,-30015,0.00
6860,100,R,-30015,0.00
6870,100,R,-30015,0.00
6880,100,R,-30015,0.00
6890,100,R,-30015,0.00
6900,100,R,-30015,0.00
6910,100,R,-30015,0.00
6920,100,R,-30015,0.00
6930,100,R,-30015,0.00
6940,100,R,-30015,0.00
6950,100,R,-30015,0.00
6960,100,R,-30015,0.00
6970,100,R,-30015,0.00
6980,100,R,-30015,0.00
6990,100,R,-30015,0.00
7000,100,R,-30015,0.00
7010,100,R,-30015,0.00
7020,100,R,-30015,0.00
7030,100,R,-30015,0.00
7040,100,R,-30015,0.00
7050,100,R,-30015,0.00
7060,100,R,-30015,0.00
7070,100,R,-30015,0.00
7080,100,R,-30015,0.00
7090,100,R,-30015,0.00
7100,100,R,-30015,0.00
7110,100,R,-30015,0.00
7120,100,R,-30015,0.00
7130,100,R,-30015,0.00
7140,100,R,-30015,0.00
7150,100,R,-30015,0.00
7160,100,R,-30015,0.00
7170,100,R,-30015,0.00
7180,100,R,-30015,0.00
7190,100,R,-30015,0.00
7200,100,R,-30015,0.00
7210,100,R,-30015,0.00
7220,100,R,-30015,0.00
7230,100,R,-30015,0.00
7240,100,R,-30015,0.00
7250,100,R,-30015,0.00
7260,100,R,-30015,0.00
7270,100,R,-30015,0.00
7280,100,R,-30015,0.00
7290,100,R,-30015,0.00
7300,100,R,-30015,0.00
7310,100,R,-30015,0.00
7320,100,R,-30015,0.00
7330,100,R,-30015,0.00
7340,100,R,-30015,0.00
7350,100,R,-30015,0.00
7360,100,R,-30015,0.00
7370,100,R,-30015,0.00
7380,100,R,-30015,0.00
7390,100,R,-30015,0.00
7400,100,R,-30015,0.00
7410,100,R,-30015,0.00
7420,100,R,-30015,0.00
7430,100,R,-30015,0.00
7440,100,R,-30015,0.00
7450,100,R,-30015,0.00
7460,100,R,-30015,0.00
7470,100,R,-30015,0.00
7480,100,R,-30015,0.00
7490,100,R,-30015,0.00
7500,100,R,-30015,0.00
7510,100,R,-30015,0.00
7520,100,R,-30015,0.00
7530,100,R,-30015,0.00
7540,100,R,-30015,0.00
7550,100,R,-30015,0.00
7560,100,R,-30015,0.00
7570,100,R,-30015,0.00
7580,100,R,-30015,0.00
7590,100,R,-30015,0.00
7600,100,R,-30015,0.00
7610,100,R,-30015,0.00
7620,100,R,-30015,0.00
7630,100,R,-30015,0.00
7640,100,R,-30015,0.00
7650,100,R,-30015,0.00
7660,100,R,-30015,0.00
7670,100,R,-30015,0.00
7680,100,R,-30015,0.00
7690,100,R,-30015,0.00
7700,100,R,-30015,0.00
7710,100,R,-30015,0.00
7720,100,R,-30015,0.00
7730,100,R,-30015,0.00
7740,100,R,-30015,0.00
7750,100,R,-30015,0.00
7760,100,R,-30015,0.00
7770,100,R,-30015,0.00
7780,100,R,-30015,0.00
7790,100,R,-30015,0.00
7800,100,R,-30015,0.00
7810,100,R,-30015,0.00
7820,100,R,-30015,0.00
7830,100,R,-30015,0.00
7840,100,R,-30015,0.00
7850,100,R,-30015,0.00
7860,100,R,-30015,0.00
7870,100,R,-30015,0.00
7880,100,R,-30015,0.00
7890,100,R,-30015,0.00
7900,100,R,-30015,0.00
7910,100,R,-30015,0.00
7920,100,R,-30015,0.00
7930,100,R,-30015,0.00
7940,100,R,-30015,0.00
7950,100,R,-30015,0.00
7960,100,R,-30015,0.00
7970,100,R,-30015,0.00
7980,100,R,-30015,0.00
7990,100,R,-30015,0.00
8000,100,R,-30015,0.00
=== END ===
# Trial 41 of 46: step_down_rev_240to180_run01
=== START step_down_rev_240to180_run01 ===
t_ms,pwm_cmd,dir,enc_count,rpm
0,240,R,0,0.00
10,240,R,-4,-10.01
20,240,R,-14,-25.00
30,240,R,-29,-37.49
40,240,R,-50,-52.52
50,240,R,-77,-67.47
60,240,R,-108,-77.51
70,240,R,-145,-92.51
80,240,R,-186,-102.49
90,240,R,-231,-112.53
100,240,R,-280,-122.46
110,240,R,-333,-132.54
120,240,R,-388,-137.49
130,240,R,-446,-145.01
140,240,R,-507,-152.44
150,240,R,-570,-157.53
160,240,R,-636,-164.98
170,240,R,-705,-172.50
180,240,R,-775,-175.05
190,240,R,-846,-177.48
200,240,R,-919,-182.46
210,240,R,-993,-185.00
220,240,R,-1071,-195.04
230,240,R,-1151,-200.00
240,240,R,-1232,-202.48
250,240,R,-1315,-207.48
260,240,R,-1396,-202.48
270,240,R,-1480,-210.02
280,240,R,-1572,-230.07
290,240,R,-1655,-207.50
300,240,R,-1732,-192.48
310,240,R,-1818,-214.96
320,240,R,-1904,-215.04
330,240,R,-1988,-209.94
340,240,R,-2072,-209.90
350,240,R,-2158,-215.15
360,240,R,-2246,-219.98
370,240,R,-2336,-225.07
380,240,R,-2427,-227.43
390,240,R,-2518,-227.52
400,240,R,-2608,-225.02
410,240,R,-2697,-222.52
420,240,R,-2787,-224.91
430,240,R,-2877,-225.05
440,240,R,-2967,-225.02
450,240,R,-3058,-227.45
460,240,R,-3149,-227.55
470,240,R,-3239,-224.98
480,240,R,-3329,-225.05
490,240,R,-3420,-227.43
500,240,R,-3512,-230.07
510,240,R,-3606,-234.86
520,240,R,-3700,-235.07
530,240,R,-3792,-230.00
540,240,R,-3886,-234.88
550,240,R,-3986,-250.13
560,240,R,-4072,-215.02
570,240,R,-4161,-222.46
580,240,R,-4253,-230.07
590,240,R,-4344,-227.45
600,240,R,-4432,-220.04
610,240,R,-4521,-222.52
620,240,R,-4613,-229.93
630,240,R,-4706,-232.48
640,240,R,-4800,-235.00
650,240,R,-4894,-235.09
660,240,R,-4988,-234.93
670,240,R,-5080,-229.98
680,240,R,-5172,-230.02
690,240,R,-5264,-230.07
700,240,R,-5356,-229.93
710,240,R,-5448,-230.07
720,240,R,-5541,-232.43
730,240,R,-5632,-227.52
740,240,R,-5724,-230.00
750,240,R,-5816,-229.98
760,240,R,-5910,-235.05
770,240,R,-6004,-234.95
780,240,R,-6099,-237.52
790,240,R,-6192,-232.55
800,240,R,-6289,-242.45
810,240,R,-6388,-247.50
820,240,R,-6480,-229.98
830,240,R,-6564,-210.06
840,240,R,-6657,-232.43
850,240,R,-6748,-227.48
860,240,R,-6837,-222.52
870,240,R,-6926,-222.50
880,240,R,-7018,-229.98
890,240,R,-7112,-235.09
900,240,R,-7206,-234.93
910,240,R,-7301,-237.57
920,240,R,-7394,-232.41
930,240,R,-7486,-230.02
940,240,R,-7580,-235.00
950,240,R,-7672,-230.05
960,240,R,-7764,-229.98
970,240,R,-7857,-232.52
980,240,R,-7950,-232.52
990,240,R,-8041,-227.43
1000,240,R,-8133,-230.02
1010,240,R,-8226,-232.48
1020,240,R,-8319,-232.57
1030,240,R,-8415,-239.95
1040,240,R,-8510,-237.55
1050,240,R,-8603,-232.41
1060,240,R,-8703,-250.10
1070,240,R,-8798,-237.43
1080,240,R,-8891,-232.55
1090,240,R,-8983,-229.98
1100,240,R,-9069,-214.98
1110,240,R,-9160,-227.57
1120,240,R,-9248,-219.91
1130,240,R,-9338,-225.05
1140,240,R,-9431,-232.50
1150,240,R,-9524,-232.50
1160,240,R,-9619,-237.50
1170,240,R,-9714,-237.50
1180,240,R,-9807,-232.45
1190,240,R,-9899,-230.09
1200,240,R,-9993,-234.95
1210,240,R,-10086,-232.55
1220,240,R,-10178,-229.93
1230,240,R,-10271,-232.50
1240,240,R,-10364,-232.50
1250,240,R,-10456,-230.02
1260,240,R,-10548,-230.05
1270,240,R,-10641,-232.43
1280,240,R,-10735,-235.07
1290,240,R,-10830,-237.50
1300,240,R,-10925,-237.48
1310,240,R,-11019,-234.79
1320,240,R,-11112,-232.69
1330,240,R,-11214,-255.03
1340,240,R,-11306,-229.95
1350,240,R,-11392,-215.04
1360,240,R,-11485,-232.43
1370,240,R,-11575,-225.02
1380,240,R,-11664,-222.48
1390,240,R,-11753,-222.57
1400,240,R,-11847,-234.95
1410,240,R,-11941,-235.02
1420,240,R,-12036,-237.50
1430,240,R,-12130,-235.00
1440,240,R,-12223,-232.48
1450,240,R,-12316,-232.50
1460,240,R,-12409,-232.55
1470,240,R,-12503,-234.95
1480,240,R,-12595,-230.00
1490,240,R,-12688,-232.57
1500,240,R,-12781,-232.43
1510,240,R,-12873,-230.02
1520,240,R,-12965,-230.00
1530,240,R,-13059,-234.88
1540,240,R,-13153,-235.09
1550,240,R,-13248,-237.52
1560,240,R,-13343,-237.52
1570,240,R,-13436,-232.50
1580,240,R,-13532,-240.02
1590,240,R,-13632,-249.93
1600,240,R,-13724,-230.02
1610,240,R,-13809,-212.48
1620,240,R,-13902,-232.52
1630,240,R,-13992,-224.98
1640,240,R,-14080,-220.07
1650,240,R,-14172,-229.82
1660,240,R,-14264,-230.18
1670,240,R,-14359,-237.43
1680,240,R,-14454,-237.57
1690,240,R,-14549,-237.41
1700,240,R,-14641,-230.07
1710,240,R,-14735,-234.98
1720,240,R,-14828,-232.45
1730,240,R,-14921,-232.41
1740,240,R,-15013,-230.14
1750,240,R,-15106,-232.55
1760,240,R,-15198,-229.93
1770,240,R,-15289,-227.55
1780,240,R,-15383,-234.98
1790,240,R,-15476,-232.48
1800,240,R,-15571,-237.52
1810,240,R,-15666,-237.48
1820,240,R,-15760,-235.02
1830,240,R,-15853,-232.50
1840,240,R,-15948,-237.50
1850,240,R,-16048,-249.98
1860,240,R,-16140,-230.00
1870,240,R,-16226,-215.00
1880,240,R,-16318,-230.02
1890,240,R,-16407,-222.52
1900,240,R,-16495,-219.96
1910,240,R,-16587,-230.02
1920,240,R,-16680,-232.48
1930,240,R,-16775,-237.52
1940,240,R,-16870,-237.48
1950,240,R,-16964,-235.02
1960,240,R,-17057,-232.41
1970,240,R,-17149,-230.07
1980,240,R,-17243,-235.00
1990,240,R,-17335,-229.89
2000,240,R,-17428,-232.62
2010,240,R,-17520,-230.07
2020,240,R,-17612,-229.98
2030,240,R,-17704,-230.00
2040,240,R,-17796,-229.98
2050,240,R,-17890,-235.00
2060,240,R,-17984,-235.02
2070,240,R,-18080,-240.00
2080,240,R,-18174,-234.93
2090,240,R,-18267,-232.50
2100,240,R,-18366,-247.52
2110,240,R,-18462,-240.02
2120,240,R,-18551,-222.54
2130,240,R,-18639,-219.98
2140,240,R,-18730,-227.50
2150,240,R,-18819,-222.48
2160,240,R,-18908,-222.50
2170,240,R,-18999,-227.52
2180,240,R,-19093,-235.02
2190,240,R,-19187,-234.95
2200,240,R,-19282,-237.55
2210,240,R,-19376,-234.98
2220,240,R,-19469,-232.52
2230,240,R,-19561,-229.95
2240,240,R,-19655,-235.00
2250,240,R,-19747,-230.05
2260,240,R,-19839,-229.98
2270,240,R,-19932,-232.52
2280,240,R,-20024,-229.93
2290,240,R,-20116,-230.02
2300,240,R,-20208,-230.00
2310,240,R,-20302,-235.05
2320,240,R,-20396,-234.91
2330,240,R,-20492,-240.00
2340,240,R,-20586,-235.02
2350,240,R,-20679,-232.57
2360,240,R,-20780,-252.50
2370,240,R,-20874,-234.95
2380,240,R,-20964,-225.00
2390,240,R,-21051,-217.48
2400,240,R,-21142,-227.50
2410,240,R,-21230,-220.02
2420,240,R,-21320,-225.05
2430,240,R,-21412,-229.91
2440,240,R,-21505,-232.52
2450,240,R,-21600,-237.48
2460,240,R,-21695,-237.48
2470,240,R,-21788,-232.62
2480,240,R,-21881,-232.50
2490,240,R,-21974,-232.43
2500,240,R,-22066,-230.02
2510,240,R,-22159,-232.55
2520,240,R,-22251,-229.98
2530,240,R,-22344,-232.50
2540,240,R,-22436,-230.02
2550,240,R,-22528,-229.95
2560,240,R,-22621,-232.48
2570,240,R,-22714,-232.55
2580,240,R,-22809,-237.45
2590,240,R,-22904,-237.50
2600,240,R,-22997,-232.52
2610,240,R,-23091,-235.00
2620,240,R,-23192,-252.50
2630,240,R,-23286,-234.98
2640,240,R,-23373,-217.48
2650,240,R,-23463,-225.05
2660,240,R,-23554,-227.41
2670,240,R,-23642,-220.07
2680,240,R,-23731,-222.57
2690,240,R,-23824,-232.41
2700,240,R,-23917,-232.52
2710,240,R,-24012,-237.55
2720,240,R,-24107,-237.48
2730,240,R,-24201,-235.00
2740,240,R,-24293,-230.00
2750,240,R,-24386,-232.48
2760,240,R,-24479,-232.55
2770,240,R,-24571,-230.00
2780,240,R,-24664,-232.50
2790,240,R,-24757,-232.45
2800,240,R,-24848,-227.57
2810,240,R,-24940,-229.98
2820,240,R,-25033,-232.52
2830,240,R,-25127,-235.00
2840,240,R,-25222,-237.50
2850,240,R,-25317,-237.48
2860,240,R,-25410,-232.50
2870,240,R,-25504,-234.98
2880,240,R,-25606,-255.05
2890,240,R,-25697,-227.48
2900,240,R,-25787,-224.93
2910,240,R,-25875,-220.02
2920,240,R,-25965,-225.00
2930,240,R,-26054,-222.54
2940,240,R,-26143,-222.52
2950,240,R,-26236,-232.50
2960,240,R,-26330,-235.00
2970,240,R,-26425,-237.45
2980,240,R,-26520,-237.48
2990,240,R,-26613,-232.57
3000,180,R,-26706,-232.41
3010,180,R,-26798,-230.09
3020,180,R,-26888,-224.98
3030,180,R,-26976,-219.98
3040,180,R,-27063,-217.48
3050,180,R,-27149,-215.04
3060,180,R,-27232,-207.50
3070,180,R,-27314,-205.02
3080,180,R,-27395,-202.48
3090,180,R,-27476,-202.46
3100,180,R,-27556,-200.00
3110,180,R,-27635,-197.54
3120,180,R,-27713,-194.98
3130,180,R,-27788,-187.54
3140,180,R,-27862,-184.98
3150,180,R,-27937,-187.50
3160,180,R,-28017,-200.00
3170,180,R,-28087,-175.02
3180,180,R,-28155,-169.97
3190,180,R,-28218,-157.53
3200,180,R,-28286,-169.98
3210,180,R,-28351,-162.52
3220,180,R,-28414,-157.47
3230,180,R,-28476,-155.03
3240,180,R,-28540,-159.95
3250,180,R,-28603,-157.50
3260,180,R,-28667,-160.00
3270,180,R,-28730,-157.50
3280,180,R,-28793,-157.53
3290,180,R,-28855,-154.98
3300,180,R,-28916,-152.50
3310,180,R,-28976,-149.97
3320,180,R,-29035,-147.56
3330,180,R,-29093,-145.00
3340,180,R,-29151,-144.97
3350,180,R,-29208,-142.53
3360,180,R,-29264,-140.00
3370,180,R,-29321,-142.50
3380,180,R,-29376,-137.50
3390,180,R,-29432,-140.00
3400,180,R,-29486,-134.95
3410,180,R,-29541,-137.54
3420,180,R,-29594,-132.50
3430,180,R,-29647,-132.49
3440,180,R,-29699,-130.00
3450,180,R,-29752,-132.53
3460,180,R,-29804,-129.91
3470,180,R,-29856,-130.07
3480,180,R,-29907,-127.49
3490,180,R,-29959,-130.01
3500,180,R,-30010,-127.51
3510,180,R,-30062,-129.99
3520,180,R,-30112,-125.01
3530,180,R,-30162,-124.98
3540,180,R,-30211,-122.52
3550,180,R,-30260,-122.48
3560,180,R,-30307,-117.50
3570,180,R,-30357,-125.00
3580,180,R,-30412,-137.53
3590,180,R,-30463,-127.46
3600,180,R,-30509,-115.02
3610,180,R,-30550,-102.51
3620,180,R,-30596,-114.99
3630,180,R,-30644,-120.00
3640,180,R,-30691,-117.49
3650,180,R,-30736,-112.53
3660,180,R,-30781,-112.50
3670,180,R,-30825,-109.97
3680,180,R,-30869,-110.01
3690,180,R,-30913,-109.99
3700,180,R,-30959,-115.00
3710,180,R,-31004,-112.50
3720,180,R,-31049,-112.50
3730,180,R,-31094,-112.53
3740,180,R,-31140,-114.99
3750,180,R,-31185,-112.48
3760,180,R,-31230,-112.50
3770,180,R,-31275,-112.53
3780,180,R,-31320,-112.49
3790,180,R,-31363,-107.50
3800,180,R,-31407,-109.98
3810,180,R,-31450,-107.52
3820,180,R,-31493,-107.51
3830,180,R,-31537,-109.97
3840,180,R,-31580,-107.51
3850,180,R,-31623,-107.49
3860,180,R,-31665,-105.01
3870,180,R,-31708,-107.52
3880,180,R,-31751,-107.49
3890,180,R,-31792,-102.51
3900,180,R,-31835,-107.47
3910,180,R,-31877,-105.03
3920,180,R,-31920,-107.45
3930,180,R,-31961,-102.55
3940,180,R,-32003,-105.00
3950,180,R,-32045,-104.98
3960,180,R,-32085,-100.01
3970,180,R,-32127,-104.99
3980,180,R,-32168,-102.49
3990,180,R,-32209,-102.52
4000,180,R,-32251,-104.99
4010,180,R,-32292,-102.52
4020,180,R,-32332,-100.00
4030,180,R,-32374,-105.00
4040,180,R,-32415,-102.48
4050,180,R,-32456,-102.51
4060,180,R,-32497,-102.49
4070,180,R,-32538,-102.51
4080,180,R,-32577,-97.48
4090,180,R,-32616,-97.53
4100,180,R,-32656,-100.00
4110,180,R,-32695,-97.48
4120,180,R,-32736,-102.49
4130,180,R,-32777,-102.53
4140,180,R,-32824,-117.50
4150,180,R,-32866,-105.00
4160,180,R,-32899,-82.48
4170,180,R,-32937,-94.99
4180,180,R,-32977,-100.01
4190,180,R,-33017,-100.00
4200,180,R,-33057,-99.99
4210,180,R,-33097,-100.03
4220,180,R,-33136,-97.50
4230,180,R,-33174,-95.00
4240,180,R,-33212,-94.96
4250,180,R,-33250,-95.03
4260,180,R,-33288,-95.01
4270,180,R,-33327,-97.48
4280,180,R,-33367,-100.02
4290,180,R,-33406,-97.50
4300,180,R,-33446,-99.97
4310,180,R,-33486,-100.03
4320,180,R,-33525,-97.47
4330,180,R,-33566,-102.52
4340,180,R,-33606,-99.97
4350,180,R,-33646,-100.02
4360,180,R,-33686,-99.98
4370,180,R,-33726,-100.02
4380,180,R,-33765,-97.49
4390,180,R,-33805,-100.00
4400,180,R,-33843,-95.03
4410,180,R,-33882,-97.48
4420,180,R,-33922,-99.99
4430,180,R,-33961,-97.50
4440,180,R,-34000,-97.53
4450,180,R,-34040,-100.00
4460,180,R,-34079,-97.50
4470,180,R,-34119,-100.00
4480,180,R,-34158,-97.48
4490,180,R,-34197,-97.52
4500,180,R,-34237,-99.99
4510,180,R,-34276,-97.51
4520,180,R,-34316,-99.98
4530,180,R,-34355,-97.49
4540,180,R,-34395,-100.00
4550,180,R,-34433,-95.03
4560,180,R,-34472,-97.48
4570,180,R,-34512,-100.01
4580,180,R,-34550,-94.99
4590,180,R,-34589,-97.48
4600,180,R,-34628,-97.54
4610,180,R,-34668,-99.97
4620,180,R,-34706,-95.00
4630,180,R,-34746,-100.00
4640,180,R,-34785,-97.50
4650,180,R,-34825,-100.03
4660,180,R,-34864,-97.49
4670,180,R,-34904,-99.97
4680,180,R,-34943,-97.54
4690,180,R,-34981,-94.98
4700,180,R,-35019,-94.98
4710,180,R,-35057,-95.04
4720,180,R,-35096,-97.48
4730,180,R,-35135,-97.51
4740,180,R,-35176,-102.50
4750,180,R,-35222,-114.98
4760,180,R,-35262,-100.01
4770,180,R,-35298,-90.01
4780,180,R,-35331,-82.51
4790,180,R,-35371,-100.00
4800,180,R,-35409,-94.96
4810,180,R,-35449,-100.03
4820,180,R,-35488,-97.51
4830,180,R,-35526,-94.98
4840,180,R,-35563,-92.51
4850,180,R,-35601,-95.01
4860,180,R,-35639,-94.91
4870,180,R,-35676,-92.57
4880,180,R,-35714,-94.99
4890,180,R,-35753,-97.49
4900,180,R,-35792,-97.52
4910,180,R,-35831,-97.51
4920,180,R,-35870,-97.49
4930,180,R,-35909,-97.47
4940,180,R,-35949,-100.01
4950,180,R,-35988,-97.53
4960,180,R,-36028,-99.96
4970,180,R,-36068,-100.02
4980,180,R,-36107,-97.51
4990,180,R,-36146,-97.48
5000,180,R,-36185,-97.52
5010,180,R,-36223,-95.01
5020,180,R,-36262,-97.48
5030,180,R,-36300,-94.99
5040,180,R,-36339,-97.53
5050,180,R,-36378,-97.46
5060,180,R,-36416,-95.03
5070,180,R,-36456,-99.99
5080,180,R,-36494,-95.00
5090,180,R,-36533,-97.52
5100,180,R,-36572,-97.50
5110,180,R,-36610,-94.98
5120,180,R,-36649,-97.49
5130,180,R,-36688,-97.50
5140,180,R,-36728,-100.01
5150,180,R,-36766,-94.99
5160,180,R,-36805,-97.52
5170,180,R,-36844,-97.50
5180,180,R,-36882,-95.00
5190,180,R,-36921,-97.50
5200,180,R,-36959,-95.00
5210,180,R,-36997,-94.99
5220,180,R,-37036,-97.51
5230,180,R,-37075,-97.50
5240,180,R,-37113,-94.98
5250,180,R,-37152,-97.50
5260,180,R,-37191,-97.52
5270,180,R,-37231,-99.98
5280,180,R,-37270,-97.52
5290,180,R,-37309,-97.48
5300,180,R,-37348,-97.45
5310,180,R,-37385,-92.56
5320,180,R,-37423,-94.98
5330,180,R,-37461,-95.03
5340,180,R,-37499,-94.98
5350,180,R,-37539,-100.00
5360,180,R,-37580,-102.51
5370,180,R,-37626,-114.98
5380,180,R,-37666,-100.03
5390,180,R,-37702,-89.98
5400,180,R,-37735,-82.44
5410,180,R,-37774,-97.57
5420,180,R,-37813,-97.48
5430,180,R,-37852,-97.54
5440,180,R,-37891,-97.50
5450,180,R,-37929,-94.99
5460,180,R,-37966,-92.47
5470,180,R,-38004,-95.01
5480,180,R,-38041,-92.52
5490,180,R,-38079,-94.95
5500,180,R,-38117,-95.06
5510,180,R,-38156,-97.47
5520,180,R,-38195,-97.53
5530,180,R,-38235,-99.97
5540,180,R,-38274,-97.52
5550,180,R,-38313,-97.51
5560,180,R,-38353,-100.00
5570,180,R,-38393,-100.00
5580,180,R,-38433,-100.00
5590,180,R,-38472,-97.47
5600,180,R,-38512,-100.03
5610,180,R,-38551,-97.50
5620,180,R,-38590,-97.47
5630,180,R,-38628,-95.02
5640,180,R,-38667,-97.48
5650,180,R,-38706,-97.52
5660,180,R,-38745,-97.50
5670,180,R,-38784,-97.48
5680,180,R,-38823,-97.53
5690,180,R,-38862,-97.49
5700,180,R,-38901,-97.48
5710,180,R,-38941,-100.03
5720,180,R,-38979,-94.97
5730,180,R,-39019,-100.03
5740,180,R,-39058,-97.47
5750,180,R,-39098,-100.01
5760,180,R,-39137,-97.51
5770,180,R,-39176,-97.51
5780,180,R,-39215,-97.49
5790,180,R,-39254,-97.50
5800,180,R,-39292,-94.98
5810,180,R,-39332,-100.03
5820,180,R,-39371,-97.48
5830,180,R,-39409,-94.99
5840,180,R,-39449,-100.01
5850,180,R,-39487,-95.01
5860,180,R,-39526,-97.51
5870,180,R,-39566,-99.99
5880,180,R,-39605,-97.50
5890,180,R,-39645,-100.00
5900,180,R,-39684,-97.48
5910,180,R,-39724,-99.97
5920,180,R,-39762,-95.02
5930,180,R,-39801,-97.54
5940,180,R,-39839,-94.97
5950,180,R,-39878,-97.53
5960,180,R,-39917,-97.50
5970,180,R,-39960,-107.49
5980,180,R,-40005,-112.50
5990,180,R,-40044,-97.50
6000,180,R,-40083,-97.47
6010,180,R,-40121,-95.03
6020,180,R,-40156,-87.48
6030,180,R,-40193,-92.53
6040,180,R,-40232,-97.47
6050,180,R,-40271,-97.52
6060,180,R,-40310,-97.51
6070,180,R,-40348,-94.97
6080,180,R,-40386,-95.03
6090,180,R,-40423,-92.48
6100,180,R,-40461,-95.02
6110,180,R,-40499,-94.97
6120,180,R,-40538,-97.51
6130,180,R,-40578,-99.94
6140,180,R,-40617,-97.57
6150,180,R,-40656,-97.49
6160,180,R,-40696,-99.99
6170,180,R,-40736,-100.03
6180,180,R,-40775,-97.49
6190,180,R,-40816,-102.47
6200,180,R,-40855,-97.52
6210,180,R,-40895,-100.01
6220,180,R,-40934,-97.49
6230,180,R,-40973,-97.49
6240,180,R,-41012,-97.53
6250,180,R,-41051,-97.47
6260,180,R,-41089,-95.00
6270,180,R,-41128,-97.51
6280,180,R,-41167,-97.50
6290,180,R,-41205,-95.02
6300,180,R,-41245,-99.97
6310,180,R,-41283,-95.00
6320,180,R,-41322,-97.51
6330,180,R,-41361,-97.52
6340,180,R,-41400,-97.47
6350,180,R,-41439,-97.50
6360,180,R,-41479,-100.03
6370,180,R,-41518,-97.49
6380,180,R,-41557,-97.51
6390,180,R,-41596,-97.49
6400,180,R,-41635,-97.48
6410,180,R,-41673,-95.03
6420,180,R,-41712,-97.50
6430,180,R,-41751,-97.47
6440,180,R,-41789,-95.02
6450,180,R,-41828,-97.50
6460,180,R,-41867,-97.51
6470,180,R,-41906,-97.50
6480,180,R,-41945,-97.49
6490,180,R,-41984,-97.50
6500,180,R,-42024,-100.01
6510,180,R,-42064,-99.99
6520,180,R,-42103,-97.51
6530,180,R,-42142,-97.46
6540,180,R,-42180,-95.04
6550,180,R,-42219,-97.50
6560,180,R,-42258,-97.49
6570,180,R,-42299,-102.50
6580,180,R,-42345,-114.98
6590,180,R,-42385,-100.02
6600,180,R,-42424,-97.50
6610,180,R,-42463,-97.51
6620,180,R,-42502,-97.50
6630,180,R,-42541,-97.48
6640,180,R,-42573,-80.00
6650,180,R,-42612,-97.49
6660,180,R,-42652,-100.01
6670,180,R,-42691,-97.51
6680,180,R,-42730,-97.49
6690,180,R,-42767,-92.52
6700,180,R,-42805,-94.97
6710,180,R,-42843,-95.02
6720,180,R,-42881,-94.98
6730,180,R,-42920,-97.51
6740,180,R,-42959,-97.52
6750,180,R,-42998,-97.47
6760,180,R,-43038,-100.00
6770,180,R,-43077,-97.52
6780,180,R,-43117,-99.98
6790,180,R,-43157,-100.02
6800,180,R,-43197,-100.01
6810,180,R,-43237,-99.98
6820,180,R,-43277,-100.02
6830,180,R,-43316,-97.46
6840,180,R,-43356,-100.01
6850,180,R,-43395,-97.53
6860,180,R,-43433,-94.97
6870,180,R,-43472,-97.51
6880,180,R,-43511,-97.50
6890,180,R,-43549,-95.02
6900,180,R,-43588,-97.47
6910,180,R,-43627,-97.51
6920,180,R,-43665,-94.98
6930,180,R,-43704,-97.52
6940,180,R,-43743,-97.52
6950,180,R,-43782,-97.49
6960,180,R,-43822,-99.99
6970,180,R,-43861,-97.52
6980,180,R,-43900,-97.50
6990,180,R,-43939,-97.50
7000,180,R,-43978,-97.49
7010,180,R,-44017,-97.49
7020,180,R,-44055,-95.02
7030,180,R,-44093,-94.98
7040,180,R,-44133,-99.99
7050,180,R,-44171,-95.01
7060,180,R,-44209,-95.00
7070,180,R,-44249,-99.99
7080,180,R,-44287,-95.01
7090,180,R,-44326,-97.52
7100,180,R,-44366,-99.99
7110,180,R,-44404,-95.01
7120,180,R,-44444,-99.99
7130,180,R,-44484,-100.01
7140,180,R,-44523,-97.47
7150,180,R,-44561,-95.00
7160,180,R,-44600,-97.53
7170,180,R,-44638,-94.97
7180,180,R,-44677,-97.51
7190,180,R,-44716,-97.51
7200,180,R,-44762,-114.95
7210,180,R,-44805,-107.54
7220,180,R,-44844,-97.51
7230,180,R,-44883,-97.50
7240,180,R,-44921,-94.98
7250,180,R,-44954,-82.52
7260,180,R,-44992,-94.97
7270,180,R,-45032,-100.00
7280,180,R,-45071,-97.52
7290,180,R,-45110,-97.50
7300,180,R,-45149,-97.48
7310,180,R,-45186,-92.52
7320,180,R,-45224,-94.98
7330,180,R,-45262,-95.01
7340,180,R,-45300,-94.99
7350,180,R,-45339,-97.51
7360,180,R,-45378,-97.50
7370,180,R,-45418,-99.99
7380,180,R,-45457,-97.50
7390,180,R,-45497,-100.02
7400,180,R,-45537,-99.99
7410,180,R,-45577,-100.00
7420,180,R,-45618,-102.48
7430,180,R,-45658,-100.01
7440,180,R,-45697,-97.50
7450,180,R,-45737,-100.02
7460,180,R,-45776,-97.50
7470,180,R,-45815,-97.48
7480,180,R,-45854,-97.51
7490,180,R,-45892,-95.02
7500,180,R,-45932,-100.00
7510,180,R,-45970,-94.97
7520,180,R,-46009,-97.51
7530,180,R,-46049,-100.01
7540,180,R,-46087,-94.98
7550,180,R,-46126,-97.53
7560,180,R,-46166,-99.99
7570,180,R,-46205,-97.48
7580,180,R,-46244,-97.51
7590,180,R,-46284,-100.02
7600,180,R,-46324,-99.98
7610,180,R,-46363,-97.50
7620,180,R,-46402,-97.51
7630,180,R,-46441,-97.51
7640,180,R,-46479,-94.98
7650,180,R,-46518,-97.52
7660,180,R,-46557,-97.48
7670,180,R,-46596,-97.51
7680,180,R,-46635,-97.50
7690,180,R,-46674,-97.50
7700,180,R,-46713,-97.50
7710,180,R,-46753,-99.99
7720,180,R,-46792,-97.51
7730,180,R,-46832,-99.98
7740,180,R,-46871,-97.51
7750,180,R,-46911,-100.01
7760,180,R,-46950,-97.48
7770,180,R,-46988,-95.00
7780,180,R,-47027,-97.53
7790,180,R,-47066,-97.47
7800,180,R,-47104,-95.02
7810,180,R,-47147,-107.49
7820,180,R,-47194,-117.52
7830,180,R,-47233,-97.50
7840,180,R,-47272,-97.48
7850,180,R,-47311,-97.49
7860,180,R,-47347,-89.97
7870,180,R,-47382,-87.54
7880,180,R,-47422,-100.00
7890,180,R,-47461,-97.51
7900,180,R,-47500,-97.50
7910,180,R,-47539,-97.48
7920,180,R,-47577,-95.00
7930,180,R,-47615,-94.99
7940,180,R,-47653,-95.00
7950,180,R,-47691,-95.00
7960,180,R,-47730,-97.50
7970,180,R,-47769,-97.53
7980,180,R,-47809,-99.99
7990,180,R,-47849,-99.99
8000,180,R,-47888,-97.51
=== END ===
# Trial 42 of 46: step_down_rev_240to180_run02
=== START step_down_rev_240to180_run02 ===
t_ms,pwm_cmd,dir,enc_count,rpm
0,240,R,0,0.00
10,240,R,-4,-10.01
20,240,R,-13,-22.50
30,240,R,-29,-40.00
40,240,R,-51,-55.00
50,240,R,-78,-67.51
60,240,R,-111,-82.49
70,240,R,-149,-95.00
80,240,R,-192,-107.52
90,240,R,-240,-119.99
100,240,R,-291,-127.51
110,240,R,-346,-137.50
120,240,R,-405,-147.50
130,240,R,-465,-149.96
140,240,R,-528,-157.48
150,240,R,-594,-165.00
160,240,R,-662,-170.00
170,240,R,-733,-177.54
180,240,R,-807,-185.04
190,240,R,-883,-189.96
200,240,R,-961,-194.94
210,240,R,-1039,-195.08
220,240,R,-1118,-197.46
230,240,R,-1204,-215.06
240,240,R,-1289,-212.46
250,240,R,-1370,-202.52
260,240,R,-1450,-200.02
270,240,R,-1530,-199.96
280,240,R,-1612,-204.98
290,240,R,-1694,-205.06
300,240,R,-1777,-207.50
310,240,R,-1863,-214.96
320,240,R,-1951,-219.98
330,240,R,-2041,-225.02
340,240,R,-2131,-224.96
350,240,R,-2222,-227.59
360,240,R,-2311,-222.46
370,240,R,-2401,-225.02
380,240,R,-2490,-222.52
390,240,R,-2580,-224.96
400,240,R,-2670,-224.98
410,240,R,-2760,-225.00
420,240,R,-2851,-227.50
430,240,R,-2941,-225.07
440,240,R,-3032,-227.48
450,240,R,-3124,-230.00
460,240,R,-3217,-232.50
470,240,R,-3311,-234.91
480,240,R,-3405,-234.93
490,240,R,-3496,-227.61
500,240,R,-3596,-250.00
510,240,R,-3689,-232.57
520,240,R,-3782,-232.43
530,240,R,-3869,-217.57
540,240,R,-3958,-222.43
550,240,R,-4047,-222.57
560,240,R,-4135,-219.93
570,240,R,-4226,-227.57
580,240,R,-4319,-232.48
590,240,R,-4413,-235.02
600,240,R,-4508,-237.45
610,240,R,-4603,-237.55
620,240,R,-4695,-230.00
630,240,R,-4789,-234.95
640,240,R,-4881,-230.00
650,240,R,-4974,-232.52
660,240,R,-5065,-227.50
670,240,R,-5158,-232.52
680,240,R,-5251,-232.45
690,240,R,-5343,-229.98
700,240,R,-5435,-230.02
710,240,R,-5529,-235.05
720,240,R,-5623,-234.98
730,240,R,-5718,-237.50
740,240,R,-5814,-239.88
750,240,R,-5906,-230.09
760,240,R,-6009,-257.32
770,240,R,-6100,-227.70
780,240,R,-6194,-234.98
790,240,R,-6280,-215.02
800,240,R,-6371,-227.43
810,240,R,-6460,-222.48
820,240,R,-6549,-222.59
830,240,R,-6641,-229.93
840,240,R,-6735,-235.00
850,240,R,-6829,-235.05
860,240,R,-6924,-237.50
870,240,R,-7019,-237.50
880,240,R,-7112,-232.52
890,240,R,-7205,-232.48
900,240,R,-7298,-232.43
910,240,R,-7390,-230.05
920,240,R,-7483,-232.50
930,240,R,-7576,-232.55
940,240,R,-7668,-229.93
950,240,R,-7760,-230.00
960,240,R,-7853,-232.50
970,240,R,-7946,-232.55
980,240,R,-8041,-237.52
990,240,R,-8136,-237.50
1000,240,R,-8230,-235.00
1010,240,R,-8324,-235.00
1020,240,R,-8427,-257.47
1030,240,R,-8518,-227.48
1040,240,R,-8611,-232.50
1050,240,R,-8697,-215.00
1060,240,R,-8788,-227.48
1070,240,R,-8877,-222.52
1080,240,R,-8965,-220.00
1090,240,R,-9057,-230.05
1100,240,R,-9151,-234.98
1110,240,R,-9246,-237.50
1120,240,R,-9342,-240.00
1130,240,R,-9436,-234.98
1140,240,R,-9529,-232.52
1150,240,R,-9622,-232.48
1160,240,R,-9715,-232.34
1170,240,R,-9807,-230.21
1180,240,R,-9900,-232.45
1190,240,R,-9992,-230.02
1200,240,R,-10084,-229.98
1210,240,R,-10176,-230.02
1220,240,R,-10268,-229.98
1230,240,R,-10362,-234.98
1240,240,R,-10456,-235.02
1250,240,R,-10552,-240.00
1260,240,R,-10646,-234.91
1270,240,R,-10740,-235.12
1280,240,R,-10841,-252.47
1290,240,R,-10933,-229.98
1300,240,R,-11025,-230.05
1310,240,R,-11110,-212.48
1320,240,R,-11201,-227.48
1330,240,R,-11289,-220.00
1340,240,R,-11379,-225.05
1350,240,R,-11471,-229.95
1360,240,R,-11564,-232.55
1370,240,R,-11659,-237.45
1380,240,R,-11754,-237.52
1390,240,R,-11848,-234.93
1400,240,R,-11940,-230.12
1410,240,R,-12033,-232.38
1420,240,R,-12125,-230.12
1430,240,R,-12217,-230.00
1440,240,R,-12309,-229.95
1450,240,R,-12402,-232.48
1460,240,R,-12493,-227.57
1470,240,R,-12585,-229.98
1480,240,R,-12677,-229.98
1490,240,R,-12771,-235.02
1500,240,R,-12865,-235.02
1510,240,R,-12960,-237.45
1520,240,R,-13054,-234.91
1530,240,R,-13148,-235.14
1540,240,R,-13249,-252.42
1550,240,R,-13341,-230.05
1560,240,R,-13430,-222.52
1570,240,R,-13517,-217.50
1580,240,R,-13607,-224.93
1590,240,R,-13695,-219.98
1600,240,R,-13785,-225.05
1610,240,R,-13877,-230.00
1620,240,R,-13970,-232.48
1630,240,R,-14064,-235.00
1640,240,R,-14159,-237.57
1650,240,R,-14253,-234.95
1660,240,R,-14345,-229.95
1670,240,R,-14437,-230.02
1680,240,R,-14530,-232.50
1690,240,R,-14622,-230.07
1700,240,R,-14714,-229.95
1710,240,R,-14807,-232.52
1720,240,R,-14898,-227.45
1730,240,R,-14989,-227.50
1740,240,R,-15081,-230.00
1750,240,R,-15175,-235.00
1760,240,R,-15269,-235.05
1770,240,R,-15364,-237.48
1780,240,R,-15457,-232.50
1790,240,R,-15553,-240.02
1800,240,R,-15651,-244.95
1810,240,R,-15744,-232.57
1820,240,R,-15834,-224.91
1830,240,R,-15920,-215.02
1840,240,R,-16011,-227.50
1850,240,R,-16098,-217.50
1860,240,R,-16188,-225.02
1870,240,R,-16280,-230.05
1880,240,R,-16373,-232.50
1890,240,R,-16467,-234.98
1900,240,R,-16562,-237.50
1910,240,R,-16656,-235.00
1920,240,R,-16748,-229.98
1930,240,R,-16840,-230.05
1940,240,R,-16932,-229.91
1950,240,R,-17024,-230.02
1960,240,R,-17116,-230.07
1970,240,R,-17209,-232.43
1980,240,R,-17300,-227.52
1990,240,R,-17391,-227.50
2000,240,R,-17483,-230.02
2010,240,R,-17577,-234.95
2020,240,R,-17671,-235.07
2030,240,R,-17766,-237.31
2040,240,R,-17859,-232.64
2050,240,R,-17953,-235.02
2060,240,R,-18054,-252.53
2070,240,R,-18145,-227.45
2080,240,R,-18236,-227.48
2090,240,R,-18321,-212.56
2100,240,R,-18412,-227.36
2110,240,R,-18499,-217.59
2120,240,R,-18588,-222.54
2130,240,R,-18680,-229.95
2140,240,R,-18773,-232.50
2150,240,R,-18868,-237.50
2160,240,R,-18962,-235.02
2170,240,R,-19056,-234.93
2180,240,R,-19148,-230.05
2190,240,R,-19240,-230.00
2200,240,R,-19332,-229.95
2210,240,R,-19424,-230.07
2220,240,R,-19516,-229.95
2230,240,R,-19609,-232.48
2240,240,R,-19699,-225.02
2250,240,R,-19791,-230.07
2260,240,R,-19883,-229.95
2270,240,R,-19976,-232.55
2280,240,R,-20070,-235.00
2290,240,R,-20165,-237.43
2300,240,R,-20258,-232.55
2310,240,R,-20352,-234.95
2320,240,R,-20453,-252.58
2330,240,R,-20544,-227.50
2340,240,R,-20634,-224.91
2350,240,R,-20720,-215.06
2360,240,R,-20810,-225.02
2370,240,R,-20898,-219.96
2380,240,R,-20987,-222.48
2390,240,R,-21079,-230.07
2400,240,R,-21171,-229.98
2410,240,R,-21266,-237.52
2420,240,R,-21361,-237.48
2430,240,R,-21454,-232.45
2440,240,R,-21546,-230.07
2450,240,R,-21638,-229.95
2460,240,R,-21731,-232.48
2470,240,R,-21822,-227.50
2480,240,R,-21914,-230.02
2490,240,R,-22007,-232.55
2500,240,R,-22098,-227.45
2510,240,R,-22189,-227.52
2520,240,R,-22281,-229.98
2530,240,R,-22374,-232.50
2540,240,R,-22468,-234.95
2550,240,R,-22563,-237.50
2560,240,R,-22656,-232.57
2570,240,R,-22750,-234.93
2580,240,R,-22851,-252.53
2590,240,R,-22943,-229.98
2600,240,R,-23033,-225.05
2610,240,R,-23119,-214.91
2620,240,R,-23209,-225.07
2630,240,R,-23297,-220.07
2640,240,R,-23386,-222.48
2650,240,R,-23478,-229.91
2660,240,R,-23570,-230.12
2670,240,R,-23665,-237.45
2680,240,R,-23760,-237.41
2690,240,R,-23853,-232.59
2700,240,R,-23945,-230.05
2710,240,R,-24038,-232.45
2720,240,R,-24130,-230.05
2730,240,R,-24222,-230.00
2740,240,R,-24314,-229.95
2750,240,R,-24407,-232.55
2760,240,R,-24498,-227.48
2770,240,R,-24590,-230.02
2780,240,R,-24682,-229.98
2790,240,R,-24775,-232.50
2800,240,R,-24869,-235.00
2810,240,R,-24964,-237.50
2820,240,R,-25058,-234.98
2830,240,R,-25152,-235.05
2840,240,R,-25253,-252.45
2850,240,R,-25344,-227.48
2860,240,R,-25435,-227.48
2870,240,R,-25522,-217.54
2880,240,R,-25613,-227.48
2890,240,R,-25700,-217.50
2900,240,R,-25790,-225.05
2910,240,R,-25882,-230.00
2920,240,R,-25975,-232.43
2930,240,R,-26070,-237.60
2940,240,R,-26165,-237.48
2950,240,R,-26259,-235.02
2960,240,R,-26351,-229.98
2970,240,R,-26444,-232.45
2980,240,R,-26536,-230.05
2990,240,R,-26629,-232.45
3000,180,R,-26721,-230.02
3010,180,R,-26814,-232.43
3020,180,R,-26902,-220.07
3030,180,R,-26990,-219.98
3040,180,R,-27077,-217.43
3050,180,R,-27163,-215.06
3060,180,R,-27248,-212.54
3070,180,R,-27333,-212.46
3080,180,R,-27417,-209.98
3090,180,R,-27495,-195.06
3100,180,R,-27580,-212.46
3110,180,R,-27662,-205.02
3120,180,R,-27739,-192.54
3130,180,R,-27812,-182.43
3140,180,R,-27879,-167.52
3150,180,R,-27952,-182.50
3160,180,R,-28022,-175.00
3170,180,R,-28089,-167.55
3180,180,R,-28156,-167.50
3190,180,R,-28224,-169.97
3200,180,R,-28293,-172.48
3210,180,R,-28360,-167.53
3220,180,R,-28428,-169.98
3230,180,R,-28496,-170.00
3240,180,R,-28562,-164.98
3250,180,R,-28626,-160.05
3260,180,R,-28689,-157.47
3270,180,R,-28752,-157.50
3280,180,R,-28813,-152.47
3290,180,R,-28874,-152.53
3300,180,R,-28935,-152.52
3310,180,R,-28994,-147.51
3320,180,R,-29053,-147.46
3330,180,R,-29112,-147.51
3340,180,R,-29170,-145.00
3350,180,R,-29228,-145.01
3360,180,R,-29284,-139.99
3370,180,R,-29340,-140.03
3380,180,R,-29396,-139.99
3390,180,R,-29450,-135.00
3400,180,R,-29506,-139.99
3410,180,R,-29560,-135.01
3420,180,R,-29615,-137.47
3430,180,R,-29669,-135.03
3440,180,R,-29724,-137.46
3450,180,R,-29777,-132.51
3460,180,R,-29830,-132.41
3470,180,R,-29880,-125.13
3480,180,R,-29932,-130.00
3490,180,R,-29983,-127.47
3500,180,R,-30042,-147.40
3510,180,R,-30095,-132.62
3520,180,R,-30144,-122.46
3530,180,R,-30194,-125.00
3540,180,R,-30236,-104.99
3550,180,R,-30285,-122.54
3560,180,R,-30334,-122.50
3570,180,R,-30382,-119.99
3580,180,R,-30429,-117.50
3590,180,R,-30475,-115.00
3600,180,R,-30521,-114.99
3610,180,R,-30567,-115.00
3620,180,R,-30614,-117.54
3630,180,R,-30661,-117.48
3640,180,R,-30708,-117.51
3650,180,R,-30755,-117.46
3660,180,R,-30803,-120.02
3670,180,R,-30850,-117.49
3680,180,R,-30897,-117.52
3690,180,R,-30943,-114.99
3700,180,R,-30989,-115.02
3710,180,R,-31035,-114.97
3720,180,R,-31080,-112.52
3730,180,R,-31124,-110.01
3740,180,R,-31168,-109.98
3750,180,R,-31212,-109.99
3760,180,R,-31256,-110.03
3770,180,R,-31300,-109.97
3780,180,R,-31343,-107.53
3790,180,R,-31387,-109.97
3800,180,R,-31430,-107.50
3810,180,R,-31474,-110.00
3820,180,R,-31517,-107.52
3830,180,R,-31560,-107.50
3840,180,R,-31603,-107.49
3850,180,R,-31645,-105.01
3860,180,R,-31687,-104.99
3870,180,R,-31730,-107.42
3880,180,R,-31771,-102.56
3890,180,R,-31813,-105.02
3900,180,R,-31854,-102.49
3910,180,R,-31896,-105.01
3920,180,R,-31937,-102.48
3930,180,R,-31978,-102.52
3940,180,R,-32020,-104.98
3950,180,R,-32061,-102.49
3960,180,R,-32103,-105.02
3970,180,R,-32144,-102.51
3980,180,R,-32185,-102.49
3990,180,R,-32226,-102.48
4000,180,R,-32265,-97.51
4010,180,R,-32305,-100.02
4020,180,R,-32345,-100.00
4030,180,R,-32386,-102.50
4040,180,R,-32433,-117.48
4050,180,R,-32476,-107.53
4060,180,R,-32516,-99.97
4070,180,R,-32556,-100.02
4080,180,R,-32595,-97.49
4090,180,R,-32630,-87.48
4100,180,R,-32668,-95.03
4110,180,R,-32708,-100.00
4120,180,R,-32748,-100.00
4130,180,R,-32787,-97.49
4140,180,R,-32826,-97.50
4150,180,R,-32864,-95.02
4160,180,R,-32902,-94.98
4170,180,R,-32940,-94.99
4180,180,R,-32979,-97.51
4190,180,R,-33018,-97.52
4200,180,R,-33057,-97.49
4210,180,R,-33097,-99.99
4220,180,R,-33137,-100.01
4230,180,R,-33177,-99.98
4240,180,R,-33217,-100.01
4250,180,R,-33257,-100.02
4260,180,R,-33297,-99.97
4270,180,R,-33337,-100.03
4280,180,R,-33376,-97.47
4290,180,R,-33416,-100.01
4300,180,R,-33454,-94.99
4310,180,R,-33493,-97.53
4320,180,R,-33532,-97.48
4330,180,R,-33570,-94.99
4340,180,R,-33609,-97.52
4350,180,R,-33648,-97.51
4360,180,R,-33686,-94.99
4370,180,R,-33725,-97.48
4380,180,R,-33763,-95.02
4390,180,R,-33802,-97.48
4400,180,R,-33840,-95.03
4410,180,R,-33879,-97.50
4420,180,R,-33918,-97.48
4430,180,R,-33957,-97.49
4440,180,R,-33996,-97.52
4450,180,R,-34035,-97.49
4460,180,R,-34073,-95.01
4470,180,R,-34111,-95.00
4480,180,R,-34149,-94.99
4490,180,R,-34187,-95.02
4500,180,R,-34225,-94.97
4510,180,R,-34263,-95.00
4520,180,R,-34302,-97.53
4530,180,R,-34340,-94.98
4540,180,R,-34378,-95.02
4550,180,R,-34417,-97.50
4560,180,R,-34455,-94.98
4570,180,R,-34494,-97.51
4580,180,R,-34533,-97.48
4590,180,R,-34572,-97.51
4600,180,R,-34610,-95.00
4610,180,R,-34648,-94.99
4620,180,R,-34685,-92.53
4630,180,R,-34723,-94.99
4640,180,R,-34761,-94.97
4650,180,R,-34801,-100.02
4660,180,R,-34847,-115.00
4670,180,R,-34886,-97.50
4680,180,R,-34925,-97.52
4690,180,R,-34963,-95.00
4700,180,R,-35000,-92.49
4710,180,R,-35032,-80.01
4720,180,R,-35070,-94.99
4730,180,R,-35109,-97.50
4740,180,R,-35148,-97.44
4750,180,R,-35185,-92.54
4760,180,R,-35223,-95.00
4770,180,R,-35260,-92.51
4780,180,R,-35296,-90.00
4790,180,R,-35333,-92.52
4800,180,R,-35371,-94.99
4810,180,R,-35409,-95.00
4820,180,R,-35447,-95.01
4830,180,R,-35486,-97.49
4840,180,R,-35525,-97.48
4850,180,R,-35564,-97.52
4860,180,R,-35603,-97.48
4870,180,R,-35642,-97.51
4880,180,R,-35681,-97.50
4890,180,R,-35720,-97.52
4900,180,R,-35759,-97.49
4910,180,R,-35798,-97.51
4920,180,R,-35836,-94.99
4930,180,R,-35874,-94.98
4940,180,R,-35912,-95.01
4950,180,R,-35950,-95.00
4960,180,R,-35988,-95.01
4970,180,R,-36026,-95.00
4980,180,R,-36064,-94.97
4990,180,R,-36102,-95.03
5000,180,R,-36140,-95.01
5010,180,R,-36178,-94.99
5020,180,R,-36216,-94.97
5030,180,R,-36254,-95.02
5040,180,R,-36293,-97.52
5050,180,R,-36331,-94.99
5060,180,R,-36370,-97.50
5070,180,R,-36408,-94.98
5080,180,R,-36446,-95.01
5090,180,R,-36484,-95.02
5100,180,R,-36522,-95.00
5110,180,R,-36559,-92.50
5120,180,R,-36597,-94.97
5130,180,R,-36635,-94.99
5140,180,R,-36672,-92.54
5150,180,R,-36711,-97.50
5160,180,R,-36748,-92.48
5170,180,R,-36786,-95.00
5180,180,R,-36825,-97.48
5190,180,R,-36862,-92.54
5200,180,R,-36901,-97.49
5210,180,R,-36939,-95.00
5220,180,R,-36978,-97.51
5230,180,R,-37016,-94.98
5240,180,R,-37053,-92.50
5250,180,R,-37090,-92.48
5260,180,R,-37128,-95.03
5270,180,R,-37165,-92.51
5280,180,R,-37206,-102.46
5290,180,R,-37252,-115.03
5300,180,R,-37290,-94.98
5310,180,R,-37328,-95.00
5320,180,R,-37366,-95.01
5330,180,R,-37402,-89.99
5340,180,R,-37434,-80.02
5350,180,R,-37472,-94.99
5360,180,R,-37511,-97.51
5370,180,R,-37549,-94.98
5380,180,R,-37586,-92.53
5390,180,R,-37623,-92.49
5400,180,R,-37660,-92.48
5410,180,R,-37696,-90.01
5420,180,R,-37733,-92.52
5430,180,R,-37770,-92.50
5440,180,R,-37808,-94.99
5450,180,R,-37846,-95.00
5460,180,R,-37885,-97.48
5470,180,R,-37923,-94.99
5480,180,R,-37962,-97.53
5490,180,R,-38001,-97.49
5500,180,R,-38039,-95.02
5510,180,R,-38078,-97.50
5520,180,R,-38117,-97.49
5530,180,R,-38156,-97.48
5540,180,R,-38194,-95.02
5550,180,R,-38232,-95.00
5560,180,R,-38270,-94.97
5570,180,R,-38308,-95.03
5580,180,R,-38345,-92.48
5590,180,R,-38383,-94.99
5600,180,R,-38421,-95.01
5610,180,R,-38458,-92.51
5620,180,R,-38497,-97.51
5630,180,R,-38534,-92.49
5640,180,R,-38572,-95.02
5650,180,R,-38610,-94.99
5660,180,R,-38647,-92.47
5670,180,R,-38686,-97.51
5680,180,R,-38724,-95.03
5690,180,R,-38762,-94.97
5700,180,R,-38800,-94.99
5710,180,R,-38838,-95.03
5720,180,R,-38875,-92.51
5730,180,R,-38913,-94.96
5740,180,R,-38950,-92.52
5750,180,R,-38988,-94.99
5760,180,R,-39025,-92.53
5770,180,R,-39062,-92.47
5780,180,R,-39100,-95.02
5790,180,R,-39138,-94.99
5800,180,R,-39176,-94.99
5810,180,R,-39214,-95.02
5820,180,R,-39251,-92.50
5830,180,R,-39290,-97.51
5840,180,R,-39328,-94.98
5850,180,R,-39366,-95.01
5860,180,R,-39404,-94.99
5870,180,R,-39441,-92.51
5880,180,R,-39478,-92.47
5890,180,R,-39516,-95.02
5900,180,R,-39553,-92.49
5910,180,R,-39592,-97.50
5920,180,R,-39635,-107.50
5930,180,R,-39678,-107.52
5940,180,R,-39715,-92.51
5950,180,R,-39753,-94.98
5960,180,R,-39790,-92.49
5970,180,R,-39823,-82.52
5980,180,R,-39858,-87.49
5990,180,R,-39897,-97.51
6000,180,R,-39935,-95.00
6010,180,R,-39973,-94.97
6020,180,R,-40010,-92.52
6030,180,R,-40047,-92.51
6040,180,R,-40083,-90.00
6050,180,R,-40120,-92.49
6060,180,R,-40156,-90.01
6070,180,R,-40194,-94.97
6080,180,R,-40232,-95.02
6090,180,R,-40270,-94.99
6100,180,R,-40309,-97.50
6110,180,R,-40347,-95.00
6120,180,R,-40386,-97.50
6130,180,R,-40425,-97.51
6140,180,R,-40463,-95.01
6150,180,R,-40502,-97.48
6160,180,R,-40541,-97.52
6170,180,R,-40579,-94.98
6180,180,R,-40618,-97.52
6190,180,R,-40656,-94.99
6200,180,R,-40693,-92.48
6210,180,R,-40731,-95.02
6220,180,R,-40768,-92.49
6230,180,R,-40806,-95.02
6240,180,R,-40844,-94.98
6250,180,R,-40882,-95.01
6260,180,R,-40920,-94.99
6270,180,R,-40957,-92.48
6280,180,R,-40995,-94.97
6290,180,R,-41033,-95.07
6300,180,R,-41071,-94.99
6310,180,R,-41109,-94.98
6320,180,R,-41147,-94.99
6330,180,R,-41185,-95.03
6340,180,R,-41223,-95.01
6350,180,R,-41261,-94.98
6360,180,R,-41298,-92.48
6370,180,R,-41336,-95.00
6380,180,R,-41373,-92.52
6390,180,R,-41410,-92.52
6400,180,R,-41448,-95.00
6410,180,R,-41486,-94.98
6420,180,R,-41523,-92.52
6430,180,R,-41561,-94.99
6440,180,R,-41599,-94.91
6450,180,R,-41637,-95.06
6460,180,R,-41675,-95.04
6470,180,R,-41713,-95.00
6480,180,R,-41751,-95.00
6490,180,R,-41789,-95.00
6500,180,R,-41827,-94.98
6510,180,R,-41864,-92.49
6520,180,R,-41901,-92.50
6530,180,R,-41939,-95.00
6540,180,R,-41976,-92.53
6550,180,R,-42018,-105.00
6560,180,R,-42063,-112.47
6570,180,R,-42101,-95.02
6580,180,R,-42139,-94.98
6590,180,R,-42176,-92.50
6600,180,R,-42213,-92.52
6610,180,R,-42245,-80.00
6620,180,R,-42283,-94.99
6630,180,R,-42321,-95.02
6640,180,R,-42359,-94.98
6650,180,R,-42397,-95.01
6660,180,R,-42434,-92.49
6670,180,R,-42470,-90.02
6680,180,R,-42507,-92.49
6690,180,R,-42543,-89.98
6700,180,R,-42581,-95.01
6710,180,R,-42619,-95.01
6720,180,R,-42657,-94.99
6730,180,R,-42696,-97.50
6740,180,R,-42734,-94.99
6750,180,R,-42773,-97.44
6760,180,R,-42812,-97.57
6770,180,R,-42850,-95.01
6780,180,R,-42889,-97.51
6790,180,R,-42928,-97.49
6800,180,R,-42967,-97.47
6810,180,R,-43005,-95.03
6820,180,R,-43043,-95.00
6830,180,R,-43081,-95.00
6840,180,R,-43119,-95.00
6850,180,R,-43156,-92.49
6860,180,R,-43194,-95.02
6870,180,R,-43232,-94.98
6880,180,R,-43269,-92.48
6890,180,R,-43308,-97.51
6900,180,R,-43345,-92.49
6910,180,R,-43382,-92.54
6920,180,R,-43420,-94.99
6930,180,R,-43458,-95.01
6940,180,R,-43497,-97.49
6950,180,R,-43535,-95.00
6960,180,R,-43573,-94.99
6970,180,R,-43612,-97.49
6980,180,R,-43649,-92.50
6990,180,R,-43686,-92.50
7000,180,R,-43724,-95.01
7010,180,R,-43761,-92.52
7020,180,R,-43799,-94.97
7030,180,R,-43837,-95.03
7040,180,R,-43874,-92.48
7050,180,R,-43912,-94.99
7060,180,R,-43949,-92.51
7070,180,R,-43987,-95.02
7080,180,R,-44026,-97.46
7090,180,R,-44063,-92.51
7100,180,R,-44102,-97.53
7110,180,R,-44140,-94.97
7120,180,R,-44178,-94.99
7130,180,R,-44216,-95.02
7140,180,R,-44253,-92.49
7150,180,R,-44290,-92.52
7160,180,R,-44327,-92.49
7170,180,R,-44364,-92.49
7180,180,R,-44405,-102.53
7190,180,R,-44450,-112.48
7200,180,R,-44489,-97.49
7210,180,R,-44527,-95.00
7220,180,R,-44565,-95.03
7230,180,R,-44601,-89.98
7240,180,R,-44633,-80.00
7250,180,R,-44670,-92.51
7260,180,R,-44709,-97.51
7270,180,R,-44747,-94.97
7280,180,R,-44784,-92.50
7290,180,R,-44821,-92.50
7300,180,R,-44858,-92.52
7310,180,R,-44894,-90.01
7320,180,R,-44931,-92.50
7330,180,R,-44968,-92.48
7340,180,R,-45005,-92.49
7350,180,R,-45044,-97.47
7360,180,R,-45082,-95.03
7370,180,R,-45120,-95.00
7380,180,R,-45158,-95.02
7390,180,R,-45197,-97.50
7400,180,R,-45236,-97.51
7410,180,R,-45275,-97.49
7420,180,R,-45313,-95.00
7430,180,R,-45352,-97.51
7440,180,R,-45390,-94.99
7450,180,R,-45428,-95.00
7460,180,R,-45466,-95.01
7470,180,R,-45503,-92.50
7480,180,R,-45540,-92.49
7490,180,R,-45578,-94.98
7500,180,R,-45616,-94.99
7510,180,R,-45653,-92.51
7520,180,R,-45691,-95.02
7530,180,R,-45728,-92.48
7540,180,R,-45766,-95.01
7550,180,R,-45804,-95.00
7560,180,R,-45841,-92.51
7570,180,R,-45879,-94.99
7580,180,R,-45917,-95.01
7590,180,R,-45955,-94.97
7600,180,R,-45994,-97.53
7610,180,R,-46031,-92.48
7620,180,R,-46069,-94.99
7630,180,R,-46106,-92.50
7640,180,R,-46143,-92.52
7650,180,R,-46181,-95.01
7660,180,R,-46218,-92.48
7670,180,R,-46255,-92.52
7680,180,R,-46293,-94.98
7690,180,R,-46331,-94.99
7700,180,R,-46368,-92.54
7710,180,R,-46406,-94.97
7720,180,R,-46444,-95.03
7730,180,R,-46482,-94.98
7740,180,R,-46521,-97.48
7750,180,R,-46558,-92.51
7760,180,R,-46596,-95.03
7770,180,R,-46634,-95.00
7780,180,R,-46671,-92.47
7790,180,R,-46708,-92.53
7800,180,R,-46745,-92.50
7810,180,R,-46783,-95.00
7820,180,R,-46827,-109.98
7830,180,R,-46870,-107.52
7840,180,R,-46907,-92.47
7850,180,R,-46945,-95.03
7860,180,R,-46983,-94.97
7870,180,R,-47017,-85.00
7880,180,R,-47051,-85.00
7890,180,R,-47089,-95.02
7900,180,R,-47128,-97.48
7910,180,R,-47166,-95.02
7920,180,R,-47203,-92.51
7930,180,R,-47240,-92.49
7940,180,R,-47276,-90.00
7950,180,R,-47313,-92.49
7960,180,R,-47349,-89.98
7970,180,R,-47387,-95.00
7980,180,R,-47425,-95.02
7990,180,R,-47463,-94.99
=== END ===
# Trial 43 of 46: step_down_rev_240to180_run03
=== START step_down_rev_240to180_run03 ===
t_ms,pwm_cmd,dir,enc_count,rpm
0,240,R,0,0.00
10,240,R,-3,-7.50
20,240,R,-13,-25.00
30,240,R,-30,-42.50
40,240,R,-52,-54.99
50,240,R,-81,-72.50
60,240,R,-114,-82.50
70,240,R,-153,-97.52
80,240,R,-197,-110.01
90,240,R,-244,-117.49
100,240,R,-296,-130.00
110,240,R,-350,-134.97
120,240,R,-408,-145.00
130,240,R,-469,-152.50
140,240,R,-533,-160.05
150,240,R,-599,-164.90
160,240,R,-666,-167.60
170,240,R,-736,-174.98
180,240,R,-809,-182.46
190,240,R,-884,-187.56
200,240,R,-961,-192.46
210,240,R,-1040,-197.54
220,240,R,-1120,-199.96
230,240,R,-1199,-197.52
240,240,R,-1280,-202.46
250,240,R,-1372,-230.07
260,240,R,-1453,-202.50
270,240,R,-1534,-202.46
280,240,R,-1615,-202.42
290,240,R,-1698,-207.56
300,240,R,-1779,-202.52
310,240,R,-1862,-207.46
320,240,R,-1948,-215.09
330,240,R,-2037,-222.43
340,240,R,-2126,-222.54
350,240,R,-2217,-227.45
360,240,R,-2308,-227.55
370,240,R,-2397,-222.50
380,240,R,-2486,-222.50
390,240,R,-2575,-222.46
400,240,R,-2665,-225.02
410,240,R,-2754,-222.48
420,240,R,-2844,-225.07
430,240,R,-2934,-225.00
440,240,R,-3024,-225.00
450,240,R,-3114,-224.91
460,240,R,-3205,-227.57
470,240,R,-3297,-230.02
480,240,R,-3390,-232.50
490,240,R,-3483,-232.41
500,240,R,-3574,-227.57
510,240,R,-3669,-237.36
520,240,R,-3766,-242.60
530,240,R,-3857,-227.50
540,240,R,-3946,-222.50
550,240,R,-4031,-212.54
560,240,R,-4120,-222.50
570,240,R,-4207,-217.52
580,240,R,-4296,-222.43
590,240,R,-4387,-227.50
600,240,R,-4479,-230.02
610,240,R,-4574,-237.52
620,240,R,-4667,-232.45
630,240,R,-4760,-232.52
640,240,R,-4851,-227.48
650,240,R,-4943,-230.02
660,240,R,-5034,-227.55
670,240,R,-5125,-227.45
680,240,R,-5217,-229.95
690,240,R,-5308,-227.50
700,240,R,-5399,-227.57
710,240,R,-5489,-224.98
720,240,R,-5581,-230.02
730,240,R,-5673,-229.95
740,240,R,-5767,-235.07
750,240,R,-5861,-234.93
760,240,R,-5953,-230.05
770,240,R,-6047,-235.02
780,240,R,-6146,-247.48
790,240,R,-6237,-227.43
800,240,R,-6325,-220.04
810,240,R,-6412,-217.52
820,240,R,-6501,-222.48
830,240,R,-6588,-217.48
840,240,R,-6676,-220.07
850,240,R,-6767,-227.50
860,240,R,-6860,-232.45
870,240,R,-6953,-232.52
880,240,R,-7047,-235.00
890,240,R,-7140,-232.52
900,240,R,-7231,-227.43
910,240,R,-7323,-230.07
920,240,R,-7414,-227.50
930,240,R,-7506,-229.95
940,240,R,-7597,-227.48
950,240,R,-7689,-229.95
960,240,R,-7779,-225.07
970,240,R,-7870,-227.48
980,240,R,-7961,-227.50
990,240,R,-8054,-232.55
1000,240,R,-8147,-232.45
1010,240,R,-8241,-235.00
1020,240,R,-8334,-232.55
1030,240,R,-8426,-229.98
1040,240,R,-8526,-250.05
1050,240,R,-8618,-229.89
1060,240,R,-8708,-225.09
1070,240,R,-8793,-212.48
1080,240,R,-8883,-225.00
1090,240,R,-8970,-217.46
1100,240,R,-9057,-217.59
1110,240,R,-9148,-227.45
1120,240,R,-9240,-229.95
1130,240,R,-9333,-232.52
1140,240,R,-9427,-235.05
1150,240,R,-9520,-232.43
1160,240,R,-9612,-230.05
1170,240,R,-9703,-227.48
1180,240,R,-9795,-230.07
1190,240,R,-9885,-224.96
1200,240,R,-9976,-227.55
1210,240,R,-10067,-227.45
1220,240,R,-10158,-227.45
1230,240,R,-10247,-222.52
1240,240,R,-10339,-229.95
1250,240,R,-10430,-227.61
1260,240,R,-10523,-232.45
1270,240,R,-10616,-232.50
1280,240,R,-10710,-234.81
1290,240,R,-10800,-225.20
1300,240,R,-10900,-249.98
1310,240,R,-10990,-225.05
1320,240,R,-11083,-232.48
1330,240,R,-11167,-209.96
1340,240,R,-11256,-222.50
1350,240,R,-11343,-217.50
1360,240,R,-11429,-215.06
1370,240,R,-11519,-225.00
1380,240,R,-11610,-227.32
1390,240,R,-11702,-230.14
1400,240,R,-11795,-232.48
1410,240,R,-11888,-232.57
1420,240,R,-11979,-227.45
1430,240,R,-12070,-227.55
1440,240,R,-12160,-224.93
1450,240,R,-12251,-227.43
1460,240,R,-12340,-222.63
1470,240,R,-12431,-227.50
1480,240,R,-12522,-227.45
1490,240,R,-12611,-222.54
1500,240,R,-12701,-224.96
1510,240,R,-12792,-227.48
1520,240,R,-12883,-227.55
1530,240,R,-12976,-232.48
1540,240,R,-13068,-230.05
1550,240,R,-13159,-227.43
1560,240,R,-13252,-232.55
1570,240,R,-13350,-244.95
1580,240,R,-13439,-222.54
1590,240,R,-13529,-224.96
1600,240,R,-13613,-210.04
1610,240,R,-13701,-220.00
1620,240,R,-13787,-215.00
1630,240,R,-13874,-217.46
1640,240,R,-13964,-225.07
1650,240,R,-14055,-227.48
1660,240,R,-14148,-232.48
1670,240,R,-14241,-232.55
1680,240,R,-14332,-227.45
1690,240,R,-14423,-227.52
1700,240,R,-14513,-225.02
1710,240,R,-14604,-227.45
1720,240,R,-14693,-222.46
1730,240,R,-14783,-225.07
1740,240,R,-14873,-224.93
1750,240,R,-14962,-222.50
1760,240,R,-15050,-220.04
1770,240,R,-15140,-224.98
1780,240,R,-15231,-227.57
1790,240,R,-15322,-227.50
1800,240,R,-15415,-232.50
1810,240,R,-15506,-227.48
1820,240,R,-15595,-222.43
1830,240,R,-15692,-242.50
1840,240,R,-15785,-232.52
1850,240,R,-15874,-222.57
1860,240,R,-15958,-209.94
1870,240,R,-16046,-220.02
1880,240,R,-16132,-215.02
1890,240,R,-16218,-215.02
1900,240,R,-16306,-219.93
1910,240,R,-16396,-224.98
1920,240,R,-16487,-227.59
1930,240,R,-16579,-230.00
1940,240,R,-16671,-229.98
1950,240,R,-16762,-227.50
1960,240,R,-16851,-222.48
1970,240,R,-16942,-227.55
1980,240,R,-17031,-222.50
1990,240,R,-17121,-224.96
2000,240,R,-17210,-222.48
2010,240,R,-17300,-225.07
2020,240,R,-17388,-220.00
2030,240,R,-17478,-224.98
2040,240,R,-17567,-222.52
2050,240,R,-17658,-227.43
2060,240,R,-17749,-227.57
2070,240,R,-17842,-232.50
2080,240,R,-17932,-224.98
2090,240,R,-18022,-225.02
2100,240,R,-18120,-244.90
2110,240,R,-18210,-225.05
2120,240,R,-18300,-225.02
2130,240,R,-18382,-205.02
2140,240,R,-18471,-222.50
2150,240,R,-18557,-215.00
2160,240,R,-18642,-212.44
2170,240,R,-18731,-222.50
2180,240,R,-18821,-225.07
2190,240,R,-18913,-229.95
2200,240,R,-19005,-229.98
2210,240,R,-19097,-229.93
2220,240,R,-19186,-222.63
2230,240,R,-19276,-224.98
2240,240,R,-19366,-225.02
2250,240,R,-19456,-224.96
2260,240,R,-19545,-222.48
2270,240,R,-19635,-225.05
2280,240,R,-19725,-224.93
2290,240,R,-19814,-222.50
2300,240,R,-19903,-222.59
2310,240,R,-19993,-224.96
2320,240,R,-20084,-227.52
2330,240,R,-20176,-229.95
2340,240,R,-20268,-230.07
2350,240,R,-20359,-227.45
2360,240,R,-20451,-230.00
2370,240,R,-20549,-245.00
2380,240,R,-20639,-225.05
2390,240,R,-20726,-217.43
2400,240,R,-20811,-212.54
2410,240,R,-20900,-222.48
2420,240,R,-20985,-212.48
2430,240,R,-21072,-217.50
2440,240,R,-21162,-225.00
2450,240,R,-21253,-227.50
2460,240,R,-21346,-232.50
2470,240,R,-21439,-232.50
2480,240,R,-21531,-230.07
2490,240,R,-21622,-227.48
2500,240,R,-21713,-227.52
2510,240,R,-21804,-227.45
2520,240,R,-21894,-224.96
2530,240,R,-21985,-227.55
2540,240,R,-22076,-227.48
2550,240,R,-22166,-225.05
2560,240,R,-22256,-224.96
2570,240,R,-22347,-227.57
2580,240,R,-22439,-230.00
2590,240,R,-22532,-232.43
2600,240,R,-22626,-235.02
2610,240,R,-22719,-232.50
2620,240,R,-22810,-227.50
2630,240,R,-22910,-249.98
2640,240,R,-23002,-230.07
2650,240,R,-23094,-229.86
2660,240,R,-23178,-210.13
2670,240,R,-23268,-225.00
2680,240,R,-23355,-217.48
2690,240,R,-23442,-217.52
2700,240,R,-23532,-224.93
2710,240,R,-23625,-232.38
2720,240,R,-23718,-232.48
2730,240,R,-23811,-232.71
2740,240,R,-23905,-234.93
2750,240,R,-23996,-227.50
2760,240,R,-24088,-230.05
2770,240,R,-24179,-227.50
2780,240,R,-24270,-227.45
2790,240,R,-24360,-225.00
2800,240,R,-24451,-227.50
2810,240,R,-24542,-227.55
2820,240,R,-24632,-225.00
2830,240,R,-24723,-227.50
2840,240,R,-24814,-227.52
2850,240,R,-24907,-232.43
2860,240,R,-25000,-232.55
2870,240,R,-25094,-235.02
2880,240,R,-25184,-224.91
2890,240,R,-25281,-242.52
2900,240,R,-25376,-237.57
2910,240,R,-25467,-227.45
2920,240,R,-25553,-215.00
2930,240,R,-25641,-220.04
2940,240,R,-25729,-219.96
2950,240,R,-25815,-215.02
2960,240,R,-25905,-225.02
2970,240,R,-25996,-227.43
2980,240,R,-26088,-230.07
2990,240,R,-26181,-232.50
3000,180,R,-26274,-232.48
3010,180,R,-26366,-229.98
3020,180,R,-26453,-217.54
3030,180,R,-26541,-219.98
3040,180,R,-26626,-212.50
3050,180,R,-26710,-210.02
3060,180,R,-26792,-204.96
3070,180,R,-26873,-202.52
3080,180,R,-26952,-197.48
3090,180,R,-27029,-192.54
3100,180,R,-27106,-192.46
3110,180,R,-27182,-190.04
3120,180,R,-27257,-187.50
3130,180,R,-27332,-187.50
3140,180,R,-27406,-184.96
3150,180,R,-27479,-182.54
3160,180,R,-27549,-175.00
3170,180,R,-27618,-172.50
3180,180,R,-27688,-175.00
3190,180,R,-27764,-190.00
3200,180,R,-27830,-164.97
3210,180,R,-27895,-162.50
3220,180,R,-27952,-142.53
3230,180,R,-28016,-160.00
3240,180,R,-28078,-154.98
3250,180,R,-28137,-147.47
3260,180,R,-28196,-147.51
3270,180,R,-28254,-145.01
3280,180,R,-28314,-150.01
3290,180,R,-28374,-149.97
3300,180,R,-28433,-147.49
3310,180,R,-28492,-147.54
3320,180,R,-28551,-147.50
3330,180,R,-28609,-144.97
3340,180,R,-28667,-145.01
3350,180,R,-28723,-139.97
3360,180,R,-28779,-139.92
3370,180,R,-28833,-135.11
3380,180,R,-28888,-137.50
3390,180,R,-28941,-132.50
3400,180,R,-28995,-135.01
3410,180,R,-29047,-129.99
3420,180,R,-29100,-132.51
3430,180,R,-29151,-127.49
3440,180,R,-29203,-130.00
3450,180,R,-29255,-130.01
3460,180,R,-29306,-127.46
3470,180,R,-29356,-125.04
3480,180,R,-29406,-124.96
3490,180,R,-29454,-120.04
3500,180,R,-29504,-124.96
3510,180,R,-29552,-120.01
3520,180,R,-29601,-122.51
3530,180,R,-29650,-122.49
3540,180,R,-29698,-120.02
3550,180,R,-29746,-119.95
3560,180,R,-29795,-122.52
3570,180,R,-29842,-117.49
3580,180,R,-29889,-117.51
3590,180,R,-29936,-117.48
3600,180,R,-29981,-112.52
3610,180,R,-30026,-112.48
3620,180,R,-30072,-115.01
3630,180,R,-30124,-129.99
3640,180,R,-30173,-122.51
3650,180,R,-30218,-112.52
3660,180,R,-30263,-112.49
3670,180,R,-30304,-102.50
3680,180,R,-30344,-99.99
3690,180,R,-30389,-112.50
3700,180,R,-30433,-110.00
3710,180,R,-30476,-107.53
3720,180,R,-30518,-104.97
3730,180,R,-30560,-105.01
3740,180,R,-30602,-104.99
3750,180,R,-30643,-102.52
3760,180,R,-30686,-107.48
3770,180,R,-30729,-107.51
3780,180,R,-30772,-107.50
3790,180,R,-30815,-107.49
3800,180,R,-30858,-107.51
3810,180,R,-30901,-107.52
3820,180,R,-30944,-107.49
3830,180,R,-30988,-110.01
3840,180,R,-31030,-104.97
3850,180,R,-31072,-105.03
3860,180,R,-31115,-107.48
3870,180,R,-31156,-102.50
3880,180,R,-31197,-102.50
3890,180,R,-31238,-102.50
3900,180,R,-31279,-102.51
3910,180,R,-31320,-102.48
3920,180,R,-31361,-102.51
3930,180,R,-31402,-102.49
3940,180,R,-31442,-100.01
3950,180,R,-31483,-102.50
3960,180,R,-31524,-102.51
3970,180,R,-31564,-100.01
3980,180,R,-31605,-102.50
3990,180,R,-31646,-102.47
4000,180,R,-31687,-102.51
4010,180,R,-31727,-100.00
4020,180,R,-31766,-97.52
4030,180,R,-31806,-99.97
4040,180,R,-31845,-97.52
4050,180,R,-31885,-99.98
4060,180,R,-31925,-99.96
4070,180,R,-31964,-97.54
4080,180,R,-32004,-100.02
4090,180,R,-32043,-97.50
4100,180,R,-32083,-99.95
4110,180,R,-32123,-100.02
4120,180,R,-32162,-97.51
4130,180,R,-32202,-100.03
4140,180,R,-32242,-100.00
4150,180,R,-32281,-97.47
4160,180,R,-32320,-97.53
4170,180,R,-32359,-97.47
4180,180,R,-32397,-95.00
4190,180,R,-32436,-97.51
4200,180,R,-32476,-100.02
4210,180,R,-32520,-110.00
4220,180,R,-32564,-109.96
4230,180,R,-32603,-97.53
4240,180,R,-32642,-97.49
4250,180,R,-32679,-92.52
4260,180,R,-32713,-84.97
4270,180,R,-32751,-95.02
4280,180,R,-32791,-99.98
4290,180,R,-32830,-97.50
4300,180,R,-32869,-97.51
4310,180,R,-32907,-94.98
4320,180,R,-32944,-92.53
4330,180,R,-32982,-94.97
4340,180,R,-33020,-95.00
4350,180,R,-33057,-92.53
4360,180,R,-33096,-97.51
4370,180,R,-33135,-97.49
4380,180,R,-33175,-100.00
4390,180,R,-33214,-97.51
4400,180,R,-33253,-97.47
4410,180,R,-33293,-100.01
4420,180,R,-33333,-100.02
4430,180,R,-33373,-100.00
4440,180,R,-33413,-99.98
4450,180,R,-33452,-97.52
4460,180,R,-33492,-99.99
4470,180,R,-33531,-97.50
4480,180,R,-33569,-94.99
4490,180,R,-33608,-97.50
4500,180,R,-33646,-94.98
4510,180,R,-33685,-97.50
4520,180,R,-33724,-97.51
4530,180,R,-33762,-95.03
4540,180,R,-33801,-97.47
4550,180,R,-33839,-95.03
4560,180,R,-33878,-97.47
4570,180,R,-33917,-97.50
4580,180,R,-33955,-95.01
4590,180,R,-33994,-97.49
4600,180,R,-34033,-97.53
4610,180,R,-34072,-97.48
4620,180,R,-34111,-97.50
4630,180,R,-34149,-95.00
4640,180,R,-34187,-95.02
4650,180,R,-34226,-97.42
4660,180,R,-34264,-95.06
4670,180,R,-34302,-95.00
4680,180,R,-34340,-95.01
4690,180,R,-34378,-95.01
4700,180,R,-34416,-95.00
4710,180,R,-34455,-97.44
4720,180,R,-34493,-95.02
4730,180,R,-34532,-97.46
4740,180,R,-34570,-95.07
4750,180,R,-34609,-97.50
4760,180,R,-34648,-97.50
4770,180,R,-34687,-97.49
4780,180,R,-34725,-95.01
4790,180,R,-34762,-92.48
4800,180,R,-34800,-95.02
4810,180,R,-34838,-95.00
4820,180,R,-34877,-97.48
4830,180,R,-34921,-109.99
4840,180,R,-34965,-110.02
4850,180,R,-35003,-95.02
4860,180,R,-35041,-94.98
4870,180,R,-35079,-95.01
4880,180,R,-35112,-82.50
4890,180,R,-35149,-92.48
4900,180,R,-35188,-97.53
4910,180,R,-35227,-97.46
4920,180,R,-35265,-95.01
4930,180,R,-35303,-95.02
4940,180,R,-35340,-92.51
4950,180,R,-35377,-92.48
4960,180,R,-35415,-95.01
4970,180,R,-35452,-92.51
4980,180,R,-35490,-94.98
4990,180,R,-35529,-97.51
5000,180,R,-35568,-97.51
5010,180,R,-35607,-97.46
5020,180,R,-35646,-97.52
5030,180,R,-35685,-97.51
5040,180,R,-35725,-100.01
5050,180,R,-35765,-99.97
5060,180,R,-35804,-97.51
5070,180,R,-35843,-97.52
5080,180,R,-35883,-99.97
5090,180,R,-35921,-95.00
5100,180,R,-35960,-97.51
5110,180,R,-35998,-95.02
5120,180,R,-36036,-94.99
5130,180,R,-36075,-97.51
5140,180,R,-36114,-97.47
5150,180,R,-36152,-94.99
5160,180,R,-36191,-97.53
5170,180,R,-36229,-95.00
5180,180,R,-36267,-94.99
5190,180,R,-36306,-97.49
5200,180,R,-36344,-95.00
5210,180,R,-36384,-100.01
5220,180,R,-36422,-94.99
5230,180,R,-36461,-97.53
5240,180,R,-36500,-97.49
5250,180,R,-36538,-95.01
5260,180,R,-36576,-94.99
5270,180,R,-36615,-97.50
5280,180,R,-36652,-92.49
5290,180,R,-36691,-97.49
5300,180,R,-36729,-94.99
5310,180,R,-36767,-95.03
5320,180,R,-36806,-97.50
5330,180,R,-36844,-94.99
5340,180,R,-36882,-95.01
5350,180,R,-36921,-97.51
5360,180,R,-36959,-94.99
5370,180,R,-36999,-100.01
5380,180,R,-37038,-97.42
5390,180,R,-37076,-95.08
5400,180,R,-37114,-94.99
5410,180,R,-37152,-95.00
5420,180,R,-37190,-95.01
5430,180,R,-37228,-94.97
5440,180,R,-37266,-95.02
5450,180,R,-37309,-107.48
5460,180,R,-37354,-112.52
5470,180,R,-37393,-97.51
5480,180,R,-37431,-94.99
5490,180,R,-37469,-95.00
5500,180,R,-37505,-89.98
5510,180,R,-37539,-85.00
5520,180,R,-37579,-100.03
5530,180,R,-37617,-94.99
5540,180,R,-37656,-97.50
5550,180,R,-37694,-94.97
5560,180,R,-37731,-92.54
5570,180,R,-37768,-92.49
5580,180,R,-37806,-95.00
5590,180,R,-37843,-92.48
5600,180,R,-37882,-97.53
5610,180,R,-37920,-94.99
5620,180,R,-37959,-97.49
5630,180,R,-37999,-99.93
5640,180,R,-38037,-95.09
5650,180,R,-38077,-100.00
5660,180,R,-38117,-100.00
5670,180,R,-38156,-97.46
5680,180,R,-38196,-99.97
5690,180,R,-38235,-97.55
5700,180,R,-38274,-97.50
5710,180,R,-38313,-97.51
5720,180,R,-38352,-97.51
5730,180,R,-38390,-95.00
5740,180,R,-38429,-97.49
5750,180,R,-38467,-95.01
5760,180,R,-38505,-94.99
5770,180,R,-38544,-97.50
5780,180,R,-38583,-97.50
5790,180,R,-38621,-95.01
5800,180,R,-38660,-97.50
5810,180,R,-38698,-94.98
5820,180,R,-38737,-97.52
5830,180,R,-38776,-97.48
5840,180,R,-38815,-97.52
5850,180,R,-38854,-97.47
5860,180,R,-38893,-97.52
5870,180,R,-38931,-94.99
5880,180,R,-38970,-97.52
5890,180,R,-39008,-95.00
5900,180,R,-39045,-92.46
5910,180,R,-39084,-97.53
5920,180,R,-39122,-95.01
5930,180,R,-39160,-95.00
5940,180,R,-39199,-97.49
5950,180,R,-39237,-95.01
5960,180,R,-39276,-97.50
5970,180,R,-39315,-97.50
5980,180,R,-39353,-94.97
5990,180,R,-39393,-100.01
6000,180,R,-39432,-97.49
6010,180,R,-39470,-95.00
6020,180,R,-39509,-97.49
6030,180,R,-39547,-95.02
6040,180,R,-39585,-95.01
6050,180,R,-39623,-95.00
6060,180,R,-39661,-95.00
6070,180,R,-39704,-107.50
6080,180,R,-39749,-112.50
6090,180,R,-39788,-97.50
6100,180,R,-39827,-97.50
6110,180,R,-39865,-94.99
6120,180,R,-39901,-90.01
6130,180,R,-39935,-85.01
6140,180,R,-39974,-97.47
6150,180,R,-40013,-97.51
6160,180,R,-40051,-94.99
6170,180,R,-40090,-97.51
6180,180,R,-40127,-92.49
6190,180,R,-40164,-92.53
6200,180,R,-40201,-92.50
6210,180,R,-40239,-94.99
6220,180,R,-40277,-94.99
6230,180,R,-40316,-97.50
6240,180,R,-40355,-97.52
6250,180,R,-40394,-97.50
6260,180,R,-40433,-97.47
6270,180,R,-40473,-100.00
6280,180,R,-40513,-100.00
6290,180,R,-40552,-97.50
6300,180,R,-40592,-100.03
6310,180,R,-40632,-100.00
6320,180,R,-40671,-97.47
6330,180,R,-40710,-97.52
6340,180,R,-40749,-97.47
6350,180,R,-40787,-95.01
6360,180,R,-40826,-97.52
6370,180,R,-40865,-97.51
6380,180,R,-40904,-97.50
6390,180,R,-40942,-94.97
6400,180,R,-40981,-97.53
6410,180,R,-41020,-97.50
6420,180,R,-41059,-97.48
6430,180,R,-41098,-97.49
6440,180,R,-41136,-95.02
6450,180,R,-41176,-99.99
6460,180,R,-41215,-97.52
6470,180,R,-41254,-97.49
6480,180,R,-41293,-97.47
6490,180,R,-41332,-97.52
6500,180,R,-41370,-94.99
6510,180,R,-41409,-97.52
6520,180,R,-41447,-94.98
6530,180,R,-41486,-97.51
6540,180,R,-41524,-95.01
6550,180,R,-41562,-95.01
6560,180,R,-41602,-99.99
6570,180,R,-41640,-94.99
6580,180,R,-41679,-97.49
6590,180,R,-41718,-97.51
6600,180,R,-41757,-97.52
6610,180,R,-41796,-97.48
6620,180,R,-41836,-100.00
6630,180,R,-41875,-97.49
6640,180,R,-41913,-95.01
6650,180,R,-41952,-97.46
6660,180,R,-41990,-94.98
6670,180,R,-42028,-95.08
6680,180,R,-42067,-97.50
6690,180,R,-42109,-104.98
6700,180,R,-42155,-115.01
6710,180,R,-42194,-97.48
6720,180,R,-42233,-97.49
6730,180,R,-42271,-95.04
6740,180,R,-42307,-89.97
6750,180,R,-42342,-87.52
6760,180,R,-42381,-97.49
6770,180,R,-42420,-97.49
6780,180,R,-42459,-97.50
6790,180,R,-42497,-95.03
6800,180,R,-42535,-94.96
6810,180,R,-42572,-92.52
6820,180,R,-42610,-95.02
6830,180,R,-42647,-92.50
6840,180,R,-42686,-97.46
6850,180,R,-42726,-100.01
6860,180,R,-42765,-97.51
6870,180,R,-42804,-97.52
6880,180,R,-42844,-100.00
6890,180,R,-42883,-97.50
6900,180,R,-42924,-102.47
6910,180,R,-42964,-99.99
6920,180,R,-43004,-100.02
6930,180,R,-43044,-99.99
6940,180,R,-43083,-97.52
6950,180,R,-43123,-100.00
6960,180,R,-43162,-97.51
6970,180,R,-43201,-97.47
6980,180,R,-43239,-94.99
6990,180,R,-43278,-97.53
7000,180,R,-43317,-97.48
7010,180,R,-43356,-97.51
7020,180,R,-43396,-100.00
7030,180,R,-43434,-95.00
7040,180,R,-43473,-97.52
7050,180,R,-43513,-99.99
7060,180,R,-43551,-94.97
7070,180,R,-43591,-100.02
7080,180,R,-43631,-100.02
7090,180,R,-43670,-97.49
7100,180,R,-43710,-100.00
7110,180,R,-43748,-95.01
7120,180,R,-43787,-97.49
7130,180,R,-43826,-97.48
7140,180,R,-43865,-97.51
7150,180,R,-43903,-95.02
7160,180,R,-43942,-97.47
7170,180,R,-43981,-97.51
7180,180,R,-44020,-97.49
7190,180,R,-44059,-97.52
7200,180,R,-44098,-97.51
7210,180,R,-44137,-97.50
7220,180,R,-44176,-97.49
7230,180,R,-44216,-99.97
7240,180,R,-44255,-97.51
7250,180,R,-44294,-97.51
7260,180,R,-44333,-97.48
7270,180,R,-44371,-95.04
7280,180,R,-44410,-97.50
7290,180,R,-44448,-94.97
7300,180,R,-44488,-100.00
7310,180,R,-44532,-110.00
7320,180,R,-44576,-110.01
7330,180,R,-44614,-94.99
7340,180,R,-44654,-99.99
7350,180,R,-44689,-87.53
7360,180,R,-44724,-87.49
7370,180,R,-44763,-97.45
7380,180,R,-44802,-97.54
7390,180,R,-44842,-100.02
7400,180,R,-44880,-95.01
7410,180,R,-44918,-94.99
7420,180,R,-44955,-92.49
7430,180,R,-44993,-95.01
7440,180,R,-45031,-95.00
7450,180,R,-45069,-94.99
7460,180,R,-45108,-97.51
7470,180,R,-45147,-97.51
7480,180,R,-45187,-100.00
7490,180,R,-45227,-99.99
7500,180,R,-45266,-97.51
7510,180,R,-45306,-99.99
7520,180,R,-45346,-99.98
7530,180,R,-45387,-102.49
7540,180,R,-45427,-99.98
7550,180,R,-45466,-97.54
7560,180,R,-45506,-100.01
7570,180,R,-45545,-97.48
7580,180,R,-45583,-95.00
7590,180,R,-45623,-100.03
7600,180,R,-45661,-95.00
7610,180,R,-45700,-97.46
7620,180,R,-45739,-97.51
7630,180,R,-45778,-97.50
7640,180,R,-45817,-97.51
7650,180,R,-45856,-97.50
7660,180,R,-45895,-97.51
7670,180,R,-45934,-97.48
7680,180,R,-45973,-97.50
7690,180,R,-46012,-97.51
7700,180,R,-46052,-100.02
7710,180,R,-46091,-97.47
7720,180,R,-46130,-97.53
7730,180,R,-46169,-97.48
7740,180,R,-46207,-95.00
7750,180,R,-46245,-95.02
7760,180,R,-46285,-99.98
7770,180,R,-46323,-95.01
7780,180,R,-46361,-94.98
7790,180,R,-46401,-100.03
7800,180,R,-46439,-94.98
7810,180,R,-46478,-97.52
7820,180,R,-46518,-99.96
7830,180,R,-46556,-95.03
7840,180,R,-46596,-99.99
7850,180,R,-46635,-97.50
7860,180,R,-46674,-97.52
7870,180,R,-46713,-97.50
7880,180,R,-46751,-94.97
7890,180,R,-46789,-95.03
7900,180,R,-46828,-97.48
7910,180,R,-46866,-94.98
7920,180,R,-46908,-105.01
7930,180,R,-46954,-114.99
7940,180,R,-46994,-100.04
7950,180,R,-47033,-97.50
7960,180,R,-47071,-95.00
7970,180,R,-47104,-82.48
7980,180,R,-47142,-95.01
7990,180,R,-47181,-97.48
=== END ===
# Trial 44 of 46: step_down_rev_240to220_run01
=== START step_down_rev_240to220_run01 ===
t_ms,pwm_cmd,dir,enc_count,rpm
0,240,R,0,0.00
10,240,R,-3,-7.50
20,240,R,-13,-25.00
30,240,R,-29,-39.99
40,240,R,-52,-57.51
50,240,R,-80,-69.97
60,240,R,-114,-85.02
70,240,R,-153,-97.51
80,240,R,-196,-107.51
90,240,R,-244,-120.00
100,240,R,-295,-127.46
110,240,R,-349,-135.00
120,240,R,-406,-142.53
130,240,R,-467,-152.47
140,240,R,-531,-160.05
150,240,R,-596,-162.48
160,240,R,-664,-170.00
170,240,R,-734,-174.95
180,240,R,-806,-180.00
190,240,R,-880,-185.07
200,240,R,-955,-187.44
210,240,R,-1031,-190.02
220,240,R,-1109,-194.98
230,240,R,-1189,-200.04
240,240,R,-1272,-207.52
250,240,R,-1356,-209.98
260,240,R,-1440,-209.98
270,240,R,-1523,-207.48
280,240,R,-1610,-217.41
290,240,R,-1703,-232.59
300,240,R,-1787,-210.00
310,240,R,-1870,-207.52
320,240,R,-1953,-207.52
330,240,R,-2039,-215.00
340,240,R,-2122,-207.48
350,240,R,-2207,-212.50
360,240,R,-2294,-217.48
370,240,R,-2384,-225.07
380,240,R,-2475,-227.43
390,240,R,-2567,-230.07
400,240,R,-2658,-227.50
410,240,R,-2749,-227.45
420,240,R,-2839,-224.98
430,240,R,-2929,-225.05
440,240,R,-3019,-225.00
450,240,R,-3109,-225.02
460,240,R,-3200,-227.45
470,240,R,-3291,-227.55
480,240,R,-3380,-222.50
490,240,R,-3471,-227.43
500,240,R,-3563,-230.07
510,240,R,-3656,-232.45
520,240,R,-3750,-235.05
530,240,R,-3843,-232.43
540,240,R,-3934,-227.52
550,240,R,-4031,-242.55
560,240,R,-4128,-242.45
570,240,R,-4219,-227.55
580,240,R,-4304,-212.42
590,240,R,-4395,-227.59
600,240,R,-4483,-220.00
610,240,R,-4571,-219.91
620,240,R,-4661,-225.09
630,240,R,-4753,-229.98
640,240,R,-4847,-235.02
650,240,R,-4941,-234.91
660,240,R,-5036,-237.60
670,240,R,-5128,-229.95
680,240,R,-5221,-232.50
690,240,R,-5312,-227.50
700,240,R,-5405,-232.50
710,240,R,-5496,-227.48
720,240,R,-5589,-232.50
730,240,R,-5681,-229.91
740,240,R,-5772,-227.66
750,240,R,-5863,-227.43
760,240,R,-5956,-232.55
770,240,R,-6050,-234.95
780,240,R,-6144,-234.98
790,240,R,-6239,-237.55
800,240,R,-6331,-229.98
810,240,R,-6428,-242.50
820,240,R,-6525,-242.55
830,240,R,-6617,-230.02
840,240,R,-6707,-224.93
850,240,R,-6795,-220.00
860,240,R,-6883,-220.04
870,240,R,-6971,-220.00
880,240,R,-7062,-227.50
890,240,R,-7154,-229.95
900,240,R,-7249,-237.50
910,240,R,-7344,-237.50
920,240,R,-7438,-235.00
930,240,R,-7531,-232.57
940,240,R,-7624,-232.50
950,240,R,-7716,-229.91
960,240,R,-7809,-232.52
970,240,R,-7900,-227.50
980,240,R,-7993,-232.52
990,240,R,-8086,-232.52
1000,240,R,-8177,-227.48
1010,240,R,-8269,-229.93
1020,240,R,-8362,-232.59
1030,240,R,-8456,-234.95
1040,240,R,-8551,-237.57
1050,240,R,-8645,-234.93
1060,240,R,-8737,-230.00
1070,240,R,-8834,-242.52
1080,240,R,-8932,-245.02
1090,240,R,-9024,-230.00
1100,240,R,-9112,-220.00
1110,240,R,-9201,-222.50
1120,240,R,-9290,-222.46
1130,240,R,-9378,-220.02
1140,240,R,-9469,-227.48
1150,240,R,-9562,-232.50
1160,240,R,-9656,-235.07
1170,240,R,-9751,-237.43
1180,240,R,-9846,-237.57
1190,240,R,-9938,-230.00
1200,240,R,-10031,-232.45
1210,240,R,-10124,-232.52
1220,240,R,-10216,-229.95
1230,240,R,-10308,-229.91
1240,240,R,-10400,-230.09
1250,240,R,-10493,-232.48
1260,240,R,-10584,-227.57
1270,240,R,-10676,-230.02
1280,240,R,-10769,-232.50
1290,240,R,-10863,-234.98
1300,240,R,-10958,-237.48
1310,240,R,-11053,-237.36
1320,240,R,-11144,-227.61
1330,240,R,-11243,-247.57
1340,240,R,-11340,-242.43
1350,240,R,-11432,-229.91
1360,240,R,-11519,-217.63
1370,240,R,-11608,-222.50
1380,240,R,-11697,-222.48
1390,240,R,-11785,-220.02
1400,240,R,-11876,-227.52
1410,240,R,-11970,-234.98
1420,240,R,-12064,-234.95
1430,240,R,-12159,-237.55
1440,240,R,-12253,-234.98
1450,240,R,-12346,-232.48
1460,240,R,-12439,-232.50
1470,240,R,-12531,-230.05
1480,240,R,-12624,-232.45
1490,240,R,-12715,-227.50
1500,240,R,-12808,-232.57
1510,240,R,-12900,-229.95
1520,240,R,-12991,-227.45
1530,240,R,-13084,-232.59
1540,240,R,-13177,-232.50
1550,240,R,-13271,-234.91
1560,240,R,-13366,-237.60
1570,240,R,-13460,-234.95
1580,240,R,-13552,-230.05
1590,240,R,-13652,-249.93
1600,240,R,-13747,-237.48
1610,240,R,-13839,-230.07
1620,240,R,-13924,-212.50
1630,240,R,-14016,-230.02
1640,240,R,-14104,-219.96
1650,240,R,-14192,-220.00
1660,240,R,-14284,-229.95
1670,240,R,-14377,-232.59
1680,240,R,-14471,-234.91
1690,240,R,-14566,-237.55
1700,240,R,-14661,-237.52
1710,240,R,-14754,-232.45
1720,240,R,-14846,-230.07
1730,240,R,-14939,-232.48
1740,240,R,-15031,-230.02
1750,240,R,-15123,-229.93
1760,240,R,-15216,-232.52
1770,240,R,-15307,-227.52
1780,240,R,-15398,-227.45
1790,240,R,-15491,-232.48
1800,240,R,-15584,-232.57
1810,240,R,-15678,-235.00
1820,240,R,-15773,-237.50
1830,240,R,-15867,-235.02
1840,240,R,-15959,-229.93
1850,240,R,-16058,-247.55
1860,240,R,-16153,-237.48
1870,240,R,-16244,-227.48
1880,240,R,-16332,-220.04
1890,240,R,-16422,-225.02
1900,240,R,-16510,-219.96
1910,240,R,-16598,-219.96
1920,240,R,-16690,-230.05
1930,240,R,-16783,-232.50
1940,240,R,-16877,-235.05
1950,240,R,-16972,-237.43
1960,240,R,-17067,-237.45
1970,240,R,-17160,-232.43
1980,240,R,-17252,-230.16
1990,240,R,-17345,-232.52
2000,240,R,-17436,-227.50
2010,240,R,-17528,-229.98
2020,240,R,-17621,-232.50
2030,240,R,-17712,-227.45
2040,240,R,-17804,-229.91
2050,240,R,-17896,-230.02
2060,240,R,-17989,-232.62
2070,240,R,-18083,-235.02
2080,240,R,-18178,-237.48
2090,240,R,-18272,-234.93
2100,240,R,-18365,-232.52
2110,240,R,-18467,-255.05
2120,240,R,-18557,-225.02
2130,240,R,-18650,-232.43
2140,240,R,-18735,-212.50
2150,240,R,-18827,-230.00
2160,240,R,-18914,-217.54
2170,240,R,-19003,-222.48
2180,240,R,-19094,-227.50
2190,240,R,-19188,-235.00
2200,240,R,-19282,-235.00
2210,240,R,-19377,-237.45
2220,240,R,-19471,-235.05
2230,240,R,-19564,-232.48
2240,240,R,-19657,-232.50
2250,240,R,-19749,-230.07
2260,240,R,-19841,-229.98
2270,240,R,-19933,-230.00
2280,240,R,-20026,-232.41
2290,240,R,-20117,-227.57
2300,240,R,-20208,-227.48
2310,240,R,-20300,-230.05
2320,240,R,-20394,-235.00
2330,240,R,-20488,-235.02
2340,240,R,-20583,-237.48
2350,240,R,-20677,-235.00
2360,240,R,-20770,-232.50
2370,240,R,-20871,-252.45
2380,240,R,-20963,-230.00
2390,240,R,-21055,-230.02
2400,240,R,-21140,-212.52
2410,240,R,-21232,-229.98
2420,240,R,-21319,-217.48
2430,240,R,-21408,-222.52
2440,240,R,-21500,-230.02
2450,240,R,-21593,-232.52
2460,240,R,-21688,-237.50
2470,240,R,-21783,-237.45
2480,240,R,-21877,-234.95
2490,240,R,-21970,-232.55
2500,240,R,-22062,-230.05
2510,240,R,-22155,-232.48
2520,240,R,-22247,-229.98
2530,240,R,-22339,-230.00
2540,240,R,-22431,-229.95
2550,240,R,-22523,-230.02
2560,240,R,-22614,-227.48
2570,240,R,-22706,-230.02
2580,240,R,-22800,-235.00
2590,240,R,-22894,-235.05
2600,240,R,-22989,-237.48
2610,240,R,-23083,-235.05
2620,240,R,-23176,-232.48
2630,240,R,-23277,-252.42
2640,240,R,-23370,-232.59
2650,240,R,-23461,-227.50
2660,240,R,-23546,-212.46
2670,240,R,-23637,-227.50
2680,240,R,-23724,-217.50
2690,240,R,-23814,-225.02
2700,240,R,-23905,-227.45
2710,240,R,-23999,-235.05
2720,240,R,-24093,-235.00
2730,240,R,-24188,-237.45
2740,240,R,-24282,-235.07
2750,240,R,-24375,-232.43
2760,240,R,-24467,-230.05
2770,240,R,-24560,-232.52
2780,240,R,-24652,-229.98
2790,240,R,-24743,-227.45
2800,240,R,-24836,-232.57
2810,240,R,-24927,-227.48
2820,240,R,-25019,-230.00
2830,240,R,-25111,-229.93
2840,240,R,-25204,-232.59
2850,240,R,-25298,-234.91
2860,240,R,-25393,-237.55
2870,240,R,-25487,-235.00
2880,240,R,-25580,-232.52
2890,240,R,-25682,-254.95
2900,240,R,-25774,-230.00
2910,240,R,-25864,-225.00
2920,240,R,-25950,-214.89
2930,240,R,-26040,-225.11
2940,240,R,-26128,-220.07
2950,240,R,-26217,-222.46
2960,240,R,-26309,-230.02
2970,240,R,-26402,-232.45
2980,240,R,-26496,-235.02
2990,240,R,-26591,-237.52
3000,220,R,-26685,-235.00
3010,220,R,-26777,-230.02
3020,220,R,-26867,-225.00
3030,220,R,-26957,-224.93
3040,220,R,-27044,-217.50
3050,220,R,-27130,-215.04
3060,220,R,-27215,-212.50
3070,220,R,-27299,-210.02
3080,220,R,-27381,-205.00
3090,220,R,-27464,-207.48
3100,220,R,-27546,-205.02
3110,220,R,-27627,-202.44
3120,220,R,-27710,-207.56
3130,220,R,-27792,-204.82
3140,220,R,-27872,-200.16
3150,220,R,-27950,-195.00
3160,220,R,-28033,-207.52
3170,220,R,-28116,-207.50
3180,220,R,-28192,-189.94
3190,220,R,-28267,-187.54
3200,220,R,-28338,-177.50
3210,220,R,-28414,-189.96
3220,220,R,-28486,-180.05
3230,220,R,-28559,-182.46
3240,220,R,-28633,-184.85
3250,220,R,-28708,-187.58
3260,220,R,-28783,-187.61
3270,220,R,-28860,-192.44
3280,220,R,-28937,-192.56
3290,220,R,-29013,-189.94
3300,220,R,-29089,-189.98
3310,220,R,-29164,-187.52
3320,220,R,-29238,-185.04
3330,220,R,-29312,-184.96
3340,220,R,-29386,-185.00
3350,220,R,-29460,-185.04
3360,220,R,-29534,-185.02
3370,220,R,-29608,-184.96
3380,220,R,-29682,-185.04
3390,220,R,-29755,-182.45
3400,220,R,-29828,-182.50
3410,220,R,-29901,-182.55
3420,220,R,-29975,-185.00
3430,220,R,-30050,-187.50
3440,220,R,-30125,-187.48
3450,220,R,-30200,-187.52
3460,220,R,-30275,-187.43
3470,220,R,-30348,-182.52
3480,220,R,-30423,-187.54
3490,220,R,-30506,-207.50
3500,220,R,-30579,-182.46
3510,220,R,-30651,-180.00
3520,220,R,-30717,-165.03
3530,220,R,-30790,-182.48
3540,220,R,-30861,-177.48
3550,220,R,-30931,-175.04
3560,220,R,-31001,-174.97
3570,220,R,-31074,-182.54
3580,220,R,-31148,-184.96
3590,220,R,-31222,-185.04
3600,220,R,-31297,-187.48
3610,220,R,-31373,-190.04
3620,220,R,-31448,-187.50
3630,220,R,-31521,-182.46
3640,220,R,-31594,-182.48
3650,220,R,-31668,-185.02
3660,220,R,-31742,-184.98
3670,220,R,-31814,-180.05
3680,220,R,-31887,-182.46
3690,220,R,-31960,-182.48
3700,220,R,-32034,-185.00
3710,220,R,-32107,-182.52
3720,220,R,-32179,-180.00
3730,220,R,-32252,-182.50
3740,220,R,-32325,-182.50
3750,220,R,-32399,-184.98
3760,220,R,-32474,-187.56
3770,220,R,-32549,-187.46
3780,220,R,-32623,-184.96
3790,220,R,-32697,-185.07
3800,220,R,-32771,-185.00
3810,220,R,-32851,-199.94
3820,220,R,-32927,-190.04
3830,220,R,-33000,-182.48
3840,220,R,-33072,-179.96
3850,220,R,-33139,-167.57
3860,220,R,-33211,-179.96
3870,220,R,-33282,-177.50
3880,220,R,-33352,-175.00
3890,220,R,-33423,-177.54
3900,220,R,-33496,-182.48
3910,220,R,-33570,-184.96
3920,220,R,-33645,-187.50
3930,220,R,-33720,-187.48
3940,220,R,-33795,-187.56
3950,220,R,-33869,-184.96
3960,220,R,-33943,-185.00
3970,220,R,-34017,-185.02
3980,220,R,-34090,-182.48
3990,220,R,-34163,-182.54
4000,220,R,-34236,-182.45
4010,220,R,-34309,-182.57
4020,220,R,-34383,-185.00
4030,220,R,-34456,-182.45
4040,220,R,-34528,-180.00
4050,220,R,-34601,-182.54
4060,220,R,-34674,-182.50
4070,220,R,-34748,-184.96
4080,220,R,-34821,-182.55
4090,220,R,-34896,-187.48
4100,220,R,-34971,-187.50
4110,220,R,-35046,-187.46
4120,220,R,-35118,-179.98
4130,220,R,-35192,-185.07
4140,220,R,-35274,-204.98
4150,220,R,-35349,-187.48
4160,220,R,-35421,-180.00
4170,220,R,-35490,-172.52
4180,220,R,-35560,-174.97
4190,220,R,-35632,-180.02
4200,220,R,-35702,-174.91
4210,220,R,-35771,-172.59
4220,220,R,-35843,-180.04
4230,220,R,-35917,-184.93
4240,220,R,-35991,-185.02
4250,220,R,-36066,-187.54
4260,220,R,-36141,-187.44
4270,220,R,-36216,-187.50
4280,220,R,-36290,-185.02
4290,220,R,-36364,-185.04
4300,220,R,-36437,-182.46
4310,220,R,-36510,-182.43
4320,220,R,-36583,-182.55
4330,220,R,-36656,-182.57
4340,220,R,-36729,-182.48
4350,220,R,-36803,-184.96
4360,220,R,-36876,-182.50
4370,220,R,-36948,-180.05
4380,220,R,-37021,-182.50
4390,220,R,-37093,-179.96
4400,220,R,-37167,-185.00
4410,220,R,-37242,-187.50
4420,220,R,-37316,-184.96
4430,220,R,-37392,-190.08
4440,220,R,-37466,-184.96
4450,220,R,-37538,-180.02
4460,220,R,-37616,-195.00
4470,220,R,-37695,-197.48
4480,220,R,-37769,-184.98
4490,220,R,-37841,-180.00
4500,220,R,-37908,-167.53
4510,220,R,-37980,-180.02
4520,220,R,-38051,-177.50
4530,220,R,-38121,-174.90
4540,220,R,-38191,-175.05
4550,220,R,-38263,-180.02
4560,220,R,-38337,-185.04
4570,220,R,-38411,-184.96
4580,220,R,-38486,-187.52
4590,220,R,-38562,-190.02
4600,220,R,-38637,-187.50
4610,220,R,-38711,-184.96
4620,220,R,-38784,-182.50
4630,220,R,-38857,-182.52
4640,220,R,-38931,-185.02
4650,220,R,-39004,-182.45
4660,220,R,-39077,-182.55
4670,220,R,-39150,-182.45
4680,220,R,-39224,-185.00
4690,220,R,-39297,-182.52
4700,220,R,-39370,-182.48
4710,220,R,-39442,-180.05
4720,220,R,-39515,-182.48
4730,220,R,-39589,-185.02
4740,220,R,-39664,-187.46
4750,220,R,-39739,-187.50
4760,220,R,-39814,-187.50
4770,220,R,-39888,-184.98
4780,220,R,-39962,-184.89
4790,220,R,-40042,-200.16
4800,220,R,-40118,-189.96
4810,220,R,-40190,-180.05
4820,220,R,-40264,-185.00
4830,220,R,-40330,-164.95
4840,220,R,-40402,-180.00
4850,220,R,-40473,-177.55
4860,220,R,-40543,-174.95
4870,220,R,-40614,-177.50
4880,220,R,-40686,-180.02
4890,220,R,-40760,-184.98
4900,220,R,-40835,-187.52
4910,220,R,-40910,-187.50
4920,220,R,-40985,-187.52
4930,220,R,-41060,-187.46
4940,220,R,-41133,-182.50
4950,220,R,-41206,-182.50
4960,220,R,-41280,-185.04
4970,220,R,-41354,-184.96
4980,220,R,-41426,-180.04
4990,220,R,-41499,-182.45
5000,220,R,-41572,-182.57
5010,220,R,-41646,-185.00
5020,220,R,-41719,-182.48
5030,220,R,-41790,-177.46
5040,220,R,-41864,-185.06
5050,220,R,-41937,-182.45
5060,220,R,-42011,-185.04
5070,220,R,-42085,-184.98
5080,220,R,-42161,-190.02
5090,220,R,-42235,-185.02
5100,220,R,-42308,-182.46
5110,220,R,-42383,-187.50
5120,220,R,-42465,-205.04
5130,220,R,-42538,-182.46
5140,220,R,-42612,-184.96
5150,220,R,-42683,-177.52
5160,220,R,-42750,-167.53
5170,220,R,-42822,-179.95
5180,220,R,-42892,-175.07
5190,220,R,-42962,-174.95
5200,220,R,-43034,-179.96
5210,220,R,-43107,-182.50
5220,220,R,-43181,-185.09
5230,220,R,-43255,-185.00
5240,220,R,-43331,-189.96
5250,220,R,-43406,-187.54
5260,220,R,-43480,-184.96
5270,220,R,-43554,-185.00
5280,220,R,-43627,-182.54
5290,220,R,-43700,-182.46
5300,220,R,-43774,-185.04
5310,220,R,-43847,-182.50
5320,220,R,-43920,-182.46
5330,220,R,-43993,-182.54
5340,220,R,-44067,-184.94
5350,220,R,-44140,-182.48
5360,220,R,-44212,-180.05
5370,220,R,-44285,-182.52
5380,220,R,-44359,-184.98
5390,220,R,-44433,-184.94
5400,220,R,-44508,-187.58
5410,220,R,-44583,-187.48
5420,220,R,-44658,-187.52
5430,220,R,-44730,-179.96
5440,220,R,-44806,-189.98
5450,220,R,-44888,-205.06
5460,220,R,-44961,-182.46
5470,220,R,-45034,-182.48
5480,220,R,-45100,-165.03
5490,220,R,-45173,-182.52
5500,220,R,-45244,-177.48
5510,220,R,-45314,-175.00
5520,220,R,-45384,-175.02
5530,220,R,-45457,-182.48
5540,220,R,-45531,-185.02
5550,220,R,-45604,-182.46
5560,220,R,-45680,-189.91
5570,220,R,-45755,-187.58
5580,220,R,-45831,-190.00
5590,220,R,-45904,-182.54
5600,220,R,-45978,-185.00
5610,220,R,-46051,-182.52
5620,220,R,-46125,-184.94
5630,220,R,-46198,-182.55
5640,220,R,-46271,-182.45
5650,220,R,-46344,-182.54
5660,220,R,-46418,-184.96
5670,220,R,-46491,-182.55
5680,220,R,-46564,-182.45
5690,220,R,-46636,-180.04
5700,220,R,-46709,-182.46
5710,220,R,-46783,-185.06
5720,220,R,-46857,-184.94
5730,220,R,-46933,-190.06
5740,220,R,-47007,-184.98
5750,220,R,-47081,-185.00
5760,220,R,-47154,-182.52
5770,220,R,-47232,-194.82
5780,220,R,-47311,-197.62
5790,220,R,-47384,-182.55
5800,220,R,-47456,-179.96
5810,220,R,-47523,-167.45
5820,220,R,-47596,-182.59
5830,220,R,-47666,-175.00
5840,220,R,-47736,-174.97
5850,220,R,-47807,-177.50
5860,220,R,-47880,-182.50
5870,220,R,-47953,-182.52
5880,220,R,-48027,-185.02
5890,220,R,-48103,-189.89
5900,220,R,-48178,-187.61
5910,220,R,-48253,-187.48
5920,220,R,-48326,-182.48
5930,220,R,-48400,-184.87
5940,220,R,-48473,-182.61
5950,220,R,-48547,-185.04
5960,220,R,-48620,-182.48
5970,220,R,-48692,-180.02
5980,220,R,-48766,-185.02
5990,220,R,-48840,-185.00
6000,220,R,-48913,-182.35
6010,220,R,-48985,-180.09
6020,220,R,-49058,-182.55
6030,220,R,-49132,-185.00
6040,220,R,-49205,-182.46
6050,220,R,-49280,-187.50
6060,220,R,-49356,-190.00
6070,220,R,-49430,-185.02
6080,220,R,-49503,-182.50
6090,220,R,-49577,-184.96
6100,220,R,-49656,-197.50
6110,220,R,-49734,-195.04
6120,220,R,-49806,-180.02
6130,220,R,-49879,-182.50
6140,220,R,-49946,-167.48
6150,220,R,-50018,-179.98
6160,220,R,-50088,-175.00
6170,220,R,-50159,-177.48
6180,220,R,-50230,-177.50
6190,220,R,-50303,-182.54
6200,220,R,-50378,-187.50
6210,220,R,-50453,-187.50
6220,220,R,-50528,-187.50
6230,220,R,-50603,-187.46
6240,220,R,-50678,-187.54
6250,220,R,-50752,-185.02
6260,220,R,-50825,-182.50
6270,220,R,-50898,-182.48
6280,220,R,-50972,-185.02
6290,220,R,-51045,-182.45
6300,220,R,-51119,-185.04
6310,220,R,-51192,-182.46
6320,220,R,-51266,-185.06
6330,220,R,-51339,-182.48
6340,220,R,-51412,-182.50
6350,220,R,-51485,-182.48
6360,220,R,-51559,-185.00
6370,220,R,-51633,-185.00
6380,220,R,-51708,-187.52
6390,220,R,-51784,-189.96
6400,220,R,-51859,-187.54
6410,220,R,-51931,-180.00
6420,220,R,-52008,-192.52
6430,220,R,-52089,-202.44
6440,220,R,-52163,-185.02
6450,220,R,-52235,-180.04
6460,220,R,-52303,-169.93
6470,220,R,-52375,-180.00
6480,220,R,-52447,-180.02
6490,220,R,-52517,-175.04
6500,220,R,-52587,-175.00
6510,220,R,-52660,-182.52
6520,220,R,-52735,-187.44
6530,220,R,-52808,-182.52
6540,220,R,-52884,-190.00
6550,220,R,-52960,-189.96
6560,220,R,-53035,-187.54
6570,220,R,-53109,-185.04
6580,220,R,-53183,-184.98
6590,220,R,-53256,-182.52
6600,220,R,-53330,-184.94
6610,220,R,-53403,-182.52
6620,220,R,-53477,-184.96
6630,220,R,-53550,-182.54
6640,220,R,-53624,-184.98
6650,220,R,-53698,-184.91
6660,220,R,-53770,-180.09
6670,220,R,-53843,-182.55
6680,220,R,-53916,-182.50
6690,220,R,-53990,-185.00
6700,220,R,-54065,-187.46
6710,220,R,-54141,-190.02
6720,220,R,-54216,-187.52
6730,220,R,-54289,-182.46
6740,220,R,-54363,-184.98
6750,220,R,-54443,-200.02
6760,220,R,-54520,-192.48
6770,220,R,-54593,-182.50
6780,220,R,-54665,-180.04
6790,220,R,-54732,-167.48
6800,220,R,-54805,-182.46
6810,220,R,-54876,-177.54
6820,220,R,-54946,-174.97
6830,220,R,-55017,-177.50
6840,220,R,-55090,-182.39
6850,220,R,-55164,-185.11
6860,220,R,-55239,-187.58
6870,220,R,-55314,-187.46
6880,220,R,-55389,-187.52
6890,220,R,-55464,-187.46
6900,220,R,-55538,-185.00
6910,220,R,-55611,-182.52
6920,220,R,-55685,-184.96
6930,220,R,-55759,-185.02
6940,220,R,-55831,-180.05
6950,220,R,-55904,-182.46
6960,220,R,-55978,-185.04
6970,220,R,-56052,-185.00
6980,220,R,-56125,-182.50
6990,220,R,-56197,-179.98
7000,220,R,-56270,-182.46
7010,220,R,-56344,-185.06
7020,220,R,-56418,-184.96
7030,220,R,-56493,-187.52
7040,220,R,-56568,-187.46
7050,220,R,-56643,-187.48
7060,220,R,-56716,-182.57
7070,220,R,-56790,-184.93
7080,220,R,-56872,-205.08
7090,220,R,-56945,-182.50
7100,220,R,-57019,-184.98
7110,220,R,-57087,-169.98
7120,220,R,-57159,-180.00
7130,220,R,-57231,-180.04
7140,220,R,-57301,-174.98
7150,220,R,-57371,-174.97
7160,220,R,-57443,-180.02
7170,220,R,-57516,-182.48
7180,220,R,-57590,-185.06
7190,220,R,-57666,-189.94
7200,220,R,-57741,-187.48
7210,220,R,-57816,-187.54
7220,220,R,-57890,-185.04
7230,220,R,-57964,-184.94
7240,220,R,-58038,-185.04
7250,220,R,-58111,-182.48
7260,220,R,-58184,-182.50
7270,220,R,-58258,-185.00
7280,220,R,-58331,-182.54
7290,220,R,-58405,-184.96
7300,220,R,-58478,-182.50
7310,220,R,-58550,-180.02
7320,220,R,-58623,-182.50
7330,220,R,-58696,-182.46
7340,220,R,-58770,-185.02
7350,220,R,-58844,-185.02
7360,220,R,-58919,-187.50
7370,220,R,-58994,-187.48
7380,220,R,-59069,-187.46
7390,220,R,-59141,-180.07
7400,220,R,-59216,-187.50
7410,220,R,-59299,-207.50
7420,220,R,-59372,-182.46
7430,220,R,-59444,-179.98
7440,220,R,-59510,-165.05
7450,220,R,-59584,-184.87
7460,220,R,-59655,-177.61
7470,220,R,-59724,-172.48
7480,220,R,-59795,-177.41
7490,220,R,-59867,-180.11
7500,220,R,-59941,-185.00
7510,220,R,-60016,-187.48
7520,220,R,-60091,-187.50
7530,220,R,-60166,-187.52
7540,220,R,-60241,-187.52
7550,220,R,-60315,-184.96
7560,220,R,-60388,-182.52
7570,220,R,-60462,-185.00
7580,220,R,-60536,-184.94
7590,220,R,-60608,-180.04
7600,220,R,-60681,-182.50
7610,220,R,-60755,-184.98
7620,220,R,-60829,-185.06
7630,220,R,-60901,-179.98
7640,220,R,-60974,-182.46
7650,220,R,-61046,-180.04
7660,220,R,-61120,-184.96
7670,220,R,-61194,-185.02
7680,220,R,-61269,-187.48
7690,220,R,-61344,-187.48
7700,220,R,-61419,-187.46
7710,220,R,-61492,-182.55
7720,220,R,-61565,-182.55
7730,220,R,-61640,-187.48
7740,220,R,-61723,-207.46
7750,220,R,-61795,-180.02
7760,220,R,-61867,-180.00
7770,220,R,-61934,-167.52
7780,220,R,-62007,-182.46
7790,220,R,-62077,-175.04
7800,220,R,-62148,-177.50
7810,220,R,-62219,-177.48
7820,220,R,-62291,-180.02
7830,220,R,-62366,-187.50
7840,220,R,-62441,-187.46
7850,220,R,-62516,-187.50
7860,220,R,-62591,-187.52
7870,220,R,-62666,-187.50
7880,220,R,-62740,-184.96
7890,220,R,-62814,-185.06
7900,220,R,-62887,-182.52
7910,220,R,-62961,-185.00
7920,220,R,-63034,-182.43
7930,220,R,-63107,-182.50
7940,220,R,-63181,-185.02
7950,220,R,-63255,-185.06
7960,220,R,-63327,-179.96
7970,220,R,-63400,-182.43
7980,220,R,-63473,-182.61
7990,220,R,-63547,-185.00
8000,220,R,-63621,-184.98
=== END ===
# Trial 45 of 46: step_down_rev_240to220_run02
=== START step_down_rev_240to220_run02 ===
t_ms,pwm_cmd,dir,enc_count,rpm
0,240,R,0,0.00
10,240,R,-3,-7.50
20,240,R,-13,-25.00
30,240,R,-29,-40.00
40,240,R,-51,-55.02
50,240,R,-78,-67.49
60,240,R,-111,-82.50
70,240,R,-148,-92.48
80,240,R,-190,-105.01
90,240,R,-237,-117.52
100,240,R,-288,-127.46
110,240,R,-342,-134.99
120,240,R,-398,-140.04
130,240,R,-458,-150.01
140,240,R,-521,-157.50
150,240,R,-586,-162.48
160,240,R,-655,-172.45
170,240,R,-724,-172.55
180,240,R,-794,-175.00
190,240,R,-868,-185.00
200,240,R,-944,-190.00
210,240,R,-1021,-192.50
220,240,R,-1101,-200.00
230,240,R,-1183,-204.94
240,240,R,-1265,-205.02
250,240,R,-1346,-202.54
260,240,R,-1436,-224.91
270,240,R,-1523,-217.59
280,240,R,-1606,-207.48
290,240,R,-1691,-212.48
300,240,R,-1770,-197.54
310,240,R,-1855,-212.52
320,240,R,-1937,-204.94
330,240,R,-2022,-212.56
340,240,R,-2109,-217.43
350,240,R,-2199,-225.07
360,240,R,-2289,-224.96
370,240,R,-2381,-229.98
380,240,R,-2472,-227.52
390,240,R,-2563,-227.48
400,240,R,-2653,-225.07
410,240,R,-2744,-227.43
420,240,R,-2834,-225.00
430,240,R,-2924,-225.00
440,240,R,-3015,-227.52
450,240,R,-3106,-227.55
460,240,R,-3196,-225.00
470,240,R,-3287,-227.50
480,240,R,-3379,-229.95
490,240,R,-3473,-235.02
500,240,R,-3567,-234.95
510,240,R,-3661,-235.05
520,240,R,-3752,-227.43
530,240,R,-3854,-255.03
540,240,R,-3945,-227.55
550,240,R,-4037,-229.86
560,240,R,-4128,-227.61
570,240,R,-4213,-212.52
580,240,R,-4302,-222.43
590,240,R,-4390,-219.91
600,240,R,-4481,-227.66
610,240,R,-4574,-232.50
620,240,R,-4668,-234.95
630,240,R,-4763,-237.50
640,240,R,-4858,-237.55
650,240,R,-4950,-229.93
660,240,R,-5043,-232.57
670,240,R,-5135,-229.93
680,240,R,-5228,-232.45
690,240,R,-5319,-227.57
700,240,R,-5412,-232.55
710,240,R,-5504,-229.93
720,240,R,-5595,-227.50
730,240,R,-5687,-230.02
740,240,R,-5780,-232.57
750,240,R,-5874,-235.00
760,240,R,-5969,-237.43
770,240,R,-6064,-237.48
780,240,R,-6155,-227.52
790,240,R,-6258,-257.47
800,240,R,-6350,-230.00
810,240,R,-6442,-230.09
820,240,R,-6530,-219.96
830,240,R,-6618,-220.04
840,240,R,-6707,-222.43
850,240,R,-6795,-219.98
860,240,R,-6887,-230.07
870,240,R,-6980,-232.52
880,240,R,-7074,-234.93
890,240,R,-7169,-237.48
900,240,R,-7264,-237.55
910,240,R,-7357,-232.52
920,240,R,-7449,-229.98
930,240,R,-7542,-232.55
940,240,R,-7634,-229.95
950,240,R,-7726,-229.95
960,240,R,-7818,-230.05
970,240,R,-7910,-230.05
980,240,R,-8001,-227.41
990,240,R,-8094,-232.57
1000,240,R,-8187,-232.43
1010,240,R,-8281,-235.05
1020,240,R,-8376,-237.48
1030,240,R,-8470,-235.00
1040,240,R,-8563,-232.52
1050,240,R,-8665,-255.03
1060,240,R,-8756,-227.50
1070,240,R,-8849,-232.50
1080,240,R,-8938,-222.46
1090,240,R,-9026,-220.04
1100,240,R,-9114,-220.02
1110,240,R,-9202,-219.96
1120,240,R,-9294,-230.00
1130,240,R,-9388,-235.05
1140,240,R,-9482,-234.95
1150,240,R,-9577,-237.48
1160,240,R,-9671,-235.07
1170,240,R,-9765,-234.95
1180,240,R,-9857,-229.95
1190,240,R,-9950,-232.59
1200,240,R,-10041,-227.43
1210,240,R,-10133,-230.05
1220,240,R,-10226,-232.48
1230,240,R,-10318,-229.91
1240,240,R,-10408,-225.11
1250,240,R,-10501,-232.43
1260,240,R,-10594,-232.52
1270,240,R,-10688,-235.02
1280,240,R,-10783,-237.48
1290,240,R,-10877,-235.05
1300,240,R,-10970,-232.45
1310,240,R,-11073,-257.55
1320,240,R,-11164,-227.48
1330,240,R,-11255,-227.48
1340,240,R,-11346,-227.55
1350,240,R,-11432,-214.98
1360,240,R,-11520,-220.04
1370,240,R,-11608,-219.98
1380,240,R,-11699,-227.45
1390,240,R,-11793,-234.98
1400,240,R,-11887,-235.09
1410,240,R,-11982,-237.48
1420,240,R,-12077,-237.43
1430,240,R,-12170,-232.57
1440,240,R,-12262,-230.00
1450,240,R,-12355,-232.43
1460,240,R,-12446,-227.57
1470,240,R,-12538,-229.93
1480,240,R,-12631,-232.57
1490,240,R,-12723,-229.86
1500,240,R,-12814,-227.61
1510,240,R,-12906,-230.02
1520,240,R,-12999,-232.48
1530,240,R,-13093,-234.98
1540,240,R,-13188,-237.57
1550,240,R,-13282,-234.93
1560,240,R,-13375,-232.50
1570,240,R,-13477,-254.97
1580,240,R,-13569,-230.05
1590,240,R,-13660,-227.52
1600,240,R,-13749,-222.43
1610,240,R,-13837,-220.04
1620,240,R,-13925,-220.02
1630,240,R,-14014,-222.46
1640,240,R,-14105,-227.55
1650,240,R,-14199,-235.02
1660,240,R,-14293,-234.95
1670,240,R,-14388,-237.52
1680,240,R,-14483,-237.33
1690,240,R,-14575,-230.14
1700,240,R,-14667,-229.98
1710,240,R,-14760,-232.57
1720,240,R,-14852,-229.95
1730,240,R,-14944,-229.95
1740,240,R,-15036,-230.05
1750,240,R,-15128,-229.98
1760,240,R,-15219,-227.48
1770,240,R,-15311,-230.02
1780,240,R,-15404,-232.52
1790,240,R,-15498,-234.98
1800,240,R,-15593,-237.57
1810,240,R,-15687,-234.95
1820,240,R,-15779,-230.00
1830,240,R,-15880,-252.53
1840,240,R,-15972,-229.98
1850,240,R,-16063,-227.48
1860,240,R,-16149,-215.06
1870,240,R,-16239,-224.98
1880,240,R,-16325,-214.94
1890,240,R,-16414,-222.59
1900,240,R,-16505,-227.50
1910,240,R,-16597,-229.98
1920,240,R,-16691,-234.95
1930,240,R,-16786,-237.55
1940,240,R,-16879,-232.52
1950,240,R,-16971,-229.93
1960,240,R,-17062,-227.55
1970,240,R,-17154,-229.98
1980,240,R,-17245,-227.55
1990,240,R,-17336,-227.41
2000,240,R,-17428,-230.07
2010,240,R,-17518,-225.02
2020,240,R,-17608,-224.93
2030,240,R,-17700,-230.00
2040,240,R,-17792,-230.05
2050,240,R,-17885,-232.52
2060,240,R,-17979,-234.95
2070,240,R,-18073,-234.86
2080,240,R,-18164,-227.59
2090,240,R,-18266,-255.03
2100,240,R,-18356,-225.07
2110,240,R,-18448,-229.98
2120,240,R,-18538,-224.96
2130,240,R,-18623,-212.52
2140,240,R,-18711,-220.04
2150,240,R,-18798,-217.48
2160,240,R,-18890,-230.00
2170,240,R,-18983,-232.52
2180,240,R,-19076,-232.50
2190,240,R,-19171,-237.48
2200,240,R,-19265,-235.00
2210,240,R,-19358,-232.48
2220,240,R,-19450,-230.02
2230,240,R,-19542,-230.02
2240,240,R,-19633,-227.45
2250,240,R,-19725,-230.00
2260,240,R,-19817,-229.98
2270,240,R,-19909,-230.02
2280,240,R,-19999,-224.98
2290,240,R,-20091,-230.05
2300,240,R,-20184,-232.50
2310,240,R,-20278,-235.02
2320,240,R,-20372,-234.98
2330,240,R,-20466,-234.95
2340,240,R,-20558,-230.05
2350,240,R,-20660,-254.95
2360,240,R,-20751,-227.57
2370,240,R,-20843,-229.93
2380,240,R,-20933,-225.00
2390,240,R,-21019,-215.02
2400,240,R,-21107,-220.00
2410,240,R,-21195,-220.02
2420,240,R,-21287,-229.95
2430,240,R,-21379,-229.98
2440,240,R,-21473,-235.02
2450,240,R,-21568,-237.48
2460,240,R,-21662,-235.05
2470,240,R,-21754,-230.05
2480,240,R,-21846,-230.00
2490,240,R,-21938,-229.93
2500,240,R,-22030,-230.05
2510,240,R,-22121,-227.48
2520,240,R,-22213,-229.98
2530,240,R,-22304,-227.52
2540,240,R,-22394,-225.05
2550,240,R,-22486,-229.98
2560,240,R,-22578,-229.98
2570,240,R,-22671,-232.48
2580,240,R,-22765,-235.00
2590,240,R,-22858,-232.55
2600,240,R,-22949,-227.48
2610,240,R,-23050,-252.55
2620,240,R,-23141,-227.50
2630,240,R,-23234,-232.45
2640,240,R,-23323,-222.39
2650,240,R,-23407,-210.15
2660,240,R,-23495,-219.91
2670,240,R,-23582,-217.52
2680,240,R,-23672,-224.98
2690,240,R,-23764,-230.00
2700,240,R,-23857,-232.55
2710,240,R,-23951,-234.98
2720,240,R,-24044,-232.48
2730,240,R,-24135,-227.57
2740,240,R,-24228,-232.34
2750,240,R,-24318,-225.18
2760,240,R,-24410,-229.95
2770,240,R,-24500,-225.02
2780,240,R,-24591,-227.45
2790,240,R,-24683,-230.00
2800,240,R,-24773,-225.05
2810,240,R,-24863,-224.96
2820,240,R,-24955,-230.07
2830,240,R,-25047,-229.98
2840,240,R,-25141,-235.02
2850,240,R,-25234,-232.45
2860,240,R,-25325,-227.55
2870,240,R,-25422,-242.50
2880,240,R,-25517,-237.48
2890,240,R,-25609,-229.93
2900,240,R,-25697,-220.07
2910,240,R,-25782,-212.52
2920,240,R,-25871,-222.43
2930,240,R,-25958,-217.43
2940,240,R,-26046,-220.09
2950,240,R,-26137,-227.55
2960,240,R,-26229,-229.93
2970,240,R,-26323,-235.05
2980,240,R,-26416,-232.48
2990,240,R,-26509,-232.50
3000,220,R,-26600,-227.50
3010,220,R,-26691,-227.55
3020,220,R,-26779,-219.98
3030,220,R,-26867,-219.93
3040,220,R,-26953,-215.04
3050,220,R,-27039,-215.02
3060,220,R,-27123,-210.00
3070,220,R,-27205,-204.96
3080,220,R,-27288,-207.56
3090,220,R,-27369,-202.48
3100,220,R,-27452,-207.42
3110,220,R,-27534,-205.10
3120,220,R,-27615,-202.48
3130,220,R,-27694,-197.50
3140,220,R,-27774,-199.92
3150,220,R,-27860,-215.04
3160,220,R,-27937,-192.54
3170,220,R,-28013,-189.96
3180,220,R,-28088,-187.54
3190,220,R,-28159,-177.46
3200,220,R,-28233,-185.06
3210,220,R,-28305,-179.95
3220,220,R,-28377,-180.02
3230,220,R,-28450,-182.54
3240,220,R,-28525,-187.46
3250,220,R,-28600,-187.52
3260,220,R,-28676,-190.00
3270,220,R,-28752,-189.96
3280,220,R,-28828,-190.06
3290,220,R,-28903,-187.48
3300,220,R,-28977,-184.96
3310,220,R,-29050,-182.54
3320,220,R,-29123,-182.45
3330,220,R,-29196,-182.57
3340,220,R,-29270,-184.98
3350,220,R,-29342,-179.98
3360,220,R,-29416,-185.04
3370,220,R,-29488,-180.00
3380,220,R,-29561,-182.41
3390,220,R,-29633,-180.04
3400,220,R,-29705,-180.00
3410,220,R,-29778,-182.54
3420,220,R,-29852,-185.02
3430,220,R,-29926,-184.94
3440,220,R,-30000,-185.04
3450,220,R,-30074,-185.02
3460,220,R,-30146,-179.96
3470,220,R,-30225,-197.54
3480,220,R,-30301,-190.00
3490,220,R,-30374,-182.46
3500,220,R,-30446,-180.02
3510,220,R,-30512,-165.02
3520,220,R,-30583,-177.50
3530,220,R,-30654,-177.46
3540,220,R,-30722,-170.03
3550,220,R,-30791,-172.45
3560,220,R,-30863,-180.05
3570,220,R,-30936,-182.46
3580,220,R,-31009,-182.50
3590,220,R,-31083,-184.98
3600,220,R,-31157,-185.04
3610,220,R,-31231,-185.00
3620,220,R,-31304,-182.46
3630,220,R,-31377,-182.52
3640,220,R,-31449,-180.02
3650,220,R,-31521,-179.95
3660,220,R,-31593,-180.04
3670,220,R,-31666,-182.48
3680,220,R,-31738,-180.05
3690,220,R,-31810,-179.95
3700,220,R,-31883,-182.54
3710,220,R,-31954,-177.45
3720,220,R,-32026,-180.02
3730,220,R,-32097,-177.50
3740,220,R,-32170,-182.48
3750,220,R,-32243,-182.55
3760,220,R,-32317,-184.98
3770,220,R,-32391,-185.04
3780,220,R,-32465,-184.94
3790,220,R,-32536,-177.50
3800,220,R,-32611,-187.56
3810,220,R,-32691,-199.94
3820,220,R,-32763,-180.04
3830,220,R,-32834,-177.46
3840,220,R,-32905,-177.54
3850,220,R,-32972,-167.50
3860,220,R,-33043,-177.50
3870,220,R,-33112,-172.45
3880,220,R,-33181,-172.55
3890,220,R,-33252,-177.45
3900,220,R,-33324,-180.07
3910,220,R,-33397,-182.43
3920,220,R,-33471,-185.06
3930,220,R,-33545,-185.02
3940,220,R,-33619,-184.98
3950,220,R,-33693,-184.98
3960,220,R,-33765,-180.04
3970,220,R,-33838,-182.48
3980,220,R,-33909,-177.52
3990,220,R,-33982,-182.48
4000,220,R,-34054,-179.96
4010,220,R,-34126,-180.05
4020,220,R,-34198,-180.00
4030,220,R,-34271,-182.45
4040,220,R,-34342,-177.52
4050,220,R,-34414,-180.00
4060,220,R,-34486,-180.00
4070,220,R,-34559,-182.52
4080,220,R,-34631,-179.98
4090,220,R,-34705,-185.02
4100,220,R,-34779,-185.00
4110,220,R,-34853,-185.02
4120,220,R,-34925,-179.95
4130,220,R,-34998,-182.52
4140,220,R,-35079,-202.54
4150,220,R,-35151,-179.96
4160,220,R,-35223,-179.96
4170,220,R,-35295,-180.07
4180,220,R,-35361,-164.97
4190,220,R,-35433,-179.87
4200,220,R,-35502,-172.62
4210,220,R,-35571,-172.47
4220,220,R,-35642,-177.52
4230,220,R,-35714,-180.05
4240,220,R,-35787,-182.45
4250,220,R,-35861,-185.02
4260,220,R,-35935,-185.04
4270,220,R,-36009,-184.98
4280,220,R,-36083,-185.02
4290,220,R,-36156,-182.48
4300,220,R,-36228,-179.96
4310,220,R,-36300,-180.04
4320,220,R,-36372,-179.96
4330,220,R,-36444,-180.04
4340,220,R,-36517,-182.50
4350,220,R,-36589,-180.00
4360,220,R,-36662,-182.45
4370,220,R,-36733,-177.54
4380,220,R,-36805,-179.98
4390,220,R,-36877,-180.00
4400,220,R,-36950,-182.54
4410,220,R,-37023,-182.50
4420,220,R,-37096,-182.50
4430,220,R,-37171,-187.50
4440,220,R,-37245,-184.87
4450,220,R,-37316,-177.62
4460,220,R,-37389,-182.48
4470,220,R,-37471,-205.00
4480,220,R,-37543,-180.00
4490,220,R,-37615,-180.00
4500,220,R,-37683,-170.02
4510,220,R,-37753,-174.97
4520,220,R,-37824,-177.52
4530,220,R,-37893,-172.53
4540,220,R,-37962,-172.45
4550,220,R,-38033,-177.54
4560,220,R,-38105,-179.98
4570,220,R,-38178,-182.54
4580,220,R,-38252,-184.96
4590,220,R,-38326,-184.98
4600,220,R,-38400,-185.02
4610,220,R,-38474,-185.02
4620,220,R,-38547,-182.50
4630,220,R,-38619,-180.00
4640,220,R,-38692,-182.46
4650,220,R,-38764,-180.05
4660,220,R,-38836,-180.00
4670,220,R,-38908,-179.98
4680,220,R,-38981,-182.45
4690,220,R,-39054,-182.52
4700,220,R,-39126,-180.02
4710,220,R,-39197,-177.48
4720,220,R,-39269,-180.02
4730,220,R,-39342,-182.54
4740,220,R,-39415,-182.50
4750,220,R,-39488,-182.46
4760,220,R,-39563,-187.54
4770,220,R,-39637,-184.93
4780,220,R,-39709,-180.02
4790,220,R,-39782,-182.55
4800,220,R,-39862,-199.98
4810,220,R,-39937,-187.52
4820,220,R,-40008,-177.48
4830,220,R,-40080,-179.96
4840,220,R,-40146,-165.00
4850,220,R,-40217,-177.52
4860,220,R,-40287,-175.02
4870,220,R,-40356,-172.50
4880,220,R,-40426,-174.98
4890,220,R,-40498,-180.02
4900,220,R,-40571,-182.50
4910,220,R,-40645,-185.02
4920,220,R,-40719,-184.93
4930,220,R,-40794,-187.58
4940,220,R,-40867,-182.46
4950,220,R,-40940,-182.52
4960,220,R,-41012,-179.98
4970,220,R,-41085,-182.54
4980,220,R,-41158,-182.43
4990,220,R,-41229,-177.54
5000,220,R,-41301,-180.04
5010,220,R,-41374,-182.50
5020,220,R,-41447,-182.50
5030,220,R,-41518,-177.50
5040,220,R,-41590,-179.98
5050,220,R,-41662,-180.00
5060,220,R,-41735,-182.52
5070,220,R,-41807,-179.98
5080,220,R,-41881,-185.00
5090,220,R,-41956,-187.50
5100,220,R,-42029,-182.52
5110,220,R,-42102,-182.45
5120,220,R,-42175,-182.52
5130,220,R,-42255,-199.96
5140,220,R,-42329,-185.07
5150,220,R,-42401,-179.96
5160,220,R,-42473,-180.00
5170,220,R,-42538,-162.53
5180,220,R,-42610,-179.98
5190,220,R,-42679,-172.48
5200,220,R,-42749,-175.00
5210,220,R,-42819,-175.02
5220,220,R,-42890,-177.52
5230,220,R,-42963,-182.46
5240,220,R,-43036,-182.52
5250,220,R,-43111,-187.48
5260,220,R,-43185,-185.02
5270,220,R,-43259,-185.02
5280,220,R,-43332,-182.39
5290,220,R,-43403,-177.61
5300,220,R,-43476,-182.46
5310,220,R,-43549,-182.50
5320,220,R,-43621,-180.04
5330,220,R,-43693,-180.00
5340,220,R,-43765,-179.95
5350,220,R,-43838,-182.52
5360,220,R,-43910,-179.96
5370,220,R,-43981,-177.55
5380,220,R,-44053,-180.02
5390,220,R,-44125,-179.98
5400,220,R,-44198,-182.48
5410,220,R,-44272,-185.02
5420,220,R,-44346,-184.96
5430,220,R,-44419,-182.55
5440,220,R,-44492,-182.48
5450,220,R,-44564,-179.98
5460,220,R,-44643,-197.48
5470,220,R,-44719,-189.98
5480,220,R,-44791,-180.05
5490,220,R,-44863,-179.98
5500,220,R,-44929,-165.02
5510,220,R,-45000,-177.50
5520,220,R,-45070,-174.97
5530,220,R,-45138,-170.02
5540,220,R,-45208,-175.00
5550,220,R,-45280,-179.96
5560,220,R,-45353,-182.57
5570,220,R,-45426,-182.45
5580,220,R,-45500,-185.00
5590,220,R,-45575,-187.54
5600,220,R,-45649,-184.98
5610,220,R,-45721,-179.96
5620,220,R,-45793,-180.02
5630,220,R,-45866,-182.50
5640,220,R,-45939,-182.52
5650,220,R,-46011,-180.02
5660,220,R,-46083,-179.98
5670,220,R,-46155,-180.00
5680,220,R,-46228,-182.52
5690,220,R,-46300,-179.98
5700,220,R,-46372,-180.00
5710,220,R,-46443,-177.48
5720,220,R,-46515,-180.04
5730,220,R,-46588,-182.50
5740,220,R,-46662,-184.91
5750,220,R,-46735,-182.57
5760,220,R,-46809,-185.00
5770,220,R,-46883,-184.98
5780,220,R,-46954,-177.55
5790,220,R,-47033,-197.48
5800,220,R,-47110,-192.46
5810,220,R,-47182,-180.02
5820,220,R,-47253,-177.52
5830,220,R,-47319,-165.00
5840,220,R,-47390,-177.50
5850,220,R,-47461,-177.46
5860,220,R,-47529,-170.02
5870,220,R,-47598,-172.52
5880,220,R,-47670,-180.00
5890,220,R,-47743,-182.50
5900,220,R,-47815,-180.00
5910,220,R,-47890,-187.46
5920,220,R,-47964,-184.98
5930,220,R,-48038,-185.07
5940,220,R,-48111,-182.50
5950,220,R,-48183,-179.98
5960,220,R,-48255,-180.00
5970,220,R,-48328,-182.46
5980,220,R,-48400,-180.02
5990,220,R,-48472,-180.00
6000,220,R,-48544,-180.00
6010,220,R,-48617,-182.52
6020,220,R,-48689,-180.00
6030,220,R,-48760,-177.46
6040,220,R,-48832,-180.00
6050,220,R,-48903,-177.50
6060,220,R,-48977,-184.94
6070,220,R,-49050,-182.54
6080,220,R,-49124,-185.06
6090,220,R,-49198,-185.00
6100,220,R,-49271,-182.46
6110,220,R,-49343,-180.04
6120,220,R,-49420,-192.42
6130,220,R,-49499,-197.60
6140,220,R,-49570,-177.46
6150,220,R,-49642,-180.02
6160,220,R,-49712,-175.00
6170,220,R,-49779,-167.48
6180,220,R,-49850,-177.50
6190,220,R,-49918,-169.98
6200,220,R,-49987,-172.55
6210,220,R,-50059,-179.96
6220,220,R,-50132,-182.48
6230,220,R,-50205,-182.41
6240,220,R,-50279,-185.11
6250,220,R,-50353,-185.02
6260,220,R,-50427,-184.94
6270,220,R,-50500,-182.57
6280,220,R,-50573,-182.48
6290,220,R,-50645,-179.96
6300,220,R,-50717,-180.02
6310,220,R,-50789,-180.04
6320,220,R,-50862,-182.45
6330,220,R,-50934,-179.95
6340,220,R,-51006,-180.09
6350,220,R,-51078,-180.02
6360,220,R,-51150,-179.95
6370,220,R,-51221,-177.55
6380,220,R,-51293,-179.93
6390,220,R,-51366,-182.57
6400,220,R,-51439,-182.46
6410,220,R,-51513,-185.04
6420,220,R,-51587,-184.93
6430,220,R,-51661,-185.04
6440,220,R,-51732,-177.54
6450,220,R,-51808,-189.98
6460,220,R,-51888,-199.96
6470,220,R,-51960,-179.96
6480,220,R,-52032,-180.09
6490,220,R,-52102,-174.93
6500,220,R,-52169,-167.50
6510,220,R,-52240,-177.52
6520,220,R,-52308,-170.03
6530,220,R,-52377,-172.47
6540,220,R,-52448,-177.52
6550,220,R,-52521,-182.43
6560,220,R,-52593,-180.05
6570,220,R,-52668,-187.48
6580,220,R,-52742,-185.04
6590,220,R,-52816,-185.02
6600,220,R,-52889,-182.52
6610,220,R,-52962,-182.45
6620,220,R,-53034,-180.00
6630,220,R,-53106,-180.02
6640,220,R,-53179,-182.52
6650,220,R,-53251,-180.00
6660,220,R,-53323,-180.02
6670,220,R,-53396,-182.46
6680,220,R,-53468,-180.04
6690,220,R,-53540,-180.00
6700,220,R,-53611,-177.46
6710,220,R,-53684,-182.54
6720,220,R,-53757,-182.45
6730,220,R,-53829,-180.02
6740,220,R,-53903,-185.04
6750,220,R,-53978,-187.48
6760,220,R,-54052,-185.00
6770,220,R,-54124,-179.96
6780,220,R,-54197,-182.48
6790,220,R,-54279,-205.06
6800,220,R,-54351,-180.02
6810,220,R,-54424,-182.45
6820,220,R,-54493,-172.47
6830,220,R,-54560,-167.53
6840,220,R,-54632,-180.05
6850,220,R,-54701,-172.50
6860,220,R,-54770,-172.48
6870,220,R,-54841,-177.52
6880,220,R,-54913,-179.98
6890,220,R,-54987,-184.98
6900,220,R,-55061,-184.94
6910,220,R,-55135,-185.06
6920,220,R,-55209,-185.04
6930,220,R,-55283,-184.96
6940,220,R,-55356,-182.46
6950,220,R,-55428,-180.07
6960,220,R,-55500,-180.00
6970,220,R,-55573,-182.48
6980,220,R,-55645,-180.00
6990,220,R,-55717,-179.98
7000,220,R,-55790,-182.52
7010,220,R,-55863,-182.46
7020,220,R,-55934,-177.52
7030,220,R,-56005,-177.52
7040,220,R,-56078,-182.45
7050,220,R,-56151,-182.57
7060,220,R,-56224,-182.45
7070,220,R,-56297,-182.55
7080,220,R,-56372,-187.43
7090,220,R,-56446,-185.00
7100,220,R,-56517,-177.54
7110,220,R,-56591,-184.98
7120,220,R,-56673,-205.02
7130,220,R,-56746,-182.43
7140,220,R,-56817,-177.59
7150,220,R,-56888,-177.46
7160,220,R,-56954,-165.03
7170,220,R,-57025,-177.48
7180,220,R,-57094,-172.48
7190,220,R,-57164,-175.04
7200,220,R,-57234,-175.02
7210,220,R,-57306,-179.98
7220,220,R,-57380,-184.94
7230,220,R,-57453,-182.54
7240,220,R,-57528,-187.50
7250,220,R,-57602,-185.04
7260,220,R,-57675,-182.46
7270,220,R,-57748,-182.52
7280,220,R,-57821,-182.46
7290,220,R,-57893,-180.05
7300,220,R,-57966,-182.50
7310,220,R,-58037,-177.48
7320,220,R,-58109,-180.00
7330,220,R,-58182,-182.48
7340,220,R,-58255,-182.46
7350,220,R,-58327,-180.05
7360,220,R,-58398,-177.48
7370,220,R,-58470,-179.98
7380,220,R,-58543,-182.54
7390,220,R,-58616,-182.48
7400,220,R,-58690,-185.02
7410,220,R,-58764,-184.98
7420,220,R,-58838,-185.00
7430,220,R,-58910,-180.00
7440,220,R,-58983,-182.48
7450,220,R,-59066,-207.50
7460,220,R,-59138,-179.95
7470,220,R,-59208,-175.09
7480,220,R,-59281,-182.50
7490,220,R,-59347,-165.00
7500,220,R,-59418,-177.48
7510,220,R,-59487,-172.52
7520,220,R,-59557,-174.95
7530,220,R,-59627,-175.02
7540,220,R,-59698,-177.50
7550,220,R,-59772,-185.02
7560,220,R,-59845,-182.54
7570,220,R,-59920,-187.50
7580,220,R,-59994,-184.98
7590,220,R,-60068,-184.98
7600,220,R,-60140,-179.98
7610,220,R,-60212,-180.02
7620,220,R,-60285,-182.48
7630,220,R,-60357,-180.05
7640,220,R,-60429,-179.95
7650,220,R,-60500,-177.55
7660,220,R,-60573,-182.46
7670,220,R,-60646,-182.54
7680,220,R,-60717,-177.45
7690,220,R,-60788,-177.55
7700,220,R,-60861,-182.48
7710,220,R,-60933,-180.00
7720,220,R,-61006,-182.52
7730,220,R,-61079,-182.48
7740,220,R,-61153,-184.96
7750,220,R,-61227,-185.00
7760,220,R,-61299,-180.05
7770,220,R,-61372,-182.50
7780,220,R,-61449,-192.50
7790,220,R,-61526,-192.50
7800,220,R,-61598,-179.86
7810,220,R,-61669,-177.64
7820,220,R,-61734,-162.50
7830,220,R,-61806,-180.00
7840,220,R,-61875,-172.45
7850,220,R,-61944,-172.53
7860,220,R,-62014,-175.00
7870,220,R,-62086,-180.00
7880,220,R,-62158,-179.96
7890,220,R,-62231,-182.48
7900,220,R,-62306,-187.46
7910,220,R,-62380,-185.11
7920,220,R,-62454,-184.93
7930,220,R,-62526,-180.02
7940,220,R,-62598,-180.02
7950,220,R,-62671,-182.54
7960,220,R,-62743,-179.95
7970,220,R,-62815,-180.02
7980,220,R,-62887,-179.86
7990,220,R,-62959,-180.14
8000,220,R,-63031,-180.04
=== END ===
# Trial 46 of 46: step_down_rev_240to220_run03
=== START step_down_rev_240to220_run03 ===
t_ms,pwm_cmd,dir,enc_count,rpm
0,240,R,0,0.00
10,240,R,-3,-7.50
20,240,R,-12,-22.50
30,240,R,-27,-37.50
40,240,R,-48,-52.52
50,240,R,-75,-67.48
60,240,R,-107,-80.00
70,240,R,-143,-90.02
80,240,R,-186,-107.48
90,240,R,-232,-115.03
100,240,R,-283,-127.47
110,240,R,-337,-134.97
120,240,R,-396,-147.56
130,240,R,-457,-152.45
140,240,R,-520,-157.55
150,240,R,-585,-162.47
160,240,R,-652,-167.52
170,240,R,-721,-172.47
180,240,R,-793,-180.05
190,240,R,-865,-179.95
200,240,R,-940,-187.41
210,240,R,-1016,-190.10
220,240,R,-1094,-195.00
230,240,R,-1172,-195.02
240,240,R,-1251,-197.50
250,240,R,-1332,-202.46
260,240,R,-1415,-207.44
270,240,R,-1499,-210.13
280,240,R,-1584,-212.48
290,240,R,-1671,-217.48
300,240,R,-1756,-212.54
310,240,R,-1845,-222.48
320,240,R,-1939,-235.02
330,240,R,-2026,-217.46
340,240,R,-2112,-215.04
350,240,R,-2194,-204.96
360,240,R,-2280,-215.04
370,240,R,-2364,-210.02
380,240,R,-2449,-212.37
390,240,R,-2537,-220.07
400,240,R,-2628,-227.57
410,240,R,-2719,-227.45
420,240,R,-2811,-229.98
430,240,R,-2903,-230.00
440,240,R,-2993,-225.00
450,240,R,-3084,-227.57
460,240,R,-3175,-227.45
470,240,R,-3265,-225.00
480,240,R,-3355,-225.05
490,240,R,-3446,-227.45
500,240,R,-3537,-227.48
510,240,R,-3627,-225.00
520,240,R,-3717,-225.05
530,240,R,-3809,-229.95
540,240,R,-3902,-232.52
550,240,R,-3996,-235.00
560,240,R,-4089,-232.48
570,240,R,-4180,-227.50
580,240,R,-4280,-250.08
590,240,R,-4374,-234.98
600,240,R,-4465,-227.50
610,240,R,-4555,-225.00
620,240,R,-4641,-215.02
630,240,R,-4729,-219.93
640,240,R,-4816,-217.54
650,240,R,-4906,-225.00
660,240,R,-4999,-232.50
670,240,R,-5091,-230.00
680,240,R,-5186,-237.52
690,240,R,-5280,-234.93
700,240,R,-5373,-232.55
710,240,R,-5465,-230.02
720,240,R,-5557,-230.00
730,240,R,-5648,-227.43
740,240,R,-5740,-230.05
750,240,R,-5832,-230.00
760,240,R,-5924,-230.00
770,240,R,-6015,-227.45
780,240,R,-6106,-227.57
790,240,R,-6198,-229.95
800,240,R,-6291,-232.34
810,240,R,-6385,-235.14
820,240,R,-6479,-235.02
830,240,R,-6571,-230.00
840,240,R,-6668,-242.50
850,240,R,-6765,-242.48
860,240,R,-6858,-232.55
870,240,R,-6948,-224.93
880,240,R,-7033,-212.59
890,240,R,-7122,-222.50
900,240,R,-7210,-220.00
910,240,R,-7299,-222.48
920,240,R,-7392,-232.52
930,240,R,-7484,-229.98
940,240,R,-7579,-237.45
950,240,R,-7673,-235.05
960,240,R,-7767,-234.93
970,240,R,-7858,-227.52
980,240,R,-7951,-232.52
990,240,R,-8042,-227.52
1000,240,R,-8134,-230.02
1010,240,R,-8226,-229.91
1020,240,R,-8318,-230.09
1030,240,R,-8409,-227.48
1040,240,R,-8500,-227.48
1050,240,R,-8592,-230.02
1060,240,R,-8684,-230.02
1070,240,R,-8779,-237.45
1080,240,R,-8873,-235.05
1090,240,R,-8965,-230.00
1100,240,R,-9063,-245.00
1110,240,R,-9160,-242.43
1120,240,R,-9251,-227.55
1130,240,R,-9342,-227.45
1140,240,R,-9426,-210.02
1150,240,R,-9516,-224.89
1160,240,R,-9603,-217.61
1170,240,R,-9692,-222.46
1180,240,R,-9784,-230.09
1190,240,R,-9876,-229.98
1200,240,R,-9971,-237.48
1210,240,R,-10065,-235.05
1220,240,R,-10158,-232.43
1230,240,R,-10249,-227.55
1240,240,R,-10342,-232.52
1250,240,R,-10433,-227.48
1260,240,R,-10525,-230.00
1270,240,R,-10616,-227.52
1280,240,R,-10709,-232.50
1290,240,R,-10799,-224.96
1300,240,R,-10890,-227.52
1310,240,R,-10982,-230.00
1320,240,R,-11074,-229.93
1330,240,R,-11168,-235.07
1340,240,R,-11262,-234.95
1350,240,R,-11355,-232.52
1360,240,R,-11450,-237.41
1370,240,R,-11549,-247.60
1380,240,R,-11640,-227.52
1390,240,R,-11731,-227.48
1400,240,R,-11816,-212.50
1410,240,R,-11905,-222.54
1420,240,R,-11992,-217.48
1430,240,R,-12081,-222.46
1440,240,R,-12172,-227.50
1450,240,R,-12264,-230.02
1460,240,R,-12359,-237.50
1470,240,R,-12453,-234.98
1480,240,R,-12546,-232.52
1490,240,R,-12638,-230.00
1500,240,R,-12729,-227.55
1510,240,R,-12821,-230.00
1520,240,R,-12913,-229.93
1530,240,R,-13004,-227.50
1540,240,R,-13096,-230.05
1550,240,R,-13186,-224.96
1560,240,R,-13277,-227.57
1570,240,R,-13368,-227.45
1580,240,R,-13461,-232.55
1590,240,R,-13554,-232.43
1600,240,R,-13648,-235.00
1610,240,R,-13741,-232.57
1620,240,R,-13834,-232.50
1630,240,R,-13935,-252.50
1640,240,R,-14026,-227.48
1650,240,R,-14116,-225.00
1660,240,R,-14203,-217.52
1670,240,R,-14291,-220.00
1680,240,R,-14378,-217.46
1690,240,R,-14466,-220.00
1700,240,R,-14557,-227.50
1710,240,R,-14650,-232.52
1720,240,R,-14744,-234.98
1730,240,R,-14838,-235.02
1740,240,R,-14932,-234.81
1750,240,R,-15024,-230.12
1760,240,R,-15115,-227.55
1770,240,R,-15207,-230.02
1780,240,R,-15298,-227.48
1790,240,R,-15390,-229.98
1800,240,R,-15482,-229.98
1810,240,R,-15573,-227.39
1820,240,R,-15663,-225.14
1830,240,R,-15754,-227.48
1840,240,R,-15847,-232.55
1850,240,R,-15940,-232.52
1860,240,R,-16035,-237.50
1870,240,R,-16128,-232.45
1880,240,R,-16220,-230.07
1890,240,R,-16322,-254.95
1900,240,R,-16412,-224.98
1910,240,R,-16503,-227.55
1920,240,R,-16593,-225.00
1930,240,R,-16679,-214.98
1940,240,R,-16767,-219.91
1950,240,R,-16854,-217.63
1960,240,R,-16945,-227.48
1970,240,R,-17038,-232.50
1980,240,R,-17132,-235.02
1990,240,R,-17226,-234.95
2000,240,R,-17320,-235.02
2010,240,R,-17412,-229.98
2020,240,R,-17504,-229.98
2030,240,R,-17596,-230.00
2040,240,R,-17686,-225.07
2050,240,R,-17778,-229.98
2060,240,R,-17870,-229.98
2070,240,R,-17961,-227.48
2080,240,R,-18051,-225.07
2090,240,R,-18143,-229.98
2100,240,R,-18236,-232.52
2110,240,R,-18329,-232.48
2120,240,R,-18424,-237.50
2130,240,R,-18517,-232.48
2140,240,R,-18609,-229.95
2150,240,R,-18710,-252.58
2160,240,R,-18802,-229.95
2170,240,R,-18893,-227.52
2180,240,R,-18982,-222.54
2190,240,R,-19068,-214.94
2200,240,R,-19156,-220.04
2210,240,R,-19243,-217.52
2220,240,R,-19334,-227.48
2230,240,R,-19427,-232.45
2240,240,R,-19521,-234.84
2250,240,R,-19615,-235.19
2260,240,R,-19709,-235.02
2270,240,R,-19801,-230.02
2280,240,R,-19893,-230.00
2290,240,R,-19985,-229.98
2300,240,R,-20077,-230.02
2310,240,R,-20168,-227.48
2320,240,R,-20260,-229.98
2330,240,R,-20352,-230.00
2340,240,R,-20442,-224.96
2350,240,R,-20535,-232.59
2360,240,R,-20627,-229.98
2370,240,R,-20721,-235.00
2380,240,R,-20815,-234.93
2390,240,R,-20909,-235.02
2400,240,R,-21001,-230.05
2410,240,R,-21103,-254.97
2420,240,R,-21196,-232.52
2430,240,R,-21287,-227.43
2440,240,R,-21377,-225.07
2450,240,R,-21463,-214.98
2460,240,R,-21551,-220.02
2470,240,R,-21639,-220.00
2480,240,R,-21730,-227.50
2490,240,R,-21823,-232.48
2500,240,R,-21917,-235.02
2510,240,R,-22012,-237.52
2520,240,R,-22106,-234.98
2530,240,R,-22199,-232.48
2540,240,R,-22291,-230.05
2550,240,R,-22383,-229.91
2560,240,R,-22475,-230.09
2570,240,R,-22567,-229.86
2580,240,R,-22659,-230.12
2590,240,R,-22751,-229.95
2600,240,R,-22841,-225.00
2610,240,R,-22933,-229.98
2620,240,R,-23026,-232.59
2630,240,R,-23120,-234.98
2640,240,R,-23214,-234.93
2650,240,R,-23308,-235.02
2660,240,R,-23400,-229.98
2670,240,R,-23500,-250.10
2680,240,R,-23593,-232.41
2690,240,R,-23686,-232.57
2700,240,R,-23772,-214.98
2710,240,R,-23861,-222.50
2720,240,R,-23950,-222.52
2730,240,R,-24037,-217.50
2740,240,R,-24128,-227.43
2750,240,R,-24221,-232.55
2760,240,R,-24315,-235.05
2770,240,R,-24409,-234.98
2780,240,R,-24503,-234.95
2790,240,R,-24596,-232.52
2800,240,R,-24688,-230.00
2810,240,R,-24780,-230.05
2820,240,R,-24871,-227.41
2830,240,R,-24962,-227.59
2840,240,R,-25054,-229.93
2850,240,R,-25146,-230.07
2860,240,R,-25236,-224.98
2870,240,R,-25328,-230.00
2880,240,R,-25420,-230.02
2890,240,R,-25514,-235.00
2900,240,R,-25608,-235.00
2910,240,R,-25702,-234.95
2920,240,R,-25793,-227.48
2930,240,R,-25893,-250.05
2940,240,R,-25987,-234.98
2950,240,R,-26079,-230.05
2960,240,R,-26168,-222.48
2970,240,R,-26255,-217.48
2980,240,R,-26343,-220.00
2990,240,R,-26430,-217.50
3000,220,R,-26521,-227.48
3010,220,R,-26612,-227.52
3020,220,R,-26704,-230.02
3030,220,R,-26795,-227.48
3040,220,R,-26884,-222.48
3050,220,R,-26971,-217.57
3060,220,R,-27056,-212.46
3070,220,R,-27141,-212.48
3080,220,R,-27223,-205.06
3090,220,R,-27306,-207.46
3100,220,R,-27387,-202.52
3110,220,R,-27467,-200.00
3120,220,R,-27547,-200.00
3130,220,R,-27625,-194.98
3140,220,R,-27703,-194.98
3150,220,R,-27781,-195.00
3160,220,R,-27859,-195.02
3170,220,R,-27937,-195.00
3180,220,R,-28016,-197.52
3190,220,R,-28094,-195.02
3200,220,R,-28170,-189.94
3210,220,R,-28247,-192.54
3220,220,R,-28330,-207.46
3230,220,R,-28405,-187.56
3240,220,R,-28479,-184.94
3250,220,R,-28548,-172.53
3260,220,R,-28621,-182.52
3270,220,R,-28693,-179.96
3280,220,R,-28763,-175.04
3290,220,R,-28833,-174.98
3300,220,R,-28906,-182.48
3310,220,R,-28979,-182.50
3320,220,R,-29053,-185.04
3330,220,R,-29128,-187.48
3340,220,R,-29203,-187.50
3350,220,R,-29278,-187.50
3360,220,R,-29352,-184.96
3370,220,R,-29425,-182.54
3380,220,R,-29497,-180.00
3390,220,R,-29570,-182.52
3400,220,R,-29642,-179.95
3410,220,R,-29715,-182.55
3420,220,R,-29788,-182.45
3430,220,R,-29860,-180.00
3440,220,R,-29932,-180.04
3450,220,R,-30004,-179.96
3460,220,R,-30075,-177.55
3470,220,R,-30147,-180.00
3480,220,R,-30220,-182.46
3490,220,R,-30293,-182.52
3500,220,R,-30367,-185.00
3510,220,R,-30441,-185.02
3520,220,R,-30515,-184.93
3530,220,R,-30586,-177.55
3540,220,R,-30661,-187.52
3550,220,R,-30742,-202.50
3560,220,R,-30812,-174.97
3570,220,R,-30885,-182.48
3580,220,R,-30954,-172.52
3590,220,R,-31023,-172.53
3600,220,R,-31094,-177.38
3610,220,R,-31162,-170.07
3620,220,R,-31231,-172.52
3630,220,R,-31302,-177.50
3640,220,R,-31375,-182.50
3650,220,R,-31448,-182.50
3660,220,R,-31522,-185.02
3670,220,R,-31597,-187.48
3680,220,R,-31671,-184.98
3690,220,R,-31744,-182.50
3700,220,R,-31817,-182.52
3710,220,R,-31889,-180.00
3720,220,R,-31961,-180.04
3730,220,R,-32034,-182.45
3740,220,R,-32107,-182.43
3750,220,R,-32179,-180.07
3760,220,R,-32251,-180.02
3770,220,R,-32324,-182.50
3780,220,R,-32395,-177.46
3790,220,R,-32467,-180.04
3800,220,R,-32539,-179.98
3810,220,R,-32612,-182.50
3820,220,R,-32685,-182.46
3830,220,R,-32759,-185.00
3840,220,R,-32833,-185.09
3850,220,R,-32907,-184.83
3860,220,R,-32978,-177.59
3870,220,R,-33052,-185.04
3880,220,R,-33132,-200.04
3890,220,R,-33206,-184.94
3900,220,R,-33275,-172.55
3910,220,R,-33344,-172.48
3920,220,R,-33414,-174.98
3930,220,R,-33485,-177.46
3940,220,R,-33553,-170.03
3950,220,R,-33622,-172.53
3960,220,R,-33693,-177.46
3970,220,R,-33765,-179.96
3980,220,R,-33838,-182.52
3990,220,R,-33912,-185.00
4000,220,R,-33987,-187.56
4010,220,R,-34061,-184.94
4020,220,R,-34134,-182.54
4030,220,R,-34207,-182.46
4040,220,R,-34280,-182.55
4050,220,R,-34352,-179.95
4060,220,R,-34424,-180.00
4070,220,R,-34497,-182.54
4080,220,R,-34569,-180.00
4090,220,R,-34642,-182.48
4100,220,R,-34715,-182.54
4110,220,R,-34786,-177.45
4120,220,R,-34858,-180.02
4130,220,R,-34931,-182.48
4140,220,R,-35004,-182.54
4150,220,R,-35077,-182.50
4160,220,R,-35151,-184.98
4170,220,R,-35225,-184.98
4180,220,R,-35300,-187.56
4190,220,R,-35372,-180.00
4200,220,R,-35446,-184.98
4210,220,R,-35527,-202.42
4220,220,R,-35600,-182.54
4230,220,R,-35671,-177.54
4240,220,R,-35740,-172.47
4250,220,R,-35810,-175.05
4260,220,R,-35881,-177.50
4270,220,R,-35951,-175.00
4280,220,R,-36020,-172.48
4290,220,R,-36091,-177.48
4300,220,R,-36164,-182.48
4310,220,R,-36237,-182.50
4320,220,R,-36311,-185.04
4330,220,R,-36386,-187.52
4340,220,R,-36460,-184.94
4350,220,R,-36534,-185.04
4360,220,R,-36607,-182.50
4370,220,R,-36680,-182.50
4380,220,R,-36752,-180.00
4390,220,R,-36825,-182.50
4400,220,R,-36898,-182.52
4410,220,R,-36970,-179.95
4420,220,R,-37043,-182.54
4430,220,R,-37116,-182.48
4440,220,R,-37188,-180.00
4450,220,R,-37259,-177.54
4460,220,R,-37332,-182.45
4470,220,R,-37405,-182.54
4480,220,R,-37478,-182.50
4490,220,R,-37552,-185.02
4500,220,R,-37627,-187.50
4510,220,R,-37701,-184.96
4520,220,R,-37773,-180.04
4530,220,R,-37847,-184.96
4540,220,R,-37927,-200.02
4550,220,R,-38001,-185.00
4560,220,R,-38073,-179.98
4570,220,R,-38143,-175.04
4580,220,R,-38211,-169.98
4590,220,R,-38283,-179.98
4600,220,R,-38352,-172.50
4610,220,R,-38422,-174.90
4620,220,R,-38492,-175.14
4630,220,R,-38565,-182.50
4640,220,R,-38638,-182.46
4650,220,R,-38713,-187.52
4660,220,R,-38788,-187.48
4670,220,R,-38862,-185.02
4680,220,R,-38935,-182.48
4690,220,R,-39008,-182.48
4700,220,R,-39081,-182.55
4710,220,R,-39153,-179.93
4720,220,R,-39226,-182.52
4730,220,R,-39298,-180.04
4740,220,R,-39371,-182.48
4750,220,R,-39444,-182.52
4760,220,R,-39516,-180.00
4770,220,R,-39588,-179.95
4780,220,R,-39660,-180.07
4790,220,R,-39732,-179.96
4800,220,R,-39805,-182.52
4810,220,R,-39878,-182.52
4820,220,R,-39952,-184.96
4830,220,R,-40027,-187.54
4840,220,R,-40101,-185.00
4850,220,R,-40172,-177.48
4860,220,R,-40245,-182.46
4870,220,R,-40322,-192.56
4880,220,R,-40400,-194.92
4890,220,R,-40472,-180.05
4900,220,R,-40540,-169.98
4910,220,R,-40609,-172.48
4920,220,R,-40681,-180.04
4930,220,R,-40750,-172.50
4940,220,R,-40819,-172.50
4950,220,R,-40890,-177.50
4960,220,R,-40962,-180.02
4970,220,R,-41036,-184.94
4980,220,R,-41110,-185.00
4990,220,R,-41185,-187.50
5000,220,R,-41259,-185.04
5010,220,R,-41333,-184.94
5020,220,R,-41405,-180.05
5030,220,R,-41478,-182.46
5040,220,R,-41550,-180.05
5050,220,R,-41623,-182.50
5060,220,R,-41695,-180.00
5070,220,R,-41768,-182.46
5080,220,R,-41841,-182.54
5090,220,R,-41913,-180.00
5100,220,R,-41985,-179.98
5110,220,R,-42057,-180.02
5120,220,R,-42129,-179.96
5130,220,R,-42203,-184.93
5140,220,R,-42276,-182.52
5150,220,R,-42349,-182.54
5160,220,R,-42424,-187.54
5170,220,R,-42499,-187.35
5180,220,R,-42571,-180.11
5190,220,R,-42646,-187.56
5200,220,R,-42726,-199.92
5210,220,R,-42799,-182.54
5220,220,R,-42871,-180.04
5230,220,R,-42942,-177.50
5240,220,R,-43009,-167.50
5250,220,R,-43080,-177.50
5260,220,R,-43149,-172.47
5270,220,R,-43219,-175.02
5280,220,R,-43290,-177.48
5290,220,R,-43362,-180.00
5300,220,R,-43436,-185.04
5310,220,R,-43510,-184.96
5320,220,R,-43585,-187.52
5330,220,R,-43659,-184.96
5340,220,R,-43733,-185.00
5350,220,R,-43806,-182.54
5360,220,R,-43879,-182.50
5370,220,R,-43951,-179.96
5380,220,R,-44024,-182.52
5390,220,R,-44096,-180.04
5400,220,R,-44169,-182.45
5410,220,R,-44242,-182.55
5420,220,R,-44315,-182.41
5430,220,R,-44386,-177.52
5440,220,R,-44458,-179.93
5450,220,R,-44530,-180.13
5460,220,R,-44603,-182.52
5470,220,R,-44676,-182.46
5480,220,R,-44750,-184.98
5490,220,R,-44825,-187.54
5500,220,R,-44899,-184.98
5510,220,R,-44971,-180.02
5520,220,R,-45046,-187.48
5530,220,R,-45126,-200.02
5540,220,R,-45199,-182.50
5550,220,R,-45271,-179.96
5560,220,R,-45343,-180.04
5570,220,R,-45408,-162.50
5580,220,R,-45479,-177.45
5590,220,R,-45548,-172.53
5600,220,R,-45618,-175.04
5610,220,R,-45688,-174.95
5620,220,R,-45760,-180.04
5630,220,R,-45833,-182.48
5640,220,R,-45907,-185.02
5650,220,R,-45981,-185.00
5660,220,R,-46055,-185.00
5670,220,R,-46128,-182.50
5680,220,R,-46201,-182.50
5690,220,R,-46273,-180.02
5700,220,R,-46345,-179.98
5710,220,R,-46417,-179.98
5720,220,R,-46488,-177.48
5730,220,R,-46560,-180.00
5740,220,R,-46633,-182.52
5750,220,R,-46705,-180.02
5760,220,R,-46777,-179.96
5770,220,R,-46847,-175.04
5780,220,R,-46919,-180.00
5790,220,R,-46992,-182.52
5800,220,R,-47064,-179.95
5810,220,R,-47137,-182.55
5820,220,R,-47212,-187.31
5830,220,R,-47285,-182.63
5840,220,R,-47357,-180.05
5850,220,R,-47430,-182.43
5860,220,R,-47505,-187.54
5870,220,R,-47583,-194.98
5880,220,R,-47655,-180.05
5890,220,R,-47723,-169.98
5900,220,R,-47791,-169.97
5910,220,R,-47862,-177.50
5920,220,R,-47932,-175.05
5930,220,R,-48001,-172.36
5940,220,R,-48070,-172.60
5950,220,R,-48142,-180.00
5960,220,R,-48214,-180.00
5970,220,R,-48287,-182.52
5980,220,R,-48362,-187.46
5990,220,R,-48436,-185.00
6000,220,R,-48510,-185.00
6010,220,R,-48581,-177.54
6020,220,R,-48653,-180.02
6030,220,R,-48726,-182.46
6040,220,R,-48799,-182.43
6050,220,R,-48870,-177.57
6060,220,R,-48941,-177.48
6070,220,R,-49014,-182.55
6080,220,R,-49086,-180.00
6090,220,R,-49158,-179.95
6100,220,R,-49229,-177.52
6110,220,R,-49300,-177.52
6120,220,R,-49372,-180.00
6130,220,R,-49445,-182.52
6140,220,R,-49518,-182.45
6150,220,R,-49592,-185.06
6160,220,R,-49666,-184.98
6170,220,R,-49738,-180.02
6180,220,R,-49810,-179.95
6190,220,R,-49882,-180.00
6200,220,R,-49963,-202.54
6210,220,R,-50036,-182.52
6220,220,R,-50107,-177.46
6230,220,R,-50172,-162.50
6240,220,R,-50244,-180.00
6250,220,R,-50314,-174.98
6260,220,R,-50382,-170.02
6270,220,R,-50451,-172.48
6280,220,R,-50523,-180.05
6290,220,R,-50595,-180.00
6300,220,R,-50668,-182.46
6310,220,R,-50742,-185.00
6320,220,R,-50816,-185.02
6330,220,R,-50890,-185.00
6340,220,R,-50963,-182.46
6350,220,R,-51035,-179.98
6360,220,R,-51107,-180.00
6370,220,R,-51179,-180.05
6380,220,R,-51251,-179.96
6390,220,R,-51323,-180.02
6400,220,R,-51395,-180.02
6410,220,R,-51467,-179.95
6420,220,R,-51539,-180.02
6430,220,R,-51611,-180.00
6440,220,R,-51682,-177.54
6450,220,R,-51753,-177.46
6460,220,R,-51826,-182.54
6470,220,R,-51899,-182.46
6480,220,R,-51973,-185.02
6490,220,R,-52047,-184.93
6500,220,R,-52120,-182.59
6510,220,R,-52191,-177.50
6520,220,R,-52262,-177.52
6530,220,R,-52345,-207.44
6540,220,R,-52418,-182.54
6550,220,R,-52486,-170.00
6560,220,R,-52552,-164.98
6570,220,R,-52625,-182.50
6580,220,R,-52696,-177.54
6590,220,R,-52764,-170.00
6600,220,R,-52833,-172.47
6610,220,R,-52904,-177.50
6620,220,R,-52976,-179.96
6630,220,R,-53048,-180.05
6640,220,R,-53122,-184.96
6650,220,R,-53196,-185.06
6660,220,R,-53270,-185.00
6670,220,R,-53343,-182.39
6680,220,R,-53415,-180.05
6690,220,R,-53487,-180.00
6700,220,R,-53558,-177.55
6710,220,R,-53630,-179.93
6720,220,R,-53702,-180.07
6730,220,R,-53774,-179.96
6740,220,R,-53846,-180.02
6750,220,R,-53918,-179.96
6760,220,R,-53989,-177.50
6770,220,R,-54060,-177.48
6780,220,R,-54132,-180.05
6790,220,R,-54204,-179.96
6800,220,R,-54276,-179.98
6810,220,R,-54349,-182.54
6820,220,R,-54424,-187.48
6830,220,R,-54497,-182.50
6840,220,R,-54568,-177.52
6850,220,R,-54640,-180.04
6860,220,R,-54713,-182.50
6870,220,R,-54793,-200.00
6880,220,R,-54865,-179.95
6890,220,R,-54930,-162.50
6900,220,R,-55002,-180.04
6910,220,R,-55073,-177.43
6920,220,R,-55141,-170.07
6930,220,R,-55210,-172.52
6940,220,R,-55280,-174.98
6950,220,R,-55351,-177.48
6960,220,R,-55424,-182.50
6970,220,R,-55497,-182.46
6980,220,R,-55571,-185.04
6990,220,R,-55645,-185.04
7000,220,R,-55718,-182.50
7010,220,R,-55790,-179.93
7020,220,R,-55862,-180.02
7030,220,R,-55934,-180.02
7040,220,R,-56007,-182.43
7050,220,R,-56078,-177.59
7060,220,R,-56149,-177.50
7070,220,R,-56221,-179.98
7080,220,R,-56294,-182.48
7090,220,R,-56365,-177.52
7100,220,R,-56436,-177.50
7110,220,R,-56508,-180.04
7120,220,R,-56580,-180.00
7130,220,R,-56653,-182.50
7140,220,R,-56726,-182.46
7150,220,R,-56800,-184.98
7160,220,R,-56874,-185.06
7170,220,R,-56946,-179.96
7180,220,R,-57018,-180.02
7190,220,R,-57091,-182.48
7200,220,R,-57172,-202.52
7210,220,R,-57244,-179.95
7220,220,R,-57309,-162.57
7230,220,R,-57380,-177.50
7240,220,R,-57451,-177.46
7250,220,R,-57520,-172.48
7260,220,R,-57589,-172.50
7270,220,R,-57658,-172.50
7280,220,R,-57730,-180.02
7290,220,R,-57802,-180.02
7300,220,R,-57875,-182.48
7310,220,R,-57949,-185.00
7320,220,R,-58023,-184.96
7330,220,R,-58097,-185.06
7340,220,R,-58170,-182.52
7350,220,R,-58242,-179.95
7360,220,R,-58315,-182.43
7370,220,R,-58387,-180.09
7380,220,R,-58459,-180.02
7390,220,R,-58531,-180.00
7400,220,R,-58603,-180.02
7410,220,R,-58676,-182.35
7420,220,R,-58748,-180.13
7430,220,R,-58819,-177.48
7440,220,R,-58891,-179.98
7450,220,R,-58962,-177.50
7460,220,R,-59035,-182.52
7470,220,R,-59108,-182.52
7480,220,R,-59182,-184.98
7490,220,R,-59255,-182.52
7500,220,R,-59328,-182.52
7510,220,R,-59399,-177.50
7520,220,R,-59471,-179.98
7530,220,R,-59549,-194.94
7540,220,R,-59626,-192.52
7550,220,R,-59693,-167.55
7560,220,R,-59761,-169.98
7570,220,R,-59833,-179.98
7580,220,R,-59903,-175.02
7590,220,R,-59971,-170.00
7600,220,R,-60040,-172.50
7610,220,R,-60111,-177.52
7620,220,R,-60183,-180.00
7630,220,R,-60256,-182.43
7640,220,R,-60329,-182.55
7650,220,R,-60403,-184.98
7660,220,R,-60476,-182.54
7670,220,R,-60549,-182.45
7680,220,R,-60621,-180.05
7690,220,R,-60693,-179.96
7700,220,R,-60765,-180.02
7710,220,R,-60837,-180.02
7720,220,R,-60908,-177.45
7730,220,R,-60980,-180.05
7740,220,R,-61052,-180.00
7750,220,R,-61124,-179.95
7760,220,R,-61195,-177.50
7770,220,R,-61266,-177.52
7780,220,R,-61337,-177.50
7790,220,R,-61409,-179.96
7800,220,R,-61481,-180.05
7810,220,R,-61554,-182.48
7820,220,R,-61628,-185.00
7830,220,R,-61701,-182.48
7840,220,R,-61772,-177.54
7850,220,R,-61845,-182.50
7860,220,R,-61920,-187.35
7870,220,R,-61998,-195.12
7880,220,R,-62068,-175.00
7890,220,R,-62136,-170.03
7900,220,R,-62204,-170.00
7910,220,R,-62275,-177.46
7920,220,R,-62343,-170.00
7930,220,R,-62412,-172.55
7940,220,R,-62482,-174.95
7950,220,R,-62553,-177.50
7960,220,R,-62626,-182.55
7970,220,R,-62699,-182.45
7980,220,R,-62772,-182.50
7990,220,R,-62846,-185.06
=== END ===
# === SEQUENCE COMPLETE ===
