# step_response_v1 ready
# Total trials: 30
# Send 'GO' to start the full sequence
# Send 'STOP' between trials to halt
# === SEQUENCE START ===
# Trial 1 of 30: step_up_fwd_160_run01
=== START step_up_fwd_160_run01 ===
t_ms,pwm_cmd,dir,enc_count,rpm
0,0,N,0,0.00
10,0,N,0,0.00
20,0,N,0,0.00
30,0,N,0,0.00
40,0,N,0,0.00
50,0,N,0,0.00
60,0,N,0,0.00
70,0,N,0,0.00
80,0,N,0,0.00
90,0,N,0,0.00
100,0,N,0,0.00
110,0,N,0,0.00
120,0,N,0,0.00
130,0,N,0,0.00
140,0,N,0,0.00
150,0,N,0,0.00
160,0,N,0,0.00
170,0,N,0,0.00
180,0,N,0,0.00
190,0,N,0,0.00
200,0,N,0,0.00
210,0,N,0,0.00
220,0,N,0,0.00
230,0,N,0,0.00
240,0,N,0,0.00
250,0,N,0,0.00
260,0,N,0,0.00
270,0,N,0,0.00
280,0,N,0,0.00
290,0,N,0,0.00
300,0,N,0,0.00
310,0,N,0,0.00
320,0,N,0,0.00
330,0,N,0,0.00
340,0,N,0,0.00
350,0,N,0,0.00
360,0,N,0,0.00
370,0,N,0,0.00
380,0,N,0,0.00
390,0,N,0,0.00
400,0,N,0,0.00
410,0,N,0,0.00
420,0,N,0,0.00
430,0,N,0,0.00
440,0,N,0,0.00
450,0,N,0,0.00
460,0,N,0,0.00
470,0,N,0,0.00
480,0,N,0,0.00
490,0,N,0,0.00
500,160,F,0,0.00
510,160,F,0,0.00
520,160,F,0,0.00
530,160,F,0,0.00
540,160,F,4,10.00
550,160,F,9,12.50
560,160,F,16,17.50
570,160,F,23,17.50
580,160,F,31,20.00
590,160,F,40,22.50
600,160,F,49,22.50
610,160,F,59,25.01
620,160,F,69,25.00
630,160,F,78,22.50
640,160,F,89,27.50
650,160,F,100,27.51
660,160,F,111,27.51
670,160,F,123,30.00
680,160,F,136,32.50
690,160,F,148,30.00
700,160,F,161,32.49
710,160,F,174,32.50
720,160,F,188,35.01
730,160,F,201,32.49
740,160,F,215,35.00
750,160,F,229,35.00
760,160,F,244,37.50
770,160,F,258,35.00
780,160,F,273,37.50
790,160,F,287,35.00
800,160,F,303,40.01
810,160,F,318,37.48
820,160,F,333,37.51
830,160,F,349,40.00
840,160,F,364,37.51
850,160,F,379,37.50
860,160,F,395,40.00
870,160,F,410,37.49
880,160,F,426,40.00
890,160,F,442,40.00
900,160,F,458,40.00
910,160,F,474,40.00
920,160,F,489,37.51
930,160,F,504,37.49
940,160,F,521,42.51
950,160,F,537,40.00
960,160,F,552,37.50
970,160,F,568,40.00
980,160,F,583,37.49
990,160,F,599,40.01
1000,160,F,615,40.00
1010,160,F,631,40.00
1020,160,F,647,40.00
1030,160,F,663,40.00
1040,160,F,678,37.50
1050,160,F,694,40.00
1060,160,F,710,39.99
1070,160,F,727,42.51
1080,160,F,743,40.00
1090,160,F,758,37.50
1100,160,F,774,40.00
1110,160,F,790,40.00
1120,160,F,806,40.00
1130,160,F,822,40.00
1140,160,F,839,42.50
1150,160,F,855,40.00
1160,160,F,871,39.99
1170,160,F,888,42.51
1180,160,F,905,42.49
1190,160,F,921,40.01
1200,160,F,938,42.50
1210,160,F,955,42.50
1220,160,F,973,45.00
1230,160,F,990,42.49
1240,160,F,1007,42.50
1250,160,F,1026,47.50
1260,160,F,1044,44.98
1270,160,F,1063,47.51
1280,160,F,1081,45.00
1290,160,F,1099,45.00
1300,160,F,1117,45.00
1310,160,F,1137,50.01
1320,160,F,1156,47.49
1330,160,F,1175,47.51
1340,160,F,1194,47.50
1350,160,F,1214,49.96
1360,160,F,1233,47.53
1370,160,F,1254,52.52
1380,160,F,1273,47.49
1390,160,F,1293,50.02
1400,160,F,1314,52.49
1410,160,F,1334,50.01
1420,160,F,1354,49.99
1430,160,F,1374,49.99
1440,160,F,1394,50.01
1450,160,F,1414,49.99
1460,160,F,1435,52.52
1470,160,F,1455,49.99
1480,160,F,1475,50.00
1490,160,F,1495,50.01
1500,160,F,1515,50.01
1510,160,F,1534,47.50
1520,160,F,1555,52.51
1530,160,F,1574,47.50
1540,160,F,1594,49.99
1550,160,F,1614,50.01
1560,160,F,1634,49.99
1570,160,F,1654,49.99
1580,160,F,1673,47.51
1590,160,F,1692,47.49
1600,160,F,1711,47.51
1610,160,F,1731,49.99
1620,160,F,1750,47.50
1630,160,F,1769,47.50
1640,160,F,1788,47.51
1650,160,F,1807,47.49
1660,160,F,1825,45.01
1670,160,F,1845,50.01
1680,160,F,1864,47.49
1690,160,F,1883,47.50
1700,160,F,1902,47.50
1710,160,F,1921,47.50
1720,160,F,1940,47.51
1730,160,F,1959,47.49
1740,160,F,1978,47.50
1750,160,F,1997,47.50
1760,160,F,2016,47.47
1770,160,F,2035,47.54
1780,160,F,2054,47.49
1790,160,F,2073,47.51
1800,160,F,2091,45.00
1810,160,F,2110,47.50
1820,160,F,2129,47.50
1830,160,F,2148,47.51
1840,160,F,2167,47.50
1850,160,F,2185,45.00
1860,160,F,2204,47.49
1870,160,F,2223,47.52
1880,160,F,2242,47.48
1890,160,F,2261,47.50
1900,160,F,2280,47.51
1910,160,F,2299,47.50
1920,160,F,2318,47.50
1930,160,F,2338,49.99
1940,160,F,2357,47.50
1950,160,F,2376,47.51
1960,160,F,2396,49.99
1970,160,F,2415,47.50
1980,160,F,2435,49.99
1990,160,F,2456,52.50
2000,160,F,2475,47.50
2010,160,F,2496,52.49
2020,160,F,2516,50.02
2030,160,F,2537,52.51
2040,160,F,2558,52.49
2050,160,F,2579,52.46
2060,160,F,2598,47.54
2070,160,F,2619,52.50
2080,160,F,2640,52.48
2090,160,F,2660,50.02
2100,160,F,2681,52.49
2110,160,F,2701,50.01
2120,160,F,2721,50.00
2130,160,F,2742,52.51
2140,160,F,2763,52.49
2150,160,F,2783,50.01
2160,160,F,2803,50.00
2170,160,F,2824,52.49
2180,160,F,2844,49.99
2190,160,F,2864,50.00
2200,160,F,2884,50.01
2210,160,F,2903,47.51
2220,160,F,2924,52.48
2230,160,F,2944,50.01
2240,160,F,2962,44.99
2250,160,F,2982,50.01
2260,160,F,3002,50.00
2270,160,F,3021,47.50
2280,160,F,3041,50.00
2290,160,F,3060,47.50
2300,160,F,3079,47.49
2310,160,F,3098,47.50
2320,160,F,3118,50.00
2330,160,F,3137,47.51
2340,160,F,3156,47.49
2350,160,F,3176,50.02
2360,160,F,3194,44.99
2370,160,F,3213,47.50
2380,160,F,3232,47.50
2390,160,F,3251,47.50
2400,160,F,3270,47.50
2410,160,F,3288,45.01
2420,160,F,3307,47.49
2430,160,F,3326,47.50
2440,160,F,3345,47.51
2450,160,F,3364,47.48
2460,160,F,3383,47.51
2470,160,F,3402,47.50
2480,160,F,3422,50.01
2490,160,F,3441,47.50
2500,160,F,3461,50.00
2510,160,F,3481,50.00
2520,160,F,3500,47.49
2530,160,F,3520,49.99
2540,160,F,3541,52.52
2550,160,F,3560,47.50
2560,160,F,3581,52.51
2570,160,F,3601,50.00
2580,160,F,3621,49.99
2590,160,F,3642,52.51
2600,160,F,3663,52.51
2610,160,F,3684,52.47
2620,160,F,3704,50.02
2630,160,F,3726,55.00
2640,160,F,3746,50.00
2650,160,F,3768,54.97
2660,160,F,3788,50.04
2670,160,F,3809,52.50
2680,160,F,3830,52.48
2690,160,F,3851,52.52
2700,160,F,3871,49.99
2710,160,F,3892,52.51
2720,160,F,3912,49.99
2730,160,F,3932,50.02
2740,160,F,3953,52.49
2750,160,F,3973,50.01
2760,160,F,3994,52.49
2770,160,F,4014,50.01
2780,160,F,4034,50.01
2790,160,F,4055,52.48
2800,160,F,4075,49.99
2810,160,F,4094,47.52
2820,160,F,4114,50.00
2830,160,F,4134,49.99
2840,160,F,4153,47.50
2850,160,F,4172,47.50
2860,160,F,4191,47.50
2870,160,F,4211,49.99
2880,160,F,4230,47.50
2890,160,F,4250,50.01
2900,160,F,4270,50.00
2910,160,F,4289,47.50
2920,160,F,4308,47.49
2930,160,F,4328,50.01
2940,160,F,4348,50.00
2950,160,F,4367,47.49
2960,160,F,4387,50.01
2970,160,F,4405,44.99
2980,160,F,4425,50.01
2990,160,F,4445,50.01
3000,160,F,4464,47.50
3010,160,F,4483,47.50
3020,160,F,4502,47.50
3030,160,F,4521,47.50
3040,160,F,4540,47.50
3050,160,F,4559,47.49
3060,160,F,4578,47.50
3070,160,F,4596,45.00
3080,160,F,4615,47.50
3090,160,F,4635,49.99
3100,160,F,4654,47.50
3110,160,F,4673,47.50
3120,160,F,4692,47.50
3130,160,F,4711,47.50
3140,160,F,4731,50.00
3150,160,F,4751,49.99
3160,160,F,4770,47.51
3170,160,F,4789,47.50
3180,160,F,4809,50.01
3190,160,F,4829,49.99
3200,160,F,4849,50.02
3210,160,F,4869,49.98
3220,160,F,4889,50.01
3230,160,F,4910,52.49
3240,160,F,4931,52.51
3250,160,F,4951,50.00
3260,160,F,4972,52.51
3270,160,F,4992,49.99
3280,160,F,5013,52.49
3290,160,F,5034,52.51
3300,160,F,5054,50.00
3310,160,F,5074,50.00
3320,160,F,5095,52.49
3330,160,F,5115,50.01
3340,160,F,5136,52.52
3350,160,F,5156,50.00
3360,160,F,5176,49.99
3370,160,F,5197,52.51
3380,160,F,5218,52.49
3390,160,F,5238,50.01
3400,160,F,5258,50.00
3410,160,F,5278,49.99
3420,160,F,5298,50.01
3430,160,F,5318,49.99
3440,160,F,5338,50.01
3450,160,F,5357,47.51
3460,160,F,5377,49.99
3470,160,F,5397,50.01
3480,160,F,5416,47.49
3490,160,F,5437,52.51
3500,160,F,5456,47.51
3510,160,F,5476,49.99
3520,160,F,5495,47.50
3530,160,F,5515,50.01
3540,160,F,5535,49.99
3550,160,F,5554,47.50
3560,160,F,5574,50.01
3570,160,F,5593,47.49
3580,160,F,5612,47.50
3590,160,F,5632,50.01
3600,160,F,5651,47.51
3610,160,F,5670,47.50
3620,160,F,5689,47.50
3630,160,F,5708,47.50
3640,160,F,5727,47.50
3650,160,F,5746,47.50
3660,160,F,5765,47.50
3670,160,F,5784,47.51
3680,160,F,5804,49.99
3690,160,F,5824,50.01
3700,160,F,5843,47.49
3710,160,F,5863,50.02
3720,160,F,5883,49.99
3730,160,F,5902,47.50
3740,160,F,5923,52.49
3750,160,F,5943,50.01
3760,160,F,5963,49.99
3770,160,F,5983,50.02
3780,160,F,6003,50.00
3790,160,F,6024,52.51
3800,160,F,6045,52.49
3810,160,F,6066,52.51
3820,160,F,6086,50.00
3830,160,F,6107,52.51
3840,160,F,6128,52.50
3850,160,F,6148,49.99
3860,160,F,6169,52.51
3870,160,F,6190,52.50
3880,160,F,6210,50.01
3890,160,F,6231,52.49
3900,160,F,6252,52.51
3910,160,F,6272,50.01
3920,160,F,6292,49.99
3930,160,F,6313,52.50
3940,160,F,6333,50.00
3950,160,F,6353,50.02
3960,160,F,6374,52.49
3970,160,F,6393,47.50
3980,160,F,6414,52.49
3990,160,F,6434,50.00
4000,160,F,6454,50.01
4010,160,F,6473,47.50
4020,160,F,6493,49.99
4030,160,F,6512,47.50
4040,160,F,6531,47.50
4050,160,F,6551,50.00
4060,160,F,6570,47.50
4070,160,F,6589,47.50
4080,160,F,6608,47.50
4090,160,F,6627,47.50
4100,160,F,6646,47.50
4110,160,F,6666,50.00
4120,160,F,6685,47.50
4130,160,F,6704,47.51
4140,160,F,6724,50.00
4150,160,F,6743,47.49
4160,160,F,6762,47.50
4170,160,F,6782,49.99
4180,160,F,6801,47.50
4190,160,F,6819,45.01
4200,160,F,6839,49.99
4210,160,F,6858,47.50
4220,160,F,6877,47.51
4230,160,F,6896,47.50
4240,160,F,6915,47.49
4250,160,F,6933,45.01
4260,160,F,6952,47.50
4270,160,F,6971,47.50
4280,160,F,6989,45.01
4290,160,F,7008,47.50
4300,160,F,7028,50.00
4310,160,F,7046,45.00
4320,160,F,7065,47.49
4330,160,F,7084,47.50
4340,160,F,7103,47.51
4350,160,F,7122,47.50
4360,160,F,7142,49.99
4370,160,F,7161,47.51
4380,160,F,7180,47.50
4390,160,F,7199,47.50
4400,160,F,7218,47.49
4410,160,F,7238,50.01
4420,160,F,7258,50.01
4430,160,F,7278,50.00
4440,160,F,7298,50.00
4450,160,F,7319,52.51
4460,160,F,7339,49.99
4470,160,F,7360,52.48
4480,160,F,7380,50.03
4490,160,F,7400,50.01
4500,160,F,7420,49.99
4510,160,F,7441,52.51
4520,160,F,7461,49.99
4530,160,F,7481,50.02
4540,160,F,7501,49.99
4550,160,F,7521,50.00
4560,160,F,7542,52.50
4570,160,F,7562,50.00
4580,160,F,7582,49.99
4590,160,F,7602,49.99
4600,160,F,7622,49.99
4610,160,F,7642,50.02
4620,160,F,7663,52.49
4630,160,F,7682,47.50
4640,160,F,7701,47.50
4650,160,F,7722,52.51
4660,160,F,7742,49.99
4670,160,F,7760,45.00
4680,160,F,7780,50.00
4690,160,F,7800,50.00
4700,160,F,7819,47.50
4710,160,F,7839,49.99
4720,160,F,7858,47.51
4730,160,F,7877,47.49
4740,160,F,7897,49.99
4750,160,F,7917,50.00
4760,160,F,7936,47.50
4770,160,F,7955,47.50
4780,160,F,7974,47.51
4790,160,F,7993,47.49
4800,160,F,8012,47.50
4810,160,F,8032,49.97
4820,160,F,8051,47.53
4830,160,F,8069,45.00
4840,160,F,8088,47.50
4850,160,F,8107,47.50
4860,160,F,8125,45.00
4870,160,F,8144,47.51
4880,160,F,8163,47.50
4890,160,F,8182,47.48
4900,160,F,8201,47.51
4910,160,F,8220,47.51
4920,160,F,8240,49.99
4930,160,F,8259,47.49
4940,160,F,8279,50.01
4950,160,F,8297,45.00
4960,160,F,8317,50.00
4970,160,F,8337,49.99
4980,160,F,8357,50.01
4990,160,F,8376,47.49
5000,160,F,8396,50.02
5010,160,F,8416,50.01
5020,160,F,8436,49.98
5030,160,F,8457,52.52
5040,160,F,8477,49.99
5050,160,F,8497,50.00
5060,160,F,8518,52.51
5070,160,F,8538,50.01
5080,160,F,8559,52.49
5090,160,F,8579,50.01
5100,160,F,8599,49.99
5110,160,F,8619,50.00
5120,160,F,8640,52.49
5130,160,F,8660,50.02
5140,160,F,8680,49.99
5150,160,F,8700,50.00
5160,160,F,8720,50.01
5170,160,F,8740,49.99
5180,160,F,8760,49.99
5190,160,F,8780,50.02
5200,160,F,8800,50.00
5210,160,F,8820,49.99
5220,160,F,8839,47.49
5230,160,F,8859,50.02
5240,160,F,8878,47.49
5250,160,F,8897,47.50
5260,160,F,8916,47.51
5270,160,F,8936,49.99
5280,160,F,8955,47.51
5290,160,F,8974,47.50
5300,160,F,8992,45.00
5310,160,F,9011,47.50
5320,160,F,9030,47.50
5330,160,F,9049,47.49
5340,160,F,9069,50.00
5350,160,F,9087,45.01
5360,160,F,9106,47.50
5370,160,F,9126,50.01
5380,160,F,9145,47.49
5390,160,F,9164,47.50
5400,160,F,9183,47.51
5410,160,F,9202,47.49
5420,160,F,9221,47.50
5430,160,F,9240,47.51
5440,160,F,9259,47.50
5450,160,F,9277,45.00
5460,160,F,9296,47.50
5470,160,F,9315,47.50
5480,160,F,9334,47.50
5490,160,F,9352,44.99
=== END ===
# Trial 2 of 30: step_up_fwd_160_run02
=== START step_up_fwd_160_run02 ===
t_ms,pwm_cmd,dir,enc_count,rpm
0,0,N,0,0.00
10,0,N,0,0.00
20,0,N,0,0.00
30,0,N,0,0.00
40,0,N,0,0.00
50,0,N,0,0.00
60,0,N,0,0.00
70,0,N,0,0.00
80,0,N,0,0.00
90,0,N,0,0.00
100,0,N,0,0.00
110,0,N,0,0.00
120,0,N,0,0.00
130,0,N,0,0.00
140,0,N,0,0.00
150,0,N,0,0.00
160,0,N,0,0.00
170,0,N,0,0.00
180,0,N,0,0.00
190,0,N,0,0.00
200,0,N,0,0.00
210,0,N,0,0.00
220,0,N,0,0.00
230,0,N,0,0.00
240,0,N,0,0.00
250,0,N,0,0.00
260,0,N,0,0.00
270,0,N,0,0.00
280,0,N,0,0.00
290,0,N,0,0.00
300,0,N,0,0.00
310,0,N,0,0.00
320,0,N,0,0.00
330,0,N,0,0.00
340,0,N,0,0.00
350,0,N,0,0.00
360,0,N,0,0.00
370,0,N,0,0.00
380,0,N,0,0.00
390,0,N,0,0.00
400,0,N,0,0.00
410,0,N,0,0.00
420,0,N,0,0.00
430,0,N,0,0.00
440,0,N,0,0.00
450,0,N,0,0.00
460,0,N,0,0.00
470,0,N,0,0.00
480,0,N,0,0.00
490,0,N,0,0.00
500,160,F,0,0.00
510,160,F,1,2.50
520,160,F,3,5.00
530,160,F,7,10.00
540,160,F,12,12.50
550,160,F,18,15.00
560,160,F,25,17.50
570,160,F,32,17.50
580,160,F,41,22.50
590,160,F,50,22.50
600,160,F,60,24.99
610,160,F,71,27.51
620,160,F,82,27.50
630,160,F,92,24.99
640,160,F,104,30.01
650,160,F,116,30.00
660,160,F,129,32.50
670,160,F,142,32.50
680,160,F,155,32.50
690,160,F,170,37.50
700,160,F,184,35.00
710,160,F,198,34.99
720,160,F,213,37.50
730,160,F,229,40.01
740,160,F,245,40.00
750,160,F,261,39.98
760,160,F,278,42.51
770,160,F,294,40.00
780,160,F,311,42.49
790,160,F,327,40.02
800,160,F,345,45.00
810,160,F,363,45.00
820,160,F,380,42.48
830,160,F,398,45.01
840,160,F,415,42.50
850,160,F,433,45.00
860,160,F,451,45.00
870,160,F,470,47.50
880,160,F,488,44.99
890,160,F,506,45.00
900,160,F,525,47.51
910,160,F,544,47.50
920,160,F,562,45.00
930,160,F,581,47.48
940,160,F,600,47.51
950,160,F,618,45.00
960,160,F,637,47.51
970,160,F,657,50.00
980,160,F,675,44.99
990,160,F,694,47.51
1000,160,F,713,47.48
1010,160,F,731,45.01
1020,160,F,750,47.50
1030,160,F,770,49.99
1040,160,F,789,47.51
1050,160,F,808,47.50
1060,160,F,828,49.99
1070,160,F,847,47.51
1080,160,F,867,50.01
1090,160,F,886,47.50
1100,160,F,906,49.99
1110,160,F,925,47.50
1120,160,F,944,47.51
1130,160,F,964,49.99
1140,160,F,983,47.50
1150,160,F,1003,50.01
1160,160,F,1022,47.50
1170,160,F,1041,47.49
1180,160,F,1061,50.01
1190,160,F,1081,49.99
1200,160,F,1100,47.51
1210,160,F,1120,50.00
1220,160,F,1140,50.01
1230,160,F,1161,52.48
1240,160,F,1181,50.01
1250,160,F,1202,52.49
1260,160,F,1222,50.01
1270,160,F,1243,52.49
1280,160,F,1264,52.50
1290,160,F,1284,50.01
1300,160,F,1305,52.51
1310,160,F,1326,52.48
1320,160,F,1347,52.50
1330,160,F,1369,55.01
1340,160,F,1391,54.99
1350,160,F,1412,52.51
1360,160,F,1434,55.00
1370,160,F,1456,55.01
1380,160,F,1477,52.49
1390,160,F,1499,55.00
1400,160,F,1520,52.52
1410,160,F,1542,55.00
1420,160,F,1565,57.49
1430,160,F,1586,52.49
1440,160,F,1607,52.50
1450,160,F,1629,55.00
1460,160,F,1650,52.49
1470,160,F,1672,55.00
1480,160,F,1694,54.98
1490,160,F,1715,52.52
1500,160,F,1736,52.52
1510,160,F,1757,52.50
1520,160,F,1779,55.00
1530,160,F,1800,52.48
1540,160,F,1820,50.01
1550,160,F,1841,52.50
1560,160,F,1862,52.51
1570,160,F,1883,52.48
1580,160,F,1903,50.01
1590,160,F,1923,50.01
1600,160,F,1944,52.49
1610,160,F,1964,50.00
1620,160,F,1985,52.48
1630,160,F,2006,52.51
1640,160,F,2026,50.01
1650,160,F,2047,52.48
1660,160,F,2068,52.50
1670,160,F,2089,52.49
1680,160,F,2110,52.50
1690,160,F,2130,50.02
1700,160,F,2150,50.01
1710,160,F,2171,52.48
1720,160,F,2192,52.51
1730,160,F,2212,49.99
1740,160,F,2232,50.02
1750,160,F,2252,49.99
1760,160,F,2272,50.02
1770,160,F,2292,50.00
1780,160,F,2312,49.99
1790,160,F,2332,50.02
1800,160,F,2353,52.48
1810,160,F,2373,50.01
1820,160,F,2393,50.01
1830,160,F,2413,50.01
1840,160,F,2433,49.99
1850,160,F,2454,52.49
1860,160,F,2475,52.51
1870,160,F,2495,49.99
1880,160,F,2516,52.51
1890,160,F,2536,49.99
1900,160,F,2557,52.51
1910,160,F,2579,54.99
1920,160,F,2600,52.51
1930,160,F,2621,52.49
1940,160,F,2644,57.52
1950,160,F,2666,55.00
1960,160,F,2688,55.00
1970,160,F,2710,54.99
1980,160,F,2731,52.51
1990,160,F,2753,54.98
2000,160,F,2775,54.99
2010,160,F,2797,55.01
2020,160,F,2819,54.99
2030,160,F,2840,52.51
2040,160,F,2862,55.01
2050,160,F,2884,54.99
2060,160,F,2906,55.01
2070,160,F,2928,55.01
2080,160,F,2950,54.98
2090,160,F,2972,55.00
2100,160,F,2993,52.51
2110,160,F,3015,55.01
2120,160,F,3036,52.50
2130,160,F,3058,54.99
2140,160,F,3079,52.51
2150,160,F,3100,52.49
2160,160,F,3122,55.01
2170,160,F,3143,52.51
2180,160,F,3165,54.99
2190,160,F,3187,54.99
2200,160,F,3207,50.00
2210,160,F,3229,55.01
2220,160,F,3251,55.01
2230,160,F,3272,52.50
2240,160,F,3294,54.99
2250,160,F,3315,52.49
2260,160,F,3336,52.51
2270,160,F,3357,52.49
2280,160,F,3378,52.50
2290,160,F,3399,52.52
2300,160,F,3419,49.99
2310,160,F,3440,52.51
2320,160,F,3461,52.49
2330,160,F,3482,52.51
2340,160,F,3503,52.49
2350,160,F,3524,52.50
2360,160,F,3546,55.02
2370,160,F,3567,52.50
2380,160,F,3589,55.00
2390,160,F,3610,52.50
2400,160,F,3631,52.48
2410,160,F,3653,55.01
2420,160,F,3675,55.01
2430,160,F,3696,52.49
2440,160,F,3718,54.99
2450,160,F,3739,52.52
2460,160,F,3762,57.51
2470,160,F,3784,54.98
2480,160,F,3806,55.00
2490,160,F,3829,57.52
2500,160,F,3851,55.00
2510,160,F,3874,57.49
2520,160,F,3896,54.99
2530,160,F,3918,55.02
2540,160,F,3940,54.99
2550,160,F,3963,57.50
2560,160,F,3985,54.99
2570,160,F,4007,55.01
2580,160,F,4029,54.98
2590,160,F,4051,55.00
2600,160,F,4073,55.01
2610,160,F,4095,55.01
2620,160,F,4116,52.48
2630,160,F,4138,55.02
2640,160,F,4160,55.00
2650,160,F,4181,52.50
2660,160,F,4203,55.01
2670,160,F,4224,52.48
2680,160,F,4245,52.51
2690,160,F,4266,52.49
2700,160,F,4287,52.50
2710,160,F,4307,50.02
2720,160,F,4328,52.49
2730,160,F,4349,52.51
2740,160,F,4370,52.48
2750,160,F,4391,52.52
2760,160,F,4411,49.99
2770,160,F,4432,52.51
2780,160,F,4454,54.99
2790,160,F,4475,52.50
2800,160,F,4496,52.50
2810,160,F,4517,52.50
2820,160,F,4537,50.01
2830,160,F,4558,52.49
2840,160,F,4579,52.50
2850,160,F,4599,49.99
2860,160,F,4619,50.01
2870,160,F,4640,52.49
2880,160,F,4660,50.01
2890,160,F,4680,50.00
2900,160,F,4701,52.51
2910,160,F,4720,47.50
2920,160,F,4741,52.51
2930,160,F,4761,49.99
2940,160,F,4782,52.50
2950,160,F,4802,50.01
2960,160,F,4822,50.00
2970,160,F,4842,50.00
2980,160,F,4863,52.50
2990,160,F,4884,52.50
3000,160,F,4904,49.99
3010,160,F,4925,52.51
3020,160,F,4946,52.48
3030,160,F,4967,52.52
3040,160,F,4989,55.00
3050,160,F,5010,52.49
3060,160,F,5032,55.01
3070,160,F,5054,54.99
3080,160,F,5076,55.00
3090,160,F,5098,54.99
3100,160,F,5119,52.50
3110,160,F,5142,57.51
3120,160,F,5164,54.99
3130,160,F,5185,52.52
3140,160,F,5207,54.99
3150,160,F,5229,54.99
3160,160,F,5251,55.00
3170,160,F,5273,55.00
3180,160,F,5294,52.51
3190,160,F,5316,55.00
3200,160,F,5339,57.51
3210,160,F,5360,52.49
3220,160,F,5382,55.01
3230,160,F,5404,54.98
3240,160,F,5425,52.51
3250,160,F,5447,54.99
3260,160,F,5469,54.99
3270,160,F,5489,50.02
3280,160,F,5511,54.98
3290,160,F,5532,52.52
3300,160,F,5554,55.00
3310,160,F,5575,52.48
3320,160,F,5597,54.99
3330,160,F,5618,52.52
3340,160,F,5640,54.99
3350,160,F,5661,52.49
3360,160,F,5683,55.01
3370,160,F,5704,52.49
3380,160,F,5725,52.52
3390,160,F,5746,52.49
3400,160,F,5767,52.49
3410,160,F,5788,52.51
3420,160,F,5808,49.99
3430,160,F,5829,52.51
3440,160,F,5849,49.99
3450,160,F,5870,52.51
3460,160,F,5891,52.50
3470,160,F,5911,49.99
3480,160,F,5933,55.02
3490,160,F,5954,52.48
3500,160,F,5975,52.50
3510,160,F,5996,52.50
3520,160,F,6017,52.51
3530,160,F,6038,52.49
3540,160,F,6061,57.51
3550,160,F,6081,49.99
3560,160,F,6103,55.02
3570,160,F,6125,54.97
3580,160,F,6146,52.52
3590,160,F,6168,55.01
3600,160,F,6190,54.99
3610,160,F,6212,55.01
3620,160,F,6234,54.98
3630,160,F,6256,55.01
3640,160,F,6279,57.51
3650,160,F,6301,55.00
3660,160,F,6322,52.50
3670,160,F,6344,55.00
3680,160,F,6367,57.49
3690,160,F,6388,52.51
3700,160,F,6410,54.99
3710,160,F,6432,55.00
3720,160,F,6453,52.48
3730,160,F,6475,55.02
3740,160,F,6496,52.48
3750,160,F,6518,55.01
3760,160,F,6539,52.50
3770,160,F,6561,55.00
3780,160,F,6582,52.51
3790,160,F,6603,52.50
3800,160,F,6623,49.99
3810,160,F,6644,52.51
3820,160,F,6665,52.49
3830,160,F,6685,50.01
3840,160,F,6706,52.51
3850,160,F,6726,49.99
3860,160,F,6746,50.01
3870,160,F,6767,52.49
3880,160,F,6788,52.51
3890,160,F,6808,49.99
3900,160,F,6829,52.52
3910,160,F,6850,52.49
3920,160,F,6870,50.00
3930,160,F,6891,52.51
3940,160,F,6911,49.99
3950,160,F,6931,50.01
3960,160,F,6952,52.49
3970,160,F,6973,52.50
3980,160,F,6993,50.01
3990,160,F,7012,47.50
4000,160,F,7033,52.51
4010,160,F,7052,47.50
4020,160,F,7072,49.99
4030,160,F,7092,50.01
4040,160,F,7112,50.01
4050,160,F,7132,49.99
4060,160,F,7152,50.00
4070,160,F,7172,50.01
4080,160,F,7192,49.99
4090,160,F,7212,50.01
4100,160,F,7231,47.48
4110,160,F,7252,52.51
4120,160,F,7273,52.50
4130,160,F,7292,47.51
4140,160,F,7313,52.50
4150,160,F,7333,49.98
4160,160,F,7354,52.50
4170,160,F,7375,52.51
4180,160,F,7396,52.49
4190,160,F,7417,52.51
4200,160,F,7439,55.00
4210,160,F,7461,55.01
4220,160,F,7483,54.99
4230,160,F,7505,54.99
4240,160,F,7526,52.51
4250,160,F,7548,54.99
4260,160,F,7570,55.00
4270,160,F,7591,52.52
4280,160,F,7612,52.49
4290,160,F,7634,54.99
4300,160,F,7656,55.01
4310,160,F,7678,55.00
4320,160,F,7699,52.49
4330,160,F,7721,55.01
4340,160,F,7743,54.99
4350,160,F,7764,52.49
4360,160,F,7786,55.01
4370,160,F,7808,55.01
4380,160,F,7829,52.49
4390,160,F,7851,54.99
4400,160,F,7872,52.49
4410,160,F,7893,52.51
4420,160,F,7915,54.99
4430,160,F,7936,52.51
4440,160,F,7957,52.49
4450,160,F,7979,55.01
4460,160,F,8000,52.51
4470,160,F,8021,52.49
4480,160,F,8044,57.50
4490,160,F,8065,52.50
4500,160,F,8087,54.99
4510,160,F,8108,52.51
4520,160,F,8128,50.00
4530,160,F,8150,54.99
4540,160,F,8171,52.51
4550,160,F,8192,52.49
4560,160,F,8213,52.50
4570,160,F,8234,52.51
4580,160,F,8255,52.51
4590,160,F,8276,52.48
4600,160,F,8297,52.51
4610,160,F,8318,52.49
4620,160,F,8339,52.51
4630,160,F,8361,54.98
4640,160,F,8383,55.01
4650,160,F,8404,52.50
4660,160,F,8425,52.51
4670,160,F,8447,54.98
4680,160,F,8469,55.00
4690,160,F,8490,52.51
4700,160,F,8512,55.00
4710,160,F,8534,55.00
4720,160,F,8556,54.99
4730,160,F,8579,57.51
4740,160,F,8601,54.98
4750,160,F,8623,55.01
4760,160,F,8646,57.50
4770,160,F,8668,55.01
4780,160,F,8691,57.50
4790,160,F,8713,55.01
4800,160,F,8735,54.99
4810,160,F,8758,57.49
4820,160,F,8780,54.99
4830,160,F,8802,55.02
4840,160,F,8824,54.99
4850,160,F,8846,54.99
4860,160,F,8868,55.01
4870,160,F,8890,55.00
4880,160,F,8912,55.01
4890,160,F,8934,55.00
4900,160,F,8956,54.98
4910,160,F,8977,52.49
4920,160,F,8999,55.01
4930,160,F,9020,52.51
4940,160,F,9041,52.48
4950,160,F,9062,52.52
4960,160,F,9083,52.49
4970,160,F,9103,50.01
4980,160,F,9124,52.49
4990,160,F,9145,52.51
5000,160,F,9166,52.49
5010,160,F,9188,54.99
5020,160,F,9208,49.99
5030,160,F,9229,52.51
5040,160,F,9251,55.01
5050,160,F,9271,49.99
5060,160,F,9293,54.99
5070,160,F,9314,52.52
5080,160,F,9334,49.99
5090,160,F,9355,52.49
5100,160,F,9376,52.50
5110,160,F,9396,50.00
5120,160,F,9416,50.00
5130,160,F,9437,52.51
5140,160,F,9457,49.99
5150,160,F,9478,52.51
5160,160,F,9498,49.99
5170,160,F,9518,50.01
5180,160,F,9538,49.99
5190,160,F,9559,52.51
5200,160,F,9579,50.00
5210,160,F,9599,50.01
5220,160,F,9620,52.51
5230,160,F,9640,49.99
5240,160,F,9661,52.48
5250,160,F,9682,52.51
5260,160,F,9702,50.01
5270,160,F,9723,52.50
5280,160,F,9744,52.49
5290,160,F,9766,55.00
5300,160,F,9787,52.52
5310,160,F,9808,52.48
5320,160,F,9830,55.01
5330,160,F,9853,57.49
5340,160,F,9875,55.01
5350,160,F,9897,54.99
5360,160,F,9919,55.01
5370,160,F,9941,55.01
5380,160,F,9964,57.49
5390,160,F,9985,52.49
5400,160,F,10007,54.99
5410,160,F,10029,55.01
5420,160,F,10051,55.01
5430,160,F,10073,54.99
5440,160,F,10095,55.02
5450,160,F,10117,54.99
5460,160,F,10140,57.49
5470,160,F,10162,54.99
5480,160,F,10184,55.01
5490,160,F,10206,55.00
=== END ===
# Trial 3 of 30: step_up_fwd_160_run03
=== START step_up_fwd_160_run03 ===
t_ms,pwm_cmd,dir,enc_count,rpm
0,0,N,0,0.00
10,0,N,0,0.00
20,0,N,0,0.00
30,0,N,0,0.00
40,0,N,0,0.00
50,0,N,0,0.00
60,0,N,0,0.00
70,0,N,0,0.00
80,0,N,0,0.00
90,0,N,0,0.00
100,0,N,0,0.00
110,0,N,0,0.00
120,0,N,0,0.00
130,0,N,0,0.00
140,0,N,0,0.00
150,0,N,0,0.00
160,0,N,0,0.00
170,0,N,0,0.00
180,0,N,0,0.00
190,0,N,0,0.00
200,0,N,0,0.00
210,0,N,0,0.00
220,0,N,0,0.00
230,0,N,0,0.00
240,0,N,0,0.00
250,0,N,0,0.00
260,0,N,0,0.00
270,0,N,0,0.00
280,0,N,0,0.00
290,0,N,0,0.00
300,0,N,0,0.00
310,0,N,0,0.00
320,0,N,0,0.00
330,0,N,0,0.00
340,0,N,0,0.00
350,0,N,0,0.00
360,0,N,0,0.00
370,0,N,0,0.00
380,0,N,0,0.00
390,0,N,0,0.00
400,0,N,0,0.00
410,0,N,0,0.00
420,0,N,0,0.00
430,0,N,0,0.00
440,0,N,0,0.00
450,0,N,0,0.00
460,0,N,0,0.00
470,0,N,0,0.00
480,0,N,0,0.00
490,0,N,0,0.00
500,160,F,0,0.00
510,160,F,1,2.50
520,160,F,4,7.50
530,160,F,8,10.00
540,160,F,13,12.50
550,160,F,20,17.50
560,160,F,28,20.00
570,160,F,36,20.00
580,160,F,45,22.50
590,160,F,54,22.50
600,160,F,65,27.49
610,160,F,76,27.51
620,160,F,88,30.00
630,160,F,100,30.01
640,160,F,112,29.99
650,160,F,125,32.50
660,160,F,138,32.50
670,160,F,151,32.51
680,160,F,164,32.50
690,160,F,178,34.99
700,160,F,193,37.51
710,160,F,207,35.00
720,160,F,222,37.49
730,160,F,236,35.01
740,160,F,251,37.50
750,160,F,266,37.49
760,160,F,282,40.01
770,160,F,297,37.49
780,160,F,314,42.50
790,160,F,330,40.00
800,160,F,346,40.00
810,160,F,363,42.50
820,160,F,380,42.49
830,160,F,398,45.00
840,160,F,416,45.00
850,160,F,434,45.02
860,160,F,452,44.99
870,160,F,469,42.50
880,160,F,488,47.50
890,160,F,507,47.50
900,160,F,526,47.50
910,160,F,544,45.00
920,160,F,564,49.99
930,160,F,583,47.50
940,160,F,603,50.00
950,160,F,623,49.99
960,160,F,643,50.01
970,160,F,663,49.98
980,160,F,683,50.02
990,160,F,704,52.49
1000,160,F,724,50.01
1010,160,F,745,52.49
1020,160,F,765,50.00
1030,160,F,785,49.99
1040,160,F,806,52.51
1050,160,F,827,52.51
1060,160,F,847,50.00
1070,160,F,868,52.49
1080,160,F,888,49.99
1090,160,F,908,50.02
1100,160,F,929,52.50
1110,160,F,949,49.99
1120,160,F,970,52.51
1130,160,F,990,50.01
1140,160,F,1011,52.50
1150,160,F,1031,49.98
1160,160,F,1051,50.02
1170,160,F,1071,49.99
1180,160,F,1091,49.99
1190,160,F,1111,50.01
1200,160,F,1131,49.99
1210,160,F,1150,47.49
1220,160,F,1170,50.02
1230,160,F,1190,49.98
1240,160,F,1209,47.52
1250,160,F,1230,52.49
1260,160,F,1250,49.99
1270,160,F,1269,47.49
1280,160,F,1290,52.51
1290,160,F,1310,50.01
1300,160,F,1330,50.00
1310,160,F,1350,50.00
1320,160,F,1370,49.99
1330,160,F,1390,50.01
1340,160,F,1410,49.99
1350,160,F,1430,50.02
1360,160,F,1449,47.50
1370,160,F,1469,50.00
1380,160,F,1489,49.99
1390,160,F,1509,50.01
1400,160,F,1529,50.00
1410,160,F,1548,47.49
1420,160,F,1567,47.50
1430,160,F,1587,50.02
1440,160,F,1607,49.99
1450,160,F,1627,50.00
1460,160,F,1647,50.00
1470,160,F,1667,50.00
1480,160,F,1687,49.99
1490,160,F,1707,49.99
1500,160,F,1727,50.02
1510,160,F,1747,50.00
1520,160,F,1768,52.50
1530,160,F,1788,49.99
1540,160,F,1810,55.01
1550,160,F,1831,52.50
1560,160,F,1852,52.51
1570,160,F,1873,52.49
1580,160,F,1895,55.01
1590,160,F,1917,54.98
1600,160,F,1939,55.02
1610,160,F,1960,52.48
1620,160,F,1982,55.00
1630,160,F,2004,55.01
1640,160,F,2026,55.01
1650,160,F,2047,52.50
1660,160,F,2069,55.00
1670,160,F,2090,52.49
1680,160,F,2113,57.49
1690,160,F,2134,52.52
1700,160,F,2156,54.98
1710,160,F,2178,55.02
1720,160,F,2200,55.00
1730,160,F,2222,54.99
1740,160,F,2244,54.99
1750,160,F,2265,52.51
1760,160,F,2287,55.00
1770,160,F,2309,54.99
1780,160,F,2330,52.52
1790,160,F,2351,52.50
1800,160,F,2373,55.00
1810,160,F,2394,52.49
1820,160,F,2416,55.00
1830,160,F,2438,54.99
1840,160,F,2459,52.50
1850,160,F,2481,55.00
1860,160,F,2503,55.00
1870,160,F,2524,52.50
1880,160,F,2546,55.01
1890,160,F,2567,52.49
1900,160,F,2589,54.99
1910,160,F,2610,52.51
1920,160,F,2631,52.50
1930,160,F,2652,52.51
1940,160,F,2673,52.48
1950,160,F,2694,52.51
1960,160,F,2715,52.50
1970,160,F,2737,55.01
1980,160,F,2757,50.00
1990,160,F,2779,55.01
2000,160,F,2801,54.99
2010,160,F,2823,54.99
2020,160,F,2844,52.50
2030,160,F,2865,52.49
2040,160,F,2888,57.49
2050,160,F,2910,55.02
2060,160,F,2931,52.50
2070,160,F,2953,54.99
2080,160,F,2975,54.99
2090,160,F,2997,55.02
2100,160,F,3020,57.50
2110,160,F,3043,57.48
2120,160,F,3065,55.00
2130,160,F,3088,57.51
2140,160,F,3110,55.00
2150,160,F,3133,57.51
2160,160,F,3156,57.49
2170,160,F,3178,55.01
2180,160,F,3201,57.51
2190,160,F,3223,54.99
2200,160,F,3246,57.51
2210,160,F,3268,54.98
2220,160,F,3290,55.00
2230,160,F,3312,55.01
2240,160,F,3335,57.51
2250,160,F,3356,52.49
2260,160,F,3378,55.01
2270,160,F,3401,57.51
2280,160,F,3422,52.49
2290,160,F,3444,55.00
2300,160,F,3465,52.49
2310,160,F,3487,54.99
2320,160,F,3508,52.51
2330,160,F,3529,52.49
2340,160,F,3550,52.51
2350,160,F,3571,52.50
2360,160,F,3592,52.51
2370,160,F,3613,52.48
2380,160,F,3635,55.00
2390,160,F,3656,52.52
2400,160,F,3677,52.49
2410,160,F,3699,55.00
2420,160,F,3720,52.51
2430,160,F,3741,52.48
2440,160,F,3762,52.50
2450,160,F,3783,52.51
2460,160,F,3804,52.49
2470,160,F,3825,52.52
2480,160,F,3846,52.50
2490,160,F,3866,49.99
2500,160,F,3887,52.51
2510,160,F,3908,52.51
2520,160,F,3928,49.99
2530,160,F,3949,52.50
2540,160,F,3969,50.01
2550,160,F,3989,50.00
2560,160,F,4010,52.48
2570,160,F,4031,52.51
2580,160,F,4051,50.01
2590,160,F,4072,52.48
2600,160,F,4092,49.99
2610,160,F,4114,55.02
2620,160,F,4134,50.01
2630,160,F,4155,52.49
2640,160,F,4177,55.01
2650,160,F,4198,52.49
2660,160,F,4220,54.99
2670,160,F,4242,54.96
2680,160,F,4263,52.53
2690,160,F,4286,57.50
2700,160,F,4308,55.02
2710,160,F,4330,54.99
2720,160,F,4353,57.49
2730,160,F,4375,55.01
2740,160,F,4397,55.01
2750,160,F,4420,57.49
2760,160,F,4442,55.00
2770,160,F,4464,55.01
2780,160,F,4486,54.99
2790,160,F,4509,57.50
2800,160,F,4531,54.99
2810,160,F,4553,55.01
2820,160,F,4576,57.48
2830,160,F,4599,57.51
2840,160,F,4621,54.99
2850,160,F,4644,57.49
2860,160,F,4665,52.52
2870,160,F,4688,57.49
2880,160,F,4711,57.50
2890,160,F,4732,52.50
2900,160,F,4754,55.00
2910,160,F,4776,55.02
2920,160,F,4798,54.99
2930,160,F,4821,57.51
2940,160,F,4843,55.00
2950,160,F,4865,54.98
2960,160,F,4888,57.52
2970,160,F,4910,54.99
2980,160,F,4932,55.01
2990,160,F,4954,54.99
3000,160,F,4975,52.50
3010,160,F,4998,57.50
3020,160,F,5020,55.00
3030,160,F,5041,52.51
3040,160,F,5063,54.99
3050,160,F,5084,52.51
3060,160,F,5106,54.99
3070,160,F,5128,54.99
3080,160,F,5149,52.51
3090,160,F,5171,54.99
3100,160,F,5193,55.00
3110,160,F,5215,55.00
3120,160,F,5238,57.49
3130,160,F,5259,52.52
3140,160,F,5281,54.98
3150,160,F,5304,57.51
3160,160,F,5326,55.01
3170,160,F,5348,54.98
3180,160,F,5371,57.52
3190,160,F,5393,54.99
3200,160,F,5416,57.49
3210,160,F,5439,57.52
3220,160,F,5461,54.99
3230,160,F,5485,60.00
3240,160,F,5507,55.00
3250,160,F,5530,57.49
3260,160,F,5553,57.51
3270,160,F,5575,55.01
3280,160,F,5599,59.98
3290,160,F,5621,55.00
3300,160,F,5644,57.50
3310,160,F,5666,55.01
3320,160,F,5688,55.01
3330,160,F,5711,57.51
3340,160,F,5733,54.99
3350,160,F,5755,55.01
3360,160,F,5777,55.00
3370,160,F,5800,57.51
3380,160,F,5822,54.99
3390,160,F,5844,55.00
3400,160,F,5865,52.51
3410,160,F,5886,52.50
3420,160,F,5908,55.00
3430,160,F,5929,52.50
3440,160,F,5950,52.50
3450,160,F,5972,54.99
3460,160,F,5993,52.50
3470,160,F,6014,52.51
3480,160,F,6036,55.00
3490,160,F,6057,52.48
3500,160,F,6078,52.50
3510,160,F,6100,55.01
3520,160,F,6121,52.51
3530,160,F,6142,52.50
3540,160,F,6164,54.98
3550,160,F,6184,50.02
3560,160,F,6205,52.50
3570,160,F,6227,55.00
3580,160,F,6247,50.00
3590,160,F,6268,52.49
3600,160,F,6289,52.49
3610,160,F,6309,50.01
3620,160,F,6330,52.50
3630,160,F,6350,49.99
3640,160,F,6370,50.01
3650,160,F,6391,52.50
3660,160,F,6412,52.49
3670,160,F,6433,52.48
3680,160,F,6453,50.03
3690,160,F,6473,50.01
3700,160,F,6494,52.49
3710,160,F,6515,52.49
3720,160,F,6536,52.50
3730,160,F,6557,52.50
3740,160,F,6579,55.01
3750,160,F,6600,52.49
3760,160,F,6622,55.00
3770,160,F,6644,55.01
3780,160,F,6665,52.49
3790,160,F,6688,57.49
3800,160,F,6710,55.01
3810,160,F,6733,57.50
3820,160,F,6755,54.99
3830,160,F,6777,55.00
3840,160,F,6800,57.49
3850,160,F,6822,54.99
3860,160,F,6844,55.01
3870,160,F,6867,57.51
3880,160,F,6889,54.98
3890,160,F,6911,55.02
3900,160,F,6934,57.50
3910,160,F,6956,54.98
3920,160,F,6979,57.52
3930,160,F,7001,54.99
3940,160,F,7024,57.49
3950,160,F,7046,55.01
3960,160,F,7068,54.99
3970,160,F,7091,57.50
3980,160,F,7113,55.01
3990,160,F,7135,54.99
4000,160,F,7157,55.01
4010,160,F,7179,54.99
4020,160,F,7201,55.00
4030,160,F,7224,57.51
4040,160,F,7245,52.51
4050,160,F,7267,54.98
4060,160,F,7290,57.52
4070,160,F,7312,54.99
4080,160,F,7335,57.51
4090,160,F,7357,54.98
4100,160,F,7378,52.52
4110,160,F,7401,57.50
4120,160,F,7422,52.49
4130,160,F,7444,54.99
4140,160,F,7465,52.51
4150,160,F,7487,54.99
4160,160,F,7509,55.01
4170,160,F,7531,54.97
4180,160,F,7552,52.53
4190,160,F,7574,54.99
4200,160,F,7596,55.01
4210,160,F,7618,54.99
4220,160,F,7641,57.52
4230,160,F,7662,52.50
4240,160,F,7684,54.99
4250,160,F,7707,57.51
4260,160,F,7729,55.01
4270,160,F,7751,54.98
4280,160,F,7774,57.52
4290,160,F,7796,54.98
4300,160,F,7819,57.50
4310,160,F,7842,57.52
4320,160,F,7865,57.48
4330,160,F,7888,57.50
4340,160,F,7911,57.51
4350,160,F,7934,57.51
4360,160,F,7957,57.50
4370,160,F,7979,54.99
4380,160,F,8002,57.51
4390,160,F,8025,57.49
4400,160,F,8047,55.01
4410,160,F,8070,57.49
4420,160,F,8092,54.99
4430,160,F,8115,57.50
4440,160,F,8137,55.01
4450,160,F,8159,55.01
4460,160,F,8182,57.49
4470,160,F,8204,55.00
4480,160,F,8226,55.01
4490,160,F,8248,55.01
4500,160,F,8269,52.50
4510,160,F,8291,54.99
4520,160,F,8313,54.99
4530,160,F,8334,52.51
4540,160,F,8355,52.50
4550,160,F,8376,52.49
4560,160,F,8397,52.52
4570,160,F,8419,54.99
4580,160,F,8440,52.51
4590,160,F,8461,52.50
4600,160,F,8483,55.00
4610,160,F,8504,52.49
4620,160,F,8526,54.99
4630,160,F,8547,52.52
4640,160,F,8568,52.49
4650,160,F,8589,52.50
4660,160,F,8610,52.50
4670,160,F,8631,52.49
4680,160,F,8652,52.52
4690,160,F,8672,49.99
4700,160,F,8693,52.49
4710,160,F,8714,52.52
4720,160,F,8734,50.00
4730,160,F,8755,52.49
4740,160,F,8775,50.00
4750,160,F,8796,52.49
4760,160,F,8816,50.02
4770,160,F,8837,52.49
4780,160,F,8858,52.50
4790,160,F,8878,50.01
4800,160,F,8899,52.49
4810,160,F,8920,52.51
4820,160,F,8941,52.50
4830,160,F,8962,52.49
4840,160,F,8983,52.50
4850,160,F,9005,55.00
4860,160,F,9027,54.98
4870,160,F,9048,52.51
4880,160,F,9070,55.01
4890,160,F,9093,57.50
4900,160,F,9115,54.98
4910,160,F,9137,54.99
4920,160,F,9160,57.51
4930,160,F,9182,55.01
4940,160,F,9205,57.49
4950,160,F,9227,55.01
4960,160,F,9249,55.00
4970,160,F,9271,55.01
4980,160,F,9294,57.50
4990,160,F,9316,55.01
5000,160,F,9338,54.98
5010,160,F,9361,57.50
5020,160,F,9384,57.51
5030,160,F,9406,54.99
5040,160,F,9429,57.50
5050,160,F,9451,55.01
5060,160,F,9473,55.00
5070,160,F,9496,57.49
5080,160,F,9518,55.01
5090,160,F,9540,54.98
5100,160,F,9562,55.01
5110,160,F,9584,54.99
5120,160,F,9607,57.52
5130,160,F,9629,54.99
5140,160,F,9651,55.00
5150,160,F,9673,55.00
5160,160,F,9696,57.50
5170,160,F,9718,55.00
5180,160,F,9741,57.51
5190,160,F,9762,52.49
5200,160,F,9784,54.99
5210,160,F,9807,57.50
5220,160,F,9829,55.01
5230,160,F,9850,52.51
5240,160,F,9872,54.99
5250,160,F,9893,52.49
5260,160,F,9915,55.02
5270,160,F,9937,54.98
5280,160,F,9958,52.51
5290,160,F,9981,57.52
5300,160,F,10003,54.99
5310,160,F,10026,57.48
5320,160,F,10048,55.01
5330,160,F,10070,55.02
5340,160,F,10092,54.99
5350,160,F,10115,57.49
5360,160,F,10137,55.02
5370,160,F,10160,57.50
5380,160,F,10182,55.00
5390,160,F,10205,57.49
5400,160,F,10229,60.00
5410,160,F,10252,57.49
5420,160,F,10275,57.52
5430,160,F,10298,57.48
5440,160,F,10321,57.51
5450,160,F,10345,60.00
5460,160,F,10367,54.99
5470,160,F,10391,60.01
5480,160,F,10414,57.49
5490,160,F,10437,57.52
5500,160,F,10460,57.49
=== END ===
# Trial 4 of 30: step_up_fwd_200_run01
=== START step_up_fwd_200_run01 ===
t_ms,pwm_cmd,dir,enc_count,rpm
0,0,N,0,0.00
10,0,N,0,0.00
20,0,N,0,0.00
30,0,N,0,0.00
40,0,N,0,0.00
50,0,N,0,0.00
60,0,N,0,0.00
70,0,N,0,0.00
80,0,N,0,0.00
90,0,N,0,0.00
100,0,N,0,0.00
110,0,N,0,0.00
120,0,N,0,0.00
130,0,N,0,0.00
140,0,N,0,0.00
150,0,N,0,0.00
160,0,N,0,0.00
170,0,N,0,0.00
180,0,N,0,0.00
190,0,N,0,0.00
200,0,N,0,0.00
210,0,N,0,0.00
220,0,N,0,0.00
230,0,N,0,0.00
240,0,N,0,0.00
250,0,N,0,0.00
260,0,N,0,0.00
270,0,N,0,0.00
280,0,N,0,0.00
290,0,N,0,0.00
300,0,N,0,0.00
310,0,N,0,0.00
320,0,N,0,0.00
330,0,N,0,0.00
340,0,N,0,0.00
350,0,N,0,0.00
360,0,N,0,0.00
370,0,N,0,0.00
380,0,N,0,0.00
390,0,N,0,0.00
400,0,N,0,0.00
410,0,N,0,0.00
420,0,N,0,0.00
430,0,N,0,0.00
440,0,N,0,0.00
450,0,N,0,0.00
460,0,N,0,0.00
470,0,N,0,0.00
480,0,N,0,0.00
490,0,N,0,0.00
500,200,F,0,0.00
510,200,F,2,5.00
520,200,F,9,17.50
530,200,F,19,25.00
540,200,F,34,37.49
550,200,F,52,45.00
560,200,F,73,52.51
570,200,F,97,59.99
580,200,F,124,67.53
590,200,F,153,72.47
600,200,F,183,75.01
610,200,F,216,82.50
620,200,F,251,87.50
630,200,F,288,92.51
640,200,F,326,94.99
650,200,F,365,97.50
660,200,F,404,97.49
670,200,F,444,100.02
680,200,F,484,99.98
690,200,F,525,102.50
700,200,F,565,100.03
710,200,F,607,104.97
720,200,F,649,105.02
730,200,F,690,102.48
740,200,F,733,107.51
750,200,F,776,107.50
760,200,F,820,110.00
770,200,F,865,112.49
780,200,F,911,115.00
790,200,F,956,112.50
800,200,F,1002,115.02
810,200,F,1047,112.49
820,200,F,1093,114.98
830,200,F,1139,115.01
840,200,F,1186,117.51
850,200,F,1234,119.96
860,200,F,1280,115.02
870,200,F,1327,117.50
880,200,F,1375,120.01
890,200,F,1423,120.02
900,200,F,1471,119.96
910,200,F,1521,125.01
920,200,F,1569,120.01
930,200,F,1618,122.49
940,200,F,1666,120.01
950,200,F,1713,117.51
960,200,F,1761,119.96
970,200,F,1809,120.01
980,200,F,1857,120.01
990,200,F,1905,119.96
1000,200,F,1952,117.52
1010,200,F,2001,122.52
1020,200,F,2049,120.00
1030,200,F,2099,124.98
1040,200,F,2148,122.49
1050,200,F,2196,120.01
1060,200,F,2245,122.50
1070,200,F,2294,122.49
1080,200,F,2343,122.50
1090,200,F,2392,122.51
1100,200,F,2441,122.48
1110,200,F,2489,120.05
1120,200,F,2537,120.00
1130,200,F,2585,119.95
1140,200,F,2635,125.01
1150,200,F,2684,122.52
1160,200,F,2734,124.98
1170,200,F,2782,120.01
1180,200,F,2832,125.01
1190,200,F,2880,119.99
1200,200,F,2928,120.02
1210,200,F,2974,114.97
1220,200,F,3021,117.50
1230,200,F,3068,117.52
1240,200,F,3115,117.46
1250,200,F,3161,115.05
1260,200,F,3208,117.50
1270,200,F,3256,119.99
1280,200,F,3305,122.48
1290,200,F,3354,122.51
1300,200,F,3402,119.99
1310,200,F,3449,117.50
1320,200,F,3497,120.02
1330,200,F,3545,120.01
1340,200,F,3594,122.48
1350,200,F,3642,119.99
1360,200,F,3691,122.51
1370,200,F,3739,120.01
1380,200,F,3788,122.49
1390,200,F,3838,125.03
1400,200,F,3888,125.00
1410,200,F,3938,124.98
1420,200,F,3987,122.51
1430,200,F,4036,122.48
1440,200,F,4084,120.01
1450,200,F,4133,122.50
1460,200,F,4181,120.02
1470,200,F,4231,124.89
1480,200,F,4278,117.56
1490,200,F,4327,122.54
1500,200,F,4376,122.49
1510,200,F,4425,122.50
1520,200,F,4473,120.02
1530,200,F,4523,124.98
1540,200,F,4572,122.52
1550,200,F,4622,125.00
1560,200,F,4671,122.46
1570,200,F,4720,122.49
1580,200,F,4770,125.01
1590,200,F,4819,122.54
1600,200,F,4868,122.45
1610,200,F,4917,122.51
1620,200,F,4965,120.02
1630,200,F,5014,122.49
1640,200,F,5063,122.50
1650,200,F,5113,125.00
1660,200,F,5163,124.99
1670,200,F,5213,125.01
1680,200,F,5261,120.02
1690,200,F,5309,119.99
1700,200,F,5356,117.50
1710,200,F,5404,120.01
1720,200,F,5451,117.45
1730,200,F,5497,115.02
1740,200,F,5544,117.51
1750,200,F,5591,117.49
1760,200,F,5640,122.51
1770,200,F,5688,120.00
1780,200,F,5737,122.48
1790,200,F,5785,120.00
1800,200,F,5833,120.04
1810,200,F,5881,119.88
1820,200,F,5929,120.12
1830,200,F,5977,120.00
1840,200,F,6027,124.98
1850,200,F,6075,120.02
1860,200,F,6124,122.46
1870,200,F,6173,122.52
1880,200,F,6222,122.48
1890,200,F,6272,125.01
1900,200,F,6322,125.03
1910,200,F,6371,122.50
1920,200,F,6422,127.49
1930,200,F,6470,120.00
1940,200,F,6519,122.50
1950,200,F,6567,120.01
1960,200,F,6616,122.49
1970,200,F,6664,119.99
1980,200,F,6713,122.51
1990,200,F,6761,119.99
2000,200,F,6810,122.49
2010,200,F,6859,122.52
2020,200,F,6909,124.98
2030,200,F,6959,125.03
2040,200,F,7009,124.98
2050,200,F,7057,120.01
2060,200,F,7106,122.50
2070,200,F,7156,125.01
2080,200,F,7205,122.48
2090,200,F,7254,122.51
2100,200,F,7303,122.52
2110,200,F,7351,120.00
2120,200,F,7400,122.50
2130,200,F,7450,125.00
2140,200,F,7500,124.96
2150,200,F,7550,125.00
2160,200,F,7599,122.50
2170,200,F,7648,122.54
2180,200,F,7696,120.00
2190,200,F,7744,120.00
2200,200,F,7791,117.46
2210,200,F,7838,117.54
2220,200,F,7884,114.97
2230,200,F,7931,117.50
2240,200,F,7978,117.52
2250,200,F,8026,119.98
2260,200,F,8074,120.04
2270,200,F,8123,122.48
2280,200,F,8171,120.02
2290,200,F,8220,122.48
2300,200,F,8268,120.02
2310,200,F,8316,119.96
2320,200,F,8364,120.01
2330,200,F,8412,120.00
2340,200,F,8461,122.48
2350,200,F,8511,125.03
2360,200,F,8559,120.02
2370,200,F,8608,122.49
2380,200,F,8658,124.93
2390,200,F,8708,125.08
2400,200,F,8758,124.98
2410,200,F,8808,125.00
2420,200,F,8856,120.04
2430,200,F,8905,122.43
2440,200,F,8953,120.06
2450,200,F,9002,122.50
2460,200,F,9051,122.51
2470,200,F,9100,122.49
2480,200,F,9148,119.99
2490,200,F,9196,120.02
2500,200,F,9246,124.99
2510,200,F,9296,124.99
2520,200,F,9345,122.52
2530,200,F,9395,124.99
2540,200,F,9444,122.46
2550,200,F,9493,122.51
2560,200,F,9543,125.01
2570,200,F,9592,122.49
2580,200,F,9642,125.04
2590,200,F,9690,120.00
2600,200,F,9739,122.50
2610,200,F,9787,119.99
2620,200,F,9837,124.99
2630,200,F,9887,125.01
2640,200,F,9937,124.99
2650,200,F,9986,122.49
2660,200,F,10036,125.01
2670,200,F,10085,122.51
2680,200,F,10133,119.99
2690,200,F,10179,114.99
2700,200,F,10227,120.01
2710,200,F,10273,114.99
2720,200,F,10321,120.02
2730,200,F,10367,115.01
2740,200,F,10415,119.96
2750,200,F,10463,120.04
2760,200,F,10512,122.46
2770,200,F,10561,122.48
2780,200,F,10609,120.05
2790,200,F,10657,119.98
2800,200,F,10705,120.02
2810,200,F,10753,119.99
2820,200,F,10802,122.51
2830,200,F,10851,122.48
2840,200,F,10900,122.51
2850,200,F,10948,120.00
2860,200,F,10997,122.50
2870,200,F,11047,124.99
2880,200,F,11098,127.50
2890,200,F,11148,125.04
2900,200,F,11197,122.48
2910,200,F,11247,125.03
2920,200,F,11295,119.96
2930,200,F,11344,122.52
2940,200,F,11393,122.44
2950,200,F,11441,120.06
2960,200,F,11490,122.51
2970,200,F,11538,119.96
2980,200,F,11587,122.51
2990,200,F,11637,124.99
3000,200,F,11686,122.49
3010,200,F,11736,125.01
3020,200,F,11785,122.54
3030,200,F,11835,124.98
3040,200,F,11884,122.52
3050,200,F,11934,124.96
3060,200,F,11983,122.51
3070,200,F,12032,122.50
3080,200,F,12081,122.51
3090,200,F,12130,122.50
3100,200,F,12179,122.49
3110,200,F,12228,122.49
3120,200,F,12278,125.01
3130,200,F,12328,125.03
3140,200,F,12377,122.46
3150,200,F,12428,127.53
3160,200,F,12476,119.98
3170,200,F,12524,120.00
3180,200,F,12571,117.50
3190,200,F,12618,117.50
3200,200,F,12665,117.50
3210,200,F,12712,117.51
3220,200,F,12759,117.52
3230,200,F,12806,117.48
3240,200,F,12854,120.00
3250,200,F,12903,122.52
3260,200,F,12952,122.50
3270,200,F,13000,119.98
3280,200,F,13048,120.02
3290,200,F,13096,120.00
3300,200,F,13145,122.48
3310,200,F,13194,122.48
3320,200,F,13243,122.51
3330,200,F,13291,120.01
3340,200,F,13340,122.50
3350,200,F,13389,122.50
3360,200,F,13439,125.03
3370,200,F,13489,124.99
3380,200,F,13540,127.45
3390,200,F,13589,122.52
3400,200,F,13639,124.95
3410,200,F,13687,120.07
3420,200,F,13736,122.48
3430,200,F,13784,120.01
3440,200,F,13834,125.00
3450,200,F,13882,120.02
3460,200,F,13931,122.48
3470,200,F,13979,120.01
3480,200,F,14029,124.99
3490,200,F,14078,122.52
3500,200,F,14128,124.98
3510,200,F,14177,122.49
3520,200,F,14227,125.03
3530,200,F,14277,124.99
3540,200,F,14326,122.50
3550,200,F,14375,122.48
3560,200,F,14425,125.03
3570,200,F,14473,120.00
3580,200,F,14523,125.00
3590,200,F,14571,120.00
3600,200,F,14620,122.50
3610,200,F,14670,124.99
3620,200,F,14721,127.51
3630,200,F,14771,125.00
3640,200,F,14820,122.50
3650,200,F,14869,122.52
3660,200,F,14917,119.98
3670,200,F,14964,117.50
3680,200,F,15012,119.99
3690,200,F,15059,117.54
3700,200,F,15106,117.49
3710,200,F,15152,114.98
3720,200,F,15200,120.04
3730,200,F,15248,119.98
3740,200,F,15297,122.50
3750,200,F,15346,122.48
3760,200,F,15394,120.02
3770,200,F,15443,122.52
3780,200,F,15491,119.99
3790,200,F,15539,120.00
3800,200,F,15588,122.50
3810,200,F,15637,122.49
3820,200,F,15686,122.52
3830,200,F,15735,122.50
3840,200,F,15784,122.46
3850,200,F,15834,125.04
3860,200,F,15884,124.99
3870,200,F,15934,124.98
3880,200,F,15984,125.03
3890,200,F,16034,124.98
3900,200,F,16082,120.01
3910,200,F,16131,122.48
3920,200,F,16180,122.52
3930,200,F,16229,122.49
3940,200,F,16277,120.00
3950,200,F,16327,125.00
3960,200,F,16375,120.00
3970,200,F,16425,125.04
3980,200,F,16474,122.50
3990,200,F,16524,124.96
4000,200,F,16573,122.51
4010,200,F,16624,127.51
4020,200,F,16673,122.51
4030,200,F,16723,124.98
4040,200,F,16772,122.52
4050,200,F,16822,124.98
4060,200,F,16871,122.51
4070,200,F,16920,122.49
4080,200,F,16969,122.50
4090,200,F,17018,122.49
4100,200,F,17068,124.99
4110,200,F,17118,125.04
4120,200,F,17168,125.01
4130,200,F,17218,125.00
4140,200,F,17267,122.48
4150,200,F,17315,120.00
4160,200,F,17362,117.49
4170,200,F,17410,120.02
4180,200,F,17457,117.50
4190,200,F,17504,117.49
4200,200,F,17551,117.49
4210,200,F,17598,117.50
4220,200,F,17647,122.50
4230,200,F,17696,122.54
4240,200,F,17744,120.00
4250,200,F,17793,122.40
4260,200,F,17841,120.08
4270,200,F,17889,120.00
4280,200,F,17937,120.01
4290,200,F,17986,122.48
4300,200,F,18035,122.52
4310,200,F,18084,122.48
4320,200,F,18133,122.49
4330,200,F,18182,122.54
4340,200,F,18233,127.50
4350,200,F,18282,122.46
4360,200,F,18333,127.53
4370,200,F,18382,122.50
4380,200,F,18432,125.00
4390,200,F,18481,122.46
4400,200,F,18530,122.55
4410,200,F,18578,119.98
4420,200,F,18628,124.99
4430,200,F,18676,120.01
4440,200,F,18725,122.52
4450,200,F,18774,122.45
4460,200,F,18823,122.55
4470,200,F,18872,122.45
4480,200,F,18922,125.03
4490,200,F,18972,125.01
4500,200,F,19022,124.98
4510,200,F,19071,122.49
4520,200,F,19121,124.94
4530,200,F,19170,122.57
4540,200,F,19220,125.04
4550,200,F,19268,119.98
4560,200,F,19318,125.03
4570,200,F,19366,119.96
4580,200,F,19415,122.49
4590,200,F,19465,125.01
4600,200,F,19515,125.04
4610,200,F,19566,127.50
4620,200,F,19615,122.46
4630,200,F,19664,122.50
4640,200,F,19712,120.04
4650,200,F,19759,117.46
4660,200,F,19807,120.04
4670,200,F,19854,117.45
4680,200,F,19900,115.03
4690,200,F,19947,117.51
4700,200,F,19995,119.99
4710,200,F,20043,120.00
4720,200,F,20092,122.48
4730,200,F,20140,120.00
4740,200,F,20188,120.04
4750,200,F,20236,119.99
4760,200,F,20284,120.00
4770,200,F,20333,122.48
4780,200,F,20382,122.51
4790,200,F,20431,122.50
4800,200,F,20479,119.99
4810,200,F,20528,122.52
4820,200,F,20577,122.49
4830,200,F,20627,124.99
4840,200,F,20677,124.99
4850,200,F,20728,127.53
4860,200,F,20777,122.52
4870,200,F,20827,124.96
4880,200,F,20876,122.54
4890,200,F,20925,122.49
4900,200,F,20973,119.98
4910,200,F,21023,125.03
4920,200,F,21071,120.00
4930,200,F,21121,125.00
4940,200,F,21169,120.00
4950,200,F,21219,124.99
4960,200,F,21268,122.49
4970,200,F,21318,125.03
4980,200,F,21367,122.50
4990,200,F,21418,127.51
5000,200,F,21467,122.50
5010,200,F,21516,122.49
5020,200,F,21566,124.99
5030,200,F,21616,124.95
5040,200,F,21665,122.55
5050,200,F,21714,122.51
5060,200,F,21762,119.99
5070,200,F,21812,124.94
5080,200,F,21861,122.57
5090,200,F,21912,127.46
5100,200,F,21962,125.01
5110,200,F,22012,125.00
5120,200,F,22061,122.52
5130,200,F,22109,120.01
5140,200,F,22157,119.98
5150,200,F,22204,117.48
5160,200,F,22251,117.55
5170,200,F,22298,117.50
5180,200,F,22345,117.46
5190,200,F,22393,120.00
5200,200,F,22441,120.00
5210,200,F,22490,122.51
5220,200,F,22539,122.50
5230,200,F,22587,120.01
5240,200,F,22635,120.00
5250,200,F,22683,119.98
5260,200,F,22732,122.50
5270,200,F,22780,120.04
5280,200,F,22830,124.96
5290,200,F,22878,120.01
5300,200,F,22927,122.50
5310,200,F,22977,124.99
5320,200,F,23027,125.03
5330,200,F,23077,124.98
5340,200,F,23127,125.03
5350,200,F,23177,124.99
5360,200,F,23227,125.00
5370,200,F,23276,122.52
5380,200,F,23325,122.49
5390,200,F,23373,120.01
5400,200,F,23422,122.50
5410,200,F,23471,122.50
5420,200,F,23521,125.00
5430,200,F,23569,119.99
5440,200,F,23618,122.48
5450,200,F,23668,125.00
5460,200,F,23718,125.03
5470,200,F,23767,122.51
5480,200,F,23818,127.50
5490,200,F,23867,122.48
=== END ===
# Trial 5 of 30: step_up_fwd_200_run02
=== START step_up_fwd_200_run02 ===
t_ms,pwm_cmd,dir,enc_count,rpm
0,0,N,0,0.00
10,0,N,0,0.00
20,0,N,0,0.00
30,0,N,0,0.00
40,0,N,0,0.00
50,0,N,0,0.00
60,0,N,0,0.00
70,0,N,0,0.00
80,0,N,0,0.00
90,0,N,0,0.00
100,0,N,0,0.00
110,0,N,0,0.00
120,0,N,0,0.00
130,0,N,0,0.00
140,0,N,0,0.00
150,0,N,0,0.00
160,0,N,0,0.00
170,0,N,0,0.00
180,0,N,0,0.00
190,0,N,0,0.00
200,0,N,0,0.00
210,0,N,0,0.00
220,0,N,0,0.00
230,0,N,0,0.00
240,0,N,0,0.00
250,0,N,0,0.00
260,0,N,0,0.00
270,0,N,0,0.00
280,0,N,0,0.00
290,0,N,0,0.00
300,0,N,0,0.00
310,0,N,0,0.00
320,0,N,0,0.00
330,0,N,0,0.00
340,0,N,0,0.00
350,0,N,0,0.00
360,0,N,0,0.00
370,0,N,0,0.00
380,0,N,0,0.00
390,0,N,0,0.00
400,0,N,0,0.00
410,0,N,0,0.00
420,0,N,0,0.00
430,0,N,0,0.00
440,0,N,0,0.00
450,0,N,0,0.00
460,0,N,0,0.00
470,0,N,0,0.00
480,0,N,0,0.00
490,0,N,0,0.00
500,200,F,0,0.00
510,200,F,2,5.00
520,200,F,9,17.50
530,200,F,21,29.99
540,200,F,36,37.51
550,200,F,54,44.99
560,200,F,76,55.02
570,200,F,100,60.00
580,200,F,127,67.48
590,200,F,157,74.98
600,200,F,187,75.05
610,200,F,220,82.48
620,200,F,254,85.02
630,200,F,290,89.97
640,200,F,328,95.03
650,200,F,367,97.47
660,200,F,408,102.52
670,200,F,449,102.50
680,200,F,491,105.00
690,200,F,533,105.00
700,200,F,576,107.49
710,200,F,620,109.99
720,200,F,664,110.02
730,200,F,709,112.50
740,200,F,755,115.01
750,200,F,801,114.99
760,200,F,847,115.01
770,200,F,894,117.49
780,200,F,942,119.99
790,200,F,990,120.01
800,200,F,1039,122.46
810,200,F,1087,120.04
820,200,F,1135,120.00
830,200,F,1183,119.98
840,200,F,1231,120.02
850,200,F,1279,119.98
860,200,F,1328,122.46
870,200,F,1375,117.54
880,200,F,1424,122.52
890,200,F,1472,119.96
900,200,F,1521,122.52
910,200,F,1570,122.51
920,200,F,1620,125.00
930,200,F,1669,122.46
940,200,F,1720,127.53
950,200,F,1769,122.49
960,200,F,1818,122.50
970,200,F,1868,125.00
980,200,F,1918,125.04
990,200,F,1967,122.46
1000,200,F,2016,122.52
1010,200,F,2065,122.49
1020,200,F,2114,122.49
1030,200,F,2164,125.01
1040,200,F,2215,127.49
1050,200,F,2266,127.50
1060,200,F,2316,125.03
1070,200,F,2365,122.43
1080,200,F,2413,120.05
1090,200,F,2461,119.99
1100,200,F,2509,120.02
1110,200,F,2556,117.50
1120,200,F,2604,119.99
1130,200,F,2651,117.50
1140,200,F,2699,120.01
1150,200,F,2747,120.00
1160,200,F,2797,125.00
1170,200,F,2846,122.51
1180,200,F,2895,122.51
1190,200,F,2943,119.96
1200,200,F,2992,122.51
1210,200,F,3041,122.50
1220,200,F,3091,124.95
1230,200,F,3140,122.56
1240,200,F,3189,122.49
1250,200,F,3239,125.00
1260,200,F,3289,124.93
1270,200,F,3339,125.06
1280,200,F,3390,127.51
1290,200,F,3441,127.49
1300,200,F,3491,125.03
1310,200,F,3541,124.98
1320,200,F,3590,122.51
1330,200,F,3640,124.99
1340,200,F,3689,122.52
1350,200,F,3739,125.00
1360,200,F,3788,122.50
1370,200,F,3837,122.48
1380,200,F,3886,122.52
1390,200,F,3937,127.42
1400,200,F,3987,125.06
1410,200,F,4037,124.99
1420,200,F,4087,125.00
1430,200,F,4137,125.04
1440,200,F,4187,124.96
1450,200,F,4237,125.03
1460,200,F,4288,127.47
1470,200,F,4338,124.99
1480,200,F,4387,122.52
1490,200,F,4436,122.51
1500,200,F,4486,124.93
1510,200,F,4536,125.04
1520,200,F,4587,127.54
1530,200,F,4638,127.46
1540,200,F,4687,122.55
1550,200,F,4738,127.49
1560,200,F,4787,122.50
1570,200,F,4835,120.00
1580,200,F,4883,120.01
1590,200,F,4931,119.99
1600,200,F,4978,117.51
1610,200,F,5026,119.96
1620,200,F,5074,120.02
1630,200,F,5122,120.00
1640,200,F,5171,122.48
1650,200,F,5221,125.00
1660,200,F,5269,120.00
1670,200,F,5319,125.04
1680,200,F,5367,119.99
1690,200,F,5416,122.49
1700,200,F,5465,122.50
1710,200,F,5515,125.00
1720,200,F,5564,122.51
1730,200,F,5614,124.96
1740,200,F,5664,125.05
1750,200,F,5714,124.99
1760,200,F,5764,124.99
1770,200,F,5816,130.00
1780,200,F,5866,125.03
1790,200,F,5917,127.47
1800,200,F,5967,125.00
1810,200,F,6016,122.51
1820,200,F,6065,122.51
1830,200,F,6115,124.98
1840,200,F,6164,122.50
1850,200,F,6215,127.49
1860,200,F,6263,120.01
1870,200,F,6313,124.99
1880,200,F,6363,125.00
1890,200,F,6414,127.50
1900,200,F,6464,125.01
1910,200,F,6515,127.53
1920,200,F,6565,125.00
1930,200,F,6615,125.00
1940,200,F,6666,127.46
1950,200,F,6716,125.00
1960,200,F,6766,125.03
1970,200,F,6816,125.01
1980,200,F,6865,122.48
1990,200,F,6915,125.01
2000,200,F,6966,127.50
2010,200,F,7017,127.51
2020,200,F,7068,127.50
2030,200,F,7118,125.00
2040,200,F,7168,125.00
2050,200,F,7217,122.45
2060,200,F,7265,120.02
2070,200,F,7313,120.01
2080,200,F,7361,119.99
2090,200,F,7409,120.02
2100,200,F,7456,117.46
2110,200,F,7505,122.50
2120,200,F,7553,120.00
2130,200,F,7603,124.99
2140,200,F,7653,125.05
2150,200,F,7702,122.48
2160,200,F,7751,122.52
2170,200,F,7800,122.50
2180,200,F,7849,122.49
2190,200,F,7899,124.98
2200,200,F,7948,122.51
2210,200,F,7999,127.45
2220,200,F,8048,122.56
2230,200,F,8098,124.99
2240,200,F,8148,124.98
2250,200,F,8200,130.04
2260,200,F,8251,127.50
2270,200,F,8302,127.47
2280,200,F,8351,122.51
2290,200,F,8401,125.01
2300,200,F,8450,122.48
2310,200,F,8500,125.03
2320,200,F,8550,125.01
2330,200,F,8600,125.00
2340,200,F,8649,122.46
2350,200,F,8698,122.51
2360,200,F,8749,127.53
2370,200,F,8800,127.49
2380,200,F,8851,127.50
2390,200,F,8901,125.01
2400,200,F,8951,124.99
2410,200,F,9001,124.98
2420,200,F,9051,125.03
2430,200,F,9102,127.49
2440,200,F,9152,125.03
2450,200,F,9202,124.99
2460,200,F,9251,122.50
2470,200,F,9301,125.00
2480,200,F,9351,125.01
2490,200,F,9403,129.97
2500,200,F,9454,127.49
2510,200,F,9504,124.99
2520,200,F,9554,125.03
2530,200,F,9603,122.48
2540,200,F,9651,120.04
2550,200,F,9700,122.49
2560,200,F,9748,120.02
2570,200,F,9795,117.48
2580,200,F,9843,119.99
2590,200,F,9891,119.99
2600,200,F,9940,122.50
2610,200,F,9989,122.55
2620,200,F,10039,125.00
2630,200,F,10088,122.50
2640,200,F,10137,122.50
2650,200,F,10186,122.48
2660,200,F,10235,122.48
2670,200,F,10285,125.04
2680,200,F,10335,125.01
2690,200,F,10384,122.50
2700,200,F,10434,124.98
2710,200,F,10484,124.99
2720,200,F,10535,127.51
2730,200,F,10586,127.53
2740,200,F,10637,127.46
2750,200,F,10688,127.51
2760,200,F,10738,124.99
2770,200,F,10787,122.54
2780,200,F,10837,124.98
2790,200,F,10887,125.01
2800,200,F,10937,125.00
2810,200,F,10986,122.51
2820,200,F,11036,124.99
2830,200,F,11085,122.49
2840,200,F,11136,127.53
2850,200,F,11187,127.47
2860,200,F,11237,124.98
2870,200,F,11287,125.00
2880,200,F,11338,127.55
2890,200,F,11388,124.96
2900,200,F,11439,127.54
2910,200,F,11489,124.96
2920,200,F,11540,127.51
2930,200,F,11589,122.50
2940,200,F,11639,124.98
2950,200,F,11688,122.55
2960,200,F,11740,129.97
2970,200,F,11790,125.03
2980,200,F,11842,129.99
2990,200,F,11892,124.96
3000,200,F,11942,125.01
3010,200,F,11991,122.52
3020,200,F,12040,122.50
3030,200,F,12088,120.01
3040,200,F,12136,119.98
3050,200,F,12184,120.00
3060,200,F,12231,117.49
3070,200,F,12279,120.01
3080,200,F,12329,125.00
3090,200,F,12378,122.51
3100,200,F,12428,125.01
3110,200,F,12477,122.48
3120,200,F,12526,122.50
3130,200,F,12575,122.49
3140,200,F,12624,122.49
3150,200,F,12674,125.04
3160,200,F,12724,124.98
3170,200,F,12773,122.51
3180,200,F,12823,125.03
3190,200,F,12873,125.00
3200,200,F,12924,127.50
3210,200,F,12975,127.50
3220,200,F,13026,127.46
3230,200,F,13077,127.50
3240,200,F,13128,127.53
3250,200,F,13177,122.50
3260,200,F,13227,124.96
3270,200,F,13276,122.55
3280,200,F,13327,127.47
3290,200,F,13376,122.52
3300,200,F,13426,124.96
3310,200,F,13476,125.03
3320,200,F,13526,125.00
3330,200,F,13577,127.46
3340,200,F,13628,127.55
3350,200,F,13678,124.99
3360,200,F,13729,127.47
3370,200,F,13779,125.00
3380,200,F,13829,125.00
3390,200,F,13880,127.51
3400,200,F,13930,125.00
3410,200,F,13980,125.03
3420,200,F,14030,124.98
3430,200,F,14079,122.49
3440,200,F,14130,127.54
3450,200,F,14181,127.49
3460,200,F,14233,129.99
3470,200,F,14283,125.03
3480,200,F,14333,125.00
3490,200,F,14383,125.00
3500,200,F,14432,122.46
3510,200,F,14480,120.01
3520,200,F,14528,119.99
3530,200,F,14576,119.99
3540,200,F,14624,120.02
3550,200,F,14671,117.52
3560,200,F,14720,122.45
3570,200,F,14769,122.54
3580,200,F,14819,124.99
3590,200,F,14868,122.49
3600,200,F,14918,125.00
3610,200,F,14967,122.54
3620,200,F,15016,122.49
3630,200,F,15065,122.50
3640,200,F,15115,124.98
3650,200,F,15165,125.01
3660,200,F,15215,124.99
3670,200,F,15265,125.03
3680,200,F,15316,127.51
3690,200,F,15366,124.98
3700,200,F,15418,130.00
3710,200,F,15468,125.00
3720,200,F,15520,130.03
3730,200,F,15569,122.46
3740,200,F,15619,125.00
3750,200,F,15668,122.51
3760,200,F,15719,127.49
3770,200,F,15768,122.51
3780,200,F,15818,125.03
3790,200,F,15868,124.99
3800,200,F,15918,124.99
3810,200,F,15968,124.99
3820,200,F,16019,127.51
3830,200,F,16069,124.99
3840,200,F,16121,130.04
3850,200,F,16171,125.00
3860,200,F,16221,124.96
3870,200,F,16271,124.99
3880,200,F,16322,127.51
3890,200,F,16372,125.03
3900,200,F,16422,124.98
3910,200,F,16472,125.00
3920,200,F,16523,127.53
3930,200,F,16573,124.96
3940,200,F,16625,130.05
3950,200,F,16675,124.99
3960,200,F,16727,130.00
3970,200,F,16776,122.50
3980,200,F,16826,124.98
3990,200,F,16874,119.99
4000,200,F,16922,120.04
4010,200,F,16970,120.01
4020,200,F,17018,119.95
4030,200,F,17066,120.02
4040,200,F,17115,122.52
4050,200,F,17164,122.46
4060,200,F,17214,125.03
4070,200,F,17263,122.49
4080,200,F,17313,125.00
4090,200,F,17362,122.52
4100,200,F,17411,122.48
4110,200,F,17461,124.99
4120,200,F,17511,125.04
4130,200,F,17561,124.99
4140,200,F,17611,125.01
4150,200,F,17661,125.00
4160,200,F,17712,127.46
4170,200,F,17763,127.50
4180,200,F,17815,130.03
4190,200,F,17865,124.99
4200,200,F,17917,129.99
4210,200,F,17967,125.01
4220,200,F,18016,122.52
4230,200,F,18066,124.96
4240,200,F,18116,125.00
4250,200,F,18166,125.04
4260,200,F,18217,127.49
4270,200,F,18266,122.49
4280,200,F,18316,125.03
4290,200,F,18367,127.47
4300,200,F,18418,127.51
4310,200,F,18468,124.96
4320,200,F,18520,130.01
4330,200,F,18570,125.04
4340,200,F,18620,124.99
4350,200,F,18671,127.51
4360,200,F,18722,127.47
4370,200,F,18771,122.52
4380,200,F,18822,127.47
4390,200,F,18871,122.52
4400,200,F,18922,127.46
4410,200,F,18973,127.49
4420,200,F,19025,130.04
4430,200,F,19075,124.98
4440,200,F,19126,127.49
4450,200,F,19176,125.03
4460,200,F,19225,122.49
4470,200,F,19273,120.02
4480,200,F,19322,122.48
4490,200,F,19370,120.01
4500,200,F,19418,120.01
4510,200,F,19466,119.99
4520,200,F,19515,122.52
4530,200,F,19564,122.48
4540,200,F,19614,125.00
4550,200,F,19663,122.50
4560,200,F,19713,125.01
4570,200,F,19762,122.48
4580,200,F,19812,125.03
4590,200,F,19861,122.50
4600,200,F,19911,125.00
4610,200,F,19961,125.00
4620,200,F,20012,127.49
4630,200,F,20062,124.99
4640,200,F,20112,125.01
4650,200,F,20163,127.50
4660,200,F,20215,130.00
4670,200,F,20266,127.50
4680,200,F,20317,127.49
4690,200,F,20367,125.01
4700,200,F,20417,124.99
4710,200,F,20466,122.51
4720,200,F,20517,127.53
4730,200,F,20566,122.46
4740,200,F,20617,127.54
4750,200,F,20667,124.96
4760,200,F,20717,125.04
4770,200,F,20767,124.96
4780,200,F,20818,127.50
4790,200,F,20869,127.54
4800,200,F,20920,127.46
4810,200,F,20970,125.03
4820,200,F,21021,127.47
4830,200,F,21071,125.01
4840,200,F,21122,127.50
4850,200,F,21172,125.03
4860,200,F,21222,124.96
4870,200,F,21272,125.03
4880,200,F,21322,125.00
4890,200,F,21373,127.51
4900,200,F,21425,129.91
4910,200,F,21475,125.08
4920,200,F,21526,127.49
4930,200,F,21576,124.98
4940,200,F,21625,122.52
4950,200,F,21673,120.02
4960,200,F,21721,119.96
4970,200,F,21769,120.00
4980,200,F,21817,120.02
4990,200,F,21865,119.99
5000,200,F,21914,122.51
5010,200,F,21963,122.49
5020,200,F,22013,125.01
5030,200,F,22062,122.49
5040,200,F,22112,125.03
5050,200,F,22160,119.99
5060,200,F,22210,124.98
5070,200,F,22259,122.50
5080,200,F,22309,125.00
5090,200,F,22359,125.04
5100,200,F,22409,124.96
5110,200,F,22459,125.01
5120,200,F,22510,127.51
5130,200,F,22560,125.01
5140,200,F,22612,129.96
5150,200,F,22663,127.54
5160,200,F,22714,127.50
5170,200,F,22763,122.45
5180,200,F,22813,125.04
5190,200,F,22863,124.99
5200,200,F,22913,124.99
5210,200,F,22962,122.52
5220,200,F,23013,127.50
5230,200,F,23062,122.50
5240,200,F,23112,124.98
5250,200,F,23162,125.04
5260,200,F,23213,127.45
5270,200,F,23263,125.05
5280,200,F,23315,130.00
5290,200,F,23365,124.98
5300,200,F,23415,124.99
5310,200,F,23465,125.03
5320,200,F,23516,127.47
5330,200,F,23566,125.01
5340,200,F,23616,125.00
5350,200,F,23665,122.49
5360,200,F,23715,125.03
5370,200,F,23766,127.49
5380,200,F,23817,127.53
5390,200,F,23868,127.46
5400,200,F,23919,127.53
5410,200,F,23968,122.51
5420,200,F,24017,122.49
5430,200,F,24065,120.00
5440,200,F,24114,122.50
5450,200,F,24162,120.01
5460,200,F,24210,119.99
5470,200,F,24257,117.46
5480,200,F,24306,122.54
5490,200,F,24355,122.49
5500,200,F,24404,122.51
=== END ===
# Trial 6 of 30: step_up_fwd_200_run03
=== START step_up_fwd_200_run03 ===
t_ms,pwm_cmd,dir,enc_count,rpm
0,0,N,0,0.00
10,0,N,0,0.00
20,0,N,0,0.00
30,0,N,0,0.00
40,0,N,0,0.00
50,0,N,0,0.00
60,0,N,0,0.00
70,0,N,0,0.00
80,0,N,0,0.00
90,0,N,0,0.00
100,0,N,0,0.00
110,0,N,0,0.00
120,0,N,0,0.00
130,0,N,0,0.00
140,0,N,0,0.00
150,0,N,0,0.00
160,0,N,0,0.00
170,0,N,0,0.00
180,0,N,0,0.00
190,0,N,0,0.00
200,0,N,0,0.00
210,0,N,0,0.00
220,0,N,0,0.00
230,0,N,0,0.00
240,0,N,0,0.00
250,0,N,0,0.00
260,0,N,0,0.00
270,0,N,0,0.00
280,0,N,0,0.00
290,0,N,0,0.00
300,0,N,0,0.00
310,0,N,0,0.00
320,0,N,0,0.00
330,0,N,0,0.00
340,0,N,0,0.00
350,0,N,0,0.00
360,0,N,0,0.00
370,0,N,0,0.00
380,0,N,0,0.00
390,0,N,0,0.00
400,0,N,0,0.00
410,0,N,0,0.00
420,0,N,0,0.00
430,0,N,0,0.00
440,0,N,0,0.00
450,0,N,0,0.00
460,0,N,0,0.00
470,0,N,0,0.00
480,0,N,0,0.00
490,0,N,0,0.00
500,200,F,0,0.00
510,200,F,3,7.50
520,200,F,10,17.50
530,200,F,22,30.01
540,200,F,37,37.50
550,200,F,57,50.00
560,200,F,80,57.49
570,200,F,106,64.99
580,200,F,133,67.51
590,200,F,164,77.50
600,200,F,196,79.99
610,200,F,230,85.01
620,200,F,266,89.98
630,200,F,304,95.01
640,200,F,341,92.51
650,200,F,382,102.49
660,200,F,422,100.01
670,200,F,463,102.49
680,200,F,507,110.03
690,200,F,551,109.99
700,200,F,595,109.98
710,200,F,640,112.51
720,200,F,686,115.00
730,200,F,732,114.94
740,200,F,778,115.05
750,200,F,824,115.00
760,200,F,871,117.51
770,200,F,918,117.51
780,200,F,965,117.49
790,200,F,1012,117.49
800,200,F,1059,117.54
810,200,F,1108,122.46
820,200,F,1157,122.52
830,200,F,1206,122.48
840,200,F,1254,120.04
850,200,F,1304,124.98
860,200,F,1352,120.00
870,200,F,1400,120.00
880,200,F,1446,115.01
890,200,F,1493,117.51
900,200,F,1540,117.48
910,200,F,1587,117.51
920,200,F,1634,117.48
930,200,F,1682,120.00
940,200,F,1730,120.00
950,200,F,1779,122.52
960,200,F,1828,122.48
970,200,F,1876,120.02
980,200,F,1924,119.96
990,200,F,1973,122.52
1000,200,F,2021,120.02
1010,200,F,2070,122.46
1020,200,F,2120,125.00
1030,200,F,2169,122.51
1040,200,F,2218,122.52
1050,200,F,2268,124.96
1060,200,F,2318,125.03
1070,200,F,2369,127.49
1080,200,F,2420,127.49
1090,200,F,2470,125.04
1100,200,F,2520,124.99
1110,200,F,2569,122.51
1120,200,F,2618,122.48
1130,200,F,2667,122.51
1140,200,F,2717,124.98
1150,200,F,2766,122.49
1160,200,F,2815,122.52
1170,200,F,2864,122.51
1180,200,F,2914,124.96
1190,200,F,2965,127.50
1200,200,F,3015,125.01
1210,200,F,3065,125.01
1220,200,F,3115,124.99
1230,200,F,3165,124.99
1240,200,F,3215,125.05
1250,200,F,3265,124.98
1260,200,F,3315,125.03
1270,200,F,3364,122.49
1280,200,F,3414,125.00
1290,200,F,3463,122.51
1300,200,F,3514,127.47
1310,200,F,3564,125.03
1320,200,F,3615,127.50
1330,200,F,3665,124.96
1340,200,F,3715,124.95
1350,200,F,3764,122.55
1360,200,F,3813,122.50
1370,200,F,3860,117.50
1380,200,F,3908,120.01
1390,200,F,3955,117.50
1400,200,F,4003,119.99
1410,200,F,4050,117.50
1420,200,F,4099,122.54
1430,200,F,4148,122.49
1440,200,F,4197,122.50
1450,200,F,4246,122.48
1460,200,F,4295,122.50
1470,200,F,4344,122.51
1480,200,F,4393,122.52
1490,200,F,4442,122.45
1500,200,F,4492,124.98
1510,200,F,4541,122.54
1520,200,F,4591,125.00
1530,200,F,4640,122.50
1540,200,F,4691,127.50
1550,200,F,4741,125.03
1560,200,F,4792,127.51
1570,200,F,4842,124.98
1580,200,F,4893,127.53
1590,200,F,4943,124.99
1600,200,F,4992,122.48
1610,200,F,5041,122.50
1620,200,F,5091,124.99
1630,200,F,5140,122.55
1640,200,F,5190,124.96
1650,200,F,5239,122.50
1660,200,F,5289,125.01
1670,200,F,5339,125.03
1680,200,F,5390,127.50
1690,200,F,5440,124.94
1700,200,F,5491,127.54
1710,200,F,5541,125.01
1720,200,F,5590,122.51
1730,200,F,5641,127.46
1740,200,F,5691,125.01
1750,200,F,5740,122.50
1760,200,F,5790,125.01
1770,200,F,5839,122.48
1780,200,F,5889,125.01
1790,200,F,5940,127.51
1800,200,F,5991,127.49
1810,200,F,6042,127.49
1820,200,F,6092,125.03
1830,200,F,6141,122.50
1840,200,F,6190,122.48
1850,200,F,6238,120.04
1860,200,F,6286,119.98
1870,200,F,6334,119.99
1880,200,F,6382,120.01
1890,200,F,6429,117.50
1900,200,F,6478,122.51
1910,200,F,6526,120.00
1920,200,F,6576,124.98
1930,200,F,6626,125.01
1940,200,F,6675,122.49
1950,200,F,6723,120.04
1960,200,F,6772,122.48
1970,200,F,6821,122.51
1980,200,F,6871,124.98
1990,200,F,6921,125.03
2000,200,F,6971,125.01
2010,200,F,7020,122.45
2020,200,F,7070,125.00
2030,200,F,7121,127.53
2040,200,F,7172,127.50
2050,200,F,7224,130.01
2060,200,F,7274,124.99
2070,200,F,7324,125.01
2080,200,F,7373,122.51
2090,200,F,7423,124.99
2100,200,F,7473,124.98
2110,200,F,7522,122.52
2120,200,F,7572,124.99
2130,200,F,7621,122.50
2140,200,F,7670,122.49
2150,200,F,7721,127.53
2160,200,F,7772,127.47
2170,200,F,7822,124.99
2180,200,F,7872,125.01
2190,200,F,7923,127.54
2200,200,F,7973,124.94
2210,200,F,8023,125.06
2220,200,F,8073,124.96
2230,200,F,8123,124.99
2240,200,F,8173,125.01
2250,200,F,8222,122.51
2260,200,F,8272,125.01
2270,200,F,8322,125.00
2280,200,F,8373,127.51
2290,200,F,8424,127.47
2300,200,F,8474,125.03
2310,200,F,8524,125.00
2320,200,F,8573,122.48
2330,200,F,8622,122.51
2340,200,F,8670,120.00
2350,200,F,8718,120.01
2360,200,F,8765,117.50
2370,200,F,8812,117.46
2380,200,F,8860,120.04
2390,200,F,8910,124.96
2400,200,F,8959,122.51
2410,200,F,9008,122.51
2420,200,F,9057,122.50
2430,200,F,9106,122.49
2440,200,F,9155,122.49
2450,200,F,9204,122.51
2460,200,F,9254,124.99
2470,200,F,9304,125.01
2480,200,F,9353,122.48
2490,200,F,9402,122.52
2500,200,F,9452,124.99
2510,200,F,9504,130.03
2520,200,F,9554,125.01
2530,200,F,9606,129.99
2540,200,F,9656,125.01
2550,200,F,9706,124.96
2560,200,F,9756,125.04
2570,200,F,9806,124.99
2580,200,F,9855,122.51
2590,200,F,9905,124.95
2600,200,F,9954,122.55
2610,200,F,10004,125.00
2620,200,F,10053,122.50
2630,200,F,10104,127.50
2640,200,F,10154,125.00
2650,200,F,10205,127.47
2660,200,F,10255,124.99
2670,200,F,10306,127.54
2680,200,F,10356,124.99
2690,200,F,10406,125.01
2700,200,F,10456,124.99
2710,200,F,10507,127.51
2720,200,F,10556,122.48
2730,200,F,10606,125.03
2740,200,F,10655,122.49
2750,200,F,10706,127.49
2760,200,F,10757,127.49
2770,200,F,10808,127.50
2780,200,F,10858,125.00
2790,200,F,10909,127.54
2800,200,F,10958,122.50
2810,200,F,11007,122.48
2820,200,F,11054,117.52
2830,200,F,11103,122.49
2840,200,F,11150,117.49
2850,200,F,11198,120.01
2860,200,F,11245,117.51
2870,200,F,11294,122.50
2880,200,F,11343,122.45
2890,200,F,11393,125.04
2900,200,F,11441,119.98
2910,200,F,11491,125.03
2920,200,F,11540,122.51
2930,200,F,11589,122.50
2940,200,F,11637,119.99
2950,200,F,11688,127.45
2960,200,F,11737,122.56
2970,200,F,11787,125.00
2980,200,F,11837,124.96
2990,200,F,11887,125.00
3000,200,F,11937,125.04
3010,200,F,11989,129.96
3020,200,F,12039,125.00
3030,200,F,12090,127.53
3040,200,F,12140,124.99
3050,200,F,12190,124.99
3060,200,F,12239,122.52
3070,200,F,12289,124.98
3080,200,F,12338,122.50
3090,200,F,12389,127.53
3100,200,F,12438,122.51
3110,200,F,12488,125.00
3120,200,F,12538,124.99
3130,200,F,12589,127.50
3140,200,F,12639,125.01
3150,200,F,12690,127.46
3160,200,F,12740,124.99
3170,200,F,12790,125.04
3180,200,F,12840,124.98
3190,200,F,12891,127.53
3200,200,F,12940,122.50
3210,200,F,12991,127.46
3220,200,F,13040,122.52
3230,200,F,13090,125.00
3240,200,F,13140,125.01
3250,200,F,13192,129.97
3260,200,F,13242,125.03
3270,200,F,13293,127.47
3280,200,F,13342,122.54
3290,200,F,13391,122.49
3300,200,F,13439,120.00
3310,200,F,13488,122.46
3320,200,F,13535,117.52
3330,200,F,13583,119.99
3340,200,F,13630,117.52
3350,200,F,13679,122.51
3360,200,F,13728,122.50
3370,200,F,13778,124.96
3380,200,F,13827,122.52
3390,200,F,13876,122.50
3400,200,F,13925,122.51
3410,200,F,13974,122.46
3420,200,F,14023,122.52
3430,200,F,14073,124.96
3440,200,F,14123,125.04
3450,200,F,14173,125.00
3460,200,F,14222,122.48
3470,200,F,14273,127.49
3480,200,F,14323,125.03
3490,200,F,14375,129.96
3500,200,F,14426,127.53
3510,200,F,14476,125.03
3520,200,F,14526,125.01
3530,200,F,14576,125.00
3540,200,F,14625,122.49
3550,200,F,14675,125.01
3560,200,F,14725,124.95
3570,200,F,14775,125.05
3580,200,F,14824,122.46
3590,200,F,14874,125.01
3600,200,F,14924,125.00
3610,200,F,14975,127.50
3620,200,F,15026,127.53
3630,200,F,15077,127.47
3640,200,F,15127,125.00
3650,200,F,15177,125.03
3660,200,F,15227,125.00
3670,200,F,15278,127.45
3680,200,F,15328,125.03
3690,200,F,15378,124.96
3700,200,F,15427,122.54
3710,200,F,15477,125.03
3720,200,F,15527,124.99
3730,200,F,15579,130.01
3740,200,F,15630,127.50
3750,200,F,15680,124.96
3760,200,F,15730,125.00
3770,200,F,15779,122.50
3780,200,F,15828,122.51
3790,200,F,15876,120.00
3800,200,F,15924,120.02
3810,200,F,15971,117.49
3820,200,F,16019,120.01
3830,200,F,16067,119.99
3840,200,F,16116,122.46
3850,200,F,16166,125.00
3860,200,F,16215,122.55
3870,200,F,16264,122.49
3880,200,F,16313,122.50
3890,200,F,16362,122.50
3900,200,F,16411,122.49
3910,200,F,16461,125.00
3920,200,F,16511,125.01
3930,200,F,16561,124.99
3940,200,F,16610,122.52
3950,200,F,16660,124.98
3960,200,F,16711,127.49
3970,200,F,16762,127.53
3980,200,F,16813,127.50
3990,200,F,16864,127.46
4000,200,F,16914,125.00
4010,200,F,16963,122.55
4020,200,F,17013,124.99
4030,200,F,17063,125.01
4040,200,F,17113,124.98
4050,200,F,17162,122.48
4060,200,F,17212,124.94
4070,200,F,17261,122.61
4080,200,F,17312,127.46
4090,200,F,17362,125.03
4100,200,F,17413,127.47
4110,200,F,17463,125.01
4120,200,F,17513,125.03
4130,200,F,17563,125.00
4140,200,F,17614,127.49
4150,200,F,17665,127.47
4160,200,F,17715,125.01
4170,200,F,17764,122.50
4180,200,F,17814,125.01
4190,200,F,17864,125.00
4200,200,F,17915,127.42
4210,200,F,17965,125.08
4220,200,F,18016,127.50
4230,200,F,18066,125.00
4240,200,F,18117,127.41
4250,200,F,18166,122.59
4260,200,F,18215,122.51
4270,200,F,18263,119.95
4280,200,F,18311,120.05
4290,200,F,18358,117.49
4300,200,F,18406,119.98
4310,200,F,18454,120.00
4320,200,F,18503,122.51
4330,200,F,18552,122.49
4340,200,F,18602,125.00
4350,200,F,18651,122.52
4360,200,F,18700,122.50
4370,200,F,18748,120.01
4380,200,F,18798,124.96
4390,200,F,18847,122.52
4400,200,F,18898,127.44
4410,200,F,18947,122.54
4420,200,F,18997,125.01
4430,200,F,19047,125.01
4440,200,F,19098,127.51
4450,200,F,19149,127.46
4460,200,F,19200,127.53
4470,200,F,19251,127.40
4480,200,F,19302,127.60
4490,200,F,19351,122.51
4500,200,F,19401,124.99
4510,200,F,19450,122.48
4520,200,F,19501,127.51
4530,200,F,19550,122.51
4540,200,F,19600,124.99
4550,200,F,19649,122.50
4560,200,F,19700,127.51
4570,200,F,19750,125.01
4580,200,F,19801,127.49
4590,200,F,19851,124.98
4600,200,F,19902,127.53
4610,200,F,19952,124.99
4620,200,F,20003,127.50
4630,200,F,20053,124.99
4640,200,F,20104,127.50
4650,200,F,20153,122.50
4660,200,F,20204,127.54
4670,200,F,20253,122.50
4680,200,F,20304,127.50
4690,200,F,20355,127.49
4700,200,F,20406,127.47
4710,200,F,20456,125.00
4720,200,F,20507,127.51
4730,200,F,20557,124.99
4740,200,F,20606,122.51
4750,200,F,20653,117.49
4760,200,F,20702,122.51
4770,200,F,20750,119.99
4780,200,F,20798,120.00
4790,200,F,20845,117.52
4800,200,F,20894,122.51
4810,200,F,20943,122.48
4820,200,F,20993,125.01
4830,200,F,21042,122.48
4840,200,F,21092,125.03
4850,200,F,21141,122.48
4860,200,F,21190,122.51
4870,200,F,21239,122.51
4880,200,F,21290,127.49
4890,200,F,21339,122.50
4900,200,F,21390,127.44
4910,200,F,21440,125.09
4920,200,F,21490,124.96
4930,200,F,21541,127.54
4940,200,F,21593,130.00
4950,200,F,21643,125.00
4960,200,F,21694,127.50
4970,200,F,21744,124.99
4980,200,F,21794,125.01
4990,200,F,21843,122.46
5000,200,F,21894,127.54
5010,200,F,21943,122.48
5020,200,F,21994,127.53
5030,200,F,22043,122.48
5040,200,F,22094,127.49
5050,200,F,22144,125.03
5060,200,F,22195,127.51
5070,200,F,22245,124.99
5080,200,F,22297,130.00
5090,200,F,22347,125.01
5100,200,F,22397,125.00
5110,200,F,22448,127.50
5120,200,F,22498,125.00
5130,200,F,22548,124.98
5140,200,F,22598,125.03
5150,200,F,22648,124.98
5160,200,F,22699,127.53
5170,200,F,22749,124.96
5180,200,F,22801,130.00
5190,200,F,22851,124.99
5200,200,F,22902,127.54
5210,200,F,22952,124.99
5220,200,F,23001,122.49
5230,200,F,23049,120.00
5240,200,F,23097,120.04
5250,200,F,23145,120.00
5260,200,F,23193,119.99
5270,200,F,23241,120.01
5280,200,F,23290,122.48
5290,200,F,23339,122.49
5300,200,F,23389,125.04
5310,200,F,23437,119.99
5320,200,F,23487,124.98
5330,200,F,23536,122.50
5340,200,F,23586,125.04
5350,200,F,23635,122.50
5360,200,F,23685,125.00
5370,200,F,23734,122.45
5380,200,F,23785,127.55
5390,200,F,23835,124.98
5400,200,F,23885,125.00
5410,200,F,23936,127.53
5420,200,F,23988,130.00
5430,200,F,24038,124.96
5440,200,F,24090,130.00
5450,200,F,24139,122.50
5460,200,F,24189,125.04
5470,200,F,24239,124.91
5480,200,F,24289,125.06
5490,200,F,24338,122.52
=== END ===
# Trial 7 of 30: step_up_fwd_240_run01
=== START step_up_fwd_240_run01 ===
t_ms,pwm_cmd,dir,enc_count,rpm
0,0,N,0,0.00
10,0,N,0,0.00
20,0,N,0,0.00
30,0,N,0,0.00
40,0,N,0,0.00
50,0,N,0,0.00
60,0,N,0,0.00
70,0,N,0,0.00
80,0,N,0,0.00
90,0,N,0,0.00
100,0,N,0,0.00
110,0,N,0,0.00
120,0,N,0,0.00
130,0,N,0,0.00
140,0,N,0,0.00
150,0,N,0,0.00
160,0,N,0,0.00
170,0,N,0,0.00
180,0,N,0,0.00
190,0,N,0,0.00
200,0,N,0,0.00
210,0,N,0,0.00
220,0,N,0,0.00
230,0,N,0,0.00
240,0,N,0,0.00
250,0,N,0,0.00
260,0,N,0,0.00
270,0,N,0,0.00
280,0,N,0,0.00
290,0,N,0,0.00
300,0,N,0,0.00
310,0,N,0,0.00
320,0,N,0,0.00
330,0,N,0,0.00
340,0,N,0,0.00
350,0,N,0,0.00
360,0,N,0,0.00
370,0,N,0,0.00
380,0,N,0,0.00
390,0,N,0,0.00
400,0,N,0,0.00
410,0,N,0,0.00
420,0,N,0,0.00
430,0,N,0,0.00
440,0,N,0,0.00
450,0,N,0,0.00
460,0,N,0,0.00
470,0,N,0,0.00
480,0,N,0,0.00
490,0,N,0,0.00
500,240,F,0,0.00
510,240,F,2,5.00
520,240,F,8,15.00
530,240,F,17,22.50
540,240,F,30,32.51
550,240,F,46,40.00
560,240,F,66,50.00
570,240,F,89,57.48
580,240,F,115,64.99
590,240,F,144,72.53
600,240,F,177,82.50
610,240,F,212,87.47
620,240,F,249,92.53
630,240,F,290,102.48
640,240,F,333,107.50
650,240,F,378,112.52
660,240,F,425,117.51
670,240,F,474,122.46
680,240,F,525,127.54
690,240,F,579,135.00
700,240,F,634,137.49
710,240,F,694,149.97
720,240,F,754,150.01
730,240,F,817,157.53
740,240,F,880,157.45
750,240,F,944,160.05
760,240,F,1010,164.95
770,240,F,1079,172.52
780,240,F,1148,172.53
790,240,F,1218,174.97
800,240,F,1290,180.02
810,240,F,1364,185.00
820,240,F,1438,184.96
830,240,F,1512,185.00
840,240,F,1586,184.91
850,240,F,1660,185.15
860,240,F,1734,185.00
870,240,F,1809,187.48
880,240,F,1885,189.98
890,240,F,1962,192.52
900,240,F,2040,194.96
910,240,F,2118,195.06
920,240,F,2196,194.94
930,240,F,2275,197.56
940,240,F,2353,194.96
950,240,F,2431,194.98
960,240,F,2511,200.02
970,240,F,2593,204.94
980,240,F,2673,200.06
990,240,F,2752,197.48
1000,240,F,2830,195.00
1010,240,F,2907,192.54
1020,240,F,2983,190.00
1030,240,F,3060,192.50
1040,240,F,3139,197.48
1050,240,F,3218,197.54
1060,240,F,3297,197.34
1070,240,F,3376,197.60
1080,240,F,3455,197.56
1090,240,F,3535,199.98
1100,240,F,3616,202.48
1110,240,F,3698,204.98
1120,240,F,3781,207.54
1130,240,F,3864,207.52
1140,240,F,3944,199.92
1150,240,F,4025,202.56
1160,240,F,4106,202.48
1170,240,F,4186,200.04
1180,240,F,4267,202.46
1190,240,F,4349,205.04
1200,240,F,4430,202.44
1210,240,F,4512,205.06
1220,240,F,4594,204.94
1230,240,F,4676,205.00
1240,240,F,4757,202.54
1250,240,F,4839,204.88
1260,240,F,4921,205.08
1270,240,F,5005,210.02
1280,240,F,5088,207.48
1290,240,F,5169,202.54
1300,240,F,5248,197.44
1310,240,F,5326,195.08
1320,240,F,5403,192.46
1330,240,F,5483,200.04
1340,240,F,5563,199.98
1350,240,F,5643,200.02
1360,240,F,5723,199.96
1370,240,F,5802,197.52
1380,240,F,5884,205.00
1390,240,F,5965,202.46
1400,240,F,6046,202.48
1410,240,F,6129,207.58
1420,240,F,6214,212.44
1430,240,F,6296,205.04
1440,240,F,6377,202.44
1450,240,F,6458,202.54
1460,240,F,6539,202.50
1470,240,F,6620,202.48
1480,240,F,6702,205.04
1490,240,F,6784,205.02
1500,240,F,6867,207.50
1510,240,F,6948,202.44
1520,240,F,7031,207.50
1530,240,F,7113,205.00
1540,240,F,7194,202.56
1550,240,F,7277,207.46
1560,240,F,7361,210.02
1570,240,F,7444,207.48
1580,240,F,7526,204.98
1590,240,F,7607,202.52
1600,240,F,7686,197.50
1610,240,F,7764,194.98
1620,240,F,7842,195.00
1630,240,F,7922,200.04
1640,240,F,8004,205.00
1650,240,F,8084,199.98
1660,240,F,8164,199.98
1670,240,F,8245,202.54
1680,240,F,8326,202.34
1690,240,F,8407,202.62
1700,240,F,8491,210.06
1710,240,F,8575,209.94
1720,240,F,8658,207.50
1730,240,F,8740,205.04
1740,240,F,8821,202.46
1750,240,F,8903,205.02
1760,240,F,8985,205.02
1770,240,F,9066,202.48
1780,240,F,9149,207.50
1790,240,F,9231,205.02
1800,240,F,9314,207.48
1810,240,F,9396,205.02
1820,240,F,9479,207.48
1830,240,F,9561,205.00
1840,240,F,9643,205.00
1850,240,F,9726,207.54
1860,240,F,9811,212.44
1870,240,F,9894,207.56
1880,240,F,9976,204.94
1890,240,F,10055,197.54
1900,240,F,10134,197.46
1910,240,F,10212,195.06
1920,240,F,10293,202.50
1930,240,F,10374,202.38
1940,240,F,10454,200.08
1950,240,F,10534,200.04
1960,240,F,10614,199.96
1970,240,F,10696,204.96
1980,240,F,10778,205.02
1990,240,F,10861,207.52
2000,240,F,10945,209.98
2010,240,F,11028,207.52
2020,240,F,11111,207.50
2030,240,F,11194,207.44
2040,240,F,11275,202.56
2050,240,F,11357,205.00
2060,240,F,11437,200.02
2070,240,F,11520,207.48
2080,240,F,11603,207.50
2090,240,F,11686,207.54
2100,240,F,11768,204.98
2110,240,F,11851,207.48
2120,240,F,11933,205.00
2130,240,F,12015,205.00
2140,240,F,12098,207.48
2150,240,F,12182,210.04
2160,240,F,12266,210.00
2170,240,F,12348,205.00
2180,240,F,12428,200.02
2190,240,F,12508,199.88
2200,240,F,12586,195.04
2210,240,F,12665,197.58
2220,240,F,12746,202.48
2230,240,F,12827,202.48
2240,240,F,12907,200.00
2250,240,F,12988,202.52
2260,240,F,13069,202.50
2270,240,F,13151,205.00
2280,240,F,13233,204.98
2290,240,F,13316,207.52
2300,240,F,13401,212.50
2310,240,F,13485,210.02
2320,240,F,13566,202.48
2330,240,F,13648,204.96
2340,240,F,13729,202.56
2350,240,F,13811,204.96
2360,240,F,13893,205.00
2370,240,F,13976,207.50
2380,240,F,14059,207.54
2390,240,F,14141,204.94
2400,240,F,14224,207.54
2410,240,F,14307,207.46
2420,240,F,14389,205.02
2430,240,F,14471,205.04
2440,240,F,14556,212.48
2450,240,F,14640,210.00
2460,240,F,14723,207.46
2470,240,F,14804,202.52
2480,240,F,14883,197.48
2490,240,F,14962,197.54
2500,240,F,15041,197.46
2510,240,F,15121,200.02
2520,240,F,15203,205.02
2530,240,F,15284,202.52
2540,240,F,15364,199.94
2550,240,F,15445,202.54
2560,240,F,15527,205.00
2570,240,F,15609,205.02
2580,240,F,15693,210.00
2590,240,F,15777,209.96
2600,240,F,15861,210.04
2610,240,F,15943,204.94
2620,240,F,16025,205.02
2630,240,F,16107,205.00
2640,240,F,16189,205.04
2650,240,F,16271,204.92
2660,240,F,16354,207.56
2670,240,F,16436,204.96
2680,240,F,16519,207.54
2690,240,F,16602,207.46
2700,240,F,16685,207.56
2710,240,F,16768,207.44
2720,240,F,16850,205.00
2730,240,F,16934,210.00
2740,240,F,17019,212.52
2750,240,F,17102,207.46
2760,240,F,17184,205.08
2770,240,F,17263,197.44
2780,240,F,17342,197.54
2790,240,F,17421,197.50
2800,240,F,17501,199.98
2810,240,F,17583,204.84
2820,240,F,17663,200.14
2830,240,F,17743,200.02
2840,240,F,17824,202.54
2850,240,F,17906,204.94
2860,240,F,17988,204.96
2870,240,F,18071,207.54
2880,240,F,18155,210.02
2890,240,F,18239,210.02
2900,240,F,18322,207.48
2910,240,F,18404,204.90
2920,240,F,18486,205.10
2930,240,F,18567,202.52
2940,240,F,18648,202.52
2950,240,F,18731,207.46
2960,240,F,18814,207.54
2970,240,F,18897,207.44
2980,240,F,18980,207.50
2990,240,F,19063,207.48
3000,240,F,19145,205.06
3010,240,F,19227,205.00
3020,240,F,19310,207.50
3030,240,F,19396,214.98
3040,240,F,19479,207.54
3050,240,F,19561,204.92
3060,240,F,19641,200.08
3070,240,F,19721,199.94
3080,240,F,19799,195.00
3090,240,F,19879,200.06
3100,240,F,19960,202.44
3110,240,F,20041,202.50
3120,240,F,20121,200.04
3130,240,F,20202,202.48
3140,240,F,20284,204.98
3150,240,F,20366,205.06
3160,240,F,20448,204.98
3170,240,F,20532,209.98
3180,240,F,20617,212.50
3190,240,F,20700,207.52
3200,240,F,20782,205.00
3210,240,F,20864,204.98
3220,240,F,20945,202.48
3230,240,F,21027,205.06
3240,240,F,21109,204.96
3250,240,F,21193,209.96
3260,240,F,21276,207.56
3270,240,F,21358,204.96
3280,240,F,21441,207.56
3290,240,F,21524,207.40
3300,240,F,21606,205.04
3310,240,F,21689,207.54
3320,240,F,21773,210.00
3330,240,F,21857,209.96
3340,240,F,21940,207.54
3350,240,F,22020,199.96
3360,240,F,22100,200.04
3370,240,F,22179,197.46
3380,240,F,22257,195.06
3390,240,F,22338,202.42
3400,240,F,22419,202.56
3410,240,F,22500,202.48
3420,240,F,22580,199.98
3430,240,F,22661,202.52
3440,240,F,22743,205.02
3450,240,F,22826,207.52
3460,240,F,22909,207.42
3470,240,F,22994,212.56
3480,240,F,23078,209.96
3490,240,F,23159,202.54
3500,240,F,23241,205.00
3510,240,F,23323,204.96
3520,240,F,23404,202.56
3530,240,F,23487,207.46
3540,240,F,23570,207.54
3550,240,F,23653,207.50
3560,240,F,23735,204.96
3570,240,F,23818,207.48
3580,240,F,23902,209.87
3590,240,F,23984,205.14
3600,240,F,24066,205.04
3610,240,F,24151,212.44
3620,240,F,24235,210.02
3630,240,F,24318,207.48
3640,240,F,24400,205.06
3650,240,F,24479,197.44
3660,240,F,24558,197.52
3670,240,F,24636,195.04
3680,240,F,24717,202.50
3690,240,F,24799,204.92
3700,240,F,24879,200.06
3710,240,F,24959,199.96
3720,240,F,25041,205.00
3730,240,F,25122,202.56
3740,240,F,25205,207.44
3750,240,F,25289,210.02
3760,240,F,25373,210.00
3770,240,F,25457,210.00
3780,240,F,25539,205.02
3790,240,F,25621,204.96
3800,240,F,25703,205.00
3810,240,F,25785,205.02
3820,240,F,25866,202.54
3830,240,F,25949,207.48
3840,240,F,26031,205.02
3850,240,F,26115,209.96
3860,240,F,26198,207.48
3870,240,F,26280,205.04
3880,240,F,26363,207.46
3890,240,F,26445,205.04
3900,240,F,26528,207.44
3910,240,F,26614,215.02
3920,240,F,26697,207.54
3930,240,F,26778,202.48
3940,240,F,26858,200.00
3950,240,F,26937,197.54
3960,240,F,27015,194.94
3970,240,F,27096,202.50
3980,240,F,27177,202.50
3990,240,F,27258,202.56
4000,240,F,27337,197.44
4010,240,F,27418,202.50
4020,240,F,27501,207.44
4030,240,F,27582,202.58
4040,240,F,27665,207.50
4050,240,F,27750,212.48
4060,240,F,27833,207.54
4070,240,F,27917,209.96
4080,240,F,27999,205.04
4090,240,F,28081,204.96
4100,240,F,28162,202.50
4110,240,F,28243,202.52
4120,240,F,28326,207.52
4130,240,F,28410,210.02
4140,240,F,28492,204.94
4150,240,F,28575,207.50
4160,240,F,28658,207.56
4170,240,F,28740,204.98
4180,240,F,28822,205.00
4190,240,F,28906,210.00
4200,240,F,28991,212.50
4210,240,F,29074,207.52
4220,240,F,29156,204.94
4230,240,F,29236,200.04
4240,240,F,29316,199.96
4250,240,F,29394,195.06
4260,240,F,29474,199.98
4270,240,F,29555,202.48
4280,240,F,29635,199.98
4290,240,F,29716,202.50
4300,240,F,29796,200.02
4310,240,F,29878,204.96
4320,240,F,29961,207.42
4330,240,F,30042,202.62
4340,240,F,30126,209.98
4350,240,F,30211,212.48
4360,240,F,30294,207.54
4370,240,F,30377,207.50
4380,240,F,30459,204.86
4390,240,F,30539,200.16
4400,240,F,30621,204.96
4410,240,F,30704,207.52
4420,240,F,30787,207.48
4430,240,F,30870,207.56
4440,240,F,30952,205.00
4450,240,F,31035,207.50
4460,240,F,31119,209.96
4470,240,F,31201,204.98
4480,240,F,31284,207.54
4490,240,F,31368,209.96
4500,240,F,31452,209.98
4510,240,F,31535,207.58
4520,240,F,31616,202.50
4530,240,F,31696,199.94
4540,240,F,31775,197.48
4550,240,F,31853,195.06
4560,240,F,31934,202.44
4570,240,F,32016,205.04
4580,240,F,32096,200.04
4590,240,F,32177,202.42
4600,240,F,32258,202.54
4610,240,F,32340,205.04
4620,240,F,32423,207.44
4630,240,F,32506,207.50
4640,240,F,32592,215.00
4650,240,F,32676,209.94
4660,240,F,32757,202.54
4670,240,F,32839,205.02
4680,240,F,32921,205.00
4690,240,F,33003,205.04
4700,240,F,33086,207.48
4710,240,F,33169,207.52
4720,240,F,33252,207.46
4730,240,F,33335,207.52
4740,240,F,33418,207.48
4750,240,F,33501,207.54
4760,240,F,33584,207.50
4770,240,F,33666,204.96
4780,240,F,33751,212.56
4790,240,F,33836,212.42
4800,240,F,33919,207.54
4810,240,F,34001,205.02
4820,240,F,34081,199.98
4830,240,F,34160,197.50
4840,240,F,34239,197.48
4850,240,F,34319,200.06
4860,240,F,34402,207.48
4870,240,F,34483,202.46
4880,240,F,34563,200.00
4890,240,F,34645,204.98
4900,240,F,34727,205.02
4910,240,F,34809,205.04
4920,240,F,34893,210.02
4930,240,F,34978,212.50
4940,240,F,35062,209.98
4950,240,F,35145,207.50
4960,240,F,35227,205.00
4970,240,F,35309,204.96
4980,240,F,35391,205.00
4990,240,F,35473,205.06
5000,240,F,35557,210.00
5010,240,F,35640,207.42
5020,240,F,35723,207.54
5030,240,F,35806,207.50
5040,240,F,35890,209.96
5050,240,F,35973,207.50
5060,240,F,36055,205.04
5070,240,F,36139,210.00
5080,240,F,36224,212.48
5090,240,F,36308,210.02
5100,240,F,36390,205.04
5110,240,F,36470,199.98
5120,240,F,36549,197.38
5130,240,F,36628,197.64
5140,240,F,36708,199.96
5150,240,F,36791,207.52
5160,240,F,36872,202.46
5170,240,F,36952,200.02
5180,240,F,37033,202.48
5190,240,F,37115,205.00
5200,240,F,37198,207.52
5210,240,F,37282,209.98
5220,240,F,37367,212.48
5230,240,F,37451,210.04
5240,240,F,37534,207.52
5250,240,F,37615,202.48
5260,240,F,37699,209.96
5270,240,F,37780,202.58
5280,240,F,37862,204.92
5290,240,F,37945,207.52
5300,240,F,38028,207.52
5310,240,F,38112,210.04
5320,240,F,38195,207.50
5330,240,F,38278,207.44
5340,240,F,38361,207.48
5350,240,F,38443,205.00
5360,240,F,38527,210.04
5370,240,F,38613,214.96
5380,240,F,38697,210.00
5390,240,F,38779,205.02
5400,240,F,38859,200.02
5410,240,F,38938,197.48
5420,240,F,39017,197.56
5430,240,F,39098,202.48
5440,240,F,39180,205.00
5450,240,F,39261,202.50
5460,240,F,39341,200.02
5470,240,F,39422,202.46
5480,240,F,39505,207.54
5490,240,F,39587,204.98
=== END ===
# Trial 8 of 30: step_up_fwd_240_run02
=== START step_up_fwd_240_run02 ===
t_ms,pwm_cmd,dir,enc_count,rpm
0,0,N,0,0.00
10,0,N,0,0.00
20,0,N,0,0.00
30,0,N,0,0.00
40,0,N,0,0.00
50,0,N,0,0.00
60,0,N,0,0.00
70,0,N,0,0.00
80,0,N,0,0.00
90,0,N,0,0.00
100,0,N,0,0.00
110,0,N,0,0.00
120,0,N,0,0.00
130,0,N,0,0.00
140,0,N,-1,-2.50
150,0,N,-1,0.00
160,0,N,-1,0.00
170,0,N,-1,0.00
180,0,N,-1,0.00
190,0,N,-1,0.00
200,0,N,-1,0.00
210,0,N,-1,0.00
220,0,N,-1,0.00
230,0,N,-1,0.00
240,0,N,-1,0.00
250,0,N,-1,0.00
260,0,N,-1,0.00
270,0,N,-1,0.00
280,0,N,-1,0.00
290,0,N,-1,0.00
300,0,N,-1,0.00
310,0,N,-1,0.00
320,0,N,-1,0.00
330,0,N,-1,0.00
340,0,N,-1,0.00
350,0,N,-1,0.00
360,0,N,-1,0.00
370,0,N,-1,0.00
380,0,N,-1,0.00
390,0,N,-1,0.00
400,0,N,-1,0.00
410,0,N,-1,0.00
420,0,N,-1,0.00
430,0,N,-1,0.00
440,0,N,-1,0.00
450,0,N,-1,0.00
460,0,N,-1,0.00
470,0,N,-1,0.00
480,0,N,-1,0.00
490,0,N,-1,0.00
500,240,F,-1,0.00
510,240,F,3,10.00
520,240,F,10,17.50
530,240,F,21,27.50
540,240,F,35,35.00
550,240,F,52,42.50
560,240,F,72,50.02
570,240,F,95,57.50
580,240,F,122,67.48
590,240,F,151,72.50
600,240,F,183,80.01
610,240,F,218,87.51
620,240,F,257,97.49
630,240,F,299,105.02
640,240,F,344,112.46
650,240,F,391,117.54
660,240,F,441,124.98
670,240,F,493,129.99
680,240,F,548,137.56
690,240,F,606,144.99
700,240,F,666,149.97
710,240,F,728,155.05
720,240,F,790,155.00
730,240,F,856,164.95
740,240,F,925,172.48
750,240,F,994,172.53
760,240,F,1063,172.53
770,240,F,1133,174.97
780,240,F,1204,177.54
790,240,F,1276,179.98
800,240,F,1348,179.96
810,240,F,1422,185.06
820,240,F,1497,187.44
830,240,F,1574,192.56
840,240,F,1650,189.98
850,240,F,1727,192.46
860,240,F,1805,195.06
870,240,F,1883,195.00
880,240,F,1961,194.92
890,240,F,2041,200.08
900,240,F,2122,202.46
910,240,F,2203,202.54
920,240,F,2284,202.50
930,240,F,2363,197.42
940,240,F,2440,192.56
950,240,F,2518,195.00
960,240,F,2595,192.50
970,240,F,2675,199.84
980,240,F,2756,202.56
990,240,F,2835,197.60
1000,240,F,2915,199.98
1010,240,F,2996,202.46
1020,240,F,3077,202.52
1030,240,F,3159,205.04
1040,240,F,3243,209.98
1050,240,F,3327,210.02
1060,240,F,3411,209.98
1070,240,F,3494,207.54
1080,240,F,3576,204.98
1090,240,F,3659,207.52
1100,240,F,3741,204.96
1110,240,F,3822,202.48
1120,240,F,3906,210.04
1130,240,F,3989,207.48
1140,240,F,4073,210.00
1150,240,F,4157,210.00
1160,240,F,4241,210.04
1170,240,F,4324,207.46
1180,240,F,4407,207.52
1190,240,F,4492,212.52
1200,240,F,4578,215.00
1210,240,F,4662,210.00
1220,240,F,4745,207.44
1230,240,F,4825,200.04
1240,240,F,4905,199.96
1250,240,F,4985,200.00
1260,240,F,5067,205.00
1270,240,F,5150,207.42
1280,240,F,5231,202.62
1290,240,F,5313,205.02
1300,240,F,5395,204.94
1310,240,F,5478,207.52
1320,240,F,5561,207.54
1330,240,F,5647,214.96
1340,240,F,5732,212.50
1350,240,F,5818,214.98
1360,240,F,5901,207.52
1370,240,F,5984,207.52
1380,240,F,6068,210.00
1390,240,F,6151,207.52
1400,240,F,6235,209.96
1410,240,F,6319,210.04
1420,240,F,6403,210.00
1430,240,F,6488,212.42
1440,240,F,6572,210.06
1450,240,F,6657,212.50
1460,240,F,6741,209.98
1470,240,F,6824,207.50
1480,240,F,6911,217.48
1490,240,F,6996,212.54
1500,240,F,7081,212.48
1510,240,F,7164,207.48
1520,240,F,7245,202.56
1530,240,F,7326,202.44
1540,240,F,7405,197.52
1550,240,F,7488,207.46
1560,240,F,7572,209.96
1570,240,F,7653,202.58
1580,240,F,7735,205.02
1590,240,F,7819,209.94
1600,240,F,7902,207.54
1610,240,F,7986,210.00
1620,240,F,8071,212.50
1630,240,F,8158,217.50
1640,240,F,8244,215.04
1650,240,F,8327,207.48
1660,240,F,8411,210.00
1670,240,F,8494,207.52
1680,240,F,8578,209.96
1690,240,F,8661,207.52
1700,240,F,8747,215.00
1710,240,F,8832,212.50
1720,240,F,8916,209.98
1730,240,F,9000,209.98
1740,240,F,9085,212.56
1750,240,F,9169,210.00
1760,240,F,9255,214.91
1770,240,F,9341,215.02
1780,240,F,9427,215.02
1790,240,F,9510,207.50
1800,240,F,9593,207.54
1810,240,F,9674,202.44
1820,240,F,9754,200.06
1830,240,F,9836,205.00
1840,240,F,9919,207.50
1850,240,F,10001,204.94
1860,240,F,10084,207.50
1870,240,F,10166,205.02
1880,240,F,10250,209.98
1890,240,F,10334,210.06
1900,240,F,10419,212.50
1910,240,F,10505,214.94
1920,240,F,10591,215.00
1930,240,F,10676,212.56
1940,240,F,10760,210.00
1950,240,F,10844,209.94
1960,240,F,10929,212.48
1970,240,F,11011,205.08
1980,240,F,11096,212.50
1990,240,F,11181,212.44
2000,240,F,11266,212.52
2010,240,F,11351,212.50
2020,240,F,11436,212.52
2030,240,F,11521,212.46
2040,240,F,11605,210.04
2050,240,F,11691,214.98
2060,240,F,11778,217.46
2070,240,F,11863,212.52
2080,240,F,11947,210.04
2090,240,F,12028,202.50
2100,240,F,12109,202.50
2110,240,F,12190,202.46
2120,240,F,12272,205.02
2130,240,F,12356,210.00
2140,240,F,12439,207.48
2150,240,F,12521,205.02
2160,240,F,12604,207.48
2170,240,F,12688,210.04
2180,240,F,12772,210.02
2190,240,F,12857,212.48
2200,240,F,12945,220.00
2210,240,F,13031,215.00
2220,240,F,13114,207.52
2230,240,F,13198,209.96
2240,240,F,13282,210.04
2250,240,F,13366,209.98
2260,240,F,13450,209.96
2270,240,F,13535,212.50
2280,240,F,13620,212.50
2290,240,F,13705,212.44
2300,240,F,13790,212.56
2310,240,F,13875,212.50
2320,240,F,13959,210.06
2330,240,F,14045,214.91
2340,240,F,14131,215.09
2350,240,F,14217,214.96
2360,240,F,14302,212.50
2370,240,F,14384,205.04
2380,240,F,14466,204.98
2390,240,F,14546,200.00
2400,240,F,14628,204.88
2410,240,F,14711,207.62
2420,240,F,14793,204.96
2430,240,F,14876,207.52
2440,240,F,14959,207.50
2450,240,F,15043,210.00
2460,240,F,15127,210.02
2470,240,F,15211,209.96
2480,240,F,15297,215.02
2490,240,F,15384,217.43
2500,240,F,15469,212.61
2510,240,F,15553,209.96
2520,240,F,15637,209.98
2530,240,F,15721,210.06
2540,240,F,15804,207.50
2550,240,F,15889,212.48
2560,240,F,15974,212.48
2570,240,F,16059,212.46
2580,240,F,16144,212.52
2590,240,F,16230,215.06
2600,240,F,16314,209.92
2610,240,F,16398,210.08
2620,240,F,16484,215.00
2630,240,F,16572,220.00
2640,240,F,16657,212.48
2650,240,F,16741,210.00
2660,240,F,16823,205.00
2670,240,F,16904,202.46
2680,240,F,16985,202.54
2690,240,F,17067,204.96
2700,240,F,17151,210.02
2710,240,F,17234,207.50
2720,240,F,17316,204.98
2730,240,F,17400,210.06
2740,240,F,17483,207.46
2750,240,F,17568,212.52
2760,240,F,17654,214.96
2770,240,F,17741,217.57
2780,240,F,17827,214.94
2790,240,F,17911,209.98
2800,240,F,17995,210.02
2810,240,F,18079,210.06
2820,240,F,18163,210.00
2830,240,F,18248,212.50
2840,240,F,18333,212.48
2850,240,F,18418,212.50
2860,240,F,18503,212.52
2870,240,F,18588,212.50
2880,240,F,18674,215.00
2890,240,F,18758,209.96
2900,240,F,18844,215.04
2910,240,F,18931,217.46
2920,240,F,19017,214.98
2930,240,F,19102,212.56
2940,240,F,19184,204.98
2950,240,F,19266,204.98
2960,240,F,19347,202.50
2970,240,F,19429,204.96
2980,240,F,19512,207.56
2990,240,F,19595,207.44
3000,240,F,19678,207.50
3010,240,F,19761,207.52
3020,240,F,19845,210.02
3030,240,F,19930,212.48
3040,240,F,20014,210.02
3050,240,F,20101,217.48
3060,240,F,20187,215.04
3070,240,F,20273,215.02
3080,240,F,20357,209.94
3090,240,F,20442,212.52
3100,240,F,20526,210.00
3110,240,F,20609,207.50
3120,240,F,20695,215.02
3130,240,F,20780,212.48
3140,240,F,20865,212.50
3150,240,F,20951,214.94
3160,240,F,21036,212.61
3170,240,F,21121,212.48
3180,240,F,21205,209.96
3190,240,F,21292,217.50
3200,240,F,21379,217.50
3210,240,F,21464,212.52
3220,240,F,21549,212.52
3230,240,F,21631,204.88
3240,240,F,21712,202.62
3250,240,F,21792,200.02
3260,240,F,21875,207.44
3270,240,F,21960,212.56
3280,240,F,22042,204.98
3290,240,F,22125,207.46
3300,240,F,22209,210.06
3310,240,F,22292,207.44
3320,240,F,22377,212.54
3330,240,F,22463,214.98
3340,240,F,22551,219.87
3350,240,F,22637,214.98
3360,240,F,22721,210.17
3370,240,F,22805,209.96
3380,240,F,22888,207.50
3390,240,F,22973,212.54
3400,240,F,23057,209.98
3410,240,F,23143,215.04
3420,240,F,23228,212.50
3430,240,F,23313,212.48
3440,240,F,23398,212.48
3450,240,F,23483,212.50
3460,240,F,23568,212.54
3470,240,F,23654,214.91
3480,240,F,23741,217.59
3490,240,F,23827,214.98
3500,240,F,23911,210.02
3510,240,F,23994,207.50
3520,240,F,24076,204.96
3530,240,F,24156,200.04
3540,240,F,24238,204.98
3550,240,F,24322,210.00
3560,240,F,24405,207.48
3570,240,F,24488,207.35
3580,240,F,24570,205.16
3590,240,F,24655,212.50
3600,240,F,24739,209.98
3610,240,F,24824,212.48
3620,240,F,24911,217.54
3630,240,F,24997,214.98
3640,240,F,25082,212.54
3650,240,F,25166,209.98
3660,240,F,25251,212.50
3670,240,F,25336,212.52
3680,240,F,25418,204.98
3690,240,F,25504,215.02
3700,240,F,25589,212.46
3710,240,F,25675,215.02
3720,240,F,25760,212.46
3730,240,F,25845,212.54
3740,240,F,25930,212.50
3750,240,F,26015,212.46
3760,240,F,26102,217.50
3770,240,F,26188,215.06
3780,240,F,26274,214.94
3790,240,F,26358,210.00
3800,240,F,26440,205.02
3810,240,F,26521,202.54
3820,240,F,26601,199.96
3830,240,F,26685,210.02
3840,240,F,26769,209.98
3850,240,F,26851,205.04
3860,240,F,26935,209.98
3870,240,F,27018,207.48
3880,240,F,27103,212.48
3890,240,F,27187,210.06
3900,240,F,27273,214.94
3910,240,F,27361,220.02
3920,240,F,27447,214.96
3930,240,F,27531,210.00
3940,240,F,27616,212.42
3950,240,F,27699,207.60
3960,240,F,27783,210.04
3970,240,F,27868,212.46
3980,240,F,27954,215.00
3990,240,F,28040,214.89
4000,240,F,28124,210.17
4010,240,F,28210,214.94
4020,240,F,28295,212.54
4030,240,F,28380,212.50
4040,240,F,28466,215.02
4050,240,F,28553,217.50
4060,240,F,28640,217.46
4070,240,F,28724,210.00
4080,240,F,28806,204.96
4090,240,F,28887,202.52
4100,240,F,28968,202.56
4110,240,F,29051,207.46
4120,240,F,29135,210.00
4130,240,F,29218,207.50
4140,240,F,29300,205.00
4150,240,F,29384,209.98
4160,240,F,29468,210.02
4170,240,F,29553,212.46
4180,240,F,29639,215.09
4190,240,F,29725,214.94
4200,240,F,29812,217.48
4210,240,F,29896,210.08
4220,240,F,29981,212.33
4230,240,F,30066,212.46
4240,240,F,30150,210.11
4250,240,F,30234,210.08
4260,240,F,30319,212.50
4270,240,F,30404,212.50
4280,240,F,30490,214.94
4290,240,F,30575,212.56
4300,240,F,30661,214.89
4310,240,F,30745,210.13
4320,240,F,30830,212.46
4330,240,F,30918,219.91
4340,240,F,31004,215.06
4350,240,F,31089,212.56
4360,240,F,31173,209.83
4370,240,F,31255,205.10
4380,240,F,31336,202.50
4390,240,F,31417,202.50
4400,240,F,31500,207.50
4410,240,F,31583,207.50
4420,240,F,31666,207.56
4430,240,F,31750,209.92
4440,240,F,31834,210.06
4450,240,F,31919,212.35
4460,240,F,32003,210.11
4470,240,F,32089,215.06
4480,240,F,32176,217.43
4490,240,F,32262,214.98
4500,240,F,32347,212.56
4510,240,F,32431,209.96
4520,240,F,32515,210.06
4530,240,F,32598,207.50
4540,240,F,32684,215.00
4550,240,F,32770,214.94
4560,240,F,32855,212.56
4570,240,F,32940,212.48
4580,240,F,33026,214.98
4590,240,F,33111,212.46
4600,240,F,33196,212.56
4610,240,F,33282,214.94
4620,240,F,33370,220.02
4630,240,F,33455,212.54
4640,240,F,33540,212.48
4650,240,F,33622,204.98
4660,240,F,33703,202.54
4670,240,F,33784,202.52
4680,240,F,33867,207.44
4690,240,F,33951,210.02
4700,240,F,34034,207.50
4710,240,F,34116,205.02
4720,240,F,34200,209.98
4730,240,F,34284,210.02
4740,240,F,34369,212.52
4750,240,F,34455,214.96
4760,240,F,34542,217.54
4770,240,F,34628,214.94
4780,240,F,34713,212.50
4790,240,F,34797,210.02
4800,240,F,34881,210.04
4810,240,F,34965,210.00
4820,240,F,35050,212.50
4830,240,F,35135,212.46
4840,240,F,35221,214.98
4850,240,F,35305,210.06
4860,240,F,35391,214.94
4870,240,F,35476,212.56
4880,240,F,35561,212.48
4890,240,F,35647,215.00
4900,240,F,35733,214.98
4910,240,F,35820,217.52
4920,240,F,35904,209.96
4930,240,F,35987,207.50
4940,240,F,36069,205.02
4950,240,F,36149,200.04
4960,240,F,36232,207.33
4970,240,F,36315,207.67
4980,240,F,36398,207.44
4990,240,F,36481,207.54
5000,240,F,36563,205.02
5010,240,F,36648,212.46
5020,240,F,36732,210.04
5030,240,F,36817,212.42
5040,240,F,36904,217.59
5050,240,F,36990,215.00
5060,240,F,37075,212.48
5070,240,F,37159,209.98
5080,240,F,37244,212.48
5090,240,F,37328,210.04
5100,240,F,37411,207.48
5110,240,F,37497,214.98
5120,240,F,37581,210.00
5130,240,F,37667,215.02
5140,240,F,37752,212.48
5150,240,F,37838,215.04
5160,240,F,37923,212.52
5170,240,F,38007,209.92
5180,240,F,38093,215.09
5190,240,F,38180,217.43
5200,240,F,38265,212.56
5210,240,F,38350,212.50
5220,240,F,38431,202.44
5230,240,F,38512,202.56
5240,240,F,38593,202.50
5250,240,F,38675,204.96
5260,240,F,38760,212.50
5270,240,F,38842,204.98
5280,240,F,38925,207.54
5290,240,F,39008,207.48
5300,240,F,39092,210.04
5310,240,F,39177,212.48
5320,240,F,39263,214.87
5330,240,F,39350,217.63
5340,240,F,39436,214.98
5350,240,F,39520,210.00
5360,240,F,39605,212.54
5370,240,F,39688,207.50
5380,240,F,39772,209.96
5390,240,F,39857,212.54
5400,240,F,39943,214.98
5410,240,F,40028,212.52
5420,240,F,40113,212.44
5430,240,F,40198,212.56
5440,240,F,40284,214.94
5450,240,F,40368,210.06
5460,240,F,40454,214.94
5470,240,F,40541,217.54
5480,240,F,40628,217.50
5490,240,F,40712,210.02
=== END ===
# Trial 9 of 30: step_up_fwd_240_run03
=== START step_up_fwd_240_run03 ===
t_ms,pwm_cmd,dir,enc_count,rpm
0,0,N,0,0.00
10,0,N,0,0.00
20,0,N,0,0.00
30,0,N,0,0.00
40,0,N,0,0.00
50,0,N,0,0.00
60,0,N,0,0.00
70,0,N,0,0.00
80,0,N,0,0.00
90,0,N,0,0.00
100,0,N,0,0.00
110,0,N,0,0.00
120,0,N,0,0.00
130,0,N,0,0.00
140,0,N,0,0.00
150,0,N,0,0.00
160,0,N,0,0.00
170,0,N,0,0.00
180,0,N,0,0.00
190,0,N,0,0.00
200,0,N,0,0.00
210,0,N,0,0.00
220,0,N,0,0.00
230,0,N,0,0.00
240,0,N,0,0.00
250,0,N,0,0.00
260,0,N,0,0.00
270,0,N,0,0.00
280,0,N,0,0.00
290,0,N,0,0.00
300,0,N,0,0.00
310,0,N,0,0.00
320,0,N,0,0.00
330,0,N,0,0.00
340,0,N,0,0.00
350,0,N,0,0.00
360,0,N,0,0.00
370,0,N,0,0.00
380,0,N,0,0.00
390,0,N,0,0.00
400,0,N,0,0.00
410,0,N,0,0.00
420,0,N,0,0.00
430,0,N,0,0.00
440,0,N,0,0.00
450,0,N,0,0.00
460,0,N,0,0.00
470,0,N,0,0.00
480,0,N,0,0.00
490,0,N,0,0.00
500,240,F,0,0.00
510,240,F,2,5.00
520,240,F,9,17.50
530,240,F,20,27.50
540,240,F,34,35.00
550,240,F,51,42.50
560,240,F,72,52.49
570,240,F,95,57.51
580,240,F,123,69.95
590,240,F,152,72.54
600,240,F,185,82.50
610,240,F,220,87.52
620,240,F,258,95.00
630,240,F,299,102.51
640,240,F,344,112.47
650,240,F,391,117.51
660,240,F,442,127.47
670,240,F,495,132.54
680,240,F,552,142.50
690,240,F,608,140.01
700,240,F,667,147.50
710,240,F,726,147.50
720,240,F,787,152.50
730,240,F,849,154.97
740,240,F,913,160.02
750,240,F,979,164.95
760,240,F,1049,174.91
770,240,F,1118,172.59
780,240,F,1188,175.05
790,240,F,1259,177.46
800,240,F,1332,182.52
810,240,F,1406,185.02
820,240,F,1481,187.48
830,240,F,1559,195.00
840,240,F,1638,197.54
850,240,F,1716,194.98
860,240,F,1795,197.46
870,240,F,1873,195.06
880,240,F,1952,197.44
890,240,F,2031,197.54
900,240,F,2109,194.96
910,240,F,2190,202.50
920,240,F,2272,205.06
930,240,F,2354,204.96
940,240,F,2435,202.54
950,240,F,2518,207.44
960,240,F,2600,205.06
970,240,F,2681,202.46
980,240,F,2765,210.04
990,240,F,2850,212.44
1000,240,F,2934,210.02
1010,240,F,3017,207.50
1020,240,F,3098,202.50
1030,240,F,3178,200.04
1040,240,F,3258,199.92
1050,240,F,3339,202.50
1060,240,F,3421,205.08
1070,240,F,3503,204.98
1080,240,F,3585,205.00
1090,240,F,3667,204.90
1100,240,F,3750,207.56
1110,240,F,3834,210.04
1120,240,F,3918,209.98
1130,240,F,4004,215.02
1140,240,F,4090,214.91
1150,240,F,4175,212.52
1160,240,F,4259,210.04
1170,240,F,4342,207.46
1180,240,F,4426,210.02
1190,240,F,4509,207.52
1200,240,F,4594,212.52
1210,240,F,4680,214.98
1220,240,F,4764,210.02
1230,240,F,4849,212.46
1240,240,F,4934,212.54
1250,240,F,5019,212.46
1260,240,F,5103,210.00
1270,240,F,5189,215.00
1280,240,F,5277,220.02
1290,240,F,5362,212.54
1300,240,F,5446,209.96
1310,240,F,5528,205.00
1320,240,F,5609,202.54
1330,240,F,5691,204.94
1340,240,F,5773,205.04
1350,240,F,5857,210.00
1360,240,F,5941,209.96
1370,240,F,6023,205.00
1380,240,F,6107,210.06
1390,240,F,6190,207.48
1400,240,F,6275,212.46
1410,240,F,6361,215.04
1420,240,F,6448,217.52
1430,240,F,6535,217.50
1440,240,F,6619,209.92
1450,240,F,6703,210.08
1460,240,F,6787,209.96
1470,240,F,6871,210.02
1480,240,F,6957,215.02
1490,240,F,7042,212.50
1500,240,F,7128,214.96
1510,240,F,7212,209.98
1520,240,F,7298,215.02
1530,240,F,7383,212.52
1540,240,F,7468,212.48
1550,240,F,7554,215.02
1560,240,F,7641,217.48
1570,240,F,7727,215.04
1580,240,F,7812,212.50
1590,240,F,7895,207.48
1600,240,F,7977,204.98
1610,240,F,8058,202.50
1620,240,F,8140,205.00
1630,240,F,8224,209.96
1640,240,F,8308,209.96
1650,240,F,8391,207.56
1660,240,F,8473,204.98
1670,240,F,8558,212.52
1680,240,F,8643,212.52
1690,240,F,8728,212.48
1700,240,F,8815,217.50
1710,240,F,8902,217.50
1720,240,F,8988,215.04
1730,240,F,9072,210.02
1740,240,F,9157,212.44
1750,240,F,9241,210.06
1760,240,F,9325,209.94
1770,240,F,9411,215.06
1780,240,F,9496,212.44
1790,240,F,9582,215.04
1800,240,F,9667,212.52
1810,240,F,9753,214.98
1820,240,F,9838,212.50
1830,240,F,9923,212.52
1840,240,F,10010,217.48
1850,240,F,10096,214.98
1860,240,F,10183,217.52
1870,240,F,10267,209.98
1880,240,F,10348,202.54
1890,240,F,10430,204.98
1900,240,F,10511,202.52
1910,240,F,10594,207.46
1920,240,F,10679,212.50
1930,240,F,10762,207.48
1940,240,F,10845,207.48
1950,240,F,10929,210.08
1960,240,F,11014,212.46
1970,240,F,11099,212.46
1980,240,F,11185,215.06
1990,240,F,11273,219.98
2000,240,F,11359,215.02
2010,240,F,11444,212.48
2020,240,F,11528,210.04
2030,240,F,11613,212.48
2040,240,F,11697,210.00
2050,240,F,11782,212.52
2060,240,F,11869,217.41
2070,240,F,11954,212.52
2080,240,F,12039,212.56
2090,240,F,12125,214.91
2100,240,F,12210,212.56
2110,240,F,12295,212.50
2120,240,F,12381,215.00
2130,240,F,12470,222.50
2140,240,F,12556,214.98
2150,240,F,12640,210.00
2160,240,F,12723,207.50
2170,240,F,12804,202.54
2180,240,F,12886,204.98
2190,240,F,12969,207.44
2200,240,F,13053,210.08
2210,240,F,13137,209.96
2220,240,F,13220,207.48
2230,240,F,13304,209.98
2240,240,F,13388,210.04
2250,240,F,13474,215.02
2260,240,F,13560,215.02
2270,240,F,13648,220.00
2280,240,F,13735,217.48
2290,240,F,13819,209.98
2300,240,F,13904,212.50
2310,240,F,13988,210.02
2320,240,F,14073,212.46
2330,240,F,14158,212.56
2340,240,F,14244,214.96
2350,240,F,14330,215.00
2360,240,F,14415,212.52
2370,240,F,14501,215.00
2380,240,F,14587,215.02
2390,240,F,14672,212.48
2400,240,F,14758,214.96
2410,240,F,14846,219.96
2420,240,F,14932,215.09
2430,240,F,15017,212.48
2440,240,F,15100,207.54
2450,240,F,15183,207.46
2460,240,F,15263,200.02
2470,240,F,15347,209.98
2480,240,F,15430,207.54
2490,240,F,15514,209.98
2500,240,F,15597,207.46
2510,240,F,15681,209.98
2520,240,F,15766,212.54
2530,240,F,15850,209.98
2540,240,F,15937,217.54
2550,240,F,16024,217.50
2560,240,F,16111,217.50
2570,240,F,16197,215.00
2580,240,F,16281,209.96
2590,240,F,16367,215.06
2600,240,F,16451,209.94
2610,240,F,16536,212.54
2620,240,F,16622,215.02
2630,240,F,16708,215.00
2640,240,F,16794,214.91
2650,240,F,16879,212.56
2660,240,F,16966,217.37
2670,240,F,17051,212.59
2680,240,F,17136,212.52
2690,240,F,17224,220.00
2700,240,F,17311,217.50
2710,240,F,17397,214.98
2720,240,F,17480,207.48
2730,240,F,17563,207.54
2740,240,F,17645,204.98
2750,240,F,17727,205.02
2760,240,F,17811,210.02
2770,240,F,17894,207.50
2780,240,F,17978,209.98
2790,240,F,18062,209.90
2800,240,F,18147,212.63
2810,240,F,18232,212.48
2820,240,F,18317,212.50
2830,240,F,18404,217.50
2840,240,F,18492,220.04
2850,240,F,18578,214.96
2860,240,F,18663,212.50
2870,240,F,18748,212.52
2880,240,F,18833,212.50
2890,240,F,18917,209.90
2900,240,F,19003,215.11
2910,240,F,19089,214.87
2920,240,F,19175,215.09
2930,240,F,19261,215.02
2940,240,F,19347,215.04
2950,240,F,19433,214.89
2960,240,F,19517,210.11
2970,240,F,19605,219.98
2980,240,F,19693,219.98
2990,240,F,19779,215.02
3000,240,F,19863,209.96
3010,240,F,19945,205.06
3020,240,F,20027,205.00
3030,240,F,20109,204.94
3040,240,F,20193,210.02
3050,240,F,20278,212.54
3060,240,F,20361,207.46
3070,240,F,20444,207.52
3080,240,F,20529,212.50
3090,240,F,20614,212.50
3100,240,F,20699,212.48
3110,240,F,20786,217.52
3120,240,F,20875,222.32
3130,240,F,20961,215.13
3140,240,F,21046,212.54
3150,240,F,21131,212.52
3160,240,F,21216,212.44
3170,240,F,21300,210.00
3180,240,F,21386,215.02
3190,240,F,21472,215.00
3200,240,F,21558,214.98
3210,240,F,21644,215.06
3220,240,F,21730,214.96
3230,240,F,21816,215.00
3240,240,F,21901,212.54
3250,240,F,21988,217.50
3260,240,F,22076,220.00
3270,240,F,22163,217.43
3280,240,F,22248,212.56
3290,240,F,22331,207.48
3300,240,F,22412,202.46
3310,240,F,22494,205.06
3320,240,F,22577,207.46
3330,240,F,22663,215.00
3340,240,F,22747,210.02
3350,240,F,22830,207.50
3360,240,F,22915,212.39
3370,240,F,22999,210.04
3380,240,F,23085,215.02
3390,240,F,23172,217.50
3400,240,F,23260,219.98
3410,240,F,23347,217.52
3420,240,F,23432,212.56
3430,240,F,23518,214.98
3440,240,F,23602,209.96
3450,240,F,23687,212.54
3460,240,F,23773,215.02
3470,240,F,23860,217.50
3480,240,F,23946,214.96
3490,240,F,24032,214.98
3500,240,F,24118,215.02
3510,240,F,24204,214.96
3520,240,F,24289,212.54
3530,240,F,24376,217.46
3540,240,F,24465,222.57
3550,240,F,24552,217.43
3560,240,F,24637,212.59
3570,240,F,24720,207.48
3580,240,F,24802,204.98
3590,240,F,24884,204.96
3600,240,F,24968,210.06
3610,240,F,25053,212.46
3620,240,F,25137,210.06
3630,240,F,25220,207.50
3640,240,F,25305,212.42
3650,240,F,25390,212.52
3660,240,F,25476,214.98
3670,240,F,25563,217.54
3680,240,F,25651,220.00
3690,240,F,25739,220.00
3700,240,F,25824,212.46
3710,240,F,25909,212.56
3720,240,F,25994,212.46
3730,240,F,26079,212.48
3740,240,F,26165,215.04
3750,240,F,26252,217.48
3760,240,F,26339,217.57
3770,240,F,26424,212.48
3780,240,F,26511,217.50
3790,240,F,26597,215.00
3800,240,F,26682,212.48
3810,240,F,26770,219.98
3820,240,F,26858,220.00
3830,240,F,26946,220.02
3840,240,F,27031,212.54
3850,240,F,27114,207.46
3860,240,F,27196,205.00
3870,240,F,27278,205.02
3880,240,F,27362,210.00
3890,240,F,27447,212.48
3900,240,F,27531,210.02
3910,240,F,27614,207.46
3920,240,F,27699,212.54
3930,240,F,27784,212.50
3940,240,F,27870,214.89
3950,240,F,27957,217.63
3960,240,F,28045,219.96
3970,240,F,28132,217.50
3980,240,F,28217,212.54
3990,240,F,28303,214.94
4000,240,F,28388,212.56
4010,240,F,28472,209.96
4020,240,F,28559,217.52
4030,240,F,28645,214.96
4040,240,F,28732,217.54
4050,240,F,28817,212.52
4060,240,F,28904,217.46
4070,240,F,28990,214.98
4080,240,F,29076,214.98
4090,240,F,29163,217.52
4100,240,F,29251,220.07
4110,240,F,29338,217.48
4120,240,F,29424,215.00
4130,240,F,29507,207.48
4140,240,F,29590,207.52
4150,240,F,29671,202.46
4160,240,F,29755,210.02
4170,240,F,29840,212.52
4180,240,F,29924,210.02
4190,240,F,30007,207.46
4200,240,F,30091,210.04
4210,240,F,30177,214.91
4220,240,F,30262,212.59
4230,240,F,30350,220.00
4240,240,F,30437,217.50
4250,240,F,30525,220.00
4260,240,F,30611,214.91
4270,240,F,30696,212.59
4280,240,F,30781,212.48
4290,240,F,30866,212.50
4300,240,F,30952,214.96
4310,240,F,31039,217.43
4320,240,F,31125,215.11
4330,240,F,31211,215.00
4340,240,F,31297,215.02
4350,240,F,31384,217.48
4360,240,F,31469,212.48
4370,240,F,31557,220.00
4380,240,F,31645,219.98
4390,240,F,31732,217.57
4400,240,F,31818,214.98
4410,240,F,31902,209.98
4420,240,F,31985,207.52
4430,240,F,32066,202.46
4440,240,F,32150,209.98
4450,240,F,32235,212.56
4460,240,F,32319,209.98
4470,240,F,32403,209.83
4480,240,F,32487,210.21
4490,240,F,32573,214.94
4500,240,F,32658,212.56
4510,240,F,32746,219.98
4520,240,F,32834,219.98
4530,240,F,32921,217.52
4540,240,F,33007,214.96
4550,240,F,33092,212.56
4560,240,F,33178,214.94
4570,240,F,33263,212.54
4580,240,F,33349,215.00
4590,240,F,33436,217.48
4600,240,F,33523,217.50
4610,240,F,33609,215.00
4620,240,F,33696,217.50
4630,240,F,33782,214.98
4640,240,F,33868,215.06
4650,240,F,33955,217.50
4660,240,F,34043,219.96
4670,240,F,34131,219.98
4680,240,F,34217,214.96
4690,240,F,34301,210.11
4700,240,F,34384,207.42
4710,240,F,34465,202.50
4720,240,F,34549,210.02
4730,240,F,34634,212.54
4740,240,F,34719,212.52
4750,240,F,34802,207.48
4760,240,F,34887,212.52
4770,240,F,34973,214.94
4780,240,F,35059,214.96
4790,240,F,35146,217.61
4800,240,F,35234,220.00
4810,240,F,35322,220.00
4820,240,F,35408,214.98
4830,240,F,35493,212.48
4840,240,F,35579,214.98
4850,240,F,35664,212.54
4860,240,F,35750,214.98
4870,240,F,35837,217.50
4880,240,F,35924,217.48
4890,240,F,36010,215.00
4900,240,F,36097,217.50
4910,240,F,36184,217.54
4920,240,F,36269,212.50
4930,240,F,36357,219.98
4940,240,F,36445,220.02
4950,240,F,36533,219.98
4960,240,F,36619,214.89
4970,240,F,36703,209.98
4980,240,F,36786,207.58
4990,240,F,36867,202.58
5000,240,F,36952,212.48
5010,240,F,37037,212.48
5020,240,F,37121,210.00
5030,240,F,37205,210.00
5040,240,F,37289,210.00
5050,240,F,37376,217.35
5060,240,F,37461,212.63
5070,240,F,37549,220.00
5080,240,F,37637,220.00
5090,240,F,37725,220.07
5100,240,F,37811,214.98
5110,240,F,37896,212.46
5120,240,F,37982,215.04
5130,240,F,38067,212.52
5140,240,F,38154,217.46
5150,240,F,38240,214.98
5160,240,F,38328,220.04
5170,240,F,38414,214.85
5180,240,F,38500,215.15
5190,240,F,38587,217.52
5200,240,F,38673,214.96
5210,240,F,38761,219.89
5220,240,F,38849,220.15
5230,240,F,38937,220.00
5240,240,F,39023,214.83
5250,240,F,39106,207.58
5260,240,F,39189,207.54
5270,240,F,39271,205.00
5280,240,F,39356,212.52
5290,240,F,39441,212.52
5300,240,F,39525,209.96
5310,240,F,39609,210.00
5320,240,F,39693,210.02
5330,240,F,39779,215.02
5340,240,F,39865,214.98
5350,240,F,39953,219.98
5360,240,F,40041,220.02
5370,240,F,40129,219.96
5380,240,F,40215,215.06
5390,240,F,40300,212.46
5400,240,F,40386,215.02
5410,240,F,40471,212.52
5420,240,F,40558,217.50
5430,240,F,40645,217.35
5440,240,F,40732,217.65
5450,240,F,40818,214.98
5460,240,F,40905,217.46
5470,240,F,40991,215.02
5480,240,F,41077,215.04
5490,240,F,41165,220.00
=== END ===
# Trial 10 of 30: step_up_rev_160_run01
=== START step_up_rev_160_run01 ===
t_ms,pwm_cmd,dir,enc_count,rpm
0,0,N,0,0.00
10,0,N,0,0.00
20,0,N,0,0.00
30,0,N,0,0.00
40,0,N,0,0.00
50,0,N,0,0.00
60,0,N,0,0.00
70,0,N,0,0.00
80,0,N,0,0.00
90,0,N,0,0.00
100,0,N,0,0.00
110,0,N,0,0.00
120,0,N,0,0.00
130,0,N,0,0.00
140,0,N,0,0.00
150,0,N,0,0.00
160,0,N,0,0.00
170,0,N,0,0.00
180,0,N,0,0.00
190,0,N,0,0.00
200,0,N,0,0.00
210,0,N,0,0.00
220,0,N,0,0.00
230,0,N,0,0.00
240,0,N,0,0.00
250,0,N,0,0.00
260,0,N,0,0.00
270,0,N,0,0.00
280,0,N,0,0.00
290,0,N,0,0.00
300,0,N,0,0.00
310,0,N,0,0.00
320,0,N,0,0.00
330,0,N,0,0.00
340,0,N,0,0.00
350,0,N,0,0.00
360,0,N,0,0.00
370,0,N,0,0.00
380,0,N,0,0.00
390,0,N,0,0.00
400,0,N,0,0.00
410,0,N,0,0.00
420,0,N,0,0.00
430,0,N,0,0.00
440,0,N,0,0.00
450,0,N,0,0.00
460,0,N,0,0.00
470,0,N,0,0.00
480,0,N,0,0.00
490,0,N,0,0.00
500,160,R,0,0.00
510,160,R,0,0.00
520,160,R,0,0.00
530,160,R,-3,-7.50
540,160,R,-10,-17.50
550,160,R,-20,-25.01
560,160,R,-30,-25.00
570,160,R,-42,-30.00
580,160,R,-54,-30.01
590,160,R,-68,-35.00
600,160,R,-82,-34.99
610,160,R,-97,-37.50
620,160,R,-112,-37.50
630,160,R,-128,-40.02
640,160,R,-144,-40.00
650,160,R,-160,-39.99
660,160,R,-177,-42.51
670,160,R,-194,-42.49
680,160,R,-212,-45.00
690,160,R,-230,-45.00
700,160,R,-247,-42.50
710,160,R,-266,-47.50
720,160,R,-286,-50.01
730,160,R,-305,-47.50
740,160,R,-325,-49.99
750,160,R,-345,-50.00
760,160,R,-365,-50.01
770,160,R,-386,-52.49
780,160,R,-408,-55.01
790,160,R,-429,-52.51
800,160,R,-450,-52.48
810,160,R,-472,-55.02
820,160,R,-494,-55.00
830,160,R,-517,-57.48
840,160,R,-540,-57.51
850,160,R,-563,-57.49
860,160,R,-587,-60.01
870,160,R,-611,-59.98
880,160,R,-635,-60.02
890,160,R,-660,-62.49
900,160,R,-684,-60.01
910,160,R,-709,-62.49
920,160,R,-734,-62.51
930,160,R,-760,-64.99
940,160,R,-785,-62.49
950,160,R,-811,-65.01
960,160,R,-845,-84.99
970,160,R,-874,-72.51
980,160,R,-900,-65.00
990,160,R,-927,-67.49
1000,160,R,-955,-70.00
1010,160,R,-983,-70.01
1020,160,R,-1010,-67.49
1030,160,R,-1039,-72.51
1040,160,R,-1062,-57.49
1050,160,R,-1086,-60.01
1060,160,R,-1115,-72.49
1070,160,R,-1144,-72.51
1080,160,R,-1173,-72.49
1090,160,R,-1202,-72.49
1100,160,R,-1231,-72.52
1110,160,R,-1260,-72.49
1120,160,R,-1288,-70.01
1130,160,R,-1317,-72.50
1140,160,R,-1345,-69.98
1150,160,R,-1374,-72.51
1160,160,R,-1402,-70.00
1170,160,R,-1430,-70.01
1180,160,R,-1458,-70.01
1190,160,R,-1486,-69.99
1200,160,R,-1515,-72.51
1210,160,R,-1544,-72.49
1220,160,R,-1572,-70.01
1230,160,R,-1601,-72.48
1240,160,R,-1629,-70.01
1250,160,R,-1658,-72.51
1260,160,R,-1687,-72.51
1270,160,R,-1716,-72.48
1280,160,R,-1744,-70.02
1290,160,R,-1773,-72.49
1300,160,R,-1802,-72.51
1310,160,R,-1830,-69.98
1320,160,R,-1859,-72.51
1330,160,R,-1887,-70.01
1340,160,R,-1916,-72.49
1350,160,R,-1944,-70.02
1360,160,R,-1972,-69.99
1370,160,R,-1999,-67.50
1380,160,R,-2027,-70.01
1390,160,R,-2055,-69.98
1400,160,R,-2083,-70.01
1410,160,R,-2111,-70.00
1420,160,R,-2139,-69.99
1430,160,R,-2167,-70.00
1440,160,R,-2196,-72.53
1450,160,R,-2224,-69.98
1460,160,R,-2252,-70.00
1470,160,R,-2281,-72.50
1480,160,R,-2309,-70.00
1490,160,R,-2338,-72.51
1500,160,R,-2367,-72.49
1510,160,R,-2397,-74.99
1520,160,R,-2426,-72.51
1530,160,R,-2456,-74.99
1540,160,R,-2485,-72.50
1550,160,R,-2515,-75.02
1560,160,R,-2543,-70.00
1570,160,R,-2572,-72.48
1580,160,R,-2601,-72.51
1590,160,R,-2630,-72.49
1600,160,R,-2658,-70.01
1610,160,R,-2687,-72.52
1620,160,R,-2716,-72.49
1630,160,R,-2745,-72.49
1640,160,R,-2774,-72.52
1650,160,R,-2804,-74.98
1660,160,R,-2833,-72.48
1670,160,R,-2862,-72.54
1680,160,R,-2891,-72.49
1690,160,R,-2921,-75.01
1700,160,R,-2950,-72.50
1710,160,R,-2980,-75.00
1720,160,R,-3010,-75.00
1730,160,R,-3040,-74.99
1740,160,R,-3070,-75.00
1750,160,R,-3100,-74.99
1760,160,R,-3130,-75.00
1770,160,R,-3160,-75.01
1780,160,R,-3189,-72.49
1790,160,R,-3223,-85.01
1800,160,R,-3260,-92.50
1810,160,R,-3290,-75.00
1820,160,R,-3321,-77.51
1830,160,R,-3351,-74.99
1840,160,R,-3383,-80.02
1850,160,R,-3413,-74.98
1860,160,R,-3443,-75.01
1870,160,R,-3466,-57.51
1880,160,R,-3497,-77.48
1890,160,R,-3528,-77.50
1900,160,R,-3560,-80.00
1910,160,R,-3591,-77.52
1920,160,R,-3622,-77.47
1930,160,R,-3653,-77.52
1940,160,R,-3684,-77.48
1950,160,R,-3714,-75.01
1960,160,R,-3744,-75.00
1970,160,R,-3774,-75.02
1980,160,R,-3804,-74.98
1990,160,R,-3834,-75.00
2000,160,R,-3863,-72.51
2010,160,R,-3893,-75.00
2020,160,R,-3923,-75.01
2030,160,R,-3953,-74.99
2040,160,R,-3983,-74.99
2050,160,R,-4014,-77.49
2060,160,R,-4043,-72.51
2070,160,R,-4073,-75.00
2080,160,R,-4103,-74.99
2090,160,R,-4134,-77.49
2100,160,R,-4163,-72.52
2110,160,R,-4193,-75.00
2120,160,R,-4223,-74.99
2130,160,R,-4253,-74.99
2140,160,R,-4282,-72.51
2150,160,R,-4311,-72.49
2160,160,R,-4340,-72.51
2170,160,R,-4369,-72.49
2180,160,R,-4398,-72.50
2190,160,R,-4427,-72.51
2200,160,R,-4455,-69.99
2210,160,R,-4484,-72.51
2220,160,R,-4513,-72.51
2230,160,R,-4542,-72.50
2240,160,R,-4570,-69.99
2250,160,R,-4599,-72.49
2260,160,R,-4627,-70.03
2270,160,R,-4656,-72.50
2280,160,R,-4685,-72.50
2290,160,R,-4714,-72.49
2300,160,R,-4744,-74.99
2310,160,R,-4772,-70.01
2320,160,R,-4802,-74.99
2330,160,R,-4832,-75.00
2340,160,R,-4861,-72.50
2350,160,R,-4891,-75.01
2360,160,R,-4920,-72.51
2370,160,R,-4949,-72.49
2380,160,R,-4977,-70.00
2390,160,R,-5006,-72.50
2400,160,R,-5035,-72.49
2410,160,R,-5062,-67.49
2420,160,R,-5092,-74.97
2430,160,R,-5120,-70.04
2440,160,R,-5149,-72.49
2450,160,R,-5177,-70.01
2460,160,R,-5206,-72.47
2470,160,R,-5234,-70.03
2480,160,R,-5263,-72.48
2490,160,R,-5292,-72.49
2500,160,R,-5321,-72.51
2510,160,R,-5350,-72.51
2520,160,R,-5379,-72.50
2530,160,R,-5409,-74.98
2540,160,R,-5438,-72.50
2550,160,R,-5467,-72.51
2560,160,R,-5496,-72.51
2570,160,R,-5526,-74.98
2580,160,R,-5555,-72.49
2590,160,R,-5583,-70.01
2600,160,R,-5613,-75.01
2610,160,R,-5642,-72.49
2620,160,R,-5672,-75.00
2630,160,R,-5702,-75.01
2640,160,R,-5732,-74.97
2650,160,R,-5763,-77.53
2660,160,R,-5793,-74.99
2670,160,R,-5824,-77.49
2680,160,R,-5854,-75.01
2690,160,R,-5885,-77.49
2700,160,R,-5916,-77.52
2710,160,R,-5947,-77.49
2720,160,R,-5976,-72.51
2730,160,R,-6007,-77.50
2740,160,R,-6037,-74.97
2750,160,R,-6067,-75.02
2760,160,R,-6097,-74.98
2770,160,R,-6126,-72.53
2780,160,R,-6155,-72.49
2790,160,R,-6184,-72.49
2800,160,R,-6213,-72.50
2810,160,R,-6241,-70.02
2820,160,R,-6269,-69.98
2830,160,R,-6299,-75.00
2840,160,R,-6328,-72.52
2850,160,R,-6357,-72.49
2860,160,R,-6385,-70.00
2870,160,R,-6414,-72.51
2880,160,R,-6443,-72.47
2890,160,R,-6472,-72.52
2900,160,R,-6501,-72.51
2910,160,R,-6530,-72.50
2920,160,R,-6558,-69.99
2930,160,R,-6588,-74.99
2940,160,R,-6616,-70.01
2950,160,R,-6645,-72.50
2960,160,R,-6673,-69.99
2970,160,R,-6701,-70.01
2980,160,R,-6729,-69.99
2990,160,R,-6756,-67.49
3000,160,R,-6784,-69.99
3010,160,R,-6811,-67.51
3020,160,R,-6839,-69.99
3030,160,R,-6866,-67.49
3040,160,R,-6894,-70.01
3050,160,R,-6921,-67.51
3060,160,R,-6949,-69.99
3070,160,R,-6976,-67.51
3080,160,R,-7004,-69.99
3090,160,R,-7031,-67.48
3100,160,R,-7058,-67.52
3110,160,R,-7086,-70.01
3120,160,R,-7114,-69.99
3130,160,R,-7141,-67.50
3140,160,R,-7169,-70.00
3150,160,R,-7197,-70.01
3160,160,R,-7225,-69.98
3170,160,R,-7253,-70.01
3180,160,R,-7280,-67.52
3190,160,R,-7308,-69.99
3200,160,R,-7335,-67.51
3210,160,R,-7363,-69.94
3220,160,R,-7389,-65.05
3230,160,R,-7416,-67.49
3240,160,R,-7443,-67.51
3250,160,R,-7469,-64.99
3260,160,R,-7496,-67.51
3270,160,R,-7523,-67.50
3280,160,R,-7549,-64.97
3290,160,R,-7575,-65.01
3300,160,R,-7602,-67.51
3310,160,R,-7629,-67.49
3320,160,R,-7655,-65.00
3330,160,R,-7682,-67.49
3340,160,R,-7708,-65.00
3350,160,R,-7735,-67.49
3360,160,R,-7762,-67.53
3370,160,R,-7789,-67.50
3380,160,R,-7815,-64.99
3390,160,R,-7842,-67.51
3400,160,R,-7869,-67.50
3410,160,R,-7896,-67.49
3420,160,R,-7923,-67.51
3430,160,R,-7949,-65.00
3440,160,R,-7975,-64.99
3450,160,R,-8001,-65.01
3460,160,R,-8029,-70.01
3470,160,R,-8056,-67.49
3480,160,R,-8083,-67.49
3490,160,R,-8112,-72.51
3500,160,R,-8140,-69.99
3510,160,R,-8168,-70.01
3520,160,R,-8196,-70.01
3530,160,R,-8224,-69.99
3540,160,R,-8253,-72.50
3550,160,R,-8282,-72.49
3560,160,R,-8310,-69.99
3570,160,R,-8339,-72.51
3580,160,R,-8367,-70.01
3590,160,R,-8396,-72.51
3600,160,R,-8424,-70.00
3610,160,R,-8452,-69.99
3620,160,R,-8480,-70.00
3630,160,R,-8507,-67.49
3640,160,R,-8534,-67.51
3650,160,R,-8561,-67.49
3660,160,R,-8588,-67.50
3670,160,R,-8615,-67.49
3680,160,R,-8642,-67.52
3690,160,R,-8669,-67.49
3700,160,R,-8697,-70.00
3710,160,R,-8724,-67.49
3720,160,R,-8751,-67.51
3730,160,R,-8778,-67.48
3740,160,R,-8806,-70.01
3750,160,R,-8833,-67.51
3760,160,R,-8861,-70.00
3770,160,R,-8888,-67.50
3780,160,R,-8916,-70.00
3790,160,R,-8943,-67.50
3800,160,R,-8971,-69.99
3810,160,R,-8999,-69.99
3820,160,R,-9026,-67.51
3830,160,R,-9054,-69.99
3840,160,R,-9081,-67.52
3850,160,R,-9108,-67.47
3860,160,R,-9134,-65.02
3870,160,R,-9161,-67.49
3880,160,R,-9188,-67.50
3890,160,R,-9214,-65.02
3900,160,R,-9241,-67.48
3910,160,R,-9267,-65.01
3920,160,R,-9294,-67.50
3930,160,R,-9321,-67.51
3940,160,R,-9348,-67.50
3950,160,R,-9374,-64.98
3960,160,R,-9402,-70.01
3970,160,R,-9428,-65.01
3980,160,R,-9454,-65.01
3990,160,R,-9482,-70.00
4000,160,R,-9509,-67.49
4010,160,R,-9536,-67.50
4020,160,R,-9563,-67.49
4030,160,R,-9590,-67.49
4040,160,R,-9617,-67.53
4050,160,R,-9645,-69.99
4060,160,R,-9672,-67.51
4070,160,R,-9699,-67.49
4080,160,R,-9727,-70.01
4090,160,R,-9753,-65.01
4100,160,R,-9780,-67.49
4110,160,R,-9806,-64.99
4120,160,R,-9833,-67.50
4130,160,R,-9859,-65.01
4140,160,R,-9886,-67.51
4150,160,R,-9912,-64.98
4160,160,R,-9939,-67.52
4170,160,R,-9965,-64.99
4180,160,R,-9992,-67.52
4190,160,R,-10019,-67.48
4200,160,R,-10045,-65.02
4210,160,R,-10072,-67.50
4220,160,R,-10098,-64.99
4230,160,R,-10125,-67.49
4240,160,R,-10152,-67.51
4250,160,R,-10179,-67.49
4260,160,R,-10206,-67.51
4270,160,R,-10233,-67.50
4280,160,R,-10260,-67.51
4290,160,R,-10288,-69.94
4300,160,R,-10315,-67.54
4310,160,R,-10342,-67.51
4320,160,R,-10369,-67.49
4330,160,R,-10396,-67.49
4340,160,R,-10423,-67.53
4350,160,R,-10450,-67.48
4360,160,R,-10478,-70.02
4370,160,R,-10508,-75.00
4380,160,R,-10536,-70.00
4390,160,R,-10565,-72.50
4400,160,R,-10593,-70.00
4410,160,R,-10623,-75.00
4420,160,R,-10652,-72.49
4430,160,R,-10682,-74.99
4440,160,R,-10711,-72.50
4450,160,R,-10741,-75.01
4460,160,R,-10770,-72.49
4470,160,R,-10800,-75.01
4480,160,R,-10830,-75.00
4490,160,R,-10859,-72.51
4500,160,R,-10888,-72.50
4510,160,R,-10916,-69.98
4520,160,R,-10944,-70.01
4530,160,R,-10973,-72.50
4540,160,R,-11000,-67.48
4550,160,R,-11029,-72.50
4560,160,R,-11056,-67.51
4570,160,R,-11085,-72.51
4580,160,R,-11113,-70.00
4590,160,R,-11142,-72.49
4600,160,R,-11170,-70.01
4610,160,R,-11199,-72.49
4620,160,R,-11227,-70.00
4630,160,R,-11255,-70.01
4640,160,R,-11284,-72.49
4650,160,R,-11313,-72.50
4660,160,R,-11342,-72.51
4670,160,R,-11371,-72.49
4680,160,R,-11400,-72.51
4690,160,R,-11428,-69.99
4700,160,R,-11457,-72.51
4710,160,R,-11485,-69.99
4720,160,R,-11513,-70.00
4730,160,R,-11541,-69.99
4740,160,R,-11569,-70.01
4750,160,R,-11596,-67.51
4760,160,R,-11624,-70.00
4770,160,R,-11651,-67.51
4780,160,R,-11679,-69.99
4790,160,R,-11707,-69.99
4800,160,R,-11735,-70.01
4810,160,R,-11763,-70.00
4820,160,R,-11791,-70.00
4830,160,R,-11819,-69.99
4840,160,R,-11846,-67.51
4850,160,R,-11874,-70.00
4860,160,R,-11902,-70.01
4870,160,R,-11930,-69.99
4880,160,R,-11958,-70.00
4890,160,R,-11987,-72.49
4900,160,R,-12015,-70.01
4910,160,R,-12043,-70.00
4920,160,R,-12071,-69.99
4930,160,R,-12100,-72.51
4940,160,R,-12128,-70.01
4950,160,R,-12155,-67.49
4960,160,R,-12183,-69.99
4970,160,R,-12211,-70.00
4980,160,R,-12238,-67.51
4990,160,R,-12265,-67.48
5000,160,R,-12293,-70.01
5010,160,R,-12321,-70.02
5020,160,R,-12349,-69.98
5030,160,R,-12375,-65.00
5040,160,R,-12404,-72.51
5050,160,R,-12431,-67.49
5060,160,R,-12459,-70.02
5070,160,R,-12486,-67.48
5080,160,R,-12514,-70.00
5090,160,R,-12542,-70.01
5100,160,R,-12570,-69.99
5110,160,R,-12599,-72.51
5120,160,R,-12627,-70.01
5130,160,R,-12655,-70.00
5140,160,R,-12684,-72.48
5150,160,R,-12712,-70.02
5160,160,R,-12740,-69.99
5170,160,R,-12768,-70.02
5180,160,R,-12796,-69.98
5190,160,R,-12824,-69.99
5200,160,R,-12853,-72.53
5210,160,R,-12882,-72.47
5220,160,R,-12912,-75.03
5230,160,R,-12941,-72.48
5240,160,R,-12971,-75.01
5250,160,R,-13001,-75.00
5260,160,R,-13031,-75.00
5270,160,R,-13061,-75.01
5280,160,R,-13092,-77.48
5290,160,R,-13122,-74.99
5300,160,R,-13153,-77.51
5310,160,R,-13183,-75.01
5320,160,R,-13213,-75.00
5330,160,R,-13243,-75.00
5340,160,R,-13273,-74.99
5350,160,R,-13303,-75.01
5360,160,R,-13332,-72.49
5370,160,R,-13360,-69.99
5380,160,R,-13389,-72.50
5390,160,R,-13418,-72.50
5400,160,R,-13446,-70.01
5410,160,R,-13475,-72.49
5420,160,R,-13504,-72.50
5430,160,R,-13534,-74.99
5440,160,R,-13562,-70.01
5450,160,R,-13592,-75.01
5460,160,R,-13621,-72.49
5470,160,R,-13650,-72.49
5480,160,R,-13679,-72.50
5490,160,R,-13709,-75.01
5500,160,R,-13738,-72.51
=== END ===
# Trial 11 of 30: step_up_rev_160_run02
=== START step_up_rev_160_run02 ===
t_ms,pwm_cmd,dir,enc_count,rpm
0,0,N,0,0.00
10,0,N,0,0.00
20,0,N,0,0.00
30,0,N,0,0.00
40,0,N,0,0.00
50,0,N,0,0.00
60,0,N,0,0.00
70,0,N,0,0.00
80,0,N,0,0.00
90,0,N,0,0.00
100,0,N,0,0.00
110,0,N,0,0.00
120,0,N,0,0.00
130,0,N,0,0.00
140,0,N,0,0.00
150,0,N,0,0.00
160,0,N,0,0.00
170,0,N,0,0.00
180,0,N,0,0.00
190,0,N,0,0.00
200,0,N,0,0.00
210,0,N,0,0.00
220,0,N,0,0.00
230,0,N,0,0.00
240,0,N,0,0.00
250,0,N,0,0.00
260,0,N,0,0.00
270,0,N,0,0.00
280,0,N,0,0.00
290,0,N,0,0.00
300,0,N,0,0.00
310,0,N,0,0.00
320,0,N,0,0.00
330,0,N,0,0.00
340,0,N,0,0.00
350,0,N,0,0.00
360,0,N,0,0.00
370,0,N,0,0.00
380,0,N,0,0.00
390,0,N,0,0.00
400,0,N,0,0.00
410,0,N,0,0.00
420,0,N,0,0.00
430,0,N,0,0.00
440,0,N,0,0.00
450,0,N,0,0.00
460,0,N,0,0.00
470,0,N,0,0.00
480,0,N,0,0.00
490,0,N,0,0.00
500,160,R,0,0.00
510,160,R,-2,-5.00
520,160,R,-5,-7.50
530,160,R,-10,-12.51
540,160,R,-17,-17.50
550,160,R,-26,-22.49
560,160,R,-35,-22.51
570,160,R,-46,-27.49
580,160,R,-57,-27.51
590,160,R,-70,-32.50
600,160,R,-82,-30.00
610,160,R,-95,-32.49
620,160,R,-109,-35.00
630,160,R,-124,-37.50
640,160,R,-140,-40.01
650,160,R,-155,-37.49
660,160,R,-171,-40.01
670,160,R,-188,-42.49
680,160,R,-204,-40.00
690,160,R,-221,-42.50
700,160,R,-239,-45.00
710,160,R,-257,-45.01
720,160,R,-274,-42.49
730,160,R,-293,-47.50
740,160,R,-312,-47.50
750,160,R,-331,-47.50
760,160,R,-351,-50.00
770,160,R,-370,-47.50
780,160,R,-390,-49.99
790,160,R,-410,-50.00
800,160,R,-431,-52.50
810,160,R,-452,-52.49
820,160,R,-473,-52.51
830,160,R,-495,-55.02
840,160,R,-516,-52.48
850,160,R,-538,-55.01
860,160,R,-560,-54.99
870,160,R,-581,-52.50
880,160,R,-603,-55.01
890,160,R,-625,-54.99
900,160,R,-647,-55.00
910,160,R,-670,-57.50
920,160,R,-691,-52.51
930,160,R,-714,-57.49
940,160,R,-736,-55.02
950,160,R,-759,-57.49
960,160,R,-782,-57.51
970,160,R,-804,-54.99
980,160,R,-827,-57.49
990,160,R,-851,-60.00
1000,160,R,-873,-55.00
1010,160,R,-897,-60.02
1020,160,R,-920,-57.50
1030,160,R,-944,-59.98
1040,160,R,-968,-60.01
1050,160,R,-992,-59.99
1060,160,R,-1016,-60.02
1070,160,R,-1040,-60.00
1080,160,R,-1065,-62.49
1090,160,R,-1089,-59.99
1100,160,R,-1114,-62.52
1110,160,R,-1138,-59.98
1120,160,R,-1163,-62.51
1130,160,R,-1188,-62.51
1140,160,R,-1212,-60.00
1150,160,R,-1237,-62.50
1160,160,R,-1262,-62.49
1170,160,R,-1288,-65.00
1180,160,R,-1314,-64.98
1190,160,R,-1341,-67.53
1200,160,R,-1368,-67.50
1210,160,R,-1395,-67.48
1220,160,R,-1422,-67.51
1230,160,R,-1449,-67.49
1240,160,R,-1477,-70.01
1250,160,R,-1505,-69.99
1260,160,R,-1533,-70.02
1270,160,R,-1561,-69.98
1280,160,R,-1589,-70.01
1290,160,R,-1617,-70.00
1300,160,R,-1646,-72.51
1310,160,R,-1674,-69.99
1320,160,R,-1701,-67.49
1330,160,R,-1729,-70.01
1340,160,R,-1757,-70.01
1350,160,R,-1783,-65.00
1360,160,R,-1811,-69.95
1370,160,R,-1837,-65.03
1380,160,R,-1864,-67.50
1390,160,R,-1891,-67.51
1400,160,R,-1918,-67.50
1410,160,R,-1945,-67.49
1420,160,R,-1973,-70.01
1430,160,R,-2000,-67.48
1440,160,R,-2028,-70.02
1450,160,R,-2055,-67.50
1460,160,R,-2082,-67.51
1470,160,R,-2110,-69.99
1480,160,R,-2137,-67.50
1490,160,R,-2166,-72.51
1500,160,R,-2193,-67.48
1510,160,R,-2221,-70.00
1520,160,R,-2249,-70.01
1530,160,R,-2276,-67.51
1540,160,R,-2303,-67.47
1550,160,R,-2331,-70.01
1560,160,R,-2358,-67.51
1570,160,R,-2384,-64.99
1580,160,R,-2411,-67.49
1590,160,R,-2437,-65.00
1600,160,R,-2465,-70.01
1610,160,R,-2491,-65.01
1620,160,R,-2518,-67.49
1630,160,R,-2544,-65.01
1640,160,R,-2571,-67.50
1650,160,R,-2598,-67.49
1660,160,R,-2625,-67.52
1670,160,R,-2652,-67.48
1680,160,R,-2678,-64.99
1690,160,R,-2705,-67.52
1700,160,R,-2732,-67.49
1710,160,R,-2759,-67.49
1720,160,R,-2786,-67.51
1730,160,R,-2813,-67.50
1740,160,R,-2840,-67.51
1750,160,R,-2867,-67.50
1760,160,R,-2894,-67.49
1770,160,R,-2921,-67.51
1780,160,R,-2948,-67.51
1790,160,R,-2975,-67.48
1800,160,R,-3002,-67.51
1810,160,R,-3028,-64.99
1820,160,R,-3055,-67.50
1830,160,R,-3081,-65.00
1840,160,R,-3107,-65.00
1850,160,R,-3134,-67.52
1860,160,R,-3161,-67.49
1870,160,R,-3187,-65.00
1880,160,R,-3213,-65.00
1890,160,R,-3240,-67.49
1900,160,R,-3266,-64.99
1910,160,R,-3293,-67.52
1920,160,R,-3319,-64.99
1930,160,R,-3346,-67.49
1940,160,R,-3373,-67.50
1950,160,R,-3400,-67.51
1960,160,R,-3427,-67.49
1970,160,R,-3454,-67.52
1980,160,R,-3481,-67.51
1990,160,R,-3508,-67.49
2000,160,R,-3535,-67.51
2010,160,R,-3563,-70.00
2020,160,R,-3589,-64.99
2030,160,R,-3616,-67.51
2040,160,R,-3643,-67.49
2050,160,R,-3670,-67.51
2060,160,R,-3698,-69.99
2070,160,R,-3726,-70.01
2080,160,R,-3754,-70.00
2090,160,R,-3783,-72.50
2100,160,R,-3812,-72.49
2110,160,R,-3841,-72.51
2120,160,R,-3870,-72.49
2130,160,R,-3899,-72.51
2140,160,R,-3928,-72.51
2150,160,R,-3957,-72.51
2160,160,R,-3987,-74.99
2170,160,R,-4016,-72.51
2180,160,R,-4046,-74.99
2190,160,R,-4075,-72.49
2200,160,R,-4103,-70.01
2210,160,R,-4132,-72.51
2220,160,R,-4160,-69.98
2230,160,R,-4188,-70.01
2240,160,R,-4216,-70.00
2250,160,R,-4243,-67.51
2260,160,R,-4271,-70.00
2270,160,R,-4298,-67.49
2280,160,R,-4326,-69.99
2290,160,R,-4354,-70.01
2300,160,R,-4382,-70.01
2310,160,R,-4409,-67.48
2320,160,R,-4438,-72.51
2330,160,R,-4465,-67.49
2340,160,R,-4494,-72.50
2350,160,R,-4522,-70.01
2360,160,R,-4550,-70.00
2370,160,R,-4578,-70.01
2380,160,R,-4606,-70.01
2390,160,R,-4635,-72.48
2400,160,R,-4663,-70.02
2410,160,R,-4690,-67.50
2420,160,R,-4718,-69.98
2430,160,R,-4745,-67.49
2440,160,R,-4772,-67.52
2450,160,R,-4799,-67.49
2460,160,R,-4826,-67.50
2470,160,R,-4852,-65.00
2480,160,R,-4879,-67.51
2490,160,R,-4905,-64.99
2500,160,R,-4932,-67.50
2510,160,R,-4959,-67.51
2520,160,R,-4986,-67.49
2530,160,R,-5012,-65.01
2540,160,R,-5040,-70.01
2550,160,R,-5066,-64.98
2560,160,R,-5092,-65.01
2570,160,R,-5119,-67.49
2580,160,R,-5146,-67.51
2590,160,R,-5172,-65.00
2600,160,R,-5199,-67.50
2610,160,R,-5226,-67.49
2620,160,R,-5253,-67.51
2630,160,R,-5280,-67.51
2640,160,R,-5306,-64.98
2650,160,R,-5333,-67.50
2660,160,R,-5360,-67.52
2670,160,R,-5386,-64.99
2680,160,R,-5412,-65.00
2690,160,R,-5438,-64.99
2700,160,R,-5464,-65.01
2710,160,R,-5490,-64.99
2720,160,R,-5516,-65.00
2730,160,R,-5542,-65.01
2740,160,R,-5568,-64.99
2750,160,R,-5594,-64.99
2760,160,R,-5620,-65.02
2770,160,R,-5646,-64.99
2780,160,R,-5672,-65.01
2790,160,R,-5698,-65.00
2800,160,R,-5724,-65.00
2810,160,R,-5750,-65.00
2820,160,R,-5777,-67.49
2830,160,R,-5803,-65.01
2840,160,R,-5830,-67.51
2850,160,R,-5856,-64.99
2860,160,R,-5883,-67.51
2870,160,R,-5909,-64.99
2880,160,R,-5936,-67.50
2890,160,R,-5963,-67.48
2900,160,R,-5988,-62.51
2910,160,R,-6015,-67.51
2920,160,R,-6041,-65.00
2930,160,R,-6068,-67.51
2940,160,R,-6095,-67.51
2950,160,R,-6123,-69.99
2960,160,R,-6151,-70.00
2970,160,R,-6179,-69.98
2980,160,R,-6207,-70.02
2990,160,R,-6235,-70.01
3000,160,R,-6264,-72.50
3010,160,R,-6292,-69.99
3020,160,R,-6321,-72.49
3030,160,R,-6350,-72.50
3040,160,R,-6379,-72.49
3050,160,R,-6408,-72.53
3060,160,R,-6437,-72.49
3070,160,R,-6465,-69.99
3080,160,R,-6494,-72.51
3090,160,R,-6522,-69.99
3100,160,R,-6550,-70.01
3110,160,R,-6577,-67.49
3120,160,R,-6605,-69.99
3130,160,R,-6632,-67.51
3140,160,R,-6659,-67.49
3150,160,R,-6686,-67.49
3160,160,R,-6714,-70.02
3170,160,R,-6741,-67.49
3180,160,R,-6769,-70.01
3190,160,R,-6796,-67.51
3200,160,R,-6824,-69.99
3210,160,R,-6851,-67.49
3220,160,R,-6879,-70.01
3230,160,R,-6907,-69.99
3240,160,R,-6934,-67.50
3250,160,R,-6962,-70.01
3260,160,R,-6990,-70.00
3270,160,R,-7018,-69.99
3280,160,R,-7046,-70.02
3290,160,R,-7073,-67.49
3300,160,R,-7101,-70.01
3310,160,R,-7128,-67.49
3320,160,R,-7155,-67.49
3330,160,R,-7181,-65.01
3340,160,R,-7208,-67.50
3350,160,R,-7234,-64.98
3360,160,R,-7261,-67.51
3370,160,R,-7287,-65.00
3380,160,R,-7314,-67.51
3390,160,R,-7341,-67.49
3400,160,R,-7367,-65.01
3410,160,R,-7394,-67.50
3420,160,R,-7420,-64.99
3430,160,R,-7448,-69.98
3440,160,R,-7473,-62.52
3450,160,R,-7500,-67.52
3460,160,R,-7527,-67.49
3470,160,R,-7553,-65.00
3480,160,R,-7580,-67.49
3490,160,R,-7606,-65.01
3500,160,R,-7634,-70.01
3510,160,R,-7661,-67.49
3520,160,R,-7687,-65.00
3530,160,R,-7714,-67.49
3540,160,R,-7741,-67.51
3550,160,R,-7767,-65.02
3560,160,R,-7793,-65.00
3570,160,R,-7820,-67.49
3580,160,R,-7846,-65.01
3590,160,R,-7873,-67.49
3600,160,R,-7898,-62.50
3610,160,R,-7925,-67.49
3620,160,R,-7951,-65.00
3630,160,R,-7977,-65.01
3640,160,R,-8003,-65.01
3650,160,R,-8029,-64.99
3660,160,R,-8056,-67.50
3670,160,R,-8082,-64.99
3680,160,R,-8108,-65.01
3690,160,R,-8134,-65.00
3700,160,R,-8161,-67.50
3710,160,R,-8187,-65.00
3720,160,R,-8214,-67.48
3730,160,R,-8241,-67.51
3740,160,R,-8267,-65.02
3750,160,R,-8294,-67.50
3760,160,R,-8321,-67.48
3770,160,R,-8347,-64.99
3780,160,R,-8374,-67.51
3790,160,R,-8400,-65.01
3800,160,R,-8426,-65.01
3810,160,R,-8453,-67.50
3820,160,R,-8480,-67.49
3830,160,R,-8508,-69.96
3840,160,R,-8536,-70.05
3850,160,R,-8564,-70.01
3860,160,R,-8593,-72.48
3870,160,R,-8620,-67.49
3880,160,R,-8649,-72.53
3890,160,R,-8678,-72.48
3900,160,R,-8707,-72.51
3910,160,R,-8735,-70.00
3920,160,R,-8765,-75.00
3930,160,R,-8794,-72.49
3940,160,R,-8823,-72.50
3950,160,R,-8852,-72.52
3960,160,R,-8881,-72.49
3970,160,R,-8910,-72.46
3980,160,R,-8938,-70.03
3990,160,R,-8966,-70.01
4000,160,R,-8993,-67.50
4010,160,R,-9021,-69.99
4020,160,R,-9048,-67.52
4030,160,R,-9076,-69.97
4040,160,R,-9103,-67.51
4050,160,R,-9131,-70.01
4060,160,R,-9159,-69.99
4070,160,R,-9186,-67.52
4080,160,R,-9214,-70.00
4090,160,R,-9242,-70.00
4100,160,R,-9270,-70.00
4110,160,R,-9297,-67.49
4120,160,R,-9325,-70.02
4130,160,R,-9354,-72.47
4140,160,R,-9382,-70.01
4150,160,R,-9410,-70.01
4160,160,R,-9438,-70.01
4170,160,R,-9466,-69.98
4180,160,R,-9493,-67.50
4190,160,R,-9521,-70.01
4200,160,R,-9548,-67.51
4210,160,R,-9575,-67.49
4220,160,R,-9602,-67.50
4230,160,R,-9628,-65.02
4240,160,R,-9655,-67.49
4250,160,R,-9682,-67.51
4260,160,R,-9708,-64.98
4270,160,R,-9735,-67.52
4280,160,R,-9762,-67.50
4290,160,R,-9789,-67.49
4300,160,R,-9815,-65.00
4310,160,R,-9843,-70.01
4320,160,R,-9869,-64.97
4330,160,R,-9895,-65.01
4340,160,R,-9922,-67.50
4350,160,R,-9949,-67.51
4360,160,R,-9976,-67.51
4370,160,R,-10002,-65.00
4380,160,R,-10029,-67.49
4390,160,R,-10056,-67.51
4400,160,R,-10083,-67.50
4410,160,R,-10110,-67.49
4420,160,R,-10136,-65.00
4430,160,R,-10163,-67.50
4440,160,R,-10189,-65.01
4450,160,R,-10215,-64.98
4460,160,R,-10242,-67.49
4470,160,R,-10268,-65.01
4480,160,R,-10294,-65.01
4490,160,R,-10320,-65.00
4500,160,R,-10346,-65.00
4510,160,R,-10372,-64.99
4520,160,R,-10398,-65.00
4530,160,R,-10424,-64.99
4540,160,R,-10451,-67.50
4550,160,R,-10477,-65.00
4560,160,R,-10503,-65.02
4570,160,R,-10529,-64.97
4580,160,R,-10556,-67.50
4590,160,R,-10582,-65.01
4600,160,R,-10609,-67.50
4610,160,R,-10636,-67.51
4620,160,R,-10662,-65.01
4630,160,R,-10689,-67.49
4640,160,R,-10716,-67.49
4650,160,R,-10743,-67.50
4660,160,R,-10769,-65.01
4670,160,R,-10795,-64.99
4680,160,R,-10821,-65.00
4690,160,R,-10848,-67.52
4700,160,R,-10875,-67.48
4710,160,R,-10902,-67.51
4720,160,R,-10930,-69.99
4730,160,R,-10958,-70.01
4740,160,R,-10987,-72.49
4750,160,R,-11014,-67.51
4760,160,R,-11043,-72.49
4770,160,R,-11072,-72.51
4780,160,R,-11100,-70.00
4790,160,R,-11129,-72.49
4800,160,R,-11159,-74.99
4810,160,R,-11188,-72.50
4820,160,R,-11217,-72.52
4830,160,R,-11246,-72.50
4840,160,R,-11275,-72.50
4850,160,R,-11303,-69.99
4860,160,R,-11332,-72.51
4870,160,R,-11360,-69.99
4880,160,R,-11387,-67.49
4890,160,R,-11415,-70.01
4900,160,R,-11442,-67.49
4910,160,R,-11470,-70.02
4920,160,R,-11496,-65.00
4930,160,R,-11524,-69.99
4940,160,R,-11552,-69.99
4950,160,R,-11579,-67.51
4960,160,R,-11607,-69.99
4970,160,R,-11635,-70.01
4980,160,R,-11662,-67.49
4990,160,R,-11690,-69.99
5000,160,R,-11718,-70.00
5010,160,R,-11746,-70.00
5020,160,R,-11774,-70.00
5030,160,R,-11802,-69.99
5040,160,R,-11830,-70.00
5050,160,R,-11858,-70.01
5060,160,R,-11885,-67.49
5070,160,R,-11912,-67.51
5080,160,R,-11940,-69.98
5090,160,R,-11966,-65.01
5100,160,R,-11993,-67.51
5110,160,R,-12020,-67.50
5120,160,R,-12046,-65.00
5130,160,R,-12073,-67.50
5140,160,R,-12099,-64.99
5150,160,R,-12126,-67.50
5160,160,R,-12152,-64.99
5170,160,R,-12179,-67.51
5180,160,R,-12205,-65.01
5190,160,R,-12233,-69.97
5200,160,R,-12259,-65.03
5210,160,R,-12285,-65.01
5220,160,R,-12312,-67.49
5230,160,R,-12338,-65.00
5240,160,R,-12365,-67.51
5250,160,R,-12392,-67.49
5260,160,R,-12419,-67.51
5270,160,R,-12446,-67.49
5280,160,R,-12473,-67.51
5290,160,R,-12499,-64.99
5300,160,R,-12526,-67.52
5310,160,R,-12553,-67.49
5320,160,R,-12579,-65.01
5330,160,R,-12605,-65.01
5340,160,R,-12632,-67.49
5350,160,R,-12658,-65.01
5360,160,R,-12684,-64.97
5370,160,R,-12710,-65.03
5380,160,R,-12737,-67.48
5390,160,R,-12763,-65.00
5400,160,R,-12790,-67.51
5410,160,R,-12816,-64.99
5420,160,R,-12843,-67.52
5430,160,R,-12868,-62.48
5440,160,R,-12895,-67.50
5450,160,R,-12922,-67.52
5460,160,R,-12948,-64.99
5470,160,R,-12975,-67.51
5480,160,R,-13002,-67.49
5490,160,R,-13029,-67.51
5500,160,R,-13056,-67.51
=== END ===
# Trial 12 of 30: step_up_rev_160_run03
=== START step_up_rev_160_run03 ===
t_ms,pwm_cmd,dir,enc_count,rpm
0,0,N,0,0.00
10,0,N,0,0.00
20,0,N,0,0.00
30,0,N,0,0.00
40,0,N,0,0.00
50,0,N,0,0.00
60,0,N,0,0.00
70,0,N,0,0.00
80,0,N,0,0.00
90,0,N,0,0.00
100,0,N,0,0.00
110,0,N,0,0.00
120,0,N,0,0.00
130,0,N,0,0.00
140,0,N,0,0.00
150,0,N,0,0.00
160,0,N,0,0.00
170,0,N,0,0.00
180,0,N,0,0.00
190,0,N,0,0.00
200,0,N,0,0.00
210,0,N,0,0.00
220,0,N,0,0.00
230,0,N,0,0.00
240,0,N,0,0.00
250,0,N,0,0.00
260,0,N,0,0.00
270,0,N,0,0.00
280,0,N,0,0.00
290,0,N,0,0.00
300,0,N,0,0.00
310,0,N,0,0.00
320,0,N,0,0.00
330,0,N,0,0.00
340,0,N,0,0.00
350,0,N,0,0.00
360,0,N,0,0.00
370,0,N,0,0.00
380,0,N,0,0.00
390,0,N,0,0.00
400,0,N,0,0.00
410,0,N,0,0.00
420,0,N,0,0.00
430,0,N,0,0.00
440,0,N,0,0.00
450,0,N,0,0.00
460,0,N,0,0.00
470,0,N,0,0.00
480,0,N,0,0.00
490,0,N,0,0.00
500,160,R,0,0.00
510,160,R,-2,-5.00
520,160,R,-7,-12.50
530,160,R,-14,-17.50
540,160,R,-22,-20.01
550,160,R,-31,-22.50
560,160,R,-42,-27.50
570,160,R,-54,-30.00
580,160,R,-67,-32.49
590,160,R,-81,-35.00
600,160,R,-96,-37.49
610,160,R,-111,-37.51
620,160,R,-127,-40.01
630,160,R,-143,-39.99
640,160,R,-159,-40.00
650,160,R,-177,-45.00
660,160,R,-195,-45.00
670,160,R,-213,-45.01
680,160,R,-232,-47.50
690,160,R,-251,-47.50
700,160,R,-271,-50.00
710,160,R,-291,-49.99
720,160,R,-312,-52.50
730,160,R,-333,-52.49
740,160,R,-353,-50.01
750,160,R,-375,-55.01
760,160,R,-396,-52.49
770,160,R,-418,-55.00
780,160,R,-439,-52.51
790,160,R,-461,-54.98
800,160,R,-483,-55.01
810,160,R,-504,-52.50
820,160,R,-526,-54.99
830,160,R,-547,-52.51
840,160,R,-569,-54.99
850,160,R,-591,-55.01
860,160,R,-613,-55.00
870,160,R,-634,-52.48
880,160,R,-657,-57.52
890,160,R,-680,-57.48
900,160,R,-702,-55.00
910,160,R,-725,-57.50
920,160,R,-748,-57.51
930,160,R,-771,-57.49
940,160,R,-794,-57.51
950,160,R,-817,-57.49
960,160,R,-841,-60.02
970,160,R,-864,-57.48
980,160,R,-889,-62.49
990,160,R,-913,-60.01
1000,160,R,-937,-60.01
1010,160,R,-961,-60.00
1020,160,R,-985,-60.01
1030,160,R,-1009,-60.01
1040,160,R,-1033,-59.99
1050,160,R,-1057,-60.00
1060,160,R,-1081,-60.00
1070,160,R,-1105,-59.99
1080,160,R,-1128,-57.52
1090,160,R,-1152,-59.99
1100,160,R,-1175,-57.49
1110,160,R,-1200,-62.51
1120,160,R,-1223,-57.49
1130,160,R,-1247,-60.01
1140,160,R,-1271,-60.01
1150,160,R,-1295,-60.00
1160,160,R,-1320,-62.49
1170,160,R,-1344,-60.01
1180,160,R,-1369,-62.49
1190,160,R,-1394,-62.49
1200,160,R,-1418,-60.00
1210,160,R,-1443,-62.51
1220,160,R,-1467,-59.98
1230,160,R,-1492,-62.53
1240,160,R,-1517,-62.48
1250,160,R,-1542,-62.50
1260,160,R,-1568,-65.02
1270,160,R,-1593,-62.50
1280,160,R,-1618,-62.49
1290,160,R,-1643,-62.51
1300,160,R,-1669,-65.00
1310,160,R,-1694,-62.48
1320,160,R,-1719,-62.50
1330,160,R,-1745,-65.00
1340,160,R,-1770,-62.51
1350,160,R,-1795,-62.50
1360,160,R,-1820,-62.51
1370,160,R,-1845,-62.49
1380,160,R,-1871,-64.99
1390,160,R,-1897,-65.00
1400,160,R,-1923,-65.01
1410,160,R,-1948,-62.50
1420,160,R,-1974,-65.01
1430,160,R,-2000,-64.98
1440,160,R,-2025,-62.51
1450,160,R,-2051,-64.99
1460,160,R,-2077,-65.01
1470,160,R,-2103,-65.00
1480,160,R,-2130,-67.50
1490,160,R,-2156,-65.00
1500,160,R,-2183,-67.49
1510,160,R,-2210,-67.52
1520,160,R,-2236,-65.00
1530,160,R,-2263,-67.48
1540,160,R,-2290,-67.49
1550,160,R,-2316,-65.01
1560,160,R,-2343,-67.51
1570,160,R,-2369,-65.00
1580,160,R,-2396,-67.49
1590,160,R,-2424,-69.99
1600,160,R,-2451,-67.52
1610,160,R,-2479,-70.00
1620,160,R,-2508,-72.44
1630,160,R,-2536,-70.04
1640,160,R,-2564,-70.01
1650,160,R,-2593,-72.49
1660,160,R,-2622,-72.49
1670,160,R,-2651,-72.49
1680,160,R,-2680,-72.51
1690,160,R,-2710,-75.01
1700,160,R,-2739,-72.50
1710,160,R,-2769,-74.98
1720,160,R,-2798,-72.50
1730,160,R,-2827,-72.51
1740,160,R,-2856,-72.51
1750,160,R,-2885,-72.50
1760,160,R,-2913,-69.99
1770,160,R,-2941,-70.01
1780,160,R,-2968,-67.49
1790,160,R,-2996,-70.02
1800,160,R,-3024,-69.99
1810,160,R,-3051,-67.49
1820,160,R,-3080,-72.53
1830,160,R,-3108,-70.00
1840,160,R,-3136,-70.00
1850,160,R,-3164,-70.00
1860,160,R,-3192,-69.99
1870,160,R,-3220,-70.01
1880,160,R,-3248,-69.99
1890,160,R,-3276,-70.00
1900,160,R,-3306,-75.00
1910,160,R,-3334,-69.99
1920,160,R,-3363,-72.51
1930,160,R,-3391,-70.01
1940,160,R,-3419,-70.00
1950,160,R,-3447,-69.98
1960,160,R,-3475,-70.02
1970,160,R,-3502,-67.49
1980,160,R,-3529,-67.50
1990,160,R,-3557,-70.01
2000,160,R,-3584,-67.49
2010,160,R,-3611,-67.51
2020,160,R,-3638,-67.50
2030,160,R,-3665,-67.50
2040,160,R,-3692,-67.50
2050,160,R,-3720,-69.99
2060,160,R,-3747,-67.49
2070,160,R,-3775,-70.01
2080,160,R,-3802,-67.49
2090,160,R,-3829,-67.52
2100,160,R,-3857,-69.99
2110,160,R,-3884,-67.51
2120,160,R,-3912,-69.97
2130,160,R,-3939,-67.50
2140,160,R,-3967,-70.01
2150,160,R,-3994,-67.50
2160,160,R,-4022,-70.00
2170,160,R,-4049,-67.51
2180,160,R,-4077,-69.99
2190,160,R,-4104,-67.49
2200,160,R,-4131,-67.51
2210,160,R,-4159,-70.00
2220,160,R,-4186,-67.49
2230,160,R,-4213,-67.50
2240,160,R,-4240,-67.51
2250,160,R,-4268,-69.99
2260,160,R,-4295,-67.52
2270,160,R,-4322,-67.49
2280,160,R,-4349,-67.49
2290,160,R,-4377,-70.01
2300,160,R,-4404,-67.49
2310,160,R,-4431,-67.51
2320,160,R,-4459,-69.99
2330,160,R,-4487,-70.00
2340,160,R,-4515,-70.00
2350,160,R,-4542,-67.51
2360,160,R,-4571,-72.49
2370,160,R,-4599,-70.01
2380,160,R,-4627,-70.00
2390,160,R,-4655,-70.01
2400,160,R,-4683,-70.00
2410,160,R,-4711,-69.98
2420,160,R,-4738,-67.51
2430,160,R,-4766,-69.99
2440,160,R,-4794,-70.01
2450,160,R,-4822,-70.01
2460,160,R,-4850,-69.99
2470,160,R,-4880,-75.01
2480,160,R,-4909,-72.47
2490,160,R,-4938,-72.53
2500,160,R,-4967,-72.48
2510,160,R,-4997,-75.01
2520,160,R,-5027,-74.99
2530,160,R,-5057,-75.00
2540,160,R,-5086,-72.51
2550,160,R,-5117,-77.51
2560,160,R,-5147,-74.99
2570,160,R,-5177,-75.01
2580,160,R,-5207,-74.97
2590,160,R,-5237,-75.00
2600,160,R,-5266,-72.51
2610,160,R,-5295,-72.49
2620,160,R,-5323,-70.01
2630,160,R,-5352,-72.50
2640,160,R,-5380,-70.01
2650,160,R,-5408,-70.00
2660,160,R,-5436,-69.99
2670,160,R,-5465,-72.49
2680,160,R,-5493,-70.02
2690,160,R,-5522,-72.49
2700,160,R,-5549,-67.51
2710,160,R,-5578,-72.51
2720,160,R,-5606,-69.99
2730,160,R,-5635,-72.50
2740,160,R,-5663,-69.99
2750,160,R,-5693,-75.01
2760,160,R,-5721,-70.00
2770,160,R,-5750,-72.50
2780,160,R,-5779,-72.50
2790,160,R,-5807,-70.01
2800,160,R,-5835,-69.98
2810,160,R,-5863,-70.00
2820,160,R,-5891,-70.01
2830,160,R,-5918,-67.49
2840,160,R,-5946,-70.01
2850,160,R,-5973,-67.47
2860,160,R,-6000,-67.52
2870,160,R,-6027,-67.52
2880,160,R,-6054,-67.50
2890,160,R,-6082,-69.97
2900,160,R,-6109,-67.52
2910,160,R,-6136,-67.50
2920,160,R,-6163,-67.49
2930,160,R,-6191,-70.00
2940,160,R,-6218,-67.51
2950,160,R,-6245,-67.49
2960,160,R,-6272,-67.51
2970,160,R,-6300,-70.01
2980,160,R,-6327,-67.49
2990,160,R,-6354,-67.49
3000,160,R,-6382,-70.00
3010,160,R,-6410,-70.00
3020,160,R,-6437,-67.51
3030,160,R,-6464,-67.49
3040,160,R,-6492,-70.01
3050,160,R,-6519,-67.45
3060,160,R,-6546,-67.53
3070,160,R,-6572,-65.01
3080,160,R,-6600,-69.98
3090,160,R,-6626,-65.01
3100,160,R,-6654,-70.01
3110,160,R,-6681,-67.51
3120,160,R,-6708,-67.50
3130,160,R,-6735,-67.49
3140,160,R,-6762,-67.51
3150,160,R,-6790,-69.98
3160,160,R,-6817,-67.51
3170,160,R,-6844,-67.50
3180,160,R,-6871,-67.49
3190,160,R,-6899,-70.00
3200,160,R,-6927,-70.00
3210,160,R,-6955,-69.99
3220,160,R,-6983,-70.00
3230,160,R,-7011,-70.01
3240,160,R,-7038,-67.49
3250,160,R,-7066,-70.03
3260,160,R,-7094,-69.99
3270,160,R,-7122,-70.00
3280,160,R,-7149,-67.50
3290,160,R,-7177,-69.99
3300,160,R,-7205,-70.02
3310,160,R,-7233,-70.00
3320,160,R,-7262,-72.49
3330,160,R,-7291,-72.50
3340,160,R,-7320,-72.49
3350,160,R,-7349,-72.52
3360,160,R,-7379,-74.98
3370,160,R,-7408,-72.51
3380,160,R,-7438,-75.00
3390,160,R,-7468,-74.99
3400,160,R,-7499,-77.46
3410,160,R,-7529,-75.04
3420,160,R,-7559,-75.01
3430,160,R,-7589,-75.00
3440,160,R,-7619,-74.99
3450,160,R,-7648,-72.52
3460,160,R,-7678,-74.99
3470,160,R,-7706,-70.01
3480,160,R,-7735,-72.49
3490,160,R,-7763,-70.01
3500,160,R,-7791,-69.99
3510,160,R,-7819,-69.99
3520,160,R,-7847,-70.02
3530,160,R,-7876,-72.51
3540,160,R,-7905,-72.49
3550,160,R,-7933,-70.01
3560,160,R,-7961,-70.00
3570,160,R,-7990,-72.48
3580,160,R,-8019,-72.51
3590,160,R,-8047,-70.01
3600,160,R,-8076,-72.49
3610,160,R,-8105,-72.52
3620,160,R,-8134,-72.50
3630,160,R,-8163,-72.48
3640,160,R,-8192,-72.51
3650,160,R,-8220,-69.99
3660,160,R,-8248,-70.00
3670,160,R,-8277,-72.51
3680,160,R,-8304,-67.51
3690,160,R,-8332,-69.98
3700,160,R,-8359,-67.51
3710,160,R,-8387,-70.01
3720,160,R,-8414,-67.48
3730,160,R,-8441,-67.52
3740,160,R,-8468,-67.51
3750,160,R,-8495,-67.49
3760,160,R,-8523,-70.01
3770,160,R,-8550,-67.50
3780,160,R,-8578,-70.00
3790,160,R,-8605,-67.49
3800,160,R,-8633,-70.00
3810,160,R,-8660,-67.51
3820,160,R,-8688,-69.99
3830,160,R,-8715,-67.51
3840,160,R,-8742,-67.48
3850,160,R,-8770,-70.01
3860,160,R,-8798,-70.01
3870,160,R,-8826,-70.00
3880,160,R,-8853,-67.51
3890,160,R,-8880,-67.49
3900,160,R,-8908,-70.01
3910,160,R,-8935,-67.47
3920,160,R,-8962,-67.51
3930,160,R,-8990,-69.96
3940,160,R,-9017,-67.53
3950,160,R,-9043,-65.03
3960,160,R,-9071,-69.98
3970,160,R,-9098,-67.51
3980,160,R,-9126,-70.01
3990,160,R,-9153,-67.49
4000,160,R,-9181,-70.00
4010,160,R,-9208,-67.50
4020,160,R,-9235,-67.50
4030,160,R,-9263,-69.99
4040,160,R,-9291,-70.02
4050,160,R,-9319,-69.99
4060,160,R,-9346,-67.51
4070,160,R,-9375,-72.50
4080,160,R,-9403,-69.99
4090,160,R,-9431,-69.99
4100,160,R,-9459,-70.00
4110,160,R,-9487,-70.02
4120,160,R,-9515,-69.99
4130,160,R,-9543,-69.99
4140,160,R,-9571,-70.01
4150,160,R,-9599,-70.00
4160,160,R,-9627,-69.99
4170,160,R,-9656,-72.49
4180,160,R,-9686,-75.02
4190,160,R,-9715,-72.51
4200,160,R,-9744,-72.49
4210,160,R,-9774,-74.99
4220,160,R,-9804,-74.99
4230,160,R,-9834,-75.01
4240,160,R,-9864,-75.01
4250,160,R,-9894,-74.99
4260,160,R,-9925,-77.52
4270,160,R,-9955,-74.98
4280,160,R,-9985,-75.00
4290,160,R,-10015,-75.01
4300,160,R,-10045,-74.99
4310,160,R,-10075,-75.03
4320,160,R,-10104,-72.49
4330,160,R,-10132,-70.00
4340,160,R,-10160,-69.99
4350,160,R,-10189,-72.51
4360,160,R,-10217,-70.00
4370,160,R,-10245,-70.01
4380,160,R,-10274,-72.47
4390,160,R,-10303,-72.53
4400,160,R,-10331,-69.99
4410,160,R,-10359,-70.01
4420,160,R,-10388,-72.50
4430,160,R,-10417,-72.49
4440,160,R,-10446,-72.50
4450,160,R,-10474,-69.99
4460,160,R,-10504,-75.02
4470,160,R,-10532,-69.99
4480,160,R,-10562,-74.99
4490,160,R,-10590,-69.99
4500,160,R,-10619,-72.51
4510,160,R,-10647,-70.02
4520,160,R,-10676,-72.47
4530,160,R,-10703,-67.51
4540,160,R,-10731,-70.01
4550,160,R,-10758,-67.49
4560,160,R,-10786,-70.01
4570,160,R,-10814,-70.00
4580,160,R,-10840,-64.99
4590,160,R,-10868,-69.99
4600,160,R,-10895,-67.51
4610,160,R,-10923,-69.99
4620,160,R,-10950,-67.51
4630,160,R,-10978,-70.01
4640,160,R,-11006,-69.96
4650,160,R,-11033,-67.51
4660,160,R,-11060,-67.51
4670,160,R,-11088,-70.01
4680,160,R,-11116,-70.00
4690,160,R,-11143,-67.49
4700,160,R,-11171,-70.01
4710,160,R,-11199,-69.98
4720,160,R,-11226,-67.53
4730,160,R,-11254,-69.97
4740,160,R,-11282,-69.98
4750,160,R,-11309,-67.54
4760,160,R,-11336,-67.49
4770,160,R,-11364,-69.96
4780,160,R,-11391,-67.54
4790,160,R,-11418,-67.51
4800,160,R,-11445,-67.49
4810,160,R,-11473,-70.01
4820,160,R,-11500,-67.48
4830,160,R,-11528,-70.02
4840,160,R,-11555,-67.49
4850,160,R,-11583,-70.00
4860,160,R,-11610,-67.50
4870,160,R,-11637,-67.49
4880,160,R,-11665,-70.01
4890,160,R,-11693,-70.00
4900,160,R,-11721,-69.98
4910,160,R,-11748,-67.53
4920,160,R,-11777,-72.50
4930,160,R,-11805,-70.00
4940,160,R,-11833,-69.99
4950,160,R,-11861,-70.00
4960,160,R,-11889,-69.99
4970,160,R,-11917,-70.00
4980,160,R,-11944,-67.51
4990,160,R,-11972,-70.00
5000,160,R,-12000,-69.99
5010,160,R,-12028,-70.00
5020,160,R,-12057,-72.51
5030,160,R,-12087,-75.00
5040,160,R,-12116,-72.49
5050,160,R,-12145,-72.50
5060,160,R,-12175,-74.95
5070,160,R,-12204,-72.55
5080,160,R,-12234,-74.99
5090,160,R,-12264,-75.02
5100,160,R,-12294,-74.99
5110,160,R,-12325,-77.48
5120,160,R,-12354,-72.53
5130,160,R,-12385,-77.50
5140,160,R,-12415,-74.97
5150,160,R,-12444,-72.51
5160,160,R,-12474,-75.00
5170,160,R,-12503,-72.50
5180,160,R,-12531,-70.01
5190,160,R,-12559,-70.00
5200,160,R,-12587,-70.01
5210,160,R,-12616,-72.49
5220,160,R,-12643,-67.49
5230,160,R,-12672,-72.49
5240,160,R,-12701,-72.52
5250,160,R,-12729,-70.01
5260,160,R,-12757,-69.99
5270,160,R,-12786,-72.51
5280,160,R,-12815,-72.49
5290,160,R,-12843,-69.99
5300,160,R,-12872,-72.52
5310,160,R,-12901,-72.48
5320,160,R,-12930,-72.49
5330,160,R,-12959,-72.51
5340,160,R,-12987,-69.99
5350,160,R,-13016,-72.50
5360,160,R,-13044,-70.01
5370,160,R,-13072,-70.01
5380,160,R,-13100,-70.01
5390,160,R,-13127,-67.49
5400,160,R,-13155,-69.98
5410,160,R,-13182,-67.53
5420,160,R,-13210,-70.00
5430,160,R,-13236,-64.99
5440,160,R,-13264,-69.99
5450,160,R,-13291,-67.51
5460,160,R,-13318,-67.49
5470,160,R,-13345,-67.51
5480,160,R,-13374,-72.50
5490,160,R,-13401,-67.47
=== END ===
# Trial 13 of 30: step_up_rev_200_run01
=== START step_up_rev_200_run01 ===
t_ms,pwm_cmd,dir,enc_count,rpm
0,0,N,0,0.00
10,0,N,0,0.00
20,0,N,0,0.00
30,0,N,0,0.00
40,0,N,0,0.00
50,0,N,0,0.00
60,0,N,0,0.00
70,0,N,0,0.00
80,0,N,0,0.00
90,0,N,0,0.00
100,0,N,0,0.00
110,0,N,0,0.00
120,0,N,0,0.00
130,0,N,0,0.00
140,0,N,0,0.00
150,0,N,0,0.00
160,0,N,0,0.00
170,0,N,0,0.00
180,0,N,0,0.00
190,0,N,0,0.00
200,0,N,0,0.00
210,0,N,0,0.00
220,0,N,0,0.00
230,0,N,0,0.00
240,0,N,0,0.00
250,0,N,0,0.00
260,0,N,0,0.00
270,0,N,0,0.00
280,0,N,0,0.00
290,0,N,0,0.00
300,0,N,0,0.00
310,0,N,0,0.00
320,0,N,0,0.00
330,0,N,0,0.00
340,0,N,0,0.00
350,0,N,0,0.00
360,0,N,0,0.00
370,0,N,0,0.00
380,0,N,0,0.00
390,0,N,0,0.00
400,0,N,0,0.00
410,0,N,0,0.00
420,0,N,0,0.00
430,0,N,0,0.00
440,0,N,0,0.00
450,0,N,0,0.00
460,0,N,0,0.00
470,0,N,0,0.00
480,0,N,0,0.00
490,0,N,0,0.00
500,200,R,0,0.00
510,200,R,-3,-7.50
520,200,R,-12,-22.51
530,200,R,-26,-34.99
540,200,R,-45,-47.50
550,200,R,-67,-55.00
560,200,R,-92,-62.49
570,200,R,-120,-69.99
580,200,R,-152,-80.02
590,200,R,-185,-82.50
600,200,R,-221,-89.95
610,200,R,-258,-92.56
620,200,R,-298,-100.00
630,200,R,-339,-102.49
640,200,R,-381,-105.00
650,200,R,-425,-110.00
660,200,R,-471,-115.00
670,200,R,-517,-115.00
680,200,R,-565,-120.01
690,200,R,-613,-120.00
700,200,R,-662,-122.48
710,200,R,-710,-120.00
720,200,R,-758,-119.99
730,200,R,-807,-122.54
740,200,R,-858,-127.46
750,200,R,-909,-127.51
760,200,R,-960,-127.53
770,200,R,-1011,-127.46
780,200,R,-1063,-130.04
790,200,R,-1115,-130.00
800,200,R,-1167,-129.96
810,200,R,-1218,-127.53
820,200,R,-1269,-127.51
830,200,R,-1319,-124.98
840,200,R,-1368,-122.50
850,200,R,-1418,-124.99
860,200,R,-1469,-127.51
870,200,R,-1520,-127.50
880,200,R,-1571,-127.53
890,200,R,-1623,-129.97
900,200,R,-1676,-132.51
910,200,R,-1729,-132.47
920,200,R,-1782,-132.54
930,200,R,-1835,-132.50
940,200,R,-1886,-127.49
950,200,R,-1938,-129.96
960,200,R,-1989,-127.55
970,200,R,-2041,-129.99
980,200,R,-2094,-132.43
990,200,R,-2146,-130.05
1000,200,R,-2198,-130.03
1010,200,R,-2249,-127.50
1020,200,R,-2301,-129.96
1030,200,R,-2354,-132.51
1040,200,R,-2406,-129.97
1050,200,R,-2458,-130.01
1060,200,R,-2510,-130.03
1070,200,R,-2561,-127.51
1080,200,R,-2612,-127.47
1090,200,R,-2664,-130.01
1100,200,R,-2716,-130.00
1110,200,R,-2768,-129.97
1120,200,R,-2821,-132.53
1130,200,R,-2874,-132.47
1140,200,R,-2928,-135.00
1150,200,R,-2981,-132.51
1160,200,R,-3035,-135.01
1170,200,R,-3087,-129.97
1180,200,R,-3139,-130.00
1190,200,R,-3192,-132.51
1200,200,R,-3245,-132.49
1210,200,R,-3298,-132.51
1220,200,R,-3351,-132.50
1230,200,R,-3404,-132.53
1240,200,R,-3458,-134.99
1250,200,R,-3511,-132.51
1260,200,R,-3565,-134.99
1270,200,R,-3617,-129.99
1280,200,R,-3669,-130.03
1290,200,R,-3720,-127.49
1300,200,R,-3770,-124.99
1310,200,R,-3821,-127.50
1320,200,R,-3872,-127.50
1330,200,R,-3923,-127.50
1340,200,R,-3975,-129.99
1350,200,R,-4028,-132.50
1360,200,R,-4081,-132.51
1370,200,R,-4135,-134.97
1380,200,R,-4188,-132.55
1390,200,R,-4240,-129.97
1400,200,R,-4292,-130.03
1410,200,R,-4344,-130.00
1420,200,R,-4396,-129.96
1430,200,R,-4448,-130.00
1440,200,R,-4500,-130.03
1450,200,R,-4553,-132.50
1460,200,R,-4605,-129.90
1470,200,R,-4657,-130.09
1480,200,R,-4708,-127.51
1490,200,R,-4761,-132.47
1500,200,R,-4813,-130.01
1510,200,R,-4866,-132.53
1520,200,R,-4917,-127.49
1530,200,R,-4968,-127.50
1540,200,R,-5020,-130.01
1550,200,R,-5072,-129.97
1560,200,R,-5124,-130.03
1570,200,R,-5176,-129.99
1580,200,R,-5229,-132.47
1590,200,R,-5283,-135.00
1600,200,R,-5337,-135.01
1610,200,R,-5390,-132.50
1620,200,R,-5444,-135.03
1630,200,R,-5497,-132.47
1640,200,R,-5549,-130.00
1650,200,R,-5601,-130.03
1660,200,R,-5655,-134.97
1670,200,R,-5708,-132.53
1680,200,R,-5762,-134.96
1690,200,R,-5816,-134.92
1700,200,R,-5869,-132.62
1710,200,R,-5922,-132.46
1720,200,R,-5976,-135.00
1730,200,R,-6028,-130.03
1740,200,R,-6080,-129.97
1750,200,R,-6131,-127.51
1760,200,R,-6182,-127.49
1770,200,R,-6232,-124.99
1780,200,R,-6284,-130.04
1790,200,R,-6336,-129.92
1800,200,R,-6388,-130.05
1810,200,R,-6440,-130.01
1820,200,R,-6494,-135.03
1830,200,R,-6548,-134.99
1840,200,R,-6601,-132.51
1850,200,R,-6654,-132.38
1860,200,R,-6706,-130.10
1870,200,R,-6757,-127.50
1880,200,R,-6809,-130.01
1890,200,R,-6861,-129.99
1900,200,R,-6914,-132.50
1910,200,R,-6967,-132.50
1920,200,R,-7019,-130.00
1930,200,R,-7071,-129.99
1940,200,R,-7124,-132.50
1950,200,R,-7177,-132.53
1960,200,R,-7228,-127.47
1970,200,R,-7280,-130.01
1980,200,R,-7332,-130.00
1990,200,R,-7384,-130.00
2000,200,R,-7436,-130.00
2010,200,R,-7488,-130.00
2020,200,R,-7540,-130.00
2030,200,R,-7593,-132.49
2040,200,R,-7646,-132.49
2050,200,R,-7700,-134.97
2060,200,R,-7754,-135.03
2070,200,R,-7807,-132.54
2080,200,R,-7861,-134.99
2090,200,R,-7913,-129.97
2100,200,R,-7966,-132.54
2110,200,R,-8018,-129.96
2120,200,R,-8072,-135.00
2130,200,R,-8127,-137.50
2140,200,R,-8180,-132.50
2150,200,R,-8233,-132.54
2160,200,R,-8287,-134.95
2170,200,R,-8340,-132.50
2180,200,R,-8393,-132.54
2190,200,R,-8445,-130.01
2200,200,R,-8496,-127.49
2210,200,R,-8547,-127.50
2220,200,R,-8598,-127.50
2230,200,R,-8649,-127.51
2240,200,R,-8701,-130.00
2250,200,R,-8753,-129.97
2260,200,R,-8805,-130.03
2270,200,R,-8858,-132.50
2280,200,R,-8911,-132.49
2290,200,R,-8965,-134.97
2300,200,R,-9018,-132.50
2310,200,R,-9071,-132.53
2320,200,R,-9123,-129.99
2330,200,R,-9175,-130.01
2340,200,R,-9227,-129.97
2350,200,R,-9279,-130.01
2360,200,R,-9331,-129.99
2370,200,R,-9384,-132.51
2380,200,R,-9436,-129.99
2390,200,R,-9489,-132.50
2400,200,R,-9541,-130.04
2410,200,R,-9594,-132.46
2420,200,R,-9646,-130.03
2430,200,R,-9698,-130.01
2440,200,R,-9749,-127.47
2450,200,R,-9801,-130.03
2460,200,R,-9853,-129.99
2470,200,R,-9905,-130.01
2480,200,R,-9958,-132.49
2490,200,R,-10011,-132.51
2500,200,R,-10065,-134.91
2510,200,R,-10118,-132.57
2520,200,R,-10173,-137.51
2530,200,R,-10226,-132.49
2540,200,R,-10279,-132.53
2550,200,R,-10331,-130.00
2560,200,R,-10385,-134.96
2570,200,R,-10438,-132.45
2580,200,R,-10491,-132.59
2590,200,R,-10544,-132.50
2600,200,R,-10598,-135.00
2610,200,R,-10651,-132.49
2620,200,R,-10705,-134.96
2630,200,R,-10759,-135.03
2640,200,R,-10811,-130.03
2650,200,R,-10864,-132.45
2660,200,R,-10915,-127.53
2670,200,R,-10965,-125.01
2680,200,R,-11016,-127.47
2690,200,R,-11068,-130.01
2700,200,R,-11119,-127.49
2710,200,R,-11171,-130.00
2720,200,R,-11224,-132.50
2730,200,R,-11277,-132.54
2740,200,R,-11331,-134.97
2750,200,R,-11384,-132.50
2760,200,R,-11437,-132.50
2770,200,R,-11489,-129.99
2780,200,R,-11541,-129.99
2790,200,R,-11593,-130.04
2800,200,R,-11646,-132.47
2810,200,R,-11698,-130.01
2820,200,R,-11751,-132.53
2830,200,R,-11803,-129.97
2840,200,R,-11856,-132.50
2850,200,R,-11908,-130.00
2860,200,R,-11961,-132.50
2870,200,R,-12013,-130.00
2880,200,R,-12066,-132.50
2890,200,R,-12117,-127.53
2900,200,R,-12169,-129.96
2910,200,R,-12221,-130.00
2920,200,R,-12273,-130.00
2930,200,R,-12326,-132.54
2940,200,R,-12379,-132.39
2950,200,R,-12432,-132.57
2960,200,R,-12486,-135.04
2970,200,R,-12540,-134.97
2980,200,R,-12594,-135.03
2990,200,R,-12648,-134.96
3000,200,R,-12701,-132.46
3010,200,R,-12753,-130.08
3020,200,R,-12806,-132.47
3030,200,R,-12860,-134.93
3040,200,R,-12913,-132.58
3050,200,R,-12967,-135.00
3060,200,R,-13021,-134.99
3070,200,R,-13074,-132.49
3080,200,R,-13128,-135.00
3090,200,R,-13181,-132.50
3100,200,R,-13234,-132.54
3110,200,R,-13286,-129.97
3120,200,R,-13336,-125.00
3130,200,R,-13387,-127.49
3140,200,R,-13439,-130.00
3150,200,R,-13490,-127.50
3160,200,R,-13542,-129.99
3170,200,R,-13595,-132.51
3180,200,R,-13648,-132.51
3190,200,R,-13701,-132.51
3200,200,R,-13755,-134.97
3210,200,R,-13808,-132.51
3220,200,R,-13861,-132.53
3230,200,R,-13914,-132.49
3240,200,R,-13965,-127.50
3250,200,R,-14017,-129.99
3260,200,R,-14070,-132.49
3270,200,R,-14122,-130.00
3280,200,R,-14175,-132.51
3290,200,R,-14228,-132.53
3300,200,R,-14280,-130.00
3310,200,R,-14333,-132.50
3320,200,R,-14386,-132.47
3330,200,R,-14438,-129.99
3340,200,R,-14490,-130.00
3350,200,R,-14542,-130.00
3360,200,R,-14594,-129.99
3370,200,R,-14646,-130.05
3380,200,R,-14699,-132.47
3390,200,R,-14751,-130.03
3400,200,R,-14804,-132.45
3410,200,R,-14858,-135.01
3420,200,R,-14911,-132.50
3430,200,R,-14966,-137.50
3440,200,R,-15020,-135.01
3450,200,R,-15074,-134.96
3460,200,R,-15126,-130.01
3470,200,R,-15178,-130.01
3480,200,R,-15231,-132.53
3490,200,R,-15285,-135.01
3500,200,R,-15338,-132.50
3510,200,R,-15393,-137.49
3520,200,R,-15446,-132.49
3530,200,R,-15500,-134.97
3540,200,R,-15554,-135.04
3550,200,R,-15607,-132.50
3560,200,R,-15659,-130.01
3570,200,R,-15710,-127.50
3580,200,R,-15761,-127.47
3590,200,R,-15811,-124.98
3600,200,R,-15863,-130.00
3610,200,R,-15915,-130.01
3620,200,R,-15967,-130.01
3630,200,R,-16019,-129.97
3640,200,R,-16073,-135.01
3650,200,R,-16127,-135.04
3660,200,R,-16180,-132.47
3670,200,R,-16233,-132.50
3680,200,R,-16286,-132.43
3690,200,R,-16337,-127.59
3700,200,R,-16390,-132.47
3710,200,R,-16442,-130.00
3720,200,R,-16495,-132.51
3730,200,R,-16547,-129.97
3740,200,R,-16599,-130.00
3750,200,R,-16651,-130.01
3760,200,R,-16704,-132.50
3770,200,R,-16757,-132.53
3780,200,R,-16809,-129.99
3790,200,R,-16862,-132.47
3800,200,R,-16913,-127.54
3810,200,R,-16965,-129.97
3820,200,R,-17017,-130.01
3830,200,R,-17069,-129.97
3840,200,R,-17121,-130.01
3850,200,R,-17174,-132.49
3860,200,R,-17227,-132.49
3870,200,R,-17281,-135.04
3880,200,R,-17335,-134.99
3890,200,R,-17388,-132.51
3900,200,R,-17442,-135.00
3910,200,R,-17495,-132.46
3920,200,R,-17547,-130.05
3930,200,R,-17600,-132.47
3940,200,R,-17654,-135.03
3950,200,R,-17707,-132.49
3960,200,R,-17761,-134.96
3970,200,R,-17814,-132.51
3980,200,R,-17868,-135.01
3990,200,R,-17921,-132.50
4000,200,R,-17975,-134.99
4010,200,R,-18028,-132.50
4020,200,R,-18079,-127.51
4030,200,R,-18130,-127.49
4040,200,R,-18181,-127.50
4050,200,R,-18232,-127.54
4060,200,R,-18284,-129.97
4070,200,R,-18336,-129.97
4080,200,R,-18388,-130.04
4090,200,R,-18441,-132.51
4100,200,R,-18494,-132.47
4110,200,R,-18548,-135.03
4120,200,R,-18602,-134.95
4130,200,R,-18654,-130.05
4140,200,R,-18707,-132.50
4150,200,R,-18759,-130.00
4160,200,R,-18810,-127.46
4170,200,R,-18863,-132.50
4180,200,R,-18915,-130.00
4190,200,R,-18968,-132.50
4200,200,R,-19020,-129.99
4210,200,R,-19073,-132.53
4220,200,R,-19125,-130.01
4230,200,R,-19178,-132.47
4240,200,R,-19230,-130.01
4250,200,R,-19282,-130.03
4260,200,R,-19334,-129.99
4270,200,R,-19386,-129.96
4280,200,R,-19438,-130.05
4290,200,R,-19490,-130.00
4300,200,R,-19543,-132.46
4310,200,R,-19596,-132.43
4320,200,R,-19649,-132.58
4330,200,R,-19703,-135.03
4340,200,R,-19757,-134.96
4350,200,R,-19811,-134.99
4360,200,R,-19865,-135.00
4370,200,R,-19917,-130.03
4380,200,R,-19970,-132.49
4390,200,R,-20022,-130.01
4400,200,R,-20076,-134.97
4410,200,R,-20130,-135.01
4420,200,R,-20184,-135.00
4430,200,R,-20237,-132.54
4440,200,R,-20291,-134.99
4450,200,R,-20345,-134.99
4460,200,R,-20398,-132.53
4470,200,R,-20451,-132.50
4480,200,R,-20502,-127.50
4490,200,R,-20552,-124.99
4500,200,R,-20603,-127.49
4510,200,R,-20655,-129.92
4520,200,R,-20706,-127.60
4530,200,R,-20758,-129.97
4540,200,R,-20811,-132.49
4550,200,R,-20864,-132.50
4560,200,R,-20918,-135.04
4570,200,R,-20971,-132.47
4580,200,R,-21024,-132.53
4590,200,R,-21077,-132.47
4600,200,R,-21129,-130.00
4610,200,R,-21181,-130.03
4620,200,R,-21233,-129.96
4630,200,R,-21285,-130.00
4640,200,R,-21338,-132.54
4650,200,R,-21391,-132.50
4660,200,R,-21443,-129.92
4670,200,R,-21495,-130.05
4680,200,R,-21548,-132.49
4690,200,R,-21601,-132.49
4700,200,R,-21653,-130.01
4710,200,R,-21705,-130.03
4720,200,R,-21757,-130.01
4730,200,R,-21808,-127.49
4740,200,R,-21861,-132.38
4750,200,R,-21913,-130.13
4760,200,R,-21966,-132.46
4770,200,R,-22019,-132.51
4780,200,R,-22072,-132.50
4790,200,R,-22126,-135.01
4800,200,R,-22180,-134.97
4810,200,R,-22234,-135.04
4820,200,R,-22287,-132.49
4830,200,R,-22339,-130.01
4840,200,R,-22392,-132.50
4850,200,R,-22446,-134.99
4860,200,R,-22499,-132.50
4870,200,R,-22553,-134.97
4880,200,R,-22606,-132.51
4890,200,R,-22660,-134.99
4900,200,R,-22713,-132.51
4910,200,R,-22767,-134.99
4920,200,R,-22820,-132.51
4930,200,R,-22872,-130.00
4940,200,R,-22923,-127.51
4950,200,R,-22973,-125.01
4960,200,R,-23024,-127.50
4970,200,R,-23076,-129.96
4980,200,R,-23127,-127.51
4990,200,R,-23180,-132.51
5000,200,R,-23232,-129.99
5010,200,R,-23286,-134.99
5020,200,R,-23339,-132.54
5030,200,R,-23393,-134.97
5040,200,R,-23446,-132.51
5050,200,R,-23498,-129.99
5060,200,R,-23549,-127.50
5070,200,R,-23601,-130.00
5080,200,R,-23653,-130.00
5090,200,R,-23706,-132.51
5100,200,R,-23759,-132.47
5110,200,R,-23811,-130.01
5120,200,R,-23863,-130.03
5130,200,R,-23915,-129.96
5140,200,R,-23968,-132.54
5150,200,R,-24020,-129.96
5160,200,R,-24073,-132.53
5170,200,R,-24124,-127.49
5180,200,R,-24176,-129.99
5190,200,R,-24228,-130.04
5200,200,R,-24280,-129.96
5210,200,R,-24332,-130.03
5220,200,R,-24385,-132.49
5230,200,R,-24438,-132.47
5240,200,R,-24492,-135.04
5250,200,R,-24546,-135.00
5260,200,R,-24600,-134.99
5270,200,R,-24654,-134.99
5280,200,R,-24706,-130.00
5290,200,R,-24759,-132.49
5300,200,R,-24811,-130.05
5310,200,R,-24865,-134.97
5320,200,R,-24919,-135.00
5330,200,R,-24973,-135.01
5340,200,R,-25026,-132.47
5350,200,R,-25080,-135.03
5360,200,R,-25134,-134.97
5370,200,R,-25187,-132.53
5380,200,R,-25239,-130.01
5390,200,R,-25291,-129.97
5400,200,R,-25341,-125.03
5410,200,R,-25392,-127.47
5420,200,R,-25444,-129.97
5430,200,R,-25495,-127.51
5440,200,R,-25547,-130.04
5450,200,R,-25600,-132.46
5460,200,R,-25653,-132.50
5470,200,R,-25706,-132.51
5480,200,R,-25760,-135.01
5490,200,R,-25813,-132.49
5500,200,R,-25866,-132.50
=== END ===
# Trial 14 of 30: step_up_rev_200_run02
=== START step_up_rev_200_run02 ===
t_ms,pwm_cmd,dir,enc_count,rpm
0,0,N,0,0.00
10,0,N,0,0.00
20,0,N,0,0.00
30,0,N,0,0.00
40,0,N,0,0.00
50,0,N,0,0.00
60,0,N,0,0.00
70,0,N,0,0.00
80,0,N,0,0.00
90,0,N,0,0.00
100,0,N,0,0.00
110,0,N,0,0.00
120,0,N,0,0.00
130,0,N,0,0.00
140,0,N,0,0.00
150,0,N,0,0.00
160,0,N,0,0.00
170,0,N,0,0.00
180,0,N,0,0.00
190,0,N,0,0.00
200,0,N,0,0.00
210,0,N,0,0.00
220,0,N,0,0.00
230,0,N,0,0.00
240,0,N,0,0.00
250,0,N,0,0.00
260,0,N,0,0.00
270,0,N,0,0.00
280,0,N,0,0.00
290,0,N,0,0.00
300,0,N,0,0.00
310,0,N,0,0.00
320,0,N,0,0.00
330,0,N,0,0.00
340,0,N,0,0.00
350,0,N,0,0.00
360,0,N,0,0.00
370,0,N,0,0.00
380,0,N,0,0.00
390,0,N,0,0.00
400,0,N,0,0.00
410,0,N,0,0.00
420,0,N,0,0.00
430,0,N,0,0.00
440,0,N,0,0.00
450,0,N,0,0.00
460,0,N,0,0.00
470,0,N,0,0.00
480,0,N,0,0.00
490,0,N,0,0.00
500,200,R,0,0.00
510,200,R,-3,-7.50
520,200,R,-12,-22.51
530,200,R,-26,-34.99
540,200,R,-43,-42.51
550,200,R,-65,-54.99
560,200,R,-90,-62.52
570,200,R,-118,-69.99
580,200,R,-150,-79.99
590,200,R,-183,-82.51
600,200,R,-220,-92.51
610,200,R,-257,-92.46
620,200,R,-297,-100.01
630,200,R,-340,-107.52
640,200,R,-383,-107.48
650,200,R,-428,-112.49
660,200,R,-473,-112.52
670,200,R,-519,-115.02
680,200,R,-565,-115.00
690,200,R,-612,-117.45
700,200,R,-660,-120.02
710,200,R,-709,-122.49
720,200,R,-759,-125.00
730,200,R,-809,-125.04
740,200,R,-859,-124.98
750,200,R,-909,-125.01
760,200,R,-960,-127.47
770,200,R,-1012,-130.00
780,200,R,-1062,-124.99
790,200,R,-1113,-127.54
800,200,R,-1162,-122.48
810,200,R,-1211,-122.52
820,200,R,-1260,-122.48
830,200,R,-1311,-127.51
840,200,R,-1361,-124.99
850,200,R,-1412,-127.51
860,200,R,-1464,-130.01
870,200,R,-1516,-130.00
880,200,R,-1568,-129.97
890,200,R,-1621,-132.53
900,200,R,-1674,-132.51
910,200,R,-1726,-129.99
920,200,R,-1777,-127.47
930,200,R,-1828,-127.53
940,200,R,-1880,-129.94
950,200,R,-1931,-127.58
960,200,R,-1983,-129.97
970,200,R,-2035,-130.00
980,200,R,-2087,-130.00
990,200,R,-2139,-129.99
1000,200,R,-2191,-130.00
1010,200,R,-2243,-130.03
1020,200,R,-2295,-129.97
1030,200,R,-2347,-130.01
1040,200,R,-2398,-127.50
1050,200,R,-2450,-130.01
1060,200,R,-2502,-130.01
1070,200,R,-2554,-130.00
1080,200,R,-2606,-129.97
1090,200,R,-2658,-130.00
1100,200,R,-2711,-132.50
1110,200,R,-2765,-134.95
1120,200,R,-2819,-135.05
1130,200,R,-2872,-132.49
1140,200,R,-2926,-135.01
1150,200,R,-2977,-127.49
1160,200,R,-3030,-132.53
1170,200,R,-3082,-130.00
1180,200,R,-3136,-134.99
1190,200,R,-3189,-132.51
1200,200,R,-3243,-135.01
1210,200,R,-3296,-132.46
1220,200,R,-3350,-135.03
1230,200,R,-3403,-132.51
1240,200,R,-3456,-132.47
1250,200,R,-3507,-127.50
1260,200,R,-3558,-127.51
1270,200,R,-3609,-127.42
1280,200,R,-3659,-125.06
1290,200,R,-3711,-130.03
1300,200,R,-3762,-127.49
1310,200,R,-3814,-129.97
1320,200,R,-3866,-130.03
1330,200,R,-3919,-132.47
1340,200,R,-3972,-132.53
1350,200,R,-4026,-134.97
1360,200,R,-4078,-129.99
1370,200,R,-4130,-130.01
1380,200,R,-4182,-130.03
1390,200,R,-4234,-130.01
1400,200,R,-4286,-130.00
1410,200,R,-4338,-129.92
1420,200,R,-4390,-130.05
1430,200,R,-4442,-130.03
1440,200,R,-4494,-129.97
1450,200,R,-4546,-129.99
1460,200,R,-4599,-132.53
1470,200,R,-4651,-130.01
1480,200,R,-4703,-129.99
1490,200,R,-4755,-130.01
1500,200,R,-4806,-127.49
1510,200,R,-4858,-130.01
1520,200,R,-4910,-130.00
1530,200,R,-4962,-129.96
1540,200,R,-5015,-132.54
1550,200,R,-5068,-132.49
1560,200,R,-5121,-132.51
1570,200,R,-5175,-134.97
1580,200,R,-5229,-135.00
1590,200,R,-5283,-135.03
1600,200,R,-5336,-132.46
1610,200,R,-5388,-130.03
1620,200,R,-5441,-132.50
1630,200,R,-5494,-132.49
1640,200,R,-5548,-135.00
1650,200,R,-5602,-134.99
1660,200,R,-5655,-132.54
1670,200,R,-5707,-129.99
1680,200,R,-5761,-135.01
1690,200,R,-5815,-134.97
1700,200,R,-5867,-130.01
1710,200,R,-5919,-129.97
1720,200,R,-5970,-127.51
1730,200,R,-6021,-127.53
1740,200,R,-6072,-127.40
1750,200,R,-6123,-127.59
1760,200,R,-6174,-127.50
1770,200,R,-6227,-132.49
1780,200,R,-6279,-130.00
1790,200,R,-6333,-135.01
1800,200,R,-6386,-132.49
1810,200,R,-6440,-135.03
1820,200,R,-6492,-129.99
1830,200,R,-6545,-132.47
1840,200,R,-6596,-127.53
1850,200,R,-6648,-129.96
1860,200,R,-6701,-132.51
1870,200,R,-6753,-130.03
1880,200,R,-6805,-129.99
1890,200,R,-6857,-130.00
1900,200,R,-6909,-129.99
1910,200,R,-6962,-132.51
1920,200,R,-7014,-129.99
1930,200,R,-7067,-132.50
1940,200,R,-7119,-130.01
1950,200,R,-7171,-130.01
1960,200,R,-7222,-127.49
1970,200,R,-7274,-130.01
1980,200,R,-7326,-130.01
1990,200,R,-7378,-130.00
2000,200,R,-7431,-132.47
2010,200,R,-7484,-132.51
2020,200,R,-7538,-134.97
2030,200,R,-7592,-135.04
2040,200,R,-7646,-134.96
2050,200,R,-7699,-132.53
2060,200,R,-7752,-132.51
2070,200,R,-7804,-129.96
2080,200,R,-7857,-132.51
2090,200,R,-7910,-132.51
2100,200,R,-7964,-134.96
2110,200,R,-8018,-135.03
2120,200,R,-8071,-132.49
2130,200,R,-8124,-132.49
2140,200,R,-8177,-132.51
2150,200,R,-8230,-132.53
2160,200,R,-8283,-132.47
2170,200,R,-8335,-130.00
2180,200,R,-8385,-125.00
2190,200,R,-8436,-127.54
2200,200,R,-8487,-127.49
2210,200,R,-8538,-127.49
2220,200,R,-8590,-129.99
2230,200,R,-8642,-130.04
2240,200,R,-8694,-129.99
2250,200,R,-8748,-135.00
2260,200,R,-8802,-135.00
2270,200,R,-8855,-132.51
2280,200,R,-8908,-132.49
2290,200,R,-8959,-127.46
2300,200,R,-9011,-130.04
2310,200,R,-9063,-129.96
2320,200,R,-9115,-130.03
2330,200,R,-9167,-130.00
2340,200,R,-9220,-132.49
2350,200,R,-9272,-129.99
2360,200,R,-9324,-130.05
2370,200,R,-9376,-129.99
2380,200,R,-9429,-132.47
2390,200,R,-9481,-130.01
2400,200,R,-9534,-132.50
2410,200,R,-9585,-127.53
2420,200,R,-9637,-130.00
2430,200,R,-9689,-129.99
2440,200,R,-9741,-130.00
2450,200,R,-9793,-130.01
2460,200,R,-9846,-132.47
2470,200,R,-9899,-132.51
2480,200,R,-9953,-134.97
2490,200,R,-10007,-135.03
2500,200,R,-10061,-135.00
2510,200,R,-10114,-132.47
2520,200,R,-10167,-132.50
2530,200,R,-10219,-130.03
2540,200,R,-10272,-132.51
2550,200,R,-10326,-134.95
2560,200,R,-10379,-132.53
2570,200,R,-10433,-135.00
2580,200,R,-10486,-132.49
2590,200,R,-10539,-132.53
2600,200,R,-10593,-135.00
2610,200,R,-10646,-132.49
2620,200,R,-10698,-130.01
2630,200,R,-10750,-130.00
2640,200,R,-10800,-125.01
2650,200,R,-10851,-127.46
2660,200,R,-10903,-130.01
2670,200,R,-10954,-127.53
2680,200,R,-11006,-130.00
2690,200,R,-11058,-129.95
2700,200,R,-11111,-132.50
2710,200,R,-11165,-135.05
2720,200,R,-11218,-132.47
2730,200,R,-11271,-132.51
2740,200,R,-11324,-132.49
2750,200,R,-11376,-130.00
2760,200,R,-11428,-129.99
2770,200,R,-11480,-130.00
2780,200,R,-11532,-130.04
2790,200,R,-11584,-129.99
2800,200,R,-11637,-132.47
2810,200,R,-11689,-130.01
2820,200,R,-11741,-130.03
2830,200,R,-11794,-132.47
2840,200,R,-11846,-130.01
2850,200,R,-11898,-129.99
2860,200,R,-11950,-129.99
2870,200,R,-12002,-130.00
2880,200,R,-12053,-127.51
2890,200,R,-12106,-132.51
2900,200,R,-12158,-130.01
2910,200,R,-12210,-129.99
2920,200,R,-12262,-130.00
2930,200,R,-12316,-134.99
2940,200,R,-12369,-132.47
2950,200,R,-12423,-135.04
2960,200,R,-12477,-134.99
2970,200,R,-12530,-132.53
2980,200,R,-12582,-130.00
2990,200,R,-12634,-129.96
3000,200,R,-12687,-132.53
3010,200,R,-12741,-134.97
3020,200,R,-12794,-132.54
3030,200,R,-12847,-132.49
3040,200,R,-12900,-132.51
3050,200,R,-12954,-134.96
3060,200,R,-13007,-132.50
3070,200,R,-13060,-132.54
3080,200,R,-13112,-129.96
3090,200,R,-13162,-125.04
3100,200,R,-13213,-127.50
3110,200,R,-13263,-124.99
3120,200,R,-13314,-127.51
3130,200,R,-13365,-127.45
3140,200,R,-13417,-130.05
3150,200,R,-13470,-132.50
3160,200,R,-13522,-129.97
3170,200,R,-13575,-132.47
3180,200,R,-13629,-135.04
3190,200,R,-13681,-129.99
3200,200,R,-13733,-129.99
3210,200,R,-13785,-130.03
3220,200,R,-13837,-129.97
3230,200,R,-13889,-129.96
3240,200,R,-13940,-127.58
3250,200,R,-13992,-129.96
3260,200,R,-14045,-132.51
3270,200,R,-14096,-127.51
3280,200,R,-14149,-132.45
3290,200,R,-14201,-130.05
3300,200,R,-14253,-130.00
3310,200,R,-14305,-129.99
3320,200,R,-14357,-130.00
3330,200,R,-14408,-127.51
3340,200,R,-14459,-127.51
3350,200,R,-14511,-130.00
3360,200,R,-14563,-129.96
3370,200,R,-14616,-132.54
3380,200,R,-14669,-132.49
3390,200,R,-14722,-132.49
3400,200,R,-14775,-132.50
3410,200,R,-14830,-137.49
3420,200,R,-14883,-132.54
3430,200,R,-14936,-132.49
3440,200,R,-14988,-129.97
3450,200,R,-15041,-132.49
3460,200,R,-15094,-132.55
3470,200,R,-15148,-134.96
3480,200,R,-15204,-140.04
3490,200,R,-15255,-127.47
3500,200,R,-15307,-129.97
3510,200,R,-15361,-135.04
3520,200,R,-15415,-135.01
3530,200,R,-15467,-129.99
3540,200,R,-15519,-129.97
3550,200,R,-15570,-127.53
3560,200,R,-15621,-127.51
3570,200,R,-15671,-124.96
3580,200,R,-15723,-130.03
3590,200,R,-15774,-127.49
3600,200,R,-15826,-130.01
3610,200,R,-15878,-129.97
3620,200,R,-15932,-135.01
3630,200,R,-15985,-132.50
3640,200,R,-16038,-132.50
3650,200,R,-16091,-132.53
3660,200,R,-16143,-129.97
3670,200,R,-16195,-129.99
3680,200,R,-16247,-129.99
3690,200,R,-16299,-130.01
3700,200,R,-16351,-130.03
3710,200,R,-16403,-130.00
3720,200,R,-16455,-130.01
3730,200,R,-16507,-130.00
3740,200,R,-16559,-130.00
3750,200,R,-16612,-132.50
3760,200,R,-16664,-129.96
3770,200,R,-16716,-130.01
3780,200,R,-16768,-129.97
3790,200,R,-16819,-127.50
3800,200,R,-16870,-127.53
3810,200,R,-16923,-132.53
3820,200,R,-16975,-129.96
3830,200,R,-17028,-132.53
3840,200,R,-17081,-132.49
3850,200,R,-17134,-132.49
3860,200,R,-17188,-135.01
3870,200,R,-17242,-135.00
3880,200,R,-17295,-132.51
3890,200,R,-17348,-132.51
3900,200,R,-17400,-129.99
3910,200,R,-17454,-134.97
3920,200,R,-17507,-132.53
3930,200,R,-17562,-137.49
3940,200,R,-17620,-145.01
3950,200,R,-17667,-117.48
3960,200,R,-17720,-132.50
3970,200,R,-17774,-135.01
3980,200,R,-17827,-132.53
3990,200,R,-17880,-132.46
4000,200,R,-17932,-129.92
4010,200,R,-17982,-125.10
4020,200,R,-18033,-127.47
4030,200,R,-18084,-127.49
4040,200,R,-18135,-127.50
4050,200,R,-18186,-127.55
4060,200,R,-18239,-132.50
4070,200,R,-18291,-129.99
4080,200,R,-18345,-135.00
4090,200,R,-18399,-135.00
4100,200,R,-18452,-132.51
4110,200,R,-18505,-132.50
4120,200,R,-18557,-129.97
4130,200,R,-18608,-127.53
4140,200,R,-18660,-129.99
4150,200,R,-18712,-130.01
4160,200,R,-18765,-132.46
4170,200,R,-18818,-132.54
4180,200,R,-18870,-129.97
4190,200,R,-18922,-129.97
4200,200,R,-18974,-130.05
4210,200,R,-19027,-132.46
4220,200,R,-19079,-130.04
4230,200,R,-19131,-130.00
4240,200,R,-19183,-129.97
4250,200,R,-19235,-130.00
4260,200,R,-19287,-129.95
4270,200,R,-19339,-130.00
4280,200,R,-19391,-130.07
4290,200,R,-19444,-132.47
4300,200,R,-19497,-132.51
4310,200,R,-19551,-135.03
4320,200,R,-19605,-135.00
4330,200,R,-19659,-134.97
4340,200,R,-19712,-132.49
4350,200,R,-19765,-132.50
4360,200,R,-19817,-130.03
4370,200,R,-19870,-132.51
4380,200,R,-19924,-135.00
4390,200,R,-19980,-139.99
4400,200,R,-20034,-134.97
4410,200,R,-20084,-124.99
4420,200,R,-20138,-135.03
4430,200,R,-20191,-132.49
4440,200,R,-20244,-132.54
4450,200,R,-20297,-132.50
4460,200,R,-20348,-127.46
4470,200,R,-20399,-127.51
4480,200,R,-20450,-127.50
4490,200,R,-20501,-127.50
4500,200,R,-20552,-127.51
4510,200,R,-20604,-130.01
4520,200,R,-20657,-132.39
4530,200,R,-20710,-132.59
4540,200,R,-20763,-132.49
4550,200,R,-20817,-135.00
4560,200,R,-20870,-132.49
4570,200,R,-20922,-130.00
4580,200,R,-20974,-130.01
4590,200,R,-21026,-129.97
4600,200,R,-21078,-130.03
4610,200,R,-21130,-130.00
4620,200,R,-21182,-130.01
4630,200,R,-21235,-132.49
4640,200,R,-21287,-130.00
4650,200,R,-21339,-130.03
4660,200,R,-21392,-132.49
4670,200,R,-21444,-129.96
4680,200,R,-21496,-130.05
4690,200,R,-21549,-132.50
4700,200,R,-21600,-127.46
4710,200,R,-21652,-130.03
4720,200,R,-21704,-130.00
4730,200,R,-21756,-129.96
4740,200,R,-21809,-132.51
4750,200,R,-21861,-130.03
4760,200,R,-21915,-134.99
4770,200,R,-21969,-135.00
4780,200,R,-22023,-135.00
4790,200,R,-22077,-134.97
4800,200,R,-22130,-132.53
4810,200,R,-22182,-130.03
4820,200,R,-22235,-132.46
4830,200,R,-22288,-132.53
4840,200,R,-22342,-135.00
4850,200,R,-22396,-134.99
4860,200,R,-22449,-132.51
4870,200,R,-22502,-132.51
4880,200,R,-22556,-134.96
4890,200,R,-22609,-132.51
4900,200,R,-22662,-132.47
4910,200,R,-22714,-130.05
4920,200,R,-22765,-127.46
4930,200,R,-22815,-125.04
4940,200,R,-22866,-127.46
4950,200,R,-22917,-127.50
4960,200,R,-22969,-130.00
4970,200,R,-23021,-130.01
4980,200,R,-23074,-132.53
4990,200,R,-23127,-132.47
5000,200,R,-23180,-132.51
5010,200,R,-23234,-134.97
5020,200,R,-23286,-130.04
5030,200,R,-23339,-132.45
5040,200,R,-23391,-130.04
5050,200,R,-23443,-129.99
5060,200,R,-23495,-130.00
5070,200,R,-23546,-127.51
5080,200,R,-23599,-132.49
5090,200,R,-23651,-130.03
5100,200,R,-23702,-127.50
5110,200,R,-23755,-132.45
5120,200,R,-23808,-132.55
5130,200,R,-23860,-129.99
5140,200,R,-23912,-129.99
5150,200,R,-23964,-130.03
5160,200,R,-24016,-129.97
5170,200,R,-24067,-127.53
5180,200,R,-24119,-130.00
5190,200,R,-24171,-129.99
5200,200,R,-24224,-132.51
5210,200,R,-24277,-132.46
5220,200,R,-24331,-134.93
5230,200,R,-24384,-132.58
5240,200,R,-24439,-137.49
5250,200,R,-24492,-132.51
5260,200,R,-24545,-132.49
5270,200,R,-24598,-132.45
5280,200,R,-24651,-132.58
5290,200,R,-24704,-132.51
5300,200,R,-24758,-134.97
5310,200,R,-24812,-134.95
5320,200,R,-24864,-130.07
5330,200,R,-24917,-132.51
5340,200,R,-24971,-134.99
5350,200,R,-25024,-132.50
5360,200,R,-25077,-132.47
5370,200,R,-25129,-129.99
5380,200,R,-25180,-127.55
5390,200,R,-25230,-124.98
5400,200,R,-25281,-127.47
5410,200,R,-25333,-130.04
5420,200,R,-25384,-127.51
5430,200,R,-25437,-132.49
5440,200,R,-25489,-130.01
5450,200,R,-25543,-134.97
5460,200,R,-25597,-135.00
5470,200,R,-25650,-132.51
5480,200,R,-25703,-132.50
5490,200,R,-25755,-130.01
=== END ===
# Trial 15 of 30: step_up_rev_200_run03
=== START step_up_rev_200_run03 ===
t_ms,pwm_cmd,dir,enc_count,rpm
0,0,N,0,0.00
10,0,N,0,0.00
20,0,N,0,0.00
30,0,N,0,0.00
40,0,N,0,0.00
50,0,N,0,0.00
60,0,N,0,0.00
70,0,N,0,0.00
80,0,N,0,0.00
90,0,N,0,0.00
100,0,N,0,0.00
110,0,N,0,0.00
120,0,N,0,0.00
130,0,N,0,0.00
140,0,N,0,0.00
150,0,N,0,0.00
160,0,N,0,0.00
170,0,N,0,0.00
180,0,N,0,0.00
190,0,N,0,0.00
200,0,N,0,0.00
210,0,N,0,0.00
220,0,N,0,0.00
230,0,N,0,0.00
240,0,N,0,0.00
250,0,N,0,0.00
260,0,N,0,0.00
270,0,N,0,0.00
280,0,N,0,0.00
290,0,N,0,0.00
300,0,N,0,0.00
310,0,N,0,0.00
320,0,N,0,0.00
330,0,N,0,0.00
340,0,N,0,0.00
350,0,N,0,0.00
360,0,N,0,0.00
370,0,N,0,0.00
380,0,N,0,0.00
390,0,N,0,0.00
400,0,N,0,0.00
410,0,N,0,0.00
420,0,N,0,0.00
430,0,N,0,0.00
440,0,N,0,0.00
450,0,N,0,0.00
460,0,N,0,0.00
470,0,N,0,0.00
480,0,N,0,0.00
490,0,N,0,0.00
500,200,R,0,0.00
510,200,R,-3,-7.50
520,200,R,-12,-22.51
530,200,R,-25,-32.49
540,200,R,-42,-42.51
550,200,R,-64,-54.98
560,200,R,-89,-62.50
570,200,R,-117,-70.00
580,200,R,-148,-77.50
590,200,R,-181,-82.51
600,200,R,-218,-92.46
610,200,R,-256,-95.06
620,200,R,-296,-99.97
630,200,R,-338,-104.99
640,200,R,-381,-107.51
650,200,R,-425,-110.03
660,200,R,-470,-112.46
670,200,R,-515,-112.55
680,200,R,-561,-114.98
690,200,R,-608,-117.50
700,200,R,-656,-120.01
710,200,R,-705,-122.49
720,200,R,-755,-124.99
730,200,R,-805,-125.04
740,200,R,-855,-124.98
750,200,R,-905,-125.03
760,200,R,-956,-127.50
770,200,R,-1006,-124.96
780,200,R,-1055,-122.52
790,200,R,-1104,-122.49
800,200,R,-1153,-122.52
810,200,R,-1202,-122.48
820,200,R,-1252,-124.99
830,200,R,-1302,-125.01
840,200,R,-1353,-127.53
850,200,R,-1405,-129.97
860,200,R,-1458,-132.51
870,200,R,-1510,-130.01
880,200,R,-1562,-130.00
890,200,R,-1614,-129.99
900,200,R,-1666,-130.01
910,200,R,-1717,-127.50
920,200,R,-1769,-129.99
930,200,R,-1820,-127.47
940,200,R,-1872,-130.04
950,200,R,-1924,-129.99
960,200,R,-1975,-127.50
970,200,R,-2026,-127.50
980,200,R,-2079,-132.49
990,200,R,-2131,-129.99
1000,200,R,-2183,-130.03
1010,200,R,-2235,-130.01
1020,200,R,-2287,-129.96
1030,200,R,-2338,-127.50
1040,200,R,-2389,-127.50
1050,200,R,-2442,-132.41
1060,200,R,-2493,-127.63
1070,200,R,-2546,-132.47
1080,200,R,-2599,-132.49
1090,200,R,-2652,-132.50
1100,200,R,-2706,-135.03
1110,200,R,-2760,-135.01
1120,200,R,-2814,-134.97
1130,200,R,-2867,-132.51
1140,200,R,-2919,-129.96
1150,200,R,-2972,-132.55
1160,200,R,-3025,-132.46
1170,200,R,-3079,-135.00
1180,200,R,-3132,-132.53
1190,200,R,-3185,-132.50
1200,200,R,-3238,-132.50
1210,200,R,-3292,-134.97
1220,200,R,-3345,-132.54
1230,200,R,-3397,-129.99
1240,200,R,-3449,-130.00
1250,200,R,-3500,-127.50
1260,200,R,-3551,-127.51
1270,200,R,-3601,-124.96
1280,200,R,-3653,-130.00
1290,200,R,-3704,-127.51
1300,200,R,-3756,-130.00
1310,200,R,-3809,-132.51
1320,200,R,-3862,-132.50
1330,200,R,-3916,-135.01
1340,200,R,-3969,-132.49
1350,200,R,-4021,-129.99
1360,200,R,-4073,-130.03
1370,200,R,-4125,-129.99
1380,200,R,-4176,-127.47
1390,200,R,-4229,-132.49
1400,200,R,-4281,-130.00
1410,200,R,-4333,-130.04
1420,200,R,-4385,-129.97
1430,200,R,-4437,-130.01
1440,200,R,-4489,-129.91
1450,200,R,-4541,-130.08
1460,200,R,-4593,-130.03
1470,200,R,-4646,-132.51
1480,200,R,-4697,-127.49
1490,200,R,-4749,-130.01
1500,200,R,-4800,-127.46
1510,200,R,-4852,-130.01
1520,200,R,-4904,-129.99
1530,200,R,-4957,-132.51
1540,200,R,-5010,-132.50
1550,200,R,-5064,-134.99
1560,200,R,-5118,-135.03
1570,200,R,-5171,-132.51
1580,200,R,-5225,-134.99
1590,200,R,-5278,-132.49
1600,200,R,-5330,-129.99
1610,200,R,-5383,-132.50
1620,200,R,-5438,-137.54
1630,200,R,-5499,-152.48
1640,200,R,-5551,-130.00
1650,200,R,-5597,-114.98
1660,200,R,-5650,-132.54
1670,200,R,-5703,-132.45
1680,200,R,-5756,-132.50
1690,200,R,-5809,-132.54
1700,200,R,-5860,-127.46
1710,200,R,-5911,-127.51
1720,200,R,-5962,-127.51
1730,200,R,-6013,-127.51
1740,200,R,-6064,-127.49
1750,200,R,-6115,-127.49
1760,200,R,-6168,-132.50
1770,200,R,-6220,-130.04
1780,200,R,-6273,-132.50
1790,200,R,-6327,-134.96
1800,200,R,-6380,-132.51
1810,200,R,-6433,-132.50
1820,200,R,-6485,-129.99
1830,200,R,-6536,-127.50
1840,200,R,-6588,-130.03
1850,200,R,-6640,-130.01
1860,200,R,-6692,-129.99
1870,200,R,-6745,-132.51
1880,200,R,-6796,-127.50
1890,200,R,-6848,-129.99
1900,200,R,-6900,-129.97
1910,200,R,-6953,-132.49
1920,200,R,-7005,-130.03
1930,200,R,-7057,-130.03
1940,200,R,-7109,-129.95
1950,200,R,-7160,-127.55
1960,200,R,-7212,-129.96
1970,200,R,-7264,-130.01
1980,200,R,-7315,-127.50
1990,200,R,-7369,-135.01
2000,200,R,-7421,-129.97
2010,200,R,-7475,-135.03
2020,200,R,-7529,-135.00
2030,200,R,-7583,-135.00
2040,200,R,-7636,-132.50
2050,200,R,-7689,-132.46
2060,200,R,-7741,-130.03
2070,200,R,-7794,-132.51
2080,200,R,-7847,-132.49
2090,200,R,-7901,-135.00
2100,200,R,-7954,-132.49
2110,200,R,-8007,-132.53
2120,200,R,-8061,-135.00
2130,200,R,-8114,-132.50
2140,200,R,-8167,-132.47
2150,200,R,-8219,-130.00
2160,200,R,-8270,-127.53
2170,200,R,-8321,-127.51
2180,200,R,-8372,-127.49
2190,200,R,-8423,-127.47
2200,200,R,-8474,-127.49
2210,200,R,-8526,-130.05
2220,200,R,-8578,-129.99
2230,200,R,-8631,-132.47
2240,200,R,-8684,-132.53
2250,200,R,-8738,-134.97
2260,200,R,-8790,-130.03
2270,200,R,-8843,-132.49
2280,200,R,-8895,-129.99
2290,200,R,-8946,-127.50
2300,200,R,-8998,-130.04
2310,200,R,-9050,-129.96
2320,200,R,-9102,-130.03
2330,200,R,-9154,-129.97
2340,200,R,-9206,-130.00
2350,200,R,-9258,-130.03
2360,200,R,-9310,-130.01
2370,200,R,-9363,-132.47
2380,200,R,-9414,-127.53
2390,200,R,-9467,-132.50
2400,200,R,-9518,-127.50
2410,200,R,-9570,-130.00
2420,200,R,-9621,-127.46
2430,200,R,-9673,-130.00
2440,200,R,-9726,-132.51
2450,200,R,-9778,-130.03
2460,200,R,-9831,-132.49
2470,200,R,-9885,-135.00
2480,200,R,-9939,-135.01
2490,200,R,-9992,-132.50
2500,200,R,-10046,-134.96
2510,200,R,-10098,-130.04
2520,200,R,-10151,-132.49
2530,200,R,-10203,-130.00
2540,200,R,-10257,-135.00
2550,200,R,-10311,-134.99
2560,200,R,-10364,-132.50
2570,200,R,-10417,-132.49
2580,200,R,-10471,-135.01
2590,200,R,-10524,-132.50
2600,200,R,-10577,-132.49
2610,200,R,-10629,-130.04
2620,200,R,-10680,-127.47
2630,200,R,-10731,-127.47
2640,200,R,-10782,-127.55
2650,200,R,-10833,-127.50
2660,200,R,-10884,-127.50
2670,200,R,-10937,-132.47
2680,200,R,-10989,-130.01
2690,200,R,-11042,-132.50
2700,200,R,-11095,-132.50
2710,200,R,-11149,-134.99
2720,200,R,-11202,-132.53
2730,200,R,-11254,-129.99
2740,200,R,-11306,-130.00
2750,200,R,-11358,-129.97
2760,200,R,-11410,-129.99
2770,200,R,-11462,-130.05
2780,200,R,-11514,-129.99
2790,200,R,-11566,-129.97
2800,200,R,-11618,-130.01
2810,200,R,-11671,-132.49
2820,200,R,-11723,-130.03
2830,200,R,-11775,-130.01
2840,200,R,-11828,-132.50
2850,200,R,-11880,-129.96
2860,200,R,-11931,-127.54
2870,200,R,-11982,-127.49
2880,200,R,-12035,-132.51
2890,200,R,-12087,-129.99
2900,200,R,-12140,-132.47
2910,200,R,-12192,-130.00
2920,200,R,-12246,-135.04
2930,200,R,-12299,-132.46
2940,200,R,-12354,-137.54
2950,200,R,-12408,-134.89
2960,200,R,-12461,-132.58
2970,200,R,-12513,-130.03
2980,200,R,-12566,-132.50
2990,200,R,-12619,-132.46
3000,200,R,-12676,-142.53
3010,200,R,-12733,-142.47
3020,200,R,-12780,-117.54
3030,200,R,-12832,-129.96
3040,200,R,-12886,-135.03
3050,200,R,-12940,-135.00
3060,200,R,-12992,-130.00
3070,200,R,-13044,-130.00
3080,200,R,-13095,-127.51
3090,200,R,-13146,-127.49
3100,200,R,-13196,-125.00
3110,200,R,-13248,-130.00
3120,200,R,-13299,-127.47
3130,200,R,-13352,-132.51
3140,200,R,-13404,-130.01
3150,200,R,-13458,-135.01
3160,200,R,-13511,-132.45
3170,200,R,-13565,-135.01
3180,200,R,-13617,-130.04
3190,200,R,-13670,-132.47
3200,200,R,-13721,-127.47
3210,200,R,-13773,-130.04
3220,200,R,-13825,-129.96
3230,200,R,-13878,-132.51
3240,200,R,-13930,-130.00
3250,200,R,-13982,-130.01
3260,200,R,-14033,-127.49
3270,200,R,-14086,-132.50
3280,200,R,-14138,-130.01
3290,200,R,-14190,-130.01
3300,200,R,-14243,-132.50
3310,200,R,-14295,-129.97
3320,200,R,-14346,-127.50
3330,200,R,-14397,-127.50
3340,200,R,-14449,-130.00
3350,200,R,-14501,-130.01
3360,200,R,-14554,-132.51
3370,200,R,-14607,-132.49
3380,200,R,-14660,-132.50
3390,200,R,-14714,-135.03
3400,200,R,-14768,-135.00
3410,200,R,-14821,-132.47
3420,200,R,-14874,-132.53
3430,200,R,-14926,-129.97
3440,200,R,-14979,-132.49
3450,200,R,-15032,-132.54
3460,200,R,-15085,-132.47
3470,200,R,-15138,-132.50
3480,200,R,-15192,-135.00
3490,200,R,-15245,-132.53
3500,200,R,-15298,-132.47
3510,200,R,-15351,-132.49
3520,200,R,-15403,-130.01
3530,200,R,-15455,-129.99
3540,200,R,-15506,-127.53
3550,200,R,-15556,-125.01
3560,200,R,-15607,-127.50
3570,200,R,-15658,-127.50
3580,200,R,-15710,-129.99
3590,200,R,-15762,-130.01
3600,200,R,-15815,-132.46
3610,200,R,-15868,-132.50
3620,200,R,-15922,-135.00
3630,200,R,-15975,-132.50
3640,200,R,-16027,-130.00
3650,200,R,-16079,-130.03
3660,200,R,-16131,-129.95
3670,200,R,-16182,-127.51
3680,200,R,-16235,-132.45
3690,200,R,-16287,-130.07
3700,200,R,-16339,-130.01
3710,200,R,-16391,-129.96
3720,200,R,-16443,-130.03
3730,200,R,-16494,-127.51
3740,200,R,-16547,-132.49
3750,200,R,-16599,-130.00
3760,200,R,-16652,-132.50
3770,200,R,-16703,-127.54
3780,200,R,-16754,-127.46
3790,200,R,-16806,-130.04
3800,200,R,-16858,-129.96
3810,200,R,-16910,-130.04
3820,200,R,-16962,-129.96
3830,200,R,-17016,-134.99
3840,200,R,-17069,-132.51
3850,200,R,-17123,-135.03
3860,200,R,-17177,-134.96
3870,200,R,-17231,-135.05
3880,200,R,-17283,-129.99
3890,200,R,-17335,-129.97
3900,200,R,-17388,-132.50
3910,200,R,-17442,-135.00
3920,200,R,-17496,-135.03
3930,200,R,-17549,-132.47
3940,200,R,-17603,-135.03
3950,200,R,-17656,-132.51
3960,200,R,-17709,-132.49
3970,200,R,-17762,-132.47
3980,200,R,-17815,-132.50
3990,200,R,-17866,-127.53
4000,200,R,-17917,-127.49
4010,200,R,-17968,-127.50
4020,200,R,-18019,-127.50
4030,200,R,-18070,-127.53
4040,200,R,-18122,-130.00
4050,200,R,-18174,-130.00
4060,200,R,-18227,-132.49
4070,200,R,-18281,-134.97
4080,200,R,-18334,-132.49
4090,200,R,-18387,-132.51
4100,200,R,-18440,-132.49
4110,200,R,-18492,-130.05
4120,200,R,-18544,-130.00
4130,200,R,-18595,-127.46
4140,200,R,-18648,-132.54
4150,200,R,-18700,-129.95
4160,200,R,-18753,-132.53
4170,200,R,-18805,-130.00
4180,200,R,-18857,-130.00
4190,200,R,-18909,-130.01
4200,200,R,-18962,-132.47
4210,200,R,-19014,-130.03
4220,200,R,-19066,-129.99
4230,200,R,-19118,-130.00
4240,200,R,-19170,-130.00
4250,200,R,-19222,-129.97
4260,200,R,-19274,-130.04
4270,200,R,-19326,-129.99
4280,200,R,-19379,-132.53
4290,200,R,-19432,-132.47
4300,200,R,-19486,-135.03
4310,200,R,-19541,-137.47
4320,200,R,-19594,-132.50
4330,200,R,-19648,-135.03
4340,200,R,-19700,-129.99
4350,200,R,-19753,-132.47
4360,200,R,-19806,-132.50
4370,200,R,-19861,-137.49
4380,200,R,-19914,-132.55
4390,200,R,-19967,-132.47
4400,200,R,-20020,-132.53
4410,200,R,-20074,-134.96
4420,200,R,-20127,-132.51
4430,200,R,-20180,-132.51
4440,200,R,-20232,-130.01
4450,200,R,-20283,-127.47
4460,200,R,-20334,-127.50
4470,200,R,-20385,-127.50
4480,200,R,-20436,-127.50
4490,200,R,-20488,-130.03
4500,200,R,-20541,-132.47
4510,200,R,-20593,-129.99
4520,200,R,-20646,-132.54
4530,200,R,-20700,-134.99
4540,200,R,-20754,-135.01
4550,200,R,-20807,-132.49
4560,200,R,-20859,-129.99
4570,200,R,-20912,-132.53
4580,200,R,-20964,-129.96
4590,200,R,-21016,-129.99
4600,200,R,-21068,-130.04
4610,200,R,-21121,-132.46
4620,200,R,-21174,-132.51
4630,200,R,-21226,-130.04
4640,200,R,-21279,-132.46
4650,200,R,-21332,-132.51
4660,200,R,-21384,-129.99
4670,200,R,-21437,-132.50
4680,200,R,-21490,-132.51
4690,200,R,-21542,-130.01
4700,200,R,-21594,-129.96
4710,200,R,-21646,-130.00
4720,200,R,-21699,-132.51
4730,200,R,-21753,-135.01
4740,200,R,-21806,-132.53
4750,200,R,-21861,-137.50
4760,200,R,-21915,-134.97
4770,200,R,-21969,-135.03
4780,200,R,-22023,-135.00
4790,200,R,-22077,-134.97
4800,200,R,-22130,-132.51
4810,200,R,-22184,-134.99
4820,200,R,-22247,-157.52
4830,200,R,-22301,-135.00
4840,200,R,-22354,-132.47
4850,200,R,-22406,-130.04
4860,200,R,-22452,-114.98
4870,200,R,-22505,-132.50
4880,200,R,-22559,-135.00
4890,200,R,-22612,-132.53
4900,200,R,-22664,-129.96
4910,200,R,-22715,-127.50
4920,200,R,-22767,-130.01
4930,200,R,-22818,-127.49
4940,200,R,-22870,-130.03
4950,200,R,-22923,-132.50
4960,200,R,-22975,-130.00
4970,200,R,-23029,-135.00
4980,200,R,-23083,-134.99
4990,200,R,-23137,-135.03
5000,200,R,-23191,-134.88
5010,200,R,-23244,-132.58
5020,200,R,-23297,-132.49
5030,200,R,-23349,-130.00
5040,200,R,-23401,-130.00
5050,200,R,-23454,-132.51
5060,200,R,-23507,-132.51
5070,200,R,-23560,-132.53
5080,200,R,-23612,-129.99
5090,200,R,-23665,-132.46
5100,200,R,-23718,-132.54
5110,200,R,-23772,-135.00
5120,200,R,-23825,-132.51
5130,200,R,-23877,-130.00
5140,200,R,-23930,-132.45
5150,200,R,-23982,-130.04
5160,200,R,-24035,-132.49
5170,200,R,-24088,-132.47
5180,200,R,-24142,-135.03
5190,200,R,-24195,-132.53
5200,200,R,-24249,-134.97
5210,200,R,-24304,-137.42
5220,200,R,-24359,-137.58
5230,200,R,-24413,-134.99
5240,200,R,-24467,-135.04
5250,200,R,-24520,-132.49
5260,200,R,-24574,-135.00
5270,200,R,-24636,-154.94
5280,200,R,-24692,-140.00
5290,200,R,-24745,-132.57
5300,200,R,-24797,-129.97
5310,200,R,-24842,-112.49
5320,200,R,-24896,-135.00
5330,200,R,-24950,-135.04
5340,200,R,-25003,-132.47
5350,200,R,-25055,-129.99
5360,200,R,-25107,-130.01
5370,200,R,-25158,-127.51
5380,200,R,-25209,-127.51
5390,200,R,-25261,-129.95
5400,200,R,-25314,-132.51
5410,200,R,-25367,-132.54
5420,200,R,-25420,-132.50
5430,200,R,-25474,-134.99
5440,200,R,-25529,-137.46
5450,200,R,-25582,-132.55
5460,200,R,-25636,-134.96
5470,200,R,-25688,-130.00
5480,200,R,-25741,-132.51
5490,200,R,-25793,-130.03
5500,200,R,-25846,-132.49
=== END ===
# Trial 16 of 30: step_up_rev_240_run01
=== START step_up_rev_240_run01 ===
t_ms,pwm_cmd,dir,enc_count,rpm
0,0,N,0,0.00
10,0,N,0,0.00
20,0,N,0,0.00
30,0,N,0,0.00
40,0,N,0,0.00
50,0,N,0,0.00
60,0,N,0,0.00
70,0,N,0,0.00
80,0,N,0,0.00
90,0,N,0,0.00
100,0,N,0,0.00
110,0,N,0,0.00
120,0,N,0,0.00
130,0,N,0,0.00
140,0,N,0,0.00
150,0,N,0,0.00
160,0,N,0,0.00
170,0,N,0,0.00
180,0,N,0,0.00
190,0,N,0,0.00
200,0,N,0,0.00
210,0,N,0,0.00
220,0,N,0,0.00
230,0,N,0,0.00
240,0,N,0,0.00
250,0,N,0,0.00
260,0,N,0,0.00
270,0,N,0,0.00
280,0,N,0,0.00
290,0,N,0,0.00
300,0,N,0,0.00
310,0,N,0,0.00
320,0,N,0,0.00
330,0,N,0,0.00
340,0,N,0,0.00
350,0,N,0,0.00
360,0,N,0,0.00
370,0,N,0,0.00
380,0,N,0,0.00
390,0,N,0,0.00
400,0,N,0,0.00
410,0,N,0,0.00
420,0,N,0,0.00
430,0,N,0,0.00
440,0,N,0,0.00
450,0,N,0,0.00
460,0,N,0,0.00
470,0,N,0,0.00
480,0,N,0,0.00
490,0,N,0,0.00
500,240,R,0,0.00
510,240,R,-2,-5.00
520,240,R,-9,-17.50
530,240,R,-19,-25.00
540,240,R,-33,-35.00
550,240,R,-50,-42.49
560,240,R,-71,-52.52
570,240,R,-95,-60.00
580,240,R,-122,-67.49
590,240,R,-153,-77.49
600,240,R,-187,-84.99
610,240,R,-224,-92.53
620,240,R,-264,-99.97
630,240,R,-307,-107.49
640,240,R,-352,-112.52
650,240,R,-401,-122.52
660,240,R,-455,-135.00
670,240,R,-518,-157.45
680,240,R,-574,-140.01
690,240,R,-626,-130.03
700,240,R,-688,-154.98
710,240,R,-753,-162.52
720,240,R,-819,-164.88
730,240,R,-885,-165.08
740,240,R,-952,-167.48
750,240,R,-1020,-170.00
760,240,R,-1091,-177.52
770,240,R,-1165,-184.98
780,240,R,-1240,-187.50
790,240,R,-1317,-192.52
800,240,R,-1396,-197.46
810,240,R,-1475,-197.56
820,240,R,-1553,-195.02
830,240,R,-1632,-197.50
840,240,R,-1713,-202.46
850,240,R,-1793,-200.00
860,240,R,-1874,-202.54
870,240,R,-1957,-207.44
880,240,R,-2039,-205.04
890,240,R,-2122,-207.50
900,240,R,-2204,-204.84
910,240,R,-2287,-207.65
920,240,R,-2372,-212.48
930,240,R,-2457,-212.50
940,240,R,-2544,-217.54
950,240,R,-2632,-220.02
960,240,R,-2718,-215.00
970,240,R,-2804,-214.96
980,240,R,-2900,-240.00
990,240,R,-2984,-210.04
1000,240,R,-3062,-194.96
1010,240,R,-3149,-217.54
1020,240,R,-3235,-214.96
1030,240,R,-3319,-210.04
1040,240,R,-3402,-207.48
1050,240,R,-3487,-212.50
1060,240,R,-3573,-214.98
1070,240,R,-3661,-219.98
1080,240,R,-3750,-222.57
1090,240,R,-3838,-219.93
1100,240,R,-3926,-219.91
1110,240,R,-4012,-215.06
1120,240,R,-4099,-217.54
1130,240,R,-4186,-217.54
1140,240,R,-4273,-217.46
1150,240,R,-4360,-217.48
1160,240,R,-4448,-220.07
1170,240,R,-4534,-214.98
1180,240,R,-4620,-215.00
1190,240,R,-4708,-220.02
1200,240,R,-4796,-220.00
1210,240,R,-4885,-222.32
1220,240,R,-4975,-225.16
1230,240,R,-5064,-222.50
1240,240,R,-5152,-220.02
1250,240,R,-5244,-230.00
1260,240,R,-5338,-235.00
1270,240,R,-5418,-199.86
1280,240,R,-5505,-217.61
1290,240,R,-5592,-217.50
1300,240,R,-5679,-217.54
1310,240,R,-5763,-209.98
1320,240,R,-5848,-212.46
1330,240,R,-5934,-215.06
1340,240,R,-6023,-222.48
1350,240,R,-6112,-222.52
1360,240,R,-6202,-224.96
1370,240,R,-6290,-220.02
1380,240,R,-6378,-220.00
1390,240,R,-6465,-217.50
1400,240,R,-6554,-222.50
1410,240,R,-6641,-217.50
1420,240,R,-6728,-217.52
1430,240,R,-6816,-219.96
1440,240,R,-6904,-220.02
1450,240,R,-6991,-217.52
1460,240,R,-7078,-217.48
1470,240,R,-7166,-220.02
1480,240,R,-7255,-222.46
1490,240,R,-7345,-224.98
1500,240,R,-7435,-225.02
1510,240,R,-7524,-222.46
1520,240,R,-7614,-225.09
1530,240,R,-7711,-242.50
1540,240,R,-7798,-217.46
1550,240,R,-7878,-199.96
1560,240,R,-7966,-220.04
1570,240,R,-8053,-217.52
1580,240,R,-8138,-212.48
1590,240,R,-8223,-212.50
1600,240,R,-8309,-214.98
1610,240,R,-8398,-222.52
1620,240,R,-8487,-222.50
1630,240,R,-8577,-225.05
1640,240,R,-8666,-222.46
1650,240,R,-8753,-217.50
1660,240,R,-8841,-219.98
1670,240,R,-8929,-220.04
1680,240,R,-9017,-220.00
1690,240,R,-9105,-219.96
1700,240,R,-9193,-220.04
1710,240,R,-9281,-219.96
1720,240,R,-9368,-217.54
1730,240,R,-9455,-217.52
1740,240,R,-9543,-219.98
1750,240,R,-9632,-222.48
1760,240,R,-9722,-225.05
1770,240,R,-9812,-224.96
1780,240,R,-9902,-225.02
1790,240,R,-9990,-219.98
1800,240,R,-10089,-247.40
1810,240,R,-10177,-220.07
1820,240,R,-10255,-195.06
1830,240,R,-10344,-222.43
1840,240,R,-10431,-217.52
1850,240,R,-10517,-215.02
1860,240,R,-10602,-212.52
1870,240,R,-10687,-212.44
1880,240,R,-10775,-220.04
1890,240,R,-10864,-222.52
1900,240,R,-10955,-227.48
1910,240,R,-11044,-222.46
1920,240,R,-11133,-222.41
1930,240,R,-11219,-215.15
1940,240,R,-11308,-222.46
1950,240,R,-11396,-220.00
1960,240,R,-11484,-220.00
1970,240,R,-11572,-219.98
1980,240,R,-11660,-220.04
1990,240,R,-11747,-217.52
2000,240,R,-11834,-217.46
2010,240,R,-11921,-217.54
2020,240,R,-12010,-222.43
2030,240,R,-12101,-227.48
2040,240,R,-12191,-225.05
2050,240,R,-12282,-227.55
2060,240,R,-12369,-217.46
2070,240,R,-12467,-245.05
2080,240,R,-12556,-222.43
2090,240,R,-12639,-207.54
2100,240,R,-12723,-210.00
2110,240,R,-12811,-220.00
2120,240,R,-12897,-215.00
2130,240,R,-12982,-212.50
2140,240,R,-13068,-214.85
2150,240,R,-13155,-217.65
2160,240,R,-13243,-220.02
2170,240,R,-13334,-227.43
2180,240,R,-13424,-225.02
2190,240,R,-13512,-220.00
2200,240,R,-13600,-220.02
2210,240,R,-13688,-219.96
2220,240,R,-13777,-222.57
2230,240,R,-13864,-217.43
2240,240,R,-13952,-220.02
2250,240,R,-14040,-220.04
2260,240,R,-14128,-220.00
2270,240,R,-14214,-214.98
2280,240,R,-14302,-219.98
2290,240,R,-14391,-222.52
2300,240,R,-14480,-222.46
2310,240,R,-14571,-227.50
2320,240,R,-14662,-227.57
2330,240,R,-14749,-217.48
2340,240,R,-14842,-232.43
2350,240,R,-14937,-237.52
2360,240,R,-15020,-207.48
2370,240,R,-15104,-210.00
2380,240,R,-15191,-217.52
2390,240,R,-15278,-217.52
2400,240,R,-15363,-212.52
2410,240,R,-15448,-212.52
2420,240,R,-15535,-217.46
2430,240,R,-15623,-219.98
2440,240,R,-15713,-225.02
2450,240,R,-15803,-225.05
2460,240,R,-15891,-219.96
2470,240,R,-15979,-220.00
2480,240,R,-16067,-220.00
2490,240,R,-16155,-219.96
2500,240,R,-16243,-220.07
2510,240,R,-16330,-217.48
2520,240,R,-16418,-219.98
2530,240,R,-16506,-220.07
2540,240,R,-16593,-217.46
2550,240,R,-16680,-217.54
2560,240,R,-16768,-220.00
2570,240,R,-16857,-222.43
2580,240,R,-16947,-225.05
2590,240,R,-17038,-227.48
2600,240,R,-17126,-220.04
2610,240,R,-17216,-225.00
2620,240,R,-17313,-242.48
2630,240,R,-17399,-214.96
2640,240,R,-17480,-202.52
2650,240,R,-17568,-220.02
2660,240,R,-17655,-217.52
2670,240,R,-17739,-209.94
2680,240,R,-17824,-212.54
2690,240,R,-17910,-214.98
2700,240,R,-17999,-222.48
2710,240,R,-18087,-219.98
2720,240,R,-18178,-227.41
2730,240,R,-18266,-220.11
2740,240,R,-18354,-220.00
2750,240,R,-18442,-220.02
2760,240,R,-18529,-217.50
2770,240,R,-18617,-220.02
2780,240,R,-18704,-217.48
2790,240,R,-18792,-220.04
2800,240,R,-18880,-220.00
2810,240,R,-18967,-217.50
2820,240,R,-19054,-217.43
2830,240,R,-19141,-217.50
2840,240,R,-19228,-217.52
2850,240,R,-19317,-222.48
2860,240,R,-19408,-227.57
2870,240,R,-19497,-222.50
2880,240,R,-19584,-217.46
2890,240,R,-19674,-225.00
2900,240,R,-19765,-227.50
2910,240,R,-19849,-210.04
2920,240,R,-19937,-219.96
2930,240,R,-20024,-217.54
2940,240,R,-20110,-214.87
2950,240,R,-20194,-210.08
2960,240,R,-20280,-215.02
2970,240,R,-20367,-217.46
2980,240,R,-20455,-220.07
2990,240,R,-20545,-224.98
3000,240,R,-20634,-222.48
3010,240,R,-20722,-219.98
3020,240,R,-20809,-217.54
3030,240,R,-20897,-219.96
3040,240,R,-20985,-220.07
3050,240,R,-21072,-217.43
3060,240,R,-21160,-220.07
3070,240,R,-21247,-217.48
3080,240,R,-21334,-217.50
3090,240,R,-21420,-215.00
3100,240,R,-21508,-220.00
3110,240,R,-21596,-219.96
3120,240,R,-21685,-222.52
3130,240,R,-21775,-224.84
3140,240,R,-21864,-222.68
3150,240,R,-21951,-217.46
3160,240,R,-22039,-220.07
3170,240,R,-22128,-222.37
3180,240,R,-22215,-217.57
3190,240,R,-22303,-220.02
3200,240,R,-22391,-219.96
3210,240,R,-22477,-215.04
3220,240,R,-22561,-210.00
3230,240,R,-22646,-212.54
3240,240,R,-22731,-212.44
3250,240,R,-22820,-222.41
3260,240,R,-22908,-220.13
3270,240,R,-22998,-224.98
3280,240,R,-23086,-220.04
3290,240,R,-23173,-217.46
3300,240,R,-23260,-217.52
3310,240,R,-23348,-220.00
3320,240,R,-23435,-217.46
3330,240,R,-23522,-217.54
3340,240,R,-23610,-220.02
3350,240,R,-23697,-217.43
3360,240,R,-23783,-215.02
3370,240,R,-23870,-217.35
3380,240,R,-23957,-217.63
3390,240,R,-24045,-220.02
3400,240,R,-24135,-224.98
3410,240,R,-24225,-225.05
3420,240,R,-24313,-219.96
3430,240,R,-24400,-217.57
3440,240,R,-24489,-222.50
3450,240,R,-24577,-219.96
3460,240,R,-24664,-217.52
3470,240,R,-24752,-220.02
3480,240,R,-24839,-217.48
3490,240,R,-24924,-212.52
3500,240,R,-25008,-210.00
3510,240,R,-25094,-214.89
3520,240,R,-25180,-215.11
3530,240,R,-25269,-222.48
3540,240,R,-25358,-222.52
3550,240,R,-25447,-222.43
3560,240,R,-25535,-219.98
3570,240,R,-25622,-217.37
3580,240,R,-25710,-220.20
3590,240,R,-25797,-217.43
3600,240,R,-25885,-219.89
3610,240,R,-25972,-217.65
3620,240,R,-26060,-220.04
3630,240,R,-26146,-214.96
3640,240,R,-26232,-215.00
3650,240,R,-26319,-217.48
3660,240,R,-26407,-219.98
3670,240,R,-26497,-225.02
3680,240,R,-26587,-225.05
3690,240,R,-26677,-224.89
3700,240,R,-26763,-215.06
3710,240,R,-26851,-220.07
3720,240,R,-26941,-224.98
3730,240,R,-27028,-217.46
3740,240,R,-27116,-220.00
3750,240,R,-27203,-217.54
3760,240,R,-27289,-214.96
3770,240,R,-27373,-209.98
3780,240,R,-27458,-212.59
3790,240,R,-27545,-217.43
3800,240,R,-27632,-217.48
3810,240,R,-27722,-225.02
3820,240,R,-27811,-222.50
3830,240,R,-27900,-222.52
3840,240,R,-27987,-217.52
3850,240,R,-28074,-217.43
3860,240,R,-28163,-222.57
3870,240,R,-28249,-214.98
3880,240,R,-28338,-222.39
3890,240,R,-28425,-217.57
3900,240,R,-28513,-220.00
3910,240,R,-28599,-215.02
3920,240,R,-28686,-217.50
3930,240,R,-28774,-219.98
3940,240,R,-28863,-222.57
3950,240,R,-28953,-224.98
3960,240,R,-29043,-225.02
3970,240,R,-29130,-217.48
3980,240,R,-29218,-220.02
3990,240,R,-29309,-227.45
4000,240,R,-29399,-225.05
4010,240,R,-29484,-212.52
4020,240,R,-29571,-217.50
4030,240,R,-29658,-217.48
4040,240,R,-29743,-212.42
4050,240,R,-29827,-210.11
4060,240,R,-29913,-214.91
4070,240,R,-30001,-220.02
4080,240,R,-30090,-222.50
4090,240,R,-30180,-225.07
4100,240,R,-30269,-222.46
4110,240,R,-30356,-217.48
4120,240,R,-30444,-220.07
4130,240,R,-30531,-217.48
4140,240,R,-30619,-219.96
4150,240,R,-30707,-220.00
4160,240,R,-30795,-220.00
4170,240,R,-30882,-217.54
4180,240,R,-30969,-217.50
4190,240,R,-31056,-217.48
4200,240,R,-31143,-217.48
4210,240,R,-31232,-222.52
4220,240,R,-31321,-222.48
4230,240,R,-31412,-227.57
4240,240,R,-31501,-222.43
4250,240,R,-31589,-220.02
4260,240,R,-31680,-227.52
4270,240,R,-31775,-237.50
4280,240,R,-31853,-195.00
4290,240,R,-31942,-222.46
4300,240,R,-32029,-217.52
4310,240,R,-32114,-212.50
4320,240,R,-32199,-212.48
4330,240,R,-32284,-212.54
4340,240,R,-32372,-220.00
4350,240,R,-32460,-219.93
4360,240,R,-32550,-225.07
4370,240,R,-32639,-222.43
4380,240,R,-32728,-222.59
4390,240,R,-32814,-215.00
4400,240,R,-32903,-222.48
4410,240,R,-32991,-219.89
4420,240,R,-33078,-217.61
4430,240,R,-33166,-220.02
4440,240,R,-33254,-219.98
4450,240,R,-33341,-217.46
4460,240,R,-33427,-215.04
4470,240,R,-33515,-219.93
4480,240,R,-33603,-220.04
4490,240,R,-33693,-225.05
4500,240,R,-33784,-227.45
4510,240,R,-33873,-222.52
4520,240,R,-33960,-217.48
4530,240,R,-34049,-222.50
4540,240,R,-34147,-245.02
4550,240,R,-34227,-199.94
4560,240,R,-34314,-217.54
4570,240,R,-34402,-220.02
4580,240,R,-34488,-215.00
4590,240,R,-34572,-210.02
4600,240,R,-34657,-212.46
4610,240,R,-34744,-217.52
4620,240,R,-34832,-219.96
4630,240,R,-34921,-222.57
4640,240,R,-35012,-227.43
4650,240,R,-35100,-220.00
4660,240,R,-35188,-220.02
4670,240,R,-35275,-217.48
4680,240,R,-35364,-222.52
4690,240,R,-35450,-215.00
4700,240,R,-35539,-222.48
4710,240,R,-35627,-220.02
4720,240,R,-35714,-217.48
4730,240,R,-35800,-215.06
4740,240,R,-35887,-217.43
4750,240,R,-35976,-222.50
4760,240,R,-36065,-222.50
4770,240,R,-36155,-225.05
4780,240,R,-36245,-225.00
4790,240,R,-36333,-219.98
4800,240,R,-36422,-222.34
4810,240,R,-36520,-245.15
4820,240,R,-36606,-215.02
4830,240,R,-36687,-202.54
4840,240,R,-36775,-220.00
4850,240,R,-36862,-217.50
4860,240,R,-36946,-209.98
4870,240,R,-37031,-212.52
4880,240,R,-37117,-214.94
4890,240,R,-37205,-220.04
4900,240,R,-37295,-224.84
4910,240,R,-37385,-225.16
4920,240,R,-37474,-222.48
4930,240,R,-37561,-217.54
4940,240,R,-37649,-220.00
4950,240,R,-37737,-219.98
4960,240,R,-37825,-219.98
4970,240,R,-37912,-217.48
4980,240,R,-38001,-222.54
4990,240,R,-38088,-217.52
5000,240,R,-38175,-217.50
5010,240,R,-38262,-217.50
5020,240,R,-38350,-219.96
5030,240,R,-38439,-222.37
5040,240,R,-38528,-222.68
5050,240,R,-38619,-227.50
5060,240,R,-38708,-222.48
5070,240,R,-38796,-220.02
5080,240,R,-38894,-245.00
5090,240,R,-38982,-219.93
5100,240,R,-39061,-197.52
5110,240,R,-39150,-222.48
5120,240,R,-39237,-217.54
5130,240,R,-39322,-212.52
5140,240,R,-39407,-212.46
5150,240,R,-39493,-215.00
5160,240,R,-39580,-217.52
5170,240,R,-39669,-222.52
5180,240,R,-39760,-227.30
5190,240,R,-39849,-222.63
5200,240,R,-39937,-220.00
5210,240,R,-40024,-217.50
5220,240,R,-40112,-220.07
5230,240,R,-40201,-222.39
5240,240,R,-40288,-217.54
5250,240,R,-40376,-220.00
5260,240,R,-40464,-220.07
5270,240,R,-40551,-217.48
5280,240,R,-40638,-217.48
5290,240,R,-40725,-217.48
5300,240,R,-40814,-222.50
5310,240,R,-40904,-225.02
5320,240,R,-40995,-227.52
5330,240,R,-41084,-222.43
5340,240,R,-41172,-220.04
5350,240,R,-41265,-232.55
5360,240,R,-41359,-235.00
5370,240,R,-41438,-197.46
5380,240,R,-41526,-219.98
5390,240,R,-41614,-220.04
5400,240,R,-41699,-212.50
5410,240,R,-41784,-212.48
5420,240,R,-41869,-212.46
5430,240,R,-41957,-220.00
5440,240,R,-42045,-220.04
5450,240,R,-42135,-224.96
5460,240,R,-42224,-222.54
5470,240,R,-42313,-222.48
5480,240,R,-42400,-217.54
5490,240,R,-42488,-220.00
=== END ===
# Trial 17 of 30: step_up_rev_240_run02
=== START step_up_rev_240_run02 ===
t_ms,pwm_cmd,dir,enc_count,rpm
0,0,N,0,0.00
10,0,N,0,0.00
20,0,N,0,0.00
30,0,N,0,0.00
40,0,N,0,0.00
50,0,N,0,0.00
60,0,N,0,0.00
70,0,N,0,0.00
80,0,N,0,0.00
90,0,N,0,0.00
100,0,N,0,0.00
110,0,N,0,0.00
120,0,N,0,0.00
130,0,N,0,0.00
140,0,N,0,0.00
150,0,N,0,0.00
160,0,N,0,0.00
170,0,N,0,0.00
180,0,N,0,0.00
190,0,N,0,0.00
200,0,N,0,0.00
210,0,N,0,0.00
220,0,N,0,0.00
230,0,N,0,0.00
240,0,N,0,0.00
250,0,N,0,0.00
260,0,N,0,0.00
270,0,N,0,0.00
280,0,N,0,0.00
290,0,N,0,0.00
300,0,N,0,0.00
310,0,N,0,0.00
320,0,N,0,0.00
330,0,N,0,0.00
340,0,N,0,0.00
350,0,N,0,0.00
360,0,N,0,0.00
370,0,N,0,0.00
380,0,N,0,0.00
390,0,N,0,0.00
400,0,N,0,0.00
410,0,N,0,0.00
420,0,N,0,0.00
430,0,N,0,0.00
440,0,N,0,0.00
450,0,N,0,0.00
460,0,N,0,0.00
470,0,N,0,0.00
480,0,N,0,0.00
490,0,N,0,0.00
500,240,R,0,0.00
510,240,R,-2,-5.00
520,240,R,-9,-17.50
530,240,R,-19,-25.01
540,240,R,-33,-35.00
550,240,R,-50,-42.50
560,240,R,-70,-50.01
570,240,R,-93,-57.51
580,240,R,-121,-69.99
590,240,R,-151,-75.02
600,240,R,-184,-82.49
610,240,R,-221,-92.48
620,240,R,-260,-97.53
630,240,R,-302,-104.97
640,240,R,-347,-112.52
650,240,R,-394,-117.48
660,240,R,-444,-125.04
670,240,R,-497,-132.50
680,240,R,-553,-139.99
690,240,R,-612,-147.49
700,240,R,-673,-152.48
710,240,R,-737,-160.05
720,240,R,-802,-162.48
730,240,R,-870,-170.02
740,240,R,-939,-172.45
750,240,R,-1009,-175.00
760,240,R,-1080,-177.54
770,240,R,-1154,-184.98
780,240,R,-1230,-190.04
790,240,R,-1307,-192.48
800,240,R,-1387,-200.00
810,240,R,-1468,-202.52
820,240,R,-1548,-199.94
830,240,R,-1628,-200.00
840,240,R,-1713,-212.54
850,240,R,-1803,-224.84
860,240,R,-1881,-195.12
870,240,R,-1958,-192.50
880,240,R,-2042,-209.98
890,240,R,-2125,-207.50
900,240,R,-2206,-202.54
910,240,R,-2288,-204.94
920,240,R,-2371,-207.58
930,240,R,-2457,-214.96
940,240,R,-2544,-217.50
950,240,R,-2632,-220.00
960,240,R,-2720,-220.02
970,240,R,-2806,-215.02
980,240,R,-2892,-215.00
990,240,R,-2979,-217.43
1000,240,R,-3067,-220.00
1010,240,R,-3153,-215.04
1020,240,R,-3241,-220.00
1030,240,R,-3329,-219.82
1040,240,R,-3415,-215.11
1050,240,R,-3502,-217.54
1060,240,R,-3589,-217.50
1070,240,R,-3678,-222.48
1080,240,R,-3768,-225.00
1090,240,R,-3859,-227.57
1100,240,R,-3948,-222.43
1110,240,R,-4036,-220.02
1120,240,R,-4131,-237.50
1130,240,R,-4224,-232.55
1140,240,R,-4308,-209.96
1150,240,R,-4391,-207.54
1160,240,R,-4479,-219.98
1170,240,R,-4565,-214.94
1180,240,R,-4649,-210.02
1190,240,R,-4735,-215.06
1200,240,R,-4823,-219.93
1210,240,R,-4913,-225.05
1220,240,R,-5004,-227.48
1230,240,R,-5094,-225.00
1240,240,R,-5182,-220.00
1250,240,R,-5270,-219.98
1260,240,R,-5359,-222.50
1270,240,R,-5448,-222.54
1280,240,R,-5536,-219.96
1290,240,R,-5625,-222.54
1300,240,R,-5714,-222.39
1310,240,R,-5801,-217.63
1320,240,R,-5888,-217.48
1330,240,R,-5976,-220.02
1340,240,R,-6067,-227.43
1350,240,R,-6157,-225.07
1360,240,R,-6249,-229.79
1370,240,R,-6339,-225.18
1380,240,R,-6427,-219.98
1390,240,R,-6520,-232.50
1400,240,R,-6616,-240.00
1410,240,R,-6703,-217.52
1420,240,R,-6784,-202.48
1430,240,R,-6872,-220.00
1440,240,R,-6959,-217.50
1450,240,R,-7043,-210.00
1460,240,R,-7130,-217.54
1470,240,R,-7218,-220.00
1480,240,R,-7308,-225.00
1490,240,R,-7399,-227.43
1500,240,R,-7489,-225.02
1510,240,R,-7578,-222.54
1520,240,R,-7666,-219.93
1530,240,R,-7755,-222.48
1540,240,R,-7844,-222.57
1550,240,R,-7933,-222.50
1560,240,R,-8022,-222.50
1570,240,R,-8111,-222.46
1580,240,R,-8198,-217.48
1590,240,R,-8286,-220.02
1600,240,R,-8375,-222.57
1610,240,R,-8465,-224.91
1620,240,R,-8555,-225.09
1630,240,R,-8647,-229.93
1640,240,R,-8738,-227.48
1650,240,R,-8827,-222.57
1660,240,R,-8919,-230.02
1670,240,R,-9015,-239.95
1680,240,R,-9103,-220.00
1690,240,R,-9184,-202.54
1700,240,R,-9272,-219.93
1710,240,R,-9359,-217.50
1720,240,R,-9444,-212.46
1730,240,R,-9530,-215.04
1740,240,R,-9619,-222.48
1750,240,R,-9709,-225.02
1760,240,R,-9800,-227.57
1770,240,R,-9890,-224.98
1780,240,R,-9979,-222.48
1790,240,R,-10067,-219.98
1800,240,R,-10157,-225.05
1810,240,R,-10246,-222.50
1820,240,R,-10335,-222.50
1830,240,R,-10424,-222.52
1840,240,R,-10513,-222.43
1850,240,R,-10601,-220.02
1860,240,R,-10689,-220.00
1870,240,R,-10777,-219.96
1880,240,R,-10868,-227.52
1890,240,R,-10958,-225.07
1900,240,R,-11050,-229.95
1910,240,R,-11141,-227.39
1920,240,R,-11230,-222.61
1930,240,R,-11322,-229.98
1940,240,R,-11418,-240.00
1950,240,R,-11503,-212.56
1960,240,R,-11587,-209.96
1970,240,R,-11675,-219.96
1980,240,R,-11762,-217.59
1990,240,R,-11847,-212.46
2000,240,R,-11933,-214.98
2010,240,R,-12022,-222.57
2020,240,R,-12112,-224.96
2030,240,R,-12203,-227.48
2040,240,R,-12294,-227.48
2050,240,R,-12382,-220.02
2060,240,R,-12471,-222.52
2070,240,R,-12560,-222.54
2080,240,R,-12649,-222.46
2090,240,R,-12738,-222.50
2100,240,R,-12827,-222.54
2110,240,R,-12916,-222.50
2120,240,R,-13004,-219.93
2130,240,R,-13092,-220.00
2140,240,R,-13180,-219.98
2150,240,R,-13271,-227.59
2160,240,R,-13362,-227.45
2170,240,R,-13453,-227.48
2180,240,R,-13544,-227.52
2190,240,R,-13633,-222.52
2200,240,R,-13727,-234.98
2210,240,R,-13822,-237.52
2220,240,R,-13906,-210.02
2230,240,R,-13991,-212.50
2240,240,R,-14079,-220.00
2250,240,R,-14166,-217.46
2260,240,R,-14250,-209.98
2270,240,R,-14337,-217.57
2280,240,R,-14426,-222.50
2290,240,R,-14516,-225.00
2300,240,R,-14607,-227.43
2310,240,R,-14698,-227.55
2320,240,R,-14787,-222.48
2330,240,R,-14875,-219.98
2340,240,R,-14964,-222.48
2350,240,R,-15053,-222.54
2360,240,R,-15143,-225.00
2370,240,R,-15232,-222.48
2380,240,R,-15321,-222.52
2390,240,R,-15408,-217.48
2400,240,R,-15496,-220.02
2410,240,R,-15585,-222.52
2420,240,R,-15676,-227.45
2430,240,R,-15766,-225.07
2440,240,R,-15858,-229.93
2450,240,R,-15949,-227.52
2460,240,R,-16038,-222.50
2470,240,R,-16131,-232.48
2480,240,R,-16227,-240.02
2490,240,R,-16308,-202.50
2500,240,R,-16396,-220.02
2510,240,R,-16484,-220.02
2520,240,R,-16571,-217.30
2530,240,R,-16655,-210.15
2540,240,R,-16742,-217.54
2550,240,R,-16831,-222.43
2560,240,R,-16921,-225.02
2570,240,R,-17012,-227.55
2580,240,R,-17103,-227.50
2590,240,R,-17192,-222.43
2600,240,R,-17280,-220.07
2610,240,R,-17369,-222.43
2620,240,R,-17459,-225.00
2630,240,R,-17548,-222.57
2640,240,R,-17637,-222.50
2650,240,R,-17726,-222.43
2660,240,R,-17814,-220.07
2670,240,R,-17902,-219.96
2680,240,R,-17991,-222.54
2690,240,R,-18081,-224.98
2700,240,R,-18172,-227.52
2710,240,R,-18264,-229.93
2720,240,R,-18354,-225.05
2730,240,R,-18444,-224.96
2740,240,R,-18538,-235.07
2750,240,R,-18632,-234.98
2760,240,R,-18713,-202.50
2770,240,R,-18801,-220.00
2780,240,R,-18890,-222.52
2790,240,R,-18976,-214.94
2800,240,R,-19060,-210.06
2810,240,R,-19148,-220.00
2820,240,R,-19237,-222.46
2830,240,R,-19327,-225.05
2840,240,R,-19418,-227.41
2850,240,R,-19509,-227.45
2860,240,R,-19597,-220.11
2870,240,R,-19686,-222.52
2880,240,R,-19775,-222.41
2890,240,R,-19865,-225.02
2900,240,R,-19953,-220.02
2910,240,R,-20043,-225.02
2920,240,R,-20132,-222.52
2930,240,R,-20220,-220.00
2940,240,R,-20308,-219.98
2950,240,R,-20397,-222.48
2960,240,R,-20487,-225.02
2970,240,R,-20579,-229.98
2980,240,R,-20670,-227.55
2990,240,R,-20760,-224.98
3000,240,R,-20850,-224.96
3010,240,R,-20946,-240.02
3020,240,R,-21039,-232.55
3030,240,R,-21119,-199.86
3040,240,R,-21208,-222.61
3050,240,R,-21296,-220.00
3060,240,R,-21382,-215.02
3070,240,R,-21467,-212.50
3080,240,R,-21554,-217.48
3090,240,R,-21644,-224.98
3100,240,R,-21734,-225.05
3110,240,R,-21825,-227.45
3120,240,R,-21916,-227.52
3130,240,R,-22004,-219.98
3140,240,R,-22093,-222.50
3150,240,R,-22183,-225.00
3160,240,R,-22272,-222.57
3170,240,R,-22361,-222.43
3180,240,R,-22451,-225.07
3190,240,R,-22539,-220.00
3200,240,R,-22627,-219.98
3210,240,R,-22716,-222.43
3220,240,R,-22805,-222.52
3230,240,R,-22895,-225.05
3240,240,R,-22987,-229.93
3250,240,R,-23079,-230.07
3260,240,R,-23169,-224.96
3270,240,R,-23258,-222.52
3280,240,R,-23352,-235.05
3290,240,R,-23447,-237.48
3300,240,R,-23527,-199.98
3310,240,R,-23617,-224.91
3320,240,R,-23705,-220.11
3330,240,R,-23790,-212.52
3340,240,R,-23876,-214.98
3350,240,R,-23963,-217.52
3360,240,R,-24052,-222.43
3370,240,R,-24143,-227.50
3380,240,R,-24235,-230.07
3390,240,R,-24325,-224.93
3400,240,R,-24414,-222.50
3410,240,R,-24503,-222.57
3420,240,R,-24592,-222.48
3430,240,R,-24681,-222.50
3440,240,R,-24771,-224.89
3450,240,R,-24860,-222.59
3460,240,R,-24949,-222.50
3470,240,R,-25037,-220.00
3480,240,R,-25125,-220.02
3490,240,R,-25215,-225.02
3500,240,R,-25305,-225.00
3510,240,R,-25397,-229.95
3520,240,R,-25489,-229.98
3530,240,R,-25579,-225.07
3540,240,R,-25668,-222.43
3550,240,R,-25760,-230.05
3560,240,R,-25857,-242.50
3570,240,R,-25937,-199.96
3580,240,R,-26026,-222.54
3590,240,R,-26115,-222.52
3600,240,R,-26200,-212.31
3610,240,R,-26285,-212.69
3620,240,R,-26373,-219.98
3630,240,R,-26463,-224.82
3640,240,R,-26553,-225.14
3650,240,R,-26645,-230.05
3660,240,R,-26735,-225.02
3670,240,R,-26824,-222.48
3680,240,R,-26912,-219.98
3690,240,R,-27003,-227.55
3700,240,R,-27092,-222.46
3710,240,R,-27181,-222.54
3720,240,R,-27270,-222.48
3730,240,R,-27359,-222.52
3740,240,R,-27447,-219.93
3750,240,R,-27536,-222.52
3760,240,R,-27626,-225.00
3770,240,R,-27717,-227.50
3780,240,R,-27809,-230.05
3790,240,R,-27901,-229.93
3800,240,R,-27990,-222.57
3810,240,R,-28079,-222.48
3820,240,R,-28170,-227.48
3830,240,R,-28261,-227.55
3840,240,R,-28349,-219.91
3850,240,R,-28438,-222.52
3860,240,R,-28526,-220.07
3870,240,R,-28611,-212.50
3880,240,R,-28697,-214.94
3890,240,R,-28785,-220.02
3900,240,R,-28874,-222.54
3910,240,R,-28966,-229.95
3920,240,R,-29057,-227.50
3930,240,R,-29147,-225.05
3940,240,R,-29236,-222.43
3950,240,R,-29325,-222.50
3960,240,R,-29416,-227.55
3970,240,R,-29505,-222.52
3980,240,R,-29595,-224.87
3990,240,R,-29684,-222.63
4000,240,R,-29773,-222.41
4010,240,R,-29860,-217.59
4020,240,R,-29951,-227.45
4030,240,R,-30040,-222.54
4040,240,R,-30132,-229.95
4050,240,R,-30224,-230.00
4060,240,R,-30315,-227.50
4070,240,R,-30404,-222.54
4080,240,R,-30495,-227.48
4090,240,R,-30591,-239.95
4100,240,R,-30676,-212.50
4110,240,R,-30764,-220.04
4120,240,R,-30853,-222.50
4130,240,R,-30940,-217.52
4140,240,R,-31026,-214.96
4150,240,R,-31112,-215.00
4160,240,R,-31201,-222.48
4170,240,R,-31290,-222.54
4180,240,R,-31382,-229.98
4190,240,R,-31473,-227.45
4200,240,R,-31564,-227.45
4210,240,R,-31652,-220.13
4220,240,R,-31742,-224.96
4230,240,R,-31832,-225.00
4240,240,R,-31922,-224.98
4250,240,R,-32011,-222.54
4260,240,R,-32101,-225.00
4270,240,R,-32189,-219.98
4280,240,R,-32278,-222.48
4290,240,R,-32367,-222.48
4300,240,R,-32458,-227.52
4310,240,R,-32549,-227.55
4320,240,R,-32642,-232.45
4330,240,R,-32733,-227.50
4340,240,R,-32822,-222.50
4350,240,R,-32913,-227.52
4360,240,R,-33004,-227.55
4370,240,R,-33092,-219.96
4380,240,R,-33181,-222.52
4390,240,R,-33270,-222.48
4400,240,R,-33357,-217.48
4410,240,R,-33442,-212.50
4420,240,R,-33529,-217.54
4430,240,R,-33618,-222.46
4440,240,R,-33709,-227.50
4450,240,R,-33801,-229.98
4460,240,R,-33892,-227.52
4470,240,R,-33981,-222.57
4480,240,R,-34070,-222.43
4490,240,R,-34160,-225.02
4500,240,R,-34250,-225.02
4510,240,R,-34340,-225.00
4520,240,R,-34429,-222.43
4530,240,R,-34520,-227.50
4540,240,R,-34607,-217.52
4550,240,R,-34696,-222.52
4560,240,R,-34786,-224.98
4570,240,R,-34877,-227.50
4580,240,R,-34968,-227.55
4590,240,R,-35061,-232.52
4600,240,R,-35152,-227.45
4610,240,R,-35241,-222.52
4620,240,R,-35332,-227.50
4630,240,R,-35422,-224.87
4640,240,R,-35511,-222.46
4650,240,R,-35600,-222.61
4660,240,R,-35689,-222.52
4670,240,R,-35775,-215.04
4680,240,R,-35860,-212.52
4690,240,R,-35948,-219.96
4700,240,R,-36037,-222.50
4710,240,R,-36128,-227.52
4720,240,R,-36220,-230.02
4730,240,R,-36311,-227.41
4740,240,R,-36400,-222.52
4750,240,R,-36489,-222.54
4760,240,R,-36579,-225.00
4770,240,R,-36669,-224.98
4780,240,R,-36758,-222.48
4790,240,R,-36848,-225.07
4800,240,R,-36938,-224.98
4810,240,R,-37026,-219.96
4820,240,R,-37115,-222.50
4830,240,R,-37205,-225.05
4840,240,R,-37296,-227.48
4850,240,R,-37388,-230.02
4860,240,R,-37480,-229.95
4870,240,R,-37570,-225.07
4880,240,R,-37660,-224.82
4890,240,R,-37752,-230.16
4900,240,R,-37841,-222.46
4910,240,R,-37929,-220.00
4920,240,R,-38018,-222.48
4930,240,R,-38107,-222.59
4940,240,R,-38192,-212.44
4950,240,R,-38278,-215.04
4960,240,R,-38365,-217.46
4970,240,R,-38455,-225.02
4980,240,R,-38546,-227.55
4990,240,R,-38638,-229.93
5000,240,R,-38728,-224.98
5010,240,R,-38817,-222.54
5020,240,R,-38906,-222.50
5030,240,R,-38997,-227.55
5040,240,R,-39086,-222.50
5050,240,R,-39175,-222.46
5060,240,R,-39265,-224.98
5070,240,R,-39354,-222.57
5080,240,R,-39443,-222.48
5090,240,R,-39532,-222.50
5100,240,R,-39622,-225.00
5110,240,R,-39713,-227.52
5120,240,R,-39805,-229.93
5130,240,R,-39897,-230.00
5140,240,R,-39986,-222.50
5150,240,R,-40075,-222.52
5160,240,R,-40168,-232.50
5170,240,R,-40256,-219.98
5180,240,R,-40345,-222.57
5190,240,R,-40435,-224.96
5200,240,R,-40522,-217.50
5210,240,R,-40607,-212.48
5220,240,R,-40693,-215.02
5230,240,R,-40781,-220.00
5240,240,R,-40871,-225.02
5250,240,R,-40962,-227.45
5260,240,R,-41054,-230.05
5270,240,R,-41144,-224.98
5280,240,R,-41234,-225.05
5290,240,R,-41323,-222.30
5300,240,R,-41413,-225.18
5310,240,R,-41502,-222.48
5320,240,R,-41592,-225.05
5330,240,R,-41682,-225.00
5340,240,R,-41770,-219.98
5350,240,R,-41858,-220.02
5360,240,R,-41948,-224.96
5370,240,R,-42038,-224.96
5380,240,R,-42129,-227.55
5390,240,R,-42221,-230.02
5400,240,R,-42313,-230.02
5410,240,R,-42402,-222.50
5420,240,R,-42492,-224.98
5430,240,R,-42584,-230.02
5440,240,R,-42672,-219.93
5450,240,R,-42761,-222.48
5460,240,R,-42850,-222.59
5470,240,R,-42937,-217.46
5480,240,R,-43023,-215.02
5490,240,R,-43109,-214.94
=== END ===
# Trial 18 of 30: step_up_rev_240_run03
=== START step_up_rev_240_run03 ===
t_ms,pwm_cmd,dir,enc_count,rpm
0,0,N,0,0.00
10,0,N,0,0.00
20,0,N,0,0.00
30,0,N,0,0.00
40,0,N,0,0.00
50,0,N,0,0.00
60,0,N,0,0.00
70,0,N,0,0.00
80,0,N,0,0.00
90,0,N,0,0.00
100,0,N,0,0.00
110,0,N,0,0.00
120,0,N,0,0.00
130,0,N,0,0.00
140,0,N,0,0.00
150,0,N,0,0.00
160,0,N,0,0.00
170,0,N,0,0.00
180,0,N,0,0.00
190,0,N,0,0.00
200,0,N,0,0.00
210,0,N,0,0.00
220,0,N,0,0.00
230,0,N,0,0.00
240,0,N,0,0.00
250,0,N,0,0.00
260,0,N,0,0.00
270,0,N,0,0.00
280,0,N,0,0.00
290,0,N,0,0.00
300,0,N,0,0.00
310,0,N,0,0.00
320,0,N,0,0.00
330,0,N,0,0.00
340,0,N,0,0.00
350,0,N,0,0.00
360,0,N,0,0.00
370,0,N,0,0.00
380,0,N,0,0.00
390,0,N,0,0.00
400,0,N,0,0.00
410,0,N,0,0.00
420,0,N,0,0.00
430,0,N,0,0.00
440,0,N,0,0.00
450,0,N,0,0.00
460,0,N,0,0.00
470,0,N,0,0.00
480,0,N,0,0.00
490,0,N,0,0.00
500,240,R,0,0.00
510,240,R,-2,-5.00
520,240,R,-9,-17.50
530,240,R,-20,-27.49
540,240,R,-35,-37.50
550,240,R,-52,-42.50
560,240,R,-73,-52.51
570,240,R,-98,-62.49
580,240,R,-125,-67.51
590,240,R,-156,-77.48
600,240,R,-189,-82.51
610,240,R,-226,-92.51
620,240,R,-264,-94.99
630,240,R,-305,-102.52
640,240,R,-349,-110.00
650,240,R,-396,-117.50
660,240,R,-447,-127.47
670,240,R,-502,-137.50
680,240,R,-560,-145.01
690,240,R,-621,-152.52
700,240,R,-686,-162.44
710,240,R,-752,-165.05
720,240,R,-819,-167.47
730,240,R,-888,-172.50
740,240,R,-958,-174.91
750,240,R,-1030,-180.14
760,240,R,-1104,-184.96
770,240,R,-1179,-187.48
780,240,R,-1256,-192.48
790,240,R,-1334,-195.08
800,240,R,-1413,-197.44
810,240,R,-1491,-195.00
820,240,R,-1570,-197.48
830,240,R,-1653,-207.56
840,240,R,-1735,-204.96
850,240,R,-1820,-212.54
860,240,R,-1906,-214.98
870,240,R,-1992,-214.94
880,240,R,-2076,-210.08
890,240,R,-2161,-212.46
900,240,R,-2251,-225.05
910,240,R,-2339,-219.98
920,240,R,-2419,-200.02
930,240,R,-2506,-217.48
940,240,R,-2592,-214.89
950,240,R,-2675,-207.58
960,240,R,-2758,-207.56
970,240,R,-2844,-214.91
980,240,R,-2931,-217.52
990,240,R,-3020,-222.52
1000,240,R,-3110,-225.05
1010,240,R,-3199,-222.48
1020,240,R,-3288,-222.48
1030,240,R,-3375,-217.50
1040,240,R,-3464,-222.48
1050,240,R,-3553,-222.57
1060,240,R,-3642,-222.43
1070,240,R,-3731,-222.52
1080,240,R,-3820,-222.48
1090,240,R,-3907,-217.54
1100,240,R,-3995,-220.00
1110,240,R,-4084,-222.50
1120,240,R,-4175,-227.45
1130,240,R,-4266,-227.50
1140,240,R,-4358,-229.98
1150,240,R,-4448,-225.07
1160,240,R,-4537,-222.52
1170,240,R,-4629,-230.00
1180,240,R,-4725,-239.93
1190,240,R,-4805,-200.06
1200,240,R,-4895,-224.96
1210,240,R,-4984,-222.52
1220,240,R,-5070,-214.98
1230,240,R,-5155,-212.48
1240,240,R,-5242,-217.54
1250,240,R,-5331,-222.50
1260,240,R,-5422,-227.45
1270,240,R,-5514,-230.00
1280,240,R,-5605,-227.52
1290,240,R,-5694,-222.52
1300,240,R,-5783,-222.46
1310,240,R,-5873,-225.05
1320,240,R,-5963,-224.98
1330,240,R,-6053,-224.98
1340,240,R,-6142,-222.54
1350,240,R,-6232,-224.98
1360,240,R,-6320,-220.02
1370,240,R,-6409,-222.46
1380,240,R,-6499,-224.98
1390,240,R,-6590,-227.52
1400,240,R,-6681,-227.52
1410,240,R,-6774,-232.50
1420,240,R,-6864,-225.02
1430,240,R,-6954,-224.87
1440,240,R,-7047,-232.59
1450,240,R,-7141,-235.07
1460,240,R,-7223,-204.98
1470,240,R,-7312,-222.46
1480,240,R,-7401,-222.50
1490,240,R,-7487,-215.00
1500,240,R,-7572,-212.56
1510,240,R,-7659,-217.43
1520,240,R,-7750,-227.41
1530,240,R,-7840,-225.14
1540,240,R,-7932,-229.93
1550,240,R,-8023,-227.57
1560,240,R,-8112,-222.52
1570,240,R,-8201,-222.48
1580,240,R,-8291,-224.98
1590,240,R,-8381,-225.05
1600,240,R,-8470,-222.43
1610,240,R,-8560,-225.00
1620,240,R,-8649,-222.52
1630,240,R,-8738,-222.52
1640,240,R,-8827,-222.48
1650,240,R,-8918,-227.41
1660,240,R,-9008,-225.11
1670,240,R,-9100,-230.02
1680,240,R,-9192,-230.00
1690,240,R,-9282,-224.93
1700,240,R,-9372,-224.98
1710,240,R,-9466,-235.00
1720,240,R,-9559,-232.57
1730,240,R,-9642,-207.35
1740,240,R,-9730,-220.13
1750,240,R,-9819,-222.46
1760,240,R,-9904,-212.56
1770,240,R,-9990,-214.98
1780,240,R,-10078,-219.98
1790,240,R,-10168,-225.00
1800,240,R,-10259,-227.55
1810,240,R,-10351,-229.98
1820,240,R,-10441,-225.02
1830,240,R,-10530,-222.48
1840,240,R,-10619,-222.54
1850,240,R,-10710,-227.45
1860,240,R,-10799,-222.48
1870,240,R,-10889,-225.07
1880,240,R,-10979,-224.93
1890,240,R,-11068,-222.54
1900,240,R,-11155,-217.46
1910,240,R,-11245,-225.02
1920,240,R,-11335,-225.05
1930,240,R,-11427,-230.00
1940,240,R,-11519,-229.93
1950,240,R,-11611,-230.02
1960,240,R,-11700,-222.48
1970,240,R,-11790,-225.07
1980,240,R,-11885,-237.50
1990,240,R,-11974,-222.46
2000,240,R,-12059,-212.52
2010,240,R,-12148,-222.46
2020,240,R,-12236,-220.04
2030,240,R,-12321,-212.48
2040,240,R,-12407,-214.98
2050,240,R,-12496,-222.50
2060,240,R,-12586,-225.07
2070,240,R,-12678,-230.00
2080,240,R,-12769,-227.41
2090,240,R,-12859,-225.09
2100,240,R,-12948,-222.50
2110,240,R,-13038,-225.00
2120,240,R,-13128,-224.93
2130,240,R,-13218,-225.07
2140,240,R,-13307,-222.48
2150,240,R,-13397,-224.96
2160,240,R,-13486,-222.46
2170,240,R,-13574,-220.09
2180,240,R,-13664,-224.93
2190,240,R,-13754,-225.09
2200,240,R,-13846,-230.00
2210,240,R,-13938,-229.95
2220,240,R,-14030,-230.00
2230,240,R,-14119,-222.52
2240,240,R,-14210,-227.48
2250,240,R,-14307,-242.52
2260,240,R,-14387,-200.02
2270,240,R,-14477,-224.93
2280,240,R,-14566,-222.57
2290,240,R,-14653,-217.50
2300,240,R,-14739,-214.94
2310,240,R,-14826,-217.52
2320,240,R,-14914,-220.04
2330,240,R,-15004,-224.93
2340,240,R,-15096,-230.07
2350,240,R,-15187,-227.48
2360,240,R,-15277,-224.96
2370,240,R,-15366,-222.48
2380,240,R,-15456,-225.07
2390,240,R,-15546,-224.96
2400,240,R,-15636,-225.00
2410,240,R,-15725,-222.50
2420,240,R,-15815,-225.00
2430,240,R,-15903,-220.04
2440,240,R,-15992,-222.52
2450,240,R,-16081,-222.48
2460,240,R,-16172,-227.48
2470,240,R,-16264,-230.00
2480,240,R,-16356,-229.98
2490,240,R,-16447,-227.55
2500,240,R,-16537,-224.96
2510,240,R,-16628,-227.50
2520,240,R,-16724,-240.07
2530,240,R,-16805,-202.50
2540,240,R,-16895,-225.00
2550,240,R,-16984,-222.43
2560,240,R,-17070,-215.02
2570,240,R,-17155,-212.52
2580,240,R,-17243,-219.93
2590,240,R,-17332,-222.59
2600,240,R,-17423,-227.48
2610,240,R,-17515,-229.95
2620,240,R,-17606,-227.57
2630,240,R,-17695,-222.43
2640,240,R,-17784,-222.48
2650,240,R,-17874,-225.02
2660,240,R,-17964,-225.00
2670,240,R,-18054,-225.07
2680,240,R,-18144,-224.98
2690,240,R,-18233,-222.46
2700,240,R,-18321,-220.04
2710,240,R,-18411,-224.98
2720,240,R,-18501,-224.98
2730,240,R,-18591,-224.98
2740,240,R,-18683,-230.09
2750,240,R,-18775,-229.98
2760,240,R,-18866,-227.39
2770,240,R,-18955,-222.54
2780,240,R,-19048,-232.50
2790,240,R,-19141,-232.55
2800,240,R,-19224,-207.50
2810,240,R,-19314,-225.02
2820,240,R,-19402,-219.98
2830,240,R,-19488,-215.04
2840,240,R,-19573,-212.48
2850,240,R,-19661,-219.98
2860,240,R,-19751,-224.98
2870,240,R,-19842,-227.50
2880,240,R,-19934,-230.00
2890,240,R,-20025,-227.52
2900,240,R,-20114,-222.48
2910,240,R,-20203,-222.52
2920,240,R,-20293,-224.98
2930,240,R,-20383,-225.05
2940,240,R,-20472,-222.50
2950,240,R,-20562,-225.02
2960,240,R,-20651,-222.46
2970,240,R,-20740,-222.54
2980,240,R,-20829,-222.43
2990,240,R,-20920,-227.50
3000,240,R,-21010,-225.07
3010,240,R,-21103,-232.43
3020,240,R,-21195,-230.02
3030,240,R,-21285,-225.02
3040,240,R,-21374,-222.46
3050,240,R,-21468,-235.05
3060,240,R,-21556,-220.00
3070,240,R,-21642,-215.00
3080,240,R,-21731,-222.52
3090,240,R,-21819,-219.91
3100,240,R,-21904,-212.56
3110,240,R,-21991,-217.37
3120,240,R,-22079,-220.15
3130,240,R,-22169,-224.93
3140,240,R,-22260,-227.57
3150,240,R,-22352,-230.00
3160,240,R,-22442,-225.00
3170,240,R,-22532,-224.89
3180,240,R,-22620,-220.09
3190,240,R,-22712,-229.95
3200,240,R,-22800,-220.04
3210,240,R,-22891,-227.41
3220,240,R,-22980,-222.54
3230,240,R,-23069,-222.57
3240,240,R,-23157,-219.98
3250,240,R,-23248,-227.50
3260,240,R,-23338,-225.02
3270,240,R,-23429,-227.45
3280,240,R,-23522,-232.43
3290,240,R,-23613,-227.59
3300,240,R,-23702,-222.52
3310,240,R,-23793,-227.45
3320,240,R,-23888,-237.55
3330,240,R,-23973,-212.48
3340,240,R,-24062,-222.46
3350,240,R,-24151,-222.48
3360,240,R,-24238,-217.54
3370,240,R,-24324,-214.98
3380,240,R,-24410,-215.04
3390,240,R,-24499,-222.46
3400,240,R,-24589,-225.00
3410,240,R,-24681,-230.02
3420,240,R,-24772,-227.55
3430,240,R,-24863,-227.43
3440,240,R,-24951,-220.02
3450,240,R,-25041,-225.02
3460,240,R,-25131,-225.00
3470,240,R,-25221,-225.02
3480,240,R,-25311,-224.93
3490,240,R,-25401,-225.00
3500,240,R,-25489,-220.07
3510,240,R,-25578,-222.48
3520,240,R,-25667,-222.43
3530,240,R,-25758,-227.55
3540,240,R,-25850,-229.98
3550,240,R,-25942,-230.07
3560,240,R,-26034,-230.00
3570,240,R,-26123,-222.50
3580,240,R,-26214,-227.50
3590,240,R,-26309,-237.48
3600,240,R,-26392,-207.52
3610,240,R,-26482,-224.82
3620,240,R,-26571,-222.63
3630,240,R,-26657,-215.02
3640,240,R,-26743,-214.98
3650,240,R,-26830,-217.48
3660,240,R,-26919,-222.52
3670,240,R,-27010,-227.48
3680,240,R,-27102,-230.05
3690,240,R,-27193,-227.45
3700,240,R,-27282,-222.52
3710,240,R,-27371,-222.48
3720,240,R,-27461,-225.00
3730,240,R,-27551,-225.02
3740,240,R,-27641,-224.98
3750,240,R,-27731,-225.00
3760,240,R,-27821,-225.00
3770,240,R,-27908,-217.50
3780,240,R,-27997,-222.54
3790,240,R,-28087,-224.96
3800,240,R,-28178,-227.57
3810,240,R,-28269,-227.48
3820,240,R,-28362,-232.45
3830,240,R,-28453,-227.52
3840,240,R,-28542,-222.48
3850,240,R,-28636,-234.88
3860,240,R,-28728,-230.18
3870,240,R,-28811,-207.46
3880,240,R,-28901,-225.02
3890,240,R,-28989,-220.00
3900,240,R,-29075,-214.96
3910,240,R,-29161,-214.98
3920,240,R,-29249,-220.02
3930,240,R,-29338,-222.57
3940,240,R,-29429,-227.48
3950,240,R,-29521,-229.86
3960,240,R,-29612,-227.45
3970,240,R,-29700,-220.13
3980,240,R,-29790,-225.07
3990,240,R,-29880,-224.93
4000,240,R,-29970,-225.00
4010,240,R,-30059,-222.52
4020,240,R,-30149,-225.02
4030,240,R,-30238,-222.52
4040,240,R,-30327,-222.48
4050,240,R,-30416,-222.48
4060,240,R,-30506,-224.98
4070,240,R,-30597,-227.57
4080,240,R,-30689,-229.93
4090,240,R,-30781,-230.07
4100,240,R,-30872,-227.45
4110,240,R,-30961,-222.50
4120,240,R,-31056,-237.48
4130,240,R,-31145,-222.57
4140,240,R,-31231,-214.94
4150,240,R,-31320,-222.50
4160,240,R,-31409,-222.50
4170,240,R,-31494,-212.50
4180,240,R,-31580,-215.04
4190,240,R,-31668,-219.96
4200,240,R,-31758,-224.98
4210,240,R,-31849,-227.59
4220,240,R,-31941,-229.98
4230,240,R,-32032,-227.50
4240,240,R,-32121,-222.52
4250,240,R,-32211,-224.84
4260,240,R,-32301,-225.14
4270,240,R,-32391,-224.98
4280,240,R,-32480,-222.54
4290,240,R,-32570,-224.98
4300,240,R,-32660,-225.02
4310,240,R,-32748,-219.96
4320,240,R,-32838,-225.00
4330,240,R,-32928,-225.00
4340,240,R,-33020,-229.98
4350,240,R,-33112,-229.98
4360,240,R,-33204,-230.05
4370,240,R,-33294,-224.98
4380,240,R,-33383,-222.50
4390,240,R,-33482,-247.52
4400,240,R,-33561,-197.54
4410,240,R,-33651,-224.98
4420,240,R,-33741,-224.87
4430,240,R,-33828,-217.57
4440,240,R,-33914,-215.02
4450,240,R,-34001,-217.50
4460,240,R,-34090,-222.48
4470,240,R,-34179,-222.57
4480,240,R,-34271,-229.98
4490,240,R,-34363,-229.95
4500,240,R,-34453,-225.02
4510,240,R,-34543,-224.98
4520,240,R,-34633,-224.89
4530,240,R,-34723,-225.20
4540,240,R,-34813,-224.93
4550,240,R,-34902,-222.52
4560,240,R,-34993,-227.52
4570,240,R,-35081,-220.00
4580,240,R,-35170,-222.50
4590,240,R,-35260,-225.00
4600,240,R,-35351,-227.52
4610,240,R,-35443,-229.93
4620,240,R,-35535,-230.02
4630,240,R,-35627,-229.98
4640,240,R,-35716,-222.54
4650,240,R,-35807,-227.45
4660,240,R,-35905,-245.07
4670,240,R,-35986,-202.46
4680,240,R,-36076,-224.96
4690,240,R,-36165,-222.59
4700,240,R,-36252,-217.50
4710,240,R,-36338,-214.98
4720,240,R,-36425,-217.48
4730,240,R,-36514,-222.50
4740,240,R,-36605,-227.52
4750,240,R,-36697,-230.02
4760,240,R,-36788,-227.45
4770,240,R,-36879,-227.48
4780,240,R,-36967,-220.07
4790,240,R,-37058,-227.43
4800,240,R,-37148,-225.00
4810,240,R,-37238,-225.00
4820,240,R,-37328,-225.00
4830,240,R,-37418,-225.02
4840,240,R,-37507,-222.39
4850,240,R,-37596,-222.63
4860,240,R,-37686,-225.00
4870,240,R,-37777,-227.48
4880,240,R,-37867,-225.00
4890,240,R,-37960,-232.50
4900,240,R,-38051,-227.48
4910,240,R,-38141,-225.05
4920,240,R,-38233,-229.95
4930,240,R,-38329,-240.00
4940,240,R,-38410,-202.50
4950,240,R,-38500,-224.98
4960,240,R,-38589,-222.50
4970,240,R,-38675,-215.04
4980,240,R,-38760,-212.52
4990,240,R,-38848,-219.93
5000,240,R,-38939,-227.57
5010,240,R,-39030,-227.48
5020,240,R,-39122,-230.05
5030,240,R,-39213,-227.50
5040,240,R,-39302,-222.43
5050,240,R,-39392,-225.02
5060,240,R,-39482,-225.02
5070,240,R,-39572,-225.02
5080,240,R,-39661,-222.48
5090,240,R,-39752,-227.48
5100,240,R,-39841,-222.48
5110,240,R,-39930,-222.50
5120,240,R,-40019,-222.57
5130,240,R,-40110,-227.43
5140,240,R,-40200,-225.07
5150,240,R,-40293,-232.45
5160,240,R,-40385,-230.00
5170,240,R,-40475,-224.96
5180,240,R,-40565,-225.00
5190,240,R,-40660,-237.55
5200,240,R,-40749,-222.48
5210,240,R,-40835,-215.04
5220,240,R,-40924,-222.52
5230,240,R,-41013,-222.41
5240,240,R,-41098,-212.52
5250,240,R,-41185,-217.48
5260,240,R,-41273,-220.07
5270,240,R,-41363,-224.98
5280,240,R,-41454,-227.50
5290,240,R,-41546,-230.02
5300,240,R,-41637,-227.52
5310,240,R,-41726,-222.50
5320,240,R,-41816,-224.87
5330,240,R,-41906,-225.11
5340,240,R,-41995,-222.48
5350,240,R,-42085,-225.02
5360,240,R,-42176,-227.43
5370,240,R,-42265,-222.59
5380,240,R,-42353,-219.91
5390,240,R,-42443,-225.07
5400,240,R,-42533,-225.02
5410,240,R,-42625,-229.91
5420,240,R,-42717,-230.07
5430,240,R,-42809,-229.98
5440,240,R,-42898,-222.54
5450,240,R,-42989,-227.30
5460,240,R,-43086,-242.62
5470,240,R,-43169,-207.58
5480,240,R,-43258,-222.43
5490,240,R,-43347,-222.50
=== END ===
# Trial 19 of 30: step_down_fwd_240to0_run01
=== START step_down_fwd_240to0_run01 ===
t_ms,pwm_cmd,dir,enc_count,rpm
0,240,F,0,0.00
10,240,F,0,0.00
20,240,F,0,0.00
30,240,F,9,22.50
40,240,F,23,35.00
50,240,F,41,45.00
60,240,F,62,52.49
70,240,F,87,62.51
80,240,F,115,69.99
90,240,F,146,77.50
100,240,F,181,87.52
110,240,F,218,92.51
120,240,F,258,100.00
130,240,F,302,109.98
140,240,F,347,112.48
150,240,F,395,120.00
160,240,F,445,125.01
170,240,F,499,135.01
180,240,F,555,140.01
190,240,F,614,147.47
200,240,F,672,145.03
210,240,F,736,159.97
220,240,F,802,165.03
230,240,F,869,167.50
240,240,F,938,172.52
250,240,F,1008,174.98
260,240,F,1080,180.02
270,240,F,1152,180.00
280,240,F,1225,182.45
290,240,F,1299,185.04
300,240,F,1376,192.46
310,240,F,1454,195.06
320,240,F,1531,192.46
330,240,F,1606,187.46
340,240,F,1681,187.52
350,240,F,1756,187.48
360,240,F,1831,187.56
370,240,F,1909,195.02
380,240,F,1988,197.44
390,240,F,2067,197.50
400,240,F,2147,200.00
410,240,F,2227,200.06
420,240,F,2308,202.48
430,240,F,2389,202.50
440,240,F,2470,202.46
450,240,F,2554,210.06
460,240,F,2640,215.00
470,240,F,2724,209.92
480,240,F,2807,207.54
490,240,F,2899,229.84
500,240,F,2982,207.62
510,240,F,3064,204.98
520,240,F,3140,190.06
530,240,F,3225,212.52
540,240,F,3310,212.48
550,240,F,3395,212.50
560,240,F,3481,215.00
570,240,F,3565,209.96
580,240,F,3650,212.56
590,240,F,3737,217.50
600,240,F,3824,217.48
610,240,F,3910,215.02
620,240,F,3993,207.48
630,240,F,4074,202.48
640,240,F,4155,202.52
650,240,F,4236,202.46
660,240,F,4320,210.04
670,240,F,4404,209.98
680,240,F,4488,210.02
690,240,F,4571,207.46
700,240,F,4655,210.00
710,240,F,4739,210.06
720,240,F,4824,212.44
730,240,F,4910,215.04
740,240,F,4998,219.96
750,240,F,5084,215.00
760,240,F,5170,215.00
770,240,F,5260,225.07
780,240,F,5350,225.00
790,240,F,5433,207.42
800,240,F,5510,192.56
810,240,F,5596,214.96
820,240,F,5682,215.06
830,240,F,5769,217.48
840,240,F,5855,214.98
850,240,F,5942,217.48
860,240,F,6028,215.04
870,240,F,6114,215.00
880,240,F,6202,219.98
890,240,F,6289,217.48
900,240,F,6374,212.56
910,240,F,6456,204.96
920,240,F,6538,205.00
930,240,F,6620,205.02
940,240,F,6703,207.46
950,240,F,6788,212.50
960,240,F,6873,212.46
970,240,F,6957,210.11
980,240,F,7041,209.96
990,240,F,7126,212.54
1000,240,F,7211,212.44
1010,240,F,7297,214.98
1020,240,F,7385,220.07
1030,240,F,7472,217.50
1040,240,F,7558,215.02
1050,240,F,7648,224.96
1060,240,F,7740,230.00
1070,240,F,7822,204.96
1080,240,F,7899,192.58
1090,240,F,7986,217.46
1100,240,F,8073,217.41
1110,240,F,8160,217.61
1120,240,F,8246,215.02
1130,240,F,8333,217.43
1140,240,F,8419,215.06
1150,240,F,8505,214.91
1160,240,F,8593,220.09
1170,240,F,8681,219.93
1180,240,F,8766,212.52
1190,240,F,8848,205.02
1200,240,F,8931,207.44
1210,240,F,9013,205.04
1220,240,F,9096,207.48
1230,240,F,9181,212.54
1240,240,F,9265,209.96
1250,240,F,9350,212.54
1260,240,F,9433,207.50
1270,240,F,9519,214.94
1280,240,F,9604,212.52
1290,240,F,9690,215.02
1300,240,F,9778,219.96
1310,240,F,9865,217.54
1320,240,F,9951,214.96
1330,240,F,10039,220.07
1340,240,F,10133,235.00
1350,240,F,10215,205.02
1360,240,F,10292,192.48
1370,240,F,10379,217.50
1380,240,F,10465,215.02
1390,240,F,10552,217.48
1400,240,F,10639,217.48
1410,240,F,10726,217.50
1420,240,F,10812,214.96
1430,240,F,10898,215.09
1440,240,F,10986,219.93
1450,240,F,11073,217.57
1460,240,F,11159,215.00
1470,240,F,11242,207.44
1480,240,F,11324,205.06
1490,240,F,11406,204.96
1500,240,F,11488,205.02
1510,240,F,11573,212.48
1520,240,F,11658,212.50
1530,240,F,11742,210.00
1540,240,F,11827,212.37
1550,240,F,11912,212.67
1560,240,F,11998,214.94
1570,240,F,12083,212.50
1580,240,F,12171,220.00
1590,240,F,12258,217.52
1600,240,F,12345,217.54
1610,240,F,12433,219.96
1620,240,F,12527,235.02
1630,240,F,12609,205.02
1640,240,F,12686,192.48
1650,240,F,12773,217.43
1660,240,F,12860,217.57
1670,240,F,12948,219.80
1680,240,F,13035,217.65
1690,240,F,13122,217.54
1700,240,F,13208,215.00
1710,240,F,13295,217.39
1720,240,F,13383,220.07
1730,240,F,13470,217.52
1740,240,F,13557,217.52
1750,240,F,13640,207.52
1760,240,F,13723,207.46
1770,240,F,13805,204.96
1780,240,F,13888,207.50
1790,240,F,13973,212.50
1800,240,F,14058,212.52
1810,240,F,14143,212.54
1820,240,F,14228,212.44
1830,240,F,14313,212.52
1840,240,F,14399,215.04
1850,240,F,14485,215.00
1860,240,F,14573,219.98
1870,240,F,14661,219.98
1880,240,F,14748,217.52
1890,240,F,14836,220.04
1900,240,F,14930,234.95
1910,240,F,15012,205.00
1920,240,F,15090,195.02
1930,240,F,15178,219.93
1940,240,F,15264,215.04
1950,240,F,15352,219.98
1960,240,F,15439,217.54
1970,240,F,15527,220.02
1980,240,F,15613,215.00
1990,240,F,15700,217.43
2000,240,F,15789,222.46
2010,240,F,15876,217.59
2020,240,F,15963,217.39
2030,240,F,16046,207.62
2040,240,F,16129,207.44
2050,240,F,16211,205.00
2060,240,F,16294,207.54
2070,240,F,16380,214.96
2080,240,F,16465,212.52
2090,240,F,16550,212.44
2100,240,F,16634,210.08
2110,240,F,16720,215.02
2120,240,F,16806,214.96
2130,240,F,16892,215.04
2140,240,F,16981,222.50
2150,240,F,17068,217.48
2160,240,F,17155,217.50
2170,240,F,17244,222.52
2180,240,F,17338,234.98
2190,240,F,17419,202.48
2200,240,F,17498,197.50
2210,240,F,17585,217.50
2220,240,F,17672,217.52
2230,240,F,17760,220.00
2240,240,F,17847,217.50
2250,240,F,17935,220.00
2260,240,F,18021,215.00
2270,240,F,18108,217.46
2280,240,F,18197,222.48
2290,240,F,18285,220.07
2300,240,F,18371,214.94
2310,240,F,18454,207.58
2320,240,F,18537,207.50
2330,240,F,18620,207.50
2340,240,F,18704,209.96
2350,240,F,18789,212.52
2360,240,F,18874,212.50
2370,240,F,18959,212.50
2380,240,F,19044,212.52
2390,240,F,19130,215.00
2400,240,F,19216,214.91
2410,240,F,19303,217.54
2420,240,F,19392,222.52
2430,240,F,19480,219.89
2440,240,F,19566,215.09
2450,240,F,19656,225.02
2460,240,F,19749,232.48
2470,240,F,19828,197.48
2480,240,F,19910,205.02
2490,240,F,19997,217.54
2500,240,F,20085,219.93
2510,240,F,20172,217.57
2520,240,F,20260,219.93
2530,240,F,20347,217.52
2540,240,F,20433,215.04
2550,240,F,20521,219.96
2560,240,F,20610,222.52
2570,240,F,20698,220.02
2580,240,F,20783,212.50
2590,240,F,20867,209.96
2600,240,F,20950,207.50
2610,240,F,21032,205.00
2620,240,F,21116,209.98
2630,240,F,21202,215.06
2640,240,F,21287,212.42
2650,240,F,21371,210.08
2660,240,F,21456,212.42
2670,240,F,21542,215.06
2680,240,F,21628,214.98
2690,240,F,21715,217.54
2700,240,F,21804,222.43
2710,240,F,21892,220.02
2720,240,F,21978,214.98
2730,240,F,22069,227.55
2740,240,F,22160,227.52
2750,240,F,22235,187.44
2760,240,F,22321,215.02
2770,240,F,22408,217.54
2780,240,F,22496,220.00
2790,240,F,22582,215.00
2800,240,F,22670,220.00
2810,240,F,22757,217.48
2820,240,F,22843,215.00
2830,240,F,22931,219.96
2840,240,F,23020,222.41
2850,240,F,23108,220.13
2860,240,F,23193,212.42
2870,240,F,23276,207.58
2880,240,F,23358,204.96
2890,240,F,23440,205.04
2900,240,F,23525,212.44
2910,240,F,23611,215.04
2920,240,F,23696,212.48
2930,240,F,23780,210.02
2940,240,F,23865,212.54
2950,240,F,23951,214.83
2960,240,F,24037,215.09
2970,240,F,24125,220.04
2980,240,F,24213,220.04
2990,240,F,24301,220.00
3000,0,N,24387,214.94
3010,0,N,24479,230.00
3020,0,N,24564,212.54
3030,0,N,24634,175.02
3040,0,N,24711,192.50
3050,0,N,24788,192.44
3060,0,N,24862,184.93
3070,0,N,24934,180.13
3080,0,N,25004,174.97
3090,0,N,25071,167.52
3100,0,N,25137,164.90
3110,0,N,25199,155.06
3120,0,N,25259,150.05
3130,0,N,25318,147.50
3140,0,N,25375,142.44
3150,0,N,25430,137.56
3160,0,N,25482,129.96
3170,0,N,25531,122.54
3180,0,N,25578,117.49
3190,0,N,25622,109.97
3200,0,N,25662,100.03
3210,0,N,25702,100.01
3220,0,N,25739,92.46
3230,0,N,25773,85.03
3240,0,N,25807,85.00
3250,0,N,25838,77.50
3260,0,N,25868,75.01
3270,0,N,25897,72.48
3280,0,N,25925,69.98
3290,0,N,25949,60.01
3300,0,N,25973,60.01
3310,0,N,25996,57.51
3320,0,N,26016,49.99
3330,0,N,26035,47.50
3340,0,N,26052,42.51
3350,0,N,26067,37.49
3360,0,N,26081,35.00
3370,0,N,26094,32.50
3380,0,N,26104,25.00
3390,0,N,26113,22.50
3400,0,N,26121,20.00
3410,0,N,26127,15.00
3420,0,N,26132,12.50
3430,0,N,26135,7.50
3440,0,N,26137,5.00
3450,0,N,26137,0.00
3460,0,N,26137,0.00
3470,0,N,26137,0.00
3480,0,N,26137,0.00
3490,0,N,26137,0.00
3500,0,N,26137,0.00
3510,0,N,26137,0.00
3520,0,N,26137,0.00
3530,0,N,26137,0.00
3540,0,N,26137,0.00
3550,0,N,26137,0.00
3560,0,N,26137,0.00
3570,0,N,26137,0.00
3580,0,N,26137,0.00
3590,0,N,26137,0.00
3600,0,N,26137,0.00
3610,0,N,26137,0.00
3620,0,N,26137,0.00
3630,0,N,26137,0.00
3640,0,N,26137,0.00
3650,0,N,26137,0.00
3660,0,N,26137,0.00
3670,0,N,26137,0.00
3680,0,N,26137,0.00
3690,0,N,26137,0.00
3700,0,N,26137,0.00
3710,0,N,26137,0.00
3720,0,N,26137,0.00
3730,0,N,26137,0.00
3740,0,N,26137,0.00
3750,0,N,26137,0.00
3760,0,N,26137,0.00
3770,0,N,26137,0.00
3780,0,N,26137,0.00
3790,0,N,26137,0.00
3800,0,N,26137,0.00
3810,0,N,26137,0.00
3820,0,N,26137,0.00
3830,0,N,26137,0.00
3840,0,N,26137,0.00
3850,0,N,26137,0.00
3860,0,N,26137,0.00
3870,0,N,26137,0.00
3880,0,N,26137,0.00
3890,0,N,26137,0.00
3900,0,N,26137,0.00
3910,0,N,26137,0.00
3920,0,N,26137,0.00
3930,0,N,26137,0.00
3940,0,N,26137,0.00
3950,0,N,26137,0.00
3960,0,N,26137,0.00
3970,0,N,26137,0.00
3980,0,N,26137,0.00
3990,0,N,26137,0.00
4000,0,N,26137,0.00
4010,0,N,26137,0.00
4020,0,N,26137,0.00
4030,0,N,26137,0.00
4040,0,N,26137,0.00
4050,0,N,26137,0.00
4060,0,N,26137,0.00
4070,0,N,26137,0.00
4080,0,N,26137,0.00
4090,0,N,26137,0.00
4100,0,N,26137,0.00
4110,0,N,26137,0.00
4120,0,N,26137,0.00
4130,0,N,26137,0.00
4140,0,N,26137,0.00
4150,0,N,26137,0.00
4160,0,N,26137,0.00
4170,0,N,26137,0.00
4180,0,N,26137,0.00
4190,0,N,26137,0.00
4200,0,N,26137,0.00
4210,0,N,26137,0.00
4220,0,N,26137,0.00
4230,0,N,26137,0.00
4240,0,N,26137,0.00
4250,0,N,26137,0.00
4260,0,N,26137,0.00
4270,0,N,26137,0.00
4280,0,N,26137,0.00
4290,0,N,26137,0.00
4300,0,N,26137,0.00
4310,0,N,26137,0.00
4320,0,N,26137,0.00
4330,0,N,26137,0.00
4340,0,N,26137,0.00
4350,0,N,26137,0.00
4360,0,N,26137,0.00
4370,0,N,26137,0.00
4380,0,N,26137,0.00
4390,0,N,26137,0.00
4400,0,N,26137,0.00
4410,0,N,26137,0.00
4420,0,N,26137,0.00
4430,0,N,26137,0.00
4440,0,N,26137,0.00
4450,0,N,26137,0.00
4460,0,N,26137,0.00
4470,0,N,26137,0.00
4480,0,N,26137,0.00
4490,0,N,26137,0.00
4500,0,N,26137,0.00
4510,0,N,26137,0.00
4520,0,N,26137,0.00
4530,0,N,26137,0.00
4540,0,N,26137,0.00
4550,0,N,26137,0.00
4560,0,N,26137,0.00
4570,0,N,26137,0.00
4580,0,N,26137,0.00
4590,0,N,26137,0.00
4600,0,N,26137,0.00
4610,0,N,26137,0.00
4620,0,N,26137,0.00
4630,0,N,26137,0.00
4640,0,N,26137,0.00
4650,0,N,26137,0.00
4660,0,N,26137,0.00
4670,0,N,26137,0.00
4680,0,N,26137,0.00
4690,0,N,26137,0.00
4700,0,N,26137,0.00
4710,0,N,26137,0.00
4720,0,N,26137,0.00
4730,0,N,26137,0.00
4740,0,N,26137,0.00
4750,0,N,26137,0.00
4760,0,N,26137,0.00
4770,0,N,26137,0.00
4780,0,N,26137,0.00
4790,0,N,26137,0.00
4800,0,N,26137,0.00
4810,0,N,26137,0.00
4820,0,N,26137,0.00
4830,0,N,26137,0.00
4840,0,N,26137,0.00
4850,0,N,26137,0.00
4860,0,N,26137,0.00
4870,0,N,26137,0.00
4880,0,N,26137,0.00
4890,0,N,26137,0.00
4900,0,N,26137,0.00
4910,0,N,26137,0.00
4920,0,N,26137,0.00
4930,0,N,26137,0.00
4940,0,N,26137,0.00
4950,0,N,26137,0.00
4960,0,N,26137,0.00
4970,0,N,26137,0.00
4980,0,N,26137,0.00
4990,0,N,26137,0.00
5000,0,N,26137,0.00
5010,0,N,26137,0.00
5020,0,N,26137,0.00
5030,0,N,26137,0.00
5040,0,N,26137,0.00
5050,0,N,26137,0.00
5060,0,N,26137,0.00
5070,0,N,26137,0.00
5080,0,N,26137,0.00
5090,0,N,26137,0.00
5100,0,N,26137,0.00
5110,0,N,26137,0.00
5120,0,N,26137,0.00
5130,0,N,26137,0.00
5140,0,N,26137,0.00
5150,0,N,26137,0.00
5160,0,N,26137,0.00
5170,0,N,26137,0.00
5180,0,N,26137,0.00
5190,0,N,26137,0.00
5200,0,N,26137,0.00
5210,0,N,26137,0.00
5220,0,N,26137,0.00
5230,0,N,26137,0.00
5240,0,N,26137,0.00
5250,0,N,26137,0.00
5260,0,N,26137,0.00
5270,0,N,26137,0.00
5280,0,N,26137,0.00
5290,0,N,26137,0.00
5300,0,N,26137,0.00
5310,0,N,26137,0.00
5320,0,N,26137,0.00
5330,0,N,26137,0.00
5340,0,N,26137,0.00
5350,0,N,26137,0.00
5360,0,N,26137,0.00
5370,0,N,26137,0.00
5380,0,N,26137,0.00
5390,0,N,26137,0.00
5400,0,N,26137,0.00
5410,0,N,26137,0.00
5420,0,N,26137,0.00
5430,0,N,26137,0.00
5440,0,N,26137,0.00
5450,0,N,26137,0.00
5460,0,N,26137,0.00
5470,0,N,26137,0.00
5480,0,N,26137,0.00
5490,0,N,26137,0.00
5500,0,N,26137,0.00
5510,0,N,26137,0.00
5520,0,N,26137,0.00
5530,0,N,26137,0.00
5540,0,N,26137,0.00
5550,0,N,26137,0.00
5560,0,N,26137,0.00
5570,0,N,26137,0.00
5580,0,N,26137,0.00
5590,0,N,26137,0.00
5600,0,N,26137,0.00
5610,0,N,26137,0.00
5620,0,N,26137,0.00
5630,0,N,26137,0.00
5640,0,N,26137,0.00
5650,0,N,26137,0.00
5660,0,N,26137,0.00
5670,0,N,26137,0.00
5680,0,N,26137,0.00
5690,0,N,26137,0.00
5700,0,N,26137,0.00
5710,0,N,26137,0.00
5720,0,N,26137,0.00
5730,0,N,26137,0.00
5740,0,N,26137,0.00
5750,0,N,26137,0.00
5760,0,N,26137,0.00
5770,0,N,26137,0.00
5780,0,N,26137,0.00
5790,0,N,26137,0.00
5800,0,N,26137,0.00
5810,0,N,26137,0.00
5820,0,N,26137,0.00
5830,0,N,26137,0.00
5840,0,N,26137,0.00
5850,0,N,26137,0.00
5860,0,N,26137,0.00
5870,0,N,26137,0.00
5880,0,N,26137,0.00
5890,0,N,26137,0.00
5900,0,N,26137,0.00
5910,0,N,26137,0.00
5920,0,N,26137,0.00
5930,0,N,26137,0.00
5940,0,N,26137,0.00
5950,0,N,26137,0.00
5960,0,N,26137,0.00
5970,0,N,26137,0.00
5980,0,N,26137,0.00
5990,0,N,26137,0.00
6000,0,N,26137,0.00
6010,0,N,26137,0.00
6020,0,N,26137,0.00
6030,0,N,26137,0.00
6040,0,N,26137,0.00
6050,0,N,26137,0.00
6060,0,N,26137,0.00
6070,0,N,26137,0.00
6080,0,N,26137,0.00
6090,0,N,26137,0.00
6100,0,N,26137,0.00
6110,0,N,26137,0.00
6120,0,N,26137,0.00
6130,0,N,26137,0.00
6140,0,N,26137,0.00
6150,0,N,26137,0.00
6160,0,N,26137,0.00
6170,0,N,26137,0.00
6180,0,N,26137,0.00
6190,0,N,26137,0.00
6200,0,N,26137,0.00
6210,0,N,26137,0.00
6220,0,N,26137,0.00
6230,0,N,26137,0.00
6240,0,N,26137,0.00
6250,0,N,26137,0.00
6260,0,N,26137,0.00
6270,0,N,26137,0.00
6280,0,N,26137,0.00
6290,0,N,26137,0.00
6300,0,N,26137,0.00
6310,0,N,26137,0.00
6320,0,N,26137,0.00
6330,0,N,26137,0.00
6340,0,N,26137,0.00
6350,0,N,26137,0.00
6360,0,N,26137,0.00
6370,0,N,26137,0.00
6380,0,N,26137,0.00
6390,0,N,26137,0.00
6400,0,N,26137,0.00
6410,0,N,26137,0.00
6420,0,N,26137,0.00
6430,0,N,26137,0.00
6440,0,N,26137,0.00
6450,0,N,26137,0.00
6460,0,N,26137,0.00
6470,0,N,26137,0.00
6480,0,N,26137,0.00
6490,0,N,26137,0.00
6500,0,N,26137,0.00
6510,0,N,26137,0.00
6520,0,N,26137,0.00
6530,0,N,26137,0.00
6540,0,N,26137,0.00
6550,0,N,26137,0.00
6560,0,N,26137,0.00
6570,0,N,26137,0.00
6580,0,N,26137,0.00
6590,0,N,26137,0.00
6600,0,N,26137,0.00
6610,0,N,26137,0.00
6620,0,N,26137,0.00
6630,0,N,26137,0.00
6640,0,N,26137,0.00
6650,0,N,26137,0.00
6660,0,N,26137,0.00
6670,0,N,26137,0.00
6680,0,N,26137,0.00
6690,0,N,26137,0.00
6700,0,N,26137,0.00
6710,0,N,26137,0.00
6720,0,N,26137,0.00
6730,0,N,26137,0.00
6740,0,N,26137,0.00
6750,0,N,26137,0.00
6760,0,N,26137,0.00
6770,0,N,26137,0.00
6780,0,N,26137,0.00
6790,0,N,26137,0.00
6800,0,N,26137,0.00
6810,0,N,26137,0.00
6820,0,N,26137,0.00
6830,0,N,26137,0.00
6840,0,N,26137,0.00
6850,0,N,26137,0.00
6860,0,N,26137,0.00
6870,0,N,26137,0.00
6880,0,N,26137,0.00
6890,0,N,26137,0.00
6900,0,N,26137,0.00
6910,0,N,26137,0.00
6920,0,N,26137,0.00
6930,0,N,26137,0.00
6940,0,N,26137,0.00
6950,0,N,26137,0.00
6960,0,N,26137,0.00
6970,0,N,26137,0.00
6980,0,N,26137,0.00
6990,0,N,26137,0.00
7000,0,N,26137,0.00
7010,0,N,26137,0.00
7020,0,N,26137,0.00
7030,0,N,26137,0.00
7040,0,N,26137,0.00
7050,0,N,26137,0.00
7060,0,N,26137,0.00
7070,0,N,26137,0.00
7080,0,N,26137,0.00
7090,0,N,26137,0.00
7100,0,N,26137,0.00
7110,0,N,26137,0.00
7120,0,N,26137,0.00
7130,0,N,26137,0.00
7140,0,N,26137,0.00
7150,0,N,26137,0.00
7160,0,N,26137,0.00
7170,0,N,26137,0.00
7180,0,N,26137,0.00
7190,0,N,26137,0.00
7200,0,N,26137,0.00
7210,0,N,26137,0.00
7220,0,N,26137,0.00
7230,0,N,26137,0.00
7240,0,N,26137,0.00
7250,0,N,26137,0.00
7260,0,N,26137,0.00
7270,0,N,26137,0.00
7280,0,N,26137,0.00
7290,0,N,26137,0.00
7300,0,N,26137,0.00
7310,0,N,26137,0.00
7320,0,N,26137,0.00
7330,0,N,26137,0.00
7340,0,N,26137,0.00
7350,0,N,26137,0.00
7360,0,N,26137,0.00
7370,0,N,26137,0.00
7380,0,N,26137,0.00
7390,0,N,26137,0.00
7400,0,N,26137,0.00
7410,0,N,26137,0.00
7420,0,N,26137,0.00
7430,0,N,26137,0.00
7440,0,N,26137,0.00
7450,0,N,26137,0.00
7460,0,N,26137,0.00
7470,0,N,26137,0.00
7480,0,N,26137,0.00
7490,0,N,26137,0.00
7500,0,N,26137,0.00
7510,0,N,26137,0.00
7520,0,N,26137,0.00
7530,0,N,26137,0.00
7540,0,N,26137,0.00
7550,0,N,26137,0.00
7560,0,N,26137,0.00
7570,0,N,26137,0.00
7580,0,N,26137,0.00
7590,0,N,26137,0.00
7600,0,N,26137,0.00
7610,0,N,26137,0.00
7620,0,N,26137,0.00
7630,0,N,26137,0.00
7640,0,N,26137,0.00
7650,0,N,26137,0.00
7660,0,N,26137,0.00
7670,0,N,26137,0.00
7680,0,N,26137,0.00
7690,0,N,26137,0.00
7700,0,N,26137,0.00
7710,0,N,26137,0.00
7720,0,N,26137,0.00
7730,0,N,26137,0.00
7740,0,N,26137,0.00
7750,0,N,26137,0.00
7760,0,N,26137,0.00
7770,0,N,26137,0.00
7780,0,N,26137,0.00
7790,0,N,26137,0.00
7800,0,N,26137,0.00
7810,0,N,26137,0.00
7820,0,N,26137,0.00
7830,0,N,26137,0.00
7840,0,N,26137,0.00
7850,0,N,26137,0.00
7860,0,N,26137,0.00
7870,0,N,26137,0.00
7880,0,N,26137,0.00
7890,0,N,26137,0.00
7900,0,N,26137,0.00
7910,0,N,26137,0.00
7920,0,N,26137,0.00
7930,0,N,26137,0.00
7940,0,N,26137,0.00
7950,0,N,26137,0.00
7960,0,N,26137,0.00
7970,0,N,26137,0.00
7980,0,N,26137,0.00
7990,0,N,26137,0.00
8000,0,N,26137,0.00
=== END ===
# Trial 20 of 30: step_down_fwd_240to0_run02
=== START step_down_fwd_240to0_run02 ===
t_ms,pwm_cmd,dir,enc_count,rpm
0,240,F,0,0.00
10,240,F,3,7.50
20,240,F,10,17.51
30,240,F,21,27.49
40,240,F,34,32.51
50,240,F,52,45.00
60,240,F,72,49.99
70,240,F,96,59.99
80,240,F,122,65.02
90,240,F,152,74.98
100,240,F,186,85.02
110,240,F,221,87.50
120,240,F,260,97.48
130,240,F,301,102.50
140,240,F,346,112.51
150,240,F,394,119.98
160,240,F,446,130.05
170,240,F,500,134.96
180,240,F,557,142.51
190,240,F,614,142.49
200,240,F,675,152.52
210,240,F,740,162.52
220,240,F,812,179.98
230,240,F,871,147.50
240,240,F,934,157.48
250,240,F,1003,172.53
260,240,F,1075,180.02
270,240,F,1148,182.50
280,240,F,1222,184.87
290,240,F,1296,185.11
300,240,F,1373,192.52
310,240,F,1449,190.00
320,240,F,1526,192.50
330,240,F,1605,197.50
340,240,F,1686,202.42
350,240,F,1767,202.52
360,240,F,1845,195.06
370,240,F,1923,194.94
380,240,F,2001,195.00
390,240,F,2078,192.52
400,240,F,2156,195.02
410,240,F,2237,202.52
420,240,F,2318,202.44
430,240,F,2400,205.04
440,240,F,2481,202.46
450,240,F,2563,205.04
460,240,F,2646,207.52
470,240,F,2729,207.44
480,240,F,2814,212.50
490,240,F,2900,215.04
500,240,F,2985,212.48
510,240,F,3069,210.00
520,240,F,3161,230.02
530,240,F,3246,212.52
540,240,F,3323,192.44
550,240,F,3405,205.06
560,240,F,3491,214.91
570,240,F,3577,215.04
580,240,F,3662,212.48
590,240,F,3748,215.04
600,240,F,3833,212.50
610,240,F,3919,215.02
620,240,F,4005,214.91
630,240,F,4094,222.41
640,240,F,4181,217.59
650,240,F,4264,207.54
660,240,F,4347,207.46
670,240,F,4428,202.54
680,240,F,4510,205.04
690,240,F,4594,210.00
700,240,F,4678,209.96
710,240,F,4763,212.52
720,240,F,4846,207.52
730,240,F,4930,209.94
740,240,F,5015,212.52
750,240,F,5100,212.50
760,240,F,5187,217.48
770,240,F,5275,220.02
780,240,F,5362,217.48
790,240,F,5447,212.54
800,240,F,5537,225.02
810,240,F,5628,227.45
820,240,F,5707,197.48
830,240,F,5789,205.06
840,240,F,5875,215.00
850,240,F,5962,217.46
860,240,F,6047,212.54
870,240,F,6134,217.46
880,240,F,6221,217.50
890,240,F,6307,215.02
900,240,F,6394,217.52
910,240,F,6482,219.96
920,240,F,6570,220.00
930,240,F,6655,212.52
940,240,F,6738,207.44
950,240,F,6820,205.06
960,240,F,6902,204.98
970,240,F,6986,210.04
980,240,F,7071,212.48
990,240,F,7156,212.50
1000,240,F,7239,207.46
1010,240,F,7323,210.04
1020,240,F,7408,212.48
1030,240,F,7494,215.02
1040,240,F,7581,217.52
1050,240,F,7669,220.00
1060,240,F,7756,217.46
1070,240,F,7842,214.96
1080,240,F,7929,217.57
1090,240,F,8023,235.02
1100,240,F,8100,192.44
1110,240,F,8183,207.56
1120,240,F,8270,217.50
1130,240,F,8357,217.43
1140,240,F,8443,214.96
1150,240,F,8529,215.11
1160,240,F,8617,219.87
1170,240,F,8703,215.00
1180,240,F,8790,217.54
1190,240,F,8878,220.02
1200,240,F,8966,220.07
1210,240,F,9051,212.48
1220,240,F,9134,207.52
1230,240,F,9217,207.46
1240,240,F,9298,202.54
1250,240,F,9382,209.96
1260,240,F,9467,212.52
1270,240,F,9552,212.50
1280,240,F,9635,207.52
1290,240,F,9719,210.00
1300,240,F,9805,214.98
1310,240,F,9890,212.50
1320,240,F,9977,217.46
1330,240,F,10065,220.07
1340,240,F,10152,217.50
1350,240,F,10238,214.94
1360,240,F,10325,217.54
1370,240,F,10419,235.02
1380,240,F,10497,194.94
1390,240,F,10580,207.54
1400,240,F,10666,215.00
1410,240,F,10753,217.46
1420,240,F,10839,215.02
1430,240,F,10926,217.48
1440,240,F,11013,217.54
1450,240,F,11099,215.00
1460,240,F,11186,217.52
1470,240,F,11274,219.98
1480,240,F,11362,220.02
1490,240,F,11447,212.50
1500,240,F,11531,209.94
1510,240,F,11614,207.50
1520,240,F,11695,202.56
1530,240,F,11779,209.96
1540,240,F,11864,212.48
1550,240,F,11949,212.50
1560,240,F,12032,207.54
1570,240,F,12117,212.35
1580,240,F,12202,212.63
1590,240,F,12287,212.46
1600,240,F,12374,217.59
1610,240,F,12462,219.98
1620,240,F,12549,217.52
1630,240,F,12635,214.94
1640,240,F,12721,215.00
1650,240,F,12814,232.50
1660,240,F,12897,207.54
1670,240,F,12977,200.02
1680,240,F,13063,214.96
1690,240,F,13150,217.52
1700,240,F,13236,215.00
1710,240,F,13323,217.46
1720,240,F,13410,217.54
1730,240,F,13496,215.00
1740,240,F,13583,217.52
1750,240,F,13672,222.37
1760,240,F,13759,217.59
1770,240,F,13845,215.00
1780,240,F,13929,209.96
1790,240,F,14012,207.58
1800,240,F,14093,202.46
1810,240,F,14177,209.98
1820,240,F,14261,210.06
1830,240,F,14346,212.50
1840,240,F,14430,209.92
1850,240,F,14514,210.08
1860,240,F,14600,214.94
1870,240,F,14685,212.56
1880,240,F,14772,217.48
1890,240,F,14860,219.98
1900,240,F,14947,217.50
1910,240,F,15033,215.00
1920,240,F,15119,215.02
1930,240,F,15212,232.45
1940,240,F,15297,212.52
1950,240,F,15375,195.00
1960,240,F,15462,217.48
1970,240,F,15549,217.50
1980,240,F,15635,215.00
1990,240,F,15722,217.50
2000,240,F,15809,217.50
2010,240,F,15895,215.02
2020,240,F,15982,217.52
2030,240,F,16070,219.98
2040,240,F,16158,220.02
2050,240,F,16244,215.00
2060,240,F,16328,209.94
2070,240,F,16411,207.52
2080,240,F,16492,202.54
2090,240,F,16576,209.96
2100,240,F,16661,212.52
2110,240,F,16746,212.54
2120,240,F,16830,209.87
2130,240,F,16914,210.06
2140,240,F,16999,212.48
2150,240,F,17084,212.59
2160,240,F,17171,217.41
2170,240,F,17259,220.02
2180,240,F,17347,219.98
2190,240,F,17433,215.02
2200,240,F,17518,212.50
2210,240,F,17611,232.55
2220,240,F,17697,215.00
2230,240,F,17774,192.46
2240,240,F,17861,217.50
2250,240,F,17948,217.52
2260,240,F,18034,215.02
2270,240,F,18121,217.50
2280,240,F,18208,217.52
2290,240,F,18294,214.91
2300,240,F,18382,220.04
2310,240,F,18470,220.02
2320,240,F,18558,219.98
2330,240,F,18644,215.00
2340,240,F,18728,210.02
2350,240,F,18811,207.46
2360,240,F,18892,202.50
2370,240,F,18976,210.04
2380,240,F,19061,212.50
2390,240,F,19146,212.52
2400,240,F,19230,209.96
2410,240,F,19314,209.98
2420,240,F,19400,215.04
2430,240,F,19485,212.50
2440,240,F,19572,217.48
2450,240,F,19660,220.02
2460,240,F,19747,217.48
2470,240,F,19834,217.48
2480,240,F,19919,212.50
2490,240,F,20014,237.52
2500,240,F,20097,207.46
2510,240,F,20176,197.58
2520,240,F,20263,217.43
2530,240,F,20350,217.50
2540,240,F,20436,214.98
2550,240,F,20523,217.54
2560,240,F,20610,217.52
2570,240,F,20696,214.98
2580,240,F,20784,220.00
2590,240,F,20872,220.02
2600,240,F,20960,220.00
2610,240,F,21046,214.98
2620,240,F,21130,210.00
2630,240,F,21213,207.54
2640,240,F,21295,204.96
2650,240,F,21379,210.04
2660,240,F,21464,212.46
2670,240,F,21549,212.46
2680,240,F,21633,210.04
2690,240,F,21717,209.96
2700,240,F,21803,215.06
2710,240,F,21888,212.46
2720,240,F,21975,217.52
2730,240,F,22063,220.00
2740,240,F,22151,219.96
2750,240,F,22237,215.09
2760,240,F,22323,214.94
2770,240,F,22419,240.07
2780,240,F,22501,204.98
2790,240,F,22579,195.02
2800,240,F,22667,219.82
2810,240,F,22753,215.09
2820,240,F,22839,215.00
2830,240,F,22927,220.09
2840,240,F,23014,217.43
2850,240,F,23100,215.04
2860,240,F,23188,219.98
2870,240,F,23277,222.48
2880,240,F,23365,219.93
2890,240,F,23450,212.59
2900,240,F,23535,212.54
2910,240,F,23618,207.48
2920,240,F,23700,204.98
2930,240,F,23784,210.02
2940,240,F,23869,212.52
2950,240,F,23954,212.44
2960,240,F,24037,207.56
2970,240,F,24121,209.94
2980,240,F,24207,215.04
2990,240,F,24293,215.02
3000,0,N,24380,217.50
3010,0,N,24467,217.46
3020,0,N,24551,209.94
3030,0,N,24631,200.08
3040,0,N,24709,194.96
3050,0,N,24793,209.92
3060,0,N,24865,180.13
3070,0,N,24932,167.48
3080,0,N,24995,157.52
3090,0,N,25062,167.45
3100,0,N,25127,162.48
3110,0,N,25189,155.03
3120,0,N,25250,152.52
3130,0,N,25308,144.99
3140,0,N,25365,142.47
3150,0,N,25418,132.53
3160,0,N,25470,130.00
3170,0,N,25519,122.50
3180,0,N,25567,120.00
3190,0,N,25613,115.01
3200,0,N,25658,112.49
3210,0,N,25700,105.02
3220,0,N,25739,97.50
3230,0,N,25777,94.98
3240,0,N,25811,85.01
3250,0,N,25844,82.48
3260,0,N,25875,77.52
3270,0,N,25903,70.00
3280,0,N,25929,65.01
3290,0,N,25954,62.48
3300,0,N,25977,57.50
3310,0,N,25998,52.50
3320,0,N,26017,47.51
3330,0,N,26034,42.49
3340,0,N,26050,40.00
3350,0,N,26065,37.50
3360,0,N,26078,32.50
3370,0,N,26089,27.50
3380,0,N,26098,22.50
3390,0,N,26107,22.49
3400,0,N,26114,17.50
3410,0,N,26120,15.00
3420,0,N,26124,10.00
3430,0,N,26127,7.50
3440,0,N,26128,2.50
3450,0,N,26127,-2.50
3460,0,N,26127,0.00
3470,0,N,26127,0.00
3480,0,N,26127,0.00
3490,0,N,26127,0.00
3500,0,N,26127,0.00
3510,0,N,26127,0.00
3520,0,N,26127,0.00
3530,0,N,26127,0.00
3540,0,N,26127,0.00
3550,0,N,26127,0.00
3560,0,N,26127,0.00
3570,0,N,26127,0.00
3580,0,N,26127,0.00
3590,0,N,26127,0.00
3600,0,N,26127,0.00
3610,0,N,26127,0.00
3620,0,N,26127,0.00
3630,0,N,26127,0.00
3640,0,N,26127,0.00
3650,0,N,26127,0.00
3660,0,N,26127,0.00
3670,0,N,26127,0.00
3680,0,N,26127,0.00
3690,0,N,26127,0.00
3700,0,N,26127,0.00
3710,0,N,26127,0.00
3720,0,N,26127,0.00
3730,0,N,26127,0.00
3740,0,N,26127,0.00
3750,0,N,26127,0.00
3760,0,N,26127,0.00
3770,0,N,26127,0.00
3780,0,N,26127,0.00
3790,0,N,26127,0.00
3800,0,N,26127,0.00
3810,0,N,26127,0.00
3820,0,N,26127,0.00
3830,0,N,26127,0.00
3840,0,N,26127,0.00
3850,0,N,26127,0.00
3860,0,N,26127,0.00
3870,0,N,26127,0.00
3880,0,N,26127,0.00
3890,0,N,26127,0.00
3900,0,N,26127,0.00
3910,0,N,26127,0.00
3920,0,N,26127,0.00
3930,0,N,26127,0.00
3940,0,N,26127,0.00
3950,0,N,26127,0.00
3960,0,N,26127,0.00
3970,0,N,26127,0.00
3980,0,N,26127,0.00
3990,0,N,26127,0.00
4000,0,N,26127,0.00
4010,0,N,26127,0.00
4020,0,N,26127,0.00
4030,0,N,26127,0.00
4040,0,N,26127,0.00
4050,0,N,26127,0.00
4060,0,N,26127,0.00
4070,0,N,26127,0.00
4080,0,N,26127,0.00
4090,0,N,26127,0.00
4100,0,N,26127,0.00
4110,0,N,26127,0.00
4120,0,N,26127,0.00
4130,0,N,26127,0.00
4140,0,N,26127,0.00
4150,0,N,26127,0.00
4160,0,N,26127,0.00
4170,0,N,26127,0.00
4180,0,N,26127,0.00
4190,0,N,26127,0.00
4200,0,N,26127,0.00
4210,0,N,26127,0.00
4220,0,N,26127,0.00
4230,0,N,26127,0.00
4240,0,N,26127,0.00
4250,0,N,26127,0.00
4260,0,N,26127,0.00
4270,0,N,26127,0.00
4280,0,N,26127,0.00
4290,0,N,26127,0.00
4300,0,N,26127,0.00
4310,0,N,26127,0.00
4320,0,N,26127,0.00
4330,0,N,26127,0.00
4340,0,N,26127,0.00
4350,0,N,26127,0.00
4360,0,N,26127,0.00
4370,0,N,26127,0.00
4380,0,N,26127,0.00
4390,0,N,26127,0.00
4400,0,N,26127,0.00
4410,0,N,26127,0.00
4420,0,N,26127,0.00
4430,0,N,26127,0.00
4440,0,N,26127,0.00
4450,0,N,26127,0.00
4460,0,N,26127,0.00
4470,0,N,26127,0.00
4480,0,N,26127,0.00
4490,0,N,26127,0.00
4500,0,N,26127,0.00
4510,0,N,26127,0.00
4520,0,N,26127,0.00
4530,0,N,26127,0.00
4540,0,N,26127,0.00
4550,0,N,26127,0.00
4560,0,N,26127,0.00
4570,0,N,26127,0.00
4580,0,N,26127,0.00
4590,0,N,26127,0.00
4600,0,N,26127,0.00
4610,0,N,26127,0.00
4620,0,N,26127,0.00
4630,0,N,26127,0.00
4640,0,N,26127,0.00
4650,0,N,26127,0.00
4660,0,N,26127,0.00
4670,0,N,26127,0.00
4680,0,N,26127,0.00
4690,0,N,26127,0.00
4700,0,N,26127,0.00
4710,0,N,26127,0.00
4720,0,N,26127,0.00
4730,0,N,26127,0.00
4740,0,N,26127,0.00
4750,0,N,26127,0.00
4760,0,N,26127,0.00
4770,0,N,26127,0.00
4780,0,N,26127,0.00
4790,0,N,26127,0.00
4800,0,N,26127,0.00
4810,0,N,26127,0.00
4820,0,N,26127,0.00
4830,0,N,26127,0.00
4840,0,N,26127,0.00
4850,0,N,26127,0.00
4860,0,N,26127,0.00
4870,0,N,26127,0.00
4880,0,N,26127,0.00
4890,0,N,26127,0.00
4900,0,N,26127,0.00
4910,0,N,26127,0.00
4920,0,N,26127,0.00
4930,0,N,26127,0.00
4940,0,N,26127,0.00
4950,0,N,26127,0.00
4960,0,N,26127,0.00
4970,0,N,26127,0.00
4980,0,N,26127,0.00
4990,0,N,26127,0.00
5000,0,N,26127,0.00
5010,0,N,26127,0.00
5020,0,N,26127,0.00
5030,0,N,26127,0.00
5040,0,N,26127,0.00
5050,0,N,26127,0.00
5060,0,N,26127,0.00
5070,0,N,26127,0.00
5080,0,N,26127,0.00
5090,0,N,26127,0.00
5100,0,N,26127,0.00
5110,0,N,26127,0.00
5120,0,N,26127,0.00
5130,0,N,26127,0.00
5140,0,N,26127,0.00
5150,0,N,26127,0.00
5160,0,N,26127,0.00
5170,0,N,26127,0.00
5180,0,N,26127,0.00
5190,0,N,26127,0.00
5200,0,N,26127,0.00
5210,0,N,26127,0.00
5220,0,N,26127,0.00
5230,0,N,26127,0.00
5240,0,N,26127,0.00
5250,0,N,26127,0.00
5260,0,N,26127,0.00
5270,0,N,26127,0.00
5280,0,N,26127,0.00
5290,0,N,26127,0.00
5300,0,N,26127,0.00
5310,0,N,26127,0.00
5320,0,N,26127,0.00
5330,0,N,26127,0.00
5340,0,N,26127,0.00
5350,0,N,26127,0.00
5360,0,N,26127,0.00
5370,0,N,26127,0.00
5380,0,N,26127,0.00
5390,0,N,26127,0.00
5400,0,N,26127,0.00
5410,0,N,26127,0.00
5420,0,N,26127,0.00
5430,0,N,26127,0.00
5440,0,N,26127,0.00
5450,0,N,26127,0.00
5460,0,N,26127,0.00
5470,0,N,26127,0.00
5480,0,N,26127,0.00
5490,0,N,26127,0.00
5500,0,N,26127,0.00
5510,0,N,26127,0.00
5520,0,N,26127,0.00
5530,0,N,26127,0.00
5540,0,N,26127,0.00
5550,0,N,26127,0.00
5560,0,N,26127,0.00
5570,0,N,26127,0.00
5580,0,N,26127,0.00
5590,0,N,26127,0.00
5600,0,N,26127,0.00
5610,0,N,26127,0.00
5620,0,N,26127,0.00
5630,0,N,26127,0.00
5640,0,N,26127,0.00
5650,0,N,26127,0.00
5660,0,N,26127,0.00
5670,0,N,26127,0.00
5680,0,N,26127,0.00
5690,0,N,26127,0.00
5700,0,N,26127,0.00
5710,0,N,26127,0.00
5720,0,N,26127,0.00
5730,0,N,26127,0.00
5740,0,N,26127,0.00
5750,0,N,26127,0.00
5760,0,N,26127,0.00
5770,0,N,26127,0.00
5780,0,N,26127,0.00
5790,0,N,26127,0.00
5800,0,N,26127,0.00
5810,0,N,26127,0.00
5820,0,N,26127,0.00
5830,0,N,26127,0.00
5840,0,N,26127,0.00
5850,0,N,26127,0.00
5860,0,N,26127,0.00
5870,0,N,26127,0.00
5880,0,N,26127,0.00
5890,0,N,26127,0.00
5900,0,N,26127,0.00
5910,0,N,26127,0.00
5920,0,N,26127,0.00
5930,0,N,26127,0.00
5940,0,N,26127,0.00
5950,0,N,26127,0.00
5960,0,N,26127,0.00
5970,0,N,26127,0.00
5980,0,N,26127,0.00
5990,0,N,26127,0.00
6000,0,N,26127,0.00
6010,0,N,26127,0.00
6020,0,N,26127,0.00
6030,0,N,26127,0.00
6040,0,N,26127,0.00
6050,0,N,26127,0.00
6060,0,N,26127,0.00
6070,0,N,26127,0.00
6080,0,N,26127,0.00
6090,0,N,26127,0.00
6100,0,N,26127,0.00
6110,0,N,26127,0.00
6120,0,N,26127,0.00
6130,0,N,26127,0.00
6140,0,N,26127,0.00
6150,0,N,26127,0.00
6160,0,N,26127,0.00
6170,0,N,26127,0.00
6180,0,N,26127,0.00
6190,0,N,26127,0.00
6200,0,N,26127,0.00
6210,0,N,26127,0.00
6220,0,N,26127,0.00
6230,0,N,26127,0.00
6240,0,N,26127,0.00
6250,0,N,26127,0.00
6260,0,N,26127,0.00
6270,0,N,26127,0.00
6280,0,N,26127,0.00
6290,0,N,26127,0.00
6300,0,N,26127,0.00
6310,0,N,26127,0.00
6320,0,N,26127,0.00
6330,0,N,26127,0.00
6340,0,N,26127,0.00
6350,0,N,26127,0.00
6360,0,N,26127,0.00
6370,0,N,26127,0.00
6380,0,N,26127,0.00
6390,0,N,26127,0.00
6400,0,N,26127,0.00
6410,0,N,26127,0.00
6420,0,N,26127,0.00
6430,0,N,26127,0.00
6440,0,N,26127,0.00
6450,0,N,26127,0.00
6460,0,N,26127,0.00
6470,0,N,26127,0.00
6480,0,N,26127,0.00
6490,0,N,26127,0.00
6500,0,N,26127,0.00
6510,0,N,26127,0.00
6520,0,N,26127,0.00
6530,0,N,26127,0.00
6540,0,N,26127,0.00
6550,0,N,26127,0.00
6560,0,N,26127,0.00
6570,0,N,26127,0.00
6580,0,N,26127,0.00
6590,0,N,26127,0.00
6600,0,N,26127,0.00
6610,0,N,26127,0.00
6620,0,N,26127,0.00
6630,0,N,26127,0.00
6640,0,N,26127,0.00
6650,0,N,26127,0.00
6660,0,N,26127,0.00
6670,0,N,26127,0.00
6680,0,N,26127,0.00
6690,0,N,26127,0.00
6700,0,N,26127,0.00
6710,0,N,26127,0.00
6720,0,N,26127,0.00
6730,0,N,26127,0.00
6740,0,N,26127,0.00
6750,0,N,26127,0.00
6760,0,N,26127,0.00
6770,0,N,26127,0.00
6780,0,N,26127,0.00
6790,0,N,26127,0.00
6800,0,N,26127,0.00
6810,0,N,26127,0.00
6820,0,N,26127,0.00
6830,0,N,26127,0.00
6840,0,N,26127,0.00
6850,0,N,26127,0.00
6860,0,N,26127,0.00
6870,0,N,26127,0.00
6880,0,N,26127,0.00
6890,0,N,26127,0.00
6900,0,N,26127,0.00
6910,0,N,26127,0.00
6920,0,N,26127,0.00
6930,0,N,26127,0.00
6940,0,N,26127,0.00
6950,0,N,26127,0.00
6960,0,N,26127,0.00
6970,0,N,26127,0.00
6980,0,N,26127,0.00
6990,0,N,26127,0.00
7000,0,N,26127,0.00
7010,0,N,26127,0.00
7020,0,N,26127,0.00
7030,0,N,26127,0.00
7040,0,N,26127,0.00
7050,0,N,26127,0.00
7060,0,N,26127,0.00
7070,0,N,26127,0.00
7080,0,N,26127,0.00
7090,0,N,26127,0.00
7100,0,N,26127,0.00
7110,0,N,26127,0.00
7120,0,N,26127,0.00
7130,0,N,26127,0.00
7140,0,N,26127,0.00
7150,0,N,26127,0.00
7160,0,N,26127,0.00
7170,0,N,26127,0.00
7180,0,N,26127,0.00
7190,0,N,26127,0.00
7200,0,N,26127,0.00
7210,0,N,26127,0.00
7220,0,N,26127,0.00
7230,0,N,26127,0.00
7240,0,N,26127,0.00
7250,0,N,26127,0.00
7260,0,N,26127,0.00
7270,0,N,26127,0.00
7280,0,N,26127,0.00
7290,0,N,26127,0.00
7300,0,N,26127,0.00
7310,0,N,26127,0.00
7320,0,N,26127,0.00
7330,0,N,26127,0.00
7340,0,N,26127,0.00
7350,0,N,26127,0.00
7360,0,N,26127,0.00
7370,0,N,26127,0.00
7380,0,N,26127,0.00
7390,0,N,26127,0.00
7400,0,N,26127,0.00
7410,0,N,26127,0.00
7420,0,N,26127,0.00
7430,0,N,26127,0.00
7440,0,N,26127,0.00
7450,0,N,26127,0.00
7460,0,N,26127,0.00
7470,0,N,26127,0.00
7480,0,N,26127,0.00
7490,0,N,26127,0.00
7500,0,N,26127,0.00
7510,0,N,26127,0.00
7520,0,N,26127,0.00
7530,0,N,26127,0.00
7540,0,N,26127,0.00
7550,0,N,26127,0.00
7560,0,N,26127,0.00
7570,0,N,26127,0.00
7580,0,N,26127,0.00
7590,0,N,26127,0.00
7600,0,N,26127,0.00
7610,0,N,26127,0.00
7620,0,N,26127,0.00
7630,0,N,26127,0.00
7640,0,N,26127,0.00
7650,0,N,26127,0.00
7660,0,N,26127,0.00
7670,0,N,26127,0.00
7680,0,N,26127,0.00
7690,0,N,26127,0.00
7700,0,N,26127,0.00
7710,0,N,26127,0.00
7720,0,N,26127,0.00
7730,0,N,26127,0.00
7740,0,N,26127,0.00
7750,0,N,26127,0.00
7760,0,N,26127,0.00
7770,0,N,26127,0.00
7780,0,N,26127,0.00
7790,0,N,26127,0.00
7800,0,N,26127,0.00
7810,0,N,26127,0.00
7820,0,N,26127,0.00
7830,0,N,26127,0.00
7840,0,N,26127,0.00
7850,0,N,26127,0.00
7860,0,N,26127,0.00
7870,0,N,26127,0.00
7880,0,N,26127,0.00
7890,0,N,26127,0.00
7900,0,N,26127,0.00
7910,0,N,26127,0.00
7920,0,N,26127,0.00
7930,0,N,26127,0.00
7940,0,N,26127,0.00
7950,0,N,26127,0.00
7960,0,N,26127,0.00
7970,0,N,26127,0.00
7980,0,N,26127,0.00
7990,0,N,26127,0.00
8000,0,N,26127,0.00
=== END ===
# Trial 21 of 30: step_down_fwd_240to0_run03
=== START step_down_fwd_240to0_run03 ===
t_ms,pwm_cmd,dir,enc_count,rpm
0,240,F,0,0.00
10,240,F,3,7.50
20,240,F,10,17.50
30,240,F,20,25.00
40,240,F,34,35.01
50,240,F,51,42.49
60,240,F,71,50.01
70,240,F,95,59.99
80,240,F,123,69.96
90,240,F,153,75.05
100,240,F,186,82.51
110,240,F,222,89.97
120,240,F,260,95.04
130,240,F,302,104.98
140,240,F,346,109.99
150,240,F,393,117.51
160,240,F,444,127.53
170,240,F,497,132.47
180,240,F,553,140.03
190,240,F,611,144.99
200,240,F,672,152.50
210,240,F,737,162.50
220,240,F,803,164.97
230,240,F,870,167.53
240,240,F,937,167.52
250,240,F,1007,174.86
260,240,F,1087,200.14
270,240,F,1158,177.46
280,240,F,1227,172.55
290,240,F,1296,172.48
300,240,F,1373,192.44
310,240,F,1450,192.56
320,240,F,1527,192.35
330,240,F,1605,195.14
340,240,F,1685,200.04
350,240,F,1765,200.00
360,240,F,1846,202.46
370,240,F,1929,207.50
380,240,F,2011,204.98
390,240,F,2094,207.50
400,240,F,2175,202.52
410,240,F,2254,197.48
420,240,F,2333,197.54
430,240,F,2411,195.02
440,240,F,2493,204.98
450,240,F,2576,207.52
460,240,F,2658,204.94
470,240,F,2740,204.98
480,240,F,2822,205.06
490,240,F,2905,207.46
500,240,F,2990,212.56
510,240,F,3075,212.50
520,240,F,3162,217.43
530,240,F,3248,215.02
540,240,F,3332,210.04
550,240,F,3417,212.46
560,240,F,3511,235.02
570,240,F,3595,210.00
580,240,F,3671,189.96
590,240,F,3758,217.52
600,240,F,3844,215.02
610,240,F,3929,212.37
620,240,F,4015,215.13
630,240,F,4102,217.50
640,240,F,4187,212.46
650,240,F,4275,220.02
660,240,F,4363,220.00
670,240,F,4451,219.98
680,240,F,4536,212.54
690,240,F,4620,209.94
700,240,F,4702,205.02
710,240,F,4784,205.06
720,240,F,4868,209.96
730,240,F,4953,212.50
740,240,F,5037,210.00
750,240,F,5120,207.48
760,240,F,5204,210.02
770,240,F,5289,212.50
780,240,F,5375,215.00
790,240,F,5462,217.50
800,240,F,5550,220.00
810,240,F,5638,220.02
820,240,F,5723,212.48
830,240,F,5809,215.00
840,240,F,5904,237.55
850,240,F,5989,212.44
860,240,F,6068,197.54
870,240,F,6153,212.52
880,240,F,6240,217.43
890,240,F,6325,212.50
900,240,F,6413,220.02
910,240,F,6500,217.43
920,240,F,6586,215.11
930,240,F,6674,219.93
940,240,F,6763,222.54
950,240,F,6851,219.93
960,240,F,6936,212.52
970,240,F,7020,210.04
980,240,F,7103,207.46
990,240,F,7185,205.04
1000,240,F,7270,212.44
1010,240,F,7354,210.06
1020,240,F,7439,212.52
1030,240,F,7523,209.98
1040,240,F,7607,209.96
1050,240,F,7692,212.48
1060,240,F,7778,215.09
1070,240,F,7866,219.93
1080,240,F,7954,220.07
1090,240,F,8042,219.91
1100,240,F,8127,212.50
1110,240,F,8213,215.02
1120,240,F,8309,240.07
1130,240,F,8394,212.31
1140,240,F,8472,195.18
1150,240,F,8558,214.96
1160,240,F,8645,217.54
1170,240,F,8731,214.96
1180,240,F,8819,219.93
1190,240,F,8905,215.11
1200,240,F,8992,217.46
1210,240,F,9080,220.04
1220,240,F,9169,222.43
1230,240,F,9257,220.00
1240,240,F,9343,215.00
1250,240,F,9427,210.06
1260,240,F,9510,207.44
1270,240,F,9592,205.00
1280,240,F,9676,210.04
1290,240,F,9762,215.00
1300,240,F,9847,212.48
1310,240,F,9930,207.52
1320,240,F,10015,212.46
1330,240,F,10100,212.54
1340,240,F,10187,217.52
1350,240,F,10274,217.50
1360,240,F,10363,222.43
1370,240,F,10450,217.52
1380,240,F,10536,214.98
1390,240,F,10623,217.50
1400,240,F,10717,235.02
1410,240,F,10802,212.50
1420,240,F,10882,199.96
1430,240,F,10968,215.06
1440,240,F,11054,215.00
1450,240,F,11141,217.52
1460,240,F,11228,217.46
1470,240,F,11315,217.54
1480,240,F,11402,217.50
1490,240,F,11490,219.93
1500,240,F,11579,222.57
1510,240,F,11667,219.96
1520,240,F,11753,215.00
1530,240,F,11837,209.96
1540,240,F,11919,205.04
1550,240,F,12002,207.50
1560,240,F,12086,210.02
1570,240,F,12172,215.00
1580,240,F,12256,210.00
1590,240,F,12341,212.42
1600,240,F,12425,210.04
1610,240,F,12511,214.98
1620,240,F,12597,215.00
1630,240,F,12684,217.50
1640,240,F,12773,222.52
1650,240,F,12861,220.02
1660,240,F,12947,214.91
1670,240,F,13034,217.57
1680,240,F,13128,234.91
1690,240,F,13212,210.08
1700,240,F,13293,202.52
1710,240,F,13378,212.52
1720,240,F,13464,214.98
1730,240,F,13551,217.50
1740,240,F,13639,219.98
1750,240,F,13726,217.57
1760,240,F,13812,214.96
1770,240,F,13901,222.48
1780,240,F,13990,222.54
1790,240,F,14077,217.46
1800,240,F,14163,214.98
1810,240,F,14247,210.00
1820,240,F,14330,207.54
1830,240,F,14412,204.98
1840,240,F,14497,212.44
1850,240,F,14582,212.63
1860,240,F,14666,209.96
1870,240,F,14751,212.48
1880,240,F,14836,212.56
1890,240,F,14922,215.00
1900,240,F,15007,212.46
1910,240,F,15095,219.98
1920,240,F,15184,222.57
1930,240,F,15271,217.48
1940,240,F,15357,214.96
1950,240,F,15445,220.07
1960,240,F,15538,232.43
1970,240,F,15622,210.00
1980,240,F,15703,202.50
1990,240,F,15789,215.02
2000,240,F,15875,214.98
2010,240,F,15962,217.52
2020,240,F,16050,219.98
2030,240,F,16137,217.54
2040,240,F,16224,217.46
2050,240,F,16312,220.00
2060,240,F,16401,222.50
2070,240,F,16488,217.57
2080,240,F,16574,214.98
2090,240,F,16658,210.02
2100,240,F,16740,204.96
2110,240,F,16822,205.04
2120,240,F,16907,212.44
2130,240,F,16992,212.56
2140,240,F,17077,212.44
2150,240,F,17161,209.98
2160,240,F,17246,212.52
2170,240,F,17332,214.98
2180,240,F,17418,215.09
2190,240,F,17506,219.91
2200,240,F,17594,220.04
2210,240,F,17682,220.02
2220,240,F,17768,215.02
2230,240,F,17858,224.96
2240,240,F,17949,227.43
2250,240,F,18032,207.52
2260,240,F,18112,200.06
2270,240,F,18198,214.96
2280,240,F,18286,220.07
2290,240,F,18373,217.50
2300,240,F,18460,217.48
2310,240,F,18548,219.89
2320,240,F,18634,215.04
2330,240,F,18723,222.54
2340,240,F,18811,219.98
2350,240,F,18899,220.07
2360,240,F,18984,212.44
2370,240,F,19068,210.06
2380,240,F,19150,204.94
2390,240,F,19233,207.50
2400,240,F,19318,212.52
2410,240,F,19403,212.54
2420,240,F,19488,212.50
2430,240,F,19572,209.98
2440,240,F,19658,215.02
2450,240,F,19743,212.46
2460,240,F,19830,217.48
2470,240,F,19918,220.04
2480,240,F,20006,219.93
2490,240,F,20093,217.57
2500,240,F,20179,214.96
2510,240,F,20273,235.07
2520,240,F,20360,217.43
2530,240,F,20443,207.54
2540,240,F,20524,202.46
2550,240,F,20611,217.57
2560,240,F,20698,217.46
2570,240,F,20785,217.48
2580,240,F,20872,217.54
2590,240,F,20959,217.46
2600,240,F,21046,217.50
2610,240,F,21135,222.54
2620,240,F,21224,222.50
2630,240,F,21311,217.46
2640,240,F,21395,210.04
2650,240,F,21479,210.02
2660,240,F,21561,204.98
2670,240,F,21645,209.96
2680,240,F,21730,212.50
2690,240,F,21815,212.48
2700,240,F,21899,210.04
2710,240,F,21983,210.02
2720,240,F,22069,214.98
2730,240,F,22155,214.96
2740,240,F,22242,217.54
2750,240,F,22330,219.98
2760,240,F,22418,219.98
2770,240,F,22504,215.09
2780,240,F,22590,215.00
2790,240,F,22687,242.43
2800,240,F,22772,212.54
2810,240,F,22855,207.48
2820,240,F,22935,200.04
2830,240,F,23022,217.41
2840,240,F,23109,217.52
2850,240,F,23196,217.57
2860,240,F,23284,219.96
2870,240,F,23370,215.00
2880,240,F,23458,220.02
2890,240,F,23547,222.52
2900,240,F,23635,219.91
2910,240,F,23721,215.09
2920,240,F,23806,212.42
2930,240,F,23890,210.08
2940,240,F,23972,204.90
2950,240,F,24056,210.08
2960,240,F,24141,212.50
2970,240,F,24226,212.46
2980,240,F,24310,210.02
2990,240,F,24394,210.04
3000,0,N,24480,214.94
3010,0,N,24564,209.98
3020,0,N,24647,207.54
3030,0,N,24730,207.52
3040,0,N,24809,197.52
3050,0,N,24885,189.96
3060,0,N,24958,182.50
3070,0,N,25029,177.50
3080,0,N,25107,195.00
3090,0,N,25172,162.50
3100,0,N,25234,155.03
3110,0,N,25293,147.50
3120,0,N,25349,139.94
3130,0,N,25407,145.06
3140,0,N,25464,142.50
3150,0,N,25517,132.49
3160,0,N,25569,129.97
3170,0,N,25620,127.53
3180,0,N,25668,119.96
3190,0,N,25713,112.55
3200,0,N,25756,107.49
3210,0,N,25798,104.99
3220,0,N,25837,97.51
3230,0,N,25875,94.99
3240,0,N,25911,89.98
3250,0,N,25946,87.52
3260,0,N,25978,79.99
3270,0,N,26007,72.52
3280,0,N,26035,69.99
3290,0,N,26061,64.95
3300,0,N,26084,57.52
3310,0,N,26105,52.51
3320,0,N,26125,50.00
3330,0,N,26143,45.00
3340,0,N,26160,42.50
3350,0,N,26174,35.00
3360,0,N,26186,30.00
3370,0,N,26198,30.00
3380,0,N,26207,22.50
3390,0,N,26215,19.99
3400,0,N,26223,20.01
3410,0,N,26228,12.50
3420,0,N,26231,7.50
3430,0,N,26234,7.50
3440,0,N,26235,2.50
3450,0,N,26236,2.50
3460,0,N,26236,0.00
3470,0,N,26236,0.00
3480,0,N,26236,0.00
3490,0,N,26236,0.00
3500,0,N,26236,0.00
3510,0,N,26236,0.00
3520,0,N,26236,0.00
3530,0,N,26236,0.00
3540,0,N,26236,0.00
3550,0,N,26236,0.00
3560,0,N,26236,0.00
3570,0,N,26236,0.00
3580,0,N,26236,0.00
3590,0,N,26236,0.00
3600,0,N,26236,0.00
3610,0,N,26236,0.00
3620,0,N,26236,0.00
3630,0,N,26236,0.00
3640,0,N,26236,0.00
3650,0,N,26236,0.00
3660,0,N,26236,0.00
3670,0,N,26236,0.00
3680,0,N,26236,0.00
3690,0,N,26236,0.00
3700,0,N,26236,0.00
3710,0,N,26236,0.00
3720,0,N,26236,0.00
3730,0,N,26236,0.00
3740,0,N,26236,0.00
3750,0,N,26236,0.00
3760,0,N,26236,0.00
3770,0,N,26236,0.00
3780,0,N,26236,0.00
3790,0,N,26236,0.00
3800,0,N,26236,0.00
3810,0,N,26236,0.00
3820,0,N,26236,0.00
3830,0,N,26236,0.00
3840,0,N,26236,0.00
3850,0,N,26236,0.00
3860,0,N,26236,0.00
3870,0,N,26236,0.00
3880,0,N,26236,0.00
3890,0,N,26236,0.00
3900,0,N,26236,0.00
3910,0,N,26236,0.00
3920,0,N,26236,0.00
3930,0,N,26236,0.00
3940,0,N,26236,0.00
3950,0,N,26236,0.00
3960,0,N,26236,0.00
3970,0,N,26236,0.00
3980,0,N,26236,0.00
3990,0,N,26236,0.00
4000,0,N,26236,0.00
4010,0,N,26236,0.00
4020,0,N,26236,0.00
4030,0,N,26236,0.00
4040,0,N,26236,0.00
4050,0,N,26236,0.00
4060,0,N,26236,0.00
4070,0,N,26236,0.00
4080,0,N,26236,0.00
4090,0,N,26236,0.00
4100,0,N,26236,0.00
4110,0,N,26236,0.00
4120,0,N,26236,0.00
4130,0,N,26236,0.00
4140,0,N,26236,0.00
4150,0,N,26236,0.00
4160,0,N,26236,0.00
4170,0,N,26236,0.00
4180,0,N,26236,0.00
4190,0,N,26236,0.00
4200,0,N,26236,0.00
4210,0,N,26236,0.00
4220,0,N,26236,0.00
4230,0,N,26236,0.00
4240,0,N,26236,0.00
4250,0,N,26236,0.00
4260,0,N,26236,0.00
4270,0,N,26236,0.00
4280,0,N,26236,0.00
4290,0,N,26236,0.00
4300,0,N,26236,0.00
4310,0,N,26236,0.00
4320,0,N,26236,0.00
4330,0,N,26236,0.00
4340,0,N,26236,0.00
4350,0,N,26236,0.00
4360,0,N,26236,0.00
4370,0,N,26236,0.00
4380,0,N,26236,0.00
4390,0,N,26236,0.00
4400,0,N,26236,0.00
4410,0,N,26236,0.00
4420,0,N,26236,0.00
4430,0,N,26236,0.00
4440,0,N,26236,0.00
4450,0,N,26236,0.00
4460,0,N,26236,0.00
4470,0,N,26236,0.00
4480,0,N,26236,0.00
4490,0,N,26236,0.00
4500,0,N,26236,0.00
4510,0,N,26236,0.00
4520,0,N,26236,0.00
4530,0,N,26236,0.00
4540,0,N,26236,0.00
4550,0,N,26236,0.00
4560,0,N,26236,0.00
4570,0,N,26236,0.00
4580,0,N,26236,0.00
4590,0,N,26236,0.00
4600,0,N,26236,0.00
4610,0,N,26236,0.00
4620,0,N,26236,0.00
4630,0,N,26236,0.00
4640,0,N,26236,0.00
4650,0,N,26236,0.00
4660,0,N,26236,0.00
4670,0,N,26236,0.00
4680,0,N,26236,0.00
4690,0,N,26236,0.00
4700,0,N,26236,0.00
4710,0,N,26236,0.00
4720,0,N,26236,0.00
4730,0,N,26236,0.00
4740,0,N,26236,0.00
4750,0,N,26236,0.00
4760,0,N,26236,0.00
4770,0,N,26236,0.00
4780,0,N,26236,0.00
4790,0,N,26236,0.00
4800,0,N,26236,0.00
4810,0,N,26236,0.00
4820,0,N,26236,0.00
4830,0,N,26236,0.00
4840,0,N,26236,0.00
4850,0,N,26236,0.00
4860,0,N,26236,0.00
4870,0,N,26236,0.00
4880,0,N,26236,0.00
4890,0,N,26236,0.00
4900,0,N,26236,0.00
4910,0,N,26236,0.00
4920,0,N,26236,0.00
4930,0,N,26236,0.00
4940,0,N,26236,0.00
4950,0,N,26236,0.00
4960,0,N,26236,0.00
4970,0,N,26236,0.00
4980,0,N,26236,0.00
4990,0,N,26236,0.00
5000,0,N,26236,0.00
5010,0,N,26236,0.00
5020,0,N,26236,0.00
5030,0,N,26236,0.00
5040,0,N,26236,0.00
5050,0,N,26236,0.00
5060,0,N,26236,0.00
5070,0,N,26236,0.00
5080,0,N,26236,0.00
5090,0,N,26236,0.00
5100,0,N,26236,0.00
5110,0,N,26236,0.00
5120,0,N,26236,0.00
5130,0,N,26236,0.00
5140,0,N,26236,0.00
5150,0,N,26236,0.00
5160,0,N,26236,0.00
5170,0,N,26236,0.00
5180,0,N,26236,0.00
5190,0,N,26236,0.00
5200,0,N,26236,0.00
5210,0,N,26236,0.00
5220,0,N,26236,0.00
5230,0,N,26236,0.00
5240,0,N,26236,0.00
5250,0,N,26236,0.00
5260,0,N,26236,0.00
5270,0,N,26236,0.00
5280,0,N,26236,0.00
5290,0,N,26236,0.00
5300,0,N,26236,0.00
5310,0,N,26236,0.00
5320,0,N,26236,0.00
5330,0,N,26236,0.00
5340,0,N,26236,0.00
5350,0,N,26236,0.00
5360,0,N,26236,0.00
5370,0,N,26236,0.00
5380,0,N,26236,0.00
5390,0,N,26236,0.00
5400,0,N,26236,0.00
5410,0,N,26236,0.00
5420,0,N,26236,0.00
5430,0,N,26236,0.00
5440,0,N,26236,0.00
5450,0,N,26236,0.00
5460,0,N,26236,0.00
5470,0,N,26236,0.00
5480,0,N,26236,0.00
5490,0,N,26236,0.00
5500,0,N,26236,0.00
5510,0,N,26236,0.00
5520,0,N,26236,0.00
5530,0,N,26236,0.00
5540,0,N,26236,0.00
5550,0,N,26236,0.00
5560,0,N,26236,0.00
5570,0,N,26236,0.00
5580,0,N,26236,0.00
5590,0,N,26236,0.00
5600,0,N,26236,0.00
5610,0,N,26236,0.00
5620,0,N,26236,0.00
5630,0,N,26236,0.00
5640,0,N,26236,0.00
5650,0,N,26236,0.00
5660,0,N,26236,0.00
5670,0,N,26236,0.00
5680,0,N,26236,0.00
5690,0,N,26236,0.00
5700,0,N,26236,0.00
5710,0,N,26236,0.00
5720,0,N,26236,0.00
5730,0,N,26236,0.00
5740,0,N,26236,0.00
5750,0,N,26236,0.00
5760,0,N,26236,0.00
5770,0,N,26236,0.00
5780,0,N,26236,0.00
5790,0,N,26236,0.00
5800,0,N,26236,0.00
5810,0,N,26236,0.00
5820,0,N,26236,0.00
5830,0,N,26236,0.00
5840,0,N,26236,0.00
5850,0,N,26236,0.00
5860,0,N,26236,0.00
5870,0,N,26236,0.00
5880,0,N,26236,0.00
5890,0,N,26236,0.00
5900,0,N,26236,0.00
5910,0,N,26236,0.00
5920,0,N,26236,0.00
5930,0,N,26236,0.00
5940,0,N,26236,0.00
5950,0,N,26236,0.00
5960,0,N,26236,0.00
5970,0,N,26236,0.00
5980,0,N,26236,0.00
5990,0,N,26236,0.00
6000,0,N,26236,0.00
6010,0,N,26236,0.00
6020,0,N,26236,0.00
6030,0,N,26236,0.00
6040,0,N,26236,0.00
6050,0,N,26236,0.00
6060,0,N,26236,0.00
6070,0,N,26236,0.00
6080,0,N,26236,0.00
6090,0,N,26236,0.00
6100,0,N,26236,0.00
6110,0,N,26236,0.00
6120,0,N,26236,0.00
6130,0,N,26236,0.00
6140,0,N,26236,0.00
6150,0,N,26236,0.00
6160,0,N,26236,0.00
6170,0,N,26236,0.00
6180,0,N,26236,0.00
6190,0,N,26236,0.00
6200,0,N,26236,0.00
6210,0,N,26236,0.00
6220,0,N,26236,0.00
6230,0,N,26236,0.00
6240,0,N,26236,0.00
6250,0,N,26236,0.00
6260,0,N,26236,0.00
6270,0,N,26236,0.00
6280,0,N,26236,0.00
6290,0,N,26236,0.00
6300,0,N,26236,0.00
6310,0,N,26236,0.00
6320,0,N,26236,0.00
6330,0,N,26236,0.00
6340,0,N,26236,0.00
6350,0,N,26236,0.00
6360,0,N,26236,0.00
6370,0,N,26236,0.00
6380,0,N,26236,0.00
6390,0,N,26236,0.00
6400,0,N,26236,0.00
6410,0,N,26236,0.00
6420,0,N,26236,0.00
6430,0,N,26236,0.00
6440,0,N,26236,0.00
6450,0,N,26236,0.00
6460,0,N,26236,0.00
6470,0,N,26236,0.00
6480,0,N,26236,0.00
6490,0,N,26236,0.00
6500,0,N,26236,0.00
6510,0,N,26236,0.00
6520,0,N,26236,0.00
6530,0,N,26236,0.00
6540,0,N,26236,0.00
6550,0,N,26236,0.00
6560,0,N,26236,0.00
6570,0,N,26236,0.00
6580,0,N,26236,0.00
6590,0,N,26236,0.00
6600,0,N,26236,0.00
6610,0,N,26236,0.00
6620,0,N,26236,0.00
6630,0,N,26236,0.00
6640,0,N,26236,0.00
6650,0,N,26236,0.00
6660,0,N,26236,0.00
6670,0,N,26236,0.00
6680,0,N,26236,0.00
6690,0,N,26236,0.00
6700,0,N,26236,0.00
6710,0,N,26236,0.00
6720,0,N,26236,0.00
6730,0,N,26236,0.00
6740,0,N,26236,0.00
6750,0,N,26236,0.00
6760,0,N,26236,0.00
6770,0,N,26236,0.00
6780,0,N,26236,0.00
6790,0,N,26236,0.00
6800,0,N,26236,0.00
6810,0,N,26236,0.00
6820,0,N,26236,0.00
6830,0,N,26236,0.00
6840,0,N,26236,0.00
6850,0,N,26236,0.00
6860,0,N,26236,0.00
6870,0,N,26236,0.00
6880,0,N,26236,0.00
6890,0,N,26236,0.00
6900,0,N,26236,0.00
6910,0,N,26236,0.00
6920,0,N,26236,0.00
6930,0,N,26236,0.00
6940,0,N,26236,0.00
6950,0,N,26236,0.00
6960,0,N,26236,0.00
6970,0,N,26236,0.00
6980,0,N,26236,0.00
6990,0,N,26236,0.00
7000,0,N,26236,0.00
7010,0,N,26236,0.00
7020,0,N,26236,0.00
7030,0,N,26236,0.00
7040,0,N,26236,0.00
7050,0,N,26236,0.00
7060,0,N,26236,0.00
7070,0,N,26236,0.00
7080,0,N,26236,0.00
7090,0,N,26236,0.00
7100,0,N,26236,0.00
7110,0,N,26236,0.00
7120,0,N,26236,0.00
7130,0,N,26236,0.00
7140,0,N,26236,0.00
7150,0,N,26236,0.00
7160,0,N,26236,0.00
7170,0,N,26236,0.00
7180,0,N,26236,0.00
7190,0,N,26236,0.00
7200,0,N,26236,0.00
7210,0,N,26236,0.00
7220,0,N,26236,0.00
7230,0,N,26236,0.00
7240,0,N,26236,0.00
7250,0,N,26236,0.00
7260,0,N,26236,0.00
7270,0,N,26236,0.00
7280,0,N,26236,0.00
7290,0,N,26236,0.00
7300,0,N,26236,0.00
7310,0,N,26236,0.00
7320,0,N,26236,0.00
7330,0,N,26236,0.00
7340,0,N,26236,0.00
7350,0,N,26236,0.00
7360,0,N,26236,0.00
7370,0,N,26236,0.00
7380,0,N,26236,0.00
7390,0,N,26236,0.00
7400,0,N,26236,0.00
7410,0,N,26236,0.00
7420,0,N,26236,0.00
7430,0,N,26236,0.00
7440,0,N,26236,0.00
7450,0,N,26236,0.00
7460,0,N,26236,0.00
7470,0,N,26236,0.00
7480,0,N,26236,0.00
7490,0,N,26236,0.00
7500,0,N,26236,0.00
7510,0,N,26236,0.00
7520,0,N,26236,0.00
7530,0,N,26236,0.00
7540,0,N,26236,0.00
7550,0,N,26236,0.00
7560,0,N,26236,0.00
7570,0,N,26236,0.00
7580,0,N,26236,0.00
7590,0,N,26236,0.00
7600,0,N,26236,0.00
7610,0,N,26236,0.00
7620,0,N,26236,0.00
7630,0,N,26236,0.00
7640,0,N,26236,0.00
7650,0,N,26236,0.00
7660,0,N,26236,0.00
7670,0,N,26236,0.00
7680,0,N,26236,0.00
7690,0,N,26236,0.00
7700,0,N,26236,0.00
7710,0,N,26236,0.00
7720,0,N,26236,0.00
7730,0,N,26236,0.00
7740,0,N,26236,0.00
7750,0,N,26236,0.00
7760,0,N,26236,0.00
7770,0,N,26236,0.00
7780,0,N,26236,0.00
7790,0,N,26236,0.00
7800,0,N,26236,0.00
7810,0,N,26236,0.00
7820,0,N,26236,0.00
7830,0,N,26236,0.00
7840,0,N,26236,0.00
7850,0,N,26236,0.00
7860,0,N,26236,0.00
7870,0,N,26236,0.00
7880,0,N,26236,0.00
7890,0,N,26236,0.00
7900,0,N,26236,0.00
7910,0,N,26236,0.00
7920,0,N,26236,0.00
7930,0,N,26236,0.00
7940,0,N,26236,0.00
7950,0,N,26236,0.00
7960,0,N,26236,0.00
7970,0,N,26236,0.00
7980,0,N,26236,0.00
7990,0,N,26236,0.00
=== END ===
# Trial 22 of 30: step_down_fwd_240to160_run01
=== START step_down_fwd_240to160_run01 ===
t_ms,pwm_cmd,dir,enc_count,rpm
0,240,F,0,0.00
10,240,F,2,5.00
20,240,F,9,17.50
30,240,F,20,27.49
40,240,F,33,32.51
50,240,F,49,40.00
60,240,F,68,47.50
70,240,F,91,57.49
80,240,F,117,64.99
90,240,F,145,70.01
100,240,F,177,80.02
110,240,F,213,89.98
120,240,F,251,95.02
130,240,F,292,102.49
140,240,F,337,112.50
150,240,F,383,115.00
160,240,F,432,122.50
170,240,F,484,129.99
180,240,F,538,135.01
190,240,F,596,144.97
200,240,F,656,150.01
210,240,F,718,154.98
220,240,F,783,162.53
230,240,F,850,167.50
240,240,F,919,172.47
250,240,F,990,177.50
260,240,F,1060,175.05
270,240,F,1132,179.93
280,240,F,1207,187.58
290,240,F,1288,202.50
300,240,F,1362,184.94
310,240,F,1437,187.54
320,240,F,1507,174.97
330,240,F,1585,195.02
340,240,F,1665,199.94
350,240,F,1744,197.56
360,240,F,1825,202.54
370,240,F,1906,202.48
380,240,F,1987,202.52
390,240,F,2070,207.48
400,240,F,2155,212.50
410,240,F,2238,207.46
420,240,F,2320,205.00
430,240,F,2400,200.06
440,240,F,2480,199.84
450,240,F,2559,197.60
460,240,F,2641,205.04
470,240,F,2724,207.52
480,240,F,2806,204.98
490,240,F,2888,204.96
500,240,F,2970,205.00
510,240,F,3054,210.06
520,240,F,3138,209.96
530,240,F,3224,215.04
540,240,F,3311,217.48
550,240,F,3397,214.96
560,240,F,3481,210.00
570,240,F,3566,212.56
580,240,F,3661,237.43
590,240,F,3745,210.06
600,240,F,3828,207.44
610,240,F,3907,197.52
620,240,F,3994,217.52
630,240,F,4079,212.46
640,240,F,4165,215.04
650,240,F,4253,219.85
660,240,F,4338,212.67
670,240,F,4426,219.91
680,240,F,4514,220.04
690,240,F,4602,219.98
700,240,F,4687,212.52
710,240,F,4772,212.48
720,240,F,4855,207.52
730,240,F,4936,202.48
740,240,F,5020,210.02
750,240,F,5105,212.46
760,240,F,5189,210.06
770,240,F,5272,207.46
780,240,F,5356,210.06
790,240,F,5442,214.96
800,240,F,5527,212.48
810,240,F,5614,217.54
820,240,F,5702,219.98
830,240,F,5790,220.04
840,240,F,5875,212.44
850,240,F,5961,215.06
860,240,F,6057,239.95
870,240,F,6142,212.50
880,240,F,6226,210.04
890,240,F,6306,199.94
900,240,F,6392,215.00
910,240,F,6478,215.00
920,240,F,6565,217.57
930,240,F,6653,219.96
940,240,F,6739,215.02
950,240,F,6827,220.00
960,240,F,6916,222.52
970,240,F,7004,219.96
980,240,F,7090,214.96
990,240,F,7174,210.04
1000,240,F,7258,210.04
1010,240,F,7340,205.00
1020,240,F,7424,209.98
1030,240,F,7509,212.48
1040,240,F,7594,212.54
1050,240,F,7677,207.44
1060,240,F,7762,212.54
1070,240,F,7847,212.48
1080,240,F,7933,215.02
1090,240,F,8021,220.02
1100,240,F,8109,220.00
1110,240,F,8197,219.96
1120,240,F,8282,212.48
1130,240,F,8368,215.02
1140,240,F,8464,240.05
1150,240,F,8549,212.48
1160,240,F,8634,212.48
1170,240,F,8714,200.04
1180,240,F,8801,217.46
1190,240,F,8887,215.02
1200,240,F,8974,217.48
1210,240,F,9062,219.98
1220,240,F,9148,215.04
1230,240,F,9237,222.52
1240,240,F,9326,222.50
1250,240,F,9414,219.93
1260,240,F,9500,215.04
1270,240,F,9584,210.02
1280,240,F,9667,207.46
1290,240,F,9749,204.96
1300,240,F,9834,212.52
1310,240,F,9919,212.52
1320,240,F,10004,212.50
1330,240,F,10088,210.02
1340,240,F,10173,212.42
1350,240,F,10258,212.54
1360,240,F,10344,215.02
1370,240,F,10431,217.52
1380,240,F,10520,222.43
1390,240,F,10608,220.07
1400,240,F,10693,212.50
1410,240,F,10779,214.94
1420,240,F,10875,240.07
1430,240,F,10960,212.50
1440,240,F,11045,212.52
1450,240,F,11125,200.00
1460,240,F,11212,217.48
1470,240,F,11298,214.96
1480,240,F,11386,220.04
1490,240,F,11473,217.46
1500,240,F,11560,217.57
1510,240,F,11648,219.98
1520,240,F,11738,225.00
1530,240,F,11826,220.00
1540,240,F,11912,214.83
1550,240,F,11996,210.11
1560,240,F,12078,205.00
1570,240,F,12161,207.50
1580,240,F,12245,210.02
1590,240,F,12331,214.98
1600,240,F,12416,212.59
1610,240,F,12500,210.00
1620,240,F,12585,212.33
1630,240,F,12670,212.67
1640,240,F,12756,215.00
1650,240,F,12843,217.48
1660,240,F,12933,225.00
1670,240,F,13020,217.50
1680,240,F,13106,214.98
1690,240,F,13193,217.50
1700,240,F,13287,235.02
1710,240,F,13372,212.50
1720,240,F,13458,214.98
1730,240,F,13538,199.98
1740,240,F,13625,217.50
1750,240,F,13711,215.04
1760,240,F,13799,219.96
1770,240,F,13886,217.54
1780,240,F,13973,217.50
1790,240,F,14061,219.96
1800,240,F,14151,224.98
1810,240,F,14238,217.57
1820,240,F,14324,214.96
1830,240,F,14408,210.02
1840,240,F,14491,207.50
1850,240,F,14573,204.96
1860,240,F,14658,212.54
1870,240,F,14744,215.04
1880,240,F,14828,209.94
1890,240,F,14912,210.00
1900,240,F,14997,212.56
1910,240,F,15083,214.94
1920,240,F,15169,215.00
1930,240,F,15257,220.04
1940,240,F,15346,222.52
1950,240,F,15433,217.50
1960,240,F,15519,214.96
1970,240,F,15607,220.04
1980,240,F,15700,232.48
1990,240,F,15785,212.39
2000,240,F,15870,212.61
2010,240,F,15951,202.50
2020,240,F,16038,217.46
2030,240,F,16125,217.52
2040,240,F,16213,219.98
2050,240,F,16300,217.50
2060,240,F,16387,217.54
2070,240,F,16476,222.52
2080,240,F,16564,220.00
2090,240,F,16652,219.98
2100,240,F,16738,214.98
2110,240,F,16822,210.04
2120,240,F,16905,207.46
2130,240,F,16987,205.02
2140,240,F,17072,212.50
2150,240,F,17158,214.98
2160,240,F,17242,209.98
2170,240,F,17326,210.06
2180,240,F,17412,214.96
2190,240,F,17498,215.02
2200,240,F,17584,215.02
2210,240,F,17673,222.43
2220,240,F,17761,220.04
2230,240,F,17848,217.52
2240,240,F,17934,215.00
2250,240,F,18026,229.98
2260,240,F,18115,222.43
2270,240,F,18200,212.54
2280,240,F,18286,215.02
2290,240,F,18366,200.02
2300,240,F,18454,219.96
2310,240,F,18541,217.54
2320,240,F,18629,220.00
2330,240,F,18716,217.50
2340,240,F,18803,217.43
2350,240,F,18892,222.50
2360,240,F,18980,220.00
2370,240,F,19068,220.02
2380,240,F,19153,212.50
2390,240,F,19237,210.04
2400,240,F,19320,207.50
2410,240,F,19403,207.46
2420,240,F,19488,212.54
2430,240,F,19573,212.44
2440,240,F,19658,212.50
2450,240,F,19742,210.04
2460,240,F,19828,215.02
2470,240,F,19914,214.94
2480,240,F,20000,215.06
2490,240,F,20089,222.46
2500,240,F,20177,220.04
2510,240,F,20264,217.46
2520,240,F,20349,212.54
2530,240,F,20445,240.00
2540,240,F,20531,214.96
2550,240,F,20616,212.54
2560,240,F,20700,209.94
2570,240,F,20783,207.52
2580,240,F,20870,217.48
2590,240,F,20957,217.54
2600,240,F,21045,219.98
2610,240,F,21131,215.02
2620,240,F,21219,220.02
2630,240,F,21309,224.80
2640,240,F,21397,220.20
2650,240,F,21484,217.50
2660,240,F,21569,212.50
2670,240,F,21652,207.44
2680,240,F,21734,205.00
2690,240,F,21819,212.52
2700,240,F,21904,212.54
2710,240,F,21989,212.44
2720,240,F,22073,210.04
2730,240,F,22157,209.96
2740,240,F,22243,215.02
2750,240,F,22329,215.02
2760,240,F,22417,220.02
2770,240,F,22505,219.96
2780,240,F,22593,220.04
2790,240,F,22679,215.00
2800,240,F,22765,214.98
2810,240,F,22862,242.43
2820,240,F,22946,210.06
2830,240,F,23032,215.02
2840,240,F,23113,202.44
2850,240,F,23199,214.98
2860,240,F,23285,215.02
2870,240,F,23373,220.04
2880,240,F,23461,219.96
2890,240,F,23547,215.06
2900,240,F,23636,222.43
2910,240,F,23725,222.52
2920,240,F,23814,222.54
2930,240,F,23900,214.98
2940,240,F,23985,212.37
2950,240,F,24067,205.10
2960,240,F,24150,207.52
2970,240,F,24235,212.46
2980,240,F,24320,212.48
2990,240,F,24405,212.59
3000,160,F,24489,209.96
3010,160,F,24573,209.98
3020,160,F,24656,207.48
3030,160,F,24738,205.02
3040,160,F,24819,202.52
3050,160,F,24900,202.50
3060,160,F,24978,194.96
3070,160,F,25053,187.54
3080,160,F,25127,184.98
3090,160,F,25201,185.02
3100,160,F,25280,197.46
3110,160,F,25348,170.03
3120,160,F,25416,169.88
3130,160,F,25481,162.65
3140,160,F,25542,152.50
3150,160,F,25608,164.97
3160,160,F,25671,157.52
3170,160,F,25734,157.48
3180,160,F,25796,155.03
3190,160,F,25857,152.45
3200,160,F,25916,147.51
3210,160,F,25974,144.99
3220,160,F,26033,147.53
3230,160,F,26091,145.01
3240,160,F,26147,140.00
3250,160,F,26202,137.49
3260,160,F,26256,134.97
3270,160,F,26308,130.01
3280,160,F,26358,125.00
3290,160,F,26408,125.01
3300,160,F,26456,119.98
3310,160,F,26503,117.52
3320,160,F,26549,114.98
3330,160,F,26595,115.02
3340,160,F,26641,114.99
3350,160,F,26688,117.52
3360,160,F,26734,114.98
3370,160,F,26778,110.01
3380,160,F,26822,110.01
3390,160,F,26865,107.49
3400,160,F,26908,107.48
3410,160,F,26951,107.51
3420,160,F,26993,104.99
3430,160,F,27035,105.02
3440,160,F,27076,102.51
3450,160,F,27117,102.47
3460,160,F,27157,100.02
3470,160,F,27197,100.01
3480,160,F,27237,99.98
3490,160,F,27277,100.02
3500,160,F,27317,99.96
3510,160,F,27355,95.03
3520,160,F,27394,97.48
3530,160,F,27431,92.53
3540,160,F,27468,92.50
3550,160,F,27504,90.00
3560,160,F,27540,89.97
3570,160,F,27577,92.51
3580,160,F,27622,112.48
3590,160,F,27660,95.02
3600,160,F,27695,87.49
3610,160,F,27730,87.51
3620,160,F,27766,90.02
3630,160,F,27801,87.48
3640,160,F,27836,87.49
3650,160,F,27871,87.50
3660,160,F,27900,72.52
3670,160,F,27936,89.98
3680,160,F,27971,87.51
3690,160,F,28007,89.99
3700,160,F,28042,87.52
3710,160,F,28076,84.99
3720,160,F,28111,87.47
3730,160,F,28145,85.02
3740,160,F,28181,89.94
3750,160,F,28215,85.07
3760,160,F,28249,85.00
3770,160,F,28282,82.48
3780,160,F,28316,85.00
3790,160,F,28350,85.01
3800,160,F,28383,82.50
3810,160,F,28417,85.01
3820,160,F,28450,82.50
3830,160,F,28484,85.01
3840,160,F,28517,82.49
3850,160,F,28550,82.50
3860,160,F,28582,80.00
3870,160,F,28615,82.48
3880,160,F,28646,77.52
3890,160,F,28678,79.99
3900,160,F,28710,79.99
3910,160,F,28741,77.52
3920,160,F,28771,74.98
3930,160,F,28802,77.49
3940,160,F,28832,75.02
3950,160,F,28862,75.00
3960,160,F,28892,74.99
3970,160,F,28922,75.00
3980,160,F,28951,72.51
3990,160,F,28982,77.49
4000,160,F,29013,77.49
4010,160,F,29043,75.01
4020,160,F,29074,77.50
4030,160,F,29105,77.48
4040,160,F,29136,77.50
4050,160,F,29166,74.99
4060,160,F,29198,80.02
4070,160,F,29228,74.99
4080,160,F,29258,75.02
4090,160,F,29288,74.99
4100,160,F,29319,77.51
4110,160,F,29349,74.99
4120,160,F,29380,77.48
4130,160,F,29410,75.01
4140,160,F,29440,75.00
4150,160,F,29470,75.00
4160,160,F,29501,77.50
4170,160,F,29530,72.49
4180,160,F,29560,75.02
4190,160,F,29590,74.99
4200,160,F,29620,75.00
4210,160,F,29650,74.99
4220,160,F,29680,75.02
4230,160,F,29710,75.00
4240,160,F,29740,74.99
4250,160,F,29769,72.51
4260,160,F,29799,74.99
4270,160,F,29828,72.51
4280,160,F,29857,72.50
4290,160,F,29886,72.49
4300,160,F,29916,75.00
4310,160,F,29945,72.51
4320,160,F,29974,72.49
4330,160,F,30007,82.52
4340,160,F,30045,94.98
4350,160,F,30073,70.00
4360,160,F,30103,74.99
4370,160,F,30134,77.50
4380,160,F,30164,75.01
4390,160,F,30194,75.00
4400,160,F,30225,77.49
4410,160,F,30255,75.00
4420,160,F,30284,72.50
4430,160,F,30310,64.99
4440,160,F,30342,80.03
4450,160,F,30373,77.48
4460,160,F,30405,80.01
4470,160,F,30436,77.49
4480,160,F,30467,77.50
4490,160,F,30498,77.52
4500,160,F,30529,77.49
4510,160,F,30561,80.00
4520,160,F,30592,77.50
4530,160,F,30624,79.98
4540,160,F,30655,77.51
4550,160,F,30686,77.50
4560,160,F,30717,77.49
4570,160,F,30748,77.51
4580,160,F,30778,75.01
4590,160,F,30810,79.99
4600,160,F,30841,77.51
4610,160,F,30872,77.49
4620,160,F,30904,79.98
4630,160,F,30935,77.52
4640,160,F,30965,75.02
4650,160,F,30996,77.48
4660,160,F,31027,77.49
4670,160,F,31056,72.51
4680,160,F,31086,75.00
4690,160,F,31116,74.98
4700,160,F,31146,75.01
4710,160,F,31175,72.51
4720,160,F,31204,72.49
4730,160,F,31234,74.97
4740,160,F,31262,70.02
4750,160,F,31291,72.50
4760,160,F,31320,72.51
4770,160,F,31348,70.01
4780,160,F,31377,72.48
4790,160,F,31407,75.01
4800,160,F,31437,74.99
4810,160,F,31467,75.00
4820,160,F,31497,75.01
4830,160,F,31527,74.99
4840,160,F,31557,75.01
4850,160,F,31587,74.97
4860,160,F,31617,75.01
4870,160,F,31646,72.50
4880,160,F,31676,75.01
4890,160,F,31706,75.01
4900,160,F,31735,72.48
4910,160,F,31765,75.00
4920,160,F,31795,75.01
4930,160,F,31825,75.01
4940,160,F,31854,72.50
4950,160,F,31884,74.99
4960,160,F,31914,75.01
4970,160,F,31943,72.50
4980,160,F,31972,72.49
4990,160,F,32002,74.99
5000,160,F,32031,72.52
5010,160,F,32061,74.99
5020,160,F,32091,74.99
5030,160,F,32121,75.01
5040,160,F,32150,72.51
5050,160,F,32179,72.49
5060,160,F,32209,75.02
5070,160,F,32237,69.99
5080,160,F,32266,72.50
5090,160,F,32295,72.51
5100,160,F,32324,72.48
5110,160,F,32353,72.50
5120,160,F,32383,75.01
5130,160,F,32416,82.51
5140,160,F,32452,90.01
5150,160,F,32481,72.49
5160,160,F,32511,75.01
5170,160,F,32541,74.99
5180,160,F,32571,75.00
5190,160,F,32601,75.02
5200,160,F,32631,74.99
5210,160,F,32662,77.51
5220,160,F,32688,64.98
5230,160,F,32717,72.51
5240,160,F,32748,77.51
5250,160,F,32779,77.48
5260,160,F,32811,79.99
5270,160,F,32842,77.52
5280,160,F,32873,77.51
5290,160,F,32903,74.97
5300,160,F,32935,80.02
5310,160,F,32966,77.50
5320,160,F,32998,79.98
5330,160,F,33029,77.50
5340,160,F,33060,77.52
5350,160,F,33091,77.49
5360,160,F,33122,77.49
5370,160,F,33153,77.49
5380,160,F,33184,77.51
5390,160,F,33215,77.51
5400,160,F,33246,77.48
5410,160,F,33277,77.51
5420,160,F,33309,80.01
5430,160,F,33340,77.50
5440,160,F,33370,74.99
5450,160,F,33401,77.52
5460,160,F,33431,74.99
5470,160,F,33461,74.99
5480,160,F,33491,75.01
5490,160,F,33521,74.98
5500,160,F,33550,72.51
5510,160,F,33579,72.50
5520,160,F,33609,74.99
5530,160,F,33638,72.51
5540,160,F,33666,70.00
5550,160,F,33695,72.49
5560,160,F,33724,72.51
5570,160,F,33753,72.50
5580,160,F,33782,72.48
5590,160,F,33812,75.01
5600,160,F,33842,74.99
5610,160,F,33872,75.01
5620,160,F,33902,75.01
5630,160,F,33932,75.01
5640,160,F,33962,75.00
5650,160,F,33992,74.99
5660,160,F,34022,75.00
5670,160,F,34051,72.51
5680,160,F,34081,74.99
5690,160,F,34111,75.00
5700,160,F,34140,72.51
5710,160,F,34170,75.00
5720,160,F,34200,75.01
5730,160,F,34230,74.99
5740,160,F,34259,72.51
5750,160,F,34290,77.49
5760,160,F,34319,72.51
5770,160,F,34348,72.47
5780,160,F,34377,72.51
5790,160,F,34407,74.99
5800,160,F,34436,72.50
5810,160,F,34466,75.00
5820,160,F,34496,75.00
5830,160,F,34526,75.02
5840,160,F,34555,72.47
5850,160,F,34584,72.52
5860,160,F,34614,74.99
5870,160,F,34642,69.99
5880,160,F,34671,72.50
5890,160,F,34700,72.51
5900,160,F,34729,72.49
5910,160,F,34758,72.51
5920,160,F,34788,74.97
5930,160,F,34825,92.52
5940,160,F,34857,80.00
5950,160,F,34886,72.51
5960,160,F,34916,74.99
5970,160,F,34945,72.51
5980,160,F,34975,74.99
5990,160,F,35005,75.00
6000,160,F,35036,77.49
6010,160,F,35066,75.01
6020,160,F,35092,64.98
6030,160,F,35121,72.53
6040,160,F,35152,77.48
6050,160,F,35183,77.51
6060,160,F,35215,79.98
6070,160,F,35246,77.50
6080,160,F,35276,75.02
6090,160,F,35308,79.99
6100,160,F,35339,77.51
6110,160,F,35370,77.49
6120,160,F,35402,79.99
6130,160,F,35433,77.52
6140,160,F,35464,77.49
6150,160,F,35495,77.49
6160,160,F,35526,77.50
6170,160,F,35556,75.01
6180,160,F,35587,77.48
6190,160,F,35619,80.01
6200,160,F,35649,75.02
6210,160,F,35681,79.98
6220,160,F,35712,77.52
6230,160,F,35743,77.48
6240,160,F,35773,75.01
6250,160,F,35804,77.49
6260,160,F,35834,75.01
6270,160,F,35864,74.99
6280,160,F,35894,75.01
6290,160,F,35924,75.00
6300,160,F,35953,72.49
6310,160,F,35982,72.51
6320,160,F,36012,74.99
6330,160,F,36041,72.50
6340,160,F,36069,70.00
6350,160,F,36098,72.50
6360,160,F,36127,72.50
6370,160,F,36156,72.51
6380,160,F,36185,72.51
6390,160,F,36215,74.98
6400,160,F,36245,75.01
6410,160,F,36275,75.01
6420,160,F,36305,74.99
6430,160,F,36335,75.01
6440,160,F,36365,74.98
6450,160,F,36395,75.01
6460,160,F,36425,74.99
6470,160,F,36455,75.00
6480,160,F,36485,74.98
6490,160,F,36514,72.54
6500,160,F,36544,74.99
6510,160,F,36574,75.00
6520,160,F,36604,75.01
6530,160,F,36634,74.99
6540,160,F,36663,72.51
6550,160,F,36693,74.99
6560,160,F,36722,72.51
6570,160,F,36752,74.98
6580,160,F,36781,72.51
6590,160,F,36811,75.01
6600,160,F,36841,74.99
6610,160,F,36871,74.99
6620,160,F,36901,74.99
6630,160,F,36930,72.51
6640,160,F,36960,75.00
6650,160,F,36989,72.51
6660,160,F,37019,74.99
6670,160,F,37047,70.01
6680,160,F,37076,72.51
6690,160,F,37105,72.48
6700,160,F,37134,72.51
6710,160,F,37163,72.49
6720,160,F,37194,77.52
6730,160,F,37232,94.97
6740,160,F,37263,77.52
6750,160,F,37292,72.51
6760,160,F,37322,75.00
6770,160,F,37352,74.99
6780,160,F,37382,75.00
6790,160,F,37413,77.51
6800,160,F,37443,75.00
6810,160,F,37474,77.51
6820,160,F,37501,67.49
6830,160,F,37530,72.50
6840,160,F,37560,75.01
6850,160,F,37592,79.98
6860,160,F,37623,77.52
6870,160,F,37654,77.49
6880,160,F,37685,77.52
6890,160,F,37717,79.98
6900,160,F,37748,77.49
6910,160,F,37780,80.00
6920,160,F,37812,79.97
6930,160,F,37843,77.55
6940,160,F,37874,77.49
6950,160,F,37905,77.51
6960,160,F,37936,77.48
6970,160,F,37967,77.52
6980,160,F,37998,77.49
6990,160,F,38030,79.98
7000,160,F,38060,75.02
7010,160,F,38092,80.01
7020,160,F,38123,77.48
7030,160,F,38154,77.51
7040,160,F,38185,77.50
7050,160,F,38216,77.49
7060,160,F,38246,75.00
7070,160,F,38276,75.02
7080,160,F,38306,74.98
7090,160,F,38336,75.00
7100,160,F,38365,72.50
7110,160,F,38394,72.51
7120,160,F,38423,72.49
7130,160,F,38452,72.52
7140,160,F,38481,72.50
7150,160,F,38510,72.50
7160,160,F,38539,72.49
7170,160,F,38568,72.49
7180,160,F,38597,72.53
7190,160,F,38628,77.48
7200,160,F,38657,72.51
7210,160,F,38687,75.00
7220,160,F,38718,77.48
7230,160,F,38748,75.01
7240,160,F,38777,72.51
7250,160,F,38808,77.48
7260,160,F,38837,72.50
7270,160,F,38867,75.01
7280,160,F,38897,74.99
7290,160,F,38927,75.00
7300,160,F,38956,72.50
7310,160,F,38986,75.01
7320,160,F,39016,75.01
7330,160,F,39046,74.99
7340,160,F,39075,72.50
7350,160,F,39105,75.01
7360,160,F,39135,74.95
7370,160,F,39164,72.53
7380,160,F,39194,75.00
7390,160,F,39224,75.01
7400,160,F,39253,72.50
7410,160,F,39283,74.99
7420,160,F,39313,75.02
7430,160,F,39342,72.49
7440,160,F,39371,72.49
7450,160,F,39401,75.02
7460,160,F,39430,72.49
7470,160,F,39459,72.50
7480,160,F,39487,69.99
7490,160,F,39516,72.51
7500,160,F,39545,72.50
7510,160,F,39575,75.00
7520,160,F,39606,77.49
7530,160,F,39645,97.50
7540,160,F,39674,72.49
7550,160,F,39703,72.52
7560,160,F,39733,74.97
7570,160,F,39763,75.01
7580,160,F,39793,75.00
7590,160,F,39823,75.00
7600,160,F,39854,77.50
7610,160,F,39884,75.01
7620,160,F,39911,67.51
7630,160,F,39940,72.47
7640,160,F,39970,75.03
7650,160,F,40002,79.97
7660,160,F,40033,77.51
7670,160,F,40064,77.51
7680,160,F,40095,77.48
7690,160,F,40127,80.00
7700,160,F,40158,77.52
7710,160,F,40189,77.49
7720,160,F,40221,80.00
7730,160,F,40252,77.51
7740,160,F,40282,74.99
7750,160,F,40314,80.02
7760,160,F,40344,75.01
7770,160,F,40375,77.50
7780,160,F,40406,77.48
7790,160,F,40437,77.49
7800,160,F,40468,77.52
7810,160,F,40499,77.49
7820,160,F,40530,77.49
7830,160,F,40561,77.51
7840,160,F,40591,75.01
7850,160,F,40622,77.51
7860,160,F,40651,72.48
7870,160,F,40681,75.02
7880,160,F,40711,74.98
7890,160,F,40741,75.02
7900,160,F,40769,69.99
7910,160,F,40799,75.01
7920,160,F,40828,72.49
7930,160,F,40856,69.99
7940,160,F,40885,72.49
7950,160,F,40914,72.51
7960,160,F,40942,70.00
7970,160,F,40971,72.51
7980,160,F,41000,72.49
7990,160,F,41030,75.00
8000,160,F,41059,72.51
=== END ===
# Trial 23 of 30: step_down_fwd_240to160_run02
=== START step_down_fwd_240to160_run02 ===
t_ms,pwm_cmd,dir,enc_count,rpm
0,240,F,0,0.00
10,240,F,2,5.00
20,240,F,9,17.50
30,240,F,19,24.99
40,240,F,33,35.01
50,240,F,49,40.00
60,240,F,69,49.99
70,240,F,92,57.49
80,240,F,118,65.01
90,240,F,147,72.51
100,240,F,179,79.98
110,240,F,213,85.00
120,240,F,251,95.00
130,240,F,292,102.50
140,240,F,336,110.03
150,240,F,383,117.49
160,240,F,433,125.01
170,240,F,485,130.00
180,240,F,539,135.00
190,240,F,595,139.97
200,240,F,654,147.51
210,240,F,725,177.50
220,240,F,788,157.50
230,240,F,852,160.00
240,240,F,919,167.50
250,240,F,985,165.02
260,240,F,1050,162.48
270,240,F,1123,182.52
280,240,F,1196,182.50
290,240,F,1271,187.48
300,240,F,1347,190.00
310,240,F,1423,189.96
320,240,F,1502,197.40
330,240,F,1581,197.64
340,240,F,1661,200.02
350,240,F,1741,199.94
360,240,F,1821,200.06
370,240,F,1898,192.44
380,240,F,1975,192.54
390,240,F,2053,194.98
400,240,F,2133,199.98
410,240,F,2214,202.52
420,240,F,2295,202.50
430,240,F,2376,202.48
440,240,F,2457,202.48
450,240,F,2539,205.08
460,240,F,2623,209.92
470,240,F,2708,212.52
480,240,F,2794,215.06
490,240,F,2880,215.00
500,240,F,2964,209.81
510,240,F,3048,210.19
520,240,F,3143,237.43
530,240,F,3226,207.52
540,240,F,3310,209.85
550,240,F,3392,205.14
560,240,F,3474,205.00
570,240,F,3559,212.48
580,240,F,3646,217.41
590,240,F,3732,215.09
600,240,F,3818,215.06
610,240,F,3906,219.96
620,240,F,3994,219.98
630,240,F,4082,219.87
640,240,F,4167,212.67
650,240,F,4252,212.44
660,240,F,4335,207.58
670,240,F,4417,204.96
680,240,F,4500,207.54
690,240,F,4585,212.46
700,240,F,4670,212.48
710,240,F,4753,207.56
720,240,F,4837,209.96
730,240,F,4923,215.02
740,240,F,5008,212.50
750,240,F,5096,220.00
760,240,F,5184,219.96
770,240,F,5272,220.07
780,240,F,5358,215.00
790,240,F,5443,212.48
800,240,F,5540,242.50
810,240,F,5624,209.96
820,240,F,5710,215.06
830,240,F,5792,204.94
840,240,F,5876,209.98
850,240,F,5962,215.02
860,240,F,6049,217.57
870,240,F,6137,219.98
880,240,F,6224,217.46
890,240,F,6312,220.04
900,240,F,6401,222.48
910,240,F,6489,220.04
920,240,F,6576,217.48
930,240,F,6660,210.02
940,240,F,6743,207.42
950,240,F,6826,207.52
960,240,F,6910,210.06
970,240,F,6995,212.44
980,240,F,7080,212.48
990,240,F,7164,210.08
1000,240,F,7248,209.98
1010,240,F,7334,214.98
1020,240,F,7420,215.00
1030,240,F,7508,219.96
1040,240,F,7596,220.07
1050,240,F,7684,219.98
1060,240,F,7770,214.98
1070,240,F,7856,215.04
1080,240,F,7952,240.02
1090,240,F,8037,212.48
1100,240,F,8122,212.48
1110,240,F,8203,202.52
1120,240,F,8290,217.52
1130,240,F,8376,214.96
1140,240,F,8464,220.04
1150,240,F,8551,217.46
1160,240,F,8638,217.50
1170,240,F,8726,220.02
1180,240,F,8816,224.82
1190,240,F,8904,220.13
1200,240,F,8990,215.06
1210,240,F,9075,212.42
1220,240,F,9157,205.08
1230,240,F,9240,207.42
1240,240,F,9324,210.08
1250,240,F,9410,214.94
1260,240,F,9495,212.52
1270,240,F,9579,210.02
1280,240,F,9664,212.48
1290,240,F,9749,212.48
1300,240,F,9836,217.52
1310,240,F,9923,217.52
1320,240,F,10012,222.46
1330,240,F,10100,220.04
1340,240,F,10186,214.98
1350,240,F,10272,215.00
1360,240,F,10368,239.90
1370,240,F,10452,210.13
1380,240,F,10538,214.94
1390,240,F,10618,200.04
1400,240,F,10705,217.43
1410,240,F,10792,217.59
1420,240,F,10880,219.93
1430,240,F,10967,217.54
1440,240,F,11054,217.46
1450,240,F,11142,220.07
1460,240,F,11232,225.00
1470,240,F,11319,217.41
1480,240,F,11406,217.52
1490,240,F,11490,210.04
1500,240,F,11573,207.52
1510,240,F,11655,204.94
1520,240,F,11740,212.54
1530,240,F,11826,215.00
1540,240,F,11910,209.98
1550,240,F,11995,212.50
1560,240,F,12080,212.54
1570,240,F,12166,214.98
1580,240,F,12252,215.00
1590,240,F,12340,219.98
1600,240,F,12429,222.48
1610,240,F,12516,217.50
1620,240,F,12602,215.02
1630,240,F,12691,222.48
1640,240,F,12784,232.52
1650,240,F,12868,210.02
1660,240,F,12954,214.94
1670,240,F,13035,202.56
1680,240,F,13122,217.52
1690,240,F,13209,217.48
1700,240,F,13297,220.00
1710,240,F,13385,219.91
1720,240,F,13472,217.59
1730,240,F,13561,222.46
1740,240,F,13649,220.07
1750,240,F,13737,219.93
1760,240,F,13823,215.00
1770,240,F,13907,210.02
1780,240,F,13990,207.52
1790,240,F,14073,207.46
1800,240,F,14158,212.50
1810,240,F,14243,212.52
1820,240,F,14328,212.48
1830,240,F,14412,210.04
1840,240,F,14498,214.98
1850,240,F,14584,215.04
1860,240,F,14670,214.98
1870,240,F,14759,222.46
1880,240,F,14847,220.07
1890,240,F,14934,217.48
1900,240,F,15020,214.96
1910,240,F,15112,230.00
1920,240,F,15202,225.07
1930,240,F,15286,209.98
1940,240,F,15373,217.46
1950,240,F,15453,200.00
1960,240,F,15541,220.02
1970,240,F,15628,217.54
1980,240,F,15716,219.96
1990,240,F,15803,217.50
2000,240,F,15890,217.52
2010,240,F,15980,225.02
2020,240,F,16068,219.93
2030,240,F,16156,220.02
2040,240,F,16241,212.50
2050,240,F,16325,210.02
2060,240,F,16407,204.96
2070,240,F,16491,210.04
2080,240,F,16576,212.52
2090,240,F,16661,212.46
2100,240,F,16746,212.48
2110,240,F,16830,210.00
2120,240,F,16916,215.02
2130,240,F,17002,215.00
2140,240,F,17089,217.48
2150,240,F,17178,222.52
2160,240,F,17266,219.96
2170,240,F,17352,215.02
2180,240,F,17438,214.98
2190,240,F,17535,242.52
2200,240,F,17620,212.50
2210,240,F,17704,209.98
2220,240,F,17787,207.50
2230,240,F,17872,212.52
2240,240,F,17958,215.06
2250,240,F,18046,220.00
2260,240,F,18134,219.96
2270,240,F,18220,214.98
2280,240,F,18309,222.57
2290,240,F,18398,222.50
2300,240,F,18487,222.43
2310,240,F,18573,215.06
2320,240,F,18658,212.46
2330,240,F,18741,207.48
2340,240,F,18824,207.50
2350,240,F,18908,210.06
2360,240,F,18994,214.96
2370,240,F,19079,212.48
2380,240,F,19163,210.04
2390,240,F,19247,210.00
2400,240,F,19333,214.98
2410,240,F,19419,214.98
2420,240,F,19507,219.98
2430,240,F,19596,222.50
2440,240,F,19684,220.04
2450,240,F,19769,212.54
2460,240,F,19856,217.46
2470,240,F,19952,240.02
2480,240,F,20037,212.46
2490,240,F,20123,215.04
2500,240,F,20203,200.00
2510,240,F,20290,217.46
2520,240,F,20376,215.00
2530,240,F,20464,220.04
2540,240,F,20551,217.43
2550,240,F,20639,220.04
2560,240,F,20727,220.00
2570,240,F,20817,225.02
2580,240,F,20905,220.00
2590,240,F,20991,214.96
2600,240,F,21076,212.54
2610,240,F,21159,207.50
2620,240,F,21241,204.98
2630,240,F,21326,212.52
2640,240,F,21412,215.00
2650,240,F,21497,212.31
2660,240,F,21581,210.13
2670,240,F,21666,212.52
2680,240,F,21751,212.52
2690,240,F,21838,217.46
2700,240,F,21925,217.59
2710,240,F,22015,224.93
2720,240,F,22103,219.98
2730,240,F,22188,212.56
2740,240,F,22276,219.96
2750,240,F,22370,235.00
2760,240,F,22456,214.87
2770,240,F,22541,212.69
2780,240,F,22622,202.44
2790,240,F,22709,217.52
2800,240,F,22796,217.54
2810,240,F,22884,220.00
2820,240,F,22971,217.50
2830,240,F,23058,217.43
2840,240,F,23147,222.54
2850,240,F,23237,225.02
2860,240,F,23324,217.46
2870,240,F,23411,217.52
2880,240,F,23495,210.00
2890,240,F,23577,204.98
2900,240,F,23660,207.52
2910,240,F,23745,212.48
2920,240,F,23831,215.04
2930,240,F,23915,209.98
2940,240,F,24000,212.52
2950,240,F,24084,210.00
2960,240,F,24171,217.46
2970,240,F,24257,214.96
2980,240,F,24345,220.00
2990,240,F,24434,222.48
3000,160,F,24521,217.61
3010,160,F,24606,212.46
3020,160,F,24692,214.98
3030,160,F,24781,222.50
3040,160,F,24859,195.04
3050,160,F,24938,197.50
3060,160,F,25008,175.00
3070,160,F,25085,192.50
3080,160,F,25159,185.00
3090,160,F,25233,184.93
3100,160,F,25305,180.04
3110,160,F,25376,177.50
3120,160,F,25445,172.55
3130,160,F,25514,172.50
3140,160,F,25582,169.95
3150,160,F,25648,165.03
3160,160,F,25713,162.50
3170,160,F,25775,155.00
3180,160,F,25835,150.01
3190,160,F,25893,144.96
3200,160,F,25950,142.53
3210,160,F,26005,137.51
3220,160,F,26060,137.49
3230,160,F,26115,137.49
3240,160,F,26170,137.49
3250,160,F,26224,135.01
3260,160,F,26276,130.00
3270,160,F,26327,127.50
3280,160,F,26378,127.50
3290,160,F,26427,122.50
3300,160,F,26477,125.03
3310,160,F,26526,122.45
3320,160,F,26574,120.02
3330,160,F,26621,117.49
3340,160,F,26669,119.99
3350,160,F,26716,117.55
3360,160,F,26763,117.48
3370,160,F,26809,115.02
3380,160,F,26853,109.97
3390,160,F,26898,112.51
3400,160,F,26941,107.50
3410,160,F,26983,105.01
3420,160,F,27024,102.51
3430,160,F,27067,107.47
3440,160,F,27118,127.50
3450,160,F,27159,102.50
3460,160,F,27199,100.01
3470,160,F,27239,100.01
3480,160,F,27278,97.50
3490,160,F,27318,99.99
3500,160,F,27357,97.50
3510,160,F,27390,82.51
3520,160,F,27430,100.01
3530,160,F,27469,97.47
3540,160,F,27508,97.53
3550,160,F,27546,94.99
3560,160,F,27584,95.01
3570,160,F,27622,94.99
3580,160,F,27660,95.00
3590,160,F,27698,94.98
3600,160,F,27735,92.51
3610,160,F,27771,89.99
3620,160,F,27808,92.51
3630,160,F,27844,90.01
3640,160,F,27880,90.00
3650,160,F,27916,90.00
3660,160,F,27951,87.48
3670,160,F,27987,90.01
3680,160,F,28023,90.00
3690,160,F,28057,84.99
3700,160,F,28092,87.51
3710,160,F,28125,82.48
3720,160,F,28159,85.03
3730,160,F,28192,82.48
3740,160,F,28225,82.48
3750,160,F,28257,80.01
3760,160,F,28289,80.01
3770,160,F,28321,79.94
3780,160,F,28351,75.06
3790,160,F,28383,79.98
3800,160,F,28414,77.52
3810,160,F,28445,77.49
3820,160,F,28476,77.51
3830,160,F,28508,79.99
3840,160,F,28540,79.98
3850,160,F,28572,80.02
3860,160,F,28604,80.01
3870,160,F,28635,77.50
3880,160,F,28666,77.49
3890,160,F,28698,80.01
3900,160,F,28729,77.48
3910,160,F,28760,77.51
3920,160,F,28791,77.50
3930,160,F,28821,75.00
3940,160,F,28852,77.52
3950,160,F,28883,77.48
3960,160,F,28914,77.52
3970,160,F,28944,74.97
3980,160,F,28976,80.02
3990,160,F,29005,72.51
4000,160,F,29036,77.49
4010,160,F,29066,75.00
4020,160,F,29097,77.52
4030,160,F,29126,72.50
4040,160,F,29157,77.50
4050,160,F,29188,77.48
4060,160,F,29218,75.01
4070,160,F,29247,72.49
4080,160,F,29278,77.52
4090,160,F,29307,72.48
4100,160,F,29336,72.51
4110,160,F,29365,72.49
4120,160,F,29394,72.52
4130,160,F,29424,74.97
4140,160,F,29453,72.53
4150,160,F,29486,82.50
4160,160,F,29524,94.97
4170,160,F,29553,72.50
4180,160,F,29583,74.98
4190,160,F,29613,75.02
4200,160,F,29643,75.01
4210,160,F,29672,72.48
4220,160,F,29703,77.51
4230,160,F,29734,77.51
4240,160,F,29759,62.51
4250,160,F,29789,74.99
4260,160,F,29820,77.51
4270,160,F,29851,77.47
4280,160,F,29883,80.02
4290,160,F,29913,75.02
4300,160,F,29945,79.99
4310,160,F,29975,75.00
4320,160,F,30007,80.01
4330,160,F,30037,74.99
4340,160,F,30069,80.01
4350,160,F,30100,77.48
4360,160,F,30131,77.49
4370,160,F,30161,75.01
4380,160,F,30193,79.99
4390,160,F,30223,75.00
4400,160,F,30253,74.99
4410,160,F,30284,77.52
4420,160,F,30315,77.49
4430,160,F,30345,75.01
4440,160,F,30376,77.48
4450,160,F,30407,77.50
4460,160,F,30438,77.47
4470,160,F,30467,72.54
4480,160,F,30498,77.48
4490,160,F,30527,72.51
4500,160,F,30557,74.99
4510,160,F,30586,72.50
4520,160,F,30616,75.00
4530,160,F,30644,70.02
4540,160,F,30673,72.48
4550,160,F,30702,72.51
4560,160,F,30730,69.99
4570,160,F,30758,70.01
4580,160,F,30787,72.50
4590,160,F,30815,69.99
4600,160,F,30844,72.51
4610,160,F,30872,70.01
4620,160,F,30902,74.97
4630,160,F,30931,72.53
4640,160,F,30961,74.99
4650,160,F,30991,74.98
4660,160,F,31020,72.51
4670,160,F,31049,72.50
4680,160,F,31079,75.01
4690,160,F,31108,72.50
4700,160,F,31138,75.00
4710,160,F,31167,72.49
4720,160,F,31196,72.51
4730,160,F,31225,72.50
4740,160,F,31255,75.01
4750,160,F,31284,72.48
4760,160,F,31314,75.01
4770,160,F,31342,70.01
4780,160,F,31372,74.98
4790,160,F,31401,72.50
4800,160,F,31429,70.01
4810,160,F,31458,72.51
4820,160,F,31488,74.99
4830,160,F,31517,72.49
4840,160,F,31546,72.51
4850,160,F,31575,72.51
4860,160,F,31605,75.00
4870,160,F,31633,69.99
4880,160,F,31662,72.48
4890,160,F,31691,72.53
4900,160,F,31719,69.98
4910,160,F,31748,72.50
4920,160,F,31776,70.02
4930,160,F,31804,69.99
4940,160,F,31832,70.01
4950,160,F,31862,75.00
4960,160,F,31895,82.50
4970,160,F,31931,89.99
4980,160,F,31959,70.00
4990,160,F,31988,72.49
5000,160,F,32017,72.51
5010,160,F,32047,74.99
5020,160,F,32076,72.50
5030,160,F,32106,75.01
5040,160,F,32136,75.01
5050,160,F,32160,59.99
5060,160,F,32190,74.99
5070,160,F,32221,77.52
5080,160,F,32251,74.99
5090,160,F,32282,77.52
5100,160,F,32312,75.00
5110,160,F,32343,77.49
5120,160,F,32373,75.01
5130,160,F,32404,77.49
5140,160,F,32435,77.50
5150,160,F,32466,77.51
5160,160,F,32496,74.97
5170,160,F,32527,77.52
5180,160,F,32557,74.99
5190,160,F,32588,77.50
5200,160,F,32617,72.49
5210,160,F,32647,74.99
5220,160,F,32678,77.52
5230,160,F,32708,75.01
5240,160,F,32738,74.99
5250,160,F,32769,77.50
5260,160,F,32799,75.00
5270,160,F,32830,77.48
5280,160,F,32859,72.51
5290,160,F,32890,77.52
5300,160,F,32919,72.49
5310,160,F,32948,72.51
5320,160,F,32977,72.48
5330,160,F,33007,75.01
5340,160,F,33035,70.01
5350,160,F,33064,72.50
5360,160,F,33092,70.00
5370,160,F,33121,72.49
5380,160,F,33148,67.51
5390,160,F,33177,72.49
5400,160,F,33205,69.99
5410,160,F,33233,70.00
5420,160,F,33261,70.00
5430,160,F,33291,74.99
5440,160,F,33319,69.99
5450,160,F,33349,75.02
5460,160,F,33378,72.50
5470,160,F,33408,74.99
5480,160,F,33437,72.50
5490,160,F,33467,75.00
5500,160,F,33496,72.52
5510,160,F,33525,72.49
5520,160,F,33554,72.49
5530,160,F,33583,72.52
5540,160,F,33612,72.50
5550,160,F,33641,72.48
5560,160,F,33670,72.52
5570,160,F,33700,74.99
5580,160,F,33729,72.50
5590,160,F,33758,72.46
5600,160,F,33787,72.55
5610,160,F,33815,69.98
5620,160,F,33844,72.52
5630,160,F,33873,72.49
5640,160,F,33902,72.50
5650,160,F,33931,72.49
5660,160,F,33960,72.51
5670,160,F,33989,72.49
5680,160,F,34018,72.50
5690,160,F,34047,72.51
5700,160,F,34076,72.51
5710,160,F,34104,70.00
5720,160,F,34132,69.99
5730,160,F,34160,70.01
5740,160,F,34188,70.00
5750,160,F,34217,72.49
5760,160,F,34245,70.01
5770,160,F,34275,74.98
5780,160,F,34312,92.53
5790,160,F,34343,77.48
5800,160,F,34371,70.02
5810,160,F,34401,74.99
5820,160,F,34430,72.49
5830,160,F,34459,72.51
5840,160,F,34489,75.01
5850,160,F,34518,72.49
5860,160,F,34548,75.01
5870,160,F,34572,59.99
5880,160,F,34602,74.99
5890,160,F,34633,77.50
5900,160,F,34663,74.99
5910,160,F,34694,77.52
5920,160,F,34725,77.49
5930,160,F,34755,75.02
5940,160,F,34786,77.48
5950,160,F,34816,75.02
5960,160,F,34847,77.50
5970,160,F,34878,77.50
5980,160,F,34908,74.97
5990,160,F,34939,77.51
6000,160,F,34969,75.01
6010,160,F,34999,74.99
6020,160,F,35029,75.01
6030,160,F,35059,75.01
6040,160,F,35089,75.01
6050,160,F,35120,77.49
6060,160,F,35150,75.00
6070,160,F,35181,77.51
6080,160,F,35211,74.99
6090,160,F,35241,74.98
6100,160,F,35271,75.01
6110,160,F,35301,75.01
6120,160,F,35330,72.49
6130,160,F,35360,75.01
6140,160,F,35388,70.00
6150,160,F,35418,75.00
6160,160,F,35446,70.00
6170,160,F,35475,72.49
6180,160,F,35503,70.00
6190,160,F,35531,70.00
6200,160,F,35559,70.01
6210,160,F,35588,72.50
6220,160,F,35615,67.49
6230,160,F,35644,72.50
6240,160,F,35672,70.02
6250,160,F,35702,74.98
6260,160,F,35730,70.00
6270,160,F,35760,75.01
6280,160,F,35790,74.99
6290,160,F,35819,72.50
6300,160,F,35848,72.49
6310,160,F,35878,75.01
6320,160,F,35907,72.50
6330,160,F,35936,72.52
6340,160,F,35965,72.50
6350,160,F,35994,72.48
6360,160,F,36023,72.52
6370,160,F,36052,72.47
6380,160,F,36082,75.01
6390,160,F,36111,72.50
6400,160,F,36140,72.51
6410,160,F,36169,72.50
6420,160,F,36198,72.49
6430,160,F,36226,70.01
6440,160,F,36255,72.48
6450,160,F,36285,75.02
6460,160,F,36313,70.00
6470,160,F,36342,72.48
6480,160,F,36372,75.02
6490,160,F,36401,72.50
6500,160,F,36430,72.48
6510,160,F,36458,69.99
6520,160,F,36487,72.53
6530,160,F,36515,69.99
6540,160,F,36544,72.50
6550,160,F,36572,70.00
6560,160,F,36600,70.01
6570,160,F,36628,69.99
6580,160,F,36657,72.51
6590,160,F,36690,82.48
6600,160,F,36726,90.04
6610,160,F,36755,72.48
6620,160,F,36783,70.00
6630,160,F,36813,75.02
6640,160,F,36842,72.49
6650,160,F,36871,72.50
6660,160,F,36901,75.01
6670,160,F,36932,77.48
6680,160,F,36958,65.00
6690,160,F,36985,67.50
6700,160,F,37015,75.01
6710,160,F,37045,75.01
6720,160,F,37077,79.98
6730,160,F,37107,75.01
6740,160,F,37138,77.48
6750,160,F,37168,74.99
6760,160,F,37199,77.50
6770,160,F,37229,74.99
6780,160,F,37260,77.52
6790,160,F,37291,77.51
6800,160,F,37321,74.99
6810,160,F,37351,74.99
6820,160,F,37382,77.52
6830,160,F,37411,72.48
6840,160,F,37441,75.00
6850,160,F,37471,75.03
6860,160,F,37502,77.49
6870,160,F,37532,75.00
6880,160,F,37562,74.99
6890,160,F,37593,77.52
6900,160,F,37623,74.99
6910,160,F,37652,72.49
6920,160,F,37682,75.02
6930,160,F,37712,74.99
6940,160,F,37741,72.49
6950,160,F,37770,72.51
6960,160,F,37799,72.49
6970,160,F,37828,72.51
6980,160,F,37856,70.00
6990,160,F,37884,70.00
7000,160,F,37913,72.50
7010,160,F,37941,70.01
7020,160,F,37969,69.95
7030,160,F,37997,70.03
7040,160,F,38024,67.52
7050,160,F,38053,72.49
7060,160,F,38081,70.01
7070,160,F,38111,74.99
7080,160,F,38139,70.02
7090,160,F,38169,74.97
7100,160,F,38198,72.51
7110,160,F,38227,72.49
7120,160,F,38256,72.51
7130,160,F,38286,75.01
7140,160,F,38314,70.01
7150,160,F,38343,72.50
7160,160,F,38372,72.50
7170,160,F,38401,72.50
7180,160,F,38430,72.47
7190,160,F,38459,72.53
7200,160,F,38488,72.49
7210,160,F,38517,72.50
7220,160,F,38546,72.50
7230,160,F,38575,72.51
7240,160,F,38603,69.99
7250,160,F,38632,72.51
7260,160,F,38660,70.01
7270,160,F,38689,72.50
7280,160,F,38718,72.49
7290,160,F,38747,72.51
7300,160,F,38776,72.48
7310,160,F,38805,72.52
7320,160,F,38833,69.99
7330,160,F,38861,70.01
7340,160,F,38890,72.48
7350,160,F,38918,70.01
7360,160,F,38946,70.00
7370,160,F,38974,70.00
7380,160,F,39002,70.00
7390,160,F,39030,70.01
7400,160,F,39059,72.50
7410,160,F,39092,82.48
7420,160,F,39128,90.00
7430,160,F,39156,70.03
7440,160,F,39184,70.00
7450,160,F,39213,72.49
7460,160,F,39243,74.99
7470,160,F,39271,70.00
7480,160,F,39302,77.51
7490,160,F,39331,72.51
7500,160,F,39358,67.48
7510,160,F,39384,65.00
7520,160,F,39415,77.50
7530,160,F,39445,75.00
7540,160,F,39476,77.51
7550,160,F,39506,74.99
7560,160,F,39537,77.52
7570,160,F,39567,74.99
7580,160,F,39597,75.01
7590,160,F,39628,77.48
7600,160,F,39658,75.00
7610,160,F,39689,77.51
7620,160,F,39719,75.00
7630,160,F,39749,74.99
7640,160,F,39779,75.00
7650,160,F,39809,75.02
7660,160,F,39839,74.99
7670,160,F,39869,74.99
7680,160,F,39900,77.52
7690,160,F,39929,72.49
7700,160,F,39960,77.51
7710,160,F,39990,75.00
7720,160,F,40020,75.00
7730,160,F,40049,72.51
7740,160,F,40079,74.98
7750,160,F,40109,75.00
7760,160,F,40138,72.52
7770,160,F,40167,72.49
7780,160,F,40196,72.51
7790,160,F,40225,72.48
7800,160,F,40253,70.01
7810,160,F,40281,70.01
7820,160,F,40310,72.47
7830,160,F,40337,67.51
7840,160,F,40365,70.01
7850,160,F,40394,72.49
7860,160,F,40421,67.51
7870,160,F,40449,69.98
7880,160,F,40477,70.01
7890,160,F,40507,75.00
7900,160,F,40535,70.01
7910,160,F,40565,74.99
7920,160,F,40594,72.51
7930,160,F,40623,72.47
7940,160,F,40652,72.51
7950,160,F,40682,74.99
7960,160,F,40710,70.02
7970,160,F,40739,72.49
7980,160,F,40768,72.51
7990,160,F,40797,72.51
=== END ===
# Trial 24 of 30: step_down_fwd_240to160_run03
=== START step_down_fwd_240to160_run03 ===
t_ms,pwm_cmd,dir,enc_count,rpm
0,240,F,0,0.00
10,240,F,2,5.00
20,240,F,9,17.50
30,240,F,18,22.50
40,240,F,32,35.01
50,240,F,49,42.49
60,240,F,68,47.50
70,240,F,90,55.01
80,240,F,117,67.48
90,240,F,146,72.50
100,240,F,178,80.02
110,240,F,212,84.98
120,240,F,250,94.99
130,240,F,289,97.52
140,240,F,332,107.48
150,240,F,377,112.51
160,240,F,428,127.50
170,240,F,488,150.03
180,240,F,541,132.45
190,240,F,597,140.04
200,240,F,655,145.00
210,240,F,715,150.00
220,240,F,775,150.00
230,240,F,841,164.98
240,240,F,908,167.50
250,240,F,978,175.04
260,240,F,1049,177.45
270,240,F,1121,180.02
280,240,F,1195,185.04
290,240,F,1271,190.00
300,240,F,1348,192.50
310,240,F,1425,192.48
320,240,F,1503,194.98
330,240,F,1580,192.40
340,240,F,1656,190.08
350,240,F,1732,190.02
360,240,F,1808,190.04
370,240,F,1887,197.40
380,240,F,1967,200.10
390,240,F,2047,199.96
400,240,F,2126,197.48
410,240,F,2207,202.54
420,240,F,2288,202.50
430,240,F,2371,207.46
440,240,F,2455,210.00
450,240,F,2541,215.02
460,240,F,2626,212.50
470,240,F,2709,207.50
480,240,F,2793,209.98
490,240,F,2888,237.57
500,240,F,2971,207.46
510,240,F,3053,205.02
520,240,F,3137,209.98
530,240,F,3218,202.54
540,240,F,3303,212.42
550,240,F,3389,215.00
560,240,F,3476,217.59
570,240,F,3561,212.50
580,240,F,3648,217.46
590,240,F,3736,220.04
600,240,F,3824,219.93
610,240,F,3910,215.04
620,240,F,3994,209.94
630,240,F,4078,209.96
640,240,F,4159,202.60
650,240,F,4242,207.52
660,240,F,4327,212.48
670,240,F,4411,209.96
680,240,F,4495,210.04
690,240,F,4579,209.98
700,240,F,4664,212.50
710,240,F,4750,214.98
720,240,F,4837,217.41
730,240,F,4925,220.13
740,240,F,5012,217.46
750,240,F,5099,217.52
760,240,F,5184,212.48
770,240,F,5280,240.05
780,240,F,5365,212.48
790,240,F,5450,212.46
800,240,F,5534,210.06
810,240,F,5617,207.35
820,240,F,5703,215.17
830,240,F,5790,217.46
840,240,F,5878,219.98
850,240,F,5965,217.48
860,240,F,6053,220.04
870,240,F,6142,222.48
880,240,F,6230,220.04
890,240,F,6317,217.48
900,240,F,6402,212.48
910,240,F,6485,207.54
920,240,F,6567,204.96
930,240,F,6651,210.06
940,240,F,6737,215.00
950,240,F,6821,209.94
960,240,F,6905,210.06
970,240,F,6989,209.94
980,240,F,7075,215.06
990,240,F,7161,215.00
1000,240,F,7249,219.93
1010,240,F,7337,220.00
1020,240,F,7425,220.02
1030,240,F,7511,214.98
1040,240,F,7597,215.00
1050,240,F,7694,242.50
1060,240,F,7778,210.04
1070,240,F,7864,214.96
1080,240,F,7944,200.00
1090,240,F,8031,217.52
1100,240,F,8117,215.04
1110,240,F,8205,219.96
1120,240,F,8292,217.50
1130,240,F,8379,217.48
1140,240,F,8468,222.50
1150,240,F,8557,222.50
1160,240,F,8646,222.50
1170,240,F,8732,215.04
1180,240,F,8816,209.96
1190,240,F,8899,207.54
1200,240,F,8982,207.44
1210,240,F,9066,210.06
1220,240,F,9152,215.00
1230,240,F,9237,212.50
1240,240,F,9321,209.96
1250,240,F,9406,212.56
1260,240,F,9491,212.50
1270,240,F,9577,214.94
1280,240,F,9665,220.04
1290,240,F,9754,222.52
1300,240,F,9842,219.98
1310,240,F,9928,214.85
1320,240,F,10014,215.13
1330,240,F,10109,237.52
1340,240,F,10195,214.94
1350,240,F,10279,210.04
1360,240,F,10361,205.04
1370,240,F,10448,217.43
1380,240,F,10534,215.02
1390,240,F,10622,220.00
1400,240,F,10709,217.48
1410,240,F,10797,219.98
1420,240,F,10885,220.00
1430,240,F,10974,222.52
1440,240,F,11062,220.00
1450,240,F,11149,217.52
1460,240,F,11233,209.98
1470,240,F,11316,207.54
1480,240,F,11399,207.42
1490,240,F,11483,210.11
1500,240,F,11569,214.98
1510,240,F,11653,210.00
1520,240,F,11738,212.48
1530,240,F,11823,212.48
1540,240,F,11908,212.56
1550,240,F,11995,217.46
1560,240,F,12083,220.02
1570,240,F,12172,222.46
1580,240,F,12259,217.57
1590,240,F,12346,217.43
1600,240,F,12433,217.50
1610,240,F,12527,235.05
1620,240,F,12612,212.44
1630,240,F,12698,215.00
1640,240,F,12779,202.56
1650,240,F,12866,217.46
1660,240,F,12953,217.54
1670,240,F,13041,219.96
1680,240,F,13128,217.52
1690,240,F,13215,217.50
1700,240,F,13304,222.50
1710,240,F,13393,222.54
1720,240,F,13481,219.96
1730,240,F,13567,214.96
1740,240,F,13651,210.04
1750,240,F,13734,207.54
1760,240,F,13817,207.48
1770,240,F,13902,212.52
1780,240,F,13987,212.44
1790,240,F,14072,212.50
1800,240,F,14156,210.00
1810,240,F,14242,214.96
1820,240,F,14328,215.06
1830,240,F,14414,214.96
1840,240,F,14502,220.07
1850,240,F,14591,222.50
1860,240,F,14678,217.52
1870,240,F,14765,217.41
1880,240,F,14855,225.00
1890,240,F,14946,227.57
1900,240,F,15030,209.94
1910,240,F,15117,217.59
1920,240,F,15198,202.48
1930,240,F,15285,217.50
1940,240,F,15373,219.96
1950,240,F,15461,220.02
1960,240,F,15548,217.48
1970,240,F,15635,217.54
1980,240,F,15725,224.98
1990,240,F,15813,219.98
2000,240,F,15901,220.00
2010,240,F,15986,212.52
2020,240,F,16070,209.98
2030,240,F,16153,207.52
2040,240,F,16237,210.00
2050,240,F,16322,212.48
2060,240,F,16407,212.52
2070,240,F,16492,212.48
2080,240,F,16576,210.04
2090,240,F,16662,214.98
2100,240,F,16748,215.04
2110,240,F,16835,217.43
2120,240,F,16924,222.52
2130,240,F,17012,220.00
2140,240,F,17097,212.54
2150,240,F,17183,214.98
2160,240,F,17279,239.95
2170,240,F,17364,212.50
2180,240,F,17450,215.00
2190,240,F,17533,207.56
2200,240,F,17617,210.00
2210,240,F,17704,217.48
2220,240,F,17791,217.52
2230,240,F,17879,219.98
2240,240,F,17966,217.48
2250,240,F,18055,222.41
2260,240,F,18144,222.57
2270,240,F,18232,219.98
2280,240,F,18319,217.59
2290,240,F,18404,212.42
2300,240,F,18487,207.58
2310,240,F,18570,207.50
2320,240,F,18654,209.96
2330,240,F,18740,215.00
2340,240,F,18825,212.52
2350,240,F,18909,209.94
2360,240,F,18993,210.00
2370,240,F,19079,215.02
2380,240,F,19165,215.04
2390,240,F,19253,219.98
2400,240,F,19342,222.48
2410,240,F,19430,220.02
2420,240,F,19516,214.98
2430,240,F,19602,215.02
2440,240,F,19698,240.00
2450,240,F,19784,214.94
2460,240,F,19869,212.52
2470,240,F,19949,200.04
2480,240,F,20037,219.96
2490,240,F,20123,215.04
2500,240,F,20211,220.00
2510,240,F,20298,217.48
2520,240,F,20385,217.52
2530,240,F,20474,222.32
2540,240,F,20563,222.68
2550,240,F,20652,222.52
2560,240,F,20738,215.00
2570,240,F,20823,212.46
2580,240,F,20905,205.06
2590,240,F,20988,207.46
2600,240,F,21072,209.96
2610,240,F,21159,217.48
2620,240,F,21243,210.06
2630,240,F,21327,209.98
2640,240,F,21412,212.50
2650,240,F,21498,215.04
2660,240,F,21584,214.98
2670,240,F,21672,220.02
2680,240,F,21761,222.43
2690,240,F,21849,220.00
2700,240,F,21935,215.04
2710,240,F,22022,217.54
2720,240,F,22117,237.50
2730,240,F,22202,212.44
2740,240,F,22288,215.02
2750,240,F,22369,202.40
2760,240,F,22456,217.65
2770,240,F,22543,217.43
2780,240,F,22631,220.00
2790,240,F,22718,217.52
2800,240,F,22805,217.50
2810,240,F,22894,222.50
2820,240,F,22984,225.00
2830,240,F,23071,217.52
2840,240,F,23158,217.48
2850,240,F,23242,209.96
2860,240,F,23325,207.56
2870,240,F,23407,205.02
2880,240,F,23492,212.44
2890,240,F,23578,215.04
2900,240,F,23663,212.50
2910,240,F,23747,209.96
2920,240,F,23832,212.54
2930,240,F,23919,217.30
2940,240,F,24004,212.71
2950,240,F,24093,222.50
2960,240,F,24182,222.43
2970,240,F,24269,217.52
2980,240,F,24355,214.98
2990,240,F,24445,224.96
3000,160,F,24537,230.05
3010,160,F,24621,210.00
3020,160,F,24705,210.04
3030,160,F,24781,189.96
3040,160,F,24861,199.98
3050,160,F,24941,200.08
3060,160,F,25019,195.00
3070,160,F,25096,192.44
3080,160,F,25170,185.00
3090,160,F,25244,185.00
3100,160,F,25318,185.04
3110,160,F,25390,180.00
3120,160,F,25459,172.52
3130,160,F,25526,167.48
3140,160,F,25591,162.47
3150,160,F,25654,157.50
3160,160,F,25714,150.03
3170,160,F,25774,149.96
3180,160,F,25833,147.53
3190,160,F,25892,147.50
3200,160,F,25951,147.53
3210,160,F,26007,139.96
3220,160,F,26063,140.03
3230,160,F,26118,137.49
3240,160,F,26171,132.53
3250,160,F,26225,134.97
3260,160,F,26277,130.03
3270,160,F,26330,132.49
3280,160,F,26381,127.47
3290,160,F,26432,127.53
3300,160,F,26482,124.96
3310,160,F,26533,127.55
3320,160,F,26581,119.96
3330,160,F,26629,120.00
3340,160,F,26676,117.52
3350,160,F,26721,112.50
3360,160,F,26766,112.50
3370,160,F,26812,114.99
3380,160,F,26866,135.03
3390,160,F,26909,107.50
3400,160,F,26952,107.50
3410,160,F,26995,107.46
3420,160,F,27036,102.51
3430,160,F,27079,107.50
3440,160,F,27116,92.50
3450,160,F,27156,99.99
3460,160,F,27197,102.53
3470,160,F,27239,105.00
3480,160,F,27280,102.48
3490,160,F,27320,100.02
3500,160,F,27360,100.01
3510,160,F,27400,100.00
3520,160,F,27440,99.94
3530,160,F,27479,97.51
3540,160,F,27516,92.52
3550,160,F,27555,97.51
3560,160,F,27592,92.48
3570,160,F,27630,95.04
3580,160,F,27668,94.98
3590,160,F,27705,92.50
3600,160,F,27742,92.49
3610,160,F,27779,92.52
3620,160,F,27815,89.99
3630,160,F,27851,90.02
3640,160,F,27886,87.47
3650,160,F,27920,85.00
3660,160,F,27955,87.50
3670,160,F,27988,82.52
3680,160,F,28021,82.48
3690,160,F,28054,82.51
3700,160,F,28086,80.02
3710,160,F,28118,79.98
3720,160,F,28150,80.02
3730,160,F,28182,79.99
3740,160,F,28214,79.98
3750,160,F,28247,82.52
3760,160,F,28279,80.01
3770,160,F,28312,82.48
3780,160,F,28344,80.00
3790,160,F,28377,82.52
3800,160,F,28408,77.50
3810,160,F,28441,82.47
3820,160,F,28472,77.50
3830,160,F,28503,77.53
3840,160,F,28535,79.98
3850,160,F,28566,77.50
3860,160,F,28598,80.02
3870,160,F,28629,77.48
3880,160,F,28660,77.50
3890,160,F,28691,77.51
3900,160,F,28723,80.01
3910,160,F,28753,75.00
3920,160,F,28783,74.98
3930,160,F,28814,77.52
3940,160,F,28845,77.50
3950,160,F,28875,74.99
3960,160,F,28906,77.49
3970,160,F,28937,77.52
3980,160,F,28967,74.99
3990,160,F,28997,75.01
4000,160,F,29027,74.99
4010,160,F,29057,74.99
4020,160,F,29086,72.51
4030,160,F,29115,72.51
4040,160,F,29145,74.99
4050,160,F,29174,72.51
4060,160,F,29204,74.98
4070,160,F,29238,85.00
4080,160,F,29275,92.52
4090,160,F,29304,72.51
4100,160,F,29334,74.99
4110,160,F,29364,75.01
4120,160,F,29394,74.99
4130,160,F,29424,75.00
4140,160,F,29455,77.52
4150,160,F,29486,77.48
4160,160,F,29510,60.01
4170,160,F,29541,77.50
4180,160,F,29572,77.51
4190,160,F,29603,77.49
4200,160,F,29635,80.01
4210,160,F,29665,74.99
4220,160,F,29697,80.02
4230,160,F,29727,75.00
4240,160,F,29759,79.99
4250,160,F,29790,77.49
4260,160,F,29821,77.48
4270,160,F,29852,77.52
4280,160,F,29883,77.49
4290,160,F,29913,75.01
4300,160,F,29944,77.51
4310,160,F,29974,74.98
4320,160,F,30004,75.02
4330,160,F,30035,77.51
4340,160,F,30066,77.48
4350,160,F,30096,75.01
4360,160,F,30127,77.51
4370,160,F,30158,77.48
4380,160,F,30188,74.99
4390,160,F,30217,72.51
4400,160,F,30248,77.50
4410,160,F,30277,72.51
4420,160,F,30307,75.00
4430,160,F,30336,72.51
4440,160,F,30365,72.48
4450,160,F,30393,69.99
4460,160,F,30422,72.51
4470,160,F,30451,72.50
4480,160,F,30479,69.99
4490,160,F,30507,70.02
4500,160,F,30535,69.99
4510,160,F,30563,69.99
4520,160,F,30591,70.03
4530,160,F,30620,72.47
4540,160,F,30649,72.53
4550,160,F,30678,72.49
4560,160,F,30708,75.01
4570,160,F,30737,72.50
4580,160,F,30767,75.00
4590,160,F,30795,70.00
4600,160,F,30825,75.00
4610,160,F,30854,72.49
4620,160,F,30883,72.49
4630,160,F,30912,72.51
4640,160,F,30941,72.50
4650,160,F,30970,72.50
4660,160,F,30999,72.49
4670,160,F,31028,72.50
4680,160,F,31057,72.51
4690,160,F,31086,72.51
4700,160,F,31115,72.50
4710,160,F,31144,72.49
4720,160,F,31172,70.01
4730,160,F,31201,72.48
4740,160,F,31230,72.51
4750,160,F,31259,72.51
4760,160,F,31288,72.49
4770,160,F,31317,72.50
4780,160,F,31346,72.50
4790,160,F,31375,72.49
4800,160,F,31403,70.01
4810,160,F,31432,72.50
4820,160,F,31460,69.99
4830,160,F,31488,70.02
4840,160,F,31516,70.00
4850,160,F,31544,69.99
4860,160,F,31572,70.00
4870,160,F,31601,72.50
4880,160,F,31632,77.51
4890,160,F,31670,94.97
4900,160,F,31698,70.01
4910,160,F,31727,72.49
4920,160,F,31756,72.52
4930,160,F,31785,72.49
4940,160,F,31814,72.49
4950,160,F,31844,75.00
4960,160,F,31874,75.00
4970,160,F,31904,75.00
4980,160,F,31927,57.51
4990,160,F,31958,77.48
5000,160,F,31988,75.01
5010,160,F,32019,77.48
5020,160,F,32050,77.50
5030,160,F,32080,75.03
5040,160,F,32110,74.99
5050,160,F,32141,77.48
5060,160,F,32171,75.01
5070,160,F,32202,77.49
5080,160,F,32233,77.52
5090,160,F,32263,74.99
5100,160,F,32293,75.00
5110,160,F,32324,77.51
5120,160,F,32354,75.00
5130,160,F,32384,74.96
5140,160,F,32414,75.05
5150,160,F,32444,75.00
5160,160,F,32474,74.99
5170,160,F,32505,77.52
5180,160,F,32535,74.99
5190,160,F,32566,77.49
5200,160,F,32595,72.51
5210,160,F,32625,74.99
5220,160,F,32655,75.01
5230,160,F,32684,72.50
5240,160,F,32713,72.51
5250,160,F,32742,72.49
5260,160,F,32771,72.49
5270,160,F,32799,70.00
5280,160,F,32828,72.51
5290,160,F,32856,69.99
5300,160,F,32884,70.00
5310,160,F,32912,69.99
5320,160,F,32940,70.01
5330,160,F,32968,70.01
5340,160,F,32996,69.99
5350,160,F,33025,72.52
5360,160,F,33054,72.48
5370,160,F,33083,72.51
5380,160,F,33112,72.49
5390,160,F,33141,72.51
5400,160,F,33171,75.00
5410,160,F,33199,69.99
5420,160,F,33229,75.01
5430,160,F,33258,72.51
5440,160,F,33287,72.50
5450,160,F,33316,72.50
5460,160,F,33345,72.49
5470,160,F,33373,69.99
5480,160,F,33403,75.00
5490,160,F,33432,72.51
5500,160,F,33461,72.49
5510,160,F,33489,69.99
5520,160,F,33518,72.51
5530,160,F,33547,72.51
5540,160,F,33575,70.00
5550,160,F,33604,72.50
5560,160,F,33633,72.51
5570,160,F,33661,70.00
5580,160,F,33690,72.48
5590,160,F,33719,72.51
5600,160,F,33748,72.50
5610,160,F,33777,72.48
5620,160,F,33805,70.00
5630,160,F,33834,72.51
5640,160,F,33862,69.99
5650,160,F,33890,70.00
5660,160,F,33918,70.02
5670,160,F,33946,70.00
5680,160,F,33975,72.48
5690,160,F,34003,70.00
5700,160,F,34033,75.02
5710,160,F,34072,97.48
5720,160,F,34100,70.01
5730,160,F,34129,72.48
5740,160,F,34158,72.50
5750,160,F,34187,72.51
5760,160,F,34216,72.52
5770,160,F,34246,75.00
5780,160,F,34276,74.98
5790,160,F,34306,75.00
5800,160,F,34330,60.01
5810,160,F,34360,74.99
5820,160,F,34390,74.99
5830,160,F,34421,77.52
5840,160,F,34452,77.47
5850,160,F,34482,75.00
5860,160,F,34512,75.01
5870,160,F,34543,77.51
5880,160,F,34573,75.01
5890,160,F,34604,77.47
5900,160,F,34635,77.50
5910,160,F,34665,75.02
5920,160,F,34695,75.00
5930,160,F,34725,75.00
5940,160,F,34755,75.00
5950,160,F,34785,75.01
5960,160,F,34815,74.99
5970,160,F,34846,77.48
5980,160,F,34876,75.02
5990,160,F,34906,74.99
6000,160,F,34937,77.50
6010,160,F,34967,75.00
6020,160,F,34996,72.51
6030,160,F,35026,74.99
6040,160,F,35056,75.00
6050,160,F,35085,72.51
6060,160,F,35114,72.51
6070,160,F,35143,72.49
6080,160,F,35172,72.51
6090,160,F,35200,69.98
6100,160,F,35228,70.00
6110,160,F,35257,72.49
6120,160,F,35285,70.01
6130,160,F,35312,67.50
6140,160,F,35341,72.51
6150,160,F,35368,67.48
6160,160,F,35397,72.51
6170,160,F,35425,69.99
6180,160,F,35454,72.51
6190,160,F,35483,72.49
6200,160,F,35512,72.51
6210,160,F,35541,72.51
6220,160,F,35571,74.99
6230,160,F,35599,70.01
6240,160,F,35629,75.01
6250,160,F,35657,69.99
6260,160,F,35687,75.00
6270,160,F,35715,69.99
6280,160,F,35744,72.50
6290,160,F,35773,72.50
6300,160,F,35802,72.51
6310,160,F,35831,72.49
6320,160,F,35860,72.49
6330,160,F,35888,70.02
6340,160,F,35918,74.98
6350,160,F,35946,70.01
6360,160,F,35974,69.99
6370,160,F,36003,72.51
6380,160,F,36032,72.51
6390,160,F,36060,69.99
6400,160,F,36089,72.49
6410,160,F,36118,72.51
6420,160,F,36147,72.48
6430,160,F,36176,72.50
6440,160,F,36204,70.01
6450,160,F,36232,70.01
6460,160,F,36260,69.99
6470,160,F,36288,70.01
6480,160,F,36316,70.00
6490,160,F,36344,70.00
6500,160,F,36372,70.00
6510,160,F,36401,72.49
6520,160,F,36430,72.49
6530,160,F,36468,95.02
6540,160,F,36497,72.49
6550,160,F,36526,72.50
6560,160,F,36555,72.50
6570,160,F,36584,72.50
6580,160,F,36613,72.51
6590,160,F,36643,74.99
6600,160,F,36673,75.00
6610,160,F,36702,72.50
6620,160,F,36727,62.51
6630,160,F,36756,72.49
6640,160,F,36786,75.02
6650,160,F,36817,77.48
6660,160,F,36847,75.01
6670,160,F,36878,77.51
6680,160,F,36907,72.48
6690,160,F,36938,77.49
6700,160,F,36969,77.50
6710,160,F,36999,75.01
6720,160,F,37030,77.52
6730,160,F,37061,77.48
6740,160,F,37091,75.00
6750,160,F,37121,75.01
6760,160,F,37151,74.99
6770,160,F,37180,72.51
6780,160,F,37211,77.50
6790,160,F,37241,75.00
6800,160,F,37271,75.00
6810,160,F,37301,74.99
6820,160,F,37332,77.52
6830,160,F,37362,75.01
6840,160,F,37391,72.50
6850,160,F,37421,74.99
6860,160,F,37451,74.99
6870,160,F,37480,72.51
6880,160,F,37509,72.50
6890,160,F,37538,72.49
6900,160,F,37567,72.53
6910,160,F,37595,69.97
6920,160,F,37623,70.01
6930,160,F,37651,70.02
6940,160,F,37679,69.99
6950,160,F,37707,70.01
6960,160,F,37735,69.99
6970,160,F,37763,69.99
6980,160,F,37791,70.03
6990,160,F,37819,70.00
7000,160,F,37848,72.47
7010,160,F,37876,70.01
7020,160,F,37906,74.99
7030,160,F,37935,72.52
7040,160,F,37964,72.51
7050,160,F,37992,69.98
7060,160,F,38022,75.01
7070,160,F,38050,69.99
7080,160,F,38079,72.50
7090,160,F,38107,70.00
7100,160,F,38136,72.49
7110,160,F,38165,72.51
7120,160,F,38194,72.50
7130,160,F,38223,72.51
7140,160,F,38252,72.48
7150,160,F,38280,70.02
7160,160,F,38309,72.49
7170,160,F,38337,70.01
7180,160,F,38365,69.98
7190,160,F,38394,72.52
7200,160,F,38422,69.99
7210,160,F,38451,72.51
7220,160,F,38479,69.99
7230,160,F,38508,72.49
7240,160,F,38537,72.51
7250,160,F,38566,72.51
7260,160,F,38594,70.00
7270,160,F,38622,69.99
7280,160,F,38650,70.01
7290,160,F,38678,69.99
7300,160,F,38705,67.52
7310,160,F,38734,72.49
7320,160,F,38762,70.01
7330,160,F,38790,69.99
7340,160,F,38819,72.49
7350,160,F,38852,82.52
7360,160,F,38887,87.43
7370,160,F,38915,70.04
7380,160,F,38943,70.00
7390,160,F,38972,72.51
7400,160,F,39001,72.51
7410,160,F,39031,74.99
7420,160,F,39060,72.50
7430,160,F,39090,75.01
7440,160,F,39119,72.49
7450,160,F,39143,60.01
7460,160,F,39173,74.99
7470,160,F,39203,75.01
7480,160,F,39234,77.48
7490,160,F,39264,75.01
7500,160,F,39294,75.01
7510,160,F,39324,74.98
7520,160,F,39355,77.50
7530,160,F,39385,75.00
7540,160,F,39416,77.51
7550,160,F,39447,77.48
7560,160,F,39477,75.01
7570,160,F,39507,75.00
7580,160,F,39537,75.01
7590,160,F,39567,75.01
7600,160,F,39597,74.99
7610,160,F,39627,75.00
7620,160,F,39657,75.00
7630,160,F,39687,75.01
7640,160,F,39718,77.48
7650,160,F,39748,75.02
7660,160,F,39778,74.99
7670,160,F,39807,72.49
7680,160,F,39837,75.01
7690,160,F,39866,72.51
7700,160,F,39895,72.49
7710,160,F,39924,72.51
7720,160,F,39953,72.49
7730,160,F,39981,69.99
7740,160,F,40010,72.49
7750,160,F,40038,70.00
7760,160,F,40066,70.01
7770,160,F,40094,69.99
7780,160,F,40122,70.03
7790,160,F,40150,69.99
7800,160,F,40178,70.00
7810,160,F,40206,70.01
7820,160,F,40235,72.47
7830,160,F,40263,70.02
7840,160,F,40292,72.50
7850,160,F,40321,72.49
7860,160,F,40350,72.49
7870,160,F,40379,72.51
7880,160,F,40408,72.51
7890,160,F,40437,72.49
7900,160,F,40466,72.50
7910,160,F,40495,72.52
7920,160,F,40523,69.99
7930,160,F,40552,72.50
7940,160,F,40581,72.50
7950,160,F,40610,72.51
7960,160,F,40639,72.50
7970,160,F,40668,72.49
7980,160,F,40696,70.01
7990,160,F,40725,72.51
=== END ===
# Trial 25 of 30: step_down_rev_240to0_run01
=== START step_down_rev_240to0_run01 ===
t_ms,pwm_cmd,dir,enc_count,rpm
0,240,R,0,0.00
10,240,R,0,0.00
20,240,R,0,0.00
30,240,R,-12,-30.00
40,240,R,-27,-37.50
50,240,R,-46,-47.50
60,240,R,-69,-57.49
70,240,R,-94,-62.51
80,240,R,-123,-72.49
90,240,R,-156,-82.51
100,240,R,-191,-87.47
110,240,R,-228,-92.54
120,240,R,-270,-105.02
130,240,R,-314,-109.99
140,240,R,-362,-119.99
150,240,R,-412,-124.99
160,240,R,-466,-135.04
170,240,R,-522,-139.94
180,240,R,-582,-149.94
190,240,R,-643,-152.62
200,240,R,-706,-157.47
210,240,R,-770,-159.98
220,240,R,-836,-165.03
230,240,R,-904,-169.97
240,240,R,-976,-180.04
250,240,R,-1049,-182.46
260,240,R,-1124,-187.52
270,240,R,-1202,-195.02
280,240,R,-1281,-197.48
290,240,R,-1360,-197.52
300,240,R,-1439,-197.52
310,240,R,-1519,-199.94
320,240,R,-1600,-202.56
330,240,R,-1681,-202.48
340,240,R,-1763,-204.98
350,240,R,-1846,-207.50
360,240,R,-1931,-212.48
370,240,R,-2015,-210.00
380,240,R,-2099,-210.00
390,240,R,-2185,-215.00
400,240,R,-2271,-214.98
410,240,R,-2358,-217.57
420,240,R,-2447,-222.52
430,240,R,-2536,-222.50
440,240,R,-2623,-217.48
450,240,R,-2710,-217.50
460,240,R,-2798,-220.00
470,240,R,-2885,-217.48
480,240,R,-2973,-219.98
490,240,R,-3060,-217.50
500,240,R,-3146,-215.02
510,240,R,-3231,-212.48
520,240,R,-3318,-217.54
530,240,R,-3407,-222.41
540,240,R,-3496,-222.61
550,240,R,-3587,-227.45
560,240,R,-3679,-229.98
570,240,R,-3769,-225.00
580,240,R,-3859,-225.05
590,240,R,-3947,-219.96
600,240,R,-4037,-225.00
610,240,R,-4125,-220.04
620,240,R,-4214,-222.46
630,240,R,-4305,-227.50
640,240,R,-4395,-225.07
650,240,R,-4483,-219.96
660,240,R,-4573,-225.02
670,240,R,-4663,-224.93
680,240,R,-4754,-227.55
690,240,R,-4846,-230.00
700,240,R,-4938,-230.05
710,240,R,-5027,-222.46
720,240,R,-5116,-222.50
730,240,R,-5206,-225.05
740,240,R,-5295,-222.50
750,240,R,-5384,-222.50
760,240,R,-5473,-222.48
770,240,R,-5561,-219.98
780,240,R,-5648,-217.48
790,240,R,-5736,-220.02
800,240,R,-5826,-224.96
810,240,R,-5916,-225.05
820,240,R,-6008,-230.02
830,240,R,-6101,-232.50
840,240,R,-6192,-227.52
850,240,R,-6281,-222.48
860,240,R,-6371,-224.98
870,240,R,-6461,-224.96
880,240,R,-6550,-222.54
890,240,R,-6640,-225.00
900,240,R,-6731,-227.48
910,240,R,-6820,-222.50
920,240,R,-6909,-222.57
930,240,R,-6999,-224.91
940,240,R,-7089,-225.09
950,240,R,-7181,-229.93
960,240,R,-7274,-232.50
970,240,R,-7365,-227.57
980,240,R,-7454,-222.50
990,240,R,-7545,-227.48
1000,240,R,-7634,-222.46
1010,240,R,-7723,-222.50
1020,240,R,-7812,-222.54
1030,240,R,-7901,-222.52
1040,240,R,-7988,-217.50
1050,240,R,-8075,-217.43
1060,240,R,-8164,-222.50
1070,240,R,-8254,-225.02
1080,240,R,-8346,-229.98
1090,240,R,-8438,-230.00
1100,240,R,-8530,-230.05
1110,240,R,-8620,-224.96
1120,240,R,-8710,-225.00
1130,240,R,-8799,-222.52
1140,240,R,-8889,-225.02
1150,240,R,-8979,-224.96
1160,240,R,-9069,-224.91
1170,240,R,-9160,-227.64
1180,240,R,-9248,-219.98
1190,240,R,-9338,-225.00
1200,240,R,-9427,-222.50
1210,240,R,-9518,-227.48
1220,240,R,-9610,-230.02
1230,240,R,-9702,-230.05
1240,240,R,-9793,-227.43
1250,240,R,-9883,-225.05
1260,240,R,-9973,-224.96
1270,240,R,-10062,-222.57
1280,240,R,-10151,-222.46
1290,240,R,-10240,-222.50
1300,240,R,-10328,-220.02
1310,240,R,-10415,-217.33
1320,240,R,-10501,-215.19
1330,240,R,-10591,-225.00
1340,240,R,-10682,-227.43
1350,240,R,-10773,-227.55
1360,240,R,-10866,-232.43
1370,240,R,-10957,-227.55
1380,240,R,-11047,-224.98
1390,240,R,-11136,-222.57
1400,240,R,-11226,-224.96
1410,240,R,-11315,-222.52
1420,240,R,-11404,-222.52
1430,240,R,-11495,-227.43
1440,240,R,-11586,-227.52
1450,240,R,-11675,-222.50
1460,240,R,-11764,-222.54
1470,240,R,-11854,-225.00
1480,240,R,-11945,-227.50
1490,240,R,-12037,-229.95
1500,240,R,-12129,-229.98
1510,240,R,-12219,-225.02
1520,240,R,-12308,-222.54
1530,240,R,-12399,-227.43
1540,240,R,-12488,-222.54
1550,240,R,-12577,-222.50
1560,240,R,-12666,-222.52
1570,240,R,-12754,-219.85
1580,240,R,-12840,-215.13
1590,240,R,-12928,-219.96
1600,240,R,-13017,-222.50
1610,240,R,-13108,-227.55
1620,240,R,-13200,-230.00
1630,240,R,-13292,-229.95
1640,240,R,-13384,-230.07
1650,240,R,-13473,-222.50
1660,240,R,-13563,-224.93
1670,240,R,-13652,-222.54
1680,240,R,-13741,-222.50
1690,240,R,-13832,-227.48
1700,240,R,-13923,-227.39
1710,240,R,-14012,-222.66
1720,240,R,-14100,-219.96
1730,240,R,-14191,-227.52
1740,240,R,-14281,-225.00
1750,240,R,-14373,-229.98
1760,240,R,-14465,-230.02
1770,240,R,-14556,-227.52
1780,240,R,-14645,-222.46
1790,240,R,-14736,-227.50
1800,240,R,-14825,-222.54
1810,240,R,-14914,-222.50
1820,240,R,-15003,-222.50
1830,240,R,-15092,-222.48
1840,240,R,-15179,-217.50
1850,240,R,-15266,-217.46
1860,240,R,-15354,-220.07
1870,240,R,-15444,-224.96
1880,240,R,-15535,-227.45
1890,240,R,-15628,-232.59
1900,240,R,-15721,-232.48
1910,240,R,-15812,-227.43
1920,240,R,-15901,-222.52
1930,240,R,-15992,-227.57
1940,240,R,-16082,-225.00
1950,240,R,-16173,-227.45
1960,240,R,-16264,-227.55
1970,240,R,-16356,-230.00
1980,240,R,-16446,-224.91
1990,240,R,-16536,-225.05
2000,240,R,-16627,-227.55
2010,240,R,-16719,-229.95
2020,240,R,-16812,-232.50
2030,240,R,-16906,-235.00
2040,240,R,-16997,-227.48
2050,240,R,-17088,-227.57
2060,240,R,-17182,-234.95
2070,240,R,-17271,-222.52
2080,240,R,-17362,-227.43
2090,240,R,-17452,-225.07
2100,240,R,-17542,-224.89
2110,240,R,-17630,-220.09
2120,240,R,-17719,-222.54
2130,240,R,-17810,-227.48
2140,240,R,-17903,-232.45
2150,240,R,-17996,-232.52
2160,240,R,-18090,-234.98
2170,240,R,-18183,-232.48
2180,240,R,-18275,-230.07
2190,240,R,-18366,-227.43
2200,240,R,-18457,-227.52
2210,240,R,-18548,-227.55
2220,240,R,-18640,-230.02
2230,240,R,-18732,-229.98
2240,240,R,-18823,-227.43
2250,240,R,-18914,-227.52
2260,240,R,-19005,-227.55
2270,240,R,-19098,-232.50
2280,240,R,-19191,-232.43
2290,240,R,-19286,-237.60
2300,240,R,-19378,-229.93
2310,240,R,-19470,-230.02
2320,240,R,-19563,-232.45
2330,240,R,-19653,-225.07
2340,240,R,-19743,-225.02
2350,240,R,-19835,-229.84
2360,240,R,-19925,-225.11
2370,240,R,-20014,-222.50
2380,240,R,-20102,-219.98
2390,240,R,-20193,-227.57
2400,240,R,-20286,-232.43
2410,240,R,-20380,-235.00
2420,240,R,-20474,-235.02
2430,240,R,-20567,-232.52
2440,240,R,-20659,-230.00
2450,240,R,-20750,-227.52
2460,240,R,-20842,-229.95
2470,240,R,-20933,-227.55
2480,240,R,-21025,-229.93
2490,240,R,-21118,-232.36
2500,240,R,-21209,-227.68
2510,240,R,-21299,-224.96
2520,240,R,-21391,-230.00
2530,240,R,-21484,-232.55
2540,240,R,-21577,-232.48
2550,240,R,-21672,-237.45
2560,240,R,-21765,-232.52
2570,240,R,-21856,-227.55
2580,240,R,-21949,-232.52
2590,240,R,-22040,-227.41
2600,240,R,-22131,-227.52
2610,240,R,-22222,-227.57
2620,240,R,-22312,-224.96
2630,240,R,-22402,-224.96
2640,240,R,-22490,-220.07
2650,240,R,-22582,-230.02
2660,240,R,-22674,-230.00
2670,240,R,-22768,-234.95
2680,240,R,-22862,-235.00
2690,240,R,-22956,-234.95
2700,240,R,-23048,-230.05
2710,240,R,-23139,-227.48
2720,240,R,-23231,-230.00
2730,240,R,-23322,-227.55
2740,240,R,-23413,-227.50
2750,240,R,-23506,-232.48
2760,240,R,-23599,-232.48
2770,240,R,-23689,-225.00
2780,240,R,-23781,-230.00
2790,240,R,-23873,-230.00
2800,240,R,-23967,-235.05
2810,240,R,-24061,-234.95
2820,240,R,-24155,-235.07
2830,240,R,-24246,-227.43
2840,240,R,-24339,-232.55
2850,240,R,-24431,-230.02
2860,240,R,-24521,-225.00
2870,240,R,-24613,-229.77
2880,240,R,-24703,-225.18
2890,240,R,-24793,-225.02
2900,240,R,-24882,-222.48
2910,240,R,-24973,-227.52
2920,240,R,-25065,-229.95
2930,240,R,-25159,-235.07
2940,240,R,-25253,-234.98
2950,240,R,-25348,-237.45
2960,240,R,-25439,-227.50
2970,240,R,-25532,-232.38
2980,240,R,-25623,-227.68
2990,240,R,-25715,-229.98
3000,0,N,-25806,-227.52
3010,0,N,-25898,-229.98
3020,0,N,-25987,-222.48
3030,0,N,-26073,-215.04
3040,0,N,-26156,-207.44
3050,0,N,-26238,-205.02
3060,0,N,-26319,-202.48
3070,0,N,-26398,-197.54
3080,0,N,-26475,-192.50
3090,0,N,-26550,-187.44
3100,0,N,-26621,-177.52
3110,0,N,-26689,-170.03
3120,0,N,-26757,-169.97
3130,0,N,-26821,-160.03
3140,0,N,-26884,-157.50
3150,0,N,-26943,-147.51
3160,0,N,-27002,-147.49
3170,0,N,-27059,-142.46
3180,0,N,-27113,-134.93
3190,0,N,-27164,-127.60
3200,0,N,-27213,-122.49
3210,0,N,-27261,-120.00
3220,0,N,-27306,-112.48
3230,0,N,-27351,-112.53
3240,0,N,-27393,-104.97
3250,0,N,-27435,-105.02
3260,0,N,-27474,-97.51
3270,0,N,-27511,-92.49
3280,0,N,-27547,-89.99
3290,0,N,-27580,-82.52
3300,0,N,-27612,-79.98
3310,0,N,-27642,-75.01
3320,0,N,-27670,-70.00
3330,0,N,-27696,-65.01
3340,0,N,-27720,-60.00
3350,0,N,-27742,-54.98
3360,0,N,-27762,-50.00
3370,0,N,-27781,-47.50
3380,0,N,-27797,-40.00
3390,0,N,-27812,-37.50
3400,0,N,-27825,-32.50
3410,0,N,-27837,-30.00
3420,0,N,-27847,-25.00
3430,0,N,-27856,-22.50
3440,0,N,-27863,-17.50
3450,0,N,-27869,-15.00
3460,0,N,-27873,-10.00
3470,0,N,-27876,-7.50
3480,0,N,-27877,-2.50
3490,0,N,-27878,-2.50
3500,0,N,-27879,-2.50
3510,0,N,-27879,0.00
3520,0,N,-27879,0.00
3530,0,N,-27879,0.00
3540,0,N,-27879,0.00
3550,0,N,-27879,0.00
3560,0,N,-27879,0.00
3570,0,N,-27879,0.00
3580,0,N,-27879,0.00
3590,0,N,-27879,0.00
3600,0,N,-27879,0.00
3610,0,N,-27879,0.00
3620,0,N,-27879,0.00
3630,0,N,-27879,0.00
3640,0,N,-27879,0.00
3650,0,N,-27879,0.00
3660,0,N,-27879,0.00
3670,0,N,-27879,0.00
3680,0,N,-27879,0.00
3690,0,N,-27879,0.00
3700,0,N,-27879,0.00
3710,0,N,-27879,0.00
3720,0,N,-27879,0.00
3730,0,N,-27879,0.00
3740,0,N,-27879,0.00
3750,0,N,-27879,0.00
3760,0,N,-27879,0.00
3770,0,N,-27879,0.00
3780,0,N,-27879,0.00
3790,0,N,-27879,0.00
3800,0,N,-27879,0.00
3810,0,N,-27879,0.00
3820,0,N,-27879,0.00
3830,0,N,-27879,0.00
3840,0,N,-27879,0.00
3850,0,N,-27879,0.00
3860,0,N,-27879,0.00
3870,0,N,-27879,0.00
3880,0,N,-27879,0.00
3890,0,N,-27879,0.00
3900,0,N,-27879,0.00
3910,0,N,-27879,0.00
3920,0,N,-27879,0.00
3930,0,N,-27879,0.00
3940,0,N,-27879,0.00
3950,0,N,-27879,0.00
3960,0,N,-27879,0.00
3970,0,N,-27879,0.00
3980,0,N,-27879,0.00
3990,0,N,-27879,0.00
4000,0,N,-27879,0.00
4010,0,N,-27879,0.00
4020,0,N,-27879,0.00
4030,0,N,-27879,0.00
4040,0,N,-27879,0.00
4050,0,N,-27879,0.00
4060,0,N,-27879,0.00
4070,0,N,-27879,0.00
4080,0,N,-27879,0.00
4090,0,N,-27879,0.00
4100,0,N,-27879,0.00
4110,0,N,-27879,0.00
4120,0,N,-27879,0.00
4130,0,N,-27879,0.00
4140,0,N,-27879,0.00
4150,0,N,-27879,0.00
4160,0,N,-27879,0.00
4170,0,N,-27879,0.00
4180,0,N,-27879,0.00
4190,0,N,-27879,0.00
4200,0,N,-27879,0.00
4210,0,N,-27879,0.00
4220,0,N,-27879,0.00
4230,0,N,-27879,0.00
4240,0,N,-27879,0.00
4250,0,N,-27879,0.00
4260,0,N,-27879,0.00
4270,0,N,-27879,0.00
4280,0,N,-27879,0.00
4290,0,N,-27879,0.00
4300,0,N,-27879,0.00
4310,0,N,-27879,0.00
4320,0,N,-27879,0.00
4330,0,N,-27879,0.00
4340,0,N,-27879,0.00
4350,0,N,-27879,0.00
4360,0,N,-27879,0.00
4370,0,N,-27879,0.00
4380,0,N,-27879,0.00
4390,0,N,-27879,0.00
4400,0,N,-27879,0.00
4410,0,N,-27879,0.00
4420,0,N,-27879,0.00
4430,0,N,-27879,0.00
4440,0,N,-27879,0.00
4450,0,N,-27879,0.00
4460,0,N,-27879,0.00
4470,0,N,-27879,0.00
4480,0,N,-27879,0.00
4490,0,N,-27879,0.00
4500,0,N,-27879,0.00
4510,0,N,-27879,0.00
4520,0,N,-27879,0.00
4530,0,N,-27879,0.00
4540,0,N,-27879,0.00
4550,0,N,-27879,0.00
4560,0,N,-27879,0.00
4570,0,N,-27879,0.00
4580,0,N,-27879,0.00
4590,0,N,-27879,0.00
4600,0,N,-27879,0.00
4610,0,N,-27879,0.00
4620,0,N,-27879,0.00
4630,0,N,-27879,0.00
4640,0,N,-27879,0.00
4650,0,N,-27879,0.00
4660,0,N,-27879,0.00
4670,0,N,-27879,0.00
4680,0,N,-27879,0.00
4690,0,N,-27879,0.00
4700,0,N,-27879,0.00
4710,0,N,-27879,0.00
4720,0,N,-27879,0.00
4730,0,N,-27879,0.00
4740,0,N,-27879,0.00
4750,0,N,-27879,0.00
4760,0,N,-27879,0.00
4770,0,N,-27879,0.00
4780,0,N,-27879,0.00
4790,0,N,-27879,0.00
4800,0,N,-27879,0.00
4810,0,N,-27879,0.00
4820,0,N,-27879,0.00
4830,0,N,-27879,0.00
4840,0,N,-27879,0.00
4850,0,N,-27879,0.00
4860,0,N,-27879,0.00
4870,0,N,-27879,0.00
4880,0,N,-27879,0.00
4890,0,N,-27879,0.00
4900,0,N,-27879,0.00
4910,0,N,-27879,0.00
4920,0,N,-27879,0.00
4930,0,N,-27879,0.00
4940,0,N,-27879,0.00
4950,0,N,-27879,0.00
4960,0,N,-27879,0.00
4970,0,N,-27879,0.00
4980,0,N,-27879,0.00
4990,0,N,-27879,0.00
5000,0,N,-27879,0.00
5010,0,N,-27879,0.00
5020,0,N,-27879,0.00
5030,0,N,-27879,0.00
5040,0,N,-27879,0.00
5050,0,N,-27879,0.00
5060,0,N,-27879,0.00
5070,0,N,-27879,0.00
5080,0,N,-27879,0.00
5090,0,N,-27879,0.00
5100,0,N,-27879,0.00
5110,0,N,-27879,0.00
5120,0,N,-27879,0.00
5130,0,N,-27879,0.00
5140,0,N,-27879,0.00
5150,0,N,-27879,0.00
5160,0,N,-27879,0.00
5170,0,N,-27879,0.00
5180,0,N,-27879,0.00
5190,0,N,-27879,0.00
5200,0,N,-27879,0.00
5210,0,N,-27879,0.00
5220,0,N,-27879,0.00
5230,0,N,-27879,0.00
5240,0,N,-27879,0.00
5250,0,N,-27879,0.00
5260,0,N,-27879,0.00
5270,0,N,-27879,0.00
5280,0,N,-27879,0.00
5290,0,N,-27879,0.00
5300,0,N,-27879,0.00
5310,0,N,-27879,0.00
5320,0,N,-27879,0.00
5330,0,N,-27879,0.00
5340,0,N,-27879,0.00
5350,0,N,-27879,0.00
5360,0,N,-27879,0.00
5370,0,N,-27879,0.00
5380,0,N,-27879,0.00
5390,0,N,-27879,0.00
5400,0,N,-27879,0.00
5410,0,N,-27879,0.00
5420,0,N,-27879,0.00
5430,0,N,-27879,0.00
5440,0,N,-27879,0.00
5450,0,N,-27879,0.00
5460,0,N,-27879,0.00
5470,0,N,-27879,0.00
5480,0,N,-27879,0.00
5490,0,N,-27879,0.00
5500,0,N,-27879,0.00
5510,0,N,-27879,0.00
5520,0,N,-27879,0.00
5530,0,N,-27879,0.00
5540,0,N,-27879,0.00
5550,0,N,-27879,0.00
5560,0,N,-27879,0.00
5570,0,N,-27879,0.00
5580,0,N,-27879,0.00
5590,0,N,-27879,0.00
5600,0,N,-27879,0.00
5610,0,N,-27879,0.00
5620,0,N,-27879,0.00
5630,0,N,-27879,0.00
5640,0,N,-27879,0.00
5650,0,N,-27879,0.00
5660,0,N,-27879,0.00
5670,0,N,-27879,0.00
5680,0,N,-27879,0.00
5690,0,N,-27879,0.00
5700,0,N,-27879,0.00
5710,0,N,-27879,0.00
5720,0,N,-27879,0.00
5730,0,N,-27879,0.00
5740,0,N,-27879,0.00
5750,0,N,-27879,0.00
5760,0,N,-27879,0.00
5770,0,N,-27879,0.00
5780,0,N,-27879,0.00
5790,0,N,-27879,0.00
5800,0,N,-27879,0.00
5810,0,N,-27879,0.00
5820,0,N,-27879,0.00
5830,0,N,-27879,0.00
5840,0,N,-27879,0.00
5850,0,N,-27879,0.00
5860,0,N,-27879,0.00
5870,0,N,-27879,0.00
5880,0,N,-27879,0.00
5890,0,N,-27879,0.00
5900,0,N,-27879,0.00
5910,0,N,-27879,0.00
5920,0,N,-27879,0.00
5930,0,N,-27879,0.00
5940,0,N,-27879,0.00
5950,0,N,-27879,0.00
5960,0,N,-27879,0.00
5970,0,N,-27879,0.00
5980,0,N,-27879,0.00
5990,0,N,-27879,0.00
6000,0,N,-27879,0.00
6010,0,N,-27879,0.00
6020,0,N,-27879,0.00
6030,0,N,-27879,0.00
6040,0,N,-27879,0.00
6050,0,N,-27879,0.00
6060,0,N,-27879,0.00
6070,0,N,-27879,0.00
6080,0,N,-27879,0.00
6090,0,N,-27879,0.00
6100,0,N,-27879,0.00
6110,0,N,-27879,0.00
6120,0,N,-27879,0.00
6130,0,N,-27879,0.00
6140,0,N,-27879,0.00
6150,0,N,-27879,0.00
6160,0,N,-27879,0.00
6170,0,N,-27879,0.00
6180,0,N,-27879,0.00
6190,0,N,-27879,0.00
6200,0,N,-27879,0.00
6210,0,N,-27879,0.00
6220,0,N,-27879,0.00
6230,0,N,-27879,0.00
6240,0,N,-27879,0.00
6250,0,N,-27879,0.00
6260,0,N,-27879,0.00
6270,0,N,-27879,0.00
6280,0,N,-27879,0.00
6290,0,N,-27879,0.00
6300,0,N,-27879,0.00
6310,0,N,-27879,0.00
6320,0,N,-27879,0.00
6330,0,N,-27879,0.00
6340,0,N,-27879,0.00
6350,0,N,-27879,0.00
6360,0,N,-27879,0.00
6370,0,N,-27879,0.00
6380,0,N,-27879,0.00
6390,0,N,-27879,0.00
6400,0,N,-27879,0.00
6410,0,N,-27879,0.00
6420,0,N,-27879,0.00
6430,0,N,-27879,0.00
6440,0,N,-27879,0.00
6450,0,N,-27879,0.00
6460,0,N,-27879,0.00
6470,0,N,-27879,0.00
6480,0,N,-27879,0.00
6490,0,N,-27879,0.00
6500,0,N,-27879,0.00
6510,0,N,-27879,0.00
6520,0,N,-27879,0.00
6530,0,N,-27879,0.00
6540,0,N,-27879,0.00
6550,0,N,-27879,0.00
6560,0,N,-27879,0.00
6570,0,N,-27879,0.00
6580,0,N,-27879,0.00
6590,0,N,-27879,0.00
6600,0,N,-27879,0.00
6610,0,N,-27879,0.00
6620,0,N,-27879,0.00
6630,0,N,-27879,0.00
6640,0,N,-27879,0.00
6650,0,N,-27879,0.00
6660,0,N,-27879,0.00
6670,0,N,-27879,0.00
6680,0,N,-27879,0.00
6690,0,N,-27879,0.00
6700,0,N,-27879,0.00
6710,0,N,-27879,0.00
6720,0,N,-27879,0.00
6730,0,N,-27879,0.00
6740,0,N,-27879,0.00
6750,0,N,-27879,0.00
6760,0,N,-27879,0.00
6770,0,N,-27879,0.00
6780,0,N,-27879,0.00
6790,0,N,-27879,0.00
6800,0,N,-27879,0.00
6810,0,N,-27879,0.00
6820,0,N,-27879,0.00
6830,0,N,-27879,0.00
6840,0,N,-27879,0.00
6850,0,N,-27879,0.00
6860,0,N,-27879,0.00
6870,0,N,-27879,0.00
6880,0,N,-27879,0.00
6890,0,N,-27879,0.00
6900,0,N,-27879,0.00
6910,0,N,-27879,0.00
6920,0,N,-27879,0.00
6930,0,N,-27879,0.00
6940,0,N,-27879,0.00
6950,0,N,-27879,0.00
6960,0,N,-27879,0.00
6970,0,N,-27879,0.00
6980,0,N,-27879,0.00
6990,0,N,-27879,0.00
7000,0,N,-27879,0.00
7010,0,N,-27879,0.00
7020,0,N,-27879,0.00
7030,0,N,-27879,0.00
7040,0,N,-27879,0.00
7050,0,N,-27879,0.00
7060,0,N,-27879,0.00
7070,0,N,-27879,0.00
7080,0,N,-27879,0.00
7090,0,N,-27879,0.00
7100,0,N,-27879,0.00
7110,0,N,-27879,0.00
7120,0,N,-27879,0.00
7130,0,N,-27879,0.00
7140,0,N,-27879,0.00
7150,0,N,-27879,0.00
7160,0,N,-27879,0.00
7170,0,N,-27879,0.00
7180,0,N,-27879,0.00
7190,0,N,-27879,0.00
7200,0,N,-27879,0.00
7210,0,N,-27879,0.00
7220,0,N,-27879,0.00
7230,0,N,-27879,0.00
7240,0,N,-27879,0.00
7250,0,N,-27879,0.00
7260,0,N,-27879,0.00
7270,0,N,-27879,0.00
7280,0,N,-27879,0.00
7290,0,N,-27879,0.00
7300,0,N,-27879,0.00
7310,0,N,-27879,0.00
7320,0,N,-27879,0.00
7330,0,N,-27879,0.00
7340,0,N,-27879,0.00
7350,0,N,-27879,0.00
7360,0,N,-27879,0.00
7370,0,N,-27879,0.00
7380,0,N,-27879,0.00
7390,0,N,-27879,0.00
7400,0,N,-27879,0.00
7410,0,N,-27879,0.00
7420,0,N,-27879,0.00
7430,0,N,-27879,0.00
7440,0,N,-27879,0.00
7450,0,N,-27879,0.00
7460,0,N,-27879,0.00
7470,0,N,-27879,0.00
7480,0,N,-27879,0.00
7490,0,N,-27879,0.00
7500,0,N,-27879,0.00
7510,0,N,-27879,0.00
7520,0,N,-27879,0.00
7530,0,N,-27879,0.00
7540,0,N,-27879,0.00
7550,0,N,-27879,0.00
7560,0,N,-27879,0.00
7570,0,N,-27879,0.00
7580,0,N,-27879,0.00
7590,0,N,-27879,0.00
7600,0,N,-27879,0.00
7610,0,N,-27879,0.00
7620,0,N,-27879,0.00
7630,0,N,-27879,0.00
7640,0,N,-27879,0.00
7650,0,N,-27879,0.00
7660,0,N,-27879,0.00
7670,0,N,-27879,0.00
7680,0,N,-27879,0.00
7690,0,N,-27879,0.00
7700,0,N,-27879,0.00
7710,0,N,-27879,0.00
7720,0,N,-27879,0.00
7730,0,N,-27879,0.00
7740,0,N,-27879,0.00
7750,0,N,-27879,0.00
7760,0,N,-27879,0.00
7770,0,N,-27879,0.00
7780,0,N,-27879,0.00
7790,0,N,-27879,0.00
7800,0,N,-27879,0.00
7810,0,N,-27879,0.00
7820,0,N,-27879,0.00
7830,0,N,-27879,0.00
7840,0,N,-27879,0.00
7850,0,N,-27879,0.00
7860,0,N,-27879,0.00
7870,0,N,-27879,0.00
7880,0,N,-27879,0.00
7890,0,N,-27879,0.00
7900,0,N,-27879,0.00
7910,0,N,-27879,0.00
7920,0,N,-27879,0.00
7930,0,N,-27879,0.00
7940,0,N,-27879,0.00
7950,0,N,-27879,0.00
7960,0,N,-27879,0.00
7970,0,N,-27879,0.00
7980,0,N,-27879,0.00
7990,0,N,-27879,0.00
8000,0,N,-27879,0.00
=== END ===
# Trial 26 of 30: step_down_rev_240to0_run02
=== START step_down_rev_240to0_run02 ===
t_ms,pwm_cmd,dir,enc_count,rpm
0,240,R,0,0.00
10,240,R,-3,-7.50
20,240,R,-10,-17.50
30,240,R,-21,-27.50
40,240,R,-36,-37.50
50,240,R,-54,-44.99
60,240,R,-75,-52.49
70,240,R,-100,-62.53
80,240,R,-128,-69.97
90,240,R,-160,-80.01
100,240,R,-194,-85.01
110,240,R,-233,-97.50
120,240,R,-274,-102.50
130,240,R,-319,-112.52
140,240,R,-367,-120.00
150,240,R,-419,-129.96
160,240,R,-474,-137.54
170,240,R,-530,-139.99
180,240,R,-590,-149.97
190,240,R,-652,-155.02
200,240,R,-716,-160.02
210,240,R,-784,-169.98
220,240,R,-853,-172.47
230,240,R,-925,-180.07
240,240,R,-1000,-187.50
250,240,R,-1076,-190.00
260,240,R,-1151,-187.44
270,240,R,-1227,-190.00
280,240,R,-1307,-200.00
290,240,R,-1386,-197.54
300,240,R,-1465,-197.48
310,240,R,-1547,-204.98
320,240,R,-1628,-202.54
330,240,R,-1709,-202.46
340,240,R,-1791,-205.06
350,240,R,-1874,-207.44
360,240,R,-1960,-215.06
370,240,R,-2046,-214.94
380,240,R,-2136,-224.96
390,240,R,-2225,-222.61
400,240,R,-2313,-220.00
410,240,R,-2401,-220.00
420,240,R,-2489,-219.96
430,240,R,-2577,-219.96
440,240,R,-2665,-220.02
450,240,R,-2755,-224.91
460,240,R,-2845,-225.09
470,240,R,-2934,-222.54
480,240,R,-3022,-220.02
490,240,R,-3113,-227.48
500,240,R,-3204,-227.45
510,240,R,-3296,-230.05
520,240,R,-3388,-230.02
530,240,R,-3481,-232.38
540,240,R,-3570,-222.61
550,240,R,-3662,-229.98
560,240,R,-3752,-225.02
570,240,R,-3842,-225.00
580,240,R,-3932,-224.96
590,240,R,-4022,-225.00
600,240,R,-4111,-222.50
610,240,R,-4199,-220.04
620,240,R,-4289,-224.98
630,240,R,-4381,-230.02
640,240,R,-4474,-232.43
650,240,R,-4567,-232.50
660,240,R,-4661,-235.00
670,240,R,-4752,-227.57
680,240,R,-4844,-229.98
690,240,R,-4935,-227.41
700,240,R,-5026,-227.57
710,240,R,-5117,-227.55
720,240,R,-5210,-232.43
730,240,R,-5302,-230.00
740,240,R,-5392,-225.05
750,240,R,-5483,-227.48
760,240,R,-5575,-230.00
770,240,R,-5668,-232.50
780,240,R,-5762,-235.02
790,240,R,-5856,-234.93
800,240,R,-5947,-227.59
810,240,R,-6038,-227.45
820,240,R,-6130,-230.05
830,240,R,-6221,-227.50
840,240,R,-6312,-227.45
850,240,R,-6403,-227.48
860,240,R,-6492,-222.50
870,240,R,-6580,-220.07
880,240,R,-6670,-225.00
890,240,R,-6762,-229.98
900,240,R,-6855,-232.48
910,240,R,-6949,-235.05
920,240,R,-7043,-234.93
930,240,R,-7135,-230.07
940,240,R,-7226,-227.48
950,240,R,-7318,-230.02
960,240,R,-7409,-227.43
970,240,R,-7500,-227.55
980,240,R,-7592,-229.95
990,240,R,-7685,-232.50
1000,240,R,-7776,-227.55
1010,240,R,-7866,-224.96
1020,240,R,-7959,-232.57
1030,240,R,-8051,-230.00
1040,240,R,-8145,-235.00
1050,240,R,-8239,-235.00
1060,240,R,-8331,-229.98
1070,240,R,-8422,-227.48
1080,240,R,-8516,-235.02
1090,240,R,-8606,-224.91
1100,240,R,-8697,-227.59
1110,240,R,-8787,-224.93
1120,240,R,-8877,-225.02
1130,240,R,-8966,-222.48
1140,240,R,-9055,-222.59
1150,240,R,-9147,-230.00
1160,240,R,-9240,-232.36
1170,240,R,-9334,-235.07
1180,240,R,-9428,-235.00
1190,240,R,-9521,-232.43
1200,240,R,-9611,-225.14
1210,240,R,-9703,-229.93
1220,240,R,-9794,-227.55
1230,240,R,-9886,-230.00
1240,240,R,-9978,-229.82
1250,240,R,-10071,-232.66
1260,240,R,-10161,-224.98
1270,240,R,-10253,-230.07
1280,240,R,-10344,-227.50
1290,240,R,-10437,-232.43
1300,240,R,-10531,-235.05
1310,240,R,-10625,-234.95
1320,240,R,-10717,-230.00
1330,240,R,-10809,-230.07
1340,240,R,-10903,-235.00
1350,240,R,-10993,-224.98
1360,240,R,-11083,-224.96
1370,240,R,-11174,-227.57
1380,240,R,-11264,-224.98
1390,240,R,-11353,-222.50
1400,240,R,-11443,-224.96
1410,240,R,-11534,-227.52
1420,240,R,-11627,-232.48
1430,240,R,-11720,-232.57
1440,240,R,-11815,-237.43
1450,240,R,-11908,-232.50
1460,240,R,-11999,-227.50
1470,240,R,-12091,-230.00
1480,240,R,-12183,-230.02
1490,240,R,-12273,-225.02
1500,240,R,-12365,-230.00
1510,240,R,-12458,-232.52
1520,240,R,-12549,-227.50
1530,240,R,-12640,-227.50
1540,240,R,-12732,-229.89
1550,240,R,-12825,-232.43
1560,240,R,-12918,-232.66
1570,240,R,-13012,-235.02
1580,240,R,-13105,-232.41
1590,240,R,-13197,-230.05
1600,240,R,-13290,-232.50
1610,240,R,-13380,-225.02
1620,240,R,-13471,-227.43
1630,240,R,-13562,-227.52
1640,240,R,-13652,-225.07
1650,240,R,-13741,-222.43
1660,240,R,-13830,-222.52
1670,240,R,-13921,-227.50
1680,240,R,-14014,-232.52
1690,240,R,-14107,-232.52
1700,240,R,-14202,-237.43
1710,240,R,-14295,-232.55
1720,240,R,-14387,-230.00
1730,240,R,-14478,-227.52
1740,240,R,-14570,-229.95
1750,240,R,-14661,-227.50
1760,240,R,-14753,-230.05
1770,240,R,-14846,-232.45
1780,240,R,-14937,-227.45
1790,240,R,-15028,-227.59
1800,240,R,-15120,-229.93
1810,240,R,-15212,-230.02
1820,240,R,-15306,-235.05
1830,240,R,-15400,-234.98
1840,240,R,-15494,-235.02
1850,240,R,-15585,-227.45
1860,240,R,-15678,-232.55
1870,240,R,-15769,-227.48
1880,240,R,-15860,-227.50
1890,240,R,-15951,-227.48
1900,240,R,-16041,-225.02
1910,240,R,-16131,-225.02
1920,240,R,-16219,-219.98
1930,240,R,-16311,-229.95
1940,240,R,-16403,-230.00
1950,240,R,-16497,-235.02
1960,240,R,-16591,-234.98
1970,240,R,-16685,-235.07
1980,240,R,-16777,-229.84
1990,240,R,-16868,-227.64
2000,240,R,-16960,-229.93
2010,240,R,-17051,-227.52
2020,240,R,-17143,-230.07
2030,240,R,-17236,-232.48
2040,240,R,-17327,-227.48
2050,240,R,-17417,-224.98
2060,240,R,-17510,-232.57
2070,240,R,-17602,-229.98
2080,240,R,-17696,-235.02
2090,240,R,-17790,-235.00
2100,240,R,-17884,-234.95
2110,240,R,-17975,-227.55
2120,240,R,-18067,-229.98
2130,240,R,-18159,-229.95
2140,240,R,-18249,-225.07
2150,240,R,-18341,-229.93
2160,240,R,-18431,-225.07
2170,240,R,-18521,-225.00
2180,240,R,-18609,-219.98
2190,240,R,-18701,-230.00
2200,240,R,-18793,-229.95
2210,240,R,-18887,-235.07
2220,240,R,-18981,-234.98
2230,240,R,-19075,-234.98
2240,240,R,-19167,-230.00
2250,240,R,-19258,-227.52
2260,240,R,-19350,-229.98
2270,240,R,-19441,-227.52
2280,240,R,-19533,-230.02
2290,240,R,-19625,-229.91
2300,240,R,-19718,-232.52
2310,240,R,-19808,-225.00
2320,240,R,-19900,-230.07
2330,240,R,-19992,-229.95
2340,240,R,-20086,-235.05
2350,240,R,-20180,-234.91
2360,240,R,-20274,-235.02
2370,240,R,-20365,-227.57
2380,240,R,-20458,-232.48
2390,240,R,-20549,-227.43
2400,240,R,-20640,-227.55
2410,240,R,-20731,-227.55
2420,240,R,-20822,-227.45
2430,240,R,-20912,-225.05
2440,240,R,-21001,-222.43
2450,240,R,-21091,-225.05
2460,240,R,-21183,-229.95
2470,240,R,-21277,-235.05
2480,240,R,-21371,-234.93
2490,240,R,-21465,-235.00
2500,240,R,-21557,-230.09
2510,240,R,-21649,-229.91
2520,240,R,-21740,-227.50
2530,240,R,-21832,-230.09
2540,240,R,-21923,-227.43
2550,240,R,-22016,-232.55
2560,240,R,-22108,-229.95
2570,240,R,-22199,-227.50
2580,240,R,-22290,-227.57
2590,240,R,-22383,-232.45
2600,240,R,-22476,-232.55
2610,240,R,-22570,-234.93
2620,240,R,-22665,-237.55
2630,240,R,-22756,-227.50
2640,240,R,-22848,-229.98
2650,240,R,-22942,-235.02
2660,240,R,-23031,-222.46
2670,240,R,-23122,-227.52
2680,240,R,-23213,-227.48
2690,240,R,-23303,-225.00
2700,240,R,-23392,-222.50
2710,240,R,-23482,-225.02
2720,240,R,-23574,-230.00
2730,240,R,-23668,-235.05
2740,240,R,-23762,-234.93
2750,240,R,-23856,-235.00
2760,240,R,-23948,-230.02
2770,240,R,-24040,-229.98
2780,240,R,-24131,-227.55
2790,240,R,-24223,-229.98
2800,240,R,-24314,-227.55
2810,240,R,-24407,-232.45
2820,240,R,-24499,-230.00
2830,240,R,-24590,-227.55
2840,240,R,-24681,-227.45
2850,240,R,-24774,-232.50
2860,240,R,-24867,-232.55
2870,240,R,-24961,-234.95
2880,240,R,-25055,-235.05
2890,240,R,-25146,-227.45
2900,240,R,-25238,-229.95
2910,240,R,-25332,-235.05
2920,240,R,-25421,-222.52
2930,240,R,-25512,-227.50
2940,240,R,-25603,-227.50
2950,240,R,-25693,-224.98
2960,240,R,-25782,-222.54
2970,240,R,-25872,-224.91
2980,240,R,-25964,-230.05
2990,240,R,-26057,-232.50
3000,0,N,-26152,-237.55
3010,0,N,-26245,-232.45
3020,0,N,-26334,-222.50
3030,0,N,-26419,-212.52
3040,0,N,-26503,-210.00
3050,0,N,-26584,-202.44
3060,0,N,-26663,-197.54
3070,0,N,-26741,-194.98
3080,0,N,-26816,-187.54
3090,0,N,-26890,-184.98
3100,0,N,-26960,-175.04
3110,0,N,-27028,-169.95
3120,0,N,-27095,-167.55
3130,0,N,-27160,-162.50
3140,0,N,-27223,-157.44
3150,0,N,-27284,-152.55
3160,0,N,-27344,-149.99
3170,0,N,-27401,-142.49
3180,0,N,-27456,-137.50
3190,0,N,-27509,-132.50
3200,0,N,-27558,-122.52
3210,0,N,-27606,-120.00
3220,0,N,-27653,-117.48
3230,0,N,-27698,-112.52
3240,0,N,-27740,-105.00
3250,0,N,-27781,-102.48
3260,0,N,-27820,-97.53
3270,0,N,-27857,-92.49
3280,0,N,-27893,-90.00
3290,0,N,-27926,-82.50
3300,0,N,-27958,-80.00
3310,0,N,-27988,-75.01
3320,0,N,-28016,-69.99
3330,0,N,-28042,-65.00
3340,0,N,-28067,-62.50
3350,0,N,-28089,-55.01
3360,0,N,-28110,-52.49
3370,0,N,-28129,-47.50
3380,0,N,-28146,-42.51
3390,0,N,-28162,-39.99
3400,0,N,-28177,-37.50
3410,0,N,-28189,-30.00
3420,0,N,-28200,-27.50
3430,0,N,-28210,-25.00
3440,0,N,-28218,-20.01
3450,0,N,-28224,-15.00
3460,0,N,-28229,-12.50
3470,0,N,-28233,-10.00
3480,0,N,-28235,-5.00
3490,0,N,-28237,-5.00
3500,0,N,-28237,0.00
3510,0,N,-28237,0.00
3520,0,N,-28237,0.00
3530,0,N,-28237,0.00
3540,0,N,-28237,0.00
3550,0,N,-28237,0.00
3560,0,N,-28237,0.00
3570,0,N,-28237,0.00
3580,0,N,-28237,0.00
3590,0,N,-28237,0.00
3600,0,N,-28237,0.00
3610,0,N,-28237,0.00
3620,0,N,-28237,0.00
3630,0,N,-28237,0.00
3640,0,N,-28237,0.00
3650,0,N,-28237,0.00
3660,0,N,-28237,0.00
3670,0,N,-28237,0.00
3680,0,N,-28237,0.00
3690,0,N,-28237,0.00
3700,0,N,-28237,0.00
3710,0,N,-28237,0.00
3720,0,N,-28237,0.00
3730,0,N,-28237,0.00
3740,0,N,-28237,0.00
3750,0,N,-28237,0.00
3760,0,N,-28237,0.00
3770,0,N,-28237,0.00
3780,0,N,-28237,0.00
3790,0,N,-28237,0.00
3800,0,N,-28237,0.00
3810,0,N,-28237,0.00
3820,0,N,-28237,0.00
3830,0,N,-28237,0.00
3840,0,N,-28237,0.00
3850,0,N,-28237,0.00
3860,0,N,-28237,0.00
3870,0,N,-28237,0.00
3880,0,N,-28237,0.00
3890,0,N,-28237,0.00
3900,0,N,-28237,0.00
3910,0,N,-28237,0.00
3920,0,N,-28237,0.00
3930,0,N,-28237,0.00
3940,0,N,-28237,0.00
3950,0,N,-28237,0.00
3960,0,N,-28237,0.00
3970,0,N,-28237,0.00
3980,0,N,-28237,0.00
3990,0,N,-28237,0.00
4000,0,N,-28237,0.00
4010,0,N,-28237,0.00
4020,0,N,-28237,0.00
4030,0,N,-28237,0.00
4040,0,N,-28237,0.00
4050,0,N,-28237,0.00
4060,0,N,-28237,0.00
4070,0,N,-28237,0.00
4080,0,N,-28237,0.00
4090,0,N,-28237,0.00
4100,0,N,-28237,0.00
4110,0,N,-28237,0.00
4120,0,N,-28237,0.00
4130,0,N,-28237,0.00
4140,0,N,-28237,0.00
4150,0,N,-28237,0.00
4160,0,N,-28237,0.00
4170,0,N,-28237,0.00
4180,0,N,-28237,0.00
4190,0,N,-28237,0.00
4200,0,N,-28237,0.00
4210,0,N,-28237,0.00
4220,0,N,-28237,0.00
4230,0,N,-28237,0.00
4240,0,N,-28237,0.00
4250,0,N,-28237,0.00
4260,0,N,-28237,0.00
4270,0,N,-28237,0.00
4280,0,N,-28237,0.00
4290,0,N,-28237,0.00
4300,0,N,-28237,0.00
4310,0,N,-28237,0.00
4320,0,N,-28237,0.00
4330,0,N,-28237,0.00
4340,0,N,-28237,0.00
4350,0,N,-28237,0.00
4360,0,N,-28237,0.00
4370,0,N,-28237,0.00
4380,0,N,-28237,0.00
4390,0,N,-28237,0.00
4400,0,N,-28237,0.00
4410,0,N,-28237,0.00
4420,0,N,-28237,0.00
4430,0,N,-28237,0.00
4440,0,N,-28237,0.00
4450,0,N,-28237,0.00
4460,0,N,-28237,0.00
4470,0,N,-28237,0.00
4480,0,N,-28237,0.00
4490,0,N,-28237,0.00
4500,0,N,-28237,0.00
4510,0,N,-28237,0.00
4520,0,N,-28237,0.00
4530,0,N,-28237,0.00
4540,0,N,-28237,0.00
4550,0,N,-28237,0.00
4560,0,N,-28237,0.00
4570,0,N,-28237,0.00
4580,0,N,-28237,0.00
4590,0,N,-28237,0.00
4600,0,N,-28237,0.00
4610,0,N,-28237,0.00
4620,0,N,-28237,0.00
4630,0,N,-28237,0.00
4640,0,N,-28237,0.00
4650,0,N,-28237,0.00
4660,0,N,-28237,0.00
4670,0,N,-28237,0.00
4680,0,N,-28237,0.00
4690,0,N,-28237,0.00
4700,0,N,-28237,0.00
4710,0,N,-28237,0.00
4720,0,N,-28237,0.00
4730,0,N,-28237,0.00
4740,0,N,-28237,0.00
4750,0,N,-28237,0.00
4760,0,N,-28237,0.00
4770,0,N,-28237,0.00
4780,0,N,-28237,0.00
4790,0,N,-28237,0.00
4800,0,N,-28237,0.00
4810,0,N,-28237,0.00
4820,0,N,-28237,0.00
4830,0,N,-28237,0.00
4840,0,N,-28237,0.00
4850,0,N,-28237,0.00
4860,0,N,-28237,0.00
4870,0,N,-28237,0.00
4880,0,N,-28237,0.00
4890,0,N,-28237,0.00
4900,0,N,-28237,0.00
4910,0,N,-28237,0.00
4920,0,N,-28237,0.00
4930,0,N,-28237,0.00
4940,0,N,-28237,0.00
4950,0,N,-28237,0.00
4960,0,N,-28237,0.00
4970,0,N,-28237,0.00
4980,0,N,-28237,0.00
4990,0,N,-28237,0.00
5000,0,N,-28237,0.00
5010,0,N,-28237,0.00
5020,0,N,-28237,0.00
5030,0,N,-28237,0.00
5040,0,N,-28237,0.00
5050,0,N,-28237,0.00
5060,0,N,-28237,0.00
5070,0,N,-28237,0.00
5080,0,N,-28237,0.00
5090,0,N,-28237,0.00
5100,0,N,-28237,0.00
5110,0,N,-28237,0.00
5120,0,N,-28237,0.00
5130,0,N,-28237,0.00
5140,0,N,-28237,0.00
5150,0,N,-28237,0.00
5160,0,N,-28237,0.00
5170,0,N,-28237,0.00
5180,0,N,-28237,0.00
5190,0,N,-28237,0.00
5200,0,N,-28237,0.00
5210,0,N,-28237,0.00
5220,0,N,-28237,0.00
5230,0,N,-28237,0.00
5240,0,N,-28237,0.00
5250,0,N,-28237,0.00
5260,0,N,-28237,0.00
5270,0,N,-28237,0.00
5280,0,N,-28237,0.00
5290,0,N,-28237,0.00
5300,0,N,-28237,0.00
5310,0,N,-28237,0.00
5320,0,N,-28237,0.00
5330,0,N,-28237,0.00
5340,0,N,-28237,0.00
5350,0,N,-28237,0.00
5360,0,N,-28237,0.00
5370,0,N,-28237,0.00
5380,0,N,-28237,0.00
5390,0,N,-28237,0.00
5400,0,N,-28237,0.00
5410,0,N,-28237,0.00
5420,0,N,-28237,0.00
5430,0,N,-28237,0.00
5440,0,N,-28237,0.00
5450,0,N,-28237,0.00
5460,0,N,-28237,0.00
5470,0,N,-28237,0.00
5480,0,N,-28237,0.00
5490,0,N,-28237,0.00
5500,0,N,-28237,0.00
5510,0,N,-28237,0.00
5520,0,N,-28237,0.00
5530,0,N,-28237,0.00
5540,0,N,-28237,0.00
5550,0,N,-28237,0.00
5560,0,N,-28237,0.00
5570,0,N,-28237,0.00
5580,0,N,-28237,0.00
5590,0,N,-28237,0.00
5600,0,N,-28237,0.00
5610,0,N,-28237,0.00
5620,0,N,-28237,0.00
5630,0,N,-28237,0.00
5640,0,N,-28237,0.00
5650,0,N,-28237,0.00
5660,0,N,-28237,0.00
5670,0,N,-28237,0.00
5680,0,N,-28237,0.00
5690,0,N,-28237,0.00
5700,0,N,-28237,0.00
5710,0,N,-28237,0.00
5720,0,N,-28237,0.00
5730,0,N,-28237,0.00
5740,0,N,-28237,0.00
5750,0,N,-28237,0.00
5760,0,N,-28237,0.00
5770,0,N,-28237,0.00
5780,0,N,-28237,0.00
5790,0,N,-28237,0.00
5800,0,N,-28237,0.00
5810,0,N,-28237,0.00
5820,0,N,-28237,0.00
5830,0,N,-28237,0.00
5840,0,N,-28237,0.00
5850,0,N,-28237,0.00
5860,0,N,-28237,0.00
5870,0,N,-28237,0.00
5880,0,N,-28237,0.00
5890,0,N,-28237,0.00
5900,0,N,-28237,0.00
5910,0,N,-28237,0.00
5920,0,N,-28237,0.00
5930,0,N,-28237,0.00
5940,0,N,-28237,0.00
5950,0,N,-28237,0.00
5960,0,N,-28237,0.00
5970,0,N,-28237,0.00
5980,0,N,-28237,0.00
5990,0,N,-28237,0.00
6000,0,N,-28237,0.00
6010,0,N,-28237,0.00
6020,0,N,-28237,0.00
6030,0,N,-28237,0.00
6040,0,N,-28237,0.00
6050,0,N,-28237,0.00
6060,0,N,-28237,0.00
6070,0,N,-28237,0.00
6080,0,N,-28237,0.00
6090,0,N,-28237,0.00
6100,0,N,-28237,0.00
6110,0,N,-28237,0.00
6120,0,N,-28237,0.00
6130,0,N,-28237,0.00
6140,0,N,-28237,0.00
6150,0,N,-28237,0.00
6160,0,N,-28237,0.00
6170,0,N,-28237,0.00
6180,0,N,-28237,0.00
6190,0,N,-28237,0.00
6200,0,N,-28237,0.00
6210,0,N,-28237,0.00
6220,0,N,-28237,0.00
6230,0,N,-28237,0.00
6240,0,N,-28237,0.00
6250,0,N,-28237,0.00
6260,0,N,-28237,0.00
6270,0,N,-28237,0.00
6280,0,N,-28237,0.00
6290,0,N,-28237,0.00
6300,0,N,-28237,0.00
6310,0,N,-28237,0.00
6320,0,N,-28237,0.00
6330,0,N,-28237,0.00
6340,0,N,-28237,0.00
6350,0,N,-28237,0.00
6360,0,N,-28237,0.00
6370,0,N,-28237,0.00
6380,0,N,-28237,0.00
6390,0,N,-28237,0.00
6400,0,N,-28237,0.00
6410,0,N,-28237,0.00
6420,0,N,-28237,0.00
6430,0,N,-28237,0.00
6440,0,N,-28237,0.00
6450,0,N,-28237,0.00
6460,0,N,-28237,0.00
6470,0,N,-28237,0.00
6480,0,N,-28237,0.00
6490,0,N,-28237,0.00
6500,0,N,-28237,0.00
6510,0,N,-28237,0.00
6520,0,N,-28237,0.00
6530,0,N,-28237,0.00
6540,0,N,-28237,0.00
6550,0,N,-28237,0.00
6560,0,N,-28237,0.00
6570,0,N,-28237,0.00
6580,0,N,-28237,0.00
6590,0,N,-28237,0.00
6600,0,N,-28237,0.00
6610,0,N,-28237,0.00
6620,0,N,-28237,0.00
6630,0,N,-28237,0.00
6640,0,N,-28237,0.00
6650,0,N,-28237,0.00
6660,0,N,-28237,0.00
6670,0,N,-28237,0.00
6680,0,N,-28237,0.00
6690,0,N,-28237,0.00
6700,0,N,-28237,0.00
6710,0,N,-28237,0.00
6720,0,N,-28237,0.00
6730,0,N,-28237,0.00
6740,0,N,-28237,0.00
6750,0,N,-28237,0.00
6760,0,N,-28237,0.00
6770,0,N,-28237,0.00
6780,0,N,-28237,0.00
6790,0,N,-28237,0.00
6800,0,N,-28237,0.00
6810,0,N,-28237,0.00
6820,0,N,-28237,0.00
6830,0,N,-28237,0.00
6840,0,N,-28237,0.00
6850,0,N,-28237,0.00
6860,0,N,-28237,0.00
6870,0,N,-28237,0.00
6880,0,N,-28237,0.00
6890,0,N,-28237,0.00
6900,0,N,-28237,0.00
6910,0,N,-28237,0.00
6920,0,N,-28237,0.00
6930,0,N,-28237,0.00
6940,0,N,-28237,0.00
6950,0,N,-28237,0.00
6960,0,N,-28237,0.00
6970,0,N,-28237,0.00
6980,0,N,-28237,0.00
6990,0,N,-28237,0.00
7000,0,N,-28237,0.00
7010,0,N,-28237,0.00
7020,0,N,-28237,0.00
7030,0,N,-28237,0.00
7040,0,N,-28237,0.00
7050,0,N,-28237,0.00
7060,0,N,-28237,0.00
7070,0,N,-28237,0.00
7080,0,N,-28237,0.00
7090,0,N,-28237,0.00
7100,0,N,-28237,0.00
7110,0,N,-28237,0.00
7120,0,N,-28237,0.00
7130,0,N,-28237,0.00
7140,0,N,-28237,0.00
7150,0,N,-28237,0.00
7160,0,N,-28237,0.00
7170,0,N,-28237,0.00
7180,0,N,-28237,0.00
7190,0,N,-28237,0.00
7200,0,N,-28237,0.00
7210,0,N,-28237,0.00
7220,0,N,-28237,0.00
7230,0,N,-28237,0.00
7240,0,N,-28237,0.00
7250,0,N,-28237,0.00
7260,0,N,-28237,0.00
7270,0,N,-28237,0.00
7280,0,N,-28237,0.00
7290,0,N,-28237,0.00
7300,0,N,-28237,0.00
7310,0,N,-28237,0.00
7320,0,N,-28237,0.00
7330,0,N,-28237,0.00
7340,0,N,-28237,0.00
7350,0,N,-28237,0.00
7360,0,N,-28237,0.00
7370,0,N,-28237,0.00
7380,0,N,-28237,0.00
7390,0,N,-28237,0.00
7400,0,N,-28237,0.00
7410,0,N,-28237,0.00
7420,0,N,-28237,0.00
7430,0,N,-28237,0.00
7440,0,N,-28237,0.00
7450,0,N,-28237,0.00
7460,0,N,-28237,0.00
7470,0,N,-28237,0.00
7480,0,N,-28237,0.00
7490,0,N,-28237,0.00
7500,0,N,-28237,0.00
7510,0,N,-28237,0.00
7520,0,N,-28237,0.00
7530,0,N,-28237,0.00
7540,0,N,-28237,0.00
7550,0,N,-28237,0.00
7560,0,N,-28237,0.00
7570,0,N,-28237,0.00
7580,0,N,-28237,0.00
7590,0,N,-28237,0.00
7600,0,N,-28237,0.00
7610,0,N,-28237,0.00
7620,0,N,-28237,0.00
7630,0,N,-28237,0.00
7640,0,N,-28237,0.00
7650,0,N,-28237,0.00
7660,0,N,-28237,0.00
7670,0,N,-28237,0.00
7680,0,N,-28237,0.00
7690,0,N,-28237,0.00
7700,0,N,-28237,0.00
7710,0,N,-28237,0.00
7720,0,N,-28237,0.00
7730,0,N,-28237,0.00
7740,0,N,-28237,0.00
7750,0,N,-28237,0.00
7760,0,N,-28237,0.00
7770,0,N,-28237,0.00
7780,0,N,-28237,0.00
7790,0,N,-28237,0.00
7800,0,N,-28237,0.00
7810,0,N,-28237,0.00
7820,0,N,-28237,0.00
7830,0,N,-28237,0.00
7840,0,N,-28237,0.00
7850,0,N,-28237,0.00
7860,0,N,-28237,0.00
7870,0,N,-28237,0.00
7880,0,N,-28237,0.00
7890,0,N,-28237,0.00
7900,0,N,-28237,0.00
7910,0,N,-28237,0.00
7920,0,N,-28237,0.00
7930,0,N,-28237,0.00
7940,0,N,-28237,0.00
7950,0,N,-28237,0.00
7960,0,N,-28237,0.00
7970,0,N,-28237,0.00
7980,0,N,-28237,0.00
7990,0,N,-28237,0.00
=== END ===
# Trial 27 of 30: step_down_rev_240to0_run03
=== START step_down_rev_240to0_run03 ===
t_ms,pwm_cmd,dir,enc_count,rpm
0,240,R,0,0.00
10,240,R,-2,-5.00
20,240,R,-9,-17.49
30,240,R,-19,-25.00
40,240,R,-32,-32.50
50,240,R,-49,-42.50
60,240,R,-69,-50.01
70,240,R,-92,-57.49
80,240,R,-119,-67.49
90,240,R,-149,-75.03
100,240,R,-182,-82.49
110,240,R,-218,-90.00
120,240,R,-259,-102.50
130,240,R,-302,-107.49
140,240,R,-348,-115.02
150,240,R,-397,-122.49
160,240,R,-449,-130.01
170,240,R,-503,-134.96
180,240,R,-560,-142.54
190,240,R,-620,-149.99
200,240,R,-682,-155.00
210,240,R,-746,-159.98
220,240,R,-812,-165.00
230,240,R,-881,-172.53
240,240,R,-953,-179.95
250,240,R,-1027,-184.98
260,240,R,-1100,-182.57
270,240,R,-1175,-187.44
280,240,R,-1251,-190.00
290,240,R,-1330,-197.50
300,240,R,-1410,-200.02
310,240,R,-1493,-207.54
320,240,R,-1577,-209.96
330,240,R,-1661,-210.02
340,240,R,-1744,-207.52
350,240,R,-1838,-234.91
360,240,R,-1922,-210.00
370,240,R,-2006,-210.04
380,240,R,-2084,-195.04
390,240,R,-2170,-214.96
400,240,R,-2254,-210.04
410,240,R,-2339,-212.42
420,240,R,-2425,-215.09
430,240,R,-2513,-220.00
440,240,R,-2602,-222.43
450,240,R,-2693,-227.52
460,240,R,-2784,-227.55
470,240,R,-2875,-227.50
480,240,R,-2964,-222.43
490,240,R,-3053,-222.54
500,240,R,-3143,-224.87
510,240,R,-3232,-222.66
520,240,R,-3322,-225.00
530,240,R,-3413,-227.43
540,240,R,-3503,-225.02
550,240,R,-3591,-219.98
560,240,R,-3682,-227.55
570,240,R,-3773,-227.52
580,240,R,-3866,-232.48
590,240,R,-3960,-235.02
600,240,R,-4052,-229.98
610,240,R,-4143,-227.52
620,240,R,-4244,-252.45
630,240,R,-4334,-225.00
640,240,R,-4416,-205.00
650,240,R,-4507,-227.50
660,240,R,-4597,-224.98
670,240,R,-4686,-222.50
680,240,R,-4774,-220.04
690,240,R,-4864,-224.93
700,240,R,-4956,-230.00
710,240,R,-5049,-232.55
720,240,R,-5142,-232.48
730,240,R,-5236,-235.00
740,240,R,-5327,-227.55
750,240,R,-5418,-227.45
760,240,R,-5509,-227.48
770,240,R,-5600,-227.57
780,240,R,-5691,-227.52
790,240,R,-5783,-229.98
800,240,R,-5875,-229.98
810,240,R,-5965,-225.05
820,240,R,-6056,-227.48
830,240,R,-6148,-229.95
840,240,R,-6241,-232.57
850,240,R,-6335,-234.95
860,240,R,-6429,-235.00
870,240,R,-6520,-227.50
880,240,R,-6619,-247.48
890,240,R,-6712,-232.55
900,240,R,-6796,-209.98
910,240,R,-6887,-227.55
920,240,R,-6978,-227.43
930,240,R,-7067,-222.50
940,240,R,-7155,-220.07
950,240,R,-7245,-224.91
960,240,R,-7337,-230.05
970,240,R,-7430,-232.41
980,240,R,-7523,-232.64
990,240,R,-7617,-234.93
1000,240,R,-7709,-230.00
1010,240,R,-7800,-227.50
1020,240,R,-7891,-227.48
1030,240,R,-7982,-227.57
1040,240,R,-8073,-227.52
1050,240,R,-8166,-232.43
1060,240,R,-8258,-230.00
1070,240,R,-8348,-225.00
1080,240,R,-8439,-227.45
1090,240,R,-8531,-230.12
1100,240,R,-8623,-229.98
1110,240,R,-8718,-237.43
1120,240,R,-8812,-235.07
1130,240,R,-8904,-229.98
1140,240,R,-9001,-242.55
1150,240,R,-9097,-240.00
1160,240,R,-9182,-212.44
1170,240,R,-9271,-222.54
1180,240,R,-9362,-227.52
1190,240,R,-9451,-222.46
1200,240,R,-9540,-222.48
1210,240,R,-9629,-222.57
1220,240,R,-9721,-229.93
1230,240,R,-9813,-230.00
1240,240,R,-9907,-234.98
1250,240,R,-10001,-235.00
1260,240,R,-10093,-230.02
1270,240,R,-10184,-227.55
1280,240,R,-10276,-230.00
1290,240,R,-10367,-227.45
1300,240,R,-10459,-230.05
1310,240,R,-10551,-230.00
1320,240,R,-10643,-229.95
1330,240,R,-10733,-225.02
1340,240,R,-10824,-227.50
1350,240,R,-10916,-230.00
1360,240,R,-11008,-230.05
1370,240,R,-11103,-237.45
1380,240,R,-11197,-235.02
1390,240,R,-11289,-229.93
1400,240,R,-11385,-240.10
1410,240,R,-11483,-244.95
1420,240,R,-11573,-225.02
1430,240,R,-11657,-209.94
1440,240,R,-11748,-227.57
1450,240,R,-11838,-225.02
1460,240,R,-11926,-219.98
1470,240,R,-12015,-222.48
1480,240,R,-12107,-230.02
1490,240,R,-12199,-229.98
1500,240,R,-12293,-234.86
1510,240,R,-12386,-232.62
1520,240,R,-12479,-232.50
1530,240,R,-12570,-227.57
1540,240,R,-12662,-229.95
1550,240,R,-12753,-227.52
1560,240,R,-12845,-229.93
1570,240,R,-12936,-227.59
1580,240,R,-13029,-232.50
1590,240,R,-13119,-224.93
1600,240,R,-13210,-227.57
1610,240,R,-13301,-227.50
1620,240,R,-13395,-234.98
1630,240,R,-13488,-232.48
1640,240,R,-13583,-237.48
1650,240,R,-13676,-232.50
1660,240,R,-13769,-232.52
1670,240,R,-13870,-252.53
1680,240,R,-13960,-224.98
1690,240,R,-14047,-217.50
1700,240,R,-14134,-217.52
1710,240,R,-14225,-227.52
1720,240,R,-14313,-219.98
1730,240,R,-14402,-222.46
1740,240,R,-14493,-227.57
1750,240,R,-14586,-232.48
1760,240,R,-14680,-235.00
1770,240,R,-14774,-234.98
1780,240,R,-14867,-232.48
1790,240,R,-14959,-230.07
1800,240,R,-15050,-227.43
1810,240,R,-15142,-230.02
1820,240,R,-15233,-227.48
1830,240,R,-15326,-232.48
1840,240,R,-15419,-232.38
1850,240,R,-15510,-227.70
1860,240,R,-15600,-225.00
1870,240,R,-15692,-229.98
1880,240,R,-15785,-232.45
1890,240,R,-15879,-234.93
1900,240,R,-15973,-235.12
1910,240,R,-16067,-235.02
1920,240,R,-16159,-229.93
1930,240,R,-16254,-237.48
1940,240,R,-16351,-242.60
1950,240,R,-16435,-209.96
1960,240,R,-16526,-227.52
1970,240,R,-16616,-225.02
1980,240,R,-16705,-222.50
1990,240,R,-16794,-222.48
2000,240,R,-16885,-227.45
2010,240,R,-16978,-232.52
2020,240,R,-17071,-232.50
2030,240,R,-17166,-237.50
2040,240,R,-17259,-232.48
2050,240,R,-17351,-230.02
2060,240,R,-17443,-230.02
2070,240,R,-17535,-229.98
2080,240,R,-17626,-227.52
2090,240,R,-17719,-232.50
2100,240,R,-17812,-232.48
2110,240,R,-17903,-227.45
2120,240,R,-17994,-227.59
2130,240,R,-18086,-229.91
2140,240,R,-18179,-232.59
2150,240,R,-18273,-234.86
2160,240,R,-18367,-235.14
2170,240,R,-18461,-235.00
2180,240,R,-18553,-229.95
2190,240,R,-18647,-234.95
2200,240,R,-18747,-250.05
2210,240,R,-18829,-204.98
2220,240,R,-18920,-227.57
2230,240,R,-19011,-227.48
2240,240,R,-19100,-222.48
2250,240,R,-19189,-222.52
2260,240,R,-19280,-227.52
2270,240,R,-19373,-232.50
2280,240,R,-19467,-234.91
2290,240,R,-19562,-237.52
2300,240,R,-19655,-232.57
2310,240,R,-19747,-230.00
2320,240,R,-19839,-230.00
2330,240,R,-19932,-232.50
2340,240,R,-20023,-227.45
2350,240,R,-20115,-230.05
2360,240,R,-20208,-232.45
2370,240,R,-20299,-227.55
2380,240,R,-20390,-227.45
2390,240,R,-20482,-229.98
2400,240,R,-20576,-234.86
2410,240,R,-20669,-232.64
2420,240,R,-20764,-237.57
2430,240,R,-20858,-234.93
2440,240,R,-20949,-227.55
2450,240,R,-21043,-235.02
2460,240,R,-21144,-252.35
2470,240,R,-21225,-202.56
2480,240,R,-21317,-230.05
2490,240,R,-21408,-227.50
2500,240,R,-21497,-222.46
2510,240,R,-21586,-222.54
2520,240,R,-21677,-227.52
2530,240,R,-21771,-234.91
2540,240,R,-21864,-232.50
2550,240,R,-21959,-237.57
2560,240,R,-22053,-234.95
2570,240,R,-22145,-230.07
2580,240,R,-22237,-229.98
2590,240,R,-22330,-232.50
2600,240,R,-22421,-227.50
2610,240,R,-22514,-232.50
2620,240,R,-22606,-229.98
2630,240,R,-22698,-230.02
2640,240,R,-22789,-227.45
2650,240,R,-22881,-230.00
2660,240,R,-22974,-232.52
2670,240,R,-23068,-235.05
2680,240,R,-23163,-237.48
2690,240,R,-23257,-235.00
2700,240,R,-23349,-229.95
2710,240,R,-23443,-235.05
2720,240,R,-23543,-250.00
2730,240,R,-23625,-204.98
2740,240,R,-23717,-230.02
2750,240,R,-23808,-227.52
2760,240,R,-23897,-222.43
2770,240,R,-23986,-222.50
2780,240,R,-24077,-227.57
2790,240,R,-24170,-232.43
2800,240,R,-24264,-235.00
2810,240,R,-24359,-237.52
2820,240,R,-24452,-232.48
2830,240,R,-24545,-232.38
2840,240,R,-24636,-227.64
2850,240,R,-24729,-232.50
2860,240,R,-24820,-227.55
2870,240,R,-24912,-229.95
2880,240,R,-25005,-232.48
2890,240,R,-25097,-230.02
2900,240,R,-25188,-227.52
2910,240,R,-25280,-229.95
2920,240,R,-25373,-232.52
2930,240,R,-25467,-235.05
2940,240,R,-25562,-237.50
2950,240,R,-25656,-234.91
2960,240,R,-25747,-227.57
2970,240,R,-25841,-234.98
2980,240,R,-25942,-252.32
2990,240,R,-26023,-202.66
3000,0,N,-26116,-232.45
3010,0,N,-26205,-222.52
3020,0,N,-26291,-215.02
3030,0,N,-26375,-210.00
3040,0,N,-26458,-207.48
3050,0,N,-26540,-205.02
3060,0,N,-26621,-202.44
3070,0,N,-26702,-202.52
3080,0,N,-26779,-192.52
3090,0,N,-26853,-185.00
3100,0,N,-26924,-177.48
3110,0,N,-26993,-172.53
3120,0,N,-27060,-167.50
3130,0,N,-27126,-165.02
3140,0,N,-27188,-155.00
3150,0,N,-27249,-152.50
3160,0,N,-27308,-147.49
3170,0,N,-27365,-142.49
3180,0,N,-27421,-139.99
3190,0,N,-27474,-132.53
3200,0,N,-27524,-125.00
3210,0,N,-27572,-120.01
3220,0,N,-27620,-119.96
3230,0,N,-27664,-110.00
3240,0,N,-27707,-107.53
3250,0,N,-27749,-104.99
3260,0,N,-27788,-97.49
3270,0,N,-27826,-95.00
3280,0,N,-27862,-90.02
3290,0,N,-27896,-85.00
3300,0,N,-27929,-82.48
3310,0,N,-27959,-74.99
3320,0,N,-27988,-72.51
3330,0,N,-28014,-65.01
3340,0,N,-28039,-62.49
3350,0,N,-28062,-57.51
3360,0,N,-28083,-52.49
3370,0,N,-28102,-47.50
3380,0,N,-28120,-45.00
3390,0,N,-28137,-42.49
3400,0,N,-28151,-35.00
3410,0,N,-28165,-35.01
3420,0,N,-28177,-29.99
3430,0,N,-28187,-25.00
3440,0,N,-28196,-22.50
3450,0,N,-28205,-22.50
3460,0,N,-28212,-17.50
3470,0,N,-28217,-12.50
3480,0,N,-28221,-10.00
3490,0,N,-28223,-5.00
3500,0,N,-28225,-5.00
3510,0,N,-28225,0.00
3520,0,N,-28225,0.00
3530,0,N,-28225,0.00
3540,0,N,-28225,0.00
3550,0,N,-28225,0.00
3560,0,N,-28225,0.00
3570,0,N,-28225,0.00
3580,0,N,-28225,0.00
3590,0,N,-28225,0.00
3600,0,N,-28225,0.00
3610,0,N,-28225,0.00
3620,0,N,-28225,0.00
3630,0,N,-28225,0.00
3640,0,N,-28225,0.00
3650,0,N,-28225,0.00
3660,0,N,-28225,0.00
3670,0,N,-28225,0.00
3680,0,N,-28225,0.00
3690,0,N,-28225,0.00
3700,0,N,-28225,0.00
3710,0,N,-28225,0.00
3720,0,N,-28225,0.00
3730,0,N,-28225,0.00
3740,0,N,-28225,0.00
3750,0,N,-28225,0.00
3760,0,N,-28225,0.00
3770,0,N,-28225,0.00
3780,0,N,-28225,0.00
3790,0,N,-28225,0.00
3800,0,N,-28225,0.00
3810,0,N,-28225,0.00
3820,0,N,-28225,0.00
3830,0,N,-28225,0.00
3840,0,N,-28225,0.00
3850,0,N,-28225,0.00
3860,0,N,-28225,0.00
3870,0,N,-28225,0.00
3880,0,N,-28225,0.00
3890,0,N,-28225,0.00
3900,0,N,-28225,0.00
3910,0,N,-28225,0.00
3920,0,N,-28225,0.00
3930,0,N,-28225,0.00
3940,0,N,-28225,0.00
3950,0,N,-28225,0.00
3960,0,N,-28225,0.00
3970,0,N,-28225,0.00
3980,0,N,-28225,0.00
3990,0,N,-28225,0.00
4000,0,N,-28225,0.00
4010,0,N,-28225,0.00
4020,0,N,-28225,0.00
4030,0,N,-28225,0.00
4040,0,N,-28225,0.00
4050,0,N,-28225,0.00
4060,0,N,-28225,0.00
4070,0,N,-28225,0.00
4080,0,N,-28225,0.00
4090,0,N,-28225,0.00
4100,0,N,-28225,0.00
4110,0,N,-28225,0.00
4120,0,N,-28225,0.00
4130,0,N,-28225,0.00
4140,0,N,-28225,0.00
4150,0,N,-28225,0.00
4160,0,N,-28225,0.00
4170,0,N,-28225,0.00
4180,0,N,-28225,0.00
4190,0,N,-28225,0.00
4200,0,N,-28225,0.00
4210,0,N,-28225,0.00
4220,0,N,-28225,0.00
4230,0,N,-28225,0.00
4240,0,N,-28225,0.00
4250,0,N,-28225,0.00
4260,0,N,-28225,0.00
4270,0,N,-28225,0.00
4280,0,N,-28225,0.00
4290,0,N,-28225,0.00
4300,0,N,-28225,0.00
4310,0,N,-28225,0.00
4320,0,N,-28225,0.00
4330,0,N,-28225,0.00
4340,0,N,-28225,0.00
4350,0,N,-28225,0.00
4360,0,N,-28225,0.00
4370,0,N,-28225,0.00
4380,0,N,-28225,0.00
4390,0,N,-28225,0.00
4400,0,N,-28225,0.00
4410,0,N,-28225,0.00
4420,0,N,-28225,0.00
4430,0,N,-28225,0.00
4440,0,N,-28225,0.00
4450,0,N,-28225,0.00
4460,0,N,-28225,0.00
4470,0,N,-28225,0.00
4480,0,N,-28225,0.00
4490,0,N,-28225,0.00
4500,0,N,-28225,0.00
4510,0,N,-28225,0.00
4520,0,N,-28225,0.00
4530,0,N,-28225,0.00
4540,0,N,-28225,0.00
4550,0,N,-28225,0.00
4560,0,N,-28225,0.00
4570,0,N,-28225,0.00
4580,0,N,-28225,0.00
4590,0,N,-28225,0.00
4600,0,N,-28225,0.00
4610,0,N,-28225,0.00
4620,0,N,-28225,0.00
4630,0,N,-28225,0.00
4640,0,N,-28225,0.00
4650,0,N,-28225,0.00
4660,0,N,-28225,0.00
4670,0,N,-28225,0.00
4680,0,N,-28225,0.00
4690,0,N,-28225,0.00
4700,0,N,-28225,0.00
4710,0,N,-28225,0.00
4720,0,N,-28225,0.00
4730,0,N,-28225,0.00
4740,0,N,-28225,0.00
4750,0,N,-28225,0.00
4760,0,N,-28225,0.00
4770,0,N,-28225,0.00
4780,0,N,-28225,0.00
4790,0,N,-28225,0.00
4800,0,N,-28225,0.00
4810,0,N,-28225,0.00
4820,0,N,-28225,0.00
4830,0,N,-28225,0.00
4840,0,N,-28225,0.00
4850,0,N,-28225,0.00
4860,0,N,-28225,0.00
4870,0,N,-28225,0.00
4880,0,N,-28225,0.00
4890,0,N,-28225,0.00
4900,0,N,-28225,0.00
4910,0,N,-28225,0.00
4920,0,N,-28225,0.00
4930,0,N,-28225,0.00
4940,0,N,-28225,0.00
4950,0,N,-28225,0.00
4960,0,N,-28225,0.00
4970,0,N,-28225,0.00
4980,0,N,-28225,0.00
4990,0,N,-28225,0.00
5000,0,N,-28225,0.00
5010,0,N,-28225,0.00
5020,0,N,-28225,0.00
5030,0,N,-28225,0.00
5040,0,N,-28225,0.00
5050,0,N,-28225,0.00
5060,0,N,-28225,0.00
5070,0,N,-28225,0.00
5080,0,N,-28225,0.00
5090,0,N,-28226,-2.50
5100,0,N,-28226,0.00
5110,0,N,-28226,0.00
5120,0,N,-28226,0.00
5130,0,N,-28226,0.00
5140,0,N,-28226,0.00
5150,0,N,-28226,0.00
5160,0,N,-28226,0.00
5170,0,N,-28226,0.00
5180,0,N,-28226,0.00
5190,0,N,-28226,0.00
5200,0,N,-28226,0.00
5210,0,N,-28226,0.00
5220,0,N,-28226,0.00
5230,0,N,-28226,0.00
5240,0,N,-28226,0.00
5250,0,N,-28226,0.00
5260,0,N,-28226,0.00
5270,0,N,-28226,0.00
5280,0,N,-28226,0.00
5290,0,N,-28226,0.00
5300,0,N,-28226,0.00
5310,0,N,-28226,0.00
5320,0,N,-28226,0.00
5330,0,N,-28226,0.00
5340,0,N,-28226,0.00
5350,0,N,-28226,0.00
5360,0,N,-28226,0.00
5370,0,N,-28226,0.00
5380,0,N,-28226,0.00
5390,0,N,-28226,0.00
5400,0,N,-28226,0.00
5410,0,N,-28226,0.00
5420,0,N,-28226,0.00
5430,0,N,-28226,0.00
5440,0,N,-28226,0.00
5450,0,N,-28226,0.00
5460,0,N,-28226,0.00
5470,0,N,-28226,0.00
5480,0,N,-28226,0.00
5490,0,N,-28226,0.00
5500,0,N,-28226,0.00
5510,0,N,-28226,0.00
5520,0,N,-28226,0.00
5530,0,N,-28226,0.00
5540,0,N,-28226,0.00
5550,0,N,-28226,0.00
5560,0,N,-28226,0.00
5570,0,N,-28226,0.00
5580,0,N,-28226,0.00
5590,0,N,-28226,0.00
5600,0,N,-28226,0.00
5610,0,N,-28226,0.00
5620,0,N,-28226,0.00
5630,0,N,-28226,0.00
5640,0,N,-28226,0.00
5650,0,N,-28226,0.00
5660,0,N,-28226,0.00
5670,0,N,-28226,0.00
5680,0,N,-28226,0.00
5690,0,N,-28226,0.00
5700,0,N,-28226,0.00
5710,0,N,-28226,0.00
5720,0,N,-28226,0.00
5730,0,N,-28226,0.00
5740,0,N,-28226,0.00
5750,0,N,-28226,0.00
5760,0,N,-28226,0.00
5770,0,N,-28226,0.00
5780,0,N,-28226,0.00
5790,0,N,-28226,0.00
5800,0,N,-28226,0.00
5810,0,N,-28226,0.00
5820,0,N,-28226,0.00
5830,0,N,-28226,0.00
5840,0,N,-28226,0.00
5850,0,N,-28226,0.00
5860,0,N,-28226,0.00
5870,0,N,-28226,0.00
5880,0,N,-28226,0.00
5890,0,N,-28226,0.00
5900,0,N,-28226,0.00
5910,0,N,-28226,0.00
5920,0,N,-28226,0.00
5930,0,N,-28226,0.00
5940,0,N,-28226,0.00
5950,0,N,-28226,0.00
5960,0,N,-28226,0.00
5970,0,N,-28226,0.00
5980,0,N,-28226,0.00
5990,0,N,-28226,0.00
6000,0,N,-28226,0.00
6010,0,N,-28226,0.00
6020,0,N,-28226,0.00
6030,0,N,-28226,0.00
6040,0,N,-28226,0.00
6050,0,N,-28226,0.00
6060,0,N,-28226,0.00
6070,0,N,-28226,0.00
6080,0,N,-28226,0.00
6090,0,N,-28226,0.00
6100,0,N,-28226,0.00
6110,0,N,-28226,0.00
6120,0,N,-28226,0.00
6130,0,N,-28226,0.00
6140,0,N,-28226,0.00
6150,0,N,-28226,0.00
6160,0,N,-28226,0.00
6170,0,N,-28226,0.00
6180,0,N,-28226,0.00
6190,0,N,-28226,0.00
6200,0,N,-28226,0.00
6210,0,N,-28226,0.00
6220,0,N,-28226,0.00
6230,0,N,-28226,0.00
6240,0,N,-28226,0.00
6250,0,N,-28226,0.00
6260,0,N,-28226,0.00
6270,0,N,-28226,0.00
6280,0,N,-28226,0.00
6290,0,N,-28226,0.00
6300,0,N,-28226,0.00
6310,0,N,-28226,0.00
6320,0,N,-28226,0.00
6330,0,N,-28226,0.00
6340,0,N,-28226,0.00
6350,0,N,-28226,0.00
6360,0,N,-28226,0.00
6370,0,N,-28226,0.00
6380,0,N,-28226,0.00
6390,0,N,-28226,0.00
6400,0,N,-28226,0.00
6410,0,N,-28226,0.00
6420,0,N,-28226,0.00
6430,0,N,-28226,0.00
6440,0,N,-28226,0.00
6450,0,N,-28226,0.00
6460,0,N,-28226,0.00
6470,0,N,-28226,0.00
6480,0,N,-28226,0.00
6490,0,N,-28226,0.00
6500,0,N,-28226,0.00
6510,0,N,-28226,0.00
6520,0,N,-28226,0.00
6530,0,N,-28226,0.00
6540,0,N,-28226,0.00
6550,0,N,-28226,0.00
6560,0,N,-28226,0.00
6570,0,N,-28226,0.00
6580,0,N,-28226,0.00
6590,0,N,-28226,0.00
6600,0,N,-28226,0.00
6610,0,N,-28226,0.00
6620,0,N,-28226,0.00
6630,0,N,-28226,0.00
6640,0,N,-28226,0.00
6650,0,N,-28226,0.00
6660,0,N,-28226,0.00
6670,0,N,-28226,0.00
6680,0,N,-28226,0.00
6690,0,N,-28226,0.00
6700,0,N,-28226,0.00
6710,0,N,-28226,0.00
6720,0,N,-28226,0.00
6730,0,N,-28226,0.00
6740,0,N,-28226,0.00
6750,0,N,-28226,0.00
6760,0,N,-28226,0.00
6770,0,N,-28226,0.00
6780,0,N,-28226,0.00
6790,0,N,-28226,0.00
6800,0,N,-28226,0.00
6810,0,N,-28226,0.00
6820,0,N,-28226,0.00
6830,0,N,-28226,0.00
6840,0,N,-28226,0.00
6850,0,N,-28226,0.00
6860,0,N,-28226,0.00
6870,0,N,-28226,0.00
6880,0,N,-28226,0.00
6890,0,N,-28226,0.00
6900,0,N,-28226,0.00
6910,0,N,-28226,0.00
6920,0,N,-28226,0.00
6930,0,N,-28226,0.00
6940,0,N,-28226,0.00
6950,0,N,-28226,0.00
6960,0,N,-28226,0.00
6970,0,N,-28226,0.00
6980,0,N,-28226,0.00
6990,0,N,-28226,0.00
7000,0,N,-28226,0.00
7010,0,N,-28226,0.00
7020,0,N,-28226,0.00
7030,0,N,-28226,0.00
7040,0,N,-28226,0.00
7050,0,N,-28226,0.00
7060,0,N,-28226,0.00
7070,0,N,-28226,0.00
7080,0,N,-28226,0.00
7090,0,N,-28226,0.00
7100,0,N,-28226,0.00
7110,0,N,-28226,0.00
7120,0,N,-28226,0.00
7130,0,N,-28226,0.00
7140,0,N,-28226,0.00
7150,0,N,-28226,0.00
7160,0,N,-28226,0.00
7170,0,N,-28226,0.00
7180,0,N,-28226,0.00
7190,0,N,-28226,0.00
7200,0,N,-28226,0.00
7210,0,N,-28226,0.00
7220,0,N,-28226,0.00
7230,0,N,-28226,0.00
7240,0,N,-28226,0.00
7250,0,N,-28226,0.00
7260,0,N,-28226,0.00
7270,0,N,-28226,0.00
7280,0,N,-28226,0.00
7290,0,N,-28226,0.00
7300,0,N,-28226,0.00
7310,0,N,-28226,0.00
7320,0,N,-28226,0.00
7330,0,N,-28226,0.00
7340,0,N,-28226,0.00
7350,0,N,-28226,0.00
7360,0,N,-28226,0.00
7370,0,N,-28226,0.00
7380,0,N,-28226,0.00
7390,0,N,-28226,0.00
7400,0,N,-28226,0.00
7410,0,N,-28226,0.00
7420,0,N,-28226,0.00
7430,0,N,-28226,0.00
7440,0,N,-28226,0.00
7450,0,N,-28226,0.00
7460,0,N,-28226,0.00
7470,0,N,-28226,0.00
7480,0,N,-28226,0.00
7490,0,N,-28226,0.00
7500,0,N,-28226,0.00
7510,0,N,-28226,0.00
7520,0,N,-28226,0.00
7530,0,N,-28226,0.00
7540,0,N,-28226,0.00
7550,0,N,-28226,0.00
7560,0,N,-28226,0.00
7570,0,N,-28226,0.00
7580,0,N,-28226,0.00
7590,0,N,-28226,0.00
7600,0,N,-28226,0.00
7610,0,N,-28226,0.00
7620,0,N,-28226,0.00
7630,0,N,-28226,0.00
7640,0,N,-28226,0.00
7650,0,N,-28226,0.00
7660,0,N,-28226,0.00
7670,0,N,-28226,0.00
7680,0,N,-28226,0.00
7690,0,N,-28226,0.00
7700,0,N,-28226,0.00
7710,0,N,-28226,0.00
7720,0,N,-28226,0.00
7730,0,N,-28226,0.00
7740,0,N,-28226,0.00
7750,0,N,-28226,0.00
7760,0,N,-28226,0.00
7770,0,N,-28226,0.00
7780,0,N,-28226,0.00
7790,0,N,-28226,0.00
7800,0,N,-28226,0.00
7810,0,N,-28226,0.00
7820,0,N,-28226,0.00
7830,0,N,-28226,0.00
7840,0,N,-28226,0.00
7850,0,N,-28226,0.00
7860,0,N,-28226,0.00
7870,0,N,-28226,0.00
7880,0,N,-28226,0.00
7890,0,N,-28226,0.00
7900,0,N,-28226,0.00
7910,0,N,-28226,0.00
7920,0,N,-28226,0.00
7930,0,N,-28226,0.00
7940,0,N,-28226,0.00
7950,0,N,-28226,0.00
7960,0,N,-28226,0.00
7970,0,N,-28226,0.00
7980,0,N,-28226,0.00
7990,0,N,-28226,0.00
=== END ===
# Trial 28 of 30: step_down_rev_240to160_run01
=== START step_down_rev_240to160_run01 ===
t_ms,pwm_cmd,dir,enc_count,rpm
0,240,R,0,0.00
10,240,R,-2,-5.00
20,240,R,-10,-20.00
30,240,R,-23,-32.50
40,240,R,-45,-54.99
50,240,R,-65,-49.99
60,240,R,-79,-35.01
70,240,R,-106,-67.49
80,240,R,-136,-75.01
90,240,R,-169,-82.48
100,240,R,-204,-87.50
110,240,R,-244,-100.00
120,240,R,-286,-105.02
130,240,R,-331,-112.50
140,240,R,-379,-119.99
150,240,R,-430,-127.53
160,240,R,-483,-132.46
170,240,R,-539,-139.99
180,240,R,-598,-147.51
190,240,R,-661,-157.50
200,240,R,-728,-167.40
210,240,R,-796,-170.12
220,240,R,-867,-177.54
230,240,R,-941,-184.96
240,240,R,-1015,-184.98
250,240,R,-1089,-185.02
260,240,R,-1165,-190.02
270,240,R,-1243,-194.98
280,240,R,-1322,-197.48
290,240,R,-1402,-199.98
300,240,R,-1483,-202.56
310,240,R,-1566,-207.52
320,240,R,-1649,-207.44
330,240,R,-1732,-207.56
340,240,R,-1816,-210.00
350,240,R,-1902,-214.96
360,240,R,-1989,-217.48
370,240,R,-2077,-220.04
380,240,R,-2166,-222.52
390,240,R,-2254,-219.91
400,240,R,-2342,-220.07
410,240,R,-2435,-232.50
420,240,R,-2526,-227.43
430,240,R,-2607,-202.58
440,240,R,-2696,-222.41
450,240,R,-2784,-220.07
460,240,R,-2871,-217.48
470,240,R,-2958,-217.46
480,240,R,-3047,-222.50
490,240,R,-3138,-227.59
500,240,R,-3230,-229.93
510,240,R,-3323,-232.57
520,240,R,-3416,-232.45
530,240,R,-3506,-225.02
540,240,R,-3597,-227.52
550,240,R,-3688,-227.50
560,240,R,-3778,-224.91
570,240,R,-3869,-227.55
580,240,R,-3961,-229.98
590,240,R,-4053,-230.02
600,240,R,-4143,-225.00
610,240,R,-4235,-229.98
620,240,R,-4327,-229.98
630,240,R,-4420,-232.52
640,240,R,-4514,-235.00
650,240,R,-4608,-235.00
660,240,R,-4699,-227.52
670,240,R,-4792,-232.45
680,240,R,-4893,-252.53
690,240,R,-4977,-210.02
700,240,R,-5066,-222.52
710,240,R,-5157,-227.45
720,240,R,-5247,-225.00
730,240,R,-5336,-222.50
740,240,R,-5426,-225.05
750,240,R,-5518,-230.02
760,240,R,-5612,-234.98
770,240,R,-5706,-234.95
780,240,R,-5801,-237.48
790,240,R,-5892,-227.59
800,240,R,-5984,-229.93
810,240,R,-6076,-230.00
820,240,R,-6168,-229.98
830,240,R,-6259,-227.57
840,240,R,-6353,-234.95
850,240,R,-6445,-230.07
860,240,R,-6537,-229.93
870,240,R,-6628,-227.48
880,240,R,-6721,-232.57
890,240,R,-6814,-232.50
900,240,R,-6909,-237.45
910,240,R,-7003,-235.07
920,240,R,-7095,-229.95
930,240,R,-7189,-235.00
940,240,R,-7289,-249.98
950,240,R,-7374,-212.56
960,240,R,-7463,-222.50
970,240,R,-7554,-227.48
980,240,R,-7644,-225.00
990,240,R,-7733,-222.48
1000,240,R,-7824,-227.45
1010,240,R,-7917,-232.57
1020,240,R,-8011,-235.00
1030,240,R,-8105,-234.95
1040,240,R,-8199,-235.07
1050,240,R,-8291,-229.98
1060,240,R,-8384,-232.48
1070,240,R,-8476,-230.00
1080,240,R,-8568,-230.02
1090,240,R,-8659,-227.45
1100,240,R,-8752,-232.50
1110,240,R,-8845,-232.52
1120,240,R,-8936,-227.45
1130,240,R,-9027,-227.55
1140,240,R,-9120,-232.55
1150,240,R,-9214,-235.00
1160,240,R,-9308,-235.00
1170,240,R,-9403,-237.43
1180,240,R,-9495,-230.00
1190,240,R,-9590,-237.38
1200,240,R,-9689,-247.62
1210,240,R,-9773,-210.00
1220,240,R,-9862,-222.57
1230,240,R,-9954,-230.00
1240,240,R,-10044,-225.00
1250,240,R,-10133,-222.48
1260,240,R,-10224,-227.45
1270,240,R,-10317,-232.50
1280,240,R,-10410,-232.57
1290,240,R,-10505,-237.48
1300,240,R,-10599,-235.00
1310,240,R,-10691,-230.00
1320,240,R,-10784,-232.52
1330,240,R,-10875,-227.43
1340,240,R,-10967,-230.07
1350,240,R,-11058,-227.41
1360,240,R,-11152,-235.07
1370,240,R,-11245,-232.52
1380,240,R,-11336,-227.48
1390,240,R,-11427,-227.50
1400,240,R,-11520,-232.50
1410,240,R,-11614,-234.88
1420,240,R,-11708,-235.12
1430,240,R,-11803,-237.29
1440,240,R,-11894,-227.66
1450,240,R,-11990,-240.07
1460,240,R,-12089,-247.48
1470,240,R,-12171,-204.98
1480,240,R,-12262,-227.52
1490,240,R,-12353,-227.45
1500,240,R,-12444,-227.41
1510,240,R,-12533,-222.61
1520,240,R,-12624,-227.55
1530,240,R,-12716,-229.95
1540,240,R,-12810,-234.95
1550,240,R,-12905,-237.57
1560,240,R,-12999,-235.00
1570,240,R,-13091,-230.00
1580,240,R,-13184,-232.36
1590,240,R,-13276,-230.14
1600,240,R,-13367,-227.50
1610,240,R,-13459,-229.98
1620,240,R,-13552,-232.55
1630,240,R,-13645,-232.43
1640,240,R,-13736,-227.48
1650,240,R,-13827,-227.57
1660,240,R,-13920,-232.48
1670,240,R,-14014,-234.98
1680,240,R,-14109,-237.55
1690,240,R,-14203,-235.00
1700,240,R,-14295,-230.00
1710,240,R,-14389,-235.00
1720,240,R,-14486,-242.43
1730,240,R,-14576,-225.09
1740,240,R,-14663,-217.50
1750,240,R,-14754,-227.50
1760,240,R,-14845,-227.32
1770,240,R,-14934,-222.68
1780,240,R,-15025,-227.41
1790,240,R,-15117,-230.07
1800,240,R,-15212,-237.50
1810,240,R,-15306,-234.98
1820,240,R,-15401,-237.33
1830,240,R,-15492,-227.70
1840,240,R,-15585,-232.43
1850,240,R,-15677,-230.07
1860,240,R,-15769,-229.98
1870,240,R,-15860,-227.48
1880,240,R,-15953,-232.55
1890,240,R,-16046,-232.43
1900,240,R,-16138,-230.00
1910,240,R,-16229,-227.48
1920,240,R,-16322,-232.52
1930,240,R,-16416,-235.07
1940,240,R,-16511,-237.41
1950,240,R,-16605,-235.09
1960,240,R,-16697,-229.98
1970,240,R,-16790,-232.48
1980,240,R,-16887,-242.45
1990,240,R,-16976,-222.50
2000,240,R,-17065,-222.52
2010,240,R,-17156,-227.57
2020,240,R,-17246,-224.98
2030,240,R,-17336,-224.98
2040,240,R,-17426,-224.96
2050,240,R,-17519,-232.55
2060,240,R,-17613,-234.98
2070,240,R,-17708,-237.52
2080,240,R,-17802,-234.98
2090,240,R,-17894,-230.02
2100,240,R,-17987,-232.36
2110,240,R,-18078,-227.68
2120,240,R,-18170,-229.98
2130,240,R,-18261,-227.48
2140,240,R,-18355,-235.00
2150,240,R,-18448,-232.52
2160,240,R,-18539,-227.48
2170,240,R,-18630,-227.48
2180,240,R,-18723,-232.52
2190,240,R,-18817,-235.02
2200,240,R,-18912,-237.48
2210,240,R,-19006,-235.05
2220,240,R,-19098,-229.98
2230,240,R,-19192,-235.00
2240,240,R,-19292,-249.98
2250,240,R,-19376,-209.98
2260,240,R,-19466,-225.00
2270,240,R,-19557,-227.52
2280,240,R,-19648,-227.52
2290,240,R,-19737,-222.48
2300,240,R,-19828,-227.55
2310,240,R,-19921,-232.50
2320,240,R,-20015,-235.00
2330,240,R,-20109,-234.95
2340,240,R,-20204,-237.50
2350,240,R,-20296,-230.00
2360,240,R,-20388,-230.02
2370,240,R,-20480,-230.00
2380,240,R,-20572,-230.02
2390,240,R,-20663,-227.48
2400,240,R,-20757,-234.95
2410,240,R,-20850,-232.48
2420,240,R,-20941,-227.50
2430,240,R,-21033,-230.09
2440,240,R,-21125,-229.93
2450,240,R,-21219,-235.05
2460,240,R,-21314,-237.50
2470,240,R,-21409,-237.36
2480,240,R,-21500,-227.66
2490,240,R,-21594,-234.98
2500,240,R,-21693,-247.52
2510,240,R,-21780,-217.48
2520,240,R,-21868,-219.98
2530,240,R,-21960,-229.95
2540,240,R,-22050,-225.00
2550,240,R,-22139,-222.52
2560,240,R,-22231,-230.05
2570,240,R,-22323,-229.98
2580,240,R,-22417,-235.05
2590,240,R,-22512,-237.48
2600,240,R,-22607,-237.38
2610,240,R,-22699,-230.00
2620,240,R,-22791,-230.12
2630,240,R,-22883,-229.98
2640,240,R,-22975,-230.05
2650,240,R,-23066,-227.45
2660,240,R,-23160,-234.93
2670,240,R,-23252,-230.09
2680,240,R,-23343,-227.50
2690,240,R,-23436,-232.38
2700,240,R,-23528,-230.14
2710,240,R,-23622,-234.93
2720,240,R,-23717,-237.50
2730,240,R,-23812,-237.43
2740,240,R,-23903,-227.61
2750,240,R,-23996,-232.50
2760,240,R,-24097,-252.53
2770,240,R,-24182,-212.48
2780,240,R,-24272,-225.02
2790,240,R,-24363,-227.43
2800,240,R,-24453,-225.00
2810,240,R,-24543,-224.89
2820,240,R,-24634,-227.61
2830,240,R,-24727,-232.55
2840,240,R,-24821,-234.98
2850,240,R,-24916,-237.48
2860,240,R,-25011,-237.50
2870,240,R,-25103,-230.05
2880,240,R,-25195,-230.02
2890,240,R,-25287,-230.00
2900,240,R,-25378,-227.50
2910,240,R,-25470,-229.93
2920,240,R,-25564,-235.02
2930,240,R,-25657,-232.52
2940,240,R,-25747,-225.02
2950,240,R,-25840,-232.43
2960,240,R,-25933,-232.57
2970,240,R,-26027,-234.98
2980,240,R,-26122,-237.48
2990,240,R,-26216,-235.05
3000,160,R,-26308,-229.95
3010,160,R,-26401,-232.45
3020,160,R,-26499,-245.02
3030,160,R,-26577,-195.00
3040,160,R,-26663,-215.00
3050,160,R,-26747,-210.02
3060,160,R,-26829,-205.04
3070,160,R,-26908,-197.48
3080,160,R,-26987,-197.46
3090,160,R,-27066,-197.50
3100,160,R,-27144,-195.04
3110,160,R,-27222,-195.02
3120,160,R,-27299,-192.50
3130,160,R,-27374,-187.50
3140,160,R,-27447,-182.43
3150,160,R,-27518,-177.54
3160,160,R,-27588,-174.98
3170,160,R,-27656,-170.05
3180,160,R,-27724,-169.93
3190,160,R,-27789,-162.52
3200,160,R,-27855,-165.03
3210,160,R,-27921,-165.02
3220,160,R,-27985,-159.97
3230,160,R,-28048,-157.52
3240,160,R,-28109,-152.47
3250,160,R,-28169,-149.99
3260,160,R,-28229,-150.06
3270,160,R,-28288,-147.47
3280,160,R,-28347,-147.50
3290,160,R,-28405,-144.97
3300,160,R,-28462,-142.56
3310,160,R,-28520,-144.99
3320,160,R,-28576,-139.97
3330,160,R,-28631,-137.51
3340,160,R,-28684,-132.49
3350,160,R,-28737,-132.54
3360,160,R,-28790,-132.49
3370,160,R,-28845,-137.46
3380,160,R,-28896,-127.54
3390,160,R,-28945,-122.39
3400,160,R,-28994,-122.60
3410,160,R,-29044,-125.00
3420,160,R,-29093,-122.50
3430,160,R,-29141,-119.98
3440,160,R,-29189,-120.04
3450,160,R,-29235,-115.01
3460,160,R,-29281,-115.00
3470,160,R,-29327,-114.97
3480,160,R,-29372,-112.50
3490,160,R,-29418,-115.02
3500,160,R,-29463,-112.48
3510,160,R,-29509,-114.97
3520,160,R,-29553,-110.07
3530,160,R,-29598,-112.50
3540,160,R,-29643,-112.47
3550,160,R,-29687,-110.00
3560,160,R,-29731,-110.00
3570,160,R,-29774,-107.50
3580,160,R,-29817,-107.52
3590,160,R,-29858,-102.49
3600,160,R,-29899,-102.48
3610,160,R,-29940,-102.51
3620,160,R,-29981,-102.50
3630,160,R,-30021,-99.99
3640,160,R,-30061,-100.03
3650,160,R,-30102,-102.48
3660,160,R,-30142,-100.02
3670,160,R,-30181,-97.48
3680,160,R,-30221,-99.99
3690,160,R,-30261,-100.01
3700,160,R,-30301,-100.02
3710,160,R,-30341,-99.99
3720,160,R,-30380,-97.50
3730,160,R,-30420,-99.99
3740,160,R,-30459,-97.53
3750,160,R,-30496,-92.50
3760,160,R,-30535,-97.48
3770,160,R,-30573,-95.01
3780,160,R,-30610,-92.49
3790,160,R,-30648,-95.00
3800,160,R,-30686,-95.02
3810,160,R,-30723,-92.50
3820,160,R,-30761,-94.97
3830,160,R,-30798,-92.50
3840,160,R,-30836,-95.00
3850,160,R,-30873,-92.53
3860,160,R,-30911,-94.99
3870,160,R,-30948,-92.47
3880,160,R,-30985,-92.51
3890,160,R,-31022,-92.52
3900,160,R,-31058,-89.97
3910,160,R,-31093,-87.53
3920,160,R,-31130,-92.50
3930,160,R,-31166,-90.00
3940,160,R,-31203,-92.48
3950,160,R,-31240,-92.50
3960,160,R,-31275,-87.53
3970,160,R,-31312,-92.50
3980,160,R,-31348,-89.97
3990,160,R,-31384,-90.03
4000,160,R,-31420,-90.00
4010,160,R,-31456,-90.00
4020,160,R,-31493,-92.49
4030,160,R,-31528,-87.48
4040,160,R,-31564,-89.99
4050,160,R,-31600,-90.00
4060,160,R,-31635,-87.54
4070,160,R,-31669,-85.00
4080,160,R,-31704,-87.47
4090,160,R,-31739,-87.54
4100,160,R,-31774,-87.49
4110,160,R,-31809,-87.50
4120,160,R,-31844,-87.49
4130,160,R,-31880,-90.00
4140,160,R,-31915,-87.51
4150,160,R,-31950,-87.50
4160,160,R,-31985,-87.51
4170,160,R,-32021,-89.97
4180,160,R,-32056,-87.50
4190,160,R,-32092,-90.01
4200,160,R,-32127,-87.50
4210,160,R,-32162,-87.52
4220,160,R,-32197,-87.48
4230,160,R,-32231,-85.00
4240,160,R,-32265,-85.00
4250,160,R,-32299,-85.00
4260,160,R,-32333,-85.02
4270,160,R,-32367,-85.00
4280,160,R,-32401,-84.99
4290,160,R,-32435,-84.98
4300,160,R,-32469,-85.00
4310,160,R,-32504,-87.52
4320,160,R,-32538,-84.97
4330,160,R,-32572,-85.02
4340,160,R,-32607,-87.49
4350,160,R,-32641,-85.01
4360,160,R,-32676,-87.50
4370,160,R,-32711,-87.51
4380,160,R,-32747,-90.01
4390,160,R,-32782,-87.47
4400,160,R,-32817,-87.51
4410,160,R,-32852,-87.47
4420,160,R,-32886,-85.01
4430,160,R,-32920,-85.03
4440,160,R,-32954,-84.97
4450,160,R,-32989,-87.50
4460,160,R,-33023,-85.03
4470,160,R,-33057,-84.99
4480,160,R,-33091,-85.00
4490,160,R,-33125,-85.02
4500,160,R,-33160,-87.49
4510,160,R,-33194,-84.97
4520,160,R,-33229,-87.54
4530,160,R,-33263,-84.97
4540,160,R,-33298,-87.52
4550,160,R,-33333,-87.48
4560,160,R,-33367,-85.00
4570,160,R,-33401,-85.01
4580,160,R,-33435,-85.01
4590,160,R,-33469,-85.00
4600,160,R,-33502,-82.51
4610,160,R,-33537,-87.50
4620,160,R,-33571,-84.97
4630,160,R,-33606,-87.50
4640,160,R,-33641,-87.49
4650,160,R,-33675,-85.01
4660,160,R,-33709,-85.00
4670,160,R,-33744,-87.52
4680,160,R,-33779,-87.47
4690,160,R,-33813,-85.02
4700,160,R,-33848,-87.50
4710,160,R,-33883,-87.49
4720,160,R,-33917,-85.01
4730,160,R,-33951,-84.98
4740,160,R,-33986,-87.54
4750,160,R,-34020,-84.97
4760,160,R,-34054,-85.03
4770,160,R,-34087,-82.49
4780,160,R,-34121,-85.00
4790,160,R,-34154,-82.49
4800,160,R,-34188,-85.00
4810,160,R,-34223,-87.49
4820,160,R,-34256,-82.52
4830,160,R,-34291,-87.49
4840,160,R,-34325,-85.00
4850,160,R,-34360,-87.50
4860,160,R,-34394,-85.01
4870,160,R,-34429,-87.48
4880,160,R,-34463,-85.01
4890,160,R,-34498,-87.49
4900,160,R,-34532,-84.99
4910,160,R,-34567,-87.53
4920,160,R,-34601,-84.98
4930,160,R,-34634,-82.50
4940,160,R,-34668,-84.99
4950,160,R,-34701,-82.51
4960,160,R,-34735,-84.98
4970,160,R,-34768,-82.52
4980,160,R,-34801,-82.52
4990,160,R,-34835,-84.99
5000,160,R,-34868,-82.49
5010,160,R,-34903,-87.52
5020,160,R,-34936,-82.48
5030,160,R,-34970,-84.99
5040,160,R,-35004,-85.01
5050,160,R,-35038,-85.00
5060,160,R,-35072,-84.99
5070,160,R,-35107,-87.51
5080,160,R,-35142,-87.49
5090,160,R,-35177,-87.49
5100,160,R,-35212,-87.52
5110,160,R,-35245,-82.51
5120,160,R,-35280,-87.50
5130,160,R,-35313,-82.51
5140,160,R,-35347,-85.00
5150,160,R,-35381,-85.00
5160,160,R,-35415,-84.99
5170,160,R,-35448,-82.48
5180,160,R,-35482,-85.00
5190,160,R,-35516,-85.00
5200,160,R,-35550,-85.02
5210,160,R,-35584,-84.97
5220,160,R,-35618,-85.02
5230,160,R,-35652,-84.99
5240,160,R,-35687,-87.51
5250,160,R,-35721,-85.01
5260,160,R,-35755,-85.00
5270,160,R,-35789,-84.99
5280,160,R,-35823,-84.99
5290,160,R,-35856,-82.51
5300,160,R,-35889,-82.51
5310,160,R,-35923,-85.01
5320,160,R,-35957,-84.98
5330,160,R,-35991,-85.00
5340,160,R,-36026,-87.48
5350,160,R,-36059,-82.52
5360,160,R,-36094,-87.49
5370,160,R,-36128,-84.99
5380,160,R,-36162,-85.03
5390,160,R,-36196,-85.00
5400,160,R,-36231,-87.47
5410,160,R,-36264,-82.51
5420,160,R,-36299,-87.51
5430,160,R,-36333,-85.01
5440,160,R,-36367,-85.01
5450,160,R,-36401,-85.00
5460,160,R,-36434,-82.48
5470,160,R,-36468,-85.02
5480,160,R,-36501,-82.47
5490,160,R,-36534,-82.52
5500,160,R,-36567,-82.50
5510,160,R,-36601,-85.00
5520,160,R,-36635,-85.00
5530,160,R,-36668,-82.48
5540,160,R,-36703,-87.53
5550,160,R,-36737,-84.99
5560,160,R,-36770,-82.51
5570,160,R,-36805,-87.49
5580,160,R,-36839,-84.98
5590,160,R,-36873,-85.03
5600,160,R,-36907,-85.00
5610,160,R,-36941,-84.99
5620,160,R,-36975,-85.00
5630,160,R,-37009,-84.98
5640,160,R,-37041,-80.02
5650,160,R,-37074,-82.50
5660,160,R,-37107,-82.51
5670,160,R,-37140,-82.48
5680,160,R,-37174,-85.01
5690,160,R,-37207,-82.49
5700,160,R,-37240,-82.52
5710,160,R,-37273,-82.49
5720,160,R,-37307,-85.00
5730,160,R,-37340,-82.51
5740,160,R,-37374,-85.00
5750,160,R,-37408,-84.99
5760,160,R,-37442,-84.99
5770,160,R,-37476,-84.99
5780,160,R,-37510,-85.00
5790,160,R,-37545,-87.53
5800,160,R,-37580,-87.47
5810,160,R,-37615,-87.49
5820,160,R,-37648,-82.52
5830,160,R,-37682,-85.02
5840,160,R,-37716,-85.00
5850,160,R,-37749,-82.48
5860,160,R,-37783,-85.01
5870,160,R,-37817,-85.00
5880,160,R,-37850,-82.50
5890,160,R,-37884,-85.02
5900,160,R,-37918,-84.99
5910,160,R,-37952,-85.01
5920,160,R,-37985,-82.49
5930,160,R,-38020,-87.48
5940,160,R,-38053,-82.52
5950,160,R,-38088,-87.49
5960,160,R,-38122,-85.00
5970,160,R,-38156,-85.02
5980,160,R,-38190,-85.00
5990,160,R,-38224,-84.99
6000,160,R,-38257,-82.51
6010,160,R,-38290,-82.49
6020,160,R,-38324,-84.99
6030,160,R,-38357,-82.52
6040,160,R,-38391,-84.98
6050,160,R,-38426,-87.48
6060,160,R,-38459,-82.52
6070,160,R,-38494,-87.51
6080,160,R,-38528,-85.00
6090,160,R,-38562,-84.99
6100,160,R,-38596,-85.01
6110,160,R,-38630,-84.99
6120,160,R,-38664,-84.97
6130,160,R,-38699,-87.53
6140,160,R,-38733,-84.96
6150,160,R,-38766,-82.53
6160,160,R,-38800,-84.99
6170,160,R,-38834,-84.99
6180,160,R,-38867,-82.53
6190,160,R,-38900,-82.47
6200,160,R,-38933,-82.51
6210,160,R,-38967,-84.99
6220,160,R,-39000,-82.52
6230,160,R,-39034,-84.98
6240,160,R,-39068,-85.02
6250,160,R,-39102,-84.98
6260,160,R,-39136,-85.02
6270,160,R,-39170,-85.01
6280,160,R,-39204,-84.97
6290,160,R,-39238,-84.99
6300,160,R,-39272,-85.03
6310,160,R,-39306,-85.00
6320,160,R,-39340,-85.00
6330,160,R,-39374,-84.97
6340,160,R,-39408,-85.03
6350,160,R,-39441,-82.50
6360,160,R,-39474,-82.48
6370,160,R,-39507,-82.52
6380,160,R,-39540,-82.50
6390,160,R,-39573,-82.50
6400,160,R,-39606,-82.48
6410,160,R,-39639,-82.52
6420,160,R,-39672,-82.50
6430,160,R,-39706,-85.00
6440,160,R,-39739,-82.48
6450,160,R,-39773,-85.03
6460,160,R,-39807,-85.00
6470,160,R,-39840,-82.50
6480,160,R,-39875,-87.48
6490,160,R,-39909,-85.00
6500,160,R,-39944,-87.51
6510,160,R,-39978,-85.01
6520,160,R,-40013,-87.48
6530,160,R,-40047,-85.02
6540,160,R,-40081,-84.97
6550,160,R,-40114,-82.52
6560,160,R,-40147,-82.51
6570,160,R,-40181,-84.99
6580,160,R,-40215,-85.00
6590,160,R,-40249,-84.97
6600,160,R,-40282,-82.53
6610,160,R,-40316,-85.01
6620,160,R,-40350,-85.00
6630,160,R,-40384,-85.01
6640,160,R,-40418,-84.98
6650,160,R,-40452,-84.99
6660,160,R,-40486,-85.00
6670,160,R,-40520,-85.02
6680,160,R,-40554,-84.99
6690,160,R,-40588,-85.00
6700,160,R,-40622,-84.98
6710,160,R,-40655,-82.52
6720,160,R,-40688,-82.49
6730,160,R,-40722,-85.00
6740,160,R,-40755,-82.52
6750,160,R,-40790,-87.47
6760,160,R,-40824,-85.02
6770,160,R,-40858,-85.00
6780,160,R,-40892,-85.00
6790,160,R,-40927,-87.51
6800,160,R,-40961,-85.00
6810,160,R,-40995,-84.92
6820,160,R,-41029,-85.08
6830,160,R,-41063,-84.99
6840,160,R,-41098,-87.50
6850,160,R,-41132,-85.00
6860,160,R,-41165,-82.49
6870,160,R,-41199,-85.00
6880,160,R,-41233,-85.02
6890,160,R,-41266,-82.48
6900,160,R,-41299,-82.52
6910,160,R,-41333,-85.00
6920,160,R,-41366,-82.49
6930,160,R,-41400,-85.00
6940,160,R,-41434,-84.97
6950,160,R,-41468,-85.03
6960,160,R,-41502,-84.99
6970,160,R,-41536,-84.99
6980,160,R,-41570,-85.02
6990,160,R,-41604,-85.01
7000,160,R,-41638,-84.98
7010,160,R,-41673,-87.48
7020,160,R,-41707,-85.03
7030,160,R,-41742,-87.48
7040,160,R,-41775,-82.51
7050,160,R,-41809,-84.99
7060,160,R,-41843,-85.02
7070,160,R,-41876,-82.49
7080,160,R,-41909,-82.50
7090,160,R,-41942,-82.51
7100,160,R,-41976,-84.99
7110,160,R,-42009,-82.48
7120,160,R,-42043,-85.02
7130,160,R,-42077,-85.01
7140,160,R,-42111,-85.00
7150,160,R,-42144,-82.50
7160,160,R,-42178,-85.00
7170,160,R,-42212,-84.99
7180,160,R,-42246,-85.00
7190,160,R,-42281,-87.50
7200,160,R,-42315,-85.01
7210,160,R,-42350,-87.50
7220,160,R,-42386,-89.99
7230,160,R,-42420,-84.99
7240,160,R,-42454,-85.01
7250,160,R,-42488,-84.99
7260,160,R,-42522,-85.00
7270,160,R,-42555,-82.50
7280,160,R,-42590,-87.50
7290,160,R,-42624,-85.02
7300,160,R,-42657,-82.49
7310,160,R,-42692,-87.49
7320,160,R,-42725,-82.51
7330,160,R,-42760,-87.50
7340,160,R,-42794,-84.94
7350,160,R,-42828,-85.05
7360,160,R,-42862,-84.99
7370,160,R,-42897,-87.52
7380,160,R,-42931,-85.01
7390,160,R,-42965,-84.99
7400,160,R,-42999,-84.98
7410,160,R,-43033,-85.01
7420,160,R,-43066,-82.51
7430,160,R,-43100,-85.00
7440,160,R,-43134,-84.99
7450,160,R,-43167,-82.48
7460,160,R,-43202,-87.54
7470,160,R,-43236,-85.00
7480,160,R,-43270,-84.97
7490,160,R,-43305,-87.50
7500,160,R,-43339,-85.01
7510,160,R,-43373,-85.00
7520,160,R,-43407,-84.99
7530,160,R,-43442,-87.53
7540,160,R,-43476,-84.97
7550,160,R,-43510,-85.02
7560,160,R,-43545,-87.49
7570,160,R,-43579,-85.02
7580,160,R,-43613,-84.99
7590,160,R,-43646,-82.48
7600,160,R,-43680,-85.00
7610,160,R,-43713,-82.51
7620,160,R,-43746,-82.51
7630,160,R,-43781,-87.50
7640,160,R,-43815,-85.01
7650,160,R,-43848,-82.49
7660,160,R,-43883,-87.50
7670,160,R,-43917,-84.98
7680,160,R,-43951,-85.00
7690,160,R,-43986,-87.52
7700,160,R,-44021,-87.50
7710,160,R,-44055,-84.99
7720,160,R,-44090,-87.51
7730,160,R,-44124,-85.00
7740,160,R,-44158,-85.00
7750,160,R,-44193,-87.51
7760,160,R,-44226,-82.47
7770,160,R,-44260,-85.03
7780,160,R,-44293,-82.50
7790,160,R,-44327,-84.97
7800,160,R,-44360,-82.52
7810,160,R,-44394,-84.98
7820,160,R,-44428,-85.01
7830,160,R,-44461,-82.51
7840,160,R,-44496,-87.48
7850,160,R,-44529,-82.50
7860,160,R,-44564,-87.50
7870,160,R,-44597,-82.52
7880,160,R,-44632,-87.49
7890,160,R,-44666,-84.99
7900,160,R,-44701,-87.52
7910,160,R,-44736,-87.47
7920,160,R,-44771,-87.52
7930,160,R,-44806,-87.48
7940,160,R,-44841,-87.50
7950,160,R,-44875,-85.00
7960,160,R,-44909,-85.01
7970,160,R,-44943,-85.01
7980,160,R,-44977,-84.99
7990,160,R,-45011,-85.00
=== END ===
# Trial 29 of 30: step_down_rev_240to160_run02
=== START step_down_rev_240to160_run02 ===
t_ms,pwm_cmd,dir,enc_count,rpm
0,240,R,0,0.00
10,240,R,-2,-5.00
20,240,R,-9,-17.50
30,240,R,-20,-27.49
40,240,R,-34,-35.00
50,240,R,-51,-42.52
60,240,R,-72,-52.48
70,240,R,-96,-60.01
80,240,R,-124,-69.98
90,240,R,-155,-77.51
100,240,R,-189,-85.02
110,240,R,-228,-97.49
120,240,R,-269,-102.51
130,240,R,-313,-110.00
140,240,R,-361,-119.99
150,240,R,-410,-122.52
160,240,R,-464,-134.96
170,240,R,-520,-140.01
180,240,R,-579,-147.51
190,240,R,-640,-152.48
200,240,R,-703,-157.52
210,240,R,-768,-162.52
220,240,R,-837,-172.45
230,240,R,-909,-180.04
240,240,R,-982,-182.52
250,240,R,-1058,-190.00
260,240,R,-1137,-197.46
270,240,R,-1216,-197.54
280,240,R,-1295,-197.46
290,240,R,-1374,-197.54
300,240,R,-1456,-204.92
310,240,R,-1538,-205.02
320,240,R,-1620,-205.04
330,240,R,-1704,-209.96
340,240,R,-1790,-215.02
350,240,R,-1875,-212.48
360,240,R,-1960,-212.54
370,240,R,-2046,-214.98
380,240,R,-2134,-219.89
390,240,R,-2222,-220.11
400,240,R,-2313,-227.55
410,240,R,-2403,-224.93
420,240,R,-2492,-222.43
430,240,R,-2580,-220.13
440,240,R,-2672,-229.91
450,240,R,-2759,-217.54
460,240,R,-2848,-222.54
470,240,R,-2937,-222.46
480,240,R,-3026,-222.52
490,240,R,-3114,-220.00
500,240,R,-3202,-219.93
510,240,R,-3292,-225.09
520,240,R,-3384,-230.00
530,240,R,-3477,-232.41
540,240,R,-3571,-235.05
550,240,R,-3663,-230.05
560,240,R,-3754,-227.43
570,240,R,-3845,-227.50
580,240,R,-3937,-230.02
590,240,R,-4028,-227.50
600,240,R,-4119,-227.55
610,240,R,-4212,-232.50
620,240,R,-4303,-227.48
630,240,R,-4394,-227.43
640,240,R,-4485,-227.50
650,240,R,-4579,-235.05
660,240,R,-4672,-232.55
670,240,R,-4767,-237.41
680,240,R,-4860,-232.52
690,240,R,-4952,-230.05
700,240,R,-5046,-235.02
710,240,R,-5136,-224.98
720,240,R,-5227,-227.45
730,240,R,-5319,-230.07
740,240,R,-5409,-225.00
750,240,R,-5499,-224.91
760,240,R,-5589,-225.07
770,240,R,-5680,-227.52
780,240,R,-5774,-235.00
790,240,R,-5868,-234.93
800,240,R,-5963,-237.52
810,240,R,-6057,-234.86
820,240,R,-6149,-230.09
830,240,R,-6241,-230.02
840,240,R,-6333,-230.05
850,240,R,-6425,-230.02
860,240,R,-6517,-229.91
870,240,R,-6611,-235.05
880,240,R,-6702,-227.55
890,240,R,-6794,-229.98
900,240,R,-6886,-229.93
910,240,R,-6980,-235.07
920,240,R,-7074,-235.02
930,240,R,-7169,-237.50
940,240,R,-7262,-232.50
950,240,R,-7355,-232.50
960,240,R,-7449,-234.98
970,240,R,-7540,-227.52
980,240,R,-7631,-227.48
990,240,R,-7722,-227.52
1000,240,R,-7814,-230.00
1010,240,R,-7903,-222.43
1020,240,R,-7993,-225.05
1030,240,R,-8085,-229.98
1040,240,R,-8179,-235.02
1050,240,R,-8273,-234.93
1060,240,R,-8368,-237.57
1070,240,R,-8462,-234.95
1080,240,R,-8555,-232.36
1090,240,R,-8647,-230.18
1100,240,R,-8739,-229.93
1110,240,R,-8831,-230.07
1120,240,R,-8923,-230.00
1130,240,R,-9017,-234.98
1140,240,R,-9109,-229.98
1150,240,R,-9201,-230.05
1160,240,R,-9293,-229.98
1170,240,R,-9387,-234.88
1180,240,R,-9481,-235.12
1190,240,R,-9576,-237.55
1200,240,R,-9669,-232.45
1210,240,R,-9762,-232.48
1220,240,R,-9855,-232.50
1230,240,R,-9947,-230.07
1240,240,R,-10038,-227.45
1250,240,R,-10130,-229.98
1260,240,R,-10221,-227.48
1270,240,R,-10311,-225.02
1280,240,R,-10401,-225.00
1290,240,R,-10494,-232.45
1300,240,R,-10587,-232.62
1310,240,R,-10682,-237.48
1320,240,R,-10777,-237.52
1330,240,R,-10871,-234.95
1340,240,R,-10963,-229.95
1350,240,R,-11056,-232.57
1360,240,R,-11148,-230.00
1370,240,R,-11241,-232.52
1380,240,R,-11332,-227.45
1390,240,R,-11427,-237.48
1400,240,R,-11518,-227.55
1410,240,R,-11610,-230.00
1420,240,R,-11703,-232.48
1430,240,R,-11797,-235.00
1440,240,R,-11891,-234.98
1450,240,R,-11987,-240.02
1460,240,R,-12080,-232.50
1470,240,R,-12172,-230.00
1480,240,R,-12268,-240.02
1490,240,R,-12358,-224.98
1500,240,R,-12450,-230.05
1510,240,R,-12541,-227.48
1520,240,R,-12632,-227.45
1530,240,R,-12722,-225.07
1540,240,R,-12812,-224.96
1550,240,R,-12905,-232.45
1560,240,R,-12999,-234.91
1570,240,R,-13094,-237.69
1580,240,R,-13189,-237.43
1590,240,R,-13283,-235.02
1600,240,R,-13375,-229.89
1610,240,R,-13468,-232.66
1620,240,R,-13560,-229.77
1630,240,R,-13652,-230.18
1640,240,R,-13745,-232.48
1650,240,R,-13839,-235.07
1660,240,R,-13930,-227.43
1670,240,R,-14022,-230.00
1680,240,R,-14115,-232.48
1690,240,R,-14209,-235.05
1700,240,R,-14304,-237.55
1710,240,R,-14399,-237.43
1720,240,R,-14492,-232.55
1730,240,R,-14584,-229.93
1740,240,R,-14680,-240.02
1750,240,R,-14769,-222.52
1760,240,R,-14861,-230.00
1770,240,R,-14953,-230.05
1780,240,R,-15043,-225.00
1790,240,R,-15133,-224.93
1800,240,R,-15224,-227.55
1810,240,R,-15317,-232.50
1820,240,R,-15411,-234.95
1830,240,R,-15506,-237.57
1840,240,R,-15601,-237.50
1850,240,R,-15694,-232.50
1860,240,R,-15787,-232.50
1870,240,R,-15879,-230.00
1880,240,R,-15971,-229.95
1890,240,R,-16063,-230.00
1900,240,R,-16157,-235.00
1910,240,R,-16250,-232.52
1920,240,R,-16342,-230.02
1930,240,R,-16434,-229.95
1940,240,R,-16527,-232.45
1950,240,R,-16621,-235.00
1960,240,R,-16716,-237.60
1970,240,R,-16811,-237.50
1980,240,R,-16903,-229.91
1990,240,R,-16996,-232.50
2000,240,R,-17090,-235.02
2010,240,R,-17181,-227.57
2020,240,R,-17272,-227.50
2030,240,R,-17364,-229.98
2040,240,R,-17455,-227.50
2050,240,R,-17545,-225.00
2060,240,R,-17636,-227.52
2070,240,R,-17729,-232.41
2080,240,R,-17823,-235.05
2090,240,R,-17918,-237.50
2100,240,R,-18013,-237.50
2110,240,R,-18106,-232.48
2120,240,R,-18199,-232.50
2130,240,R,-18291,-229.98
2140,240,R,-18384,-232.55
2150,240,R,-18475,-227.50
2160,240,R,-18569,-235.02
2170,240,R,-18663,-235.00
2180,240,R,-18754,-227.52
2190,240,R,-18846,-229.93
2200,240,R,-18940,-235.07
2210,240,R,-19034,-234.98
2220,240,R,-19129,-237.48
2230,240,R,-19224,-237.52
2240,240,R,-19316,-229.95
2250,240,R,-19409,-232.55
2260,240,R,-19503,-234.95
2270,240,R,-19594,-227.50
2280,240,R,-19685,-227.52
2290,240,R,-19777,-229.98
2300,240,R,-19868,-227.36
2310,240,R,-19957,-222.63
2320,240,R,-20049,-230.02
2330,240,R,-20142,-232.52
2340,240,R,-20237,-237.50
2350,240,R,-20332,-237.50
2360,240,R,-20427,-237.45
2370,240,R,-20520,-232.52
2380,240,R,-20612,-229.95
2390,240,R,-20705,-232.57
2400,240,R,-20797,-229.95
2410,240,R,-20889,-230.05
2420,240,R,-20983,-235.02
2430,240,R,-21076,-232.41
2440,240,R,-21167,-227.50
2450,240,R,-21260,-232.55
2460,240,R,-21353,-232.48
2470,240,R,-21448,-237.36
2480,240,R,-21543,-237.67
2490,240,R,-21637,-235.00
2500,240,R,-21729,-230.00
2510,240,R,-21823,-235.00
2520,240,R,-21916,-232.55
2530,240,R,-22007,-227.50
2540,240,R,-22098,-227.50
2550,240,R,-22190,-229.95
2560,240,R,-22280,-225.02
2570,240,R,-22370,-225.02
2580,240,R,-22462,-229.93
2590,240,R,-22555,-232.52
2600,240,R,-22650,-237.55
2610,240,R,-22745,-237.48
2620,240,R,-22840,-237.48
2630,240,R,-22933,-232.55
2640,240,R,-23025,-229.93
2650,240,R,-23118,-232.57
2660,240,R,-23210,-229.95
2670,240,R,-23303,-232.48
2680,240,R,-23397,-235.02
2690,240,R,-23489,-230.05
2700,240,R,-23580,-227.45
2710,240,R,-23673,-232.52
2720,240,R,-23767,-234.98
2730,240,R,-23861,-235.02
2740,240,R,-23957,-240.00
2750,240,R,-24051,-235.02
2760,240,R,-24143,-229.98
2770,240,R,-24237,-234.95
2780,240,R,-24330,-232.50
2790,240,R,-24420,-225.05
2800,240,R,-24513,-232.48
2810,240,R,-24604,-227.52
2820,240,R,-24694,-224.96
2830,240,R,-24785,-227.55
2840,240,R,-24877,-229.95
2850,240,R,-24970,-232.52
2860,240,R,-25065,-237.52
2870,240,R,-25161,-239.93
2880,240,R,-25255,-235.07
2890,240,R,-25348,-232.45
2900,240,R,-25441,-232.57
2910,240,R,-25534,-232.48
2920,240,R,-25626,-230.00
2930,240,R,-25718,-230.02
2940,240,R,-25812,-234.91
2950,240,R,-25904,-230.02
2960,240,R,-25996,-230.02
2970,240,R,-26089,-232.36
2980,240,R,-26183,-235.14
2990,240,R,-26277,-235.02
3000,160,R,-26373,-240.02
3010,160,R,-26466,-232.36
3020,160,R,-26556,-225.09
3030,160,R,-26647,-227.39
3040,160,R,-26733,-215.13
3050,160,R,-26816,-207.46
3060,160,R,-26900,-209.96
3070,160,R,-26981,-202.58
3080,160,R,-27060,-197.52
3090,160,R,-27138,-194.96
3100,160,R,-27214,-190.00
3110,160,R,-27291,-192.54
3120,160,R,-27367,-189.98
3130,160,R,-27443,-190.02
3140,160,R,-27518,-187.48
3150,160,R,-27592,-184.96
3160,160,R,-27663,-177.54
3170,160,R,-27733,-174.98
3180,160,R,-27801,-170.02
3190,160,R,-27868,-167.50
3200,160,R,-27934,-164.98
3210,160,R,-27999,-162.48
3220,160,R,-28063,-160.02
3230,160,R,-28127,-159.98
3240,160,R,-28191,-159.98
3250,160,R,-28253,-155.05
3260,160,R,-28313,-149.88
3270,160,R,-28371,-145.12
3280,160,R,-28431,-150.01
3290,160,R,-28488,-142.50
3300,160,R,-28547,-147.37
3310,160,R,-28603,-140.08
3320,160,R,-28660,-142.50
3330,160,R,-28717,-142.50
3340,160,R,-28772,-137.53
3350,160,R,-28827,-137.50
3360,160,R,-28879,-129.99
3370,160,R,-28931,-129.99
3380,160,R,-28983,-130.00
3390,160,R,-29035,-130.01
3400,160,R,-29085,-125.00
3410,160,R,-29136,-127.51
3420,160,R,-29185,-122.50
3430,160,R,-29234,-122.48
3440,160,R,-29282,-120.04
3450,160,R,-29331,-122.49
3460,160,R,-29378,-117.48
3470,160,R,-29425,-117.51
3480,160,R,-29471,-115.02
3490,160,R,-29516,-112.48
3500,160,R,-29561,-112.50
3510,160,R,-29606,-112.51
3520,160,R,-29651,-112.50
3530,160,R,-29696,-112.50
3540,160,R,-29741,-112.49
3550,160,R,-29785,-109.99
3560,160,R,-29830,-112.53
3570,160,R,-29874,-109.98
3580,160,R,-29918,-109.99
3590,160,R,-29962,-109.99
3600,160,R,-30005,-107.52
3610,160,R,-30047,-104.99
3620,160,R,-30089,-105.03
3630,160,R,-30130,-102.48
3640,160,R,-30171,-102.47
3650,160,R,-30212,-102.53
3660,160,R,-30253,-102.52
3670,160,R,-30293,-99.96
3680,160,R,-30334,-102.54
3690,160,R,-30374,-99.99
3700,160,R,-30413,-97.48
3710,160,R,-30454,-102.50
3720,160,R,-30494,-100.00
3730,160,R,-30534,-100.01
3740,160,R,-30575,-102.50
3750,160,R,-30615,-100.01
3760,160,R,-30654,-97.51
3770,160,R,-30693,-97.48
3780,160,R,-30732,-97.50
3790,160,R,-30769,-92.49
3800,160,R,-30808,-97.51
3810,160,R,-30846,-95.01
3820,160,R,-30884,-95.00
3830,160,R,-30922,-94.99
3840,160,R,-30960,-95.01
3850,160,R,-30998,-94.99
3860,160,R,-31036,-95.01
3870,160,R,-31073,-92.50
3880,160,R,-31112,-97.48
3890,160,R,-31149,-92.50
3900,160,R,-31187,-95.00
3910,160,R,-31224,-92.53
3920,160,R,-31260,-90.00
3930,160,R,-31296,-89.98
3940,160,R,-31333,-92.52
3950,160,R,-31369,-89.99
3960,160,R,-31405,-90.00
3970,160,R,-31442,-92.49
3980,160,R,-31478,-89.99
3990,160,R,-31515,-92.53
4000,160,R,-31552,-92.48
4010,160,R,-31588,-90.01
4020,160,R,-31624,-89.99
4030,160,R,-31661,-92.51
4040,160,R,-31697,-90.01
4050,160,R,-31733,-89.98
4060,160,R,-31769,-90.02
4070,160,R,-31805,-89.98
4080,160,R,-31840,-87.48
4090,160,R,-31876,-90.04
4100,160,R,-31910,-84.97
4110,160,R,-31946,-90.01
4120,160,R,-31980,-84.99
4130,160,R,-32016,-90.01
4140,160,R,-32052,-89.99
4150,160,R,-32087,-87.53
4160,160,R,-32123,-89.99
4170,160,R,-32158,-87.48
4180,160,R,-32194,-89.99
4190,160,R,-32230,-90.04
4200,160,R,-32266,-89.97
4210,160,R,-32302,-90.01
4220,160,R,-32337,-87.50
4230,160,R,-32373,-90.02
4240,160,R,-32408,-87.49
4250,160,R,-32443,-87.51
4260,160,R,-32478,-87.48
4270,160,R,-32512,-85.01
4280,160,R,-32547,-87.48
4290,160,R,-32581,-84.99
4300,160,R,-32617,-90.04
4310,160,R,-32651,-85.00
4320,160,R,-32686,-87.48
4330,160,R,-32721,-87.50
4340,160,R,-32756,-87.52
4350,160,R,-32790,-85.00
4360,160,R,-32825,-87.50
4370,160,R,-32860,-87.48
4380,160,R,-32896,-90.01
4390,160,R,-32932,-89.97
4400,160,R,-32967,-87.54
4410,160,R,-33004,-92.48
4420,160,R,-33039,-87.51
4430,160,R,-33074,-87.48
4440,160,R,-33108,-85.01
4450,160,R,-33144,-90.00
4460,160,R,-33177,-82.52
4470,160,R,-33213,-89.96
4480,160,R,-33247,-85.02
4490,160,R,-33281,-85.00
4500,160,R,-33316,-87.49
4510,160,R,-33351,-87.50
4520,160,R,-33386,-87.51
4530,160,R,-33421,-87.50
4540,160,R,-33455,-84.99
4550,160,R,-33490,-87.50
4560,160,R,-33525,-87.51
4570,160,R,-33560,-87.49
4580,160,R,-33595,-87.52
4590,160,R,-33629,-84.98
4600,160,R,-33663,-85.02
4610,160,R,-33697,-85.00
4620,160,R,-33731,-85.01
4630,160,R,-33765,-84.98
4640,160,R,-33800,-87.50
4650,160,R,-33835,-87.51
4660,160,R,-33870,-87.51
4670,160,R,-33905,-87.50
4680,160,R,-33939,-84.99
4690,160,R,-33974,-87.49
4700,160,R,-34008,-84.98
4710,160,R,-34044,-90.04
4720,160,R,-34078,-84.98
4730,160,R,-34113,-87.50
4740,160,R,-34148,-87.50
4750,160,R,-34182,-85.02
4760,160,R,-34217,-87.48
4770,160,R,-34251,-85.02
4780,160,R,-34285,-84.97
4790,160,R,-34319,-85.02
4800,160,R,-34353,-84.98
4810,160,R,-34387,-85.02
4820,160,R,-34421,-84.98
4830,160,R,-34456,-87.51
4840,160,R,-34490,-85.02
4850,160,R,-34525,-87.48
4860,160,R,-34560,-87.49
4870,160,R,-34595,-87.51
4880,160,R,-34630,-87.52
4890,160,R,-34665,-87.50
4900,160,R,-34700,-87.50
4910,160,R,-34735,-87.48
4920,160,R,-34770,-87.44
4930,160,R,-34804,-85.07
4940,160,R,-34839,-87.50
4950,160,R,-34873,-84.99
4960,160,R,-34906,-82.49
4970,160,R,-34941,-87.53
4980,160,R,-34974,-82.49
4990,160,R,-35009,-87.47
5000,160,R,-35043,-85.03
5010,160,R,-35077,-85.00
5020,160,R,-35112,-87.49
5030,160,R,-35145,-82.49
5040,160,R,-35180,-87.51
5050,160,R,-35214,-84.99
5060,160,R,-35249,-87.48
5070,160,R,-35284,-87.53
5080,160,R,-35319,-87.47
5090,160,R,-35355,-90.04
5100,160,R,-35390,-87.47
5110,160,R,-35426,-90.04
5120,160,R,-35461,-87.47
5130,160,R,-35495,-85.01
5140,160,R,-35530,-87.50
5150,160,R,-35564,-84.94
5160,160,R,-35598,-85.06
5170,160,R,-35633,-87.51
5180,160,R,-35667,-84.98
5190,160,R,-35701,-85.00
5200,160,R,-35736,-87.52
5210,160,R,-35770,-85.00
5220,160,R,-35804,-85.00
5230,160,R,-35840,-90.00
5240,160,R,-35874,-85.00
5250,160,R,-35909,-87.50
5260,160,R,-35944,-87.51
5270,160,R,-35978,-84.98
5280,160,R,-36013,-87.52
5290,160,R,-36047,-84.99
5300,160,R,-36081,-84.99
5310,160,R,-36114,-82.51
5320,160,R,-36149,-87.50
5330,160,R,-36182,-82.50
5340,160,R,-36217,-87.49
5350,160,R,-36252,-87.49
5360,160,R,-36286,-85.00
5370,160,R,-36322,-90.01
5380,160,R,-36356,-85.00
5390,160,R,-36391,-87.52
5400,160,R,-36425,-85.00
5410,160,R,-36460,-87.49
5420,160,R,-36495,-87.49
5430,160,R,-36530,-87.49
5440,160,R,-36564,-85.01
5450,160,R,-36599,-87.51
5460,160,R,-36633,-85.00
5470,160,R,-36667,-84.98
5480,160,R,-36701,-84.97
5490,160,R,-36735,-85.06
5500,160,R,-36768,-82.50
5510,160,R,-36803,-87.48
5520,160,R,-36837,-85.02
5530,160,R,-36871,-84.98
5540,160,R,-36907,-90.01
5550,160,R,-36941,-84.98
5560,160,R,-36976,-87.52
5570,160,R,-37011,-87.50
5580,160,R,-37046,-87.49
5590,160,R,-37081,-87.52
5600,160,R,-37116,-87.47
5610,160,R,-37151,-87.54
5620,160,R,-37185,-84.99
5630,160,R,-37220,-87.48
5640,160,R,-37254,-85.02
5650,160,R,-37288,-85.00
5660,160,R,-37322,-85.00
5670,160,R,-37356,-85.01
5680,160,R,-37391,-87.48
5690,160,R,-37424,-82.49
5700,160,R,-37459,-87.53
5710,160,R,-37493,-84.97
5720,160,R,-37528,-87.52
5730,160,R,-37562,-85.01
5740,160,R,-37596,-84.97
5750,160,R,-37631,-87.50
5760,160,R,-37665,-85.01
5770,160,R,-37701,-90.02
5780,160,R,-37736,-87.47
5790,160,R,-37771,-87.51
5800,160,R,-37807,-90.02
5810,160,R,-37842,-87.49
5820,160,R,-37877,-87.49
5830,160,R,-37911,-85.00
5840,160,R,-37946,-87.50
5850,160,R,-37979,-82.52
5860,160,R,-38014,-87.47
5870,160,R,-38048,-85.01
5880,160,R,-38082,-85.01
5890,160,R,-38117,-87.51
5900,160,R,-38151,-84.98
5910,160,R,-38186,-87.52
5920,160,R,-38220,-85.00
5930,160,R,-38255,-87.50
5940,160,R,-38290,-87.47
5950,160,R,-38324,-85.03
5960,160,R,-38359,-87.48
5970,160,R,-38394,-87.47
5980,160,R,-38428,-85.03
5990,160,R,-38462,-85.00
6000,160,R,-38495,-82.52
6010,160,R,-38529,-84.99
6020,160,R,-38563,-85.01
6030,160,R,-38598,-87.49
6040,160,R,-38632,-84.98
6050,160,R,-38667,-87.50
6060,160,R,-38701,-85.00
6070,160,R,-38736,-87.53
6080,160,R,-38771,-87.47
6090,160,R,-38805,-85.02
6100,160,R,-38840,-87.51
6110,160,R,-38874,-84.97
6120,160,R,-38909,-87.51
6130,160,R,-38944,-87.52
6140,160,R,-38978,-84.99
6150,160,R,-39012,-84.99
6160,160,R,-39046,-85.01
6170,160,R,-39080,-85.02
6180,160,R,-39114,-84.99
6190,160,R,-39148,-85.01
6200,160,R,-39181,-82.48
6210,160,R,-39215,-85.02
6220,160,R,-39250,-87.49
6230,160,R,-39284,-85.00
6240,160,R,-39319,-87.50
6250,160,R,-39353,-84.99
6260,160,R,-39388,-87.49
6270,160,R,-39423,-87.53
6280,160,R,-39457,-85.00
6290,160,R,-39492,-87.49
6300,160,R,-39527,-87.50
6310,160,R,-39562,-87.50
6320,160,R,-39596,-84.99
6330,160,R,-39631,-87.51
6340,160,R,-39664,-82.48
6350,160,R,-39698,-84.99
6360,160,R,-39732,-85.01
6370,160,R,-39765,-82.51
6380,160,R,-39800,-87.49
6390,160,R,-39833,-82.51
6400,160,R,-39867,-84.99
6410,160,R,-39902,-87.49
6420,160,R,-39936,-85.00
6430,160,R,-39970,-85.03
6440,160,R,-40004,-84.98
6450,160,R,-40039,-87.52
6460,160,R,-40073,-85.00
6470,160,R,-40108,-87.47
6480,160,R,-40143,-87.53
6490,160,R,-40179,-89.98
6500,160,R,-40214,-87.52
6510,160,R,-40249,-87.47
6520,160,R,-40283,-85.00
6530,160,R,-40318,-87.52
6540,160,R,-40352,-85.01
6550,160,R,-40386,-84.99
6560,160,R,-40420,-84.98
6570,160,R,-40454,-85.01
6580,160,R,-40488,-85.02
6590,160,R,-40523,-87.49
6600,160,R,-40557,-84.96
6610,160,R,-40591,-85.03
6620,160,R,-40625,-85.00
6630,160,R,-40659,-85.03
6640,160,R,-40694,-87.47
6650,160,R,-40729,-87.50
6660,160,R,-40763,-85.03
6670,160,R,-40797,-84.97
6680,160,R,-40832,-87.53
6690,160,R,-40865,-82.49
6700,160,R,-40899,-84.98
6710,160,R,-40933,-85.03
6720,160,R,-40966,-82.50
6730,160,R,-41001,-87.48
6740,160,R,-41035,-84.99
6750,160,R,-41070,-87.49
6760,160,R,-41104,-85.03
6770,160,R,-41139,-87.50
6780,160,R,-41173,-84.98
6790,160,R,-41207,-85.01
6800,160,R,-41242,-87.50
6810,160,R,-41276,-84.98
6820,160,R,-41311,-87.52
6830,160,R,-41346,-87.49
6840,160,R,-41380,-85.00
6850,160,R,-41414,-85.00
6860,160,R,-41448,-85.02
6870,160,R,-41482,-85.00
6880,160,R,-41515,-82.49
6890,160,R,-41549,-85.01
6900,160,R,-41583,-85.00
6910,160,R,-41617,-84.96
6920,160,R,-41651,-85.04
6930,160,R,-41685,-84.97
6940,160,R,-41720,-87.52
6950,160,R,-41754,-85.00
6960,160,R,-41789,-87.50
6970,160,R,-41824,-87.50
6980,160,R,-41858,-85.01
6990,160,R,-41893,-87.49
7000,160,R,-41927,-85.01
7010,160,R,-41962,-87.49
7020,160,R,-41996,-85.00
7030,160,R,-42031,-87.51
7040,160,R,-42064,-82.48
7050,160,R,-42098,-85.02
7060,160,R,-42132,-84.99
7070,160,R,-42165,-82.48
7080,160,R,-42200,-87.52
7090,160,R,-42233,-82.49
7100,160,R,-42267,-84.99
7110,160,R,-42302,-87.50
7120,160,R,-42336,-85.00
7130,160,R,-42370,-85.01
7140,160,R,-42403,-82.51
7150,160,R,-42438,-87.50
7160,160,R,-42473,-87.49
7170,160,R,-42508,-87.51
7180,160,R,-42543,-87.51
7190,160,R,-42578,-87.48
7200,160,R,-42614,-90.00
7210,160,R,-42648,-85.02
7220,160,R,-42683,-87.48
7230,160,R,-42717,-84.99
7240,160,R,-42751,-85.03
7250,160,R,-42785,-84.99
7260,160,R,-42819,-85.01
7270,160,R,-42853,-84.97
7280,160,R,-42887,-85.02
7290,160,R,-42922,-87.50
7300,160,R,-42956,-85.00
7310,160,R,-42990,-85.01
7320,160,R,-43025,-87.45
7330,160,R,-43059,-85.05
7340,160,R,-43093,-85.00
7350,160,R,-43128,-87.50
7360,160,R,-43163,-87.48
7370,160,R,-43197,-84.99
7380,160,R,-43231,-85.00
7390,160,R,-43265,-85.03
7400,160,R,-43298,-82.50
7410,160,R,-43332,-85.00
7420,160,R,-43366,-85.00
7430,160,R,-43401,-87.49
7440,160,R,-43435,-84.99
7450,160,R,-43470,-87.49
7460,160,R,-43504,-85.01
7470,160,R,-43539,-87.50
7480,160,R,-43573,-85.02
7490,160,R,-43607,-84.97
7500,160,R,-43642,-87.50
7510,160,R,-43676,-85.03
7520,160,R,-43711,-87.47
7530,160,R,-43746,-87.52
7540,160,R,-43780,-85.01
7550,160,R,-43814,-85.00
7560,160,R,-43848,-84.97
7570,160,R,-43882,-85.02
7580,160,R,-43916,-85.00
7590,160,R,-43949,-82.51
7600,160,R,-43983,-84.98
7610,160,R,-44017,-85.02
7620,160,R,-44052,-87.49
7630,160,R,-44086,-84.98
7640,160,R,-44120,-84.99
7650,160,R,-44155,-87.54
7660,160,R,-44189,-85.00
7670,160,R,-44224,-87.48
7680,160,R,-44258,-85.02
7690,160,R,-44294,-89.98
7700,160,R,-44328,-85.02
7710,160,R,-44363,-87.49
7720,160,R,-44397,-84.99
7730,160,R,-44431,-85.02
7740,160,R,-44465,-84.97
7750,160,R,-44499,-85.03
7760,160,R,-44533,-84.97
7770,160,R,-44566,-82.52
7780,160,R,-44600,-84.97
7790,160,R,-44634,-85.03
7800,160,R,-44668,-85.01
7810,160,R,-44702,-84.99
7820,160,R,-44736,-85.00
7830,160,R,-44770,-84.99
7840,160,R,-44804,-84.99
7850,160,R,-44839,-87.51
7860,160,R,-44873,-85.00
7870,160,R,-44908,-87.48
7880,160,R,-44943,-87.51
7890,160,R,-44978,-87.53
7900,160,R,-45014,-90.00
7910,160,R,-45048,-85.00
7920,160,R,-45083,-87.49
7930,160,R,-45117,-85.01
7940,160,R,-45151,-84.99
7950,160,R,-45185,-85.01
7960,160,R,-45219,-84.99
7970,160,R,-45253,-85.01
7980,160,R,-45287,-84.98
7990,160,R,-45322,-87.51
8000,160,R,-45356,-85.00
=== END ===
# Trial 30 of 30: step_down_rev_240to160_run03
=== START step_down_rev_240to160_run03 ===
t_ms,pwm_cmd,dir,enc_count,rpm
0,240,R,0,0.00
10,240,R,-3,-7.50
20,240,R,-11,-20.00
30,240,R,-22,-27.50
40,240,R,-37,-37.51
50,240,R,-55,-44.98
60,240,R,-77,-55.01
70,240,R,-103,-65.01
80,240,R,-132,-72.50
90,240,R,-164,-80.00
100,240,R,-200,-89.99
110,240,R,-239,-97.51
120,240,R,-280,-102.49
130,240,R,-325,-112.50
140,240,R,-372,-117.49
150,240,R,-423,-127.50
160,240,R,-477,-135.03
170,240,R,-534,-142.50
180,240,R,-592,-144.96
190,240,R,-653,-152.55
200,240,R,-718,-162.50
210,240,R,-785,-167.48
220,240,R,-855,-175.02
230,240,R,-928,-182.50
240,240,R,-1004,-189.98
250,240,R,-1080,-190.02
260,240,R,-1157,-192.48
270,240,R,-1235,-194.96
280,240,R,-1313,-195.02
290,240,R,-1393,-200.04
300,240,R,-1473,-199.96
310,240,R,-1555,-205.04
320,240,R,-1638,-207.50
330,240,R,-1724,-215.00
340,240,R,-1807,-207.44
350,240,R,-1892,-212.52
360,240,R,-1977,-212.52
370,240,R,-2064,-217.46
380,240,R,-2153,-222.54
390,240,R,-2243,-224.96
400,240,R,-2332,-222.50
410,240,R,-2420,-220.02
420,240,R,-2510,-224.84
430,240,R,-2601,-227.66
440,240,R,-2687,-214.96
450,240,R,-2775,-220.02
460,240,R,-2864,-222.52
470,240,R,-2952,-220.02
480,240,R,-3039,-217.46
490,240,R,-3128,-222.57
500,240,R,-3219,-227.41
510,240,R,-3311,-230.02
520,240,R,-3404,-232.57
530,240,R,-3497,-232.48
540,240,R,-3589,-229.98
550,240,R,-3680,-227.45
560,240,R,-3771,-227.55
570,240,R,-3861,-224.98
580,240,R,-3953,-230.00
590,240,R,-4045,-230.05
600,240,R,-4137,-230.02
610,240,R,-4228,-227.41
620,240,R,-4319,-227.57
630,240,R,-4411,-229.95
640,240,R,-4504,-232.57
650,240,R,-4598,-234.93
660,240,R,-4692,-235.05
670,240,R,-4784,-230.00
680,240,R,-4876,-229.98
690,240,R,-4973,-242.50
700,240,R,-5061,-220.02
710,240,R,-5152,-227.43
720,240,R,-5243,-227.55
730,240,R,-5333,-224.96
740,240,R,-5423,-225.07
750,240,R,-5513,-225.02
760,240,R,-5606,-232.48
770,240,R,-5699,-232.50
780,240,R,-5794,-237.45
790,240,R,-5888,-235.07
800,240,R,-5982,-234.79
810,240,R,-6073,-227.68
820,240,R,-6166,-232.31
830,240,R,-6257,-227.70
840,240,R,-6349,-230.00
850,240,R,-6442,-232.41
860,240,R,-6535,-232.59
870,240,R,-6627,-229.98
880,240,R,-6718,-227.52
890,240,R,-6811,-232.45
900,240,R,-6904,-232.52
910,240,R,-7000,-239.98
920,240,R,-7094,-235.02
930,240,R,-7187,-232.45
940,240,R,-7279,-230.05
950,240,R,-7376,-242.48
960,240,R,-7464,-220.00
970,240,R,-7555,-227.52
980,240,R,-7647,-230.02
990,240,R,-7738,-227.45
1000,240,R,-7828,-224.98
1010,240,R,-7919,-227.57
1020,240,R,-8011,-229.95
1030,240,R,-8105,-234.95
1040,240,R,-8200,-237.55
1050,240,R,-8295,-237.52
1060,240,R,-8388,-232.50
1070,240,R,-8480,-229.98
1080,240,R,-8572,-230.05
1090,240,R,-8664,-229.95
1100,240,R,-8756,-229.98
1110,240,R,-8850,-235.05
1120,240,R,-8943,-232.48
1130,240,R,-9035,-229.98
1140,240,R,-9126,-227.57
1150,240,R,-9219,-232.50
1160,240,R,-9313,-234.93
1170,240,R,-9408,-237.52
1180,240,R,-9503,-237.50
1190,240,R,-9595,-229.95
1200,240,R,-9688,-232.43
1210,240,R,-9786,-245.10
1220,240,R,-9873,-217.43
1230,240,R,-9964,-227.64
1240,240,R,-10056,-229.95
1250,240,R,-10147,-227.48
1260,240,R,-10237,-225.02
1270,240,R,-10328,-227.52
1280,240,R,-10420,-230.00
1290,240,R,-10515,-237.50
1300,240,R,-10610,-237.43
1310,240,R,-10704,-235.05
1320,240,R,-10797,-232.52
1330,240,R,-10890,-232.52
1340,240,R,-10982,-230.00
1350,240,R,-11074,-229.95
1360,240,R,-11166,-230.02
1370,240,R,-11259,-232.48
1380,240,R,-11353,-234.98
1390,240,R,-11445,-230.05
1400,240,R,-11536,-227.50
1410,240,R,-11630,-235.00
1420,240,R,-11724,-235.00
1430,240,R,-11819,-237.52
1440,240,R,-11914,-237.43
1450,240,R,-12006,-229.86
1460,240,R,-12100,-235.21
1470,240,R,-12196,-239.78
1480,240,R,-12283,-217.70
1490,240,R,-12375,-230.00
1500,240,R,-12467,-229.93
1510,240,R,-12557,-225.05
1520,240,R,-12647,-225.02
1530,240,R,-12739,-229.93
1540,240,R,-12832,-232.52
1550,240,R,-12926,-235.02
1560,240,R,-13021,-237.50
1570,240,R,-13116,-237.50
1580,240,R,-13209,-232.45
1590,240,R,-13301,-230.00
1600,240,R,-13394,-232.57
1610,240,R,-13487,-232.50
1620,240,R,-13578,-227.43
1630,240,R,-13671,-232.57
1640,240,R,-13765,-235.00
1650,240,R,-13856,-227.43
1660,240,R,-13948,-230.05
1670,240,R,-14042,-235.02
1680,240,R,-14136,-235.00
1690,240,R,-14231,-237.48
1700,240,R,-14326,-237.52
1710,240,R,-14418,-229.95
1720,240,R,-14511,-232.50
1730,240,R,-14609,-245.02
1740,240,R,-14695,-215.02
1750,240,R,-14788,-232.43
1760,240,R,-14879,-227.50
1770,240,R,-14970,-227.55
1780,240,R,-15059,-222.48
1790,240,R,-15151,-230.02
1800,240,R,-15244,-232.52
1810,240,R,-15339,-237.43
1820,240,R,-15434,-237.57
1830,240,R,-15529,-237.50
1840,240,R,-15621,-229.98
1850,240,R,-15714,-232.52
1860,240,R,-15807,-232.48
1870,240,R,-15898,-227.48
1880,240,R,-15991,-232.50
1890,240,R,-16084,-232.48
1900,240,R,-16177,-232.57
1910,240,R,-16268,-227.43
1920,240,R,-16361,-232.45
1930,240,R,-16454,-232.55
1940,240,R,-16549,-237.50
1950,240,R,-16644,-237.55
1960,240,R,-16738,-235.02
1970,240,R,-16831,-232.50
1980,240,R,-16924,-232.43
1990,240,R,-17019,-237.50
2000,240,R,-17107,-220.00
2010,240,R,-17200,-232.48
2020,240,R,-17291,-227.55
2030,240,R,-17381,-225.02
2040,240,R,-17471,-225.00
2050,240,R,-17563,-229.93
2060,240,R,-17657,-235.02
2070,240,R,-17751,-235.00
2080,240,R,-17847,-240.05
2090,240,R,-17941,-234.95
2100,240,R,-18034,-232.57
2110,240,R,-18126,-230.00
2120,240,R,-18219,-232.48
2130,240,R,-18311,-229.95
2140,240,R,-18404,-232.45
2150,240,R,-18497,-232.62
2160,240,R,-18589,-229.95
2170,240,R,-18681,-230.00
2180,240,R,-18773,-229.98
2190,240,R,-18867,-235.07
2200,240,R,-18961,-235.00
2210,240,R,-19057,-239.93
2220,240,R,-19151,-235.05
2230,240,R,-19243,-229.98
2240,240,R,-19338,-237.50
2250,240,R,-19432,-234.98
2260,240,R,-19520,-220.04
2270,240,R,-19612,-230.02
2280,240,R,-19704,-229.98
2290,240,R,-19793,-222.48
2300,240,R,-19884,-227.50
2310,240,R,-19976,-229.95
2320,240,R,-20070,-235.00
2330,240,R,-20165,-237.52
2340,240,R,-20260,-237.55
2350,240,R,-20354,-234.98
2360,240,R,-20447,-232.45
2370,240,R,-20539,-230.05
2380,240,R,-20632,-232.45
2390,240,R,-20724,-230.05
2400,240,R,-20816,-230.00
2410,240,R,-20910,-234.98
2420,240,R,-21002,-230.02
2430,240,R,-21094,-230.00
2440,240,R,-21187,-232.43
2450,240,R,-21281,-234.91
2460,240,R,-21375,-235.12
2470,240,R,-21471,-240.10
2480,240,R,-21564,-232.43
2490,240,R,-21657,-232.38
2500,240,R,-21754,-242.62
2510,240,R,-21844,-225.00
2520,240,R,-21934,-225.02
2530,240,R,-22026,-230.05
2540,240,R,-22117,-227.45
2550,240,R,-22207,-225.02
2560,240,R,-22298,-227.45
2570,240,R,-22391,-232.48
2580,240,R,-22484,-232.52
2590,240,R,-22579,-237.55
2600,240,R,-22675,-239.83
2610,240,R,-22768,-232.64
2620,240,R,-22861,-232.48
2630,240,R,-22954,-232.52
2640,240,R,-23046,-230.05
2650,240,R,-23138,-229.95
2660,240,R,-23231,-232.48
2670,240,R,-23325,-235.05
2680,240,R,-23417,-230.02
2690,240,R,-23509,-229.95
2700,240,R,-23602,-232.52
2710,240,R,-23695,-232.45
2720,240,R,-23791,-239.86
2730,240,R,-23886,-237.62
2740,240,R,-23979,-232.50
2750,240,R,-24071,-230.02
2760,240,R,-24168,-242.52
2770,240,R,-24258,-225.05
2780,240,R,-24349,-227.43
2790,240,R,-24441,-229.95
2800,240,R,-24532,-227.55
2810,240,R,-24622,-225.07
2820,240,R,-24712,-225.00
2830,240,R,-24806,-234.93
2840,240,R,-24899,-232.48
2850,240,R,-24995,-240.00
2860,240,R,-25090,-237.60
2870,240,R,-25184,-234.98
2880,240,R,-25276,-229.98
2890,240,R,-25369,-232.55
2900,240,R,-25461,-229.98
2910,240,R,-25553,-229.95
2920,240,R,-25647,-235.05
2930,240,R,-25740,-232.48
2940,240,R,-25832,-230.02
2950,240,R,-25924,-229.93
2960,240,R,-26017,-232.52
2970,240,R,-26111,-235.00
2980,240,R,-26207,-240.07
2990,240,R,-26302,-237.43
3000,160,R,-26394,-230.07
3010,160,R,-26486,-229.95
3020,160,R,-26581,-237.48
3030,160,R,-26665,-210.06
3040,160,R,-26752,-217.48
3050,160,R,-26836,-209.98
3060,160,R,-26919,-207.48
3070,160,R,-26999,-200.06
3080,160,R,-27078,-197.48
3090,160,R,-27158,-199.92
3100,160,R,-27237,-197.58
3110,160,R,-27315,-194.98
3120,160,R,-27393,-195.04
3130,160,R,-27469,-189.98
3140,160,R,-27544,-187.52
3150,160,R,-27616,-180.00
3160,160,R,-27686,-174.93
3170,160,R,-27756,-175.07
3180,160,R,-27824,-169.95
3190,160,R,-27891,-167.50
3200,160,R,-27957,-164.98
3210,160,R,-28023,-165.05
3220,160,R,-28089,-164.98
3230,160,R,-28153,-160.00
3240,160,R,-28215,-154.98
3250,160,R,-28276,-152.50
3260,160,R,-28337,-152.52
3270,160,R,-28397,-150.00
3280,160,R,-28456,-147.53
3290,160,R,-28516,-149.96
3300,160,R,-28574,-145.04
3310,160,R,-28633,-147.50
3320,160,R,-28690,-142.46
3330,160,R,-28746,-140.01
3340,160,R,-28800,-134.99
3350,160,R,-28854,-135.01
3360,160,R,-28908,-135.01
3370,160,R,-28961,-132.50
3380,160,R,-29013,-129.99
3390,160,R,-29065,-129.97
3400,160,R,-29115,-125.05
3410,160,R,-29165,-125.00
3420,160,R,-29215,-124.99
3430,160,R,-29265,-124.96
3440,160,R,-29313,-120.00
3450,160,R,-29361,-120.00
3460,160,R,-29407,-115.03
3470,160,R,-29454,-117.50
3480,160,R,-29501,-117.49
3490,160,R,-29547,-114.99
3500,160,R,-29594,-117.52
3510,160,R,-29640,-114.98
3520,160,R,-29686,-115.00
3530,160,R,-29732,-114.99
3540,160,R,-29778,-115.01
3550,160,R,-29823,-112.51
3560,160,R,-29868,-112.49
3570,160,R,-29912,-110.00
3580,160,R,-29956,-110.02
3590,160,R,-29998,-104.99
3600,160,R,-30041,-107.52
3610,160,R,-30083,-104.98
3620,160,R,-30125,-104.99
3630,160,R,-30167,-105.02
3640,160,R,-30209,-105.00
3650,160,R,-30250,-102.51
3660,160,R,-30291,-102.50
3670,160,R,-30332,-102.48
3680,160,R,-30373,-102.51
3690,160,R,-30414,-102.48
3700,160,R,-30456,-105.01
3710,160,R,-30497,-102.51
3720,160,R,-30538,-102.48
3730,160,R,-30578,-100.03
3740,160,R,-30618,-100.00
3750,160,R,-30657,-97.50
3760,160,R,-30696,-97.50
3770,160,R,-30735,-97.48
3780,160,R,-30774,-97.52
3790,160,R,-30814,-99.99
3800,160,R,-30852,-94.99
3810,160,R,-30892,-99.98
3820,160,R,-30931,-97.54
3830,160,R,-30969,-94.96
3840,160,R,-31009,-100.01
3850,160,R,-31047,-95.00
3860,160,R,-31086,-97.50
3870,160,R,-31124,-95.01
3880,160,R,-31161,-92.50
3890,160,R,-31198,-92.50
3900,160,R,-31236,-95.02
3910,160,R,-31273,-92.46
3920,160,R,-31311,-95.01
3930,160,R,-31349,-95.01
3940,160,R,-31386,-92.48
3950,160,R,-31424,-95.01
3960,160,R,-31462,-95.01
3970,160,R,-31499,-92.44
3980,160,R,-31536,-92.56
3990,160,R,-31573,-92.52
4000,160,R,-31610,-92.47
4010,160,R,-31647,-92.53
4020,160,R,-31684,-92.47
4030,160,R,-31721,-92.50
4040,160,R,-31756,-87.53
4050,160,R,-31792,-89.99
4060,160,R,-31829,-92.48
4070,160,R,-31864,-87.52
4080,160,R,-31900,-90.00
4090,160,R,-31936,-89.98
4100,160,R,-31973,-92.52
4110,160,R,-32009,-90.01
4120,160,R,-32046,-92.49
4130,160,R,-32082,-90.00
4140,160,R,-32119,-92.50
4150,160,R,-32155,-89.98
4160,160,R,-32192,-92.53
4170,160,R,-32228,-89.96
4180,160,R,-32265,-92.45
4190,160,R,-32301,-90.08
4200,160,R,-32336,-87.47
4210,160,R,-32372,-90.02
4220,160,R,-32406,-84.99
4230,160,R,-32442,-89.99
4240,160,R,-32477,-87.52
4250,160,R,-32512,-87.48
4260,160,R,-32547,-87.50
4270,160,R,-32582,-87.50
4280,160,R,-32618,-89.99
4290,160,R,-32653,-87.52
4300,160,R,-32688,-87.49
4310,160,R,-32724,-90.00
4320,160,R,-32759,-87.50
4330,160,R,-32796,-92.50
4340,160,R,-32831,-87.51
4350,160,R,-32868,-92.52
4360,160,R,-32904,-90.00
4370,160,R,-32940,-89.97
4380,160,R,-32975,-87.52
4390,160,R,-33011,-89.95
4400,160,R,-33046,-87.54
4410,160,R,-33081,-87.50
4420,160,R,-33116,-87.52
4430,160,R,-33151,-87.48
4440,160,R,-33186,-87.50
4450,160,R,-33222,-89.99
4460,160,R,-33256,-85.02
4470,160,R,-33292,-89.98
4480,160,R,-33327,-87.52
4490,160,R,-33362,-87.52
4500,160,R,-33398,-89.96
4510,160,R,-33433,-87.54
4520,160,R,-33469,-89.92
4530,160,R,-33504,-87.58
4540,160,R,-33539,-87.50
4550,160,R,-33573,-84.97
4560,160,R,-33607,-85.03
4570,160,R,-33642,-87.49
4580,160,R,-33677,-87.48
4590,160,R,-33712,-87.49
4600,160,R,-33748,-90.01
4610,160,R,-33783,-87.51
4620,160,R,-33818,-87.48
4630,160,R,-33853,-87.53
4640,160,R,-33888,-87.51
4650,160,R,-33924,-89.92
4660,160,R,-33958,-85.07
4670,160,R,-33994,-90.01
4680,160,R,-34029,-87.50
4690,160,R,-34064,-87.48
4700,160,R,-34099,-87.50
4710,160,R,-34133,-85.02
4720,160,R,-34168,-87.47
4730,160,R,-34202,-85.02
4740,160,R,-34236,-85.02
4750,160,R,-34270,-85.00
4760,160,R,-34305,-87.50
4770,160,R,-34339,-85.00
4780,160,R,-34374,-87.49
4790,160,R,-34409,-87.50
4800,160,R,-34444,-87.49
4810,160,R,-34479,-87.49
4820,160,R,-34514,-87.52
4830,160,R,-34549,-87.51
4840,160,R,-34585,-89.97
4850,160,R,-34619,-85.03
4860,160,R,-34655,-89.99
4870,160,R,-34689,-85.00
4880,160,R,-34724,-87.50
4890,160,R,-34758,-84.99
4900,160,R,-34792,-85.02
4910,160,R,-34826,-84.98
4920,160,R,-34860,-85.01
4930,160,R,-34895,-87.50
4940,160,R,-34929,-85.01
4950,160,R,-34963,-85.00
4960,160,R,-34997,-85.00
4970,160,R,-35032,-87.50
4980,160,R,-35066,-84.98
4990,160,R,-35100,-85.02
5000,160,R,-35135,-87.48
5010,160,R,-35170,-87.52
5020,160,R,-35205,-87.48
5030,160,R,-35240,-87.51
5040,160,R,-35276,-89.98
5050,160,R,-35312,-90.01
5060,160,R,-35347,-87.51
5070,160,R,-35381,-84.98
5080,160,R,-35416,-87.53
5090,160,R,-35450,-84.97
5100,160,R,-35485,-87.50
5110,160,R,-35519,-85.00
5120,160,R,-35554,-87.53
5130,160,R,-35588,-85.00
5140,160,R,-35623,-87.48
5150,160,R,-35657,-84.98
5160,160,R,-35692,-87.51
5170,160,R,-35727,-87.53
5180,160,R,-35761,-84.97
5190,160,R,-35796,-87.53
5200,160,R,-35831,-87.48
5210,160,R,-35866,-87.51
5220,160,R,-35901,-87.51
5230,160,R,-35935,-85.00
5240,160,R,-35969,-85.00
5250,160,R,-36003,-84.97
5260,160,R,-36037,-84.99
5270,160,R,-36071,-85.03
5280,160,R,-36106,-87.49
5290,160,R,-36142,-89.98
5300,160,R,-36176,-85.03
5310,160,R,-36211,-87.49
5320,160,R,-36246,-87.51
5330,160,R,-36281,-87.49
5340,160,R,-36315,-84.99
5350,160,R,-36350,-87.50
5360,160,R,-36385,-87.51
5370,160,R,-36420,-87.49
5380,160,R,-36455,-87.50
5390,160,R,-36489,-85.01
5400,160,R,-36524,-87.49
5410,160,R,-36557,-82.52
5420,160,R,-36591,-84.97
5430,160,R,-36626,-87.51
5440,160,R,-36659,-82.50
5450,160,R,-36694,-87.52
5460,160,R,-36728,-85.01
5470,160,R,-36762,-84.98
5480,160,R,-36798,-89.98
5490,160,R,-36832,-85.02
5500,160,R,-36867,-87.52
5510,160,R,-36901,-85.00
5520,160,R,-36937,-90.00
5530,160,R,-36971,-84.99
5540,160,R,-37007,-89.98
5550,160,R,-37041,-85.02
5560,160,R,-37076,-87.51
5570,160,R,-37111,-87.48
5580,160,R,-37145,-85.01
5590,160,R,-37179,-84.97
5600,160,R,-37213,-85.03
5610,160,R,-37247,-84.99
5620,160,R,-37280,-82.50
5630,160,R,-37315,-87.51
5640,160,R,-37349,-84.99
5650,160,R,-37383,-85.00
5660,160,R,-37417,-85.00
5670,160,R,-37451,-85.01
5680,160,R,-37486,-87.51
5690,160,R,-37520,-84.99
5700,160,R,-37555,-87.50
5710,160,R,-37590,-87.48
5720,160,R,-37625,-87.50
5730,160,R,-37661,-90.03
5740,160,R,-37697,-89.97
5750,160,R,-37732,-87.49
5760,160,R,-37767,-87.54
5770,160,R,-37801,-85.00
5780,160,R,-37836,-87.49
5790,160,R,-37870,-84.97
5800,160,R,-37905,-87.54
5810,160,R,-37939,-84.99
5820,160,R,-37974,-87.49
5830,160,R,-38009,-87.49
5840,160,R,-38043,-85.03
5850,160,R,-38078,-87.48
5860,160,R,-38113,-87.49
5870,160,R,-38148,-87.49
5880,160,R,-38183,-87.52
5890,160,R,-38218,-87.48
5900,160,R,-38253,-87.54
5910,160,R,-38288,-87.50
5920,160,R,-38323,-87.50
5930,160,R,-38357,-84.99
5940,160,R,-38391,-84.99
5950,160,R,-38425,-85.02
5960,160,R,-38460,-87.50
5970,160,R,-38495,-87.49
5980,160,R,-38530,-87.49
5990,160,R,-38565,-87.50
6000,160,R,-38600,-87.52
6010,160,R,-38635,-87.47
6020,160,R,-38670,-87.51
6030,160,R,-38705,-87.52
6040,160,R,-38740,-87.49
6050,160,R,-38775,-87.50
6060,160,R,-38810,-87.51
6070,160,R,-38845,-87.50
6080,160,R,-38880,-87.50
6090,160,R,-38915,-87.47
6100,160,R,-38949,-85.01
6110,160,R,-38983,-85.03
6120,160,R,-39017,-84.99
6130,160,R,-39051,-85.00
6140,160,R,-39086,-87.51
6150,160,R,-39120,-85.00
6160,160,R,-39155,-87.49
6170,160,R,-39190,-87.48
6180,160,R,-39225,-87.45
6190,160,R,-39260,-87.54
6200,160,R,-39294,-85.01
6210,160,R,-39330,-90.01
6220,160,R,-39365,-87.51
6230,160,R,-39400,-87.49
6240,160,R,-39435,-87.51
6250,160,R,-39470,-87.48
6260,160,R,-39505,-87.53
6270,160,R,-39539,-84.98
6280,160,R,-39573,-85.00
6290,160,R,-39607,-84.98
6300,160,R,-39642,-87.52
6310,160,R,-39675,-82.52
6320,160,R,-39710,-87.50
6330,160,R,-39744,-85.00
6340,160,R,-39778,-84.97
6350,160,R,-39813,-87.52
6360,160,R,-39847,-85.00
6370,160,R,-39881,-84.99
6380,160,R,-39916,-87.50
6390,160,R,-39951,-87.47
6400,160,R,-39986,-87.53
6410,160,R,-40021,-87.50
6420,160,R,-40057,-89.96
6430,160,R,-40092,-87.54
6440,160,R,-40128,-89.99
6450,160,R,-40162,-85.03
6460,160,R,-40197,-87.47
6470,160,R,-40231,-85.03
6480,160,R,-40265,-84.99
6490,160,R,-40300,-87.50
6500,160,R,-40335,-87.43
6510,160,R,-40369,-85.03
6520,160,R,-40404,-87.53
6530,160,R,-40438,-85.01
6540,160,R,-40473,-87.49
6550,160,R,-40507,-85.01
6560,160,R,-40542,-87.47
6570,160,R,-40577,-87.54
6580,160,R,-40612,-87.47
6590,160,R,-40647,-87.51
6600,160,R,-40682,-87.52
6610,160,R,-40717,-87.45
6620,160,R,-40751,-85.04
6630,160,R,-40785,-84.99
6640,160,R,-40819,-85.00
6650,160,R,-40853,-84.99
6660,160,R,-40888,-87.51
6670,160,R,-40923,-87.52
6680,160,R,-40958,-87.48
6690,160,R,-40992,-85.02
6700,160,R,-41028,-89.99
6710,160,R,-41063,-87.51
6720,160,R,-41097,-84.97
6730,160,R,-41132,-87.53
6740,160,R,-41167,-87.50
6750,160,R,-41202,-87.49
6760,160,R,-41237,-87.49
6770,160,R,-41272,-87.51
6780,160,R,-41307,-87.47
6790,160,R,-41341,-85.01
6800,160,R,-41375,-85.00
6810,160,R,-41409,-85.03
6820,160,R,-41443,-84.99
6830,160,R,-41477,-84.98
6840,160,R,-41512,-87.52
6850,160,R,-41547,-87.48
6860,160,R,-41581,-85.03
6870,160,R,-41616,-87.49
6880,160,R,-41651,-87.49
6890,160,R,-41686,-87.49
6900,160,R,-41721,-87.51
6910,160,R,-41756,-87.49
6920,160,R,-41791,-87.52
6930,160,R,-41826,-87.51
6940,160,R,-41861,-87.49
6950,160,R,-41896,-87.49
6960,160,R,-41931,-87.51
6970,160,R,-41965,-84.99
6980,160,R,-41998,-82.52
6990,160,R,-42033,-87.47
7000,160,R,-42066,-82.52
7010,160,R,-42101,-87.47
7020,160,R,-42135,-85.02
7030,160,R,-42169,-84.99
7040,160,R,-42204,-87.53
7050,160,R,-42238,-84.97
7060,160,R,-42272,-85.01
7070,160,R,-42306,-85.00
7080,160,R,-42342,-90.02
7090,160,R,-42376,-84.98
7100,160,R,-42412,-90.00
7110,160,R,-42447,-87.49
7120,160,R,-42483,-90.01
7130,160,R,-42518,-87.48
7140,160,R,-42553,-87.52
7150,160,R,-42588,-87.52
7160,160,R,-42622,-85.00
7170,160,R,-42656,-84.97
7180,160,R,-42691,-87.53
7190,160,R,-42725,-84.98
7200,160,R,-42760,-87.51
7210,160,R,-42794,-85.00
7220,160,R,-42829,-87.49
7230,160,R,-42864,-87.49
7240,160,R,-42898,-85.01
7250,160,R,-42933,-87.51
7260,160,R,-42968,-87.51
7270,160,R,-43003,-87.48
7280,160,R,-43038,-87.49
7290,160,R,-43072,-85.01
7300,160,R,-43107,-87.51
7310,160,R,-43141,-84.97
7320,160,R,-43175,-85.03
7330,160,R,-43209,-84.98
7340,160,R,-43244,-87.49
7350,160,R,-43278,-85.03
7360,160,R,-43313,-87.50
7370,160,R,-43348,-87.49
7380,160,R,-43382,-85.00
7390,160,R,-43417,-87.51
7400,160,R,-43453,-89.96
7410,160,R,-43487,-85.03
7420,160,R,-43522,-87.50
7430,160,R,-43556,-84.98
7440,160,R,-43592,-90.00
7450,160,R,-43626,-85.03
7460,160,R,-43661,-87.48
7470,160,R,-43695,-85.02
7480,160,R,-43730,-87.49
7490,160,R,-43764,-84.98
7500,160,R,-43798,-85.03
7510,160,R,-43832,-84.97
7520,160,R,-43865,-82.51
7530,160,R,-43900,-87.53
7540,160,R,-43935,-87.47
7550,160,R,-43969,-85.00
7560,160,R,-44004,-87.50
7570,160,R,-44039,-87.50
7580,160,R,-44073,-85.00
7590,160,R,-44109,-89.95
7600,160,R,-44144,-87.53
7610,160,R,-44179,-87.54
7620,160,R,-44213,-85.00
7630,160,R,-44249,-89.97
7640,160,R,-44283,-85.03
7650,160,R,-44318,-87.51
7660,160,R,-44352,-85.00
7670,160,R,-44386,-84.97
7680,160,R,-44420,-85.01
7690,160,R,-44454,-85.00
7700,160,R,-44488,-85.00
7710,160,R,-44522,-84.98
7720,160,R,-44556,-85.03
7730,160,R,-44591,-87.47
7740,160,R,-44625,-85.01
7750,160,R,-44659,-85.02
7760,160,R,-44694,-87.50
7770,160,R,-44728,-84.97
7780,160,R,-44763,-87.53
7790,160,R,-44799,-89.97
7800,160,R,-44834,-87.52
7810,160,R,-44869,-87.49
7820,160,R,-44905,-90.00
7830,160,R,-44940,-87.49
7840,160,R,-44975,-87.53
7850,160,R,-45009,-84.99
7860,160,R,-45044,-87.48
7870,160,R,-45078,-85.03
7880,160,R,-45112,-84.99
7890,160,R,-45147,-87.49
7900,160,R,-45181,-85.00
7910,160,R,-45216,-87.51
7920,160,R,-45251,-87.49
7930,160,R,-45285,-84.99
7940,160,R,-45320,-87.51
7950,160,R,-45355,-87.50
7960,160,R,-45390,-87.52
7970,160,R,-45425,-87.49
7980,160,R,-45460,-87.49
7990,160,R,-45495,-87.52
8000,160,R,-45529,-85.00
=== END ===
# === SEQUENCE COMPLETE ===
